QT_VOTOS_NOMINAIS,NM_MUNICIPIO,SG_UF
0.09621451104100946,GUAJARA MIRIM,RO
0.2154371387756707,PORTO VELHO,RO
0.27522054852067457,JI PARANA,RO
0.546028580923895,ARIQUEMES,RO
0.6006193887446429,CACOAL,RO
0.17697946245790133,PIMENTA BUENO,RO
0.6019531092369154,VILHENA,RO
0.2089903125126667,JARU,RO
0.11537447952353344,OURO PRETO DO OESTE,RO
0.5250833333333333,PRESIDENTE MEDICI,RO
0.3675949367088608,COSTA MARQUES,RO
0.6185441236274909,COLORADO DO OESTE,RO
0.17185113736837876,ESPIGAO D OESTE,RO
0.531969013758816,CEREJEIRAS,RO
0.5019492203118753,ROLIM DE MOURA,RO
0.12870034578729864,ALTA FLORESTA DO OESTE,RO
0.5720477975632615,ALVORADA DO OESTE,RO
0.25046108447067505,SANTA LUZIA DO OESTE,RO
0.6225722406442444,NOVA BRASILANDIA,RO
0.4722732677548373,MACHADINHO DO OESTE,RO
0.4648950626604258,SAO MIGUEL DO GUAPORE,RO
0.422627587620414,NOVA MAMORE,RO
0.5084850354828756,CABIXI,RO
0.33234740521645606,CANDEIAS DO JAMARI,RO
0.6697121973503883,ITAPUA DO OESTE,RO
0.5591754095343272,NOVO HORIZONTE DO OESTE,RO
0.7474402730375427,CASTANHEIRAS,RO
0.12071816678478621,VALE DO PARAISO,RO
0.5334957369062119,URUPA,RO
0.30887898525882757,MIRANTE DA SERRA,RO
0.42503639010189226,SERINGUEIRAS,RO
0.4688494770350159,THEOBROMA,RO
0.6707399864222675,MINISTRO ANDREAZZA,RO
0.4408978583196046,GOVERNADOR JORGE TEIXEIRA,RO
0.5054505813953488,CACAULANDIA,RO
0.7250230840258541,ALTO PARAISO,RO
0.49536178107606677,RIO CRESPO,RO
0.501757231684239,CORUMBIARA,RO
0.6760398359695372,MONTE NEGRO,RO
0.6540807435376126,CAMPO NOVO DE RONDONIA,RO
0.6007962359753891,CUJUBIM,RO
0.5661337209302325,VALE DO ANARI,RO
0.34780361757105943,PARECIS,RO
0.45366006911718504,SAO FELIPE D OESTE,RO
0.36539306104523495,PRIMAVERA DE RONDONIA,RO
0.4194528875379939,ALTO ALEGRE DOS PARECIS,RO
0.23411562678878076,NOVA UNIAO,RO
0.2015059160989602,TEIXEIROPOLIS,RO
0.552442996742671,BURITIS,RO
0.504364694471387,PIMENTEIRAS DO OESTE,RO
0.42703074804956404,SAO FRANCISCO DO GUAPORE,RO
0.7077515647568609,CHUPINGUAIA,RO
0.5472972972972973,BUJARI,AC
0.2993716337522442,CAPIXABA,AC
0.43169522091974755,PORTO ACRE,AC
0.19525547445255476,SANTA ROSA,AC
0.40171858216971,MARECHAL THAUMATURGO,AC
0.09159014016433059,BRASILEIA,AC
0.5752961082910322,PORTO WALTER,AC
0.4912389453673857,CRUZEIRO DO SUL,AC
0.4789410348977136,RODRIGUES ALVES,AC
0.6687649229433471,MANCIO LIMA,AC
0.418932527693857,JORDAO,AC
0.1772062293534686,EPITACIOLANDIA,AC
0.38309308575616907,ACRELANDIA,AC
0.06842105263157895,FEIJO,AC
0.37372885241391957,RIO BRANCO,AC
0.09175766114829165,SENA MADUREIRA,AC
0.35818300369484896,TARAUACA,AC
0.2394535958216151,XAPURI,AC
0.32225856429678085,PLACIDO DE CASTRO,AC
0.42938451356717405,SENADOR GUIOMARD,AC
0.23849579416130628,MANUEL URBANO,AC
0.2619485294117647,ASSIS BRASIL,AC
0.8259375894646436,APUI,AM
0.5143833665622329,NOVO AYRAO,AM
0.6966192170818505,GUAJARA,AM
0.884087442806304,ANORI,AM
0.7123004953219593,CAREIRO DA VARZEA,AM
0.9331983805668016,ATALAIA DO NORTE,AM
0.6581880162580307,AUTAZES,AM
0.8729798695775447,BARCELOS,AM
0.4762349799732977,BARREIRINHA,AM
0.7572960838114243,BENJAMIN CONSTANT,AM
0.8861209964412812,BOCA DO ACRE,AM
0.7613490638625289,BORBA,AM
0.917401764234162,CANUTAMA,AM
0.897322067879135,CARAUARI,AM
0.7429228163561578,CAREIRO,AM
0.795124716553288,COARI,AM
0.8285176953325355,CODAJAS,AM
0.9063425276609007,EIRUNEPE,AM
0.9033687943262412,ENVIRA,AM
0.9116825041922862,FONTE BOA,AM
0.9409029950827,HUMAITA,AM
0.7460664335664335,SANTA ISABEL DO RIO NEGRO,AM
0.9453100158982511,IPIXUNA,AM
0.6148572147439929,ITACOATIARA,AM
0.7656093489148581,ITAPIRANGA,AM
0.8634097706879362,JAPURA,AM
0.955005055611729,JURUA,AM
0.8602058319039451,JUTAI,AM
0.7700416768815886,LABREA,AM
0.6969865039748567,MANACAPURU,AM
0.46380507697764295,MANAUS,AM
0.9196274246207029,MANICORE,AM
0.9179166666666667,MARAA,AM
0.9183119614627858,MAUES,AM
0.9511082138200783,NHAMUNDA,AM
0.8457640538400634,NOVA OLINDA DO NORTE,AM
0.8200564358584762,NOVO ARIPUANA,AM
0.6103369732699135,PARINTINS,AM
0.8749237339841367,PAUINI,AM
0.9566055930568949,SANTO ANTONIO DO ICA,AM
0.8656955054183691,SAO PAULO DE OLIVENCA,AM
0.5482217238064723,SILVES,AM
0.9585916191420779,TAPAUA,AM
0.8085050009935749,TEFE,AM
0.7979334098737084,SAO GABRIEL DA CACHOEIRA,AM
0.7240676584471164,URUCARA,AM
0.6844799344799345,URUCURITUBA,AM
0.8483701979045402,ALVARAES,AM
0.9357848518111965,AMATURA,AM
0.9119338605319913,ANAMA,AM
0.47735659174773565,BERURI,AM
0.9350180505415162,BOA VISTA DE RAMOS,AM
0.714231785579464,CAAPIRANGA,AM
0.3491104397448808,CAROEBE,RR
0.3022887463372139,BOA VISTA,RR
0.4324420677361854,IRACEMA,RR
0.38372610048910627,CARACARAI,RR
0.4807111707480711,AMAJARI,RR
0.357203461734261,ALTO ALEGRE,RR
0.2767306995288148,CANTA,RR
0.31203111975548764,BONFIM,RR
0.47322421738439535,RORAINOPOLIS,RR
0.3971119133574007,MUCAJAI,RR
0.3315824031516743,UIRAMUTA,RR
0.26165113182423433,NORMANDIA,RR
0.29273084479371314,PACARAIMA,RR
0.45927997203774906,SAO JOAO DA BALIZA,RR
0.4827693262961813,SAO LUIZ DO ANAUA,RR
0.6995640110978993,GOIANESIA DO PARA,PA
0.4556323220186242,ABAETETUBA,PA
0.8597843988621051,TAILANDIA,PA
0.5917764816014978,ACARA,PA
0.6092057761732852,BOM JESUS DO TOCANTINS,PA
0.4731663685152057,AFUA,PA
0.6561625681048446,SAO JOAO DE PIRABAS,PA
0.5215873191819542,ALENQUER,PA
0.6887179487179487,TUCUMA,PA
0.2863316110850164,ALMERIM,PA
0.37011033099297896,MAE DO RIO,PA
0.4589538943917908,ALTAMIRA,PA
0.46590038314176246,ELDORADO DO CARAJAS,PA
0.7174649250120948,ANAJAS,PA
0.3851970335902283,SANTA LUZIA DO PARA,PA
0.4389167875609121,ANANINDEUA,PA
0.4836261980830671,PALESTINA DO PARA,PA
0.25907272996593095,AUGUSTO CORREA,PA
0.6956095968663294,IPIXUNA DO PARA,PA
0.29481018740989906,AVEIRO,PA
0.24873439082011475,JACAREACANGA,PA
0.4258007640317367,BAGRE,PA
0.39514931529450587,BRASIL NOVO,PA
0.7051991150442478,BAIAO,PA
0.3519061583577713,SANTA BARBARA DO PARA,PA
0.32376245095079986,BARCARENA,PA
0.7224155069582505,AGUA AZUL DO NORTE,PA
0.3975913869333824,BELEM,PA
0.147396293027361,TRAIRAO,PA
0.3062244434348024,BENEVIDES,PA
0.39769736842105263,PAU D ARCO,PA
0.30860299921073403,BONITO,PA
0.735582154515778,ULIANOPOLIS,PA
0.3026429435135602,BRAGANCA,PA
0.5021325459317585,AURORA DO PARA,PA
0.37799093496363445,BREVES,PA
0.44385931916494265,TERRA SANTA,PA
0.26371365880416897,BUJARU,PA
0.3463298189775214,NOVO PROGRESSO,PA
0.5556846232031364,CACHOEIRA DO ARARI,PA
0.4969589457678662,VITORIA DO XINGU,PA
0.600510244338655,CAMETA,PA
0.9318535562022061,NOVO REPARTIMENTO,PA
0.4184548523534205,CAPANEMA,PA
0.5287824758023434,BREU BRANCO,PA
0.14927847712618975,CAPITAO POCO,PA
0.4166422930681486,SAO DOMINGOS DO ARAGUAIA,PA
0.4003677398420882,CASTANHAL,PA
0.5524353876739563,NOVA ESPERANCA DO PIRIA,PA
0.6497916666666667,CHAVES,PA
0.4587289992695398,ABEL FIGUEIREDO,PA
0.6038331929233361,COLARES,PA
0.2262555942317255,CUMARU DO NORTE,PA
0.763547104151131,CONCEICAO DO ARAGUAIA,PA
0.5552946701103545,TERRA ALTA,PA
0.3384393584429627,CURRALINHO,PA
0.47902952792928344,FLORESTA DO ARAGUAIA,PA
0.2727058823529412,CURUCA,PA
0.3462800875273523,BANNACH,PA
0.6817397307559544,FARO,PA
0.47598810029749256,NOVA IPIXUNA,PA
0.6372857642532354,GURUPA,PA
0.36978178368121445,PLACAS,PA
0.44246575342465755,IGARAPE ACU,PA
0.4225457260171706,MARITUBA,PA
0.4882551131780003,IGARAPE-MIRI,PA
0.4202605570530099,TRACUATEUA,PA
0.4461924304605563,INHANGAPI,PA
0.24024390243902438,QUATIPURU,PA
0.38363486842105265,IRITUIA,PA
0.7314666054624742,CANAA DOS CARAJAS,PA
0.3191470483851887,ITAITUBA,PA
0.6507543903042295,ANAPU,PA
0.45738133378298623,ITUPIRANGA,PA
0.7347167694896243,CURUA,PA
0.5973493403066682,JACUNDA,PA
0.3039305301645338,CACHOEIRA DO PIRIA,PA
0.4459707845603173,JURUTI,PA
0.4723458359821996,PICARRA,PA
0.7200053029298688,LIMOEIRO DO AJURU,PA
0.26125170480375814,BELTERRA,PA
0.6651420317766009,MAGALHAES BARATA,PA
0.2677103718199609,SAO JOAO DA PONTA,PA
0.5464479965403104,MARABA,PA
0.5157421289355323,SAPUCAIA,PA
0.46583388484447386,MARACANA,PA
0.5738803230543319,MARAPANIM,PA
0.3002321382512252,MELGACO,PA
0.46807109940750496,MOCAJUBA,PA
0.34726705401334196,MOJU,PA
0.34788846908030036,MONTE ALEGRE,PA
0.4960413807663887,MUANA,PA
0.27528568991983626,NOVA TIMBOTEUA,PA
0.44158065467413743,OBIDOS,PA
0.5174708818635607,OEIRAS DO PARA,PA
0.44395917165570714,ORIXIMINA,PA
0.45837275307473985,OUREM,PA
0.36738463957236067,PARAGOMINAS,PA
0.323413674372848,PEIXE-BOI,PA
0.5689548546691404,PONTA DE PEDRAS,PA
0.27088908712459114,PORTEL,PA
0.436302934457916,PORTO DE MOZ,PA
0.3716709875088381,PRAINHA,PA
0.28639663737103555,PRIMAVERA,PA
0.6063446286950253,SALINOPOLIS,PA
0.48109911054637866,SALVATERRA,PA
0.5718432510885341,SANTA CRUZ DO ARARI,PA
0.3531901216049713,SANTA IZABEL DO PARA,PA
0.5163749597337056,SANTA MARIA DO PARA,PA
0.5584972637183848,SANTANA DO ARAGUAIA,PA
0.20421701431207995,SANTAREM,PA
0.28933717579250723,SANTAREM NOVO,PA
0.31799879202738074,SANTO ANTONIO DO TAUA,PA
0.27614823293747315,SAO CAETANO DE ODIVELAS,PA
0.37566772048402924,SAO DOMINGOS DO CAPIM,PA
0.7704659949622166,SAO FELIX DO XINGU,PA
0.27237221939208694,SAO FRANCISCO DO PARA,PA
0.6578366445916115,SAO JOAO DO ARAGUAIA,PA
0.502740599107712,SAO MIGUEL DO GUAMA,PA
0.603641456582633,SAO SEBASTIAO DA BOA VISTA,PA
0.4315089204717266,SENADOR JOSE PORFIRIO,PA
0.5266732391280534,SOURE,PA
0.27537376929621976,TOME ACU,PA
0.8228526260319691,TUCURUI,PA
0.3944387229660144,VIGIA,PA
0.3455990914253265,VIZEU,PA
0.3862009424799453,REDENCAO,PA
0.5943998912600245,RIO MARIA,PA
0.48186451946516956,XINGUARA,PA
0.5753364859949073,RONDON DO PARA,PA
0.517542328504102,URUARA,PA
0.5173136167590882,MEDICILANDIA,PA
0.31626860876084395,SAO GERALDO DO ARAGUAIA,PA
0.39360100376411544,CONCORDIA DO PARA,PA
0.4591567637961908,PARAUAPEBAS,PA
0.5385279250400691,CURIONOPOLIS,PA
0.16016282987085906,GARRAFAO DO NORTE,PA
0.28593528425937864,RUROPOLIS,PA
0.5248144712430427,PACAJA,PA
0.5503333333333333,BREJO GRANDE DO ARAGUAIA,PA
0.7148040638606676,OURILANDIA DO NORTE,PA
0.7033970638443154,DOM ELISEU,PA
0.5,SANTA MARIA DAS BARREIRAS,PA
0.8592436974789915,PRACUUBA,AP
0.7498461538461538,AMAPA,AP
0.6385390428211587,PORTO GRANDE,AP
0.7519430051813472,CALCOENE,AP
0.7124183006535948,ITAUBAL,AP
0.5525684395630598,MACAPA,AP
0.7281134401972873,CUTIAS,AP
0.5180743243243243,MAZAGAO,AP
0.712280701754386,AMAPARI,AP
0.7672396359959555,OIAPOQUE,AP
0.4978813559322034,SERRA DO NAVIO,AP
0.5751601774273041,FERREIRA GOMES,AP
0.28358948934060485,VITORIA DO JARI,AP
0.38895810621398536,LARANJAL DO JARI,AP
0.37384196185286106,SANTANA,AP
0.6247987117552335,TARTARUGALZINHO,AP
0.8699319727891156,AGUA DOCE,MA
0.8844688954718578,AFONSO CUNHA,MA
0.3466149506346968,ALTO ALEGRE DO MARANHAO,MA
0.7386719863208892,ALCANTARA,MA
0.07351077313054499,ALTO ALEGRE DO PINDARE,MA
0.8541927409261577,ALDEIAS ALTAS,MA
0.7135775268521068,APICUM ACU,MA
0.7140198511166254,ALTAMIRA DO MARANHAO,MA
0.9269282814614344,AMAPA DO MARANHAO,MA
0.35767511177347244,ALTO PARNAIBA,MA
0.21271742229826063,ARAGUANA,MA
0.21299603174603174,AMARANTE DO MARANHAO,MA
0.5928223305272485,BACABEIRA,MA
0.5707521198105936,ANAJATUBA,MA
0.7923728813559322,BACURITUBA,MA
0.7456276719782355,ANAPURUS,MA
0.9047227926078029,BELAGUA,MA
0.81832865765536,ARAIOSES,MA
0.6735464384596023,BELA VISTA,MA
0.44028633562885106,ARARI,MA
0.8965378421900161,BERNARDO DO MEARIM,MA
0.7005730659025788,AXIXA,MA
0.6261208576998051,CACHOEIRA GRANDE,MA
0.43002347821107484,BACABAL,MA
0.22238934250107434,DAVINOPOLIS,MA
0.6088391710984778,BACURI,MA
0.4948671989571452,BOM JESUS DAS SELVAS,MA
0.042296209173979915,BALSAS,MA
0.8658343242172017,BOM LUGAR,MA
0.6526723239541462,BARAO DE GRAJAU,MA
0.8033459595959596,BREJO DE AREIA,MA
0.2592964450394169,BARRA DO CORDA,MA
0.6644869215291751,BOA VISTA DO GURUPI,MA
0.7302904564315352,BARREIRINHAS,MA
0.4195222569698583,BURITICUPU,MA
0.8887945670628183,BENEDITO LEITE,MA
0.12122264675234456,BURITIRANA,MA
0.7669879804831607,BEQUIMAO,MA
0.12914066250600095,CAMPESTRE DO MARANHAO,MA
0.6163673724649334,BREJO,MA
0.45674300254452926,CAPINZAL DO NORTE,MA
0.8980876588668488,BURITI,MA
0.8270676691729323,CENTRAL DO MARANHAO,MA
0.6650187065740246,BURITI BRAVO,MA
0.6870719178082192,CENTRO DO GUILHERME,MA
0.4970245795601552,CAJAPIO,MA
0.6137525562372188,CENTRO NOVO DO MARANHAO,MA
0.4704758873149769,CAJARI,MA
0.3756727664155005,CIDELANDIA,MA
0.7729048295454546,CANDIDO MENDES,MA
0.5070195627157652,CONCEICAO DO LAGO ACU,MA
0.9228295819935691,CANTANHEDE,MA
0.5870206489675516,FEIRA NOVA DO MARANHAO,MA
0.29042437431991297,CAROLINA,MA
0.5079510703363914,FERNANDO FALCAO,MA
0.8988954970263382,CARUTAPERA,MA
0.3424404652021414,FORMOSA DA SERRA NEGRA,MA
0.503920522188924,CAXIAS,MA
0.7077672391694437,CEDRAL,MA
0.1953634387829027,GOVERNADOR EDSON LOBAO,MA
0.4826695988908543,CHAPADINHA,MA
0.8466019417475729,GOVERNADOR LUIZ ROCHA,MA
0.3094831025246481,CODO,MA
0.8058307387489386,GOVERNADOR NEWTON BELLO,MA
0.8980985196528841,COELHO NETO,MA
0.7034071550255536,GOVERNADOR NUNES FREIRE,MA
0.8754538852578069,COLINAS,MA
0.3941306405806248,IGARAPE DO MEIO,MA
0.2585909003647533,COROATA,MA
0.18436984039625756,ITAIPAVA DO GRAJAU,MA
0.642998678996037,CURURUPU,MA
0.5545018007202881,ITINGA DO MARANHAO,MA
0.8464516129032258,DOM PEDRO,MA
0.8482039397450754,JATOBA,MA
0.9505805299196189,DUQUE BACELAR,MA
0.2622847543049139,JENIPAPO DOS VIEIRAS,MA
0.7750237031017202,ESPERANTINOPOLIS,MA
0.8550458715596331,JUNCO DO MARANHAO,MA
0.18717776283344542,FORTALEZA DOS NOGUEIRAS,MA
0.9598272138228942,LAGO DOS RODRIGUES,MA
0.8951486697965572,FORTUNA,MA
0.9566692769511876,LAGOA DO MATO,MA
0.9363008442056792,GODOFREDO VIANA,MA
0.7850553505535055,LAGOA GRANDE DO MARANHAO,MA
0.8117775695095283,GONCALVES DIAS,MA
0.0626996805111821,LAJEADO NOVO,MA
0.47199170124481327,GOVERNADOR ARCHER,MA
0.7885061574156702,MARACACUME,MA
0.8728694605975537,GOVERNADOR EUGENIO BARROS,MA
0.7478441867380315,MARAJA DO SENA,MA
0.42970737913486007,GRACA ARANHA,MA
0.9067629678266579,MARANHAOZINHO,MA
0.19448818897637796,GRAJAU,MA
0.728826433725788,MATOES DO NORTE,MA
0.6932270916334662,GUIMARAES,MA
0.8997955010224948,MILAGRES DO MARANHAO,MA
0.6338079591091639,HUMBERTO DE CAMPOS,MA
0.42725880551301687,NOVA COLINAS,MA
0.7146126972653897,ICATU,MA
0.6945927903871829,NOVA OLINDA DO MARANHAO,MA
0.6076823478636167,IGARAPE GRANDE,MA
0.7929954441913439,OLINDA NOVA DO MARANHAO,MA
0.22591926785422456,IMPERATRIZ,MA
0.7447988904299584,PAULINO NEVES,MA
0.755284643775864,SAO LUIS GONZAGA DO MARANHAO,MA
0.713076923076923,PEDRO DO ROSARIO,MA
0.31664866162525507,ITAPECURU MIRIM,MA
0.31539920675978617,PERITORO,MA
0.21225426604131326,JOAO LISBOA,MA
0.48052362707535123,PORTO RICO DO MARANHAO,MA
0.4338919925512104,JOSELANDIA,MA
0.8184132371658889,PRESIDENTE MEDICI,MA
0.5282071533340855,LAGO DA PEDRA,MA
0.8370211753509398,PRESIDENTE SARNEY,MA
0.8552223371251293,LAGO DO JUNCO,MA
0.6291797283176593,RAPOSA,MA
0.8088043275508301,LAGO VERDE,MA
0.071499176276771,RIBAMAR FIQUENE,MA
0.5648073836276083,LIMA CAMPOS,MA
0.27788498649170207,SANTA FILOMENA DO MARANHAO,MA
0.5871180842279108,LORETO,MA
0.8826626551335088,SANTANA DO MARANHAO,MA
0.9038013964313422,LUIS DOMINGUES DO MARANHAO,MA
0.8662715794898223,SANTO AMARO DO MARANHAO,MA
0.9157951676884241,MAGALHAES DE ALMEIDA,MA
0.9384667114996638,SAO DOMINGOS DO AZEITAO,MA
0.8344961869219536,MATA ROMA,MA
0.2544881889763779,SAO FRANCISCO DO BREJAO,MA
0.7173131738753253,MATINHA,MA
0.6837294332723949,SAO JOAO DO CARU,MA
0.3067553851358972,MATOES,MA
0.07718951014349332,SAO JOAO DO PARAISO,MA
0.8715176715176716,MIRADOR,MA
0.5059957173447538,SAO JOAO DO SOTER,MA
0.5459247000413736,MIRINZAL,MA
0.9143722466960352,SAO JOSE DOS BASILIOS,MA
0.6476744186046511,MONCAO,MA
0.37339380196523053,SAO PEDRO DA AGUA BRANCA,MA
0.30753234750462105,MONTES ALTOS,MA
0.10570824524312897,SAO PEDRO DOS CRENTES,MA
0.7161975988978547,MORROS,MA
0.737984496124031,SAO RAIMUNDO DA DOCA BEZERRA,MA
0.5309304703476483,NINA RODRIGUES,MA
0.9157801418439716,SAO ROBERTO,MA
0.9249178789300798,NOVA IORQUE,MA
0.9389481426995219,SATUBINHA,MA
0.838692461641094,OLHO D AGUA DAS CUNHAS,MA
0.40572867485048786,SENADOR ALEXANDRE COSTA,MA
0.3661882113130627,PACO DO LUMIAR,MA
0.19430485762144054,SENADOR LA ROQUE,MA
0.7585901784397582,PALMEIRANDIA,MA
0.5184,SERRANO DO MARANHAO,MA
0.9197585209407622,PARAIBANO,MA
0.9444705882352942,SUCUPIRA DO RIACHAO,MA
0.6889090909090909,PARNARAMA,MA
0.7076902783273974,TRIZIDELA DO VALE,MA
0.9061018020866266,PASSAGEM FRANCA,MA
0.7991507430997877,TUFILANDIA,MA
0.7710323574730354,PASTOS BONS,MA
0.8077298457934804,TURILANDIA,MA
0.3767358977510139,PEDREIRAS,MA
0.18462897526501768,VILA NOVA DOS MARTIRIOS,MA
0.22209954136232377,PENALVA,MA
0.7354564755838641,PERI MIRIM,MA
0.3336,PINDARE MIRIM,MA
0.4798729654624851,PINHEIRO,MA
0.7470705284103472,PIO XII,MA
0.9085814921549792,PIRAPEMAS,MA
0.8313754282917278,POCAO DE PEDRAS,MA
0.07550179449687625,PORTO FRANCO,MA
0.6510726458597875,PRESIDENTE DUTRA,MA
0.7602760276027603,PRESIDENTE JUSCELINO,MA
0.49463135289906945,PRESIDENTE VARGAS,MA
0.8429591174561972,PRIMEIRA CRUZ,MA
0.2118183154490666,RIACHAO,MA
0.5066611157368859,SAO JOSE DE RIBAMAR,MA
0.6284714119019836,ROSARIO,MA
0.22338884866039102,SAMBAIBA,MA
0.868299711815562,SANTA HELENA,MA
0.3932746617627742,SANTA LUZIA,MA
0.7305205479452055,SANTA QUITERIA DO MARANHAO,MA
0.5446343779677113,SANTA RITA,MA
0.3859876743431722,SANTO ANTONIO DOS LOPES,MA
0.6611955770559779,SAO BENEDITO DO RIO PRETO,MA
0.49063850216034566,SAO BENTO,MA
0.7643529411764706,SAO BERNARDO,MA
0.9146476176448929,SAO DOMINGOS DO MARANHAO,MA
0.42150744119059047,SAO FELIX DE BALSAS,MA
0.9072263295969473,SAO FRANCISCO DO MARANHAO,MA
0.8198903680501175,SAO JOAO BATISTA,MA
0.6919431279620853,SAO JOAO DOS PATOS,MA
0.3467083504204769,SAO LUIS,MA
0.6140151207218926,SAO MATEUS DO MARANHAO,MA
0.2724288840262582,SAO RAIMUNDO DAS MANGABEIRAS,MA
0.6208212486643261,SAO VICENTE FERRER,MA
0.6160555884092254,SITIO NOVO,MA
0.5290979631425801,SUCUPIRA DO NORTE,MA
0.702256244963739,TASSO FRAGOSO,MA
0.5130131473034613,TIMBIRAS,MA
0.8600190423295117,TIMON,MA
0.4203912608881908,TUNTUM,MA
0.6014372005832118,TURIACU,MA
0.8858302882663419,TUTOIA,MA
0.8354082033809461,URBANO SANTOS,MA
0.6977494555134307,VARGEM GRANDE,MA
0.2606060606060606,VIANA,MA
0.30187823246529355,VITORIA DO MEARIM,MA
0.7566970205994165,VITORINO FREIRE,MA
0.42061700526711815,BOM JARDIM,MA
0.20888607426171588,SANTA INES,MA
0.7891774891774892,PAULO RAMOS,MA
0.18677195340501793,ACAILANDIA,MA
0.30230046441300357,ESTREITO,MA
0.6235509456985967,SANTA LUZIA DO PARUA,MA
0.6751562861773559,ARAME,MA
0.6716248989490703,MIRANDA DO NORTE,MA
0.588954218140979,ZE DOCA,MA
0.3902657509704389,BRASILEIRA,PI
0.37464160560688115,AGRICOLANDIA,PI
0.39848914069877245,ALEGRETE DO PIAUI,PI
0.6312408759124087,AGUA BRANCA,PI
0.8333333333333334,BAIXA GRANDE DO RIBEIRO,PI
0.6564169193012849,ALTO LONGA,PI
0.39108600125549275,BOM PRINCIPIO DO PIAUI,PI
0.3652230543796809,ALTOS,PI
0.7732001664585935,BONFIM DO PIAUI,PI
0.5029309885424993,AMARANTE,PI
0.11716372489348752,BURITI DOS MONTES,PI
0.3408138101109741,ANGICAL DO PIAUI,PI
0.4036186499652053,CABECEIRAS DO PIAUI,PI
0.6320555387865983,ANISIO DE ABREU,PI
0.371996996996997,CALDEIRAO GRANDE DO PIAUI,PI
0.5945646145313367,ANTONIO ALMEIDA,PI
0.8915412558380903,CANAVIEIRA,PI
0.06115992970123023,AROAZES,PI
0.3494408945686901,COIVARAS,PI
0.6276190476190476,ARRAIAL,PI
0.578591325109431,COLONIA DO GURGUEIA,PI
0.8574450084602369,AVELINO LOPES,PI
0.6889113582743512,COLONIA DO PIAUI,PI
0.5493925925925925,BARRAS,PI
0.7897853441894893,CORONEL JOSE DIAS,PI
0.27785326086956524,BARREIRAS DO PIAUI,PI
0.7726063829787234,FARTURA DO PIAUI,PI
0.22479484173505276,BARRO DURO,PI
0.8350680544435548,JACOBINA DO PIAUI,PI
0.7027892951375802,BATALHA,PI
0.3101145038167939,JARDIM DO MULATO,PI
0.359984770607272,BENEDITINOS,PI
0.14060676779463244,LAGOA ALEGRE,PI
0.22478829869130101,BERTOLINIA,PI
0.22007912957467854,LAGOA DO BARRO DO PIAUI,PI
0.48831092928112213,BOCAINA,PI
0.37865168539325844,MARCOLANDIA,PI
0.5450662739322533,BOM JESUS,PI
0.5715811965811965,PATOS DO PIAUI,PI
0.3850502512562814,BURITI DOS LOPES,PI
0.3458333333333333,PASSAGEM FRANCA DO PIAUI,PI
0.5891385767790263,CAMPINAS DO PIAUI,PI
0.011124121779859485,QUEIMADA NOVA,PI
0.2716427921237963,CAMPO MAIOR,PI
0.05385556915544676,SANTA CRUZ DOS MILAGRES,PI
0.7590030867726077,CANTO DO BURITI,PI
0.8138211382113821,SANTA ROSA DO PIAUI,PI
0.4291790727350064,CAPITAO DE CAMPOS,PI
0.08667805294619983,SANTANA DO PIAUI,PI
0.7442552041092187,CARACOL,PI
0.8344793713163065,SAO BRAZ DO PIAUI,PI
0.16952547890321773,CASTELO DO PIAUI,PI
0.6779339156855299,SAO JOSE DO DIVINO,PI
0.3137574768896139,COCAL,PI
0.6014676113360324,SIGEFREDO PACHECO,PI
0.36823802163833075,CONCEICAO DO CANINDE,PI
0.7936445664966654,SAO LOURENCO DO PIAUI,PI
0.7501296008294454,CORRENTE,PI
0.6736077481840194,VARZEA BRANCA,PI
0.842,CRISTALANDIA DO PIAUI,PI
0.8870320855614974,BARRA D ALCANTARA,PI
0.7347333517546284,CRISTINO CASTRO,PI
0.2764277035236938,BELA VISTA DO PIAUI,PI
0.4155759162303665,CURIMATA,PI
0.8873797396717601,BREJO DO PIAUI,PI
0.1753711790393013,DEMERVAL LOBAO,PI
0.47920927062031354,BOA HORA,PI
0.4538632573652029,DOM EXPEDITO LOPES,PI
0.8949489521762494,DOM INOCENCIO,PI
0.18510246978455072,ELESBAO VELOSO,PI
0.8214480130647795,CAPITAO GERVASIO OLIVEIRA,PI
0.6463860933211345,ELISEU MARTINS,PI
0.6040609137055838,CAMPO GRANDE DO PIAUI,PI
0.602820290048787,ESPERANTINA,PI
0.256978289765175,CAMPO LARGO DO PIAUI,PI
0.32310315430520037,FLORES DO PIAUI,PI
0.7837017771998266,CURRAIS,PI
0.3006922976444464,FLORIANO,PI
0.6117136659436009,GEMINIANO,PI
0.6149383611312546,FRANCINOPOLIS,PI
0.8749168330006654,GUARIBAS,PI
0.6103685702713649,FRANCISCO AYRES,PI
0.6327970646344906,ILHA GRANDE,PI
0.8498109130199892,FRANCISCO SANTOS,PI
0.6041869522882181,JUREMA,PI
0.5485447678293712,FRONTEIRAS,PI
0.22716535433070867,LAGOA DE SAO FRANCISCO,PI
0.6317790167257983,GILBUES,PI
0.8678552700576823,MORRO CABECA NO TEMPO,PI
0.8089456869009585,GUADALUPE,PI
0.3998272884283247,NOVO SANTO ANTONIO,PI
0.4542190305206463,HUGO NAPOLEAO,PI
0.2865755627009646,NOSSA SENHORA DE NAZARE,PI
0.10856604957640414,INHUMA,PI
0.9163529903805939,PAQUETA,PI
0.4564075630252101,IPIRANGA DO PIAUI,PI
0.509794319294809,NOVA SANTA RITA,PI
0.44473684210526315,ISAIAS COELHO,PI
0.8980335032774945,SAO JOAO DO ARRAIAL,PI
0.5292244286249531,ITAINOPOLIS,PI
0.8228571428571428,ITAUEIRA,PI
0.5254341478407868,JAICOS,PI
0.7767672591980157,JERUMENHA,PI
0.5285423979309071,JOAQUIM PIRES,PI
0.33480565371024734,SAO JOAO DA CANABRAVA,PI
0.392375327203168,JOSE DE FREITAS,PI
0.7384321223709369,LANDRI SALES,PI
0.3763683193818416,LUIS CORREIA,PI
0.8094765074004172,LUZILANDIA,PI
0.6117546117546118,MANOEL EMIDIO,PI
0.42928709055876685,MARCOS PARENTE,PI
0.4251748251748252,MATIAS OLIMPIO,PI
0.42517999610819224,MIGUEL ALVES,PI
0.7769110764430577,MIGUEL LEAO,PI
0.10578609000584453,MONSENHOR GIL,PI
0.5174752217005738,MONSENHOR HIPOLITO,PI
0.20438989851309888,MONTE ALEGRE DO PIAUI,PI
0.6944033165531537,NAZARE DO PIAUI,PI
0.3933333333333333,NOSSA SENHORA DOS REMEDIOS,PI
0.49983090970578287,NOVO ORIENTE DO PIAUI,PI
0.9015639374425023,OEIRAS,PI
0.43453009503695883,DOMINGOS MOURAO,PI
0.6203208556149733,PADRE MARCOS,PI
0.2254475084663764,PAES LANDIM,PI
0.639197267292912,PALMEIRA DO PIAUI,PI
0.24721941354903942,PALMEIRAIS,PI
0.19844573966139328,PARNAGUA,PI
0.39182948490230907,PARNAIBA,PI
0.5320197044334976,PAULISTANA,PI
0.1612225405921681,PEDRO II,PI
0.5919018687995078,PICOS,PI
0.6504065040650406,PIMENTEIRAS,PI
0.7219237656689691,PIO IX,PI
0.5649072753209701,PIRACURUCA,PI
0.47796535847401883,PIRIPIRI,PI
0.06881511994184637,PORTO,PI
0.13094034378159758,PRATA DO PIAUI,PI
0.6474109548039509,REDENCAO DO GURGUEIA,PI
0.3508059054584857,REGENERACAO,PI
0.894661921708185,RIBEIRO GONCALVES,PI
0.5631127450980392,RIO GRANDE DO PIAUI,PI
0.4581440622972096,SANTA CRUZ DO PIAUI,PI
0.2618816682832202,SANTA FILOMENA,PI
0.8644226273959794,SANTA LUZ,PI
0.5417232021709634,SANTO ANTONIO DE LISBOA,PI
0.6564540431943747,SANTO INACIO DO PIAUI,PI
0.1049534085335949,SAO FELIX DO PIAUI,PI
0.8602576808721506,SAO FRANCISCO DO PIAUI,PI
0.04711647191858274,SAO GONCALO DO PIAUI,PI
0.06001714775650186,SAO JOAO DA SERRA,PI
0.7770142818647265,SAO JOAO DO PIAUI,PI
0.35118250780901383,SAO JOAO DA FRONTEIRA,PI
0.5597620335316387,SAO JOSE DO PEIXE,PI
0.8965,SAO JOAO DA VARJOTA,PI
0.7966529838964319,SAO JOSE DO PIAUI,PI
0.33938053097345133,SEBASTIAO BARROS,PI
0.34664814171587355,SAO JULIAO,PI
0.8132214060860441,SEBASTIAO LEAL,PI
0.24492508458192364,SAO MIGUEL DO TAPUIO,PI
0.716743119266055,ALVORADA DO GURGUEIA,PI
0.5488295537673739,SAO PEDRO DO PIAUI,PI
0.11331133113311331,ASSUNCAO DO PIAUI,PI
0.7258196721311475,SAO RAIMUNDO NONATO,PI
0.14728958630527816,BETANIA DO PIAUI,PI
0.3707383930101079,SIMOES,PI
0.4159928122192273,BOQUEIRAO DO PIAUI,PI
0.4458480401263236,SIMPLICIO MENDES,PI
0.5380811078140455,CARIDADE DO PIAUI,PI
0.7065820777160984,SOCORRO DO PIAUI,PI
0.699252801992528,CURRAL NOVO DO PIAUI,PI
0.18908789169937626,TERESINA,PI
0.7047227926078029,JULIO BORGES,PI
0.3045260261139411,UNIAO,PI
0.19661458333333334,LAGOA DO SITIO,PI
0.8036775106082037,URUCUI,PI
0.14261517615176153,MILTON BRANDAO,PI
0.5641025641025641,VALENCA DO PIAUI,PI
0.8780336029869322,PAJEU DO PIAUI,PI
0.8693446088794926,VARZEA GRANDE,PI
0.950796626054358,PAVUSSU,PI
0.8200851667849539,DIRCEU ARCOVERDE,PI
0.21174205967276227,RIACHO FRIO,PI
0.2789041095890411,ALAGOINHA,PI
0.5765860497721697,ACAUA,PI
0.8161865569272977,BELEM DO PIAUI,PI
0.8145057766367138,CAJAZEIRAS DO PIAUI,PI
0.373677528565383,CAMPO ALEGRE DO FIDALGO,PI
0.35525024533856725,COCAL DE TELHA,PI
0.2940156114483955,FRANCISCO MACEDO,PI
0.9253897550111359,JOAO COSTA,PI
0.5736434108527132,JATOBA DO PIAUI,PI
0.8916001877053027,JOCA MARQUES,PI
0.06619593998234775,JUAZEIRO DO PIAUI,PI
0.32457580733442803,LAGOA DO PIAUI,PI
0.13764044943820225,LAGOINHA DO PIAUI,PI
0.9205359925210346,MADEIRO,PI
0.6121659634317862,MORRO DO CHAPEU DO PIAUI,PI
0.6810287241148965,MASSAPE DO PIAUI,PI
0.33161157024793386,MURICI DOS PORTELAS,PI
0.17231434751261715,OLHO DAGUA DO PIAUI,PI
0.7683369644153958,PEDRO LAURENTINO,PI
0.27754891864057674,SAO FRANCISCO DE ASSIS DO PIAUI,PI
0.5321008403361345,SUSSUAPARA,PI
0.8066825775656324,TANQUE DO PIAUI,PI
0.903708523096942,TAMBORIL DO PIAUI,PI
0.8847413228552717,VILA NOVA DO PIAUI,PI
0.5337883959044368,VERA MENDES,PI
0.7898886827458256,WALL FERRAZ,PI
0.722394540942928,CAJUEIRO DA PRAIA,PI
0.09126984126984126,CURRALINHOS,PI
0.15594541910331383,PORTO ALEGRE DO PIAUI,PI
0.7466937945066124,RIBEIRA DO PIAUI,PI
0.8247619047619048,SAO GONCALO DO GURGUEIA,PI
0.31068648266100496,SAO LUIS DO PIAUI,PI
0.7156028368794326,FLORESTA DO PIAUI,PI
0.1542056074766355,SANTO ANTONIO DOS MILAGRES,PI
0.022870662460567823,SAO MIGUEL DA BAIXA GRANDE,PI
0.2552910052910053,CARAUBAS DO PIAUI,PI
0.4979253112033195,CAXINGO,PI
0.18151969981238275,COCAL DOS ALVES,PI
0.5743348982785602,SAO MIGUEL DO FIDALGO,PI
0.658183632734531,PAU DARCO DO PIAUI,PI
0.8757327080890973,AROEIRAS DO ITAIM,PI
0.5204865556978233,JIJOCA DE JERICOACOARA,CE
0.24295461287451794,ABAIARA,CE
0.4619656681252104,MADALENA,CE
0.5346058091286308,ACARAU,CE
0.7286498353457739,PIRES FERREIRA,CE
0.2874389457192885,ACOPIARA,CE
0.7309535613948108,GRACA,CE
0.10747028862478777,AIUABA,CE
0.31930613556055254,TURURU,CE
0.8547717842323651,ALCANTARAS,CE
0.09580511251911733,QUITERIANOPOLIS,CE
0.7493036211699164,ALTANEIRA,CE
0.44905226881102817,BARREIRA,CE
0.2795191722458917,ALTO SANTO,CE
0.6067726330338632,ACARAPE,CE
0.3530154720555731,ANTONINA DO NORTE,CE
0.795751633986928,CHOROZINHO,CE
0.3793385723641126,APUIARES,CE
0.47094302135812105,HORIZONTE,CE
0.3924306904102797,AQUIRAZ,CE
0.9195241427571729,ERERE,CE
0.36652871184687014,ARACATI,CE
0.4720900043271311,EUZEBIO,CE
0.43045234248788367,ARACOIABA,CE
0.21953049630185442,GUAIUBA,CE
0.8014961950212821,ARARIPE,CE
0.7084976694155611,POTIRETAMA,CE
0.8189194172966993,ARATUBA,CE
0.7267175572519083,PINDORETAMA,CE
0.0899830220713073,ARNEIROZ,CE
0.40380473797559224,OCARA,CE
0.7841105354058722,ASSARE,CE
0.7945540518506441,TEJUSSUOCA,CE
0.3517870852170946,AURORA,CE
0.06786542923433875,IPAPORANGA,CE
0.8276094276094276,BAIXIO,CE
0.7741843971631206,TARRAFAS,CE
0.6767117671176712,BARBALHA,CE
0.3412234421788108,BANABUIU,CE
0.8873059749096321,BARRO,CE
0.24089595375722545,BARROQUINHA,CE
0.4509471303364433,BATURITE,CE
0.38890010090817356,ARARENDA,CE
0.6279456900587838,BEBERIBE,CE
0.701929783771216,SENADOR CATUNDA,CE
0.6311673803760939,BELA CRUZ,CE
0.4670509125840538,CHORO,CE
0.2284642416183873,BOA VIAGEM,CE
0.5970669110907424,ITAITINGA,CE
0.330945969174354,BREJO SANTO,CE
0.3628418837999676,FORTIM,CE
0.24968817850048505,CAMOCIM,CE
0.9089504682823212,CAMPOS SALES,CE
0.3585532597486919,CANINDE,CE
0.13572395128552098,CAPISTRANO,CE
0.7484839734334392,CARIDADE,CE
0.26181613085166383,CARIRE,CE
0.812636787515463,CARIRIACU,CE
0.8251890983311322,CARIUS,CE
0.5859709153122327,CARNAUBAL,CE
0.5285657370517929,CASCAVEL,CE
0.0584385226741468,CATARINA,CE
0.5761970667938265,CAUCAIA,CE
0.2526143790849673,CEDRO,CE
0.7678663681763389,CHAVAL,CE
0.6763419058798421,COREAU,CE
0.34522267609843577,CRATEUS,CE
0.20077876739918543,CRATO,CE
0.6673256452498627,FARIAS BRITO,CE
0.48618170084387435,FORTALEZA,CE
0.5515397381523142,FRECHEIRINHA,CE
0.3272370999346832,GENERAL SAMPAIO,CE
0.7177706448789029,GRANJA,CE
0.8720781980450488,GRANGEIRO,CE
0.8036027020265198,GROAIRAS,CE
0.08785584069555462,GUARACIABA DO NORTE,CE
0.7217459080280593,GUARAMIRANGA,CE
0.47494217424826524,HIDROLANDIA,CE
0.5002449779519843,IBARETAMA,CE
0.8099349497338852,IBIAPINA,CE
0.3893252615042722,ICO,CE
0.28644831426546524,IGUATU,CE
0.2696729274611399,INDEPENDENCIA,CE
0.5622294372294372,IPAUMIRIM,CE
0.18665662461557772,IPU,CE
0.1393939393939394,IPUEIRAS,CE
0.3391497461928934,IRACEMA,CE
0.6946114708603145,IRAUCUBA,CE
0.4592851384036549,ITAICABA,CE
0.5364820672277918,ITAPAGE,CE
0.4337619072406434,ITAPIPOCA,CE
0.1132216945763559,ITAPIUNA,CE
0.21325318448547304,ITATIRA,CE
0.3006753016716484,JAGUARETAMA,CE
0.24936762225969647,JAGUARIBARA,CE
0.20750897812602023,JAGUARIBE,CE
0.493232872889633,JAGUARUANA,CE
0.7104031677465803,JARDIM,CE
0.8021360314783587,JATI,CE
0.5168446392198013,JUAZEIRO DO NORTE,CE
0.8624129689286085,JUCAS,CE
0.4141562937320468,LAVRAS DA MANGABEIRA,CE
0.731754733854349,LIMOEIRO DO NORTE,CE
0.4294674826684273,MARANGUAPE,CE
0.797611819469743,MARCO,CE
0.9043674698795181,MARTINOPOLE,CE
0.6929957671112531,MASSAPE,CE
0.5191983517512643,MAURITI,CE
0.5183763027975864,MERUOCA,CE
0.270841220564852,MILAGRES,CE
0.603915933177654,MIRAIMA,CE
0.8709479653613303,MISSAO VELHA,CE
0.541783446776869,MOMBACA,CE
0.6321506154960174,MONSENHOR TABOSA,CE
0.43427780785658426,MORADA NOVA,CE
0.9203319502074688,MORAUJO,CE
0.5930623867460523,MORRINHOS,CE
0.9158384097467137,MUCAMBO,CE
0.4010669253152279,MULUNGU,CE
0.8939716312056738,NOVA OLINDA,CE
0.178117048346056,NOVA RUSSAS,CE
0.8331083686849209,NOVO ORIENTE,CE
0.7855432780847146,OROS,CE
0.5077951002227171,PACAJUS,CE
0.6411052631578947,PACATUBA,CE
0.16354698430705236,PACOTI,CE
0.7738791423001949,PACUJA,CE
0.4385201305767138,PALHANO,CE
0.4029658284977434,PALMACIA,CE
0.3072962754404312,PARACURU,CE
0.41761148904006046,PARAMBU,CE
0.3127231723360271,PARAMOTI,CE
0.5855022170811645,PEDRA BRANCA,CE
0.5105277549904293,PENAFORTE,CE
0.7614154518014258,PENTECOSTE,CE
0.47221823402727925,PEREIRO,CE
0.5813953488372093,PIQUET CARNEIRO,CE
0.1260137242669994,PORANGA,CE
0.6115726570470776,PORTEIRAS,CE
0.9041769041769042,POTENGI,CE
0.25796641544360704,QUIXADA,CE
0.41506320093019766,QUIXERAMOBIM,CE
0.6573265405143135,QUIXERE,CE
0.3224268332785268,REDENCAO,CE
0.41184437330706725,RERIUTABA,CE
0.29829577948072744,RUSSAS,CE
0.8573918094684868,SABOEIRO,CE
0.11723749912089458,SANTANA DO ACARAU,CE
0.8590001547748026,SANTANA DO CARIRI,CE
0.9789047517579373,SALITRE,CE
0.1766083175381871,SANTA QUITERIA,CE
0.7072879330943848,SAO BENEDITO,CE
0.7206336022781206,SAO GONCALO DO AMARANTE,CE
0.33686396677050884,SAO JOAO DO JAGUARIBE,CE
0.58140625,SAO LUIS DO CURU,CE
0.13480066445182723,SENADOR POMPEU,CE
0.48987719880517755,SENADOR SA,CE
0.6277854073450583,SOBRAL,CE
0.3652781122080424,SOLONOPOLE,CE
0.514403005844698,TABULEIRO DO NORTE,CE
0.5816353768128837,TAMBORIL,CE
0.23092542987989284,TAUA,CE
0.49593910985287976,TIANGUA,CE
0.4835700884481372,TRAIRI,CE
0.7248710757260473,UBAJARA,CE
0.7633942397026944,UMARI,CE
0.8939248856261305,URUBURETAMA,CE
0.8809393773894046,URUOCA,CE
0.5407147041593439,VARZEA ALEGRE,CE
0.6202684434144458,VICOSA DO CEARA,CE
0.5214786419868916,MARACANAU,CE
0.7314715359828142,AMONTADA,CE
0.700950082943749,CROATA,CE
0.6325142160844841,CRUZ,CE
0.7027060422587421,FORQUILHA,CE
0.8177037686240141,IBICUITINGA,CE
0.05837369360183533,ICAPUI,CE
0.43425858290723157,ITAREMA,CE
0.03411675511751327,MILHA,CE
0.383955383955384,DEP IRAPUAN PINHEIRO,CE
0.8025224907391074,PARAIPABA,CE
0.14172240802675584,TENENTE LAURENTINO CRUZ,RN
0.1693191140278917,ACARI,RN
0.7599785695151353,SERRA DO MEL,RN
0.5043260473588342,ASSU,RN
0.7351369405477622,CAICARA DO NORTE,RN
0.6863169280692266,AFONSO BEZERRA,RN
0.5437656305823508,SAO MIGUEL DE TOUROS,RN
0.6413793103448275,AGUA NOVA,RN
0.5622736138200056,ITAJA,RN
0.5866685067623516,ALEXANDRIA,RN
0.3219223173140224,BODO,RN
0.2822906940553999,ALMINO AFONSO,RN
0.7532530120481927,TRIUNFO POTIGUAR,RN
0.3953538862353452,ALTO DO RODRIGUES,RN
0.8888888888888888,FERNANDO PEDROSA,RN
0.5464414957780458,ANGICOS,RN
0.8669778296382731,MAJOR SALES,RN
0.8462321792260692,ANTONIO MARTINS,RN
0.09954751131221719,VENHA VER,RN
0.6786555872504031,APODI,RN
0.2976391231028668,SERRINHA DOS PINTOS,RN
0.7467913167485343,AREIA BRANCA,RN
0.605624591236102,TIBAU,RN
0.5332879278052103,ARES,RN
0.5496966868875408,SANTA MARIA,RN
0.6043052837573386,CAMPO GRANDE,RN
0.5061074918566775,RIO DO FOGO,RN
0.11898173768677366,BAIA FORMOSA,RN
0.8632264529058116,PORTO DO MANGUE,RN
0.2830820770519263,BARCELONA,RN
0.1697674418604651,JUNDIA,RN
0.19388105878308698,BENTO FERNANDES,RN
0.5505218743060182,BOM JESUS,RN
0.5199138858988159,BREJINHO,RN
0.16245136186770429,CAICARA DO RIO DO VENTO,RN
0.0519897089779144,CAICO,RN
0.1497326203208556,CAMPO REDONDO,RN
0.48027972027972027,CANGUARETAMA,RN
0.7029332223840233,CARAUBAS,RN
0.2283464566929134,CARNAUBA DOS DANTAS,RN
0.8486326054695781,CARNAUBAIS,RN
0.2186317089691995,CEARA MIRIM,RN
0.2659215520877267,CERRO-CORA,RN
0.07000391083300743,CORONEL EZEQUIEL,RN
0.26591107236268524,CORONEL JOAO PESSOA,RN
0.2155096660808436,CRUZETA,RN
0.20623371515658032,CURRAIS NOVOS,RN
0.8073229291716687,DOUTOR SEVERIANO,RN
0.7474665585731658,ENCANTO,RN
0.09181713407606608,EQUADOR,RN
0.39474975466143275,ESPIRITO SANTO,RN
0.23630103295622232,EXTREMOZ,RN
0.8880266075388027,FELIPE GUERRA,RN
0.12864745824922005,FLORANIA,RN
0.3972451790633609,FRANCISCO DANTAS,RN
0.02847571189279732,GALINHOS,RN
0.5747533247533247,GOIANINHA,RN
0.7126196692776328,GOVERNADOR DIX-SEPT ROSADO,RN
0.6216216216216216,GROSSOS,RN
0.06186783546864464,GUAMARE,RN
0.16379519534093667,IELMO MARINHO,RN
0.7478343046149,IPANGUACU,RN
0.2155504234026174,IPUEIRA,RN
0.4291249596383597,ITAU,RN
0.04,JACANA,RN
0.4604039756332158,JANDAIRA,RN
0.8159489633173844,JANDUIS,RN
0.0989769820971867,BOA SAUDE,RN
0.023767082590612002,JAPI,RN
0.19727488151658767,JARDIM DE ANGICOS,RN
0.13377926421404682,JARDIM DE PIRANHAS,RN
0.30126277811184604,JARDIM DO SERIDO,RN
0.3867444091814894,JOAO CAMARA,RN
0.8642424242424243,JOAO DIAS,RN
0.7717492984097287,JOSE DA PENHA,RN
0.048909657320872275,JUCURUTU,RN
0.8661852166525064,MESSIAS TARGINO,RN
0.6637540453074434,LAGOA D ANTA,RN
0.30628608082103914,LAGOA DE PEDRAS,RN
0.29192938209331654,LAGOA DE VELHOS,RN
0.07742034785285516,LAGOA NOVA,RN
0.26219063954913013,LAGOA SALGADA,RN
0.7580925861468848,LAJES,RN
0.35950577919489834,LAJES PINTADAS,RN
0.8325434439178515,LUCRECIA,RN
0.3040089086859688,LUIS GOMES,RN
0.34355469628164204,MACAIBA,RN
0.653951367781155,MACAU,RN
0.7345579793340987,MARCELINO VIEIRA,RN
0.4670437776684702,MARTINS,RN
0.6893119861531805,MAXARANGUAPE,RN
0.5612514134941575,FRUTUOSO GOMES,RN
0.11468085106382979,MONTANHAS,RN
0.35968379446640314,MONTE ALEGRE,RN
0.38751926040061635,MONTE DAS GAMELEIRAS,RN
0.7132610874467552,MOSSORO,RN
0.25871029715919935,NATAL,RN
0.21525423728813559,NISIA FLORESTA,RN
0.395004318076131,NOVA CRUZ,RN
0.8657556270096463,OLHO D AGUA DO BORGES,RN
0.19308659217877094,OURO BRANCO,RN
0.7439082656473961,PARANA,RN
0.812,PARAU,RN
0.32343076185912795,PARAZINHO,RN
0.1874447391688771,PARELHAS,RN
0.22891859052247873,PARNAMIRIM,RN
0.17173913043478262,PASSA E FICA,RN
0.09517998779743746,PASSAGEM,RN
0.43664495114006513,PATU,RN
0.3926138400860523,PAU DOS FERROS,RN
0.6527176527176527,PEDRA GRANDE,RN
0.869812393405344,PEDRA PRETA,RN
0.4935897435897436,PEDRO AVELINO,RN
0.3843230403800475,PEDRO VELHO,RN
0.4268774703557312,PENDENCIAS,RN
0.3011853448275862,PILOES,RN
0.5077005730659025,POCO BRANCO,RN
0.8480608738340697,PORTALEGRE,RN
0.10103147315524993,SERRA CAIADA,RN
0.3421985815602837,PUREZA,RN
0.7549142618151401,RAFAEL FERNANDES,RN
0.8996006845407872,RIACHO DA CRUZ,RN
0.6636568848758465,RIACHO DE SANTANA,RN
0.8042748091603054,RIACHUELO,RN
0.9468405215646941,RODOLFO FERNANDES,RN
0.09132841328413284,RUY BARBOSA,RN
0.5201863354037267,SAO FRANCISCO DO OESTE,RN
0.19747377139701822,SANTA CRUZ,RN
0.05517762660619804,SANTANA DO SERIDO,RN
0.5573020863103744,SANTANA DO MATOS,RN
0.3488978430907798,SANTO ANTONIO,RN
0.5615343633457646,SAO BENTO DO NORTE,RN
0.15700934579439252,SAO BENTO DO TRAIRI,RN
0.44489981785063754,SAO FERNANDO,RN
0.19293757993573946,SAO GONCALO DO AMARANTE,RN
0.030795072788353865,SAO JOAO DO SABUGI,RN
0.10922924247436322,SAO JOSE DE MIPIBU,RN
0.26796917010216886,SAO JOSE DE CAMPESTRE,RN
0.07787065552133744,SAO JOSE DO SERIDO,RN
0.27545042555543275,SAO MIGUEL,RN
0.3189348196315219,SAO PAULO DO POTENGI,RN
0.11069518716577541,SAO PEDRO,RN
0.4552739874377301,SAO RAFAEL,RN
0.33784814956123616,SAO TOME,RN
0.15816501198219787,SAO VICENTE,RN
0.20695504664970313,SENADOR ELOI DE SOUZA,RN
0.1550751879699248,SENADOR GEORGINO AVELINO,RN
0.7236842105263158,SERRA DE SAO BENTO,RN
0.18778773927792586,SERRA NEGRA DO NORTE,RN
0.4340057636887608,SERRINHA,RN
0.7979397781299524,SEVERIANO MELO,RN
0.14205526770293608,SITIO NOVO,RN
0.9479843953185956,TABOLEIRO GRANDE,RN
0.44103648863035433,TAIPU,RN
0.23798319327731093,TANGARA,RN
0.8348993288590604,TENENTE ANANIAS,RN
0.196328029375765,TIBAU DO SUL,RN
0.020380434782608696,TIMBAUBA DOS BATISTAS,RN
0.2916329830234438,TOUROS,RN
0.748128864301985,UMARIZAL,RN
0.8444038525406842,UPANEMA,RN
0.3012004365223718,VARZEA,RN
0.7977337110481586,RAFAEL GODEIRO,RN
0.2133592736705577,VERA CRUZ,RN
0.14455445544554454,VICOSA,RN
0.48535233570863023,VILA FLOR,RN
0.902200488997555,RIACHAO DO POCO,PB
0.8444180522565321,AGUA BRANCA,PB
0.7878568847126852,SOBRADO,PB
0.5334166146158651,AGUIAR,PB
0.6440988106129918,SAO JOSE DOS RAMOS,PB
0.7533365885416666,ALAGOA GRANDE,PB
0.6954022988505747,CAPIM,PB
0.4768635818109081,ALAGOA NOVA,PB
0.7628228446707894,CUITE DE MAMANGUAPE,PB
0.4593141797961075,ALAGOINHA,PB
0.8751581611134542,CURRAL DE CIMA,PB
0.7316510823619828,ALHANDRA,PB
0.8728689722357525,RIACHAO DO BACAMARTE,PB
0.9256965944272446,SAO JOAO DO RIO DO PEIXE,PB
0.6950998185117967,MATINHAS,PB
0.7853208277504838,ARACAGI,PB
0.34637514384349827,LOGRADOURO,PB
0.8774969915764139,ARARA,PB
0.92457805907173,SERTAOZINHO,PB
0.9502405498281787,ARARUNA,PB
0.9594333547971667,RIACHAO,PB
0.39433067688893375,AREIA,PB
0.6401459854014598,SAO DOMINGOS DO CARIRI,PB
0.3636714230620902,AREIAL,PB
0.8198151950718686,CARAUBAS,PB
0.891566265060241,AROEIRAS,PB
0.8243938280675973,SANTO ANDRE,PB
0.9672284644194756,DAMIAO,PB
0.954388389771942,SOSSEGO,PB
0.6622119815668203,BAIA DA TRAICAO,PB
0.9104028863499699,BARAUNAS,PB
0.885133712360497,BANANEIRAS,PB
0.9292452830188679,ASSUNCAO,PB
0.9363351476166915,BARRA DE SANTA ROSA,PB
0.8666666666666667,ZABELE,PB
0.917750439367311,BARRA DE SAO MIGUEL,PB
0.8676470588235294,CACIMBAS,PB
0.4036411635784021,BAYEUX,PB
0.9308707124010555,CAJAZEIRINHAS,PB
0.7380603574567829,BELEM,PB
0.9428736295441431,SAO BENTINHO,PB
0.8328358208955224,BELEM DO BREJO DO CRUZ,PB
0.9628146453089245,SAO DOMINGOS DE POMBAL,PB
0.9517117117117118,BOA VENTURA,PB
0.9719745222929936,SAO JOSE DE PRINCESA,PB
0.915126050420168,BOM JESUS,PB
0.8918918918918919,MARIZOPOLIS,PB
0.7164347499059797,BOM SUCESSO,PB
0.8560171919770774,MATO GROSSO,PB
0.8894111825828798,BONITO DE SANTA FE,PB
0.9665629860031104,BERNARDINO BATISTA,PB
0.8376768428890543,BOQUEIRAO,PB
0.9700520833333334,POCO DE JOSE DE MOURA,PB
0.9179821551132464,IGARACY,PB
0.434468524251806,SAO JOSE DO BREJO CRUZ,PB
0.9146282973621103,BORBOREMA,PB
0.7747890295358649,SANTA INES,PB
0.35779150018162004,BREJO DO CRUZ,PB
0.612810707456979,AMPARO,PB
0.5688751926040062,BREJO DOS SANTOS,PB
0.9529972752043597,CASSERENGUE,PB
0.7869696208887773,CAAPORA,PB
0.8503218884120172,GADO BRAVO,PB
0.52,CABACEIRAS,PB
0.9650485436893204,POCO DANTAS,PB
0.4955146893922404,CABEDELO,PB
0.9775687409551375,SANTAREM,PB
0.9238683127572016,CACHOEIRA DOS INDIOS,PB
0.11769686706181202,TENORIO,PB
0.524701873935264,CACIMBA DE AREIA,PB
0.14919852034525277,COXIXOLA,PB
0.9497229355318286,CACIMBA DE DENTRO,PB
0.21047430830039526,PARARI,PB
0.36827195467422097,CAICARA,PB
0.8960593946316391,PEDRO REGIS,PB
0.8632099607709364,CAJAZEIRAS,PB
0.9196608800968914,ALCANTIL,PB
0.6736842105263158,CALDAS BRANDAO,PB
0.7768100163309745,BARRA DE SANTANA,PB
0.15472657905892329,CAMALAU,PB
0.47979323308270677,CATURITE,PB
0.4862233496406354,CAMPINA GRANDE,PB
0.8058943089430894,RIACHO DE SANTO ANTONIO,PB
0.5239005736137667,CARRAPATEIRA,PB
0.8647746243739566,APARECIDA,PB
0.7103313840155946,CATINGUEIRA,PB
0.9568106312292359,SAO FRANCISCO,PB
0.49378904286637465,CATOLE DO ROCHA,PB
0.948321388155413,VIEIROPOLIS,PB
0.9083695930381367,CONCEICAO,PB
0.15828677839851024,AREIA DE BARAUNAS,PB
0.8605255558764078,CONDADO,PB
0.9292763157894737,ALGODAO DE JANDAIRA,PB
0.6148867313915858,CONDE,PB
0.6738617200674536,BOA VISTA,PB
0.5303381194997684,CONGO,PB
0.685501066098081,MARCACAO,PB
0.5654091877091573,COREMAS,PB
0.5774980330448466,MATUREIA,PB
0.8106036909602753,CRUZ DO ESPIRITO SANTO,PB
0.9434987323433539,SANTA CECILIA DE UMBUZEIRO,PB
0.8894384637765493,CUBATI,PB
0.9290236587804065,CUITE,PB
0.7361436377829821,CUITEGI,PB
0.9684542586750788,CURRAL VELHO,PB
0.8815393866506314,DESTERRO,PB
0.5398230088495575,VISTA SERRANA,PB
0.7720732504905167,DIAMANTE,PB
0.9492708975148901,DONA INES,PB
0.952712100139082,DUAS ESTRADAS,PB
0.7816820276497696,EMAS,PB
0.5070956970478865,ESPERANCA,PB
0.8605742165509477,FAGUNDES,PB
0.9681978798586572,FREI MARTINHO,PB
0.6139688117724578,GUARABIRA,PB
0.843784727734561,GURINHEM,PB
0.9090404880754298,GURJAO,PB
0.8803267045454546,IBIARA,PB
0.7826291079812207,IMACULADA,PB
0.74917323836174,INGA,PB
0.5644089112468559,ITABAIANA,PB
0.8881854276209894,ITAPORANGA,PB
0.9061788617886178,ITAPOROROCA,PB
0.879286376274328,ITATUBA,PB
0.6670606111767685,JACARAU,PB
0.6657263751763046,JERICO,PB
0.5575321511529092,JOAO PESSOA,PB
0.5382070790605359,JUAREZ TAVORA,PB
0.9036676977463544,JUAZEIRINHO,PB
0.5657342657342658,JUNCO DO SERIDO,PB
0.3408171521035599,JURIPIRANGA,PB
0.6367834827492529,JURU,PB
0.6889848812095032,LAGOA,PB
0.8176040673657452,LAGOA DE DENTRO,PB
0.6369885796651513,LAGOA SECA,PB
0.9577167019027484,LASTRO,PB
0.8979102432339843,LIVRAMENTO,PB
0.6025398540934882,LUCENA,PB
0.5775213246362267,MAE D AGUA,PB
0.5757680358992061,MALTA,PB
0.4014713929592023,MAMANGUAPE,PB
0.979632945389436,MANAIRA,PB
0.7498716632443532,MARI,PB
0.6639195979899497,MASSARANDUBA,PB
0.8949724517906336,MATARACA,PB
0.8313008130081301,MOGEIRO,PB
0.20709060213843555,MONTADAS,PB
0.6967213114754098,MONTE HOREBE,PB
0.8207306011379566,MONTEIRO,PB
0.39731369150779894,MULUNGU,PB
0.7474811083123426,NATUBA,PB
0.8041034288926363,NAZAREZINHO,PB
0.9298688193743693,NOVA FLORESTA,PB
0.9292929292929293,NOVA OLINDA,PB
0.942116868798236,NOVA PALMEIRA,PB
0.5466372115856651,OLHO D AGUA,PB
0.8037974683544303,OLIVEDOS,PB
0.3812025685931115,OURO VELHO,PB
0.6935749588138386,PASSAGEM,PB
0.18942945277015374,PATOS,PB
0.8808980213089802,PAULISTA,PB
0.8439166262724188,PEDRA BRANCA,PB
0.9389456697149005,PEDRA LAVRADA,PB
0.8092292258819596,PEDRAS DE FOGO,PB
0.5384401114206128,PIANCO,PB
0.7363070275765663,PICUI,PB
0.8832911884847306,PILAR,PB
0.8094957239752285,PILOES,PB
0.8978888410168031,PILOEZINHOS,PB
0.8778200253485424,PIRPIRITUBA,PB
0.39322191272052,PITIMBU,PB
0.8410586552217454,POCINHOS,PB
0.8886561954624782,POMBAL,PB
0.6232839099395936,PRATA,PB
0.9119017365523083,PRINCESA ISABEL,PB
0.7670411985018727,PUXINANA,PB
0.4471396437473403,QUEIMADAS,PB
0.615686274509804,QUIXABA,PB
0.7989667896678967,REMIGIO,PB
0.6434468524251806,RIACHO DOS CAVALOS,PB
0.6217622315696258,RIO TINTO,PB
0.3529856386999244,SALGADINHO,PB
0.8148959474260679,SALGADO DE SAO FELIX,PB
0.6882479288125192,SANTA CRUZ,PB
0.9510006901311249,SANTA HELENA,PB
0.5737997256515776,SANTA LUZIA,PB
0.9097222222222222,SANTANA DE MANGUEIRA,PB
0.9030455434478905,SANTANA DOS GARROTES,PB
0.4519359905306048,SANTA RITA,PB
0.7478743068391867,SANTA TERESINHA,PB
0.9367509471893606,SAO BENTO,PB
0.43081494057724956,SAO JOAO DO CARIRI,PB
0.5827850877192983,SAO JOAO DO TIGRE,PB
0.6798561151079137,SAO JOSE DA LAGOA TAPADA,PB
0.876426603699331,SAO JOSE DE CAIANA,PB
0.3731394946348217,SAO JOSE DE ESPINHARAS,PB
0.8800710285480126,SAO JOSE DE PIRANHAS,PB
0.1077755905511811,SAO JOSE DO BONFIM,PB
0.13644688644688643,SAO JOSE DO SABUGI,PB
0.5838235294117647,SAO JOSE DOS CORDEIROS,PB
0.7622549019607843,SAO MAMEDE,PB
0.8078397954835961,SAO MIGUEL DE TAIPU,PB
0.7081442560305709,SAO SEB. DE LAGOA DE ROCA,PB
0.8596141051230871,SAO SEBASTIAO DO UMBUZEIRO,PB
0.5389752572804904,SAPE,PB
0.8886211512717537,SAO VICENTE DO SERIDO,PB
0.1727156666058727,SERRA BRANCA,PB
0.8922305764411027,SERRA DA RAIZ,PB
0.9486813970064149,SERRA GRANDE,PB
0.7500774233508827,SERRA REDONDA,PB
0.8952200063311174,SERRARIA,PB
0.8195274186357557,SOLANEA,PB
0.8516231474947071,SOLEDADE,PB
0.8694082561607283,SOUSA,PB
0.5673418895933199,SUME,PB
0.5023971738581883,CAMPO DE SANTANA,PB
0.8672684720829155,TAPEROA,PB
0.9400741350906096,TAVARES,PB
0.518767217630854,TEIXEIRA,PB
0.9607504319921008,TRIUNFO,PB
0.927564197714116,UIRAUNA,PB
0.850934948643666,UMBUZEIRO,PB
0.7576642335766424,VARZEA,PB
0.5709698137443803,QUIXABA,PE
0.7527439928804509,AFOGADOS DA INGAZEIRA,PE
0.3316132948854151,LAGOA DO CARRO,PE
0.0712410948631421,AFRANIO,PE
0.25479764392931786,SANTA CRUZ DA BAIXA VERDE,PE
0.20545645330535153,AGRESTINA,PE
0.07337962962962963,XEXEU,PE
0.37905590767193265,AGUA PRETA,PE
0.5905074476142388,VERTENTE DO LERIO,PE
0.7840693578975887,AGUAS BELAS,PE
0.4047419219471255,SANTA CRUZ,PE
0.5685545224006763,ALAGOINHA,PE
0.7502936340145643,JUCATI,PE
0.1932377049180328,ALIANCA,PE
0.3108894430590191,DORMENTES,PE
0.41903210795718937,ALTINHO,PE
0.793041237113402,CARNAUBEIRA DA PENHA,PE
0.776728869374314,AMARAJI,PE
0.2593885243613011,LAGOA GRANDE,PE
0.04959422903516682,ANGELIM,PE
0.2733198820425268,ARACOIABA,PE
0.12890868967814464,ARARIPINA,PE
0.24233983286908078,CASINHAS,PE
0.4087273018158547,ARCOVERDE,PE
0.9443876507871601,MANARI,PE
0.5739478957915831,BARRA DE GUABIRABA,PE
0.17195614541257934,JATOBA,PE
0.2713178294573643,BARREIROS,PE
0.1366930726445306,TAMANDARE,PE
0.22699914015477213,BELEM DE MARIA,PE
0.8072904573949384,JAQUEIRA,PE
0.14184122058443238,BELEM DE SAO FRANCISCO,PE
0.23723160308526162,SANTA FILOMENA,PE
0.03544994156603039,BELO JARDIM,PE
0.8325609510376788,BETANIA,PE
0.3683976128974793,BEZERROS,PE
0.04416085970951222,BODOCO,PE
0.37521470831477827,BOM CONSELHO,PE
0.31834427188251346,BOM JARDIM,PE
0.23856355237669497,BONITO,PE
0.6284250389841836,BREJAO,PE
0.7909365558912387,BREJINHO,PE
0.3123326390955073,BREJO DA MADRE DE DEUS,PE
0.06800132362673726,BUENOS AIRES,PE
0.2843440195699755,BUIQUE,PE
0.19675967847540504,CABO,PE
0.33367037411526795,CABROBO,PE
0.21143075356415478,CACHOEIRINHA,PE
0.5084529052422219,CAETES,PE
0.7860551431601273,CALCADO,PE
0.26038437693738375,CALUMBI,PE
0.4280639431616341,CAMOCIM DE SAO FELIX,PE
0.536898136946528,CAMUTANGA,PE
0.2683404776484997,CANHOTINHO,PE
0.5021874585708604,CAPOEIRAS,PE
0.7710651828298887,CARNAIBA,PE
0.22773576169161908,CARPINA,PE
0.5037210418917297,CARUARU,PE
0.3674106446074606,CATENDE,PE
0.554450642735872,CEDRO,PE
0.1424486148346738,CHA DE ALEGRIA,PE
0.5527806011325687,CHA GRANDE,PE
0.23099203475742217,CONDADO,PE
0.47505668934240364,CORRENTES,PE
0.5014169028171361,CORTES,PE
0.37823896353166986,CUMARU,PE
0.6053467733099595,CUPIRA,PE
0.3617092305124353,CUSTODIA,PE
0.2416813309870421,ESCADA,PE
0.5518512707875746,EXU,PE
0.4378600823045268,FEIRA NOVA,PE
0.2662420382165605,FERREIROS,PE
0.10951760104302477,FLORES,PE
0.46609868654597086,FLORESTA,PE
0.8687570712784871,FREI MIGUELINHO,PE
0.24671412924424974,GAMELEIRA,PE
0.3021089091546826,GARANHUNS,PE
0.18258006584854833,GLORIA DO GOITA,PE
0.3308736418102427,GOIANA,PE
0.38060517681370765,GRANITO,PE
0.17884130982367757,GRAVATA,PE
0.7428325688073395,IATI,PE
0.3106161481660816,IBIMIRIM,PE
0.2326690990738142,IBIRAJUBA,PE
0.13467405147646833,IGARASSU,PE
0.6924594476106971,IGUARACI,PE
0.7963933738729293,INAJA,PE
0.3263486402139991,INGAZEIRA,PE
0.13252661343978708,IPOJUCA,PE
0.2067783701447068,IPUBI,PE
0.3433202357563851,ITACURUBA,PE
0.8285620986176119,ITAIBA,PE
0.16855670103092785,ITAMARACA,PE
0.09074310754062442,ITAPETIM,PE
0.05160390516039052,ITAQUITINGA,PE
0.20481155358966258,JABOATAO,PE
0.6598473778210748,JATAUBA,PE
0.5091718879746358,JOAO ALFREDO,PE
0.5006566467240624,JOAQUIM NABUCO,PE
0.6775692582663092,JUPI,PE
0.6952438049560352,JUREMA,PE
0.571606237443796,LAGOA DE ITAENGA,PE
0.8647917793401839,LAGOA DO OURO,PE
0.5506980161645849,LAGOA DOS GATOS,PE
0.3646596390923709,LAJEDO,PE
0.21844350530260745,LIMOEIRO,PE
0.2658025734948812,MACAPARANA,PE
0.3285266457680251,MACHADOS,PE
0.8043848043848044,MARAIAL,PE
0.612380627557981,MIRANDIBA,PE
0.2491860309531243,MORENO,PE
0.2618382297409561,NAZARE DA MATA,PE
0.28367082336323485,OLINDA,PE
0.15579495678939267,OROBO,PE
0.6362781954887218,OROCO,PE
0.14546895902492196,OURICURI,PE
0.4393600857985521,PALMARES,PE
0.12956419316843346,PALMEIRINA,PE
0.8340615791078142,PANELAS,PE
0.3372209933641665,PARANATAMA,PE
0.13693497703649987,PARNAMIRIM,PE
0.07552191632703983,PASSIRA,PE
0.33039193215677287,PAUDALHO,PE
0.18893419899483108,PAULISTA,PE
0.34626797534809406,PEDRA,PE
0.3033533386494313,PESQUEIRA,PE
0.636985145172181,PETROLANDIA,PE
0.3152909336941813,PETROLINA,PE
0.23081522822403827,POCAO,PE
0.28616608855335646,POMBOS,PE
0.5632328308207705,PRIMAVERA,PE
0.7935247403787417,QUIPAPA,PE
0.25222021312330706,RECIFE,PE
0.11203949867071782,RIACHO DAS ALMAS,PE
0.30889392794154696,RIBEIRAO,PE
0.17212588310854207,RIO FORMOSO,PE
0.5469043151969981,SAIRE,PE
0.6619501691787142,SALGADINHO,PE
0.5748400644625677,SALGUEIRO,PE
0.08996539792387544,SALOA,PE
0.3849362119725221,SANHARO,PE
0.0595470743763651,SANTA CRUZ DO CAPIBARIBE,PE
0.22419641414957195,SANTA MARIA DA BOA VISTA,PE
0.06409774436090225,SANTA MARIA DO CAMBUCA,PE
0.43789808917197454,SANTA TEREZINHA,PE
0.34772182254196643,SAO BENEDITO DO SUL,PE
0.17138599105812222,SAO BENTO DO UNA,PE
0.4191350298984842,SAO CAETANO,PE
0.26032061285288693,SAO JOAO,PE
0.2477898144689329,SAO JOAQUIM DO MONTE,PE
0.17836308997701963,SAO JOSE DA COROA GRANDE,PE
0.4454136928363733,SAO JOSE DO BELMONTE,PE
0.36747513522945385,SAO JOSE DO EGITO,PE
0.1657407879312981,SAO LOURENCO DA MATA,PE
0.8315851676761707,SAO VICENTE FERRER,PE
0.49223360238757374,SERRA TALHADA,PE
0.2966871493454448,SERRITA,PE
0.5455866327642572,SERTANIA,PE
0.4319825248568846,SIRINHAEM,PE
0.6940677966101695,MOREILANDIA,PE
0.30612998522895124,SOLIDAO,PE
0.3757530916393616,SURUBIM,PE
0.3223123523975768,TABIRA,PE
0.14518582916757228,TACAIMBO,PE
0.11676356589147287,TACARATU,PE
0.48275558683793773,ITAMBE,PE
0.4257692779208042,TAQUARITINGA DO NORTE,PE
0.6761252446183953,TEREZINHA,PE
0.40798376184032475,TERRA NOVA,PE
0.39479711334860207,TIMBAUBA,PE
0.6017256471176691,TORITAMA,PE
0.17786841638588402,TRACUNHAEM,PE
0.17858801672085461,TRINDADE,PE
0.26377103408600605,TRIUNFO,PE
0.9596724917511915,TUPANATINGA,PE
0.3318817327526931,TUPARETAMA,PE
0.7182906500984998,VENTUROSA,PE
0.2547004261719729,VERDEJANTE,PE
0.4243206315469865,VERTENTES,PE
0.22745363705648233,VICENCIA,PE
0.27382373264652304,VITORIA DE SANTO ANTAO,PE
0.23629147431000697,CAMARAGIBE,PE
0.35646666813778494,ABREU E LIMA,PE
0.34401368301026225,ITAPISSUMA,PE
0.7729973853101972,PARIPUEIRA,AL
0.9077901430842608,AGUA BRANCA,AL
0.47908946532556906,PARICONHA,AL
0.4247644287396938,ANADIA,AL
0.1728100607111882,ESTRELA DE ALAGOAS,AL
0.19985763883844915,ARAPIRACA,AL
0.7018095987411487,JEQUIA DA PRAIA,AL
0.7439880100824307,ATALAIA,AL
0.8735408560311284,CAMPESTRE,AL
0.8473885960709152,BARRA DE SANTO ANTONIO,AL
0.5581683168316832,BARRA DE SAO MIGUEL,AL
0.44986185600520073,BATALHA,AL
0.8279491833030853,BELEM,AL
0.7726323119777159,BELO MONTE,AL
0.44139496491952124,BOCA DA MATA,AL
0.9149115417017691,BRANQUINHA,AL
0.18148342977380327,CACIMBINHAS,AL
0.6651426988085343,CAJUEIRO,AL
0.7696708149337615,CAMPO ALEGRE,AL
0.47876656748715174,CAMPO GRANDE,AL
0.8710801393728222,CANAPI,AL
0.8132966396292005,CAPELA,AL
0.8699368264585656,CARNEIROS,AL
0.8009615384615385,CHA PRETA,AL
0.3132873781792251,COITE DO NOIA,AL
0.9030558482613277,COLONIA LEOPOLDINA,AL
0.7107843137254902,COQUEIRO SECO,AL
0.6698495070057083,CORURIPE,AL
0.7883738601823708,DELMIRO GOUVEIA,AL
0.9014945652173914,DOIS RIACHOS,AL
0.5347212894560107,FEIRA GRANDE,AL
0.5855855855855856,FELIZ DESERTO,AL
0.9151012442059039,FLEXEIRAS,AL
0.5394879192210602,GIRAU DO PONCIANO,AL
0.9543568464730291,IBATEGUARA,AL
0.2042890651178376,IGACI,AL
0.7121009831290205,IGREJA NOVA,AL
0.8074665797195957,INHAPI,AL
0.7130755064456722,JACARE DOS HOMENS,AL
0.9125722543352601,JACUIPE,AL
0.7476405416495692,JAPARATINGA,AL
0.7485739359368144,JARAMATAIA,AL
0.7078042737689687,JOAQUIM GOMES,AL
0.9209809264305178,JUNDIA,AL
0.9060044011317195,JUNQUEIRO,AL
0.2912605847579486,LAGOA DA CANOA,AL
0.6935650972717854,LIMOEIRO DE ANADIA,AL
0.5063074314064702,MACEIO,AL
0.6517294496569108,MAJOR ISIDORO,AL
0.690677338076182,MARAGOGI,AL
0.90307275192047,MARAVILHA,AL
0.4142531983360804,MARECHAL DEODORO,AL
0.6892262962364722,MARIBONDO,AL
0.9221118661787768,MAR VERMELHO,AL
0.8916256157635468,MATA GRANDE,AL
0.7869991316213869,MATRIZ DE CAMARAGIBE,AL
0.7598601126870022,MESSIAS,AL
0.43319148936170215,MINADOR DO NEGRAO,AL
0.8514636790748102,MONTEIROPOLIS,AL
0.9209481926418535,MURICI,AL
0.7695576105973506,NOVO LINO,AL
0.5729401805869074,OLHO D AGUA DAS FLORES,AL
0.26455189405605173,OLHO D AGUA DO CASADO,AL
0.46962391513982643,OLHO D AGUA GRANDE,AL
0.7670275146594497,OLIVENCA,AL
0.829869130100077,OURO BRANCO,AL
0.4277047522750253,PALESTINA,AL
0.40117651611904487,PALMEIRA DOS INDIOS,AL
0.6582200247218789,PAO DE ACUCAR,AL
0.6669941060903732,PASSO DE CAMARAGIBE,AL
0.4534692535350214,PAULO JACINTO,AL
0.3291336049753378,PENEDO,AL
0.42422225919148226,PIACABUCU,AL
0.47950853467469284,PILAR,AL
0.10720268006700168,PINDOBA,AL
0.6763721065657301,PIRANHAS,AL
0.904572564612326,POCO DAS TRINCHEIRAS,AL
0.5155633948952065,PORTO CALVO,AL
0.7331816704582386,PORTO DE PEDRAS,AL
0.538917089678511,PORTO REAL DO COLEGIO,AL
0.47334410339256866,QUEBRANGULO,AL
0.6753277337310621,RIO LARGO,AL
0.4268462610311194,ROTEIRO,AL
0.7805730258560447,SANTA LUZIA DO NORTE,AL
0.624882599711978,SANTANA DO IPANEMA,AL
0.9216316440049444,SANTANA DO MUNDAU,AL
0.49344814676151255,SAO BRAS,AL
0.9201753220879266,SAO JOSE DA LAJE,AL
0.49461105904404873,SAO JOSE DA TAPERA,AL
0.6047364248910028,SAO LUIS DO QUITUNDE,AL
0.4944515697317794,SAO MIGUEL DOS CAMPOS,AL
0.43722244650787245,SAO MIGUEL DOS MILAGRES,AL
0.5559981472904122,SAO SEBASTIAO,AL
0.7072494669509595,SATUBA,AL
0.7866935483870968,TANQUE D ARCA,AL
0.459840690341852,TAQUARANA,AL
0.42774094849566546,TRAIPU,AL
0.8389542899565171,UNIAO DOS PALMARES,AL
0.7639685161791857,VICOSA,AL
0.48631661647243685,CRAIBAS,AL
0.3404761904761905,SENADOR RUI PALMEIRA,AL
0.8875336607001426,SENADOR TEOTONIO VILELA,AL
0.7289729390868248,LUIS EDUARDO MAGALHAES,BA
0.03678474114441417,FERNANDO DE NORONHA,PE
0.8573339819995135,BARAUNA,RN
0.25411334552102377,EUNAPOLIS,BA
0.06985738457819676,IUIU,BA
0.13407407407407407,JABORANDI,BA
0.25557955363570917,JUSSARI,BA
0.05123107508793393,AMERICA DOURADA,BA
0.0801515593121539,ARATACA,BA
0.21516187412024934,BARRO ALTO,BA
0.22000633111744222,BARROCAS,BA
0.6127104834329169,BURITIRAMA,BA
0.3420849420849421,CAPELA DO ALTO ALEGRE,BA
0.2484495047671943,CAPIM GROSSO,BA
0.31476583164773614,CANUDOS,BA
0.062472066345533095,DIAS D AVILA,BA
0.5363465665236051,FATIMA,BA
0.10858624370901326,FILADELFIA,BA
0.15076560659599528,GAVIAO,BA
0.4737788432724004,GUAJERU,BA
0.396101573676681,HELIOPOLIS,BA
0.31969860064585576,JOAO DOURADO,BA
0.4570327552986512,SANTANA DO SAO FRANCISCO,SE
0.8495645288994458,AMPARO DO SAO FRANCISCO,SE
0.35252447192168984,AQUIDABA,SE
0.21275997624110743,ARACAJU,SE
0.5786259541984733,ARAUA,SE
0.19163524168666438,AREIA BRANCA,SE
0.17783961548191246,BARRA DOS COQUEIROS,SE
0.5502215657311669,BREJO GRANDE,SE
0.5030068048741889,BOQUIM,SE
0.15242003962637984,CAMPO DO BRITO,SE
0.4094368340943683,CANHOBA,SE
0.3762218963831867,CANINDE DO SAO FRANCISCO,SE
0.28516437786100707,CAPELA,SE
0.050924752976944515,CARIRA,SE
0.21769995267392334,CARMOPOLIS,SE
0.3404471544715447,CEDRO DE SAO JOAO,SE
0.45676567656765676,CRISTINAPOLIS,SE
0.7219251336898396,NOSSA SENHORA APARECIDA,SE
0.33286582515194013,CUMBE,SE
0.49504950495049505,DIVINA PASTORA,SE
0.11362574837586514,ESTANCIA,SE
0.7450822962665596,FEIRA NOVA,SE
0.4230160126693648,FREI PAULO,SE
0.5202312138728323,GENERAL MAYNARD,SE
0.5268876611418047,GARARU,SE
0.3368891947694425,GRACCHO CARDOSO,SE
0.8177040110650069,ILHA DAS FLORES,SE
0.18981670061099795,INDIAROBA,SE
0.08465185354429657,ITABAIANA,SE
0.34165108586221776,ITABAIANINHA,SE
0.5304558289632917,ITABI,SE
0.08368708308065494,ITAPORANGA D AJUDA,SE
0.23650296064089169,JAPARATUBA,SE
0.40106951871657753,JAPOATA,SE
0.14559797154528806,LAGARTO,SE
0.32584503380135205,LARANJEIRAS,SE
0.6099537037037037,MACAMBIRA,SE
0.6905071521456437,MALHADA DOS BOIS,SE
0.46556584776480064,MALHADOR,SE
0.36867542667270803,MARUIM,SE
0.910411622276029,MOITA BONITA,SE
0.3128459629700325,MONTE ALEGRE DE SERGIPE,SE
0.2311111111111111,MURIBECA,SE
0.19372086646558814,NEOPOLIS,SE
0.4312004052000675,NOSSA SENHORA DA GLORIA,SE
0.5506985128436233,NOSSA SENHORA DAS DORES,SE
0.2575153929735603,NOSSA SENHORA DE LOURDES,SE
0.1983526905188765,NOSSA SENHORA DO SOCORRO,SE
0.6095179987797438,PACATUBA,SE
0.247612551159618,PEDRA MOLE,SE
0.722678916827853,PEDRINHAS,SE
0.06451612903225806,PINHAO,SE
0.12842224103866778,PIRAMBU,SE
0.30596409959467286,POCO REDONDO,SE
0.21036224873696657,POCO VERDE,SE
0.37531137558815386,PORTO DA FOLHA,SE
0.3513847239372023,PROPRIA,SE
0.4480578139114724,RIACHAO DO DANTAS,SE
0.23603167619885615,RIACHUELO,SE
0.8766480730223124,RIBEIROPOLIS,SE
0.7621951219512195,ROSARIO DO CATETE,SE
0.3954094940010433,SALGADO,SE
0.4365802382620883,SANTA LUZIA DO ITANHY,SE
0.6118097320940404,SANTA ROSA DE LIMA,SE
0.39461206896551726,SANTO AMARO DAS BROTAS,SE
0.25071236505197253,SAO CRISTOVAO,SE
0.782785841609371,SAO DOMINGOS,SE
0.3230174081237911,SAO FRANCISCO,SE
0.8878186968838527,SAO MIGUEL DO ALEIXO,SE
0.0968226319899093,SIMAO DIAS,SE
0.3262325015216068,SIRIRI,SE
0.5658073270013568,TELHA,SE
0.22774882616996028,TOBIAS BARRETO,SE
0.4913541869049932,TOMAR DO GERU,SE
0.1941200161095449,UMBAUBA,SE
0.25520180496365,ABAIRA,BA
0.285949177877429,ABARE,BA
0.4715378079864061,ACAJUTIBA,BA
0.722828062522719,ADUSTINA,BA
0.323869610935857,AGUA FRIA,BA
0.016020783719419788,ERICO CARDOSO,BA
0.06678155967255493,AIQUARA,BA
0.2517423083460819,ALAGOINHAS,BA
0.5934436274509803,ALCOBACA,BA
0.5579758713136729,ALMADINA,BA
0.05485463521667581,AMARGOSA,BA
0.20051487414187644,AMELIA RODRIGUES,BA
0.03543733844742766,ANAGE,BA
0.06322631475280678,ANDARAI,BA
0.3183198380566802,ANDORINHA,BA
0.1085972850678733,ANGICAL,BA
0.836995946234265,ANGUERA,BA
0.5049776862341229,ANTAS,BA
0.7559068797776234,ANTONIO CARDOSO,BA
0.12859271875665318,ANTONIO GONCALVES,BA
0.18124006359300476,APORA,BA
0.12668875860310985,ARACAS,BA
0.4967776584317938,ARACATU,BA
0.5438765670202508,APUAREMA,BA
0.16151041053993648,ARACI,BA
0.7285549132947977,ARAMARI,BA
0.128588882101405,ARATUIPE,BA
0.25046229710293816,AURELINO LEAL,BA
0.4194027082173994,BAIANOPOLIS,BA
0.38629952988582944,BAIXA GRANDE,BA
0.574992055926279,BANZAE,BA
0.7960808709175738,BARRA,BA
0.3152822395594309,BARRA DA ESTIVA,BA
0.06989247311827956,BARRA DO CHOCA,BA
0.20832700197538367,BARRA DO MENDES,BA
0.4323607427055703,BARRA DO ROCHA,BA
0.36331042724828205,BARREIRAS,BA
0.05756130790190736,GOVERNADOR LOMANTO JUNIOR,BA
0.08675445391169635,BELMONTE,BA
0.3025171624713959,BELO CAMPO,BA
0.6583482944344704,BIRITINGA,BA
0.49823911028730306,BOA NOVA,BA
0.09164077944083593,BOA VISTA DO TUPIM,BA
0.2603540858099846,BOM JESUS DA LAPA,BA
0.06260387811634349,BOM JESUS DA SERRA,BA
0.03287779758367994,BONINAL,BA
0.848015699956389,BONITO,BA
0.507160817754455,BOQUIRA,BA
0.5044538209095171,BOTUPORA,BA
0.11308817714511665,BREJOES,BA
0.43211334120425027,BREJOLANDIA,BA
0.7927279438907346,BROTAS DE MACAUBAS,BA
0.4320522674865488,BRUMADO,BA
0.2917981072555205,BUERAREMA,BA
0.6884771279675739,CAATIBA,BA
0.8835470085470085,CABACEIRAS DO PARAGUACU,BA
0.2898733181210166,CACHOEIRA,BA
0.10087158628704242,CACULE,BA
0.10081240768094535,CAEM,BA
0.03531300160513644,CAETANOS,BA
0.354161305265325,CAETITE,BA
0.22755775577557755,CAFARNAUM,BA
0.07583438952260245,CAIRU,BA
0.03598484848484849,CALDEIRAO GRANDE,BA
0.21932139491046182,CAMACAN,BA
0.11883994202298374,CAMACARI,BA
0.27220440216790176,CAMAMU,BA
0.341316180108857,CAMPO ALEGRE DE LOURDES,BA
0.08065362416610448,CAMPO FORMOSO,BA
0.3567555354722097,CANAPOLIS,BA
0.18972619336079477,CANARANA,BA
0.26105142294759287,CANAVIEIRAS,BA
0.5490155440414508,CANDEAL,BA
0.08277066356228173,CANDEIAS,BA
0.051835101756827276,CANDIBA,BA
0.5073815073815073,CANDIDO SALES,BA
0.15235318617242816,CANSANCAO,BA
0.14518798770394892,CARAIBAS,BA
0.28865381828720477,CARAVELAS,BA
0.08144291558200074,CARDEAL DA SILVA,BA
0.6171633609090003,CARINHANHA,BA
0.27678609466195203,CASA NOVA,BA
0.13492128232319112,CASTRO ALVES,BA
0.05989911727616646,CATOLANDIA,BA
0.2959369046036599,CATU,BA
0.21671525753158405,CATURAMA,BA
0.5951411854489952,CENTRAL,BA
0.7134096484055601,CHORROCHO,BA
0.49414739884393066,CICERO DANTAS,BA
0.26106696935300794,CIPO,BA
0.19684628237259816,COARACI,BA
0.6319521033559162,COCOS,BA
0.3922266514806378,CONCEICAO DA FEIRA,BA
0.6244788164088769,CONCEICAO DO ALMEIDA,BA
0.1582886857863221,CONCEICAO DO COITE,BA
0.6595110838517481,CONCEICAO DO JACUIPE,BA
0.04832935560859188,CONDE,BA
0.03418586984046594,CONDEUBA,BA
0.3853658536585366,CONTENDAS DO SINCORA,BA
0.4383984666169737,CORACAO DE MARIA,BA
0.5672295184490307,CORDEIROS,BA
0.5883544303797469,CORIBE,BA
0.2802021129995407,CORONEL JOAO SA,BA
0.21360977288368893,CORRENTINA,BA
0.6662902315076228,COTEGIPE,BA
0.07407407407407407,CRAVOLANDIA,BA
0.09605982168536094,CRISOPOLIS,BA
0.1559016393442623,CRISTOPOLIS,BA
0.5525847476018925,CRUZ DAS ALMAS,BA
0.16171215074723846,CURACA,BA
0.3340025094102886,DARIO MEIRA,BA
0.4852557673019057,DOM BASILIO,BA
0.33964817320703655,DOM MACEDO COSTA,BA
0.2937530986613783,ELISIO MEDRADO,BA
0.38508120011010183,ENCRUZILHADA,BA
0.15816733067729083,ENTRE RIOS,BA
0.10820308887450292,ESPLANADA,BA
0.25156118517206255,EUCLIDES DA CUNHA,BA
0.4796650717703349,FEIRA DA MATA,BA
0.7015952173521195,FEIRA DE SANTANA,BA
0.21560975609756097,FIRMINO ALVES,BA
0.3737488626023658,FLORESTA AZUL,BA
0.33145513452598957,FORMOSA DO RIO PRETO,BA
0.12591928251121076,GANDU,BA
0.14343998282155895,GENTIO DO OURO,BA
0.4776839565741858,GLORIA,BA
0.16045321637426901,GONGOGI,BA
0.49128738621586476,GOVERNADOR MANGABEIRA,BA
0.1538591682739485,GUANAMBI,BA
0.3337950138504155,GUARATINGA,BA
0.6085013313046785,IACU,BA
0.6323390151515151,IBIASSUCE,BA
0.5372509960159363,IBICARAI,BA
0.17764227642276423,IBICOARA,BA
0.1325279150649826,IBICUI,BA
0.12769374916343193,IBIPEBA,BA
0.4767203513909224,SANTA RITA DE CASSIA,BA
0.4282666666666667,IBIPITANGA,BA
0.7435377597567157,IBIQUERA,BA
0.12813995215311005,IBIRAPITANGA,BA
0.5493197278911565,IBIRAPUA,BA
0.0669479606188467,IBIRATAIA,BA
0.7682599779144975,IBITIARA,BA
0.16588957055214723,IBITITA,BA
0.2111889531932176,IBOTIRAMA,BA
0.6469481043291208,ICHU,BA
0.7805297065139585,IGAPORA,BA
0.28153153153153154,IGRAPIUNA,BA
0.37336244541484714,IGUAI,BA
0.16854776897759208,ILHEUS,BA
0.06847605677741382,INHAMBUPE,BA
0.35247186208861664,IPECAETA,BA
0.19306122448979593,IPIAU,BA
0.4736508473143726,IPIRA,BA
0.05785501943745713,IPUPIARA,BA
0.6539358600583091,IRAJUBA,BA
0.741019955654102,IRAMAIA,BA
0.07641420278115296,IRAQUARA,BA
0.6085568326947637,IRARA,BA
0.3366288777572722,IRECE,BA
0.10926745329400196,ITABELA,BA
0.2986268106840827,ITABERABA,BA
0.23330707566841202,ITABUNA,BA
0.4975438596491228,ITACARE,BA
0.039515615041427664,ITAETE,BA
0.5569943461608609,ITAGI,BA
0.07019726319530833,ITAGIBA,BA
0.5054129291679554,ITAGIMIRIM,BA
0.18321600592812154,ITAGUACU DA BAHIA,BA
0.4826294277929155,ITAJU DO COLONIA,BA
0.20133469064585455,ITAJUIPE,BA
0.36261993820133354,ITAMARAJU,BA
0.6671457315320495,ITAMARI,BA
0.11501346499102334,ITAMBE,BA
0.14871347579590058,ITANAGRA,BA
0.5168304668304669,ITANHEM,BA
0.45811865155306936,ITAPARICA,BA
0.287748643761302,ITAPE,BA
0.3012802275960171,ITAPEBI,BA
0.4034239904098299,ITAPETINGA,BA
0.56860401955459,ITAPICURU,BA
0.21743960011108027,ITAPITANGA,BA
0.8704883227176221,ITAQUARA,BA
0.06367687221503522,ITARANTIM,BA
0.5029858385940966,ITATIM,BA
0.28081149619611157,ITIRUCU,BA
0.4490876986462625,ITIUBA,BA
0.45954652459422624,ITORORO,BA
0.7780923076923076,ITUACU,BA
0.16097845078625508,ITUBERA,BA
0.12369188540058329,JACARACI,BA
0.19223823855536196,JACOBINA,BA
0.2782636864269517,JAGUAQUARA,BA
0.39414346246973364,JAGUARARI,BA
0.14053847622684743,JAGUARIPE,BA
0.08504893688828889,JANDAIRA,BA
0.20251203150065628,JEQUIE,BA
0.48645116918844566,JEREMOABO,BA
0.3850488354620586,JIQUIRICA,BA
0.1340782122905028,JITAUNA,BA
0.4772752951810632,JUAZEIRO,BA
0.25464453802328463,JUCURUCU,BA
0.1660711247234984,JUSSARA,BA
0.836372136512389,JUSSIAPE,BA
0.09794490599038042,LAFAIETE COUTINHO,BA
0.7243000641162641,LAGOA REAL,BA
0.07463039621525724,LAJE,BA
0.04307974335472044,LAJEDAO,BA
0.07030796048808832,LAJEDINHO,BA
0.062325581395348835,LAJEDO DO TABOCAL,BA
0.7350658116773541,LAMARAO,BA
0.44563207504622737,LAURO DE FREITAS,BA
0.5792410714285714,LENCOIS,BA
0.23109949598655966,LICINIO DE ALMEIDA,BA
0.3614885174942888,LIVRAMENTO DE NOSSA SENHORA,BA
0.869290573372206,MACAJUBA,BA
0.15471818617276065,MACARANI,BA
0.11609514253674083,MACAUBAS,BA
0.23508946322067595,MACURURE,BA
0.10219882316506658,MAIQUINIQUE,BA
0.33813627794236467,MAIRI,BA
0.7119604974396488,MALHADA,BA
0.18446127534815537,MALHADA DE PEDRAS,BA
0.4948907681465821,MANOEL VITORINO,BA
0.17157490396927016,MARACAS,BA
0.15663095677872182,MARAGOGIPE,BA
0.3764889669986331,MARAU,BA
0.1756900212314225,MARCIONILIO SOUZA,BA
0.08850778631973191,MASCOTE,BA
0.5038588014227233,MATA DE SAO JOAO,BA
0.29648484848484846,MATINA,BA
0.47309633766512726,MEDEIROS NETO,BA
0.05717118307997356,MIGUEL CALMON,BA
0.23038796786874038,MILAGRES,BA
0.06705015279525436,MIRANGABA,BA
0.03248587570621469,MIRANTE,BA
0.13620727918331113,MONTE SANTO,BA
0.21497218007081437,MORPARA,BA
0.5640532544378698,MORRO DO CHAPEU,BA
0.07796898236668791,MORTUGABA,BA
0.1972534332084894,MUCUGE,BA
0.4783026113671275,MUCURI,BA
0.1769023733790066,MULUNGU DO MORRO,BA
0.39838096406230833,MUNDO NOVO,BA
0.38056486357108665,MUNIZ FERREIRA,BA
0.44416081684747927,MUQUEM DO SAO FRANCISCO,BA
0.5025631105522778,MURITIBA,BA
0.07711613050422085,MUTUIPE,BA
0.14097320757866622,NAZARE,BA
0.11912517449976734,NILO PECANHA,BA
0.43086939869781693,NOVA CANAA,BA
0.26981080340005487,NOVA FATIMA,BA
0.45958254269449716,NOVA ITARANA,BA
0.3845223700120919,NOVA REDENCAO,BA
0.3691569282136895,NOVA SOURE,BA
0.14362745098039215,NOVA VICOSA,BA
0.045871559633027525,NOVO TRIUNFO,BA
0.5155583307316058,OLINDINA,BA
0.5625201245035956,OLIVEIRA DOS BREJINHOS,BA
0.23592884222805482,OURICANGAS,BA
0.08899953321923136,OUROLANDIA,BA
0.1879256608565162,PALMAS DE MONTE ALTO,BA
0.08880192655027092,PALMEIRAS,BA
0.08567699062537083,PARAMIRIM,BA
0.36142198815009874,PARATINGA,BA
0.5239655495225614,PARIPIRANGA,BA
0.4710997442455243,PAU BRASIL,BA
0.34309591928926364,PAULO AFONSO,BA
0.6056872037914692,PEDRAO,BA
0.12310327949094468,PEDRO ALEXANDRE,BA
0.01330728848736418,PIATA,BA
0.7835924147472939,PILAO ARCADO,BA
0.1647259742276044,PINDAI,BA
0.062493037763172554,PINDOBACU,BA
0.06784554312522555,PIRAI DO NORTE,BA
0.07694429123000551,PIRIPA,BA
0.11603490591764386,PIRITIBA,BA
0.04708904109589041,PLANALTINO,BA
0.27162147081798904,PLANALTO,BA
0.5234595124341541,POCOES,BA
0.30967895740623014,POJUCA,BA
0.1062368872782758,PONTO NOVO,BA
0.14704550599954722,PORTO SEGURO,BA
0.03513238289205703,POTIRAGUA,BA
0.6848484848484848,PRADO,BA
0.15468901063486948,PRESIDENTE DUTRA,BA
0.3752507019655034,PRESIDENTE JANIO QUADROS,BA
0.3632523759239704,PRESIDENTE TANCREDO NEVES,BA
0.46911820600532117,QUEIMADAS,BA
0.06535392972330674,QUIJINGUE,BA
0.4186125904683873,REMANSO,BA
0.23351104341203352,RETIROLANDIA,BA
0.361265923566879,RIACHAO DAS NEVES,BA
0.5834212977336231,RIACHAO DO JACUIPE,BA
0.3233483108670328,RIACHO DE SANTANA,BA
0.04039192161567687,RIBEIRA DO AMPARO,BA
0.4884864027354811,RIBEIRA DO POMBAL,BA
0.10792580101180438,RIBEIRAO DO LARGO,BA
0.621891335339775,RIO DE CONTAS,BA
0.08307123034227568,RIO DO ANTONIO,BA
0.5287470261697066,RIO DO PIRES,BA
0.20217319723411262,RIO REAL,BA
0.22934918648310387,RODELAS,BA
0.5009172628875436,RUY BARBOSA,BA
0.08224076281287247,SALINAS DA MARGARIDA,BA
0.25184469154279876,SALVADOR,BA
0.8978947368421053,SANTA BARBARA,BA
0.7473240919459554,SANTA BRIGIDA,BA
0.09043296089385475,SANTA CRUZ CABRALIA,BA
0.7485222998387964,SANTA CRUZ DA VITORIA,BA
0.6351461038961039,SANTA INES,BA
0.5002617115938236,SANTALUZ,BA
0.3804193822612638,SANTA MARIA DA VITORIA,BA
0.33635683560875257,SANTANA,BA
0.8527620704654197,SANTANOPOLIS,BA
0.20828877005347593,SANTA TERESINHA,BA
0.35769790151672554,SANTO AMARO,BA
0.15180574765637006,SANTO ANTONIO DE JESUS,BA
0.15256132044453213,SANTO ESTEVAO,BA
0.09967051070840198,SAO DESIDERIO,BA
0.12680446194225722,SAO FELIX,BA
0.216880815241471,SAO DOMINGOS,BA
0.13741567202906071,SAO FELIPE,BA
0.4509283819628647,SAO FELIX DO CORIBE,BA
0.11026668509050712,SAO FRANCISCO DO CONDE,BA
0.7882640175113655,SAO GONCALO DOS CAMPOS,BA
0.4473369954621447,SAO JOSE DO JACUIPE,BA
0.06291234684260132,SAO MIGUEL DAS MATAS,BA
0.12740344424009362,SAO SEBASTIAO DO PASSE,BA
0.10388383898004958,SAPEACU,BA
0.04334757158677424,SATIRO DIAS,BA
0.09894600989460099,SAUBARA,BA
0.08647638464152226,SAUDE,BA
0.146931228219899,SEABRA,BA
0.19706666666666667,SEBASTIAO LARANJEIRAS,BA
0.41646524044878963,SENHOR DO BONFIM,BA
0.48242537046316847,SENTO SE,BA
0.5844377129875047,SERRA DO RAMALHO,BA
0.6006062355658198,SERRA DOURADA,BA
0.8360033226533761,SERRA PRETA,BA
0.6325986921772826,SERRINHA,BA
0.2674491720813247,SERROLANDIA,BA
0.1591132090482378,SIMOES FILHO,BA
0.5147588192944564,SITIO DO MATO,BA
0.6240737393818905,SOUTO SOARES,BA
0.866758784050533,TABOCAS DO BREJO VELHO,BA
0.9215536105032823,TANHACU,BA
0.37530529172320215,TANQUINHO,BA
0.101174199774811,TAPEROA,BA
0.9216263995285798,TAPIRAMUTA,BA
0.3428645697946452,TEODORO SAMPAIO,BA
0.5163673562173221,TEOFILANDIA,BA
0.15060654612039368,TEOLANDIA,BA
0.09767925181849671,TERRA NOVA,BA
0.029997156667614443,TREMEDAL,BA
0.08741034150519217,TUCANO,BA
0.2637423653525819,UAUA,BA
0.44043466595116715,UBAIRA,BA
0.6323893318669233,UBAITABA,BA
0.07115317209954435,UBATA,BA
0.48978935520180095,UIBAI,BA
0.12296494924343995,UMBURANAS,BA
0.19649648496023972,UNA,BA
0.5544715447154471,URANDI,BA
0.1280201947349441,URUCUCA,BA
0.17276326207442597,UTINGA,BA
0.16835016835016836,VALENCA,BA
0.3627554446896287,VALENTE,BA
0.06285432585654424,VARZEA DO POCO,BA
0.35607675906183367,VARZEDO,BA
0.4014762516046213,VERA CRUZ,BA
0.428285523682455,VEREDA,BA
0.056879230561529937,VITORIA DA CONQUISTA,BA
0.5414394765539804,WAGNER,BA
0.08592321755027423,WENCESLAU GUIMARAES,BA
0.3307103247953525,XIQUE XIQUE,BA
0.13141426783479349,LAPAO,BA
0.25452085127321933,MADRE DE DEUS,BA
0.07072987208427389,MAETINGA,BA
0.8872559311358388,MANSIDAO,BA
0.024652184525262386,NORDESTINA,BA
0.9222774514234071,PE DE SERRA,BA
0.9113378684807256,PINTADAS,BA
0.3215308513407967,QUIXABEIRA,BA
0.09420471650777722,RAFAEL JAMBEIRO,BA
0.10910005027652087,SANTA LUZIA,BA
0.2590909090909091,SAO GABRIEL,BA
0.19032872796569794,SITIO DO QUINTO,BA
0.5706627680311891,TANQUE NOVO,BA
0.04075235109717868,SAO JOSE DA VITORIA,BA
0.07980062061719648,TEIXEIRA DE FREITAS,BA
0.1554192229038855,NOVO HORIZONTE,BA
0.1610641369354506,VARZEA NOVA,BA
0.35525085696478653,NOVA IBIA,BA
0.48430769230769233,VARZEA DA ROCA,BA
0.2096320031070978,SOBRADINHO,BA
0.6783710407239819,WANDERLEY,BA
0.24058187243565834,ALFREDO VASCONCELOS,MG
0.3257967856169981,ABADIA DOS DOURADOS,MG
0.37592541815190567,ARAPORA,MG
0.35483278206541713,ABAETE,MG
0.5259105098855359,BRASILANDIA DE MINAS,MG
0.8364820846905537,ABRE CAMPO,MG
0.7618100447538538,CAPITAO ANDRADE,MG
0.6153447382063245,ACAIACA,MG
0.09006085192697769,CARNEIRINHO,MG
0.5760427807486631,ACUCENA,MG
0.05349344978165939,CATUJI,MG
0.24991267900803354,AGUA BOA,MG
0.7281344248168893,DIVISA ALEGRE,MG
0.2539885130823229,AGUA COMPRIDA,MG
0.9411206077872745,DIVISOPOLIS,MG
0.4859375,AGUANIL,MG
0.7623485554520038,DURANDE,MG
0.7042556240149018,AGUAS FORMOSAS,MG
0.9108756622000623,ENTRE FOLHAS,MG
0.7808019945979638,AGUAS VERMELHAS,MG
0.7946052957188815,FERVEDOURO,MG
0.790764435695538,AIMORES,MG
0.5942915392456677,FRANCISCOPOLIS,MG
0.6354629313290058,AIURUOCA,MG
0.8050606764781822,ICARAI DE MINAS,MG
0.7461486939048895,ALAGOA,MG
0.6847841883447173,IPABA,MG
0.5448807854137447,ALBERTINA,MG
0.23539630836047773,JAIBA,MG
0.6695028629528549,ALEM PARAIBA,MG
0.38737864077669903,JAMPRUCA,MG
0.39531216178607875,ALFENAS,MG
0.43657906729454654,JUATUBA,MG
0.5707224887338276,ALMENARA,MG
0.7045050385299348,LAGOA GRANDE,MG
0.6012435793457691,ALPERCATA,MG
0.16801680168016803,LIMEIRA DO OESTE,MG
0.8017522183533641,ALPINOPOLIS,MG
0.4707610931531002,LONTRA,MG
0.8160355664571516,ALTEROSA,MG
0.02835538752362949,MAMONAS,MG
0.21149212233549583,ALTO RIO DOCE,MG
0.2560790273556231,MATA VERDE,MG
0.4525814719882827,ALVARENGA,MG
0.7052350783594532,MATIAS CARDOSO,MG
0.16881295422669898,ALVINOPOLIS,MG
0.6937086092715232,MONTEZUMA,MG
0.7973901098901099,ALVORADA DE MINAS,MG
0.7739699653446284,NAQUE,MG
0.09288537549407115,AMPARO DO SERRA,MG
0.513010053222945,NOVO ORIENTE DE MINAS,MG
0.29105186498638463,ANDRADAS,MG
0.9199708985085485,PALMOPOLIS,MG
0.3340966921119593,CACHOEIRA DE PAJEU,MG
0.6020749665327979,PEDRAS DE MARIA DA CRUZ,MG
0.6738271994945506,ANDRELANDIA,MG
0.8392801737511635,PERIQUITO,MG
0.19524647887323943,ANTONIO CARLOS,MG
0.48711943793911006,PONTO DOS VOLANTES,MG
0.6864623243933589,ANTONIO DIAS,MG
0.7416253101736973,RIACHINHO,MG
0.5386715195632393,ANTONIO PRADO DE MINAS,MG
0.4178328668532587,ROSARIO DA LIMEIRA,MG
0.09154929577464789,ARACAI,MG
0.6691823899371069,SANTA BARBARA DO LESTE,MG
0.41379310344827586,ARACITABA,MG
0.7972332015810276,SANTA RITA DE MINAS,MG
0.4353570064910271,ARACUAI,MG
0.6772326350606395,SANTANA DO PARAISO,MG
0.19467261419064716,ARAGUARI,MG
0.593245227606461,SAO JOAO DA LAGOA,MG
0.7577815506508206,ARANTINA,MG
0.8709449929478138,SAO JOAO DO MANHUACU,MG
0.30168776371308015,ARAPONGA,MG
0.6427966101694915,SAO JOAO DO MANTENINHA,MG
0.8986758779504893,ARAPUA,MG
0.37073170731707317,SAO JOAO DO PACUI,MG
0.4583586626139818,ARAUJOS,MG
0.47858351777112357,SAO JOSE DA LAPA,MG
0.6975920845935617,ARAXA,MG
0.42101142946610304,SARZEDO,MG
0.8450407787424362,ARCEBURGO,MG
0.5624284077892325,SEM-PEIXE,MG
0.1388840905164968,ARCOS,MG
0.6779055930186434,SENADOR AMARAL,MG
0.8045158357326868,AREADO,MG
0.7362821948488242,UBAPORANGA,MG
0.7466460268317854,ARGIRITA,MG
0.895635050869708,URUCUIA,MG
0.6831269795565793,ARINOS,MG
0.8133704735376045,VARGEM ALEGRE,MG
0.18928788800973828,ASTOLFO DUTRA,MG
0.9437065148640101,JOSENOPOLIS,MG
0.17331411180522185,ATALEIA,MG
0.5376065209336791,JUVENILIA,MG
0.1993918331885317,AUGUSTO DE LIMA,MG
0.6894796380090498,LEME DO PRADO,MG
0.13348539154990768,BAEPENDI,MG
0.8797127468581688,LUISBURGO,MG
0.5535363457760314,BALDIM,MG
0.324248496993988,LUISLANDIA,MG
0.5729933726067746,BAMBUI,MG
0.6026962727993656,MARIO CAMPOS,MG
0.7682151589242053,BANDEIRA,MG
0.7373876986869385,MARTINS SOARES,MG
0.7515991471215352,BANDEIRA DO SUL,MG
0.46112600536193027,MIRAVANIA,MG
0.3549293376468585,BARAO DE COCAIS,MG
0.5588235294117647,MONTE FORMOSO,MG
0.47731239092495636,BARAO DE MONTE ALTO,MG
0.5769669327251995,NATALANDIA,MG
0.5428326364318645,BARBACENA,MG
0.8497607655502393,NINHEIRA,MG
0.47861031890070005,BARRA LONGA,MG
0.31861702127659575,NOVA BELEM,MG
0.6035497600289776,TRES MARIAS,MG
0.6731135066582118,NOVA PORTEIRINHA,MG
0.31420283849580444,BARROSO,MG
0.9255571360834519,NOVORIZONTE,MG
0.26963746223564955,BELA VISTA DE MINAS,MG
0.0866840731070496,OLHOS DAGUA,MG
0.8540245566166439,BELMIRO BRAGA,MG
0.7110899571632556,ORATORIOS,MG
0.5693486378930044,BELO HORIZONTE,MG
0.9059291156011925,ORIZANIA,MG
0.38237207285342584,BELO ORIENTE,MG
0.9256243213897937,PADRE CARVALHO,MG
0.25753891050583655,BELO VALE,MG
0.10212765957446808,PAI PEDRO,MG
0.19560693641618498,BERILO,MG
0.8193057536852116,PATIS,MG
0.6558956916099773,BERTOPOLIS,MG
0.9053390108090403,PEDRA BONITA,MG
0.6102043625906324,BETIM,MG
0.9066213921901528,PIEDADE DE CARATINGA,MG
0.47654784240150094,BIAS FORTES,MG
0.8063241106719368,PINGO DAGUA,MG
0.8009708737864077,BICAS,MG
0.4676791277258567,PINTOPOLIS,MG
0.09832775919732442,BIQUINHAS,MG
0.636973764490543,PONTO CHIQUE,MG
0.32378867656629,BOA ESPERANCA,MG
0.6492929292929293,REDUTO,MG
0.4197938144329897,BOCAINA DE MINAS,MG
0.8080976150859678,SANTA BARBARA DO MONTE VERDE,MG
0.5754556899666101,BOCAIUVA,MG
0.670864819479429,SANTA CRUZ DE MINAS,MG
0.3724236641221374,BOM DESPACHO,MG
0.9134705332086062,SANTA CRUZ DE SALINAS,MG
0.8158546655656482,BOM JARDIM DE MINAS,MG
0.8711547035220687,SANTA HELENA DE MINAS,MG
0.9507707608155147,BOM JESUS DA PENHA,MG
0.2154828411811652,SANTO ANTONIO DO RETIRO,MG
0.2914396887159533,BOM JESUS DO AMPARO,MG
0.32888703626511046,SAO DOMINGOS DAS DORES,MG
0.8829676071055381,BOM JESUS DO GALHO,MG
0.8094059405940595,SAO FELIX DE MINAS,MG
0.5701890989988877,BOM REPOUSO,MG
0.9186991869918699,SAO GERALDO DO BAIXIO,MG
0.6644545348701828,BOM SUCESSO,MG
0.6774876499647142,SAO JOAO DAS MISSOES,MG
0.4180214935243869,BONFIM,MG
0.6771631205673759,SAO JOAQUIM DE BICAS,MG
0.6872246696035242,BONFINOPOLIS DE MINAS,MG
0.81984496124031,SAO JOSE DA BARRA,MG
0.655469301340861,BORDA DA MATA,MG
0.4856015779092702,ALTO CAPARAO,MG
0.8462172181793217,BOTELHOS,MG
0.5535524920466596,ANGELANDIA,MG
0.6160353070981979,BOTUMIRIM,MG
0.09394572025052192,ARICANDUVA,MG
0.6510257014854987,BRASILIA DE MINAS,MG
0.6917771883289124,BERIZAL,MG
0.6439290586630286,BRAS PIRES,MG
0.9009433962264151,BONITO DE MINAS,MG
0.60792741165234,BRAUNAS,MG
0.73943956503555,BUGRE,MG
0.36814510415190593,BRAZOPOLIS,MG
0.6291369240752758,CABECEIRA GRANDE,MG
0.6065280049855886,BRUMADINHO,MG
0.43157894736842106,CAMPO AZUL,MG
0.5417558886509636,BUENO BRANDAO,MG
0.3617157490396927,CANTAGALO,MG
0.20694941236586611,BUENOPOLIS,MG
0.48300536672629696,CATAS ALTAS,MG
0.8125291103865859,BURITIS,MG
0.29349529780564265,CATUTI,MG
0.3107872318587704,BURITIZEIRO,MG
0.5902887972072358,CHAPADA GAUCHA,MG
0.8551768282925268,CABO VERDE,MG
0.8996376811594203,CONEGO MARINHO,MG
0.15647163120567376,CACHOEIRA DA PRATA,MG
0.43396857238381814,CONFINS,MG
0.3601078167115903,CACHOEIRA DE MINAS,MG
0.41033551870420365,CORREGO FUNDO,MG
0.09247311827956989,CACHOEIRA DOURADA,MG
0.7530033637674195,CRISOLITA,MG
0.06036036036036036,CAETANOPOLIS,MG
0.6235126130414088,CUPARAQUE,MG
0.632136984747973,CAETE,MG
0.886223440712817,CURRAL DE DENTRO,MG
0.2827246614690193,CAIANA,MG
0.6606139213143104,DELTA,MG
0.4919786096256685,CAJURI,MG
0.26992936427850656,DOM BOSCO,MG
0.7639386555826286,CALDAS,MG
0.8527415143603133,FREI LAGONEGRO,MG
0.17055555555555554,CAMACHO,MG
0.9428327645051194,FRUTA DE LEITE,MG
0.24268815806577407,CAMANDUCAIA,MG
0.28499222395023327,GAMELEIRAS,MG
0.4647514262428688,CAMBUI,MG
0.7299196787148594,GLAUCILANDIA,MG
0.44362908605737156,CAMBUQUIRA,MG
0.9421145894861194,GOIABEIRA,MG
0.13383985973115137,CAMPANARIO,MG
0.8233818364274962,GOIANA,MG
0.1970358814352574,CAMPANHA,MG
0.6273156556483835,GUARACIAMA,MG
0.4644749754661433,CAMPESTRE,MG
0.6581125827814569,IBIRACATU,MG
0.07690023752969122,CAMPINA VERDE,MG
0.35269709543568467,IMBE DE MINAS,MG
0.3779420265917912,CAMPO BELO,MG
0.7336482558139535,INDAIABIRA,MG
0.8586051353226926,CAMPO DO MEIO,MG
0.7757651467832605,JAPONVAR,MG
0.24064925899788286,CAMPO FLORIDO,MG
0.33692722371967654,JENIPAPO DE MINAS,MG
0.8411249086924762,CAMPOS ALTOS,MG
0.008715862870424172,JOSE GONCALVES DE MINAS,MG
0.6834051534605575,CAMPOS GERAIS,MG
0.7056921086675291,JOSE RAYDAN,MG
0.09418837675350701,CANAA,MG
0.49909145972138097,SAO SEBASTIAO DA VARGEM ALEGRE,MG
0.28845166809238665,CANAPOLIS,MG
0.4223234624145786,SAO SEBASTIAO DO ANTA,MG
0.4553783508652867,CANA VERDE,MG
0.6064275733581742,SERRANOPOLIS DE MINAS,MG
0.40363086232980333,CANDEIAS,MG
0.16204330175913398,SETUBINHA,MG
0.6178403755868545,CAPARAO,MG
0.7918731417244796,TAPARUBA,MG
0.2008432349559218,CAPELA NOVA,MG
0.33446519524617996,UNIAO DE MINAS,MG
0.31526315789473686,CAPELINHA,MG
0.4427658338175479,URUANA DE MINAS,MG
0.8848182883939039,CAPETINGA,MG
0.9037037037037037,VARGEM GRANDE DO RIO PARDO,MG
0.1984446232233843,CAPIM BRANCO,MG
0.22849357726741923,VARJAO DE MINAS,MG
0.22617611580217128,CAPINOPOLIS,MG
0.5570358034970858,VERDELANDIA,MG
0.39020241537676476,CAPITAO ENEAS,MG
0.25480994838104176,VEREDINHA,MG
0.8446709505871925,CAPITOLIO,MG
0.6274834437086093,VERMELHO NOVO,MG
0.878237714839022,CAPUTIRA,MG
0.7769467663880334,TOCOS DO MOJI,MG
0.06608902480462113,CARAI,MG
0.1079628724963361,CARANAIBA,MG
0.5139755766621438,CARANDAI,MG
0.36508864211961817,CARANGOLA,MG
0.8005126946467043,CARATINGA,MG
0.22574576726686374,CARBONITA,MG
0.33485045513654094,CAREACU,MG
0.18343850326580316,CARLOS CHAGAS,MG
0.26990291262135924,CARMESIA,MG
0.29153543307086616,CARMO DA CACHOEIRA,MG
0.21191474493361287,CARMO DA MATA,MG
0.38706600534147273,CARMO DE MINAS,MG
0.2373238655275713,CARMO DO CAJURU,MG
0.77149509396308,CARMO DO PARANAIBA,MG
0.7006537326022775,CARMO DO RIO CLARO,MG
0.37690662865288665,CARMOPOLIS DE MINAS,MG
0.29466470876162504,CARRANCAS,MG
0.6174647887323944,CARVALHOPOLIS,MG
0.39201790376725104,CARVALHOS,MG
0.3601962158374212,CASA GRANDE,MG
0.34767236299351795,CASCALHO RICO,MG
0.4010416666666667,CASSIA,MG
0.3820065944418276,CONCEICAO DA BARRA DE MINAS,MG
0.09528246942341292,CATAGUASES,MG
0.047692307692307694,CATAS ALTAS DA NORUEGA,MG
0.5556461106583356,CAXAMBU,MG
0.2482468443197756,CEDRO DO ABAETE,MG
0.4102853913534897,CENTRAL DE MINAS,MG
0.3523543495610535,CENTRALINA,MG
0.8108665749656121,CHACARA,MG
0.8737140830081589,CHALE,MG
0.21134282807731433,CHAPADA DO NORTE,MG
0.7240984544934173,CHIADOR,MG
0.8046511627906977,CIPOTANEA,MG
0.5783132530120482,CLARAVAL,MG
0.6296296296296297,CLARO DOS POCOES,MG
0.22066932876972808,CLAUDIO,MG
0.27427701674277016,COIMBRA,MG
0.4579639254050749,COLUNA,MG
0.09881422924901186,COMENDADOR GOMES,MG
0.717207128250073,COMERCINHO,MG
0.9052906596995428,CONCEICAO DA APARECIDA,MG
0.17413249211356466,CONCEICAO DA PEDRA,MG
0.13634366073390464,CONCEICAO DAS ALAGOAS,MG
0.7901490066225165,CONCEICAO DE IPANEMA,MG
0.4305406852248394,CONCEICAO DO MATO DENTRO,MG
0.8024646611090975,CONCEICAO DO PARA,MG
0.2491740566857938,CONCEICAO DO RIO VERDE,MG
0.47960498067840274,CONCEICAO DOS OUROS,MG
0.5970149253731343,CONGONHAL,MG
0.4951877263198018,CONGONHAS,MG
0.7728487439871726,CONGONHAS DO NORTE,MG
0.3335209681958908,CONQUISTA,MG
0.2228045959859733,CONSELHEIRO LAFAIETE,MG
0.7413991425284953,CONSELHEIRO PENA,MG
0.4033864541832669,CONSOLACAO,MG
0.6151537045981645,CONTAGEM,MG
0.6141414141414141,COQUEIRAL,MG
0.18149466192170818,CORACAO DE JESUS,MG
0.2551326990485729,CORDISBURGO,MG
0.8412455334354262,CORDISLANDIA,MG
0.6619169838038764,CORINTO,MG
0.7711146715495537,COROACI,MG
0.6139708629062384,COROMANDEL,MG
0.3424380063835011,CORONEL FABRICIANO,MG
0.2377766340710242,CORONEL MURTA,MG
0.9019924609585352,CORONEL PACHECO,MG
0.45497912939773405,CORONEL XAVIER CHAVES,MG
0.7914078674948241,CORREGO DANTA,MG
0.623731804146449,CORREGO DO BOM JESUS,MG
0.8127659574468085,CORREGO NOVO,MG
0.7945417095777549,COUTO DE MAGALHAES DE MINAS,MG
0.44534412955465585,CRISTAIS,MG
0.8831699346405228,CRISTALIA,MG
0.3625753012048193,CRISTIANO OTONI,MG
0.33837953091684436,CRISTINA,MG
0.5777479892761395,CRUCILANDIA,MG
0.9213377296278851,CRUZEIRO DA FORTALEZA,MG
0.6212188943525555,CRUZILIA,MG
0.3645644141040897,CURVELO,MG
0.8372390285470814,DATAS,MG
0.6097690469869923,DELFIM MOREIRA,MG
0.5758409785932722,DELFINOPOLIS,MG
0.8882152330428192,DESCOBERTO,MG
0.1185137732222934,DESTERRO DE ENTRE RIOS,MG
0.5485510930350788,DESTERRO DO MELO,MG
0.4511087074094105,DIAMANTINA,MG
0.15904761904761905,DIOGO DE VASCONCELOS,MG
0.7032091320267069,DIONISIO,MG
0.20211081794195251,DIVINESIA,MG
0.8174794173527549,DIVINO,MG
0.14461538461538462,DIVINO DAS LARANJEIRAS,MG
0.6415094339622641,DIVINOLANDIA DE MINAS,MG
0.141761378379781,DIVINOPOLIS,MG
0.7821745562130178,DIVISA NOVA,MG
0.6933760683760684,DOM CAVATI,MG
0.7555012224938875,DOM JOAQUIM,MG
0.10298295454545454,DOM SILVERIO,MG
0.217010631644778,DOM VICOSO,MG
0.7068965517241379,DONA EUSEBIA,MG
0.1709090909090909,DORES DE CAMPOS,MG
0.9214285714285714,DORES DE GUANHAES,MG
0.18969654199011998,DORES DO INDAIA,MG
0.10467610467610468,DORES DO TURVO,MG
0.9100758396533044,DORESOPOLIS,MG
0.3797585886722377,DOURADOQUARA,MG
0.17792642140468226,ELOI MENDES,MG
0.8379524886877828,ENGENHEIRO CALDAS,MG
0.7921187892632782,ENGENHEIRO NAVARRO,MG
0.25769516728624536,ENTRE RIOS DE MINAS,MG
0.3695754716981132,ERVALIA,MG
0.3769526828163912,ESMERALDAS,MG
0.8176057711054786,ESPERA FELIZ,MG
0.6946085395947057,ESPINOSA,MG
0.12775510204081633,ESPIRITO SANTO DO DOURADO,MG
0.24961377179430588,ESTIVA,MG
0.8148404993065187,ESTRELA DALVA,MG
0.08119011598587998,ESTRELA DO INDAIA,MG
0.34667755991285404,ESTRELA DO SUL,MG
0.6073894383280463,EUGENOPOLIS,MG
0.7104265402843601,EWBANK DA CAMARA,MG
0.04624153134745672,EXTREMA,MG
0.6826347305389222,FAMA,MG
0.5307945463093559,FARIA LEMOS,MG
0.39741035856573703,FELICIO DOS SANTOS,MG
0.7310104529616724,SAO GONCALO DO RIO PRETO,MG
0.9245033112582781,FELISBURGO,MG
0.22662549322353748,FELIXLANDIA,MG
0.5863808322824716,FERNANDES TOURINHO,MG
0.6076528744049798,FERROS,MG
0.8147646461225873,FLORESTAL,MG
0.2432806020580556,FORMIGA,MG
0.8917243893547211,FORMOSO,MG
0.8737727910238429,FORTALEZA DE MINAS,MG
0.13643659711075443,FORTUNA DE MINAS,MG
0.16999733546496137,FRANCISCO BADARO,MG
0.46364080039043437,FRANCISCO DUMONT,MG
0.6536481986073267,FRANCISCO SA,MG
0.06991429860171403,FREI GASPAR,MG
0.7977109395794517,FREI INOCENCIO,MG
0.30703336339044185,FRONTEIRA,MG
0.15510063945753402,FRUTAL,MG
0.23590274185204346,FUNILANDIA,MG
0.8453054298642534,GALILEIA,MG
0.19198664440734559,GONCALVES,MG
0.12789175032736796,GONZAGA,MG
0.20316205533596837,GOUVEA,MG
0.24374929730945194,GOVERNADOR VALADARES,MG
0.8545491224530967,GRAO MOGOL,MG
0.268958543983822,GRUPIARA,MG
0.1921955806299953,GUANHAES,MG
0.8629313073757519,GUAPE,MG
0.21021866204806236,GUARACIABA,MG
0.6527186761229314,GUARANESIA,MG
0.3576754385964912,GUARANI,MG
0.8502061383417315,GUARARA,MG
0.8300921187308086,GUARDA-MOR,MG
0.8224509054958882,GUAXUPE,MG
0.3704272192376567,GUIDOVAL,MG
0.8393501805054152,GUIMARANIA,MG
0.307513718868721,GUIRICEMA,MG
0.1896896896896897,GURINHATA,MG
0.3925302087147565,HELIODORA,MG
0.44534679543459177,IAPU,MG
0.13085399449035812,IBERTIOGA,MG
0.8824891753096364,IBIA,MG
0.8669175504618543,IBIAI,MG
0.8082788671023965,IBIRACI,MG
0.4859239293201557,IBIRITE,MG
0.6037621359223301,IBITIURA DE MINAS,MG
0.5060646900269542,IBITURUNA,MG
0.7212104981253348,IGARAPE,MG
0.3947065592635213,IGARATINGA,MG
0.2403232666950234,IGUATAMA,MG
0.2629196529611467,IJACI,MG
0.6446428571428572,ILICINEA,MG
0.8143170597915523,INCONFIDENTES,MG
0.3333333333333333,INDIANOPOLIS,MG
0.09516728624535316,INGAI,MG
0.5251481659458593,INHAPIM,MG
0.15284178187403993,INHAUMA,MG
0.25316455696202533,INIMUTABA,MG
0.7772151898734178,IPANEMA,MG
0.33353099780407125,IPATINGA,MG
0.05382215288611544,IPIACU,MG
0.7835897435897435,IPUIUNA,MG
0.2343082484390404,IRAI DE MINAS,MG
0.12046220510351469,ITABIRA,MG
0.42233142233142235,ITABIRINHA,MG
0.5984276244797286,ITABIRITO,MG
0.4607797087834664,ITACAMBIRA,MG
0.8845601149608814,ITACARAMBI,MG
0.5873592444605884,ITAGUARA,MG
0.22502147151445748,ITAIPE,MG
0.44676569238140873,ITAJUBA,MG
0.17871772039180767,ITAMARANDIBA,MG
0.4253798033958892,ITAMARATI DE MINAS,MG
0.35429380993897125,ITAMBACURI,MG
0.5394622723330442,ITAMBE DO MATO DENTRO,MG
0.648913256314862,ITAMOGI,MG
0.19178728760226557,ITAMONTE,MG
0.19781356182597135,ITANHANDU,MG
0.7696003074558032,ITANHOMI,MG
0.37593984962406013,ITAOBIM,MG
0.059012875536480686,ITAPAGIPE,MG
0.465480803099683,ITAPECERICA,MG
0.21023228462216995,ITAPEVA,MG
0.6782154722354058,ITATIAIUCU,MG
0.23694084397232237,ITAUNA,MG
0.3097893432465923,ITAVERAVA,MG
0.24956871765382405,ITINGA,MG
0.9032049206863062,ITUETA,MG
0.19838658983761132,ITUIUTABA,MG
0.18163085075066235,ITUMIRIM,MG
0.2252264076650479,ITURAMA,MG
0.389251632345555,ITUTINGA,MG
0.7127840909090909,JABOTICATUBAS,MG
0.24861310869118552,JACINTO,MG
0.9559043348281017,JACUI,MG
0.8502960563065579,JACUTINGA,MG
0.45750452079566006,JAGUARACU,MG
0.4733786631675216,JANAUBA,MG
0.7755487179487179,JANUARIA,MG
0.7687830687830688,JAPARAIBA,MG
0.4880798969072165,JECEABA,MG
0.40573179524152847,JEQUERI,MG
0.8762830902215019,JEQUITAI,MG
0.1651907356948229,JEQUITIBA,MG
0.4140794223826715,JEQUITINHONHA,MG
0.2760540970564837,JESUANIA,MG
0.7716673144189662,JOAIMA,MG
0.6810668670172803,JOANESIA,MG
0.14283785608208452,JOAO MONLEVADE,MG
0.25246693260550074,JOAO PINHEIRO,MG
0.08953669963560645,JOAQUIM FELICIO,MG
0.8744791666666667,JORDANIA,MG
0.2957374575631837,NOVA UNIAO,MG
0.741630818268596,JUIZ DE FORA,MG
0.6179673321234119,JURAMENTO,MG
0.5813353957205465,JURUAIA,MG
0.6441932969602494,LADAINHA,MG
0.3910301331464611,LAGAMAR,MG
0.5403623469444291,LAGOA DA PRATA,MG
0.7308939323761,LAGOA DOS PATOS,MG
0.5110019646365422,LAGOA DOURADA,MG
0.28944114737883286,LAGOA FORMOSA,MG
0.3682225623087014,LAGOA SANTA,MG
0.7045753195556087,LAJINHA,MG
0.5245901639344263,LAMBARI,MG
0.5454545454545454,LAMIM,MG
0.7928243862961963,LARANJAL,MG
0.7751456310679612,LASSANCE,MG
0.23902699676853006,LAVRAS,MG
0.7637752318603382,LEANDRO FERREIRA,MG
0.3821432838198399,LEOPOLDINA,MG
0.6216949152542373,LIBERDADE,MG
0.7371579452712435,LIMA DUARTE,MG
0.4585172109443954,LUMINARIAS,MG
0.40936762330724313,LUZ,MG
0.8242271746944644,MACHACALIS,MG
0.7364979272493724,MACHADO,MG
0.559612518628912,MADRE DE DEUS DE MINAS,MG
0.23121616268321668,MALACACHETA,MG
0.5653437815975733,MANGA,MG
0.739140367481479,MANHUACU,MG
0.29148514851485147,MANHUMIRIM,MG
0.35854778615371286,MANTENA,MG
0.0904990980156344,MARAVILHAS,MG
0.5771230502599654,MAR DE ESPANHA,MG
0.19171613599568268,MARIA DA FE,MG
0.5043820272754478,MARIANA,MG
0.8295517432208079,MARILAC,MG
0.7220579538734476,MARIPA DE MINAS,MG
0.5183673469387755,MARLIERIA,MG
0.3153846153846154,MARMELOPOLIS,MG
0.2306303052194329,MARTINHO CAMPOS,MG
0.6019736842105263,MATERLANDIA,MG
0.4812405118195619,MATEUS LEME,MG
0.857289980873915,MATIAS BARBOSA,MG
0.8836124073565742,MATIPO,MG
0.5264236568584395,MATO VERDE,MG
0.3429061860434409,MATOZINHOS,MG
0.3728626585769443,MATUTINA,MG
0.8729456384323641,MEDEIROS,MG
0.42916154962599085,MEDINA,MG
0.6953753351206434,MENDES PIMENTEL,MG
0.7793386643613572,MERCES,MG
0.7561997904296193,MESQUITA,MG
0.6250834631649232,MINAS NOVAS,MG
0.7732962447844228,MINDURI,MG
0.7889737381262805,MIRABELA,MG
0.8206252382767824,MIRADOURO,MG
0.4673288840602204,MIRAI,MG
0.4250331711632021,MOEDA,MG
0.40730757711889787,MOEMA,MG
0.22177742193755004,MONJOLOS,MG
0.5061166429587483,MONSENHOR PAULO,MG
0.301445509176547,MONTALVANIA,MG
0.16370419135396094,MONTE ALEGRE DE MINAS,MG
0.124978332466632,MONTE AZUL,MG
0.2666454284804078,MONTE BELO,MG
0.35885941399389965,MONTE CARMELO,MG
0.8968591271898,MONTE SANTO DE MINAS,MG
0.18703533164124794,MONTES CLAROS,MG
0.5729210196406185,MONTE SIAO,MG
0.6282258064516129,MORADA NOVA DE MINAS,MG
0.23536895674300254,MORRO DA GARCA,MG
0.7468354430379747,MORRO DO PILAR,MG
0.6513789897737837,MUNHOZ,MG
0.7651304951010145,MURIAE,MG
0.6591973766396002,MUTUM,MG
0.8240143013208859,MUZAMBINHO,MG
0.35348837209302325,NACIP RAYDAN,MG
0.295630960301619,NANUQUE,MG
0.2780642602142007,NATERCIA,MG
0.3402317880794702,NAZARENO,MG
0.6971964224286206,NEPOMUCENO,MG
0.469726011951742,NOVA ERA,MG
0.488256666450399,NOVA LIMA,MG
0.8879837067209776,NOVA MODICA,MG
0.4191628645110097,NOVA PONTE,MG
0.7785234899328859,NOVA RESENDE,MG
0.46054254007398276,NOVA SERRANA,MG
0.20518484073471285,NOVO CRUZEIRO,MG
0.8638360175695461,OLARIA,MG
0.6880669923237962,OLIMPIO NORONHA,MG
0.12487665285178606,OLIVEIRA,MG
0.7406225059856345,OLIVEIRA FORTES,MG
0.8714622641509434,ONCA DE PITANGUI,MG
0.5535655925223871,OURO BRANCO,MG
0.7909263529092635,OURO FINO,MG
0.5456476836825022,OURO PRETO,MG
0.17836065573770493,OURO VERDE DE MINAS,MG
0.5490783755432339,PADRE PARAISO,MG
0.2964396284829721,PAINEIRAS,MG
0.41713615023474176,PAINS,MG
0.7900318133616119,PAIVA,MG
0.486350384309568,PALMA,MG
0.5161713286713286,FRONTEIRA DOS VALES,MG
0.5412512891027844,PAPAGAIOS,MG
0.5036563889800914,PARACATU,MG
0.8766696469695738,PARA DE MINAS,MG
0.7765615585458927,PARAGUACU,MG
0.33971119133574007,PARAISOPOLIS,MG
0.06149025751493195,PARAOPEBA,MG
0.7440239043824701,PASSABEM,MG
0.5308430882546363,PASSA QUATRO,MG
0.40914619314035516,PASSA TEMPO,MG
0.5216706067769897,PASSA VINTE,MG
0.8414379682438743,PASSOS,MG
0.11667998279146949,PATOS DE MINAS,MG
0.896001413344326,PATROCINIO,MG
0.631117604090577,PATROCINIO DO MURIAE,MG
0.6693585602215044,PAULA CANDIDO,MG
0.8427078148332504,PAULISTAS,MG
0.14348664279812723,PAVAO,MG
0.40933125972006223,PECANHA,MG
0.6801463508569228,PEDRA AZUL,MG
0.1651376146788991,PEDRA DO ANTA,MG
0.11024702653247942,PEDRA DO INDAIA,MG
0.33646812957157785,PEDRA DOURADA,MG
0.2690426275331936,PEDRALVA,MG
0.3614457831325301,PEDRINOPOLIS,MG
0.35431063153615905,PEDRO LEOPOLDO,MG
0.9286287089013633,PEDRO TEIXEIRA,MG
0.8128106018774158,PEQUERI,MG
0.24956063268892795,PEQUI,MG
0.6039325842696629,PERDIGAO,MG
0.826027161767234,PERDIZES,MG
0.6048169348741764,PERDOES,MG
0.6617886178861788,PESCADOR,MG
0.8335062240663901,PIAU,MG
0.4320809248554913,PIEDADE DE PONTE NOVA,MG
0.7078224101479915,PIEDADE DO RIO GRANDE,MG
0.1099476439790576,PIEDADE DOS GERAIS,MG
0.2778904665314402,PIMENTA,MG
0.7617096018735363,PIRACEMA,MG
0.15942028985507245,PIRAJUBA,MG
0.21942857142857142,PIRANGA,MG
0.3899765074393109,PIRANGUCU,MG
0.6206134291240675,PIRANGUINHO,MG
0.33321817239592333,PIRAPETINGA,MG
0.6422994678999453,PIRAPORA,MG
0.47902621722846445,PIRAUBA,MG
0.49947321500932,PITANGUI,MG
0.44167687491493124,PIUMHI,MG
0.21212121212121213,PLANURA,MG
0.7474233529028049,POCO FUNDO,MG
0.8344055131946885,POCOS DE CALDAS,MG
0.9022340643574503,POCRANE,MG
0.44634499191558163,POMPEU,MG
0.43357987093031686,PONTE NOVA,MG
0.2220264852387316,PORTEIRINHA,MG
0.21963946869070208,PORTO FIRME,MG
0.09084055785902752,POTE,MG
0.3756965451361248,POUSO ALEGRE,MG
0.5110712148414124,POUSO ALTO,MG
0.566077552097072,PRADOS,MG
0.11046755645093595,PRATA,MG
0.6823167211852992,PRATAPOLIS,MG
0.9327296248382924,PRATINHA,MG
0.38231382978723405,PRESIDENTE BERNARDES,MG
0.0956564177647633,PRESIDENTE JUSCELINO,MG
0.12385321100917432,PRESIDENTE KUBITSCHEK,MG
0.23583292623351246,PRESIDENTE OLEGARIO,MG
0.5176991150442478,ALTO JEQUITIBA,MG
0.32101910828025476,PRUDENTE DE MORAIS,MG
0.2934668071654373,QUARTEL GERAL,MG
0.5998613037447988,QUELUZITO,MG
0.38966517268652784,RAPOSOS,MG
0.703119128147313,RAUL SOARES,MG
0.6899025197719331,RECREIO,MG
0.41708126036484244,RESENDE COSTA,MG
0.4692269201901426,RESPLENDOR,MG
0.31377645748236166,RESSAQUINHA,MG
0.29589731835892735,RIACHO DOS MACHADOS,MG
0.5188522251806771,RIBEIRAO DAS NEVES,MG
0.32650073206442165,RIBEIRAO VERMELHO,MG
0.3965303593556382,RIO ACIMA,MG
0.7600604312594423,RIO CASCA,MG
0.1109350237717908,RIO DOCE,MG
0.9437009690816798,RIO DO PRADO,MG
0.12045388420133837,RIO ESPERA,MG
0.2853248523398455,RIO MANSO,MG
0.7301990681914443,RIO NOVO,MG
0.5647727272727273,RIO PARANAIBA,MG
0.8216227305364653,RIO PARDO DE MINAS,MG
0.2782018659881255,RIO PIRACICABA,MG
0.76549929010885,RIO POMBA,MG
0.9138162307176392,RIO PRETO,MG
0.3756986131235769,RIO VERMELHO,MG
0.3236009732360097,RITAPOLIS,MG
0.9100486223662885,ROCHEDO DE MINAS,MG
0.29183303085299456,RODEIRO,MG
0.31866537717601545,ROMARIA,MG
0.8935306755788971,RUBELITA,MG
0.6946062294251709,RUBIM,MG
0.5144322618157654,SABARA,MG
0.4013749338974088,SABINOPOLIS,MG
0.32303641948222905,SACRAMENTO,MG
0.8271496062992126,SALINAS,MG
0.31173913043478263,SALTO DA DIVISA,MG
0.14483890214797135,SANTA BARBARA,MG
0.691609977324263,SANTA BARBARA DO TUGURIO,MG
0.47280163599182007,SANTA CRUZ DO ESCALVADO,MG
0.1925192519251925,SANTA EFIGENIA DE MINAS,MG
0.5486228218100057,SANTA FE DE MINAS,MG
0.48534440644846116,SANTA JULIANA,MG
0.47724808277700115,SANTA LUZIA,MG
0.7998470948012233,SANTA MARGARIDA,MG
0.3411964980544747,SANTA MARIA DE ITABIRA,MG
0.22005924672027083,SANTA MARIA DO SALTO,MG
0.33707661655497195,SANTA MARIA DO SUACUI,MG
0.44426960398636245,SANTANA DA VARGEM,MG
0.2109785202863962,SANTANA DE CATAGUASES,MG
0.24678217821782178,SANTANA DE PIRAPAMA,MG
0.816304347826087,SANTANA DO DESERTO,MG
0.14250614250614252,SANTANA DO GARAMBEU,MG
0.5616842105263158,SANTANA DO JACARE,MG
0.6477011494252873,SANTANA DO MANHUACU,MG
0.7803180914512923,SANTANA DO RIACHO,MG
0.041666666666666664,SANTANA DOS MONTES,MG
0.7821695212999561,SANTA RITA DE CALDAS,MG
0.5494616419919246,SANTA RITA DE JACUTINGA,MG
0.16793505834601724,SANTA RITA DO IBITIPOCA,MG
0.8687872763419483,SANTA RITA DO ITUETO,MG
0.6267230169050715,SANTA RITA DO SAPUCAI,MG
0.7336989640463132,SANTA ROSA DA SERRA,MG
0.2653016048699502,SANTA VITORIA,MG
0.14058857808857808,SANTO ANTONIO DO AMPARO,MG
0.8338643604915794,SANTO ANTONIO DO AVENTUREIRO,MG
0.14523018509729474,SANTO ANTONIO DO GRAMA,MG
0.761049723756906,SANTO ANTONIO DO ITAMBE,MG
0.6162377994676131,SANTO ANTONIO DO JACINTO,MG
0.1894103263425186,SANTO ANTONIO DO MONTE,MG
0.5595116988809766,SANTO ANTONIO DO RIO ABAIXO,MG
0.40567282321899734,SANTO HIPOLITO,MG
0.12494313874147081,SANTOS DUMONT,MG
0.3689083820662768,SAO BENTO ABADE,MG
0.23149693934335003,SAO BRAS DO SUACUI,MG
0.49120992761116855,SAO DOMINGOS DO PRATA,MG
0.40079387264493765,SAO FRANCISCO,MG
0.4875962360992301,SAO FRANCISCO DE PAULA,MG
0.30691340782122906,SAO FRANCISCO DE SALES,MG
0.8793425476279417,SAO FRANCISCO DO GLORIA,MG
0.3795399515738499,SAO GERALDO,MG
0.3222607833415964,SAO GERALDO DA PIEDADE,MG
0.2981230903535574,SAO GONCALO DO ABAETE,MG
0.19967228464419476,SAO GONCALO DO PARA,MG
0.30844155844155846,SAO GONCALO DO RIO ABAIXO,MG
0.3524314765694076,SAO GONCALO DO SAPUCAI,MG
0.624388379204893,SAO GOTARDO,MG
0.8045911047345767,SAO JOAO BATISTA DO GLORIA,MG
0.7868753762793498,SAO JOAO DA MATA,MG
0.8372987749316594,SAO JOAO DA PONTE,MG
0.6620048225973131,SAO JOAO DEL REI,MG
0.44898965007392805,SAO JOAO DO ORIENTE,MG
0.7690640660977922,SAO JOAO DO PARAISO,MG
0.1978243978243978,SAO JOAO EVANGELISTA,MG
0.8376363915783003,SAO JOAO NEPOMUCENO,MG
0.6887966804979253,SAO JOSE DA SAFIRA,MG
0.8534630795649685,SAO JOSE DA VARGINHA,MG
0.2675227394328518,SAO JOSE DO ALEGRE,MG
0.6865407319952774,SAO JOSE DO DIVINO,MG
0.5606694560669456,SAO JOSE DO GOIABAL,MG
0.6847692935892201,SAO JOSE DO JACURI,MG
0.8757396449704142,SAO JOSE DO MANTIMENTO,MG
0.12133347201997087,SAO LOURENCO,MG
0.04409063074096754,SAO MIGUEL DO ANTA,MG
0.9152995040061045,SAO PEDRO DA UNIAO,MG
0.41744066047471623,SAO PEDRO DOS FERROS,MG
0.791566265060241,SAO PEDRO DO SUACUI,MG
0.43539663461538464,SAO ROMAO,MG
0.7288253746950157,SAO ROQUE DE MINAS,MG
0.45474231268947596,SAO SEBASTIAO DA BELA VISTA,MG
0.37854195323246215,SAO SEBASTIAO DO MARANHAO,MG
0.0693994965839626,SAO SEBASTIAO DO OESTE,MG
0.8685312699652161,SAO SEBASTIAO DO PARAISO,MG
0.455470737913486,SAO SEBASTIAO DO RIO PRETO,MG
0.4174125305126119,SAO SEBASTIAO DO RIO VERDE,MG
0.587399513927837,SAO TIAGO,MG
0.903053661428995,SAO TOMAS DE AQUINO,MG
0.37127659574468086,SAO TOME DAS LETRAS,MG
0.5989709443099274,SAO VICENTE DE MINAS,MG
0.6937779585197235,SAPUCAI MIRIM,MG
0.3452558370591157,SARDOA,MG
0.9028571428571428,SENADOR CORTES,MG
0.3805809575040344,SENADOR FIRMINO,MG
0.7390057361376673,SENADOR JOSE BENTO,MG
0.38070456365092076,SENADOR MODESTINO GONCALVES,MG
0.34373927958833617,SENHORA DE OLIVEIRA,MG
0.704325699745547,SENHORA DO PORTO,MG
0.17117117117117117,SENHORA DOS REMEDIOS,MG
0.33203833203833205,SERICITA,MG
0.2479757085020243,SERITINGA,MG
0.5640465793304221,SERRA AZUL DE MINAS,MG
0.12924071082390953,SERRA DA SAUDADE,MG
0.5212084223375039,SERRA DOS AIMORES,MG
0.8312576312576313,SERRA DO SALITRE,MG
0.867013587742122,SERRANIA,MG
0.4943089430894309,SERRANOS,MG
0.33896634276862414,SERRO,MG
0.18279077046907838,SETE LAGOAS,MG
0.8650732459521974,SILVEIRANIA,MG
0.2635532331809275,SILVIANOPOLIS,MG
0.8598312783906554,SIMAO PEREIRA,MG
0.8715734649122807,SIMONESIA,MG
0.9099590723055935,SOBRALIA,MG
0.1307911617961511,SOLEDADE DE MINAS,MG
0.8247803975959316,TABULEIRO,MG
0.8811547591699211,TAIOBEIRAS,MG
0.7198177676537585,TAPIRA,MG
0.9076669414674361,TAPIRAI,MG
0.6343937298294144,TAQUARACU DE MINAS,MG
0.8582600195503421,TARUMIRIM,MG
0.3199865410497981,TEIXEIRAS,MG
0.14649933474774354,TEOFILO OTONI,MG
0.3316546375094258,TIMOTEO,MG
0.5627719080174021,TIRADENTES,MG
0.7523395721925134,TIROS,MG
0.3252032520325203,TOCANTINS,MG
0.8521516829995739,TOLEDO,MG
0.7730769230769231,TOMBOS,MG
0.19484506411691344,TRES CORACOES,MG
0.15694212907835198,TRES PONTAS,MG
0.5800579230450972,TUMIRITINGA,MG
0.3388200782268579,TUPACIGUARA,MG
0.39373601789709173,TURMALINA,MG
0.778094694808899,TURVOLANDIA,MG
0.19234160473611286,UBA,MG
0.6594446781657551,UBAI,MG
0.4517664818416698,UBERABA,MG
0.35404595404595407,UBERLANDIA,MG
0.5899641577060932,UMBURATIBA,MG
0.48322596329160084,UNAI,MG
0.43132165260653255,URUCANIA,MG
0.8497191011235955,VARGEM BONITA,MG
0.10401188707280833,VARGINHA,MG
0.3856107083100948,VARZEA DA PALMA,MG
0.8371392324770061,VARZELANDIA,MG
0.559702950947821,VAZANTE,MG
0.2947019867549669,WENCESLAU BRAZ,MG
0.47172774869109946,VERISSIMO,MG
0.4110256488830325,VESPASIANO,MG
0.37078870496592015,VICOSA,MG
0.7551848512173129,VIEIRAS,MG
0.43478260869565216,MATHIAS LOBATO,MG
0.5168687982359427,VIRGEM DA LAPA,MG
0.36320637291511076,VIRGINIA,MG
0.4168307086614173,VIRGINOPOLIS,MG
0.829045643153527,VIRGOLANDIA,MG
0.38487433977595914,VISCONDE DO RIO BRANCO,MG
0.8297690333618477,VOLTA GRANDE,MG
0.8760814588047384,ITAU DE MINAS,MG
0.28841030195381884,NOVA ALVORADA DO SUL,MS
0.07358813462635481,ALCINOPOLIS,MS
0.07100840336134454,LAGUNA CARAPA,MS
0.3487972508591065,JAPORA,MS
0.41644256626968884,NOVO HORIZONTE DO SUL,MS
0.392183908045977,SAO DOMINGOS,ES
0.4777314086337826,AFONSO CLAUDIO,ES
0.409367681498829,AGUA DOCE DO NORTE,ES
0.395637605939163,ALEGRE,ES
0.21742938471644405,IRUPI,ES
0.2726664883658732,ALFREDO CHAVES,ES
0.7392419492732972,ALTO RIO NOVO,ES
0.3834445175232547,ANCHIETA,ES
0.5518465909090909,VILA PAVAO,ES
0.526148969889065,APIACA,ES
0.3356264056092076,MARECHAL FLORIANO,ES
0.41555899623148607,ARACRUZ,ES
0.624858276643991,MARATAIZES,ES
0.16469691193290126,ATILIO VIVACQUA,ES
0.6426804587362267,BREJETUBA,ES
0.39474386339381,BAIXO GUANDU,ES
0.7710777126099707,SAO ROQUE DO CANAA,ES
0.1698883283260586,BARRA DE SAO FRANCISCO,ES
0.4303169610452456,SOORETAMA,ES
0.6542299349240781,BOA ESPERANCA,ES
0.492896174863388,PONTO BELO,ES
0.3580858085808581,BOM JESUS DO NORTE,ES
0.5925868963395878,VILA VALERIO,ES
0.17365945198879126,CACHOEIRO DE ITAPEMIRIM,ES
0.3056711833266349,CARIACICA,ES
0.42579312021392973,CASTELO,ES
0.5784008307372793,COLATINA,ES
0.7194686756542427,GOVERNADOR LINDENBERG,ES
0.3236964901602759,CONCEICAO DA BARRA,ES
0.5922555317630264,CONCEICAO DO CASTELO,ES
0.439948342660353,DIVINO DE SAO LOURENCO,ES
0.5209815310317822,DOMINGOS MARTINS,ES
0.7029569892473119,DORES DO RIO PRETO,ES
0.10723762466831366,ECOPORANGA,ES
0.6858375269590223,FUNDAO,ES
0.37569854702219385,GUACUI,ES
0.19292129383787776,GUARAPARI,ES
0.8739372618000586,IBIRACU,ES
0.4540714995034757,IBITIRAMA,ES
0.48242621978347916,ICONHA,ES
0.6249677585762188,ITAGUACU,ES
0.5549064608109048,ITAPEMIRIM,ES
0.5381519639407598,ITARANA,ES
0.2609090221583604,IUNA,ES
0.48845081640780563,JERONIMO MONTEIRO,ES
0.5804866902776191,JOAO NEIVA,ES
0.5495690833227047,LINHARES,ES
0.6540702807699099,MANTENOPOLIS,ES
0.36092220932161223,MIMOSO DO SUL,ES
0.38541402886806786,MONTANHA,ES
0.7226202661207779,MUCURICI,ES
0.6749165419592494,MUNIZ FREIRE,ES
0.532876003106394,MUQUI,ES
0.32406422529504125,NOVA VENECIA,ES
0.6794845360824743,PANCAS,ES
0.1866626674665067,PINHEIROS,ES
0.45622119815668205,PIUMA,ES
0.40393974507531866,PRESIDENTE KENNEDY,ES
0.2811398804963996,RIO NOVO DO SUL,ES
0.5505804311774462,SANTA LEOPOLDINA,ES
0.6688013136288998,SANTA TERESA,ES
0.21865144916654153,SAO GABRIEL DA PALHA,ES
0.3233710785223687,SAO JOSE DO CALCADO,ES
0.11279465461139124,SAO MATEUS,ES
0.5895557487564671,SERRA,ES
0.43135213906526493,VIANA,ES
0.3842020573530257,VILA VELHA,ES
0.39107802697007504,VITORIA,ES
0.7308365418270913,MARILANDIA,ES
0.18873769222259099,IBATIBA,ES
0.6528216704288939,RIO BANANAL,ES
0.5377554365643099,JAGUARE,ES
0.5,PEDRO CANARIO,ES
0.632377459153051,LARANJA DA TERRA,ES
0.6113342898134864,SANTA MARIA DO JETIBA,ES
0.43123336291038156,VARGEM ALTA,ES
0.6629464285714286,VENDA NOVA DO IMIGRANTE,ES
0.6668891855807744,AGUIA BRANCA,ES
0.4894589789179578,QUISSAMA,RJ
0.41535913957339365,ANGRA DOS REIS,RJ
0.24274553571428573,QUATIS,RJ
0.26266893810335035,ARARUAMA,RJ
0.20837981834112468,BELFORD ROXO,RJ
0.29929167772357057,BARRA DO PIRAI,RJ
0.6707646582004864,CARDOSO MOREIRA,RJ
0.3229822762560422,BARRA MANSA,RJ
0.6747040771591407,VARRE E SAI,RJ
0.24740986324077913,BOM JARDIM,RJ
0.254385510996119,GUAPIMIRIM,RJ
0.5345876863779288,BOM JESUS DO ITABAPOANA,RJ
0.18492173851035762,QUEIMADOS,RJ
0.36655700627120386,CABO FRIO,RJ
0.25303391483367643,JAPERI,RJ
0.44498334106532833,CACHOEIRAS DE MACACU,RJ
0.28298086606243705,COMENDADOR LEVY GASPARIAN,RJ
0.7882987857230467,CAMBUCI,RJ
0.6610455311973018,APERIBE,RJ
0.4392813102024039,CAMPOS,RJ
0.4578576010262989,RIO DAS OSTRAS,RJ
0.4546699768855406,CANTAGALO,RJ
0.5169817120024589,AREAL,RJ
0.4703141928494041,CARMO,RJ
0.36208926469014235,PINHEIRAL,RJ
0.520024504173367,CASIMIRO DE ABREU,RJ
0.31653349723417334,IGUABA GRANDE,RJ
0.3177370919306403,CONCEICAO DE MACABU,RJ
0.5598913311928871,SAO FRANCISCO DE ITABAPOANA,RJ
0.2315270935960591,CORDEIRO,RJ
0.4717948717948718,CARAPEBUS,RJ
0.6693842150910668,DUAS BARRAS,RJ
0.2382665296334361,PORTO REAL,RJ
0.39528222179826117,DUQUE DE CAXIAS,RJ
0.7820974322054236,SAO JOSE DE UBA,RJ
0.3396573531102679,ENGENHEIRO PAULO DE FRONTIN,RJ
0.2617389350707706,TANGUA,RJ
0.3660104459622338,ITABORAI,RJ
0.7106686864315084,MACUCO,RJ
0.431525107821677,ITAGUAI,RJ
0.4551627906976744,ARMACAO DE BUZIOS,RJ
0.6985932815742947,ITAOCARA,RJ
0.5262388539687181,SEROPEDICA,RJ
0.42657909327419286,ITAPERUNA,RJ
0.31555452936196415,ITATIAIA,RJ
0.4568421052631579,LAJE DO MURIAE,RJ
0.37432901223297427,MESQUITA,RJ
0.24958235341821425,MACAE,RJ
0.4705003734129948,MAGE,RJ
0.5724156258304545,MANGARATIBA,RJ
0.3865662875754178,MARICA,RJ
0.4304082590333177,MENDES,RJ
0.5984083707906566,MIGUEL PEREIRA,RJ
0.41212164993137324,MIRACEMA,RJ
0.4083123425692695,NATIVIDADE,RJ
0.6561467689535614,NILOPOLIS,RJ
0.32456831241854533,NITEROI,RJ
0.21543549421253333,NOVA FRIBURGO,RJ
0.5100561313890292,NOVA IGUACU,RJ
0.16973991110328743,PARACAMBI,RJ
0.3090095079848611,PARAIBA DO SUL,RJ
0.48729482323232326,PARATI,RJ
0.42166480268413487,PETROPOLIS,RJ
0.49019744645224306,PIRAI,RJ
0.6521374685666387,PORCIUNCULA,RJ
0.22067213676592143,RESENDE,RJ
0.17234782608695653,RIO BONITO,RJ
0.5694460115085186,RIO CLARO,RJ
0.7351312304358295,RIO DAS FLORES,RJ
0.5802346719550487,SANTA MARIA MADALENA,RJ
0.8096585269009331,SANTO ANTONIO DE PADUA,RJ
0.8072467222884386,SAO FIDELIS,RJ
0.2563685397449394,SAO GONCALO,RJ
0.6008701352881578,SAO JOAO DA BARRA,RJ
0.2572366028768826,SAO JOAO DE MERITI,RJ
0.29018501097522736,SAO PEDRO DA ALDEIA,RJ
0.7509672164528609,SAO SEBASTIAO DO ALTO,RJ
0.6468358121901429,SAPUCAIA,RJ
0.6155557100159866,SAQUAREMA,RJ
0.5227765726681128,SILVA JARDIM,RJ
0.7188812867602928,SUMIDOURO,RJ
0.20923640774139113,TERESOPOLIS,RJ
0.5223514000327493,TRAJANO DE MORAIS,RJ
0.33080360486307014,TRES RIOS,RJ
0.4073955839318968,VALENCA,RJ
0.5198827498479066,VASSOURAS,RJ
0.2233100328387088,VOLTA REDONDA,RJ
0.4668311403508772,ARRAIAL DO CABO,RJ
0.6433061388257323,ITALVA,RJ
0.5336073849704313,PATI DO ALFERES,RJ
0.42661091454915834,SAO JOSE DO VALE DO RIO PRETO,RJ
0.36052229060278435,RIO DE JANEIRO,RJ
0.614991103202847,EUCLIDES DA CUNHA PAULISTA,SP
0.16527407407407407,ADAMANTINA,SP
0.8034334763948497,BOREBI,SP
0.20407098121085596,ADOLFO,SP
0.4490164230283342,TARUMA,SP
0.309685193553246,AGUAI,SP
0.5609509357612544,MOTUCA,SP
0.24859362443075275,AGUAS DA PRATA,SP
0.28317272053372866,IARAS,SP
0.5334186120882635,AGUAS DE LINDOIA,SP
0.5063241106719367,GUATAPARA,SP
0.3768778576094056,AGUAS DE SAO PEDRO,SP
0.14965312190287414,DIRCE REIS,SP
0.38176463369738617,AGUDOS,SP
0.2553827751196172,ESPIRITO SANTO DO TURVO,SP
0.5051691729323309,ALFREDO MARCONDES,SP
0.5888694638694638,ROSANA,SP
0.19644902634593356,ALTAIR,SP
0.5397260273972603,EMBAUBA,SP
0.18521805273833672,ALTINOPOLIS,SP
0.41558754926405533,ILHA SOLTEIRA,SP
0.601118760757315,ALTO ALEGRE,SP
0.6357758620689655,ALUMINIO,SP
0.11673921646220815,ALVARES FLORENCE,SP
0.243343653250774,PEDRINHAS PAULISTA,SP
0.41503411842394894,ALVARES MACHADO,SP
0.5293406972730411,ARACARIGUAMA,SP
0.4535759096612296,ALVARO DE CARVALHO,SP
0.6233036967711746,BERTIOGA,SP
0.41739716790289955,ALVINLANDIA,SP
0.18237547892720307,SUZANOPOLIS,SP
0.7549867305881346,AMERICANA,SP
0.10303867403314917,SANTO ANTONIO DO ARACANGUA,SP
0.5880617339990921,AMERICO BRASILIENSE,SP
0.494199535962877,CANITAR,SP
0.10400516795865633,AMERICO DE CAMPOS,SP
0.05992949471210341,BARRA DO CHAPEU,SP
0.4470860809124933,AMPARO,SP
0.6886422976501305,EMILIANOPOLIS,SP
0.18562874251497005,ANALANDIA,SP
0.26195219123505975,NOVAIS,SP
0.40246654844430113,ANDRADINA,SP
0.07018992568125516,NOVA CANAA PAULISTA,SP
0.6082830989060058,ANGATUBA,SP
0.5659041394335512,SALTINHO,SP
0.4777580071174377,ANHEMBI,SP
0.3398876404494382,UBARANA,SP
0.33963414634146344,ANHUMAS,SP
0.2513472549680027,CAJATI,SP
0.5819592036154879,APARECIDA,SP
0.5578172368990905,CAMPINA DO MONTE ALEGRE,SP
0.1547811993517018,APARECIDA D OESTE,SP
0.09567617295308188,ASPASIA,SP
0.10834752981260648,APIAI,SP
0.4526813880126183,VARGEM,SP
0.196630022562527,ARACATUBA,SP
0.7837920959557128,POTIM,SP
0.4306671323786238,ARACOIABA DA SERRA,SP
0.32261465471797574,ALAMBARI,SP
0.15721969383533305,ARAMINA,SP
0.046481601032924466,ITAOCA,SP
0.5862903225806452,ARANDU,SP
0.370595382746051,TUIUTI,SP
0.8431869181719212,ARARAQUARA,SP
0.46839080459770116,ARAPEI,SP
0.49004707713978574,ARARAS,SP
0.3004545454545455,ESTIVA GERBI,SP
0.1537025513378967,AREALVA,SP
0.34020385050962626,ENGENHEIRO COELHO,SP
0.5618850336613154,AREIAS,SP
0.42659123055162657,RIBEIRAO GRANDE,SP
0.6779885310983679,AREIOPOLIS,SP
0.2759958125246701,HORTOLANDIA,SP
0.47298674821610603,ARIRANHA,SP
0.31212841854934603,HOLAMBRA,SP
0.39204659570194816,ARTUR NOGUEIRA,SP
0.19384184744576627,ELISIARIO,SP
0.718565357105836,ARUJA,SP
0.10947503201024328,BOM SUCESSO DE ITARARE,SP
0.5075477356792962,ASSIS,SP
0.04904306220095694,PONTALINDA,SP
0.3803070027063599,ATIBAIA,SP
0.06743566992014197,PARISI,SP
0.092926304464766,AURIFLAMA,SP
0.36831780284453164,TAQUARIVAI,SP
0.32594321275768184,AVAI,SP
0.2656967840735069,MARAPOAMA,SP
0.5369066545537133,AVANHANDAVA,SP
0.0745829244357213,SAO JOAO DE IRACEMA,SP
0.273069193224232,AVARE,SP
0.4678057928735153,SAO LOURENCO DA SERRA,SP
0.19939630681818182,BADY BASSIT,SP
0.26525198938992045,ZACARIAS,SP
0.30078125,BALBINOS,SP
0.07683284457478005,ITAPIRAPUA PAULISTA,SP
0.199418911780243,BALSAMO,SP
0.16300940438871472,MESOPOLIS,SP
0.4635890767230169,BANANAL,SP
0.38065073423553125,NOVA CAMPINA,SP
0.5884550084889644,BARBOSA,SP
0.29411764705882354,ILHA COMPRIDA,SP
0.27064896755162243,BARAO DE ANTONINA,SP
0.5072332730560579,LOURDES,SP
0.3603987519975649,BARIRI,SP
0.6064668769716088,TORRE DE PEDRA,SP
0.6729119148473988,BARRA BONITA,SP
0.13133940182054615,ARCO IRIS,SP
0.26488352027610007,BARRA DO TURVO,SP
0.43381180223285487,BREJO ALEGRE,SP
0.5333672750058746,BARRETOS,SP
0.7156319290465631,CANAS,SP
0.1540165671354267,BARRINHA,SP
0.15311653116531165,PRACINHA,SP
0.34812350611822623,BARUERI,SP
0.7743384922616076,PRATANIA,SP
0.3762455963764469,BASTOS,SP
0.2782051282051282,QUADRA,SP
0.21152509099832317,BATATAIS,SP
0.05291479820627803,SANTA CRUZ DA ESPERANCA,SP
0.15411127196419322,BAURU,SP
0.1076923076923077,SANTA SALETE,SP
0.17450102063960082,BEBEDOURO,SP
0.1022944550669216,VITORIA BRASIL,SP
0.1567489114658926,BENTO DE ABREU,SP
0.21143146181082448,IPIGUA,SP
0.5161290322580645,BERNARDINO DE CAMPOS,SP
0.17556071152358854,TAQUARAL,SP
0.15483668341708542,BILAC,SP
0.38596491228070173,FERNAO,SP
0.4127104959630911,BIRIGUI,SP
0.6796756208819057,GAVIAO PEIXOTO,SP
0.5895718294559609,BIRITIBA MIRIM,SP
0.5538592027141646,JUMIRIM,SP
0.579777206512425,BOA ESPERANCA DO SUL,SP
0.7716049382716049,NANTES,SP
0.3692074491121698,BOCAINA,SP
0.11390728476821192,NOVA CASTILHO,SP
0.5352233676975945,BOFETE,SP
0.13156230234029095,OUROESTE,SP
0.7160081617510666,BOITUVA,SP
0.22245322245322247,PAULISTANIA,SP
0.6858213616489693,BOM JESUS DOS PERDOES,SP
0.7671665351223362,RIBEIRAO DOS INDIOS,SP
0.8060344827586207,BORA,SP
0.5345413363533409,TRABIJU,SP
0.6175934366453966,BORACEIA,SP
0.7216912360278632,BORBOREMA,SP
0.6136098535023032,BOTUCATU,SP
0.2856291604950883,BRAGANCA PAULISTA,SP
0.5856282271944923,BRAUNA,SP
0.12361160874238625,BRODOWSKI,SP
0.5911461222678354,BROTAS,SP
0.3642597257206829,BURI,SP
0.3150496562261268,BURITAMA,SP
0.19760820045558086,BURITIZAL,SP
0.38883888388838883,CABRALIA PAULISTA,SP
0.4679347033960064,CABREUVA,SP
0.5692929188966653,CACAPAVA,SP
0.6460493646852636,CACHOEIRA PAULISTA,SP
0.1845208228800803,CACONDE,SP
0.17890082122552117,CAFELANDIA,SP
0.7381628787878788,CAIABU,SP
0.4340381991814461,CAIEIRAS,SP
0.3428712382831771,CAIUA,SP
0.5844021940858662,CAJAMAR,SP
0.5023236163920575,CAJOBI,SP
0.08489120441311676,CAJURU,SP
0.46459581913379555,CAMPINAS,SP
0.4264220875082451,CAMPO LIMPO PAULISTA,SP
0.5796781319028085,CAMPOS DO JORDAO,SP
0.23611805902951477,CAMPOS NOVOS PAULISTA,SP
0.23293391430646332,CANANEIA,SP
0.569671214493402,CANDIDO MOTA,SP
0.4249271137026239,CANDIDO RODRIGUES,SP
0.4032304173813608,CAPAO BONITO,SP
0.2647286222359672,CAPELA DO ALTO,SP
0.5392031916662049,CAPIVARI,SP
0.4425968042059249,CARAGUATATUBA,SP
0.20273711630800334,CARAPICUIBA,SP
0.09900990099009901,CARDOSO,SP
0.44475465313028767,CASA BRANCA,SP
0.08486238532110092,CASSIA DOS COQUEIROS,SP
0.35963687150837986,CASTILHO,SP
0.346453702222933,CATANDUVA,SP
0.425686591276252,CATIGUA,SP
0.24853113983548766,CEDRAL,SP
0.5636669942439984,CERQUEIRA CESAR,SP
0.574840657497484,CERQUILHO,SP
0.40510011980147187,CESARIO LANGE,SP
0.6452794357026587,CHARQUEADA,SP
0.5467638088783463,CHAVANTES,SP
0.3522599925289503,CLEMENTINA,SP
0.23383768913342504,COLINA,SP
0.5335955424451,COLOMBIA,SP
0.333301590324731,CONCHAL,SP
0.5720543144984669,CONCHAS,SP
0.32722846876086703,CORDEIROPOLIS,SP
0.2596556537924616,COROADOS,SP
0.38007636237417564,CORONEL MACEDO,SP
0.20982142857142858,CORUMBATAI,SP
0.20911117911948585,COSMOPOLIS,SP
0.16090768437338834,COSMORAMA,SP
0.5231225733135516,COTIA,SP
0.19308131799326916,CRAVINHOS,SP
0.11065313887127458,CRISTAIS PAULISTA,SP
0.5146198830409356,CRUZALIA,SP
0.4112022230092353,CRUZEIRO,SP
0.4828351044459893,CUBATAO,SP
0.3740992794235388,CUNHA,SP
0.2844094709477974,DESCALVADO,SP
0.5437945485558078,DIADEMA,SP
0.10431128973328462,DIVINOLANDIA,SP
0.46592946802151824,DOBRADA,SP
0.11557788944723618,DOIS CORREGOS,SP
0.07864238410596026,DOLCINOPOLIS,SP
0.33373291776552383,DOURADO,SP
0.19100407122185706,DRACENA,SP
0.6431832014607426,DUARTINA,SP
0.1249608518634513,DUMONT,SP
0.3976982097186701,ECHAPORA,SP
0.5358211305306251,ELDORADO,SP
0.42547646196448935,ELIAS FAUSTO,SP
0.5324745215431704,EMBU,SP
0.434119560797072,EMBU GUACU,SP
0.05732208522604369,ESTRELA D OESTE,SP
0.8762190547636909,ESTRELA DO NORTE,SP
0.2453723034098817,FARTURA,SP
0.10268972773905037,FERNANDOPOLIS,SP
0.3618320610687023,FERNANDO PRESTES,SP
0.5871292468092756,FERRAZ DE VASCONCELOS,SP
0.5244407622203812,FLORA RICA,SP
0.17044167610419025,FLOREAL,SP
0.5217221897525813,FLORIDA PAULISTA,SP
0.6566707466340269,FLORINEA,SP
0.06613659213526105,FRANCA,SP
0.4987796523079558,FRANCISCO MORATO,SP
0.5071901545047154,FRANCO DA ROCHA,SP
0.23345195729537366,GABRIEL MONTEIRO,SP
0.5382796334614248,GALIA,SP
0.3710756284388823,GARCA,SP
0.175,GASTAO VIDIGAL,SP
0.18117977528089887,GENERAL SALGADO,SP
0.27630224418365246,GETULINA,SP
0.3248567335243553,GLICERIO,SP
0.3702149973780808,GUAICARA,SP
0.16601307189542483,GUAIMBE,SP
0.2250875145857643,GUAIRA,SP
0.20280474649406688,GUAPIACU,SP
0.3625768442622951,GUAPIARA,SP
0.34489491213965773,GUARA,SP
0.34003051881993895,GUARACAI,SP
0.10236220472440945,GUARACI,SP
0.055347091932457786,GUARANI D OESTE,SP
0.4352810650887574,GUARANTA,SP
0.36650283553875235,GUARARAPES,SP
0.7399510026313402,GUARAREMA,SP
0.7171677874729061,GUARATINGUETA,SP
0.5128205128205128,GUAREI,SP
0.20122691545785673,GUARIBA,SP
0.37281789638932494,GUARUJA,SP
0.2972280242320976,GUARULHOS,SP
0.06332341691457713,GUZOLANDIA,SP
0.4226540526719509,HERCULANDIA,SP
0.2835920177383592,IACANGA,SP
0.3234567901234568,IACRI,SP
0.22875582646109716,IBATE,SP
0.20398970398970398,IBIRA,SP
0.4745872450631272,IBIRAREMA,SP
0.18721997477054245,IBITINGA,SP
0.31416722707913025,IBIUNA,SP
0.21535291087068523,ICEM,SP
0.5366178428761651,IEPE,SP
0.7055022156573116,IGARACU DO TIETE,SP
0.18920829406220546,IGARAPAVA,SP
0.6814583333333334,IGARATA,SP
0.30122708456534597,IGUAPE,SP
0.3248777158457513,ILHABELA,SP
0.2650262037340321,INDAIATUBA,SP
0.5533184190902312,INDIANA,SP
0.05116959064327485,INDIAPORA,SP
0.2775377969762419,INUBIA PAULISTA,SP
0.38079973004892864,IPAUCU,SP
0.5029225220743688,IPERO,SP
0.2723915050784857,IPEUNA,SP
0.2867688813174333,IPORANGA,SP
0.2736900780379041,IPUA,SP
0.5326686217008798,IRACEMAPOLIS,SP
0.07612559241706161,IRAPUA,SP
0.5275681950087058,IRAPURU,SP
0.27620295378751786,ITABERA,SP
0.5337269049961736,ITAI,SP
0.36160651593877263,ITAJOBI,SP
0.6490765171503958,ITAJU,SP
0.4240839386602098,ITANHAEM,SP
0.48995569240012016,ITAPECERICA DA SERRA,SP
0.32838888392458226,ITAPETININGA,SP
0.3495018425003412,ITAPEVA,SP
0.20281729085378966,ITAPEVI,SP
0.17884219994859935,ITAPIRA,SP
0.572722029988466,ITAPOLIS,SP
0.3046986236355007,ITAPORANGA,SP
0.33296871581710785,ITAPUI,SP
0.3232104121475054,ITAPURA,SP
0.3512027173787462,ITAQUAQUECETUBA,SP
0.20794044665012407,ITARARE,SP
0.4225176568342335,ITARIRI,SP
0.28343458890238965,ITATIBA,SP
0.5491355777979982,ITATINGA,SP
0.12108922363847045,ITIRAPINA,SP
0.14049586776859505,ITIRAPUA,SP
0.2975106253794778,ITOBI,SP
0.4095747167635463,ITU,SP
0.43286872982124575,ITUPEVA,SP
0.21549888045437168,ITUVERAVA,SP
0.42364050797785735,JABORANDI,SP
0.20443082423545936,JABOTICABAL,SP
0.43774732324811577,JACAREI,SP
0.16363636363636364,JACI,SP
0.4158039575416066,JACUPIRANGA,SP
0.6683391871550427,JAGUARIUNA,SP
0.12876796354714337,JALES,SP
0.49765258215962443,JAMBEIRO,SP
0.3832838656060786,JANDIRA,SP
0.2027556090950158,JARDINOPOLIS,SP
0.30363739698778064,JARINU,SP
0.21520146520146521,JAU,SP
0.20977011494252873,JERIQUARA,SP
0.5094806265457543,JOANOPOLIS,SP
0.31298101590559263,JOAO RAMALHO,SP
0.2169252679709167,JOSE BONIFACIO,SP
0.6707053223712679,JULIO MESQUITA,SP
0.5375927529786287,JUNDIAI,SP
0.385153711572107,JUNQUEIROPOLIS,SP
0.4814273789649416,JUQUIA,SP
0.41278659611992946,JUQUITIBA,SP
0.5552802725301951,LAGOINHA,SP
0.5256130790190736,LARANJAL PAULISTA,SP
0.19567734465457354,LAVINIA,SP
0.27841075080338884,LAVRINHAS,SP
0.15890467793797325,LEME,SP
0.5009151446707426,LENCOIS PAULISTA,SP
0.2058642709007894,LIMEIRA,SP
0.5347442680776014,LINDOIA,SP
0.24271184344761493,LINS,SP
0.6339310838812002,LORENA,SP
0.32053693570451436,LOUVEIRA,SP
0.31177962194559705,LUCELIA,SP
0.5056179775280899,LUCIANOPOLIS,SP
0.1677542142468733,LUIS ANTONIO,SP
0.5636617100371747,LUISIANIA,SP
0.5463719365689572,LUPERCIO,SP
0.2511690046760187,LUTECIA,SP
0.539754953076121,MACATUBA,SP
0.1537185512855958,MACAUBAL,SP
0.267102615694165,MACEDONIA,SP
0.24581939799331104,MAGDA,SP
0.6012069141863557,MAIRINQUE,SP
0.42274040613681685,MAIRIPORA,SP
0.3437067773167358,MANDURI,SP
0.3953147877013177,MARABA PAULISTA,SP
0.574782119763846,MARACAI,SP
0.3377142857142857,MARIAPOLIS,SP
0.20102371682951428,MARILIA,SP
0.15414110429447853,MARINOPOLIS,SP
0.608738534372226,MARTINOPOLIS,SP
0.5009604829857299,MATAO,SP
0.6473417926690902,MAUA,SP
0.21529284164859003,MENDONCA,SP
0.057709648331830475,MERIDIANO,SP
0.2548339638503573,MIGUELOPOLIS,SP
0.4785137924563708,MINEIROS DO TIETE,SP
0.3818781264211005,MIRACATU,SP
0.21648216482164823,MIRA ESTRELA,SP
0.28852489880448084,MIRANDOPOLIS,SP
0.5642361111111112,MIRANTE DO PARANAPANEMA,SP
0.17319551810996264,MIRASSOL,SP
0.13030746705710103,MIRASSOLANDIA,SP
0.36433518005540166,MOCOCA,SP
0.6203667858666054,MOGI DAS CRUZES,SP
0.20273685905175884,MOJI GUACU,SP
0.36718211637586484,MOJI MIRIM,SP
0.5650332728372656,MOMBUCA,SP
0.1402321083172147,MONCOES,SP
0.4668506472172942,MONGAGUA,SP
0.40536277602523657,MONTE ALEGRE DO SUL,SP
0.3529088639200999,MONTE ALTO,SP
0.33493641124291973,MONTE APRAZIVEL,SP
0.17493417588204319,MONTE AZUL PAULISTA,SP
0.37525150905432597,MONTE CASTELO,SP
0.4102060843964671,MONTEIRO LOBATO,SP
0.37362235888692685,MONTE MOR,SP
0.2977069941475583,MORRO AGUDO,SP
0.5124745888005914,MORUNGABA,SP
0.27671657201858546,MURUTINGA DO SUL,SP
0.4972946384653222,NARANDIBA,SP
0.3299864314789688,NATIVIDADE DA SERRA,SP
0.47021171836533726,NAZARE PAULISTA,SP
0.16481018413275744,NEVES PAULISTA,SP
0.2814614343707713,NHANDEARA,SP
0.2371377882909521,NIPOA,SP
0.16553378648540584,NOVA ALIANCA,SP
0.579917469050894,NOVA EUROPA,SP
0.2596626844694308,NOVA GRANADA,SP
0.45256087321578503,NOVA GUATAPORANGA,SP
0.19078473722102232,NOVA INDEPENDENCIA,SP
0.09199522102747909,NOVA LUZITANIA,SP
0.6310782708729702,NOVA ODESSA,SP
0.35714285714285715,NOVO HORIZONTE,SP
0.3845437616387337,NUPORANGA,SP
0.34945750452079566,OCAUCU,SP
0.4940554821664465,OLEO,SP
0.17012927054478302,OLIMPIA,SP
0.22717842323651452,ONDA VERDE,SP
0.28278041074249605,ORIENTE,SP
0.1061611374407583,ORINDIUVA,SP
0.14178817056396148,ORLANDIA,SP
0.29189871282706403,OSASCO,SP
0.25396825396825395,OSCAR BRESSANE,SP
0.28066487090204323,OSVALDO CRUZ,SP
0.3079344654059147,OURINHOS,SP
0.4428490990990991,OURO VERDE,SP
0.5288633207696886,PACAEMBU,SP
0.1967626655455119,PALESTINA,SP
0.34246926229508196,PALMARES PAULISTA,SP
0.20616257855260492,PALMEIRA D OESTE,SP
0.6105943738656987,PALMITAL,SP
0.42306259314456035,PANORAMA,SP
0.4920385867038587,PARAGUACU PAULISTA,SP
0.3758785140562249,PARAIBUNA,SP
0.22040350209364293,PARAISO,SP
0.3861663773534517,PARANAPANEMA,SP
0.1393258426966292,PARANAPUA,SP
0.41918332624415144,PARAPUA,SP
0.5031176929072486,PARDINHO,SP
0.2615937687237867,PARIQUERA-ACU,SP
0.27887323943661974,PATROCINIO PAULISTA,SP
0.4876847290640394,PAULICEIA,SP
0.44219273946639454,PAULINIA,SP
0.13695028680688337,PAULO DE FARIA,SP
0.3346941225911028,PEDERNEIRAS,SP
0.518925518925519,PEDRA BELA,SP
0.06301369863013699,PEDRANOPOLIS,SP
0.1829412537784203,PEDREGULHO,SP
0.39970492770728827,PEDREIRA,SP
0.4597007088474665,PEDRO DE TOLEDO,SP
0.4019704075326281,PENAPOLIS,SP
0.19896968161472847,PEREIRA BARRETO,SP
0.6335925349922239,PEREIRAS,SP
0.5278427491903562,PERUIBE,SP
0.2121724429416737,PIACATU,SP
0.410301156761069,PIEDADE,SP
0.35835124778016636,PILAR DO SUL,SP
0.5877814845704754,PINDAMONHANGABA,SP
0.44933920704845814,PINDORAMA,SP
0.45144409781624234,ESPIRITO SANTO DO PINHAL,SP
0.34528076463560337,PINHALZINHO,SP
0.5424335378323109,PIQUEROBI,SP
0.646956923432267,PIQUETE,SP
0.46594574084613927,PIRACAIA,SP
0.328358116939163,PIRACICABA,SP
0.30365118752215525,PIRAJU,SP
0.6445012787723785,PIRAJUI,SP
0.38109339407744874,PIRANGI,SP
0.2678813723589843,PIRAPORA DO BOM JESUS,SP
0.5331532630478348,PIRAPOZINHO,SP
0.5634366594082234,PIRACUNUNGA,SP
0.4380264741275572,PIRATININGA,SP
0.17103223806571605,PITANGUEIRAS,SP
0.10199125789218066,PLANALTO,SP
0.42201834862385323,PLATINA,SP
0.5671933816805257,POA,SP
0.16952532907857998,POLONI,SP
0.43874554226977136,POMPEIA,SP
0.4059869036482694,PONGAI,SP
0.16906103659020558,PONTAL,SP
0.21764327108821635,PONTES GESTAL,SP
0.10039113428943937,POPULINA,SP
0.29948253557567917,PORANGABA,SP
0.6369751129047756,PORTO FELIZ,SP
0.45732814526588844,PORTO FERREIRA,SP
0.3126619170984456,POTIRENDABA,SP
0.22989462007764835,PRADOPOLIS,SP
0.550571925503688,PRAIA GRANDE,SP
0.7574850299401198,PRESIDENTE ALVES,SP
0.5311577082102776,PRESIDENTE BERNARDES,SP
0.6896265560165975,PRESIDENTE EPITACIO,SP
0.5002982863960832,PRESIDENTE PRUDENTE,SP
0.5795689561336671,PRESIDENTE VENCESLAU,SP
0.43403197635362084,PROMISSAO,SP
0.5369022869022869,QUATA,SP
0.19800332778702162,QUEIROZ,SP
0.6886728464842867,QUELUZ,SP
0.37022491967154586,QUINTANA,SP
0.6623109949598656,RAFARD,SP
0.5344543828264758,RANCHARIA,SP
0.4925681255161024,REDENCAO DA SERRA,SP
0.5451923076923076,REGENTE FEIJO,SP
0.3618647306075659,REGINOPOLIS,SP
0.24016876293583825,REGISTRO,SP
0.16568661362850226,RESTINGA,SP
0.27150192554557123,RIBEIRA,SP
0.500997280145059,RIBEIRAO BONITO,SP
0.1700785193494111,RIBEIRAO BRANCO,SP
0.1966573816155989,RIBEIRAO CORRENTE,SP
0.5296236989591674,RIBEIRAO DO SUL,SP
0.5556095853108224,RIBEIRAO PIRES,SP
0.17500084783124767,RIBEIRAO PRETO,SP
0.25997652582159625,RIVERSUL,SP
0.1863080684596577,RIFAINA,SP
0.6813304721030042,RINCAO,SP
0.2772685609532539,RINOPOLIS,SP
0.18110578490443013,RIO CLARO,SP
0.4701540436456996,RIO DAS PEDRAS,SP
0.41904162074214035,RIO GRANDE DA SERRA,SP
0.29418439716312056,RIOLANDIA,SP
0.6584712755598832,ROSEIRA,SP
0.1462140992167102,RUBIACEA,SP
0.2164874551971326,RUBINEIA,SP
0.14871016691957512,SABINO,SP
0.2695578231292517,SAGRES,SP
0.13664341403364794,SALES,SP
0.15828303152246814,SALES OLIVEIRA,SP
0.5507965526247062,SALESOPOLIS,SP
0.46455576559546313,SALMORAO,SP
0.24927674984910608,SALTO,SP
0.5965624773370077,SALTO DE PIRAPORA,SP
0.4658351409978308,SALTO GRANDE,SP
0.8171846435100548,SANDOVALINA,SP
0.5674967234600262,SANTA ADELIA,SP
0.10789172703011818,SANTA ALBERTINA,SP
0.4092025097753933,SANTA BARBARA D OESTE,SP
0.45562859490550534,AGUAS DE SANTA BARBARA,SP
0.5709610235049093,SANTA BRANCA,SP
0.10867865519937452,SANTA CLARA D OESTE,SP
0.583916083916084,SANTA CRUZ DA CONCEICAO,SP
0.5553030917795991,SANTA CRUZ DAS PALMEIRAS,SP
0.40780050492039777,SANTA CRUZ DO RIO PARDO,SP
0.6206244087038789,SANTA ERNESTINA,SP
0.14517007861757608,SANTA FE DO SUL,SP
0.4621342512908778,SANTA GERTRUDES,SP
0.6206634711214465,SANTA ISABEL,SP
0.619971604353999,SANTA LUCIA,SP
0.6492847254268574,SANTA MARIA DA SERRA,SP
0.27940015785319655,SANTA MERCEDES,SP
0.10666666666666667,SANTANA DA PONTE PENSA,SP
0.3162889859358344,SANTANA DE PARNAIBA,SP
0.10296096904441454,SANTA RITA D OESTE,SP
0.3232315423270197,SANTA RITA DO PASSA QUATRO,SP
0.3111572486008305,SANTA ROSA DE VITERBO,SP
0.63468671679198,SANTO ANASTACIO,SP
0.6319814093906412,SANTO ANDRE,SP
0.5594336516298979,SANTO ANTONIO DA ALEGRIA,SP
0.54421768707483,SANTO ANTONIO DA POSSE,SP
0.27293980128579776,SANTO ANTONIO DO JARDIM,SP
0.5538656527249683,SANTO ANTONIO DO PINHAL,SP
0.6312949640287769,SANTO EXPEDITO,SP
0.21659548505186088,SANTOPOLIS DO AGUAPEI,SP
0.5459582116553534,SANTOS,SP
0.6619718309859155,SAO BENTO DO SAPUCAI,SP
0.6700610698256199,SAO BERNARDO DO CAMPO,SP
0.5132715345845047,SAO CAETANO DO SUL,SP
0.11075120028513323,SAO CARLOS,SP
0.09284332688588008,SAO FRANCISCO,SP
0.15149982295513179,SAO JOAO DA BOA VISTA,SP
0.09554551323434474,SAO JOAO DAS DUAS PONTES,SP
0.2158154859967051,SAO JOAO DO PAU D ALHO,SP
0.3469527728786988,SAO JOAQUIM DA BARRA,SP
0.13964386129334583,SAO JOSE DA BELA VISTA,SP
0.5513626834381551,SAO JOSE DO BARREIRO,SP
0.17601285629704813,SAO JOSE DO RIO PARDO,SP
0.21316449017280042,SAO JOSE DO RIO PRETO,SP
0.45978943129411853,SAO JOSE DOS CAMPOS,SP
0.40106177606177607,SAO LUIS DO PARAITINGA,SP
0.850838723824142,SAO MANUEL,SP
0.6621775850262497,SAO MIGUEL ARCANJO,SP
0.5752903506700277,SAO PAULO,SP
0.42679839960806726,SAO PEDRO,SP
0.5038575667655787,SAO PEDRO DO TURVO,SP
0.5866759900832751,SAO ROQUE,SP
0.22812890735288185,SAO SEBASTIAO,SP
0.2039003668661904,SAO SEBASTIAO DA GRAMA,SP
0.35930918281381635,SAO SIMAO,SP
0.40812441364386526,SAO VICENTE,SP
0.41771812080536913,SARAPUI,SP
0.3836477987421384,SARUTAIA,SP
0.13486176668914363,SEBASTIANOPOLIS DO SUL,SP
0.18280467445742904,SERRA AZUL,SP
0.17175044469332632,SERRANA,SP
0.53277394699676,SERRA NEGRA,SP
0.12315132823999439,SERTAOZINHO,SP
0.3656676715729739,SETE BARRAS,SP
0.25603704928878596,SEVERINIA,SP
0.5527621567978829,SILVEIRAS,SP
0.22527360478553463,SOCORRO,SP
0.5625724789656789,SOROCABA,SP
0.15942028985507245,SUD MENUCCI,SP
0.18870936764776491,SUMARE,SP
0.5931131068389043,SUZANO,SP
0.421743388834476,TABAPUA,SP
0.6732110984909947,TABATINGA,SP
0.565301247283194,TABOAO DA SERRA,SP
0.5574453314821243,TACIBA,SP
0.27220026350461135,TAGUAI,SP
0.3677058353317346,TAIACU,SP
0.4973821989528796,TAIUVA,SP
0.6283144817355831,TAMBAU,SP
0.1324422843256379,TANABI,SP
0.3846381093057607,TAPIRAI,SP
0.24833954317187754,TAPIRATIBA,SP
0.813178522027078,TAQUARITINGA,SP
0.26275483804201594,TAQUARITUBA,SP
0.4544283413848631,TARABAI,SP
0.2889238124750985,TATUI,SP
0.38024320620149626,TAUBATE,SP
0.36190897039328324,TEJUPA,SP
0.5500864553314121,TEODORO SAMPAIO,SP
0.6317671092951992,TERRA ROXA,SP
0.6072866606052734,TIETE,SP
0.7,TIMBURI,SP
0.6091370558375635,TORRINHA,SP
0.48957647575159097,TREMEMBE,SP
0.11932901258101411,TRES FRONTEIRAS,SP
0.14488127422559527,TUPA,SP
0.3143091206990715,TUPI PAULISTA,SP
0.3836424957841484,TURIUBA,SP
0.1341772151898734,TURMALINA,SP
0.4262992750748368,UBATUBA,SP
0.6629610914603336,UBIRAJARA,SP
0.20475038486914449,UCHOA,SP
0.21201814058956917,UNIAO PAULISTA,SP
0.15638418079096045,URANIA,SP
0.19109947643979058,URU,SP
0.1317213391951302,URUPES,SP
0.09372862029646523,VALENTIM GENTIL,SP
0.5676997590246463,VALINHOS,SP
0.26373122348354544,VALPARAIZO,SP
0.19490383437461717,VARGEM GRANDE DO SUL,SP
0.5396334582223626,VARZEA PAULISTA,SP
0.23499729681023607,VERA CRUZ,SP
0.48032128514056227,VINHEDO,SP
0.4883177570093458,VIRADOURO,SP
0.49549162730785745,VISTA ALEGRE DO ALTO,SP
0.7125353636212348,VOTORANTIM,SP
0.07124338898682983,VOTUPORANGA,SP
0.5540297163439892,VARGEM GRANDE PAULISTA,SP
0.32840236686390534,ABREULANDIA,TO
0.06941081517352704,PIRAQUE,TO
0.18271604938271604,RIACHINHO,TO
0.6545454545454545,DARCINOPOLIS,TO
0.6958333333333333,PALMEIRAS DO TOCANTINS,TO
0.9454424484364604,MAURILANDIA DO TOCANTINS,TO
0.8834841628959276,CACHOEIRINHA,TO
0.8425617078052035,ANGICO,TO
0.2597071928707829,PALMEIRANTE,TO
0.6815944881889764,CAMPOS LINDOS,TO
0.7852664576802508,SAO FELIX DO TOCANTINS,TO
0.7308730873087309,LAGOA DO TOCANTINS,TO
0.5222319093286836,BOM JESUS DO TOCANTINS,TO
0.6082474226804123,SANTA MARIA DO TOCANTINS,TO
0.6136576239476146,NOVO ALEGRE,TO
0.266754270696452,SANDOLANDIA,TO
0.26967592592592593,TAIPAS DO TOCANTINS,TO
0.08169291338582677,NOVO JARDIM,TO
0.8427006009190526,SAO MIGUEL DO TOCANTINS,TO
0.3801939058171745,FORTALEZA DO TABOCAO,TO
0.9091525423728813,ITAPIRATINS,TO
0.5967413441955194,CENTENARIO,TO
0.8763636363636363,RECURSOLANDIA,TO
0.7598828696925329,TUPIRATINS,TO
0.9044943820224719,BRASILANDIA DO TOCANTINS,TO
0.5362462760675273,JUARINA,TO
0.3230429988974642,PAU D ARCO,TO
0.36502546689303905,MATEIROS,TO
0.645124716553288,SAO BENTO DO TOCANTINS,TO
0.8060224089635855,ESPERANTINA,TO
0.08757396449704143,CARIRI DO TOCANTINS,TO
0.32019464720194646,ARAGUANA,TO
0.6767830045523521,CARMOLANDIA,TO
0.6180159635119726,ARAGOMINAS,TO
0.2698884758364312,MURICILANDIA,TO
0.16499614494988435,SANTA FE DO ARAGUAIA,TO
0.19694189602446482,JAU DO TOCANTINS,TO
0.10177514792899409,SUCUPIRA,TO
0.23963730569948186,LAGOA DA CONFUSAO,TO
0.35480859010270777,SAO SALVADOR DO TOCANTINS,TO
0.32129420617005267,LAGEADO,TO
0.4468503937007874,RIO DOS BOIS,TO
0.7045454545454546,CARRASCO BONITO,TO
0.4636118598382749,RIO DA CONCEICAO,TO
0.27141959455767445,PALMAS,TO
0.6448467966573816,TUPIRAMA,TO
0.043219076005961254,OLIVEIRA DE FATIMA,TO
0.2912621359223301,CHAPADA DE AREIA,TO
0.2716723549488055,CHAPADA DA NATIVIDADE,TO
0.12575366063738158,TALISMA,TO
0.8987712112346401,AGUIARNOPOLIS,TO
0.8489626556016597,LUZINOPOLIS,TO
0.7170445004198153,SANTA TEREZINHA DO TOCANTINS,TO
0.43157894736842106,SANTA RITA DO TOCANTINS,TO
0.23197492163009403,CRIXAS DO TOCANTINS,TO
0.4102355808285946,MONTE SANTO,TO
0.09279368213228036,PUGMIL,TO
0.683083511777302,BANDEIRANTE DO TOCANTINS,TO
0.14304461942257218,IPUEIRAS,TO
0.5130315500685871,LAVANDEIRA,TO
0.4115384615384615,BARRA DO OURO,TO
0.711892797319933,GODOY MOREIRA,PR
0.5102880658436214,ABATIA,PR
0.3119492421572083,IBEMA,PR
0.8888888888888888,ADRIANOPOLIS,PR
0.49910104279036316,LINDOESTE,PR
0.5790829469345699,AGUDOS DO SUL,PR
0.8895847066578774,OURO VERDE DO OESTE,PR
0.49844808126410833,ALMIRANTE TAMANDARE,PR
0.5181123296776338,SANTA TEREZA DO OESTE,PR
0.7801343230823613,ALTO PARANA,PR
0.8267912772585669,ANAHY,PR
0.22847617179839183,ALTO PIQUIRI,PR
0.4458955223880597,ANGULO,PR
0.6961360772784544,ALVORADA DO SUL,PR
0.8228699551569507,BOA ESPERANCA DO IGUACU,PR
0.5994897959183674,AMAPORA,PR
0.6402877697841727,BOM SUCESSO DO SUL,PR
0.6548902454864268,AMPERE,PR
0.6883910386965377,BRASILANDIA DO SUL,PR
0.8257922696464554,ANDIRA,PR
0.34086156419907987,CAFEZAL DO SUL,PR
0.8312055253244035,ANTONINA,PR
0.6916356576605728,CANDOI,PR
0.6859137055837563,ANTONIO OLINTO,PR
0.6669638876504681,CRUZEIRO DO IGUACU,PR
0.37793144361431935,APUCARANA,PR
0.5343082114735658,DIAMANTE DO SUL,PR
0.49570637119113575,ARAPONGAS,PR
0.5256525652565257,ENTRE RIOS DO OESTE,PR
0.7617443868739205,ARAPOTI,PR
0.5524673851389676,FAROL,PR
0.4789653212052302,ARARUNA,PR
0.29313111860054564,FAZENDA RIO GRANDE,PR
0.697986577181208,MARILANDIA DO SUL,PR
0.6903950953678474,FLOR DA SERRA DO SUL,PR
0.5489367180961782,ARAUCARIA,PR
0.6247612985359644,HONORIO SERPA,PR
0.4325796140641648,ASSAI,PR
0.5787518573551264,IGUATU,PR
0.6444021868314713,ASTORGA,PR
0.8190072639225182,IRACEMA DO OESTE,PR
0.6280788177339901,ATALAIA,PR
0.11635027556644213,NOVO ITACOLOMI,PR
0.6214218009478673,BALSA NOVA,PR
0.6439566987784289,ITAPERUCU,PR
0.4053508928041763,BANDEIRANTES,PR
0.17103825136612022,IVATE,PR
0.5606288677036294,BARBOSA FERRAZ,PR
0.29183049366535607,LIDIANOPOLIS,PR
0.539417104634496,BARRACAO,PR
0.7086183310533516,MARIPA,PR
0.5172413793103449,BARRA DO JACARE,PR
0.8701707097933513,MATO RICO,PR
0.5996450304259635,BELA VISTA DO PARAISO,PR
0.1953515739923507,MAUA DA SERRA,PR
0.638050153531218,BITURUNA,PR
0.45662734212352535,MERCEDES,PR
0.522248243559719,BOA ESPERANCA,PR
0.545414559049923,NOVA LARANJEIRAS,PR
0.6867129830655666,BOCAIUVA DO SUL,PR
0.43644488579940416,NOVA SANTA BARBARA,PR
0.518056887184404,BOM SUCESSO,PR
0.41446142377935147,PATO BRAGADO,PR
0.4037682333873582,BORRAZOPOLIS,PR
0.7750783699059561,PINHAL DE SAO BENTO,PR
0.589375448671931,CAFEARA,PR
0.9097449313276651,PITANGUEIRAS,PR
0.4895408163265306,CALIFORNIA,PR
0.6662505201831045,QUATRO PONTES,PR
0.7917983842641377,CAMBARA,PR
0.8713605082053997,RAMILANDIA,PR
0.26312618749710365,CAMBE,PR
0.07396622015142691,RANCHO ALEGRE D OESTE,PR
0.2979942693409742,CAMBIRA,PR
0.45587955021917287,RIO BONITO DO IGUACU,PR
0.5213480128893663,CAMPINA DA LAGOA,PR
0.6485102420856611,SANTA LUCIA,PR
0.6224828934506353,CAMPINA GRANDE DO SUL,PR
0.5113735783027121,CAMPO BONITO,PR
0.5757275132275133,CAMPO DO TENENTE,PR
0.3026973026973027,SANTA MARIA DO OESTE,PR
0.4143182528694565,CAMPO LARGO,PR
0.5566825775656324,SANTA MONICA,PR
0.15293156174206474,CAMPO MOURAO,PR
0.6719798657718121,SAO MANOEL DO PARANA,PR
0.4657069288389513,CANDIDO DE ABREU,PR
0.44612885760693016,SAO PEDRO DO IGUACU,PR
0.48853542656475935,CAPANEMA,PR
0.9154255319148936,TUNAS DO PARANA,PR
0.7077656675749319,CAPITAO LEONIDAS MARQUES,PR
0.4023732470334412,VENTANIA,PR
0.5877455877455877,CARLOPOLIS,PR
0.221680216802168,VILA ALTA,PR
0.3741102612847606,CASCAVEL,PR
0.7766952455183165,DOUTOR ULYSSES,PR
0.28887333799860043,CASTRO,PR
0.568,VIRMOND,PR
0.766512702078522,CATANDUVAS,PR
0.5750811688311688,LARANJAL,PR
0.5829945200636379,CENTENARIO DO SUL,PR
0.6916794282797346,ITAIPULANDIA,PR
0.5577460644401943,CERRO AZUL,PR
0.7401226158038147,NOVA ESPERANCA DO SUDOESTE,PR
0.43951496487344816,CHOPINZINHO,PR
0.29400831401391,PINHAIS,PR
0.31117397454031115,CIANORTE,PR
0.5673563218390805,SAUDADE DO IGUACU,PR
0.0676142912024587,CIDADE GAUCHA,PR
0.2981770833333333,ARIRANHA DO IVAI,PR
0.7517076502732241,CLEVELANDIA,PR
0.4188297404311483,ARAPUA,PR
0.6651790957134469,MANGUEIRINHA,PR
0.7510477787091366,BELA VISTA DA CAROBA,PR
0.38703568433298163,COLOMBO,PR
0.2471875,BOA VENTURA DE SAO ROQUE,PR
0.4186498749884249,COLORADO,PR
0.6720475785896347,BOM JESUS DO SUL,PR
0.8224804106998108,CONGONHINHAS,PR
0.41535874439461884,CAMPINA DO SIMAO,PR
0.49504950495049505,CONSELHEIRO MAYRINCK,PR
0.6233240223463687,CAMPO MAGRO,PR
0.6460411471321695,CONTENDA,PR
0.21732842492768867,CARAMBEI,PR
0.5795154713360519,CORBELIA,PR
0.6041512231282431,CORONEL DOMINGOS SOARES,PR
0.7119071227896215,CORNELIO PROCOPIO,PR
0.39450940518556177,CRUZMALTINA,PR
0.45563404548587183,CORONEL VIVIDA,PR
0.18659711075441412,CORUMBATAI DO SUL,PR
0.19408059194080593,CRUZEIRO DO OESTE,PR
0.22023346303501945,ESPERANCA NOVA,PR
0.7476565429321335,CRUZEIRO DO SUL,PR
0.7828487302171513,ESPIGAO ALTO DO IGUACU,PR
0.7213713477851084,CRUZ MACHADO,PR
0.5271705184259837,FERNANDES PINHEIRO,PR
0.40633067670337963,CURITIBA,PR
0.6113223489649345,FOZ DO JORDAO,PR
0.7010859889620794,CURIUVA,PR
0.5083418454204971,GOIOXIM,PR
0.5480370252154485,DIAMANTE DO NORTE,PR
0.8883798417326114,DIAMANTE DO OESTE,PR
0.627211562422128,DOIS VIZINHOS,PR
0.8609100310237849,GUAMIRANGA,PR
0.7576868829337094,DOUTOR CAMARGO,PR
0.11543483938365108,IMBAU,PR
0.8388245770258237,ENEAS MARQUES,PR
0.693001060445387,MANFRINOPOLIS,PR
0.7436383324309691,ENGENHEIRO BELTRAO,PR
0.5582375478927203,MARQUINHO,PR
0.3960422878828951,FAXINAL,PR
0.06350290201433936,PEROBAL,PR
0.6926246394725999,FENIX,PR
0.3845813026140895,PONTAL DO PARANA,PR
0.6953927742790852,FLORAI,PR
0.42036431574030825,PORTO BARREIRO,PR
0.8178368121442126,FLORESTA,PR
0.39052287581699346,PRADO FERREIRA,PR
0.7762521454205025,FLORESTOPOLIS,PR
0.5462114904246461,QUARTO CENTENARIO,PR
0.8269370021723389,FLORIDA,PR
0.6230299131553554,RESERVA DO IGUACU,PR
0.7618384401114207,FORMOSA DO OESTE,PR
0.6018292682926829,RIO BRANCO DO IVAI,PR
0.6632482786553261,FOZ DO IGUACU,PR
0.6833507125477929,SERRANOPOLIS DO IGUACU,PR
0.5254895480459391,FRANCISCO BELTRAO,PR
0.449868073878628,TAMARANA,PR
0.4871306005719733,GENERAL CARNEIRO,PR
0.29418496531006366,GOIOERE,PR
0.6310565855675787,GUAIRA,PR
0.37902422834384336,GUAIRACA,PR
0.5260096930533118,ROSARIO DO IVAI,PR
0.5699115044247788,GUAPIRAMA,PR
0.5798847564169722,NOVA TEBAS,PR
0.018533440773569703,GUAPOREMA,PR
0.42765273311897106,SULINA,PR
0.6690447879508522,GUARACI,PR
0.6203319502074689,LUISIANIA,PR
0.5976538880154795,GUARANIACU,PR
0.39948756720430106,GUARAPUAVA,PR
0.5211699164345404,GUARAQUECABA,PR
0.4449562773266708,GUARATUBA,PR
0.594841171103923,IBAITI,PR
0.40620834126832983,IBIPORA,PR
0.10289256198347108,ICARAIMA,PR
0.6104156234351528,IGUARACU,PR
0.6759121677398052,IMBITUVA,PR
0.5876498070282348,INACIO MARTINS,PR
0.9233268356075374,INAJA,PR
0.4660536398467433,IPIRANGA,PR
0.21611991645165254,IPORA,PR
0.6491532615823786,IRATI,PR
0.7172028510884223,IRETAMA,PR
0.3843493298746217,ITAGUAGE,PR
0.709768492377188,ITAMBARACA,PR
0.6933977455716586,ITAMBE,PR
0.6602993304450571,ITAPEJARA DO OESTE,PR
0.4929893438025799,ITAUNA DO SUL,PR
0.2432774438468839,IVAI,PR
0.33752477700693756,IVAIPORA,PR
0.6933240611961057,IVATUBA,PR
0.9253300330033003,JABOTI,PR
0.32480262809304294,JACAREZINHO,PR
0.5621100397050482,JAGUAPITA,PR
0.6144819493338856,JAGUARIAIVA,PR
0.19392359370299808,JANDAIA DO SUL,PR
0.30304635761589405,JANIOPOLIS,PR
0.3811509591326105,JAPIRA,PR
0.31435814703848813,JAPURA,PR
0.7197771587743732,JARDIM ALEGRE,PR
0.7688679245283019,JARDIM OLINDA,PR
0.5094305072331075,JATAIZINHO,PR
0.530299762777658,JOAQUIM TAVORA,PR
0.596244131455399,JUNDIAI DO SUL,PR
0.6041470311027333,JUSSARA,PR
0.2614155251141553,KALORE,PR
0.6497581137569866,LAPA,PR
0.24993038150932886,LARANJEIRAS DO SUL,PR
0.6573628488931665,LEOPOLIS,PR
0.3641398783666377,LOANDA,PR
0.8703374777975134,LOBATO,PR
0.3267626716683048,LONDRINA,PR
0.3404448479346346,LUPIONOPOLIS,PR
0.849512987012987,MALLET,PR
0.3068893528183716,MAMBORE,PR
0.5990294549147952,MANDAGUACU,PR
0.38571342164156536,MANDAGUARI,PR
0.5823575331772053,MANDIRITUBA,PR
0.6162651631641893,MANOEL RIBAS,PR
0.4272823779193206,MARECHAL CANDIDO RONDON,PR
0.22488803582853487,MARIA HELENA,PR
0.7583834335337342,MARIALVA,PR
0.05928389747603209,MARILUZ,PR
0.579778704831101,MARINGA,PR
0.48597595878649114,MARIOPOLIS,PR
0.40278657378087396,MARMELEIRO,PR
0.05407725321888412,MARUMBI,PR
0.7801724137931034,MATELANDIA,PR
0.6595954127085691,MEDIANEIRA,PR
0.543040293040293,MIRADOR,PR
0.3056576047024247,MIRASELVA,PR
0.20286043070853196,MOREIRA SALLES,PR
0.7672978878368536,MORRETES,PR
0.8525943396226415,MUNHOZ DE MELLO,PR
0.5902273826802129,NOSSA SENHORA DAS GRACAS,PR
0.714987714987715,NOVA ALIANCA DO IVAI,PR
0.7866132723112128,NOVA AMERICA DA COLINA,PR
0.20421640843281685,NOVA CANTU,PR
0.4572891613003336,NOVA ESPERANCA,PR
0.9238933471395289,NOVA FATIMA,PR
0.25718279235906194,NOVA LONDRINA,PR
0.43558111492440404,ORTIGUEIRA,PR
0.6547497446373851,OURIZONA,PR
0.6125509710415371,PAICANDU,PR
0.7798165137614679,PALMAS,PR
0.5191907364038512,PALMEIRA,PR
0.3395086588803866,PALMITAL,PR
0.7178295682013154,PALOTINA,PR
0.6609271523178808,PARAISO DO NORTE,PR
0.3637949836423119,PARANACITY,PR
0.21921464571132498,PARANAGUA,PR
0.8547528517110267,PARANAPOEMA,PR
0.5144257517551993,PARANAVAI,PR
0.14924130273871206,PATO BRANCO,PR
0.6055944055944056,PAULA FREITAS,PR
0.7223752678298133,PAULO FRONTIN,PR
0.4379943055994938,PEABIRU,PR
0.6577928363988383,PEROLA D OESTE,PR
0.375886524822695,PIEN,PR
0.8953236296066894,PINHALAO,PR
0.4556213017751479,PINHAO,PR
0.5322784810126582,PIRAI DO SUL,PR
0.41546928674324973,PIRAQUARA,PR
0.6704195890242401,PITANGA,PR
0.3797909407665505,PLANALTINA DO PARANA,PR
0.47338403041825095,PLANALTO,PR
0.10467159646853737,PONTA GROSSA,PR
0.5426261636452719,PORECATU,PR
0.8697440585009141,PORTO AMAZONAS,PR
0.5566037735849056,PORTO RICO,PR
0.7231884057971014,PORTO VITORIA,PR
0.6317923763179237,PRESIDENTE CASTELO BRANCO,PR
0.5743542435424355,PRIMEIRO DE MAIO,PR
0.7910140148392415,PRUDENTOPOLIS,PR
0.8061872025383395,QUATIGUA,PR
0.4917022285443338,QUATRO BARRAS,PR
0.3197429202651135,QUERENCIA DO NORTE,PR
0.870264064293915,QUINTA DO SOL,PR
0.6188696172248804,QUITANDINHA,PR
0.6018998272884283,RANCHO ALEGRE,PR
0.6547949002217295,REALEZA,PR
0.4736548647895177,REBOUCAS,PR
0.4510226049515608,RENASCENCA,PR
0.530751708428246,RESERVA,PR
0.8814249363867684,RIBEIRAO CLARO,PR
0.5667415730337079,RIBEIRAO DO PINHAL,PR
0.6677700872705387,RIO AZUL,PR
0.6756337299534403,RIO BOM,PR
0.574274210637847,RIO BRANCO DO SUL,PR
0.6369318567837489,RIO NEGRO,PR
0.15609386828160485,ROLANDIA,PR
0.6143914344197764,RONCADOR,PR
0.20892857142857144,RONDON,PR
0.5824561403508772,SABAUDIA,PR
0.5966578047854159,SALGADO FILHO,PR
0.7883414295628036,SALTO DO ITARARE,PR
0.734387478038652,SALTO DO LONTRA,PR
0.42172949002217297,SANTA AMELIA,PR
0.5270203272186416,SANTA CECILIA DO PAVAO,PR
0.45361096468107537,SANTA CRUZ DO MONTE CASTELO,PR
0.7747355320472931,SANTA FE,PR
0.46422628951747086,SANTA INES,PR
0.41477139507620164,SANTA IZABEL DO IVAI,PR
0.7417179131124777,SANTA IZABEL DO OESTE,PR
0.604637157482686,SANTA MARIANA,PR
0.8680277068902661,SANTA ANA DO ITARARE,PR
0.561687484068315,SANTO ANTONIO DO SUDOESTE,PR
0.31844559585492227,SANTO ANTONIO DA PLATINA,PR
0.8543381887270425,SANTO ANTONIO DO CAIUA,PR
0.8894858019953953,SANTO ANTONIO DO PARAISO,PR
0.5450741726892354,SANTO INACIO,PR
0.7551470588235294,SAO CARLOS DO IVAI,PR
0.8468164794007491,SAO JERONIMO DA SERRA,PR
0.5377947295423023,SAO JOAO,PR
0.8703825857519789,SAO JOAO DO CAIUA,PR
0.5918865334756749,SAO JOAO DO IVAI,PR
0.5724852071005917,SAO JOAO DO TRIUNFO,PR
0.7030340177750536,SAO JORGE DO IVAI,PR
0.6210922041946972,SAO JORGE D OESTE,PR
0.9523081626413941,SAO JOSE DA BOA VISTA,PR
0.28248012305292575,SAO JOSE DOS PINHAIS,PR
0.7299813780260708,SAO MATEUS DO SUL,PR
0.7062249726974882,SAO MIGUEL DO IGUACU,PR
0.43940404714253944,SAO PEDRO DO IVAI,PR
0.8275109170305677,SAO PEDRO DO PARANA,PR
0.7284039243838238,SAO SEBASTIAO DA AMOREIRA,PR
0.6739130434782609,SAO TOME,PR
0.433300876338851,SAPOPEMA,PR
0.9652207392197125,SENGES,PR
0.5788192331101644,SERTANEJA,PR
0.7505674653215637,SERTANOPOLIS,PR
0.4480415173606821,SIQUEIRA CAMPOS,PR
0.49285033365109626,TAMBOARA,PR
0.3602186154355747,TAPEJARA,PR
0.5219105031300719,TEIXEIRA SOARES,PR
0.2900183915733155,TELEMACO BORBA,PR
0.7711309921217786,TERRA BOA,PR
0.37037037037037035,TERRA RICA,PR
0.5785321539564906,TERRA ROXA,PR
0.37920489296636084,TIBAGI,PR
0.3634648370497427,TIJUCAS DO SUL,PR
0.7402627556449897,TOLEDO,PR
0.863463687150838,TOMAZINA,PR
0.1252200150867488,TUNEIRAS DO OESTE,PR
0.7181895815542272,UBIRATA,PR
0.07857487365529389,UMUARAMA,PR
0.5967019933427707,UNIAO DA VITORIA,PR
0.6696490020646937,UNIFLOR,PR
0.5217831813576495,URAI,PR
0.6004056795131846,WENCESLAU BRAZ,PR
0.4781591263650546,VERE,PR
0.5205169628432956,VITORINO,PR
0.21166484118291348,XAMBRE,PR
0.19642479373810026,ALTONIA,PR
0.7568601661983619,ASSIS CHATEAUBRIAND,PR
0.5210882025836256,QUEDAS DO IGUACU,PR
0.4837909654561559,CEU AZUL,PR
0.5505388872706088,GRANDES RIOS,PR
0.2031466913465988,INDIANOPOLIS,PR
0.4368484019825671,MATINHOS,PR
0.7518861454046639,NOVA AURORA,PR
0.03356401384083045,NOVA OLIMPIA,PR
0.24836726853630425,PEROLA,PR
0.4923224568138196,SANTA HELENA,PR
0.1742904841402337,TAPIRA,PR
0.5088495575221239,MARILENA,PR
0.38371116708648195,FRANCISCO ALVES,PR
0.5460588793922128,NOVA SANTA ROSA,PR
0.6517493897477624,BOA VISTA DA APARECIDA,PR
0.590893760539629,BRAGANEY,PR
0.5776231263383298,CAFELANDIA,PR
0.26341115665656745,TRES BARRAS DO PARANA,PR
0.6719611736157071,VERA CRUZ DO OESTE,PR
0.5063367531683766,PRANCHITA,PR
0.7741859920356056,TUPASSI,PR
0.6046381148307463,NOVA PRATA DO IGUACU,PR
0.838826281097172,JESUITAS,PR
0.18573079145002888,SAO JORGE DO PATROCINIO,PR
0.08221153846153846,MONTE CARLO,SC
0.24669843430905378,ABELARDO LUZ,SC
0.3419506462984724,IPORA DO OESTE,SC
0.27674066599394553,AGROLANDIA,SC
0.484251968503937,LINDOIA DO SUL,SC
0.4813064030941126,AGRONOMICA,SC
0.3286312541326868,APIUNA,SC
0.14536340852130325,AGUA DOCE,SC
0.38335966298051605,DOUTOR PEDRINHO,SC
0.2277941658472632,AGUAS DE CHAPECO,SC
0.6446488294314381,JOSE BOITEUX,SC
0.15322112594312245,AGUAS MORNAS,SC
0.6818638954073081,VITOR MEIRELES,SC
0.3529880478087649,ALFREDO WAGNER,SC
0.27908189880020867,UNIAO DO OESTE,SC
0.1267268862911796,ANCHIETA,SC
0.24646464646464647,URUPEMA,SC
0.1718454471764388,ANGELINA,SC
0.1787527193618564,IRACEMINHA,SC
0.06495841762193752,ANITA GARIBALDI,SC
0.2362175976633808,TIMBO GRANDE,SC
0.5637228979375991,ANITAPOLIS,SC
0.16686674669867949,ABDON BATISTA,SC
0.07471698113207548,ANTONIO CARLOS,SC
0.33388586313047597,SANTA ROSA DO SUL,SC
0.6941042438051838,ARAQUARI,SC
0.04798870853916726,CELSO RAMOS,SC
0.12256373107040601,ARARANGUA,SC
0.17235396182764604,SERRA ALTA,SC
0.40584246218049036,ARMAZEM,SC
0.13003467591357695,COCAL DO SUL,SC
0.4625176803394625,ARROIO TRINTA,SC
0.12101910828025478,NOVA ITABERABA,SC
0.45090715048025615,ASCURRA,SC
0.3902855748108372,SANTA TEREZINHA,SC
0.5490862728431789,ATALANTA,SC
0.4293966623876765,MIRIM DOCE,SC
0.3217419564510887,AURORA,SC
0.049973418394471024,CERRO NEGRO,SC
0.11555103079664036,BALNEARIO CAMBORIU,SC
0.2969881814715974,PASSO DE TORRES,SC
0.44943502824858755,BARRA VELHA,SC
0.5895895895895896,BRACO DO TROMBUDO,SC
0.200149784684516,BENEDITO NOVO,SC
0.14922813036020582,SUL BRASIL,SC
0.20472019464720195,BIGUACU,SC
0.14092446448703494,VARGEM,SC
0.2696547391267099,BLUMENAU,SC
0.5013571151609151,ARABUTA,SC
0.16204139228598308,BOM RETIRO,SC
0.3387096774193548,AGUAS FRIAS,SC
0.06737120211360634,BOTUVERA,SC
0.37045045045045044,GUATAMBU,SC
0.5458004307250538,BRACO DO NORTE,SC
0.22388059701492538,PLANALTO ALEGRE,SC
0.04117778273477582,BRUSQUE,SC
0.1460554371002132,RIQUEZA,SC
0.13334611819605588,CACADOR,SC
0.6541062801932367,LAJEADO GRANDE,SC
0.5249725576289791,CAIBI,SC
0.16972814107274062,RIO RUFINO,SC
0.2261972149892449,CAMBORIU,SC
0.5133004926108374,PASSOS MAIA,SC
0.2521916092673763,CAMPO ALEGRE,SC
0.4783555676558671,SAO JOAO DO OESTE,SC
0.10744010088272384,CAMPO BELO DO SUL,SC
0.12772397094430993,CALMON,SC
0.30879391362720965,CAMPO ERE,SC
0.4221813725490196,BALNEARIO DE BARRA DO SUL,SC
0.137218842834913,CAMPOS NOVOS,SC
0.3330742324135251,PARAISO,SC
0.11464546056991386,CANELINHA,SC
0.24510514865844815,SANTA HELENA,SC
0.41963943229766015,CANOINHAS,SC
0.12225913621262459,BELMONTE,SC
0.165539234634712,CAPINZAL,SC
0.3013205282112845,NOVO HORIZONTE,SC
0.182657274714598,CATANDUVAS,SC
0.20576923076923076,SAO MIGUEL DA BOA VISTA,SC
0.20517617711256625,CAXAMBU DO SUL,SC
0.5443786982248521,ARVOREDO,SC
0.16362548192687237,CHAPECO,SC
0.36115635179153094,IPUACU,SC
0.4129037810545642,CONCORDIA,SC
0.49785714285714283,OURO VERDE,SC
0.2922995407983045,CORONEL FREITAS,SC
0.17588325652841783,IRATI,SC
0.21449477351916377,CORUPA,SC
0.21485943775100402,FORMOSA DO SUL,SC
0.06894707568562015,CRICIUMA,SC
0.24319419237749546,MACIEIRA,SC
0.23471208434712085,CUNHA PORA,SC
0.059113300492610835,PONTE ALTA DO NORTE,SC
0.19317550294542626,CURITIBANOS,SC
0.4858490566037736,SAO CRISTOVAO DO SUL,SC
0.1370983076630538,DESCANSO,SC
0.29497825227362595,VARGEM BONITA,SC
0.37740844241800264,DIONISIO CERQUEIRA,SC
0.20960797643326534,BOMBINHAS,SC
0.4739387426114992,DONA EMMA,SC
0.3217391304347826,SANGAO,SC
0.3038336052202284,ERVAL VELHO,SC
0.37209518497862054,CAPIVARI DE BAIXO,SC
0.25947635795232515,FAXINAL DOS GUEDES,SC
0.5186766275346851,CORDILHEIRA ALTA,SC
0.2291972949132608,FLORIANOPOLIS,SC
0.0948960302457467,FORQUILHINHA,SC
0.24228375460434395,FRAIBURGO,SC
0.20490928495197439,MORRO GRANDE,SC
0.4230955846676371,GALVAO,SC
0.22030075187969925,CORONEL MARTINS,SC
0.20535437944908697,GOVERNADOR CELSO RAMOS,SC
0.4727872457394173,SAO JOAO DO ITAPERIU,SC
0.3282221301284708,GAROPABA,SC
0.40513670256835127,JARDINOPOLIS,SC
0.599858607281725,GARUVA,SC
0.4066593886462882,ERMO,SC
0.12762009194044957,GASPAR,SC
0.05973622963537626,SAO PEDRO DE ALCANTARA,SC
0.4229791560752415,GRAO PARA,SC
0.5152838427947598,SANTIAGO DO SUL,SC
0.5444075736872926,GRAVATAL,SC
0.34607778510217535,BELA VISTA DO TOLDO,SC
0.06145408522008156,GUABIRUBA,SC
0.04391891891891892,CAPAO ALTO,SC
0.19807404947700483,GUARACIABA,SC
0.06046235921754594,PAINEL,SC
0.3747105141269106,GUARAMIRIM,SC
0.24975514201762977,BOCAINA DO SUL,SC
0.14579138139347564,GUARUJA DO SUL,SC
0.32579505300353356,ALTO BELA VISTA,SC
0.18710876369327073,HERVAL D OESTE,SC
0.317428760768721,FREI ROGERIO,SC
0.32303235152100435,IBICARE,SC
0.13185378590078328,TREVISO,SC
0.7406246371763613,IBIRAMA,SC
0.5317559153175592,IOMERE,SC
0.09501630181648812,ICARA,SC
0.6069802731411229,BOM JESUS,SC
0.20186542305129915,ILHOTA,SC
0.37372147915027537,IBIAM,SC
0.362379555927943,IMARUI,SC
0.5911111111111111,ENTRE RIOS,SC
0.354051638008098,IMBITUBA,SC
0.3618368962787015,PAIAL,SC
0.49428208386277,IMBUIA,SC
0.2490023942537909,BOM JESUS DO OESTE,SC
0.3951398135818908,INDAIAL,SC
0.2259552042160738,SAO BERNARDINO,SC
0.30537552420892106,IPIRA,SC
0.10809248554913295,SANTA TEREZINHA DO PROGRESSO,SC
0.5186350435624395,IPUMIRIM,SC
0.1925373134328358,SALTINHO,SC
0.4659439076125383,IRANI,SC
0.31143552311435524,JUPIA,SC
0.34015025041736224,IRINEOPOLIS,SC
0.08036253776435046,PALMEIRA,SC
0.43402985074626865,ITA,SC
0.10675605982465189,BANDEIRANTE,SC
0.19643614764531184,ITAIOPOLIS,SC
0.07335490830636461,FLOR DO SERTAO,SC
0.09620256522488825,ITAJAI,SC
0.25472473294987674,CUNHATAI,SC
0.17698561601000626,ITAPEMA,SC
0.27038327526132405,PRINCESA,SC
0.4455470737913486,ITAPIRANGA,SC
0.38987751328865267,ITAPOA,SC
0.5087870434183321,ITUPORANGA,SC
0.0779896013864818,TIGRINHOS,SC
0.4302059496567506,JABORA,SC
0.663895486935867,CHAPADAO DO LAGEADO,SC
0.3322699798522498,JACINTO MACHADO,SC
0.2490084985835694,BALNEARIO ARROIO DO SILVA,SC
0.241847481284101,JAGUARUNA,SC
0.2589395807644883,BALNEARIO GAIVOTA,SC
0.2734207664678551,JARAGUA DO SUL,SC
0.49685094471658503,BARRA BONITA,SC
0.16779120634685252,JOACABA,SC
0.11387900355871886,BRUNOPOLIS,SC
0.6952369274963763,JOINVILLE,SC
0.3289920724801812,LUZERNA,SC
0.10381679389312977,LACERDOPOLIS,SC
0.14906027219701878,ZORTEA,SC
0.033226354540305834,LAGES,SC
0.23244580584354382,LAGUNA,SC
0.2815972222222222,LAURENTINO,SC
0.22342786683107274,LAURO MULLER,SC
0.15383167011862173,LEBON REGIS,SC
0.6384156729131175,LEOBERTO LEAL,SC
0.43205574912891986,LONTRAS,SC
0.30172602141140487,LUIS ALVES,SC
0.1439815177382724,MAFRA,SC
0.14710933028048082,MAJOR GERCINO,SC
0.2072946733140908,MAJOR VIEIRA,SC
0.21505272322724195,MARAVILHA,SC
0.26688524590163937,MAREMA,SC
0.3558366561253953,MASSARANDUBA,SC
0.24715549936788875,MATOS COSTA,SC
0.12213175425610659,MELEIRO,SC
0.3025092936802974,MODELO,SC
0.31819103630095313,MONDAI,SC
0.15760346487006738,MONTE CASTELO,SC
0.3349028129904624,MORRO DA FUMACA,SC
0.3390817223198594,NAVEGANTES,SC
0.27488584474885847,NOVA ERECHIM,SC
0.12936802973977696,NOVA TRENTO,SC
0.11473635379619607,NOVA VENEZA,SC
0.31442229638315145,ORLEANS,SC
0.27746870653685674,OURO,SC
0.15295307621267426,PALHOCA,SC
0.2017971758664955,PALMA SOLA,SC
0.19199272065514103,PALMITOS,SC
0.29197836344803774,PAPANDUVA,SC
0.3717033819422898,PAULO LOPES,SC
0.3711495116453794,PEDRAS GRANDES,SC
0.23431066749844043,PENHA,SC
0.30802707930367507,PERITIBA,SC
0.5376845376845377,PETROLANDIA,SC
0.2622896183969338,PICARRAS,SC
0.20486985726280438,PINHALZINHO,SC
0.27023581899298915,PINHEIRO PRETO,SC
0.24911158493248045,PIRATUBA,SC
0.0779049976790964,POMERODE,SC
0.19934521644234268,PONTE ALTA,SC
0.36072261072261075,PONTE SERRADA,SC
0.1332515838953607,PORTO BELO,SC
0.5040404040404041,PORTO UNIAO,SC
0.36345314074571716,POUSO REDONDO,SC
0.26153846153846155,PRAIA GRANDE,SC
0.37136294027565087,PRESIDENTE CASTELO BRANCO,SC
0.42182340272792535,PRESIDENTE GETULIO,SC
0.38199858256555635,PRESIDENTE NEREU,SC
0.33972217337787936,QUILOMBO,SC
0.14817190506735087,RANCHO QUEIMADO,SC
0.7068394925537783,RIO DAS ANTAS,SC
0.5006566850538482,RIO DO CAMPO,SC
0.33125162633359356,RIO DO OESTE,SC
0.4379108838568298,RIO DOS CEDROS,SC
0.15959448160535117,RIO DO SUL,SC
0.5414601916088536,RIO FORTUNA,SC
0.10038132025949587,RIO NEGRINHO,SC
0.46278374098187575,RODEIO,SC
0.1306888068880689,ROMELANDIA,SC
0.5088286495896543,SALETE,SC
0.32169459962756053,SALTO VELOSO,SC
0.10983915374583393,SANTA CECILIA,SC
0.6494169096209913,SANTA ROSA DE LIMA,SC
0.0926128890837352,SANTO AMARO DA IMPERATRIZ,SC
0.18538329211912696,SAO BENTO DO SUL,SC
0.27485684539302446,SAO BONIFACIO,SC
0.2963453891308464,SAO CARLOS,SC
0.4143171365726855,SAO DOMINGOS,SC
0.5849675115612012,SAO FRANCISCO DO SUL,SC
0.1345707656612529,SAO JOAO BATISTA,SC
0.3251184834123223,SAO JOAO DO SUL,SC
0.15939447907390916,SAO JOAQUIM,SC
0.17213638104967438,SAO JOSE,SC
0.3969150254785842,SAO JOSE DO CEDRO,SC
0.022585992540406132,SAO JOSE DO CERRITO,SC
0.39025153950527086,SAO LOURENCO DO OESTE,SC
0.42043343653250775,SAO LUDGERO,SC
0.2892711634223631,SAO MARTINHO,SC
0.15480274442538594,SAO MIGUEL DO OESTE,SC
0.07377544849828664,SAUDADES,SC
0.2940823069990988,SCHROEDER,SC
0.47759381898454745,SEARA,SC
0.1834303131061236,SIDEROPOLIS,SC
0.10419765328044951,SOMBRIO,SC
0.4050368415264489,TAIO,SC
0.12033824804856895,TANGARA,SC
0.16812023049369257,TIJUCAS,SC
0.2819133034379671,TIMBO,SC
0.322673031026253,TRES BARRAS,SC
0.4307692307692308,TREZE DE MAIO,SC
0.6223021582733813,TREZE TILIAS,SC
0.4089068825910931,TROMBUDO CENTRAL,SC
0.3267021574670776,TUBARAO,SC
0.4528776978417266,TUNAPOLIS,SC
0.349320882852292,TURVO,SC
0.058605919003115264,URUBICI,SC
0.16828707795651404,URUSSANGA,SC
0.4563679245283019,VARGEAO,SC
0.47218259629101283,VIDAL RAMOS,SC
0.24379614438063987,VIDEIRA,SC
0.5592948717948718,WITMARSUM,SC
0.5652667984189723,XANXERE,SC
0.3931899641577061,XAVANTINA,SC
0.47914538644875726,XAXIM,SC
0.2163023679417122,BOM JARDIM DA SERRA,SC
0.17663656884875847,MARACAJA,SC
0.19107025607353906,TIMBE DO SUL,SC
0.13723030607124936,CORREIA PINTO,SC
0.30768222338751966,OTACILIO COSTA,SC
0.3978807041531362,CANTAGALO,PR
0.40804229413649473,TURVO,PR
0.618349392542941,ALTAMIRA DO PARANA,PR
0.588992678616511,FIGUEIRA,PR
0.41458876069966505,LUNARDELLI,PR
0.6459394093686355,SARANDI,PR
0.5840020060180542,JURANDA,PR
0.18344657195799877,DOURADINA,PR
0.7622934095082636,SANTA TEREZINHA DE ITAIPU,PR
0.5956420492348636,MISSAL,PR
0.7631578947368421,SAO JOSE DAS PALMEIRAS,PR
0.11665930181175431,AUREA,RS
0.3522782949534542,TRES ARROIOS,RS
0.49475190839694655,NOVA ROMA DO SUL,RS
0.553446261682243,PROGRESSO,RS
0.8240635641316686,PIRAPO,RS
0.5073068893528184,JABOTICABA,RS
0.8243534482758621,SAO JORGE,RS
0.6837481698389458,ALTO ALEGRE,RS
0.43764533104883124,NOVA HARTZ,RS
0.504312531709792,DOIS LAJEADOS,RS
0.2534102833158447,SAO DOMINGOS DO SUL,RS
0.4650970673275506,TUNAS,RS
0.28510075982821276,SAO JOAO DA URTIGA,RS
0.5106177606177607,GUABIJU,RS
0.5108333333333334,QUINZE DE NOVEMBRO,RS
0.8123107971745711,DOUTOR MAURICIO CARDOSO,RS
0.5993066884176182,CAPELA DE SANTANA,RS
0.4997910572503134,JAQUIRANA,RS
0.24196428571428572,VANINI,RS
0.6437111429937828,BOQUEIRAO DO LEAO,RS
0.6567349472377405,FAGUNDES VARELA,RS
0.5590261828203951,AGUA SANTA,RS
0.3433179723502304,SILVEIRA MARTINS,RS
0.4243663123466885,IBIRAPUITA,RS
0.48166926677067085,IBARAMA,RS
0.6623553437712729,PANTANO GRANDE,RS
0.48791144771337025,IPE,RS
0.6599018003273323,TRINDADE DO SUL,RS
0.7502576434215046,AGUDO,RS
0.3315858453473132,ERNESTINA,RS
0.40042507970244423,AJURICABA,RS
0.9466521502449646,DEZESSEIS DE NOVEMBRO,RS
1.339356178608515,ALECRIM,RS
0.6740237691001698,BROCHIER,RS
0.6080594161335392,ALEGRETE,RS
0.14756174794173527,EREBANGO,RS
0.6019437133022879,ALPESTRE,RS
0.31949910554561717,ENTRE IJUIS,RS
0.431234232833965,ALVORADA,RS
0.8731976251060221,NOVA ESPERANCA DO SUL,RS
0.3374161563137941,ANTA GORDA,RS
0.7249498997995992,PAVERAMA,RS
0.5321075358685053,ANTONIO PRADO,RS
0.226457399103139,TERRA DE AREIA,RS
0.26830969541966987,ARATIBA,RS
0.776278118609407,HARMONIA,RS
0.6427633572366428,ARROIO DO MEIO,RS
0.6973871733966746,CAMPOS BORGES,RS
0.444581851909105,ARROIO DOS RATOS,RS
0.7375843041079092,CERRO GRANDE,RS
0.6247678903013855,ARROIO DO TIGRE,RS
0.12893772893772895,IPIRANGA DO SUL,RS
0.3961462170586568,ARROIO GRANDE,RS
0.5025346400811085,LAGOAO,RS
0.32932891466445735,ARVOREZINHA,RS
0.424551724137931,ESTACAO,RS
0.4307053941908714,AUGUSTO PESTANA,RS
0.29609647730879085,ARROIO DO SAL,RS
0.43756829244064765,BAGE,RS
0.6520864756158874,SAO JOSE DO HORTENCIO,RS
0.3293282359366466,BARAO DE COTEGIPE,RS
0.3469675599435825,PINHAL,RS
0.46469740634005763,BARRACAO,RS
0.5381463414634147,TRES CACHOEIRAS,RS
0.5503693226465504,BARRA DO RIBEIRO,RS
0.6557377049180327,SAO VENDELINO,RS
0.6166044776119403,BARROS CASSAL,RS
0.6206896551724138,PROTASIO ALVES,RS
0.21876930286055082,BENTO GONCALVES,RS
0.7011589403973509,POUSO NOVO,RS
0.8798089011817953,BOA VISTA DO BURICA,RS
0.6044066099148723,EUGENIO DE CASTRO,RS
0.4401644336175396,BOM JESUS,RS
0.3910863509749304,CRISTAL,RS
0.6047863247863248,BOM RETIRO DO SUL,RS
0.38952777098115976,SAO MIGUEL DAS MISSOES,RS
0.5558645096056622,BOSSOROCA,RS
0.40635301168714416,GLORINHA,RS
0.64794921875,BRAGA,RS
0.4691164972634871,SEGREDO,RS
0.35480805777271,BUTIA,RS
0.8343678536426005,ALEGRIA,RS
0.5226842105263158,CACAPAVA DO SUL,RS
0.6815286624203821,SALDANHA MARINHO,RS
0.5703296703296703,CACEQUI,RS
0.7968865826538176,SAO JOSE DO HERVAL,RS
0.8348474406365516,CACHOEIRA DO SUL,RS
0.6126126126126126,VISTA ALEGRE,RS
0.4450518410208693,CACHOEIRINHA,RS
0.6084099868593955,IVORA,RS
0.3790771678599841,CACIQUE DOBLE,RS
0.1896153846153846,VILA MARIA,RS
0.49592944369063774,CAIBATE,RS
0.9232907170650362,TAQUARUCU DO SUL,RS
0.4591276252019386,CAICARA,RS
0.24234135667396062,IMBE,RS
0.23214011840127605,CAMAQUA,RS
0.47217806041335453,SEDE NOVA,RS
0.6577060931899642,CAMBARA DO SUL,RS
0.6702649656526006,TUPANDI,RS
0.8161747617940971,CAMPINA DAS MISSOES,RS
0.4762734000870701,RIOZINHO,RS
0.45481481481481484,CAMPINAS DO SUL,RS
0.20578114246386786,RELVADO,RS
0.5224447836515996,CAMPO BOM,RS
0.5083381253594019,IMIGRANTE,RS
0.5618541482137585,CAMPO NOVO,RS
0.42642519036838855,CIDREIRA,RS
0.7272841839949591,CANDELARIA,RS
0.27488151658767773,MONTAURI,RS
0.9278937381404174,CANDIDO GODOI,RS
0.7533577533577533,VISTA GAUCHA,RS
0.4554520482503284,CANELA,RS
0.2209737827715356,VISTA ALEGRE DO PRATA,RS
0.3029351202317384,CANGUCU,RS
0.7257044278320874,CASEIROS,RS
0.48857560463721766,CANOAS,RS
0.722165991902834,ITACURUBI,RS
0.668426086648482,CARAZINHO,RS
0.2653927813163482,ENTRE RIOS DO SUL,RS
0.30227126288659795,CARLOS BARBOSA,RS
0.5002275830678198,CERRO GRANDE DO SUL,RS
0.2531169136673724,CASCA,RS
0.3154981549815498,CAMARGO,RS
0.2934640522875817,CATUIPE,RS
0.78846619820693,PARAISO DO SUL,RS
0.12722136859586225,CAXIAS DO SUL,RS
0.42620185549620465,CERRO LARGO,RS
0.5227576974564926,FAXINALZINHO,RS
0.5706079463858306,CHAPADA,RS
0.39592239394935874,AMARAL FERRADOR,RS
0.3770096463022508,CHIAPETA,RS
0.4165390505359878,VILA FLORES,RS
0.3805087782156933,CIRIACO,RS
0.7327293318233296,CERRO BRANCO,RS
0.4654641443026837,COLORADO,RS
0.47107438016528924,ANDRE DA ROCHA,RS
0.2840221774193548,CONDOR,RS
0.6292466765140325,POCO DAS ANTAS,RS
0.4601836237586659,CONSTANTINA,RS
0.6226851851851852,TRES PALMEIRAS,RS
0.588755980861244,CORONEL BICACO,RS
0.10671256454388985,NOVA ALVORADA,RS
0.7820669435621793,CRISSIUMAL,RS
0.28475033738191635,MORRO REDONDO,RS
0.17069915374566932,CRUZ ALTA,RS
0.5036661026508742,SANTA MARIA DO HERVAL,RS
0.7628255106814283,CRUZEIRO DO SUL,RS
0.612624584717608,BARAO,RS
0.38,DAVID CANABARRO,RS
0.4099763872491145,ELDORADO DO SUL,RS
0.6256393861892583,DOIS IRMAOS,RS
0.30059667795516853,DOM FELICIANO,RS
0.3815236952609478,ALTO FELIZ,RS
0.4713571266196863,DOM PEDRITO,RS
0.36406685236768804,AMETISTA DO SUL,RS
0.7357490057445868,DONA FRANCISCA,RS
0.14593908629441624,ARAMBARE,RS
0.2338545807933563,ENCANTADO,RS
0.5345242184816215,BARAO DO TRIUNFO,RS
0.6875102982369419,ENCRUZILHADA DO SUL,RS
0.4098684210526316,BARRA DO GUARITA,RS
0.17380176317458929,ERECHIM,RS
0.1810228802153432,BARRA DO RIO AZUL,RS
0.28545826932923707,HERVAL,RS
0.5968944099378882,BARRA FUNDA,RS
0.3003164556962025,ERVAL GRANDE,RS
0.5742857142857143,BOA VISTA DAS MISSOES,RS
0.6737166776823089,ERVAL SECO,RS
0.6180422264875239,BOM PROGRESSO,RS
0.6495327102803738,ESMERALDA,RS
0.7055109070034443,CAMPESTRE DA SERRA,RS
0.5592482236992895,ESPUMOSO,RS
0.31492225574379207,CANDIOTA,RS
0.6129995286230556,ESTANCIA VELHA,RS
0.6941176470588235,CAPITAO,RS
0.4238394637106491,ESTEIO,RS
0.34565916398713825,CARLOS GOMES,RS
0.6938313525749858,ESTRELA,RS
0.18362023995826812,CENTENARIO,RS
0.6283202571131487,FARROUPILHA,RS
0.5780922431865828,CHARRUA,RS
0.6386162904808635,FAXINAL DO SOTURNO,RS
0.6155268022181146,COLINAS,RS
0.6597038191738114,FELIZ,RS
0.5863210148924435,COQUEIROS DO SUL,RS
0.2752123552123552,FLORES DA CUNHA,RS
0.302261445118588,CORONEL BARROS,RS
0.5421612771182972,FONTOURA XAVIER,RS
0.27044989775051126,COXILHA,RS
0.7419501133786848,FORMIGUEIRO,RS
0.4795383001049318,DERRUBADAS,RS
0.4772635271893132,FREDERICO WESTPHALEN,RS
0.5110771581359816,DOIS IRMAOS DAS MISSOES,RS
0.24318152159728565,GARIBALDI,RS
0.5413333333333333,ENGENHO VELHO,RS
0.24242424242424243,GAURAMA,RS
0.6503102086858432,GARRUCHOS,RS
0.5024019215372297,GENERAL CAMARA,RS
0.28487886382623223,GENTIL,RS
0.6710892360368071,SAO VICENTE DO SUL,RS
0.4264202600958248,GRAMADO DOS LOUREIROS,RS
0.29482973187012107,GETULIO VARGAS,RS
0.599152143193594,GRAMADO XAVIER,RS
0.5698518444864273,GIRUA,RS
0.6180312201338005,HULHA NEGRA,RS
0.32452028251765735,GRAMADO,RS
0.36457564575645757,INHACORA,RS
0.3803037853201189,GRAVATAI,RS
0.23809523809523808,ITAPUCA,RS
0.3855215203054495,GUAIBA,RS
0.6573161485974223,LAJEADO DO BUGRE,RS
0.29401821767302094,GUAPORE,RS
0.6717763751127142,LAGOA DOS TRES CANTOS,RS
0.5823791965845139,GUARANI DAS MISSOES,RS
0.7244655581947743,LINDOLFO COLLOR,RS
0.836999178607283,HORIZONTINA,RS
0.41100702576112413,LINHA NOVA,RS
0.5151819154628143,CHARQUEADAS,RS
0.5634425377015081,MANOEL VIANA,RS
0.7043929225137279,HUMAITA,RS
0.333762223365929,MAQUINE,RS
0.30954843157531886,IBIACA,RS
0.8096828046744574,MARATA,RS
0.8133524766690596,IBIRAIARAS,RS
0.49790405216581274,MARIANA PIMENTEL,RS
0.44507872203296195,IBIRUBA,RS
0.25785417901600477,MATO CASTELHANO,RS
0.5656345695814903,IGREJINHA,RS
0.761495487752471,MATO LEITAO,RS
0.2656731878428326,IJUI,RS
0.48088721094856063,MINAS DO LEAO,RS
0.2441860465116279,ILOPOLIS,RS
0.11068334937439846,MONTE BELO DO SUL,RS
0.9335854407941385,INDEPENDENCIA,RS
0.6651870640456563,MORMACO,RS
0.3829611248966088,IRAI,RS
0.3175422138836773,MORRINHOS DO SUL,RS
0.3989007074151356,ITAQUI,RS
0.5580128205128205,MORRO REUTER,RS
0.24401095140314852,ITATIBA DO SUL,RS
0.5471698113207547,MULITERNO,RS
0.643362831858407,IVOTI,RS
0.39438815276695244,NICOLAU VERGUEIRO,RS
0.17429837518463812,JACUTINGA,RS
0.6329442282749675,NOVA BOA VISTA,RS
0.44193740488321315,JAGUARAO,RS
0.40460720614294154,NOVA PADUA,RS
0.7478001703093954,JAGUARI,RS
0.5001281722635221,NOVA SANTA RITA,RS
0.5059997983261066,JULIO DE CASTILHOS,RS
0.8092320261437909,NOVO BARREIRO,RS
0.7155226590321905,LAGOA VERMELHA,RS
0.9232520325203252,NOVO MACHADO,RS
0.7648115925492769,LAJEADO,RS
0.5925925925925926,NOVO TIRADENTES,RS
0.5618512110726643,LAVRAS DO SUL,RS
0.7799167533818938,PARECI NOVO,RS
0.625,LIBERATO SALZANO,RS
0.6833679217313964,PASSO DO SOBRADO,RS
0.6174161313347609,MACHADINHO,RS
0.2375713121434393,PICADA CAFE,RS
0.14560659164975712,MARAU,RS
0.7226041245450869,PINHAL GRANDE,RS
0.4167848029486816,MARCELINO RAMOS,RS
0.5197486535008977,PINHEIRINHO DO VALE,RS
0.5776045357902198,MARIANO MORO,RS
0.5912465806955842,PONTAO,RS
0.7389818927229245,MATA,RS
0.22959183673469388,PONTE PRETA,RS
0.4178712220762155,MAXIMILIANO DE ALMEIDA,RS
1.049218297625941,PORTO MAUA,RS
0.4657332350773766,MIRAGUAI,RS
1.2178883658372561,PORTO VERA CRUZ,RS
0.6481244671781756,MONTENEGRO,RS
0.48,PRESIDENTE LUCENA,RS
0.241991643454039,MOSTARDAS,RS
0.32647462277091904,QUEVEDOS,RS
0.3892959541255177,MUCUM,RS
0.5753365175857577,RIO DOS INDIOS,RS
0.5866351271437019,NAO ME TOQUE,RS
0.6083601286173633,SAGRADA FAMILIA,RS
0.6116536997185896,NONOAI,RS
0.5521405049396267,SALVADOR DAS MISSOES,RS
0.29460379192999514,NOVA ARACA,RS
0.7414001207000603,SANTA CLARA DO SUL,RS
0.37823834196891193,NOVA BASSANO,RS
0.6656848306332842,SANTA TEREZA,RS
0.5988023952095808,NOVA BRESCIA,RS
0.1724137931034483,SANTO ANTONIO DO PALMA,RS
0.616738964021434,NOVA PALMA,RS
0.5159033078880407,SANTO ANTONIO DO PLANALTO,RS
0.35092650426816574,NOVA PETROPOLIS,RS
0.3018633540372671,SANTO EXPEDITO DO SUL,RS
0.37421851741589757,NOVA PRATA,RS
0.7097862767154106,SAO JOAO DO POLESINE,RS
0.5740859990018835,NOVO HAMBURGO,RS
0.3151981076286221,SAO JOSE DOS AUSENTES,RS
0.2319476924545411,OSORIO,RS
1.2093908629441625,SAO JOSE DO INHACORA,RS
0.2886949924127466,PAIM FILHO,RS
0.5915354330708661,SAO JOSE DAS MISSOES,RS
0.5476291664136969,PALMEIRA DAS MISSOES,RS
0.33093525179856115,SAO MARTINHO DA SERRA,RS
0.6493376655836041,PALMITINHO,RS
0.5527173913043478,SAO PEDRO DA SERRA,RS
0.2950447959296538,PANAMBI,RS
0.5874233128834356,SAO PEDRO DO BUTIA,RS
0.2889865076874804,PARAI,RS
0.659297789336801,SAO VALENTIM DO SUL,RS
0.29532206272307193,PASSO FUNDO,RS
0.37133277451802177,SAO VALERIO DO SUL,RS
0.3880497556641493,PEDRO OSORIO,RS
0.5005279831045406,SENTINELA DO SUL,RS
0.3151585460170147,PEJUCARA,RS
0.8076009501187649,SERIO,RS
0.28507217615233776,PELOTAS,RS
0.46784270488790886,SERTAO SANTANA,RS
0.34273814322181917,PINHEIRO MACHADO,RS
0.6011988716502116,SINIMBU,RS
0.2552472611856251,PIRATINI,RS
0.5825314581791265,TIRADENTES DO SUL,RS
0.3423569752752211,PLANALTO,RS
0.8300852618757613,TRAVESSEIRO,RS
0.6140160891089109,PORTAO,RS
0.5394291243347847,TRES FORQUILHAS,RS
0.3996551779271237,PORTO ALEGRE,RS
0.43523809523809526,TUPANCI DO SUL,RS
1.1098265895953756,PORTO LUCENA,RS
0.17726887192536048,UNIAO DA SERRA,RS
0.4933996228355906,PORTO XAVIER,RS
0.6785653865674167,VALE DO SOL,RS
0.5316455696202531,PUTINGA,RS
0.2760103181427343,VALE REAL,RS
0.42013319177685554,QUARAI,RS
0.4810606060606061,VILA NOVA DO SUL,RS
0.6008052919183204,REDENTORA,RS
0.591018444266239,VITORIA DAS MISSOES,RS
0.5241888251142087,RESTINGA SECA,RS
0.3475668397768802,XANGRI-LA,RS
0.10493580482206716,RIO GRANDE,RS
0.35857716580608145,BOA VISTA DO SUL,RS
0.6572882517003474,RIO PARDO,RS
0.35237556561085975,DILERMANDO DE AGUIAR,RS
0.2807471795820233,ROCA SALES,RS
0.2938623682579045,CAPIVARI DO SUL,RS
0.5031308703819661,RODEIO BONITO,RS
0.8511099079588522,NOVA CANDELARIA,RS
0.42464246424642466,ROLANTE,RS
0.24919923126201154,FLORIANO PEIXOTO,RS
0.617059891107078,RONDA ALTA,RS
0.19883441892355158,CHUVISCA,RS
0.7496025437201908,RONDINHA,RS
0.6243858865564984,ESPERANCA DO SUL,RS
0.7421259842519685,ROQUE GONZALES,RS
0.22748091603053436,DOUTOR RICARDO,RS
0.5689039111540318,ROSARIO DO SUL,RS
0.7017028772753964,HERVEIRAS,RS
0.686223830447144,SALVADOR DO SUL,RS
0.4505770195684897,CARAA,RS
0.38679694947569115,SANANDUVA,RS
0.6735202492211838,FAZENDA VILANOVA,RS
0.4051458597572024,SANTA BARBARA DO SUL,RS
0.40816326530612246,ITAARA,RS
0.49718753427447787,SANTA CRUZ DO SUL,RS
0.5032194155522536,ESTRELA VELHA,RS
0.355195026539192,SANTA MARIA,RS
0.32148900169204736,BENJAMIN CONSTANT DO SUL,RS
0.4195162635529608,SANTANA DA BOA VISTA,RS
0.5666525603046975,MACAMBARA,RS
0.31147128509424865,SANTANA DO LIVRAMENTO,RS
0.42292490118577075,DOM PEDRO DE ALCANTARA,RS
1.3932331882633722,SANTA ROSA,RS
0.7180232558139535,UNISTALDA,RS
0.25069227596771343,SANTA VITORIA DO PALMAR,RS
0.3977226514843432,TURUCU,RS
0.6375986145853377,SANTIAGO,RS
0.5652687536916716,CRISTAL DO SUL,RS
0.43487199569239804,SANTO ANGELO,RS
0.8123441396508728,MUITOS CAPOES,RS
0.398027440066403,SANTO ANTONIO DA PATRULHA,RS
0.3860724233983287,NOVA RAMADA,RS
0.5007742335088262,SANTO ANTONIO DAS MISSOES,RS
0.7235729386892178,JARI,RS
0.5436929616202025,SANTO AUGUSTO,RS
0.4041666666666667,UBIRETAMA,RS
1.1087958324984972,SANTO CRISTO,RS
0.49870934434692826,BARRA DO QUARAI,RS
0.7506058468051168,SAO BORJA,RS
0.2611901000526593,CERRITO,RS
0.851928066565268,SAO FRANCISCO DE ASSIS,RS
0.5785714285714286,VALE VERDE,RS
0.5661807020909265,SAO FRANCISCO DE PAULA,RS
0.8930693069306931,NOVO CABRAIS,RS
0.16413717385688453,SAO GABRIEL,RS
0.5666452028332261,SETE DE SETEMBRO,RS
0.46651532349602726,SAO JERONIMO,RS
0.6567759078830824,TABAI,RS
0.1783294150186696,SAO JOSE DO NORTE,RS
0.48054354539839406,VILA LANGARO,RS
0.47778664538441074,SAO JOSE DO OURO,RS
0.744258872651357,SENADOR SALGADO FILHO,RS
0.5313829523478951,SAO LEOPOLDO,RS
0.4909431605246721,VESPASIANO CORREA,RS
0.3124851555696303,SAO LOURENCO DO SUL,RS
0.7727489280609814,MONTE ALEGRE DOS CAMPOS,RS
0.4354429011511647,SAO LUIS GONZAGA,RS
0.5930397727272727,MARQUES DE SOUZA,RS
0.5269036519036518,SAO MARCOS,RS
0.2190214906264289,CHUI,RS
0.4587254638343641,SAO MARTINHO,RS
0.497398091934085,ARARICA,RS
0.532156368221942,SAO NICOLAU,RS
0.7522091310751104,PASSA SETE,RS
0.8069282945736435,SAO PAULO DAS MISSOES,RS
0.8030075187969925,TOROPI,RS
0.45952566529339717,SAO PEDRO DO SUL,RS
0.3000521376433785,BALNEARIO PINHAL,RS
0.7799167958234766,SAO SEBASTIAO DO CAI,RS
0.467012987012987,MAMPITUBA,RS
0.4603955965273427,SAO SEPE,RS
0.39001919385796546,SAO VALENTIM,RS
0.6378763866877971,ACEGUA,RS
0.6591160369980854,SAPIRANGA,RS
0.6595441595441596,ALMIRANTE TAMANDARE DO SUL,RS
0.49459824442943956,SAPUCAIA DO SUL,RS
0.13084632516703787,ARROIO DO PADRE,RS
0.5640950994662786,SARANDI,RS
0.3463855421686747,BOA VISTA DO CADEADO,RS
0.4980769230769231,SEBERI,RS
0.3317340644276902,BOA VISTA DO INCRA,RS
0.5758913412563668,SELBACH,RS
0.35666052793124614,BOZANO,RS
0.22746781115879827,SERAFINA CORREA,RS
0.7729052466718872,CANUDOS DO VALE,RS
0.19805040418449835,SERTAO,RS
0.7439024390243902,CAPAO BONITO DO SUL,RS
0.42604501607717044,SEVERIANO DE ALMEIDA,RS
0.7563587684069611,CAPAO DO CIPO,RS
0.3560473694428266,CAPAO DA CANOA,RS
0.5167364016736402,COQUEIRO BAIXO,RS
0.5421116668919832,SOBRADINHO,RS
0.23897707231040563,CORONEL PILAR,RS
0.5258188061278394,SOLEDADE,RS
0.2582826233941853,CRUZALTENSE,RS
0.4500806151556493,TAPEJARA,RS
0.7720455908818237,FORQUETINHA,RS
0.5583853083853084,TAPERA,RS
0.4386973180076628,SANTA CECILIA DO SUL,RS
0.28324022346368716,ITATI,RS
0.4259667866682151,TAPES,RS
0.5921745673438675,JACUIZINHO,RS
0.3614421819540445,TAQUARA,RS
0.5691456668715427,LAGOA BONITA DO SUL,RS
0.7752145168096779,TAQUARI,RS
0.5232558139534884,MATO QUEIMADO,RS
0.5226912548624117,TENENTE PORTELA,RS
0.6913793103448276,NOVO XINGU,RS
0.3608687221252666,TORRES,RS
0.1875,PAULO BENTO,RS
0.219525481176613,TRAMANDAI,RS
0.7555192150449714,PINHAL DA SERRA,RS
0.423595951577694,TRES COROAS,RS
0.20054945054945056,QUATRO IRMAOS,RS
0.7480743410359691,TRES DE MAIO,RS
0.9384349827387802,ROLADOR,RS
0.5048596532151466,TRES PASSOS,RS
0.7310597726439311,TRIUNFO,RS
0.33878968253968256,SANTA MARGARIDA DO SUL,RS
1.1623762376237623,TUCUNDUVA,RS
0.8004518072289156,SAO JOSE DO SUL,RS
0.5576712827988338,TUPANCIRETA,RS
0.6638152266894782,SAO PEDRO DAS MISSOES,RS
1.0974412898703119,TUPARENDI,RS
0.4103299856527977,TIO HUGO,RS
0.21163465386154462,URUGUAIANA,RS
0.5245305875227135,WESTFALIA,RS
0.7311009110508381,VACARIA,RS
0.5242656449553001,PINTO BANDEIRA,RS
0.604259415232824,VENANCIO AIRES,RS
0.3889304412864622,PEDRAS ALTAS,RS
0.6527447279888405,VERA CRUZ,RS
0.5572611405712159,VERANOPOLIS,RS
0.34975216852540275,VIADUTOS,RS
0.3826337293853444,VIAMAO,RS
0.26930826057756885,VICENTE DUTRA,RS
0.28519306780176346,PALMARES DO SUL,RS
0.4003896736483195,VICTOR GRAEFF,RS
0.10899437851342911,TAVARES,RS
0.4462502116133401,CAPAO DO LEAO,RS
0.45517004465819305,SALTO DO JACUI,RS
0.4734642707898036,COTIPORA,RS
0.31126428441864684,COLNIZA,MT
0.5998505231689089,COLIDER,MT
0.6924072476272649,CURVELANDIA,MT
0.5747994336951392,NOVA BRASILANDIA,MT
0.536741214057508,NOVA SANTA HELENA,MT
0.2812989602620709,PARANATINGA,MT
0.662,SANTO ANTONIO DO LESTE,MT
0.16596879660433636,SINOP,MT
0.7604424860001836,ALTA FLORESTA,MT
0.7258342472191759,ARAPUTANGA,MT
0.503320587643389,JAURU,MT
0.7792979701693394,SAO JOSE DOS QUATRO MARCOS,MT
0.5735650767987065,RIO BRANCO,MT
0.8125516102394715,RONDOLANDIA,MT
0.740672501151543,SALTO DO CEU,MT
0.7955217309264734,PONTES E LACERDA,MT
0.3065015479876161,ACORIZAL,MT
0.20206971677559912,SAO JOSE DO POVO,MT
0.09147149801148917,AGUA CLARA,MS
0.30158730158730157,ALTO DA BOA VISTA,MT
0.10991452991452992,ALTO ARAGUAIA,MT
0.45243204577968527,QUERENCIA,MT
0.08005684509711038,ALTO GARCAS,MT
0.7052200614124872,CANABRAVA DO NORTE,MT
0.3870043000477783,ALTO PARAGUAI,MT
0.28398058252427183,SANTA CARMEM,MT
0.1111111111111111,AMAMBAI,MS
0.5906401291016675,NOVA MARINGA,MT
0.0936296030821611,ANASTACIO,MS
0.3615133115366651,NOVA GUARITA,MT
0.3619994625100779,ANAURILANDIA,MS
0.14616755793226383,NOVA MARILANDIA,MT
0.0457084814626714,ANTONIO JOAO,MS
0.3902439024390244,PORTO ESTRELA,MT
0.18738656987295826,APARECIDA DO TABUADO,MS
0.7941919191919192,GLORIA D OESTE,MT
0.134438921812273,AQUIDAUANA,MS
0.11679604798870855,TABAPORA,MT
0.14657534246575343,ARAGUAINHA,MT
0.8207391064533922,SAO JOSE DO XINGU,MT
0.41766497461928936,ARENAPOLIS,MT
0.7360912981455064,APIACAS,MT
0.32142857142857145,ARIPUANA,MT
0.4853531598513011,CONFRESA,MT
0.04557721139430285,BANDEIRANTES,MS
0.47251461988304094,LAMBARI D OESTE,MT
0.26031215161649945,BARAO DE MELGACO,MT
0.6217494089834515,SANTO AFONSO,MT
0.2747861894203358,BARRA DO BUGRES,MT
0.7751430907604252,PLANALTO DA SERRA,MT
0.1313374039787276,BARRA DO GARCAS,MT
0.3099801718440185,NOVA MONTE VERDE,MT
0.13901657612480847,BATAGUACU,MS
0.4449525149489975,NOVA BANDEIRANTE,MT
0.21863305101437858,BATAIPORA,MS
0.20481335952848723,SAO PEDRO DA CIPA,MT
0.02321675558190081,BELA VISTA,MS
0.39089529590288313,COTRIGUACU,MT
0.16267776621574748,BONITO,MS
0.4514018691588785,RIBEIRAOZINHO,MT
0.016144171203303925,BRASILANDIA,MS
0.3001841620626151,BRASNORTE,MT
0.7789537511713798,CACERES,MT
0.33547227926078027,CAMPO NOVO DO PARECIS,MT
0.2070386064030132,CAMAPUA,MS
0.20342564787009232,CAMPO VERDE,MT
0.14403402855703215,CAMPO GRANDE,MS
0.6704784130688448,CLAUDIA,MT
0.023881893182805036,CARACOL,MS
0.3474220623501199,CASTANHEIRA,MT
0.3292720384969796,CAARAPO,MS
0.40306712962962965,JANGADA,MT
0.016776075857038657,CASSILANDIA,MS
0.4128741287412874,JURUENA,MT
0.1537589112119248,CHAPADA DOS GUIMARAES,MT
0.13149127963942778,LUCAS DO RIO VERDE,MT
0.15663265306122448,CORGUINHO,MS
0.44951316263974034,MATUPA,MT
0.014436528649690814,CORUMBA,MS
0.341714821177573,NOVA MUTUM,MT
0.05532031143286436,COXIM,MS
0.6060126582278481,RIBEIRAO CASCALHEIRA,MT
0.3857910178666077,CUIABA,MT
0.21083092186854072,TAPURAH,MT
0.19500924214417745,DIAMANTINO,MT
0.09831570701135918,PONTAL DO ARAGUAIA,MT
0.37534690101757634,DOM AQUINO,MT
0.17615658362989323,SAPEZAL,MT
0.3408638418476097,DOURADOS,MS
0.5161290322580645,CAMPOS DE JULIO,MT
0.1198725197902745,FATIMA DO SUL,MS
0.8529360515769298,CARLINDA,MT
0.0856581532416503,GENERAL CARNEIRO,MT
0.014814814814814815,FELIZ NATAL,MT
0.40862895493767976,GLORIA DE DOURADOS,MS
0.4217410915651782,NOVO MUNDO,MT
0.13625212304208342,GUIA LOPES DA LAGUNA,MS
0.47558528428093644,GAUCHA DO NORTE,MT
0.23260523651092146,GUIRATINGA,MT
0.5118168389955687,UNIAO DO SUL,MT
0.23529411764705882,IGUATEMI,MS
0.7525773195876289,NOVA LACERDA,MT
0.009285530049006964,INOCENCIA,MS
0.13791208791208792,NOVA UBIRATA,MT
0.5098430102167955,ITAPORA,MS
0.43027522935779816,BOM JESUS DO ARAGUAIA,MT
0.24519581610313793,ITIQUIRA,MT
0.3613636363636364,SERRA NOVA DOURADA,MT
0.3746536777191885,IVINHEMA,MS
0.4289897510980966,NOVO SANTO ANTONIO,MT
0.14906886858749122,JACIARA,MT
0.14418604651162792,NOVA NAZARE,MT
0.08631851532153648,JARAGUARI,MS
0.5936139332365747,SANTA CRUZ DO XINGU,MT
0.07282105079115307,JARDIM,MS
0.7396078431372549,CONQUISTA D OESTE,MT
0.2687184198438218,JATEI,MS
0.5951792336217553,VALE DE SAO DOMINGOS,MT
0.02310567448182127,LADARIO,MS
0.6427503736920778,SANTA RITA DO TRIVELATO,MT
0.2777276825969342,LUCIARA,MT
0.20546318289786222,BOA ESPERANCA DO NORTE,MT
0.14302085720834287,MARACAJU,MS
0.16417910447761194,IPIRANGA DO NORTE,MT
0.5876421368804977,VILA BELA DA SANTISSIMA TRINDADE,MT
0.21793973370707778,ITANHANGA,MT
0.06094257854821235,MIRANDA,MS
0.08289071302108482,NAVIRAI,MS
0.1607505863956216,NIOAQUE,MS
0.11906449326718639,NOBRES,MT
0.18186323092170467,NORTELANDIA,MT
0.14111037673496366,NOSSA SENHORA DO LIVRAMENTO,MT
0.1740063788027478,NOVA ANDRADINA,MS
0.02391575015563395,PARANAIBA,MS
0.12625890444608204,PEDRO GOMES,MS
0.13840418781725888,POCONE,MT
0.054519715489261794,PONTA PORA,MS
0.10267857142857142,PONTE BRANCA,MT
0.09094809094809095,PORTO DOS GAUCHOS,MT
0.021113641068101843,PORTO MURTINHO,MS
0.4706925207756233,POXOREO,MT
0.07804655408489275,RIBAS DO RIO PARDO,MS
0.3658119658119658,RIO BRILHANTE,MS
0.0468384074941452,RIO NEGRO,MS
0.10188286935427977,RIO VERDE DE MATO GROSSO,MS
0.10642570281124498,ROCHEDO,MS
0.1509531674271478,RONDONOPOLIS,MT
0.1770807908225531,ROSARIO OESTE,MT
0.24146888652733497,SANTO ANTONIO DO LEVERGER,MT
0.10233160621761658,SIDROLANDIA,MS
0.06596442756000691,TERENOS,MS
0.12980769230769232,TESOURO,MT
0.16074450084602368,TORIXOREU,MT
0.05903857696295084,TRES LAGOAS,MS
0.2722754850599466,VARZEA GRANDE,MT
0.24201152435830278,ANGELICA,MS
0.13292964244521338,ARAL MOREIRA,MS
0.34656084656084657,ELDORADO,MS
0.2834186826770263,DEODAPOLIS,MS
0.6085568963797746,MIRASSOL D OESTE,MT
0.04141337386018237,CHAPADAO DO SUL,MS
0.38430832759807293,MUNDO NOVO,MS
0.22841555977229602,DOIS IRMAOS DO BURITI,MS
0.13618898534225132,PEDRA PRETA,MT
0.1015897634742148,JUTY,MS
0.529501525940997,SAO FELIX DO ARAGUAIA,MT
0.12428182642878742,PARANHOS,MS
0.6597035944206009,TANGARA DA SERRA,MT
0.017999307718933887,SANTA RITA DO PARDO,MS
0.03080168776371308,SONORA,MS
0.24154917615084084,JUSCIMEIRA,MT
0.11449371277299801,VICENTINA,MS
0.10739387123980883,AGUA BOA,MT
0.37839987275330045,CANARANA,MT
0.3245962732919255,NOVA XAVANTINA,MT
0.6672489082969433,SANTA TEREZINHA,MT
0.4218778486782133,SAO JOSE DO RIO CLARO,MT
0.847953216374269,BERNARDO SAYAO,TO
0.3675087589894892,ABADIANIA,GO
0.23452157598499063,BONFINOPOLIS,GO
0.29133284777858703,AGUA LIMPA,GO
0.7931750741839763,BURITI DO TOCANTINS,TO
0.2352437981180496,ALEXANIA,GO
0.414983164983165,CAMPOS VERDES,GO
0.5435516542876435,ALMAS,TO
0.5084322298563397,CASEARA,TO
0.06254343293954134,ALOANDIA,GO
0.46554704865398866,CEZARINA,GO
0.7193708609271523,ALTO PARAISO,GO
0.8687040181097906,COLINAS DO SUL,GO
0.16180877145192046,ALVORADA,TO
0.3699074074074074,COMBINADO,TO
0.8404735062006764,ALVORADA DO NORTE,GO
0.23311258278145697,MORRO AGUDO DE GOIAS,GO
0.27761627906976744,AMORINOPOLIS,GO
0.2746925083861349,DIVINOPOLIS DO TOCANTINS,TO
0.2200517768886797,ANANAS,TO
0.7008785942492013,EDEALINA,GO
0.3762315769335482,ANAPOLIS,GO
0.327683615819209,FAINA,GO
0.05244755244755245,ANHANGUERA,GO
0.40531276778063413,GOIANORTE,TO
0.5438195548489666,ANICUNS,GO
0.301986218078638,GOUVELANDIA,GO
0.48435918702775094,APARECIDA DE GOIANIA,GO
0.2755681818181818,ITAGUARI,GO
0.6146540027137042,APORE,GO
0.22105263157894736,MARIANOPOLIS DO TOCANTINS,TO
0.37215477996965096,ARACU,GO
0.38731825525040386,MATRINCHA,GO
0.5822196397443347,ARAGARCAS,GO
0.3966359196961476,MIMOSO DE GOIAS,GO
0.5428724544480171,ARAGOIANIA,GO
0.3258192444166145,MONTIVIDIU,GO
0.5740498034076016,ARAGUACEMA,TO
0.22879413113250802,ARAGUACU,TO
0.11795891318754141,NOVA ROSALANDIA,TO
0.14989562476036297,ARAGUAINA,TO
0.5290532730902595,ARAGUATINS,TO
0.254,NOVO PLANALTO,GO
0.6683781334944126,ARAPOEMA,TO
0.2285559174809989,PALESTINA DE GOIAS,GO
0.197509765625,ARRAIAS,TO
0.21556307394876753,PEQUIZEIRO,TO
0.2842315369261477,ARUANA,GO
0.6635030198446937,PORTO ALEGRE DO TOCANTINS,TO
0.4212962962962963,AURILANDIA,GO
0.8856617647058823,PRAIA NORTE,TO
0.14789139225880993,AURORA DO TOCANTINS,TO
0.8273062730627306,SAMPAIO,TO
0.5911986103068906,AVELINOPOLIS,GO
0.20385795703638754,SANTA FE DE GOIAS,GO
0.8604368932038835,AXIXA DO TOCANTINS,TO
0.09332579185520362,SANTA ROSA DO TOCANTINS,TO
0.24298556251702533,BABACULANDIA,TO
0.7781324820430966,SANTA TEREZA DO TOCANTINS,TO
0.47286012526096033,BALIZA,GO
0.4277360066833751,SAO JOAO DA PARAUNA,GO
0.892051282051282,BARRO ALTO,GO
0.17788255465066438,SAO LUIZ DO NORTE,GO
0.3807673143996014,BELA VISTA DE GOIAS,GO
0.3052896725440806,SAO MIGUEL DO PASSA QUATRO,GO
0.17041420118343195,BOM JARDIM DE GOIAS,GO
0.521311475409836,SAO VALERIO DA NATIVIDADE,TO
0.42388869237118265,BOM JESUS,GO
0.5490296877008096,SENADOR CANEDO,GO
0.6837294332723949,BRAZABRANTES,GO
0.9164619164619164,SIMOLANDIA,GO
0.395066889632107,BREJINHO DE NAZARE,TO
0.12079207920792079,BRITANIA,GO
0.8358895705521472,TERESINA DE GOIAS,GO
0.642536704730832,BURITI ALEGRE,GO
0.5864049784585926,TROMBAS,GO
0.8180778032036613,CABECEIRAS,GO
0.781183932346723,TURVELANDIA,GO
0.4920332936979786,CACHOEIRA ALTA,GO
0.24169184290030213,RIO QUENTE,GO
0.33811475409836067,CACHOEIRA DE GOIAS,GO
0.5197483397413492,CACU,GO
0.3630343166767008,GUARINOS,GO
0.4972265680557531,CAIAPONIA,GO
0.4048080025814779,COCALZINHO DE GOIAS,GO
0.12683961087553006,CALDAS NOVAS,GO
0.6496138996138996,SANTO ANTONIO DE GOIAS,GO
0.20787492762015056,CAMPESTRE DE GOIAS,GO
0.3871822033898305,CHAPADAO DO CEU,GO
0.27378304917222634,CAMPINORTE,GO
0.4127284183994959,ALTO HORIZONTE,GO
0.6318703044681693,CAMPO ALEGRE DE GOIAS,GO
0.5378614043139055,CASTELANDIA,GO
0.771980172188886,CAMPOS BELOS,GO
0.45182724252491696,JESUPOLIS,GO
0.5053712103127238,CARMO DO RIO VERDE,GO
0.6313065976714101,APARECIDA DO RIO DOCE,GO
0.05816541875054205,CATALAO,GO
0.5116477459150863,CIDADE OCIDENTAL,GO
0.6464199517296862,CATURAI,GO
0.43573988735279057,PROFESSOR JAMIL,GO
0.4654568608723337,CAVALCANTE,GO
0.5211835911230666,PEROLANDIA,GO
0.47802834477226136,CERES,GO
0.6459854014598541,NOVA IGUACU DE GOIAS,GO
0.6214371738257728,DIVINOPOLIS DE GOIAS,GO
0.18631955079122,BURITI DE GOIAS,GO
0.6637698792039628,COLINAS DO TOCANTINS,TO
0.4647733478973239,CALDAZINHA,GO
0.4815950920245399,CONCEICAO DO TOCANTINS,TO
0.375,GUARAITA,GO
0.7140633108458744,CORREGO DO OURO,GO
0.6601842374616171,INACIOLANDIA,GO
0.11562703760052162,CORUMBA DE GOIAS,GO
0.7830028328611898,MONTIVIDIU DO NORTE,GO
0.5132618510158014,CORUMBAIBA,GO
0.4697493517718237,SANTO ANTONIO DA BARRA,GO
0.3414141414141414,COUTO DE MAGALHAES,TO
0.38971132494448557,TEREZOPOLIS DE GOIAS,GO
0.11028236547682473,CRISTALANDIA,TO
0.3383084577114428,UIRAPURU,GO
0.3578297185372359,CRISTALINA,GO
0.9210858585858586,BURITINOPOLIS,GO
0.34839019702066315,CRISTIANOPOLIS,GO
0.8274626865671642,VILA BOA,GO
0.446999852572608,CRIXAS,GO
0.23949199858451617,VALPARAISO,GO
0.37751479289940826,CROMINIA,GO
0.54157760283614,NOVO GAMA,GO
0.09900410076157,CUMARI,GO
0.4747047599401784,AGUAS LINDAS,GO
0.9457863660762211,DAMIANOPOLIS,GO
0.6517629952744457,ABADIA DE GOIAS,GO
0.45898123324396783,DAMOLANDIA,GO
0.5592193808882907,AMARALINA,GO
0.012256669069935111,DAVINOPOLIS,GO
0.7641707487753674,BONOPOLIS,GO
0.11859025242101921,DIANOPOLIS,TO
0.41158348736906963,PORTEIRAO,GO
0.3574938574938575,DIORAMA,GO
0.6579198473282443,SANTA RITA DO NOVO DESTINO,GO
0.5304504504504505,DOIS IRMAOS DO TOCANTINS,TO
0.10680970149253731,DUERE,TO
0.1699761715647339,SAO PATRICIO,GO
0.3445867287543655,EDEIA,GO
0.7426308842938847,VILA PROPICIO,GO
0.8210877862595419,ESTRELA DO NORTE,GO
0.6657732511391048,FAZENDA NOVA,GO
0.1944977607165707,IPIRANGA DE GOIAS,GO
0.25492435055666574,FILADELFIA,TO
0.6255707762557078,GAMELEIRA DE GOIAS,GO
0.6803293687099725,FIRMINOPOLIS,GO
0.30972477064220183,CAMPO LIMPO DE GOIAS,GO
0.8465184104994532,FLORES DE GOIAS,GO
0.6073211314475874,LAGOA SANTA,GO
0.7931148353009164,FORMOSA,GO
0.21939113170086036,FORMOSO,GO
0.22106523040095752,FORMOSO DO ARAGUAIA,TO
0.34683318465655666,GOIANAPOLIS,GO
0.14660601819454164,GOIANDIRA,GO
0.7394856521914115,GOIANESIA,GO
0.37376935828450364,GOIANIA,GO
0.49939447319167674,GOIANIRA,GO
0.33510384746339805,GOIAS,GO
0.34485120159382393,GOIATUBA,GO
0.49071578316861336,GUAPO,GO
0.3852603706972639,GUARANI DE GOIAS,GO
0.07681168959389192,GURUPI,TO
0.6107347576862949,HEITORAI,GO
0.38898163606010017,HIDROLANDIA,GO
0.4713472485768501,HIDROLINA,GO
0.6088578088578088,IACIARA,GO
0.4843205574912892,INHUMAS,GO
0.30325751895359493,IPAMERI,GO
0.3498434910697846,IPORA,GO
0.32345013477088946,ISRAELANDIA,GO
0.5900694444444444,ITABERAI,GO
0.40484888741281966,ITACAJA,TO
0.6048295454545455,ITAGUARU,GO
0.9372272574689493,ITAGUATINS,TO
0.6663198057578911,ITAJA,GO
0.5415796071876305,ITAPACI,GO
0.5267292166703033,ITAPIRAPUA,GO
0.5893371757925072,ITAPORA DO TOCANTINS,TO
0.39193807099518796,ITAPURANGA,GO
0.7962466487935657,ITARUMA,GO
0.7041289023162135,ITAUCU,GO
0.37291738879260544,ITUMBIARA,GO
0.28868360277136257,IVOLANDIA,GO
0.6517119244391971,JANDAIA,GO
0.7841311011553879,JARAGUA,GO
0.4530463946338737,JATAI,GO
0.16546762589928057,JAUPACI,GO
0.4174913078363199,JOVIANIA,GO
0.22480015597582376,JUSSARA,GO
0.546819156540386,LEOPOLDO DE BULHOES,GO
0.14044250857649462,LUZIANIA,GO
0.71900826446281,MAIRIPOTABA,GO
0.4173757277205553,MAMBAI,GO
0.5074600355239787,MARA ROSA,GO
0.2718204488778055,MARZAGAO,GO
0.5376038478355925,PARANAIGUARA,GO
0.18244752121482805,MAURILANDIA,GO
0.17723963749814292,MINEIROS,GO
0.3453075886843287,MIRACEMA DO TOCANTINS,TO
0.24273694237180504,MIRANORTE,TO
0.6834427425237053,MOIPORA,GO
0.6162988115449916,MONTE ALEGRE DE GOIAS,GO
0.3871499176276771,MONTE DO CARMO,TO
0.17801047120418848,MONTES CLAROS DE GOIAS,GO
0.5570709292662658,MORRINHOS,GO
0.6188976377952756,MOSSAMEDES,GO
0.31867946774465217,MOZARLANDIA,GO
0.4028776978417266,MUTUNOPOLIS,GO
0.17563291139240506,NATIVIDADE,TO
0.7522469714732317,NAZARE,TO
0.5020610057708161,NAZARIO,GO
0.5173437020362223,NEROPOLIS,GO
0.8666781253580841,NIQUELANDIA,GO
0.06517168885774352,NOVA AMERICA,GO
0.03823088455772114,NOVA AURORA,GO
0.3277310924369748,NOVA ROMA,GO
0.7603792926704255,NOVA VENEZA,GO
0.6260404280618311,NOVO ACORDO,TO
0.5638427239562221,NOVO BRASIL,GO
0.3554637412736857,ORIZONA,GO
0.4752186588921283,OURO VERDE DE GOIAS,GO
0.121263016459523,OUVIDOR,GO
0.3844051215652424,PADRE BERNARDO,GO
0.2323643594356595,PALMEIRAS DE GOIAS,GO
0.4080808080808081,PALMELO,GO
0.2918048318332544,PALMINOPOLIS,GO
0.51875,PANAMA,GO
0.16148927742884625,PARAISO DO TOCANTINS,TO
0.41316651772415847,PARANA,TO
0.5134418780764862,PARAUNA,GO
0.4135168961201502,PEDRO AFONSO,TO
0.20368966388678292,PEIXE,TO
0.4969477730047479,COLMEIA,TO
0.4926966292134832,PETROLINA DE GOIAS,GO
0.382712965276043,GOIATINS,TO
0.42003414911781445,PILAR DE GOIAS,GO
0.3969873663751215,PINDORAMA DO TOCANTINS,TO
0.42580994355524626,PIRACANJUBA,GO
0.43585526315789475,PIRANHAS,GO
0.3953711790393013,PIRENOPOLIS,GO
0.36197131298271423,PIRES DO RIO,GO
0.5363006202116016,PIUM,TO
0.4377133105802048,PONTALINA,GO
0.427930174563591,PONTE ALTA DO BOM JESUS,TO
0.5887509130752374,PONTE ALTA DO TOCANTINS,TO
0.6765578635014837,PORANGATU,GO
0.41403508771929826,PORTELANDIA,GO
0.10910513957735456,PORTO NACIONAL,TO
0.44698855151816824,POSSE,GO
0.3527004093041829,QUIRINOPOLIS,GO
0.3486954865739859,RIALMA,GO
0.5870333988212181,RIANAPOLIS,GO
0.9162045594577942,LIZARDA,TO
0.11744396543679898,RIO VERDE,GO
0.279654849776484,RUBIATABA,GO
0.5209085119932074,SANCLERLANDIA,GO
0.5806822537370641,SANTA BARBARA DE GOIAS,GO
0.5470995210218201,SANTA CRUZ DE GOIAS,GO
0.7754606409376484,SANTA HELENA DE GOIAS,GO
0.26653061224489794,SANTA RITA DO ARAGUAIA,GO
0.6364503816793893,SANTA ROSA DE GOIAS,GO
0.1609870740305523,SANTA TEREZA DE GOIAS,GO
0.530901904419691,SANTA TEREZINHA DE GOIAS,GO
0.5183085282305694,SAO DOMINGOS,GO
0.32452954770551334,SAO FRANCISCO DE GOIAS,GO
0.5125665165779779,PLANALTINA,GO
0.8590163934426229,SAO JOAO D ALIANCA,GO
0.5234639233370914,SAO LUIS DE MONTES BELOS,GO
0.5549840551383602,SAO MIGUEL DO ARAGUAIA,GO
0.9193846153846154,SAO SEBASTIAO DO TOCANTINS,TO
0.20735390676296783,SAO SIMAO,GO
0.49678012879484823,SERRANOPOLIS,GO
0.2664823008849557,SILVANIA,GO
0.3905852417302799,SITIO D ABADIA,GO
0.9156708004509583,SITIO NOVO DO TOCANTINS,TO
0.055890978092116614,TAGUATINGA,TO
0.38791423001949316,TAQUARAL DE GOIAS,GO
0.3974181650530198,TOCANTINIA,TO
0.7166225643492904,TOCANTINOPOLIS,TO
0.24355828220858897,TRES RANCHOS,GO
0.40814621923058025,TRINDADE,GO
0.37006127192055777,GUARAI,TO
0.7046485260770975,PRESIDENTE KENNEDY,TO
0.7825278810408922,TURVANIA,GO
0.6483150470219435,URUACU,GO
0.4562591265100226,URUANA,GO
0.3823884197828709,URUTAI,GO
0.44741801733886166,VARJAO,GO
0.5305497031220073,VIANOPOLIS,GO
0.12537764350453173,XAMBIOA,TO
0.4588045234248788,ACREUNA,GO
0.407501235788433,MINACU,GO
0.6909361069836553,PALMEIROPOLIS,TO
0.60893470790378,MUNDO NOVO DE GOIAS,GO
0.3443189675040332,NOVA CRIXAS,GO
0.5280054644808743,NOVA GLORIA,GO
0.5508301776871541,VICENTINOPOLIS,GO
0.15162454873646208,SILVANOPOLIS,TO
0.565818410304744,AMERICANO DO BRASIL,GO
0.5269857433808554,NOVA OLINDA,TO
0.6734743496231461,WANDERLANDIA,TO
0.11689212625737079,FIGUEIROPOLIS,TO
0.12116228070175439,ARAGUAPAZ,GO
0.42284739982949704,ARENOPOLIS,GO
0.685261424454508,CACHOEIRA DOURADA,GO
0.3484735666418466,DOVERLANDIA,GO
0.5248960190136661,SANTO ANTONIO DO DESCOBERTO,GO
0.42032332563510394,RIO SONO,TO
0.5229763507017882,INDIARA,GO
0.09511698880976602,FATIMA,TO
0.6066292528937215,AUGUSTINOPOLIS,TO
0.1880846873461349,CAMPINACU,GO
0.7086956521739131,SANTA ISABEL,GO
0.5181986428130784,ADELANDIA,GO
0.6845180136319376,AGUA FRIA DE GOIAS,GO
0.3447465592480698,ALIANCA DO TOCANTINS,TO
0.4500896592946802,APARECIDA DO RIO NEGRO,TO
0.6708904109589041,BARROLANDIA,TO
0.1793144225613772,BRASILIA,DF
0.0802306029305789,BODOQUENA,MS
0.27574384718991063,COSTA RICA,MS
0.3195950831525669,DOURADINA,MS
0.3035926365795725,ITAQUIRAI,MS
0.07345299952763344,SAO GABRIEL DO OESTE,MS
0.039590443686006824,SELVIRIA,MS
0.10546947918611163,SETE QUEDAS,MS
0.09143039184453648,TACURU,MS
0.1135718341851221,TAQUARUSSU,MS
0.08827445758596382,JUARA,MT
0.5870470800911735,TEUTONIA,RS
0.6169641143734408,BOM PRINCIPIO,RS
0.3455026455026455,PAROBE,RS
0.46129597197898425,FORTALEZA DOS VALOS,RS
0.39684014869888473,JOIA,RS
0.4208283727050567,JUINA,MT
0.25008098477486235,DENISE,MT
0.6908142567371777,IRANDUBA,AM
0.9922295277943813,ITAMARATI,AM
0.7147644391878573,MANAQUIRI,AM
0.5263651277243966,PRESIDENTE FIGUEIREDO,AM
0.6876421531463229,RIO PRETO DA EVA,AM
0.7657095297544736,SAO SEBASTIAO DO UATUMA,AM
0.8940111133978185,TABATINGA,AM
0.9249406175771971,UARINI,AM
0.9605263157894737,TONANTINS,AM
0.6557028514257128,QUIXELO,CE
0.7584501236603463,UMIRIM,CE
0.6348298122065728,VARJOTA,CE
0.22019464720194648,CORONEL SAPUCAIA,MS
0.1821578701541336,ALTO TAQUARI,MT
0.07451312447078746,ARAGUAIANA,MT
0.09871063200169097,CAMPINAPOLIS,MT
0.4212806933076553,COCALINHO,MT
0.4158730158730159,ITAUBA,MT
0.24973785389723874,MARCELANDIA,MT
0.466276100345501,NOVA OLIMPIA,MT
0.4859550561797753,NOVA CANAA DO NORTE,MT
0.22312657872579286,NOVO SAO JOAQUIM,MT
0.21328671328671328,NOVO HORIZONTE DO NORTE,MT
0.5364963503649635,PEIXOTO DE AZEVEDO,MT
0.5972529906956137,PARANAITA,MT
0.781530918005993,PORTO ALEGRE DO NORTE,MT
0.7083443011318769,PORTO ESPERIDIAO,MT
0.18579269053261818,PRIMAVERA DO LESTE,MT
0.8175257731958763,RESERVA DO CABACAL,MT
0.17932700807354587,SORRISO,MT
0.3091421525453585,TERRA NOVA DO NORTE,MT
0.3067468619246862,VERA,MT
0.717969912382212,VILA RICA,MT
0.7039081145584726,COMODORO,MT
0.6410098522167488,FIGUEIROPOLIS D OESTE,MT
0.5244953948657652,GUARANTA DO NORTE,MT
0.6887254901960784,INDIAVAI,MT
