QT_VOTOS_NOMINAIS,NM_MUNICIPIO,SG_UF
0.4919993620753814,GUAJARÁ-MIRIM,RO
0.5079060405979234,PORTO VELHO,RO
0.720805935511094,JI-PARANÁ,RO
0.23478951920155203,ARIQUEMES,RO
0.7160846067323255,CACOAL,RO
0.3536031834856681,PIMENTA BUENO,RO
0.20249948296747128,VILHENA,RO
0.6108754494404719,JARU,RO
0.30039525691699603,OURO PRETO DO OESTE,RO
0.7429532192661458,PRESIDENTE MÉDICI,RO
0.8542284219703574,COSTA MARQUES,RO
0.4730356133408706,COLORADO DO OESTE,RO
0.21793401254976047,ESPIGÃO DO OESTE,RO
0.474231735023317,CEREJEIRAS,RO
0.7722750386911342,ROLIM DE MOURA,RO
0.8211973392461197,ALTA FLORESTA D OESTE,RO
0.7199456924216243,ALVORADA DO OESTE,RO
0.7382265591854051,SANTA LUZIA D OESTE,RO
0.8022901565290471,NOVA BRASILÂNDIA D OESTE,RO
0.33252123526700467,MACHADINHO D OESTE,RO
0.7233756843301312,SÃO MIGUEL DO GUAPORÉ,RO
0.4747027683762909,NOVA MAMORÉ,RO
0.516624843161857,CABIXI,RO
0.6556550951847704,CANDEIAS DO JAMARI,RO
0.6040268456375839,ITAPUÃ DO OESTE,RO
0.7551981169085916,NOVO HORIZONTE DO OESTE,RO
0.7595121951219512,CASTANHEIRAS,RO
0.5471324983520105,VALE DO PARAÍSO,RO
0.602713789839066,URUPÁ,RO
0.535732560122804,MIRANTE DA SERRA,RO
0.7567837522889962,SERINGUEIRAS,RO
0.740269323003136,THEOBROMA,RO
0.6397905759162303,MINISTRO ANDREAZZA,RO
0.6580698835274542,GOVERNADOR JORGE TEIXEIRA,RO
0.4858156028368794,CACAULÂNDIA,RO
0.37987093571605857,ALTO PARAÍSO,RO
0.5476673427991886,RIO CRESPO,RO
0.4350551654964895,CORUMBIARA,RO
0.5255187036195669,MONTE NEGRO,RO
0.7540058266569556,CAMPO NOVO DE RONDÔNIA,RO
0.45942666464431975,CUJUBIM,RO
0.5081613058089294,VALE DO ANARI,RO
0.6407023863124719,PARECIS,RO
0.6764520202020202,SÃO FELIPE D OESTE,RO
0.5462274176408076,PRIMAVERA DE RONDÔNIA,RO
0.6870075132856881,ALTO ALEGRE DOS PARECIS,RO
0.3181938209664642,NOVA UNIÃO,RO
0.3472622478386167,TEIXEIRÓPOLIS,RO
0.4621217343351485,BURITIS,RO
0.5074980268350434,PIMENTEIRAS DO OESTE,RO
0.8087160391670114,SÃO FRANCISCO DO GUAPORÉ,RO
0.37685549833383825,CHUPINGUAIA,RO
0.24709588501673557,BUJARI,AC
0.2623048033208144,CAPIXABA,AC
0.30040948008437773,PORTO ACRE,AC
0.4121663563004345,SANTA ROSA DO PURUS,AC
0.5892610497237569,MARECHAL THAUMATURGO,AC
0.225406726797606,BRASILÉIA,AC
0.6650393273664226,PORTO WALTER,AC
0.46663083147084616,CRUZEIRO DO SUL,AC
0.41544548651817115,RODRIGUES ALVES,AC
0.5751870002579313,MÂNCIO LIMA,AC
0.29318651066758433,JORDÃO,AC
0.374386997337817,EPITACIOLÂNDIA,AC
0.1999319380636379,ACRELÂNDIA,AC
0.07510072522159549,FEIJÓ,AC
0.22147854516184165,RIO BRANCO,AC
0.3014487694187467,SENA MADUREIRA,AC
0.22932982188647863,TARAUACÁ,AC
0.2522718546013055,XAPURI,AC
0.19953837276399308,PLÁCIDO DE CASTRO,AC
0.14312378043607363,SENADOR GUIOMARD,AC
0.3650228774783935,MANOEL URBANO,AC
0.09836504958456178,ASSIS BRASIL,AC
0.7994671403197158,APUÍ,AM
0.4267612772427775,NOVO AIRÃO,AM
0.7130547177940543,GUAJARÁ,AM
0.6113564668769716,ANORI,AM
0.671448087431694,CAREIRO DA VÁRZEA,AM
0.6352995180169841,ATALAIA DO NORTE,AM
0.7377728109387326,AUTAZES,AM
0.5418728238959135,BARCELOS,AM
0.656869751652671,BARREIRINHA,AM
0.7707723138584862,BENJAMIN CONSTANT,AM
0.7141284092834153,BOCA DO ACRE,AM
0.8162617119263141,BORBA,AM
0.846693152605749,CANUTAMA,AM
0.520297699594046,CARAUARI,AM
0.6703061442945836,CAREIRO,AM
0.6244852763071387,COARI,AM
0.6564451382694023,CODAJÁS,AM
0.5156398104265403,EIRUNEPÉ,AM
0.605566534914361,ENVIRA,AM
0.8776492152594799,FONTE BOA,AM
0.6742665453718445,HUMAITÁ,AM
0.7826797385620915,SANTA ISABEL DO RIO NEGRO,AM
0.8940217391304348,IPIXUNA,AM
0.42730091199167214,ITACOATIARA,AM
0.5293997550020416,ITAPIRANGA,AM
0.5675105485232067,JAPURÁ,AM
0.8776196636481242,JURUÁ,AM
0.8095238095238095,JUTAÍ,AM
0.8140182577750271,LÁBREA,AM
0.512335013198944,MANACAPURU,AM
0.397899617628945,MANAUS,AM
0.4943666169895678,MANICORÉ,AM
0.8472828242760809,MARAÃ,AM
0.5033109017496635,MAUÉS,AM
0.6126901022188981,NHAMUNDÁ,AM
0.4644545096494683,NOVA OLINDA DO NORTE,AM
0.7123745819397993,NOVO ARIPUANÃ,AM
0.2766364861350796,PARINTINS,AM
0.7597017778627414,PAUINI,AM
0.7384889341134572,SANTO ANTÔNIO DO IÇÁ,AM
0.6575684766938972,SÃO PAULO DE OLIVENÇA,AM
0.5896216216216216,SILVES,AM
0.7387616624257846,TAPAUÁ,AM
0.6293387589013225,TEFÉ,AM
0.33902007083825264,SÃO GABRIEL DA CACHOEIRA,AM
0.5589180503481521,URUCARÁ,AM
0.4850237819771179,URUCURITUBA,AM
0.6066390041493775,ALVARÃES,AM
0.6287510717347814,AMATURÁ,AM
0.6684684684684684,ANAMÃ,AM
0.6756379863338446,BERURI,AM
0.4322601211348422,BOA VISTA DO RAMOS,AM
0.6845980773164246,CAAPIRANGA,AM
0.3565432098765432,CAROEBE,RR
0.4099424826480104,BOA VISTA,RR
0.44285328289651443,IRACEMA,RR
0.4447960221493954,CARACARAÍ,RR
0.4595375722543353,AMAJARI,RR
0.39090777472129723,ALTO ALEGRE,RR
0.4010165515443764,CANTÁ,RR
0.40339814328253637,BONFIM,RR
0.5626212735932263,RORAINÓPOLIS,RR
0.5490739574146403,MUCAJAÍ,RR
0.3568129330254042,UIRAMUTÃ,RR
0.46284729700624594,NORMANDIA,RR
0.3207239819004525,PACARAIMA,RR
0.4279895257491999,SÃO JOÃO DA BALIZA,RR
0.42070116861435725,SÃO LUIZ,RR
0.4388358012984171,GOIANÉSIA DO PARÁ,PA
0.28479937439326936,ABAETETUBA,PA
0.4812529490762586,TAILÂNDIA,PA
0.34162069212581503,ACARÁ,PA
0.571954425942156,BOM JESUS DO TOCANTINS,PA
0.5542448390537742,AFUÁ,PA
0.4497359315243125,SÃO JOÃO DE PIRABAS,PA
0.23779807414142248,ALENQUER,PA
0.46665386584741425,TUCUMÃ,PA
0.2216867469879518,ALMEIRIM,PA
0.49911043334604144,MÃE DO RIO,PA
0.3572425415382995,ALTAMIRA,PA
0.2894279255781603,ELDORADO DOS CARAJÁS,PA
0.6100871160018341,ANAJÁS,PA
0.599352257572871,SANTA LUZIA DO PARÁ,PA
0.4102587257867883,ANANINDEUA,PA
0.6044998644619138,PALESTINA DO PARÁ,PA
0.3815611166320354,AUGUSTO CORRÊA,PA
0.2536712259796929,IPIXUNA DO PARÁ,PA
0.23294618027155242,AVEIRO,PA
0.3561913081458834,JACAREACANGA,PA
0.0757453666398066,BAGRE,PA
0.5808036276609144,BRASIL NOVO,PA
0.3133189161684264,BAIÃO,PA
0.32804948772472453,SANTA BÁRBARA DO PARÁ,PA
0.4923427581140392,BARCARENA,PA
0.463846020461245,ÁGUA AZUL DO NORTE,PA
0.3225063839387717,BELÉM,PA
0.1991012789491877,TRAIRÃO,PA
0.22541655545811567,BENEVIDES,PA
0.45269607843137255,PAU D ARCO,PA
0.619902539112593,BONITO,PA
0.5848842018196857,ULIANÓPOLIS,PA
0.5443910939730446,BRAGANÇA,PA
0.43081009296148737,AURORA DO PARÁ,PA
0.3366304347826087,BREVES,PA
0.33878691141260975,TERRA SANTA,PA
0.5603366264178559,BUJARU,PA
0.38006168540443735,NOVO PROGRESSO,PA
0.38698214595250474,CACHOEIRA DO ARARI,PA
0.3733170134638923,VITÓRIA DO XINGU,PA
0.2796855335632447,CAMETÁ,PA
0.6516594177344148,NOVO REPARTIMENTO,PA
0.33829085457271363,CAPANEMA,PA
0.2672546857772878,BREU BRANCO,PA
0.6645049392956791,CAPITÃO POÇO,PA
0.2810207336523126,SÃO DOMINGOS DO ARAGUAIA,PA
0.5428183153234114,CASTANHAL,PA
0.632311347437493,NOVA ESPERANÇA DO PIRIÁ,PA
0.28156169848959817,CHAVES,PA
0.45256975036710717,ABEL FIGUEIREDO,PA
0.70859167404783,COLARES,PA
0.4483493077742279,CUMARU DO NORTE,PA
0.3378995433789954,CONCEIÇÃO DO ARAGUAIA,PA
0.5270472205618649,TERRA ALTA,PA
0.33638277202072536,CURRALINHO,PA
0.43784934788394997,FLORESTA DO ARAGUAIA,PA
0.4715891670924885,CURUÇÁ,PA
0.3426724137931034,BANNACH,PA
0.4458083050404805,FARO,PA
0.42249962847377026,NOVA IPIXUNA,PA
0.5076760190577025,GURUPÁ,PA
0.25452214784218774,PLACAS,PA
0.5111481558658054,IGARAPÉ-AÇU,PA
0.33775087607518317,MARITUBA,PA
0.4082735488679773,IGARAPÉ-MIRI,PA
0.4739667550611215,TRACUATEUA,PA
0.3942486085343228,INHANGAPI,PA
0.5948261380816395,QUATIPURU,PA
0.41785585801654873,IRITUIA,PA
0.4679921773142112,CANAÃ DOS CARAJÁS,PA
0.1229482812016104,ITAITUBA,PA
0.5246218582963721,ANAPU,PA
0.4509925558312655,ITUPIRANGA,PA
0.3903872231429863,CURUÁ,PA
0.4257974366387203,JACUNDÁ,PA
0.559141074856046,CACHOEIRA DO PIRIÁ,PA
0.19845718693751607,JURUTI,PA
0.4503299120234604,PIÇARRA,PA
0.3846791826886828,LIMOEIRO DO AJURU,PA
0.183097123801584,BELTERRA,PA
0.522304497020047,MAGALHÃES BARATA,PA
0.4576581285938317,SÃO JOÃO DA PONTA,PA
0.5361235884303766,MARABÁ,PA
0.2651888341543514,SAPUCAIA,PA
0.5991392560713188,MARACANÃ,PA
0.10567670168623643,MOJUÍ DOS CAMPOS,PA
0.5124309392265194,MARAPANIM,PA
0.4200272986722918,MELGAÇO,PA
0.3863233805668016,MOCAJUBA,PA
0.3586380987563108,MOJU,PA
0.2425330172705723,MONTE ALEGRE,PA
0.49488916256157633,MUANÁ,PA
0.4098218166014776,NOVA TIMBOTEUA,PA
0.4312302252000744,ÓBIDOS,PA
0.30458336303371586,OEIRAS DO PARÁ,PA
0.462109955423477,ORIXIMINÁ,PA
0.444515852613539,OURÉM,PA
0.1526419223725937,PARAGOMINAS,PA
0.43962848297213625,PEIXE-BOI,PA
0.5798390187811422,PONTA DE PEDRAS,PA
0.3493930197268589,PORTEL,PA
0.6115680784039202,PORTO DE MOZ,PA
0.5396927016645326,PRAINHA,PA
0.539609644087256,PRIMAVERA,PA
0.29975579975579975,SALINÓPOLIS,PA
0.4582903336773306,SALVATERRA,PA
0.3719218075653719,SANTA CRUZ DO ARARI,PA
0.5281969003891582,SANTA ISABEL DO PARÁ,PA
0.51745298055467,SANTA MARIA DO PARÁ,PA
0.24473750951052498,SANTANA DO ARAGUAIA,PA
0.05426005747126437,SANTARÉM,PA
0.3078114627129896,SANTARÉM NOVO,PA
0.6377554288642624,SANTO ANTÔNIO DO TAUÁ,PA
0.6296220002059945,SÃO CAETANO DE ODIVELAS,PA
0.5274317519215478,SÃO DOMINGOS DO CAPIM,PA
0.40848214285714285,SÃO FÉLIX DO XINGU,PA
0.6412017167381975,SÃO FRANCISCO DO PARÁ,PA
0.39546112988894255,SÃO JOÃO DO ARAGUAIA,PA
0.3110342019543974,SÃO MIGUEL DO GUAMÁ,PA
0.29431569057312873,SÃO SEBASTIÃO DA BOA VISTA,PA
0.543461237274863,SENADOR JOSÉ PORFÍRIO,PA
0.3294668919956983,SOURE,PA
0.28381208856971873,TOMÉ-AÇU,PA
0.3176531114391804,TUCURUÍ,PA
0.6882909992034694,VIGIA,PA
0.7840446563553901,VISEU,PA
0.23107357315225321,REDENÇÃO,PA
0.267727591855839,RIO MARIA,PA
0.3359717616857418,XINGUARA,PA
0.15904151892942925,RONDON DO PARÁ,PA
0.24023137037720754,URUARÁ,PA
0.4836018411967779,MEDICILÂNDIA,PA
0.6598037497809708,SÃO GERALDO DO ARAGUAIA,PA
0.33055152394775034,CONCÓRDIA DO PARÁ,PA
0.11111799318674512,PARAUAPEBAS,PA
0.25942236788201556,CURIONÓPOLIS,PA
0.48502994011976047,GARRAFÃO DO NORTE,PA
0.5250435317013213,RURÓPOLIS,PA
0.4052902782548952,PACAJÁ,PA
0.5001335113484646,BREJO GRANDE DO ARAGUAIA,PA
0.5872863759782783,OURILÂNDIA DO NORTE,PA
0.398429718169567,DOM ELISEU,PA
0.32178727787792943,SANTA MARIA DAS BARREIRAS,PA
0.5605568445475638,PRACUÚBA,AP
0.44298938812372995,AMAPÁ,AP
0.33978234582829503,PORTO GRANDE,AP
0.3293401787412055,CALÇOENE,AP
0.45065885797950217,ITAUBAL,AP
0.23888627407550966,MACAPÁ,AP
0.28102315935015554,CUTIAS,AP
0.3451133549247476,MAZAGÃO,AP
0.5826130319148937,PEDRA BRANCA DO AMAPARI,AP
0.2702804441934877,OIAPOQUE,AP
0.3873377900117971,SERRA DO NAVIO,AP
0.3820009573958832,FERREIRA GOMES,AP
0.31107281344248167,VITÓRIA DO JARI,AP
0.4632713026444662,LARANJAL DO JARI,AP
0.2005855745292612,SANTANA,AP
0.47825339522090426,TARTARUGALZINHO,AP
0.8408766928011404,ÁGUA DOCE DO MARANHÃO,MA
0.7493969445188957,AFONSO CUNHA,MA
0.6190783807062877,ALTO ALEGRE DO MARANHÃO,MA
0.5021598272138229,ALCÂNTARA,MA
0.8024386084583902,ALTO ALEGRE DO PINDARÉ,MA
0.45427363645736674,ALDEIAS ALTAS,MA
0.6843363329583803,APICUM-AÇU,MA
0.16782334384858044,ALTAMIRA DO MARANHÃO,MA
0.7475474166121648,AMAPÁ DO MARANHÃO,MA
0.59762118491921,ALTO PARNAÍBA,MA
0.523482498892335,ARAGUANÃ,MA
0.7104765506807866,AMARANTE DO MARANHÃO,MA
0.6768240864392376,BACABEIRA,MA
0.40978393803505914,ANAJATUBA,MA
0.351776171015404,BACURITUBA,MA
0.1897295178361427,ANAPURUS,MA
0.6123207647371216,BELÁGUA,MA
0.6721226442279984,ARAIOSES,MA
0.8159789288849868,BELA VISTA DO MARANHÃO,MA
0.6038779065363933,ARARI,MA
0.48569689592209375,BERNARDO DO MEARIM,MA
0.4321388033079293,AXIXÁ,MA
0.42010502625656415,CACHOEIRA GRANDE,MA
0.2591354134090308,BACABAL,MA
0.6626122212568781,DAVINÓPOLIS,MA
0.44116557599703665,BACURI,MA
0.6242790194664743,BOM JESUS DAS SELVAS,MA
0.12867388186204198,BALSAS,MA
0.27629394899652937,BOM LUGAR,MA
0.8417161556175009,BARÃO DE GRAJAÚ,MA
0.4572660410854679,BREJO DE AREIA,MA
0.4098574787379176,BARRA DO CORDA,MA
0.3832074375363161,BOA VISTA DO GURUPI,MA
0.5467109734914282,BARREIRINHAS,MA
0.6371209728363866,BURITICUPU,MA
0.7700642054574639,BENEDITO LEITE,MA
0.6658179503500955,BURITIRANA,MA
0.5570663370416151,BEQUIMÃO,MA
0.4612570668440306,CAMPESTRE DO MARANHÃO,MA
0.4986878406567526,BREJO,MA
0.46362198497429813,CAPINZAL DO NORTE,MA
0.471509609685886,BURITI,MA
0.7820438799076213,CENTRAL DO MARANHÃO,MA
0.5257847533632287,BURITI BRAVO,MA
0.2754766600920447,CENTRO DO GUILHERME,MA
0.6198649951783992,CAJAPIÓ,MA
0.5378752527609271,CENTRO NOVO DO MARANHÃO,MA
0.7529506130399908,CAJARI,MA
0.4386792452830189,CIDELÂNDIA,MA
0.31639566395663954,CÂNDIDO MENDES,MA
0.4365505600736535,CONCEIÇÃO DO LAGO-AÇU,MA
0.8159038609051393,CANTANHEDE,MA
0.2554858934169279,FEIRA NOVA DO MARANHÃO,MA
0.09279656886636124,CAROLINA,MA
0.6493700619261157,FERNANDO FALCÃO,MA
0.6531815003496154,CARUTAPERA,MA
0.687545609340793,FORMOSA DA SERRA NEGRA,MA
0.4310279351673224,CAXIAS,MA
0.4265461269776043,CEDRAL,MA
0.3113058293781185,GOVERNADOR EDISON LOBÃO,MA
0.27514461653293526,CHAPADINHA,MA
0.5977653631284916,GOVERNADOR LUIZ ROCHA,MA
0.5182473348529852,CODÓ,MA
0.5590233545647558,GOVERNADOR NEWTON BELLO,MA
0.5059453032104637,COELHO NETO,MA
0.6062828173094332,GOVERNADOR NUNES FREIRE,MA
0.5543650542065555,COLINAS,MA
0.5640287769784172,IGARAPÉ DO MEIO,MA
0.5342098303675998,COROATÁ,MA
0.5860137622019523,ITAIPAVA DO GRAJAÚ,MA
0.4113811039515566,CURURUPU,MA
0.6540197867639996,ITINGA DO MARANHÃO,MA
0.595113893235959,DOM PEDRO,MA
0.7384813384813385,JATOBÁ,MA
0.3669077438701711,DUQUE BACELAR,MA
0.7220008853474988,JENIPAPO DOS VIEIRAS,MA
0.5925790754257908,ESPERANTINÓPOLIS,MA
0.546551190844417,JUNCO DO MARANHÃO,MA
0.3697314890154597,FORTALEZA DOS NOGUEIRAS,MA
0.7397178621100735,LAGO DOS RODRIGUES,MA
0.46509129967776586,FORTUNA,MA
0.8206806282722513,LAGOA DO MATO,MA
0.38414217361585784,GODOFREDO VIANA,MA
0.3587476979742173,LAGOA GRANDE DO MARANHÃO,MA
0.7256351660169378,GONÇALVES DIAS,MA
0.29115151515151516,LAJEADO NOVO,MA
0.8902314151136597,GOVERNADOR ARCHER,MA
0.30117470632341914,MARACAÇUMÉ,MA
0.3115218363392458,GOVERNADOR EUGÊNIO BARROS,MA
0.8576059850374065,MARAJÁ DO SENA,MA
0.5603864734299517,GRAÇA ARANHA,MA
0.7199439887977596,MARANHÃOZINHO,MA
0.3100535060546325,GRAJAÚ,MA
0.7796693807056502,MATÕES DO NORTE,MA
0.5309229305423406,GUIMARÃES,MA
0.7698224852071006,MILAGRES DO MARANHÃO,MA
0.2410027683789603,HUMBERTO DE CAMPOS,MA
0.03212435233160622,NOVA COLINAS,MA
0.7214625670469139,ICATU,MA
0.5396361704952861,NOVA OLINDA DO MARANHÃO,MA
0.7567877629063098,IGARAPÉ GRANDE,MA
0.7006248816512024,OLINDA NOVA DO MARANHÃO,MA
0.41977787159978974,IMPERATRIZ,MA
0.8324964593794257,PAULINO NEVES,MA
0.32538937887033215,SÃO LUÍS GONZAGA DO MARANHÃO,MA
0.6305531670965893,PEDRO DO ROSÁRIO,MA
0.6056054917131263,ITAPECURU MIRIM,MA
0.580168556861929,PERITORÓ,MA
0.3106992680267871,JOÃO LISBOA,MA
0.5579128440366973,PORTO RICO DO MARANHÃO,MA
0.6607169198996902,JOSELÂNDIA,MA
0.5590024330900243,PRESIDENTE MÉDICI,MA
0.4512094223000925,LAGO DA PEDRA,MA
0.26582738167292097,PRESIDENTE SARNEY,MA
0.3597298956414979,LAGO DO JUNCO,MA
0.4833260008798944,RAPOSA,MA
0.5582444626743233,LAGO VERDE,MA
0.43652092588262803,RIBAMAR FIQUENE,MA
0.5574460620943694,LIMA CAMPOS,MA
0.41633404973902366,SANTA FILOMENA DO MARANHÃO,MA
0.4416781023328759,LORETO,MA
0.6149793861658268,SANTANA DO MARANHÃO,MA
0.5458896396396397,LUÍS DOMINGUES,MA
0.813507551332089,SANTO AMARO DO MARANHÃO,MA
0.5999432140829074,MAGALHÃES DE ALMEIDA,MA
0.8198671831765357,SÃO DOMINGOS DO AZEITÃO,MA
0.3834019204389575,MATA ROMA,MA
0.3853412332675005,SÃO FRANCISCO DO BREJÃO,MA
0.5451652819515644,MATINHA,MA
0.9040341212013506,SÃO JOÃO DO CARÚ,MA
0.32681851579720794,MATÕES,MA
0.24379232505643342,SÃO JOÃO DO PARAÍSO,MA
0.6555180048945345,MIRADOR,MA
0.7357071925095758,SÃO JOÃO DO SOTER,MA
0.6441237830319889,MIRINZAL,MA
0.5401183431952663,SÃO JOSÉ DOS BASÍLIOS,MA
0.7336273612382458,MONÇÃO,MA
0.6850083056478405,SÃO PEDRO DA ÁGUA BRANCA,MA
0.42534205829863175,MONTES ALTOS,MA
0.3411860276198213,SÃO PEDRO DOS CRENTES,MA
0.5382542472173404,MORROS,MA
0.8022519352568613,SÃO RAIMUNDO DO DOCA BEZERRA,MA
0.616691015339664,NINA RODRIGUES,MA
0.44339992166079123,SÃO ROBERTO,MA
0.33462199312714774,NOVA IORQUE,MA
0.49292381812707015,SATUBINHA,MA
0.8529172949773808,OLHO D ÁGUA DAS CUNHÃS,MA
0.8403923316986179,SENADOR ALEXANDRE COSTA,MA
0.29241324713022826,PAÇO DO LUMIAR,MA
0.47279117682705124,SENADOR LA ROCQUE,MA
0.6931330472103004,PALMEIRÂNDIA,MA
0.48722044728434505,SERRANO DO MARANHÃO,MA
0.6925252028522252,PARAIBANO,MA
0.6212299255777517,SUCUPIRA DO RIACHÃO,MA
0.483224279548935,PARNARAMA,MA
0.39741854897470597,TRIZIDELA DO VALE,MA
0.7337910999603856,PASSAGEM FRANCA,MA
0.7387295081967213,TUFILÂNDIA,MA
0.49146973335018324,PASTOS BONS,MA
0.38742265437555246,TURILÂNDIA,MA
0.3408599314165128,PEDREIRAS,MA
0.12730202578268876,VILA NOVA DOS MARTÍRIOS,MA
0.4666152876059693,PENALVA,MA
0.5407061099467999,PERI MIRIM,MA
0.6069058903182126,PINDARÉ-MIRIM,MA
0.496590531101009,PINHEIRO,MA
0.5733254397834912,PIO XII,MA
0.6857021996615905,PIRAPEMAS,MA
0.7588003828565352,POÇÃO DE PEDRAS,MA
0.05564853556485356,PORTO FRANCO,MA
0.2605402676091896,PRESIDENTE DUTRA,MA
0.7274549098196392,PRESIDENTE JUSCELINO,MA
0.63901534311246,PRESIDENTE VARGAS,MA
0.6533983637507866,PRIMEIRA CRUZ,MA
0.39584285061672,RIACHÃO,MA
0.3778363844981419,SÃO JOSÉ DE RIBAMAR,MA
0.4258826149905335,ROSÁRIO,MA
0.48600163087795595,SAMBAÍBA,MA
0.45333633904418397,SANTA HELENA,MA
0.6132954710936362,SANTA LUZIA,MA
0.8045376642454909,SANTA QUITÉRIA DO MARANHÃO,MA
0.3902706656912948,SANTA RITA,MA
0.46086733384654865,SANTO ANTÔNIO DOS LOPES,MA
0.4617211353613027,SÃO BENEDITO DO RIO PRETO,MA
0.3709475899256921,SÃO BENTO,MA
0.5004195334787717,SÃO BERNARDO,MA
0.8383211678832116,SÃO DOMINGOS DO MARANHÃO,MA
0.6203281677301732,SÃO FÉLIX DE BALSAS,MA
0.39641943734015345,SÃO FRANCISCO DO MARANHÃO,MA
0.6452276820169797,SÃO JOÃO BATISTA,MA
0.13861551292743954,SÃO JOÃO DOS PATOS,MA
0.26071053212340245,SÃO LUÍS,MA
0.3744376148533046,SÃO MATEUS DO MARANHÃO,MA
0.3303101556376666,SÃO RAIMUNDO DAS MANGABEIRAS,MA
0.7321008007536505,SÃO VICENTE FERRER,MA
0.06677985285795134,SÍTIO NOVO,MA
0.6610785699858615,SUCUPIRA DO NORTE,MA
0.3725301204819277,TASSO FRAGOSO,MA
0.6393631306349511,TIMBIRAS,MA
0.27380679867231317,TIMON,MA
0.3387319296982784,TUNTUM,MA
0.6322707854091357,TURIAÇU,MA
0.5601043153077794,TUTÓIA,MA
0.5730237074196941,URBANO SANTOS,MA
0.4933868415102871,VARGEM GRANDE,MA
0.5878240863640386,VIANA,MA
0.5161827528781406,VITÓRIA DO MEARIM,MA
0.6190740227335736,VITORINO FREIRE,MA
0.5074394126437528,BOM JARDIM,MA
0.5584568148444801,SANTA INÊS,MA
0.5339700455828088,PAULO RAMOS,MA
0.2875702062883838,AÇAILÂNDIA,MA
0.17089546964449784,ESTREITO,MA
0.4663955064884757,SANTA LUZIA DO PARUÁ,MA
0.5701837023080546,ARAME,MA
0.5708428246013667,MIRANDA DO NORTE,MA
0.3630438156329212,ZÉ DOCA,MA
0.7396085330987464,BRASILEIRA,PI
1.1063639079772931,AGRICOLÂNDIA,PI
0.39751552795031053,ALEGRETE DO PIAUÍ,PI
0.6613200390159315,ÁGUA BRANCA,PI
0.9118934695366655,BAIXA GRANDE DO RIBEIRO,PI
0.711578432571219,ALTO LONGÁ,PI
0.4338679989481988,BOM PRINCÍPIO DO PIAUÍ,PI
0.48637542194608874,ALTOS,PI
0.6824137931034483,BONFIM DO PIAUÍ,PI
0.5628213726805276,AMARANTE,PI
1.041320293398533,BURITI DOS MONTES,PI
0.8422112802148612,ANGICAL DO PIAUÍ,PI
0.9610901611244429,CABECEIRAS DO PIAUÍ,PI
1.153935453912236,ANÍSIO DE ABREU,PI
0.7780525502318393,CALDEIRÃO GRANDE DO PIAUÍ,PI
0.44191919191919193,ANTÔNIO ALMEIDA,PI
0.6237670267731329,CANAVIEIRA,PI
0.7887400929215632,AROAZES,PI
0.6778374960480557,COIVARAS,PI
1.0673717195456325,ARRAIAL,PI
0.8963907902924705,COLÔNIA DO GURGUÉIA,PI
0.8510679238021935,AVELINO LOPES,PI
0.2555005500550055,COLÔNIA DO PIAUÍ,PI
0.6752365478352289,BARRAS,PI
1.0991484184914841,CORONEL JOSÉ DIAS,PI
0.886986301369863,BARREIRAS DO PIAUÍ,PI
0.8673587081891581,FARTURA DO PIAUÍ,PI
0.802005656981229,BARRO DURO,PI
0.8186608803471792,JACOBINA DO PIAUÍ,PI
0.729767014101778,BATALHA,PI
0.7311903920876015,JARDIM DO MULATO,PI
0.7040161997975025,BENEDITINOS,PI
1.0033777071329226,LAGOA ALEGRE,PI
0.1784086926042762,BERTOLÍNIA,PI
0.894524959742351,LAGOA DO BARRO DO PIAUÍ,PI
0.5484958506224067,BOCAINA,PI
0.7190260205299595,MARCOLÂNDIA,PI
0.7161514131211101,BOM JESUS,PI
0.5763747454175153,PATOS DO PIAUÍ,PI
0.8302369016022806,BURITI DOS LOPES,PI
0.5149317406143344,PASSAGEM FRANCA DO PIAUÍ,PI
0.8390881662755615,CAMPINAS DO PIAUÍ,PI
0.9741100323624595,QUEIMADA NOVA,PI
0.48455171816093945,CAMPO MAIOR,PI
1.0624169986719787,SANTA CRUZ DOS MILAGRES,PI
0.5371470251120142,CANTO DO BURITI,PI
0.4888167388167388,SANTA ROSA DO PIAUÍ,PI
0.7204635876145995,CAPITÃO DE CAMPOS,PI
0.6075949367088608,SANTANA DO PIAUÍ,PI
0.4629856850715746,CARACOL,PI
0.8845691382765531,SÃO BRAZ DO PIAUÍ,PI
0.6492876316332852,CASTELO DO PIAUÍ,PI
0.8063291139240506,SÃO JOSÉ DO DIVINO,PI
0.9491216440172356,COCAL,PI
0.8968225633702249,SIGEFREDO PACHECO,PI
0.8431440443213296,CONCEIÇÃO DO CANINDÉ,PI
1.2017857142857142,SÃO LOURENÇO DO PIAUÍ,PI
0.7511666813419037,CORRENTE,PI
0.967173738991193,VÁRZEA BRANCA,PI
0.559652278177458,CRISTALÂNDIA DO PIAUÍ,PI
0.7575757575757576,BARRA D ALCÂNTARA,PI
0.5521225822657624,CRISTINO CASTRO,PI
0.9982456140350877,BELA VISTA DO PIAUÍ,PI
0.5402479826805747,CURIMATÁ,PI
0.6441379310344828,BREJO DO PIAUÍ,PI
0.8394811511957844,DEMERVAL LOBÃO,PI
0.8496446145434664,BOA HORA,PI
0.7415011037527593,DOM EXPEDITO LOPES,PI
0.9906002990813929,DOM INOCÊNCIO,PI
0.8025210084033614,ELESBÃO VELOSO,PI
0.5684705882352942,CAPITÃO GERVÁSIO OLIVEIRA,PI
0.4945770065075922,ELISEU MARTINS,PI
0.6592877767083735,CAMPO GRANDE DO PIAUÍ,PI
0.6998298853097734,ESPERANTINA,PI
0.7401548300235611,CAMPO LARGO DO PIAUÍ,PI
0.6669322709163347,FLORES DO PIAUÍ,PI
0.6262463814731425,CURRAIS,PI
0.7246480128319372,FLORIANO,PI
0.493084956251764,GEMINIANO,PI
0.5276946107784432,FRANCINÓPOLIS,PI
0.32980806893850373,GUARIBAS,PI
1.0161654135338345,FRANCISCO AYRES,PI
0.6329612606697308,ILHA GRANDE,PI
0.4312393887945671,FRANCISCO SANTOS,PI
0.4593692022263451,JUREMA,PI
0.6878430068185598,FRONTEIRAS,PI
0.6486912645853044,LAGOA DE SÃO FRANCISCO,PI
0.6003657978966621,GILBUÉS,PI
0.4261682242990654,MORRO CABEÇA NO TEMPO,PI
1.0778120184899846,GUADALUPE,PI
0.5097105166727739,NOVO SANTO ANTÔNIO,PI
0.34109347442680776,HUGO NAPOLEÃO,PI
0.8599048185603807,NOSSA SENHORA DE NAZARÉ,PI
0.7427626137303557,INHUMA,PI
0.6269430051813472,PAQUETÁ,PI
0.6186139493558418,IPIRANGA DO PIAUÍ,PI
0.5559610705596107,NOVA SANTA RITA,PI
0.5260083449235049,ISAÍAS COELHO,PI
0.44374849433871355,SÃO JOÃO DO ARRAIAL,PI
0.6093696763202726,ITAINÓPOLIS,PI
0.6395621579358874,ITAUEIRA,PI
0.8230337078651685,JAICÓS,PI
0.7562996202968588,JERUMENHA,PI
0.3624779720753694,JOAQUIM PIRES,PI
0.571947194719472,SÃO JOÃO DA CANABRAVA,PI
0.7734436382123215,JOSÉ DE FREITAS,PI
0.2,LANDRI SALES,PI
0.738116824245564,LUIS CORREIA,PI
0.8045328096874489,LUZILÂNDIA,PI
0.34078014184397165,MANOEL EMÍDIO,PI
0.7634696217042415,MARCOS PARENTE,PI
0.7212398172064375,MATIAS OLÍMPIO,PI
0.868881241660229,MIGUEL ALVES,PI
0.6732984293193718,MIGUEL LEÃO,PI
0.7758988421694089,MONSENHOR GIL,PI
0.8587863749154072,MONSENHOR HIPÓLITO,PI
0.8526205450733753,MONTE ALEGRE DO PIAUÍ,PI
0.8234375,NAZARÉ DO PIAUÍ,PI
0.8815136476426799,NOSSA SENHORA DOS REMÉDIOS,PI
0.9759890859481583,NOVO ORIENTE DO PIAUÍ,PI
0.5781444230986552,OEIRAS,PI
0.44420783645655876,DOMINGOS MOURÃO,PI
0.8831521739130435,PADRE MARCOS,PI
0.36502057613168726,PAES LANDIM,PI
0.6011964107676969,PALMEIRA DO PIAUÍ,PI
1.0210018262457605,PALMEIRAIS,PI
0.8953261927945472,PARNAGUÁ,PI
0.7494208669583782,PARNAÍBA,PI
0.4228491439646818,PAULISTANA,PI
0.5257422888440473,PEDRO II,PI
0.514136619593738,PICOS,PI
0.9329111757658737,PIMENTEIRAS,PI
0.6549978457561396,PIO IX,PI
1.009206063542604,PIRACURUCA,PI
0.35881255301102627,PIRIPIRI,PI
0.6987032799389779,PORTO,PI
0.7012732615083251,PRATA DO PIAUÍ,PI
0.644116122343183,REDENÇÃO DO GURGUÉIA,PI
0.9868704018109791,REGENERAÇÃO,PI
1.2046431642304385,RIBEIRO GONÇALVES,PI
0.7373322377430841,RIO GRANDE DO PIAUÍ,PI
0.042408376963350786,SANTA CRUZ DO PIAUÍ,PI
0.8180462341536167,SANTA FILOMENA,PI
0.49187432286023836,SANTA LUZ,PI
0.6529411764705882,SANTO ANTÔNIO DE LISBOA,PI
0.07070240295748614,SANTO INÁCIO DO PIAUÍ,PI
0.9501510574018127,SÃO FÉLIX DO PIAUÍ,PI
0.3749662070829954,SÃO FRANCISCO DO PIAUÍ,PI
0.8294174444802059,SÃO GONÇALO DO PIAUÍ,PI
0.9576165544751932,SÃO JOÃO DA SERRA,PI
0.532829113230297,SÃO JOÃO DO PIAUÍ,PI
0.898700433188937,SÃO JOÃO DA FRONTEIRA,PI
0.5289298515104967,SÃO JOSÉ DO PEIXE,PI
0.6970191915067374,SÃO JOÃO DA VARJOTA,PI
0.5466328543251621,SÃO JOSÉ DO PIAUÍ,PI
0.6465811965811966,SEBASTIÃO BARROS,PI
0.6011372867587328,SÃO JULIÃO,PI
0.2665589660743134,SEBASTIÃO LEAL,PI
0.7343250688705234,SÃO MIGUEL DO TAPUIO,PI
0.6337252020573108,ALVORADA DO GURGUÉIA,PI
0.7166147917593004,SÃO PEDRO DO PIAUÍ,PI
0.524140012070006,ASSUNÇÃO DO PIAUÍ,PI
0.7108108108108108,SÃO RAIMUNDO NONATO,PI
0.8334838903944595,BETÂNIA DO PIAUÍ,PI
1.21947125472094,SIMÕES,PI
0.8917073170731707,BOQUEIRÃO DO PIAUÍ,PI
0.6726777815583532,SIMPLÍCIO MENDES,PI
1.1106207708149456,CARIDADE DO PIAUÍ,PI
0.8589650145772595,SOCORRO DO PIAUÍ,PI
0.9353293413173652,CURRAL NOVO DO PIAUÍ,PI
0.6362769937643584,TERESINA,PI
1.0313993174061433,JÚLIO BORGES,PI
0.6291236110510614,UNIÃO,PI
0.7787676317743133,LAGOA DO SÍTIO,PI
0.5627306273062731,URUÇUÍ,PI
0.7905714285714286,MILTON BRANDÃO,PI
0.7915873810716074,VALENÇA DO PIAUÍ,PI
0.6486910994764398,PAJEÚ DO PIAUÍ,PI
0.7184594953519257,VÁRZEA GRANDE,PI
0.551594746716698,PAVUSSU,PI
0.9506982046167,DIRCEU ARCOVERDE,PI
0.6330850646805174,RIACHO FRIO,PI
0.608600048863914,ALAGOINHA DO PIAUÍ,PI
0.9979648944288985,ACAUÃ,PI
0.7425944841675178,BELÉM DO PIAUÍ,PI
0.7549019607843137,CAJAZEIRAS DO PIAUÍ,PI
0.8115990613476366,CAMPO ALEGRE DO FIDALGO,PI
0.852595680181887,COCAL DE TELHA,PI
0.7773677736777368,FRANCISCO MACEDO,PI
0.8341439688715954,JOÃO COSTA,PI
0.6436086270384008,JATOBÁ DO PIAUÍ,PI
0.9003226963069201,JOCA MARQUES,PI
0.8087889092335862,JUAZEIRO DO PIAUÍ,PI
0.7167523879500367,LAGOA DO PIAUÍ,PI
0.8945634266886326,LAGOINHA DO PIAUÍ,PI
0.7937984496124031,MADEIRO,PI
0.6533333333333333,MORRO DO CHAPÉU DO PIAUÍ,PI
0.6681465038845728,MASSAPÊ DO PIAUÍ,PI
0.8072747014115093,MURICI DOS PORTELAS,PI
0.6477201748906933,OLHO D ÁGUA DO PIAUÍ,PI
0.9965986394557823,PEDRO LAURENTINO,PI
0.6967460583696746,SÃO FRANCISCO DE ASSIS DO PIAUÍ,PI
0.7841124020534991,SUSSUAPARA,PI
0.4714016341923319,TANQUE DO PIAUÍ,PI
0.6900549115314216,TAMBORIL DO PIAUÍ,PI
0.7643504531722054,VILA NOVA DO PIAUÍ,PI
0.6781609195402298,VERA MENDES,PI
0.0328125,WALL FERRAZ,PI
0.8288419519300801,CAJUEIRO DA PRAIA,PI
0.7683932695480039,CURRALINHOS,PI
0.7082683307332294,PORTO ALEGRE DO PIAUÍ,PI
0.46897810218978103,RIBEIRA DO PIAUÍ,PI
0.7324364723467862,SÃO GONÇALO DO GURGUÉIA,PI
0.7941874258600238,SÃO LUIS DO PIAUÍ,PI
0.588348271446863,FLORESTA DO PIAUÍ,PI
0.6871961102106969,SANTO ANTÔNIO DOS MILAGRES,PI
0.6885542168674699,SÃO MIGUEL DA BAIXA GRANDE,PI
0.6757021554539516,CARAÚBAS DO PIAUÍ,PI
0.8332307692307692,CAXINGÓ,PI
0.7077286533918326,COCAL DOS ALVES,PI
0.4948717948717949,SÃO MIGUEL DO FIDALGO,PI
0.7183436002737851,PAU D ARCO DO PIAUÍ,PI
0.821810818628869,NAZÁRIA,PI
0.8288677614520311,AROEIRAS DO ITAIM,PI
0.5650850038061406,JIJOCA DE JERICOACOARA,CE
0.6768260641093011,ABAIARA,CE
0.6749327406714235,MADALENA,CE
0.3558282208588957,ACARAÚ,CE
0.9004190780283376,PIRES FERREIRA,CE
0.7144088616869962,ACOPIARA,CE
0.47973875612290334,GRAÇA,CE
0.9056464691139614,AIUABA,CE
0.5331529093369418,TURURU,CE
0.9124365482233503,ALCÂNTARAS,CE
0.9264164094394105,QUITERIANÓPOLIS,CE
0.5330972487060747,ALTANEIRA,CE
0.7499797456047962,BARREIRA,CE
0.8582153846153846,ALTO SANTO,CE
0.8120107789041447,ACARAPE,CE
0.90415964024733,ANTONINA DO NORTE,CE
0.7584987761762306,CHOROZINHO,CE
0.6062548064598821,APUIARÉS,CE
0.5991029678404428,HORIZONTE,CE
0.39095719988858973,AQUIRAZ,CE
0.578897035384125,ERERÉ,CE
0.5279354645951598,ARACATI,CE
0.2604320804971885,EUSÉBIO,CE
0.6588089330024814,ARACOIABA,CE
0.7547928262213977,GUAIÚBA,CE
0.5959498553519769,ARARIPE,CE
0.4705391884380211,POTIRETAMA,CE
0.7032784408520925,ARATUBA,CE
0.5145938543182402,PINDORETAMA,CE
0.815031503150315,ARNEIROZ,CE
0.3580343213728549,OCARA,CE
0.2760023818975784,ASSARÉ,CE
0.8866124334638947,TEJUÇUOCA,CE
0.5556732963808282,AURORA,CE
0.3839020771513353,IPAPORANGA,CE
0.9280149579308196,BAIXIO,CE
0.4499002991026919,TARRAFAS,CE
0.2461713657425587,BARBALHA,CE
0.6881303335919318,BANABUIÚ,CE
0.5721655024180549,BARRO,CE
0.46258790436005626,BARROQUINHA,CE
0.5549019607843138,BATURITÉ,CE
0.3409954407294833,ARARENDÁ,CE
0.5209352078239609,BEBERIBE,CE
0.8614173228346457,CATUNDA,CE
0.46570450825769977,BELA CRUZ,CE
0.5882107023411371,CHORÓ,CE
0.7944945228182222,BOA VIAGEM,CE
0.5342330480579328,ITAITINGA,CE
0.35114896803482004,BREJO SANTO,CE
0.35253693734967356,FORTIM,CE
0.634587362564578,CAMOCIM,CE
0.8625372639947002,CAMPOS SALES,CE
0.7125941254239236,CANINDÉ,CE
0.8750376998089876,CAPISTRANO,CE
0.8325146419799736,CARIDADE,CE
0.3198452841416245,CARIRÉ,CE
0.6078458362009636,CARIRIAÇU,CE
0.851077246452969,CARIÚS,CE
0.1075811289882738,CARNAUBAL,CE
0.5977202788419268,CASCAVEL,CE
0.3523663537076068,CATARINA,CE
0.5590052873853842,CAUCAIA,CE
0.5260137719969395,CEDRO,CE
0.9099351673383564,CHAVAL,CE
0.7210738697191797,COREAÚ,CE
0.7171833583035612,CRATEÚS,CE
0.5992413466097677,CRATO,CE
0.7122762148337596,FARIAS BRITO,CE
0.4481314393765564,FORTALEZA,CE
0.9557716007120362,FRECHEIRINHA,CE
0.45375408052230687,GENERAL SAMPAIO,CE
0.9264741964504785,GRANJA,CE
0.8969181721572795,GRANJEIRO,CE
0.644484412470024,GROAÍRAS,CE
0.4748826699113506,GUARACIABA DO NORTE,CE
0.8558708959376738,GUARAMIRANGA,CE
0.49470404984423677,HIDROLÂNDIA,CE
0.37200598802395207,IBARETAMA,CE
0.5422520221370796,IBIAPINA,CE
0.8451793830383909,ICÓ,CE
0.31501109752230827,IGUATU,CE
0.7044468546637744,INDEPENDÊNCIA,CE
0.7261565836298932,IPAUMIRIM,CE
0.8588769143505388,IPU,CE
0.39048846067667486,IPUEIRAS,CE
0.8725615833689306,IRACEMA,CE
0.693771915177826,IRAUÇUBA,CE
0.8200896015090781,ITAIÇABA,CE
0.8362362668912453,ITAPAJÉ,CE
0.3712371061679882,ITAPIPOCA,CE
0.8578226667961543,ITAPIÚNA,CE
0.4725106075652252,ITATIRA,CE
0.7856913010833423,JAGUARETAMA,CE
0.8246830427892234,JAGUARIBARA,CE
0.8221348378640223,JAGUARIBE,CE
0.4594183499634948,JAGUARUANA,CE
0.4106007067137809,JARDIM,CE
0.13479623824451412,JATI,CE
0.39412050534499515,JUAZEIRO DO NORTE,CE
0.4921344297461566,JUCÁS,CE
0.49957283212302434,LAVRAS DA MANGABEIRA,CE
0.7954373408574771,LIMOEIRO DO NORTE,CE
0.4268744336314566,MARANGUAPE,CE
0.4721302614688197,MARCO,CE
0.9509039900249376,MARTINÓPOLE,CE
0.6683774834437086,MASSAPÊ,CE
0.36804605294200915,MAURITI,CE
0.7269693892354563,MERUOCA,CE
0.6913742892802662,MILAGRES,CE
0.540652580903985,MIRAÍMA,CE
0.4304891504229496,MISSÃO VELHA,CE
0.8979220779220779,MOMBAÇA,CE
0.7231737154840965,MONSENHOR TABOSA,CE
0.7335474388982636,MORADA NOVA,CE
0.7849682107175295,MORAÚJO,CE
0.4987544483985765,MORRINHOS,CE
0.5070946411351426,MUCAMBO,CE
0.7596032461677187,MULUNGU,CE
0.6093957945169017,NOVA OLINDA,CE
0.2804636490352872,NOVA RUSSAS,CE
0.862270307401683,NOVO ORIENTE,CE
0.8713587999302285,ORÓS,CE
0.48713614388586496,PACAJUS,CE
0.7104516393722863,PACATUBA,CE
0.396192742415229,PACOTI,CE
0.5611566018423746,PACUJÁ,CE
0.6224169284179203,PALHANO,CE
0.3862462141457331,PALMÁCIA,CE
0.7431374773139746,PARACURU,CE
0.9548443409950538,PARAMBU,CE
0.6587126233613197,PARAMOTI,CE
0.8122319688109162,PEDRA BRANCA,CE
0.8932647124636384,PENAFORTE,CE
0.5259814690992454,PENTECOSTE,CE
0.9094278434097753,PEREIRO,CE
0.8201930215293244,PIQUET CARNEIRO,CE
0.2601028655400441,PORANGA,CE
0.7663472036879777,PORTEIRAS,CE
0.9382022471910112,POTENGI,CE
0.4483672663696351,QUIXADÁ,CE
0.680557495181968,QUIXERAMOBIM,CE
0.8970291823678906,QUIXERÉ,CE
0.7051428571428572,REDENÇÃO,CE
0.46709539121114685,RERIUTABA,CE
0.9127250702053852,RUSSAS,CE
0.4996106929665196,SABOEIRO,CE
0.5112496104705516,SANTANA DO ACARAÚ,CE
0.8593633424521263,SANTANA DO CARIRI,CE
0.3513136184795025,SALITRE,CE
0.5976028224832053,SANTA QUITÉRIA,CE
0.569456384323641,SÃO BENEDITO,CE
0.48074504872681545,SÃO GONÇALO DO AMARANTE,CE
0.8565949286170893,SÃO JOÃO DO JAGUARIBE,CE
0.6702338485929449,SÃO LUÍS DO CURU,CE
0.42266842390883014,SENADOR POMPEU,CE
0.5423381939114863,SENADOR SÁ,CE
0.8126517289844467,SOBRAL,CE
0.7082063561166739,SOLONÓPOLE,CE
0.5808786819770344,TABULEIRO DO NORTE,CE
0.3860731599823711,TAMBORIL,CE
0.878055953825227,TAUÁ,CE
0.2590319519139513,TIANGUÁ,CE
0.48112340697535055,TRAIRI,CE
0.6083192722470838,UBAJARA,CE
0.47142147117296224,UMARI,CE
0.8435092992673304,URUBURETAMA,CE
0.9231298129812981,URUOCA,CE
0.788105087841831,VÁRZEA ALEGRE,CE
0.3569261880687563,VIÇOSA DO CEARÁ,CE
0.5471095686663361,MARACANAÚ,CE
0.17620250656363007,AMONTADA,CE
0.5146584185045724,CROATÁ,CE
0.06726531969734763,CRUZ,CE
0.7589787970575509,FORQUILHA,CE
0.8141550312951372,IBICUITINGA,CE
0.12367073651043718,ICAPUÍ,CE
0.5697513075034689,ITAREMA,CE
0.5215304443225453,MILHÃ,CE
0.03040173724212812,DEPUTADO IRAPUAN PINHEIRO,CE
0.7837802907915994,PARAIPABA,CE
0.8217474489795918,TENENTE LAURENTINO CRUZ,RN
0.657251666137734,ACARI,RN
0.3154639175257732,SERRA DO MEL,RN
0.5301712040415381,ASSÚ,RN
0.3408897704732219,CAIÇARA DO NORTE,RN
0.4384678076609617,AFONSO BEZERRA,RN
0.4994145199063232,SÃO MIGUEL DO GOSTOSO,RN
0.9106002554278416,ÁGUA NOVA,RN
0.4174249317561419,ITAJÁ,RN
0.7106413994169096,ALEXANDRIA,RN
0.44074074074074077,BODÓ,RN
0.5080432875109682,ALMINO AFONSO,RN
0.2866593164277839,TRIUNFO POTIGUAR,RN
0.3416307857911733,ALTO DO RODRIGUES,RN
0.5080459770114942,FERNANDO PEDROZA,RN
0.42110809996988857,ANGICOS,RN
0.9570905285190999,MAJOR SALES,RN
0.7000697512206464,ANTÔNIO MARTINS,RN
0.4330779630464173,VENHA-VER,RN
0.7034767044530021,APODI,RN
0.20489408327246164,SERRINHA DOS PINTOS,RN
0.3833234872141109,AREIA BRANCA,RN
0.589975349219392,TIBAU,RN
0.6551472732575094,AREZ,RN
0.6406199547949629,SANTA MARIA,RN
0.14447750092971365,CAMPO GRANDE,RN
0.35783167738164817,RIO DO FOGO,RN
0.5561871447310888,BAÍA FORMOSA,RN
0.6514550264550265,PORTO DO MANGUE,RN
0.6766735679779158,BARCELONA,RN
0.7139364303178484,JUNDIÁ,RN
0.6189467312348669,BENTO FERNANDES,RN
0.4081799591002045,BOM JESUS,RN
0.5394118670610754,BREJINHO,RN
0.6021335440537336,CAIÇARA DO RIO DO VENTO,RN
0.2962733560441829,CAICÓ,RN
0.5926966292134831,CAMPO REDONDO,RN
0.6556868963528903,CANGUARETAMA,RN
0.5588209101433788,CARAÚBAS,RN
0.6137009664582149,CARNAÚBA DOS DANTAS,RN
0.592295052035786,CARNAUBAIS,RN
0.49703665528570506,CEARÁ-MIRIM,RN
0.3615340142609366,CERRO CORÁ,RN
0.8402612826603325,CORONEL EZEQUIEL,RN
0.8078291814946619,CORONEL JOÃO PESSOA,RN
0.4530578850480671,CRUZETA,RN
0.36649316851008457,CURRAIS NOVOS,RN
0.5413953488372093,DOUTOR SEVERIANO,RN
0.2660479505027069,ENCANTO,RN
0.3067347590169167,EQUADOR,RN
0.8770281810418445,ESPÍRITO SANTO,RN
0.6264920167415905,EXTREMOZ,RN
0.7179310344827586,FELIPE GUERRA,RN
0.554916618746406,FLORÂNIA,RN
0.8176364727054589,FRANCISCO DANTAS,RN
0.32501521606816797,GALINHOS,RN
0.7311945968763192,GOIANINHA,RN
0.2199819440264821,GOVERNADOR DIX-SEPT ROSADO,RN
0.20686713584986138,GROSSOS,RN
0.7985810485810486,GUAMARÉ,RN
0.6251642096044373,IELMO MARINHO,RN
0.4825764247075104,IPANGUAÇU,RN
0.25608907446068196,IPUEIRA,RN
0.2200524628388225,ITAÚ,RN
0.8078523140925638,JAÇANÃ,RN
0.31988908495084445,JANDAÍRA,RN
0.37611749680715195,JANDUÍS,RN
0.5775368248772504,BOA SAÚDE,RN
0.1836127636560303,JAPI,RN
0.5995995995995996,JARDIM DE ANGICOS,RN
0.6277842152697309,JARDIM DE PIRANHAS,RN
0.650331874029092,JARDIM DO SERIDÓ,RN
0.22040766208251472,JOÃO CÂMARA,RN
0.9235040098704503,JOÃO DIAS,RN
0.8198795180722892,JOSÉ DA PENHA,RN
0.48290981564524166,JUCURUTU,RN
0.34057221647707686,MESSIAS TARGINO,RN
0.6676283900750144,LAGOA D ANTA,RN
0.7728600314536059,LAGOA DE PEDRAS,RN
0.23044692737430167,LAGOA DE VELHOS,RN
0.5867383005796691,LAGOA NOVA,RN
0.3354531001589825,LAGOA SALGADA,RN
0.6935091981950712,LAJES,RN
0.2574162679425837,LAJES PINTADAS,RN
0.17376634331505694,LUCRÉCIA,RN
0.4675992594116437,LUÍS GOMES,RN
0.44642551002914455,MACAÍBA,RN
0.5509733237202595,MACAU,RN
0.8131519274376418,MARCELINO VIEIRA,RN
0.0689818095913064,MARTINS,RN
0.6231527093596059,MAXARANGUAPE,RN
0.6617155588562941,FRUTUOSO GOMES,RN
0.8338278931750742,MONTANHAS,RN
0.639222299375062,MONTE ALEGRE,RN
0.5967567567567568,MONTE DAS GAMELEIRAS,RN
0.37119326219746235,MOSSORÓ,RN
0.35069799811683794,NATAL,RN
0.5087610619469026,NÍSIA FLORESTA,RN
0.7516246828000248,NOVA CRUZ,RN
0.623859649122807,OLHO D ÁGUA DO BORGES,RN
0.26415758002110445,OURO BRANCO,RN
0.9441021126760564,PARANÁ,RN
0.3248695652173913,PARAÚ,RN
0.16895243653341116,PARAZINHO,RN
0.5899356573513876,PARELHAS,RN
0.28578522294109915,PARNAMIRIM,RN
0.8177496038034865,PASSA E FICA,RN
0.4332833583208396,PASSAGEM,RN
0.6225367251881047,PATU,RN
0.29974874371859295,PAU DOS FERROS,RN
0.27605956471935855,PEDRA GRANDE,RN
0.6962595763857593,PEDRA PRETA,RN
0.45665708812260536,PEDRO AVELINO,RN
0.486857825567503,PEDRO VELHO,RN
0.5288530723845157,PENDÊNCIAS,RN
0.7817949808592088,PILÕES,RN
0.49152796521217573,POÇO BRANCO,RN
0.5585629921259843,PORTALEGRE,RN
0.9117137911136757,SERRA CAIADA,RN
0.33498647430117223,PUREZA,RN
0.8202090592334494,RAFAEL FERNANDES,RN
0.36515748031496065,RIACHO DA CRUZ,RN
0.5317613089509143,RIACHO DE SANTANA,RN
0.839332748024583,RIACHUELO,RN
0.3984375,RODOLFO FERNANDES,RN
0.7007434944237918,RUY BARBOSA,RN
0.9107666527021365,SÃO FRANCISCO DO OESTE,RN
0.4727306686589466,SANTA CRUZ,RN
0.9033613445378151,SANTANA DO SERIDÓ,RN
0.7037460317460318,SANTANA DO MATOS,RN
0.6833629809942889,SANTO ANTÔNIO,RN
0.49585695595290014,SÃO BENTO DO NORTE,RN
0.6680752977333846,SÃO BENTO DO TRAIRÍ,RN
0.14308553157474022,SÃO FERNANDO,RN
0.18641891564513785,SÃO GONÇALO DO AMARANTE,RN
0.5594713656387665,SÃO JOÃO DO SABUGI,RN
0.38517745302713985,SÃO JOSÉ DE MIPIBU,RN
0.6729463679565513,SÃO JOSÉ DO CAMPESTRE,RN
0.4732142857142857,SÃO JOSÉ DO SERIDÓ,RN
0.8744560487380331,SÃO MIGUEL,RN
0.6602923264311815,SÃO PAULO DO POTENGI,RN
0.4397745949753463,SÃO PEDRO,RN
0.2807017543859649,SÃO RAFAEL,RN
0.8283160865475071,SÃO TOMÉ,RN
0.6256651017214397,SÃO VICENTE,RN
0.3870185016681832,SENADOR ELÓI DE SOUZA,RN
0.40310402684563756,SENADOR GEORGINO AVELINO,RN
0.4099770642201835,SERRA DE SÃO BENTO,RN
0.6463502770416767,SERRA NEGRA DO NORTE,RN
0.8230228869249944,SERRINHA,RN
0.2656048213517004,SEVERIANO MELO,RN
0.58910741301059,SÍTIO NOVO,RN
0.5894677236693092,TABOLEIRO GRANDE,RN
0.699372416960049,TAIPU,RN
0.4536867333991259,TANGARÁ,RN
0.9437204910292729,TENENTE ANANIAS,RN
0.22783825816485226,TIBAU DO SUL,RN
0.5325714285714286,TIMBAÚBA DOS BATISTAS,RN
0.48810796365579906,TOUROS,RN
0.3953868507083182,UMARIZAL,RN
0.17274584184417857,UPANEMA,RN
0.7626353790613718,VÁRZEA,RN
0.752,RAFAEL GODEIRO,RN
0.6134497816593887,VERA CRUZ,RN
0.11311787072243346,VIÇOSA,RN
0.26674364896073904,VILA FLOR,RN
0.7752150117279124,RIACHÃO DO POÇO,PB
0.6939706942109056,ÁGUA BRANCA,PB
0.8605356240525518,SOBRADO,PB
0.6736020806241872,AGUIAR,PB
0.8185825703628349,SÃO JOSÉ DOS RAMOS,PB
0.916920731707317,ALAGOA GRANDE,PB
0.8426183844011143,CAPIM,PB
0.4955679962677863,ALAGOA NOVA,PB
0.8777499303815093,CUITÉ DE MAMANGUAPE,PB
0.8642035326527305,ALAGOINHA,PB
0.9026063100137174,CURRAL DE CIMA,PB
0.8253187430980825,ALHANDRA,PB
0.8862652499016135,RIACHÃO DO BACAMARTE,PB
0.569017887276409,SÃO JOÃO DO RIO DO PEIXE,PB
0.868122637547249,MATINHAS,PB
0.6660763976726537,ARAÇAGI,PB
0.8404255319148937,LOGRADOURO,PB
0.8031435691010159,ARARA,PB
0.7144549763033176,SERTÃOZINHO,PB
0.8463669563027326,ARARUNA,PB
0.6078011144449207,RIACHÃO,PB
0.3822308063737325,AREIA,PB
0.9077555816686251,SÃO DOMINGOS DO CARIRI,PB
0.8262818716727375,AREIAL,PB
0.7840816326530612,CARAÚBAS,PB
0.7833820947922762,AROEIRAS,PB
0.6683229813664596,SANTO ANDRÉ,PB
0.9373051610668514,DAMIÃO,PB
0.905458089668616,SOSSÊGO,PB
0.7925368978000557,BAÍA DA TRAIÇÃO,PB
0.44589774078478,BARAÚNA,PB
0.7420882669537137,BANANEIRAS,PB
0.5785547785547785,ASSUNÇÃO,PB
0.8884019865614957,BARRA DE SANTA ROSA,PB
0.8225283630470016,ZABELÊ,PB
0.8659333104159505,BARRA DE SÃO MIGUEL,PB
0.39634574841883347,CACIMBAS,PB
0.5197897414972518,BAYEUX,PB
0.8329145728643216,CAJAZEIRINHAS,PB
0.5808653103270667,BELÉM,PB
0.6613665663944993,SÃO BENTINHO,PB
0.45384615384615384,BELÉM DO BREJO DO CRUZ,PB
0.8991853360488798,SÃO DOMINGOS,PB
0.4954612005856515,BOA VENTURA,PB
0.2626953125,SÃO JOSÉ DE PRINCESA,PB
0.6452127659574468,BOM JESUS,PB
0.8510581301901956,MARIZÓPOLIS,PB
0.6436262591177492,BOM SUCESSO,PB
0.45459704880817253,MATO GROSSO,PB
0.7464494569757728,BONITO DE SANTA FÉ,PB
0.7878962536023055,BERNARDINO BATISTA,PB
0.6577127961010995,BOQUEIRÃO,PB
0.717425431711146,POÇO DE JOSÉ DE MOURA,PB
0.6994877632327832,IGARACY,PB
0.6392307692307693,SÃO JOSÉ DO BREJO DO CRUZ,PB
0.9064632677639503,BORBOREMA,PB
0.3914027149321267,SANTA INÊS,PB
0.7476503759398496,BREJO DO CRUZ,PB
0.6708692767086928,AMPARO,PB
0.44135802469135804,BREJO DOS SANTOS,PB
0.7588967971530249,CASSERENGUE,PB
0.4806245726008662,CAAPORÃ,PB
0.7161349976883957,GADO BRAVO,PB
0.7367683140553803,CABACEIRAS,PB
0.7816354499771585,POÇO DANTAS,PB
0.5280182424728685,CABEDELO,PB
0.7318840579710145,JOCA CLAUDINO,PB
0.5138218516893375,CACHOEIRA DOS ÍNDIOS,PB
0.24507389162561577,TENÓRIO,PB
0.40388964269561284,CACIMBA DE AREIA,PB
0.38362919132149903,COXIXOLA,PB
0.6611610395919358,CACIMBA DE DENTRO,PB
0.38132295719844356,PARARI,PB
0.4816729323308271,CAIÇARA,PB
0.8406658739595719,PEDRO RÉGIS,PB
0.26294820717131473,CAJAZEIRAS,PB
0.9039820166987798,ALCANTIL,PB
0.7964131517768184,CALDAS BRANDÃO,PB
0.5241540753351777,BARRA DE SANTANA,PB
0.6535967891324483,CAMALAÚ,PB
0.790828109534807,CATURITÉ,PB
0.5156378396563039,CAMPINA GRANDE,PB
0.7938439513242663,RIACHO DE SANTO ANTÔNIO,PB
0.7714093054619016,CARRAPATEIRA,PB
0.8768638768638769,APARECIDA,PB
0.5160599571734475,CATINGUEIRA,PB
0.9552238805970149,SÃO FRANCISCO,PB
0.6602974034979583,CATOLÉ DO ROCHA,PB
0.9011735639283508,VIEIRÓPOLIS,PB
0.48346530041918956,CONCEIÇÃO,PB
0.43919442292796285,AREIA DE BARAÚNAS,PB
0.7000781046602448,CONDADO,PB
0.9210102095647501,ALGODÃO DE JANDAÍRA,PB
0.6720845980612944,CONDE,PB
0.2627995642701525,BOA VISTA,PB
0.2514803204458377,CONGO,PB
0.7727419876982843,MARCAÇÃO,PB
0.7329760815579662,COREMAS,PB
0.06834075015893197,MATURÉIA,PB
0.8493593443379891,CRUZ DO ESPÍRITO SANTO,PB
0.8575012543903663,SANTA CECÍLIA,PB
0.9277463750307201,CUBATI,PB
0.8116915672315251,CUITÉ,PB
0.8164831498164832,CUITEGI,PB
0.8716780561883067,CURRAL VELHO,PB
0.7519962423673086,DESTERRO,PB
0.6883040935672514,VISTA SERRANA,PB
0.42538394668212115,DIAMANTE,PB
0.9370519321559714,DONA INÊS,PB
0.9365812683746325,DUAS ESTRADAS,PB
0.28340897629853756,EMAS,PB
0.5802924889961664,ESPERANÇA,PB
0.7971356360572873,FAGUNDES,PB
0.6339686098654709,FREI MARTINHO,PB
0.4930321374883192,GUARABIRA,PB
0.7748610253242743,GURINHÉM,PB
0.3545499751367479,GURJÃO,PB
0.2221150755384121,IBIARA,PB
0.5,IMACULADA,PB
0.707882910239281,INGÁ,PB
0.48703535811423393,ITABAIANA,PB
0.6578415149843722,ITAPORANGA,PB
0.8066593587284188,ITAPOROROCA,PB
0.7872457394172623,ITATUBA,PB
0.7406316916488223,JACARAÚ,PB
0.8494247123561781,JERICÓ,PB
0.4624151454223319,JOÃO PESSOA,PB
0.9219976218787158,JUAREZ TÁVORA,PB
0.4811772758384668,JUAZEIRINHO,PB
0.8576789838337182,JUNCO DO SERIDÓ,PB
0.9378014302344919,JURIPIRANGA,PB
0.9188560799813996,JURU,PB
0.6184994045256054,LAGOA,PB
0.9308047155304972,LAGOA DE DENTRO,PB
0.7128037128037128,LAGOA SECA,PB
0.41056218057921634,LASTRO,PB
0.7930419268510259,LIVRAMENTO,PB
0.800133578226749,LUCENA,PB
0.47446083995459704,MÃE D ÁGUA,PB
0.8914141414141414,MALTA,PB
0.521122876682109,MAMANGUAPE,PB
0.06408376963350786,MANAÍRA,PB
0.7945405292769326,MARI,PB
0.7294956698930208,MASSARANDUBA,PB
0.7081012658227848,MATARACA,PB
0.9399880275366657,MOGEIRO,PB
0.7768319763138416,MONTADAS,PB
0.7076305220883534,MONTE HOREBE,PB
0.703504607651494,MONTEIRO,PB
0.7877263581488934,MULUNGU,PB
0.9345979614949037,NATUBA,PB
0.8497225305216426,NAZAREZINHO,PB
0.9293712316968131,NOVA FLORESTA,PB
0.7222222222222222,NOVA OLINDA,PB
0.5223689816787388,NOVA PALMEIRA,PB
0.5573514077163713,OLHO D ÁGUA,PB
0.8827952233524989,OLIVEDOS,PB
0.7770767613038907,OURO VELHO,PB
0.27144607843137253,PASSAGEM,PB
0.18331354180410783,PATOS,PB
0.6125467251747115,PAULISTA,PB
0.9014256619144603,PEDRA BRANCA,PB
0.7602739726027398,PEDRA LAVRADA,PB
0.6349052017501216,PEDRAS DE FOGO,PB
0.7920120572720422,PIANCÓ,PB
0.5771782397169394,PICUÍ,PB
0.7392786649919254,PILAR,PB
0.4802089059923035,PILÕES,PB
0.6965572457966374,PILÕEZINHOS,PB
0.5420256111757858,PIRPIRITUBA,PB
0.49920648915535176,PITIMBU,PB
0.5046659201194476,POCINHOS,PB
0.6001290095584355,POMBAL,PB
0.6409127301841473,PRATA,PB
0.5107824319747093,PRINCESA ISABEL,PB
0.5910706009578248,PUXINANÃ,PB
0.7108433734939759,QUEIMADAS,PB
0.08141321044546851,QUIXABA,PB
0.7925862699670772,REMÍGIO,PB
0.9525124240750966,RIACHO DOS CAVALOS,PB
0.725535009349678,RIO TINTO,PB
0.30952380952380953,SALGADINHO,PB
0.918015102481122,SALGADO DE SÃO FÉLIX,PB
0.86966640806827,SANTA CRUZ,PB
0.7786539003097719,SANTA HELENA,PB
0.5886985355070461,SANTA LUZIA,PB
0.7058823529411765,SANTANA DE MANGUEIRA,PB
0.7080424886191199,SANTANA DOS GARROTES,PB
0.3015377544571899,SANTA RITA,PB
0.5409407665505227,SANTA TERESINHA,PB
0.6077420055377599,SÃO BENTO,PB
0.587651598676957,SÃO JOÃO DO CARIRI,PB
0.9190751445086706,SÃO JOÃO DO TIGRE,PB
0.9503916449086162,SÃO JOSÉ DA LAGOA TAPADA,PB
0.677384780278671,SÃO JOSÉ DE CAIANA,PB
0.18475177304964538,SÃO JOSÉ DE ESPINHARAS,PB
0.48835248234426054,SÃO JOSÉ DE PIRANHAS,PB
0.1942622950819672,SÃO JOSÉ DO BONFIM,PB
0.5403286034353996,SÃO JOSÉ DO SABUGI,PB
0.840594566888775,SÃO JOSÉ DOS CORDEIROS,PB
0.52007136485281,SÃO MAMEDE,PB
0.8796296296296297,SÃO MIGUEL DE TAIPU,PB
0.6403846153846153,SÃO SEBASTIÃO DE LAGOA DE ROÇA,PB
0.757396449704142,SÃO SEBASTIÃO DO UMBUZEIRO,PB
0.6502285424073133,SAPÉ,PB
0.932937344318835,SÃO VICENTE DO SERIDÓ,PB
0.7112225488500779,SERRA BRANCA,PB
0.7718446601941747,SERRA DA RAIZ,PB
0.7966368891224382,SERRA GRANDE,PB
0.7034190299496422,SERRA REDONDA,PB
0.6070726915520629,SERRARIA,PB
0.7021116846550916,SOLÂNEA,PB
0.8674544419134397,SOLEDADE,PB
0.6957661916428004,SOUSA,PB
0.7640889386099846,SUMÉ,PB
0.930285196921684,TACIMA,PB
0.3841844085160877,TAPEROÁ,PB
0.40430846081798316,TAVARES,PB
0.06150853038012571,TEIXEIRA,PB
0.4565322972316659,TRIUNFO,PB
0.8219102669969722,UIRAÚNA,PB
0.5837742504409171,UMBUZEIRO,PB
0.46559206447613144,VÁRZEA,PB
0.8882848600163088,QUIXABA,PE
0.8652406417112299,AFOGADOS DA INGAZEIRA,PE
0.41375371258853094,LAGOA DO CARRO,PE
0.8022315937445089,AFRÂNIO,PE
0.9106967615309126,SANTA CRUZ DA BAIXA VERDE,PE
0.9255310146399255,AGRESTINA,PE
0.8314855875831486,XEXÉU,PE
0.9295808966861598,ÁGUA PRETA,PE
0.7252206033244408,VERTENTE DO LÉRIO,PE
0.3908720456397718,ÁGUAS BELAS,PE
0.9567282321899736,SANTA CRUZ,PE
0.840016592920354,ALAGOINHA,PE
0.7925639983746444,JUCATI,PE
0.8642136720209189,ALIANÇA,PE
0.7178969627066513,DORMENTES,PE
0.9281066666666666,ALTINHO,PE
0.723057838424562,CARNAUBEIRA DA PENHA,PE
0.7094724099667103,AMARAJI,PE
0.6396480243675438,LAGOA GRANDE,PE
0.3732243627164818,ANGELIM,PE
0.6911657083115526,ARAÇOIABA,PE
0.5578885891481492,ARARIPINA,PE
0.8712653173619717,CASINHAS,PE
0.7925723429790639,ARCOVERDE,PE
0.4810881582775676,MANARI,PE
0.9459459459459459,BARRA DE GUABIRABA,PE
0.9134057431929772,JATOBÁ,PE
0.8186717663421419,BARREIROS,PE
0.9214953271028037,TAMANDARÉ,PE
0.8959422903516682,BELÉM DE MARIA,PE
0.4077476038338658,JAQUEIRA,PE
0.5710925002352498,BELÉM DO SÃO FRANCISCO,PE
0.5918657565415245,SANTA FILOMENA,PE
0.2154883220456991,BELO JARDIM,PE
0.746418826739427,BETÂNIA,PE
0.6680077754170245,BEZERROS,PE
0.5725284878349245,BODOCÓ,PE
0.3141719145271543,BOM CONSELHO,PE
0.6428495930662721,BOM JARDIM,PE
0.818059226495496,BONITO,PE
0.8701642819289878,BREJÃO,PE
0.9613811903680145,BREJINHO,PE
0.5230312809035549,BREJO DA MADRE DE DEUS,PE
0.9155418949619136,BUENOS AIRES,PE
0.7424819083355668,BUÍQUE,PE
0.5446704130769153,CABO DE SANTO AGOSTINHO,PE
0.9190324633991088,CABROBÓ,PE
0.8806857142857143,CACHOEIRINHA,PE
0.8641540691654587,CAETÉS,PE
0.9563213784812663,CALÇADO,PE
0.9088855421686747,CALUMBI,PE
0.8459150870191775,CAMOCIM DE SÃO FÉLIX,PE
0.9529314616019818,CAMUTANGA,PE
0.26948180379746833,CANHOTINHO,PE
0.7107538667640969,CAPOEIRAS,PE
0.8866411299976059,CARNAÍBA,PE
0.4313313733725325,CARPINA,PE
0.5867772493219606,CARUARU,PE
0.3981610886355278,CATENDE,PE
0.4787711425612703,CEDRO,PE
0.548141770698809,CHÃ DE ALEGRIA,PE
0.8375011203728601,CHÃ GRANDE,PE
0.7867456497593484,CONDADO,PE
0.38479876595147944,CORRENTES,PE
0.34979484173505276,CORTÊS,PE
0.9012914093206064,CUMARU,PE
0.6115805390020457,CUPIRA,PE
0.7891156462585034,CUSTÓDIA,PE
0.6799253781064695,ESCADA,PE
0.4632348386297466,EXU,PE
0.9419788844249276,FEIRA NOVA,PE
0.6927334404570612,FERREIROS,PE
0.9006197673154289,FLORES,PE
0.8851176665561816,FLORESTA,PE
0.7079716918146615,FREI MIGUELINHO,PE
0.6441811999561259,GAMELEIRA,PE
0.5891325809636269,GARANHUNS,PE
0.6966671786207955,GLÓRIA DO GOITÁ,PE
0.6980941088006478,GOIANA,PE
0.3536675722400593,GRANITO,PE
0.3283992703567477,GRAVATÁ,PE
0.8818860324606089,IATI,PE
0.6427631001492145,IBIMIRIM,PE
0.32056451612903225,IBIRAJUBA,PE
0.5936668882978723,IGARASSU,PE
0.6869009584664537,IGUARACY,PE
0.5258732212160414,INAJÁ,PE
0.4504201680672269,INGAZEIRA,PE
0.5490641359692109,IPOJUCA,PE
0.9408785120696478,IPUBI,PE
0.5729166666666666,ITACURUBA,PE
0.7589958158995815,ITAÍBA,PE
0.7040552995391705,ILHA DE ITAMARACÁ,PE
0.9653417686700592,ITAPETIM,PE
0.8685015290519877,ITAQUITINGA,PE
0.5786268182346305,JABOATÃO DOS GUARARAPES,PE
0.43458450857018877,JATAÚBA,PE
0.9155154864039552,JOÃO ALFREDO,PE
0.816341392368191,JOAQUIM NABUCO,PE
0.8074814575943244,JUPI,PE
0.7315334445624146,JUREMA,PE
0.7985905044510386,LAGOA DE ITAENGA,PE
0.9476112516743563,LAGOA DO OURO,PE
0.4438373774706733,LAGOA DOS GATOS,PE
0.8795112887787849,LAJEDO,PE
0.8812718887617462,LIMOEIRO,PE
0.6991869918699187,MACAPARANA,PE
0.941617742987606,MACHADOS,PE
0.9222769567597153,MARAIAL,PE
0.6935191637630662,MIRANDIBA,PE
0.5747074875705581,MORENO,PE
0.6458965492908052,NAZARÉ DA MATA,PE
0.5295349388714813,OLINDA,PE
0.8823906278601501,OROBÓ,PE
0.6051474392136575,OROCÓ,PE
0.5902626614424612,OURICURI,PE
0.5311894273127753,PALMARES,PE
0.6196109358569927,PALMEIRINA,PE
0.6273984442523768,PANELAS,PE
0.8778288868445262,PARANATAMA,PE
0.6597452018530774,PARNAMIRIM,PE
0.8990487674169346,PASSIRA,PE
0.7499379395945387,PAUDALHO,PE
0.6037565386396593,PAULISTA,PE
0.8423640661938534,PEDRA,PE
0.4060374914546828,PESQUEIRA,PE
0.49257932446264074,PETROLÂNDIA,PE
0.6567338951974485,PETROLINA,PE
0.720715931242247,POÇÃO,PE
0.8329923273657289,POMBOS,PE
0.9072450392247347,PRIMAVERA,PE
0.44006640841173217,QUIPAPÁ,PE
0.611738071115279,RECIFE,PE
0.5103663985701519,RIACHO DAS ALMAS,PE
0.8057588546396709,RIBEIRÃO,PE
0.6986378581493659,RIO FORMOSO,PE
0.9089280382203643,SAIRÉ,PE
0.8800531914893617,SALGADINHO,PE
0.8838357393971127,SALGUEIRO,PE
0.8799638989169675,SALOÁ,PE
0.45064177362893815,SANHARÓ,PE
0.56847117003367,SANTA CRUZ DO CAPIBARIBE,PE
0.7152675503190967,SANTA MARIA DA BOA VISTA,PE
0.7078799868117376,SANTA MARIA DO CAMBUCÁ,PE
0.6391386159314238,SANTA TEREZINHA,PE
0.8825604838709677,SÃO BENEDITO DO SUL,PE
0.43445319509520486,SÃO BENTO DO UNA,PE
0.7012195121951219,SÃO CAITANO,PE
0.3699456253089471,SÃO JOÃO,PE
0.4061218365509653,SÃO JOAQUIM DO MONTE,PE
0.736009262832883,SÃO JOSÉ DA COROA GRANDE,PE
0.8448240519303041,SÃO JOSÉ DO BELMONTE,PE
0.6270479594876378,SÃO JOSÉ DO EGITO,PE
0.7875375075015003,SÃO LOURENÇO DA MATA,PE
0.6936145952109464,SÃO VICENTE FÉRRER,PE
0.7093656696872872,SERRA TALHADA,PE
0.573063195465043,SERRITA,PE
0.851326341764343,SERTÂNIA,PE
0.8957929540531296,SIRINHAÉM,PE
0.5836459114778695,MOREILÂNDIA,PE
0.9174031271244052,SOLIDÃO,PE
0.6231240831985557,SURUBIM,PE
0.678574602328268,TABIRA,PE
0.34345156889495226,TACAIMBÓ,PE
0.8961477572559367,TACARATU,PE
0.7387289516567083,ITAMBÉ,PE
0.6204325130499627,TAQUARITINGA DO NORTE,PE
0.8538011695906432,TEREZINHA,PE
0.8924453622440199,TERRA NOVA,PE
0.6579531243696801,TIMBAÚBA,PE
0.46899724011039556,TORITAMA,PE
0.5294205273350217,TRACUNHAÉM,PE
0.4377755433521541,TRINDADE,PE
0.8308091735179576,TRIUNFO,PE
0.47462439370637644,TUPANATINGA,PE
0.9558853425492987,TUPARETAMA,PE
0.8048443775100401,VENTUROSA,PE
0.8368767638758231,VERDEJANTE,PE
0.2615681233933162,VERTENTES,PE
0.7281956622058144,VICÊNCIA,PE
0.6422802772691604,VITÓRIA DE SANTO ANTÃO,PE
0.5616747139008189,CAMARAGIBE,PE
0.6816998437938079,ABREU E LIMA,PE
0.856082397698803,ITAPISSUMA,PE
0.23308975079632752,PARIPUEIRA,AL
0.4915025323579066,ÁGUA BRANCA,AL
0.6772316950852557,PARICONHA,AL
0.6470856795008371,ANADIA,AL
0.790997796663519,ESTRELA DE ALAGOAS,AL
0.19035873176775356,ARAPIRACA,AL
0.5489539748953974,JEQUIÁ DA PRAIA,AL
0.6920545097586326,ATALAIA,AL
0.5658301821931936,CAMPESTRE,AL
0.5871230643846781,BARRA DE SANTO ANTÔNIO,AL
0.4479115479115479,BARRA DE SÃO MIGUEL,AL
0.7732467532467533,BATALHA,AL
0.7086247086247086,BELÉM,AL
0.7898883782009193,BELO MONTE,AL
0.4737560265623579,BOCA DA MATA,AL
0.3374880153403643,BRANQUINHA,AL
0.6500413907284768,CACIMBINHAS,AL
0.5862617852332558,CAJUEIRO,AL
0.8460654796094199,CAMPO ALEGRE,AL
0.8473177441540578,CAMPO GRANDE,AL
0.8272397432319285,CANAPI,AL
0.4223779854620976,CAPELA,AL
0.8625093914350113,CARNEIROS,AL
0.4537589498806683,CHÃ PRETA,AL
0.8573593483614321,COITÉ DO NÓIA,AL
0.602325305492941,COLÔNIA LEOPOLDINA,AL
0.280239099859353,COQUEIRO SECO,AL
0.7291356660005952,CORURIPE,AL
0.4973717600145006,DELMIRO GOUVEIA,AL
0.770949720670391,DOIS RIACHOS,AL
0.8457084814626714,FEIRA GRANDE,AL
0.6614470842332614,FELIZ DESERTO,AL
0.7306370070778564,FLEXEIRAS,AL
0.21660264618011096,GIRAU DO PONCIANO,AL
0.290015600624025,IBATEGUARA,AL
0.7008043947420051,IGACI,AL
0.7820269818262906,IGREJA NOVA,AL
0.3228300510576222,INHAPI,AL
0.9102478231748158,JACARÉ DOS HOMENS,AL
0.8241656365883807,JACUÍPE,AL
0.7901092581943646,JAPARATINGA,AL
0.5527246992215145,JARAMATAIA,AL
0.7234274798744713,JOAQUIM GOMES,AL
0.8630079597821533,JUNDIÁ,AL
0.7454929037207518,JUNQUEIRO,AL
0.759377758164166,LAGOA DA CANOA,AL
0.8749078171091446,LIMOEIRO DE ANADIA,AL
0.3175470792512493,MACEIÓ,AL
0.4818844643858665,MAJOR ISIDORO,AL
0.4850960008486263,MARAGOGI,AL
0.8156482246077622,MARAVILHA,AL
0.5999796530851009,MARECHAL DEODORO,AL
0.6140461879152167,MARIBONDO,AL
0.7072164948453609,MAR VERMELHO,AL
0.7608814224937275,MATA GRANDE,AL
0.654685128983308,MATRIZ DE CAMARAGIBE,AL
0.5483014861995754,MESSIAS,AL
0.7420109119251753,MINADOR DO NEGRÃO,AL
0.6660973526900086,MONTEIRÓPOLIS,AL
0.3535708018950693,MURICI,AL
0.7738919020011221,NOVO LINO,AL
0.547085201793722,OLHO D ÁGUA DAS FLORES,AL
0.6038696537678208,OLHO D ÁGUA DO CASADO,AL
0.912405866032501,OLHO D ÁGUA GRANDE,AL
0.8795955882352942,OLIVENÇA,AL
0.2856554846676271,OURO BRANCO,AL
0.8549442093112736,PALESTINA,AL
0.4950282706180542,PALMEIRA DOS ÍNDIOS,AL
0.6148910068887421,PÃO DE AÇÚCAR,AL
0.7362234773317051,PASSO DE CAMARAGIBE,AL
0.7648809523809523,PAULO JACINTO,AL
0.4929897182534384,PENEDO,AL
0.7089806184346796,PIAÇABUÇU,AL
0.43692062572421786,PILAR,AL
0.793213828425096,PINDOBA,AL
0.8364798721406453,PIRANHAS,AL
0.6852426867135153,POÇO DAS TRINCHEIRAS,AL
0.5032894736842105,PORTO CALVO,AL
0.8663888207894092,PORTO DE PEDRAS,AL
0.7236665446112535,PORTO REAL DO COLÉGIO,AL
0.41530146934639417,QUEBRANGULO,AL
0.5288253968253969,RIO LARGO,AL
0.4487673343605547,ROTEIRO,AL
0.3194527067221892,SANTA LUZIA DO NORTE,AL
0.5597241521280428,SANTANA DO IPANEMA,AL
0.4747721715936875,SANTANA DO MUNDAÚ,AL
0.7201981929466628,SÃO BRÁS,AL
0.4501995910816863,SÃO JOSÉ DA LAJE,AL
0.7330684486183854,SÃO JOSÉ DA TAPERA,AL
0.6975122064636131,SÃO LUÍS DO QUITUNDE,AL
0.633886014584267,SÃO MIGUEL DOS CAMPOS,AL
0.6862928348909657,SÃO MIGUEL DOS MILAGRES,AL
0.6732923744127214,SÃO SEBASTIÃO,AL
0.24149108589951376,SATUBA,AL
0.7174066243833686,TANQUE D ARCA,AL
0.7155077599902236,TAQUARANA,AL
0.7304736893298317,TRAIPU,AL
0.35235593759949063,UNIÃO DOS PALMARES,AL
0.6659084944449305,VIÇOSA,AL
0.6407407407407407,CRAÍBAS,AL
0.4670224933282501,SENADOR RUI PALMEIRA,AL
0.8389078498293515,TEOTÔNIO VILELA,AL
0.7775802218271103,LUÍS EDUARDO MAGALHÃES,BA
0.5834670947030498,FERNANDO DE NORONHA,PE
0.2714580670533871,BARAÚNA,RN
0.6746058130699089,EUNÁPOLIS,BA
0.522714092402861,IUIU,BA
0.8940082197707117,JABORANDI,BA
0.7128885784142508,JUSSARI,BA
0.6992012995803438,AMÉRICA DOURADA,BA
0.8192457737321196,ARATACA,BA
0.4428622285510858,BARRO ALTO,BA
0.41417819859189126,BARROCAS,BA
0.5579742837807354,BURITIRAMA,BA
0.7777356343637398,CAPELA DO ALTO ALEGRE,BA
0.44729891956782714,CAPIM GROSSO,BA
0.6377912215214313,CANUDOS,BA
0.4738140630256813,DIAS D ÁVILA,BA
0.7430310407790627,FÁTIMA,BA
0.23356231599607458,FILADÉLFIA,BA
0.6566680178354276,GAVIÃO,BA
0.4482758620689655,GUAJERU,BA
0.6752084912812737,HELIÓPOLIS,BA
0.6974580335731415,JOÃO DOURADO,BA
0.8106490233144298,SANTANA DO SÃO FRANCISCO,SE
0.7881081081081082,AMPARO DE SÃO FRANCISCO,SE
0.7308379666401906,AQUIDABÃ,SE
0.47323725994728255,ARACAJU,SE
0.7650724149545302,ARAUÁ,SE
0.8520278099652375,AREIA BRANCA,SE
0.7112136514017064,BARRA DOS COQUEIROS,SE
0.8176838810641628,BREJO GRANDE,SE
0.8762785800240674,BOQUIM,SE
0.7880618656355728,CAMPO DO BRITO,SE
0.6838235294117647,CANHOBA,SE
0.2948083597961746,CANINDÉ DE SÃO FRANCISCO,SE
0.7622191967324711,CAPELA,SE
0.7203102278235579,CARIRA,SE
0.8087349397590361,CARMÓPOLIS,SE
0.6017868538608807,CEDRO DE SÃO JOÃO,SE
0.7474034620505992,CRISTINÁPOLIS,SE
0.863292734145317,NOSSA SENHORA APARECIDA,SE
0.9229914846353202,CUMBE,SE
0.7625474483340363,DIVINA PASTORA,SE
0.5227857334817829,ESTÂNCIA,SE
0.8427723840345199,FEIRA NOVA,SE
0.5100568733527535,FREI PAULO,SE
0.7935064935064935,GENERAL MAYNARD,SE
0.7375960866526904,GARARU,SE
0.7719538968166849,GRACCHO CARDOSO,SE
0.839503224265584,ILHA DAS FLORES,SE
0.41749197935555865,INDIAROBA,SE
0.5422391797944804,ITABAIANA,SE
0.7553027271168029,ITABAIANINHA,SE
0.8303443328550932,ITABI,SE
0.7614017005926308,ITAPORANGA D AJUDA,SE
0.8090468853180718,JAPARATUBA,SE
0.7288669064748201,JAPOATÃ,SE
0.7795576075946385,LAGARTO,SE
0.649330587023687,LARANJEIRAS,SE
0.6503267973856209,MACAMBIRA,SE
0.4506565014824227,MALHADA DOS BOIS,SE
0.7456445993031359,MALHADOR,SE
0.7953692924589316,MARUIM,SE
0.9315868513265476,MOITA BONITA,SE
0.7335451656831593,MONTE ALEGRE DE SERGIPE,SE
0.7590304182509505,MURIBECA,SE
0.6957451865937723,NEÓPOLIS,SE
0.5569065294908517,NOSSA SENHORA DA GLÓRIA,SE
0.835262313086086,NOSSA SENHORA DAS DORES,SE
0.7067709738332884,NOSSA SENHORA DE LOURDES,SE
0.5310624723643484,NOSSA SENHORA DO SOCORRO,SE
0.6650965614696185,PACATUBA,SE
0.70947265625,PEDRA MOLE,SE
0.8544333807491702,PEDRINHAS,SE
0.7749313815187557,PINHÃO,SE
0.6565014824227022,PIRAMBU,SE
0.5244291676896636,POÇO REDONDO,SE
0.7604344313795889,POÇO VERDE,SE
0.6571282947429736,PORTO DA FOLHA,SE
0.4086004691164973,PROPRIÁ,SE
0.8253951747088186,RIACHÃO DO DANTAS,SE
0.6636724462084813,RIACHUELO,SE
0.8913232104121475,RIBEIRÓPOLIS,SE
0.8681783243658724,ROSÁRIO DO CATETE,SE
0.7475791535197476,SALGADO,SE
0.6813275334299984,SANTA LUZIA DO ITANHY,SE
0.693935693935694,SANTA ROSA DE LIMA,SE
0.8159174936758125,SANTO AMARO DAS BROTAS,SE
0.5042442748091603,SÃO CRISTÓVÃO,SE
0.5690988919088438,SÃO DOMINGOS,SE
0.7984790874524715,SÃO FRANCISCO,SE
0.8717948717948718,SÃO MIGUEL DO ALEIXO,SE
0.7771916971916972,SIMÃO DIAS,SE
0.7925784966698383,SIRIRI,SE
0.6691729323308271,TELHA,SE
0.782129340134935,TOBIAS BARRETO,SE
0.84412265758092,TOMAR DO GERU,SE
0.7183015529781797,UMBAÚBA,SE
0.8049437102300538,ABAÍRA,BA
0.6944183864915572,ABARÉ,BA
0.7728835762240053,ACAJUTIBA,BA
0.8239030876052593,ADUSTINA,BA
0.8045071201437854,ÁGUA FRIA,BA
0.9466923570969814,ÉRICO CARDOSO,BA
0.9186184994045256,AIQUARA,BA
0.6582747853239657,ALAGOINHAS,BA
0.45717633274751024,ALCOBAÇA,BA
0.7178148921363953,ALMADINA,BA
0.4284045623196372,AMARGOSA,BA
0.634214320038443,AMÉLIA RODRIGUES,BA
0.4415643063583815,ANAGÉ,BA
0.5703237410071943,ANDARAÍ,BA
0.44778102577730533,ANDORINHA,BA
0.4943709541232761,ANGICAL,BA
0.8467059256532941,ANGUERA,BA
0.6804306149535466,ANTAS,BA
0.5851907255048616,ANTÔNIO CARDOSO,BA
0.7062908496732027,ANTÔNIO GONÇALVES,BA
0.6649207443142661,APORÁ,BA
0.6282821348893084,ARAÇÁS,BA
0.8818990321736856,ARACATU,BA
0.6247606892150607,APUAREMA,BA
0.5016556291390728,ARACI,BA
0.8580786026200873,ARAMARI,BA
0.8193339960238568,ARATUÍPE,BA
0.8643775177441013,AURELINO LEAL,BA
0.7763569582369746,BAIANÓPOLIS,BA
0.6040802213001383,BAIXA GRANDE,BA
0.6865319865319865,BANZAÊ,BA
0.6767321318179657,BARRA,BA
0.7538550342211594,BARRA DA ESTIVA,BA
0.694079810974009,BARRA DO CHOÇA,BA
0.4320656726419836,BARRA DO MENDES,BA
0.7926926131850676,BARRA DO ROCHA,BA
0.6759063790729692,BARREIRAS,BA
0.8863309352517985,BARRO PRETO,BA
0.7017354877318971,BELMONTE,BA
0.19923371647509577,BELO CAMPO,BA
0.35247582771755054,BIRITINGA,BA
0.8705864053507544,BOA NOVA,BA
0.21683953630262356,BOA VISTA DO TUPIM,BA
0.5898933779974672,BOM JESUS DA LAPA,BA
0.7570739886816181,BOM JESUS DA SERRA,BA
0.8943289890806622,BONINAL,BA
0.9406499586890664,BONITO,BA
0.7524969816705082,BOQUIRA,BA
0.8430625324787805,BOTUPORÃ,BA
0.6573449051751848,BREJÕES,BA
0.4883668903803132,BREJOLÂNDIA,BA
0.4133837021046951,BROTAS DE MACAÚBAS,BA
0.5190236155227178,BRUMADO,BA
0.39201974496092146,BUERAREMA,BA
0.9228668941979522,CAATIBA,BA
0.6876001748506484,CABACEIRAS DO PARAGUAÇU,BA
0.47904232230059685,CACHOEIRA,BA
0.6779529091262891,CACULÉ,BA
0.481328656901176,CAEM,BA
0.7527981474334234,CAETANOS,BA
0.804547985096998,CAETITÉ,BA
0.682961992136304,CAFARNAUM,BA
0.6744592875318066,CAIRU,BA
0.5767494356659142,CALDEIRÃO GRANDE,BA
0.6295443645083932,CAMACÃ,BA
0.38370006120776406,CAMAÇARI,BA
0.7223457705296105,CAMAMU,BA
0.744953263687063,CAMPO ALEGRE DE LOURDES,BA
0.4686547925943286,CAMPO FORMOSO,BA
0.6973711446905403,CANÁPOLIS,BA
0.6050755631593955,CANARANA,BA
0.7317558954748248,CANAVIEIRAS,BA
0.5961623290692545,CANDEAL,BA
0.5103715392339693,CANDEIAS,BA
0.5928688646874534,CANDIBA,BA
0.6380684906685994,CÂNDIDO SALES,BA
0.8265104646571015,CANSANÇÃO,BA
0.40306946688206785,CARAÍBAS,BA
0.8182277202726584,CARAVELAS,BA
0.5224209078404402,CARDEAL DA SILVA,BA
0.5002921779781284,CARINHANHA,BA
0.4745687185689732,CASA NOVA,BA
0.5547838412473423,CASTRO ALVES,BA
0.8698594482040604,CATOLÂNDIA,BA
0.5882194365817496,CATU,BA
0.9212286351250929,CATURAMA,BA
0.3572690560323069,CENTRAL,BA
0.8736121391561806,CHORROCHÓ,BA
0.3161764705882353,CÍCERO DANTAS,BA
0.4927641099855282,CIPÓ,BA
0.45987467151809175,COARACI,BA
0.9174862077236747,COCOS,BA
0.7293337610950701,CONCEIÇÃO DA FEIRA,BA
0.18634645319101623,CONCEIÇÃO DO ALMEIDA,BA
0.6044329251943873,CONCEIÇÃO DO COITÉ,BA
0.8153238880665398,CONCEIÇÃO DO JACUÍPE,BA
0.8430557075626574,CONDE,BA
0.4127557160048135,CONDEÚBA,BA
0.9178193653376729,CONTENDAS DO SINCORÁ,BA
0.39275699062575115,CORAÇÃO DE MARIA,BA
0.11890733797536154,CORDEIROS,BA
0.9235701461913312,CORIBE,BA
0.9334323187329869,CORONEL JOÃO SÁ,BA
0.7850013487995684,CORRENTINA,BA
0.7794238683127572,COTEGIPE,BA
0.8956483126110124,CRAVOLÂNDIA,BA
0.6590833425812895,CRISÓPOLIS,BA
0.6374410774410775,CRISTÓPOLIS,BA
0.5260581118955547,CRUZ DAS ALMAS,BA
0.6793572949603149,CURAÇÁ,BA
0.7103373231773668,DÁRIO MEIRA,BA
0.7732647814910025,DOM BASÍLIO,BA
0.42729211087420044,DOM MACEDO COSTA,BA
0.4147982062780269,ELÍSIO MEDRADO,BA
0.28498817966903073,ENCRUZILHADA,BA
0.579956562209122,ENTRE RIOS,BA
0.6318726902481333,ESPLANADA,BA
0.6266528290282903,EUCLIDES DA CUNHA,BA
0.6582947785855915,FEIRA DA MATA,BA
0.5630476299763121,FEIRA DE SANTANA,BA
0.9024672320740169,FIRMINO ALVES,BA
0.8223229191509659,FLORESTA AZUL,BA
0.7368175454969669,FORMOSA DO RIO PRETO,BA
0.6901385755720271,GANDU,BA
0.3393864598025388,GENTIO DO OURO,BA
0.7759604412324077,GLÓRIA,BA
0.6126984126984127,GONGOGI,BA
0.4798751254320437,GOVERNADOR MANGABEIRA,BA
0.5187573584501766,GUANAMBI,BA
0.7721774193548387,GUARATINGA,BA
0.671969485533538,IAÇU,BA
0.6294849023090586,IBIASSUCÊ,BA
0.6669163779380092,IBICARAÍ,BA
0.6014362657091562,IBICOARA,BA
0.5818998915233224,IBICUÍ,BA
0.15084722413555587,IBIPEBA,BA
0.4545747682386135,SANTA RITA DE CÁSSIA,BA
0.9066704838247924,IBIPITANGA,BA
0.8616915422885573,IBIQUERA,BA
0.776114081996435,IBIRAPITANGA,BA
0.8505687693898656,IBIRAPUÃ,BA
0.8996482743460101,IBIRATAIA,BA
0.9282576866764275,IBITIARA,BA
0.3387060414788097,IBITITÁ,BA
0.5917348772210022,IBOTIRAMA,BA
0.7285843101893598,ICHU,BA
0.9157077100115075,IGAPORÃ,BA
0.25413473174667206,IGRAPIÚNA,BA
0.8039024390243903,IGUAÍ,BA
0.6796585405449281,ILHÉUS,BA
0.7878222406524293,INHAMBUPE,BA
0.8522585475418019,IPECAETÁ,BA
0.728811652887914,IPIAÚ,BA
0.7958694523229337,IPIRÁ,BA
0.3858153078202995,IPUPIARA,BA
0.774203431372549,IRAJUBA,BA
0.5233372228704785,IRAMAIA,BA
0.27583879676050904,IRAQUARA,BA
0.5805386365304176,IRARÁ,BA
0.4764795144157815,IRECÊ,BA
0.5849154746423927,ITABELA,BA
0.6759384713477326,ITABERABA,BA
0.5048288563471386,ITABUNA,BA
0.7179586065046921,ITACARÉ,BA
0.19533578818165878,ITAETÉ,BA
0.8887139933889501,ITAGI,BA
0.31212553495007134,ITAGIBÁ,BA
0.5880206749771967,ITAGIMIRIM,BA
0.3425396306586043,ITAGUAÇU DA BAHIA,BA
0.42092109960728313,ITAJU DO COLÔNIA,BA
0.6263301915475828,ITAJUÍPE,BA
0.5912185576256676,ITAMARAJU,BA
0.9148351648351648,ITAMARI,BA
0.7805991962002192,ITAMBÉ,BA
0.27256761503336846,ITANAGRA,BA
0.823194124739669,ITANHÉM,BA
0.5860299040392769,ITAPARICA,BA
0.502831715210356,ITAPÉ,BA
0.7158610980760206,ITAPEBI,BA
0.7170391634201353,ITAPETINGA,BA
0.4455768771398997,ITAPICURU,BA
0.43404949687245037,ITAPITANGA,BA
0.8005841741901222,ITAQUARA,BA
0.9344322344322344,ITARANTIM,BA
0.41774276859504134,ITATIM,BA
0.4317921283912877,ITIRUÇU,BA
0.5633360547635495,ITIÚBA,BA
0.8976749539594844,ITORORÓ,BA
0.48094934014474244,ITUAÇU,BA
0.5727520435967303,ITUBERÁ,BA
0.49674337820234477,JACARACI,BA
0.2644770959377701,JACOBINA,BA
0.743450907590759,JAGUAQUARA,BA
0.6400199671967483,JAGUARARI,BA
0.6709041565490644,JAGUARIPE,BA
0.7063946825578731,JANDAÍRA,BA
0.8488927295096373,JEQUIÉ,BA
0.8236118729810447,JEREMOABO,BA
0.7855840927920464,JIQUIRIÇÁ,BA
0.9179347826086957,JITAÚNA,BA
0.48295332494553045,JUAZEIRO,BA
0.8471048835771687,JUCURUÇU,BA
0.5889445874542745,JUSSARA,BA
0.6968085106382979,JUSSIAPE,BA
0.8758223684210527,LAFAIETE COUTINHO,BA
0.5876978299885789,LAGOA REAL,BA
0.42262666910554236,LAJE,BA
0.9353109363831308,LAJEDÃO,BA
0.7552410901467506,LAJEDINHO,BA
0.8204436450839329,LAJEDO DO TABOCAL,BA
0.7211538461538461,LAMARÃO,BA
0.3579980632097896,LAURO DE FREITAS,BA
0.4470649895178197,LENÇÓIS,BA
0.6273424950919151,LICÍNIO DE ALMEIDA,BA
0.7410023017367651,LIVRAMENTO DE NOSSA SENHORA,BA
0.6387370977534912,MACAJUBA,BA
0.5911513859275054,MACARANI,BA
0.8101974195554174,MACAÚBAS,BA
0.7628645956841357,MACURURÉ,BA
0.9572107765451664,MAIQUINIQUE,BA
0.39219282158763424,MAIRI,BA
0.49939312204989883,MALHADA,BA
0.45650806958708867,MALHADA DE PEDRAS,BA
0.9273557492735575,MANOEL VITORINO,BA
0.5624422686125993,MARACÁS,BA
0.7106005642885933,MARAGOGIPE,BA
0.8407676348547718,MARAÚ,BA
0.7706828245164298,MARCIONÍLIO SOUZA,BA
0.7201693610469592,MASCOTE,BA
0.205393625715064,MATA DE SÃO JOÃO,BA
0.29750931555206905,MATINA,BA
0.857209345620404,MEDEIROS NETO,BA
0.3534593346446592,MIGUEL CALMON,BA
0.9109858192379976,MILAGRES,BA
0.2897775274570544,MIRANGABA,BA
0.5624701955174058,MIRANTE,BA
0.3724161301253812,MONTE SANTO,BA
0.9329751854694295,MORPARÁ,BA
0.658989898989899,MORRO DO CHAPÉU,BA
0.39517398146529115,MORTUGABA,BA
0.701846452866861,MUCUGÊ,BA
0.47852971487461354,MUCURI,BA
0.6313070432236956,MULUNGU DO MORRO,BA
0.6155385520894644,MUNDO NOVO,BA
0.7051311817970746,MUNIZ FERREIRA,BA
0.6363465866466617,MUQUÉM DO SÃO FRANCISCO,BA
0.38632349230381025,MURITIBA,BA
0.3798023030673596,MUTUÍPE,BA
0.7323342336847608,NAZARÉ,BA
0.20538585209003216,NILO PEÇANHA,BA
0.802864841866402,NOVA CANAÃ,BA
0.6515183690804842,NOVA FÁTIMA,BA
0.6295483061480552,NOVA ITARANA,BA
0.9097658480868075,NOVA REDENÇÃO,BA
0.8086802480070859,NOVA SOURE,BA
0.6175717053052553,NOVA VIÇOSA,BA
0.564011537608165,NOVO TRIUNFO,BA
0.5124591693887074,OLINDINA,BA
0.5691073423377678,OLIVEIRA DOS BREJINHOS,BA
0.923466924191212,OURIÇANGAS,BA
0.4957836969615848,OUROLÂNDIA,BA
0.8061503631732856,PALMAS DE MONTE ALTO,BA
0.48177288224495146,PALMEIRAS,BA
0.6325601560806416,PARAMIRIM,BA
0.08459747973352597,PARATINGA,BA
0.6229163421093629,PARIPIRANGA,BA
0.4726571363739505,PAU BRASIL,BA
0.7164064048631148,PAULO AFONSO,BA
0.699718309859155,PEDRÃO,BA
0.9098010042774781,PEDRO ALEXANDRE,BA
0.4413082437275986,PIATÃ,BA
0.7121302758391492,PILÃO ARCADO,BA
0.6281245636084346,PINDAÍ,BA
0.525642451885638,PINDOBAÇU,BA
0.5683748169838946,PIRAÍ DO NORTE,BA
0.5582027168234065,PIRIPÁ,BA
0.663478479738233,PIRITIBA,BA
0.47549396972029767,PLANALTINO,BA
0.5069050991501416,PLANALTO,BA
0.7003836386232236,POÇÕES,BA
0.29201331114808654,POJUCA,BA
0.30542612355328425,PONTO NOVO,BA
0.6210552948753335,PORTO SEGURO,BA
0.7873488773747841,POTIRAGUÁ,BA
0.7550927610040015,PRADO,BA
0.6130607262740311,PRESIDENTE DUTRA,BA
0.18551417833959685,PRESIDENTE JÂNIO QUADROS,BA
0.4597565406976744,PRESIDENTE TANCREDO NEVES,BA
0.4027256928564895,QUEIMADAS,BA
0.4811163355073563,QUIJINGUE,BA
0.7017748845490458,REMANSO,BA
0.78024898587215,RETIROLÂNDIA,BA
0.5524475524475524,RIACHÃO DAS NEVES,BA
0.5144178972051461,RIACHÃO DO JACUÍPE,BA
0.3769595333576376,RIACHO DE SANTANA,BA
0.14319880418535127,RIBEIRA DO AMPARO,BA
0.44547917372163903,RIBEIRA DO POMBAL,BA
0.4652349564108016,RIBEIRÃO DO LARGO,BA
0.9132874982461063,RIO DE CONTAS,BA
0.578786415580235,RIO DO ANTÔNIO,BA
0.8304324421317064,RIO DO PIRES,BA
0.5006558549964226,RIO REAL,BA
0.8064592733317502,RODELAS,BA
0.49256477081097655,RUY BARBOSA,BA
0.5459106111280024,SALINAS DA MARGARIDA,BA
0.4588741106311381,SALVADOR,BA
0.6964744766801322,SANTA BÁRBARA,BA
0.6453455168475157,SANTA BRÍGIDA,BA
0.6872450666960643,SANTA CRUZ CABRÁLIA,BA
0.7580575848732274,SANTA CRUZ DA VITÓRIA,BA
0.8490775727939542,SANTA INÊS,BA
0.7842800088750832,SANTALUZ,BA
0.8339770532772919,SANTA MARIA DA VITÓRIA,BA
0.7070510652688535,SANTANA,BA
0.7503849114703618,SANTANÓPOLIS,BA
0.6593895718524798,SANTA TEREZINHA,BA
0.4996983863670638,SANTO AMARO,BA
0.41180839212773857,SANTO ANTÔNIO DE JESUS,BA
0.42705233891029704,SANTO ESTEVÃO,BA
0.35362483745123535,SÃO DESIDÉRIO,BA
0.3897968535206965,SÃO FÉLIX,BA
0.893096732309024,SÃO DOMINGOS,BA
0.547604967474867,SÃO FELIPE,BA
0.8362564480471628,SÃO FÉLIX DO CORIBE,BA
0.5677601871497743,SÃO FRANCISCO DO CONDE,BA
0.5173650308785444,SÃO GONÇALO DOS CAMPOS,BA
0.7064791330412727,SÃO JOSÉ DO JACUÍPE,BA
0.919893899204244,SÃO MIGUEL DAS MATAS,BA
0.5982504800512055,SÃO SEBASTIÃO DO PASSÉ,BA
0.14768760907504364,SAPEAÇU,BA
0.888616417139907,SÁTIRO DIAS,BA
0.6009505703422053,SAUBARA,BA
0.49482720669161345,SAÚDE,BA
0.5739339752407153,SEABRA,BA
0.825523899222981,SEBASTIÃO LARANJEIRAS,BA
0.27513616466735724,SENHOR DO BONFIM,BA
0.23980006248047486,SENTO SÉ,BA
0.5649686084399587,SERRA DO RAMALHO,BA
0.8628458930329214,SERRA DOURADA,BA
0.41636192665343225,SERRA PRETA,BA
0.4367653264211224,SERRINHA,BA
0.7106405137996875,SERROLÂNDIA,BA
0.5407901937178505,SIMÕES FILHO,BA
0.7984824815889311,SÍTIO DO MATO,BA
0.84236776479853,SOUTO SOARES,BA
0.678248280854144,TABOCAS DO BREJO VELHO,BA
0.8186659682207089,TANHAÇU,BA
0.5190649114843395,TANQUINHO,BA
0.2411900635470826,TAPEROÁ,BA
0.9078356346697721,TAPIRAMUTÁ,BA
0.5747592498732894,TEODORO SAMPAIO,BA
0.6086956521739131,TEOFILÂNDIA,BA
0.5598182735991923,TEOLÂNDIA,BA
0.6162504396763981,TERRA NOVA,BA
0.3790562225127778,TREMEDAL,BA
0.4563632876186823,TUCANO,BA
0.4866992624513135,UAUÁ,BA
0.5674297493761528,UBAÍRA,BA
0.7464037698412699,UBAITABA,BA
0.7188493984234545,UBATÃ,BA
0.20444899751207377,UIBAÍ,BA
0.6197290302938042,UMBURANAS,BA
0.4741347227391143,UNA,BA
0.5442822729205045,URANDI,BA
0.4763271162123386,URUÇUCA,BA
0.5221766185621607,UTINGA,BA
0.5997232095115277,VALENÇA,BA
0.5496726677577741,VALENTE,BA
0.5700821652972451,VÁRZEA DO POÇO,BA
0.7336913285600637,VARZEDO,BA
0.49935563056152193,VERA CRUZ,BA
0.7187669010275824,VEREDA,BA
0.4574729366685633,VITÓRIA DA CONQUISTA,BA
0.7983151635282458,WAGNER,BA
0.5267057392458255,WENCESLAU GUIMARÃES,BA
0.7777593818984547,XIQUE-XIQUE,BA
0.4643789344388147,LAPÃO,BA
0.7862318840579711,MADRE DE DEUS,BA
0.15706214689265538,MAETINGA,BA
0.4173163725892491,MANSIDÃO,BA
0.7794523065612938,NORDESTINA,BA
0.9228859354461808,PÉ DE SERRA,BA
0.44514553226134745,PINTADAS,BA
0.49801499779444197,QUIXABEIRA,BA
0.8549824737105658,RAFAEL JAMBEIRO,BA
0.8423678838738943,SANTA LUZIA,BA
0.3854080791426216,SÃO GABRIEL,BA
0.8226583407671721,SÍTIO DO QUINTO,BA
0.4389513108614232,TANQUE NOVO,BA
0.49767750497677504,SÃO JOSÉ DA VITÓRIA,BA
0.49863119336803546,TEIXEIRA DE FREITAS,BA
0.9446932814021421,NOVO HORIZONTE,BA
0.4763057067957249,VÁRZEA NOVA,BA
0.7091152815013405,NOVA IBIÁ,BA
0.7621278019404483,VÁRZEA DA ROÇA,BA
0.5353660867902886,SOBRADINHO,BA
0.6167800453514739,WANDERLEY,BA
0.6986849628359062,ALFREDO VASCONCELOS,MG
0.6416214820552544,ABADIA DOS DOURADOS,MG
0.5229771638003947,ARAPORÃ,MG
0.6082846338948092,ABAETÉ,MG
0.6300057208237986,BRASILÂNDIA DE MINAS,MG
0.8152264517921645,ABRE CAMPO,MG
0.8258513931888545,CAPITÃO ANDRADE,MG
0.5409069658719028,ACAIACA,MG
0.72093837535014,CARNEIRINHO,MG
0.5386266094420601,AÇUCENA,MG
0.7441497659906396,CATUJI,MG
0.8264607546569017,ÁGUA BOA,MG
0.9229691876750701,DIVISA ALEGRE,MG
0.5656482246077622,ÁGUA COMPRIDA,MG
0.9520352605652062,DIVISÓPOLIS,MG
0.7934235976789168,AGUANIL,MG
0.8227117755048519,DURANDÉ,MG
0.40678379697413375,ÁGUAS FORMOSAS,MG
0.5741056218057922,ENTRE FOLHAS,MG
0.9008878420003624,ÁGUAS VERMELHAS,MG
0.9176834820615553,FERVEDOURO,MG
0.8314533267941802,AIMORÉS,MG
0.2998477929984779,FRANCISCÓPOLIS,MG
0.5508925775133103,AIURUOCA,MG
0.4635426793700175,ICARAÍ DE MINAS,MG
0.38686131386861317,ALAGOA,MG
0.5093452714045887,IPABA,MG
0.36406067677946324,ALBERTINA,MG
0.7878099173553719,JAÍBA,MG
0.7971279662896429,ALÉM PARAÍBA,MG
0.839924670433145,JAMPRUCA,MG
0.8481166104902135,ALFENAS,MG
0.659331553263972,JUATUBA,MG
0.454704035352948,ALMENARA,MG
0.7104221635883905,LAGOA GRANDE,MG
0.860246913580247,ALPERCATA,MG
0.548670407416443,LIMEIRA DO OESTE,MG
0.963522371045882,ALPINÓPOLIS,MG
0.6979233568828944,LONTRA,MG
0.9266347687400319,ALTEROSA,MG
0.9302208835341366,MAMONAS,MG
0.7226762002042901,ALTO RIO DOCE,MG
0.950626959247649,MATA VERDE,MG
0.3766062602965404,ALVARENGA,MG
0.24834605597964376,MATIAS CARDOSO,MG
0.4333203983960678,ALVINÓPOLIS,MG
0.5973317161916313,MONTEZUMA,MG
0.826868495742668,ALVORADA DE MINAS,MG
0.29568321973385264,NAQUE,MG
0.707169303264894,AMPARO DO SERRA,MG
0.36909674461256303,NOVO ORIENTE DE MINAS,MG
0.09928785220352977,ANDRADAS,MG
0.9316479400749064,PALMÓPOLIS,MG
0.9205697730564945,CACHOEIRA DE PAJEÚ,MG
0.6671120017813404,PEDRAS DE MARIA DA CRUZ,MG
0.4097679251818497,ANDRELÂNDIA,MG
0.6294117647058823,PERIQUITO,MG
0.6144619023483696,ANTÔNIO CARLOS,MG
0.9257748776508973,PONTO DOS VOLANTES,MG
0.5098443652728295,ANTÔNIO DIAS,MG
0.6312865497076023,RIACHINHO,MG
0.9224270353302612,ANTÔNIO PRADO DE MINAS,MG
0.9695995323004969,ROSÁRIO DA LIMEIRA,MG
0.6119311193111932,ARAÇAÍ,MG
0.8286405631324241,SANTA BÁRBARA DO LESTE,MG
0.06811594202898551,ARACITABA,MG
0.6740820155454301,SANTA RITA DE MINAS,MG
0.6716716716716716,ARAÇUAÍ,MG
0.4029695479477965,SANTANA DO PARAÍSO,MG
0.13031161473087818,ARAGUARI,MG
0.7861612072138388,SÃO JOÃO DA LAGOA,MG
0.7563395810363837,ARANTINA,MG
0.890423405415228,SÃO JOÃO DO MANHUAÇU,MG
0.8937633388664927,ARAPONGA,MG
0.7238152731663146,SÃO JOÃO DO MANTENINHA,MG
0.5936990765888104,ARAPUÁ,MG
0.729456384323641,SÃO JOÃO DO PACUÍ,MG
0.608727629320912,ARAÚJOS,MG
0.6920111785679869,SÃO JOSÉ DA LAPA,MG
0.7936935933147632,ARAXÁ,MG
0.7683688307244889,SARZEDO,MG
0.6870120652945352,ARCEBURGO,MG
0.6806398234969664,SEM PEIXE,MG
0.41062881663640866,ARCOS,MG
0.9598755832037325,SENADOR AMARAL,MG
0.9318987009578795,AREADO,MG
0.8323976221928666,UBAPORANGA,MG
0.6588050314465409,ARGIRITA,MG
0.6621376811594203,URUCUIA,MG
0.634773166023166,ARINOS,MG
0.9149625935162095,VARGEM ALEGRE,MG
0.9158676569885212,ASTOLFO DUTRA,MG
0.5032162295893122,JOSENÓPOLIS,MG
0.672713529856387,ATALÉIA,MG
0.500616903146206,JUVENÍLIA,MG
0.7045813586097947,AUGUSTO DE LIMA,MG
0.8736383442265795,LEME DO PRADO,MG
0.6958552247518972,BAEPENDI,MG
0.8434272955623779,LUISBURGO,MG
0.6045171698548053,BALDIM,MG
0.3661849710982659,LUISLÂNDIA,MG
0.7042328042328042,BAMBUÍ,MG
0.7537399309551208,MÁRIO CAMPOS,MG
0.9120495931809376,BANDEIRA,MG
0.7631578947368421,MARTINS SOARES,MG
0.39385315879339783,BANDEIRA DO SUL,MG
0.9122568973315242,MIRAVÂNIA,MG
0.4999272303885897,BARÃO DE COCAIS,MG
0.36768043576940534,MONTE FORMOSO,MG
0.966530612244898,BARÃO DE MONTE ALTO,MG
0.5194294146581406,NATALÂNDIA,MG
0.30125656115794497,BARBACENA,MG
0.6425974025974026,NINHEIRA,MG
0.26603119584055457,BARRA LONGA,MG
0.5399913532209252,NOVA BELÉM,MG
0.7464014466546112,TRÊS MARIAS,MG
0.8376901140684411,NOVA PORTEIRINHA,MG
0.29151067489628657,BARROSO,MG
0.7788138754196196,NOVORIZONTE,MG
0.553391959798995,BELA VISTA DE MINAS,MG
0.8741808650065531,OLHOS D ÁGUA,MG
0.5681710213776722,BELMIRO BRAGA,MG
0.8680014831294031,ORATÓRIOS,MG
0.6537403479834089,BELO HORIZONTE,MG
0.9214079074252652,ORIZÂNIA,MG
0.4478167768364212,BELO ORIENTE,MG
0.47904411764705884,PADRE CARVALHO,MG
0.7991183879093199,BELO VALE,MG
0.7017483716146726,PAI PEDRO,MG
0.9024545069826492,BERILO,MG
0.7748256393224843,PATIS,MG
0.7519685039370079,BERTÓPOLIS,MG
0.6615384615384615,PEDRA BONITA,MG
0.5008441228738258,BETIM,MG
0.6087662337662337,PIEDADE DE CARATINGA,MG
0.49623430962343096,BIAS FORTES,MG
0.8564102564102564,PINGO D ÁGUA,MG
0.5603435934144596,BICAS,MG
0.2688640697357668,PINTÓPOLIS,MG
0.2546961325966851,BIQUINHAS,MG
0.47407087294727746,PONTO CHIQUE,MG
0.903815375083897,BOA ESPERANÇA,MG
0.664727657324167,REDUTO,MG
0.6212230215827338,BOCAINA DE MINAS,MG
0.5997316636851521,SANTA BÁRBARA DO MONTE VERDE,MG
0.5794102431453699,BOCAIÚVA,MG
0.8601415670002441,SANTA CRUZ DE MINAS,MG
0.45521500457456543,BOM DESPACHO,MG
0.8212334113973458,SANTA CRUZ DE SALINAS,MG
0.7664004563605248,BOM JARDIM DE MINAS,MG
0.9353650368385801,SANTA HELENA DE MINAS,MG
0.9425190194420964,BOM JESUS DA PENHA,MG
0.41661442006269594,SANTO ANTÔNIO DO RETIRO,MG
0.4946272666218939,BOM JESUS DO AMPARO,MG
0.9275447345262541,SÃO DOMINGOS DAS DORES,MG
0.8055482513804891,BOM JESUS DO GALHO,MG
0.927109335996006,SÃO FÉLIX DE MINAS,MG
0.538974358974359,BOM REPOUSO,MG
0.957467375543741,SÃO GERALDO DO BAIXIO,MG
0.7806901128069011,BOM SUCESSO,MG
0.8723790322580646,SÃO JOÃO DAS MISSÕES,MG
0.5879852649475772,BONFIM,MG
0.7585428122545169,SÃO JOAQUIM DE BICAS,MG
0.3693579148124603,BONFINÓPOLIS DE MINAS,MG
0.9305128205128205,SÃO JOSÉ DA BARRA,MG
0.8035083291267037,BORDA DA MATA,MG
0.9147286821705426,ALTO CAPARAÓ,MG
0.7351626520983362,BOTELHOS,MG
0.4354190585533869,ANGELÂNDIA,MG
0.37998691955526487,BOTUMIRIM,MG
0.6694214876033058,ARICANDUVA,MG
0.36159089405069156,BRASÍLIA DE MINAS,MG
0.7084019769357496,BERIZAL,MG
0.8998116760828625,BRÁS PIRES,MG
0.5703848027277155,BONITO DE MINAS,MG
0.6267322306660706,BRAÚNAS,MG
0.7506775067750677,BUGRE,MG
0.5379372427983539,BRAZÓPOLIS,MG
0.846929422548121,CABECEIRA GRANDE,MG
0.5771608998815946,BRUMADINHO,MG
0.6208128628852166,CAMPO AZUL,MG
0.8519568916619399,BUENO BRANDÃO,MG
0.675793133420252,CANTAGALO,MG
0.6435250116877045,BUENÓPOLIS,MG
0.5587521663778163,CATAS ALTAS,MG
0.7690005441683294,BURITIS,MG
0.6695929768555466,CATUTI,MG
0.6044674475619722,BURITIZEIRO,MG
0.5108544114718183,CHAPADA GAÚCHA,MG
0.8826695371367062,CABO VERDE,MG
0.4298745724059293,CÔNEGO MARINHO,MG
0.5275846082522021,CACHOEIRA DA PRATA,MG
0.5888423988842398,CONFINS,MG
0.8016787360105333,CACHOEIRA DE MINAS,MG
0.4415736934820904,CÓRREGO FUNDO,MG
0.6641061452513967,CACHOEIRA DOURADA,MG
0.4431643625192012,CRISÓLITA,MG
0.7270287012182531,CAETANÓPOLIS,MG
0.820476858345021,CUPARAQUE,MG
0.4774891559056688,CAETÉ,MG
0.7185309784132324,CURRAL DE DENTRO,MG
0.9307811291569992,CAIANA,MG
0.5846153846153846,DELTA,MG
0.8996297819827231,CAJURI,MG
0.6515858208955224,DOM BOSCO,MG
0.44517231557960696,CALDAS,MG
0.9279661016949152,FREI LAGONEGRO,MG
0.3154619435136429,CAMACHO,MG
0.3382022471910112,FRUTA DE LEITE,MG
0.779183628561998,CAMANDUCAIA,MG
0.5068686157097569,GAMELEIRAS,MG
0.8341725411211816,CAMBUÍ,MG
0.4582608695652174,GLAUCILÂNDIA,MG
0.8111594904047734,CAMBUQUIRA,MG
0.8252862120457939,GOIABEIRA,MG
0.572146807440925,CAMPANÁRIO,MG
0.4125905797101449,GOIANÁ,MG
0.7017954722872756,CAMPANHA,MG
0.4483870967741935,GUARACIAMA,MG
0.8601547388781431,CAMPESTRE,MG
0.5332705586942875,IBIRACATU,MG
0.3710513447432763,CAMPINA VERDE,MG
0.9329700272479564,IMBÉ DE MINAS,MG
0.47609927054892215,CAMPO BELO,MG
0.7380463479026107,INDAIABIRA,MG
0.43229753662856224,CAMPO DO MEIO,MG
0.5342183566033417,JAPONVAR,MG
0.44506883956167465,CAMPO FLORIDO,MG
0.7031546940326872,JENIPAPO DE MINAS,MG
0.7250554323725056,CAMPOS ALTOS,MG
0.8572106261859582,JOSÉ GONÇALVES DE MINAS,MG
0.8807302878099338,CAMPOS GERAIS,MG
0.8069861173309449,JOSÉ RAYDAN,MG
0.9448228882833788,CANAÃ,MG
0.9127584467977812,SÃO SEBASTIÃO DA VARGEM ALEGRE,MG
0.5566209290791866,CANÁPOLIS,MG
0.9294281729428173,SÃO SEBASTIÃO DO ANTA,MG
0.8709576138147567,CANA VERDE,MG
0.9026138279932546,SERRANÓPOLIS DE MINAS,MG
0.6512067461471358,CANDEIAS,MG
0.45087124878993223,SETUBINHA,MG
0.9028213166144201,CAPARAÓ,MG
0.9683459652251449,TAPARUBA,MG
0.49270664505672607,CAPELA NOVA,MG
0.7555350553505535,UNIÃO DE MINAS,MG
0.7370586218717861,CAPELINHA,MG
0.3301980198019802,URUANA DE MINAS,MG
0.9511329511329512,CAPETINGA,MG
0.833869670152856,VARGEM GRANDE DO RIO PARDO,MG
0.8140522182126937,CAPIM BRANCO,MG
0.7340160531414337,VARJÃO DE MINAS,MG
0.46410642570281124,CAPINÓPOLIS,MG
0.3345617267702027,VERDELÂNDIA,MG
0.2442116868798236,CAPITÃO ENÉAS,MG
0.7172757475083057,VEREDINHA,MG
0.9114692339891168,CAPITÓLIO,MG
0.7525738957157091,VERMELHO NOVO,MG
0.8770292207792207,CAPUTIRA,MG
0.929745889387145,TOCOS DO MOJI,MG
0.7179256208982113,CARAÍ,MG
0.684526790185278,CARANAÍBA,MG
0.2874861948857361,CARANDAÍ,MG
0.8645487172670477,CARANGOLA,MG
0.8213183574744919,CARATINGA,MG
0.49566687803846965,CARBONITA,MG
0.8139603667553978,CAREAÇU,MG
0.6599651365485183,CARLOS CHAGAS,MG
0.875,CARMÉSIA,MG
0.9101662404092071,CARMO DA CACHOEIRA,MG
0.5012114359554192,CARMO DA MATA,MG
0.909853249475891,CARMO DE MINAS,MG
0.3356384532969709,CARMO DO CAJURU,MG
0.6041991306487329,CARMO DO PARANAÍBA,MG
0.8065292758089369,CARMO DO RIO CLARO,MG
0.7442035342774784,CARMÓPOLIS DE MINAS,MG
0.4510344827586207,CARRANCAS,MG
0.643213799364503,CARVALHÓPOLIS,MG
0.8521494576134994,CARVALHOS,MG
0.36375929682217717,CASA GRANDE,MG
0.6400404448938322,CASCALHO RICO,MG
0.8552719946272667,CÁSSIA,MG
0.6176352705410821,CONCEIÇÃO DA BARRA DE MINAS,MG
0.7278288421118675,CATAGUASES,MG
0.6066666666666667,CATAS ALTAS DA NORUEGA,MG
0.750597457222063,CAXAMBU,MG
0.3635250917992656,CEDRO DO ABAETÉ,MG
0.9357590966122961,CENTRAL DE MINAS,MG
0.5220745820831547,CENTRALINA,MG
0.755885363357216,CHÁCARA,MG
0.9223843526855015,CHALÉ,MG
0.9225833160836265,CHAPADA DO NORTE,MG
0.4834791059280855,CHIADOR,MG
0.2916666666666667,CIPOTÂNEA,MG
0.5802738021157436,CLARAVAL,MG
0.6967265047518479,CLARO DOS POÇÕES,MG
0.4594594594594595,CLÁUDIO,MG
0.852618135376756,COIMBRA,MG
0.7964503605102606,COLUNA,MG
0.5049161364950838,COMENDADOR GOMES,MG
0.8618985695708713,COMERCINHO,MG
0.9474816275318158,CONCEIÇÃO DA APARECIDA,MG
0.7031963470319634,CONCEIÇÃO DAS PEDRAS,MG
0.5662919343326196,CONCEIÇÃO DAS ALAGOAS,MG
0.8419519300801165,CONCEIÇÃO DE IPANEMA,MG
0.6685128773193021,CONCEIÇÃO DO MATO DENTRO,MG
0.719837783034809,CONCEIÇÃO DO PARÁ,MG
0.877876372386825,CONCEIÇÃO DO RIO VERDE,MG
0.8291791292788302,CONCEIÇÃO DOS OUROS,MG
0.7547532168235068,CONGONHAL,MG
0.4727451594151053,CONGONHAS,MG
0.8682385575589459,CONGONHAS DO NORTE,MG
0.4730385164051355,CONQUISTA,MG
0.3630331753554502,CONSELHEIRO LAFAIETE,MG
0.6995365348584952,CONSELHEIRO PENA,MG
0.48013816925734026,CONSOLAÇÃO,MG
0.6018222035383279,CONTAGEM,MG
0.9197871905054226,COQUEIRAL,MG
0.5394521189416999,CORAÇÃO DE JESUS,MG
0.4846335697399527,CORDISBURGO,MG
0.7009254749147589,CORDISLÂNDIA,MG
0.38147046323841904,CORINTO,MG
0.9134722739114254,COROACI,MG
0.5226415094339623,COROMANDEL,MG
0.30323967449715955,CORONEL FABRICIANO,MG
0.5333937061353861,CORONEL MURTA,MG
0.6132385120350109,CORONEL PACHECO,MG
0.7243723849372385,CORONEL XAVIER CHAVES,MG
0.6043676993397664,CÓRREGO DANTA,MG
0.8761290322580645,CÓRREGO DO BOM JESUS,MG
0.8206568712186689,CÓRREGO NOVO,MG
0.8301707779886148,COUTO DE MAGALHÃES DE MINAS,MG
0.8298204527712725,CRISTAIS,MG
0.9592085235920852,CRISTÁLIA,MG
0.5012116316639742,CRISTIANO OTONI,MG
0.932046332046332,CRISTINA,MG
0.32084690553745926,CRUCILÂNDIA,MG
0.6867075664621677,CRUZEIRO DA FORTALEZA,MG
0.781557067271353,CRUZÍLIA,MG
0.32881682635070014,CURVELO,MG
0.5255585005679667,DATAS,MG
0.8822246455834242,DELFIM MOREIRA,MG
0.6827568404749613,DELFINÓPOLIS,MG
0.557968700095816,DESCOBERTO,MG
0.7684759276295615,DESTERRO DE ENTRE RIOS,MG
0.32746641963872164,DESTERRO DO MELO,MG
0.5020567873984148,DIAMANTINA,MG
0.8284552845528456,DIOGO DE VASCONCELOS,MG
0.6970430107526882,DIONÍSIO,MG
0.8251640293323041,DIVINÉSIA,MG
0.8298995755254167,DIVINO,MG
0.8734313373969165,DIVINO DAS LARANJEIRAS,MG
0.9179458554284119,DIVINOLÂNDIA DE MINAS,MG
0.4423194449437394,DIVINÓPOLIS,MG
0.8225806451612904,DIVISA NOVA,MG
0.5570342205323194,DOM CAVATI,MG
0.814099685675797,DOM JOAQUIM,MG
0.8550069541029207,DOM SILVÉRIO,MG
0.9435401831129197,DOM VIÇOSO,MG
0.7964169381107492,DONA EUSÉBIA,MG
0.44100352802822423,DORES DE CAMPOS,MG
0.49054584373885124,DORES DE GUANHÃES,MG
0.6601591830605196,DORES DO INDAIÁ,MG
0.9504381988516168,DORES DO TURVO,MG
0.6549707602339181,DORESÓPOLIS,MG
0.4444444444444444,DOURADOQUARA,MG
0.810744714420953,ELÓI MENDES,MG
0.32325141776937616,ENGENHEIRO CALDAS,MG
0.4228429203539823,ENGENHEIRO NAVARRO,MG
0.704654442877292,ENTRE RIOS DE MINAS,MG
0.5928291214305265,ERVÁLIA,MG
0.6432947583390062,ESMERALDAS,MG
0.8363394721853047,ESPERA FELIZ,MG
0.5113992888517047,ESPINOSA,MG
0.8431758530183727,ESPÍRITO SANTO DO DOURADO,MG
0.6379374534623976,ESTIVA,MG
0.6135294117647059,ESTRELA DALVA,MG
0.44951664876476904,ESTRELA DO INDAIÁ,MG
0.5044321329639889,ESTRELA DO SUL,MG
0.7863993025283348,EUGENÓPOLIS,MG
0.0779777206512425,EWBANK DA CÂMARA,MG
0.7285343228200372,EXTREMA,MG
0.8842461885940147,FAMA,MG
0.953953488372093,FARIA LEMOS,MG
0.8791666666666667,FELÍCIO DOS SANTOS,MG
0.48467792370231394,SÃO GONÇALO DO RIO PRETO,MG
0.8095575221238938,FELISBURGO,MG
0.7069093061103714,FELIXLÂNDIA,MG
0.9134408602150538,FERNANDES TOURINHO,MG
0.8520480945587936,FERROS,MG
0.625575724735844,FLORESTAL,MG
0.2541425081672896,FORMIGA,MG
0.4489298293145489,FORMOSO,MG
0.9499063670411985,FORTALEZA DE MINAS,MG
0.7355658198614319,FORTUNA DE MINAS,MG
0.9418573351278601,FRANCISCO BADARÓ,MG
0.7717260712855426,FRANCISCO DUMONT,MG
0.6208617971623752,FRANCISCO SÁ,MG
0.5835376532399299,FREI GASPAR,MG
0.9008707300736771,FREI INOCÊNCIO,MG
0.6007997334221926,FRONTEIRA,MG
0.353901705115346,FRUTAL,MG
0.6712696586114307,FUNILÂNDIA,MG
0.7628603730921425,GALILÉIA,MG
0.7241086587436333,GONÇALVES,MG
0.9508710801393728,GONZAGA,MG
0.927278603749192,GOUVEIA,MG
0.6045284475092699,GOVERNADOR VALADARES,MG
0.8417963017317288,GRÃO MOGOL,MG
0.7816968541468065,GRUPIARA,MG
0.8343432753600378,GUANHÃES,MG
0.6843415848835506,GUAPÉ,MG
0.6028301886792453,GUARACIABA,MG
0.8434113567403554,GUARANÉSIA,MG
0.8157010915197314,GUARANI,MG
0.6027859856479527,GUARARÁ,MG
0.25490745933819403,GUARDA-MOR,MG
0.7050718132854578,GUAXUPÉ,MG
0.7724700022639801,GUIDOVAL,MG
0.5302766010465986,GUIMARÂNIA,MG
0.9405416012558869,GUIRICEMA,MG
0.3605683836589698,GURINHATÃ,MG
0.7165697674418605,HELIODORA,MG
0.6690748545053181,IAPU,MG
0.4896182183523108,IBERTIOGA,MG
0.6938442723196087,IBIÁ,MG
0.6348140495867769,IBIAÍ,MG
0.952054794520548,IBIRACI,MG
0.705736152155793,IBIRITÉ,MG
0.45571428571428574,IBITIÚRA DE MINAS,MG
0.41939252336448596,IBITURUNA,MG
0.7247682293378921,IGARAPÉ,MG
0.5459418070444104,IGARATINGA,MG
0.4517398508699254,IGUATAMA,MG
0.87422934648582,IJACI,MG
0.9291882556131261,ILICÍNEA,MG
0.7341652931481045,INCONFIDENTES,MG
0.4017122160026342,INDIANÓPOLIS,MG
0.5091001011122346,INGAÍ,MG
0.7818011416886769,INHAPIM,MG
0.7391436380200425,INHAÚMA,MG
0.1343676045227452,INIMUTABA,MG
0.9188402889245586,IPANEMA,MG
0.30248707713250306,IPATINGA,MG
0.7866826156299841,IPIAÇU,MG
0.8794351918899348,IPUIÚNA,MG
0.6022372528616025,IRAÍ DE MINAS,MG
0.29678253427775453,ITABIRA,MG
0.8396208530805688,ITABIRINHA,MG
0.3893380495199596,ITABIRITO,MG
0.7815449143656065,ITACAMBIRA,MG
0.5344735435595938,ITACARAMBI,MG
0.6161512027491409,ITAGUARA,MG
0.745612086203066,ITAIPÉ,MG
0.6467062997411065,ITAJUBÁ,MG
0.6623298938238373,ITAMARANDIBA,MG
0.9574074074074074,ITAMARATI DE MINAS,MG
0.16744370598154945,ITAMBACURI,MG
0.7562310030395136,ITAMBÉ DO MATO DENTRO,MG
0.8865671641791045,ITAMOGI,MG
0.951247823563552,ITAMONTE,MG
0.9363566091213604,ITANHANDU,MG
0.7505781301618765,ITANHOMI,MG
0.6227765726681128,ITAOBIM,MG
0.33981992448446124,ITAPAGIPE,MG
0.555803156917363,ITAPECERICA,MG
0.6972235519387266,ITAPEVA,MG
0.8473138548539114,ITATIAIUÇU,MG
0.26477524129044805,ITAÚNA,MG
0.4471820141669233,ITAVERAVA,MG
0.7359746434231379,ITINGA,MG
0.8975623911781776,ITUETA,MG
0.16014993095285066,ITUIUTABA,MG
0.5459140690817186,ITUMIRIM,MG
0.7704482627784703,ITURAMA,MG
0.8706445993031359,ITUTINGA,MG
0.6866009740627478,JABOTICATUBAS,MG
0.34561772006874164,JACINTO,MG
0.9427977119084764,JACUÍ,MG
0.8382990249187432,JACUTINGA,MG
0.22978177150192555,JAGUARAÇU,MG
0.6956217512994802,JANAÚBA,MG
0.40707309854986684,JANUÁRIA,MG
0.6802030456852792,JAPARAÍBA,MG
0.6261682242990654,JECEABA,MG
0.8451666666666666,JEQUERI,MG
0.5265687583444593,JEQUITAÍ,MG
0.6434086359736917,JEQUITIBÁ,MG
0.8512017552607959,JEQUITINHONHA,MG
0.7696669029057406,JESUÂNIA,MG
0.8231795241528479,JOAÍMA,MG
0.3892981775882125,JOANÉSIA,MG
0.652467582119986,JOÃO MONLEVADE,MG
0.37227254473249743,JOÃO PINHEIRO,MG
0.5119266055045871,JOAQUIM FELÍCIO,MG
0.9099766998517264,JORDÂNIA,MG
0.6929796182465222,NOVA UNIÃO,MG
0.3791397492244634,JUIZ DE FORA,MG
0.6619354838709678,JURAMENTO,MG
0.6205929487179487,JURUAIA,MG
0.38286580742987114,LADAINHA,MG
0.36363636363636365,LAGAMAR,MG
0.5386168850359571,LAGOA DA PRATA,MG
0.6636363636363637,LAGOA DOS PATOS,MG
0.5903012727565652,LAGOA DOURADA,MG
0.7207678883071553,LAGOA FORMOSA,MG
0.7001781292088456,LAGOA SANTA,MG
0.8751730959446093,LAJINHA,MG
0.8008029647930821,LAMBARI,MG
0.48349514563106794,LAMIM,MG
0.7473185333000748,LARANJAL,MG
0.3129527673138221,LASSANCE,MG
0.7926312749675122,LAVRAS,MG
0.7176640926640927,LEANDRO FERREIRA,MG
0.6760272638753652,LEOPOLDINA,MG
0.7521459227467812,LIBERDADE,MG
0.4612541726275632,LIMA DUARTE,MG
0.8816546762589929,LUMINÁRIAS,MG
0.6964245558803688,LUZ,MG
0.504047976011994,MACHACALIS,MG
0.5960866526904263,MACHADO,MG
0.5379812695109261,MADRE DE DEUS DE MINAS,MG
0.28556149732620323,MALACACHETA,MG
0.43924168652232465,MANGA,MG
0.750730282375852,MANHUAÇU,MG
0.7900547182490161,MANHUMIRIM,MG
0.8865013774104683,MANTENA,MG
0.619560019129603,MARAVILHAS,MG
0.9220190197512802,MAR DE ESPANHA,MG
0.8036418464393412,MARIA DA FÉ,MG
0.5572454413425851,MARIANA,MG
0.9223928860145514,MARILAC,MG
0.45882962195753496,MARIPÁ DE MINAS,MG
0.2981366459627329,MARLIÉRIA,MG
0.6882284382284383,MARMELÓPOLIS,MG
0.40402452444584186,MARTINHO CAMPOS,MG
0.9202343397926994,MATERLÂNDIA,MG
0.7539280283831729,MATEUS LEME,MG
0.3875092936802974,MATIAS BARBOSA,MG
0.8759154203197524,MATIPÓ,MG
0.3187664425606548,MATO VERDE,MG
0.5941701295526766,MATOZINHOS,MG
0.921692607003891,MATUTINA,MG
0.8921267893660532,MEDEIROS,MG
0.8829014420470562,MEDINA,MG
0.939626110940852,MENDES PIMENTEL,MG
0.7366764995083579,MERCÊS,MG
0.49925925925925924,MESQUITA,MG
0.7302329933564143,MINAS NOVAS,MG
0.685701233439927,MINDURI,MG
0.2962962962962963,MIRABELA,MG
0.8733071988595866,MIRADOURO,MG
0.939237137788291,MIRAÍ,MG
0.7521222410865874,MOEDA,MG
0.5800180831826401,MOEMA,MG
0.5364188163884673,MONJOLOS,MG
0.7348553345388789,MONSENHOR PAULO,MG
0.6630299682364315,MONTALVÂNIA,MG
0.6051276550096546,MONTE ALEGRE DE MINAS,MG
0.8807409286982999,MONTE AZUL,MG
0.8621949437381266,MONTE BELO,MG
0.24497158834671237,MONTE CARMELO,MG
0.8871859034511521,MONTE SANTO DE MINAS,MG
0.5450393379603592,MONTES CLAROS,MG
0.9342193970913995,MONTE SIÃO,MG
0.7970363718006287,MORADA NOVA DE MINAS,MG
0.2765498652291105,MORRO DA GARÇA,MG
0.20167652859960553,MORRO DO PILAR,MG
0.8546576879910214,MUNHOZ,MG
0.9270335161724804,MURIAÉ,MG
0.6885059916329859,MUTUM,MG
0.5955387593326574,MUZAMBINHO,MG
0.8206307490144547,NACIP RAYDAN,MG
0.7478286213931798,NANUQUE,MG
0.9263377345378735,NATÉRCIA,MG
0.6128399901984808,NAZARENO,MG
0.8712715855572999,NEPOMUCENO,MG
0.7213878216323204,NOVA ERA,MG
0.40369211991761383,NOVA LIMA,MG
0.9558752997601918,NOVA MÓDICA,MG
0.2987813620071685,NOVA PONTE,MG
0.8966781214203895,NOVA RESENDE,MG
0.29878110888534276,NOVA SERRANA,MG
0.500728675525075,NOVO CRUZEIRO,MG
0.2035268185157972,OLARIA,MG
0.9160748870238864,OLÍMPIO NORONHA,MG
0.7079521463757917,OLIVEIRA,MG
0.15346534653465346,OLIVEIRA FORTES,MG
0.8816169393647738,ONÇA DE PITANGUI,MG
0.42359296044607075,OURO BRANCO,MG
0.7788656092944325,OURO FINO,MG
0.41144756690317896,OURO PRETO,MG
0.35225375626043404,OURO VERDE DE MINAS,MG
0.7032923443078144,PADRE PARAÍSO,MG
0.36553030303030304,PAINEIRAS,MG
0.8511567001309471,PAINS,MG
0.09142318567389256,PAIVA,MG
0.830110497237569,PALMA,MG
0.841987466427932,FRONTEIRA DOS VALES,MG
0.6829395640255841,PAPAGAIOS,MG
0.3572330782376105,PARACATU,MG
0.6042021578648495,PARÁ DE MINAS,MG
0.9088598720532819,PARAGUAÇU,MG
0.6722621902478018,PARAISÓPOLIS,MG
0.6320416218155723,PARAOPEBA,MG
0.8417884780739467,PASSABÉM,MG
0.662377372913747,PASSA QUATRO,MG
0.8570427470217239,PASSA TEMPO,MG
0.821173104434907,PASSA VINTE,MG
0.9276651122437913,PASSOS,MG
0.4932063455470225,PATOS DE MINAS,MG
0.8323055028462998,PATROCÍNIO,MG
0.894346087949743,PATROCÍNIO DO MURIAÉ,MG
0.9052867932231068,PAULA CÂNDIDO,MG
0.783894449499545,PAULISTAS,MG
0.8395707209686296,PAVÃO,MG
0.9162414965986394,PEÇANHA,MG
0.5140797693416627,PEDRA AZUL,MG
0.8906119027661358,PEDRA DO ANTA,MG
0.5340563991323211,PEDRA DO INDAIÁ,MG
0.9626280892103677,PEDRA DOURADA,MG
0.880661051962498,PEDRALVA,MG
0.4285031085604974,PEDRINÓPOLIS,MG
0.5900184842883549,PEDRO LEOPOLDO,MG
0.3189600507292327,PEDRO TEIXEIRA,MG
0.4987629886194953,PEQUERI,MG
0.6481927710843374,PEQUI,MG
0.3440033257119102,PERDIGÃO,MG
0.6289196017238817,PERDIZES,MG
0.833766493402639,PERDÕES,MG
0.9112003569834896,PESCADOR,MG
0.23554153522607782,PIAU,MG
0.7736308316430021,PIEDADE DE PONTE NOVA,MG
0.5087859424920128,PIEDADE DO RIO GRANDE,MG
0.6344569288389513,PIEDADE DOS GERAIS,MG
0.8845288677830543,PIMENTA,MG
0.6417910447761194,PIRACEMA,MG
0.5786163522012578,PIRAJUBA,MG
0.4028981389401904,PIRANGA,MG
0.8762174049638706,PIRANGUÇU,MG
0.7486421898761677,PIRANGUINHO,MG
0.8801993812306634,PIRAPETINGA,MG
0.711431266615213,PIRAPORA,MG
0.64580324185524,PIRAÚBA,MG
0.79584622182943,PITANGUI,MG
0.8738425925925926,PIUMHI,MG
0.49263468013468015,PLANURA,MG
0.6257563648818358,POÇO FUNDO,MG
0.5283063432780738,POÇOS DE CALDAS,MG
0.8292834890965732,POCRANE,MG
0.7831798386521025,POMPÉU,MG
0.6936586082739363,PONTE NOVA,MG
0.8368613719560719,PORTEIRINHA,MG
0.23528381219341277,PORTO FIRME,MG
0.3502133712660028,POTÉ,MG
0.5793017499523999,POUSO ALEGRE,MG
0.9555683785343335,POUSO ALTO,MG
0.8140290106083568,PRADOS,MG
0.4696490673411318,PRATA,MG
0.9453585212268941,PRATÁPOLIS,MG
0.6268656716417911,PRATINHA,MG
0.5489561893560717,PRESIDENTE BERNARDES,MG
0.30243707550938875,PRESIDENTE JUSCELINO,MG
0.5218676122931442,PRESIDENTE KUBITSCHEK,MG
0.5531035872632003,PRESIDENTE OLEGÁRIO,MG
0.8281832127985974,ALTO JEQUITIBÁ,MG
0.4422995333050488,PRUDENTE DE MORAIS,MG
0.4373533552322853,QUARTEL GERAL,MG
0.6564207650273224,QUELUZITO,MG
0.3919989775051125,RAPOSOS,MG
0.6000187125748503,RAUL SOARES,MG
0.9323168464113053,RECREIO,MG
0.8773600952542949,RESENDE COSTA,MG
0.8299832495812395,RESPLENDOR,MG
0.29415979935506986,RESSAQUINHA,MG
0.627700127064803,RIACHO DOS MACHADOS,MG
0.5997997234275905,RIBEIRÃO DAS NEVES,MG
0.9064546304957904,RIBEIRÃO VERMELHO,MG
0.46757257566399013,RIO ACIMA,MG
0.5949026436599651,RIO CASCA,MG
0.758957654723127,RIO DOCE,MG
0.9094308267552971,RIO DO PRADO,MG
0.18634512997181335,RIO ESPERA,MG
0.7904953145917001,RIO MANSO,MG
0.7747568523430592,RIO NOVO,MG
0.7906507791017415,RIO PARANAÍBA,MG
0.5834509718753393,RIO PARDO DE MINAS,MG
0.6772306855277476,RIO PIRACICABA,MG
0.6576461577738065,RIO POMBA,MG
0.4097914777878513,RIO PRETO,MG
0.776131357629155,RIO VERMELHO,MG
0.5944326990838619,RITÁPOLIS,MG
0.5686006825938567,ROCHEDO DE MINAS,MG
0.844213649851632,RODEIRO,MG
0.5302743614001892,ROMARIA,MG
0.8101937269372693,RUBELITA,MG
0.6534404821697639,RUBIM,MG
0.4555922699509362,SABARÁ,MG
0.5238555770470664,SABINÓPOLIS,MG
0.6352770735240855,SACRAMENTO,MG
0.38587610264635125,SALINAS,MG
0.2646762831264676,SALTO DA DIVISA,MG
0.42262532981530343,SANTA BÁRBARA,MG
0.16075731497418244,SANTA BÁRBARA DO TUGÚRIO,MG
0.6456218274111675,SANTA CRUZ DO ESCALVADO,MG
0.559009009009009,SANTA EFIGÊNIA DE MINAS,MG
0.5654475457170356,SANTA FÉ DE MINAS,MG
0.4432773109243697,SANTA JULIANA,MG
0.6127706472573646,SANTA LUZIA,MG
0.8741508759385055,SANTA MARGARIDA,MG
0.40390625,SANTA MARIA DE ITABIRA,MG
0.4804081632653061,SANTA MARIA DO SALTO,MG
0.8780637254901961,SANTA MARIA DO SUAÇUÍ,MG
0.929149301299338,SANTANA DA VARGEM,MG
0.8974065598779558,SANTANA DE CATAGUASES,MG
0.6691829484902309,SANTANA DE PIRAPAMA,MG
0.4363720499768626,SANTANA DO DESERTO,MG
0.11238997968855789,SANTANA DO GARAMBÉU,MG
0.46961770623742455,SANTANA DO JACARÉ,MG
0.8288104929895974,SANTANA DO MANHUAÇU,MG
0.4848263254113345,SANTANA DO RIACHO,MG
0.5384267631103075,SANTANA DOS MONTES,MG
0.6559037065341995,SANTA RITA DE CALDAS,MG
0.7641658752769864,SANTA RITA DE JACUTINGA,MG
0.10862152946906965,SANTA RITA DE IBITIPOCA,MG
0.9081081081081082,SANTA RITA DO ITUETO,MG
0.8496405965025212,SANTA RITA DO SAPUCAÍ,MG
0.7933261571582346,SANTA ROSA DA SERRA,MG
0.5921375921375921,SANTA VITÓRIA,MG
0.8117647058823529,SANTO ANTÔNIO DO AMPARO,MG
0.7433590402742074,SANTO ANTÔNIO DO AVENTUREIRO,MG
0.6599467478128566,SANTO ANTÔNIO DO GRAMA,MG
0.22892876563349646,SANTO ANTÔNIO DO ITAMBÉ,MG
0.3236363636363636,SANTO ANTÔNIO DO JACINTO,MG
0.7011326860841424,SANTO ANTÔNIO DO MONTE,MG
0.5252525252525253,SANTO ANTÔNIO DO RIO ABAIXO,MG
0.1389983117613956,SANTO HIPÓLITO,MG
0.2508312729132918,SANTOS DUMONT,MG
0.9279444038039503,SÃO BENTO ABADE,MG
0.3929983060417843,SÃO BRÁS DO SUAÇUÍ,MG
0.6198952879581152,SÃO DOMINGOS DO PRATA,MG
0.5460758187913693,SÃO FRANCISCO,MG
0.35777969513948804,SÃO FRANCISCO DE PAULA,MG
0.6342988808426596,SÃO FRANCISCO DE SALES,MG
0.9535691724573594,SÃO FRANCISCO DO GLÓRIA,MG
0.9382213170400543,SÃO GERALDO,MG
0.9245994344957588,SÃO GERALDO DA PIEDADE,MG
0.8291343669250646,SÃO GONÇALO DO ABAETÉ,MG
0.2520373683164381,SÃO GONÇALO DO PARÁ,MG
0.21676646706586827,SÃO GONÇALO DO RIO ABAIXO,MG
0.5986733001658375,SÃO GONÇALO DO SAPUCAÍ,MG
0.821815768124493,SÃO GOTARDO,MG
0.9052449282533399,SÃO JOÃO BATISTA DO GLÓRIA,MG
0.7981427174975562,SÃO JOÃO DA MATA,MG
0.8044501156392057,SÃO JOÃO DA PONTE,MG
0.7848970251716247,SÃO JOÃO DEL REI,MG
0.8950976319069381,SÃO JOÃO DO ORIENTE,MG
0.45422612513721183,SÃO JOÃO DO PARAÍSO,MG
0.8195446973903387,SÃO JOÃO EVANGELISTA,MG
0.46315459391658825,SÃO JOÃO NEPOMUCENO,MG
0.9091666666666667,SÃO JOSÉ DA SAFIRA,MG
0.8315460232350312,SÃO JOSÉ DA VARGINHA,MG
0.721627408993576,SÃO JOSÉ DO ALEGRE,MG
0.9643317576278471,SÃO JOSÉ DO DIVINO,MG
0.5790970494134376,SÃO JOSÉ DO GOIABAL,MG
0.8910614525139665,SÃO JOSÉ DO JACURI,MG
0.8667061611374408,SÃO JOSÉ DO MANTIMENTO,MG
0.8536433140895615,SÃO LOURENÇO,MG
0.9491815294405082,SÃO MIGUEL DO ANTA,MG
0.647819660014782,SÃO PEDRO DA UNIÃO,MG
0.6012936610608021,SÃO PEDRO DOS FERROS,MG
0.8427672955974843,SÃO PEDRO DO SUAÇUÍ,MG
0.6345733041575492,SÃO ROMÃO,MG
0.9364047484454494,SÃO ROQUE DE MINAS,MG
0.9245734809937145,SÃO SEBASTIÃO DA BELA VISTA,MG
0.9037189139858545,SÃO SEBASTIÃO DO MARANHÃO,MG
0.4592748292170257,SÃO SEBASTIÃO DO OESTE,MG
0.8248033407788676,SÃO SEBASTIÃO DO PARAÍSO,MG
0.7,SÃO SEBASTIÃO DO RIO PRETO,MG
0.9640883977900553,SÃO SEBASTIÃO DO RIO VERDE,MG
0.9123856439127375,SÃO TIAGO,MG
0.9054018445322793,SÃO TOMÁS DE AQUINO,MG
0.9310765477279659,SÃO THOMÉ DAS LETRAS,MG
0.14386154678204435,SÃO VICENTE DE MINAS,MG
0.9317129629629629,SAPUCAÍ-MIRIM,MG
0.8813944676013642,SARDOÁ,MG
0.3209273947528981,SENADOR CORTES,MG
0.856946669718471,SENADOR FIRMINO,MG
0.8430379746835444,SENADOR JOSÉ BENTO,MG
0.658596635207222,SENADOR MODESTINO GONÇALVES,MG
0.5987832212616074,SENHORA DE OLIVEIRA,MG
0.9352715304443225,SENHORA DO PORTO,MG
0.09241432422025414,SENHORA DOS REMÉDIOS,MG
0.873696682464455,SERICITA,MG
0.4697204968944099,SERITINGA,MG
0.6193149915777653,SERRA AZUL DE MINAS,MG
0.9259259259259259,SERRA DA SAUDADE,MG
0.8718446601941747,SERRA DOS AIMORÉS,MG
0.6389105058365758,SERRA DO SALITRE,MG
0.5625875758991126,SERRANIA,MG
0.7519809825673535,SERRANOS,MG
0.3088595774483483,SERRO,MG
0.23766046021238899,SETE LAGOAS,MG
0.5604453870625663,SILVEIRÂNIA,MG
0.6870437956204379,SILVIANÓPOLIS,MG
0.37849698299506307,SIMÃO PEREIRA,MG
0.6871837240524631,SIMONÉSIA,MG
0.5701724721001015,SOBRÁLIA,MG
0.833434650455927,SOLEDADE DE MINAS,MG
0.31108597285067874,TABULEIRO,MG
0.7218149121593581,TAIOBEIRAS,MG
0.9038332212508406,TAPIRA,MG
0.9006168608636053,TAPIRAÍ,MG
0.8720465285350781,TAQUARAÇU DE MINAS,MG
0.4134232301562979,TARUMIRIM,MG
0.8143980268228765,TEIXEIRAS,MG
0.3360852105272229,TEÓFILO OTONI,MG
0.3700458565345562,TIMÓTEO,MG
0.6194828937059285,TIRADENTES,MG
0.9076879108316662,TIROS,MG
0.7794767244308529,TOCANTINS,MG
0.9694783573806881,TOLEDO,MG
0.9082922648382259,TOMBOS,MG
0.6295755362848015,TRÊS CORAÇÕES,MG
0.9105428010876674,TRÊS PONTAS,MG
0.8948939982084204,TUMIRITINGA,MG
0.4582227583433856,TUPACIGUARA,MG
0.4420811518324607,TURMALINA,MG
0.5062240663900415,TURVOLÂNDIA,MG
0.48827906976744184,UBÁ,MG
0.45406213656753613,UBAÍ,MG
0.6666341701194248,UBERABA,MG
0.17171088794752035,UBERLÂNDIA,MG
0.9132231404958677,UMBURATIBA,MG
0.5895773231347431,UNAÍ,MG
0.5363653448599888,URUCÂNIA,MG
0.9295039164490861,VARGEM BONITA,MG
0.7319047700549404,VARGINHA,MG
0.39035469819539514,VÁRZEA DA PALMA,MG
0.3997219325686479,VARZELÂNDIA,MG
0.5881517933188227,VAZANTE,MG
0.8795640326975477,WENCESLAU BRAZ,MG
0.5381455399061033,VERÍSSIMO,MG
0.7143422032005955,VESPASIANO,MG
0.8253506924879148,VIÇOSA,MG
0.9462984273110855,VIEIRAS,MG
0.9032738095238095,MATHIAS LOBATO,MG
0.8396584440227703,VIRGEM DA LAPA,MG
0.9635912287960281,VIRGÍNIA,MG
0.36864679390950034,VIRGINÓPOLIS,MG
0.7575878594249201,VIRGOLÂNDIA,MG
0.7825737400130647,VISCONDE DO RIO BRANCO,MG
0.9124528301886793,VOLTA GRANDE,MG
0.933996383363472,ITAÚ DE MINAS,MG
0.4706879024059641,NOVA ALVORADA DO SUL,MS
0.2866271109082611,ALCINÓPOLIS,MS
0.3282602208296031,LAGUNA CARAPÃ,MS
0.3363709461270437,JAPORÃ,MS
0.20341499628804752,NOVO HORIZONTE DO SUL,MS
0.21312872975277067,PARAÍSO DAS ÁGUAS,MS
0.40326340326340326,FIGUEIRÃO,MS
0.26850715746421266,SÃO DOMINGOS DO NORTE,ES
0.2211532252857235,AFONSO CLÁUDIO,ES
0.27736988089410997,ÁGUA DOCE DO NORTE,ES
0.6679759099240639,ALEGRE,ES
0.4275188800884141,IRUPI,ES
0.14800911650355275,ALFREDO CHAVES,ES
0.14009779951100246,ALTO RIO NOVO,ES
0.15395580898075553,ANCHIETA,ES
0.4079177178342713,VILA PAVÃO,ES
0.33511205976520814,APIACÁ,ES
0.275797623815245,MARECHAL FLORIANO,ES
0.31089374760260835,ARACRUZ,ES
0.6698113207547169,MARATAÍZES,ES
0.5765558698727016,ATÍLIO VIVÁCQUA,ES
0.205678793256433,BREJETUBA,ES
0.23739509902651898,BAIXO GUANDU,ES
0.0826215250815344,SÃO ROQUE DO CANAÃ,ES
0.2201586472236736,BARRA DE SÃO FRANCISCO,ES
0.1261417504913863,SOORETAMA,ES
0.6491890380313199,BOA ESPERANÇA,ES
0.4260847628657921,PONTO BELO,ES
0.28700026476039187,BOM JESUS DO NORTE,ES
0.1970102090422946,VILA VALÉRIO,ES
0.5738344466244032,CACHOEIRO DE ITAPEMIRIM,ES
0.11320158310998137,CARIACICA,ES
0.28982167352537724,CASTELO,ES
0.06263691250066787,COLATINA,ES
0.33373063170441003,GOVERNADOR LINDENBERG,ES
0.47452045772618756,CONCEIÇÃO DA BARRA,ES
0.1009300723389597,CONCEIÇÃO DO CASTELO,ES
0.43485276321097216,DIVINO DE SÃO LOURENÇO,ES
0.35376872233339396,DOMINGOS MARTINS,ES
0.5240134597736311,DORES DO RIO PRETO,ES
0.3536377646200016,ECOPORANGA,ES
0.20857863751051303,FUNDÃO,ES
0.5229236974236563,GUAÇUÍ,ES
0.22147144240077443,GUARAPARI,ES
0.7913385826771654,IBIRAÇU,ES
0.5821720858217209,IBITIRAMA,ES
0.18783291281188674,ICONHA,ES
0.3438302473307204,ITAGUAÇU,ES
0.6853764061147967,ITAPEMIRIM,ES
0.1314258764345229,ITARANA,ES
0.4217610768367919,IÚNA,ES
0.4731218148939668,JERÔNIMO MONTEIRO,ES
0.5713377416073245,JOÃO NEIVA,ES
0.07437518819632641,LINHARES,ES
0.05157550535077289,MANTENÓPOLIS,ES
0.489209175973438,MIMOSO DO SUL,ES
0.512124849939976,MONTANHA,ES
0.46003159557661927,MUCURICI,ES
0.39986483442216714,MUNIZ FREIRE,ES
0.41237257366289626,MUQUI,ES
0.44241718426501037,NOVA VENÉCIA,ES
0.2197420634920635,PANCAS,ES
0.4267850670532802,PINHEIROS,ES
0.2718537614248887,PIÚMA,ES
0.560374149659864,PRESIDENTE KENNEDY,ES
0.4608552631578947,RIO NOVO DO SUL,ES
0.2717900656044986,SANTA LEOPOLDINA,ES
0.07237322515212982,SANTA TERESA,ES
0.3256770437863832,SÃO GABRIEL DA PALHA,ES
0.3370420103587186,SÃO JOSÉ DO CALÇADO,ES
0.6807073954983923,SÃO MATEUS,ES
0.08539942025957747,SERRA,ES
0.18897873614854746,VIANA,ES
0.12224787870357491,VILA VELHA,ES
0.16180348787749893,VITÓRIA,ES
0.10014749262536873,MARILÂNDIA,ES
0.37087303879102895,IBATIBA,ES
0.14713927513106906,RIO BANANAL,ES
0.4040613344384584,JAGUARÉ,ES
0.482024106400665,PEDRO CANÁRIO,ES
0.20557756781469064,LARANJA DA TERRA,ES
0.3494199535962877,SANTA MARIA DE JETIBÁ,ES
0.4981655116184264,VARGEM ALTA,ES
0.08698630136986302,VENDA NOVA DO IMIGRANTE,ES
0.2903225806451613,ÁGUIA BRANCA,ES
0.7105022831050228,QUISSAMÃ,RJ
0.7245331616226658,ANGRA DOS REIS,RJ
0.6998429244609453,QUATIS,RJ
0.5767016654598117,ARARUAMA,RJ
0.5303593826689208,BELFORD ROXO,RJ
0.46827584661242966,BARRA DO PIRAÍ,RJ
0.7301373552383518,CARDOSO MOREIRA,RJ
0.6412551269589132,BARRA MANSA,RJ
0.8215275029679462,VARRE-SAI,RJ
0.49972294783503524,BOM JARDIM,RJ
0.6591043265581513,GUAPIMIRIM,RJ
0.6711427639447646,BOM JESUS DO ITABAPOANA,RJ
0.5605786347928853,QUEIMADOS,RJ
0.5526927591188154,CABO FRIO,RJ
0.45849631845375055,JAPERI,RJ
0.6637660591574545,CACHOEIRAS DE MACACU,RJ
0.868440779610195,COMENDADOR LEVY GASPARIAN,RJ
0.7491103202846975,CAMBUCI,RJ
0.7758364925004121,APERIBÉ,RJ
0.6044457223745908,CAMPOS DOS GOYTACAZES,RJ
0.29052959097685876,RIO DAS OSTRAS,RJ
0.6495143817706388,CANTAGALO,RJ
0.7532858273950911,AREAL,RJ
0.543238473417163,CARMO,RJ
0.6259946949602122,PINHEIRAL,RJ
0.5703138157525403,CASIMIRO DE ABREU,RJ
0.6244561839651958,IGUABA GRANDE,RJ
0.5549932872043788,CONCEIÇÃO DE MACABU,RJ
0.7198664440734558,SÃO FRANCISCO DE ITABAPOANA,RJ
0.5304247990815155,CORDEIRO,RJ
0.5572938108961164,CARAPEBUS,RJ
0.6253293807641633,DUAS BARRAS,RJ
0.8564973793602024,PORTO REAL,RJ
0.5864230468792976,DUQUE DE CAXIAS,RJ
0.7863050586651279,SÃO JOSÉ DE UBÁ,RJ
0.6211924353977191,ENGENHEIRO PAULO DE FRONTIN,RJ
0.4827650922740069,TANGUÁ,RJ
0.6172150183859106,ITABORAÍ,RJ
0.714017521902378,MACUCO,RJ
0.6567158943417406,ITAGUAÍ,RJ
0.512227538543328,ARMAÇÃO DOS BÚZIOS,RJ
0.6910830586154217,ITAOCARA,RJ
0.2766941596076683,SEROPÉDICA,RJ
0.4500986280724307,ITAPERUNA,RJ
0.7296,ITATIAIA,RJ
0.7821345105167489,LAJE DO MURIAÉ,RJ
0.4780824496454791,MESQUITA,RJ
0.38075744461858757,MACAÉ,RJ
0.60168628074144,MAGÉ,RJ
0.6054708831852257,MANGARATIBA,RJ
0.5696192280906338,MARICÁ,RJ
0.7783839423571797,MENDES,RJ
0.5471166403189223,MIGUEL PEREIRA,RJ
0.7716368053446705,MIRACEMA,RJ
0.7266050398885653,NATIVIDADE,RJ
0.5992824743210357,NILÓPOLIS,RJ
0.5307622367025306,NITERÓI,RJ
0.25951504705115064,NOVA FRIBURGO,RJ
0.5947092610403502,NOVA IGUAÇU,RJ
0.3594364937388193,PARACAMBI,RJ
0.7533199579631222,PARAÍBA DO SUL,RJ
0.6888860320113133,PARATY,RJ
0.5251251807374802,PETRÓPOLIS,RJ
0.7787268659751881,PIRAÍ,RJ
0.8002187386073643,PORCIÚNCULA,RJ
0.4560868671644859,RESENDE,RJ
0.4759713701431493,RIO BONITO,RJ
0.7460063897763578,RIO CLARO,RJ
0.8521643433602347,RIO DAS FLORES,RJ
0.7968112717834631,SANTA MARIA MADALENA,RJ
0.6351402757964812,SANTO ANTÔNIO DE PÁDUA,RJ
0.7727462437395659,SÃO FIDÉLIS,RJ
0.5305122968141993,SÃO GONÇALO,RJ
0.6373213904883771,SÃO JOÃO DA BARRA,RJ
0.4071915679174635,SÃO JOÃO DE MERITI,RJ
0.6087877325612567,SÃO PEDRO DA ALDEIA,RJ
0.5423937589817286,SÃO SEBASTIÃO DO ALTO,RJ
0.7695042095416277,SAPUCAIA,RJ
0.6556869881710646,SAQUAREMA,RJ
0.5430147058823529,SILVA JARDIM,RJ
0.5825880221895166,SUMIDOURO,RJ
0.6357382148839436,TERESÓPOLIS,RJ
0.6896027049873203,TRAJANO DE MORAES,RJ
0.8852430979721476,TRÊS RIOS,RJ
0.49189159322595793,VALENÇA,RJ
0.6105815572453679,VASSOURAS,RJ
0.5140775609324726,VOLTA REDONDA,RJ
0.4626811374522525,ARRAIAL DO CABO,RJ
0.6879015721120985,ITALVA,RJ
0.7644693473961767,PATY DO ALFERES,RJ
0.5670427976008946,SÃO JOSÉ DO VALE DO RIO PRETO,RJ
0.5695811715729598,RIO DE JANEIRO,RJ
0.6700985761226725,EUCLIDES DA CUNHA PAULISTA,SP
0.2966337782936738,ADAMANTINA,SP
0.5257378174330817,BOREBI,SP
0.42153443766346993,ADOLFO,SP
0.6369039756967375,TARUMÃ,SP
0.5493197278911565,AGUAÍ,SP
0.6706382978723404,MOTUCA,SP
0.18484922775189996,ÁGUAS DA PRATA,SP
0.4670995670995671,IARAS,SP
0.7928475854518915,ÁGUAS DE LINDÓIA,SP
0.6222551928783383,GUATAPARÁ,SP
0.41678867740361153,ÁGUAS DE SÃO PEDRO,SP
0.6014109347442681,DIRCE REIS,SP
0.20328457788042084,AGUDOS,SP
0.7040860215053764,ESPÍRITO SANTO DO TURVO,SP
0.4855216184053947,ALFREDO MARCONDES,SP
0.6166743755781684,ROSANA,SP
0.7169720347155255,ALTAIR,SP
0.22028169014084506,EMBAÚBA,SP
0.845966709346991,ALTINÓPOLIS,SP
0.618595825426945,ILHA SOLTEIRA,SP
0.5639560439560439,ALTO ALEGRE,SP
0.7583744618292555,ALUMÍNIO,SP
0.5011609907120743,ÁLVARES FLORENCE,SP
0.7230366492146597,PEDRINHAS PAULISTA,SP
0.34051418439716313,ÁLVARES MACHADO,SP
0.6694410077606568,ARAÇARIGUAMA,SP
0.6743686190220312,ÁLVARO DE CARVALHO,SP
0.48475298126064736,BERTIOGA,SP
0.411829134720701,ALVINLÂNDIA,SP
0.4876769795490299,SUZANÁPOLIS,SP
0.7323860843077339,AMERICANA,SP
0.7096630216469538,SANTO ANTÔNIO DO ARACANGUÁ,SP
0.4064440755088237,AMÉRICO BRASILIENSE,SP
0.6869793950021921,CANITAR,SP
0.457913455838767,AMÉRICO DE CAMPOS,SP
0.805731422859047,BARRA DO CHAPÉU,SP
0.7413499534166479,AMPARO,SP
0.5959952885747939,EMILIANÓPOLIS,SP
0.43619203939269596,ANALÂNDIA,SP
0.11192109777015437,NOVAIS,SP
0.29076076925916355,ANDRADINA,SP
0.4170890658942795,NOVA CANAÃ PAULISTA,SP
0.6582244734737404,ANGATUBA,SP
0.5230627306273062,SALTINHO,SP
0.8060847313050896,ANHEMBI,SP
0.33822975517890774,UBARANA,SP
0.6491917868064657,ANHUMAS,SP
0.7496358970802414,CAJATI,SP
0.582864124083714,APARECIDA,SP
0.7929086915594603,CAMPINA DO MONTE ALEGRE,SP
0.4325457317073171,APARECIDA D OESTE,SP
0.3748043818466354,ASPÁSIA,SP
0.5639572538860104,APIAÍ,SP
0.8022185508614585,VARGEM,SP
0.3665723767735038,ARAÇATUBA,SP
0.6212914485165794,POTIM,SP
0.5972212171647732,ARAÇOIABA DA SERRA,SP
0.8113956004327443,ALAMBARI,SP
0.7064347826086956,ARAMINA,SP
0.7689822294022617,ITAOCA,SP
0.7193521362747836,ARANDU,SP
0.7514688601645123,TUIUTI,SP
0.2633636013192273,ARARAQUARA,SP
0.6696600384862091,ARAPEÍ,SP
0.40492975024125355,ARARAS,SP
0.5833803346493702,ESTIVA GERBI,SP
0.5381344671804411,AREALVA,SP
0.7652907123080795,ENGENHEIRO COELHO,SP
0.7773602630342884,AREIAS,SP
0.7614157745247979,RIBEIRÃO GRANDE,SP
0.6808558558558558,AREIÓPOLIS,SP
0.31579301301233986,HORTOLÂNDIA,SP
0.32195629552549426,ARIRANHA,SP
0.8452050997782705,HOLAMBRA,SP
0.8165437354586407,ARTUR NOGUEIRA,SP
0.33042529989094876,ELISIÁRIO,SP
0.6799928381420094,ARUJÁ,SP
0.34466477809254015,BOM SUCESSO DE ITARARÉ,SP
0.5005544038952899,ASSIS,SP
0.43039169419537515,PONTALINDA,SP
0.7595447683983786,ATIBAIA,SP
0.39540816326530615,PARISI,SP
0.5373479131372247,AURIFLAMA,SP
0.5495049504950495,TAQUARIVAÍ,SP
0.5062344139650873,AVAÍ,SP
0.46264367816091956,MARAPOAMA,SP
0.6849907350216183,AVANHANDAVA,SP
0.8196428571428571,SÃO JOÃO DE IRACEMA,SP
0.467682425078969,AVARÉ,SP
0.7189102094624286,SÃO LOURENÇO DA SERRA,SP
0.6554544255375281,BADY BASSITT,SP
0.40938303341902316,ZACARIAS,SP
0.524390243902439,BALBINOS,SP
0.5908193484698914,ITAPIRAPUÃ PAULISTA,SP
0.27818627450980393,BÁLSAMO,SP
0.6048014773776547,MESÓPOLIS,SP
0.5729544538492544,BANANAL,SP
0.643305439330544,NOVA CAMPINA,SP
0.44199192462987885,BARBOSA,SP
0.7847422680412371,ILHA COMPRIDA,SP
0.7531188443860801,BARÃO DE ANTONINA,SP
0.5261514441842311,LOURDES,SP
0.5618675917895345,BARIRI,SP
0.7172495554238293,TORRE DE PEDRA,SP
0.6150883178341495,BARRA BONITA,SP
0.7522004062288422,ARCO-ÍRIS,SP
0.8162589194699287,BARRA DO TURVO,SP
0.6718547341115434,BREJO ALEGRE,SP
0.771696652759161,BARRETOS,SP
0.7053958251280031,CANAS,SP
0.608355091383812,BARRINHA,SP
0.7803410230692076,PRACINHA,SP
0.5765754014322424,BARUERI,SP
0.697560975609756,PRATÂNIA,SP
0.5070851165002378,BASTOS,SP
0.702020202020202,QUADRA,SP
0.7797122247819026,BATATAIS,SP
0.7090909090909091,SANTA CRUZ DA ESPERANÇA,SP
0.21841936226684927,BAURU,SP
0.46784140969162996,SANTA SALETE,SP
0.6232738295722465,BEBEDOURO,SP
0.3294538943598926,VITÓRIA BRASIL,SP
0.6293233082706767,BENTO DE ABREU,SP
0.6343220338983051,IPIGUÁ,SP
0.5191331511128465,BERNARDINO DE CAMPOS,SP
0.8449559918754231,TAQUARAL,SP
0.42718715393134,BILAC,SP
0.607421875,FERNÃO,SP
0.498357021259749,BIRIGUI,SP
0.6852731591448931,GAVIÃO PEIXOTO,SP
0.8752131147540984,BIRITIBA MIRIM,SP
0.6867627785058977,JUMIRIM,SP
0.5744052246928938,BOA ESPERANÇA DO SUL,SP
0.8475308641975309,NANTES,SP
0.5491111510145448,BOCAINA,SP
0.24972375690607734,NOVA CASTILHO,SP
0.6634720104552385,BOFETE,SP
0.4361564918314703,OUROESTE,SP
0.7032023620258915,BOITUVA,SP
0.3774597495527728,PAULISTÂNIA,SP
0.6088163091044936,BOM JESUS DOS PERDÕES,SP
0.6264411990776326,RIBEIRÃO DOS ÍNDIOS,SP
0.6114206128133705,BORÁ,SP
0.36147757255936674,TRABIJU,SP
0.6471277842907386,BORACÉIA,SP
0.7207386363636363,BORBOREMA,SP
0.6810132296260287,BOTUCATU,SP
0.7129428089459651,BRAGANÇA PAULISTA,SP
0.7347083926031295,BRAÚNA,SP
0.6947251414713015,BRODOWSKI,SP
0.6253425304734007,BROTAS,SP
0.5999590541508855,BURI,SP
0.5731690433337948,BURITAMA,SP
0.5997485331098072,BURITIZAL,SP
0.4945717732207479,CABRÁLIA PAULISTA,SP
0.5371217281307774,CABREÚVA,SP
0.6980863395623064,CAÇAPAVA,SP
0.6404351037400121,CACHOEIRA PAULISTA,SP
0.40166423029348924,CACONDE,SP
0.3336935638808838,CAFELÂNDIA,SP
0.6704859739233504,CAIABU,SP
0.6130131473034612,CAIEIRAS,SP
0.4301916308173641,CAIUÁ,SP
0.4856962678438342,CAJAMAR,SP
0.7458301743745261,CAJOBI,SP
0.8358609931536528,CAJURU,SP
0.6707427967104812,CAMPINAS,SP
0.43974956482677297,CAMPO LIMPO PAULISTA,SP
0.5596903840428699,CAMPOS DO JORDÃO,SP
0.579185520361991,CAMPOS NOVOS PAULISTA,SP
0.6844310373722139,CANANÉIA,SP
0.6626829595810394,CÂNDIDO MOTA,SP
0.3868103994927077,CÂNDIDO RODRIGUES,SP
0.8221723406908592,CAPÃO BONITO,SP
0.8039261784412837,CAPELA DO ALTO,SP
0.568848469322403,CAPIVARI,SP
0.7119713864927414,CARAGUATATUBA,SP
0.43162190434486447,CARAPICUÍBA,SP
0.3284497444633731,CARDOSO,SP
0.6362295081967213,CASA BRANCA,SP
0.7871939736346516,CÁSSIA DOS COQUEIROS,SP
0.46925040612671154,CASTILHO,SP
0.22121223205794133,CATANDUVA,SP
0.2537575150300601,CATIGUÁ,SP
0.49334836527621195,CEDRAL,SP
0.6753591693830737,CERQUEIRA CÉSAR,SP
0.6435134980880087,CERQUILHO,SP
0.7707765178699584,CESÁRIO LANGE,SP
0.6577133349179938,CHARQUEADA,SP
0.7289335088874259,CHAVANTES,SP
0.5144007432641685,CLEMENTINA,SP
0.7168401991851516,COLINA,SP
0.695411829740188,COLÔMBIA,SP
0.6813022947560269,CONCHAL,SP
0.5584254315162052,CONCHAS,SP
0.588588875107337,CORDEIRÓPOLIS,SP
0.629848540820096,COROADOS,SP
0.8152909336941814,CORONEL MACEDO,SP
0.3211752786220871,CORUMBATAÍ,SP
0.6504572740824301,COSMÓPOLIS,SP
0.5101204819277109,COSMORAMA,SP
0.5575428546052047,COTIA,SP
0.8335830130919039,CRAVINHOS,SP
0.3905364151766245,CRISTAIS PAULISTA,SP
0.5495716034271726,CRUZÁLIA,SP
0.6550295336330777,CRUZEIRO,SP
0.481332472391927,CUBATÃO,SP
0.7825448895027625,CUNHA,SP
0.538356817098904,DESCALVADO,SP
0.3914416436725367,DIADEMA,SP
0.47634445200816883,DIVINOLÂNDIA,SP
0.4247566063977747,DOBRADA,SP
0.6380113491996273,DOIS CÓRREGOS,SP
0.4104323953328758,DOLCINÓPOLIS,SP
0.6282872928176796,DOURADO,SP
0.47623818443176374,DRACENA,SP
0.5182448733413751,DUARTINA,SP
0.857309668379262,DUMONT,SP
0.5806842264607932,ECHAPORÃ,SP
0.7514140681653372,ELDORADO,SP
0.5064872074693828,ELIAS FAUSTO,SP
0.5438679978245669,EMBU DAS ARTES,SP
0.7050667188672474,EMBU-GUAÇU,SP
0.4310155735906997,ESTRELA D OESTE,SP
0.7740678909293267,ESTRELA DO NORTE,SP
0.5491139240506329,FARTURA,SP
0.7356736898294973,FERNANDÓPOLIS,SP
0.30913490623109496,FERNANDO PRESTES,SP
0.6252470068580728,FERRAZ DE VASCONCELOS,SP
0.4344328238133548,FLORA RICA,SP
0.21400560224089635,FLOREAL,SP
0.42109185764859325,FLÓRIDA PAULISTA,SP
0.4847689075630252,FLORÍNEA,SP
0.2662279352201297,FRANCA,SP
0.47238620171304196,FRANCISCO MORATO,SP
0.5251623532116243,FRANCO DA ROCHA,SP
0.2828520919269299,GABRIEL MONTEIRO,SP
0.5857017286844418,GÁLIA,SP
0.5617653232577666,GARÇA,SP
0.34615384615384615,GASTÃO VIDIGAL,SP
0.6605963220853419,GENERAL SALGADO,SP
0.5546290357066496,GETULINA,SP
0.7261029411764706,GLICÉRIO,SP
0.38530903625774937,GUAIÇARA,SP
0.5203002388263391,GUAIMBÊ,SP
0.6103083890446409,GUAÍRA,SP
0.4810243396008767,GUAPIAÇU,SP
0.6420525657071339,GUAPIARA,SP
0.7498011928429423,GUARÁ,SP
0.5276585598474011,GUARAÇAÍ,SP
0.4783088235294118,GUARACI,SP
0.5551601423487544,GUARANI D OESTE,SP
0.5024232633279483,GUARANTÃ,SP
0.5426984645540673,GUARARAPES,SP
0.892513240250361,GUARAREMA,SP
0.6661800486618005,GUARATINGUETÁ,SP
0.5875558867362146,GUAREÍ,SP
0.7055954550326937,GUARIBA,SP
0.40075888782689306,GUARUJÁ,SP
0.45024531387595923,GUARULHOS,SP
0.5692946058091286,GUZOLÂNDIA,SP
0.6354936929099608,HERCULÂNDIA,SP
0.2963983467821295,IACANGA,SP
0.5983725661145016,IACRI,SP
0.29678766246885313,IBATÉ,SP
0.6495568685376661,IBIRÁ,SP
0.7857368254970022,IBIRAREMA,SP
0.620845921450151,IBITINGA,SP
0.49178587393831025,IBIÚNA,SP
0.6028202115158637,ICÉM,SP
0.4751408278226794,IEPÊ,SP
0.688296535630946,IGARAÇU DO TIETÊ,SP
0.5365931863727454,IGARAPAVA,SP
0.8646895273401297,IGARATÁ,SP
0.7919269581931764,IGUAPE,SP
0.3138566650060494,ILHABELA,SP
0.24070631004933785,INDAIATUBA,SP
0.6822396576319544,INDIANA,SP
0.35233853006681515,INDIAPORÃ,SP
0.5102137767220902,INÚBIA PAULISTA,SP
0.7303688280785247,IPAUSSU,SP
0.6999911995071724,IPERÓ,SP
0.5286368843069874,IPEÚNA,SP
0.7247534053546266,IPORANGA,SP
0.7407458755025648,IPUÃ,SP
0.504460966542751,IRACEMÁPOLIS,SP
0.3478384527872582,IRAPUÃ,SP
0.34762321376494604,IRAPURU,SP
0.607959987229967,ITABERÁ,SP
0.5856969205834684,ITAÍ,SP
0.22985187044941,ITAJOBI,SP
0.5690288713910762,ITAJU,SP
0.5945103250868943,ITANHAÉM,SP
0.6029094746363157,ITAPECERICA DA SERRA,SP
0.4416897485961646,ITAPETININGA,SP
0.7170628298227414,ITAPEVA,SP
0.2749529599860783,ITAPEVI,SP
0.5465101642645855,ITAPIRA,SP
0.6290930859024244,ITÁPOLIS,SP
0.7814358230601886,ITAPORANGA,SP
0.6043014513026753,ITAPUÍ,SP
0.4438914027149321,ITAPURA,SP
0.5169339226076158,ITAQUAQUECETUBA,SP
0.1714333016017549,ITARARÉ,SP
0.688230008984726,ITARIRI,SP
0.407555759844157,ITATIBA,SP
0.6015493432132031,ITATINGA,SP
0.42396777442094663,ITIRAPINA,SP
0.434206652929055,ITIRAPUÃ,SP
0.3834890179247665,ITOBI,SP
0.6198510481794778,ITU,SP
0.558160085577415,ITUPEVA,SP
0.6309312638580932,ITUVERAVA,SP
0.783203125,JABORANDI,SP
0.5657378027708837,JABOTICABAL,SP
0.5861210275964709,JACAREÍ,SP
0.2883945322969713,JACI,SP
0.7588928150765607,JACUPIRANGA,SP
0.7830029421694883,JAGUARIÚNA,SP
0.34840072920119325,JALES,SP
0.6597222222222222,JAMBEIRO,SP
0.4155191020936758,JANDIRA,SP
0.8491669286387928,JARDINÓPOLIS,SP
0.4195823162462707,JARINU,SP
0.25443767762890784,JAÚ,SP
0.6641901931649331,JERIQUARA,SP
0.7683975240715268,JOANÓPOLIS,SP
0.8431683168316831,JOÃO RAMALHO,SP
0.3983807749148622,JOSÉ BONIFÁCIO,SP
0.5033905065815716,JÚLIO MESQUITA,SP
0.20261409241430733,JUNDIAÍ,SP
0.5545786709294359,JUNQUEIRÓPOLIS,SP
0.8340342599240947,JUQUIÁ,SP
0.640236341089795,JUQUITIBA,SP
0.6755476613380699,LAGOINHA,SP
0.7516160190207296,LARANJAL PAULISTA,SP
0.36627241510873715,LAVÍNIA,SP
0.7701731025299601,LAVRINHAS,SP
0.6109627515078964,LEME,SP
0.7168472170339932,LENÇÓIS PAULISTA,SP
0.5673266226343199,LIMEIRA,SP
0.8095105672969967,LINDÓIA,SP
0.5745232141243108,LINS,SP
0.5810741425344013,LORENA,SP
0.4512144702842377,LOUVEIRA,SP
0.48654836863194045,LUCÉLIA,SP
0.475098814229249,LUCIANÓPOLIS,SP
0.808075117370892,LUÍS ANTÔNIO,SP
0.8128983877015373,LUIZIÂNIA,SP
0.45965058236272877,LUPÉRCIO,SP
0.4951923076923077,LUTÉCIA,SP
0.6306520704426464,MACATUBA,SP
0.3150264845274603,MACAUBAL,SP
0.4472636815920398,MACEDÔNIA,SP
0.4291294642857143,MAGDA,SP
0.6533267085234202,MAIRINQUE,SP
0.5453246160863615,MAIRIPORÃ,SP
0.6964367291000457,MANDURI,SP
0.5168488160291439,MARABÁ PAULISTA,SP
0.5947909527073338,MARACAÍ,SP
0.481555333998006,MARIÁPOLIS,SP
0.4699603993975122,MARÍLIA,SP
0.5373831775700935,MARINÓPOLIS,SP
0.532965165675446,MARTINÓPOLIS,SP
0.23298371985496313,MATÃO,SP
0.3956389113690513,MAUÁ,SP
0.628102189781022,MENDONÇA,SP
0.3103300471495928,MERIDIANO,SP
0.7295159163684309,MIGUELÓPOLIS,SP
0.5230527418791477,MINEIROS DO TIETÊ,SP
0.7976980506014102,MIRACATU,SP
0.49661121380160195,MIRA ESTRELA,SP
0.5210517271008764,MIRANDÓPOLIS,SP
0.5704830469112866,MIRANTE DO PARANAPANEMA,SP
0.47078891257995736,MIRASSOL,SP
0.2998324958123953,MIRASSOLÂNDIA,SP
0.3135040559885478,MOCOCA,SP
0.6727175336269492,MOGI DAS CRUZES,SP
0.33436103455256067,MOGI GUAÇU,SP
0.5106303618052965,MOGI MIRIM,SP
0.6846267918932278,MOMBUCA,SP
0.2531948881789137,MONÇÕES,SP
0.557526473347929,MONGAGUÁ,SP
0.7358904109589041,MONTE ALEGRE DO SUL,SP
0.6403911209972658,MONTE ALTO,SP
0.38799560571257363,MONTE APRAZÍVEL,SP
0.49353762768396914,MONTE AZUL PAULISTA,SP
0.5590351248413035,MONTE CASTELO,SP
0.6092099704267004,MONTEIRO LOBATO,SP
0.5865190696006812,MONTE MOR,SP
0.8516395322173813,MORRO AGUDO,SP
0.846275003937628,MORUNGABA,SP
0.5492957746478874,MURUTINGA DO SUL,SP
0.6772922636103151,NARANDIBA,SP
0.7310432569974554,NATIVIDADE DA SERRA,SP
0.332953682611997,NAZARÉ PAULISTA,SP
0.38042991491267353,NEVES PAULISTA,SP
0.6294406280667321,NHANDEARA,SP
0.4414451827242525,NIPOÃ,SP
0.3783616692426584,NOVA ALIANÇA,SP
0.6688728024819028,NOVA EUROPA,SP
0.5594428247489472,NOVA GRANADA,SP
0.4846774193548387,NOVA GUATAPORANGA,SP
0.2822085889570552,NOVA INDEPENDÊNCIA,SP
0.42201834862385323,NOVA LUZITÂNIA,SP
0.7897428296153561,NOVA ODESSA,SP
0.5583601373821077,NOVO HORIZONTE,SP
0.8679693688935833,NUPORANGA,SP
0.6802973977695167,OCAUÇU,SP
0.6030150753768844,ÓLEO,SP
0.319768390148426,OLÍMPIA,SP
0.46723996723996725,ONDA VERDE,SP
0.653020892151327,ORIENTE,SP
0.30844155844155846,ORINDIÚVA,SP
0.7652811735941321,ORLÂNDIA,SP
0.40570389790717004,OSASCO,SP
0.65625,OSCAR BRESSANE,SP
0.5385149201943095,OSVALDO CRUZ,SP
0.7504933629697335,OURINHOS,SP
0.42294685990338166,OURO VERDE,SP
0.34094934466879206,PACAEMBU,SP
0.3709739263803681,PALESTINA,SP
0.20253427503115912,PALMARES PAULISTA,SP
0.483843537414966,PALMEIRA D OESTE,SP
0.5617548011286065,PALMITAL,SP
0.3443305097339872,PANORAMA,SP
0.553594351732991,PARAGUAÇU PAULISTA,SP
0.6801350590883511,PARAIBUNA,SP
0.4622250557857826,PARAÍSO,SP
0.6299485707451262,PARANAPANEMA,SP
0.4977215189873418,PARANAPUÃ,SP
0.4357918382628229,PARAPUÃ,SP
0.7192438797644871,PARDINHO,SP
0.8145666738707585,PARIQUERA-AÇU,SP
0.47921557795884545,PATROCÍNIO PAULISTA,SP
0.5189873417721519,PAULICÉIA,SP
0.6665052722186356,PAULÍNIA,SP
0.47543693906471424,PAULO DE FARIA,SP
0.3627406851712928,PEDERNEIRAS,SP
0.7946743663779275,PEDRA BELA,SP
0.5064102564102564,PEDRANÓPOLIS,SP
0.39651550722846907,PEDREGULHO,SP
0.8643149956981628,PEDREIRA,SP
0.6525146962769431,PEDRO DE TOLEDO,SP
0.622019241567776,PENÁPOLIS,SP
0.457871213375269,PEREIRA BARRETO,SP
0.5747800586510264,PEREIRAS,SP
0.44162367171216727,PERUÍBE,SP
0.5385684503127172,PIACATU,SP
0.6631354225408845,PIEDADE,SP
0.7944412275622467,PILAR DO SUL,SP
0.32175759751136634,PINDAMONHANGABA,SP
0.27039337474120084,PINDORAMA,SP
0.7949929145016533,ESPÍRITO SANTO DO PINHAL,SP
0.7546549835706462,PINHALZINHO,SP
0.43660531697341515,PIQUEROBI,SP
0.6176015745817517,PIQUETE,SP
0.7886140557518649,PIRACAIA,SP
0.2512640678519002,PIRACICABA,SP
0.6629553889267591,PIRAJU,SP
0.5663119115841179,PIRAJUÍ,SP
0.5306122448979592,PIRANGI,SP
0.40069348127600557,PIRAPORA DO BOM JESUS,SP
0.58796875,PIRAPOZINHO,SP
0.7819171924971907,PIRASSUNUNGA,SP
0.5820751686476068,PIRATININGA,SP
0.744737509510525,PITANGUEIRAS,SP
0.3973534971644612,PLANALTO,SP
0.6097427476737821,PLATINA,SP
0.6058152173913044,POÁ,SP
0.3003533568904594,POLONI,SP
0.53184165232358,POMPÉIA,SP
0.6599462365591398,PONGAÍ,SP
0.855715935334873,PONTAL,SP
0.4047470331043098,PONTES GESTAL,SP
0.568733153638814,POPULINA,SP
0.576194086429113,PORANGABA,SP
0.6580947331212442,PORTO FELIZ,SP
0.5225266712717783,PORTO FERREIRA,SP
0.6438411127457536,POTIRENDABA,SP
0.8175538882934381,PRADÓPOLIS,SP
0.45765549174124037,PRAIA GRANDE,SP
0.41149133924799325,PRESIDENTE ALVES,SP
0.5455492706162548,PRESIDENTE BERNARDES,SP
0.35427201167700567,PRESIDENTE EPITÁCIO,SP
0.5105506652235132,PRESIDENTE PRUDENTE,SP
0.22297650130548302,PRESIDENTE VENCESLAU,SP
0.5088934061745649,PROMISSÃO,SP
0.6703400503778337,QUATÁ,SP
0.5841874084919473,QUEIROZ,SP
0.7902995720399429,QUELUZ,SP
0.783367257923815,QUINTANA,SP
0.6992466679544137,RAFARD,SP
0.6400152535909496,RANCHARIA,SP
0.7335512872905599,REDENÇÃO DA SERRA,SP
0.7899805447470817,REGENTE FEIJÓ,SP
0.39352306182531893,REGINÓPOLIS,SP
0.8371534903133804,REGISTRO,SP
0.29705159705159706,RESTINGA,SP
0.8500259470679813,RIBEIRA,SP
0.43710457759583177,RIBEIRÃO BONITO,SP
0.7680336487907465,RIBEIRÃO BRANCO,SP
0.5024208566108007,RIBEIRÃO CORRENTE,SP
0.6334615384615384,RIBEIRÃO DO SUL,SP
0.430127112834675,RIBEIRÃO PIRES,SP
0.7796065788357351,RIBEIRÃO PRETO,SP
0.4349807220469681,RIVERSUL,SP
0.6423444976076556,RIFAINA,SP
0.5058284762697752,RINCÃO,SP
0.5760846560846561,RINÓPOLIS,SP
0.41482625297757986,RIO CLARO,SP
0.38890747307151935,RIO DAS PEDRAS,SP
0.20714416392242957,RIO GRANDE DA SERRA,SP
0.2592343854936199,RIOLÂNDIA,SP
0.661046511627907,ROSEIRA,SP
0.42770352369380316,RUBIÁCEA,SP
0.6784064665127021,RUBINÉIA,SP
0.8416401555319901,SABINO,SP
0.3617859487852922,SAGRES,SP
0.2185880829015544,SALES,SP
0.7959259951410951,SALES OLIVEIRA,SP
0.7950836604007436,SALESÓPOLIS,SP
0.5002050020500205,SALMOURÃO,SP
0.4911797236750839,SALTO,SP
0.7433125347501081,SALTO DE PIRAPORA,SP
0.7569291145450086,SALTO GRANDE,SP
0.7186570335741607,SANDOVALINA,SP
0.1608891241069066,SANTA ADÉLIA,SP
0.612924071082391,SANTA ALBERTINA,SP
0.45232419547079855,SANTA BÁRBARA D OESTE,SP
0.498943661971831,ÁGUAS DE SANTA BÁRBARA,SP
0.6888461538461539,SANTA BRANCA,SP
0.6477850399419027,SANTA CLARA D OESTE,SP
0.7258553486357731,SANTA CRUZ DA CONCEIÇÃO,SP
0.5491640691413998,SANTA CRUZ DAS PALMEIRAS,SP
0.7699859747545582,SANTA CRUZ DO RIO PARDO,SP
0.8330118489942133,SANTA ERNESTINA,SP
0.7512530523069014,SANTA FÉ DO SUL,SP
0.5321109912736542,SANTA GERTRUDES,SP
0.7537263800320801,SANTA ISABEL,SP
0.4441164065795023,SANTA LÚCIA,SP
0.6177633944624236,SANTA MARIA DA SERRA,SP
0.4431554524361949,SANTA MERCEDES,SP
0.5676937441643324,SANTANA DA PONTE PENSA,SP
0.5581985708913125,SANTANA DE PARNAÍBA,SP
0.7191780821917808,SANTA RITA D OESTE,SP
0.7734613380963012,SANTA RITA DO PASSA QUATRO,SP
0.8080217077927584,SANTA ROSA DE VITERBO,SP
0.5946742555137717,SANTO ANASTÁCIO,SP
0.3726805010399237,SANTO ANDRÉ,SP
0.8186593296648325,SANTO ANTÔNIO DA ALEGRIA,SP
0.8229262790936123,SANTO ANTÔNIO DE POSSE,SP
0.4266595289079229,SANTO ANTÔNIO DO JARDIM,SP
0.714963707426019,SANTO ANTÔNIO DO PINHAL,SP
0.5387114239306985,SANTO EXPEDITO,SP
0.5915157292659676,SANTÓPOLIS DO AGUAPEÍ,SP
0.28972881225906677,SANTOS,SP
0.7325140068678836,SÃO BENTO DO SAPUCAÍ,SP
0.6375125342415874,SÃO BERNARDO DO CAMPO,SP
0.41626531579866743,SÃO CAETANO DO SUL,SP
0.19484787837614528,SÃO CARLOS,SP
0.3030491599253267,SÃO FRANCISCO,SP
0.17179493019336325,SÃO JOÃO DA BOA VISTA,SP
0.48409669211195927,SÃO JOÃO DAS DUAS PONTES,SP
0.40934730056406127,SÃO JOÃO DO PAU D ALHO,SP
0.6548917985088197,SÃO JOAQUIM DA BARRA,SP
0.6342603412012152,SÃO JOSÉ DA BELA VISTA,SP
0.7014061207609594,SÃO JOSÉ DO BARREIRO,SP
0.23261126427727452,SÃO JOSÉ DO RIO PARDO,SP
0.5559081178738974,SÃO JOSÉ DO RIO PRETO,SP
0.66361030243704,SÃO JOSÉ DOS CAMPOS,SP
0.7821047751506722,SÃO LUÍS DO PARAITINGA,SP
0.7064706958589986,SÃO MANUEL,SP
0.7859527478171546,SÃO MIGUEL ARCANJO,SP
0.5146491018583791,SÃO PAULO,SP
0.6184908225696805,SÃO PEDRO,SP
0.6709837420777074,SÃO PEDRO DO TURVO,SP
0.5433139100552816,SÃO ROQUE,SP
0.4694938756644326,SÃO SEBASTIÃO,SP
0.47255713514486236,SÃO SEBASTIÃO DA GRAMA,SP
0.8417003520667623,SÃO SIMÃO,SP
0.2932615998521134,SÃO VICENTE,SP
0.8185242632395302,SARAPUÍ,SP
0.6632553606237817,SARUTAIÁ,SP
0.5207131620346094,SEBASTIANÓPOLIS DO SUL,SP
0.8072289156626506,SERRA AZUL,SP
0.6911713330338873,SERRANA,SP
0.7516205067766647,SERRA NEGRA,SP
0.5235823565585226,SERTÃOZINHO,SP
0.8373834632431606,SETE BARRAS,SP
0.5404620781420104,SEVERÍNIA,SP
0.8741740879057742,SILVEIRAS,SP
0.28285968028419184,SOCORRO,SP
0.6626565176568402,SOROCABA,SP
0.3469437652811736,SUD MENNUCCI,SP
0.6677582613873176,SUMARÉ,SP
0.5910848399409723,SUZANO,SP
0.5550592681669816,TABAPUÃ,SP
0.6826936594966961,TABATINGA,SP
0.4632554275493163,TABOÃO DA SERRA,SP
0.7088714205502527,TACIBA,SP
0.7677235482721767,TAGUAÍ,SP
0.6352117372457485,TAIAÇU,SP
0.66124308493329,TAIÚVA,SP
0.6471653685926463,TAMBAÚ,SP
0.3235382988366823,TANABI,SP
0.7601893242177229,TAPIRAÍ,SP
0.45841450621909186,TAPIRATIBA,SP
0.48075399968319343,TAQUARITINGA,SP
0.706272310045895,TAQUARITUBA,SP
0.7477648333784882,TARABAI,SP
0.6479863453488844,TATUÍ,SP
0.5979236703144134,TAUBATÉ,SP
0.6231075697211156,TEJUPÁ,SP
0.675520931105688,TEODORO SAMPAIO,SP
0.7290969899665551,TERRA ROXA,SP
0.513349026812884,TIETÊ,SP
0.7948870392390012,TIMBURI,SP
0.773966766084363,TORRINHA,SP
0.6878573831146989,TREMEMBÉ,SP
0.5529707639107199,TRÊS FRONTEIRAS,SP
0.5497174423772938,TUPÃ,SP
0.48754879526181183,TUPI PAULISTA,SP
0.2940630797773655,TURIÚBA,SP
0.5446265938069217,TURMALINA,SP
0.4748946281576193,UBATUBA,SP
0.37572254335260113,UBIRAJARA,SP
0.580139741689604,UCHOA,SP
0.42870285188592455,UNIÃO PAULISTA,SP
0.4216101694915254,URÂNIA,SP
0.3667679837892604,URU,SP
0.5329695316052752,URUPÊS,SP
0.4016672337529772,VALENTIM GENTIL,SP
0.7425688518623367,VALINHOS,SP
0.6592942595757515,VALPARAÍSO,SP
0.24336941466167342,VARGEM GRANDE DO SUL,SP
0.36122647001746555,VÁRZEA PAULISTA,SP
0.5754179680323351,VERA CRUZ,SP
0.7054263565891473,VINHEDO,SP
0.7918358141632837,VIRADOURO,SP
0.7318486882245272,VISTA ALEGRE DO ALTO,SP
0.5491474518600187,VOTORANTIM,SP
0.7974218920690409,VOTUPORANGA,SP
0.46194125767601274,VARGEM GRANDE PAULISTA,SP
0.39710144927536234,ABREULÂNDIA,TO
0.5350028457598178,PIRAQUÊ,TO
0.36629583848372477,RIACHINHO,TO
0.5858958589585895,DARCINÓPOLIS,TO
0.6121009651076467,PALMEIRAS DO TOCANTINS,TO
0.8513227513227514,MAURILÂNDIA DO TOCANTINS,TO
0.8894858019953953,CACHOEIRINHA,TO
0.6784313725490196,ANGICO,TO
0.7726872246696035,PALMEIRANTE,TO
0.4599447513812155,CAMPOS LINDOS,TO
0.956953642384106,SÃO FÉLIX DO TOCANTINS,TO
0.6874680306905371,LAGOA DO TOCANTINS,TO
0.5437832607643929,BOM JESUS DO TOCANTINS,TO
0.4713414634146341,SANTA MARIA DO TOCANTINS,TO
0.9021922428330523,NOVO ALEGRE,TO
0.8271604938271605,SANDOLÂNDIA,TO
0.8393574297188755,TAIPAS DO TOCANTINS,TO
0.6988879384088965,NOVO JARDIM,TO
0.49871849636907306,SÃO MIGUEL DO TOCANTINS,TO
0.6104053236539625,TABOCÃO,TO
0.7400881057268722,ITAPIRATINS,TO
0.28495440729483285,CENTENÁRIO,TO
0.27282913165266104,RECURSOLÂNDIA,TO
0.7296015180265655,TUPIRATINS,TO
0.3283346487766377,BRASILÂNDIA DO TOCANTINS,TO
0.6855345911949685,JUARINA,TO
0.8208888888888889,PAU D ARCO,TO
0.8349600709849158,MATEIROS,TO
0.8696835658387206,SÃO BENTO DO TOCANTINS,TO
0.5813377374071016,ESPERANTINA,TO
0.7601262493424513,CARIRI DO TOCANTINS,TO
0.5315666406858924,ARAGUANÃ,TO
0.7987332864180154,CARMOLÂNDIA,TO
0.6526468455402465,ARAGOMINAS,TO
0.41631504922644164,MURICILÂNDIA,TO
0.5385841836734694,SANTA FÉ DO ARAGUAIA,TO
0.8407407407407408,JAÚ DO TOCANTINS,TO
0.7804428044280443,SUCUPIRA,TO
0.5491239742736749,LAGOA DA CONFUSÃO,TO
0.8975050573162509,SÃO SALVADOR DO TOCANTINS,TO
0.41488779419813904,LAJEADO,TO
0.6928838951310862,RIO DOS BOIS,TO
0.5520987654320988,CARRASCO BONITO,TO
0.6256781193490054,RIO DA CONCEIÇÃO,TO
0.5085730187798485,PALMAS,TO
0.4676190476190476,TUPIRAMA,TO
0.7269076305220884,OLIVEIRA DE FÁTIMA,TO
0.3808025177025964,CHAPADA DE AREIA,TO
0.690075449796866,CHAPADA DA NATIVIDADE,TO
0.4711080897348742,TALISMÃ,TO
0.6377467105263158,AGUIARNÓPOLIS,TO
0.8208092485549133,LUZINÓPOLIS,TO
0.6648160999306038,SANTA TEREZINHA DO TOCANTINS,TO
0.7932454695222405,SANTA RITA DO TOCANTINS,TO
0.42752867570385816,CRIXÁS DO TOCANTINS,TO
0.25448504983388703,MONTE SANTO DO TOCANTINS,TO
0.9096826688364524,PUGMIL,TO
0.3850574712643678,BANDEIRANTES DO TOCANTINS,TO
0.7764705882352941,IPUEIRAS,TO
0.7373225152129818,LAVANDEIRA,TO
0.7453416149068323,BARRA DO OURO,TO
0.9010989010989011,GODOY MOREIRA,PR
0.7138657520823126,ABATIÁ,PR
0.417796110783736,IBEMA,PR
0.21040047818290497,ADRIANÓPOLIS,PR
0.6409604519774011,LINDOESTE,PR
0.738673805601318,AGUDOS DO SUL,PR
0.8136848341232228,OURO VERDE DO OESTE,PR
0.3966095292062143,ALMIRANTE TAMANDARÉ,PR
0.6168046928916494,SANTA TEREZA DO OESTE,PR
0.2061079751049356,ALTO PARANÁ,PR
0.3398109243697479,ANAHY,PR
0.6144477110457791,ALTO PIQUIRI,PR
0.740400216333153,ÂNGULO,PR
0.5998756734355574,ALVORADA DO SUL,PR
0.8297197250132206,BOA ESPERANÇA DO IGUAÇU,PR
0.20131530873218853,AMAPORÃ,PR
0.8877272727272727,BOM SUCESSO DO SUL,PR
0.5338463138192784,AMPÉRE,PR
0.8939880679210647,BRASILÂNDIA DO SUL,PR
0.5465938952900747,ANDIRÁ,PR
0.5343567251461988,CAFEZAL DO SUL,PR
0.5833937260585982,ANTONINA,PR
0.37448885371323043,CANDÓI,PR
0.6751093714022565,ANTONIO OLINTO,PR
0.6564102564102564,CRUZEIRO DO IGUAÇU,PR
0.38990403575654003,APUCARANA,PR
0.7767981438515081,DIAMANTE DO SUL,PR
0.6284684545031778,ARAPONGAS,PR
0.7794004611837049,ENTRE RIOS DO OESTE,PR
0.6576841417605749,ARAPOTI,PR
0.26737967914438504,FAROL,PR
0.7265571053721862,ARARUNA,PR
0.6586659430657654,FAZENDA RIO GRANDE,PR
0.6871405094494659,MARILÂNDIA DO SUL,PR
0.4658441167619621,FLOR DA SERRA DO SUL,PR
0.473029690657547,ARAUCÁRIA,PR
0.6275541795665635,HONÓRIO SERPA,PR
0.8593489612265304,ASSAÍ,PR
0.35196274118429804,IGUATU,PR
0.8486809357889498,ASTORGA,PR
0.708041958041958,IRACEMA DO OESTE,PR
0.5767215568862275,ATALAIA,PR
0.8646105593308939,NOVO ITACOLOMI,PR
0.6006403725804105,BALSA NOVA,PR
0.7347527686788332,ITAPERUÇU,PR
0.8149734452629775,BANDEIRANTES,PR
0.7591493570722058,IVATÉ,PR
0.583302617029119,BARBOSA FERRAZ,PR
0.8000865426222414,LIDIANÓPOLIS,PR
0.6800155520995335,BARRACÃO,PR
0.8315028127511385,MARIPÁ,PR
0.4182229767968308,BARRA DO JACARÉ,PR
0.6718894009216589,MATO RICO,PR
0.7898968082553396,BELA VISTA DO PARAÍSO,PR
0.9264392324093816,MAUÁ DA SERRA,PR
0.2591055786076533,BITURUNA,PR
0.710093896713615,MERCEDES,PR
0.4714489650249822,BOA ESPERANÇA,PR
0.42908201655379985,NOVA LARANJEIRAS,PR
0.48705125915342024,BOCAIÚVA DO SUL,PR
0.6862996158770807,NOVA SANTA BÁRBARA,PR
0.9104829210836278,BOM SUCESSO,PR
0.8021256642700844,PATO BRAGADO,PR
0.7636163175303198,BORRAZÓPOLIS,PR
0.7375145180023229,PINHAL DE SÃO BENTO,PR
0.8895274584929758,CAFEARA,PR
0.9572564612326043,PITANGUEIRAS,PR
0.7908467831085563,CALIFÓRNIA,PR
0.700110660272962,QUATRO PONTES,PR
0.8284706919347731,CAMBARÁ,PR
0.7931477516059957,RAMILÂNDIA,PR
0.4068735444073771,CAMBÉ,PR
0.36385397965290245,RANCHO ALEGRE D OESTE,PR
0.8125894134477826,CAMBIRA,PR
0.6516639388979815,RIO BONITO DO IGUAÇU,PR
0.2304748235856955,CAMPINA DA LAGOA,PR
0.782646420824295,SANTA LÚCIA,PR
0.5899240786364321,CAMPINA GRANDE DO SUL,PR
0.5427694668200997,CAMPO BONITO,PR
0.7592638036809816,CAMPO DO TENENTE,PR
0.714839619316179,SANTA MARIA DO OESTE,PR
0.370164669200039,CAMPO LARGO,PR
0.4145524174246051,SANTA MÔNICA,PR
0.5297013455858222,CAMPO MOURÃO,PR
0.7249814677538917,SÃO MANOEL DO PARANÁ,PR
0.8214426487977927,CÂNDIDO DE ABREU,PR
0.7885021097046413,SÃO PEDRO DO IGUAÇU,PR
0.3884320687721921,CAPANEMA,PR
0.3843861740166865,TUNAS DO PARANÁ,PR
0.586992281412122,CAPITÃO LEÔNIDAS MARQUES,PR
0.6333917104495038,VENTANIA,PR
0.5757997218358831,CARLÓPOLIS,PR
0.17113176599234553,ALTO PARAÍSO,PR
0.3657346946138028,CASCAVEL,PR
0.8105138105138106,DOUTOR ULYSSES,PR
0.654368932038835,CASTRO,PR
0.5775209246711838,VIRMOND,PR
0.7477310231023102,CATANDUVAS,PR
0.8137715179968701,LARANJAL,PR
0.8472751366572802,CENTENÁRIO DO SUL,PR
0.5618609406952966,ITAIPULÂNDIA,PR
0.6408059286706809,CERRO AZUL,PR
0.8277286135693215,NOVA ESPERANÇA DO SUDOESTE,PR
0.8547725089511833,CHOPINZINHO,PR
0.25732147069726685,PINHAIS,PR
0.3705305732662978,CIANORTE,PR
0.7472602739726028,SAUDADE DO IGUAÇU,PR
0.4762629336579428,CIDADE GAÚCHA,PR
0.8625154130702836,ARIRANHA DO IVAÍ,PR
0.5303228881210532,CLEVELÂNDIA,PR
0.8966376089663761,ARAPUÃ,PR
0.7295617700632165,MANGUEIRINHA,PR
0.4141331142152835,BELA VISTA DA CAROBA,PR
0.27901894123360854,COLOMBO,PR
0.5987496447854505,BOA VENTURA DE SÃO ROQUE,PR
0.7059129981766085,COLORADO,PR
0.8467289719626169,BOM JESUS DO SUL,PR
0.8507092997072732,CONGONHINHAS,PR
0.45078397212543553,CAMPINA DO SIMÃO,PR
0.5739588319770225,CONSELHEIRO MAIRINCK,PR
0.42808644530926554,CAMPO MAGRO,PR
0.6597325408618128,CONTENDA,PR
0.5659003831417625,CARAMBEÍ,PR
0.484160130386065,CORBÉLIA,PR
0.48407829389424484,CORONEL DOMINGOS SOARES,PR
0.7258280922431866,CORNÉLIO PROCÓPIO,PR
0.8546209761163032,CRUZMALTINA,PR
0.8078928370899174,CORONEL VIVIDA,PR
0.8707987778262767,CORUMBATAÍ DO SUL,PR
0.21486131934032984,CRUZEIRO DO OESTE,PR
0.8717201166180758,ESPERANÇA NOVA,PR
0.5635994587280109,CRUZEIRO DO SUL,PR
0.6843170320404722,ESPIGÃO ALTO DO IGUAÇU,PR
0.13688566994309365,CRUZ MACHADO,PR
0.7969982192826253,FERNANDES PINHEIRO,PR
0.32722552359567963,CURITIBA,PR
0.6740022379709064,FOZ DO JORDÃO,PR
0.6926260922888242,CURIÚVA,PR
0.3806398687448728,GOIOXIM,PR
0.20787818603111552,DIAMANTE DO NORTE,PR
0.7150858849887977,DIAMANTE D OESTE,PR
0.5719895287958116,DOIS VIZINHOS,PR
0.7954195111208985,GUAMIRANGA,PR
0.7330521241337752,DOUTOR CAMARGO,PR
0.6897106109324759,IMBAÚ,PR
0.769690927218345,ENÉAS MARQUES,PR
0.5687442713107241,MANFRINÓPOLIS,PR
0.6980751110512855,ENGENHEIRO BELTRÃO,PR
0.2902519167579409,MARQUINHO,PR
0.6794520547945205,FAXINAL,PR
0.5163978494623656,PEROBAL,PR
0.6170749279538905,FÊNIX,PR
0.3656017758903581,PONTAL DO PARANÁ,PR
0.7852619458837076,FLORAÍ,PR
0.546826453617399,PORTO BARREIRO,PR
0.792263250439588,FLORESTA,PR
0.8463508322663252,PRADO FERREIRA,PR
0.8288730300327088,FLORESTÓPOLIS,PR
0.5084745762711864,QUARTO CENTENÁRIO,PR
0.8801628853984875,FLÓRIDA,PR
0.3527858463163454,RESERVA DO IGUAÇU,PR
0.6173518164435946,FORMOSA DO OESTE,PR
0.9029424681598595,RIO BRANCO DO IVAÍ,PR
0.39583316854785766,FOZ DO IGUAÇU,PR
0.6255384615384615,SERRANÓPOLIS DO IGUAÇU,PR
0.6054154512091842,FRANCISCO BELTRÃO,PR
0.63014450338394,TAMARANA,PR
0.36006415396952685,GENERAL CARNEIRO,PR
0.46253095269125505,GOIOERÊ,PR
0.48376364120308757,GUAÍRA,PR
0.6572300860394116,GUAIRAÇÁ,PR
0.6602157360406091,ROSÁRIO DO IVAÍ,PR
0.7435691318327974,GUAPIRAMA,PR
0.7125,NOVA TEBAS,PR
0.26648721399730824,GUAPOREMA,PR
0.7600749765698219,SULINA,PR
0.9491736825693795,GUARACI,PR
0.4841795437821928,LUIZIANA,PR
0.5520039955050569,GUARANIAÇU,PR
0.13793188640322163,GUARAPUAVA,PR
0.4786860581745236,GUARAQUEÇABA,PR
0.3042936374400199,GUARATUBA,PR
0.5944164691943128,IBAITI,PR
0.5241746271158035,IBIPORÃ,PR
0.4192867693606246,ICARAÍMA,PR
0.5623529411764706,IGUARAÇU,PR
0.3196132069470068,IMBITUVA,PR
0.6758608874421792,INÁCIO MARTINS,PR
0.42794520547945203,INAJÁ,PR
0.7116115029842648,IPIRANGA,PR
0.7070382279385495,IPORÃ,PR
0.6096395140410277,IRATI,PR
0.7009328699469545,IRETAMA,PR
0.51252408477842,ITAGUAJÉ,PR
0.8623878923766816,ITAMBARACÁ,PR
0.5302860347728547,ITAMBÉ,PR
0.751229573219102,ITAPEJARA D OESTE,PR
0.41110545084055017,ITAÚNA DO SUL,PR
0.42715777899945023,IVAÍ,PR
0.6640700483091787,IVAIPORÃ,PR
0.6790434235368156,IVATUBA,PR
0.23085460599334073,JABOTI,PR
0.6279863481228669,JACAREZINHO,PR
0.8511094108645754,JAGUAPITÃ,PR
0.475315526856472,JAGUARIAÍVA,PR
0.7523254721413135,JANDAIA DO SUL,PR
0.31526315789473686,JANIÓPOLIS,PR
0.5510204081632653,JAPIRA,PR
0.5530657975147688,JAPURÁ,PR
0.731914185930484,JARDIM ALEGRE,PR
0.3333333333333333,JARDIM OLINDA,PR
0.7195711265478707,JATAIZINHO,PR
0.6886459802538787,JOAQUIM TÁVORA,PR
0.6951357466063348,JUNDIAÍ DO SUL,PR
0.7739064089521872,JUSSARA,PR
0.7077385424492862,KALORÉ,PR
0.6004092246046293,LAPA,PR
0.41299057839895176,LARANJEIRAS DO SUL,PR
0.8123476848090982,LEÓPOLIS,PR
0.37531462664305026,LOANDA,PR
0.8809780654440849,LOBATO,PR
0.3972490772787065,LONDRINA,PR
0.7339883551673945,LUPIONÓPOLIS,PR
0.5469803921568628,MALLET,PR
0.618726494618078,MAMBORÊ,PR
0.5564735705567553,MANDAGUAÇU,PR
0.6666285125622389,MANDAGUARI,PR
0.6642322921249451,MANDIRITUBA,PR
0.7995440946003705,MANOEL RIBAS,PR
0.7614394928211822,MARECHAL CÂNDIDO RONDON,PR
0.5111940298507462,MARIA HELENA,PR
0.73202216066482,MARIALVA,PR
0.28252461322081573,MARILUZ,PR
0.5770457790469391,MARINGÁ,PR
0.8919896640826873,MARIÓPOLIS,PR
0.5923558570310462,MARMELEIRO,PR
0.896611945511701,MARUMBI,PR
0.6614191193246635,MATELÂNDIA,PR
0.6107198923525454,MEDIANEIRA,PR
0.362357669122572,MIRADOR,PR
0.8793584379358438,MIRASELVA,PR
0.501694415794902,MOREIRA SALES,PR
0.659051909051909,MORRETES,PR
0.8136850783182193,MUNHOZ DE MELO,PR
0.8603401969561325,NOSSA SENHORA DAS GRAÇAS,PR
0.4486434108527132,NOVA ALIANÇA DO IVAÍ,PR
0.8317460317460318,NOVA AMÉRICA DA COLINA,PR
0.36040856031128404,NOVA CANTU,PR
0.3158310020801951,NOVA ESPERANÇA,PR
0.7598123920019748,NOVA FÁTIMA,PR
0.3446768654386513,NOVA LONDRINA,PR
0.7265343793262575,ORTIGUEIRA,PR
0.3873045078196872,OURIZONA,PR
0.6211148931421238,PAIÇANDU,PR
0.5591293572544582,PALMAS,PR
0.5262448773367765,PALMEIRA,PR
0.722960932145305,PALMITAL,PR
0.7033199002110919,PALOTINA,PR
0.35420928402832413,PARAÍSO DO NORTE,PR
0.596607364501448,PARANACITY,PR
0.2606630700419606,PARANAGUÁ,PR
0.32177894048397643,PARANAPOEMA,PR
0.23933348979112884,PARANAVAÍ,PR
0.7906319090955833,PATO BRANCO,PR
0.5084409136047666,PAULA FREITAS,PR
0.5495772482705611,PAULO FRONTIN,PR
0.4528414162451651,PEABIRU,PR
0.48360655737704916,PÉROLA D OESTE,PR
0.8252123379526151,PIÊN,PR
0.4148687288796465,PINHALÃO,PR
0.23314755838641188,PINHÃO,PR
0.510257672739209,PIRAÍ DO SUL,PR
0.35845083562118507,PIRAQUARA,PR
0.6708085303126625,PITANGA,PR
0.42926186291739893,PLANALTINA DO PARANÁ,PR
0.4057782404997397,PLANALTO,PR
0.365886382747193,PONTA GROSSA,PR
0.7264730522200503,PORECATU,PR
0.847970173985087,PORTO AMAZONAS,PR
0.4528196538246789,PORTO RICO,PR
0.3423743886171632,PORTO VITÓRIA,PR
0.6804355989485542,PRESIDENTE CASTELO BRANCO,PR
0.6517980636237898,PRIMEIRO DE MAIO,PR
0.6473995366301829,PRUDENTÓPOLIS,PR
0.3134264232008593,QUATIGUÁ,PR
0.4447083118224058,QUATRO BARRAS,PR
0.36075836165265607,QUERÊNCIA DO NORTE,PR
0.4448073154800784,QUINTA DO SOL,PR
0.8608236071349923,QUITANDINHA,PR
0.4746215494211932,RANCHO ALEGRE,PR
0.5368502715283165,REALEZA,PR
0.48187968108238705,REBOUÇAS,PR
0.4988801791713326,RENASCENÇA,PR
0.7861900022965628,RESERVA,PR
0.6157391601229089,RIBEIRÃO CLARO,PR
0.6891374742419782,RIBEIRÃO DO PINHAL,PR
0.5347808048679298,RIO AZUL,PR
0.8074866310160428,RIO BOM,PR
0.544534044746256,RIO BRANCO DO SUL,PR
0.7130985358132172,RIO NEGRO,PR
0.6050268689204816,ROLÂNDIA,PR
0.7057787174066243,RONCADOR,PR
0.5102588686481304,RONDON,PR
0.8967449306296692,SABÁUDIA,PR
0.44473585612588984,SALGADO FILHO,PR
0.4670310898530919,SALTO DO ITARARÉ,PR
0.6722430406852249,SALTO DO LONTRA,PR
0.8839981659789088,SANTA AMÉLIA,PR
0.9330637915543576,SANTA CECÍLIA DO PAVÃO,PR
0.6356716724953714,SANTA CRUZ DE MONTE CASTELO,PR
0.8495212038303693,SANTA FÉ,PR
0.30096308186195825,SANTA INÊS,PR
0.40957558017980344,SANTA ISABEL DO IVAÍ,PR
0.7934079798139094,SANTA IZABEL DO OESTE,PR
0.8822792736380713,SANTA MARIANA,PR
0.599594868332208,SANTANA DO ITARARÉ,PR
0.7318350633273022,SANTO ANTÔNIO DO SUDOESTE,PR
0.38097516882012017,SANTO ANTÔNIO DA PLATINA,PR
0.5218404193360513,SANTO ANTONIO DO CAIUÁ,PR
0.7966417910447762,SANTO ANTÔNIO DO PARAÍSO,PR
0.8005010961478234,SANTO INÁCIO,PR
1.3411764705882352,SÃO CARLOS DO IVAÍ,PR
0.7654015887025596,SÃO JERÔNIMO DA SERRA,PR
0.7157077779652438,SÃO JOÃO,PR
0.34917161613004066,SÃO JOÃO DO CAIUÁ,PR
0.7401300142698589,SÃO JOÃO DO IVAÍ,PR
0.5947084375411347,SÃO JOÃO DO TRIUNFO,PR
0.6035046035046036,SÃO JORGE DO IVAÍ,PR
0.570072094250044,SÃO JORGE D OESTE,PR
0.8468098547062539,SÃO JOSÉ DA BOA VISTA,PR
0.6874281679965849,SÃO JOSÉ DOS PINHAIS,PR
0.4499467765076133,SÃO MATEUS DO SUL,PR
0.6545675347456483,SÃO MIGUEL DO IGUAÇU,PR
0.7814009661835749,SÃO PEDRO DO IVAÍ,PR
0.4068485200232153,SÃO PEDRO DO PARANÁ,PR
0.8575413428969915,SÃO SEBASTIÃO DA AMOREIRA,PR
0.5263622974963181,SÃO TOMÉ,PR
0.6434108527131783,SAPOPEMA,PR
0.46994594594594596,SENGÉS,PR
0.811598384304674,SERTANEJA,PR
0.7884737175427485,SERTANÓPOLIS,PR
0.7306258583480478,SIQUEIRA CAMPOS,PR
0.3576017130620985,TAMBOARA,PR
0.3725122042808862,TAPEJARA,PR
0.603684903177289,TEIXEIRA SOARES,PR
0.715432525951557,TELÊMACO BORBA,PR
0.5426871137560082,TERRA BOA,PR
0.2823238566131026,TERRA RICA,PR
0.707132361252402,TERRA ROXA,PR
0.7058286872782564,TIBAGI,PR
0.8083088431739247,TIJUCAS DO SUL,PR
0.8136830273510678,TOLEDO,PR
0.5955898566703418,TOMAZINA,PR
0.2612555485098288,TUNEIRAS DO OESTE,PR
0.2246079006961335,UBIRATÃ,PR
0.6326334225062068,UMUARAMA,PR
0.13921506816928048,UNIÃO DA VITÓRIA,PR
0.7915389331698345,UNIFLOR,PR
0.8038736695166637,URAÍ,PR
0.452364078161385,WENCESLAU BRAZ,PR
0.7009682931460034,VERÊ,PR
0.7592323349810992,VITORINO,PR
0.5036694754009242,XAMBRÊ,PR
0.4737322978529009,ALTÔNIA,PR
0.8639689071787837,ASSIS CHATEAUBRIAND,PR
0.5008704623122058,QUEDAS DO IGUAÇU,PR
0.5333981841763943,CÉU AZUL,PR
0.7331226659006033,GRANDES RIOS,PR
0.7458785685564938,INDIANÓPOLIS,PR
0.45976936181365485,MATINHOS,PR
0.29056936883919376,NOVA AURORA,PR
0.6217690982194142,NOVA OLÍMPIA,PR
0.6864507376632186,PÉROLA,PR
0.6990793201133144,SANTA HELENA,PR
0.4848571428571429,TAPIRA,PR
0.46434697378093603,MARILENA,PR
0.7577104751319811,FRANCISCO ALVES,PR
0.8822371012209531,NOVA SANTA ROSA,PR
0.7567326953038059,BOA VISTA DA APARECIDA,PR
0.6109546165884194,BRAGANEY,PR
0.4826751592356688,CAFELÂNDIA,PR
0.4584769664681918,TRÊS BARRAS DO PARANÁ,PR
0.33891992551210426,VERA CRUZ DO OESTE,PR
0.4983922829581994,PRANCHITA,PR
0.868230277185501,TUPÃSSI,PR
0.6710421002080998,NOVA PRATA DO IGUAÇU,PR
0.7703358963982193,JESUÍTAS,PR
0.5144343302990897,SÃO JORGE DO PATROCÍNIO,PR
0.6161018876506709,MONTE CARLO,SC
0.6079326923076923,ABELARDO LUZ,SC
0.6747870865517924,IPORÃ DO OESTE,SC
0.35981124655918206,AGROLÂNDIA,SC
0.6244360902255639,LINDÓIA DO SUL,SC
0.4505785123966942,AGRONÔMICA,SC
0.5438375853395616,APIÚNA,SC
0.7108335595981536,ÁGUA DOCE,SC
0.47643707923355777,DOUTOR PEDRINHO,SC
0.6965317919075145,ÁGUAS DE CHAPECÓ,SC
0.4416484318016047,JOSÉ BOITEUX,SC
0.8794571580627993,ÁGUAS MORNAS,SC
0.3797709923664122,VITOR MEIRELES,SC
0.4586051179126944,ALFREDO WAGNER,SC
0.7443850267379679,UNIÃO DO OESTE,SC
0.4437627811860941,ANCHIETA,SC
0.9113110539845758,URUPEMA,SC
0.6358126721763085,ANGELINA,SC
0.8530399104811638,IRACEMINHA,SC
0.6611551528878822,ANITA GARIBALDI,SC
0.4525025536261491,TIMBÓ GRANDE,SC
0.9391217564870259,ANITÁPOLIS,SC
0.7712019524100061,ABDON BATISTA,SC
0.6947198057859599,ANTÔNIO CARLOS,SC
0.8002148227712137,SANTA ROSA DO SUL,SC
0.5342799188640973,ARAQUARI,SC
0.7927429274292743,CELSO RAMOS,SC
0.7492829128373236,ARARANGUÁ,SC
0.6988011988011988,SERRA ALTA,SC
0.7491304347826087,ARMAZÉM,SC
0.5129814199581642,COCAL DO SUL,SC
0.6911890504704876,ARROIO TRINTA,SC
0.6791318864774625,NOVA ITABERABA,SC
0.3974459212926766,ASCURRA,SC
0.4108361774744027,SANTA TEREZINHA,SC
0.5295508274231678,ATALANTA,SC
0.34134897360703814,MIRIM DOCE,SC
0.32716593245227604,AURORA,SC
0.8248719142990218,CERRO NEGRO,SC
0.627888720825595,BALNEÁRIO CAMBORIÚ,SC
0.6531684698608965,PASSO DE TORRES,SC
0.5850935144691541,BARRA VELHA,SC
0.32397408207343414,BRAÇO DO TROMBUDO,SC
0.6440834410190143,BENEDITO NOVO,SC
0.602776294714362,SUL BRASIL,SC
0.5803463992707384,BIGUAÇU,SC
0.845545598313126,VARGEM,SC
0.45042582273157394,BLUMENAU,SC
0.7665603967410556,ARABUTÃ,SC
0.6263314870046869,BOM RETIRO,SC
0.6660949113779302,ÁGUAS FRIAS,SC
0.15152629643251195,BOTUVERÁ,SC
0.628003314001657,GUATAMBÚ,SC
0.7465059084637994,BRAÇO DO NORTE,SC
0.7185816876122083,PLANALTO ALEGRE,SC
0.33986346670792317,BRUSQUE,SC
0.8014134275618374,RIQUEZA,SC
0.40484118852459017,CAÇADOR,SC
0.7897111913357401,LAJEADO GRANDE,SC
0.770406691664263,CAIBI,SC
0.8544226044226044,RIO RUFINO,SC
0.6915509982910258,CAMBORIÚ,SC
0.6012631578947368,PASSOS MAIA,SC
0.8829321663019694,CAMPO ALEGRE,SC
0.7371568360967654,SÃO JOÃO DO OESTE,SC
0.8596736596736597,CAMPO BELO DO SUL,SC
0.4810981098109811,CALMON,SC
0.43161937273309153,CAMPO ERÊ,SC
0.5061728395061729,BALNEÁRIO BARRA DO SUL,SC
0.7274703434569282,CAMPOS NOVOS,SC
0.5774424146147736,PARAÍSO,SC
0.4881565396498455,CANELINHA,SC
0.6957779063042221,SANTA HELENA,SC
0.5094266619767851,CANOINHAS,SC
0.6497668997668997,BELMONTE,SC
0.7654663857498564,CAPINZAL,SC
0.47062423500611994,NOVO HORIZONTE,SC
0.7959839357429719,CATANDUVAS,SC
0.7156783103168156,SÃO MIGUEL DA BOA VISTA,SC
0.5834115805946792,CAXAMBU DO SUL,SC
0.7251019219569016,ARVOREDO,SC
0.5245041202534266,CHAPECÓ,SC
0.6176557425450251,IPUAÇU,SC
0.6340385829148487,CONCÓRDIA,SC
0.667723525681674,OURO VERDE,SC
0.5619774627408215,CORONEL FREITAS,SC
0.5543478260869565,IRATI,SC
0.7223449889509944,CORUPÁ,SC
0.5612980769230769,FORMOSA DO SUL,SC
0.515195650063113,CRICIÚMA,SC
0.5953923686105111,MACIEIRA,SC
0.884489477786438,CUNHA PORÃ,SC
0.6740209597352455,PONTE ALTA DO NORTE,SC
0.7498093474234666,CURITIBANOS,SC
0.5210622710622711,SÃO CRISTÓVÃO DO SUL,SC
0.5636152055857254,DESCANSO,SC
0.6939058171745153,VARGEM BONITA,SC
0.33311152515304765,DIONÍSIO CERQUEIRA,SC
0.5877495871490768,BOMBINHAS,SC
0.3400828347906121,DONA EMMA,SC
0.8148939960805274,SANGÃO,SC
0.811529933481153,ERVAL VELHO,SC
0.7096397448567064,CAPIVARI DE BAIXO,SC
0.6832601268911664,FAXINAL DOS GUEDES,SC
0.7300704486466444,CORDILHEIRA ALTA,SC
0.5132516401320463,FLORIANÓPOLIS,SC
0.7189230185817217,FORQUILHINHA,SC
0.6969796239271441,FRAIBURGO,SC
0.9281518300948938,MORRO GRANDE,SC
0.6470891293147862,GALVÃO,SC
0.4380327868852459,CORONEL MARTINS,SC
0.735226984529546,GOVERNADOR CELSO RAMOS,SC
0.7649475125513464,SÃO JOÃO DO ITAPERIÚ,SC
0.7920286152273889,GAROPABA,SC
0.7204206836108676,JARDINÓPOLIS,SC
0.6066810344827587,GARUVA,SC
0.8360819590204898,ERMO,SC
0.41999775221968305,GASPAR,SC
0.7649484536082474,SÃO PEDRO DE ALCÂNTARA,SC
0.880648899188876,GRÃO-PARÁ,SC
0.7236363636363636,SANTIAGO DO SUL,SC
0.883410138248848,GRAVATAL,SC
0.6254711900915455,BELA VISTA DO TOLDO,SC
0.44018455454245853,GUABIRUBA,SC
0.800561797752809,CAPÃO ALTO,SC
0.4362722704431247,GUARACIABA,SC
0.8719912472647703,PAINEL,SC
0.6048204870700477,GUARAMIRIM,SC
0.8942509441879983,BOCAINA DO SUL,SC
0.5422222222222223,GUARUJÁ DO SUL,SC
0.7542134831460674,ALTO BELA VISTA,SC
0.8528717545239969,HERVAL D OESTE,SC
0.7468827930174564,FREI ROGÉRIO,SC
0.8622425629290618,IBICARÉ,SC
0.7587131367292225,TREVISO,SC
0.33190376569037655,IBIRAMA,SC
0.8523761375126391,IOMERÊ,SC
0.6118094798754469,IÇARA,SC
0.7385241138872748,BOM JESUS,SC
0.5521023765996343,ILHOTA,SC
0.7614814814814815,IBIAM,SC
0.7083198446099062,IMARUÍ,SC
0.7382087970323264,ENTRE RIOS,SC
0.6718068082630201,IMBITUBA,SC
0.651685393258427,PAIAL,SC
0.3584123222748815,IMBUIA,SC
0.7485590778097982,BOM JESUS DO OESTE,SC
0.3459979529170931,INDAIAL,SC
0.5862844294547499,SÃO BERNARDINO,SC
0.5208649468892261,IPIRA,SC
0.6399095534200113,SANTA TEREZINHA DO PROGRESSO,SC
0.5953477102011147,IPUMIRIM,SC
0.6051578479324144,SALTINHO,SC
0.7324665090622537,IRANI,SC
0.6744696415508412,JUPIÁ,SC
0.5982996811902231,IRINEÓPOLIS,SC
0.8246305418719212,PALMEIRA,SC
0.7477752351894228,ITÁ,SC
0.4855,BANDEIRANTE,SC
0.7564381011479988,ITAIÓPOLIS,SC
0.7215302491103203,FLOR DO SERTÃO,SC
0.6399474537150714,ITAJAÍ,SC
0.8332052267486548,CUNHATAÍ,SC
0.5315139701104613,ITAPEMA,SC
0.6465798045602605,PRINCESA,SC
0.6234065800655578,ITAPIRANGA,SC
0.6936357481381178,ITAPOÁ,SC
0.2787078519217166,ITUPORANGA,SC
0.8556776556776556,TIGRINHOS,SC
0.8695019992729917,JABORÁ,SC
0.23181324647122692,CHAPADÃO DO LAGEADO,SC
0.7800280417510516,JACINTO MACHADO,SC
0.75642965204236,BALNEÁRIO ARROIO DO SILVA,SC
0.7091248832139521,JAGUARUNA,SC
0.7720840480274442,BALNEÁRIO GAIVOTA,SC
0.49481993093241244,JARAGUÁ DO SUL,SC
0.6611271676300579,BARRA BONITA,SC
0.807563811305626,JOAÇABA,SC
0.8550512445095169,BRUNÓPOLIS,SC
0.3507668312971146,JOINVILLE,SC
0.8289143176109406,LUZERNA,SC
0.8310439560439561,LACERDÓPOLIS,SC
0.6777954425013248,ZORTÉA,SC
0.8653456895500549,LAGES,SC
0.723009864647855,LAGUNA,SC
0.4411610878661088,LAURENTINO,SC
0.7730893701767488,LAURO MÜLLER,SC
0.5492828245678558,LEBON RÉGIS,SC
0.33133817870884996,LEOBERTO LEAL,SC
0.46853536291071096,LONTRAS,SC
0.48854573222467335,LUIZ ALVES,SC
0.7368962787015043,MAFRA,SC
0.5677290836653387,MAJOR GERCINO,SC
0.7664251207729469,MAJOR VIEIRA,SC
0.8370728613335447,MARAVILHA,SC
0.8320754716981132,MAREMA,SC
0.528164596662903,MASSARANDUBA,SC
0.5562091503267974,MATOS COSTA,SC
0.8119114877589454,MELEIRO,SC
0.8256242325010233,MODELO,SC
0.6878765060240963,MONDAÍ,SC
0.586902334013143,MONTE CASTELO,SC
0.7287989668532071,MORRO DA FUMAÇA,SC
0.4456543337439892,NAVEGANTES,SC
0.6160911094783248,NOVA ERECHIM,SC
0.5253995885424909,NOVA TRENTO,SC
0.6248043347381096,NOVA VENEZA,SC
0.7630942788074134,ORLEANS,SC
0.7560860316709997,OURO,SC
0.5953985127514099,PALHOÇA,SC
0.6691288843606724,PALMA SOLA,SC
0.7928504890544946,PALMITOS,SC
0.7664088628762542,PAPANDUVA,SC
0.7173469387755103,PAULO LOPES,SC
0.8780912574016022,PEDRAS GRANDES,SC
0.44974964234620884,PENHA,SC
0.7831655992680695,PERITIBA,SC
0.44596406543309197,PETROLÂNDIA,SC
0.43937680613142355,BALNEÁRIO PIÇARRAS,SC
0.6932270916334662,PINHALZINHO,SC
0.8537486800422387,PINHEIRO PRETO,SC
0.7147107438016529,PIRATUBA,SC
0.3663233318405732,POMERODE,SC
0.5535179640718563,PONTE ALTA,SC
0.6631064446053584,PONTE SERRADA,SC
0.4615829836492548,PORTO BELO,SC
0.7782014837412466,PORTO UNIÃO,SC
0.5246921932079556,POUSO REDONDO,SC
0.7053115423901941,PRAIA GRANDE,SC
0.8166526492851135,PRESIDENTE CASTELLO BRANCO,SC
0.442394578313253,PRESIDENTE GETÚLIO,SC
0.48557353976073186,PRESIDENTE NEREU,SC
0.5964267824344632,QUILOMBO,SC
0.7873806998939554,RANCHO QUEIMADO,SC
0.8417704744235357,RIO DAS ANTAS,SC
0.42389357892044,RIO DO CAMPO,SC
0.17915151515151514,RIO DO OESTE,SC
0.5609228550829127,RIO DOS CEDROS,SC
0.41889207680423746,RIO DO SUL,SC
0.8696011004126547,RIO FORTUNA,SC
0.8297084683017122,RIO NEGRINHO,SC
0.4585051084423732,RODEIO,SC
0.625938566552901,ROMELÂNDIA,SC
0.42916463116756226,SALETE,SC
0.8443670150987224,SALTO VELOSO,SC
0.6070203219846926,SANTA CECÍLIA,SC
0.8734587929915639,SANTA ROSA DE LIMA,SC
0.6156142150918757,SANTO AMARO DA IMPERATRIZ,SC
0.7885845208721487,SÃO BENTO DO SUL,SC
0.9353555445052213,SÃO BONIFÁCIO,SC
0.6368211001214645,SÃO CARLOS,SC
0.5663358314766053,SÃO DOMINGOS,SC
0.4809749697214372,SÃO FRANCISCO DO SUL,SC
0.313870391424395,SÃO JOÃO BATISTA,SC
0.8493874102239122,SÃO JOÃO DO SUL,SC
0.8968217761557178,SÃO JOAQUIM,SC
0.5588934587864105,SÃO JOSÉ,SC
0.7259909550412343,SÃO JOSÉ DO CEDRO,SC
0.8495135993647012,SÃO JOSÉ DO CERRITO,SC
0.4903112669881631,SÃO LOURENÇO DO OESTE,SC
0.8213989034723376,SÃO LUDGERO,SC
0.9503080082135523,SÃO MARTINHO,SC
0.5274459238987421,SÃO MIGUEL DO OESTE,SC
0.6441071428571429,SAUDADES,SC
0.4903795466526094,SCHROEDER,SC
0.6880743525480367,SEARA,SC
0.6765197992191857,SIDERÓPOLIS,SC
0.7293603832065371,SOMBRIO,SC
0.4415612266781042,TAIÓ,SC
0.8254593175853019,TANGARÁ,SC
0.5369458128078818,TIJUCAS,SC
0.5763433141919606,TIMBÓ,SC
0.5438155136268343,TRÊS BARRAS,SC
0.8638487208008899,TREZE DE MAIO,SC
0.900687757909216,TREZE TÍLIAS,SC
0.5084033613445378,TROMBUDO CENTRAL,SC
0.73259506391189,TUBARÃO,SC
0.7330316742081447,TUNÁPOLIS,SC
0.8629895649817049,TURVO,SC
0.7834039276087794,URUBICI,SC
0.7421889793599697,URUSSANGA,SC
0.7149276085871193,VARGEÃO,SC
0.3251821019771072,VIDAL RAMOS,SC
0.7677673730901922,VIDEIRA,SC
0.3775241439859526,WITMARSUM,SC
0.7694385816800338,XANXERÊ,SC
0.5813136635054443,XAVANTINA,SC
0.7183167968475125,XAXIM,SC
0.8126947040498442,BOM JARDIM DA SERRA,SC
0.5986607142857143,BALNEÁRIO RINCÃO,SC
0.6976521322472449,MARACAJÁ,SC
0.8406909788867563,PESCARIA BRAVA,SC
0.8841227286267501,TIMBÉ DO SUL,SC
0.675729115175482,CORREIA PINTO,SC
0.5805282842449743,OTACÍLIO COSTA,SC
0.4452885081622757,CANTAGALO,PR
0.6598735973171675,TURVO,PR
0.3309031996759822,ALTAMIRA DO PARANÁ,PR
0.5806803314435238,FIGUEIRA,PR
0.7582300884955753,LUNARDELLI,PR
0.6010818120351589,SARANDI,PR
0.5943830570902394,JURANDA,PR
0.6003670566643725,DOURADINA,PR
0.6561229468206212,SANTA TEREZINHA DE ITAIPU,PR
0.8450571831427228,MISSAL,PR
0.933841218925421,SÃO JOSÉ DAS PALMEIRAS,PR
0.5026041666666666,ÁUREA,RS
0.5473897617840852,TRÊS ARROIOS,RS
0.5810936051899908,NOVA ROMA DO SUL,RS
0.6601678851881939,PROGRESSO,RS
0.4900193174500966,PIRAPÓ,RS
0.5345827755466309,JABOTICABA,RS
0.7274176408076515,SÃO JORGE,RS
0.6987281399046105,ALTO ALEGRE,RS
0.6593548387096774,NOVA HARTZ,RS
0.49389946315275746,DOIS LAJEADOS,RS
0.4913649025069638,SÃO DOMINGOS DO SUL,RS
0.6704675028506272,TUNAS,RS
0.7824414130814971,SÃO JOÃO DA URTIGA,RS
0.6510359869138496,GUABIJU,RS
0.6631701631701632,QUINZE DE NOVEMBRO,RS
0.5642424242424242,DOUTOR MAURÍCIO CARDOSO,RS
0.3936301249340137,CAPELA DE SANTANA,RS
0.6159882295242766,JAQUIRANA,RS
0.8485074626865672,VANINI,RS
0.7641233400855278,BOQUEIRÃO DO LEÃO,RS
0.7122260668973471,FAGUNDES VARELA,RS
0.5660218671152228,ÁGUA SANTA,RS
0.5600976205003051,SILVEIRA MARTINS,RS
0.5836876691148047,IBIRAPUITÃ,RS
0.8387329013678906,IBARAMA,RS
0.6420909245700664,PANTANO GRANDE,RS
0.8586206896551725,IPÊ,RS
0.5206563140931731,TRINDADE DO SUL,RS
0.6257791864764923,AGUDO,RS
0.49279093717816685,ERNESTINA,RS
0.3074912891986063,AJURICABA,RS
0.6286366229321164,DEZESSEIS DE NOVEMBRO,RS
1.0171990171990173,ALECRIM,RS
0.7771607080874696,BROCHIER,RS
0.48065976877735334,ALEGRETE,RS
0.6476868327402135,EREBANGO,RS
0.6052369077306733,ALPESTRE,RS
0.5432258064516129,ENTRE-IJUÍS,RS
0.4720219000988881,ALVORADA,RS
0.30263620386643236,NOVA ESPERANÇA DO SUL,RS
0.8045152722443559,ANTA GORDA,RS
0.6470172129214807,PAVERAMA,RS
1.0188679245283019,ANTÔNIO PRADO,RS
0.7765538945712038,TERRA DE AREIA,RS
0.3638064063595978,ARATIBA,RS
0.5742681604625949,HARMONIA,RS
0.675685234305924,ARROIO DO MEIO,RS
0.8240656335460347,CAMPOS BORGES,RS
0.5180063820088132,ARROIO DOS RATOS,RS
0.4862565445026178,CERRO GRANDE,RS
0.82336850332161,ARROIO DO TIGRE,RS
0.6691678035470668,IPIRANGA DO SUL,RS
0.6453023963484215,ARROIO GRANDE,RS
0.6443255421008167,LAGOÃO,RS
0.7393831745519135,ARVOREZINHA,RS
0.5615650172612198,ESTAÇÃO,RS
0.3316427783902977,AUGUSTO PESTANA,RS
0.5424242424242425,ARROIO DO SAL,RS
0.7710330693344449,BAGÉ,RS
0.631477184841454,SÃO JOSÉ DO HORTÊNCIO,RS
0.5254041570438799,BARÃO DE COTEGIPE,RS
0.6924034869240349,PINHAL,RS
0.7582304526748971,BARRACÃO,RS
0.73424,TRÊS CACHOEIRAS,RS
0.48807394156231365,BARRA DO RIBEIRO,RS
0.6161879895561357,SÃO VENDELINO,RS
0.7753671562082777,BARROS CASSAL,RS
0.6587982832618026,PROTÁSIO ALVES,RS
0.33112251763846434,BENTO GONÇALVES,RS
0.3969465648854962,POUSO NOVO,RS
0.6549883990719257,BOA VISTA DO BURICÁ,RS
0.5773881499395405,EUGÊNIO DE CASTRO,RS
0.6087114999088755,BOM JESUS,RS
0.4623483634699016,CRISTAL,RS
0.4398569086301982,BOM RETIRO DO SUL,RS
0.4201930215293244,SÃO MIGUEL DAS MISSÕES,RS
0.31349985966881844,BOSSOROCA,RS
0.6289091356808668,GLORINHA,RS
0.5766208251473477,BRAGA,RS
0.7963686508848541,SEGREDO,RS
0.5976566191061136,BUTIÁ,RS
0.8259646302250804,ALEGRIA,RS
0.6299106092684075,CAÇAPAVA DO SUL,RS
0.37706465313827275,SALDANHA MARINHO,RS
0.6372093023255814,CACEQUI,RS
0.4939117199391172,SÃO JOSÉ DO HERVAL,RS
0.8309204061578775,CACHOEIRA DO SUL,RS
0.7477572559366754,VISTA ALEGRE,RS
0.5892008150328277,CACHOEIRINHA,RS
0.6293810589112603,IVORÁ,RS
0.5252819206984358,CACIQUE DOBLE,RS
0.387673231218089,VILA MARIA,RS
0.4870810055865922,CAIBATÉ,RS
0.732776617954071,TAQUARUÇU DO SUL,RS
0.7572567783094099,CAIÇARA,RS
0.643107864528982,IMBÉ,RS
0.416243044066777,CAMAQUÃ,RS
0.5024906600249066,SEDE NOVA,RS
0.6833099579242636,CAMBARÁ DO SUL,RS
0.6057040998217469,TUPANDI,RS
0.9485522233712513,CAMPINA DAS MISSÕES,RS
0.6944336317633321,RIOZINHO,RS
0.5892857142857143,CAMPINAS DO SUL,RS
0.6050069541029207,RELVADO,RS
0.80671834625323,CAMPO BOM,RS
0.6879310344827586,IMIGRANTE,RS
0.5889502762430939,CAMPO NOVO,RS
0.5541314837153196,CIDREIRA,RS
0.6667072576716999,CANDELÁRIA,RS
0.499113475177305,MONTAURI,RS
0.876043673731535,CÂNDIDO GODÓI,RS
0.3472147106544078,VISTA GAÚCHA,RS
0.6132898871174212,CANELA,RS
0.457286432160804,VISTA ALEGRE DO PRATA,RS
0.5638596375400258,CANGUÇU,RS
0.8661971830985915,CASEIROS,RS
0.44418464125266005,CANOAS,RS
0.4876873661670236,ITACURUBI,RS
0.8570020313060103,CARAZINHO,RS
0.6077758719268154,ENTRE RIOS DO SUL,RS
0.5012583892617449,CARLOS BARBOSA,RS
0.5844078555842095,CERRO GRANDE DO SUL,RS
0.7285365395453691,CASCA,RS
0.6168045830681095,CAMARGO,RS
0.5101536288186473,CATUÍPE,RS
0.5387104229258146,PARAÍSO DO SUL,RS
0.36277871053609306,CAXIAS DO SUL,RS
0.3863393810032017,CERRO LARGO,RS
0.5829652996845426,FAXINALZINHO,RS
0.8048739211372483,CHAPADA,RS
0.6983988355167394,AMARAL FERRADOR,RS
0.5714848365498227,CHIAPETTA,RS
0.5740318906605922,VILA FLORES,RS
0.3297720797720798,CIRÍACO,RS
0.7831196581196581,CERRO BRANCO,RS
0.6021505376344086,COLORADO,RS
0.5928753180661578,ANDRÉ DA ROCHA,RS
0.6057142857142858,CONDOR,RS
0.6844993141289437,POÇO DAS ANTAS,RS
0.6661452902328815,CONSTANTINA,RS
0.8409919766593728,TRÊS PALMEIRAS,RS
0.7046176398729538,CORONEL BICACO,RS
0.4638671875,NOVA ALVORADA,RS
0.40157790927021697,CRISSIUMAL,RS
0.6159822419533851,MORRO REDONDO,RS
0.3135736367402875,CRUZ ALTA,RS
0.7699158832261257,SANTA MARIA DO HERVAL,RS
0.4243416158309775,CRUZEIRO DO SUL,RS
0.6075114678899083,BARÃO,RS
0.7734294541709578,DAVID CANABARRO,RS
0.521447292718788,ELDORADO DO SUL,RS
0.7268479184367035,DOIS IRMÃOS,RS
0.5852521929824561,DOM FELICIANO,RS
0.4991384261918438,ALTO FELIZ,RS
0.6168864887319555,DOM PEDRITO,RS
0.6298076923076923,AMETISTA DO SUL,RS
0.6375056078959175,DONA FRANCISCA,RS
0.5209411764705882,ARAMBARÉ,RS
0.6145751118126809,ENCANTADO,RS
0.8712306438467807,BARÃO DO TRIUNFO,RS
0.5414590311249081,ENCRUZILHADA DO SUL,RS
0.4520396912899669,BARRA DO GUARITA,RS
0.42830661639247575,ERECHIM,RS
0.6805040770941438,BARRA DO RIO AZUL,RS
0.7058990357345434,HERVAL,RS
0.7389885807504079,BARRA FUNDA,RS
0.5971150620597115,ERVAL GRANDE,RS
0.7069913589945012,BOA VISTA DAS MISSÕES,RS
0.6477111845210005,ERVAL SECO,RS
0.798800799467022,BOM PROGRESSO,RS
0.31955762514551805,ESMERALDA,RS
0.6769647696476965,CAMPESTRE DA SERRA,RS
0.7236813778256189,ESPUMOSO,RS
0.6396920766053323,CANDIOTA,RS
0.49006993006993005,ESTÂNCIA VELHA,RS
0.8253348214285714,CAPITÃO,RS
0.43106477963525835,ESTEIO,RS
0.6104491292392301,CARLOS GOMES,RS
0.46106532168778447,ESTRELA,RS
0.652784746613146,CENTENÁRIO,RS
0.6366026520347507,FARROUPILHA,RS
0.4798619102416571,CHARRUA,RS
0.6706368497812348,FAXINAL DO SOTURNO,RS
0.575682382133995,COLINAS,RS
0.8142837634849106,FELIZ,RS
0.8929593589009731,COQUEIROS DO SUL,RS
0.6854049147377294,FLORES DA CUNHA,RS
0.3739748496446145,CORONEL BARROS,RS
0.6658092963439279,FONTOURA XAVIER,RS
0.4091441969519343,COXILHA,RS
0.5925925925925926,FORMIGUEIRO,RS
0.6837231968810916,DERRUBADAS,RS
0.9149688910577041,FREDERICO WESTPHALEN,RS
0.7955039883973894,DOIS IRMÃOS DAS MISSÕES,RS
0.7212012290567569,GARIBALDI,RS
0.6185226019845645,ENGENHO VELHO,RS
0.5351605758582503,GAURAMA,RS
0.25974739154310816,GARRUCHOS,RS
0.6396533044420368,GENERAL CÂMARA,RS
0.41646489104116224,GENTIL,RS
0.4436026936026936,SÃO VICENTE DO SUL,RS
0.5768025078369906,GRAMADO DOS LOUREIROS,RS
0.5282829409795827,GETÚLIO VARGAS,RS
0.6768265351860152,GRAMADO XAVIER,RS
0.6526239519718455,GIRUÁ,RS
0.624561403508772,HULHA NEGRA,RS
0.6021559428060769,GRAMADO,RS
0.4519015659955257,INHACORÁ,RS
0.4059488171728972,GRAVATAÍ,RS
0.6475216365066876,ITAPUCA,RS
0.24436252317509594,GUAÍBA,RS
0.5239477503628447,LAJEADO DO BUGRE,RS
0.5363408521303258,GUAPORÉ,RS
0.7363636363636363,LAGOA DOS TRÊS CANTOS,RS
0.42108667529107374,GUARANI DAS MISSÕES,RS
0.566984126984127,LINDOLFO COLLOR,RS
0.6712024437656207,HORIZONTINA,RS
0.5761523046092184,LINHA NOVA,RS
0.4636820742715212,CHARQUEADAS,RS
0.5516971279373368,MANOEL VIANA,RS
0.8497935852651636,HUMAITÁ,RS
0.8415286624203822,MAQUINÉ,RS
0.667691256830601,IBIAÇÁ,RS
0.5727069351230425,MARATÁ,RS
0.4362962962962963,IBIRAIARAS,RS
0.42894736842105263,MARIANA PIMENTEL,RS
0.5321847947201509,IBIRUBÁ,RS
0.3597040409789414,MATO CASTELHANO,RS
0.6220886551465064,IGREJINHA,RS
0.6708400646203554,MATO LEITÃO,RS
0.21604212908560735,IJUÍ,RS
0.6848758465011286,MINAS DO LEÃO,RS
0.832318311002842,ILÓPOLIS,RS
0.5380324543610547,MONTE BELO DO SUL,RS
1.0195351137487636,INDEPENDÊNCIA,RS
0.8578539823008849,MORMAÇO,RS
0.7208646616541353,IRAÍ,RS
0.7399825783972126,MORRINHOS DO SUL,RS
0.2938205265986029,ITAQUI,RS
0.8155212960543506,MORRO REUTER,RS
0.6766205389657683,ITATIBA DO SUL,RS
0.7617529880478088,MULITERNO,RS
0.7049861495844876,IVOTI,RS
0.5780254777070064,NICOLAU VERGUEIRO,RS
0.7518656716417911,JACUTINGA,RS
0.47392438070404175,NOVA BOA VISTA,RS
0.5881890326731966,JAGUARÃO,RS
0.8966836734693877,NOVA PÁDUA,RS
0.5067365269461078,JAGUARI,RS
0.3460764587525151,NOVA SANTA RITA,RS
0.3733666944676119,JÚLIO DE CASTILHOS,RS
0.5732911892532596,NOVO BARREIRO,RS
0.4804053575225002,LAGOA VERMELHA,RS
0.8876660341555977,NOVO MACHADO,RS
0.34054054054054056,LAJEADO,RS
0.648814078041316,NOVO TIRADENTES,RS
0.715034965034965,LAVRAS DO SUL,RS
0.6046065259117083,PARECI NOVO,RS
0.7080898185173793,LIBERATO SALZANO,RS
0.8453691275167785,PASSO DO SOBRADO,RS
0.7013226699477084,MACHADINHO,RS
0.5056818181818182,PICADA CAFÉ,RS
0.874479015217602,MARAU,RS
0.696078431372549,PINHAL GRANDE,RS
0.5295810681164055,MARCELINO RAMOS,RS
0.7069582504970179,PINHEIRINHO DO VALE,RS
0.6923601637107776,MARIANO MORO,RS
0.2883096366508689,PONTÃO,RS
0.3887922032718413,MATA,RS
0.7317448116833205,PONTE PRETA,RS
0.7476732161323681,MAXIMILIANO DE ALMEIDA,RS
0.6856478791400349,PORTO MAUÁ,RS
0.40644007155635065,MIRAGUAÍ,RS
0.911864406779661,PORTO VERA CRUZ,RS
0.4520557714937774,MONTENEGRO,RS
0.5665378244064053,PRESIDENTE LUCENA,RS
0.6896551724137931,MOSTARDAS,RS
0.4376278118609407,QUEVEDOS,RS
0.6170861937452327,MUÇUM,RS
0.6912209889001009,RIO DOS ÍNDIOS,RS
0.7785888077858881,NÃO-ME-TOQUE,RS
0.4341682723185613,SAGRADA FAMÍLIA,RS
0.7597919713960669,NONOAI,RS
0.15372080391091797,SALVADOR DAS MISSÕES,RS
0.6154468257177517,NOVA ARAÇÁ,RS
0.6579387186629526,SANTA CLARA DO SUL,RS
0.6447394890364112,NOVA BASSANO,RS
0.6877869605142333,SANTA TEREZA,RS
0.7404466501240695,NOVA BRÉSCIA,RS
0.7503597122302158,SANTO ANTÔNIO DO PALMA,RS
0.6492330902690471,NOVA PALMA,RS
0.7704359673024523,SANTO ANTÔNIO DO PLANALTO,RS
0.5544000699117364,NOVA PETRÓPOLIS,RS
0.5353866317169069,SANTO EXPEDITO DO SUL,RS
0.5231598450395822,NOVA PRATA,RS
0.5607162842753217,SÃO JOÃO DO POLÊSINE,RS
0.4641461557980208,NOVO HAMBURGO,RS
0.9983792544570502,SÃO JOSÉ DOS AUSENTES,RS
0.7783391631040291,OSÓRIO,RS
1.2774076317383405,SÃO JOSÉ DO INHACORÁ,RS
0.6064182958317964,PAIM FILHO,RS
0.4933837429111531,SÃO JOSÉ DAS MISSÕES,RS
0.7053253758751291,PALMEIRA DAS MISSÕES,RS
0.5235235235235235,SÃO MARTINHO DA SERRA,RS
0.9244915620943315,PALMITINHO,RS
0.5167216203485634,SÃO PEDRO DA SERRA,RS
0.34170485792850597,PANAMBI,RS
0.3037037037037037,SÃO PEDRO DO BUTIÁ,RS
0.7883766552231486,PARAÍ,RS
0.4684431977559607,SÃO VALENTIM DO SUL,RS
0.2857799891290714,PASSO FUNDO,RS
0.6347150259067358,SÃO VALÉRIO DO SUL,RS
0.7408358627130516,PEDRO OSÓRIO,RS
0.6298517995765702,SENTINELA DO SUL,RS
0.26822276822276825,PEJUÇARA,RS
0.7914625612316305,SÉRIO,RS
0.5800249129643233,PELOTAS,RS
0.7457111234089652,SERTÃO SANTANA,RS
0.5741216795201372,PINHEIRO MACHADO,RS
0.8225158916025427,SINIMBU,RS
0.5101591956430667,PIRATINI,RS
0.6816065192083819,TIRADENTES DO SUL,RS
0.656701240593858,PLANALTO,RS
0.5032722513089005,TRAVESSEIRO,RS
0.48646137509954873,PORTÃO,RS
0.6847133757961783,TRÊS FORQUILHAS,RS
0.4019496891274107,PORTO ALEGRE,RS
0.5605536332179931,TUPANCI DO SUL,RS
1.0012775471095496,PORTO LUCENA,RS
0.3977272727272727,UNIÃO DA SERRA,RS
0.37579372715027903,PORTO XAVIER,RS
0.7528159234686005,VALE DO SOL,RS
0.8634933123524784,PUTINGA,RS
0.38795562599049127,VALE REAL,RS
0.5404327535002121,QUARAÍ,RS
0.6712037430880476,VILA NOVA DO SUL,RS
0.5865205223880597,REDENTORA,RS
0.4327485380116959,VITÓRIA DAS MISSÕES,RS
0.7296173931578387,RESTINGA SÊCA,RS
0.5241788321167883,XANGRI-LÁ,RS
0.3195718162413789,RIO GRANDE,RS
0.5381548974943052,BOA VISTA DO SUL,RS
0.7553699284009546,RIO PARDO,RS
0.42168674698795183,DILERMANDO DE AGUIAR,RS
0.568241469816273,ROCA SALES,RS
0.5828832571665974,CAPIVARI DO SUL,RS
0.6048232392436284,RODEIO BONITO,RS
0.6757055893746541,NOVA CANDELÁRIA,RS
0.6945777134063547,ROLANTE,RS
0.5832072617246596,FLORIANO PEIXOTO,RS
0.45938628158844763,RONDA ALTA,RS
0.6785955435516543,CHUVISCA,RS
0.3992855179994504,RONDINHA,RS
0.4318766066838046,ESPERANÇA DO SUL,RS
0.24421897121283626,ROQUE GONZALES,RS
0.7372262773722628,DOUTOR RICARDO,RS
0.5006670949251372,ROSÁRIO DO SUL,RS
0.8703494926719278,HERVEIRAS,RS
0.6974937343358396,SALVADOR DO SUL,RS
0.7684305744007237,CARAÁ,RS
0.54231375196939,SANANDUVA,RS
0.517607332368548,FAZENDA VILANOVA,RS
0.601078167115903,SANTA BÁRBARA DO SUL,RS
0.5081120943952803,ITAARA,RS
0.6908841176895829,SANTA CRUZ DO SUL,RS
0.8403587443946189,ESTRELA VELHA,RS
0.4337360403772809,SANTA MARIA,RS
0.45109931766489764,BENJAMIN CONSTANT DO SUL,RS
0.5740987983978638,SANTANA DA BOA VISTA,RS
0.3359621451104101,MAÇAMBARÁ,RS
0.4211926712568561,SANT ANA DO LIVRAMENTO,RS
0.5309882747068677,DOM PEDRO DE ALCÂNTARA,RS
1.2841844736326211,SANTA ROSA,RS
0.40425531914893614,UNISTALDA,RS
0.6594223024579919,SANTA VITÓRIA DO PALMAR,RS
0.6452599388379205,TURUÇU,RS
0.29303049656714036,SANTIAGO,RS
0.6816885339418141,CRISTAL DO SUL,RS
0.5758071398094154,SANTO ÂNGELO,RS
0.7427278603749192,MUITOS CAPÕES,RS
0.4453155818540434,SANTO ANTÔNIO DA PATRULHA,RS
0.5569080949482653,NOVA RAMADA,RS
0.4609412906356138,SANTO ANTÔNIO DAS MISSÕES,RS
0.592814371257485,JARI,RS
0.7927215189873418,SANTO AUGUSTO,RS
0.5106951871657754,UBIRETAMA,RS
0.9323716943660499,SANTO CRISTO,RS
0.4735945485519591,BARRA DO QUARAÍ,RS
0.23419730637655253,SÃO BORJA,RS
0.6789173789173789,CERRITO,RS
0.5173468412501194,SÃO FRANCISCO DE ASSIS,RS
0.7425944841675178,VALE VERDE,RS
0.6335841508715115,SÃO FRANCISCO DE PAULA,RS
0.7892592592592592,NOVO CABRAIS,RS
0.5832735338247765,SÃO GABRIEL,RS
0.4894283476898982,SETE DE SETEMBRO,RS
0.5992993802209647,SÃO JERÔNIMO,RS
0.4519490544191432,TABAÍ,RS
0.42510285290348687,SÃO JOSÉ DO NORTE,RS
0.793848167539267,VILA LÂNGARO,RS
0.6161831248336439,SÃO JOSÉ DO OURO,RS
0.7107438016528925,SENADOR SALGADO FILHO,RS
0.3556851594872342,SÃO LEOPOLDO,RS
0.8690476190476191,VESPASIANO CORRÊA,RS
0.6187155550556743,SÃO LOURENÇO DO SUL,RS
0.7012919896640827,MONTE ALEGRE DOS CAMPOS,RS
0.4664752080647052,SÃO LUIZ GONZAGA,RS
0.6146711635750421,MARQUES DE SOUZA,RS
0.580970117666977,SÃO MARCOS,RS
0.7195787831513261,CHUÍ,RS
0.6936325678496869,SÃO MARTINHO,RS
0.73003300330033,ARARICÁ,RS
0.7062795408507765,SÃO NICOLAU,RS
0.8570961412688032,PASSA SETE,RS
0.5239786856127886,SÃO PAULO DAS MISSÕES,RS
0.6005277044854881,TOROPI,RS
0.4589635231316726,SÃO PEDRO DO SUL,RS
0.6534556813744631,BALNEÁRIO PINHAL,RS
0.6185861795075457,SÃO SEBASTIÃO DO CAÍ,RS
0.5803528850739151,MAMPITUBA,RS
0.3815759246496669,SÃO SEPÉ,RS
0.6441581519324745,SÃO VALENTIM,RS
0.7242685025817556,ACEGUÁ,RS
0.6799335840210968,SAPIRANGA,RS
0.6735294117647059,ALMIRANTE TAMANDARÉ DO SUL,RS
0.33761963114054816,SAPUCAIA DO SUL,RS
0.6397094430992736,ARROIO DO PADRE,RS
0.6953525506345071,SARANDI,RS
0.38597599494630447,BOA VISTA DO CADEADO,RS
0.794478051807042,SEBERI,RS
0.6299212598425197,BOA VISTA DO INCRA,RS
0.652514302920807,SELBACH,RS
0.4732142857142857,BOZANO,RS
0.5899608041471741,SERAFINA CORRÊA,RS
0.8144699140401146,CANUDOS DO VALE,RS
0.5980641874681609,SERTÃO,RS
0.5674603174603174,CAPÃO BONITO DO SUL,RS
0.547331515387612,SEVERIANO DE ALMEIDA,RS
0.3265633351149118,CAPÃO DO CIPÓ,RS
0.5883458646616542,CAPÃO DA CANOA,RS
0.8377581120943953,COQUEIRO BAIXO,RS
0.738387889765817,SOBRADINHO,RS
0.5734200743494424,CORONEL PILAR,RS
0.7447405329593267,SOLEDADE,RS
0.5884640311082308,CRUZALTENSE,RS
0.7490291700532827,TAPEJARA,RS
0.7998833138856476,FORQUETINHA,RS
0.59159109645507,TAPERA,RS
0.639618138424821,SANTA CECÍLIA DO SUL,RS
0.67807066741447,ITATI,RS
0.5218209179834462,TAPES,RS
0.7863083813179782,JACUIZINHO,RS
0.4699421107317797,TAQUARA,RS
0.6575963718820862,LAGOA BONITA DO SUL,RS
0.5969040677495489,TAQUARI,RS
0.45868465430016864,MATO QUEIMADO,RS
0.47540983606557374,TENENTE PORTELA,RS
0.5481099656357389,NOVO XINGU,RS
0.5310826542491269,TORRES,RS
0.5747978436657682,PAULO BENTO,RS
0.6635711706134242,TRAMANDAÍ,RS
0.48222996515679445,PINHAL DA SERRA,RS
0.6738761662425785,TRÊS COROAS,RS
0.7758037225042301,QUATRO IRMÃOS,RS
0.9713161659513591,TRÊS DE MAIO,RS
0.49668474984930683,ROLADOR,RS
0.46531859863625674,TRÊS PASSOS,RS
0.38438613069709965,TRIUNFO,RS
0.5716723549488054,SANTA MARGARIDA DO SUL,RS
1.0888030888030888,TUCUNDUVA,RS
0.6351441985244802,SÃO JOSÉ DO SUL,RS
0.4070891514500537,TUPANCIRETÃ,RS
0.48711755233494364,SÃO PEDRO DAS MISSÕES,RS
1.0600687533924371,TUPARENDI,RS
0.6820542412002308,TIO HUGO,RS
0.1551499800489235,URUGUAIANA,RS
0.2869389813414019,WESTFALIA,RS
0.6086971918269061,VACARIA,RS
1.0188298587760591,PINTO BANDEIRA,RS
0.7838654364334122,VENÂNCIO AIRES,RS
0.5173410404624278,PEDRAS ALTAS,RS
0.7530574516496018,VERA CRUZ,RS
0.5970832626759369,VERANÓPOLIS,RS
0.6656843483955468,VIADUTOS,RS
0.4245074822391293,VIAMÃO,RS
0.7775103163686382,VICENTE DUTRA,RS
0.4957187922487607,PALMARES DO SUL,RS
0.7569582504970179,VICTOR GRAEFF,RS
0.6481421647819063,TAVARES,RS
0.5936854783207157,CAPÃO DO LEÃO,RS
0.7035390665070952,SALTO DO JACUÍ,RS
0.5842235004108464,COTIPORÃ,RS
0.6711721453287197,COLNIZA,MT
0.3005668257756563,COLÍDER,MT
0.7183954619124797,CURVELÂNDIA,MT
0.6480322003577818,NOVA BRASILÂNDIA,MT
0.23736513344690516,NOVA SANTA HELENA,MT
0.6182692307692308,PARANATINGA,MT
0.58714859437751,SANTO ANTÔNIO DO LESTE,MT
0.08442811021543585,SINOP,MT
0.3567146282973621,ALTA FLORESTA,MT
0.9062543724639709,ARAPUTANGA,MT
0.5167095115681234,JAURU,MT
0.7805372529143436,SÃO JOSÉ DOS QUATRO MARCOS,MT
0.6307692307692307,RIO BRANCO,MT
0.5755297334244702,RONDOLÂNDIA,MT
1.0832471561530508,SALTO DO CÉU,MT
0.8231345788119476,PONTES E LACERDA,MT
0.6134247917687408,ACORIZAL,MT
0.38470254957507083,SÃO JOSÉ DO POVO,MT
0.4240516545601291,ÁGUA CLARA,MS
0.6077432501273561,ALTO BOA VISTA,MT
0.23513909224011714,ALTO ARAGUAIA,MT
0.5669104566119787,QUERÊNCIA,MT
0.18847508807247107,ALTO GARÇAS,MT
0.2959459459459459,CANABRAVA DO NORTE,MT
0.6740968485780169,ALTO PARAGUAI,MT
0.24292331446217189,SANTA CARMEM,MT
0.2891425606434038,AMAMBAI,MS
0.32189032545697727,NOVA MARINGÁ,MT
0.26273858921161825,ANASTÁCIO,MS
0.30286738351254483,NOVA GUARITA,MT
0.45448179271708683,ANAURILÂNDIA,MS
0.5374198146828225,NOVA MARILÂNDIA,MT
0.2991811883266849,ANTÔNIO JOÃO,MS
0.6222894604135148,PORTO ESTRELA,MT
0.2973974071546934,APARECIDA DO TABOADO,MS
0.7476160203432931,GLÓRIA D OESTE,MT
0.2617477519022366,AQUIDAUANA,MS
0.2464352972827549,TABAPORÃ,MT
0.196113074204947,ARAGUAINHA,MT
0.693345742205677,SÃO JOSÉ DO XINGU,MT
0.6028751123090745,ARENÁPOLIS,MT
0.41633281972265024,APIACÁS,MT
0.4433328122557449,ARIPUANÃ,MT
0.6545915778792492,CONFRESA,MT
0.3906047235920062,BANDEIRANTES,MS
0.7137476459510358,LAMBARI D OESTE,MT
0.6607360467950281,BARÃO DE MELGAÇO,MT
0.5749103942652329,SANTO AFONSO,MT
0.5193665898446213,BARRA DO BUGRES,MT
0.7304227304227304,PLANALTO DA SERRA,MT
0.2407971566387408,BARRA DO GARÇAS,MT
0.6196779964221825,NOVA MONTE VERDE,MT
0.4002435559163791,BATAGUASSU,MS
0.46687347662308887,NOVA BANDEIRANTES,MT
0.36503237742830713,BATAYPORÃ,MS
0.7735515258735073,SÃO PEDRO DA CIPA,MT
0.21300009325748392,BELA VISTA,MS
0.6573810492069947,COTRIGUAÇU,MT
0.33370692070608016,BONITO,MS
0.5057471264367817,RIBEIRÃOZINHO,MT
0.3690084156604464,BRASILÂNDIA,MS
0.5725358045492839,BRASNORTE,MT
0.2574630746827543,CÁCERES,MT
0.4901251163271637,CAMPO NOVO DO PARECIS,MT
0.2628898790579249,CAMAPUÃ,MS
0.6499659632402995,CAMPO VERDE,MT
0.29515953722186805,CAMPO GRANDE,MS
0.27391603578802476,CLÁUDIA,MT
0.13284132841328414,CARACOL,MS
0.38855255916345627,CASTANHEIRA,MT
0.4805716120745023,CAARAPÓ,MS
0.852353616532721,JANGADA,MT
0.2814612978100717,CASSILÂNDIA,MS
0.5589895988112927,JURUENA,MT
0.634789156626506,CHAPADA DOS GUIMARÃES,MT
0.47884141331142155,LUCAS DO RIO VERDE,MT
0.24280502634779083,CORGUINHO,MS
0.5571267877229632,MATUPÁ,MT
0.10235439301183245,CORUMBÁ,MS
0.5071964956195244,NOVA MUTUM,MT
0.190083177509833,COXIM,MS
0.6456285566476979,RIBEIRÃO CASCALHEIRA,MT
0.4943529690358607,CUIABÁ,MT
0.5804641673042591,TAPURAH,MT
0.4269538188277087,DIAMANTINO,MT
0.40132727907789034,PONTAL DO ARAGUAIA,MT
0.7774690578428897,DOM AQUINO,MT
0.32739010144482017,SAPEZAL,MT
0.5426603295575888,DOURADOS,MS
0.5581285444234405,CAMPOS DE JÚLIO,MT
0.4363782480578623,FÁTIMA DO SUL,MS
0.35236355332267644,CARLINDA,MT
0.3676337262012693,GENERAL CARNEIRO,MT
0.33623275344931014,FELIZ NATAL,MT
0.5690684713375797,GLÓRIA DE DOURADOS,MS
0.7894007620367163,NOVO MUNDO,MT
0.281965272296764,GUIA LOPES DA LAGUNA,MS
0.4830741079597438,GAÚCHA DO NORTE,MT
0.26825281511078825,GUIRATINGA,MT
0.4373297002724796,UNIÃO DO SUL,MT
0.5106509757187546,IGUATEMI,MS
0.8750455373406193,NOVA LACERDA,MT
0.39216646266829863,INOCÊNCIA,MS
0.5264264264264265,NOVA UBIRATÃ,MT
0.6137371552190373,ITAPORÃ,MS
0.37505079236082894,BOM JESUS DO ARAGUAIA,MT
0.3191304347826087,ITIQUIRA,MT
0.5178117048346056,SERRA NOVA DOURADA,MT
0.38927799394725465,IVINHEMA,MS
0.47675675675675677,NOVO SANTO ANTÔNIO,MT
0.6516446307642696,JACIARA,MT
0.35728744939271256,NOVA NAZARÉ,MT
0.26398429833169773,JARAGUARI,MS
0.5337016574585636,SANTA CRUZ DO XINGU,MT
0.24064720486259739,JARDIM,MS
0.9641119221411192,CONQUISTA D OESTE,MT
0.6559756920999325,JATEÍ,MS
0.8599562363238512,VALE DE SÃO DOMINGOS,MT
0.12503245910153207,LADÁRIO,MS
0.5517241379310345,SANTA RITA DO TRIVELATO,MT
0.4617304492512479,LUCIARA,MT
0.41167129813418024,MARACAJU,MS
0.34763948497854075,IPIRANGA DO NORTE,MT
0.7185507697092209,VILA BELA DA SANTÍSSIMA TRINDADE,MT
0.6119528619528619,ITANHANGÁ,MT
0.2152336987882285,MIRANDA,MS
0.5261994949494949,NAVIRAÍ,MS
0.37251561612720047,NIOAQUE,MS
0.6325779036827196,NOBRES,MT
0.6308868501529052,NORTELÂNDIA,MT
0.5107913669064749,NOSSA SENHORA DO LIVRAMENTO,MT
0.37963717896453325,NOVA ANDRADINA,MS
0.24700021427040925,PARANAÍBA,MS
0.4068711656441718,PEDRO GOMES,MS
0.6077192500515074,POCONÉ,MT
0.24337779197614673,PONTA PORÃ,MS
0.855251544571933,PONTE BRANCA,MT
0.39604775627830385,PORTO DOS GAÚCHOS,MT
0.2961076755183703,PORTO MURTINHO,MS
0.5163217113487985,POXORÉU,MT
0.49960590023645984,RIBAS DO RIO PARDO,MS
0.4948020920772261,RIO BRILHANTE,MS
0.28220640569395017,RIO NEGRO,MS
0.3274268104776579,RIO VERDE DE MATO GROSSO,MS
0.2609182530795073,ROCHEDO,MS
0.19494601062933292,RONDONÓPOLIS,MT
0.7090767026956635,ROSÁRIO OESTE,MT
0.49437738574228823,SANTO ANTÔNIO DO LEVERGER,MT
0.25659014702089245,SIDROLÂNDIA,MS
0.5591259640102828,TERENOS,MS
0.5107142857142857,TESOURO,MT
0.45954403218596335,TORIXORÉU,MT
0.14973752971916857,TRÊS LAGOAS,MS
0.43435548697337256,VÁRZEA GRANDE,MT
0.32534451767525463,ANGÉLICA,MS
0.45677498467198036,ARAL MOREIRA,MS
0.5010729613733905,ELDORADO,MS
0.5944349448157935,DEODÁPOLIS,MS
0.791174916329047,MIRASSOL D OESTE,MT
0.3320242770439129,CHAPADÃO DO SUL,MS
0.4384263295553618,MUNDO NOVO,MS
0.1470753130256027,DOIS IRMÃOS DO BURITI,MS
0.48594610257896265,PEDRA PRETA,MT
0.4800365742151783,JUTI,MS
0.6139757678219216,SÃO FÉLIX DO ARAGUAIA,MT
0.11699556987515103,PARANHOS,MS
0.7113434396236278,TANGARÁ DA SERRA,MT
0.6101003764115432,SANTA RITA DO PARDO,MS
0.26317388003037206,SONORA,MS
0.4974774774774775,JUSCIMEIRA,MT
0.4971052631578947,VICENTINA,MS
0.24371572212065815,ÁGUA BOA,MT
0.5633604945209328,CANARANA,MT
0.6848412222887957,NOVA XAVANTINA,MT
0.39748201438848924,SANTA TEREZINHA,MT
0.5555735317909724,SÃO JOSÉ DO RIO CLARO,MT
0.5909725453699395,BERNARDO SAYÃO,TO
0.5095945527700403,ABADIÂNIA,GO
0.4553019495958155,BONFINÓPOLIS,GO
0.6761786600496278,ÁGUA LIMPA,GO
0.6113837095191365,BURITI DO TOCANTINS,TO
0.5065475137143869,ALEXÂNIA,GO
0.6697476004265909,CAMPOS VERDES,GO
0.8495829738280126,ALMAS,TO
0.5760095011876485,CASEARA,TO
0.6938628158844765,ALOÂNDIA,GO
0.6049335132010021,CEZARINA,GO
0.8329903978052127,ALTO PARAÍSO DE GOIÁS,GO
0.9199209095402867,COLINAS DO SUL,GO
0.7104847801578354,ALVORADA,TO
0.5574412532637075,COMBINADO,TO
0.6960330980773911,ALVORADA DO NORTE,GO
0.6683006535947712,MORRO AGUDO DE GOIÁS,GO
0.7171029042667623,AMORINÓPOLIS,GO
0.7787991956334387,DIVINÓPOLIS DO TOCANTINS,TO
0.67826982492276,ANANÁS,TO
0.5332564398308343,EDEALINA,GO
0.5151430023011865,ANÁPOLIS,GO
0.3561109837193304,FAINA,GO
0.29245283018867924,ANHANGÜERA,GO
0.7031638819765375,GOIANORTE,TO
0.660012532450094,ANICUNS,GO
0.9334819769602378,GOUVELÂNDIA,GO
0.4815612367409431,APARECIDA DE GOIÂNIA,GO
0.8052954472069745,ITAGUARI,GO
0.8793009284543966,APORÉ,GO
0.8141242937853107,MARIANÓPOLIS DO TOCANTINS,TO
0.6780487804878049,ARAÇU,GO
0.7261001517450683,MATRINCHÃ,GO
0.6980748535214636,ARAGARÇAS,GO
0.9414922168545357,MIMOSO DE GOIÁS,GO
0.5104471782854911,ARAGOIÂNIA,GO
0.6512266254932235,MONTIVIDIU,GO
0.8264540337711069,ARAGUACEMA,TO
0.5006057669008965,ARAGUAÇU,TO
0.5581395348837209,NOVA ROSALÂNDIA,TO
0.6261972522789327,ARAGUAÍNA,TO
0.6073404504013091,ARAGUATINS,TO
0.7540695116586009,NOVO PLANALTO,GO
0.7274490785645005,ARAPOEMA,TO
0.6068412162162162,PALESTINA DE GOIÁS,GO
0.5200675961132235,ARRAIAS,TO
0.512962962962963,PEQUIZEIRO,TO
0.3105134474327628,ARUANÃ,GO
0.8447293447293447,PORTO ALEGRE DO TOCANTINS,TO
0.48296679603277276,AURILÂNDIA,GO
0.8752136752136752,PRAIA NORTE,TO
0.8135211267605634,AURORA DO TOCANTINS,TO
0.6635329045027214,SAMPAIO,TO
0.4528225806451613,AVELINÓPOLIS,GO
0.7975646879756468,SANTA FÉ DE GOIÁS,GO
0.8327974276527331,AXIXÁ DO TOCANTINS,TO
0.7765182186234818,SANTA ROSA DO TOCANTINS,TO
0.7965169569202566,BABAÇULÂNDIA,TO
0.7039204212990052,SANTA TEREZA DO TOCANTINS,TO
0.852054794520548,BALIZA,GO
0.6603498542274052,SÃO JOÃO DA PARAÚNA,GO
0.7950030718820398,BARRO ALTO,GO
0.7858494135452138,SÃO LUIZ DO NORTE,GO
0.5607998704663213,BELA VISTA DE GOIÁS,GO
0.45623836126629425,SÃO MIGUEL DO PASSA QUATRO,GO
0.8793559770621967,BOM JARDIM DE GOIÁS,GO
0.7722095671981777,SÃO VALÉRIO,TO
0.8368722954614068,BOM JESUS DE GOIÁS,GO
0.40293819655521784,SENADOR CANEDO,GO
0.3879003558718861,BRAZABRANTES,GO
0.5382403680276021,SIMOLÂNDIA,GO
0.6412213740458015,BREJINHO DE NAZARÉ,TO
0.7603873789440799,BRITÂNIA,GO
0.6283244680851063,TERESINA DE GOIÁS,GO
0.5494901019796041,BURITI ALEGRE,GO
0.4527777777777778,TROMBAS,GO
0.7397227533460803,CABECEIRAS,GO
0.8754940711462451,TURVELÂNDIA,GO
0.818257433977958,CACHOEIRA ALTA,GO
0.8002645502645502,RIO QUENTE,GO
0.9086879432624113,CACHOEIRA DE GOIÁS,GO
0.4339622641509434,CAÇU,GO
0.8970099667774086,GUARINOS,GO
0.8495647127103888,CAIAPÔNIA,GO
0.768,COCALZINHO DE GOIÁS,GO
0.8471271340670768,CALDAS NOVAS,GO
0.4816723940435281,SANTO ANTÔNIO DE GOIÁS,GO
0.5126722987994664,CAMPESTRE DE GOIÁS,GO
0.7365771812080537,CHAPADÃO DO CÉU,GO
0.6155030800821355,CAMPINORTE,GO
0.9440682217205919,ALTO HORIZONTE,GO
0.6905497220506486,CAMPO ALEGRE DE GOIÁS,GO
0.6128890837352039,CASTELÂNDIA,GO
0.7964301852688658,CAMPOS BELOS,GO
0.3010752688172043,JESÚPOLIS,GO
0.8763141620284477,CARMO DO RIO VERDE,GO
0.8200115008625647,APARECIDA DO RIO DOCE,GO
0.6839437333671271,CATALÃO,GO
0.684735171592938,CIDADE OCIDENTAL,GO
0.7124230351321985,CATURAÍ,GO
0.6818988464951198,PROFESSOR JAMIL,GO
0.8275204359673024,CAVALCANTE,GO
0.9390178089584458,PEROLÂNDIA,GO
0.5615795891567396,CERES,GO
0.7583160083160083,NOVA IGUAÇU DE GOIÁS,GO
0.4878869448183042,DIVINÓPOLIS DE GOIÁS,GO
0.7033609352167559,BURITI DE GOIÁS,GO
0.5641250759775782,COLINAS DO TOCANTINS,TO
0.30548302872062666,CALDAZINHA,GO
0.7178068410462777,CONCEIÇÃO DO TOCANTINS,TO
0.3614190687361419,GUARAÍTA,GO
0.8716981132075472,CÓRREGO DO OURO,GO
0.9045338441890166,INACIOLÂNDIA,GO
0.5135958233630629,CORUMBÁ DE GOIÁS,GO
0.910075329566855,MONTIVIDIU DO NORTE,GO
0.5982926250889258,CORUMBAÍBA,GO
0.3818650939918909,SANTO ANTÔNIO DA BARRA,GO
0.5441176470588235,COUTO MAGALHÃES,TO
0.8417132216014898,TEREZÓPOLIS DE GOIÁS,GO
0.834592779177162,CRISTALÂNDIA,TO
0.6096009253903991,UIRAPURU,GO
0.7184165232358003,CRISTALINA,GO
0.5398773006134969,BURITINÓPOLIS,GO
0.5039612676056338,CRISTIANÓPOLIS,GO
0.7956698240866035,VILA BOA,GO
0.5501401242841477,CRIXÁS,GO
0.7407563441712927,VALPARAÍSO DE GOIÁS,GO
0.6023089171974523,CROMÍNIA,GO
0.6046573978321651,NOVO GAMA,GO
0.538073908174692,CUMARI,GO
0.6866862662746746,ÁGUAS LINDAS DE GOIÁS,GO
0.759499329459097,DAMIANÓPOLIS,GO
0.42740453338778844,ABADIA DE GOIÁS,GO
0.833981841763943,DAMOLÂNDIA,GO
0.9137109581789307,AMARALINA,GO
0.7093768200349446,DAVINÓPOLIS,GO
0.7994609164420485,BONÓPOLIS,GO
0.588676844783715,DIANÓPOLIS,TO
0.8247269116186693,PORTEIRÃO,GO
0.8605504587155963,DIORAMA,GO
0.9220917822838848,SANTA RITA DO NOVO DESTINO,GO
0.8545340050377834,DOIS IRMÃOS DO TOCANTINS,TO
0.7874596588289534,DUERÉ,TO
0.92181947405828,SÃO PATRÍCIO,GO
0.6782889426957224,EDÉIA,GO
0.8094879518072289,VILA PROPÍCIO,GO
0.8574380165289256,ESTRELA DO NORTE,GO
0.47840531561461797,FAZENDA NOVA,GO
0.8211382113821138,IPIRANGA DE GOIÁS,GO
0.46905537459283386,FILADÉLFIA,TO
0.7673019057171514,GAMELEIRA DE GOIÁS,GO
0.8079356935180434,FIRMINÓPOLIS,GO
0.5928126768534239,CAMPO LIMPO DE GOIÁS,GO
0.5225821707259399,FLORES DE GOIÁS,GO
0.9447287615148413,LAGOA SANTA,GO
0.7561599631208943,FORMOSA,GO
0.8776718184807629,FORMOSO,GO
0.7101432261094154,FORMOSO DO ARAGUAIA,TO
0.5816727053140096,GOIANÁPOLIS,GO
0.6651278409090909,GOIANDIRA,GO
0.7253176930596286,GOIANÉSIA,GO
0.3040838586529362,GOIÂNIA,GO
0.3603387052717837,GOIANIRA,GO
0.40556751768686555,GOIÁS,GO
0.5462288686605982,GOIATUBA,GO
0.4180441640378549,GUAPÓ,GO
0.4567018072289157,GUARANI DE GOIÁS,GO
0.6181655213624141,GURUPI,TO
0.49881516587677727,HEITORAÍ,GO
0.39780983468463726,HIDROLÂNDIA,GO
0.7238944630248978,HIDROLINA,GO
0.71841226174101,IACIARA,GO
0.7328933243211005,INHUMAS,GO
0.6062689254439807,IPAMERI,GO
0.6659874027417562,IPORÁ,GO
0.7600202942668696,ISRAELÂNDIA,GO
0.5876969729788271,ITABERAÍ,GO
0.5865667647845866,ITACAJÁ,TO
0.2890774705721325,ITAGUARU,GO
0.8223875768359754,ITAGUATINS,TO
0.8954650269023828,ITAJÁ,GO
0.7174774378164208,ITAPACI,GO
0.8401973401973402,ITAPIRAPUÃ,GO
0.7684283727399166,ITAPORÃ DO TOCANTINS,TO
0.6441466854724964,ITAPURANGA,GO
0.9348866900734121,ITARUMÃ,GO
0.4481819949445849,ITAUÇU,GO
0.5622903903769619,ITUMBIARA,GO
0.33428435568235854,IVOLÂNDIA,GO
0.6302931596091205,JANDAIA,GO
0.6655111805487746,JARAGUÁ,GO
0.7956413793103448,JATAÍ,GO
0.5217842323651453,JAUPACI,GO
0.7799405244660719,JOVIÂNIA,GO
0.6413558623531836,JUSSARA,GO
0.7768615086102353,LEOPOLDO DE BULHÕES,GO
0.7165397255579957,LUZIÂNIA,GO
0.28629265471370735,MAIRIPOTABA,GO
0.6626246294799245,MAMBAÍ,GO
0.6599814298978645,MARA ROSA,GO
0.7299270072992701,MARZAGÃO,GO
0.8307962529274004,PARANAIGUARA,GO
0.8405081157374735,MAURILÂNDIA,GO
0.7617389862820673,MINEIROS,GO
0.561556014343149,MIRACEMA DO TOCANTINS,TO
0.7192901942787211,MIRANORTE,TO
0.8066190785204412,MOIPORÁ,GO
0.9377581120943953,MONTE ALEGRE DE GOIÁS,GO
0.7300498753117207,MONTE DO CARMO,TO
0.7479545454545454,MONTES CLAROS DE GOIÁS,GO
0.7466991765192988,MORRINHOS,GO
0.5920235371036286,MOSSÂMEDES,GO
0.8406906906906907,MOZARLÂNDIA,GO
0.5531996915959907,MUTUNÓPOLIS,GO
0.6519271695436273,NATIVIDADE,TO
0.5462027684249906,NAZARÉ,TO
0.5629370629370629,NAZÁRIO,GO
0.6241496598639455,NERÓPOLIS,GO
0.8200622083981337,NIQUELÂNDIA,GO
0.8269484808454426,NOVA AMÉRICA,GO
0.910458452722063,NOVA AURORA,GO
0.3167808219178082,NOVA ROMA,GO
0.7235668789808917,NOVA VENEZA,GO
0.7683639398998331,NOVO ACORDO,TO
0.7910750507099391,NOVO BRASIL,GO
0.7675403759597564,ORIZONA,GO
0.26689925861317054,OURO VERDE DE GOIÁS,GO
0.8498839308743874,OUVIDOR,GO
0.9133034379671151,PADRE BERNARDO,GO
0.30598586253571963,PALMEIRAS DE GOIÁS,GO
0.39880952380952384,PALMELO,GO
0.8072372999304106,PALMINÓPOLIS,GO
0.6166666666666667,PANAMÁ,GO
0.5453776495173649,PARAÍSO DO TOCANTINS,TO
0.7482337829158638,PARANÃ,TO
0.5318443552608619,PARAÚNA,GO
0.5560194850382741,PEDRO AFONSO,TO
0.657491069552427,PEIXE,TO
0.6449730700179533,COLMÉIA,TO
0.35526315789473684,PETROLINA DE GOIÁS,GO
0.7878911842912661,GOIATINS,TO
0.8946280991735537,PILAR DE GOIÁS,GO
0.4515011547344111,PINDORAMA DO TOCANTINS,TO
0.6257112228910695,PIRACANJUBA,GO
0.7685534591194969,PIRANHAS,GO
0.4443324937027708,PIRENÓPOLIS,GO
0.5753996377667533,PIRES DO RIO,GO
0.7839630804730314,PIUM,TO
0.4742647058823529,PONTALINA,GO
0.7549148099606815,PONTE ALTA DO BOM JESUS,TO
0.5206442166910689,PONTE ALTA DO TOCANTINS,TO
0.65304365441102,PORANGATU,GO
0.6194774346793349,PORTELÂNDIA,GO
0.6975394212441518,PORTO NACIONAL,TO
0.5350713428457128,POSSE,GO
0.8124786741408725,QUIRINÓPOLIS,GO
0.5745296671490593,RIALMA,GO
0.43811011323701676,RIANÁPOLIS,GO
0.9327731092436975,LIZARDA,TO
0.46542479893768945,RIO VERDE,GO
0.7716037176191418,RUBIATABA,GO
0.5975462590506838,SANCLERLÂNDIA,GO
0.6918872266973533,SANTA BÁRBARA DE GOIÁS,GO
0.4454828660436137,SANTA CRUZ DE GOIÁS,GO
0.7389533923953118,SANTA HELENA DE GOIÁS,GO
0.6853748463744367,SANTA RITA DO ARAGUAIA,GO
0.5984593163216178,SANTA ROSA DE GOIÁS,GO
0.8265647396082179,SANTA TEREZA DE GOIÁS,GO
0.7819402721328856,SANTA TEREZINHA DE GOIÁS,GO
0.8926019820235077,SÃO DOMINGOS,GO
0.5554887218045113,SÃO FRANCISCO DE GOIÁS,GO
0.2861787601212993,PLANALTINA,GO
0.8110053998457187,SÃO JOÃO D ALIANÇA,GO
0.5358310626702997,SÃO LUÍS DE MONTES BELOS,GO
0.5436910325368133,SÃO MIGUEL DO ARAGUAIA,GO
0.7407407407407407,SÃO SEBASTIÃO DO TOCANTINS,TO
0.8644696407756702,SÃO SIMÃO,GO
0.8055152394775036,SERRANÓPOLIS,GO
0.7413179413179413,SILVÂNIA,GO
0.5426980198019802,SÍTIO D ABADIA,GO
0.8121682319314005,SÍTIO NOVO DO TOCANTINS,TO
0.5973068291118948,TAGUATINGA,TO
0.5955307262569832,TAQUARAL DE GOIÁS,GO
0.5250816265954289,TOCANTÍNIA,TO
0.5341390352236339,TOCANTINÓPOLIS,TO
0.8076216712580349,TRÊS RANCHOS,GO
0.6859540717513604,TRINDADE,GO
0.4271514035895076,GUARAÍ,TO
0.4937533948940793,PRESIDENTE KENNEDY,TO
0.7497807658579363,TURVÂNIA,GO
0.7672397968549226,URUAÇU,GO
0.6214819069500287,URUANA,GO
0.409211222869243,URUTAÍ,GO
0.6732943469785575,VARJÃO,GO
0.7047706142356348,VIANÓPOLIS,GO
0.3698854337152209,XAMBIOÁ,TO
0.7775075396439343,ACREÚNA,GO
0.4761467287879782,MINAÇU,GO
0.6855626919854789,PALMEIRÓPOLIS,TO
0.6889994148624927,MUNDO NOVO,GO
0.6414385399892646,NOVA CRIXÁS,GO
0.7300044189129474,NOVA GLÓRIA,GO
0.6228584839239615,VICENTINÓPOLIS,GO
0.629156010230179,SILVANÓPOLIS,TO
0.8146563252206472,AMERICANO DO BRASIL,GO
0.7047275641025641,NOVA OLINDA,TO
0.7602954341987467,WANDERLÂNDIA,TO
0.6588801099278598,FIGUEIRÓPOLIS,TO
0.5061963775023832,ARAGUAPAZ,GO
0.5613741097612065,ARENÓPOLIS,GO
0.8558714998914695,CACHOEIRA DOURADA,GO
0.9247727272727273,DOVERLÂNDIA,GO
0.6669133974833457,SANTO ANTÔNIO DO DESCOBERTO,GO
0.6741780568895456,RIO SONO,TO
0.5896889646357052,INDIARA,GO
0.6041041041041041,FÁTIMA,TO
0.6987618545837724,AUGUSTINÓPOLIS,TO
0.8732265446224257,CAMPINAÇU,GO
0.3988220445940261,SANTA ISABEL,GO
0.6578411405295316,ADELÂNDIA,GO
0.7291882556131261,ÁGUA FRIA DE GOIÁS,GO
0.6497326203208557,ALIANÇA DO TOCANTINS,TO
0.5829510703363915,APARECIDA DO RIO NEGRO,TO
0.14371798734558602,BARROLÂNDIA,TO
0.37123759323427497,BRASÍLIA,DF
0.37909234590200946,BODOQUENA,MS
0.25842364532019707,COSTA RICA,MS
0.31086884704327716,DOURADINA,MS
0.45981930575368524,ITAQUIRAÍ,MS
0.439206849932402,SÃO GABRIEL DO OESTE,MS
0.32427891346961635,SELVÍRIA,MS
0.3246513535684988,SETE QUEDAS,MS
0.3833520809898763,TACURU,MS
0.32759422987436015,TAQUARUSSU,MS
0.31354489164086685,JUARA,MT
0.4262013026914096,TEUTÔNIA,RS
0.891496899911426,BOM PRINCÍPIO,RS
0.6890265417336418,PAROBÉ,RS
0.6906794127688631,FORTALEZA DOS VALOS,RS
0.3764559068219634,JÓIA,RS
0.27690132880972573,JUÍNA,MT
0.6420109794856977,DENISE,MT
0.625277920301009,IRANDUBA,AM
0.6817826426896012,ITAMARATI,AM
0.5326553118490381,MANAQUIRI,AM
0.5391751773602557,PRESIDENTE FIGUEIREDO,AM
0.4766652059596845,RIO PRETO DA EVA,AM
0.6220744680851064,SÃO SEBASTIÃO DO UATUMÃ,AM
0.5882607285698843,TABATINGA,AM
0.8402489626556017,UARINI,AM
0.6831920383339477,TONANTINS,AM
0.35738068812430634,QUIXELÔ,CE
0.8006722346710125,UMIRIM,CE
0.7287888963510186,VARJOTA,CE
0.22258495325715982,CORONEL SAPUCAIA,MS
0.3665458937198068,ALTO TAQUARI,MT
0.538357094365241,ARAGUAIANA,MT
0.45710291804997377,CAMPINÁPOLIS,MT
0.4113684210526316,COCALINHO,MT
0.2477189781021898,ITAÚBA,MT
0.5721719021005974,MARCELÂNDIA,MT
0.6376270173341303,NOVA OLÍMPIA,MT
0.38314728123874686,NOVA CANAÃ DO NORTE,MT
0.392904073587385,NOVO SÃO JOAQUIM,MT
0.4628185127405096,NOVO HORIZONTE DO NORTE,MT
0.5203761755485894,PEIXOTO DE AZEVEDO,MT
0.39002995293110826,PARANAÍTA,MT
0.42707554225878835,PORTO ALEGRE DO NORTE,MT
0.6911971124924805,PORTO ESPERIDIÃO,MT
0.41737005775211017,PRIMAVERA DO LESTE,MT
0.9309838472834068,RESERVA DO CABAÇAL,MT
0.7526016417813974,SORRISO,MT
0.46518464082307553,TERRA NOVA DO NORTE,MT
0.45198358413132694,VERA,MT
0.5102564102564102,VILA RICA,MT
0.5399759903961585,COMODORO,MT
0.8357487922705314,FIGUEIRÓPOLIS D OESTE,MT
0.7021383647798742,GUARANTÃ DO NORTE,MT
0.864448051948052,INDIAVAÍ,MT
