deputado_nome,101666-71,104342-141,104342-99,112893-218,112893-225,114145-58,129219-194,14271-84,14641-68,153275-100,15471-155,18454-92,21400-240,21571-106,21571-116,21571-127,21571-130,21571-133,21571-139,21571-141,21571-143,21571-148,21571-151,21571-154,21571-156,256022-206,264293-105,264293-117,264293-69,264293-78,264293-88,270010-197,284827-198,290450-52,290450-54,293027-111,307814-70,307814-85,307925-175,313951-141,313951-147,313951-152,313951-187,313951-205,313951-237,313951-248,313951-268,327896-22,330427-122,330427-143,330427-242,330427-309,330427-311,330427-313,330427-318,332542-64,335178-67,335937-47,335937-79,338066-34,339302-57,339409-144,339551-46,339551-65,339551-83,339552-29,339630-35,339689-104,339689-114,339689-186,339689-196,339689-67,339689-82,339689-88,339696-112,339696-121,339696-91,339705-102,339705-120,339705-147,339705-95,339823-36,339823-56,339823-84,339846-80,339847-104,339847-110,339847-121,339847-86,339848-105,339850-113,339850-186,339850-92,339851-114,339853-79,339854-37,339977-66,340034-159,340369-4,344056-55,344468-77,345069-114,345069-119,345069-121,345070-79,345552-78,345552-88,345552-93,346697-65,346782-62,346913-109,347030-10,347832-48,348693-57,348711-50,349771-61,350108-117,350464-54,350464-60,350464-72,350489-4,350507-7,350571-30,350808-76,352580-39,352776-50,353093-92,353741-128,353741-160,353741-192,353741-54,353741-67,353776-4,354034-47,355920-104,355920-40,356032-50,356695-67,356805-49,358878-110,361442-144,363391-101,363391-44,363391-64,363391-81,363568-127,364186-139,364186-74,364186-86,364579-61,365555-120,366816-167,368083-56,368083-72,368084-49,368170-49,368679-64,368679-81,369841-45,370193-6,371091-7,371547-84,371789-105,371789-147,371789-93,372150-100,373907-63,374302-82,377706-66,377965-69,377965-86,378478-161,378478-172,378478-213,378478-223,378478-232,378478-242,378478-308,378478-317,380508-55,382081-100,382081-106,382081-60,382081-77,382665-65,382667-61,382680-56,382680-63,382681-107,382688-119,382688-99,382708-110,382708-93,382725-97,383657-93,384554-74,384772-5,388308-65,391163-36,391163-52,391163-64,391163-75,391163-86,392908-35,392908-60,392908-82,394079-102,394079-127,394079-140,394079-150,394079-156,394079-192,394079-195,394079-55,394079-73,394079-80,394100-47,394104-98,394947-104,394947-110,394947-54,394947-81,396987-124,396987-131,396987-72,396987-95,397936-51,398628-60,402373-55,402378-65,402378-77,402378-97,403395-126,403395-164,403395-85,403395-93,403508-104,403508-95,403997-6,406183-14,408452-117,412236-104,413095-63,413095-70,415049-31,415049-45,415049-51,415049-66,416057-86,416057-90,416057-93,416531-9,419290-65,419290-71,419290-80,420066-66,420746-108,420746-123,420746-129,420746-62,420746-81,421658-5,421658-7,422455-79,422455-92,422643-94,422683-100,422683-129,422684-88,423427-100,423427-110,423427-147,423427-82,423428-126,423428-129,423428-137,423428-142,423428-91,423580-6,423585-62,428043-85,428250-112,428250-125,428250-162,428250-189,428250-200,428250-71,428250-93,429836-64,430472-108,430472-85,431536-5,434563-110,434563-185,434563-74,434563-87,434938-122,434938-133,436198-9,437378-16,438197-76,438409-126,438409-137,438409-157,438409-164,438409-203,438942-12,439736-22,440177-118,440177-163,440177-43,440177-53,440177-65,440269-157,440269-72,440269-73,440269-76,440269-79,440269-88,440269-92,440269-94,440274-5,440517-13,441341-10,441673-111,441673-92,443158-105,443158-140,443158-147,443158-158,443158-205,443158-92,443247-5,445427-89,446738-5,447734-66,447935-106,447935-121,447935-142,447935-79,447935-83,447936-162,447937-133,447937-136,453801-40,453801-55,453801-69,453801-81,453801-89,454360-6,454911-100,454911-118,454911-132,454911-145,454911-32,454911-55,454911-70,454911-86,458747-7,458748-9,458749-9,463287-47,463451-54,463451-87,464520-129,464520-147,464520-164,465329-108,465329-74,465329-98,465331-92,465333-71,465356-63,465356-77,466304-84,466305-106,466305-84,467514-6,469773-6,469774-6,469956-4,471208-8,471270-100,471270-135,471270-95,474361-64,474361-85,475370-16,482426-31,482426-43,483907-53,483907-59,483948-50,485201-93,485262-48,486701-6,488165-8,488578-7,489010-5,489682-5
Abelardo Camarinha,1.0,,,,,,1.0,,,1.0,1.0,,,0.0,1.0,,1.0,1.0,1.0,,,,,1.0,1.0,1.0,,,,,,,,,,,1.0,,0.0,,,,0.0,0.0,1.0,0.0,1.0,1.0,,0.0,1.0,1.0,,,1.0,,0.0,,,1.0,,1.0,,0.0,,1.0,1.0,,,,1.0,1.0,,,,0.0,,,0.0,0.0,0.0,,0.0,,,0.0,,0.0,0.0,0.0,0.0,0.0,,0.0,,1.0,,,1.0,,1.0,1.0,,,,,1.0,1.0,,1.0,0.0,1.0,,1.0,1.0,,,0.0,,0.0,1.0,1.0,1.0,1.0,0.0,,,0.0,,1.0,,0.0,0.0,0.0,,,0.0,1.0,1.0,1.0,,1.0,,0.0,0.0,,,,,,,,,,1.0,1.0,0.0,,,,,1.0,,,,,1.0,,,0.0,1.0,,,,,,,0.0,1.0,,,,,,,1.0,0.0,,,,,,,,1.0,,,,,,,0.0,,,,,,,,,,,,0.0,1.0,0.0,0.0,,,,1.0,,,,,,1.0,,,0.0,,,0.0,,1.0,,,1.0,,,0.0,,,,0.0,1.0,0.0,,,,,,,,,,,,,,,,1.0,,1.0,1.0,,0.0,,,,,,,1.0,1.0,,,,,,,,,,,,,,,,1.0,,,,,1.0,,0.0,,,,1.0,1.0,1.0,,0.0,,1.0,,,0.0,1.0,0.0,,1.0,1.0,,,0.0,1.0,1.0,,,,1.0,,,,,,,,,,,,,1.0,,0.0,,,,,,0.0,0.0,,,,,,1.0,,,,,,,,1.0,,1.0,,1.0,0.0,1.0,,1.0,,,,,,,,,,,1.0,,,,,,0.0,,0.0,1.0,1.0,1.0,,0.0,,,,,1.0,1.0
Abelardo Lupion,1.0,,1.0,1.0,,1.0,,1.0,1.0,0.0,0.0,0.0,1.0,0.0,1.0,,,,1.0,,1.0,1.0,1.0,1.0,1.0,0.0,,1.0,,,,1.0,,1.0,0.0,1.0,1.0,,1.0,,,,,,0.0,1.0,,1.0,,,,,,,,,1.0,,,0.0,,1.0,,,,,0.0,,,0.0,1.0,,,,,,,,,1.0,,1.0,,,,,,,,,,1.0,,,,0.0,1.0,,1.0,1.0,,,,1.0,1.0,0.0,1.0,1.0,0.0,0.0,,,1.0,,0.0,0.0,,,1.0,0.0,0.0,,1.0,1.0,0.0,1.0,,0.0,,,0.0,1.0,,,,,,,0.0,,1.0,,,,,,,,,,,0.0,0.0,0.0,0.0,0.0,,,1.0,1.0,1.0,0.0,,1.0,,0.0,0.0,0.0,1.0,,,,,,,,,0.0,1.0,,,,,,,,,,,0.0,0.0,0.0,0.0,1.0,0.0,,,0.0,,,,,,,,,,1.0,1.0,0.0,,,,,,,,,,,,,1.0,,,,,,,,,,,0.0,,,1.0,0.0,1.0,,,1.0,,,,,,,,1.0,,,1.0,,,,,,,,,1.0,1.0,0.0,0.0,1.0,,,1.0,,,0.0,1.0,0.0,0.0,1.0,0.0,,,1.0,1.0,,0.0,0.0,0.0,1.0,,,1.0,,1.0,1.0,1.0,,0.0,,0.0,0.0,1.0,,,,,,,,1.0,0.0,1.0,,,,,0.0,1.0,0.0,0.0,1.0,1.0,0.0,0.0,,1.0,,1.0,,1.0,,,,0.0,1.0,1.0,1.0,,0.0,,,0.0,,,,,,,,,,,,,,,,,,,,,0.0,0.0,,,1.0,,,,1.0,0.0,1.0,0.0,1.0,,,,,,,1.0,1.0,,,,0.0,,,,,,,1.0,1.0,0.0,1.0,,,1.0,,0.0,
Acélio Casagrande,,,,0.0,1.0,1.0,,1.0,,,0.0,0.0,1.0,,,,,,,,,,,,,1.0,,,,,,1.0,0.0,1.0,0.0,,1.0,1.0,,,,,,,,,,,,,,,,,,,,,,,1.0,0.0,,,1.0,,,0.0,0.0,1.0,1.0,1.0,,0.0,0.0,0.0,1.0,0.0,0.0,0.0,0.0,,,0.0,0.0,0.0,0.0,0.0,0.0,0.0,,1.0,,0.0,1.0,,1.0,,,0.0,1.0,,,,0.0,0.0,,0.0,1.0,1.0,,0.0,,1.0,1.0,1.0,,,,,1.0,1.0,1.0,,0.0,,,,0.0,,0.0,1.0,1.0,,,,,,,,1.0,,,,,,,,,,,,,,,,,,,1.0,,,,,,,,,,,,0.0,1.0,0.0,1.0,0.0,0.0,0.0,1.0,,,,,,,,,,,,,,,,,,1.0,,,,,,,,,,,,,,,,,,,,0.0,0.0,,,,,1.0,,0.0,0.0,,0.0,0.0,,,,,,,,1.0,1.0,1.0,1.0,,1.0,,,,,,,0.0,1.0,1.0,1.0,0.0,0.0,0.0,0.0,0.0,1.0,0.0,0.0,0.0,,,1.0,1.0,0.0,0.0,0.0,1.0,1.0,1.0,1.0,0.0,1.0,1.0,1.0,1.0,0.0,,1.0,1.0,0.0,0.0,0.0,0.0,1.0,0.0,1.0,1.0,0.0,1.0,1.0,1.0,1.0,0.0,1.0,1.0,1.0,1.0,1.0,0.0,0.0,1.0,1.0,0.0,0.0,1.0,1.0,1.0,1.0,0.0,0.0,1.0,,0.0,1.0,0.0,0.0,0.0,0.0,0.0,1.0,1.0,,1.0,1.0,,0.0,,0.0,1.0,,1.0,0.0,1.0,1.0,0.0,1.0,1.0,0.0,0.0,,0.0,0.0,0.0,0.0,0.0,,0.0,1.0,0.0,,,0.0,0.0,1.0,0.0,0.0,1.0,1.0,1.0,1.0,1.0,,0.0,0.0,1.0,,,,,,,,,,,1.0,,,1.0,,,,,,,,,,,,,,,,,,,
Ademir Camilo,1.0,0.0,,,1.0,1.0,1.0,1.0,1.0,1.0,,1.0,1.0,0.0,,0.0,1.0,1.0,,,,,,1.0,1.0,1.0,0.0,1.0,0.0,0.0,1.0,1.0,0.0,1.0,0.0,,,1.0,1.0,0.0,0.0,,0.0,,1.0,0.0,1.0,1.0,0.0,0.0,1.0,1.0,1.0,1.0,1.0,,0.0,0.0,0.0,1.0,,,1.0,,1.0,1.0,1.0,0.0,0.0,1.0,1.0,,,0.0,0.0,,1.0,0.0,0.0,0.0,0.0,1.0,0.0,0.0,0.0,0.0,0.0,0.0,,0.0,0.0,1.0,,0.0,1.0,0.0,,,1.0,,1.0,0.0,,,,0.0,,0.0,1.0,1.0,0.0,0.0,0.0,1.0,1.0,0.0,1.0,,1.0,0.0,1.0,,1.0,,,1.0,0.0,0.0,,,1.0,0.0,0.0,,1.0,,0.0,,1.0,1.0,,0.0,,,0.0,0.0,0.0,,1.0,1.0,0.0,1.0,0.0,1.0,1.0,1.0,0.0,,,,1.0,1.0,1.0,1.0,0.0,1.0,1.0,1.0,1.0,,1.0,,1.0,0.0,,0.0,0.0,,,,,0.0,0.0,,,,0.0,,,1.0,0.0,1.0,1.0,1.0,0.0,1.0,1.0,1.0,0.0,1.0,,0.0,1.0,1.0,0.0,,,0.0,0.0,,,0.0,1.0,0.0,1.0,0.0,0.0,,0.0,,,,1.0,1.0,0.0,0.0,1.0,0.0,0.0,,0.0,0.0,0.0,1.0,0.0,0.0,1.0,1.0,,1.0,0.0,1.0,1.0,1.0,0.0,1.0,,0.0,,0.0,1.0,1.0,0.0,,0.0,,,1.0,,0.0,,1.0,1.0,1.0,1.0,0.0,0.0,0.0,1.0,1.0,0.0,1.0,0.0,1.0,1.0,0.0,1.0,0.0,1.0,,,0.0,1.0,0.0,0.0,,,0.0,1.0,0.0,0.0,1.0,,1.0,,,1.0,1.0,1.0,,,0.0,,1.0,0.0,,,1.0,,0.0,0.0,0.0,1.0,,0.0,0.0,0.0,0.0,0.0,0.0,0.0,,1.0,1.0,1.0,1.0,,,0.0,,,,,,1.0,1.0,,1.0,1.0,,0.0,0.0,,,,,0.0,,,,0.0,,,0.0,,,0.0,0.0,,1.0,,1.0,1.0,1.0,0.0,,1.0,1.0,0.0,0.0,,,,,1.0,0.0,1.0,,,1.0,,1.0,0.0,1.0,0.0,0.0,,0.0,0.0,,1.0,1.0,1.0,0.0,0.0,1.0,1.0,1.0,,1.0
Adão Pretto,,,,,,,1.0,,1.0,,,,,,,,,,,,,,,,,1.0,,,0.0,0.0,1.0,,,,,,,,0.0,0.0,0.0,1.0,,0.0,1.0,,,1.0,0.0,0.0,1.0,1.0,1.0,1.0,1.0,1.0,0.0,0.0,0.0,1.0,1.0,,1.0,,1.0,1.0,1.0,0.0,,1.0,0.0,,0.0,0.0,,,1.0,,,,,0.0,0.0,0.0,0.0,0.0,0.0,0.0,0.0,,0.0,0.0,1.0,0.0,1.0,1.0,,,1.0,0.0,,,,,0.0,,,,1.0,1.0,0.0,,0.0,1.0,1.0,1.0,1.0,,,,1.0,1.0,0.0,1.0,,1.0,0.0,1.0,0.0,1.0,0.0,1.0,1.0,,,0.0,0.0,0.0,0.0,1.0,,,0.0,,0.0,0.0,,0.0,1.0,1.0,0.0,1.0,0.0,1.0,,1.0,0.0,,1.0,,1.0,1.0,1.0,0.0,0.0,1.0,,1.0,1.0,,1.0,,,,,,,,,,,0.0,,0.0,1.0,1.0,0.0,1.0,0.0,1.0,,0.0,1.0,0.0,0.0,0.0,,1.0,0.0,1.0,0.0,0.0,1.0,1.0,0.0,0.0,0.0,0.0,0.0,1.0,1.0,0.0,1.0,0.0,1.0,0.0,0.0,0.0,0.0,0.0,1.0,0.0,0.0,1.0,0.0,1.0,,0.0,0.0,0.0,0.0,0.0,0.0,1.0,0.0,0.0,,,,,0.0,,1.0,1.0,,1.0,0.0,0.0,,,,,,,,,,,,,,,,,,,,,,,,,,,,,,,,,,,,,,,,,,,,,,,,,,,,,,,,,,,,,,,,,,,,,,,,,,,,,,,,,,,,,,,,,,,,,,,,,,,,,,,,,,,,,,,,,,,,,,,,,,,,,,,,,,,,,,,,,,,,,,,,,,,,,,,,
Aelton Freitas,1.0,,0.0,,1.0,,1.0,1.0,1.0,1.0,0.0,,1.0,,,,,,,,1.0,1.0,1.0,1.0,1.0,1.0,0.0,1.0,0.0,0.0,1.0,1.0,0.0,,,1.0,1.0,1.0,1.0,,0.0,1.0,0.0,0.0,,0.0,1.0,,0.0,0.0,1.0,1.0,1.0,1.0,1.0,1.0,0.0,0.0,0.0,0.0,0.0,1.0,,0.0,1.0,,1.0,,0.0,,1.0,,,,,0.0,,0.0,0.0,,0.0,,0.0,0.0,0.0,0.0,0.0,,0.0,0.0,0.0,,1.0,0.0,,0.0,,1.0,1.0,0.0,1.0,,0.0,,0.0,0.0,1.0,0.0,1.0,1.0,0.0,1.0,1.0,1.0,1.0,1.0,,1.0,0.0,1.0,1.0,1.0,0.0,1.0,0.0,1.0,,0.0,1.0,1.0,,,1.0,,1.0,0.0,,0.0,,1.0,,1.0,,0.0,0.0,0.0,0.0,0.0,,,0.0,0.0,,1.0,,1.0,,0.0,1.0,1.0,1.0,,1.0,0.0,0.0,1.0,1.0,1.0,1.0,0.0,1.0,0.0,1.0,0.0,1.0,0.0,0.0,0.0,1.0,0.0,,0.0,,0.0,,1.0,0.0,,0.0,1.0,,0.0,0.0,1.0,0.0,1.0,1.0,,0.0,1.0,0.0,0.0,1.0,1.0,0.0,,,,,,,0.0,,,1.0,,,,0.0,0.0,,0.0,,,0.0,,,,,,,,0.0,1.0,0.0,0.0,1.0,1.0,,1.0,0.0,,1.0,,1.0,1.0,0.0,0.0,,,,1.0,,0.0,,,0.0,,1.0,0.0,1.0,1.0,,1.0,1.0,0.0,,0.0,,1.0,0.0,,0.0,1.0,1.0,0.0,1.0,,,,1.0,1.0,1.0,0.0,0.0,1.0,,,,1.0,,1.0,1.0,1.0,1.0,1.0,1.0,1.0,,,0.0,0.0,1.0,,,,1.0,1.0,1.0,,0.0,0.0,1.0,0.0,0.0,0.0,0.0,,,1.0,1.0,1.0,1.0,1.0,,1.0,,0.0,0.0,,1.0,0.0,1.0,,1.0,1.0,0.0,1.0,,0.0,0.0,,,,0.0,,,0.0,0.0,,0.0,1.0,0.0,0.0,0.0,0.0,0.0,,1.0,1.0,1.0,1.0,1.0,,0.0,0.0,1.0,,1.0,,,1.0,,1.0,,,,1.0,1.0,1.0,,1.0,,,,,,0.0,,1.0,,,1.0,,,,,1.0,1.0,1.0
Affonso Camargo,,0.0,1.0,1.0,1.0,,1.0,1.0,,,0.0,0.0,1.0,,,,,,,,,,,,,0.0,,,,,,1.0,,1.0,0.0,,,,1.0,,,,,,0.0,,,1.0,,,,,,,,1.0,0.0,,,0.0,,,,,0.0,0.0,0.0,,,0.0,1.0,0.0,,,1.0,0.0,0.0,1.0,,,0.0,,0.0,,0.0,0.0,0.0,1.0,0.0,1.0,0.0,1.0,,,0.0,0.0,,1.0,1.0,,0.0,,0.0,1.0,1.0,0.0,1.0,0.0,0.0,0.0,,1.0,0.0,0.0,0.0,0.0,,1.0,1.0,0.0,0.0,1.0,1.0,,,1.0,,0.0,1.0,,0.0,0.0,1.0,1.0,,,,,0.0,,,,,,,,,,,1.0,1.0,0.0,,,0.0,0.0,1.0,0.0,,,1.0,0.0,,1.0,1.0,0.0,,0.0,1.0,,,,,,,,,,,,,,,,0.0,0.0,,0.0,,0.0,0.0,0.0,0.0,1.0,1.0,0.0,,0.0,,,,,,,,,,,1.0,0.0,,,0.0,,,,,,,,,,,,0.0,1.0,,1.0,,,,,,0.0,,,,,1.0,1.0,,,0.0,0.0,,,,,,1.0,0.0,1.0,1.0,,,1.0,,,,,,,,0.0,0.0,0.0,0.0,0.0,1.0,,,0.0,1.0,0.0,0.0,1.0,0.0,,1.0,,1.0,1.0,0.0,0.0,0.0,1.0,,0.0,,1.0,,1.0,1.0,,0.0,0.0,,,1.0,,,,,,,,1.0,,,,,,,,1.0,,0.0,0.0,1.0,0.0,0.0,1.0,,1.0,,1.0,,,,,,,,,,,,,,,,,,,,,,,1.0,,,,,,,0.0,,,,,,,,,,,,,,,,,,,0.0,,0.0,,,,,,,,,,,,,,,,,,,,,,,
Afonso Hamm,,1.0,0.0,1.0,,1.0,1.0,1.0,1.0,,0.0,0.0,,,1.0,1.0,0.0,1.0,1.0,,,,,1.0,1.0,1.0,,,0.0,0.0,1.0,1.0,0.0,0.0,1.0,1.0,,,1.0,0.0,0.0,1.0,0.0,1.0,1.0,0.0,1.0,1.0,0.0,,1.0,1.0,1.0,1.0,1.0,,0.0,0.0,0.0,1.0,0.0,,1.0,0.0,1.0,1.0,1.0,0.0,,,,,0.0,0.0,0.0,0.0,1.0,0.0,0.0,0.0,0.0,,0.0,0.0,0.0,0.0,0.0,0.0,,0.0,0.0,1.0,1.0,0.0,,,,1.0,1.0,0.0,1.0,0.0,0.0,1.0,0.0,0.0,,0.0,1.0,1.0,0.0,,,1.0,1.0,,1.0,,1.0,0.0,1.0,1.0,1.0,1.0,0.0,1.0,0.0,0.0,1.0,1.0,0.0,0.0,,,,,0.0,,0.0,,,1.0,0.0,0.0,,0.0,0.0,,,1.0,0.0,0.0,0.0,,,1.0,0.0,1.0,1.0,,1.0,1.0,1.0,0.0,0.0,1.0,1.0,1.0,,0.0,1.0,,,0.0,,0.0,,,1.0,,1.0,0.0,0.0,0.0,,,0.0,1.0,0.0,1.0,0.0,0.0,0.0,1.0,,1.0,1.0,,,1.0,0.0,,,1.0,0.0,0.0,0.0,0.0,1.0,1.0,1.0,0.0,1.0,0.0,,0.0,0.0,0.0,,,,0.0,1.0,1.0,0.0,,1.0,,0.0,0.0,,0.0,0.0,1.0,0.0,0.0,1.0,1.0,1.0,1.0,,,,1.0,0.0,1.0,0.0,,,1.0,1.0,,,,,,,,,,,,1.0,1.0,1.0,,,0.0,0.0,1.0,,0.0,,1.0,1.0,0.0,1.0,0.0,,,,,1.0,0.0,0.0,,0.0,,,0.0,1.0,,1.0,1.0,,1.0,,,1.0,1.0,,,,,,,1.0,,,,,,,,,0.0,1.0,1.0,1.0,0.0,0.0,1.0,1.0,,,1.0,0.0,0.0,0.0,1.0,,0.0,1.0,1.0,1.0,,,,,0.0,,,,0.0,0.0,,,0.0,,,0.0,1.0,0.0,,0.0,1.0,0.0,0.0,1.0,1.0,1.0,,1.0,1.0,,0.0,,1.0,,1.0,,1.0,1.0,,,0.0,,1.0,1.0,1.0,1.0,1.0,0.0,,0.0,,0.0,,0.0,1.0,,,1.0,,0.0,,1.0,,1.0,
Agnaldo Muniz,1.0,,,,,,,,,0.0,,,,,,,,,,,,,,,,,,,,,,,,,,,,,,,,,,,,,,,,,,,,,,,,,,,,,,,,,,,,,,,,,,,,,,,,,,,,,,,,,,,,,,,,,,,,,,,,,,,,,,,,,,,,,,,,,,,,,,,,,,,,,,,,,,,,,,,,,,,,,,,,,,,,,,,,,,,,,,,,,,,,,,,,,,,,,,,,,,,,,,,,,,,,,,,,,,,,,,,,,,,,,,,,,,,,,,,,,,,,,,,,,,,,,,,,,,,,,,,,,,,,,,,,,,,,,,,,,,,,,,,,,,,,,,,,,,,,,,,,,,,,,,,,,,,,,,,,,,,,,,,,,,,,,,,,,,,,,,,,,,,,,,,,,,,,1.0,,,,,,,,,,,,,,,,,,,,,,,,,,,,,,,,,,,,,,,,,,,,,,,,1.0,1.0,1.0,1.0,,0.0,1.0,,,,
Airton Roveda,,1.0,,0.0,1.0,,1.0,1.0,1.0,,0.0,1.0,1.0,,,,,,,,,,,,,1.0,,,,,,1.0,,0.0,0.0,,1.0,1.0,,0.0,,1.0,,0.0,1.0,,1.0,,0.0,0.0,1.0,1.0,1.0,1.0,1.0,1.0,,,,,,0.0,,,1.0,0.0,1.0,0.0,0.0,1.0,1.0,,,,,0.0,,,,,,0.0,0.0,,,0.0,0.0,0.0,0.0,0.0,,1.0,1.0,,1.0,1.0,1.0,1.0,,0.0,,,,0.0,,,,,1.0,1.0,0.0,1.0,1.0,1.0,1.0,,1.0,,0.0,1.0,1.0,1.0,0.0,1.0,,1.0,,0.0,1.0,1.0,,,1.0,,,,,0.0,0.0,1.0,1.0,1.0,,0.0,0.0,0.0,0.0,,,1.0,,0.0,,1.0,,1.0,0.0,0.0,1.0,,1.0,1.0,1.0,0.0,,1.0,,1.0,1.0,0.0,1.0,0.0,1.0,,1.0,,0.0,,,,1.0,0.0,,0.0,,1.0,,,,1.0,0.0,0.0,1.0,,0.0,1.0,1.0,1.0,0.0,1.0,0.0,,1.0,,0.0,0.0,,0.0,0.0,1.0,1.0,,1.0,,1.0,0.0,0.0,,,,,,1.0,,,0.0,,,,0.0,0.0,,0.0,1.0,,0.0,1.0,1.0,,,0.0,,1.0,,1.0,1.0,,0.0,0.0,1.0,1.0,,,0.0,,,,,,,1.0,1.0,1.0,1.0,1.0,0.0,0.0,,,1.0,0.0,1.0,0.0,1.0,1.0,0.0,1.0,0.0,,,1.0,,1.0,,,,0.0,1.0,,1.0,,1.0,1.0,1.0,1.0,,,1.0,,1.0,1.0,,,,,,1.0,1.0,1.0,,,,1.0,,0.0,0.0,0.0,0.0,,,,,1.0,,,1.0,,0.0,0.0,1.0,1.0,0.0,1.0,,1.0,1.0,,1.0,1.0,0.0,,,,,0.0,0.0,0.0,0.0,0.0,,0.0,1.0,0.0,0.0,0.0,,,0.0,,1.0,1.0,,,,,,,,,,,,,,,,,,,,,,,,,,,,,,,,,,,,,,,
Albano Franco,,0.0,1.0,1.0,,1.0,1.0,1.0,,0.0,,,1.0,0.0,1.0,0.0,1.0,1.0,,,,1.0,1.0,1.0,1.0,0.0,,,,,,1.0,1.0,1.0,0.0,,1.0,1.0,1.0,,,,,,,1.0,,1.0,,,0.0,0.0,,,,1.0,0.0,,,0.0,1.0,1.0,,,0.0,0.0,0.0,,,0.0,1.0,0.0,,,,,0.0,1.0,,1.0,0.0,0.0,0.0,,0.0,0.0,0.0,1.0,0.0,,0.0,1.0,1.0,0.0,,0.0,1.0,1.0,1.0,1.0,,,0.0,,1.0,0.0,1.0,,0.0,0.0,,1.0,,,0.0,0.0,,1.0,1.0,0.0,1.0,1.0,1.0,,,1.0,,0.0,1.0,,0.0,0.0,1.0,1.0,,,,,0.0,,0.0,,,,,,,,,,1.0,1.0,,0.0,,0.0,1.0,0.0,,,0.0,0.0,,1.0,,0.0,0.0,0.0,1.0,,,,,,,,,0.0,1.0,,,,,,,,,0.0,,0.0,0.0,0.0,0.0,1.0,,0.0,,,,,,,,,,,,,,,,,,,,,,,,,,,,,,,,,,,,,,0.0,,,,1.0,1.0,1.0,,1.0,0.0,0.0,,,,,,1.0,1.0,1.0,,,,,,,,,,,,0.0,0.0,0.0,,0.0,1.0,,,,,0.0,0.0,0.0,0.0,,1.0,1.0,1.0,,0.0,0.0,0.0,1.0,,0.0,1.0,1.0,1.0,,1.0,1.0,0.0,,1.0,,1.0,0.0,1.0,1.0,0.0,1.0,,0.0,,,1.0,0.0,,,,1.0,1.0,0.0,0.0,,1.0,,,1.0,,,1.0,1.0,1.0,,,,0.0,1.0,1.0,1.0,1.0,0.0,,0.0,,0.0,0.0,0.0,1.0,1.0,0.0,,,,,,,,,,0.0,0.0,,,0.0,0.0,0.0,,1.0,,,1.0,,1.0,0.0,1.0,0.0,1.0,,,0.0,0.0,0.0,,,,,,,,,,,,,,1.0,1.0,,0.0,,1.0,,1.0,1.0,
Alberto Fraga,1.0,,,,,1.0,1.0,,,0.0,,,,,1.0,1.0,,,1.0,1.0,1.0,1.0,1.0,1.0,1.0,,,,,,,,,,,1.0,,1.0,,,,,,,,,,1.0,,,,,,,,,1.0,,1.0,0.0,,1.0,,,,0.0,0.0,,,,,,,,,,,,,,,,,,,,,,,,,,,,,0.0,1.0,,1.0,,,,,,,,,,,,,,,,,,,,,,,,,,,,,,,,,,,,,,,,,,0.0,,,,,,,,,0.0,,,,,,,,,,,,,,,,,,,,,,,,,,,,0.0,1.0,,,,,,,,,,,,,,,,,,,,,,,,,,,,,,,,,,,,,,,,,,,,,,,,1.0,,,,,,,0.0,,,1.0,,,,,1.0,,0.0,,,,,,,,,,,,,,,,,,,,,,,,,,,,,,,,,,,,1.0,,,,0.0,0.0,1.0,,,1.0,,1.0,,1.0,,0.0,1.0,0.0,0.0,,,1.0,,,,,,,0.0,,,,,,,,,,,,,,,1.0,1.0,,,1.0,,,,,1.0,,1.0,,0.0,,0.0,0.0,,,,,,,,,,,0.0,,,,,,,,,,,,1.0,,1.0,,,0.0,1.0,0.0,1.0,,1.0,,,,,,1.0,1.0,1.0,1.0,,,0.0,,,,,,0.0,1.0,,0.0,1.0,,,0.0,0.0,0.0,1.0
Alberto Silva,,,,,,,,,,,,,,,,,,,,,,,,,,1.0,,1.0,0.0,,1.0,,,,,,,,1.0,,,,,,1.0,0.0,,1.0,,,,,,,,,,0.0,,1.0,,,,0.0,,,1.0,0.0,,,,,,0.0,0.0,,,,0.0,,,,,,0.0,0.0,,0.0,,,0.0,,,0.0,,,,,1.0,0.0,1.0,,,,,,,,,,,,,,,,,,,,1.0,1.0,,,,,,,,,,,,,,,,,,,,,,,,,,,,,0.0,,,,,,,,,,,,,,,,,,,,,,,,,,,,,,,,,,,,,,,,,,,,,,,,,,,,,,,,,,,,,,,,,,,,,,,,,,,,,,,,,0.0,0.0,,,,,,,,,,,,,,,,,,,,,,,,,,,,,,,,,,,,,,,,,,,,,,,,,,,,,,,,,,,,,,,,,,,,,,,,,,,,,,,,,,,,,,,,,,,,,,,,,,,,,,,,,,,,,,,,,,,,,,,,,,,,,,,,,,,,,,,,,,,,,,,,,,,,,,,,,,,,,,,,,,,,,,,
Albérico Filho,,,,,,,,,,,,,,,,,,,,,,,,,,,,,,,,,,0.0,0.0,,1.0,,,,,,,,,,,,,,,,,,,,,,,,,,,,,,,,,,,,,,,,,,,,,,,,,,,,,,,,,,,,,,,,,,,,,,,,,,,,,,,,,,,,,,,,,,,,,,,,,,,,,,,,,,,,,,,,,,,,,,,,,,,1.0,,,,,,,,,,,,,,,,,,,,,,,,,,,,,,,,,,,,,1.0,,,,,,,,,,,,,,,,,,,,,,,,,,,,,,,,,,,,,,,,,1.0,,,,,,,,,,,,,,,,,,,,,,,,,,,,,0.0,0.0,,,,,,,,,,,,,,0.0,1.0,0.0,0.0,1.0,0.0,1.0,,,,,1.0,1.0,1.0,1.0,,,,,0.0,,,,,,,,0.0,,0.0,,,0.0,,0.0,0.0,0.0,0.0,0.0,0.0,,,1.0,,,,,,,,,,,1.0,,,,,,,,,,,,,,,,,,,,,,,,,,,,,,,,,,,,,,,,,,,,,,,,,,,,,,,,,,,,,,,,,
Alceni Guerra,1.0,0.0,1.0,,,1.0,1.0,,1.0,0.0,,,,0.0,1.0,1.0,1.0,1.0,1.0,1.0,1.0,1.0,1.0,1.0,1.0,0.0,,,,,,,1.0,,,1.0,1.0,1.0,1.0,,,,,,0.0,1.0,0.0,1.0,,,0.0,,,,,,1.0,,,0.0,1.0,1.0,,,,0.0,0.0,,,0.0,1.0,,,,,,,1.0,,1.0,,1.0,,,,,,,,,,1.0,,1.0,0.0,,1.0,1.0,1.0,1.0,0.0,0.0,0.0,1.0,1.0,0.0,1.0,1.0,0.0,0.0,,,1.0,0.0,0.0,0.0,,,1.0,0.0,0.0,0.0,1.0,1.0,0.0,,,,0.0,,0.0,1.0,,,,,,,1.0,,1.0,,,,,,,,,0.0,1.0,,0.0,0.0,0.0,0.0,0.0,0.0,,,1.0,,,,,,,,,,,,,,,,,0.0,1.0,,,,,,,,,,,,,,,,,,,,,,,,,,,,,,,,,,,,,,,,1.0,,,,1.0,1.0,,,,,,,,,,0.0,,,1.0,0.0,,,,1.0,0.0,0.0,,,,,,,,,,,,,,,,,,1.0,1.0,,,,,,,,,,,,,,,,,,,,,0.0,0.0,1.0,,,1.0,0.0,0.0,,1.0,0.0,0.0,0.0,1.0,0.0,1.0,0.0,1.0,,,,,0.0,1.0,0.0,1.0,0.0,,,,,1.0,0.0,0.0,1.0,1.0,0.0,0.0,1.0,1.0,1.0,1.0,1.0,1.0,,,,0.0,1.0,,1.0,1.0,0.0,1.0,0.0,0.0,,,0.0,1.0,1.0,,,,,,0.0,,,,,,,,,0.0,0.0,0.0,1.0,1.0,,,,,1.0,0.0,1.0,,1.0,,,,,,1.0,1.0,1.0,,,,,,1.0,,,1.0,0.0,1.0,1.0,0.0,1.0,,1.0,1.0,0.0,1.0,1.0
Aldo Rebelo,,1.0,0.0,0.0,1.0,1.0,1.0,,1.0,1.0,,,1.0,,,,,,1.0,,1.0,,,1.0,,1.0,0.0,1.0,0.0,0.0,1.0,,,1.0,0.0,,1.0,,,0.0,0.0,1.0,0.0,,1.0,0.0,1.0,,0.0,0.0,1.0,1.0,1.0,1.0,1.0,1.0,0.0,0.0,0.0,,1.0,,1.0,0.0,1.0,,,0.0,0.0,1.0,0.0,1.0,,0.0,,,1.0,0.0,0.0,0.0,0.0,,0.0,0.0,0.0,,0.0,0.0,,0.0,0.0,0.0,,0.0,,,,,,0.0,1.0,1.0,1.0,1.0,,0.0,1.0,0.0,1.0,1.0,0.0,1.0,1.0,,,1.0,1.0,0.0,1.0,0.0,,,0.0,1.0,0.0,1.0,0.0,1.0,0.0,,,,1.0,0.0,1.0,0.0,0.0,0.0,1.0,,0.0,1.0,0.0,0.0,0.0,,0.0,,,1.0,,1.0,0.0,1.0,1.0,1.0,0.0,1.0,,,1.0,1.0,1.0,,,1.0,1.0,1.0,1.0,0.0,1.0,0.0,1.0,0.0,,0.0,0.0,,,0.0,1.0,0.0,0.0,,1.0,1.0,0.0,,0.0,,0.0,1.0,1.0,1.0,0.0,1.0,,1.0,0.0,1.0,,,,1.0,0.0,0.0,,0.0,,1.0,,0.0,1.0,0.0,1.0,,,0.0,0.0,,1.0,,,,,,,,0.0,,,,0.0,1.0,0.0,0.0,1.0,1.0,,,0.0,,,1.0,0.0,,,0.0,,,,,,0.0,0.0,0.0,,,,0.0,1.0,1.0,,,,0.0,,,,,,1.0,0.0,1.0,1.0,0.0,1.0,0.0,,,,0.0,1.0,1.0,0.0,0.0,0.0,1.0,,1.0,1.0,1.0,1.0,1.0,0.0,1.0,1.0,1.0,1.0,,,0.0,1.0,1.0,,0.0,,1.0,0.0,1.0,0.0,,,,,1.0,1.0,0.0,,,,1.0,1.0,,,1.0,0.0,0.0,0.0,,,0.0,1.0,0.0,1.0,1.0,0.0,1.0,1.0,,,1.0,0.0,0.0,,0.0,0.0,0.0,,0.0,0.0,1.0,,,,,,0.0,,,,,1.0,1.0,0.0,,,,1.0,,1.0,1.0,1.0,,1.0,0.0,1.0,,,,1.0,,,,,0.0,0.0,,0.0,1.0,1.0,1.0,1.0,0.0,0.0,,1.0,,1.0,1.0
Alessandro Sabino,,,,,,,,,,,,,,,,,,,,,,,,,,,,,,,,,,,,,,,,,,,,,,,,,,,,,,,,,,,,,,,,,,,,,,,,,,,,,,,,,,,,,,,,,,,,,,,,,,,,,,,,,,,,,,,,,,,,,,,,,,,,,,,,,,,,,,,,,,,,,,,,,,,,,,,,,,,,,,,,,,,,,,,,,,,,,,,,,,,,,,,,,,,,,,,,,,,,,,,,,,,,,,,,,,,,,,,,,0.0,,,,,0.0,1.0,1.0,,,,,,,,,,,,,,,,,,,,,,,,,,,,,,,,,,,,,,,,,,,,,,,,,,,,,,,,,,,,,,,,,,,,,,,,,,,,,,,,,,,,,,,,,,,,,,,,,,,,,,,,,,,,,,,,,,,,,,,,,,,,,,,,,,,,,,,,,,,,,,,,,,,,,,,,,,,,,,,,,,,,,,,,,,,,,,,,
Alex Canziani,,,,,1.0,1.0,1.0,1.0,1.0,0.0,0.0,0.0,1.0,0.0,1.0,0.0,1.0,1.0,1.0,,1.0,,,,1.0,1.0,0.0,1.0,0.0,,,1.0,0.0,,,1.0,1.0,1.0,1.0,,,,0.0,0.0,1.0,0.0,1.0,,0.0,,1.0,,,,,1.0,,,,,,0.0,,,1.0,,1.0,,0.0,1.0,1.0,,0.0,0.0,,,,0.0,0.0,0.0,0.0,,,0.0,,0.0,0.0,0.0,,0.0,0.0,1.0,1.0,0.0,,0.0,,,,,1.0,0.0,,,0.0,,,,,1.0,0.0,,0.0,,1.0,1.0,1.0,0.0,1.0,,1.0,1.0,0.0,1.0,,1.0,,0.0,1.0,1.0,,0.0,,0.0,,,0.0,0.0,0.0,1.0,0.0,1.0,0.0,0.0,,,0.0,,1.0,1.0,0.0,,,1.0,1.0,,,0.0,,1.0,,1.0,,,,1.0,1.0,1.0,1.0,,1.0,,1.0,,,,,,1.0,,1.0,,0.0,0.0,1.0,,,,,,1.0,0.0,0.0,,0.0,1.0,,1.0,,1.0,,0.0,1.0,,0.0,0.0,,,,1.0,,,1.0,,,0.0,,0.0,0.0,,1.0,,1.0,1.0,,0.0,1.0,,,,0.0,0.0,,,,,,1.0,,,0.0,1.0,,,0.0,1.0,,0.0,0.0,1.0,1.0,,0.0,,,,0.0,0.0,1.0,0.0,,1.0,1.0,,1.0,0.0,0.0,0.0,0.0,,0.0,1.0,,,,,1.0,,,1.0,1.0,,,,0.0,1.0,,,,0.0,0.0,1.0,1.0,1.0,,,,1.0,,1.0,,0.0,1.0,1.0,,0.0,,,1.0,1.0,,,,,,,,,,,,1.0,1.0,,1.0,1.0,0.0,,0.0,1.0,,,,1.0,,,0.0,,1.0,,,1.0,,,,0.0,0.0,0.0,0.0,,,,,,,,,,1.0,1.0,1.0,1.0,,1.0,,,,1.0,,,,1.0,1.0,1.0,,,,,,,1.0,1.0,0.0,1.0,0.0,,,,,,1.0,1.0,1.0,,0.0,1.0,,1.0,,1.0
Alexandre Cardoso,,,,,,,,,,,,,,0.0,1.0,0.0,1.0,1.0,1.0,1.0,1.0,1.0,1.0,1.0,1.0,,,,,,,,,,,1.0,,,,,,,,,,,,,,,,,,,,,,,,,,,,,,,,,,,,,,,,,,,,,,,,,,,,,,,,,,,,,,,,,,,,,,,,,,,,,,,,,,,,,,,,,,,,,,,,,,,,,,,,,,,,,,,,,,,,,,,,,,,,,,,,,,,,,,,,,,,,,,,,,,,,,,,,,,,,,,,,,,,,,,,,,,,,,,,,,,,,,,,,,,,,,,,,,,,,,,,,,,,,,,,,,,,,,,,,,,,,,,,,,,,,,,,,,,,,,,,,,,,,,,,,,,,,,,,,,,,,,,,,,,,,,,,,,,,,,,,,,,,,,,,,,,,,,,,,,,,,,,,,,,,,,,,,,,,,,,,,,,,,,,,,1.0,,,,1.0,0.0,0.0,,,1.0,1.0,1.0,0.0,1.0,,0.0,1.0,,1.0,0.0,1.0,0.0,,,,,,,,,,,,,,,
Alexandre Santos,,1.0,0.0,1.0,1.0,1.0,1.0,1.0,,1.0,,0.0,,,1.0,,0.0,1.0,,,,,,,,,0.0,,,0.0,,1.0,,1.0,0.0,,1.0,1.0,1.0,,,,,,1.0,0.0,1.0,1.0,,,1.0,1.0,1.0,1.0,1.0,,,,,1.0,1.0,1.0,1.0,,,,1.0,,,,1.0,1.0,,0.0,,0.0,1.0,0.0,0.0,0.0,,,0.0,,,,,,,0.0,,,,0.0,,,,1.0,1.0,0.0,,,1.0,1.0,,,1.0,,,1.0,0.0,1.0,1.0,,1.0,1.0,,0.0,1.0,0.0,1.0,1.0,0.0,,0.0,,,1.0,,,0.0,1.0,0.0,0.0,1.0,,,,,1.0,1.0,1.0,,0.0,0.0,0.0,0.0,,,,0.0,,,,,1.0,,1.0,1.0,,1.0,1.0,,,0.0,,,1.0,,,,,,0.0,1.0,0.0,0.0,1.0,0.0,0.0,1.0,0.0,0.0,0.0,1.0,1.0,,,0.0,,,1.0,1.0,,,1.0,,1.0,0.0,1.0,0.0,0.0,1.0,1.0,,,0.0,,,1.0,1.0,,1.0,,1.0,0.0,,0.0,,,,0.0,0.0,1.0,,,,,0.0,0.0,,,,1.0,,0.0,1.0,,1.0,1.0,,,1.0,1.0,,,,0.0,0.0,1.0,1.0,,0.0,0.0,0.0,,0.0,,1.0,,1.0,,,,1.0,0.0,,0.0,0.0,,0.0,,0.0,,,,,,,,,,1.0,0.0,0.0,1.0,,,1.0,1.0,1.0,,,,,,,1.0,,1.0,0.0,,,,,,1.0,,1.0,1.0,,,1.0,,,,0.0,0.0,0.0,0.0,0.0,,1.0,1.0,1.0,1.0,0.0,0.0,0.0,,,,1.0,,,,0.0,,1.0,,,,0.0,0.0,,,,,0.0,,,,,0.0,,,,0.0,1.0,1.0,,1.0,1.0,1.0,,0.0,1.0,,,0.0,,1.0,,,,,,,,,,,0.0,1.0,,0.0,,0.0,0.0,,1.0,1.0,1.0,,,,,1.0,,1.0
Alexandre Silveira,1.0,0.0,,0.0,1.0,1.0,,,1.0,,0.0,,,,,,,,1.0,1.0,1.0,1.0,1.0,,,,,1.0,0.0,0.0,1.0,1.0,1.0,1.0,0.0,,,,0.0,,,,,0.0,,,,1.0,,,1.0,1.0,1.0,1.0,1.0,1.0,1.0,1.0,,1.0,,1.0,1.0,0.0,1.0,1.0,1.0,,,,,,,,0.0,,1.0,,,,,,0.0,,,,0.0,,,0.0,0.0,1.0,1.0,,,1.0,1.0,,,,,1.0,1.0,,,,,,,1.0,,1.0,1.0,,1.0,,,,1.0,0.0,1.0,1.0,,1.0,,,,1.0,0.0,,1.0,0.0,1.0,0.0,,,,,1.0,,,1.0,,,,,,0.0,1.0,,,,0.0,,1.0,,0.0,1.0,,,1.0,1.0,1.0,,0.0,1.0,,0.0,,,,,,,,,,,,,,,,,1.0,,,,,,,,,,,,,,,1.0,,,1.0,,,,,,,0.0,,,0.0,,,,,,,,,,1.0,,,,,,,,,,,,,,,,1.0,1.0,,,1.0,1.0,,,0.0,,,0.0,1.0,1.0,,,,,,,0.0,,1.0,,,,,0.0,0.0,,1.0,,,,,0.0,0.0,,0.0,,1.0,1.0,,1.0,0.0,0.0,,,,0.0,,1.0,1.0,,,,0.0,0.0,1.0,0.0,,1.0,1.0,,,,,,,,,,,,,,0.0,1.0,,,1.0,0.0,0.0,,,,,1.0,,,,,0.0,,,1.0,,,,,,0.0,,,1.0,1.0,0.0,,1.0,,,,,,,,0.0,,,,1.0,1.0,1.0,1.0,1.0,,,,,,,,,,,,,,,,,,,,,,,,,,,,,,,,,,1.0,0.0,,1.0
Alfredo Kaefer,1.0,0.0,1.0,,1.0,,1.0,1.0,1.0,0.0,0.0,,,,1.0,0.0,1.0,1.0,,,,,,1.0,1.0,0.0,,,,,,,1.0,1.0,0.0,,1.0,1.0,1.0,,,,,,0.0,,0.0,1.0,,,,0.0,0.0,0.0,0.0,1.0,1.0,1.0,,0.0,,,,,0.0,0.0,0.0,,,0.0,1.0,,,,1.0,,,,,,,,0.0,0.0,,0.0,,1.0,0.0,,,1.0,1.0,0.0,,0.0,1.0,1.0,1.0,1.0,,,,,1.0,1.0,,1.0,0.0,0.0,,1.0,0.0,0.0,0.0,,,,,0.0,1.0,1.0,1.0,1.0,,1.0,,0.0,1.0,,0.0,0.0,1.0,1.0,,,,,0.0,,0.0,,,,,,,,,,,0.0,,,0.0,0.0,1.0,0.0,,,,0.0,,1.0,,0.0,,0.0,,,,,,,,,,,1.0,,,,,,0.0,0.0,,,,0.0,,,,,1.0,,,,,,,,,,,,,,1.0,0.0,,,0.0,,,,,,,0.0,,,1.0,,,1.0,1.0,,,,,,,,,,1.0,0.0,1.0,1.0,,,0.0,0.0,,,,,,1.0,1.0,,,,,,,,,,0.0,,,0.0,0.0,0.0,,0.0,,,,0.0,1.0,,,,,,1.0,,1.0,,0.0,0.0,,1.0,,,,,,,1.0,0.0,0.0,0.0,0.0,0.0,,0.0,1.0,,0.0,1.0,1.0,,,1.0,,,,,,1.0,0.0,,,0.0,1.0,0.0,0.0,,1.0,,1.0,,1.0,,,,0.0,1.0,,1.0,,,,,0.0,0.0,,0.0,1.0,1.0,0.0,,,,,0.0,,,,,0.0,,,,0.0,0.0,0.0,1.0,,,,,,,,1.0,,,,,0.0,0.0,0.0,1.0,,,,,,,,,,,,,1.0,1.0,,,,1.0,,1.0,,0.0
Alice Portugal,1.0,1.0,0.0,0.0,1.0,,1.0,1.0,1.0,0.0,1.0,,,0.0,1.0,0.0,1.0,1.0,1.0,1.0,1.0,1.0,1.0,1.0,1.0,1.0,0.0,1.0,0.0,0.0,1.0,,,1.0,0.0,1.0,1.0,1.0,0.0,0.0,0.0,1.0,0.0,0.0,1.0,0.0,1.0,1.0,,,1.0,1.0,1.0,1.0,1.0,1.0,,0.0,0.0,1.0,1.0,0.0,1.0,0.0,1.0,1.0,1.0,0.0,0.0,1.0,1.0,1.0,,0.0,,,1.0,0.0,0.0,1.0,0.0,0.0,0.0,0.0,0.0,0.0,,0.0,0.0,0.0,,0.0,1.0,0.0,,1.0,,1.0,0.0,0.0,,,,,0.0,,1.0,0.0,1.0,1.0,0.0,1.0,0.0,1.0,1.0,,,,,0.0,1.0,1.0,0.0,1.0,,1.0,0.0,1.0,,1.0,,,1.0,0.0,1.0,0.0,0.0,0.0,,,1.0,,0.0,,0.0,0.0,,0.0,1.0,,0.0,1.0,0.0,1.0,1.0,1.0,,,1.0,1.0,1.0,1.0,1.0,0.0,0.0,1.0,1.0,1.0,1.0,0.0,,0.0,1.0,0.0,1.0,0.0,0.0,0.0,1.0,,1.0,0.0,0.0,,1.0,1.0,0.0,1.0,0.0,1.0,0.0,1.0,1.0,0.0,0.0,1.0,,1.0,0.0,1.0,0.0,0.0,1.0,1.0,,,0.0,0.0,0.0,1.0,1.0,0.0,1.0,0.0,1.0,0.0,0.0,0.0,0.0,,1.0,0.0,0.0,,0.0,0.0,1.0,,0.0,0.0,0.0,0.0,0.0,,0.0,0.0,1.0,1.0,1.0,1.0,0.0,,1.0,1.0,0.0,1.0,0.0,0.0,0.0,0.0,1.0,1.0,0.0,0.0,0.0,0.0,0.0,1.0,,0.0,1.0,1.0,1.0,1.0,1.0,0.0,0.0,,0.0,1.0,0.0,,0.0,1.0,1.0,0.0,1.0,0.0,1.0,,,,1.0,1.0,1.0,0.0,,1.0,,,,,1.0,1.0,0.0,0.0,1.0,1.0,1.0,1.0,1.0,0.0,1.0,1.0,0.0,0.0,1.0,1.0,,,0.0,0.0,1.0,0.0,1.0,1.0,,0.0,1.0,0.0,1.0,1.0,1.0,1.0,1.0,,0.0,,,,1.0,0.0,1.0,,0.0,,,1.0,1.0,,,1.0,0.0,0.0,,,,,,0.0,0.0,,0.0,0.0,,1.0,0.0,0.0,1.0,1.0,1.0,1.0,,1.0,0.0,0.0,1.0,1.0,0.0,0.0,,1.0,,,1.0,0.0,1.0,1.0,0.0,0.0,1.0,1.0,0.0,1.0,0.0,,0.0,,,,1.0,1.0,1.0,0.0,0.0,1.0,,0.0,,1.0
Aline Corrêa,,1.0,,1.0,1.0,1.0,,1.0,1.0,,,,,,,1.0,0.0,1.0,,,,,1.0,1.0,1.0,1.0,0.0,1.0,0.0,0.0,1.0,1.0,,1.0,0.0,,,,,,,,,,1.0,,,1.0,0.0,,1.0,1.0,1.0,1.0,1.0,,,,,,,,,,1.0,,,,0.0,,,,,,0.0,,,0.0,,,,,0.0,,0.0,,0.0,,,0.0,,,1.0,0.0,,1.0,,,1.0,0.0,,0.0,,0.0,,,1.0,,1.0,1.0,0.0,,,1.0,1.0,1.0,1.0,,1.0,0.0,,1.0,0.0,1.0,,,0.0,0.0,,,,0.0,,0.0,,,,0.0,0.0,1.0,1.0,1.0,0.0,0.0,,0.0,0.0,,,,,1.0,0.0,,,1.0,,1.0,1.0,1.0,1.0,1.0,,0.0,0.0,1.0,,,,,,,,,,0.0,0.0,,1.0,,1.0,0.0,,0.0,,,0.0,,,,0.0,,,1.0,0.0,,,1.0,,,,,,1.0,,,,0.0,,1.0,,0.0,1.0,0.0,1.0,0.0,,,0.0,0.0,,,,,,0.0,,,,0.0,0.0,,,1.0,,0.0,1.0,1.0,,,,0.0,,,,,,,0.0,,,,0.0,,0.0,0.0,0.0,,1.0,0.0,,,,1.0,1.0,,0.0,,0.0,,,,,1.0,1.0,0.0,1.0,,,,1.0,,1.0,,0.0,1.0,0.0,,,1.0,1.0,1.0,1.0,,,,,,1.0,,,,,1.0,,,,,1.0,,,,,,0.0,0.0,1.0,1.0,0.0,1.0,0.0,,,,,1.0,,0.0,0.0,1.0,,,,,,,,,1.0,0.0,,,,,0.0,,,,0.0,,,1.0,,0.0,0.0,,0.0,,,,1.0,1.0,,,,,,0.0,1.0,,,1.0,,,1.0,0.0,1.0,,,,,,,,,,0.0,,0.0,,,,1.0,,,,,,,
Ana Arraes,,1.0,0.0,0.0,1.0,1.0,1.0,1.0,,0.0,,0.0,,0.0,1.0,0.0,1.0,,1.0,1.0,1.0,1.0,1.0,1.0,1.0,,0.0,1.0,0.0,0.0,1.0,,0.0,1.0,0.0,1.0,1.0,1.0,0.0,0.0,0.0,1.0,0.0,0.0,,,,1.0,0.0,0.0,1.0,1.0,1.0,1.0,1.0,,0.0,0.0,0.0,1.0,,0.0,1.0,0.0,1.0,1.0,,,,,0.0,,,,,0.0,1.0,,,,,0.0,0.0,0.0,,,,,,0.0,0.0,0.0,1.0,0.0,,,1.0,,1.0,0.0,1.0,,,,,0.0,1.0,0.0,,,,1.0,,,,,1.0,,,,,,0.0,,0.0,,0.0,,0.0,,,,1.0,0.0,1.0,0.0,0.0,0.0,,1.0,0.0,1.0,0.0,,0.0,0.0,,,,1.0,0.0,1.0,0.0,1.0,,1.0,0.0,1.0,,1.0,1.0,1.0,1.0,0.0,0.0,1.0,,1.0,1.0,,1.0,0.0,1.0,0.0,1.0,,0.0,0.0,1.0,0.0,,,,,1.0,,0.0,1.0,0.0,,0.0,0.0,0.0,0.0,0.0,1.0,1.0,,0.0,1.0,,,,,,0.0,0.0,0.0,0.0,1.0,1.0,,,,,,,,0.0,,1.0,1.0,1.0,1.0,0.0,0.0,1.0,0.0,,,,,,1.0,,,,1.0,1.0,1.0,,1.0,1.0,1.0,0.0,1.0,0.0,0.0,,0.0,0.0,1.0,,0.0,0.0,1.0,0.0,1.0,1.0,,,,,1.0,1.0,0.0,,0.0,0.0,1.0,0.0,1.0,0.0,,1.0,0.0,1.0,0.0,1.0,1.0,,0.0,1.0,,,,0.0,1.0,1.0,0.0,1.0,,1.0,1.0,0.0,0.0,1.0,1.0,1.0,1.0,1.0,,,,,1.0,1.0,,0.0,0.0,0.0,0.0,1.0,0.0,0.0,0.0,0.0,0.0,1.0,0.0,1.0,1.0,,,1.0,1.0,0.0,0.0,0.0,1.0,1.0,1.0,1.0,,1.0,1.0,0.0,,1.0,0.0,0.0,1.0,0.0,0.0,0.0,0.0,,0.0,0.0,1.0,0.0,1.0,0.0,0.0,0.0,1.0,0.0,0.0,1.0,1.0,1.0,1.0,1.0,1.0,0.0,,,1.0,0.0,0.0,,1.0,1.0,1.0,,,,1.0,0.0,0.0,1.0,1.0,0.0,1.0,0.0,0.0,0.0,0.0,,,1.0,1.0,1.0,0.0,0.0,1.0,1.0,0.0,,1.0
Andre Vargas,1.0,1.0,,,1.0,,1.0,1.0,,1.0,0.0,,,0.0,1.0,1.0,1.0,1.0,,,1.0,,1.0,1.0,1.0,1.0,0.0,,0.0,0.0,1.0,,0.0,,,1.0,1.0,0.0,0.0,0.0,0.0,1.0,,,1.0,0.0,1.0,,0.0,0.0,1.0,1.0,1.0,1.0,1.0,,1.0,,,1.0,,0.0,1.0,0.0,1.0,,1.0,0.0,0.0,1.0,0.0,1.0,0.0,0.0,,,1.0,0.0,0.0,0.0,0.0,,0.0,0.0,0.0,0.0,0.0,0.0,,0.0,0.0,0.0,1.0,0.0,,1.0,,1.0,1.0,0.0,1.0,0.0,0.0,0.0,0.0,,,,1.0,1.0,0.0,,1.0,,,1.0,0.0,,1.0,0.0,1.0,1.0,0.0,1.0,0.0,,0.0,1.0,0.0,1.0,0.0,1.0,,0.0,1.0,0.0,0.0,0.0,0.0,1.0,1.0,1.0,0.0,0.0,0.0,0.0,0.0,,1.0,1.0,,1.0,0.0,1.0,1.0,1.0,,,1.0,,1.0,1.0,1.0,,0.0,,1.0,,,,,0.0,1.0,0.0,1.0,0.0,0.0,,,0.0,1.0,0.0,0.0,,,,0.0,1.0,0.0,,,,1.0,0.0,,,1.0,1.0,0.0,1.0,,,,,,,,,,,,,,,,,0.0,,,,1.0,,0.0,1.0,0.0,,1.0,,,0.0,0.0,0.0,0.0,1.0,0.0,0.0,1.0,1.0,,,0.0,,1.0,1.0,,,,,,,,,0.0,0.0,0.0,,0.0,,1.0,0.0,1.0,,1.0,,,0.0,0.0,,,1.0,0.0,,0.0,1.0,1.0,0.0,1.0,0.0,,,0.0,0.0,1.0,0.0,0.0,1.0,,,1.0,1.0,,,0.0,1.0,0.0,,,,,1.0,0.0,0.0,,,0.0,1.0,,1.0,,,0.0,0.0,1.0,,1.0,0.0,,1.0,0.0,0.0,0.0,,,1.0,1.0,1.0,0.0,0.0,0.0,1.0,1.0,0.0,,0.0,1.0,1.0,,,1.0,,0.0,1.0,0.0,0.0,,0.0,0.0,0.0,0.0,,0.0,1.0,0.0,,,1.0,0.0,,1.0,1.0,1.0,,1.0,1.0,0.0,0.0,1.0,0.0,,0.0,1.0,,1.0,1.0,,0.0,,,0.0,,1.0,1.0,0.0,1.0,0.0,0.0,0.0,0.0,0.0,1.0,1.0,1.0,1.0,1.0,0.0,1.0,1.0,1.0,1.0,1.0
Andre Zacharow,,,,1.0,1.0,1.0,1.0,1.0,,,0.0,0.0,1.0,,,,,,,,,,,,,,,,,,,1.0,,0.0,0.0,,,,,1.0,0.0,1.0,,0.0,1.0,0.0,1.0,,,,,,,,,,,,,,,1.0,,,,,,,,,,,,,,,,,,,,,,,,,,,,,,,,,,,1.0,1.0,,,,,,,,,,,,,,,,,,,0.0,,,,,,,,,,,,,,,,,,,,,,,,1.0,,,,,,,,,0.0,,,,,,,,,,,,,,,,,1.0,,,,,0.0,1.0,,,,,,,,,,,,,,,,,,,,,,,,,,,,,,,,,,,,,,,,,,,,,,,,,,,,,,,,,,,,0.0,1.0,,,,,,,,1.0,,,,,0.0,0.0,,,,,0.0,0.0,0.0,1.0,1.0,,,0.0,,,1.0,0.0,1.0,0.0,,0.0,1.0,1.0,0.0,1.0,0.0,,1.0,0.0,1.0,0.0,,1.0,1.0,,,0.0,,,0.0,0.0,,,1.0,,,1.0,,,,,0.0,,0.0,,,1.0,,,1.0,,,,0.0,0.0,1.0,,0.0,0.0,0.0,0.0,0.0,0.0,1.0,,,,,,0.0,0.0,0.0,1.0,1.0,0.0,,0.0,,1.0,0.0,,,,,,0.0,0.0,,0.0,,,,,,1.0,0.0,0.0,,1.0,,0.0,,,,,1.0,,0.0,,,,,,,,,,,,,,,,,,,,,,,,,,,,,,,,,,,
Andreia Zito,1.0,0.0,,1.0,1.0,1.0,1.0,1.0,1.0,0.0,,0.0,1.0,0.0,1.0,0.0,1.0,1.0,1.0,1.0,1.0,1.0,1.0,1.0,1.0,,,,,,,1.0,1.0,,,1.0,1.0,,1.0,,,,,,0.0,,,,,0.0,0.0,,,,,1.0,1.0,1.0,,0.0,1.0,1.0,,,,1.0,0.0,,,0.0,1.0,0.0,0.0,,1.0,0.0,0.0,1.0,,1.0,0.0,0.0,0.0,0.0,0.0,0.0,0.0,1.0,0.0,0.0,0.0,,1.0,1.0,,0.0,1.0,1.0,1.0,1.0,0.0,0.0,0.0,1.0,1.0,,,,,0.0,,1.0,0.0,0.0,0.0,0.0,,1.0,,,1.0,1.0,1.0,1.0,,1.0,,0.0,1.0,,0.0,0.0,1.0,1.0,,,,,0.0,,1.0,,,,,,,,,1.0,1.0,0.0,,0.0,0.0,0.0,1.0,0.0,1.0,,0.0,0.0,,1.0,,0.0,,0.0,,,,,,,,,,1.0,0.0,,,,,,0.0,0.0,,0.0,,0.0,0.0,0.0,0.0,1.0,1.0,0.0,,0.0,,,,,,,,,,,1.0,0.0,,,,,,,,,,0.0,,,1.0,,0.0,1.0,,1.0,,,,,,0.0,,,1.0,1.0,1.0,,,,0.0,0.0,,,,,,1.0,1.0,,,,,1.0,,,,,,,,0.0,0.0,0.0,,0.0,,,,0.0,,0.0,0.0,1.0,,,,1.0,1.0,,,0.0,0.0,1.0,,,,1.0,1.0,1.0,1.0,1.0,0.0,0.0,0.0,0.0,1.0,0.0,1.0,,,,,,1.0,,,0.0,,,,,1.0,0.0,0.0,0.0,0.0,0.0,0.0,1.0,1.0,,,1.0,,,,,0.0,,1.0,1.0,,,0.0,0.0,0.0,0.0,0.0,0.0,1.0,1.0,0.0,,,,,,,,,,0.0,0.0,,,,0.0,0.0,1.0,1.0,1.0,,,,1.0,0.0,1.0,0.0,,,,0.0,0.0,0.0,1.0,0.0,0.0,,,,0.0,,,,,,0.0,,,0.0,,,1.0,1.0,0.0,1.0,
André de Paula,1.0,0.0,1.0,,,1.0,1.0,,1.0,,0.0,,1.0,0.0,1.0,,,,1.0,1.0,1.0,1.0,1.0,1.0,1.0,0.0,,,,,,1.0,1.0,1.0,0.0,1.0,1.0,,1.0,,,,,,,,1.0,,,,,,,,,1.0,1.0,,,0.0,1.0,0.0,,,,0.0,0.0,,,0.0,1.0,,,,,,,,,,,1.0,,,,,,1.0,,,1.0,1.0,,,0.0,0.0,,,1.0,1.0,0.0,0.0,,1.0,1.0,1.0,1.0,,0.0,0.0,,0.0,1.0,0.0,0.0,0.0,,0.0,1.0,0.0,0.0,0.0,1.0,1.0,0.0,1.0,,1.0,0.0,,0.0,1.0,1.0,0.0,,,,,0.0,,1.0,,,,,,,,,0.0,1.0,0.0,0.0,0.0,0.0,0.0,,0.0,1.0,,0.0,0.0,,1.0,,,0.0,0.0,0.0,,,,,,,,,0.0,1.0,,,,,,,0.0,,0.0,,0.0,1.0,0.0,0.0,1.0,0.0,0.0,,0.0,,,,,,,,,,1.0,1.0,0.0,,,0.0,,,,,,,,,,1.0,1.0,,,,,,,,,,0.0,,,1.0,0.0,1.0,1.0,,1.0,,0.0,,,,,,1.0,1.0,1.0,1.0,,,,,1.0,0.0,,0.0,1.0,1.0,0.0,0.0,1.0,,,1.0,,,0.0,,0.0,0.0,1.0,0.0,,1.0,1.0,,1.0,0.0,0.0,0.0,,0.0,0.0,,1.0,1.0,1.0,1.0,0.0,0.0,0.0,0.0,0.0,1.0,,1.0,,,,,1.0,1.0,0.0,1.0,0.0,,,,0.0,1.0,1.0,0.0,0.0,1.0,0.0,0.0,1.0,,1.0,,1.0,,,,,0.0,,1.0,1.0,1.0,0.0,1.0,,0.0,,,,1.0,1.0,,,,,,1.0,,,,,,,,,,,,1.0,1.0,,,,,1.0,0.0,1.0,0.0,,,,,,,1.0,1.0,1.0,,,,,,,,,1.0,,,,0.0,,,,1.0,0.0,1.0,
Angela Amin,1.0,1.0,0.0,0.0,1.0,1.0,1.0,1.0,1.0,0.0,0.0,,1.0,0.0,1.0,0.0,1.0,1.0,1.0,1.0,1.0,1.0,1.0,1.0,1.0,1.0,0.0,1.0,0.0,0.0,1.0,1.0,1.0,0.0,1.0,1.0,1.0,1.0,1.0,0.0,0.0,1.0,0.0,1.0,1.0,0.0,0.0,1.0,0.0,0.0,1.0,1.0,1.0,1.0,1.0,1.0,0.0,0.0,0.0,0.0,1.0,1.0,1.0,0.0,1.0,1.0,1.0,0.0,0.0,1.0,0.0,1.0,0.0,0.0,0.0,0.0,1.0,0.0,0.0,0.0,0.0,0.0,0.0,0.0,,0.0,0.0,0.0,0.0,0.0,0.0,1.0,1.0,0.0,1.0,1.0,1.0,1.0,1.0,0.0,,0.0,0.0,0.0,0.0,0.0,1.0,0.0,1.0,1.0,0.0,1.0,0.0,1.0,1.0,1.0,0.0,0.0,1.0,0.0,1.0,1.0,0.0,1.0,0.0,1.0,0.0,0.0,1.0,1.0,1.0,0.0,1.0,0.0,1.0,0.0,0.0,0.0,0.0,1.0,1.0,,0.0,0.0,0.0,0.0,0.0,0.0,1.0,1.0,0.0,1.0,0.0,1.0,1.0,1.0,0.0,1.0,1.0,,1.0,,,0.0,0.0,1.0,1.0,1.0,,0.0,1.0,0.0,0.0,0.0,0.0,0.0,1.0,0.0,1.0,0.0,1.0,0.0,0.0,0.0,1.0,1.0,0.0,1.0,0.0,0.0,0.0,0.0,0.0,0.0,0.0,1.0,,1.0,,,,,,,0.0,0.0,0.0,0.0,0.0,1.0,0.0,0.0,1.0,,,,0.0,0.0,0.0,0.0,1.0,0.0,1.0,1.0,0.0,0.0,,0.0,0.0,0.0,0.0,0.0,0.0,,,,1.0,0.0,1.0,1.0,,1.0,,,0.0,1.0,0.0,0.0,0.0,1.0,1.0,0.0,1.0,0.0,,0.0,0.0,0.0,0.0,0.0,1.0,1.0,1.0,1.0,0.0,,0.0,0.0,1.0,1.0,1.0,0.0,0.0,1.0,1.0,0.0,0.0,,1.0,1.0,1.0,0.0,0.0,0.0,0.0,1.0,0.0,1.0,1.0,0.0,0.0,1.0,1.0,0.0,0.0,1.0,1.0,1.0,1.0,,0.0,0.0,1.0,1.0,0.0,,1.0,1.0,1.0,1.0,0.0,0.0,1.0,0.0,1.0,0.0,1.0,1.0,0.0,0.0,0.0,1.0,1.0,,1.0,1.0,1.0,0.0,0.0,1.0,,1.0,,1.0,,1.0,,1.0,1.0,0.0,,1.0,,0.0,0.0,0.0,0.0,0.0,1.0,1.0,0.0,1.0,0.0,0.0,0.0,1.0,0.0,0.0,,,,1.0,1.0,1.0,0.0,0.0,1.0,1.0,0.0,1.0,0.0,1.0,1.0,1.0,1.0,0.0,1.0,,1.0,1.0,1.0,1.0,0.0,1.0,0.0,0.0,0.0,,0.0,1.0,1.0,1.0,,1.0,0.0,1.0,1.0,0.0,1.0,1.0
Angela Portela,1.0,1.0,0.0,1.0,1.0,1.0,1.0,1.0,1.0,0.0,0.0,0.0,,0.0,1.0,1.0,1.0,1.0,1.0,1.0,1.0,1.0,1.0,1.0,1.0,1.0,0.0,1.0,0.0,0.0,1.0,1.0,,1.0,0.0,1.0,1.0,1.0,0.0,0.0,0.0,1.0,0.0,0.0,,,,1.0,0.0,0.0,1.0,1.0,1.0,1.0,1.0,1.0,0.0,0.0,0.0,1.0,1.0,1.0,1.0,0.0,,1.0,1.0,,,1.0,0.0,1.0,,,,0.0,1.0,0.0,0.0,0.0,0.0,0.0,0.0,0.0,,,,,,0.0,,0.0,1.0,0.0,1.0,1.0,1.0,,1.0,0.0,1.0,,0.0,0.0,,0.0,1.0,0.0,1.0,1.0,0.0,1.0,0.0,1.0,1.0,1.0,1.0,,1.0,0.0,1.0,1.0,0.0,1.0,0.0,,0.0,1.0,0.0,1.0,0.0,1.0,1.0,0.0,1.0,0.0,,0.0,0.0,1.0,1.0,1.0,0.0,0.0,0.0,0.0,0.0,0.0,1.0,1.0,0.0,1.0,0.0,1.0,1.0,1.0,,1.0,1.0,,1.0,1.0,1.0,0.0,0.0,1.0,,1.0,,,,0.0,1.0,0.0,1.0,0.0,0.0,,1.0,0.0,1.0,0.0,0.0,0.0,1.0,1.0,0.0,,,,,0.0,1.0,0.0,0.0,1.0,1.0,1.0,,,0.0,0.0,1.0,1.0,0.0,0.0,0.0,0.0,0.0,1.0,,0.0,1.0,0.0,1.0,0.0,0.0,0.0,0.0,0.0,1.0,0.0,0.0,1.0,0.0,0.0,1.0,0.0,0.0,0.0,0.0,0.0,0.0,,0.0,0.0,,1.0,1.0,,0.0,0.0,1.0,,0.0,,,0.0,0.0,0.0,0.0,1.0,0.0,0.0,0.0,0.0,0.0,,1.0,,1.0,,,,,0.0,0.0,0.0,,1.0,0.0,,0.0,1.0,1.0,0.0,1.0,0.0,1.0,1.0,0.0,,1.0,,0.0,0.0,0.0,1.0,1.0,1.0,1.0,,0.0,1.0,0.0,,1.0,1.0,,1.0,,0.0,,1.0,,,1.0,1.0,0.0,1.0,,0.0,1.0,,1.0,0.0,0.0,1.0,0.0,0.0,0.0,1.0,0.0,1.0,,1.0,0.0,0.0,0.0,1.0,1.0,0.0,1.0,0.0,,,,1.0,1.0,,0.0,1.0,,,,0.0,0.0,,0.0,0.0,,1.0,0.0,,,1.0,0.0,0.0,1.0,1.0,1.0,,,1.0,0.0,0.0,,1.0,1.0,0.0,1.0,,1.0,1.0,,0.0,,1.0,1.0,1.0,1.0,1.0,0.0,1.0,0.0,,0.0,0.0,,1.0,1.0,1.0,1.0,1.0,0.0,1.0,1.0,1.0,0.0,1.0
Angelo Vanhoni,,1.0,0.0,1.0,,,1.0,,1.0,0.0,0.0,,,,,,,,1.0,,1.0,,1.0,1.0,1.0,1.0,0.0,1.0,0.0,0.0,1.0,,,1.0,0.0,1.0,1.0,1.0,0.0,0.0,0.0,1.0,,,1.0,0.0,1.0,1.0,0.0,,1.0,1.0,1.0,1.0,1.0,1.0,0.0,0.0,0.0,1.0,1.0,0.0,,0.0,1.0,1.0,1.0,0.0,0.0,1.0,0.0,1.0,0.0,0.0,,,1.0,0.0,0.0,0.0,0.0,0.0,0.0,0.0,0.0,,0.0,0.0,0.0,0.0,0.0,0.0,1.0,0.0,1.0,1.0,1.0,1.0,1.0,0.0,1.0,,,0.0,0.0,,,,1.0,1.0,0.0,1.0,,1.0,1.0,1.0,1.0,0.0,1.0,0.0,1.0,1.0,0.0,1.0,0.0,1.0,0.0,1.0,0.0,1.0,,0.0,1.0,0.0,0.0,0.0,0.0,,0.0,1.0,,1.0,0.0,,0.0,,,0.0,1.0,1.0,0.0,1.0,0.0,1.0,,1.0,0.0,1.0,1.0,1.0,1.0,1.0,1.0,0.0,0.0,1.0,1.0,1.0,1.0,,1.0,0.0,1.0,0.0,,,,,,0.0,,0.0,0.0,,,,,1.0,0.0,1.0,0.0,1.0,1.0,0.0,0.0,,,1.0,,1.0,0.0,0.0,1.0,1.0,0.0,,,0.0,,1.0,,0.0,1.0,,,,0.0,,0.0,0.0,1.0,,0.0,1.0,,0.0,,,,0.0,0.0,0.0,,1.0,0.0,0.0,,1.0,1.0,1.0,,,,,0.0,,,,0.0,0.0,,1.0,,0.0,0.0,,,,,,,1.0,1.0,,,0.0,,,,1.0,0.0,,,1.0,1.0,,1.0,,,,,,1.0,,1.0,0.0,,1.0,1.0,1.0,,,0.0,1.0,,,,,,1.0,,0.0,1.0,1.0,,,,,,,0.0,0.0,1.0,0.0,1.0,0.0,,,,,,,,1.0,,1.0,0.0,0.0,,1.0,0.0,0.0,,0.0,,,,,1.0,,,,,0.0,,0.0,,0.0,0.0,0.0,0.0,1.0,,,,1.0,0.0,0.0,1.0,1.0,1.0,1.0,,,,0.0,1.0,,1.0,,,,1.0,1.0,,,,,,,,1.0,0.0,,,,,,0.0,,1.0,1.0,,,,1.0,,,1.0,1.0
Ann Pontes,1.0,,,,,,,,,1.0,,,,,,,,,,,,,,,,,,,,,,,,,,,,,,,,,,,,,,,,,,,,,,,,,,,,,,,,,,,,,,,,,,,,,,,,,,,,,,,,,,,,,,,,,,,,,,,,,,,,,,,,,,,,,,,,,,,,,,,,,,,,,,,,,,,,,,,,,,,,,,,,,,,,,,,,,,,,,,,,,,,,,,,,,,,,,,,,,,,,,,,,,,,,,,,,,,,,,,,,,,,,,,,,,,,,,,,,,,,,,,,,,,,,,,,,,,,,,,,,,,,,,,,,,,,,,,,,,,,,,,,,,,,,,,,,,,,,,,,,,,,,,,,,,,,,,,,,,,,,,,,,,,,,,,,,,,,,,,,,,,,,,,,,,,,,,,,,,,,,,,,,,,,,,,,,,,,,,,,,,,,,,,,,,,,,,,,,,,,,,1.0,1.0,,1.0,,,1.0,1.0,1.0,1.0
Anselmo de Jesus,1.0,1.0,0.0,,,1.0,1.0,1.0,1.0,0.0,0.0,,1.0,0.0,1.0,0.0,1.0,1.0,1.0,,,,,1.0,,1.0,0.0,1.0,,0.0,1.0,1.0,0.0,1.0,0.0,1.0,1.0,1.0,0.0,0.0,0.0,1.0,0.0,0.0,1.0,0.0,1.0,,0.0,0.0,1.0,1.0,1.0,1.0,1.0,1.0,0.0,0.0,0.0,1.0,1.0,0.0,,0.0,1.0,,1.0,0.0,,1.0,0.0,1.0,0.0,0.0,,0.0,1.0,0.0,0.0,0.0,0.0,,0.0,0.0,0.0,0.0,0.0,0.0,0.0,0.0,0.0,0.0,1.0,0.0,1.0,1.0,1.0,1.0,1.0,,,0.0,0.0,0.0,0.0,0.0,1.0,0.0,,,0.0,1.0,0.0,1.0,1.0,1.0,1.0,0.0,1.0,0.0,1.0,1.0,0.0,1.0,,1.0,0.0,1.0,0.0,1.0,1.0,0.0,0.0,0.0,1.0,0.0,0.0,,0.0,1.0,1.0,1.0,0.0,0.0,0.0,0.0,0.0,0.0,1.0,1.0,0.0,1.0,0.0,1.0,1.0,1.0,0.0,1.0,1.0,,1.0,1.0,1.0,0.0,0.0,1.0,1.0,1.0,1.0,0.0,1.0,0.0,1.0,,,,,0.0,1.0,,1.0,0.0,0.0,0.0,1.0,1.0,0.0,1.0,0.0,1.0,0.0,1.0,1.0,0.0,0.0,1.0,,0.0,0.0,1.0,0.0,0.0,1.0,1.0,0.0,0.0,0.0,0.0,0.0,1.0,1.0,0.0,1.0,0.0,1.0,0.0,0.0,,,0.0,1.0,,0.0,1.0,0.0,0.0,,0.0,0.0,0.0,0.0,0.0,0.0,1.0,0.0,0.0,1.0,1.0,1.0,1.0,0.0,0.0,1.0,1.0,0.0,,0.0,0.0,,,,,0.0,0.0,0.0,0.0,0.0,0.0,1.0,0.0,1.0,1.0,1.0,1.0,1.0,0.0,0.0,0.0,,1.0,0.0,1.0,0.0,1.0,,0.0,1.0,0.0,1.0,,0.0,0.0,1.0,0.0,0.0,1.0,0.0,1.0,1.0,1.0,1.0,1.0,0.0,1.0,0.0,0.0,1.0,1.0,1.0,1.0,0.0,,1.0,1.0,,1.0,0.0,1.0,0.0,1.0,0.0,,1.0,,,,,,,,,1.0,1.0,1.0,,1.0,0.0,0.0,0.0,1.0,1.0,0.0,1.0,0.0,1.0,1.0,0.0,,1.0,0.0,0.0,1.0,0.0,0.0,0.0,0.0,,0.0,,1.0,0.0,1.0,0.0,0.0,0.0,1.0,0.0,0.0,1.0,1.0,1.0,,1.0,1.0,0.0,0.0,1.0,0.0,1.0,0.0,,1.0,,1.0,1.0,0.0,1.0,,1.0,1.0,1.0,1.0,0.0,1.0,0.0,0.0,0.0,0.0,0.0,1.0,1.0,1.0,1.0,0.0,0.0,1.0,1.0,1.0,1.0,
Antonio Bulhões,1.0,1.0,0.0,1.0,1.0,1.0,1.0,1.0,1.0,,,0.0,1.0,0.0,1.0,0.0,1.0,1.0,,,1.0,,,1.0,1.0,1.0,0.0,1.0,0.0,0.0,1.0,1.0,0.0,1.0,0.0,1.0,1.0,1.0,1.0,0.0,0.0,,0.0,0.0,1.0,0.0,,1.0,0.0,0.0,0.0,0.0,0.0,0.0,0.0,1.0,0.0,0.0,0.0,1.0,1.0,1.0,1.0,0.0,1.0,1.0,1.0,0.0,,1.0,1.0,1.0,0.0,0.0,0.0,0.0,1.0,0.0,0.0,0.0,0.0,0.0,0.0,0.0,0.0,0.0,0.0,0.0,0.0,0.0,0.0,1.0,1.0,0.0,1.0,1.0,1.0,1.0,1.0,0.0,1.0,0.0,1.0,1.0,0.0,0.0,,0.0,1.0,1.0,0.0,1.0,0.0,1.0,1.0,1.0,1.0,0.0,1.0,0.0,1.0,1.0,0.0,1.0,0.0,1.0,0.0,0.0,0.0,1.0,1.0,0.0,1.0,0.0,1.0,0.0,0.0,0.0,1.0,1.0,1.0,1.0,0.0,0.0,,0.0,,0.0,1.0,1.0,0.0,0.0,0.0,1.0,0.0,0.0,0.0,0.0,1.0,1.0,1.0,1.0,,0.0,0.0,1.0,,1.0,1.0,0.0,1.0,0.0,,0.0,,,,0.0,1.0,0.0,1.0,0.0,0.0,0.0,1.0,1.0,0.0,1.0,0.0,1.0,0.0,1.0,1.0,0.0,0.0,1.0,,1.0,0.0,1.0,0.0,0.0,1.0,1.0,0.0,0.0,0.0,0.0,0.0,1.0,1.0,0.0,1.0,0.0,1.0,0.0,0.0,0.0,0.0,0.0,,0.0,1.0,1.0,0.0,0.0,,0.0,0.0,0.0,0.0,0.0,0.0,1.0,0.0,,1.0,1.0,1.0,1.0,0.0,1.0,1.0,1.0,0.0,,0.0,0.0,,1.0,0.0,1.0,0.0,0.0,0.0,0.0,0.0,0.0,1.0,0.0,1.0,,,1.0,1.0,0.0,,0.0,0.0,1.0,0.0,1.0,0.0,1.0,1.0,0.0,1.0,,,1.0,1.0,,1.0,0.0,0.0,1.0,0.0,1.0,1.0,1.0,1.0,1.0,1.0,1.0,1.0,1.0,1.0,1.0,0.0,1.0,0.0,0.0,1.0,1.0,0.0,,,1.0,1.0,1.0,,0.0,1.0,0.0,0.0,0.0,0.0,0.0,0.0,1.0,0.0,1.0,1.0,1.0,,1.0,0.0,0.0,0.0,1.0,1.0,0.0,,0.0,1.0,1.0,0.0,1.0,1.0,0.0,0.0,1.0,0.0,0.0,0.0,,0.0,0.0,0.0,,0.0,1.0,0.0,,0.0,1.0,0.0,0.0,1.0,1.0,1.0,1.0,1.0,1.0,,,,1.0,,,1.0,1.0,,1.0,1.0,0.0,1.0,1.0,1.0,1.0,,1.0,0.0,1.0,0.0,0.0,0.0,0.0,,1.0,,,1.0,1.0,1.0,1.0,1.0,0.0,0.0,1.0
Antonio Carlos Biscaia,1.0,,,1.0,1.0,1.0,1.0,1.0,,,0.0,0.0,1.0,,,,,,,,,,,,,,,,,,,1.0,0.0,1.0,0.0,,1.0,1.0,,0.0,0.0,1.0,0.0,0.0,1.0,0.0,1.0,,,,,,,,,1.0,,,,,,1.0,,,,,,,,,,,,,,,,,,,,,,,,,,,,,,,,,,,1.0,1.0,,,,,,,,0.0,1.0,0.0,,,,,,,,,1.0,,,,,,,,,1.0,,,,,,,,,,,,,,,,,,,,,0.0,0.0,1.0,1.0,,,,,,,,,1.0,1.0,,,,,,,1.0,,1.0,0.0,1.0,0.0,1.0,0.0,1.0,0.0,0.0,1.0,0.0,0.0,1.0,0.0,0.0,0.0,1.0,1.0,0.0,1.0,0.0,1.0,0.0,1.0,1.0,0.0,0.0,1.0,1.0,1.0,0.0,1.0,0.0,0.0,1.0,1.0,,0.0,0.0,0.0,0.0,1.0,1.0,0.0,1.0,0.0,1.0,0.0,0.0,0.0,0.0,0.0,1.0,0.0,0.0,1.0,0.0,0.0,,,0.0,0.0,0.0,0.0,0.0,1.0,0.0,0.0,1.0,1.0,1.0,1.0,0.0,0.0,1.0,1.0,0.0,1.0,0.0,0.0,0.0,0.0,0.0,1.0,0.0,0.0,0.0,0.0,0.0,0.0,1.0,0.0,1.0,1.0,1.0,1.0,1.0,0.0,0.0,0.0,0.0,,,1.0,,1.0,1.0,0.0,1.0,0.0,1.0,1.0,0.0,0.0,1.0,1.0,1.0,0.0,0.0,1.0,1.0,0.0,0.0,1.0,0.0,,0.0,0.0,1.0,1.0,1.0,1.0,0.0,0.0,1.0,1.0,0.0,1.0,1.0,1.0,0.0,1.0,0.0,0.0,1.0,0.0,1.0,0.0,0.0,1.0,0.0,0.0,0.0,1.0,0.0,1.0,1.0,1.0,0.0,0.0,0.0,1.0,1.0,0.0,1.0,0.0,1.0,1.0,0.0,1.0,1.0,0.0,0.0,1.0,0.0,0.0,0.0,0.0,0.0,0.0,0.0,0.0,0.0,1.0,0.0,0.0,0.0,,0.0,0.0,1.0,1.0,1.0,1.0,1.0,,0.0,0.0,1.0,,,,,,,,,,,1.0,,,,,,,,,,,0.0,1.0,,,1.0,0.0,0.0,1.0,1.0,0.0,0.0,1.0
Antonio Carlos Chamariz,1.0,,,1.0,1.0,1.0,,1.0,,0.0,,0.0,1.0,,1.0,,1.0,1.0,1.0,1.0,1.0,1.0,1.0,1.0,1.0,,,,,,,1.0,0.0,0.0,1.0,1.0,1.0,1.0,,,,,,,,,,,,,,,,,,,,,,,,1.0,,,,,,,,,,,,,,,,,,,,,,,,,,,,,,,,,,,,,,,,,,,,0.0,1.0,1.0,,,,,,,,,,,,,,,,,,,,,,,,,,,,,,,,,1.0,,,,,,,,,,,,,,,,,,,1.0,,,,,,,,,,,,0.0,1.0,,1.0,,0.0,,1.0,,,,,,,,,,,,,,,,,,1.0,,,,,,,,,,,,,,,,,,,,,,,,,,,,,,1.0,,,,,,,,,,1.0,1.0,1.0,1.0,,1.0,,,,,,,0.0,0.0,1.0,1.0,0.0,0.0,1.0,0.0,0.0,,1.0,0.0,1.0,,,,,,,0.0,,,,1.0,,1.0,1.0,0.0,1.0,0.0,1.0,1.0,1.0,0.0,1.0,0.0,,,0.0,1.0,1.0,1.0,,1.0,1.0,1.0,,1.0,,,,1.0,0.0,,,,,,1.0,1.0,1.0,1.0,0.0,0.0,1.0,0.0,0.0,0.0,1.0,0.0,0.0,1.0,0.0,1.0,1.0,1.0,1.0,1.0,0.0,0.0,0.0,1.0,1.0,,1.0,1.0,1.0,1.0,,,1.0,,,1.0,0.0,,,0.0,0.0,0.0,0.0,,0.0,,,,,1.0,0.0,,1.0,1.0,1.0,1.0,1.0,1.0,0.0,0.0,,1.0,0.0,,,1.0,1.0,1.0,,,,,1.0,1.0,,1.0,0.0,1.0,0.0,0.0,,0.0,0.0,1.0,1.0,1.0,,,,1.0,1.0,0.0,0.0,1.0
Antonio Carlos Magalhães Neto,1.0,0.0,1.0,1.0,1.0,1.0,,1.0,1.0,,,0.0,1.0,,1.0,1.0,1.0,1.0,1.0,1.0,1.0,1.0,1.0,1.0,1.0,0.0,,1.0,,,,1.0,1.0,1.0,0.0,,1.0,,1.0,,,,,,0.0,1.0,,1.0,,,0.0,,,,,,1.0,1.0,,0.0,1.0,1.0,,,0.0,,0.0,,,0.0,,,,1.0,,,,,,,,1.0,,,,,,1.0,,,,1.0,,,,0.0,1.0,1.0,1.0,1.0,0.0,0.0,0.0,1.0,1.0,0.0,1.0,,0.0,0.0,,1.0,1.0,0.0,0.0,0.0,,0.0,1.0,0.0,0.0,0.0,,1.0,,1.0,,1.0,0.0,,0.0,1.0,1.0,0.0,,,1.0,,0.0,,0.0,,,,,,,,,,,0.0,1.0,0.0,0.0,0.0,0.0,0.0,1.0,1.0,0.0,0.0,,1.0,,0.0,0.0,0.0,,,,,,,,,,0.0,1.0,,,,,,0.0,,,,,0.0,1.0,0.0,0.0,1.0,0.0,0.0,,0.0,,,,,,,,,,1.0,1.0,0.0,,,0.0,,,,,,,,0.0,,,,,,1.0,,,,,,,0.0,,,1.0,0.0,,,,1.0,0.0,0.0,,,,,,1.0,1.0,,,,,,,1.0,0.0,,,1.0,1.0,0.0,0.0,1.0,,,1.0,,,0.0,1.0,,0.0,1.0,0.0,,,1.0,1.0,,0.0,0.0,0.0,1.0,0.0,0.0,,1.0,1.0,1.0,1.0,0.0,0.0,,,0.0,1.0,0.0,1.0,,,,,0.0,1.0,0.0,,0.0,,,,0.0,1.0,0.0,0.0,1.0,1.0,0.0,0.0,1.0,1.0,,,1.0,,,,,0.0,,1.0,1.0,1.0,0.0,1.0,0.0,0.0,,,,1.0,,,,,,,1.0,,,,,,,,,0.0,0.0,0.0,1.0,1.0,1.0,,,0.0,,0.0,1.0,0.0,,,,,,,1.0,,,1.0,,,,,,,,1.0,0.0,1.0,1.0,0.0,1.0,,,1.0,,1.0,1.0
Antonio Carlos Mendes Thame,,0.0,,0.0,0.0,1.0,1.0,1.0,1.0,0.0,,0.0,1.0,,,,,,,,,,,,,0.0,,,,,,1.0,1.0,1.0,0.0,1.0,,1.0,1.0,,,,,,,,0.0,1.0,,,0.0,0.0,0.0,0.0,0.0,,0.0,1.0,,0.0,1.0,0.0,,,0.0,,0.0,,,0.0,1.0,,,,1.0,,0.0,1.0,,1.0,0.0,,0.0,0.0,0.0,0.0,0.0,1.0,0.0,0.0,0.0,1.0,,1.0,0.0,0.0,1.0,,1.0,1.0,,0.0,,,,1.0,0.0,1.0,,0.0,,1.0,1.0,,0.0,0.0,,1.0,,0.0,0.0,0.0,1.0,1.0,,1.0,,0.0,1.0,,1.0,0.0,1.0,1.0,,,,,0.0,,0.0,,,,,,1.0,,,,1.0,0.0,,0.0,,0.0,,,1.0,,0.0,0.0,,1.0,,0.0,0.0,0.0,,,,,,,,,,1.0,0.0,,,,,,,0.0,,,,0.0,,0.0,0.0,1.0,,,,0.0,,,,,,,,,,,1.0,0.0,0.0,,,,,,,,,,,,1.0,,0.0,,,1.0,,,,,,0.0,,,,,1.0,0.0,,0.0,,,,,,,,1.0,0.0,1.0,1.0,,,,,1.0,0.0,,,,,0.0,0.0,1.0,,0.0,1.0,,1.0,,1.0,0.0,0.0,,0.0,,1.0,1.0,,1.0,0.0,0.0,0.0,0.0,,0.0,1.0,1.0,1.0,0.0,1.0,,0.0,0.0,0.0,0.0,1.0,0.0,1.0,1.0,0.0,1.0,1.0,0.0,,,1.0,0.0,,,,,0.0,,0.0,0.0,1.0,0.0,,1.0,1.0,0.0,,1.0,1.0,,,,0.0,1.0,,,,,1.0,0.0,,0.0,,,1.0,,0.0,,,,,,,,,,0.0,,,,0.0,0.0,0.0,1.0,,,,,,,0.0,,,1.0,,,,,,1.0,0.0,0.0,1.0,,,,,,1.0,,,,1.0,1.0,0.0,0.0,,,,,,
Antonio Carlos Pannunzio,1.0,0.0,1.0,1.0,1.0,1.0,,,1.0,0.0,1.0,,,0.0,1.0,0.0,1.0,1.0,1.0,1.0,1.0,1.0,1.0,0.0,1.0,0.0,,,,,,1.0,,,,,1.0,0.0,1.0,,,,,,,1.0,0.0,1.0,,,0.0,0.0,0.0,0.0,0.0,1.0,0.0,,,0.0,1.0,0.0,,,0.0,0.0,0.0,,,,,0.0,0.0,,1.0,,0.0,1.0,,1.0,0.0,0.0,0.0,,0.0,,0.0,1.0,0.0,0.0,,1.0,1.0,,0.0,0.0,1.0,,1.0,1.0,0.0,0.0,0.0,,1.0,,,,0.0,0.0,,,1.0,0.0,0.0,0.0,0.0,1.0,1.0,0.0,1.0,1.0,1.0,1.0,1.0,,,0.0,1.0,,0.0,0.0,,1.0,,,,,0.0,,0.0,,,,,,,,,1.0,1.0,0.0,,0.0,0.0,0.0,,0.0,1.0,,0.0,0.0,,1.0,,0.0,0.0,0.0,1.0,,,,,,,,1.0,,1.0,,,,,,0.0,0.0,,,,0.0,,0.0,0.0,0.0,1.0,0.0,,0.0,,,,,,,,,,,,0.0,,,0.0,,,,,,,,,,1.0,1.0,,1.0,1.0,1.0,,,,,,,,,1.0,0.0,1.0,0.0,,1.0,0.0,,,,,,1.0,1.0,0.0,0.0,1.0,1.0,,,,1.0,0.0,1.0,0.0,,0.0,0.0,0.0,1.0,0.0,,1.0,,,0.0,,,,,,1.0,,1.0,,,,0.0,0.0,0.0,,,1.0,1.0,1.0,0.0,1.0,,,,0.0,0.0,,0.0,,,,,1.0,0.0,,1.0,1.0,0.0,,,,1.0,,,,,,,,,0.0,,,1.0,,,,,,1.0,,1.0,1.0,0.0,1.0,0.0,0.0,0.0,,,1.0,1.0,0.0,,,,1.0,0.0,,,,,0.0,,,,0.0,0.0,0.0,1.0,,,,,,1.0,0.0,1.0,,1.0,,,0.0,0.0,0.0,1.0,0.0,,1.0,,,0.0,,,,,,0.0,1.0,1.0,0.0,0.0,,,1.0,0.0,0.0,1.0
Antonio Cruz,1.0,,,1.0,1.0,1.0,1.0,1.0,1.0,0.0,0.0,0.0,1.0,,1.0,1.0,0.0,1.0,,,,,,1.0,1.0,1.0,0.0,1.0,0.0,0.0,1.0,1.0,0.0,0.0,1.0,1.0,1.0,1.0,1.0,0.0,0.0,1.0,0.0,1.0,1.0,0.0,1.0,1.0,0.0,0.0,1.0,1.0,1.0,1.0,1.0,1.0,,1.0,1.0,1.0,0.0,1.0,1.0,0.0,1.0,1.0,1.0,0.0,1.0,1.0,0.0,1.0,,,0.0,0.0,,0.0,,,0.0,0.0,0.0,,0.0,0.0,0.0,,0.0,,0.0,1.0,,,1.0,0.0,1.0,1.0,1.0,0.0,,,,,,0.0,1.0,1.0,1.0,1.0,0.0,1.0,0.0,1.0,1.0,1.0,1.0,,1.0,0.0,1.0,1.0,0.0,1.0,,1.0,0.0,0.0,1.0,1.0,,0.0,1.0,0.0,,,0.0,,1.0,1.0,1.0,1.0,0.0,0.0,0.0,0.0,0.0,,,1.0,0.0,0.0,0.0,,1.0,1.0,,1.0,1.0,,1.0,1.0,1.0,0.0,0.0,1.0,1.0,1.0,1.0,0.0,1.0,0.0,1.0,0.0,,0.0,0.0,0.0,1.0,0.0,,,0.0,0.0,1.0,1.0,0.0,1.0,0.0,,,1.0,1.0,1.0,,1.0,1.0,1.0,1.0,1.0,0.0,0.0,1.0,1.0,,0.0,0.0,0.0,1.0,,1.0,0.0,1.0,0.0,1.0,0.0,,0.0,0.0,0.0,1.0,0.0,1.0,1.0,0.0,,1.0,0.0,0.0,,,,0.0,,0.0,0.0,,1.0,1.0,1.0,0.0,0.0,1.0,,0.0,1.0,0.0,0.0,0.0,1.0,0.0,0.0,,0.0,,,,,,0.0,1.0,1.0,1.0,,,,0.0,0.0,,,,,,1.0,1.0,0.0,1.0,0.0,1.0,1.0,1.0,1.0,1.0,0.0,0.0,1.0,0.0,1.0,1.0,1.0,1.0,1.0,1.0,1.0,0.0,1.0,1.0,1.0,0.0,1.0,,0.0,1.0,1.0,0.0,1.0,1.0,1.0,1.0,1.0,0.0,0.0,1.0,0.0,,,,,,,,1.0,1.0,,,1.0,0.0,0.0,0.0,1.0,1.0,1.0,1.0,1.0,1.0,1.0,0.0,1.0,1.0,0.0,0.0,,0.0,0.0,0.0,0.0,0.0,0.0,0.0,1.0,0.0,1.0,0.0,0.0,0.0,1.0,0.0,0.0,1.0,1.0,1.0,1.0,1.0,1.0,,,,0.0,0.0,0.0,1.0,1.0,1.0,,1.0,0.0,1.0,1.0,1.0,1.0,1.0,1.0,0.0,1.0,0.0,0.0,,,0.0,1.0,1.0,1.0,1.0,1.0,0.0,,1.0,0.0,0.0,1.0
Antonio Feijão,,,,1.0,,,,1.0,,,,0.0,,,,,,,,,,,,,,,,,,,,,1.0,,,,1.0,,,,,,,,,,,,,,,,,,,,,,,,,1.0,,,,,,,,,,,,,,,,,,,,,,,,,,,,,,,,,,,1.0,,,,,,,,,,,,,,,,,,,,,,,,,,,,,,,,,,,,,,,,,,,,,,,,,,,,,,,,,,,,,,,,,,,,,,,,,,,,,,,,1.0,0.0,1.0,,,,,,,,,,,,,,,,,,,,,,,,,,,,,,,,,,,,,,,,,,,,,,,,1.0,,,,,,,,,,1.0,0.0,1.0,1.0,,1.0,,,,,,,1.0,1.0,1.0,1.0,,,,1.0,,,,,,,,0.0,1.0,0.0,0.0,0.0,1.0,,,,1.0,0.0,0.0,1.0,0.0,,1.0,1.0,1.0,,,0.0,,1.0,,,,,1.0,,1.0,1.0,,0.0,,,1.0,0.0,,,,,1.0,,,,,0.0,,1.0,,,1.0,0.0,0.0,0.0,0.0,0.0,1.0,,,1.0,1.0,,,,0.0,1.0,0.0,,1.0,1.0,,,,,,,0.0,,1.0,1.0,,0.0,,,,,,1.0,,,,1.0,,0.0,0.0,0.0,0.0,1.0,1.0,,,,0.0,,,,,,,,,,,1.0,,,1.0,,,,,,,,,,,,,,,,,,,
Antonio José Medeiros,1.0,,,,,,,,,0.0,,,,0.0,,1.0,1.0,1.0,1.0,1.0,1.0,1.0,1.0,1.0,1.0,1.0,0.0,1.0,0.0,0.0,,,,,,,,,0.0,,,,,,,,,,,,,,,,,,0.0,,,1.0,,,1.0,0.0,1.0,1.0,1.0,0.0,0.0,1.0,,1.0,0.0,0.0,,0.0,,0.0,0.0,0.0,0.0,0.0,0.0,0.0,0.0,0.0,0.0,0.0,0.0,,0.0,0.0,1.0,0.0,1.0,1.0,,,1.0,0.0,1.0,0.0,0.0,0.0,0.0,,,,1.0,1.0,,,,1.0,,1.0,,0.0,1.0,0.0,1.0,,,,,,,1.0,0.0,,,1.0,1.0,,,,,,0.0,,,,,,,,,,,,,,,,,,,,,,,,,,,,,,,,,,,,,,,,,,,,,,,,,,,,,,,,,,,,,,,,,,,,,,,,,,,,,,,,,,,,,,,,,,,,,,,,,,,,,,,,,,,,,,,,,,,,,,,,,,,,,,,,,,,,,,,,,,,,,,,,,,,,,,,,,,,,,,,,,,,,,,,,,,,,,,,,,,,,,,,,,,,,,,,,,,,,,,,,,,,1.0,,,,,,,,,,,,,,,,,,,,,,1.0,,,,0.0,1.0,0.0,1.0,1.0,1.0,1.0,1.0,0.0,1.0,,,,,1.0,0.0,1.0,,,0.0,,1.0,1.0,1.0,1.0,,1.0,0.0,,1.0,,1.0,
Antonio Palocci,,1.0,0.0,1.0,0.0,1.0,1.0,1.0,1.0,,,,,0.0,1.0,,,,,,,,,1.0,1.0,1.0,0.0,1.0,0.0,0.0,1.0,,0.0,1.0,0.0,,,,0.0,0.0,0.0,,0.0,0.0,1.0,0.0,,,0.0,0.0,1.0,1.0,1.0,1.0,1.0,,0.0,0.0,0.0,,1.0,,1.0,0.0,1.0,1.0,1.0,0.0,0.0,1.0,0.0,,0.0,0.0,0.0,0.0,1.0,0.0,0.0,0.0,0.0,0.0,0.0,0.0,0.0,,0.0,0.0,0.0,0.0,0.0,,,0.0,1.0,1.0,,,,0.0,,0.0,0.0,0.0,0.0,,1.0,0.0,1.0,1.0,0.0,1.0,,,,1.0,1.0,0.0,1.0,0.0,1.0,1.0,,1.0,,,0.0,1.0,0.0,1.0,0.0,,1.0,0.0,1.0,0.0,0.0,,,1.0,,,,,0.0,,,0.0,1.0,,0.0,1.0,0.0,,1.0,1.0,0.0,1.0,,,1.0,1.0,,,,,,,1.0,,,0.0,1.0,0.0,,0.0,,0.0,,,1.0,0.0,0.0,0.0,1.0,1.0,0.0,,0.0,,,0.0,1.0,0.0,0.0,1.0,,,0.0,,,0.0,1.0,1.0,0.0,,,0.0,0.0,1.0,,,1.0,0.0,1.0,0.0,0.0,,0.0,0.0,,,0.0,1.0,0.0,,1.0,,,,,,0.0,1.0,0.0,0.0,1.0,1.0,1.0,1.0,,0.0,1.0,1.0,0.0,,,0.0,0.0,0.0,0.0,,,,0.0,,,0.0,,,,,,1.0,,,,,,,0.0,,,1.0,1.0,0.0,1.0,0.0,,1.0,,,,,0.0,0.0,,,,1.0,1.0,,,,,,,,,1.0,,0.0,,1.0,0.0,0.0,,,,,,,,,,0.0,0.0,1.0,0.0,,,,,,,,,,,,1.0,,,,,,0.0,1.0,1.0,,0.0,,,0.0,,0.0,,0.0,,,,,,,,,,,,,,1.0,,,,,,,,,,,,,,,,,,,,,,,0.0,,,0.0,,,,,,,,,,,,
Antônio Andrade,1.0,1.0,0.0,1.0,1.0,1.0,,1.0,1.0,1.0,0.0,0.0,1.0,0.0,,1.0,1.0,1.0,,,,1.0,1.0,1.0,,1.0,,1.0,0.0,0.0,1.0,1.0,,,,1.0,1.0,1.0,1.0,0.0,0.0,1.0,0.0,0.0,1.0,0.0,1.0,1.0,0.0,,1.0,1.0,1.0,1.0,1.0,,,,,1.0,1.0,1.0,1.0,0.0,1.0,1.0,1.0,0.0,0.0,1.0,1.0,1.0,0.0,0.0,0.0,0.0,,0.0,0.0,0.0,0.0,,1.0,0.0,0.0,,0.0,,0.0,0.0,0.0,1.0,1.0,0.0,,1.0,,,1.0,0.0,1.0,0.0,1.0,1.0,0.0,0.0,1.0,0.0,1.0,1.0,0.0,1.0,,1.0,,1.0,,0.0,1.0,0.0,1.0,1.0,0.0,1.0,0.0,,0.0,1.0,0.0,1.0,0.0,1.0,1.0,0.0,1.0,0.0,0.0,,1.0,1.0,,1.0,0.0,0.0,0.0,,0.0,0.0,1.0,,0.0,0.0,0.0,1.0,1.0,1.0,0.0,1.0,1.0,1.0,1.0,1.0,1.0,0.0,0.0,1.0,1.0,1.0,1.0,0.0,,0.0,1.0,0.0,,,,0.0,1.0,0.0,1.0,0.0,0.0,,1.0,1.0,0.0,,,1.0,,1.0,0.0,,0.0,,1.0,1.0,0.0,1.0,0.0,,1.0,1.0,0.0,0.0,0.0,,0.0,1.0,1.0,0.0,1.0,0.0,,0.0,0.0,0.0,0.0,0.0,,0.0,,,0.0,,1.0,,0.0,0.0,0.0,0.0,0.0,1.0,0.0,0.0,1.0,1.0,1.0,1.0,0.0,1.0,1.0,1.0,0.0,1.0,0.0,0.0,,1.0,1.0,,,0.0,0.0,0.0,0.0,0.0,,,1.0,1.0,1.0,1.0,1.0,0.0,,0.0,1.0,1.0,0.0,1.0,,,1.0,0.0,,,1.0,1.0,1.0,0.0,1.0,0.0,0.0,0.0,,,1.0,1.0,1.0,1.0,1.0,1.0,1.0,1.0,1.0,,1.0,1.0,0.0,,,1.0,0.0,0.0,1.0,,0.0,1.0,0.0,,1.0,,0.0,0.0,,,0.0,0.0,0.0,,,1.0,,,0.0,0.0,,1.0,1.0,0.0,1.0,0.0,1.0,1.0,0.0,1.0,1.0,,,1.0,0.0,0.0,,0.0,,0.0,0.0,,,1.0,0.0,0.0,,1.0,0.0,,1.0,1.0,1.0,1.0,1.0,1.0,,0.0,1.0,1.0,1.0,,,1.0,,1.0,1.0,0.0,1.0,1.0,1.0,,1.0,,,,,0.0,,,0.0,1.0,1.0,1.0,1.0,1.0,0.0,1.0,,1.0,,1.0
Antônio Carlos Biffi,1.0,,0.0,1.0,0.0,1.0,1.0,1.0,1.0,0.0,0.0,0.0,1.0,0.0,1.0,1.0,1.0,1.0,1.0,,1.0,1.0,1.0,1.0,1.0,1.0,0.0,1.0,0.0,0.0,1.0,1.0,0.0,1.0,0.0,1.0,1.0,1.0,0.0,,0.0,1.0,0.0,0.0,1.0,0.0,1.0,1.0,0.0,0.0,1.0,1.0,1.0,1.0,1.0,1.0,0.0,0.0,0.0,1.0,1.0,0.0,1.0,0.0,1.0,1.0,1.0,0.0,0.0,1.0,0.0,1.0,0.0,0.0,,0.0,1.0,0.0,0.0,0.0,0.0,0.0,0.0,0.0,0.0,0.0,0.0,0.0,0.0,0.0,0.0,0.0,1.0,0.0,1.0,1.0,1.0,1.0,,0.0,,,,,,0.0,1.0,0.0,,1.0,0.0,1.0,0.0,1.0,,1.0,1.0,0.0,1.0,0.0,1.0,1.0,0.0,1.0,,1.0,0.0,1.0,0.0,,0.0,0.0,0.0,0.0,,,0.0,,0.0,1.0,1.0,,0.0,,,0.0,0.0,,,1.0,,1.0,0.0,,1.0,1.0,0.0,1.0,1.0,1.0,1.0,1.0,1.0,0.0,0.0,1.0,1.0,1.0,1.0,0.0,1.0,0.0,1.0,0.0,1.0,0.0,0.0,0.0,1.0,0.0,1.0,0.0,,0.0,1.0,1.0,0.0,1.0,0.0,1.0,0.0,1.0,1.0,0.0,0.0,1.0,1.0,1.0,0.0,1.0,0.0,0.0,1.0,1.0,0.0,0.0,0.0,0.0,,1.0,1.0,,1.0,0.0,1.0,0.0,,0.0,0.0,0.0,,0.0,0.0,,0.0,0.0,1.0,0.0,0.0,0.0,0.0,0.0,0.0,1.0,,,1.0,1.0,1.0,1.0,0.0,0.0,1.0,1.0,0.0,1.0,0.0,0.0,0.0,0.0,0.0,1.0,0.0,0.0,0.0,0.0,0.0,0.0,1.0,0.0,1.0,1.0,1.0,,1.0,0.0,0.0,0.0,0.0,1.0,0.0,,0.0,1.0,1.0,0.0,1.0,0.0,1.0,0.0,0.0,0.0,1.0,0.0,0.0,0.0,0.0,,1.0,1.0,1.0,1.0,0.0,1.0,0.0,0.0,1.0,1.0,1.0,1.0,0.0,0.0,1.0,1.0,0.0,1.0,1.0,1.0,0.0,1.0,0.0,0.0,1.0,0.0,1.0,0.0,0.0,1.0,0.0,0.0,0.0,1.0,0.0,1.0,1.0,1.0,0.0,0.0,0.0,1.0,1.0,0.0,1.0,0.0,1.0,1.0,0.0,1.0,1.0,0.0,,1.0,,0.0,0.0,0.0,0.0,0.0,0.0,0.0,0.0,1.0,0.0,0.0,0.0,1.0,,0.0,1.0,1.0,1.0,,1.0,1.0,0.0,0.0,1.0,1.0,1.0,0.0,1.0,,1.0,1.0,1.0,0.0,1.0,,1.0,1.0,1.0,1.0,0.0,1.0,0.0,0.0,0.0,0.0,0.0,1.0,1.0,1.0,1.0,1.0,0.0,1.0,1.0,1.0,1.0,1.0
Antônio Roberto,1.0,1.0,,1.0,1.0,1.0,1.0,1.0,1.0,1.0,,,,0.0,1.0,0.0,1.0,1.0,,,,,,0.0,1.0,1.0,,1.0,0.0,0.0,1.0,1.0,,,,1.0,1.0,,1.0,0.0,0.0,1.0,0.0,,1.0,0.0,1.0,1.0,0.0,,1.0,1.0,1.0,1.0,1.0,1.0,1.0,0.0,0.0,1.0,1.0,0.0,1.0,0.0,1.0,1.0,1.0,0.0,0.0,1.0,0.0,1.0,0.0,0.0,0.0,0.0,1.0,0.0,0.0,1.0,0.0,0.0,0.0,0.0,0.0,0.0,,0.0,0.0,0.0,0.0,0.0,1.0,0.0,1.0,1.0,,1.0,0.0,0.0,1.0,0.0,0.0,0.0,0.0,0.0,1.0,0.0,,,0.0,1.0,0.0,1.0,,,1.0,0.0,1.0,0.0,1.0,1.0,,1.0,0.0,1.0,,0.0,1.0,1.0,,1.0,1.0,,,,0.0,,0.0,,0.0,1.0,0.0,0.0,0.0,0.0,0.0,0.0,1.0,1.0,0.0,1.0,0.0,1.0,1.0,1.0,0.0,1.0,1.0,,1.0,1.0,1.0,0.0,0.0,1.0,1.0,1.0,1.0,,,0.0,1.0,0.0,,,,0.0,1.0,0.0,,,,,1.0,1.0,0.0,1.0,0.0,1.0,0.0,,,,0.0,1.0,1.0,0.0,0.0,1.0,,,,,0.0,0.0,0.0,0.0,1.0,0.0,0.0,,,,,,0.0,0.0,0.0,0.0,1.0,0.0,0.0,1.0,0.0,0.0,1.0,,0.0,,,,,1.0,,,1.0,1.0,,,0.0,1.0,1.0,,0.0,,,0.0,0.0,1.0,1.0,,,,0.0,,,,,,,1.0,1.0,,,0.0,0.0,0.0,0.0,1.0,0.0,,0.0,,1.0,0.0,1.0,0.0,,1.0,0.0,0.0,1.0,,,,,,,1.0,,1.0,1.0,1.0,0.0,0.0,1.0,1.0,1.0,1.0,,0.0,1.0,1.0,0.0,,1.0,1.0,0.0,1.0,0.0,0.0,1.0,0.0,0.0,0.0,0.0,1.0,1.0,0.0,0.0,1.0,1.0,,,1.0,,,0.0,1.0,1.0,,1.0,1.0,,1.0,0.0,1.0,1.0,,,1.0,0.0,0.0,,0.0,0.0,,0.0,0.0,,,,,,,,,1.0,1.0,1.0,,1.0,1.0,,,,1.0,0.0,0.0,,,1.0,1.0,,0.0,,,1.0,1.0,,1.0,0.0,1.0,,0.0,0.0,0.0,,,1.0,1.0,,,1.0,,,,1.0,1.0
Aníbal Gomes,,1.0,0.0,1.0,,1.0,1.0,1.0,,1.0,,,1.0,,,0.0,0.0,1.0,,,,,,,,1.0,0.0,,,0.0,1.0,1.0,0.0,1.0,,,1.0,1.0,1.0,,0.0,1.0,,0.0,,0.0,1.0,1.0,0.0,0.0,1.0,1.0,1.0,1.0,1.0,1.0,,,,1.0,1.0,,,0.0,1.0,1.0,1.0,0.0,0.0,1.0,1.0,1.0,,,,,1.0,,0.0,,,0.0,0.0,,,,,,0.0,0.0,,,,0.0,1.0,,,,,,1.0,0.0,,,0.0,,1.0,,,1.0,,1.0,,,1.0,1.0,,0.0,1.0,0.0,1.0,1.0,0.0,,,,0.0,,,1.0,0.0,1.0,1.0,,1.0,,0.0,0.0,,1.0,1.0,1.0,,0.0,0.0,0.0,,,1.0,1.0,0.0,1.0,1.0,,1.0,1.0,,,,,1.0,,,0.0,0.0,1.0,,,1.0,0.0,1.0,0.0,,0.0,1.0,0.0,,0.0,1.0,,1.0,0.0,1.0,0.0,1.0,,0.0,1.0,0.0,1.0,,,1.0,0.0,0.0,1.0,,0.0,0.0,,0.0,,1.0,,0.0,,0.0,,,1.0,,0.0,1.0,,,0.0,0.0,0.0,0.0,,,,1.0,,,,,,1.0,0.0,0.0,,,1.0,,,1.0,1.0,1.0,1.0,0.0,1.0,,1.0,0.0,1.0,0.0,0.0,,1.0,,1.0,0.0,,,,,0.0,1.0,,,,1.0,1.0,1.0,0.0,0.0,,0.0,,,,0.0,1.0,,,,0.0,1.0,,1.0,,,0.0,0.0,,,1.0,1.0,1.0,1.0,1.0,1.0,,,,1.0,,1.0,1.0,0.0,,,,0.0,,1.0,,0.0,,0.0,,1.0,,0.0,0.0,1.0,0.0,,,,,1.0,1.0,,,,0.0,0.0,1.0,,0.0,1.0,0.0,1.0,1.0,0.0,,1.0,0.0,0.0,,,,0.0,,0.0,0.0,0.0,,,,0.0,0.0,0.0,,0.0,,1.0,1.0,,,1.0,1.0,,,,,1.0,0.0,,1.0,,,1.0,0.0,1.0,,,,,,,,0.0,,,,,1.0,,,1.0,1.0,,,,1.0,,1.0
Aracely de Paula,,1.0,0.0,1.0,1.0,1.0,1.0,1.0,1.0,1.0,0.0,0.0,,0.0,1.0,0.0,1.0,1.0,1.0,1.0,1.0,1.0,1.0,1.0,1.0,1.0,,,,,,1.0,,1.0,0.0,1.0,,1.0,1.0,,0.0,1.0,0.0,0.0,,,1.0,1.0,0.0,0.0,1.0,1.0,1.0,1.0,1.0,,0.0,0.0,,1.0,0.0,,,,,1.0,1.0,0.0,0.0,1.0,0.0,1.0,0.0,0.0,0.0,0.0,,0.0,0.0,0.0,0.0,0.0,0.0,0.0,0.0,0.0,0.0,0.0,0.0,0.0,,1.0,1.0,,,1.0,,,1.0,,,0.0,0.0,,0.0,0.0,1.0,0.0,1.0,1.0,0.0,1.0,0.0,1.0,1.0,1.0,1.0,1.0,0.0,,1.0,1.0,0.0,1.0,0.0,1.0,0.0,0.0,1.0,1.0,,0.0,1.0,,1.0,0.0,0.0,0.0,0.0,1.0,1.0,1.0,,0.0,0.0,0.0,0.0,,,1.0,0.0,1.0,0.0,1.0,1.0,1.0,0.0,,1.0,,1.0,1.0,1.0,0.0,0.0,1.0,1.0,1.0,1.0,0.0,,0.0,1.0,0.0,,,0.0,0.0,1.0,,1.0,0.0,,0.0,1.0,1.0,0.0,1.0,0.0,1.0,0.0,,1.0,,0.0,,1.0,1.0,0.0,1.0,0.0,0.0,1.0,,0.0,0.0,0.0,0.0,0.0,1.0,,0.0,1.0,0.0,1.0,0.0,0.0,0.0,,0.0,1.0,0.0,0.0,,,0.0,1.0,0.0,0.0,0.0,0.0,0.0,,1.0,0.0,0.0,1.0,,1.0,1.0,0.0,1.0,1.0,1.0,0.0,1.0,0.0,0.0,0.0,1.0,1.0,1.0,0.0,0.0,,0.0,,,,0.0,1.0,1.0,1.0,1.0,1.0,0.0,0.0,0.0,0.0,1.0,0.0,1.0,0.0,1.0,1.0,0.0,1.0,0.0,1.0,1.0,1.0,,1.0,0.0,0.0,,0.0,1.0,1.0,1.0,1.0,1.0,,1.0,1.0,1.0,,,1.0,,,0.0,1.0,1.0,0.0,0.0,1.0,,,1.0,0.0,0.0,1.0,0.0,0.0,,0.0,0.0,0.0,0.0,1.0,1.0,,1.0,1.0,,0.0,,,,,0.0,1.0,0.0,1.0,1.0,0.0,,1.0,0.0,0.0,1.0,0.0,0.0,0.0,0.0,,0.0,0.0,1.0,0.0,1.0,0.0,0.0,0.0,0.0,0.0,0.0,,,,1.0,1.0,1.0,0.0,0.0,1.0,1.0,,,1.0,1.0,1.0,1.0,1.0,0.0,1.0,1.0,,1.0,1.0,1.0,0.0,1.0,0.0,0.0,,0.0,0.0,,1.0,1.0,,,0.0,1.0,1.0,1.0,1.0,1.0
Ariosto Holanda,1.0,1.0,0.0,1.0,1.0,1.0,1.0,1.0,1.0,0.0,0.0,0.0,1.0,0.0,1.0,0.0,1.0,1.0,1.0,1.0,1.0,1.0,1.0,1.0,1.0,1.0,,,0.0,0.0,1.0,1.0,0.0,0.0,1.0,1.0,1.0,1.0,1.0,0.0,0.0,1.0,0.0,0.0,1.0,0.0,1.0,1.0,0.0,0.0,1.0,1.0,1.0,1.0,1.0,,0.0,,1.0,1.0,1.0,1.0,1.0,0.0,1.0,1.0,,0.0,0.0,1.0,1.0,1.0,0.0,0.0,,,1.0,0.0,0.0,0.0,0.0,0.0,0.0,0.0,0.0,0.0,0.0,0.0,0.0,0.0,0.0,0.0,1.0,0.0,1.0,1.0,1.0,1.0,0.0,0.0,1.0,0.0,1.0,1.0,0.0,0.0,1.0,0.0,1.0,1.0,0.0,1.0,1.0,1.0,1.0,1.0,1.0,0.0,0.0,0.0,1.0,1.0,0.0,1.0,0.0,,0.0,0.0,0.0,1.0,0.0,0.0,1.0,0.0,1.0,0.0,0.0,0.0,1.0,1.0,1.0,1.0,0.0,0.0,0.0,0.0,0.0,0.0,1.0,0.0,0.0,1.0,0.0,1.0,1.0,1.0,0.0,1.0,1.0,1.0,1.0,1.0,1.0,0.0,0.0,1.0,1.0,1.0,1.0,0.0,1.0,0.0,1.0,0.0,1.0,0.0,0.0,0.0,1.0,0.0,1.0,0.0,0.0,0.0,1.0,1.0,0.0,1.0,0.0,1.0,0.0,1.0,1.0,0.0,0.0,1.0,1.0,1.0,0.0,1.0,0.0,0.0,1.0,1.0,0.0,0.0,0.0,,0.0,1.0,1.0,0.0,1.0,0.0,1.0,0.0,0.0,0.0,0.0,,1.0,0.0,,,,,1.0,0.0,0.0,0.0,0.0,0.0,0.0,1.0,0.0,0.0,1.0,1.0,1.0,1.0,0.0,1.0,1.0,1.0,0.0,1.0,0.0,0.0,0.0,1.0,0.0,1.0,0.0,0.0,0.0,0.0,0.0,0.0,1.0,0.0,1.0,1.0,1.0,1.0,1.0,0.0,0.0,,0.0,1.0,0.0,1.0,0.0,1.0,1.0,0.0,1.0,0.0,1.0,1.0,0.0,0.0,1.0,0.0,0.0,0.0,0.0,1.0,1.0,1.0,1.0,1.0,1.0,1.0,0.0,0.0,1.0,1.0,1.0,1.0,0.0,0.0,1.0,1.0,0.0,0.0,1.0,1.0,0.0,1.0,,0.0,1.0,0.0,1.0,0.0,1.0,1.0,1.0,0.0,0.0,1.0,1.0,1.0,1.0,1.0,0.0,0.0,0.0,1.0,1.0,0.0,1.0,0.0,1.0,1.0,0.0,1.0,1.0,0.0,0.0,1.0,0.0,0.0,0.0,0.0,0.0,0.0,0.0,0.0,0.0,1.0,0.0,0.0,0.0,1.0,0.0,0.0,1.0,1.0,1.0,1.0,1.0,1.0,0.0,0.0,1.0,1.0,1.0,0.0,1.0,1.0,1.0,1.0,1.0,0.0,1.0,1.0,1.0,1.0,1.0,1.0,0.0,1.0,0.0,0.0,0.0,0.0,0.0,1.0,1.0,1.0,1.0,1.0,0.0,1.0,1.0,1.0,1.0,1.0
Arlindo Chinaglia,1.0,,,1.0,1.0,,,,,0.0,0.0,0.0,,,1.0,1.0,1.0,1.0,1.0,1.0,1.0,1.0,1.0,1.0,1.0,,,,,,,1.0,,,,,1.0,,,,,,,,,,,,,,,,,,,,,,,,,1.0,,,,,,,,,,,,,,,,,,,,,,,,,,,,,,,,,,,,,,,,,,,,,1.0,,,,,,,,,,,,,,,,,,,,,,,,,,,,,,,,,,,,,,,,,,,,,,,,,,,,,,,,,,,,,,,,,0.0,1.0,,,0.0,0.0,0.0,1.0,,,,,,,,,,,,,,,,,,,,,,,,,,,,,,,,,,,,,,,,,,,,,,,,1.0,,,,,,,,,,1.0,1.0,,,,,,,,,,,0.0,0.0,0.0,,,,,0.0,,0.0,,0.0,1.0,,,1.0,1.0,,,,0.0,,,,,1.0,1.0,,,0.0,,1.0,,,1.0,0.0,0.0,,,1.0,,1.0,1.0,1.0,0.0,,0.0,0.0,1.0,1.0,,,0.0,,,,,1.0,,,,,,0.0,,,,,,1.0,0.0,0.0,0.0,1.0,,,1.0,1.0,,,,,,,,0.0,,1.0,,1.0,1.0,0.0,0.0,1.0,1.0,0.0,0.0,,,0.0,0.0,,,,0.0,0.0,0.0,,,,,,,,1.0,,0.0,0.0,1.0,0.0,,0.0,1.0,1.0,,,1.0,,1.0,,,,,1.0,0.0,,0.0,0.0,,0.0,0.0,,1.0,1.0,,,,1.0,1.0,,,
Armando Abílio,,1.0,0.0,1.0,0.0,1.0,1.0,1.0,1.0,1.0,,0.0,1.0,,,0.0,1.0,1.0,1.0,1.0,1.0,1.0,1.0,,1.0,1.0,0.0,1.0,0.0,0.0,1.0,1.0,,1.0,0.0,1.0,1.0,1.0,1.0,0.0,0.0,1.0,0.0,0.0,1.0,0.0,1.0,1.0,0.0,0.0,1.0,1.0,1.0,1.0,1.0,1.0,0.0,,0.0,1.0,1.0,1.0,1.0,0.0,1.0,,1.0,0.0,0.0,1.0,0.0,1.0,0.0,0.0,0.0,0.0,1.0,0.0,0.0,0.0,0.0,0.0,,0.0,0.0,0.0,0.0,0.0,0.0,0.0,0.0,0.0,1.0,0.0,1.0,1.0,,1.0,1.0,0.0,1.0,,,,0.0,0.0,1.0,0.0,1.0,1.0,0.0,,1.0,1.0,1.0,1.0,1.0,,,,1.0,1.0,0.0,1.0,0.0,1.0,0.0,,1.0,1.0,0.0,0.0,1.0,0.0,1.0,,0.0,0.0,0.0,1.0,1.0,1.0,0.0,0.0,0.0,0.0,0.0,0.0,1.0,1.0,0.0,1.0,0.0,,1.0,1.0,0.0,1.0,1.0,1.0,1.0,1.0,,0.0,0.0,1.0,1.0,1.0,1.0,0.0,1.0,0.0,1.0,,1.0,0.0,0.0,0.0,1.0,0.0,1.0,0.0,0.0,,1.0,1.0,,1.0,0.0,1.0,0.0,1.0,1.0,0.0,0.0,1.0,1.0,1.0,0.0,1.0,0.0,0.0,1.0,1.0,0.0,0.0,0.0,0.0,0.0,1.0,1.0,0.0,1.0,0.0,1.0,0.0,0.0,0.0,0.0,,1.0,0.0,0.0,1.0,0.0,0.0,1.0,0.0,0.0,0.0,0.0,0.0,0.0,1.0,0.0,0.0,1.0,1.0,1.0,1.0,0.0,1.0,1.0,1.0,0.0,,0.0,0.0,0.0,0.0,1.0,1.0,0.0,0.0,0.0,0.0,0.0,0.0,1.0,0.0,1.0,1.0,1.0,,,,0.0,,0.0,1.0,0.0,1.0,0.0,1.0,1.0,0.0,1.0,0.0,1.0,1.0,0.0,,1.0,,0.0,0.0,0.0,1.0,1.0,1.0,1.0,1.0,0.0,1.0,1.0,1.0,1.0,1.0,,1.0,,0.0,1.0,1.0,0.0,,1.0,1.0,0.0,1.0,0.0,0.0,1.0,,0.0,1.0,1.0,0.0,0.0,1.0,0.0,1.0,1.0,,1.0,1.0,0.0,0.0,0.0,1.0,1.0,0.0,,1.0,1.0,1.0,0.0,1.0,1.0,,0.0,1.0,0.0,0.0,,0.0,0.0,0.0,0.0,1.0,0.0,1.0,0.0,0.0,,1.0,0.0,0.0,1.0,1.0,1.0,1.0,1.0,1.0,0.0,0.0,1.0,1.0,1.0,0.0,1.0,,1.0,1.0,1.0,,1.0,1.0,1.0,1.0,1.0,1.0,0.0,1.0,0.0,0.0,0.0,0.0,0.0,1.0,,,1.0,,0.0,,,,,1.0
Armando Monteiro,,1.0,,,,,1.0,1.0,,0.0,0.0,,1.0,0.0,1.0,0.0,1.0,1.0,,,,,,,,,,1.0,0.0,,1.0,1.0,0.0,1.0,0.0,1.0,1.0,,1.0,,,1.0,0.0,0.0,1.0,0.0,1.0,1.0,,,0.0,0.0,0.0,,,,0.0,0.0,0.0,1.0,1.0,1.0,,,,,,,0.0,,,,,0.0,,,1.0,0.0,0.0,0.0,,,0.0,,,0.0,0.0,0.0,0.0,,,1.0,,0.0,1.0,1.0,,1.0,,0.0,,,0.0,,,0.0,1.0,0.0,,1.0,0.0,1.0,,,,1.0,,,1.0,0.0,,,,1.0,,1.0,,0.0,1.0,1.0,0.0,1.0,1.0,,,,,,,,0.0,,,,,0.0,,,,,,1.0,,,,,,0.0,,,,,,,,,1.0,1.0,1.0,,1.0,,,,,,,0.0,1.0,,1.0,0.0,,,,,,1.0,0.0,1.0,1.0,0.0,,,0.0,,,,,,,,,,,0.0,0.0,,,0.0,0.0,0.0,,,,,,0.0,0.0,,,,1.0,1.0,0.0,0.0,,,,,0.0,0.0,0.0,1.0,,0.0,,1.0,1.0,,,,1.0,,0.0,,0.0,0.0,,,1.0,1.0,,,,,0.0,0.0,1.0,0.0,1.0,1.0,1.0,1.0,1.0,0.0,,,,1.0,0.0,,0.0,1.0,,,,,1.0,,1.0,,1.0,0.0,0.0,1.0,,1.0,,0.0,0.0,1.0,1.0,1.0,1.0,,,1.0,,1.0,0.0,0.0,1.0,1.0,,,,,1.0,,,,1.0,,0.0,0.0,1.0,0.0,1.0,0.0,,1.0,,1.0,,1.0,,,,,,,,0.0,,,,,1.0,,,1.0,0.0,,,,0.0,,0.0,,,,,,,,,,1.0,1.0,1.0,,1.0,1.0,0.0,0.0,1.0,0.0,,0.0,,1.0,1.0,1.0,,,,,1.0,1.0,1.0,,0.0,1.0,,,,,,,1.0,1.0,1.0,1.0,,,,,,
Arnaldo Faria de Sá,1.0,0.0,1.0,1.0,0.0,1.0,,1.0,1.0,1.0,0.0,,1.0,1.0,1.0,0.0,1.0,1.0,1.0,1.0,1.0,1.0,1.0,0.0,1.0,1.0,0.0,1.0,1.0,1.0,0.0,1.0,0.0,1.0,0.0,1.0,1.0,1.0,1.0,0.0,0.0,1.0,0.0,,1.0,0.0,1.0,1.0,1.0,1.0,0.0,0.0,0.0,0.0,0.0,1.0,1.0,0.0,,0.0,1.0,0.0,0.0,1.0,1.0,0.0,0.0,,1.0,1.0,1.0,1.0,1.0,1.0,,0.0,1.0,1.0,0.0,1.0,0.0,0.0,0.0,0.0,1.0,0.0,0.0,0.0,0.0,1.0,0.0,1.0,1.0,0.0,0.0,0.0,,1.0,0.0,1.0,0.0,,,,1.0,0.0,1.0,,0.0,0.0,,0.0,1.0,,0.0,0.0,1.0,0.0,1.0,0.0,0.0,0.0,1.0,1.0,0.0,1.0,0.0,0.0,1.0,1.0,1.0,0.0,0.0,0.0,0.0,1.0,1.0,1.0,1.0,0.0,1.0,0.0,1.0,1.0,1.0,1.0,0.0,1.0,0.0,1.0,0.0,1.0,1.0,0.0,0.0,0.0,,,1.0,1.0,1.0,1.0,,0.0,,0.0,1.0,0.0,1.0,,,1.0,0.0,0.0,1.0,0.0,0.0,0.0,0.0,0.0,1.0,1.0,0.0,0.0,1.0,0.0,0.0,1.0,0.0,1.0,1.0,0.0,0.0,1.0,1.0,1.0,1.0,1.0,0.0,1.0,0.0,0.0,0.0,0.0,0.0,0.0,0.0,1.0,1.0,0.0,0.0,0.0,0.0,1.0,0.0,1.0,0.0,0.0,0.0,0.0,0.0,0.0,0.0,1.0,0.0,0.0,1.0,0.0,0.0,0.0,0.0,0.0,0.0,1.0,0.0,,1.0,1.0,0.0,,0.0,1.0,,,0.0,,,0.0,1.0,1.0,1.0,,0.0,0.0,,0.0,0.0,0.0,1.0,0.0,1.0,0.0,,1.0,1.0,0.0,0.0,0.0,1.0,,1.0,0.0,0.0,1.0,1.0,1.0,0.0,0.0,,1.0,1.0,0.0,1.0,0.0,0.0,1.0,0.0,1.0,,0.0,0.0,1.0,1.0,1.0,1.0,1.0,1.0,,1.0,1.0,0.0,0.0,1.0,1.0,0.0,0.0,1.0,1.0,1.0,1.0,0.0,0.0,1.0,0.0,0.0,1.0,0.0,0.0,1.0,1.0,0.0,1.0,1.0,1.0,1.0,1.0,1.0,1.0,1.0,0.0,0.0,1.0,1.0,1.0,,0.0,0.0,0.0,0.0,1.0,0.0,,0.0,0.0,1.0,0.0,1.0,1.0,1.0,,0.0,1.0,0.0,0.0,1.0,1.0,0.0,0.0,1.0,1.0,1.0,1.0,1.0,1.0,,,,1.0,0.0,1.0,0.0,1.0,1.0,1.0,0.0,0.0,0.0,,1.0,1.0,1.0,1.0,0.0,0.0,0.0,0.0,0.0,0.0,0.0,0.0,1.0,1.0,0.0,,1.0,1.0,1.0,1.0,1.0,
Arnaldo Jardim,1.0,0.0,,0.0,1.0,,,1.0,,0.0,,0.0,,,1.0,0.0,1.0,1.0,1.0,1.0,1.0,1.0,1.0,0.0,1.0,0.0,,,,,,,1.0,1.0,0.0,1.0,1.0,1.0,1.0,,,,,,0.0,1.0,0.0,1.0,,,0.0,,,,,1.0,1.0,,,0.0,1.0,1.0,,1.0,0.0,,0.0,,1.0,,,,,,,0.0,,,,,,0.0,0.0,,0.0,0.0,0.0,,0.0,0.0,0.0,1.0,1.0,0.0,0.0,0.0,1.0,1.0,,1.0,0.0,1.0,1.0,1.0,,,1.0,1.0,0.0,0.0,1.0,,0.0,,0.0,0.0,1.0,0.0,1.0,1.0,1.0,1.0,1.0,,,1.0,0.0,1.0,,0.0,0.0,1.0,,0.0,,,,1.0,,,0.0,,,,,,,1.0,,,1.0,,0.0,0.0,0.0,0.0,1.0,0.0,1.0,1.0,,0.0,0.0,1.0,0.0,0.0,1.0,0.0,1.0,,,,,,,,,0.0,0.0,,,,,,0.0,0.0,,0.0,,0.0,0.0,0.0,0.0,,1.0,,,0.0,,,,,,,,,,,,0.0,,,,,,,,,0.0,0.0,1.0,0.0,1.0,,,0.0,,0.0,,,,,,0.0,,,1.0,0.0,1.0,1.0,,,,,,,1.0,,,1.0,1.0,1.0,,1.0,,1.0,,1.0,0.0,,,1.0,1.0,0.0,0.0,1.0,,0.0,1.0,,,0.0,0.0,1.0,1.0,1.0,1.0,,1.0,,0.0,1.0,0.0,0.0,0.0,1.0,,0.0,1.0,1.0,1.0,,1.0,1.0,0.0,0.0,1.0,0.0,,1.0,1.0,,1.0,1.0,1.0,0.0,,1.0,1.0,,,,,0.0,,,,,,,,,1.0,1.0,1.0,1.0,1.0,,,,0.0,1.0,,1.0,1.0,,,,0.0,,1.0,,1.0,1.0,,,,,,0.0,,,,,,,,,1.0,1.0,1.0,1.0,1.0,,,,,1.0,0.0,1.0,0.0,1.0,,,,,,1.0,1.0,1.0,,,,,,1.0,,,,,1.0,1.0,1.0,0.0,,,1.0,0.0,1.0,1.0
Arnaldo Madeira,1.0,0.0,1.0,1.0,1.0,,,1.0,1.0,0.0,1.0,1.0,,0.0,1.0,0.0,1.0,1.0,1.0,,1.0,1.0,1.0,0.0,1.0,0.0,,,,,,,1.0,1.0,0.0,1.0,0.0,0.0,1.0,,,,,,,,0.0,1.0,,,0.0,,,,,,0.0,1.0,,0.0,1.0,1.0,,,0.0,0.0,0.0,,,0.0,1.0,,0.0,,1.0,0.0,0.0,,,,,0.0,0.0,0.0,0.0,0.0,0.0,1.0,0.0,0.0,0.0,1.0,1.0,0.0,0.0,0.0,0.0,,1.0,1.0,,0.0,0.0,1.0,1.0,1.0,0.0,1.0,0.0,0.0,,,0.0,0.0,0.0,0.0,,1.0,1.0,0.0,0.0,1.0,1.0,1.0,,1.0,,0.0,1.0,,1.0,0.0,,1.0,,,,,0.0,,0.0,,,,,,,,,,1.0,0.0,,0.0,0.0,0.0,1.0,0.0,,,0.0,0.0,,1.0,,0.0,0.0,0.0,,,,,,,,,1.0,1.0,0.0,,,,,,0.0,0.0,,0.0,,0.0,0.0,0.0,0.0,0.0,,,,0.0,,,,,,,,,,,,0.0,,,0.0,,,,,,,0.0,,,1.0,1.0,0.0,1.0,1.0,1.0,,,,,,0.0,,,1.0,0.0,1.0,0.0,,0.0,0.0,0.0,,,,,1.0,,0.0,0.0,,1.0,,,,1.0,0.0,,,,0.0,0.0,0.0,1.0,0.0,,1.0,,,1.0,1.0,0.0,1.0,0.0,0.0,,1.0,1.0,0.0,1.0,0.0,0.0,0.0,0.0,,0.0,1.0,1.0,1.0,0.0,1.0,0.0,0.0,0.0,0.0,0.0,1.0,0.0,0.0,1.0,0.0,0.0,1.0,0.0,0.0,0.0,0.0,0.0,,,,1.0,1.0,0.0,0.0,1.0,0.0,0.0,0.0,1.0,0.0,0.0,,,1.0,,,,0.0,1.0,0.0,0.0,1.0,0.0,1.0,0.0,0.0,0.0,0.0,,1.0,1.0,0.0,,,,,0.0,,,,,0.0,,,,0.0,0.0,0.0,1.0,,,,,,0.0,0.0,0.0,0.0,1.0,,,0.0,1.0,0.0,1.0,0.0,0.0,0.0,,,0.0,,,,,,0.0,,,,0.0,,,1.0,0.0,0.0,
Arnaldo Vianna,1.0,1.0,0.0,1.0,1.0,1.0,1.0,1.0,1.0,,,1.0,1.0,0.0,1.0,0.0,1.0,1.0,1.0,1.0,1.0,1.0,1.0,1.0,1.0,,0.0,1.0,0.0,0.0,1.0,1.0,0.0,1.0,0.0,,,1.0,1.0,0.0,,1.0,0.0,0.0,1.0,0.0,1.0,,0.0,0.0,1.0,1.0,1.0,1.0,1.0,,0.0,0.0,0.0,,1.0,,1.0,0.0,1.0,1.0,1.0,0.0,0.0,1.0,1.0,1.0,0.0,0.0,0.0,0.0,1.0,0.0,0.0,1.0,0.0,0.0,0.0,0.0,0.0,0.0,0.0,0.0,0.0,0.0,0.0,0.0,,0.0,1.0,1.0,,1.0,,0.0,1.0,0.0,1.0,1.0,,0.0,1.0,0.0,1.0,1.0,0.0,1.0,,1.0,1.0,0.0,1.0,0.0,1.0,0.0,,,0.0,1.0,0.0,,0.0,0.0,1.0,,1.0,0.0,1.0,0.0,1.0,0.0,0.0,,1.0,1.0,,1.0,0.0,0.0,0.0,0.0,0.0,0.0,1.0,1.0,0.0,1.0,0.0,1.0,1.0,1.0,0.0,1.0,1.0,1.0,1.0,1.0,1.0,,0.0,,1.0,,1.0,0.0,1.0,0.0,,0.0,1.0,,,1.0,0.0,0.0,1.0,0.0,0.0,0.0,1.0,1.0,0.0,1.0,0.0,,,1.0,1.0,0.0,0.0,1.0,1.0,1.0,0.0,,0.0,0.0,1.0,1.0,0.0,0.0,0.0,1.0,1.0,1.0,1.0,0.0,1.0,0.0,1.0,0.0,0.0,,0.0,0.0,1.0,,1.0,1.0,0.0,0.0,,,,,,,,1.0,,,1.0,,1.0,1.0,,1.0,,1.0,0.0,1.0,0.0,,0.0,1.0,0.0,1.0,,0.0,0.0,,,,,,,1.0,1.0,1.0,1.0,0.0,0.0,0.0,,1.0,0.0,1.0,0.0,1.0,1.0,0.0,1.0,0.0,1.0,1.0,0.0,0.0,1.0,0.0,,,0.0,0.0,1.0,0.0,0.0,1.0,1.0,0.0,0.0,0.0,1.0,1.0,1.0,,0.0,0.0,1.0,1.0,0.0,0.0,1.0,1.0,0.0,0.0,0.0,,1.0,,0.0,0.0,0.0,0.0,1.0,1.0,0.0,1.0,1.0,1.0,1.0,1.0,,,,,,,,1.0,,,,,,,,1.0,,,,,,,0.0,1.0,0.0,1.0,0.0,0.0,,1.0,,0.0,,,,1.0,1.0,1.0,0.0,0.0,1.0,1.0,,0.0,1.0,,1.0,1.0,1.0,0.0,1.0,1.0,,,,1.0,0.0,1.0,0.0,0.0,0.0,0.0,0.0,1.0,,,,,0.0,1.0,1.0,0.0,0.0,
Arnon Bezerra,1.0,,0.0,,,,,1.0,,1.0,0.0,0.0,1.0,,1.0,0.0,0.0,1.0,1.0,1.0,1.0,1.0,,1.0,1.0,1.0,0.0,1.0,0.0,0.0,1.0,1.0,0.0,1.0,0.0,1.0,1.0,1.0,1.0,,,1.0,0.0,,1.0,0.0,1.0,1.0,0.0,0.0,1.0,1.0,1.0,1.0,1.0,,0.0,,,1.0,1.0,0.0,1.0,0.0,1.0,,,,,1.0,0.0,,,,,,,,,,,,,0.0,,,,,,0.0,,1.0,1.0,0.0,,1.0,,,1.0,,1.0,0.0,0.0,0.0,0.0,0.0,,,1.0,1.0,0.0,1.0,,1.0,1.0,1.0,,0.0,1.0,,1.0,1.0,0.0,,0.0,,0.0,,1.0,1.0,0.0,,1.0,0.0,1.0,,,,0.0,1.0,0.0,1.0,,0.0,0.0,0.0,0.0,,,1.0,0.0,1.0,0.0,1.0,,1.0,,1.0,1.0,1.0,,1.0,,0.0,,1.0,1.0,1.0,1.0,,1.0,,1.0,,1.0,,0.0,,1.0,0.0,1.0,0.0,0.0,0.0,1.0,,0.0,,,1.0,1.0,0.0,0.0,1.0,,1.0,1.0,1.0,0.0,1.0,0.0,0.0,1.0,,0.0,,0.0,,,,,0.0,1.0,,1.0,,,,0.0,,1.0,,,,,,1.0,0.0,,0.0,0.0,,0.0,1.0,0.0,,,1.0,,,0.0,1.0,,1.0,0.0,1.0,,0.0,,,,,,0.0,,,0.0,0.0,,0.0,1.0,1.0,1.0,,1.0,,,0.0,,,,1.0,0.0,,1.0,0.0,1.0,0.0,,,1.0,,,,0.0,1.0,0.0,1.0,1.0,1.0,1.0,1.0,,,,1.0,1.0,1.0,1.0,1.0,,,1.0,1.0,,,1.0,1.0,1.0,1.0,,0.0,1.0,,,,,,,,,,1.0,,1.0,1.0,0.0,0.0,0.0,1.0,1.0,0.0,1.0,1.0,,,,1.0,1.0,,,1.0,,0.0,,,0.0,0.0,,1.0,0.0,1.0,,0.0,,1.0,0.0,0.0,1.0,1.0,,,1.0,1.0,,,,1.0,0.0,0.0,,,,,,,,,1.0,,1.0,1.0,0.0,1.0,0.0,0.0,0.0,,0.0,,1.0,1.0,,,0.0,1.0,1.0,1.0,,
Arolde de Oliveira,,,,,,1.0,,,,,,,,0.0,1.0,,,,1.0,,1.0,1.0,1.0,1.0,1.0,,,,,,,,1.0,,,1.0,1.0,1.0,,,,,,,0.0,,,,,,,,,,,,,,,,,1.0,,,,,,,,,,,,,,,,,,,,,,,,,,,,,,,,,,,1.0,1.0,,,,,,,,,,,,,,,,,,,,,,,,,,,,,,,,,,,,,,,,,,,1.0,,,,,,,,,0.0,,,,,,,,,,,,,,,,,,,,,,,,1.0,,,,1.0,0.0,,,,,,,,,,,,,,,,,,,,,,,,,,,,,,,,,,,,,,,,,,,,,,,,,,,,,,,0.0,,,1.0,0.0,,1.0,,1.0,0.0,,,,,,,1.0,1.0,1.0,,,,,,,,,,,,,,,,,,,,,,,,,,,1.0,1.0,,,,0.0,0.0,1.0,,,1.0,0.0,0.0,,,0.0,0.0,1.0,0.0,0.0,,0.0,1.0,,,,,0.0,,,,0.0,,,,0.0,,,,,,,,,,1.0,,1.0,1.0,,,,0.0,1.0,1.0,1.0,1.0,0.0,1.0,,0.0,,,,1.0,1.0,,,,,,,,,,,,,,,0.0,0.0,0.0,1.0,1.0,1.0,,,,1.0,0.0,1.0,0.0,1.0,,,,,,,0.0,1.0,,,,0.0,,,,,,0.0,,,0.0,,,,1.0,0.0,0.0,
Asdrubal Bentes,1.0,1.0,0.0,1.0,1.0,,,1.0,1.0,1.0,0.0,0.0,1.0,,1.0,0.0,0.0,1.0,,,,,,,,1.0,,,,,,1.0,,1.0,0.0,1.0,1.0,1.0,1.0,,0.0,1.0,,0.0,1.0,0.0,1.0,1.0,,0.0,1.0,1.0,1.0,1.0,1.0,,,,0.0,,,1.0,,0.0,1.0,,,,,1.0,1.0,1.0,,0.0,,,1.0,0.0,0.0,0.0,0.0,,0.0,0.0,,0.0,0.0,0.0,0.0,0.0,,1.0,,,1.0,1.0,1.0,1.0,,0.0,1.0,0.0,1.0,1.0,0.0,0.0,1.0,0.0,,1.0,0.0,1.0,1.0,1.0,1.0,,1.0,0.0,1.0,0.0,1.0,1.0,0.0,1.0,,1.0,0.0,1.0,0.0,1.0,,,1.0,,,,0.0,,1.0,1.0,,1.0,0.0,,0.0,0.0,0.0,0.0,1.0,0.0,0.0,,,,,,,1.0,1.0,1.0,1.0,1.0,1.0,0.0,0.0,,,,1.0,0.0,1.0,0.0,,,,,,0.0,1.0,0.0,1.0,0.0,0.0,,,1.0,0.0,1.0,0.0,1.0,0.0,1.0,0.0,0.0,0.0,,,1.0,,1.0,0.0,0.0,1.0,,,,0.0,,,,,,,,,,,,,,1.0,0.0,1.0,1.0,0.0,,1.0,0.0,,,0.0,,0.0,,0.0,,1.0,1.0,1.0,1.0,,,,,0.0,,0.0,0.0,0.0,1.0,1.0,1.0,,0.0,0.0,0.0,0.0,0.0,1.0,,1.0,1.0,,1.0,1.0,0.0,0.0,0.0,0.0,1.0,0.0,1.0,0.0,1.0,1.0,0.0,,0.0,1.0,,1.0,,1.0,,,,0.0,1.0,1.0,1.0,,,1.0,1.0,,1.0,1.0,1.0,1.0,1.0,0.0,0.0,1.0,1.0,0.0,,1.0,,1.0,,0.0,0.0,1.0,,,,,,,,,1.0,,,,1.0,0.0,0.0,0.0,1.0,1.0,0.0,,0.0,,1.0,0.0,,,,,,,,,0.0,0.0,0.0,0.0,,0.0,1.0,0.0,0.0,,1.0,0.0,0.0,1.0,1.0,1.0,,,1.0,0.0,0.0,1.0,1.0,,1.0,1.0,1.0,1.0,1.0,,0.0,,,1.0,1.0,1.0,,0.0,1.0,0.0,,0.0,0.0,0.0,1.0,1.0,1.0,,1.0,,,1.0,1.0,1.0,1.0
Assis do Couto,1.0,1.0,,1.0,1.0,1.0,1.0,1.0,1.0,0.0,0.0,,1.0,0.0,1.0,1.0,1.0,1.0,1.0,1.0,1.0,1.0,1.0,1.0,1.0,1.0,0.0,1.0,0.0,0.0,1.0,1.0,0.0,1.0,0.0,1.0,1.0,1.0,1.0,0.0,0.0,1.0,0.0,0.0,1.0,0.0,1.0,1.0,,0.0,1.0,1.0,1.0,1.0,1.0,1.0,0.0,0.0,0.0,1.0,1.0,0.0,1.0,0.0,1.0,1.0,1.0,0.0,,,0.0,,,0.0,0.0,,1.0,,,,,0.0,0.0,0.0,0.0,,0.0,0.0,0.0,,0.0,,1.0,0.0,1.0,1.0,1.0,1.0,1.0,0.0,1.0,,,,0.0,0.0,1.0,0.0,,,0.0,1.0,,,1.0,1.0,1.0,,,,1.0,1.0,0.0,1.0,0.0,,0.0,1.0,0.0,1.0,0.0,0.0,1.0,0.0,1.0,0.0,0.0,0.0,0.0,,1.0,1.0,0.0,0.0,0.0,0.0,0.0,0.0,1.0,0.0,0.0,1.0,0.0,,1.0,1.0,0.0,1.0,1.0,1.0,1.0,1.0,1.0,,0.0,1.0,1.0,1.0,1.0,0.0,1.0,0.0,1.0,0.0,1.0,0.0,0.0,,1.0,0.0,,0.0,0.0,,1.0,1.0,0.0,1.0,0.0,1.0,0.0,1.0,1.0,,,1.0,1.0,1.0,0.0,1.0,0.0,0.0,1.0,1.0,,,,,,,,,,0.0,1.0,0.0,,0.0,0.0,0.0,,0.0,0.0,1.0,0.0,,1.0,0.0,0.0,0.0,0.0,0.0,0.0,1.0,0.0,0.0,1.0,1.0,1.0,1.0,,0.0,1.0,1.0,0.0,1.0,0.0,0.0,0.0,0.0,0.0,1.0,0.0,0.0,0.0,0.0,,,,0.0,1.0,1.0,1.0,1.0,1.0,0.0,,,0.0,1.0,0.0,1.0,0.0,1.0,1.0,0.0,1.0,0.0,1.0,,0.0,0.0,1.0,,,0.0,0.0,1.0,,1.0,1.0,1.0,0.0,,,,1.0,1.0,1.0,1.0,0.0,,1.0,1.0,,1.0,1.0,1.0,0.0,1.0,0.0,0.0,1.0,,1.0,,0.0,1.0,0.0,0.0,0.0,1.0,0.0,1.0,1.0,1.0,0.0,0.0,0.0,1.0,1.0,0.0,,0.0,,1.0,0.0,1.0,1.0,0.0,,1.0,0.0,0.0,0.0,0.0,0.0,0.0,0.0,0.0,0.0,1.0,0.0,0.0,0.0,1.0,0.0,0.0,1.0,1.0,1.0,1.0,1.0,1.0,,0.0,1.0,0.0,1.0,0.0,,1.0,,1.0,,,,1.0,1.0,,1.0,,,,,,0.0,0.0,0.0,1.0,1.0,1.0,1.0,0.0,0.0,1.0,1.0,1.0,1.0,0.0
Augusto Carvalho,1.0,0.0,1.0,,,,,,1.0,0.0,,,,,1.0,0.0,1.0,1.0,1.0,1.0,1.0,1.0,1.0,1.0,1.0,1.0,1.0,1.0,1.0,1.0,0.0,,,,,1.0,,,0.0,,,,,,,,,,,1.0,0.0,0.0,0.0,0.0,0.0,1.0,1.0,0.0,1.0,0.0,1.0,,0.0,1.0,0.0,,,,,0.0,1.0,0.0,,,0.0,0.0,,1.0,1.0,1.0,0.0,0.0,0.0,0.0,,,,,,,,1.0,1.0,0.0,0.0,,,,,1.0,0.0,1.0,,,1.0,,,,0.0,0.0,1.0,0.0,0.0,,,0.0,,0.0,1.0,0.0,1.0,1.0,1.0,1.0,0.0,1.0,1.0,0.0,0.0,0.0,0.0,1.0,1.0,0.0,,1.0,1.0,1.0,1.0,0.0,,,,,,1.0,1.0,1.0,0.0,,,0.0,0.0,,0.0,0.0,1.0,0.0,,,0.0,0.0,,1.0,,0.0,,0.0,1.0,1.0,0.0,,,,,,,0.0,1.0,,0.0,,,1.0,,0.0,,,,0.0,0.0,1.0,0.0,0.0,1.0,0.0,,,,,1.0,1.0,0.0,0.0,1.0,1.0,1.0,1.0,,0.0,0.0,1.0,0.0,1.0,0.0,1.0,,,0.0,0.0,1.0,0.0,1.0,1.0,0.0,1.0,1.0,0.0,,,,,,,,,,,,,,,,,,,,,,,,,,,,,,,,,,,,,,,,,,,,,,,,,,,,,,,,,,,,,,1.0,,,,,,,,,,,,,,1.0,0.0,,,,,,,,,,,,,,,,,,,,1.0,1.0,,,,,,,,,,,,,,,,1.0,1.0,1.0,,1.0,1.0,1.0,1.0,1.0,,,,,,,,,,,,1.0,1.0,1.0,,1.0,1.0,1.0,0.0,1.0,0.0,1.0,,,,,,1.0,1.0,1.0,1.0,,,,,1.0,1.0,,,,1.0,1.0,,0.0,,1.0,1.0,0.0,1.0,0.0
Augusto Farias,1.0,1.0,0.0,1.0,1.0,1.0,1.0,1.0,1.0,1.0,0.0,,,0.0,,0.0,1.0,1.0,1.0,1.0,1.0,1.0,1.0,1.0,1.0,1.0,0.0,1.0,0.0,0.0,,1.0,,0.0,0.0,1.0,1.0,,,0.0,0.0,1.0,0.0,0.0,1.0,0.0,1.0,,0.0,0.0,1.0,1.0,1.0,1.0,1.0,,,,,,1.0,1.0,,0.0,1.0,,,,0.0,1.0,1.0,1.0,,0.0,0.0,,1.0,0.0,0.0,0.0,0.0,,,0.0,0.0,0.0,0.0,0.0,0.0,0.0,,1.0,,,1.0,,,1.0,,0.0,1.0,,0.0,0.0,0.0,0.0,1.0,0.0,1.0,1.0,0.0,1.0,0.0,1.0,1.0,,1.0,0.0,1.0,,1.0,1.0,,1.0,0.0,,0.0,0.0,1.0,1.0,,0.0,1.0,0.0,1.0,0.0,0.0,0.0,1.0,,1.0,1.0,0.0,0.0,0.0,,0.0,,,0.0,0.0,0.0,0.0,1.0,1.0,1.0,0.0,0.0,1.0,,1.0,,,0.0,,1.0,1.0,1.0,1.0,0.0,1.0,,1.0,,1.0,0.0,,0.0,1.0,0.0,1.0,0.0,,0.0,1.0,1.0,0.0,1.0,0.0,1.0,0.0,1.0,1.0,1.0,0.0,1.0,,1.0,1.0,1.0,,0.0,1.0,1.0,0.0,0.0,1.0,0.0,,1.0,1.0,0.0,1.0,0.0,1.0,0.0,0.0,0.0,0.0,,1.0,,1.0,1.0,0.0,1.0,1.0,,0.0,0.0,0.0,0.0,0.0,1.0,,0.0,1.0,1.0,,,,1.0,,1.0,,1.0,,,,,,,,,,,0.0,0.0,1.0,0.0,1.0,1.0,1.0,,0.0,0.0,0.0,0.0,,1.0,0.0,,0.0,1.0,1.0,0.0,1.0,,,1.0,1.0,0.0,1.0,1.0,0.0,,,1.0,1.0,1.0,1.0,,1.0,1.0,,,1.0,1.0,0.0,1.0,0.0,,1.0,1.0,0.0,,1.0,,1.0,,,0.0,,0.0,,,,,,,,1.0,1.0,1.0,1.0,1.0,1.0,,0.0,1.0,1.0,1.0,1.0,1.0,,,,1.0,1.0,,,1.0,,,,,0.0,0.0,,1.0,0.0,1.0,0.0,0.0,,,,0.0,1.0,1.0,1.0,,1.0,1.0,0.0,0.0,1.0,1.0,0.0,0.0,,1.0,,1.0,,0.0,,,,1.0,1.0,1.0,0.0,,0.0,,0.0,0.0,,1.0,1.0,1.0,1.0,1.0,0.0,1.0,1.0,1.0,1.0,
Ayrton Xerez,,0.0,1.0,,,,,,1.0,,,,,,,,,,,,,,,,,0.0,,1.0,,,,,,,,,,,,,,,,,,,,1.0,,,0.0,0.0,,,0.0,1.0,,,,0.0,,,,,0.0,,0.0,,1.0,0.0,1.0,,,,,,0.0,,,1.0,,1.0,,,,,,1.0,,,,1.0,,,0.0,0.0,,,1.0,1.0,0.0,0.0,0.0,1.0,1.0,,,,,0.0,,1.0,1.0,0.0,0.0,0.0,,0.0,1.0,0.0,0.0,0.0,,1.0,0.0,1.0,,1.0,0.0,,0.0,1.0,1.0,0.0,,,,,0.0,,,,,,,,,,,,,0.0,0.0,0.0,0.0,0.0,0.0,0.0,1.0,,0.0,0.0,,1.0,,0.0,,0.0,0.0,,,,,,,,,,,,,,,,0.0,0.0,,0.0,,0.0,,0.0,0.0,1.0,0.0,0.0,,0.0,,,,,,,,,,,1.0,0.0,,,0.0,,,,,,,,,,1.0,1.0,,,,,,,,,,,,,,,,,,,,,,,,,,,,,,,,,,,,,,,,,,,,,,,,,,,,,,,,,,,,,,,,,,,,,,,,,,,,,,,,,,,,,,,,,,,,,,,,,,,,,,,,,,,,,,,,,,,,,,,,,,,,,,,,,,,,,,,,,,,,,,,,,,,,,,,,,,,,,,,,,,,,,,,,,,,,,,,,
B. Sá,,1.0,0.0,,,,1.0,,1.0,,,,,,,,,,,,,,,,,,,,,,,,,,,,,,,0.0,0.0,,0.0,0.0,,,,,0.0,0.0,1.0,1.0,1.0,1.0,1.0,,,,,,,,,,,,,,,,,,,,,,,,,,,,,,,,,,,,,,,,,,,,,,,,,,,,,,,,0.0,,,,,,1.0,,,,,,,1.0,,,0.0,,,,,,,0.0,,0.0,0.0,0.0,,1.0,,1.0,0.0,0.0,0.0,0.0,,,,0.0,0.0,0.0,0.0,1.0,1.0,1.0,,1.0,1.0,,1.0,1.0,1.0,0.0,0.0,1.0,,1.0,1.0,0.0,1.0,,,,,,,,,0.0,1.0,0.0,0.0,0.0,1.0,1.0,0.0,1.0,0.0,1.0,0.0,1.0,1.0,1.0,0.0,1.0,,1.0,0.0,1.0,0.0,0.0,1.0,,0.0,0.0,0.0,0.0,0.0,1.0,1.0,0.0,1.0,,,,0.0,0.0,0.0,0.0,,,0.0,,,0.0,,,0.0,0.0,0.0,,0.0,1.0,0.0,0.0,,,,,0.0,,1.0,1.0,0.0,1.0,0.0,0.0,,,,,,,,,,,,,,,,,,,,,,,,,,,,,,,,,,,,,,,,,,,,,,,,,,,,,,,,,,,,,,,,,,,,,,,,,,,,,,,,,,,,,,,,,,,,,,,,,,,,,,,,,,,,,,,,,,,,,,,,,,,,,,,,,,,,,,,,,,,,,,,,,,,,,,,,
Barbosa Neto,,1.0,0.0,,,,,,1.0,,,,,,,,,,,,,,,,,1.0,0.0,1.0,0.0,0.0,1.0,,,,,,,,0.0,0.0,0.0,1.0,,0.0,1.0,0.0,,1.0,0.0,0.0,1.0,1.0,1.0,1.0,1.0,1.0,0.0,0.0,0.0,,1.0,,1.0,0.0,1.0,,1.0,0.0,0.0,1.0,0.0,1.0,0.0,0.0,0.0,0.0,1.0,0.0,0.0,0.0,0.0,0.0,0.0,0.0,0.0,0.0,,0.0,0.0,0.0,0.0,0.0,1.0,0.0,1.0,0.0,,1.0,1.0,0.0,1.0,0.0,1.0,1.0,0.0,,,,1.0,1.0,0.0,1.0,0.0,1.0,1.0,0.0,1.0,0.0,1.0,0.0,0.0,0.0,0.0,1.0,0.0,1.0,0.0,0.0,1.0,,,0.0,1.0,0.0,0.0,0.0,0.0,0.0,0.0,1.0,,1.0,0.0,0.0,0.0,0.0,,,1.0,1.0,0.0,1.0,0.0,1.0,1.0,1.0,0.0,1.0,1.0,,1.0,1.0,1.0,1.0,0.0,1.0,,1.0,1.0,0.0,1.0,,,,,,,,,0.0,1.0,0.0,0.0,0.0,,,0.0,,0.0,1.0,0.0,1.0,1.0,0.0,0.0,1.0,,,0.0,1.0,0.0,0.0,1.0,1.0,0.0,0.0,0.0,0.0,1.0,0.0,1.0,0.0,0.0,0.0,1.0,0.0,0.0,,0.0,0.0,1.0,0.0,1.0,1.0,0.0,0.0,,,,0.0,0.0,,0.0,1.0,0.0,0.0,,,1.0,,0.0,,1.0,1.0,0.0,1.0,0.0,0.0,0.0,0.0,0.0,1.0,,,,,0.0,,1.0,0.0,1.0,,,,1.0,0.0,,,0.0,,0.0,,0.0,,,,,,1.0,,,,,,,,,,,,,,,,,,,,,,,,,,,,,,,,,,,,,,,,,,,,,,,,,,,,,,,,,,,,,,,,,,,,,,,,,,,,,,,,,,,,,,,,,,,,,,,,,,,,,,,,,,,,,,,,,,,,,,,,,
Bel Mesquita,,0.0,,1.0,1.0,1.0,1.0,1.0,,1.0,0.0,0.0,1.0,1.0,1.0,0.0,1.0,1.0,,,,,,,,1.0,0.0,1.0,0.0,0.0,,1.0,0.0,1.0,0.0,1.0,1.0,,1.0,0.0,0.0,1.0,,,,,,1.0,0.0,0.0,,1.0,1.0,1.0,1.0,,0.0,0.0,0.0,1.0,1.0,1.0,1.0,0.0,,,1.0,0.0,,1.0,1.0,1.0,0.0,0.0,0.0,0.0,1.0,,,,,0.0,0.0,0.0,0.0,0.0,0.0,0.0,,,0.0,1.0,1.0,0.0,1.0,1.0,1.0,,,0.0,1.0,0.0,,1.0,,0.0,1.0,0.0,1.0,1.0,,1.0,0.0,1.0,1.0,0.0,1.0,0.0,1.0,0.0,1.0,1.0,0.0,,0.0,,0.0,0.0,0.0,,0.0,1.0,1.0,0.0,1.0,0.0,0.0,,1.0,1.0,0.0,1.0,0.0,0.0,0.0,0.0,0.0,0.0,1.0,1.0,0.0,1.0,0.0,1.0,1.0,1.0,,1.0,1.0,,1.0,1.0,1.0,0.0,0.0,,,,1.0,,1.0,0.0,1.0,0.0,,0.0,0.0,0.0,1.0,0.0,1.0,0.0,0.0,,1.0,1.0,0.0,,0.0,1.0,0.0,1.0,0.0,0.0,0.0,,1.0,,0.0,1.0,0.0,,,,0.0,0.0,,,,,,0.0,1.0,,,,0.0,0.0,0.0,0.0,1.0,0.0,1.0,1.0,0.0,,1.0,,0.0,0.0,0.0,0.0,0.0,,0.0,0.0,1.0,1.0,1.0,,0.0,1.0,1.0,1.0,,,,0.0,0.0,1.0,1.0,1.0,0.0,0.0,,0.0,,,,1.0,1.0,,,1.0,1.0,0.0,,,0.0,1.0,0.0,1.0,0.0,1.0,1.0,,1.0,0.0,1.0,1.0,1.0,0.0,,,0.0,1.0,,1.0,,1.0,1.0,1.0,1.0,1.0,1.0,1.0,1.0,,1.0,1.0,0.0,,,,,,1.0,1.0,1.0,1.0,0.0,,,0.0,0.0,0.0,0.0,1.0,0.0,0.0,0.0,1.0,,1.0,1.0,1.0,,,0.0,1.0,1.0,,1.0,0.0,1.0,,0.0,,1.0,0.0,0.0,,,,0.0,0.0,0.0,,0.0,,0.0,,,,0.0,1.0,0.0,0.0,1.0,1.0,1.0,,1.0,1.0,0.0,0.0,,1.0,1.0,1.0,,1.0,,1.0,,,,,1.0,1.0,1.0,,0.0,1.0,,0.0,,0.0,0.0,1.0,1.0,1.0,1.0,1.0,0.0,1.0,,1.0,1.0,1.0
Bene Camacho,,,,,,1.0,,,,,,,,,,,,,,,,,,,,,,,,,,,,,,,,,,,,,,,,,,,,,,,,,,,,,,,,1.0,,,,,,,,,,,,,,,,,,,,,,,,,,,,,,,,,,,,,,,,,,,,,,,,,,,,,,,,,,,,,,,,,,,,,,,,,,,,,,,1.0,,,,,,,,,,,,,,,,,,,,,,,,,,,,,,,0.0,1.0,0.0,1.0,,0.0,0.0,1.0,,,,,,,,,,,,,,,,,,,,,,,,,,,,,,,,,,,,,,,,,,,,,,,,1.0,,,,,,,,,,,,,,,1.0,,,,,,,,,,,,,,,,,,,,,,,,,,,,,,,,,,,,,,1.0,,,,,,,,,,1.0,1.0,,,,,,,,,1.0,,0.0,1.0,1.0,0.0,0.0,,1.0,,1.0,,,,,,,,,,,,,1.0,,1.0,1.0,,0.0,0.0,1.0,1.0,,,,,1.0,0.0,1.0,,,0.0,,0.0,,,0.0,0.0,0.0,0.0,1.0,0.0,1.0,0.0,0.0,,1.0,0.0,0.0,1.0,1.0,1.0,1.0,,,0.0,0.0,1.0,,,,,,,,,,,1.0,,,1.0,,,,,,,,,,,,,,,,,,,
Benedito de Lira,1.0,1.0,0.0,,,1.0,1.0,,1.0,1.0,0.0,,1.0,1.0,1.0,0.0,1.0,1.0,,,,,,1.0,1.0,1.0,0.0,1.0,0.0,0.0,1.0,1.0,0.0,0.0,1.0,1.0,1.0,1.0,1.0,0.0,0.0,1.0,0.0,0.0,1.0,0.0,1.0,1.0,0.0,0.0,1.0,1.0,1.0,1.0,1.0,1.0,0.0,,0.0,1.0,1.0,1.0,1.0,0.0,1.0,,1.0,0.0,0.0,1.0,0.0,1.0,,0.0,0.0,0.0,1.0,0.0,1.0,0.0,0.0,0.0,0.0,0.0,0.0,0.0,0.0,0.0,0.0,0.0,0.0,0.0,1.0,0.0,,1.0,1.0,1.0,1.0,0.0,1.0,,,,0.0,,1.0,0.0,1.0,1.0,0.0,1.0,0.0,1.0,1.0,,1.0,,,,1.0,1.0,0.0,1.0,0.0,1.0,0.0,0.0,1.0,1.0,,0.0,1.0,0.0,1.0,0.0,,0.0,0.0,1.0,1.0,1.0,0.0,0.0,0.0,0.0,0.0,0.0,1.0,,0.0,1.0,0.0,1.0,1.0,1.0,0.0,1.0,1.0,1.0,1.0,,1.0,0.0,0.0,1.0,1.0,1.0,,0.0,1.0,0.0,1.0,,1.0,0.0,0.0,0.0,1.0,0.0,1.0,0.0,,0.0,1.0,1.0,0.0,1.0,0.0,1.0,0.0,,,,0.0,1.0,1.0,1.0,0.0,1.0,0.0,0.0,1.0,1.0,0.0,0.0,0.0,0.0,0.0,1.0,,0.0,1.0,0.0,1.0,0.0,,0.0,0.0,0.0,1.0,0.0,1.0,,,,1.0,0.0,0.0,0.0,0.0,0.0,0.0,,,0.0,1.0,1.0,,,0.0,1.0,1.0,1.0,0.0,1.0,0.0,0.0,,,,,,,0.0,0.0,0.0,0.0,1.0,0.0,1.0,1.0,1.0,1.0,1.0,0.0,0.0,0.0,0.0,1.0,0.0,1.0,0.0,1.0,1.0,0.0,1.0,0.0,,1.0,,0.0,1.0,0.0,0.0,1.0,0.0,1.0,1.0,1.0,1.0,1.0,1.0,1.0,0.0,,1.0,1.0,1.0,,0.0,,,,,,1.0,1.0,1.0,,0.0,0.0,1.0,0.0,,,,,,,,1.0,1.0,,1.0,1.0,0.0,,,,,0.0,1.0,1.0,1.0,1.0,0.0,1.0,1.0,,,,0.0,0.0,,,0.0,0.0,0.0,1.0,0.0,1.0,,0.0,,1.0,0.0,0.0,,,,1.0,1.0,1.0,,,,1.0,,0.0,1.0,,1.0,1.0,,0.0,,1.0,1.0,1.0,1.0,,0.0,1.0,0.0,,0.0,0.0,0.0,,1.0,1.0,,,,,1.0,1.0,1.0,1.0
Bernardo Ariston,,,,,,1.0,1.0,,1.0,1.0,,,1.0,0.0,1.0,,,,1.0,1.0,1.0,1.0,1.0,1.0,1.0,1.0,,,0.0,,,,0.0,,,1.0,,,1.0,,,,0.0,0.0,1.0,0.0,1.0,1.0,0.0,0.0,,,,,,1.0,0.0,0.0,0.0,1.0,,,1.0,0.0,,,1.0,0.0,,1.0,1.0,1.0,,0.0,,,,0.0,0.0,0.0,0.0,,,,0.0,0.0,0.0,,0.0,,,1.0,1.0,0.0,,1.0,,,1.0,0.0,,,1.0,1.0,0.0,,,,,1.0,0.0,1.0,,1.0,1.0,,1.0,1.0,1.0,0.0,1.0,1.0,0.0,1.0,,1.0,,1.0,0.0,1.0,,,0.0,0.0,1.0,,0.0,,1.0,,1.0,1.0,,,,,,,,0.0,,,,,,,0.0,1.0,,,,1.0,,,,,1.0,,,0.0,1.0,,,,,,,1.0,0.0,,,,,0.0,,1.0,0.0,,,,,1.0,0.0,,0.0,1.0,,,,,,,,,,,,,,,,,,,,,0.0,0.0,0.0,,,0.0,1.0,1.0,,0.0,,0.0,0.0,0.0,0.0,0.0,0.0,,0.0,0.0,1.0,,,1.0,1.0,1.0,,1.0,0.0,1.0,0.0,0.0,0.0,1.0,1.0,1.0,0.0,0.0,0.0,0.0,,0.0,,,0.0,1.0,1.0,,1.0,,,0.0,0.0,1.0,,1.0,0.0,,,,,0.0,1.0,1.0,,0.0,,0.0,0.0,1.0,,,,1.0,,1.0,1.0,1.0,1.0,,1.0,1.0,1.0,1.0,0.0,,,,,,1.0,,,1.0,0.0,,,,0.0,0.0,0.0,0.0,,,,,,1.0,,1.0,,0.0,0.0,1.0,1.0,,,0.0,,,0.0,1.0,1.0,0.0,0.0,1.0,,,0.0,,,0.0,,,,1.0,,,0.0,,0.0,,1.0,1.0,,1.0,1.0,1.0,,0.0,1.0,1.0,0.0,1.0,,,,,1.0,0.0,1.0,1.0,1.0,1.0,,,,,,0.0,0.0,0.0,0.0,1.0,1.0,1.0,1.0,1.0,,1.0,1.0,1.0,,1.0
Betinho Rosado,1.0,1.0,0.0,1.0,1.0,,1.0,,,0.0,0.0,,1.0,,,1.0,1.0,1.0,1.0,1.0,1.0,1.0,1.0,1.0,1.0,,,,,,,,1.0,1.0,0.0,,1.0,1.0,,,,,0.0,0.0,1.0,0.0,1.0,,,,1.0,,,,,1.0,,,,,,1.0,,,,,,,,,,,,,,,,,,,,,,,,,,,,,,,,,,,,,,,,,,,,1.0,1.0,,,,,,,,,,,,,,,,,,,1.0,0.0,,,1.0,,,,0.0,,,0.0,0.0,,,0.0,1.0,0.0,,0.0,0.0,0.0,0.0,1.0,,0.0,0.0,0.0,1.0,1.0,1.0,,1.0,1.0,,1.0,1.0,1.0,0.0,0.0,1.0,0.0,1.0,1.0,0.0,,,,,,,0.0,0.0,1.0,0.0,,,,0.0,,,0.0,1.0,0.0,,,,,1.0,0.0,1.0,,1.0,,1.0,,,,,0.0,0.0,,,,,,0.0,1.0,,,,,,0.0,,1.0,,1.0,1.0,0.0,0.0,1.0,,0.0,0.0,0.0,0.0,,1.0,0.0,0.0,,0.0,,1.0,0.0,1.0,1.0,,0.0,1.0,,,0.0,1.0,1.0,0.0,,0.0,0.0,,0.0,0.0,,,,1.0,1.0,,,,,0.0,1.0,,,0.0,,1.0,0.0,0.0,1.0,0.0,1.0,1.0,0.0,0.0,1.0,0.0,0.0,0.0,0.0,1.0,,1.0,1.0,1.0,1.0,0.0,0.0,1.0,0.0,1.0,1.0,,,,,,,,,1.0,1.0,0.0,,,,0.0,1.0,0.0,0.0,1.0,0.0,0.0,0.0,1.0,,,1.0,,,,,,0.0,1.0,,,,0.0,1.0,,1.0,,,,,1.0,,,,,,,,,,,,,,,0.0,,,,1.0,,,,,1.0,0.0,1.0,1.0,1.0,,,,0.0,,1.0,,,1.0,1.0,,,,0.0,0.0,0.0,,,1.0,,,,,,1.0,1.0,0.0,
Beto Albuquerque,,1.0,0.0,,,1.0,,,1.0,,,,,0.0,1.0,0.0,1.0,1.0,1.0,1.0,1.0,1.0,1.0,0.0,1.0,1.0,,1.0,0.0,0.0,1.0,1.0,,1.0,0.0,,,1.0,0.0,,,,0.0,0.0,,,,1.0,,0.0,1.0,1.0,1.0,1.0,1.0,,0.0,0.0,0.0,1.0,1.0,0.0,1.0,,,,1.0,0.0,,,,1.0,0.0,0.0,0.0,0.0,1.0,0.0,0.0,0.0,0.0,0.0,0.0,,,0.0,0.0,0.0,0.0,0.0,0.0,,1.0,0.0,,1.0,1.0,,,0.0,1.0,,,,,0.0,1.0,0.0,1.0,1.0,0.0,,,1.0,1.0,1.0,,,,,1.0,1.0,,1.0,0.0,,,0.0,,1.0,1.0,0.0,,,1.0,,0.0,0.0,0.0,1.0,,1.0,,,0.0,,,,,0.0,0.0,1.0,0.0,1.0,1.0,1.0,,,1.0,1.0,,1.0,1.0,0.0,0.0,1.0,,1.0,1.0,,,,1.0,0.0,,,,0.0,1.0,0.0,1.0,0.0,,0.0,1.0,,,,,,,1.0,1.0,1.0,,,,1.0,0.0,1.0,,,,1.0,0.0,0.0,0.0,0.0,,1.0,,0.0,1.0,0.0,1.0,,,,,0.0,,,0.0,,,,1.0,0.0,0.0,0.0,,0.0,,,,,1.0,,1.0,,,0.0,,,0.0,,0.0,0.0,0.0,0.0,,,0.0,,0.0,0.0,,,,,,,,,,,,0.0,0.0,,,,,1.0,1.0,,,,,1.0,,,1.0,,,,,1.0,1.0,,,,1.0,,,,,,1.0,1.0,,0.0,1.0,1.0,,,1.0,,0.0,0.0,,,1.0,,1.0,1.0,0.0,0.0,1.0,0.0,1.0,1.0,,,1.0,,0.0,,0.0,1.0,1.0,,,,,,,,,,,1.0,,0.0,,,,0.0,0.0,,,,0.0,,,,,0.0,1.0,1.0,1.0,,,1.0,0.0,0.0,1.0,1.0,,1.0,1.0,,,,,,,1.0,,,1.0,,0.0,,,0.0,0.0,,,,,,,,0.0,1.0,1.0,1.0,,
Beto Faro,1.0,1.0,0.0,1.0,1.0,1.0,1.0,1.0,1.0,0.0,0.0,0.0,1.0,0.0,1.0,1.0,1.0,1.0,1.0,1.0,1.0,1.0,1.0,1.0,1.0,1.0,0.0,1.0,0.0,0.0,1.0,1.0,0.0,1.0,0.0,1.0,1.0,,0.0,,0.0,1.0,0.0,0.0,1.0,0.0,1.0,1.0,0.0,0.0,1.0,1.0,1.0,1.0,1.0,1.0,0.0,0.0,0.0,1.0,1.0,1.0,1.0,0.0,1.0,1.0,1.0,0.0,0.0,1.0,0.0,1.0,0.0,0.0,0.0,0.0,1.0,0.0,0.0,0.0,0.0,0.0,0.0,0.0,0.0,,,,,0.0,0.0,0.0,1.0,0.0,1.0,1.0,1.0,1.0,,0.0,,,0.0,0.0,0.0,0.0,1.0,0.0,1.0,1.0,0.0,1.0,0.0,1.0,1.0,1.0,1.0,0.0,1.0,0.0,1.0,1.0,0.0,1.0,0.0,1.0,0.0,1.0,0.0,1.0,0.0,0.0,1.0,0.0,1.0,0.0,0.0,0.0,0.0,1.0,1.0,1.0,0.0,0.0,0.0,0.0,0.0,0.0,1.0,0.0,0.0,1.0,0.0,1.0,1.0,1.0,0.0,1.0,1.0,1.0,1.0,1.0,1.0,0.0,0.0,1.0,1.0,1.0,1.0,0.0,1.0,0.0,1.0,0.0,1.0,0.0,0.0,0.0,1.0,0.0,1.0,0.0,0.0,,1.0,1.0,0.0,1.0,0.0,1.0,0.0,1.0,1.0,0.0,0.0,1.0,1.0,1.0,0.0,1.0,0.0,0.0,1.0,1.0,,0.0,0.0,0.0,0.0,1.0,1.0,0.0,1.0,0.0,1.0,0.0,0.0,0.0,0.0,0.0,1.0,0.0,0.0,1.0,0.0,0.0,1.0,0.0,0.0,0.0,0.0,0.0,0.0,,0.0,0.0,1.0,1.0,1.0,1.0,0.0,0.0,1.0,1.0,0.0,1.0,0.0,0.0,0.0,0.0,0.0,1.0,0.0,0.0,0.0,0.0,0.0,0.0,1.0,0.0,1.0,1.0,1.0,1.0,1.0,0.0,0.0,0.0,0.0,1.0,0.0,1.0,0.0,1.0,1.0,0.0,1.0,0.0,1.0,1.0,0.0,0.0,1.0,0.0,0.0,0.0,0.0,1.0,,1.0,1.0,1.0,0.0,1.0,0.0,0.0,1.0,1.0,1.0,1.0,0.0,0.0,,1.0,0.0,1.0,1.0,1.0,0.0,1.0,,0.0,1.0,,1.0,0.0,0.0,1.0,0.0,0.0,0.0,1.0,0.0,1.0,1.0,1.0,0.0,,,1.0,1.0,0.0,1.0,0.0,1.0,1.0,0.0,1.0,1.0,0.0,0.0,1.0,0.0,0.0,0.0,0.0,0.0,0.0,0.0,0.0,0.0,1.0,0.0,0.0,0.0,1.0,0.0,0.0,1.0,1.0,1.0,,1.0,1.0,0.0,0.0,1.0,0.0,1.0,0.0,1.0,1.0,,,1.0,0.0,1.0,,1.0,1.0,1.0,1.0,0.0,1.0,0.0,0.0,0.0,0.0,0.0,1.0,1.0,1.0,1.0,1.0,0.0,1.0,1.0,1.0,1.0,1.0
Beto Mansur,1.0,,,1.0,1.0,1.0,1.0,1.0,1.0,1.0,,0.0,,1.0,,1.0,0.0,0.0,,,,,1.0,1.0,1.0,1.0,0.0,,0.0,0.0,,1.0,,1.0,0.0,1.0,,1.0,1.0,,0.0,,,1.0,1.0,0.0,,,,0.0,1.0,1.0,1.0,1.0,1.0,,0.0,0.0,0.0,,,1.0,1.0,,1.0,,1.0,0.0,,1.0,1.0,,,,,,,0.0,0.0,,,,0.0,,0.0,0.0,0.0,0.0,,,,1.0,,,,1.0,1.0,,,,,,,,,0.0,1.0,0.0,1.0,1.0,0.0,,,1.0,1.0,0.0,1.0,,,0.0,1.0,1.0,0.0,1.0,0.0,1.0,,0.0,1.0,1.0,,0.0,,0.0,,,0.0,,0.0,,1.0,1.0,,0.0,0.0,,,0.0,,1.0,0.0,0.0,0.0,,,1.0,0.0,1.0,1.0,1.0,1.0,1.0,1.0,0.0,0.0,1.0,,,,0.0,,0.0,,,,0.0,0.0,,1.0,,1.0,0.0,,,,,,,0.0,,,,,1.0,0.0,,,,0.0,,,0.0,1.0,,,,0.0,0.0,1.0,0.0,,,,,,0.0,,,,,1.0,0.0,1.0,1.0,,,,,,,,,0.0,1.0,,0.0,1.0,,1.0,1.0,,0.0,,1.0,0.0,,0.0,,,1.0,,0.0,0.0,1.0,,,,0.0,,,1.0,,,,,1.0,,,,1.0,,,,,,,,,1.0,,1.0,,,0.0,,1.0,,0.0,1.0,1.0,1.0,1.0,1.0,1.0,0.0,,,,,0.0,,0.0,1.0,,0.0,0.0,,1.0,,1.0,,,,,,,,,1.0,0.0,0.0,1.0,1.0,,,,0.0,0.0,0.0,1.0,1.0,1.0,,,,1.0,,1.0,1.0,0.0,0.0,,,0.0,0.0,,,0.0,,,0.0,,,,0.0,,0.0,0.0,0.0,0.0,0.0,,1.0,1.0,,,,1.0,1.0,0.0,1.0,,,,1.0,,1.0,,1.0,1.0,1.0,1.0,0.0,,0.0,0.0,,1.0,0.0,,,,,1.0,,,1.0,1.0,1.0,1.0
Bilac Pinto,1.0,1.0,,1.0,1.0,1.0,1.0,1.0,1.0,1.0,0.0,,1.0,,1.0,0.0,1.0,1.0,1.0,1.0,1.0,1.0,1.0,1.0,1.0,1.0,0.0,1.0,0.0,0.0,1.0,1.0,0.0,,,1.0,1.0,1.0,1.0,,0.0,1.0,0.0,0.0,1.0,0.0,1.0,1.0,0.0,0.0,1.0,1.0,1.0,1.0,1.0,1.0,0.0,0.0,0.0,1.0,,,1.0,,1.0,1.0,1.0,0.0,0.0,1.0,0.0,1.0,,0.0,,0.0,1.0,0.0,0.0,0.0,0.0,,0.0,0.0,0.0,0.0,0.0,0.0,0.0,0.0,0.0,1.0,1.0,0.0,,1.0,,1.0,1.0,,1.0,,0.0,0.0,0.0,0.0,1.0,0.0,1.0,1.0,0.0,1.0,1.0,1.0,1.0,,1.0,1.0,0.0,1.0,1.0,1.0,0.0,1.0,,1.0,0.0,0.0,1.0,1.0,,0.0,1.0,0.0,1.0,0.0,0.0,0.0,0.0,1.0,1.0,1.0,0.0,0.0,,,0.0,,,1.0,,0.0,0.0,1.0,1.0,1.0,,0.0,1.0,,1.0,1.0,,0.0,,1.0,,1.0,1.0,0.0,1.0,0.0,1.0,,1.0,0.0,,0.0,1.0,,,0.0,0.0,0.0,1.0,1.0,0.0,1.0,0.0,,,,,,0.0,,,1.0,,,,0.0,1.0,,,,,0.0,0.0,1.0,,0.0,1.0,,,,0.0,0.0,,,,,1.0,1.0,,0.0,1.0,,0.0,,,,0.0,1.0,0.0,,,1.0,,,0.0,1.0,1.0,,1.0,1.0,0.0,0.0,0.0,1.0,1.0,1.0,,0.0,0.0,0.0,0.0,0.0,1.0,0.0,1.0,,1.0,1.0,1.0,0.0,,0.0,0.0,,,,,1.0,1.0,0.0,1.0,0.0,1.0,1.0,1.0,1.0,1.0,0.0,0.0,1.0,,,1.0,1.0,1.0,,,1.0,1.0,1.0,1.0,1.0,1.0,,,0.0,1.0,1.0,0.0,0.0,1.0,1.0,1.0,,,0.0,,,,0.0,,0.0,1.0,1.0,1.0,1.0,1.0,,1.0,1.0,0.0,,0.0,1.0,1.0,0.0,,,1.0,,0.0,,1.0,,0.0,1.0,0.0,0.0,,0.0,0.0,0.0,,,0.0,,,0.0,,,0.0,0.0,1.0,1.0,1.0,1.0,1.0,1.0,,,,1.0,,0.0,1.0,,1.0,1.0,1.0,0.0,1.0,1.0,1.0,1.0,1.0,1.0,0.0,1.0,0.0,0.0,0.0,,,,1.0,1.0,1.0,,0.0,1.0,1.0,1.0,1.0,1.0
Bispo Gê Tenuta,1.0,,,1.0,1.0,,,1.0,,,1.0,,,,,,,,,,,,1.0,1.0,1.0,0.0,,,,,,,1.0,0.0,1.0,,,1.0,,,,,,,,,,1.0,,,,,,,,,,,,0.0,,1.0,,,0.0,0.0,0.0,,,,,,,,,,,,,1.0,,,,,,,,,,,,,,,,0.0,1.0,,1.0,,0.0,,,1.0,1.0,,1.0,1.0,,,,1.0,0.0,,0.0,,,0.0,1.0,0.0,0.0,0.0,1.0,,,,,1.0,,,0.0,1.0,1.0,,,,,,0.0,,0.0,,,,,,,,,,,,,,,,,,,,,,,,,,,,,,,,,,,,,,,,,,,,,,,,,,,,,,,,,,,,,,,,,,,,,,,,,,,,,,,,,,,,,,,,,,,,,,,,1.0,0.0,,,,,,,,,,,,,,1.0,1.0,,,,,,0.0,,0.0,,,0.0,0.0,1.0,,,1.0,,,0.0,1.0,0.0,0.0,1.0,0.0,,,,1.0,1.0,0.0,,,,1.0,,1.0,1.0,,,1.0,0.0,0.0,0.0,0.0,0.0,0.0,,1.0,,,,,0.0,1.0,,,,,,,0.0,1.0,0.0,0.0,1.0,1.0,0.0,0.0,,,,,,,,,,,,1.0,,1.0,0.0,1.0,,0.0,,,,1.0,1.0,,,,,,,,,,,,,,,,,,,1.0,,,,,,0.0,,0.0,,,,,,,,,,,,,,,,,,,,,,,1.0,,,,,0.0,
Bonifácio de Andrada,1.0,0.0,1.0,0.0,,1.0,1.0,,,,,0.0,,0.0,1.0,0.0,1.0,1.0,1.0,1.0,1.0,1.0,1.0,1.0,1.0,0.0,,,,,,1.0,,0.0,,1.0,1.0,,,,,,,,0.0,,,,,,,,,,,1.0,,,,,1.0,,,,,,0.0,,,,1.0,,,,,,,,,,,,0.0,,,0.0,0.0,1.0,0.0,,0.0,1.0,1.0,0.0,,0.0,,1.0,,,,,,,,,,,0.0,,,1.0,1.0,0.0,0.0,0.0,,1.0,1.0,0.0,,1.0,1.0,,,1.0,,1.0,1.0,,0.0,1.0,1.0,,,,,,,,0.0,,,,,,,,,1.0,,0.0,,,,,,,1.0,,0.0,0.0,,1.0,,0.0,,0.0,1.0,,,,,,,,,0.0,1.0,,,,,,0.0,,,,,,,,0.0,,1.0,,,0.0,,,,,,,,,,,,0.0,,,0.0,,,,,,,0.0,,,1.0,,0.0,,1.0,1.0,,,,,,,,,1.0,0.0,1.0,,,,0.0,,,,,,,1.0,1.0,,1.0,,,1.0,,0.0,,,,,,0.0,0.0,0.0,0.0,,1.0,,,0.0,,0.0,,,0.0,,,1.0,1.0,,0.0,,0.0,1.0,,0.0,,1.0,1.0,1.0,,,0.0,0.0,,,1.0,0.0,1.0,,,,,,,1.0,1.0,0.0,,,,,1.0,,,0.0,,0.0,0.0,,1.0,1.0,,1.0,1.0,,,,0.0,1.0,1.0,1.0,1.0,0.0,0.0,0.0,0.0,0.0,,,,,0.0,,,,,0.0,,,,,0.0,,,,0.0,0.0,0.0,1.0,1.0,,,,,1.0,0.0,1.0,,1.0,,,,0.0,,1.0,1.0,1.0,1.0,,,,,,,,,0.0,,,0.0,,,,1.0,0.0,1.0,
Brizola Neto,,,,1.0,1.0,,1.0,1.0,1.0,,1.0,1.0,1.0,0.0,1.0,,1.0,1.0,1.0,1.0,1.0,1.0,1.0,0.0,1.0,1.0,,,,,,,,1.0,,1.0,1.0,1.0,0.0,0.0,,1.0,0.0,0.0,1.0,0.0,1.0,1.0,0.0,,1.0,1.0,1.0,1.0,1.0,1.0,0.0,0.0,0.0,1.0,1.0,1.0,,0.0,1.0,,1.0,0.0,,,,,0.0,0.0,,,,0.0,0.0,0.0,0.0,0.0,0.0,0.0,,,0.0,0.0,,0.0,0.0,0.0,1.0,0.0,,1.0,,,,,,,,,0.0,0.0,1.0,0.0,1.0,1.0,1.0,,0.0,1.0,,,,0.0,1.0,0.0,1.0,1.0,,1.0,,,0.0,1.0,,,,0.0,1.0,0.0,1.0,0.0,0.0,,1.0,1.0,,1.0,0.0,0.0,0.0,,,,,,0.0,1.0,,1.0,1.0,1.0,0.0,1.0,1.0,,1.0,1.0,1.0,,0.0,1.0,,1.0,,0.0,,0.0,1.0,0.0,1.0,0.0,0.0,0.0,0.0,0.0,1.0,0.0,,0.0,,,,1.0,,,,0.0,1.0,,0.0,,,1.0,,,,0.0,1.0,,0.0,0.0,0.0,,0.0,1.0,1.0,,1.0,,,,0.0,0.0,0.0,0.0,1.0,,1.0,,0.0,0.0,,0.0,0.0,,,0.0,0.0,,,0.0,,1.0,1.0,,,,1.0,,0.0,1.0,,0.0,0.0,0.0,,,0.0,0.0,0.0,,0.0,0.0,1.0,,1.0,,,1.0,1.0,0.0,,0.0,,1.0,0.0,,0.0,1.0,1.0,0.0,1.0,0.0,,,0.0,0.0,1.0,,0.0,0.0,,0.0,,0.0,0.0,1.0,,0.0,0.0,,1.0,1.0,1.0,1.0,0.0,0.0,1.0,1.0,0.0,,1.0,,0.0,,,0.0,1.0,0.0,0.0,1.0,0.0,0.0,1.0,0.0,0.0,1.0,,1.0,1.0,1.0,,0.0,0.0,1.0,1.0,,,0.0,1.0,1.0,0.0,1.0,1.0,0.0,0.0,,0.0,0.0,0.0,1.0,,,,,0.0,1.0,0.0,,0.0,,0.0,0.0,1.0,1.0,1.0,1.0,,1.0,0.0,0.0,1.0,1.0,0.0,0.0,1.0,1.0,1.0,1.0,1.0,0.0,1.0,1.0,1.0,1.0,,,0.0,1.0,0.0,,,0.0,0.0,,,,,,,,,,,
Bruno Araújo,1.0,0.0,1.0,1.0,,1.0,1.0,,1.0,,0.0,0.0,1.0,,1.0,0.0,,,,,,1.0,1.0,1.0,1.0,0.0,,,,,,,1.0,,,,,1.0,1.0,,,,,,0.0,1.0,0.0,1.0,,,0.0,,,,,,0.0,,,0.0,1.0,0.0,,,,0.0,0.0,,,0.0,1.0,0.0,,,1.0,,,1.0,,1.0,0.0,0.0,0.0,0.0,0.0,0.0,0.0,1.0,0.0,0.0,0.0,1.0,1.0,0.0,0.0,0.0,1.0,,1.0,1.0,0.0,0.0,0.0,1.0,,,,,0.0,0.0,,1.0,0.0,,0.0,0.0,,1.0,1.0,,1.0,1.0,1.0,1.0,,,1.0,0.0,1.0,,0.0,1.0,1.0,,,,,,0.0,,0.0,,,,,,,,,1.0,,0.0,,0.0,0.0,0.0,1.0,0.0,1.0,1.0,0.0,0.0,,1.0,,0.0,0.0,0.0,1.0,,,,,,,,,0.0,1.0,,,,,,0.0,0.0,,0.0,,0.0,,0.0,0.0,0.0,1.0,,,0.0,,,,,,,,,,,,0.0,,,0.0,,,,,,,,,,1.0,1.0,,,,1.0,,,,,,0.0,,,,,1.0,1.0,,,0.0,0.0,,,,,,,1.0,,1.0,,,1.0,,,,,,,0.0,,0.0,0.0,0.0,0.0,,,,,,0.0,0.0,,,,1.0,1.0,,,,0.0,0.0,1.0,,,1.0,,,,1.0,1.0,0.0,0.0,,0.0,1.0,0.0,,,0.0,1.0,1.0,,1.0,1.0,1.0,0.0,,,,,1.0,,0.0,0.0,1.0,,0.0,1.0,,,1.0,,,,,,,1.0,,1.0,,0.0,,0.0,,,0.0,0.0,,,,,,,,,,,,,,,,,0.0,,0.0,,1.0,1.0,,,,,,,0.0,1.0,,,0.0,,0.0,1.0,,,1.0,,,0.0,,,,,,,1.0,1.0,,0.0,,,1.0,,,
Bruno Rodrigues,,0.0,1.0,1.0,1.0,,1.0,1.0,1.0,1.0,0.0,0.0,1.0,0.0,1.0,1.0,1.0,1.0,1.0,1.0,1.0,1.0,1.0,1.0,1.0,0.0,,,,,,1.0,1.0,1.0,0.0,1.0,1.0,1.0,1.0,,,,,,,,,1.0,,,,,,,,,0.0,,,0.0,1.0,,,,0.0,0.0,0.0,,,0.0,1.0,0.0,0.0,,1.0,0.0,,1.0,,1.0,0.0,0.0,0.0,0.0,0.0,0.0,0.0,1.0,0.0,,0.0,1.0,1.0,0.0,0.0,0.0,,,1.0,1.0,,0.0,0.0,1.0,1.0,0.0,1.0,1.0,0.0,0.0,,1.0,0.0,,0.0,0.0,,1.0,1.0,0.0,1.0,1.0,1.0,1.0,,,1.0,0.0,1.0,,0.0,0.0,1.0,1.0,,,,,0.0,,1.0,,,,,,,,,1.0,1.0,0.0,,0.0,0.0,0.0,,0.0,1.0,,0.0,0.0,,1.0,1.0,0.0,,0.0,1.0,,,,,,,,,0.0,1.0,,,,,,0.0,0.0,,0.0,,0.0,0.0,0.0,0.0,1.0,1.0,0.0,,0.0,,,,,,,,,,,1.0,,,,,,,,,,,0.0,,,1.0,1.0,,1.0,1.0,,,,,,,,,,1.0,1.0,1.0,1.0,,1.0,0.0,,,,,,,1.0,1.0,1.0,,,,,,,,,,,,,0.0,0.0,0.0,0.0,1.0,,,0.0,1.0,0.0,0.0,1.0,0.0,,1.0,1.0,1.0,,,,0.0,1.0,,0.0,1.0,1.0,0.0,1.0,1.0,1.0,0.0,0.0,,,1.0,0.0,1.0,1.0,0.0,1.0,1.0,0.0,1.0,,1.0,,,,,,1.0,0.0,0.0,0.0,1.0,0.0,0.0,1.0,1.0,1.0,1.0,1.0,1.0,,,,0.0,,,1.0,1.0,,,0.0,0.0,0.0,,0.0,,1.0,0.0,,,,,,,,,,0.0,,,,0.0,0.0,0.0,1.0,1.0,,,,,,,,,,,,,0.0,,,1.0,0.0,1.0,,,,,,,,,,1.0,,,,,,1.0,1.0,,1.0
Camilo Cola,1.0,,0.0,1.0,,1.0,1.0,1.0,1.0,0.0,0.0,,1.0,,1.0,0.0,0.0,1.0,1.0,1.0,1.0,1.0,1.0,1.0,1.0,1.0,,,,,,,,1.0,0.0,1.0,1.0,1.0,,0.0,,1.0,,0.0,1.0,0.0,1.0,1.0,,,1.0,1.0,1.0,1.0,1.0,1.0,0.0,0.0,0.0,,1.0,1.0,,,1.0,1.0,,0.0,0.0,,1.0,1.0,0.0,,,,,0.0,,0.0,,0.0,0.0,,0.0,0.0,0.0,,,0.0,,1.0,,,1.0,1.0,1.0,,1.0,0.0,,,1.0,1.0,,,,,,1.0,0.0,,,1.0,1.0,1.0,,0.0,1.0,,,,0.0,1.0,,,0.0,1.0,0.0,1.0,,1.0,,0.0,,,,0.0,,1.0,1.0,1.0,0.0,0.0,0.0,0.0,,,,,,,,1.0,1.0,1.0,,1.0,1.0,1.0,,1.0,,0.0,,1.0,1.0,1.0,1.0,0.0,1.0,0.0,1.0,0.0,0.0,0.0,0.0,0.0,0.0,0.0,,,,,1.0,,,,0.0,1.0,,1.0,,,0.0,,,1.0,,1.0,0.0,0.0,1.0,,0.0,0.0,0.0,0.0,0.0,1.0,1.0,,1.0,0.0,1.0,,,0.0,0.0,0.0,1.0,0.0,1.0,1.0,,0.0,,0.0,0.0,,,,0.0,,,0.0,1.0,1.0,1.0,1.0,,,1.0,1.0,0.0,,0.0,,0.0,1.0,1.0,1.0,,0.0,,,,0.0,1.0,0.0,1.0,1.0,1.0,,1.0,0.0,,,,1.0,0.0,,,,,,,,1.0,1.0,1.0,,1.0,0.0,,1.0,0.0,1.0,1.0,1.0,1.0,1.0,1.0,1.0,,1.0,1.0,1.0,,1.0,,0.0,,1.0,,,,1.0,1.0,1.0,,0.0,,,0.0,,,,,,,,1.0,,1.0,1.0,0.0,0.0,,,1.0,0.0,1.0,,1.0,1.0,0.0,1.0,1.0,0.0,0.0,1.0,,,0.0,,,,0.0,,0.0,1.0,0.0,0.0,0.0,,0.0,0.0,1.0,,1.0,,,1.0,,0.0,1.0,,1.0,0.0,1.0,,1.0,1.0,1.0,0.0,1.0,1.0,1.0,1.0,,1.0,0.0,,0.0,,0.0,,,1.0,,,1.0,1.0,,1.0,1.0,1.0,1.0,1.0
Capitão Assumção,1.0,,,0.0,1.0,1.0,,0.0,,0.0,,0.0,,0.0,1.0,0.0,1.0,1.0,1.0,,1.0,1.0,1.0,1.0,1.0,,,,,,,1.0,0.0,0.0,1.0,1.0,1.0,1.0,,,,,,,,,,,,,,,,,,,,,,,,1.0,,,,,,,,,,,,,,,,,,,,,,,,,,,,,,,,,,,1.0,,,,,,,,,0.0,1.0,0.0,,,,,,,,,,,,,,,,,,,,,,,,,,,,,,,,,1.0,,,,,,,,,,,,,,,,,,,1.0,,,,,,,,,,,,0.0,1.0,0.0,1.0,0.0,0.0,,0.0,,,,,,,,,,,,,,,,,,1.0,,,,,,,,,,,,,,,,,,,,,,,,,,,,,,1.0,,,,,,,,,,1.0,1.0,1.0,1.0,,1.0,,,,,,,,0.0,0.0,1.0,0.0,,0.0,0.0,0.0,1.0,1.0,0.0,1.0,,,1.0,1.0,0.0,0.0,0.0,0.0,,,1.0,0.0,,,,1.0,,1.0,1.0,1.0,0.0,1.0,0.0,0.0,0.0,0.0,1.0,1.0,0.0,0.0,1.0,1.0,1.0,0.0,0.0,,,0.0,1.0,1.0,0.0,1.0,1.0,0.0,0.0,1.0,1.0,0.0,0.0,,,1.0,0.0,1.0,1.0,0.0,0.0,0.0,0.0,1.0,1.0,1.0,1.0,1.0,,0.0,0.0,0.0,,1.0,0.0,1.0,,1.0,1.0,0.0,,,0.0,0.0,,0.0,0.0,0.0,1.0,1.0,0.0,0.0,1.0,0.0,1.0,,0.0,0.0,1.0,0.0,0.0,1.0,1.0,1.0,1.0,1.0,1.0,0.0,0.0,,1.0,,1.0,,1.0,,,,,,1.0,1.0,1.0,1.0,,0.0,1.0,0.0,0.0,0.0,,0.0,,1.0,1.0,0.0,0.0,,1.0,1.0,0.0,0.0,0.0
Carlito Merss,,1.0,0.0,,,,1.0,,1.0,,,,,,,,,,,,,,,,,1.0,0.0,1.0,0.0,0.0,1.0,,,,,,,,0.0,0.0,0.0,1.0,,0.0,1.0,0.0,1.0,1.0,0.0,0.0,1.0,1.0,1.0,1.0,1.0,,0.0,0.0,0.0,1.0,1.0,,1.0,,1.0,1.0,1.0,,0.0,,,1.0,0.0,0.0,,,1.0,0.0,0.0,0.0,0.0,0.0,0.0,,0.0,0.0,0.0,0.0,0.0,,0.0,0.0,1.0,,1.0,1.0,,,,,,,0.0,0.0,,,,,1.0,1.0,0.0,,,1.0,1.0,1.0,1.0,0.0,1.0,,,1.0,0.0,1.0,0.0,,0.0,,0.0,1.0,0.0,1.0,,0.0,1.0,0.0,,0.0,0.0,1.0,,1.0,0.0,0.0,0.0,0.0,0.0,0.0,1.0,1.0,0.0,1.0,0.0,,1.0,1.0,0.0,1.0,1.0,,,1.0,1.0,0.0,0.0,1.0,1.0,1.0,1.0,0.0,1.0,,,,,,,,,0.0,1.0,0.0,0.0,0.0,1.0,1.0,0.0,1.0,0.0,,,0.0,1.0,0.0,0.0,1.0,,1.0,0.0,,,,,,0.0,0.0,0.0,0.0,,1.0,1.0,0.0,1.0,,,,0.0,0.0,,0.0,1.0,0.0,0.0,1.0,,0.0,,0.0,0.0,,,,0.0,,0.0,0.0,,,,,0.0,,,1.0,0.0,,0.0,0.0,,,,,,,,,,,,,,1.0,1.0,,,,,,,,,,,,,,,,,,,,,,,,,,,,,,,,,,,,,,,,,,,,,,,,,,,,,,,,,,,,,,,,,,,,,,,,,,,,,,,,,,,,,,,,,,,,,,,,,,,,,,,,,,,,,,,,,,,,,,,,,,,,,,,,,,,,,,,,,
Carlos Abicalil,1.0,1.0,0.0,,1.0,1.0,1.0,1.0,,0.0,0.0,0.0,1.0,0.0,1.0,1.0,1.0,1.0,,,,,,,,1.0,,1.0,,0.0,1.0,1.0,0.0,1.0,0.0,1.0,1.0,1.0,0.0,0.0,0.0,1.0,0.0,0.0,1.0,0.0,1.0,1.0,0.0,0.0,1.0,1.0,1.0,1.0,1.0,,0.0,0.0,0.0,1.0,1.0,,1.0,,1.0,1.0,,0.0,0.0,1.0,0.0,1.0,0.0,0.0,,0.0,1.0,0.0,0.0,0.0,0.0,0.0,0.0,,0.0,0.0,0.0,0.0,0.0,0.0,,0.0,1.0,0.0,1.0,1.0,,1.0,1.0,0.0,,,0.0,0.0,0.0,0.0,1.0,0.0,1.0,1.0,0.0,1.0,0.0,1.0,1.0,1.0,1.0,0.0,1.0,0.0,1.0,1.0,0.0,,0.0,,,1.0,0.0,1.0,0.0,1.0,1.0,0.0,,,0.0,0.0,0.0,,1.0,,0.0,,0.0,,0.0,0.0,1.0,1.0,0.0,1.0,0.0,,1.0,1.0,0.0,1.0,1.0,1.0,1.0,1.0,1.0,0.0,0.0,1.0,1.0,1.0,1.0,0.0,1.0,,,,,,,0.0,1.0,0.0,,0.0,0.0,,1.0,,0.0,,0.0,1.0,0.0,0.0,1.0,0.0,,1.0,1.0,1.0,0.0,1.0,0.0,0.0,1.0,1.0,0.0,,0.0,0.0,0.0,1.0,1.0,0.0,1.0,0.0,1.0,,0.0,0.0,0.0,0.0,1.0,0.0,0.0,1.0,,,,,0.0,0.0,0.0,0.0,0.0,1.0,0.0,0.0,1.0,1.0,1.0,1.0,0.0,0.0,1.0,1.0,0.0,,0.0,,0.0,0.0,0.0,1.0,0.0,0.0,0.0,0.0,0.0,0.0,1.0,0.0,1.0,,1.0,1.0,,0.0,0.0,0.0,0.0,1.0,0.0,1.0,,1.0,1.0,0.0,1.0,0.0,1.0,,,0.0,1.0,0.0,,,0.0,1.0,1.0,1.0,,1.0,0.0,1.0,0.0,0.0,1.0,1.0,1.0,1.0,0.0,,,,0.0,,1.0,1.0,0.0,1.0,0.0,0.0,,0.0,1.0,0.0,0.0,1.0,0.0,0.0,0.0,1.0,,,,1.0,0.0,0.0,0.0,1.0,1.0,0.0,1.0,0.0,1.0,,0.0,,1.0,,0.0,,0.0,0.0,,0.0,0.0,0.0,0.0,,0.0,1.0,0.0,0.0,,1.0,0.0,0.0,1.0,1.0,1.0,1.0,1.0,,0.0,0.0,,0.0,1.0,0.0,,1.0,1.0,1.0,1.0,0.0,1.0,1.0,,1.0,1.0,1.0,,,,0.0,,,0.0,1.0,1.0,1.0,1.0,1.0,0.0,,1.0,1.0,1.0,1.0
Carlos Alberto Canuto,,1.0,0.0,1.0,1.0,1.0,,1.0,1.0,,0.0,,,0.0,1.0,0.0,1.0,1.0,1.0,1.0,1.0,1.0,1.0,1.0,1.0,1.0,0.0,1.0,0.0,0.0,1.0,,0.0,1.0,0.0,,1.0,1.0,1.0,,0.0,1.0,,,1.0,0.0,1.0,1.0,0.0,0.0,1.0,1.0,1.0,1.0,1.0,,0.0,0.0,0.0,1.0,1.0,1.0,1.0,0.0,1.0,1.0,1.0,0.0,0.0,1.0,0.0,1.0,,0.0,0.0,0.0,1.0,0.0,0.0,0.0,0.0,0.0,0.0,0.0,0.0,0.0,0.0,0.0,,0.0,0.0,1.0,1.0,0.0,1.0,1.0,,1.0,1.0,0.0,1.0,0.0,1.0,1.0,0.0,,1.0,0.0,1.0,1.0,,1.0,0.0,1.0,1.0,0.0,1.0,0.0,1.0,0.0,1.0,1.0,0.0,1.0,0.0,1.0,0.0,0.0,0.0,1.0,0.0,1.0,1.0,0.0,1.0,0.0,0.0,0.0,1.0,1.0,1.0,1.0,0.0,0.0,0.0,0.0,0.0,0.0,1.0,1.0,0.0,1.0,0.0,1.0,1.0,1.0,0.0,1.0,1.0,,1.0,1.0,1.0,0.0,0.0,1.0,1.0,1.0,1.0,0.0,1.0,,,0.0,0.0,1.0,0.0,0.0,1.0,0.0,1.0,0.0,0.0,,1.0,,0.0,,0.0,1.0,0.0,1.0,1.0,0.0,0.0,1.0,,1.0,0.0,1.0,0.0,0.0,1.0,1.0,0.0,0.0,0.0,0.0,0.0,1.0,1.0,0.0,1.0,0.0,1.0,0.0,0.0,,0.0,0.0,1.0,0.0,1.0,1.0,,0.0,,0.0,0.0,0.0,0.0,0.0,0.0,1.0,0.0,0.0,1.0,1.0,1.0,,0.0,1.0,,1.0,,,,0.0,0.0,,1.0,,0.0,0.0,0.0,0.0,0.0,0.0,1.0,0.0,1.0,1.0,1.0,1.0,1.0,0.0,0.0,0.0,0.0,1.0,,1.0,0.0,1.0,,,,0.0,,1.0,1.0,0.0,1.0,0.0,,,0.0,1.0,1.0,1.0,0.0,,1.0,1.0,1.0,1.0,1.0,1.0,,1.0,0.0,0.0,1.0,1.0,0.0,,,1.0,1.0,,0.0,0.0,1.0,,0.0,0.0,0.0,0.0,,,,,1.0,1.0,,1.0,0.0,,0.0,1.0,1.0,0.0,1.0,1.0,1.0,,0.0,1.0,1.0,0.0,0.0,,,0.0,0.0,0.0,,,0.0,1.0,0.0,1.0,,,0.0,1.0,0.0,0.0,1.0,1.0,1.0,1.0,1.0,1.0,0.0,0.0,,1.0,0.0,0.0,1.0,1.0,1.0,1.0,1.0,0.0,1.0,1.0,,,,1.0,,1.0,0.0,0.0,0.0,0.0,0.0,1.0,1.0,1.0,1.0,0.0,,,1.0,,1.0,
Carlos Alberto Leréia,1.0,,,,,,,,1.0,1.0,0.0,,1.0,,,0.0,,,,1.0,,1.0,1.0,1.0,1.0,0.0,,,,,,1.0,1.0,1.0,0.0,,1.0,1.0,,,,,,,0.0,,0.0,1.0,,,0.0,,,,,,,,,0.0,1.0,1.0,,,,,0.0,,,0.0,1.0,,,,,1.0,,1.0,,,0.0,,0.0,,,,,,,0.0,0.0,1.0,1.0,0.0,,0.0,,1.0,1.0,1.0,,,,,,0.0,1.0,1.0,,0.0,,1.0,1.0,,0.0,,,,,,1.0,1.0,1.0,1.0,,,,0.0,1.0,,0.0,1.0,1.0,1.0,,,,,0.0,,1.0,,,,,,,,,1.0,1.0,0.0,,,,0.0,,,1.0,,0.0,0.0,,1.0,,,0.0,0.0,1.0,,1.0,,,,,,,,1.0,,,,,,0.0,0.0,,,,0.0,0.0,0.0,0.0,1.0,1.0,0.0,,0.0,,,,,,,,,,,1.0,0.0,,,0.0,,,,,,,,,,1.0,1.0,0.0,,1.0,,,,,,,,,,1.0,0.0,,,,,0.0,0.0,,,,,,1.0,,1.0,,,,1.0,,,,0.0,,,,0.0,0.0,0.0,0.0,,,,,,,1.0,,0.0,0.0,,,,,,1.0,0.0,0.0,1.0,,0.0,1.0,1.0,,1.0,1.0,1.0,,0.0,,,,0.0,,,,,,,1.0,,1.0,,,,,1.0,0.0,0.0,0.0,0.0,1.0,1.0,,1.0,,,,1.0,1.0,,,,,1.0,,1.0,1.0,0.0,,1.0,0.0,,0.0,1.0,1.0,1.0,,,,,1.0,,,,,,,,,,0.0,0.0,0.0,,,1.0,,,,,0.0,,,1.0,,,,0.0,,,,,1.0,,,0.0,,,,,,,1.0,,,,,1.0,1.0,1.0,1.0,1.0
Carlos Bezerra,1.0,,,,1.0,1.0,,1.0,,,0.0,0.0,1.0,,,,,,1.0,1.0,1.0,1.0,1.0,1.0,1.0,1.0,0.0,1.0,0.0,0.0,1.0,1.0,,1.0,0.0,1.0,1.0,1.0,1.0,0.0,0.0,1.0,0.0,0.0,,,,1.0,,,1.0,,,,,1.0,,0.0,0.0,1.0,1.0,1.0,1.0,,,,1.0,0.0,0.0,1.0,1.0,1.0,0.0,0.0,0.0,,1.0,0.0,0.0,0.0,0.0,0.0,0.0,0.0,0.0,0.0,0.0,0.0,0.0,0.0,,1.0,1.0,0.0,1.0,1.0,1.0,,,0.0,1.0,,1.0,1.0,,0.0,1.0,1.0,1.0,1.0,0.0,1.0,1.0,1.0,1.0,1.0,1.0,,1.0,0.0,1.0,1.0,0.0,1.0,0.0,,0.0,0.0,0.0,1.0,0.0,1.0,1.0,0.0,1.0,0.0,0.0,0.0,1.0,1.0,0.0,,,,,,0.0,0.0,1.0,0.0,,1.0,,,,,,,1.0,1.0,,1.0,1.0,0.0,0.0,1.0,,1.0,1.0,0.0,1.0,0.0,1.0,,,,,0.0,1.0,,1.0,0.0,0.0,0.0,,1.0,0.0,1.0,0.0,1.0,0.0,0.0,1.0,0.0,0.0,1.0,1.0,1.0,0.0,1.0,0.0,0.0,1.0,,,,0.0,0.0,0.0,1.0,1.0,0.0,1.0,0.0,1.0,0.0,0.0,0.0,0.0,0.0,,,1.0,1.0,,0.0,1.0,,0.0,0.0,0.0,0.0,0.0,1.0,0.0,0.0,1.0,1.0,,1.0,0.0,1.0,1.0,1.0,0.0,1.0,0.0,0.0,0.0,1.0,1.0,1.0,0.0,0.0,0.0,0.0,0.0,0.0,1.0,0.0,1.0,,,1.0,1.0,0.0,0.0,0.0,0.0,1.0,0.0,1.0,0.0,,,,,,,1.0,1.0,,1.0,,,,0.0,1.0,1.0,0.0,0.0,1.0,1.0,1.0,1.0,1.0,1.0,1.0,1.0,1.0,0.0,,,,,,1.0,1.0,1.0,1.0,0.0,0.0,1.0,0.0,0.0,0.0,0.0,0.0,0.0,1.0,,1.0,1.0,1.0,,1.0,,0.0,0.0,1.0,1.0,0.0,1.0,0.0,1.0,1.0,,1.0,1.0,,0.0,1.0,,,,0.0,0.0,0.0,,0.0,0.0,1.0,0.0,0.0,,1.0,0.0,0.0,1.0,1.0,1.0,1.0,,1.0,0.0,0.0,1.0,,1.0,,1.0,1.0,1.0,1.0,1.0,0.0,1.0,1.0,,1.0,1.0,1.0,0.0,1.0,0.0,0.0,0.0,0.0,0.0,1.0,1.0,1.0,1.0,1.0,0.0,1.0,1.0,1.0,1.0,1.0
Carlos Brandão,1.0,0.0,1.0,1.0,1.0,1.0,,1.0,1.0,1.0,0.0,,1.0,0.0,1.0,0.0,1.0,1.0,1.0,1.0,1.0,1.0,1.0,1.0,1.0,0.0,,,,,,1.0,,,,1.0,1.0,1.0,1.0,,,,,,0.0,1.0,0.0,0.0,,,0.0,,,,,,0.0,,,0.0,1.0,1.0,,,0.0,0.0,0.0,,,0.0,1.0,,,,1.0,,0.0,,,,,0.0,0.0,0.0,,,,,,,0.0,1.0,1.0,1.0,0.0,0.0,1.0,1.0,0.0,1.0,0.0,,,,,0.0,1.0,1.0,0.0,0.0,,1.0,0.0,0.0,0.0,0.0,,,,,1.0,1.0,1.0,1.0,,,,,1.0,,0.0,0.0,1.0,1.0,,,,,0.0,,,,,,,,,,,1.0,1.0,0.0,,,,,,0.0,1.0,,0.0,0.0,,1.0,,0.0,0.0,0.0,1.0,,,,,,,,,,1.0,,,,,,0.0,,,0.0,,,,0.0,0.0,1.0,1.0,0.0,1.0,0.0,,,,,,,,,,,,,,,,,,,,,,,,,1.0,,,1.0,1.0,1.0,,,,,,0.0,,,1.0,0.0,1.0,0.0,,1.0,0.0,,,,,,1.0,1.0,,0.0,,1.0,,1.0,,1.0,0.0,,,,0.0,0.0,0.0,1.0,0.0,0.0,1.0,,,0.0,,,,1.0,0.0,,0.0,1.0,0.0,,0.0,,0.0,1.0,,0.0,1.0,1.0,1.0,1.0,,1.0,,,,,1.0,0.0,1.0,1.0,0.0,1.0,1.0,0.0,1.0,1.0,1.0,,,,,1.0,,,,,,,,1.0,,0.0,1.0,1.0,,,,,0.0,,,1.0,1.0,,0.0,0.0,,0.0,0.0,,,1.0,0.0,,,,,0.0,,,,,0.0,,,,,,,,1.0,1.0,,,,0.0,0.0,1.0,0.0,,,,0.0,0.0,0.0,1.0,1.0,1.0,1.0,,,0.0,,,,,,0.0,1.0,1.0,0.0,,,1.0,,,1.0,
Carlos Eduardo Cadoca,1.0,1.0,0.0,1.0,1.0,1.0,1.0,1.0,1.0,1.0,,0.0,1.0,,1.0,0.0,1.0,1.0,1.0,1.0,1.0,1.0,1.0,1.0,1.0,1.0,0.0,,0.0,0.0,1.0,1.0,0.0,1.0,0.0,,1.0,1.0,1.0,0.0,0.0,1.0,0.0,0.0,1.0,0.0,1.0,1.0,0.0,0.0,1.0,1.0,1.0,1.0,1.0,,0.0,0.0,0.0,1.0,1.0,,1.0,0.0,1.0,1.0,1.0,0.0,0.0,1.0,1.0,1.0,,0.0,,,1.0,0.0,0.0,0.0,0.0,0.0,0.0,,0.0,,0.0,,0.0,0.0,0.0,1.0,1.0,0.0,,1.0,,1.0,1.0,0.0,1.0,0.0,0.0,1.0,,0.0,1.0,,1.0,1.0,,1.0,0.0,,1.0,0.0,1.0,0.0,1.0,0.0,1.0,1.0,0.0,1.0,0.0,,0.0,1.0,0.0,1.0,0.0,1.0,1.0,0.0,1.0,0.0,0.0,0.0,1.0,1.0,0.0,1.0,0.0,0.0,0.0,0.0,0.0,0.0,1.0,1.0,,0.0,0.0,1.0,1.0,1.0,0.0,1.0,1.0,1.0,1.0,1.0,1.0,0.0,0.0,,,1.0,1.0,0.0,1.0,0.0,1.0,0.0,1.0,0.0,0.0,0.0,1.0,0.0,,0.0,0.0,0.0,1.0,1.0,0.0,1.0,,1.0,0.0,,1.0,0.0,0.0,1.0,1.0,1.0,0.0,1.0,0.0,0.0,1.0,1.0,,,0.0,0.0,,,1.0,0.0,,0.0,,0.0,0.0,0.0,0.0,0.0,,,,,0.0,0.0,1.0,0.0,,0.0,0.0,0.0,0.0,1.0,0.0,0.0,1.0,1.0,,1.0,,1.0,1.0,,0.0,1.0,,0.0,0.0,1.0,1.0,1.0,,0.0,,0.0,0.0,0.0,1.0,0.0,1.0,,1.0,1.0,1.0,0.0,0.0,0.0,0.0,1.0,,0.0,0.0,,,,,0.0,1.0,1.0,0.0,,1.0,0.0,0.0,1.0,0.0,1.0,1.0,1.0,1.0,1.0,1.0,1.0,0.0,,,1.0,1.0,,0.0,0.0,1.0,1.0,0.0,0.0,1.0,1.0,1.0,,0.0,0.0,1.0,0.0,0.0,0.0,0.0,0.0,1.0,0.0,1.0,1.0,1.0,,1.0,1.0,0.0,,,,,0.0,1.0,1.0,1.0,,0.0,1.0,1.0,0.0,0.0,1.0,0.0,0.0,0.0,0.0,,0.0,,1.0,,1.0,,,0.0,1.0,0.0,,,,,1.0,1.0,1.0,0.0,0.0,0.0,1.0,0.0,0.0,1.0,1.0,1.0,1.0,1.0,0.0,1.0,1.0,,,1.0,1.0,0.0,,0.0,0.0,0.0,0.0,,,1.0,1.0,1.0,1.0,0.0,1.0,1.0,1.0,1.0,1.0
Carlos Melles,1.0,0.0,,1.0,,,,,,0.0,,,,0.0,1.0,,,,,,,1.0,,,1.0,0.0,,,,,,1.0,,1.0,,,,1.0,1.0,,,,,,,1.0,1.0,,,,,,,,,,1.0,,,0.0,,1.0,,,,0.0,0.0,,,0.0,1.0,,,,,,,,,1.0,,,,,,,,,,,,1.0,,,,0.0,1.0,1.0,1.0,1.0,0.0,0.0,,,1.0,,,1.0,,0.0,,,1.0,,,,,0.0,,,0.0,0.0,1.0,,,,,1.0,,,0.0,1.0,,0.0,,,,,0.0,,0.0,,,,,,,,,,,0.0,1.0,,0.0,0.0,0.0,0.0,,1.0,0.0,0.0,,1.0,,,0.0,0.0,,,,,,,,,,,,,,,,,0.0,0.0,,,,,,,,1.0,0.0,,,0.0,,,,,,,,,,,1.0,0.0,,,0.0,,,,,,,,,,,,,,,,,,,,,0.0,,,1.0,,1.0,,,,,,,,1.0,,,,1.0,,,,,,,1.0,,,0.0,1.0,1.0,0.0,,1.0,,,1.0,,1.0,0.0,,0.0,,,,,,,1.0,,0.0,,,,,0.0,,1.0,1.0,1.0,,,,1.0,0.0,0.0,1.0,,,,,,,,,,,,,,,,,1.0,0.0,1.0,1.0,,,,1.0,,,1.0,,,,,,1.0,,,,,,,,,,,1.0,,,,,,,,,,,,,,,,0.0,0.0,,,,,,,,1.0,,1.0,,,,,,,,,,,,,,,,,,,,,,,,,,,1.0,,1.0,
Carlos Sampaio,1.0,0.0,,1.0,,,1.0,,1.0,,0.0,0.0,1.0,0.0,1.0,0.0,1.0,1.0,1.0,1.0,1.0,1.0,1.0,1.0,1.0,0.0,,,,,,1.0,1.0,1.0,0.0,1.0,1.0,1.0,1.0,,,,,,0.0,1.0,0.0,1.0,,,0.0,,,,,,0.0,,,0.0,,,,,,0.0,0.0,,,,1.0,,,,,,,,,,,0.0,0.0,,,,,,,,,,,,,0.0,,1.0,1.0,,,,,,,,,,0.0,0.0,,1.0,,0.0,0.0,0.0,,,,,1.0,1.0,0.0,1.0,,,,0.0,1.0,,0.0,0.0,1.0,1.0,,,,,0.0,,1.0,,,,,,,,,,,1.0,,0.0,,0.0,1.0,0.0,1.0,1.0,0.0,0.0,,1.0,,0.0,0.0,0.0,1.0,,,,,,,,,,0.0,,,,,,,,,,,,0.0,,,,,,,,,,,,,,,,,,,,,,,,,,,,,,,1.0,,,,,1.0,,,,,,,0.0,,,,1.0,1.0,1.0,,,0.0,0.0,,,,,,1.0,1.0,1.0,,,,,,1.0,0.0,,,,1.0,,0.0,,0.0,0.0,1.0,,,0.0,1.0,,,,,,1.0,,,,0.0,0.0,,1.0,,0.0,1.0,0.0,0.0,1.0,1.0,1.0,0.0,0.0,,,,0.0,,1.0,0.0,1.0,1.0,,,,1.0,,,,,0.0,1.0,,0.0,0.0,1.0,0.0,0.0,,,,,1.0,1.0,,,,0.0,1.0,,1.0,,,,0.0,,,,,1.0,1.0,,,,,,,,,,1.0,,0.0,,,0.0,,0.0,1.0,1.0,,,,,1.0,0.0,1.0,0.0,,,,,,,1.0,0.0,0.0,1.0,,,,,,,,,,,,,,,,1.0,0.0,1.0,1.0
Carlos Santana,,1.0,0.0,1.0,1.0,1.0,1.0,1.0,,0.0,0.0,,1.0,0.0,1.0,1.0,1.0,1.0,1.0,1.0,,1.0,,,1.0,1.0,0.0,1.0,0.0,0.0,1.0,1.0,0.0,,,1.0,1.0,1.0,0.0,,,,0.0,0.0,1.0,0.0,,1.0,0.0,0.0,1.0,1.0,1.0,1.0,1.0,1.0,0.0,,0.0,1.0,1.0,0.0,1.0,0.0,1.0,1.0,,0.0,,1.0,0.0,1.0,0.0,0.0,,,,0.0,0.0,0.0,0.0,0.0,0.0,0.0,,0.0,0.0,0.0,,0.0,,0.0,1.0,0.0,1.0,1.0,,1.0,1.0,0.0,,0.0,,0.0,0.0,0.0,1.0,0.0,1.0,1.0,0.0,1.0,0.0,1.0,1.0,1.0,,0.0,1.0,0.0,1.0,1.0,0.0,1.0,0.0,,0.0,1.0,0.0,1.0,0.0,0.0,1.0,0.0,1.0,,0.0,0.0,0.0,1.0,,,0.0,0.0,0.0,0.0,0.0,0.0,1.0,,,,,1.0,1.0,1.0,,1.0,1.0,,1.0,1.0,1.0,,,1.0,,1.0,1.0,0.0,,0.0,1.0,0.0,1.0,0.0,0.0,1.0,0.0,0.0,1.0,0.0,0.0,0.0,1.0,1.0,,1.0,0.0,1.0,,,,,0.0,,1.0,1.0,0.0,1.0,0.0,0.0,1.0,1.0,0.0,0.0,0.0,0.0,,1.0,1.0,,1.0,0.0,1.0,0.0,0.0,0.0,0.0,0.0,1.0,,0.0,1.0,0.0,,,0.0,0.0,0.0,0.0,0.0,0.0,,0.0,0.0,,1.0,1.0,1.0,0.0,0.0,1.0,1.0,0.0,1.0,0.0,0.0,0.0,,0.0,1.0,0.0,0.0,0.0,0.0,,,,0.0,1.0,,,1.0,1.0,0.0,,,,1.0,0.0,1.0,0.0,1.0,1.0,0.0,1.0,0.0,1.0,1.0,,,,0.0,0.0,0.0,,,1.0,1.0,1.0,1.0,0.0,1.0,,0.0,1.0,1.0,1.0,1.0,0.0,0.0,1.0,1.0,0.0,,1.0,1.0,0.0,1.0,0.0,0.0,1.0,,1.0,0.0,0.0,1.0,0.0,0.0,0.0,1.0,0.0,,,1.0,0.0,,,,1.0,0.0,1.0,0.0,1.0,1.0,,,,,,1.0,0.0,0.0,,0.0,,0.0,0.0,0.0,0.0,,0.0,0.0,,1.0,0.0,0.0,1.0,1.0,1.0,1.0,1.0,1.0,0.0,0.0,1.0,1.0,,0.0,0.0,1.0,1.0,1.0,1.0,0.0,1.0,1.0,1.0,0.0,,1.0,0.0,1.0,0.0,0.0,0.0,0.0,0.0,,1.0,1.0,1.0,1.0,0.0,,1.0,1.0,1.0,1.0
Carlos Souza,,1.0,,,,,,,,,,,,,,,,,,,,,,,,1.0,0.0,1.0,0.0,0.0,,,,,,,,,,,,,,,1.0,0.0,,1.0,,0.0,1.0,1.0,1.0,1.0,1.0,,,,,1.0,0.0,,1.0,0.0,,,1.0,0.0,0.0,,0.0,,,0.0,,,,,,,,,0.0,0.0,0.0,0.0,0.0,0.0,0.0,,0.0,,1.0,0.0,,1.0,,1.0,1.0,0.0,1.0,,,,0.0,,,,1.0,1.0,0.0,1.0,1.0,,,1.0,,,,,0.0,1.0,0.0,,0.0,,,,1.0,1.0,1.0,0.0,1.0,0.0,1.0,0.0,0.0,,0.0,,,1.0,0.0,0.0,0.0,,,0.0,1.0,,,1.0,,,,1.0,0.0,,1.0,,1.0,1.0,1.0,0.0,0.0,1.0,,1.0,1.0,0.0,1.0,,,,,,,,,,1.0,,,0.0,,1.0,,1.0,0.0,,,0.0,0.0,1.0,1.0,,,,0.0,1.0,,,1.0,1.0,,0.0,,,,,,,1.0,0.0,1.0,0.0,,,,,,,,,,,,,,,,,0.0,,0.0,,,,,,,,,,,,,,,,,,,,,,,,,,,,,,,,,,,,,,,,,,,,,,,,,,,,,,,,,,,,,,,,,,,,,,,,,,,,,,,,,,,,,,,,,,,,,,,,,,,,,,,,,,,,,,,,,,,,,,,,,,,,,,,,,,,,,,,,,,,,,,,,,,,,,,,,,,,,,,,,,,,,,
Carlos Willian,1.0,,0.0,,,1.0,,1.0,1.0,,,0.0,,,,,1.0,1.0,1.0,,,1.0,1.0,,1.0,,,,0.0,0.0,,,0.0,0.0,1.0,,,,1.0,0.0,0.0,1.0,,0.0,1.0,0.0,1.0,1.0,0.0,,1.0,1.0,1.0,1.0,1.0,,0.0,,,1.0,1.0,,1.0,0.0,,,,0.0,,1.0,1.0,1.0,,0.0,0.0,,1.0,,,,,,,0.0,,0.0,,,,0.0,0.0,0.0,1.0,0.0,,,,,0.0,0.0,,0.0,,1.0,0.0,,1.0,0.0,,1.0,0.0,0.0,0.0,1.0,1.0,,1.0,,,,1.0,1.0,0.0,1.0,0.0,1.0,0.0,,0.0,,1.0,0.0,0.0,,,0.0,,,1.0,1.0,1.0,1.0,0.0,0.0,,0.0,,0.0,1.0,1.0,,0.0,0.0,1.0,1.0,1.0,,1.0,1.0,,,1.0,,,,,1.0,1.0,1.0,,,,,,,,,,1.0,0.0,1.0,,0.0,0.0,,1.0,0.0,,0.0,,0.0,1.0,1.0,0.0,0.0,,1.0,1.0,,,,,,1.0,,,0.0,0.0,0.0,1.0,1.0,,,0.0,1.0,,,,,,,0.0,1.0,,0.0,,1.0,0.0,0.0,,,,,,0.0,0.0,1.0,,,,0.0,1.0,,1.0,,,0.0,,,,,,,,0.0,0.0,,,,,,1.0,1.0,,,,,,,,,,0.0,,,,,0.0,,1.0,,,1.0,,,,0.0,,,1.0,1.0,,,1.0,1.0,1.0,,1.0,,1.0,,0.0,,,,0.0,1.0,,,1.0,,,,,1.0,0.0,0.0,0.0,,,,,1.0,,,1.0,,0.0,,1.0,,,,,,,0.0,,1.0,0.0,,,0.0,,0.0,0.0,0.0,,,,0.0,1.0,0.0,0.0,0.0,,,0.0,1.0,1.0,1.0,,1.0,,0.0,0.0,,1.0,,,,,1.0,,,,,1.0,,,1.0,,,,,,0.0,,,1.0,,,1.0,1.0,0.0,,,,1.0,1.0
Carlos Wilson,,,,,,,,,,,,,,,,,,,,,,,,,,1.0,0.0,,,0.0,1.0,,,,,,,,,,,,,,,,,,,,1.0,,,,,,0.0,,,,,,1.0,0.0,1.0,,1.0,,,1.0,0.0,,,,,0.0,,,,,,0.0,,,,,,,,0.0,,0.0,1.0,0.0,,1.0,,,,0.0,1.0,0.0,0.0,,,,,,1.0,1.0,,,1.0,1.0,1.0,,,,1.0,0.0,1.0,1.0,0.0,,0.0,,,1.0,0.0,,,,,,,,,0.0,0.0,,,,,,,,0.0,,,,,,,1.0,,,0.0,1.0,,,1.0,1.0,,,,1.0,,,,,,,,,,,,,,,,,,,1.0,1.0,,,,,,,,,0.0,1.0,,,,,,,,,,,,,,,,,,,,,,,,,,,,,,,,,,,0.0,,,,,,,,,,,,,,,,,,,,,,,,,,,,,,,,,,,,,,,,,,,,,,,,,,,,,,,,,,,,,,,,,,,,,,,,,,,,,,,,,,,,,,,,,,,,,,,,,,,,,,,,,,,,,,,,,,,,,,,,,,,,,,,,,,,,,,,,,,,,,,,,,,,,,,,,,,,,,,,,,,,,,,,,,
Carlos Zarattini,,1.0,,1.0,1.0,1.0,1.0,1.0,1.0,0.0,0.0,0.0,1.0,0.0,1.0,1.0,1.0,1.0,,,,,,,,1.0,0.0,1.0,0.0,0.0,1.0,1.0,0.0,1.0,0.0,1.0,,1.0,0.0,0.0,0.0,1.0,0.0,0.0,1.0,0.0,1.0,,0.0,0.0,1.0,1.0,1.0,1.0,1.0,,0.0,0.0,0.0,1.0,1.0,0.0,1.0,0.0,1.0,1.0,1.0,0.0,0.0,1.0,0.0,1.0,0.0,0.0,,0.0,1.0,0.0,0.0,0.0,0.0,0.0,0.0,0.0,0.0,0.0,0.0,,0.0,0.0,0.0,0.0,1.0,0.0,1.0,1.0,1.0,,1.0,0.0,1.0,,,0.0,0.0,0.0,1.0,0.0,1.0,1.0,,1.0,0.0,1.0,1.0,1.0,1.0,0.0,1.0,0.0,1.0,1.0,0.0,1.0,0.0,,0.0,1.0,,1.0,,0.0,,0.0,1.0,0.0,,0.0,0.0,1.0,1.0,1.0,0.0,0.0,0.0,0.0,,0.0,1.0,1.0,0.0,1.0,0.0,1.0,1.0,1.0,,1.0,1.0,,1.0,1.0,1.0,0.0,0.0,1.0,,1.0,1.0,0.0,1.0,0.0,1.0,0.0,,0.0,0.0,,0.0,0.0,,0.0,0.0,0.0,,1.0,,,0.0,1.0,0.0,0.0,1.0,0.0,0.0,,,1.0,0.0,,0.0,0.0,1.0,,0.0,0.0,,0.0,0.0,1.0,1.0,0.0,1.0,0.0,,0.0,0.0,0.0,,,,,0.0,1.0,0.0,0.0,1.0,,0.0,,,,0.0,1.0,0.0,0.0,,1.0,1.0,1.0,0.0,0.0,1.0,,,1.0,0.0,,0.0,0.0,0.0,1.0,,,,0.0,,,1.0,,1.0,1.0,1.0,1.0,,0.0,0.0,,0.0,1.0,0.0,1.0,0.0,1.0,1.0,0.0,1.0,0.0,1.0,,0.0,0.0,1.0,0.0,0.0,0.0,0.0,1.0,,1.0,1.0,1.0,0.0,1.0,,0.0,1.0,1.0,,1.0,0.0,0.0,,1.0,0.0,0.0,1.0,,0.0,1.0,0.0,0.0,1.0,0.0,1.0,0.0,,1.0,0.0,,,1.0,,1.0,1.0,1.0,0.0,,0.0,1.0,1.0,0.0,,0.0,1.0,1.0,0.0,1.0,1.0,0.0,0.0,1.0,,,0.0,0.0,0.0,0.0,0.0,,0.0,1.0,0.0,,0.0,1.0,0.0,0.0,1.0,1.0,1.0,1.0,1.0,1.0,,,,0.0,1.0,0.0,0.0,1.0,1.0,1.0,,0.0,,1.0,0.0,0.0,1.0,1.0,0.0,1.0,0.0,0.0,0.0,0.0,0.0,1.0,1.0,1.0,1.0,1.0,0.0,1.0,1.0,,1.0,1.0
Cassio Taniguchi,1.0,,,,,,,,,0.0,,,,0.0,1.0,1.0,1.0,1.0,1.0,1.0,1.0,1.0,1.0,1.0,1.0,,,,,,,,1.0,,,1.0,,,,,,,,,,,,,,,,,,,,,,,,,,,,,,,,,,,,,,,,,,,,,,,,,,,,,,,,,,,,,,,,,,,,,,,,,,,,,,,,,,,,,,,,,,,,,,,,,,,,,,,,,,,,,,,,,,,,,,,,,,,,,,,,,,,,,,,,,,,,,,0.0,1.0,,,,,,,,,,,,,,,,,,,,,,,,,,,,,,,,,,,,,,,,,,,,,,,,1.0,,,,,,,,,,,,,,,,,,,,,,,,,,,,,,,,,,,,,,,,,,,,,,,,,,,,,,,,,,,,,,,,,,,,,,,,,,,,,,,,,,,,,,,,,,,,,,,,,,,,,,,,,,,,,,,,,,,0.0,1.0,1.0,,,,,,1.0,,,,,,,,,,,,1.0,1.0,1.0,,,0.0,1.0,0.0,1.0,0.0,1.0,,,,,,1.0,1.0,1.0,1.0,,,0.0,,,,,1.0,0.0,1.0,1.0,0.0,1.0,,1.0,1.0,0.0,1.0,1.0
Celso Maldaner,1.0,1.0,0.0,1.0,1.0,1.0,1.0,1.0,1.0,1.0,0.0,0.0,1.0,0.0,1.0,0.0,1.0,1.0,1.0,1.0,1.0,1.0,1.0,0.0,1.0,1.0,,,0.0,,,1.0,0.0,1.0,0.0,1.0,1.0,,1.0,0.0,0.0,1.0,0.0,0.0,1.0,0.0,1.0,1.0,,0.0,1.0,1.0,1.0,1.0,1.0,1.0,0.0,0.0,0.0,,1.0,0.0,1.0,0.0,1.0,1.0,1.0,,0.0,1.0,1.0,1.0,0.0,0.0,0.0,0.0,1.0,0.0,0.0,0.0,0.0,0.0,0.0,0.0,0.0,0.0,0.0,0.0,0.0,0.0,,,1.0,0.0,1.0,1.0,1.0,,1.0,0.0,1.0,,,,0.0,0.0,1.0,0.0,,1.0,0.0,1.0,1.0,1.0,1.0,1.0,1.0,,,0.0,0.0,1.0,0.0,1.0,,,0.0,1.0,0.0,1.0,,1.0,1.0,,,0.0,0.0,0.0,1.0,1.0,1.0,1.0,0.0,0.0,0.0,,0.0,0.0,1.0,,0.0,1.0,0.0,,1.0,1.0,,1.0,1.0,1.0,1.0,1.0,1.0,0.0,0.0,1.0,1.0,1.0,1.0,0.0,1.0,0.0,1.0,0.0,1.0,0.0,0.0,,1.0,0.0,1.0,0.0,0.0,0.0,,1.0,0.0,1.0,,1.0,0.0,0.0,0.0,0.0,,,1.0,1.0,,1.0,0.0,,1.0,1.0,0.0,0.0,0.0,,0.0,1.0,1.0,0.0,1.0,0.0,1.0,0.0,0.0,,0.0,,,,1.0,1.0,0.0,0.0,,0.0,0.0,0.0,0.0,,0.0,1.0,0.0,,1.0,1.0,1.0,1.0,,,1.0,1.0,0.0,1.0,0.0,,,1.0,1.0,,0.0,0.0,0.0,0.0,,,,,1.0,1.0,1.0,1.0,1.0,0.0,0.0,0.0,0.0,1.0,0.0,,0.0,1.0,1.0,0.0,1.0,0.0,1.0,,1.0,0.0,1.0,,0.0,1.0,,,,,1.0,1.0,1.0,1.0,1.0,,1.0,1.0,1.0,1.0,0.0,0.0,1.0,1.0,0.0,0.0,1.0,1.0,1.0,,0.0,0.0,1.0,0.0,0.0,0.0,0.0,0.0,0.0,0.0,0.0,1.0,1.0,1.0,1.0,,0.0,0.0,,1.0,,0.0,1.0,0.0,1.0,1.0,0.0,1.0,1.0,0.0,0.0,1.0,0.0,,0.0,0.0,0.0,0.0,,,0.0,1.0,0.0,0.0,0.0,1.0,,0.0,1.0,1.0,1.0,1.0,1.0,1.0,0.0,0.0,1.0,1.0,0.0,1.0,1.0,,1.0,,,0.0,,1.0,1.0,1.0,,,,1.0,0.0,0.0,,0.0,0.0,1.0,1.0,1.0,1.0,1.0,0.0,1.0,1.0,1.0,1.0,1.0
Celso Russomanno,1.0,1.0,,1.0,1.0,1.0,1.0,1.0,1.0,1.0,,0.0,,,1.0,1.0,0.0,1.0,1.0,,,,,1.0,1.0,1.0,,,,0.0,1.0,,,1.0,0.0,,,1.0,,0.0,0.0,1.0,0.0,1.0,1.0,0.0,,,0.0,,,,,,,,,,,,1.0,1.0,,0.0,1.0,,1.0,0.0,,1.0,0.0,,,0.0,0.0,0.0,1.0,0.0,,,0.0,,,,0.0,0.0,,0.0,0.0,,,,,0.0,,1.0,1.0,1.0,,,,,,,0.0,0.0,1.0,0.0,,1.0,0.0,,1.0,,,,,0.0,1.0,0.0,1.0,1.0,0.0,1.0,,1.0,0.0,0.0,1.0,,,0.0,,,1.0,,0.0,0.0,,1.0,1.0,,,0.0,,,,,,1.0,,0.0,0.0,1.0,1.0,1.0,0.0,,1.0,1.0,1.0,1.0,1.0,,0.0,1.0,,1.0,1.0,0.0,1.0,,1.0,,1.0,0.0,0.0,,1.0,,,,0.0,,,1.0,,1.0,0.0,1.0,,,,1.0,0.0,1.0,1.0,,0.0,0.0,,0.0,,1.0,,0.0,,,,0.0,,0.0,1.0,,1.0,0.0,0.0,,,,,,1.0,1.0,0.0,,,0.0,0.0,0.0,0.0,,0.0,,0.0,,,1.0,,,0.0,,,,0.0,1.0,0.0,0.0,0.0,,1.0,0.0,,,,0.0,,0.0,1.0,0.0,1.0,,,1.0,,0.0,,0.0,0.0,,0.0,,0.0,,1.0,,1.0,0.0,1.0,1.0,1.0,0.0,1.0,0.0,0.0,1.0,0.0,1.0,,0.0,0.0,,1.0,,,,1.0,1.0,1.0,1.0,0.0,0.0,,1.0,0.0,,,,1.0,1.0,0.0,0.0,1.0,0.0,,,,,,,,,,1.0,1.0,1.0,,,0.0,1.0,1.0,0.0,,1.0,1.0,,,1.0,1.0,0.0,0.0,1.0,,,0.0,,,0.0,0.0,1.0,,,,,0.0,,,,1.0,,1.0,,,1.0,,0.0,,0.0,1.0,0.0,,1.0,1.0,1.0,1.0,0.0,1.0,1.0,1.0,1.0,1.0,,0.0,1.0,0.0,,0.0,0.0,,,1.0,,1.0,,0.0,1.0,1.0,1.0,1.0,1.0
Cezar Schirmer,,1.0,0.0,,,,,,,,,,,,,,,,,,,,,,,1.0,0.0,1.0,0.0,,1.0,,,,,,,,1.0,,,,,,1.0,0.0,,1.0,,0.0,1.0,,,,,,,,0.0,1.0,1.0,,1.0,0.0,1.0,,1.0,0.0,0.0,1.0,1.0,1.0,,0.0,,0.0,,0.0,0.0,0.0,0.0,,,,0.0,0.0,0.0,,0.0,,0.0,1.0,1.0,0.0,,0.0,,1.0,,,1.0,,,,,,,,,1.0,,1.0,,,1.0,1.0,,,,,,,0.0,,,,,1.0,0.0,,0.0,1.0,1.0,,,,,0.0,1.0,,,1.0,0.0,,0.0,,0.0,0.0,1.0,,,1.0,,1.0,1.0,1.0,,1.0,,,,,0.0,,,1.0,,1.0,1.0,,1.0,,,,,,,,,0.0,1.0,0.0,0.0,0.0,1.0,,0.0,1.0,0.0,,,1.0,0.0,,1.0,1.0,,,0.0,,0.0,0.0,1.0,0.0,,,0.0,0.0,,1.0,1.0,0.0,1.0,,1.0,0.0,0.0,0.0,,,1.0,,1.0,1.0,0.0,,,,,0.0,0.0,0.0,,,0.0,0.0,,,,,,,,,,,,0.0,,,,,,,,,,,,,,,,,,,,,,,,,,,,,,,,,,,,,,,,,,,,,,,,,,,,,,,,,,,,,,,,,,,,,,,,,,,,,,,,,,,,,,,,,,,,,,,,,,,,,,,,,,,,,,,,,,,,,,,,,,,,,,,,,,,,,,,,,,,,,,,,,,,,,,,,
Cezar Silvestri,1.0,,,0.0,1.0,1.0,1.0,1.0,,0.0,1.0,0.0,1.0,0.0,1.0,0.0,1.0,1.0,1.0,1.0,1.0,1.0,1.0,1.0,1.0,0.0,,1.0,,,,1.0,1.0,1.0,0.0,1.0,1.0,1.0,,,,0.0,,,0.0,1.0,,1.0,,,0.0,,,,,1.0,1.0,,,0.0,1.0,1.0,,1.0,0.0,,0.0,1.0,1.0,0.0,1.0,,,,,0.0,0.0,,,,,,0.0,0.0,0.0,0.0,0.0,1.0,0.0,0.0,0.0,1.0,1.0,0.0,,0.0,1.0,1.0,1.0,,0.0,,1.0,1.0,1.0,0.0,,0.0,,0.0,,0.0,1.0,,0.0,0.0,1.0,,1.0,0.0,1.0,1.0,1.0,1.0,0.0,1.0,,0.0,,0.0,1.0,0.0,0.0,0.0,,,,,1.0,,1.0,,,,,,,1.0,,1.0,,1.0,0.0,0.0,,0.0,1.0,,1.0,1.0,,0.0,0.0,1.0,0.0,0.0,1.0,0.0,1.0,,,,,,,,,0.0,1.0,,,,,,,,,0.0,,1.0,0.0,1.0,0.0,0.0,1.0,0.0,,0.0,1.0,,,,,,,,,,1.0,0.0,,,0.0,,,,,,,0.0,1.0,0.0,1.0,1.0,0.0,0.0,1.0,0.0,,,,,,0.0,,,1.0,0.0,1.0,1.0,,1.0,0.0,,,,1.0,,,1.0,1.0,1.0,1.0,,,1.0,,1.0,1.0,,,1.0,1.0,0.0,0.0,0.0,0.0,0.0,1.0,,,0.0,0.0,0.0,0.0,1.0,0.0,1.0,1.0,1.0,1.0,1.0,0.0,0.0,0.0,1.0,0.0,0.0,1.0,1.0,1.0,1.0,1.0,,0.0,,1.0,0.0,1.0,1.0,1.0,,1.0,1.0,,0.0,1.0,1.0,1.0,0.0,,,,0.0,1.0,1.0,,0.0,0.0,0.0,1.0,1.0,1.0,,1.0,1.0,1.0,,,,0.0,1.0,1.0,1.0,1.0,0.0,,1.0,0.0,,,,1.0,1.0,,,,,,1.0,,,,,,0.0,,,1.0,1.0,1.0,,1.0,1.0,,,,1.0,0.0,1.0,,1.0,,,,,,1.0,,,1.0,,,0.0,,,0.0,,,,1.0,1.0,1.0,0.0,,,1.0,0.0,1.0,1.0
Charles Lucena,,,,1.0,1.0,1.0,,1.0,,,0.0,0.0,1.0,0.0,1.0,0.0,1.0,1.0,,,,,,,,,,,,,,1.0,,0.0,0.0,,1.0,1.0,,,,,,,,,,,,,,,,,,,,,,,,1.0,,,,,,,,,,,,,,,,,,,,,,,,,,,,,,,,,,,,,,,,,,,,,1.0,1.0,,,,,,,,,,,,,,,,,,,,,,,,,,,,,,,,,,,,,,,,,,,,,,,,,,,,1.0,,,,,,,,,,,,0.0,1.0,0.0,1.0,,,0.0,1.0,,,,,,,,,,,,,,,,,,1.0,,,,,,,,,,,,,,,,,,,,,,,,,,,,,,1.0,,,,,,,,,,1.0,1.0,,,,1.0,,,,,,,,,,,,,,,,,,,,,,1.0,1.0,0.0,,0.0,0.0,1.0,0.0,,0.0,,,,,,,1.0,,0.0,1.0,,,,0.0,1.0,1.0,1.0,1.0,,1.0,1.0,1.0,1.0,,,0.0,1.0,0.0,0.0,,1.0,0.0,0.0,1.0,,0.0,1.0,0.0,0.0,1.0,0.0,0.0,0.0,1.0,0.0,1.0,1.0,0.0,1.0,,,1.0,1.0,0.0,0.0,0.0,1.0,1.0,0.0,1.0,1.0,1.0,1.0,0.0,1.0,1.0,,0.0,,,,,0.0,0.0,0.0,0.0,1.0,,1.0,0.0,0.0,,,0.0,0.0,1.0,1.0,1.0,1.0,,1.0,,,,1.0,0.0,,0.0,1.0,1.0,,,,,1.0,,,1.0,,0.0,1.0,0.0,0.0,0.0,0.0,0.0,1.0,,,,,,,,,,
Chico Abreu,,1.0,0.0,1.0,,,,1.0,,,0.0,0.0,1.0,,,,,,,,,,,,,1.0,,,,,,1.0,,0.0,1.0,,1.0,1.0,,,,,,,,,,,0.0,0.0,1.0,1.0,1.0,1.0,1.0,1.0,,,,,0.0,,,,,,,0.0,0.0,1.0,0.0,,0.0,0.0,,0.0,1.0,,,0.0,,,,,0.0,0.0,0.0,0.0,0.0,0.0,0.0,1.0,1.0,0.0,,,,,,,1.0,0.0,0.0,0.0,0.0,0.0,1.0,0.0,1.0,1.0,,,0.0,1.0,1.0,1.0,,1.0,0.0,1.0,1.0,1.0,0.0,,0.0,1.0,,0.0,1.0,,1.0,0.0,,,,,,,0.0,1.0,,1.0,,,0.0,,0.0,0.0,1.0,,,1.0,0.0,,,1.0,0.0,0.0,1.0,1.0,1.0,1.0,1.0,0.0,0.0,,,1.0,1.0,0.0,1.0,,,,,,,,,0.0,1.0,0.0,,0.0,1.0,1.0,0.0,1.0,0.0,1.0,0.0,1.0,1.0,1.0,0.0,1.0,1.0,1.0,,1.0,0.0,0.0,1.0,1.0,0.0,0.0,0.0,0.0,,1.0,,0.0,1.0,0.0,1.0,0.0,0.0,0.0,,0.0,,0.0,1.0,1.0,0.0,0.0,,0.0,0.0,0.0,0.0,0.0,0.0,,0.0,0.0,1.0,1.0,,1.0,,,,,,,,,0.0,1.0,0.0,1.0,0.0,0.0,0.0,0.0,0.0,0.0,1.0,0.0,1.0,,,1.0,1.0,0.0,0.0,0.0,0.0,1.0,0.0,1.0,0.0,1.0,1.0,0.0,1.0,0.0,1.0,,1.0,1.0,1.0,0.0,0.0,1.0,0.0,1.0,1.0,,,1.0,1.0,1.0,1.0,1.0,,,0.0,,0.0,,,,,,1.0,,1.0,,0.0,0.0,1.0,0.0,0.0,0.0,0.0,0.0,1.0,1.0,1.0,1.0,,1.0,,,0.0,,,,,0.0,1.0,1.0,1.0,,,,,,,,,,,,,,,,,,,,,,,,,,,,,,,,,,,,,,,,,,,,,,,,,,,,,,,,,,,,,,,,,
Chico Alencar,1.0,0.0,1.0,0.0,1.0,1.0,1.0,1.0,1.0,0.0,0.0,0.0,1.0,0.0,1.0,0.0,1.0,1.0,1.0,1.0,1.0,1.0,1.0,0.0,1.0,0.0,0.0,1.0,0.0,0.0,1.0,1.0,1.0,1.0,0.0,1.0,1.0,1.0,0.0,1.0,0.0,1.0,1.0,1.0,0.0,1.0,0.0,1.0,,,0.0,0.0,0.0,,0.0,1.0,1.0,,0.0,1.0,0.0,0.0,1.0,0.0,0.0,0.0,1.0,0.0,1.0,0.0,1.0,1.0,,,0.0,,0.0,1.0,0.0,1.0,1.0,0.0,0.0,0.0,0.0,0.0,0.0,0.0,0.0,0.0,,0.0,1.0,0.0,0.0,1.0,0.0,1.0,0.0,1.0,1.0,0.0,0.0,0.0,1.0,1.0,1.0,0.0,1.0,,,1.0,0.0,1.0,0.0,0.0,0.0,0.0,0.0,0.0,0.0,0.0,1.0,1.0,0.0,1.0,0.0,1.0,0.0,,0.0,0.0,1.0,,0.0,0.0,0.0,0.0,1.0,,1.0,0.0,0.0,0.0,0.0,0.0,0.0,0.0,1.0,1.0,0.0,0.0,0.0,0.0,0.0,0.0,0.0,0.0,1.0,1.0,0.0,0.0,1.0,1.0,0.0,1.0,1.0,1.0,1.0,1.0,1.0,,,,,,0.0,1.0,0.0,0.0,1.0,0.0,0.0,0.0,0.0,1.0,0.0,1.0,1.0,1.0,0.0,1.0,1.0,0.0,,0.0,1.0,0.0,1.0,0.0,1.0,1.0,1.0,0.0,1.0,1.0,1.0,1.0,1.0,0.0,0.0,1.0,0.0,1.0,,1.0,0.0,0.0,0.0,0.0,0.0,0.0,0.0,1.0,0.0,0.0,,0.0,0.0,0.0,0.0,0.0,0.0,0.0,0.0,0.0,1.0,0.0,1.0,0.0,0.0,0.0,1.0,1.0,0.0,0.0,1.0,1.0,0.0,0.0,0.0,0.0,1.0,1.0,0.0,1.0,0.0,1.0,1.0,1.0,0.0,1.0,1.0,0.0,0.0,1.0,0.0,0.0,1.0,0.0,0.0,1.0,1.0,1.0,1.0,0.0,1.0,1.0,1.0,1.0,0.0,0.0,0.0,1.0,1.0,0.0,0.0,1.0,1.0,0.0,0.0,1.0,1.0,1.0,0.0,0.0,,,1.0,1.0,1.0,0.0,0.0,1.0,0.0,0.0,1.0,,0.0,0.0,0.0,0.0,,0.0,1.0,1.0,0.0,0.0,0.0,0.0,1.0,1.0,,1.0,1.0,1.0,1.0,0.0,0.0,1.0,0.0,1.0,1.0,1.0,0.0,0.0,0.0,0.0,0.0,,1.0,1.0,1.0,0.0,,,,,,0.0,,,,0.0,,1.0,1.0,,1.0,1.0,1.0,1.0,1.0,1.0,0.0,0.0,0.0,1.0,0.0,1.0,0.0,1.0,1.0,1.0,0.0,0.0,0.0,1.0,0.0,0.0,,0.0,0.0,0.0,0.0,0.0,0.0,,0.0,0.0,1.0,1.0,0.0,0.0,,0.0,0.0,0.0,0.0,0.0
Chico D`Angelo,1.0,1.0,0.0,1.0,1.0,1.0,1.0,1.0,1.0,0.0,0.0,0.0,1.0,0.0,1.0,1.0,1.0,1.0,,1.0,1.0,1.0,1.0,1.0,1.0,1.0,0.0,1.0,0.0,0.0,1.0,1.0,0.0,1.0,0.0,,1.0,1.0,0.0,0.0,,1.0,0.0,0.0,,,1.0,1.0,0.0,0.0,1.0,1.0,1.0,1.0,1.0,1.0,,0.0,0.0,1.0,1.0,,1.0,0.0,,1.0,1.0,0.0,0.0,1.0,,1.0,0.0,0.0,0.0,0.0,1.0,0.0,0.0,0.0,0.0,,0.0,0.0,0.0,0.0,0.0,0.0,,0.0,0.0,0.0,1.0,0.0,1.0,1.0,,,1.0,0.0,,0.0,0.0,0.0,0.0,0.0,1.0,0.0,1.0,1.0,0.0,1.0,,1.0,1.0,1.0,1.0,,1.0,0.0,1.0,,0.0,1.0,,1.0,0.0,1.0,0.0,1.0,0.0,0.0,1.0,0.0,1.0,0.0,0.0,0.0,0.0,1.0,,1.0,0.0,0.0,0.0,0.0,0.0,0.0,1.0,0.0,0.0,1.0,,1.0,1.0,1.0,,1.0,1.0,1.0,1.0,1.0,1.0,0.0,0.0,1.0,1.0,1.0,1.0,0.0,1.0,0.0,1.0,0.0,1.0,0.0,0.0,,0.0,,1.0,0.0,,0.0,1.0,1.0,0.0,,0.0,,,,,,0.0,1.0,1.0,1.0,0.0,1.0,0.0,0.0,1.0,1.0,0.0,0.0,,,,,,0.0,1.0,0.0,1.0,0.0,0.0,0.0,0.0,,1.0,0.0,0.0,1.0,0.0,0.0,,0.0,0.0,0.0,0.0,0.0,0.0,1.0,0.0,0.0,,1.0,1.0,1.0,0.0,0.0,1.0,1.0,,1.0,0.0,0.0,0.0,0.0,0.0,1.0,,0.0,0.0,,0.0,0.0,1.0,0.0,1.0,1.0,1.0,1.0,1.0,0.0,,0.0,0.0,1.0,0.0,1.0,0.0,1.0,1.0,0.0,1.0,0.0,1.0,1.0,0.0,0.0,1.0,0.0,0.0,0.0,,,,1.0,1.0,1.0,,1.0,,0.0,,1.0,1.0,1.0,0.0,0.0,1.0,1.0,,0.0,1.0,1.0,0.0,1.0,0.0,,1.0,0.0,1.0,0.0,0.0,1.0,0.0,0.0,0.0,1.0,0.0,1.0,1.0,1.0,0.0,0.0,,1.0,,0.0,1.0,0.0,1.0,,,,1.0,,0.0,1.0,,0.0,,0.0,0.0,0.0,0.0,0.0,0.0,,0.0,0.0,,1.0,0.0,0.0,1.0,1.0,1.0,,1.0,,0.0,,1.0,1.0,,0.0,1.0,1.0,1.0,,1.0,0.0,1.0,1.0,1.0,1.0,,1.0,,,,0.0,0.0,0.0,0.0,,1.0,1.0,,,,1.0,1.0,1.0,0.0,
Chico Daltro,,,,,,,,,,,,,,1.0,1.0,1.0,1.0,1.0,1.0,1.0,1.0,1.0,1.0,1.0,1.0,,,,,,,,,,,1.0,,,,,,,,,,,,,,,,,,,,,,,,,,,,,,,,,,,,,,,,,,,,,,,,,,,,,,,,,,,,,,,,,,,,,,,,,,,,,,,,,,,,,,,,,,,,,,,,,,,,,,,,,,,,,,,,,,,,,,,,,,,,,,,,,,,,,,,,,,,,,,,,,,,,,,,,,,,,,,,,,,,,,,,,,,,,,,,,,,,,,,,,,,,,,,,,,,,,,,,,,,,,,,,,,,,,,,,,,,,,,,,,,,,,,,,,,,,,,,,,,,,,,,,,,,,,,,,,,,,,,,,,,,,,,,,,,,,,,,,,,,,,,,,,,,,,,,,,,,,,,,,,,,,,,,,,,,,,,,,,,,,,,,,,,,,,1.0,0.0,0.0,1.0,1.0,,,1.0,0.0,1.0,,,,,1.0,,,,,,0.0,,,,,,,,,,,,
Chico Lopes,1.0,1.0,0.0,0.0,1.0,1.0,1.0,1.0,,0.0,1.0,,1.0,0.0,1.0,0.0,1.0,1.0,,1.0,,1.0,1.0,1.0,1.0,1.0,,,0.0,0.0,1.0,1.0,0.0,1.0,,1.0,1.0,1.0,0.0,0.0,,1.0,0.0,0.0,1.0,0.0,1.0,1.0,0.0,0.0,1.0,1.0,1.0,1.0,1.0,,0.0,0.0,0.0,1.0,1.0,0.0,1.0,0.0,1.0,1.0,1.0,0.0,0.0,1.0,1.0,1.0,,0.0,0.0,0.0,1.0,0.0,0.0,1.0,0.0,1.0,0.0,0.0,0.0,0.0,0.0,0.0,0.0,0.0,0.0,0.0,1.0,0.0,1.0,1.0,1.0,1.0,0.0,0.0,1.0,0.0,1.0,1.0,0.0,0.0,1.0,0.0,1.0,1.0,0.0,1.0,0.0,1.0,1.0,1.0,1.0,,1.0,0.0,,1.0,0.0,1.0,0.0,,0.0,1.0,0.0,1.0,0.0,1.0,1.0,0.0,1.0,0.0,0.0,0.0,,1.0,1.0,,,0.0,,0.0,0.0,0.0,1.0,1.0,0.0,1.0,0.0,1.0,1.0,1.0,0.0,1.0,1.0,1.0,,1.0,1.0,0.0,0.0,1.0,1.0,1.0,1.0,0.0,,0.0,1.0,0.0,1.0,0.0,0.0,0.0,1.0,0.0,,0.0,0.0,0.0,1.0,1.0,0.0,1.0,0.0,1.0,0.0,1.0,1.0,0.0,0.0,1.0,,1.0,0.0,,0.0,0.0,1.0,1.0,0.0,0.0,0.0,,0.0,1.0,1.0,0.0,1.0,0.0,1.0,0.0,0.0,0.0,0.0,0.0,1.0,0.0,0.0,1.0,,0.0,1.0,,,0.0,0.0,,0.0,1.0,0.0,0.0,1.0,1.0,,1.0,0.0,0.0,1.0,1.0,0.0,1.0,0.0,0.0,0.0,0.0,1.0,,,0.0,,0.0,,,,0.0,1.0,1.0,1.0,1.0,1.0,0.0,,0.0,1.0,,,1.0,,1.0,1.0,,1.0,0.0,1.0,1.0,0.0,0.0,1.0,1.0,1.0,0.0,,0.0,1.0,0.0,0.0,1.0,,1.0,,,1.0,1.0,1.0,1.0,,,,,,,1.0,1.0,0.0,0.0,0.0,0.0,1.0,0.0,1.0,1.0,1.0,0.0,0.0,0.0,,1.0,1.0,,1.0,1.0,,,,1.0,1.0,,1.0,0.0,,1.0,0.0,1.0,1.0,0.0,0.0,1.0,0.0,0.0,0.0,0.0,0.0,0.0,,,0.0,1.0,0.0,,0.0,1.0,,0.0,1.0,,1.0,1.0,1.0,1.0,0.0,0.0,1.0,1.0,,0.0,,1.0,1.0,1.0,,,,1.0,1.0,1.0,1.0,1.0,0.0,1.0,0.0,0.0,0.0,0.0,0.0,1.0,1.0,1.0,1.0,,0.0,1.0,1.0,0.0,0.0,
Chico da Princesa,1.0,1.0,0.0,,,1.0,1.0,,1.0,,0.0,0.0,1.0,0.0,1.0,1.0,0.0,1.0,,,,,,,,1.0,,,0.0,0.0,1.0,1.0,0.0,0.0,1.0,1.0,,1.0,1.0,0.0,0.0,1.0,0.0,0.0,1.0,,,1.0,0.0,0.0,1.0,,,,,,0.0,0.0,0.0,1.0,,1.0,1.0,0.0,,1.0,1.0,0.0,0.0,1.0,1.0,1.0,0.0,,0.0,0.0,1.0,0.0,0.0,0.0,0.0,0.0,0.0,0.0,0.0,0.0,0.0,0.0,0.0,,0.0,1.0,1.0,0.0,,1.0,1.0,,1.0,0.0,1.0,,,0.0,0.0,0.0,1.0,0.0,1.0,1.0,0.0,1.0,1.0,,,1.0,1.0,1.0,0.0,1.0,1.0,1.0,0.0,1.0,0.0,,,0.0,1.0,1.0,1.0,0.0,1.0,0.0,1.0,0.0,0.0,,0.0,1.0,1.0,1.0,0.0,0.0,0.0,,,0.0,1.0,1.0,0.0,1.0,,1.0,1.0,1.0,0.0,,1.0,,,1.0,1.0,,0.0,,,,1.0,0.0,1.0,0.0,1.0,0.0,1.0,0.0,0.0,0.0,1.0,,,,,,,1.0,0.0,1.0,0.0,1.0,,0.0,1.0,1.0,,,1.0,1.0,0.0,1.0,0.0,0.0,1.0,1.0,0.0,0.0,0.0,0.0,0.0,1.0,1.0,0.0,1.0,0.0,1.0,0.0,0.0,0.0,0.0,0.0,,,1.0,1.0,0.0,0.0,1.0,0.0,0.0,0.0,0.0,0.0,0.0,1.0,0.0,0.0,1.0,,,1.0,0.0,0.0,1.0,,0.0,1.0,0.0,0.0,0.0,1.0,1.0,1.0,0.0,0.0,0.0,,0.0,0.0,1.0,0.0,1.0,,,,1.0,0.0,0.0,0.0,,1.0,0.0,1.0,0.0,1.0,1.0,0.0,1.0,0.0,1.0,1.0,,1.0,1.0,0.0,0.0,1.0,0.0,1.0,1.0,1.0,1.0,1.0,,1.0,,,1.0,1.0,1.0,,0.0,0.0,1.0,1.0,0.0,,1.0,1.0,1.0,1.0,0.0,0.0,1.0,,0.0,0.0,0.0,0.0,1.0,1.0,1.0,1.0,1.0,1.0,1.0,1.0,,,,,,0.0,,1.0,,1.0,0.0,1.0,1.0,0.0,,,0.0,0.0,0.0,0.0,0.0,0.0,0.0,1.0,0.0,1.0,0.0,0.0,0.0,0.0,,,,,,1.0,1.0,1.0,,,,1.0,1.0,0.0,1.0,1.0,1.0,1.0,1.0,0.0,1.0,1.0,1.0,1.0,,,0.0,1.0,,,0.0,0.0,0.0,1.0,,,1.0,,,,,1.0,1.0,
Cida Diogo,1.0,1.0,0.0,,,1.0,1.0,,,0.0,0.0,0.0,1.0,0.0,1.0,0.0,1.0,1.0,1.0,1.0,1.0,1.0,1.0,1.0,1.0,,0.0,1.0,0.0,0.0,1.0,1.0,0.0,1.0,0.0,1.0,1.0,1.0,,0.0,0.0,1.0,0.0,0.0,,,1.0,,0.0,0.0,1.0,1.0,1.0,1.0,1.0,1.0,0.0,0.0,,1.0,,0.0,1.0,0.0,1.0,1.0,1.0,0.0,0.0,1.0,0.0,1.0,0.0,0.0,0.0,0.0,1.0,0.0,0.0,0.0,0.0,0.0,0.0,,0.0,0.0,0.0,0.0,0.0,0.0,0.0,0.0,1.0,0.0,1.0,1.0,1.0,,1.0,0.0,,0.0,0.0,0.0,0.0,,,,1.0,1.0,0.0,1.0,,1.0,1.0,1.0,1.0,0.0,1.0,0.0,1.0,1.0,0.0,,0.0,1.0,0.0,1.0,0.0,1.0,0.0,1.0,1.0,0.0,1.0,0.0,0.0,0.0,1.0,1.0,,1.0,0.0,0.0,0.0,0.0,0.0,0.0,1.0,0.0,0.0,1.0,0.0,1.0,1.0,1.0,,,,1.0,1.0,1.0,1.0,0.0,,,1.0,,1.0,0.0,1.0,0.0,1.0,0.0,1.0,0.0,0.0,1.0,0.0,0.0,1.0,0.0,0.0,,1.0,1.0,0.0,1.0,0.0,1.0,0.0,1.0,1.0,0.0,0.0,1.0,1.0,,0.0,1.0,,0.0,1.0,,0.0,0.0,0.0,0.0,0.0,1.0,1.0,0.0,1.0,0.0,1.0,0.0,0.0,0.0,,,,0.0,0.0,1.0,0.0,0.0,,0.0,,0.0,0.0,,,,,,1.0,1.0,,1.0,0.0,0.0,1.0,1.0,0.0,1.0,0.0,0.0,,0.0,0.0,1.0,0.0,,0.0,0.0,,,,,1.0,1.0,1.0,1.0,1.0,0.0,0.0,0.0,0.0,1.0,0.0,,0.0,1.0,1.0,0.0,1.0,0.0,1.0,,,,1.0,0.0,0.0,0.0,0.0,1.0,1.0,1.0,1.0,1.0,0.0,1.0,,0.0,,,,1.0,0.0,0.0,1.0,1.0,,,,,0.0,1.0,0.0,,,,1.0,0.0,0.0,1.0,0.0,0.0,0.0,,,1.0,1.0,1.0,0.0,0.0,0.0,1.0,1.0,0.0,1.0,0.0,1.0,1.0,0.0,1.0,1.0,0.0,,1.0,0.0,0.0,0.0,,0.0,0.0,0.0,0.0,0.0,1.0,0.0,0.0,0.0,1.0,0.0,0.0,1.0,1.0,1.0,1.0,1.0,1.0,0.0,0.0,1.0,1.0,1.0,1.0,1.0,,1.0,1.0,,,,1.0,1.0,1.0,,1.0,0.0,1.0,0.0,0.0,0.0,0.0,0.0,1.0,1.0,1.0,1.0,1.0,0.0,1.0,1.0,1.0,0.0,0.0
Ciro Gomes,,1.0,,,,,,,,,,,,,,,,,,,,,,,,1.0,0.0,1.0,0.0,0.0,1.0,,0.0,1.0,0.0,,1.0,,0.0,,,,0.0,0.0,,,1.0,1.0,0.0,0.0,1.0,1.0,1.0,1.0,1.0,,0.0,0.0,,1.0,1.0,0.0,1.0,0.0,1.0,1.0,1.0,,,1.0,1.0,,,,0.0,,1.0,,,,,,,0.0,,,,,,,,,1.0,0.0,,1.0,1.0,,1.0,0.0,,,,,,1.0,,,1.0,1.0,,0.0,0.0,,1.0,,1.0,0.0,,0.0,1.0,1.0,0.0,,0.0,,0.0,0.0,0.0,,,,0.0,0.0,1.0,,0.0,,,1.0,,,,,,,0.0,0.0,1.0,1.0,,,,,,,,1.0,,,1.0,1.0,1.0,,0.0,1.0,1.0,1.0,,,,,1.0,,,,,,,,1.0,0.0,0.0,0.0,,,,,0.0,,,,,,0.0,,,,0.0,1.0,,,,,0.0,0.0,,,0.0,1.0,1.0,,1.0,,,,,,0.0,,,,1.0,1.0,0.0,0.0,,,,,,,,,,,1.0,1.0,,,,,,,0.0,1.0,0.0,,,,,,1.0,1.0,1.0,,0.0,1.0,,,1.0,1.0,1.0,,1.0,0.0,,,0.0,,,,0.0,,,,,,,,,,,,,,0.0,1.0,,,,,,,,,1.0,1.0,1.0,,,,,,,0.0,1.0,1.0,0.0,,,,1.0,,0.0,1.0,,,,,,1.0,1.0,,,,,,0.0,1.0,,,,,,,,,,,0.0,,,0.0,,,,0.0,,,,,,,,1.0,0.0,,,,,,,,,,,,,,,,,,,,,,,,,,,,,,,,,1.0,,,,,,,,,,
Ciro Nogueira,,1.0,,1.0,1.0,1.0,,1.0,1.0,1.0,,0.0,1.0,0.0,,1.0,1.0,1.0,1.0,1.0,1.0,1.0,1.0,1.0,1.0,1.0,0.0,,0.0,0.0,1.0,1.0,,1.0,,1.0,1.0,1.0,1.0,,,1.0,,1.0,,,,1.0,0.0,0.0,1.0,1.0,1.0,1.0,1.0,1.0,0.0,,,,0.0,1.0,1.0,0.0,1.0,1.0,1.0,0.0,0.0,1.0,0.0,1.0,,0.0,,0.0,1.0,0.0,0.0,,0.0,0.0,0.0,,0.0,0.0,0.0,,,0.0,,1.0,,,1.0,1.0,,1.0,,,1.0,,,,0.0,0.0,1.0,,1.0,,0.0,,0.0,,,0.0,,0.0,1.0,,1.0,1.0,0.0,,0.0,,0.0,0.0,1.0,1.0,1.0,0.0,,0.0,1.0,,0.0,0.0,0.0,,1.0,1.0,0.0,0.0,,,0.0,,,,,0.0,0.0,1.0,,1.0,,,1.0,,1.0,1.0,,0.0,0.0,1.0,,1.0,1.0,0.0,0.0,0.0,,,1.0,0.0,1.0,0.0,1.0,0.0,1.0,,0.0,0.0,,,0.0,,0.0,,0.0,,1.0,0.0,0.0,1.0,,,,1.0,0.0,,1.0,1.0,0.0,0.0,,,0.0,1.0,1.0,,1.0,0.0,,,0.0,,0.0,,,,,,0.0,,1.0,,,0.0,,,,1.0,,,1.0,1.0,1.0,1.0,0.0,1.0,,,0.0,1.0,,0.0,,1.0,1.0,0.0,0.0,0.0,0.0,,0.0,0.0,1.0,0.0,1.0,1.0,,1.0,1.0,0.0,,0.0,,1.0,0.0,1.0,0.0,1.0,1.0,0.0,0.0,0.0,,1.0,1.0,,1.0,0.0,0.0,1.0,0.0,1.0,1.0,0.0,1.0,,1.0,1.0,,1.0,1.0,1.0,1.0,,0.0,0.0,1.0,1.0,0.0,,1.0,1.0,,1.0,0.0,0.0,,,0.0,0.0,1.0,1.0,0.0,1.0,1.0,1.0,1.0,0.0,1.0,1.0,0.0,,,,1.0,1.0,1.0,1.0,1.0,1.0,0.0,1.0,1.0,0.0,0.0,,,0.0,0.0,0.0,0.0,0.0,0.0,1.0,0.0,1.0,0.0,0.0,0.0,1.0,,0.0,,,1.0,1.0,1.0,1.0,0.0,0.0,1.0,0.0,1.0,0.0,1.0,1.0,1.0,1.0,,,,1.0,1.0,,1.0,1.0,0.0,,0.0,0.0,,,0.0,,1.0,1.0,1.0,1.0,,,,1.0,1.0,1.0
Ciro Pedrosa,1.0,1.0,,1.0,,1.0,1.0,0.0,1.0,0.0,0.0,1.0,1.0,0.0,1.0,0.0,1.0,1.0,,1.0,,1.0,1.0,0.0,1.0,1.0,0.0,,0.0,0.0,1.0,1.0,,,,1.0,,,1.0,0.0,0.0,1.0,0.0,0.0,1.0,0.0,1.0,1.0,0.0,,1.0,1.0,1.0,1.0,1.0,1.0,1.0,0.0,0.0,1.0,,1.0,1.0,0.0,1.0,1.0,1.0,0.0,0.0,1.0,0.0,1.0,,,0.0,0.0,1.0,0.0,0.0,,0.0,0.0,0.0,,0.0,0.0,,0.0,0.0,0.0,0.0,0.0,1.0,0.0,1.0,1.0,,1.0,0.0,0.0,,0.0,0.0,0.0,0.0,0.0,1.0,0.0,1.0,1.0,0.0,1.0,,1.0,1.0,,1.0,0.0,1.0,,,,0.0,1.0,0.0,1.0,0.0,,1.0,,,1.0,1.0,0.0,1.0,0.0,,,,1.0,0.0,1.0,0.0,0.0,0.0,,,,,1.0,0.0,0.0,0.0,1.0,1.0,1.0,0.0,,1.0,,1.0,1.0,1.0,,0.0,1.0,1.0,1.0,1.0,0.0,1.0,0.0,1.0,,,,,0.0,1.0,0.0,,,,,1.0,,0.0,1.0,0.0,,,0.0,0.0,0.0,0.0,1.0,1.0,,0.0,1.0,,,,,0.0,0.0,,,,,,0.0,0.0,,,,,,,0.0,1.0,0.0,0.0,1.0,0.0,0.0,1.0,,,0.0,0.0,0.0,0.0,,0.0,0.0,1.0,1.0,,1.0,,1.0,1.0,1.0,0.0,1.0,0.0,0.0,0.0,1.0,1.0,1.0,0.0,0.0,,,,,,,,1.0,1.0,0.0,0.0,0.0,0.0,0.0,,1.0,0.0,0.0,0.0,1.0,1.0,0.0,1.0,,,1.0,0.0,0.0,1.0,0.0,0.0,0.0,,,,1.0,0.0,1.0,1.0,1.0,,0.0,1.0,1.0,1.0,,,0.0,1.0,1.0,,,1.0,1.0,0.0,1.0,,0.0,1.0,,0.0,1.0,0.0,0.0,0.0,0.0,1.0,1.0,1.0,1.0,,1.0,,,,,,,,1.0,1.0,1.0,0.0,1.0,1.0,0.0,0.0,1.0,,,0.0,0.0,0.0,0.0,0.0,,,1.0,0.0,0.0,0.0,1.0,0.0,0.0,1.0,1.0,1.0,,,1.0,0.0,0.0,1.0,1.0,,0.0,1.0,,1.0,1.0,,,,,1.0,1.0,1.0,1.0,0.0,1.0,0.0,0.0,0.0,0.0,0.0,,1.0,1.0,1.0,0.0,1.0,1.0,,,1.0,1.0
Claudio Cajado,1.0,0.0,1.0,1.0,1.0,1.0,1.0,1.0,,,,0.0,1.0,,1.0,1.0,1.0,1.0,1.0,1.0,1.0,1.0,1.0,1.0,1.0,0.0,,1.0,,,,1.0,1.0,,,,1.0,,1.0,,,,,,0.0,1.0,1.0,1.0,,,0.0,,,,,,1.0,,,0.0,1.0,1.0,,,0.0,0.0,0.0,,,0.0,1.0,,,,,,,,,1.0,,1.0,,,,,,1.0,,,,1.0,,,0.0,0.0,1.0,1.0,1.0,1.0,0.0,0.0,0.0,1.0,1.0,0.0,1.0,,0.0,0.0,,1.0,1.0,0.0,0.0,0.0,,0.0,1.0,0.0,0.0,0.0,1.0,1.0,,1.0,,1.0,0.0,,0.0,1.0,1.0,0.0,,,,,0.0,,,,,,,,,,,0.0,0.0,,0.0,0.0,0.0,0.0,0.0,0.0,,1.0,0.0,0.0,,1.0,,0.0,,0.0,1.0,,,,,,,,,0.0,1.0,,,,,,0.0,,,0.0,,0.0,0.0,,,1.0,0.0,0.0,,,,,,,,,,,,1.0,,,,,,,,,,,,,,,1.0,1.0,,,1.0,,,,,,,,,,,0.0,1.0,,,,0.0,,,,,,,1.0,1.0,,,,,,,1.0,,,,,1.0,0.0,,1.0,,,1.0,,,,,0.0,0.0,1.0,0.0,,,1.0,1.0,,,0.0,0.0,,,,,1.0,1.0,1.0,1.0,0.0,0.0,1.0,1.0,0.0,1.0,0.0,1.0,,,,,0.0,1.0,0.0,1.0,0.0,,,,0.0,1.0,0.0,,1.0,0.0,0.0,0.0,1.0,1.0,,1.0,1.0,1.0,,,,0.0,1.0,1.0,1.0,,0.0,,,,,,,,1.0,,,,,,0.0,,,,,,,,,0.0,0.0,0.0,1.0,1.0,,,,,1.0,0.0,1.0,0.0,,,,,,,1.0,0.0,,1.0,,,,,,,,1.0,0.0,,,0.0,1.0,,,1.0,0.0,1.0,1.0
Cleber Verde,,1.0,0.0,1.0,1.0,,1.0,1.0,1.0,,0.0,0.0,1.0,,,0.0,1.0,1.0,,,,,,,,1.0,,,,0.0,,1.0,0.0,,,1.0,,1.0,0.0,0.0,0.0,1.0,0.0,0.0,1.0,0.0,1.0,1.0,0.0,0.0,1.0,1.0,1.0,1.0,1.0,,0.0,0.0,0.0,1.0,1.0,,1.0,0.0,1.0,1.0,1.0,0.0,0.0,1.0,1.0,1.0,0.0,0.0,0.0,,1.0,0.0,0.0,0.0,,,0.0,0.0,0.0,0.0,0.0,0.0,0.0,0.0,0.0,0.0,1.0,0.0,1.0,1.0,,1.0,0.0,0.0,1.0,0.0,,1.0,,0.0,,0.0,1.0,,0.0,1.0,0.0,,1.0,1.0,1.0,0.0,,0.0,1.0,1.0,0.0,1.0,0.0,1.0,,0.0,0.0,1.0,1.0,0.0,1.0,0.0,1.0,,0.0,0.0,1.0,1.0,1.0,1.0,0.0,0.0,0.0,0.0,,0.0,1.0,1.0,,0.0,0.0,1.0,1.0,1.0,0.0,1.0,1.0,,1.0,1.0,,0.0,0.0,1.0,1.0,1.0,1.0,0.0,1.0,0.0,1.0,0.0,1.0,0.0,,0.0,1.0,0.0,1.0,0.0,0.0,0.0,1.0,,0.0,1.0,0.0,,,0.0,1.0,1.0,0.0,1.0,1.0,,0.0,1.0,0.0,0.0,1.0,1.0,0.0,0.0,0.0,0.0,0.0,1.0,1.0,,1.0,0.0,1.0,,0.0,,0.0,0.0,,0.0,,,,,1.0,,,0.0,0.0,0.0,0.0,1.0,0.0,0.0,1.0,1.0,1.0,,0.0,0.0,,1.0,0.0,1.0,0.0,0.0,,0.0,1.0,,,0.0,0.0,0.0,,1.0,1.0,,1.0,,1.0,1.0,1.0,0.0,0.0,0.0,0.0,1.0,0.0,1.0,,1.0,1.0,1.0,1.0,0.0,1.0,1.0,0.0,0.0,1.0,,,,0.0,1.0,1.0,0.0,0.0,1.0,1.0,1.0,0.0,1.0,,,,,0.0,0.0,1.0,1.0,1.0,0.0,,,1.0,0.0,,0.0,,,1.0,,1.0,0.0,0.0,1.0,1.0,,,,1.0,1.0,0.0,0.0,0.0,1.0,,0.0,1.0,1.0,,1.0,0.0,1.0,,,,1.0,,,,0.0,,0.0,0.0,,0.0,,0.0,0.0,,,,0.0,1.0,,1.0,,1.0,1.0,0.0,0.0,1.0,1.0,,1.0,1.0,,1.0,1.0,1.0,,1.0,1.0,1.0,1.0,1.0,1.0,,1.0,0.0,0.0,0.0,0.0,,1.0,,,1.0,,,,,,,
Clodovil Hernandes,,0.0,,,,,,,,,,,,,,,,,,,,,,,,,0.0,1.0,,0.0,1.0,,,,,,,,0.0,0.0,,1.0,,,1.0,0.0,,1.0,0.0,0.0,,,,,,,,1.0,0.0,,,,1.0,,1.0,0.0,0.0,,1.0,,,,,,1.0,0.0,,,,,,,,0.0,0.0,0.0,,,,0.0,0.0,,,,,,,1.0,0.0,0.0,,,,,1.0,,,,,,,,0.0,1.0,,,,,,,,,,,,,1.0,,,1.0,,,1.0,,,1.0,,0.0,,,,,0.0,,0.0,0.0,,,1.0,,0.0,0.0,0.0,,1.0,1.0,0.0,,1.0,,1.0,1.0,1.0,0.0,0.0,1.0,,1.0,1.0,0.0,1.0,,,,,,,,,,1.0,0.0,0.0,0.0,1.0,1.0,,1.0,,,,1.0,1.0,1.0,0.0,1.0,,1.0,0.0,,0.0,,,,0.0,,0.0,,,,1.0,0.0,1.0,0.0,1.0,0.0,,,,,,,1.0,,,,,,,,,,,,0.0,,,,,,,,1.0,1.0,1.0,1.0,0.0,,0.0,1.0,1.0,,,,,,,,,,,,,,,,,,,,,,,,,,,,,,,,,,,,,,,,,,,,,,,,,,,,,,,,,,,,,,,,,,,,,,,,,,,,,,,,,,,,,,,,,,,,,,,,,,,,,,,,,,,,,,,,,,,,,,,,,,,,,,,,,,,,,,,,,,,,,,,,,,,,,
Cláudio Diaz,1.0,0.0,1.0,,,,1.0,,1.0,0.0,,0.0,1.0,,,,,,1.0,1.0,1.0,1.0,1.0,1.0,1.0,0.0,,,,,,1.0,1.0,1.0,0.0,1.0,,,1.0,,,0.0,,,,,,1.0,,,,,,,,,0.0,1.0,,0.0,1.0,,,1.0,0.0,0.0,0.0,,,,,0.0,0.0,,,,,1.0,,1.0,0.0,,0.0,,0.0,,0.0,1.0,0.0,,0.0,1.0,,,,0.0,,,1.0,1.0,,,,,,,,,0.0,0.0,,,0.0,0.0,0.0,0.0,,,,,1.0,1.0,1.0,1.0,,,,,1.0,,0.0,0.0,,,,,,,0.0,,0.0,,,,,,,,,,1.0,0.0,,,,,,0.0,1.0,,,0.0,,1.0,0.0,0.0,,0.0,,,,,,,,,,,1.0,,,,,,,,,,,,,0.0,0.0,1.0,1.0,0.0,,0.0,,,,,,,,,,,1.0,0.0,,,,,,,,,,,,,1.0,1.0,,1.0,1.0,,,,,,,0.0,,,,,1.0,,,,0.0,0.0,,,,,,1.0,1.0,1.0,1.0,,,1.0,,,,,,,,0.0,0.0,0.0,0.0,0.0,1.0,,,0.0,,0.0,0.0,1.0,,,1.0,,,1.0,0.0,,,,,0.0,,,,1.0,1.0,,0.0,0.0,,,,0.0,,1.0,0.0,,1.0,0.0,,,,,,,,,1.0,0.0,0.0,0.0,0.0,0.0,0.0,,,,,,,,,,0.0,,,,,,0.0,,0.0,0.0,0.0,0.0,1.0,1.0,0.0,,,,,0.0,,,,,0.0,0.0,,,0.0,0.0,0.0,1.0,1.0,,,,,,,,,,,,,,,1.0,1.0,0.0,1.0,,,,,,,,1.0,0.0,,,0.0,,,1.0,1.0,1.0,1.0,1.0
Cláudio Magrão,,0.0,1.0,,,,1.0,,,,,,,,,,,,,,,,,,,0.0,,,,,,,,,,,,,,,,,,,0.0,1.0,,,,,0.0,,,,,1.0,1.0,,,,1.0,,,1.0,0.0,0.0,0.0,1.0,1.0,0.0,1.0,0.0,0.0,,0.0,0.0,0.0,1.0,1.0,1.0,0.0,0.0,0.0,0.0,0.0,0.0,0.0,1.0,0.0,0.0,0.0,1.0,1.0,0.0,0.0,0.0,,1.0,,1.0,0.0,,,,1.0,,,,0.0,0.0,,0.0,1.0,1.0,0.0,,,0.0,1.0,0.0,0.0,1.0,1.0,,0.0,1.0,,,0.0,,,,1.0,0.0,,,0.0,,1.0,,,,,,,,,1.0,,,,1.0,0.0,0.0,0.0,0.0,1.0,0.0,1.0,,,0.0,0.0,,0.0,,0.0,,1.0,,,,,,,,,,,,,,,,0.0,0.0,,0.0,,0.0,0.0,0.0,0.0,0.0,1.0,0.0,,0.0,,,,,,,,,,,1.0,0.0,,,0.0,,,,1.0,,0.0,0.0,1.0,0.0,1.0,1.0,0.0,0.0,,0.0,,,1.0,,,0.0,,,,,1.0,,,,1.0,1.0,,,,,,1.0,1.0,,,,,,,,,,,1.0,1.0,,,,,,,,,,,,,,,,,,,,,,,,,,,,,,,,,,,,,,,,,,,,,,,,,,,,,,,,,,,,,,,,,,,,,,,,,,,,,,,,,,,,,,,,,,,,,,,,,,,,,,,,,,,,,,,,,,,,,,,,,,,,,,,,,,,,,,,,,
Clóvis Fecury,,0.0,,1.0,0.0,1.0,1.0,1.0,1.0,,0.0,,,0.0,,,,,,,,,1.0,1.0,1.0,0.0,,,,,,,1.0,1.0,,,,,1.0,,,,,,0.0,1.0,,1.0,,,,,,,,,1.0,,,0.0,,0.0,,,0.0,,,,,0.0,1.0,,,,,,,,,,,,,,,,,,,,,1.0,,,0.0,,,,,1.0,,0.0,0.0,1.0,,0.0,,,,0.0,,,0.0,,,0.0,,,1.0,,0.0,0.0,1.0,1.0,,1.0,,1.0,,,,1.0,1.0,0.0,,,,,0.0,,0.0,,,,,,,,,,,0.0,,0.0,0.0,0.0,,0.0,,,,0.0,,1.0,,0.0,,,,,,,,,,,,,1.0,,,,,,,,,,,,,,,,,,,,,,,,,,,,,,,,,,,,,,,,,,,,1.0,1.0,,,,,,,,,,0.0,,,,,,,,1.0,,0.0,,,,,,,,,,,,,,,0.0,,0.0,,,,,,,,,,,0.0,,0.0,0.0,1.0,0.0,,,1.0,1.0,,0.0,,,,,0.0,,0.0,0.0,,1.0,0.0,,,0.0,0.0,1.0,0.0,,,,,,,1.0,,1.0,,,,,,1.0,0.0,0.0,0.0,1.0,0.0,0.0,1.0,,,,1.0,,,,,0.0,,,,,,,,0.0,,,,,,,,,,,,,,,,,,,,0.0,0.0,0.0,1.0,1.0,,,,,1.0,0.0,1.0,,,,,,,,,,,,,,,,,,,,,,,,,,,,,,
Colbert Martins,,1.0,0.0,1.0,,,1.0,1.0,1.0,0.0,0.0,0.0,1.0,,1.0,,,,,,,1.0,1.0,1.0,1.0,1.0,0.0,1.0,0.0,0.0,1.0,1.0,0.0,1.0,0.0,1.0,,1.0,1.0,0.0,0.0,1.0,0.0,0.0,1.0,,1.0,1.0,0.0,0.0,1.0,1.0,1.0,1.0,1.0,,0.0,0.0,0.0,1.0,1.0,1.0,1.0,0.0,1.0,1.0,1.0,0.0,0.0,,,,0.0,0.0,0.0,0.0,1.0,,,,,,0.0,,0.0,0.0,0.0,0.0,0.0,0.0,,,1.0,,1.0,1.0,1.0,1.0,1.0,0.0,1.0,0.0,,,0.0,0.0,1.0,0.0,,1.0,0.0,,0.0,1.0,1.0,1.0,1.0,0.0,1.0,0.0,1.0,1.0,,,0.0,,0.0,1.0,0.0,1.0,0.0,1.0,,0.0,1.0,0.0,0.0,0.0,,1.0,,1.0,0.0,0.0,0.0,0.0,0.0,0.0,1.0,0.0,0.0,,0.0,1.0,1.0,1.0,,1.0,1.0,1.0,1.0,1.0,1.0,,0.0,1.0,1.0,1.0,1.0,0.0,,,,,,,,0.0,1.0,,1.0,,0.0,0.0,,,,,0.0,1.0,0.0,0.0,1.0,1.0,0.0,1.0,1.0,1.0,0.0,1.0,0.0,0.0,1.0,1.0,,0.0,,,0.0,,,0.0,1.0,0.0,1.0,0.0,0.0,0.0,,0.0,1.0,0.0,,,0.0,0.0,,,,0.0,0.0,0.0,0.0,1.0,0.0,0.0,,1.0,1.0,1.0,0.0,,1.0,1.0,0.0,1.0,0.0,0.0,0.0,,1.0,1.0,0.0,0.0,,0.0,,,,0.0,1.0,,,1.0,1.0,0.0,0.0,0.0,0.0,1.0,0.0,1.0,0.0,,1.0,0.0,1.0,0.0,1.0,,1.0,0.0,1.0,0.0,0.0,1.0,0.0,1.0,,,,1.0,1.0,1.0,1.0,1.0,1.0,1.0,1.0,,,0.0,1.0,1.0,0.0,0.0,1.0,1.0,0.0,,0.0,,1.0,0.0,,,,,,,,1.0,1.0,1.0,,1.0,,0.0,0.0,1.0,,,1.0,0.0,,1.0,0.0,1.0,1.0,0.0,0.0,,0.0,0.0,0.0,0.0,,0.0,0.0,0.0,0.0,1.0,0.0,0.0,0.0,,0.0,0.0,,,,,1.0,1.0,,,,1.0,,0.0,0.0,1.0,1.0,1.0,,,,1.0,,,,1.0,0.0,1.0,0.0,,0.0,0.0,0.0,1.0,1.0,1.0,1.0,1.0,,,1.0,1.0,,1.0
Costa Ferreira,,,,,,,,1.0,,,,,,,,,,,,,,,,,,,,,,,,,,,,,,,,,,,,,,,,,,,,,,,,,,,,,,,,,,,,,,,,,,,,,,,,,,,,,,,,,,,,,,,,,,,,,,,,,,,,,,,,,,,,,,,,,,,,,,,,,,,,,,,,,,,,,,,,,,,,,,,,,,,,,,,1.0,,,,,,,,,,1.0,,,,,,,,,,,,1.0,0.0,0.0,,1.0,,0.0,1.0,0.0,1.0,0.0,1.0,1.0,,0.0,1.0,,1.0,0.0,1.0,0.0,0.0,1.0,1.0,0.0,0.0,0.0,0.0,0.0,1.0,1.0,0.0,1.0,0.0,,0.0,0.0,,,,1.0,0.0,,,,,,,,,,,,,,,,,,,,,,,,,,,,,,,,,,,,,,,,,,,,,,,,,,,,,,,,,,,0.0,,,,,,,,,,,,,,,,,,,,,,,,,,,,,,,,,,,,,,,,,,,,,,,,,,,,,,,,,,,,,,,,,,,,,,,,,,,,,,,,,,,,,,,,,,,,,,,,,,,,,,,,,,,,,,,,,,,,,,,
Cristiano Matheus,,1.0,,,,,1.0,,,,,,,,,,,,,,,,,,,1.0,0.0,1.0,0.0,0.0,1.0,,,,,,,,1.0,0.0,0.0,1.0,0.0,0.0,1.0,0.0,,1.0,0.0,0.0,1.0,1.0,1.0,1.0,1.0,1.0,1.0,,,0.0,1.0,,1.0,0.0,1.0,,0.0,0.0,,,1.0,1.0,,0.0,0.0,0.0,1.0,0.0,0.0,0.0,0.0,0.0,0.0,0.0,0.0,0.0,0.0,0.0,0.0,0.0,0.0,1.0,1.0,,1.0,0.0,,1.0,1.0,0.0,1.0,,1.0,1.0,0.0,,,,1.0,1.0,0.0,1.0,0.0,,1.0,0.0,,0.0,1.0,,0.0,1.0,0.0,,0.0,1.0,,0.0,0.0,1.0,0.0,1.0,1.0,0.0,1.0,0.0,0.0,0.0,1.0,,,1.0,0.0,,0.0,,0.0,0.0,1.0,1.0,0.0,0.0,0.0,1.0,1.0,1.0,,1.0,1.0,,1.0,1.0,1.0,0.0,0.0,1.0,,1.0,,0.0,1.0,,,,,,,,,0.0,1.0,0.0,,0.0,1.0,,0.0,1.0,0.0,,,1.0,1.0,0.0,0.0,1.0,,1.0,0.0,,0.0,0.0,1.0,1.0,0.0,0.0,0.0,0.0,0.0,1.0,1.0,0.0,1.0,0.0,1.0,0.0,0.0,0.0,0.0,0.0,1.0,0.0,1.0,,0.0,0.0,,,0.0,0.0,0.0,,0.0,,0.0,0.0,,,,,,,1.0,1.0,0.0,1.0,0.0,0.0,,,,,,,,,,,,,,,,,,,,,,,,,,,,,,,,,,,,,,,,,,,,,,,,,,,,,,,,,,,,,,,,,,,,,,,,,,,,,,,,,,,,,,,,,,,,,,,,,,,,,,,,,,,,,,,,,,,,,,,,,,,,,,,,,,,,,,,,,,,,,,,,,,,,,,,,
Custódio Mattos,,,,,,,1.0,,,,,,,,,,,,,,,,,,,,,,,,,,,,,,,,,,,,,,0.0,1.0,,,,,,,,,,,,,,,,,,,,,,,,,,,,,,,,,,,,,,,,,,,,,,,,,,,,1.0,,,,,,,,,,,,,,,,,,,,,,,,,,,,,,,,,,,,1.0,,,,,,,,,,,,,,,,,,,,,,,,,,,,,,,,,,,,,,,,,,,,,,,,,,,,,,,,,,,,,,,,,,,,,,,,,,,,,,,,,,,,,,,,,,,,,,,,,,,,,,,,,,,,,1.0,0.0,,,,,,,,,,,,,,,,,,,,,,,,,,,,,,,,,,,,,,,,,,,,,,,,,,,,,,,,,,,,,,,,,,,,,,,,,,,,,,,,,,,,,,,,,,,,,,,,,,,,,,,,,,,,,,,,,,,,,,,,,,,,,,,,,,,,,,,,,,,,,,,,,,,,,,,,,,,,
Cândido Vaccarezza,1.0,1.0,,1.0,,1.0,,,1.0,,0.0,0.0,1.0,,1.0,1.0,1.0,1.0,1.0,,,,,,1.0,1.0,0.0,,0.0,0.0,1.0,1.0,0.0,1.0,0.0,1.0,1.0,1.0,0.0,,,,0.0,0.0,1.0,0.0,1.0,1.0,0.0,0.0,1.0,1.0,1.0,1.0,1.0,,0.0,0.0,0.0,1.0,,1.0,1.0,0.0,1.0,1.0,1.0,0.0,0.0,1.0,0.0,1.0,0.0,0.0,0.0,,1.0,0.0,0.0,0.0,0.0,0.0,0.0,0.0,0.0,0.0,0.0,,0.0,0.0,,0.0,1.0,0.0,,1.0,1.0,1.0,1.0,0.0,,0.0,0.0,0.0,0.0,,1.0,,1.0,1.0,,1.0,0.0,,1.0,,,0.0,1.0,0.0,1.0,1.0,0.0,1.0,0.0,1.0,0.0,1.0,,1.0,,0.0,,,,0.0,,0.0,0.0,1.0,1.0,1.0,0.0,0.0,0.0,0.0,0.0,0.0,1.0,,,1.0,0.0,,1.0,1.0,,,1.0,1.0,,1.0,1.0,0.0,0.0,,1.0,1.0,1.0,0.0,1.0,0.0,1.0,0.0,1.0,0.0,0.0,0.0,0.0,,1.0,0.0,0.0,,1.0,,0.0,1.0,0.0,1.0,0.0,0.0,1.0,0.0,0.0,1.0,,1.0,0.0,1.0,0.0,0.0,1.0,,0.0,,,0.0,0.0,1.0,,0.0,1.0,0.0,,0.0,0.0,,,,,,0.0,,0.0,0.0,,0.0,0.0,0.0,0.0,,,1.0,0.0,0.0,1.0,1.0,1.0,,0.0,0.0,1.0,,0.0,1.0,0.0,0.0,0.0,,,,0.0,0.0,0.0,0.0,0.0,0.0,1.0,0.0,1.0,1.0,1.0,1.0,,0.0,0.0,0.0,0.0,1.0,0.0,1.0,0.0,1.0,,0.0,1.0,0.0,,,0.0,0.0,1.0,0.0,0.0,0.0,0.0,1.0,1.0,1.0,1.0,1.0,0.0,1.0,0.0,,1.0,1.0,1.0,,0.0,0.0,1.0,1.0,0.0,0.0,1.0,1.0,,,0.0,0.0,1.0,0.0,1.0,0.0,,1.0,0.0,0.0,,1.0,,1.0,1.0,1.0,,0.0,,,,,1.0,0.0,1.0,,,1.0,1.0,0.0,0.0,1.0,0.0,0.0,0.0,0.0,0.0,0.0,,0.0,0.0,1.0,,0.0,0.0,,0.0,0.0,1.0,1.0,,1.0,,1.0,0.0,0.0,,0.0,1.0,0.0,0.0,,1.0,1.0,1.0,0.0,1.0,1.0,,,1.0,1.0,0.0,1.0,0.0,0.0,0.0,0.0,0.0,1.0,1.0,1.0,1.0,,0.0,,,,,
Dagoberto,,1.0,0.0,1.0,1.0,,1.0,1.0,1.0,1.0,,0.0,1.0,,,0.0,1.0,1.0,,1.0,1.0,1.0,1.0,0.0,1.0,1.0,0.0,1.0,0.0,0.0,1.0,1.0,,1.0,0.0,,,1.0,,0.0,0.0,1.0,0.0,0.0,1.0,0.0,1.0,1.0,0.0,0.0,1.0,1.0,1.0,1.0,1.0,1.0,0.0,,,1.0,1.0,1.0,1.0,0.0,1.0,1.0,1.0,0.0,0.0,1.0,1.0,1.0,,,0.0,0.0,1.0,0.0,,0.0,0.0,0.0,0.0,0.0,0.0,0.0,,0.0,0.0,0.0,0.0,1.0,1.0,0.0,1.0,1.0,,1.0,1.0,0.0,,0.0,,1.0,,0.0,1.0,0.0,1.0,1.0,0.0,1.0,1.0,1.0,1.0,1.0,1.0,1.0,1.0,0.0,,1.0,0.0,1.0,,1.0,0.0,0.0,1.0,,,0.0,1.0,0.0,1.0,,0.0,,0.0,1.0,1.0,1.0,0.0,0.0,0.0,0.0,,,,1.0,0.0,1.0,0.0,,,1.0,0.0,,1.0,1.0,1.0,1.0,1.0,0.0,0.0,1.0,,1.0,1.0,0.0,1.0,0.0,1.0,,1.0,0.0,0.0,0.0,1.0,0.0,1.0,,,0.0,1.0,1.0,0.0,1.0,0.0,,,1.0,1.0,0.0,0.0,1.0,1.0,1.0,0.0,,0.0,0.0,1.0,1.0,0.0,0.0,,,,1.0,1.0,0.0,1.0,0.0,1.0,0.0,0.0,0.0,,0.0,1.0,0.0,1.0,1.0,0.0,0.0,1.0,0.0,0.0,0.0,0.0,,0.0,1.0,,0.0,1.0,1.0,,,,,1.0,1.0,0.0,1.0,0.0,0.0,,,,,0.0,0.0,,0.0,0.0,0.0,1.0,0.0,1.0,1.0,1.0,,1.0,0.0,0.0,0.0,,1.0,0.0,1.0,0.0,1.0,1.0,0.0,1.0,0.0,,,0.0,0.0,1.0,0.0,0.0,0.0,0.0,0.0,,0.0,0.0,1.0,,,0.0,1.0,1.0,1.0,1.0,1.0,0.0,0.0,1.0,1.0,0.0,,1.0,,1.0,,0.0,0.0,1.0,,0.0,1.0,0.0,0.0,0.0,0.0,0.0,1.0,1.0,1.0,1.0,1.0,,,,,,,1.0,,1.0,1.0,0.0,1.0,1.0,0.0,,,0.0,0.0,0.0,0.0,0.0,0.0,0.0,1.0,0.0,1.0,0.0,,0.0,1.0,0.0,0.0,1.0,,1.0,1.0,1.0,1.0,,,,1.0,,0.0,0.0,1.0,1.0,,1.0,0.0,1.0,1.0,1.0,,1.0,,0.0,1.0,0.0,0.0,,0.0,0.0,1.0,1.0,1.0,1.0,0.0,,,1.0,1.0,1.0,1.0
Dalva Figueiredo,1.0,1.0,0.0,,0.0,1.0,,,1.0,0.0,0.0,0.0,1.0,0.0,1.0,1.0,1.0,1.0,,,,,,1.0,1.0,1.0,0.0,1.0,0.0,0.0,1.0,1.0,,,,,1.0,,0.0,0.0,,1.0,0.0,,1.0,0.0,1.0,1.0,0.0,0.0,1.0,1.0,1.0,1.0,1.0,,0.0,,,,,0.0,,0.0,1.0,,1.0,,0.0,,,1.0,,0.0,0.0,0.0,,0.0,0.0,0.0,,,0.0,,,,,0.0,,0.0,,0.0,1.0,0.0,,1.0,1.0,1.0,,0.0,1.0,0.0,0.0,0.0,0.0,0.0,1.0,0.0,1.0,1.0,,1.0,0.0,,1.0,1.0,1.0,0.0,1.0,0.0,1.0,1.0,0.0,1.0,,,,1.0,0.0,,0.0,1.0,1.0,,1.0,,0.0,0.0,0.0,1.0,,1.0,0.0,,0.0,,0.0,0.0,1.0,1.0,0.0,,0.0,1.0,1.0,1.0,0.0,,1.0,,,,1.0,,0.0,,,1.0,1.0,0.0,,,,,1.0,0.0,0.0,0.0,1.0,,1.0,0.0,0.0,0.0,1.0,,0.0,1.0,0.0,1.0,,1.0,1.0,,,,,,0.0,,,,,,,,0.0,,0.0,1.0,1.0,0.0,1.0,,,0.0,0.0,,0.0,,1.0,0.0,0.0,1.0,,0.0,1.0,,,0.0,0.0,0.0,0.0,1.0,0.0,0.0,,1.0,1.0,1.0,,0.0,,,0.0,,,,0.0,0.0,0.0,1.0,,0.0,,0.0,,,,,1.0,,,1.0,1.0,0.0,,0.0,0.0,1.0,0.0,,0.0,1.0,1.0,0.0,1.0,0.0,,1.0,0.0,,,,0.0,0.0,,,,1.0,1.0,1.0,0.0,1.0,0.0,,,,,1.0,0.0,,1.0,1.0,,1.0,1.0,,,1.0,0.0,0.0,1.0,,,,,,,,,1.0,,,,1.0,0.0,0.0,0.0,1.0,1.0,0.0,,,1.0,1.0,,,,,,,0.0,0.0,,,0.0,,0.0,,,,,,,,,,1.0,1.0,1.0,,1.0,1.0,0.0,0.0,1.0,0.0,,0.0,1.0,1.0,1.0,1.0,1.0,0.0,1.0,,1.0,1.0,1.0,1.0,0.0,1.0,0.0,0.0,0.0,,0.0,1.0,1.0,1.0,1.0,,,,1.0,1.0,0.0,
Damião Feliciano,1.0,1.0,0.0,,,1.0,1.0,1.0,1.0,1.0,,,1.0,,,,,,1.0,1.0,1.0,1.0,1.0,1.0,1.0,1.0,0.0,1.0,0.0,,,1.0,0.0,1.0,0.0,1.0,1.0,1.0,1.0,0.0,,1.0,0.0,0.0,1.0,0.0,1.0,1.0,0.0,0.0,1.0,1.0,1.0,1.0,1.0,,0.0,0.0,0.0,1.0,,,1.0,0.0,1.0,1.0,1.0,0.0,0.0,1.0,0.0,1.0,0.0,0.0,0.0,0.0,,0.0,0.0,0.0,0.0,0.0,,0.0,0.0,0.0,0.0,0.0,0.0,,0.0,0.0,1.0,0.0,1.0,1.0,,1.0,,0.0,1.0,,,,0.0,0.0,,,1.0,1.0,0.0,1.0,1.0,1.0,1.0,,1.0,0.0,1.0,0.0,1.0,1.0,0.0,1.0,,,0.0,0.0,1.0,,0.0,0.0,,0.0,1.0,0.0,0.0,,1.0,,,1.0,,0.0,0.0,0.0,0.0,0.0,1.0,1.0,0.0,1.0,0.0,,1.0,1.0,0.0,1.0,,1.0,1.0,1.0,1.0,0.0,0.0,1.0,1.0,1.0,1.0,0.0,1.0,,,,,,,,1.0,0.0,,0.0,0.0,0.0,1.0,1.0,0.0,,0.0,1.0,,1.0,1.0,1.0,0.0,1.0,,,0.0,1.0,0.0,0.0,1.0,1.0,0.0,0.0,0.0,0.0,0.0,1.0,1.0,0.0,,0.0,1.0,0.0,0.0,,0.0,0.0,,0.0,,,,,1.0,,,,,0.0,,1.0,0.0,0.0,1.0,1.0,1.0,,0.0,1.0,,,0.0,1.0,0.0,0.0,0.0,0.0,0.0,1.0,,0.0,0.0,,0.0,0.0,,0.0,1.0,1.0,1.0,1.0,1.0,0.0,0.0,0.0,0.0,1.0,0.0,1.0,,1.0,1.0,0.0,1.0,0.0,1.0,,0.0,0.0,1.0,0.0,0.0,0.0,0.0,1.0,,,,1.0,1.0,1.0,0.0,,1.0,,1.0,1.0,,,,,0.0,,1.0,1.0,,1.0,0.0,0.0,1.0,,0.0,,0.0,0.0,0.0,0.0,0.0,1.0,,1.0,,,,,,,,,1.0,,,,,,,,,,0.0,0.0,,,,,,1.0,,,,,,,,,,,,1.0,1.0,1.0,0.0,0.0,1.0,,0.0,,1.0,1.0,1.0,1.0,1.0,,1.0,,1.0,1.0,,1.0,,,0.0,0.0,,0.0,,1.0,1.0,1.0,1.0,,,,1.0,1.0,1.0,
Daniel Almeida,,1.0,,0.0,1.0,1.0,1.0,1.0,,1.0,1.0,,1.0,0.0,1.0,0.0,1.0,1.0,1.0,,,,,,,1.0,0.0,,0.0,0.0,1.0,1.0,0.0,1.0,0.0,,1.0,1.0,,0.0,0.0,,0.0,0.0,1.0,0.0,1.0,1.0,0.0,0.0,1.0,1.0,1.0,1.0,1.0,1.0,0.0,,,1.0,1.0,,1.0,0.0,,1.0,1.0,0.0,0.0,1.0,1.0,1.0,,0.0,,0.0,,0.0,0.0,1.0,0.0,0.0,0.0,0.0,0.0,,0.0,0.0,0.0,0.0,0.0,0.0,,,,1.0,,1.0,,0.0,1.0,1.0,1.0,1.0,0.0,,1.0,0.0,1.0,1.0,0.0,1.0,0.0,,1.0,1.0,1.0,0.0,1.0,,1.0,1.0,0.0,1.0,,,0.0,1.0,0.0,1.0,0.0,1.0,1.0,0.0,1.0,,0.0,0.0,1.0,1.0,1.0,1.0,0.0,0.0,0.0,0.0,0.0,0.0,,1.0,0.0,1.0,0.0,1.0,1.0,1.0,0.0,1.0,1.0,1.0,1.0,1.0,1.0,0.0,,1.0,1.0,1.0,1.0,0.0,,,,,1.0,0.0,0.0,0.0,1.0,0.0,1.0,0.0,,0.0,,1.0,,1.0,0.0,1.0,,1.0,1.0,0.0,0.0,,,1.0,0.0,1.0,0.0,0.0,1.0,,0.0,0.0,,,0.0,1.0,1.0,0.0,1.0,0.0,1.0,0.0,0.0,0.0,0.0,,,0.0,0.0,1.0,0.0,0.0,1.0,0.0,0.0,0.0,0.0,0.0,,1.0,0.0,,1.0,1.0,1.0,,0.0,0.0,,1.0,,,0.0,0.0,1.0,0.0,0.0,1.0,0.0,0.0,0.0,0.0,0.0,1.0,1.0,0.0,1.0,1.0,1.0,1.0,1.0,0.0,,,0.0,1.0,0.0,1.0,,1.0,1.0,0.0,1.0,0.0,1.0,1.0,0.0,0.0,,1.0,1.0,,0.0,1.0,,0.0,0.0,1.0,1.0,0.0,,0.0,1.0,1.0,1.0,1.0,,,,1.0,0.0,0.0,,1.0,,,,0.0,1.0,,1.0,1.0,1.0,0.0,1.0,0.0,1.0,1.0,1.0,1.0,1.0,1.0,,0.0,0.0,1.0,1.0,,,,,,,1.0,1.0,0.0,0.0,1.0,,,0.0,0.0,,0.0,0.0,0.0,,1.0,0.0,0.0,0.0,,0.0,0.0,1.0,1.0,1.0,1.0,1.0,1.0,,0.0,1.0,1.0,1.0,0.0,1.0,1.0,1.0,1.0,1.0,0.0,1.0,,,,1.0,,0.0,1.0,0.0,0.0,,,0.0,1.0,1.0,1.0,1.0,1.0,1.0,1.0,1.0,1.0,,1.0
Darcísio Perondi,1.0,0.0,,1.0,,,,1.0,1.0,1.0,,,1.0,,1.0,,,,1.0,1.0,1.0,1.0,1.0,1.0,1.0,1.0,,1.0,,0.0,1.0,,0.0,,,1.0,1.0,1.0,1.0,0.0,,1.0,0.0,0.0,1.0,0.0,1.0,,0.0,0.0,1.0,1.0,1.0,1.0,1.0,1.0,0.0,0.0,0.0,,1.0,1.0,1.0,0.0,1.0,,1.0,0.0,,1.0,1.0,1.0,,,,0.0,1.0,,0.0,1.0,0.0,,0.0,0.0,0.0,0.0,0.0,,,0.0,0.0,,1.0,0.0,,1.0,,1.0,,0.0,1.0,0.0,1.0,1.0,0.0,0.0,1.0,0.0,1.0,,,1.0,0.0,1.0,1.0,,1.0,0.0,1.0,0.0,1.0,1.0,,,0.0,,0.0,1.0,,,,,1.0,0.0,1.0,,0.0,0.0,1.0,,0.0,1.0,0.0,,0.0,,,0.0,1.0,,0.0,,1.0,1.0,,1.0,0.0,1.0,,1.0,,1.0,1.0,0.0,0.0,1.0,1.0,1.0,1.0,,1.0,0.0,,0.0,1.0,0.0,0.0,,1.0,0.0,,0.0,0.0,0.0,,,0.0,1.0,0.0,1.0,0.0,1.0,1.0,0.0,0.0,1.0,1.0,1.0,0.0,,,0.0,1.0,1.0,0.0,0.0,0.0,0.0,0.0,1.0,1.0,0.0,1.0,0.0,1.0,0.0,0.0,0.0,0.0,0.0,1.0,0.0,1.0,1.0,,0.0,1.0,,0.0,0.0,0.0,0.0,,1.0,0.0,0.0,1.0,,,1.0,0.0,,,,0.0,1.0,,0.0,0.0,1.0,1.0,1.0,,0.0,0.0,0.0,0.0,0.0,,0.0,,1.0,,1.0,,0.0,0.0,0.0,0.0,,,1.0,0.0,,1.0,0.0,1.0,0.0,1.0,,1.0,,1.0,0.0,,0.0,,,,1.0,,1.0,1.0,1.0,0.0,1.0,,,,,,0.0,1.0,,,,,,1.0,,0.0,0.0,1.0,0.0,0.0,0.0,0.0,0.0,1.0,0.0,0.0,,,1.0,1.0,1.0,,,,,1.0,0.0,,0.0,1.0,,0.0,,1.0,0.0,,1.0,0.0,0.0,0.0,,,0.0,0.0,,0.0,1.0,,0.0,0.0,,,0.0,1.0,,1.0,1.0,,,0.0,,1.0,1.0,1.0,1.0,,,1.0,1.0,,,,1.0,1.0,1.0,1.0,1.0,1.0,,1.0,0.0,0.0,,0.0,,1.0,,,1.0,,1.0,1.0,1.0,,1.0
Davi Alcolumbre,1.0,0.0,1.0,,,,1.0,,,,,,,0.0,1.0,1.0,1.0,1.0,,,1.0,1.0,1.0,1.0,1.0,0.0,,,,,,,,,,1.0,,,1.0,,,,,,0.0,1.0,,1.0,,,,,,,,,,,,0.0,,,,,,0.0,0.0,,,,1.0,,,,,,,,,,,,,,,,,,,,,1.0,,,0.0,0.0,,1.0,1.0,1.0,,,,,,,,,,,,1.0,1.0,,,,,,1.0,,0.0,0.0,1.0,,0.0,,,1.0,0.0,,,,1.0,,,,,,,,0.0,,,,,,,,,1.0,1.0,0.0,,0.0,,0.0,,0.0,1.0,,0.0,,,,,,1.0,,1.0,,,,,,,,,,,,,,,,,0.0,,,,0.0,,0.0,0.0,1.0,0.0,,,0.0,,,,,,,,,,1.0,1.0,,,,0.0,,,,,,,,,,1.0,1.0,,,,,,,,,,,,,,,,,,,,,,,,,,,,,,,,,,,,,,1.0,1.0,,,,,,,,,,,,,,,,,,,,,,,,,,,,,,,,,,,,,,,,,,,,,,,,,,,,,,,,,,,,,,,,,,,,,,,,,,1.0,0.0,0.0,,,,,,,,,,,,,,,,,,,,,,,,,,,,,1.0,0.0,1.0,,1.0,,,,,,,1.0,1.0,,,,,,,,,,,,,0.0,,,,,,1.0,
Davi Alves Silva Júnior,1.0,1.0,0.0,1.0,1.0,1.0,,,1.0,0.0,0.0,,1.0,,1.0,1.0,0.0,1.0,1.0,1.0,,,1.0,1.0,1.0,1.0,,,,,,1.0,,1.0,0.0,,,1.0,0.0,0.0,0.0,1.0,0.0,0.0,1.0,0.0,1.0,1.0,0.0,0.0,1.0,1.0,1.0,1.0,1.0,1.0,0.0,,0.0,1.0,1.0,1.0,,0.0,1.0,1.0,1.0,0.0,0.0,1.0,1.0,1.0,0.0,0.0,0.0,0.0,,0.0,0.0,0.0,0.0,0.0,0.0,,0.0,0.0,0.0,0.0,0.0,0.0,0.0,0.0,1.0,0.0,1.0,1.0,1.0,1.0,1.0,0.0,1.0,,1.0,1.0,0.0,0.0,1.0,0.0,1.0,1.0,0.0,1.0,0.0,,1.0,0.0,1.0,0.0,1.0,0.0,1.0,0.0,0.0,1.0,,1.0,0.0,0.0,0.0,,,0.0,1.0,0.0,1.0,0.0,0.0,0.0,1.0,1.0,1.0,1.0,0.0,0.0,0.0,0.0,,0.0,1.0,,0.0,1.0,0.0,1.0,1.0,1.0,,1.0,1.0,1.0,1.0,1.0,1.0,0.0,0.0,,1.0,,1.0,0.0,1.0,0.0,1.0,0.0,1.0,,,,1.0,0.0,1.0,0.0,0.0,0.0,1.0,1.0,0.0,1.0,0.0,1.0,0.0,0.0,0.0,1.0,0.0,1.0,1.0,1.0,0.0,1.0,0.0,0.0,1.0,,0.0,,0.0,0.0,0.0,1.0,1.0,0.0,1.0,0.0,1.0,,0.0,,0.0,0.0,1.0,0.0,1.0,1.0,0.0,0.0,,0.0,,0.0,0.0,0.0,,,0.0,0.0,1.0,1.0,1.0,1.0,0.0,0.0,,,0.0,1.0,0.0,0.0,0.0,0.0,0.0,1.0,0.0,0.0,0.0,0.0,0.0,1.0,1.0,,,1.0,1.0,1.0,1.0,0.0,0.0,0.0,0.0,1.0,0.0,1.0,,1.0,1.0,0.0,1.0,0.0,1.0,1.0,,0.0,1.0,0.0,0.0,0.0,0.0,0.0,1.0,1.0,1.0,1.0,1.0,,0.0,0.0,,1.0,1.0,,0.0,0.0,1.0,1.0,,,1.0,1.0,0.0,1.0,0.0,0.0,1.0,0.0,0.0,0.0,0.0,0.0,1.0,0.0,0.0,1.0,1.0,1.0,,1.0,0.0,0.0,0.0,1.0,1.0,0.0,,1.0,1.0,1.0,,1.0,,,,0.0,0.0,0.0,,0.0,,,,,0.0,1.0,,0.0,,,,0.0,1.0,1.0,1.0,,1.0,1.0,0.0,0.0,1.0,0.0,1.0,,1.0,,,,1.0,0.0,1.0,,,,,1.0,0.0,1.0,0.0,,0.0,,,1.0,1.0,1.0,1.0,1.0,0.0,1.0,,,1.0,1.0
Deley,1.0,1.0,0.0,,1.0,1.0,1.0,1.0,1.0,1.0,0.0,0.0,1.0,0.0,1.0,0.0,1.0,1.0,1.0,1.0,1.0,1.0,1.0,1.0,1.0,,0.0,,,0.0,1.0,1.0,1.0,1.0,0.0,,1.0,1.0,0.0,,0.0,1.0,,0.0,1.0,,1.0,1.0,0.0,,1.0,1.0,1.0,1.0,1.0,,0.0,,,1.0,1.0,,1.0,0.0,1.0,1.0,1.0,0.0,,1.0,1.0,,,,,0.0,1.0,,,,,0.0,0.0,0.0,0.0,0.0,0.0,,0.0,0.0,,0.0,1.0,0.0,1.0,1.0,1.0,,0.0,0.0,1.0,,,,0.0,0.0,1.0,,1.0,,0.0,1.0,0.0,1.0,1.0,0.0,,,,,1.0,1.0,,1.0,0.0,1.0,,,1.0,1.0,1.0,0.0,1.0,0.0,1.0,0.0,0.0,,,,1.0,1.0,0.0,,,0.0,0.0,0.0,1.0,1.0,1.0,,0.0,,1.0,1.0,,1.0,1.0,,1.0,1.0,,1.0,0.0,1.0,,1.0,1.0,0.0,1.0,,,0.0,,1.0,0.0,1.0,0.0,,,,0.0,0.0,1.0,1.0,0.0,,,1.0,0.0,,1.0,0.0,0.0,1.0,1.0,1.0,0.0,1.0,0.0,0.0,,1.0,,,0.0,,,1.0,1.0,,,,,,0.0,0.0,0.0,,1.0,0.0,1.0,,,,,0.0,0.0,0.0,,,,1.0,,0.0,1.0,1.0,,,0.0,1.0,,,0.0,,,0.0,0.0,1.0,,1.0,0.0,0.0,0.0,,,,,0.0,,,,1.0,1.0,0.0,,0.0,1.0,1.0,1.0,0.0,0.0,1.0,1.0,0.0,1.0,0.0,1.0,1.0,,0.0,,0.0,0.0,1.0,0.0,0.0,1.0,,,1.0,1.0,0.0,1.0,0.0,1.0,1.0,1.0,1.0,0.0,0.0,1.0,1.0,0.0,,,1.0,1.0,1.0,0.0,,,0.0,0.0,0.0,0.0,0.0,1.0,0.0,1.0,,1.0,1.0,1.0,1.0,0.0,,0.0,1.0,1.0,0.0,,1.0,1.0,,,1.0,1.0,,0.0,,,0.0,,,,,,,,1.0,0.0,,,1.0,0.0,0.0,1.0,1.0,1.0,1.0,1.0,1.0,,0.0,0.0,1.0,0.0,1.0,,1.0,1.0,1.0,1.0,0.0,1.0,,,,,,0.0,1.0,0.0,,0.0,0.0,0.0,1.0,1.0,1.0,1.0,,,,,1.0,1.0,
Devanir Ribeiro,1.0,,0.0,1.0,1.0,1.0,1.0,1.0,,0.0,0.0,0.0,1.0,0.0,1.0,1.0,1.0,1.0,1.0,1.0,1.0,1.0,1.0,1.0,1.0,1.0,0.0,1.0,0.0,0.0,1.0,1.0,0.0,1.0,0.0,1.0,1.0,1.0,0.0,,0.0,1.0,0.0,0.0,1.0,0.0,1.0,1.0,0.0,0.0,1.0,1.0,1.0,1.0,1.0,1.0,,0.0,,1.0,1.0,0.0,1.0,0.0,1.0,1.0,1.0,,0.0,1.0,0.0,,0.0,0.0,0.0,,1.0,0.0,0.0,0.0,0.0,0.0,0.0,0.0,0.0,,,,,0.0,0.0,0.0,1.0,0.0,1.0,1.0,1.0,,1.0,0.0,1.0,,,,0.0,0.0,1.0,0.0,1.0,1.0,,1.0,0.0,1.0,1.0,1.0,1.0,0.0,1.0,0.0,1.0,1.0,0.0,,,1.0,0.0,1.0,,,0.0,1.0,1.0,,,,,,0.0,1.0,1.0,1.0,0.0,0.0,0.0,0.0,0.0,0.0,1.0,1.0,0.0,1.0,0.0,,1.0,1.0,0.0,,1.0,,1.0,1.0,0.0,0.0,0.0,1.0,1.0,1.0,1.0,0.0,1.0,0.0,1.0,0.0,1.0,0.0,0.0,,0.0,0.0,1.0,0.0,0.0,0.0,1.0,1.0,0.0,1.0,0.0,1.0,0.0,0.0,1.0,0.0,0.0,1.0,1.0,1.0,0.0,1.0,0.0,,1.0,1.0,0.0,0.0,0.0,0.0,0.0,1.0,1.0,0.0,1.0,0.0,1.0,,0.0,0.0,0.0,0.0,1.0,,0.0,1.0,0.0,0.0,1.0,,0.0,0.0,0.0,0.0,0.0,1.0,,0.0,1.0,1.0,1.0,1.0,0.0,0.0,,1.0,0.0,1.0,0.0,0.0,0.0,0.0,0.0,1.0,0.0,0.0,0.0,0.0,0.0,,,0.0,1.0,1.0,1.0,,,0.0,0.0,0.0,0.0,1.0,0.0,1.0,0.0,1.0,1.0,0.0,1.0,0.0,1.0,1.0,0.0,0.0,1.0,0.0,0.0,0.0,0.0,1.0,1.0,1.0,1.0,1.0,,1.0,0.0,,1.0,1.0,1.0,1.0,0.0,0.0,1.0,1.0,0.0,0.0,1.0,1.0,0.0,1.0,0.0,0.0,1.0,0.0,1.0,0.0,0.0,1.0,0.0,0.0,0.0,1.0,0.0,1.0,1.0,1.0,,0.0,0.0,1.0,1.0,,1.0,0.0,1.0,1.0,,,1.0,0.0,,1.0,0.0,0.0,0.0,0.0,0.0,0.0,0.0,0.0,0.0,1.0,0.0,0.0,0.0,1.0,0.0,0.0,1.0,1.0,1.0,1.0,1.0,1.0,0.0,,1.0,0.0,1.0,0.0,1.0,1.0,,,,0.0,,1.0,1.0,0.0,1.0,1.0,0.0,1.0,0.0,0.0,0.0,0.0,0.0,1.0,1.0,1.0,1.0,1.0,0.0,1.0,1.0,1.0,1.0,1.0
Dilceu Sperafico,1.0,1.0,0.0,1.0,1.0,1.0,1.0,1.0,1.0,1.0,0.0,0.0,,,1.0,1.0,0.0,1.0,1.0,1.0,1.0,1.0,1.0,1.0,1.0,1.0,,,,,,1.0,0.0,0.0,0.0,1.0,1.0,1.0,1.0,0.0,0.0,1.0,0.0,1.0,1.0,1.0,1.0,1.0,,0.0,1.0,1.0,1.0,1.0,1.0,1.0,,0.0,0.0,1.0,,0.0,,,1.0,,,0.0,0.0,1.0,0.0,1.0,,,0.0,0.0,,0.0,0.0,0.0,,0.0,,0.0,0.0,0.0,0.0,,0.0,0.0,0.0,1.0,1.0,0.0,1.0,,1.0,1.0,1.0,,,0.0,1.0,0.0,,0.0,1.0,0.0,1.0,1.0,0.0,1.0,1.0,1.0,1.0,1.0,1.0,0.0,1.0,0.0,1.0,1.0,0.0,1.0,0.0,1.0,0.0,0.0,1.0,1.0,,0.0,1.0,0.0,,0.0,0.0,0.0,0.0,1.0,1.0,1.0,0.0,0.0,0.0,0.0,0.0,,,1.0,0.0,0.0,0.0,1.0,1.0,1.0,0.0,1.0,1.0,1.0,1.0,1.0,,0.0,0.0,1.0,1.0,1.0,1.0,0.0,1.0,0.0,1.0,,1.0,0.0,0.0,0.0,1.0,0.0,1.0,,0.0,0.0,1.0,1.0,0.0,,0.0,,,1.0,0.0,1.0,0.0,,1.0,1.0,0.0,,0.0,0.0,,1.0,0.0,0.0,0.0,,,1.0,1.0,0.0,1.0,,1.0,0.0,0.0,0.0,,0.0,1.0,0.0,1.0,1.0,0.0,0.0,1.0,,0.0,0.0,,0.0,0.0,1.0,0.0,0.0,1.0,1.0,1.0,,0.0,0.0,,1.0,0.0,1.0,0.0,0.0,0.0,1.0,1.0,0.0,,0.0,0.0,0.0,0.0,0.0,1.0,0.0,1.0,,1.0,1.0,1.0,0.0,,0.0,0.0,1.0,0.0,1.0,0.0,1.0,1.0,0.0,1.0,0.0,1.0,1.0,1.0,0.0,1.0,0.0,0.0,1.0,0.0,1.0,1.0,,1.0,1.0,1.0,1.0,0.0,1.0,1.0,1.0,1.0,1.0,0.0,0.0,,1.0,0.0,0.0,1.0,1.0,1.0,1.0,0.0,0.0,1.0,,0.0,0.0,1.0,1.0,0.0,1.0,0.0,1.0,1.0,,1.0,,0.0,0.0,0.0,1.0,1.0,0.0,1.0,1.0,1.0,1.0,0.0,1.0,1.0,0.0,0.0,1.0,0.0,0.0,0.0,0.0,0.0,0.0,0.0,1.0,0.0,1.0,0.0,0.0,0.0,1.0,0.0,0.0,1.0,,1.0,1.0,1.0,1.0,0.0,0.0,1.0,1.0,1.0,,1.0,1.0,1.0,1.0,1.0,0.0,1.0,1.0,,1.0,,1.0,0.0,1.0,0.0,0.0,,0.0,0.0,1.0,1.0,,1.0,1.0,0.0,1.0,1.0,1.0,1.0,1.0
Dimas Ramalho,,,,0.0,1.0,1.0,,1.0,,,,0.0,1.0,0.0,1.0,0.0,1.0,1.0,1.0,1.0,1.0,1.0,1.0,1.0,1.0,,,,,,,1.0,1.0,1.0,0.0,1.0,1.0,1.0,,,,,,,,,,,,,,,,,,,,,,,,1.0,,,,,,,,,,,,,,,,,,,,,,,,,,,,,,,,,,,1.0,,,,,,,,,,1.0,0.0,,,,,,,,,,,,,,,,,,,,,,,,,,,,,,,,,1.0,,,,,,,,,,,,,,,,,,,,,,,,,,,,,,,,,,,1.0,0.0,0.0,1.0,,,,,,,,,,,,,,,,,,,,,,,,,,,,,,,,,,,,,,,,,,,,,,,,1.0,,,,,,,,,,1.0,1.0,,,,1.0,,,,,,,,,,,,,,1.0,,1.0,0.0,,,,,0.0,0.0,0.0,,0.0,1.0,,,0.0,0.0,0.0,0.0,1.0,0.0,,,1.0,0.0,,1.0,0.0,0.0,1.0,0.0,0.0,1.0,1.0,1.0,1.0,1.0,0.0,0.0,0.0,1.0,0.0,1.0,1.0,1.0,,,1.0,,0.0,1.0,1.0,1.0,0.0,,,,,1.0,1.0,0.0,0.0,0.0,0.0,0.0,1.0,,1.0,1.0,1.0,1.0,,,,0.0,1.0,1.0,1.0,1.0,0.0,1.0,,0.0,0.0,1.0,,,,0.0,,,,1.0,1.0,,,,,0.0,,,,1.0,1.0,1.0,,1.0,1.0,,,,1.0,0.0,1.0,0.0,,,,,,,,1.0,1.0,1.0,,,,,,,,,0.0,,,1.0,,,,1.0,0.0,,
Djalma Berger,,,0.0,,,,1.0,,1.0,,,,,,,,,,,,,,,,,1.0,,,0.0,0.0,1.0,,,,,,,,1.0,0.0,,,,,1.0,,,,0.0,0.0,,1.0,1.0,1.0,1.0,,0.0,,,1.0,1.0,,1.0,,,0.0,0.0,,,1.0,1.0,,,0.0,,,1.0,0.0,0.0,0.0,0.0,,0.0,0.0,0.0,,0.0,0.0,,0.0,0.0,1.0,1.0,0.0,,0.0,,1.0,,0.0,,,1.0,1.0,1.0,,,,1.0,1.0,0.0,1.0,1.0,1.0,1.0,1.0,1.0,0.0,1.0,0.0,1.0,1.0,,1.0,0.0,,0.0,0.0,,1.0,0.0,0.0,0.0,0.0,1.0,0.0,0.0,,1.0,,,1.0,0.0,0.0,,,,,,,0.0,,,,,,0.0,1.0,1.0,,1.0,,1.0,,0.0,1.0,,1.0,1.0,0.0,,,,,,,,,,0.0,,0.0,0.0,,1.0,1.0,0.0,1.0,0.0,,,0.0,0.0,0.0,0.0,1.0,,1.0,,,,,,1.0,,,,,,,,,,0.0,1.0,0.0,,,,,,,,,,,,,,0.0,0.0,0.0,,,0.0,0.0,,,,,,,1.0,,,,,,,,,,,,,,,,,,,,,,,,,,,,,,,,,,,,,,,,,,,,,,,,,,,,,,,,,,,,,,,,,,,,,,,,,,,,,,,,,,,,,,,,,,,,,,,,,,,,,,,,,,,,,,,,,,,,,,,,,,,,,,,,,,,,,,,,,,,,,,,,,,,,,,,,,,,,,
Domingos Dutra,1.0,1.0,0.0,1.0,,1.0,1.0,1.0,,,,0.0,1.0,,1.0,1.0,1.0,1.0,1.0,1.0,1.0,1.0,1.0,1.0,1.0,1.0,0.0,1.0,0.0,0.0,1.0,1.0,0.0,1.0,0.0,1.0,1.0,1.0,0.0,0.0,0.0,1.0,,0.0,1.0,0.0,1.0,1.0,,0.0,1.0,1.0,1.0,1.0,1.0,1.0,0.0,0.0,0.0,1.0,,1.0,1.0,0.0,1.0,1.0,1.0,0.0,,1.0,0.0,1.0,0.0,0.0,,0.0,1.0,0.0,0.0,0.0,0.0,0.0,0.0,,0.0,0.0,0.0,0.0,0.0,,0.0,0.0,1.0,0.0,1.0,1.0,,1.0,1.0,,1.0,,,,0.0,1.0,,0.0,1.0,1.0,,,0.0,1.0,1.0,1.0,1.0,,,,1.0,1.0,0.0,,0.0,1.0,0.0,1.0,0.0,,1.0,0.0,,0.0,1.0,,0.0,0.0,0.0,1.0,,1.0,0.0,0.0,0.0,,0.0,0.0,,0.0,,1.0,0.0,,,1.0,,1.0,1.0,1.0,1.0,1.0,1.0,0.0,0.0,,1.0,,1.0,0.0,,0.0,1.0,0.0,1.0,,0.0,0.0,1.0,,,,,,1.0,1.0,0.0,1.0,0.0,1.0,0.0,1.0,1.0,,0.0,1.0,1.0,1.0,0.0,1.0,0.0,0.0,1.0,1.0,0.0,0.0,0.0,,0.0,1.0,,0.0,1.0,0.0,1.0,0.0,0.0,0.0,0.0,0.0,1.0,0.0,0.0,1.0,0.0,0.0,,0.0,,0.0,0.0,0.0,0.0,1.0,0.0,0.0,1.0,1.0,,1.0,0.0,0.0,,1.0,0.0,1.0,0.0,0.0,,,,1.0,,0.0,,0.0,,,,0.0,1.0,1.0,1.0,1.0,1.0,0.0,0.0,0.0,0.0,1.0,,,0.0,,1.0,,1.0,0.0,1.0,,,,1.0,0.0,0.0,0.0,0.0,1.0,1.0,0.0,,,0.0,1.0,0.0,0.0,,,1.0,1.0,0.0,0.0,1.0,1.0,0.0,,1.0,,0.0,,0.0,0.0,1.0,0.0,1.0,,,1.0,0.0,0.0,0.0,,,1.0,1.0,1.0,0.0,,,,1.0,,,0.0,,1.0,,,,,,,0.0,0.0,,0.0,0.0,0.0,0.0,,0.0,1.0,,0.0,,1.0,0.0,0.0,1.0,,1.0,1.0,1.0,1.0,0.0,,1.0,0.0,,,1.0,,1.0,1.0,,0.0,,1.0,1.0,1.0,1.0,1.0,0.0,,0.0,0.0,0.0,0.0,0.0,,,,,,0.0,,1.0,1.0,1.0,
Dr. Adilson Soares,1.0,1.0,0.0,,,1.0,1.0,,1.0,0.0,,,,,,,,,1.0,,,1.0,1.0,1.0,1.0,1.0,,1.0,1.0,0.0,1.0,,0.0,0.0,1.0,1.0,1.0,,1.0,0.0,0.0,1.0,0.0,0.0,1.0,0.0,1.0,1.0,0.0,0.0,1.0,1.0,1.0,1.0,1.0,1.0,0.0,,0.0,1.0,0.0,1.0,1.0,0.0,,1.0,1.0,0.0,,,,1.0,,,0.0,,1.0,0.0,0.0,0.0,0.0,1.0,0.0,0.0,0.0,0.0,0.0,0.0,0.0,0.0,0.0,1.0,1.0,0.0,,1.0,1.0,1.0,1.0,0.0,1.0,,0.0,0.0,0.0,,,,1.0,1.0,0.0,,0.0,1.0,1.0,1.0,1.0,,0.0,1.0,1.0,1.0,0.0,1.0,0.0,1.0,0.0,0.0,1.0,1.0,1.0,0.0,,0.0,,0.0,0.0,0.0,0.0,1.0,1.0,,0.0,0.0,0.0,0.0,,0.0,1.0,1.0,0.0,1.0,0.0,1.0,1.0,1.0,0.0,0.0,1.0,1.0,1.0,1.0,1.0,0.0,0.0,1.0,1.0,1.0,1.0,0.0,1.0,0.0,1.0,0.0,1.0,,,0.0,1.0,0.0,1.0,0.0,0.0,0.0,1.0,1.0,0.0,1.0,0.0,1.0,,1.0,1.0,1.0,0.0,1.0,1.0,1.0,,1.0,0.0,0.0,1.0,1.0,0.0,0.0,0.0,0.0,0.0,1.0,1.0,0.0,1.0,0.0,1.0,0.0,0.0,0.0,0.0,0.0,1.0,0.0,1.0,1.0,0.0,,1.0,0.0,0.0,0.0,0.0,0.0,0.0,1.0,0.0,0.0,1.0,1.0,,,,0.0,1.0,1.0,1.0,,0.0,0.0,0.0,1.0,1.0,,0.0,0.0,0.0,0.0,0.0,0.0,1.0,0.0,1.0,1.0,1.0,1.0,1.0,0.0,,,0.0,1.0,0.0,,0.0,,,,,,1.0,1.0,,1.0,1.0,0.0,0.0,1.0,0.0,1.0,,1.0,1.0,,1.0,1.0,1.0,1.0,1.0,1.0,,1.0,,0.0,1.0,1.0,0.0,0.0,,1.0,,1.0,0.0,0.0,1.0,0.0,0.0,0.0,,,1.0,1.0,1.0,,1.0,1.0,,1.0,,0.0,0.0,1.0,1.0,,1.0,1.0,1.0,1.0,0.0,1.0,1.0,0.0,0.0,1.0,,0.0,0.0,0.0,0.0,0.0,0.0,1.0,,,,,0.0,0.0,,,1.0,1.0,1.0,1.0,1.0,,0.0,0.0,1.0,,,,1.0,,1.0,1.0,,0.0,,1.0,1.0,1.0,1.0,1.0,,,0.0,0.0,0.0,0.0,0.0,1.0,1.0,1.0,1.0,1.0,0.0,1.0,1.0,0.0,0.0,1.0
Dr. Basegio,,,,,,,,,,,,,,,,,,,,,,,,,,,0.0,1.0,0.0,0.0,1.0,,,,,,,,0.0,,,,,,,,,1.0,,,,,,,,,0.0,,0.0,1.0,,,1.0,0.0,1.0,1.0,1.0,0.0,0.0,,,,,0.0,,,,0.0,0.0,0.0,0.0,,0.0,,0.0,0.0,0.0,0.0,0.0,,,,,,1.0,0.0,,,1.0,0.0,,,,,,,,,,,,,,,,,,,,,,,,,,,,,,,,,,,,,,,,,,,,,,,,,,,,,,,,,,,,,,,,,,,,,,,,,,,,,,,,,,,,,,,,,,,,,,,,,,,,,,,,,,,,,,,,,,,,,,,,,,,,,,,,,,,,,,,,,,,,,,,,,,,,,,,,,,,,,,,,,,,,,,,,,,,,,,,,,,,,,,,,,,,,,,,,,,,,,,,,,,,,,,,,,,,,,,,,,,,,,,,,,,,,,,,,,,,,,,,,,,,,,,,,,,,,,,,,,,,,,,,,,,,,,,,,,,,,,,,,,,,,,,,,,,,,,,,,,,,,
Dr. Nechar,,0.0,0.0,1.0,1.0,,,0.0,,0.0,,,,,,,,,,,,,,,,0.0,,,0.0,0.0,1.0,,0.0,0.0,0.0,,1.0,1.0,1.0,0.0,0.0,,0.0,0.0,1.0,0.0,1.0,1.0,0.0,,1.0,0.0,0.0,0.0,0.0,,0.0,0.0,0.0,1.0,1.0,1.0,1.0,0.0,1.0,1.0,1.0,0.0,0.0,1.0,0.0,,0.0,0.0,,,1.0,,,,,0.0,0.0,,0.0,0.0,0.0,0.0,0.0,0.0,0.0,,1.0,0.0,,1.0,1.0,1.0,,0.0,1.0,,0.0,0.0,0.0,0.0,1.0,0.0,1.0,0.0,,1.0,,,1.0,0.0,1.0,,1.0,0.0,0.0,1.0,,,0.0,,,0.0,1.0,,,0.0,0.0,,,,,0.0,1.0,1.0,1.0,1.0,0.0,0.0,0.0,,0.0,,,1.0,0.0,1.0,0.0,,1.0,1.0,0.0,1.0,1.0,,1.0,1.0,1.0,0.0,0.0,1.0,1.0,1.0,1.0,0.0,1.0,,1.0,,1.0,0.0,0.0,0.0,1.0,0.0,1.0,0.0,0.0,0.0,1.0,1.0,0.0,1.0,0.0,1.0,0.0,,,,0.0,1.0,1.0,0.0,0.0,,,,,,,,0.0,,1.0,0.0,0.0,,,,,,0.0,,0.0,,1.0,0.0,0.0,1.0,0.0,,1.0,,,0.0,0.0,0.0,0.0,1.0,0.0,0.0,1.0,1.0,,,0.0,,1.0,1.0,0.0,1.0,0.0,,0.0,1.0,1.0,1.0,0.0,0.0,0.0,0.0,,,,0.0,1.0,,1.0,,1.0,0.0,,,,1.0,0.0,0.0,,1.0,1.0,0.0,1.0,0.0,1.0,,0.0,0.0,1.0,0.0,0.0,0.0,0.0,1.0,1.0,,,,1.0,1.0,,0.0,1.0,,1.0,1.0,0.0,,1.0,,,,,1.0,,,0.0,0.0,,1.0,,,,,,,,,1.0,1.0,1.0,,0.0,,,,1.0,0.0,,,1.0,1.0,0.0,1.0,1.0,0.0,0.0,,0.0,0.0,0.0,0.0,0.0,,,1.0,,,0.0,0.0,0.0,1.0,0.0,0.0,1.0,1.0,1.0,1.0,1.0,1.0,,0.0,1.0,,,,1.0,,,,,0.0,,,,,,,0.0,1.0,0.0,0.0,,0.0,,,1.0,,,,0.0,,,,,1.0
Dr. Paulo César,1.0,1.0,0.0,1.0,1.0,1.0,,,,1.0,0.0,,1.0,,1.0,1.0,0.0,1.0,,,,,,1.0,1.0,,,,,,,1.0,0.0,1.0,0.0,1.0,1.0,1.0,,,,,,,,,,,0.0,0.0,1.0,1.0,1.0,1.0,1.0,,,,,,,1.0,,,,,,,,,,,,,,,,,,,,,,,,,,,,,,,,,,,1.0,,,,,,,,,0.0,1.0,0.0,,,,,,,,,,,,,,,,,,,,,,,,,,,,,,,,1.0,,1.0,0.0,0.0,0.0,0.0,,,,,,,0.0,1.0,1.0,1.0,0.0,0.0,,1.0,1.0,,,,,,,,,,,0.0,1.0,0.0,1.0,0.0,0.0,1.0,0.0,,,,,,,,,,,,,,,,,,,,,,,,,,,,,,,,,,,,,,,,,,,,,,,,,,,,,,,,,,1.0,1.0,,1.0,,0.0,,,,,,,0.0,1.0,1.0,1.0,0.0,0.0,0.0,,,,,0.0,1.0,,,1.0,1.0,0.0,0.0,0.0,0.0,1.0,0.0,1.0,0.0,1.0,1.0,0.0,1.0,0.0,,1.0,1.0,1.0,1.0,0.0,0.0,1.0,,1.0,1.0,1.0,1.0,,1.0,1.0,1.0,1.0,1.0,1.0,,1.0,0.0,0.0,,1.0,0.0,0.0,1.0,1.0,0.0,1.0,0.0,0.0,1.0,0.0,0.0,0.0,0.0,0.0,1.0,1.0,1.0,1.0,1.0,1.0,1.0,1.0,0.0,0.0,0.0,1.0,1.0,0.0,1.0,1.0,1.0,,,,,,,,0.0,0.0,,0.0,0.0,,0.0,,0.0,1.0,0.0,0.0,,,0.0,0.0,1.0,1.0,1.0,1.0,1.0,1.0,0.0,,1.0,1.0,1.0,0.0,1.0,1.0,1.0,1.0,,0.0,,1.0,1.0,1.0,,1.0,0.0,1.0,0.0,0.0,,0.0,0.0,1.0,1.0,1.0,1.0,1.0,0.0,,1.0,1.0,1.0,1.0
Dr. Pinotti,,0.0,,,,,,,1.0,,,,,,,,,,,,,,,,,,,,,,,,,,,,,,,,,,,,,,,,,,,,,,,1.0,,,,,,,,,,,,,,,,,,,,,,,,,,,,,,,,,,,,,,,,,,,,,,,,,,,,,,,,,,,,,,,,,,,,1.0,,1.0,,,,,,,,,,,,,,,,,,,,,,,,,1.0,,0.0,0.0,0.0,0.0,0.0,,1.0,,0.0,0.0,,,,,,0.0,,,,,,,,,,,,,,,,,0.0,,,,,,,,,,,0.0,,0.0,,,,,,,,,,,1.0,0.0,,,,,0.0,,,,,,,,,,,,,,,,,,,,,,,,,1.0,,,,,,,,,,,,,,,,,,,,,,,,,,,,,,,,,,,,,,,,,,,,,,,,,,,,,,,,,,,,,,,,,,,,,,,,,,,,,,,,,,,,,,,,,,,,,,,,,,,,,,,,,,,,,,,,,,,,,,,,,,,,,,,,,,,,,,,,,,,,,,,,,,,,,,,,,,,,,,,,
Dr. Rosinha,,1.0,,,,1.0,1.0,1.0,1.0,0.0,,0.0,1.0,0.0,1.0,1.0,1.0,1.0,,,,,,,,,0.0,1.0,0.0,0.0,1.0,1.0,,1.0,0.0,,,1.0,0.0,0.0,0.0,1.0,,,1.0,0.0,,1.0,,0.0,1.0,,,,,,0.0,0.0,0.0,1.0,,,,0.0,1.0,1.0,1.0,,,1.0,0.0,,0.0,0.0,0.0,0.0,,,,,,0.0,0.0,,,,,,,,,,,,,1.0,1.0,1.0,1.0,0.0,1.0,,,,,0.0,1.0,0.0,1.0,1.0,0.0,1.0,,,,1.0,,,,,,,0.0,1.0,0.0,,,,0.0,1.0,,0.0,1.0,,1.0,,0.0,,0.0,1.0,,,,,,,0.0,0.0,1.0,1.0,,,,,,,,1.0,1.0,1.0,1.0,1.0,1.0,,0.0,1.0,,1.0,,0.0,1.0,,,0.0,1.0,0.0,0.0,0.0,1.0,,1.0,0.0,0.0,,,,0.0,,,,,1.0,1.0,0.0,0.0,,1.0,1.0,,,,,,1.0,,0.0,0.0,0.0,,1.0,1.0,0.0,1.0,0.0,1.0,0.0,,0.0,,0.0,,,0.0,1.0,,0.0,1.0,,,0.0,0.0,0.0,,,,,1.0,1.0,1.0,1.0,,0.0,1.0,1.0,,,,,0.0,0.0,0.0,1.0,,0.0,,0.0,,,,,,,,1.0,1.0,,0.0,0.0,0.0,1.0,0.0,1.0,0.0,1.0,1.0,0.0,1.0,0.0,,1.0,0.0,0.0,1.0,0.0,0.0,,0.0,1.0,1.0,0.0,0.0,,,,,,,,0.0,1.0,0.0,0.0,,1.0,0.0,1.0,1.0,,0.0,1.0,,0.0,,0.0,1.0,0.0,0.0,,0.0,0.0,0.0,1.0,0.0,1.0,,1.0,,,,,1.0,,1.0,0.0,,,0.0,,1.0,0.0,0.0,1.0,,,0.0,0.0,0.0,,0.0,,,,,,0.0,,,,1.0,1.0,1.0,,,1.0,0.0,,1.0,0.0,,0.0,0.0,1.0,1.0,1.0,,,,,,,1.0,1.0,0.0,1.0,0.0,,0.0,0.0,0.0,,1.0,1.0,1.0,,0.0,1.0,,,,
Dr. Talmir,1.0,1.0,0.0,1.0,1.0,,1.0,1.0,,0.0,,,1.0,0.0,1.0,0.0,1.0,1.0,,1.0,1.0,1.0,1.0,1.0,1.0,1.0,,,0.0,0.0,1.0,1.0,,0.0,1.0,1.0,,1.0,1.0,0.0,0.0,1.0,,,1.0,0.0,1.0,1.0,0.0,,0.0,0.0,0.0,0.0,0.0,,1.0,,1.0,1.0,1.0,1.0,1.0,,1.0,1.0,1.0,0.0,,1.0,1.0,1.0,0.0,0.0,0.0,,1.0,0.0,0.0,1.0,0.0,0.0,0.0,0.0,0.0,0.0,0.0,0.0,0.0,0.0,0.0,0.0,1.0,0.0,1.0,1.0,,1.0,0.0,,1.0,,,,0.0,0.0,,0.0,1.0,1.0,0.0,1.0,1.0,1.0,,0.0,1.0,,,,1.0,1.0,0.0,,0.0,1.0,,0.0,1.0,,1.0,1.0,0.0,0.0,1.0,,0.0,,1.0,1.0,,1.0,0.0,,,0.0,0.0,,,1.0,0.0,,0.0,1.0,,1.0,0.0,1.0,1.0,,,1.0,1.0,,0.0,,,,1.0,0.0,,0.0,1.0,0.0,1.0,0.0,,0.0,1.0,0.0,1.0,0.0,0.0,0.0,,1.0,0.0,1.0,0.0,1.0,,1.0,1.0,0.0,0.0,1.0,,0.0,0.0,1.0,,,,,0.0,0.0,0.0,0.0,1.0,0.0,,0.0,0.0,,,,0.0,0.0,,0.0,1.0,0.0,0.0,1.0,0.0,0.0,,,0.0,0.0,0.0,0.0,0.0,1.0,0.0,0.0,1.0,0.0,,,0.0,,1.0,1.0,,,,0.0,,,,,,0.0,0.0,0.0,0.0,,1.0,0.0,1.0,,1.0,0.0,0.0,0.0,,,,,0.0,,,,1.0,0.0,1.0,0.0,,,0.0,,,0.0,0.0,0.0,,1.0,1.0,1.0,1.0,1.0,1.0,1.0,,0.0,,,1.0,,,,1.0,1.0,0.0,0.0,1.0,,0.0,,0.0,,,0.0,,,,,,,,1.0,1.0,1.0,1.0,1.0,1.0,0.0,0.0,1.0,,0.0,,1.0,1.0,1.0,,,,,,,,0.0,,0.0,0.0,,0.0,,0.0,,0.0,0.0,,,0.0,,,,,,1.0,1.0,0.0,,,1.0,,0.0,0.0,,1.0,1.0,1.0,0.0,1.0,1.0,1.0,1.0,1.0,1.0,0.0,1.0,0.0,,,,0.0,1.0,1.0,1.0,1.0,0.0,1.0,1.0,,,0.0,0.0
Dr. Ubiali,,1.0,0.0,0.0,1.0,1.0,1.0,1.0,1.0,,1.0,0.0,1.0,,1.0,0.0,1.0,1.0,1.0,1.0,,,1.0,1.0,1.0,1.0,0.0,1.0,,0.0,,1.0,0.0,0.0,0.0,1.0,,,1.0,,,,0.0,0.0,1.0,0.0,1.0,1.0,0.0,0.0,1.0,1.0,1.0,1.0,1.0,1.0,0.0,0.0,0.0,1.0,1.0,1.0,,0.0,1.0,0.0,1.0,0.0,0.0,1.0,0.0,1.0,0.0,0.0,,0.0,1.0,0.0,0.0,0.0,0.0,0.0,0.0,0.0,0.0,0.0,0.0,0.0,0.0,,0.0,0.0,1.0,0.0,1.0,1.0,1.0,1.0,1.0,0.0,1.0,0.0,1.0,1.0,0.0,0.0,1.0,0.0,1.0,1.0,0.0,,1.0,1.0,1.0,1.0,,0.0,1.0,0.0,1.0,1.0,0.0,1.0,,1.0,0.0,0.0,0.0,1.0,1.0,0.0,1.0,0.0,1.0,,0.0,0.0,1.0,1.0,1.0,1.0,0.0,0.0,0.0,0.0,,0.0,1.0,,0.0,1.0,0.0,1.0,1.0,1.0,0.0,,1.0,,,1.0,1.0,1.0,0.0,1.0,1.0,1.0,1.0,0.0,1.0,0.0,1.0,,,,,0.0,1.0,0.0,1.0,0.0,0.0,0.0,1.0,1.0,0.0,1.0,0.0,1.0,0.0,1.0,1.0,1.0,0.0,1.0,1.0,1.0,0.0,1.0,0.0,0.0,1.0,1.0,0.0,0.0,0.0,0.0,0.0,1.0,1.0,0.0,1.0,0.0,1.0,0.0,0.0,0.0,0.0,0.0,1.0,0.0,1.0,1.0,0.0,,1.0,0.0,0.0,,0.0,0.0,0.0,1.0,0.0,0.0,1.0,,1.0,1.0,0.0,1.0,1.0,1.0,0.0,1.0,0.0,0.0,0.0,0.0,0.0,1.0,0.0,0.0,,0.0,0.0,1.0,1.0,0.0,1.0,1.0,1.0,1.0,1.0,0.0,,0.0,0.0,1.0,0.0,1.0,0.0,1.0,1.0,1.0,1.0,0.0,1.0,1.0,1.0,0.0,1.0,0.0,0.0,1.0,0.0,1.0,,0.0,,1.0,1.0,1.0,0.0,0.0,1.0,1.0,0.0,,1.0,0.0,1.0,1.0,0.0,,1.0,1.0,0.0,0.0,,1.0,1.0,,1.0,1.0,0.0,,,,,1.0,1.0,,,1.0,0.0,0.0,0.0,1.0,,0.0,,1.0,,1.0,0.0,1.0,1.0,1.0,0.0,1.0,0.0,0.0,1.0,0.0,0.0,0.0,0.0,1.0,0.0,1.0,0.0,0.0,1.0,1.0,0.0,0.0,,,,1.0,1.0,1.0,0.0,,1.0,1.0,0.0,1.0,,,1.0,1.0,1.0,0.0,1.0,1.0,1.0,1.0,1.0,1.0,0.0,1.0,0.0,0.0,,0.0,,,,,1.0,0.0,1.0,1.0,1.0,0.0,,1.0
Duarte Nogueira,1.0,,1.0,1.0,1.0,,1.0,1.0,,0.0,0.0,0.0,1.0,0.0,1.0,0.0,1.0,1.0,1.0,1.0,1.0,1.0,1.0,1.0,1.0,0.0,,,,,,1.0,1.0,1.0,0.0,,1.0,1.0,1.0,,,,,,0.0,1.0,0.0,1.0,,,0.0,,,,,1.0,0.0,,,0.0,1.0,0.0,,,0.0,0.0,0.0,,,,,,0.0,,1.0,0.0,0.0,,,1.0,0.0,0.0,0.0,,0.0,0.0,0.0,1.0,,0.0,0.0,,1.0,0.0,,0.0,1.0,1.0,1.0,1.0,0.0,,,,1.0,0.0,,,,0.0,,,0.0,0.0,0.0,0.0,,1.0,1.0,0.0,1.0,1.0,,1.0,,1.0,,0.0,1.0,,0.0,0.0,,1.0,,,,,1.0,,0.0,,,,,,,,,1.0,1.0,0.0,,0.0,,,1.0,0.0,1.0,,0.0,0.0,,1.0,,,0.0,0.0,1.0,,,,,,,,,0.0,1.0,,,,,,0.0,0.0,,,,0.0,0.0,,0.0,1.0,,,,0.0,,,,,,,,,,1.0,1.0,0.0,,,,,,,,,,0.0,,,,,,,,1.0,,,,,,,,,1.0,0.0,1.0,1.0,,1.0,0.0,,,,,,,1.0,1.0,,,,,1.0,,1.0,0.0,,,,0.0,0.0,0.0,0.0,,0.0,1.0,,,0.0,,0.0,0.0,1.0,,,,1.0,1.0,1.0,0.0,0.0,0.0,1.0,,0.0,1.0,1.0,1.0,1.0,1.0,1.0,0.0,0.0,0.0,0.0,,0.0,1.0,1.0,,,1.0,,1.0,1.0,1.0,0.0,,,,,1.0,0.0,0.0,0.0,0.0,0.0,0.0,1.0,1.0,1.0,1.0,,1.0,,,,,1.0,1.0,1.0,1.0,0.0,0.0,,0.0,0.0,0.0,0.0,1.0,1.0,0.0,,,,,,,,,,0.0,0.0,,,0.0,,,1.0,1.0,1.0,,,,1.0,0.0,1.0,0.0,,,,0.0,,0.0,,1.0,,1.0,,,,,,1.0,,,,,,0.0,0.0,,1.0,1.0,1.0,1.0,
Décio Lima,1.0,1.0,0.0,1.0,1.0,1.0,,1.0,1.0,0.0,0.0,0.0,1.0,,1.0,1.0,1.0,1.0,1.0,1.0,1.0,1.0,1.0,0.0,1.0,1.0,0.0,1.0,0.0,,1.0,1.0,0.0,1.0,0.0,1.0,,,0.0,0.0,0.0,1.0,,0.0,1.0,0.0,1.0,1.0,0.0,,1.0,1.0,1.0,1.0,1.0,1.0,0.0,0.0,0.0,1.0,,0.0,1.0,0.0,,1.0,1.0,0.0,0.0,,,1.0,0.0,0.0,,0.0,1.0,0.0,0.0,0.0,0.0,0.0,0.0,0.0,0.0,0.0,0.0,0.0,0.0,0.0,0.0,0.0,1.0,0.0,,1.0,1.0,1.0,1.0,0.0,1.0,0.0,0.0,0.0,0.0,0.0,1.0,,1.0,1.0,0.0,,0.0,1.0,1.0,1.0,1.0,0.0,,0.0,1.0,,,1.0,0.0,1.0,0.0,1.0,0.0,1.0,0.0,1.0,,,,0.0,,0.0,0.0,1.0,,1.0,0.0,0.0,0.0,0.0,0.0,0.0,1.0,1.0,,1.0,0.0,1.0,1.0,1.0,,1.0,1.0,,1.0,1.0,,0.0,,1.0,,1.0,,0.0,1.0,0.0,1.0,0.0,1.0,0.0,0.0,,,0.0,1.0,,0.0,0.0,1.0,1.0,0.0,1.0,,,0.0,1.0,1.0,0.0,0.0,1.0,,1.0,0.0,1.0,0.0,0.0,1.0,,0.0,0.0,0.0,,0.0,1.0,1.0,0.0,1.0,0.0,1.0,0.0,0.0,0.0,0.0,,,0.0,0.0,1.0,0.0,0.0,1.0,,,,,,0.0,,0.0,0.0,,,,1.0,,,,,,1.0,0.0,,,0.0,0.0,1.0,0.0,,0.0,0.0,0.0,0.0,1.0,0.0,1.0,,1.0,1.0,1.0,0.0,0.0,0.0,0.0,1.0,0.0,,,1.0,1.0,0.0,1.0,,1.0,1.0,0.0,,1.0,0.0,0.0,1.0,,1.0,,1.0,1.0,,1.0,,,0.0,1.0,1.0,,,,,1.0,1.0,,,,,,,0.0,,1.0,,1.0,1.0,0.0,1.0,1.0,0.0,0.0,1.0,,,1.0,1.0,,,,1.0,,,,,,,,1.0,1.0,,0.0,1.0,,0.0,,0.0,0.0,0.0,0.0,,0.0,1.0,0.0,0.0,,,0.0,0.0,,,1.0,,1.0,1.0,0.0,0.0,1.0,1.0,1.0,1.0,1.0,,,1.0,,,,,,0.0,1.0,1.0,0.0,1.0,,,,0.0,0.0,,1.0,1.0,1.0,,,1.0,,,1.0,0.0
Edgar Moury,1.0,0.0,1.0,1.0,1.0,1.0,1.0,1.0,1.0,,1.0,0.0,1.0,0.0,1.0,0.0,1.0,1.0,1.0,1.0,1.0,1.0,1.0,1.0,1.0,,,,,1.0,1.0,1.0,1.0,1.0,,1.0,1.0,1.0,1.0,0.0,,1.0,1.0,0.0,0.0,0.0,1.0,1.0,1.0,0.0,1.0,1.0,1.0,1.0,1.0,1.0,0.0,0.0,0.0,0.0,1.0,,,,0.0,,0.0,,,1.0,1.0,1.0,,,,,,1.0,,,0.0,,,,,,,,,,,,,,1.0,0.0,,1.0,1.0,1.0,,1.0,0.0,1.0,,1.0,,,0.0,1.0,1.0,1.0,,1.0,0.0,0.0,0.0,0.0,1.0,0.0,,,1.0,1.0,0.0,1.0,1.0,1.0,1.0,1.0,0.0,0.0,1.0,,1.0,,0.0,,1.0,,,1.0,0.0,0.0,0.0,0.0,,1.0,0.0,1.0,1.0,0.0,1.0,0.0,0.0,0.0,1.0,0.0,,1.0,0.0,,0.0,,1.0,0.0,1.0,0.0,1.0,1.0,1.0,0.0,0.0,1.0,0.0,,1.0,0.0,1.0,1.0,,0.0,1.0,1.0,,1.0,0.0,0.0,1.0,0.0,0.0,0.0,0.0,1.0,0.0,0.0,1.0,0.0,1.0,1.0,1.0,1.0,0.0,,,,,,1.0,0.0,0.0,,0.0,1.0,0.0,1.0,1.0,0.0,,0.0,0.0,,1.0,1.0,0.0,0.0,1.0,1.0,1.0,1.0,1.0,0.0,0.0,1.0,0.0,0.0,1.0,1.0,1.0,,0.0,1.0,1.0,,0.0,0.0,0.0,0.0,0.0,0.0,1.0,1.0,,,0.0,1.0,0.0,,1.0,0.0,0.0,1.0,1.0,1.0,1.0,0.0,0.0,1.0,0.0,1.0,1.0,,0.0,1.0,,,,1.0,1.0,1.0,1.0,1.0,1.0,1.0,1.0,0.0,0.0,0.0,1.0,1.0,1.0,1.0,1.0,1.0,0.0,1.0,0.0,0.0,,1.0,1.0,0.0,0.0,1.0,0.0,,1.0,1.0,1.0,1.0,0.0,1.0,1.0,1.0,0.0,,,,1.0,0.0,0.0,1.0,1.0,1.0,1.0,1.0,1.0,0.0,,0.0,0.0,1.0,,,1.0,,,,,0.0,0.0,1.0,0.0,0.0,0.0,1.0,,0.0,0.0,1.0,0.0,1.0,0.0,0.0,0.0,1.0,1.0,0.0,1.0,1.0,1.0,1.0,1.0,1.0,,,,0.0,0.0,0.0,1.0,1.0,1.0,1.0,1.0,0.0,1.0,1.0,1.0,1.0,1.0,,0.0,1.0,,0.0,0.0,1.0,0.0,,1.0,1.0,1.0,1.0,0.0,1.0,1.0,1.0,1.0,
Edigar Mão Branca,,1.0,0.0,1.0,,1.0,1.0,1.0,1.0,,,1.0,,,,,,,,,,,,,,0.0,,,,,,1.0,0.0,1.0,0.0,,1.0,1.0,,0.0,0.0,1.0,,0.0,1.0,0.0,1.0,,0.0,0.0,1.0,1.0,1.0,1.0,1.0,1.0,,,,,1.0,0.0,,,1.0,,,0.0,0.0,1.0,0.0,1.0,0.0,0.0,0.0,0.0,,0.0,0.0,1.0,0.0,,,0.0,0.0,0.0,0.0,0.0,0.0,0.0,,0.0,1.0,0.0,1.0,,,1.0,,0.0,1.0,,,,,,1.0,0.0,,1.0,0.0,1.0,0.0,1.0,1.0,0.0,,0.0,1.0,0.0,1.0,1.0,0.0,1.0,0.0,1.0,0.0,0.0,,1.0,,0.0,0.0,0.0,1.0,0.0,0.0,0.0,1.0,1.0,1.0,1.0,0.0,0.0,0.0,0.0,0.0,0.0,1.0,,0.0,1.0,,1.0,1.0,1.0,,1.0,1.0,1.0,1.0,1.0,1.0,0.0,0.0,1.0,1.0,1.0,1.0,0.0,1.0,0.0,,0.0,1.0,0.0,0.0,,1.0,0.0,1.0,,0.0,0.0,1.0,1.0,,,0.0,1.0,0.0,,0.0,0.0,0.0,1.0,1.0,0.0,0.0,1.0,,,,,0.0,0.0,0.0,0.0,1.0,0.0,,0.0,0.0,,,,,0.0,0.0,,1.0,0.0,0.0,1.0,0.0,0.0,1.0,0.0,0.0,0.0,0.0,0.0,0.0,,0.0,0.0,1.0,1.0,1.0,1.0,0.0,1.0,1.0,1.0,0.0,1.0,0.0,0.0,0.0,1.0,0.0,1.0,0.0,0.0,,0.0,,,1.0,0.0,1.0,,1.0,,0.0,0.0,,,,1.0,0.0,,0.0,,1.0,0.0,1.0,0.0,1.0,1.0,0.0,0.0,1.0,0.0,0.0,0.0,,,1.0,1.0,1.0,1.0,,1.0,0.0,0.0,1.0,1.0,,1.0,,0.0,,1.0,,0.0,,,0.0,,0.0,0.0,1.0,0.0,,0.0,0.0,0.0,1.0,0.0,1.0,,,,1.0,1.0,1.0,,,,1.0,0.0,,1.0,1.0,,,1.0,1.0,,,,0.0,0.0,,0.0,0.0,0.0,0.0,,0.0,1.0,0.0,0.0,,,0.0,0.0,,,1.0,,1.0,,0.0,0.0,,,,,,,,,,,,,,,1.0,,,,,,,,,,,,,,,,,,,
Edinho Bez,1.0,1.0,0.0,1.0,,0.0,1.0,1.0,,,0.0,0.0,1.0,,1.0,0.0,1.0,0.0,1.0,1.0,1.0,1.0,1.0,1.0,1.0,1.0,0.0,1.0,0.0,0.0,1.0,1.0,0.0,1.0,0.0,1.0,,1.0,1.0,0.0,0.0,1.0,,0.0,1.0,0.0,1.0,1.0,0.0,0.0,1.0,1.0,1.0,1.0,1.0,1.0,0.0,,,1.0,1.0,,1.0,,,1.0,1.0,0.0,0.0,1.0,,1.0,0.0,,0.0,,,0.0,,0.0,,0.0,0.0,0.0,,0.0,0.0,0.0,0.0,0.0,,1.0,1.0,0.0,1.0,1.0,,1.0,1.0,0.0,1.0,,1.0,1.0,0.0,0.0,,,1.0,,,1.0,1.0,,1.0,,1.0,0.0,1.0,0.0,1.0,1.0,0.0,,0.0,,0.0,0.0,0.0,,,,1.0,0.0,,,,0.0,1.0,,1.0,1.0,,0.0,0.0,0.0,,,1.0,0.0,,1.0,,,,,,1.0,,1.0,1.0,1.0,,,0.0,1.0,1.0,1.0,1.0,0.0,1.0,0.0,,0.0,1.0,0.0,,,,0.0,1.0,,,0.0,,1.0,0.0,1.0,0.0,1.0,0.0,1.0,0.0,0.0,0.0,1.0,1.0,1.0,1.0,,0.0,0.0,1.0,,0.0,0.0,,,,1.0,,0.0,1.0,0.0,1.0,0.0,0.0,0.0,0.0,0.0,1.0,0.0,,1.0,0.0,,,0.0,0.0,0.0,0.0,0.0,0.0,1.0,0.0,,1.0,,1.0,,0.0,,,,0.0,1.0,0.0,0.0,0.0,,1.0,,,0.0,,0.0,,0.0,,0.0,1.0,,1.0,1.0,1.0,0.0,0.0,,0.0,1.0,0.0,1.0,0.0,,,1.0,1.0,0.0,1.0,,1.0,,,0.0,0.0,1.0,,1.0,1.0,1.0,1.0,,1.0,,,,1.0,1.0,1.0,1.0,0.0,0.0,,1.0,0.0,,,1.0,1.0,1.0,0.0,0.0,1.0,,1.0,1.0,0.0,0.0,0.0,,0.0,1.0,1.0,0.0,,,0.0,0.0,0.0,1.0,1.0,0.0,,,,,0.0,1.0,1.0,0.0,,,0.0,0.0,0.0,0.0,0.0,0.0,,0.0,0.0,1.0,,0.0,0.0,1.0,0.0,0.0,1.0,1.0,,,1.0,,0.0,0.0,1.0,1.0,0.0,1.0,1.0,1.0,1.0,1.0,1.0,0.0,1.0,,1.0,1.0,1.0,1.0,,,,0.0,0.0,,0.0,1.0,,,,,0.0,,1.0,1.0,1.0,
Edio Lopes,1.0,1.0,0.0,,,,,1.0,1.0,0.0,1.0,,1.0,,1.0,1.0,1.0,,1.0,1.0,1.0,1.0,1.0,1.0,,,0.0,1.0,0.0,0.0,1.0,1.0,0.0,1.0,,1.0,1.0,1.0,,0.0,0.0,1.0,0.0,0.0,1.0,0.0,1.0,,0.0,0.0,1.0,1.0,1.0,1.0,1.0,1.0,0.0,0.0,0.0,1.0,1.0,1.0,1.0,0.0,1.0,1.0,1.0,0.0,0.0,1.0,1.0,1.0,,0.0,,,1.0,0.0,0.0,0.0,0.0,0.0,0.0,0.0,0.0,0.0,,,0.0,0.0,,1.0,1.0,0.0,1.0,1.0,1.0,1.0,1.0,,1.0,0.0,1.0,1.0,0.0,,1.0,1.0,,,0.0,1.0,,1.0,1.0,1.0,1.0,0.0,1.0,0.0,,,0.0,1.0,0.0,1.0,0.0,1.0,0.0,1.0,0.0,1.0,1.0,0.0,,0.0,,0.0,1.0,1.0,1.0,1.0,0.0,0.0,0.0,0.0,0.0,0.0,1.0,0.0,0.0,0.0,0.0,1.0,1.0,1.0,0.0,1.0,1.0,1.0,,1.0,1.0,0.0,0.0,1.0,1.0,1.0,1.0,0.0,1.0,,1.0,,1.0,0.0,0.0,0.0,1.0,0.0,1.0,0.0,0.0,0.0,1.0,1.0,0.0,1.0,0.0,,,0.0,0.0,0.0,0.0,1.0,1.0,1.0,,1.0,,,,,,,0.0,0.0,0.0,1.0,1.0,,,0.0,1.0,0.0,0.0,,0.0,0.0,1.0,0.0,1.0,1.0,0.0,0.0,1.0,0.0,,0.0,0.0,0.0,,1.0,,0.0,1.0,,1.0,1.0,0.0,,1.0,1.0,0.0,1.0,,0.0,1.0,0.0,0.0,1.0,0.0,0.0,1.0,0.0,0.0,,1.0,0.0,1.0,1.0,,1.0,0.0,0.0,0.0,0.0,,1.0,0.0,1.0,,0.0,0.0,1.0,0.0,0.0,1.0,,1.0,0.0,1.0,0.0,0.0,0.0,0.0,1.0,1.0,1.0,,1.0,1.0,1.0,0.0,1.0,1.0,,1.0,1.0,1.0,0.0,1.0,,0.0,0.0,1.0,1.0,1.0,,,,1.0,0.0,0.0,,0.0,0.0,1.0,,0.0,1.0,,1.0,1.0,1.0,,,,1.0,1.0,0.0,1.0,0.0,1.0,1.0,0.0,1.0,1.0,,1.0,,,0.0,,0.0,,0.0,0.0,,,1.0,0.0,0.0,,1.0,0.0,0.0,1.0,1.0,1.0,0.0,1.0,,,,,,0.0,,,1.0,1.0,,1.0,0.0,1.0,1.0,1.0,,1.0,1.0,0.0,,0.0,,,,0.0,0.0,1.0,,1.0,,0.0,,1.0,0.0,0.0,1.0
Edmar Moreira,,1.0,1.0,1.0,0.0,1.0,1.0,,,1.0,,0.0,1.0,,1.0,1.0,1.0,1.0,1.0,1.0,1.0,1.0,1.0,1.0,1.0,0.0,,,,,,1.0,0.0,1.0,0.0,1.0,1.0,1.0,1.0,,,,,,0.0,,,1.0,,,1.0,,,,,1.0,0.0,1.0,,0.0,,1.0,,,,,1.0,,1.0,1.0,0.0,,,,,,,,,1.0,,,0.0,,,,,,,,,,,,,1.0,1.0,,,1.0,0.0,,,,,0.0,1.0,0.0,1.0,1.0,,0.0,1.0,,,,,,1.0,0.0,1.0,1.0,,1.0,,,1.0,0.0,0.0,1.0,,,0.0,0.0,,,,,,1.0,1.0,,,,,,,0.0,1.0,0.0,,,,0.0,0.0,0.0,0.0,0.0,1.0,1.0,0.0,0.0,,,,,1.0,,1.0,,,0.0,1.0,0.0,1.0,0.0,0.0,0.0,1.0,,,,,,1.0,,,,,0.0,0.0,0.0,0.0,,0.0,1.0,,1.0,,,0.0,0.0,,,,,,,,,,,,,,0.0,,,,,,,1.0,1.0,,,1.0,,,,,,,,,,1.0,1.0,,,,0.0,,0.0,,,,,,,,,0.0,0.0,0.0,0.0,,,,,,1.0,,1.0,1.0,,0.0,0.0,0.0,1.0,0.0,,0.0,1.0,1.0,,1.0,,,1.0,,0.0,1.0,0.0,0.0,0.0,0.0,1.0,1.0,1.0,1.0,,1.0,1.0,0.0,0.0,1.0,1.0,1.0,1.0,1.0,,,,,,1.0,1.0,,1.0,0.0,0.0,1.0,0.0,1.0,0.0,,1.0,0.0,0.0,0.0,1.0,1.0,1.0,1.0,1.0,0.0,0.0,0.0,1.0,1.0,0.0,,0.0,1.0,1.0,0.0,1.0,1.0,0.0,0.0,1.0,0.0,0.0,0.0,0.0,0.0,0.0,0.0,,0.0,,0.0,0.0,0.0,0.0,0.0,,1.0,1.0,1.0,1.0,1.0,,,0.0,1.0,1.0,0.0,0.0,1.0,,1.0,,,0.0,,1.0,1.0,1.0,1.0,1.0,,,,,,0.0,0.0,,1.0,1.0,,,0.0,1.0,,1.0,,1.0
Edmilson Valentim,1.0,,0.0,0.0,1.0,1.0,1.0,1.0,1.0,1.0,1.0,0.0,1.0,0.0,1.0,0.0,1.0,1.0,1.0,1.0,1.0,1.0,1.0,1.0,1.0,1.0,0.0,1.0,0.0,0.0,1.0,1.0,0.0,1.0,0.0,,1.0,1.0,0.0,0.0,0.0,1.0,0.0,0.0,1.0,0.0,1.0,1.0,0.0,0.0,1.0,1.0,1.0,1.0,1.0,1.0,,,0.0,1.0,1.0,0.0,1.0,0.0,1.0,1.0,1.0,0.0,,1.0,1.0,1.0,0.0,0.0,0.0,0.0,1.0,0.0,0.0,,0.0,0.0,0.0,,,0.0,0.0,0.0,,0.0,,0.0,1.0,0.0,1.0,1.0,,1.0,0.0,0.0,1.0,1.0,1.0,1.0,0.0,,,,1.0,1.0,0.0,1.0,0.0,1.0,1.0,1.0,,0.0,1.0,0.0,1.0,1.0,0.0,1.0,0.0,1.0,0.0,1.0,0.0,1.0,0.0,1.0,1.0,0.0,1.0,0.0,0.0,0.0,1.0,1.0,1.0,1.0,0.0,0.0,0.0,0.0,0.0,0.0,1.0,1.0,0.0,1.0,,,,,0.0,1.0,1.0,,1.0,1.0,1.0,0.0,0.0,1.0,1.0,1.0,1.0,0.0,,0.0,1.0,0.0,1.0,0.0,0.0,,0.0,0.0,1.0,0.0,,0.0,1.0,1.0,0.0,1.0,0.0,1.0,0.0,1.0,1.0,0.0,0.0,1.0,,1.0,0.0,1.0,0.0,0.0,1.0,1.0,0.0,0.0,0.0,0.0,0.0,1.0,1.0,0.0,1.0,0.0,,0.0,0.0,0.0,0.0,,1.0,0.0,0.0,1.0,,0.0,,0.0,0.0,0.0,0.0,0.0,0.0,1.0,0.0,0.0,1.0,1.0,1.0,1.0,0.0,0.0,1.0,1.0,0.0,1.0,0.0,0.0,,0.0,1.0,1.0,0.0,0.0,0.0,0.0,,,,0.0,1.0,1.0,1.0,1.0,1.0,0.0,0.0,,0.0,1.0,0.0,1.0,0.0,1.0,1.0,0.0,1.0,0.0,1.0,1.0,0.0,0.0,1.0,1.0,,0.0,0.0,1.0,1.0,,0.0,1.0,,0.0,0.0,0.0,,1.0,,,,0.0,1.0,1.0,0.0,,,,0.0,,,0.0,,0.0,,,,,,,,,1.0,1.0,,,,0.0,,1.0,,0.0,1.0,,,,0.0,1.0,0.0,,0.0,1.0,0.0,,,,,,,0.0,0.0,,,,,,0.0,0.0,,,,1.0,1.0,1.0,0.0,0.0,1.0,1.0,0.0,0.0,1.0,1.0,1.0,,1.0,0.0,1.0,1.0,,,,1.0,0.0,1.0,0.0,0.0,0.0,0.0,0.0,1.0,1.0,1.0,1.0,0.0,0.0,1.0,1.0,0.0,1.0,1.0
Edson Aparecido,1.0,0.0,1.0,1.0,1.0,,1.0,1.0,1.0,0.0,,0.0,,0.0,1.0,0.0,1.0,1.0,1.0,1.0,1.0,1.0,1.0,1.0,1.0,0.0,,,,,,,1.0,1.0,0.0,1.0,1.0,,1.0,,,,,,,,,1.0,,,0.0,,,,,,0.0,,,0.0,1.0,0.0,,,0.0,,0.0,,1.0,0.0,1.0,0.0,,,1.0,1.0,0.0,1.0,,1.0,0.0,0.0,0.0,0.0,0.0,0.0,0.0,1.0,,0.0,0.0,1.0,1.0,0.0,,0.0,1.0,,1.0,1.0,0.0,0.0,0.0,1.0,1.0,0.0,1.0,0.0,0.0,0.0,,1.0,0.0,0.0,0.0,0.0,0.0,1.0,1.0,0.0,1.0,1.0,1.0,1.0,,,,0.0,1.0,,0.0,0.0,1.0,1.0,,,,,,,0.0,,,,,,,,,1.0,1.0,0.0,,0.0,0.0,0.0,1.0,0.0,1.0,,0.0,0.0,0.0,1.0,,0.0,,0.0,1.0,,,,,,,,1.0,0.0,1.0,,,,,,,0.0,,0.0,,0.0,0.0,0.0,0.0,,1.0,,,0.0,,,,,,,,,,,1.0,0.0,,,,,,,,,,0.0,,,,,,,,,,,,,,,,,1.0,0.0,1.0,1.0,,,0.0,0.0,,,,,,1.0,1.0,0.0,,,,1.0,,1.0,0.0,,,,,0.0,0.0,0.0,0.0,0.0,1.0,,1.0,0.0,1.0,0.0,0.0,0.0,0.0,,1.0,,1.0,,,0.0,,1.0,,0.0,,1.0,1.0,,1.0,0.0,0.0,0.0,,,1.0,0.0,1.0,1.0,0.0,1.0,1.0,,1.0,,1.0,,,,,1.0,1.0,0.0,0.0,0.0,0.0,0.0,0.0,1.0,,1.0,1.0,1.0,,,,,,1.0,1.0,1.0,,0.0,,0.0,0.0,0.0,0.0,,,,0.0,,,,,,,,,,0.0,0.0,,,0.0,0.0,0.0,1.0,1.0,,,,,1.0,0.0,1.0,,,,,0.0,0.0,0.0,1.0,0.0,0.0,1.0,,,,,,,,,0.0,,,,,,,1.0,1.0,1.0,1.0
Edson Duarte,1.0,1.0,0.0,1.0,1.0,,,,1.0,1.0,,,1.0,0.0,1.0,0.0,1.0,1.0,,,,,,,1.0,1.0,,,0.0,0.0,,1.0,,1.0,0.0,1.0,1.0,1.0,,0.0,0.0,1.0,0.0,0.0,1.0,0.0,,,0.0,,1.0,1.0,1.0,1.0,1.0,,1.0,,,1.0,1.0,0.0,1.0,0.0,,,1.0,0.0,0.0,,,,,,0.0,0.0,,,,,,,0.0,0.0,,0.0,0.0,0.0,0.0,0.0,,,,,1.0,1.0,,1.0,,0.0,,,,,,0.0,,0.0,,,0.0,,0.0,,,,1.0,0.0,1.0,0.0,0.0,1.0,,1.0,0.0,,,0.0,1.0,1.0,,0.0,,0.0,1.0,0.0,0.0,0.0,,1.0,0.0,1.0,0.0,,0.0,,,0.0,,1.0,,0.0,,1.0,1.0,1.0,0.0,1.0,1.0,,,1.0,1.0,0.0,0.0,,1.0,1.0,1.0,0.0,1.0,0.0,1.0,0.0,,0.0,0.0,,1.0,0.0,1.0,0.0,0.0,0.0,1.0,,0.0,1.0,0.0,1.0,0.0,,0.0,0.0,0.0,1.0,1.0,0.0,0.0,,,,,,0.0,0.0,,,,,,,,,,,,0.0,0.0,,,,0.0,1.0,0.0,0.0,1.0,0.0,0.0,0.0,0.0,0.0,,1.0,,,1.0,1.0,,1.0,0.0,,,,,,0.0,0.0,0.0,,0.0,1.0,0.0,0.0,0.0,0.0,0.0,1.0,1.0,,,,1.0,0.0,0.0,0.0,,0.0,,1.0,0.0,1.0,,1.0,1.0,0.0,1.0,0.0,1.0,,,0.0,,,0.0,1.0,,,1.0,1.0,,1.0,1.0,1.0,,0.0,,,1.0,,,0.0,1.0,1.0,0.0,,,,0.0,,,0.0,1.0,0.0,1.0,,,0.0,1.0,0.0,1.0,1.0,1.0,1.0,1.0,1.0,1.0,,0.0,1.0,,0.0,,1.0,,1.0,,1.0,1.0,0.0,,,,,0.0,0.0,0.0,0.0,,,0.0,1.0,0.0,0.0,0.0,1.0,,,,,,1.0,,1.0,0.0,,1.0,1.0,,0.0,1.0,1.0,,,1.0,0.0,1.0,,1.0,1.0,1.0,,0.0,,,,0.0,,0.0,1.0,1.0,1.0,1.0,,,,1.0,1.0,1.0,1.0
Edson Ezequiel,1.0,,,1.0,1.0,1.0,1.0,1.0,1.0,0.0,0.0,0.0,1.0,,1.0,0.0,1.0,1.0,1.0,1.0,1.0,1.0,1.0,1.0,1.0,,0.0,1.0,0.0,0.0,1.0,1.0,0.0,1.0,0.0,1.0,1.0,1.0,1.0,0.0,0.0,1.0,0.0,0.0,1.0,0.0,1.0,1.0,0.0,0.0,1.0,1.0,1.0,1.0,1.0,1.0,0.0,0.0,0.0,1.0,,1.0,1.0,0.0,1.0,,1.0,0.0,0.0,1.0,1.0,1.0,0.0,0.0,0.0,0.0,1.0,0.0,0.0,0.0,0.0,0.0,0.0,0.0,0.0,0.0,0.0,0.0,0.0,0.0,0.0,1.0,1.0,0.0,1.0,1.0,1.0,1.0,1.0,0.0,1.0,,,,0.0,0.0,1.0,0.0,,,0.0,1.0,,1.0,1.0,1.0,1.0,,,,1.0,1.0,,1.0,0.0,1.0,0.0,,0.0,1.0,,1.0,1.0,,1.0,0.0,0.0,0.0,1.0,1.0,1.0,1.0,0.0,0.0,0.0,0.0,0.0,0.0,1.0,1.0,,0.0,,,,,,,1.0,,1.0,1.0,1.0,0.0,0.0,1.0,1.0,1.0,1.0,0.0,1.0,,,0.0,1.0,0.0,0.0,1.0,0.0,0.0,,0.0,0.0,0.0,1.0,1.0,0.0,1.0,0.0,1.0,0.0,1.0,1.0,0.0,0.0,1.0,1.0,1.0,0.0,1.0,0.0,0.0,1.0,1.0,0.0,0.0,0.0,0.0,0.0,1.0,1.0,0.0,1.0,0.0,1.0,0.0,0.0,,0.0,0.0,1.0,0.0,1.0,1.0,0.0,0.0,,0.0,,0.0,0.0,0.0,0.0,1.0,0.0,0.0,,1.0,1.0,1.0,,1.0,1.0,1.0,0.0,1.0,0.0,,0.0,1.0,1.0,1.0,0.0,0.0,0.0,0.0,0.0,1.0,1.0,0.0,1.0,1.0,1.0,1.0,1.0,0.0,0.0,0.0,0.0,1.0,0.0,1.0,0.0,1.0,1.0,0.0,1.0,0.0,1.0,1.0,1.0,0.0,1.0,0.0,0.0,1.0,0.0,1.0,1.0,1.0,1.0,1.0,1.0,0.0,1.0,1.0,1.0,1.0,1.0,1.0,0.0,0.0,1.0,1.0,0.0,0.0,1.0,1.0,0.0,1.0,0.0,0.0,1.0,0.0,0.0,0.0,0.0,0.0,0.0,0.0,0.0,1.0,1.0,1.0,1.0,1.0,0.0,0.0,0.0,1.0,1.0,0.0,1.0,1.0,1.0,1.0,0.0,1.0,1.0,0.0,0.0,1.0,1.0,0.0,0.0,,,,,,0.0,1.0,0.0,0.0,0.0,1.0,0.0,0.0,1.0,1.0,1.0,1.0,1.0,1.0,0.0,0.0,1.0,1.0,0.0,1.0,1.0,1.0,1.0,1.0,1.0,0.0,1.0,1.0,1.0,1.0,,1.0,0.0,1.0,0.0,0.0,0.0,0.0,0.0,1.0,1.0,1.0,1.0,1.0,0.0,1.0,1.0,0.0,0.0,1.0
Edson Santos,1.0,1.0,0.0,,,,,,,0.0,,,,0.0,1.0,,,,1.0,1.0,1.0,1.0,1.0,1.0,1.0,,0.0,1.0,0.0,0.0,1.0,,,,,,,,0.0,,,,,,,,,1.0,0.0,0.0,1.0,1.0,1.0,1.0,1.0,,,0.0,0.0,1.0,1.0,,1.0,0.0,1.0,1.0,1.0,0.0,,1.0,0.0,1.0,0.0,0.0,0.0,0.0,1.0,0.0,0.0,0.0,0.0,0.0,0.0,0.0,,0.0,0.0,0.0,,0.0,0.0,0.0,1.0,0.0,1.0,1.0,,,1.0,0.0,,,,,0.0,,,,1.0,1.0,,1.0,0.0,1.0,1.0,,,0.0,1.0,0.0,1.0,1.0,0.0,,0.0,,0.0,1.0,0.0,,0.0,1.0,1.0,0.0,1.0,0.0,,0.0,0.0,1.0,,1.0,0.0,0.0,0.0,0.0,,,,,,,,1.0,1.0,1.0,,,,,1.0,1.0,1.0,,,,,,,,,,,,,,,,,,,,,,,,,,,,,,,,,,,,,,,,,,,,,,,,,,,,,,,,,,,,,,,,,,,,,,,,,,,,,,,,,,,,,,,,,,,,,,,,,,,,,,,,,,,,,,,,,,,,,,,,,,,,,,,,,,,,,,,,,,,,,,,,,,,,,,,,,,,,,,,,,,,,,,,,,,,,,,,,,,,1.0,,,,,,,,,,,,,,,,,,,,,,1.0,,,,0.0,,0.0,1.0,,1.0,1.0,1.0,0.0,1.0,,,,,1.0,0.0,0.0,0.0,,0.0,0.0,0.0,1.0,1.0,1.0,1.0,,0.0,,1.0,1.0,0.0,
Eduardo Amorim,1.0,0.0,1.0,0.0,1.0,1.0,1.0,1.0,1.0,,0.0,,1.0,0.0,1.0,0.0,1.0,1.0,,,,,,,,,0.0,1.0,0.0,,1.0,1.0,,,,,1.0,1.0,1.0,0.0,0.0,1.0,0.0,0.0,1.0,0.0,1.0,1.0,,0.0,1.0,1.0,1.0,1.0,1.0,,0.0,0.0,0.0,1.0,1.0,1.0,1.0,0.0,1.0,,1.0,0.0,0.0,1.0,1.0,,,0.0,,,1.0,0.0,0.0,0.0,0.0,0.0,0.0,0.0,0.0,,0.0,,0.0,0.0,,1.0,1.0,0.0,,1.0,1.0,1.0,0.0,0.0,1.0,,,,0.0,0.0,,0.0,1.0,1.0,0.0,1.0,0.0,1.0,1.0,,1.0,1.0,1.0,0.0,1.0,1.0,0.0,1.0,0.0,1.0,,0.0,1.0,1.0,,,1.0,0.0,1.0,0.0,0.0,0.0,1.0,,1.0,1.0,0.0,0.0,0.0,0.0,,0.0,1.0,1.0,,0.0,0.0,1.0,,1.0,,1.0,1.0,1.0,1.0,1.0,1.0,0.0,,1.0,1.0,,1.0,0.0,1.0,,,0.0,1.0,0.0,,0.0,1.0,0.0,,0.0,0.0,0.0,1.0,,0.0,,0.0,,,1.0,1.0,1.0,,,,0.0,0.0,1.0,0.0,0.0,1.0,1.0,,,,0.0,,1.0,1.0,0.0,0.0,0.0,,0.0,,0.0,,0.0,1.0,,,1.0,,0.0,1.0,0.0,,0.0,0.0,0.0,,1.0,0.0,0.0,1.0,1.0,,1.0,0.0,1.0,,1.0,0.0,1.0,0.0,0.0,0.0,1.0,0.0,1.0,,,,0.0,,,,0.0,1.0,1.0,1.0,1.0,1.0,0.0,,0.0,1.0,1.0,1.0,0.0,,1.0,1.0,,,0.0,,1.0,0.0,0.0,1.0,0.0,0.0,0.0,0.0,0.0,1.0,0.0,0.0,1.0,1.0,1.0,,0.0,,1.0,1.0,1.0,0.0,,1.0,1.0,0.0,0.0,,1.0,1.0,0.0,0.0,0.0,1.0,,,,,,,,,1.0,1.0,1.0,1.0,1.0,0.0,0.0,0.0,1.0,1.0,0.0,1.0,1.0,1.0,,,,1.0,0.0,,1.0,,1.0,0.0,0.0,,,,1.0,,1.0,0.0,,0.0,,0.0,0.0,1.0,1.0,1.0,,1.0,1.0,0.0,0.0,,1.0,,,1.0,,,1.0,,,,1.0,,,1.0,1.0,0.0,1.0,0.0,,0.0,0.0,0.0,,,,,,0.0,1.0,1.0,0.0,0.0,
Eduardo Barbosa,1.0,0.0,1.0,0.0,1.0,1.0,1.0,1.0,1.0,0.0,1.0,0.0,1.0,,,,,,,,,,,,,0.0,,,,,,1.0,1.0,1.0,0.0,,1.0,1.0,1.0,,,,,,0.0,1.0,,1.0,,,0.0,,,,,,0.0,1.0,,0.0,1.0,,,,0.0,0.0,0.0,,,0.0,1.0,0.0,0.0,,1.0,0.0,0.0,1.0,,,0.0,,0.0,,,,,,,0.0,0.0,1.0,,,0.0,0.0,,1.0,1.0,1.0,0.0,0.0,,1.0,1.0,0.0,1.0,1.0,0.0,0.0,,1.0,1.0,0.0,0.0,0.0,,1.0,1.0,0.0,1.0,1.0,1.0,1.0,,1.0,,0.0,,,0.0,0.0,1.0,,,,,,1.0,,1.0,,,,,,,,,1.0,,0.0,,0.0,0.0,0.0,1.0,0.0,1.0,1.0,0.0,0.0,,1.0,,0.0,,0.0,1.0,,,,,,,,,0.0,1.0,,,,,,,0.0,,0.0,,,,0.0,0.0,1.0,1.0,0.0,,0.0,,,,,,,,,,,1.0,0.0,,,,,,,,,,0.0,,,1.0,1.0,0.0,1.0,1.0,1.0,,,,,,,,,1.0,1.0,1.0,1.0,,1.0,0.0,0.0,,,,,,1.0,1.0,1.0,,,,,,,,,,,,0.0,0.0,0.0,0.0,0.0,1.0,,,0.0,1.0,0.0,0.0,1.0,0.0,,1.0,1.0,1.0,1.0,0.0,,,,,0.0,1.0,1.0,1.0,,1.0,1.0,0.0,0.0,0.0,0.0,1.0,0.0,1.0,1.0,0.0,1.0,1.0,0.0,1.0,1.0,1.0,0.0,,,,1.0,1.0,1.0,0.0,0.0,1.0,,,1.0,1.0,1.0,,1.0,,,,,0.0,1.0,1.0,1.0,1.0,,0.0,0.0,0.0,0.0,0.0,0.0,1.0,1.0,0.0,,,,1.0,0.0,,,,,0.0,0.0,,,0.0,0.0,0.0,1.0,1.0,1.0,,,,1.0,0.0,1.0,0.0,1.0,,0.0,0.0,,0.0,1.0,,,1.0,,,0.0,1.0,,,,,,1.0,1.0,0.0,,,1.0,,0.0,1.0,1.0
Eduardo Cunha,1.0,1.0,0.0,,1.0,,1.0,,1.0,0.0,0.0,0.0,1.0,,1.0,1.0,0.0,,1.0,1.0,1.0,,1.0,0.0,,,0.0,1.0,,0.0,1.0,1.0,0.0,,,1.0,1.0,1.0,0.0,0.0,0.0,1.0,0.0,0.0,1.0,0.0,1.0,1.0,0.0,,1.0,1.0,1.0,1.0,1.0,,0.0,0.0,,1.0,1.0,1.0,1.0,0.0,1.0,,,,,1.0,1.0,1.0,,,0.0,0.0,1.0,,0.0,0.0,0.0,,0.0,0.0,0.0,0.0,,,,0.0,0.0,1.0,1.0,0.0,1.0,,1.0,1.0,,0.0,,0.0,1.0,1.0,0.0,0.0,1.0,0.0,1.0,1.0,0.0,0.0,0.0,1.0,1.0,1.0,1.0,0.0,1.0,,1.0,1.0,0.0,1.0,0.0,,0.0,1.0,0.0,,1.0,0.0,0.0,0.0,1.0,0.0,,0.0,1.0,1.0,1.0,1.0,0.0,0.0,0.0,0.0,0.0,0.0,1.0,,,1.0,,1.0,1.0,1.0,,,1.0,,1.0,1.0,1.0,0.0,0.0,1.0,1.0,1.0,1.0,0.0,1.0,,0.0,0.0,1.0,0.0,0.0,1.0,0.0,0.0,,,,0.0,1.0,1.0,0.0,,0.0,,,1.0,1.0,0.0,0.0,,1.0,1.0,0.0,1.0,,0.0,1.0,1.0,,0.0,0.0,0.0,,1.0,1.0,0.0,1.0,0.0,,0.0,,0.0,,0.0,1.0,0.0,1.0,1.0,0.0,0.0,1.0,,0.0,0.0,0.0,,0.0,1.0,0.0,0.0,1.0,1.0,1.0,,,1.0,1.0,1.0,0.0,1.0,0.0,0.0,0.0,1.0,1.0,1.0,0.0,0.0,0.0,0.0,0.0,,1.0,0.0,1.0,1.0,1.0,1.0,1.0,0.0,0.0,0.0,0.0,1.0,0.0,1.0,,1.0,1.0,0.0,1.0,0.0,1.0,1.0,1.0,,1.0,0.0,0.0,1.0,0.0,,1.0,1.0,1.0,1.0,1.0,1.0,1.0,1.0,1.0,,0.0,1.0,0.0,0.0,1.0,1.0,,0.0,1.0,1.0,0.0,1.0,0.0,,1.0,0.0,0.0,0.0,0.0,0.0,1.0,0.0,0.0,,1.0,1.0,1.0,1.0,0.0,0.0,0.0,1.0,1.0,0.0,,0.0,1.0,,0.0,1.0,1.0,0.0,0.0,1.0,,,0.0,,,,,,0.0,1.0,0.0,0.0,0.0,1.0,0.0,0.0,1.0,1.0,1.0,,,1.0,0.0,0.0,1.0,0.0,1.0,1.0,1.0,,1.0,1.0,,0.0,,1.0,1.0,1.0,1.0,,0.0,1.0,0.0,0.0,0.0,0.0,0.0,,1.0,1.0,,1.0,0.0,1.0,,0.0,0.0,1.0
Eduardo Gomes,1.0,,,,,1.0,,,1.0,,,,,,,,1.0,1.0,1.0,1.0,1.0,1.0,1.0,1.0,1.0,0.0,,1.0,,,,,,1.0,0.0,,1.0,,1.0,,,,,,0.0,1.0,0.0,1.0,,,,,,,,,0.0,,,0.0,1.0,,,,0.0,0.0,0.0,,1.0,0.0,1.0,,0.0,,,,0.0,,,1.0,0.0,0.0,0.0,,,,0.0,1.0,0.0,,,1.0,1.0,0.0,,0.0,,1.0,1.0,1.0,,,,,1.0,0.0,,,0.0,0.0,,1.0,,0.0,0.0,0.0,,1.0,,,1.0,,1.0,1.0,,1.0,,0.0,1.0,,0.0,0.0,1.0,,,,,,0.0,,,,,,,,,,,,1.0,,,0.0,0.0,0.0,1.0,0.0,,,0.0,0.0,,1.0,,0.0,0.0,0.0,,,,,,,,,,0.0,1.0,,,,,,,,,,,,,,,,,,,,,,,,,,,,,,,,,,,,,,,,,,,,,,,,,1.0,,,,,,0.0,,,,,1.0,,,,,0.0,,,,,,1.0,1.0,1.0,,,,,,,,,,,,,,,,,,,,0.0,,,,,,,,,,,,,,,,,,,1.0,,,,,0.0,1.0,,,0.0,,,,1.0,,,,,1.0,,,,,,0.0,,,,0.0,1.0,,,,,,,,,,,0.0,,,,,,,,,,,,,,,,,,,,,,,,,,,,,,,,,1.0,,,,1.0,,,0.0,,,,,,,1.0,1.0,1.0,,,,,,,,,,,,,,0.0,,,1.0,,1.0,1.0
Eduardo Lopes,1.0,1.0,0.0,0.0,1.0,1.0,1.0,1.0,1.0,,,0.0,1.0,,,,,,,,,,,,,1.0,0.0,1.0,0.0,0.0,1.0,1.0,0.0,1.0,0.0,,1.0,1.0,1.0,0.0,0.0,,0.0,0.0,1.0,0.0,1.0,1.0,0.0,0.0,1.0,1.0,1.0,1.0,1.0,1.0,,0.0,0.0,1.0,1.0,,1.0,0.0,1.0,1.0,1.0,0.0,0.0,1.0,0.0,1.0,0.0,0.0,0.0,0.0,1.0,0.0,0.0,0.0,0.0,0.0,0.0,0.0,0.0,0.0,0.0,0.0,0.0,0.0,0.0,0.0,1.0,0.0,1.0,1.0,,1.0,1.0,0.0,1.0,0.0,0.0,1.0,0.0,0.0,1.0,0.0,1.0,1.0,0.0,1.0,0.0,1.0,1.0,1.0,1.0,0.0,1.0,0.0,1.0,1.0,0.0,1.0,0.0,1.0,0.0,0.0,1.0,1.0,1.0,0.0,1.0,0.0,1.0,,0.0,0.0,1.0,1.0,1.0,1.0,0.0,0.0,0.0,0.0,0.0,0.0,1.0,1.0,0.0,1.0,0.0,1.0,1.0,1.0,0.0,1.0,1.0,1.0,1.0,1.0,1.0,0.0,0.0,1.0,1.0,1.0,1.0,0.0,1.0,0.0,1.0,0.0,1.0,0.0,,0.0,0.0,0.0,1.0,0.0,0.0,0.0,1.0,1.0,0.0,1.0,0.0,1.0,0.0,1.0,1.0,0.0,0.0,1.0,1.0,1.0,,1.0,0.0,0.0,1.0,1.0,0.0,0.0,0.0,0.0,,1.0,1.0,0.0,1.0,0.0,1.0,0.0,0.0,0.0,0.0,0.0,1.0,0.0,1.0,1.0,0.0,0.0,,0.0,0.0,0.0,0.0,0.0,0.0,1.0,0.0,0.0,1.0,1.0,1.0,1.0,,1.0,1.0,1.0,0.0,1.0,0.0,0.0,0.0,0.0,0.0,,0.0,0.0,0.0,0.0,0.0,1.0,1.0,0.0,1.0,1.0,1.0,0.0,1.0,0.0,0.0,0.0,0.0,1.0,0.0,1.0,0.0,1.0,1.0,0.0,1.0,0.0,,1.0,1.0,0.0,1.0,0.0,0.0,0.0,,1.0,1.0,1.0,1.0,1.0,1.0,0.0,0.0,0.0,,,0.0,1.0,1.0,0.0,1.0,1.0,0.0,1.0,1.0,,,0.0,0.0,0.0,1.0,0.0,1.0,,0.0,0.0,0.0,1.0,1.0,1.0,1.0,1.0,1.0,1.0,0.0,0.0,0.0,1.0,1.0,0.0,1.0,1.0,1.0,,,1.0,1.0,0.0,0.0,1.0,0.0,0.0,0.0,,0.0,0.0,,1.0,0.0,1.0,0.0,0.0,0.0,1.0,0.0,0.0,1.0,1.0,1.0,1.0,1.0,,0.0,,1.0,,,,,,,,,,,1.0,,,,,,,,,,,,1.0,1.0,1.0,1.0,0.0,0.0,1.0,,0.0,1.0,
Eduardo Moura,,,,,,,,,,,,,,,,,,,,,,,,,,,,,,,,,,,,,,,,,,,,,,,,,,,,,,,,,,,,,,,,,,,,,,,,,,,,,,,,,,,,,,,,,,,,,,,,,,,,,,,,,,,,,,,,,,,,,,,,,,,,,,1.0,,,,,,,,,,,,,,,,,,,,,,,,,,,,,,,,,,,,,,,,,,,,,,,,,,,,,,,,,,,,,,,,,,,,,,,,,,,,,,,,,,,,,,,,,,,,1.0,0.0,0.0,,,1.0,1.0,0.0,0.0,,0.0,,,,,,,,,,,,,,,,,,,,,,,,,,,,,,,,,,,,,,,,,,,,,,,,,,,,,,,,,,,,,,,,,,,,,,,,,,,,,,,,,,,,,,,,,,,,,,,,,,,,,,,,,,,,,,,,,,,,,,,,,,,,,,,,,,,,,,,,,,,,,,,,,,,,,,,,,,,,,,,,,,,,,,,,,,,,
Eduardo Sciarra,1.0,,1.0,,,1.0,1.0,,1.0,,1.0,,1.0,0.0,1.0,1.0,1.0,1.0,1.0,,1.0,1.0,1.0,1.0,1.0,0.0,,,,1.0,,1.0,1.0,1.0,,1.0,1.0,1.0,1.0,,,,,,0.0,1.0,,1.0,,,0.0,,,,,1.0,1.0,,,0.0,1.0,,,,0.0,0.0,0.0,,,0.0,1.0,,,,,,,,,1.0,,,,,,,,1.0,,,,1.0,,,0.0,0.0,,1.0,1.0,1.0,0.0,,,,1.0,0.0,,0.0,0.0,0.0,,,0.0,,0.0,0.0,,0.0,1.0,0.0,0.0,0.0,1.0,1.0,,1.0,,1.0,0.0,,0.0,1.0,,,,,,,0.0,,1.0,,,,,,,,,0.0,1.0,0.0,0.0,0.0,0.0,0.0,0.0,0.0,1.0,,,0.0,,1.0,,0.0,,0.0,1.0,,,,,,,,1.0,0.0,1.0,,,,,,,0.0,,0.0,,0.0,0.0,0.0,0.0,1.0,0.0,0.0,,0.0,,,,,,,,,,1.0,,0.0,,,0.0,,,,,,,,,,1.0,1.0,,,1.0,,,,,,,0.0,,,1.0,0.0,1.0,,,1.0,,0.0,,,,,,1.0,1.0,1.0,,,,,,1.0,1.0,,0.0,1.0,1.0,0.0,1.0,1.0,,,,,,0.0,,0.0,0.0,1.0,,,,,1.0,1.0,0.0,0.0,0.0,1.0,0.0,0.0,,,1.0,1.0,1.0,0.0,0.0,1.0,,0.0,1.0,0.0,1.0,,,,,0.0,,0.0,1.0,,,,,,1.0,0.0,0.0,1.0,0.0,0.0,,1.0,1.0,1.0,1.0,,,,,,0.0,1.0,,1.0,,,1.0,0.0,0.0,,,0.0,,1.0,,,,,,0.0,,,,,,,,,0.0,0.0,0.0,1.0,,1.0,,,0.0,1.0,0.0,1.0,0.0,1.0,,,,,,1.0,1.0,1.0,1.0,,,0.0,,,,,1.0,0.0,,,0.0,,,1.0,1.0,0.0,0.0,
Eduardo Valverde,1.0,,0.0,1.0,0.0,,1.0,1.0,,0.0,0.0,0.0,1.0,0.0,1.0,0.0,1.0,1.0,,,,,,1.0,1.0,1.0,0.0,1.0,,0.0,1.0,1.0,0.0,1.0,0.0,,1.0,1.0,0.0,0.0,0.0,,0.0,,1.0,0.0,1.0,1.0,0.0,0.0,1.0,1.0,1.0,1.0,1.0,1.0,0.0,0.0,0.0,1.0,,0.0,,0.0,1.0,,1.0,0.0,0.0,1.0,0.0,1.0,0.0,0.0,0.0,0.0,1.0,0.0,0.0,0.0,0.0,0.0,0.0,0.0,0.0,,0.0,0.0,,0.0,0.0,0.0,1.0,,1.0,1.0,,,1.0,0.0,1.0,,0.0,0.0,0.0,0.0,1.0,0.0,1.0,1.0,0.0,1.0,0.0,1.0,1.0,1.0,1.0,,1.0,,1.0,,,,,1.0,0.0,1.0,,1.0,0.0,1.0,1.0,,,,0.0,,0.0,1.0,1.0,1.0,0.0,0.0,0.0,0.0,0.0,0.0,1.0,0.0,,1.0,0.0,1.0,1.0,1.0,,,1.0,,1.0,,1.0,0.0,0.0,,1.0,1.0,,0.0,1.0,0.0,1.0,0.0,1.0,0.0,0.0,0.0,1.0,0.0,1.0,0.0,0.0,,,1.0,,1.0,,1.0,0.0,0.0,1.0,0.0,0.0,1.0,1.0,,,,0.0,0.0,1.0,1.0,0.0,0.0,0.0,0.0,0.0,1.0,,0.0,1.0,0.0,1.0,0.0,0.0,0.0,0.0,,1.0,0.0,0.0,1.0,0.0,0.0,1.0,0.0,0.0,0.0,,0.0,0.0,1.0,0.0,0.0,1.0,1.0,1.0,1.0,0.0,,1.0,1.0,0.0,,,0.0,0.0,0.0,0.0,1.0,0.0,0.0,0.0,0.0,0.0,0.0,1.0,,,1.0,1.0,1.0,1.0,0.0,0.0,0.0,0.0,1.0,0.0,1.0,0.0,1.0,1.0,0.0,1.0,0.0,,,0.0,0.0,,,,,0.0,1.0,1.0,1.0,1.0,,0.0,1.0,0.0,0.0,1.0,1.0,1.0,1.0,0.0,0.0,1.0,1.0,,1.0,1.0,1.0,0.0,,0.0,0.0,1.0,,1.0,1.0,1.0,0.0,0.0,0.0,0.0,1.0,0.0,,1.0,1.0,0.0,0.0,0.0,1.0,1.0,0.0,1.0,,1.0,,0.0,1.0,1.0,,0.0,,0.0,,,0.0,0.0,0.0,,0.0,0.0,1.0,0.0,0.0,,,0.0,0.0,1.0,1.0,,1.0,1.0,,,,,0.0,,0.0,1.0,,1.0,1.0,,0.0,,,,,1.0,1.0,0.0,,0.0,,,,0.0,1.0,,,,1.0,0.0,,1.0,0.0,0.0,0.0
Eduardo da Fonte,,1.0,0.0,1.0,,1.0,1.0,1.0,,1.0,,0.0,1.0,0.0,,1.0,1.0,,1.0,,1.0,1.0,1.0,1.0,1.0,1.0,0.0,1.0,0.0,,,1.0,0.0,1.0,0.0,1.0,1.0,1.0,1.0,0.0,,1.0,,,1.0,0.0,1.0,1.0,0.0,0.0,1.0,1.0,1.0,1.0,1.0,1.0,0.0,,,1.0,0.0,1.0,1.0,,1.0,,,0.0,0.0,1.0,0.0,1.0,,0.0,0.0,0.0,1.0,0.0,0.0,0.0,0.0,0.0,0.0,0.0,0.0,0.0,0.0,0.0,0.0,0.0,,1.0,1.0,0.0,,,,1.0,1.0,0.0,,0.0,0.0,0.0,0.0,0.0,,,1.0,1.0,0.0,1.0,0.0,,1.0,1.0,,0.0,,0.0,1.0,1.0,0.0,1.0,0.0,1.0,,0.0,1.0,1.0,,0.0,0.0,0.0,,0.0,0.0,,0.0,,1.0,1.0,,,,,0.0,,1.0,1.0,,0.0,0.0,,,1.0,0.0,1.0,1.0,1.0,,1.0,,0.0,0.0,1.0,1.0,1.0,,0.0,1.0,,,,1.0,,,0.0,1.0,,1.0,0.0,0.0,,1.0,1.0,0.0,1.0,0.0,1.0,,1.0,0.0,0.0,0.0,1.0,1.0,1.0,,1.0,0.0,0.0,1.0,1.0,0.0,0.0,0.0,,0.0,1.0,1.0,0.0,1.0,0.0,,0.0,0.0,0.0,0.0,0.0,,0.0,,,,,1.0,,0.0,0.0,,0.0,,1.0,,0.0,1.0,,1.0,,,1.0,1.0,,,,,0.0,,,1.0,0.0,0.0,0.0,0.0,,0.0,0.0,1.0,0.0,1.0,1.0,1.0,1.0,1.0,0.0,,0.0,,1.0,,1.0,0.0,1.0,1.0,0.0,1.0,0.0,1.0,1.0,1.0,,1.0,,0.0,1.0,0.0,1.0,1.0,0.0,1.0,,,,,1.0,,1.0,1.0,1.0,0.0,0.0,,1.0,,0.0,1.0,,,,,,,,0.0,0.0,1.0,1.0,,1.0,1.0,,1.0,,1.0,1.0,0.0,0.0,0.0,1.0,,,1.0,,,,,1.0,1.0,,0.0,,,0.0,,,0.0,0.0,,,,,0.0,0.0,,1.0,0.0,0.0,1.0,,,1.0,1.0,,0.0,,,1.0,0.0,,1.0,,1.0,1.0,,,,1.0,,,,,,,,0.0,,0.0,,,1.0,1.0,1.0,1.0,,,,,1.0,1.0
Efraim Filho,1.0,0.0,,,0.0,1.0,1.0,1.0,,1.0,,,1.0,0.0,1.0,1.0,1.0,1.0,1.0,1.0,1.0,1.0,1.0,1.0,1.0,0.0,,1.0,,,,1.0,,1.0,0.0,1.0,1.0,1.0,1.0,,,,,,,,,1.0,,,0.0,,,,,,1.0,,,0.0,1.0,,,,0.0,0.0,0.0,,,,1.0,,,,,,,,,,,1.0,,,,,,1.0,,,,1.0,,,,0.0,,,1.0,1.0,,,0.0,1.0,1.0,0.0,1.0,1.0,0.0,,,1.0,1.0,0.0,0.0,,,,,,0.0,0.0,1.0,,0.0,1.0,,1.0,0.0,,,,1.0,,,,,,0.0,,1.0,,,,,,,,,,1.0,0.0,0.0,,0.0,0.0,,0.0,1.0,1.0,,0.0,,1.0,,,,0.0,0.0,,,,,,,,,,1.0,,,,,,0.0,0.0,,,,0.0,,0.0,0.0,1.0,,0.0,,,,,,,,,,,,,,0.0,,,,,,,,,,,,,,1.0,,,,,,,,,,0.0,,,1.0,1.0,,,,1.0,,,,1.0,,,,1.0,1.0,,,,,1.0,,1.0,1.0,,,,,,0.0,1.0,,,,,,0.0,,0.0,0.0,1.0,0.0,,,1.0,1.0,,,,,1.0,0.0,0.0,1.0,1.0,1.0,1.0,1.0,0.0,,,,,1.0,,,,,,,,,0.0,,,,,,,1.0,,,,,,,1.0,,,1.0,1.0,,,,,,1.0,1.0,1.0,1.0,,,,0.0,,,,,,,,,,,,,,,,,,,,,,,,1.0,1.0,,,,1.0,0.0,1.0,0.0,,,,,,,1.0,1.0,,,,,,,,,,0.0,0.0,1.0,1.0,,,,,,,1.0,
Elcione Barbalho,1.0,1.0,0.0,,1.0,1.0,1.0,1.0,1.0,1.0,,0.0,1.0,,1.0,0.0,1.0,1.0,,,,,,,,1.0,0.0,1.0,0.0,0.0,,,1.0,1.0,0.0,1.0,1.0,1.0,1.0,,,,0.0,0.0,1.0,0.0,,,,,1.0,1.0,1.0,1.0,1.0,1.0,0.0,0.0,,1.0,1.0,1.0,,0.0,,1.0,1.0,0.0,,1.0,1.0,,0.0,,,0.0,1.0,,,,,,0.0,1.0,0.0,0.0,0.0,,0.0,0.0,,1.0,,0.0,,1.0,1.0,1.0,,,,0.0,,1.0,,,,,1.0,1.0,0.0,1.0,0.0,,,0.0,,0.0,1.0,0.0,1.0,1.0,0.0,1.0,,,0.0,1.0,0.0,1.0,0.0,1.0,1.0,0.0,1.0,,0.0,,1.0,,0.0,1.0,0.0,0.0,0.0,,0.0,,1.0,,,1.0,,,1.0,1.0,,1.0,,,1.0,1.0,1.0,0.0,0.0,1.0,,1.0,1.0,,,0.0,1.0,0.0,1.0,0.0,0.0,0.0,1.0,0.0,1.0,0.0,0.0,0.0,,1.0,0.0,,0.0,1.0,0.0,1.0,0.0,0.0,0.0,,,,,1.0,0.0,0.0,1.0,1.0,0.0,0.0,0.0,0.0,0.0,1.0,,0.0,1.0,0.0,1.0,0.0,,,0.0,,,0.0,1.0,1.0,0.0,0.0,1.0,,0.0,0.0,,0.0,,,0.0,,1.0,1.0,1.0,,,,,,0.0,1.0,0.0,,,1.0,1.0,1.0,0.0,,0.0,,,,,,,,,1.0,1.0,0.0,,0.0,0.0,,,,0.0,1.0,1.0,0.0,1.0,,1.0,1.0,,,1.0,,,,,1.0,,1.0,1.0,,1.0,1.0,1.0,,1.0,,,1.0,,0.0,1.0,1.0,0.0,0.0,,,,1.0,0.0,0.0,,0.0,,,,,,,,,,,1.0,,0.0,0.0,0.0,,1.0,0.0,,,,1.0,0.0,,1.0,,0.0,1.0,,,,,,,,,,,0.0,0.0,,,0.0,0.0,1.0,1.0,1.0,1.0,1.0,1.0,0.0,0.0,,1.0,1.0,1.0,0.0,1.0,,1.0,,,,1.0,1.0,1.0,1.0,,0.0,,,,0.0,,0.0,1.0,1.0,1.0,,1.0,,1.0,,1.0,1.0,1.0
Eleuses Paiva,,,,1.0,1.0,1.0,,1.0,,,1.0,0.0,1.0,,,,,,,,,,,,,,,,,,,1.0,1.0,0.0,0.0,,1.0,1.0,,,,,,,,,,,,,,,,,,,,,,,,1.0,,,,,,,,,,,,,,,,,,,,,,,,,,,,,,,,,,,,,,,,,,,,0.0,1.0,1.0,,,,,,,,,,,,,,,,,,,,,,,,,,,,,,,,,1.0,,,,,,,,,,,,,,,,,,,,,,,,,,,,,,,,,,,,,0.0,1.0,,,,,,,,,,,,,,,,,,,,,,,,,,,,,,,,,,,,,,,,,,,,,,,,1.0,,,,,,,,,,1.0,0.0,,,,1.0,,,,,,,,,,,,,,,,,,,,,,,,,,,1.0,,,0.0,,0.0,0.0,1.0,0.0,,,1.0,1.0,,0.0,,,,0.0,0.0,,1.0,1.0,1.0,1.0,0.0,0.0,1.0,0.0,0.0,1.0,0.0,1.0,,1.0,,,0.0,1.0,,1.0,0.0,,,,0.0,1.0,0.0,0.0,1.0,0.0,0.0,0.0,1.0,1.0,,,1.0,,,,,0.0,1.0,,1.0,1.0,0.0,1.0,0.0,0.0,,,,1.0,1.0,,,,,,1.0,,,,,,,,,0.0,0.0,0.0,1.0,1.0,,,,,,,,,,,,,,,1.0,,,1.0,,,,,,,,,,,,,,,,,,,
Eliene Lima,1.0,1.0,0.0,,1.0,1.0,1.0,1.0,1.0,1.0,0.0,0.0,1.0,0.0,1.0,1.0,0.0,,1.0,1.0,1.0,1.0,1.0,1.0,1.0,1.0,0.0,1.0,0.0,0.0,1.0,1.0,0.0,0.0,0.0,1.0,,1.0,1.0,0.0,0.0,,0.0,0.0,1.0,0.0,1.0,1.0,0.0,0.0,1.0,1.0,1.0,1.0,1.0,1.0,0.0,0.0,0.0,1.0,0.0,1.0,1.0,,,1.0,1.0,0.0,0.0,1.0,1.0,1.0,0.0,0.0,0.0,,1.0,0.0,0.0,0.0,0.0,0.0,0.0,0.0,0.0,0.0,0.0,0.0,0.0,0.0,0.0,1.0,1.0,0.0,1.0,1.0,1.0,1.0,1.0,0.0,,0.0,0.0,0.0,0.0,0.0,1.0,0.0,1.0,1.0,0.0,1.0,1.0,1.0,1.0,1.0,1.0,0.0,1.0,0.0,1.0,1.0,0.0,1.0,,1.0,0.0,0.0,1.0,1.0,1.0,0.0,1.0,0.0,1.0,0.0,,,0.0,1.0,1.0,1.0,0.0,0.0,0.0,0.0,0.0,0.0,1.0,,0.0,0.0,0.0,1.0,1.0,1.0,0.0,1.0,1.0,1.0,1.0,1.0,1.0,0.0,0.0,,1.0,1.0,1.0,0.0,1.0,0.0,,0.0,1.0,0.0,,0.0,1.0,0.0,1.0,0.0,0.0,0.0,1.0,1.0,0.0,1.0,0.0,1.0,0.0,0.0,0.0,1.0,0.0,1.0,,1.0,0.0,1.0,0.0,0.0,1.0,1.0,0.0,0.0,0.0,0.0,0.0,1.0,1.0,0.0,1.0,0.0,1.0,0.0,0.0,0.0,0.0,0.0,,0.0,0.0,1.0,0.0,0.0,1.0,0.0,0.0,0.0,0.0,0.0,0.0,1.0,0.0,0.0,1.0,1.0,1.0,1.0,0.0,0.0,1.0,1.0,0.0,1.0,0.0,0.0,0.0,1.0,0.0,1.0,,0.0,0.0,0.0,0.0,0.0,1.0,0.0,1.0,1.0,1.0,,1.0,0.0,0.0,,0.0,1.0,0.0,,0.0,,1.0,0.0,1.0,0.0,1.0,1.0,1.0,,1.0,0.0,,0.0,0.0,1.0,,1.0,1.0,1.0,1.0,1.0,,1.0,1.0,1.0,,,0.0,,1.0,1.0,,,1.0,1.0,1.0,1.0,0.0,0.0,1.0,,0.0,0.0,,1.0,0.0,1.0,,1.0,1.0,1.0,1.0,1.0,0.0,0.0,,1.0,,0.0,1.0,1.0,,,,,1.0,0.0,0.0,1.0,,0.0,0.0,0.0,0.0,0.0,0.0,1.0,,1.0,0.0,0.0,0.0,1.0,0.0,0.0,,,,1.0,1.0,1.0,0.0,0.0,,1.0,,,1.0,1.0,,,1.0,0.0,1.0,1.0,1.0,1.0,1.0,,0.0,1.0,0.0,,,0.0,0.0,1.0,1.0,1.0,1.0,1.0,0.0,1.0,1.0,1.0,1.0,1.0
Eliseu Padilha,1.0,1.0,0.0,,,1.0,1.0,,1.0,1.0,,0.0,,,1.0,0.0,,,1.0,,1.0,1.0,1.0,,1.0,,,,,,1.0,1.0,1.0,1.0,0.0,1.0,1.0,1.0,,0.0,0.0,1.0,0.0,0.0,1.0,0.0,1.0,,,,,1.0,1.0,1.0,1.0,1.0,,,,,,1.0,1.0,,1.0,,1.0,0.0,0.0,1.0,1.0,,,,0.0,0.0,1.0,,,,,,,,,0.0,0.0,,0.0,0.0,,1.0,1.0,0.0,1.0,,1.0,1.0,,0.0,,,,,,,1.0,0.0,1.0,1.0,0.0,1.0,,,,1.0,,,,,,,0.0,1.0,,1.0,,,,,0.0,1.0,1.0,,1.0,0.0,,0.0,,,,1.0,0.0,,0.0,0.0,0.0,,,0.0,0.0,,0.0,1.0,1.0,1.0,0.0,,1.0,1.0,,1.0,,0.0,0.0,1.0,,1.0,1.0,0.0,1.0,0.0,1.0,0.0,1.0,0.0,,0.0,1.0,0.0,1.0,0.0,0.0,,,,0.0,,,1.0,0.0,,,0.0,0.0,1.0,,,,1.0,0.0,0.0,1.0,1.0,0.0,0.0,,0.0,0.0,1.0,,,1.0,,,0.0,0.0,0.0,,,,,1.0,1.0,,0.0,1.0,0.0,0.0,0.0,0.0,0.0,0.0,1.0,,0.0,1.0,1.0,,,,1.0,1.0,,0.0,1.0,0.0,0.0,,,,,0.0,,,,0.0,0.0,1.0,0.0,,1.0,1.0,1.0,1.0,0.0,0.0,0.0,0.0,1.0,0.0,,0.0,1.0,1.0,0.0,1.0,0.0,,1.0,,0.0,1.0,,,,0.0,1.0,1.0,1.0,,1.0,1.0,1.0,1.0,,1.0,1.0,,,,0.0,,1.0,0.0,,,1.0,,1.0,,0.0,1.0,,,,,,,,,,,,1.0,,,,,1.0,,,,0.0,1.0,,,1.0,,,,,,0.0,,,,,0.0,0.0,0.0,,,,,,,,,,,1.0,,,,,,,1.0,0.0,,,1.0,,,,,1.0,1.0,1.0,1.0,,,,,0.0,0.0,0.0,0.0,,,,1.0,1.0,0.0,,1.0,,1.0,
Elismar Prado,1.0,1.0,0.0,1.0,0.0,1.0,1.0,1.0,,1.0,0.0,,1.0,0.0,1.0,1.0,1.0,1.0,1.0,1.0,1.0,1.0,1.0,1.0,,1.0,0.0,1.0,0.0,0.0,1.0,1.0,0.0,1.0,0.0,1.0,1.0,1.0,0.0,0.0,0.0,1.0,0.0,0.0,1.0,0.0,1.0,1.0,0.0,0.0,1.0,1.0,1.0,1.0,1.0,,0.0,0.0,,1.0,1.0,,,,1.0,1.0,1.0,0.0,0.0,1.0,0.0,1.0,0.0,0.0,,0.0,1.0,0.0,0.0,0.0,0.0,,0.0,0.0,0.0,0.0,0.0,0.0,0.0,0.0,0.0,0.0,1.0,0.0,1.0,1.0,,1.0,1.0,0.0,1.0,0.0,,0.0,0.0,0.0,1.0,0.0,,1.0,,1.0,,1.0,1.0,1.0,1.0,0.0,1.0,0.0,1.0,1.0,0.0,,0.0,,0.0,1.0,0.0,,0.0,1.0,1.0,0.0,1.0,0.0,0.0,0.0,0.0,1.0,1.0,1.0,0.0,0.0,0.0,0.0,0.0,0.0,1.0,1.0,0.0,1.0,0.0,1.0,1.0,1.0,0.0,,1.0,1.0,1.0,1.0,1.0,0.0,0.0,1.0,1.0,1.0,1.0,,,0.0,1.0,,1.0,0.0,0.0,,1.0,0.0,,0.0,0.0,0.0,1.0,1.0,0.0,1.0,0.0,1.0,0.0,1.0,1.0,0.0,0.0,1.0,,1.0,0.0,1.0,0.0,0.0,1.0,1.0,0.0,0.0,,0.0,0.0,1.0,1.0,,1.0,0.0,1.0,,0.0,0.0,,0.0,1.0,0.0,0.0,1.0,0.0,,,0.0,0.0,0.0,0.0,0.0,0.0,1.0,0.0,0.0,1.0,1.0,,,,0.0,1.0,1.0,0.0,1.0,0.0,0.0,0.0,0.0,0.0,1.0,0.0,0.0,,0.0,0.0,0.0,1.0,0.0,1.0,1.0,1.0,,1.0,0.0,0.0,,0.0,1.0,0.0,1.0,0.0,1.0,1.0,0.0,1.0,0.0,,1.0,0.0,0.0,1.0,0.0,0.0,0.0,0.0,1.0,1.0,1.0,1.0,1.0,0.0,1.0,0.0,0.0,,1.0,1.0,1.0,0.0,0.0,1.0,1.0,0.0,,,1.0,,1.0,0.0,0.0,1.0,0.0,1.0,0.0,0.0,1.0,1.0,0.0,0.0,,0.0,1.0,1.0,1.0,0.0,,0.0,1.0,1.0,0.0,1.0,0.0,1.0,,0.0,,1.0,0.0,0.0,1.0,,,0.0,0.0,0.0,0.0,0.0,0.0,0.0,,0.0,0.0,0.0,1.0,0.0,0.0,1.0,1.0,1.0,1.0,1.0,1.0,0.0,0.0,1.0,1.0,0.0,1.0,1.0,,1.0,1.0,1.0,0.0,1.0,,1.0,1.0,,1.0,0.0,1.0,0.0,0.0,0.0,0.0,,1.0,1.0,1.0,1.0,,0.0,1.0,1.0,1.0,,
Elizeu Aguiar,,,,1.0,1.0,1.0,,0.0,,,0.0,,,,,,,,,,,,,,,,,,,,,1.0,0.0,0.0,1.0,,1.0,,,,,,,,,,,,,,,,,,,,,,,,,1.0,,,,,,,,,,,,,,,,,,,,,,,,,,,,,,,,,,,,,,,,,,,,,,,,,,,,,,,,,,,,,,,,,,,,,,,,,,,,,,,1.0,,,,,,,,,,,,,,,,,,,1.0,,,,,,,,,,,,,,0.0,1.0,0.0,0.0,,1.0,,,,,,,,,,,,,,,,,,,,,,,,,,,,,,,,,,,,,,,,,,,,,,,,1.0,,,,,,,,,,1.0,1.0,1.0,1.0,,1.0,,,,,,,0.0,1.0,0.0,1.0,,0.0,0.0,,,,,0.0,1.0,,,1.0,1.0,0.0,0.0,0.0,,,0.0,1.0,0.0,1.0,1.0,0.0,1.0,0.0,1.0,1.0,1.0,0.0,,0.0,0.0,1.0,0.0,1.0,,1.0,1.0,,1.0,1.0,1.0,1.0,1.0,1.0,,,,,,1.0,0.0,0.0,,,,,0.0,0.0,1.0,0.0,0.0,0.0,1.0,0.0,0.0,0.0,0.0,,,1.0,1.0,1.0,,,,,,,1.0,1.0,1.0,1.0,0.0,1.0,1.0,,0.0,,0.0,0.0,,0.0,0.0,0.0,0.0,,,1.0,0.0,0.0,,1.0,0.0,0.0,,,,,1.0,,0.0,0.0,1.0,,,,,,,,,,,1.0,,,1.0,,,,,,,,,,,,,,,,,,,
Emanuel Fernandes,1.0,0.0,1.0,1.0,1.0,1.0,1.0,1.0,1.0,0.0,0.0,1.0,1.0,0.0,1.0,0.0,1.0,1.0,1.0,1.0,1.0,1.0,1.0,1.0,1.0,0.0,,1.0,,,,1.0,1.0,1.0,0.0,1.0,0.0,0.0,1.0,,,,,,0.0,1.0,0.0,1.0,,,0.0,0.0,0.0,0.0,0.0,1.0,0.0,1.0,,0.0,1.0,1.0,,,0.0,0.0,0.0,,1.0,0.0,1.0,,0.0,,1.0,0.0,0.0,1.0,,1.0,0.0,0.0,0.0,0.0,0.0,0.0,0.0,1.0,0.0,0.0,0.0,1.0,1.0,0.0,0.0,0.0,1.0,1.0,1.0,1.0,0.0,0.0,0.0,1.0,1.0,1.0,0.0,0.0,0.0,0.0,,1.0,1.0,0.0,0.0,0.0,,1.0,1.0,0.0,0.0,1.0,1.0,1.0,,1.0,,0.0,1.0,,1.0,0.0,1.0,1.0,,,,,0.0,,,,,,,,,,,1.0,1.0,0.0,,0.0,0.0,0.0,1.0,0.0,1.0,,0.0,0.0,,1.0,,0.0,0.0,0.0,1.0,,,,,,,,,0.0,1.0,,,,,,0.0,0.0,,0.0,,0.0,0.0,0.0,0.0,1.0,1.0,0.0,,0.0,,,,,,,,,,,1.0,0.0,,,0.0,,,,,,1.0,0.0,,,1.0,1.0,0.0,1.0,1.0,1.0,,,,,,0.0,,,1.0,0.0,1.0,0.0,,1.0,0.0,0.0,,,,,1.0,1.0,0.0,0.0,1.0,1.0,,1.0,1.0,1.0,,,0.0,,0.0,0.0,0.0,0.0,0.0,,1.0,0.0,,0.0,1.0,0.0,1.0,0.0,0.0,,0.0,1.0,0.0,1.0,0.0,0.0,0.0,0.0,,0.0,1.0,1.0,1.0,,1.0,0.0,0.0,0.0,0.0,0.0,1.0,0.0,1.0,1.0,0.0,1.0,1.0,0.0,0.0,1.0,1.0,0.0,,,,1.0,1.0,1.0,0.0,1.0,0.0,0.0,0.0,1.0,1.0,1.0,1.0,1.0,1.0,,,,0.0,1.0,1.0,1.0,1.0,0.0,1.0,0.0,0.0,0.0,0.0,0.0,1.0,1.0,0.0,,,,,0.0,,,,,0.0,0.0,,,0.0,0.0,0.0,1.0,1.0,1.0,,,,0.0,0.0,1.0,0.0,1.0,,,0.0,0.0,0.0,1.0,0.0,0.0,1.0,,,0.0,,,,,,,1.0,1.0,0.0,0.0,,1.0,1.0,0.0,1.0,0.0
Emilia Fernandes,1.0,,,1.0,1.0,1.0,,1.0,,1.0,0.0,0.0,1.0,0.0,1.0,0.0,1.0,1.0,1.0,,,,,,,,,,,,,1.0,0.0,1.0,0.0,1.0,1.0,1.0,,,,,,,,,,,,,,,,,,,,,,,,,,,,,,,,,,,,,,,,,,,,,,,,,,,,,,,,,,,1.0,,,,,,,,,,1.0,0.0,,,,,,,,,,,,,,,,,,,,,,,,,,,,,,,,,1.0,,,,,,,,,,,,,,,,,,,,,,,,,,,,,,,0.0,1.0,0.0,1.0,0.0,0.0,0.0,1.0,,,,,,,,,,,,,,,,,,1.0,,,,,,,,,,,,,,,,,,,,,,,,,,,,,,,,,,,,,,,,1.0,1.0,1.0,,,1.0,,,,,,,0.0,,,,0.0,,,,0.0,0.0,1.0,0.0,1.0,,,1.0,1.0,0.0,0.0,0.0,0.0,,,1.0,,1.0,1.0,0.0,1.0,0.0,,1.0,0.0,0.0,1.0,,0.0,0.0,,1.0,,1.0,,1.0,0.0,1.0,0.0,0.0,1.0,1.0,1.0,,0.0,,,,,,1.0,1.0,0.0,1.0,0.0,0.0,,,1.0,,0.0,1.0,0.0,0.0,0.0,1.0,1.0,,,1.0,,0.0,,,1.0,0.0,1.0,0.0,0.0,1.0,,1.0,1.0,0.0,0.0,,,0.0,0.0,0.0,0.0,0.0,0.0,,,,,,0.0,,0.0,,1.0,1.0,1.0,,1.0,,0.0,0.0,1.0,1.0,1.0,0.0,,,1.0,,,,,,,,1.0,1.0,,,,0.0,0.0,0.0,0.0,,,,,1.0,,,,1.0,1.0,
Emiliano José,,,,1.0,1.0,,,1.0,,,0.0,,1.0,,,,,,,,,,,,,,,,,,,1.0,,1.0,0.0,,1.0,1.0,,,,,,,,,,,,,,,,,,,,,,,,,,,,,,,,,,,,,,,,,,,,,,,,,,,,,,,,,,,,,,,,,,,,0.0,1.0,0.0,,,,,,,,,,,,,,,,,,,,,,,,,,,,,,,,,,,,,,,,,,,,,,,,,,,,,,,,,,,,,,,,0.0,1.0,0.0,,0.0,0.0,,,,,,,,,,,,,,,,,,,,1.0,,,,,,,,,,,,,,,,,,,,,,,,,,,,,,,,,,,,,,,,1.0,1.0,,,,0.0,,,,,,,,,,,,,,,,,,,,,,,,,0.0,0.0,,,,1.0,,1.0,1.0,0.0,1.0,0.0,,,0.0,,1.0,,0.0,0.0,0.0,1.0,,1.0,,1.0,0.0,1.0,0.0,0.0,1.0,1.0,1.0,,0.0,0.0,,,0.0,1.0,1.0,,0.0,1.0,0.0,0.0,1.0,0.0,1.0,0.0,0.0,1.0,0.0,0.0,0.0,1.0,0.0,1.0,,1.0,,0.0,0.0,1.0,,,1.0,0.0,1.0,,,,,,,,,,,0.0,0.0,0.0,0.0,0.0,,,,,,1.0,,,,,,,1.0,,,,,,,,,,,,,,,1.0,,,,,,,,,,,,,,,,,,,,,,
Enio Bacci,,,,1.0,1.0,1.0,,1.0,,,0.0,,,0.0,1.0,1.0,1.0,,,,,,,,,,,,,,,1.0,0.0,1.0,0.0,1.0,1.0,1.0,,0.0,0.0,1.0,,,,,,,,0.0,,,,,,,,,,,,1.0,,,,,,,,,,,,,0.0,,,,,,,,,,,,,,,,0.0,0.0,,0.0,,,,,,,,,,,,0.0,1.0,0.0,,,,,0.0,,,0.0,,0.0,,,0.0,0.0,,,,,,0.0,1.0,,,0.0,,0.0,,,0.0,,,,1.0,,,,,,,,,1.0,,,,,,,0.0,,,1.0,,1.0,1.0,,0.0,1.0,,,,0.0,,0.0,1.0,0.0,1.0,0.0,0.0,0.0,1.0,,,0.0,,,,,,,,,,,,,,,1.0,,,,,,,,,,,,,,,,,0.0,,,,0.0,,,,,,,,,,,,,,,0.0,,0.0,0.0,1.0,1.0,,,,1.0,,1.0,,,,,,,,,0.0,0.0,,,,,,,,,,,1.0,,0.0,0.0,0.0,,0.0,1.0,0.0,1.0,1.0,1.0,1.0,0.0,,1.0,0.0,0.0,1.0,0.0,0.0,0.0,0.0,0.0,1.0,0.0,0.0,1.0,1.0,1.0,0.0,,1.0,1.0,1.0,1.0,0.0,0.0,1.0,,,,1.0,1.0,0.0,0.0,0.0,0.0,1.0,,,1.0,0.0,0.0,0.0,0.0,0.0,1.0,1.0,1.0,1.0,1.0,0.0,0.0,0.0,1.0,1.0,,1.0,1.0,,1.0,,1.0,1.0,,,,0.0,0.0,,0.0,0.0,0.0,0.0,,,1.0,,0.0,,1.0,0.0,,1.0,1.0,1.0,1.0,1.0,1.0,,,,1.0,0.0,0.0,,1.0,,1.0,,,,1.0,1.0,1.0,,,,1.0,,,,,,,,,,,,,0.0,0.0,,
Enéas,,,,,,,,,,,,,,,,,,,,,,,,,,,,,,,,,,,,,,,,,,,,,,,,,,,,,,,,,,,,,,,,,,,1.0,,,,,,,,,,,,,,,,,,,,,,,,,,,,,0.0,,,,,,,,,,,,,,,,,,,,,,,,,,,,,,,,,,,,,,,,,,,,,,,,,,,,,,,,,,,,,,,,,,,,,,,,,,,,,,,,,,,,,,,,,,,,,,,,,,,,,,,,,,,,,,,,,,,,,,,,,,,,,,,,,,,,,,,,,,,,,,,,,,,,,,,,,,,,,,,,,,,,,,,,,,,,,,,,,,,,,,,,,,,,,,,,,,,,,,,,,,,,,,,,,,,,,,,,,,,,,,,,,,,,,,,,,,,,,,,,,,,,,,,,,,,,,,,,,,,,,,,,,,,,,,,,,,,,,,,,,,,,,,,,,,,,,,,,,,,,,,,,
Ernandes Amorim,,1.0,0.0,1.0,1.0,1.0,1.0,1.0,1.0,1.0,0.0,,1.0,,,,,,,,1.0,1.0,1.0,1.0,1.0,1.0,,,0.0,0.0,1.0,1.0,,1.0,0.0,,1.0,1.0,1.0,0.0,0.0,1.0,,,1.0,0.0,0.0,,0.0,0.0,1.0,1.0,1.0,1.0,1.0,,0.0,0.0,0.0,1.0,,,,0.0,1.0,1.0,1.0,,0.0,1.0,0.0,,0.0,0.0,,0.0,1.0,,,,,0.0,0.0,0.0,0.0,0.0,,0.0,0.0,0.0,0.0,,1.0,0.0,1.0,1.0,,1.0,,0.0,,0.0,0.0,0.0,0.0,0.0,,1.0,1.0,,0.0,,0.0,,,1.0,1.0,0.0,,,1.0,1.0,,1.0,,,0.0,,1.0,,,,1.0,0.0,,0.0,,0.0,0.0,1.0,0.0,,,,,0.0,0.0,0.0,1.0,1.0,,,0.0,1.0,1.0,1.0,0.0,,1.0,,,1.0,,0.0,,1.0,,1.0,0.0,0.0,1.0,0.0,1.0,,,0.0,,0.0,1.0,,1.0,,0.0,0.0,1.0,1.0,0.0,1.0,0.0,,,0.0,0.0,,0.0,1.0,1.0,1.0,0.0,1.0,,,1.0,1.0,,,,,,,,,,,0.0,1.0,,0.0,0.0,,,,0.0,1.0,0.0,0.0,1.0,,0.0,0.0,0.0,0.0,0.0,1.0,,0.0,1.0,1.0,,,0.0,1.0,1.0,1.0,,,,0.0,,,,,0.0,0.0,1.0,,0.0,0.0,1.0,0.0,1.0,,,,1.0,0.0,,0.0,,,0.0,1.0,0.0,1.0,1.0,0.0,1.0,0.0,,1.0,0.0,,1.0,0.0,,1.0,0.0,1.0,1.0,1.0,1.0,1.0,1.0,1.0,0.0,1.0,1.0,1.0,0.0,,,0.0,1.0,1.0,0.0,,1.0,1.0,1.0,1.0,0.0,0.0,,,0.0,1.0,1.0,1.0,0.0,1.0,,1.0,1.0,1.0,,1.0,0.0,0.0,,1.0,,,1.0,,1.0,1.0,,1.0,1.0,,0.0,,,,,0.0,0.0,0.0,0.0,1.0,0.0,1.0,,,,1.0,0.0,0.0,,,,,,,,,,,0.0,,0.0,,,,,,,,,,,1.0,,,,0.0,0.0,0.0,0.0,,,1.0,1.0,1.0,,,,,,0.0
Eudes Xavier,1.0,1.0,,,,1.0,,1.0,1.0,0.0,0.0,,1.0,,,,,,,,1.0,1.0,1.0,1.0,1.0,1.0,0.0,1.0,0.0,0.0,1.0,1.0,0.0,1.0,0.0,,,1.0,0.0,,,,,,1.0,0.0,1.0,1.0,0.0,0.0,1.0,1.0,1.0,1.0,1.0,,0.0,,0.0,1.0,,1.0,1.0,0.0,1.0,1.0,1.0,0.0,0.0,1.0,0.0,1.0,,0.0,0.0,0.0,1.0,0.0,0.0,0.0,0.0,0.0,0.0,,,,,,,0.0,0.0,0.0,1.0,0.0,1.0,1.0,1.0,1.0,1.0,0.0,,0.0,0.0,0.0,,0.0,1.0,0.0,1.0,1.0,0.0,1.0,0.0,1.0,,1.0,1.0,0.0,1.0,0.0,0.0,1.0,0.0,1.0,0.0,,0.0,1.0,0.0,1.0,0.0,1.0,1.0,0.0,1.0,0.0,,,,1.0,,1.0,0.0,0.0,0.0,0.0,0.0,0.0,1.0,,0.0,1.0,0.0,1.0,1.0,1.0,0.0,1.0,,1.0,1.0,1.0,1.0,0.0,,1.0,1.0,1.0,,0.0,1.0,,,0.0,1.0,,0.0,0.0,1.0,0.0,1.0,0.0,,0.0,1.0,1.0,0.0,1.0,,1.0,0.0,1.0,1.0,0.0,0.0,1.0,,,,,0.0,0.0,1.0,1.0,0.0,0.0,0.0,,0.0,1.0,1.0,0.0,1.0,0.0,1.0,0.0,0.0,0.0,0.0,0.0,1.0,0.0,0.0,1.0,,0.0,1.0,,0.0,0.0,0.0,0.0,0.0,1.0,,0.0,1.0,,1.0,1.0,0.0,0.0,,1.0,,,,,0.0,0.0,0.0,1.0,0.0,,0.0,,,,,0.0,1.0,1.0,1.0,1.0,1.0,0.0,0.0,0.0,0.0,1.0,0.0,1.0,0.0,,,,,,1.0,1.0,0.0,,1.0,0.0,0.0,0.0,0.0,1.0,1.0,,0.0,1.0,,1.0,,,1.0,1.0,0.0,1.0,0.0,0.0,1.0,1.0,0.0,1.0,1.0,1.0,0.0,1.0,,,,,1.0,0.0,0.0,1.0,0.0,0.0,0.0,1.0,0.0,1.0,1.0,,,0.0,0.0,1.0,1.0,,,,,,,,,,,,0.0,0.0,,,,,,0.0,0.0,1.0,0.0,0.0,,1.0,0.0,0.0,1.0,1.0,1.0,1.0,1.0,1.0,,,,,,,1.0,1.0,,,,,,1.0,,,1.0,1.0,0.0,1.0,0.0,0.0,0.0,0.0,,1.0,1.0,1.0,,,,,1.0,0.0,0.0,
Eugênio Rabelo,1.0,1.0,0.0,1.0,,,1.0,1.0,1.0,1.0,0.0,0.0,1.0,,1.0,1.0,1.0,1.0,1.0,1.0,1.0,1.0,1.0,1.0,1.0,1.0,0.0,1.0,0.0,,,1.0,0.0,0.0,0.0,1.0,1.0,1.0,1.0,0.0,0.0,1.0,0.0,0.0,1.0,0.0,1.0,1.0,0.0,0.0,1.0,1.0,1.0,1.0,1.0,,,0.0,0.0,1.0,0.0,1.0,1.0,0.0,1.0,,1.0,0.0,0.0,1.0,0.0,1.0,,0.0,,0.0,1.0,0.0,0.0,0.0,0.0,0.0,0.0,0.0,0.0,0.0,0.0,0.0,0.0,0.0,0.0,1.0,1.0,0.0,,1.0,1.0,1.0,1.0,0.0,,0.0,,0.0,0.0,,,,,1.0,0.0,1.0,,,,1.0,1.0,,1.0,0.0,1.0,1.0,0.0,1.0,0.0,,0.0,0.0,1.0,1.0,,0.0,1.0,0.0,1.0,0.0,,0.0,,1.0,1.0,1.0,0.0,0.0,0.0,0.0,0.0,0.0,1.0,1.0,0.0,1.0,,1.0,1.0,1.0,0.0,1.0,1.0,1.0,1.0,1.0,1.0,,0.0,,1.0,,,0.0,1.0,0.0,,0.0,1.0,,,,1.0,0.0,1.0,0.0,0.0,0.0,1.0,1.0,,,,1.0,0.0,0.0,0.0,1.0,,,1.0,1.0,,,0.0,0.0,1.0,1.0,0.0,0.0,0.0,0.0,0.0,1.0,1.0,,1.0,0.0,,0.0,0.0,0.0,0.0,,1.0,0.0,0.0,1.0,0.0,0.0,1.0,,0.0,0.0,0.0,0.0,,,0.0,0.0,1.0,1.0,1.0,1.0,0.0,,1.0,1.0,0.0,1.0,0.0,0.0,0.0,1.0,,0.0,,0.0,,0.0,,,,0.0,1.0,1.0,1.0,1.0,1.0,0.0,0.0,0.0,0.0,,,1.0,,1.0,1.0,0.0,1.0,0.0,1.0,,1.0,1.0,1.0,0.0,0.0,1.0,0.0,1.0,,1.0,,,1.0,1.0,0.0,1.0,1.0,1.0,,1.0,0.0,0.0,,1.0,,0.0,,1.0,,,0.0,0.0,1.0,,,,,,,,,,1.0,,,1.0,0.0,0.0,0.0,1.0,1.0,0.0,1.0,,1.0,1.0,0.0,,1.0,0.0,0.0,,0.0,,0.0,0.0,,0.0,,1.0,0.0,1.0,0.0,0.0,0.0,1.0,0.0,0.0,1.0,1.0,1.0,1.0,1.0,1.0,0.0,0.0,1.0,0.0,1.0,1.0,,1.0,1.0,1.0,,,,,1.0,1.0,1.0,1.0,0.0,1.0,0.0,0.0,0.0,,0.0,1.0,1.0,1.0,1.0,1.0,0.0,,1.0,1.0,1.0,1.0
Eunício Oliveira,,1.0,,1.0,,1.0,1.0,1.0,,,0.0,,1.0,1.0,1.0,0.0,1.0,1.0,1.0,1.0,1.0,1.0,1.0,1.0,1.0,1.0,0.0,1.0,0.0,0.0,,1.0,,1.0,0.0,1.0,1.0,,1.0,0.0,,1.0,0.0,0.0,1.0,0.0,1.0,1.0,0.0,0.0,1.0,1.0,1.0,1.0,1.0,,0.0,0.0,0.0,1.0,,,,0.0,1.0,1.0,1.0,0.0,,1.0,1.0,1.0,0.0,0.0,0.0,0.0,1.0,0.0,0.0,0.0,0.0,0.0,0.0,0.0,,,0.0,,0.0,,,,,0.0,1.0,,,1.0,1.0,0.0,,,,,,0.0,1.0,0.0,1.0,1.0,,1.0,1.0,1.0,,,1.0,,1.0,0.0,1.0,1.0,0.0,,0.0,,,1.0,0.0,,0.0,1.0,1.0,0.0,,0.0,,,,1.0,1.0,,,0.0,0.0,0.0,,0.0,1.0,1.0,0.0,1.0,,,1.0,1.0,,,1.0,,1.0,,,0.0,0.0,1.0,1.0,,1.0,0.0,1.0,0.0,,0.0,1.0,0.0,0.0,0.0,1.0,,,0.0,,0.0,,,,,0.0,1.0,,0.0,,0.0,0.0,1.0,,1.0,,1.0,0.0,0.0,,1.0,,,,0.0,0.0,1.0,1.0,,,,,0.0,,0.0,0.0,,1.0,0.0,1.0,,,,1.0,0.0,0.0,0.0,0.0,0.0,0.0,1.0,0.0,0.0,,1.0,1.0,1.0,0.0,,1.0,1.0,0.0,,0.0,,0.0,1.0,1.0,1.0,,0.0,0.0,0.0,,,1.0,0.0,1.0,1.0,1.0,1.0,1.0,0.0,0.0,0.0,,1.0,,,0.0,1.0,1.0,,1.0,0.0,,1.0,,,1.0,0.0,0.0,1.0,0.0,1.0,1.0,1.0,1.0,1.0,1.0,,1.0,1.0,1.0,1.0,,1.0,,0.0,1.0,1.0,,,1.0,,,1.0,,,1.0,0.0,0.0,0.0,,0.0,,0.0,0.0,1.0,,1.0,,1.0,,,0.0,1.0,,0.0,,,1.0,,,1.0,,0.0,,,,,0.0,0.0,1.0,0.0,0.0,,0.0,,,0.0,0.0,,0.0,0.0,1.0,1.0,,1.0,,1.0,0.0,0.0,,,,,,,1.0,1.0,,,,1.0,1.0,1.0,1.0,1.0,0.0,1.0,,0.0,0.0,,,,,,,,0.0,1.0,1.0,1.0,,
Euripedes Miranda,,,,,,,,,,,,,,,,,,,,,,,,,,,,,,,,,,,,,,,,,,,,,,,,,,,,,,,,,,,,,,,,,,,,,,,,,,,,,,,,,,,,,,,,,,,,,,,,,,,,,,,,,,,,,,,,,,,,,,,,,,,,,,,,,,,,,,,,,,,,,,,,,,,,,,,,,,,,,,,,,,,,,,,,,,,,,,,,,,,,,,,,,,,,,,,,,,,,,,,,,,,,,,,,,,,,,,,,,,,,,,,,,,,,,,,,,,,,,,,,,,,,,,,,,,,,,,,,,,,,,,,,,,,,,,,,,,,,,,,,,,,,,,,,,,,,,,,,,,,,,,,,,,,,,,,,,,,,,,,,,,,,,,,,,,,,,,,,,,,,,,,,,,,,,,,,,,,,,,,,,,,,,,,,,,,,,,,,,,,,,,,,,,0.0,0.0,,,,,,,,,,,,,
Evandro Milhomen,,1.0,0.0,0.0,1.0,1.0,1.0,1.0,1.0,1.0,1.0,0.0,1.0,0.0,1.0,0.0,1.0,1.0,1.0,1.0,1.0,1.0,1.0,1.0,1.0,1.0,0.0,1.0,0.0,0.0,,1.0,0.0,1.0,0.0,1.0,1.0,,0.0,0.0,0.0,1.0,0.0,0.0,1.0,0.0,1.0,,0.0,0.0,1.0,1.0,1.0,1.0,1.0,1.0,,0.0,0.0,1.0,,0.0,1.0,0.0,,1.0,1.0,,0.0,1.0,1.0,1.0,0.0,0.0,0.0,0.0,1.0,0.0,0.0,1.0,0.0,,,0.0,0.0,0.0,0.0,0.0,0.0,0.0,0.0,0.0,1.0,0.0,1.0,1.0,,1.0,,0.0,1.0,0.0,1.0,1.0,0.0,,1.0,0.0,1.0,1.0,0.0,1.0,1.0,1.0,1.0,1.0,1.0,0.0,1.0,0.0,1.0,1.0,0.0,1.0,0.0,1.0,0.0,1.0,0.0,1.0,0.0,1.0,1.0,0.0,1.0,,0.0,0.0,1.0,1.0,1.0,,,,,0.0,,0.0,1.0,1.0,,1.0,0.0,1.0,1.0,1.0,0.0,,1.0,,1.0,1.0,1.0,0.0,0.0,1.0,1.0,1.0,1.0,0.0,,0.0,1.0,0.0,1.0,0.0,0.0,0.0,1.0,,1.0,0.0,0.0,0.0,1.0,,0.0,1.0,0.0,1.0,,1.0,1.0,0.0,0.0,1.0,1.0,1.0,0.0,,0.0,0.0,1.0,1.0,0.0,0.0,0.0,0.0,0.0,1.0,1.0,0.0,1.0,0.0,1.0,0.0,0.0,0.0,0.0,0.0,1.0,,0.0,,0.0,0.0,1.0,0.0,0.0,0.0,0.0,0.0,0.0,1.0,0.0,0.0,,1.0,,,0.0,0.0,1.0,,0.0,1.0,0.0,0.0,,,,,,,,0.0,0.0,1.0,1.0,,1.0,1.0,1.0,1.0,1.0,0.0,0.0,0.0,0.0,1.0,0.0,1.0,0.0,1.0,1.0,0.0,1.0,,,1.0,0.0,,,1.0,1.0,0.0,0.0,1.0,,0.0,0.0,1.0,1.0,1.0,0.0,,1.0,1.0,1.0,1.0,1.0,0.0,1.0,1.0,,0.0,1.0,1.0,0.0,0.0,0.0,0.0,1.0,,1.0,1.0,0.0,0.0,0.0,0.0,1.0,1.0,1.0,,1.0,1.0,0.0,0.0,0.0,1.0,1.0,0.0,1.0,,1.0,,0.0,1.0,1.0,0.0,0.0,1.0,0.0,0.0,0.0,0.0,0.0,0.0,0.0,,0.0,1.0,0.0,0.0,0.0,1.0,0.0,0.0,1.0,1.0,1.0,,1.0,1.0,0.0,0.0,1.0,1.0,0.0,0.0,1.0,1.0,1.0,1.0,1.0,0.0,1.0,1.0,1.0,1.0,1.0,1.0,0.0,1.0,,0.0,0.0,0.0,0.0,,1.0,1.0,1.0,0.0,0.0,1.0,,,,1.0
Felipe Bornier,,1.0,0.0,1.0,,1.0,,1.0,1.0,1.0,0.0,,1.0,0.0,1.0,1.0,1.0,1.0,1.0,1.0,1.0,1.0,1.0,1.0,1.0,,0.0,1.0,0.0,0.0,1.0,1.0,0.0,1.0,0.0,1.0,1.0,1.0,0.0,0.0,0.0,1.0,0.0,0.0,1.0,0.0,1.0,1.0,0.0,0.0,1.0,1.0,1.0,1.0,1.0,1.0,,,0.0,1.0,1.0,,1.0,0.0,1.0,,,0.0,0.0,1.0,1.0,1.0,0.0,0.0,0.0,0.0,1.0,0.0,0.0,,0.0,0.0,0.0,,0.0,0.0,0.0,0.0,0.0,0.0,0.0,1.0,1.0,0.0,1.0,,1.0,1.0,,0.0,,0.0,0.0,0.0,1.0,0.0,1.0,,,1.0,0.0,1.0,0.0,,1.0,1.0,1.0,0.0,1.0,0.0,1.0,1.0,0.0,1.0,0.0,1.0,0.0,0.0,1.0,1.0,1.0,0.0,1.0,0.0,1.0,0.0,0.0,0.0,0.0,1.0,1.0,1.0,0.0,0.0,0.0,,0.0,,,0.0,0.0,0.0,0.0,1.0,1.0,1.0,,1.0,1.0,,1.0,1.0,1.0,0.0,0.0,,1.0,,1.0,0.0,1.0,,,,0.0,0.0,0.0,1.0,0.0,0.0,1.0,,,0.0,1.0,1.0,0.0,1.0,0.0,0.0,0.0,0.0,0.0,,0.0,1.0,,1.0,0.0,1.0,,0.0,1.0,1.0,0.0,0.0,0.0,0.0,,1.0,1.0,0.0,1.0,0.0,1.0,0.0,0.0,0.0,0.0,0.0,1.0,0.0,1.0,1.0,0.0,0.0,,,0.0,,,0.0,0.0,,0.0,0.0,1.0,1.0,1.0,1.0,0.0,1.0,,1.0,0.0,1.0,0.0,0.0,0.0,0.0,1.0,1.0,0.0,0.0,0.0,0.0,0.0,0.0,1.0,0.0,1.0,1.0,1.0,1.0,1.0,0.0,0.0,0.0,0.0,1.0,0.0,1.0,0.0,1.0,1.0,0.0,1.0,0.0,1.0,1.0,1.0,0.0,1.0,0.0,0.0,1.0,0.0,1.0,,1.0,1.0,1.0,0.0,1.0,1.0,,1.0,,,1.0,0.0,,,,,,,1.0,0.0,1.0,0.0,0.0,1.0,0.0,1.0,0.0,0.0,0.0,1.0,0.0,1.0,,1.0,,1.0,1.0,0.0,0.0,,1.0,1.0,0.0,1.0,0.0,1.0,,,1.0,1.0,0.0,0.0,1.0,0.0,0.0,0.0,,0.0,,,,0.0,1.0,0.0,0.0,0.0,1.0,0.0,0.0,,1.0,1.0,1.0,1.0,1.0,0.0,0.0,,,0.0,0.0,1.0,1.0,1.0,1.0,1.0,0.0,1.0,1.0,1.0,1.0,,1.0,0.0,1.0,0.0,0.0,,0.0,0.0,1.0,1.0,1.0,1.0,1.0,0.0,,1.0,1.0,1.0,
Felipe Maia,1.0,0.0,1.0,1.0,1.0,1.0,1.0,,1.0,0.0,0.0,,1.0,0.0,1.0,1.0,1.0,1.0,1.0,,,1.0,1.0,1.0,1.0,0.0,,,,,,1.0,1.0,1.0,0.0,1.0,1.0,1.0,1.0,,,,,,0.0,1.0,,1.0,,1.0,0.0,,,,,,1.0,,,0.0,1.0,1.0,,,0.0,0.0,0.0,,,0.0,1.0,,,,,,,,,1.0,,,,,,,,,,,,,,,0.0,0.0,1.0,1.0,1.0,1.0,0.0,0.0,0.0,1.0,,,,,0.0,0.0,,1.0,,0.0,0.0,0.0,,0.0,1.0,,1.0,0.0,1.0,1.0,0.0,1.0,,1.0,0.0,,0.0,1.0,1.0,,,,,,0.0,,0.0,,,,,,,,,,1.0,0.0,0.0,0.0,0.0,0.0,,0.0,1.0,1.0,,0.0,,1.0,,0.0,0.0,0.0,0.0,,,,,,,,,,1.0,,,,,,0.0,0.0,,,,0.0,0.0,0.0,0.0,1.0,0.0,0.0,,0.0,,,,,,,,,,1.0,,,,,0.0,,,,,,,,,,1.0,,,,1.0,,,,,,,0.0,,,1.0,0.0,,,,1.0,0.0,0.0,,,,,,,,,,,,1.0,,1.0,0.0,,,1.0,1.0,0.0,0.0,1.0,,,1.0,,,,,0.0,0.0,1.0,,,,1.0,1.0,1.0,,,,1.0,1.0,0.0,1.0,1.0,1.0,1.0,1.0,0.0,0.0,0.0,0.0,0.0,,0.0,1.0,,,,,,,0.0,1.0,0.0,,,,0.0,1.0,0.0,,1.0,0.0,,0.0,,1.0,,1.0,1.0,1.0,,,,0.0,1.0,1.0,1.0,1.0,0.0,1.0,0.0,0.0,,,,1.0,1.0,,,,,,0.0,,,,,,,,,,0.0,0.0,1.0,1.0,1.0,,,,1.0,,1.0,0.0,,,,,,,,1.0,1.0,1.0,,,,,,,,,,1.0,1.0,0.0,,,1.0,1.0,,1.0,
Fernando Chiarelli,0.0,,,1.0,1.0,1.0,,1.0,,0.0,,1.0,1.0,0.0,1.0,1.0,1.0,1.0,,,,1.0,1.0,1.0,1.0,,,,,,,1.0,1.0,1.0,0.0,1.0,1.0,1.0,,,,,,,,,,,,,,,,,,,,,,,,,,,,,,,,,,,,,,,,,,,,,,,,,,,,,,,,,,,,,,,,,,,,,,,,,,,,,,,,,,,,,,,,,,,,,,,,,,,,,,,1.0,,,,,,,,,,,,,,,,,,,1.0,,,,,,,,,,,,0.0,1.0,0.0,1.0,0.0,0.0,0.0,1.0,,,,,,,,,,,,,,,,,,1.0,,,,,,,,,,,,,,,,,,,,,,,,,,,,,,1.0,,,,,,,,,,1.0,0.0,,,,,,,,,,,,,,,,,,,,,,,,,,1.0,,0.0,0.0,,1.0,1.0,0.0,1.0,0.0,1.0,1.0,0.0,1.0,0.0,,1.0,0.0,,,1.0,1.0,0.0,0.0,0.0,1.0,,0.0,1.0,1.0,0.0,0.0,0.0,1.0,1.0,1.0,1.0,0.0,0.0,,1.0,,0.0,,1.0,1.0,0.0,0.0,0.0,1.0,,,,,,,,,1.0,1.0,,1.0,,,0.0,0.0,1.0,0.0,,1.0,1.0,1.0,,,1.0,1.0,0.0,,,0.0,0.0,0.0,,,,,1.0,0.0,1.0,0.0,0.0,0.0,1.0,,,1.0,1.0,1.0,1.0,1.0,1.0,,0.0,,1.0,0.0,1.0,0.0,1.0,1.0,,1.0,,1.0,1.0,1.0,1.0,1.0,,,1.0,0.0,0.0,,,1.0,0.0,,,0.0,,,,0.0,0.0,0.0,0.0
Fernando Chucre,1.0,0.0,1.0,,1.0,,1.0,1.0,1.0,,1.0,,1.0,0.0,1.0,0.0,1.0,1.0,,,,,,,,0.0,,,,,,1.0,1.0,1.0,0.0,1.0,1.0,1.0,1.0,,,,,,0.0,1.0,0.0,1.0,,,0.0,,,,,,0.0,1.0,,0.0,1.0,0.0,,,0.0,0.0,0.0,,,0.0,1.0,,0.0,,1.0,0.0,0.0,1.0,,1.0,0.0,0.0,0.0,0.0,,0.0,0.0,1.0,,0.0,0.0,,1.0,0.0,0.0,0.0,1.0,,1.0,1.0,0.0,,0.0,1.0,,1.0,0.0,1.0,0.0,0.0,,1.0,1.0,,0.0,0.0,0.0,1.0,1.0,0.0,1.0,1.0,1.0,1.0,,,,0.0,1.0,,0.0,0.0,0.0,1.0,,,,,0.0,,0.0,,,,,,,,,1.0,1.0,,,,0.0,0.0,1.0,0.0,1.0,1.0,0.0,0.0,,1.0,,0.0,0.0,0.0,1.0,,,,,,,,,0.0,1.0,,,,,,0.0,0.0,,,,0.0,0.0,0.0,1.0,1.0,1.0,0.0,,0.0,,,,,,,,,,,1.0,0.0,,,,,,,,,,0.0,,,1.0,1.0,0.0,1.0,,1.0,,,,,,0.0,,,1.0,0.0,1.0,0.0,,,0.0,0.0,,,,,1.0,1.0,0.0,0.0,1.0,1.0,,1.0,1.0,1.0,0.0,1.0,0.0,,0.0,0.0,0.0,1.0,,0.0,1.0,,,0.0,,0.0,1.0,0.0,0.0,,0.0,,0.0,1.0,0.0,0.0,0.0,0.0,,0.0,1.0,1.0,,1.0,1.0,1.0,0.0,0.0,0.0,0.0,0.0,0.0,0.0,1.0,,1.0,1.0,0.0,0.0,1.0,1.0,,,,,1.0,1.0,0.0,0.0,1.0,0.0,0.0,0.0,1.0,1.0,0.0,,1.0,,,,,0.0,1.0,1.0,1.0,1.0,,,,,,,,1.0,1.0,,,,,,0.0,,,,,,0.0,,,,0.0,0.0,,,1.0,,,,1.0,0.0,1.0,0.0,1.0,,,0.0,0.0,0.0,,0.0,0.0,,,,0.0,,0.0,,,,,,,0.0,,,,1.0,0.0,1.0,
Fernando Coelho Filho,1.0,1.0,,0.0,,1.0,1.0,1.0,1.0,,,,1.0,,1.0,0.0,1.0,1.0,,,,,,,1.0,1.0,0.0,,0.0,0.0,1.0,1.0,0.0,1.0,,,,1.0,0.0,,0.0,1.0,0.0,0.0,1.0,,1.0,1.0,0.0,0.0,1.0,1.0,1.0,1.0,1.0,1.0,0.0,0.0,0.0,1.0,1.0,0.0,1.0,0.0,1.0,1.0,1.0,0.0,,1.0,0.0,1.0,0.0,0.0,0.0,0.0,1.0,0.0,0.0,,0.0,0.0,0.0,0.0,0.0,0.0,0.0,0.0,,0.0,0.0,0.0,1.0,0.0,1.0,1.0,1.0,1.0,1.0,0.0,1.0,0.0,0.0,1.0,0.0,,,,1.0,1.0,0.0,1.0,1.0,,,1.0,1.0,0.0,1.0,0.0,1.0,1.0,0.0,1.0,0.0,1.0,,0.0,0.0,1.0,1.0,0.0,1.0,0.0,1.0,0.0,0.0,0.0,1.0,1.0,0.0,,,,,,0.0,0.0,1.0,1.0,,1.0,0.0,1.0,,1.0,,1.0,,1.0,,1.0,1.0,,0.0,,1.0,,1.0,0.0,1.0,0.0,1.0,0.0,1.0,0.0,0.0,,,0.0,1.0,,0.0,0.0,1.0,1.0,0.0,1.0,,1.0,0.0,0.0,0.0,0.0,0.0,1.0,,1.0,,1.0,0.0,0.0,1.0,1.0,,0.0,0.0,,,1.0,1.0,0.0,1.0,,1.0,,,0.0,0.0,0.0,,,,1.0,,0.0,1.0,0.0,,0.0,0.0,0.0,0.0,,,0.0,1.0,1.0,1.0,1.0,0.0,1.0,,,,1.0,0.0,0.0,0.0,,0.0,1.0,,,0.0,0.0,0.0,1.0,1.0,0.0,1.0,1.0,1.0,1.0,1.0,0.0,0.0,,0.0,1.0,0.0,1.0,0.0,,,,,0.0,1.0,1.0,,,1.0,1.0,0.0,0.0,0.0,1.0,1.0,1.0,1.0,1.0,1.0,,,0.0,,1.0,,1.0,1.0,0.0,1.0,,0.0,,,1.0,1.0,,,0.0,1.0,,1.0,0.0,0.0,0.0,1.0,0.0,1.0,,1.0,,,1.0,0.0,0.0,0.0,1.0,1.0,0.0,,,1.0,,0.0,1.0,1.0,,0.0,1.0,0.0,0.0,,0.0,0.0,0.0,,0.0,0.0,1.0,0.0,0.0,,1.0,0.0,0.0,1.0,1.0,1.0,,1.0,1.0,0.0,0.0,1.0,1.0,,,1.0,,1.0,1.0,1.0,0.0,1.0,,,,1.0,,0.0,1.0,0.0,,0.0,,,,,,,0.0,0.0,1.0,1.0,1.0,1.0,1.0
Fernando Coruja,,0.0,1.0,0.0,1.0,1.0,1.0,1.0,1.0,,1.0,0.0,1.0,0.0,1.0,0.0,1.0,1.0,1.0,1.0,1.0,1.0,1.0,1.0,1.0,0.0,,1.0,,,,1.0,1.0,1.0,0.0,,1.0,1.0,0.0,,,,,,0.0,1.0,,1.0,,,0.0,0.0,0.0,,,,1.0,,,0.0,1.0,,,1.0,0.0,0.0,0.0,,1.0,0.0,1.0,0.0,0.0,,0.0,0.0,0.0,1.0,1.0,1.0,0.0,0.0,0.0,0.0,0.0,0.0,0.0,1.0,0.0,,0.0,1.0,1.0,0.0,0.0,0.0,,1.0,1.0,1.0,0.0,1.0,1.0,1.0,1.0,1.0,1.0,,0.0,0.0,,0.0,0.0,1.0,0.0,0.0,1.0,1.0,1.0,0.0,1.0,1.0,1.0,1.0,0.0,,0.0,1.0,0.0,,0.0,1.0,1.0,0.0,,,0.0,,1.0,,0.0,,,,,,,,,1.0,1.0,0.0,0.0,0.0,0.0,0.0,1.0,0.0,1.0,1.0,0.0,0.0,0.0,1.0,0.0,0.0,1.0,0.0,1.0,,,,,,,,,0.0,1.0,,,,,,0.0,0.0,,0.0,,0.0,,0.0,0.0,0.0,1.0,0.0,1.0,0.0,,,,,0.0,,,,,,1.0,0.0,,,0.0,,,,,,,0.0,,,,,,,1.0,,,,,,,0.0,,,1.0,0.0,1.0,1.0,,1.0,0.0,0.0,,,,,,1.0,1.0,1.0,,,,1.0,,1.0,0.0,,,1.0,1.0,0.0,0.0,0.0,0.0,0.0,1.0,,,0.0,0.0,0.0,0.0,1.0,0.0,,1.0,1.0,1.0,1.0,0.0,0.0,0.0,1.0,0.0,0.0,1.0,1.0,1.0,1.0,1.0,0.0,0.0,0.0,1.0,0.0,1.0,1.0,1.0,,,1.0,1.0,0.0,1.0,1.0,1.0,0.0,,,,0.0,,,,,,,,1.0,1.0,1.0,1.0,1.0,1.0,,,,0.0,1.0,1.0,1.0,1.0,0.0,1.0,1.0,0.0,0.0,1.0,1.0,1.0,1.0,0.0,,,,,0.0,,,,,0.0,0.0,,,1.0,1.0,1.0,1.0,1.0,1.0,,,,1.0,0.0,1.0,0.0,1.0,,,,,,1.0,1.0,,1.0,0.0,,0.0,,,,,,,1.0,1.0,,,,,,,,
Fernando Diniz,,1.0,,,,,1.0,,1.0,,0.0,0.0,1.0,,,,,,,,,,,,,1.0,,,,,1.0,1.0,,1.0,0.0,,,,1.0,0.0,0.0,,0.0,0.0,1.0,,,,,,1.0,1.0,1.0,1.0,1.0,1.0,0.0,,,1.0,1.0,,,,1.0,,1.0,0.0,0.0,,,,0.0,,,,,0.0,0.0,0.0,0.0,,,,,0.0,,,0.0,,,,1.0,,,1.0,,1.0,1.0,0.0,1.0,,,1.0,0.0,0.0,1.0,0.0,1.0,1.0,0.0,1.0,1.0,,1.0,1.0,,0.0,,0.0,,1.0,0.0,1.0,0.0,,0.0,1.0,0.0,1.0,,1.0,1.0,0.0,1.0,0.0,0.0,0.0,,1.0,,1.0,,,,0.0,,0.0,1.0,,,,0.0,1.0,1.0,1.0,,,,,,,1.0,0.0,0.0,,,,1.0,,1.0,,,,,,,,,,1.0,,,0.0,1.0,1.0,0.0,1.0,0.0,1.0,0.0,1.0,0.0,0.0,,,,,0.0,,,,1.0,,0.0,0.0,0.0,0.0,,1.0,,,1.0,0.0,1.0,0.0,0.0,0.0,0.0,0.0,1.0,,1.0,,,0.0,,0.0,0.0,0.0,,0.0,0.0,1.0,,,,,,1.0,0.0,,1.0,1.0,0.0,1.0,0.0,0.0,0.0,1.0,1.0,1.0,0.0,,0.0,0.0,,,,1.0,1.0,,,,,0.0,0.0,,,,,1.0,0.0,1.0,1.0,0.0,1.0,0.0,1.0,,1.0,0.0,1.0,,,,0.0,1.0,,,,1.0,,,,,,,1.0,,,,,,,,,,,,,,,,0.0,0.0,0.0,0.0,0.0,0.0,,1.0,,,,,,,,,,,,,,,,,,,,,,,,,,,,,,,,,,,,,,,,,,,,,,,,,,,,,,,,,,,,,,,,,,,,,,,,,,,,,,
Fernando Ferro,1.0,1.0,0.0,,,1.0,1.0,1.0,1.0,0.0,0.0,0.0,1.0,,,,,,1.0,1.0,1.0,1.0,1.0,1.0,1.0,1.0,0.0,1.0,0.0,0.0,1.0,1.0,0.0,1.0,0.0,1.0,1.0,1.0,0.0,0.0,0.0,1.0,0.0,0.0,1.0,0.0,1.0,1.0,0.0,0.0,1.0,1.0,1.0,1.0,1.0,,0.0,,,1.0,1.0,1.0,1.0,0.0,,1.0,,0.0,0.0,1.0,0.0,1.0,0.0,0.0,,,1.0,0.0,0.0,0.0,0.0,,0.0,,0.0,0.0,0.0,0.0,0.0,,,,1.0,,1.0,,1.0,1.0,1.0,0.0,1.0,,,,0.0,0.0,1.0,0.0,,,0.0,,0.0,1.0,1.0,,1.0,,,,1.0,1.0,,1.0,0.0,,,1.0,0.0,1.0,0.0,0.0,,0.0,1.0,0.0,0.0,0.0,0.0,1.0,,1.0,0.0,0.0,0.0,0.0,0.0,0.0,1.0,1.0,0.0,1.0,0.0,1.0,,1.0,0.0,1.0,1.0,1.0,1.0,1.0,1.0,0.0,0.0,1.0,1.0,1.0,1.0,0.0,1.0,0.0,1.0,0.0,1.0,0.0,0.0,0.0,1.0,0.0,,,,,1.0,,0.0,1.0,0.0,1.0,0.0,0.0,1.0,0.0,0.0,1.0,1.0,1.0,0.0,1.0,,0.0,1.0,1.0,0.0,0.0,0.0,,0.0,1.0,1.0,0.0,1.0,0.0,1.0,0.0,0.0,0.0,0.0,0.0,1.0,0.0,0.0,1.0,0.0,,1.0,0.0,0.0,0.0,0.0,,,1.0,,,1.0,1.0,1.0,,,0.0,1.0,1.0,0.0,1.0,0.0,0.0,0.0,0.0,0.0,1.0,0.0,0.0,0.0,0.0,0.0,0.0,1.0,,,1.0,1.0,1.0,1.0,0.0,0.0,0.0,0.0,1.0,0.0,1.0,0.0,1.0,,0.0,1.0,0.0,1.0,1.0,0.0,,1.0,0.0,0.0,0.0,0.0,1.0,1.0,1.0,1.0,1.0,0.0,1.0,0.0,,1.0,1.0,1.0,1.0,0.0,0.0,1.0,1.0,,1.0,1.0,1.0,0.0,1.0,0.0,0.0,1.0,0.0,1.0,1.0,0.0,1.0,0.0,0.0,,1.0,0.0,1.0,1.0,1.0,0.0,0.0,0.0,1.0,1.0,0.0,1.0,0.0,1.0,1.0,0.0,1.0,1.0,,0.0,1.0,0.0,0.0,,0.0,0.0,0.0,0.0,0.0,,,,,,,,,,,,1.0,1.0,,0.0,0.0,1.0,,1.0,,1.0,1.0,1.0,1.0,1.0,0.0,1.0,1.0,1.0,1.0,1.0,1.0,,,0.0,0.0,0.0,,0.0,1.0,1.0,1.0,1.0,1.0,0.0,1.0,1.0,1.0,1.0,1.0
Fernando Gabeira,,0.0,,1.0,1.0,1.0,1.0,1.0,1.0,0.0,,1.0,1.0,0.0,1.0,0.0,1.0,1.0,1.0,1.0,1.0,1.0,1.0,0.0,1.0,1.0,,,0.0,,1.0,1.0,1.0,1.0,0.0,,1.0,1.0,1.0,,,1.0,,0.0,,,0.0,1.0,,,0.0,0.0,0.0,0.0,0.0,,1.0,0.0,0.0,0.0,,1.0,,0.0,0.0,1.0,1.0,0.0,,0.0,1.0,,,,0.0,0.0,,1.0,0.0,,0.0,0.0,0.0,,0.0,0.0,,,0.0,,0.0,0.0,,,1.0,1.0,,,0.0,1.0,1.0,0.0,,0.0,1.0,0.0,,,1.0,0.0,,,,,1.0,0.0,,0.0,1.0,1.0,,,1.0,1.0,0.0,,,0.0,0.0,,0.0,0.0,,,0.0,0.0,,,,,0.0,0.0,1.0,,0.0,0.0,,,,1.0,1.0,0.0,,,,,0.0,0.0,1.0,,,0.0,,1.0,0.0,1.0,1.0,1.0,,0.0,,,,,,,,1.0,0.0,,1.0,,0.0,0.0,,1.0,,,0.0,0.0,0.0,1.0,1.0,0.0,,1.0,1.0,0.0,1.0,0.0,,,,,1.0,1.0,1.0,1.0,1.0,0.0,,1.0,0.0,,,,0.0,0.0,,,,,1.0,1.0,0.0,1.0,,0.0,0.0,,,,,0.0,,,1.0,0.0,1.0,1.0,0.0,1.0,,1.0,0.0,,0.0,0.0,,,0.0,1.0,1.0,,0.0,1.0,1.0,1.0,0.0,1.0,,1.0,1.0,,,1.0,,,,1.0,0.0,0.0,0.0,1.0,1.0,0.0,1.0,0.0,1.0,1.0,0.0,0.0,0.0,0.0,0.0,0.0,0.0,1.0,1.0,0.0,0.0,,1.0,0.0,0.0,0.0,1.0,1.0,0.0,1.0,,,0.0,1.0,0.0,0.0,1.0,1.0,0.0,0.0,,,,1.0,1.0,1.0,,0.0,0.0,0.0,1.0,1.0,,1.0,1.0,1.0,1.0,0.0,,1.0,0.0,1.0,1.0,1.0,1.0,1.0,0.0,1.0,0.0,0.0,0.0,0.0,1.0,1.0,0.0,,,,,,,,,,0.0,,,,1.0,1.0,1.0,1.0,1.0,1.0,0.0,0.0,,1.0,0.0,1.0,,1.0,1.0,,1.0,0.0,1.0,,,,,0.0,0.0,0.0,,,,,,1.0,1.0,,,0.0,,1.0,,1.0,1.0,0.0
Fernando Gonçalves,,,,,,,,,,,,,,0.0,1.0,0.0,1.0,1.0,1.0,1.0,1.0,1.0,1.0,1.0,1.0,,,,,,,,0.0,,,1.0,,,,,,,,,,,,,,,,,,,,,,,,,,,,,,,,,,,,,,,,,,,,,,,,,,,,,,,,,,,,,,,,,,,,,,,,,,,,,,,,,,,,,,,,,,,,,,,,,,,,,,,,,,,,,,,,,,,,,,,,,,,,,,,,,,,,,,,,0.0,1.0,0.0,1.0,0.0,0.0,1.0,0.0,,,,,,,,,,,,,,,,,,,,,,,,,,,,,,,,,,,,,,,,,,,,,,,,,,,,,,,,,,,,,,,,,,,,,,,,,,,,,,,,,,,,,,,,,,,,,,,,,,,,,,,,,,,,,,,,,,,,,,,,,,,0.0,1.0,1.0,0.0,,,,,,,,,,,,,,,,,,,,1.0,,,,,,,,,,,,,,,,,,0.0,0.0,,,,,,,,,,,,,,,,,,1.0,1.0,,0.0,0.0,1.0,1.0,0.0,1.0,0.0,1.0,1.0,1.0,,,,1.0,1.0,1.0,,1.0,,,,,,,,,,,,,,,,,,
Fernando Lopes,,,0.0,0.0,,,1.0,1.0,1.0,0.0,0.0,0.0,1.0,,,,,,1.0,1.0,1.0,1.0,,,,1.0,0.0,,0.0,0.0,1.0,,0.0,1.0,,,1.0,,0.0,0.0,0.0,1.0,,0.0,1.0,,1.0,1.0,0.0,0.0,1.0,1.0,,,,1.0,0.0,0.0,,1.0,0.0,,1.0,0.0,1.0,,1.0,0.0,0.0,1.0,1.0,1.0,0.0,,0.0,0.0,1.0,0.0,0.0,0.0,0.0,0.0,0.0,0.0,0.0,0.0,0.0,,0.0,0.0,0.0,1.0,1.0,0.0,,1.0,,1.0,0.0,0.0,1.0,,,,0.0,,,,1.0,1.0,,1.0,0.0,1.0,,0.0,1.0,0.0,1.0,0.0,1.0,1.0,0.0,1.0,0.0,,0.0,0.0,,,,0.0,0.0,0.0,1.0,,0.0,,1.0,1.0,1.0,1.0,,,0.0,,0.0,0.0,1.0,,,,0.0,1.0,1.0,,0.0,1.0,,1.0,1.0,1.0,,0.0,,1.0,,1.0,1.0,0.0,1.0,,,,,0.0,,1.0,0.0,0.0,1.0,0.0,,0.0,1.0,1.0,0.0,,0.0,1.0,0.0,0.0,0.0,0.0,0.0,1.0,1.0,1.0,0.0,1.0,0.0,,,1.0,,,0.0,0.0,0.0,1.0,1.0,0.0,1.0,0.0,1.0,0.0,0.0,0.0,,0.0,1.0,,0.0,,0.0,0.0,,0.0,0.0,0.0,,,0.0,1.0,0.0,0.0,1.0,1.0,,,0.0,,1.0,1.0,0.0,1.0,,0.0,0.0,1.0,,1.0,,0.0,0.0,0.0,0.0,1.0,1.0,0.0,1.0,,,1.0,,,0.0,0.0,0.0,1.0,0.0,,0.0,1.0,1.0,0.0,,0.0,1.0,,1.0,0.0,1.0,1.0,0.0,0.0,0.0,1.0,,1.0,1.0,1.0,,1.0,1.0,1.0,1.0,1.0,0.0,1.0,,0.0,,,0.0,0.0,1.0,,,1.0,0.0,0.0,1.0,0.0,0.0,0.0,0.0,0.0,1.0,0.0,,1.0,1.0,,,1.0,,0.0,,,1.0,,1.0,0.0,1.0,1.0,,,1.0,0.0,0.0,,,0.0,0.0,,,,0.0,0.0,0.0,1.0,0.0,,0.0,,,0.0,1.0,1.0,1.0,,,,,0.0,,1.0,0.0,0.0,1.0,1.0,1.0,,,,,,,,,,,,,0.0,0.0,,0.0,1.0,1.0,,,,0.0,,,1.0,1.0,
Fernando Marroni,1.0,,,1.0,1.0,1.0,,1.0,,0.0,0.0,,1.0,,1.0,1.0,1.0,1.0,,,,,,,,,,,,,,1.0,1.0,1.0,0.0,1.0,1.0,1.0,,,,,,,,,,,,,,,,,,,,,,,,,,,,,,,,,,,,,,,,,,,,,,,,,,,,,,,,,,,,,,,,,,,,0.0,1.0,0.0,,,,,,,,,,,,,,,,,,,,,,,,,,,,,,,,,1.0,,,,,,,,,,,,,,,,,,,1.0,,,,,,,,,,,,0.0,1.0,0.0,1.0,0.0,0.0,,,,,,,,,,,,,,,,,,,,1.0,,,,,,,,,,,,,,,,,,,,,,,,,,,,,,1.0,,,,,,,,,,1.0,1.0,,1.0,,0.0,,,,,,,,0.0,0.0,1.0,0.0,,0.0,,0.0,,1.0,0.0,1.0,,,1.0,,0.0,,0.0,0.0,,,,,1.0,1.0,0.0,1.0,,1.0,,0.0,0.0,,0.0,,,0.0,1.0,1.0,1.0,1.0,1.0,,,,,,,1.0,1.0,,0.0,,1.0,,,1.0,1.0,0.0,1.0,0.0,0.0,,0.0,,,,,,,,1.0,,1.0,1.0,1.0,0.0,0.0,0.0,1.0,1.0,0.0,1.0,,1.0,,0.0,1.0,,0.0,,,,,0.0,0.0,0.0,0.0,0.0,0.0,0.0,1.0,0.0,0.0,0.0,1.0,0.0,0.0,,1.0,1.0,,1.0,,,0.0,1.0,,,,1.0,1.0,,,1.0,0.0,1.0,,0.0,0.0,1.0,1.0,,,,,0.0,0.0,0.0,1.0,1.0,1.0,1.0,,0.0,,,,1.0,1.0
Fernando Melo,1.0,1.0,,1.0,0.0,1.0,1.0,1.0,1.0,1.0,,,1.0,0.0,1.0,1.0,1.0,1.0,,,,,,,,1.0,1.0,1.0,0.0,0.0,1.0,1.0,,,,,1.0,1.0,0.0,0.0,0.0,1.0,,,1.0,0.0,1.0,1.0,0.0,,1.0,1.0,1.0,1.0,1.0,,0.0,0.0,0.0,1.0,1.0,,1.0,0.0,,1.0,1.0,0.0,0.0,1.0,0.0,,0.0,0.0,0.0,0.0,1.0,0.0,0.0,0.0,0.0,0.0,0.0,0.0,0.0,,,,,,0.0,0.0,1.0,0.0,1.0,1.0,,1.0,,0.0,1.0,,0.0,,0.0,0.0,1.0,0.0,1.0,1.0,0.0,1.0,0.0,1.0,1.0,1.0,1.0,0.0,1.0,0.0,1.0,1.0,0.0,1.0,0.0,,0.0,,0.0,1.0,0.0,0.0,1.0,0.0,1.0,,,0.0,,1.0,1.0,,,,,,0.0,0.0,1.0,1.0,,1.0,0.0,1.0,1.0,1.0,0.0,1.0,,,,1.0,1.0,,0.0,1.0,1.0,1.0,1.0,0.0,1.0,0.0,1.0,,1.0,0.0,0.0,0.0,1.0,,1.0,0.0,0.0,,1.0,,0.0,1.0,0.0,,,1.0,1.0,0.0,0.0,,1.0,,,1.0,,,1.0,1.0,,0.0,0.0,0.0,0.0,1.0,1.0,0.0,1.0,0.0,1.0,,0.0,0.0,,0.0,1.0,0.0,0.0,1.0,0.0,0.0,1.0,,0.0,0.0,0.0,0.0,0.0,,0.0,,,1.0,,,,0.0,,1.0,0.0,,,0.0,,,,,0.0,0.0,0.0,,0.0,0.0,1.0,,,1.0,1.0,,,,,,0.0,,,1.0,,,,,,,,,1.0,,,0.0,0.0,0.0,,,1.0,1.0,1.0,1.0,0.0,1.0,0.0,0.0,1.0,1.0,1.0,,0.0,0.0,1.0,1.0,,,1.0,,0.0,1.0,,,,0.0,,0.0,0.0,1.0,0.0,0.0,0.0,1.0,0.0,,1.0,1.0,0.0,,0.0,1.0,1.0,,,,1.0,,,,,0.0,0.0,,,,0.0,,0.0,,0.0,,0.0,1.0,0.0,0.0,0.0,,0.0,,1.0,,1.0,1.0,,1.0,,,,0.0,,0.0,,1.0,1.0,1.0,,,,1.0,1.0,1.0,1.0,,0.0,0.0,0.0,0.0,0.0,,0.0,,1.0,1.0,1.0,1.0,,,1.0,1.0,1.0,
Fernando Nascimento,1.0,,,1.0,1.0,,,1.0,,,0.0,0.0,1.0,0.0,,1.0,1.0,1.0,1.0,1.0,1.0,1.0,,1.0,1.0,,,,,,,1.0,0.0,1.0,0.0,1.0,1.0,1.0,,,,,,,,,,,,,,,,,,,,,,,,1.0,,,,,,,,,,,,,,,,,,,,,,,,,,,,,,,,,,,1.0,,,,,,,,,0.0,1.0,0.0,,,,,,,,,,,,,,,,,,,,,,,,,,,,,,,,,0.0,,,,,,,,,,,,,,,,,,,1.0,,,,,,,,,,,,0.0,1.0,0.0,1.0,0.0,0.0,0.0,1.0,,,,,,,,,,,,,,,,,,1.0,,,,,,,,,,,,,,,,,,,,,,,,,,,,,,1.0,,,,,,,,,,1.0,1.0,,1.0,,,,,,,,,0.0,0.0,0.0,1.0,0.0,0.0,0.0,0.0,0.0,0.0,1.0,0.0,1.0,,,1.0,1.0,0.0,,0.0,0.0,1.0,0.0,1.0,0.0,1.0,1.0,0.0,1.0,0.0,1.0,,0.0,,1.0,0.0,0.0,0.0,0.0,1.0,1.0,1.0,,1.0,0.0,1.0,0.0,0.0,1.0,1.0,,1.0,0.0,0.0,1.0,1.0,0.0,,,1.0,0.0,,0.0,0.0,1.0,0.0,1.0,0.0,0.0,1.0,,0.0,0.0,,0.0,1.0,,1.0,0.0,0.0,0.0,1.0,1.0,0.0,1.0,0.0,,1.0,0.0,1.0,,0.0,0.0,1.0,0.0,0.0,0.0,0.0,0.0,0.0,0.0,0.0,0.0,1.0,0.0,0.0,0.0,1.0,0.0,0.0,1.0,1.0,1.0,1.0,1.0,1.0,0.0,0.0,1.0,1.0,0.0,0.0,1.0,1.0,1.0,1.0,1.0,0.0,1.0,1.0,1.0,1.0,1.0,1.0,0.0,1.0,0.0,0.0,0.0,,0.0,1.0,,,1.0,,0.0,1.0,1.0,1.0,0.0,
Fernando de Fabinho,,,1.0,,,,1.0,,1.0,,,,,,,,,,1.0,,,,,,,0.0,,,,,,,,,,,,,1.0,,,,,,0.0,,0.0,1.0,,1.0,,,,,,,,,,0.0,1.0,,,,,0.0,,,,0.0,1.0,,,,,,,,,1.0,,,,,,,,,,,,1.0,,,0.0,0.0,,1.0,1.0,1.0,0.0,0.0,,,1.0,,,,0.0,0.0,,,1.0,,0.0,0.0,,0.0,1.0,0.0,0.0,,1.0,1.0,0.0,,,1.0,0.0,,0.0,1.0,,0.0,,,,,1.0,,,,1.0,,,,,,,,,,,,,,0.0,,1.0,,,0.0,,1.0,,0.0,,0.0,1.0,,,,,,,,,,,,,,,,,,,,,0.0,,,0.0,,0.0,,,0.0,,,,,,,,,,,1.0,,,,0.0,,,,,,,,,,1.0,1.0,,,,,,,,,,,,,,,,,,,0.0,,,,,,,,,,0.0,,,,,,,,,,,,,,,,,,,,,,,,,,,,,,,,,,,,,,,,,,,,,,,,,,,,,,,,,,,,,,,,,,,,,1.0,,,,,,,,,,,,,,,,,,,,,,,,,,,,,,,,,,,,,,,,,,,,,,,,,,,,,,,,,,,,,,,,,,,,,,,,,,,,,,
Filipe Pereira,1.0,1.0,0.0,1.0,1.0,1.0,,0.0,1.0,0.0,,,1.0,0.0,1.0,,1.0,1.0,1.0,1.0,1.0,1.0,1.0,1.0,1.0,,0.0,1.0,0.0,0.0,1.0,1.0,0.0,0.0,1.0,1.0,1.0,1.0,,0.0,0.0,1.0,,0.0,1.0,0.0,1.0,,0.0,0.0,1.0,1.0,1.0,1.0,1.0,1.0,0.0,,0.0,,,1.0,1.0,0.0,,1.0,1.0,,,1.0,1.0,1.0,0.0,0.0,,0.0,1.0,0.0,0.0,0.0,0.0,0.0,0.0,0.0,0.0,0.0,,,0.0,0.0,,1.0,1.0,0.0,,1.0,1.0,1.0,,0.0,1.0,0.0,,,0.0,,1.0,0.0,1.0,1.0,0.0,1.0,0.0,1.0,1.0,1.0,1.0,0.0,,0.0,1.0,1.0,0.0,1.0,0.0,1.0,,1.0,0.0,1.0,1.0,0.0,1.0,0.0,1.0,0.0,0.0,0.0,1.0,,1.0,1.0,0.0,0.0,0.0,0.0,,0.0,1.0,1.0,0.0,0.0,0.0,,1.0,1.0,,1.0,,1.0,1.0,1.0,1.0,0.0,0.0,1.0,1.0,1.0,1.0,0.0,1.0,,,,,1.0,,,0.0,0.0,1.0,,0.0,0.0,1.0,,,,0.0,1.0,,1.0,1.0,0.0,0.0,1.0,1.0,,0.0,1.0,0.0,0.0,1.0,1.0,,,0.0,0.0,0.0,1.0,1.0,0.0,1.0,0.0,,,0.0,0.0,0.0,0.0,1.0,0.0,1.0,1.0,0.0,0.0,,,,0.0,0.0,0.0,,1.0,0.0,0.0,1.0,1.0,1.0,1.0,0.0,,,,0.0,,,,0.0,1.0,0.0,1.0,,,0.0,0.0,0.0,0.0,1.0,,1.0,1.0,1.0,,1.0,0.0,0.0,0.0,0.0,1.0,1.0,0.0,,1.0,1.0,,1.0,0.0,1.0,1.0,,,,0.0,0.0,1.0,0.0,1.0,1.0,1.0,1.0,1.0,1.0,0.0,,0.0,,,,,0.0,0.0,1.0,1.0,,0.0,1.0,,,1.0,,0.0,1.0,,,,0.0,1.0,1.0,1.0,,1.0,,1.0,,1.0,0.0,0.0,0.0,1.0,1.0,0.0,,1.0,,1.0,,,1.0,,,,,0.0,,,,,,1.0,,,,,,1.0,0.0,0.0,1.0,1.0,1.0,1.0,1.0,,,,,1.0,0.0,,1.0,,,1.0,1.0,0.0,1.0,1.0,1.0,1.0,,1.0,,,,0.0,,0.0,0.0,1.0,1.0,1.0,,,,,1.0,0.0,0.0,1.0
Flaviano Melo,,1.0,0.0,0.0,,1.0,1.0,1.0,,0.0,0.0,0.0,1.0,,,0.0,1.0,1.0,1.0,1.0,1.0,1.0,1.0,1.0,1.0,1.0,0.0,1.0,0.0,0.0,1.0,,,1.0,0.0,1.0,1.0,,1.0,0.0,0.0,1.0,,0.0,,,,1.0,,,1.0,1.0,1.0,1.0,,,0.0,0.0,0.0,1.0,1.0,1.0,1.0,0.0,,1.0,1.0,0.0,0.0,1.0,1.0,1.0,0.0,0.0,0.0,0.0,1.0,0.0,,0.0,0.0,0.0,0.0,0.0,0.0,,0.0,,0.0,,0.0,1.0,1.0,0.0,,1.0,1.0,,1.0,0.0,,,,,0.0,0.0,1.0,,1.0,1.0,,1.0,0.0,1.0,1.0,,1.0,,,,1.0,1.0,0.0,,0.0,,0.0,,0.0,,0.0,1.0,1.0,0.0,1.0,0.0,0.0,0.0,1.0,1.0,,,,,,0.0,0.0,,,1.0,0.0,,0.0,0.0,1.0,1.0,,1.0,1.0,1.0,,1.0,,0.0,0.0,1.0,,1.0,1.0,,,,,,,,,,,,,,,0.0,1.0,1.0,0.0,1.0,0.0,1.0,,,,,0.0,,,1.0,0.0,1.0,,0.0,1.0,1.0,,,0.0,,,0.0,1.0,,,,,0.0,0.0,,0.0,0.0,1.0,0.0,1.0,1.0,0.0,0.0,1.0,,0.0,0.0,0.0,0.0,0.0,1.0,,,,1.0,1.0,1.0,,1.0,,1.0,,,,0.0,0.0,1.0,1.0,1.0,,0.0,0.0,,,,,,,,,1.0,1.0,0.0,0.0,0.0,,1.0,,1.0,0.0,1.0,1.0,0.0,1.0,0.0,1.0,1.0,,,1.0,0.0,,,0.0,1.0,,1.0,1.0,1.0,1.0,1.0,1.0,0.0,1.0,1.0,1.0,,,,1.0,1.0,,0.0,1.0,1.0,0.0,1.0,,0.0,1.0,,0.0,0.0,0.0,0.0,0.0,0.0,1.0,1.0,1.0,1.0,,1.0,,,0.0,1.0,1.0,,1.0,0.0,1.0,1.0,,,,,,,0.0,0.0,,0.0,0.0,0.0,0.0,,0.0,,0.0,0.0,,1.0,0.0,0.0,1.0,1.0,1.0,,1.0,1.0,0.0,0.0,1.0,1.0,,0.0,,,1.0,1.0,,0.0,,,1.0,1.0,1.0,1.0,0.0,1.0,0.0,,0.0,,0.0,1.0,1.0,1.0,1.0,,,,,,,1.0
Flávio Bezerra,1.0,1.0,0.0,1.0,1.0,1.0,1.0,,1.0,1.0,,0.0,1.0,0.0,,0.0,1.0,1.0,1.0,1.0,1.0,1.0,1.0,1.0,1.0,1.0,0.0,1.0,0.0,0.0,1.0,1.0,0.0,1.0,0.0,1.0,1.0,1.0,1.0,0.0,0.0,1.0,0.0,0.0,1.0,0.0,1.0,1.0,0.0,0.0,1.0,1.0,1.0,1.0,1.0,,0.0,0.0,0.0,1.0,1.0,1.0,1.0,0.0,1.0,1.0,1.0,0.0,0.0,1.0,1.0,1.0,0.0,0.0,0.0,0.0,1.0,0.0,0.0,0.0,0.0,0.0,0.0,0.0,0.0,0.0,0.0,0.0,0.0,0.0,,1.0,1.0,0.0,1.0,1.0,1.0,1.0,1.0,0.0,1.0,,1.0,1.0,0.0,0.0,1.0,0.0,1.0,1.0,0.0,1.0,0.0,1.0,1.0,1.0,1.0,0.0,1.0,0.0,1.0,1.0,0.0,1.0,0.0,1.0,0.0,1.0,0.0,1.0,0.0,1.0,1.0,0.0,1.0,0.0,0.0,0.0,1.0,1.0,1.0,1.0,,0.0,,0.0,0.0,0.0,1.0,1.0,0.0,1.0,0.0,,1.0,1.0,0.0,1.0,1.0,,1.0,1.0,1.0,0.0,0.0,1.0,1.0,1.0,1.0,0.0,1.0,,,,,,,0.0,1.0,0.0,1.0,0.0,0.0,0.0,1.0,1.0,0.0,1.0,0.0,1.0,0.0,1.0,1.0,0.0,0.0,1.0,,1.0,,1.0,0.0,0.0,1.0,,0.0,0.0,0.0,0.0,0.0,1.0,1.0,0.0,1.0,0.0,1.0,0.0,0.0,0.0,0.0,0.0,1.0,0.0,0.0,1.0,0.0,0.0,1.0,,0.0,0.0,0.0,,,1.0,0.0,0.0,,,1.0,1.0,0.0,1.0,1.0,1.0,0.0,1.0,0.0,0.0,0.0,,1.0,1.0,0.0,0.0,0.0,0.0,0.0,0.0,1.0,0.0,1.0,1.0,1.0,1.0,1.0,0.0,0.0,0.0,0.0,1.0,0.0,,0.0,1.0,1.0,0.0,1.0,0.0,1.0,1.0,,0.0,1.0,,0.0,1.0,,1.0,1.0,1.0,1.0,1.0,1.0,1.0,1.0,1.0,1.0,1.0,0.0,1.0,0.0,0.0,,1.0,0.0,0.0,1.0,1.0,1.0,1.0,0.0,0.0,1.0,0.0,,0.0,0.0,0.0,0.0,0.0,0.0,1.0,1.0,1.0,,1.0,0.0,0.0,0.0,1.0,1.0,0.0,1.0,0.0,1.0,1.0,,,1.0,0.0,0.0,1.0,0.0,0.0,0.0,0.0,,0.0,0.0,,0.0,,,,0.0,1.0,0.0,0.0,1.0,1.0,1.0,1.0,1.0,1.0,0.0,0.0,1.0,1.0,0.0,0.0,1.0,1.0,1.0,1.0,1.0,0.0,1.0,1.0,1.0,1.0,1.0,1.0,0.0,1.0,0.0,0.0,0.0,0.0,,1.0,1.0,1.0,1.0,1.0,0.0,1.0,1.0,1.0,1.0,1.0
Flávio Dino,,,0.0,0.0,1.0,1.0,,1.0,1.0,0.0,1.0,,,0.0,1.0,0.0,1.0,1.0,1.0,1.0,1.0,1.0,1.0,1.0,1.0,1.0,0.0,1.0,0.0,0.0,,1.0,,1.0,,,,,0.0,0.0,0.0,1.0,0.0,0.0,1.0,0.0,1.0,1.0,,0.0,1.0,1.0,1.0,1.0,1.0,,0.0,0.0,0.0,1.0,1.0,,1.0,0.0,,1.0,1.0,0.0,0.0,1.0,1.0,,0.0,0.0,,0.0,1.0,,,,,0.0,0.0,,0.0,,0.0,0.0,,0.0,0.0,,1.0,0.0,1.0,1.0,,1.0,0.0,0.0,,1.0,1.0,1.0,0.0,,1.0,,,1.0,0.0,1.0,0.0,1.0,1.0,1.0,1.0,0.0,1.0,0.0,1.0,1.0,0.0,1.0,0.0,,,1.0,0.0,1.0,,0.0,1.0,0.0,1.0,0.0,0.0,0.0,1.0,1.0,,,0.0,,,,0.0,0.0,1.0,1.0,0.0,,0.0,1.0,1.0,1.0,0.0,1.0,1.0,1.0,1.0,,1.0,0.0,0.0,1.0,1.0,1.0,,0.0,,0.0,1.0,0.0,1.0,0.0,,0.0,1.0,0.0,,0.0,0.0,,,1.0,0.0,1.0,0.0,,,,,0.0,0.0,1.0,1.0,1.0,,1.0,,0.0,1.0,1.0,0.0,0.0,0.0,0.0,,1.0,,,,0.0,1.0,,0.0,,,,,0.0,,,,,1.0,,,,,,,1.0,,,1.0,1.0,1.0,1.0,0.0,0.0,,,0.0,1.0,0.0,0.0,0.0,0.0,,1.0,0.0,0.0,0.0,0.0,,,,,1.0,,,1.0,1.0,0.0,0.0,0.0,0.0,1.0,0.0,,,1.0,1.0,0.0,1.0,0.0,1.0,1.0,,,1.0,1.0,1.0,0.0,0.0,1.0,,,,,,1.0,0.0,0.0,,1.0,1.0,1.0,1.0,0.0,1.0,,0.0,,,,0.0,,0.0,0.0,,0.0,1.0,1.0,,1.0,1.0,0.0,1.0,1.0,,1.0,1.0,1.0,,,,1.0,1.0,0.0,,0.0,,1.0,,1.0,1.0,0.0,0.0,,0.0,,0.0,,0.0,,0.0,0.0,0.0,1.0,,0.0,0.0,,0.0,0.0,1.0,1.0,1.0,1.0,,,0.0,0.0,1.0,1.0,0.0,,1.0,1.0,1.0,1.0,,,,1.0,,,1.0,,,,,0.0,0.0,,0.0,,1.0,,,0.0,,,1.0,,,
Francisco Praciano,1.0,1.0,0.0,1.0,,1.0,1.0,1.0,1.0,0.0,0.0,0.0,,0.0,1.0,0.0,1.0,1.0,1.0,,1.0,1.0,1.0,1.0,,1.0,0.0,1.0,0.0,0.0,,1.0,0.0,,,1.0,1.0,1.0,0.0,,0.0,1.0,0.0,0.0,1.0,0.0,1.0,1.0,0.0,0.0,1.0,1.0,1.0,1.0,1.0,,,0.0,0.0,1.0,1.0,1.0,1.0,,1.0,1.0,1.0,0.0,0.0,1.0,0.0,1.0,0.0,0.0,,,,0.0,,0.0,0.0,0.0,,0.0,,0.0,0.0,0.0,0.0,0.0,1.0,0.0,1.0,0.0,,,1.0,,1.0,0.0,1.0,,0.0,0.0,,0.0,1.0,0.0,1.0,1.0,0.0,1.0,1.0,,1.0,1.0,1.0,0.0,1.0,0.0,0.0,1.0,0.0,1.0,0.0,,,1.0,0.0,1.0,0.0,0.0,1.0,0.0,1.0,0.0,0.0,,0.0,1.0,1.0,1.0,0.0,,0.0,0.0,0.0,0.0,1.0,1.0,,1.0,,,,,0.0,1.0,1.0,1.0,,1.0,1.0,0.0,0.0,1.0,1.0,1.0,1.0,0.0,1.0,0.0,1.0,0.0,1.0,0.0,,0.0,,0.0,,0.0,,0.0,1.0,,0.0,1.0,0.0,1.0,,,1.0,0.0,,1.0,,,,1.0,0.0,0.0,1.0,1.0,,,0.0,,,1.0,,0.0,1.0,0.0,1.0,,0.0,0.0,,0.0,,0.0,0.0,1.0,,0.0,1.0,0.0,0.0,0.0,0.0,0.0,0.0,,0.0,0.0,1.0,1.0,1.0,,,1.0,,1.0,0.0,1.0,0.0,,0.0,0.0,0.0,,,,,0.0,0.0,0.0,,0.0,1.0,,1.0,1.0,1.0,0.0,,0.0,0.0,1.0,0.0,1.0,0.0,1.0,1.0,0.0,1.0,0.0,1.0,1.0,0.0,,,,0.0,0.0,,,1.0,,1.0,1.0,0.0,1.0,0.0,0.0,1.0,1.0,1.0,1.0,,0.0,1.0,1.0,0.0,,1.0,1.0,,1.0,0.0,0.0,1.0,0.0,1.0,0.0,,1.0,1.0,0.0,0.0,1.0,1.0,,,,,0.0,0.0,1.0,1.0,0.0,,,1.0,,0.0,1.0,1.0,,0.0,1.0,,0.0,,,,,,0.0,0.0,1.0,0.0,0.0,,1.0,0.0,0.0,1.0,1.0,1.0,1.0,1.0,1.0,0.0,,,1.0,1.0,0.0,1.0,1.0,1.0,,,0.0,,1.0,1.0,1.0,1.0,1.0,,1.0,0.0,0.0,,,0.0,1.0,1.0,1.0,,,0.0,1.0,1.0,1.0,0.0,
Francisco Rodrigues,1.0,0.0,1.0,,,1.0,1.0,1.0,1.0,0.0,,0.0,1.0,0.0,1.0,1.0,1.0,1.0,,,,,,,,0.0,,,,,,,1.0,,,,1.0,,1.0,,,,,,0.0,1.0,,1.0,,,,,,,,,1.0,,,0.0,1.0,1.0,,,0.0,1.0,1.0,,,1.0,1.0,,,,,,0.0,,,1.0,,0.0,0.0,,,,,,,,,1.0,,,,,1.0,,,1.0,,0.0,,,1.0,0.0,1.0,1.0,,,,1.0,1.0,0.0,1.0,0.0,,,1.0,0.0,1.0,1.0,1.0,1.0,0.0,1.0,,1.0,,,0.0,,1.0,0.0,,,,,0.0,,1.0,,,,,,,,,0.0,1.0,0.0,0.0,0.0,,0.0,,0.0,1.0,1.0,0.0,0.0,,,,,1.0,,1.0,,,,,,,,,,1.0,,,,,,0.0,,,1.0,,,0.0,0.0,1.0,0.0,0.0,,,,,,,,,,,,,1.0,1.0,,,,,,,,,0.0,,,,,1.0,1.0,,,1.0,,0.0,,,,,,0.0,,,0.0,,,,1.0,,0.0,,,,,,,,1.0,,,,,,,,,0.0,1.0,1.0,0.0,,,,0.0,,,,,1.0,,,,,,,1.0,,,,0.0,0.0,1.0,,,,,1.0,1.0,1.0,0.0,0.0,0.0,0.0,0.0,1.0,0.0,1.0,,,,,0.0,1.0,0.0,1.0,0.0,,,,0.0,1.0,0.0,0.0,1.0,1.0,,,1.0,1.0,,1.0,,,,,,,1.0,1.0,1.0,1.0,0.0,,0.0,0.0,,,0.0,1.0,1.0,,,,,,0.0,,,,,,,,,0.0,0.0,,1.0,1.0,,,,,1.0,0.0,,,,,,,,,1.0,,,1.0,,,,,,,,1.0,,1.0,1.0,0.0,1.0,,1.0,1.0,0.0,1.0,1.0
Francisco Rossi,,0.0,,1.0,1.0,1.0,,0.0,1.0,0.0,1.0,0.0,1.0,0.0,1.0,0.0,1.0,1.0,1.0,,1.0,,1.0,0.0,1.0,1.0,0.0,1.0,0.0,0.0,1.0,1.0,0.0,0.0,0.0,1.0,1.0,1.0,1.0,,,,,,,,,1.0,,,0.0,0.0,0.0,0.0,0.0,,0.0,0.0,0.0,1.0,1.0,1.0,1.0,,1.0,1.0,1.0,0.0,0.0,1.0,1.0,1.0,0.0,0.0,0.0,0.0,1.0,0.0,0.0,0.0,0.0,0.0,0.0,0.0,0.0,0.0,0.0,,0.0,0.0,0.0,1.0,1.0,0.0,1.0,1.0,1.0,,1.0,0.0,1.0,,,,0.0,0.0,1.0,0.0,1.0,1.0,0.0,1.0,0.0,1.0,1.0,1.0,,0.0,1.0,0.0,1.0,1.0,0.0,1.0,0.0,,0.0,,0.0,1.0,0.0,1.0,1.0,0.0,,0.0,0.0,0.0,,,1.0,,,,,,0.0,0.0,1.0,,0.0,0.0,,,,,0.0,0.0,,,0.0,1.0,1.0,0.0,0.0,1.0,,1.0,1.0,0.0,1.0,,,,,,,0.0,1.0,0.0,1.0,0.0,0.0,,1.0,,0.0,1.0,,,,,,0.0,0.0,1.0,1.0,,0.0,,0.0,0.0,1.0,,,,,1.0,1.0,0.0,0.0,,0.0,,0.0,1.0,,,,,,,1.0,1.0,,,1.0,,,0.0,0.0,0.0,,,,,1.0,1.0,,,,1.0,,,,,,,,,,,,,,,,,,,,,,,,,0.0,0.0,,,,1.0,,1.0,1.0,0.0,1.0,0.0,,1.0,1.0,0.0,0.0,0.0,0.0,1.0,0.0,1.0,1.0,1.0,0.0,1.0,1.0,1.0,0.0,0.0,1.0,1.0,0.0,1.0,0.0,0.0,1.0,1.0,0.0,0.0,1.0,1.0,1.0,,0.0,0.0,1.0,0.0,0.0,0.0,0.0,0.0,0.0,0.0,0.0,1.0,1.0,1.0,,1.0,0.0,0.0,0.0,1.0,1.0,0.0,1.0,1.0,1.0,1.0,0.0,1.0,1.0,0.0,0.0,1.0,,,0.0,0.0,0.0,0.0,0.0,0.0,,,,,0.0,1.0,,,1.0,,1.0,1.0,1.0,1.0,,,,1.0,1.0,0.0,1.0,1.0,1.0,1.0,,,,1.0,1.0,1.0,1.0,1.0,0.0,1.0,,0.0,0.0,0.0,0.0,1.0,1.0,1.0,1.0,1.0,0.0,1.0,1.0,0.0,0.0,1.0
Francisco Tenorio,1.0,1.0,0.0,0.0,1.0,1.0,1.0,1.0,,1.0,0.0,0.0,1.0,0.0,1.0,1.0,1.0,1.0,,,,,,1.0,1.0,1.0,0.0,1.0,0.0,0.0,1.0,1.0,0.0,1.0,0.0,1.0,1.0,1.0,1.0,,0.0,1.0,0.0,0.0,1.0,0.0,1.0,1.0,0.0,0.0,1.0,1.0,1.0,1.0,1.0,,0.0,,0.0,1.0,1.0,1.0,1.0,0.0,,,1.0,0.0,,1.0,1.0,1.0,,0.0,0.0,0.0,1.0,0.0,0.0,0.0,0.0,0.0,0.0,0.0,0.0,0.0,0.0,0.0,0.0,,0.0,0.0,,,,1.0,1.0,1.0,0.0,,1.0,0.0,0.0,1.0,,,1.0,0.0,1.0,1.0,,1.0,0.0,1.0,1.0,1.0,1.0,0.0,1.0,,1.0,1.0,0.0,,0.0,,0.0,0.0,1.0,,,0.0,1.0,,,,0.0,0.0,0.0,1.0,1.0,1.0,0.0,0.0,0.0,0.0,,0.0,1.0,1.0,0.0,1.0,,,1.0,1.0,,1.0,1.0,,1.0,1.0,1.0,0.0,0.0,1.0,1.0,1.0,1.0,0.0,1.0,0.0,1.0,0.0,1.0,0.0,0.0,0.0,1.0,,1.0,0.0,0.0,0.0,1.0,,0.0,,0.0,,,,1.0,1.0,0.0,1.0,1.0,1.0,0.0,,,0.0,1.0,1.0,,,0.0,,,,,,,0.0,,,,0.0,0.0,,1.0,0.0,1.0,1.0,,0.0,1.0,0.0,0.0,0.0,0.0,0.0,,1.0,,,1.0,,,,0.0,1.0,1.0,1.0,,1.0,0.0,0.0,,,,,,,,0.0,0.0,0.0,1.0,0.0,1.0,1.0,1.0,,,,0.0,,,,,1.0,,1.0,1.0,0.0,1.0,0.0,,1.0,1.0,0.0,,,0.0,0.0,,1.0,1.0,1.0,1.0,1.0,1.0,1.0,0.0,0.0,1.0,1.0,,1.0,0.0,0.0,1.0,1.0,0.0,0.0,,,0.0,,,0.0,1.0,,1.0,1.0,0.0,0.0,0.0,1.0,1.0,,,1.0,1.0,1.0,0.0,0.0,0.0,1.0,,0.0,1.0,,1.0,,0.0,,1.0,0.0,0.0,,0.0,,0.0,0.0,0.0,0.0,0.0,,0.0,1.0,0.0,0.0,0.0,1.0,0.0,0.0,1.0,1.0,1.0,,1.0,1.0,0.0,0.0,1.0,1.0,0.0,,1.0,,,,,,,,,1.0,1.0,1.0,0.0,1.0,0.0,,0.0,0.0,,1.0,1.0,1.0,1.0,0.0,1.0,,1.0,1.0,1.0,1.0
Frank Aguiar,,1.0,,,,,,,,,,,,,,,,,,,,,,,,1.0,,1.0,0.0,0.0,1.0,,,,,,,,1.0,0.0,0.0,1.0,0.0,0.0,1.0,0.0,1.0,1.0,,,1.0,1.0,1.0,1.0,1.0,,0.0,0.0,0.0,1.0,1.0,,1.0,0.0,,1.0,1.0,,0.0,1.0,1.0,1.0,0.0,,0.0,0.0,1.0,0.0,0.0,,0.0,0.0,0.0,0.0,0.0,0.0,0.0,0.0,0.0,0.0,,1.0,,0.0,1.0,1.0,,1.0,1.0,0.0,1.0,,,,0.0,,,,1.0,1.0,0.0,1.0,1.0,1.0,,,,0.0,1.0,0.0,1.0,1.0,0.0,1.0,0.0,,0.0,0.0,1.0,1.0,,,1.0,0.0,1.0,0.0,0.0,0.0,0.0,1.0,,,,,,0.0,0.0,0.0,1.0,1.0,0.0,1.0,,,1.0,1.0,0.0,1.0,,,1.0,1.0,,0.0,,1.0,,1.0,1.0,0.0,1.0,,,,,,,,,0.0,1.0,0.0,0.0,,1.0,,,1.0,0.0,,,,,,0.0,1.0,,,0.0,1.0,,,,,,0.0,,,,,,0.0,1.0,,,,,0.0,0.0,0.0,1.0,0.0,1.0,1.0,,,,0.0,,0.0,0.0,0.0,,1.0,,,,,,,,,,1.0,0.0,,0.0,,,,,,,,,,,,,,,,,,,,,,,,,,,,,,,,,,,,,,,,,,,,,,,,,,,,,,,,,,,,,,,,,,,,,,,,,,,,,,,,,,,,,,,,,,,,,,,,,,,,,,,,,,,,,,,,,,,,,,,,,,,,,,,,,,,,,,,,,,,,,,,,,,,,,,,,,
Freire Júnior,,,,,,,,,,,,,,,,,,,,,,,,,,,,,,,,,,,,,,,,,,,,,,,,,,,,,,,,,,,,,,,,,,,,,,,,,,,,,,,,,,,,,,,,,,,,,,,,,,,,,,,,,,,,,,,,,,,,,,,,,,,,,,,,,,,,,,,,,,,,,,,,,,,,,,,,,,,,,,,1.0,,,,,,,,,,0.0,,,,,,,,,,,,,,,,,,,,,0.0,,,,,,0.0,,,,0.0,0.0,1.0,0.0,,,,,,,,,,0.0,,,,,,,,,,,1.0,,,,,,,,,,,,,,,,,,,,,,,,,,,,,,,,,,,,,,,,,,,,,,,,,,,,,,,,,,,,,,,,,,,,,,,,,,,,,,,,,,,,,,,,,,,,,,,,,,,,,,,,,,,,,,,,,,,,,,,,,,,,,,,,,,,,,,,,,,,,,,,,,,,,,,,,,,,,,,,,,,,,,,,,,,,,,,,,
Fábio Faria,,,,,1.0,1.0,1.0,1.0,,,,0.0,,0.0,1.0,0.0,1.0,1.0,1.0,1.0,1.0,1.0,1.0,1.0,1.0,0.0,0.0,1.0,0.0,0.0,1.0,,,1.0,0.0,1.0,1.0,1.0,1.0,0.0,0.0,1.0,0.0,0.0,1.0,0.0,1.0,1.0,,0.0,1.0,1.0,1.0,1.0,1.0,,0.0,0.0,0.0,1.0,1.0,1.0,1.0,0.0,1.0,,,0.0,0.0,,1.0,1.0,,0.0,,,1.0,,0.0,0.0,0.0,0.0,0.0,,,0.0,0.0,0.0,0.0,0.0,,,,,1.0,,1.0,,0.0,0.0,,,,,0.0,0.0,1.0,0.0,1.0,1.0,0.0,1.0,1.0,1.0,1.0,1.0,1.0,,,,1.0,1.0,0.0,1.0,,,,,,1.0,,0.0,0.0,0.0,1.0,,0.0,,1.0,,,1.0,0.0,0.0,0.0,0.0,,0.0,1.0,,,1.0,,1.0,1.0,1.0,,,1.0,1.0,,1.0,1.0,0.0,0.0,1.0,,1.0,,0.0,1.0,,,0.0,,,0.0,0.0,1.0,1.0,1.0,0.0,0.0,,1.0,1.0,,1.0,0.0,1.0,,0.0,1.0,0.0,0.0,,1.0,1.0,0.0,1.0,,,,,0.0,0.0,,,0.0,,1.0,,,,,,,,,,,,,,,,,,0.0,,,,,,,0.0,1.0,1.0,,,,1.0,,,0.0,1.0,0.0,,,0.0,1.0,1.0,0.0,0.0,0.0,,0.0,1.0,1.0,,1.0,,,,,,,,,1.0,0.0,1.0,,1.0,1.0,0.0,1.0,,1.0,1.0,1.0,,1.0,,0.0,1.0,,1.0,1.0,1.0,1.0,,,1.0,0.0,1.0,1.0,1.0,,,1.0,0.0,1.0,1.0,0.0,,,1.0,,0.0,,,,0.0,,1.0,0.0,0.0,1.0,1.0,1.0,1.0,1.0,1.0,1.0,1.0,0.0,0.0,0.0,1.0,1.0,1.0,1.0,0.0,1.0,1.0,,,1.0,,0.0,,0.0,0.0,,,0.0,,0.0,,,,,,,,,,1.0,1.0,1.0,,1.0,1.0,0.0,0.0,1.0,1.0,1.0,,,1.0,1.0,1.0,,0.0,,,,,1.0,,0.0,1.0,,0.0,0.0,,,1.0,,,1.0,,,,,,,
Fábio Ramalho,1.0,,0.0,1.0,1.0,1.0,1.0,1.0,1.0,,0.0,0.0,,0.0,,0.0,1.0,1.0,1.0,1.0,1.0,1.0,1.0,1.0,1.0,1.0,0.0,1.0,0.0,0.0,1.0,1.0,0.0,0.0,,,1.0,1.0,1.0,,,,0.0,0.0,1.0,0.0,1.0,1.0,,,1.0,1.0,1.0,1.0,1.0,,0.0,0.0,,1.0,1.0,,1.0,0.0,,1.0,1.0,0.0,0.0,1.0,0.0,1.0,0.0,0.0,0.0,0.0,1.0,0.0,0.0,0.0,0.0,0.0,0.0,,0.0,0.0,0.0,0.0,0.0,0.0,,0.0,1.0,0.0,1.0,1.0,,,0.0,0.0,,0.0,,0.0,,0.0,1.0,0.0,1.0,1.0,0.0,1.0,1.0,1.0,1.0,1.0,1.0,0.0,1.0,0.0,1.0,1.0,0.0,1.0,0.0,,0.0,0.0,1.0,1.0,1.0,0.0,0.0,0.0,1.0,0.0,0.0,,0.0,1.0,1.0,1.0,,,0.0,0.0,0.0,0.0,1.0,1.0,0.0,1.0,0.0,1.0,1.0,1.0,0.0,,1.0,,,1.0,1.0,0.0,0.0,1.0,1.0,1.0,1.0,0.0,1.0,0.0,1.0,0.0,1.0,0.0,0.0,0.0,1.0,0.0,,0.0,,0.0,1.0,,0.0,1.0,,1.0,1.0,1.0,1.0,1.0,0.0,1.0,1.0,,0.0,1.0,,,,,,0.0,0.0,0.0,,0.0,0.0,0.0,,,,,0.0,,,,,0.0,,,,,,,,0.0,0.0,0.0,0.0,,0.0,0.0,1.0,1.0,,1.0,0.0,0.0,,1.0,0.0,1.0,0.0,0.0,0.0,,0.0,1.0,0.0,,0.0,,0.0,1.0,,,1.0,1.0,1.0,0.0,0.0,0.0,,0.0,0.0,1.0,0.0,0.0,0.0,1.0,1.0,0.0,1.0,,1.0,1.0,0.0,0.0,1.0,0.0,0.0,1.0,,1.0,1.0,,1.0,1.0,1.0,1.0,,0.0,1.0,1.0,1.0,1.0,0.0,0.0,1.0,1.0,0.0,0.0,1.0,,1.0,1.0,0.0,,,0.0,0.0,,0.0,,,,,1.0,1.0,1.0,,,0.0,,,,,0.0,1.0,,1.0,,,1.0,1.0,,,,,,,0.0,0.0,0.0,0.0,0.0,0.0,1.0,,0.0,,1.0,0.0,,,,1.0,1.0,1.0,,0.0,0.0,,1.0,,,,1.0,1.0,1.0,1.0,0.0,1.0,,,,1.0,1.0,,,,0.0,0.0,0.0,,,,,,0.0,0.0,1.0,,,1.0,1.0
Fábio Souto,1.0,0.0,1.0,1.0,1.0,1.0,1.0,1.0,1.0,0.0,0.0,0.0,1.0,0.0,1.0,1.0,1.0,1.0,1.0,1.0,1.0,1.0,1.0,1.0,1.0,0.0,,,,,,1.0,,1.0,0.0,1.0,1.0,1.0,,,,,,,0.0,1.0,,1.0,,,0.0,,,,,1.0,1.0,,,0.0,1.0,,,,0.0,0.0,0.0,,,0.0,1.0,,,,,,,,,1.0,,1.0,,,,,,,,,,1.0,,,0.0,0.0,,1.0,,1.0,,0.0,0.0,1.0,1.0,0.0,1.0,1.0,0.0,0.0,,1.0,1.0,0.0,0.0,,,0.0,1.0,0.0,0.0,0.0,1.0,1.0,0.0,1.0,,1.0,0.0,,0.0,1.0,1.0,0.0,,,,,0.0,,,,,,,,,,,0.0,1.0,0.0,1.0,0.0,0.0,0.0,0.0,0.0,1.0,1.0,0.0,0.0,,1.0,,0.0,0.0,0.0,0.0,,,,,,,,,0.0,1.0,,,,,,0.0,0.0,,0.0,,0.0,0.0,0.0,0.0,1.0,0.0,0.0,,0.0,,,,,,,,,,1.0,1.0,0.0,,,,,,,,,,,,,1.0,1.0,,,1.0,,,,,,,0.0,,,1.0,0.0,1.0,1.0,,1.0,0.0,0.0,,,,,,1.0,1.0,1.0,,,,1.0,,1.0,0.0,,0.0,1.0,1.0,1.0,0.0,1.0,,,1.0,1.0,,0.0,0.0,0.0,0.0,1.0,0.0,,1.0,1.0,1.0,1.0,0.0,,0.0,,0.0,0.0,1.0,,1.0,1.0,1.0,0.0,0.0,0.0,0.0,0.0,1.0,0.0,1.0,,,,,0.0,1.0,,1.0,0.0,,,,0.0,1.0,0.0,0.0,1.0,0.0,0.0,0.0,1.0,,1.0,1.0,,1.0,,,,0.0,,1.0,,1.0,,,,,,,0.0,,,,,,,,1.0,,,,,,,,,0.0,0.0,0.0,1.0,,1.0,,,,1.0,0.0,1.0,0.0,,,,,,,1.0,1.0,1.0,1.0,,,0.0,,,,,,0.0,1.0,1.0,0.0,1.0,,1.0,1.0,0.0,0.0,1.0
Fátima Bezerra,1.0,1.0,0.0,1.0,1.0,1.0,1.0,1.0,,0.0,,,1.0,0.0,1.0,1.0,1.0,1.0,,1.0,1.0,1.0,,,1.0,,0.0,,,,,1.0,0.0,1.0,0.0,,1.0,1.0,0.0,0.0,,,0.0,0.0,1.0,0.0,1.0,1.0,0.0,,1.0,1.0,1.0,1.0,1.0,,,,,1.0,1.0,0.0,1.0,,,,,0.0,,1.0,0.0,1.0,0.0,0.0,,0.0,1.0,0.0,0.0,0.0,,,0.0,0.0,0.0,0.0,0.0,0.0,0.0,,,0.0,1.0,,,1.0,1.0,,,0.0,,,,,0.0,0.0,1.0,0.0,1.0,1.0,0.0,1.0,0.0,,,1.0,1.0,,1.0,0.0,0.0,,0.0,,0.0,,0.0,1.0,0.0,1.0,,1.0,0.0,0.0,,,0.0,0.0,0.0,1.0,1.0,1.0,0.0,,0.0,,0.0,,1.0,,,,,1.0,,1.0,,,1.0,1.0,,1.0,1.0,,,,,1.0,1.0,,1.0,0.0,1.0,0.0,1.0,,0.0,,1.0,0.0,1.0,0.0,0.0,0.0,,1.0,0.0,1.0,0.0,1.0,0.0,0.0,,0.0,,,,1.0,0.0,,0.0,,,1.0,,,0.0,,0.0,1.0,,0.0,1.0,0.0,,0.0,,,,,1.0,0.0,,,,0.0,,,,0.0,0.0,0.0,,1.0,0.0,,1.0,1.0,1.0,,0.0,0.0,,1.0,0.0,,,0.0,0.0,,,,,,0.0,0.0,0.0,0.0,1.0,,,1.0,1.0,1.0,1.0,0.0,0.0,0.0,0.0,,,,,1.0,1.0,,1.0,0.0,,1.0,0.0,,1.0,,0.0,0.0,0.0,1.0,,,,1.0,0.0,1.0,0.0,0.0,1.0,1.0,,,,0.0,1.0,1.0,,,,,0.0,1.0,0.0,0.0,,0.0,,,,,,,,1.0,,1.0,1.0,1.0,0.0,,0.0,,1.0,0.0,1.0,,,,0.0,,1.0,0.0,,,0.0,0.0,0.0,,0.0,0.0,0.0,,0.0,1.0,0.0,0.0,0.0,1.0,0.0,0.0,1.0,1.0,1.0,1.0,1.0,1.0,0.0,,1.0,,1.0,0.0,1.0,,1.0,1.0,1.0,0.0,1.0,1.0,,,1.0,1.0,0.0,1.0,0.0,,0.0,0.0,0.0,1.0,1.0,1.0,,,,,1.0,,0.0,
Fátima Pelaes,1.0,,,,,1.0,1.0,1.0,1.0,0.0,,0.0,,0.0,1.0,,,,,,,,,,,1.0,0.0,1.0,0.0,,,1.0,0.0,0.0,1.0,1.0,1.0,1.0,,,,,0.0,0.0,,,,1.0,,0.0,,1.0,1.0,1.0,1.0,,,,0.0,1.0,1.0,,1.0,0.0,,,,,0.0,1.0,1.0,,0.0,0.0,0.0,0.0,1.0,,,,,0.0,0.0,0.0,0.0,0.0,,0.0,0.0,0.0,0.0,1.0,1.0,0.0,1.0,1.0,,,,,,,1.0,1.0,,,,,1.0,1.0,0.0,1.0,,1.0,1.0,,,0.0,1.0,0.0,1.0,1.0,0.0,,0.0,,0.0,1.0,0.0,,0.0,1.0,1.0,,,0.0,,0.0,1.0,1.0,1.0,1.0,0.0,,0.0,0.0,0.0,,,,,1.0,,,,,,1.0,1.0,,,,1.0,0.0,0.0,,,1.0,1.0,,1.0,,,0.0,1.0,,0.0,,1.0,,1.0,0.0,0.0,0.0,1.0,,0.0,1.0,0.0,1.0,,1.0,1.0,0.0,,1.0,1.0,,0.0,1.0,0.0,0.0,1.0,1.0,0.0,0.0,0.0,,0.0,1.0,1.0,0.0,1.0,,1.0,0.0,,,,,,,,,,,1.0,,,,,,0.0,,0.0,0.0,1.0,1.0,,1.0,0.0,1.0,1.0,,0.0,1.0,,0.0,0.0,1.0,1.0,,0.0,0.0,0.0,0.0,,,,0.0,1.0,,,1.0,1.0,0.0,0.0,0.0,0.0,1.0,,,0.0,1.0,1.0,0.0,1.0,0.0,,1.0,1.0,,1.0,0.0,0.0,1.0,0.0,1.0,1.0,1.0,,1.0,1.0,1.0,1.0,,1.0,1.0,,1.0,,0.0,,1.0,0.0,,,,,1.0,0.0,0.0,1.0,,0.0,0.0,0.0,0.0,0.0,0.0,,,1.0,1.0,1.0,1.0,,0.0,0.0,1.0,1.0,,,,1.0,,0.0,,1.0,,,,,0.0,,0.0,0.0,0.0,,0.0,,1.0,0.0,0.0,,,0.0,0.0,1.0,1.0,,,1.0,,0.0,0.0,1.0,1.0,1.0,0.0,1.0,,1.0,1.0,1.0,,1.0,,1.0,1.0,1.0,,,,,0.0,0.0,0.0,0.0,1.0,1.0,,1.0,,0.0,,,1.0,0.0,
Félix Mendonça,1.0,0.0,1.0,1.0,,1.0,,1.0,1.0,1.0,0.0,0.0,,,,1.0,1.0,1.0,1.0,,,1.0,,1.0,1.0,0.0,,,,,,,0.0,1.0,,,1.0,1.0,1.0,,,,,,0.0,1.0,1.0,1.0,,,,,,,,1.0,1.0,,,0.0,1.0,,,,,,0.0,,,0.0,1.0,,,,,,,,,,,1.0,,,,,,1.0,,1.0,,1.0,,,0.0,0.0,,1.0,1.0,1.0,0.0,0.0,0.0,1.0,1.0,1.0,1.0,0.0,0.0,0.0,,0.0,0.0,0.0,0.0,0.0,,,1.0,0.0,1.0,1.0,1.0,1.0,,,,0.0,0.0,,,,0.0,0.0,,,,,,,0.0,,,,,,,,,0.0,1.0,0.0,0.0,0.0,0.0,0.0,,0.0,1.0,0.0,0.0,0.0,,1.0,,0.0,1.0,0.0,0.0,,,0.0,1.0,,1.0,0.0,0.0,,1.0,,,,,,0.0,,,0.0,,0.0,0.0,0.0,0.0,1.0,0.0,0.0,,0.0,,,,,,,,,,,1.0,0.0,,,0.0,,,,,,,,,,1.0,1.0,,,1.0,,,,,,,0.0,,,1.0,1.0,1.0,,,1.0,0.0,0.0,,,,,,1.0,1.0,,,,,,,1.0,0.0,,,1.0,1.0,0.0,0.0,1.0,,,1.0,,,0.0,0.0,0.0,0.0,,0.0,,,1.0,,1.0,0.0,0.0,0.0,0.0,0.0,,1.0,1.0,,,1.0,,0.0,,0.0,1.0,1.0,1.0,1.0,,,1.0,,,0.0,,1.0,,,,,,1.0,0.0,1.0,1.0,1.0,,,1.0,1.0,1.0,1.0,,,,,,,1.0,1.0,1.0,1.0,,,1.0,,,,1.0,0.0,0.0,,,,,0.0,,0.0,1.0,0.0,0.0,,1.0,,0.0,1.0,1.0,1.0,1.0,1.0,1.0,0.0,0.0,,0.0,,0.0,1.0,,,,1.0,0.0,1.0,1.0,,,1.0,1.0,0.0,1.0,0.0,0.0,0.0,0.0,0.0,1.0,1.0,1.0,1.0,1.0,0.0,,1.0,1.0,1.0,1.0
Gastão Vieira,1.0,1.0,0.0,,,,1.0,,1.0,0.0,0.0,,,,,,,,1.0,1.0,1.0,1.0,1.0,1.0,,1.0,0.0,1.0,0.0,0.0,,,,,,,,,0.0,0.0,0.0,1.0,0.0,0.0,1.0,0.0,1.0,1.0,0.0,0.0,1.0,1.0,1.0,1.0,1.0,1.0,0.0,0.0,0.0,1.0,1.0,,1.0,0.0,1.0,1.0,1.0,0.0,0.0,1.0,1.0,1.0,0.0,0.0,,0.0,1.0,0.0,0.0,0.0,0.0,,0.0,0.0,0.0,0.0,0.0,,0.0,0.0,0.0,1.0,1.0,0.0,,0.0,,1.0,1.0,1.0,,,,,0.0,,,,1.0,1.0,0.0,1.0,0.0,1.0,1.0,1.0,1.0,,,,1.0,1.0,0.0,,0.0,1.0,,1.0,0.0,1.0,,,1.0,0.0,1.0,0.0,0.0,,,1.0,,,0.0,,0.0,0.0,0.0,0.0,1.0,0.0,0.0,0.0,0.0,1.0,,1.0,0.0,1.0,,,,1.0,1.0,0.0,,1.0,1.0,1.0,1.0,0.0,1.0,,,,,,,,,,,0.0,,0.0,1.0,1.0,,,0.0,1.0,0.0,1.0,1.0,0.0,0.0,,,,0.0,1.0,0.0,0.0,1.0,1.0,0.0,0.0,0.0,,,1.0,1.0,0.0,1.0,0.0,1.0,0.0,0.0,0.0,,0.0,1.0,0.0,1.0,1.0,0.0,0.0,,,0.0,0.0,0.0,0.0,0.0,1.0,0.0,0.0,,,1.0,1.0,0.0,,,1.0,0.0,1.0,0.0,0.0,0.0,,1.0,1.0,0.0,0.0,,0.0,0.0,0.0,1.0,0.0,1.0,1.0,,1.0,1.0,0.0,,,0.0,1.0,0.0,,0.0,1.0,1.0,0.0,1.0,,1.0,,,,,,,,,,,,,,,,,,,,,,,,,,,,,,,,,,,,,,,,,,,,,,,,,,,,,,,,,,,,,,,1.0,,,,,,,,,,,,,,,,,,,,,,,,,,,0.0,,,1.0,1.0,1.0,1.0,0.0,1.0,,0.0,1.0,,1.0,0.0,,0.0,0.0,0.0,0.0,,1.0,1.0,1.0,,1.0,0.0,1.0,1.0,1.0,1.0,1.0
Geddel Vieira Lima,,,,,,,,,,,,,,0.0,1.0,,,,1.0,,,1.0,,1.0,1.0,,,,0.0,,,,,,,,,,1.0,,,,,,,,,,,,,,,,,,0.0,0.0,,,,,1.0,,,,1.0,,,,,,,,,,,,,,,,,,,,,,,,,,,,,,,,,,,,,,,,,,,,,,,,,,,,,,,,,,,,,,,,,,,,,,,,,,,,,,,,,,,,,,,,,,,,,,,,,,,,,,,,,,,,,,,,,,,,,,,,,,,,,,,,,,,,,,,,,,,,,,,,,,,,,,,,,,,,,,,,,,,,,,,,,,,,,,,,,,,,,,,,,,,,,,,,,,,,,,,,,,,,,,,,,,,,,,,,,,,,,,,,,,,,,,,,,,,,,,,,,,,,,,,,,,,,,,,,,,,,,,,,,,,,,,,,,,,,,,,,,,,,,,,,,,,,,,,,,,,,,0.0,,0.0,,,1.0,,,,,,,,,,,,,0.0,,0.0,,,,,1.0,,,,,,,
George Hilton,1.0,1.0,0.0,1.0,1.0,1.0,1.0,1.0,1.0,,0.0,0.0,1.0,,,1.0,,,,,,,,,,,0.0,1.0,0.0,0.0,1.0,1.0,0.0,,,,,1.0,1.0,0.0,0.0,1.0,,0.0,,,,,0.0,0.0,1.0,,,,,,0.0,0.0,0.0,1.0,0.0,,1.0,0.0,1.0,1.0,1.0,0.0,,1.0,0.0,1.0,,0.0,0.0,0.0,,0.0,0.0,0.0,0.0,0.0,0.0,0.0,0.0,,0.0,0.0,0.0,,0.0,,,,,,,,1.0,0.0,1.0,,,,,0.0,,0.0,1.0,1.0,0.0,1.0,,,,1.0,1.0,,,,,,0.0,1.0,0.0,,,,1.0,1.0,1.0,0.0,1.0,,1.0,,,,0.0,1.0,,1.0,0.0,0.0,,,1.0,,,1.0,0.0,0.0,0.0,1.0,,1.0,,1.0,1.0,1.0,1.0,1.0,1.0,0.0,0.0,1.0,,,,,0.0,0.0,1.0,0.0,,0.0,,,,,,,0.0,,,,0.0,1.0,,,,,,1.0,0.0,1.0,1.0,1.0,,,,,,,0.0,0.0,,0.0,,1.0,1.0,0.0,1.0,,,,,,0.0,0.0,1.0,0.0,1.0,,0.0,0.0,1.0,0.0,,0.0,0.0,0.0,0.0,,0.0,,1.0,1.0,,1.0,0.0,1.0,,1.0,0.0,1.0,0.0,0.0,0.0,1.0,1.0,,0.0,0.0,,0.0,0.0,0.0,1.0,0.0,1.0,,,1.0,1.0,0.0,0.0,0.0,0.0,,,1.0,,1.0,1.0,0.0,1.0,0.0,,1.0,,,,0.0,0.0,1.0,,,1.0,1.0,1.0,1.0,1.0,,,1.0,1.0,1.0,0.0,,,0.0,1.0,,0.0,0.0,,,1.0,1.0,,,,,0.0,0.0,1.0,1.0,0.0,1.0,0.0,1.0,,1.0,,1.0,0.0,0.0,0.0,1.0,1.0,0.0,1.0,1.0,1.0,,,,,,,,,0.0,,0.0,,0.0,0.0,,,,,,,,,,1.0,1.0,,,1.0,,0.0,0.0,1.0,1.0,0.0,1.0,1.0,,1.0,1.0,,,,,,,1.0,1.0,0.0,,0.0,0.0,0.0,0.0,,1.0,,,1.0,1.0,,,,0.0,0.0,
Geraldinho,,,,,,1.0,,,,,,,,,,,,,,,,,,,,,,,,,,,,,,,1.0,1.0,,,,,,,,,,,,,,,,,,,,,,,,0.0,,,,,,,,,,,,,,,,,,,,,,,,,,,,,,,,,,,0.0,,,,,,,,,,,,,,,,,,,,,,,,,,,,,,,,,,,,,,,,,,,,1.0,,,,,,,,,,,,,,,,,,,,,,,,,,,,,,,,,,,,,,,,,,,,,,,,,,,,,,,,,,,,,,,,,,,,,,,,,,,,,,,,,,,,,,,,,,,,,,,,1.0,0.0,,,,0.0,,,,,,,,,,,,,,,,,,,,,,,,,,,,,,,,,,,,,,1.0,,,,1.0,1.0,0.0,,,1.0,0.0,0.0,,1.0,1.0,0.0,0.0,1.0,0.0,,1.0,,,,,,,,1.0,0.0,0.0,0.0,0.0,1.0,0.0,,,,,,,,,0.0,1.0,,1.0,1.0,0.0,0.0,1.0,0.0,1.0,1.0,1.0,0.0,,,0.0,0.0,0.0,1.0,,,,0.0,,,,1.0,,,,1.0,0.0,0.0,1.0,0.0,,1.0,1.0,1.0,,,,,,,,,,,,,,,,,,,,,,,,,,,,,,,,,,,,,,,
Geraldo Pudim,1.0,1.0,0.0,1.0,1.0,1.0,1.0,1.0,1.0,1.0,,,1.0,,1.0,1.0,1.0,1.0,1.0,1.0,1.0,1.0,1.0,1.0,1.0,1.0,0.0,1.0,0.0,0.0,1.0,1.0,0.0,,,1.0,1.0,1.0,0.0,,0.0,1.0,0.0,0.0,1.0,0.0,,1.0,0.0,0.0,1.0,1.0,1.0,1.0,1.0,1.0,0.0,0.0,0.0,1.0,1.0,1.0,1.0,0.0,1.0,1.0,1.0,0.0,0.0,1.0,1.0,1.0,0.0,0.0,0.0,0.0,1.0,0.0,0.0,0.0,0.0,0.0,0.0,0.0,0.0,0.0,0.0,,0.0,0.0,,1.0,1.0,0.0,1.0,1.0,1.0,1.0,1.0,0.0,1.0,0.0,1.0,1.0,0.0,,1.0,,1.0,1.0,,1.0,1.0,1.0,1.0,1.0,1.0,0.0,,0.0,1.0,1.0,0.0,,,1.0,0.0,1.0,0.0,1.0,0.0,1.0,1.0,0.0,1.0,0.0,0.0,0.0,0.0,1.0,1.0,1.0,0.0,0.0,0.0,0.0,0.0,0.0,1.0,1.0,0.0,,0.0,1.0,1.0,1.0,0.0,1.0,1.0,,1.0,1.0,1.0,0.0,0.0,1.0,,1.0,1.0,0.0,1.0,,,,,,,1.0,0.0,,1.0,0.0,,0.0,1.0,1.0,0.0,1.0,0.0,1.0,0.0,1.0,1.0,0.0,0.0,,,1.0,,,0.0,0.0,1.0,1.0,,,0.0,0.0,,1.0,1.0,0.0,1.0,0.0,1.0,0.0,0.0,,,0.0,1.0,,,,,0.0,,0.0,0.0,,,,0.0,1.0,0.0,0.0,1.0,1.0,1.0,1.0,0.0,0.0,1.0,1.0,0.0,1.0,0.0,0.0,0.0,1.0,1.0,1.0,,0.0,0.0,0.0,0.0,0.0,1.0,0.0,1.0,,,1.0,1.0,0.0,0.0,0.0,0.0,1.0,0.0,1.0,0.0,1.0,1.0,0.0,1.0,,1.0,1.0,,,1.0,0.0,0.0,1.0,0.0,1.0,1.0,1.0,1.0,,,1.0,1.0,1.0,1.0,1.0,,1.0,0.0,,,,,,1.0,1.0,1.0,1.0,0.0,,,0.0,0.0,0.0,0.0,1.0,0.0,0.0,0.0,,1.0,1.0,1.0,1.0,0.0,0.0,0.0,1.0,,0.0,1.0,1.0,1.0,,0.0,1.0,1.0,0.0,0.0,1.0,,0.0,0.0,0.0,0.0,,,,0.0,1.0,0.0,,0.0,0.0,0.0,0.0,1.0,1.0,1.0,,1.0,1.0,0.0,0.0,1.0,1.0,0.0,0.0,1.0,,1.0,1.0,,,,1.0,1.0,1.0,,,0.0,1.0,0.0,0.0,0.0,,0.0,1.0,1.0,1.0,1.0,,0.0,1.0,1.0,1.0,1.0,1.0
Geraldo Resende,1.0,1.0,0.0,1.0,1.0,1.0,1.0,1.0,1.0,0.0,0.0,,1.0,0.0,1.0,0.0,1.0,1.0,1.0,,1.0,1.0,,1.0,1.0,0.0,,1.0,,,,1.0,0.0,1.0,0.0,1.0,1.0,1.0,1.0,0.0,0.0,1.0,0.0,0.0,1.0,0.0,1.0,1.0,,0.0,1.0,,1.0,1.0,1.0,1.0,1.0,,,0.0,1.0,1.0,,1.0,1.0,0.0,0.0,0.0,1.0,1.0,1.0,0.0,0.0,0.0,0.0,0.0,0.0,0.0,1.0,1.0,0.0,0.0,0.0,,0.0,0.0,0.0,0.0,0.0,0.0,,1.0,1.0,0.0,0.0,0.0,,1.0,1.0,1.0,1.0,,,,,0.0,1.0,0.0,1.0,1.0,0.0,0.0,1.0,1.0,1.0,0.0,1.0,,1.0,,1.0,1.0,1.0,1.0,0.0,,0.0,0.0,0.0,1.0,0.0,1.0,1.0,0.0,,,0.0,0.0,1.0,1.0,0.0,1.0,,0.0,0.0,,0.0,,1.0,1.0,0.0,1.0,,,1.0,1.0,0.0,1.0,1.0,1.0,1.0,1.0,1.0,,0.0,1.0,1.0,1.0,1.0,0.0,1.0,0.0,1.0,0.0,1.0,0.0,0.0,0.0,1.0,0.0,1.0,0.0,,0.0,1.0,1.0,0.0,1.0,,1.0,,1.0,0.0,,0.0,,,1.0,0.0,1.0,0.0,0.0,1.0,1.0,0.0,,0.0,0.0,0.0,1.0,1.0,,1.0,0.0,,0.0,0.0,0.0,,,1.0,0.0,1.0,,,0.0,1.0,0.0,,0.0,0.0,0.0,0.0,,,0.0,1.0,1.0,1.0,1.0,0.0,1.0,1.0,1.0,0.0,1.0,0.0,0.0,0.0,1.0,1.0,1.0,0.0,,0.0,,0.0,0.0,1.0,0.0,1.0,1.0,1.0,1.0,1.0,0.0,0.0,0.0,0.0,1.0,0.0,1.0,0.0,1.0,1.0,0.0,1.0,0.0,,1.0,1.0,,1.0,0.0,0.0,1.0,0.0,,1.0,1.0,1.0,1.0,1.0,1.0,0.0,1.0,1.0,1.0,,1.0,,0.0,1.0,1.0,0.0,0.0,1.0,1.0,,1.0,0.0,0.0,,0.0,0.0,0.0,0.0,0.0,0.0,0.0,0.0,1.0,1.0,1.0,1.0,1.0,,0.0,0.0,1.0,1.0,0.0,1.0,1.0,,1.0,0.0,1.0,,,,1.0,0.0,0.0,,0.0,,0.0,0.0,0.0,0.0,1.0,0.0,0.0,,1.0,,0.0,1.0,1.0,1.0,1.0,1.0,1.0,0.0,0.0,1.0,1.0,1.0,0.0,,1.0,1.0,1.0,1.0,0.0,1.0,1.0,1.0,1.0,1.0,1.0,0.0,1.0,0.0,0.0,0.0,0.0,0.0,1.0,1.0,1.0,1.0,1.0,0.0,1.0,1.0,0.0,0.0,1.0
Geraldo Simões,1.0,,,1.0,1.0,,,1.0,,0.0,0.0,0.0,1.0,0.0,1.0,1.0,1.0,1.0,,,,,,,,,,,,,,1.0,0.0,1.0,0.0,1.0,1.0,1.0,,0.0,0.0,1.0,0.0,0.0,1.0,0.0,1.0,,,,,,,,,,,,,,,,,,,,,,,,,,,,,,,,,,,,,,,,,,,,,,,,,,,1.0,,,,,,,,0.0,1.0,0.0,,,,,,,,,1.0,,,,,,,,,,,,,,,,,,,,,,,,1.0,,,,,,,,,1.0,,,,,,,,,,1.0,,,,,,,1.0,,,,,0.0,1.0,0.0,1.0,0.0,0.0,,,,,,,,,,,,,,,,,,,,1.0,,,,,,,,,,,,,,,,,,,,,,,,,,,,,,1.0,,,,,,,,,,1.0,1.0,1.0,1.0,0.0,,,,0.0,1.0,0.0,0.0,0.0,0.0,0.0,1.0,0.0,0.0,,0.0,,0.0,1.0,0.0,1.0,1.0,1.0,1.0,1.0,0.0,0.0,0.0,0.0,1.0,0.0,1.0,0.0,1.0,1.0,0.0,1.0,0.0,1.0,,0.0,0.0,1.0,0.0,0.0,0.0,0.0,1.0,1.0,1.0,1.0,1.0,0.0,1.0,0.0,0.0,1.0,1.0,1.0,1.0,0.0,0.0,1.0,1.0,0.0,1.0,,,0.0,,0.0,0.0,1.0,0.0,1.0,0.0,0.0,1.0,0.0,0.0,0.0,1.0,,1.0,1.0,,0.0,0.0,0.0,1.0,1.0,0.0,1.0,,1.0,,0.0,1.0,1.0,0.0,0.0,,0.0,0.0,0.0,0.0,0.0,0.0,0.0,,,,,,0.0,1.0,,,1.0,1.0,1.0,,1.0,1.0,0.0,0.0,1.0,0.0,1.0,0.0,1.0,1.0,1.0,1.0,1.0,0.0,1.0,1.0,1.0,1.0,1.0,1.0,0.0,1.0,0.0,0.0,0.0,,0.0,1.0,1.0,1.0,1.0,1.0,0.0,,1.0,1.0,1.0,1.0
Geraldo Thadeu,,0.0,1.0,0.0,1.0,1.0,1.0,1.0,1.0,,1.0,0.0,1.0,0.0,1.0,0.0,1.0,1.0,,,,,,,,0.0,,,,,,1.0,1.0,1.0,0.0,1.0,1.0,1.0,,,,,,,0.0,1.0,,,,,1.0,1.0,1.0,1.0,1.0,1.0,0.0,,,,1.0,1.0,,1.0,1.0,0.0,1.0,0.0,1.0,0.0,1.0,,,,0.0,0.0,0.0,,,,,0.0,0.0,0.0,,,,,,0.0,0.0,1.0,1.0,0.0,,0.0,1.0,1.0,,,1.0,1.0,1.0,1.0,1.0,,,,0.0,1.0,,1.0,1.0,,0.0,0.0,1.0,0.0,1.0,0.0,1.0,1.0,0.0,1.0,0.0,1.0,,0.0,0.0,,0.0,1.0,1.0,,,,,,1.0,,0.0,,0.0,0.0,,,,1.0,0.0,1.0,1.0,0.0,,0.0,0.0,0.0,,0.0,1.0,,0.0,0.0,,1.0,0.0,0.0,1.0,0.0,1.0,,,,,,,,,0.0,1.0,,,,,,,,,0.0,,,,0.0,0.0,1.0,0.0,,1.0,0.0,,,,,,,,,,,,0.0,,,0.0,,,,,,0.0,0.0,1.0,0.0,1.0,1.0,0.0,0.0,,,,,,,,,,,1.0,1.0,,1.0,,1.0,1.0,1.0,,,,,,1.0,1.0,1.0,1.0,,,,1.0,1.0,0.0,,,,1.0,1.0,0.0,0.0,0.0,0.0,,,,0.0,,0.0,0.0,1.0,0.0,,1.0,1.0,1.0,1.0,0.0,,,,0.0,0.0,1.0,1.0,1.0,1.0,1.0,,0.0,0.0,1.0,0.0,,1.0,1.0,,,,,,,,1.0,0.0,,,,,1.0,1.0,0.0,0.0,1.0,0.0,0.0,,,,,1.0,1.0,,,,0.0,1.0,,,,0.0,1.0,,1.0,0.0,1.0,1.0,1.0,1.0,0.0,,,,,,,,,,0.0,,,,1.0,1.0,1.0,1.0,1.0,,,,,1.0,0.0,,,,,,,,,,1.0,1.0,,,,,,,,,,0.0,,,1.0,,,1.0,,,,
Germano Bonow,1.0,0.0,1.0,,,1.0,1.0,1.0,1.0,,1.0,0.0,1.0,,,1.0,1.0,1.0,,,,,,,,,,1.0,,,,1.0,1.0,0.0,1.0,1.0,1.0,,1.0,,,,,,0.0,1.0,,1.0,,,0.0,,,,0.0,1.0,1.0,,,0.0,1.0,,,,0.0,0.0,0.0,,,0.0,1.0,,,,,,,,,1.0,,,,,,,,1.0,,,,1.0,,,0.0,0.0,,1.0,1.0,1.0,0.0,,,,,0.0,1.0,1.0,0.0,0.0,,1.0,,0.0,,0.0,,,,,,,1.0,1.0,,1.0,,1.0,0.0,,0.0,1.0,1.0,,,,,,1.0,,1.0,,,,,,,,,0.0,1.0,0.0,,,,,0.0,0.0,1.0,1.0,0.0,0.0,,1.0,,0.0,,0.0,1.0,,,,,,,,,0.0,1.0,,,,,,0.0,0.0,,0.0,,,,0.0,1.0,1.0,0.0,0.0,,0.0,,,,,,,,,,1.0,1.0,0.0,,,0.0,,,,,,,,,,1.0,1.0,,,1.0,,,,,,,,,,1.0,0.0,1.0,1.0,,1.0,0.0,0.0,,,,,,1.0,1.0,1.0,1.0,,,1.0,,,,,0.0,,,0.0,0.0,1.0,,,1.0,,,0.0,1.0,0.0,0.0,1.0,0.0,,,1.0,1.0,1.0,0.0,0.0,0.0,1.0,0.0,0.0,,0.0,0.0,1.0,1.0,0.0,,0.0,0.0,0.0,1.0,0.0,1.0,,,,,0.0,1.0,0.0,1.0,0.0,,,,0.0,1.0,0.0,0.0,1.0,1.0,0.0,0.0,1.0,1.0,1.0,1.0,1.0,1.0,,,,0.0,1.0,1.0,1.0,1.0,,1.0,0.0,0.0,,,0.0,1.0,1.0,,,,,1.0,0.0,,,,,,,,,0.0,0.0,0.0,,1.0,,,,0.0,,0.0,,,1.0,,,,,,,1.0,1.0,1.0,,,,,,,,1.0,0.0,1.0,1.0,0.0,1.0,,1.0,1.0,0.0,1.0,1.0
Gerson Peres,1.0,1.0,0.0,1.0,1.0,,1.0,,1.0,1.0,,1.0,,,1.0,0.0,0.0,1.0,1.0,1.0,1.0,1.0,1.0,1.0,1.0,1.0,,,0.0,0.0,1.0,,0.0,,,1.0,1.0,1.0,1.0,0.0,0.0,1.0,0.0,1.0,0.0,0.0,1.0,,,,,,,,,,,,,1.0,0.0,1.0,1.0,0.0,1.0,1.0,1.0,,0.0,1.0,0.0,1.0,,0.0,0.0,0.0,1.0,0.0,0.0,0.0,0.0,,0.0,,0.0,0.0,0.0,0.0,0.0,0.0,0.0,1.0,1.0,0.0,1.0,0.0,,1.0,1.0,0.0,1.0,0.0,0.0,0.0,0.0,0.0,1.0,0.0,,1.0,0.0,0.0,0.0,1.0,1.0,1.0,,0.0,1.0,0.0,1.0,1.0,0.0,1.0,0.0,,,0.0,1.0,1.0,,0.0,0.0,0.0,1.0,0.0,,,1.0,,0.0,,,,,,0.0,,,1.0,,1.0,0.0,,1.0,,0.0,,1.0,1.0,1.0,1.0,1.0,0.0,0.0,1.0,1.0,1.0,0.0,0.0,1.0,,,,,,,,,0.0,1.0,0.0,0.0,,1.0,1.0,0.0,,0.0,1.0,0.0,,,1.0,0.0,1.0,1.0,1.0,,,0.0,0.0,1.0,1.0,0.0,0.0,0.0,0.0,1.0,1.0,1.0,0.0,1.0,0.0,1.0,0.0,0.0,0.0,,0.0,1.0,0.0,1.0,1.0,0.0,0.0,1.0,,0.0,0.0,0.0,,,1.0,0.0,0.0,1.0,,1.0,1.0,0.0,,1.0,1.0,0.0,1.0,0.0,0.0,0.0,1.0,1.0,,0.0,0.0,,0.0,,,,0.0,1.0,1.0,1.0,1.0,1.0,0.0,,0.0,1.0,1.0,1.0,0.0,0.0,0.0,,0.0,0.0,0.0,,,1.0,,,0.0,0.0,1.0,,,1.0,1.0,,,1.0,1.0,,1.0,1.0,1.0,1.0,1.0,,0.0,,1.0,0.0,0.0,1.0,1.0,0.0,,0.0,,1.0,0.0,0.0,0.0,0.0,,0.0,1.0,0.0,,1.0,,,1.0,0.0,0.0,0.0,1.0,1.0,0.0,1.0,1.0,1.0,1.0,0.0,,,,0.0,,,0.0,,0.0,0.0,0.0,,1.0,0.0,,0.0,0.0,,1.0,0.0,0.0,1.0,1.0,1.0,,1.0,,0.0,0.0,1.0,1.0,0.0,0.0,,1.0,1.0,1.0,,,,,,,1.0,1.0,0.0,,0.0,0.0,0.0,,,,1.0,1.0,1.0,,,,,1.0,1.0,1.0
Gervásio Silva,1.0,0.0,1.0,1.0,1.0,,,1.0,,,0.0,,1.0,0.0,1.0,,1.0,1.0,1.0,1.0,1.0,1.0,1.0,1.0,1.0,0.0,,1.0,,,1.0,1.0,1.0,1.0,,1.0,,1.0,1.0,,,,,,0.0,1.0,0.0,,,,0.0,,,,,1.0,1.0,,,,1.0,1.0,,,,0.0,1.0,,,,1.0,,,,,,,,,1.0,,,,,,,,,,,,1.0,,,,1.0,,1.0,,1.0,,0.0,,,1.0,,,,0.0,,,,,0.0,0.0,0.0,,1.0,1.0,0.0,0.0,0.0,1.0,,,,,0.0,1.0,,1.0,,1.0,1.0,,,,,0.0,,,,,,,,,,,,1.0,,,0.0,0.0,0.0,1.0,0.0,1.0,,0.0,,,1.0,,0.0,,0.0,1.0,,,,,,,,,,1.0,,,,,,,,,0.0,,,0.0,,,1.0,1.0,,,,,,,,,,,,,,,,,,,,,,,,,,,,,,0.0,,1.0,1.0,,,,,,,,,1.0,0.0,,1.0,,,0.0,,,,,,,1.0,1.0,,,,,1.0,,1.0,0.0,,,,,0.0,,0.0,0.0,,,,,,,,,,,,1.0,,1.0,,0.0,0.0,0.0,,,0.0,1.0,0.0,0.0,1.0,1.0,1.0,,0.0,1.0,1.0,,0.0,1.0,,0.0,,,,,1.0,1.0,,,,,,,,,0.0,,,,1.0,1.0,,,,,,,,,1.0,1.0,,1.0,,,0.0,0.0,,,,,1.0,,,,,,,,,,,,,,,0.0,0.0,,,1.0,,,,,1.0,0.0,,,,,,0.0,0.0,0.0,,1.0,1.0,1.0,,,,,,,,,0.0,,,1.0,0.0,,,,1.0,1.0,
Gerônimo da Adefal,,,,,,,,,,,,,,,,,,,,,,,,,,,,,,,,,,,,,,,1.0,,,,,,,,,,,,,,,,,,0.0,,,0.0,,,,,,0.0,,,,,,,,,,,,,,,,,,,,,,,,,,,,,,,,,,,,,,,,,,,,,,,,,,,,,,,,,,,,,,,,,,,,,,,,,,,,,,,,,,,,,,,,,,,,,,,,,,,,,,,,,,,,,,,,,,,,,,,,,,,,,,,,,,,,,,,,,,,,,,,,,,,,,,,,,,,,,,,,,,,,,,,,,,,,,,,,,,,,,,,,,,,,,,,,,,,,,,,,,,,,,,,,,,,,,,,,,,,,,,,,,,,,,,,,,,,,,,,,,,,,,,,,,,,,,,,,,,,,,,,,,,,,,,,,,,,,,,,,,,,,,,,,,,,,,,,,,,,,,,,,,,,,,,,,,,,,,,,,,,,,,,,,,,,,,,
Giacobo,1.0,1.0,0.0,0.0,1.0,1.0,1.0,,1.0,1.0,0.0,0.0,,0.0,1.0,1.0,0.0,1.0,,,,,,,,1.0,0.0,1.0,0.0,0.0,1.0,1.0,0.0,0.0,,1.0,1.0,1.0,1.0,,0.0,1.0,0.0,,1.0,0.0,1.0,1.0,0.0,,,1.0,1.0,1.0,1.0,,0.0,0.0,0.0,1.0,0.0,1.0,1.0,0.0,,,,0.0,0.0,,1.0,1.0,0.0,,0.0,0.0,1.0,0.0,,0.0,0.0,,0.0,,,0.0,0.0,0.0,0.0,,,1.0,1.0,0.0,1.0,,1.0,,1.0,0.0,1.0,,,0.0,,0.0,1.0,0.0,,1.0,0.0,1.0,,1.0,1.0,1.0,1.0,1.0,0.0,1.0,1.0,1.0,0.0,1.0,0.0,1.0,,0.0,1.0,1.0,,0.0,1.0,0.0,1.0,,0.0,0.0,0.0,1.0,1.0,1.0,0.0,,,,1.0,,1.0,,,1.0,,1.0,1.0,1.0,0.0,,1.0,1.0,1.0,1.0,,,,1.0,,1.0,1.0,0.0,1.0,0.0,,0.0,1.0,,,0.0,1.0,0.0,1.0,0.0,,0.0,1.0,,0.0,,,1.0,0.0,0.0,0.0,1.0,0.0,,1.0,1.0,0.0,1.0,0.0,0.0,1.0,,0.0,0.0,0.0,,,1.0,1.0,,,,1.0,,0.0,,0.0,0.0,1.0,,1.0,1.0,,,,0.0,0.0,,0.0,0.0,0.0,,0.0,,,1.0,,1.0,,0.0,1.0,,1.0,0.0,0.0,0.0,0.0,,1.0,1.0,0.0,,,0.0,0.0,0.0,1.0,0.0,,1.0,1.0,,1.0,0.0,,0.0,,1.0,0.0,,0.0,1.0,1.0,0.0,1.0,0.0,1.0,1.0,,1.0,1.0,,0.0,1.0,,1.0,1.0,1.0,1.0,1.0,1.0,,,,,,1.0,,0.0,,,,,,1.0,1.0,1.0,,,,1.0,,0.0,0.0,0.0,0.0,,,,,,,,1.0,0.0,,,,,0.0,1.0,1.0,1.0,,0.0,1.0,1.0,,,1.0,0.0,0.0,,,0.0,,0.0,1.0,0.0,1.0,0.0,,,,0.0,0.0,,,,1.0,1.0,1.0,,0.0,1.0,1.0,,,,,1.0,,,0.0,,,1.0,0.0,,,0.0,1.0,,,,0.0,,1.0,,1.0,,,0.0,1.0,,1.0,1.0,
Gilmar Machado,1.0,1.0,0.0,1.0,,1.0,1.0,1.0,1.0,1.0,0.0,0.0,1.0,0.0,1.0,1.0,1.0,1.0,,1.0,,1.0,1.0,1.0,1.0,1.0,,,0.0,0.0,1.0,1.0,0.0,1.0,0.0,1.0,1.0,1.0,0.0,,,1.0,0.0,,1.0,0.0,1.0,1.0,0.0,,1.0,1.0,1.0,1.0,1.0,1.0,0.0,,,1.0,1.0,1.0,1.0,0.0,1.0,1.0,1.0,0.0,0.0,1.0,0.0,1.0,,0.0,,0.0,1.0,0.0,0.0,0.0,0.0,0.0,0.0,0.0,0.0,0.0,0.0,0.0,0.0,0.0,,0.0,1.0,0.0,1.0,1.0,1.0,1.0,1.0,0.0,1.0,0.0,,0.0,0.0,0.0,1.0,0.0,1.0,1.0,0.0,1.0,0.0,,,1.0,1.0,,1.0,0.0,1.0,1.0,0.0,1.0,0.0,,,1.0,0.0,1.0,0.0,0.0,1.0,0.0,,,0.0,0.0,0.0,1.0,,1.0,0.0,0.0,0.0,0.0,,0.0,1.0,0.0,0.0,1.0,0.0,1.0,1.0,1.0,,,1.0,1.0,1.0,1.0,1.0,0.0,,,1.0,1.0,1.0,0.0,,0.0,1.0,0.0,1.0,0.0,0.0,0.0,1.0,,1.0,0.0,0.0,0.0,1.0,1.0,0.0,,0.0,1.0,0.0,1.0,1.0,,0.0,1.0,,1.0,0.0,1.0,0.0,,1.0,1.0,0.0,0.0,0.0,0.0,0.0,1.0,1.0,0.0,1.0,0.0,1.0,,0.0,,,,1.0,0.0,0.0,,0.0,0.0,,0.0,0.0,,0.0,0.0,0.0,,0.0,0.0,1.0,1.0,1.0,1.0,0.0,0.0,1.0,1.0,0.0,1.0,0.0,0.0,0.0,,,1.0,0.0,,0.0,,,0.0,,0.0,1.0,1.0,1.0,1.0,1.0,0.0,0.0,0.0,0.0,,,1.0,,,,,,,1.0,,0.0,,1.0,,0.0,0.0,0.0,1.0,1.0,1.0,1.0,1.0,0.0,1.0,0.0,0.0,1.0,1.0,1.0,,0.0,0.0,1.0,1.0,0.0,1.0,1.0,,0.0,,0.0,,1.0,0.0,1.0,0.0,,1.0,1.0,0.0,0.0,,0.0,,1.0,1.0,0.0,0.0,0.0,1.0,,0.0,,0.0,1.0,1.0,0.0,,1.0,0.0,,1.0,,,0.0,0.0,,,0.0,,0.0,1.0,0.0,0.0,0.0,1.0,0.0,0.0,,,,1.0,1.0,1.0,0.0,0.0,1.0,0.0,1.0,0.0,1.0,1.0,1.0,1.0,,0.0,,1.0,0.0,0.0,,1.0,0.0,1.0,0.0,,0.0,0.0,0.0,,1.0,1.0,1.0,1.0,,1.0,1.0,1.0,,1.0
Giovanni Queiroz,1.0,1.0,0.0,1.0,,1.0,1.0,1.0,1.0,1.0,,1.0,1.0,,,0.0,1.0,1.0,1.0,1.0,1.0,1.0,,1.0,,1.0,,1.0,0.0,0.0,1.0,1.0,0.0,1.0,0.0,,,1.0,1.0,0.0,0.0,1.0,0.0,0.0,1.0,0.0,1.0,,0.0,0.0,1.0,1.0,1.0,1.0,1.0,,0.0,,,1.0,1.0,1.0,1.0,0.0,1.0,1.0,1.0,0.0,0.0,1.0,1.0,,0.0,0.0,,0.0,1.0,0.0,0.0,1.0,0.0,0.0,0.0,0.0,0.0,0.0,0.0,0.0,0.0,0.0,0.0,0.0,1.0,0.0,1.0,1.0,,1.0,1.0,0.0,1.0,,1.0,1.0,0.0,0.0,1.0,0.0,1.0,1.0,0.0,1.0,0.0,1.0,1.0,1.0,1.0,0.0,1.0,0.0,1.0,1.0,0.0,1.0,0.0,,0.0,0.0,1.0,,1.0,0.0,1.0,0.0,,,0.0,,1.0,1.0,,1.0,,0.0,0.0,0.0,0.0,0.0,1.0,1.0,0.0,1.0,0.0,1.0,1.0,1.0,0.0,1.0,,1.0,1.0,1.0,1.0,0.0,0.0,1.0,1.0,1.0,1.0,0.0,1.0,0.0,1.0,0.0,1.0,0.0,0.0,0.0,1.0,0.0,,0.0,0.0,,,1.0,0.0,1.0,,1.0,,0.0,0.0,1.0,0.0,1.0,,1.0,0.0,1.0,0.0,0.0,1.0,1.0,,,0.0,,0.0,1.0,1.0,,1.0,0.0,1.0,0.0,0.0,0.0,0.0,0.0,1.0,0.0,1.0,1.0,0.0,0.0,1.0,0.0,0.0,0.0,0.0,,0.0,1.0,0.0,0.0,1.0,,,1.0,0.0,1.0,,,0.0,1.0,0.0,0.0,,1.0,1.0,,0.0,0.0,0.0,0.0,0.0,1.0,1.0,0.0,1.0,,1.0,1.0,1.0,0.0,,0.0,0.0,1.0,0.0,1.0,0.0,0.0,0.0,1.0,0.0,1.0,,1.0,,0.0,,0.0,0.0,0.0,,0.0,,0.0,0.0,1.0,1.0,,0.0,1.0,1.0,1.0,1.0,,0.0,0.0,,1.0,,,1.0,,1.0,,0.0,,1.0,,,0.0,,0.0,0.0,1.0,0.0,,,1.0,1.0,1.0,,,,,,,,1.0,,1.0,0.0,,,0.0,0.0,1.0,0.0,0.0,0.0,0.0,0.0,0.0,0.0,1.0,0.0,1.0,0.0,0.0,0.0,1.0,0.0,0.0,,,,1.0,1.0,,0.0,0.0,,1.0,0.0,1.0,1.0,1.0,1.0,1.0,,,,,1.0,1.0,1.0,1.0,,,,,,0.0,0.0,1.0,1.0,1.0,1.0,0.0,0.0,1.0,1.0,,1.0,1.0
Givaldo Carimbão,1.0,,,,,1.0,1.0,0.0,,,0.0,,,0.0,1.0,0.0,1.0,1.0,,,,,,,,1.0,,,0.0,0.0,1.0,1.0,0.0,0.0,1.0,1.0,,1.0,,,,,0.0,0.0,1.0,0.0,,1.0,,0.0,1.0,1.0,1.0,1.0,1.0,,,,,1.0,,1.0,,0.0,,,,0.0,,1.0,0.0,1.0,,0.0,,,,0.0,0.0,0.0,,,,,,0.0,0.0,0.0,0.0,0.0,,0.0,,0.0,,1.0,1.0,,,0.0,1.0,,,,0.0,0.0,1.0,0.0,,1.0,0.0,1.0,0.0,1.0,1.0,,,0.0,,0.0,1.0,1.0,0.0,,,,,0.0,1.0,,,,1.0,,1.0,,,,1.0,1.0,1.0,,0.0,,0.0,,,,,,,1.0,,,,1.0,,1.0,1.0,,1.0,1.0,,,,,1.0,,1.0,0.0,1.0,,1.0,,1.0,0.0,,0.0,1.0,,1.0,,0.0,,,,,,0.0,1.0,,1.0,1.0,1.0,0.0,,,,0.0,,,,,,,0.0,0.0,,0.0,1.0,1.0,0.0,1.0,,1.0,0.0,,0.0,,0.0,,0.0,0.0,,,0.0,1.0,,,,,0.0,0.0,,0.0,,,,1.0,,0.0,0.0,1.0,1.0,,,0.0,,,,0.0,,,,0.0,,0.0,,1.0,,,,,1.0,1.0,0.0,,0.0,,1.0,0.0,,0.0,1.0,1.0,0.0,1.0,,,1.0,,,1.0,1.0,,,,1.0,1.0,1.0,1.0,,1.0,,,,,1.0,1.0,,1.0,,1.0,1.0,,,1.0,,,,,,1.0,,0.0,1.0,0.0,0.0,1.0,0.0,1.0,1.0,,,,1.0,0.0,0.0,,1.0,1.0,0.0,,,,1.0,,,1.0,,0.0,1.0,,,,0.0,0.0,0.0,,,,1.0,0.0,,,,0.0,,,,1.0,,1.0,,0.0,,1.0,,,0.0,,1.0,1.0,1.0,1.0,0.0,1.0,,1.0,1.0,1.0,,,,,0.0,0.0,0.0,0.0,1.0,,,,,1.0,1.0,,1.0,1.0,1.0
Gladson Cameli,,1.0,0.0,1.0,1.0,1.0,1.0,1.0,,,,0.0,1.0,,,,,,1.0,1.0,1.0,1.0,1.0,1.0,1.0,,0.0,1.0,0.0,0.0,,1.0,,,0.0,,,,0.0,,,,,,,,1.0,,0.0,0.0,,,,,,,,0.0,1.0,1.0,,,,,1.0,,1.0,,,1.0,0.0,,,,,,,,,,0.0,0.0,0.0,,,,,,,,,1.0,,,,,,,1.0,,,,0.0,0.0,,,,,,,,1.0,,,1.0,1.0,,0.0,1.0,0.0,,,0.0,,0.0,1.0,0.0,0.0,1.0,,1.0,0.0,1.0,0.0,1.0,0.0,0.0,0.0,0.0,1.0,,1.0,,0.0,0.0,,0.0,0.0,1.0,,0.0,1.0,0.0,1.0,1.0,1.0,0.0,1.0,1.0,1.0,,1.0,1.0,0.0,0.0,1.0,1.0,1.0,1.0,0.0,1.0,,1.0,0.0,1.0,,,,1.0,0.0,1.0,0.0,0.0,0.0,1.0,,0.0,1.0,,1.0,0.0,,,,0.0,1.0,,1.0,0.0,1.0,,,,,,0.0,0.0,0.0,0.0,1.0,1.0,0.0,1.0,,,,,,,0.0,,0.0,1.0,1.0,0.0,0.0,1.0,0.0,0.0,0.0,0.0,0.0,0.0,,0.0,0.0,1.0,,,,0.0,0.0,,,,,,0.0,0.0,1.0,1.0,,0.0,0.0,0.0,0.0,0.0,,1.0,0.0,1.0,1.0,1.0,1.0,1.0,0.0,,0.0,,1.0,1.0,1.0,,1.0,1.0,,,0.0,,1.0,1.0,,1.0,,,1.0,0.0,1.0,,1.0,1.0,,1.0,1.0,0.0,1.0,1.0,,,,0.0,0.0,,1.0,0.0,,,,0.0,1.0,0.0,0.0,1.0,,0.0,0.0,1.0,1.0,0.0,,,,,1.0,,1.0,0.0,,,,,0.0,,,,1.0,0.0,,,0.0,,,,,0.0,0.0,0.0,0.0,0.0,,,,,,0.0,1.0,,,,,,,,,0.0,0.0,,,1.0,,1.0,1.0,,,,,,,,,1.0,,,,,0.0,0.0,,,1.0,,,,,0.0,,1.0,1.0,1.0,
Glauber Braga,,,,0.0,1.0,1.0,,1.0,,,,0.0,1.0,,,,,,,,,,,,,,,,,,,1.0,0.0,1.0,0.0,,1.0,,,,,,,,,,,,,,,,,,,,,,,,,0.0,,,,,,,,,,,,,,,,,,,,,,,,,,,,,,,,,,,1.0,,,,,,,,,0.0,1.0,0.0,,,,,,,,,,,,,,,,,,,,,,,,,,,,,,,,,1.0,,,,,,,,,,,,,,,,,,,1.0,,,,,,,,,,,,0.0,1.0,0.0,1.0,0.0,0.0,1.0,0.0,,,,,,,,,,,,,,,,,,1.0,,,,,,,,,,,,,,,,,,,,,,,,,,,,,,,,,,,,,,,,1.0,1.0,1.0,1.0,,1.0,,,,,,,0.0,0.0,0.0,1.0,0.0,0.0,0.0,0.0,0.0,1.0,1.0,,1.0,,,1.0,0.0,0.0,0.0,0.0,0.0,1.0,0.0,1.0,0.0,1.0,1.0,0.0,1.0,0.0,1.0,1.0,,0.0,1.0,1.0,1.0,0.0,0.0,1.0,,1.0,1.0,1.0,1.0,0.0,0.0,0.0,1.0,1.0,1.0,1.0,,0.0,1.0,1.0,0.0,0.0,1.0,1.0,0.0,0.0,,0.0,1.0,0.0,1.0,,0.0,0.0,0.0,0.0,1.0,1.0,1.0,1.0,1.0,1.0,,0.0,0.0,1.0,1.0,,1.0,0.0,0.0,1.0,0.0,1.0,1.0,0.0,0.0,,0.0,0.0,0.0,,,,,0.0,0.0,1.0,0.0,0.0,0.0,1.0,0.0,0.0,1.0,1.0,1.0,1.0,1.0,,0.0,0.0,1.0,,,,,,,,,,,1.0,,,,,,,,,,,,,,,,,,,,,,
Gonzaga Patriota,,1.0,0.0,0.0,1.0,1.0,1.0,,1.0,,1.0,,1.0,,1.0,0.0,1.0,1.0,,,,,1.0,1.0,,,,,0.0,,1.0,,,1.0,,,1.0,1.0,1.0,,,,0.0,0.0,1.0,0.0,,1.0,0.0,0.0,,,,,,,0.0,,,1.0,1.0,0.0,1.0,,1.0,,,0.0,,1.0,1.0,,,,,0.0,,,,,,0.0,0.0,,,,0.0,,0.0,,,0.0,,0.0,1.0,,,1.0,,0.0,,0.0,,1.0,0.0,,,,1.0,1.0,,,0.0,,1.0,0.0,,,,,,1.0,0.0,1.0,0.0,,,0.0,0.0,,,0.0,1.0,0.0,1.0,,,0.0,,,1.0,1.0,,0.0,,,0.0,0.0,1.0,,0.0,1.0,0.0,,,1.0,0.0,1.0,1.0,1.0,1.0,1.0,1.0,1.0,0.0,1.0,1.0,1.0,1.0,0.0,1.0,,,0.0,,0.0,,,1.0,0.0,,,0.0,0.0,1.0,1.0,0.0,,0.0,1.0,0.0,0.0,0.0,1.0,0.0,,,1.0,0.0,,0.0,0.0,1.0,1.0,,,0.0,,,,,,,,1.0,0.0,,,0.0,,,,,,,,1.0,,,0.0,,,0.0,,,,1.0,1.0,1.0,1.0,,1.0,1.0,,,,,,0.0,0.0,,1.0,,,,,0.0,,,0.0,1.0,,1.0,,1.0,0.0,0.0,,,,,1.0,,1.0,,,,,,,,,1.0,,,1.0,,1.0,,0.0,0.0,,1.0,,,,1.0,1.0,,1.0,,0.0,1.0,,,,,,0.0,0.0,0.0,,,,,1.0,0.0,,,,,,,,,1.0,0.0,,,1.0,1.0,0.0,,,,,,1.0,,0.0,,,,0.0,0.0,0.0,,,0.0,,0.0,,,,0.0,1.0,,0.0,1.0,,1.0,,1.0,,,0.0,,,,,1.0,,,1.0,1.0,0.0,1.0,,,1.0,1.0,1.0,,,,0.0,,,,,1.0,,1.0,,,,,,,1.0
Gorete Pereira,1.0,,0.0,,1.0,1.0,,,1.0,1.0,0.0,,,0.0,1.0,1.0,1.0,1.0,,,,,,,,1.0,0.0,,0.0,,,1.0,0.0,1.0,1.0,1.0,1.0,1.0,,,,,,,1.0,0.0,1.0,1.0,,0.0,1.0,1.0,1.0,1.0,1.0,,0.0,,,0.0,,0.0,1.0,,1.0,,1.0,0.0,0.0,1.0,1.0,1.0,,0.0,0.0,0.0,1.0,0.0,0.0,0.0,0.0,,0.0,,0.0,0.0,0.0,0.0,0.0,,0.0,1.0,,0.0,,1.0,,1.0,,,1.0,0.0,0.0,0.0,0.0,0.0,1.0,1.0,1.0,1.0,,1.0,0.0,1.0,1.0,0.0,,1.0,0.0,,1.0,1.0,,1.0,,,,0.0,1.0,1.0,,,1.0,0.0,1.0,0.0,0.0,,,,1.0,1.0,0.0,0.0,,,0.0,0.0,1.0,,0.0,0.0,0.0,1.0,1.0,1.0,0.0,,1.0,,,,,,0.0,,1.0,,1.0,,,,,0.0,1.0,0.0,0.0,0.0,1.0,0.0,,0.0,,,1.0,1.0,,1.0,0.0,1.0,0.0,0.0,0.0,0.0,0.0,1.0,,1.0,,,,,,1.0,0.0,,,0.0,0.0,1.0,,0.0,,0.0,,0.0,,,,,,0.0,,,,0.0,1.0,,,0.0,0.0,,0.0,1.0,,0.0,1.0,1.0,,,,0.0,1.0,,,,,0.0,0.0,1.0,1.0,1.0,,,0.0,0.0,0.0,0.0,1.0,,,1.0,1.0,1.0,1.0,0.0,0.0,0.0,1.0,1.0,0.0,1.0,,1.0,1.0,0.0,1.0,,,1.0,,1.0,,,0.0,1.0,0.0,1.0,1.0,1.0,1.0,1.0,1.0,1.0,,1.0,1.0,1.0,1.0,1.0,,0.0,1.0,1.0,0.0,0.0,1.0,1.0,1.0,,0.0,0.0,1.0,0.0,0.0,1.0,1.0,0.0,1.0,1.0,,1.0,1.0,,1.0,1.0,0.0,0.0,0.0,,1.0,,,1.0,,,,1.0,,0.0,,,0.0,,0.0,0.0,0.0,0.0,,1.0,,1.0,0.0,0.0,0.0,,0.0,0.0,1.0,1.0,1.0,1.0,1.0,1.0,0.0,0.0,,1.0,,0.0,,,,,,0.0,,,1.0,1.0,,1.0,0.0,1.0,0.0,,0.0,,,1.0,1.0,1.0,1.0,,,,,,1.0,
Guilherme Campos,1.0,0.0,1.0,1.0,0.0,1.0,1.0,1.0,,0.0,0.0,0.0,,0.0,1.0,1.0,,1.0,,1.0,,,,1.0,1.0,0.0,,,,,,1.0,1.0,1.0,0.0,,1.0,1.0,1.0,,,,,,0.0,1.0,,1.0,,,0.0,,0.0,0.0,0.0,1.0,1.0,,,0.0,,1.0,,,,0.0,0.0,,,0.0,,,,,,,,,,1.0,,1.0,,,,,,1.0,,,,,,,0.0,0.0,1.0,1.0,1.0,1.0,0.0,0.0,0.0,1.0,1.0,0.0,1.0,1.0,,0.0,,,,0.0,0.0,0.0,0.0,,1.0,0.0,,,1.0,1.0,0.0,,,1.0,0.0,,0.0,1.0,,0.0,,,,,0.0,,1.0,,,,,,,,,0.0,1.0,,0.0,,,0.0,,0.0,,0.0,0.0,0.0,,1.0,,0.0,0.0,0.0,1.0,,,,,,,,,0.0,0.0,,,,,,0.0,,,,,,,0.0,0.0,1.0,0.0,0.0,,0.0,,,,,,,,,,,,0.0,,,0.0,,,,,,,,,,1.0,,,,1.0,,,,,,,0.0,,,1.0,0.0,1.0,1.0,,1.0,0.0,,,,,,,1.0,1.0,1.0,1.0,,,1.0,,,1.0,,0.0,1.0,1.0,0.0,0.0,1.0,,,1.0,,,0.0,1.0,0.0,0.0,1.0,0.0,,1.0,1.0,1.0,1.0,0.0,0.0,0.0,1.0,,0.0,1.0,1.0,1.0,1.0,1.0,0.0,0.0,0.0,1.0,,,0.0,1.0,,,,,,,0.0,1.0,0.0,,,,0.0,1.0,0.0,0.0,1.0,1.0,0.0,0.0,1.0,1.0,1.0,1.0,1.0,1.0,,,,0.0,1.0,1.0,,1.0,0.0,1.0,0.0,0.0,,,,1.0,1.0,,,,,,0.0,,,,,,,,,0.0,0.0,0.0,1.0,1.0,1.0,,,0.0,1.0,0.0,1.0,0.0,1.0,,,,,,0.0,,,1.0,,,0.0,,,,,,0.0,1.0,1.0,,1.0,,1.0,,0.0,1.0,1.0
Guilherme Menezes,,1.0,0.0,,,,1.0,,1.0,,,,,,,,,,,,,,,,,1.0,0.0,1.0,0.0,0.0,1.0,,,,,,,,0.0,0.0,0.0,1.0,0.0,0.0,1.0,0.0,,1.0,0.0,0.0,1.0,1.0,1.0,1.0,1.0,1.0,0.0,0.0,0.0,1.0,1.0,,1.0,0.0,1.0,1.0,1.0,0.0,0.0,1.0,0.0,1.0,0.0,0.0,,0.0,1.0,0.0,0.0,0.0,0.0,0.0,0.0,0.0,0.0,0.0,0.0,0.0,0.0,,0.0,0.0,1.0,0.0,1.0,1.0,,1.0,1.0,0.0,1.0,0.0,0.0,0.0,0.0,,,,1.0,1.0,0.0,1.0,0.0,1.0,1.0,1.0,,0.0,1.0,0.0,1.0,1.0,0.0,1.0,0.0,1.0,0.0,0.0,0.0,1.0,0.0,0.0,1.0,0.0,1.0,0.0,0.0,0.0,0.0,1.0,,1.0,0.0,0.0,0.0,0.0,0.0,0.0,1.0,0.0,0.0,1.0,0.0,1.0,1.0,1.0,0.0,1.0,1.0,,1.0,1.0,1.0,0.0,0.0,1.0,,1.0,1.0,0.0,1.0,,,,,,,,,0.0,1.0,0.0,0.0,0.0,1.0,1.0,0.0,1.0,0.0,1.0,0.0,1.0,1.0,0.0,0.0,1.0,,1.0,0.0,1.0,0.0,0.0,1.0,1.0,0.0,0.0,0.0,0.0,0.0,1.0,1.0,0.0,1.0,0.0,1.0,0.0,0.0,0.0,0.0,0.0,1.0,0.0,0.0,1.0,0.0,0.0,,0.0,0.0,0.0,0.0,0.0,0.0,0.0,0.0,0.0,,,,,0.0,,1.0,1.0,0.0,1.0,0.0,0.0,,,,,,,,,,,,,,,,,,,,,,,,,,,,,,,,,,,,,,,,,,,,,,,,,,,,,,,,,,,,,,,,,,,,,,,,,,,,,,,,,,,,,,,,,,,,,,,,,,,,,,,,,,,,,,,,,,,,,,,,,,,,,,,,,,,,,,,,,,,,,,,,,,,,,,,,
Gustavo Fruet,1.0,0.0,1.0,1.0,1.0,1.0,1.0,1.0,1.0,0.0,0.0,0.0,1.0,0.0,1.0,0.0,1.0,1.0,1.0,1.0,1.0,1.0,1.0,0.0,1.0,0.0,,,,,,1.0,1.0,1.0,0.0,1.0,1.0,1.0,1.0,,,,,,0.0,1.0,0.0,1.0,,,0.0,,,,,1.0,0.0,,,0.0,,1.0,,,0.0,0.0,0.0,,,1.0,1.0,0.0,0.0,,1.0,0.0,,1.0,,1.0,0.0,,0.0,0.0,0.0,0.0,0.0,1.0,0.0,0.0,0.0,1.0,1.0,0.0,0.0,0.0,1.0,1.0,1.0,1.0,0.0,0.0,,1.0,1.0,0.0,1.0,0.0,0.0,0.0,,,0.0,1.0,1.0,0.0,,1.0,,0.0,0.0,0.0,1.0,1.0,,1.0,,0.0,,,0.0,0.0,1.0,1.0,,,,,0.0,,1.0,,,,,,,,,1.0,1.0,1.0,,0.0,0.0,0.0,1.0,0.0,1.0,,1.0,0.0,,1.0,,0.0,0.0,0.0,1.0,,,,,,0.0,,,0.0,1.0,,,,,,0.0,0.0,,,,0.0,0.0,1.0,0.0,1.0,1.0,0.0,,0.0,,,,,,,,,,,1.0,0.0,,,,,,,,,,0.0,,,1.0,1.0,0.0,1.0,1.0,1.0,,,,,,0.0,,,1.0,0.0,1.0,0.0,,1.0,0.0,0.0,,,,,1.0,1.0,0.0,0.0,1.0,,,1.0,,1.0,0.0,,,,0.0,0.0,0.0,0.0,,0.0,1.0,,,0.0,,,1.0,0.0,0.0,,0.0,1.0,1.0,1.0,0.0,0.0,0.0,1.0,,0.0,1.0,0.0,0.0,1.0,1.0,0.0,0.0,0.0,0.0,,1.0,0.0,1.0,1.0,,1.0,1.0,0.0,1.0,1.0,1.0,0.0,,,,1.0,1.0,1.0,0.0,0.0,1.0,0.0,0.0,1.0,1.0,1.0,1.0,1.0,1.0,,,,0.0,1.0,1.0,1.0,1.0,0.0,0.0,0.0,0.0,0.0,0.0,0.0,1.0,1.0,0.0,,,,,0.0,,,,,0.0,,,,0.0,0.0,0.0,,1.0,,,,,1.0,0.0,1.0,0.0,1.0,,,0.0,0.0,0.0,1.0,,,1.0,,,,,,,,,0.0,1.0,,0.0,,,1.0,,0.0,,0.0
Henrique Afonso,1.0,1.0,0.0,1.0,1.0,1.0,1.0,0.0,1.0,0.0,0.0,0.0,1.0,0.0,1.0,0.0,1.0,1.0,1.0,1.0,,1.0,1.0,1.0,1.0,1.0,0.0,,0.0,0.0,1.0,,0.0,0.0,1.0,1.0,1.0,1.0,0.0,,0.0,1.0,,,1.0,0.0,1.0,1.0,0.0,0.0,1.0,,,,,1.0,0.0,0.0,0.0,1.0,,1.0,1.0,0.0,1.0,1.0,1.0,0.0,0.0,1.0,0.0,,0.0,,0.0,0.0,1.0,0.0,0.0,0.0,0.0,,0.0,0.0,0.0,0.0,0.0,0.0,0.0,0.0,0.0,0.0,1.0,0.0,1.0,1.0,0.0,,1.0,0.0,,0.0,0.0,0.0,,0.0,1.0,0.0,1.0,1.0,0.0,1.0,0.0,,,1.0,1.0,0.0,1.0,0.0,0.0,0.0,0.0,1.0,0.0,1.0,0.0,1.0,0.0,1.0,0.0,1.0,1.0,0.0,1.0,0.0,0.0,0.0,0.0,1.0,1.0,,,,,,,0.0,1.0,,0.0,,0.0,,1.0,1.0,0.0,,1.0,,1.0,1.0,,0.0,0.0,,1.0,1.0,1.0,0.0,1.0,,,,,,,0.0,1.0,,1.0,0.0,0.0,0.0,1.0,1.0,0.0,1.0,0.0,1.0,0.0,1.0,1.0,0.0,0.0,1.0,1.0,1.0,0.0,1.0,0.0,0.0,1.0,1.0,0.0,0.0,0.0,0.0,0.0,1.0,1.0,0.0,1.0,0.0,1.0,0.0,,0.0,0.0,0.0,,,0.0,1.0,,0.0,1.0,0.0,0.0,,0.0,0.0,0.0,1.0,0.0,0.0,1.0,1.0,1.0,,,0.0,1.0,1.0,,,,,0.0,0.0,0.0,,,,0.0,0.0,,0.0,1.0,0.0,1.0,1.0,1.0,,1.0,,0.0,0.0,0.0,1.0,0.0,1.0,0.0,1.0,1.0,0.0,1.0,0.0,,1.0,0.0,0.0,1.0,0.0,0.0,0.0,0.0,1.0,1.0,1.0,1.0,,1.0,,0.0,0.0,1.0,1.0,0.0,1.0,0.0,0.0,1.0,1.0,0.0,,1.0,1.0,0.0,1.0,0.0,0.0,1.0,,1.0,0.0,0.0,1.0,0.0,0.0,0.0,1.0,0.0,,,1.0,0.0,,,,1.0,0.0,1.0,,1.0,1.0,0.0,1.0,1.0,0.0,0.0,,0.0,0.0,0.0,0.0,0.0,0.0,0.0,1.0,0.0,1.0,0.0,,0.0,1.0,0.0,0.0,,,1.0,1.0,1.0,1.0,0.0,0.0,1.0,1.0,0.0,1.0,1.0,1.0,1.0,1.0,1.0,0.0,1.0,1.0,1.0,1.0,1.0,1.0,0.0,1.0,0.0,,,0.0,0.0,1.0,1.0,1.0,,,0.0,,1.0,0.0,0.0,0.0
Henrique Eduardo Alves,1.0,,,1.0,,1.0,,1.0,,,,,,,1.0,,1.0,,,,1.0,,,,1.0,1.0,,1.0,,,1.0,,,1.0,,1.0,1.0,1.0,1.0,0.0,,,,,1.0,,1.0,,,,1.0,1.0,1.0,1.0,1.0,1.0,0.0,0.0,0.0,,1.0,1.0,1.0,,1.0,,1.0,,,,1.0,,,,,,,,,0.0,,,,,,,0.0,,,,,1.0,,0.0,,1.0,1.0,,,,,,1.0,,0.0,,1.0,,,1.0,0.0,1.0,,,,1.0,1.0,0.0,1.0,,1.0,1.0,,,,,,1.0,,,0.0,1.0,,1.0,,,,,1.0,1.0,1.0,1.0,,0.0,,,,,,,,1.0,,,,,,,1.0,,,,1.0,,0.0,,1.0,,1.0,,,0.0,1.0,0.0,1.0,0.0,0.0,0.0,1.0,0.0,1.0,,0.0,,,1.0,0.0,,,1.0,,1.0,1.0,,0.0,,,,,,,0.0,,1.0,,,0.0,,0.0,1.0,1.0,0.0,1.0,0.0,,0.0,,0.0,,,,,1.0,,,,1.0,0.0,0.0,,,,0.0,1.0,0.0,0.0,1.0,1.0,1.0,,,,1.0,1.0,,,0.0,,0.0,,1.0,,,0.0,,,,,,,1.0,1.0,1.0,1.0,,0.0,1.0,,,1.0,0.0,1.0,0.0,,1.0,,1.0,0.0,,1.0,1.0,,,,0.0,1.0,,1.0,,1.0,1.0,,1.0,1.0,1.0,1.0,1.0,1.0,,1.0,0.0,,1.0,1.0,,0.0,,1.0,,,0.0,,,0.0,,,,,,,,,,,1.0,1.0,,,,,,0.0,,,,,,1.0,,,,1.0,,,,0.0,0.0,,0.0,,0.0,,,,,,,,,,1.0,,1.0,1.0,,0.0,1.0,0.0,,0.0,1.0,1.0,1.0,,,,,,1.0,1.0,1.0,1.0,,1.0,,,,,,,1.0,1.0,,,,1.0,,,1.0,1.0
Henrique Fontana,1.0,1.0,0.0,1.0,0.0,1.0,1.0,1.0,1.0,0.0,0.0,0.0,1.0,0.0,1.0,1.0,1.0,1.0,,1.0,1.0,1.0,1.0,1.0,1.0,1.0,,1.0,0.0,0.0,1.0,,,1.0,,1.0,1.0,1.0,0.0,0.0,,,0.0,0.0,1.0,0.0,1.0,1.0,0.0,0.0,1.0,1.0,1.0,1.0,1.0,,0.0,0.0,,,1.0,,1.0,0.0,1.0,1.0,1.0,0.0,0.0,1.0,0.0,1.0,0.0,0.0,,0.0,,0.0,0.0,0.0,0.0,0.0,0.0,,0.0,0.0,0.0,0.0,0.0,,0.0,0.0,,,,1.0,1.0,1.0,1.0,0.0,1.0,0.0,0.0,0.0,0.0,0.0,,,1.0,1.0,0.0,1.0,0.0,,1.0,1.0,1.0,0.0,1.0,0.0,1.0,1.0,0.0,1.0,,1.0,0.0,1.0,0.0,1.0,0.0,1.0,1.0,0.0,1.0,,0.0,0.0,0.0,,,1.0,0.0,0.0,0.0,0.0,0.0,0.0,1.0,0.0,,1.0,0.0,1.0,1.0,1.0,0.0,1.0,1.0,1.0,1.0,1.0,1.0,0.0,0.0,1.0,1.0,1.0,,0.0,1.0,0.0,1.0,0.0,1.0,0.0,0.0,,1.0,0.0,1.0,0.0,0.0,0.0,1.0,,0.0,,0.0,1.0,0.0,1.0,1.0,0.0,0.0,1.0,1.0,1.0,0.0,,0.0,0.0,1.0,1.0,0.0,0.0,0.0,0.0,0.0,1.0,1.0,0.0,1.0,0.0,1.0,0.0,0.0,0.0,0.0,0.0,,,0.0,1.0,0.0,0.0,1.0,,0.0,0.0,0.0,0.0,0.0,,0.0,0.0,1.0,1.0,,,0.0,,1.0,1.0,,1.0,0.0,,0.0,0.0,0.0,,,0.0,0.0,,0.0,0.0,1.0,0.0,1.0,1.0,1.0,1.0,1.0,,0.0,0.0,,,0.0,1.0,0.0,1.0,1.0,0.0,,0.0,,1.0,0.0,,1.0,,0.0,0.0,0.0,,1.0,1.0,1.0,1.0,,1.0,0.0,0.0,1.0,1.0,1.0,,0.0,,1.0,1.0,,0.0,1.0,,0.0,,0.0,0.0,1.0,,1.0,,,1.0,,,0.0,1.0,,,1.0,1.0,0.0,,,,,0.0,1.0,,1.0,1.0,0.0,1.0,1.0,0.0,0.0,1.0,,,0.0,0.0,0.0,0.0,0.0,0.0,0.0,1.0,0.0,0.0,0.0,1.0,0.0,0.0,,1.0,1.0,,,1.0,0.0,,,,1.0,,0.0,,1.0,1.0,1.0,0.0,1.0,1.0,1.0,0.0,1.0,,0.0,,,,0.0,0.0,,,1.0,1.0,,1.0,0.0,1.0,1.0,,0.0,
Hermes Parcianello,,1.0,0.0,1.0,1.0,,,,1.0,0.0,,,,0.0,1.0,,1.0,1.0,1.0,,,,,0.0,,1.0,0.0,1.0,0.0,0.0,1.0,1.0,,,,1.0,,,0.0,,,,0.0,,1.0,,1.0,1.0,0.0,0.0,1.0,1.0,1.0,1.0,1.0,,0.0,,,1.0,,,1.0,0.0,,,,0.0,0.0,,,1.0,,0.0,,,,0.0,0.0,0.0,0.0,,,,0.0,0.0,0.0,,0.0,,,,,0.0,,1.0,,,,0.0,,,,,,,1.0,0.0,,1.0,,1.0,1.0,,1.0,,,,,,,1.0,0.0,,,,,1.0,0.0,,0.0,1.0,,,1.0,,,,1.0,1.0,1.0,1.0,,,,,,,,0.0,0.0,,,,,,,,,1.0,1.0,1.0,,,,,,,,,,,,,,,,0.0,1.0,,,,,,,,,,,,,,,,,,,,0.0,,,,1.0,1.0,,,,0.0,0.0,1.0,1.0,,1.0,0.0,,0.0,,,,,,,1.0,,,,1.0,,,,,,,,0.0,,,,,,,,,,,,0.0,,,1.0,,,,,,,,,,,1.0,,,,,0.0,,,,,,,0.0,,,,,,,,,,,,,,,,,0.0,,,,1.0,,,,,,,,,,,,,,,,,,,,,,,,,,,,,,,1.0,1.0,,,,,,0.0,,,,,,,,,,,,,,,,,,,,,,,,1.0,,,,,,,1.0,,,0.0,,1.0,,,,,,,,,,,,,,,,,,0.0,,,,,1.0,,,,,,,,,
Homero Pereira,1.0,1.0,0.0,1.0,1.0,1.0,1.0,1.0,,1.0,0.0,0.0,1.0,,,1.0,1.0,1.0,1.0,1.0,1.0,1.0,1.0,1.0,1.0,,0.0,1.0,0.0,0.0,1.0,1.0,0.0,1.0,0.0,1.0,1.0,1.0,1.0,0.0,,1.0,0.0,0.0,1.0,0.0,1.0,,0.0,,1.0,1.0,1.0,1.0,1.0,,0.0,0.0,0.0,,0.0,1.0,1.0,,1.0,1.0,1.0,0.0,0.0,1.0,1.0,1.0,,,,,1.0,0.0,0.0,0.0,0.0,,,0.0,0.0,0.0,0.0,0.0,0.0,0.0,,1.0,1.0,0.0,,1.0,1.0,1.0,,0.0,,,,,,0.0,1.0,0.0,1.0,1.0,,1.0,,,1.0,1.0,1.0,,,,,,0.0,,,,0.0,0.0,,,,0.0,1.0,,,,,0.0,,1.0,1.0,1.0,0.0,0.0,,0.0,0.0,0.0,1.0,1.0,0.0,0.0,,1.0,1.0,1.0,0.0,0.0,1.0,1.0,1.0,1.0,1.0,0.0,0.0,1.0,1.0,1.0,,0.0,,0.0,1.0,0.0,1.0,0.0,0.0,0.0,1.0,,,0.0,0.0,0.0,1.0,,0.0,,,1.0,0.0,0.0,0.0,1.0,0.0,1.0,1.0,1.0,,,0.0,0.0,1.0,1.0,0.0,0.0,0.0,0.0,0.0,1.0,1.0,0.0,1.0,0.0,1.0,0.0,0.0,,,,,,,,,,1.0,,,,,,,,,,1.0,1.0,,,0.0,0.0,1.0,1.0,1.0,1.0,0.0,0.0,,,1.0,1.0,,0.0,0.0,,0.0,0.0,1.0,0.0,1.0,1.0,1.0,1.0,1.0,0.0,0.0,0.0,0.0,1.0,0.0,,0.0,,,,,,1.0,1.0,1.0,1.0,,0.0,0.0,1.0,0.0,1.0,,1.0,1.0,1.0,,1.0,,,1.0,1.0,1.0,1.0,0.0,,1.0,1.0,,0.0,1.0,,1.0,1.0,0.0,0.0,1.0,,0.0,0.0,0.0,0.0,0.0,1.0,1.0,1.0,1.0,,1.0,1.0,0.0,0.0,0.0,1.0,1.0,0.0,1.0,1.0,,,,,1.0,0.0,0.0,1.0,,0.0,0.0,0.0,0.0,0.0,0.0,1.0,0.0,1.0,0.0,0.0,0.0,0.0,,0.0,1.0,1.0,1.0,,1.0,1.0,,,,,,,1.0,1.0,1.0,1.0,1.0,,1.0,,1.0,1.0,1.0,,0.0,,0.0,0.0,0.0,0.0,,,1.0,1.0,1.0,1.0,0.0,1.0,,,1.0,1.0
Hugo Leal,1.0,,0.0,,1.0,1.0,,0.0,,0.0,0.0,0.0,1.0,0.0,1.0,0.0,1.0,1.0,1.0,,1.0,1.0,1.0,1.0,1.0,1.0,,1.0,0.0,0.0,1.0,,0.0,0.0,1.0,1.0,1.0,1.0,0.0,0.0,0.0,1.0,0.0,0.0,1.0,0.0,1.0,1.0,,0.0,1.0,1.0,1.0,1.0,1.0,1.0,,0.0,0.0,1.0,1.0,1.0,1.0,0.0,1.0,1.0,1.0,0.0,0.0,1.0,1.0,1.0,0.0,0.0,0.0,0.0,1.0,0.0,0.0,0.0,0.0,0.0,0.0,0.0,0.0,0.0,0.0,,0.0,0.0,,1.0,1.0,0.0,1.0,1.0,,1.0,0.0,0.0,1.0,0.0,0.0,0.0,0.0,0.0,,0.0,1.0,1.0,,1.0,1.0,1.0,1.0,1.0,1.0,0.0,1.0,0.0,1.0,1.0,0.0,1.0,0.0,1.0,0.0,0.0,1.0,,0.0,0.0,1.0,0.0,,0.0,0.0,0.0,0.0,,,1.0,0.0,0.0,0.0,0.0,0.0,,1.0,0.0,0.0,0.0,0.0,1.0,1.0,1.0,0.0,1.0,,1.0,1.0,1.0,1.0,0.0,0.0,,,1.0,1.0,0.0,1.0,,,,,,0.0,1.0,0.0,0.0,1.0,,,0.0,1.0,1.0,0.0,,0.0,1.0,0.0,1.0,1.0,0.0,0.0,1.0,1.0,,0.0,1.0,0.0,0.0,1.0,1.0,,,0.0,,0.0,1.0,1.0,0.0,1.0,0.0,,,0.0,0.0,,,,,,1.0,0.0,0.0,,0.0,0.0,0.0,0.0,0.0,,1.0,0.0,0.0,1.0,1.0,1.0,,0.0,,,1.0,0.0,1.0,,0.0,0.0,1.0,,,0.0,0.0,,0.0,0.0,0.0,1.0,0.0,1.0,,1.0,1.0,,0.0,0.0,0.0,1.0,1.0,1.0,,0.0,,,,,,1.0,1.0,0.0,0.0,1.0,0.0,0.0,1.0,0.0,,,1.0,,1.0,1.0,0.0,,0.0,1.0,,1.0,1.0,0.0,0.0,1.0,1.0,0.0,,1.0,1.0,1.0,1.0,0.0,0.0,,0.0,0.0,0.0,0.0,1.0,1.0,0.0,1.0,1.0,1.0,1.0,1.0,1.0,0.0,0.0,0.0,1.0,1.0,0.0,1.0,1.0,,1.0,,,,,,1.0,,0.0,,,,,,,,1.0,,,,1.0,0.0,,,,,,,1.0,,,1.0,1.0,0.0,0.0,1.0,1.0,1.0,1.0,1.0,0.0,1.0,1.0,1.0,1.0,,1.0,0.0,,0.0,0.0,0.0,0.0,0.0,1.0,1.0,1.0,,,1.0,,1.0,0.0,0.0,1.0
Humberto Souto,1.0,0.0,1.0,0.0,1.0,,1.0,1.0,,0.0,0.0,0.0,,0.0,1.0,0.0,1.0,1.0,1.0,1.0,1.0,1.0,1.0,0.0,1.0,0.0,,1.0,1.0,,,,,1.0,0.0,1.0,1.0,1.0,1.0,,,,,,0.0,1.0,,1.0,,,0.0,,,,,,0.0,1.0,,0.0,1.0,1.0,0.0,1.0,0.0,0.0,0.0,1.0,1.0,0.0,1.0,0.0,0.0,0.0,0.0,0.0,0.0,1.0,1.0,1.0,0.0,0.0,0.0,0.0,0.0,0.0,0.0,1.0,0.0,0.0,0.0,1.0,1.0,0.0,,1.0,1.0,,1.0,1.0,,1.0,1.0,1.0,1.0,,,,1.0,0.0,,0.0,0.0,1.0,0.0,,1.0,,1.0,0.0,,1.0,1.0,,0.0,1.0,0.0,0.0,0.0,,,0.0,1.0,0.0,,,,,,,1.0,,,,,,,0.0,,1.0,1.0,0.0,0.0,0.0,0.0,0.0,,1.0,1.0,1.0,0.0,1.0,0.0,1.0,0.0,1.0,1.0,1.0,1.0,,,,,,,,0.0,,1.0,,,,,,0.0,,,,,0.0,0.0,,0.0,0.0,,,1.0,0.0,,,,,,,,,,,1.0,0.0,,,0.0,,,,,,0.0,0.0,,0.0,1.0,1.0,,1.0,1.0,0.0,,,,,,0.0,,,1.0,1.0,1.0,1.0,,1.0,,,,,,,,1.0,1.0,1.0,,,,1.0,,,,,,1.0,0.0,0.0,1.0,,,0.0,,1.0,1.0,0.0,0.0,,,,,,1.0,1.0,1.0,1.0,,0.0,0.0,0.0,0.0,0.0,1.0,1.0,1.0,,1.0,1.0,0.0,,1.0,0.0,,1.0,1.0,,1.0,1.0,1.0,0.0,,1.0,1.0,,,,,,,1.0,0.0,0.0,0.0,1.0,0.0,,1.0,1.0,1.0,1.0,1.0,,,,0.0,1.0,1.0,1.0,1.0,1.0,,,,,1.0,,1.0,1.0,,,,,,,,1.0,,,,1.0,,,1.0,1.0,1.0,1.0,1.0,1.0,,,,1.0,0.0,1.0,,1.0,,1.0,,,,1.0,1.0,1.0,1.0,1.0,,0.0,,,,,,1.0,1.0,1.0,1.0,0.0,,1.0,,1.0,1.0,1.0
Ibsen Pinheiro,1.0,,0.0,1.0,1.0,1.0,1.0,1.0,1.0,0.0,0.0,0.0,,,1.0,0.0,1.0,,,,,,,,,1.0,,,0.0,0.0,1.0,1.0,,,,,1.0,,,,0.0,,0.0,0.0,1.0,,1.0,1.0,0.0,0.0,1.0,1.0,1.0,1.0,1.0,,0.0,0.0,0.0,1.0,1.0,,,0.0,1.0,,1.0,0.0,,1.0,1.0,,,0.0,0.0,0.0,,0.0,0.0,0.0,0.0,,0.0,,,0.0,0.0,,0.0,0.0,0.0,1.0,1.0,0.0,,1.0,,1.0,,0.0,,0.0,1.0,1.0,0.0,0.0,,,1.0,1.0,0.0,1.0,,,,1.0,1.0,0.0,1.0,0.0,1.0,1.0,,1.0,,1.0,,1.0,0.0,1.0,0.0,1.0,1.0,0.0,1.0,,,,1.0,,,1.0,0.0,,,,,0.0,1.0,1.0,0.0,0.0,,1.0,1.0,1.0,0.0,1.0,,,1.0,1.0,1.0,0.0,0.0,1.0,,1.0,1.0,0.0,1.0,,0.0,,0.0,,,,1.0,0.0,,,0.0,0.0,1.0,,0.0,1.0,0.0,1.0,0.0,0.0,0.0,1.0,0.0,1.0,1.0,,0.0,,0.0,0.0,,,0.0,0.0,0.0,0.0,0.0,1.0,,0.0,1.0,,1.0,0.0,,0.0,,,1.0,,1.0,1.0,0.0,,1.0,,0.0,0.0,,0.0,0.0,,,0.0,1.0,1.0,1.0,,0.0,,,,0.0,1.0,0.0,,0.0,1.0,1.0,,,0.0,,,0.0,,,,1.0,1.0,,1.0,1.0,0.0,,0.0,0.0,,,,,1.0,1.0,,,0.0,,,1.0,0.0,1.0,1.0,1.0,0.0,0.0,1.0,,,1.0,1.0,1.0,,0.0,1.0,1.0,1.0,,1.0,0.0,0.0,1.0,,,,1.0,1.0,1.0,1.0,0.0,0.0,1.0,0.0,,,,,,,,1.0,1.0,1.0,1.0,,0.0,,,1.0,1.0,0.0,1.0,,1.0,,0.0,,1.0,0.0,0.0,,,,0.0,0.0,0.0,0.0,0.0,0.0,0.0,,,0.0,0.0,1.0,,0.0,1.0,1.0,1.0,,,,,0.0,,1.0,1.0,1.0,1.0,1.0,1.0,1.0,,0.0,,1.0,,,1.0,1.0,,,0.0,0.0,0.0,,,1.0,,,,,,,,,,
Ilderlei Cordeiro,,0.0,1.0,0.0,1.0,,1.0,1.0,,,1.0,,1.0,0.0,1.0,,1.0,,1.0,1.0,1.0,1.0,1.0,1.0,1.0,0.0,,,,,,1.0,1.0,,0.0,1.0,1.0,,1.0,,,,,,0.0,1.0,0.0,1.0,,,1.0,,,,,,,,,0.0,1.0,1.0,,,,1.0,1.0,,,,,,,,0.0,0.0,0.0,1.0,,1.0,0.0,0.0,0.0,0.0,0.0,,,,0.0,,0.0,1.0,1.0,0.0,0.0,0.0,1.0,,1.0,,0.0,,,,1.0,,1.0,1.0,,,,0.0,1.0,,,0.0,,,,,1.0,,1.0,,,,0.0,,0.0,,0.0,1.0,1.0,0.0,,,,,1.0,,0.0,,,,,,,,0.0,,,0.0,,0.0,0.0,0.0,0.0,0.0,1.0,1.0,0.0,0.0,0.0,1.0,0.0,0.0,1.0,0.0,1.0,,,,,,,,,,,,,,,,0.0,0.0,,0.0,,0.0,0.0,,,,1.0,0.0,,0.0,,,,,,,,,,,1.0,0.0,,,,,,,,,,,,,1.0,1.0,,,1.0,,,,,,,,,,,,1.0,1.0,,,0.0,0.0,,,,,,1.0,1.0,1.0,0.0,,,1.0,,1.0,0.0,,,1.0,1.0,0.0,0.0,0.0,0.0,0.0,,,,0.0,,0.0,0.0,1.0,0.0,,1.0,,1.0,,0.0,0.0,,1.0,0.0,0.0,,1.0,,1.0,,,,,1.0,0.0,1.0,1.0,,,1.0,,,0.0,1.0,1.0,1.0,,,,,,,,0.0,0.0,0.0,1.0,,1.0,1.0,1.0,,1.0,,,,0.0,0.0,,1.0,,,0.0,,1.0,,,1.0,,1.0,1.0,,,,,1.0,1.0,,,,,,0.0,,,1.0,1.0,1.0,1.0,1.0,,,,,1.0,0.0,,,1.0,,,0.0,,0.0,,1.0,1.0,,,,,,,,,,1.0,,,,,,,,1.0,,
Indio da Costa,,,,,0.0,,,,,,,,1.0,1.0,1.0,1.0,1.0,1.0,1.0,1.0,1.0,1.0,1.0,1.0,1.0,0.0,,,,,,,,1.0,0.0,,,,1.0,,,,,,,,,1.0,,,,,,,,,1.0,,,0.0,1.0,1.0,,,,,0.0,,,,,,,,,,,,,1.0,,1.0,,,,,,,,,,,,,0.0,0.0,1.0,,,1.0,0.0,,0.0,1.0,1.0,0.0,1.0,,,,,,,,0.0,0.0,,0.0,1.0,0.0,0.0,0.0,,,,,,1.0,0.0,,0.0,1.0,,,,,,,,,1.0,,,,,,,,,0.0,,0.0,,0.0,,0.0,,,,,0.0,0.0,,,,,,,,,,,,,,,,,0.0,,,,,,,,,,,,,,0.0,,0.0,,1.0,0.0,,,,,,,,,,,,,,,,,,,,,,,,,,,,,,,,,,,,,,,,,1.0,,,,,,,,,,,1.0,1.0,,,,,,,,,,,,,,,1.0,,,,,,,,,,,,,,,,,,,,,0.0,,,1.0,1.0,,1.0,,0.0,0.0,,,,0.0,1.0,,,,,,,,,,,,,,,,,,,,,,,,,1.0,,,,,0.0,,,,,,,,0.0,,,,1.0,1.0,,,,,,,,,,,,,,,0.0,0.0,0.0,1.0,1.0,1.0,,,,1.0,,1.0,,,,,,,,,,,,,,,,,,,,,1.0,1.0,0.0,,,,1.0,,,1.0
Inocêncio Oliveira,1.0,1.0,0.0,1.0,,1.0,,,1.0,,0.0,0.0,,,,,,,1.0,1.0,1.0,1.0,1.0,1.0,1.0,1.0,0.0,1.0,0.0,0.0,1.0,,0.0,,,,1.0,1.0,1.0,,,,,0.0,1.0,,1.0,1.0,0.0,0.0,1.0,1.0,1.0,1.0,1.0,,0.0,0.0,0.0,1.0,0.0,1.0,1.0,0.0,1.0,1.0,1.0,,,1.0,1.0,,,,0.0,0.0,,,,,,0.0,0.0,,0.0,0.0,0.0,0.0,0.0,,0.0,1.0,1.0,0.0,,1.0,,,1.0,0.0,1.0,0.0,0.0,0.0,0.0,0.0,,,1.0,1.0,,1.0,,1.0,1.0,1.0,,0.0,1.0,0.0,1.0,,0.0,1.0,0.0,1.0,,0.0,1.0,1.0,0.0,1.0,1.0,0.0,1.0,0.0,,,0.0,,1.0,1.0,0.0,0.0,0.0,,0.0,0.0,1.0,,,1.0,0.0,1.0,,1.0,,1.0,,1.0,1.0,1.0,1.0,0.0,0.0,1.0,1.0,,,0.0,,,1.0,0.0,1.0,0.0,0.0,,,0.0,,,,,,1.0,0.0,1.0,0.0,1.0,0.0,,1.0,0.0,,1.0,1.0,,0.0,1.0,0.0,0.0,1.0,1.0,0.0,0.0,0.0,0.0,0.0,1.0,1.0,0.0,1.0,,1.0,0.0,0.0,0.0,,,1.0,0.0,0.0,1.0,0.0,0.0,,0.0,,0.0,0.0,0.0,0.0,1.0,,0.0,1.0,1.0,1.0,,0.0,0.0,,,0.0,1.0,,0.0,0.0,1.0,,,0.0,0.0,0.0,0.0,0.0,0.0,1.0,0.0,1.0,,1.0,1.0,1.0,0.0,0.0,0.0,1.0,,,1.0,0.0,,,,,0.0,,1.0,1.0,0.0,0.0,0.0,0.0,,0.0,1.0,,1.0,1.0,,1.0,1.0,0.0,1.0,1.0,,1.0,1.0,0.0,,1.0,,,0.0,1.0,1.0,1.0,1.0,0.0,0.0,1.0,,0.0,0.0,0.0,0.0,1.0,,,1.0,1.0,1.0,,,,0.0,0.0,,,0.0,1.0,0.0,1.0,1.0,0.0,1.0,1.0,0.0,0.0,,0.0,0.0,0.0,0.0,0.0,0.0,,,0.0,1.0,0.0,,0.0,,0.0,,1.0,1.0,1.0,,1.0,,,0.0,1.0,,1.0,0.0,1.0,1.0,,,1.0,,1.0,,,,,1.0,,,,0.0,0.0,,0.0,1.0,,,0.0,,0.0,1.0,1.0,,,
Iran Barbosa,,1.0,0.0,1.0,1.0,1.0,1.0,1.0,1.0,0.0,0.0,0.0,,0.0,1.0,0.0,1.0,1.0,,,,,,,,1.0,0.0,1.0,0.0,0.0,1.0,1.0,1.0,1.0,0.0,1.0,,1.0,0.0,0.0,0.0,1.0,0.0,0.0,1.0,0.0,,1.0,0.0,0.0,1.0,1.0,1.0,1.0,1.0,1.0,0.0,0.0,0.0,1.0,1.0,0.0,1.0,0.0,1.0,1.0,1.0,0.0,0.0,,,1.0,0.0,0.0,0.0,0.0,1.0,0.0,0.0,0.0,0.0,0.0,0.0,0.0,0.0,0.0,0.0,0.0,0.0,0.0,0.0,0.0,1.0,0.0,1.0,1.0,1.0,1.0,1.0,0.0,1.0,0.0,0.0,0.0,0.0,0.0,1.0,0.0,1.0,0.0,0.0,1.0,0.0,1.0,,,1.0,0.0,1.0,0.0,0.0,0.0,0.0,1.0,0.0,1.0,0.0,1.0,0.0,1.0,,,1.0,0.0,1.0,0.0,0.0,0.0,0.0,1.0,1.0,1.0,0.0,0.0,0.0,0.0,0.0,0.0,1.0,1.0,0.0,,0.0,1.0,1.0,1.0,0.0,1.0,1.0,,1.0,1.0,,0.0,,1.0,,1.0,1.0,0.0,1.0,0.0,1.0,0.0,1.0,0.0,0.0,0.0,1.0,0.0,1.0,0.0,0.0,0.0,1.0,1.0,0.0,1.0,0.0,,,0.0,1.0,0.0,,,1.0,1.0,0.0,1.0,0.0,0.0,1.0,1.0,,,0.0,0.0,0.0,1.0,1.0,,,0.0,1.0,,0.0,0.0,0.0,0.0,1.0,0.0,0.0,1.0,,0.0,1.0,0.0,0.0,0.0,0.0,0.0,0.0,1.0,0.0,0.0,1.0,,1.0,1.0,,0.0,1.0,1.0,0.0,1.0,0.0,0.0,0.0,0.0,0.0,1.0,,,0.0,0.0,,,1.0,0.0,1.0,,,1.0,1.0,0.0,,,,1.0,0.0,,0.0,,,,,,1.0,1.0,0.0,0.0,1.0,0.0,1.0,0.0,0.0,1.0,1.0,0.0,,1.0,1.0,1.0,0.0,0.0,,,1.0,1.0,0.0,0.0,1.0,1.0,0.0,0.0,1.0,,0.0,,0.0,0.0,1.0,,,,,,,,,1.0,,1.0,1.0,1.0,0.0,1.0,0.0,1.0,1.0,0.0,,,,1.0,0.0,1.0,1.0,,0.0,1.0,0.0,0.0,,0.0,0.0,0.0,0.0,0.0,0.0,1.0,0.0,,,1.0,0.0,0.0,1.0,1.0,1.0,1.0,1.0,,0.0,0.0,1.0,1.0,0.0,1.0,0.0,1.0,,1.0,1.0,0.0,1.0,,1.0,1.0,1.0,1.0,,,,0.0,0.0,0.0,,,1.0,1.0,1.0,,0.0,1.0,,,,0.0
Iriny Lopes,,1.0,0.0,,1.0,1.0,1.0,1.0,1.0,0.0,0.0,0.0,1.0,0.0,1.0,,1.0,1.0,1.0,1.0,1.0,1.0,1.0,0.0,1.0,1.0,,,,,,1.0,0.0,1.0,0.0,1.0,,1.0,0.0,0.0,0.0,1.0,0.0,0.0,1.0,0.0,1.0,1.0,0.0,0.0,1.0,1.0,1.0,1.0,1.0,1.0,0.0,,,1.0,1.0,0.0,1.0,0.0,,1.0,,0.0,0.0,1.0,0.0,,0.0,0.0,0.0,0.0,,,,,,0.0,0.0,0.0,0.0,0.0,0.0,0.0,0.0,0.0,0.0,0.0,1.0,0.0,,1.0,1.0,1.0,1.0,0.0,,0.0,0.0,0.0,,,,,1.0,1.0,0.0,1.0,0.0,1.0,1.0,1.0,1.0,0.0,1.0,0.0,,1.0,0.0,1.0,,,0.0,1.0,,,,1.0,1.0,0.0,1.0,0.0,0.0,0.0,0.0,1.0,,1.0,0.0,0.0,0.0,0.0,,0.0,1.0,1.0,0.0,,0.0,1.0,,1.0,0.0,,1.0,1.0,1.0,1.0,,0.0,,1.0,,1.0,1.0,0.0,,0.0,1.0,0.0,1.0,,0.0,0.0,0.0,0.0,,,0.0,,,1.0,,1.0,0.0,,,1.0,1.0,0.0,0.0,1.0,1.0,1.0,0.0,1.0,0.0,0.0,1.0,1.0,0.0,0.0,1.0,0.0,0.0,1.0,1.0,0.0,1.0,0.0,1.0,0.0,,0.0,0.0,0.0,1.0,0.0,0.0,1.0,,0.0,1.0,0.0,0.0,0.0,0.0,0.0,0.0,1.0,,0.0,1.0,,1.0,1.0,0.0,,1.0,1.0,0.0,1.0,,0.0,0.0,0.0,0.0,1.0,0.0,0.0,0.0,0.0,0.0,0.0,1.0,0.0,1.0,,,1.0,1.0,0.0,,,0.0,1.0,0.0,1.0,0.0,1.0,1.0,0.0,1.0,0.0,1.0,1.0,0.0,0.0,1.0,0.0,0.0,0.0,0.0,1.0,1.0,1.0,1.0,1.0,0.0,,0.0,0.0,1.0,1.0,,1.0,0.0,,1.0,1.0,0.0,1.0,,,,1.0,,0.0,,,1.0,1.0,0.0,1.0,0.0,0.0,0.0,,,,1.0,1.0,0.0,0.0,0.0,,1.0,0.0,,,,1.0,0.0,1.0,1.0,0.0,0.0,,0.0,0.0,0.0,0.0,0.0,0.0,0.0,0.0,,1.0,,,0.0,1.0,0.0,0.0,,,,1.0,1.0,1.0,0.0,,,0.0,,0.0,,1.0,1.0,1.0,,0.0,,1.0,,,1.0,1.0,0.0,,,0.0,0.0,0.0,0.0,,1.0,1.0,,1.0,,,1.0,0.0,,
Iris Simões,,,,,,,,,,,,,,,,,,,,,,,,,,,,,,,,,0.0,,,1.0,,,,,,,,,,,,,,,,,,,,,,,,,,,,,,,,,,,,,,,,,,,,,,,,,,,,,,,,,,,,,,,,,,,,,,,,,,,,,,,,,,,,,,,,,,,,,,,,,,,,,,,,,,,,,,,,,,,,,,,,,,,,,,,,,,,,,,,,,,,,,,0.0,1.0,,,,,,,,,,,,,,,,,,,,,,,,,,,,,,,,,,,,,,,,,,,,,,,,1.0,,,,,,,,,,,,,,,,,,,,,,,,,,,,,,,,,,,,,,,,,,,,,,,,,,,,,,,,,,,,,,,,,,,,,,,,,,,0.0,1.0,1.0,0.0,0.0,,,,,,,,,,,,,,,,,,,,,,,,,,,,,,,,,,,,,0.0,0.0,,,,,,,,,,,,,,,,,,1.0,1.0,,0.0,0.0,1.0,,,,,,,1.0,,,,1.0,1.0,1.0,1.0,,,,,,,,,,,,,,,,,,,
Ivan Valente,1.0,0.0,1.0,0.0,1.0,1.0,1.0,1.0,1.0,0.0,,0.0,1.0,0.0,1.0,0.0,1.0,1.0,1.0,1.0,1.0,1.0,1.0,0.0,1.0,0.0,0.0,1.0,0.0,0.0,1.0,1.0,,1.0,0.0,1.0,1.0,1.0,0.0,,,,1.0,1.0,0.0,1.0,0.0,,,1.0,0.0,,,,,1.0,1.0,1.0,0.0,1.0,0.0,0.0,1.0,0.0,0.0,0.0,1.0,0.0,1.0,0.0,1.0,1.0,,0.0,0.0,0.0,0.0,,0.0,1.0,1.0,,0.0,0.0,0.0,0.0,0.0,0.0,,0.0,0.0,1.0,1.0,0.0,0.0,1.0,0.0,1.0,0.0,1.0,1.0,0.0,0.0,0.0,1.0,0.0,1.0,0.0,1.0,0.0,,1.0,0.0,1.0,0.0,0.0,0.0,0.0,,0.0,0.0,0.0,1.0,1.0,0.0,1.0,0.0,1.0,0.0,0.0,0.0,0.0,1.0,0.0,,0.0,,0.0,1.0,,1.0,0.0,0.0,,0.0,,0.0,0.0,1.0,,0.0,0.0,0.0,,0.0,0.0,0.0,0.0,1.0,1.0,0.0,0.0,1.0,1.0,0.0,1.0,1.0,1.0,1.0,1.0,1.0,,,,,0.0,0.0,0.0,1.0,0.0,1.0,0.0,0.0,0.0,0.0,1.0,0.0,1.0,1.0,1.0,0.0,1.0,1.0,0.0,1.0,0.0,1.0,0.0,,0.0,1.0,1.0,1.0,0.0,1.0,1.0,,,1.0,0.0,0.0,1.0,0.0,1.0,0.0,1.0,0.0,0.0,0.0,0.0,0.0,0.0,0.0,1.0,0.0,0.0,0.0,0.0,0.0,,0.0,0.0,0.0,0.0,0.0,0.0,,0.0,1.0,0.0,0.0,0.0,1.0,1.0,0.0,0.0,1.0,1.0,0.0,0.0,0.0,0.0,1.0,1.0,,1.0,0.0,1.0,1.0,1.0,0.0,1.0,1.0,0.0,0.0,1.0,0.0,0.0,1.0,0.0,0.0,1.0,1.0,1.0,1.0,0.0,1.0,1.0,1.0,1.0,0.0,0.0,0.0,1.0,1.0,0.0,0.0,1.0,1.0,0.0,0.0,1.0,1.0,1.0,0.0,0.0,1.0,0.0,0.0,1.0,1.0,0.0,0.0,,0.0,0.0,1.0,1.0,1.0,0.0,0.0,0.0,1.0,0.0,1.0,1.0,0.0,0.0,0.0,0.0,1.0,1.0,0.0,1.0,1.0,1.0,1.0,0.0,0.0,0.0,0.0,1.0,1.0,1.0,0.0,0.0,0.0,,0.0,,1.0,1.0,0.0,0.0,,,,,,0.0,,0.0,,0.0,,,,,1.0,1.0,1.0,1.0,1.0,,0.0,0.0,0.0,1.0,0.0,1.0,0.0,1.0,1.0,1.0,0.0,0.0,0.0,1.0,0.0,0.0,1.0,0.0,,,,,0.0,,,0.0,1.0,1.0,0.0,0.0,,,0.0,0.0,0.0,0.0
Izalci,,,,,,,,,,,,,,,,,,,,,,,,,,,,,,,,,,,,,,,,,,,,,,,,,,,,,,,,,,,,,,,,,,,,,,,,,,,,,,,,,,1.0,,,,,,,,,,,,,,,,,,,,,,,,,,,,,,,,,,,,,,,,,,,,,,,,,,,,,,,,,,,,,,,,,,,,,,,,,,,,,1.0,,,,,,,,,,1.0,,,,,,,,,,,,,,,,,,,,,0.0,0.0,,,,1.0,0.0,,,,,,,,,,,,,1.0,0.0,,,,,,,,,,,,,,,,,,,,,,,,,,,,,,,,,,,,,,,,,,,,,,,,,,,,,,,,,,,,,,,,,,,,,,,,,,,,,,,,,,,,,,,,,,,,,,,,,,,,,,,,,,,,,,,,,,,,,,,,,,,,,,,,,,,,,,,,,,,,,,,,,,,,,,,,,,,,,,,,,,,,,,,,,,,,,,,,,,,,,,,,,,,,,,
Jackson Barreto,,1.0,0.0,1.0,1.0,1.0,,1.0,1.0,,0.0,,1.0,0.0,1.0,0.0,1.0,1.0,,,,1.0,1.0,1.0,1.0,1.0,0.0,1.0,0.0,0.0,1.0,1.0,0.0,1.0,0.0,1.0,1.0,1.0,0.0,,0.0,1.0,0.0,0.0,1.0,,1.0,1.0,0.0,0.0,1.0,1.0,1.0,1.0,1.0,,,,,1.0,1.0,1.0,1.0,0.0,,1.0,1.0,0.0,,1.0,1.0,1.0,,0.0,0.0,0.0,1.0,0.0,0.0,0.0,0.0,0.0,0.0,,0.0,,0.0,0.0,0.0,0.0,0.0,,,,1.0,1.0,1.0,,,0.0,1.0,0.0,,,0.0,0.0,1.0,0.0,1.0,1.0,0.0,1.0,0.0,,1.0,1.0,,0.0,1.0,0.0,1.0,,0.0,1.0,0.0,,,1.0,0.0,1.0,0.0,1.0,1.0,0.0,1.0,0.0,,,1.0,,1.0,1.0,,0.0,0.0,0.0,,,,0.0,0.0,1.0,0.0,1.0,1.0,1.0,0.0,,1.0,1.0,1.0,1.0,1.0,0.0,0.0,,1.0,,1.0,0.0,1.0,0.0,1.0,,1.0,0.0,0.0,0.0,1.0,,1.0,0.0,,0.0,1.0,1.0,,1.0,0.0,1.0,0.0,,0.0,0.0,0.0,1.0,,,0.0,1.0,,,1.0,1.0,,,0.0,,,,,,,0.0,,0.0,0.0,,0.0,0.0,1.0,0.0,1.0,1.0,,0.0,,,0.0,0.0,0.0,0.0,,,0.0,0.0,1.0,1.0,,1.0,,1.0,1.0,1.0,0.0,1.0,0.0,,,1.0,1.0,1.0,,,0.0,0.0,0.0,,1.0,0.0,1.0,1.0,1.0,,1.0,0.0,,0.0,0.0,1.0,0.0,1.0,0.0,1.0,1.0,,,0.0,1.0,1.0,1.0,,1.0,,,,0.0,1.0,,1.0,1.0,1.0,1.0,1.0,1.0,1.0,,,1.0,,,0.0,1.0,1.0,0.0,0.0,1.0,,0.0,1.0,0.0,0.0,1.0,0.0,0.0,,0.0,0.0,,,,1.0,,,1.0,1.0,0.0,0.0,0.0,1.0,1.0,0.0,,,1.0,1.0,0.0,1.0,1.0,0.0,0.0,,0.0,,0.0,,0.0,0.0,,,,1.0,0.0,0.0,0.0,,0.0,,1.0,,1.0,1.0,1.0,1.0,0.0,0.0,1.0,1.0,1.0,1.0,1.0,1.0,1.0,1.0,,0.0,,,1.0,1.0,,1.0,0.0,1.0,0.0,,0.0,0.0,0.0,1.0,,,,,,,,,,
Jader Barbalho,,,,,,,,,,,,,,,,,,,,,,,1.0,1.0,,,0.0,,,,,,,,,,,,,,,,,,1.0,,,1.0,,,,,,,,1.0,,,,,1.0,,1.0,,,,,,,,,,,0.0,,,,,,,,,0.0,,,,,,,0.0,,1.0,1.0,,,,,,,,,0.0,1.0,1.0,,,,,1.0,1.0,0.0,,,,,0.0,,0.0,1.0,0.0,,,0.0,,,1.0,,1.0,,1.0,0.0,1.0,,,,,,,1.0,,,,,,,,,,,,,,,,,,,,,,,,1.0,,0.0,1.0,,1.0,,,,,1.0,,,,,,,,,,,,1.0,,,,,,,,,0.0,,,,,0.0,,,,,,,,,,,,,,,,,,,,,,1.0,,0.0,1.0,,0.0,,,,,,,0.0,,,,,,,,,,,,,,,,0.0,1.0,1.0,,,,0.0,0.0,,,,,,,,1.0,1.0,,0.0,,,,,,,,,,,,,,,,,,,,,,,,1.0,,,,,,,,,,,,,,,0.0,,,,,0.0,,,,,,,,,,,,,,,,,,,,1.0,,,,,,,,,,,,,,,,,,,,,,,,,,,,,,,,,,,,,1.0,,1.0,,,,,,,,,,,,,,,,,,,,,,,,,,,,,,
Jaime Martins,1.0,1.0,0.0,1.0,,,1.0,,,1.0,,,1.0,0.0,1.0,1.0,1.0,,,,,,,,,1.0,,1.0,0.0,0.0,1.0,,,1.0,0.0,,,1.0,1.0,,,,,0.0,1.0,0.0,1.0,1.0,0.0,0.0,1.0,1.0,1.0,1.0,1.0,,0.0,,,1.0,1.0,,1.0,0.0,1.0,,1.0,0.0,0.0,1.0,0.0,,,,0.0,0.0,1.0,,,,,,,,0.0,0.0,0.0,,,0.0,0.0,0.0,,,,1.0,,1.0,1.0,,,,,,,,,0.0,1.0,1.0,0.0,1.0,1.0,,1.0,,1.0,1.0,,1.0,,1.0,0.0,,0.0,1.0,0.0,0.0,1.0,1.0,,,,0.0,1.0,,,,0.0,1.0,1.0,1.0,,,0.0,,0.0,0.0,,1.0,0.0,0.0,,1.0,1.0,1.0,0.0,0.0,1.0,,,,,,0.0,1.0,1.0,1.0,1.0,0.0,1.0,,,0.0,1.0,,0.0,,,0.0,1.0,,0.0,0.0,,1.0,0.0,1.0,0.0,,,,,,,1.0,,1.0,,,,0.0,,,,,0.0,0.0,,,,,1.0,,,0.0,0.0,0.0,,,,0.0,1.0,1.0,,,1.0,,,,,,0.0,,0.0,0.0,,,1.0,1.0,0.0,,,1.0,0.0,,0.0,0.0,,1.0,1.0,1.0,0.0,0.0,,,0.0,,1.0,,1.0,1.0,1.0,1.0,1.0,,,,0.0,1.0,0.0,,,,,,1.0,,1.0,,0.0,,,,,1.0,,1.0,,,,,1.0,,1.0,,,,,,,0.0,,,0.0,,,,0.0,,,,,0.0,0.0,0.0,,0.0,1.0,,,1.0,,,1.0,,0.0,,,,,,,,,,,1.0,,,,,,0.0,,,,0.0,,1.0,,,0.0,,,,,,,,,,,1.0,0.0,,1.0,1.0,1.0,1.0,,,,,1.0,,1.0,,,,1.0,1.0,0.0,,0.0,0.0,,,0.0,,1.0,1.0,,,,,,,,
Jair Bolsonaro,1.0,0.0,,0.0,1.0,1.0,1.0,1.0,1.0,0.0,0.0,1.0,1.0,,1.0,1.0,1.0,1.0,1.0,1.0,1.0,1.0,1.0,0.0,1.0,0.0,0.0,1.0,0.0,0.0,1.0,1.0,1.0,1.0,0.0,1.0,1.0,1.0,1.0,0.0,0.0,1.0,0.0,1.0,0.0,0.0,1.0,1.0,0.0,1.0,0.0,0.0,0.0,0.0,1.0,1.0,1.0,0.0,0.0,0.0,0.0,1.0,1.0,0.0,1.0,1.0,1.0,0.0,,0.0,1.0,1.0,,0.0,1.0,0.0,,0.0,0.0,1.0,0.0,0.0,0.0,,0.0,0.0,0.0,0.0,0.0,,0.0,0.0,,,,0.0,1.0,1.0,1.0,1.0,0.0,0.0,0.0,1.0,1.0,0.0,1.0,0.0,,,0.0,0.0,1.0,1.0,0.0,0.0,1.0,0.0,1.0,0.0,1.0,1.0,1.0,1.0,0.0,1.0,0.0,0.0,1.0,1.0,1.0,0.0,0.0,0.0,,0.0,0.0,0.0,1.0,0.0,1.0,1.0,0.0,0.0,0.0,0.0,0.0,0.0,1.0,1.0,1.0,0.0,0.0,1.0,1.0,1.0,0.0,1.0,,1.0,1.0,1.0,,1.0,0.0,0.0,0.0,0.0,1.0,0.0,0.0,0.0,1.0,0.0,0.0,1.0,0.0,1.0,0.0,1.0,1.0,0.0,0.0,0.0,0.0,1.0,0.0,1.0,,0.0,0.0,0.0,0.0,1.0,0.0,0.0,0.0,1.0,1.0,0.0,0.0,0.0,1.0,0.0,1.0,1.0,1.0,1.0,1.0,0.0,0.0,1.0,0.0,1.0,0.0,1.0,1.0,0.0,1.0,0.0,1.0,0.0,1.0,1.0,,1.0,1.0,1.0,0.0,0.0,0.0,0.0,0.0,0.0,0.0,0.0,1.0,0.0,1.0,,0.0,1.0,1.0,0.0,0.0,1.0,0.0,0.0,0.0,1.0,1.0,0.0,0.0,0.0,0.0,0.0,0.0,1.0,0.0,0.0,0.0,1.0,1.0,0.0,1.0,1.0,0.0,,1.0,1.0,1.0,0.0,0.0,,,,,,1.0,1.0,1.0,1.0,0.0,0.0,0.0,1.0,1.0,0.0,,0.0,1.0,1.0,1.0,0.0,0.0,1.0,1.0,1.0,1.0,1.0,1.0,1.0,,1.0,,0.0,1.0,1.0,1.0,1.0,0.0,0.0,1.0,0.0,1.0,0.0,1.0,1.0,0.0,1.0,0.0,1.0,1.0,1.0,1.0,1.0,0.0,0.0,0.0,1.0,1.0,,1.0,1.0,1.0,,0.0,1.0,,,0.0,1.0,0.0,0.0,,0.0,0.0,0.0,0.0,1.0,0.0,1.0,0.0,0.0,,1.0,0.0,0.0,1.0,1.0,1.0,1.0,1.0,1.0,0.0,0.0,0.0,1.0,0.0,1.0,0.0,1.0,0.0,1.0,1.0,0.0,1.0,0.0,1.0,1.0,1.0,1.0,0.0,0.0,0.0,0.0,0.0,1.0,0.0,0.0,0.0,0.0,0.0,1.0,1.0,1.0,0.0,0.0,0.0,1.0
Jairo Ataide,1.0,0.0,1.0,1.0,,1.0,,1.0,1.0,0.0,0.0,0.0,,0.0,1.0,1.0,1.0,1.0,1.0,1.0,1.0,1.0,1.0,1.0,1.0,1.0,1.0,,,,,1.0,1.0,0.0,0.0,1.0,1.0,1.0,1.0,,,,,,,,,1.0,,,0.0,,,,,,1.0,,1.0,0.0,1.0,1.0,,,0.0,0.0,0.0,,1.0,0.0,1.0,,,,,,0.0,,,1.0,,1.0,,,,,,,,,,1.0,,0.0,,0.0,1.0,,1.0,1.0,,0.0,0.0,1.0,1.0,0.0,1.0,1.0,0.0,0.0,,1.0,1.0,0.0,0.0,0.0,,0.0,1.0,0.0,0.0,1.0,1.0,1.0,,,,1.0,0.0,,0.0,1.0,1.0,,,,,,,,1.0,,,,,,,,,,1.0,0.0,0.0,,0.0,0.0,0.0,0.0,1.0,1.0,0.0,0.0,,1.0,,0.0,,1.0,1.0,,1.0,,,,,,,0.0,1.0,,,,,,1.0,,,1.0,,1.0,0.0,,,1.0,0.0,1.0,,1.0,,,,,,,,,,,,,,,,,,,,,,,,,,,,,1.0,,,,,,,,,,1.0,0.0,1.0,1.0,,1.0,,,,,,,,1.0,1.0,1.0,,,,,,1.0,0.0,,0.0,,,,0.0,0.0,,,1.0,,,0.0,1.0,0.0,0.0,1.0,0.0,,1.0,1.0,1.0,1.0,0.0,,,,,0.0,1.0,1.0,1.0,1.0,1.0,1.0,0.0,,1.0,1.0,1.0,1.0,1.0,,,1.0,,0.0,1.0,1.0,1.0,1.0,,,,0.0,,,,,,,,1.0,1.0,,,1.0,1.0,,0.0,,0.0,1.0,1.0,1.0,1.0,0.0,0.0,1.0,1.0,0.0,0.0,,1.0,1.0,0.0,,,,0.0,0.0,0.0,,0.0,,0.0,,0.0,,1.0,1.0,1.0,1.0,1.0,,0.0,0.0,0.0,1.0,0.0,1.0,1.0,1.0,1.0,1.0,,0.0,,1.0,1.0,1.0,,1.0,,,0.0,,0.0,0.0,,,1.0,1.0,1.0,1.0,0.0,,1.0,1.0,0.0,1.0
Jairo Carneiro,,,,,,1.0,,,,,,,,,,,,,,,,,,,,,,,,,,,,,,,1.0,1.0,,,,,,,,,,,,,,,,,,,,,,,,1.0,,,,,,,,,,,,,,,,,,,,,,,,,,,,,,,,,,,1.0,,,,,,,,,,,,,,,,,,,,,,,,,,,,,,,,,,,,,,,,,,,,1.0,,,,,,,,,,,,,,,,,,,,,,,,,,,,,,,0.0,,,1.0,0.0,0.0,0.0,1.0,,,,,,,,,,,,,,,,,,,,,,,,,,,,,,,,,,,,,,,,,,,,,,,,1.0,,,,,,,,,,1.0,1.0,,,,0.0,,,,,,,,,,,,,,,,,,,,,,,,,,,,,,,,,,,,,,1.0,,,,,,,,,1.0,1.0,1.0,,,1.0,,,1.0,1.0,,1.0,0.0,0.0,1.0,1.0,0.0,0.0,,1.0,1.0,1.0,0.0,0.0,1.0,0.0,,,,,,,,,1.0,,,1.0,0.0,0.0,0.0,1.0,1.0,0.0,1.0,1.0,1.0,,,,1.0,0.0,0.0,,,0.0,0.0,0.0,0.0,0.0,0.0,1.0,0.0,1.0,0.0,0.0,0.0,1.0,0.0,0.0,1.0,1.0,1.0,1.0,1.0,,0.0,0.0,1.0,,,,,,,,,,,1.0,,,1.0,,,,,,,,,,,,,,,,,,,
Janete Capiberibe,,1.0,,0.0,,1.0,1.0,,1.0,0.0,,,,,1.0,0.0,1.0,1.0,1.0,1.0,1.0,1.0,1.0,1.0,1.0,1.0,0.0,1.0,0.0,0.0,1.0,,0.0,1.0,0.0,1.0,1.0,,,0.0,,,,,1.0,,,,0.0,,,,,,,,,,,,1.0,,1.0,0.0,1.0,1.0,1.0,0.0,,1.0,,1.0,0.0,0.0,,,,0.0,0.0,0.0,0.0,0.0,0.0,0.0,0.0,,0.0,0.0,0.0,0.0,,,,0.0,0.0,1.0,,,,0.0,1.0,,,1.0,,,,,1.0,0.0,0.0,1.0,0.0,1.0,,0.0,1.0,,1.0,0.0,1.0,1.0,,1.0,,,,1.0,0.0,1.0,,,1.0,,1.0,,,,,1.0,,1.0,,,0.0,,0.0,0.0,1.0,1.0,,,0.0,1.0,,,,,,,1.0,,,,0.0,1.0,,1.0,,,,0.0,1.0,,,,,0.0,,,,0.0,,,1.0,,0.0,,,1.0,0.0,1.0,1.0,,,,,,,,,,,,0.0,,0.0,,0.0,,,0.0,1.0,,,,0.0,0.0,0.0,,1.0,,1.0,1.0,0.0,,1.0,,0.0,0.0,,,,,,,,1.0,1.0,,,1.0,,1.0,0.0,,,0.0,,0.0,,,0.0,,0.0,,,,,,1.0,,,1.0,1.0,,,,,,,,,,,,,0.0,,1.0,,,1.0,1.0,0.0,0.0,0.0,1.0,,0.0,1.0,,1.0,0.0,0.0,,,,,1.0,1.0,0.0,1.0,1.0,,0.0,,,0.0,,,,,,1.0,1.0,0.0,0.0,1.0,0.0,1.0,,,1.0,,1.0,,0.0,0.0,1.0,1.0,,,1.0,,,0.0,1.0,1.0,0.0,0.0,,0.0,0.0,0.0,,0.0,0.0,,,0.0,1.0,0.0,0.0,0.0,1.0,0.0,0.0,1.0,1.0,1.0,1.0,1.0,1.0,0.0,0.0,1.0,1.0,0.0,0.0,1.0,1.0,1.0,,1.0,,1.0,1.0,1.0,0.0,1.0,1.0,0.0,1.0,0.0,0.0,0.0,0.0,,,1.0,1.0,,0.0,,,,,,1.0
Janete Rocha Pietá,,1.0,0.0,1.0,0.0,,1.0,1.0,1.0,0.0,0.0,0.0,1.0,0.0,1.0,1.0,1.0,1.0,1.0,1.0,1.0,1.0,1.0,1.0,1.0,,0.0,1.0,0.0,0.0,1.0,1.0,0.0,1.0,0.0,1.0,1.0,1.0,0.0,0.0,0.0,1.0,0.0,0.0,1.0,0.0,1.0,1.0,0.0,0.0,1.0,1.0,1.0,1.0,1.0,1.0,0.0,0.0,0.0,1.0,1.0,0.0,1.0,0.0,1.0,1.0,1.0,0.0,0.0,1.0,0.0,1.0,,0.0,,,,0.0,0.0,0.0,0.0,,0.0,0.0,0.0,,0.0,0.0,0.0,0.0,,0.0,1.0,0.0,1.0,1.0,1.0,1.0,1.0,0.0,1.0,0.0,0.0,0.0,0.0,0.0,1.0,0.0,1.0,1.0,0.0,1.0,,1.0,1.0,,1.0,0.0,1.0,0.0,,,0.0,1.0,0.0,1.0,0.0,1.0,0.0,1.0,,0.0,1.0,0.0,1.0,0.0,0.0,0.0,0.0,1.0,,1.0,0.0,0.0,0.0,0.0,0.0,0.0,1.0,1.0,,1.0,0.0,1.0,1.0,1.0,0.0,1.0,1.0,1.0,1.0,1.0,1.0,0.0,0.0,1.0,1.0,1.0,1.0,,,,,0.0,1.0,0.0,0.0,0.0,0.0,,1.0,0.0,0.0,0.0,1.0,1.0,,1.0,0.0,1.0,0.0,1.0,1.0,0.0,0.0,1.0,1.0,1.0,0.0,1.0,0.0,0.0,1.0,1.0,0.0,0.0,0.0,0.0,0.0,1.0,,0.0,1.0,0.0,1.0,0.0,0.0,0.0,,0.0,1.0,0.0,0.0,1.0,0.0,0.0,1.0,0.0,0.0,0.0,0.0,0.0,0.0,1.0,0.0,0.0,,1.0,1.0,1.0,0.0,,1.0,1.0,0.0,1.0,0.0,0.0,0.0,0.0,0.0,1.0,0.0,0.0,0.0,0.0,0.0,0.0,1.0,0.0,1.0,1.0,1.0,1.0,1.0,0.0,0.0,0.0,,,,,,1.0,1.0,0.0,1.0,0.0,1.0,,0.0,0.0,1.0,0.0,0.0,0.0,0.0,1.0,1.0,1.0,1.0,1.0,0.0,1.0,0.0,0.0,1.0,1.0,1.0,1.0,0.0,0.0,1.0,1.0,0.0,0.0,1.0,1.0,,,0.0,0.0,1.0,0.0,1.0,0.0,0.0,1.0,0.0,0.0,0.0,1.0,0.0,,1.0,1.0,0.0,0.0,0.0,1.0,1.0,0.0,1.0,0.0,,1.0,,1.0,1.0,,0.0,1.0,0.0,,,0.0,0.0,0.0,0.0,0.0,0.0,1.0,0.0,0.0,,1.0,0.0,0.0,1.0,1.0,1.0,1.0,1.0,1.0,0.0,0.0,1.0,1.0,1.0,0.0,1.0,1.0,1.0,1.0,1.0,0.0,1.0,1.0,0.0,0.0,1.0,1.0,0.0,1.0,0.0,0.0,0.0,0.0,0.0,1.0,1.0,1.0,1.0,1.0,0.0,1.0,1.0,0.0,,
Jefferson Campos,,,,,,,1.0,,,0.0,0.0,0.0,1.0,,1.0,0.0,1.0,1.0,1.0,1.0,1.0,1.0,1.0,1.0,1.0,,,,,,,1.0,,0.0,1.0,,1.0,1.0,,0.0,0.0,1.0,0.0,0.0,1.0,0.0,,,,,,,,,,,,,,,,1.0,,,,,,,,,,,,,,,,,,,,,,,,,,,,,,,,,,,1.0,1.0,,,,,,,,0.0,1.0,0.0,,,,,,,,,,,,,,,,,,,,,,,,,,,,,,,,,0.0,,,,,,,,,0.0,,,,,,,,,1.0,,,,,,,,,,1.0,,,0.0,1.0,0.0,1.0,,0.0,0.0,1.0,,,,,,,,,,0.0,,,,,,,1.0,1.0,,0.0,1.0,,0.0,,1.0,,,0.0,0.0,,1.0,,,,0.0,,0.0,0.0,0.0,,0.0,1.0,0.0,1.0,,0.0,0.0,1.0,0.0,,,,,,,0.0,,,1.0,1.0,1.0,,,,1.0,0.0,1.0,,0.0,,1.0,0.0,,0.0,0.0,,0.0,,,,0.0,1.0,,,1.0,,0.0,,0.0,0.0,1.0,,1.0,,1.0,1.0,0.0,1.0,0.0,1.0,,,0.0,1.0,,0.0,1.0,,1.0,1.0,,,1.0,1.0,,,,1.0,1.0,0.0,1.0,,,,,,,1.0,,1.0,,,0.0,1.0,,0.0,0.0,1.0,0.0,1.0,1.0,0.0,1.0,,,1.0,,,0.0,0.0,1.0,1.0,,1.0,0.0,,,0.0,1.0,1.0,,,1.0,,,,,,,,,,,0.0,0.0,,1.0,,0.0,1.0,1.0,1.0,1.0,,1.0,,0.0,1.0,1.0,1.0,,,,,,,0.0,,,,,1.0,,0.0,1.0,0.0,,0.0,0.0,,1.0,1.0,1.0,1.0,,1.0,,1.0,0.0,,
Jerônimo Reis,,1.0,1.0,1.0,,1.0,1.0,1.0,1.0,,1.0,,,0.0,1.0,1.0,1.0,1.0,,,,1.0,1.0,0.0,1.0,0.0,,1.0,,,,1.0,1.0,1.0,0.0,1.0,1.0,1.0,1.0,0.0,0.0,1.0,,0.0,1.0,0.0,,,,,1.0,,,,,,1.0,,,,1.0,1.0,,,,0.0,0.0,,,1.0,1.0,,,,0.0,,,,,,,1.0,,,,,,,,,0.0,1.0,,,,1.0,1.0,1.0,,,,0.0,1.0,1.0,0.0,,,,1.0,1.0,,,0.0,,1.0,0.0,1.0,0.0,1.0,0.0,1.0,1.0,,1.0,,,,1.0,0.0,1.0,0.0,1.0,,0.0,,,,,0.0,,1.0,,,0.0,,0.0,0.0,0.0,1.0,0.0,0.0,1.0,,0.0,1.0,1.0,0.0,1.0,1.0,,1.0,1.0,,0.0,0.0,,1.0,1.0,1.0,0.0,1.0,0.0,1.0,,1.0,0.0,0.0,0.0,1.0,0.0,,,,0.0,1.0,1.0,0.0,,,1.0,0.0,0.0,,1.0,0.0,1.0,1.0,1.0,0.0,,0.0,0.0,,1.0,0.0,0.0,0.0,,,1.0,1.0,0.0,1.0,0.0,1.0,0.0,0.0,,,,,,,,,,,,,,,,,,,,1.0,0.0,1.0,1.0,0.0,1.0,,,0.0,,0.0,,,1.0,1.0,,,,,,,1.0,1.0,,0.0,1.0,1.0,0.0,,1.0,,,1.0,1.0,,0.0,0.0,1.0,1.0,0.0,,0.0,,,1.0,,0.0,0.0,,,0.0,1.0,,1.0,,1.0,1.0,0.0,0.0,1.0,1.0,1.0,1.0,1.0,1.0,,1.0,,,0.0,1.0,0.0,1.0,0.0,,,,,1.0,0.0,0.0,1.0,1.0,0.0,0.0,1.0,1.0,1.0,1.0,1.0,1.0,,,,1.0,1.0,1.0,1.0,,1.0,0.0,,1.0,,,,,1.0,,0.0,,,0.0,1.0,0.0,1.0,0.0,,,1.0,0.0,,,,1.0,1.0,1.0,1.0,,0.0,,1.0,0.0,1.0,,,1.0,,,,,1.0,1.0,1.0,,1.0,,1.0,0.0,0.0,,,,,,,,,,,,,,
Jilmar Tatto,1.0,1.0,0.0,1.0,1.0,1.0,1.0,1.0,1.0,1.0,0.0,,1.0,0.0,1.0,,1.0,1.0,,1.0,1.0,1.0,1.0,1.0,1.0,1.0,0.0,,,0.0,1.0,,0.0,,,1.0,1.0,1.0,0.0,,,,0.0,0.0,1.0,0.0,1.0,1.0,0.0,0.0,1.0,1.0,1.0,1.0,1.0,,0.0,0.0,0.0,,1.0,0.0,,,1.0,1.0,1.0,0.0,0.0,1.0,0.0,,,0.0,0.0,0.0,,0.0,0.0,0.0,0.0,,0.0,0.0,0.0,0.0,0.0,,0.0,0.0,0.0,,1.0,0.0,,1.0,1.0,1.0,1.0,,1.0,,,0.0,0.0,0.0,1.0,0.0,,1.0,,1.0,0.0,1.0,1.0,1.0,,0.0,1.0,0.0,1.0,1.0,0.0,,0.0,1.0,0.0,1.0,0.0,1.0,,1.0,1.0,0.0,,0.0,,,0.0,1.0,1.0,1.0,0.0,,,0.0,,,1.0,,,1.0,0.0,,,1.0,0.0,,1.0,,1.0,1.0,1.0,0.0,0.0,1.0,1.0,1.0,1.0,0.0,1.0,0.0,1.0,0.0,1.0,0.0,,0.0,0.0,0.0,,,0.0,0.0,,,,,0.0,,0.0,,,,,,1.0,1.0,,1.0,0.0,0.0,,1.0,0.0,0.0,,,0.0,1.0,1.0,0.0,1.0,0.0,1.0,0.0,0.0,0.0,,0.0,,,0.0,,0.0,,1.0,,,,,,0.0,1.0,,,1.0,1.0,,1.0,,,,,,,,,,0.0,,1.0,0.0,0.0,0.0,,,0.0,1.0,0.0,1.0,1.0,1.0,1.0,1.0,,0.0,0.0,,1.0,0.0,,0.0,1.0,1.0,0.0,1.0,0.0,1.0,,0.0,,,0.0,0.0,0.0,0.0,1.0,1.0,1.0,1.0,1.0,0.0,,,0.0,1.0,1.0,1.0,1.0,0.0,0.0,1.0,1.0,0.0,1.0,1.0,1.0,0.0,1.0,,0.0,1.0,0.0,1.0,,0.0,1.0,0.0,0.0,0.0,1.0,0.0,1.0,,1.0,0.0,0.0,0.0,1.0,1.0,0.0,1.0,,1.0,1.0,0.0,,1.0,0.0,0.0,1.0,0.0,0.0,0.0,0.0,0.0,0.0,0.0,0.0,0.0,,0.0,0.0,0.0,,0.0,0.0,1.0,1.0,1.0,1.0,,1.0,,0.0,1.0,0.0,1.0,0.0,1.0,1.0,1.0,1.0,1.0,0.0,1.0,1.0,1.0,1.0,1.0,1.0,0.0,1.0,0.0,,,0.0,0.0,1.0,1.0,1.0,1.0,1.0,0.0,1.0,1.0,1.0,1.0,1.0
Joaquim Beltrão,1.0,1.0,0.0,1.0,,1.0,1.0,1.0,1.0,0.0,0.0,0.0,,,1.0,,0.0,1.0,,,,,,,,1.0,0.0,1.0,0.0,0.0,1.0,,0.0,1.0,0.0,,,1.0,1.0,0.0,0.0,1.0,0.0,,1.0,0.0,1.0,1.0,0.0,0.0,1.0,1.0,1.0,1.0,1.0,1.0,0.0,0.0,0.0,1.0,1.0,1.0,1.0,0.0,1.0,,1.0,0.0,,,1.0,1.0,0.0,0.0,,0.0,1.0,0.0,0.0,0.0,0.0,,,0.0,,,0.0,0.0,0.0,0.0,0.0,1.0,1.0,0.0,1.0,1.0,,1.0,,0.0,,0.0,1.0,1.0,0.0,,,0.0,1.0,1.0,,1.0,0.0,1.0,1.0,1.0,1.0,0.0,1.0,0.0,1.0,1.0,,1.0,0.0,1.0,0.0,0.0,0.0,1.0,0.0,1.0,1.0,0.0,,0.0,0.0,0.0,1.0,1.0,1.0,1.0,0.0,0.0,0.0,0.0,0.0,,,1.0,0.0,0.0,0.0,,1.0,1.0,0.0,1.0,1.0,,,1.0,1.0,0.0,,1.0,1.0,1.0,1.0,0.0,1.0,0.0,1.0,0.0,1.0,0.0,0.0,0.0,,0.0,1.0,0.0,0.0,0.0,1.0,1.0,0.0,1.0,0.0,,,0.0,1.0,0.0,,1.0,1.0,1.0,0.0,1.0,0.0,0.0,1.0,1.0,0.0,0.0,0.0,0.0,0.0,1.0,1.0,0.0,1.0,0.0,1.0,0.0,0.0,0.0,,,1.0,0.0,,,,,,0.0,0.0,,,0.0,0.0,1.0,0.0,0.0,1.0,1.0,1.0,1.0,0.0,1.0,,1.0,,,,0.0,0.0,,1.0,1.0,0.0,0.0,0.0,0.0,,,,0.0,1.0,1.0,1.0,1.0,1.0,0.0,0.0,0.0,,1.0,0.0,,0.0,,,,,,1.0,1.0,1.0,0.0,1.0,0.0,0.0,,0.0,1.0,1.0,,1.0,1.0,1.0,1.0,1.0,1.0,,,,1.0,,,1.0,1.0,0.0,0.0,,,1.0,,0.0,,1.0,0.0,,,,,,,,,,,1.0,,0.0,0.0,0.0,1.0,1.0,0.0,1.0,,1.0,1.0,0.0,1.0,1.0,0.0,,,0.0,0.0,0.0,,,,,,0.0,1.0,0.0,0.0,0.0,1.0,0.0,0.0,1.0,1.0,1.0,1.0,1.0,1.0,,0.0,1.0,1.0,,0.0,,,,,1.0,0.0,1.0,,,,1.0,,0.0,1.0,0.0,,0.0,0.0,0.0,1.0,1.0,1.0,,1.0,0.0,,,,0.0,1.0
Jofran Frejat,1.0,0.0,1.0,0.0,,1.0,,1.0,1.0,0.0,0.0,0.0,1.0,0.0,1.0,0.0,1.0,1.0,1.0,1.0,1.0,1.0,1.0,1.0,1.0,1.0,0.0,1.0,0.0,0.0,1.0,1.0,1.0,1.0,0.0,1.0,1.0,1.0,1.0,,0.0,1.0,0.0,0.0,1.0,0.0,1.0,1.0,0.0,0.0,1.0,1.0,1.0,1.0,1.0,1.0,0.0,0.0,0.0,1.0,0.0,1.0,1.0,0.0,1.0,1.0,1.0,0.0,0.0,1.0,1.0,1.0,0.0,0.0,0.0,0.0,1.0,0.0,0.0,1.0,0.0,0.0,0.0,0.0,0.0,0.0,0.0,0.0,0.0,0.0,0.0,1.0,1.0,0.0,1.0,0.0,1.0,1.0,1.0,0.0,1.0,0.0,0.0,0.0,0.0,0.0,1.0,0.0,1.0,1.0,0.0,1.0,1.0,1.0,1.0,0.0,0.0,1.0,0.0,1.0,1.0,1.0,1.0,1.0,0.0,1.0,0.0,0.0,1.0,1.0,1.0,0.0,1.0,0.0,1.0,0.0,0.0,0.0,1.0,1.0,1.0,1.0,0.0,0.0,0.0,0.0,0.0,0.0,1.0,1.0,0.0,0.0,0.0,1.0,1.0,1.0,0.0,0.0,1.0,,1.0,1.0,1.0,0.0,0.0,1.0,1.0,1.0,1.0,0.0,1.0,0.0,1.0,0.0,1.0,0.0,0.0,0.0,1.0,0.0,1.0,0.0,0.0,0.0,1.0,1.0,,1.0,,1.0,0.0,1.0,1.0,1.0,0.0,1.0,1.0,1.0,,1.0,0.0,0.0,1.0,1.0,0.0,0.0,0.0,1.0,1.0,0.0,0.0,0.0,0.0,0.0,,0.0,0.0,0.0,0.0,0.0,1.0,,1.0,1.0,,0.0,1.0,0.0,0.0,0.0,0.0,0.0,0.0,1.0,0.0,0.0,1.0,1.0,,1.0,0.0,1.0,1.0,1.0,1.0,1.0,,0.0,0.0,1.0,1.0,1.0,0.0,0.0,0.0,0.0,0.0,0.0,1.0,0.0,1.0,1.0,,1.0,1.0,0.0,0.0,0.0,0.0,1.0,0.0,1.0,0.0,,,0.0,1.0,0.0,1.0,1.0,1.0,1.0,1.0,0.0,0.0,1.0,0.0,1.0,1.0,0.0,0.0,1.0,1.0,,0.0,1.0,1.0,1.0,1.0,1.0,0.0,0.0,1.0,1.0,0.0,0.0,1.0,1.0,1.0,0.0,0.0,0.0,1.0,,0.0,0.0,1.0,0.0,0.0,,1.0,1.0,1.0,1.0,1.0,1.0,0.0,0.0,0.0,1.0,1.0,0.0,1.0,1.0,1.0,1.0,0.0,1.0,1.0,0.0,0.0,0.0,0.0,0.0,0.0,0.0,0.0,0.0,0.0,1.0,0.0,1.0,0.0,0.0,0.0,0.0,0.0,0.0,1.0,1.0,1.0,1.0,1.0,1.0,0.0,0.0,0.0,1.0,0.0,0.0,1.0,1.0,1.0,1.0,1.0,0.0,1.0,1.0,1.0,1.0,1.0,,0.0,1.0,0.0,0.0,,0.0,0.0,1.0,1.0,,1.0,1.0,0.0,1.0,1.0,0.0,0.0,1.0
Jorge Bittar,,1.0,,,,,1.0,,1.0,,,,,0.0,1.0,1.0,1.0,1.0,1.0,1.0,1.0,1.0,1.0,1.0,1.0,1.0,0.0,1.0,0.0,0.0,1.0,,,,,1.0,,,0.0,,,,0.0,0.0,1.0,0.0,1.0,1.0,0.0,0.0,1.0,1.0,1.0,1.0,1.0,1.0,0.0,,0.0,1.0,1.0,,1.0,0.0,,1.0,,0.0,0.0,1.0,0.0,,0.0,0.0,0.0,,1.0,0.0,0.0,0.0,0.0,0.0,0.0,0.0,,0.0,0.0,,,0.0,0.0,0.0,1.0,0.0,1.0,,,1.0,1.0,0.0,,0.0,,,0.0,,,,1.0,1.0,0.0,1.0,0.0,,1.0,1.0,,,,0.0,1.0,1.0,0.0,1.0,,1.0,0.0,1.0,,1.0,0.0,1.0,1.0,0.0,,,,0.0,0.0,,,1.0,0.0,0.0,0.0,0.0,0.0,0.0,1.0,,0.0,,0.0,1.0,1.0,1.0,,1.0,1.0,,1.0,,1.0,0.0,0.0,1.0,1.0,1.0,1.0,,1.0,,,,,,,,,,,0.0,,,1.0,,,1.0,0.0,1.0,0.0,1.0,1.0,0.0,0.0,1.0,,1.0,0.0,1.0,0.0,0.0,1.0,1.0,,0.0,0.0,0.0,0.0,1.0,1.0,0.0,1.0,0.0,,0.0,0.0,0.0,,0.0,1.0,0.0,0.0,,0.0,,,,0.0,0.0,0.0,0.0,0.0,1.0,0.0,0.0,,,,,0.0,,1.0,1.0,0.0,1.0,0.0,0.0,,,,,,,,,,,,,,,1.0,,,,,,,,,,,,,,,,,,,,,,,,,,,,,,,,,,,,,,,,,,,,,,,,,,,,,,,,,,,,,,,,,,,,,,,,,,,,,,,,,,,,,,,,,,,,,,,,,,,,,1.0,,,,1.0,1.0,0.0,0.0,,1.0,1.0,1.0,0.0,1.0,,1.0,1.0,,1.0,0.0,1.0,0.0,,0.0,0.0,,,,,,,,,,,,
Jorge Boeira,,,,1.0,0.0,1.0,,1.0,,,0.0,0.0,,0.0,1.0,1.0,1.0,1.0,1.0,,,1.0,,1.0,1.0,,,,,,,1.0,0.0,1.0,0.0,1.0,1.0,,,,,,,,,,,,,,,,,,,,,,,,,1.0,,,,,,,,,,,,,,,,,,,,,,,,,,,,,,,,,,,1.0,,,,,,,,,0.0,1.0,0.0,,,,,,,,,,,,,,,,,,,,,,,,,,,,,,,,,1.0,,,,,,,,,,,,,,,,,,,1.0,,,,,,,,,,,,0.0,1.0,0.0,,0.0,0.0,0.0,1.0,,,,,,,,,,,,,,,,,,,,,,,,,,,,,,,,,,,,,,,,,,,,,,,,1.0,,,,,,,,,,1.0,1.0,1.0,1.0,,0.0,,,,,,,0.0,0.0,0.0,1.0,0.0,0.0,0.0,0.0,0.0,1.0,1.0,0.0,1.0,,,,1.0,0.0,,0.0,1.0,1.0,,,0.0,1.0,1.0,0.0,1.0,,1.0,1.0,0.0,0.0,,0.0,0.0,1.0,,1.0,,0.0,0.0,1.0,,,0.0,0.0,1.0,,1.0,1.0,0.0,0.0,1.0,1.0,,,1.0,,1.0,,,0.0,1.0,0.0,0.0,,0.0,1.0,0.0,0.0,0.0,1.0,,,1.0,1.0,,,0.0,1.0,1.0,,1.0,0.0,0.0,1.0,0.0,,1.0,,0.0,1.0,,0.0,,0.0,0.0,0.0,0.0,0.0,0.0,1.0,0.0,0.0,,1.0,0.0,0.0,1.0,1.0,1.0,1.0,1.0,1.0,0.0,0.0,1.0,1.0,1.0,0.0,1.0,1.0,1.0,1.0,1.0,0.0,1.0,1.0,0.0,0.0,1.0,1.0,0.0,1.0,0.0,0.0,0.0,0.0,,,,,1.0,,0.0,,,,,
Jorge Khoury,1.0,,1.0,,,,1.0,1.0,1.0,,1.0,0.0,1.0,0.0,1.0,1.0,1.0,1.0,1.0,1.0,1.0,1.0,1.0,1.0,1.0,0.0,,,,,,1.0,1.0,1.0,0.0,,1.0,1.0,1.0,,,,,,0.0,1.0,1.0,1.0,,,0.0,,,,,,1.0,,,0.0,1.0,1.0,,,0.0,0.0,0.0,,,,1.0,,,,,,,,,1.0,,1.0,,,,,,,,,,1.0,,,0.0,0.0,1.0,,1.0,1.0,,0.0,0.0,1.0,1.0,0.0,,,,0.0,,1.0,1.0,0.0,0.0,0.0,,,1.0,0.0,0.0,0.0,1.0,1.0,0.0,,,1.0,0.0,,0.0,1.0,1.0,0.0,,,,,0.0,,,,,,,,,,,0.0,1.0,0.0,0.0,,0.0,0.0,,0.0,1.0,,,0.0,,1.0,,,0.0,0.0,1.0,,,,,,,,,,1.0,,,,,,0.0,0.0,,0.0,,,,0.0,0.0,1.0,0.0,0.0,,0.0,,,,,,,,,,1.0,1.0,0.0,,,0.0,,,,,,,,,,1.0,1.0,,,1.0,,,,,,,,,,1.0,0.0,1.0,1.0,,,0.0,0.0,,,,,,1.0,1.0,1.0,,,,,,,0.0,,0.0,1.0,1.0,,0.0,1.0,,,,,,,,,1.0,,,,1.0,,,1.0,0.0,0.0,,1.0,,0.0,1.0,1.0,1.0,1.0,1.0,,,0.0,,,1.0,0.0,,,,,,0.0,1.0,,1.0,,,,,0.0,1.0,0.0,,,0.0,,0.0,1.0,,1.0,,,,,,,0.0,,1.0,1.0,1.0,,1.0,0.0,0.0,,,0.0,1.0,1.0,,,,,,,,,,,,,,,0.0,0.0,0.0,,,1.0,,,,1.0,0.0,1.0,,,,,,,,1.0,,,1.0,,,0.0,,,,,,,,,,1.0,,,,,1.0,1.0
Jorge Tadeu Mudalen,,0.0,1.0,,,,,,1.0,0.0,,,,,,1.0,1.0,1.0,1.0,,,1.0,1.0,1.0,1.0,0.0,,,,,,,,,,1.0,,,1.0,,,,,,0.0,,,1.0,,,,,,,,,,,,0.0,,,,,0.0,0.0,0.0,,,0.0,1.0,,,,,,,,,,,1.0,,,,,1.0,,1.0,,,1.0,,,,0.0,,1.0,1.0,1.0,,0.0,,,1.0,,,,0.0,0.0,,,0.0,,,0.0,,0.0,1.0,0.0,0.0,0.0,1.0,1.0,,1.0,,,0.0,,0.0,1.0,,0.0,,,,,,,,,,,,,,,,,1.0,0.0,0.0,,0.0,0.0,0.0,,1.0,,0.0,,,1.0,,0.0,,0.0,1.0,,,,,,,,,,,,,,,,0.0,0.0,,,,,,,0.0,1.0,0.0,,,0.0,,,,,,,,,,1.0,1.0,0.0,,,,,,,,,,,,,1.0,,,,,,,,,,,0.0,,,,,,1.0,,,,,,,,,,1.0,1.0,,,,,,,1.0,0.0,,0.0,,,,,1.0,,,,,,,,,,,,,1.0,,,,,,,,,,,,,,,,,,,,,,,,,,,,,,,,,,,,,,,,,,,,,,,,,,,,,,,,,,,,,,,,,,,,,,,,,,,,,,,,,,,,,1.0,,,,,0.0,,0.0,1.0,,,,,,,1.0,1.0,,,,0.0,,,,,1.0,,1.0,,0.0,,,,,,,
Jorginho Maluly,,0.0,,,,1.0,1.0,1.0,1.0,0.0,0.0,0.0,1.0,0.0,1.0,0.0,1.0,1.0,1.0,1.0,,1.0,1.0,1.0,1.0,,,,,,,1.0,1.0,1.0,0.0,1.0,1.0,1.0,1.0,,,,,,0.0,1.0,1.0,1.0,,,,,,,,1.0,1.0,,,0.0,1.0,1.0,,,0.0,,0.0,,,0.0,1.0,,,,,,,1.0,,1.0,,,,,,,,,,,,1.0,,,0.0,0.0,1.0,,1.0,1.0,,0.0,0.0,1.0,,0.0,1.0,,0.0,0.0,,,,0.0,0.0,0.0,,0.0,1.0,0.0,,,1.0,1.0,0.0,1.0,,1.0,0.0,,,,,0.0,,,,,0.0,,,,,,,,,,,1.0,,0.0,0.0,0.0,0.0,0.0,0.0,0.0,1.0,1.0,0.0,,,,,0.0,0.0,0.0,1.0,,,,,,,,1.0,0.0,1.0,,,,,,0.0,0.0,,,,0.0,0.0,0.0,0.0,1.0,,,,0.0,,,,,,,,,,1.0,1.0,0.0,,,,,,,,,1.0,,,,1.0,,,,1.0,,,,,,,0.0,,,1.0,1.0,1.0,1.0,,1.0,,0.0,,,,,,1.0,,1.0,,,,,,1.0,1.0,,0.0,1.0,1.0,0.0,0.0,1.0,,,1.0,,,0.0,0.0,0.0,0.0,1.0,0.0,,1.0,1.0,1.0,,0.0,0.0,0.0,1.0,,0.0,1.0,1.0,1.0,1.0,1.0,0.0,0.0,1.0,1.0,0.0,1.0,0.0,1.0,,,,,,1.0,0.0,1.0,,,,,,,,,,,,,1.0,,1.0,,1.0,1.0,,,,0.0,1.0,,1.0,1.0,0.0,1.0,1.0,0.0,,,,,1.0,,,,,,,,0.0,,,,,,,0.0,0.0,0.0,,1.0,1.0,,,,1.0,0.0,1.0,,1.0,,,,,,,1.0,0.0,1.0,,,0.0,,,,,1.0,0.0,1.0,1.0,1.0,1.0,,1.0,,,,1.0
Joseph Bandeira,,1.0,0.0,1.0,1.0,,,1.0,1.0,,0.0,0.0,,,,,,,,,,,,,,1.0,0.0,1.0,0.0,0.0,1.0,,0.0,1.0,0.0,,1.0,1.0,0.0,,,,,,,,,1.0,0.0,0.0,1.0,1.0,1.0,1.0,1.0,,,,,1.0,1.0,1.0,1.0,0.0,1.0,1.0,1.0,0.0,,1.0,0.0,1.0,,0.0,0.0,,1.0,0.0,0.0,0.0,0.0,,0.0,0.0,0.0,,0.0,0.0,,0.0,0.0,0.0,1.0,0.0,,1.0,1.0,,,0.0,1.0,0.0,0.0,0.0,,0.0,1.0,0.0,1.0,1.0,0.0,,0.0,1.0,1.0,1.0,,0.0,1.0,0.0,1.0,1.0,0.0,1.0,0.0,,0.0,1.0,0.0,1.0,,0.0,1.0,0.0,1.0,,0.0,0.0,0.0,1.0,1.0,1.0,0.0,0.0,0.0,0.0,0.0,0.0,1.0,,0.0,1.0,0.0,1.0,1.0,1.0,0.0,1.0,1.0,1.0,1.0,1.0,1.0,0.0,0.0,1.0,,1.0,1.0,0.0,1.0,0.0,1.0,,1.0,,,0.0,1.0,0.0,1.0,0.0,0.0,0.0,1.0,,0.0,1.0,0.0,1.0,0.0,1.0,1.0,0.0,0.0,1.0,1.0,1.0,0.0,1.0,0.0,0.0,1.0,1.0,0.0,0.0,0.0,0.0,,1.0,1.0,0.0,1.0,0.0,1.0,0.0,,,0.0,0.0,1.0,0.0,,,,,,,,,,,,,,,1.0,1.0,,,,,,,,,,,,,,,,,,0.0,0.0,0.0,1.0,0.0,1.0,,,1.0,1.0,0.0,,0.0,0.0,1.0,0.0,,0.0,1.0,1.0,0.0,1.0,0.0,,,0.0,,1.0,0.0,0.0,0.0,0.0,1.0,1.0,1.0,1.0,,0.0,1.0,0.0,0.0,1.0,1.0,1.0,1.0,0.0,0.0,,1.0,0.0,0.0,1.0,1.0,0.0,,,0.0,1.0,0.0,1.0,0.0,0.0,1.0,0.0,0.0,0.0,1.0,1.0,1.0,1.0,1.0,0.0,0.0,0.0,1.0,1.0,0.0,1.0,0.0,1.0,,0.0,,1.0,0.0,0.0,,,,0.0,0.0,0.0,,0.0,0.0,,,,,0.0,1.0,,,1.0,1.0,1.0,1.0,,,0.0,,1.0,,,,,,,,,,,1.0,,,,,,,,,,,,,,,,,,,,,,
José Airton Cirilo,,,0.0,1.0,,1.0,1.0,1.0,1.0,1.0,,,,,,,,,1.0,,1.0,,1.0,1.0,1.0,1.0,,,0.0,,1.0,,,,,,1.0,1.0,0.0,0.0,0.0,1.0,0.0,0.0,1.0,0.0,1.0,1.0,0.0,0.0,,1.0,1.0,1.0,1.0,,0.0,0.0,0.0,1.0,1.0,0.0,1.0,0.0,1.0,1.0,1.0,0.0,0.0,1.0,0.0,1.0,0.0,,0.0,0.0,,0.0,0.0,0.0,0.0,0.0,0.0,0.0,0.0,,0.0,0.0,0.0,0.0,0.0,0.0,1.0,0.0,1.0,1.0,1.0,1.0,1.0,0.0,,0.0,0.0,0.0,0.0,,,,1.0,1.0,0.0,1.0,0.0,1.0,1.0,1.0,1.0,0.0,1.0,0.0,0.0,,0.0,1.0,,,0.0,1.0,0.0,1.0,0.0,0.0,1.0,0.0,1.0,0.0,0.0,0.0,,1.0,,1.0,0.0,0.0,0.0,0.0,0.0,0.0,1.0,1.0,0.0,1.0,0.0,1.0,1.0,1.0,0.0,,,1.0,1.0,1.0,1.0,0.0,0.0,1.0,1.0,1.0,1.0,,,0.0,1.0,,1.0,0.0,,0.0,1.0,0.0,,0.0,0.0,0.0,,1.0,0.0,,,,,0.0,0.0,,0.0,1.0,,1.0,,,0.0,0.0,1.0,1.0,0.0,0.0,0.0,,0.0,1.0,1.0,0.0,1.0,0.0,1.0,0.0,,0.0,0.0,0.0,1.0,0.0,0.0,1.0,0.0,,,0.0,0.0,0.0,0.0,0.0,,1.0,0.0,0.0,1.0,1.0,1.0,1.0,0.0,0.0,1.0,1.0,,1.0,0.0,0.0,0.0,0.0,,1.0,,0.0,,0.0,,,,0.0,1.0,,1.0,1.0,,0.0,0.0,,0.0,1.0,0.0,,0.0,1.0,,0.0,,0.0,1.0,,1.0,,,0.0,,0.0,,,,1.0,,,,,,,1.0,1.0,,1.0,0.0,,,,,,,,0.0,1.0,,,1.0,0.0,,,,,,,,,,,1.0,1.0,0.0,0.0,0.0,1.0,1.0,,1.0,0.0,1.0,,,,1.0,,0.0,,,,,0.0,0.0,,0.0,,0.0,1.0,0.0,0.0,,,,0.0,1.0,1.0,1.0,1.0,1.0,1.0,,,,,1.0,0.0,,1.0,,,,,,1.0,,1.0,,1.0,0.0,1.0,0.0,0.0,0.0,0.0,0.0,1.0,1.0,1.0,,,,,1.0,1.0,,
José Aníbal,1.0,,1.0,1.0,1.0,1.0,1.0,1.0,1.0,0.0,,0.0,1.0,,,0.0,1.0,1.0,1.0,1.0,1.0,1.0,1.0,1.0,,0.0,,,,,,1.0,,1.0,0.0,,1.0,,1.0,,,,,,,1.0,0.0,1.0,,1.0,0.0,,,,,1.0,0.0,,,0.0,1.0,,,,0.0,,0.0,,,0.0,1.0,,,,1.0,1.0,0.0,,,,,,0.0,0.0,0.0,,0.0,1.0,,,,1.0,1.0,0.0,0.0,0.0,,1.0,1.0,1.0,0.0,0.0,,,1.0,0.0,,,0.0,0.0,,1.0,0.0,,,0.0,,1.0,1.0,,0.0,1.0,1.0,1.0,,1.0,,0.0,1.0,,1.0,0.0,1.0,1.0,,,,,,,0.0,,,,,,,,,,1.0,,0.0,,0.0,0.0,1.0,0.0,1.0,,0.0,0.0,,1.0,,,0.0,0.0,,,,,,,,,,,,,,,,,0.0,,,,,0.0,,,0.0,0.0,1.0,0.0,,0.0,,,,,,,,,,,1.0,0.0,,,,,,,,,,0.0,,,1.0,,0.0,1.0,,1.0,,,,,,0.0,,,,0.0,1.0,1.0,,,0.0,,,,,,,1.0,1.0,,,,,,,1.0,0.0,,,,0.0,0.0,0.0,0.0,0.0,0.0,1.0,,,0.0,,,,,,,1.0,1.0,,1.0,0.0,0.0,0.0,1.0,,0.0,,1.0,1.0,,1.0,1.0,0.0,0.0,,,,0.0,,1.0,0.0,,1.0,0.0,,,1.0,0.0,,1.0,,1.0,1.0,0.0,,0.0,0.0,0.0,,1.0,,1.0,1.0,1.0,,,,,0.0,,,1.0,0.0,0.0,,0.0,1.0,0.0,,,1.0,1.0,0.0,,,,,,,,,,0.0,,,,0.0,,,,,,,,,,,,,,,,,,,,,,,,,,,,,,,,,,,,,,,,1.0,
José C Stangarlini,1.0,,,,1.0,1.0,,1.0,,0.0,0.0,1.0,,,,,,,,,,,,,,,,,,,,,1.0,0.0,1.0,1.0,1.0,0.0,,,,,,,,,,,,,,,,,,,,,,,,,,,,,,,,,,,,,,,,,,,,,,,,,,,,,,,,,,,,,,,,,,,,,,,,,,,,,,,,,,,,,,,,,,,,,,,,,,,,,,,,,,,,,,,,,,,,,,,,,,,,,,,,,,,,,,,,,,,,1.0,1.0,,,,,,,,,,,,,,,,,,,,,,,,,,,,,,,,,,,,,,,,,,,,,,,,1.0,,,,,,,,,,,0.0,,,,1.0,,,,,,,,,,,,,,,,,,,,,,,,,0.0,,,,,,,0.0,1.0,0.0,0.0,,,,0.0,,,0.0,0.0,0.0,,0.0,1.0,1.0,1.0,,1.0,0.0,,0.0,0.0,0.0,,,1.0,,,,,,,,1.0,0.0,,,,1.0,,,,,,,,,,,1.0,1.0,,,,,,1.0,1.0,1.0,1.0,0.0,,,,,,0.0,1.0,1.0,,,,,1.0,0.0,,,,,,,,,,,,1.0,1.0,,,,,,,,,,,,,,,1.0,0.0,0.0,1.0,,,,,,,,1.0,0.0,1.0,1.0,0.0,0.0,,1.0,1.0,0.0,0.0,0.0
José Carlos Aleluia,1.0,0.0,1.0,1.0,0.0,1.0,,1.0,1.0,0.0,1.0,,1.0,0.0,1.0,1.0,1.0,1.0,1.0,1.0,1.0,1.0,1.0,1.0,1.0,0.0,,,,,,,1.0,1.0,,,,0.0,1.0,,,,,,0.0,1.0,,1.0,,1.0,0.0,,,,0.0,1.0,,,,0.0,,1.0,0.0,,0.0,,0.0,,,,,,,,,,0.0,,,1.0,,,,,,,,,,1.0,,,,,0.0,0.0,1.0,1.0,1.0,1.0,0.0,0.0,0.0,1.0,,1.0,0.0,1.0,,,,,1.0,0.0,0.0,0.0,0.0,,,0.0,0.0,,,1.0,0.0,1.0,,1.0,0.0,,0.0,1.0,,,,,,,,,0.0,,,,,,,,,,,0.0,,0.0,0.0,0.0,0.0,0.0,,0.0,0.0,0.0,,1.0,,,,0.0,0.0,,,,,,,,,0.0,1.0,,,,,,0.0,0.0,,,,,,0.0,0.0,,,,,0.0,,,,,,,,,,,1.0,0.0,,,0.0,,,,,,,,,1.0,1.0,1.0,,,1.0,,,,,,,0.0,,,1.0,,,,,,,,,,,,,1.0,1.0,,,,,1.0,,,,,,,1.0,0.0,,1.0,1.0,,1.0,,,0.0,,0.0,0.0,,0.0,,,1.0,1.0,1.0,0.0,0.0,0.0,1.0,,0.0,1.0,1.0,1.0,1.0,,0.0,0.0,0.0,0.0,,1.0,,,,,,,,0.0,0.0,,,,,,,1.0,0.0,0.0,1.0,1.0,0.0,,1.0,,,1.0,1.0,1.0,,,,0.0,1.0,,1.0,,0.0,1.0,0.0,0.0,,,0.0,1.0,,,,,,,0.0,,,,,,,,,,,,,1.0,,,,,1.0,0.0,1.0,0.0,,,,0.0,,0.0,,,,1.0,,,,,,,,1.0,,1.0,1.0,0.0,1.0,,1.0,1.0,0.0,0.0,1.0
José Carlos Araújo,1.0,1.0,,1.0,1.0,,1.0,1.0,1.0,1.0,0.0,,1.0,1.0,,0.0,1.0,1.0,1.0,1.0,1.0,1.0,1.0,1.0,1.0,1.0,,,,,,1.0,0.0,1.0,0.0,1.0,1.0,1.0,,,0.0,1.0,0.0,0.0,1.0,0.0,1.0,1.0,,,1.0,1.0,1.0,1.0,1.0,1.0,0.0,0.0,0.0,1.0,0.0,1.0,,0.0,1.0,,1.0,,0.0,1.0,1.0,1.0,,,0.0,0.0,1.0,,0.0,0.0,0.0,,,,0.0,0.0,0.0,0.0,,0.0,0.0,1.0,1.0,0.0,1.0,1.0,,1.0,,0.0,1.0,0.0,,0.0,0.0,0.0,,,1.0,1.0,0.0,1.0,0.0,1.0,1.0,,1.0,1.0,0.0,1.0,1.0,1.0,0.0,,0.0,1.0,0.0,0.0,,,,,1.0,0.0,1.0,0.0,0.0,0.0,0.0,,1.0,1.0,0.0,0.0,0.0,,0.0,0.0,1.0,0.0,0.0,0.0,0.0,1.0,,1.0,,0.0,1.0,,1.0,1.0,1.0,0.0,0.0,1.0,1.0,1.0,1.0,0.0,1.0,0.0,1.0,0.0,,0.0,0.0,0.0,1.0,0.0,1.0,0.0,0.0,,,1.0,0.0,1.0,0.0,1.0,,0.0,0.0,1.0,0.0,1.0,1.0,,0.0,1.0,0.0,0.0,,1.0,0.0,0.0,,,,,,0.0,1.0,0.0,1.0,0.0,0.0,0.0,0.0,,1.0,0.0,1.0,1.0,0.0,,1.0,0.0,,0.0,,0.0,,1.0,0.0,0.0,,1.0,,1.0,0.0,,1.0,,1.0,1.0,,0.0,0.0,1.0,1.0,1.0,0.0,0.0,0.0,0.0,0.0,0.0,1.0,0.0,1.0,,1.0,1.0,1.0,0.0,,0.0,0.0,1.0,0.0,,,1.0,,0.0,1.0,,1.0,1.0,1.0,1.0,1.0,0.0,0.0,1.0,,1.0,1.0,0.0,0.0,,1.0,1.0,1.0,1.0,1.0,1.0,1.0,1.0,,0.0,,1.0,,0.0,1.0,1.0,,0.0,0.0,0.0,1.0,0.0,,,,0.0,,1.0,1.0,1.0,1.0,1.0,1.0,1.0,,0.0,0.0,1.0,1.0,,1.0,1.0,1.0,,,1.0,1.0,0.0,0.0,,0.0,0.0,0.0,0.0,0.0,0.0,0.0,1.0,0.0,1.0,0.0,0.0,0.0,1.0,,0.0,,1.0,1.0,1.0,1.0,1.0,0.0,,1.0,1.0,0.0,0.0,1.0,1.0,1.0,,1.0,0.0,1.0,1.0,1.0,1.0,1.0,1.0,0.0,1.0,,0.0,0.0,0.0,0.0,,1.0,1.0,,,,,1.0,1.0,1.0,1.0
José Carlos Machado,1.0,0.0,1.0,1.0,,1.0,1.0,1.0,1.0,0.0,,0.0,,0.0,1.0,1.0,1.0,1.0,1.0,1.0,1.0,1.0,,1.0,1.0,,,,,,,,1.0,0.0,1.0,1.0,1.0,1.0,1.0,,,,,,0.0,,,1.0,,,,,,,,,1.0,,,0.0,,,,,0.0,,0.0,,,0.0,1.0,,,,,,,,,,,,,,,,,,,,,1.0,,,,0.0,,1.0,,1.0,,,,,1.0,0.0,1.0,1.0,,0.0,,,1.0,,,,,,,0.0,1.0,,1.0,1.0,0.0,1.0,,,0.0,,,,,0.0,,,,,,,0.0,,,,,,,,,0.0,1.0,,,,,,0.0,0.0,,1.0,0.0,0.0,,,,,,,,,,,,,,,1.0,0.0,1.0,,,,,,,0.0,,,,,,0.0,0.0,1.0,0.0,0.0,,,,,,,,,,,,,1.0,0.0,,,,,,,,,,,,,1.0,,,,1.0,,,,,,,,,,1.0,0.0,1.0,1.0,,1.0,,0.0,,,1.0,,,1.0,1.0,1.0,,,,1.0,,,1.0,,,,,,,,,,1.0,,,,1.0,0.0,0.0,1.0,0.0,,1.0,1.0,1.0,,0.0,0.0,0.0,1.0,0.0,0.0,,1.0,1.0,,1.0,0.0,0.0,0.0,1.0,,1.0,0.0,,,,,,,1.0,,1.0,0.0,,,,,1.0,0.0,0.0,1.0,1.0,0.0,0.0,1.0,,1.0,1.0,1.0,1.0,,,,0.0,1.0,1.0,1.0,1.0,0.0,,0.0,0.0,,,,1.0,1.0,,,,,,1.0,,,,,,,,,0.0,0.0,0.0,1.0,1.0,1.0,,,,1.0,0.0,1.0,0.0,1.0,,,,,,1.0,1.0,1.0,1.0,,,0.0,,,,,,0.0,1.0,1.0,0.0,,,,,,1.0,1.0
José Carlos Vieira,,0.0,1.0,0.0,,1.0,,1.0,1.0,,,0.0,1.0,,,,,,,,,,,,,,,,,,,1.0,,1.0,1.0,,,,,,,,,,,,,,,,0.0,,,,,,,,,,,1.0,,,,,,,,,,,,,,,,,,,,,,,,,,,,,,,,,,,,,,,,,,,,0.0,,1.0,,,,,,,,,,,,,,,,1.0,,,,,,,,,,0.0,,,,,,,1.0,0.0,,,,,,,,,1.0,,,,0.0,0.0,,0.0,1.0,1.0,,,,1.0,,0.0,,0.0,1.0,,,0.0,1.0,,1.0,0.0,0.0,,1.0,,,,,,0.0,,,0.0,,0.0,1.0,0.0,0.0,1.0,0.0,,,,,,,,,,,,,,,,,,,,,,,,,,,,,,,,1.0,,,,,,,,,,,,,,,0.0,,,,,,,,1.0,1.0,,,,1.0,1.0,,1.0,0.0,,,,,0.0,0.0,1.0,,,1.0,,,,,,0.0,1.0,,,,1.0,,1.0,0.0,0.0,,1.0,0.0,,,,1.0,,1.0,0.0,,,1.0,1.0,,,1.0,0.0,1.0,,0.0,,,,,1.0,,,,,1.0,0.0,0.0,1.0,1.0,1.0,1.0,1.0,1.0,,1.0,,0.0,0.0,0.0,1.0,,0.0,,0.0,,,,1.0,,0.0,,,0.0,0.0,0.0,,,,,1.0,,1.0,0.0,0.0,0.0,,0.0,0.0,1.0,1.0,1.0,,,,0.0,0.0,1.0,,,,,,,,,,,,,,1.0,,,,,,,,,,,,,,,,,,,
José Chaves,,,,1.0,1.0,1.0,,1.0,,0.0,0.0,0.0,,,,0.0,1.0,1.0,1.0,1.0,1.0,1.0,1.0,1.0,1.0,,,,,,,,0.0,,,,1.0,,,,,1.0,0.0,0.0,1.0,0.0,1.0,,,,,,,,,,,,,,,1.0,,,,,,,,,,,,,,,,,,,,,,,,,,,,,,,,,,,,,,,,,,,,,1.0,,,,,,,,,,1.0,,,,,,,,,,,,,,,,,,,,,,,,1.0,,,,,,,,1.0,1.0,,,,,,,,,1.0,,,1.0,,,,1.0,1.0,1.0,1.0,0.0,1.0,,1.0,,1.0,0.0,0.0,0.0,1.0,0.0,,,,,,1.0,,,0.0,,,1.0,0.0,1.0,,1.0,,,,1.0,,0.0,,1.0,,0.0,0.0,,,,,0.0,,,,,,0.0,,,,,1.0,,,,,,0.0,,0.0,0.0,,,,,1.0,1.0,1.0,1.0,,1.0,1.0,,,,,,,,1.0,1.0,0.0,,0.0,,0.0,0.0,1.0,,,1.0,1.0,1.0,1.0,,,0.0,,,,,,,,,,,1.0,1.0,1.0,,1.0,,,,,,,1.0,,,1.0,,,,1.0,1.0,,1.0,0.0,0.0,,1.0,,,,,1.0,,0.0,0.0,1.0,,0.0,0.0,1.0,0.0,1.0,,,,,,1.0,,,,,,,,,1.0,,,,1.0,1.0,,0.0,,0.0,,,,1.0,0.0,0.0,,,1.0,0.0,,,1.0,,0.0,1.0,1.0,1.0,,1.0,,0.0,0.0,1.0,1.0,0.0,,,1.0,,,,,,,,,,1.0,,,0.0,,0.0,0.0,,,1.0,1.0,1.0,,0.0,,,,,
José Edmar,,,,1.0,1.0,,,1.0,,,,0.0,1.0,,,,,,,,,,,,,,,,,,,1.0,,,,,,,,,,,,,,,1.0,,,,,,,,,,,,,,,,,,,,,,,,,,,,,,,,,,,,,,,,,,,,,,,,,,,,,,,,,,,0.0,1.0,0.0,,,,,,,,,,,,,,,,,,,,,,,,,,,,,,,,,,,,,,,,,,,,,,,,,,,,1.0,,,,,,,0.0,,,,,,,,,,,,,,,,,,,,,,,,,,,,,,1.0,,,,,,,,,,,,,,,,,,,,,,,,,,,,,,,,,0.0,0.0,0.0,,,0.0,0.0,,,,,,,,,,,,,,,,,,,,,,0.0,,0.0,,1.0,1.0,1.0,1.0,0.0,,,0.0,1.0,,,0.0,,,,,,,,1.0,1.0,1.0,,,,,,,,,,,,,,,,1.0,,,,,,,,1.0,,,,,,,,0.0,0.0,1.0,0.0,1.0,1.0,1.0,1.0,,,,,,,,,,,,,,,,,,,,,,,,,,,,,,,,,,,,,,,,,,,,,,,,,,,,,,,,,,,,,,,,,,,,,,,,,,,,,,
José Eduardo Cardozo,,1.0,0.0,,,1.0,1.0,,1.0,0.0,0.0,,1.0,0.0,1.0,1.0,1.0,1.0,1.0,1.0,1.0,1.0,1.0,1.0,1.0,1.0,0.0,1.0,,0.0,1.0,1.0,0.0,1.0,0.0,,,1.0,1.0,0.0,0.0,1.0,,0.0,1.0,0.0,1.0,1.0,0.0,0.0,1.0,1.0,1.0,1.0,1.0,,0.0,0.0,0.0,1.0,1.0,1.0,,,1.0,1.0,1.0,0.0,0.0,,,1.0,0.0,0.0,0.0,,,0.0,0.0,0.0,,0.0,0.0,,0.0,0.0,0.0,0.0,0.0,,1.0,,,,1.0,1.0,1.0,1.0,,,1.0,,,,0.0,0.0,1.0,0.0,1.0,1.0,0.0,,0.0,1.0,1.0,1.0,1.0,0.0,1.0,0.0,1.0,1.0,,1.0,0.0,,0.0,1.0,0.0,,0.0,1.0,,0.0,1.0,0.0,0.0,0.0,0.0,1.0,,1.0,0.0,0.0,0.0,,0.0,0.0,1.0,1.0,,1.0,,,,,0.0,,1.0,1.0,1.0,1.0,1.0,0.0,0.0,1.0,1.0,1.0,1.0,,1.0,0.0,1.0,0.0,1.0,0.0,0.0,0.0,0.0,0.0,,,0.0,0.0,,1.0,0.0,1.0,0.0,1.0,0.0,1.0,1.0,0.0,0.0,1.0,,1.0,,1.0,0.0,0.0,1.0,1.0,0.0,0.0,0.0,0.0,0.0,1.0,1.0,0.0,1.0,0.0,1.0,0.0,0.0,0.0,,0.0,,,0.0,1.0,0.0,0.0,,0.0,0.0,1.0,0.0,0.0,,1.0,,0.0,1.0,1.0,1.0,1.0,0.0,0.0,1.0,,,1.0,0.0,0.0,0.0,0.0,0.0,1.0,0.0,0.0,0.0,,0.0,0.0,1.0,0.0,1.0,1.0,,1.0,,0.0,0.0,0.0,0.0,1.0,0.0,,0.0,,,,,,1.0,,,,1.0,0.0,0.0,0.0,0.0,1.0,1.0,1.0,1.0,1.0,0.0,1.0,0.0,0.0,1.0,1.0,1.0,1.0,0.0,0.0,,1.0,0.0,1.0,1.0,,,1.0,0.0,0.0,1.0,0.0,1.0,,,,0.0,0.0,0.0,1.0,0.0,1.0,1.0,,,0.0,,,1.0,,1.0,0.0,,,,1.0,1.0,,0.0,,0.0,0.0,,0.0,0.0,0.0,0.0,0.0,0.0,1.0,0.0,0.0,,1.0,,0.0,1.0,1.0,1.0,1.0,1.0,,,0.0,1.0,0.0,1.0,0.0,1.0,,1.0,1.0,1.0,0.0,1.0,1.0,,,1.0,1.0,,,,,0.0,,,,,,,,,,,,,
José Fernando Aparecido de Oliveira,,,,1.0,1.0,,,1.0,1.0,,1.0,1.0,1.0,0.0,1.0,,1.0,1.0,1.0,1.0,1.0,1.0,1.0,0.0,1.0,1.0,,1.0,0.0,0.0,1.0,1.0,0.0,,,,1.0,1.0,1.0,0.0,0.0,1.0,0.0,0.0,,,1.0,1.0,0.0,,1.0,1.0,1.0,1.0,1.0,,1.0,0.0,0.0,1.0,,,1.0,,1.0,1.0,1.0,0.0,0.0,,1.0,1.0,,0.0,0.0,0.0,,0.0,0.0,0.0,0.0,0.0,0.0,0.0,0.0,,,0.0,,,0.0,0.0,1.0,0.0,,1.0,,,0.0,,,,1.0,0.0,0.0,,,,1.0,1.0,0.0,1.0,,,1.0,,1.0,0.0,,0.0,,,0.0,1.0,,1.0,0.0,0.0,1.0,1.0,,,1.0,0.0,,,0.0,,0.0,,,,,,,,,0.0,1.0,,0.0,1.0,0.0,1.0,1.0,1.0,0.0,,1.0,,,1.0,1.0,0.0,0.0,1.0,1.0,1.0,1.0,0.0,,,,0.0,1.0,0.0,0.0,,,,1.0,0.0,0.0,,1.0,1.0,,1.0,0.0,1.0,,0.0,0.0,,0.0,,,0.0,,1.0,,,,,,,,,1.0,0.0,,,0.0,,,,0.0,,0.0,,,0.0,,,0.0,,1.0,0.0,0.0,,,0.0,0.0,1.0,0.0,,1.0,1.0,1.0,1.0,0.0,,1.0,1.0,,1.0,0.0,,0.0,1.0,1.0,1.0,0.0,0.0,,0.0,0.0,1.0,1.0,,,1.0,1.0,,,,,0.0,,,,,,,1.0,0.0,1.0,0.0,1.0,,0.0,,1.0,,,,,,1.0,1.0,1.0,1.0,,1.0,,,,,,1.0,,0.0,1.0,,,,,,,,0.0,0.0,1.0,,0.0,0.0,,0.0,1.0,0.0,1.0,,,,,1.0,1.0,0.0,0.0,1.0,1.0,1.0,1.0,,1.0,,,,,,,,1.0,1.0,,,0.0,0.0,0.0,1.0,,,,,,,,,1.0,1.0,1.0,,1.0,,,,,1.0,0.0,1.0,,1.0,,1.0,,,,,,,1.0,,,,,,,,,,,,,,,,,,,
José Genoíno,1.0,1.0,0.0,1.0,0.0,1.0,1.0,1.0,1.0,0.0,,0.0,1.0,0.0,1.0,1.0,1.0,1.0,1.0,1.0,1.0,1.0,1.0,1.0,1.0,1.0,0.0,1.0,0.0,0.0,1.0,1.0,0.0,1.0,0.0,1.0,1.0,1.0,1.0,0.0,0.0,1.0,0.0,0.0,1.0,0.0,1.0,1.0,0.0,0.0,1.0,1.0,1.0,1.0,1.0,1.0,0.0,0.0,,1.0,1.0,0.0,1.0,0.0,1.0,1.0,1.0,0.0,0.0,1.0,0.0,1.0,0.0,0.0,0.0,,1.0,0.0,0.0,0.0,0.0,0.0,0.0,0.0,0.0,0.0,,0.0,0.0,0.0,,0.0,1.0,0.0,1.0,1.0,1.0,1.0,1.0,0.0,1.0,,0.0,0.0,0.0,,1.0,0.0,1.0,1.0,0.0,1.0,0.0,,1.0,1.0,1.0,0.0,1.0,0.0,1.0,1.0,0.0,1.0,0.0,1.0,0.0,1.0,0.0,1.0,0.0,1.0,1.0,0.0,1.0,0.0,0.0,0.0,0.0,1.0,,1.0,0.0,0.0,0.0,,0.0,0.0,1.0,1.0,0.0,1.0,0.0,1.0,,1.0,0.0,1.0,1.0,1.0,1.0,1.0,1.0,0.0,0.0,1.0,1.0,1.0,1.0,0.0,1.0,0.0,1.0,0.0,1.0,0.0,0.0,0.0,0.0,0.0,1.0,0.0,0.0,0.0,1.0,1.0,0.0,1.0,0.0,1.0,0.0,0.0,1.0,0.0,0.0,1.0,1.0,1.0,0.0,1.0,0.0,0.0,1.0,1.0,0.0,0.0,0.0,0.0,0.0,1.0,1.0,0.0,1.0,0.0,1.0,0.0,0.0,0.0,0.0,0.0,1.0,0.0,0.0,1.0,0.0,,1.0,0.0,0.0,0.0,0.0,0.0,0.0,1.0,0.0,0.0,1.0,1.0,1.0,1.0,0.0,0.0,1.0,1.0,0.0,1.0,1.0,0.0,0.0,0.0,0.0,1.0,0.0,0.0,,0.0,0.0,0.0,1.0,0.0,1.0,1.0,1.0,1.0,1.0,0.0,0.0,0.0,0.0,1.0,0.0,1.0,0.0,1.0,1.0,0.0,1.0,0.0,1.0,1.0,0.0,0.0,1.0,,0.0,0.0,0.0,1.0,1.0,1.0,1.0,1.0,0.0,1.0,0.0,0.0,,1.0,1.0,1.0,0.0,0.0,1.0,1.0,0.0,1.0,1.0,1.0,0.0,1.0,0.0,0.0,1.0,0.0,1.0,,0.0,1.0,0.0,0.0,0.0,1.0,0.0,1.0,1.0,1.0,,0.0,0.0,1.0,1.0,,1.0,0.0,1.0,1.0,0.0,1.0,1.0,0.0,0.0,1.0,0.0,0.0,0.0,0.0,0.0,0.0,0.0,0.0,0.0,1.0,0.0,0.0,0.0,1.0,0.0,0.0,1.0,1.0,1.0,1.0,1.0,1.0,0.0,0.0,1.0,0.0,1.0,0.0,1.0,1.0,1.0,1.0,1.0,0.0,1.0,1.0,0.0,0.0,1.0,1.0,0.0,1.0,0.0,0.0,0.0,0.0,0.0,,1.0,1.0,1.0,,0.0,1.0,1.0,1.0,1.0,1.0
José Guimarães,1.0,1.0,0.0,,1.0,1.0,1.0,1.0,1.0,0.0,0.0,,1.0,0.0,1.0,1.0,1.0,1.0,1.0,1.0,1.0,1.0,1.0,1.0,1.0,1.0,0.0,1.0,,,0.0,1.0,0.0,1.0,0.0,1.0,1.0,1.0,0.0,0.0,,1.0,0.0,0.0,1.0,0.0,1.0,1.0,0.0,0.0,1.0,1.0,1.0,1.0,1.0,,0.0,0.0,0.0,1.0,1.0,0.0,1.0,0.0,1.0,1.0,1.0,0.0,0.0,1.0,0.0,1.0,,0.0,,,1.0,0.0,0.0,0.0,0.0,0.0,0.0,0.0,0.0,,0.0,0.0,,,,0.0,1.0,0.0,,1.0,1.0,1.0,,0.0,1.0,0.0,0.0,0.0,,0.0,1.0,0.0,1.0,1.0,,1.0,,1.0,1.0,1.0,1.0,0.0,1.0,0.0,1.0,1.0,0.0,1.0,0.0,,,1.0,0.0,1.0,0.0,1.0,1.0,0.0,1.0,0.0,0.0,0.0,,1.0,0.0,1.0,0.0,0.0,0.0,0.0,0.0,,1.0,1.0,0.0,1.0,0.0,1.0,1.0,1.0,0.0,1.0,1.0,1.0,1.0,1.0,1.0,0.0,0.0,1.0,1.0,1.0,1.0,0.0,1.0,0.0,1.0,0.0,1.0,0.0,0.0,,1.0,0.0,,0.0,0.0,0.0,1.0,1.0,0.0,1.0,,1.0,0.0,0.0,1.0,0.0,0.0,1.0,,1.0,0.0,1.0,0.0,0.0,1.0,1.0,0.0,0.0,,0.0,0.0,1.0,1.0,0.0,1.0,0.0,1.0,0.0,0.0,0.0,0.0,0.0,1.0,0.0,0.0,1.0,0.0,0.0,,0.0,0.0,0.0,0.0,0.0,0.0,1.0,0.0,0.0,1.0,1.0,1.0,1.0,0.0,0.0,,1.0,0.0,1.0,0.0,,0.0,0.0,0.0,1.0,0.0,0.0,0.0,0.0,0.0,0.0,1.0,0.0,1.0,1.0,1.0,1.0,1.0,0.0,,0.0,0.0,1.0,0.0,1.0,0.0,1.0,1.0,0.0,1.0,0.0,1.0,,0.0,,1.0,0.0,0.0,0.0,0.0,1.0,,1.0,1.0,1.0,0.0,1.0,0.0,0.0,1.0,1.0,1.0,1.0,0.0,0.0,1.0,1.0,,1.0,1.0,1.0,0.0,1.0,0.0,0.0,1.0,0.0,1.0,,0.0,1.0,0.0,0.0,0.0,1.0,0.0,1.0,1.0,1.0,,0.0,0.0,,1.0,,1.0,0.0,1.0,1.0,,1.0,1.0,0.0,0.0,1.0,0.0,0.0,0.0,0.0,0.0,0.0,0.0,0.0,0.0,1.0,0.0,0.0,0.0,1.0,0.0,,1.0,1.0,1.0,,1.0,1.0,0.0,0.0,1.0,0.0,,0.0,1.0,1.0,1.0,1.0,,,,1.0,1.0,1.0,1.0,1.0,0.0,1.0,,0.0,0.0,0.0,,,1.0,1.0,1.0,1.0,0.0,1.0,1.0,1.0,1.0,1.0
José Linhares,1.0,,1.0,,,,1.0,,,,0.0,0.0,1.0,0.0,,1.0,1.0,1.0,1.0,1.0,1.0,1.0,1.0,1.0,1.0,1.0,0.0,1.0,0.0,0.0,1.0,1.0,0.0,,,1.0,1.0,1.0,1.0,0.0,0.0,1.0,0.0,0.0,,,,1.0,0.0,0.0,,1.0,,,,,0.0,0.0,0.0,1.0,1.0,,1.0,0.0,1.0,1.0,1.0,0.0,,1.0,0.0,1.0,0.0,0.0,0.0,0.0,1.0,0.0,,,0.0,0.0,0.0,0.0,0.0,0.0,0.0,0.0,0.0,0.0,0.0,1.0,1.0,0.0,1.0,1.0,,1.0,,0.0,1.0,0.0,0.0,0.0,0.0,0.0,1.0,0.0,1.0,1.0,,1.0,0.0,,,1.0,1.0,0.0,1.0,0.0,1.0,1.0,0.0,,0.0,,0.0,0.0,1.0,,,0.0,1.0,0.0,1.0,0.0,0.0,0.0,1.0,1.0,1.0,1.0,0.0,0.0,0.0,0.0,0.0,,,1.0,0.0,1.0,,1.0,,1.0,0.0,1.0,1.0,,1.0,1.0,1.0,0.0,0.0,1.0,,1.0,1.0,,,,,,,,,,,0.0,1.0,0.0,0.0,0.0,1.0,1.0,0.0,,0.0,1.0,0.0,0.0,0.0,1.0,0.0,1.0,1.0,1.0,0.0,1.0,0.0,0.0,1.0,1.0,0.0,0.0,,,,,,0.0,1.0,0.0,1.0,0.0,0.0,0.0,,,,,1.0,1.0,,,1.0,0.0,0.0,0.0,0.0,0.0,0.0,1.0,0.0,0.0,,1.0,1.0,,0.0,1.0,1.0,1.0,0.0,1.0,,0.0,0.0,1.0,1.0,1.0,0.0,0.0,0.0,0.0,0.0,,,0.0,1.0,,,1.0,1.0,0.0,,,,1.0,,1.0,0.0,,,,,,1.0,1.0,,,,,,,,,1.0,,,1.0,1.0,1.0,0.0,1.0,1.0,1.0,1.0,1.0,0.0,0.0,1.0,,0.0,0.0,1.0,1.0,1.0,1.0,0.0,0.0,1.0,,1.0,0.0,1.0,0.0,0.0,0.0,0.0,1.0,1.0,,,,,0.0,0.0,0.0,1.0,0.0,1.0,1.0,1.0,,0.0,,1.0,0.0,0.0,,0.0,0.0,0.0,,,,,1.0,0.0,1.0,0.0,0.0,0.0,1.0,1.0,,1.0,1.0,1.0,1.0,,,0.0,0.0,1.0,1.0,1.0,0.0,1.0,,1.0,1.0,,,,1.0,1.0,1.0,1.0,1.0,0.0,,1.0,0.0,0.0,0.0,0.0,1.0,,,,,0.0,,,,0.0,
José Maia Filho,1.0,,,1.0,,1.0,1.0,1.0,,1.0,0.0,,1.0,0.0,,1.0,1.0,1.0,1.0,,1.0,1.0,1.0,1.0,1.0,,,,,,,,1.0,,,1.0,1.0,1.0,,,,,,,0.0,1.0,,,,,,,,,,,,,,,,1.0,,,,,,,,,,,,,,,,,,,,,,,,,,,,,,,,,,,,1.0,,,,,,,,,,1.0,,,,,,,,,,,,,,,,,,,,,,,,,,,,,,,,,,,,,,,,,,0.0,,,,,,,,,,,,,,,,,1.0,,,,,0.0,,,,,1.0,0.0,1.0,,,,,,,,,,,,,,,,,,,,,,,,,,,,,,,,,,,,,,,,,,,,,,,,,,,,,,,,,,1.0,0.0,1.0,1.0,,1.0,,0.0,,,,,,1.0,1.0,1.0,,,,,,1.0,1.0,,0.0,1.0,1.0,0.0,0.0,1.0,,,1.0,,,,,0.0,0.0,,,,1.0,1.0,1.0,,,0.0,0.0,1.0,,,,1.0,1.0,1.0,1.0,,,1.0,0.0,0.0,1.0,,1.0,,,,,,1.0,0.0,1.0,,,,,0.0,1.0,0.0,,1.0,1.0,1.0,0.0,1.0,1.0,1.0,1.0,1.0,,,,,0.0,1.0,,1.0,,,,,,,,0.0,1.0,,,,,,,0.0,,,,,,,,,0.0,0.0,0.0,,1.0,1.0,,,0.0,1.0,0.0,1.0,0.0,,,,,,,,1.0,1.0,,,,,,,,0.0,,,1.0,1.0,,1.0,,1.0,,1.0,1.0,1.0
José Mendonça Bezerra,,0.0,1.0,1.0,,1.0,1.0,1.0,1.0,1.0,,0.0,1.0,,1.0,1.0,1.0,1.0,1.0,1.0,1.0,1.0,1.0,1.0,1.0,0.0,,,,,,1.0,,1.0,,,1.0,1.0,1.0,,,,,,0.0,,,,,,0.0,,,,,,1.0,,,,1.0,1.0,,,0.0,,,,,0.0,1.0,,,,,,1.0,,,1.0,,,,,,,,1.0,1.0,,,1.0,,1.0,,,,1.0,,,0.0,,,,1.0,,,,0.0,1.0,,1.0,1.0,,0.0,0.0,,,,,1.0,1.0,1.0,1.0,,,,,,,0.0,1.0,1.0,0.0,,1.0,,,,,0.0,,,,,,,,,0.0,,0.0,0.0,0.0,0.0,0.0,0.0,,1.0,,0.0,0.0,,1.0,,0.0,,0.0,0.0,,,,,,0.0,,,,,,,1.0,,,0.0,0.0,,,,0.0,1.0,0.0,0.0,1.0,0.0,0.0,,0.0,,,,,,,,,,,,,,,,,,,,,,,,,1.0,1.0,,,,,,1.0,,,,,,,1.0,0.0,,,,1.0,0.0,,,,,,,,,,,,1.0,0.0,0.0,1.0,0.0,,,,,0.0,0.0,1.0,,,1.0,,,0.0,,0.0,,,,1.0,,1.0,1.0,,0.0,1.0,0.0,,0.0,0.0,,1.0,0.0,1.0,,0.0,,,0.0,,1.0,0.0,,,,,,0.0,1.0,0.0,1.0,0.0,,1.0,,,1.0,0.0,0.0,,,,,1.0,1.0,,,,,,,,0.0,1.0,1.0,1.0,1.0,0.0,,0.0,0.0,,,,1.0,1.0,,,,,,,,,,,,,,,0.0,0.0,0.0,1.0,,,,,,1.0,,1.0,0.0,,,,,,,1.0,,,1.0,,,,,,,,1.0,,,,,,,,,1.0,,1.0
José Mentor,,1.0,0.0,1.0,1.0,1.0,,1.0,,0.0,0.0,0.0,,,1.0,1.0,1.0,,1.0,1.0,1.0,1.0,1.0,,1.0,1.0,,,0.0,0.0,1.0,,,1.0,0.0,1.0,1.0,1.0,0.0,0.0,0.0,1.0,,0.0,1.0,0.0,1.0,1.0,0.0,0.0,,1.0,1.0,1.0,1.0,,0.0,0.0,0.0,1.0,1.0,1.0,1.0,0.0,1.0,,1.0,0.0,,,0.0,1.0,0.0,0.0,0.0,0.0,,,0.0,0.0,,0.0,0.0,0.0,0.0,0.0,0.0,,0.0,,,0.0,1.0,0.0,,1.0,1.0,1.0,1.0,0.0,,,,,,0.0,,0.0,,1.0,,1.0,0.0,1.0,1.0,1.0,1.0,,1.0,0.0,,1.0,0.0,1.0,,,,1.0,0.0,1.0,0.0,,1.0,0.0,1.0,0.0,,0.0,0.0,1.0,1.0,,,,,0.0,0.0,,0.0,1.0,0.0,1.0,,1.0,1.0,1.0,0.0,1.0,,,1.0,,,,,,1.0,,1.0,0.0,1.0,0.0,,0.0,1.0,0.0,0.0,,0.0,0.0,1.0,,,0.0,1.0,,,,0.0,1.0,0.0,,,,,,1.0,1.0,0.0,,0.0,,1.0,1.0,,,,0.0,,1.0,1.0,,1.0,,1.0,,0.0,0.0,,,,,0.0,1.0,,,1.0,,,0.0,0.0,0.0,,1.0,0.0,0.0,,1.0,1.0,1.0,0.0,0.0,1.0,,0.0,1.0,0.0,0.0,0.0,0.0,0.0,1.0,0.0,,0.0,,0.0,0.0,1.0,0.0,1.0,,1.0,1.0,1.0,0.0,,,0.0,1.0,0.0,,0.0,1.0,1.0,0.0,1.0,0.0,1.0,,0.0,,1.0,,0.0,0.0,0.0,,,1.0,1.0,,0.0,1.0,0.0,,1.0,,1.0,1.0,0.0,,,,,,1.0,1.0,0.0,1.0,0.0,0.0,1.0,0.0,,0.0,,1.0,0.0,0.0,0.0,1.0,0.0,,1.0,1.0,0.0,0.0,0.0,,1.0,,1.0,0.0,1.0,,,,1.0,,0.0,1.0,0.0,0.0,,0.0,0.0,0.0,0.0,,0.0,,0.0,0.0,,,,0.0,,1.0,1.0,,1.0,1.0,0.0,,1.0,0.0,1.0,,0.0,1.0,,1.0,,0.0,,1.0,1.0,1.0,1.0,1.0,0.0,1.0,,0.0,0.0,0.0,0.0,,1.0,1.0,,1.0,0.0,1.0,,1.0,1.0,
José Múcio Monteiro,,1.0,0.0,,,,,,1.0,,,,,,,,,,,,,,,,,1.0,,,0.0,,,,,,,,,,0.0,,,,,,,,,1.0,,0.0,1.0,1.0,1.0,1.0,1.0,,,0.0,0.0,1.0,,,1.0,0.0,,1.0,,0.0,0.0,1.0,0.0,1.0,0.0,0.0,,0.0,,0.0,0.0,0.0,0.0,0.0,,,,0.0,0.0,0.0,0.0,0.0,,0.0,,0.0,1.0,,,,1.0,0.0,,0.0,,,0.0,,,,1.0,1.0,0.0,1.0,0.0,1.0,1.0,1.0,,,1.0,0.0,1.0,1.0,0.0,,0.0,,0.0,,0.0,1.0,,,1.0,0.0,1.0,0.0,,0.0,0.0,,,1.0,0.0,,0.0,,,,,,,,0.0,1.0,,,,,,,,,,,,,,,,,,,,,,,,,,,,,,,,,,,,,,,,,,,,,,,,,,,,,,,,,,,,,,,,,,,,,,,,,,,,,,,,,,,,,,,,,,,,,,,,,,,,,,,,,,,,,,,,,,,,,,,,,,,,,,,,,,,,,,,,,,,,,,,,,,,,,,,,,,,,,,,,,,,,,,,,,,,,,,,,,,,,,,,,,,,,,,,,,,,,,,,,,,,,,,,,,,,,,,,,,,,,,,,,,,,,,,,,,,,,,,,,,,,,,,
José Otávio Germano,1.0,,0.0,1.0,1.0,1.0,,,,,,,,0.0,1.0,,,,1.0,1.0,1.0,1.0,1.0,1.0,1.0,1.0,0.0,1.0,,0.0,1.0,1.0,,1.0,0.0,,,1.0,1.0,,,,,,,,0.0,1.0,,,,,,,,1.0,0.0,0.0,0.0,1.0,,,1.0,0.0,1.0,,1.0,0.0,0.0,1.0,1.0,1.0,,0.0,0.0,0.0,1.0,,,,0.0,0.0,0.0,0.0,0.0,0.0,0.0,,,0.0,0.0,1.0,1.0,0.0,1.0,1.0,,,,0.0,1.0,0.0,1.0,1.0,0.0,,1.0,0.0,1.0,,0.0,,1.0,1.0,1.0,1.0,,0.0,1.0,0.0,1.0,1.0,0.0,,0.0,1.0,0.0,0.0,0.0,1.0,,1.0,1.0,0.0,1.0,,0.0,0.0,0.0,1.0,0.0,1.0,0.0,0.0,0.0,0.0,0.0,,,,0.0,,0.0,,,,,1.0,,,,1.0,,,,1.0,0.0,,1.0,,,,,,,,,0.0,1.0,0.0,,,,,1.0,1.0,,1.0,,,,,1.0,1.0,0.0,,,1.0,0.0,,,,1.0,1.0,0.0,0.0,,0.0,,1.0,,0.0,1.0,,1.0,0.0,0.0,0.0,0.0,,1.0,0.0,,,,0.0,,,0.0,,,,,1.0,0.0,,,,,1.0,,,1.0,,,,,0.0,,1.0,1.0,,,,,,,,,0.0,,1.0,1.0,1.0,,,0.0,0.0,,1.0,0.0,1.0,,,,,,0.0,,,,0.0,1.0,,0.0,,0.0,1.0,,,0.0,1.0,,,,1.0,,,1.0,,,0.0,,,,0.0,,1.0,,1.0,,,,,0.0,0.0,1.0,,0.0,0.0,0.0,1.0,,1.0,,,,0.0,,,,,1.0,,,,0.0,,1.0,0.0,,,,,0.0,,0.0,,,,,,,,0.0,1.0,,0.0,,,,,1.0,1.0,,,,1.0,,1.0,,1.0,,,1.0,,1.0,1.0,,,,,,1.0,,,,0.0,,1.0,,,,1.0,,,,,,1.0
José Paulo Tóffano,,1.0,0.0,,,,1.0,,1.0,,,1.0,,0.0,1.0,0.0,1.0,1.0,,,,,,,,,,1.0,,0.0,,1.0,0.0,1.0,0.0,,1.0,1.0,0.0,,,1.0,,,,0.0,,1.0,0.0,,1.0,1.0,1.0,1.0,1.0,,1.0,0.0,0.0,1.0,1.0,,,0.0,,1.0,1.0,0.0,,1.0,1.0,1.0,,,,,,0.0,,1.0,,,,0.0,0.0,,0.0,0.0,0.0,,0.0,0.0,,,1.0,1.0,,1.0,,0.0,,,,,,,1.0,0.0,1.0,1.0,0.0,1.0,0.0,1.0,1.0,0.0,1.0,,,,,,0.0,1.0,,1.0,,,1.0,1.0,1.0,1.0,1.0,,,,0.0,0.0,,1.0,0.0,,0.0,,0.0,,,,1.0,1.0,0.0,0.0,0.0,,1.0,1.0,0.0,1.0,1.0,1.0,,0.0,1.0,0.0,,1.0,,1.0,1.0,0.0,,,1.0,,,,0.0,0.0,,0.0,,,,0.0,,,0.0,,,,,0.0,1.0,,0.0,,,0.0,,,,,,,0.0,,,0.0,,0.0,0.0,,,,,,0.0,0.0,0.0,0.0,1.0,0.0,0.0,1.0,0.0,,1.0,,0.0,,,0.0,,,0.0,0.0,,1.0,1.0,,0.0,,,,,,,,0.0,1.0,1.0,1.0,,0.0,,,,,1.0,,,,,,0.0,0.0,,,,,,0.0,,1.0,1.0,0.0,1.0,0.0,1.0,,0.0,0.0,,,,0.0,,1.0,,1.0,,1.0,,,,,1.0,,1.0,1.0,,,,,,,1.0,,,,,,1.0,1.0,0.0,0.0,0.0,0.0,0.0,0.0,1.0,1.0,1.0,1.0,1.0,1.0,,,,,,0.0,,1.0,,,0.0,,,,,1.0,,0.0,,,,0.0,0.0,,,,,,,,,,1.0,1.0,1.0,,1.0,1.0,,0.0,1.0,1.0,,,,,1.0,1.0,,0.0,,,,,,1.0,0.0,1.0,0.0,0.0,0.0,,0.0,1.0,,,1.0,,1.0,1.0,,,,
José Pimentel,1.0,,,,,,,,,0.0,,,,,,,1.0,1.0,1.0,1.0,1.0,1.0,1.0,1.0,1.0,1.0,,1.0,0.0,0.0,1.0,,,,,1.0,,,0.0,,,,,,,,,1.0,0.0,0.0,1.0,1.0,1.0,1.0,1.0,,0.0,,0.0,,,,1.0,0.0,1.0,1.0,1.0,0.0,,1.0,0.0,,0.0,0.0,,0.0,0.0,0.0,0.0,0.0,0.0,0.0,0.0,0.0,0.0,,0.0,0.0,0.0,0.0,,0.0,1.0,,1.0,1.0,,,,0.0,,0.0,0.0,0.0,0.0,,,,1.0,1.0,0.0,1.0,,1.0,,1.0,,0.0,1.0,,0.0,1.0,0.0,1.0,,,0.0,1.0,0.0,1.0,0.0,1.0,1.0,0.0,1.0,,,,,,,,0.0,0.0,0.0,0.0,,0.0,1.0,,0.0,,,,1.0,1.0,,1.0,1.0,,1.0,1.0,1.0,,,,,1.0,1.0,,1.0,,,,,,,,,0.0,,0.0,,,1.0,,0.0,1.0,0.0,1.0,,0.0,1.0,,0.0,1.0,,1.0,0.0,,0.0,0.0,1.0,1.0,,,,,,,,,,0.0,1.0,0.0,,,,,,,,,,,,,,,,,,,,,,,,,,,,,,,,,,,,,,,,,,,,,,,,,,,,,,,,,,,,,,,,,,,,,,,,,,,,,,,,,,,,,,,,,,,,,,,,,,,,,,,,,,,,,,,,,,,,,,,,,,,,,,1.0,,,,,,,,,,,,,,,,,,,,,,1.0,,,,0.0,1.0,0.0,1.0,1.0,,,,,,,1.0,1.0,,1.0,,1.0,0.0,,,0.0,,1.0,1.0,1.0,,,0.0,1.0,1.0,1.0,0.0,
José Rocha,1.0,1.0,0.0,1.0,1.0,1.0,1.0,,1.0,1.0,0.0,,1.0,,1.0,1.0,0.0,1.0,1.0,,,,1.0,1.0,1.0,1.0,0.0,1.0,0.0,,1.0,1.0,0.0,0.0,0.0,,1.0,,1.0,0.0,0.0,1.0,,0.0,1.0,0.0,1.0,1.0,0.0,0.0,1.0,1.0,1.0,1.0,1.0,1.0,1.0,,,0.0,,1.0,1.0,,,0.0,1.0,,,1.0,1.0,,,,0.0,,,0.0,0.0,0.0,0.0,0.0,0.0,,0.0,0.0,0.0,0.0,0.0,,,1.0,,,1.0,1.0,1.0,,1.0,0.0,,,,,,,1.0,1.0,1.0,1.0,0.0,1.0,0.0,,,,,,,,1.0,1.0,0.0,1.0,0.0,1.0,,,1.0,1.0,,,1.0,,1.0,0.0,0.0,,0.0,1.0,1.0,1.0,,0.0,0.0,0.0,,0.0,1.0,1.0,0.0,1.0,,,,1.0,0.0,0.0,1.0,1.0,,1.0,1.0,,,1.0,1.0,1.0,1.0,,1.0,0.0,1.0,0.0,1.0,,0.0,0.0,1.0,0.0,1.0,0.0,0.0,0.0,1.0,1.0,,,,,,,,,0.0,,1.0,1.0,0.0,1.0,0.0,0.0,1.0,1.0,,0.0,,,,,,0.0,1.0,,1.0,0.0,0.0,0.0,0.0,,,,1.0,1.0,0.0,,,0.0,0.0,0.0,0.0,0.0,0.0,,0.0,0.0,,1.0,,1.0,0.0,0.0,,1.0,1.0,1.0,0.0,,0.0,1.0,1.0,1.0,0.0,0.0,0.0,,0.0,0.0,1.0,0.0,1.0,,1.0,,1.0,0.0,0.0,0.0,,1.0,0.0,,0.0,1.0,1.0,,1.0,0.0,1.0,1.0,,1.0,1.0,0.0,0.0,1.0,0.0,1.0,,1.0,1.0,1.0,1.0,1.0,1.0,,1.0,,1.0,,0.0,0.0,1.0,1.0,0.0,0.0,1.0,,,,0.0,,1.0,0.0,0.0,0.0,0.0,0.0,1.0,1.0,1.0,1.0,1.0,,1.0,1.0,0.0,,,,,0.0,,,1.0,,0.0,1.0,1.0,0.0,0.0,1.0,0.0,0.0,0.0,0.0,0.0,0.0,0.0,1.0,0.0,1.0,0.0,,0.0,0.0,0.0,0.0,,,,1.0,1.0,1.0,0.0,,1.0,0.0,1.0,,,1.0,,,1.0,0.0,1.0,1.0,,,1.0,1.0,0.0,1.0,0.0,0.0,,0.0,,,1.0,1.0,1.0,1.0,0.0,1.0,1.0,1.0,1.0,1.0
José Santana de Vasconcellos,1.0,1.0,0.0,1.0,1.0,1.0,1.0,,1.0,,,,,,,,,,1.0,1.0,1.0,1.0,1.0,1.0,1.0,1.0,,,,,,,,,,1.0,,1.0,1.0,,0.0,1.0,0.0,0.0,1.0,0.0,1.0,,0.0,0.0,1.0,1.0,1.0,1.0,1.0,1.0,0.0,,,,1.0,,,,,,,,,,,,,,,,,,,,,,,,,,,,,,,1.0,,,,,,,,,,,0.0,0.0,,0.0,1.0,0.0,1.0,1.0,0.0,,1.0,1.0,1.0,1.0,1.0,1.0,1.0,0.0,1.0,1.0,0.0,1.0,,1.0,0.0,0.0,,1.0,,0.0,,0.0,1.0,0.0,0.0,,0.0,1.0,1.0,1.0,0.0,0.0,0.0,,0.0,0.0,1.0,1.0,0.0,0.0,0.0,1.0,1.0,1.0,0.0,0.0,1.0,1.0,1.0,,,,,,,,1.0,0.0,1.0,0.0,1.0,,1.0,,,,1.0,0.0,1.0,0.0,,,1.0,,0.0,,,,,0.0,0.0,,0.0,1.0,1.0,1.0,,1.0,,,,,0.0,,0.0,0.0,0.0,1.0,,0.0,1.0,,,,,0.0,0.0,,,,0.0,1.0,0.0,0.0,,0.0,0.0,0.0,0.0,0.0,0.0,1.0,0.0,0.0,1.0,,1.0,1.0,0.0,0.0,1.0,,1.0,1.0,0.0,0.0,0.0,0.0,0.0,1.0,0.0,,,0.0,,,,0.0,,1.0,1.0,1.0,1.0,0.0,,,,1.0,0.0,1.0,0.0,,0.0,,1.0,0.0,,1.0,,,1.0,,,,,,1.0,,1.0,,,1.0,1.0,1.0,1.0,1.0,,,,0.0,1.0,1.0,0.0,,1.0,1.0,,1.0,0.0,0.0,,,,,,,,,,1.0,,1.0,,,,0.0,,,1.0,0.0,,,,,,1.0,,,0.0,1.0,0.0,0.0,,,,,,1.0,0.0,1.0,,,,0.0,,0.0,,1.0,1.0,1.0,1.0,,0.0,0.0,1.0,,,,,,,,1.0,0.0,1.0,1.0,,,1.0,1.0,,,,,0.0,0.0,,,,,1.0,1.0,0.0,1.0,1.0,1.0,1.0,1.0
Jovair Arantes,1.0,,,,,1.0,1.0,,1.0,1.0,,,,,1.0,,,,1.0,,1.0,,,1.0,1.0,1.0,,,0.0,0.0,,,0.0,1.0,,1.0,,1.0,1.0,0.0,,1.0,,0.0,,,,1.0,0.0,0.0,1.0,1.0,1.0,1.0,1.0,,0.0,0.0,0.0,1.0,1.0,1.0,,0.0,1.0,,1.0,,,,0.0,,0.0,,0.0,0.0,,0.0,0.0,,0.0,0.0,0.0,0.0,,0.0,0.0,0.0,0.0,0.0,0.0,,1.0,,,1.0,,,1.0,0.0,1.0,,,0.0,0.0,,,1.0,1.0,,0.0,1.0,,,1.0,1.0,,0.0,,0.0,1.0,1.0,,1.0,0.0,,0.0,0.0,1.0,1.0,1.0,0.0,1.0,0.0,1.0,0.0,,0.0,0.0,1.0,1.0,1.0,,0.0,0.0,,0.0,,,1.0,,,0.0,,,,,,1.0,1.0,1.0,1.0,,0.0,,,,,,,,0.0,1.0,0.0,1.0,0.0,0.0,,,0.0,,0.0,0.0,,1.0,,0.0,,0.0,1.0,1.0,,0.0,1.0,0.0,,1.0,1.0,0.0,1.0,,,1.0,,0.0,0.0,0.0,0.0,0.0,1.0,1.0,0.0,1.0,,1.0,0.0,0.0,,0.0,0.0,1.0,,1.0,,0.0,0.0,,,0.0,0.0,,0.0,,,,,1.0,,,,0.0,1.0,1.0,,0.0,,,,0.0,1.0,1.0,,,,0.0,,0.0,0.0,1.0,0.0,1.0,,,1.0,,0.0,,,,,,,0.0,1.0,,0.0,,,,1.0,,0.0,1.0,0.0,0.0,1.0,,,1.0,1.0,,1.0,,1.0,1.0,1.0,1.0,1.0,,,,0.0,1.0,1.0,,0.0,,1.0,1.0,1.0,,,,,0.0,0.0,,,1.0,1.0,,,,1.0,1.0,1.0,0.0,,,,,0.0,1.0,,1.0,1.0,0.0,1.0,,,,1.0,0.0,,,0.0,0.0,,0.0,1.0,0.0,1.0,0.0,0.0,,,0.0,,,,,1.0,,1.0,,,1.0,,0.0,,0.0,1.0,1.0,,,0.0,,1.0,1.0,1.0,,,0.0,1.0,,0.0,0.0,0.0,,,1.0,1.0,,,,1.0,1.0,1.0,1.0,
João Almeida,1.0,0.0,1.0,1.0,1.0,1.0,,1.0,1.0,0.0,0.0,1.0,1.0,0.0,1.0,0.0,1.0,1.0,1.0,1.0,1.0,1.0,1.0,1.0,1.0,0.0,,1.0,,,,1.0,1.0,1.0,0.0,1.0,1.0,1.0,1.0,,,,,,0.0,1.0,0.0,1.0,,,0.0,,,,,,0.0,,,0.0,,1.0,,,0.0,0.0,0.0,,,0.0,1.0,0.0,0.0,,1.0,,0.0,1.0,,,0.0,0.0,0.0,0.0,0.0,,0.0,1.0,0.0,0.0,,1.0,1.0,0.0,0.0,0.0,1.0,1.0,1.0,1.0,,0.0,,,1.0,0.0,,1.0,0.0,0.0,,1.0,0.0,0.0,0.0,0.0,,,1.0,0.0,1.0,1.0,1.0,1.0,,1.0,1.0,0.0,1.0,,0.0,0.0,1.0,1.0,,,,,0.0,,0.0,,,,,,,,,0.0,1.0,0.0,,0.0,0.0,0.0,1.0,0.0,,,0.0,0.0,,1.0,,0.0,0.0,0.0,1.0,,,,,,,,1.0,0.0,1.0,,,,,,0.0,0.0,,0.0,,0.0,,0.0,0.0,1.0,1.0,,,0.0,,,,,,,,,,,,0.0,,,,,,,,,,0.0,,,1.0,,0.0,,1.0,1.0,,,,,,0.0,,,1.0,0.0,1.0,0.0,,1.0,0.0,0.0,,,,,1.0,1.0,0.0,0.0,1.0,1.0,,1.0,1.0,1.0,0.0,1.0,0.0,,0.0,0.0,0.0,1.0,0.0,0.0,1.0,0.0,,,1.0,0.0,,0.0,0.0,,0.0,,,1.0,,0.0,0.0,1.0,,0.0,1.0,1.0,1.0,1.0,1.0,0.0,0.0,0.0,0.0,0.0,1.0,0.0,1.0,1.0,0.0,1.0,,,,1.0,1.0,0.0,,,,1.0,1.0,0.0,0.0,0.0,0.0,0.0,0.0,1.0,1.0,0.0,1.0,1.0,1.0,,,,0.0,1.0,0.0,1.0,1.0,0.0,,0.0,0.0,0.0,0.0,0.0,1.0,1.0,0.0,,,,,,,,,,0.0,,,,0.0,0.0,0.0,1.0,1.0,1.0,,,,0.0,,1.0,0.0,1.0,,,0.0,,0.0,,0.0,0.0,1.0,0.0,,,,,,,,,1.0,1.0,0.0,,,1.0,1.0,1.0,1.0,
João Bittar,,1.0,0.0,,1.0,1.0,1.0,1.0,,,0.0,,1.0,0.0,1.0,,,,,,,,,,,1.0,0.0,1.0,,0.0,1.0,1.0,1.0,,,1.0,,1.0,1.0,,,,,,,,,1.0,0.0,0.0,,,,,,1.0,0.0,0.0,,1.0,1.0,,,0.0,1.0,1.0,1.0,0.0,0.0,1.0,0.0,1.0,0.0,,,0.0,1.0,0.0,0.0,0.0,0.0,,0.0,,0.0,0.0,,,,0.0,,,,,1.0,1.0,,,1.0,0.0,,0.0,0.0,0.0,0.0,0.0,1.0,0.0,1.0,0.0,,1.0,1.0,1.0,1.0,1.0,1.0,0.0,1.0,0.0,1.0,1.0,,,,1.0,,1.0,0.0,,0.0,1.0,1.0,,1.0,,0.0,,0.0,1.0,0.0,1.0,0.0,0.0,0.0,0.0,0.0,,1.0,1.0,0.0,1.0,0.0,1.0,1.0,1.0,0.0,1.0,1.0,1.0,,1.0,1.0,0.0,0.0,1.0,,1.0,,,1.0,0.0,,0.0,1.0,,1.0,0.0,1.0,,,0.0,0.0,,1.0,1.0,0.0,1.0,0.0,1.0,0.0,1.0,1.0,1.0,0.0,1.0,,1.0,0.0,1.0,0.0,0.0,1.0,,0.0,0.0,,1.0,1.0,0.0,,,,0.0,,,0.0,,,,,,,1.0,,,,,,0.0,,,,,,,1.0,,,,0.0,1.0,1.0,1.0,,1.0,,0.0,,,,,0.0,0.0,,0.0,0.0,0.0,1.0,,,,,,0.0,0.0,0.0,0.0,1.0,1.0,,0.0,0.0,0.0,1.0,0.0,1.0,,,1.0,1.0,,,,0.0,1.0,,,1.0,1.0,1.0,1.0,1.0,1.0,0.0,0.0,1.0,1.0,1.0,1.0,,,,,,0.0,1.0,1.0,1.0,1.0,,0.0,1.0,,1.0,0.0,0.0,1.0,1.0,0.0,0.0,1.0,1.0,1.0,1.0,1.0,0.0,0.0,0.0,1.0,0.0,1.0,,,,,0.0,1.0,1.0,,,,,,,,0.0,0.0,,0.0,,,,,,,,,1.0,1.0,1.0,1.0,1.0,1.0,,,0.0,1.0,,1.0,1.0,,,,,0.0,,1.0,1.0,1.0,,,0.0,1.0,0.0,,,,1.0,,,,,,,,1.0,,,
João Campos,1.0,0.0,,1.0,1.0,1.0,1.0,0.0,1.0,0.0,0.0,0.0,1.0,0.0,1.0,,,,,1.0,1.0,1.0,1.0,1.0,1.0,0.0,,,,,,1.0,,0.0,0.0,1.0,1.0,1.0,1.0,,,,,,0.0,1.0,0.0,1.0,,,0.0,,,,,1.0,0.0,,,0.0,1.0,,,,0.0,,0.0,,,,1.0,,,,,,0.0,,,,,0.0,0.0,0.0,0.0,,0.0,1.0,0.0,0.0,,,,,0.0,0.0,,1.0,1.0,,0.0,,,,1.0,,,,0.0,,,,0.0,0.0,0.0,0.0,,,,,1.0,1.0,1.0,1.0,,1.0,,0.0,1.0,,0.0,0.0,,1.0,,,,,0.0,,0.0,,,,,,,,,0.0,,0.0,,,0.0,0.0,0.0,0.0,,1.0,,0.0,,1.0,,,0.0,,1.0,,,,,,,,,0.0,1.0,,,,,,0.0,,,0.0,1.0,0.0,0.0,0.0,0.0,1.0,,0.0,,0.0,,,,,,,,,,,,0.0,,,0.0,,,,,,,,,0.0,1.0,1.0,,1.0,1.0,,,,,,,0.0,,,1.0,0.0,,,,1.0,0.0,0.0,,,,,,,,,1.0,,,,,,0.0,,,,0.0,0.0,,0.0,,0.0,1.0,,,0.0,,0.0,0.0,1.0,0.0,,,1.0,1.0,1.0,1.0,,,1.0,,0.0,1.0,1.0,,,1.0,1.0,0.0,0.0,0.0,,1.0,0.0,1.0,,,,,,1.0,,,0.0,,,,1.0,,0.0,0.0,0.0,1.0,,,,,1.0,1.0,1.0,1.0,,,,0.0,1.0,1.0,,1.0,0.0,,0.0,0.0,0.0,0.0,0.0,,,0.0,,,,,1.0,,,,,0.0,,,,,,0.0,1.0,,1.0,,,,1.0,,,0.0,,,,0.0,0.0,0.0,1.0,1.0,1.0,1.0,,,,,,,,,,1.0,1.0,0.0,,,1.0,,0.0,0.0,
João Carlos Bacelar,,,,,,1.0,1.0,1.0,,1.0,,0.0,,,1.0,,,1.0,,,,,,,,1.0,0.0,1.0,0.0,0.0,1.0,1.0,,,,1.0,1.0,1.0,,,,,0.0,0.0,1.0,,,,,,1.0,1.0,1.0,1.0,1.0,,0.0,,,,0.0,,1.0,,,,1.0,,0.0,,0.0,1.0,,,,,,0.0,0.0,0.0,0.0,,0.0,,,,0.0,0.0,,,,1.0,1.0,0.0,1.0,1.0,,,,0.0,1.0,0.0,0.0,0.0,,,,,,1.0,0.0,1.0,,,1.0,1.0,,1.0,,1.0,1.0,1.0,0.0,1.0,0.0,1.0,0.0,0.0,1.0,1.0,1.0,0.0,,0.0,,0.0,0.0,0.0,,,1.0,,,,,,,,,1.0,,1.0,,,,,,0.0,1.0,,1.0,1.0,1.0,,0.0,1.0,1.0,1.0,,0.0,1.0,,,,,0.0,,0.0,1.0,,,,,0.0,,,,1.0,,1.0,0.0,0.0,0.0,,0.0,,1.0,,,1.0,,,,1.0,0.0,,,,0.0,,,,1.0,,,0.0,,0.0,,0.0,1.0,,1.0,1.0,0.0,0.0,1.0,,0.0,0.0,0.0,,,,,,1.0,1.0,1.0,1.0,,0.0,1.0,,,,0.0,,,,,,0.0,,,,,,,,,1.0,1.0,1.0,1.0,0.0,,,,,0.0,,0.0,,,0.0,1.0,0.0,,1.0,0.0,,,,,,,,1.0,1.0,1.0,,1.0,,,,1.0,1.0,,,0.0,,1.0,1.0,,,,,0.0,,,,,0.0,,,,1.0,1.0,1.0,1.0,,1.0,1.0,1.0,,0.0,,0.0,,1.0,0.0,,,1.0,,,,,0.0,,,,0.0,0.0,,,,,,0.0,,0.0,,0.0,,0.0,0.0,,,,,,1.0,,,,,,,,,1.0,,,,,,1.0,1.0,,,,,0.0,0.0,0.0,,,,1.0,1.0,1.0,1.0,,1.0,,,,1.0
João Dado,1.0,1.0,0.0,1.0,1.0,1.0,1.0,1.0,,1.0,,1.0,1.0,0.0,1.0,0.0,1.0,1.0,1.0,1.0,1.0,1.0,1.0,0.0,1.0,1.0,0.0,1.0,0.0,0.0,1.0,1.0,,1.0,0.0,,,,0.0,0.0,0.0,1.0,0.0,,1.0,0.0,1.0,1.0,0.0,,1.0,1.0,1.0,1.0,1.0,1.0,1.0,0.0,0.0,1.0,,1.0,,0.0,1.0,1.0,,,,1.0,0.0,1.0,0.0,0.0,0.0,,1.0,0.0,0.0,0.0,0.0,0.0,0.0,0.0,0.0,0.0,0.0,0.0,,0.0,,0.0,,0.0,1.0,,,,1.0,,,0.0,1.0,1.0,0.0,0.0,1.0,0.0,1.0,1.0,0.0,0.0,0.0,,,0.0,1.0,,1.0,0.0,1.0,0.0,0.0,,,1.0,0.0,0.0,1.0,,1.0,0.0,0.0,,1.0,,0.0,0.0,0.0,1.0,0.0,1.0,,0.0,0.0,0.0,,,1.0,1.0,0.0,1.0,0.0,1.0,1.0,1.0,0.0,1.0,1.0,,,1.0,1.0,1.0,0.0,1.0,1.0,1.0,1.0,,1.0,,,0.0,1.0,0.0,0.0,,1.0,,1.0,0.0,,,1.0,1.0,0.0,1.0,0.0,,,1.0,1.0,1.0,0.0,1.0,,1.0,0.0,,,0.0,1.0,,0.0,0.0,0.0,,0.0,1.0,1.0,,,,,,,0.0,0.0,,1.0,,,,,,1.0,,0.0,0.0,0.0,0.0,0.0,1.0,0.0,0.0,1.0,1.0,,1.0,0.0,1.0,,1.0,0.0,,,0.0,0.0,0.0,0.0,0.0,,,0.0,0.0,0.0,,1.0,,,,1.0,1.0,,0.0,0.0,0.0,1.0,,,,,1.0,1.0,0.0,1.0,0.0,1.0,1.0,,0.0,1.0,,,,0.0,1.0,,,,,1.0,1.0,0.0,1.0,1.0,1.0,1.0,1.0,,0.0,1.0,1.0,,,1.0,,0.0,1.0,0.0,0.0,1.0,,0.0,0.0,0.0,0.0,0.0,,,,1.0,1.0,1.0,,,0.0,0.0,1.0,1.0,,1.0,,1.0,1.0,,1.0,1.0,0.0,0.0,1.0,,,0.0,0.0,0.0,0.0,0.0,1.0,,1.0,0.0,0.0,0.0,,0.0,0.0,1.0,1.0,1.0,,1.0,1.0,0.0,0.0,1.0,1.0,0.0,0.0,1.0,,1.0,1.0,1.0,0.0,1.0,,,,1.0,,0.0,1.0,0.0,0.0,,0.0,0.0,1.0,1.0,1.0,1.0,0.0,0.0,1.0,1.0,1.0,1.0,1.0
João Herrmann,,,,,,,,,,,,,,,,,,,,,,,,,,,,,,,,,,,,,,,,,,,,,,,,,,,,,,,,,,,,,,,,,,,,,,,,,,,,,,,,,,,,,,,,,,,,,,,,,,,,,,,,,,,,,,,,,,,,,,,,,,,,,,,,,,,,,,,,,,,,,,,,,,,,,,,,,,,,,,,,,,,,,,,,,,,,,,,,,,,,,,,,,,,,,,,,,,,,,,,,,,,,,,,,,,,,,,,,,,,,,,,,,,,,,,,,,,,,,,,,,,,,,,,,,0.0,0.0,0.0,,0.0,,,0.0,,1.0,1.0,,,,,,,,,,,,,,,,,,,,,,,,,,,,,,,,,,,,,,,,,,,,,,,,,,,,,,,,,,,,,,,,,,,,,,,,,,,,,,,,,,,,,,,,,,,,,,,,,,,,,,,,,,,,,,,,,,,,,,,,,,,,,,,,,,,,,,,,,,,,,
João Leão,1.0,1.0,,1.0,,,1.0,1.0,,0.0,0.0,0.0,1.0,,,,,,1.0,1.0,1.0,1.0,1.0,1.0,1.0,1.0,0.0,,0.0,0.0,,1.0,,1.0,0.0,,,,1.0,0.0,0.0,1.0,0.0,0.0,1.0,0.0,1.0,,0.0,0.0,1.0,1.0,1.0,1.0,1.0,1.0,0.0,,0.0,1.0,0.0,,1.0,0.0,1.0,1.0,1.0,,0.0,1.0,0.0,1.0,,0.0,0.0,0.0,,,0.0,0.0,0.0,0.0,0.0,0.0,0.0,0.0,,0.0,0.0,0.0,0.0,1.0,1.0,0.0,1.0,1.0,,,1.0,0.0,1.0,0.0,0.0,,0.0,0.0,1.0,0.0,1.0,1.0,,1.0,0.0,1.0,1.0,1.0,1.0,,1.0,1.0,1.0,1.0,0.0,,,1.0,0.0,0.0,,,,0.0,1.0,0.0,,0.0,0.0,0.0,0.0,,,1.0,0.0,0.0,0.0,0.0,0.0,0.0,1.0,1.0,0.0,1.0,0.0,1.0,1.0,1.0,,1.0,1.0,,1.0,1.0,1.0,0.0,,,1.0,1.0,1.0,0.0,1.0,,,,,,,,,0.0,1.0,0.0,,0.0,1.0,,0.0,1.0,0.0,1.0,0.0,,,0.0,0.0,0.0,1.0,1.0,0.0,1.0,0.0,0.0,1.0,,0.0,0.0,0.0,,0.0,1.0,,0.0,1.0,0.0,1.0,0.0,,0.0,,,1.0,,,,,,,,0.0,0.0,0.0,0.0,0.0,0.0,0.0,,,,1.0,1.0,0.0,,1.0,1.0,0.0,1.0,0.0,0.0,0.0,0.0,0.0,,0.0,,0.0,,0.0,0.0,1.0,0.0,1.0,,1.0,1.0,1.0,0.0,0.0,,0.0,,,,,1.0,1.0,0.0,1.0,0.0,,,1.0,,1.0,0.0,0.0,,0.0,,,,,1.0,,,0.0,,,,1.0,,,,,,,,1.0,,,,,,,,0.0,0.0,1.0,,1.0,1.0,0.0,1.0,,,,,,,,,,,,,,,,,,,,1.0,,,,,,,,,,,,,,,,,,,,,,,,,,,1.0,,,1.0,,,1.0,0.0,1.0,,,,,1.0,0.0,,0.0,0.0,,,0.0,,1.0,1.0,1.0,1.0,0.0,1.0,,0.0,0.0,1.0
João Magalhães,1.0,1.0,0.0,0.0,,,1.0,1.0,1.0,1.0,0.0,0.0,1.0,,,1.0,0.0,,1.0,,1.0,1.0,1.0,1.0,1.0,,0.0,1.0,0.0,0.0,,1.0,0.0,0.0,0.0,1.0,1.0,1.0,1.0,0.0,0.0,1.0,0.0,0.0,1.0,0.0,1.0,1.0,,,1.0,1.0,1.0,1.0,1.0,1.0,0.0,,0.0,1.0,1.0,1.0,1.0,0.0,1.0,1.0,1.0,,,1.0,0.0,1.0,,,0.0,0.0,1.0,0.0,0.0,0.0,0.0,,0.0,0.0,0.0,0.0,,0.0,0.0,0.0,0.0,1.0,1.0,,1.0,,,1.0,1.0,0.0,1.0,0.0,,1.0,0.0,,1.0,0.0,1.0,1.0,0.0,1.0,,1.0,1.0,,1.0,1.0,1.0,0.0,1.0,1.0,0.0,1.0,0.0,1.0,0.0,1.0,0.0,1.0,0.0,1.0,1.0,0.0,,0.0,0.0,0.0,1.0,1.0,1.0,1.0,0.0,0.0,0.0,,0.0,,,1.0,0.0,0.0,0.0,1.0,1.0,1.0,0.0,,1.0,,1.0,1.0,1.0,,0.0,1.0,1.0,1.0,,,1.0,0.0,1.0,0.0,,0.0,0.0,0.0,1.0,,1.0,0.0,0.0,0.0,,1.0,0.0,,0.0,,,1.0,0.0,0.0,0.0,,1.0,1.0,0.0,1.0,0.0,0.0,1.0,1.0,,0.0,0.0,0.0,0.0,1.0,1.0,0.0,1.0,0.0,1.0,,0.0,0.0,,,,0.0,1.0,1.0,,,1.0,0.0,0.0,,0.0,0.0,,1.0,0.0,0.0,1.0,1.0,1.0,,0.0,1.0,1.0,1.0,0.0,,0.0,0.0,0.0,,1.0,1.0,0.0,,,0.0,0.0,0.0,1.0,0.0,1.0,1.0,,1.0,1.0,0.0,,,0.0,,,1.0,0.0,1.0,,,1.0,0.0,1.0,,,0.0,1.0,0.0,0.0,,0.0,,1.0,1.0,1.0,1.0,1.0,0.0,1.0,1.0,,1.0,1.0,,,,1.0,1.0,,0.0,1.0,1.0,,,0.0,0.0,1.0,,,,,,1.0,0.0,0.0,1.0,,,,1.0,0.0,0.0,0.0,1.0,,0.0,,1.0,1.0,,,1.0,1.0,0.0,,1.0,,0.0,0.0,,0.0,0.0,,,0.0,1.0,0.0,0.0,0.0,1.0,0.0,0.0,1.0,1.0,1.0,1.0,1.0,1.0,0.0,0.0,1.0,0.0,,,,1.0,1.0,,,,,1.0,1.0,1.0,1.0,,0.0,1.0,0.0,0.0,0.0,0.0,0.0,1.0,1.0,,1.0,0.0,0.0,1.0,,,1.0,1.0
João Maia,1.0,,0.0,1.0,0.0,1.0,1.0,,,0.0,0.0,0.0,,,,,,,1.0,,1.0,1.0,1.0,1.0,1.0,1.0,0.0,1.0,1.0,0.0,1.0,1.0,0.0,1.0,,,,1.0,1.0,,,,0.0,0.0,1.0,0.0,1.0,,,,1.0,,,,,,0.0,,,1.0,0.0,1.0,1.0,0.0,1.0,1.0,1.0,0.0,0.0,,,1.0,0.0,0.0,0.0,0.0,1.0,0.0,0.0,0.0,0.0,,,,0.0,0.0,0.0,0.0,0.0,,0.0,1.0,1.0,0.0,1.0,1.0,,,1.0,,1.0,,,,0.0,,,,1.0,1.0,0.0,,0.0,1.0,1.0,1.0,1.0,1.0,1.0,,1.0,1.0,0.0,1.0,,1.0,0.0,0.0,1.0,1.0,,0.0,,0.0,,0.0,0.0,0.0,,1.0,1.0,1.0,0.0,0.0,0.0,,0.0,0.0,1.0,,0.0,0.0,0.0,1.0,1.0,1.0,,0.0,1.0,1.0,1.0,1.0,1.0,0.0,0.0,1.0,,1.0,1.0,,,0.0,1.0,0.0,,,0.0,,,0.0,1.0,0.0,0.0,0.0,1.0,1.0,0.0,1.0,0.0,1.0,0.0,0.0,1.0,0.0,0.0,1.0,,1.0,0.0,,0.0,,1.0,1.0,0.0,0.0,,,,,,,1.0,0.0,,0.0,,0.0,,0.0,1.0,,,1.0,0.0,0.0,,0.0,0.0,0.0,0.0,0.0,0.0,1.0,0.0,0.0,1.0,,,,0.0,0.0,,,1.0,1.0,,0.0,0.0,1.0,0.0,,,,0.0,,,0.0,1.0,,1.0,1.0,1.0,1.0,1.0,,,,1.0,,,,,,,0.0,1.0,,,1.0,0.0,,1.0,0.0,1.0,1.0,,1.0,,1.0,1.0,1.0,,1.0,1.0,,,,,1.0,0.0,,,,,,,1.0,0.0,1.0,,0.0,1.0,,,,,,,,,,1.0,,,1.0,,,,,1.0,0.0,,0.0,,,0.0,1.0,1.0,,0.0,,0.0,0.0,,0.0,,0.0,0.0,,0.0,1.0,,0.0,,,,,1.0,1.0,1.0,,1.0,1.0,,0.0,1.0,,,,,,,,,,,,,,1.0,,0.0,1.0,0.0,0.0,0.0,0.0,0.0,,1.0,1.0,,,,,1.0,1.0,0.0,
João Matos,,,0.0,1.0,1.0,1.0,,1.0,1.0,1.0,0.0,0.0,1.0,,,,,,,1.0,1.0,1.0,1.0,1.0,1.0,1.0,0.0,1.0,0.0,0.0,1.0,1.0,0.0,,,,,1.0,1.0,0.0,0.0,1.0,,,,,1.0,1.0,,0.0,1.0,1.0,1.0,1.0,1.0,1.0,0.0,,,1.0,1.0,0.0,1.0,,,,1.0,0.0,0.0,1.0,1.0,,,0.0,,,,,,,,0.0,0.0,0.0,0.0,0.0,0.0,0.0,0.0,,0.0,,1.0,0.0,,1.0,1.0,,1.0,0.0,1.0,1.0,1.0,1.0,0.0,0.0,1.0,0.0,1.0,1.0,0.0,1.0,0.0,,1.0,1.0,1.0,0.0,1.0,0.0,1.0,1.0,1.0,1.0,0.0,1.0,0.0,0.0,0.0,1.0,0.0,1.0,1.0,0.0,1.0,0.0,0.0,0.0,1.0,1.0,1.0,1.0,0.0,0.0,0.0,0.0,,0.0,1.0,,0.0,1.0,0.0,,1.0,1.0,,1.0,1.0,1.0,1.0,1.0,1.0,0.0,0.0,1.0,1.0,1.0,1.0,,,0.0,,0.0,1.0,,0.0,0.0,1.0,0.0,,,0.0,,1.0,1.0,0.0,1.0,0.0,1.0,0.0,0.0,0.0,0.0,0.0,1.0,1.0,1.0,0.0,1.0,0.0,0.0,1.0,,0.0,0.0,0.0,0.0,0.0,1.0,1.0,0.0,1.0,0.0,1.0,0.0,0.0,0.0,,0.0,,,1.0,1.0,0.0,0.0,1.0,,0.0,0.0,0.0,0.0,0.0,1.0,,0.0,1.0,1.0,,1.0,0.0,1.0,,1.0,,,,,0.0,,1.0,,0.0,0.0,0.0,0.0,0.0,,,,,,,,1.0,0.0,0.0,0.0,1.0,,,1.0,,1.0,1.0,0.0,1.0,0.0,1.0,1.0,1.0,0.0,1.0,0.0,0.0,1.0,0.0,1.0,1.0,1.0,1.0,1.0,1.0,1.0,,1.0,1.0,1.0,1.0,1.0,,0.0,1.0,,,1.0,1.0,1.0,1.0,1.0,0.0,,,0.0,,1.0,0.0,0.0,,0.0,0.0,,1.0,1.0,1.0,1.0,,0.0,,,1.0,,,0.0,1.0,1.0,0.0,,1.0,0.0,,,,0.0,0.0,,0.0,,0.0,0.0,0.0,,0.0,0.0,0.0,1.0,0.0,0.0,1.0,,1.0,1.0,1.0,,,,,,1.0,,1.0,,1.0,1.0,1.0,,1.0,1.0,1.0,,1.0,1.0,,,,0.0,0.0,0.0,0.0,1.0,1.0,1.0,1.0,,0.0,,1.0,1.0,1.0,1.0
João Oliveira,1.0,0.0,1.0,1.0,1.0,1.0,,1.0,1.0,,1.0,,,0.0,1.0,1.0,1.0,1.0,1.0,1.0,1.0,1.0,1.0,1.0,1.0,0.0,,1.0,,,,1.0,1.0,0.0,0.0,1.0,1.0,1.0,1.0,,,,,,0.0,1.0,,1.0,,,0.0,,,,,1.0,1.0,,,0.0,,1.0,,,0.0,0.0,0.0,,,0.0,1.0,,,,,,,,,1.0,,1.0,,,,,,,,,,1.0,,,0.0,0.0,1.0,1.0,1.0,1.0,0.0,0.0,0.0,1.0,1.0,0.0,1.0,1.0,0.0,0.0,,1.0,0.0,0.0,0.0,0.0,,0.0,1.0,0.0,,0.0,1.0,1.0,0.0,1.0,,1.0,0.0,,0.0,1.0,1.0,0.0,,,,,0.0,,1.0,,,,,,,,,1.0,1.0,,,0.0,0.0,0.0,,0.0,1.0,,0.0,0.0,,1.0,,0.0,0.0,0.0,1.0,,,,,,,,,0.0,1.0,,,,,,0.0,0.0,,,,0.0,0.0,0.0,0.0,1.0,0.0,0.0,,0.0,,,,,,,,,,1.0,1.0,0.0,,,,,,,,,,,,,1.0,1.0,,,1.0,,,,,,,,,,,0.0,1.0,1.0,,1.0,,0.0,,,,,,1.0,1.0,1.0,,,,1.0,,1.0,1.0,,0.0,1.0,1.0,0.0,0.0,1.0,,,1.0,,,,,0.0,0.0,1.0,0.0,,1.0,1.0,1.0,1.0,0.0,0.0,0.0,1.0,0.0,0.0,1.0,1.0,1.0,1.0,,0.0,,,,,1.0,0.0,,,,,,,1.0,0.0,1.0,0.0,,,,0.0,1.0,0.0,0.0,1.0,0.0,,,,,1.0,1.0,1.0,1.0,,,,0.0,1.0,,1.0,,,,0.0,0.0,,,0.0,1.0,1.0,,,,,,1.0,,,,,,,,,0.0,0.0,0.0,1.0,1.0,,,,,1.0,0.0,,0.0,,,,,,,1.0,1.0,1.0,1.0,,,,,,,,1.0,0.0,,,0.0,1.0,,1.0,,0.0,1.0,1.0
João Paulo Cunha,1.0,,,1.0,1.0,1.0,1.0,1.0,,0.0,0.0,0.0,,0.0,1.0,,,,1.0,1.0,,1.0,1.0,1.0,1.0,1.0,0.0,1.0,0.0,,1.0,1.0,0.0,1.0,0.0,,1.0,1.0,0.0,0.0,,1.0,0.0,0.0,1.0,0.0,1.0,1.0,0.0,0.0,,,1.0,1.0,1.0,,0.0,0.0,0.0,1.0,,0.0,1.0,,1.0,,1.0,,,1.0,1.0,1.0,,0.0,0.0,,1.0,0.0,0.0,0.0,0.0,,0.0,0.0,0.0,,0.0,0.0,,0.0,,,1.0,0.0,1.0,1.0,1.0,1.0,,0.0,,,0.0,,0.0,0.0,1.0,0.0,1.0,1.0,0.0,1.0,,1.0,1.0,1.0,1.0,,,,,,0.0,,0.0,1.0,0.0,1.0,0.0,1.0,0.0,1.0,1.0,0.0,,,,,,,,1.0,,0.0,,,,,,,,,0.0,,1.0,1.0,0.0,,1.0,,1.0,1.0,1.0,0.0,,1.0,1.0,1.0,1.0,0.0,,0.0,1.0,,,0.0,0.0,0.0,,,,,,,1.0,1.0,0.0,,0.0,1.0,0.0,0.0,1.0,,0.0,,,1.0,,1.0,0.0,0.0,1.0,1.0,0.0,0.0,,,,,,,1.0,0.0,1.0,0.0,,,0.0,0.0,1.0,,0.0,,,,1.0,,0.0,,,,,,,,1.0,1.0,,,0.0,0.0,1.0,1.0,,,0.0,0.0,,,,,0.0,0.0,0.0,,0.0,0.0,1.0,,1.0,,,1.0,,0.0,0.0,,0.0,1.0,0.0,,0.0,1.0,1.0,0.0,1.0,,,,0.0,,1.0,0.0,,,,1.0,1.0,,1.0,,0.0,1.0,0.0,,1.0,1.0,,1.0,0.0,,1.0,1.0,,,1.0,,,1.0,,0.0,1.0,,1.0,1.0,0.0,1.0,0.0,0.0,0.0,1.0,,1.0,1.0,,0.0,0.0,0.0,,1.0,0.0,,0.0,,,,1.0,1.0,0.0,0.0,1.0,,0.0,0.0,,,,,,0.0,1.0,0.0,0.0,0.0,1.0,,,1.0,1.0,1.0,,1.0,1.0,0.0,0.0,1.0,0.0,,0.0,,1.0,1.0,,,,,1.0,1.0,1.0,1.0,1.0,0.0,1.0,,0.0,0.0,,,,1.0,1.0,1.0,,,1.0,1.0,,0.0,
João Pizzolatti,,,0.0,1.0,0.0,,1.0,,,1.0,,,,,1.0,,,,1.0,,1.0,,,,1.0,,,1.0,,0.0,,,0.0,,,,,,,,,,,,1.0,1.0,,,0.0,,1.0,1.0,1.0,1.0,1.0,,,,,,0.0,1.0,,0.0,,1.0,1.0,0.0,,,,,0.0,,,,,0.0,0.0,,,,0.0,,,0.0,,,0.0,,,1.0,,0.0,,,,,1.0,0.0,,,,,,0.0,,0.0,1.0,1.0,,,,1.0,,,1.0,,1.0,0.0,,,0.0,1.0,,1.0,,0.0,,,,0.0,1.0,,,,,,,1.0,1.0,,0.0,,,,,,,,,1.0,,,,,0.0,1.0,1.0,,1.0,,,0.0,,,,1.0,,,1.0,0.0,,,1.0,,,0.0,1.0,,,,,,,,0.0,,0.0,1.0,,0.0,1.0,,,1.0,,,,1.0,0.0,0.0,1.0,1.0,,0.0,,0.0,,1.0,1.0,,1.0,0.0,,0.0,,0.0,,,,0.0,0.0,1.0,,0.0,1.0,,,,,,0.0,1.0,,,1.0,1.0,,1.0,0.0,,1.0,,,,,0.0,0.0,,,0.0,,,0.0,,0.0,0.0,1.0,,1.0,,,1.0,1.0,0.0,0.0,0.0,0.0,,,,,1.0,1.0,0.0,,,1.0,,1.0,,1.0,,0.0,,,1.0,1.0,1.0,1.0,,1.0,1.0,,,1.0,1.0,,,0.0,,1.0,1.0,,,1.0,,1.0,1.0,,0.0,,,0.0,0.0,1.0,1.0,1.0,,,1.0,,,,,,,,,1.0,,,0.0,,,,,1.0,,0.0,,,,,0.0,0.0,0.0,0.0,,,1.0,0.0,0.0,,,0.0,,,,1.0,1.0,1.0,,0.0,,,0.0,1.0,0.0,,,,,,,,,,,,,,,,,,,,,,,,,,,,1.0,1.0,
Julio Semeghini,1.0,,,1.0,,1.0,1.0,1.0,1.0,0.0,0.0,,1.0,,1.0,1.0,1.0,1.0,1.0,,1.0,1.0,1.0,1.0,1.0,0.0,,,,,,1.0,,1.0,0.0,,1.0,1.0,1.0,,,,,,0.0,1.0,,1.0,,,0.0,,,,,1.0,0.0,,,0.0,1.0,,,,0.0,0.0,,,,,1.0,,,,,,,1.0,,1.0,0.0,0.0,0.0,,0.0,0.0,0.0,,0.0,0.0,0.0,,1.0,0.0,,0.0,,1.0,,,0.0,,0.0,,1.0,0.0,1.0,0.0,0.0,0.0,,1.0,1.0,,0.0,0.0,,1.0,1.0,0.0,0.0,,,1.0,,1.0,,0.0,1.0,,0.0,0.0,1.0,1.0,,,,,0.0,,,,,,,,,,,1.0,1.0,,,0.0,0.0,0.0,1.0,,1.0,1.0,0.0,0.0,,,,0.0,,0.0,1.0,,,,,,,,,,,,,,,,0.0,,,0.0,,0.0,0.0,0.0,0.0,1.0,1.0,,,0.0,,,,,,,,,,,,0.0,,,,,,,,,,0.0,,,1.0,1.0,,1.0,,,,,,,,,,,1.0,0.0,,,,1.0,0.0,0.0,,,,,,,,,1.0,,,,,1.0,0.0,,,,,0.0,0.0,0.0,,0.0,1.0,,,0.0,,,,,0.0,,,1.0,0.0,1.0,0.0,,,,,1.0,1.0,1.0,1.0,1.0,,1.0,,0.0,1.0,0.0,1.0,1.0,,1.0,0.0,1.0,1.0,0.0,1.0,1.0,1.0,0.0,,,,1.0,1.0,0.0,0.0,0.0,0.0,0.0,0.0,1.0,1.0,1.0,,1.0,,,,,0.0,1.0,1.0,1.0,,,,,,,,,1.0,1.0,,,,,,,,,,,,,,,0.0,0.0,0.0,,,1.0,,,,1.0,0.0,1.0,0.0,1.0,,,,,,,,,,,,,,,,,,0.0,1.0,1.0,,,,,1.0,0.0,1.0,
Julião Amin,1.0,1.0,0.0,1.0,1.0,1.0,1.0,1.0,1.0,0.0,,,1.0,0.0,1.0,0.0,1.0,1.0,1.0,,1.0,1.0,1.0,1.0,,1.0,0.0,1.0,0.0,0.0,1.0,1.0,0.0,,,1.0,,1.0,0.0,0.0,,1.0,0.0,0.0,1.0,0.0,1.0,1.0,0.0,0.0,1.0,1.0,1.0,1.0,1.0,,0.0,,0.0,0.0,1.0,,1.0,0.0,1.0,1.0,1.0,0.0,0.0,1.0,0.0,1.0,0.0,0.0,,,1.0,0.0,0.0,0.0,0.0,0.0,0.0,0.0,0.0,,0.0,0.0,0.0,0.0,,0.0,1.0,0.0,1.0,1.0,,1.0,,0.0,1.0,,,,0.0,0.0,1.0,0.0,1.0,1.0,0.0,1.0,0.0,1.0,,1.0,,,,,1.0,1.0,,,0.0,1.0,0.0,,1.0,,,,1.0,0.0,,0.0,,,1.0,1.0,1.0,,0.0,0.0,0.0,0.0,,,1.0,1.0,0.0,1.0,0.0,1.0,1.0,1.0,,1.0,1.0,1.0,1.0,1.0,1.0,0.0,0.0,1.0,1.0,1.0,,0.0,1.0,0.0,1.0,0.0,1.0,0.0,0.0,,1.0,0.0,1.0,,0.0,,1.0,1.0,0.0,1.0,,1.0,0.0,1.0,1.0,0.0,0.0,1.0,1.0,1.0,,,0.0,0.0,1.0,,,,,,,,,,,0.0,1.0,0.0,0.0,0.0,0.0,0.0,1.0,0.0,0.0,1.0,0.0,0.0,1.0,0.0,0.0,0.0,0.0,0.0,0.0,,0.0,0.0,1.0,1.0,1.0,1.0,0.0,1.0,1.0,,,1.0,0.0,0.0,0.0,0.0,0.0,1.0,0.0,0.0,1.0,,0.0,1.0,1.0,,,,1.0,1.0,1.0,,0.0,0.0,0.0,1.0,0.0,,0.0,1.0,1.0,0.0,1.0,0.0,1.0,,0.0,0.0,1.0,,0.0,0.0,,,,0.0,0.0,1.0,1.0,1.0,0.0,0.0,,,1.0,,0.0,0.0,1.0,1.0,0.0,,1.0,1.0,0.0,1.0,0.0,0.0,1.0,0.0,0.0,0.0,0.0,0.0,0.0,0.0,0.0,,1.0,1.0,1.0,1.0,,0.0,0.0,1.0,1.0,,1.0,0.0,1.0,,0.0,1.0,1.0,0.0,0.0,,0.0,0.0,0.0,0.0,0.0,0.0,0.0,1.0,0.0,1.0,0.0,0.0,0.0,1.0,,0.0,,,,1.0,1.0,1.0,0.0,0.0,1.0,,0.0,0.0,1.0,1.0,1.0,1.0,1.0,0.0,1.0,1.0,1.0,1.0,1.0,,0.0,,0.0,0.0,0.0,0.0,0.0,1.0,1.0,1.0,1.0,0.0,0.0,,1.0,1.0,1.0,1.0
Junior Marzola,,,,,,,,,,,,,,,,,,,,,,,,,,,,,,,,,,,,,,,,,,,,,,,,,,,,,,,,,,,,,,,,,,,,,,,,,,,,,,,,,,,,,,,,,,,,,,,,,,,,,,,,,,,,,,,,,,,,,,,,,,,,,,,,,,,,,,,,,,,,,,,,,,,,,,,,,,,,,,,,,,,,,,,,,,,,,,,,,,,,,,,,,,,,,,,,,,,,,,,,,,,,,,,,,,,,,,,,,,,,,,,,,,,,,,,,,,,,,,,,,,,,,,,,,,,,,,,,,,,,,,,,,,,,,,,,,,,,,,,,,,,,,,,,,,,,,,,,,,,,,,,,,,,,,,,,,,,,,,,,,,,,,,,,,,,,,,,,,,,,,,,,,,,,,,,,,,,,,,,,,,,,1.0,,,,,,,,,,,,,,,,,,,,0.0,,,1.0,,,,,,,,,,,,,
Jurandil Juarez,,1.0,0.0,1.0,,1.0,1.0,1.0,1.0,0.0,1.0,0.0,1.0,,,,,,1.0,1.0,1.0,1.0,1.0,1.0,1.0,1.0,0.0,1.0,0.0,0.0,1.0,1.0,0.0,,,1.0,1.0,1.0,1.0,0.0,0.0,1.0,0.0,0.0,1.0,0.0,1.0,1.0,0.0,0.0,,1.0,1.0,1.0,1.0,1.0,,0.0,0.0,1.0,,1.0,1.0,0.0,1.0,1.0,1.0,,0.0,1.0,0.0,1.0,0.0,0.0,0.0,0.0,1.0,0.0,0.0,0.0,0.0,0.0,0.0,0.0,0.0,0.0,0.0,0.0,0.0,0.0,0.0,1.0,1.0,0.0,,1.0,1.0,1.0,1.0,0.0,,0.0,1.0,1.0,0.0,0.0,1.0,0.0,1.0,1.0,0.0,1.0,1.0,,1.0,1.0,1.0,0.0,1.0,0.0,1.0,1.0,0.0,1.0,0.0,1.0,0.0,1.0,0.0,1.0,0.0,1.0,1.0,0.0,1.0,0.0,0.0,0.0,1.0,1.0,0.0,1.0,0.0,0.0,0.0,0.0,0.0,0.0,1.0,1.0,0.0,1.0,0.0,1.0,1.0,1.0,0.0,1.0,1.0,1.0,1.0,1.0,1.0,0.0,0.0,1.0,0.0,1.0,1.0,0.0,1.0,0.0,1.0,0.0,1.0,0.0,0.0,0.0,1.0,0.0,1.0,0.0,0.0,0.0,1.0,1.0,0.0,1.0,0.0,1.0,0.0,1.0,1.0,0.0,0.0,1.0,1.0,1.0,0.0,,0.0,0.0,,1.0,0.0,0.0,0.0,0.0,0.0,1.0,1.0,0.0,1.0,0.0,1.0,0.0,0.0,0.0,0.0,0.0,1.0,0.0,1.0,1.0,0.0,0.0,1.0,0.0,0.0,0.0,0.0,0.0,0.0,1.0,0.0,0.0,1.0,1.0,1.0,1.0,,1.0,1.0,,0.0,1.0,0.0,0.0,0.0,1.0,0.0,1.0,0.0,0.0,0.0,0.0,0.0,0.0,1.0,0.0,1.0,1.0,1.0,1.0,1.0,0.0,0.0,0.0,0.0,1.0,0.0,1.0,0.0,1.0,1.0,0.0,1.0,0.0,1.0,1.0,1.0,,,0.0,0.0,0.0,,,1.0,1.0,1.0,1.0,,,,,1.0,1.0,1.0,1.0,0.0,0.0,1.0,1.0,0.0,0.0,1.0,1.0,0.0,1.0,0.0,0.0,1.0,0.0,0.0,0.0,0.0,0.0,0.0,0.0,0.0,1.0,1.0,1.0,1.0,1.0,0.0,,,,1.0,0.0,1.0,0.0,1.0,1.0,0.0,1.0,1.0,,0.0,1.0,0.0,0.0,,0.0,0.0,0.0,0.0,1.0,0.0,1.0,0.0,0.0,,,0.0,0.0,1.0,1.0,1.0,1.0,1.0,1.0,0.0,0.0,1.0,,1.0,,1.0,1.0,1.0,1.0,1.0,0.0,1.0,1.0,1.0,1.0,1.0,1.0,0.0,1.0,0.0,0.0,0.0,,0.0,1.0,1.0,1.0,1.0,1.0,0.0,1.0,,,,1.0
Jurandy Loureiro,1.0,1.0,0.0,0.0,1.0,1.0,1.0,0.0,1.0,0.0,,0.0,1.0,0.0,1.0,0.0,1.0,1.0,1.0,1.0,1.0,1.0,1.0,1.0,1.0,1.0,0.0,1.0,,0.0,,1.0,0.0,0.0,1.0,1.0,1.0,1.0,1.0,0.0,,1.0,0.0,0.0,1.0,0.0,1.0,1.0,,,1.0,1.0,1.0,1.0,1.0,1.0,0.0,0.0,0.0,1.0,1.0,1.0,1.0,,1.0,1.0,1.0,,0.0,1.0,1.0,,0.0,0.0,,,1.0,0.0,0.0,0.0,0.0,0.0,0.0,,0.0,0.0,0.0,0.0,0.0,0.0,0.0,1.0,1.0,0.0,,1.0,1.0,1.0,0.0,0.0,,0.0,0.0,0.0,0.0,0.0,1.0,0.0,1.0,1.0,0.0,1.0,,,,0.0,1.0,0.0,1.0,0.0,,1.0,0.0,1.0,0.0,1.0,0.0,0.0,0.0,1.0,,0.0,1.0,0.0,,0.0,0.0,,1.0,,1.0,1.0,0.0,0.0,,0.0,0.0,0.0,1.0,1.0,0.0,0.0,0.0,1.0,1.0,1.0,,1.0,1.0,,1.0,1.0,,,,,1.0,,1.0,0.0,1.0,,,0.0,0.0,,0.0,,0.0,0.0,1.0,0.0,0.0,0.0,1.0,,0.0,1.0,,1.0,0.0,1.0,1.0,0.0,0.0,1.0,1.0,1.0,0.0,1.0,0.0,0.0,1.0,1.0,,,,,,,,,0.0,0.0,,0.0,,0.0,0.0,0.0,1.0,0.0,1.0,1.0,0.0,0.0,1.0,0.0,,0.0,0.0,1.0,,1.0,0.0,0.0,1.0,1.0,1.0,1.0,0.0,,1.0,1.0,0.0,1.0,,0.0,0.0,1.0,0.0,1.0,,,0.0,0.0,0.0,1.0,1.0,0.0,1.0,1.0,1.0,,1.0,0.0,,0.0,,1.0,1.0,,0.0,1.0,1.0,0.0,1.0,,1.0,1.0,0.0,0.0,1.0,,,,0.0,0.0,1.0,1.0,1.0,1.0,1.0,1.0,0.0,0.0,1.0,1.0,0.0,1.0,0.0,0.0,1.0,1.0,0.0,0.0,1.0,1.0,1.0,1.0,0.0,0.0,1.0,0.0,0.0,0.0,0.0,1.0,1.0,0.0,1.0,1.0,1.0,,1.0,,0.0,0.0,0.0,1.0,1.0,0.0,1.0,,1.0,1.0,0.0,1.0,1.0,0.0,,1.0,0.0,,0.0,,,,,1.0,,1.0,0.0,,0.0,1.0,0.0,0.0,1.0,1.0,1.0,,1.0,1.0,0.0,0.0,0.0,1.0,0.0,1.0,1.0,1.0,1.0,1.0,1.0,0.0,1.0,1.0,,1.0,,1.0,0.0,1.0,0.0,0.0,0.0,0.0,0.0,,1.0,1.0,1.0,1.0,0.0,1.0,1.0,0.0,0.0,1.0
Jusmari Oliveira,,1.0,0.0,,,,1.0,,1.0,,,,,,,,,,,,,,,,,1.0,0.0,1.0,0.0,,,,,,,,,,1.0,0.0,,,0.0,0.0,,,,1.0,,,1.0,1.0,1.0,1.0,1.0,,0.0,0.0,0.0,1.0,0.0,,1.0,0.0,,1.0,1.0,,0.0,1.0,1.0,1.0,0.0,,0.0,0.0,1.0,0.0,,0.0,0.0,,0.0,0.0,0.0,0.0,0.0,0.0,,0.0,,1.0,1.0,0.0,1.0,1.0,,,0.0,0.0,,0.0,,0.0,,,,,,1.0,0.0,1.0,,,,1.0,,,0.0,1.0,,1.0,0.0,1.0,0.0,,0.0,0.0,1.0,1.0,,0.0,1.0,0.0,,,,0.0,0.0,1.0,,1.0,,,0.0,,0.0,,1.0,1.0,0.0,0.0,,,,1.0,,0.0,1.0,,,1.0,,0.0,,,,,1.0,,,,,,,,,,,,,,,,,,0.0,,,,,,0.0,,0.0,,,1.0,,1.0,,,1.0,,0.0,0.0,,,0.0,1.0,,0.0,1.0,,1.0,0.0,0.0,,,,,0.0,1.0,1.0,,0.0,,,,,0.0,0.0,,,0.0,,,,,,0.0,,1.0,,1.0,,,,,,,,,,,,,,,,,,,,,,,,,,,,,,,,,,,,,,,,,,,,,,,,,,,,,,,,,,,,,,,,,,,,,,,,,,,,,,,,,,,,,,,,,,,,,,,,,,,,,,,,,,,,,,,,,,,,,,,,,,,,,,,,,,,,,,,,,,,,,,,,,,,,,,,,,,,
Jutahy Junior,1.0,0.0,1.0,1.0,1.0,1.0,1.0,1.0,1.0,,1.0,1.0,1.0,0.0,1.0,0.0,1.0,,1.0,1.0,1.0,1.0,1.0,0.0,1.0,0.0,,,,,,1.0,1.0,1.0,0.0,,0.0,,1.0,,,,,,0.0,,0.0,1.0,,,0.0,,,,,1.0,0.0,1.0,,0.0,1.0,1.0,,,0.0,0.0,0.0,,,0.0,1.0,0.0,0.0,,1.0,0.0,0.0,1.0,,1.0,0.0,0.0,0.0,0.0,0.0,0.0,0.0,0.0,0.0,0.0,0.0,1.0,1.0,1.0,0.0,0.0,,1.0,1.0,1.0,0.0,0.0,,1.0,1.0,0.0,1.0,1.0,0.0,0.0,,1.0,1.0,0.0,1.0,0.0,,1.0,1.0,0.0,1.0,1.0,1.0,1.0,,1.0,,0.0,1.0,,0.0,0.0,1.0,1.0,,,,,0.0,,0.0,,,,,,,,,1.0,1.0,0.0,,0.0,0.0,0.0,1.0,0.0,1.0,,0.0,0.0,,1.0,,0.0,,0.0,0.0,,,,,,,,1.0,0.0,1.0,,,,1.0,,0.0,0.0,1.0,,,0.0,0.0,0.0,0.0,1.0,1.0,0.0,1.0,0.0,,,,,,,,,,,,0.0,,,0.0,,,,,,,0.0,,,1.0,1.0,0.0,1.0,1.0,1.0,,,,,,0.0,,1.0,1.0,0.0,1.0,0.0,,1.0,0.0,0.0,,,,,,1.0,0.0,,,,,1.0,,1.0,0.0,0.0,,,,0.0,0.0,0.0,0.0,0.0,1.0,,,0.0,1.0,0.0,0.0,0.0,0.0,1.0,,1.0,0.0,1.0,0.0,0.0,0.0,0.0,,0.0,1.0,1.0,1.0,1.0,1.0,,0.0,0.0,0.0,0.0,1.0,0.0,1.0,1.0,,,1.0,0.0,1.0,1.0,0.0,0.0,,,,,0.0,1.0,0.0,0.0,,,,1.0,1.0,1.0,,1.0,,,,,0.0,1.0,1.0,0.0,1.0,0.0,1.0,0.0,0.0,0.0,,0.0,1.0,,0.0,,,,,,,0.0,,,0.0,0.0,,,0.0,0.0,0.0,1.0,,,,,,0.0,0.0,0.0,0.0,,,,0.0,0.0,0.0,1.0,,,1.0,,,,,,,,,0.0,,,0.0,,,1.0,1.0,0.0,0.0,
Juvenil,,1.0,0.0,,,,1.0,,1.0,,,,,,,,,,,,,,,,,1.0,,1.0,0.0,0.0,,,,,,,,,0.0,0.0,0.0,0.0,,,0.0,0.0,,1.0,0.0,,0.0,1.0,1.0,1.0,1.0,1.0,,,0.0,1.0,1.0,,1.0,,1.0,1.0,1.0,,0.0,1.0,1.0,1.0,,0.0,0.0,0.0,,0.0,0.0,0.0,0.0,0.0,1.0,0.0,0.0,0.0,0.0,0.0,0.0,0.0,,0.0,1.0,0.0,1.0,1.0,,1.0,,0.0,1.0,0.0,,0.0,0.0,,,,1.0,1.0,0.0,1.0,0.0,1.0,1.0,1.0,0.0,0.0,1.0,,1.0,1.0,0.0,1.0,0.0,1.0,0.0,0.0,1.0,1.0,0.0,1.0,1.0,0.0,1.0,0.0,0.0,,,1.0,,1.0,0.0,,0.0,0.0,0.0,0.0,1.0,1.0,,1.0,,1.0,1.0,1.0,0.0,1.0,1.0,,1.0,1.0,,0.0,,,,1.0,1.0,0.0,1.0,,,,,,,,,0.0,1.0,0.0,0.0,0.0,1.0,1.0,0.0,,0.0,,,,,,,1.0,,1.0,0.0,,0.0,0.0,1.0,1.0,0.0,0.0,0.0,,1.0,0.0,1.0,0.0,0.0,,1.0,0.0,1.0,,,,0.0,0.0,,,,,,1.0,,0.0,1.0,0.0,0.0,1.0,0.0,0.0,,,,,,,1.0,1.0,1.0,1.0,,,,,,,,,,,,,,,,,,,,,,,,,,,,,,,,,,,,,,,,,,,,,,,,,,,,,,,,,,,,,,,,,,,,,,,,,,,,,,,,,,,,,,,,,,,,,,,,,,,,,,,,,,,,,,,,,,,,,,,,,,,,,,,,,,,,,,,,,,,,,,,,,,,,,,,,,,
Jô Moraes,,1.0,0.0,0.0,1.0,1.0,,1.0,1.0,,1.0,0.0,1.0,0.0,1.0,0.0,1.0,1.0,,1.0,1.0,1.0,1.0,1.0,1.0,1.0,0.0,1.0,0.0,,,1.0,0.0,1.0,0.0,1.0,1.0,1.0,0.0,0.0,0.0,1.0,0.0,,1.0,0.0,1.0,1.0,0.0,0.0,1.0,1.0,1.0,1.0,1.0,,0.0,0.0,0.0,1.0,1.0,0.0,1.0,0.0,1.0,,1.0,0.0,0.0,1.0,1.0,1.0,0.0,0.0,0.0,0.0,1.0,0.0,0.0,1.0,0.0,0.0,0.0,0.0,0.0,0.0,0.0,0.0,0.0,0.0,0.0,0.0,1.0,0.0,1.0,1.0,1.0,1.0,0.0,0.0,1.0,1.0,1.0,1.0,0.0,,1.0,0.0,1.0,1.0,0.0,1.0,0.0,1.0,,1.0,1.0,0.0,1.0,0.0,1.0,1.0,0.0,1.0,0.0,,0.0,1.0,0.0,1.0,0.0,1.0,1.0,0.0,1.0,0.0,0.0,0.0,1.0,1.0,1.0,1.0,0.0,0.0,0.0,0.0,0.0,0.0,1.0,1.0,0.0,1.0,0.0,1.0,1.0,1.0,0.0,1.0,1.0,1.0,1.0,1.0,1.0,0.0,0.0,1.0,1.0,1.0,1.0,0.0,,0.0,1.0,0.0,1.0,,0.0,,,0.0,1.0,0.0,0.0,,1.0,1.0,0.0,,0.0,1.0,0.0,1.0,1.0,0.0,0.0,1.0,1.0,1.0,,1.0,0.0,0.0,1.0,1.0,0.0,0.0,0.0,0.0,0.0,1.0,1.0,0.0,1.0,0.0,1.0,0.0,0.0,0.0,,0.0,1.0,0.0,0.0,,,,1.0,0.0,,0.0,0.0,0.0,0.0,1.0,0.0,0.0,1.0,1.0,1.0,1.0,0.0,0.0,1.0,1.0,0.0,,0.0,0.0,0.0,0.0,1.0,1.0,0.0,0.0,0.0,0.0,0.0,1.0,1.0,0.0,1.0,1.0,1.0,1.0,1.0,0.0,0.0,0.0,0.0,1.0,0.0,1.0,,1.0,1.0,0.0,1.0,0.0,1.0,1.0,0.0,,1.0,,1.0,0.0,0.0,1.0,1.0,0.0,0.0,1.0,1.0,1.0,0.0,0.0,1.0,1.0,1.0,1.0,1.0,0.0,1.0,1.0,0.0,0.0,1.0,1.0,0.0,1.0,0.0,0.0,,0.0,1.0,1.0,0.0,0.0,1.0,0.0,1.0,1.0,1.0,1.0,1.0,1.0,,0.0,0.0,,1.0,0.0,1.0,0.0,1.0,1.0,0.0,1.0,1.0,0.0,,1.0,0.0,0.0,0.0,0.0,0.0,0.0,0.0,0.0,0.0,1.0,0.0,0.0,0.0,1.0,0.0,0.0,1.0,1.0,1.0,,1.0,1.0,0.0,0.0,1.0,1.0,0.0,0.0,1.0,,1.0,1.0,1.0,0.0,1.0,,0.0,0.0,1.0,1.0,0.0,1.0,0.0,0.0,0.0,0.0,0.0,1.0,1.0,1.0,1.0,0.0,0.0,1.0,1.0,0.0,,1.0
Júlio Cesar,1.0,1.0,0.0,1.0,1.0,1.0,,1.0,1.0,1.0,0.0,,1.0,0.0,1.0,1.0,1.0,1.0,,1.0,1.0,1.0,1.0,1.0,1.0,1.0,,,,,,1.0,0.0,,,,,1.0,1.0,,0.0,,0.0,0.0,1.0,0.0,1.0,,,,1.0,,,,,1.0,1.0,,,,1.0,1.0,,0.0,1.0,0.0,0.0,0.0,0.0,1.0,1.0,1.0,0.0,,0.0,0.0,,,0.0,,0.0,,,0.0,,0.0,0.0,,,0.0,0.0,1.0,1.0,0.0,1.0,0.0,1.0,1.0,1.0,,1.0,0.0,0.0,,,,,1.0,1.0,1.0,,1.0,0.0,1.0,1.0,,,0.0,1.0,0.0,1.0,1.0,0.0,1.0,0.0,1.0,,0.0,0.0,1.0,,1.0,1.0,0.0,1.0,,,,0.0,1.0,1.0,,,,,,,,,1.0,0.0,,0.0,,,,0.0,1.0,1.0,1.0,1.0,1.0,1.0,1.0,0.0,1.0,1.0,1.0,1.0,,,,,0.0,1.0,,,0.0,1.0,,,,,0.0,1.0,1.0,0.0,1.0,,,0.0,,0.0,1.0,,,1.0,1.0,,1.0,0.0,0.0,1.0,1.0,0.0,,0.0,,,,,0.0,,0.0,,,,0.0,0.0,,1.0,0.0,1.0,1.0,,0.0,1.0,0.0,0.0,,,,0.0,1.0,,0.0,1.0,1.0,1.0,1.0,0.0,1.0,1.0,1.0,0.0,1.0,,,,1.0,1.0,1.0,,0.0,0.0,0.0,,0.0,1.0,0.0,1.0,,1.0,1.0,1.0,0.0,,,0.0,1.0,1.0,,,1.0,1.0,0.0,0.0,,,,1.0,0.0,,0.0,0.0,,0.0,1.0,1.0,1.0,1.0,1.0,1.0,1.0,0.0,0.0,1.0,1.0,1.0,1.0,,0.0,1.0,1.0,0.0,0.0,,1.0,1.0,,,,1.0,0.0,1.0,0.0,0.0,1.0,1.0,,1.0,1.0,,,1.0,1.0,0.0,,0.0,1.0,1.0,0.0,1.0,1.0,,1.0,0.0,1.0,1.0,0.0,,0.0,,,0.0,0.0,,0.0,0.0,,0.0,1.0,0.0,,0.0,1.0,,0.0,1.0,1.0,1.0,1.0,1.0,1.0,0.0,0.0,,1.0,0.0,1.0,,1.0,,1.0,,,,1.0,1.0,1.0,1.0,1.0,,,,,,0.0,1.0,1.0,1.0,1.0,,1.0,,1.0,,1.0,1.0,1.0
Júlio Delgado,1.0,1.0,1.0,1.0,1.0,1.0,1.0,1.0,1.0,0.0,0.0,1.0,1.0,0.0,1.0,1.0,1.0,1.0,1.0,1.0,1.0,1.0,1.0,1.0,1.0,1.0,0.0,,0.0,0.0,1.0,1.0,0.0,1.0,0.0,,1.0,1.0,,0.0,0.0,1.0,0.0,0.0,1.0,0.0,1.0,,0.0,,1.0,,1.0,0.0,,1.0,0.0,,,,1.0,1.0,1.0,0.0,1.0,1.0,1.0,0.0,0.0,1.0,1.0,1.0,,,0.0,0.0,1.0,0.0,0.0,,0.0,,0.0,0.0,0.0,,0.0,0.0,0.0,0.0,,1.0,1.0,0.0,1.0,0.0,1.0,1.0,,1.0,1.0,,,,0.0,0.0,1.0,0.0,1.0,1.0,,1.0,0.0,1.0,1.0,0.0,,,,,1.0,1.0,1.0,1.0,0.0,1.0,0.0,,1.0,,1.0,0.0,0.0,0.0,1.0,0.0,0.0,0.0,,1.0,,0.0,0.0,0.0,0.0,,0.0,0.0,1.0,,0.0,1.0,0.0,1.0,,1.0,0.0,,1.0,1.0,1.0,1.0,,1.0,0.0,1.0,1.0,1.0,1.0,0.0,1.0,0.0,,0.0,,,,0.0,1.0,0.0,1.0,0.0,0.0,,1.0,1.0,,1.0,0.0,,,0.0,0.0,0.0,0.0,1.0,1.0,1.0,0.0,,0.0,0.0,1.0,1.0,0.0,0.0,0.0,0.0,,,,0.0,1.0,0.0,,,0.0,,0.0,,1.0,0.0,1.0,1.0,0.0,0.0,1.0,,0.0,,0.0,0.0,0.0,,0.0,0.0,1.0,1.0,1.0,1.0,0.0,1.0,1.0,1.0,0.0,1.0,0.0,0.0,0.0,0.0,0.0,1.0,0.0,0.0,0.0,0.0,,1.0,1.0,0.0,1.0,1.0,1.0,,,0.0,0.0,0.0,0.0,1.0,0.0,1.0,0.0,1.0,1.0,0.0,1.0,0.0,1.0,1.0,0.0,0.0,1.0,0.0,0.0,0.0,0.0,1.0,1.0,0.0,0.0,1.0,1.0,1.0,0.0,0.0,1.0,1.0,1.0,1.0,1.0,0.0,1.0,1.0,0.0,0.0,1.0,1.0,0.0,0.0,0.0,0.0,1.0,,0.0,1.0,,0.0,0.0,0.0,0.0,1.0,1.0,1.0,,1.0,0.0,,0.0,,1.0,0.0,,,,1.0,,,,0.0,0.0,0.0,0.0,0.0,0.0,0.0,0.0,,0.0,1.0,,,,,0.0,1.0,0.0,,1.0,1.0,1.0,1.0,1.0,1.0,0.0,0.0,1.0,1.0,0.0,1.0,1.0,1.0,,,1.0,0.0,1.0,1.0,,,1.0,1.0,0.0,1.0,0.0,0.0,0.0,0.0,0.0,1.0,1.0,1.0,1.0,0.0,1.0,1.0,1.0,0.0,1.0,1.0
Júlio Redecker,,,,,,,,,,,,,,,,,,,,,,,,,,0.0,,1.0,,,,,,,,,,,1.0,,,,,,,,,1.0,,,,,,,,,0.0,,,0.0,1.0,,,,0.0,0.0,0.0,,,0.0,1.0,0.0,0.0,,1.0,,0.0,1.0,,1.0,0.0,1.0,0.0,0.0,0.0,,0.0,,0.0,0.0,,1.0,1.0,0.0,,0.0,,,1.0,1.0,0.0,0.0,0.0,1.0,1.0,,,,0.0,0.0,,1.0,0.0,0.0,0.0,,,1.0,1.0,0.0,1.0,1.0,1.0,,,,,0.0,1.0,,,,1.0,,,,,,,,,,,,,,,,,,,,,,,,,,,,,,,,,,,,,,,,,,,,,,,,,,,,,,,,,,,,,,,,,,,,,,,,,,,,,,,,,,,,,,,,,,,,,,,,,,,,,,,,,,,,,,,,,,,,,,,,,,,,,,,,,,,,,,,,,,,,,,,,,,,,,,,,,,,,,,,,,,,,,,,,,,,,,,,,,,,,,,,,,,,,,,,,,,,,,,,,,,,,,,,,,,,,,,,,,,,,,,,,,,,,,,,,,,,,,,,,,,,,,,,,,,,,,,,,,,,,,,,,,,,
Lael Varella,,1.0,1.0,1.0,0.0,1.0,,,1.0,,0.0,0.0,,,,,,,,,,,,,,1.0,0.0,,0.0,0.0,1.0,1.0,0.0,,,,,1.0,,,,,,,1.0,0.0,1.0,,,0.0,,,,,,,,,,,1.0,,1.0,0.0,1.0,,,,0.0,1.0,0.0,,,0.0,0.0,0.0,1.0,,,,,0.0,0.0,0.0,0.0,0.0,,,0.0,,,0.0,1.0,0.0,1.0,,,1.0,,0.0,1.0,,0.0,,0.0,1.0,1.0,1.0,1.0,1.0,,1.0,0.0,,,1.0,,0.0,1.0,0.0,1.0,1.0,0.0,1.0,0.0,,,,0.0,,,1.0,1.0,,,0.0,0.0,0.0,0.0,,0.0,1.0,,,,,,0.0,1.0,,0.0,0.0,,1.0,1.0,1.0,0.0,1.0,1.0,,1.0,1.0,,,,,1.0,,1.0,,1.0,0.0,1.0,0.0,,,0.0,,,0.0,1.0,0.0,0.0,0.0,,,,,,1.0,0.0,0.0,0.0,1.0,0.0,1.0,,1.0,,,0.0,0.0,1.0,,0.0,,,,1.0,,,,,,,0.0,0.0,,,0.0,1.0,0.0,,,,,,0.0,0.0,,,0.0,0.0,1.0,0.0,,,,,,0.0,1.0,1.0,1.0,,,,0.0,,,,,,0.0,0.0,,0.0,,,0.0,1.0,1.0,1.0,,,,0.0,,,,,1.0,0.0,1.0,1.0,,,,,1.0,0.0,,,,0.0,0.0,,,,1.0,1.0,1.0,,1.0,0.0,0.0,1.0,1.0,1.0,1.0,,0.0,,,,,1.0,,1.0,1.0,,0.0,,,,,,,,,,1.0,1.0,,1.0,,,,0.0,,1.0,0.0,1.0,,,,0.0,1.0,1.0,0.0,,,,,0.0,0.0,0.0,,0.0,,,,,,0.0,,,,1.0,1.0,1.0,,,,0.0,0.0,,,,,1.0,1.0,,,,,,,,,,1.0,,,,,,,,,,,,,,,,,,1.0
Laercio Oliveira,,,,,,,,,,,,,,,,,,,,,,,,,,,,,,,,,,,,,,,,,,,,,,,,,,,,,,,,1.0,,,,,,,,,,,,,,,,,,,,,,,,,,,,,,,,,,,,,,,,,,,,,,,,,,,,,,,,,,,,,,,,,,,,,,1.0,,,,,,,,,,,,,,,,,,,,,,,,,,,,,,,,,,,,,,,,,,,,,,,,,,,,,,,,,,,,,,,,,,,,,,,,,,,,,,,,,,,,,,,,,,,,,,,,,,,,,,,,,,,,0.0,,,,,,,,,,,,,,,,,,,,,,,,,,,,,,,,,,,,,,,,,,,,,,,,,,,,,,,,,,,,,,,,,,,,,,,,,,,,,,,,,,,,,,,,,,,,,,,,,,,,,,,,,,,,,,,,,,,,,,,,,,,,,,,,,,,,,,,,,,,,,,,,,,,,,,,,,,,,,,,,,,,,,,
Laerte Bessa,,1.0,0.0,1.0,,1.0,1.0,1.0,1.0,,0.0,,,0.0,1.0,,,,,,,,1.0,1.0,1.0,1.0,0.0,,0.0,0.0,1.0,1.0,,1.0,0.0,,1.0,1.0,1.0,,0.0,1.0,,0.0,1.0,,1.0,1.0,,,1.0,1.0,1.0,1.0,1.0,1.0,0.0,0.0,0.0,0.0,,1.0,1.0,0.0,1.0,,,0.0,0.0,,1.0,1.0,0.0,0.0,0.0,0.0,,0.0,0.0,0.0,0.0,1.0,0.0,,0.0,0.0,0.0,,0.0,0.0,0.0,1.0,1.0,0.0,1.0,,1.0,1.0,1.0,0.0,1.0,0.0,,1.0,0.0,0.0,,1.0,1.0,1.0,0.0,1.0,0.0,1.0,1.0,0.0,1.0,,1.0,0.0,1.0,1.0,0.0,1.0,0.0,1.0,0.0,1.0,0.0,,0.0,1.0,1.0,0.0,1.0,0.0,0.0,0.0,1.0,1.0,,1.0,,,0.0,0.0,0.0,,1.0,,0.0,,,,,,0.0,1.0,1.0,1.0,1.0,1.0,1.0,0.0,0.0,1.0,0.0,,1.0,0.0,,,,,,,,0.0,1.0,,,,,0.0,,,0.0,,,1.0,,1.0,1.0,0.0,0.0,1.0,,,,1.0,0.0,0.0,,1.0,,,0.0,,,,,,1.0,0.0,1.0,0.0,,1.0,0.0,0.0,1.0,,1.0,0.0,0.0,1.0,,1.0,1.0,0.0,,,,0.0,0.0,,,1.0,1.0,1.0,,1.0,,,,1.0,0.0,,0.0,,1.0,,0.0,0.0,,,0.0,,,0.0,1.0,,,,1.0,0.0,,0.0,0.0,,0.0,1.0,,,,,,0.0,,,,,1.0,,,,0.0,,,,0.0,1.0,1.0,0.0,,1.0,1.0,,1.0,,,,,1.0,0.0,0.0,1.0,1.0,1.0,,0.0,0.0,1.0,,0.0,0.0,,0.0,,,,,1.0,,,,0.0,,,1.0,1.0,1.0,1.0,1.0,,1.0,,,1.0,,0.0,,,0.0,,0.0,,,,,,1.0,0.0,,,,0.0,,,,,,1.0,1.0,0.0,0.0,,1.0,,0.0,1.0,1.0,,1.0,,0.0,,1.0,0.0,,1.0,1.0,,,0.0,,0.0,0.0,,,,,,,,,,,,
Laurez Moreira,1.0,,,0.0,1.0,1.0,1.0,,1.0,,0.0,0.0,1.0,0.0,1.0,0.0,1.0,1.0,1.0,,1.0,1.0,1.0,1.0,1.0,1.0,,,0.0,0.0,1.0,1.0,0.0,,,1.0,1.0,,0.0,0.0,0.0,1.0,0.0,0.0,,,1.0,1.0,0.0,0.0,1.0,1.0,1.0,1.0,1.0,1.0,0.0,0.0,0.0,1.0,1.0,,1.0,0.0,1.0,1.0,1.0,0.0,,1.0,1.0,1.0,,0.0,0.0,0.0,,0.0,0.0,0.0,0.0,,0.0,,0.0,0.0,0.0,0.0,0.0,0.0,0.0,1.0,1.0,0.0,1.0,1.0,,,,0.0,1.0,0.0,,1.0,0.0,,,,1.0,1.0,0.0,1.0,1.0,1.0,1.0,1.0,1.0,0.0,1.0,0.0,1.0,1.0,0.0,1.0,0.0,1.0,0.0,0.0,1.0,1.0,1.0,0.0,1.0,0.0,1.0,,0.0,0.0,1.0,1.0,1.0,1.0,0.0,0.0,0.0,0.0,,0.0,1.0,1.0,,,,,,,0.0,1.0,1.0,1.0,1.0,1.0,1.0,0.0,0.0,1.0,1.0,1.0,1.0,0.0,1.0,0.0,1.0,0.0,1.0,0.0,0.0,0.0,1.0,,1.0,0.0,0.0,0.0,1.0,,0.0,,0.0,,,,,,0.0,,1.0,1.0,0.0,1.0,0.0,0.0,1.0,1.0,0.0,0.0,0.0,0.0,0.0,1.0,1.0,0.0,1.0,0.0,1.0,0.0,0.0,0.0,0.0,0.0,1.0,0.0,1.0,1.0,0.0,,,,0.0,0.0,0.0,0.0,0.0,,0.0,,1.0,1.0,,1.0,0.0,1.0,1.0,1.0,0.0,1.0,0.0,0.0,,,,1.0,0.0,0.0,0.0,0.0,,,,0.0,1.0,1.0,1.0,1.0,1.0,0.0,0.0,0.0,0.0,1.0,0.0,,0.0,1.0,1.0,0.0,1.0,0.0,1.0,1.0,,,,1.0,0.0,0.0,,,,1.0,1.0,,1.0,1.0,0.0,0.0,,,,1.0,1.0,0.0,,1.0,0.0,0.0,,,1.0,0.0,,0.0,1.0,,1.0,1.0,0.0,0.0,0.0,0.0,0.0,,,1.0,1.0,1.0,,0.0,0.0,1.0,1.0,,1.0,,1.0,,0.0,1.0,1.0,0.0,0.0,1.0,0.0,0.0,0.0,0.0,0.0,0.0,0.0,0.0,0.0,1.0,0.0,0.0,0.0,1.0,0.0,0.0,1.0,1.0,1.0,1.0,1.0,1.0,0.0,0.0,1.0,1.0,0.0,0.0,1.0,1.0,1.0,1.0,1.0,0.0,1.0,1.0,1.0,1.0,,,0.0,1.0,0.0,0.0,0.0,0.0,0.0,1.0,,1.0,1.0,0.0,0.0,1.0,1.0,1.0,,1.0
Leandro Sampaio,,0.0,1.0,,,1.0,1.0,1.0,,,1.0,0.0,,,1.0,,1.0,1.0,,,,,,1.0,1.0,0.0,,,,,,1.0,,0.0,0.0,,1.0,,1.0,,,,,,0.0,1.0,,1.0,,,0.0,,,,,1.0,1.0,,,0.0,1.0,,,1.0,0.0,,,1.0,,0.0,,,0.0,,,,,1.0,1.0,1.0,,0.0,0.0,,0.0,0.0,,,0.0,,,,,,0.0,,,1.0,1.0,1.0,0.0,1.0,1.0,1.0,1.0,,1.0,0.0,0.0,0.0,,0.0,,1.0,0.0,0.0,1.0,,1.0,,1.0,1.0,1.0,,,1.0,,1.0,,0.0,0.0,1.0,1.0,0.0,,,,,,,,,,,,,,1.0,,1.0,1.0,1.0,0.0,,,0.0,1.0,0.0,1.0,,0.0,0.0,0.0,1.0,,0.0,,0.0,1.0,,,,,,,,,1.0,0.0,,,,,,,,,,,0.0,0.0,1.0,0.0,0.0,1.0,0.0,1.0,0.0,,,,,,,,,,,1.0,,,,0.0,,,,,,0.0,0.0,1.0,,1.0,1.0,0.0,,,0.0,,,1.0,,1.0,,,,,1.0,,1.0,,1.0,,0.0,,,,,,1.0,1.0,1.0,,,,1.0,,,,,,,,0.0,,0.0,,0.0,1.0,,,0.0,,0.0,0.0,1.0,0.0,,,1.0,1.0,,0.0,,0.0,,0.0,0.0,1.0,1.0,,1.0,1.0,0.0,0.0,,1.0,0.0,,1.0,,,1.0,1.0,1.0,,1.0,1.0,,0.0,,,,,0.0,,0.0,0.0,0.0,0.0,0.0,,1.0,,,1.0,1.0,,,,0.0,1.0,,1.0,1.0,,1.0,1.0,,,1.0,,,1.0,,,,,,,,,,,,,,,1.0,1.0,1.0,1.0,1.0,1.0,,,,1.0,0.0,,,,,,,,,1.0,,,,,1.0,0.0,,,,,,,,,,,,,,,,
Leandro Vilela,1.0,1.0,0.0,,1.0,1.0,1.0,,,0.0,,,1.0,,,0.0,1.0,1.0,,,,,,1.0,1.0,1.0,,,,,,1.0,,0.0,1.0,,1.0,1.0,1.0,,0.0,1.0,0.0,0.0,1.0,0.0,1.0,1.0,,0.0,1.0,1.0,1.0,1.0,1.0,1.0,,,0.0,1.0,1.0,1.0,,0.0,1.0,,1.0,0.0,0.0,,1.0,1.0,,0.0,,0.0,,0.0,0.0,,,,0.0,0.0,0.0,0.0,0.0,,0.0,0.0,,1.0,1.0,0.0,1.0,1.0,1.0,1.0,1.0,0.0,1.0,0.0,,,,0.0,1.0,0.0,1.0,1.0,0.0,1.0,1.0,1.0,1.0,1.0,1.0,0.0,1.0,0.0,1.0,1.0,0.0,,0.0,1.0,0.0,1.0,0.0,1.0,0.0,1.0,1.0,,1.0,,,0.0,1.0,1.0,,1.0,,0.0,,,0.0,,1.0,1.0,,1.0,,1.0,1.0,1.0,,1.0,1.0,1.0,1.0,1.0,1.0,0.0,,1.0,1.0,,1.0,,1.0,,,,1.0,0.0,0.0,,1.0,,1.0,0.0,,,1.0,,0.0,1.0,,1.0,0.0,0.0,0.0,0.0,,1.0,1.0,1.0,0.0,1.0,0.0,0.0,1.0,,,,0.0,0.0,,1.0,1.0,0.0,1.0,0.0,1.0,,0.0,,,,1.0,0.0,1.0,1.0,0.0,,1.0,0.0,0.0,0.0,0.0,0.0,,,,,1.0,1.0,1.0,1.0,,1.0,1.0,,0.0,,0.0,0.0,,,1.0,1.0,,0.0,,0.0,,,,,,1.0,1.0,,1.0,0.0,,,0.0,1.0,0.0,,0.0,1.0,1.0,0.0,1.0,0.0,1.0,1.0,1.0,,,,0.0,1.0,0.0,1.0,1.0,1.0,1.0,,1.0,1.0,1.0,,,,,,,0.0,1.0,1.0,,0.0,1.0,1.0,,1.0,,0.0,,0.0,,,,,,,,1.0,1.0,1.0,1.0,1.0,0.0,0.0,,1.0,,0.0,,0.0,1.0,,,,1.0,,0.0,,,0.0,,0.0,,0.0,,,0.0,1.0,0.0,0.0,,1.0,,0.0,1.0,1.0,1.0,1.0,1.0,,0.0,,,,1.0,,1.0,,,1.0,1.0,,1.0,1.0,,,1.0,,,,,,,,0.0,,1.0,1.0,1.0,,,1.0,,1.0,1.0,
Lelo Coimbra,1.0,1.0,0.0,1.0,1.0,1.0,,1.0,1.0,,0.0,,,,1.0,1.0,1.0,1.0,1.0,1.0,1.0,1.0,1.0,0.0,1.0,,0.0,1.0,0.0,0.0,1.0,,0.0,1.0,0.0,,1.0,1.0,0.0,0.0,0.0,1.0,0.0,0.0,1.0,1.0,1.0,,,0.0,1.0,1.0,1.0,1.0,1.0,1.0,0.0,0.0,0.0,1.0,,1.0,1.0,0.0,,1.0,,1.0,0.0,1.0,1.0,,0.0,0.0,,0.0,1.0,0.0,,0.0,0.0,0.0,0.0,,0.0,0.0,0.0,,0.0,0.0,0.0,1.0,1.0,0.0,1.0,0.0,1.0,1.0,1.0,0.0,1.0,0.0,1.0,1.0,,0.0,,,1.0,1.0,0.0,1.0,,1.0,1.0,,1.0,,1.0,0.0,,1.0,0.0,1.0,0.0,1.0,0.0,1.0,,1.0,1.0,1.0,1.0,0.0,1.0,0.0,0.0,0.0,,1.0,1.0,1.0,0.0,0.0,0.0,,0.0,,1.0,0.0,0.0,,0.0,1.0,,1.0,0.0,1.0,1.0,0.0,1.0,1.0,,0.0,,,1.0,1.0,1.0,0.0,1.0,,1.0,0.0,1.0,0.0,,1.0,0.0,0.0,1.0,0.0,,0.0,1.0,1.0,0.0,1.0,0.0,1.0,0.0,1.0,1.0,0.0,0.0,1.0,1.0,1.0,0.0,1.0,0.0,0.0,1.0,1.0,0.0,0.0,0.0,,1.0,0.0,,,1.0,0.0,1.0,0.0,,0.0,0.0,,,0.0,1.0,1.0,0.0,,,,0.0,0.0,0.0,0.0,0.0,1.0,0.0,0.0,,1.0,,1.0,,,,,0.0,1.0,0.0,,0.0,1.0,1.0,1.0,0.0,0.0,,0.0,0.0,0.0,1.0,,,1.0,1.0,1.0,1.0,0.0,0.0,,,,0.0,1.0,0.0,1.0,1.0,0.0,1.0,0.0,1.0,1.0,1.0,0.0,,0.0,0.0,1.0,0.0,1.0,,1.0,1.0,,,1.0,,1.0,,,1.0,,0.0,0.0,,,0.0,0.0,,1.0,1.0,1.0,0.0,0.0,1.0,0.0,0.0,0.0,0.0,0.0,0.0,0.0,0.0,1.0,1.0,1.0,1.0,1.0,0.0,0.0,,,,0.0,,,1.0,,0.0,1.0,1.0,,0.0,,0.0,0.0,,1.0,,,0.0,,,1.0,0.0,,,1.0,0.0,0.0,,,,1.0,1.0,1.0,0.0,0.0,1.0,1.0,,,1.0,,1.0,1.0,1.0,0.0,1.0,,1.0,1.0,,1.0,,,0.0,0.0,,,,,,1.0,,,0.0,1.0,1.0,1.0,0.0,0.0
Leo Alcântara,,1.0,0.0,,,1.0,1.0,1.0,1.0,0.0,0.0,,1.0,,1.0,,,,1.0,1.0,1.0,1.0,1.0,1.0,1.0,1.0,0.0,,0.0,,,1.0,0.0,1.0,0.0,1.0,1.0,1.0,1.0,,0.0,1.0,0.0,0.0,1.0,0.0,,1.0,,,1.0,1.0,1.0,1.0,1.0,,,1.0,,0.0,0.0,1.0,1.0,0.0,1.0,0.0,0.0,0.0,0.0,1.0,1.0,1.0,0.0,0.0,0.0,0.0,,0.0,,,0.0,0.0,0.0,,0.0,0.0,0.0,0.0,0.0,,0.0,1.0,,,1.0,0.0,,1.0,,0.0,,0.0,1.0,0.0,0.0,0.0,1.0,,1.0,,0.0,1.0,,1.0,1.0,1.0,,1.0,,,1.0,1.0,0.0,1.0,0.0,,0.0,0.0,1.0,1.0,1.0,0.0,1.0,0.0,1.0,,0.0,,0.0,,1.0,1.0,0.0,,0.0,,0.0,0.0,1.0,,,0.0,0.0,1.0,1.0,1.0,,1.0,1.0,1.0,1.0,1.0,1.0,,0.0,1.0,,1.0,,0.0,1.0,0.0,1.0,0.0,1.0,,,,,0.0,1.0,,0.0,0.0,1.0,1.0,,,,1.0,0.0,0.0,1.0,1.0,0.0,1.0,,1.0,,,0.0,0.0,1.0,1.0,0.0,0.0,0.0,,0.0,1.0,1.0,0.0,1.0,0.0,,0.0,0.0,0.0,0.0,0.0,1.0,0.0,,,0.0,0.0,1.0,0.0,0.0,0.0,,0.0,0.0,1.0,0.0,0.0,1.0,1.0,1.0,1.0,0.0,0.0,1.0,1.0,1.0,1.0,0.0,,,,,,0.0,0.0,0.0,,0.0,0.0,1.0,0.0,1.0,,,1.0,1.0,,0.0,0.0,0.0,1.0,0.0,1.0,0.0,1.0,1.0,0.0,,0.0,1.0,1.0,1.0,1.0,1.0,,0.0,1.0,0.0,1.0,1.0,,1.0,1.0,,1.0,1.0,1.0,,,1.0,,0.0,0.0,1.0,,0.0,0.0,1.0,1.0,1.0,0.0,0.0,0.0,1.0,0.0,0.0,0.0,0.0,0.0,1.0,0.0,0.0,1.0,1.0,1.0,,,1.0,0.0,0.0,1.0,,1.0,1.0,0.0,1.0,1.0,0.0,1.0,1.0,0.0,0.0,,0.0,0.0,0.0,0.0,0.0,,,1.0,0.0,1.0,0.0,0.0,0.0,0.0,0.0,0.0,,,,1.0,1.0,1.0,0.0,0.0,1.0,1.0,1.0,0.0,1.0,1.0,1.0,1.0,1.0,0.0,1.0,1.0,1.0,1.0,1.0,,0.0,1.0,0.0,0.0,0.0,0.0,,1.0,1.0,,1.0,,,,1.0,1.0,,
Leonardo Monteiro,1.0,1.0,0.0,1.0,,1.0,1.0,1.0,,0.0,,0.0,1.0,0.0,1.0,0.0,1.0,1.0,1.0,1.0,1.0,1.0,1.0,1.0,1.0,1.0,,1.0,0.0,0.0,1.0,1.0,0.0,1.0,0.0,1.0,1.0,1.0,0.0,,,1.0,,0.0,,,1.0,1.0,0.0,0.0,1.0,1.0,1.0,1.0,1.0,1.0,0.0,0.0,0.0,1.0,1.0,,1.0,0.0,1.0,1.0,1.0,,,1.0,0.0,,,,,,1.0,,,,0.0,,0.0,,,,,,,0.0,,0.0,1.0,,,1.0,,,,0.0,1.0,,,,0.0,0.0,,,1.0,1.0,0.0,,1.0,1.0,1.0,,1.0,,,,1.0,1.0,0.0,,0.0,1.0,0.0,,0.0,1.0,,1.0,1.0,0.0,1.0,,0.0,0.0,,1.0,,1.0,0.0,0.0,0.0,0.0,0.0,0.0,1.0,,0.0,1.0,0.0,1.0,,1.0,0.0,,1.0,1.0,1.0,1.0,1.0,0.0,0.0,1.0,1.0,1.0,1.0,0.0,1.0,0.0,,0.0,1.0,,,0.0,1.0,,1.0,,0.0,0.0,1.0,,0.0,1.0,1.0,1.0,,1.0,1.0,0.0,0.0,1.0,,1.0,0.0,1.0,0.0,0.0,1.0,1.0,0.0,0.0,0.0,,,1.0,1.0,,1.0,0.0,1.0,0.0,0.0,0.0,0.0,0.0,1.0,0.0,0.0,,0.0,,,,0.0,0.0,0.0,0.0,0.0,,0.0,0.0,1.0,1.0,1.0,1.0,0.0,0.0,1.0,1.0,0.0,1.0,0.0,,0.0,0.0,0.0,1.0,0.0,0.0,,,0.0,0.0,1.0,,1.0,,1.0,1.0,1.0,0.0,0.0,0.0,0.0,1.0,0.0,,0.0,1.0,1.0,0.0,1.0,0.0,1.0,1.0,0.0,0.0,,0.0,0.0,,,1.0,1.0,1.0,1.0,1.0,0.0,1.0,,,,,1.0,1.0,0.0,0.0,1.0,1.0,,1.0,1.0,1.0,,1.0,0.0,0.0,,0.0,1.0,0.0,1.0,1.0,0.0,0.0,0.0,,0.0,,,1.0,,0.0,,1.0,1.0,,1.0,,0.0,1.0,,,1.0,0.0,0.0,1.0,,,0.0,,0.0,,,,0.0,1.0,0.0,0.0,0.0,1.0,0.0,0.0,1.0,1.0,1.0,,,1.0,,0.0,1.0,1.0,,0.0,,1.0,,1.0,,0.0,,,1.0,1.0,,1.0,0.0,1.0,0.0,,,0.0,0.0,,,,1.0,,0.0,1.0,,1.0,1.0,
Leonardo Picciani,,1.0,0.0,,,,1.0,,1.0,,,,,,,1.0,0.0,,1.0,1.0,1.0,1.0,,,,,0.0,1.0,0.0,0.0,1.0,,,,,1.0,,,1.0,0.0,0.0,1.0,0.0,0.0,1.0,1.0,1.0,1.0,0.0,0.0,1.0,1.0,1.0,1.0,1.0,1.0,0.0,0.0,0.0,,,,1.0,0.0,,,1.0,,0.0,,1.0,1.0,,,,,,0.0,0.0,1.0,0.0,,,0.0,0.0,0.0,,,,,,1.0,1.0,0.0,1.0,,,,1.0,0.0,1.0,0.0,1.0,1.0,0.0,,,,1.0,,,0.0,1.0,1.0,1.0,0.0,1.0,0.0,1.0,0.0,1.0,,0.0,1.0,0.0,,,,1.0,,1.0,0.0,0.0,,1.0,,,,1.0,,,1.0,0.0,0.0,0.0,,0.0,,,1.0,0.0,0.0,0.0,1.0,1.0,1.0,,1.0,,,1.0,1.0,1.0,,0.0,,,,1.0,0.0,1.0,,,,,,,,,,,0.0,0.0,,1.0,1.0,0.0,,,,,0.0,0.0,0.0,0.0,,,1.0,,1.0,0.0,0.0,1.0,1.0,,0.0,0.0,,0.0,1.0,1.0,0.0,1.0,,,0.0,0.0,0.0,,,,0.0,,,,,,0.0,0.0,,,,0.0,,0.0,0.0,,,,,0.0,,1.0,1.0,0.0,1.0,0.0,0.0,,,,,,,,,,,,,,1.0,1.0,,,,,,,,,,,,,,,,,,,,,,,,,,,,,,,,,,,,,,,,,,,,,,,,,,,,,,,,,,,,,,,,,,,,,,,,,,,,,,,,,,,,,,,,,,,,,,,,,,,,,1.0,,,,1.0,,0.0,1.0,1.0,1.0,1.0,,0.0,,,1.0,1.0,,,0.0,1.0,0.0,0.0,,0.0,,,,,,,,,,,,
Leonardo Quintão,1.0,1.0,0.0,1.0,1.0,,,0.0,,,0.0,,1.0,,,1.0,1.0,1.0,,,1.0,1.0,1.0,1.0,1.0,1.0,,1.0,,0.0,1.0,1.0,0.0,0.0,0.0,,,,1.0,,,1.0,0.0,0.0,1.0,0.0,1.0,,,,1.0,1.0,1.0,1.0,1.0,,,,,,1.0,,1.0,0.0,1.0,,,0.0,0.0,1.0,,1.0,,,,,,0.0,0.0,,0.0,0.0,0.0,,0.0,0.0,0.0,,0.0,0.0,0.0,1.0,1.0,0.0,,0.0,,1.0,1.0,0.0,1.0,,,,0.0,0.0,1.0,0.0,1.0,1.0,0.0,1.0,0.0,1.0,1.0,1.0,,,,,1.0,1.0,0.0,1.0,0.0,,,,0.0,,0.0,1.0,1.0,0.0,1.0,0.0,,0.0,1.0,1.0,1.0,1.0,0.0,,,,0.0,0.0,1.0,,,1.0,0.0,1.0,1.0,1.0,,1.0,1.0,,,1.0,,0.0,,,,1.0,,0.0,1.0,,1.0,0.0,1.0,0.0,0.0,0.0,1.0,,1.0,,0.0,0.0,,,0.0,1.0,,1.0,0.0,1.0,1.0,0.0,0.0,,1.0,1.0,0.0,1.0,,,,1.0,0.0,0.0,0.0,,,,,0.0,1.0,1.0,,,0.0,,,,1.0,,,,,,1.0,,,,,,,1.0,,,1.0,,1.0,,0.0,1.0,,,0.0,1.0,0.0,0.0,0.0,,0.0,1.0,0.0,0.0,0.0,0.0,0.0,,1.0,0.0,,,,1.0,1.0,,0.0,0.0,0.0,1.0,0.0,,,1.0,1.0,0.0,1.0,0.0,1.0,1.0,,,,0.0,0.0,,0.0,1.0,1.0,1.0,1.0,1.0,1.0,,1.0,1.0,1.0,1.0,1.0,1.0,0.0,0.0,1.0,,0.0,0.0,1.0,,0.0,,,,1.0,,,,,,1.0,1.0,0.0,1.0,,1.0,,,,,,,1.0,,,,,1.0,,1.0,1.0,0.0,0.0,,,,0.0,0.0,0.0,0.0,,0.0,,1.0,0.0,0.0,0.0,1.0,,,1.0,1.0,1.0,1.0,1.0,,0.0,0.0,,1.0,,,0.0,1.0,1.0,1.0,1.0,0.0,1.0,,,,,1.0,,,,0.0,0.0,0.0,0.0,1.0,1.0,,1.0,,,1.0,,,,1.0
Leonardo Vilela,,,1.0,1.0,1.0,1.0,1.0,1.0,1.0,,1.0,,1.0,0.0,1.0,,,,1.0,1.0,1.0,1.0,1.0,1.0,1.0,0.0,,,,,,1.0,1.0,1.0,,1.0,1.0,1.0,1.0,,,,,,0.0,1.0,0.0,1.0,,0.0,0.0,0.0,0.0,0.0,0.0,1.0,0.0,1.0,,0.0,1.0,1.0,,,0.0,0.0,0.0,,,0.0,1.0,0.0,0.0,,1.0,0.0,0.0,1.0,,1.0,0.0,0.0,0.0,0.0,0.0,0.0,0.0,1.0,0.0,0.0,0.0,1.0,1.0,0.0,0.0,0.0,,1.0,1.0,1.0,0.0,,,,1.0,0.0,1.0,1.0,0.0,0.0,,1.0,1.0,0.0,0.0,0.0,,1.0,1.0,0.0,0.0,0.0,1.0,1.0,,1.0,,0.0,1.0,0.0,0.0,0.0,1.0,1.0,,,,,,,0.0,,,,,,,,,1.0,1.0,0.0,,0.0,0.0,0.0,1.0,0.0,1.0,,0.0,0.0,,1.0,,0.0,0.0,0.0,1.0,,,,,,,,,,,,,,,,0.0,0.0,,0.0,,0.0,0.0,0.0,0.0,1.0,0.0,0.0,,0.0,,,,,,,1.0,,,,1.0,0.0,,,0.0,,,,,,,,,,1.0,1.0,0.0,1.0,1.0,1.0,,,,,,0.0,,,1.0,0.0,1.0,0.0,,1.0,0.0,0.0,,,,,1.0,1.0,0.0,1.0,1.0,,,,,1.0,0.0,,,,0.0,0.0,0.0,1.0,,0.0,1.0,,,0.0,,0.0,1.0,1.0,0.0,,0.0,1.0,0.0,1.0,0.0,0.0,0.0,1.0,,0.0,,1.0,1.0,0.0,1.0,0.0,,0.0,1.0,0.0,1.0,0.0,1.0,1.0,,1.0,1.0,,1.0,1.0,1.0,0.0,,,,,1.0,1.0,0.0,0.0,0.0,0.0,,1.0,1.0,1.0,,1.0,,,,,0.0,1.0,1.0,1.0,1.0,,0.0,0.0,0.0,0.0,0.0,0.0,,,0.0,,,,,0.0,,,,,0.0,,,,0.0,0.0,0.0,,1.0,,,,,1.0,,1.0,,1.0,,,0.0,,0.0,,0.0,0.0,1.0,,,,,,,,1.0,,,,,,,1.0,,1.0,,
Lincoln Portela,1.0,1.0,0.0,1.0,1.0,,1.0,1.0,1.0,,0.0,1.0,1.0,0.0,1.0,0.0,1.0,1.0,,1.0,1.0,1.0,1.0,1.0,1.0,1.0,0.0,1.0,0.0,0.0,1.0,,0.0,0.0,1.0,1.0,1.0,1.0,1.0,,0.0,1.0,,0.0,1.0,0.0,1.0,1.0,0.0,0.0,1.0,1.0,1.0,1.0,1.0,1.0,0.0,0.0,0.0,1.0,0.0,,1.0,0.0,1.0,1.0,1.0,0.0,0.0,1.0,0.0,1.0,0.0,0.0,0.0,0.0,1.0,0.0,0.0,0.0,0.0,0.0,0.0,0.0,0.0,0.0,0.0,0.0,0.0,0.0,0.0,1.0,1.0,0.0,,1.0,1.0,1.0,1.0,0.0,,0.0,0.0,0.0,0.0,,1.0,0.0,1.0,1.0,0.0,1.0,0.0,1.0,1.0,1.0,1.0,1.0,0.0,1.0,,1.0,0.0,1.0,0.0,,0.0,0.0,1.0,1.0,1.0,0.0,1.0,0.0,1.0,0.0,0.0,,0.0,1.0,,1.0,0.0,0.0,0.0,0.0,0.0,0.0,1.0,1.0,0.0,1.0,0.0,1.0,1.0,1.0,0.0,0.0,1.0,1.0,1.0,1.0,,0.0,,1.0,1.0,1.0,1.0,0.0,1.0,,,,,,,0.0,1.0,0.0,1.0,0.0,0.0,0.0,1.0,1.0,0.0,1.0,0.0,1.0,,1.0,1.0,1.0,0.0,1.0,1.0,1.0,0.0,1.0,0.0,0.0,1.0,1.0,0.0,,0.0,0.0,0.0,1.0,1.0,0.0,1.0,0.0,1.0,0.0,,0.0,0.0,0.0,1.0,0.0,1.0,1.0,,0.0,1.0,0.0,0.0,0.0,0.0,,0.0,1.0,0.0,,1.0,1.0,1.0,1.0,0.0,1.0,1.0,,1.0,,0.0,0.0,0.0,0.0,0.0,1.0,1.0,0.0,0.0,0.0,0.0,0.0,1.0,0.0,1.0,1.0,1.0,1.0,1.0,0.0,0.0,,1.0,1.0,,1.0,0.0,1.0,1.0,0.0,1.0,,1.0,,,1.0,1.0,0.0,0.0,1.0,,1.0,1.0,1.0,,1.0,1.0,1.0,1.0,1.0,0.0,1.0,0.0,,0.0,0.0,,,0.0,0.0,1.0,1.0,0.0,,0.0,0.0,1.0,0.0,0.0,0.0,0.0,0.0,1.0,,,1.0,1.0,1.0,,,0.0,0.0,,,,,1.0,1.0,1.0,1.0,,,,,,,0.0,0.0,,,,,,1.0,,1.0,,0.0,,,0.0,0.0,,,,1.0,1.0,1.0,,,,1.0,0.0,1.0,1.0,1.0,,,1.0,,1.0,,1.0,1.0,1.0,1.0,,,,,0.0,0.0,,1.0,,,,,,,1.0,0.0,0.0,
Lindomar Garçon,1.0,,0.0,1.0,,,1.0,1.0,,0.0,,1.0,1.0,,,0.0,1.0,1.0,,,,,,,,1.0,,1.0,,0.0,1.0,,0.0,0.0,0.0,,1.0,1.0,1.0,0.0,0.0,,0.0,0.0,1.0,0.0,1.0,1.0,0.0,,,1.0,1.0,1.0,1.0,1.0,1.0,,0.0,1.0,,0.0,,,1.0,,1.0,0.0,0.0,1.0,1.0,1.0,0.0,0.0,0.0,,1.0,0.0,0.0,0.0,0.0,,0.0,0.0,0.0,0.0,0.0,0.0,0.0,0.0,,0.0,,0.0,,1.0,,1.0,0.0,0.0,1.0,0.0,0.0,0.0,0.0,0.0,,0.0,,,,1.0,,1.0,1.0,1.0,,0.0,,,1.0,1.0,0.0,,,1.0,0.0,0.0,1.0,,,1.0,1.0,,1.0,0.0,0.0,0.0,0.0,1.0,0.0,,,,,,,,,1.0,,,,,,,0.0,,1.0,1.0,1.0,1.0,1.0,,0.0,1.0,1.0,1.0,1.0,0.0,1.0,,,,1.0,,0.0,,1.0,,,,0.0,,1.0,,,1.0,,1.0,0.0,0.0,1.0,0.0,0.0,,,,,,0.0,,,,,,,,1.0,0.0,0.0,0.0,0.0,,,,0.0,,0.0,0.0,1.0,,0.0,1.0,0.0,0.0,,,,,,,0.0,,0.0,0.0,1.0,1.0,1.0,1.0,0.0,,,1.0,0.0,1.0,,0.0,0.0,1.0,1.0,1.0,0.0,,0.0,1.0,,1.0,1.0,,,1.0,1.0,0.0,0.0,0.0,0.0,0.0,,1.0,0.0,,0.0,1.0,1.0,,1.0,0.0,1.0,,0.0,,,,0.0,0.0,,1.0,1.0,1.0,,,1.0,,0.0,,,1.0,,1.0,,,1.0,1.0,0.0,,1.0,,,,,,,0.0,,,,,,,,1.0,1.0,1.0,1.0,1.0,1.0,,0.0,1.0,1.0,0.0,1.0,,1.0,,0.0,1.0,1.0,,,1.0,0.0,0.0,,0.0,0.0,0.0,0.0,,,,,,,,,,1.0,1.0,1.0,1.0,1.0,1.0,,,,,,,,,,,1.0,0.0,1.0,,1.0,,,,,1.0,,0.0,0.0,0.0,,1.0,1.0,1.0,1.0,,1.0,1.0,,1.0,0.0,
Lira Maia,1.0,0.0,1.0,1.0,1.0,,1.0,1.0,1.0,0.0,1.0,0.0,1.0,0.0,1.0,1.0,1.0,1.0,1.0,1.0,1.0,1.0,1.0,1.0,1.0,0.0,,,,,,1.0,1.0,0.0,0.0,1.0,,1.0,1.0,,,,,,,,0.0,1.0,,1.0,0.0,,,,,,1.0,,,0.0,1.0,1.0,,,0.0,0.0,0.0,,,,,,,,,,,,,1.0,,1.0,,,,,,,,,,1.0,,,0.0,0.0,1.0,,1.0,1.0,0.0,0.0,0.0,1.0,1.0,1.0,1.0,1.0,0.0,0.0,,,1.0,0.0,0.0,0.0,,0.0,1.0,0.0,1.0,0.0,1.0,1.0,,,1.0,1.0,0.0,,0.0,1.0,,0.0,,,,,0.0,,1.0,,,,,,,,,1.0,1.0,0.0,0.0,0.0,0.0,0.0,,0.0,1.0,,0.0,,,1.0,,0.0,0.0,0.0,0.0,,,,,,,,,0.0,1.0,,,,,,0.0,0.0,,0.0,,0.0,,0.0,0.0,1.0,0.0,0.0,,1.0,,,,,,,,,,,1.0,0.0,,,,,,,,,,,,,,,,,1.0,,,,,,,0.0,,,1.0,,,,,,,,,,,,,,,,,,,1.0,,1.0,1.0,,0.0,1.0,1.0,0.0,0.0,1.0,,,,,,,1.0,0.0,0.0,1.0,0.0,,,,1.0,1.0,0.0,,,,1.0,0.0,1.0,,,1.0,1.0,1.0,,1.0,0.0,,1.0,0.0,1.0,,,,,0.0,1.0,0.0,1.0,,,,,,1.0,0.0,0.0,1.0,0.0,0.0,0.0,1.0,1.0,,1.0,1.0,1.0,,1.0,0.0,0.0,1.0,,1.0,,0.0,1.0,0.0,0.0,,,0.0,1.0,1.0,,,,,,1.0,,,,,,,,,0.0,0.0,0.0,1.0,1.0,1.0,,,,1.0,0.0,1.0,0.0,1.0,,,,,,1.0,1.0,1.0,1.0,,,,,,,,1.0,0.0,1.0,1.0,0.0,1.0,,1.0,1.0,0.0,0.0,1.0
Lobbe Neto,1.0,0.0,1.0,1.0,1.0,1.0,1.0,1.0,1.0,0.0,0.0,,1.0,0.0,1.0,0.0,1.0,1.0,1.0,1.0,1.0,1.0,1.0,0.0,1.0,0.0,,,,,,1.0,1.0,1.0,0.0,1.0,1.0,1.0,1.0,,,,,,0.0,1.0,,,,,0.0,,,,,1.0,,1.0,,,1.0,0.0,,,0.0,0.0,,,0.0,0.0,1.0,0.0,,,1.0,0.0,0.0,1.0,,1.0,0.0,0.0,0.0,0.0,0.0,,0.0,1.0,0.0,0.0,0.0,1.0,1.0,0.0,,,,1.0,,1.0,0.0,0.0,0.0,1.0,1.0,0.0,1.0,1.0,0.0,0.0,,1.0,0.0,0.0,0.0,0.0,,1.0,1.0,0.0,0.0,1.0,1.0,1.0,,1.0,,0.0,1.0,,0.0,0.0,1.0,1.0,,,,,1.0,,0.0,,,,,,,,,1.0,1.0,1.0,,0.0,0.0,0.0,1.0,0.0,1.0,,0.0,0.0,,1.0,,0.0,,0.0,1.0,,,,,,,,,0.0,1.0,,,,,,0.0,,,,,0.0,0.0,0.0,0.0,1.0,1.0,0.0,,0.0,,,,,,,,,,,1.0,,,,0.0,,,,,,,,,,1.0,1.0,0.0,1.0,1.0,1.0,,,,,,0.0,,,1.0,1.0,1.0,1.0,,1.0,0.0,0.0,,,,,,1.0,1.0,1.0,,,,1.0,,1.0,0.0,,,,,0.0,0.0,0.0,0.0,0.0,1.0,,,0.0,1.0,0.0,0.0,1.0,0.0,,1.0,1.0,1.0,1.0,0.0,,,,,0.0,1.0,1.0,,1.0,1.0,0.0,0.0,0.0,0.0,0.0,1.0,0.0,1.0,1.0,0.0,1.0,1.0,0.0,1.0,1.0,1.0,,,,,1.0,,,,,,,,1.0,1.0,,,1.0,1.0,,,,0.0,1.0,,1.0,0.0,0.0,0.0,0.0,0.0,0.0,0.0,0.0,,1.0,0.0,,,,,0.0,,,,,0.0,0.0,,,0.0,0.0,0.0,1.0,1.0,1.0,,,,1.0,0.0,1.0,0.0,1.0,,,,,,1.0,0.0,0.0,1.0,,,,,,,,,0.0,1.0,1.0,,0.0,,1.0,1.0,0.0,1.0,1.0
Lucenira Pimentel,1.0,1.0,0.0,1.0,1.0,1.0,1.0,1.0,1.0,1.0,0.0,0.0,1.0,,,,,,1.0,1.0,1.0,1.0,1.0,1.0,1.0,1.0,0.0,1.0,0.0,0.0,1.0,1.0,0.0,,,1.0,,1.0,1.0,0.0,0.0,1.0,0.0,,1.0,0.0,1.0,,0.0,0.0,1.0,1.0,1.0,1.0,1.0,,0.0,1.0,0.0,1.0,0.0,1.0,,0.0,1.0,1.0,1.0,0.0,0.0,1.0,1.0,1.0,0.0,0.0,0.0,0.0,1.0,0.0,0.0,0.0,0.0,0.0,0.0,0.0,0.0,0.0,0.0,0.0,0.0,0.0,0.0,1.0,1.0,0.0,1.0,1.0,1.0,1.0,1.0,0.0,1.0,0.0,0.0,0.0,0.0,0.0,1.0,0.0,1.0,1.0,0.0,1.0,1.0,1.0,1.0,1.0,1.0,1.0,0.0,1.0,1.0,,0.0,,,,,0.0,,1.0,1.0,0.0,1.0,0.0,1.0,0.0,0.0,0.0,0.0,1.0,1.0,1.0,0.0,,0.0,,0.0,,1.0,1.0,0.0,1.0,,,,,0.0,0.0,1.0,1.0,1.0,1.0,1.0,0.0,0.0,1.0,1.0,1.0,,,1.0,0.0,1.0,0.0,1.0,0.0,0.0,0.0,1.0,0.0,1.0,0.0,0.0,0.0,1.0,1.0,0.0,1.0,,1.0,0.0,1.0,1.0,0.0,0.0,1.0,1.0,1.0,,,0.0,0.0,,,0.0,0.0,0.0,0.0,0.0,1.0,1.0,0.0,1.0,0.0,1.0,0.0,0.0,0.0,0.0,0.0,1.0,0.0,1.0,1.0,,0.0,1.0,0.0,0.0,0.0,0.0,0.0,0.0,,,0.0,1.0,,,1.0,,0.0,1.0,,0.0,,,,0.0,1.0,1.0,1.0,,,0.0,0.0,0.0,0.0,1.0,0.0,1.0,1.0,1.0,,,,0.0,0.0,0.0,1.0,0.0,1.0,0.0,1.0,1.0,0.0,1.0,0.0,,1.0,1.0,,,,,,,,1.0,1.0,1.0,1.0,1.0,1.0,,1.0,1.0,1.0,1.0,,0.0,0.0,1.0,1.0,0.0,0.0,1.0,1.0,1.0,1.0,0.0,,1.0,,0.0,0.0,0.0,0.0,1.0,1.0,1.0,1.0,1.0,,1.0,1.0,,0.0,0.0,1.0,1.0,,,,,1.0,,1.0,1.0,0.0,0.0,0.0,0.0,0.0,0.0,0.0,0.0,0.0,0.0,,0.0,1.0,0.0,0.0,0.0,,0.0,0.0,1.0,1.0,1.0,1.0,1.0,1.0,,,,,0.0,,1.0,1.0,1.0,1.0,1.0,0.0,1.0,1.0,1.0,1.0,1.0,1.0,0.0,1.0,0.0,0.0,0.0,,0.0,1.0,1.0,1.0,1.0,1.0,0.0,1.0,1.0,1.0,1.0,
Luciana Costa,1.0,1.0,0.0,0.0,1.0,1.0,1.0,1.0,,,,,,,1.0,1.0,1.0,1.0,1.0,,,,1.0,,1.0,1.0,,,,,,1.0,0.0,0.0,1.0,1.0,1.0,1.0,,0.0,0.0,1.0,0.0,0.0,,,1.0,,0.0,,1.0,1.0,1.0,1.0,1.0,1.0,,,,,0.0,0.0,,,,,,,,1.0,1.0,,,,,,,,,,,,,,,,,,,,,1.0,,,,,,,,,,0.0,0.0,0.0,0.0,0.0,,,1.0,,,1.0,1.0,1.0,,1.0,1.0,1.0,0.0,1.0,1.0,1.0,0.0,,0.0,1.0,0.0,0.0,1.0,,,0.0,1.0,,1.0,0.0,0.0,0.0,0.0,1.0,1.0,1.0,0.0,0.0,0.0,0.0,0.0,0.0,1.0,1.0,,0.0,0.0,1.0,1.0,1.0,,0.0,1.0,1.0,1.0,1.0,1.0,0.0,0.0,1.0,,1.0,1.0,0.0,1.0,,,0.0,,,,,1.0,0.0,1.0,0.0,0.0,0.0,1.0,1.0,0.0,1.0,0.0,,0.0,0.0,1.0,1.0,0.0,1.0,1.0,1.0,0.0,1.0,0.0,0.0,1.0,,0.0,0.0,0.0,0.0,0.0,1.0,0.0,0.0,0.0,0.0,1.0,0.0,0.0,0.0,0.0,0.0,1.0,,1.0,1.0,0.0,0.0,,,0.0,0.0,0.0,0.0,0.0,1.0,0.0,0.0,,1.0,1.0,1.0,0.0,0.0,1.0,1.0,1.0,1.0,0.0,0.0,0.0,1.0,1.0,,0.0,0.0,0.0,0.0,0.0,0.0,,0.0,1.0,,1.0,1.0,1.0,0.0,0.0,0.0,0.0,1.0,0.0,1.0,0.0,,1.0,0.0,1.0,0.0,1.0,1.0,1.0,1.0,1.0,,0.0,,0.0,1.0,,1.0,1.0,,,1.0,1.0,1.0,1.0,1.0,,,0.0,0.0,,1.0,0.0,,1.0,,1.0,1.0,0.0,0.0,1.0,0.0,0.0,,0.0,0.0,1.0,1.0,1.0,1.0,,1.0,,1.0,1.0,0.0,0.0,1.0,1.0,1.0,,,,1.0,0.0,1.0,1.0,0.0,0.0,,0.0,0.0,0.0,0.0,0.0,0.0,0.0,1.0,,1.0,,,0.0,0.0,0.0,0.0,1.0,1.0,1.0,1.0,1.0,,0.0,0.0,1.0,1.0,,1.0,,,1.0,1.0,1.0,0.0,1.0,1.0,,1.0,1.0,1.0,,,,0.0,0.0,0.0,0.0,1.0,,,1.0,,0.0,,,1.0,1.0,
Luciana Genro,1.0,0.0,1.0,0.0,,,1.0,1.0,1.0,1.0,,0.0,1.0,0.0,1.0,0.0,1.0,1.0,1.0,1.0,1.0,1.0,1.0,0.0,1.0,0.0,0.0,1.0,0.0,0.0,1.0,1.0,1.0,1.0,0.0,1.0,,,,1.0,0.0,1.0,1.0,1.0,0.0,1.0,0.0,,1.0,,0.0,,,,,,1.0,,,1.0,,,1.0,,0.0,0.0,1.0,0.0,1.0,0.0,1.0,1.0,,0.0,0.0,0.0,,1.0,0.0,1.0,1.0,,0.0,,0.0,,0.0,0.0,0.0,0.0,0.0,0.0,1.0,0.0,,1.0,,1.0,0.0,,1.0,,,0.0,1.0,0.0,1.0,0.0,1.0,0.0,,1.0,0.0,1.0,0.0,,0.0,0.0,0.0,0.0,0.0,0.0,1.0,1.0,,,0.0,1.0,0.0,,,,1.0,0.0,,0.0,,0.0,,,,0.0,0.0,0.0,0.0,0.0,0.0,0.0,1.0,1.0,,0.0,0.0,0.0,0.0,0.0,0.0,0.0,1.0,1.0,0.0,,1.0,1.0,0.0,1.0,1.0,1.0,1.0,1.0,1.0,,,,,0.0,0.0,0.0,1.0,0.0,1.0,0.0,0.0,0.0,,,0.0,1.0,1.0,1.0,0.0,1.0,1.0,1.0,1.0,0.0,,0.0,1.0,0.0,,,,,1.0,1.0,,1.0,1.0,0.0,0.0,1.0,0.0,,,,0.0,0.0,,0.0,0.0,0.0,0.0,1.0,0.0,,1.0,0.0,0.0,0.0,0.0,0.0,,0.0,0.0,0.0,,,,,0.0,,1.0,1.0,0.0,,1.0,,,,,,1.0,1.0,0.0,1.0,0.0,1.0,1.0,1.0,0.0,1.0,1.0,0.0,0.0,,0.0,0.0,1.0,0.0,0.0,,1.0,1.0,1.0,0.0,1.0,,,,0.0,0.0,0.0,,,,0.0,1.0,,,,1.0,,,,,,,0.0,,,0.0,0.0,1.0,0.0,0.0,1.0,,,,,,,,1.0,1.0,0.0,0.0,1.0,0.0,1.0,1.0,,,1.0,,,,,,,,,,,,,,,,,,0.0,0.0,,,,,,0.0,,,,,,,,,,,,,1.0,1.0,0.0,0.0,0.0,1.0,0.0,1.0,0.0,1.0,1.0,1.0,,,,,0.0,0.0,1.0,0.0,1.0,0.0,0.0,0.0,,,0.0,0.0,1.0,1.0,,0.0,1.0,,0.0,1.0,1.0,0.0
Luciano Castro,,1.0,0.0,0.0,1.0,1.0,1.0,1.0,1.0,1.0,,,1.0,,1.0,1.0,1.0,1.0,,,,,,1.0,1.0,1.0,,1.0,,0.0,,1.0,,1.0,0.0,,1.0,1.0,1.0,,,,0.0,0.0,1.0,0.0,1.0,,,0.0,,1.0,1.0,1.0,1.0,,0.0,0.0,0.0,1.0,0.0,,1.0,,,,,,0.0,,,1.0,0.0,0.0,0.0,,0.0,,0.0,,,,1.0,0.0,0.0,0.0,0.0,0.0,,0.0,0.0,,1.0,,,1.0,,1.0,1.0,0.0,,0.0,0.0,0.0,0.0,0.0,,0.0,1.0,1.0,0.0,1.0,,1.0,1.0,1.0,1.0,1.0,0.0,1.0,,1.0,0.0,1.0,,,,0.0,1.0,1.0,1.0,0.0,1.0,0.0,1.0,,,0.0,0.0,1.0,1.0,,,,,,,0.0,1.0,1.0,,1.0,,,,1.0,,,,1.0,1.0,1.0,,,0.0,,1.0,1.0,,,,0.0,1.0,0.0,1.0,0.0,0.0,,1.0,,1.0,,,,1.0,1.0,,,,,,1.0,1.0,0.0,0.0,,1.0,,,,,0.0,,,,,,,,1.0,1.0,,1.0,,1.0,,,,,,,0.0,1.0,1.0,,,,,,,,0.0,,1.0,0.0,,1.0,1.0,,,,,1.0,,1.0,,0.0,,,1.0,0.0,,0.0,,0.0,0.0,,,,0.0,1.0,1.0,1.0,1.0,1.0,,,0.0,,1.0,0.0,1.0,0.0,,,,,,1.0,,1.0,,1.0,,,,0.0,1.0,1.0,1.0,1.0,1.0,,0.0,1.0,1.0,1.0,1.0,1.0,1.0,,0.0,1.0,,0.0,0.0,1.0,,1.0,,0.0,0.0,1.0,,0.0,,0.0,0.0,1.0,1.0,,1.0,1.0,,1.0,1.0,,0.0,,,,0.0,1.0,,,,0.0,,0.0,0.0,0.0,,,0.0,0.0,0.0,,0.0,,1.0,0.0,1.0,0.0,,0.0,,0.0,,1.0,1.0,1.0,1.0,,1.0,0.0,,,0.0,,0.0,1.0,1.0,1.0,,,0.0,,,1.0,1.0,,1.0,0.0,1.0,,0.0,0.0,0.0,0.0,,,1.0,1.0,1.0,,,1.0,1.0,1.0,1.0
Luciano Pizzatto,,,,1.0,,,,,,,0.0,0.0,,,,,,,,,,,,,,,,,,,,,,1.0,,,,,,,,,,,,,,,,,,,,,,,,,,,,,,,,,,,,,,,,,,,,,,,,,,,,,,,,,,,,,,,,,,,,,,,,,,,,,,,,,,,,,,,,,,,,,,,,,,,,,,,,,,,,,,,,,,,,,,0.0,,,,,,,1.0,,,0.0,,1.0,,0.0,,0.0,,,,,,,,,,,,,,,,,0.0,,,,,,,0.0,1.0,1.0,0.0,0.0,,0.0,,,,,,,,,,1.0,,0.0,,,,,,,,,,,,,,,,,,,,,,,,,,,,,1.0,1.0,,,,,,,,,,1.0,1.0,1.0,,,,,,,,,0.0,,,0.0,0.0,,,,,,,0.0,,,0.0,1.0,0.0,,,,1.0,,0.0,,,,,1.0,,,,1.0,,,,,,,,,,,,,,,,,,,,,,,,,,,,,,,,,,,,,,,,,,,,,,,,,,,,,,,,,,,,,,,,,,,,,,,,,,,,,,,,,,,,,,,,,,,,,,,,,,,,,,,,,,,,
Luis Carlos Heinze,1.0,,0.0,0.0,1.0,1.0,,1.0,1.0,0.0,0.0,,1.0,,,1.0,,1.0,1.0,,1.0,1.0,1.0,1.0,,,,,0.0,,1.0,1.0,0.0,0.0,1.0,1.0,1.0,1.0,1.0,0.0,0.0,1.0,0.0,1.0,0.0,0.0,0.0,1.0,,,1.0,1.0,1.0,1.0,1.0,1.0,0.0,0.0,0.0,0.0,1.0,1.0,1.0,1.0,0.0,,1.0,,0.0,1.0,1.0,0.0,0.0,0.0,0.0,0.0,1.0,0.0,1.0,1.0,0.0,,0.0,,0.0,0.0,0.0,,,0.0,,1.0,1.0,0.0,,,1.0,1.0,,0.0,,0.0,,1.0,1.0,,1.0,0.0,0.0,0.0,0.0,1.0,,1.0,1.0,0.0,0.0,0.0,1.0,,1.0,,1.0,,0.0,,0.0,0.0,,1.0,,0.0,,0.0,1.0,0.0,0.0,0.0,0.0,,1.0,,0.0,0.0,0.0,,,0.0,1.0,,0.0,0.0,0.0,,1.0,1.0,0.0,1.0,1.0,1.0,1.0,0.0,1.0,0.0,0.0,,1.0,,,0.0,,0.0,,,0.0,0.0,1.0,0.0,1.0,,1.0,0.0,0.0,0.0,,,,1.0,0.0,1.0,0.0,0.0,0.0,1.0,0.0,1.0,,1.0,0.0,1.0,,0.0,,1.0,,,0.0,0.0,,,1.0,0.0,1.0,,1.0,0.0,0.0,,0.0,,1.0,0.0,0.0,1.0,0.0,,1.0,0.0,0.0,,0.0,0.0,0.0,1.0,,0.0,,1.0,1.0,1.0,0.0,0.0,1.0,1.0,0.0,1.0,0.0,,,1.0,1.0,1.0,0.0,,0.0,0.0,0.0,0.0,0.0,0.0,1.0,,1.0,,,0.0,0.0,0.0,,,1.0,,0.0,,0.0,1.0,0.0,0.0,,,,,1.0,,0.0,1.0,0.0,1.0,1.0,0.0,0.0,,,0.0,0.0,1.0,1.0,1.0,1.0,1.0,,0.0,1.0,1.0,,0.0,,,1.0,1.0,0.0,,1.0,1.0,0.0,0.0,1.0,1.0,0.0,0.0,0.0,,1.0,0.0,1.0,1.0,1.0,0.0,0.0,1.0,1.0,,,,,,0.0,1.0,,,0.0,1.0,,,,,0.0,0.0,0.0,,0.0,1.0,,,,,,0.0,1.0,1.0,1.0,,1.0,1.0,0.0,0.0,1.0,,0.0,,,1.0,1.0,,,0.0,,1.0,1.0,1.0,1.0,1.0,0.0,,,0.0,0.0,,0.0,1.0,1.0,1.0,,1.0,0.0,1.0,1.0,1.0,1.0,1.0
Luiz Alberto,1.0,,,1.0,1.0,,1.0,1.0,,0.0,0.0,,1.0,,,1.0,1.0,1.0,1.0,1.0,1.0,1.0,1.0,1.0,,,,,,,,1.0,0.0,1.0,0.0,1.0,1.0,,,0.0,0.0,1.0,0.0,0.0,1.0,0.0,1.0,,,,,,,,,1.0,,,,,,,,,,,,,,,,,,,,,,,,,,,,,,,,,,,,,,,,,,1.0,,,,,,,,,,,,,,,,,,,1.0,,,,,,,,,1.0,,,,,,,,,,,,,,,1.0,,,,,,,,,1.0,,,,,,,,,,,,,,,,,1.0,,,,,0.0,1.0,0.0,1.0,0.0,0.0,0.0,1.0,,,,,,,,,,,,,,,,,,1.0,,,,,,,,,,,,,,,,,,,,,0.0,,,,,,,,,,0.0,0.0,0.0,0.0,0.0,0.0,1.0,0.0,0.0,,1.0,1.0,1.0,0.0,,1.0,1.0,0.0,1.0,0.0,0.0,0.0,0.0,0.0,1.0,0.0,0.0,0.0,,0.0,0.0,1.0,0.0,1.0,1.0,1.0,1.0,1.0,0.0,,0.0,,1.0,0.0,,0.0,1.0,1.0,0.0,1.0,0.0,1.0,,0.0,0.0,1.0,0.0,0.0,0.0,0.0,1.0,,1.0,1.0,1.0,0.0,1.0,0.0,0.0,1.0,1.0,,1.0,0.0,0.0,1.0,1.0,0.0,1.0,,1.0,0.0,,0.0,0.0,1.0,0.0,1.0,,0.0,1.0,,,,,0.0,1.0,1.0,1.0,0.0,0.0,0.0,1.0,1.0,0.0,1.0,0.0,1.0,,0.0,1.0,1.0,,,1.0,0.0,0.0,,0.0,0.0,0.0,0.0,,0.0,1.0,0.0,0.0,,,0.0,0.0,1.0,1.0,1.0,1.0,1.0,1.0,,,,,1.0,,0.0,1.0,1.0,1.0,1.0,0.0,1.0,1.0,1.0,0.0,,1.0,0.0,1.0,0.0,,0.0,0.0,,1.0,1.0,1.0,1.0,1.0,0.0,1.0,1.0,1.0,1.0,1.0
Luiz Bassuma,1.0,1.0,0.0,1.0,1.0,1.0,,1.0,1.0,1.0,0.0,0.0,,0.0,1.0,0.0,1.0,,1.0,1.0,1.0,1.0,1.0,0.0,1.0,1.0,,,0.0,,1.0,1.0,,0.0,0.0,1.0,,,,0.0,,,0.0,0.0,1.0,0.0,1.0,,0.0,0.0,1.0,1.0,1.0,1.0,1.0,1.0,,0.0,0.0,,1.0,0.0,1.0,0.0,,1.0,1.0,0.0,,1.0,0.0,1.0,,,0.0,,,,0.0,0.0,,,0.0,,0.0,0.0,,,0.0,,,0.0,,0.0,1.0,1.0,,,,,1.0,,,,0.0,0.0,1.0,0.0,1.0,,0.0,1.0,,1.0,1.0,,1.0,0.0,1.0,0.0,1.0,1.0,0.0,1.0,,,0.0,1.0,,,0.0,,1.0,0.0,1.0,0.0,,0.0,0.0,1.0,0.0,1.0,0.0,,0.0,,,,1.0,0.0,,1.0,0.0,1.0,1.0,1.0,,1.0,1.0,,1.0,,1.0,0.0,,1.0,1.0,1.0,1.0,,1.0,,1.0,,1.0,0.0,0.0,,1.0,,1.0,0.0,,0.0,1.0,1.0,,,0.0,1.0,0.0,1.0,1.0,0.0,0.0,,,1.0,,1.0,0.0,0.0,1.0,1.0,,0.0,,0.0,0.0,1.0,,0.0,1.0,,1.0,0.0,0.0,0.0,0.0,,,0.0,0.0,1.0,0.0,0.0,,,,,0.0,0.0,0.0,,,,1.0,,,1.0,0.0,0.0,1.0,,0.0,1.0,0.0,0.0,0.0,0.0,0.0,1.0,0.0,0.0,0.0,,,0.0,1.0,,,,,1.0,1.0,,0.0,0.0,,1.0,0.0,,0.0,1.0,,,1.0,0.0,1.0,1.0,0.0,0.0,,,,,,1.0,1.0,1.0,,1.0,0.0,1.0,,,1.0,1.0,,1.0,0.0,0.0,1.0,1.0,0.0,,1.0,1.0,0.0,1.0,,,1.0,0.0,1.0,0.0,0.0,1.0,,0.0,,1.0,1.0,,,1.0,1.0,0.0,0.0,,1.0,0.0,,1.0,1.0,1.0,,,1.0,,,1.0,,,,,0.0,,0.0,,,1.0,0.0,0.0,,,0.0,0.0,1.0,1.0,1.0,,1.0,,,0.0,1.0,1.0,,0.0,,1.0,,,1.0,0.0,1.0,1.0,1.0,,1.0,,0.0,,0.0,0.0,0.0,0.0,,1.0,1.0,1.0,1.0,0.0,1.0,1.0,,,1.0,0.0
Luiz Bittencourt,1.0,1.0,0.0,1.0,1.0,1.0,1.0,1.0,1.0,0.0,0.0,0.0,1.0,,,,,,1.0,1.0,1.0,1.0,1.0,1.0,1.0,1.0,0.0,1.0,0.0,0.0,1.0,1.0,0.0,1.0,0.0,1.0,1.0,1.0,1.0,0.0,0.0,1.0,0.0,0.0,1.0,0.0,1.0,1.0,,,1.0,1.0,1.0,1.0,1.0,1.0,0.0,,,1.0,1.0,1.0,1.0,0.0,1.0,1.0,,,0.0,1.0,1.0,,0.0,0.0,0.0,0.0,1.0,0.0,0.0,0.0,0.0,0.0,0.0,,0.0,0.0,0.0,,0.0,0.0,,1.0,1.0,0.0,,1.0,1.0,1.0,1.0,,,0.0,,,0.0,0.0,1.0,,,1.0,0.0,1.0,1.0,1.0,1.0,1.0,1.0,0.0,1.0,0.0,1.0,1.0,0.0,1.0,0.0,1.0,0.0,1.0,0.0,1.0,0.0,1.0,1.0,0.0,1.0,0.0,0.0,0.0,1.0,1.0,0.0,1.0,0.0,0.0,0.0,,0.0,0.0,1.0,0.0,0.0,1.0,0.0,,,1.0,,1.0,1.0,1.0,1.0,1.0,1.0,0.0,,1.0,1.0,,1.0,,1.0,0.0,1.0,0.0,0.0,0.0,0.0,0.0,1.0,,1.0,0.0,0.0,0.0,1.0,,0.0,1.0,0.0,1.0,0.0,0.0,0.0,0.0,0.0,1.0,1.0,1.0,0.0,1.0,0.0,0.0,1.0,,0.0,0.0,,0.0,,1.0,1.0,0.0,1.0,0.0,1.0,,0.0,0.0,,0.0,1.0,0.0,1.0,1.0,0.0,0.0,1.0,0.0,0.0,0.0,0.0,0.0,,1.0,0.0,,1.0,1.0,1.0,1.0,,1.0,1.0,,0.0,1.0,0.0,0.0,0.0,1.0,1.0,1.0,0.0,0.0,,,,,,0.0,1.0,1.0,1.0,,,,0.0,0.0,0.0,1.0,0.0,1.0,0.0,1.0,1.0,0.0,1.0,0.0,1.0,1.0,1.0,0.0,1.0,0.0,0.0,1.0,0.0,1.0,1.0,1.0,1.0,1.0,1.0,1.0,1.0,1.0,1.0,1.0,1.0,1.0,0.0,0.0,1.0,1.0,,,1.0,1.0,1.0,1.0,0.0,0.0,1.0,0.0,0.0,0.0,0.0,,0.0,1.0,0.0,1.0,1.0,1.0,1.0,1.0,0.0,,,,1.0,0.0,1.0,,1.0,,,1.0,1.0,0.0,0.0,,0.0,0.0,0.0,0.0,0.0,0.0,0.0,,0.0,1.0,0.0,0.0,0.0,1.0,0.0,0.0,1.0,1.0,1.0,1.0,1.0,1.0,0.0,0.0,1.0,0.0,1.0,,,1.0,1.0,1.0,1.0,0.0,1.0,1.0,1.0,1.0,1.0,1.0,0.0,1.0,,0.0,0.0,0.0,0.0,1.0,1.0,1.0,1.0,1.0,0.0,1.0,1.0,0.0,1.0,1.0
Luiz Carlos Busato,1.0,1.0,0.0,1.0,1.0,1.0,1.0,1.0,1.0,,0.0,0.0,,,1.0,0.0,1.0,1.0,1.0,1.0,1.0,,,,1.0,1.0,,1.0,0.0,0.0,1.0,1.0,0.0,1.0,0.0,1.0,1.0,1.0,1.0,,,1.0,,0.0,1.0,0.0,1.0,1.0,,0.0,1.0,1.0,1.0,1.0,1.0,1.0,0.0,0.0,0.0,1.0,1.0,0.0,1.0,0.0,1.0,,1.0,,0.0,1.0,1.0,1.0,,0.0,0.0,0.0,1.0,0.0,0.0,0.0,0.0,,0.0,,0.0,0.0,0.0,0.0,0.0,0.0,0.0,1.0,1.0,0.0,,1.0,,1.0,1.0,0.0,1.0,0.0,,0.0,0.0,0.0,1.0,1.0,1.0,,0.0,1.0,0.0,1.0,1.0,,1.0,0.0,1.0,0.0,1.0,1.0,0.0,1.0,,1.0,0.0,0.0,1.0,1.0,,0.0,1.0,0.0,1.0,0.0,0.0,0.0,0.0,,1.0,1.0,0.0,0.0,0.0,,0.0,0.0,,0.0,0.0,1.0,0.0,1.0,1.0,1.0,,0.0,1.0,1.0,1.0,1.0,,0.0,,1.0,1.0,1.0,,0.0,1.0,,,0.0,1.0,0.0,0.0,0.0,1.0,0.0,,,,,1.0,,0.0,1.0,0.0,,1.0,0.0,0.0,1.0,0.0,1.0,1.0,1.0,0.0,1.0,,0.0,1.0,,0.0,0.0,,0.0,,1.0,1.0,0.0,1.0,0.0,1.0,0.0,,0.0,0.0,0.0,,,1.0,,0.0,0.0,1.0,0.0,0.0,0.0,0.0,0.0,0.0,1.0,0.0,0.0,1.0,1.0,1.0,1.0,0.0,1.0,,1.0,0.0,1.0,,0.0,0.0,1.0,1.0,1.0,0.0,0.0,0.0,0.0,0.0,0.0,1.0,0.0,1.0,1.0,1.0,1.0,1.0,,,,,,,1.0,0.0,1.0,1.0,0.0,1.0,0.0,1.0,1.0,1.0,0.0,1.0,0.0,0.0,1.0,,1.0,1.0,1.0,1.0,1.0,1.0,1.0,1.0,1.0,1.0,,1.0,,,0.0,1.0,1.0,0.0,0.0,1.0,,0.0,1.0,0.0,0.0,,,0.0,0.0,1.0,,1.0,1.0,0.0,1.0,,1.0,1.0,1.0,0.0,0.0,0.0,1.0,1.0,0.0,,,1.0,1.0,0.0,1.0,1.0,,0.0,,,0.0,,,0.0,0.0,0.0,1.0,0.0,1.0,0.0,0.0,,,0.0,0.0,,1.0,1.0,,1.0,,0.0,0.0,1.0,,1.0,,,1.0,1.0,1.0,1.0,,1.0,1.0,,1.0,1.0,1.0,0.0,,0.0,0.0,0.0,,,,,,1.0,,0.0,,1.0,1.0,1.0,
Luiz Carlos Hauly,1.0,0.0,,1.0,1.0,1.0,1.0,,1.0,0.0,0.0,0.0,1.0,0.0,1.0,0.0,1.0,1.0,1.0,1.0,1.0,1.0,1.0,1.0,1.0,0.0,,,,,,1.0,1.0,0.0,,1.0,,1.0,1.0,,,,,,,,,1.0,,,0.0,0.0,,,,,1.0,1.0,,0.0,,0.0,,,0.0,,,,,,,,0.0,,,,,,,,,,0.0,,0.0,,0.0,1.0,0.0,1.0,,,,,0.0,,1.0,,1.0,,0.0,0.0,,,1.0,0.0,,1.0,0.0,0.0,,,0.0,,0.0,0.0,0.0,1.0,1.0,0.0,0.0,0.0,,1.0,1.0,,,0.0,1.0,,0.0,0.0,,,,,,,0.0,,0.0,,,,,,,,,,1.0,1.0,,0.0,0.0,0.0,1.0,0.0,1.0,,1.0,0.0,,,,0.0,,0.0,,,,,,1.0,,,,0.0,,,,,,,,0.0,,,,1.0,0.0,1.0,0.0,1.0,1.0,0.0,,0.0,,,,,,,,,,,,,,,0.0,,,,,,1.0,0.0,0.0,,1.0,1.0,,1.0,1.0,0.0,,,,,,0.0,,,1.0,,1.0,1.0,,,,0.0,,,,1.0,,1.0,0.0,1.0,,,,,,1.0,0.0,,,,,,,,,0.0,1.0,,,,1.0,0.0,,0.0,0.0,,1.0,1.0,1.0,1.0,0.0,0.0,,1.0,,0.0,1.0,1.0,1.0,0.0,1.0,0.0,0.0,0.0,,,1.0,0.0,1.0,,0.0,1.0,1.0,,1.0,,1.0,0.0,,,,,1.0,1.0,0.0,0.0,0.0,0.0,0.0,1.0,,1.0,,1.0,1.0,,,,0.0,1.0,,1.0,,0.0,,0.0,0.0,0.0,,0.0,1.0,1.0,0.0,,,,,0.0,,,,,0.0,,,,0.0,,0.0,1.0,1.0,1.0,,,,1.0,0.0,1.0,0.0,1.0,,,,,,1.0,0.0,0.0,,,,0.0,,,,,,,1.0,1.0,0.0,0.0,,1.0,,1.0,1.0,1.0
Luiz Carlos Setim,1.0,0.0,1.0,1.0,,1.0,1.0,1.0,1.0,0.0,0.0,0.0,1.0,0.0,1.0,1.0,1.0,1.0,1.0,1.0,1.0,1.0,1.0,1.0,1.0,0.0,,,,1.0,,1.0,1.0,1.0,,1.0,1.0,1.0,1.0,,,,,,0.0,1.0,0.0,1.0,,,0.0,,,,,1.0,1.0,,,0.0,,1.0,,,0.0,0.0,0.0,,,0.0,1.0,1.0,,,,,,,,1.0,0.0,1.0,0.0,,0.0,,,,,0.0,0.0,1.0,,0.0,1.0,0.0,1.0,1.0,1.0,1.0,0.0,0.0,0.0,,1.0,0.0,1.0,1.0,0.0,0.0,,1.0,1.0,0.0,0.0,0.0,,0.0,1.0,0.0,1.0,1.0,1.0,1.0,0.0,1.0,0.0,1.0,0.0,,0.0,1.0,1.0,0.0,,0.0,,,0.0,,1.0,,,,,,,,,0.0,1.0,1.0,0.0,0.0,0.0,0.0,0.0,0.0,1.0,1.0,1.0,0.0,,0.0,,0.0,,1.0,,,,,,,,,,0.0,1.0,0.0,,,,,1.0,,,1.0,,0.0,0.0,0.0,0.0,1.0,,0.0,,1.0,,,,,,,,,,1.0,1.0,1.0,,,0.0,,,,,,,,,,1.0,1.0,,,1.0,,,,,,,0.0,,,1.0,0.0,1.0,1.0,,1.0,0.0,0.0,,,,,,1.0,1.0,1.0,,,,,,1.0,0.0,,0.0,1.0,1.0,0.0,0.0,1.0,,,1.0,,,0.0,,0.0,0.0,1.0,0.0,,1.0,1.0,,1.0,0.0,0.0,0.0,1.0,0.0,0.0,1.0,1.0,1.0,1.0,1.0,1.0,0.0,1.0,1.0,0.0,1.0,0.0,1.0,,1.0,1.0,,,1.0,0.0,1.0,0.0,,,,0.0,1.0,0.0,0.0,1.0,0.0,0.0,0.0,1.0,,1.0,1.0,1.0,1.0,,,,0.0,1.0,1.0,1.0,1.0,0.0,,0.0,0.0,0.0,,0.0,1.0,1.0,0.0,,,,,1.0,,,,,0.0,,,,1.0,1.0,1.0,1.0,1.0,1.0,,,,1.0,0.0,1.0,0.0,1.0,1.0,,0.0,,0.0,1.0,1.0,1.0,1.0,,,,,,,,0.0,,1.0,1.0,0.0,1.0,,1.0,1.0,0.0,1.0,1.0
Luiz Carreira,1.0,0.0,1.0,,,1.0,1.0,,1.0,0.0,0.0,0.0,1.0,0.0,1.0,1.0,1.0,1.0,,1.0,1.0,1.0,,1.0,1.0,0.0,,,,,,1.0,1.0,1.0,0.0,,1.0,1.0,1.0,,,,1.0,,0.0,1.0,,1.0,,,0.0,,,,,,1.0,,,,1.0,1.0,,,0.0,0.0,0.0,,,0.0,1.0,,,,,,,,,1.0,,1.0,,,,,,,,,,,,,0.0,0.0,1.0,1.0,1.0,1.0,0.0,0.0,0.0,1.0,1.0,,,,0.0,0.0,,1.0,0.0,0.0,0.0,1.0,,0.0,1.0,0.0,0.0,0.0,1.0,1.0,0.0,,,1.0,0.0,,0.0,1.0,1.0,0.0,,,,,0.0,,0.0,,,,,,,,,0.0,1.0,0.0,,0.0,0.0,0.0,0.0,0.0,1.0,1.0,0.0,0.0,,1.0,,0.0,0.0,0.0,0.0,,,,,,,,,0.0,1.0,,,,,,0.0,0.0,,,1.0,0.0,1.0,0.0,0.0,1.0,0.0,,,0.0,,,,,,,,,,,,,,,,,,,,,,,,,,,,,1.0,,,,,,,0.0,,,1.0,0.0,1.0,1.0,,1.0,0.0,0.0,,,1.0,,,1.0,1.0,1.0,,,,1.0,,1.0,1.0,1.0,0.0,1.0,1.0,0.0,0.0,,,,1.0,,1.0,0.0,,0.0,1.0,1.0,0.0,,1.0,1.0,,1.0,0.0,0.0,0.0,1.0,0.0,0.0,1.0,1.0,1.0,1.0,1.0,0.0,,0.0,1.0,0.0,1.0,0.0,1.0,1.0,,,,0.0,,0.0,1.0,,,,,0.0,1.0,0.0,0.0,1.0,0.0,0.0,0.0,,1.0,1.0,,1.0,1.0,,,,0.0,,1.0,1.0,,0.0,1.0,0.0,0.0,,,,1.0,1.0,,,,,,0.0,,,,,,,,,0.0,0.0,0.0,1.0,1.0,1.0,,,0.0,1.0,0.0,1.0,0.0,,,,,,,1.0,,,1.0,,,0.0,,,,,,0.0,,,0.0,,,,1.0,0.0,1.0,
Luiz Couto,1.0,1.0,0.0,1.0,1.0,1.0,1.0,1.0,1.0,0.0,0.0,,1.0,0.0,1.0,1.0,1.0,1.0,1.0,1.0,1.0,1.0,1.0,1.0,1.0,,0.0,1.0,0.0,0.0,1.0,1.0,0.0,1.0,1.0,1.0,1.0,1.0,0.0,0.0,0.0,1.0,,0.0,1.0,0.0,1.0,1.0,0.0,0.0,1.0,1.0,1.0,1.0,1.0,1.0,0.0,0.0,0.0,1.0,1.0,0.0,1.0,0.0,1.0,1.0,1.0,0.0,0.0,1.0,0.0,1.0,0.0,0.0,0.0,0.0,1.0,0.0,0.0,0.0,0.0,0.0,0.0,0.0,0.0,0.0,0.0,0.0,,0.0,0.0,0.0,1.0,0.0,1.0,1.0,1.0,1.0,1.0,0.0,,,,,,,1.0,0.0,1.0,1.0,0.0,1.0,,1.0,1.0,1.0,1.0,,,,,,,1.0,0.0,1.0,0.0,,0.0,1.0,0.0,1.0,1.0,0.0,1.0,0.0,0.0,0.0,0.0,1.0,,1.0,,0.0,0.0,0.0,0.0,0.0,1.0,1.0,0.0,1.0,0.0,1.0,1.0,1.0,0.0,,1.0,1.0,1.0,1.0,1.0,0.0,0.0,1.0,1.0,,1.0,0.0,1.0,0.0,1.0,0.0,1.0,0.0,0.0,0.0,1.0,0.0,1.0,0.0,0.0,0.0,1.0,1.0,0.0,1.0,,1.0,0.0,1.0,1.0,0.0,0.0,1.0,1.0,1.0,0.0,1.0,0.0,0.0,1.0,1.0,0.0,0.0,0.0,0.0,0.0,1.0,1.0,0.0,1.0,0.0,1.0,0.0,0.0,0.0,0.0,0.0,1.0,0.0,0.0,,0.0,0.0,1.0,0.0,0.0,0.0,0.0,0.0,0.0,1.0,0.0,0.0,1.0,1.0,1.0,1.0,0.0,0.0,1.0,1.0,,1.0,0.0,0.0,0.0,0.0,0.0,1.0,0.0,0.0,0.0,0.0,0.0,0.0,1.0,0.0,1.0,1.0,1.0,1.0,1.0,0.0,,0.0,0.0,1.0,0.0,1.0,0.0,1.0,1.0,0.0,1.0,0.0,1.0,1.0,0.0,0.0,1.0,0.0,0.0,0.0,0.0,1.0,1.0,0.0,1.0,1.0,0.0,1.0,0.0,0.0,1.0,1.0,1.0,1.0,,0.0,1.0,1.0,0.0,1.0,,,0.0,1.0,0.0,0.0,1.0,0.0,1.0,1.0,0.0,1.0,0.0,0.0,0.0,,0.0,1.0,1.0,1.0,0.0,0.0,0.0,1.0,1.0,0.0,1.0,0.0,1.0,1.0,0.0,1.0,1.0,,0.0,1.0,0.0,0.0,,0.0,0.0,0.0,0.0,0.0,0.0,1.0,0.0,0.0,,1.0,0.0,0.0,1.0,1.0,1.0,1.0,1.0,1.0,0.0,0.0,,0.0,,0.0,1.0,1.0,1.0,1.0,1.0,0.0,1.0,1.0,,,1.0,1.0,0.0,1.0,0.0,0.0,0.0,0.0,0.0,1.0,1.0,1.0,1.0,1.0,0.0,1.0,1.0,1.0,0.0,0.0
Luiz Fernando Faria,1.0,1.0,0.0,1.0,1.0,1.0,,,,,,0.0,1.0,,1.0,,,,1.0,1.0,1.0,1.0,1.0,1.0,1.0,1.0,0.0,1.0,0.0,0.0,1.0,1.0,,1.0,0.0,,1.0,1.0,1.0,,0.0,1.0,0.0,0.0,,,1.0,1.0,0.0,0.0,1.0,1.0,1.0,1.0,1.0,1.0,,0.0,0.0,1.0,,1.0,1.0,0.0,1.0,1.0,1.0,0.0,0.0,1.0,0.0,1.0,,0.0,0.0,,1.0,0.0,,,0.0,,0.0,0.0,0.0,,0.0,0.0,,0.0,0.0,1.0,1.0,0.0,,1.0,1.0,,1.0,0.0,1.0,0.0,0.0,,0.0,,1.0,0.0,1.0,1.0,0.0,1.0,1.0,1.0,1.0,1.0,1.0,0.0,1.0,0.0,1.0,1.0,0.0,,0.0,1.0,0.0,0.0,1.0,1.0,,0.0,1.0,0.0,1.0,0.0,0.0,,0.0,1.0,0.0,1.0,0.0,0.0,0.0,0.0,0.0,0.0,1.0,1.0,0.0,0.0,0.0,1.0,1.0,1.0,0.0,1.0,1.0,,1.0,1.0,1.0,0.0,0.0,1.0,,1.0,1.0,0.0,1.0,,1.0,0.0,1.0,0.0,0.0,0.0,1.0,0.0,,0.0,,,1.0,,0.0,,0.0,,0.0,,0.0,1.0,0.0,1.0,1.0,1.0,0.0,1.0,,,1.0,1.0,0.0,0.0,0.0,0.0,,1.0,1.0,0.0,1.0,0.0,,0.0,0.0,,0.0,0.0,,0.0,,,0.0,0.0,1.0,,0.0,,0.0,0.0,,,0.0,,,1.0,,1.0,0.0,0.0,1.0,,,,,,0.0,1.0,,,,0.0,,0.0,,,,0.0,1.0,1.0,1.0,1.0,1.0,0.0,,0.0,,,,1.0,,,,,,0.0,,,1.0,0.0,1.0,0.0,0.0,1.0,0.0,1.0,,1.0,1.0,1.0,,1.0,0.0,1.0,1.0,,1.0,1.0,0.0,0.0,,,,0.0,,1.0,,,0.0,0.0,,,0.0,,1.0,,,,,1.0,,1.0,1.0,1.0,0.0,0.0,,,,0.0,,,,1.0,0.0,,1.0,,0.0,,0.0,0.0,,0.0,0.0,0.0,0.0,,,1.0,,,,1.0,0.0,0.0,1.0,1.0,1.0,,1.0,1.0,0.0,0.0,1.0,1.0,,1.0,,1.0,1.0,,1.0,,1.0,1.0,,,1.0,,0.0,1.0,,,,0.0,,1.0,,,1.0,1.0,,,1.0,,,1.0
Luiz Paulo Vellozo Lucas,1.0,0.0,1.0,1.0,1.0,1.0,,1.0,,,,,,0.0,1.0,,,,1.0,1.0,1.0,,1.0,1.0,1.0,0.0,,,,,,,1.0,,,1.0,1.0,1.0,1.0,,,,,,0.0,,0.0,1.0,,,0.0,,,,,,0.0,1.0,,0.0,1.0,1.0,,,0.0,0.0,0.0,,,0.0,1.0,0.0,0.0,,,,0.0,1.0,,1.0,0.0,0.0,0.0,0.0,0.0,0.0,0.0,1.0,0.0,0.0,,1.0,1.0,0.0,0.0,0.0,,1.0,1.0,1.0,,,0.0,1.0,1.0,0.0,1.0,1.0,0.0,0.0,,1.0,0.0,,0.0,,,1.0,1.0,0.0,0.0,1.0,1.0,,,1.0,,0.0,1.0,,,,1.0,1.0,,,,,0.0,,,,,,,,,,,,1.0,0.0,,0.0,0.0,0.0,1.0,0.0,,,0.0,0.0,0.0,1.0,,0.0,0.0,0.0,1.0,,,,,,,,1.0,1.0,0.0,,,,,,,,,,,0.0,0.0,0.0,0.0,1.0,1.0,,,,,,,,,,,,,,,0.0,,,,,,,,,,,,,,,,,,1.0,,,,,,0.0,,,1.0,0.0,,,,1.0,0.0,0.0,,,,,,,,,1.0,,,1.0,,,,,,0.0,0.0,0.0,0.0,0.0,0.0,0.0,1.0,,,,,0.0,0.0,1.0,0.0,,,1.0,0.0,1.0,0.0,0.0,0.0,0.0,,,1.0,1.0,1.0,,,0.0,0.0,0.0,0.0,0.0,1.0,0.0,1.0,1.0,0.0,1.0,,0.0,1.0,1.0,0.0,0.0,,,,1.0,1.0,1.0,0.0,0.0,0.0,0.0,0.0,1.0,1.0,1.0,1.0,,1.0,,,,0.0,,0.0,1.0,1.0,,,,,0.0,0.0,0.0,1.0,1.0,0.0,,,,,0.0,,,,,0.0,0.0,,,0.0,0.0,0.0,1.0,1.0,1.0,,,,1.0,0.0,1.0,0.0,1.0,,,0.0,0.0,0.0,1.0,0.0,0.0,1.0,,,0.0,,,,,,0.0,,,,,,1.0,1.0,1.0,0.0,
Luiz Sérgio,1.0,1.0,0.0,1.0,1.0,1.0,1.0,1.0,1.0,0.0,0.0,0.0,1.0,0.0,1.0,1.0,1.0,1.0,1.0,1.0,,1.0,1.0,1.0,1.0,1.0,,,0.0,0.0,1.0,1.0,0.0,1.0,0.0,,1.0,1.0,0.0,,0.0,1.0,0.0,0.0,1.0,0.0,1.0,1.0,0.0,0.0,1.0,1.0,1.0,1.0,1.0,1.0,0.0,0.0,0.0,1.0,,0.0,1.0,0.0,,,1.0,,,1.0,0.0,1.0,,,,,1.0,0.0,0.0,0.0,0.0,0.0,0.0,0.0,,0.0,0.0,0.0,,,0.0,0.0,1.0,0.0,1.0,1.0,1.0,1.0,1.0,0.0,,,,1.0,0.0,0.0,1.0,0.0,,1.0,0.0,1.0,0.0,1.0,1.0,1.0,1.0,,1.0,0.0,1.0,1.0,0.0,1.0,0.0,1.0,0.0,1.0,0.0,1.0,,1.0,1.0,0.0,,0.0,,0.0,0.0,1.0,1.0,1.0,0.0,0.0,0.0,0.0,0.0,0.0,1.0,0.0,0.0,1.0,0.0,1.0,1.0,1.0,0.0,1.0,1.0,1.0,,1.0,1.0,0.0,0.0,,1.0,1.0,,0.0,1.0,,1.0,0.0,1.0,0.0,0.0,1.0,0.0,,1.0,0.0,0.0,,,,,,0.0,1.0,,,1.0,0.0,0.0,,1.0,1.0,,,,0.0,,1.0,,,0.0,0.0,0.0,1.0,1.0,0.0,1.0,,1.0,0.0,0.0,0.0,0.0,0.0,1.0,0.0,,,0.0,0.0,,,0.0,0.0,0.0,,0.0,1.0,0.0,0.0,1.0,1.0,,1.0,0.0,,1.0,1.0,0.0,1.0,0.0,0.0,0.0,0.0,0.0,1.0,0.0,0.0,0.0,0.0,,,,0.0,1.0,1.0,1.0,1.0,1.0,0.0,0.0,0.0,0.0,1.0,0.0,1.0,0.0,1.0,1.0,0.0,1.0,0.0,1.0,1.0,0.0,0.0,1.0,0.0,0.0,0.0,0.0,1.0,1.0,1.0,1.0,1.0,0.0,1.0,,0.0,1.0,,1.0,1.0,0.0,0.0,1.0,1.0,0.0,,1.0,,,1.0,0.0,0.0,1.0,,,0.0,0.0,1.0,0.0,0.0,0.0,1.0,,1.0,1.0,,0.0,0.0,0.0,1.0,1.0,0.0,1.0,0.0,1.0,1.0,0.0,1.0,1.0,0.0,0.0,1.0,0.0,0.0,0.0,0.0,0.0,0.0,1.0,,0.0,1.0,0.0,0.0,0.0,,0.0,0.0,1.0,1.0,1.0,1.0,1.0,,,,,0.0,,,1.0,1.0,1.0,1.0,1.0,0.0,1.0,,1.0,1.0,,1.0,,,,0.0,0.0,0.0,0.0,1.0,1.0,1.0,1.0,1.0,0.0,1.0,1.0,1.0,0.0,
Luiza Erundina,1.0,0.0,0.0,0.0,1.0,1.0,1.0,,1.0,0.0,1.0,0.0,1.0,0.0,1.0,0.0,1.0,1.0,1.0,1.0,,1.0,1.0,1.0,1.0,1.0,0.0,1.0,0.0,0.0,1.0,1.0,0.0,1.0,0.0,1.0,1.0,1.0,0.0,0.0,0.0,1.0,0.0,0.0,1.0,0.0,1.0,1.0,1.0,,0.0,0.0,0.0,0.0,0.0,1.0,0.0,0.0,1.0,1.0,1.0,,,,1.0,1.0,1.0,0.0,0.0,1.0,1.0,1.0,0.0,0.0,0.0,0.0,1.0,0.0,0.0,1.0,0.0,0.0,0.0,0.0,0.0,0.0,0.0,0.0,0.0,0.0,0.0,0.0,1.0,0.0,1.0,1.0,,1.0,1.0,1.0,,,0.0,1.0,0.0,,,,1.0,1.0,,1.0,0.0,1.0,1.0,0.0,1.0,0.0,1.0,0.0,0.0,0.0,1.0,1.0,,1.0,0.0,0.0,0.0,0.0,1.0,0.0,1.0,0.0,1.0,0.0,0.0,0.0,,1.0,,1.0,0.0,0.0,,0.0,0.0,0.0,1.0,1.0,0.0,0.0,0.0,1.0,1.0,1.0,0.0,,1.0,1.0,0.0,1.0,1.0,1.0,0.0,1.0,,1.0,1.0,0.0,1.0,,,,,,,0.0,1.0,0.0,1.0,0.0,0.0,0.0,1.0,,0.0,1.0,1.0,1.0,0.0,1.0,1.0,0.0,0.0,1.0,1.0,1.0,0.0,0.0,0.0,0.0,1.0,1.0,0.0,0.0,0.0,1.0,1.0,0.0,0.0,0.0,1.0,0.0,0.0,1.0,,0.0,0.0,0.0,1.0,0.0,0.0,,0.0,0.0,1.0,0.0,0.0,,,,0.0,1.0,0.0,0.0,1.0,1.0,1.0,1.0,0.0,0.0,1.0,1.0,0.0,1.0,0.0,0.0,0.0,0.0,0.0,1.0,0.0,0.0,0.0,0.0,0.0,,1.0,0.0,1.0,,1.0,1.0,1.0,0.0,0.0,0.0,0.0,1.0,0.0,1.0,0.0,1.0,1.0,0.0,1.0,0.0,1.0,1.0,,0.0,1.0,1.0,1.0,0.0,0.0,1.0,1.0,,,1.0,1.0,1.0,0.0,0.0,1.0,1.0,,1.0,1.0,0.0,1.0,1.0,,,,1.0,,,0.0,,,,,,,,,,,,1.0,1.0,,,,0.0,0.0,1.0,1.0,,1.0,0.0,1.0,1.0,0.0,1.0,1.0,0.0,,1.0,0.0,0.0,0.0,0.0,0.0,,,0.0,,,,,0.0,1.0,,,1.0,1.0,1.0,1.0,1.0,1.0,0.0,0.0,1.0,1.0,0.0,1.0,,1.0,1.0,1.0,1.0,0.0,1.0,1.0,1.0,1.0,1.0,1.0,0.0,1.0,0.0,0.0,0.0,0.0,,,1.0,1.0,1.0,0.0,1.0,1.0,1.0,0.0,0.0,0.0
Lupércio Ramos,1.0,,,1.0,1.0,1.0,,1.0,,0.0,0.0,0.0,,0.0,1.0,0.0,1.0,1.0,1.0,1.0,1.0,1.0,1.0,1.0,1.0,,,,,,,1.0,0.0,1.0,0.0,,1.0,1.0,,,,,,,,,,,,,,,,,,,,,,,,1.0,,,,,,,,,,,,,,,,,,,,,,,,,,,,,,,,,,,,,,,,,,,,0.0,1.0,0.0,,,,,,,,,,,,,,,,,,,,,,,,,,,,,,,,,1.0,,,,,,,,,,,,,,,,,,,1.0,,,,,,,,,,,,0.0,1.0,0.0,1.0,0.0,,0.0,1.0,,,,,,,,,,,,,,,,,,1.0,,,,,,,,,,,,,,,,,,,,,,,,,,,,,,1.0,,,,,,,,,,1.0,1.0,1.0,1.0,,1.0,,,,,,,0.0,1.0,1.0,1.0,0.0,0.0,0.0,0.0,0.0,0.0,1.0,0.0,1.0,,,1.0,1.0,0.0,,0.0,0.0,1.0,0.0,1.0,0.0,1.0,1.0,0.0,1.0,0.0,1.0,1.0,1.0,0.0,1.0,0.0,0.0,0.0,0.0,1.0,1.0,1.0,1.0,1.0,,1.0,0.0,1.0,1.0,1.0,1.0,1.0,0.0,0.0,1.0,1.0,0.0,,1.0,,0.0,1.0,0.0,0.0,1.0,0.0,0.0,0.0,0.0,1.0,1.0,0.0,0.0,1.0,1.0,1.0,1.0,1.0,0.0,0.0,0.0,1.0,1.0,0.0,1.0,,1.0,1.0,0.0,1.0,,0.0,0.0,1.0,0.0,0.0,0.0,0.0,0.0,0.0,0.0,0.0,0.0,1.0,0.0,0.0,0.0,1.0,0.0,,1.0,1.0,1.0,1.0,1.0,1.0,,,,1.0,1.0,0.0,,1.0,1.0,1.0,,,,1.0,,,1.0,1.0,0.0,1.0,0.0,,0.0,0.0,0.0,1.0,1.0,1.0,1.0,1.0,0.0,1.0,1.0,1.0,1.0,
Lázaro Botelho,1.0,1.0,0.0,1.0,1.0,1.0,1.0,1.0,1.0,1.0,0.0,0.0,1.0,,1.0,1.0,0.0,1.0,1.0,1.0,1.0,1.0,1.0,1.0,1.0,1.0,0.0,1.0,0.0,0.0,1.0,1.0,0.0,0.0,1.0,1.0,1.0,1.0,1.0,0.0,0.0,1.0,0.0,1.0,1.0,0.0,1.0,1.0,0.0,0.0,1.0,1.0,1.0,1.0,1.0,1.0,0.0,0.0,0.0,1.0,0.0,1.0,1.0,0.0,1.0,1.0,1.0,0.0,0.0,1.0,0.0,1.0,0.0,0.0,,0.0,,0.0,0.0,0.0,0.0,0.0,0.0,0.0,0.0,0.0,0.0,0.0,,0.0,0.0,1.0,1.0,0.0,1.0,0.0,1.0,1.0,1.0,0.0,1.0,0.0,0.0,0.0,0.0,0.0,1.0,1.0,1.0,1.0,0.0,1.0,1.0,1.0,1.0,1.0,1.0,0.0,1.0,0.0,1.0,1.0,0.0,1.0,0.0,1.0,0.0,0.0,1.0,1.0,0.0,0.0,1.0,0.0,1.0,0.0,0.0,0.0,0.0,1.0,1.0,1.0,0.0,0.0,0.0,,0.0,0.0,1.0,1.0,0.0,1.0,0.0,1.0,1.0,1.0,0.0,1.0,1.0,1.0,1.0,1.0,1.0,0.0,0.0,1.0,1.0,1.0,1.0,0.0,,0.0,1.0,,1.0,0.0,0.0,0.0,1.0,,1.0,0.0,0.0,0.0,1.0,1.0,0.0,1.0,0.0,1.0,0.0,0.0,0.0,1.0,0.0,1.0,1.0,1.0,0.0,,0.0,0.0,1.0,1.0,0.0,0.0,0.0,0.0,0.0,1.0,1.0,0.0,1.0,0.0,1.0,0.0,0.0,0.0,0.0,0.0,1.0,0.0,1.0,1.0,0.0,,1.0,0.0,0.0,0.0,0.0,0.0,0.0,1.0,0.0,0.0,1.0,1.0,1.0,,0.0,1.0,1.0,1.0,0.0,1.0,0.0,0.0,0.0,1.0,1.0,,,0.0,0.0,0.0,0.0,0.0,1.0,0.0,1.0,1.0,1.0,1.0,1.0,0.0,0.0,0.0,,1.0,0.0,1.0,0.0,0.0,1.0,1.0,1.0,0.0,1.0,1.0,1.0,0.0,1.0,0.0,0.0,0.0,0.0,1.0,1.0,1.0,1.0,1.0,1.0,1.0,0.0,1.0,1.0,1.0,1.0,1.0,0.0,0.0,1.0,1.0,,0.0,1.0,1.0,1.0,,0.0,0.0,1.0,0.0,0.0,0.0,1.0,1.0,0.0,1.0,,1.0,1.0,1.0,1.0,1.0,0.0,0.0,0.0,1.0,1.0,0.0,1.0,0.0,1.0,,,1.0,1.0,0.0,0.0,1.0,0.0,0.0,0.0,0.0,,0.0,0.0,1.0,,1.0,0.0,0.0,0.0,1.0,0.0,0.0,1.0,1.0,1.0,1.0,1.0,1.0,0.0,0.0,1.0,1.0,1.0,0.0,1.0,1.0,1.0,1.0,1.0,,1.0,1.0,1.0,1.0,1.0,1.0,0.0,1.0,0.0,0.0,,0.0,0.0,1.0,1.0,1.0,1.0,1.0,0.0,1.0,1.0,1.0,1.0,1.0
Léo Vivas,1.0,1.0,0.0,1.0,1.0,,,1.0,1.0,1.0,,0.0,1.0,0.0,1.0,0.0,1.0,1.0,1.0,,,1.0,1.0,1.0,1.0,1.0,0.0,1.0,,0.0,1.0,1.0,0.0,1.0,0.0,,1.0,1.0,1.0,,0.0,1.0,0.0,0.0,1.0,0.0,1.0,1.0,0.0,0.0,1.0,1.0,1.0,1.0,1.0,,0.0,0.0,0.0,,0.0,1.0,1.0,0.0,1.0,,1.0,0.0,0.0,1.0,1.0,1.0,0.0,0.0,0.0,,,,0.0,0.0,0.0,0.0,0.0,0.0,0.0,0.0,0.0,0.0,0.0,0.0,0.0,0.0,1.0,0.0,,1.0,1.0,,0.0,0.0,,0.0,,1.0,,0.0,1.0,0.0,1.0,1.0,0.0,1.0,,1.0,1.0,1.0,1.0,1.0,1.0,0.0,1.0,1.0,0.0,1.0,0.0,,,0.0,1.0,1.0,1.0,0.0,1.0,0.0,1.0,0.0,0.0,0.0,,,1.0,1.0,,,0.0,0.0,0.0,0.0,,1.0,0.0,1.0,0.0,1.0,1.0,,0.0,1.0,1.0,1.0,1.0,1.0,1.0,0.0,0.0,,1.0,,,0.0,,,,,,,,1.0,0.0,,1.0,0.0,0.0,0.0,1.0,1.0,0.0,1.0,0.0,1.0,,1.0,1.0,,,1.0,1.0,1.0,0.0,1.0,0.0,0.0,1.0,1.0,,0.0,,,0.0,1.0,1.0,0.0,1.0,0.0,1.0,,0.0,0.0,0.0,0.0,1.0,0.0,0.0,1.0,,,,0.0,0.0,0.0,,0.0,0.0,1.0,,0.0,1.0,1.0,,,0.0,,,1.0,,1.0,0.0,0.0,,1.0,0.0,,,0.0,0.0,0.0,,1.0,1.0,0.0,1.0,1.0,1.0,1.0,1.0,0.0,0.0,,0.0,1.0,0.0,1.0,0.0,1.0,1.0,0.0,1.0,0.0,,,0.0,0.0,1.0,1.0,,0.0,0.0,1.0,1.0,1.0,,,0.0,1.0,,,1.0,1.0,0.0,1.0,0.0,,,,0.0,0.0,,1.0,1.0,,0.0,0.0,1.0,,0.0,0.0,0.0,0.0,1.0,,,1.0,1.0,1.0,,1.0,0.0,0.0,,,1.0,0.0,1.0,1.0,1.0,1.0,,,1.0,0.0,0.0,,,0.0,0.0,1.0,,1.0,0.0,1.0,,1.0,0.0,,0.0,,0.0,0.0,1.0,1.0,1.0,1.0,1.0,,0.0,0.0,0.0,1.0,,0.0,,1.0,1.0,1.0,1.0,0.0,1.0,1.0,,,,,,,,,0.0,0.0,,,1.0,1.0,1.0,,,,,0.0,0.0,1.0
Lídice da Mata,1.0,1.0,,0.0,1.0,,1.0,1.0,,0.0,0.0,0.0,,0.0,1.0,0.0,1.0,1.0,1.0,1.0,1.0,1.0,1.0,1.0,1.0,,0.0,,0.0,,1.0,,0.0,1.0,0.0,1.0,1.0,1.0,0.0,0.0,0.0,1.0,,,1.0,0.0,1.0,1.0,0.0,0.0,,1.0,1.0,1.0,1.0,,0.0,0.0,0.0,1.0,,,1.0,0.0,1.0,,1.0,0.0,,1.0,1.0,,,0.0,,,1.0,0.0,0.0,0.0,0.0,0.0,0.0,0.0,0.0,0.0,0.0,1.0,0.0,0.0,,0.0,1.0,0.0,1.0,1.0,,1.0,1.0,0.0,,0.0,0.0,1.0,1.0,,1.0,0.0,1.0,,,1.0,0.0,,,0.0,,0.0,1.0,0.0,1.0,1.0,0.0,,0.0,,0.0,0.0,,,0.0,,1.0,0.0,,0.0,0.0,,,1.0,0.0,1.0,0.0,0.0,0.0,0.0,,,,1.0,0.0,,0.0,1.0,1.0,1.0,0.0,1.0,1.0,1.0,1.0,1.0,1.0,0.0,0.0,,,1.0,1.0,,1.0,0.0,1.0,0.0,1.0,,0.0,0.0,1.0,,1.0,,0.0,0.0,1.0,,0.0,1.0,0.0,1.0,0.0,0.0,0.0,0.0,,1.0,1.0,1.0,0.0,1.0,,,1.0,1.0,,,0.0,,0.0,1.0,1.0,,,0.0,1.0,0.0,,,,,1.0,0.0,,,0.0,,1.0,,,,,,,,,,1.0,1.0,1.0,1.0,,,1.0,,,,,,0.0,0.0,1.0,,0.0,0.0,,0.0,0.0,1.0,,,,,,,1.0,0.0,,,0.0,1.0,0.0,,,1.0,1.0,0.0,1.0,0.0,1.0,,,,1.0,,0.0,0.0,0.0,1.0,1.0,1.0,1.0,,1.0,1.0,,0.0,1.0,1.0,1.0,,1.0,0.0,1.0,1.0,0.0,0.0,1.0,,,,,0.0,,0.0,1.0,1.0,0.0,0.0,0.0,0.0,1.0,1.0,,1.0,1.0,1.0,0.0,,,,,0.0,1.0,0.0,1.0,,0.0,1.0,1.0,0.0,,1.0,,,0.0,0.0,0.0,0.0,0.0,0.0,0.0,1.0,0.0,,0.0,1.0,0.0,0.0,,,,,1.0,1.0,0.0,0.0,,1.0,0.0,0.0,,1.0,1.0,,1.0,0.0,1.0,,0.0,,1.0,,0.0,1.0,0.0,0.0,0.0,,,1.0,1.0,1.0,1.0,,0.0,1.0,1.0,0.0,1.0,
Lúcio Vale,,1.0,0.0,,,1.0,1.0,1.0,1.0,0.0,,0.0,1.0,0.0,1.0,1.0,1.0,1.0,,,,,1.0,1.0,1.0,1.0,0.0,1.0,0.0,0.0,1.0,1.0,0.0,1.0,0.0,1.0,1.0,1.0,1.0,0.0,0.0,1.0,0.0,0.0,,,,1.0,0.0,0.0,1.0,1.0,1.0,1.0,1.0,,0.0,,0.0,1.0,0.0,1.0,1.0,0.0,1.0,,1.0,0.0,0.0,1.0,1.0,1.0,,0.0,0.0,0.0,1.0,0.0,0.0,0.0,0.0,,0.0,0.0,0.0,,0.0,0.0,0.0,0.0,0.0,1.0,1.0,0.0,1.0,1.0,1.0,,1.0,0.0,1.0,0.0,0.0,0.0,0.0,0.0,1.0,0.0,1.0,1.0,0.0,1.0,0.0,1.0,1.0,1.0,1.0,1.0,0.0,1.0,1.0,1.0,0.0,1.0,0.0,,0.0,0.0,1.0,1.0,,0.0,1.0,0.0,1.0,0.0,0.0,0.0,0.0,1.0,1.0,1.0,0.0,0.0,0.0,0.0,0.0,0.0,1.0,1.0,0.0,0.0,,1.0,1.0,1.0,0.0,,1.0,1.0,1.0,1.0,1.0,0.0,0.0,1.0,,1.0,1.0,0.0,1.0,,1.0,0.0,1.0,0.0,0.0,0.0,1.0,0.0,1.0,0.0,0.0,0.0,1.0,1.0,0.0,1.0,0.0,1.0,0.0,0.0,1.0,0.0,0.0,1.0,1.0,1.0,0.0,1.0,0.0,0.0,1.0,1.0,,,0.0,0.0,0.0,1.0,1.0,,,0.0,1.0,0.0,,0.0,0.0,0.0,1.0,0.0,,,,,1.0,0.0,0.0,,0.0,0.0,0.0,,0.0,0.0,,1.0,,1.0,0.0,0.0,1.0,1.0,1.0,1.0,0.0,0.0,0.0,1.0,0.0,1.0,0.0,,0.0,0.0,,0.0,1.0,0.0,,,,1.0,1.0,0.0,0.0,0.0,1.0,1.0,0.0,,0.0,1.0,1.0,0.0,1.0,0.0,1.0,1.0,0.0,,1.0,0.0,0.0,1.0,,1.0,1.0,1.0,1.0,1.0,1.0,1.0,1.0,,1.0,1.0,1.0,,0.0,0.0,,1.0,0.0,,1.0,,0.0,1.0,,0.0,1.0,,0.0,,,,0.0,1.0,1.0,1.0,1.0,,1.0,1.0,0.0,0.0,0.0,1.0,1.0,0.0,1.0,1.0,,1.0,0.0,,1.0,0.0,0.0,0.0,,0.0,0.0,0.0,0.0,0.0,0.0,1.0,0.0,1.0,0.0,0.0,0.0,,0.0,0.0,1.0,,,1.0,1.0,1.0,0.0,0.0,1.0,0.0,1.0,0.0,1.0,,,1.0,,0.0,,1.0,1.0,1.0,1.0,1.0,0.0,1.0,,0.0,0.0,,0.0,1.0,1.0,1.0,1.0,1.0,0.0,1.0,1.0,0.0,,1.0
Magela,,1.0,0.0,1.0,0.0,1.0,1.0,,1.0,0.0,,,,0.0,1.0,,1.0,1.0,1.0,,,,1.0,1.0,1.0,1.0,,,0.0,0.0,1.0,,0.0,1.0,0.0,1.0,,1.0,0.0,,0.0,,0.0,0.0,1.0,0.0,1.0,,0.0,0.0,1.0,1.0,1.0,1.0,1.0,,0.0,0.0,0.0,1.0,1.0,,1.0,0.0,1.0,,,,,1.0,0.0,,0.0,0.0,,0.0,,,,,0.0,0.0,0.0,0.0,0.0,0.0,0.0,0.0,0.0,0.0,,0.0,,0.0,1.0,1.0,1.0,1.0,1.0,0.0,1.0,,,,0.0,,,,,1.0,,1.0,1.0,1.0,1.0,0.0,,,1.0,0.0,1.0,1.0,0.0,1.0,0.0,1.0,0.0,1.0,0.0,1.0,,0.0,1.0,0.0,1.0,0.0,0.0,,0.0,1.0,,,,0.0,0.0,,0.0,,1.0,1.0,0.0,1.0,0.0,1.0,1.0,,,1.0,1.0,1.0,1.0,1.0,1.0,,0.0,1.0,1.0,1.0,1.0,0.0,1.0,0.0,1.0,0.0,1.0,0.0,0.0,0.0,1.0,0.0,1.0,0.0,0.0,0.0,,1.0,0.0,1.0,0.0,1.0,0.0,0.0,1.0,0.0,0.0,1.0,1.0,,0.0,1.0,,0.0,,,0.0,0.0,,0.0,0.0,1.0,,0.0,1.0,0.0,1.0,0.0,0.0,,0.0,0.0,0.0,0.0,0.0,,,0.0,,0.0,0.0,0.0,,0.0,0.0,,,0.0,1.0,1.0,1.0,1.0,0.0,0.0,1.0,1.0,0.0,1.0,0.0,0.0,,0.0,0.0,1.0,0.0,,0.0,0.0,0.0,0.0,1.0,,1.0,1.0,,,1.0,0.0,0.0,0.0,,1.0,,,,1.0,,,,0.0,1.0,,1.0,,1.0,,0.0,0.0,0.0,1.0,,1.0,1.0,,0.0,1.0,0.0,0.0,1.0,1.0,,1.0,0.0,0.0,,1.0,,,,,0.0,1.0,,,1.0,0.0,1.0,0.0,0.0,1.0,0.0,0.0,0.0,,,,1.0,1.0,0.0,0.0,0.0,1.0,1.0,0.0,1.0,0.0,1.0,,0.0,,1.0,,0.0,1.0,,,,,0.0,0.0,0.0,0.0,,,0.0,0.0,,,0.0,,1.0,,1.0,1.0,1.0,1.0,0.0,0.0,,0.0,1.0,,,1.0,1.0,,1.0,,1.0,,0.0,0.0,,1.0,0.0,1.0,,0.0,0.0,0.0,0.0,1.0,,,1.0,0.0,0.0,1.0,1.0,,0.0,0.0
Major Fábio,0.0,,,1.0,1.0,1.0,,1.0,,0.0,0.0,,1.0,0.0,1.0,1.0,1.0,1.0,1.0,1.0,1.0,1.0,,1.0,1.0,,,,,,,1.0,1.0,0.0,1.0,1.0,1.0,1.0,,,,,,,,,,,,,,,,,,,,,,,,1.0,,,,,,,,,,,,,,,,,,,,,,,,,,,,,,,,,,,1.0,,,,,,,,,0.0,1.0,1.0,,,,,,,,,,,,,,,,,,,,,,,,,,,,,,,,,1.0,,,,,,,,,,,,,,,,,,1.0,1.0,,,,,,,,,1.0,,,,,,,,,0.0,1.0,,,,,,0.0,0.0,,0.0,,0.0,0.0,0.0,0.0,1.0,0.0,0.0,,0.0,,,,,,,,,,,,,,,,,,,,,,,,,,,,,1.0,,,,,,,,,,1.0,0.0,1.0,1.0,,,,,,,,,,1.0,0.0,1.0,,,,1.0,,1.0,0.0,,,,,0.0,0.0,1.0,,,1.0,,,,1.0,,,1.0,0.0,,,1.0,1.0,,,0.0,0.0,1.0,0.0,0.0,1.0,1.0,0.0,1.0,1.0,0.0,0.0,,,,0.0,0.0,1.0,,,,,0.0,1.0,,,0.0,,,,0.0,1.0,0.0,,1.0,1.0,0.0,0.0,1.0,1.0,1.0,1.0,,1.0,,,,0.0,1.0,1.0,1.0,1.0,0.0,,,0.0,,,,,1.0,,,,,,1.0,,,,,,,,,0.0,0.0,,,1.0,1.0,,,,1.0,0.0,1.0,0.0,1.0,,,,,,,1.0,1.0,1.0,,,0.0,,,,,,0.0,1.0,1.0,0.0,1.0,,1.0,,,0.0,0.0
Manato,1.0,1.0,0.0,1.0,1.0,1.0,1.0,1.0,1.0,1.0,,0.0,1.0,0.0,1.0,0.0,1.0,1.0,1.0,1.0,1.0,1.0,1.0,1.0,1.0,1.0,0.0,1.0,0.0,0.0,1.0,1.0,0.0,1.0,0.0,1.0,1.0,1.0,1.0,0.0,0.0,0.0,0.0,0.0,1.0,0.0,1.0,1.0,0.0,,1.0,1.0,1.0,1.0,1.0,1.0,0.0,0.0,0.0,1.0,1.0,1.0,1.0,0.0,1.0,1.0,1.0,0.0,0.0,1.0,1.0,1.0,0.0,0.0,0.0,0.0,1.0,0.0,0.0,0.0,0.0,0.0,0.0,0.0,,0.0,0.0,0.0,0.0,0.0,0.0,0.0,1.0,0.0,1.0,1.0,1.0,1.0,1.0,0.0,1.0,0.0,,1.0,0.0,0.0,1.0,0.0,1.0,1.0,0.0,1.0,0.0,1.0,1.0,1.0,1.0,0.0,1.0,0.0,1.0,0.0,0.0,1.0,0.0,1.0,0.0,0.0,1.0,1.0,1.0,0.0,1.0,0.0,1.0,0.0,0.0,0.0,1.0,1.0,1.0,1.0,0.0,0.0,0.0,0.0,0.0,0.0,1.0,1.0,0.0,1.0,0.0,1.0,1.0,1.0,0.0,1.0,1.0,1.0,1.0,1.0,1.0,0.0,0.0,1.0,1.0,1.0,1.0,0.0,1.0,0.0,0.0,0.0,1.0,0.0,0.0,1.0,0.0,0.0,1.0,0.0,0.0,0.0,1.0,1.0,0.0,1.0,0.0,1.0,0.0,1.0,1.0,1.0,0.0,1.0,1.0,1.0,0.0,1.0,0.0,0.0,1.0,1.0,0.0,0.0,0.0,0.0,1.0,1.0,1.0,0.0,1.0,0.0,1.0,0.0,0.0,0.0,0.0,0.0,1.0,0.0,0.0,1.0,0.0,0.0,1.0,0.0,0.0,0.0,0.0,0.0,0.0,1.0,0.0,0.0,1.0,1.0,1.0,1.0,0.0,1.0,1.0,1.0,0.0,1.0,0.0,0.0,0.0,1.0,1.0,1.0,0.0,0.0,0.0,0.0,0.0,1.0,1.0,0.0,1.0,1.0,1.0,1.0,1.0,0.0,0.0,0.0,1.0,1.0,0.0,1.0,0.0,1.0,1.0,0.0,1.0,0.0,1.0,1.0,0.0,0.0,1.0,0.0,0.0,0.0,0.0,1.0,1.0,1.0,0.0,1.0,1.0,1.0,0.0,1.0,1.0,1.0,0.0,1.0,,0.0,1.0,1.0,0.0,0.0,1.0,1.0,1.0,0.0,0.0,0.0,1.0,0.0,0.0,0.0,0.0,0.0,0.0,0.0,0.0,1.0,1.0,1.0,1.0,1.0,0.0,0.0,,1.0,1.0,0.0,1.0,1.0,1.0,1.0,0.0,,1.0,0.0,0.0,1.0,0.0,0.0,0.0,1.0,1.0,1.0,1.0,,0.0,1.0,0.0,0.0,0.0,1.0,0.0,0.0,1.0,1.0,1.0,1.0,1.0,1.0,0.0,0.0,1.0,1.0,0.0,0.0,1.0,1.0,1.0,1.0,1.0,0.0,1.0,1.0,1.0,1.0,1.0,1.0,0.0,1.0,0.0,0.0,0.0,0.0,0.0,1.0,,1.0,1.0,0.0,0.0,1.0,1.0,1.0,1.0,1.0
Manoel Junior,1.0,1.0,0.0,0.0,1.0,1.0,1.0,,1.0,1.0,0.0,,,,1.0,,1.0,1.0,,,,1.0,1.0,1.0,,1.0,0.0,1.0,0.0,0.0,1.0,1.0,0.0,1.0,0.0,,1.0,1.0,0.0,0.0,0.0,1.0,0.0,0.0,1.0,,1.0,1.0,,,,1.0,1.0,1.0,1.0,1.0,0.0,,0.0,1.0,,1.0,1.0,0.0,1.0,1.0,1.0,0.0,,1.0,1.0,,0.0,0.0,0.0,0.0,1.0,,,,,0.0,0.0,0.0,,0.0,0.0,0.0,,,0.0,,1.0,0.0,,1.0,1.0,1.0,1.0,0.0,,0.0,1.0,1.0,0.0,0.0,1.0,0.0,1.0,1.0,0.0,1.0,0.0,1.0,1.0,1.0,,0.0,1.0,0.0,1.0,1.0,0.0,1.0,0.0,1.0,0.0,0.0,0.0,1.0,1.0,0.0,1.0,0.0,,0.0,0.0,0.0,1.0,1.0,1.0,1.0,0.0,0.0,,0.0,0.0,0.0,1.0,1.0,0.0,1.0,0.0,,,1.0,,1.0,1.0,1.0,1.0,1.0,1.0,,0.0,1.0,,1.0,1.0,0.0,,,,0.0,1.0,,,,1.0,,,,0.0,0.0,,,0.0,1.0,0.0,,,,,,0.0,1.0,,1.0,0.0,1.0,0.0,0.0,,1.0,,,0.0,,0.0,1.0,1.0,0.0,1.0,0.0,1.0,,0.0,0.0,0.0,0.0,1.0,0.0,1.0,1.0,0.0,,1.0,0.0,0.0,0.0,0.0,,,,0.0,0.0,1.0,1.0,1.0,,,,,,0.0,1.0,0.0,0.0,,0.0,1.0,,0.0,0.0,0.0,0.0,0.0,,1.0,0.0,,,,,1.0,,,0.0,,,,,,,1.0,,1.0,0.0,,1.0,,0.0,1.0,0.0,0.0,1.0,0.0,1.0,1.0,1.0,1.0,1.0,1.0,,0.0,1.0,1.0,1.0,,1.0,,,,,,,,,,0.0,,,1.0,,0.0,1.0,1.0,0.0,0.0,0.0,0.0,1.0,1.0,,,1.0,0.0,,,1.0,1.0,0.0,,0.0,,1.0,0.0,1.0,1.0,,,,,0.0,,0.0,0.0,0.0,0.0,0.0,,,,,,,,,1.0,1.0,,,1.0,1.0,,0.0,1.0,1.0,,,,,,1.0,,0.0,,,,,1.0,1.0,,1.0,0.0,,0.0,,0.0,,1.0,1.0,,1.0,0.0,,1.0,1.0,1.0,1.0
Manoel Salviano,1.0,,1.0,1.0,1.0,,,,1.0,,,0.0,1.0,,,0.0,1.0,1.0,1.0,1.0,1.0,1.0,1.0,1.0,1.0,0.0,,,,0.0,0.0,1.0,1.0,0.0,1.0,,,1.0,1.0,0.0,,,,0.0,0.0,1.0,0.0,,0.0,0.0,,,,,,,,0.0,0.0,1.0,1.0,,1.0,0.0,1.0,,1.0,0.0,0.0,1.0,1.0,,0.0,0.0,0.0,,1.0,,,,,,0.0,0.0,0.0,0.0,0.0,0.0,0.0,0.0,,,1.0,0.0,,0.0,,1.0,,,,,,,0.0,0.0,1.0,,1.0,1.0,0.0,1.0,1.0,,,0.0,,,,0.0,1.0,1.0,0.0,1.0,0.0,,,1.0,0.0,1.0,0.0,1.0,1.0,1.0,,0.0,0.0,0.0,0.0,,,1.0,0.0,,,0.0,,,,0.0,1.0,0.0,,0.0,1.0,1.0,,1.0,1.0,1.0,,0.0,,0.0,1.0,,1.0,,1.0,0.0,1.0,0.0,,,,,,0.0,1.0,,,0.0,0.0,1.0,0.0,,,,,0.0,0.0,0.0,1.0,1.0,,0.0,1.0,1.0,,,,,,,1.0,,,,,0.0,1.0,,0.0,,,0.0,,,0.0,0.0,,,,,,,1.0,,,,,0.0,,0.0,,,1.0,,,,,1.0,0.0,0.0,,1.0,,,,1.0,1.0,,,,0.0,0.0,,,,0.0,1.0,,1.0,0.0,,0.0,0.0,0.0,,,,,0.0,,,,,,,1.0,1.0,1.0,0.0,0.0,0.0,,,0.0,1.0,1.0,1.0,1.0,1.0,1.0,0.0,1.0,1.0,1.0,1.0,0.0,1.0,1.0,1.0,,0.0,0.0,1.0,1.0,1.0,,,,1.0,,1.0,0.0,0.0,0.0,,,,1.0,,1.0,1.0,1.0,,,0.0,1.0,0.0,1.0,,1.0,,,,,0.0,0.0,0.0,1.0,1.0,1.0,0.0,,,,,,,,0.0,0.0,0.0,,,,0.0,1.0,1.0,1.0,1.0,,,,,1.0,0.0,1.0,0.0,,1.0,1.0,1.0,0.0,1.0,1.0,,,1.0,,,,,,,,,,,,,,,,1.0,1.0,1.0,
Manuela DÁvila,1.0,1.0,0.0,0.0,1.0,1.0,1.0,,1.0,,1.0,,1.0,0.0,1.0,1.0,1.0,1.0,1.0,1.0,1.0,1.0,1.0,1.0,1.0,1.0,0.0,1.0,0.0,0.0,1.0,1.0,0.0,1.0,0.0,,,1.0,,,0.0,1.0,,0.0,1.0,0.0,1.0,1.0,0.0,0.0,1.0,1.0,1.0,1.0,1.0,,0.0,,0.0,1.0,1.0,0.0,1.0,0.0,1.0,1.0,1.0,0.0,0.0,1.0,1.0,1.0,0.0,0.0,,0.0,1.0,0.0,0.0,1.0,0.0,0.0,0.0,0.0,0.0,0.0,0.0,0.0,0.0,0.0,0.0,0.0,1.0,0.0,,1.0,1.0,1.0,0.0,0.0,1.0,1.0,1.0,1.0,,,1.0,0.0,1.0,1.0,,1.0,0.0,1.0,1.0,1.0,1.0,0.0,1.0,0.0,1.0,1.0,0.0,1.0,,,0.0,1.0,,1.0,0.0,1.0,1.0,0.0,1.0,0.0,0.0,0.0,1.0,,,1.0,0.0,0.0,0.0,,,0.0,1.0,1.0,0.0,1.0,0.0,1.0,1.0,1.0,,,1.0,1.0,1.0,1.0,1.0,,,1.0,1.0,1.0,1.0,0.0,,0.0,1.0,0.0,1.0,0.0,0.0,,,0.0,1.0,0.0,0.0,,,,,,0.0,1.0,0.0,1.0,1.0,1.0,0.0,1.0,,1.0,0.0,1.0,,,1.0,1.0,0.0,0.0,0.0,,0.0,1.0,1.0,0.0,1.0,0.0,1.0,0.0,,0.0,0.0,0.0,,,0.0,,0.0,,1.0,,0.0,,0.0,0.0,0.0,,0.0,0.0,1.0,,1.0,1.0,,0.0,,1.0,0.0,1.0,,,,0.0,1.0,1.0,,,0.0,0.0,0.0,0.0,1.0,0.0,,1.0,1.0,,,0.0,,0.0,0.0,1.0,0.0,1.0,0.0,1.0,1.0,0.0,1.0,0.0,1.0,1.0,,0.0,1.0,0.0,1.0,0.0,0.0,,1.0,1.0,1.0,1.0,1.0,1.0,0.0,0.0,,,1.0,,,0.0,1.0,1.0,0.0,,1.0,,,0.0,0.0,0.0,1.0,,,1.0,0.0,0.0,1.0,0.0,1.0,1.0,,1.0,1.0,,,,,,,,1.0,0.0,,,,,,,,,0.0,0.0,,,,0.0,0.0,,0.0,1.0,0.0,0.0,,1.0,0.0,0.0,,,,,1.0,1.0,,,,1.0,0.0,0.0,1.0,,1.0,1.0,,0.0,,1.0,,,1.0,1.0,0.0,1.0,,0.0,0.0,,0.0,1.0,,,,,0.0,,1.0,0.0,0.0,
Marcelo Almeida,0.0,,0.0,1.0,1.0,1.0,1.0,1.0,1.0,,,0.0,1.0,0.0,1.0,,,,,,,,,,,1.0,,,,,,1.0,,1.0,0.0,1.0,1.0,1.0,,0.0,0.0,1.0,0.0,0.0,1.0,0.0,1.0,,,0.0,1.0,1.0,1.0,1.0,1.0,,,,,,,1.0,,,,,,,,1.0,,,,,,,,,,,,,,,,,,,,,,1.0,,,,,1.0,1.0,,,,0.0,1.0,1.0,,0.0,,0.0,1.0,1.0,,1.0,0.0,1.0,1.0,0.0,1.0,,1.0,0.0,1.0,1.0,0.0,1.0,,1.0,,0.0,0.0,0.0,0.0,0.0,1.0,0.0,,0.0,,,1.0,1.0,0.0,,0.0,,0.0,0.0,,0.0,1.0,,,0.0,,,,,0.0,1.0,1.0,1.0,1.0,,1.0,0.0,0.0,1.0,1.0,1.0,1.0,0.0,1.0,0.0,1.0,0.0,1.0,0.0,1.0,0.0,0.0,0.0,,,,,1.0,,,,0.0,,,,,,,1.0,1.0,,0.0,1.0,0.0,0.0,1.0,1.0,0.0,0.0,0.0,0.0,0.0,1.0,1.0,0.0,1.0,0.0,1.0,0.0,,0.0,0.0,0.0,,0.0,0.0,1.0,0.0,,,0.0,0.0,0.0,0.0,,0.0,,0.0,0.0,1.0,1.0,0.0,,0.0,1.0,1.0,1.0,0.0,1.0,0.0,0.0,0.0,1.0,1.0,1.0,,0.0,0.0,0.0,0.0,0.0,0.0,0.0,1.0,1.0,1.0,1.0,1.0,0.0,0.0,0.0,0.0,1.0,0.0,1.0,0.0,1.0,1.0,0.0,1.0,0.0,1.0,1.0,1.0,0.0,1.0,0.0,0.0,0.0,0.0,0.0,,,,1.0,0.0,1.0,0.0,0.0,1.0,1.0,1.0,1.0,0.0,,,,,,1.0,,,0.0,0.0,0.0,1.0,1.0,0.0,1.0,0.0,0.0,0.0,0.0,1.0,1.0,1.0,,1.0,,0.0,0.0,0.0,1.0,1.0,0.0,1.0,,1.0,1.0,0.0,1.0,1.0,,0.0,1.0,,,,0.0,0.0,0.0,0.0,,0.0,1.0,0.0,0.0,,1.0,0.0,0.0,,1.0,,,,,0.0,0.0,1.0,0.0,,0.0,1.0,1.0,1.0,1.0,,,,1.0,0.0,0.0,,,,,,,0.0,,0.0,1.0,,,,,,1.0,1.0,0.0,0.0,0.0
Marcelo Castro,1.0,1.0,0.0,1.0,1.0,1.0,1.0,1.0,1.0,1.0,0.0,0.0,,,1.0,0.0,1.0,1.0,,,,,,,,1.0,,1.0,0.0,0.0,1.0,1.0,0.0,1.0,1.0,1.0,1.0,1.0,1.0,0.0,0.0,1.0,0.0,0.0,1.0,0.0,1.0,1.0,,,1.0,1.0,1.0,1.0,1.0,1.0,0.0,,0.0,1.0,,1.0,1.0,0.0,,1.0,1.0,0.0,0.0,,0.0,1.0,0.0,,0.0,0.0,,0.0,0.0,0.0,0.0,0.0,0.0,,,0.0,0.0,0.0,0.0,0.0,0.0,1.0,1.0,0.0,,1.0,1.0,1.0,1.0,0.0,1.0,0.0,,1.0,0.0,0.0,1.0,0.0,1.0,1.0,0.0,1.0,,1.0,1.0,1.0,1.0,0.0,1.0,0.0,1.0,1.0,0.0,1.0,0.0,1.0,0.0,1.0,0.0,1.0,0.0,1.0,1.0,,,0.0,0.0,0.0,1.0,1.0,0.0,1.0,0.0,0.0,0.0,0.0,0.0,0.0,1.0,0.0,,1.0,0.0,1.0,1.0,1.0,0.0,1.0,1.0,1.0,,1.0,1.0,0.0,0.0,1.0,1.0,1.0,,0.0,1.0,0.0,,0.0,0.0,0.0,0.0,0.0,1.0,0.0,1.0,0.0,0.0,0.0,1.0,,,1.0,0.0,1.0,0.0,,,,,1.0,,1.0,0.0,1.0,0.0,0.0,1.0,1.0,0.0,0.0,0.0,0.0,0.0,1.0,1.0,0.0,1.0,0.0,1.0,0.0,,0.0,0.0,0.0,1.0,,1.0,1.0,0.0,0.0,1.0,,0.0,,0.0,0.0,0.0,1.0,0.0,0.0,,1.0,,1.0,0.0,1.0,1.0,1.0,0.0,1.0,0.0,0.0,0.0,,1.0,1.0,,0.0,0.0,0.0,0.0,0.0,1.0,,,,1.0,1.0,1.0,0.0,0.0,,0.0,1.0,0.0,1.0,0.0,1.0,1.0,,1.0,0.0,1.0,1.0,1.0,0.0,1.0,0.0,0.0,1.0,0.0,1.0,,1.0,1.0,1.0,1.0,1.0,1.0,,,,,1.0,,0.0,1.0,1.0,,,,1.0,1.0,1.0,0.0,0.0,1.0,0.0,1.0,0.0,1.0,0.0,0.0,0.0,0.0,,1.0,,,1.0,0.0,0.0,0.0,1.0,1.0,0.0,1.0,0.0,1.0,1.0,,,1.0,0.0,0.0,1.0,0.0,0.0,0.0,0.0,0.0,0.0,0.0,0.0,0.0,1.0,0.0,,0.0,1.0,0.0,0.0,1.0,1.0,1.0,1.0,1.0,,0.0,0.0,1.0,1.0,,1.0,1.0,,,1.0,1.0,0.0,1.0,1.0,1.0,1.0,1.0,,0.0,,0.0,,0.0,0.0,,1.0,1.0,1.0,1.0,1.0,0.0,1.0,,1.0,1.0,1.0
Marcelo Guimarães Filho,,,0.0,,,,1.0,1.0,,,,0.0,,,1.0,0.0,0.0,1.0,1.0,1.0,1.0,1.0,1.0,1.0,1.0,1.0,0.0,1.0,0.0,0.0,1.0,,,1.0,0.0,1.0,1.0,1.0,,0.0,,1.0,0.0,0.0,,,1.0,,,,1.0,1.0,1.0,1.0,1.0,,,,,1.0,1.0,,1.0,0.0,1.0,1.0,1.0,0.0,0.0,1.0,1.0,1.0,,0.0,,0.0,,0.0,0.0,,0.0,,0.0,,0.0,,0.0,0.0,,0.0,0.0,1.0,1.0,0.0,1.0,1.0,,,,0.0,1.0,,,,,,,,1.0,,0.0,1.0,,,1.0,1.0,,0.0,1.0,0.0,1.0,1.0,0.0,,0.0,,0.0,0.0,1.0,1.0,0.0,1.0,0.0,0.0,1.0,,0.0,0.0,,,1.0,1.0,,0.0,0.0,0.0,,0.0,1.0,,0.0,0.0,0.0,1.0,,1.0,,,,,,1.0,1.0,0.0,0.0,1.0,1.0,1.0,,,1.0,,,,,0.0,0.0,,1.0,,1.0,0.0,0.0,,1.0,1.0,0.0,1.0,0.0,,,0.0,0.0,,0.0,,1.0,1.0,,,,,,,,,,,,,,0.0,1.0,,,0.0,,0.0,,,,,,,,,,0.0,,,0.0,0.0,,,,,,,1.0,,,,,1.0,,,0.0,0.0,0.0,1.0,1.0,,,0.0,0.0,0.0,0.0,0.0,1.0,,1.0,1.0,1.0,,1.0,,,,,1.0,,,0.0,1.0,1.0,,1.0,0.0,,,1.0,0.0,,,0.0,1.0,,1.0,1.0,0.0,0.0,,1.0,1.0,1.0,,1.0,,,1.0,,,,,,,,,,,0.0,,1.0,,0.0,0.0,0.0,0.0,1.0,1.0,0.0,,,,1.0,1.0,0.0,,,,,0.0,,,,,,,1.0,,,1.0,,,,,,,,,,1.0,,0.0,,,,,,1.0,1.0,,,,0.0,,1.0,,,0.0,1.0,1.0,,,,0.0,,,0.0,0.0,,1.0,0.0,,0.0,,0.0,,,,,,,,,,,,1.0,
Marcelo Itagiba,0.0,0.0,0.0,0.0,1.0,1.0,1.0,1.0,1.0,0.0,0.0,,1.0,0.0,1.0,,1.0,1.0,1.0,1.0,1.0,1.0,1.0,0.0,1.0,,0.0,1.0,0.0,0.0,1.0,1.0,1.0,1.0,0.0,,1.0,1.0,0.0,0.0,0.0,1.0,0.0,0.0,1.0,1.0,0.0,1.0,,,1.0,0.0,0.0,0.0,1.0,1.0,0.0,,0.0,1.0,,,1.0,0.0,1.0,,1.0,0.0,0.0,1.0,1.0,1.0,0.0,0.0,,0.0,,0.0,0.0,,0.0,0.0,0.0,0.0,0.0,0.0,0.0,,0.0,0.0,0.0,,1.0,0.0,,1.0,,1.0,1.0,0.0,1.0,,0.0,0.0,0.0,0.0,1.0,0.0,1.0,1.0,0.0,0.0,0.0,1.0,1.0,0.0,1.0,0.0,1.0,0.0,0.0,0.0,1.0,1.0,0.0,1.0,0.0,0.0,0.0,1.0,1.0,0.0,0.0,0.0,1.0,0.0,0.0,0.0,1.0,,0.0,1.0,,0.0,,,0.0,0.0,1.0,1.0,0.0,0.0,0.0,,,1.0,0.0,1.0,1.0,,1.0,1.0,1.0,0.0,0.0,1.0,0.0,1.0,1.0,0.0,1.0,,,,,,,1.0,0.0,0.0,1.0,,0.0,0.0,1.0,1.0,0.0,,,1.0,1.0,0.0,0.0,1.0,0.0,,,1.0,1.0,,0.0,0.0,1.0,,,0.0,0.0,,,0.0,1.0,,,0.0,0.0,,0.0,0.0,,0.0,1.0,0.0,1.0,1.0,0.0,,,0.0,0.0,0.0,,0.0,0.0,1.0,0.0,0.0,1.0,0.0,1.0,,0.0,,,1.0,0.0,1.0,0.0,,0.0,1.0,1.0,,1.0,0.0,,0.0,0.0,,1.0,0.0,1.0,1.0,1.0,0.0,0.0,0.0,0.0,0.0,1.0,1.0,0.0,0.0,0.0,1.0,1.0,0.0,1.0,,,1.0,1.0,0.0,,0.0,0.0,0.0,,,1.0,,,1.0,1.0,,0.0,0.0,0.0,0.0,0.0,0.0,,1.0,0.0,1.0,1.0,,,1.0,1.0,0.0,1.0,,1.0,,0.0,0.0,0.0,0.0,1.0,0.0,0.0,1.0,1.0,1.0,1.0,,1.0,,1.0,,0.0,1.0,,1.0,1.0,,0.0,,0.0,0.0,0.0,0.0,,1.0,0.0,,,,,,,,,,0.0,,,,0.0,0.0,0.0,,1.0,1.0,,,,1.0,,1.0,,1.0,,,0.0,,0.0,,,,,,,0.0,,,,,,0.0,1.0,1.0,0.0,0.0,,,1.0,0.0,0.0,
Marcelo Melo,,,0.0,,1.0,1.0,1.0,1.0,1.0,1.0,0.0,0.0,1.0,0.0,0.0,1.0,1.0,1.0,1.0,,1.0,1.0,1.0,1.0,1.0,1.0,0.0,1.0,0.0,0.0,1.0,1.0,0.0,0.0,1.0,1.0,1.0,1.0,1.0,0.0,0.0,1.0,0.0,0.0,1.0,0.0,1.0,1.0,,,1.0,1.0,1.0,1.0,1.0,1.0,0.0,0.0,0.0,1.0,1.0,1.0,1.0,,1.0,1.0,,0.0,,1.0,1.0,1.0,0.0,0.0,0.0,0.0,1.0,0.0,0.0,,0.0,0.0,0.0,0.0,0.0,,,,0.0,0.0,0.0,1.0,1.0,0.0,1.0,1.0,1.0,1.0,1.0,,,,,,0.0,0.0,1.0,0.0,1.0,1.0,0.0,1.0,1.0,1.0,1.0,1.0,,,,,1.0,1.0,,,0.0,,0.0,1.0,0.0,1.0,0.0,1.0,1.0,0.0,1.0,0.0,0.0,,,1.0,0.0,1.0,0.0,,0.0,0.0,0.0,,1.0,1.0,0.0,0.0,0.0,1.0,1.0,1.0,0.0,1.0,1.0,1.0,1.0,1.0,1.0,0.0,0.0,1.0,1.0,1.0,1.0,0.0,1.0,0.0,1.0,0.0,1.0,0.0,0.0,0.0,1.0,0.0,1.0,0.0,0.0,0.0,1.0,,0.0,1.0,0.0,1.0,,0.0,0.0,0.0,0.0,1.0,1.0,1.0,0.0,1.0,0.0,0.0,,1.0,0.0,,0.0,0.0,,1.0,1.0,0.0,1.0,0.0,1.0,,0.0,0.0,0.0,0.0,1.0,0.0,1.0,,,0.0,1.0,0.0,0.0,0.0,0.0,0.0,0.0,,0.0,,1.0,1.0,1.0,1.0,0.0,1.0,,1.0,0.0,1.0,,0.0,0.0,1.0,1.0,1.0,,0.0,0.0,,0.0,0.0,1.0,,1.0,1.0,1.0,1.0,1.0,,,0.0,0.0,1.0,0.0,1.0,0.0,1.0,1.0,0.0,1.0,0.0,1.0,1.0,1.0,1.0,1.0,0.0,0.0,1.0,,1.0,1.0,,1.0,1.0,,1.0,1.0,1.0,,1.0,1.0,1.0,0.0,0.0,1.0,1.0,,0.0,1.0,1.0,1.0,1.0,,,,0.0,0.0,0.0,,0.0,0.0,0.0,0.0,,1.0,,1.0,,0.0,0.0,0.0,1.0,1.0,0.0,1.0,0.0,1.0,,0.0,1.0,,0.0,,,0.0,0.0,0.0,,,,,,0.0,1.0,0.0,0.0,0.0,1.0,0.0,,1.0,1.0,1.0,1.0,1.0,1.0,0.0,,1.0,1.0,0.0,1.0,1.0,1.0,1.0,1.0,1.0,,1.0,,1.0,1.0,1.0,1.0,0.0,1.0,,0.0,0.0,0.0,,,,,,1.0,0.0,,1.0,1.0,1.0,1.0
Marcelo Ortiz,1.0,1.0,1.0,0.0,1.0,1.0,1.0,,1.0,1.0,,1.0,,0.0,1.0,0.0,1.0,1.0,1.0,1.0,1.0,,,1.0,1.0,1.0,,,0.0,,1.0,,0.0,1.0,0.0,1.0,1.0,1.0,0.0,0.0,0.0,1.0,0.0,0.0,1.0,0.0,1.0,1.0,0.0,,1.0,1.0,1.0,1.0,1.0,,1.0,0.0,0.0,1.0,1.0,0.0,1.0,0.0,1.0,1.0,1.0,0.0,0.0,,1.0,1.0,0.0,0.0,0.0,0.0,1.0,0.0,0.0,,0.0,0.0,0.0,0.0,0.0,0.0,0.0,0.0,0.0,0.0,0.0,0.0,1.0,0.0,1.0,1.0,,1.0,0.0,0.0,1.0,0.0,0.0,0.0,0.0,0.0,1.0,1.0,1.0,1.0,0.0,1.0,1.0,1.0,1.0,1.0,1.0,0.0,1.0,0.0,1.0,1.0,0.0,1.0,0.0,,0.0,0.0,1.0,1.0,1.0,0.0,1.0,0.0,,,0.0,0.0,1.0,1.0,,1.0,0.0,0.0,0.0,0.0,,,1.0,1.0,,1.0,0.0,1.0,1.0,1.0,,1.0,1.0,1.0,1.0,1.0,1.0,0.0,0.0,1.0,1.0,1.0,,0.0,1.0,0.0,1.0,0.0,,0.0,0.0,,,0.0,1.0,0.0,0.0,0.0,1.0,1.0,0.0,1.0,0.0,1.0,0.0,0.0,1.0,0.0,0.0,1.0,,0.0,0.0,1.0,,,,,0.0,,0.0,0.0,1.0,0.0,0.0,0.0,0.0,,,,0.0,,0.0,0.0,1.0,0.0,0.0,1.0,,0.0,1.0,,,0.0,0.0,0.0,0.0,1.0,0.0,0.0,1.0,1.0,1.0,1.0,,1.0,1.0,1.0,0.0,1.0,0.0,0.0,0.0,1.0,0.0,1.0,,0.0,0.0,,,1.0,1.0,,,1.0,1.0,0.0,0.0,0.0,0.0,,1.0,,0.0,0.0,,1.0,1.0,0.0,1.0,,1.0,1.0,,,1.0,,0.0,0.0,0.0,1.0,,1.0,1.0,,1.0,,0.0,,1.0,1.0,1.0,1.0,,0.0,1.0,1.0,0.0,0.0,1.0,,1.0,1.0,0.0,0.0,1.0,0.0,0.0,0.0,0.0,0.0,0.0,0.0,1.0,1.0,1.0,1.0,,1.0,,0.0,0.0,1.0,,1.0,1.0,1.0,1.0,1.0,0.0,1.0,1.0,0.0,,1.0,,,0.0,,0.0,0.0,0.0,1.0,,,0.0,,0.0,,0.0,0.0,1.0,1.0,1.0,1.0,1.0,1.0,0.0,0.0,1.0,1.0,0.0,0.0,1.0,,,1.0,,,,1.0,0.0,0.0,1.0,1.0,0.0,1.0,0.0,0.0,0.0,0.0,0.0,1.0,1.0,1.0,,0.0,0.0,1.0,,1.0,1.0,1.0
Marcelo Serafim,1.0,,0.0,0.0,1.0,1.0,,1.0,1.0,1.0,1.0,0.0,1.0,0.0,1.0,,1.0,1.0,1.0,1.0,1.0,1.0,1.0,1.0,1.0,1.0,0.0,1.0,0.0,0.0,1.0,1.0,0.0,0.0,,,1.0,,0.0,,0.0,1.0,0.0,0.0,1.0,,,1.0,0.0,0.0,1.0,1.0,1.0,1.0,1.0,1.0,0.0,0.0,0.0,1.0,,0.0,1.0,0.0,1.0,1.0,1.0,0.0,0.0,1.0,1.0,,0.0,0.0,0.0,0.0,1.0,,,,,0.0,0.0,0.0,0.0,0.0,0.0,0.0,0.0,0.0,0.0,,1.0,0.0,1.0,1.0,1.0,1.0,1.0,0.0,,,,0.0,0.0,0.0,,,1.0,1.0,0.0,1.0,1.0,1.0,1.0,1.0,1.0,0.0,1.0,0.0,1.0,1.0,0.0,1.0,,1.0,0.0,0.0,,,,0.0,1.0,0.0,1.0,,0.0,,1.0,1.0,,1.0,0.0,,0.0,0.0,,0.0,1.0,0.0,,1.0,,,,1.0,,1.0,1.0,,1.0,1.0,1.0,,,,,,1.0,0.0,1.0,,1.0,0.0,1.0,1.0,0.0,0.0,1.0,,,,0.0,0.0,1.0,1.0,0.0,1.0,1.0,1.0,,1.0,1.0,1.0,1.0,1.0,1.0,1.0,,,0.0,0.0,,1.0,,,0.0,0.0,,1.0,1.0,,1.0,0.0,1.0,,0.0,0.0,,,,0.0,1.0,1.0,0.0,,1.0,0.0,,,,0.0,,1.0,,,1.0,1.0,1.0,1.0,0.0,0.0,,1.0,0.0,1.0,0.0,0.0,0.0,,0.0,,0.0,0.0,0.0,,0.0,,1.0,0.0,1.0,,,1.0,1.0,,0.0,,0.0,1.0,,1.0,,1.0,1.0,0.0,1.0,0.0,,1.0,0.0,0.0,1.0,,0.0,0.0,0.0,1.0,,1.0,1.0,1.0,,1.0,,,1.0,1.0,,1.0,,0.0,1.0,1.0,0.0,,1.0,1.0,0.0,0.0,,0.0,1.0,0.0,1.0,1.0,0.0,1.0,1.0,,,1.0,1.0,1.0,,1.0,,0.0,0.0,1.0,1.0,,1.0,,,1.0,,,1.0,0.0,0.0,,0.0,,0.0,0.0,0.0,0.0,0.0,0.0,0.0,,0.0,0.0,0.0,1.0,0.0,,,,,,1.0,1.0,,,1.0,1.0,,1.0,1.0,1.0,1.0,,1.0,0.0,1.0,,,,1.0,1.0,,1.0,0.0,0.0,0.0,,0.0,1.0,,,1.0,0.0,1.0,,1.0,1.0,1.0,
Marcelo Teixeira,,,0.0,1.0,1.0,,1.0,1.0,1.0,,0.0,,1.0,,1.0,1.0,1.0,1.0,1.0,1.0,1.0,1.0,1.0,1.0,1.0,1.0,0.0,,0.0,0.0,1.0,1.0,,,0.0,1.0,1.0,1.0,1.0,,,1.0,0.0,0.0,,,1.0,1.0,0.0,,1.0,1.0,1.0,1.0,1.0,,,,,0.0,0.0,,,,1.0,,0.0,0.0,0.0,1.0,0.0,,0.0,0.0,,,,,,,,,0.0,0.0,,0.0,0.0,,0.0,0.0,,1.0,,0.0,1.0,0.0,,,,0.0,1.0,,,,0.0,,1.0,0.0,1.0,1.0,0.0,1.0,0.0,1.0,1.0,1.0,1.0,,,,1.0,1.0,,1.0,,,0.0,0.0,1.0,,1.0,0.0,1.0,0.0,,,,,,1.0,1.0,1.0,,0.0,0.0,0.0,0.0,0.0,1.0,1.0,0.0,1.0,0.0,1.0,,1.0,,1.0,1.0,1.0,1.0,1.0,1.0,0.0,,,1.0,1.0,1.0,0.0,1.0,0.0,1.0,,1.0,0.0,,0.0,1.0,0.0,1.0,0.0,0.0,0.0,1.0,1.0,0.0,1.0,,1.0,,0.0,1.0,0.0,0.0,1.0,,1.0,0.0,1.0,0.0,0.0,,1.0,,0.0,0.0,0.0,,1.0,1.0,0.0,1.0,,,0.0,,0.0,0.0,0.0,,0.0,,,0.0,0.0,1.0,0.0,0.0,0.0,,,0.0,,0.0,1.0,1.0,1.0,1.0,1.0,0.0,0.0,1.0,1.0,1.0,1.0,0.0,,0.0,1.0,1.0,1.0,0.0,,,0.0,0.0,0.0,1.0,0.0,1.0,,1.0,,1.0,0.0,0.0,,0.0,,0.0,1.0,0.0,1.0,,,1.0,0.0,1.0,,1.0,,1.0,,0.0,1.0,0.0,1.0,1.0,1.0,1.0,,1.0,1.0,1.0,1.0,,,,,,0.0,1.0,1.0,0.0,0.0,1.0,1.0,1.0,,0.0,0.0,1.0,0.0,,0.0,1.0,0.0,1.0,0.0,0.0,,1.0,,,1.0,0.0,1.0,0.0,,1.0,0.0,,0.0,1.0,,,1.0,1.0,0.0,0.0,,0.0,0.0,0.0,0.0,,0.0,0.0,1.0,0.0,,0.0,0.0,0.0,1.0,0.0,,1.0,,,1.0,1.0,1.0,0.0,,1.0,1.0,1.0,0.0,,1.0,1.0,1.0,,0.0,,1.0,,1.0,1.0,,0.0,,0.0,,,0.0,,,,,1.0,,0.0,,,1.0,1.0,
Marcio Junqueira,,,1.0,,0.0,1.0,1.0,1.0,1.0,0.0,0.0,0.0,,,1.0,1.0,1.0,1.0,,,1.0,1.0,1.0,1.0,1.0,0.0,,,,,,,,,0.0,,,,1.0,,,,,,0.0,1.0,1.0,1.0,,,0.0,,,,,1.0,1.0,,,0.0,,,,,0.0,0.0,0.0,,,0.0,1.0,,,,,,,,,1.0,,1.0,,,,,,,,,,1.0,,,0.0,0.0,,1.0,,1.0,0.0,,,,1.0,0.0,1.0,1.0,0.0,0.0,,1.0,1.0,,0.0,0.0,,,,,0.0,0.0,1.0,1.0,,1.0,,1.0,0.0,,0.0,1.0,1.0,0.0,,,,,,,1.0,,,,,,,,,0.0,,0.0,0.0,0.0,0.0,0.0,0.0,0.0,1.0,,0.0,,,1.0,,0.0,1.0,0.0,0.0,,,,,,,,,,,,,,,,,,,,,0.0,1.0,0.0,0.0,,0.0,,,0.0,,,,,,,,,,,1.0,0.0,,,,,,,,,,,,,1.0,1.0,,,,,,,,,,0.0,,,1.0,0.0,1.0,1.0,,1.0,0.0,0.0,,,,,,,1.0,1.0,,,,,,,,,0.0,1.0,1.0,,,1.0,,,,,,0.0,1.0,0.0,0.0,1.0,0.0,,1.0,1.0,1.0,1.0,,0.0,0.0,1.0,,0.0,,,1.0,,1.0,,,1.0,,,1.0,0.0,1.0,,,,,,1.0,0.0,,0.0,,,,0.0,,,0.0,1.0,0.0,1.0,0.0,,1.0,,,,,,,,,,1.0,,,,1.0,0.0,0.0,,,,,1.0,,,,,,,,,,,,,,,0.0,0.0,,,1.0,1.0,,,,1.0,,,,,,,,,,,,,,,,0.0,,,,,,0.0,1.0,1.0,0.0,,,,1.0,,1.0,1.0
Marco Maia,,1.0,0.0,1.0,1.0,1.0,1.0,1.0,1.0,,0.0,0.0,,,,,,,1.0,1.0,1.0,1.0,1.0,1.0,1.0,1.0,0.0,1.0,,0.0,1.0,,0.0,1.0,1.0,,1.0,1.0,0.0,,0.0,1.0,,0.0,1.0,0.0,1.0,1.0,0.0,0.0,1.0,1.0,1.0,1.0,1.0,1.0,0.0,,,1.0,,,1.0,,1.0,1.0,1.0,0.0,0.0,,0.0,1.0,0.0,0.0,0.0,0.0,1.0,0.0,0.0,0.0,0.0,0.0,0.0,0.0,0.0,0.0,0.0,0.0,,0.0,0.0,0.0,1.0,0.0,1.0,1.0,1.0,,1.0,0.0,1.0,0.0,,0.0,0.0,0.0,1.0,0.0,1.0,1.0,0.0,,0.0,1.0,1.0,1.0,1.0,,1.0,0.0,1.0,1.0,0.0,1.0,0.0,1.0,0.0,1.0,0.0,1.0,0.0,1.0,1.0,0.0,,0.0,0.0,0.0,0.0,,1.0,,0.0,0.0,0.0,0.0,0.0,0.0,1.0,1.0,0.0,1.0,0.0,1.0,,1.0,0.0,1.0,1.0,1.0,1.0,1.0,1.0,0.0,0.0,1.0,1.0,1.0,1.0,,1.0,0.0,1.0,0.0,1.0,0.0,0.0,0.0,1.0,0.0,,,0.0,0.0,,1.0,1.0,1.0,0.0,1.0,0.0,,,0.0,0.0,,1.0,1.0,0.0,1.0,0.0,0.0,1.0,1.0,0.0,0.0,0.0,0.0,0.0,1.0,1.0,,1.0,,1.0,,0.0,0.0,0.0,,1.0,0.0,0.0,,0.0,0.0,1.0,,0.0,0.0,,0.0,0.0,1.0,,0.0,,,,1.0,0.0,0.0,1.0,1.0,0.0,,0.0,0.0,0.0,0.0,0.0,1.0,,0.0,0.0,,0.0,0.0,,0.0,,,1.0,1.0,1.0,0.0,,0.0,0.0,,,1.0,,,1.0,,1.0,0.0,1.0,1.0,0.0,0.0,,0.0,0.0,1.0,,1.0,1.0,,1.0,1.0,0.0,1.0,0.0,0.0,,1.0,1.0,,,0.0,,,,,1.0,,,,,0.0,1.0,0.0,1.0,0.0,0.0,1.0,1.0,0.0,0.0,,,1.0,1.0,1.0,,0.0,0.0,,,0.0,1.0,,0.0,1.0,,1.0,,0.0,,,,0.0,0.0,0.0,0.0,,,0.0,0.0,1.0,,0.0,0.0,,0.0,,,,,1.0,,1.0,,,,,,,1.0,1.0,1.0,,1.0,0.0,1.0,1.0,,,1.0,1.0,0.0,1.0,0.0,0.0,0.0,,,,,,,,,,,,,1.0
Marcondes Gadelha,1.0,1.0,,0.0,1.0,1.0,1.0,,1.0,,0.0,0.0,1.0,,1.0,0.0,1.0,1.0,,,,,,,,1.0,0.0,1.0,0.0,,,1.0,0.0,,,,1.0,,0.0,,,1.0,0.0,0.0,1.0,0.0,,1.0,0.0,0.0,,1.0,1.0,1.0,1.0,,,,,1.0,1.0,1.0,1.0,,1.0,1.0,1.0,0.0,0.0,1.0,1.0,,,,0.0,0.0,,,,0.0,0.0,,0.0,,,,,0.0,,0.0,0.0,,1.0,0.0,1.0,1.0,1.0,,1.0,0.0,,,,,0.0,,1.0,0.0,1.0,1.0,0.0,1.0,,1.0,1.0,1.0,1.0,,,,1.0,1.0,0.0,1.0,,,,0.0,0.0,1.0,,0.0,1.0,0.0,,,0.0,0.0,1.0,1.0,1.0,,,,,0.0,,,,1.0,,1.0,,1.0,,1.0,0.0,,1.0,,1.0,1.0,1.0,0.0,0.0,,,,1.0,0.0,,,,0.0,0.0,1.0,,0.0,1.0,,,0.0,0.0,,,1.0,,,,,,0.0,1.0,0.0,,,1.0,1.0,,1.0,0.0,0.0,,1.0,,,0.0,,,,,,,,1.0,,,0.0,0.0,,,,1.0,,,,1.0,0.0,,0.0,0.0,0.0,,,,0.0,1.0,1.0,1.0,,0.0,,1.0,,,1.0,0.0,,,0.0,0.0,,0.0,0.0,,0.0,0.0,1.0,1.0,,1.0,,,1.0,1.0,0.0,,0.0,0.0,,,1.0,,1.0,1.0,0.0,1.0,0.0,,1.0,,,,1.0,0.0,,,,1.0,,,1.0,1.0,1.0,,,,1.0,1.0,,1.0,0.0,1.0,1.0,,,1.0,,,1.0,,0.0,,0.0,1.0,,0.0,0.0,,,,1.0,1.0,1.0,,,0.0,,,,,0.0,1.0,,1.0,,,1.0,1.0,,,1.0,0.0,0.0,,,,,,,,,,,,,,,,,,1.0,1.0,1.0,0.0,,0.0,,0.0,0.0,,1.0,,1.0,1.0,0.0,1.0,1.0,,,1.0,1.0,0.0,1.0,0.0,0.0,0.0,,,,1.0,1.0,,0.0,0.0,,1.0,1.0,,1.0
Marcos Antonio,,1.0,,,,1.0,,,,,,,,,,,,,1.0,1.0,1.0,1.0,,,,1.0,0.0,1.0,,0.0,1.0,,,,,,,,1.0,0.0,,1.0,0.0,,,,,1.0,0.0,,1.0,1.0,1.0,1.0,1.0,,0.0,,0.0,1.0,1.0,,1.0,0.0,1.0,,,,0.0,,0.0,,,0.0,0.0,0.0,,,,,,0.0,1.0,,0.0,0.0,0.0,0.0,0.0,0.0,,1.0,1.0,0.0,,,,,0.0,0.0,1.0,,,,,,,,1.0,1.0,0.0,1.0,,1.0,1.0,1.0,1.0,,1.0,0.0,1.0,1.0,0.0,1.0,0.0,,,,1.0,1.0,1.0,1.0,1.0,,,0.0,0.0,0.0,0.0,,,1.0,0.0,,,0.0,,,,,,1.0,,,1.0,1.0,0.0,1.0,,,1.0,,,0.0,,,,1.0,1.0,0.0,,,,0.0,,0.0,,,,,,,,,,,,1.0,,,,,,,,,,,,,,0.0,,1.0,,0.0,,0.0,,1.0,,0.0,,0.0,,0.0,,0.0,,,1.0,,,,0.0,,,0.0,,,,0.0,,1.0,,,,1.0,,,,,,1.0,,,,,,,,,,,,,0.0,,1.0,,,,,1.0,,,,,,,,,,,,,,,,1.0,,,,,0.0,,,,,,,,0.0,,,,,,,,,,,,,,,,,,,,,,,,,,,,,,,,,,,,,,,,,,1.0,1.0,,,,,,,,0.0,,,0.0,,,,,,,,,,,,,,,,,1.0,,,,,,,,,1.0,1.0,1.0,,1.0,0.0,,,,,0.0,1.0,,,,,,,,,,,,,,,,
Marcos Lima,1.0,,,1.0,1.0,1.0,,1.0,,1.0,0.0,0.0,1.0,,1.0,1.0,0.0,1.0,1.0,1.0,1.0,1.0,1.0,1.0,1.0,,,,,,,1.0,0.0,1.0,0.0,1.0,,1.0,,,,,,,,,,,,,,,,,,,,,,,,1.0,,,,,,,,,,,,,,,,,,,,,,,,,,,,,,,,,,,1.0,,,,,,,,,,1.0,0.0,,,,,,,,,,,,,,,,,,,,,,,,,,,,,,,,,1.0,,,,,,,,,,,,,,,,,,,,,,,,,,,,,,,0.0,1.0,0.0,,,,0.0,1.0,,,,,,,,,,,,,,,,,,1.0,,,,,,,,,,,,,,,,,,,,,,,,,,,,,,1.0,,,,,,,,,,1.0,1.0,1.0,1.0,,1.0,,,,,,,,1.0,1.0,1.0,,0.0,0.0,0.0,0.0,,1.0,0.0,1.0,,,,1.0,0.0,0.0,0.0,0.0,1.0,0.0,1.0,0.0,1.0,1.0,0.0,1.0,,1.0,1.0,1.0,,1.0,,0.0,1.0,0.0,1.0,1.0,1.0,1.0,,1.0,1.0,,1.0,1.0,1.0,1.0,1.0,0.0,0.0,1.0,1.0,,,,1.0,1.0,1.0,,,1.0,0.0,,,,,0.0,0.0,0.0,,1.0,1.0,,1.0,,,0.0,,1.0,,1.0,,1.0,1.0,0.0,1.0,1.0,,0.0,1.0,0.0,0.0,,0.0,0.0,0.0,0.0,0.0,0.0,1.0,0.0,0.0,,,0.0,0.0,1.0,1.0,1.0,1.0,1.0,1.0,,,1.0,,1.0,0.0,1.0,1.0,1.0,1.0,1.0,0.0,1.0,1.0,1.0,1.0,,1.0,,1.0,0.0,0.0,,0.0,,1.0,1.0,1.0,,1.0,0.0,1.0,1.0,1.0,,1.0
Marcos Medrado,1.0,,,,,,,1.0,1.0,0.0,,1.0,,0.0,1.0,0.0,1.0,1.0,,,,,,,,1.0,0.0,,0.0,0.0,1.0,,0.0,1.0,0.0,1.0,1.0,1.0,0.0,,,,0.0,0.0,,,,1.0,,,1.0,1.0,1.0,1.0,1.0,1.0,0.0,0.0,0.0,1.0,1.0,1.0,1.0,0.0,1.0,1.0,1.0,0.0,0.0,,,,0.0,0.0,0.0,0.0,,0.0,0.0,0.0,0.0,,0.0,0.0,0.0,0.0,0.0,0.0,0.0,0.0,0.0,0.0,1.0,0.0,1.0,1.0,1.0,,,0.0,1.0,,,,0.0,,,,1.0,1.0,0.0,,0.0,,,,,0.0,1.0,0.0,1.0,1.0,0.0,,0.0,1.0,0.0,0.0,1.0,,,0.0,,0.0,1.0,0.0,,0.0,0.0,1.0,1.0,1.0,,,0.0,0.0,,,,,0.0,0.0,0.0,1.0,1.0,1.0,,1.0,1.0,,1.0,1.0,1.0,0.0,0.0,1.0,,1.0,1.0,,,0.0,1.0,0.0,1.0,,0.0,0.0,1.0,0.0,1.0,,0.0,0.0,1.0,1.0,0.0,1.0,0.0,,,0.0,1.0,1.0,0.0,1.0,1.0,1.0,0.0,,0.0,0.0,1.0,1.0,0.0,0.0,0.0,0.0,0.0,1.0,1.0,0.0,1.0,0.0,1.0,0.0,,0.0,0.0,0.0,1.0,0.0,0.0,1.0,0.0,0.0,1.0,0.0,0.0,,,,,,,,,1.0,1.0,1.0,,,1.0,1.0,0.0,1.0,,,0.0,0.0,0.0,1.0,,0.0,,0.0,0.0,0.0,1.0,0.0,1.0,,,1.0,1.0,0.0,0.0,0.0,,1.0,0.0,,0.0,1.0,1.0,,1.0,0.0,1.0,,0.0,0.0,,0.0,0.0,0.0,0.0,0.0,1.0,,0.0,,,1.0,0.0,0.0,,1.0,,,0.0,0.0,1.0,1.0,,,,,,,0.0,,1.0,0.0,0.0,,0.0,,1.0,0.0,0.0,,,1.0,1.0,,,,,,,,1.0,1.0,1.0,1.0,0.0,1.0,1.0,,,1.0,0.0,0.0,,,,,,,0.0,1.0,0.0,0.0,,,0.0,0.0,,,,,1.0,,,,,1.0,0.0,0.0,1.0,1.0,,1.0,1.0,0.0,1.0,1.0,1.0,,1.0,,,,,0.0,0.0,,,1.0,1.0,1.0,1.0,,0.0,1.0,,0.0,0.0,1.0
Marcos Montes,1.0,0.0,1.0,1.0,1.0,,1.0,1.0,1.0,0.0,0.0,0.0,1.0,0.0,1.0,,,,,,,,1.0,1.0,1.0,0.0,,,,,,1.0,1.0,0.0,0.0,1.0,1.0,,1.0,,,,,,0.0,1.0,,1.0,,,0.0,,,,,1.0,1.0,,,1.0,1.0,1.0,,,0.0,0.0,0.0,,,0.0,1.0,,,,,,,1.0,,1.0,,1.0,1.0,,1.0,,,,,,,,,,,0.0,1.0,1.0,1.0,1.0,,0.0,0.0,1.0,1.0,0.0,1.0,1.0,0.0,0.0,,,1.0,0.0,0.0,0.0,,0.0,1.0,0.0,0.0,0.0,,1.0,,1.0,,1.0,0.0,,0.0,1.0,,0.0,,,,,0.0,,0.0,,,,,,,,,0.0,1.0,0.0,0.0,0.0,0.0,0.0,0.0,0.0,1.0,0.0,0.0,0.0,,1.0,,0.0,0.0,0.0,,,,,,,,,,,1.0,,,,,,0.0,,,,,0.0,0.0,0.0,0.0,1.0,0.0,0.0,,1.0,,,,,,,,,,1.0,1.0,0.0,,,,,,,,,,,,,,,,,1.0,,,,,,,,,,1.0,0.0,1.0,1.0,,,0.0,0.0,,,,,,1.0,1.0,1.0,,,,1.0,,1.0,0.0,,,1.0,,0.0,0.0,1.0,,,1.0,,,0.0,,0.0,0.0,1.0,0.0,,1.0,,1.0,,0.0,,,,,0.0,,1.0,1.0,1.0,,0.0,,,0.0,0.0,1.0,0.0,,,,,,,1.0,0.0,1.0,,,,,0.0,1.0,0.0,0.0,1.0,0.0,0.0,0.0,1.0,1.0,,1.0,1.0,1.0,,,,0.0,1.0,1.0,1.0,1.0,0.0,,0.0,0.0,,,0.0,,,,,,,,1.0,,,,,,,,,0.0,0.0,0.0,,1.0,1.0,,,,1.0,,1.0,,1.0,,,,,,,1.0,1.0,1.0,,,0.0,,,,,,0.0,1.0,1.0,,1.0,,1.0,1.0,0.0,,1.0
Maria Helena,,1.0,0.0,,1.0,1.0,1.0,1.0,1.0,0.0,,0.0,1.0,0.0,1.0,,1.0,1.0,1.0,1.0,,1.0,,1.0,1.0,0.0,0.0,1.0,0.0,0.0,1.0,1.0,,1.0,0.0,1.0,1.0,1.0,0.0,0.0,0.0,1.0,,0.0,1.0,0.0,,1.0,0.0,0.0,1.0,,,,,1.0,0.0,,0.0,1.0,1.0,1.0,1.0,,,,1.0,0.0,0.0,1.0,1.0,,0.0,0.0,0.0,1.0,1.0,0.0,0.0,1.0,0.0,,0.0,0.0,0.0,0.0,0.0,1.0,0.0,,,0.0,1.0,0.0,1.0,1.0,1.0,1.0,1.0,0.0,,0.0,0.0,1.0,,0.0,1.0,0.0,1.0,1.0,0.0,1.0,1.0,,1.0,0.0,1.0,0.0,1.0,0.0,0.0,1.0,0.0,1.0,,,0.0,0.0,0.0,,1.0,0.0,1.0,0.0,1.0,0.0,0.0,0.0,1.0,1.0,1.0,1.0,0.0,0.0,0.0,,0.0,0.0,1.0,1.0,0.0,0.0,0.0,1.0,1.0,1.0,0.0,1.0,1.0,,1.0,1.0,,,,1.0,,1.0,1.0,,1.0,,,0.0,1.0,0.0,0.0,,1.0,,1.0,0.0,0.0,,1.0,,0.0,,0.0,,0.0,0.0,0.0,0.0,0.0,1.0,1.0,1.0,0.0,1.0,0.0,,1.0,1.0,,,0.0,0.0,0.0,,1.0,,,,1.0,0.0,0.0,,0.0,0.0,1.0,0.0,1.0,1.0,,0.0,1.0,,0.0,0.0,0.0,0.0,,,0.0,0.0,,1.0,1.0,1.0,0.0,1.0,1.0,1.0,0.0,1.0,0.0,0.0,0.0,0.0,1.0,1.0,0.0,0.0,0.0,0.0,,,,0.0,1.0,,,1.0,,0.0,,0.0,0.0,1.0,0.0,1.0,0.0,1.0,1.0,0.0,1.0,,1.0,1.0,1.0,0.0,1.0,1.0,,0.0,0.0,1.0,,1.0,1.0,1.0,,,0.0,1.0,1.0,1.0,,1.0,1.0,0.0,,1.0,0.0,0.0,1.0,1.0,0.0,0.0,0.0,0.0,1.0,0.0,1.0,1.0,0.0,0.0,1.0,0.0,1.0,,1.0,,,1.0,0.0,0.0,,1.0,1.0,0.0,,0.0,1.0,,0.0,1.0,1.0,0.0,0.0,1.0,,,0.0,0.0,0.0,0.0,0.0,1.0,0.0,1.0,,0.0,0.0,1.0,0.0,0.0,,1.0,1.0,,,1.0,1.0,0.0,,,0.0,1.0,1.0,1.0,1.0,1.0,1.0,0.0,1.0,,1.0,1.0,,,0.0,1.0,0.0,0.0,0.0,0.0,,1.0,1.0,1.0,1.0,0.0,1.0,1.0,,,,1.0
Maria Lúcia Cardoso,1.0,1.0,,,,,,,,,0.0,,,1.0,1.0,1.0,1.0,1.0,,,,,,1.0,1.0,,,,0.0,0.0,1.0,,0.0,1.0,0.0,,,1.0,0.0,0.0,0.0,1.0,,,1.0,0.0,1.0,1.0,,,1.0,1.0,1.0,1.0,1.0,1.0,0.0,,,1.0,,,1.0,0.0,,,1.0,,,1.0,1.0,,,,,,,,,,,,,,0.0,0.0,0.0,0.0,0.0,,0.0,,1.0,,,0.0,,,,,,,,,0.0,0.0,1.0,0.0,,,0.0,1.0,0.0,1.0,1.0,,0.0,,1.0,0.0,1.0,1.0,,,,1.0,0.0,,,1.0,,1.0,1.0,,1.0,,0.0,0.0,,,0.0,1.0,,0.0,0.0,0.0,,,,1.0,,,0.0,1.0,1.0,1.0,,,1.0,,1.0,,,0.0,,1.0,1.0,1.0,,,,,1.0,,1.0,0.0,0.0,0.0,1.0,,,,,,1.0,,,1.0,0.0,1.0,0.0,1.0,0.0,0.0,,,,1.0,,1.0,,,1.0,,,,,,0.0,1.0,1.0,,,0.0,1.0,0.0,,0.0,,,,0.0,1.0,1.0,,0.0,,,0.0,,,,0.0,1.0,0.0,,1.0,,1.0,,0.0,,,,,,,0.0,,1.0,1.0,1.0,0.0,0.0,,0.0,,,,,0.0,1.0,1.0,1.0,1.0,0.0,,0.0,,,,,,1.0,1.0,0.0,1.0,,1.0,,,,1.0,,0.0,1.0,1.0,1.0,1.0,,,,,1.0,,,1.0,1.0,1.0,,,,,,,,0.0,1.0,1.0,,,0.0,1.0,,,,,,,,,1.0,1.0,,1.0,,,,,,,0.0,,0.0,,,,1.0,,,,,,,,,,,,0.0,0.0,1.0,0.0,0.0,,1.0,0.0,0.0,,,,1.0,1.0,,0.0,0.0,1.0,1.0,1.0,0.0,,1.0,,,,,,1.0,,,1.0,,,,,,0.0,0.0,,,,,,1.0,0.0,,,,1.0,1.0
Maria do Carmo Lara,,1.0,0.0,,,,,,1.0,,,,,,,,,,,,,,,,,1.0,0.0,1.0,0.0,0.0,1.0,,,,,,,,0.0,0.0,,1.0,,0.0,1.0,,,,0.0,0.0,1.0,1.0,1.0,1.0,1.0,,0.0,,0.0,1.0,1.0,,1.0,0.0,1.0,1.0,1.0,,0.0,,0.0,1.0,0.0,0.0,,,1.0,0.0,0.0,0.0,0.0,,0.0,0.0,0.0,0.0,0.0,0.0,0.0,0.0,,0.0,1.0,,,1.0,,,,0.0,1.0,,,,0.0,,,,1.0,1.0,0.0,1.0,0.0,1.0,,1.0,,0.0,1.0,0.0,1.0,,0.0,1.0,0.0,,0.0,1.0,0.0,1.0,0.0,1.0,1.0,0.0,1.0,0.0,,0.0,0.0,1.0,,1.0,0.0,,0.0,0.0,,0.0,1.0,1.0,0.0,1.0,,1.0,1.0,1.0,0.0,,1.0,,1.0,1.0,1.0,0.0,0.0,1.0,,1.0,,0.0,1.0,,,,,,,,,0.0,,0.0,0.0,0.0,1.0,,,1.0,,,,0.0,1.0,0.0,0.0,1.0,,1.0,,1.0,,0.0,1.0,1.0,,,,,,1.0,1.0,,1.0,0.0,,0.0,0.0,0.0,,,,,0.0,1.0,,0.0,,0.0,0.0,,,,,,,,,,,,,,,,,1.0,,0.0,,,,,,,,,,,,,,,,,,,,,,,,,,,,,,,,,,,,,,,,,,,,,,,,,,,,,,,,,,,,,,,,,,,,,,,,,,,,,,,,,,,,,,,,,,,,,,,,,,,,,,,,,,,,,,,,,,,,,,,,,,,,,,,,,,,,,,,,,,,,,,,,,,,,,,,,
Maria do Rosário,,1.0,0.0,1.0,1.0,1.0,1.0,1.0,1.0,,0.0,,,0.0,1.0,1.0,1.0,1.0,1.0,1.0,1.0,1.0,1.0,1.0,1.0,1.0,0.0,1.0,0.0,0.0,1.0,,,1.0,0.0,,1.0,,0.0,,,,,0.0,1.0,0.0,1.0,1.0,0.0,0.0,1.0,,,,,1.0,0.0,0.0,0.0,1.0,,,1.0,0.0,1.0,1.0,,0.0,0.0,1.0,0.0,,,0.0,,,1.0,0.0,0.0,0.0,0.0,,0.0,0.0,0.0,0.0,0.0,0.0,0.0,0.0,0.0,0.0,1.0,0.0,,1.0,,1.0,1.0,0.0,,0.0,,0.0,0.0,,,,1.0,1.0,0.0,,0.0,,1.0,1.0,,0.0,1.0,0.0,1.0,1.0,,1.0,,1.0,,1.0,0.0,1.0,,1.0,1.0,0.0,1.0,0.0,,0.0,,,,,,,,,0.0,,,,0.0,,0.0,1.0,,1.0,0.0,1.0,1.0,1.0,1.0,,,,0.0,1.0,1.0,1.0,1.0,0.0,,0.0,1.0,0.0,1.0,0.0,0.0,,1.0,,,0.0,0.0,0.0,,,,,0.0,,,,1.0,0.0,0.0,1.0,1.0,1.0,0.0,1.0,0.0,0.0,,1.0,0.0,0.0,0.0,0.0,0.0,1.0,1.0,0.0,1.0,0.0,1.0,0.0,,,,0.0,1.0,0.0,0.0,1.0,0.0,0.0,1.0,0.0,,,,,0.0,,1.0,0.0,1.0,1.0,,1.0,0.0,,1.0,1.0,,1.0,,0.0,0.0,0.0,0.0,1.0,0.0,0.0,0.0,0.0,,0.0,,0.0,1.0,1.0,1.0,1.0,1.0,0.0,0.0,0.0,,,,1.0,,1.0,1.0,0.0,1.0,0.0,1.0,1.0,0.0,0.0,,,0.0,0.0,0.0,1.0,,,,1.0,,1.0,0.0,0.0,1.0,1.0,1.0,,0.0,,1.0,1.0,0.0,,,,0.0,1.0,0.0,,,0.0,,,,,,,,,0.0,1.0,1.0,1.0,0.0,0.0,,,,0.0,,0.0,0.0,1.0,,,,0.0,0.0,1.0,0.0,0.0,0.0,,0.0,,0.0,0.0,,1.0,0.0,0.0,0.0,1.0,0.0,0.0,,,,1.0,1.0,1.0,0.0,0.0,,,1.0,,,1.0,1.0,1.0,1.0,0.0,1.0,1.0,,,1.0,1.0,0.0,1.0,,0.0,0.0,0.0,,,1.0,1.0,,,0.0,,1.0,1.0,,
Marina Maggessi,,,,,,,,,,,,,,,,,1.0,,,,,,,,,,,,,,,,,,,,,,,,,,,,,,,1.0,,,,,,,,,1.0,,,1.0,1.0,,,,,,0.0,1.0,1.0,0.0,,,0.0,,,,,,,,,0.0,0.0,,0.0,,,,0.0,,,,,,0.0,0.0,,,1.0,1.0,,,,,,,,,,0.0,,,,1.0,0.0,0.0,,,,,1.0,1.0,1.0,1.0,,,0.0,,,,0.0,0.0,,1.0,,,,,,,,,,,,,,,,,,,,,,,1.0,,,,0.0,0.0,,,0.0,0.0,,,,,,,,,,,,,,,,,,,,,,,,,,,,,,,1.0,,,,,,,,,,,,,,,,,,,,,,,0.0,,,,,,,,,,,,,,1.0,,,,,,,,,,1.0,,,,,,,,,,,,,,,,,,,,,,,,,,,,,,,,,,,,,,,,,,,,,,,,,,,,,,,,,,,,,,,,,,,,,,,,,,,,,,,,,,,,,,,,,,,1.0,,,,,,,,,,,,,,,,,,,,,,,,,,,,,,,,,,,,,,,,,,,,,,,,,,,,,,,,,,,,,,,,,
Marinha Raupp,1.0,1.0,0.0,1.0,1.0,1.0,1.0,1.0,1.0,0.0,,0.0,1.0,,1.0,0.0,0.0,,,,1.0,,,,1.0,,0.0,1.0,0.0,0.0,1.0,1.0,0.0,1.0,0.0,1.0,1.0,1.0,1.0,0.0,,1.0,0.0,,1.0,0.0,1.0,1.0,,,1.0,1.0,1.0,1.0,1.0,1.0,0.0,0.0,0.0,1.0,1.0,0.0,,,1.0,1.0,1.0,0.0,0.0,1.0,1.0,1.0,0.0,0.0,,,1.0,0.0,0.0,0.0,0.0,0.0,0.0,0.0,0.0,0.0,0.0,0.0,0.0,,,,,0.0,,1.0,1.0,1.0,1.0,0.0,,,,,,0.0,1.0,0.0,1.0,1.0,0.0,1.0,,1.0,,0.0,1.0,0.0,1.0,,,,0.0,1.0,,1.0,0.0,1.0,,1.0,0.0,1.0,1.0,0.0,1.0,,0.0,0.0,1.0,1.0,0.0,1.0,0.0,0.0,,0.0,0.0,,,0.0,,1.0,0.0,1.0,,1.0,,,,,,1.0,1.0,1.0,0.0,1.0,1.0,1.0,1.0,,1.0,0.0,1.0,,,,,,1.0,0.0,1.0,0.0,0.0,0.0,1.0,1.0,0.0,,0.0,,,,,,0.0,,1.0,,,1.0,0.0,0.0,1.0,1.0,0.0,0.0,0.0,0.0,0.0,1.0,1.0,0.0,1.0,0.0,1.0,0.0,,0.0,0.0,0.0,,,1.0,1.0,0.0,0.0,1.0,0.0,0.0,0.0,0.0,0.0,0.0,1.0,0.0,0.0,1.0,1.0,1.0,1.0,0.0,1.0,1.0,1.0,0.0,,,,,1.0,,,0.0,0.0,,0.0,0.0,,1.0,0.0,1.0,1.0,1.0,1.0,1.0,0.0,0.0,0.0,0.0,1.0,1.0,,0.0,,1.0,1.0,0.0,1.0,,1.0,1.0,,1.0,,,,0.0,1.0,1.0,1.0,1.0,1.0,1.0,1.0,1.0,1.0,1.0,1.0,1.0,1.0,,,,,,,1.0,1.0,1.0,,0.0,0.0,1.0,,0.0,0.0,0.0,1.0,0.0,0.0,0.0,1.0,1.0,,,1.0,0.0,0.0,0.0,1.0,1.0,0.0,1.0,1.0,1.0,1.0,,,1.0,0.0,0.0,1.0,,0.0,0.0,0.0,0.0,0.0,0.0,0.0,0.0,,0.0,0.0,0.0,1.0,0.0,0.0,1.0,1.0,1.0,,1.0,1.0,,,,1.0,1.0,0.0,1.0,,1.0,,1.0,,1.0,1.0,,1.0,1.0,,0.0,0.0,,,,,0.0,1.0,,,1.0,,0.0,,,1.0,,
Marçal Filho,,,,,,1.0,,,,0.0,,,,0.0,1.0,0.0,1.0,1.0,1.0,1.0,1.0,1.0,1.0,1.0,1.0,,,,,,,,0.0,,,1.0,1.0,1.0,,,,,,,,,,,,,,,,,,,,,,,,1.0,,,,,,,,,,,,,,,,,,,,,,,,,,,,,,,,,,,1.0,,,,,,,,,,,,,,,,,,,,,,,,,,,,,,,,,,,,,,,,,,,,1.0,,,,,,,,,,,,,,,,,,,,,,,,,,,,,,,0.0,1.0,0.0,1.0,0.0,0.0,0.0,1.0,,,,,,,,,,,,,,,,,,,,,,,,,,,,,,,,,,,,,,,,,,,,,,,,,,,,,,,,,,1.0,1.0,,,,1.0,,,,,,,,,,,,,,,,,,,,,,,,,,,,,,,,,,,,,,1.0,,,,,,,,,1.0,1.0,1.0,,1.0,1.0,1.0,0.0,1.0,1.0,,1.0,0.0,0.0,1.0,1.0,0.0,0.0,,1.0,1.0,1.0,0.0,0.0,1.0,0.0,,,,,,,,,1.0,1.0,1.0,1.0,0.0,0.0,0.0,1.0,1.0,0.0,,1.0,,1.0,0.0,1.0,1.0,0.0,0.0,1.0,0.0,0.0,0.0,0.0,0.0,0.0,0.0,1.0,0.0,,0.0,0.0,0.0,1.0,0.0,0.0,1.0,1.0,1.0,1.0,1.0,1.0,0.0,0.0,1.0,1.0,0.0,1.0,0.0,1.0,1.0,1.0,1.0,0.0,1.0,1.0,1.0,1.0,,1.0,0.0,1.0,0.0,0.0,0.0,0.0,0.0,1.0,1.0,1.0,1.0,1.0,0.0,1.0,,,,1.0
Matteo Chiarelli,,,1.0,,,,,,1.0,,,,,,,,,,,,,,,,,,,,,,,,,,,,,,,,,,,,,,,,,,0.0,,,0.0,0.0,,,,,,,,,,,,,,,,,,,,,,,,,,,,,,,,,,,,,,,,,,,,,,,,,,,,,,,,,,,,,,,,,,,,,,,,,,,,,,,0.0,,,,,,,,,,,,,,,,,1.0,,1.0,0.0,0.0,0.0,0.0,0.0,,,0.0,,,,,,,,,,,,,,,,,,,,,,,,,,,,,,,,,,,,,,,,,,,,,,,,,,,,,,,,,,,,,,,,,,,,,,,,,,,,,,,,,,,,,,,,,,,,,,,,,,,,,,,,,,,,,,,,,,,,,,,,,,,,,,,,,,,,,,,,,,,,,,,,,,,,,,,,,,,,,,,,,,,,,,,,,,,,,,,,,,,,,,,,,,,,,,,,,,,,,,,,,,,,,,,,,,,,,,,,,,,,,,,,,,,,,,,,,,,,,,,
Mauro Benevides,,1.0,0.0,1.0,,,1.0,1.0,1.0,1.0,0.0,,1.0,,,0.0,1.0,1.0,1.0,1.0,1.0,1.0,1.0,1.0,1.0,1.0,0.0,1.0,0.0,0.0,1.0,1.0,0.0,1.0,0.0,1.0,1.0,1.0,1.0,0.0,0.0,1.0,0.0,0.0,1.0,0.0,,1.0,0.0,0.0,1.0,1.0,1.0,1.0,1.0,1.0,0.0,0.0,0.0,1.0,1.0,,1.0,0.0,1.0,1.0,1.0,0.0,0.0,1.0,1.0,1.0,0.0,0.0,0.0,0.0,1.0,0.0,0.0,,0.0,0.0,0.0,0.0,0.0,0.0,,,0.0,0.0,0.0,1.0,1.0,0.0,1.0,1.0,,,1.0,,1.0,0.0,1.0,1.0,0.0,0.0,1.0,0.0,1.0,1.0,,1.0,1.0,1.0,1.0,1.0,1.0,0.0,1.0,0.0,1.0,1.0,0.0,1.0,0.0,1.0,0.0,,0.0,1.0,0.0,1.0,1.0,0.0,1.0,0.0,0.0,0.0,1.0,,1.0,1.0,0.0,0.0,0.0,0.0,0.0,0.0,1.0,1.0,0.0,1.0,0.0,1.0,1.0,1.0,0.0,1.0,1.0,,1.0,1.0,1.0,0.0,0.0,1.0,,1.0,1.0,0.0,1.0,0.0,1.0,,1.0,0.0,0.0,0.0,1.0,0.0,1.0,0.0,0.0,0.0,1.0,1.0,0.0,1.0,0.0,1.0,0.0,,1.0,0.0,,1.0,1.0,1.0,0.0,1.0,0.0,0.0,,1.0,0.0,0.0,0.0,0.0,0.0,1.0,1.0,0.0,1.0,0.0,1.0,0.0,0.0,0.0,0.0,0.0,1.0,0.0,0.0,1.0,0.0,0.0,,0.0,0.0,0.0,0.0,0.0,0.0,1.0,0.0,,1.0,1.0,,1.0,0.0,1.0,1.0,1.0,0.0,1.0,,0.0,0.0,,1.0,,0.0,0.0,0.0,0.0,0.0,0.0,1.0,0.0,1.0,,,1.0,1.0,0.0,,,0.0,,,1.0,0.0,,,,,1.0,,,1.0,,,0.0,0.0,1.0,0.0,1.0,,1.0,1.0,1.0,,1.0,1.0,1.0,1.0,1.0,1.0,1.0,,0.0,1.0,1.0,0.0,,1.0,1.0,1.0,1.0,0.0,0.0,,,,,0.0,,,,,1.0,,1.0,,1.0,,0.0,0.0,,1.0,,1.0,1.0,1.0,1.0,0.0,1.0,1.0,0.0,0.0,,0.0,0.0,0.0,0.0,0.0,0.0,0.0,1.0,0.0,1.0,0.0,,0.0,,0.0,0.0,1.0,1.0,1.0,1.0,1.0,1.0,0.0,0.0,,1.0,0.0,0.0,1.0,1.0,1.0,1.0,1.0,0.0,1.0,1.0,1.0,1.0,1.0,1.0,0.0,1.0,0.0,0.0,0.0,0.0,0.0,,1.0,,1.0,,0.0,,1.0,1.0,,
Mauro Lopes,1.0,1.0,,,,1.0,1.0,1.0,1.0,1.0,0.0,0.0,,0.0,1.0,0.0,1.0,,,,,,,1.0,1.0,,0.0,,,,,1.0,,,,1.0,,1.0,1.0,,,,,0.0,1.0,0.0,,1.0,,,1.0,1.0,1.0,1.0,1.0,1.0,,0.0,,,,,1.0,,,,1.0,0.0,0.0,,,,,,0.0,,,,,,,,0.0,,,,0.0,,0.0,,0.0,,,0.0,,0.0,,,1.0,,,,,,,0.0,,,,,0.0,,,,,,,,1.0,,,,,,,,,,,,,1.0,,0.0,1.0,0.0,,,,1.0,1.0,1.0,0.0,,,,0.0,,,,0.0,1.0,,1.0,1.0,1.0,,,,,1.0,1.0,1.0,0.0,0.0,1.0,,1.0,1.0,0.0,,0.0,1.0,0.0,1.0,,,0.0,1.0,,,0.0,,0.0,1.0,,0.0,,,1.0,0.0,0.0,1.0,,0.0,,,,0.0,1.0,,,,,,0.0,0.0,,,1.0,1.0,0.0,1.0,,1.0,0.0,0.0,0.0,0.0,,1.0,0.0,,,,,1.0,,,,,0.0,0.0,1.0,0.0,,1.0,,1.0,,,,1.0,1.0,0.0,,0.0,,,1.0,1.0,,,0.0,,0.0,0.0,,1.0,,1.0,,,1.0,1.0,,,0.0,0.0,,,,,,1.0,0.0,,,,1.0,,0.0,1.0,0.0,,1.0,0.0,1.0,,0.0,,,1.0,1.0,,1.0,,1.0,,1.0,0.0,,,,,,,1.0,1.0,1.0,0.0,,,,0.0,0.0,0.0,0.0,0.0,0.0,0.0,,1.0,,,,,,0.0,1.0,1.0,0.0,,,,,,1.0,,,,,,,,,0.0,0.0,0.0,,0.0,1.0,0.0,,,,0.0,0.0,1.0,1.0,1.0,1.0,,1.0,0.0,0.0,1.0,1.0,,0.0,,,1.0,,,,,,1.0,1.0,,1.0,0.0,1.0,0.0,,,0.0,,1.0,,,,1.0,0.0,1.0,,,1.0,1.0
Mauro Mariani,1.0,,,,,,1.0,,,1.0,,,,,,0.0,1.0,1.0,1.0,1.0,1.0,1.0,1.0,1.0,1.0,,,,,,,,,,,,,,1.0,0.0,0.0,1.0,0.0,0.0,1.0,0.0,1.0,1.0,,,,,,,,,0.0,,,1.0,,,,,,,1.0,,,,,,,,,,,,,,,,,,,,,,,,,,,,,1.0,,1.0,1.0,,,,,,,,,,,,,,,,,,1.0,,,,,,,,,,,,,,,,,,,,,,,,,,,,,,,,,1.0,,,,,,,,,,,,,,,,,1.0,,,,,,,,,,,,,,,,,,,,,,,,,,,,,,,,,,,,,,0.0,0.0,0.0,,0.0,0.0,1.0,,1.0,,,,,,,0.0,1.0,0.0,,,,,,0.0,0.0,,,,0.0,,0.0,0.0,,,,,0.0,,,1.0,,1.0,0.0,0.0,,,,,,,,,,,,,,,1.0,,,,,,,,,,,,,,,,,,,,,,,,,,,1.0,,,,,,,,,,,,,,,,,,,,,,,,,,,,,,,,,,,,1.0,,,,,,,,,,,,,,,,,,,,0.0,0.0,0.0,,,,,,,,,,,,,,,,,,,,,1.0,,,1.0,1.0,1.0,1.0,,1.0,,,,,1.0,0.0,,0.0,0.0,0.0,0.0,0.0,1.0,1.0,1.0,,1.0,0.0,,,,1.0,1.0
Mauro Nazif,1.0,0.0,1.0,,1.0,1.0,,1.0,,0.0,0.0,0.0,1.0,0.0,1.0,0.0,1.0,1.0,1.0,1.0,1.0,1.0,1.0,1.0,1.0,1.0,0.0,1.0,,0.0,1.0,1.0,0.0,1.0,0.0,,1.0,1.0,1.0,,,1.0,0.0,0.0,1.0,0.0,1.0,1.0,,0.0,0.0,0.0,0.0,0.0,0.0,1.0,0.0,0.0,0.0,1.0,1.0,1.0,,0.0,1.0,,1.0,0.0,0.0,1.0,1.0,1.0,0.0,0.0,,,1.0,,0.0,1.0,0.0,,0.0,0.0,0.0,0.0,0.0,1.0,,0.0,,1.0,1.0,0.0,1.0,0.0,1.0,,1.0,0.0,1.0,0.0,1.0,1.0,1.0,,1.0,0.0,1.0,0.0,0.0,1.0,0.0,1.0,0.0,0.0,1.0,0.0,,0.0,0.0,0.0,1.0,,,1.0,0.0,0.0,0.0,1.0,,0.0,0.0,0.0,0.0,,,0.0,1.0,1.0,1.0,1.0,,,,0.0,,0.0,1.0,1.0,0.0,1.0,,1.0,1.0,1.0,0.0,1.0,1.0,1.0,1.0,1.0,1.0,1.0,,1.0,1.0,1.0,1.0,0.0,,0.0,,,1.0,0.0,0.0,,1.0,,1.0,0.0,0.0,,,,,1.0,,1.0,0.0,0.0,1.0,1.0,0.0,1.0,,,,,0.0,0.0,1.0,,,,0.0,1.0,1.0,1.0,0.0,0.0,1.0,,,,,0.0,0.0,,,0.0,1.0,1.0,,,1.0,,0.0,,0.0,0.0,0.0,,,,1.0,1.0,1.0,,,1.0,1.0,,0.0,1.0,0.0,0.0,,1.0,1.0,,0.0,,0.0,,,1.0,1.0,,0.0,,1.0,1.0,1.0,0.0,0.0,0.0,,1.0,0.0,,,,1.0,1.0,1.0,,1.0,1.0,,,1.0,1.0,0.0,0.0,,0.0,1.0,1.0,1.0,,1.0,1.0,0.0,,1.0,1.0,,1.0,1.0,,,,0.0,0.0,1.0,1.0,1.0,,,0.0,1.0,0.0,1.0,1.0,,1.0,0.0,0.0,1.0,1.0,1.0,1.0,1.0,1.0,0.0,,0.0,1.0,1.0,0.0,1.0,1.0,1.0,,,,1.0,,0.0,1.0,,0.0,,0.0,0.0,0.0,,1.0,,,,0.0,,,0.0,0.0,1.0,1.0,1.0,1.0,1.0,1.0,,0.0,1.0,1.0,,,1.0,,,1.0,1.0,0.0,1.0,,1.0,,1.0,1.0,0.0,1.0,1.0,0.0,0.0,0.0,0.0,1.0,1.0,1.0,1.0,,1.0,1.0,,0.0,0.0,0.0
Maurício Quintella Lessa,1.0,1.0,,,,,1.0,1.0,1.0,1.0,0.0,0.0,1.0,1.0,1.0,1.0,1.0,1.0,1.0,1.0,1.0,1.0,1.0,1.0,1.0,1.0,0.0,,0.0,0.0,1.0,1.0,0.0,1.0,0.0,,,1.0,1.0,0.0,0.0,,0.0,0.0,1.0,0.0,1.0,,0.0,0.0,1.0,1.0,1.0,1.0,1.0,1.0,,,0.0,1.0,0.0,1.0,,0.0,1.0,,1.0,0.0,0.0,1.0,0.0,,,0.0,0.0,0.0,1.0,0.0,0.0,,0.0,,,0.0,,0.0,0.0,0.0,0.0,,0.0,1.0,1.0,0.0,,1.0,1.0,,,0.0,,0.0,,,0.0,,,,1.0,1.0,0.0,1.0,0.0,1.0,1.0,1.0,0.0,1.0,0.0,1.0,1.0,1.0,0.0,1.0,,1.0,0.0,,1.0,,1.0,0.0,1.0,0.0,1.0,,,,,,,1.0,,,0.0,0.0,,,1.0,1.0,,1.0,0.0,1.0,1.0,1.0,0.0,,1.0,1.0,1.0,1.0,1.0,0.0,0.0,1.0,1.0,1.0,1.0,0.0,1.0,0.0,1.0,0.0,1.0,0.0,0.0,0.0,1.0,0.0,1.0,0.0,0.0,0.0,1.0,,0.0,1.0,0.0,1.0,0.0,0.0,0.0,1.0,0.0,1.0,1.0,1.0,,1.0,0.0,0.0,1.0,1.0,0.0,0.0,,0.0,0.0,1.0,1.0,0.0,1.0,,,,0.0,0.0,0.0,0.0,,,1.0,1.0,,0.0,,,0.0,0.0,0.0,0.0,0.0,,0.0,0.0,1.0,1.0,1.0,1.0,0.0,,1.0,,,1.0,0.0,0.0,0.0,1.0,1.0,,,0.0,,0.0,,,,0.0,,1.0,1.0,1.0,1.0,0.0,,0.0,0.0,1.0,,,,1.0,1.0,0.0,1.0,0.0,,,1.0,,,,,,0.0,1.0,1.0,1.0,1.0,1.0,1.0,1.0,1.0,1.0,1.0,1.0,,1.0,,0.0,1.0,1.0,0.0,0.0,,1.0,0.0,,0.0,0.0,1.0,,0.0,,,,1.0,1.0,,,1.0,,1.0,1.0,0.0,,,,1.0,,1.0,1.0,1.0,1.0,,,,,,,,0.0,,0.0,,0.0,0.0,1.0,,,,,,0.0,,,1.0,1.0,1.0,,1.0,1.0,,,,1.0,1.0,0.0,,,1.0,1.0,,,,,,,,,0.0,,0.0,,0.0,0.0,0.0,1.0,1.0,1.0,,,0.0,1.0,0.0,1.0,1.0,1.0
Maurício Rands,1.0,1.0,,1.0,0.0,1.0,,1.0,,1.0,0.0,,,0.0,1.0,1.0,1.0,1.0,,,,1.0,,,1.0,1.0,0.0,1.0,0.0,0.0,,,0.0,,,,,,0.0,0.0,,1.0,0.0,0.0,1.0,0.0,1.0,,,0.0,1.0,1.0,1.0,1.0,1.0,1.0,0.0,0.0,,1.0,,0.0,1.0,,,,1.0,0.0,0.0,,,,0.0,,,,,0.0,0.0,0.0,,,0.0,0.0,0.0,0.0,0.0,0.0,0.0,,0.0,,1.0,,,1.0,,,,0.0,1.0,0.0,0.0,,,,1.0,0.0,1.0,1.0,,,,,1.0,,1.0,0.0,1.0,,1.0,1.0,,,,1.0,,1.0,,1.0,,,,0.0,,,0.0,0.0,0.0,1.0,1.0,,,,,0.0,,0.0,1.0,,,1.0,0.0,1.0,1.0,1.0,,1.0,1.0,1.0,,1.0,1.0,,0.0,1.0,1.0,,,,,,,,,,,,1.0,,,,,,,,0.0,1.0,0.0,,,0.0,1.0,0.0,,,,1.0,,,,0.0,,1.0,0.0,0.0,0.0,0.0,0.0,1.0,1.0,0.0,1.0,0.0,1.0,0.0,0.0,,0.0,0.0,,0.0,0.0,1.0,,,1.0,,0.0,0.0,0.0,0.0,0.0,,0.0,0.0,,,1.0,1.0,,0.0,1.0,1.0,0.0,1.0,0.0,0.0,0.0,0.0,,1.0,,0.0,0.0,0.0,0.0,0.0,1.0,,1.0,1.0,1.0,1.0,1.0,0.0,0.0,0.0,,,,1.0,,1.0,,0.0,1.0,,1.0,1.0,0.0,,,,0.0,0.0,,,1.0,0.0,0.0,,0.0,1.0,,0.0,,1.0,,,,,1.0,1.0,,,,,0.0,,0.0,,,,1.0,,,1.0,1.0,0.0,0.0,,,,,1.0,0.0,0.0,0.0,1.0,,0.0,,,,1.0,,,1.0,,0.0,1.0,,,,0.0,0.0,0.0,0.0,,0.0,,,,,,0.0,0.0,,,,1.0,,1.0,,,,1.0,,1.0,,,,1.0,,,,,,,,1.0,,,0.0,,,0.0,,1.0,1.0,1.0,,1.0,0.0,1.0,1.0,1.0,1.0,1.0
Maurício Trindade,1.0,,,,1.0,,1.0,1.0,1.0,1.0,0.0,,,,1.0,1.0,0.0,1.0,1.0,,1.0,1.0,1.0,1.0,1.0,1.0,0.0,1.0,,0.0,,,0.0,1.0,0.0,,,,,0.0,0.0,1.0,,,1.0,0.0,1.0,,,,,1.0,1.0,1.0,1.0,,0.0,,,,,1.0,,0.0,,1.0,1.0,0.0,0.0,1.0,0.0,1.0,,,,,1.0,,0.0,0.0,0.0,1.0,0.0,0.0,0.0,0.0,0.0,0.0,0.0,0.0,0.0,1.0,1.0,0.0,1.0,1.0,1.0,,,0.0,1.0,,,,0.0,0.0,1.0,0.0,1.0,1.0,,1.0,0.0,1.0,1.0,,,,,,1.0,1.0,0.0,1.0,,1.0,,,1.0,0.0,1.0,0.0,1.0,,,,,0.0,,1.0,1.0,1.0,0.0,,,,0.0,,,1.0,,0.0,,,,,,0.0,,,,1.0,1.0,,,1.0,1.0,1.0,1.0,0.0,,0.0,1.0,0.0,1.0,0.0,,,,0.0,,0.0,,0.0,1.0,1.0,0.0,1.0,,1.0,,,,,0.0,1.0,,,0.0,1.0,0.0,0.0,1.0,1.0,,0.0,,0.0,0.0,1.0,,0.0,1.0,,1.0,0.0,,0.0,,0.0,1.0,,1.0,1.0,,0.0,,0.0,0.0,0.0,0.0,0.0,0.0,,,,,,,1.0,,,1.0,,,,,0.0,0.0,1.0,1.0,,,0.0,,0.0,0.0,0.0,1.0,0.0,1.0,1.0,1.0,1.0,,0.0,0.0,0.0,0.0,,,,0.0,,,,1.0,0.0,,,,1.0,,,,,0.0,1.0,,1.0,1.0,,1.0,1.0,1.0,1.0,1.0,1.0,,,0.0,0.0,1.0,,,,1.0,1.0,0.0,,0.0,0.0,1.0,0.0,,0.0,0.0,0.0,0.0,1.0,,,1.0,,1.0,1.0,,0.0,0.0,,1.0,,0.0,1.0,,1.0,0.0,1.0,,0.0,,1.0,,,0.0,0.0,,0.0,0.0,,0.0,1.0,0.0,,0.0,0.0,0.0,0.0,1.0,1.0,1.0,,1.0,,0.0,,1.0,0.0,,0.0,,1.0,,,,,,1.0,,,,1.0,,,,0.0,0.0,0.0,,1.0,,,1.0,,0.0,1.0,,1.0,1.0,1.0
Max Rosenmann,,,,,,,,,1.0,,,,,,,,,,,,,,,,,,,,0.0,0.0,1.0,,,,,,,,1.0,,,,,,,,,1.0,,,,,,,,,0.0,0.0,,1.0,,,1.0,,1.0,,1.0,,0.0,1.0,1.0,,,,,0.0,,0.0,0.0,0.0,0.0,0.0,0.0,,,0.0,0.0,0.0,,,0.0,1.0,1.0,0.0,,0.0,,,1.0,0.0,1.0,,,,,,,,,1.0,,1.0,,,1.0,1.0,,,,,,,0.0,1.0,,1.0,,1.0,,1.0,,,1.0,,,0.0,0.0,,1.0,,,,0.0,,,,,,,,0.0,0.0,,,,,,,1.0,,,,1.0,,0.0,,,,,0.0,1.0,,,,,,,,,0.0,,0.0,0.0,0.0,,,0.0,,,1.0,0.0,0.0,0.0,1.0,,,,1.0,,,0.0,0.0,,,,,,1.0,,0.0,0.0,0.0,0.0,,1.0,0.0,,,,,,,1.0,,,0.0,,,,0.0,0.0,,,,,,,,,,,,,,,,,,,,,,,,,,,,,,,,,,,,,,,,,,,,,,,,,,,,,,,,,,,,,,,,,,,,,,,,,,,,,,,,,,,,,,,,,,,,,,,,,,,,,,,,,,,,,,,,,,,,,,,,,,,,,,,,,,,,,,,,,,,,,,,,,,,,,,,,,,,,,,,,,,,,,,,,,
Mendes Ribeiro Filho,,1.0,0.0,1.0,1.0,1.0,1.0,1.0,1.0,1.0,0.0,0.0,1.0,0.0,1.0,0.0,1.0,1.0,1.0,,1.0,1.0,1.0,1.0,1.0,1.0,,,,,,1.0,1.0,1.0,0.0,1.0,1.0,,,,,1.0,,0.0,1.0,,1.0,,0.0,0.0,1.0,1.0,1.0,1.0,1.0,1.0,,,,,,1.0,,,1.0,,,0.0,0.0,0.0,1.0,,,1.0,0.0,0.0,1.0,,,,,,,0.0,0.0,0.0,0.0,,,0.0,0.0,1.0,1.0,0.0,,,1.0,1.0,,,1.0,0.0,1.0,1.0,0.0,0.0,1.0,0.0,1.0,1.0,0.0,1.0,0.0,1.0,1.0,1.0,1.0,0.0,,0.0,1.0,1.0,0.0,1.0,,1.0,0.0,0.0,0.0,1.0,1.0,0.0,1.0,,1.0,,0.0,0.0,1.0,,0.0,1.0,0.0,0.0,0.0,0.0,1.0,0.0,1.0,1.0,0.0,1.0,0.0,1.0,1.0,1.0,0.0,1.0,1.0,,1.0,1.0,1.0,0.0,,1.0,1.0,1.0,1.0,0.0,1.0,0.0,1.0,0.0,1.0,0.0,0.0,0.0,1.0,0.0,1.0,0.0,0.0,0.0,1.0,1.0,0.0,1.0,0.0,1.0,,0.0,0.0,1.0,0.0,1.0,1.0,,0.0,,0.0,0.0,,1.0,0.0,,0.0,0.0,,1.0,1.0,0.0,1.0,0.0,1.0,0.0,0.0,,,0.0,1.0,0.0,1.0,1.0,,0.0,1.0,,0.0,0.0,0.0,0.0,,,0.0,,1.0,1.0,,,0.0,,1.0,1.0,,1.0,,,,,,,0.0,0.0,,0.0,0.0,0.0,,,1.0,1.0,,1.0,1.0,0.0,0.0,0.0,0.0,1.0,0.0,1.0,0.0,0.0,1.0,,,0.0,,1.0,,0.0,1.0,,,,0.0,1.0,,,1.0,1.0,,1.0,0.0,1.0,,,1.0,1.0,0.0,0.0,1.0,,0.0,,1.0,1.0,1.0,,0.0,0.0,1.0,0.0,0.0,0.0,0.0,0.0,1.0,0.0,0.0,1.0,1.0,,1.0,,,0.0,0.0,,1.0,,1.0,0.0,1.0,1.0,0.0,1.0,1.0,0.0,0.0,,0.0,0.0,0.0,0.0,0.0,0.0,0.0,,0.0,1.0,0.0,0.0,0.0,,0.0,0.0,1.0,1.0,1.0,1.0,1.0,1.0,0.0,0.0,,1.0,0.0,1.0,1.0,,,,1.0,0.0,1.0,,1.0,1.0,1.0,,0.0,,0.0,0.0,0.0,,0.0,1.0,1.0,1.0,,1.0,0.0,1.0,1.0,1.0,1.0,1.0
Mendonça Prado,1.0,0.0,1.0,1.0,,1.0,,1.0,1.0,,1.0,0.0,1.0,0.0,1.0,1.0,1.0,1.0,1.0,1.0,1.0,1.0,1.0,1.0,1.0,0.0,,,,,,1.0,1.0,1.0,0.0,1.0,1.0,1.0,1.0,,,,,,0.0,1.0,,1.0,,1.0,0.0,,,,,,,,,0.0,,1.0,,,,0.0,0.0,,,0.0,1.0,,,,,,,,,1.0,,1.0,,,,,,1.0,,,,1.0,,,0.0,0.0,1.0,1.0,1.0,1.0,0.0,0.0,0.0,1.0,1.0,0.0,1.0,0.0,0.0,0.0,,1.0,1.0,0.0,0.0,0.0,,0.0,1.0,0.0,0.0,0.0,1.0,1.0,0.0,,,1.0,0.0,,0.0,1.0,,0.0,,,,,0.0,,0.0,,,,,,,,,,,0.0,0.0,0.0,0.0,0.0,0.0,0.0,,1.0,0.0,0.0,,1.0,,0.0,0.0,0.0,1.0,,,,,,,,,,1.0,,,,,,0.0,0.0,,,,0.0,0.0,0.0,0.0,1.0,0.0,0.0,,,,,,,,,,,,1.0,1.0,,,,,,,,,,,,,,,,,,1.0,,,,,,,,,,1.0,0.0,1.0,1.0,,1.0,,,,,,,,1.0,1.0,1.0,,,,,,,0.0,,0.0,1.0,1.0,0.0,0.0,1.0,,,1.0,,,,,,,,,,1.0,1.0,1.0,1.0,0.0,0.0,0.0,1.0,,0.0,1.0,1.0,,1.0,1.0,0.0,,0.0,,,,0.0,1.0,,,,,0.0,,0.0,1.0,0.0,,,,0.0,1.0,0.0,0.0,1.0,1.0,0.0,0.0,,1.0,,,1.0,1.0,,,,0.0,1.0,,1.0,1.0,0.0,1.0,,0.0,,,0.0,1.0,1.0,,,,,,,,,,,,,,,0.0,0.0,0.0,1.0,1.0,1.0,,,,1.0,0.0,1.0,0.0,1.0,,,,,,1.0,1.0,1.0,1.0,,,0.0,,,,,,0.0,,,,,,1.0,,,,
Michel Temer,,1.0,,,,,,,1.0,,,,,,,,,,,,,,,,,1.0,,1.0,,,1.0,,,,,,,,1.0,0.0,,,,0.0,1.0,,1.0,,,,1.0,1.0,1.0,1.0,1.0,,0.0,,0.0,,1.0,,1.0,,,,1.0,0.0,,1.0,1.0,1.0,0.0,,,,,,,0.0,,,,,,0.0,,,,0.0,,1.0,,0.0,,,,,,0.0,,0.0,,1.0,0.0,,,,1.0,1.0,0.0,1.0,1.0,,,1.0,1.0,0.0,1.0,0.0,1.0,,0.0,,,,,1.0,0.0,,,,1.0,,1.0,,,,,1.0,,1.0,,0.0,,,0.0,,,1.0,,,,,1.0,,,,1.0,,1.0,1.0,1.0,,,,1.0,,1.0,0.0,,,,,,,,,,,,,0.0,0.0,1.0,,,,,1.0,0.0,,1.0,,0.0,,,1.0,,,0.0,0.0,,,,,0.0,,,1.0,,,1.0,0.0,,0.0,,,,,,,1.0,,,0.0,,,0.0,,,,,1.0,,,,,,,,,,,,,0.0,,,,,,,,,,,,,,,,1.0,,,,,,,,,,,,,,,,,,,,,,,,,,,,,,,,,,,,,,,,,,,,,,,,,,,,,,,,,,,,,,,,,,,,,,,,,,,,,,,,,,,,,,,,,,,,,,,,,,,,,,,,,,,,,,,,,,,,,,,,,,,,,,,,,,,,,,,,,
Miguel Corrêa,,1.0,0.0,,1.0,1.0,1.0,1.0,,0.0,0.0,,,0.0,1.0,,,,1.0,1.0,1.0,1.0,,1.0,1.0,1.0,0.0,1.0,0.0,0.0,1.0,,,1.0,0.0,,1.0,1.0,0.0,0.0,,,0.0,0.0,1.0,0.0,,1.0,0.0,0.0,1.0,1.0,1.0,1.0,1.0,,0.0,0.0,0.0,1.0,,,1.0,0.0,1.0,1.0,1.0,0.0,,1.0,0.0,1.0,,,,,,0.0,,,0.0,0.0,0.0,0.0,0.0,0.0,0.0,0.0,,0.0,0.0,0.0,1.0,0.0,1.0,1.0,,,1.0,,1.0,,0.0,0.0,0.0,,1.0,0.0,1.0,1.0,0.0,1.0,,1.0,1.0,1.0,,,1.0,0.0,1.0,1.0,0.0,1.0,0.0,,0.0,1.0,0.0,,0.0,1.0,1.0,0.0,1.0,0.0,0.0,0.0,0.0,1.0,,,0.0,0.0,0.0,0.0,0.0,0.0,1.0,0.0,0.0,1.0,0.0,,1.0,1.0,0.0,,,1.0,1.0,1.0,1.0,0.0,0.0,1.0,,1.0,,0.0,,,,,,,,,1.0,0.0,,0.0,0.0,,,,0.0,1.0,0.0,1.0,,1.0,1.0,0.0,0.0,,,,0.0,1.0,0.0,0.0,1.0,,,0.0,0.0,0.0,,1.0,,,1.0,0.0,1.0,,,,,0.0,,,,1.0,0.0,0.0,,,,,,,0.0,,0.0,0.0,,1.0,1.0,1.0,,0.0,1.0,,0.0,1.0,,,0.0,0.0,0.0,1.0,,,,0.0,0.0,0.0,1.0,,1.0,,,,1.0,0.0,,,0.0,1.0,0.0,,0.0,1.0,,0.0,1.0,,1.0,,,,1.0,,0.0,0.0,,1.0,,1.0,1.0,,,,,0.0,,1.0,,1.0,0.0,,,,0.0,1.0,,,0.0,,0.0,,,,1.0,0.0,,1.0,0.0,0.0,,,,,1.0,1.0,,,,,,0.0,1.0,0.0,,,0.0,,1.0,,,1.0,0.0,,,,0.0,,0.0,,,,,,,,,,1.0,,1.0,1.0,,,0.0,,1.0,1.0,,,,,,1.0,,0.0,,1.0,,,,,,,,,,,,,1.0,1.0,,,0.0,,1.0,,,
Miguel Martini,1.0,1.0,,,,,1.0,,,0.0,,,,0.0,1.0,0.0,1.0,1.0,1.0,1.0,1.0,1.0,1.0,1.0,1.0,1.0,,,1.0,0.0,0.0,,0.0,,,1.0,,,,0.0,0.0,1.0,,,1.0,0.0,1.0,,0.0,0.0,1.0,1.0,1.0,1.0,1.0,1.0,,,,,,,1.0,,,,,,,,1.0,1.0,,,,,,0.0,0.0,0.0,0.0,,,,,,,,,,,0.0,,,,,,1.0,,,,0.0,0.0,1.0,0.0,,,,1.0,1.0,,1.0,,1.0,1.0,,,0.0,1.0,0.0,0.0,1.0,0.0,,0.0,1.0,0.0,0.0,1.0,,0.0,0.0,1.0,0.0,1.0,0.0,0.0,0.0,1.0,1.0,,,0.0,0.0,0.0,0.0,0.0,,,1.0,0.0,1.0,0.0,1.0,1.0,1.0,0.0,1.0,1.0,,,1.0,1.0,0.0,0.0,1.0,1.0,1.0,1.0,0.0,1.0,,1.0,0.0,1.0,0.0,,,1.0,0.0,1.0,0.0,0.0,0.0,1.0,1.0,0.0,1.0,0.0,,,1.0,1.0,0.0,0.0,1.0,,1.0,0.0,,0.0,0.0,1.0,1.0,0.0,0.0,0.0,0.0,0.0,1.0,1.0,0.0,1.0,0.0,1.0,,0.0,0.0,0.0,0.0,1.0,,0.0,,0.0,0.0,1.0,0.0,0.0,,,0.0,,,,,,,,,0.0,,1.0,1.0,,,0.0,0.0,,,,,,,,,,,,,,1.0,1.0,,,,,,,,,,,,,,,,,,,,,,,,,,,,,,,,,,,,,,,0.0,,1.0,0.0,0.0,,,,,,,,,,,,,,,,,,,1.0,,,,,,,,,,,,,,,,,1.0,0.0,,,,,,,,,,,,,,,,,,,1.0,1.0,,0.0,0.0,,1.0,0.0,0.0,,,1.0,1.0,1.0,0.0,1.0,1.0,1.0,1.0,1.0,1.0,,,,0.0,0.0,0.0,0.0,1.0,1.0,1.0,1.0,,0.0,1.0,,0.0,0.0,1.0
Milton Barbosa,,,,,,1.0,,,,,,,,,,,,,,,,,,,,,,,,,,,0.0,,,,,,,,,,,,,,,,,,,,,,,,,,,,,1.0,,,,,,,,,,,,,,,,,,,,,,,,,,,,,,,,,,,1.0,,,,,,,,,,,,,,,,,,,,,,,,,,,,,,,,,,,,,,,,,,,,1.0,,,,,,,,,,,,,,,,,,,,,,,,,,,,,,,,,0.0,0.0,1.0,,0.0,1.0,,,,,,,,,,,,,,,,,,,,,,,,,,,,,,,,,,,,,,,,,,,,,,,,1.0,,,,,,,,,,,,,,,1.0,,,,,,,,,,,,,,,,,,,,,,,,,,,,,,,,,,,,,,1.0,,,,,,,,,1.0,1.0,1.0,,,,,,1.0,1.0,,1.0,,0.0,1.0,1.0,0.0,,,,,,,,,,,,,,,,,,,,1.0,1.0,,0.0,0.0,1.0,1.0,,,1.0,,1.0,0.0,1.0,1.0,0.0,,,0.0,0.0,0.0,0.0,,,,1.0,,,,,0.0,,0.0,0.0,1.0,1.0,1.0,1.0,1.0,,,,,,,,,,,,,,,1.0,,,1.0,,,,,,,,,,,,,,,,,,,
Milton Monti,,1.0,0.0,,,,1.0,1.0,1.0,0.0,0.0,0.0,1.0,0.0,,1.0,1.0,1.0,,,,1.0,1.0,0.0,1.0,1.0,0.0,,0.0,0.0,1.0,,,,0.0,,1.0,1.0,1.0,0.0,0.0,1.0,0.0,0.0,1.0,0.0,1.0,1.0,0.0,,1.0,1.0,1.0,1.0,1.0,1.0,,0.0,0.0,1.0,0.0,1.0,1.0,0.0,1.0,1.0,1.0,,,,0.0,,0.0,,,,1.0,0.0,0.0,0.0,0.0,0.0,0.0,0.0,,0.0,0.0,0.0,0.0,0.0,,0.0,,0.0,1.0,1.0,,,1.0,0.0,1.0,0.0,,,0.0,0.0,1.0,0.0,1.0,,0.0,1.0,0.0,1.0,1.0,1.0,1.0,1.0,,,1.0,,0.0,,0.0,1.0,0.0,0.0,1.0,1.0,,0.0,1.0,0.0,,0.0,0.0,0.0,0.0,1.0,1.0,1.0,0.0,0.0,0.0,0.0,0.0,0.0,1.0,1.0,0.0,1.0,0.0,1.0,1.0,1.0,,1.0,1.0,1.0,1.0,1.0,,0.0,0.0,1.0,,1.0,,0.0,1.0,,1.0,0.0,,,0.0,,1.0,0.0,1.0,,0.0,0.0,1.0,,0.0,,,,,1.0,1.0,0.0,0.0,1.0,,1.0,0.0,,0.0,,1.0,,,,0.0,0.0,0.0,1.0,1.0,,1.0,0.0,1.0,0.0,0.0,0.0,0.0,0.0,1.0,0.0,0.0,1.0,0.0,,1.0,0.0,0.0,,0.0,0.0,,1.0,,0.0,1.0,1.0,1.0,,,,1.0,,1.0,1.0,,0.0,0.0,,1.0,,0.0,,,0.0,0.0,0.0,1.0,0.0,1.0,,1.0,1.0,1.0,0.0,,0.0,0.0,,,,,1.0,1.0,0.0,1.0,,1.0,,,,,0.0,0.0,0.0,0.0,,1.0,1.0,1.0,1.0,,1.0,,1.0,1.0,1.0,1.0,1.0,0.0,0.0,1.0,1.0,,,1.0,1.0,0.0,,,0.0,1.0,1.0,0.0,0.0,0.0,0.0,1.0,,1.0,,1.0,1.0,,1.0,0.0,0.0,0.0,1.0,1.0,0.0,,0.0,1.0,1.0,,,1.0,0.0,0.0,,,0.0,0.0,0.0,0.0,,0.0,,0.0,,0.0,0.0,0.0,1.0,0.0,,,,1.0,1.0,1.0,1.0,,,,1.0,,,,,,,,,,,,,1.0,1.0,,1.0,,,0.0,0.0,,,,1.0,,1.0,,,1.0,0.0,0.0,1.0
Milton Vieira,1.0,,,,,,,1.0,,1.0,,,,,1.0,1.0,1.0,1.0,1.0,1.0,1.0,1.0,1.0,1.0,1.0,,,,,,,,,,,,,,,,,,,,,,,,,,,,,,,,,,,,,1.0,,,,,,,,,,,,,,,,,,,,,,,,,,,,,,,,,,,1.0,,,,,,,,,,,,,,,,,,,,,,,,,,,,,,,,,,,,,,,,,,,,1.0,,,,,,,,,,,,,,,,,,,,,,,,,,,,,,,,,,,,,,0.0,,,,,,,,,,,,,,,,,,,,,,,,,,,,,,,,,,,,,,,,,,,,,,,,1.0,,,,,,,,,,,,,,,,,,,,,,,,,,,,,,,,,,,,,,,1.0,,,,,,,1.0,0.0,0.0,1.0,0.0,,,,1.0,,0.0,,,,,,,1.0,,,,0.0,,,,0.0,,0.0,1.0,,,,,0.0,,0.0,1.0,,,,,,,,,,,,,,,,,1.0,,,,,0.0,,,1.0,,,1.0,0.0,0.0,,,,,1.0,,,,,1.0,,,,,,,,,,0.0,0.0,0.0,1.0,1.0,,,,,,0.0,,,1.0,,,,,,1.0,,,1.0,,,,,,,,,0.0,1.0,1.0,,1.0,,,,0.0,1.0,1.0
Miro Teixeira,0.0,1.0,0.0,1.0,1.0,1.0,1.0,1.0,1.0,0.0,,1.0,1.0,0.0,1.0,0.0,1.0,1.0,1.0,1.0,1.0,,1.0,0.0,1.0,1.0,,1.0,0.0,0.0,1.0,1.0,0.0,1.0,0.0,1.0,1.0,1.0,1.0,0.0,0.0,1.0,0.0,0.0,1.0,0.0,1.0,1.0,0.0,0.0,1.0,1.0,1.0,1.0,1.0,1.0,0.0,0.0,,1.0,1.0,1.0,1.0,0.0,1.0,1.0,1.0,0.0,0.0,1.0,1.0,1.0,,,0.0,0.0,1.0,1.0,0.0,1.0,0.0,0.0,0.0,0.0,0.0,0.0,0.0,0.0,0.0,0.0,0.0,0.0,1.0,0.0,1.0,1.0,,1.0,1.0,0.0,1.0,,,,0.0,0.0,1.0,0.0,1.0,1.0,0.0,1.0,1.0,1.0,1.0,0.0,1.0,0.0,1.0,0.0,0.0,,0.0,1.0,0.0,1.0,0.0,0.0,1.0,,,0.0,1.0,0.0,1.0,0.0,0.0,0.0,0.0,1.0,0.0,1.0,0.0,0.0,0.0,0.0,0.0,0.0,1.0,1.0,,1.0,0.0,1.0,1.0,1.0,0.0,1.0,1.0,1.0,1.0,1.0,1.0,0.0,0.0,1.0,1.0,1.0,1.0,0.0,1.0,0.0,,,,,,1.0,0.0,0.0,1.0,0.0,1.0,0.0,1.0,1.0,0.0,1.0,0.0,1.0,0.0,0.0,1.0,0.0,0.0,1.0,1.0,1.0,0.0,1.0,0.0,0.0,1.0,,0.0,0.0,0.0,1.0,1.0,1.0,1.0,0.0,1.0,0.0,1.0,0.0,0.0,0.0,,,1.0,0.0,1.0,1.0,0.0,0.0,,0.0,,0.0,0.0,,0.0,1.0,0.0,0.0,1.0,1.0,1.0,1.0,0.0,1.0,1.0,1.0,0.0,1.0,0.0,0.0,0.0,0.0,0.0,0.0,0.0,0.0,1.0,0.0,0.0,1.0,1.0,,1.0,1.0,1.0,1.0,1.0,0.0,0.0,0.0,1.0,1.0,,,0.0,1.0,1.0,0.0,1.0,0.0,1.0,1.0,0.0,0.0,1.0,0.0,0.0,0.0,0.0,0.0,1.0,0.0,0.0,1.0,1.0,0.0,0.0,0.0,1.0,,1.0,1.0,0.0,0.0,1.0,1.0,0.0,0.0,1.0,1.0,0.0,0.0,0.0,0.0,1.0,1.0,0.0,1.0,0.0,0.0,1.0,0.0,0.0,1.0,1.0,0.0,1.0,1.0,,0.0,0.0,1.0,1.0,,1.0,1.0,1.0,1.0,0.0,1.0,1.0,0.0,0.0,1.0,0.0,,0.0,1.0,,1.0,,1.0,0.0,1.0,,0.0,0.0,0.0,0.0,0.0,1.0,1.0,1.0,1.0,1.0,1.0,0.0,0.0,0.0,1.0,0.0,1.0,,1.0,1.0,,1.0,0.0,1.0,1.0,1.0,1.0,,1.0,0.0,1.0,0.0,0.0,0.0,0.0,0.0,1.0,1.0,1.0,1.0,,,1.0,0.0,0.0,0.0,
Moacir Micheletto,1.0,1.0,0.0,,,1.0,1.0,1.0,1.0,1.0,,,,,1.0,0.0,,,1.0,,,,,1.0,1.0,1.0,0.0,,0.0,,1.0,1.0,,0.0,0.0,1.0,1.0,,1.0,0.0,,1.0,0.0,0.0,1.0,,,,,,1.0,1.0,1.0,1.0,1.0,1.0,,,0.0,1.0,,0.0,,0.0,1.0,,,0.0,0.0,1.0,1.0,1.0,,0.0,,0.0,,0.0,,0.0,0.0,,,0.0,,0.0,0.0,,0.0,0.0,0.0,1.0,1.0,0.0,1.0,,1.0,,,0.0,,,,,,,1.0,0.0,1.0,1.0,0.0,1.0,1.0,,1.0,1.0,1.0,0.0,1.0,,,1.0,1.0,,,1.0,0.0,,,1.0,0.0,1.0,,0.0,,,0.0,,1.0,1.0,,1.0,0.0,,0.0,0.0,,,1.0,1.0,0.0,0.0,0.0,,1.0,1.0,0.0,1.0,1.0,,,1.0,1.0,,0.0,,,,,0.0,,0.0,1.0,0.0,1.0,0.0,0.0,0.0,1.0,0.0,,0.0,,0.0,,,0.0,1.0,0.0,1.0,0.0,0.0,0.0,1.0,0.0,1.0,,1.0,,1.0,0.0,0.0,1.0,,0.0,0.0,,0.0,0.0,1.0,1.0,,1.0,0.0,1.0,0.0,0.0,0.0,0.0,0.0,1.0,,1.0,1.0,0.0,,1.0,0.0,,0.0,,0.0,0.0,1.0,0.0,0.0,,1.0,1.0,1.0,0.0,1.0,,,0.0,1.0,0.0,0.0,,1.0,1.0,,0.0,,0.0,0.0,,0.0,1.0,,1.0,,,,1.0,0.0,,,0.0,,0.0,,,1.0,1.0,1.0,1.0,0.0,1.0,,1.0,0.0,1.0,0.0,,,0.0,1.0,,,1.0,1.0,1.0,1.0,,,,1.0,1.0,1.0,,,,1.0,,0.0,1.0,1.0,1.0,1.0,,,1.0,,1.0,0.0,0.0,0.0,0.0,0.0,,,1.0,1.0,,,0.0,0.0,,1.0,1.0,0.0,,0.0,,1.0,,,,,0.0,1.0,,,,,0.0,0.0,,,0.0,1.0,0.0,0.0,,,,,1.0,1.0,1.0,1.0,1.0,1.0,0.0,,1.0,1.0,1.0,0.0,1.0,1.0,1.0,,1.0,,1.0,1.0,1.0,1.0,1.0,,0.0,,,,,0.0,,1.0,1.0,1.0,1.0,1.0,0.0,,1.0,,,1.0
Moises Avelino,1.0,1.0,0.0,1.0,1.0,1.0,,1.0,1.0,,0.0,,1.0,1.0,1.0,0.0,1.0,1.0,1.0,1.0,1.0,1.0,1.0,1.0,1.0,1.0,0.0,1.0,0.0,0.0,1.0,1.0,0.0,0.0,0.0,1.0,1.0,1.0,1.0,0.0,0.0,1.0,0.0,0.0,1.0,0.0,1.0,1.0,,,1.0,1.0,1.0,1.0,1.0,1.0,0.0,0.0,0.0,1.0,1.0,1.0,1.0,0.0,1.0,,1.0,,0.0,1.0,1.0,1.0,,0.0,,0.0,,0.0,,,0.0,0.0,0.0,0.0,0.0,0.0,0.0,,0.0,0.0,0.0,1.0,1.0,0.0,1.0,1.0,1.0,1.0,1.0,0.0,1.0,0.0,1.0,,0.0,0.0,1.0,0.0,1.0,1.0,0.0,1.0,1.0,1.0,1.0,0.0,1.0,0.0,1.0,0.0,1.0,1.0,0.0,1.0,0.0,1.0,0.0,0.0,0.0,1.0,0.0,0.0,1.0,0.0,1.0,0.0,0.0,0.0,1.0,1.0,1.0,,,,,0.0,0.0,0.0,1.0,0.0,0.0,0.0,0.0,1.0,1.0,1.0,0.0,1.0,1.0,,1.0,1.0,1.0,0.0,0.0,1.0,1.0,1.0,1.0,0.0,1.0,0.0,1.0,0.0,1.0,0.0,0.0,0.0,1.0,0.0,1.0,0.0,0.0,0.0,1.0,1.0,0.0,1.0,0.0,1.0,0.0,0.0,1.0,0.0,0.0,,,1.0,0.0,1.0,,0.0,1.0,1.0,,,0.0,0.0,0.0,1.0,1.0,,,0.0,1.0,,0.0,0.0,0.0,0.0,1.0,,1.0,1.0,0.0,,1.0,0.0,0.0,0.0,0.0,0.0,0.0,,0.0,,,1.0,1.0,1.0,0.0,1.0,1.0,1.0,0.0,1.0,0.0,0.0,0.0,1.0,1.0,1.0,0.0,0.0,0.0,0.0,0.0,,1.0,0.0,1.0,1.0,1.0,1.0,1.0,0.0,0.0,0.0,0.0,1.0,,1.0,0.0,1.0,1.0,0.0,1.0,0.0,1.0,1.0,1.0,0.0,0.0,0.0,0.0,1.0,0.0,1.0,1.0,1.0,1.0,1.0,1.0,1.0,1.0,1.0,,,1.0,1.0,0.0,0.0,1.0,1.0,0.0,0.0,,1.0,1.0,1.0,0.0,0.0,1.0,,0.0,0.0,0.0,0.0,0.0,0.0,0.0,1.0,1.0,1.0,1.0,1.0,0.0,0.0,0.0,1.0,1.0,0.0,1.0,0.0,1.0,1.0,0.0,1.0,1.0,0.0,0.0,1.0,0.0,0.0,0.0,0.0,0.0,0.0,0.0,1.0,0.0,1.0,0.0,0.0,0.0,1.0,0.0,0.0,1.0,1.0,1.0,1.0,1.0,1.0,0.0,0.0,1.0,1.0,1.0,0.0,,1.0,1.0,1.0,1.0,0.0,1.0,1.0,1.0,1.0,1.0,1.0,0.0,1.0,0.0,0.0,0.0,,0.0,1.0,,,1.0,1.0,0.0,,1.0,1.0,1.0,1.0
Moreira Mendes,,0.0,,0.0,1.0,1.0,1.0,1.0,,,1.0,,1.0,,1.0,,,,,1.0,1.0,1.0,1.0,1.0,1.0,0.0,,,,,,1.0,1.0,1.0,0.0,1.0,1.0,1.0,1.0,,,0.0,,,0.0,1.0,,1.0,,,0.0,0.0,,,,1.0,1.0,,,0.0,1.0,0.0,,,,0.0,0.0,1.0,1.0,0.0,1.0,0.0,0.0,,0.0,0.0,0.0,,1.0,1.0,0.0,,0.0,0.0,0.0,0.0,0.0,,0.0,,0.0,1.0,1.0,0.0,,0.0,,1.0,1.0,1.0,0.0,1.0,,,1.0,0.0,1.0,1.0,0.0,0.0,,0.0,1.0,1.0,0.0,0.0,1.0,0.0,,,1.0,1.0,1.0,,,1.0,0.0,1.0,0.0,,0.0,1.0,,0.0,,,0.0,,1.0,,0.0,,,,,,,,,1.0,1.0,,0.0,1.0,,0.0,,0.0,1.0,1.0,0.0,0.0,,,0.0,0.0,0.0,0.0,1.0,1.0,,,,,,,,0.0,1.0,,,,,,0.0,,,,1.0,0.0,0.0,1.0,0.0,0.0,1.0,0.0,1.0,0.0,,,,,0.0,,,,,,,,,,0.0,,,,,1.0,0.0,,1.0,0.0,1.0,1.0,0.0,0.0,1.0,0.0,,,,,,0.0,,,1.0,1.0,,,,1.0,0.0,,,,,,,,1.0,,1.0,,,1.0,,,,,0.0,1.0,1.0,0.0,0.0,0.0,0.0,0.0,1.0,,,0.0,0.0,0.0,0.0,1.0,0.0,,,1.0,0.0,,,0.0,0.0,1.0,0.0,0.0,1.0,1.0,1.0,1.0,1.0,1.0,0.0,,,,1.0,1.0,1.0,,,1.0,,,,,,,,,,,1.0,1.0,0.0,0.0,0.0,0.0,0.0,,,1.0,,1.0,,,,,0.0,1.0,1.0,1.0,1.0,0.0,1.0,,0.0,,1.0,,1.0,,,,,,,,,,,,,,,,1.0,1.0,1.0,1.0,1.0,1.0,,,,1.0,,,,1.0,,,,,,,1.0,1.0,1.0,,,,,,,,,,1.0,,,,,1.0,,,,1.0
Mussa Demes,,,,,,,,,,,,,,,,,,,,,,,,,,,,,,,,,,,,,,,1.0,,,,,,,,,,0.0,,,,,,,,,,,,,,,,0.0,,0.0,,,,,,,,,,,,,1.0,,,,,,,,,,,,,,,0.0,0.0,,,,1.0,,,,,,,,,,,,,,,,0.0,,,,,,,,,,,,,,,,,,0.0,0.0,,,,,,,,,,,,,,,,,,,0.0,0.0,0.0,,,1.0,,,0.0,,1.0,,,,0.0,1.0,,,,,,,,,,,,,,,,,0.0,,,,0.0,0.0,,0.0,1.0,0.0,0.0,,,,,,,,,,,,,,,,,,,,,,,,,,,1.0,1.0,,,,,,,,,,,,,,,,,,,,,,,,,,,,,,,,,,,,,,,,,,,,,,,,,,,,,,,,,,,,,,,,,,,,,,,,,,,,,,,,,,,,,,,,,,,,,,,,,,,,,,,,,,,,,,,,,,,,,,,,,,,,,,,,,,,,,,,,,,,,,,,,,,,,,,,,,,,,,,,,,,,,,,,,,,,,,,,,
Márcio França,0.0,,,0.0,1.0,1.0,1.0,,1.0,1.0,1.0,0.0,,0.0,1.0,0.0,1.0,1.0,,,,,,,,,,,0.0,0.0,,1.0,0.0,,,1.0,1.0,0.0,1.0,,0.0,1.0,0.0,0.0,,,1.0,1.0,,,1.0,,,,,,0.0,0.0,0.0,1.0,1.0,1.0,1.0,1.0,,,1.0,,,1.0,0.0,,,0.0,0.0,,,,,0.0,0.0,,0.0,,,,,,0.0,,,,,,1.0,1.0,,,1.0,0.0,,,0.0,1.0,,,,,1.0,1.0,0.0,1.0,,1.0,1.0,,1.0,0.0,1.0,0.0,0.0,,,1.0,0.0,,,0.0,0.0,1.0,,0.0,1.0,,0.0,,,,1.0,,0.0,,0.0,0.0,0.0,,,0.0,1.0,1.0,,,,1.0,1.0,,,,1.0,1.0,1.0,1.0,1.0,,,1.0,1.0,,1.0,0.0,1.0,0.0,1.0,,1.0,0.0,0.0,,0.0,0.0,1.0,,,0.0,1.0,,,,0.0,,,,,,0.0,,1.0,1.0,0.0,,0.0,0.0,1.0,1.0,0.0,0.0,,,,1.0,1.0,0.0,1.0,0.0,1.0,,,,,,1.0,0.0,,,,,1.0,,,0.0,0.0,,,,0.0,0.0,,1.0,1.0,,,1.0,1.0,1.0,0.0,1.0,0.0,0.0,,,,,1.0,0.0,0.0,,,1.0,1.0,,,,1.0,,,,,0.0,,,0.0,,0.0,,,,,,1.0,1.0,,,1.0,0.0,,1.0,,,1.0,,,,,,,,,1.0,,1.0,1.0,,1.0,1.0,,0.0,1.0,1.0,,0.0,,0.0,,1.0,,1.0,0.0,0.0,0.0,0.0,1.0,1.0,1.0,1.0,,,0.0,0.0,0.0,1.0,1.0,,1.0,,1.0,1.0,0.0,,,,,,0.0,0.0,,0.0,0.0,,,1.0,0.0,1.0,,,,1.0,0.0,1.0,1.0,1.0,1.0,1.0,1.0,1.0,0.0,,,1.0,0.0,1.0,,,,,,,,1.0,1.0,1.0,1.0,,1.0,0.0,0.0,0.0,,0.0,,,1.0,1.0,1.0,,1.0,,1.0,1.0,1.0,
Márcio Marinho,,,,1.0,1.0,1.0,,1.0,,0.0,,0.0,1.0,0.0,1.0,0.0,1.0,1.0,1.0,1.0,1.0,1.0,1.0,1.0,1.0,,,,,,,,0.0,0.0,0.0,1.0,1.0,1.0,,,,,,,,,1.0,,,,,,,,,1.0,,,,,,1.0,,,,,,,,,,,,,,,,,,,,,,,,,,,,,,,,,,,1.0,,,,,,,,,0.0,,0.0,,,,,,,,,,,,,,,,,,1.0,,,,,,,,,,,,,,,1.0,,,,,,,,,,,,,,,,,,,1.0,,,,,,,1.0,,,,,0.0,1.0,0.0,1.0,0.0,,0.0,1.0,,,,,,,,,,,,,,,,,,1.0,,,,,,,,0.0,0.0,,,,1.0,1.0,0.0,1.0,,,,0.0,0.0,0.0,0.0,,0.0,1.0,1.0,0.0,0.0,1.0,0.0,0.0,,,,,,,,1.0,1.0,,1.0,,0.0,,,,,,,0.0,,0.0,,0.0,0.0,0.0,0.0,0.0,0.0,1.0,0.0,1.0,1.0,1.0,1.0,1.0,0.0,0.0,0.0,,1.0,0.0,,0.0,1.0,1.0,0.0,1.0,0.0,1.0,1.0,1.0,1.0,1.0,0.0,0.0,1.0,0.0,1.0,1.0,1.0,1.0,1.0,1.0,1.0,1.0,1.0,1.0,1.0,0.0,1.0,0.0,0.0,,1.0,0.0,0.0,1.0,1.0,1.0,1.0,0.0,0.0,1.0,0.0,,0.0,0.0,0.0,1.0,1.0,1.0,1.0,1.0,1.0,1.0,1.0,0.0,0.0,0.0,1.0,1.0,0.0,1.0,1.0,1.0,1.0,,1.0,,0.0,0.0,1.0,0.0,0.0,0.0,0.0,0.0,0.0,,1.0,0.0,1.0,0.0,0.0,0.0,1.0,0.0,0.0,1.0,1.0,1.0,1.0,1.0,1.0,0.0,0.0,1.0,1.0,0.0,1.0,1.0,1.0,1.0,1.0,1.0,0.0,1.0,1.0,1.0,1.0,1.0,1.0,0.0,1.0,0.0,0.0,0.0,0.0,,1.0,1.0,1.0,1.0,0.0,0.0,1.0,,0.0,0.0,1.0
Márcio Reinaldo Moreira,1.0,1.0,0.0,1.0,1.0,,1.0,1.0,1.0,1.0,0.0,0.0,1.0,,,,,,1.0,1.0,1.0,1.0,1.0,1.0,1.0,1.0,0.0,1.0,0.0,0.0,1.0,1.0,0.0,1.0,0.0,,1.0,1.0,1.0,0.0,0.0,1.0,0.0,1.0,1.0,0.0,1.0,,0.0,0.0,1.0,1.0,1.0,1.0,1.0,1.0,0.0,0.0,0.0,1.0,1.0,,1.0,0.0,1.0,1.0,1.0,0.0,0.0,1.0,0.0,1.0,,0.0,0.0,,1.0,0.0,,0.0,0.0,,0.0,0.0,0.0,0.0,0.0,,0.0,0.0,0.0,1.0,1.0,0.0,,0.0,,1.0,1.0,0.0,1.0,0.0,,0.0,0.0,0.0,1.0,0.0,1.0,1.0,0.0,1.0,1.0,,1.0,1.0,1.0,,1.0,0.0,1.0,1.0,0.0,1.0,0.0,1.0,0.0,0.0,1.0,,,0.0,1.0,0.0,1.0,0.0,0.0,0.0,,1.0,0.0,1.0,0.0,0.0,0.0,,0.0,,,1.0,0.0,0.0,0.0,1.0,,1.0,0.0,1.0,1.0,1.0,1.0,1.0,1.0,,0.0,,1.0,1.0,1.0,0.0,1.0,0.0,1.0,0.0,1.0,0.0,0.0,0.0,,0.0,1.0,0.0,0.0,0.0,,1.0,0.0,1.0,0.0,1.0,0.0,0.0,0.0,1.0,0.0,1.0,1.0,1.0,0.0,1.0,0.0,0.0,1.0,1.0,0.0,0.0,,0.0,0.0,1.0,1.0,0.0,1.0,0.0,1.0,0.0,0.0,0.0,0.0,0.0,1.0,0.0,1.0,1.0,0.0,0.0,1.0,0.0,0.0,0.0,0.0,,0.0,1.0,0.0,0.0,1.0,1.0,1.0,1.0,0.0,,1.0,1.0,,1.0,0.0,0.0,0.0,1.0,1.0,,0.0,,0.0,0.0,0.0,0.0,1.0,0.0,1.0,1.0,1.0,1.0,1.0,0.0,0.0,0.0,1.0,1.0,0.0,1.0,,1.0,1.0,1.0,1.0,0.0,1.0,,1.0,0.0,1.0,0.0,0.0,0.0,0.0,1.0,1.0,0.0,,1.0,1.0,0.0,0.0,1.0,1.0,1.0,1.0,1.0,0.0,0.0,1.0,,0.0,0.0,1.0,1.0,0.0,1.0,0.0,0.0,1.0,,0.0,0.0,1.0,1.0,0.0,1.0,0.0,1.0,1.0,1.0,1.0,1.0,,0.0,,,1.0,0.0,1.0,0.0,1.0,1.0,,1.0,1.0,0.0,0.0,,0.0,0.0,0.0,0.0,0.0,0.0,0.0,1.0,0.0,1.0,0.0,,0.0,1.0,0.0,0.0,1.0,1.0,,1.0,1.0,,0.0,0.0,1.0,1.0,0.0,,1.0,1.0,,,1.0,0.0,1.0,,,,1.0,1.0,0.0,,0.0,0.0,0.0,0.0,0.0,,,1.0,1.0,1.0,0.0,,1.0,1.0,1.0,1.0
Mário Heringer,1.0,0.0,0.0,1.0,1.0,1.0,1.0,1.0,1.0,1.0,,1.0,1.0,0.0,,1.0,1.0,1.0,,,,,,1.0,1.0,1.0,,,0.0,,,1.0,0.0,1.0,0.0,1.0,,1.0,1.0,0.0,0.0,1.0,0.0,,1.0,0.0,1.0,1.0,0.0,0.0,1.0,1.0,1.0,1.0,1.0,1.0,0.0,,0.0,1.0,1.0,1.0,1.0,,,1.0,1.0,0.0,0.0,1.0,1.0,1.0,,0.0,0.0,0.0,1.0,0.0,0.0,,0.0,0.0,0.0,,0.0,0.0,0.0,0.0,0.0,0.0,0.0,0.0,1.0,0.0,,0.0,,1.0,,,,0.0,1.0,1.0,0.0,0.0,1.0,,1.0,1.0,0.0,0.0,1.0,1.0,1.0,0.0,0.0,0.0,1.0,0.0,1.0,0.0,0.0,1.0,0.0,1.0,0.0,0.0,1.0,,1.0,0.0,0.0,0.0,1.0,0.0,0.0,,1.0,1.0,0.0,1.0,0.0,0.0,0.0,0.0,0.0,,1.0,1.0,0.0,,0.0,,1.0,1.0,0.0,1.0,1.0,,1.0,1.0,1.0,1.0,0.0,1.0,1.0,1.0,1.0,,1.0,0.0,1.0,,1.0,0.0,0.0,0.0,1.0,,,,,,1.0,,,,0.0,1.0,,1.0,0.0,1.0,0.0,1.0,,1.0,0.0,,0.0,0.0,,1.0,,0.0,0.0,,1.0,1.0,1.0,0.0,1.0,0.0,1.0,,0.0,0.0,0.0,0.0,1.0,0.0,1.0,1.0,0.0,0.0,,,0.0,0.0,0.0,0.0,0.0,1.0,0.0,0.0,,1.0,1.0,,,1.0,1.0,1.0,0.0,1.0,0.0,0.0,0.0,1.0,1.0,1.0,,,0.0,,0.0,,1.0,0.0,1.0,,1.0,,,0.0,0.0,0.0,0.0,1.0,0.0,,,1.0,1.0,0.0,1.0,0.0,1.0,1.0,0.0,0.0,,0.0,0.0,1.0,0.0,,1.0,1.0,0.0,,1.0,,0.0,1.0,1.0,,1.0,,,0.0,1.0,1.0,,,,1.0,,1.0,,0.0,1.0,,0.0,0.0,0.0,0.0,0.0,1.0,0.0,1.0,,1.0,1.0,1.0,,0.0,0.0,1.0,1.0,,1.0,1.0,1.0,1.0,0.0,1.0,1.0,0.0,0.0,1.0,,0.0,0.0,,0.0,0.0,0.0,,,1.0,0.0,0.0,0.0,1.0,,,1.0,1.0,1.0,1.0,1.0,1.0,0.0,,1.0,1.0,,0.0,1.0,1.0,1.0,1.0,1.0,0.0,1.0,,1.0,1.0,,1.0,0.0,1.0,0.0,0.0,,0.0,,,,1.0,1.0,0.0,0.0,1.0,,1.0,1.0,1.0
Mário Negromonte,,1.0,0.0,1.0,,,1.0,,1.0,,0.0,0.0,1.0,,1.0,1.0,1.0,1.0,1.0,1.0,1.0,1.0,1.0,1.0,1.0,,,,0.0,,1.0,1.0,0.0,1.0,,,1.0,1.0,1.0,,,1.0,0.0,0.0,1.0,,1.0,,0.0,0.0,1.0,1.0,1.0,1.0,1.0,,0.0,0.0,0.0,,,,,,,,,,,1.0,,,,,0.0,0.0,,,,,,0.0,,,,,,,,,,,,0.0,,1.0,,1.0,,0.0,,,0.0,,,,,,,,,1.0,,,,,,0.0,1.0,0.0,1.0,1.0,,,,1.0,,0.0,1.0,1.0,,0.0,1.0,,,,,0.0,0.0,,1.0,,0.0,,,,,,,,,,,,,,0.0,1.0,1.0,1.0,,1.0,,0.0,0.0,1.0,,1.0,,,,0.0,1.0,,,0.0,,,,,1.0,0.0,,,,1.0,,,0.0,,,,,0.0,0.0,,1.0,1.0,0.0,,0.0,,1.0,,,0.0,0.0,0.0,,1.0,,,1.0,,1.0,,,0.0,0.0,,,,,,,,,,,0.0,,,,,,,1.0,,,,0.0,,,,0.0,,,0.0,0.0,1.0,1.0,,0.0,0.0,,0.0,0.0,0.0,1.0,,,,,1.0,1.0,,,0.0,0.0,1.0,,,,,1.0,0.0,,,,,,,,0.0,0.0,1.0,,1.0,1.0,1.0,1.0,,,,,1.0,1.0,,1.0,,0.0,0.0,1.0,,0.0,0.0,1.0,1.0,1.0,1.0,0.0,0.0,,,0.0,0.0,1.0,1.0,,,,,1.0,,1.0,,,,0.0,,,,,,1.0,1.0,,,1.0,,0.0,,,0.0,,0.0,0.0,0.0,0.0,,,,0.0,,,,,,,,,1.0,,,,,1.0,,,0.0,,,1.0,1.0,,,,,,,1.0,,,,,0.0,,,0.0,1.0,,1.0,,,0.0,,,,,1.0
Mário de Oliveira,,1.0,0.0,,,1.0,1.0,,1.0,0.0,0.0,0.0,1.0,0.0,1.0,0.0,1.0,1.0,,,,,,,,,0.0,1.0,,0.0,1.0,1.0,,0.0,1.0,,1.0,1.0,1.0,0.0,0.0,1.0,0.0,,1.0,0.0,,1.0,0.0,0.0,1.0,1.0,1.0,1.0,1.0,,0.0,,,1.0,1.0,1.0,,0.0,,,1.0,,,,1.0,,,,,,,,,,,,,0.0,0.0,0.0,0.0,,0.0,,,,,0.0,,1.0,,,,0.0,,,,,,,,,,1.0,0.0,1.0,,1.0,1.0,1.0,1.0,,1.0,,,,0.0,1.0,,,,,1.0,1.0,1.0,0.0,1.0,0.0,1.0,0.0,0.0,0.0,1.0,,1.0,1.0,0.0,0.0,0.0,,0.0,0.0,1.0,0.0,0.0,1.0,0.0,1.0,1.0,1.0,0.0,1.0,1.0,1.0,1.0,1.0,1.0,0.0,0.0,1.0,,1.0,1.0,0.0,1.0,,,0.0,0.0,,,1.0,1.0,0.0,1.0,0.0,0.0,0.0,,,0.0,1.0,0.0,,,1.0,1.0,0.0,0.0,1.0,,1.0,0.0,1.0,0.0,0.0,,1.0,,,0.0,0.0,,1.0,1.0,,,0.0,,0.0,0.0,0.0,,,1.0,,1.0,,0.0,0.0,,0.0,,,,,0.0,,,0.0,,1.0,1.0,1.0,,1.0,,1.0,0.0,,,,,1.0,0.0,,0.0,0.0,0.0,0.0,,,,0.0,1.0,,,1.0,1.0,0.0,0.0,0.0,0.0,,,0.0,,1.0,1.0,0.0,1.0,0.0,1.0,1.0,,0.0,1.0,,0.0,1.0,,0.0,1.0,,1.0,1.0,1.0,1.0,,0.0,1.0,1.0,,1.0,0.0,,,,,,,,1.0,1.0,,0.0,1.0,,0.0,0.0,0.0,1.0,1.0,1.0,0.0,,,1.0,1.0,,,0.0,0.0,1.0,1.0,,1.0,1.0,,,,,1.0,,,1.0,0.0,0.0,,,,,,,,1.0,0.0,,,,,,1.0,1.0,1.0,,,,,0.0,,1.0,,0.0,1.0,,,,1.0,0.0,1.0,,,,,,,,,,0.0,,,1.0,1.0,1.0,1.0,,,,1.0,0.0,,
NIlmar Ruiz,1.0,,1.0,1.0,1.0,,1.0,1.0,1.0,0.0,1.0,,1.0,,1.0,1.0,1.0,1.0,1.0,1.0,1.0,1.0,1.0,1.0,1.0,0.0,,,,,,1.0,0.0,1.0,,,1.0,,1.0,,,,,,0.0,1.0,0.0,1.0,,,0.0,,,,,1.0,,,,0.0,1.0,,,,0.0,0.0,0.0,,,0.0,1.0,,,,,,,,,1.0,,1.0,,,,,,1.0,,,,1.0,,,0.0,0.0,,,1.0,1.0,0.0,,,,1.0,0.0,1.0,1.0,0.0,0.0,,1.0,1.0,0.0,0.0,,,0.0,1.0,0.0,0.0,0.0,1.0,1.0,0.0,,,1.0,,,0.0,1.0,1.0,0.0,,,,,0.0,,1.0,,,,,,,,,1.0,1.0,0.0,,,,,,0.0,1.0,1.0,0.0,0.0,,1.0,,0.0,0.0,0.0,1.0,,,0.0,1.0,0.0,1.0,0.0,0.0,0.0,1.0,,,,,,0.0,0.0,,0.0,,0.0,1.0,,0.0,1.0,0.0,,,0.0,,,,,,,,,,,,,,,,,,,,,,,,,,,,,1.0,,,,,,,0.0,,,1.0,1.0,,1.0,,,,0.0,,,,,,1.0,1.0,1.0,,,,,,1.0,0.0,,0.0,1.0,1.0,0.0,,1.0,,,,,,0.0,,0.0,,1.0,0.0,,1.0,,1.0,,,0.0,0.0,1.0,,0.0,,1.0,,1.0,1.0,0.0,0.0,0.0,,,1.0,,,0.0,,1.0,0.0,,1.0,,,,,,,0.0,1.0,0.0,0.0,1.0,0.0,0.0,0.0,1.0,,,1.0,1.0,,0.0,0.0,1.0,1.0,,1.0,,,,0.0,1.0,1.0,0.0,,,0.0,0.0,0.0,0.0,0.0,0.0,0.0,,0.0,,0.0,0.0,0.0,,,0.0,,1.0,1.0,1.0,1.0,1.0,0.0,0.0,,0.0,1.0,,1.0,1.0,1.0,1.0,1.0,0.0,1.0,1.0,,,1.0,1.0,0.0,1.0,0.0,0.0,0.0,0.0,0.0,1.0,1.0,1.0,1.0,1.0,,,1.0,0.0,0.0,1.0
Narcio Rodrigues,1.0,0.0,,,,,,1.0,1.0,0.0,,0.0,1.0,,,0.0,1.0,1.0,1.0,1.0,,1.0,,1.0,1.0,,,1.0,,,,1.0,1.0,1.0,0.0,1.0,1.0,1.0,1.0,,,,,,0.0,1.0,1.0,,,,,,0.0,0.0,,1.0,0.0,,,0.0,1.0,1.0,,,0.0,0.0,0.0,,1.0,,,,,,,0.0,0.0,,,1.0,0.0,,,,,0.0,0.0,,0.0,,0.0,1.0,1.0,0.0,,0.0,,1.0,1.0,1.0,0.0,0.0,,,,0.0,1.0,1.0,,,,1.0,,,0.0,0.0,,1.0,1.0,0.0,,,1.0,1.0,,,,0.0,1.0,,,0.0,1.0,,,,,,0.0,,0.0,,,,,,,,,,,0.0,,0.0,,0.0,,,,,0.0,,,1.0,0.0,,0.0,,,,,,,,,,,0.0,1.0,,,,1.0,,,,,,,,,,,,,,0.0,0.0,,,,,,,,,,,1.0,0.0,,,,,,,,,,,,,,,,,,1.0,,,,,,,,,1.0,,1.0,,,,,,,,,,,1.0,1.0,1.0,,,,1.0,,1.0,,,,,,0.0,0.0,0.0,,,1.0,,,0.0,,,0.0,1.0,0.0,,1.0,,1.0,,0.0,0.0,,0.0,,0.0,,1.0,,1.0,,1.0,0.0,0.0,,,1.0,0.0,1.0,1.0,,1.0,,0.0,1.0,,1.0,,,,,1.0,1.0,,0.0,0.0,0.0,0.0,0.0,1.0,,1.0,,1.0,1.0,,,,0.0,1.0,1.0,1.0,,0.0,,0.0,,,0.0,,,,,,,,,0.0,,,,,,,,,0.0,0.0,0.0,,1.0,,,,,,,,,,,,0.0,0.0,0.0,,,0.0,,,,,,,,,,,,,0.0,,,,1.0,1.0,1.0,1.0
Natan Donadon,,1.0,0.0,1.0,1.0,1.0,1.0,1.0,1.0,,,,,,,,,,1.0,,1.0,1.0,1.0,1.0,1.0,1.0,0.0,1.0,,0.0,1.0,1.0,,0.0,0.0,,1.0,1.0,1.0,,0.0,1.0,0.0,0.0,1.0,0.0,,1.0,0.0,0.0,1.0,1.0,1.0,1.0,1.0,1.0,0.0,,0.0,1.0,,1.0,,0.0,1.0,1.0,1.0,0.0,0.0,1.0,1.0,1.0,0.0,0.0,0.0,,1.0,0.0,,0.0,0.0,0.0,0.0,0.0,0.0,0.0,0.0,,0.0,0.0,0.0,1.0,1.0,0.0,1.0,1.0,,1.0,1.0,0.0,,0.0,1.0,1.0,0.0,,1.0,0.0,1.0,1.0,,1.0,0.0,,1.0,1.0,1.0,0.0,1.0,0.0,1.0,1.0,0.0,1.0,,1.0,0.0,1.0,0.0,1.0,0.0,1.0,1.0,0.0,1.0,0.0,,0.0,1.0,1.0,,,0.0,,0.0,0.0,,,1.0,1.0,0.0,1.0,0.0,,1.0,1.0,0.0,1.0,1.0,1.0,1.0,1.0,1.0,,0.0,1.0,,1.0,1.0,0.0,1.0,0.0,,0.0,1.0,,,,1.0,0.0,1.0,0.0,0.0,0.0,1.0,,0.0,,0.0,1.0,,1.0,1.0,0.0,0.0,,,1.0,,1.0,0.0,0.0,1.0,1.0,0.0,0.0,0.0,0.0,0.0,1.0,1.0,0.0,1.0,0.0,1.0,0.0,0.0,0.0,,,1.0,0.0,1.0,,,,,0.0,0.0,0.0,0.0,0.0,0.0,,,0.0,1.0,,1.0,1.0,0.0,1.0,1.0,1.0,0.0,1.0,0.0,,0.0,1.0,1.0,1.0,0.0,0.0,0.0,,0.0,0.0,1.0,0.0,1.0,,,1.0,1.0,0.0,0.0,0.0,0.0,1.0,,1.0,0.0,1.0,1.0,0.0,1.0,0.0,1.0,1.0,1.0,0.0,,,,,0.0,1.0,1.0,1.0,1.0,1.0,1.0,1.0,1.0,1.0,1.0,1.0,1.0,1.0,0.0,0.0,,1.0,0.0,,1.0,1.0,1.0,1.0,0.0,0.0,1.0,,,,,,,,,1.0,1.0,,,,0.0,,0.0,1.0,1.0,0.0,1.0,0.0,1.0,,0.0,1.0,,,,,,0.0,,0.0,0.0,0.0,0.0,,0.0,1.0,0.0,0.0,,,0.0,0.0,1.0,1.0,1.0,1.0,1.0,1.0,0.0,0.0,1.0,,,,,1.0,1.0,1.0,1.0,0.0,1.0,1.0,,,,1.0,0.0,1.0,0.0,,,0.0,,,,,,,,,,,,
Nazareno Fonteles,1.0,1.0,0.0,1.0,,1.0,1.0,1.0,,0.0,,0.0,,0.0,1.0,1.0,1.0,1.0,1.0,1.0,1.0,1.0,1.0,1.0,1.0,1.0,0.0,1.0,0.0,0.0,1.0,1.0,0.0,1.0,0.0,1.0,1.0,1.0,0.0,0.0,0.0,1.0,0.0,,1.0,0.0,1.0,1.0,0.0,0.0,1.0,1.0,1.0,1.0,1.0,1.0,0.0,0.0,0.0,1.0,1.0,1.0,1.0,0.0,1.0,1.0,1.0,0.0,,1.0,0.0,1.0,0.0,0.0,0.0,0.0,,0.0,0.0,0.0,0.0,0.0,0.0,0.0,0.0,0.0,0.0,0.0,,0.0,,0.0,1.0,0.0,1.0,1.0,1.0,1.0,1.0,0.0,1.0,0.0,0.0,0.0,0.0,0.0,1.0,0.0,1.0,1.0,0.0,1.0,,1.0,1.0,1.0,1.0,0.0,1.0,0.0,1.0,1.0,0.0,1.0,0.0,1.0,0.0,1.0,0.0,1.0,,0.0,1.0,0.0,1.0,0.0,0.0,0.0,,1.0,,1.0,0.0,0.0,0.0,0.0,0.0,0.0,1.0,1.0,0.0,1.0,0.0,1.0,1.0,1.0,0.0,1.0,1.0,1.0,1.0,1.0,1.0,0.0,0.0,1.0,1.0,1.0,1.0,0.0,1.0,0.0,1.0,0.0,1.0,0.0,0.0,0.0,1.0,0.0,,,,,,,0.0,,,1.0,0.0,1.0,1.0,,0.0,1.0,1.0,1.0,,,,,,,0.0,0.0,0.0,0.0,0.0,1.0,1.0,0.0,1.0,,,,,0.0,0.0,0.0,,0.0,0.0,,0.0,0.0,1.0,,0.0,0.0,0.0,0.0,0.0,1.0,0.0,0.0,1.0,1.0,1.0,,0.0,0.0,1.0,1.0,0.0,,,0.0,0.0,,0.0,,0.0,0.0,0.0,0.0,0.0,0.0,1.0,0.0,1.0,1.0,1.0,1.0,1.0,,,0.0,0.0,1.0,0.0,1.0,0.0,1.0,1.0,0.0,1.0,0.0,,,0.0,0.0,1.0,,0.0,0.0,0.0,1.0,1.0,1.0,1.0,1.0,0.0,1.0,0.0,0.0,1.0,1.0,1.0,,0.0,,1.0,1.0,0.0,1.0,1.0,1.0,0.0,1.0,0.0,,,0.0,1.0,0.0,0.0,1.0,0.0,0.0,0.0,1.0,0.0,1.0,1.0,1.0,0.0,0.0,0.0,1.0,,0.0,1.0,0.0,,1.0,,,,,,,0.0,0.0,,0.0,0.0,0.0,0.0,0.0,0.0,1.0,0.0,0.0,,1.0,0.0,0.0,,,,1.0,1.0,1.0,0.0,0.0,1.0,0.0,1.0,0.0,0.0,1.0,1.0,1.0,1.0,0.0,1.0,1.0,,,1.0,1.0,0.0,1.0,0.0,0.0,0.0,0.0,0.0,1.0,1.0,1.0,1.0,,,,1.0,0.0,0.0,
Neilton Mulim,1.0,1.0,0.0,1.0,1.0,1.0,1.0,,1.0,,0.0,0.0,1.0,,1.0,1.0,1.0,1.0,1.0,1.0,1.0,1.0,1.0,,1.0,1.0,0.0,1.0,0.0,0.0,1.0,1.0,0.0,,,1.0,1.0,1.0,1.0,0.0,0.0,1.0,,0.0,1.0,0.0,1.0,1.0,0.0,0.0,1.0,,,,,,0.0,0.0,0.0,1.0,0.0,1.0,1.0,0.0,1.0,1.0,1.0,0.0,,,0.0,1.0,0.0,0.0,,0.0,,0.0,0.0,0.0,0.0,0.0,0.0,,0.0,0.0,0.0,0.0,,,0.0,1.0,,,1.0,1.0,1.0,1.0,1.0,0.0,1.0,,,,0.0,0.0,,0.0,1.0,1.0,0.0,1.0,0.0,1.0,1.0,1.0,1.0,1.0,0.0,1.0,1.0,1.0,,1.0,,,0.0,0.0,1.0,1.0,,0.0,1.0,0.0,1.0,0.0,,,0.0,1.0,1.0,1.0,,0.0,0.0,,0.0,0.0,1.0,1.0,0.0,1.0,0.0,1.0,1.0,1.0,0.0,0.0,1.0,,1.0,1.0,,0.0,0.0,1.0,1.0,1.0,1.0,0.0,1.0,,,,,,,,0.0,,1.0,0.0,0.0,0.0,1.0,1.0,0.0,1.0,0.0,1.0,0.0,1.0,1.0,1.0,0.0,1.0,1.0,1.0,,1.0,,,,,0.0,0.0,0.0,0.0,0.0,1.0,1.0,0.0,1.0,,,,0.0,0.0,0.0,0.0,1.0,0.0,1.0,1.0,,0.0,,0.0,,,,,0.0,1.0,0.0,0.0,1.0,1.0,,1.0,0.0,0.0,1.0,1.0,,1.0,0.0,0.0,0.0,1.0,1.0,1.0,,,,0.0,0.0,0.0,1.0,0.0,1.0,,1.0,1.0,,0.0,,0.0,0.0,1.0,0.0,1.0,0.0,,,,,0.0,,1.0,1.0,,,0.0,0.0,1.0,,,,1.0,1.0,1.0,1.0,1.0,1.0,1.0,,,1.0,,,0.0,1.0,1.0,,,,,0.0,1.0,0.0,0.0,1.0,0.0,0.0,0.0,0.0,0.0,1.0,1.0,1.0,1.0,,1.0,,1.0,0.0,0.0,0.0,1.0,1.0,0.0,1.0,1.0,1.0,1.0,,1.0,1.0,0.0,,1.0,,0.0,0.0,0.0,,0.0,0.0,1.0,0.0,1.0,0.0,0.0,0.0,0.0,0.0,0.0,1.0,1.0,1.0,1.0,1.0,1.0,0.0,0.0,1.0,0.0,1.0,0.0,1.0,1.0,1.0,1.0,1.0,0.0,1.0,1.0,1.0,1.0,,1.0,0.0,1.0,0.0,0.0,,0.0,0.0,1.0,,,1.0,,0.0,1.0,,0.0,0.0,
Nelson Bornier,1.0,1.0,0.0,1.0,1.0,1.0,,1.0,1.0,1.0,,0.0,,0.0,1.0,,0.0,,1.0,1.0,1.0,1.0,1.0,1.0,1.0,,,,0.0,0.0,,1.0,,1.0,0.0,1.0,1.0,1.0,0.0,,0.0,1.0,0.0,0.0,1.0,0.0,,1.0,0.0,0.0,1.0,1.0,,,,,,,0.0,1.0,1.0,1.0,1.0,0.0,,,,,,1.0,1.0,,,,,0.0,1.0,0.0,0.0,0.0,,,,,,0.0,,,,,0.0,1.0,1.0,,,,,1.0,,0.0,,,,,1.0,,1.0,,,,0.0,,0.0,,1.0,1.0,,0.0,,,1.0,1.0,0.0,1.0,0.0,,0.0,1.0,0.0,,1.0,0.0,0.0,0.0,1.0,0.0,0.0,,0.0,1.0,1.0,1.0,,,0.0,,,,,0.0,0.0,1.0,0.0,1.0,,1.0,,1.0,,,1.0,1.0,1.0,0.0,0.0,1.0,,1.0,1.0,0.0,1.0,0.0,,0.0,1.0,0.0,0.0,,1.0,,1.0,0.0,,0.0,1.0,1.0,0.0,,0.0,,,0.0,0.0,0.0,0.0,,1.0,,0.0,1.0,,0.0,1.0,1.0,0.0,,,0.0,,1.0,,0.0,1.0,0.0,1.0,,,,,0.0,,,,,,,,,,,,,,1.0,0.0,0.0,1.0,0.0,1.0,1.0,0.0,,,1.0,,1.0,0.0,,0.0,,,1.0,,0.0,0.0,,,,,,1.0,,,1.0,1.0,0.0,0.0,,0.0,1.0,,0.0,0.0,1.0,,0.0,1.0,0.0,1.0,,1.0,,1.0,0.0,0.0,1.0,,1.0,1.0,1.0,1.0,,1.0,1.0,1.0,1.0,,,1.0,1.0,0.0,0.0,1.0,1.0,0.0,0.0,1.0,,1.0,,0.0,0.0,,0.0,,,,,,,,,1.0,1.0,1.0,1.0,,0.0,0.0,1.0,,0.0,,,1.0,,0.0,1.0,1.0,0.0,0.0,,,,0.0,,,,0.0,,0.0,1.0,0.0,0.0,0.0,,0.0,,,1.0,,1.0,1.0,1.0,,0.0,1.0,,0.0,,1.0,1.0,1.0,1.0,,,,1.0,1.0,1.0,,1.0,0.0,1.0,0.0,0.0,,,0.0,,1.0,1.0,1.0,1.0,,,,1.0,1.0,1.0
Nelson Goetten,,,0.0,1.0,1.0,1.0,,1.0,1.0,1.0,0.0,0.0,1.0,,,,,,1.0,1.0,1.0,1.0,1.0,1.0,1.0,1.0,0.0,,0.0,0.0,1.0,1.0,0.0,,,1.0,,,1.0,0.0,0.0,,,,,,1.0,1.0,0.0,0.0,1.0,1.0,1.0,1.0,1.0,1.0,0.0,0.0,0.0,1.0,0.0,,1.0,0.0,1.0,1.0,1.0,0.0,,1.0,0.0,1.0,0.0,0.0,0.0,,1.0,0.0,0.0,0.0,0.0,0.0,0.0,0.0,0.0,0.0,0.0,0.0,,0.0,0.0,,1.0,0.0,1.0,1.0,,,,0.0,1.0,0.0,0.0,0.0,,0.0,1.0,,1.0,,0.0,,0.0,1.0,,,1.0,1.0,,1.0,1.0,1.0,0.0,1.0,,1.0,0.0,0.0,1.0,1.0,1.0,0.0,,0.0,1.0,,0.0,0.0,0.0,1.0,1.0,1.0,0.0,0.0,,0.0,,0.0,,1.0,0.0,,,1.0,,1.0,,1.0,1.0,1.0,1.0,1.0,1.0,0.0,,,1.0,1.0,1.0,0.0,1.0,0.0,1.0,0.0,1.0,0.0,0.0,0.0,1.0,0.0,,0.0,0.0,,1.0,1.0,0.0,1.0,,1.0,0.0,1.0,1.0,,,,,1.0,,1.0,,,,1.0,,,0.0,0.0,0.0,1.0,1.0,,,0.0,1.0,0.0,,0.0,0.0,0.0,1.0,,0.0,,0.0,0.0,1.0,0.0,0.0,,,0.0,,,0.0,,,,,,0.0,0.0,1.0,,,,,,,,,,,0.0,0.0,0.0,,,,,,1.0,1.0,1.0,1.0,0.0,,0.0,0.0,1.0,0.0,,0.0,1.0,1.0,0.0,1.0,0.0,,1.0,,,,,0.0,1.0,,,,,1.0,1.0,1.0,,,1.0,1.0,,1.0,,0.0,0.0,1.0,1.0,0.0,,1.0,1.0,,1.0,,0.0,1.0,,0.0,0.0,0.0,0.0,,1.0,1.0,1.0,1.0,,,,0.0,0.0,0.0,1.0,1.0,0.0,,,,,0.0,1.0,,,,,0.0,,,0.0,0.0,,,1.0,,,,,,,0.0,,1.0,1.0,1.0,1.0,,,,,,,1.0,,,,,1.0,,,,1.0,1.0,1.0,1.0,1.0,,,0.0,,0.0,,0.0,1.0,1.0,1.0,,1.0,0.0,1.0,,1.0,1.0,
Nelson Marquezelli,,1.0,0.0,1.0,,1.0,1.0,1.0,1.0,1.0,0.0,,,,,,,,0.0,,,,,1.0,1.0,1.0,0.0,1.0,0.0,0.0,1.0,,,,,,1.0,,1.0,0.0,0.0,1.0,0.0,0.0,1.0,0.0,1.0,1.0,0.0,0.0,1.0,1.0,1.0,1.0,1.0,,0.0,,0.0,1.0,1.0,,1.0,0.0,1.0,,1.0,,0.0,1.0,0.0,1.0,,0.0,0.0,0.0,1.0,0.0,0.0,0.0,0.0,,0.0,0.0,0.0,0.0,0.0,0.0,0.0,0.0,,1.0,1.0,0.0,1.0,1.0,,,1.0,0.0,1.0,,,1.0,0.0,,,,,,0.0,1.0,0.0,1.0,1.0,,1.0,0.0,1.0,0.0,1.0,1.0,0.0,1.0,,1.0,0.0,0.0,1.0,1.0,,,1.0,0.0,,0.0,,0.0,0.0,1.0,,,0.0,,,0.0,0.0,0.0,1.0,1.0,0.0,1.0,0.0,,1.0,1.0,0.0,0.0,,,1.0,1.0,,0.0,,1.0,1.0,1.0,1.0,0.0,1.0,,1.0,,1.0,,1.0,0.0,1.0,0.0,1.0,0.0,0.0,0.0,,1.0,0.0,1.0,0.0,0.0,1.0,0.0,0.0,1.0,0.0,,,1.0,,1.0,0.0,0.0,1.0,,,,0.0,0.0,,1.0,,,1.0,0.0,1.0,0.0,0.0,0.0,0.0,0.0,1.0,,,,0.0,0.0,,,0.0,,,,0.0,1.0,0.0,0.0,1.0,1.0,1.0,1.0,0.0,1.0,1.0,1.0,0.0,1.0,,0.0,0.0,1.0,1.0,1.0,,0.0,0.0,,0.0,,1.0,0.0,1.0,1.0,1.0,,,0.0,,,0.0,,,,0.0,1.0,,,,,,,,,1.0,0.0,,,,1.0,,1.0,,,1.0,1.0,,1.0,,,0.0,1.0,,0.0,1.0,,,,,,1.0,1.0,,,,,0.0,0.0,1.0,,,,,,1.0,1.0,1.0,1.0,,,0.0,1.0,,,1.0,,1.0,,,,,,,,,0.0,,0.0,,,,,,1.0,0.0,0.0,,,0.0,,,,,1.0,1.0,,,,,,,,1.0,,,1.0,1.0,0.0,1.0,,1.0,1.0,1.0,1.0,,,0.0,,,0.0,0.0,1.0,1.0,1.0,1.0,1.0,0.0,,1.0,1.0,1.0,1.0
Nelson Meurer,1.0,1.0,0.0,1.0,1.0,1.0,1.0,1.0,,1.0,0.0,0.0,1.0,,1.0,1.0,0.0,1.0,1.0,1.0,1.0,1.0,1.0,1.0,1.0,1.0,0.0,1.0,0.0,0.0,1.0,1.0,0.0,0.0,1.0,1.0,1.0,1.0,1.0,0.0,0.0,1.0,0.0,0.0,1.0,0.0,1.0,1.0,0.0,0.0,1.0,1.0,1.0,1.0,1.0,1.0,0.0,0.0,0.0,1.0,,1.0,1.0,,1.0,,1.0,0.0,0.0,1.0,0.0,1.0,0.0,0.0,0.0,0.0,1.0,,,,0.0,,0.0,0.0,0.0,0.0,0.0,0.0,0.0,0.0,0.0,0.0,1.0,0.0,1.0,1.0,1.0,1.0,1.0,0.0,1.0,0.0,0.0,0.0,0.0,0.0,1.0,0.0,1.0,1.0,0.0,1.0,0.0,,1.0,1.0,1.0,0.0,1.0,0.0,1.0,1.0,0.0,1.0,0.0,1.0,0.0,0.0,1.0,1.0,1.0,0.0,1.0,0.0,1.0,0.0,0.0,0.0,0.0,1.0,1.0,1.0,0.0,0.0,0.0,0.0,0.0,0.0,1.0,1.0,0.0,1.0,0.0,1.0,,1.0,0.0,1.0,1.0,1.0,1.0,1.0,1.0,,0.0,1.0,1.0,1.0,1.0,0.0,1.0,0.0,1.0,0.0,1.0,0.0,0.0,0.0,1.0,0.0,1.0,0.0,0.0,0.0,,1.0,0.0,1.0,0.0,1.0,0.0,1.0,0.0,0.0,0.0,1.0,1.0,1.0,0.0,1.0,0.0,0.0,1.0,1.0,0.0,0.0,0.0,0.0,0.0,1.0,1.0,0.0,1.0,0.0,1.0,0.0,0.0,0.0,0.0,0.0,1.0,0.0,0.0,1.0,,0.0,1.0,0.0,0.0,0.0,0.0,0.0,0.0,1.0,0.0,0.0,1.0,1.0,1.0,1.0,0.0,0.0,1.0,1.0,0.0,1.0,0.0,0.0,0.0,0.0,0.0,1.0,0.0,0.0,0.0,0.0,0.0,0.0,1.0,0.0,1.0,,1.0,1.0,1.0,0.0,0.0,0.0,0.0,1.0,,1.0,0.0,1.0,1.0,0.0,1.0,0.0,1.0,1.0,0.0,0.0,,0.0,0.0,1.0,,1.0,1.0,1.0,0.0,1.0,1.0,1.0,,1.0,1.0,1.0,1.0,1.0,,,1.0,1.0,0.0,0.0,1.0,1.0,1.0,1.0,0.0,0.0,1.0,,0.0,0.0,1.0,1.0,0.0,1.0,0.0,1.0,1.0,1.0,1.0,1.0,,0.0,0.0,1.0,1.0,0.0,1.0,0.0,1.0,1.0,,1.0,1.0,,0.0,,0.0,0.0,,,0.0,0.0,0.0,,0.0,1.0,0.0,0.0,,,0.0,0.0,1.0,1.0,1.0,1.0,1.0,1.0,0.0,0.0,1.0,,1.0,0.0,1.0,,1.0,1.0,1.0,0.0,1.0,1.0,1.0,1.0,1.0,1.0,0.0,1.0,0.0,0.0,,0.0,0.0,1.0,1.0,1.0,1.0,1.0,0.0,,1.0,1.0,1.0,1.0
Nelson Pellegrino,,1.0,0.0,,,,,,1.0,0.0,,,,0.0,1.0,1.0,1.0,1.0,1.0,1.0,1.0,1.0,1.0,1.0,1.0,1.0,0.0,1.0,0.0,0.0,1.0,,,,,1.0,,,0.0,0.0,0.0,1.0,,,1.0,0.0,1.0,1.0,0.0,0.0,1.0,1.0,1.0,1.0,1.0,1.0,0.0,,,1.0,,,1.0,0.0,,1.0,1.0,0.0,0.0,1.0,0.0,1.0,,,,,1.0,0.0,0.0,,0.0,,0.0,0.0,0.0,0.0,0.0,0.0,,0.0,0.0,0.0,1.0,,,,,1.0,,0.0,1.0,0.0,0.0,0.0,,,,,1.0,1.0,0.0,1.0,0.0,,,,1.0,0.0,1.0,,1.0,1.0,,1.0,0.0,1.0,,1.0,0.0,1.0,0.0,1.0,1.0,0.0,1.0,0.0,0.0,0.0,0.0,1.0,,1.0,0.0,0.0,0.0,0.0,,0.0,1.0,0.0,0.0,1.0,0.0,1.0,1.0,1.0,,,1.0,,1.0,1.0,1.0,0.0,0.0,1.0,1.0,1.0,1.0,0.0,1.0,,,,,,,,,0.0,,0.0,0.0,,1.0,,,,0.0,1.0,0.0,0.0,1.0,0.0,,1.0,,1.0,0.0,1.0,0.0,0.0,1.0,,0.0,0.0,0.0,0.0,0.0,1.0,1.0,,,0.0,1.0,,0.0,,,,1.0,0.0,0.0,1.0,,0.0,,0.0,0.0,,,,0.0,,0.0,0.0,,,1.0,1.0,,,1.0,1.0,,,,,0.0,0.0,1.0,1.0,0.0,0.0,,0.0,0.0,0.0,1.0,0.0,1.0,1.0,1.0,1.0,1.0,,,,0.0,1.0,0.0,,0.0,,,,,,1.0,,,,,,,,,,,,,,,,,,,,,,,,,,,,,,,,,,,,,,,,,,,,,,,,,,,,,,,,,,,,,,,,,,,,,,,,,,,,,,,,,,,,,1.0,,,,0.0,1.0,0.0,,,,,1.0,0.0,1.0,,0.0,1.0,,1.0,0.0,1.0,0.0,,,0.0,,,1.0,1.0,1.0,1.0,0.0,,1.0,1.0,1.0,1.0
Nelson Proença,,,,,,,1.0,1.0,,,1.0,0.0,,0.0,1.0,,1.0,1.0,,,,,,,,,,,,,,1.0,,,,,,,,,,,,,,,,,,,,,,,,,,,,,,,,,,,,,,,,,,,,,,,,,,,,,,,,,,,,,,,,,,1.0,,,,,,,,0.0,1.0,1.0,,,,,,,,,,,,,,,,,,1.0,,,,,,,,,,,,,,,0.0,,,,,,,,,1.0,,0.0,,,,,,,1.0,,,0.0,,1.0,,0.0,,0.0,,,,,,,,,,,,,1.0,1.0,,,0.0,,,,,,,1.0,0.0,,,,,0.0,,,,,,,,,,,,0.0,,,0.0,,,,,,,,,0.0,,,,,,,,,,,,,,,1.0,,,1.0,,,,,,,,,,,,,,,,,1.0,,0.0,,,,,,,0.0,0.0,0.0,,,1.0,,0.0,,0.0,0.0,0.0,,,,0.0,,0.0,,,1.0,,,,1.0,1.0,1.0,1.0,0.0,0.0,,,,1.0,1.0,,,,,,,,,1.0,,1.0,,,,1.0,1.0,0.0,0.0,1.0,0.0,1.0,1.0,,,,,1.0,,,,,1.0,,,,,,1.0,0.0,,,,1.0,1.0,,,,,,,,,,,,,,,1.0,1.0,1.0,1.0,,,,,1.0,1.0,,1.0,,,,,,,,,,,,,,,,,,,,,,,,,,,,,,
Nelson Trad,1.0,1.0,1.0,1.0,1.0,,1.0,1.0,1.0,0.0,,,1.0,0.0,1.0,0.0,,1.0,1.0,1.0,1.0,1.0,,0.0,1.0,,,0.0,0.0,0.0,1.0,1.0,1.0,1.0,0.0,1.0,,,1.0,0.0,0.0,1.0,,0.0,1.0,0.0,1.0,,,,1.0,1.0,1.0,1.0,1.0,,0.0,0.0,,1.0,1.0,1.0,1.0,0.0,1.0,1.0,1.0,0.0,0.0,1.0,1.0,1.0,,,0.0,,,0.0,0.0,,0.0,0.0,0.0,,0.0,,0.0,,0.0,0.0,0.0,1.0,1.0,0.0,1.0,0.0,1.0,1.0,,1.0,1.0,0.0,1.0,,0.0,,,,1.0,1.0,0.0,1.0,1.0,1.0,1.0,1.0,1.0,0.0,,0.0,1.0,1.0,,,0.0,1.0,,0.0,0.0,,0.0,,1.0,0.0,,0.0,0.0,0.0,1.0,,,1.0,0.0,0.0,0.0,,,,1.0,1.0,,0.0,0.0,1.0,1.0,1.0,0.0,1.0,1.0,1.0,1.0,1.0,1.0,,0.0,1.0,1.0,1.0,0.0,0.0,1.0,,1.0,0.0,0.0,0.0,0.0,0.0,1.0,1.0,1.0,0.0,0.0,0.0,1.0,1.0,0.0,0.0,0.0,1.0,0.0,0.0,0.0,0.0,0.0,1.0,,1.0,0.0,,,0.0,1.0,,0.0,0.0,,0.0,,1.0,1.0,0.0,1.0,0.0,1.0,0.0,0.0,0.0,0.0,0.0,0.0,0.0,1.0,1.0,0.0,0.0,1.0,0.0,0.0,0.0,0.0,0.0,0.0,1.0,,,,,1.0,,0.0,1.0,1.0,,0.0,1.0,0.0,0.0,0.0,1.0,1.0,,0.0,0.0,0.0,0.0,0.0,0.0,1.0,0.0,1.0,1.0,1.0,1.0,1.0,0.0,0.0,0.0,,1.0,0.0,1.0,,1.0,1.0,1.0,1.0,0.0,,1.0,1.0,1.0,1.0,,,,0.0,1.0,,,0.0,1.0,,,,,,,,1.0,,,1.0,1.0,0.0,0.0,,1.0,,1.0,,,,,0.0,0.0,0.0,0.0,0.0,0.0,0.0,,1.0,,1.0,,,0.0,0.0,1.0,1.0,,,1.0,,1.0,,,,,,,0.0,0.0,,,,,,0.0,0.0,0.0,0.0,0.0,,0.0,0.0,0.0,1.0,1.0,1.0,1.0,1.0,1.0,0.0,0.0,1.0,1.0,0.0,0.0,,,,1.0,1.0,0.0,1.0,1.0,1.0,1.0,1.0,,0.0,1.0,0.0,0.0,0.0,,0.0,1.0,1.0,1.0,1.0,1.0,,,0.0,1.0,1.0,1.0
Neri Geller,,,,,,,,,,,,,,,,,,,,,,,,,,0.0,,,,,,,,,,,,,,,,,,,,,,,,,,,,,,,,,,,,,,,,,,,,0.0,1.0,0.0,0.0,,1.0,,0.0,1.0,,1.0,0.0,,,0.0,0.0,0.0,0.0,0.0,0.0,0.0,0.0,1.0,1.0,0.0,,,,,,,0.0,0.0,0.0,1.0,1.0,,,,0.0,0.0,,1.0,0.0,,0.0,0.0,,1.0,1.0,0.0,,1.0,1.0,,,,,0.0,1.0,,0.0,0.0,1.0,,,,,,0.0,,,,,,,,,,,,,,,,,,,,,,,,,,,,,,,,,,,,,,,,,,,,,,,,,,,,,,,,,,,,,,,,,,,,,,,,,,,,,,,,,,,,,,,,,,,,,,,,,,,,,,,,,,,,,,,,,,,,,,,,,,,,,,,,,,,,,,,,,,,,,,,,,,,,,,,,,,,,,,,,,,,,,,,,,,,,,,,,,,,,,,,,,,,,,,,,,,,,,,,,,,,,,,,,,,,,,,,,,,,,,,,,,,,,,,,,,,,,,,,,,,,,,,,,,,,,,,,,,,,,,
Neucimar Fraga,,1.0,,,,,,,1.0,,,,,,,,,,,,,,,,,,0.0,1.0,0.0,,,,,,,,,,1.0,0.0,,,,,1.0,0.0,1.0,1.0,,0.0,1.0,,,,,,0.0,0.0,,,,,1.0,,1.0,1.0,,,,1.0,1.0,1.0,0.0,0.0,,0.0,,0.0,,0.0,,0.0,0.0,,,0.0,,,,,,,,,,1.0,,,1.0,0.0,,,,,0.0,,,,1.0,1.0,,1.0,,,1.0,0.0,1.0,,,,,1.0,0.0,1.0,0.0,,,0.0,1.0,,1.0,0.0,1.0,0.0,,0.0,0.0,0.0,0.0,1.0,,1.0,,,,,,0.0,1.0,1.0,,1.0,,,1.0,1.0,,,,,,1.0,,0.0,,,1.0,,1.0,0.0,1.0,,,,,,,,,0.0,,,,,,1.0,0.0,,0.0,,0.0,1.0,1.0,1.0,0.0,1.0,,,0.0,1.0,0.0,,1.0,1.0,0.0,,,0.0,,,,0.0,1.0,,,,,0.0,,,1.0,,1.0,1.0,,0.0,,,,,,,,,0.0,0.0,,,,,,,,1.0,,,,,,,,,,,,,,,,,,,,,,,,,,,,,,,,,,,,,,,,,,,,,,,,,,,,,,,,,,,,,,,,,,,,,,,,,,,,,,,,,,,,,,,,,,,,,,,,,,,,,,,,,,,,,,,,,,,,,,,,,,,,,,,,,,,,,,,,,,,,,,,,,,,,,,,,,,,,
Neudo Campos,,,,1.0,,1.0,1.0,1.0,1.0,,0.0,0.0,1.0,1.0,1.0,1.0,0.0,1.0,1.0,1.0,1.0,1.0,1.0,1.0,1.0,1.0,0.0,1.0,0.0,0.0,1.0,1.0,0.0,0.0,1.0,1.0,1.0,1.0,,0.0,0.0,1.0,0.0,1.0,1.0,0.0,1.0,1.0,0.0,0.0,1.0,1.0,1.0,1.0,1.0,,0.0,,,1.0,,1.0,1.0,0.0,1.0,,1.0,0.0,0.0,1.0,0.0,1.0,,0.0,0.0,,1.0,0.0,0.0,0.0,0.0,0.0,0.0,0.0,0.0,0.0,0.0,0.0,0.0,0.0,,1.0,1.0,0.0,1.0,1.0,1.0,1.0,1.0,,,0.0,0.0,0.0,0.0,,1.0,0.0,1.0,1.0,,1.0,1.0,1.0,1.0,1.0,1.0,0.0,1.0,0.0,1.0,1.0,0.0,1.0,,,0.0,0.0,1.0,1.0,1.0,0.0,1.0,0.0,1.0,,0.0,0.0,0.0,1.0,1.0,1.0,0.0,0.0,0.0,0.0,0.0,0.0,1.0,1.0,0.0,0.0,0.0,1.0,1.0,1.0,,1.0,1.0,1.0,1.0,1.0,1.0,0.0,0.0,1.0,,1.0,1.0,0.0,1.0,0.0,1.0,,1.0,0.0,0.0,0.0,1.0,0.0,1.0,0.0,,0.0,1.0,1.0,0.0,1.0,0.0,1.0,0.0,0.0,0.0,1.0,0.0,1.0,1.0,1.0,,,,0.0,1.0,1.0,0.0,0.0,,0.0,,1.0,1.0,0.0,1.0,,,0.0,0.0,0.0,0.0,0.0,,,1.0,1.0,0.0,0.0,1.0,0.0,,0.0,0.0,0.0,0.0,,0.0,0.0,,1.0,1.0,1.0,0.0,1.0,1.0,1.0,1.0,,0.0,0.0,0.0,1.0,1.0,0.0,0.0,0.0,0.0,0.0,0.0,0.0,1.0,,,,,1.0,1.0,0.0,0.0,0.0,,1.0,0.0,1.0,0.0,0.0,1.0,0.0,0.0,,1.0,,1.0,,1.0,0.0,0.0,1.0,0.0,1.0,1.0,,1.0,1.0,1.0,,0.0,,1.0,1.0,,1.0,0.0,0.0,1.0,1.0,0.0,0.0,,1.0,,1.0,,0.0,1.0,,0.0,0.0,0.0,1.0,0.0,0.0,0.0,,1.0,1.0,1.0,,0.0,0.0,0.0,1.0,1.0,0.0,1.0,0.0,1.0,,,,,,0.0,,0.0,0.0,,,,,,1.0,,1.0,0.0,0.0,,,,,1.0,1.0,1.0,1.0,1.0,1.0,0.0,0.0,,1.0,,,1.0,,,,1.0,0.0,1.0,1.0,1.0,1.0,1.0,1.0,0.0,1.0,0.0,0.0,,,,,,,,,,,,,,
Nice Lobão,,0.0,1.0,,,1.0,1.0,,1.0,,,,,,,,,,,,,,,,,0.0,,,,,,,,,,,,,1.0,,,,,,,,,1.0,,1.0,,,,,,1.0,1.0,,,0.0,,,,,,,,,,0.0,1.0,,,,,,,,,1.0,,1.0,,,,,,1.0,,,,1.0,,,0.0,,,,1.0,1.0,0.0,,,,1.0,,,,0.0,0.0,,1.0,1.0,0.0,0.0,0.0,,,,,1.0,0.0,1.0,1.0,,1.0,,0.0,,,0.0,1.0,1.0,0.0,,,,,,,,,,,,,,,,,,0.0,,,0.0,0.0,,0.0,,,0.0,0.0,,1.0,,,,,,,,,,,,,,,,,,,,,,,,,,,,,,,,,,,,,,,,,,,,,,,,,,,,,,,,,,,,,,,,,,,,,,,,,,,,,,1.0,0.0,,,,,,,,,,,,,,,,,,,,,,,,,,,,,,,,,,,,,1.0,,,,,,,,,,,1.0,,,,,,,,,0.0,,,,,,,,,,0.0,,,,,,,,,,,,,,,,,,,1.0,,0.0,,,,,,,,,,,,,,,,,,,,,,,,,,,,0.0,0.0,0.0,,,,,,,,,,0.0,,,,,,,,,,,,,,,,,,1.0,1.0,,,0.0,,,,,,,
Nilson Mourão,,,0.0,1.0,1.0,1.0,1.0,1.0,1.0,,0.0,0.0,1.0,0.0,1.0,1.0,1.0,1.0,1.0,,,,1.0,1.0,1.0,1.0,0.0,1.0,0.0,0.0,1.0,1.0,0.0,1.0,0.0,,1.0,1.0,0.0,0.0,0.0,1.0,0.0,0.0,,,1.0,1.0,0.0,0.0,1.0,1.0,1.0,1.0,1.0,1.0,0.0,0.0,0.0,1.0,,,1.0,0.0,1.0,,1.0,0.0,0.0,1.0,0.0,1.0,0.0,0.0,0.0,0.0,1.0,0.0,0.0,0.0,0.0,0.0,0.0,0.0,0.0,0.0,0.0,0.0,0.0,,0.0,0.0,1.0,0.0,1.0,1.0,1.0,,1.0,0.0,1.0,,,,0.0,0.0,1.0,0.0,1.0,1.0,0.0,1.0,0.0,1.0,1.0,1.0,1.0,,,,,1.0,0.0,1.0,0.0,1.0,0.0,1.0,0.0,1.0,0.0,1.0,1.0,0.0,1.0,,0.0,0.0,0.0,1.0,,1.0,0.0,0.0,0.0,0.0,0.0,0.0,1.0,0.0,0.0,1.0,0.0,1.0,1.0,1.0,0.0,1.0,1.0,,1.0,1.0,1.0,0.0,0.0,1.0,1.0,1.0,1.0,0.0,1.0,0.0,1.0,0.0,1.0,0.0,0.0,0.0,1.0,0.0,1.0,0.0,0.0,0.0,1.0,1.0,0.0,1.0,0.0,1.0,0.0,1.0,1.0,0.0,0.0,1.0,1.0,1.0,0.0,1.0,0.0,0.0,1.0,1.0,0.0,0.0,0.0,0.0,0.0,1.0,1.0,0.0,1.0,0.0,1.0,0.0,0.0,0.0,,0.0,1.0,0.0,0.0,1.0,,0.0,1.0,0.0,0.0,0.0,0.0,0.0,0.0,,0.0,0.0,1.0,1.0,1.0,1.0,0.0,0.0,1.0,1.0,0.0,1.0,0.0,0.0,0.0,0.0,0.0,1.0,0.0,0.0,,0.0,,0.0,1.0,0.0,1.0,1.0,1.0,1.0,1.0,0.0,0.0,0.0,0.0,1.0,0.0,1.0,0.0,1.0,1.0,0.0,1.0,0.0,1.0,1.0,0.0,0.0,,0.0,0.0,0.0,0.0,1.0,1.0,1.0,1.0,1.0,0.0,,0.0,0.0,1.0,1.0,1.0,1.0,0.0,0.0,1.0,1.0,0.0,,1.0,1.0,0.0,1.0,0.0,0.0,1.0,0.0,1.0,0.0,0.0,1.0,0.0,0.0,0.0,1.0,0.0,1.0,,1.0,0.0,0.0,0.0,1.0,1.0,0.0,1.0,0.0,,1.0,,,,0.0,0.0,1.0,0.0,0.0,0.0,0.0,0.0,0.0,0.0,0.0,0.0,,0.0,0.0,0.0,,0.0,0.0,1.0,1.0,1.0,1.0,,1.0,0.0,0.0,1.0,0.0,1.0,0.0,1.0,1.0,,,,,,1.0,,,1.0,,0.0,1.0,0.0,0.0,0.0,0.0,,1.0,,,1.0,,0.0,1.0,,,,
Nilson Pinto,1.0,0.0,1.0,1.0,1.0,1.0,1.0,,1.0,,,0.0,1.0,0.0,1.0,0.0,1.0,1.0,,,,,,,,0.0,,,,,,1.0,1.0,1.0,0.0,1.0,,1.0,1.0,,,,,,,,0.0,1.0,,,,,,,,1.0,0.0,1.0,,0.0,,1.0,,,0.0,0.0,0.0,,,0.0,1.0,,,,1.0,0.0,,1.0,,1.0,0.0,0.0,0.0,,0.0,0.0,0.0,1.0,0.0,0.0,,1.0,1.0,0.0,,0.0,1.0,,1.0,1.0,0.0,0.0,0.0,1.0,1.0,0.0,1.0,1.0,0.0,0.0,,1.0,1.0,,,0.0,,1.0,1.0,0.0,0.0,1.0,1.0,1.0,,1.0,,0.0,1.0,,0.0,0.0,1.0,1.0,,,,,,,0.0,,,,,,,,,0.0,1.0,0.0,,0.0,0.0,0.0,1.0,0.0,1.0,,0.0,0.0,,1.0,,,,,1.0,,,,,,,,,0.0,1.0,,,,,,0.0,0.0,,,,0.0,0.0,0.0,0.0,,1.0,0.0,,1.0,,,,,,,,,,,1.0,0.0,,,,,,,,,,0.0,,,1.0,1.0,0.0,1.0,1.0,1.0,,,,,,0.0,,,1.0,,1.0,,,1.0,0.0,0.0,,,,,1.0,1.0,0.0,0.0,,1.0,,1.0,,1.0,0.0,,0.0,,,,0.0,1.0,0.0,0.0,,,,0.0,1.0,0.0,1.0,0.0,0.0,,0.0,,0.0,1.0,0.0,0.0,0.0,1.0,,0.0,1.0,,1.0,1.0,1.0,1.0,0.0,0.0,0.0,0.0,1.0,0.0,1.0,1.0,,,1.0,0.0,1.0,1.0,1.0,0.0,,,,,1.0,1.0,0.0,0.0,0.0,0.0,0.0,1.0,1.0,1.0,,,,,,,0.0,,,1.0,,0.0,0.0,,0.0,0.0,,0.0,1.0,1.0,0.0,,,,,0.0,,,,,0.0,,,,0.0,0.0,0.0,1.0,1.0,,,,,1.0,0.0,1.0,0.0,,,,0.0,0.0,0.0,1.0,1.0,1.0,1.0,,,,,,,,,,,,0.0,0.0,,1.0,1.0,1.0,1.0,
Nélio Dias,,,,,,,,,,,,,,,,,,,,,,,,,,,,,,,,,,,,,,,1.0,,,,,,,,,,,,,,,,,,,,,,,,,,,,,,,,,,,,,,,,,,,,,,,,,,,,,,,,,,,,,,,,,,,,,,,,,,,,,,,,,,,,,,,,,,,,,,,,,,,,,,,,,,,,,,,,,,,,,,,,,,,,,,,,,,,,,,,,,,,,,,,,,,,,,,,,,,,,,,,,,,,,,,,,,,,,,,,,,,,,,,,,,,,,,,,,,,,,,,,,,,,,,,,,,,,,,,,,,,,,,,,,,,,,,,,,,,,,,,,,,,,,,,,,,,,,,,,,,,,,,,,,,,,,,,,,,,,,,,,,,,,,,,,,,,,,,,,,,,,,,,,,,,,,,,,,,,,,,,,,,,,,,,,,,,,,,,,,,,,,,,,,,,,,,,,,,,,,,,,,,
Odair Cunha,1.0,1.0,0.0,1.0,,1.0,1.0,,1.0,0.0,0.0,0.0,,0.0,1.0,1.0,1.0,1.0,1.0,,1.0,1.0,1.0,1.0,1.0,1.0,0.0,1.0,,0.0,,1.0,0.0,,,,1.0,1.0,0.0,0.0,0.0,1.0,0.0,0.0,1.0,0.0,1.0,1.0,0.0,0.0,1.0,1.0,1.0,1.0,1.0,1.0,0.0,0.0,0.0,1.0,1.0,0.0,,0.0,,,1.0,0.0,0.0,,0.0,1.0,,0.0,,0.0,1.0,0.0,0.0,0.0,0.0,0.0,0.0,0.0,0.0,0.0,0.0,0.0,,,0.0,0.0,1.0,0.0,1.0,1.0,1.0,1.0,1.0,0.0,1.0,0.0,,0.0,0.0,0.0,,,1.0,1.0,0.0,1.0,,1.0,1.0,1.0,1.0,0.0,1.0,0.0,1.0,1.0,0.0,1.0,0.0,,0.0,1.0,0.0,1.0,0.0,1.0,1.0,0.0,1.0,0.0,0.0,0.0,0.0,1.0,1.0,,0.0,0.0,0.0,0.0,,0.0,1.0,1.0,,1.0,0.0,1.0,1.0,1.0,0.0,1.0,1.0,,1.0,1.0,,0.0,0.0,1.0,1.0,1.0,1.0,,1.0,0.0,1.0,0.0,1.0,,,0.0,1.0,0.0,1.0,,,0.0,1.0,1.0,,,0.0,1.0,0.0,,1.0,0.0,0.0,1.0,1.0,,0.0,1.0,0.0,,,1.0,0.0,0.0,0.0,0.0,,1.0,1.0,0.0,1.0,0.0,1.0,,0.0,0.0,0.0,0.0,,0.0,,1.0,0.0,,1.0,0.0,0.0,0.0,0.0,0.0,0.0,1.0,,0.0,1.0,1.0,1.0,1.0,,0.0,,1.0,0.0,1.0,0.0,0.0,,0.0,0.0,1.0,0.0,,,0.0,0.0,0.0,1.0,,1.0,,1.0,1.0,1.0,0.0,0.0,0.0,0.0,1.0,0.0,,0.0,1.0,,,1.0,0.0,1.0,,0.0,,1.0,,,,0.0,1.0,1.0,,1.0,1.0,0.0,1.0,,,1.0,1.0,1.0,1.0,0.0,0.0,1.0,,0.0,1.0,1.0,1.0,0.0,,,0.0,1.0,0.0,0.0,0.0,,1.0,1.0,0.0,0.0,1.0,0.0,,1.0,1.0,0.0,0.0,0.0,1.0,,0.0,,,,1.0,0.0,1.0,1.0,,,1.0,0.0,,,0.0,0.0,,0.0,0.0,0.0,1.0,0.0,0.0,,,0.0,0.0,,,1.0,,,,0.0,,1.0,0.0,1.0,0.0,1.0,,1.0,1.0,1.0,,1.0,,,,1.0,1.0,,,,0.0,0.0,,0.0,,1.0,1.0,1.0,1.0,,1.0,1.0,1.0,,1.0
Odílio Balbinotti,1.0,,0.0,1.0,,1.0,,1.0,1.0,0.0,0.0,0.0,1.0,,1.0,0.0,0.0,1.0,1.0,1.0,1.0,1.0,1.0,1.0,1.0,1.0,,,0.0,,,1.0,0.0,0.0,0.0,,1.0,1.0,1.0,,,,,,1.0,0.0,1.0,1.0,0.0,0.0,1.0,1.0,1.0,1.0,1.0,1.0,0.0,,0.0,1.0,1.0,1.0,1.0,,1.0,,1.0,0.0,0.0,1.0,0.0,,,,,0.0,,,,,,,0.0,,0.0,0.0,0.0,0.0,0.0,0.0,0.0,,,0.0,,1.0,1.0,1.0,,,1.0,,0.0,0.0,0.0,,,,1.0,1.0,0.0,1.0,1.0,1.0,1.0,1.0,,0.0,1.0,0.0,1.0,1.0,0.0,,,1.0,,1.0,0.0,1.0,0.0,1.0,1.0,0.0,,,0.0,0.0,,,1.0,1.0,0.0,0.0,,0.0,0.0,0.0,,,,1.0,0.0,1.0,1.0,1.0,0.0,1.0,,1.0,1.0,1.0,,0.0,0.0,1.0,1.0,1.0,1.0,0.0,1.0,0.0,1.0,0.0,1.0,0.0,0.0,,,,,0.0,,,1.0,1.0,0.0,1.0,0.0,,,0.0,1.0,0.0,0.0,1.0,1.0,,0.0,1.0,,,,,0.0,0.0,0.0,0.0,0.0,1.0,1.0,0.0,1.0,,,,,0.0,0.0,0.0,,,1.0,1.0,0.0,0.0,1.0,0.0,0.0,,,,,,,,1.0,1.0,,,0.0,1.0,,,,,,0.0,,,,,0.0,0.0,,0.0,,,,,1.0,1.0,1.0,1.0,1.0,0.0,0.0,0.0,0.0,1.0,0.0,,0.0,,,,,,,1.0,,0.0,1.0,1.0,0.0,1.0,0.0,1.0,1.0,,1.0,,,1.0,,,1.0,1.0,,,0.0,0.0,1.0,1.0,0.0,0.0,,1.0,,1.0,0.0,0.0,,0.0,0.0,0.0,0.0,0.0,1.0,0.0,0.0,,1.0,1.0,1.0,,0.0,,,,,0.0,1.0,,1.0,1.0,0.0,,1.0,0.0,0.0,,0.0,0.0,0.0,,,,,,,,,,0.0,,,,,,,,1.0,1.0,0.0,0.0,1.0,0.0,,,1.0,,1.0,1.0,,,,,,,1.0,1.0,0.0,1.0,0.0,,0.0,0.0,,,1.0,1.0,1.0,1.0,0.0,,1.0,1.0,1.0,1.0
Olavo Calheiros,,1.0,0.0,1.0,1.0,1.0,1.0,1.0,,,0.0,,,,,,,,,,,,,,1.0,1.0,,1.0,0.0,0.0,,1.0,0.0,1.0,0.0,,1.0,1.0,,0.0,0.0,,0.0,0.0,1.0,0.0,1.0,,0.0,0.0,1.0,1.0,1.0,1.0,1.0,,,,,,,,1.0,0.0,1.0,,1.0,,,1.0,1.0,,,,,,,,,,,0.0,0.0,,,,,,,,,,,,,1.0,,1.0,,0.0,1.0,,1.0,1.0,0.0,,1.0,0.0,1.0,1.0,,1.0,,,,1.0,1.0,,1.0,0.0,1.0,1.0,0.0,1.0,,,,1.0,0.0,1.0,0.0,1.0,1.0,0.0,1.0,,0.0,0.0,1.0,1.0,1.0,1.0,,0.0,0.0,,0.0,,,,,1.0,0.0,1.0,1.0,1.0,0.0,1.0,1.0,,1.0,1.0,1.0,0.0,0.0,1.0,1.0,1.0,1.0,0.0,1.0,,1.0,,1.0,,,0.0,1.0,,,0.0,0.0,0.0,1.0,1.0,0.0,,0.0,,,1.0,1.0,0.0,0.0,1.0,,1.0,0.0,1.0,0.0,0.0,1.0,,,0.0,0.0,,,1.0,1.0,,1.0,0.0,1.0,,0.0,,,,1.0,0.0,1.0,,,0.0,,0.0,,0.0,0.0,0.0,0.0,1.0,0.0,0.0,1.0,1.0,1.0,1.0,0.0,1.0,,1.0,,1.0,0.0,0.0,0.0,1.0,1.0,1.0,0.0,0.0,,0.0,,,1.0,0.0,1.0,1.0,1.0,,1.0,0.0,,,,,,,,1.0,1.0,0.0,1.0,,1.0,1.0,1.0,0.0,1.0,0.0,0.0,0.0,,1.0,1.0,1.0,1.0,,1.0,1.0,,1.0,1.0,1.0,,1.0,0.0,,1.0,1.0,,0.0,,,1.0,,,0.0,1.0,,0.0,0.0,1.0,0.0,0.0,0.0,0.0,,,,1.0,1.0,,,0.0,1.0,1.0,,,0.0,1.0,,0.0,1.0,1.0,,,,,,,,0.0,,,,0.0,1.0,,0.0,,,,,1.0,1.0,1.0,,1.0,,0.0,0.0,,,1.0,,1.0,,,1.0,,,,,,,1.0,,,,,,0.0,,,,,,,,,,,,,
Onyx Lorenzoni,,,1.0,1.0,,1.0,1.0,,1.0,,0.0,,1.0,0.0,1.0,1.0,1.0,1.0,1.0,1.0,1.0,1.0,1.0,1.0,1.0,0.0,,1.0,,,,1.0,1.0,0.0,1.0,1.0,1.0,1.0,1.0,,,,,,0.0,1.0,,1.0,,,0.0,,,,,1.0,1.0,,,0.0,,1.0,,,0.0,0.0,0.0,,,0.0,1.0,,,,,,,,,1.0,,1.0,,,,,,1.0,,,,1.0,,,,0.0,1.0,1.0,1.0,1.0,0.0,0.0,0.0,,,0.0,1.0,1.0,,0.0,,,1.0,,0.0,0.0,,,1.0,,0.0,0.0,1.0,1.0,0.0,,,1.0,0.0,,0.0,1.0,,0.0,,,,,0.0,,0.0,,,,,,,,,,,1.0,,,,,0.0,0.0,1.0,,,0.0,,1.0,,,,0.0,1.0,,,,,,,,,0.0,1.0,,,,,,,,,0.0,,0.0,,0.0,0.0,1.0,,0.0,,0.0,,,,,,,,,,1.0,,,,,,,,1.0,,,,,,,,,,,1.0,,,,,,,,,,,0.0,,,,1.0,,0.0,,,,,,1.0,1.0,,,,,1.0,,,,,,,,0.0,0.0,,,,,,,,1.0,0.0,,1.0,0.0,,,1.0,,,,,,,1.0,0.0,1.0,,1.0,1.0,,,0.0,,,0.0,0.0,0.0,,,,,,0.0,1.0,0.0,,0.0,,,,,,,,,,,,1.0,,,1.0,,,,,,0.0,1.0,1.0,1.0,1.0,,1.0,,,,,,,,,,,,,,,,,,,,,,0.0,0.0,0.0,,1.0,1.0,,,,1.0,,1.0,,1.0,,,,,,,,1.0,,,,0.0,,,,,1.0,,,,0.0,,,1.0,,1.0,,
Osmar  Terra,1.0,,,,,,1.0,,,1.0,,,,,,,,,1.0,1.0,1.0,1.0,1.0,1.0,1.0,,,,,,,,,,,,,,,0.0,,1.0,,,,,,,,,,,,,,,,,,,,,,,,,,,,,,,,,,,,,,,,,,,,,,,,,,,,,,,,,,,,,,,,,,,,,,,,,,,1.0,,,,,,,,,,,,,,,,,,,,,,,,,,,,,,,,,1.0,,,,,,,,,,,,,,,,,,,,,,,,,,,,,,,,,,,,,,,,,,,,,,,,,,,,,,,,,,,,,,,,,,,,,,,,,,,,,,,,,,,,,,,,,,,,,,1.0,,,,,,,,,,,,,,,,,,,,,,,,,,,,,,,,,,,,,,,,,,,,,,,,,,,,,,,,,,,,,,,,,,,,,,,,,,,,,,,,,,,,,,,,,,,,,,,,,,,,,,,,,,,,,,,,,,,,,,,,1.0,,,,,0.0,,,1.0,,,1.0,,1.0,,,,,,,1.0,,0.0,,0.0,,,1.0,1.0,,1.0,0.0,,1.0,1.0,1.0,1.0
Osmar Júnior,1.0,1.0,0.0,0.0,1.0,1.0,1.0,1.0,1.0,1.0,1.0,0.0,1.0,0.0,1.0,0.0,1.0,1.0,1.0,1.0,1.0,1.0,1.0,1.0,1.0,1.0,0.0,1.0,0.0,0.0,1.0,1.0,0.0,1.0,0.0,1.0,1.0,1.0,0.0,0.0,,1.0,0.0,0.0,1.0,0.0,1.0,,0.0,0.0,1.0,1.0,1.0,1.0,1.0,1.0,0.0,0.0,0.0,,,0.0,1.0,0.0,1.0,1.0,1.0,0.0,,1.0,1.0,,0.0,0.0,0.0,0.0,,,,,,0.0,0.0,0.0,0.0,,0.0,0.0,0.0,0.0,0.0,0.0,1.0,0.0,1.0,1.0,,1.0,0.0,0.0,,1.0,1.0,1.0,,,1.0,0.0,1.0,1.0,0.0,1.0,,1.0,1.0,1.0,1.0,0.0,1.0,,1.0,1.0,,1.0,,1.0,0.0,1.0,0.0,1.0,0.0,1.0,1.0,0.0,1.0,0.0,0.0,0.0,1.0,1.0,1.0,1.0,0.0,,0.0,0.0,0.0,0.0,1.0,1.0,0.0,1.0,0.0,1.0,1.0,1.0,,1.0,,1.0,,1.0,1.0,0.0,0.0,1.0,1.0,1.0,,0.0,,0.0,1.0,0.0,1.0,0.0,0.0,0.0,1.0,,1.0,0.0,0.0,0.0,,1.0,0.0,1.0,,1.0,0.0,1.0,1.0,,0.0,1.0,1.0,,0.0,1.0,0.0,0.0,1.0,1.0,0.0,0.0,,,0.0,1.0,1.0,0.0,1.0,0.0,,0.0,,0.0,0.0,0.0,1.0,0.0,0.0,1.0,,0.0,1.0,,0.0,,,,0.0,,0.0,,1.0,1.0,,1.0,0.0,0.0,1.0,1.0,0.0,1.0,0.0,0.0,,0.0,1.0,1.0,,0.0,,,,,,,,1.0,1.0,,1.0,0.0,,0.0,0.0,1.0,0.0,1.0,0.0,,,,,,1.0,1.0,0.0,,1.0,1.0,1.0,0.0,0.0,1.0,1.0,1.0,0.0,1.0,1.0,0.0,,,1.0,1.0,1.0,,1.0,,1.0,1.0,0.0,,1.0,,0.0,1.0,0.0,0.0,1.0,,1.0,1.0,0.0,0.0,1.0,0.0,1.0,1.0,,1.0,1.0,1.0,0.0,0.0,0.0,1.0,1.0,0.0,1.0,0.0,1.0,1.0,0.0,1.0,1.0,0.0,0.0,1.0,0.0,0.0,0.0,0.0,0.0,0.0,0.0,0.0,0.0,1.0,0.0,0.0,0.0,,0.0,0.0,1.0,1.0,1.0,,1.0,1.0,0.0,0.0,1.0,,1.0,,1.0,1.0,,1.0,1.0,0.0,1.0,1.0,0.0,1.0,1.0,1.0,0.0,,0.0,0.0,0.0,0.0,0.0,,1.0,1.0,1.0,0.0,0.0,,1.0,1.0,1.0,1.0
Osmar Serraglio,1.0,1.0,0.0,1.0,,1.0,1.0,1.0,1.0,,0.0,0.0,1.0,0.0,1.0,1.0,1.0,1.0,1.0,1.0,1.0,1.0,1.0,1.0,1.0,1.0,0.0,1.0,0.0,0.0,1.0,,,0.0,1.0,1.0,1.0,1.0,1.0,,0.0,,,0.0,,,1.0,1.0,0.0,,1.0,1.0,1.0,1.0,1.0,1.0,0.0,,,1.0,,1.0,,0.0,1.0,1.0,1.0,0.0,0.0,1.0,1.0,1.0,0.0,,,,,0.0,0.0,0.0,0.0,0.0,0.0,0.0,,0.0,0.0,,,0.0,0.0,1.0,1.0,0.0,,1.0,1.0,,1.0,0.0,1.0,0.0,1.0,1.0,,0.0,,0.0,,1.0,0.0,1.0,1.0,1.0,1.0,1.0,,0.0,1.0,0.0,1.0,1.0,0.0,1.0,0.0,,,1.0,0.0,1.0,0.0,1.0,1.0,0.0,,,0.0,0.0,1.0,1.0,0.0,1.0,0.0,,,,,0.0,1.0,,0.0,,0.0,1.0,1.0,1.0,,1.0,1.0,1.0,,1.0,,0.0,0.0,,,,,0.0,,0.0,1.0,0.0,1.0,,0.0,,1.0,0.0,1.0,0.0,,,1.0,,,,0.0,,,,,,0.0,1.0,1.0,1.0,0.0,,0.0,,1.0,,,,,0.0,0.0,1.0,,,1.0,,1.0,0.0,0.0,0.0,0.0,0.0,1.0,0.0,1.0,1.0,,,1.0,0.0,0.0,0.0,,,,,0.0,,1.0,1.0,1.0,1.0,,1.0,,1.0,0.0,,0.0,0.0,0.0,,1.0,1.0,0.0,0.0,0.0,0.0,0.0,,1.0,0.0,1.0,,,1.0,,1.0,0.0,0.0,0.0,1.0,0.0,,0.0,1.0,1.0,0.0,0.0,0.0,1.0,1.0,1.0,0.0,1.0,0.0,0.0,1.0,0.0,1.0,1.0,1.0,1.0,,0.0,1.0,0.0,,1.0,1.0,1.0,1.0,0.0,,,,,,1.0,1.0,1.0,1.0,0.0,0.0,1.0,0.0,1.0,1.0,1.0,1.0,0.0,0.0,0.0,1.0,,,1.0,1.0,0.0,,0.0,1.0,1.0,0.0,,0.0,1.0,1.0,,1.0,1.0,0.0,,1.0,,,0.0,0.0,0.0,0.0,,0.0,0.0,1.0,0.0,0.0,0.0,1.0,0.0,0.0,1.0,1.0,1.0,,,,0.0,0.0,1.0,0.0,,0.0,1.0,1.0,1.0,1.0,,,,1.0,0.0,0.0,1.0,1.0,,,,0.0,0.0,,,1.0,1.0,1.0,,1.0,0.0,1.0,,,,1.0
Osvaldo Biolchi,,,,,,,,,,,,,,,,,,,,,,,,,,,,,,,,,,,,,1.0,,,,,,,,,,,,,,,,,,,,,,,,,,,,,,,,,,,,,,,,,,,,,,,,,,,,,,,,,,,,,,,,,,,,,,,,,,,,,,,,,,,,,,,,,,,,,,,,,,,,,,,,,,,,,,,,,,,,,,,,,,,,,,,,,,,,,,,,,,,,,,,,,,,,,,,,,,,,,,,,1.0,,,,,,,,,,,,,,,,,,,,,,,,,,,,,,,,,,,,,,,,,,,,,,,,,,,,,,,,,0.0,,,,,,,,,,,,,,,,,,,,,,,,,,,,,,,,,,,,,,,,,,,,,,,0.0,,,,,0.0,,,,,0.0,,,,,,,,,,,,,,,,,,,,,,,,,,,,,,,,,,,,,,,0.0,,,,,,,,,,,,,,,,,,,,,,,,,,,,,,,,,,,,,,,,,,,,,,,,,,
Osvaldo Reis,1.0,1.0,0.0,1.0,1.0,,,1.0,,,,0.0,1.0,,,1.0,1.0,1.0,,1.0,1.0,1.0,1.0,1.0,1.0,1.0,,,0.0,0.0,1.0,1.0,0.0,,,,1.0,,1.0,0.0,0.0,1.0,,0.0,1.0,0.0,1.0,1.0,,,1.0,,,,,1.0,0.0,,0.0,1.0,1.0,,1.0,0.0,1.0,1.0,1.0,0.0,0.0,,,1.0,0.0,0.0,,0.0,1.0,0.0,0.0,0.0,0.0,0.0,0.0,,0.0,,0.0,0.0,0.0,0.0,0.0,1.0,1.0,0.0,,1.0,,1.0,1.0,0.0,1.0,,,,0.0,,,,1.0,1.0,,,1.0,1.0,1.0,,1.0,,,,1.0,1.0,0.0,,0.0,1.0,0.0,,0.0,,,,,0.0,1.0,0.0,0.0,,1.0,,,1.0,0.0,,0.0,,0.0,0.0,1.0,,0.0,,,,1.0,1.0,0.0,1.0,,,,1.0,,0.0,,1.0,1.0,1.0,1.0,0.0,,,,0.0,1.0,0.0,0.0,,,,,,,0.0,1.0,,0.0,1.0,,,,1.0,1.0,0.0,0.0,1.0,1.0,1.0,,1.0,0.0,0.0,1.0,1.0,0.0,0.0,,0.0,,1.0,1.0,,1.0,0.0,,0.0,0.0,0.0,0.0,,1.0,0.0,1.0,,0.0,,,,0.0,0.0,0.0,,,1.0,0.0,0.0,1.0,1.0,1.0,1.0,,1.0,,,0.0,1.0,0.0,0.0,0.0,1.0,1.0,,0.0,0.0,0.0,0.0,0.0,,1.0,,1.0,1.0,1.0,,1.0,0.0,0.0,0.0,0.0,,,1.0,,,,,,,,1.0,1.0,1.0,1.0,,,,0.0,,,1.0,1.0,1.0,1.0,1.0,1.0,,1.0,1.0,,1.0,0.0,,,,,,,,,1.0,0.0,,,0.0,,,,,,,,,,,,1.0,0.0,0.0,0.0,,1.0,0.0,1.0,1.0,,1.0,,,,,,,,0.0,,0.0,0.0,0.0,0.0,,0.0,1.0,0.0,0.0,,1.0,0.0,,1.0,1.0,1.0,1.0,,1.0,0.0,,,1.0,0.0,1.0,1.0,1.0,1.0,1.0,1.0,0.0,1.0,1.0,,1.0,,1.0,0.0,,0.0,,,0.0,,,,,1.0,,0.0,,1.0,0.0,1.0,
Osório Adriano,,,1.0,,0.0,1.0,1.0,1.0,1.0,,,0.0,1.0,,,,,,,,,,,,,0.0,,,,,,1.0,1.0,1.0,0.0,,1.0,1.0,,,,,,,0.0,,,,,,,,,,,1.0,,,,,,1.0,,,0.0,,,,,0.0,1.0,,,,,,,,,,,,,,,,,1.0,,,,1.0,,,0.0,,1.0,1.0,,1.0,0.0,,0.0,,1.0,0.0,1.0,1.0,0.0,,,,0.0,0.0,0.0,0.0,,0.0,1.0,,0.0,0.0,1.0,1.0,,1.0,,1.0,,,0.0,1.0,,0.0,,,,,0.0,,0.0,,,,,,,,,0.0,,0.0,,,,,,0.0,1.0,,0.0,0.0,,1.0,,0.0,0.0,0.0,0.0,,,,,1.0,,,,,,,,,,,0.0,0.0,,,,,1.0,0.0,0.0,,,,,0.0,,,,,,,,,,,1.0,0.0,,,,,,,,,,,,,1.0,,,,,,,,,,,0.0,,,1.0,0.0,1.0,1.0,,,0.0,,,,,,,1.0,1.0,1.0,1.0,,,,,,1.0,,,1.0,1.0,0.0,0.0,1.0,,,1.0,,,0.0,1.0,,,1.0,0.0,,,1.0,1.0,,0.0,,,,,0.0,1.0,1.0,0.0,,1.0,0.0,0.0,,0.0,0.0,1.0,0.0,1.0,,,,,0.0,1.0,,,0.0,,,,,,,,,,,,1.0,1.0,,1.0,1.0,1.0,,,,0.0,,1.0,1.0,1.0,,1.0,0.0,0.0,,,,,1.0,,,,,,,,,,,,,,,0.0,,,,1.0,,,,,,,,,,,,,,,,,,,,,,,,,,,,,,,,,,,,,
Otavio Leite,1.0,,,1.0,,1.0,1.0,,1.0,0.0,,0.0,1.0,0.0,1.0,,,,1.0,,,1.0,,1.0,1.0,0.0,,,,1.0,,1.0,1.0,0.0,1.0,1.0,1.0,1.0,1.0,,,,,,0.0,1.0,,1.0,,,,,,,,1.0,0.0,,,0.0,1.0,1.0,,,0.0,1.0,0.0,,1.0,0.0,1.0,0.0,0.0,,,,0.0,1.0,,1.0,,0.0,0.0,0.0,0.0,0.0,,,,0.0,,1.0,1.0,0.0,1.0,0.0,1.0,1.0,1.0,1.0,0.0,1.0,1.0,,1.0,,1.0,1.0,0.0,0.0,,1.0,0.0,0.0,,0.0,,1.0,1.0,0.0,1.0,1.0,1.0,1.0,,1.0,,0.0,,,0.0,0.0,1.0,1.0,,,,,1.0,,0.0,,,,,,,,,1.0,1.0,1.0,1.0,0.0,0.0,0.0,,,1.0,,,0.0,,1.0,,,,,,,,,,,,,,1.0,0.0,,,,,,0.0,0.0,,,,0.0,0.0,,,,1.0,0.0,,0.0,,,,,,,,,,,1.0,,,,0.0,,,,,,,0.0,,,1.0,,0.0,1.0,,1.0,,,,,,,,,,1.0,1.0,1.0,,,0.0,0.0,,,,,,1.0,1.0,1.0,,,,,,1.0,0.0,,,,,0.0,0.0,0.0,,0.0,,,,0.0,,0.0,,,,,1.0,1.0,1.0,,0.0,0.0,0.0,1.0,,0.0,1.0,,1.0,1.0,,0.0,,,1.0,0.0,1.0,0.0,1.0,1.0,0.0,1.0,1.0,,1.0,1.0,1.0,0.0,,,,,1.0,1.0,0.0,0.0,0.0,0.0,0.0,1.0,,1.0,1.0,,,,,,0.0,1.0,1.0,1.0,1.0,0.0,,0.0,,,0.0,0.0,1.0,1.0,,,,,,0.0,,,,,,0.0,,,0.0,0.0,0.0,,1.0,1.0,,,,1.0,0.0,1.0,,1.0,,,0.0,,0.0,1.0,0.0,0.0,,,,,,,,,1.0,0.0,1.0,1.0,0.0,,,1.0,1.0,1.0,1.0,
Paes Landim,1.0,1.0,0.0,1.0,0.0,1.0,,,1.0,,,0.0,,,,1.0,1.0,,1.0,1.0,,,1.0,,1.0,,0.0,1.0,0.0,0.0,,1.0,,,1.0,,,,1.0,0.0,0.0,,,0.0,1.0,0.0,,1.0,0.0,0.0,1.0,1.0,1.0,1.0,1.0,1.0,0.0,0.0,0.0,1.0,1.0,,,0.0,,,1.0,,0.0,1.0,0.0,,0.0,0.0,,0.0,1.0,0.0,0.0,0.0,0.0,0.0,0.0,0.0,0.0,,0.0,0.0,0.0,,,0.0,1.0,0.0,1.0,1.0,,1.0,1.0,0.0,,,,,0.0,,,,1.0,1.0,0.0,,,1.0,1.0,1.0,,,,,1.0,1.0,0.0,1.0,,1.0,0.0,0.0,1.0,1.0,,0.0,,0.0,1.0,0.0,0.0,,,1.0,0.0,1.0,0.0,,0.0,0.0,0.0,0.0,1.0,1.0,,1.0,0.0,1.0,1.0,1.0,,1.0,1.0,1.0,1.0,1.0,1.0,0.0,,1.0,,1.0,1.0,,1.0,0.0,1.0,0.0,1.0,0.0,,0.0,,0.0,1.0,,,,1.0,1.0,,,0.0,1.0,,1.0,,0.0,,1.0,,,0.0,,,0.0,1.0,,0.0,,,,,1.0,,,1.0,0.0,1.0,0.0,0.0,,0.0,,,,,,0.0,0.0,,,,,,,0.0,,0.0,,1.0,1.0,,,0.0,0.0,,,,,,,0.0,,0.0,1.0,0.0,0.0,,0.0,0.0,,,,1.0,,,1.0,1.0,0.0,,0.0,0.0,,,,,,1.0,,1.0,,,1.0,0.0,,,,0.0,,0.0,1.0,,,1.0,1.0,1.0,1.0,,0.0,1.0,,1.0,1.0,0.0,0.0,,1.0,,,1.0,,0.0,1.0,0.0,,1.0,,,,,,0.0,,,,1.0,,1.0,1.0,,,,,,0.0,,0.0,,,,1.0,1.0,,0.0,1.0,,0.0,,0.0,,0.0,0.0,,,1.0,,0.0,,1.0,,,1.0,1.0,,,,,0.0,,1.0,0.0,,0.0,,,,,,0.0,,,1.0,1.0,1.0,1.0,,,0.0,,,0.0,0.0,1.0,,,,,,,,1.0,1.0,1.0
Paes de Lira,,,,1.0,1.0,,,0.0,,0.0,1.0,1.0,1.0,0.0,1.0,0.0,1.0,1.0,1.0,1.0,1.0,1.0,1.0,0.0,1.0,,,,,,,1.0,1.0,0.0,1.0,1.0,1.0,1.0,,,,,,,,,,,,,,,,,,,,,,,,0.0,,,,,,,,,,,,,,,,,,,,,,,,,,,,,,,,,,,1.0,,,,,,,,,0.0,1.0,0.0,,,,,,,,,,,,,,,,,,,,,,,,,,,,,,,,,1.0,,,,,,,,,,,,,,,,,,,1.0,,,,,,,,,,,,0.0,1.0,0.0,0.0,0.0,0.0,,0.0,,,,,,,,,,,,,,,,,,1.0,,,,,,,,,,,,,,,,,,,,,,,,,,,,,,1.0,,,,,,,,,,1.0,1.0,,,,,,,,,,,,,,,,,,0.0,0.0,0.0,0.0,0.0,0.0,,,0.0,0.0,,0.0,0.0,0.0,0.0,0.0,0.0,0.0,,,,0.0,0.0,,,0.0,,,0.0,0.0,0.0,0.0,0.0,1.0,0.0,0.0,1.0,1.0,0.0,0.0,0.0,0.0,0.0,0.0,0.0,1.0,0.0,1.0,1.0,0.0,0.0,0.0,0.0,0.0,,1.0,0.0,0.0,0.0,1.0,0.0,0.0,0.0,0.0,0.0,1.0,0.0,0.0,0.0,1.0,1.0,0.0,0.0,0.0,0.0,0.0,1.0,,1.0,0.0,0.0,1.0,0.0,0.0,0.0,1.0,,0.0,0.0,0.0,0.0,0.0,0.0,0.0,1.0,0.0,0.0,0.0,0.0,0.0,0.0,0.0,0.0,0.0,0.0,0.0,1.0,1.0,1.0,1.0,,,1.0,0.0,1.0,,1.0,,,,,,,1.0,1.0,0.0,,1.0,0.0,1.0,0.0,0.0,,0.0,0.0,1.0,1.0,0.0,0.0,,,,0.0,0.0,0.0
Pastor Manoel Ferreira,,1.0,0.0,1.0,1.0,,,,1.0,,0.0,,1.0,,,,,,,,,,,,,,0.0,1.0,0.0,0.0,,,,,,,1.0,1.0,1.0,,,1.0,0.0,,1.0,,1.0,1.0,0.0,0.0,1.0,1.0,1.0,1.0,1.0,,0.0,0.0,0.0,1.0,1.0,,1.0,0.0,1.0,1.0,1.0,,0.0,0.0,0.0,1.0,0.0,0.0,0.0,0.0,1.0,0.0,0.0,1.0,0.0,0.0,0.0,,0.0,0.0,0.0,0.0,0.0,0.0,,1.0,,0.0,1.0,1.0,,,,0.0,1.0,,0.0,0.0,0.0,,,,,,0.0,,0.0,,1.0,1.0,1.0,0.0,,,1.0,,,1.0,,,0.0,0.0,,1.0,1.0,0.0,,0.0,1.0,0.0,,0.0,0.0,1.0,,,0.0,,0.0,0.0,0.0,0.0,1.0,,0.0,1.0,,1.0,1.0,1.0,,1.0,,,,1.0,,0.0,,0.0,1.0,,1.0,0.0,1.0,,,,,,,,,0.0,1.0,0.0,0.0,,1.0,1.0,,,0.0,1.0,0.0,1.0,1.0,0.0,0.0,1.0,1.0,1.0,0.0,1.0,,0.0,0.0,0.0,0.0,0.0,,0.0,,1.0,,,0.0,0.0,,0.0,0.0,,,,1.0,,0.0,,,,,0.0,0.0,0.0,0.0,0.0,,,0.0,,1.0,1.0,,1.0,0.0,,,,,,,0.0,,0.0,0.0,1.0,,0.0,,0.0,,0.0,1.0,,,1.0,1.0,1.0,1.0,0.0,,0.0,0.0,,,1.0,,1.0,1.0,0.0,1.0,0.0,,,,,,,,,,,1.0,,,1.0,,1.0,0.0,1.0,,,0.0,,0.0,,,,,,,,1.0,,,0.0,1.0,,,,,,,,,,,1.0,,,,,,,,,1.0,,,,,,,,,,,,,,0.0,0.0,0.0,,,,,,,,,,,,,,,,,,,,,,,,,,1.0,,1.0,,,,,,,,,,,,,,,,,,,,,0.0,,
Pastor Pedro Ribeiro,,,,1.0,1.0,1.0,,,,,0.0,0.0,1.0,,,,,,,,,,,,,,,,,,,1.0,,0.0,1.0,,,1.0,,0.0,0.0,1.0,0.0,0.0,1.0,0.0,1.0,,,,,,,,,1.0,,,,,,,,,,,,,,,,,,,,,,,,,,,,,,,,,,,,,,,,,,1.0,,,,,,,,0.0,1.0,,,,,,,,,,1.0,,,,,,,,,1.0,,,,,,,,,,,,,,,1.0,,,,,,,,,1.0,,,,,,,,,,1.0,,,,,,,1.0,,,,,,,,,,,0.0,1.0,,,,,,,,,,,,,,,,,,1.0,,,,,,,,,0.0,,,,,,,1.0,,,,0.0,0.0,0.0,,,0.0,0.0,1.0,0.0,0.0,,0.0,,0.0,0.0,0.0,0.0,1.0,0.0,0.0,1.0,1.0,,1.0,0.0,0.0,1.0,1.0,0.0,1.0,0.0,0.0,,,,,0.0,0.0,0.0,0.0,0.0,0.0,1.0,0.0,1.0,1.0,1.0,1.0,1.0,0.0,0.0,0.0,,1.0,0.0,1.0,0.0,1.0,,0.0,1.0,,1.0,1.0,1.0,0.0,1.0,0.0,0.0,1.0,,1.0,1.0,,1.0,1.0,,1.0,1.0,1.0,1.0,1.0,0.0,1.0,0.0,0.0,1.0,1.0,,0.0,,1.0,0.0,,,0.0,1.0,0.0,0.0,0.0,0.0,0.0,0.0,0.0,0.0,1.0,1.0,1.0,,,0.0,0.0,0.0,1.0,1.0,0.0,1.0,1.0,1.0,,,1.0,1.0,,0.0,,,,,,,,,,,,,,,,,,1.0,1.0,1.0,1.0,,,0.0,0.0,1.0,,,,,,,,,,,,,,,,,,,,,,,,,,,,,,,,,
Paulo Abi-Ackel,1.0,0.0,,1.0,1.0,,1.0,1.0,1.0,0.0,,,,0.0,1.0,0.0,1.0,1.0,1.0,1.0,,1.0,1.0,1.0,1.0,0.0,,,,,,1.0,,1.0,0.0,1.0,1.0,1.0,1.0,,,,,,0.0,1.0,0.0,1.0,,,0.0,,,,,1.0,0.0,1.0,,0.0,1.0,,,,0.0,0.0,0.0,,,0.0,1.0,0.0,0.0,,1.0,0.0,0.0,1.0,1.0,1.0,0.0,1.0,,0.0,,0.0,0.0,1.0,0.0,0.0,,1.0,1.0,0.0,0.0,0.0,1.0,1.0,1.0,1.0,0.0,,,1.0,1.0,0.0,1.0,1.0,0.0,0.0,,1.0,0.0,0.0,,0.0,0.0,1.0,1.0,0.0,1.0,1.0,1.0,1.0,,1.0,,0.0,1.0,,0.0,1.0,1.0,1.0,,,,,0.0,,1.0,,,,,,,,,1.0,1.0,0.0,,,0.0,0.0,1.0,,,,0.0,0.0,,1.0,,0.0,0.0,0.0,1.0,,,,,,,,,0.0,1.0,,,,,,0.0,,,,,0.0,0.0,,,,1.0,0.0,,0.0,,,,,,,,,,,1.0,0.0,,,,,,,,,,0.0,,,,,,,1.0,1.0,,,,,,0.0,,,1.0,0.0,1.0,1.0,,,0.0,,,,,,,1.0,1.0,,,,,,,1.0,0.0,,,,0.0,0.0,,0.0,0.0,0.0,1.0,,,0.0,,0.0,0.0,1.0,0.0,,1.0,,1.0,,0.0,0.0,0.0,,,0.0,,1.0,,,1.0,1.0,,0.0,,,,0.0,,,,1.0,1.0,,,,1.0,,,,,1.0,,,0.0,0.0,0.0,0.0,0.0,,,,,,1.0,,,,0.0,1.0,1.0,1.0,,,0.0,,0.0,,,0.0,,,,,,,,,,,,,,0.0,,,0.0,0.0,0.0,,1.0,,,,,1.0,0.0,,,1.0,,,,0.0,,,0.0,0.0,1.0,,,,,,,,,0.0,,,,0.0,,1.0,1.0,1.0,1.0,1.0
Paulo Bauer,1.0,,,,,,,,,0.0,,,,0.0,1.0,0.0,1.0,1.0,1.0,1.0,1.0,,1.0,1.0,1.0,,,,,1.0,,,,,,,,,,,,,,,,,,,,,,,,,,,,,,,,,,,,,,,,,,,,,,,,,,,,,,,,,,,,,,,,,,,,,,,,,,,,,,,,,,,,,,,,,,,,,,,,,,,,,,,,,,,,,,,,,,,,,,,,,,,,,,,,,,,,,,,,,,,,,,,,,,,,,,,,,,,,,,,,,,,,,,,,,,,,,,,,,,,,,,,,,,,,,,,,,,,,,,,,,,,,,,,,,,,,,,,,,,,,,,,,,,,,,,,,,,,,,,,,,,,,,,,,,,,,,,,,,,,,,,,,,,,,,,,,,,,,,,,,,,,,,,,,,,,,,,,,,,,,,,,,,,,,,,,,0.0,,,,,,,,,,,,,,,,,,,,,,,,,,1.0,0.0,1.0,,,,,0.0,0.0,0.0,,1.0,1.0,,1.0,,,,,,1.0,1.0,0.0,1.0,1.0,0.0,,,1.0,,1.0,1.0,1.0
Paulo Bornhausen,0.0,0.0,1.0,,,,1.0,1.0,1.0,0.0,0.0,,1.0,0.0,1.0,,,,1.0,,1.0,1.0,1.0,1.0,1.0,0.0,,,,,,1.0,,,,,1.0,,1.0,,,,,,0.0,1.0,,1.0,,,,,0.0,0.0,0.0,1.0,1.0,,,0.0,,1.0,,,0.0,0.0,0.0,,,0.0,1.0,,,,,,,,,,,,,,,,,1.0,,,,1.0,,,0.0,0.0,1.0,1.0,1.0,,0.0,0.0,0.0,1.0,1.0,0.0,1.0,,,0.0,,,0.0,,0.0,0.0,1.0,,,0.0,,0.0,1.0,1.0,,1.0,,1.0,0.0,,0.0,1.0,,0.0,,,,,0.0,,,,,,,,,,,0.0,1.0,0.0,,,,0.0,,,,,,0.0,,1.0,,0.0,,0.0,,,,,,,,,1.0,,1.0,,,,,,,0.0,,,,,,0.0,0.0,1.0,0.0,,,0.0,,,,,,,,,,1.0,1.0,0.0,,,0.0,,,,,,,,,,1.0,,,,1.0,,,,,,,,,,,0.0,,,,,0.0,0.0,,,,,,,,,,,,,1.0,,,,0.0,1.0,1.0,0.0,0.0,1.0,,,1.0,,,,,0.0,,1.0,0.0,,,1.0,1.0,,,0.0,0.0,1.0,,,,1.0,1.0,,1.0,,0.0,1.0,,0.0,1.0,0.0,1.0,,,,,,1.0,0.0,,,,,,,1.0,,,1.0,,,0.0,1.0,1.0,,,1.0,,,,,,,1.0,,,0.0,,,,,,0.0,,1.0,,,,,,,,,,,,,,,,0.0,,1.0,,1.0,,,,1.0,0.0,1.0,0.0,,,,,,,,,,1.0,,,0.0,,,,,1.0,,1.0,1.0,,,,1.0,1.0,0.0,,
Paulo Delgado,,,,,,,,,,0.0,,,,0.0,1.0,0.0,1.0,1.0,1.0,1.0,1.0,1.0,1.0,1.0,1.0,,,,,,,,0.0,,,1.0,,,,,,,,,,,,,,,,,,,,,,,,,,,,,,,,,,,,,,,,,,,,,,,,,,,,,,,,,,,,,1.0,,,,,,,,,,,,,,,,,,,,,,,,,,,,,,,,,,,,,,,,,,,,,,,,,,,,,,,,,,,,,,,,,,,,,,,,,,,0.0,1.0,0.0,1.0,0.0,0.0,0.0,1.0,,,,,,,,,,,,,,,,,,,,,,,,,,,,,,,,,,,,,,,,,,,,,,,,1.0,,,,,,,,,,1.0,1.0,,,,,,,,,,,,,,,,,,,,,,,,,,,,,,,,,,,,,,,,,,,,,,,,,,,,1.0,1.0,,,1.0,,,1.0,,,1.0,,,1.0,1.0,,1.0,,,0.0,,,,1.0,,,,,,,,,,0.0,,1.0,1.0,,,0.0,,1.0,0.0,1.0,0.0,1.0,1.0,0.0,1.0,1.0,0.0,0.0,1.0,0.0,0.0,0.0,,,,,,0.0,1.0,,,0.0,1.0,0.0,0.0,1.0,1.0,1.0,1.0,1.0,,,,,,,0.0,1.0,,1.0,1.0,1.0,,1.0,1.0,,,1.0,1.0,,,,0.0,0.0,0.0,,,1.0,1.0,1.0,1.0,0.0,,1.0,0.0,,
Paulo Henrique Lustosa,1.0,1.0,0.0,1.0,,1.0,1.0,1.0,1.0,1.0,,,,0.0,1.0,0.0,1.0,1.0,,,,,,,,1.0,0.0,1.0,0.0,0.0,1.0,,1.0,,,1.0,1.0,1.0,1.0,,,,,,1.0,0.0,,1.0,0.0,0.0,1.0,1.0,1.0,1.0,1.0,,0.0,0.0,0.0,1.0,,,1.0,,,,1.0,,,,,,0.0,0.0,0.0,0.0,1.0,0.0,0.0,,,,0.0,0.0,0.0,0.0,0.0,0.0,,0.0,0.0,,1.0,0.0,1.0,1.0,,1.0,1.0,,1.0,,,,0.0,0.0,,,1.0,1.0,0.0,,0.0,1.0,1.0,1.0,,,,,1.0,1.0,,1.0,0.0,,,1.0,0.0,1.0,0.0,1.0,,0.0,,0.0,0.0,,1.0,1.0,,1.0,0.0,0.0,0.0,0.0,0.0,0.0,1.0,,0.0,,0.0,1.0,1.0,1.0,0.0,1.0,1.0,,1.0,1.0,,0.0,0.0,,,1.0,1.0,0.0,1.0,,,0.0,1.0,0.0,,0.0,1.0,,1.0,0.0,0.0,0.0,1.0,,0.0,1.0,0.0,1.0,0.0,0.0,1.0,0.0,0.0,1.0,,,0.0,1.0,0.0,0.0,1.0,,,,,0.0,0.0,1.0,,0.0,1.0,0.0,,0.0,0.0,0.0,0.0,0.0,,,1.0,,0.0,0.0,1.0,,0.0,0.0,0.0,0.0,0.0,,0.0,0.0,,1.0,,,0.0,1.0,,1.0,,,,0.0,,,,,0.0,0.0,0.0,,,,1.0,,,,,1.0,1.0,0.0,0.0,,0.0,,,1.0,,1.0,,,1.0,,,1.0,1.0,,,0.0,,0.0,,,1.0,1.0,1.0,,1.0,1.0,1.0,1.0,1.0,1.0,1.0,1.0,,,,,0.0,0.0,1.0,1.0,0.0,,0.0,0.0,1.0,0.0,,,,,,,,1.0,1.0,1.0,1.0,1.0,0.0,0.0,,1.0,1.0,0.0,,,,1.0,,,,0.0,0.0,,0.0,0.0,0.0,0.0,,0.0,0.0,0.0,,1.0,0.0,0.0,0.0,1.0,,0.0,1.0,1.0,1.0,1.0,1.0,1.0,0.0,0.0,1.0,0.0,,0.0,1.0,,1.0,1.0,,,,1.0,1.0,1.0,1.0,1.0,0.0,,0.0,,0.0,0.0,0.0,1.0,1.0,1.0,1.0,,,,,1.0,1.0,1.0
Paulo Lima,,,,,,,1.0,,,,,,,,,,,,,,,,,,,,,,,,,,,,,,,,,0.0,,1.0,,0.0,1.0,0.0,1.0,,,,,,,,,,,,,,,,,,,,,,,,,,,,,,,,,,,,,,,,,,,,,,,,,,,1.0,,,,,,,,,,,,,,,,,,,1.0,,,,,,,,,,,,,,,,,,,,,,,,,,,,,,,,,1.0,,,,,,,,,,,,,,,,,,,,,,,,,,,,,,,,,,,,,,,,,,,,,,,,,,,,,,,,,,,,,,,,,,,,,,,,,,,,,,,,,,,,,,0.0,,,,,0.0,,,,,1.0,,0.0,,,,,0.0,0.0,,,,0.0,1.0,0.0,1.0,1.0,1.0,1.0,1.0,0.0,,,,,,,,,,,,,,,,,,,,,,,,,,,,,,,,,,,,,,,,,,,,,,,,,,,,,,,,,,,,,,,,,,,,,,,,,,,,,,,,,,,,,,,,,,,,,,,,,,,,,,,,,,,,,,,,,,,,,,,,,,,,,,,,,,,,,,
Paulo Magalhães,1.0,0.0,,,,1.0,1.0,1.0,,0.0,0.0,0.0,1.0,,1.0,1.0,1.0,,1.0,1.0,,1.0,1.0,1.0,1.0,0.0,,,,,,1.0,0.0,1.0,,,1.0,1.0,1.0,,,,,,0.0,1.0,,1.0,,,0.0,,,,,1.0,1.0,,,0.0,1.0,1.0,,,0.0,,0.0,,,,,,,,,,,,,1.0,,,,,,,,1.0,,,,,,,,0.0,1.0,1.0,1.0,1.0,0.0,,0.0,1.0,1.0,0.0,1.0,1.0,0.0,0.0,,1.0,1.0,,1.0,,,0.0,1.0,0.0,1.0,1.0,,,,1.0,,0.0,,,0.0,1.0,1.0,0.0,,,,,,,0.0,,,,,,,,,1.0,,0.0,0.0,0.0,,0.0,,0.0,1.0,1.0,,0.0,,1.0,,0.0,1.0,0.0,1.0,,,0.0,1.0,0.0,1.0,0.0,0.0,,1.0,,,,,,0.0,,,,,0.0,,,0.0,1.0,0.0,0.0,,0.0,,,,,,,,,,,1.0,0.0,,,0.0,,,,,,,,,,1.0,1.0,,,1.0,,,,,,,,,,1.0,1.0,1.0,1.0,,1.0,1.0,1.0,,1.0,,,,1.0,1.0,1.0,,,,,,,1.0,,,1.0,1.0,1.0,0.0,0.0,,,,1.0,,0.0,,0.0,0.0,1.0,0.0,,1.0,1.0,1.0,1.0,1.0,0.0,0.0,1.0,0.0,0.0,1.0,1.0,1.0,1.0,1.0,1.0,,0.0,1.0,1.0,1.0,1.0,0.0,,,1.0,,0.0,1.0,1.0,,,,,,,1.0,0.0,0.0,1.0,1.0,0.0,0.0,1.0,1.0,1.0,1.0,1.0,1.0,,,,1.0,0.0,1.0,1.0,1.0,0.0,0.0,1.0,1.0,,0.0,1.0,0.0,0.0,,0.0,0.0,0.0,0.0,0.0,,1.0,,0.0,,,,,1.0,1.0,1.0,1.0,1.0,1.0,,0.0,1.0,1.0,0.0,0.0,,1.0,1.0,,,,,1.0,,,1.0,1.0,,1.0,,0.0,0.0,0.0,0.0,1.0,1.0,1.0,1.0,1.0,0.0,1.0,,0.0,1.0,1.0
Paulo Maluf,,1.0,,,,1.0,,,,,0.0,,1.0,,,1.0,0.0,1.0,1.0,1.0,1.0,1.0,1.0,1.0,1.0,1.0,0.0,1.0,,0.0,1.0,,,0.0,,,,,1.0,,,,0.0,1.0,,,,,0.0,0.0,,,,,,,0.0,0.0,0.0,1.0,,,1.0,,1.0,1.0,1.0,,,1.0,1.0,,0.0,0.0,0.0,0.0,1.0,,,,,,0.0,0.0,,0.0,0.0,0.0,0.0,0.0,0.0,1.0,1.0,0.0,1.0,0.0,,,,,,0.0,0.0,,0.0,0.0,,,1.0,1.0,0.0,,1.0,,,0.0,,0.0,1.0,0.0,1.0,1.0,0.0,,0.0,,0.0,0.0,1.0,1.0,1.0,0.0,,0.0,1.0,0.0,0.0,0.0,,,,,,,,0.0,0.0,0.0,1.0,,0.0,0.0,0.0,,1.0,1.0,,1.0,1.0,,1.0,1.0,1.0,0.0,0.0,1.0,,1.0,1.0,0.0,1.0,0.0,,,1.0,0.0,,,0.0,0.0,1.0,0.0,,0.0,1.0,1.0,0.0,1.0,0.0,1.0,0.0,0.0,,1.0,,1.0,1.0,1.0,,1.0,0.0,0.0,1.0,1.0,0.0,0.0,0.0,,,,,0.0,0.0,0.0,1.0,,0.0,,,,,,1.0,1.0,0.0,,,,,0.0,0.0,,,,,,1.0,1.0,1.0,,0.0,0.0,,,0.0,,0.0,0.0,0.0,1.0,1.0,,,0.0,0.0,,,,,0.0,,,,1.0,,0.0,0.0,0.0,,,,1.0,,1.0,1.0,,,,,1.0,,,1.0,0.0,0.0,1.0,0.0,1.0,,,,1.0,1.0,1.0,0.0,,,,1.0,1.0,0.0,,,,0.0,,,1.0,,1.0,,0.0,,,,,,,,,,1.0,,1.0,,,,0.0,,,1.0,,1.0,1.0,,,0.0,1.0,,0.0,0.0,,,0.0,0.0,,,,,1.0,0.0,1.0,0.0,,0.0,1.0,0.0,,1.0,1.0,1.0,1.0,,,,,,1.0,0.0,0.0,1.0,,1.0,,1.0,0.0,1.0,,,,1.0,,,,,,,,,,,,,,0.0,,,1.0,1.0,
Paulo Pereira da Silva,1.0,1.0,0.0,,1.0,,1.0,1.0,,1.0,,,1.0,,,,1.0,1.0,1.0,,1.0,1.0,1.0,1.0,1.0,,0.0,,0.0,0.0,,1.0,,1.0,0.0,,1.0,1.0,0.0,0.0,0.0,,0.0,,1.0,0.0,1.0,1.0,0.0,,1.0,1.0,1.0,1.0,1.0,1.0,,0.0,0.0,0.0,1.0,1.0,,0.0,1.0,1.0,1.0,,,1.0,0.0,1.0,0.0,0.0,0.0,0.0,1.0,0.0,0.0,0.0,0.0,0.0,0.0,0.0,,,0.0,0.0,0.0,0.0,0.0,0.0,,0.0,,,1.0,1.0,1.0,0.0,,,0.0,,0.0,,,,1.0,1.0,0.0,0.0,0.0,1.0,1.0,0.0,0.0,0.0,1.0,0.0,0.0,,0.0,1.0,,,,0.0,1.0,,1.0,0.0,0.0,0.0,1.0,,,,1.0,1.0,0.0,1.0,,0.0,0.0,0.0,,,1.0,1.0,,1.0,0.0,1.0,1.0,1.0,,1.0,1.0,,1.0,1.0,1.0,1.0,0.0,1.0,1.0,1.0,,0.0,,0.0,1.0,0.0,1.0,0.0,0.0,0.0,1.0,0.0,1.0,0.0,0.0,0.0,1.0,,,1.0,0.0,,,0.0,0.0,1.0,,,,1.0,,,0.0,0.0,,1.0,0.0,0.0,,0.0,,1.0,1.0,0.0,,,1.0,0.0,0.0,0.0,0.0,,1.0,,1.0,1.0,0.0,0.0,1.0,,,0.0,0.0,0.0,0.0,1.0,,0.0,1.0,1.0,1.0,,,,1.0,1.0,0.0,,,0.0,0.0,,1.0,,,0.0,,0.0,,1.0,,0.0,1.0,,1.0,1.0,1.0,0.0,0.0,,,,,,,1.0,1.0,0.0,1.0,0.0,,,0.0,,,,0.0,0.0,,0.0,1.0,,,1.0,,,0.0,1.0,1.0,,1.0,1.0,,0.0,1.0,1.0,,0.0,1.0,1.0,,,0.0,0.0,,,0.0,0.0,0.0,0.0,0.0,0.0,0.0,1.0,1.0,1.0,1.0,,,,0.0,1.0,1.0,,1.0,1.0,,,0.0,1.0,1.0,0.0,,1.0,,,0.0,0.0,0.0,,,1.0,,1.0,0.0,0.0,0.0,1.0,,0.0,1.0,1.0,1.0,1.0,,,0.0,0.0,1.0,1.0,0.0,0.0,1.0,1.0,1.0,1.0,,0.0,,,,,1.0,1.0,,,,0.0,,0.0,0.0,1.0,,,,0.0,,1.0,1.0,1.0,1.0,1.0
Paulo Piau,1.0,1.0,,1.0,,1.0,1.0,1.0,,1.0,0.0,,,0.0,1.0,0.0,1.0,1.0,1.0,,1.0,1.0,1.0,1.0,1.0,1.0,0.0,,0.0,0.0,1.0,1.0,,,,1.0,1.0,1.0,1.0,,0.0,,0.0,1.0,1.0,0.0,1.0,,,,1.0,1.0,1.0,1.0,1.0,1.0,0.0,0.0,,0.0,1.0,,1.0,,1.0,0.0,0.0,0.0,0.0,1.0,1.0,1.0,0.0,0.0,0.0,0.0,1.0,,0.0,0.0,0.0,0.0,0.0,0.0,0.0,0.0,0.0,,0.0,0.0,0.0,1.0,1.0,,,0.0,,1.0,1.0,,1.0,,1.0,1.0,0.0,,,,1.0,1.0,0.0,1.0,,1.0,1.0,1.0,1.0,0.0,1.0,0.0,1.0,1.0,0.0,1.0,,,0.0,1.0,0.0,1.0,0.0,1.0,1.0,,1.0,,0.0,0.0,,,1.0,1.0,0.0,0.0,,,0.0,0.0,1.0,0.0,0.0,0.0,0.0,,,1.0,0.0,1.0,1.0,1.0,1.0,1.0,1.0,0.0,0.0,1.0,,1.0,1.0,0.0,1.0,,,,,0.0,0.0,0.0,1.0,0.0,1.0,0.0,,0.0,1.0,,0.0,1.0,0.0,1.0,,0.0,0.0,,,,1.0,,0.0,1.0,0.0,,,1.0,0.0,,,0.0,,1.0,1.0,0.0,1.0,,1.0,0.0,0.0,0.0,0.0,,,,1.0,1.0,0.0,,,,0.0,0.0,,0.0,0.0,,0.0,0.0,1.0,,1.0,,0.0,1.0,1.0,1.0,0.0,,,,,1.0,1.0,,,0.0,,,0.0,0.0,1.0,0.0,,,1.0,1.0,1.0,,,0.0,,,0.0,,,1.0,,,1.0,0.0,,,,,1.0,0.0,0.0,1.0,,,1.0,1.0,1.0,1.0,1.0,1.0,,,1.0,1.0,,1.0,,0.0,,1.0,,,,,,1.0,,,1.0,0.0,1.0,1.0,0.0,0.0,1.0,0.0,0.0,,,1.0,1.0,1.0,0.0,0.0,0.0,,,0.0,1.0,,1.0,,,1.0,1.0,0.0,,1.0,,0.0,0.0,,,,0.0,,,1.0,0.0,0.0,0.0,,,0.0,1.0,1.0,1.0,,,1.0,,0.0,1.0,1.0,0.0,0.0,,1.0,1.0,1.0,1.0,0.0,1.0,,1.0,1.0,,,0.0,1.0,0.0,,0.0,0.0,0.0,1.0,1.0,1.0,1.0,1.0,0.0,1.0,1.0,1.0,1.0,1.0
Paulo Pimenta,,1.0,,1.0,,,,1.0,1.0,1.0,0.0,0.0,1.0,0.0,1.0,1.0,1.0,1.0,1.0,1.0,1.0,1.0,1.0,1.0,1.0,1.0,0.0,1.0,0.0,,1.0,1.0,0.0,1.0,0.0,,,1.0,,0.0,0.0,1.0,,0.0,1.0,0.0,1.0,1.0,0.0,,1.0,1.0,1.0,1.0,1.0,1.0,0.0,,,1.0,1.0,0.0,1.0,0.0,,,1.0,0.0,,,,1.0,0.0,0.0,,,1.0,0.0,0.0,0.0,0.0,,0.0,0.0,0.0,,,,0.0,,,,1.0,,,1.0,,1.0,1.0,0.0,,0.0,,0.0,,0.0,,0.0,,,0.0,,0.0,,,1.0,1.0,0.0,1.0,0.0,0.0,1.0,,1.0,,1.0,,1.0,0.0,1.0,0.0,1.0,,0.0,,0.0,0.0,0.0,0.0,1.0,,,0.0,0.0,0.0,,0.0,0.0,1.0,0.0,0.0,,0.0,,1.0,1.0,0.0,,1.0,,1.0,1.0,1.0,,0.0,1.0,1.0,1.0,1.0,0.0,,0.0,1.0,0.0,,,0.0,0.0,1.0,0.0,,,0.0,,1.0,1.0,,1.0,0.0,1.0,0.0,,,1.0,0.0,,1.0,1.0,,1.0,,,1.0,1.0,0.0,0.0,,,,1.0,1.0,0.0,1.0,0.0,1.0,0.0,0.0,,0.0,,,,0.0,,0.0,,1.0,0.0,,0.0,0.0,0.0,0.0,1.0,,0.0,1.0,1.0,,1.0,0.0,,,1.0,0.0,1.0,,0.0,0.0,0.0,1.0,,0.0,,0.0,0.0,,,,0.0,1.0,1.0,1.0,1.0,,0.0,,0.0,,1.0,,1.0,0.0,1.0,,,,0.0,,,0.0,,1.0,0.0,,0.0,0.0,,,,1.0,,0.0,,0.0,,1.0,1.0,1.0,1.0,0.0,0.0,,1.0,,,,1.0,0.0,,0.0,0.0,1.0,0.0,,,0.0,1.0,1.0,0.0,0.0,,,1.0,,,0.0,,,,1.0,0.0,,0.0,1.0,1.0,,,,0.0,,,,,0.0,0.0,0.0,,,0.0,0.0,1.0,0.0,,0.0,,0.0,0.0,,1.0,1.0,1.0,1.0,1.0,,0.0,1.0,1.0,1.0,1.0,1.0,1.0,,1.0,,,,,1.0,,1.0,1.0,,1.0,0.0,0.0,0.0,0.0,0.0,1.0,,,,1.0,0.0,,,,,0.0
Paulo Rattes,1.0,,,1.0,1.0,,,1.0,,1.0,0.0,0.0,1.0,,,,,,,,,,,,,,,,,,,1.0,0.0,1.0,0.0,,1.0,1.0,,,,,,,,,,,,,,,,,,,,,,,,,,,,,,,,,,,,,,,,,,,,,,,,,,,,,,,,,,,,,,,,,,,,0.0,1.0,0.0,,,,,,,,,,,,,,,,,,,,,,,,,,,,,,,,,1.0,,,,,,,,,,,,,,,,,,,,,,,,,,,,,,,,,0.0,1.0,0.0,0.0,,0.0,,,,,,,,,,,,,,,,,,1.0,,,,,,,,,,,,,,,,,,,,,,,,,,,,,,,,,,,,,,,,1.0,1.0,1.0,1.0,,,,,,,,,,,,,,0.0,0.0,0.0,,,,,1.0,,,1.0,1.0,,,0.0,0.0,,,1.0,,1.0,1.0,0.0,0.0,0.0,,,1.0,,1.0,0.0,0.0,0.0,0.0,1.0,,1.0,,1.0,1.0,1.0,1.0,1.0,,,1.0,1.0,0.0,,,,,0.0,1.0,,,,0.0,,,0.0,0.0,1.0,0.0,0.0,0.0,,,1.0,,,,1.0,,,0.0,1.0,1.0,0.0,1.0,0.0,1.0,,0.0,1.0,1.0,0.0,0.0,,,,0.0,,,0.0,,,0.0,1.0,0.0,0.0,0.0,1.0,,0.0,1.0,1.0,1.0,,1.0,,,,,,,,,,,,,,,,,,,,,,,,,,,,1.0,1.0,,,0.0,,,,1.0,1.0
Paulo Renato Souza,,,1.0,,,,,,,,,,,,,,,,,,,,,,,0.0,,,,,,,,,,,,,1.0,,,,,,0.0,1.0,,,,,0.0,,,,,1.0,1.0,1.0,,0.0,1.0,,,,0.0,,0.0,,,0.0,1.0,,0.0,,1.0,1.0,,1.0,,1.0,0.0,,0.0,0.0,0.0,0.0,0.0,1.0,,,0.0,1.0,1.0,0.0,0.0,0.0,,,,1.0,,,,,1.0,,,,0.0,,,1.0,1.0,,,,,,,,0.0,1.0,1.0,,,1.0,,,1.0,,,0.0,1.0,1.0,,,,,0.0,,,0.0,,,,,,,,1.0,1.0,0.0,,0.0,0.0,0.0,1.0,0.0,1.0,,0.0,0.0,,1.0,,0.0,,0.0,1.0,,,,,,,,,,,,,,,,0.0,0.0,,0.0,,0.0,,0.0,0.0,0.0,1.0,0.0,,0.0,,,,,,,,,,,,0.0,,,,,,,,,,,,,,,,,,1.0,,,,,,0.0,,,,,1.0,0.0,,,,,,,,,1.0,1.0,0.0,0.0,,,,1.0,1.0,1.0,0.0,1.0,,,,,,,,,,,,,,,,,,,0.0,,,,,,,,,,,,,,,,,,,,,,,,,,,,,,,,,,,,,,,,,,,,,,,,,,,,,,,,,,,,,,,,,,,,,,,,,,,,,,,,,,,,,,,,,,,,,,,,,,,,,,,,,,,,,,,,,,,,,,,,,
Paulo Roberto Pereira,1.0,1.0,0.0,1.0,,1.0,1.0,1.0,1.0,1.0,0.0,1.0,1.0,,1.0,0.0,0.0,1.0,1.0,,,1.0,1.0,1.0,1.0,1.0,0.0,1.0,0.0,0.0,1.0,1.0,0.0,1.0,0.0,1.0,,1.0,1.0,,,,0.0,0.0,1.0,0.0,1.0,1.0,,,1.0,1.0,1.0,1.0,1.0,1.0,0.0,0.0,0.0,1.0,1.0,1.0,1.0,0.0,1.0,1.0,1.0,,0.0,1.0,0.0,,0.0,0.0,0.0,0.0,1.0,0.0,0.0,0.0,0.0,0.0,0.0,0.0,0.0,0.0,0.0,0.0,0.0,0.0,0.0,1.0,1.0,0.0,1.0,1.0,,1.0,1.0,0.0,1.0,0.0,0.0,0.0,0.0,0.0,1.0,1.0,1.0,1.0,0.0,1.0,0.0,1.0,1.0,1.0,,0.0,1.0,0.0,1.0,1.0,0.0,1.0,0.0,1.0,0.0,0.0,1.0,1.0,,0.0,1.0,0.0,1.0,0.0,0.0,0.0,0.0,1.0,1.0,1.0,0.0,0.0,0.0,0.0,0.0,0.0,1.0,,0.0,1.0,0.0,1.0,1.0,1.0,0.0,1.0,1.0,1.0,1.0,1.0,,0.0,,1.0,1.0,1.0,1.0,0.0,1.0,0.0,1.0,0.0,1.0,0.0,0.0,0.0,1.0,0.0,1.0,0.0,0.0,0.0,1.0,,0.0,,0.0,1.0,1.0,1.0,0.0,1.0,0.0,1.0,1.0,1.0,0.0,1.0,,0.0,1.0,1.0,0.0,0.0,0.0,0.0,0.0,1.0,,0.0,1.0,,1.0,0.0,0.0,0.0,0.0,0.0,1.0,0.0,0.0,1.0,0.0,0.0,1.0,0.0,,0.0,0.0,0.0,0.0,1.0,0.0,0.0,1.0,,1.0,1.0,0.0,1.0,1.0,1.0,0.0,1.0,,0.0,0.0,1.0,1.0,1.0,0.0,0.0,0.0,0.0,0.0,0.0,1.0,0.0,1.0,1.0,1.0,1.0,1.0,0.0,0.0,0.0,0.0,1.0,0.0,1.0,0.0,1.0,1.0,0.0,1.0,0.0,1.0,1.0,1.0,0.0,1.0,0.0,0.0,0.0,0.0,1.0,1.0,1.0,1.0,1.0,1.0,1.0,1.0,1.0,1.0,1.0,0.0,,,0.0,1.0,1.0,0.0,,1.0,1.0,0.0,1.0,0.0,0.0,1.0,,0.0,1.0,1.0,1.0,,0.0,0.0,1.0,1.0,1.0,1.0,1.0,0.0,0.0,0.0,1.0,1.0,0.0,,1.0,,1.0,0.0,1.0,1.0,0.0,0.0,1.0,0.0,0.0,0.0,0.0,0.0,0.0,0.0,1.0,0.0,1.0,0.0,0.0,0.0,1.0,0.0,0.0,1.0,1.0,1.0,1.0,1.0,,0.0,0.0,1.0,1.0,0.0,0.0,1.0,1.0,1.0,1.0,,,,1.0,1.0,1.0,1.0,1.0,,,,,,,,1.0,1.0,1.0,1.0,1.0,0.0,1.0,1.0,1.0,1.0,1.0
Paulo Rocha,1.0,1.0,0.0,1.0,1.0,1.0,1.0,1.0,1.0,1.0,0.0,0.0,1.0,0.0,1.0,1.0,1.0,1.0,1.0,,,,,,,1.0,0.0,1.0,0.0,0.0,1.0,,0.0,1.0,0.0,1.0,1.0,1.0,0.0,,,1.0,0.0,0.0,1.0,0.0,1.0,1.0,0.0,0.0,1.0,1.0,1.0,1.0,1.0,1.0,0.0,,0.0,1.0,,0.0,1.0,0.0,1.0,1.0,1.0,0.0,,1.0,0.0,1.0,,,0.0,0.0,1.0,0.0,0.0,0.0,0.0,,,0.0,0.0,0.0,0.0,0.0,,,0.0,0.0,1.0,0.0,1.0,1.0,1.0,1.0,1.0,0.0,,0.0,0.0,0.0,,0.0,1.0,0.0,1.0,1.0,0.0,1.0,0.0,1.0,1.0,1.0,1.0,,1.0,0.0,1.0,1.0,0.0,1.0,,,,1.0,0.0,1.0,0.0,1.0,1.0,0.0,1.0,0.0,0.0,,0.0,1.0,,1.0,0.0,0.0,,0.0,0.0,0.0,1.0,1.0,0.0,1.0,0.0,,1.0,1.0,0.0,,1.0,,1.0,1.0,1.0,0.0,0.0,1.0,1.0,1.0,1.0,0.0,1.0,0.0,1.0,0.0,1.0,0.0,0.0,,1.0,0.0,1.0,0.0,,0.0,1.0,1.0,0.0,1.0,0.0,1.0,0.0,1.0,1.0,0.0,0.0,1.0,1.0,1.0,0.0,1.0,0.0,0.0,1.0,1.0,0.0,,0.0,0.0,0.0,1.0,1.0,0.0,1.0,0.0,1.0,0.0,0.0,0.0,0.0,0.0,,,0.0,,0.0,0.0,1.0,,0.0,0.0,0.0,0.0,0.0,1.0,,0.0,1.0,1.0,1.0,1.0,0.0,0.0,,1.0,0.0,1.0,0.0,,0.0,0.0,0.0,1.0,,,,0.0,0.0,0.0,1.0,0.0,1.0,1.0,1.0,1.0,1.0,0.0,,0.0,0.0,1.0,0.0,1.0,0.0,1.0,1.0,0.0,1.0,0.0,1.0,1.0,0.0,0.0,1.0,0.0,0.0,0.0,0.0,1.0,1.0,,1.0,1.0,0.0,,0.0,,1.0,1.0,1.0,1.0,0.0,0.0,,1.0,,1.0,,1.0,0.0,1.0,0.0,0.0,1.0,,1.0,,,1.0,0.0,,0.0,,0.0,1.0,1.0,,0.0,0.0,0.0,1.0,1.0,0.0,,0.0,,,0.0,,1.0,,0.0,1.0,,0.0,,,,,,0.0,0.0,1.0,0.0,0.0,,1.0,0.0,,1.0,1.0,1.0,1.0,1.0,1.0,0.0,0.0,1.0,0.0,,0.0,,,1.0,1.0,1.0,0.0,1.0,1.0,1.0,1.0,1.0,1.0,0.0,1.0,0.0,0.0,0.0,0.0,,1.0,1.0,1.0,1.0,1.0,0.0,1.0,1.0,1.0,1.0,1.0
Paulo Rubem Santiago,1.0,1.0,0.0,1.0,1.0,1.0,1.0,1.0,,,,1.0,1.0,0.0,1.0,0.0,1.0,1.0,1.0,1.0,,1.0,,0.0,1.0,1.0,,1.0,,0.0,,1.0,0.0,1.0,0.0,1.0,1.0,1.0,0.0,0.0,,1.0,0.0,0.0,1.0,0.0,1.0,1.0,0.0,0.0,1.0,,,,,1.0,0.0,,0.0,1.0,,1.0,1.0,0.0,1.0,1.0,1.0,0.0,,1.0,0.0,1.0,,0.0,,0.0,1.0,0.0,0.0,0.0,0.0,0.0,0.0,0.0,0.0,0.0,0.0,0.0,,,0.0,0.0,1.0,0.0,,1.0,,,1.0,0.0,,0.0,,0.0,0.0,0.0,1.0,0.0,1.0,1.0,0.0,0.0,0.0,1.0,1.0,0.0,1.0,0.0,1.0,0.0,0.0,,0.0,1.0,0.0,,0.0,,0.0,1.0,0.0,1.0,0.0,0.0,1.0,0.0,0.0,0.0,0.0,1.0,1.0,1.0,0.0,,0.0,,0.0,0.0,,1.0,0.0,0.0,0.0,1.0,1.0,1.0,,1.0,,1.0,1.0,1.0,1.0,,0.0,,1.0,,1.0,,1.0,0.0,,0.0,1.0,,,,1.0,0.0,,,,,1.0,1.0,0.0,,0.0,,0.0,1.0,1.0,1.0,1.0,1.0,1.0,0.0,0.0,,0.0,0.0,1.0,1.0,0.0,0.0,,1.0,0.0,0.0,0.0,,0.0,0.0,,0.0,0.0,,0.0,0.0,1.0,0.0,,1.0,0.0,,1.0,0.0,,0.0,0.0,0.0,0.0,,,0.0,1.0,1.0,1.0,1.0,0.0,0.0,1.0,,0.0,1.0,,0.0,0.0,0.0,0.0,,0.0,0.0,1.0,0.0,0.0,1.0,1.0,0.0,1.0,1.0,1.0,1.0,,,,0.0,,1.0,0.0,,0.0,,1.0,0.0,1.0,0.0,1.0,1.0,0.0,0.0,1.0,,0.0,0.0,0.0,0.0,1.0,,0.0,1.0,1.0,0.0,0.0,,1.0,,1.0,,0.0,0.0,1.0,1.0,0.0,,1.0,,0.0,0.0,0.0,0.0,1.0,0.0,0.0,1.0,0.0,0.0,0.0,0.0,0.0,1.0,,,,1.0,,,,,,,,1.0,,1.0,,1.0,,,,,0.0,0.0,,0.0,0.0,0.0,0.0,,0.0,1.0,0.0,0.0,,1.0,,0.0,,,,1.0,1.0,1.0,0.0,0.0,1.0,1.0,0.0,0.0,,1.0,1.0,1.0,,,,,,1.0,1.0,1.0,0.0,1.0,0.0,0.0,,0.0,0.0,1.0,,,1.0,,0.0,1.0,,0.0,0.0,
Paulo Teixeira,1.0,,0.0,1.0,1.0,1.0,,1.0,1.0,0.0,0.0,,,0.0,1.0,1.0,1.0,1.0,1.0,1.0,,1.0,,1.0,1.0,1.0,0.0,1.0,0.0,0.0,1.0,1.0,,1.0,0.0,1.0,1.0,1.0,0.0,0.0,,1.0,0.0,0.0,1.0,0.0,,1.0,,,1.0,1.0,1.0,1.0,1.0,1.0,0.0,0.0,0.0,1.0,1.0,0.0,1.0,0.0,1.0,1.0,1.0,0.0,,,,1.0,0.0,0.0,,,1.0,,0.0,0.0,0.0,,0.0,0.0,0.0,0.0,0.0,,0.0,0.0,,,1.0,0.0,1.0,1.0,1.0,1.0,1.0,0.0,1.0,0.0,0.0,0.0,0.0,0.0,1.0,0.0,1.0,1.0,0.0,,0.0,1.0,1.0,1.0,1.0,0.0,1.0,0.0,1.0,,,,0.0,1.0,0.0,1.0,0.0,1.0,,0.0,,,1.0,0.0,0.0,0.0,0.0,,,1.0,0.0,0.0,0.0,,0.0,0.0,1.0,1.0,0.0,1.0,,,,,0.0,1.0,1.0,1.0,1.0,1.0,1.0,0.0,0.0,1.0,,1.0,1.0,0.0,1.0,0.0,1.0,0.0,1.0,0.0,0.0,0.0,0.0,0.0,1.0,0.0,0.0,0.0,1.0,1.0,0.0,,,1.0,0.0,1.0,1.0,0.0,0.0,1.0,,1.0,,1.0,0.0,0.0,1.0,1.0,0.0,0.0,,0.0,0.0,1.0,1.0,0.0,1.0,0.0,1.0,0.0,0.0,0.0,,0.0,1.0,0.0,0.0,,,0.0,1.0,0.0,0.0,0.0,0.0,,0.0,1.0,,,1.0,1.0,1.0,1.0,0.0,0.0,1.0,,0.0,,0.0,0.0,0.0,0.0,0.0,1.0,0.0,0.0,0.0,,0.0,,1.0,,,,,1.0,1.0,,,0.0,0.0,1.0,0.0,,0.0,1.0,1.0,,1.0,,,1.0,0.0,0.0,1.0,,,,0.0,1.0,1.0,1.0,1.0,1.0,0.0,1.0,0.0,0.0,,,1.0,1.0,0.0,0.0,1.0,1.0,,1.0,1.0,1.0,,1.0,0.0,0.0,1.0,0.0,1.0,,,1.0,,,,1.0,0.0,1.0,1.0,1.0,0.0,0.0,0.0,1.0,1.0,0.0,1.0,0.0,1.0,1.0,0.0,1.0,1.0,0.0,0.0,,0.0,0.0,0.0,,0.0,0.0,0.0,0.0,0.0,1.0,0.0,0.0,0.0,1.0,0.0,0.0,1.0,1.0,1.0,1.0,,1.0,0.0,0.0,1.0,0.0,1.0,0.0,1.0,1.0,,1.0,,,,1.0,1.0,,1.0,1.0,0.0,1.0,0.0,0.0,,0.0,,1.0,,1.0,1.0,1.0,0.0,1.0,1.0,,1.0,1.0
Pedro Chaves,1.0,1.0,0.0,1.0,1.0,1.0,1.0,,1.0,0.0,0.0,0.0,1.0,,,0.0,,,1.0,1.0,1.0,1.0,1.0,1.0,1.0,1.0,0.0,1.0,0.0,0.0,1.0,1.0,0.0,0.0,1.0,1.0,1.0,1.0,1.0,,0.0,1.0,0.0,0.0,1.0,0.0,1.0,1.0,,0.0,1.0,1.0,1.0,1.0,1.0,1.0,0.0,0.0,0.0,1.0,1.0,1.0,1.0,0.0,,1.0,1.0,0.0,0.0,1.0,1.0,1.0,0.0,0.0,0.0,0.0,1.0,0.0,0.0,,0.0,0.0,,0.0,0.0,0.0,0.0,,0.0,0.0,0.0,1.0,1.0,0.0,1.0,1.0,1.0,1.0,1.0,0.0,1.0,0.0,,,0.0,0.0,1.0,0.0,1.0,1.0,0.0,1.0,1.0,1.0,1.0,1.0,1.0,0.0,1.0,0.0,1.0,1.0,0.0,1.0,0.0,1.0,0.0,1.0,0.0,1.0,0.0,1.0,1.0,0.0,1.0,0.0,0.0,0.0,1.0,1.0,,1.0,0.0,0.0,0.0,,0.0,0.0,1.0,1.0,,1.0,0.0,1.0,1.0,1.0,0.0,1.0,1.0,1.0,1.0,1.0,1.0,0.0,0.0,1.0,1.0,1.0,1.0,0.0,1.0,0.0,1.0,0.0,1.0,0.0,0.0,0.0,1.0,0.0,1.0,0.0,0.0,0.0,1.0,1.0,0.0,1.0,0.0,1.0,0.0,,,1.0,0.0,1.0,,1.0,,1.0,,0.0,1.0,1.0,0.0,0.0,0.0,0.0,0.0,1.0,1.0,0.0,1.0,0.0,1.0,0.0,0.0,0.0,,0.0,1.0,0.0,1.0,1.0,0.0,0.0,1.0,0.0,0.0,0.0,0.0,0.0,0.0,,0.0,,1.0,1.0,1.0,1.0,0.0,1.0,1.0,,0.0,1.0,0.0,0.0,0.0,1.0,1.0,1.0,0.0,0.0,0.0,0.0,0.0,0.0,1.0,0.0,1.0,1.0,1.0,1.0,1.0,0.0,0.0,0.0,0.0,,,1.0,0.0,1.0,1.0,0.0,1.0,0.0,1.0,1.0,1.0,0.0,1.0,0.0,0.0,1.0,0.0,1.0,1.0,1.0,1.0,1.0,1.0,1.0,1.0,1.0,1.0,1.0,1.0,1.0,0.0,0.0,1.0,1.0,,0.0,1.0,1.0,1.0,1.0,,,1.0,0.0,0.0,0.0,0.0,0.0,0.0,0.0,0.0,1.0,1.0,1.0,1.0,1.0,0.0,0.0,0.0,1.0,1.0,0.0,1.0,,1.0,1.0,0.0,1.0,1.0,0.0,0.0,1.0,,0.0,0.0,,0.0,0.0,0.0,0.0,0.0,1.0,0.0,0.0,0.0,1.0,0.0,,1.0,1.0,1.0,1.0,1.0,1.0,0.0,0.0,1.0,0.0,1.0,0.0,1.0,1.0,1.0,1.0,1.0,0.0,1.0,1.0,1.0,1.0,1.0,1.0,,,0.0,,0.0,0.0,0.0,1.0,1.0,1.0,1.0,,0.0,1.0,1.0,1.0,1.0,
Pedro Eugênio,1.0,1.0,0.0,1.0,,1.0,1.0,1.0,,1.0,,,1.0,,,,,,,,,,,,,1.0,0.0,1.0,0.0,0.0,,1.0,0.0,1.0,0.0,,1.0,1.0,0.0,0.0,0.0,1.0,0.0,0.0,1.0,0.0,1.0,1.0,0.0,0.0,1.0,1.0,1.0,1.0,1.0,1.0,0.0,,,1.0,1.0,,1.0,0.0,1.0,1.0,1.0,0.0,0.0,,0.0,,,,0.0,0.0,1.0,0.0,0.0,0.0,0.0,0.0,0.0,0.0,0.0,0.0,,0.0,0.0,0.0,,0.0,1.0,0.0,1.0,1.0,1.0,1.0,1.0,0.0,1.0,0.0,0.0,0.0,0.0,0.0,1.0,0.0,1.0,1.0,0.0,1.0,,,1.0,1.0,1.0,0.0,1.0,0.0,1.0,1.0,0.0,,0.0,,,1.0,0.0,1.0,,0.0,1.0,0.0,1.0,0.0,,0.0,0.0,1.0,1.0,1.0,,,,0.0,0.0,,1.0,0.0,0.0,,0.0,1.0,,1.0,0.0,1.0,1.0,1.0,1.0,1.0,1.0,0.0,0.0,0.0,1.0,1.0,,0.0,1.0,0.0,1.0,,,0.0,0.0,0.0,1.0,0.0,1.0,,0.0,,1.0,1.0,,1.0,0.0,1.0,0.0,,1.0,0.0,0.0,,1.0,1.0,,1.0,,0.0,1.0,1.0,,0.0,0.0,,,1.0,1.0,0.0,1.0,0.0,1.0,0.0,,0.0,0.0,0.0,1.0,0.0,,1.0,0.0,0.0,1.0,0.0,0.0,0.0,,,,1.0,0.0,0.0,1.0,1.0,1.0,,,0.0,1.0,,,1.0,0.0,0.0,0.0,0.0,0.0,1.0,0.0,,0.0,,,,1.0,0.0,,1.0,1.0,1.0,1.0,0.0,0.0,0.0,,1.0,0.0,,0.0,1.0,1.0,0.0,1.0,0.0,1.0,,,,1.0,,,,0.0,1.0,1.0,1.0,1.0,,,1.0,0.0,0.0,1.0,,,1.0,0.0,,1.0,1.0,0.0,,,,0.0,1.0,0.0,,1.0,0.0,1.0,0.0,,1.0,0.0,0.0,0.0,,,1.0,1.0,1.0,0.0,0.0,0.0,1.0,1.0,0.0,1.0,0.0,1.0,1.0,,1.0,1.0,0.0,,,0.0,0.0,0.0,0.0,,0.0,,0.0,0.0,1.0,0.0,0.0,0.0,1.0,,0.0,,1.0,1.0,1.0,1.0,,0.0,0.0,1.0,,,,,1.0,1.0,1.0,,,,1.0,,,,,,,,,0.0,,,1.0,1.0,1.0,1.0,1.0,0.0,1.0,1.0,1.0,1.0,1.0
Pedro Fernandes,1.0,1.0,0.0,1.0,1.0,1.0,1.0,1.0,1.0,1.0,0.0,0.0,,0.0,1.0,0.0,1.0,1.0,1.0,1.0,1.0,1.0,1.0,1.0,1.0,1.0,0.0,,0.0,0.0,1.0,1.0,0.0,1.0,0.0,1.0,1.0,1.0,0.0,0.0,0.0,1.0,0.0,0.0,1.0,0.0,1.0,1.0,0.0,0.0,1.0,1.0,1.0,1.0,1.0,1.0,0.0,0.0,0.0,1.0,1.0,0.0,1.0,0.0,,1.0,1.0,,0.0,1.0,0.0,1.0,0.0,0.0,0.0,0.0,1.0,0.0,0.0,0.0,0.0,0.0,0.0,0.0,0.0,0.0,0.0,0.0,0.0,0.0,0.0,0.0,1.0,0.0,1.0,1.0,,1.0,1.0,0.0,1.0,0.0,0.0,0.0,0.0,0.0,1.0,0.0,1.0,1.0,0.0,,0.0,1.0,1.0,1.0,1.0,0.0,1.0,0.0,1.0,1.0,0.0,1.0,0.0,1.0,0.0,0.0,1.0,1.0,1.0,0.0,,0.0,1.0,0.0,0.0,,0.0,1.0,0.0,1.0,0.0,0.0,0.0,0.0,0.0,0.0,1.0,1.0,0.0,0.0,0.0,1.0,1.0,1.0,,1.0,1.0,1.0,,1.0,,0.0,,1.0,1.0,1.0,1.0,0.0,,0.0,1.0,0.0,1.0,0.0,0.0,0.0,1.0,0.0,1.0,0.0,,,1.0,1.0,0.0,,0.0,1.0,1.0,0.0,0.0,1.0,0.0,1.0,1.0,1.0,0.0,1.0,0.0,0.0,1.0,1.0,0.0,0.0,0.0,0.0,0.0,1.0,1.0,0.0,1.0,0.0,1.0,0.0,,0.0,0.0,0.0,1.0,0.0,1.0,1.0,0.0,,1.0,0.0,0.0,0.0,0.0,0.0,0.0,1.0,0.0,0.0,1.0,1.0,1.0,1.0,0.0,1.0,1.0,1.0,0.0,1.0,,0.0,0.0,1.0,1.0,1.0,,0.0,0.0,0.0,0.0,0.0,1.0,0.0,1.0,1.0,1.0,1.0,1.0,0.0,0.0,0.0,0.0,1.0,0.0,1.0,0.0,1.0,1.0,0.0,1.0,0.0,1.0,1.0,1.0,0.0,1.0,0.0,0.0,1.0,0.0,1.0,1.0,1.0,1.0,,1.0,1.0,1.0,1.0,,,1.0,1.0,0.0,0.0,1.0,1.0,0.0,,1.0,1.0,0.0,1.0,0.0,0.0,1.0,,1.0,0.0,0.0,0.0,1.0,1.0,0.0,1.0,1.0,1.0,1.0,1.0,0.0,0.0,0.0,1.0,1.0,0.0,1.0,1.0,1.0,1.0,,1.0,1.0,,0.0,1.0,0.0,0.0,,0.0,0.0,0.0,0.0,1.0,0.0,1.0,0.0,0.0,,1.0,0.0,0.0,1.0,1.0,1.0,1.0,1.0,1.0,0.0,0.0,1.0,1.0,0.0,1.0,0.0,1.0,1.0,1.0,1.0,0.0,1.0,1.0,1.0,1.0,1.0,1.0,0.0,1.0,0.0,,0.0,0.0,0.0,1.0,1.0,1.0,1.0,1.0,0.0,1.0,1.0,1.0,1.0,1.0
Pedro Henry,,1.0,0.0,,,1.0,,,,,,0.0,1.0,,,,,,,,,,,,,1.0,0.0,1.0,0.0,,1.0,1.0,0.0,,,,1.0,1.0,1.0,0.0,,1.0,0.0,0.0,1.0,0.0,,,0.0,0.0,1.0,1.0,1.0,1.0,1.0,,0.0,0.0,0.0,1.0,,1.0,1.0,0.0,,1.0,1.0,0.0,,1.0,0.0,1.0,0.0,0.0,0.0,,1.0,0.0,,0.0,0.0,0.0,0.0,0.0,0.0,0.0,0.0,,0.0,0.0,0.0,1.0,1.0,0.0,,1.0,1.0,,1.0,0.0,,0.0,0.0,0.0,0.0,,,,,1.0,,1.0,1.0,,,,1.0,0.0,1.0,0.0,1.0,1.0,0.0,,0.0,,0.0,0.0,1.0,,,,1.0,,,,,0.0,1.0,1.0,1.0,,,,,0.0,0.0,0.0,1.0,1.0,,,,,,,,,1.0,,1.0,,1.0,0.0,,,,1.0,1.0,0.0,1.0,0.0,1.0,,,0.0,0.0,0.0,1.0,0.0,1.0,0.0,,0.0,,,,,0.0,,,0.0,0.0,1.0,0.0,1.0,1.0,1.0,0.0,1.0,0.0,0.0,1.0,,0.0,0.0,,,,1.0,1.0,0.0,1.0,0.0,1.0,0.0,,,,,,,,,,,1.0,,,,,,0.0,,,0.0,,1.0,1.0,1.0,,0.0,,,0.0,1.0,0.0,,0.0,1.0,0.0,0.0,0.0,0.0,0.0,0.0,0.0,0.0,1.0,,1.0,,,1.0,1.0,0.0,,,0.0,,,,0.0,,,,,,1.0,1.0,,,,,,,,,,1.0,1.0,1.0,1.0,,0.0,1.0,1.0,,,1.0,,,,,0.0,,,,1.0,1.0,,0.0,1.0,,0.0,0.0,0.0,1.0,0.0,1.0,0.0,,1.0,,1.0,1.0,0.0,0.0,0.0,1.0,1.0,0.0,1.0,0.0,1.0,,0.0,,1.0,0.0,0.0,,0.0,0.0,0.0,0.0,0.0,0.0,0.0,,0.0,1.0,0.0,0.0,0.0,,0.0,0.0,1.0,1.0,1.0,1.0,1.0,,,,,,,,,,,,,,,,,,1.0,,,,,,,,,1.0,,,1.0,1.0,0.0,,,,,
Pedro Novais,,1.0,0.0,1.0,,,1.0,,1.0,,0.0,0.0,,,,0.0,,,,,1.0,1.0,,,1.0,1.0,,1.0,0.0,0.0,1.0,1.0,0.0,1.0,,,1.0,1.0,1.0,,,,,0.0,1.0,0.0,1.0,1.0,0.0,0.0,1.0,,,,,,,0.0,0.0,1.0,1.0,,1.0,,1.0,,,0.0,0.0,1.0,1.0,1.0,0.0,0.0,,,,0.0,0.0,0.0,,0.0,,,,,,,,,0.0,1.0,,,1.0,1.0,,,1.0,0.0,1.0,0.0,,,0.0,0.0,,,1.0,1.0,,1.0,0.0,1.0,1.0,1.0,1.0,0.0,,0.0,1.0,,0.0,1.0,,,,1.0,,1.0,0.0,1.0,1.0,0.0,1.0,0.0,0.0,,1.0,,1.0,1.0,0.0,,0.0,0.0,1.0,0.0,1.0,,0.0,,0.0,,1.0,1.0,,1.0,1.0,,1.0,1.0,1.0,0.0,0.0,,1.0,1.0,1.0,,1.0,0.0,1.0,0.0,,,0.0,,1.0,,1.0,,,0.0,1.0,1.0,0.0,,0.0,1.0,0.0,,1.0,0.0,0.0,1.0,,1.0,,1.0,0.0,0.0,1.0,1.0,0.0,,0.0,,0.0,1.0,1.0,0.0,1.0,,1.0,0.0,0.0,,0.0,,,,0.0,1.0,0.0,0.0,1.0,,0.0,0.0,0.0,0.0,,1.0,,0.0,1.0,1.0,1.0,1.0,0.0,,,,,1.0,0.0,0.0,0.0,1.0,,1.0,0.0,0.0,0.0,0.0,,,,,1.0,1.0,1.0,,,0.0,0.0,0.0,0.0,,,1.0,0.0,1.0,1.0,,,,,1.0,1.0,,1.0,0.0,0.0,,0.0,1.0,1.0,1.0,1.0,1.0,1.0,1.0,1.0,1.0,1.0,1.0,,1.0,0.0,0.0,,,,0.0,1.0,1.0,0.0,,,0.0,1.0,,0.0,0.0,0.0,0.0,0.0,0.0,0.0,1.0,,,1.0,1.0,,0.0,0.0,,1.0,0.0,,0.0,,1.0,0.0,,,0.0,0.0,,,1.0,0.0,0.0,0.0,,,,0.0,1.0,0.0,,0.0,,,,,,,1.0,,,,0.0,1.0,,1.0,0.0,,1.0,1.0,,1.0,0.0,1.0,,,,1.0,1.0,,,0.0,,,0.0,0.0,1.0,,,1.0,,0.0,,,1.0,,1.0
Pedro Valadares,,,,,,,,,,1.0,,,,,,,,,,,,,,,,,,,,,,,,,,,,,,1.0,,0.0,,1.0,,,,,,,,,,,,1.0,,,,,,,,,,,,,,,,,,,,,,,,,,,,,,,,,,,,,,,,,,,,,,,,,,,,,,,,,,,,,1.0,,,,,,,,,1.0,,,,,,,,,,,,,,,,,,,,,,,,0.0,,,,,,,,,,,,,,,,,,,,,,,,,,,,,,,,,,,,,,,,,,,,,,,,,,,,,,,,,,,,,,,,,,,,,,,,,1.0,1.0,,1.0,,,,,,,,0.0,,,,,,,,,,,,,,,,,,,,,,,,,,,,,,,,,,,,,,,,,,,,,,,,,,,,,,,,,,,,,,,,,,,,,,,,,,,,,,,,,,,,,,,,,,,,,,,,,,,,,,,,,,,,,,,,,,,,,,,,,,,,,,,,,,,,,,,,,,,,,,,,,,,,,,,,,,,,,1.0,1.0,,0.0,1.0,,,,,1.0
Pedro Wilson,1.0,1.0,0.0,1.0,1.0,1.0,,1.0,,0.0,0.0,,,0.0,1.0,1.0,1.0,1.0,1.0,1.0,1.0,1.0,,1.0,1.0,1.0,0.0,1.0,0.0,0.0,1.0,1.0,0.0,1.0,0.0,1.0,1.0,,0.0,0.0,0.0,1.0,0.0,0.0,1.0,0.0,1.0,1.0,0.0,0.0,1.0,1.0,1.0,1.0,1.0,1.0,0.0,0.0,0.0,1.0,1.0,1.0,1.0,,1.0,,1.0,0.0,0.0,1.0,0.0,1.0,0.0,0.0,0.0,0.0,,0.0,0.0,0.0,,0.0,0.0,0.0,0.0,0.0,0.0,0.0,,0.0,0.0,0.0,1.0,0.0,1.0,1.0,1.0,1.0,1.0,0.0,1.0,0.0,0.0,0.0,0.0,0.0,1.0,0.0,1.0,1.0,0.0,1.0,0.0,1.0,1.0,1.0,1.0,0.0,1.0,0.0,1.0,1.0,0.0,1.0,0.0,1.0,0.0,1.0,0.0,1.0,0.0,0.0,1.0,0.0,1.0,0.0,0.0,0.0,0.0,1.0,1.0,1.0,0.0,0.0,0.0,0.0,0.0,0.0,1.0,1.0,0.0,1.0,0.0,,1.0,1.0,0.0,1.0,1.0,1.0,1.0,1.0,1.0,0.0,0.0,1.0,1.0,1.0,1.0,0.0,1.0,0.0,1.0,0.0,1.0,0.0,0.0,0.0,1.0,0.0,1.0,0.0,0.0,0.0,1.0,1.0,0.0,1.0,,1.0,0.0,1.0,1.0,0.0,0.0,1.0,,1.0,,1.0,0.0,0.0,1.0,1.0,0.0,0.0,0.0,0.0,0.0,1.0,1.0,0.0,1.0,0.0,1.0,0.0,0.0,0.0,0.0,0.0,1.0,0.0,0.0,1.0,,0.0,1.0,,0.0,0.0,0.0,0.0,0.0,1.0,0.0,0.0,1.0,1.0,1.0,1.0,0.0,0.0,1.0,1.0,0.0,1.0,0.0,0.0,0.0,0.0,0.0,1.0,0.0,0.0,0.0,0.0,,,,,,1.0,1.0,1.0,1.0,0.0,0.0,,0.0,1.0,0.0,1.0,,1.0,1.0,0.0,1.0,0.0,1.0,1.0,0.0,0.0,1.0,0.0,0.0,0.0,0.0,1.0,,1.0,1.0,1.0,0.0,1.0,0.0,,1.0,1.0,1.0,1.0,0.0,0.0,1.0,1.0,0.0,,1.0,,,1.0,0.0,,1.0,0.0,1.0,0.0,0.0,1.0,0.0,0.0,0.0,1.0,,1.0,1.0,1.0,,0.0,,1.0,1.0,,,0.0,1.0,,0.0,1.0,1.0,,0.0,1.0,0.0,0.0,,,,0.0,0.0,0.0,0.0,1.0,0.0,0.0,,1.0,0.0,0.0,1.0,1.0,1.0,1.0,1.0,1.0,0.0,0.0,1.0,1.0,1.0,,1.0,1.0,1.0,1.0,1.0,0.0,1.0,1.0,1.0,1.0,,1.0,0.0,1.0,0.0,0.0,0.0,0.0,0.0,,1.0,1.0,1.0,1.0,0.0,1.0,1.0,,0.0,1.0
Pepe Vargas,,1.0,0.0,,,1.0,,1.0,1.0,0.0,0.0,0.0,1.0,0.0,1.0,1.0,1.0,1.0,,,,,,,,1.0,0.0,1.0,0.0,0.0,1.0,1.0,0.0,1.0,0.0,1.0,1.0,,0.0,0.0,0.0,1.0,,0.0,1.0,0.0,1.0,1.0,0.0,0.0,1.0,1.0,1.0,1.0,1.0,1.0,0.0,0.0,0.0,1.0,1.0,1.0,1.0,0.0,1.0,1.0,1.0,0.0,0.0,1.0,0.0,,0.0,0.0,0.0,0.0,,,,,,0.0,0.0,0.0,,,,,,,0.0,0.0,1.0,0.0,1.0,1.0,1.0,1.0,1.0,0.0,1.0,0.0,0.0,0.0,0.0,,,,1.0,1.0,0.0,,0.0,1.0,,1.0,1.0,,1.0,0.0,1.0,1.0,0.0,1.0,0.0,1.0,0.0,1.0,0.0,1.0,,0.0,,0.0,,0.0,0.0,,0.0,,,1.0,0.0,0.0,0.0,0.0,0.0,0.0,1.0,1.0,0.0,1.0,,,,,0.0,,1.0,1.0,1.0,1.0,1.0,0.0,0.0,1.0,1.0,1.0,1.0,0.0,1.0,0.0,1.0,0.0,1.0,0.0,0.0,,,0.0,1.0,0.0,0.0,0.0,1.0,1.0,0.0,1.0,0.0,1.0,,,,,0.0,1.0,1.0,1.0,0.0,,,0.0,1.0,1.0,0.0,0.0,0.0,0.0,0.0,1.0,1.0,0.0,1.0,0.0,1.0,0.0,0.0,0.0,0.0,0.0,,,0.0,1.0,0.0,0.0,1.0,,0.0,0.0,0.0,0.0,0.0,1.0,0.0,0.0,1.0,1.0,1.0,1.0,0.0,0.0,1.0,1.0,0.0,1.0,0.0,,0.0,0.0,0.0,1.0,0.0,0.0,0.0,0.0,0.0,0.0,1.0,0.0,1.0,1.0,1.0,1.0,1.0,0.0,0.0,0.0,0.0,1.0,0.0,1.0,0.0,1.0,1.0,0.0,1.0,0.0,,1.0,,0.0,1.0,,0.0,0.0,0.0,,1.0,1.0,1.0,1.0,0.0,1.0,,0.0,1.0,1.0,1.0,,,,1.0,1.0,0.0,1.0,1.0,1.0,0.0,1.0,0.0,0.0,1.0,0.0,1.0,0.0,0.0,1.0,0.0,0.0,0.0,1.0,,1.0,,1.0,0.0,,,,,0.0,,,0.0,1.0,0.0,1.0,1.0,0.0,0.0,1.0,0.0,0.0,0.0,0.0,0.0,0.0,0.0,0.0,0.0,1.0,0.0,0.0,0.0,1.0,0.0,0.0,,,,,1.0,,,,,1.0,1.0,,,1.0,1.0,1.0,1.0,0.0,1.0,,0.0,0.0,1.0,,,,,0.0,,0.0,0.0,1.0,1.0,1.0,1.0,0.0,0.0,1.0,,,,
Perpétua Almeida,1.0,,0.0,,,1.0,1.0,,,0.0,1.0,0.0,,,,,,,1.0,,1.0,1.0,1.0,1.0,1.0,1.0,,1.0,0.0,0.0,1.0,1.0,0.0,1.0,0.0,,1.0,1.0,0.0,0.0,0.0,1.0,,,1.0,0.0,1.0,1.0,0.0,,1.0,1.0,1.0,1.0,1.0,,0.0,0.0,0.0,1.0,,,1.0,0.0,1.0,1.0,1.0,0.0,0.0,,1.0,,0.0,0.0,,,1.0,0.0,0.0,1.0,0.0,0.0,0.0,0.0,0.0,0.0,0.0,0.0,0.0,,,0.0,1.0,0.0,1.0,,,1.0,,0.0,1.0,1.0,1.0,1.0,0.0,0.0,1.0,0.0,1.0,1.0,,1.0,0.0,1.0,1.0,1.0,1.0,,1.0,0.0,1.0,,0.0,,,,0.0,1.0,0.0,,0.0,1.0,1.0,0.0,1.0,0.0,0.0,0.0,1.0,1.0,1.0,1.0,0.0,0.0,0.0,0.0,0.0,0.0,1.0,1.0,0.0,1.0,0.0,1.0,,1.0,0.0,1.0,1.0,1.0,1.0,1.0,1.0,0.0,0.0,1.0,1.0,1.0,1.0,0.0,,,,,,,,,,0.0,,,,0.0,1.0,,0.0,1.0,0.0,,0.0,1.0,1.0,0.0,0.0,,,,,1.0,0.0,0.0,1.0,1.0,0.0,0.0,0.0,0.0,0.0,1.0,1.0,0.0,1.0,0.0,,,0.0,0.0,0.0,0.0,1.0,0.0,,1.0,0.0,0.0,1.0,,0.0,0.0,0.0,0.0,0.0,,,,,1.0,,,0.0,0.0,1.0,1.0,0.0,,,0.0,,,,,0.0,0.0,0.0,0.0,,,,0.0,1.0,1.0,1.0,1.0,1.0,0.0,,,0.0,1.0,0.0,1.0,0.0,1.0,1.0,0.0,1.0,0.0,,1.0,,0.0,1.0,1.0,1.0,0.0,0.0,1.0,1.0,0.0,0.0,1.0,1.0,1.0,0.0,,1.0,1.0,1.0,1.0,1.0,0.0,1.0,1.0,,0.0,,,0.0,0.0,0.0,0.0,1.0,0.0,1.0,1.0,1.0,,,,,,,,,1.0,0.0,0.0,0.0,1.0,1.0,0.0,,,,,,1.0,1.0,0.0,0.0,,0.0,0.0,0.0,0.0,0.0,0.0,0.0,1.0,0.0,1.0,0.0,0.0,0.0,,0.0,0.0,1.0,1.0,1.0,,1.0,1.0,0.0,0.0,,,0.0,,1.0,1.0,0.0,0.0,1.0,0.0,1.0,,,,1.0,1.0,0.0,1.0,0.0,,,,0.0,1.0,1.0,1.0,1.0,,0.0,1.0,1.0,0.0,0.0,
Pinto Itamaraty,1.0,0.0,1.0,,1.0,,1.0,1.0,1.0,,0.0,,,,,0.0,1.0,1.0,,,,,1.0,1.0,1.0,0.0,,,,,,1.0,,,,1.0,,1.0,0.0,,,,,,0.0,1.0,0.0,1.0,,,0.0,,,,,1.0,0.0,1.0,,0.0,1.0,0.0,,,0.0,0.0,0.0,,,0.0,1.0,0.0,0.0,,,0.0,0.0,1.0,,1.0,0.0,0.0,0.0,0.0,0.0,0.0,0.0,1.0,0.0,0.0,0.0,1.0,1.0,0.0,0.0,0.0,1.0,1.0,1.0,0.0,0.0,0.0,0.0,1.0,1.0,,,,0.0,0.0,,1.0,,0.0,0.0,0.0,,1.0,1.0,0.0,1.0,1.0,1.0,1.0,,1.0,,0.0,1.0,,0.0,0.0,1.0,1.0,,,,,0.0,,0.0,,,,,,,,,,,0.0,,0.0,0.0,0.0,1.0,0.0,1.0,,0.0,0.0,,1.0,,,0.0,0.0,1.0,,,,,,,,,,1.0,,,,,,0.0,0.0,,0.0,,0.0,,0.0,0.0,0.0,0.0,0.0,1.0,0.0,,,,,,,,,,,1.0,0.0,,,0.0,,,,,,,,,,,,0.0,1.0,1.0,,,,,,,,,,1.0,0.0,1.0,,,,0.0,0.0,,,,,,1.0,,,,,,,,,,,,,0.0,0.0,0.0,0.0,,,1.0,,,,,,,1.0,0.0,,,,1.0,,,0.0,0.0,1.0,,,,1.0,,,1.0,,,0.0,0.0,,,,1.0,1.0,0.0,1.0,1.0,0.0,,,1.0,,,,,1.0,1.0,0.0,0.0,0.0,0.0,0.0,0.0,,,1.0,1.0,1.0,1.0,,,,0.0,1.0,1.0,1.0,1.0,,,0.0,,,,0.0,,1.0,,,,,,0.0,,,,,,,,,,,0.0,1.0,,,,,,,0.0,,,,,,,,,,1.0,1.0,1.0,,,,,,,,,0.0,,,0.0,0.0,,1.0,,,1.0,1.0
Pompeo de Mattos,1.0,1.0,0.0,1.0,1.0,,,1.0,,,,1.0,,0.0,1.0,,,,,,,,,,,1.0,,1.0,,0.0,1.0,,0.0,,,1.0,,1.0,,0.0,0.0,1.0,0.0,0.0,1.0,0.0,1.0,1.0,0.0,,1.0,1.0,1.0,1.0,1.0,,,,,1.0,1.0,1.0,1.0,,1.0,,1.0,,,1.0,0.0,1.0,,,0.0,,1.0,0.0,,,0.0,0.0,0.0,,0.0,0.0,0.0,0.0,,0.0,0.0,,,0.0,,1.0,,1.0,1.0,0.0,,0.0,1.0,1.0,,,,,,,0.0,1.0,1.0,1.0,,1.0,,0.0,1.0,0.0,1.0,1.0,0.0,,0.0,,0.0,0.0,0.0,,1.0,0.0,1.0,0.0,,0.0,,,1.0,1.0,1.0,1.0,,,0.0,,0.0,0.0,1.0,1.0,,1.0,,1.0,,1.0,0.0,1.0,,1.0,1.0,1.0,1.0,0.0,0.0,1.0,,1.0,1.0,,1.0,,1.0,,1.0,0.0,0.0,0.0,1.0,,,,0.0,0.0,1.0,,0.0,,,,,0.0,0.0,1.0,0.0,1.0,1.0,,0.0,,,,,,,,,,0.0,1.0,1.0,,1.0,,,,0.0,,0.0,0.0,,0.0,1.0,1.0,,0.0,1.0,0.0,0.0,0.0,0.0,0.0,0.0,,0.0,0.0,1.0,,,,,0.0,,1.0,0.0,,0.0,,0.0,0.0,,1.0,,,,0.0,,,1.0,0.0,1.0,,1.0,1.0,,0.0,0.0,,,1.0,0.0,1.0,0.0,,1.0,,,0.0,1.0,1.0,,,,,0.0,0.0,0.0,,1.0,1.0,1.0,,,,0.0,1.0,,,,1.0,0.0,,1.0,1.0,,,,,1.0,1.0,0.0,0.0,,,0.0,,,0.0,1.0,,1.0,,,,1.0,1.0,,,,1.0,1.0,,,,,,0.0,,,,0.0,,,0.0,,0.0,0.0,0.0,0.0,,,1.0,,0.0,,,,,1.0,,,1.0,1.0,,0.0,0.0,1.0,1.0,,,,,1.0,1.0,,,,1.0,,1.0,1.0,,,,,0.0,,,,1.0,,,,1.0,0.0,1.0,,,1.0,1.0
Professor Ruy Pauletti,1.0,,1.0,0.0,1.0,,1.0,1.0,1.0,,1.0,,1.0,0.0,1.0,0.0,1.0,1.0,,,,,,,,0.0,,,,,,1.0,1.0,,,1.0,1.0,1.0,1.0,,,,,,0.0,,0.0,1.0,,,0.0,0.0,0.0,,,,0.0,,,0.0,,0.0,,,0.0,0.0,0.0,,,0.0,1.0,0.0,,,,,0.0,1.0,,1.0,,,,,,0.0,0.0,1.0,0.0,0.0,,1.0,1.0,0.0,0.0,,,,1.0,1.0,0.0,,,,1.0,,,,0.0,0.0,,0.0,0.0,0.0,0.0,0.0,,,1.0,1.0,1.0,1.0,1.0,1.0,,1.0,,0.0,,,0.0,0.0,1.0,,,,,,1.0,,,,,,,,,,,1.0,1.0,,,,0.0,0.0,1.0,,1.0,,,0.0,,1.0,,0.0,0.0,0.0,1.0,,,,,,,,,,1.0,,,,,,,,,0.0,,0.0,,0.0,0.0,1.0,1.0,,,0.0,,,,,,,,,,,,0.0,,,0.0,,,,,,,,,,1.0,1.0,,,,1.0,,,,,,0.0,,,1.0,0.0,1.0,1.0,,1.0,0.0,0.0,,,,,,1.0,1.0,1.0,,,,,,1.0,0.0,,,,,,0.0,1.0,,0.0,,,,,1.0,0.0,0.0,1.0,0.0,,1.0,1.0,1.0,,0.0,0.0,0.0,1.0,,,1.0,,1.0,1.0,,1.0,0.0,0.0,0.0,0.0,1.0,,1.0,,,,,,1.0,1.0,,0.0,,,,,1.0,0.0,0.0,0.0,,,,1.0,1.0,1.0,,,,,,,0.0,1.0,,,1.0,0.0,,,,,,,1.0,,,,,,,,,,,,,,,,0.0,0.0,0.0,,,,,,,1.0,0.0,1.0,,,,,,,,,1.0,1.0,,,,,,,,,,0.0,,,0.0,0.0,,,,1.0,,
Professor Setimo,1.0,1.0,0.0,1.0,,1.0,1.0,1.0,1.0,1.0,0.0,0.0,,,,,,,1.0,1.0,,,,,,1.0,0.0,1.0,0.0,0.0,1.0,1.0,0.0,1.0,0.0,1.0,1.0,1.0,0.0,0.0,0.0,1.0,0.0,0.0,1.0,0.0,1.0,1.0,0.0,0.0,1.0,1.0,1.0,1.0,1.0,,0.0,0.0,0.0,1.0,1.0,1.0,,0.0,1.0,1.0,1.0,0.0,0.0,1.0,1.0,1.0,,,,,1.0,0.0,0.0,0.0,0.0,0.0,0.0,0.0,0.0,0.0,0.0,,0.0,0.0,0.0,1.0,,,1.0,1.0,1.0,1.0,1.0,0.0,,0.0,1.0,,0.0,,,,1.0,1.0,0.0,1.0,0.0,1.0,1.0,1.0,1.0,0.0,1.0,0.0,1.0,1.0,0.0,1.0,0.0,,0.0,1.0,0.0,1.0,0.0,1.0,1.0,0.0,1.0,0.0,,0.0,1.0,1.0,0.0,1.0,0.0,0.0,0.0,0.0,0.0,,1.0,1.0,0.0,1.0,0.0,,1.0,1.0,0.0,,1.0,1.0,1.0,1.0,1.0,0.0,0.0,1.0,1.0,1.0,,0.0,1.0,0.0,1.0,,1.0,0.0,0.0,0.0,1.0,0.0,,0.0,0.0,0.0,1.0,1.0,0.0,1.0,0.0,1.0,0.0,0.0,1.0,,0.0,,1.0,1.0,0.0,1.0,,,,,0.0,0.0,0.0,0.0,0.0,1.0,1.0,0.0,1.0,,,0.0,,0.0,0.0,0.0,1.0,0.0,0.0,1.0,,0.0,1.0,0.0,,,0.0,0.0,0.0,,0.0,0.0,1.0,1.0,1.0,1.0,0.0,1.0,1.0,1.0,0.0,1.0,,0.0,0.0,1.0,,1.0,0.0,0.0,0.0,0.0,,,,0.0,1.0,1.0,1.0,,1.0,0.0,,0.0,0.0,1.0,0.0,,0.0,1.0,1.0,0.0,1.0,,1.0,1.0,1.0,,1.0,0.0,0.0,1.0,0.0,1.0,1.0,1.0,1.0,,,1.0,,,,,,1.0,0.0,,1.0,1.0,0.0,,,,0.0,,0.0,0.0,,0.0,0.0,0.0,0.0,0.0,0.0,,0.0,,,,1.0,1.0,0.0,0.0,0.0,1.0,1.0,0.0,,,,1.0,,1.0,,0.0,0.0,1.0,0.0,0.0,0.0,,0.0,0.0,0.0,0.0,0.0,1.0,0.0,0.0,0.0,,0.0,0.0,1.0,1.0,1.0,1.0,1.0,1.0,0.0,0.0,1.0,,0.0,,1.0,,,1.0,,0.0,,1.0,,1.0,1.0,1.0,0.0,1.0,0.0,0.0,0.0,0.0,0.0,,1.0,1.0,1.0,1.0,0.0,1.0,1.0,1.0,1.0,1.0
Professor Victorio Galli,,1.0,0.0,,,1.0,,,,,,,,,,,,,,,,,,,,,,,,,,,,,,,1.0,1.0,,,,,,,,,,,,,,1.0,1.0,1.0,1.0,,,,,,,1.0,,,,,,,,,,,,,,,,,,,,,,,,,,,,,,,,,,,1.0,,,,,,,,,,,,,,,,,,,,,,,,,,,,,,,,,,,,,,,,,,,,,1.0,,0.0,0.0,0.0,,,,,0.0,,0.0,1.0,1.0,,0.0,1.0,,,1.0,,,,,,,,,,,,,,,,,,,,,,,,,,,,,,,,,,,,,,,,,,,,,,,,,,,,,,,,,,,,,,,,,,,,,,,,,,,,1.0,1.0,,,,1.0,,,,,,,,,,,,,,,,,,,,,,,,,,,,,,,,,,,,,,1.0,,,,0.0,0.0,1.0,,,1.0,,1.0,,1.0,1.0,,,1.0,1.0,,1.0,0.0,,,,,,,1.0,1.0,,0.0,0.0,1.0,0.0,,,,,,,,,1.0,,,,0.0,,,,1.0,1.0,1.0,0.0,1.0,,,,,,,,,,,,,,,,,,,,,,,,1.0,,1.0,,,,,,,,,,,,,,,,,,,,,,,,,,,,,,,,,,,,,,,
Professora Raquel Teixeira,1.0,,,,,1.0,1.0,1.0,1.0,0.0,,,1.0,0.0,,,1.0,1.0,,,1.0,1.0,1.0,0.0,1.0,,,,,,,1.0,1.0,1.0,0.0,1.0,1.0,1.0,1.0,,,,,,0.0,1.0,0.0,1.0,,,0.0,,,,,,0.0,,,0.0,,1.0,,,0.0,,,,,,,,,,,,,,,,,,0.0,,,,,,,,,,,,,0.0,,1.0,1.0,1.0,,,,,,,1.0,0.0,,,,,,,,,,,,,,,,,,,,,,,,,,,,,,,,,0.0,,,,,,,,,,1.0,1.0,,,0.0,0.0,1.0,,1.0,1.0,,,,1.0,,0.0,,0.0,,,,,,,,,,0.0,1.0,,,,,,0.0,,,,,0.0,0.0,0.0,0.0,,0.0,0.0,,0.0,,,,,,,,,,,,,,,0.0,,,,,,,,,,1.0,,,1.0,,,,,,,,0.0,,,1.0,1.0,1.0,,,1.0,0.0,0.0,,,,,,1.0,0.0,,,,,,,1.0,1.0,,,,0.0,0.0,0.0,0.0,,0.0,1.0,,,0.0,,0.0,,,,,,1.0,1.0,,1.0,0.0,0.0,1.0,,,1.0,,1.0,1.0,1.0,1.0,0.0,,0.0,1.0,,0.0,,1.0,0.0,1.0,,,1.0,1.0,,0.0,,,,1.0,,,0.0,0.0,0.0,0.0,0.0,1.0,,,1.0,,,,,,0.0,1.0,1.0,,1.0,0.0,0.0,0.0,0.0,0.0,0.0,0.0,1.0,1.0,0.0,,,,,,,,,,0.0,,,,0.0,0.0,0.0,1.0,1.0,1.0,,,,,0.0,1.0,,1.0,,,,0.0,,1.0,1.0,1.0,,,,,,,,,,,1.0,1.0,,,,1.0,1.0,0.0,0.0,1.0
Rafael Guerra,1.0,0.0,1.0,1.0,,,1.0,1.0,1.0,,,,1.0,0.0,1.0,0.0,1.0,1.0,1.0,,1.0,,1.0,1.0,1.0,0.0,,,,,,,1.0,1.0,,1.0,1.0,1.0,1.0,,,,,,0.0,1.0,0.0,1.0,,,0.0,,,,,,0.0,1.0,1.0,0.0,,1.0,,,0.0,0.0,0.0,,,0.0,1.0,0.0,0.0,,,,,1.0,,1.0,0.0,0.0,0.0,0.0,0.0,0.0,0.0,,,,,,,,,0.0,1.0,1.0,,1.0,,,,,1.0,0.0,,,,0.0,,1.0,,,0.0,0.0,,1.0,,0.0,1.0,1.0,1.0,1.0,,1.0,,,1.0,,,,1.0,1.0,,,,,1.0,,0.0,,,,,,,,,,1.0,0.0,,0.0,,0.0,1.0,0.0,,,0.0,0.0,,1.0,,0.0,0.0,0.0,,,,,,1.0,,,,,,,,,,,0.0,0.0,,0.0,,0.0,0.0,0.0,,1.0,1.0,0.0,,0.0,,,,,,,,,,1.0,1.0,0.0,,,0.0,,,,,,,,,,1.0,1.0,0.0,,,1.0,,,,,,0.0,,,1.0,0.0,,1.0,,,,0.0,,,,,,1.0,1.0,,,,,,,,,,,,,,0.0,0.0,0.0,,,,,,,,0.0,,,,,,,,,,,1.0,,,1.0,1.0,,1.0,1.0,1.0,0.0,0.0,,,,,1.0,1.0,0.0,,1.0,,,,1.0,,,,,,,0.0,,0.0,,0.0,0.0,1.0,,1.0,1.0,1.0,,,,,,1.0,,1.0,,0.0,0.0,,,0.0,,0.0,,,0.0,,,,,,,,,,0.0,,,,0.0,,0.0,,1.0,1.0,,,,1.0,,1.0,,1.0,,,,0.0,,,,,1.0,,,,,,,,,,,,0.0,,,1.0,1.0,1.0,1.0,
Raimundo Gomes de Matos,1.0,0.0,,1.0,1.0,1.0,1.0,,1.0,0.0,0.0,,1.0,0.0,1.0,0.0,1.0,1.0,1.0,,,1.0,,1.0,1.0,0.0,,,,,,1.0,,0.0,0.0,1.0,1.0,1.0,1.0,,,,,,0.0,1.0,0.0,1.0,,,0.0,,,,,1.0,,,,0.0,1.0,1.0,,,0.0,0.0,0.0,,,0.0,1.0,0.0,0.0,,1.0,0.0,,1.0,,1.0,0.0,0.0,0.0,0.0,0.0,,0.0,1.0,0.0,,0.0,1.0,1.0,0.0,0.0,0.0,1.0,1.0,1.0,1.0,0.0,0.0,,1.0,1.0,0.0,1.0,1.0,0.0,0.0,,,1.0,,0.0,0.0,0.0,1.0,1.0,0.0,1.0,1.0,1.0,1.0,,1.0,,0.0,0.0,,0.0,0.0,1.0,1.0,,,,,,,0.0,,,,,,,,,1.0,1.0,0.0,,0.0,0.0,0.0,,0.0,1.0,,,0.0,,1.0,,0.0,0.0,0.0,1.0,,,,,,,,,0.0,1.0,,,,,,0.0,,,0.0,,0.0,0.0,0.0,0.0,1.0,0.0,0.0,,0.0,,,,,,,,,,,1.0,0.0,,,0.0,,,,,,,,,,1.0,1.0,,1.0,1.0,1.0,,,,,,0.0,,,1.0,0.0,1.0,1.0,,1.0,0.0,0.0,,,,,,1.0,0.0,1.0,,,,,,1.0,0.0,,,,0.0,0.0,0.0,0.0,0.0,0.0,1.0,,,0.0,,0.0,0.0,1.0,0.0,,1.0,1.0,1.0,1.0,1.0,0.0,,,,0.0,1.0,1.0,1.0,1.0,1.0,1.0,0.0,0.0,,0.0,1.0,0.0,1.0,,,1.0,1.0,,,,1.0,0.0,,,,,1.0,0.0,0.0,0.0,1.0,0.0,,,,1.0,1.0,1.0,1.0,,,,0.0,1.0,1.0,1.0,1.0,,,0.0,0.0,0.0,,0.0,1.0,,0.0,,,,,,,,,,0.0,,,,0.0,0.0,0.0,1.0,1.0,1.0,,,,1.0,,1.0,0.0,,,,0.0,0.0,0.0,1.0,0.0,0.0,1.0,,,,,,,,,0.0,1.0,1.0,0.0,,,1.0,1.0,1.0,1.0,
Ratinho Junior,1.0,,,0.0,,1.0,,1.0,1.0,0.0,,0.0,,0.0,1.0,,,,1.0,1.0,1.0,1.0,1.0,1.0,1.0,,0.0,1.0,0.0,0.0,1.0,1.0,,,,1.0,1.0,1.0,1.0,,,1.0,0.0,0.0,1.0,0.0,,,0.0,0.0,1.0,1.0,1.0,1.0,1.0,,,0.0,0.0,,,1.0,1.0,0.0,1.0,,1.0,,,,,,,,,0.0,1.0,,,,,0.0,0.0,,0.0,0.0,0.0,,0.0,0.0,0.0,1.0,1.0,0.0,,1.0,1.0,1.0,,0.0,1.0,,0.0,1.0,0.0,,,,1.0,1.0,0.0,1.0,0.0,,1.0,,1.0,0.0,1.0,0.0,1.0,1.0,0.0,1.0,,,0.0,0.0,,1.0,,0.0,1.0,0.0,1.0,0.0,0.0,0.0,,,1.0,1.0,0.0,,,,0.0,0.0,1.0,1.0,0.0,0.0,,1.0,1.0,1.0,,,1.0,1.0,,1.0,1.0,0.0,0.0,1.0,,1.0,1.0,,,,,0.0,,,0.0,0.0,1.0,0.0,1.0,0.0,0.0,,1.0,,,,0.0,,,1.0,1.0,0.0,0.0,1.0,,,,1.0,0.0,0.0,,1.0,,,0.0,1.0,0.0,,,0.0,0.0,,,,,,0.0,0.0,1.0,,1.0,1.0,,0.0,1.0,0.0,,0.0,0.0,,,,0.0,0.0,1.0,1.0,1.0,,0.0,1.0,1.0,1.0,0.0,1.0,,,0.0,1.0,1.0,0.0,0.0,0.0,0.0,,,0.0,1.0,,1.0,,,,1.0,0.0,0.0,,0.0,1.0,1.0,0.0,,1.0,1.0,0.0,1.0,0.0,1.0,1.0,0.0,,0.0,0.0,0.0,1.0,,,1.0,0.0,0.0,1.0,1.0,1.0,,0.0,1.0,1.0,,1.0,0.0,0.0,1.0,,,,,1.0,1.0,1.0,,0.0,,,0.0,0.0,0.0,1.0,1.0,1.0,,,,1.0,1.0,1.0,,0.0,0.0,,1.0,,1.0,,1.0,,,1.0,1.0,,0.0,1.0,,0.0,,0.0,,,,,,,0.0,,,1.0,0.0,0.0,,1.0,1.0,,,1.0,0.0,0.0,,1.0,,0.0,1.0,,1.0,,,0.0,,1.0,1.0,1.0,1.0,,0.0,,0.0,0.0,,,0.0,1.0,1.0,,1.0,,0.0,,1.0,0.0,0.0,1.0
Raul Henry,1.0,,1.0,1.0,1.0,,1.0,1.0,1.0,0.0,1.0,,1.0,0.0,1.0,0.0,,,1.0,1.0,1.0,1.0,1.0,0.0,1.0,0.0,,,,,1.0,1.0,1.0,1.0,0.0,1.0,1.0,1.0,1.0,,,,1.0,1.0,0.0,1.0,0.0,1.0,,,,0.0,0.0,0.0,0.0,,1.0,1.0,,1.0,1.0,1.0,,,,0.0,0.0,,1.0,0.0,1.0,0.0,0.0,1.0,1.0,,,1.0,1.0,0.0,0.0,0.0,0.0,0.0,0.0,0.0,0.0,1.0,,,,1.0,1.0,1.0,,0.0,0.0,,1.0,1.0,0.0,0.0,,1.0,1.0,0.0,1.0,,0.0,0.0,,1.0,,0.0,0.0,0.0,,1.0,,0.0,0.0,,1.0,1.0,0.0,,,1.0,0.0,0.0,0.0,1.0,1.0,1.0,,,1.0,,0.0,,0.0,,,,,,1.0,,,,,0.0,,,,,,0.0,1.0,,0.0,,0.0,1.0,0.0,0.0,1.0,0.0,1.0,,,,0.0,0.0,0.0,1.0,1.0,0.0,1.0,,,,,,0.0,0.0,,,,0.0,0.0,0.0,0.0,0.0,1.0,0.0,,0.0,,,,,,,1.0,1.0,,,1.0,,0.0,1.0,0.0,,0.0,1.0,1.0,,,,1.0,0.0,1.0,,0.0,,1.0,,,,,,0.0,0.0,0.0,0.0,1.0,0.0,,,0.0,,0.0,0.0,0.0,1.0,1.0,1.0,,,,,1.0,1.0,1.0,1.0,0.0,1.0,0.0,1.0,0.0,1.0,1.0,0.0,0.0,0.0,1.0,1.0,1.0,1.0,,0.0,0.0,1.0,1.0,0.0,1.0,1.0,,,1.0,1.0,0.0,1.0,0.0,0.0,0.0,0.0,1.0,0.0,1.0,1.0,1.0,,0.0,0.0,0.0,0.0,1.0,0.0,1.0,1.0,0.0,1.0,1.0,0.0,1.0,1.0,1.0,0.0,1.0,1.0,0.0,1.0,1.0,1.0,0.0,0.0,1.0,0.0,1.0,1.0,1.0,1.0,1.0,1.0,1.0,0.0,0.0,1.0,0.0,1.0,1.0,1.0,,0.0,0.0,0.0,0.0,0.0,0.0,0.0,1.0,1.0,0.0,0.0,0.0,,1.0,0.0,0.0,0.0,0.0,0.0,0.0,0.0,0.0,0.0,0.0,0.0,0.0,1.0,1.0,1.0,0.0,0.0,1.0,1.0,0.0,1.0,0.0,1.0,1.0,0.0,0.0,0.0,0.0,1.0,1.0,1.0,1.0,,1.0,0.0,1.0,0.0,0.0,1.0,0.0,1.0,1.0,1.0,1.0,0.0,0.0,1.0,1.0,1.0,1.0,1.0
Raul Jungmann,,,1.0,0.0,,,,,,0.0,,,,0.0,1.0,1.0,1.0,,,,,1.0,,1.0,1.0,0.0,,,,,,1.0,,1.0,,,,,1.0,,,,,,1.0,,,0.0,,,0.0,,,,,1.0,0.0,,,0.0,,,,,,0.0,0.0,,,0.0,1.0,0.0,,,,,,1.0,,1.0,0.0,,0.0,,0.0,0.0,0.0,,0.0,,0.0,,,,0.0,0.0,,1.0,0.0,1.0,,,1.0,1.0,1.0,,,1.0,,0.0,,0.0,0.0,1.0,0.0,0.0,,,,,0.0,,1.0,,,1.0,,,0.0,,0.0,1.0,1.0,0.0,,,,,1.0,,,,,,,,,,,1.0,1.0,,,,0.0,0.0,,0.0,,,0.0,0.0,0.0,1.0,,,1.0,0.0,1.0,1.0,,,,,,,,,1.0,,,,,,,,,0.0,,,,,,0.0,1.0,,,0.0,,,,,,,,,,,,0.0,,,,,,,,,0.0,0.0,,,1.0,1.0,,,,0.0,,,,,,,,,,,,,,,,1.0,,,,,,,,,,,,,,,,,,1.0,0.0,,,0.0,,,,,,,,,,,,,,,,,0.0,,,,,,,1.0,,,,0.0,0.0,0.0,,,0.0,,1.0,,0.0,1.0,,,1.0,,0.0,,,,,,,,,,,,0.0,1.0,,,1.0,1.0,1.0,,,,,,,1.0,1.0,,,,,,,,,,,,,,,,,,,,,,,,,1.0,1.0,1.0,,1.0,,,,1.0,,,0.0,,,,,,,1.0,,1.0,1.0,,,,,,1.0,,,,1.0,1.0,1.0,0.0,,1.0,,,,0.0
Rebecca Garcia,,,0.0,1.0,1.0,1.0,1.0,1.0,1.0,1.0,0.0,,1.0,,1.0,1.0,1.0,1.0,1.0,1.0,1.0,1.0,1.0,1.0,1.0,1.0,0.0,1.0,0.0,0.0,1.0,1.0,0.0,1.0,0.0,1.0,1.0,1.0,1.0,0.0,0.0,1.0,,,1.0,0.0,,1.0,0.0,0.0,1.0,1.0,1.0,1.0,1.0,1.0,,0.0,0.0,1.0,0.0,1.0,1.0,0.0,,1.0,,,,1.0,0.0,1.0,,,0.0,0.0,1.0,0.0,0.0,0.0,0.0,0.0,0.0,0.0,0.0,0.0,0.0,,,0.0,0.0,,1.0,0.0,,1.0,1.0,1.0,1.0,,,0.0,0.0,0.0,,,1.0,0.0,1.0,1.0,0.0,1.0,0.0,,,1.0,,0.0,1.0,0.0,1.0,1.0,,1.0,,1.0,0.0,0.0,1.0,1.0,1.0,0.0,1.0,,,,,,0.0,1.0,,1.0,0.0,0.0,0.0,0.0,,,,1.0,,,,,,1.0,0.0,,,1.0,1.0,1.0,1.0,0.0,0.0,1.0,,1.0,1.0,,,0.0,1.0,,,,,,,,1.0,0.0,0.0,0.0,,,,1.0,,1.0,0.0,0.0,0.0,1.0,0.0,,,,0.0,1.0,0.0,0.0,1.0,,,,,,0.0,1.0,1.0,0.0,,0.0,1.0,,,0.0,0.0,0.0,,0.0,1.0,,,0.0,1.0,,,,,,,,0.0,0.0,1.0,,1.0,1.0,0.0,1.0,,1.0,,,,0.0,0.0,1.0,1.0,0.0,0.0,,,,0.0,0.0,1.0,0.0,1.0,,,,0.0,0.0,,,,1.0,0.0,,0.0,,,,,,1.0,1.0,1.0,,1.0,,,,0.0,1.0,,,0.0,1.0,,1.0,0.0,1.0,1.0,,,1.0,0.0,,1.0,1.0,0.0,,,1.0,,,,,,,0.0,0.0,,1.0,0.0,0.0,0.0,,,,,,1.0,,0.0,1.0,1.0,0.0,1.0,,1.0,1.0,,,,0.0,,1.0,,0.0,0.0,,,,,,0.0,1.0,0.0,0.0,0.0,1.0,,,1.0,1.0,1.0,,1.0,1.0,,,,1.0,0.0,1.0,1.0,1.0,1.0,1.0,,,,,1.0,1.0,1.0,,0.0,1.0,0.0,,,0.0,,,,,1.0,1.0,0.0,1.0,,,1.0,1.0
Reginaldo Lopes,,1.0,,1.0,,1.0,1.0,1.0,,0.0,0.0,,1.0,0.0,1.0,,1.0,1.0,,,,1.0,,,1.0,1.0,0.0,1.0,0.0,,,1.0,,1.0,0.0,1.0,1.0,1.0,0.0,0.0,,1.0,0.0,0.0,1.0,0.0,1.0,1.0,0.0,0.0,1.0,1.0,1.0,1.0,1.0,,0.0,,,1.0,1.0,,1.0,0.0,1.0,1.0,1.0,0.0,,1.0,0.0,1.0,,0.0,0.0,0.0,1.0,0.0,0.0,0.0,0.0,0.0,0.0,0.0,0.0,0.0,,0.0,,,,0.0,1.0,,1.0,1.0,,,,0.0,1.0,,,,0.0,0.0,1.0,0.0,1.0,1.0,0.0,1.0,0.0,,1.0,1.0,1.0,,1.0,0.0,1.0,1.0,0.0,1.0,0.0,,,1.0,0.0,1.0,,0.0,1.0,0.0,1.0,0.0,0.0,0.0,0.0,1.0,1.0,,,0.0,0.0,0.0,0.0,,1.0,0.0,0.0,1.0,,1.0,1.0,1.0,0.0,,1.0,1.0,1.0,1.0,,0.0,0.0,1.0,1.0,1.0,1.0,0.0,1.0,,,0.0,1.0,0.0,,0.0,1.0,0.0,1.0,0.0,0.0,0.0,1.0,,,1.0,,1.0,0.0,1.0,1.0,,0.0,1.0,1.0,1.0,0.0,1.0,0.0,,1.0,1.0,0.0,0.0,0.0,0.0,,1.0,,0.0,1.0,,1.0,,0.0,0.0,,0.0,,,,1.0,0.0,,1.0,,,0.0,0.0,0.0,,,0.0,0.0,1.0,1.0,1.0,1.0,0.0,,1.0,1.0,,1.0,0.0,0.0,0.0,0.0,0.0,1.0,0.0,,0.0,0.0,0.0,0.0,1.0,0.0,,,1.0,,1.0,0.0,0.0,,0.0,1.0,0.0,,0.0,1.0,,,1.0,,,1.0,0.0,,1.0,,0.0,0.0,0.0,1.0,,1.0,,1.0,0.0,,,,,,,1.0,0.0,,,1.0,,,1.0,1.0,0.0,1.0,,,,,1.0,,0.0,1.0,0.0,0.0,0.0,,,,1.0,1.0,0.0,,0.0,,,0.0,,,1.0,,,1.0,1.0,0.0,,1.0,,0.0,0.0,,0.0,,0.0,0.0,,,,,0.0,,,,1.0,,1.0,1.0,1.0,,0.0,,1.0,1.0,1.0,,1.0,,,1.0,,,,,1.0,1.0,1.0,,,,,,,,0.0,1.0,1.0,1.0,1.0,,,1.0,1.0,1.0,,1.0
Regis de Oliveira,1.0,0.0,1.0,0.0,1.0,1.0,1.0,1.0,1.0,1.0,,0.0,1.0,0.0,1.0,0.0,,,1.0,1.0,1.0,1.0,1.0,1.0,1.0,1.0,0.0,1.0,0.0,0.0,1.0,1.0,0.0,1.0,0.0,,1.0,1.0,1.0,0.0,0.0,,0.0,0.0,1.0,0.0,0.0,,0.0,0.0,1.0,1.0,1.0,1.0,1.0,1.0,0.0,0.0,0.0,,1.0,0.0,1.0,0.0,1.0,1.0,1.0,0.0,0.0,1.0,1.0,1.0,0.0,0.0,0.0,0.0,1.0,0.0,0.0,,0.0,0.0,0.0,0.0,0.0,,,,0.0,0.0,0.0,1.0,1.0,0.0,1.0,,0.0,1.0,,0.0,1.0,0.0,0.0,1.0,0.0,0.0,1.0,0.0,1.0,0.0,0.0,1.0,0.0,1.0,1.0,1.0,1.0,0.0,1.0,0.0,1.0,1.0,1.0,1.0,0.0,1.0,0.0,0.0,1.0,1.0,0.0,0.0,1.0,0.0,0.0,0.0,,0.0,0.0,,1.0,1.0,0.0,0.0,0.0,0.0,,,,1.0,1.0,0.0,0.0,1.0,1.0,1.0,0.0,0.0,1.0,,0.0,1.0,1.0,1.0,0.0,,,1.0,1.0,0.0,,,,,,,,0.0,1.0,0.0,,,,,1.0,1.0,0.0,1.0,0.0,1.0,0.0,,,,0.0,1.0,1.0,1.0,0.0,,0.0,0.0,,1.0,0.0,0.0,,,0.0,0.0,1.0,0.0,1.0,,,0.0,0.0,,0.0,0.0,,,1.0,1.0,0.0,0.0,1.0,0.0,,0.0,0.0,0.0,,0.0,0.0,0.0,1.0,1.0,1.0,1.0,0.0,1.0,1.0,1.0,1.0,0.0,,0.0,0.0,1.0,1.0,0.0,0.0,0.0,0.0,0.0,,,,0.0,1.0,,,1.0,1.0,0.0,0.0,0.0,1.0,1.0,1.0,0.0,0.0,1.0,,,,0.0,1.0,1.0,0.0,1.0,0.0,0.0,0.0,1.0,0.0,0.0,1.0,0.0,0.0,1.0,1.0,,0.0,0.0,1.0,1.0,0.0,1.0,0.0,0.0,1.0,,0.0,0.0,,1.0,1.0,1.0,0.0,,1.0,,0.0,0.0,0.0,1.0,1.0,1.0,,1.0,1.0,,,1.0,1.0,0.0,0.0,,1.0,1.0,1.0,,1.0,0.0,0.0,1.0,1.0,0.0,,1.0,0.0,0.0,0.0,0.0,,,1.0,1.0,0.0,1.0,0.0,,0.0,0.0,0.0,0.0,1.0,1.0,1.0,1.0,1.0,,0.0,0.0,0.0,1.0,0.0,0.0,1.0,1.0,1.0,1.0,1.0,0.0,1.0,1.0,,,1.0,1.0,0.0,,0.0,0.0,,1.0,0.0,1.0,,1.0,1.0,0.0,1.0,,1.0,1.0,1.0,0.0
Reinaldo Nogueira,,1.0,,,,,1.0,,1.0,,,,,,,,,,,,,,,,,1.0,,,0.0,0.0,1.0,,,,,,,,0.0,0.0,0.0,1.0,0.0,,,,1.0,,,,1.0,1.0,1.0,1.0,1.0,1.0,0.0,0.0,0.0,1.0,1.0,,,0.0,,,1.0,0.0,0.0,1.0,0.0,,0.0,0.0,,,1.0,0.0,0.0,0.0,,0.0,0.0,0.0,0.0,0.0,0.0,0.0,0.0,0.0,,0.0,,0.0,,0.0,,,1.0,0.0,,0.0,,,,,,,1.0,1.0,0.0,1.0,0.0,1.0,1.0,1.0,1.0,0.0,1.0,0.0,1.0,1.0,0.0,1.0,0.0,1.0,,0.0,1.0,,1.0,0.0,1.0,0.0,1.0,,0.0,,0.0,,,,,0.0,0.0,0.0,,,,,0.0,1.0,,1.0,1.0,1.0,0.0,,1.0,,1.0,1.0,1.0,0.0,0.0,1.0,1.0,1.0,1.0,0.0,1.0,,,,,,,,,0.0,1.0,0.0,,0.0,1.0,1.0,,1.0,0.0,,,0.0,0.0,1.0,0.0,1.0,,,0.0,1.0,,0.0,1.0,1.0,,,,0.0,,1.0,,,,,1.0,0.0,,0.0,,,,,1.0,1.0,,0.0,,,,,,,,,0.0,0.0,,,,,,,1.0,,0.0,1.0,,,,,,,,,,,,,,,,1.0,1.0,,,,,,,,,,,,,,,,,,,,,,,,,,,,,,,,,,,,,,,,,,,,,,,,,,,,,,,,,,,,,,,,,,,,,,,,,,,,,,,,,,,,,,,,,,,,,,,,,,,,,,,,,,,,,,,,,,,,,,,,,,,,,,,,,,,,,,,,,
Reinhold Stephanes,,,,,,,,,,0.0,,,,,1.0,1.0,1.0,1.0,1.0,1.0,1.0,1.0,1.0,1.0,1.0,,0.0,1.0,0.0,0.0,1.0,,,,,,,,1.0,,,,,,,,,,,,,,,,,,0.0,,0.0,1.0,,,1.0,0.0,,,1.0,,,,,,,,,,,,,,,,0.0,,,,,,,,,,,,,1.0,,,1.0,0.0,,,,,,,,,,,,,,,,,,,,,,,,,,,,,,,,,,,,,,,,,,,,,,,,,,,,,,,,,,,,,,,,,,,,,,,,,,,,,,,,,,,,,,,,,,,,,,,,,,,,,,,,,,,,,,,,,,,,,,,,,,,,,,,,,,,,,,,,,,,,,,,,,,,,,,,,,,,,,,,,,,,,,,,,,,,,,,,,,,,,,,,,,,,,,,,,,,,,,,,,,,,,,,,,,,,,,,,,,,,,,,,,,,,,,,,,,,,,,,,,,,,,,,,,,,,,,,,,,,,,,,,,1.0,,,,1.0,0.0,,1.0,1.0,1.0,1.0,1.0,,1.0,,1.0,,,1.0,0.0,,0.0,0.0,0.0,0.0,0.0,1.0,,,1.0,1.0,0.0,,,,,0.0
Renato Amary,,0.0,1.0,0.0,1.0,1.0,1.0,1.0,,,0.0,0.0,1.0,0.0,1.0,1.0,1.0,1.0,1.0,1.0,1.0,1.0,1.0,1.0,1.0,0.0,,,,,,1.0,,,,,,1.0,1.0,,,,,,0.0,1.0,0.0,1.0,,,0.0,,,,,1.0,0.0,,,0.0,1.0,1.0,,,0.0,0.0,0.0,,,0.0,1.0,,0.0,,,,0.0,,,,,,0.0,,0.0,0.0,0.0,1.0,0.0,0.0,,1.0,1.0,0.0,0.0,0.0,1.0,1.0,,1.0,0.0,0.0,0.0,1.0,1.0,0.0,1.0,1.0,0.0,0.0,,1.0,0.0,,,0.0,,1.0,1.0,0.0,1.0,1.0,1.0,,,1.0,,0.0,1.0,,0.0,0.0,0.0,1.0,,,,,0.0,,,,,,,,,,,1.0,,,,0.0,0.0,0.0,1.0,0.0,1.0,1.0,,0.0,,1.0,,0.0,0.0,0.0,1.0,,,,,,,,,0.0,1.0,,,,,,,,,0.0,,,,0.0,0.0,1.0,1.0,,,0.0,,,,,,,,,,,1.0,0.0,,,,,,,,,,0.0,,,1.0,1.0,,1.0,1.0,1.0,,1.0,,,,0.0,,,1.0,,1.0,1.0,,1.0,0.0,0.0,,,,,,1.0,1.0,1.0,,,,,,,,,,,0.0,,,0.0,,,1.0,,,0.0,,0.0,0.0,1.0,0.0,,1.0,1.0,1.0,,,,,,,,1.0,,1.0,1.0,1.0,,0.0,0.0,0.0,0.0,1.0,0.0,,,,,,0.0,1.0,,1.0,0.0,,,,,1.0,0.0,0.0,0.0,1.0,0.0,0.0,1.0,,1.0,1.0,,1.0,,,,0.0,1.0,,1.0,,0.0,,,,0.0,0.0,,,,0.0,,,,,0.0,,,,,0.0,0.0,,,0.0,0.0,0.0,1.0,,1.0,,,,1.0,0.0,1.0,,1.0,,,0.0,0.0,0.0,1.0,,,1.0,,,0.0,,,,,,0.0,,,0.0,0.0,,,,,,1.0
Renato Molling,1.0,1.0,0.0,,,1.0,1.0,,,,,1.0,1.0,0.0,1.0,1.0,1.0,1.0,,,,,,,,1.0,0.0,1.0,0.0,0.0,1.0,1.0,,0.0,1.0,,1.0,1.0,1.0,0.0,,1.0,,,1.0,0.0,,1.0,,,1.0,1.0,1.0,1.0,1.0,,0.0,0.0,0.0,1.0,1.0,,1.0,0.0,,1.0,1.0,0.0,,1.0,0.0,1.0,0.0,0.0,0.0,0.0,,0.0,0.0,,0.0,0.0,,,0.0,0.0,0.0,0.0,0.0,,,,,,1.0,,,1.0,1.0,0.0,1.0,0.0,,0.0,0.0,,1.0,0.0,,1.0,0.0,1.0,0.0,1.0,1.0,,0.0,0.0,1.0,0.0,1.0,1.0,,,,,0.0,0.0,1.0,1.0,1.0,0.0,1.0,0.0,,0.0,0.0,,0.0,,1.0,1.0,0.0,0.0,0.0,0.0,,,,1.0,0.0,0.0,0.0,1.0,1.0,1.0,,1.0,1.0,,,1.0,,0.0,0.0,1.0,,1.0,1.0,0.0,1.0,0.0,,0.0,1.0,,0.0,,,0.0,1.0,0.0,0.0,0.0,,,,,0.0,,,0.0,0.0,,0.0,1.0,1.0,1.0,,,,,,1.0,0.0,0.0,0.0,0.0,,0.0,1.0,0.0,1.0,0.0,1.0,0.0,,0.0,,0.0,1.0,0.0,1.0,1.0,0.0,,1.0,0.0,0.0,0.0,0.0,0.0,0.0,1.0,0.0,0.0,,1.0,1.0,1.0,0.0,,1.0,,,,,0.0,0.0,1.0,1.0,1.0,0.0,0.0,,,,,,,1.0,,,1.0,1.0,0.0,0.0,0.0,,1.0,0.0,1.0,0.0,1.0,1.0,0.0,1.0,0.0,1.0,1.0,,0.0,0.0,0.0,0.0,1.0,,1.0,1.0,0.0,,1.0,1.0,,0.0,1.0,1.0,1.0,,1.0,0.0,0.0,,1.0,,0.0,1.0,1.0,,,0.0,0.0,1.0,0.0,0.0,0.0,1.0,1.0,1.0,0.0,0.0,1.0,1.0,1.0,1.0,1.0,0.0,0.0,0.0,1.0,,0.0,1.0,1.0,1.0,,,1.0,1.0,0.0,0.0,,,0.0,0.0,0.0,0.0,0.0,,,,,,,0.0,,,,1.0,1.0,1.0,,,,0.0,0.0,1.0,1.0,0.0,,1.0,,,,,,,,,,1.0,,,,,,0.0,0.0,0.0,1.0,,,1.0,,,,1.0,,0.0,1.0
Renildo Calheiros,,1.0,0.0,,,,1.0,,1.0,,,,,,,,,,,,,,,,,1.0,,,0.0,0.0,1.0,,,,,,,,0.0,0.0,,1.0,0.0,0.0,1.0,0.0,1.0,1.0,,0.0,1.0,1.0,1.0,1.0,1.0,1.0,0.0,0.0,0.0,1.0,,,1.0,0.0,,,1.0,0.0,0.0,1.0,1.0,1.0,,,0.0,,,0.0,0.0,,,0.0,,,,,0.0,,,,,0.0,1.0,0.0,,1.0,,,0.0,,1.0,1.0,1.0,1.0,0.0,,,,,1.0,0.0,1.0,0.0,1.0,1.0,1.0,1.0,0.0,1.0,0.0,1.0,1.0,,1.0,,1.0,,1.0,0.0,,0.0,1.0,1.0,,,,0.0,0.0,1.0,1.0,,1.0,0.0,,,,,0.0,1.0,,0.0,1.0,,1.0,,1.0,,1.0,1.0,,,1.0,1.0,0.0,0.0,1.0,,1.0,1.0,,,,,,,,,,,,,,,,,,,,,1.0,0.0,1.0,1.0,0.0,0.0,,,1.0,,,0.0,0.0,1.0,1.0,0.0,0.0,0.0,0.0,0.0,1.0,1.0,,1.0,,1.0,0.0,,0.0,0.0,,1.0,0.0,0.0,,,0.0,,,0.0,0.0,0.0,0.0,0.0,,,0.0,,,,,,,1.0,1.0,0.0,1.0,0.0,0.0,,,,,,,,,,,,,,1.0,1.0,,,,,,,,,,,,,,,,,,,,,,,,,,,,,,,,,,,,,,,,,,,,,,,,,,,,,,,,,,,,,,,,,,,,,,,,,,,,,,,,,,,,,,,,,,,,,,,,,,,,,,,,,,,,,,,,,,,,,,,,,,,,,,,,,,,,,,,,,
Ribamar Alves,1.0,1.0,0.0,0.0,,1.0,,,1.0,0.0,,,1.0,,1.0,1.0,1.0,1.0,,,,,,,,1.0,,,0.0,0.0,1.0,1.0,,,,1.0,1.0,1.0,,,,1.0,,0.0,1.0,0.0,1.0,1.0,0.0,0.0,,,1.0,1.0,1.0,,0.0,0.0,0.0,1.0,,1.0,1.0,,,,1.0,0.0,,1.0,1.0,1.0,0.0,,,,,0.0,0.0,0.0,,0.0,0.0,,,0.0,0.0,0.0,,,,0.0,,0.0,1.0,1.0,1.0,1.0,1.0,0.0,1.0,,,,,,,0.0,1.0,,,1.0,1.0,1.0,,1.0,1.0,,,,1.0,1.0,0.0,1.0,,1.0,,,0.0,1.0,0.0,0.0,1.0,,1.0,,,,,1.0,0.0,1.0,0.0,,0.0,,,0.0,1.0,,0.0,1.0,,,,,,,,,1.0,,,0.0,,1.0,1.0,1.0,1.0,,1.0,0.0,1.0,,,,,0.0,1.0,,1.0,0.0,,,,1.0,0.0,1.0,0.0,,,,,,,,,,0.0,1.0,,,,,,,0.0,,,1.0,,,,,,,,0.0,0.0,,1.0,,,,,,,,,,,,,1.0,,,,,,,0.0,1.0,,,,1.0,0.0,,,0.0,1.0,,,,0.0,,,1.0,,,,1.0,,,1.0,0.0,,,0.0,1.0,0.0,1.0,,1.0,1.0,,,,,1.0,,,1.0,,0.0,0.0,,1.0,,0.0,1.0,,,,0.0,,,1.0,1.0,,,0.0,1.0,1.0,,,1.0,,0.0,,,,,,0.0,,1.0,,0.0,0.0,0.0,1.0,1.0,,,1.0,0.0,,0.0,1.0,,,,,,,0.0,1.0,1.0,,0.0,,,0.0,,,,0.0,,0.0,,,,0.0,,,,,1.0,,,,1.0,,,,,,,1.0,,,1.0,1.0,1.0,0.0,1.0,1.0,1.0,1.0,,,,,,0.0,0.0,0.0,,,1.0,1.0,1.0,,,,,1.0,1.0,1.0
Ricardo Barros,,1.0,0.0,1.0,,1.0,,1.0,1.0,,,0.0,1.0,,1.0,1.0,0.0,,,1.0,1.0,1.0,,1.0,1.0,,0.0,1.0,,,,1.0,,,1.0,,1.0,1.0,1.0,0.0,0.0,1.0,0.0,0.0,1.0,0.0,1.0,1.0,,0.0,1.0,1.0,1.0,1.0,1.0,,0.0,0.0,0.0,1.0,,1.0,1.0,0.0,1.0,,1.0,0.0,,1.0,0.0,1.0,0.0,0.0,,0.0,,,0.0,,0.0,0.0,0.0,0.0,0.0,0.0,0.0,,0.0,,0.0,0.0,1.0,0.0,1.0,1.0,1.0,1.0,1.0,0.0,1.0,0.0,0.0,0.0,,,1.0,1.0,1.0,1.0,0.0,1.0,,,,1.0,1.0,,1.0,0.0,1.0,,0.0,1.0,0.0,,,0.0,1.0,,,,1.0,0.0,,,0.0,0.0,0.0,1.0,1.0,1.0,0.0,0.0,,0.0,,,,0.0,,1.0,0.0,1.0,,1.0,0.0,1.0,1.0,1.0,,1.0,1.0,0.0,0.0,1.0,,1.0,,,1.0,0.0,1.0,,,,,,,,,,,,,1.0,0.0,,,1.0,0.0,1.0,1.0,,,1.0,1.0,1.0,0.0,1.0,0.0,0.0,1.0,1.0,0.0,0.0,0.0,,0.0,1.0,,,1.0,,1.0,0.0,,,0.0,,1.0,0.0,,,,,,0.0,0.0,,,,,1.0,,0.0,1.0,1.0,1.0,1.0,,1.0,,,,,,,0.0,0.0,0.0,1.0,0.0,,,,0.0,0.0,,,1.0,1.0,1.0,,,0.0,0.0,,0.0,1.0,0.0,1.0,0.0,1.0,1.0,0.0,1.0,0.0,1.0,1.0,0.0,0.0,1.0,,0.0,,,1.0,1.0,1.0,1.0,,0.0,1.0,,,,1.0,1.0,1.0,0.0,,,,,,,1.0,0.0,1.0,0.0,0.0,,,0.0,,1.0,1.0,1.0,1.0,0.0,1.0,,1.0,1.0,1.0,0.0,,0.0,1.0,1.0,0.0,1.0,0.0,1.0,1.0,,,1.0,,,1.0,,,,0.0,0.0,0.0,0.0,,0.0,,0.0,0.0,,1.0,,,1.0,1.0,1.0,,,,,,,1.0,,,,1.0,,,,0.0,,,,,,1.0,,,,0.0,0.0,,0.0,1.0,1.0,1.0,1.0,1.0,,1.0,,,1.0,1.0
Ricardo Berzoini,1.0,1.0,,,,,1.0,,1.0,,,,1.0,,,1.0,1.0,1.0,1.0,,,1.0,1.0,1.0,1.0,1.0,,1.0,0.0,0.0,1.0,,0.0,,,1.0,,,0.0,,0.0,1.0,,0.0,,,1.0,1.0,,,1.0,1.0,1.0,1.0,1.0,,0.0,0.0,0.0,1.0,,,,0.0,,1.0,1.0,,,,,1.0,0.0,,,,,,0.0,,0.0,0.0,0.0,,0.0,0.0,,0.0,0.0,0.0,,0.0,1.0,,1.0,1.0,,1.0,1.0,0.0,1.0,0.0,,,0.0,,,,1.0,1.0,,,0.0,,1.0,,,,,0.0,,1.0,0.0,1.0,0.0,,0.0,1.0,0.0,1.0,,,,0.0,,,0.0,,0.0,,,1.0,,,0.0,0.0,0.0,0.0,,,,1.0,,,1.0,1.0,,,,,1.0,1.0,,,0.0,1.0,,,1.0,,1.0,,1.0,0.0,1.0,0.0,,0.0,0.0,0.0,,,0.0,,,1.0,,1.0,0.0,1.0,0.0,,,,,1.0,1.0,1.0,0.0,1.0,0.0,0.0,,,0.0,0.0,0.0,0.0,0.0,1.0,,0.0,1.0,,1.0,,0.0,,0.0,,,,,,,,1.0,,0.0,0.0,,,0.0,,0.0,,1.0,,,,0.0,,,,,,,0.0,0.0,,0.0,1.0,0.0,0.0,0.0,0.0,0.0,,1.0,,,,,,,,0.0,0.0,,,,,0.0,,,,,,1.0,,,,1.0,,,0.0,0.0,,,1.0,1.0,,,,0.0,,,1.0,1.0,,,0.0,1.0,1.0,0.0,1.0,,,0.0,1.0,,0.0,1.0,,1.0,0.0,,,0.0,,,,0.0,1.0,,,,0.0,,,,,,,,1.0,,,,0.0,0.0,1.0,0.0,0.0,0.0,0.0,0.0,0.0,0.0,0.0,0.0,1.0,,,0.0,,,0.0,,1.0,,1.0,,1.0,0.0,0.0,1.0,1.0,1.0,0.0,1.0,1.0,1.0,1.0,1.0,0.0,1.0,1.0,1.0,1.0,1.0,1.0,0.0,,0.0,0.0,0.0,0.0,0.0,1.0,1.0,1.0,1.0,1.0,0.0,,1.0,1.0,1.0,
Ricardo Izar,,1.0,0.0,,,,,,1.0,,,,,,,,,,,,,,,,,1.0,0.0,,0.0,0.0,1.0,,,,,,,,1.0,,,,,,,,,1.0,,,1.0,1.0,1.0,1.0,1.0,,0.0,0.0,0.0,1.0,,,1.0,0.0,1.0,1.0,1.0,,0.0,1.0,0.0,1.0,0.0,0.0,0.0,,1.0,0.0,0.0,0.0,0.0,0.0,0.0,,0.0,0.0,0.0,,0.0,0.0,0.0,1.0,1.0,0.0,1.0,0.0,,,1.0,0.0,,0.0,0.0,,0.0,,,,1.0,1.0,0.0,1.0,1.0,1.0,1.0,,,0.0,,0.0,1.0,1.0,0.0,1.0,0.0,,0.0,0.0,1.0,1.0,,,1.0,0.0,1.0,0.0,,0.0,0.0,,,1.0,0.0,0.0,0.0,0.0,,0.0,1.0,,0.0,0.0,0.0,1.0,1.0,1.0,,1.0,,,1.0,,,0.0,,1.0,,1.0,,0.0,1.0,,,,,,,,,0.0,1.0,0.0,0.0,,,,,,,,,,,,,,,,,,,,,,,,,,,,,,,,,,,,,,,,,,,,,,,,,,,,,,,,,,,,,,,,,,,,,,,,,,,,,,,,,,,,,,,,,,,,,,,,,,,,,,,,,,,,,,,,,,,,,,,,,,,,,,,,,,,,,,,,,,,,,,,,,,,,,,,,,,,,,,,,,,,,,,,,,,,,,,,,,,,,,,,,,,,,,,,,,,,,,,,,,,,,,,,,,,,,,,,,,
Ricardo Quirino,,,,1.0,1.0,,,1.0,,,0.0,0.0,,,,,,,,,,,,,,,,,,,,1.0,,0.0,1.0,,1.0,,,,,,,,,0.0,1.0,,,,,,,,,1.0,,,,,,,,,,,,,,,,,,,,,,,,,,,,,,,,,,,,,,,,,,,,,,,,,,0.0,1.0,0.0,,,,,,,,,,,,,,,,,,1.0,,,,,,,,,,,,,,,,,,,,,,,,,,,,,,,,,,1.0,,,,,,,1.0,,,,,,,,,,,,,,,,,,,,,,,,,,,,,,1.0,,,,,,,,,,,,,,,,,,,,0.0,0.0,0.0,0.0,1.0,0.0,1.0,1.0,0.0,0.0,,0.0,0.0,0.0,0.0,0.0,0.0,,0.0,0.0,,1.0,1.0,1.0,,,,,,,,,,1.0,0.0,1.0,0.0,0.0,0.0,0.0,0.0,0.0,,0.0,1.0,1.0,1.0,1.0,1.0,0.0,0.0,0.0,,1.0,0.0,1.0,0.0,,,,1.0,0.0,1.0,,1.0,1.0,1.0,0.0,0.0,1.0,0.0,1.0,,,,1.0,,1.0,,,,,0.0,,,,,,,,1.0,,,,,,,0.0,0.0,0.0,0.0,0.0,1.0,1.0,1.0,1.0,,1.0,,,,,,,,,1.0,,1.0,,,,,,,,,,,,,,,,,,,,,,,,,,,,,,,,,,,,,,,,,,,,,,,,,,,,,,,,,,,,,,,,,
Ricardo Tripoli,,0.0,,1.0,1.0,,,1.0,,0.0,,,,0.0,1.0,0.0,1.0,1.0,1.0,,1.0,1.0,1.0,1.0,1.0,,,1.0,,,,,1.0,0.0,0.0,1.0,1.0,1.0,1.0,,,,,,,,0.0,1.0,,,0.0,,,,,,0.0,,,0.0,1.0,1.0,,,0.0,0.0,0.0,,,,1.0,0.0,0.0,,,0.0,0.0,1.0,,,0.0,,0.0,,,0.0,0.0,1.0,0.0,0.0,0.0,1.0,1.0,0.0,0.0,0.0,,1.0,1.0,1.0,0.0,,,,,0.0,1.0,0.0,0.0,0.0,,1.0,,,0.0,0.0,,,,,,,1.0,1.0,,,,0.0,,,0.0,0.0,1.0,1.0,,,,,0.0,,0.0,,,,,,,,,,,,,0.0,0.0,,,0.0,1.0,,,0.0,,1.0,,,0.0,0.0,1.0,,,,,,,,,0.0,0.0,,,,,,,0.0,,,,0.0,0.0,0.0,0.0,1.0,1.0,0.0,,0.0,,,,,,,,,,,1.0,0.0,,,,,,,,,,,,,,,,,,,,,,,,,,,1.0,1.0,1.0,0.0,,0.0,,,,,,,,1.0,1.0,1.0,,1.0,,1.0,,,,,0.0,,0.0,,,,0.0,0.0,,,,0.0,,1.0,1.0,0.0,0.0,,1.0,,0.0,,,0.0,0.0,0.0,,0.0,1.0,1.0,1.0,,,1.0,0.0,,0.0,0.0,1.0,0.0,1.0,1.0,0.0,1.0,1.0,0.0,1.0,,0.0,0.0,,,,1.0,1.0,0.0,0.0,0.0,0.0,0.0,0.0,1.0,0.0,,,1.0,1.0,,,,,1.0,1.0,1.0,1.0,,,,0.0,0.0,0.0,,,,0.0,,,,1.0,,,,,,0.0,,,,0.0,0.0,0.0,,,1.0,,,,1.0,0.0,1.0,,1.0,,,0.0,,0.0,,0.0,0.0,,,,0.0,,,,,,0.0,,,0.0,0.0,,,,,,1.0
Ricarte de Freitas,,,,,,,,,,,,,,,,,,,,,,,,,,,,,,,,,,,,,,,,,,,,,,,,,,,,,,,,,,,,,,,,,,,,,,,,,,,,,,,,,,,,,,,,,,,,,,,,,,,,,,,,,,,,,,,,,,,,,,,,,,,,,,,,,,,,,,,,,,,,,,,,,,,,,,,,,,,,,,,,,,,,,,,,,,,,,,,,,,,,,,,,,,,,,,,,,,,,,,,,,,,,,,,,,,,,,,,,,,,,,,,,,,,,,,,,,,,,,,,,,,,,,,,,,,,,,,,,,,,,,,,,,,,,,,,,,,,,,,,,,,,,,,,,,,,,,,,,,,,,,,,,,,,,,,,,,,,,,,,,,,,,,,,,,,,,,,,,,,,,,,,,,,,,,,,,,,,,,,,,,,,,,,,,,,,,,,,,,,,,,,,0.0,,,0.0,0.0,0.0,,,,,,,,,,,,
Rita Camata,1.0,0.0,0.0,0.0,1.0,,,1.0,1.0,0.0,,0.0,1.0,0.0,1.0,0.0,1.0,1.0,1.0,1.0,1.0,1.0,1.0,0.0,1.0,1.0,0.0,1.0,0.0,0.0,1.0,1.0,1.0,1.0,0.0,1.0,1.0,1.0,1.0,0.0,0.0,1.0,,,0.0,,,,,0.0,,,,,,,0.0,0.0,0.0,1.0,1.0,0.0,1.0,0.0,1.0,1.0,1.0,0.0,0.0,1.0,1.0,1.0,0.0,0.0,0.0,,1.0,0.0,0.0,,0.0,,0.0,0.0,0.0,,,,0.0,,,1.0,1.0,0.0,1.0,,1.0,1.0,1.0,1.0,1.0,0.0,1.0,0.0,,0.0,1.0,0.0,1.0,1.0,0.0,1.0,1.0,,1.0,1.0,1.0,0.0,1.0,0.0,,1.0,1.0,1.0,0.0,,0.0,1.0,0.0,1.0,0.0,0.0,1.0,0.0,1.0,0.0,,0.0,1.0,1.0,1.0,1.0,0.0,,0.0,0.0,1.0,0.0,1.0,1.0,1.0,,0.0,0.0,0.0,0.0,0.0,1.0,1.0,1.0,1.0,1.0,0.0,0.0,0.0,1.0,,1.0,1.0,,1.0,,,,,,,1.0,0.0,0.0,1.0,0.0,0.0,0.0,1.0,,0.0,1.0,0.0,1.0,0.0,1.0,1.0,0.0,0.0,1.0,1.0,1.0,0.0,1.0,0.0,,1.0,1.0,,0.0,0.0,0.0,0.0,1.0,,,1.0,0.0,1.0,0.0,0.0,0.0,1.0,,1.0,0.0,1.0,1.0,0.0,0.0,,0.0,,0.0,,,,1.0,,0.0,1.0,0.0,,1.0,0.0,1.0,,0.0,,,,0.0,0.0,,1.0,1.0,1.0,,,0.0,0.0,1.0,1.0,0.0,0.0,,,1.0,0.0,1.0,0.0,0.0,,,,0.0,,1.0,1.0,0.0,1.0,0.0,1.0,,1.0,,1.0,0.0,0.0,1.0,0.0,1.0,1.0,1.0,1.0,1.0,,0.0,0.0,0.0,0.0,,,0.0,,1.0,1.0,1.0,1.0,0.0,1.0,1.0,1.0,0.0,,0.0,1.0,,,0.0,0.0,0.0,0.0,0.0,0.0,1.0,1.0,1.0,1.0,1.0,,,,,0.0,1.0,1.0,,1.0,0.0,0.0,0.0,0.0,0.0,0.0,,1.0,1.0,0.0,,,,1.0,0.0,,,,,0.0,,,,0.0,0.0,0.0,1.0,1.0,1.0,,,,1.0,0.0,1.0,0.0,1.0,,,0.0,,0.0,1.0,0.0,0.0,,,,0.0,,,,,,0.0,1.0,1.0,,,,,1.0,0.0,0.0,1.0
Roberto Alves,,,,,1.0,,,1.0,,0.0,0.0,0.0,1.0,,1.0,0.0,1.0,1.0,1.0,1.0,1.0,1.0,1.0,1.0,1.0,,,,,,,1.0,,,,1.0,1.0,1.0,,,,,,,,,,,,,,,,,,,,,,,,1.0,,,,,,,,,,,,,,,,,,,,,,,,,,,,,,,,,,,,,,,,,,,,0.0,1.0,1.0,,,,,,,,,,,,,,,,,,,,,,,,,,,,,,,,,1.0,,,,,,,,,,,,,,,,,,,1.0,,,,,,,,,,,,0.0,1.0,0.0,1.0,0.0,,0.0,1.0,,,,,,,,,,,,,,,,,,1.0,,,,,,,,,,,,,,,,,,,,,,,,,,,,,,1.0,,,,,,,,,,1.0,1.0,1.0,1.0,,,,,,,,,0.0,1.0,1.0,1.0,0.0,0.0,0.0,0.0,0.0,0.0,1.0,0.0,1.0,,,1.0,1.0,0.0,0.0,0.0,0.0,1.0,0.0,,0.0,1.0,1.0,0.0,1.0,,1.0,,1.0,0.0,1.0,0.0,,1.0,,,1.0,1.0,1.0,1.0,1.0,1.0,1.0,1.0,1.0,1.0,0.0,1.0,,0.0,1.0,1.0,0.0,0.0,1.0,1.0,1.0,,0.0,0.0,1.0,0.0,0.0,0.0,1.0,0.0,0.0,1.0,1.0,1.0,1.0,1.0,1.0,1.0,0.0,0.0,0.0,1.0,1.0,,,1.0,1.0,1.0,0.0,1.0,1.0,0.0,0.0,1.0,,,0.0,0.0,0.0,0.0,0.0,,0.0,1.0,0.0,0.0,0.0,1.0,0.0,,1.0,1.0,1.0,1.0,,1.0,0.0,,1.0,1.0,0.0,0.0,0.0,1.0,1.0,1.0,1.0,0.0,1.0,1.0,1.0,1.0,1.0,1.0,0.0,1.0,0.0,0.0,0.0,0.0,,1.0,1.0,1.0,1.0,1.0,0.0,1.0,1.0,0.0,1.0,1.0
Roberto Balestra,1.0,,,,,1.0,,,1.0,0.0,,,,1.0,1.0,1.0,,,1.0,1.0,1.0,1.0,1.0,,1.0,,,,0.0,0.0,,,0.0,,,1.0,,,1.0,,,,0.0,1.0,,,,,,,,,,,,,0.0,,0.0,1.0,0.0,1.0,1.0,0.0,1.0,,,0.0,0.0,,,,,,,,,0.0,0.0,0.0,0.0,,0.0,,,,,,,,,,,,,0.0,,1.0,1.0,0.0,,0.0,0.0,,,,,,,,,,,,,,1.0,,1.0,,,,,,,,,,1.0,,,0.0,,0.0,,0.0,,0.0,0.0,,1.0,,,,,,,,,,,,,,,,,,,,,,,,,,,,,,,,,,1.0,,,0.0,1.0,,,,,,,,,,,,,,,,,,,,,,,,,,,,,,,,,,,,,,,,,,,,,,,,1.0,,,,,,,,,,,,,,,1.0,,,0.0,,0.0,0.0,,,,,,,,,,,,,,,,,,,,,,,,,,,,,,,,,,,,,,,,,,1.0,0.0,,,,,,0.0,,,0.0,,0.0,1.0,,,,,,,1.0,,,,,,,,,,,,,1.0,,,1.0,,0.0,0.0,,,,,,,,,,1.0,0.0,,,0.0,0.0,0.0,0.0,0.0,0.0,0.0,1.0,,,,,0.0,,,,1.0,,,1.0,1.0,,0.0,0.0,,1.0,,,1.0,,,1.0,1.0,0.0,1.0,,1.0,1.0,1.0,1.0,,,,0.0,0.0,0.0,0.0,,1.0,1.0,1.0,,,,,,1.0,1.0
Roberto Britto,1.0,1.0,0.0,1.0,1.0,1.0,1.0,1.0,1.0,1.0,0.0,0.0,,,1.0,,1.0,1.0,1.0,1.0,1.0,1.0,1.0,1.0,1.0,1.0,0.0,1.0,0.0,0.0,,,0.0,1.0,0.0,1.0,1.0,1.0,1.0,0.0,,1.0,,1.0,1.0,0.0,1.0,,0.0,0.0,1.0,,,,,1.0,0.0,0.0,0.0,,1.0,,1.0,0.0,1.0,1.0,1.0,,,1.0,0.0,1.0,,,0.0,0.0,1.0,0.0,0.0,,0.0,0.0,0.0,0.0,0.0,0.0,0.0,0.0,0.0,0.0,0.0,0.0,1.0,0.0,1.0,1.0,,1.0,,0.0,1.0,0.0,0.0,0.0,0.0,0.0,1.0,0.0,1.0,1.0,0.0,1.0,0.0,1.0,1.0,1.0,,0.0,1.0,0.0,1.0,1.0,0.0,1.0,0.0,1.0,0.0,0.0,1.0,1.0,1.0,0.0,1.0,0.0,,0.0,0.0,,0.0,1.0,1.0,,,,,,0.0,,1.0,1.0,0.0,1.0,,,,,0.0,1.0,1.0,1.0,1.0,1.0,1.0,0.0,0.0,1.0,1.0,1.0,1.0,0.0,1.0,0.0,1.0,,,,0.0,0.0,1.0,0.0,1.0,0.0,0.0,0.0,1.0,1.0,0.0,1.0,0.0,1.0,0.0,1.0,0.0,0.0,0.0,1.0,,1.0,0.0,1.0,0.0,0.0,,,0.0,0.0,0.0,0.0,0.0,1.0,1.0,0.0,1.0,0.0,1.0,0.0,,0.0,,0.0,1.0,0.0,0.0,,0.0,0.0,,0.0,,0.0,0.0,0.0,0.0,1.0,0.0,,1.0,1.0,,,0.0,0.0,1.0,1.0,,,0.0,0.0,,,,,,0.0,0.0,0.0,,,,,1.0,1.0,1.0,1.0,1.0,0.0,,0.0,0.0,1.0,0.0,1.0,0.0,1.0,1.0,0.0,1.0,0.0,,1.0,1.0,0.0,,0.0,0.0,1.0,0.0,1.0,1.0,,1.0,,1.0,1.0,0.0,0.0,1.0,,1.0,,0.0,0.0,1.0,1.0,0.0,0.0,1.0,1.0,0.0,,,,1.0,,0.0,0.0,1.0,1.0,0.0,1.0,0.0,1.0,1.0,,1.0,,0.0,0.0,0.0,1.0,1.0,0.0,1.0,0.0,1.0,,0.0,1.0,1.0,0.0,0.0,1.0,,,0.0,0.0,0.0,,,1.0,,1.0,0.0,0.0,0.0,1.0,,0.0,,1.0,1.0,1.0,1.0,1.0,0.0,0.0,1.0,1.0,1.0,0.0,1.0,,1.0,1.0,1.0,0.0,1.0,,1.0,1.0,1.0,1.0,0.0,1.0,0.0,0.0,,0.0,0.0,1.0,1.0,1.0,1.0,1.0,0.0,1.0,1.0,1.0,1.0,1.0
Roberto Magalhães,,0.0,,0.0,0.0,,1.0,,,0.0,1.0,0.0,1.0,0.0,,1.0,1.0,1.0,,,,,,,,,,,,,,1.0,1.0,1.0,,,1.0,1.0,1.0,,,,,,0.0,,0.0,1.0,,1.0,0.0,,,,,1.0,1.0,,,0.0,1.0,,,,0.0,,0.0,,,0.0,1.0,,,,,,,1.0,,,,1.0,,,,,,,,,,1.0,,,0.0,0.0,,1.0,1.0,1.0,,0.0,0.0,1.0,1.0,0.0,1.0,,,,,1.0,1.0,0.0,0.0,0.0,0.0,,1.0,,0.0,0.0,,,0.0,1.0,,1.0,0.0,,0.0,1.0,1.0,0.0,,,,,0.0,,0.0,,,,,,,,,0.0,1.0,1.0,,0.0,,,,0.0,1.0,,0.0,0.0,,1.0,,0.0,0.0,0.0,1.0,,,,1.0,,,1.0,,,1.0,,,,,,0.0,0.0,,0.0,,0.0,1.0,0.0,0.0,1.0,0.0,0.0,,0.0,,,,,,,,,,,1.0,0.0,,,0.0,,,,,,,,,,1.0,1.0,,,,,0.0,,,,,0.0,,,1.0,,,,,,0.0,0.0,,,,,,1.0,1.0,1.0,,,,1.0,,1.0,0.0,,0.0,1.0,1.0,0.0,0.0,1.0,,,1.0,,,0.0,,0.0,,,,,1.0,1.0,1.0,1.0,0.0,,,,1.0,0.0,1.0,0.0,0.0,1.0,1.0,0.0,0.0,0.0,0.0,0.0,1.0,0.0,1.0,1.0,,,,0.0,1.0,0.0,,0.0,1.0,,,,1.0,1.0,0.0,1.0,1.0,,,1.0,1.0,,,,1.0,,,,0.0,1.0,1.0,1.0,1.0,0.0,1.0,0.0,0.0,,,,1.0,1.0,,,,,1.0,,,,,,,,,,0.0,,,1.0,,,,,,,0.0,1.0,0.0,1.0,,,,,,1.0,,,,,,,,,,,1.0,0.0,,,0.0,,,,1.0,0.0,0.0,
Roberto Rocha,,,,,1.0,,1.0,1.0,,,0.0,,,,,,,,,,,,,,,0.0,,,,,,,,1.0,0.0,1.0,,1.0,1.0,,,,,,0.0,1.0,0.0,1.0,,,0.0,,,,,1.0,,,0.0,0.0,,,,,,,,,,0.0,1.0,,0.0,,,,,,,1.0,,0.0,,,,,0.0,1.0,0.0,,,1.0,,,0.0,0.0,,1.0,1.0,0.0,0.0,,,,1.0,,,,0.0,0.0,,1.0,,0.0,0.0,0.0,,,,0.0,1.0,1.0,1.0,1.0,,1.0,,0.0,1.0,,,0.0,1.0,1.0,,,,,0.0,,1.0,,,,,,,,,1.0,,0.0,,,,0.0,,0.0,1.0,,0.0,0.0,,1.0,,,,0.0,,,,,,,,,1.0,,1.0,,,,,,,,,,,0.0,,,0.0,0.0,0.0,,1.0,0.0,,,,,,,,,,,,0.0,,,0.0,,,,,,,,,,,,,1.0,1.0,,,,,,,0.0,,,,0.0,,,,1.0,0.0,,,,,,,,,,,,,,,,,,,,1.0,,0.0,0.0,,,,,,,,0.0,,,,,,,,,0.0,,0.0,1.0,,,1.0,,1.0,,1.0,1.0,,0.0,0.0,,1.0,0.0,,,0.0,,,,,1.0,,,,,,1.0,1.0,0.0,0.0,0.0,1.0,,0.0,1.0,,,1.0,1.0,1.0,,,,,1.0,1.0,1.0,1.0,,,0.0,,,,,,1.0,,,,,,,,,,,,,,,0.0,0.0,,1.0,1.0,,,,,,,,,,,,,,,,1.0,1.0,1.0,,,,,,,,,,,,0.0,,,,,,1.0,
Roberto Santiago,1.0,1.0,0.0,0.0,1.0,1.0,1.0,1.0,1.0,1.0,1.0,,1.0,0.0,1.0,0.0,1.0,1.0,1.0,1.0,1.0,1.0,1.0,0.0,1.0,0.0,,,0.0,0.0,1.0,1.0,0.0,1.0,0.0,1.0,1.0,1.0,0.0,0.0,0.0,1.0,0.0,0.0,1.0,0.0,1.0,1.0,0.0,,1.0,1.0,1.0,1.0,1.0,1.0,1.0,0.0,0.0,1.0,1.0,0.0,1.0,0.0,1.0,1.0,1.0,0.0,0.0,1.0,1.0,1.0,0.0,0.0,0.0,0.0,1.0,0.0,0.0,1.0,0.0,0.0,0.0,0.0,0.0,0.0,0.0,0.0,0.0,0.0,,0.0,1.0,0.0,1.0,1.0,,1.0,0.0,0.0,1.0,0.0,0.0,0.0,0.0,0.0,1.0,0.0,1.0,1.0,0.0,1.0,0.0,1.0,1.0,0.0,1.0,0.0,1.0,0.0,1.0,1.0,0.0,1.0,0.0,1.0,0.0,0.0,1.0,1.0,1.0,0.0,1.0,0.0,1.0,0.0,0.0,0.0,0.0,1.0,1.0,1.0,0.0,0.0,0.0,0.0,0.0,0.0,1.0,1.0,0.0,1.0,0.0,1.0,1.0,1.0,0.0,1.0,1.0,1.0,1.0,1.0,1.0,0.0,0.0,1.0,1.0,1.0,1.0,0.0,1.0,0.0,1.0,0.0,1.0,0.0,0.0,0.0,1.0,0.0,1.0,0.0,0.0,0.0,1.0,,0.0,,0.0,1.0,0.0,0.0,1.0,0.0,0.0,1.0,1.0,0.0,0.0,1.0,,,,,0.0,0.0,0.0,0.0,1.0,0.0,0.0,0.0,0.0,,,,0.0,0.0,0.0,0.0,1.0,0.0,0.0,1.0,0.0,0.0,1.0,0.0,0.0,0.0,0.0,0.0,0.0,1.0,0.0,0.0,1.0,1.0,1.0,1.0,0.0,1.0,1.0,1.0,0.0,1.0,,0.0,0.0,1.0,1.0,1.0,0.0,0.0,0.0,0.0,0.0,1.0,1.0,0.0,1.0,1.0,1.0,0.0,0.0,0.0,0.0,0.0,1.0,1.0,0.0,0.0,0.0,1.0,1.0,0.0,1.0,0.0,1.0,1.0,0.0,0.0,1.0,0.0,0.0,0.0,0.0,1.0,1.0,1.0,1.0,1.0,1.0,1.0,0.0,0.0,,,1.0,1.0,,0.0,1.0,1.0,0.0,0.0,1.0,1.0,1.0,0.0,0.0,0.0,1.0,0.0,0.0,0.0,0.0,0.0,0.0,0.0,1.0,1.0,1.0,1.0,1.0,1.0,1.0,0.0,0.0,1.0,1.0,0.0,1.0,1.0,1.0,1.0,0.0,1.0,1.0,0.0,0.0,1.0,0.0,0.0,0.0,0.0,0.0,0.0,0.0,0.0,0.0,1.0,0.0,0.0,0.0,1.0,0.0,0.0,1.0,1.0,1.0,1.0,1.0,1.0,0.0,0.0,1.0,1.0,0.0,0.0,0.0,1.0,1.0,1.0,1.0,0.0,1.0,1.0,1.0,1.0,1.0,1.0,0.0,1.0,0.0,0.0,0.0,0.0,0.0,1.0,1.0,1.0,1.0,0.0,1.0,1.0,1.0,1.0,1.0,1.0
Rodovalho,1.0,1.0,0.0,,,1.0,,,,,,,,,1.0,1.0,1.0,1.0,1.0,1.0,1.0,1.0,1.0,1.0,1.0,1.0,,,0.0,0.0,1.0,,0.0,,,1.0,1.0,1.0,1.0,,,,,0.0,0.0,,,1.0,,0.0,1.0,,,,,,1.0,1.0,,,,,1.0,,,,1.0,0.0,0.0,1.0,0.0,1.0,,,0.0,0.0,,,0.0,0.0,0.0,0.0,0.0,,0.0,0.0,0.0,0.0,,,,1.0,1.0,0.0,,1.0,,,0.0,,1.0,0.0,1.0,0.0,0.0,,,,,1.0,0.0,1.0,0.0,,,1.0,,0.0,,,1.0,,0.0,,,,0.0,,1.0,1.0,1.0,0.0,1.0,0.0,,0.0,,,1.0,,,1.0,0.0,0.0,,,0.0,,,0.0,,,,,,1.0,,,,,,,,,,,,1.0,,0.0,,,1.0,,1.0,0.0,0.0,0.0,1.0,,,0.0,,,,,,,,,,1.0,1.0,0.0,,,,,,,,,,,,,,,,,,,,,,,,,,,,,,,,,1.0,,,,,,,1.0,,,1.0,1.0,1.0,1.0,,,,,,0.0,0.0,,,1.0,,,,,,,,,,,,,,,,,,,,,,,,,,,,,,,,,,,,,,,1.0,1.0,1.0,,,1.0,,,1.0,1.0,,1.0,1.0,,,,,,,,,1.0,,,,,,,,,,,,,,,1.0,,0.0,0.0,0.0,,1.0,,1.0,,,,,,,0.0,,,0.0,0.0,0.0,,0.0,,,1.0,,,,,0.0,,,,1.0,1.0,1.0,,1.0,,0.0,0.0,1.0,,,0.0,1.0,,1.0,1.0,1.0,,1.0,1.0,1.0,1.0,1.0,1.0,,,,0.0,,0.0,,,,,,,,,1.0,0.0,,
Rodrigo Maia,,,,1.0,1.0,1.0,,1.0,,,1.0,0.0,1.0,0.0,1.0,,,,1.0,1.0,1.0,1.0,1.0,1.0,1.0,0.0,,,,,,1.0,1.0,,,,1.0,,1.0,,,,,,0.0,1.0,,1.0,,,0.0,,,,,,,,,0.0,,1.0,,,0.0,,,,,,,,,,,,,,,,,,,,,,,,,,,,,,0.0,0.0,1.0,,1.0,,0.0,,,,1.0,,1.0,1.0,,0.0,,,1.0,,0.0,0.0,,,,0.0,0.0,,,1.0,,,,1.0,,,0.0,1.0,,0.0,,,,,0.0,,0.0,,,,,,,,,,,0.0,,,0.0,0.0,0.0,0.0,1.0,,,0.0,0.0,1.0,,,0.0,,0.0,,,,,,,,,,,,,,,,,,,,,,,,0.0,1.0,0.0,0.0,,,,,,,,,,,,,,0.0,,,0.0,,,,,,,,,,,1.0,,,,,,,,,,,,,,0.0,,,,1.0,,,,,,,,,1.0,,,,,,,,,,0.0,1.0,1.0,0.0,,1.0,,,,,,0.0,,0.0,,,,,,1.0,1.0,,0.0,0.0,0.0,,,,,1.0,1.0,1.0,1.0,0.0,0.0,0.0,,,1.0,,1.0,,,,,0.0,1.0,,,0.0,,,,,,,,1.0,,,,1.0,,,,1.0,,,,,0.0,,1.0,1.0,,0.0,1.0,0.0,0.0,,,0.0,1.0,,,,,,,,,,,,,,,,,0.0,,,1.0,1.0,,,,1.0,,1.0,,,,,0.0,,0.0,,,,,,,,,,,,,,1.0,1.0,,,,,,,,1.0
Rodrigo Rocha Loures,,,0.0,1.0,,1.0,,1.0,1.0,0.0,,0.0,,0.0,1.0,0.0,1.0,1.0,,,,1.0,,1.0,1.0,1.0,0.0,1.0,0.0,0.0,1.0,1.0,,1.0,0.0,,1.0,1.0,1.0,,,1.0,0.0,,1.0,0.0,1.0,1.0,0.0,,1.0,0.0,0.0,1.0,0.0,,0.0,,0.0,1.0,,1.0,1.0,0.0,,,1.0,,0.0,1.0,1.0,,,,,0.0,1.0,0.0,0.0,0.0,0.0,,0.0,0.0,0.0,,,,0.0,,,,,0.0,,,1.0,1.0,1.0,0.0,1.0,,1.0,,0.0,,1.0,,1.0,1.0,,,1.0,1.0,1.0,0.0,1.0,0.0,,,1.0,1.0,0.0,1.0,,1.0,,1.0,0.0,1.0,1.0,0.0,1.0,0.0,,0.0,0.0,,1.0,1.0,0.0,1.0,0.0,0.0,,,,0.0,1.0,0.0,,0.0,0.0,,1.0,1.0,0.0,,1.0,1.0,,1.0,1.0,0.0,,1.0,1.0,1.0,1.0,0.0,,,1.0,0.0,,0.0,,,1.0,,1.0,0.0,0.0,0.0,1.0,,0.0,1.0,0.0,,,1.0,1.0,0.0,0.0,,,,,1.0,,,,,,0.0,,,,,,0.0,1.0,,,,0.0,,,0.0,1.0,0.0,,,0.0,0.0,,0.0,,0.0,0.0,0.0,,,0.0,0.0,1.0,1.0,1.0,,0.0,1.0,1.0,1.0,0.0,,0.0,,0.0,1.0,1.0,,1.0,0.0,0.0,0.0,0.0,0.0,0.0,,,1.0,1.0,1.0,1.0,0.0,,,,1.0,0.0,,0.0,1.0,1.0,0.0,,,,1.0,1.0,0.0,,0.0,,1.0,0.0,1.0,,,1.0,1.0,1.0,1.0,,,,1.0,1.0,,,0.0,,1.0,,,1.0,,0.0,,0.0,,1.0,,0.0,0.0,0.0,0.0,1.0,1.0,0.0,,1.0,,,,0.0,,0.0,1.0,,0.0,1.0,,,1.0,,,1.0,0.0,,,0.0,0.0,0.0,0.0,0.0,,0.0,,0.0,1.0,0.0,0.0,0.0,,,,,,,1.0,1.0,,,,,1.0,1.0,0.0,,,,1.0,,,,1.0,1.0,,,1.0,,,,,,,,1.0,,1.0,,,0.0,1.0,,,0.0,1.0
Rodrigo Rollemberg,1.0,1.0,,0.0,1.0,1.0,1.0,,1.0,0.0,1.0,0.0,1.0,0.0,1.0,0.0,1.0,1.0,1.0,1.0,1.0,1.0,1.0,1.0,1.0,1.0,0.0,1.0,0.0,0.0,1.0,1.0,,1.0,0.0,1.0,1.0,1.0,0.0,,0.0,1.0,,0.0,1.0,,1.0,1.0,0.0,0.0,1.0,1.0,1.0,1.0,1.0,,0.0,0.0,0.0,1.0,,0.0,1.0,0.0,1.0,1.0,1.0,0.0,0.0,1.0,0.0,,0.0,0.0,0.0,0.0,,0.0,,1.0,0.0,0.0,0.0,0.0,0.0,0.0,0.0,0.0,0.0,0.0,,0.0,1.0,0.0,1.0,1.0,1.0,1.0,1.0,0.0,,0.0,1.0,1.0,0.0,,1.0,0.0,1.0,1.0,,1.0,,1.0,1.0,1.0,,0.0,1.0,,,,0.0,1.0,,1.0,0.0,0.0,0.0,1.0,1.0,0.0,1.0,0.0,1.0,0.0,,,1.0,,1.0,1.0,0.0,,0.0,0.0,0.0,0.0,1.0,1.0,0.0,1.0,0.0,1.0,1.0,1.0,0.0,,1.0,1.0,1.0,1.0,1.0,0.0,0.0,1.0,1.0,1.0,1.0,0.0,1.0,0.0,1.0,0.0,1.0,,0.0,0.0,1.0,0.0,1.0,,,0.0,1.0,,0.0,1.0,0.0,,0.0,0.0,0.0,0.0,0.0,1.0,,1.0,0.0,1.0,,,,,0.0,0.0,0.0,0.0,0.0,1.0,1.0,0.0,1.0,,,,0.0,0.0,,0.0,1.0,0.0,1.0,1.0,,0.0,1.0,0.0,0.0,0.0,0.0,0.0,,1.0,0.0,0.0,1.0,1.0,1.0,,0.0,1.0,1.0,1.0,0.0,1.0,0.0,0.0,,0.0,1.0,,0.0,0.0,0.0,,0.0,1.0,1.0,,1.0,1.0,1.0,,1.0,0.0,,,0.0,,0.0,1.0,0.0,1.0,1.0,,1.0,0.0,1.0,1.0,,,1.0,0.0,0.0,0.0,0.0,,1.0,0.0,1.0,1.0,,1.0,0.0,,1.0,,1.0,1.0,1.0,0.0,,1.0,,0.0,1.0,,0.0,0.0,,,1.0,0.0,0.0,1.0,1.0,0.0,1.0,0.0,1.0,1.0,1.0,1.0,1.0,1.0,0.0,0.0,0.0,,1.0,,1.0,0.0,1.0,1.0,0.0,1.0,,0.0,,1.0,0.0,0.0,0.0,0.0,0.0,0.0,,1.0,0.0,1.0,0.0,0.0,0.0,1.0,0.0,0.0,1.0,1.0,1.0,1.0,1.0,1.0,0.0,0.0,1.0,1.0,1.0,0.0,1.0,,1.0,1.0,1.0,0.0,1.0,,1.0,1.0,1.0,1.0,,1.0,0.0,0.0,,,,1.0,1.0,1.0,1.0,,,1.0,1.0,,1.0,
Rodrigo de Castro,1.0,0.0,1.0,1.0,,,1.0,,1.0,,,0.0,,0.0,1.0,0.0,1.0,1.0,1.0,,1.0,,,1.0,1.0,0.0,,,,,,1.0,1.0,1.0,0.0,1.0,1.0,1.0,1.0,,,,,,0.0,1.0,,1.0,,,0.0,,,,,,0.0,1.0,,0.0,1.0,1.0,,,0.0,0.0,0.0,,,0.0,1.0,,0.0,,1.0,0.0,0.0,1.0,,1.0,0.0,0.0,0.0,0.0,0.0,0.0,0.0,1.0,0.0,0.0,0.0,1.0,1.0,0.0,0.0,0.0,,1.0,,1.0,,,,,1.0,0.0,,,0.0,0.0,,1.0,1.0,0.0,,0.0,,1.0,1.0,0.0,1.0,1.0,1.0,1.0,,,,0.0,1.0,,0.0,1.0,1.0,1.0,,,,,0.0,,0.0,,,,,,,,,1.0,1.0,0.0,,0.0,0.0,0.0,1.0,0.0,,,,0.0,,1.0,,0.0,,0.0,1.0,,,,,,,,,,1.0,,,,,,0.0,,,,,,,0.0,0.0,,,0.0,1.0,,,,,,,,,,,,1.0,0.0,,,,,,,,,,,,,,,,,,,,,,,,,,,1.0,0.0,1.0,1.0,,,0.0,0.0,,,,,,1.0,1.0,1.0,,,,1.0,,1.0,0.0,,,,,0.0,0.0,0.0,0.0,0.0,1.0,,,0.0,,0.0,0.0,1.0,0.0,,1.0,,,,,,,,,0.0,1.0,1.0,1.0,1.0,,1.0,,0.0,,,1.0,1.0,1.0,,,,1.0,0.0,1.0,,1.0,,,,,,,,,,,,,1.0,,1.0,,1.0,1.0,,,,0.0,1.0,1.0,1.0,1.0,,,0.0,0.0,,,0.0,,1.0,,,,,,0.0,,,,,,0.0,,,0.0,0.0,0.0,,,,,,,1.0,,1.0,,1.0,,,,,,,0.0,0.0,1.0,,,,,,,,,,,,,,,1.0,1.0,1.0,1.0,
Rogerio Lisboa,,,,,,,1.0,,1.0,1.0,,0.0,,,1.0,1.0,1.0,1.0,1.0,,,,1.0,1.0,1.0,0.0,,,,,,,,,,1.0,1.0,,1.0,,,,,,0.0,,,1.0,,,,,,,,1.0,1.0,,,0.0,1.0,,,,0.0,,0.0,,,0.0,1.0,,,,,,,,,,,1.0,,,,,,,,,,1.0,,,0.0,0.0,,1.0,,1.0,0.0,,,,,0.0,1.0,0.0,0.0,0.0,,1.0,1.0,0.0,,,,0.0,1.0,0.0,0.0,0.0,1.0,,,,,1.0,0.0,,,1.0,1.0,0.0,,,,,0.0,,,,,,,,,,,0.0,,,0.0,,0.0,0.0,,,,,,0.0,,1.0,,,,,1.0,,,,,,,,,1.0,0.0,,,,,,,,,,,0.0,,0.0,0.0,1.0,0.0,,,0.0,,,,,,,,,,,,,,,,,,,,,,,,,1.0,,,,,,,,,,,0.0,,,1.0,,,,,,,,,,,,,,,,1.0,,,,,,,,,,,,,,,,,,,,,,,,,,,,,1.0,,,,,,,,1.0,,,,,,0.0,,,,,,,,,,,,,,,,,,,,,,,,,,,,,,,,,,,,,,,,,,,,,,0.0,,,,,,,,,,,,,,,,,,0.0,0.0,,1.0,1.0,,,,,,1.0,,,,,,,,,,,,,,,,,,,,,,1.0,,,,,,0.0,,
Rogério Marinho,1.0,1.0,0.0,1.0,,,1.0,1.0,1.0,0.0,1.0,,1.0,0.0,1.0,0.0,1.0,1.0,1.0,1.0,1.0,1.0,1.0,1.0,1.0,1.0,,,0.0,,1.0,1.0,1.0,1.0,0.0,,1.0,,0.0,0.0,0.0,1.0,0.0,0.0,1.0,1.0,,,0.0,0.0,1.0,1.0,1.0,1.0,1.0,1.0,0.0,0.0,0.0,,1.0,0.0,,0.0,1.0,,1.0,0.0,0.0,1.0,1.0,1.0,0.0,0.0,,0.0,,0.0,0.0,0.0,0.0,,0.0,,0.0,0.0,0.0,1.0,0.0,0.0,0.0,0.0,,0.0,1.0,1.0,,1.0,,0.0,1.0,0.0,,1.0,0.0,0.0,1.0,,1.0,1.0,0.0,1.0,0.0,,,1.0,,0.0,1.0,0.0,1.0,1.0,0.0,1.0,0.0,1.0,0.0,0.0,0.0,1.0,1.0,0.0,1.0,,1.0,0.0,0.0,0.0,1.0,,0.0,,0.0,,,0.0,0.0,0.0,1.0,,,1.0,0.0,1.0,,1.0,,1.0,,,0.0,1.0,1.0,1.0,0.0,1.0,,1.0,,0.0,1.0,,,,,,,0.0,1.0,,1.0,0.0,0.0,0.0,,,0.0,1.0,,,,,0.0,0.0,,1.0,1.0,,,,0.0,0.0,,,,,,,,,,,,0.0,,0.0,0.0,0.0,1.0,0.0,1.0,,1.0,1.0,0.0,,1.0,,0.0,1.0,0.0,0.0,0.0,0.0,,0.0,1.0,1.0,,1.0,0.0,1.0,1.0,1.0,0.0,1.0,1.0,0.0,,0.0,1.0,1.0,1.0,,1.0,1.0,,1.0,0.0,1.0,0.0,,,,0.0,0.0,,,1.0,,,0.0,1.0,0.0,0.0,1.0,0.0,,1.0,1.0,0.0,1.0,0.0,0.0,0.0,0.0,,0.0,,1.0,0.0,,1.0,1.0,0.0,0.0,0.0,,1.0,0.0,1.0,1.0,,,1.0,0.0,1.0,1.0,,0.0,1.0,,,,0.0,0.0,1.0,0.0,0.0,0.0,0.0,1.0,1.0,1.0,1.0,1.0,,,,,0.0,1.0,1.0,0.0,0.0,0.0,,0.0,0.0,0.0,,0.0,1.0,1.0,0.0,,,,1.0,,,,,,0.0,,,,0.0,0.0,,1.0,1.0,1.0,,,,1.0,,,,1.0,,,,,,1.0,0.0,0.0,1.0,,,0.0,,,,,,0.0,,,0.0,0.0,,,1.0,0.0,1.0,1.0
Rogério Silva,,,,,,,,,,,,,,,,,,,,,,,,,,,,,,,,,,,,,,,,,,,,,,,,,,,,,,,,,,,,,,,,,,,,,,,,,,,,,,,,,,,,,,,,,,,,,,,,,,,,,,,,,,,,,,,,,,,,,,,,,,,,,,,,,,,,,,,,,,,,,,,,,,,,,,,,,,,,,,,,,,,,,,,,,,,,,,,,,,,,,,,,,,,,,,,,,,,,,,,,,,,,,,,,,,,,,,,,,,,,0.0,1.0,0.0,1.0,1.0,,,,,,0.0,0.0,0.0,,,,,,,,,,,,,,,,,,,,,,,,,,,,,,,,,,,,,,,,,,,,,,,,,,,,,,,,,,,,,,,,,,,,,,,,,,,,,,,,,,,,,,,,,,,,,,,,,,,,,,,,,,,,,,,,,,,,,,,,,,,,,,,,,,,,,,,,,,,,,,,,,,,,,,,,,,,,,,,,,,,,,,,,
Ronaldo Caiado,,0.0,1.0,,,,,1.0,,,,0.0,1.0,0.0,1.0,1.0,1.0,1.0,1.0,1.0,1.0,1.0,1.0,1.0,1.0,0.0,,1.0,,,,1.0,1.0,1.0,0.0,1.0,1.0,1.0,1.0,,,,,,0.0,1.0,0.0,1.0,,1.0,0.0,0.0,0.0,0.0,0.0,,1.0,,,0.0,1.0,1.0,,,0.0,0.0,0.0,,,0.0,1.0,,,,,,,,,1.0,,1.0,,,,,,,,,,1.0,,,,0.0,1.0,1.0,1.0,1.0,,,0.0,1.0,,0.0,1.0,1.0,0.0,0.0,,1.0,1.0,0.0,0.0,0.0,,0.0,1.0,0.0,0.0,0.0,1.0,,,,,0.0,0.0,,0.0,1.0,1.0,0.0,,,,,0.0,,0.0,,,,,,,,,0.0,1.0,0.0,1.0,0.0,,0.0,,0.0,1.0,,0.0,0.0,,1.0,,0.0,0.0,0.0,,,,,,,,,,0.0,1.0,,,,,,0.0,0.0,,,,0.0,,0.0,1.0,1.0,0.0,0.0,,0.0,,,,,,,,,,,1.0,0.0,,,0.0,,,,,,,,,,1.0,1.0,,,1.0,,,,,,,0.0,,,1.0,0.0,,,,,,,,,,,,1.0,1.0,,,,,,,1.0,,,0.0,1.0,1.0,0.0,0.0,1.0,,,1.0,,,0.0,,,,,0.0,,,,1.0,,0.0,,0.0,1.0,,,1.0,1.0,,1.0,1.0,1.0,0.0,1.0,0.0,0.0,1.0,0.0,1.0,,,,,,1.0,,1.0,,,,,0.0,1.0,0.0,,0.0,0.0,,0.0,1.0,,1.0,1.0,1.0,,,,,0.0,1.0,1.0,,1.0,0.0,,,0.0,,,,,1.0,,,,,,1.0,,,,,,,,,,,,1.0,1.0,1.0,,,,1.0,0.0,1.0,0.0,1.0,,,,,,,1.0,1.0,1.0,,,0.0,,,,,1.0,,,,,,,,,,,
Ronaldo Cunha Lima,,,,,,,,,,,,,,,,,,,,,,,,,,,,,,,,,,,,,,,1.0,,,,,,,,,,,,,,,,,,,1.0,,0.0,1.0,,,1.0,,0.0,0.0,1.0,,0.0,,,0.0,,1.0,0.0,,,,,0.0,0.0,0.0,,0.0,,,,0.0,,0.0,,,,,,,,,,,,,1.0,1.0,,,,0.0,,,,,0.0,,0.0,,0.0,,,0.0,1.0,,,,,,,,,,0.0,,1.0,,,,,0.0,,,,,,,,,,,,,,,,,,,,,,0.0,,,,,,,,,,,,,,,,,,,,,,,,,,,,,,,,,,,,,,,,,,,,,,,,,,,,,,,,,,,,,,,,,,,,,,,,,,,,,,,,,,,,,,,,,,,,,,,,,,,,,,,,,,,,,,,,,,,,,,,,,,,,,,,,,,,,,,,,,,,,,,,,,,,,,,,,,,,,,,,,,,,,,,,,,,,,,,,,,,,,,,,,,,,,,,,,,,,,,,,,,,,,,,,,,,,,,,,,,,,,,,,,,,,,,,,,,,,,,,,
Ronaldo Leite,,,,,,,1.0,,,,,,,,,,,,,,,,,,,,,,,,,,,,,,,,,,0.0,1.0,0.0,0.0,1.0,0.0,,,,,,,,,,1.0,,,,,,,,,,,,,,,,,,,,,,,,,,,,,,,,,,,,,,,,,,1.0,,,,,,,,,,,,,,,,,,,1.0,,,,,,,,,1.0,,,,,,,,,,,,,,,,,,,,,,,,1.0,,,,,,,,,,,,,,,,,,,,,,,,,,,,,,,,,,,,,,,,,,,,,,,,,,,,,,,,,,,,,,,,,,,,,,,,,,,,,,,,0.0,0.0,0.0,0.0,1.0,0.0,,,,,,0.0,,1.0,,0.0,1.0,0.0,0.0,,,,,,,,,,,,,,,,,,,,,,,,,,,,,,,,,,,,,,,,,,,,,,,,,,,,,,,,,,,,,,,,,,,,,,,,,,,,,,,,,,,,,,,,,,,,,,,,,,,,,,,,,,,,,,,,,,,,,,,,,,,,,,,,,,,,,,,,,,,,,,,,,,,,,,,,
Rose de Freitas,1.0,1.0,0.0,1.0,1.0,1.0,,,,,0.0,0.0,1.0,,1.0,0.0,1.0,1.0,,,,1.0,1.0,,1.0,,0.0,1.0,0.0,,1.0,1.0,0.0,1.0,,,1.0,,,0.0,0.0,1.0,,0.0,1.0,0.0,1.0,,,0.0,1.0,,,,,1.0,0.0,,,,1.0,1.0,1.0,0.0,,,,0.0,0.0,1.0,1.0,1.0,,0.0,,,1.0,0.0,0.0,,0.0,0.0,,0.0,0.0,0.0,0.0,0.0,0.0,1.0,0.0,1.0,1.0,0.0,,,1.0,,,0.0,1.0,0.0,1.0,1.0,,0.0,1.0,0.0,1.0,1.0,,1.0,,1.0,1.0,0.0,,,1.0,0.0,,,1.0,,0.0,1.0,,1.0,,,,1.0,1.0,,,,,,,1.0,1.0,,,,,,,0.0,1.0,1.0,,1.0,0.0,1.0,1.0,,,1.0,,,1.0,1.0,1.0,0.0,0.0,1.0,1.0,,1.0,,,0.0,1.0,0.0,1.0,0.0,,1.0,0.0,0.0,,,,,1.0,1.0,,,0.0,,,1.0,,,0.0,,1.0,1.0,0.0,1.0,,,,,0.0,0.0,0.0,,,,,0.0,1.0,0.0,1.0,0.0,,,,,1.0,0.0,1.0,1.0,,0.0,1.0,,0.0,,,,0.0,1.0,0.0,0.0,1.0,1.0,,,,,1.0,1.0,,1.0,,0.0,0.0,1.0,1.0,1.0,0.0,0.0,,0.0,0.0,0.0,1.0,,1.0,1.0,1.0,1.0,,,0.0,0.0,,1.0,0.0,1.0,,,,,,,1.0,1.0,,0.0,1.0,0.0,0.0,1.0,,1.0,,1.0,1.0,1.0,1.0,1.0,1.0,1.0,1.0,1.0,1.0,1.0,,0.0,1.0,1.0,0.0,,1.0,,1.0,1.0,,,1.0,,0.0,0.0,,0.0,0.0,0.0,0.0,1.0,1.0,1.0,1.0,1.0,0.0,,0.0,,,0.0,1.0,,1.0,,0.0,1.0,1.0,0.0,0.0,,0.0,0.0,0.0,,,,0.0,,,1.0,0.0,0.0,0.0,,,,1.0,,1.0,1.0,1.0,1.0,,0.0,1.0,1.0,,1.0,,,,,,,,,,,1.0,1.0,0.0,,0.0,,0.0,,0.0,1.0,,,,,,,1.0,1.0,1.0,
Rubens Otoni,,1.0,0.0,,,,1.0,,,,,,,0.0,,0.0,1.0,1.0,1.0,1.0,1.0,1.0,1.0,1.0,1.0,,0.0,1.0,0.0,0.0,,,,,,,,,,0.0,0.0,1.0,,,1.0,0.0,1.0,1.0,,0.0,1.0,,,,,,,,,1.0,,,1.0,0.0,1.0,,1.0,0.0,0.0,1.0,0.0,1.0,,0.0,,,,,,,,0.0,0.0,0.0,0.0,0.0,0.0,0.0,0.0,0.0,0.0,0.0,1.0,0.0,1.0,1.0,,1.0,1.0,,1.0,0.0,0.0,0.0,0.0,,,,1.0,1.0,,1.0,,,1.0,1.0,,0.0,1.0,0.0,1.0,,,,,,,1.0,0.0,,0.0,1.0,1.0,0.0,1.0,0.0,0.0,,,1.0,,1.0,,0.0,0.0,,,,1.0,1.0,,,0.0,1.0,1.0,1.0,0.0,1.0,1.0,,1.0,1.0,,0.0,,1.0,1.0,1.0,,,1.0,,,,,,,,,,,,,,1.0,1.0,0.0,1.0,,,,1.0,1.0,0.0,0.0,1.0,1.0,1.0,0.0,1.0,,,,1.0,,,,,0.0,1.0,,0.0,1.0,0.0,1.0,0.0,,,,,1.0,,0.0,1.0,,,,,,,,,,1.0,,,,,,1.0,0.0,,1.0,1.0,,,,0.0,0.0,0.0,0.0,1.0,,,,0.0,0.0,,,0.0,,1.0,1.0,,,0.0,,,,,,1.0,,1.0,,,,0.0,1.0,,,,,,,,0.0,,,,,,,,,,,,,,,,,,,,,,,,,,,,,,,,,,,,,,,,,,,,,,,,,,,1.0,,,,,,,,,,,,,,,,,,,,,,,,,,,0.0,,,0.0,1.0,,,,,,,,,,,,,,,,,,,,,,,,1.0,,,,,,,
Rômulo Gouveia,,0.0,1.0,1.0,1.0,,1.0,1.0,1.0,1.0,,,,0.0,1.0,,,,1.0,,,1.0,1.0,1.0,1.0,0.0,,,,,,,1.0,1.0,0.0,1.0,1.0,1.0,1.0,,,,,,,,,1.0,1.0,,0.0,,,,,,0.0,1.0,,,1.0,1.0,,,0.0,0.0,0.0,,,0.0,1.0,0.0,,,1.0,0.0,,1.0,,,0.0,,0.0,0.0,0.0,0.0,0.0,1.0,0.0,,0.0,,,,,0.0,1.0,,,,,0.0,,1.0,,0.0,1.0,0.0,0.0,0.0,,1.0,,0.0,0.0,0.0,,1.0,1.0,,1.0,1.0,,1.0,,,,,1.0,,0.0,0.0,1.0,1.0,,,,,0.0,,0.0,,,,,,,,,1.0,1.0,,,0.0,0.0,0.0,1.0,,,1.0,0.0,,,,,,,,,,,,,,,,,,1.0,,,,,,,,,,,,,,,,,,,,,,,,,,,,,,1.0,0.0,,,,,,,,,,,,,,,,,1.0,,,,,,,0.0,,,1.0,1.0,1.0,1.0,,,,,1.0,,,,,1.0,1.0,1.0,,,,,,,,,,,,0.0,,0.0,0.0,0.0,1.0,,,0.0,,,,,,,1.0,,1.0,,0.0,0.0,0.0,1.0,,,1.0,1.0,1.0,,1.0,1.0,0.0,0.0,,,,0.0,,1.0,,1.0,1.0,,1.0,,,0.0,,,,0.0,1.0,1.0,0.0,0.0,0.0,1.0,0.0,1.0,,1.0,,1.0,1.0,,,,0.0,1.0,1.0,1.0,1.0,0.0,,0.0,0.0,0.0,,0.0,1.0,1.0,0.0,,,,,,,,,,0.0,,,,0.0,0.0,0.0,1.0,,1.0,,1.0,,1.0,0.0,1.0,0.0,1.0,,,0.0,0.0,0.0,1.0,0.0,1.0,1.0,,,,,,,,,0.0,1.0,1.0,,0.0,,1.0,,,,1.0
Sabino Castelo Branco,1.0,1.0,,1.0,1.0,,,,1.0,1.0,0.0,,1.0,,,,1.0,1.0,,,,,,1.0,1.0,1.0,0.0,1.0,0.0,0.0,1.0,1.0,,,0.0,,,1.0,1.0,,,,,,,,,1.0,,,1.0,1.0,1.0,1.0,1.0,,1.0,,,1.0,1.0,1.0,1.0,0.0,,,1.0,,0.0,1.0,1.0,,,0.0,,,,0.0,0.0,,1.0,0.0,0.0,0.0,0.0,0.0,0.0,0.0,0.0,0.0,,1.0,,0.0,,1.0,,,1.0,0.0,1.0,,0.0,0.0,0.0,,,,,,0.0,1.0,,,,1.0,,,,,1.0,1.0,1.0,1.0,,,0.0,,1.0,1.0,0.0,0.0,,1.0,1.0,0.0,0.0,0.0,,1.0,0.0,,0.0,,,,,,,,,,0.0,,1.0,1.0,,,1.0,1.0,1.0,1.0,,,0.0,1.0,,0.0,,,,0.0,1.0,0.0,1.0,,0.0,0.0,1.0,,,,,,,,,1.0,,,,0.0,0.0,1.0,1.0,1.0,0.0,,,,,,0.0,0.0,,1.0,,,,,,1.0,0.0,,0.0,1.0,,,,,,,,,,,1.0,,,,,,,,,,1.0,,,,,,,,,,,,,,,,0.0,,0.0,,0.0,0.0,1.0,0.0,1.0,,,1.0,1.0,0.0,,0.0,,,,1.0,,,1.0,0.0,,0.0,,,1.0,,,,,,,1.0,1.0,,0.0,1.0,,,,1.0,,1.0,0.0,1.0,,0.0,,,,,,1.0,,,0.0,,1.0,,,,,0.0,1.0,1.0,0.0,,,,,,0.0,,0.0,1.0,,,,,1.0,,0.0,1.0,,,,,,,,,,,,,0.0,1.0,,,,1.0,0.0,,1.0,1.0,,,1.0,1.0,,0.0,1.0,1.0,,0.0,0.0,,,1.0,,0.0,,,,,1.0,1.0,0.0,1.0,0.0,0.0,,0.0,,1.0,1.0,1.0,1.0,1.0,,,,,1.0,
Sandes Júnior,1.0,1.0,,1.0,1.0,1.0,1.0,1.0,,1.0,,,,,,0.0,1.0,,1.0,1.0,1.0,1.0,1.0,1.0,1.0,1.0,0.0,1.0,0.0,,1.0,,0.0,1.0,0.0,,1.0,1.0,1.0,,0.0,1.0,,1.0,1.0,1.0,1.0,1.0,0.0,0.0,1.0,1.0,1.0,1.0,1.0,,,0.0,0.0,1.0,0.0,0.0,1.0,0.0,,,1.0,0.0,0.0,,,1.0,,,,,,0.0,0.0,0.0,0.0,,0.0,0.0,,0.0,0.0,,0.0,0.0,0.0,,1.0,0.0,,1.0,,,1.0,0.0,,,,0.0,,0.0,1.0,0.0,1.0,1.0,0.0,,0.0,,1.0,1.0,,0.0,1.0,0.0,1.0,1.0,0.0,,,,0.0,0.0,1.0,1.0,1.0,0.0,,,1.0,0.0,,0.0,0.0,,1.0,1.0,0.0,0.0,0.0,0.0,,0.0,1.0,1.0,0.0,1.0,0.0,1.0,,1.0,,,1.0,1.0,1.0,1.0,1.0,0.0,0.0,1.0,1.0,1.0,1.0,0.0,1.0,0.0,1.0,,,0.0,0.0,0.0,1.0,0.0,1.0,0.0,0.0,0.0,,1.0,,,0.0,1.0,0.0,0.0,1.0,1.0,0.0,1.0,,,,1.0,0.0,0.0,1.0,1.0,,0.0,0.0,0.0,,,1.0,0.0,1.0,0.0,1.0,0.0,,,,,1.0,0.0,1.0,1.0,,,,0.0,,,,,,,0.0,,1.0,1.0,1.0,1.0,,0.0,1.0,,0.0,1.0,0.0,0.0,0.0,1.0,1.0,0.0,,,0.0,0.0,0.0,0.0,1.0,,1.0,1.0,1.0,1.0,1.0,0.0,,0.0,,1.0,,,,1.0,1.0,0.0,1.0,,1.0,1.0,1.0,,1.0,,,,,,1.0,0.0,1.0,,,1.0,,1.0,1.0,,,1.0,,0.0,1.0,1.0,0.0,0.0,1.0,,1.0,1.0,0.0,,1.0,,0.0,0.0,1.0,1.0,1.0,0.0,0.0,1.0,1.0,,,1.0,,0.0,0.0,,1.0,0.0,,,1.0,1.0,0.0,1.0,1.0,,,1.0,0.0,,,0.0,0.0,0.0,0.0,,0.0,1.0,0.0,0.0,,1.0,0.0,0.0,1.0,1.0,1.0,,1.0,,0.0,0.0,,,1.0,,1.0,1.0,1.0,,,0.0,,,1.0,,1.0,1.0,0.0,,0.0,0.0,0.0,0.0,0.0,1.0,1.0,1.0,1.0,,0.0,1.0,1.0,1.0,,
Sandra Rosado,1.0,,0.0,0.0,1.0,1.0,1.0,,,,1.0,,,0.0,1.0,,1.0,1.0,1.0,1.0,1.0,1.0,1.0,1.0,1.0,,,1.0,0.0,,1.0,,,1.0,0.0,1.0,,1.0,,0.0,,1.0,,0.0,1.0,0.0,1.0,,0.0,0.0,,,,,,1.0,0.0,,,,,1.0,1.0,,1.0,,,0.0,,1.0,1.0,1.0,0.0,0.0,,,,,,,,,,,,,,1.0,0.0,,0.0,0.0,1.0,0.0,1.0,,1.0,,,,,,,,0.0,,1.0,0.0,,1.0,,1.0,,1.0,1.0,,1.0,,,,,,0.0,1.0,,1.0,0.0,,0.0,,,,1.0,0.0,,0.0,,,,1.0,1.0,1.0,0.0,0.0,,,0.0,,1.0,,,1.0,0.0,1.0,,1.0,,,1.0,1.0,,1.0,1.0,0.0,0.0,1.0,1.0,1.0,,,,,,,1.0,,0.0,0.0,1.0,,1.0,0.0,0.0,0.0,,1.0,,,0.0,1.0,,0.0,0.0,0.0,,1.0,,,,1.0,0.0,0.0,,1.0,,,,0.0,0.0,1.0,1.0,0.0,1.0,0.0,1.0,0.0,0.0,0.0,0.0,0.0,1.0,0.0,1.0,1.0,0.0,0.0,1.0,,0.0,,,,0.0,,0.0,,,1.0,1.0,,0.0,1.0,1.0,,,1.0,0.0,0.0,0.0,0.0,0.0,1.0,0.0,,0.0,,,,,,1.0,,,,,0.0,,,0.0,1.0,0.0,,,,,,,,1.0,1.0,1.0,,,0.0,0.0,0.0,,,1.0,1.0,1.0,,1.0,,0.0,1.0,1.0,,1.0,,1.0,,1.0,1.0,,,1.0,1.0,0.0,0.0,0.0,,,,,,0.0,0.0,1.0,0.0,1.0,1.0,1.0,1.0,1.0,1.0,0.0,0.0,,1.0,,,1.0,1.0,1.0,1.0,,,1.0,,,1.0,,,,0.0,0.0,0.0,0.0,,0.0,,0.0,0.0,,1.0,,0.0,,,,,1.0,,,,,1.0,0.0,1.0,,,1.0,,1.0,,1.0,,1.0,1.0,,,,,,0.0,0.0,0.0,,,,,1.0,,1.0,1.0,1.0,1.0,1.0,
Sandro Mabel,,,0.0,,,1.0,,1.0,1.0,,,,,,1.0,,,1.0,,,,,,,,1.0,,,0.0,0.0,,,,,,1.0,1.0,,1.0,,,,0.0,0.0,1.0,0.0,1.0,1.0,0.0,0.0,1.0,1.0,1.0,1.0,1.0,,,0.0,0.0,1.0,0.0,,1.0,,1.0,,,,0.0,1.0,1.0,,,,0.0,0.0,,0.0,0.0,0.0,,,0.0,,0.0,,0.0,0.0,,0.0,,,,0.0,,1.0,,,,0.0,,,,1.0,0.0,,,,,1.0,0.0,1.0,,,1.0,,,,0.0,1.0,1.0,1.0,0.0,1.0,,,0.0,0.0,1.0,,,0.0,1.0,0.0,1.0,0.0,,,0.0,,1.0,1.0,0.0,,0.0,,,0.0,1.0,,0.0,,,1.0,,1.0,0.0,0.0,1.0,,,1.0,1.0,0.0,0.0,,,,,,1.0,0.0,,0.0,,,,,1.0,,,,0.0,,,,,1.0,,,0.0,0.0,1.0,1.0,,,,,,1.0,0.0,,,,,,,,,,,,,,,,,,,,1.0,0.0,,,,,,,,,,,0.0,1.0,,,,1.0,,,,,,1.0,,,0.0,,0.0,,1.0,,0.0,,,,,,1.0,,,1.0,1.0,1.0,1.0,,,,0.0,,,1.0,0.0,,,,,,,,1.0,,,,0.0,1.0,,1.0,,1.0,1.0,,,1.0,1.0,1.0,1.0,,,1.0,,,1.0,1.0,,,,1.0,,1.0,,,,0.0,0.0,,,,,,,,1.0,,1.0,1.0,,,,1.0,1.0,,,,,1.0,,1.0,,,0.0,0.0,,,,,,,,,,1.0,0.0,0.0,,,,,,,1.0,,1.0,,,,,0.0,1.0,,,,,,,,,,,1.0,,,,,,,,,,,1.0,1.0,,1.0,,1.0,,,,
Sandro Matos,,,,,,,1.0,,,,,,,,,,,,,,,,,,,1.0,0.0,1.0,0.0,,1.0,,,,,,,,,,,,,,,,,,,,,,,,,,,,,,,,1.0,0.0,,,,,,,1.0,,,,,,1.0,0.0,0.0,,0.0,,,,,,0.0,0.0,,,0.0,,1.0,,,1.0,,,,0.0,,,,,,,,,,1.0,0.0,1.0,,,1.0,1.0,,,0.0,1.0,,1.0,0.0,,0.0,,,0.0,,,,0.0,1.0,0.0,,,0.0,,0.0,,,,,,,,,,,,,1.0,,,,,,,1.0,,,,,,0.0,,,,,0.0,,,,,,,,,,,1.0,0.0,0.0,0.0,,,0.0,,,1.0,,,,,,,,,,,,,,,,,,,,,,,,,,,,,,,,,,,,,,,,,,,,1.0,,,,,,,,,,,,,0.0,,,,,,,,,,,,,,,,,,,,,,,,,,,,,,,,,,,,,,,,,,,,,,,,,,,,,,,,,,,,,,,,,,,,,,,,,,,,,,,,,,,,,,,,,,,,,,,,,,,,,,,,,,,,,,,,,,,,,,,,,,,,,,,,,,,,,,,,,,,,,,,,,,,,,,,,,
Saraiva Felipe,1.0,1.0,0.0,1.0,1.0,,1.0,1.0,1.0,0.0,0.0,,1.0,,1.0,0.0,,1.0,,,,,,1.0,1.0,1.0,0.0,1.0,0.0,0.0,1.0,1.0,0.0,1.0,0.0,,,1.0,1.0,0.0,0.0,1.0,0.0,0.0,1.0,0.0,1.0,1.0,,,1.0,1.0,1.0,1.0,1.0,1.0,0.0,0.0,0.0,1.0,1.0,1.0,1.0,0.0,1.0,1.0,1.0,0.0,0.0,1.0,0.0,,,0.0,0.0,0.0,,,,,,,0.0,,0.0,,0.0,,0.0,,0.0,1.0,,,1.0,,,1.0,1.0,0.0,1.0,0.0,1.0,1.0,0.0,,1.0,0.0,1.0,1.0,0.0,1.0,1.0,,,1.0,1.0,0.0,1.0,,1.0,1.0,0.0,1.0,0.0,,0.0,1.0,0.0,,0.0,1.0,1.0,0.0,1.0,,0.0,0.0,,1.0,,1.0,0.0,0.0,0.0,0.0,0.0,,,0.0,,1.0,0.0,1.0,1.0,,0.0,1.0,1.0,1.0,1.0,1.0,1.0,0.0,0.0,,1.0,,,0.0,1.0,0.0,1.0,,,,,0.0,1.0,0.0,1.0,0.0,0.0,0.0,,1.0,0.0,1.0,0.0,1.0,0.0,0.0,1.0,0.0,,,1.0,1.0,0.0,1.0,,,,1.0,0.0,0.0,0.0,,0.0,1.0,,,1.0,0.0,1.0,0.0,0.0,0.0,0.0,0.0,1.0,0.0,1.0,1.0,,0.0,1.0,0.0,,0.0,0.0,0.0,,1.0,,,1.0,1.0,1.0,1.0,0.0,,1.0,1.0,0.0,1.0,0.0,0.0,0.0,1.0,1.0,1.0,0.0,0.0,0.0,,,,,0.0,1.0,1.0,1.0,1.0,1.0,0.0,0.0,0.0,0.0,1.0,,1.0,,,,,,0.0,1.0,,,0.0,1.0,0.0,,,0.0,1.0,,1.0,,1.0,,1.0,1.0,1.0,,1.0,1.0,1.0,0.0,,,,,0.0,1.0,1.0,1.0,,1.0,0.0,1.0,0.0,,,,,,,,1.0,1.0,1.0,,1.0,0.0,0.0,,1.0,1.0,0.0,1.0,0.0,1.0,1.0,,1.0,1.0,0.0,0.0,1.0,0.0,,0.0,0.0,0.0,0.0,0.0,0.0,0.0,1.0,0.0,0.0,0.0,1.0,0.0,,1.0,1.0,1.0,,,1.0,0.0,0.0,1.0,1.0,1.0,0.0,1.0,1.0,1.0,1.0,,,,1.0,1.0,1.0,1.0,1.0,,1.0,0.0,0.0,0.0,,,,,,1.0,1.0,0.0,1.0,,,1.0,
Sarney Filho,,1.0,0.0,1.0,,,1.0,,1.0,,1.0,,,0.0,1.0,0.0,1.0,1.0,1.0,1.0,1.0,1.0,1.0,0.0,1.0,0.0,,,0.0,0.0,1.0,,0.0,,,,1.0,,,,0.0,1.0,,0.0,1.0,0.0,,,0.0,,1.0,1.0,1.0,1.0,1.0,,,,,,,0.0,1.0,0.0,,1.0,1.0,0.0,,,,,0.0,0.0,,,,0.0,0.0,1.0,0.0,0.0,0.0,,0.0,,0.0,0.0,,,,0.0,,,1.0,1.0,,,,,,,,,,,,,1.0,1.0,0.0,1.0,0.0,1.0,1.0,0.0,,,1.0,,0.0,1.0,0.0,1.0,,1.0,,0.0,0.0,,,1.0,1.0,0.0,1.0,,0.0,,0.0,,,1.0,0.0,0.0,0.0,0.0,0.0,,,1.0,0.0,1.0,,1.0,1.0,1.0,,1.0,1.0,,,1.0,1.0,0.0,0.0,1.0,,1.0,1.0,0.0,1.0,,,0.0,1.0,,0.0,,1.0,0.0,1.0,0.0,0.0,,1.0,1.0,0.0,1.0,,1.0,0.0,,,,0.0,1.0,1.0,0.0,0.0,1.0,,,,,0.0,,0.0,0.0,1.0,0.0,0.0,0.0,,,,,,,0.0,,,,0.0,1.0,0.0,0.0,1.0,0.0,,0.0,0.0,0.0,,1.0,0.0,0.0,,1.0,,,,,,,0.0,,,,,,1.0,,,,,1.0,0.0,0.0,,0.0,,,,,,,0.0,0.0,,,,,,,1.0,,,,,,,,,0.0,,,0.0,,,1.0,1.0,,,,0.0,0.0,,,,,,0.0,,1.0,0.0,0.0,,,,1.0,,,,,,,,,,,,,,1.0,1.0,1.0,1.0,,0.0,,,0.0,,,1.0,,0.0,1.0,,,0.0,,,,,0.0,0.0,0.0,,,0.0,,,,,,,0.0,,,,1.0,1.0,1.0,,,,0.0,,0.0,1.0,,1.0,,,,,,,,,,0.0,,0.0,,,0.0,0.0,,,,1.0,0.0,,,,,,
Saturnino Masson,,,,,,,,,,,,,,,,,,,,,,,,,,,,,,,,,,,,,,,,,,,,,,,,,,,,,,,,,,,,,,,,,,,,,,,,,,,,,,,,,,,,,,,,,,,,,,,,,,,,,,,,,,,,,,,,,,,,,,,,,,,,,,,,,,,,,,,,,,,,,,,,,,,,,,,,,,,,,,,,,,,,,,,,,1.0,,,,,,,,,,,,,,,,0.0,,,0.0,,0.0,0.0,0.0,0.0,1.0,0.0,0.0,,,,,,,,,,,,,,,1.0,,,,,,,,,,,,,,,,,,,,,,,,,,,,,,,,,,,,,,,,,,,,,,,,,,,,,,,,,,,,,,,,,,,,,,,,,,,,,,,,,,,,,,,,,,,,,,,,,,,,,,,,,,,,,,,,,,,,,,,,,,,,,,,,,,,,,,,,,,,,,,,,,,,,,,,,,,,,,,,,,,,,,,,,,,,,,,,,,,,,,,,,,,,,,
Sebastião Bala Rocha,1.0,,,1.0,1.0,1.0,1.0,1.0,1.0,,,0.0,,0.0,1.0,,1.0,,,,,,,,,1.0,0.0,1.0,0.0,0.0,,,,1.0,0.0,1.0,1.0,1.0,0.0,0.0,0.0,1.0,0.0,0.0,1.0,0.0,1.0,,0.0,0.0,1.0,1.0,1.0,1.0,1.0,,0.0,,,1.0,1.0,1.0,1.0,0.0,1.0,1.0,,,0.0,1.0,1.0,,0.0,0.0,0.0,,1.0,0.0,0.0,,,,0.0,,,,,,0.0,0.0,0.0,0.0,,0.0,,1.0,,1.0,,0.0,1.0,0.0,1.0,1.0,0.0,0.0,1.0,0.0,1.0,1.0,0.0,1.0,1.0,1.0,1.0,1.0,1.0,0.0,1.0,0.0,1.0,1.0,0.0,1.0,,,0.0,0.0,1.0,,1.0,0.0,1.0,,,0.0,,0.0,1.0,1.0,,1.0,0.0,0.0,0.0,0.0,,0.0,1.0,1.0,0.0,1.0,0.0,,1.0,1.0,0.0,1.0,1.0,,,,,1.0,,1.0,1.0,1.0,1.0,0.0,1.0,,1.0,,1.0,,0.0,,1.0,0.0,1.0,0.0,0.0,,,1.0,0.0,1.0,0.0,1.0,0.0,,1.0,0.0,0.0,1.0,,1.0,0.0,,0.0,0.0,1.0,1.0,0.0,0.0,0.0,,,,,0.0,1.0,0.0,1.0,0.0,0.0,0.0,,0.0,1.0,0.0,0.0,,,,,0.0,0.0,0.0,0.0,0.0,0.0,1.0,0.0,0.0,1.0,1.0,,,0.0,0.0,1.0,1.0,0.0,1.0,,0.0,0.0,0.0,0.0,1.0,,,0.0,0.0,0.0,,1.0,0.0,0.0,1.0,1.0,1.0,1.0,0.0,0.0,0.0,0.0,1.0,0.0,,0.0,1.0,0.0,0.0,,0.0,1.0,1.0,0.0,,,,0.0,0.0,,0.0,,1.0,1.0,,1.0,,0.0,0.0,1.0,1.0,1.0,1.0,,0.0,1.0,1.0,,,1.0,1.0,,0.0,,0.0,1.0,,0.0,,1.0,0.0,0.0,,,1.0,1.0,1.0,1.0,1.0,,0.0,0.0,1.0,1.0,,,,,1.0,,,,,,1.0,,,,0.0,0.0,0.0,0.0,,,,,,,,,,1.0,1.0,1.0,,1.0,,,,,1.0,,,,1.0,,,1.0,0.0,1.0,,1.0,1.0,1.0,1.0,,,,0.0,0.0,0.0,0.0,1.0,1.0,1.0,,,0.0,1.0,,,,1.0
Sebastião Madeira,,1.0,,,,,,,1.0,,,,,,,,,,,,,,,,,0.0,,,,,,,,,,,,,1.0,,,,,,0.0,,,,,,,,,,,,0.0,,,0.0,1.0,,,,0.0,,0.0,,,0.0,1.0,0.0,0.0,,1.0,,0.0,1.0,,1.0,0.0,0.0,0.0,0.0,0.0,0.0,0.0,0.0,0.0,0.0,,1.0,,1.0,0.0,0.0,,,,,0.0,0.0,,,1.0,,,,,,,1.0,0.0,0.0,,0.0,,1.0,1.0,0.0,1.0,1.0,1.0,1.0,,,,0.0,1.0,,0.0,0.0,1.0,1.0,,,,,0.0,,,,,,,,,,,1.0,1.0,0.0,,0.0,,0.0,1.0,0.0,1.0,,0.0,0.0,,1.0,,0.0,,0.0,,,,,,,,,,,,,,,,,0.0,,,0.0,,,,,0.0,1.0,,,,0.0,,,,,,,,,,,1.0,0.0,,,1.0,,,,,,,,,,,,0.0,,,1.0,,,,,,,,,,,,,,,0.0,,,,,,,,,,,,,,,,,,,,,,,,,,,,,,,,,,,,,,,,,,,,,,,,,,,,,,,,,,,,,,,,,,,,,,,,,,,,,,,,,,,,,,,,,,,,,,,,,,,,,,,,,,,,,,,,,,,,,,,,,,,,,,,,,,,,,,,,,,,,,,,,,,,,,,,,,,,,,
Sergio Petecão,,,0.0,1.0,1.0,1.0,1.0,1.0,1.0,1.0,,0.0,1.0,0.0,1.0,0.0,1.0,1.0,,1.0,1.0,1.0,1.0,1.0,1.0,,0.0,1.0,0.0,0.0,1.0,,0.0,1.0,0.0,1.0,1.0,1.0,1.0,,0.0,1.0,,,1.0,0.0,1.0,1.0,0.0,0.0,1.0,1.0,1.0,1.0,1.0,,0.0,,,1.0,1.0,,1.0,0.0,1.0,,1.0,,,1.0,0.0,1.0,,,0.0,0.0,1.0,0.0,0.0,,0.0,1.0,0.0,0.0,,,,,,,,0.0,,0.0,1.0,,,1.0,,,,0.0,0.0,0.0,0.0,0.0,1.0,0.0,1.0,1.0,0.0,0.0,1.0,1.0,1.0,1.0,1.0,,1.0,0.0,1.0,,,1.0,,,,0.0,1.0,1.0,,0.0,0.0,0.0,,,0.0,0.0,,,0.0,1.0,0.0,0.0,0.0,0.0,0.0,0.0,1.0,1.0,0.0,,0.0,1.0,1.0,1.0,0.0,,1.0,1.0,,1.0,1.0,0.0,0.0,1.0,1.0,1.0,,0.0,1.0,,1.0,,1.0,0.0,0.0,,1.0,,1.0,0.0,0.0,0.0,1.0,1.0,,,0.0,,,0.0,1.0,0.0,,1.0,,1.0,,1.0,0.0,0.0,1.0,,,,0.0,0.0,,,,,,,,,0.0,,,,1.0,0.0,0.0,,0.0,0.0,1.0,,,0.0,0.0,0.0,0.0,,0.0,,,1.0,,,0.0,1.0,1.0,,,,,0.0,,,,,0.0,0.0,0.0,0.0,0.0,0.0,1.0,0.0,1.0,1.0,1.0,1.0,1.0,0.0,,,,1.0,0.0,1.0,,1.0,1.0,,1.0,0.0,,1.0,1.0,,,1.0,0.0,0.0,0.0,,1.0,0.0,1.0,1.0,1.0,1.0,0.0,1.0,1.0,1.0,1.0,1.0,0.0,0.0,1.0,1.0,,0.0,1.0,1.0,0.0,,,,,0.0,1.0,,,0.0,0.0,0.0,1.0,1.0,1.0,,1.0,1.0,0.0,0.0,,1.0,1.0,1.0,,,1.0,,0.0,,1.0,,,1.0,,0.0,,0.0,0.0,0.0,0.0,1.0,0.0,1.0,0.0,0.0,,,0.0,0.0,1.0,1.0,1.0,,1.0,1.0,,0.0,1.0,1.0,,,1.0,,1.0,1.0,,0.0,,1.0,0.0,0.0,1.0,1.0,0.0,1.0,,,,,,1.0,1.0,1.0,1.0,1.0,0.0,1.0,,1.0,1.0,1.0
Severiano Alves,1.0,1.0,0.0,1.0,,1.0,1.0,,1.0,1.0,,,,,,,,,,,,,,,,1.0,0.0,1.0,0.0,0.0,0.0,1.0,0.0,,,,,,0.0,,,,0.0,,1.0,,1.0,,0.0,,1.0,1.0,1.0,1.0,1.0,1.0,0.0,0.0,0.0,1.0,,,1.0,,,1.0,1.0,0.0,0.0,,,1.0,0.0,0.0,0.0,0.0,1.0,0.0,,0.0,0.0,0.0,0.0,,0.0,0.0,0.0,0.0,,,0.0,0.0,1.0,,1.0,1.0,,1.0,1.0,0.0,1.0,0.0,1.0,0.0,,0.0,,,1.0,1.0,0.0,,0.0,,,1.0,1.0,,1.0,0.0,1.0,1.0,0.0,1.0,,1.0,0.0,1.0,0.0,,,,,0.0,,0.0,0.0,,0.0,,,1.0,0.0,,0.0,0.0,,,,,0.0,1.0,,1.0,1.0,1.0,0.0,,1.0,,1.0,1.0,1.0,0.0,0.0,1.0,1.0,,,0.0,,,,0.0,1.0,,,,,0.0,,,,,1.0,,0.0,1.0,,,,,,,0.0,1.0,1.0,1.0,,,,,1.0,1.0,,0.0,,,,,,0.0,1.0,0.0,1.0,0.0,,0.0,0.0,0.0,1.0,0.0,0.0,1.0,,0.0,,,0.0,0.0,0.0,0.0,0.0,1.0,0.0,0.0,1.0,1.0,1.0,,0.0,1.0,1.0,,0.0,,,0.0,0.0,,0.0,,0.0,0.0,0.0,0.0,0.0,,,0.0,,1.0,1.0,1.0,1.0,0.0,0.0,,0.0,,,1.0,0.0,1.0,1.0,0.0,1.0,,1.0,,0.0,,,,,,,,,1.0,1.0,1.0,1.0,,0.0,,,,0.0,1.0,,,,,,,,,,,,,,,,,,,,,,1.0,1.0,,,1.0,,,0.0,1.0,1.0,,,0.0,1.0,,,,1.0,0.0,,,,,0.0,0.0,0.0,0.0,0.0,,0.0,1.0,0.0,,0.0,,0.0,0.0,,,,,,1.0,,,,,,,1.0,,,,,0.0,,,,,,,0.0,0.0,0.0,0.0,0.0,,,1.0,,,1.0,1.0,0.0,,1.0,1.0,1.0,1.0
Silas Brasileiro,1.0,,,1.0,1.0,1.0,,1.0,,,1.0,0.0,,,,,,,1.0,1.0,1.0,1.0,1.0,1.0,1.0,,,,,,,1.0,0.0,0.0,,1.0,1.0,1.0,,,,,,,,,,,,,,,,,,,,,,,,,,,,,,,,,,,,,,,,,,,,,,,,,,,,,,,,,,,,,,,,,,,,0.0,1.0,,,,,,,,,,,,,,,,,,,,,,,,,,,,,,,,,,1.0,,,,,,,,,,,,,,,,,,,1.0,,,,,,,,,,,,0.0,1.0,0.0,1.0,0.0,0.0,,1.0,,,,,,,,,,,,,,,,,,1.0,,,,,,,,,,,,,,,,,,,,,,,,,,,,,,1.0,,,,,,,,,,1.0,1.0,,,,1.0,,,,,,,,,,,,,,,,,,,,,,,,,,0.0,,,,1.0,,1.0,1.0,0.0,1.0,,,1.0,1.0,0.0,1.0,,0.0,,0.0,1.0,1.0,0.0,0.0,1.0,1.0,1.0,1.0,1.0,1.0,1.0,1.0,1.0,0.0,0.0,,1.0,0.0,0.0,1.0,,,1.0,0.0,0.0,1.0,0.0,,,,,,,,1.0,1.0,1.0,1.0,1.0,0.0,0.0,0.0,1.0,1.0,0.0,1.0,0.0,1.0,,0.0,1.0,1.0,0.0,0.0,,,0.0,0.0,0.0,0.0,0.0,0.0,0.0,,1.0,0.0,0.0,0.0,1.0,0.0,0.0,1.0,1.0,1.0,1.0,,1.0,,0.0,1.0,,,,,,1.0,1.0,,0.0,,1.0,1.0,1.0,1.0,1.0,0.0,,0.0,0.0,0.0,,0.0,1.0,1.0,1.0,1.0,1.0,0.0,,1.0,,,1.0
Silas Câmara,,1.0,0.0,,,,1.0,,,,,,1.0,,1.0,0.0,1.0,1.0,1.0,,1.0,1.0,1.0,1.0,1.0,1.0,,,,,,1.0,0.0,0.0,1.0,1.0,,1.0,1.0,0.0,0.0,1.0,0.0,0.0,1.0,0.0,1.0,1.0,0.0,0.0,1.0,1.0,1.0,1.0,1.0,,0.0,0.0,0.0,1.0,1.0,1.0,,0.0,,,1.0,,,,1.0,1.0,0.0,,0.0,0.0,,0.0,0.0,0.0,0.0,,,,,,,,,,0.0,,,,,1.0,1.0,1.0,,0.0,,,,,0.0,0.0,1.0,,1.0,1.0,,1.0,0.0,1.0,1.0,1.0,,0.0,1.0,,1.0,1.0,0.0,,0.0,,,0.0,1.0,,1.0,0.0,1.0,0.0,1.0,,0.0,,,,,1.0,0.0,0.0,0.0,0.0,,0.0,1.0,0.0,,0.0,0.0,,1.0,1.0,0.0,,1.0,1.0,,1.0,,,,,1.0,,,,,,,,,,,,,,1.0,0.0,0.0,,,,,,,1.0,0.0,1.0,1.0,0.0,1.0,,,1.0,,,,,,,,,,,,,,,,,,,,0.0,,,,0.0,,,,,1.0,0.0,0.0,0.0,,,,,0.0,0.0,1.0,,1.0,1.0,,,,1.0,,1.0,0.0,0.0,0.0,,0.0,,0.0,0.0,,,,,,0.0,1.0,1.0,1.0,,,,,0.0,,1.0,1.0,,,,,,,,1.0,,,,,,,,,1.0,,,1.0,1.0,,1.0,,,1.0,1.0,0.0,1.0,,,1.0,1.0,0.0,,1.0,,1.0,,0.0,0.0,1.0,,0.0,0.0,0.0,1.0,,,,1.0,1.0,,,,0.0,,0.0,0.0,1.0,0.0,1.0,,,,,,,,,,0.0,0.0,,0.0,,,,1.0,,,,,,,0.0,0.0,1.0,1.0,1.0,,1.0,1.0,,,,1.0,0.0,0.0,,,,,,,,,1.0,1.0,1.0,1.0,0.0,1.0,,0.0,0.0,0.0,,,,,,0.0,,,,,,1.0
Silvinho Peccioli,,0.0,1.0,,,,1.0,,1.0,,,,,,,,,,,,,,,,,0.0,,,,,,,,,,,,,1.0,,,,,,0.0,,,1.0,,,,,,,,1.0,1.0,,,0.0,1.0,,,,0.0,0.0,0.0,,,0.0,1.0,,,,,,,,,,,1.0,,,,,,1.0,,,,1.0,,0.0,0.0,0.0,,1.0,1.0,1.0,0.0,,0.0,1.0,1.0,,,,0.0,0.0,,,1.0,0.0,0.0,0.0,,,1.0,0.0,0.0,0.0,1.0,1.0,,0.0,,0.0,0.0,,1.0,,,0.0,,,,,,,,,,,,,,,,,1.0,0.0,,0.0,0.0,0.0,,0.0,1.0,,,0.0,,1.0,,0.0,,0.0,1.0,,,,,,,,,,,,,,,,0.0,0.0,,,,0.0,0.0,0.0,0.0,1.0,1.0,0.0,,0.0,,,,,,,,,,,1.0,0.0,,,,,,,,,,,,,1.0,1.0,,,,,,,,,,0.0,,,,,,,,,0.0,0.0,,,,,,,,,,,,,,,,,,,,,,,,,,,,,,,,,,,,,,,,,,,,,,,,,,,,,,,,,,,,,,,,,,,,,,,,,,,,,,,,,,,,,,,,,,,,,,,,,,,,,,,,,,,,,,,,,,,,,,,,,,,,,,,,,,,,,,,,,,,,,,,,,,,,,,,,,,,,
Silvio Costa,1.0,1.0,0.0,0.0,1.0,,,1.0,1.0,,0.0,,1.0,,,,,,,,,,,,,1.0,0.0,1.0,,0.0,1.0,1.0,0.0,1.0,0.0,1.0,1.0,1.0,1.0,0.0,,,0.0,0.0,1.0,0.0,1.0,1.0,1.0,1.0,1.0,1.0,1.0,1.0,1.0,,,,,1.0,1.0,1.0,1.0,0.0,1.0,1.0,1.0,0.0,,1.0,0.0,,0.0,0.0,,0.0,1.0,,,,,0.0,0.0,0.0,0.0,0.0,0.0,0.0,0.0,0.0,0.0,0.0,1.0,0.0,1.0,1.0,,1.0,,0.0,1.0,0.0,0.0,0.0,0.0,0.0,1.0,0.0,1.0,1.0,0.0,0.0,0.0,1.0,1.0,1.0,1.0,0.0,,0.0,1.0,1.0,0.0,1.0,0.0,1.0,0.0,0.0,1.0,1.0,0.0,0.0,0.0,0.0,1.0,0.0,,,0.0,1.0,0.0,1.0,0.0,1.0,0.0,0.0,0.0,0.0,1.0,1.0,0.0,1.0,,1.0,1.0,1.0,0.0,1.0,1.0,,1.0,1.0,1.0,0.0,0.0,1.0,1.0,1.0,,0.0,1.0,,,,,,,,1.0,0.0,1.0,0.0,0.0,0.0,1.0,1.0,,1.0,,1.0,0.0,1.0,1.0,1.0,0.0,1.0,1.0,1.0,,,0.0,0.0,1.0,1.0,,0.0,0.0,0.0,0.0,1.0,1.0,,1.0,0.0,1.0,0.0,0.0,0.0,0.0,0.0,,,,1.0,,0.0,1.0,0.0,0.0,0.0,0.0,0.0,0.0,1.0,0.0,0.0,,1.0,,,,,,,0.0,1.0,0.0,0.0,0.0,0.0,0.0,1.0,,0.0,0.0,0.0,0.0,0.0,1.0,,,1.0,,1.0,1.0,0.0,,0.0,,1.0,0.0,,0.0,1.0,1.0,,,,1.0,,0.0,,1.0,1.0,1.0,0.0,0.0,1.0,1.0,1.0,,1.0,0.0,1.0,0.0,,0.0,0.0,,1.0,0.0,0.0,1.0,1.0,0.0,0.0,,1.0,0.0,,0.0,1.0,1.0,,0.0,0.0,,0.0,0.0,0.0,0.0,1.0,1.0,1.0,,1.0,0.0,0.0,0.0,1.0,1.0,0.0,1.0,1.0,1.0,1.0,0.0,1.0,1.0,,0.0,1.0,0.0,0.0,,0.0,0.0,0.0,0.0,,,,,,,,,,1.0,1.0,1.0,1.0,1.0,1.0,0.0,0.0,1.0,,,,,1.0,1.0,1.0,,0.0,,1.0,1.0,1.0,1.0,,0.0,1.0,0.0,0.0,0.0,0.0,0.0,1.0,,,1.0,1.0,0.0,1.0,1.0,1.0,1.0,
Silvio Lopes,1.0,,1.0,1.0,1.0,1.0,1.0,1.0,1.0,0.0,0.0,0.0,1.0,0.0,1.0,0.0,1.0,1.0,1.0,1.0,1.0,1.0,1.0,1.0,1.0,,,,,,0.0,1.0,1.0,1.0,0.0,,1.0,1.0,,,,,,,0.0,1.0,0.0,1.0,,,,,,0.0,0.0,1.0,,1.0,0.0,0.0,,1.0,,1.0,0.0,,0.0,1.0,1.0,0.0,1.0,0.0,0.0,,,,0.0,1.0,,1.0,0.0,0.0,0.0,0.0,,,0.0,1.0,,0.0,,1.0,1.0,,0.0,0.0,1.0,1.0,1.0,1.0,0.0,0.0,0.0,1.0,1.0,,,,0.0,,,0.0,,0.0,0.0,0.0,,1.0,1.0,0.0,,,1.0,1.0,,1.0,,0.0,1.0,,,0.0,1.0,1.0,,,,,0.0,,0.0,,,,,,,,,1.0,1.0,0.0,,,,0.0,,0.0,,,0.0,0.0,,1.0,,0.0,0.0,0.0,1.0,,,,,,,,1.0,,0.0,,,,,,,,,0.0,,,0.0,0.0,0.0,1.0,1.0,0.0,,0.0,,,,,,,,,,,1.0,0.0,,,,,,,,,,0.0,,,1.0,1.0,0.0,1.0,,1.0,,,,,,,,,1.0,0.0,1.0,1.0,,,0.0,0.0,,,,,,1.0,1.0,1.0,,,,,,1.0,0.0,,,,,0.0,0.0,0.0,0.0,0.0,1.0,,1.0,0.0,,0.0,0.0,1.0,0.0,,1.0,1.0,1.0,,0.0,0.0,0.0,1.0,,0.0,1.0,1.0,1.0,1.0,1.0,0.0,0.0,0.0,,,,0.0,1.0,1.0,0.0,1.0,,0.0,,1.0,,0.0,,,,1.0,1.0,0.0,0.0,0.0,,0.0,0.0,,1.0,1.0,1.0,1.0,1.0,,,,0.0,1.0,1.0,1.0,1.0,,0.0,0.0,0.0,0.0,0.0,,1.0,1.0,0.0,,,,1.0,0.0,,,,,0.0,,,,0.0,0.0,0.0,1.0,1.0,1.0,,,,1.0,0.0,1.0,0.0,,,0.0,0.0,0.0,0.0,,,,,1.0,,0.0,1.0,,,,,0.0,1.0,1.0,0.0,0.0,,,1.0,1.0,1.0,
Silvio Torres,1.0,0.0,1.0,1.0,,1.0,1.0,1.0,1.0,,0.0,,1.0,0.0,1.0,1.0,1.0,1.0,1.0,1.0,1.0,1.0,1.0,1.0,1.0,0.0,,,,,,1.0,1.0,1.0,0.0,1.0,,,1.0,,,,,,0.0,,0.0,1.0,,,0.0,,,,,,0.0,,,,1.0,1.0,,,,,0.0,,1.0,0.0,1.0,,,,1.0,0.0,0.0,1.0,,1.0,0.0,,,,,0.0,0.0,1.0,,0.0,0.0,1.0,1.0,0.0,,0.0,,1.0,1.0,,0.0,0.0,0.0,1.0,1.0,,1.0,0.0,0.0,0.0,,1.0,1.0,,1.0,0.0,,,1.0,0.0,0.0,1.0,1.0,1.0,,1.0,,0.0,1.0,,0.0,0.0,1.0,1.0,,,,,1.0,,0.0,,,,,,,,,1.0,,,,0.0,0.0,0.0,,0.0,1.0,,0.0,0.0,,,,0.0,0.0,0.0,1.0,,,,,,,,,,1.0,,,,,,0.0,0.0,,,,0.0,0.0,0.0,0.0,,1.0,0.0,,0.0,,,,,,,,,,,1.0,0.0,,,,,,,,,,,,,,,0.0,1.0,1.0,1.0,,,,,,0.0,,,1.0,0.0,1.0,,,,0.0,,,,,,,1.0,1.0,1.0,,,,,,1.0,0.0,,,,,,0.0,0.0,,0.0,1.0,,,,,,0.0,1.0,0.0,,1.0,1.0,1.0,,,0.0,,1.0,,0.0,1.0,1.0,1.0,1.0,1.0,1.0,0.0,0.0,,,1.0,0.0,1.0,1.0,0.0,1.0,,,,,,0.0,,,,1.0,0.0,,,0.0,0.0,0.0,0.0,1.0,,1.0,,,,,,,0.0,1.0,,1.0,1.0,,,,,0.0,0.0,0.0,1.0,1.0,0.0,,,,,,,,,,0.0,,,,,0.0,0.0,1.0,1.0,1.0,,,,1.0,0.0,1.0,,1.0,,,0.0,0.0,0.0,1.0,1.0,0.0,1.0,,,0.0,,,,,,,1.0,,0.0,,,1.0,,1.0,1.0,
Simão Sessim,,1.0,0.0,1.0,1.0,1.0,1.0,1.0,1.0,1.0,0.0,0.0,1.0,0.0,1.0,1.0,1.0,,1.0,,1.0,1.0,1.0,1.0,1.0,1.0,0.0,1.0,0.0,0.0,1.0,1.0,0.0,1.0,0.0,1.0,1.0,1.0,1.0,,0.0,1.0,0.0,0.0,1.0,0.0,1.0,,0.0,0.0,1.0,1.0,1.0,1.0,1.0,1.0,0.0,,0.0,1.0,1.0,1.0,1.0,0.0,1.0,1.0,1.0,0.0,,1.0,1.0,1.0,0.0,0.0,,0.0,,0.0,0.0,0.0,0.0,0.0,0.0,0.0,,0.0,0.0,0.0,,,,0.0,1.0,0.0,1.0,1.0,1.0,1.0,,0.0,1.0,0.0,,,0.0,0.0,1.0,0.0,1.0,1.0,0.0,1.0,1.0,1.0,1.0,1.0,1.0,,,0.0,1.0,1.0,0.0,1.0,0.0,1.0,0.0,0.0,1.0,1.0,1.0,0.0,1.0,0.0,1.0,,,0.0,1.0,1.0,1.0,1.0,,0.0,0.0,0.0,0.0,,,1.0,0.0,,0.0,1.0,1.0,1.0,0.0,1.0,1.0,,1.0,1.0,1.0,0.0,0.0,1.0,,1.0,1.0,0.0,1.0,,,0.0,1.0,0.0,0.0,1.0,0.0,,1.0,0.0,0.0,0.0,1.0,1.0,0.0,1.0,0.0,1.0,0.0,0.0,1.0,1.0,0.0,1.0,1.0,1.0,0.0,1.0,0.0,0.0,1.0,1.0,0.0,0.0,0.0,0.0,0.0,1.0,1.0,0.0,1.0,0.0,1.0,0.0,0.0,0.0,0.0,0.0,1.0,0.0,0.0,1.0,0.0,0.0,,0.0,0.0,0.0,0.0,0.0,0.0,1.0,0.0,0.0,1.0,1.0,1.0,1.0,0.0,1.0,1.0,1.0,0.0,1.0,0.0,,0.0,1.0,1.0,0.0,0.0,0.0,0.0,0.0,0.0,1.0,1.0,0.0,1.0,,,1.0,1.0,0.0,0.0,0.0,,1.0,,1.0,0.0,1.0,1.0,0.0,1.0,0.0,1.0,,1.0,0.0,1.0,0.0,0.0,0.0,0.0,1.0,1.0,1.0,1.0,,1.0,0.0,0.0,0.0,,1.0,1.0,1.0,0.0,0.0,1.0,1.0,0.0,0.0,1.0,1.0,0.0,1.0,0.0,0.0,1.0,,0.0,0.0,1.0,1.0,1.0,1.0,0.0,1.0,1.0,1.0,1.0,1.0,0.0,0.0,0.0,1.0,1.0,0.0,,1.0,,1.0,0.0,1.0,1.0,0.0,0.0,,,,0.0,0.0,,,,,0.0,1.0,0.0,0.0,0.0,1.0,,0.0,1.0,1.0,1.0,1.0,1.0,1.0,0.0,0.0,1.0,1.0,0.0,0.0,1.0,1.0,1.0,1.0,,,,1.0,1.0,1.0,,1.0,0.0,1.0,0.0,0.0,0.0,0.0,0.0,1.0,1.0,1.0,,1.0,,,,,,1.0
Solange Almeida,1.0,1.0,,1.0,1.0,,1.0,1.0,,1.0,,0.0,1.0,,,0.0,0.0,1.0,1.0,,,,,,1.0,,0.0,,,0.0,1.0,1.0,0.0,1.0,0.0,1.0,1.0,,,,0.0,1.0,0.0,0.0,1.0,0.0,1.0,1.0,0.0,0.0,1.0,1.0,1.0,1.0,1.0,,,,0.0,,1.0,1.0,,0.0,1.0,,1.0,0.0,,,0.0,1.0,,,0.0,0.0,,,,,0.0,,0.0,0.0,0.0,0.0,,,0.0,,0.0,1.0,1.0,0.0,1.0,1.0,1.0,1.0,1.0,0.0,,0.0,,1.0,,,1.0,0.0,1.0,,0.0,1.0,0.0,,1.0,1.0,1.0,0.0,1.0,0.0,1.0,1.0,,1.0,,,0.0,1.0,0.0,1.0,,1.0,0.0,0.0,1.0,0.0,,0.0,,1.0,1.0,1.0,,0.0,0.0,0.0,,0.0,,0.0,0.0,1.0,0.0,1.0,1.0,1.0,,1.0,1.0,,1.0,1.0,,0.0,0.0,1.0,,1.0,,,1.0,1.0,,0.0,,0.0,,,0.0,,1.0,0.0,0.0,0.0,1.0,1.0,0.0,1.0,0.0,1.0,0.0,0.0,0.0,0.0,0.0,,1.0,1.0,0.0,1.0,0.0,0.0,1.0,,0.0,0.0,0.0,0.0,0.0,1.0,1.0,0.0,1.0,0.0,1.0,,0.0,,,0.0,,,,,,,,0.0,,0.0,,,0.0,1.0,0.0,,,1.0,,1.0,0.0,,1.0,1.0,0.0,1.0,0.0,0.0,0.0,1.0,1.0,1.0,0.0,0.0,0.0,0.0,,,,0.0,1.0,,,,,,0.0,0.0,0.0,1.0,0.0,,,,1.0,0.0,1.0,0.0,1.0,,,0.0,,0.0,0.0,1.0,0.0,1.0,,1.0,,1.0,,,,,1.0,,1.0,1.0,0.0,0.0,1.0,1.0,,0.0,1.0,,1.0,,0.0,,,0.0,,,,,,,,,,,1.0,1.0,,0.0,0.0,1.0,1.0,,1.0,,1.0,,0.0,,1.0,,,1.0,0.0,0.0,,,,,,,0.0,1.0,0.0,0.0,,,0.0,0.0,1.0,1.0,1.0,,1.0,1.0,0.0,0.0,,1.0,,0.0,1.0,,1.0,,,0.0,,1.0,1.0,1.0,,1.0,0.0,,0.0,0.0,0.0,0.0,0.0,,1.0,1.0,1.0,1.0,0.0,1.0,,1.0,,1.0
Solange Amaral,,0.0,1.0,1.0,1.0,,1.0,1.0,1.0,,1.0,,1.0,0.0,1.0,,,,1.0,1.0,1.0,1.0,,1.0,1.0,0.0,,,,,,1.0,1.0,1.0,1.0,,,1.0,1.0,,,,,,,1.0,,1.0,,,0.0,,,,,,1.0,,,0.0,,,,,0.0,1.0,0.0,,,0.0,1.0,,,,,,,,,,,1.0,,,,,,,,,,,,,0.0,0.0,,1.0,1.0,,0.0,0.0,0.0,1.0,1.0,,1.0,,,,,,1.0,,0.0,0.0,,,1.0,0.0,0.0,0.0,,1.0,,,,1.0,0.0,,0.0,1.0,,0.0,,,,,0.0,,,,,,,,,,,0.0,,1.0,,,,0.0,,,1.0,,0.0,0.0,,1.0,,0.0,,0.0,1.0,,,,,,,,,1.0,0.0,,,,,,,,,,,0.0,1.0,,,,,,,,,,,,,,,,,,,0.0,,,,,,,,,,,,,,,,,,,,,,,,,,,,,,,,,0.0,,,,,,,,,,,,,,,1.0,0.0,,,,,0.0,0.0,1.0,,,1.0,,,0.0,1.0,,,1.0,0.0,,,,1.0,,,0.0,,1.0,0.0,,1.0,1.0,,1.0,,0.0,,,0.0,,1.0,0.0,,,,,,0.0,1.0,0.0,,,,,,,1.0,0.0,0.0,1.0,,,,1.0,1.0,,1.0,1.0,,,,,0.0,1.0,,,,,,,,,0.0,,1.0,1.0,,,,0.0,,1.0,,,,,,,,,0.0,0.0,0.0,1.0,1.0,1.0,,,,1.0,0.0,1.0,,,,,,,,,,,,,,,,,,,,,1.0,1.0,,,,,,,,1.0
Sueli Vidigal,1.0,,0.0,1.0,1.0,,1.0,0.0,1.0,0.0,,1.0,,0.0,1.0,0.0,1.0,1.0,1.0,1.0,1.0,1.0,1.0,1.0,1.0,1.0,0.0,1.0,,0.0,1.0,,0.0,,,1.0,1.0,1.0,1.0,0.0,0.0,1.0,0.0,0.0,1.0,0.0,1.0,1.0,,0.0,1.0,1.0,1.0,1.0,1.0,,0.0,0.0,0.0,1.0,1.0,1.0,1.0,0.0,1.0,1.0,,0.0,0.0,1.0,0.0,1.0,0.0,0.0,0.0,0.0,,0.0,0.0,0.0,0.0,0.0,,0.0,0.0,,0.0,0.0,0.0,0.0,,0.0,1.0,0.0,1.0,1.0,1.0,,1.0,0.0,1.0,0.0,,,0.0,0.0,1.0,0.0,,1.0,0.0,1.0,,1.0,1.0,1.0,1.0,0.0,1.0,0.0,,1.0,0.0,1.0,0.0,,0.0,0.0,1.0,,1.0,0.0,1.0,0.0,1.0,,0.0,,0.0,,1.0,,0.0,0.0,0.0,0.0,0.0,,,1.0,0.0,,0.0,1.0,1.0,1.0,0.0,1.0,1.0,1.0,1.0,1.0,1.0,0.0,0.0,1.0,,1.0,1.0,0.0,,,,,,,,1.0,0.0,,,,,0.0,,1.0,0.0,1.0,0.0,,,,,,0.0,1.0,1.0,,0.0,1.0,,,1.0,1.0,0.0,0.0,0.0,0.0,1.0,1.0,1.0,,1.0,,1.0,0.0,0.0,0.0,0.0,0.0,1.0,,,,0.0,0.0,,,0.0,,,,0.0,1.0,0.0,0.0,1.0,1.0,,,0.0,,1.0,1.0,0.0,,0.0,0.0,,,,,,0.0,,0.0,0.0,1.0,1.0,,1.0,,,1.0,1.0,0.0,0.0,,1.0,1.0,0.0,1.0,0.0,1.0,1.0,0.0,1.0,0.0,,,0.0,,,0.0,0.0,0.0,,,1.0,0.0,,,1.0,0.0,,,1.0,1.0,0.0,1.0,,0.0,1.0,1.0,,0.0,1.0,1.0,1.0,,0.0,,,0.0,0.0,0.0,0.0,0.0,1.0,0.0,0.0,1.0,1.0,1.0,,1.0,,0.0,0.0,1.0,1.0,,,1.0,,1.0,,1.0,1.0,0.0,0.0,1.0,,0.0,0.0,,,,,1.0,0.0,1.0,,,0.0,1.0,0.0,0.0,1.0,1.0,1.0,,1.0,1.0,0.0,0.0,1.0,1.0,0.0,1.0,,,1.0,1.0,1.0,0.0,1.0,1.0,1.0,1.0,,,0.0,1.0,0.0,0.0,,0.0,0.0,1.0,1.0,1.0,,0.0,0.0,1.0,1.0,0.0,0.0,0.0
Suely,,1.0,0.0,,1.0,,1.0,1.0,,1.0,0.0,,,0.0,1.0,1.0,1.0,1.0,1.0,1.0,1.0,1.0,1.0,1.0,1.0,1.0,,,0.0,0.0,0.0,1.0,0.0,1.0,1.0,,,1.0,0.0,,,,,,,,,1.0,0.0,0.0,1.0,1.0,1.0,1.0,1.0,1.0,,0.0,,,0.0,1.0,1.0,0.0,1.0,,1.0,0.0,0.0,,0.0,1.0,0.0,0.0,,,,0.0,0.0,0.0,0.0,0.0,0.0,0.0,0.0,0.0,0.0,0.0,0.0,0.0,0.0,,1.0,0.0,1.0,0.0,,,1.0,0.0,,0.0,0.0,0.0,0.0,,,,1.0,1.0,0.0,1.0,1.0,1.0,1.0,1.0,,1.0,0.0,1.0,1.0,1.0,0.0,,0.0,1.0,,0.0,1.0,,,0.0,1.0,0.0,1.0,0.0,0.0,0.0,0.0,1.0,,1.0,0.0,0.0,0.0,0.0,0.0,0.0,1.0,,,,,,,,0.0,0.0,1.0,1.0,1.0,,,,,,,,1.0,,,,,0.0,1.0,0.0,,,,,,0.0,0.0,0.0,,1.0,0.0,1.0,0.0,1.0,,,1.0,,0.0,1.0,,1.0,0.0,1.0,,,,1.0,0.0,0.0,0.0,0.0,0.0,0.0,1.0,0.0,1.0,0.0,,0.0,0.0,0.0,,0.0,,,1.0,1.0,0.0,,1.0,0.0,0.0,0.0,0.0,0.0,,,,,1.0,,,,,,1.0,1.0,,,,0.0,0.0,1.0,1.0,1.0,,,0.0,0.0,,,,0.0,1.0,,,1.0,1.0,,,0.0,,1.0,,,,,,,,0.0,1.0,,1.0,1.0,1.0,,,,0.0,1.0,1.0,1.0,1.0,1.0,1.0,1.0,1.0,,,,,,,0.0,,1.0,0.0,0.0,,,,,0.0,0.0,1.0,,0.0,,,0.0,,,,,,,,,0.0,0.0,,1.0,1.0,,,1.0,,1.0,0.0,1.0,1.0,,,,0.0,0.0,,,,0.0,0.0,1.0,,,,,,,,,1.0,1.0,1.0,1.0,,1.0,0.0,0.0,,0.0,1.0,0.0,1.0,,1.0,1.0,1.0,,1.0,1.0,,,1.0,,0.0,1.0,,0.0,0.0,,,,,,,,,,,,,
Sá,1.0,,,,,,,,,,,,,,,,,,,,,,,,,,,,,,,,,,,,,,,,,,,,,,,,,,,,,,,,,,,,,,,,,,,,,,,,,,,,,,,,,,,,,,,,,,,,,,,,,,,,,,,,,,,,,,,,,,,,,,,,,,,,,,,,,,,,,,,,,,,,,,,,,,,,,,,,,,,,,,,,,,,,,,,,,,,,,,,,,,,,,,,,,,,,,,,,,,,,,,,,,,,,,,,,,,,,,,,,,,,,,,,,,,,,,,,,,,,,,,,,,,,,,,,,,,,,,,,,,,,,,,,,,,,,,,,,,,,,,,,,,,,,,,,,,,,,,,,,,,,,,,,,,,,,,,,,,,,,,,,,,,,,,,,,,,,,,,,,,,,,,0.0,,,,,,,,,,,,,,,,,,,,,,,,,,,,,,,,,,,,,,,,,,,,,,,0.0,1.0,,,1.0,,0.0,1.0,1.0,1.0,1.0,
Sérgio Barradas Carneiro,1.0,1.0,0.0,,,1.0,1.0,1.0,1.0,,0.0,0.0,1.0,0.0,1.0,1.0,1.0,1.0,1.0,1.0,1.0,1.0,1.0,1.0,1.0,1.0,0.0,1.0,0.0,0.0,1.0,1.0,0.0,1.0,0.0,1.0,1.0,1.0,0.0,0.0,0.0,1.0,0.0,0.0,1.0,0.0,1.0,1.0,0.0,0.0,1.0,1.0,1.0,1.0,1.0,1.0,0.0,0.0,0.0,1.0,1.0,1.0,1.0,0.0,1.0,1.0,1.0,0.0,0.0,1.0,0.0,1.0,0.0,0.0,0.0,0.0,1.0,0.0,0.0,0.0,0.0,0.0,0.0,0.0,0.0,0.0,0.0,0.0,0.0,0.0,0.0,0.0,1.0,0.0,1.0,1.0,1.0,1.0,1.0,0.0,1.0,0.0,0.0,0.0,0.0,0.0,1.0,0.0,1.0,1.0,0.0,1.0,0.0,1.0,1.0,1.0,1.0,0.0,1.0,0.0,1.0,1.0,0.0,1.0,0.0,1.0,0.0,1.0,0.0,1.0,0.0,0.0,0.0,0.0,1.0,0.0,0.0,0.0,0.0,1.0,1.0,1.0,0.0,0.0,0.0,0.0,0.0,,1.0,1.0,0.0,1.0,0.0,1.0,1.0,1.0,0.0,1.0,1.0,1.0,1.0,1.0,1.0,0.0,0.0,1.0,1.0,1.0,1.0,0.0,1.0,0.0,1.0,0.0,1.0,0.0,0.0,0.0,1.0,0.0,1.0,0.0,0.0,0.0,1.0,1.0,,,0.0,1.0,0.0,1.0,1.0,0.0,0.0,1.0,1.0,1.0,0.0,1.0,0.0,0.0,1.0,1.0,,0.0,0.0,0.0,0.0,1.0,1.0,0.0,1.0,0.0,1.0,0.0,0.0,,,0.0,1.0,0.0,0.0,1.0,0.0,0.0,1.0,,,0.0,0.0,0.0,0.0,1.0,0.0,0.0,1.0,1.0,1.0,1.0,0.0,0.0,1.0,1.0,0.0,1.0,0.0,0.0,0.0,0.0,0.0,1.0,0.0,0.0,0.0,0.0,0.0,0.0,1.0,0.0,1.0,1.0,,1.0,1.0,0.0,0.0,0.0,0.0,1.0,,1.0,0.0,1.0,1.0,0.0,1.0,0.0,1.0,1.0,0.0,0.0,1.0,0.0,0.0,0.0,0.0,1.0,1.0,1.0,1.0,1.0,0.0,1.0,0.0,0.0,1.0,1.0,1.0,1.0,0.0,0.0,1.0,1.0,0.0,0.0,1.0,1.0,0.0,1.0,0.0,0.0,1.0,0.0,1.0,0.0,0.0,1.0,0.0,0.0,0.0,1.0,0.0,1.0,1.0,1.0,0.0,0.0,0.0,1.0,,0.0,1.0,0.0,1.0,1.0,0.0,1.0,1.0,0.0,0.0,1.0,0.0,0.0,0.0,0.0,0.0,0.0,0.0,0.0,0.0,1.0,0.0,0.0,0.0,1.0,0.0,0.0,1.0,1.0,1.0,1.0,1.0,1.0,0.0,0.0,1.0,1.0,1.0,1.0,1.0,1.0,1.0,1.0,1.0,0.0,1.0,1.0,1.0,1.0,1.0,1.0,0.0,1.0,0.0,0.0,0.0,0.0,0.0,1.0,1.0,1.0,1.0,1.0,0.0,1.0,1.0,1.0,1.0,1.0
Sérgio Brito,1.0,1.0,,1.0,1.0,,1.0,,1.0,0.0,,,,0.0,1.0,0.0,1.0,1.0,1.0,1.0,1.0,1.0,1.0,1.0,1.0,1.0,0.0,1.0,,0.0,1.0,,,1.0,0.0,,1.0,,,,,,,,1.0,0.0,1.0,,,,,1.0,1.0,1.0,1.0,,0.0,,,,1.0,,1.0,0.0,1.0,1.0,1.0,0.0,,1.0,1.0,1.0,0.0,0.0,0.0,0.0,1.0,0.0,0.0,0.0,0.0,0.0,0.0,0.0,0.0,,0.0,,0.0,0.0,0.0,1.0,,0.0,1.0,0.0,,1.0,,0.0,1.0,,,,,0.0,1.0,0.0,1.0,1.0,0.0,1.0,0.0,1.0,1.0,,1.0,0.0,1.0,0.0,1.0,1.0,0.0,1.0,0.0,,0.0,0.0,0.0,1.0,0.0,1.0,1.0,,1.0,,0.0,0.0,,1.0,,1.0,,,,0.0,,,,,,1.0,0.0,1.0,1.0,1.0,,1.0,1.0,,,,1.0,0.0,,1.0,1.0,1.0,1.0,0.0,1.0,,,,,,,,,0.0,1.0,,0.0,0.0,,1.0,0.0,1.0,0.0,,,0.0,1.0,1.0,,,1.0,1.0,0.0,,0.0,0.0,1.0,1.0,0.0,0.0,0.0,,0.0,1.0,1.0,0.0,1.0,0.0,,0.0,,0.0,0.0,,,0.0,1.0,1.0,,,,0.0,0.0,0.0,0.0,0.0,0.0,,0.0,0.0,,1.0,,,,,,1.0,,,,0.0,,,,,,1.0,0.0,,,,,0.0,1.0,1.0,1.0,1.0,1.0,0.0,0.0,0.0,1.0,1.0,,1.0,0.0,,,,,,,,0.0,,,,,,,1.0,,,,,,1.0,,0.0,,,,,0.0,,,,,,,,0.0,,,,1.0,0.0,0.0,,0.0,0.0,0.0,0.0,0.0,,,,,,,,,,,,,,,,,,,,,1.0,,,,,,,,,,,,,,,,,,,,,,1.0,,,,1.0,,,1.0,,,,,,,,1.0,,,1.0,0.0,1.0,0.0,0.0,0.0,0.0,,,1.0,1.0,1.0,,0.0,,1.0,0.0,0.0,1.0
Sérgio Moraes,1.0,1.0,,1.0,1.0,,1.0,1.0,1.0,1.0,0.0,0.0,1.0,,1.0,0.0,1.0,1.0,,,,,1.0,1.0,1.0,1.0,0.0,1.0,0.0,0.0,1.0,,,1.0,1.0,1.0,1.0,,1.0,,0.0,1.0,,0.0,1.0,0.0,1.0,1.0,,0.0,1.0,1.0,1.0,1.0,1.0,,0.0,0.0,0.0,1.0,1.0,,1.0,0.0,1.0,,1.0,,0.0,1.0,1.0,1.0,,0.0,0.0,,,0.0,0.0,0.0,0.0,0.0,0.0,0.0,0.0,0.0,0.0,0.0,0.0,,0.0,,1.0,0.0,,1.0,,1.0,1.0,0.0,1.0,0.0,,,0.0,0.0,1.0,1.0,1.0,,0.0,1.0,1.0,,1.0,1.0,1.0,0.0,1.0,0.0,1.0,1.0,,1.0,0.0,,0.0,0.0,1.0,1.0,0.0,0.0,1.0,0.0,1.0,0.0,0.0,0.0,0.0,1.0,,,,0.0,0.0,0.0,0.0,0.0,1.0,0.0,,1.0,0.0,0.0,1.0,1.0,,0.0,1.0,,,1.0,,0.0,,1.0,1.0,1.0,1.0,0.0,1.0,0.0,1.0,0.0,1.0,0.0,0.0,0.0,1.0,0.0,1.0,0.0,0.0,0.0,1.0,,0.0,1.0,0.0,,,0.0,0.0,1.0,0.0,1.0,1.0,1.0,0.0,,0.0,0.0,1.0,1.0,0.0,0.0,0.0,0.0,,1.0,1.0,0.0,1.0,0.0,1.0,0.0,0.0,0.0,,,1.0,0.0,1.0,1.0,0.0,,1.0,0.0,0.0,0.0,0.0,0.0,0.0,1.0,0.0,0.0,,1.0,1.0,1.0,0.0,,,1.0,0.0,1.0,,0.0,0.0,0.0,1.0,1.0,,,0.0,0.0,,,,0.0,1.0,,1.0,1.0,1.0,,0.0,0.0,,,,1.0,0.0,1.0,1.0,,,,1.0,,1.0,,1.0,,,,0.0,1.0,,0.0,,1.0,,,,,,,0.0,,,,,,,,1.0,1.0,1.0,,,,,,,,1.0,,1.0,1.0,,1.0,1.0,1.0,1.0,1.0,,,,,,,1.0,1.0,1.0,1.0,0.0,1.0,1.0,,0.0,,,,,0.0,0.0,0.0,0.0,,0.0,1.0,0.0,0.0,,,0.0,,,,,,,,0.0,0.0,1.0,1.0,0.0,1.0,0.0,1.0,1.0,1.0,0.0,0.0,0.0,1.0,1.0,1.0,1.0,1.0,0.0,,0.0,,,,0.0,1.0,,,1.0,1.0,,,1.0,1.0,1.0,1.0
Tadeu Filippelli,1.0,1.0,0.0,1.0,1.0,,1.0,1.0,1.0,0.0,0.0,0.0,1.0,0.0,1.0,0.0,1.0,1.0,1.0,,1.0,1.0,1.0,1.0,1.0,1.0,0.0,1.0,0.0,0.0,1.0,1.0,,1.0,0.0,,,1.0,1.0,0.0,0.0,1.0,0.0,0.0,1.0,0.0,1.0,,,,1.0,1.0,1.0,1.0,1.0,1.0,0.0,0.0,0.0,1.0,1.0,1.0,1.0,0.0,1.0,1.0,1.0,0.0,0.0,1.0,1.0,1.0,0.0,,0.0,0.0,1.0,1.0,0.0,,0.0,0.0,0.0,0.0,0.0,0.0,0.0,,0.0,0.0,,1.0,1.0,0.0,1.0,1.0,1.0,1.0,1.0,0.0,1.0,,1.0,1.0,0.0,0.0,,0.0,,1.0,0.0,1.0,1.0,1.0,1.0,1.0,1.0,0.0,1.0,0.0,1.0,1.0,0.0,1.0,0.0,1.0,0.0,1.0,0.0,1.0,0.0,1.0,1.0,0.0,1.0,0.0,,0.0,1.0,,1.0,1.0,0.0,0.0,,0.0,0.0,0.0,1.0,1.0,0.0,1.0,0.0,1.0,1.0,1.0,,1.0,1.0,1.0,1.0,1.0,1.0,0.0,0.0,1.0,1.0,,1.0,0.0,1.0,0.0,1.0,,1.0,0.0,0.0,0.0,1.0,0.0,,,,0.0,1.0,,0.0,1.0,0.0,1.0,0.0,1.0,1.0,0.0,0.0,1.0,1.0,1.0,0.0,1.0,0.0,0.0,1.0,1.0,0.0,0.0,0.0,,0.0,1.0,1.0,0.0,1.0,,1.0,0.0,0.0,0.0,0.0,0.0,1.0,0.0,1.0,1.0,0.0,0.0,1.0,0.0,0.0,0.0,0.0,0.0,0.0,1.0,0.0,0.0,1.0,1.0,1.0,1.0,0.0,,1.0,1.0,0.0,1.0,0.0,0.0,,1.0,1.0,1.0,0.0,0.0,0.0,0.0,0.0,0.0,1.0,,1.0,1.0,1.0,1.0,1.0,0.0,0.0,0.0,0.0,1.0,0.0,,0.0,,,0.0,1.0,0.0,1.0,,1.0,0.0,1.0,0.0,0.0,1.0,0.0,1.0,1.0,1.0,,1.0,1.0,1.0,1.0,1.0,,,1.0,1.0,0.0,0.0,1.0,1.0,,,1.0,1.0,0.0,,0.0,,,,0.0,0.0,0.0,0.0,1.0,0.0,0.0,1.0,1.0,1.0,1.0,1.0,0.0,0.0,,1.0,1.0,0.0,1.0,,1.0,1.0,0.0,1.0,1.0,0.0,0.0,,0.0,0.0,0.0,0.0,,0.0,0.0,,0.0,1.0,0.0,0.0,0.0,1.0,0.0,0.0,1.0,1.0,,1.0,1.0,1.0,0.0,0.0,1.0,1.0,1.0,1.0,1.0,1.0,1.0,,1.0,,1.0,,1.0,,1.0,,0.0,,0.0,0.0,,0.0,,,1.0,1.0,,,0.0,1.0,1.0,1.0,,1.0
Takayama,,1.0,0.0,1.0,1.0,1.0,1.0,0.0,1.0,0.0,,,,,1.0,0.0,1.0,1.0,,,,,,,,1.0,,1.0,,0.0,1.0,1.0,,0.0,1.0,1.0,1.0,1.0,0.0,0.0,0.0,1.0,0.0,0.0,,,1.0,1.0,0.0,0.0,1.0,1.0,1.0,1.0,1.0,1.0,,0.0,,1.0,,1.0,1.0,,1.0,,1.0,,,1.0,1.0,1.0,,,0.0,0.0,,0.0,0.0,0.0,0.0,,0.0,,,,,,,,,1.0,1.0,0.0,1.0,1.0,1.0,,0.0,0.0,,0.0,0.0,0.0,,0.0,,0.0,,,0.0,1.0,0.0,1.0,1.0,,1.0,0.0,1.0,0.0,1.0,1.0,0.0,1.0,0.0,1.0,,0.0,0.0,1.0,,,1.0,,1.0,0.0,0.0,0.0,,,,,,0.0,0.0,0.0,,0.0,1.0,1.0,0.0,,0.0,,1.0,1.0,0.0,1.0,1.0,1.0,1.0,1.0,1.0,0.0,0.0,,1.0,,1.0,0.0,,,,0.0,1.0,,0.0,,1.0,,1.0,0.0,0.0,0.0,1.0,,0.0,1.0,0.0,,,,,,0.0,1.0,1.0,1.0,0.0,,,,1.0,1.0,0.0,,,,,1.0,,0.0,1.0,0.0,1.0,,,0.0,,,1.0,0.0,,,,,1.0,,,0.0,0.0,0.0,,,0.0,0.0,1.0,1.0,1.0,1.0,0.0,,,1.0,0.0,1.0,,0.0,0.0,1.0,0.0,,0.0,0.0,,0.0,,,,0.0,1.0,,1.0,1.0,,0.0,0.0,0.0,,1.0,1.0,,0.0,1.0,1.0,0.0,1.0,0.0,1.0,1.0,0.0,0.0,,0.0,0.0,1.0,0.0,,,,1.0,1.0,,,,,,,0.0,1.0,0.0,0.0,1.0,1.0,0.0,0.0,1.0,,,1.0,,0.0,1.0,0.0,0.0,0.0,0.0,1.0,1.0,,1.0,1.0,,1.0,,,0.0,0.0,0.0,1.0,1.0,0.0,1.0,1.0,1.0,1.0,,,,,,1.0,,0.0,,,,,,,1.0,1.0,0.0,,,1.0,0.0,0.0,1.0,1.0,1.0,,1.0,1.0,0.0,0.0,0.0,1.0,,0.0,,,1.0,1.0,,,,,1.0,1.0,1.0,1.0,0.0,1.0,0.0,,0.0,0.0,0.0,1.0,1.0,1.0,,,0.0,1.0,,,,0.0
Tarcísio Zimmermann,,1.0,0.0,,,,1.0,,1.0,,,,,,,,,,,,,,,,,1.0,0.0,1.0,0.0,0.0,1.0,,,,,,,,0.0,0.0,0.0,1.0,,,1.0,,,1.0,,0.0,1.0,1.0,1.0,1.0,1.0,1.0,0.0,0.0,0.0,1.0,1.0,,1.0,0.0,1.0,,1.0,0.0,,1.0,0.0,,0.0,0.0,,0.0,,,,,,0.0,0.0,,0.0,0.0,0.0,0.0,0.0,,0.0,,,,1.0,1.0,,1.0,1.0,0.0,1.0,,,,,,,,,1.0,0.0,,0.0,1.0,1.0,,1.0,0.0,1.0,0.0,0.0,1.0,0.0,1.0,0.0,1.0,,1.0,0.0,0.0,,,,0.0,,0.0,0.0,0.0,0.0,1.0,,1.0,0.0,0.0,0.0,0.0,0.0,,,1.0,0.0,1.0,0.0,1.0,1.0,1.0,0.0,1.0,1.0,,1.0,,1.0,0.0,0.0,1.0,,1.0,1.0,0.0,1.0,,,,,,,,,0.0,,0.0,0.0,,1.0,,,,0.0,1.0,0.0,1.0,1.0,0.0,1.0,1.0,,1.0,,,,,,,0.0,0.0,0.0,0.0,0.0,1.0,1.0,0.0,1.0,0.0,,0.0,0.0,0.0,0.0,,,0.0,,,,,,,0.0,0.0,,0.0,0.0,,0.0,,,,,,0.0,,1.0,1.0,,,,0.0,,,,,,,,,,,,,,,,,,,,,,,,,,,,,,,,,,,,,,,,,,,,,,,,,,,,,,,,,,,,,,,,,,,,,,,,,,,,,,,,,,,,,,,,,,,,,,,,,,,,,,,,,,,,,,,,,,,,,,,,,,,,,,,,,,,,,,,,,,,,,,,,,,,,,,,,
Tatico,,,0.0,,,,,,1.0,,0.0,,,,,,,,1.0,,,,,,,1.0,0.0,1.0,0.0,0.0,1.0,1.0,0.0,,,,1.0,,1.0,0.0,,,,,1.0,,1.0,1.0,0.0,0.0,1.0,1.0,1.0,1.0,1.0,,0.0,0.0,0.0,1.0,1.0,,1.0,0.0,1.0,1.0,1.0,,0.0,1.0,0.0,1.0,,0.0,0.0,0.0,1.0,0.0,0.0,,0.0,0.0,0.0,0.0,,0.0,0.0,0.0,0.0,0.0,0.0,0.0,1.0,0.0,,1.0,,,1.0,,1.0,,,,0.0,,,,1.0,1.0,,1.0,0.0,1.0,1.0,1.0,,,,,1.0,1.0,0.0,1.0,0.0,1.0,0.0,0.0,1.0,,1.0,0.0,1.0,0.0,1.0,0.0,0.0,0.0,0.0,1.0,,,,0.0,0.0,,0.0,0.0,1.0,,,0.0,0.0,,1.0,1.0,0.0,,,,1.0,,,,,1.0,,1.0,,0.0,1.0,0.0,1.0,0.0,1.0,0.0,0.0,,1.0,,1.0,0.0,0.0,0.0,1.0,,0.0,1.0,0.0,,,1.0,0.0,,0.0,,,1.0,0.0,1.0,0.0,0.0,1.0,,0.0,0.0,,0.0,0.0,1.0,1.0,,,0.0,1.0,0.0,,0.0,0.0,0.0,1.0,0.0,1.0,1.0,,,,,0.0,0.0,0.0,0.0,0.0,1.0,0.0,0.0,1.0,1.0,,1.0,0.0,,,,,,,,0.0,0.0,1.0,1.0,0.0,0.0,,0.0,0.0,0.0,1.0,,1.0,,,1.0,,,,0.0,0.0,,,1.0,,1.0,,,,0.0,1.0,,1.0,0.0,1.0,0.0,,,0.0,1.0,,,,1.0,,,0.0,0.0,,,,,0.0,,,,,,,1.0,0.0,1.0,,0.0,1.0,,0.0,0.0,1.0,0.0,,,,,1.0,1.0,,,,0.0,0.0,,1.0,0.0,1.0,1.0,1.0,1.0,,,,,,,0.0,0.0,,0.0,,,,1.0,0.0,1.0,,,,1.0,,0.0,,,,1.0,,,0.0,0.0,,,1.0,,1.0,1.0,1.0,1.0,1.0,,1.0,1.0,,,1.0,,,,,,,,,,,,,,,,,,,
Thelma de Oliveira,1.0,0.0,1.0,1.0,,1.0,1.0,1.0,1.0,0.0,0.0,,1.0,0.0,1.0,0.0,1.0,1.0,1.0,1.0,1.0,1.0,1.0,1.0,1.0,,0.0,,0.0,0.0,1.0,1.0,1.0,1.0,0.0,,1.0,1.0,1.0,,,,,,0.0,1.0,0.0,1.0,,,0.0,,,,,1.0,,1.0,,0.0,,,1.0,,0.0,0.0,0.0,,,,,,,,,,,,,,,0.0,0.0,,,,,,,,,,,,0.0,0.0,,1.0,1.0,1.0,,,,,,,,,,,,,,,,,,,,,,,,1.0,,1.0,,,,,,,,1.0,,,,,,,0.0,,,,,,,,,,,0.0,,0.0,,0.0,,0.0,,,0.0,0.0,,1.0,,0.0,0.0,0.0,,,,,,,,,1.0,0.0,1.0,,,,,,,,,,,,,,,,,,,,,,,,,,,,,,,,,,,,,,,,,0.0,,,1.0,1.0,0.0,1.0,1.0,1.0,,,,,,0.0,,,1.0,0.0,1.0,1.0,,1.0,0.0,0.0,,,,,1.0,1.0,1.0,1.0,,,,,,1.0,0.0,,,,0.0,0.0,0.0,0.0,0.0,0.0,1.0,,,0.0,1.0,0.0,0.0,1.0,,,1.0,1.0,1.0,1.0,,0.0,0.0,1.0,,0.0,1.0,1.0,1.0,1.0,1.0,1.0,0.0,0.0,0.0,0.0,,0.0,1.0,,0.0,1.0,1.0,0.0,,,,0.0,,,,,1.0,0.0,0.0,0.0,0.0,0.0,0.0,,,1.0,1.0,1.0,,,,,0.0,1.0,1.0,,1.0,,0.0,0.0,0.0,,,0.0,1.0,1.0,,,,,,,,,,,,,,,0.0,0.0,0.0,1.0,1.0,,,,,,0.0,,0.0,1.0,,,0.0,0.0,0.0,1.0,,,1.0,,,,,,,,,0.0,,,0.0,0.0,,1.0,,,1.0,1.0
Themístocles Sampaio,,,,,,1.0,,,,,,,,,,0.0,1.0,1.0,1.0,,1.0,1.0,1.0,1.0,1.0,,,,,,,,1.0,,,,,,,,,,,,,,,,,,,,,,,,,,,,,1.0,,,,,,,,,,,,,,,,,,,,,,,,,,,,,,,,,,,,,,,,,,,,,,,,,,,,,,,,,,,,,,,,,,,,,,,,,,,,,,,0.0,,,,,,,,,,,,,,,,,,,,,,,,,,,,,,,0.0,1.0,0.0,1.0,0.0,0.0,0.0,1.0,,,,,,,,,,,,,,,,,,,,,,,,,,,,,,,,,,,,,,,,,,,,,,,,1.0,,,,,,,,,,,,,,,1.0,,,,,,,,,,,,,,,,,,,,,,,,,,,,,,,,,,,,,,1.0,,,,,,,,,1.0,1.0,1.0,,,,,,1.0,1.0,,1.0,,0.0,1.0,,0.0,,,1.0,,1.0,,,,,,,,,,,,,,,1.0,1.0,,0.0,0.0,1.0,1.0,0.0,,0.0,,1.0,0.0,1.0,1.0,0.0,0.0,,0.0,0.0,0.0,0.0,0.0,0.0,0.0,0.0,0.0,1.0,0.0,0.0,0.0,1.0,0.0,,1.0,1.0,1.0,1.0,1.0,1.0,0.0,0.0,,,1.0,,1.0,1.0,,,1.0,0.0,1.0,1.0,,,1.0,1.0,0.0,,0.0,0.0,0.0,,0.0,1.0,,,,,,,,,,
Tonha Magalhães,1.0,,0.0,,1.0,1.0,1.0,1.0,,0.0,0.0,0.0,1.0,0.0,1.0,0.0,1.0,1.0,,,,,,,,,0.0,1.0,0.0,0.0,,,,0.0,1.0,,1.0,1.0,1.0,0.0,0.0,1.0,,,,0.0,1.0,1.0,0.0,0.0,1.0,1.0,1.0,1.0,1.0,1.0,,1.0,,0.0,0.0,1.0,1.0,0.0,,0.0,1.0,0.0,0.0,1.0,1.0,1.0,0.0,0.0,0.0,0.0,,0.0,0.0,,0.0,1.0,0.0,0.0,0.0,0.0,0.0,0.0,0.0,0.0,0.0,1.0,1.0,,1.0,1.0,1.0,1.0,1.0,0.0,,,,,,0.0,1.0,1.0,,,,1.0,,1.0,1.0,,1.0,,0.0,,,,,,0.0,,0.0,0.0,1.0,,,,,0.0,1.0,0.0,,,0.0,,1.0,,,,,0.0,0.0,0.0,,1.0,0.0,,0.0,1.0,1.0,1.0,0.0,0.0,1.0,1.0,1.0,,,,,,,,1.0,0.0,1.0,,,0.0,1.0,,0.0,0.0,1.0,,1.0,0.0,0.0,,,,,1.0,0.0,1.0,,1.0,0.0,,0.0,1.0,,1.0,0.0,1.0,0.0,0.0,,1.0,0.0,0.0,,,,,,0.0,,,,0.0,0.0,,,,1.0,0.0,1.0,,,,1.0,0.0,,,,,,1.0,,,1.0,,,,0.0,0.0,1.0,,1.0,1.0,,0.0,0.0,1.0,1.0,1.0,,,0.0,0.0,0.0,0.0,1.0,,1.0,1.0,1.0,1.0,1.0,0.0,0.0,0.0,1.0,1.0,0.0,,0.0,,1.0,0.0,1.0,0.0,1.0,1.0,1.0,1.0,1.0,0.0,0.0,,0.0,1.0,1.0,1.0,1.0,,1.0,0.0,1.0,,1.0,1.0,1.0,,,,,,,,1.0,,1.0,,0.0,,1.0,0.0,0.0,0.0,1.0,0.0,1.0,0.0,1.0,1.0,,,1.0,1.0,0.0,0.0,0.0,,1.0,,1.0,,,1.0,,,,,,,0.0,0.0,,0.0,0.0,0.0,,1.0,0.0,,0.0,0.0,,0.0,0.0,0.0,,1.0,1.0,1.0,1.0,1.0,0.0,,1.0,0.0,0.0,,,1.0,,,1.0,0.0,1.0,1.0,,,1.0,,0.0,1.0,0.0,0.0,0.0,0.0,,1.0,1.0,1.0,1.0,,,,,,0.0,
Uldurico Pinto,1.0,,0.0,1.0,,1.0,1.0,,1.0,0.0,,,,0.0,1.0,0.0,1.0,,1.0,,,,,1.0,1.0,1.0,,1.0,0.0,0.0,1.0,,0.0,1.0,,1.0,,1.0,,,,,,,,,,,0.0,0.0,1.0,1.0,1.0,1.0,1.0,1.0,,0.0,0.0,1.0,1.0,1.0,1.0,0.0,1.0,1.0,1.0,0.0,,1.0,0.0,1.0,0.0,0.0,0.0,0.0,,0.0,0.0,,,,0.0,0.0,,0.0,0.0,,0.0,,0.0,0.0,1.0,0.0,,1.0,,,0.0,0.0,1.0,,,,0.0,,,,1.0,1.0,,1.0,0.0,,,,,,,,0.0,,0.0,1.0,0.0,,0.0,0.0,0.0,1.0,,0.0,0.0,0.0,,0.0,0.0,,1.0,1.0,1.0,1.0,0.0,0.0,0.0,0.0,0.0,,,,,,0.0,,1.0,1.0,0.0,1.0,1.0,,1.0,1.0,1.0,,0.0,1.0,,1.0,1.0,0.0,1.0,,1.0,0.0,1.0,,,0.0,1.0,0.0,1.0,0.0,0.0,0.0,,,0.0,,0.0,,,,1.0,,0.0,1.0,1.0,1.0,0.0,,0.0,0.0,1.0,1.0,,,,,,,,,,0.0,,,,0.0,,0.0,,,,,,,,0.0,0.0,,,,0.0,1.0,,0.0,,,,,,1.0,1.0,1.0,,,,,,,0.0,,,,,0.0,,,,,,,,1.0,1.0,0.0,0.0,,,,,1.0,0.0,,1.0,,,0.0,,,0.0,,1.0,,0.0,,,1.0,1.0,1.0,1.0,,,1.0,,0.0,,1.0,1.0,1.0,1.0,,1.0,1.0,,,,1.0,,,0.0,0.0,1.0,,,1.0,,,,,,,,1.0,1.0,1.0,,0.0,0.0,1.0,1.0,0.0,,,,,0.0,1.0,1.0,,0.0,,,0.0,,,,0.0,0.0,1.0,,,,0.0,,1.0,0.0,0.0,,1.0,1.0,1.0,1.0,1.0,,0.0,1.0,1.0,0.0,1.0,,1.0,,1.0,,,,1.0,1.0,1.0,1.0,1.0,0.0,1.0,0.0,0.0,0.0,0.0,0.0,1.0,,,1.0,1.0,,,1.0,1.0,1.0,1.0
Urzeni Rocha,1.0,0.0,1.0,1.0,1.0,1.0,,1.0,1.0,,,0.0,1.0,,,,,,1.0,1.0,1.0,1.0,1.0,1.0,1.0,1.0,,,,,,1.0,1.0,1.0,0.0,1.0,,1.0,1.0,,,,,,,,,1.0,,,0.0,,,,,,0.0,,,0.0,1.0,1.0,,,0.0,0.0,0.0,,,0.0,1.0,0.0,,,1.0,0.0,0.0,1.0,,1.0,0.0,,0.0,0.0,0.0,0.0,0.0,1.0,0.0,0.0,0.0,,1.0,0.0,,0.0,,,1.0,,0.0,0.0,0.0,1.0,1.0,0.0,1.0,1.0,0.0,0.0,,1.0,0.0,0.0,0.0,0.0,,1.0,1.0,0.0,1.0,1.0,,1.0,,,,0.0,1.0,,0.0,0.0,1.0,1.0,,,,,0.0,,1.0,,,,,,,,,0.0,1.0,0.0,,,,,1.0,0.0,1.0,,0.0,0.0,,,,,,0.0,,,,,,,,,,0.0,1.0,,,,,,0.0,,,0.0,,0.0,0.0,0.0,0.0,1.0,0.0,0.0,,1.0,,,,,,,,,,,,,,,,,,,,,,0.0,,,1.0,1.0,0.0,1.0,,1.0,,,,,,,,,,,,,,1.0,,0.0,,,,,,,,,,,,,,,,,,,,,0.0,0.0,0.0,0.0,,,,,,,,,,,,1.0,1.0,1.0,,,,,,,,1.0,1.0,1.0,1.0,,0.0,0.0,,,1.0,,,,,,,,1.0,,,0.0,,,,,1.0,0.0,,0.0,0.0,,0.0,,,,,1.0,,,,,,1.0,,1.0,,0.0,,0.0,0.0,0.0,0.0,,,1.0,0.0,,,,,0.0,,,,,0.0,,,,,,,1.0,1.0,,,,,,0.0,,,1.0,,0.0,,,,1.0,1.0,1.0,1.0,,,,,,,,,,,,0.0,,,,1.0,1.0,1.0,
Vadão Gomes,,1.0,,1.0,,,,1.0,,,0.0,1.0,,,,,0.0,1.0,,,,,1.0,,1.0,1.0,,1.0,,0.0,1.0,,,1.0,0.0,,,1.0,,,,,,,,,,,,,1.0,1.0,1.0,1.0,1.0,,,,,1.0,1.0,1.0,1.0,,,,,,,,0.0,1.0,,,,,,,0.0,,0.0,,,,0.0,,,0.0,0.0,,,,,,1.0,1.0,1.0,,1.0,,,,,,,,,,,,0.0,1.0,0.0,,,1.0,,,,0.0,,,0.0,1.0,,,,,1.0,1.0,,0.0,1.0,0.0,,,,,,,1.0,,0.0,,0.0,,,0.0,1.0,,,0.0,0.0,1.0,1.0,1.0,0.0,,,,,1.0,,,,,,1.0,,0.0,,,,,,,,0.0,1.0,0.0,1.0,0.0,0.0,,,,,,,,,0.0,0.0,1.0,0.0,,,,,,1.0,,1.0,1.0,,0.0,,,,,0.0,,,,1.0,0.0,0.0,,,,,,1.0,,,0.0,1.0,,0.0,,0.0,,,,,,1.0,,,,,,,,,,,,,,,,,,,,0.0,0.0,1.0,,,,,,,0.0,0.0,,,,,,0.0,0.0,1.0,0.0,1.0,,,,1.0,,,,,,,,,,,,,1.0,,,,1.0,,,0.0,,,,,0.0,,,,,,,,,,,,,,,,,,,,,,,,,,,,,,1.0,,,1.0,,,,0.0,,,,,,,,,,,,,,,,,,,,1.0,,,0.0,1.0,,,,,,,,,0.0,,,,,1.0,,,,,,0.0,,,,,,,,,,,,,
Valadares Filho,1.0,1.0,0.0,0.0,1.0,1.0,1.0,1.0,1.0,0.0,1.0,0.0,1.0,,,,,,,,,,1.0,,1.0,1.0,0.0,1.0,0.0,0.0,1.0,1.0,1.0,1.0,0.0,1.0,1.0,1.0,0.0,,0.0,1.0,0.0,0.0,1.0,0.0,1.0,1.0,0.0,0.0,1.0,1.0,1.0,1.0,1.0,,0.0,0.0,0.0,1.0,1.0,1.0,1.0,0.0,1.0,1.0,1.0,0.0,0.0,1.0,1.0,1.0,0.0,0.0,0.0,0.0,1.0,0.0,0.0,0.0,0.0,0.0,0.0,,0.0,0.0,0.0,0.0,,0.0,0.0,0.0,1.0,0.0,1.0,1.0,1.0,1.0,1.0,0.0,1.0,0.0,1.0,1.0,0.0,0.0,1.0,0.0,1.0,1.0,,,1.0,1.0,1.0,1.0,1.0,,1.0,,1.0,1.0,0.0,1.0,0.0,1.0,,0.0,0.0,1.0,,0.0,1.0,0.0,1.0,,0.0,0.0,1.0,,1.0,1.0,0.0,0.0,0.0,0.0,0.0,0.0,1.0,1.0,0.0,1.0,0.0,1.0,1.0,1.0,0.0,1.0,1.0,1.0,1.0,1.0,1.0,0.0,0.0,,1.0,1.0,1.0,0.0,1.0,0.0,1.0,,1.0,0.0,0.0,0.0,1.0,0.0,,0.0,,,1.0,1.0,0.0,1.0,0.0,1.0,0.0,0.0,0.0,0.0,0.0,1.0,1.0,1.0,0.0,1.0,0.0,,1.0,1.0,0.0,0.0,0.0,0.0,0.0,1.0,1.0,,,0.0,1.0,,0.0,0.0,0.0,,1.0,,1.0,1.0,,0.0,,0.0,0.0,0.0,0.0,0.0,,,,0.0,1.0,1.0,1.0,1.0,0.0,1.0,1.0,1.0,0.0,1.0,0.0,0.0,0.0,0.0,1.0,1.0,,,0.0,0.0,0.0,,0.0,,1.0,1.0,1.0,1.0,1.0,0.0,0.0,0.0,,1.0,0.0,1.0,0.0,1.0,1.0,,,0.0,1.0,1.0,1.0,,1.0,1.0,0.0,1.0,0.0,1.0,1.0,,1.0,1.0,1.0,1.0,0.0,0.0,1.0,1.0,,1.0,1.0,0.0,1.0,1.0,0.0,0.0,,1.0,0.0,0.0,,,1.0,0.0,1.0,1.0,0.0,0.0,1.0,0.0,1.0,,1.0,1.0,,,0.0,0.0,0.0,1.0,1.0,0.0,,0.0,1.0,1.0,0.0,1.0,1.0,0.0,0.0,1.0,0.0,0.0,0.0,,,,,1.0,0.0,1.0,0.0,0.0,0.0,,0.0,0.0,1.0,1.0,1.0,1.0,1.0,1.0,0.0,0.0,1.0,,,,1.0,1.0,1.0,1.0,,0.0,,1.0,1.0,1.0,,1.0,0.0,1.0,,0.0,0.0,0.0,0.0,1.0,1.0,1.0,,0.0,1.0,1.0,1.0,1.0,1.0,1.0
Valdemar Costa Neto,,1.0,0.0,,,,1.0,,1.0,1.0,,,,,,,,,,,,,,1.0,,,,,0.0,,,,,,,,,,1.0,,0.0,,,0.0,1.0,0.0,,1.0,,,1.0,1.0,1.0,1.0,1.0,1.0,,0.0,0.0,1.0,,,1.0,0.0,1.0,1.0,1.0,,0.0,,0.0,1.0,0.0,0.0,0.0,,,0.0,,,0.0,0.0,0.0,0.0,0.0,0.0,0.0,0.0,,0.0,0.0,1.0,1.0,0.0,1.0,1.0,,1.0,1.0,0.0,,,,,0.0,,,,1.0,1.0,0.0,,0.0,,1.0,1.0,1.0,1.0,,,1.0,1.0,0.0,1.0,0.0,1.0,0.0,,1.0,1.0,,,1.0,0.0,,,0.0,0.0,,1.0,1.0,,0.0,0.0,,0.0,0.0,0.0,1.0,1.0,,1.0,0.0,1.0,,1.0,0.0,0.0,,,1.0,1.0,,0.0,0.0,1.0,,1.0,1.0,0.0,1.0,0.0,1.0,0.0,1.0,0.0,,,1.0,,1.0,,,0.0,1.0,1.0,0.0,,,1.0,0.0,1.0,1.0,1.0,0.0,,,1.0,,1.0,0.0,,,1.0,0.0,,0.0,,,1.0,,,1.0,0.0,1.0,0.0,0.0,0.0,0.0,0.0,1.0,0.0,1.0,1.0,0.0,0.0,,0.0,0.0,0.0,,,,,,0.0,1.0,1.0,,,0.0,,,1.0,1.0,1.0,0.0,0.0,0.0,,1.0,,,,,,,,,,,,,1.0,1.0,0.0,0.0,0.0,,,,,0.0,,,,,,,,,,,0.0,,,0.0,,,1.0,1.0,,,1.0,,,1.0,,,,,,,,,,1.0,,,1.0,0.0,,,,,,,,1.0,,,,1.0,,,1.0,,0.0,0.0,1.0,1.0,0.0,,,1.0,1.0,,1.0,,0.0,0.0,,,,0.0,,,,,,,1.0,,,0.0,1.0,,,,,1.0,,,1.0,,,,,,,,,,,,,,,,,,,,,,,,,,,,1.0,,,,,,1.0,,
Valdir Colatto,1.0,1.0,0.0,,,0.0,,1.0,1.0,1.0,0.0,0.0,1.0,,1.0,1.0,1.0,1.0,0.0,1.0,1.0,1.0,1.0,1.0,1.0,1.0,0.0,1.0,0.0,0.0,1.0,1.0,,1.0,0.0,,1.0,1.0,1.0,0.0,0.0,1.0,0.0,0.0,1.0,,,1.0,,,1.0,1.0,1.0,1.0,1.0,,0.0,0.0,0.0,1.0,,0.0,1.0,,1.0,1.0,1.0,0.0,0.0,1.0,1.0,1.0,,0.0,0.0,0.0,1.0,0.0,0.0,0.0,0.0,,0.0,0.0,,0.0,0.0,,0.0,0.0,,1.0,1.0,0.0,1.0,0.0,1.0,1.0,1.0,0.0,1.0,0.0,1.0,,0.0,0.0,1.0,1.0,1.0,1.0,,1.0,0.0,1.0,1.0,,0.0,0.0,,0.0,1.0,1.0,1.0,1.0,,1.0,0.0,0.0,0.0,1.0,0.0,1.0,1.0,0.0,0.0,0.0,,,1.0,,,1.0,0.0,0.0,0.0,0.0,0.0,0.0,1.0,1.0,0.0,0.0,0.0,,1.0,1.0,,1.0,1.0,0.0,,1.0,1.0,,0.0,1.0,,1.0,,0.0,,0.0,,0.0,,,,,1.0,,1.0,0.0,0.0,0.0,,1.0,0.0,1.0,1.0,,0.0,0.0,0.0,1.0,0.0,1.0,1.0,1.0,,,1.0,1.0,1.0,1.0,0.0,0.0,0.0,0.0,1.0,1.0,1.0,,1.0,0.0,1.0,0.0,,0.0,,0.0,,0.0,1.0,1.0,,0.0,1.0,0.0,1.0,0.0,,0.0,,1.0,,0.0,1.0,0.0,1.0,1.0,0.0,1.0,1.0,1.0,,1.0,0.0,,,1.0,1.0,,0.0,,0.0,0.0,0.0,0.0,1.0,0.0,,,,,,0.0,0.0,0.0,1.0,,1.0,,0.0,0.0,0.0,1.0,0.0,,,,1.0,1.0,1.0,0.0,0.0,1.0,0.0,0.0,,1.0,1.0,1.0,,0.0,,1.0,,1.0,,0.0,0.0,,,1.0,1.0,,0.0,1.0,1.0,1.0,,0.0,1.0,0.0,1.0,1.0,0.0,1.0,0.0,0.0,0.0,,1.0,0.0,1.0,1.0,1.0,,,0.0,0.0,0.0,,,,1.0,,,,0.0,,1.0,,0.0,0.0,0.0,0.0,0.0,,,0.0,1.0,,0.0,0.0,,0.0,0.0,,,1.0,,1.0,1.0,0.0,0.0,1.0,1.0,0.0,1.0,1.0,1.0,,,1.0,,1.0,,,,1.0,1.0,0.0,,0.0,0.0,0.0,0.0,0.0,,1.0,1.0,1.0,0.0,0.0,1.0,1.0,1.0,1.0,1.0
Valtenir Pereira,1.0,1.0,0.0,0.0,1.0,1.0,1.0,,1.0,0.0,,,1.0,,1.0,,1.0,1.0,1.0,1.0,1.0,1.0,1.0,,1.0,1.0,0.0,1.0,0.0,0.0,,,0.0,1.0,0.0,1.0,,1.0,0.0,0.0,0.0,1.0,,0.0,,0.0,1.0,1.0,0.0,,1.0,1.0,1.0,1.0,1.0,1.0,0.0,0.0,0.0,1.0,1.0,0.0,1.0,,1.0,1.0,1.0,0.0,0.0,1.0,1.0,,0.0,0.0,,,,0.0,0.0,0.0,0.0,0.0,0.0,0.0,0.0,0.0,0.0,0.0,0.0,0.0,,1.0,1.0,0.0,1.0,1.0,1.0,1.0,1.0,0.0,1.0,0.0,0.0,1.0,,0.0,1.0,0.0,1.0,1.0,0.0,1.0,1.0,1.0,1.0,1.0,1.0,0.0,,0.0,1.0,1.0,0.0,1.0,0.0,1.0,,,0.0,1.0,,0.0,1.0,0.0,,,,0.0,1.0,1.0,1.0,1.0,,,0.0,0.0,0.0,0.0,1.0,1.0,0.0,1.0,,,,1.0,0.0,1.0,1.0,1.0,1.0,1.0,1.0,,0.0,1.0,,1.0,,0.0,1.0,0.0,1.0,0.0,,0.0,0.0,,1.0,0.0,1.0,0.0,0.0,0.0,1.0,,,1.0,0.0,1.0,0.0,0.0,0.0,0.0,0.0,1.0,1.0,1.0,0.0,1.0,0.0,0.0,1.0,1.0,0.0,0.0,0.0,,0.0,1.0,1.0,0.0,1.0,0.0,,0.0,,0.0,0.0,,,0.0,1.0,1.0,0.0,0.0,,0.0,,0.0,,0.0,0.0,1.0,0.0,,,1.0,1.0,1.0,0.0,1.0,1.0,1.0,0.0,1.0,0.0,0.0,0.0,0.0,,,0.0,0.0,,,0.0,1.0,1.0,,1.0,,1.0,,1.0,0.0,,0.0,0.0,1.0,0.0,1.0,,,,0.0,,0.0,,1.0,,1.0,1.0,0.0,0.0,0.0,,1.0,,1.0,1.0,1.0,1.0,1.0,,1.0,1.0,,,,,,,,,,1.0,1.0,1.0,0.0,,0.0,1.0,0.0,0.0,1.0,1.0,0.0,,0.0,,1.0,1.0,1.0,1.0,1.0,0.0,0.0,0.0,1.0,,0.0,1.0,,1.0,1.0,,1.0,1.0,,,,0.0,,,,0.0,0.0,0.0,,0.0,1.0,0.0,0.0,,,0.0,0.0,,1.0,1.0,,1.0,1.0,,0.0,1.0,1.0,1.0,,,,1.0,1.0,1.0,0.0,1.0,,,1.0,,,0.0,1.0,,0.0,0.0,,,1.0,1.0,1.0,1.0,0.0,1.0,1.0,,,0.0,1.0
Vander Loubet,1.0,,,1.0,1.0,1.0,1.0,1.0,1.0,1.0,0.0,0.0,,0.0,1.0,,1.0,1.0,,,,,,,,1.0,,,0.0,,,1.0,0.0,1.0,0.0,1.0,1.0,1.0,0.0,0.0,,1.0,0.0,0.0,1.0,0.0,1.0,1.0,,0.0,1.0,1.0,1.0,1.0,1.0,1.0,0.0,0.0,0.0,1.0,,1.0,1.0,,1.0,,1.0,,,,0.0,1.0,,,,0.0,1.0,0.0,0.0,0.0,0.0,,0.0,0.0,0.0,0.0,0.0,0.0,0.0,,0.0,0.0,1.0,0.0,,1.0,1.0,,1.0,0.0,1.0,,,,,,,0.0,1.0,1.0,0.0,,0.0,1.0,1.0,1.0,1.0,,,0.0,1.0,1.0,0.0,,,1.0,0.0,1.0,0.0,1.0,0.0,,1.0,0.0,1.0,,0.0,0.0,0.0,,1.0,1.0,,,,0.0,,,1.0,0.0,0.0,1.0,,,1.0,1.0,,,1.0,1.0,1.0,1.0,,0.0,,1.0,1.0,1.0,1.0,0.0,1.0,0.0,,,,0.0,0.0,,1.0,0.0,1.0,,,0.0,1.0,,,1.0,0.0,1.0,0.0,0.0,1.0,,0.0,1.0,1.0,1.0,0.0,,,,,,,,,0.0,0.0,1.0,,0.0,1.0,,,,0.0,0.0,0.0,,1.0,0.0,,,,,1.0,0.0,0.0,,,0.0,,,0.0,0.0,1.0,1.0,,,,,1.0,1.0,,1.0,0.0,0.0,0.0,,,,0.0,0.0,0.0,,0.0,0.0,1.0,,1.0,1.0,1.0,1.0,1.0,0.0,0.0,,0.0,,,,,1.0,1.0,0.0,1.0,0.0,,1.0,0.0,0.0,,,0.0,1.0,,1.0,1.0,1.0,1.0,1.0,0.0,1.0,,0.0,1.0,1.0,1.0,1.0,,0.0,,1.0,0.0,,,,,,,,1.0,0.0,,0.0,0.0,1.0,1.0,0.0,0.0,1.0,,1.0,1.0,1.0,0.0,,,,1.0,0.0,,,,,0.0,1.0,1.0,,,1.0,0.0,0.0,,0.0,0.0,0.0,,,0.0,1.0,0.0,0.0,,1.0,0.0,,1.0,1.0,1.0,,,1.0,,,1.0,0.0,,0.0,,,,,1.0,,1.0,1.0,1.0,1.0,1.0,1.0,,1.0,,,0.0,0.0,0.0,1.0,1.0,1.0,,,0.0,1.0,,,1.0,0.0
Vanderlei Macris,1.0,0.0,1.0,1.0,1.0,1.0,1.0,1.0,1.0,0.0,1.0,0.0,1.0,0.0,1.0,0.0,1.0,1.0,1.0,1.0,1.0,1.0,1.0,1.0,1.0,0.0,,,,,,1.0,,1.0,0.0,,1.0,0.0,1.0,,,,,,0.0,1.0,0.0,1.0,,0.0,0.0,,,,,1.0,0.0,,,0.0,,1.0,,,0.0,0.0,0.0,,,0.0,1.0,0.0,0.0,,1.0,,,1.0,,1.0,,0.0,0.0,,0.0,,,,0.0,,,1.0,,,0.0,0.0,1.0,1.0,1.0,1.0,,0.0,,1.0,1.0,0.0,0.0,1.0,0.0,0.0,,1.0,,0.0,0.0,0.0,,1.0,,,1.0,1.0,1.0,1.0,,1.0,,0.0,1.0,,0.0,0.0,,0.0,,,,,0.0,,0.0,,,,,,,,,1.0,1.0,0.0,,0.0,0.0,0.0,1.0,0.0,1.0,,0.0,0.0,,1.0,,0.0,0.0,0.0,1.0,,,,,,,,,,1.0,,,,,,,0.0,,,,0.0,0.0,0.0,0.0,1.0,1.0,,,0.0,,,,,,,,,,,1.0,0.0,,,0.0,,,,,,,0.0,,,1.0,,,1.0,1.0,1.0,,,,,,0.0,,,1.0,0.0,,,,,0.0,0.0,,,,,,1.0,0.0,0.0,,,,1.0,,1.0,1.0,,,,0.0,0.0,0.0,,0.0,0.0,,,,,,0.0,1.0,0.0,0.0,,0.0,1.0,0.0,1.0,0.0,,,,,,1.0,1.0,,,1.0,,0.0,0.0,0.0,0.0,1.0,0.0,1.0,,,,1.0,0.0,,,,0.0,,,,,,0.0,0.0,0.0,0.0,0.0,0.0,1.0,,1.0,1.0,1.0,,,,,0.0,1.0,1.0,1.0,0.0,,,,0.0,0.0,0.0,0.0,1.0,1.0,0.0,,,,,,,,,,0.0,0.0,,,0.0,0.0,0.0,1.0,,,,,,1.0,0.0,1.0,,1.0,,,0.0,0.0,0.0,1.0,,,1.0,,,,,,,,,0.0,1.0,1.0,,0.0,,1.0,,1.0,1.0,1.0
Vanessa Grazziotin,,1.0,0.0,0.0,1.0,1.0,1.0,1.0,1.0,0.0,1.0,0.0,1.0,0.0,1.0,0.0,1.0,1.0,1.0,1.0,1.0,1.0,1.0,1.0,1.0,1.0,0.0,1.0,0.0,0.0,1.0,1.0,0.0,1.0,0.0,,1.0,1.0,0.0,0.0,0.0,1.0,0.0,0.0,1.0,0.0,1.0,1.0,0.0,0.0,1.0,1.0,1.0,1.0,1.0,1.0,0.0,0.0,0.0,1.0,1.0,0.0,1.0,0.0,1.0,1.0,1.0,0.0,0.0,1.0,1.0,,,0.0,,0.0,1.0,0.0,0.0,1.0,0.0,0.0,0.0,0.0,0.0,0.0,0.0,0.0,0.0,0.0,,0.0,1.0,0.0,1.0,1.0,,1.0,0.0,0.0,1.0,1.0,,1.0,0.0,,1.0,0.0,1.0,1.0,0.0,1.0,0.0,1.0,1.0,,1.0,,1.0,0.0,1.0,1.0,0.0,1.0,,1.0,0.0,1.0,0.0,1.0,0.0,1.0,1.0,0.0,1.0,,0.0,0.0,1.0,1.0,,1.0,0.0,0.0,,0.0,0.0,0.0,1.0,1.0,0.0,1.0,0.0,1.0,1.0,1.0,0.0,1.0,1.0,1.0,1.0,1.0,1.0,0.0,0.0,1.0,1.0,1.0,1.0,0.0,,0.0,1.0,0.0,1.0,0.0,0.0,0.0,1.0,0.0,1.0,0.0,0.0,0.0,1.0,1.0,0.0,1.0,0.0,1.0,0.0,1.0,1.0,0.0,1.0,1.0,1.0,,0.0,1.0,0.0,0.0,1.0,1.0,0.0,0.0,,0.0,0.0,1.0,,0.0,1.0,0.0,,,0.0,0.0,0.0,0.0,1.0,0.0,0.0,1.0,,0.0,1.0,0.0,0.0,0.0,0.0,0.0,0.0,1.0,0.0,0.0,1.0,1.0,1.0,1.0,0.0,0.0,1.0,1.0,,1.0,0.0,0.0,0.0,0.0,1.0,1.0,,0.0,,0.0,0.0,1.0,1.0,0.0,1.0,,1.0,1.0,1.0,0.0,0.0,,0.0,1.0,0.0,1.0,0.0,1.0,1.0,0.0,1.0,0.0,1.0,1.0,0.0,,1.0,1.0,1.0,0.0,0.0,1.0,1.0,1.0,1.0,1.0,1.0,1.0,0.0,1.0,1.0,1.0,1.0,1.0,1.0,0.0,1.0,1.0,0.0,0.0,1.0,,,0.0,0.0,0.0,1.0,0.0,1.0,1.0,1.0,0.0,1.0,0.0,1.0,1.0,,1.0,1.0,1.0,0.0,0.0,0.0,1.0,1.0,0.0,1.0,,1.0,1.0,,,,0.0,0.0,1.0,0.0,0.0,0.0,0.0,0.0,0.0,0.0,,0.0,1.0,0.0,0.0,0.0,1.0,0.0,0.0,1.0,1.0,1.0,1.0,1.0,1.0,,,,1.0,1.0,0.0,,,1.0,1.0,,,,,,,1.0,1.0,0.0,,0.0,0.0,0.0,,0.0,,1.0,1.0,1.0,,0.0,,,0.0,,
Veloso,1.0,1.0,0.0,1.0,,1.0,1.0,1.0,0.0,,,0.0,1.0,,1.0,0.0,0.0,1.0,1.0,1.0,1.0,1.0,1.0,1.0,1.0,1.0,,,0.0,0.0,1.0,1.0,0.0,1.0,0.0,1.0,1.0,1.0,1.0,0.0,0.0,1.0,0.0,0.0,1.0,0.0,1.0,1.0,0.0,0.0,1.0,1.0,1.0,1.0,1.0,,0.0,,,1.0,1.0,1.0,1.0,,,1.0,1.0,,,1.0,1.0,,,,0.0,0.0,1.0,,,,,,1.0,0.0,,,,,,0.0,0.0,1.0,,0.0,,1.0,1.0,1.0,1.0,,1.0,0.0,1.0,1.0,0.0,0.0,1.0,0.0,1.0,1.0,0.0,1.0,1.0,,1.0,1.0,1.0,0.0,1.0,0.0,1.0,1.0,0.0,1.0,0.0,,0.0,1.0,0.0,1.0,0.0,1.0,1.0,0.0,1.0,0.0,0.0,0.0,,,1.0,1.0,0.0,0.0,0.0,0.0,0.0,0.0,1.0,1.0,0.0,1.0,0.0,1.0,1.0,1.0,0.0,1.0,1.0,1.0,1.0,1.0,1.0,0.0,0.0,1.0,1.0,1.0,1.0,0.0,1.0,0.0,1.0,0.0,1.0,0.0,0.0,0.0,1.0,,1.0,0.0,0.0,0.0,1.0,1.0,0.0,1.0,0.0,1.0,0.0,1.0,1.0,0.0,0.0,1.0,1.0,1.0,0.0,1.0,0.0,0.0,1.0,1.0,0.0,0.0,0.0,0.0,0.0,1.0,1.0,0.0,1.0,0.0,1.0,0.0,0.0,0.0,0.0,0.0,1.0,0.0,1.0,,0.0,0.0,1.0,0.0,0.0,0.0,0.0,0.0,0.0,1.0,0.0,0.0,,1.0,1.0,1.0,0.0,1.0,1.0,1.0,0.0,1.0,0.0,0.0,0.0,1.0,1.0,1.0,0.0,0.0,0.0,0.0,0.0,0.0,1.0,0.0,1.0,1.0,1.0,1.0,1.0,0.0,0.0,0.0,0.0,1.0,0.0,1.0,0.0,1.0,1.0,0.0,1.0,0.0,,1.0,1.0,0.0,1.0,0.0,0.0,1.0,0.0,1.0,1.0,1.0,1.0,1.0,1.0,1.0,1.0,1.0,1.0,1.0,1.0,1.0,0.0,0.0,1.0,1.0,0.0,0.0,1.0,1.0,0.0,1.0,0.0,0.0,1.0,0.0,0.0,0.0,0.0,0.0,0.0,0.0,0.0,1.0,1.0,1.0,1.0,1.0,0.0,0.0,0.0,1.0,1.0,0.0,1.0,,1.0,1.0,0.0,1.0,1.0,,0.0,1.0,0.0,0.0,,,,0.0,0.0,0.0,0.0,1.0,0.0,0.0,,1.0,0.0,0.0,1.0,1.0,1.0,1.0,1.0,1.0,0.0,0.0,1.0,1.0,0.0,0.0,1.0,1.0,1.0,1.0,,,,1.0,1.0,1.0,1.0,1.0,0.0,1.0,0.0,0.0,0.0,0.0,0.0,1.0,1.0,1.0,1.0,1.0,0.0,1.0,1.0,1.0,1.0,1.0
Vic Pires Franco,,,1.0,1.0,,,1.0,,1.0,,1.0,,1.0,0.0,1.0,1.0,1.0,1.0,1.0,1.0,1.0,1.0,1.0,1.0,1.0,0.0,,,,,,1.0,1.0,,,,,1.0,1.0,,,,,,0.0,,,1.0,,,0.0,,,,,1.0,1.0,,,0.0,,,,,0.0,0.0,0.0,,,0.0,1.0,,,,,,,,,,,1.0,,,,,,,,,,1.0,,,0.0,0.0,,,,1.0,0.0,0.0,0.0,,1.0,,,,0.0,0.0,,,1.0,0.0,0.0,,,0.0,1.0,0.0,0.0,0.0,1.0,1.0,,,,1.0,0.0,,0.0,1.0,1.0,0.0,,,,,0.0,,,,,,,,,,,0.0,,,0.0,,,,0.0,0.0,,,0.0,0.0,,1.0,,0.0,,,0.0,,,,,,,,,0.0,1.0,,,,,,0.0,0.0,,0.0,,0.0,0.0,,0.0,1.0,0.0,,,1.0,,,,,,,,,,1.0,1.0,,,,0.0,,,,,,,,,,1.0,,,,,,,,,,,,,,1.0,0.0,,1.0,,,,,,,,,,1.0,1.0,1.0,,,,,,1.0,0.0,,0.0,,,0.0,,1.0,,,,,,0.0,,0.0,,,,,1.0,,1.0,1.0,0.0,0.0,0.0,,,0.0,,1.0,1.0,1.0,,1.0,,1.0,0.0,,1.0,0.0,1.0,,,,,0.0,1.0,0.0,1.0,0.0,,,,,,,,,,,,1.0,1.0,,,,,,,,0.0,1.0,1.0,1.0,1.0,0.0,1.0,,,,,,1.0,1.0,,,,,,0.0,,,,,,,,,0.0,,0.0,1.0,1.0,,,,,1.0,0.0,1.0,0.0,1.0,,,,,,1.0,,,,,,,,,,,,,,,,,,,,,,
Vicente Arruda,,1.0,0.0,0.0,,1.0,1.0,1.0,1.0,,,0.0,,,1.0,1.0,1.0,1.0,1.0,1.0,1.0,1.0,1.0,1.0,1.0,1.0,0.0,,0.0,0.0,1.0,,0.0,1.0,0.0,1.0,1.0,1.0,1.0,0.0,0.0,1.0,0.0,0.0,1.0,0.0,1.0,1.0,0.0,0.0,1.0,1.0,1.0,1.0,1.0,,,1.0,,0.0,0.0,1.0,1.0,0.0,1.0,0.0,0.0,0.0,0.0,1.0,1.0,,0.0,0.0,,0.0,1.0,0.0,0.0,0.0,0.0,0.0,0.0,0.0,0.0,0.0,0.0,0.0,0.0,0.0,,1.0,,0.0,1.0,0.0,1.0,1.0,1.0,0.0,,,1.0,0.0,0.0,,1.0,0.0,1.0,0.0,0.0,1.0,1.0,,1.0,1.0,,1.0,1.0,0.0,1.0,1.0,0.0,1.0,0.0,,0.0,0.0,1.0,1.0,1.0,0.0,1.0,0.0,1.0,0.0,,0.0,0.0,1.0,1.0,1.0,,,,0.0,0.0,0.0,1.0,1.0,0.0,1.0,0.0,1.0,1.0,1.0,0.0,,1.0,1.0,1.0,1.0,1.0,0.0,0.0,1.0,1.0,1.0,0.0,0.0,1.0,0.0,1.0,,1.0,0.0,0.0,0.0,1.0,0.0,1.0,0.0,0.0,0.0,1.0,,0.0,1.0,0.0,1.0,0.0,0.0,1.0,0.0,0.0,1.0,1.0,1.0,0.0,1.0,0.0,0.0,1.0,1.0,,,0.0,,0.0,1.0,1.0,,,0.0,,0.0,0.0,0.0,0.0,0.0,1.0,0.0,1.0,1.0,0.0,,1.0,0.0,0.0,0.0,0.0,,,,,,1.0,1.0,,1.0,0.0,0.0,1.0,,0.0,1.0,1.0,0.0,0.0,1.0,0.0,1.0,0.0,,0.0,0.0,0.0,,1.0,0.0,1.0,1.0,1.0,1.0,1.0,0.0,,0.0,,,,,0.0,0.0,,0.0,1.0,0.0,1.0,1.0,0.0,1.0,,,,0.0,0.0,1.0,1.0,1.0,1.0,,1.0,1.0,1.0,1.0,1.0,1.0,1.0,1.0,0.0,0.0,1.0,1.0,0.0,0.0,1.0,1.0,0.0,1.0,0.0,,1.0,,0.0,0.0,0.0,0.0,0.0,0.0,0.0,1.0,1.0,,1.0,1.0,0.0,0.0,0.0,,1.0,0.0,1.0,0.0,1.0,1.0,0.0,1.0,1.0,0.0,0.0,1.0,,0.0,0.0,0.0,0.0,0.0,0.0,0.0,0.0,1.0,0.0,0.0,0.0,,0.0,0.0,1.0,1.0,1.0,,1.0,1.0,0.0,0.0,1.0,1.0,1.0,0.0,1.0,0.0,,1.0,1.0,0.0,1.0,1.0,1.0,0.0,1.0,1.0,0.0,1.0,0.0,0.0,0.0,,0.0,1.0,,,1.0,,0.0,1.0,,,,
Vicentinho,1.0,1.0,0.0,1.0,1.0,1.0,1.0,1.0,,0.0,,0.0,,,1.0,1.0,1.0,1.0,,,,,,1.0,,1.0,1.0,1.0,0.0,0.0,1.0,1.0,0.0,1.0,0.0,1.0,,1.0,0.0,0.0,0.0,,,,1.0,1.0,1.0,1.0,,0.0,1.0,1.0,1.0,1.0,1.0,,0.0,0.0,0.0,1.0,1.0,0.0,1.0,0.0,,1.0,1.0,0.0,,1.0,0.0,1.0,,,0.0,0.0,1.0,0.0,0.0,0.0,0.0,0.0,0.0,0.0,0.0,0.0,0.0,0.0,0.0,0.0,0.0,0.0,,0.0,,1.0,1.0,1.0,1.0,0.0,1.0,,,,0.0,0.0,1.0,0.0,1.0,1.0,,,0.0,1.0,1.0,,1.0,0.0,1.0,0.0,1.0,1.0,0.0,,0.0,1.0,0.0,1.0,0.0,,0.0,1.0,1.0,0.0,1.0,0.0,,0.0,0.0,1.0,1.0,1.0,0.0,0.0,0.0,0.0,,0.0,1.0,,0.0,1.0,,,,,0.0,1.0,,1.0,1.0,1.0,1.0,0.0,0.0,1.0,1.0,1.0,1.0,0.0,1.0,,1.0,0.0,1.0,0.0,,0.0,,0.0,1.0,0.0,0.0,0.0,1.0,,0.0,,0.0,1.0,,,1.0,0.0,,1.0,1.0,1.0,0.0,1.0,0.0,0.0,1.0,1.0,0.0,0.0,0.0,0.0,0.0,1.0,,0.0,1.0,0.0,1.0,0.0,,0.0,0.0,0.0,1.0,0.0,0.0,1.0,,0.0,1.0,0.0,,0.0,,0.0,,,0.0,0.0,1.0,1.0,1.0,1.0,0.0,0.0,,1.0,,,,0.0,0.0,0.0,0.0,1.0,,0.0,,0.0,0.0,,1.0,0.0,1.0,1.0,1.0,,1.0,0.0,0.0,0.0,0.0,,0.0,,0.0,,1.0,0.0,,0.0,1.0,,,0.0,1.0,0.0,0.0,0.0,0.0,1.0,1.0,1.0,,1.0,,1.0,0.0,0.0,1.0,1.0,1.0,1.0,0.0,0.0,,1.0,0.0,,1.0,1.0,0.0,1.0,,,,0.0,1.0,0.0,0.0,1.0,0.0,,0.0,1.0,0.0,,1.0,1.0,0.0,0.0,0.0,1.0,1.0,0.0,,0.0,1.0,,0.0,1.0,1.0,,0.0,1.0,0.0,0.0,,0.0,,,,,0.0,1.0,0.0,0.0,,1.0,0.0,0.0,,1.0,1.0,1.0,1.0,1.0,,,,1.0,1.0,0.0,1.0,,1.0,1.0,,,,1.0,1.0,1.0,1.0,,0.0,,0.0,0.0,0.0,0.0,,1.0,1.0,1.0,1.0,1.0,0.0,1.0,1.0,,1.0,1.0
Vicentinho Alves,1.0,1.0,0.0,0.0,1.0,,,1.0,1.0,1.0,,0.0,1.0,,,,,,1.0,1.0,1.0,1.0,1.0,1.0,1.0,1.0,0.0,1.0,0.0,0.0,1.0,1.0,,0.0,0.0,1.0,1.0,,1.0,0.0,0.0,1.0,,0.0,1.0,0.0,1.0,1.0,0.0,0.0,1.0,1.0,1.0,1.0,1.0,1.0,0.0,0.0,0.0,1.0,0.0,1.0,1.0,0.0,1.0,,,0.0,0.0,1.0,1.0,1.0,0.0,0.0,0.0,0.0,,0.0,0.0,0.0,0.0,0.0,0.0,,0.0,0.0,0.0,0.0,0.0,0.0,,1.0,1.0,0.0,1.0,,1.0,1.0,,0.0,,,0.0,0.0,0.0,0.0,,,1.0,1.0,0.0,1.0,1.0,1.0,1.0,0.0,1.0,1.0,0.0,1.0,1.0,1.0,0.0,1.0,0.0,1.0,0.0,0.0,1.0,1.0,1.0,0.0,1.0,0.0,1.0,0.0,0.0,0.0,0.0,1.0,1.0,1.0,,0.0,0.0,0.0,,0.0,1.0,,0.0,0.0,,1.0,1.0,1.0,0.0,0.0,1.0,,1.0,,1.0,0.0,,1.0,1.0,1.0,1.0,0.0,1.0,0.0,1.0,,,,,0.0,1.0,,,,,,1.0,1.0,0.0,,0.0,,,1.0,1.0,0.0,,,1.0,1.0,0.0,1.0,0.0,,1.0,1.0,0.0,0.0,0.0,0.0,0.0,1.0,1.0,0.0,1.0,0.0,,0.0,0.0,0.0,0.0,0.0,1.0,0.0,1.0,1.0,0.0,0.0,,,0.0,0.0,0.0,0.0,0.0,1.0,0.0,0.0,1.0,1.0,,1.0,,,1.0,,,1.0,0.0,0.0,0.0,1.0,1.0,1.0,,,0.0,0.0,,,,0.0,1.0,1.0,1.0,1.0,1.0,0.0,0.0,0.0,0.0,1.0,0.0,1.0,0.0,1.0,1.0,0.0,1.0,0.0,1.0,,,1.0,1.0,,,,0.0,1.0,,,1.0,1.0,1.0,1.0,,1.0,,,1.0,,,0.0,1.0,1.0,,,1.0,1.0,1.0,,0.0,0.0,1.0,,0.0,0.0,,1.0,0.0,1.0,,1.0,1.0,,,,0.0,0.0,0.0,1.0,1.0,0.0,,1.0,1.0,,0.0,1.0,1.0,0.0,0.0,,0.0,0.0,0.0,0.0,0.0,,,,0.0,1.0,0.0,0.0,0.0,,0.0,,1.0,1.0,1.0,1.0,1.0,,,,1.0,,0.0,,,1.0,1.0,1.0,1.0,0.0,1.0,1.0,1.0,1.0,,1.0,,,,,,,,,,1.0,,,,,1.0,1.0,1.0,
Vieira da Cunha,1.0,1.0,,,1.0,1.0,,1.0,1.0,0.0,,1.0,1.0,,1.0,0.0,1.0,1.0,1.0,1.0,1.0,1.0,,0.0,1.0,1.0,0.0,1.0,0.0,0.0,1.0,1.0,,1.0,1.0,1.0,,1.0,0.0,,,,0.0,0.0,,,,1.0,0.0,,1.0,1.0,1.0,1.0,1.0,1.0,0.0,,0.0,1.0,1.0,1.0,1.0,0.0,1.0,,1.0,0.0,0.0,1.0,1.0,1.0,0.0,0.0,,,1.0,1.0,0.0,,0.0,0.0,0.0,,0.0,0.0,0.0,0.0,0.0,0.0,,1.0,1.0,0.0,1.0,1.0,,,1.0,0.0,1.0,0.0,1.0,1.0,0.0,,,,1.0,1.0,1.0,1.0,1.0,,,,,0.0,1.0,0.0,1.0,1.0,0.0,1.0,,,0.0,1.0,,,,,1.0,0.0,1.0,0.0,0.0,,1.0,,1.0,1.0,0.0,0.0,0.0,0.0,0.0,0.0,1.0,,0.0,1.0,0.0,1.0,,1.0,0.0,1.0,1.0,1.0,,1.0,1.0,1.0,0.0,1.0,,1.0,1.0,0.0,,0.0,,0.0,1.0,0.0,0.0,,1.0,0.0,1.0,0.0,0.0,0.0,1.0,1.0,0.0,1.0,,1.0,0.0,0.0,1.0,1.0,0.0,1.0,1.0,1.0,0.0,1.0,0.0,0.0,1.0,1.0,0.0,0.0,0.0,0.0,,1.0,1.0,0.0,1.0,0.0,1.0,0.0,,0.0,0.0,0.0,1.0,0.0,1.0,1.0,0.0,0.0,1.0,0.0,0.0,0.0,0.0,,,1.0,0.0,0.0,1.0,,1.0,1.0,0.0,,,,0.0,1.0,0.0,0.0,0.0,0.0,0.0,,,0.0,0.0,,0.0,1.0,1.0,0.0,1.0,,,1.0,1.0,0.0,0.0,0.0,1.0,1.0,0.0,1.0,0.0,1.0,1.0,,,0.0,,1.0,0.0,0.0,1.0,,,,0.0,0.0,1.0,,0.0,1.0,1.0,1.0,0.0,0.0,1.0,1.0,,1.0,0.0,0.0,1.0,1.0,0.0,0.0,,1.0,,0.0,,,,,1.0,1.0,0.0,0.0,1.0,,0.0,,,1.0,1.0,,,0.0,0.0,1.0,1.0,,,1.0,,1.0,0.0,1.0,,0.0,,1.0,0.0,0.0,0.0,,,,,1.0,0.0,1.0,0.0,0.0,0.0,1.0,0.0,0.0,1.0,1.0,1.0,1.0,1.0,1.0,0.0,0.0,1.0,1.0,0.0,0.0,,1.0,1.0,1.0,1.0,,1.0,1.0,,1.0,1.0,1.0,0.0,1.0,0.0,0.0,0.0,0.0,0.0,,1.0,1.0,1.0,,0.0,1.0,1.0,0.0,0.0,1.0
Vignatti,1.0,1.0,0.0,1.0,,,1.0,1.0,,1.0,0.0,0.0,,,1.0,1.0,1.0,,1.0,1.0,1.0,1.0,1.0,1.0,1.0,1.0,0.0,1.0,0.0,0.0,1.0,1.0,0.0,1.0,0.0,1.0,,1.0,0.0,0.0,,1.0,0.0,0.0,1.0,0.0,1.0,,,0.0,1.0,1.0,1.0,1.0,1.0,1.0,0.0,0.0,0.0,1.0,1.0,1.0,1.0,0.0,1.0,1.0,1.0,0.0,,,0.0,1.0,0.0,0.0,,,1.0,0.0,0.0,0.0,0.0,0.0,0.0,0.0,,0.0,0.0,0.0,0.0,,,1.0,1.0,0.0,1.0,1.0,1.0,1.0,1.0,0.0,1.0,0.0,,1.0,0.0,,1.0,0.0,1.0,1.0,0.0,1.0,1.0,1.0,1.0,,1.0,0.0,1.0,0.0,1.0,1.0,0.0,1.0,0.0,1.0,0.0,1.0,0.0,1.0,,,1.0,0.0,1.0,0.0,0.0,0.0,0.0,1.0,1.0,,0.0,0.0,0.0,0.0,0.0,0.0,1.0,0.0,0.0,1.0,0.0,1.0,1.0,1.0,0.0,1.0,1.0,1.0,1.0,1.0,1.0,0.0,0.0,1.0,1.0,1.0,1.0,0.0,1.0,0.0,1.0,0.0,1.0,0.0,,0.0,1.0,0.0,1.0,0.0,,,1.0,1.0,0.0,1.0,0.0,1.0,0.0,,1.0,0.0,0.0,,1.0,1.0,0.0,,,0.0,1.0,1.0,0.0,0.0,0.0,0.0,0.0,1.0,1.0,0.0,1.0,0.0,1.0,,0.0,0.0,,,1.0,0.0,,,0.0,,1.0,0.0,0.0,0.0,0.0,0.0,0.0,,,0.0,1.0,,1.0,1.0,,,,1.0,0.0,1.0,0.0,,,,0.0,1.0,0.0,,0.0,,0.0,,1.0,0.0,1.0,,1.0,1.0,1.0,0.0,,0.0,0.0,1.0,0.0,1.0,0.0,1.0,,0.0,1.0,0.0,1.0,,0.0,0.0,1.0,,0.0,,0.0,1.0,1.0,,1.0,1.0,0.0,1.0,1.0,1.0,1.0,1.0,1.0,1.0,0.0,0.0,,1.0,,,,1.0,0.0,,0.0,0.0,,,1.0,0.0,0.0,0.0,,,,,,1.0,1.0,,,0.0,0.0,1.0,,,,0.0,,,,1.0,1.0,,,,,,,0.0,0.0,0.0,,,0.0,1.0,0.0,0.0,,1.0,0.0,0.0,1.0,1.0,1.0,,1.0,1.0,,0.0,1.0,0.0,1.0,,,,1.0,,1.0,,1.0,,1.0,1.0,1.0,1.0,0.0,1.0,0.0,0.0,0.0,0.0,0.0,1.0,1.0,1.0,1.0,1.0,,,1.0,1.0,1.0,1.0
Vilson Covatti,,1.0,0.0,1.0,,1.0,,,1.0,1.0,,0.0,1.0,,1.0,1.0,0.0,1.0,1.0,1.0,1.0,1.0,1.0,1.0,1.0,1.0,,,0.0,0.0,,1.0,,0.0,0.0,1.0,1.0,,1.0,0.0,0.0,1.0,,1.0,1.0,0.0,1.0,1.0,0.0,0.0,1.0,1.0,1.0,1.0,1.0,1.0,0.0,0.0,0.0,1.0,1.0,,1.0,0.0,1.0,,1.0,0.0,0.0,1.0,1.0,1.0,0.0,,0.0,0.0,1.0,0.0,0.0,0.0,0.0,,0.0,0.0,0.0,0.0,0.0,0.0,0.0,0.0,,1.0,1.0,0.0,,1.0,,1.0,,0.0,1.0,0.0,,1.0,0.0,0.0,1.0,0.0,1.0,1.0,0.0,1.0,1.0,,1.0,1.0,1.0,0.0,1.0,,1.0,1.0,0.0,1.0,0.0,1.0,0.0,0.0,1.0,1.0,1.0,0.0,1.0,0.0,1.0,0.0,0.0,,0.0,,1.0,1.0,0.0,0.0,0.0,,0.0,0.0,1.0,1.0,0.0,0.0,0.0,1.0,1.0,1.0,0.0,1.0,1.0,,1.0,1.0,,0.0,0.0,,1.0,1.0,1.0,0.0,1.0,0.0,,,,0.0,0.0,,1.0,0.0,,0.0,0.0,,1.0,,0.0,1.0,,1.0,0.0,0.0,0.0,1.0,0.0,1.0,1.0,1.0,0.0,1.0,0.0,0.0,1.0,1.0,0.0,0.0,0.0,0.0,0.0,1.0,1.0,0.0,1.0,0.0,1.0,0.0,0.0,0.0,,0.0,1.0,0.0,1.0,,0.0,0.0,1.0,0.0,0.0,0.0,0.0,0.0,0.0,1.0,0.0,0.0,1.0,1.0,1.0,,,1.0,1.0,1.0,0.0,,0.0,0.0,0.0,1.0,1.0,,,0.0,0.0,0.0,,,,0.0,1.0,1.0,1.0,,,0.0,0.0,0.0,0.0,,,1.0,,,,,,0.0,,1.0,,,1.0,0.0,,1.0,0.0,,,0.0,0.0,1.0,,1.0,0.0,1.0,,,1.0,1.0,,0.0,,1.0,0.0,0.0,1.0,1.0,0.0,1.0,0.0,,,,,,,,,,,1.0,1.0,1.0,1.0,1.0,0.0,0.0,,1.0,1.0,,1.0,1.0,1.0,1.0,0.0,1.0,1.0,0.0,,1.0,0.0,0.0,0.0,,0.0,0.0,0.0,1.0,0.0,,0.0,0.0,0.0,1.0,0.0,0.0,1.0,1.0,1.0,1.0,,,0.0,0.0,,1.0,0.0,1.0,1.0,1.0,1.0,,,,,1.0,1.0,1.0,1.0,,0.0,,0.0,0.0,,,,,,1.0,,,0.0,1.0,,1.0,,1.0
Vinicius Carvalho,,1.0,0.0,1.0,,1.0,1.0,1.0,1.0,1.0,0.0,,,0.0,1.0,0.0,1.0,1.0,,,1.0,1.0,1.0,1.0,1.0,1.0,0.0,1.0,0.0,0.0,,,0.0,1.0,0.0,1.0,1.0,1.0,1.0,0.0,0.0,1.0,0.0,0.0,1.0,0.0,,1.0,0.0,0.0,1.0,1.0,1.0,1.0,1.0,1.0,0.0,,0.0,1.0,1.0,0.0,1.0,0.0,1.0,1.0,1.0,0.0,0.0,1.0,0.0,,0.0,0.0,0.0,0.0,1.0,,0.0,0.0,0.0,0.0,0.0,0.0,0.0,0.0,0.0,0.0,0.0,0.0,0.0,1.0,1.0,0.0,0.0,1.0,1.0,1.0,0.0,0.0,1.0,0.0,0.0,0.0,0.0,0.0,1.0,0.0,0.0,1.0,0.0,,0.0,1.0,1.0,0.0,1.0,0.0,1.0,0.0,1.0,1.0,0.0,1.0,0.0,1.0,0.0,0.0,0.0,,1.0,0.0,,0.0,1.0,0.0,0.0,0.0,0.0,1.0,1.0,1.0,0.0,0.0,0.0,0.0,0.0,0.0,1.0,1.0,0.0,,0.0,1.0,1.0,1.0,0.0,1.0,1.0,1.0,1.0,1.0,,0.0,0.0,1.0,,1.0,1.0,0.0,1.0,,,,,,,,,0.0,1.0,0.0,0.0,0.0,1.0,1.0,0.0,1.0,0.0,1.0,0.0,1.0,1.0,,0.0,1.0,,1.0,0.0,1.0,0.0,0.0,1.0,1.0,0.0,0.0,0.0,0.0,,1.0,1.0,0.0,1.0,,1.0,0.0,0.0,0.0,0.0,0.0,1.0,0.0,1.0,1.0,0.0,0.0,,0.0,0.0,0.0,0.0,,0.0,1.0,0.0,0.0,1.0,1.0,1.0,,0.0,1.0,1.0,1.0,0.0,1.0,0.0,,0.0,0.0,0.0,,0.0,0.0,0.0,,0.0,0.0,1.0,0.0,1.0,,,1.0,1.0,0.0,0.0,0.0,0.0,1.0,0.0,,0.0,1.0,1.0,1.0,1.0,0.0,,1.0,1.0,,1.0,,0.0,1.0,,1.0,1.0,1.0,1.0,,1.0,1.0,0.0,1.0,,,0.0,1.0,0.0,0.0,1.0,,,0.0,1.0,1.0,,1.0,0.0,0.0,,0.0,0.0,,0.0,0.0,0.0,1.0,,1.0,,1.0,,1.0,0.0,0.0,0.0,1.0,1.0,1.0,1.0,,1.0,1.0,0.0,,1.0,0.0,0.0,,0.0,,0.0,0.0,0.0,,0.0,1.0,,,,,0.0,,,,,,1.0,,1.0,1.0,0.0,0.0,1.0,1.0,0.0,0.0,0.0,1.0,1.0,1.0,,,,,1.0,1.0,,1.0,0.0,1.0,,,,0.0,,1.0,1.0,1.0,1.0,1.0,0.0,,,,0.0,1.0
Virgílio Guimarães,,,1.0,,0.0,1.0,1.0,1.0,,,0.0,0.0,1.0,,,1.0,1.0,1.0,,1.0,1.0,1.0,1.0,1.0,1.0,,0.0,1.0,0.0,,1.0,1.0,,1.0,0.0,,1.0,1.0,0.0,0.0,0.0,1.0,0.0,0.0,1.0,0.0,1.0,,0.0,0.0,1.0,1.0,1.0,1.0,1.0,1.0,0.0,0.0,0.0,1.0,1.0,,1.0,0.0,1.0,1.0,1.0,0.0,0.0,1.0,0.0,1.0,0.0,0.0,0.0,,,0.0,0.0,0.0,0.0,0.0,0.0,,0.0,,,0.0,0.0,0.0,0.0,0.0,1.0,0.0,1.0,,,1.0,1.0,0.0,1.0,0.0,0.0,,0.0,,1.0,1.0,1.0,1.0,,1.0,1.0,1.0,1.0,1.0,1.0,0.0,1.0,0.0,0.0,1.0,0.0,1.0,0.0,1.0,0.0,1.0,0.0,1.0,0.0,,1.0,0.0,1.0,0.0,,0.0,,1.0,1.0,,,,,0.0,0.0,0.0,1.0,0.0,0.0,1.0,0.0,,1.0,1.0,0.0,1.0,1.0,1.0,1.0,1.0,1.0,0.0,0.0,1.0,1.0,1.0,1.0,0.0,1.0,0.0,,0.0,1.0,0.0,0.0,0.0,,,1.0,,,0.0,1.0,,0.0,1.0,1.0,,0.0,1.0,1.0,0.0,0.0,1.0,1.0,1.0,0.0,1.0,0.0,0.0,1.0,1.0,,,0.0,,0.0,1.0,1.0,0.0,1.0,0.0,,,,0.0,0.0,0.0,1.0,,0.0,1.0,0.0,0.0,1.0,0.0,0.0,,,,0.0,,0.0,0.0,,1.0,1.0,1.0,0.0,0.0,,1.0,0.0,1.0,1.0,0.0,0.0,0.0,0.0,1.0,0.0,0.0,0.0,,0.0,,1.0,,1.0,,1.0,1.0,1.0,0.0,0.0,,0.0,,,,,1.0,1.0,0.0,1.0,0.0,1.0,,0.0,0.0,1.0,0.0,0.0,0.0,0.0,1.0,1.0,1.0,1.0,,0.0,,0.0,0.0,1.0,1.0,1.0,1.0,0.0,0.0,,1.0,,,,,0.0,1.0,0.0,,1.0,,1.0,0.0,1.0,,0.0,0.0,0.0,1.0,,1.0,1.0,1.0,0.0,0.0,0.0,1.0,1.0,0.0,,,1.0,,,,1.0,,,1.0,,0.0,,1.0,0.0,,0.0,,0.0,1.0,0.0,0.0,,,0.0,,1.0,1.0,1.0,1.0,1.0,,0.0,0.0,1.0,0.0,,0.0,,1.0,1.0,1.0,1.0,0.0,1.0,1.0,1.0,,1.0,1.0,0.0,,0.0,0.0,0.0,0.0,0.0,1.0,1.0,1.0,,1.0,0.0,1.0,0.0,1.0,,1.0
Vital do Rêgo Filho,1.0,1.0,0.0,1.0,,1.0,1.0,,1.0,,0.0,0.0,1.0,0.0,1.0,,1.0,1.0,1.0,1.0,1.0,1.0,1.0,1.0,1.0,1.0,,1.0,0.0,0.0,1.0,1.0,,1.0,,,,1.0,1.0,,,1.0,0.0,0.0,1.0,,,1.0,0.0,0.0,1.0,1.0,1.0,1.0,1.0,1.0,0.0,,0.0,1.0,1.0,1.0,,,1.0,1.0,1.0,0.0,0.0,1.0,1.0,,,0.0,0.0,0.0,,0.0,0.0,0.0,0.0,,0.0,,0.0,0.0,0.0,0.0,0.0,0.0,0.0,1.0,1.0,0.0,,1.0,,1.0,1.0,0.0,1.0,0.0,,1.0,,0.0,1.0,,1.0,,0.0,,1.0,1.0,1.0,1.0,,0.0,1.0,0.0,1.0,1.0,0.0,1.0,0.0,1.0,0.0,1.0,0.0,1.0,0.0,1.0,1.0,,,0.0,0.0,0.0,1.0,1.0,1.0,1.0,0.0,0.0,0.0,0.0,0.0,0.0,1.0,0.0,0.0,1.0,0.0,1.0,1.0,1.0,,1.0,1.0,1.0,1.0,1.0,1.0,0.0,0.0,1.0,,1.0,1.0,0.0,1.0,0.0,1.0,0.0,1.0,0.0,0.0,0.0,1.0,0.0,1.0,0.0,0.0,,1.0,1.0,0.0,1.0,0.0,,,0.0,1.0,1.0,,,,1.0,0.0,1.0,0.0,0.0,1.0,1.0,0.0,0.0,0.0,0.0,0.0,1.0,1.0,0.0,1.0,,1.0,0.0,0.0,,0.0,,1.0,0.0,1.0,1.0,0.0,0.0,1.0,0.0,0.0,0.0,0.0,,0.0,,0.0,0.0,1.0,1.0,,,0.0,1.0,1.0,1.0,,1.0,,0.0,,,,,,0.0,,0.0,0.0,0.0,1.0,0.0,1.0,,,1.0,1.0,,,0.0,,1.0,,1.0,0.0,1.0,1.0,0.0,1.0,0.0,,1.0,,0.0,1.0,,,,0.0,1.0,1.0,1.0,1.0,1.0,1.0,,0.0,1.0,1.0,1.0,1.0,,1.0,0.0,1.0,,0.0,0.0,1.0,1.0,1.0,0.0,0.0,0.0,1.0,,1.0,0.0,1.0,1.0,,,,1.0,,,1.0,1.0,,0.0,0.0,,,0.0,1.0,,1.0,1.0,0.0,1.0,1.0,0.0,0.0,,0.0,0.0,0.0,,0.0,0.0,0.0,0.0,0.0,,0.0,0.0,0.0,1.0,0.0,0.0,,,,1.0,,1.0,,,,1.0,0.0,0.0,0.0,1.0,,,,0.0,,0.0,,,1.0,,0.0,1.0,0.0,0.0,,0.0,0.0,1.0,,,,1.0,0.0,,1.0,0.0,1.0,1.0
Vitor Penido,,0.0,1.0,1.0,0.0,,1.0,1.0,1.0,0.0,,0.0,1.0,0.0,1.0,0.0,1.0,1.0,1.0,1.0,1.0,1.0,1.0,1.0,1.0,1.0,,,,,,1.0,1.0,1.0,0.0,1.0,,,1.0,,,,,,0.0,1.0,1.0,1.0,,,0.0,,,,,1.0,1.0,,,0.0,1.0,,,,0.0,1.0,0.0,,,0.0,1.0,,,,,,,,,1.0,,,,,,,,,,,,,,,0.0,0.0,,1.0,1.0,1.0,0.0,0.0,0.0,1.0,,0.0,1.0,1.0,0.0,0.0,,1.0,,,,0.0,,0.0,1.0,0.0,1.0,1.0,1.0,1.0,1.0,,,1.0,0.0,,0.0,1.0,1.0,0.0,,,,,0.0,,0.0,,,,,,,,,0.0,1.0,0.0,0.0,0.0,,0.0,0.0,0.0,1.0,,0.0,0.0,,1.0,,0.0,0.0,0.0,0.0,,,,,,,,,0.0,1.0,,,,,,0.0,0.0,,,,0.0,0.0,0.0,0.0,1.0,0.0,,,0.0,,,,,,,,,,1.0,1.0,0.0,,,0.0,,,,,,1.0,,,,,,,,1.0,,,,,,,,,,,,1.0,1.0,,,0.0,0.0,,,,,,1.0,1.0,1.0,,,,1.0,,1.0,1.0,,,1.0,1.0,0.0,0.0,0.0,,,1.0,,,0.0,,0.0,,,,,,,1.0,1.0,0.0,0.0,0.0,1.0,,0.0,,1.0,,1.0,1.0,,0.0,1.0,,,1.0,,1.0,,,,,,1.0,,,,,,,,1.0,,,,0.0,0.0,0.0,1.0,,,1.0,1.0,,,,,,,,,,,1.0,,1.0,,,0.0,1.0,1.0,,,,,,0.0,,,,,,,,,,,,1.0,,1.0,,,,1.0,0.0,1.0,,1.0,,,1.0,,1.0,1.0,1.0,1.0,1.0,,,0.0,,,,,0.0,1.0,1.0,1.0,1.0,1.0,,1.0,1.0,1.0,,1.0
Waldemir Moka,1.0,1.0,0.0,,1.0,1.0,,1.0,1.0,,0.0,0.0,1.0,0.0,1.0,0.0,1.0,1.0,1.0,,,1.0,,0.0,1.0,1.0,0.0,1.0,0.0,0.0,,1.0,,1.0,0.0,1.0,1.0,1.0,1.0,,0.0,1.0,,0.0,1.0,,1.0,1.0,,,1.0,1.0,1.0,1.0,1.0,,0.0,0.0,0.0,1.0,1.0,1.0,1.0,,1.0,1.0,1.0,0.0,0.0,1.0,1.0,,,0.0,0.0,,,,,,,,0.0,0.0,0.0,0.0,0.0,0.0,0.0,0.0,,1.0,1.0,0.0,1.0,1.0,1.0,1.0,1.0,0.0,,0.0,1.0,,,0.0,1.0,,1.0,1.0,,1.0,0.0,,1.0,1.0,1.0,0.0,1.0,0.0,1.0,1.0,0.0,1.0,,,,0.0,,1.0,0.0,1.0,1.0,,,0.0,0.0,,1.0,,,1.0,0.0,,0.0,0.0,0.0,0.0,1.0,1.0,,,0.0,,1.0,1.0,0.0,1.0,1.0,,1.0,,1.0,,0.0,1.0,1.0,1.0,1.0,0.0,1.0,,1.0,,1.0,0.0,0.0,0.0,1.0,,1.0,0.0,,0.0,,,,,,1.0,0.0,0.0,0.0,,0.0,1.0,,,,,,,,,,,0.0,,,1.0,1.0,0.0,1.0,,,,0.0,,,,,,1.0,1.0,0.0,,,,,0.0,0.0,,0.0,1.0,,,1.0,1.0,1.0,1.0,,1.0,,1.0,,,,,0.0,1.0,1.0,1.0,0.0,0.0,0.0,0.0,0.0,0.0,1.0,,1.0,1.0,1.0,1.0,1.0,0.0,0.0,0.0,1.0,,,,,1.0,1.0,0.0,,0.0,1.0,,1.0,1.0,1.0,0.0,0.0,1.0,0.0,1.0,1.0,1.0,1.0,1.0,1.0,,1.0,1.0,1.0,1.0,1.0,1.0,0.0,0.0,1.0,1.0,,0.0,1.0,,1.0,1.0,0.0,,1.0,1.0,0.0,0.0,0.0,1.0,1.0,0.0,,1.0,1.0,1.0,1.0,1.0,0.0,0.0,0.0,1.0,1.0,0.0,1.0,1.0,,1.0,0.0,1.0,1.0,0.0,,1.0,,,0.0,0.0,0.0,0.0,0.0,1.0,0.0,1.0,0.0,0.0,0.0,1.0,0.0,0.0,1.0,1.0,,,,1.0,,0.0,1.0,1.0,,0.0,1.0,1.0,1.0,1.0,1.0,0.0,1.0,,1.0,1.0,1.0,1.0,0.0,,0.0,0.0,0.0,0.0,0.0,1.0,1.0,,1.0,1.0,0.0,1.0,1.0,,1.0,1.0
Waldir Maranhão,1.0,1.0,0.0,,,,1.0,,1.0,0.0,0.0,,,,,1.0,0.0,,1.0,1.0,1.0,1.0,1.0,1.0,1.0,1.0,,1.0,0.0,0.0,1.0,,,,,1.0,,,0.0,0.0,,1.0,0.0,1.0,1.0,0.0,1.0,1.0,0.0,0.0,1.0,1.0,1.0,1.0,1.0,,0.0,0.0,0.0,1.0,1.0,,1.0,0.0,1.0,1.0,1.0,0.0,0.0,,,1.0,0.0,0.0,,0.0,1.0,0.0,0.0,0.0,0.0,0.0,0.0,,0.0,0.0,0.0,0.0,0.0,0.0,0.0,1.0,1.0,0.0,1.0,1.0,,1.0,1.0,0.0,1.0,0.0,0.0,0.0,,,,,1.0,1.0,0.0,1.0,0.0,1.0,1.0,1.0,1.0,0.0,1.0,0.0,1.0,1.0,0.0,1.0,,,0.0,0.0,1.0,1.0,1.0,0.0,1.0,0.0,1.0,0.0,0.0,,0.0,1.0,,1.0,0.0,0.0,0.0,0.0,,0.0,1.0,1.0,0.0,0.0,0.0,1.0,1.0,1.0,0.0,1.0,1.0,,1.0,1.0,1.0,0.0,0.0,1.0,1.0,1.0,1.0,0.0,1.0,,,,,,,,,0.0,1.0,0.0,0.0,,1.0,1.0,0.0,1.0,0.0,,,,0.0,1.0,0.0,1.0,,1.0,0.0,1.0,0.0,,1.0,1.0,0.0,0.0,0.0,0.0,0.0,1.0,1.0,0.0,1.0,0.0,1.0,0.0,0.0,,,0.0,1.0,0.0,1.0,1.0,0.0,,,0.0,0.0,,,,0.0,,0.0,0.0,,,1.0,1.0,0.0,,,1.0,0.0,1.0,0.0,,0.0,1.0,0.0,0.0,,0.0,0.0,0.0,0.0,0.0,1.0,0.0,1.0,1.0,1.0,,1.0,,,,0.0,1.0,,1.0,,,,,,,1.0,,,,,,,,,,,,,,,,,,,,,,,,,,,,,,,,,,,,,,,,,,,,,,,,,,,,,,,,,,,,,,,,,,,,,,,,,,,,,,,,,,,,,1.0,,,,,,,,,1.0,,1.0,0.0,1.0,,1.0,1.0,,1.0,0.0,1.0,0.0,,,,,1.0,1.0,1.0,1.0,,0.0,1.0,1.0,1.0,1.0,1.0
Waldir Neves,,,1.0,,,,1.0,,1.0,,,0.0,,,,,,,,,,,,,,0.0,,,,,,1.0,,,,,,,1.0,,,,,,,,,,,,0.0,,,,,1.0,0.0,,,1.0,1.0,,,,0.0,0.0,,,,0.0,1.0,,,,1.0,,,,,,,1.0,0.0,,,,,,,,0.0,1.0,,,0.0,,,,1.0,1.0,0.0,0.0,0.0,1.0,,,,,0.0,0.0,,1.0,1.0,0.0,0.0,0.0,,1.0,1.0,0.0,1.0,1.0,1.0,1.0,,1.0,,0.0,1.0,,0.0,0.0,1.0,,,,,,,,,,,,,,,,,1.0,,,,0.0,,0.0,1.0,0.0,1.0,,0.0,0.0,,1.0,,0.0,,0.0,1.0,,,,,,,,,,,,,,,,0.0,,,0.0,,0.0,0.0,0.0,0.0,,1.0,0.0,,0.0,,,,,,,,,,,1.0,0.0,,,,,,,,,,0.0,,,1.0,1.0,0.0,1.0,,1.0,,,,,,,,,,,,1.0,,,0.0,0.0,,,,,,,,,,,,,,1.0,0.0,,,,,0.0,0.0,0.0,,0.0,,,,,,0.0,0.0,1.0,0.0,,1.0,,,,,,,,,,,,,1.0,,,,,,,,,,,,,,,,,,,,,,,1.0,0.0,,0.0,,,,,,,,,,,,,,,,,,,,,,,,,,,,,,,,,,,,,,,,,,,,,,,,,,,,,,,,,,,,,,,,,,,,,,,,,,,,,,,,,,
Walter Brito Neto,,,,,,,,,,,,,,,,,,,,,,,,,,,,,,,,,,,,,,,,0.0,,,,0.0,,,,,,,,,,,,1.0,,,,,,,,,,,,,,,,,,,,,,,,,,,,,,,,,,,,,,,,,,,,,,,,,,,,,,,,,,,,,,,,,,,,,,1.0,,,,,,,,,,,,,,,,,,,,,0.0,,,1.0,,0.0,0.0,1.0,,1.0,,1.0,1.0,,,1.0,1.0,,0.0,1.0,,,,0.0,1.0,,,,,,,,,0.0,,,0.0,0.0,,1.0,0.0,1.0,0.0,1.0,,0.0,1.0,0.0,,1.0,,1.0,0.0,,,,,,0.0,,0.0,0.0,,1.0,1.0,0.0,1.0,,,,,,0.0,0.0,1.0,,,,,,,,,0.0,0.0,0.0,,1.0,0.0,0.0,,,,,0.0,,1.0,,0.0,1.0,0.0,0.0,,,,,,,,,,,,,,,,,,,,,,,,,,,,,,,,,,,,,,,,,,,,,,,,,,,,,,,,,,,,,,,,,,,,,,,,,,,,,,,,,,,,,,,,,,,,,,,,,,,,,,,,,,,,,,,,,,,,,,,,,,,,,,,,,,,,,,,,,,,,,,,,,,,,,,,,
Walter Feldman,,,,,,,,,,,,,,0.0,1.0,,,,1.0,1.0,1.0,1.0,1.0,1.0,1.0,,,,,,,,,,,,,,,,,,,,,,,,,,,,,,,,,,,,,,,,,,,,,,,,,,,,,,,,,,,,,,,,,,,,,,,,,,,,,,,,,,,,,,,,,,,,,,,,,,,,,,,,,,,,,,,,,,,,,,,,,,,,,,,,,,,,,,,,,,,,,,,,,,,,,,,,,,,,,,,,,,,,,,,,,,,,,,,,,,,,,,,,,,,,,,,,,,,,,,,,,,,,,,,,,,,,,,,,,,,,,,,,,,,,,,,,,,,,,,,,,,,,,,,,,,,,,,,,,,,,,,,,,,,,,,,,,,,,,,,,,,,,,,,,,,,,,,,,,,,,,,,,,,,,,,,,,,,,,,,,,,,,,,,,,,,,,,,,,,,,,,,0.0,,1.0,0.0,,,,0.0,0.0,0.0,,,,,,,0.0,,,,,,,,,,,,,,,,
Walter Ihoshi,1.0,0.0,1.0,,,1.0,1.0,,1.0,0.0,0.0,,1.0,0.0,1.0,1.0,1.0,1.0,1.0,1.0,1.0,1.0,1.0,1.0,1.0,,,,,,,1.0,,,,1.0,,1.0,1.0,,,,,,0.0,1.0,,1.0,,,0.0,,,,,1.0,1.0,,,0.0,1.0,1.0,,,0.0,0.0,0.0,,,0.0,,,,,,,,,,1.0,,,,,,,1.0,1.0,,,,1.0,,,0.0,0.0,1.0,1.0,1.0,,,,,,1.0,0.0,,1.0,,,,,,0.0,0.0,0.0,,0.0,1.0,0.0,,,,1.0,,1.0,,1.0,0.0,,0.0,1.0,,0.0,,,,,0.0,,1.0,,,,,,,,,0.0,1.0,,0.0,0.0,0.0,0.0,,0.0,1.0,0.0,0.0,,,1.0,,0.0,0.0,0.0,1.0,,,,,,,,,,1.0,,,,,,,0.0,,0.0,,,,,,,0.0,,,0.0,,,,,,,,,,1.0,1.0,0.0,,,,,,,,,,,,,1.0,1.0,,,1.0,,,,,,,0.0,,,1.0,,1.0,,,1.0,,0.0,,,,,,,1.0,,,,,,,1.0,0.0,,0.0,1.0,1.0,,,1.0,,,1.0,,,,,,,,,,,1.0,,,,0.0,0.0,1.0,,,1.0,1.0,1.0,,1.0,,0.0,,,,,0.0,1.0,,,,,0.0,,0.0,1.0,0.0,,,,,1.0,0.0,0.0,1.0,0.0,0.0,0.0,1.0,1.0,1.0,,1.0,1.0,,,,0.0,1.0,,,,0.0,1.0,0.0,0.0,,,0.0,1.0,1.0,,,,,,,,,,,,,,,0.0,0.0,0.0,1.0,1.0,,,,0.0,1.0,,1.0,0.0,1.0,,,,,,1.0,1.0,1.0,1.0,,,,,,,,1.0,0.0,1.0,1.0,,,,1.0,1.0,0.0,1.0,1.0
Walter Pinheiro,1.0,1.0,,,,,1.0,,1.0,,,,,0.0,1.0,1.0,1.0,1.0,,,,,,1.0,1.0,1.0,,1.0,0.0,0.0,1.0,,,,,1.0,,,0.0,0.0,0.0,1.0,0.0,0.0,1.0,0.0,,1.0,0.0,0.0,1.0,1.0,1.0,1.0,1.0,,0.0,0.0,0.0,1.0,,,1.0,,1.0,1.0,1.0,0.0,0.0,1.0,0.0,1.0,0.0,0.0,0.0,0.0,1.0,0.0,0.0,0.0,0.0,0.0,0.0,0.0,0.0,0.0,0.0,0.0,0.0,0.0,0.0,0.0,1.0,0.0,1.0,1.0,,1.0,1.0,,1.0,0.0,,,0.0,,,,1.0,1.0,0.0,1.0,0.0,1.0,1.0,,1.0,0.0,,0.0,1.0,1.0,0.0,1.0,0.0,,0.0,1.0,0.0,1.0,0.0,1.0,1.0,0.0,1.0,0.0,0.0,0.0,0.0,1.0,,1.0,0.0,0.0,0.0,0.0,0.0,0.0,1.0,1.0,0.0,,0.0,1.0,1.0,1.0,,1.0,1.0,,1.0,,1.0,0.0,0.0,,,1.0,1.0,0.0,1.0,,,,,,,,,,1.0,0.0,0.0,0.0,1.0,,,1.0,0.0,1.0,0.0,1.0,,0.0,,1.0,,1.0,,1.0,,,,1.0,,,,,0.0,1.0,1.0,0.0,1.0,1.0,,0.0,,,,,,,0.0,,0.0,0.0,,,,,,,0.0,,0.0,0.0,,,,,,,1.0,1.0,,1.0,0.0,0.0,,,,,0.0,,0.0,,,,,,,,,,,,,,,,,,,,,,,,,,,,,,,,,,,,,,,,,,,,,,,,,,,,,,,,,,,,,,,,,,,,,,,,,,,,,,,,,,,,,,,,,,,,,,,,,,,,,,,,,,,,,1.0,,,,0.0,,0.0,,1.0,,,1.0,0.0,1.0,,1.0,1.0,,1.0,0.0,1.0,0.0,0.0,0.0,0.0,0.0,,1.0,1.0,1.0,1.0,,,1.0,,1.0,1.0
Wandenkolk Gonçalves,1.0,0.0,1.0,0.0,1.0,1.0,1.0,1.0,1.0,,,,1.0,0.0,1.0,0.0,1.0,1.0,1.0,1.0,1.0,1.0,1.0,1.0,1.0,0.0,,1.0,,,,1.0,1.0,1.0,0.0,1.0,,1.0,0.0,,,,,,0.0,1.0,,,,,0.0,,,,,1.0,0.0,1.0,1.0,0.0,1.0,1.0,,,0.0,1.0,0.0,,,0.0,1.0,0.0,0.0,,1.0,0.0,,1.0,,1.0,0.0,0.0,0.0,,0.0,0.0,0.0,1.0,,,0.0,,,,0.0,0.0,1.0,1.0,1.0,1.0,0.0,0.0,0.0,1.0,1.0,0.0,1.0,1.0,0.0,0.0,,1.0,1.0,0.0,0.0,0.0,,1.0,1.0,0.0,,1.0,,1.0,0.0,,,,1.0,,,,1.0,1.0,,,,,0.0,,1.0,,,,,,,,,0.0,1.0,0.0,,,,,1.0,0.0,1.0,1.0,0.0,0.0,,1.0,,,,,1.0,0.0,,,,,,,,0.0,1.0,,,,,,0.0,0.0,,0.0,,,,0.0,0.0,1.0,1.0,0.0,,1.0,,,,,,,,,,,,,,,0.0,,,,,,,0.0,,,1.0,1.0,,1.0,1.0,,,,,1.0,,0.0,,1.0,1.0,,1.0,1.0,,1.0,0.0,0.0,1.0,,,1.0,,1.0,1.0,1.0,,1.0,,,,1.0,0.0,,,,,0.0,0.0,0.0,0.0,0.0,,,,,1.0,0.0,0.0,1.0,0.0,,1.0,1.0,1.0,,0.0,0.0,0.0,1.0,,0.0,1.0,,1.0,1.0,1.0,1.0,0.0,1.0,,0.0,,0.0,1.0,1.0,,,1.0,0.0,1.0,1.0,,0.0,,,,,,,,,,,,1.0,1.0,,,,1.0,1.0,,,0.0,1.0,,1.0,,,0.0,0.0,0.0,,0.0,,1.0,1.0,,,,,,1.0,,,,,,0.0,,,0.0,0.0,0.0,,1.0,1.0,,,,1.0,,1.0,0.0,1.0,,,0.0,,0.0,,1.0,1.0,1.0,,,0.0,,,,,1.0,,,,0.0,,,,,1.0,1.0,
Washington Luiz,,,,1.0,1.0,,,1.0,,,,,,,,,,,,,,,,,,,,,,,,,0.0,1.0,0.0,,1.0,1.0,,,,,,,,,,,,,,,,,,,,,,,,,,,,,,,,,,,,,,,,,,,,,,,,,,,,,,,,,,,,,,,,,,,,0.0,1.0,0.0,,,,,,,,,,,,,,,,,,,,,,,,,,,,,,,,,,,,,,,,,,,,,,,,,,,,,,,,,,,,,,,,,,,,,,0.0,1.0,,,,,,,,,,,,,,,,,,,,,,,,,,,,,,,,,,,,,,,,,,,,,,,,1.0,,,,,,,,,,1.0,1.0,,,,0.0,,,,,,,,,,,,,,,,,,,,,,,,,0.0,0.0,,,,,,1.0,1.0,0.0,1.0,0.0,,,0.0,,1.0,0.0,0.0,0.0,0.0,1.0,,1.0,,,0.0,,0.0,0.0,1.0,1.0,1.0,1.0,0.0,0.0,1.0,1.0,,,,1.0,0.0,1.0,0.0,,,0.0,1.0,,,1.0,0.0,0.0,0.0,1.0,0.0,1.0,,1.0,0.0,0.0,0.0,1.0,1.0,0.0,,0.0,1.0,,,,,0.0,,,,0.0,0.0,0.0,,,0.0,,,,,,0.0,,,,1.0,1.0,1.0,1.0,1.0,,0.0,0.0,1.0,,,,,,,,,,,1.0,,,1.0,,,,,,,,,,,,,,,,,,,
Wellington Fagundes,,,0.0,,1.0,,1.0,1.0,,1.0,,0.0,1.0,,1.0,1.0,1.0,,1.0,,1.0,,,1.0,1.0,1.0,0.0,1.0,0.0,,,1.0,0.0,1.0,0.0,1.0,,,1.0,,0.0,1.0,0.0,,1.0,0.0,1.0,1.0,,0.0,,,,,,,,0.0,,,,,,0.0,,,,,,1.0,,1.0,,,,,,0.0,,,,,0.0,0.0,,,0.0,,,,,1.0,,,,1.0,,,1.0,,,,,,,0.0,1.0,0.0,,1.0,0.0,1.0,,,1.0,1.0,1.0,,,1.0,1.0,,0.0,,,1.0,,0.0,,,1.0,0.0,1.0,0.0,,,0.0,,,,1.0,,,,,,,0.0,,1.0,,,,,1.0,1.0,,,1.0,1.0,,1.0,1.0,,0.0,,1.0,,1.0,0.0,,0.0,,,,,,,1.0,,1.0,0.0,,,,1.0,,,,1.0,,,0.0,,0.0,,,1.0,,,0.0,0.0,1.0,1.0,,,0.0,,,1.0,1.0,,,,,,,,,0.0,,,1.0,1.0,,,1.0,,,,,,,,,,,,,,,,,1.0,1.0,1.0,0.0,0.0,,,,,,0.0,0.0,,,,,,1.0,,1.0,,,0.0,,0.0,0.0,1.0,0.0,,,,1.0,,,,,,1.0,,,,,,,,,1.0,,1.0,,,,,,,1.0,,,,1.0,1.0,,,,,,,,,,,,,,,,,,,,,,1.0,,,,,,,,,,,,1.0,1.0,0.0,,0.0,0.0,0.0,0.0,,0.0,0.0,,1.0,,,,,0.0,,0.0,,,,,,1.0,,,0.0,,1.0,,1.0,,1.0,,,1.0,,1.0,,,1.0,,,,,,,,,,,1.0,1.0,1.0,1.0,0.0,1.0,1.0,1.0,1.0,1.0
Wellington Roberto,1.0,1.0,,1.0,,1.0,1.0,1.0,1.0,1.0,0.0,0.0,,,,1.0,1.0,1.0,1.0,1.0,1.0,1.0,1.0,1.0,1.0,1.0,0.0,1.0,0.0,,1.0,1.0,,1.0,0.0,1.0,1.0,1.0,,,0.0,,0.0,0.0,1.0,0.0,1.0,,0.0,0.0,1.0,1.0,1.0,1.0,1.0,,0.0,0.0,0.0,,,1.0,1.0,0.0,,,1.0,0.0,0.0,1.0,1.0,,,0.0,,,,,,,,0.0,0.0,,0.0,0.0,0.0,0.0,,0.0,0.0,1.0,1.0,0.0,1.0,1.0,1.0,1.0,,0.0,1.0,,,,,,,,1.0,1.0,0.0,1.0,1.0,,1.0,,1.0,,,,1.0,1.0,0.0,1.0,,1.0,0.0,,1.0,,,,1.0,0.0,1.0,0.0,0.0,0.0,0.0,1.0,1.0,,,0.0,,0.0,,,,1.0,0.0,1.0,0.0,,1.0,1.0,,1.0,1.0,,,1.0,1.0,0.0,0.0,,1.0,1.0,1.0,0.0,,0.0,1.0,,,,0.0,0.0,1.0,,,0.0,,0.0,,,,1.0,0.0,1.0,,,,0.0,0.0,1.0,1.0,1.0,,1.0,0.0,0.0,1.0,1.0,0.0,0.0,0.0,0.0,0.0,1.0,1.0,0.0,1.0,0.0,,0.0,,,,,1.0,,,,0.0,,1.0,,0.0,0.0,0.0,0.0,,1.0,,,,1.0,1.0,,,0.0,1.0,,1.0,1.0,0.0,0.0,0.0,,1.0,1.0,0.0,0.0,0.0,0.0,0.0,0.0,1.0,,1.0,,1.0,1.0,,0.0,0.0,0.0,0.0,1.0,0.0,1.0,0.0,1.0,1.0,0.0,1.0,,1.0,1.0,1.0,,1.0,,0.0,1.0,0.0,,1.0,1.0,1.0,1.0,1.0,1.0,,1.0,,1.0,1.0,1.0,,0.0,1.0,1.0,,,,,0.0,,,0.0,1.0,0.0,0.0,0.0,,0.0,0.0,1.0,0.0,,,,1.0,1.0,0.0,0.0,0.0,1.0,,0.0,,,,1.0,0.0,1.0,1.0,0.0,,1.0,,,0.0,0.0,0.0,0.0,,,,1.0,0.0,0.0,0.0,0.0,0.0,,1.0,1.0,1.0,1.0,1.0,,,,1.0,,,,1.0,1.0,,1.0,1.0,0.0,1.0,1.0,,,1.0,1.0,0.0,,0.0,0.0,,0.0,,,1.0,,1.0,1.0,0.0,1.0,1.0,1.0,1.0,1.0
William Woo,,0.0,1.0,,,1.0,1.0,1.0,1.0,0.0,1.0,,,0.0,1.0,1.0,1.0,1.0,1.0,1.0,1.0,1.0,1.0,0.0,1.0,0.0,,1.0,,,,,,,,1.0,,1.0,1.0,,,,,,0.0,1.0,0.0,1.0,,,0.0,,,,,1.0,0.0,,,0.0,1.0,,,,0.0,0.0,0.0,,,0.0,1.0,0.0,0.0,,1.0,0.0,0.0,1.0,,1.0,0.0,1.0,0.0,0.0,0.0,0.0,0.0,1.0,0.0,0.0,0.0,,1.0,0.0,0.0,0.0,,1.0,1.0,,0.0,,,,1.0,,,0.0,,,,,0.0,0.0,0.0,0.0,,1.0,,1.0,1.0,1.0,1.0,1.0,,,,0.0,1.0,1.0,1.0,0.0,0.0,1.0,,,,,1.0,,1.0,,,,,,,,,0.0,1.0,,,0.0,0.0,0.0,,0.0,1.0,,0.0,,,1.0,,0.0,,0.0,1.0,,,,,,,,,0.0,1.0,,,,1.0,,0.0,,,,,,,,,,1.0,0.0,1.0,0.0,,,,,,,,,,,,0.0,,,,,,,,,,,,,,,,,1.0,,,,,,,0.0,,,,,1.0,1.0,,,,0.0,,,,,,1.0,1.0,1.0,,,,1.0,,,,,0.0,,1.0,,,0.0,0.0,0.0,1.0,,,0.0,,,0.0,1.0,0.0,,1.0,1.0,1.0,,,0.0,1.0,0.0,,,1.0,0.0,,,,,,,,,,,1.0,,,1.0,1.0,0.0,1.0,,,,,,,1.0,,,,,1.0,,0.0,1.0,1.0,,,,1.0,,,,,1.0,,,,,,1.0,,0.0,,0.0,1.0,,0.0,,,,,1.0,,,,,0.0,,,,,,,,1.0,1.0,,,,1.0,0.0,1.0,,,,,,,,1.0,,,1.0,,,0.0,1.0,,,,,0.0,,,,,,1.0,,,,1.0
Wilson Braga,1.0,1.0,,1.0,1.0,1.0,1.0,,1.0,1.0,0.0,,,,,1.0,,,,,,,,,,,,,0.0,,1.0,,,,,1.0,,,,,,,,0.0,,,1.0,,0.0,,,,,,,,0.0,1.0,,,,,1.0,0.0,1.0,,0.0,0.0,0.0,,,,0.0,,0.0,0.0,,,,,,0.0,0.0,0.0,,0.0,0.0,,0.0,,0.0,0.0,,0.0,,,,,,,1.0,,,,0.0,,,,1.0,,,,,1.0,1.0,,,,1.0,,1.0,1.0,,1.0,0.0,,,,0.0,1.0,,,,,,,,0.0,1.0,,,1.0,,,0.0,0.0,,0.0,1.0,,0.0,1.0,,,,,,1.0,1.0,,,1.0,1.0,0.0,,,1.0,,1.0,,1.0,,1.0,,1.0,,,0.0,1.0,1.0,,0.0,,0.0,1.0,1.0,,,0.0,1.0,0.0,,1.0,,0.0,,,,,1.0,0.0,0.0,1.0,,0.0,,,,0.0,1.0,1.0,0.0,1.0,,1.0,,,0.0,,,,,1.0,1.0,,0.0,1.0,,0.0,,0.0,0.0,,1.0,,0.0,1.0,,,1.0,,1.0,,,,,,0.0,,,,,,0.0,,,0.0,0.0,1.0,0.0,,1.0,1.0,1.0,1.0,,0.0,0.0,,1.0,,,0.0,,,,,,,1.0,0.0,,1.0,1.0,,,0.0,1.0,,,,,1.0,1.0,1.0,1.0,,,1.0,,,0.0,,,0.0,,,,,,,,,,0.0,0.0,0.0,0.0,,,,,,,,,,,,,,,,1.0,,1.0,0.0,1.0,,,0.0,1.0,0.0,,,0.0,0.0,0.0,,,0.0,1.0,0.0,,,,0.0,0.0,,,,,1.0,,,,,0.0,1.0,1.0,1.0,,,,1.0,0.0,1.0,,1.0,1.0,1.0,1.0,,,,,,,,,,,,,,,,,1.0,1.0
Wilson Picler,,,,1.0,1.0,1.0,,1.0,,0.0,,1.0,1.0,0.0,1.0,0.0,1.0,1.0,,,,,,,,,,,,,,1.0,0.0,1.0,0.0,1.0,1.0,1.0,,,,,,,,,,,,,,,,,,,,,,,,,,,,,,,,,,,,,,,,,,,,,,,,,,,,,,,,,,,,,,,,,,,,0.0,1.0,0.0,,,,,,,,,,,,,,,,,,,,,,,,,,,,,,,,,1.0,,,,,,,,,,,,,,,,,,,,,,,,,,,,,,,0.0,1.0,,1.0,0.0,,,1.0,,,,,,,,,,,,,,,,,,1.0,,,,,,,,,,,,,,,,,,,,,,,,,,,,,,1.0,,,,,,,,,,1.0,1.0,,,,,,,,,,,,,,,,,,,,,,,,,,,,,,,,,,1.0,,0.0,1.0,0.0,1.0,0.0,,1.0,0.0,0.0,1.0,0.0,0.0,1.0,0.0,0.0,1.0,0.0,1.0,1.0,,0.0,,,1.0,1.0,,1.0,0.0,,1.0,1.0,0.0,,,,1.0,1.0,,0.0,1.0,0.0,0.0,0.0,0.0,0.0,1.0,0.0,0.0,,,1.0,1.0,1.0,,,0.0,1.0,1.0,,1.0,1.0,1.0,1.0,0.0,1.0,1.0,,,1.0,,0.0,,0.0,,0.0,0.0,,0.0,1.0,0.0,0.0,,1.0,0.0,0.0,1.0,1.0,1.0,,1.0,1.0,0.0,0.0,1.0,1.0,1.0,0.0,1.0,1.0,1.0,1.0,,0.0,,,1.0,1.0,1.0,1.0,0.0,1.0,0.0,,0.0,0.0,,,1.0,1.0,,0.0,,1.0,,,,1.0
Wilson Santiago,1.0,,0.0,1.0,0.0,1.0,1.0,1.0,,1.0,0.0,0.0,,0.0,,0.0,1.0,1.0,1.0,1.0,1.0,1.0,1.0,1.0,1.0,1.0,,1.0,0.0,0.0,1.0,1.0,0.0,1.0,0.0,,1.0,1.0,1.0,,0.0,1.0,,0.0,1.0,0.0,1.0,,0.0,,1.0,1.0,1.0,1.0,1.0,1.0,0.0,,0.0,1.0,1.0,1.0,,0.0,1.0,1.0,1.0,0.0,0.0,1.0,0.0,1.0,0.0,0.0,,0.0,1.0,0.0,0.0,0.0,0.0,,0.0,0.0,,0.0,0.0,,0.0,0.0,0.0,0.0,1.0,,,,,,,0.0,1.0,0.0,0.0,0.0,,0.0,1.0,0.0,1.0,1.0,0.0,1.0,0.0,,1.0,1.0,,0.0,1.0,,1.0,,0.0,1.0,0.0,1.0,,1.0,0.0,1.0,0.0,1.0,1.0,0.0,1.0,,0.0,,0.0,1.0,1.0,1.0,0.0,0.0,0.0,0.0,0.0,0.0,1.0,1.0,0.0,,0.0,,1.0,1.0,,1.0,1.0,,,1.0,1.0,,0.0,1.0,1.0,1.0,1.0,,1.0,0.0,1.0,0.0,1.0,0.0,0.0,0.0,1.0,0.0,,,0.0,,,,,1.0,0.0,1.0,0.0,1.0,1.0,,0.0,1.0,1.0,1.0,,,0.0,0.0,1.0,,0.0,,0.0,0.0,0.0,1.0,,,1.0,0.0,1.0,0.0,,0.0,0.0,,,,0.0,1.0,0.0,0.0,,0.0,0.0,0.0,0.0,0.0,,,,,1.0,1.0,1.0,,,1.0,,,0.0,1.0,0.0,,,,,,0.0,0.0,0.0,0.0,0.0,0.0,1.0,0.0,,1.0,1.0,,,0.0,0.0,0.0,0.0,1.0,0.0,1.0,,,,,,0.0,,1.0,0.0,0.0,1.0,0.0,0.0,0.0,0.0,,1.0,0.0,1.0,1.0,0.0,1.0,,0.0,1.0,1.0,1.0,1.0,,0.0,,1.0,0.0,,1.0,1.0,,1.0,0.0,,1.0,0.0,1.0,0.0,1.0,1.0,0.0,0.0,0.0,1.0,,,,1.0,0.0,0.0,0.0,1.0,1.0,0.0,,,,,,1.0,1.0,,0.0,,0.0,,,0.0,0.0,0.0,0.0,,0.0,1.0,0.0,0.0,,1.0,0.0,0.0,1.0,1.0,1.0,,1.0,1.0,0.0,0.0,,1.0,,,,1.0,1.0,1.0,,0.0,,,,,1.0,1.0,0.0,1.0,,,,0.0,,1.0,,,1.0,,0.0,1.0,1.0,,,
Wladimir Costa,1.0,,0.0,1.0,1.0,1.0,1.0,,1.0,,0.0,,1.0,,1.0,0.0,0.0,1.0,,,,,1.0,,1.0,1.0,,,0.0,,1.0,1.0,,0.0,1.0,,1.0,1.0,,0.0,,1.0,0.0,,1.0,0.0,,1.0,,1.0,1.0,1.0,1.0,1.0,1.0,,,,,1.0,,,,0.0,1.0,,1.0,0.0,,1.0,1.0,,0.0,,0.0,,1.0,0.0,0.0,0.0,,,,,0.0,,0.0,0.0,0.0,0.0,0.0,1.0,1.0,,,1.0,,1.0,,,,0.0,,1.0,,0.0,1.0,0.0,1.0,1.0,0.0,,0.0,1.0,1.0,1.0,,0.0,1.0,0.0,1.0,1.0,0.0,,,,,1.0,0.0,1.0,0.0,1.0,1.0,0.0,1.0,,,,1.0,1.0,,,,,,,,,1.0,0.0,,1.0,,,,1.0,,1.0,1.0,,1.0,,1.0,0.0,,1.0,,1.0,1.0,,1.0,0.0,1.0,0.0,1.0,0.0,0.0,0.0,,0.0,1.0,0.0,,0.0,,1.0,,,,,,0.0,0.0,,,1.0,,,,,,,,1.0,,,0.0,0.0,,1.0,,0.0,1.0,,1.0,0.0,,,,,,,1.0,0.0,,,1.0,,0.0,,0.0,0.0,,,0.0,,,1.0,,,,,,1.0,,1.0,,0.0,,,,,0.0,,,0.0,,,,0.0,1.0,,,,1.0,0.0,0.0,,0.0,,,1.0,,1.0,1.0,0.0,1.0,,,,,,1.0,0.0,0.0,1.0,,1.0,,1.0,1.0,1.0,1.0,,,,,,1.0,1.0,,,,,,,1.0,1.0,,,,0.0,1.0,0.0,0.0,0.0,,,,,,,,,1.0,1.0,,,,,1.0,,,,,,0.0,,1.0,,1.0,,,,,,,,,0.0,,1.0,0.0,1.0,,,0.0,,1.0,1.0,,,,,,,,1.0,,1.0,,1.0,,,,0.0,,,,,,,,,,,,0.0,,,1.0,1.0,1.0,1.0,,,,1.0,1.0,1.0
Wolney Queiroz,1.0,1.0,0.0,1.0,1.0,1.0,1.0,1.0,1.0,,,1.0,1.0,,1.0,,1.0,1.0,,,,,,,,1.0,0.0,1.0,,0.0,1.0,1.0,,1.0,0.0,1.0,1.0,1.0,1.0,0.0,0.0,1.0,0.0,0.0,1.0,0.0,1.0,1.0,0.0,0.0,1.0,1.0,1.0,1.0,1.0,,0.0,0.0,0.0,1.0,1.0,,1.0,0.0,1.0,1.0,1.0,0.0,0.0,1.0,0.0,,,0.0,0.0,0.0,,,,,,0.0,0.0,0.0,,0.0,0.0,0.0,0.0,,,0.0,1.0,,1.0,1.0,,,1.0,0.0,1.0,0.0,1.0,1.0,0.0,0.0,1.0,0.0,1.0,1.0,0.0,0.0,0.0,1.0,1.0,1.0,1.0,0.0,1.0,0.0,1.0,0.0,0.0,1.0,0.0,,0.0,0.0,1.0,,1.0,0.0,0.0,0.0,1.0,,0.0,,1.0,1.0,0.0,1.0,0.0,0.0,0.0,0.0,,,1.0,1.0,0.0,1.0,0.0,1.0,1.0,1.0,,1.0,1.0,,1.0,1.0,1.0,1.0,0.0,1.0,1.0,1.0,1.0,0.0,,0.0,1.0,,1.0,0.0,0.0,0.0,1.0,0.0,1.0,0.0,,0.0,1.0,1.0,,,,1.0,,1.0,1.0,0.0,0.0,,1.0,1.0,,1.0,0.0,0.0,1.0,1.0,,,0.0,0.0,0.0,1.0,1.0,,1.0,0.0,,0.0,0.0,0.0,0.0,,1.0,0.0,,1.0,0.0,,1.0,0.0,0.0,0.0,0.0,0.0,0.0,1.0,,,1.0,1.0,,1.0,,1.0,,1.0,0.0,1.0,0.0,,0.0,0.0,0.0,,,0.0,1.0,0.0,,1.0,1.0,0.0,1.0,,1.0,1.0,1.0,0.0,,0.0,,1.0,0.0,1.0,0.0,1.0,1.0,,,0.0,1.0,1.0,,0.0,1.0,1.0,0.0,,0.0,,1.0,,0.0,1.0,1.0,0.0,0.0,,1.0,,1.0,1.0,,0.0,1.0,1.0,0.0,0.0,1.0,,0.0,1.0,0.0,,1.0,,0.0,0.0,1.0,1.0,1.0,0.0,0.0,1.0,1.0,1.0,1.0,,,0.0,0.0,,1.0,,,0.0,,1.0,,1.0,1.0,0.0,0.0,1.0,,,0.0,0.0,0.0,,,,0.0,,0.0,0.0,0.0,1.0,0.0,,1.0,1.0,1.0,1.0,1.0,1.0,0.0,0.0,1.0,1.0,0.0,0.0,0.0,1.0,1.0,1.0,1.0,0.0,1.0,,1.0,1.0,1.0,,0.0,,0.0,0.0,0.0,0.0,0.0,,1.0,1.0,1.0,,0.0,1.0,,1.0,1.0,1.0
Zenaldo Coutinho,1.0,0.0,1.0,0.0,1.0,1.0,1.0,1.0,1.0,0.0,,0.0,1.0,0.0,1.0,0.0,1.0,1.0,1.0,,1.0,1.0,1.0,,1.0,0.0,,,,,,1.0,1.0,1.0,0.0,1.0,,1.0,1.0,,,,,,0.0,1.0,0.0,1.0,,,0.0,0.0,0.0,0.0,0.0,1.0,0.0,,,0.0,1.0,1.0,,,0.0,,0.0,,,0.0,1.0,0.0,,,1.0,,0.0,1.0,,,0.0,,0.0,0.0,,0.0,0.0,1.0,0.0,0.0,,1.0,,0.0,,0.0,1.0,1.0,1.0,1.0,0.0,0.0,0.0,1.0,1.0,0.0,1.0,0.0,0.0,0.0,,1.0,1.0,0.0,0.0,0.0,1.0,1.0,,0.0,0.0,1.0,1.0,1.0,,1.0,,0.0,1.0,,0.0,1.0,1.0,,,,,,0.0,,0.0,,,,,,,,,,1.0,0.0,,,,0.0,,,1.0,,0.0,0.0,,1.0,1.0,0.0,0.0,,,,,,,,,,,0.0,1.0,,,,,,0.0,0.0,,0.0,,0.0,0.0,0.0,0.0,,1.0,0.0,1.0,1.0,,,,,,,,,,,1.0,0.0,0.0,,0.0,,,,,,,,,,1.0,1.0,,1.0,1.0,1.0,,,,,,0.0,,,1.0,,1.0,0.0,,1.0,0.0,0.0,,,,,,1.0,0.0,0.0,1.0,1.0,1.0,,,,0.0,,,,0.0,0.0,0.0,1.0,0.0,,1.0,1.0,,,,0.0,,1.0,0.0,,1.0,1.0,0.0,,0.0,0.0,0.0,1.0,,0.0,1.0,0.0,0.0,,1.0,1.0,,,0.0,0.0,1.0,,1.0,,,1.0,,0.0,1.0,1.0,1.0,0.0,,,,,0.0,0.0,0.0,0.0,0.0,,0.0,1.0,1.0,1.0,,1.0,1.0,,,,,1.0,,1.0,,,0.0,,0.0,,0.0,0.0,1.0,1.0,,1.0,,,1.0,,,,,,,,,,,,,1.0,1.0,1.0,,,,1.0,,1.0,,1.0,,0.0,0.0,0.0,0.0,1.0,0.0,0.0,1.0,,,0.0,,,,,,0.0,1.0,1.0,0.0,,,1.0,,0.0,1.0,1.0
Zequinha Marinho,1.0,1.0,0.0,,,1.0,,1.0,1.0,,0.0,0.0,1.0,,,,,,,,,,,1.0,1.0,1.0,0.0,1.0,0.0,0.0,1.0,1.0,0.0,0.0,1.0,1.0,1.0,1.0,0.0,0.0,0.0,1.0,0.0,0.0,1.0,0.0,1.0,1.0,0.0,0.0,1.0,1.0,1.0,1.0,1.0,,0.0,,,1.0,,1.0,1.0,0.0,1.0,,1.0,,0.0,1.0,0.0,,0.0,0.0,0.0,,1.0,,0.0,0.0,0.0,0.0,0.0,,0.0,0.0,0.0,,0.0,0.0,0.0,,1.0,,1.0,1.0,,1.0,1.0,0.0,,0.0,1.0,1.0,0.0,0.0,1.0,0.0,1.0,1.0,0.0,1.0,,1.0,1.0,1.0,1.0,0.0,1.0,,1.0,1.0,0.0,1.0,,,,,0.0,1.0,0.0,1.0,1.0,0.0,1.0,0.0,0.0,,1.0,1.0,0.0,1.0,0.0,0.0,0.0,,,,,0.0,,1.0,,1.0,1.0,1.0,,1.0,1.0,1.0,,1.0,1.0,,0.0,1.0,1.0,1.0,1.0,0.0,1.0,,,0.0,0.0,1.0,0.0,0.0,1.0,0.0,1.0,0.0,0.0,,1.0,,,1.0,0.0,1.0,,1.0,1.0,0.0,0.0,1.0,,,0.0,1.0,0.0,0.0,1.0,,0.0,0.0,0.0,,0.0,1.0,1.0,,1.0,0.0,1.0,0.0,,0.0,0.0,,,,1.0,,0.0,0.0,1.0,,0.0,,0.0,0.0,0.0,1.0,0.0,,1.0,1.0,1.0,,,1.0,,1.0,0.0,1.0,0.0,,0.0,1.0,0.0,,,,,,0.0,0.0,1.0,0.0,1.0,1.0,,1.0,1.0,0.0,0.0,,0.0,,,,,0.0,0.0,1.0,0.0,0.0,,1.0,1.0,,1.0,,0.0,0.0,0.0,1.0,1.0,1.0,1.0,1.0,,1.0,,,1.0,1.0,,1.0,,,,,,,1.0,,1.0,1.0,0.0,0.0,1.0,0.0,0.0,0.0,0.0,,,,,1.0,,,1.0,1.0,0.0,0.0,0.0,1.0,1.0,0.0,1.0,,1.0,1.0,0.0,1.0,1.0,,,,,0.0,,0.0,,0.0,,1.0,,,,,,1.0,,,1.0,1.0,1.0,,1.0,,0.0,0.0,0.0,,1.0,,1.0,,1.0,1.0,,,,,1.0,1.0,1.0,1.0,,,,,0.0,0.0,,,,,1.0,1.0,,,1.0,0.0,0.0,
Zezéu Ribeiro,1.0,1.0,0.0,1.0,1.0,1.0,,1.0,1.0,0.0,,,,0.0,1.0,1.0,1.0,1.0,1.0,,1.0,1.0,1.0,1.0,1.0,1.0,0.0,1.0,0.0,0.0,1.0,,0.0,1.0,0.0,1.0,1.0,1.0,0.0,0.0,0.0,1.0,,0.0,1.0,0.0,1.0,,0.0,,1.0,,,,,,0.0,0.0,0.0,1.0,,1.0,1.0,0.0,1.0,,1.0,0.0,0.0,1.0,0.0,,0.0,0.0,,,,0.0,0.0,0.0,0.0,,0.0,0.0,0.0,,0.0,0.0,0.0,0.0,0.0,0.0,1.0,0.0,,1.0,1.0,1.0,1.0,0.0,,0.0,0.0,0.0,,0.0,1.0,0.0,1.0,1.0,0.0,1.0,0.0,,,1.0,1.0,0.0,1.0,0.0,1.0,1.0,0.0,,0.0,,0.0,1.0,,1.0,,1.0,1.0,,1.0,0.0,0.0,0.0,0.0,1.0,,1.0,0.0,,,0.0,,0.0,1.0,1.0,0.0,1.0,,,,,0.0,1.0,1.0,1.0,1.0,1.0,1.0,,0.0,1.0,1.0,1.0,1.0,0.0,,0.0,1.0,0.0,1.0,0.0,0.0,0.0,1.0,0.0,1.0,0.0,,0.0,1.0,,,,0.0,1.0,,,,0.0,0.0,1.0,1.0,,0.0,1.0,0.0,0.0,1.0,1.0,,,0.0,,0.0,1.0,1.0,,,0.0,,0.0,0.0,0.0,,,1.0,0.0,,,,,1.0,0.0,0.0,,0.0,0.0,0.0,1.0,0.0,0.0,1.0,1.0,1.0,1.0,0.0,0.0,1.0,1.0,0.0,,0.0,0.0,0.0,0.0,0.0,1.0,,0.0,0.0,0.0,0.0,,1.0,0.0,1.0,1.0,1.0,,1.0,0.0,,0.0,,1.0,0.0,1.0,0.0,1.0,1.0,,1.0,,1.0,1.0,0.0,0.0,1.0,0.0,0.0,0.0,0.0,1.0,,1.0,,,0.0,1.0,,0.0,1.0,1.0,1.0,1.0,,0.0,,1.0,0.0,,1.0,,0.0,1.0,,,1.0,0.0,1.0,0.0,0.0,,0.0,0.0,0.0,1.0,,1.0,1.0,1.0,0.0,0.0,0.0,1.0,1.0,0.0,1.0,0.0,1.0,,0.0,1.0,1.0,0.0,0.0,1.0,,,0.0,0.0,0.0,0.0,0.0,0.0,,,,,0.0,1.0,,,1.0,1.0,1.0,,,1.0,0.0,0.0,1.0,0.0,1.0,0.0,1.0,1.0,,1.0,,0.0,,1.0,1.0,,1.0,,,1.0,0.0,0.0,0.0,0.0,0.0,1.0,1.0,1.0,1.0,0.0,0.0,1.0,,1.0,1.0,1.0
Zonta,1.0,1.0,0.0,0.0,1.0,1.0,1.0,1.0,1.0,1.0,0.0,1.0,1.0,0.0,1.0,0.0,1.0,1.0,1.0,1.0,1.0,1.0,1.0,1.0,1.0,1.0,0.0,1.0,0.0,0.0,1.0,1.0,0.0,0.0,0.0,1.0,1.0,1.0,1.0,0.0,0.0,1.0,0.0,1.0,1.0,0.0,1.0,1.0,,,1.0,1.0,1.0,1.0,1.0,1.0,0.0,0.0,0.0,1.0,0.0,1.0,1.0,0.0,1.0,1.0,1.0,0.0,0.0,1.0,0.0,1.0,0.0,0.0,0.0,0.0,,0.0,0.0,0.0,0.0,0.0,0.0,0.0,0.0,0.0,0.0,0.0,0.0,0.0,0.0,,1.0,0.0,1.0,1.0,1.0,1.0,1.0,0.0,1.0,0.0,0.0,0.0,0.0,0.0,1.0,0.0,1.0,1.0,0.0,1.0,0.0,1.0,1.0,1.0,0.0,0.0,1.0,0.0,1.0,1.0,,1.0,0.0,1.0,0.0,0.0,1.0,1.0,1.0,0.0,1.0,0.0,1.0,0.0,0.0,0.0,0.0,1.0,1.0,1.0,0.0,,0.0,0.0,0.0,0.0,1.0,1.0,0.0,1.0,0.0,1.0,1.0,1.0,,1.0,1.0,1.0,1.0,1.0,,0.0,0.0,1.0,1.0,,1.0,0.0,1.0,0.0,1.0,0.0,1.0,0.0,0.0,0.0,1.0,0.0,1.0,0.0,0.0,0.0,1.0,1.0,0.0,1.0,0.0,1.0,0.0,0.0,0.0,1.0,0.0,1.0,1.0,1.0,0.0,1.0,0.0,0.0,1.0,1.0,0.0,0.0,0.0,0.0,1.0,1.0,1.0,0.0,1.0,0.0,1.0,0.0,0.0,0.0,0.0,0.0,1.0,0.0,1.0,1.0,0.0,0.0,1.0,0.0,0.0,0.0,0.0,0.0,0.0,1.0,,0.0,1.0,1.0,1.0,1.0,0.0,1.0,1.0,1.0,0.0,1.0,0.0,0.0,0.0,1.0,1.0,,0.0,,0.0,0.0,0.0,0.0,1.0,,1.0,,1.0,1.0,0.0,0.0,0.0,0.0,1.0,1.0,1.0,0.0,0.0,1.0,1.0,1.0,0.0,,1.0,1.0,1.0,0.0,0.0,0.0,0.0,1.0,0.0,1.0,1.0,0.0,0.0,1.0,1.0,0.0,0.0,1.0,1.0,1.0,1.0,1.0,0.0,0.0,1.0,1.0,0.0,0.0,1.0,1.0,1.0,1.0,0.0,0.0,1.0,0.0,0.0,0.0,1.0,1.0,0.0,0.0,0.0,1.0,1.0,1.0,1.0,1.0,0.0,0.0,0.0,1.0,1.0,0.0,1.0,1.0,1.0,1.0,0.0,1.0,1.0,0.0,0.0,1.0,0.0,0.0,0.0,0.0,0.0,0.0,1.0,1.0,0.0,1.0,0.0,0.0,0.0,1.0,0.0,0.0,1.0,1.0,1.0,1.0,1.0,1.0,0.0,0.0,1.0,1.0,0.0,1.0,1.0,1.0,1.0,1.0,1.0,0.0,1.0,1.0,1.0,1.0,1.0,1.0,0.0,1.0,0.0,0.0,0.0,0.0,0.0,1.0,1.0,1.0,,1.0,0.0,1.0,1.0,1.0,1.0,1.0
Zé Geraldo,1.0,1.0,0.0,1.0,0.0,1.0,,1.0,1.0,,0.0,0.0,1.0,0.0,1.0,,,,1.0,,1.0,1.0,,,,,,,0.0,,,,,1.0,0.0,1.0,1.0,1.0,0.0,0.0,,,0.0,0.0,1.0,0.0,1.0,1.0,0.0,0.0,1.0,1.0,1.0,1.0,1.0,,,0.0,,1.0,,1.0,1.0,,,1.0,1.0,0.0,,1.0,0.0,,,0.0,,,,,,,,,0.0,0.0,0.0,0.0,0.0,,0.0,0.0,0.0,0.0,1.0,0.0,,1.0,1.0,1.0,1.0,,,0.0,0.0,0.0,,0.0,1.0,0.0,1.0,1.0,0.0,1.0,0.0,,1.0,1.0,1.0,,1.0,0.0,1.0,1.0,0.0,1.0,,,0.0,1.0,0.0,1.0,0.0,1.0,1.0,0.0,,0.0,0.0,0.0,,1.0,,1.0,0.0,0.0,0.0,0.0,0.0,0.0,1.0,1.0,0.0,1.0,0.0,1.0,1.0,1.0,0.0,,1.0,,1.0,1.0,1.0,0.0,,,1.0,,1.0,0.0,1.0,0.0,1.0,,1.0,0.0,0.0,,1.0,0.0,,,0.0,,1.0,,0.0,,0.0,1.0,0.0,1.0,1.0,0.0,0.0,1.0,1.0,1.0,0.0,1.0,,0.0,1.0,1.0,0.0,,0.0,,0.0,1.0,1.0,0.0,1.0,0.0,1.0,0.0,0.0,0.0,0.0,,1.0,,,1.0,0.0,0.0,,0.0,0.0,,0.0,0.0,,,,,1.0,1.0,,,0.0,0.0,1.0,1.0,0.0,1.0,0.0,0.0,0.0,,0.0,,,0.0,,,0.0,0.0,1.0,,1.0,,1.0,1.0,1.0,,,,,1.0,0.0,,,1.0,1.0,0.0,1.0,0.0,,1.0,,,1.0,0.0,1.0,0.0,,1.0,1.0,1.0,1.0,,0.0,1.0,,0.0,1.0,1.0,1.0,1.0,,0.0,,1.0,0.0,,,1.0,0.0,1.0,0.0,0.0,1.0,0.0,,,,,,,,1.0,1.0,,,1.0,0.0,0.0,0.0,1.0,,0.0,1.0,,1.0,,0.0,,,,,,0.0,,,0.0,0.0,0.0,0.0,,0.0,1.0,0.0,0.0,,,,0.0,1.0,1.0,,,1.0,1.0,0.0,,1.0,0.0,1.0,0.0,,1.0,,1.0,1.0,0.0,1.0,,1.0,1.0,1.0,1.0,0.0,1.0,0.0,,,0.0,0.0,,1.0,1.0,1.0,1.0,0.0,,1.0,1.0,1.0,1.0
Zé Gerardo,,1.0,,,1.0,1.0,,1.0,,1.0,0.0,0.0,1.0,1.0,1.0,0.0,0.0,1.0,,1.0,1.0,1.0,1.0,1.0,1.0,1.0,0.0,,0.0,0.0,,1.0,,1.0,0.0,1.0,1.0,1.0,,,,1.0,0.0,0.0,1.0,0.0,1.0,1.0,0.0,0.0,1.0,1.0,1.0,1.0,1.0,,0.0,,,1.0,,1.0,,0.0,1.0,1.0,1.0,0.0,0.0,,1.0,,,0.0,0.0,0.0,,0.0,0.0,0.0,0.0,,,,,0.0,0.0,,0.0,0.0,0.0,1.0,1.0,0.0,1.0,,,1.0,1.0,0.0,1.0,,1.0,1.0,0.0,,1.0,0.0,1.0,1.0,,1.0,1.0,,,1.0,1.0,,1.0,0.0,1.0,1.0,0.0,,,,,1.0,0.0,,,,1.0,0.0,1.0,0.0,,,,1.0,1.0,,,0.0,0.0,0.0,,,,1.0,0.0,1.0,0.0,,1.0,1.0,,,1.0,1.0,1.0,1.0,1.0,,0.0,1.0,1.0,1.0,1.0,0.0,1.0,0.0,1.0,,1.0,0.0,0.0,0.0,1.0,0.0,1.0,0.0,0.0,0.0,,1.0,,,0.0,,,,0.0,0.0,0.0,1.0,,1.0,0.0,1.0,,,1.0,,,0.0,0.0,,0.0,1.0,,,,0.0,1.0,0.0,,0.0,,,1.0,,0.0,,0.0,0.0,1.0,,0.0,,,,0.0,1.0,,,1.0,1.0,1.0,1.0,,1.0,,1.0,,1.0,0.0,,,1.0,1.0,1.0,,0.0,,,0.0,0.0,1.0,,1.0,,1.0,,,0.0,,0.0,0.0,1.0,,1.0,0.0,1.0,1.0,0.0,1.0,0.0,1.0,1.0,1.0,,1.0,,,,0.0,1.0,1.0,1.0,1.0,1.0,1.0,1.0,1.0,1.0,1.0,1.0,,1.0,0.0,0.0,1.0,1.0,,0.0,,1.0,0.0,1.0,0.0,0.0,1.0,,0.0,0.0,0.0,0.0,0.0,1.0,0.0,,1.0,,1.0,1.0,0.0,0.0,0.0,1.0,1.0,0.0,1.0,0.0,,,0.0,1.0,1.0,0.0,0.0,1.0,0.0,,0.0,0.0,0.0,0.0,,,0.0,1.0,0.0,0.0,0.0,1.0,0.0,,,,1.0,1.0,1.0,1.0,0.0,,1.0,,1.0,0.0,,1.0,1.0,1.0,1.0,0.0,1.0,1.0,1.0,1.0,1.0,1.0,0.0,,0.0,0.0,,,0.0,1.0,,1.0,1.0,1.0,0.0,1.0,1.0,1.0,1.0,1.0
Zé Vieira,,,,,,,,,,1.0,0.0,,1.0,,,,,,1.0,,1.0,1.0,1.0,1.0,1.0,,,,,,,1.0,,,,,1.0,,,,,,,,,,,,,,,,,,,,,,,,,,,,,,,,,,,,,,,,,,,,,,,,,,,,,,,,,,,,,,,,,,,,,,,,,,,,,,,,,,,,,,,,,,,,,,,,,,,,,,,,,,,,,,,,,,,,,,,,,,,,,,,,,,,,,,,,,,,,,,,,,,,,,,,,,,,,,,,,,,,,,,,,,,,,,,,,,,,,,,,,,,,,,,,,,,,,,,,,,1.0,,1.0,,,,,,,,,0.0,1.0,0.0,1.0,0.0,1.0,,0.0,,,,,1.0,,,0.0,0.0,,,,0.0,,,,,,,,,,1.0,,,,,,,,,,,,1.0,1.0,,1.0,,,,,,,,,,,,,,,,1.0,1.0,1.0,,,,,,,,,,,1.0,,,,,,,,,,1.0,1.0,1.0,,0.0,0.0,1.0,,0.0,1.0,,,,,,,,,0.0,1.0,0.0,,,0.0,0.0,0.0,,,,,,,,,,,0.0,,,0.0,,,,,,,,,,,,,,,,0.0,,,,,1.0,,1.0,,1.0,1.0,1.0,1.0
Átila Lins,,1.0,0.0,1.0,,1.0,1.0,1.0,1.0,,0.0,0.0,,0.0,1.0,1.0,1.0,1.0,1.0,,1.0,1.0,1.0,0.0,1.0,,,,0.0,0.0,1.0,1.0,0.0,,,,,1.0,1.0,0.0,0.0,1.0,,0.0,,0.0,1.0,1.0,0.0,0.0,1.0,,,,,1.0,0.0,0.0,0.0,1.0,1.0,,1.0,0.0,1.0,1.0,1.0,0.0,0.0,,1.0,1.0,0.0,0.0,,,,,0.0,0.0,0.0,0.0,,,0.0,,,,,,0.0,1.0,1.0,0.0,1.0,1.0,,,1.0,0.0,,,,,,0.0,1.0,0.0,1.0,1.0,0.0,1.0,,1.0,,1.0,1.0,0.0,1.0,1.0,,,0.0,1.0,,,0.0,1.0,,,,0.0,1.0,0.0,1.0,0.0,,0.0,1.0,1.0,0.0,1.0,0.0,0.0,0.0,,0.0,0.0,1.0,1.0,,,,,1.0,1.0,0.0,1.0,1.0,1.0,1.0,1.0,1.0,0.0,0.0,1.0,1.0,1.0,1.0,0.0,1.0,0.0,1.0,0.0,1.0,0.0,0.0,0.0,1.0,0.0,1.0,0.0,,0.0,1.0,,0.0,,,1.0,,0.0,1.0,0.0,1.0,1.0,,1.0,0.0,1.0,0.0,,1.0,1.0,,0.0,0.0,0.0,0.0,1.0,1.0,0.0,1.0,0.0,1.0,0.0,0.0,0.0,0.0,0.0,1.0,0.0,1.0,,,0.0,1.0,,0.0,,,,,,0.0,0.0,1.0,,1.0,1.0,,1.0,1.0,1.0,0.0,1.0,0.0,,,1.0,1.0,1.0,,,0.0,0.0,,,,0.0,1.0,1.0,,1.0,1.0,0.0,,0.0,0.0,1.0,0.0,1.0,,1.0,1.0,0.0,1.0,0.0,,1.0,1.0,,,0.0,0.0,1.0,,,1.0,0.0,1.0,1.0,,,0.0,1.0,1.0,1.0,,,0.0,0.0,1.0,1.0,0.0,,,,1.0,1.0,0.0,0.0,1.0,,0.0,0.0,0.0,0.0,0.0,,,,,1.0,1.0,,,,0.0,1.0,,0.0,,,,,0.0,1.0,,0.0,0.0,,0.0,0.0,0.0,0.0,0.0,0.0,0.0,,0.0,1.0,0.0,,0.0,1.0,,0.0,,1.0,,1.0,1.0,1.0,0.0,0.0,1.0,,0.0,0.0,1.0,1.0,,,1.0,,1.0,,,,1.0,,0.0,1.0,0.0,0.0,0.0,0.0,0.0,,,,,1.0,,,,0.0,0.0,1.0
Átila Lira,1.0,1.0,0.0,0.0,1.0,1.0,1.0,1.0,1.0,0.0,0.0,0.0,1.0,0.0,1.0,0.0,1.0,1.0,1.0,1.0,1.0,1.0,1.0,1.0,1.0,1.0,,,0.0,0.0,1.0,1.0,,,,,1.0,1.0,1.0,0.0,0.0,1.0,0.0,0.0,1.0,,1.0,1.0,0.0,,1.0,1.0,1.0,1.0,1.0,1.0,0.0,0.0,0.0,1.0,1.0,0.0,,0.0,1.0,1.0,1.0,0.0,0.0,1.0,0.0,1.0,0.0,0.0,,0.0,1.0,0.0,0.0,,0.0,0.0,0.0,0.0,0.0,0.0,0.0,,0.0,0.0,,0.0,,0.0,,1.0,,1.0,1.0,0.0,1.0,0.0,0.0,0.0,0.0,0.0,1.0,,1.0,1.0,0.0,1.0,,1.0,1.0,1.0,1.0,0.0,1.0,0.0,1.0,1.0,0.0,1.0,0.0,1.0,0.0,0.0,1.0,1.0,1.0,0.0,1.0,0.0,1.0,0.0,0.0,0.0,1.0,1.0,0.0,1.0,0.0,0.0,0.0,0.0,0.0,0.0,1.0,0.0,0.0,0.0,,1.0,1.0,1.0,0.0,1.0,1.0,1.0,1.0,1.0,1.0,0.0,0.0,1.0,1.0,1.0,1.0,0.0,1.0,0.0,1.0,0.0,1.0,0.0,0.0,0.0,1.0,0.0,1.0,0.0,0.0,0.0,1.0,1.0,0.0,1.0,0.0,1.0,0.0,1.0,1.0,0.0,0.0,1.0,1.0,1.0,0.0,1.0,0.0,0.0,1.0,1.0,0.0,0.0,0.0,0.0,0.0,1.0,1.0,0.0,1.0,0.0,1.0,0.0,0.0,0.0,0.0,0.0,1.0,0.0,1.0,1.0,0.0,0.0,1.0,0.0,0.0,0.0,0.0,0.0,0.0,,0.0,0.0,1.0,1.0,1.0,1.0,,1.0,1.0,1.0,0.0,1.0,0.0,,0.0,0.0,0.0,1.0,0.0,0.0,0.0,0.0,,,1.0,0.0,1.0,1.0,1.0,,1.0,0.0,,0.0,0.0,1.0,,1.0,0.0,1.0,1.0,0.0,,0.0,1.0,1.0,1.0,,,1.0,0.0,1.0,,,1.0,1.0,1.0,1.0,,1.0,0.0,0.0,1.0,1.0,1.0,1.0,1.0,0.0,,1.0,0.0,0.0,,,0.0,,0.0,0.0,1.0,,0.0,0.0,0.0,0.0,1.0,0.0,1.0,1.0,,1.0,1.0,1.0,,0.0,0.0,1.0,1.0,0.0,1.0,0.0,,1.0,0.0,1.0,1.0,0.0,0.0,1.0,0.0,0.0,0.0,0.0,0.0,0.0,0.0,0.0,0.0,1.0,0.0,,0.0,1.0,0.0,0.0,1.0,1.0,1.0,1.0,1.0,1.0,,0.0,,1.0,0.0,0.0,1.0,1.0,,1.0,,,,1.0,1.0,1.0,1.0,,0.0,1.0,0.0,0.0,0.0,0.0,0.0,,1.0,1.0,1.0,1.0,0.0,,1.0,1.0,1.0,1.0
Íris de Araújo,,,,,,1.0,1.0,1.0,1.0,,0.0,0.0,1.0,0.0,1.0,0.0,1.0,1.0,,,,,,,,,0.0,1.0,0.0,0.0,1.0,1.0,0.0,,,1.0,,1.0,0.0,0.0,0.0,1.0,0.0,0.0,1.0,0.0,,1.0,0.0,0.0,,,,,,1.0,0.0,0.0,0.0,1.0,1.0,1.0,,,1.0,,1.0,0.0,0.0,1.0,1.0,1.0,0.0,0.0,0.0,0.0,1.0,0.0,0.0,0.0,0.0,0.0,0.0,0.0,0.0,0.0,0.0,,0.0,0.0,,1.0,1.0,0.0,1.0,1.0,,1.0,1.0,0.0,1.0,0.0,1.0,1.0,,1.0,1.0,,1.0,1.0,0.0,1.0,,,,,1.0,0.0,1.0,0.0,,,0.0,1.0,0.0,1.0,0.0,1.0,0.0,1.0,,,1.0,0.0,1.0,0.0,0.0,0.0,1.0,,1.0,1.0,0.0,0.0,0.0,0.0,0.0,0.0,1.0,1.0,0.0,1.0,0.0,1.0,1.0,1.0,0.0,1.0,1.0,1.0,,,1.0,0.0,0.0,1.0,,1.0,,0.0,1.0,,,0.0,1.0,0.0,0.0,0.0,1.0,0.0,1.0,0.0,0.0,0.0,1.0,1.0,0.0,,,,,1.0,1.0,0.0,0.0,1.0,,1.0,,1.0,0.0,0.0,1.0,1.0,,,0.0,0.0,,1.0,1.0,,,0.0,1.0,0.0,0.0,0.0,0.0,0.0,1.0,0.0,1.0,1.0,0.0,0.0,,0.0,0.0,0.0,0.0,0.0,,1.0,0.0,0.0,1.0,,1.0,1.0,0.0,1.0,1.0,1.0,0.0,1.0,0.0,0.0,0.0,1.0,1.0,1.0,0.0,0.0,0.0,0.0,0.0,0.0,1.0,0.0,1.0,,,1.0,1.0,0.0,0.0,0.0,0.0,,,1.0,,1.0,1.0,,1.0,0.0,1.0,1.0,1.0,,,0.0,0.0,1.0,,,,1.0,1.0,1.0,1.0,1.0,1.0,1.0,,,1.0,1.0,0.0,0.0,1.0,1.0,,0.0,1.0,,1.0,1.0,,,1.0,,0.0,0.0,0.0,0.0,0.0,0.0,0.0,1.0,,1.0,1.0,1.0,,0.0,0.0,1.0,1.0,0.0,,,,1.0,0.0,,1.0,0.0,0.0,1.0,0.0,0.0,0.0,0.0,0.0,,,,,,,,0.0,1.0,,,1.0,1.0,1.0,1.0,1.0,1.0,,,,1.0,1.0,0.0,1.0,1.0,1.0,1.0,1.0,0.0,1.0,1.0,1.0,1.0,,1.0,0.0,1.0,0.0,0.0,,0.0,,,,,1.0,,0.0,1.0,1.0,,,
