deputado_nome,106071-101,106071-138,109175-70,113716-111,113716-267,113717-114,113717-142,113717-152,113717-171,113717-181,113717-184,113717-189,113717-194,113717-197,113717-200,113717-202,113717-204,113717-230,113717-250,113717-295,113717-59,113717-95,115155-58,120186-63,120186-68,125572-116,125572-186,125572-187,126541-150,126541-68,126541-98,140174-133,140174-83,140375-132,140375-143,140406-31,142458-51,142458-64,14312-64,14312-65,14312-81,143282-5,145211-10,14614-68,14614-90,14692-79,14720-100,14720-74,14809-111,14809-120,14809-130,14809-139,14832-101,149095-73,150357-107,150357-52,150357-60,150357-80,150358-37,150359-100,150373-73,150373-84,150399-106,150399-149,150399-186,150399-189,150399-195,150410-48,150410-67,150930-5,151030-5,153730-20,153730-36,153730-70,154096-7,154465-44,154528-107,154528-119,154528-49,154528-68,154538-23,154538-56,154539-48,158197-54,158197-71,159554-31,21391-47,21585-100,251072-105,251072-21,251072-39,251072-48,251120-102,251120-49,251120-67,251120-72,251120-82,252929-5,252972-101,253166-4,253982-5,257781-20,257781-83,258267-45,258595-57,259400-34,259613-39,260897-117,260897-85,260950-69,261022-75,261463-71,262198-121,262198-72,262198-78,262198-98,262712-78,270567-33,272146-35,272914-37,273823-7,275322-252,277133-117,277133-62,277133-92,279507-70,279543-44,282740-145,282740-42,282740-60,282740-61,282740-90,282740-97,28376-68,284448-64,284567-45,284567-58,285867-88,286611-39,289038-29,289038-37,289945-69,290460-54,290460-77,292328-188,292328-204,292729-64,294427-54,294428-42,294429-110,294429-133,294429-160,294429-179,294429-56,294429-70,294429-95,294430-56,294430-81,298221-71,298990-146,298990-78,301190-6,303307-48,304792-37,307822-63,307925-109,307925-77,307925-88,308633-29,310833-66,310833-87,311012-25,311025-33,311031-112,311031-134,311031-48,311031-76,311039-54,311039-65,313522-23,313522-41,313707-67,314558-32,314558-57,314558-67,314558-94,314559-59,316491-51,316491-75,316493-55,316493-77,318828-40,319342-53,319342-77,319342-92,320786-45,32147-56,328072-6,332482-60,334677-30,335039-55,36162-83,43733-12,56373-83,56373-84,56373-95,97884-50,97884-59,97884-75
Abelardo Lupion,1.0,1.0,0.0,0.0,0.0,,0.0,,,0.0,,0.0,,1.0,1.0,1.0,1.0,,,,,,1.0,1.0,0.0,1.0,,1.0,0.0,,0.0,1.0,,1.0,1.0,,1.0,1.0,,,,0.0,,1.0,1.0,1.0,1.0,1.0,1.0,,1.0,,1.0,,,,,,,,,,1.0,1.0,1.0,1.0,1.0,1.0,1.0,,,,,,,,,,,,,,,,,,1.0,,1.0,,1.0,1.0,1.0,,,,,,,0.0,0.0,,,1.0,,,,1.0,,,0.0,,,,,,,,1.0,,,1.0,,0.0,,0.0,1.0,,,1.0,0.0,,,1.0,1.0,,,1.0,,,,1.0,1.0,,,,0.0,,1.0,,,,1.0,1.0,,,,,,1.0,1.0,1.0,1.0,,,1.0,0.0,1.0,,,1.0,,,,,,1.0,,,,,,,,,0.0,,,1.0,,1.0,1.0,1.0,0.0,1.0,0.0,1.0,1.0,1.0,,1.0,0.0,1.0,0.0,1.0,1.0,1.0,1.0,1.0
Adauto Pereira,,,,1.0,1.0,0.0,0.0,1.0,0.0,1.0,1.0,1.0,,0.0,1.0,0.0,0.0,1.0,,0.0,1.0,0.0,1.0,,,1.0,,,,,,,,,,0.0,,,0.0,1.0,1.0,,,,,,,,,,,,,,,,,,,,,,,,,,,,,,,,,,,,,,,,,,,,,,1.0,,,,,,,,,,,,,,,,,,,,,,,,,,,,,,,,,,,,,,,,,,,,,,,,,,,,,,,,,,,,,,,,,,,,,,,,,,,,,,,,,,,,,,,,,,,,,,,,,,,,,,,,,,,,,,1.0,,,,,,1.0,,,,,,
Adelor Vieira,1.0,1.0,1.0,1.0,1.0,0.0,0.0,1.0,,1.0,1.0,1.0,0.0,0.0,0.0,0.0,0.0,1.0,0.0,0.0,1.0,0.0,1.0,1.0,1.0,1.0,1.0,,0.0,0.0,1.0,0.0,0.0,0.0,0.0,0.0,1.0,1.0,0.0,0.0,1.0,,1.0,1.0,1.0,1.0,1.0,1.0,1.0,1.0,0.0,1.0,1.0,0.0,0.0,0.0,1.0,0.0,1.0,0.0,1.0,0.0,1.0,0.0,1.0,1.0,1.0,1.0,1.0,1.0,1.0,,,,,,0.0,1.0,,,0.0,1.0,,0.0,0.0,0.0,1.0,1.0,1.0,0.0,1.0,1.0,0.0,,0.0,1.0,0.0,,1.0,0.0,1.0,0.0,0.0,1.0,0.0,,,0.0,0.0,0.0,,,,,0.0,0.0,0.0,1.0,,0.0,1.0,1.0,0.0,1.0,0.0,0.0,0.0,0.0,0.0,1.0,0.0,,0.0,,1.0,0.0,0.0,,0.0,,1.0,,1.0,1.0,,1.0,1.0,1.0,0.0,0.0,1.0,0.0,0.0,,0.0,0.0,0.0,0.0,1.0,1.0,0.0,1.0,0.0,0.0,1.0,0.0,1.0,0.0,1.0,0.0,1.0,0.0,,0.0,0.0,,0.0,,,0.0,,0.0,0.0,0.0,1.0,0.0,1.0,0.0,0.0,0.0,0.0,0.0,0.0,0.0,1.0,0.0,1.0,0.0,0.0,1.0,,1.0,,0.0,1.0,1.0,1.0,1.0,1.0
Ademir Camilo,,1.0,,,,,,,,,,,,,,,,,,,,,,,,,,,,,,,,1.0,1.0,,1.0,1.0,,,,,,,,,1.0,1.0,1.0,1.0,0.0,,,,,,,,,,,,,,1.0,1.0,1.0,,,,,,,,,,,,,,,,,,,,,,,,,,,,,,,,,,0.0,,,,,,,,,,,,,,,,,1.0,1.0,0.0,1.0,,,1.0,0.0,1.0,,,0.0,0.0,0.0,0.0,0.0,,,0.0,0.0,0.0,0.0,0.0,1.0,0.0,1.0,1.0,,1.0,,1.0,0.0,0.0,1.0,0.0,0.0,,,0.0,0.0,,1.0,1.0,0.0,1.0,0.0,0.0,1.0,,,1.0,1.0,0.0,0.0,0.0,0.0,,,,1.0,,,0.0,0.0,0.0,0.0,1.0,,,0.0,,1.0,0.0,1.0,,,0.0,1.0,1.0,,1.0,1.0,1.0,1.0,,,0.0,1.0,1.0,,,
Adão Pretto,1.0,1.0,1.0,1.0,1.0,0.0,0.0,,0.0,1.0,1.0,1.0,0.0,0.0,,0.0,0.0,1.0,0.0,0.0,1.0,0.0,,,,1.0,,1.0,0.0,,1.0,0.0,,0.0,0.0,,1.0,1.0,,,1.0,1.0,1.0,,1.0,1.0,1.0,1.0,1.0,1.0,0.0,,1.0,0.0,0.0,,1.0,0.0,,0.0,1.0,0.0,1.0,,,,1.0,1.0,1.0,1.0,0.0,0.0,1.0,0.0,,0.0,0.0,1.0,0.0,1.0,0.0,1.0,0.0,0.0,0.0,,1.0,1.0,0.0,,0.0,,0.0,0.0,0.0,1.0,0.0,,,,,0.0,,1.0,0.0,0.0,0.0,0.0,,0.0,1.0,0.0,0.0,0.0,0.0,0.0,0.0,1.0,0.0,0.0,,,0.0,1.0,0.0,,,,0.0,0.0,0.0,0.0,0.0,1.0,1.0,0.0,0.0,0.0,0.0,0.0,1.0,,1.0,0.0,1.0,,,,0.0,0.0,1.0,0.0,,0.0,0.0,0.0,,0.0,,,,1.0,0.0,0.0,,0.0,1.0,,1.0,,0.0,0.0,0.0,,,1.0,,0.0,1.0,0.0,,,,,,0.0,,,0.0,0.0,0.0,0.0,0.0,,,,1.0,0.0,0.0,1.0,0.0,1.0,,0.0,0.0,,1.0,1.0,1.0
Affonso Camargo,1.0,1.0,0.0,1.0,1.0,0.0,0.0,1.0,0.0,0.0,0.0,0.0,1.0,1.0,1.0,1.0,1.0,0.0,1.0,0.0,,0.0,1.0,0.0,0.0,1.0,1.0,0.0,,,0.0,1.0,1.0,1.0,1.0,,1.0,1.0,0.0,1.0,1.0,0.0,0.0,1.0,1.0,1.0,1.0,1.0,1.0,1.0,0.0,1.0,1.0,1.0,,,,,,,,,1.0,0.0,1.0,1.0,1.0,1.0,1.0,0.0,1.0,1.0,0.0,1.0,,,,,,,,,,,1.0,1.0,1.0,1.0,1.0,,1.0,1.0,1.0,,,,,1.0,,0.0,,,,1.0,,,,,,,0.0,,,,,0.0,,0.0,,1.0,,0.0,,0.0,,0.0,,0.0,,1.0,0.0,,,1.0,1.0,,,1.0,,1.0,,0.0,1.0,1.0,,1.0,0.0,0.0,0.0,1.0,,1.0,0.0,1.0,,1.0,0.0,1.0,,1.0,1.0,1.0,1.0,1.0,1.0,1.0,1.0,1.0,0.0,,1.0,1.0,,,,,1.0,,,0.0,0.0,,,,1.0,1.0,0.0,0.0,1.0,,1.0,1.0,1.0,0.0,1.0,0.0,1.0,1.0,1.0,1.0,1.0,1.0,,0.0,1.0,1.0,1.0,1.0,1.0
Afonso Hamm,,1.0,,,,,,,,,,,,,,,,,,,,,,,,,,,,,,,,,,,1.0,1.0,,,,,,,,,1.0,1.0,1.0,1.0,0.0,1.0,,,,,,,,,,,,,,,,,,,,,,,,,,,,,,,,,,,,,,,,,,,,,,,,,,,,,,,,,,,,,,,,,,,,,1.0,1.0,,,,,,,,,,,,,1.0,,,,,,,,,,,1.0,,1.0,,0.0,1.0,0.0,0.0,0.0,0.0,0.0,0.0,0.0,,,,1.0,,1.0,1.0,0.0,1.0,1.0,,,,0.0,,,,,0.0,0.0,1.0,,,,,,,,,,,,,,,,,,,,,,,,,0.0,1.0,1.0,,,
Agnaldo Muniz,1.0,,,1.0,1.0,0.0,,1.0,0.0,1.0,1.0,1.0,,0.0,0.0,0.0,,,,0.0,1.0,,1.0,1.0,1.0,,1.0,,,,,,,1.0,0.0,0.0,1.0,,0.0,1.0,1.0,1.0,,1.0,1.0,1.0,,1.0,1.0,1.0,0.0,,,0.0,0.0,,,,1.0,0.0,,0.0,,,1.0,1.0,1.0,,1.0,,1.0,0.0,,0.0,,0.0,,,,,1.0,1.0,,,,0.0,1.0,,0.0,0.0,,,,,,,,1.0,,,1.0,0.0,,,,0.0,,,0.0,,1.0,,0.0,,,,0.0,1.0,0.0,0.0,1.0,1.0,0.0,1.0,0.0,1.0,,0.0,,0.0,,,0.0,1.0,1.0,0.0,,1.0,0.0,,1.0,1.0,,1.0,1.0,1.0,,1.0,,,1.0,0.0,0.0,0.0,,,,,,,,,,,,,,1.0,,,0.0,,0.0,0.0,0.0,,,,1.0,,,,,,,,1.0,,1.0,0.0,1.0,,,,,1.0,,0.0,,1.0,1.0,,1.0,,0.0,0.0,,,1.0
Agnelo Queiroz,,,,,,,,,,,,,,,,,,,,,,,,,,,,,0.0,,,,,,,,,,,,,,,,,,,,,,,,,,,,,,,,,,,,,,,,,,,,,,,,,,,,,,,,,,,,,,,,,,,,,,,,,,,,,,,,,,,,,,,,,,,,,,,,,,,,,,,,,1.0,,,,,,,,,,,,,,,,,,,,,,,,,,,,,,,,,,,,,0.0,,,0.0,,,,,,,,0.0,,0.0,0.0,,0.0,,0.0,0.0,0.0,,0.0,0.0,,1.0,,0.0,1.0,1.0,,,,,,,,,
Airton Roveda,1.0,1.0,1.0,,,,,,,,,,,,,,,,,,,,,1.0,1.0,,1.0,1.0,,,1.0,0.0,0.0,,1.0,,1.0,1.0,,,,1.0,1.0,,,,1.0,1.0,1.0,1.0,,1.0,,,0.0,,1.0,0.0,,0.0,1.0,,1.0,,1.0,1.0,1.0,1.0,1.0,1.0,1.0,0.0,1.0,0.0,1.0,0.0,,1.0,0.0,1.0,,1.0,0.0,,0.0,0.0,1.0,1.0,,0.0,0.0,0.0,,0.0,0.0,1.0,0.0,,,1.0,,0.0,,1.0,0.0,0.0,0.0,0.0,0.0,0.0,0.0,0.0,0.0,0.0,0.0,1.0,0.0,1.0,0.0,0.0,1.0,,,,,1.0,,,,0.0,0.0,,,,,,,0.0,,,,0.0,1.0,1.0,1.0,1.0,1.0,1.0,0.0,,,0.0,1.0,,0.0,,0.0,,1.0,,1.0,1.0,,0.0,,,1.0,0.0,,0.0,0.0,,,0.0,,1.0,1.0,0.0,1.0,,,,0.0,0.0,1.0,0.0,,0.0,,,,0.0,0.0,,,,1.0,,1.0,1.0,,1.0,,0.0,1.0,1.0,1.0,1.0,1.0
Alberto Fraga,,1.0,0.0,0.0,0.0,,0.0,1.0,,1.0,1.0,0.0,0.0,0.0,,0.0,,1.0,0.0,0.0,1.0,0.0,1.0,1.0,0.0,1.0,1.0,1.0,0.0,0.0,0.0,,0.0,1.0,,0.0,1.0,1.0,0.0,1.0,1.0,0.0,,1.0,1.0,1.0,1.0,1.0,1.0,1.0,0.0,,1.0,,0.0,0.0,1.0,0.0,,0.0,1.0,0.0,1.0,1.0,1.0,,1.0,1.0,1.0,1.0,1.0,0.0,,0.0,,0.0,,,,,0.0,0.0,0.0,0.0,0.0,0.0,1.0,,1.0,0.0,1.0,1.0,1.0,,,1.0,1.0,1.0,0.0,0.0,0.0,0.0,1.0,0.0,1.0,1.0,1.0,0.0,0.0,0.0,0.0,0.0,0.0,1.0,,0.0,0.0,,1.0,0.0,,1.0,1.0,,,0.0,1.0,0.0,1.0,1.0,0.0,1.0,1.0,1.0,,1.0,,,1.0,1.0,,,1.0,1.0,,1.0,0.0,,1.0,,,,1.0,,,,,,,1.0,1.0,,1.0,1.0,0.0,1.0,0.0,1.0,0.0,,1.0,,,,,,,,,,,,1.0,1.0,1.0,0.0,0.0,1.0,,1.0,1.0,,1.0,0.0,1.0,0.0,1.0,1.0,1.0,,1.0,0.0,1.0,,1.0,1.0,1.0,1.0,1.0
Alberto Goldman,1.0,,,1.0,1.0,,,,,0.0,0.0,0.0,1.0,,,,,,1.0,,,,1.0,1.0,0.0,,1.0,0.0,,,,1.0,,1.0,1.0,,1.0,1.0,0.0,1.0,1.0,0.0,0.0,1.0,1.0,1.0,1.0,1.0,1.0,1.0,0.0,1.0,1.0,,,,,,0.0,,,,1.0,0.0,,,1.0,1.0,1.0,,,,,,,,,,,,,,,,1.0,1.0,,,1.0,,1.0,1.0,,,,,,,1.0,0.0,1.0,,0.0,1.0,,,,1.0,,,,,,,,,,0.0,,1.0,1.0,0.0,,0.0,,0.0,1.0,0.0,,1.0,0.0,,,1.0,1.0,,,0.0,,,,0.0,1.0,1.0,0.0,1.0,0.0,0.0,1.0,,,,0.0,1.0,,,1.0,1.0,0.0,1.0,0.0,1.0,1.0,,1.0,,1.0,0.0,0.0,,1.0,,,,1.0,,,,,0.0,0.0,,1.0,1.0,,1.0,0.0,0.0,1.0,,1.0,1.0,1.0,,1.0,,1.0,1.0,,,,1.0,1.0,0.0,0.0,0.0,1.0,1.0,1.0
Albérico Filho,1.0,1.0,,,,,,,,,,,,,,,,,,,,,,,,,,,0.0,,,,,,,,1.0,1.0,,,,,,,,,1.0,1.0,1.0,,0.0,1.0,,,,,,,,,,,,,,,,,,,,,,,,,,,,,,,,,,,,1.0,,,,,,,,,,,,,,,,,,,,,,,,,,,,,,,,,1.0,1.0,,,,,,1.0,,,,,,1.0,1.0,,,1.0,,,,,,,,,,1.0,0.0,0.0,1.0,0.0,,,0.0,0.0,0.0,0.0,1.0,,0.0,,0.0,0.0,1.0,0.0,1.0,0.0,1.0,0.0,1.0,0.0,,,,,0.0,,1.0,0.0,0.0,0.0,,0.0,0.0,0.0,1.0,0.0,,0.0,1.0,,0.0,0.0,,,,0.0,0.0,1.0,1.0,,,0.0,1.0,1.0,,,
Alceste Almeida,1.0,,1.0,1.0,1.0,,0.0,1.0,,1.0,1.0,1.0,,,0.0,,0.0,,0.0,0.0,1.0,0.0,1.0,,,,,,,1.0,1.0,,0.0,1.0,1.0,0.0,1.0,1.0,0.0,1.0,1.0,1.0,1.0,,1.0,1.0,1.0,1.0,1.0,1.0,0.0,1.0,1.0,,,0.0,1.0,0.0,,0.0,1.0,0.0,,,1.0,1.0,1.0,1.0,1.0,1.0,1.0,0.0,,0.0,,0.0,,,,1.0,,1.0,0.0,0.0,0.0,,1.0,,0.0,0.0,0.0,0.0,,,,,,1.0,0.0,,0.0,0.0,0.0,1.0,0.0,,,,,,,,,,,,,,,0.0,1.0,0.0,0.0,,0.0,0.0,1.0,1.0,,,0.0,0.0,0.0,1.0,1.0,0.0,0.0,1.0,1.0,,1.0,,,,1.0,1.0,1.0,,0.0,0.0,1.0,0.0,0.0,,,0.0,0.0,0.0,1.0,1.0,,,0.0,0.0,1.0,0.0,1.0,0.0,1.0,0.0,0.0,0.0,0.0,,,,,0.0,1.0,0.0,0.0,,0.0,,1.0,0.0,,,,,,0.0,0.0,0.0,,1.0,,0.0,0.0,,1.0,1.0,,0.0,1.0,1.0,1.0,1.0,1.0
Alceu Collares,1.0,1.0,,0.0,0.0,,,0.0,1.0,0.0,1.0,,0.0,0.0,,,0.0,0.0,1.0,1.0,,0.0,,1.0,0.0,,,,,,1.0,,0.0,,1.0,0.0,,1.0,0.0,,0.0,1.0,1.0,1.0,,1.0,1.0,1.0,1.0,,1.0,1.0,,0.0,0.0,,1.0,,,0.0,,,1.0,,1.0,,1.0,,,1.0,1.0,0.0,,,,,0.0,0.0,0.0,1.0,,0.0,0.0,0.0,0.0,0.0,1.0,,,0.0,1.0,1.0,1.0,,,,,1.0,1.0,0.0,,,,1.0,,,0.0,0.0,,0.0,,,0.0,0.0,,,0.0,0.0,0.0,0.0,,1.0,,1.0,,0.0,1.0,,,1.0,,,,,,,,0.0,,,,0.0,,1.0,1.0,,,1.0,1.0,,0.0,,,,,,0.0,1.0,,,0.0,,0.0,1.0,1.0,1.0,0.0,1.0,,,1.0,0.0,0.0,0.0,1.0,,,,,,0.0,,,,,,0.0,1.0,,0.0,1.0,,1.0,,1.0,0.0,1.0,,1.0,,1.0,,,0.0,1.0,1.0,1.0,1.0,1.0
Aldir Cabral,1.0,1.0,,,,,,,,,,,,,,,,,,,,,,,,,,,0.0,,,,,1.0,1.0,,1.0,1.0,,,,,,,,,1.0,1.0,1.0,1.0,1.0,1.0,,,,,,,,,,,,,1.0,1.0,1.0,,,,,,,,,,,,,,,,,,,,,1.0,,,,,,,,,,,0.0,,0.0,,,,,,,,,,,,,,,,,0.0,1.0,1.0,,1.0,,0.0,,0.0,1.0,0.0,,1.0,0.0,,,,1.0,,,1.0,,,,1.0,1.0,1.0,,1.0,0.0,0.0,1.0,,,,1.0,1.0,,,1.0,,,1.0,,1.0,,1.0,0.0,1.0,0.0,1.0,0.0,,1.0,,,,,,1.0,,,,,,,,,,,,,,,,,,,,,,1.0,1.0,1.0,,,0.0,1.0,1.0,,,
Aldo Rebelo,,,,1.0,1.0,0.0,0.0,,0.0,1.0,1.0,1.0,0.0,0.0,0.0,,0.0,,,,1.0,0.0,1.0,,,1.0,,,,,,,,,,0.0,,,0.0,1.0,1.0,1.0,1.0,1.0,,,,,,,,,,,,,,,,,,,,,,,,,,1.0,1.0,,,,,,,,,,,,,,,,1.0,,,,,,,,,,,,,,,,,,,,,,,,,,,,,,,,,,,,,,,,,0.0,,,,,,,,,,,,,,0.0,1.0,0.0,,,,,,,,,,,,,,,,,,,,,,,,,,,,,,,,,,,,,,,,,,,,,,,,,,,,,,,,,,,1.0,,,,,,
Alex Canziani,1.0,1.0,,,1.0,,,,,1.0,1.0,1.0,0.0,0.0,0.0,,0.0,,0.0,0.0,,0.0,1.0,,,,,,,,1.0,,0.0,,1.0,0.0,1.0,1.0,,1.0,1.0,1.0,1.0,1.0,1.0,,1.0,1.0,1.0,,0.0,1.0,,0.0,,0.0,1.0,,,,,0.0,1.0,1.0,1.0,,1.0,,1.0,1.0,,,,,1.0,,,0.0,,1.0,0.0,,0.0,,0.0,,1.0,,0.0,,0.0,0.0,,0.0,0.0,1.0,,1.0,,1.0,1.0,0.0,0.0,1.0,0.0,0.0,,0.0,0.0,,,0.0,0.0,0.0,0.0,0.0,,,1.0,,1.0,0.0,0.0,,0.0,0.0,0.0,,,,0.0,0.0,,1.0,,0.0,,,0.0,0.0,1.0,0.0,,,,1.0,,1.0,0.0,0.0,1.0,0.0,,0.0,0.0,,,0.0,,1.0,,1.0,0.0,,,,,0.0,,0.0,0.0,0.0,0.0,0.0,,1.0,0.0,,1.0,0.0,,0.0,,1.0,,0.0,,,,,0.0,0.0,,0.0,1.0,0.0,,0.0,1.0,,1.0,1.0,1.0,0.0,0.0,0.0,1.0,1.0,1.0
Alexandre Cardoso,1.0,1.0,,1.0,1.0,0.0,,1.0,,,,,,,,,,,,0.0,1.0,0.0,1.0,1.0,1.0,1.0,,,,1.0,1.0,,0.0,1.0,1.0,,1.0,1.0,0.0,1.0,1.0,,1.0,,1.0,1.0,1.0,1.0,1.0,,0.0,1.0,,0.0,,0.0,1.0,,1.0,0.0,,0.0,,0.0,0.0,1.0,1.0,,1.0,,1.0,,1.0,0.0,,,0.0,1.0,0.0,1.0,0.0,1.0,,,,0.0,1.0,,0.0,0.0,0.0,0.0,0.0,0.0,0.0,,0.0,1.0,,1.0,1.0,0.0,,,0.0,0.0,0.0,,0.0,0.0,1.0,,,,0.0,1.0,0.0,1.0,0.0,,1.0,0.0,0.0,1.0,0.0,1.0,,0.0,0.0,0.0,0.0,0.0,0.0,1.0,1.0,,,1.0,,0.0,1.0,0.0,1.0,1.0,1.0,,,,,,,,0.0,,0.0,,,0.0,1.0,1.0,1.0,1.0,0.0,,1.0,,1.0,0.0,1.0,0.0,0.0,0.0,,,,1.0,0.0,,,,0.0,0.0,,,,0.0,1.0,,0.0,0.0,0.0,,0.0,,,1.0,1.0,0.0,,,1.0,1.0,,0.0,1.0,1.0,0.0,0.0,0.0
Alexandre Maia,1.0,1.0,,,,,,,,,,,,,,,,,,,,,,,,,,,,,,,,,,,1.0,1.0,,,,,,,,,1.0,1.0,,1.0,0.0,1.0,,,,,,,,,,,,,,,,,,,,,,,,,,,,,,,,,,,,1.0,,,,,,,,,,,,,,,,,,,,,,,,,,,,,,,,,1.0,1.0,,,,,,0.0,,,,,,,1.0,,,,,,,,1.0,1.0,,,1.0,1.0,0.0,0.0,1.0,,0.0,0.0,0.0,0.0,0.0,0.0,,1.0,0.0,1.0,0.0,0.0,1.0,,1.0,0.0,1.0,,,,0.0,,,1.0,0.0,0.0,1.0,0.0,0.0,,,,,,,,,,,,,,,,,,,,,,,0.0,1.0,1.0,,,
Alexandre Santos,1.0,1.0,1.0,1.0,1.0,0.0,0.0,,0.0,1.0,,,,,,,,,,0.0,1.0,0.0,,1.0,1.0,,1.0,1.0,,,,0.0,0.0,1.0,1.0,0.0,1.0,1.0,,1.0,,1.0,1.0,,,1.0,,1.0,1.0,1.0,0.0,1.0,,,,,,,,,,,1.0,,1.0,1.0,1.0,,1.0,1.0,1.0,,,,1.0,,0.0,,0.0,,,,0.0,0.0,0.0,0.0,1.0,,0.0,0.0,0.0,0.0,,0.0,0.0,1.0,,1.0,1.0,1.0,,,,1.0,0.0,,,,,,,0.0,0.0,,0.0,1.0,0.0,1.0,,0.0,1.0,1.0,,0.0,0.0,0.0,,1.0,0.0,1.0,1.0,,,1.0,1.0,,,1.0,0.0,,,,1.0,,,1.0,,1.0,,,,,,,,,0.0,0.0,1.0,1.0,0.0,,0.0,,1.0,0.0,1.0,,1.0,0.0,1.0,0.0,0.0,0.0,0.0,1.0,0.0,1.0,1.0,,,,,1.0,1.0,,1.0,,,,,,1.0,,1.0,0.0,1.0,0.0,0.0,1.0,1.0,1.0,1.0,0.0,1.0,1.0,1.0,,1.0
Alice Portugal,1.0,1.0,1.0,0.0,0.0,0.0,0.0,1.0,0.0,1.0,1.0,1.0,,0.0,0.0,0.0,0.0,,,0.0,1.0,0.0,1.0,1.0,0.0,,,,0.0,1.0,1.0,0.0,0.0,,,0.0,1.0,1.0,0.0,1.0,1.0,,,1.0,,1.0,1.0,1.0,1.0,1.0,0.0,,,0.0,0.0,0.0,1.0,0.0,,0.0,1.0,0.0,1.0,0.0,,1.0,1.0,,1.0,1.0,1.0,,1.0,0.0,1.0,0.0,0.0,,0.0,1.0,0.0,1.0,0.0,,0.0,0.0,1.0,1.0,,0.0,,,,0.0,0.0,1.0,0.0,1.0,,1.0,,0.0,0.0,1.0,,,,,0.0,0.0,,,0.0,0.0,,,0.0,1.0,0.0,0.0,1.0,,0.0,1.0,0.0,0.0,,0.0,0.0,0.0,0.0,,,1.0,,,0.0,0.0,0.0,0.0,1.0,0.0,1.0,1.0,1.0,,,1.0,0.0,0.0,1.0,0.0,0.0,0.0,0.0,0.0,0.0,0.0,1.0,,1.0,1.0,0.0,,1.0,,1.0,0.0,1.0,0.0,0.0,0.0,0.0,,0.0,1.0,0.0,0.0,1.0,0.0,0.0,,,,,,0.0,0.0,0.0,0.0,0.0,0.0,0.0,0.0,,1.0,1.0,0.0,1.0,,0.0,1.0,1.0,0.0,1.0,1.0,1.0,1.0,1.0
Almeida de Jesus,,1.0,1.0,1.0,1.0,0.0,,,,,,,,,,,,,,0.0,,0.0,1.0,,,1.0,1.0,1.0,0.0,,1.0,0.0,,1.0,1.0,,1.0,1.0,0.0,1.0,1.0,,,1.0,,1.0,1.0,1.0,,,,,,,,,1.0,0.0,,,1.0,,,,1.0,1.0,1.0,,,1.0,1.0,,,,1.0,0.0,0.0,,,,,,,0.0,,,1.0,,0.0,1.0,1.0,0.0,,,,,,,1.0,,0.0,,0.0,1.0,,,,,,0.0,,0.0,0.0,0.0,0.0,1.0,0.0,1.0,,0.0,1.0,1.0,0.0,1.0,0.0,0.0,0.0,0.0,,,,,,,,,0.0,,0.0,0.0,1.0,,1.0,1.0,,,,,0.0,0.0,1.0,0.0,0.0,,0.0,0.0,0.0,0.0,1.0,1.0,1.0,,0.0,,0.0,0.0,,,1.0,0.0,,,0.0,,,0.0,1.0,,,,,0.0,,,,0.0,,,,0.0,1.0,0.0,1.0,,1.0,1.0,1.0,0.0,,1.0,,1.0,,,,1.0,,,1.0
Almerinda de Carvalho,1.0,1.0,1.0,1.0,,0.0,0.0,,0.0,1.0,1.0,1.0,0.0,0.0,0.0,0.0,0.0,1.0,0.0,0.0,1.0,0.0,1.0,1.0,,1.0,1.0,0.0,0.0,1.0,1.0,,0.0,1.0,,0.0,1.0,1.0,0.0,1.0,,1.0,,1.0,1.0,1.0,1.0,1.0,1.0,1.0,0.0,1.0,1.0,,,0.0,1.0,0.0,1.0,0.0,1.0,0.0,1.0,0.0,1.0,,1.0,1.0,1.0,,,,,,1.0,0.0,0.0,0.0,,,1.0,,0.0,,0.0,0.0,1.0,1.0,1.0,0.0,1.0,1.0,1.0,0.0,0.0,1.0,0.0,1.0,1.0,,1.0,0.0,0.0,1.0,0.0,,,0.0,0.0,0.0,0.0,0.0,,1.0,0.0,1.0,0.0,1.0,0.0,0.0,,1.0,,1.0,0.0,0.0,0.0,0.0,0.0,1.0,1.0,0.0,0.0,1.0,,0.0,0.0,,1.0,1.0,0.0,0.0,1.0,1.0,1.0,1.0,1.0,1.0,0.0,0.0,,0.0,,0.0,1.0,0.0,0.0,0.0,1.0,1.0,,1.0,0.0,0.0,1.0,,1.0,,1.0,0.0,1.0,1.0,,0.0,0.0,1.0,1.0,0.0,1.0,0.0,0.0,,0.0,0.0,1.0,0.0,1.0,,1.0,0.0,,0.0,1.0,,1.0,0.0,1.0,0.0,1.0,1.0,1.0,1.0,,0.0,1.0,1.0,1.0,1.0,1.0
Almir Moura,1.0,1.0,1.0,1.0,1.0,,0.0,1.0,,1.0,1.0,1.0,0.0,,0.0,,0.0,1.0,0.0,0.0,1.0,0.0,1.0,1.0,1.0,1.0,1.0,1.0,,1.0,1.0,0.0,0.0,,1.0,0.0,1.0,1.0,0.0,1.0,1.0,1.0,1.0,1.0,1.0,1.0,1.0,1.0,1.0,1.0,1.0,1.0,1.0,0.0,0.0,0.0,1.0,0.0,,0.0,1.0,0.0,1.0,0.0,0.0,,1.0,1.0,1.0,1.0,1.0,0.0,,0.0,1.0,0.0,,1.0,0.0,,0.0,1.0,0.0,0.0,0.0,0.0,1.0,1.0,0.0,0.0,0.0,0.0,,,,1.0,0.0,1.0,,1.0,,,0.0,1.0,0.0,0.0,0.0,0.0,0.0,0.0,,0.0,0.0,0.0,0.0,1.0,0.0,1.0,0.0,0.0,1.0,,0.0,1.0,0.0,1.0,0.0,,0.0,0.0,0.0,0.0,0.0,,1.0,0.0,0.0,,,,,0.0,1.0,1.0,1.0,1.0,1.0,,1.0,,,,1.0,,,,,,,1.0,,1.0,,0.0,0.0,,0.0,,,,,,,,,,1.0,,,,,,1.0,1.0,1.0,0.0,0.0,1.0,1.0,,1.0,,,0.0,1.0,0.0,1.0,1.0,,1.0,0.0,1.0,1.0,0.0,1.0,1.0,,,1.0
Almir Sá,1.0,1.0,1.0,1.0,1.0,0.0,,1.0,,1.0,1.0,1.0,,,0.0,0.0,0.0,1.0,0.0,0.0,1.0,,,,,1.0,1.0,1.0,0.0,1.0,1.0,,0.0,,1.0,0.0,1.0,1.0,,,,1.0,1.0,1.0,1.0,,1.0,1.0,1.0,1.0,0.0,1.0,,0.0,0.0,0.0,,0.0,,,1.0,0.0,1.0,0.0,0.0,1.0,1.0,1.0,1.0,1.0,1.0,0.0,1.0,,1.0,1.0,0.0,1.0,,,0.0,1.0,0.0,0.0,0.0,,1.0,,0.0,0.0,0.0,0.0,1.0,,0.0,1.0,0.0,,1.0,,1.0,,0.0,1.0,0.0,,0.0,0.0,0.0,0.0,,0.0,0.0,0.0,0.0,1.0,0.0,1.0,1.0,0.0,1.0,1.0,,1.0,,1.0,0.0,0.0,,,,,,1.0,,,,,0.0,,,0.0,,,1.0,1.0,0.0,,0.0,0.0,1.0,0.0,0.0,,,0.0,0.0,0.0,,,1.0,1.0,,0.0,1.0,0.0,1.0,0.0,1.0,0.0,0.0,,0.0,0.0,0.0,,0.0,0.0,1.0,0.0,0.0,0.0,0.0,,1.0,0.0,1.0,0.0,0.0,0.0,1.0,0.0,0.0,,,1.0,1.0,0.0,0.0,1.0,1.0,1.0,,0.0,1.0,1.0,,,1.0
Aloysio Nunes Ferreira,,,1.0,1.0,1.0,0.0,0.0,0.0,0.0,0.0,0.0,0.0,,1.0,1.0,1.0,1.0,0.0,1.0,1.0,,0.0,1.0,,,1.0,,,,,1.0,1.0,,,,,,,0.0,1.0,1.0,0.0,,1.0,1.0,1.0,,,,,,,1.0,1.0,,1.0,,,0.0,,,,,,,,,1.0,1.0,,,,,,,,,,,,,0.0,1.0,,1.0,,1.0,,1.0,,1.0,1.0,,,,,,,,,,,,0.0,,,,,,,,,,,,0.0,,,,,,,,,,,,,,,,,,,,,,,,,,,,,,,,,,,,,,,,,,,,,,,,,,,,,,,,,,,,,,,,,,,,,,,,,,,,,,,,,1.0,,,,,1.0,1.0,,,,,,
Amador Tut,,,,,,,,,,,,,,,,,,,,,,,,,,,,,,,1.0,0.0,,,,,,,,,,,,,,,,,,,,,,,,,,,,,,,1.0,,,,,,,,,,,,,,,,,,,,,,,,,,0.0,,,,,,0.0,1.0,,,,,,,0.0,1.0,0.0,0.0,,,,,,,,,,,,,,,,,,,,,,,,,,,,,,,,,,,,,,,,,,,,,,,,,,,,,,,,,,,,,,,,,,,,,,,,,,,,,,,,,,,,,,,,,,,,,,,,1.0,,,,,,,
Amauri Gasques,1.0,,1.0,0.0,0.0,1.0,,0.0,,0.0,0.0,0.0,1.0,1.0,1.0,1.0,1.0,,1.0,1.0,,1.0,1.0,1.0,1.0,1.0,1.0,1.0,0.0,,,0.0,,1.0,1.0,0.0,1.0,1.0,0.0,0.0,0.0,,0.0,,1.0,,1.0,1.0,1.0,1.0,0.0,1.0,1.0,0.0,0.0,0.0,,0.0,,0.0,1.0,0.0,1.0,0.0,0.0,1.0,1.0,1.0,1.0,1.0,1.0,0.0,1.0,0.0,1.0,0.0,0.0,,0.0,1.0,0.0,1.0,0.0,0.0,0.0,0.0,,1.0,0.0,0.0,0.0,0.0,1.0,,0.0,1.0,,1.0,0.0,1.0,0.0,0.0,0.0,1.0,,,0.0,0.0,0.0,0.0,,0.0,0.0,0.0,0.0,1.0,,,1.0,0.0,,0.0,0.0,1.0,0.0,1.0,0.0,0.0,0.0,0.0,0.0,0.0,0.0,1.0,1.0,0.0,0.0,,0.0,0.0,,0.0,1.0,1.0,,1.0,,,0.0,0.0,1.0,0.0,0.0,1.0,0.0,0.0,0.0,0.0,,1.0,1.0,,0.0,0.0,1.0,0.0,1.0,0.0,1.0,0.0,0.0,0.0,,,,1.0,0.0,0.0,1.0,,,0.0,0.0,0.0,1.0,,,0.0,,0.0,1.0,0.0,0.0,0.0,0.0,1.0,,0.0,,1.0,1.0,1.0,1.0,0.0,1.0,1.0,,,1.0
Ana Alencar,,,,,,,,,,,,,,,,,,,,,,,,,,,,,,,,,,,,,1.0,,,,,,,,,,,1.0,1.0,1.0,1.0,,,,,,,,,,,,,,,,,,,,,,,,,,,,,,,,,,,,,,,,,,,,,,,,,,,,,,,,,,,,,,,,,,,,,,1.0,0.0,,1.0,0.0,,,,0.0,0.0,0.0,,,,,,,,,0.0,1.0,,,,,,,,,,,,,,,,,,,1.0,,,,,1.0,1.0,1.0,1.0,0.0,,1.0,1.0,,,1.0,0.0,,,,,,,,,1.0,,0.0,0.0,,,1.0,,,0.0,1.0,0.0,,1.0,,,,,,0.0,0.0,0.0,,,
Ana Guerra,1.0,1.0,,,,,,,,,,,,,,,,,,,,,,,,,,,0.0,,,,,1.0,1.0,,1.0,1.0,,,,,,,,,1.0,1.0,1.0,1.0,0.0,1.0,,,,,,,,,,,,,0.0,1.0,1.0,,,,,,,,,,,,,,,,,,,,,1.0,,,,,,,,,,,1.0,,1.0,,,,,,,,,,,,,,,,,,0.0,0.0,1.0,,,1.0,,1.0,0.0,0.0,0.0,0.0,0.0,0.0,0.0,1.0,,0.0,0.0,0.0,0.0,0.0,1.0,,1.0,1.0,1.0,0.0,1.0,1.0,,0.0,1.0,0.0,,0.0,0.0,0.0,0.0,0.0,1.0,,,1.0,0.0,0.0,1.0,0.0,1.0,0.0,1.0,0.0,0.0,,,0.0,0.0,1.0,0.0,,,0.0,0.0,0.0,0.0,,0.0,0.0,1.0,0.0,0.0,0.0,0.0,,,1.0,,1.0,,0.0,0.0,1.0,,,,0.0,0.0,,,,
Anderson Adauto,,,,,,,,,,,,,,,,,,,,,,,,1.0,0.0,,,,,,,,,,,,,,,,,,,,,,,,,,,,,,0.0,,,1.0,,,1.0,0.0,,,,,,,1.0,,,,,,,,0.0,,,,,,0.0,,,0.0,,,0.0,,,0.0,,,,1.0,,,,1.0,,,,,,,,,,,,,0.0,,,,,,,,,,,,,,,,,,,,,,,,,,,,,,,,,,,,,,,,,,,,,,,,,,,,,,,,,,,,,,,,,,,,,,,,,,,,,,,,,,,,,,,,,,,,,,,,1.0
André Costa,,1.0,,,,,,,,,,,,,,,,,,,,,,,,,,,,,,,,1.0,1.0,,1.0,1.0,,,,,,,,,1.0,1.0,1.0,1.0,0.0,1.0,,,,,,,,,,,,,0.0,,,,,,,,,,,,,,,,,,,,,,,1.0,,,,,,,,,,,1.0,,1.0,,,,,,,,,,,,,,,,,1.0,0.0,,,1.0,0.0,,0.0,,,0.0,,0.0,0.0,,,1.0,,,0.0,,0.0,0.0,1.0,0.0,,,1.0,,1.0,,0.0,,,,1.0,1.0,,,,,,0.0,0.0,1.0,0.0,,,,0.0,1.0,1.0,0.0,0.0,0.0,0.0,0.0,1.0,,1.0,,,,0.0,0.0,,,,,0.0,,1.0,0.0,1.0,0.0,1.0,,1.0,0.0,,,1.0,1.0,,,,0.0,0.0,0.0,,,
André Figueiredo,1.0,1.0,,,,,,,,,,,,,,,,,,,,,,,,,,,,,,,,1.0,1.0,,1.0,1.0,,,,,,,,,1.0,1.0,1.0,1.0,0.0,,,,,,,,,,,,,,1.0,1.0,,,,,,,,,,,,,,,,,,,,,,1.0,,,,,,,,,,,1.0,,1.0,,,,,,,,,,,,,,,,,0.0,0.0,,1.0,1.0,,1.0,,0.0,0.0,0.0,0.0,1.0,,1.0,,1.0,1.0,,,0.0,,,,0.0,0.0,1.0,1.0,0.0,1.0,1.0,0.0,,,,1.0,1.0,,,0.0,1.0,1.0,0.0,0.0,,0.0,1.0,1.0,1.0,0.0,1.0,1.0,0.0,1.0,0.0,0.0,0.0,1.0,,1.0,,,0.0,0.0,0.0,0.0,1.0,,0.0,0.0,1.0,1.0,0.0,1.0,0.0,1.0,0.0,1.0,0.0,,1.0,1.0,1.0,1.0,,,0.0,1.0,1.0,,,
André Luiz,,,,1.0,1.0,0.0,0.0,1.0,0.0,1.0,1.0,1.0,,,0.0,0.0,0.0,1.0,0.0,0.0,1.0,,1.0,1.0,0.0,,,,,1.0,1.0,,0.0,,,0.0,,,0.0,1.0,1.0,1.0,,1.0,,1.0,,,,,,,1.0,,0.0,0.0,1.0,0.0,1.0,,1.0,,,,0.0,,,1.0,1.0,1.0,1.0,0.0,,0.0,,,0.0,,,,,0.0,0.0,,,,,,0.0,,0.0,,0.0,0.0,,1.0,,,,,,,0.0,1.0,1.0,,,,,,,,,,,,,,,,,,,,,,,,,,,,,,,,,,,,,,,,,,,,,,,,,,,,,,,,,,,,,,,,,,,,,,,,,,,,,,,,,,,,,,,,,,,,,,,,,1.0,1.0,,,,,,1.0
André Zacharow,,,1.0,1.0,1.0,,0.0,1.0,0.0,1.0,1.0,1.0,0.0,0.0,0.0,0.0,0.0,1.0,0.0,0.0,1.0,0.0,1.0,1.0,1.0,,1.0,1.0,0.0,1.0,,0.0,0.0,1.0,1.0,0.0,1.0,,0.0,,1.0,1.0,1.0,1.0,1.0,1.0,,1.0,1.0,1.0,,,,0.0,,0.0,,,1.0,,,,1.0,,1.0,1.0,1.0,1.0,1.0,1.0,1.0,0.0,1.0,0.0,1.0,,,,,,0.0,1.0,,0.0,0.0,0.0,1.0,,0.0,0.0,0.0,0.0,0.0,0.0,0.0,1.0,0.0,1.0,1.0,1.0,1.0,0.0,0.0,1.0,0.0,,0.0,,0.0,0.0,,,,,,,,1.0,,0.0,,1.0,0.0,1.0,0.0,1.0,0.0,0.0,0.0,0.0,0.0,,0.0,1.0,,0.0,0.0,1.0,0.0,0.0,1.0,0.0,1.0,1.0,,1.0,,,0.0,0.0,,0.0,,,0.0,0.0,,,1.0,,,1.0,0.0,,,,1.0,0.0,1.0,,1.0,0.0,0.0,,0.0,,0.0,,,0.0,0.0,,,,,,,,0.0,0.0,0.0,0.0,0.0,0.0,,,1.0,0.0,0.0,1.0,0.0,1.0,1.0,0.0,1.0,,1.0,1.0,
André de Paula,,1.0,1.0,0.0,0.0,,,,,0.0,0.0,0.0,1.0,1.0,1.0,1.0,1.0,,,1.0,,1.0,,1.0,0.0,1.0,1.0,1.0,0.0,,1.0,1.0,,1.0,1.0,,,1.0,0.0,1.0,1.0,,0.0,,1.0,1.0,1.0,1.0,1.0,1.0,1.0,1.0,1.0,,,,,,0.0,,,,1.0,1.0,1.0,1.0,1.0,,1.0,0.0,,,,,1.0,,,,,,,0.0,,,,1.0,1.0,,1.0,,,,1.0,,,,,,1.0,,1.0,,,1.0,,,,1.0,1.0,,,,,,,0.0,,0.0,1.0,1.0,1.0,1.0,,0.0,,0.0,1.0,0.0,,1.0,,,,1.0,,,,1.0,,,,1.0,0.0,1.0,,,0.0,0.0,1.0,,,,1.0,,,,,,0.0,1.0,,1.0,1.0,1.0,0.0,,0.0,1.0,0.0,,1.0,,,,1.0,,1.0,,,,,,1.0,,,0.0,,1.0,,,1.0,,1.0,0.0,1.0,0.0,1.0,,1.0,1.0,1.0,1.0,,0.0,1.0,1.0,,,1.0
Angela Guadagnin,1.0,1.0,,1.0,1.0,0.0,0.0,1.0,0.0,1.0,1.0,1.0,,,,0.0,0.0,1.0,0.0,0.0,1.0,0.0,1.0,1.0,1.0,1.0,,,0.0,1.0,1.0,0.0,0.0,1.0,0.0,0.0,1.0,1.0,0.0,1.0,1.0,1.0,1.0,1.0,1.0,1.0,1.0,1.0,,1.0,0.0,1.0,1.0,0.0,0.0,,1.0,0.0,,0.0,1.0,0.0,1.0,0.0,0.0,1.0,1.0,1.0,,1.0,1.0,,,,1.0,0.0,,1.0,0.0,1.0,0.0,,0.0,,,,1.0,1.0,0.0,0.0,0.0,0.0,0.0,0.0,0.0,1.0,0.0,,1.0,,1.0,0.0,0.0,1.0,,,0.0,,,,,,,,,,,1.0,0.0,0.0,,0.0,0.0,1.0,0.0,,0.0,0.0,0.0,1.0,,0.0,0.0,1.0,1.0,0.0,0.0,1.0,0.0,0.0,,,1.0,1.0,1.0,1.0,1.0,1.0,0.0,0.0,1.0,0.0,,0.0,0.0,0.0,0.0,0.0,1.0,0.0,1.0,,0.0,0.0,1.0,0.0,1.0,0.0,1.0,0.0,0.0,0.0,0.0,0.0,0.0,1.0,0.0,0.0,1.0,0.0,0.0,0.0,,,,0.0,,0.0,,0.0,0.0,,0.0,0.0,,1.0,1.0,0.0,0.0,1.0,0.0,1.0,1.0,0.0,0.0,0.0,,,
Anivaldo Vale,1.0,1.0,1.0,0.0,0.0,0.0,0.0,1.0,,0.0,0.0,,1.0,1.0,1.0,,,,,0.0,,0.0,1.0,1.0,,1.0,,,0.0,,1.0,,,1.0,,,1.0,1.0,0.0,1.0,,0.0,,1.0,1.0,1.0,1.0,1.0,1.0,1.0,0.0,1.0,1.0,,,,,,,,,,1.0,0.0,1.0,1.0,1.0,1.0,,,,,,,,,,,,,,,,,,1.0,,1.0,1.0,,1.0,1.0,1.0,,,,,1.0,1.0,0.0,1.0,,,,,,,,,,0.0,,,,,0.0,,0.0,,1.0,1.0,0.0,,0.0,,0.0,1.0,,,1.0,,,,1.0,,,,,,,,0.0,1.0,1.0,0.0,1.0,0.0,0.0,,,0.0,,0.0,1.0,,,,1.0,0.0,1.0,0.0,1.0,1.0,1.0,1.0,1.0,1.0,1.0,0.0,,1.0,1.0,,,1.0,,1.0,,,0.0,0.0,,1.0,1.0,1.0,1.0,0.0,,1.0,,1.0,1.0,1.0,0.0,1.0,0.0,,1.0,1.0,,1.0,,,0.0,0.0,0.0,,,
Ann Pontes,,1.0,1.0,1.0,1.0,0.0,0.0,,0.0,1.0,,1.0,0.0,0.0,0.0,0.0,0.0,,0.0,0.0,,0.0,1.0,1.0,0.0,1.0,1.0,0.0,0.0,,1.0,0.0,,1.0,1.0,0.0,1.0,1.0,0.0,1.0,1.0,1.0,1.0,1.0,1.0,1.0,1.0,1.0,1.0,1.0,0.0,1.0,,0.0,0.0,,1.0,,1.0,0.0,1.0,0.0,1.0,0.0,1.0,1.0,1.0,1.0,1.0,1.0,0.0,0.0,1.0,0.0,1.0,0.0,0.0,1.0,,,0.0,,0.0,,,0.0,1.0,,0.0,0.0,0.0,0.0,1.0,0.0,0.0,1.0,0.0,,1.0,,1.0,0.0,0.0,1.0,,,,0.0,0.0,0.0,1.0,0.0,0.0,0.0,0.0,1.0,0.0,,0.0,0.0,1.0,0.0,0.0,1.0,0.0,1.0,0.0,1.0,0.0,0.0,0.0,0.0,0.0,1.0,,0.0,0.0,1.0,0.0,0.0,1.0,0.0,,1.0,,,1.0,,,,,,,0.0,,,0.0,0.0,1.0,1.0,0.0,,,,1.0,0.0,1.0,0.0,1.0,,1.0,0.0,0.0,0.0,0.0,1.0,0.0,0.0,1.0,0.0,0.0,0.0,,,,0.0,1.0,0.0,0.0,0.0,0.0,0.0,0.0,0.0,1.0,0.0,,0.0,0.0,1.0,,1.0,1.0,0.0,1.0,1.0,,,
Anselmo,1.0,1.0,,1.0,1.0,0.0,0.0,1.0,0.0,1.0,1.0,1.0,0.0,0.0,0.0,0.0,0.0,,0.0,0.0,1.0,0.0,,1.0,1.0,1.0,,,0.0,1.0,,,0.0,,1.0,0.0,1.0,1.0,0.0,1.0,,,1.0,1.0,1.0,1.0,1.0,1.0,1.0,1.0,0.0,1.0,1.0,0.0,0.0,0.0,,0.0,1.0,,1.0,0.0,1.0,0.0,0.0,,,1.0,1.0,1.0,1.0,1.0,,0.0,1.0,0.0,,1.0,0.0,1.0,0.0,1.0,0.0,0.0,0.0,0.0,1.0,1.0,0.0,0.0,0.0,0.0,,0.0,0.0,1.0,0.0,,1.0,1.0,1.0,0.0,0.0,,0.0,0.0,0.0,,0.0,0.0,,0.0,0.0,0.0,0.0,1.0,0.0,,,0.0,,0.0,0.0,1.0,0.0,1.0,0.0,,0.0,0.0,,0.0,0.0,1.0,1.0,0.0,0.0,1.0,0.0,0.0,1.0,0.0,1.0,1.0,1.0,1.0,1.0,1.0,0.0,0.0,1.0,0.0,0.0,0.0,0.0,0.0,0.0,0.0,1.0,,1.0,1.0,0.0,0.0,1.0,0.0,1.0,0.0,1.0,,0.0,0.0,,0.0,0.0,1.0,0.0,0.0,1.0,,0.0,0.0,0.0,,0.0,0.0,1.0,0.0,0.0,0.0,0.0,0.0,1.0,0.0,,1.0,1.0,,0.0,1.0,0.0,,,0.0,0.0,0.0,1.0,1.0,
Antenor Naspolini,,1.0,,,,,,,,,,,,,,,,,,,,,,,,,,,,,,,,1.0,1.0,,1.0,1.0,,,,,,,,,1.0,1.0,1.0,1.0,0.0,1.0,,,,,,,,,,,,,1.0,1.0,1.0,,,,,,,,,,,,,,,,,,,,,1.0,,,,,,,,,,,1.0,,1.0,,,,,,,,,,,,,,,,,0.0,1.0,1.0,1.0,1.0,,0.0,,,1.0,0.0,1.0,1.0,0.0,,,,1.0,,,,,,,0.0,1.0,1.0,,1.0,,0.0,1.0,1.0,0.0,,0.0,1.0,,,0.0,1.0,0.0,,0.0,1.0,,1.0,1.0,1.0,1.0,1.0,0.0,,,1.0,,,,,,,,,,,,,,,,,,,,,,,,,,,,,,,,0.0,1.0,1.0,,,
Antonio Cambraia,1.0,1.0,,1.0,1.0,0.0,0.0,1.0,,0.0,1.0,1.0,1.0,1.0,1.0,1.0,1.0,0.0,1.0,0.0,,0.0,1.0,1.0,1.0,1.0,1.0,0.0,0.0,,1.0,1.0,,,,,1.0,1.0,0.0,1.0,1.0,0.0,,1.0,1.0,1.0,1.0,1.0,1.0,1.0,0.0,,1.0,,,,,,,,,,,0.0,1.0,1.0,1.0,1.0,1.0,,,,,,,,,0.0,,,,0.0,,,,1.0,1.0,1.0,1.0,,1.0,,,,,,,1.0,,0.0,,,,1.0,,,,1.0,,,0.0,,,,,0.0,,0.0,1.0,1.0,,,,0.0,,0.0,,0.0,,1.0,0.0,,,1.0,1.0,,,1.0,,,,0.0,1.0,1.0,1.0,1.0,0.0,0.0,1.0,1.0,0.0,,0.0,1.0,,,0.0,1.0,0.0,1.0,1.0,1.0,1.0,1.0,1.0,1.0,1.0,1.0,0.0,,1.0,1.0,,,,,1.0,,,0.0,0.0,,1.0,1.0,1.0,1.0,0.0,0.0,1.0,,1.0,1.0,1.0,0.0,1.0,0.0,1.0,1.0,,1.0,1.0,1.0,1.0,0.0,1.0,1.0,1.0,1.0,1.0
Antonio Carlos Biscaia,1.0,1.0,1.0,1.0,1.0,0.0,,1.0,0.0,1.0,1.0,1.0,0.0,0.0,0.0,0.0,0.0,1.0,0.0,0.0,1.0,0.0,1.0,1.0,1.0,1.0,,,,1.0,1.0,0.0,0.0,1.0,,0.0,,1.0,0.0,1.0,1.0,1.0,1.0,1.0,1.0,1.0,1.0,1.0,1.0,1.0,0.0,1.0,1.0,0.0,0.0,0.0,1.0,0.0,1.0,0.0,1.0,0.0,,,0.0,1.0,1.0,1.0,1.0,1.0,1.0,0.0,1.0,0.0,1.0,0.0,0.0,1.0,0.0,1.0,0.0,1.0,0.0,0.0,0.0,0.0,1.0,1.0,0.0,0.0,0.0,0.0,,,,,,1.0,1.0,1.0,1.0,0.0,0.0,1.0,0.0,0.0,0.0,0.0,0.0,0.0,1.0,0.0,0.0,0.0,0.0,0.0,0.0,1.0,0.0,0.0,1.0,0.0,,1.0,,1.0,0.0,0.0,0.0,0.0,0.0,0.0,0.0,1.0,1.0,0.0,0.0,0.0,0.0,0.0,1.0,0.0,1.0,1.0,1.0,1.0,1.0,1.0,0.0,0.0,1.0,0.0,0.0,0.0,0.0,,0.0,0.0,1.0,,1.0,1.0,0.0,0.0,1.0,0.0,1.0,0.0,1.0,0.0,0.0,0.0,0.0,0.0,0.0,1.0,0.0,0.0,1.0,0.0,0.0,0.0,0.0,0.0,0.0,0.0,,0.0,0.0,0.0,0.0,0.0,0.0,1.0,,1.0,1.0,0.0,0.0,1.0,0.0,1.0,1.0,0.0,0.0,0.0,1.0,0.0,0.0
Antonio Carlos Magalhães Neto,1.0,1.0,1.0,1.0,1.0,,,,,0.0,0.0,0.0,1.0,1.0,1.0,1.0,1.0,,,,,,1.0,1.0,1.0,1.0,1.0,1.0,0.0,,1.0,1.0,,1.0,1.0,,,1.0,0.0,1.0,1.0,0.0,,1.0,1.0,1.0,1.0,,1.0,1.0,,1.0,1.0,,,,,,0.0,,,,1.0,1.0,,,,1.0,1.0,0.0,1.0,,,,,,0.0,1.0,,,,1.0,0.0,,,1.0,1.0,,1.0,,1.0,1.0,1.0,,,,,1.0,1.0,0.0,1.0,,,1.0,,,,1.0,,,0.0,,,,,0.0,,0.0,1.0,1.0,1.0,1.0,,0.0,,0.0,1.0,0.0,,1.0,0.0,,,1.0,1.0,,,1.0,,,,1.0,1.0,1.0,1.0,1.0,0.0,0.0,1.0,,,,1.0,1.0,,,,1.0,0.0,1.0,1.0,1.0,1.0,1.0,0.0,1.0,0.0,,,,1.0,,,,1.0,,1.0,,,,,,1.0,1.0,1.0,0.0,,1.0,1.0,,1.0,1.0,1.0,0.0,1.0,0.0,1.0,,1.0,1.0,,1.0,1.0,0.0,0.0,0.0,1.0,1.0,
Antonio Carlos Mendes Thame,1.0,1.0,0.0,0.0,0.0,,,,,0.0,0.0,0.0,1.0,1.0,1.0,1.0,1.0,,1.0,,,,1.0,1.0,0.0,1.0,,,0.0,,,,,,1.0,,1.0,,0.0,1.0,1.0,0.0,,1.0,1.0,1.0,1.0,1.0,1.0,1.0,0.0,1.0,1.0,,,1.0,,,0.0,,,1.0,1.0,,,,,1.0,1.0,,,,,,,,,,,,,1.0,,,,,1.0,1.0,1.0,,,,1.0,,,,,1.0,1.0,0.0,1.0,,1.0,1.0,,,,1.0,,,,,,,,0.0,,0.0,,1.0,1.0,1.0,,,,0.0,0.0,0.0,,1.0,,,,1.0,,,,1.0,,,,1.0,1.0,1.0,0.0,1.0,,0.0,1.0,,,,1.0,,,,0.0,1.0,,1.0,0.0,,,1.0,1.0,1.0,,,,,1.0,,,,1.0,,1.0,,,0.0,,,1.0,1.0,1.0,,0.0,0.0,,,1.0,1.0,1.0,0.0,1.0,0.0,,,1.0,1.0,1.0,1.0,1.0,,,0.0,1.0,1.0,1.0
Antonio Carlos Pannunzio,1.0,1.0,,0.0,0.0,,,,,,,,,,,,,0.0,1.0,,,,1.0,1.0,0.0,1.0,1.0,0.0,0.0,,1.0,1.0,,1.0,1.0,,1.0,1.0,0.0,1.0,1.0,0.0,0.0,,,1.0,1.0,1.0,1.0,1.0,0.0,1.0,,,,1.0,,,,,,,1.0,0.0,1.0,1.0,1.0,,1.0,,,,,,,,,,,,,0.0,,,,1.0,1.0,,1.0,,1.0,1.0,1.0,,,,,1.0,,0.0,,,,0.0,,,,1.0,,,0.0,,,,,0.0,,0.0,1.0,1.0,1.0,1.0,,,,0.0,,0.0,,,,,,1.0,1.0,,,,,,,1.0,0.0,1.0,0.0,1.0,0.0,0.0,1.0,,,,1.0,,,,,,0.0,,,1.0,1.0,1.0,1.0,1.0,1.0,1.0,0.0,,1.0,1.0,,,,,1.0,,,0.0,0.0,,1.0,1.0,1.0,1.0,,0.0,1.0,,1.0,1.0,1.0,0.0,1.0,0.0,1.0,,1.0,1.0,,1.0,1.0,,0.0,1.0,1.0,1.0,1.0
Antonio Cruz,1.0,1.0,,1.0,1.0,0.0,0.0,1.0,0.0,1.0,1.0,1.0,0.0,0.0,0.0,0.0,0.0,1.0,0.0,0.0,,0.0,1.0,,,1.0,1.0,1.0,0.0,1.0,,,,1.0,1.0,0.0,1.0,1.0,0.0,1.0,,0.0,1.0,1.0,1.0,1.0,1.0,1.0,1.0,1.0,0.0,1.0,,0.0,0.0,,1.0,0.0,,0.0,1.0,0.0,1.0,1.0,1.0,1.0,1.0,1.0,,0.0,0.0,0.0,1.0,0.0,1.0,0.0,0.0,0.0,0.0,1.0,0.0,1.0,0.0,0.0,0.0,,1.0,1.0,0.0,0.0,0.0,0.0,0.0,0.0,0.0,1.0,0.0,1.0,,1.0,0.0,0.0,0.0,,,,,0.0,0.0,0.0,1.0,0.0,1.0,,,,1.0,0.0,1.0,1.0,,1.0,0.0,1.0,0.0,,,0.0,0.0,1.0,,0.0,0.0,1.0,,0.0,0.0,,0.0,0.0,1.0,0.0,,1.0,1.0,1.0,0.0,1.0,0.0,0.0,,0.0,0.0,,,0.0,0.0,,,,0.0,,0.0,0.0,1.0,,1.0,1.0,1.0,,0.0,0.0,,,0.0,1.0,,,1.0,,,,,,,,1.0,,0.0,0.0,1.0,0.0,0.0,0.0,1.0,1.0,1.0,0.0,0.0,1.0,1.0,,,0.0,1.0,1.0,,,1.0
Antonio Joaquim,,,1.0,1.0,,,0.0,1.0,0.0,1.0,1.0,1.0,,0.0,0.0,0.0,0.0,1.0,,0.0,1.0,0.0,1.0,,1.0,1.0,1.0,1.0,,1.0,1.0,,0.0,,1.0,0.0,1.0,,0.0,1.0,1.0,,,1.0,1.0,,,1.0,1.0,1.0,0.0,1.0,1.0,0.0,,0.0,,,,,,,1.0,0.0,1.0,1.0,1.0,1.0,,1.0,1.0,,,,1.0,,,,,,,,,0.0,,0.0,1.0,,0.0,0.0,0.0,1.0,0.0,0.0,0.0,,0.0,,1.0,1.0,1.0,,,1.0,0.0,0.0,0.0,0.0,0.0,0.0,,0.0,0.0,0.0,0.0,1.0,0.0,1.0,0.0,0.0,1.0,0.0,,1.0,0.0,,0.0,,0.0,0.0,0.0,0.0,0.0,,,0.0,0.0,,0.0,0.0,1.0,0.0,,,,1.0,,,,,,0.0,,,0.0,0.0,,1.0,,1.0,1.0,1.0,1.0,,,1.0,1.0,1.0,0.0,,,,,,,,,,,,,,,,,1.0,0.0,0.0,1.0,,1.0,,,0.0,1.0,0.0,1.0,,,1.0,,,1.0,0.0,1.0,1.0,1.0,1.0,1.0
Antonio Nogueira,,,,1.0,1.0,,0.0,,0.0,1.0,1.0,1.0,0.0,0.0,,,,,0.0,0.0,1.0,0.0,,1.0,1.0,1.0,1.0,1.0,,1.0,,,0.0,,,,,,0.0,1.0,1.0,1.0,1.0,1.0,,,,,,,,,1.0,0.0,,,,,1.0,,,0.0,1.0,0.0,,,,1.0,1.0,1.0,1.0,,1.0,0.0,1.0,0.0,0.0,1.0,0.0,,0.0,1.0,0.0,,,0.0,1.0,,0.0,0.0,0.0,0.0,,0.0,0.0,1.0,0.0,1.0,,1.0,,,,,,,0.0,,0.0,,1.0,0.0,0.0,0.0,,1.0,0.0,,,,,,,,,,,,,,,,,,,,,,,,,,,,,,,,,,,,,,,,,,,,,,,,,,,,,,,,,,,,,,,,,,,,,,,,,,,,,,,,1.0,,,,,,,,,,1.0,,
Antônio Carlos Biffi,1.0,1.0,0.0,1.0,1.0,0.0,0.0,1.0,0.0,1.0,1.0,1.0,0.0,0.0,,,0.0,1.0,0.0,0.0,1.0,0.0,1.0,1.0,1.0,,1.0,1.0,0.0,1.0,,0.0,0.0,1.0,1.0,,1.0,1.0,0.0,1.0,1.0,,,,,1.0,1.0,1.0,1.0,1.0,0.0,1.0,1.0,0.0,0.0,0.0,1.0,0.0,,0.0,1.0,,1.0,0.0,0.0,1.0,1.0,1.0,1.0,1.0,1.0,0.0,1.0,,1.0,0.0,0.0,,0.0,,0.0,1.0,0.0,0.0,,,,,0.0,,0.0,0.0,0.0,0.0,,1.0,0.0,1.0,1.0,1.0,1.0,0.0,0.0,1.0,0.0,,0.0,0.0,0.0,,1.0,0.0,0.0,0.0,0.0,1.0,0.0,1.0,0.0,0.0,1.0,0.0,0.0,1.0,0.0,1.0,0.0,0.0,0.0,0.0,0.0,0.0,0.0,1.0,1.0,0.0,,1.0,0.0,0.0,1.0,0.0,1.0,1.0,1.0,1.0,,,,0.0,1.0,0.0,,0.0,0.0,0.0,,,1.0,,,1.0,0.0,0.0,1.0,,1.0,,1.0,0.0,0.0,0.0,0.0,0.0,0.0,1.0,0.0,,1.0,,,0.0,0.0,0.0,0.0,0.0,1.0,0.0,0.0,,0.0,0.0,0.0,,,1.0,,0.0,0.0,1.0,0.0,1.0,1.0,0.0,0.0,0.0,1.0,1.0,1.0
Aníbal Gomes,1.0,1.0,1.0,1.0,1.0,,0.0,,,1.0,1.0,1.0,,0.0,0.0,,0.0,1.0,0.0,0.0,1.0,0.0,1.0,1.0,0.0,,,1.0,,1.0,1.0,,0.0,1.0,1.0,0.0,1.0,1.0,0.0,1.0,,,1.0,,,,1.0,1.0,1.0,,,1.0,1.0,0.0,,0.0,1.0,0.0,,,1.0,,,,1.0,,1.0,,1.0,1.0,,,1.0,0.0,1.0,0.0,0.0,,0.0,,0.0,1.0,,0.0,0.0,,1.0,,0.0,,0.0,0.0,1.0,,,1.0,0.0,1.0,,1.0,1.0,0.0,,1.0,0.0,,,,,,,,,,,,0.0,1.0,,0.0,,,,,,,,,0.0,1.0,0.0,,,1.0,,0.0,0.0,,0.0,0.0,,0.0,1.0,,1.0,1.0,,1.0,0.0,,1.0,,0.0,,0.0,,,,,1.0,,1.0,,0.0,1.0,0.0,,0.0,1.0,,1.0,0.0,,0.0,0.0,,,,,,0.0,,,0.0,,,1.0,,0.0,,0.0,,0.0,0.0,,0.0,,,0.0,,1.0,1.0,1.0,0.0,1.0,,1.0,1.0,1.0
Aracely de Paula,1.0,1.0,1.0,,,,,,,,,,,,,,,,,,,,,1.0,1.0,,1.0,1.0,,1.0,,,0.0,1.0,1.0,,1.0,1.0,,,,1.0,1.0,,1.0,,1.0,1.0,1.0,1.0,0.0,1.0,1.0,0.0,0.0,0.0,1.0,0.0,1.0,0.0,1.0,0.0,1.0,0.0,0.0,1.0,1.0,1.0,1.0,1.0,,0.0,1.0,,,0.0,0.0,1.0,0.0,1.0,0.0,1.0,,,0.0,0.0,1.0,1.0,0.0,,,,1.0,,0.0,1.0,0.0,1.0,,,1.0,,0.0,1.0,0.0,0.0,0.0,0.0,0.0,0.0,1.0,0.0,,0.0,0.0,1.0,0.0,1.0,1.0,0.0,1.0,,0.0,1.0,0.0,1.0,,,0.0,0.0,0.0,0.0,,,1.0,,0.0,1.0,0.0,0.0,1.0,,1.0,1.0,1.0,1.0,,,,0.0,1.0,0.0,,1.0,0.0,0.0,0.0,0.0,1.0,1.0,1.0,1.0,0.0,0.0,1.0,0.0,1.0,0.0,1.0,0.0,0.0,0.0,0.0,,,1.0,0.0,0.0,1.0,0.0,0.0,0.0,,,,0.0,,,,0.0,0.0,0.0,0.0,,,1.0,,0.0,0.0,,1.0,,,,1.0,1.0,,,1.0
Ariosto Holanda,1.0,1.0,1.0,1.0,1.0,0.0,0.0,1.0,0.0,1.0,1.0,1.0,,0.0,,0.0,0.0,1.0,,0.0,1.0,0.0,1.0,1.0,1.0,1.0,1.0,1.0,0.0,1.0,1.0,0.0,0.0,1.0,1.0,,1.0,1.0,0.0,1.0,,1.0,1.0,1.0,,,1.0,1.0,1.0,1.0,0.0,1.0,,0.0,0.0,0.0,1.0,0.0,1.0,0.0,1.0,0.0,1.0,0.0,1.0,1.0,1.0,1.0,1.0,1.0,1.0,0.0,1.0,0.0,,0.0,0.0,,0.0,,0.0,1.0,0.0,0.0,0.0,1.0,1.0,1.0,0.0,0.0,0.0,0.0,0.0,0.0,0.0,1.0,0.0,1.0,1.0,1.0,1.0,0.0,0.0,1.0,,0.0,0.0,0.0,0.0,0.0,1.0,0.0,0.0,0.0,0.0,1.0,0.0,1.0,0.0,0.0,1.0,0.0,0.0,1.0,0.0,1.0,0.0,0.0,0.0,0.0,0.0,0.0,0.0,1.0,,0.0,0.0,1.0,0.0,0.0,1.0,0.0,1.0,1.0,1.0,1.0,1.0,1.0,0.0,0.0,1.0,0.0,0.0,0.0,0.0,0.0,0.0,0.0,1.0,1.0,1.0,1.0,0.0,0.0,1.0,0.0,1.0,0.0,1.0,0.0,0.0,0.0,0.0,0.0,0.0,1.0,0.0,0.0,1.0,0.0,0.0,0.0,0.0,0.0,0.0,0.0,1.0,0.0,0.0,0.0,1.0,0.0,0.0,1.0,1.0,0.0,1.0,0.0,0.0,1.0,1.0,1.0,,0.0,1.0,1.0,1.0,1.0,1.0
Arlindo Chinaglia,1.0,1.0,1.0,1.0,1.0,0.0,0.0,1.0,0.0,1.0,1.0,1.0,0.0,,0.0,0.0,0.0,1.0,,0.0,1.0,0.0,1.0,1.0,1.0,1.0,1.0,,,,1.0,,0.0,1.0,1.0,0.0,1.0,1.0,0.0,1.0,1.0,,,,1.0,1.0,1.0,1.0,1.0,1.0,0.0,1.0,,0.0,,0.0,1.0,0.0,,,1.0,0.0,1.0,0.0,,1.0,1.0,1.0,,,,0.0,1.0,,1.0,,0.0,1.0,,1.0,0.0,1.0,0.0,0.0,0.0,0.0,,1.0,0.0,0.0,0.0,0.0,0.0,0.0,0.0,1.0,0.0,1.0,1.0,1.0,1.0,0.0,0.0,1.0,0.0,0.0,0.0,0.0,,0.0,1.0,0.0,0.0,0.0,0.0,1.0,0.0,1.0,0.0,0.0,1.0,0.0,0.0,1.0,0.0,1.0,,0.0,0.0,0.0,0.0,0.0,0.0,1.0,1.0,0.0,0.0,1.0,0.0,0.0,,0.0,1.0,,,0.0,1.0,1.0,0.0,0.0,1.0,0.0,,0.0,0.0,0.0,0.0,,,,,1.0,,0.0,,0.0,1.0,0.0,,0.0,0.0,0.0,,0.0,0.0,1.0,0.0,0.0,1.0,0.0,0.0,0.0,0.0,0.0,0.0,0.0,1.0,0.0,0.0,0.0,0.0,,0.0,0.0,,1.0,,0.0,0.0,1.0,1.0,1.0,1.0,0.0,1.0,1.0,,1.0,1.0
Armando Abílio,,,,,,,,,,,,,,,,,,,,,,,,,,,,,0.0,,,,,,,,,,,,,,,,,,,,,,,,,,,,,,,,,,,,,,,,,,,,,,,,,,,,,,,,,,,,,,,,,,,,,,,,,,,,,,,,,,,,,,,,,,,,,,,,,,,,,,,,,,,,,1.0,,,,,,,,,,,,,,,,,,,,,,,,,,,,,,,,,1.0,,,,1.0,,,,,,,,,,,,0.0,0.0,1.0,,,,,0.0,1.0,1.0,,,0.0,1.0,1.0,,,,,,,,
Armando Monteiro,1.0,1.0,1.0,1.0,1.0,,0.0,,,,0.0,,,,,,,,0.0,,1.0,,1.0,1.0,1.0,,,1.0,,1.0,1.0,,0.0,,1.0,,1.0,1.0,0.0,1.0,,,,,,1.0,1.0,1.0,1.0,1.0,0.0,,,,,,,,1.0,0.0,,,,0.0,0.0,,1.0,,1.0,,1.0,,,0.0,,0.0,,,,1.0,0.0,1.0,0.0,0.0,,,1.0,,0.0,0.0,0.0,0.0,1.0,,,,,,1.0,1.0,,,0.0,1.0,,,,,,,1.0,0.0,,0.0,0.0,1.0,0.0,1.0,,,,,0.0,,0.0,1.0,0.0,,0.0,0.0,0.0,0.0,,,,,,,,,1.0,,,,1.0,,,1.0,,,1.0,,,,,,,,,,,1.0,,,1.0,,,0.0,,0.0,0.0,0.0,,0.0,,,,,1.0,,,,,,1.0,,1.0,,,,,,,,,1.0,,,,,1.0,,,0.0,1.0,1.0,,,
Arnaldo Faria de Sá,1.0,,1.0,0.0,0.0,,1.0,0.0,0.0,0.0,0.0,0.0,1.0,1.0,1.0,,1.0,1.0,0.0,1.0,0.0,1.0,1.0,1.0,1.0,1.0,0.0,1.0,0.0,0.0,1.0,1.0,1.0,1.0,1.0,,1.0,,0.0,1.0,1.0,0.0,1.0,1.0,1.0,,,1.0,0.0,0.0,1.0,0.0,1.0,1.0,1.0,0.0,1.0,0.0,,1.0,0.0,1.0,0.0,,1.0,1.0,1.0,0.0,0.0,0.0,0.0,1.0,0.0,1.0,1.0,0.0,1.0,0.0,1.0,0.0,1.0,0.0,1.0,1.0,0.0,0.0,1.0,1.0,1.0,1.0,1.0,1.0,1.0,1.0,1.0,,1.0,0.0,,1.0,0.0,0.0,0.0,1.0,1.0,0.0,0.0,1.0,0.0,0.0,1.0,1.0,1.0,1.0,1.0,0.0,1.0,0.0,1.0,1.0,1.0,1.0,1.0,0.0,1.0,0.0,1.0,0.0,1.0,1.0,1.0,1.0,1.0,1.0,1.0,1.0,1.0,1.0,1.0,,0.0,1.0,0.0,1.0,,0.0,0.0,0.0,,0.0,1.0,0.0,,1.0,0.0,0.0,0.0,1.0,0.0,0.0,,1.0,1.0,0.0,1.0,,1.0,1.0,0.0,0.0,1.0,0.0,,1.0,1.0,0.0,1.0,1.0,1.0,0.0,1.0,0.0,0.0,1.0,1.0,0.0,0.0,1.0,1.0,0.0,1.0,1.0,1.0,0.0,1.0,0.0,1.0,0.0,1.0,1.0,1.0,1.0,1.0,0.0,1.0,1.0,1.0,1.0,1.0
Arnaldo Madeira,,,,,,,,,,,,,,,,,,,,,,,,,,,,,,,,,,,,,,,,,,,,,,,,,,,,,,,,,,,,,,,,,,,,,,,,,,,,,,,,,,,,,,,,,,,,,,,,,,,,,,,,,,,,,,,,,,,,,,,,,,,,,,,,,,,,,,1.0,,,,1.0,,,,,,,,,,,,,,,,,,,,,,,,,,,,,,,,,1.0,,,,1.0,,,,,,,,1.0,1.0,1.0,1.0,1.0,0.0,1.0,,1.0,1.0,1.0,0.0,1.0,0.0,,1.0,1.0,1.0,1.0,,,,,,,,
Arnon Bezerra,1.0,,,1.0,1.0,0.0,,1.0,,1.0,1.0,1.0,,0.0,,,,1.0,0.0,0.0,1.0,0.0,,,,1.0,1.0,,0.0,1.0,1.0,0.0,,1.0,1.0,,1.0,,0.0,1.0,1.0,1.0,1.0,,,,,1.0,1.0,1.0,0.0,,,0.0,0.0,,,0.0,,0.0,1.0,0.0,,,0.0,,1.0,,,1.0,1.0,0.0,1.0,,,,0.0,,,1.0,0.0,,,0.0,,0.0,1.0,1.0,0.0,,0.0,0.0,,0.0,,,,,1.0,1.0,1.0,,,1.0,0.0,0.0,0.0,,,,1.0,0.0,0.0,,0.0,,,,,,1.0,0.0,,,,,,0.0,,0.0,,,,,1.0,,,1.0,,,,,1.0,1.0,1.0,1.0,,1.0,0.0,0.0,1.0,0.0,,,0.0,,,,,1.0,1.0,1.0,0.0,0.0,,,1.0,0.0,1.0,0.0,0.0,0.0,,0.0,,,,,1.0,,0.0,,,0.0,1.0,0.0,1.0,,0.0,,1.0,0.0,,,,1.0,,0.0,,1.0,1.0,1.0,1.0,0.0,1.0,1.0,,1.0,
Arolde de Oliveira,,,,0.0,,,,,,,,,,,,,,,,,,,,,,,,,,,,,,,,,,,,,,,,,,,,,,,,,,,,,,,,,,,,,,,,,,,,,,,,,,,,,,,,,,,,,,,,,,,,,,,,,,,,,,,,,,,,,,,,,,,,,,,,,,,,,,,,,,1.0,,,,,,,,,,,,,,,,,,,,,,,,,,,,,,,,,,,,,,,,,1.0,,,,,,,,1.0,1.0,1.0,0.0,,,,,1.0,,,0.0,1.0,0.0,,,,,,,,,,,,,
Aroldo Cedraz,1.0,1.0,1.0,1.0,1.0,,,,,0.0,0.0,0.0,1.0,1.0,,1.0,,,,1.0,,,,1.0,1.0,1.0,,1.0,,,1.0,1.0,,,1.0,,1.0,1.0,0.0,1.0,1.0,,,1.0,,1.0,1.0,1.0,1.0,1.0,1.0,,,,,,,,,,,,,1.0,,,,,,,,,,,,,,1.0,,,,1.0,,,,,,1.0,,,1.0,1.0,,,,,,1.0,,0.0,,,,1.0,,,,1.0,,,,,,,,0.0,,0.0,1.0,,,1.0,,0.0,,0.0,,0.0,,1.0,,,,,,,,1.0,,1.0,,,1.0,1.0,1.0,1.0,,,1.0,,,,,,,,,,,,1.0,,,,,,0.0,1.0,,,1.0,,,,,,,,,,,,,1.0,1.0,,0.0,,,,1.0,1.0,,,1.0,0.0,,,1.0,,,,1.0,0.0,0.0,1.0,1.0,1.0,1.0
Ary Kara,1.0,,,,,,,,,,,,,,,,,,,,,,,,,,,,0.0,,,,,,0.0,,1.0,,,,,,,,,,,1.0,1.0,1.0,0.0,,,,,,,,,,,,,,1.0,1.0,1.0,,,,,,,,,,,,,,,,,,,,,1.0,,,,,,,,,,,,,1.0,,,,,,,,,,,,,,,,,,1.0,0.0,,0.0,0.0,1.0,0.0,0.0,,0.0,0.0,,,0.0,0.0,1.0,1.0,,0.0,1.0,0.0,0.0,1.0,0.0,,1.0,1.0,1.0,,,,,,0.0,1.0,,,,,0.0,,,,1.0,,0.0,,,1.0,1.0,,0.0,0.0,0.0,0.0,,,,0.0,1.0,1.0,0.0,,0.0,,,,,1.0,,0.0,0.0,1.0,,0.0,0.0,1.0,0.0,,0.0,,,,,,0.0,1.0,1.0,,,
Ary Vanazzi,,,,1.0,1.0,0.0,0.0,1.0,0.0,1.0,1.0,1.0,0.0,0.0,0.0,0.0,0.0,1.0,0.0,0.0,1.0,0.0,1.0,,,,,,,1.0,,,0.0,,,0.0,,,0.0,1.0,,,,1.0,1.0,1.0,,,,,,,1.0,0.0,0.0,0.0,1.0,,,0.0,1.0,0.0,1.0,,,,,1.0,1.0,1.0,0.0,,,,1.0,0.0,0.0,1.0,0.0,1.0,0.0,,,,0.0,,1.0,,0.0,,0.0,0.0,0.0,0.0,0.0,1.0,0.0,1.0,,1.0,,,,,0.0,0.0,0.0,0.0,,0.0,,0.0,,,,,,,,,,,,,,,,,,,,,,,,,,,,,,,,,,,,,,,,,,,,,,,,,,,,,,,,,,,,,,,,,,,,,,,,,,,,,,,,,,,,,,,,,,,,,,,1.0,1.0,1.0
Asdrubal Bentes,,1.0,1.0,0.0,0.0,,,1.0,0.0,1.0,1.0,1.0,0.0,,,,0.0,,,,1.0,,1.0,1.0,1.0,1.0,,,0.0,1.0,1.0,,0.0,1.0,1.0,,1.0,1.0,0.0,1.0,1.0,1.0,1.0,1.0,,1.0,1.0,1.0,1.0,1.0,0.0,,1.0,0.0,0.0,0.0,1.0,0.0,1.0,0.0,1.0,0.0,1.0,,1.0,1.0,,1.0,1.0,,1.0,0.0,1.0,0.0,,0.0,0.0,0.0,,1.0,0.0,,0.0,,,,,,,,,,1.0,,0.0,1.0,0.0,1.0,0.0,1.0,1.0,0.0,0.0,1.0,,,,0.0,,,1.0,,0.0,0.0,0.0,1.0,0.0,1.0,0.0,0.0,1.0,1.0,0.0,1.0,0.0,,0.0,,,,0.0,0.0,0.0,1.0,,0.0,0.0,1.0,,0.0,,1.0,1.0,1.0,,,,1.0,0.0,0.0,1.0,,0.0,,0.0,0.0,0.0,0.0,1.0,1.0,,,0.0,,,0.0,1.0,0.0,1.0,,,0.0,,0.0,0.0,,0.0,,,0.0,,,,0.0,1.0,0.0,,0.0,,0.0,0.0,,,,1.0,1.0,,,,1.0,1.0,1.0,1.0,0.0,1.0,1.0,1.0,1.0,1.0
Assis Miguel do Couto,1.0,1.0,,1.0,1.0,0.0,0.0,1.0,,1.0,1.0,1.0,,,0.0,,0.0,1.0,0.0,0.0,1.0,,,1.0,1.0,1.0,,,0.0,,1.0,0.0,0.0,,0.0,0.0,1.0,1.0,0.0,1.0,1.0,,,1.0,,1.0,1.0,1.0,1.0,1.0,0.0,1.0,,,0.0,,1.0,0.0,,0.0,,0.0,1.0,0.0,,,,,1.0,1.0,1.0,,,,1.0,0.0,0.0,1.0,0.0,1.0,,,0.0,0.0,0.0,,1.0,1.0,0.0,0.0,0.0,0.0,0.0,0.0,0.0,1.0,0.0,,1.0,1.0,,0.0,0.0,1.0,0.0,0.0,,,,0.0,1.0,0.0,0.0,,0.0,1.0,0.0,1.0,0.0,,1.0,,0.0,1.0,0.0,1.0,0.0,,,0.0,0.0,,,1.0,1.0,,0.0,0.0,0.0,,1.0,0.0,1.0,1.0,,0.0,1.0,1.0,0.0,0.0,1.0,0.0,0.0,,0.0,0.0,0.0,0.0,1.0,,1.0,1.0,0.0,0.0,1.0,0.0,1.0,,1.0,0.0,1.0,,,0.0,0.0,1.0,0.0,0.0,1.0,0.0,0.0,,,0.0,0.0,0.0,1.0,,,,,0.0,0.0,0.0,0.0,1.0,1.0,0.0,0.0,1.0,0.0,1.0,,,0.0,1.0,1.0,1.0,
Athos Avelino,,,1.0,1.0,1.0,0.0,,1.0,0.0,1.0,1.0,1.0,0.0,0.0,0.0,1.0,0.0,1.0,0.0,0.0,1.0,0.0,1.0,1.0,,,1.0,1.0,,0.0,1.0,,0.0,,,0.0,,,0.0,1.0,1.0,1.0,1.0,1.0,1.0,1.0,,,,,,,1.0,0.0,0.0,0.0,1.0,0.0,1.0,0.0,1.0,0.0,1.0,0.0,,,,1.0,1.0,1.0,1.0,0.0,1.0,0.0,1.0,0.0,0.0,1.0,0.0,1.0,0.0,1.0,0.0,0.0,0.0,0.0,1.0,,,0.0,,,1.0,0.0,0.0,1.0,0.0,1.0,,1.0,,0.0,,1.0,,,,0.0,0.0,0.0,,0.0,0.0,0.0,0.0,1.0,0.0,,,,,,,,,,,,,,,,,,,,,,,,,,,,,,,,,,,,,,,,,,,,,,,,,,,,,,,,,,,,,,,,,,,,,,,,,,,,,,,,1.0,,,,,1.0,1.0,,,,1.0,1.0,1.0
Augusto Nardes,,,1.0,,1.0,0.0,,1.0,0.0,1.0,1.0,1.0,0.0,,,0.0,,,0.0,0.0,1.0,0.0,1.0,,1.0,,1.0,1.0,,1.0,1.0,,0.0,1.0,1.0,0.0,,,0.0,1.0,,,,,,,,,,,,,,,,,,,,,1.0,,1.0,1.0,1.0,1.0,1.0,,1.0,,1.0,,,0.0,1.0,,,,,,,0.0,1.0,,0.0,,1.0,,0.0,0.0,0.0,,1.0,,,1.0,0.0,1.0,,0.0,,,0.0,1.0,0.0,0.0,,0.0,0.0,,1.0,0.0,0.0,0.0,,,0.0,1.0,0.0,0.0,,,0.0,,0.0,0.0,,,,0.0,,,0.0,,,0.0,0.0,,0.0,0.0,,1.0,0.0,1.0,,,,,,,,,,,,,,,,,,,,,,,,,,,,,,,,,,,,,,,,,,,,,,,,,,,,,,,,,,1.0,1.0,,,,0.0,1.0,
B. Sá,1.0,1.0,,1.0,1.0,0.0,0.0,1.0,0.0,1.0,1.0,1.0,0.0,0.0,0.0,0.0,0.0,1.0,0.0,0.0,1.0,0.0,1.0,1.0,1.0,,1.0,1.0,,1.0,,,0.0,1.0,1.0,0.0,1.0,1.0,0.0,1.0,1.0,1.0,1.0,1.0,1.0,,1.0,1.0,1.0,1.0,0.0,1.0,1.0,0.0,0.0,0.0,1.0,0.0,,0.0,1.0,0.0,,0.0,1.0,1.0,1.0,1.0,1.0,1.0,1.0,0.0,1.0,0.0,,0.0,0.0,1.0,0.0,1.0,0.0,1.0,0.0,0.0,0.0,0.0,1.0,1.0,0.0,0.0,0.0,0.0,1.0,0.0,0.0,1.0,0.0,1.0,,1.0,1.0,0.0,0.0,,0.0,0.0,0.0,0.0,0.0,0.0,1.0,0.0,0.0,0.0,0.0,1.0,0.0,1.0,0.0,0.0,1.0,0.0,,1.0,0.0,1.0,,,0.0,0.0,0.0,0.0,0.0,1.0,1.0,0.0,0.0,1.0,0.0,0.0,1.0,0.0,1.0,1.0,,1.0,1.0,1.0,,0.0,1.0,0.0,0.0,0.0,0.0,0.0,0.0,0.0,1.0,,1.0,1.0,,0.0,1.0,0.0,1.0,0.0,1.0,0.0,0.0,0.0,0.0,,,1.0,0.0,0.0,1.0,,,0.0,0.0,0.0,0.0,0.0,1.0,0.0,,0.0,1.0,,,,,1.0,1.0,0.0,0.0,1.0,1.0,,1.0,0.0,1.0,1.0,1.0,1.0,1.0
Babá,1.0,1.0,1.0,0.0,0.0,1.0,0.0,,,0.0,1.0,1.0,,1.0,,,,,1.0,,0.0,0.0,,1.0,0.0,0.0,,1.0,,,1.0,,0.0,,,,0.0,0.0,0.0,1.0,,1.0,0.0,1.0,,,1.0,1.0,1.0,1.0,0.0,1.0,1.0,1.0,,1.0,1.0,,1.0,0.0,1.0,0.0,1.0,0.0,1.0,1.0,1.0,,,0.0,0.0,,,,,0.0,,0.0,,,0.0,,,0.0,0.0,,1.0,1.0,1.0,0.0,1.0,1.0,,,,1.0,,1.0,,0.0,,,,1.0,,0.0,0.0,,0.0,,,,,1.0,0.0,0.0,,1.0,0.0,1.0,,1.0,,0.0,,0.0,,0.0,0.0,1.0,,,,1.0,,,,,,,,0.0,,1.0,,1.0,,,0.0,,0.0,,1.0,,,,,0.0,1.0,,0.0,1.0,0.0,0.0,,,0.0,1.0,,0.0,0.0,0.0,0.0,0.0,,0.0,1.0,0.0,1.0,0.0,0.0,,,,0.0,0.0,0.0,0.0,,,,,1.0,0.0,1.0,0.0,1.0,1.0,,,0.0,1.0,1.0,0.0,0.0,0.0,,,
Badu Picanço,1.0,1.0,,,,,,,,,,,,,,,,,,,,,,,,,,,0.0,,,,,1.0,1.0,,1.0,1.0,,,,,,,,,1.0,1.0,1.0,1.0,0.0,1.0,,,,,,,,,,,,,0.0,1.0,1.0,,,,,,,,,,,,,,,,,,,,,1.0,,,,,,,,,,,0.0,,0.0,,,,,,,,,,,,,,,,,,1.0,,,0.0,,,,1.0,0.0,0.0,0.0,0.0,0.0,,0.0,1.0,1.0,0.0,,,,,,,1.0,1.0,,1.0,,,,0.0,1.0,0.0,,,0.0,0.0,,,,,,1.0,,0.0,,0.0,1.0,0.0,1.0,,0.0,0.0,0.0,,,1.0,,,1.0,,0.0,,,,,,,,,0.0,0.0,,,,1.0,1.0,,,,1.0,1.0,,,,1.0,1.0,,,
Barbosa Neto,1.0,1.0,1.0,0.0,1.0,0.0,0.0,,,1.0,1.0,,,,,0.0,,,,,,,,1.0,0.0,1.0,,,0.0,1.0,1.0,,,,1.0,0.0,,1.0,0.0,1.0,1.0,,1.0,,1.0,1.0,1.0,1.0,1.0,,0.0,1.0,1.0,,0.0,0.0,,0.0,,0.0,1.0,0.0,1.0,0.0,0.0,,1.0,1.0,1.0,,,0.0,,0.0,,,,,0.0,,0.0,1.0,,0.0,,,1.0,1.0,0.0,,,,1.0,,,,,,1.0,1.0,1.0,0.0,0.0,,,,0.0,0.0,,,,,,0.0,,1.0,,1.0,0.0,0.0,,,,,0.0,1.0,,0.0,0.0,0.0,0.0,0.0,,1.0,1.0,0.0,0.0,,0.0,0.0,,,,1.0,1.0,0.0,,,,,,,,,,,0.0,0.0,,1.0,,1.0,0.0,0.0,,,1.0,,1.0,,0.0,,,0.0,0.0,,,0.0,,,,0.0,0.0,,1.0,0.0,,,,,0.0,,0.0,,,,,0.0,0.0,,,,,,1.0,1.0,,,1.0
Benedito de Lira,1.0,,1.0,1.0,1.0,0.0,,,,0.0,1.0,1.0,,0.0,0.0,0.0,0.0,1.0,,0.0,1.0,0.0,1.0,0.0,1.0,,1.0,1.0,0.0,,1.0,,,1.0,1.0,0.0,1.0,1.0,0.0,,1.0,1.0,1.0,1.0,1.0,1.0,1.0,1.0,1.0,1.0,0.0,,1.0,0.0,,0.0,,,,,,,1.0,0.0,1.0,1.0,1.0,1.0,1.0,1.0,1.0,0.0,1.0,0.0,,,0.0,1.0,0.0,1.0,,1.0,0.0,,,0.0,1.0,,,,,,0.0,0.0,,1.0,0.0,1.0,1.0,1.0,0.0,0.0,0.0,1.0,0.0,0.0,0.0,0.0,0.0,0.0,1.0,0.0,0.0,0.0,0.0,1.0,0.0,1.0,0.0,0.0,,1.0,0.0,1.0,0.0,1.0,0.0,0.0,0.0,0.0,0.0,0.0,,1.0,1.0,0.0,0.0,1.0,0.0,0.0,1.0,,,1.0,,,0.0,1.0,0.0,0.0,1.0,0.0,0.0,0.0,0.0,0.0,0.0,0.0,1.0,0.0,1.0,1.0,0.0,0.0,1.0,0.0,1.0,1.0,1.0,0.0,0.0,0.0,0.0,0.0,,1.0,0.0,0.0,1.0,0.0,,0.0,0.0,0.0,,,,0.0,0.0,1.0,1.0,,,0.0,,1.0,1.0,0.0,0.0,1.0,1.0,0.0,1.0,,1.0,1.0,1.0,1.0,1.0
Benjamin Maranhão,1.0,1.0,,1.0,1.0,,0.0,1.0,0.0,1.0,1.0,1.0,0.0,0.0,0.0,0.0,0.0,1.0,,0.0,1.0,0.0,1.0,,,1.0,1.0,0.0,,1.0,1.0,,0.0,1.0,1.0,,1.0,1.0,0.0,1.0,1.0,1.0,1.0,1.0,1.0,1.0,1.0,1.0,1.0,1.0,0.0,1.0,1.0,,,,,0.0,1.0,0.0,1.0,0.0,1.0,0.0,1.0,1.0,1.0,1.0,1.0,1.0,1.0,0.0,1.0,0.0,1.0,0.0,0.0,,0.0,1.0,,1.0,0.0,0.0,,,,,0.0,0.0,0.0,0.0,1.0,,0.0,1.0,0.0,,,,1.0,0.0,,1.0,,,,0.0,0.0,0.0,1.0,,,,,1.0,,1.0,0.0,0.0,1.0,,0.0,,,1.0,,,,,,0.0,,,,,0.0,,0.0,0.0,1.0,,,,1.0,1.0,1.0,1.0,0.0,,,,,,0.0,,1.0,0.0,1.0,,,1.0,,0.0,,0.0,1.0,0.0,1.0,,,0.0,0.0,,,1.0,0.0,,1.0,,0.0,,0.0,,,0.0,1.0,0.0,0.0,,0.0,0.0,0.0,0.0,,1.0,1.0,0.0,0.0,1.0,,1.0,,0.0,1.0,1.0,1.0,1.0,1.0
Bernardo Ariston,,1.0,1.0,0.0,0.0,,0.0,,,1.0,1.0,1.0,,,,0.0,0.0,1.0,0.0,0.0,1.0,0.0,1.0,1.0,0.0,1.0,1.0,0.0,0.0,1.0,1.0,0.0,0.0,1.0,1.0,0.0,1.0,1.0,0.0,1.0,1.0,,1.0,1.0,1.0,1.0,1.0,1.0,1.0,1.0,,1.0,1.0,,,0.0,1.0,,1.0,,1.0,,1.0,0.0,1.0,1.0,1.0,1.0,1.0,1.0,1.0,0.0,,,1.0,0.0,0.0,,0.0,1.0,0.0,0.0,,,,,,,1.0,0.0,1.0,1.0,1.0,,0.0,1.0,,1.0,0.0,0.0,0.0,0.0,0.0,1.0,,,,0.0,0.0,0.0,,,0.0,,,,,1.0,0.0,0.0,1.0,,,,,0.0,1.0,0.0,0.0,1.0,1.0,,,1.0,,,,1.0,,,,0.0,,1.0,,,1.0,1.0,0.0,0.0,,0.0,,,,1.0,0.0,1.0,1.0,1.0,,1.0,0.0,,,0.0,,0.0,1.0,,,,,,0.0,,,0.0,1.0,0.0,0.0,,,,,0.0,0.0,0.0,1.0,,,0.0,1.0,0.0,1.0,,,0.0,1.0,,1.0,1.0,,0.0,1.0,1.0,1.0,1.0,1.0
Betinho Rosado,,1.0,,,,,,,,,,,,,,,,,,,,,,,,,,,,,1.0,1.0,,,1.0,,1.0,1.0,,,,,,,,,1.0,1.0,1.0,1.0,1.0,1.0,,,,,,,,,,,1.0,,,,,,,,,,,,,,,,,,,,,,,,,1.0,,,,,1.0,,,,,,1.0,,1.0,,1.0,1.0,,,,1.0,,,0.0,,,,,0.0,,0.0,,,1.0,1.0,,0.0,,0.0,,,,,,,,1.0,,0.0,,0.0,,1.0,,,1.0,,1.0,0.0,0.0,,1.0,,,,1.0,,,,,1.0,,,1.0,,,1.0,0.0,1.0,0.0,1.0,0.0,,1.0,,,,1.0,,,,,,,,1.0,,,,,1.0,1.0,,1.0,,1.0,0.0,1.0,0.0,,1.0,,,1.0,,,0.0,1.0,1.0,,,
Beto Albuquerque,1.0,1.0,,1.0,1.0,0.0,0.0,1.0,0.0,1.0,1.0,1.0,,0.0,,,,1.0,0.0,0.0,1.0,0.0,1.0,1.0,1.0,1.0,1.0,1.0,,1.0,,,0.0,1.0,1.0,0.0,1.0,1.0,0.0,1.0,1.0,,1.0,,,,1.0,1.0,1.0,1.0,,1.0,1.0,0.0,0.0,0.0,1.0,0.0,1.0,0.0,1.0,0.0,1.0,0.0,,,1.0,,1.0,1.0,1.0,0.0,1.0,0.0,1.0,0.0,0.0,1.0,0.0,1.0,0.0,1.0,0.0,0.0,0.0,0.0,1.0,1.0,0.0,0.0,0.0,0.0,0.0,0.0,0.0,1.0,0.0,1.0,1.0,1.0,1.0,,,,0.0,0.0,0.0,0.0,0.0,0.0,1.0,0.0,0.0,,0.0,1.0,0.0,1.0,,0.0,1.0,0.0,0.0,1.0,0.0,1.0,0.0,,,0.0,0.0,0.0,0.0,1.0,,0.0,0.0,1.0,0.0,0.0,1.0,0.0,,1.0,1.0,0.0,1.0,,,0.0,1.0,0.0,0.0,,0.0,0.0,0.0,,1.0,1.0,1.0,1.0,,,,0.0,1.0,,1.0,0.0,0.0,0.0,0.0,,,1.0,0.0,0.0,1.0,0.0,0.0,,,0.0,0.0,,,,0.0,0.0,0.0,0.0,0.0,0.0,1.0,,,0.0,0.0,1.0,1.0,,1.0,0.0,1.0,1.0,1.0,1.0,1.0
Bismarck Maia,1.0,1.0,1.0,1.0,1.0,0.0,0.0,1.0,0.0,0.0,0.0,0.0,1.0,1.0,1.0,1.0,1.0,0.0,0.0,0.0,,0.0,1.0,1.0,1.0,1.0,,,,,1.0,1.0,,,1.0,,1.0,1.0,0.0,1.0,1.0,0.0,,1.0,1.0,1.0,1.0,1.0,1.0,1.0,0.0,1.0,,,,,,,0.0,,,,1.0,0.0,1.0,1.0,1.0,1.0,1.0,,,,,,,,,,,,,0.0,,,,,1.0,1.0,1.0,,1.0,1.0,,,,,,1.0,1.0,0.0,1.0,,,1.0,,,,,,,0.0,,,,,0.0,,0.0,1.0,1.0,1.0,1.0,,0.0,,0.0,1.0,0.0,,1.0,0.0,,,1.0,1.0,,,1.0,,,,,1.0,1.0,1.0,1.0,0.0,0.0,,,,,,1.0,,,,1.0,,1.0,0.0,1.0,1.0,1.0,,1.0,1.0,,0.0,,,,,,1.0,,1.0,,,0.0,0.0,,1.0,,,1.0,0.0,0.0,1.0,,1.0,,,0.0,1.0,0.0,1.0,1.0,1.0,1.0,1.0,1.0,1.0,0.0,1.0,1.0,1.0,1.0,1.0
Bonifácio de Andrada,1.0,1.0,1.0,,1.0,0.0,,,,0.0,0.0,0.0,,,,,,,1.0,0.0,1.0,,1.0,,,1.0,1.0,,,,1.0,,,1.0,1.0,,1.0,1.0,0.0,1.0,1.0,0.0,,1.0,,1.0,1.0,1.0,,,,1.0,1.0,,,,,,,,,,1.0,,1.0,1.0,1.0,1.0,,,,,,,,,,,,,,0.0,,,1.0,,,1.0,1.0,,1.0,1.0,1.0,,,,,,,,,,,,,,,,,,,,,,,,,0.0,,,1.0,1.0,,,,0.0,,0.0,,1.0,0.0,,,,,,,,,,,,,,0.0,1.0,,,,,,,,,,,,,,,0.0,1.0,,,1.0,1.0,,,,,1.0,1.0,,,1.0,,,,,,0.0,,,,,1.0,0.0,,1.0,,1.0,,1.0,,,,,,,,,1.0,1.0,,,1.0,,,1.0
Bosco Costa,1.0,,1.0,0.0,0.0,0.0,0.0,1.0,0.0,0.0,0.0,0.0,0.0,0.0,1.0,0.0,1.0,,0.0,0.0,,,1.0,1.0,1.0,1.0,1.0,0.0,0.0,,1.0,,,,1.0,,1.0,1.0,,,1.0,1.0,,1.0,1.0,1.0,1.0,,1.0,1.0,0.0,1.0,,,,1.0,,,0.0,,,,1.0,0.0,1.0,1.0,1.0,,1.0,,1.0,,,,1.0,,,,,,,,,,0.0,,1.0,1.0,,,,,0.0,,,,,1.0,1.0,1.0,,,,1.0,,,,,,,0.0,,,,,0.0,,0.0,1.0,,,0.0,,0.0,,0.0,0.0,,,1.0,0.0,,,1.0,1.0,,,,,1.0,,,1.0,1.0,1.0,1.0,0.0,1.0,1.0,,,1.0,,,,,,1.0,1.0,,0.0,1.0,,,1.0,,1.0,1.0,1.0,,1.0,,,,1.0,,1.0,,,0.0,0.0,,1.0,1.0,1.0,,0.0,0.0,1.0,,1.0,1.0,1.0,0.0,1.0,0.0,1.0,1.0,0.0,1.0,1.0,0.0,1.0,0.0,1.0,1.0,1.0,1.0,1.0
Cabo Júlio,1.0,,1.0,1.0,1.0,0.0,,1.0,0.0,1.0,1.0,1.0,0.0,0.0,0.0,,0.0,1.0,,0.0,1.0,,1.0,,,1.0,,,,1.0,1.0,0.0,0.0,,,,1.0,1.0,0.0,1.0,,1.0,1.0,1.0,1.0,1.0,1.0,1.0,1.0,1.0,0.0,1.0,1.0,,,0.0,1.0,,1.0,,1.0,0.0,1.0,,,,,1.0,1.0,1.0,1.0,0.0,1.0,0.0,1.0,0.0,,1.0,,1.0,,1.0,0.0,,0.0,,1.0,1.0,1.0,0.0,1.0,,0.0,0.0,0.0,1.0,0.0,,,,,0.0,,0.0,,,0.0,0.0,0.0,0.0,1.0,0.0,0.0,0.0,0.0,1.0,0.0,,0.0,,,,,1.0,,,,,,1.0,0.0,,0.0,1.0,1.0,0.0,0.0,,,,,0.0,1.0,,1.0,0.0,,1.0,0.0,,,,1.0,0.0,0.0,,,,,,0.0,1.0,,,,0.0,1.0,0.0,1.0,0.0,0.0,0.0,0.0,0.0,0.0,,,0.0,1.0,,,,0.0,0.0,1.0,,1.0,0.0,0.0,,1.0,,0.0,0.0,1.0,0.0,1.0,,0.0,1.0,,1.0,1.0,0.0,1.0,,,,1.0
Capitão Wayne,,,,,,,,,,,,,,,,,,,,,,,,,,,,,,,,,,,,,1.0,,,,,,,,,,,1.0,1.0,1.0,0.0,,,,,,,,,,,,,,1.0,1.0,1.0,,,,,,,,,,,,,,,,,,,,,,,,,,,,,,,,0.0,,0.0,,,,,,,,,,,,,,,,,,1.0,1.0,,,,0.0,,0.0,1.0,0.0,,1.0,0.0,,,,,,,,,,,0.0,,1.0,,,,,,,,,,,,,,,,,,,,,,,,1.0,0.0,,,,,,,,,,,,,,,,,,,,,,,,,,,,,,,,,,,0.0,0.0,,,,
Carlito Merss,1.0,1.0,1.0,1.0,1.0,,0.0,1.0,0.0,1.0,1.0,1.0,0.0,0.0,0.0,0.0,0.0,,0.0,0.0,1.0,0.0,1.0,1.0,1.0,1.0,1.0,1.0,0.0,,,0.0,0.0,1.0,1.0,0.0,1.0,1.0,0.0,1.0,1.0,1.0,1.0,1.0,1.0,1.0,1.0,,1.0,1.0,0.0,1.0,1.0,0.0,,0.0,1.0,0.0,1.0,0.0,1.0,0.0,,,0.0,,1.0,1.0,1.0,1.0,1.0,0.0,1.0,0.0,1.0,0.0,0.0,1.0,,1.0,0.0,1.0,0.0,0.0,,,1.0,1.0,0.0,0.0,0.0,0.0,0.0,0.0,0.0,1.0,0.0,1.0,1.0,1.0,1.0,0.0,0.0,1.0,,0.0,0.0,,,0.0,1.0,0.0,0.0,0.0,0.0,1.0,0.0,1.0,0.0,0.0,1.0,0.0,0.0,1.0,0.0,1.0,0.0,0.0,0.0,0.0,0.0,0.0,0.0,1.0,,0.0,0.0,1.0,0.0,0.0,1.0,0.0,1.0,1.0,,1.0,,1.0,0.0,0.0,1.0,0.0,0.0,0.0,,0.0,,0.0,1.0,,1.0,1.0,0.0,0.0,1.0,,1.0,0.0,,0.0,0.0,0.0,0.0,,,1.0,0.0,0.0,1.0,0.0,0.0,0.0,,,0.0,,,,0.0,0.0,0.0,,0.0,1.0,,1.0,1.0,0.0,0.0,1.0,0.0,1.0,1.0,0.0,1.0,1.0,1.0,1.0,
Carlos Abicalil,1.0,1.0,1.0,1.0,1.0,0.0,,1.0,0.0,1.0,1.0,1.0,0.0,0.0,0.0,0.0,0.0,,0.0,0.0,1.0,0.0,,1.0,1.0,1.0,1.0,1.0,0.0,1.0,1.0,0.0,0.0,1.0,,0.0,1.0,1.0,,,1.0,,1.0,,1.0,1.0,1.0,1.0,1.0,1.0,0.0,1.0,1.0,0.0,0.0,0.0,1.0,0.0,1.0,0.0,1.0,0.0,1.0,0.0,0.0,1.0,1.0,1.0,1.0,1.0,1.0,0.0,1.0,,1.0,0.0,,1.0,0.0,1.0,0.0,1.0,0.0,0.0,,,1.0,1.0,0.0,0.0,0.0,0.0,,0.0,0.0,1.0,0.0,1.0,1.0,1.0,1.0,0.0,0.0,1.0,0.0,0.0,0.0,0.0,0.0,0.0,,0.0,0.0,0.0,0.0,1.0,0.0,1.0,,0.0,1.0,0.0,0.0,1.0,0.0,1.0,,0.0,0.0,0.0,0.0,0.0,0.0,1.0,1.0,0.0,0.0,1.0,0.0,0.0,1.0,0.0,1.0,1.0,1.0,,1.0,1.0,0.0,0.0,1.0,0.0,,0.0,0.0,0.0,0.0,0.0,,,,1.0,0.0,0.0,1.0,0.0,1.0,0.0,1.0,0.0,,0.0,0.0,0.0,0.0,1.0,0.0,0.0,1.0,0.0,0.0,,,0.0,0.0,0.0,1.0,0.0,,,0.0,0.0,0.0,1.0,,1.0,1.0,,0.0,1.0,0.0,1.0,1.0,0.0,0.0,0.0,1.0,1.0,1.0
Carlos Alberto Leréia,1.0,1.0,,1.0,1.0,0.0,,,0.0,0.0,0.0,0.0,,,,,1.0,0.0,,0.0,,,1.0,1.0,0.0,1.0,,0.0,,,,1.0,,1.0,1.0,,1.0,1.0,0.0,1.0,,,,1.0,1.0,1.0,1.0,1.0,1.0,1.0,0.0,,1.0,,,,,,,,,,,0.0,1.0,1.0,1.0,,,,,,,,,,,,,,,0.0,,,1.0,1.0,1.0,1.0,,,1.0,1.0,,,,,,,,0.0,1.0,,,,,,,,,,,,,,,,,0.0,1.0,,1.0,0.0,,0.0,,0.0,,0.0,,1.0,0.0,,,1.0,,,,1.0,,,,0.0,1.0,1.0,1.0,1.0,,0.0,1.0,,,,,1.0,,,,,,1.0,,1.0,,1.0,1.0,1.0,1.0,1.0,,,1.0,1.0,,,,,1.0,,,,,,1.0,1.0,,,0.0,,,,1.0,1.0,,,,,1.0,1.0,1.0,1.0,1.0,,1.0,0.0,0.0,0.0,1.0,1.0,
Carlos Batata,,,,,,,,,,,,,,,,,,,,,,,,,,,,,1.0,,,,,,,,1.0,1.0,,,,,,,,,,1.0,1.0,1.0,1.0,1.0,,,,,,,,,,,,,,,,,,,,,,,,,,,,,,,,,,,,1.0,,,,,,,,,,,,,,,,,,,,,,,,,,,,,,,,,,1.0,,,,,,,,,,,,1.0,,,,1.0,,,,,,,1.0,,,,1.0,,,,,1.0,,,,1.0,0.0,,,,,,,1.0,0.0,,,,,,,,,,,,,,,,,,1.0,,,,,,1.0,1.0,,0.0,1.0,0.0,,1.0,1.0,,,,,0.0,1.0,1.0,,,
Carlos Dunga,1.0,1.0,1.0,1.0,1.0,0.0,0.0,1.0,0.0,1.0,1.0,1.0,0.0,,,,,,0.0,0.0,1.0,0.0,1.0,1.0,1.0,1.0,1.0,1.0,,1.0,1.0,0.0,0.0,1.0,1.0,0.0,1.0,1.0,0.0,1.0,,1.0,1.0,1.0,1.0,1.0,1.0,1.0,1.0,1.0,0.0,1.0,1.0,,0.0,,1.0,0.0,,0.0,1.0,0.0,1.0,1.0,1.0,1.0,1.0,1.0,,1.0,1.0,,,,1.0,0.0,0.0,1.0,0.0,1.0,0.0,,0.0,0.0,0.0,0.0,1.0,1.0,0.0,0.0,0.0,0.0,0.0,,0.0,1.0,0.0,1.0,,1.0,0.0,0.0,0.0,1.0,0.0,0.0,0.0,0.0,0.0,0.0,1.0,0.0,0.0,0.0,0.0,1.0,0.0,1.0,0.0,0.0,,0.0,,1.0,,1.0,,,0.0,0.0,,,,1.0,,,,1.0,0.0,,,0.0,,0.0,1.0,1.0,1.0,1.0,0.0,0.0,1.0,0.0,0.0,1.0,0.0,0.0,,0.0,1.0,,1.0,,,0.0,1.0,0.0,1.0,0.0,1.0,,,0.0,0.0,,0.0,1.0,0.0,0.0,1.0,,0.0,,0.0,0.0,,,1.0,0.0,0.0,0.0,1.0,0.0,0.0,,,1.0,1.0,0.0,0.0,1.0,,,1.0,0.0,1.0,1.0,1.0,1.0,
Carlos Eduardo Cadoca,,1.0,1.0,1.0,1.0,0.0,0.0,,,1.0,1.0,1.0,0.0,0.0,0.0,0.0,0.0,,,0.0,,0.0,1.0,1.0,0.0,1.0,1.0,0.0,,,1.0,0.0,,1.0,1.0,,1.0,1.0,0.0,1.0,,1.0,0.0,1.0,1.0,1.0,1.0,1.0,1.0,1.0,0.0,1.0,1.0,,,,,0.0,,0.0,,0.0,,1.0,1.0,1.0,1.0,1.0,1.0,,1.0,0.0,,0.0,,0.0,0.0,,,1.0,0.0,0.0,0.0,,1.0,0.0,1.0,,,,1.0,1.0,1.0,,,1.0,,1.0,1.0,0.0,1.0,0.0,,1.0,,,,0.0,,,0.0,0.0,,0.0,,0.0,,1.0,,0.0,,,,1.0,,0.0,0.0,0.0,,1.0,,0.0,,1.0,,0.0,,1.0,1.0,,,0.0,1.0,1.0,,,1.0,1.0,0.0,,1.0,,1.0,1.0,,0.0,0.0,0.0,1.0,1.0,0.0,1.0,0.0,,,1.0,1.0,0.0,1.0,,1.0,0.0,0.0,0.0,1.0,,1.0,0.0,1.0,0.0,0.0,,0.0,1.0,,,1.0,,1.0,0.0,1.0,0.0,1.0,,1.0,0.0,1.0,1.0,,1.0,1.0,1.0,,0.0,1.0,1.0,1.0,1.0,1.0
Carlos Melles,1.0,,,0.0,,,0.0,,,,,,,,,,,,,,,,,,,,,,0.0,,,,,,0.0,,,,0.0,1.0,,0.0,,1.0,,,,1.0,1.0,1.0,,1.0,1.0,,,,,,,,,,,,,,,,,,,,,,,,,,,,,,,,,,,,,,,,1.0,,,,,,,,,,,,,,,,,,0.0,,,,,0.0,,0.0,,1.0,1.0,,,,,,,0.0,,,,,,1.0,,,,1.0,,1.0,,,1.0,1.0,,1.0,,,1.0,,,,1.0,1.0,,,,,0.0,,,,,1.0,0.0,1.0,0.0,1.0,,,,,,,,,1.0,,,,,,,,,,0.0,,,,1.0,1.0,,0.0,1.0,0.0,,,1.0,,1.0,,1.0,,1.0,1.0,,,
Carlos Mota,1.0,1.0,,1.0,1.0,0.0,0.0,1.0,0.0,1.0,1.0,1.0,0.0,,,0.0,0.0,,0.0,0.0,1.0,0.0,1.0,1.0,1.0,1.0,1.0,1.0,,,1.0,0.0,0.0,1.0,1.0,0.0,1.0,1.0,0.0,1.0,1.0,1.0,1.0,1.0,1.0,1.0,1.0,1.0,1.0,1.0,0.0,1.0,1.0,0.0,0.0,0.0,1.0,0.0,,0.0,1.0,0.0,1.0,1.0,1.0,1.0,1.0,1.0,1.0,1.0,,0.0,1.0,0.0,,0.0,0.0,1.0,0.0,1.0,0.0,,0.0,0.0,0.0,0.0,1.0,,0.0,0.0,0.0,1.0,0.0,,0.0,1.0,,1.0,1.0,1.0,,,0.0,1.0,0.0,0.0,0.0,0.0,0.0,0.0,,0.0,,0.0,0.0,1.0,,1.0,0.0,0.0,1.0,0.0,,1.0,,1.0,0.0,,,0.0,0.0,,,1.0,,,,0.0,0.0,,,,1.0,1.0,,,1.0,,0.0,1.0,0.0,,1.0,1.0,1.0,1.0,0.0,0.0,1.0,1.0,,1.0,0.0,,,1.0,0.0,0.0,1.0,0.0,0.0,0.0,0.0,0.0,0.0,1.0,0.0,0.0,1.0,,,,0.0,,0.0,0.0,1.0,0.0,,0.0,1.0,0.0,0.0,1.0,1.0,0.0,,0.0,0.0,1.0,1.0,1.0,1.0,0.0,1.0,1.0,,,1.0
Carlos Nader,1.0,1.0,1.0,,0.0,,,,,0.0,0.0,0.0,1.0,1.0,1.0,1.0,1.0,,,,,,1.0,1.0,,1.0,1.0,1.0,,,1.0,0.0,,1.0,0.0,,1.0,1.0,0.0,1.0,1.0,1.0,,1.0,1.0,1.0,1.0,1.0,1.0,1.0,0.0,1.0,1.0,,,,,,0.0,,,,1.0,0.0,0.0,1.0,1.0,1.0,1.0,,,,,,,,,,,,,1.0,,,,1.0,1.0,1.0,1.0,,1.0,1.0,1.0,,,,,1.0,1.0,0.0,0.0,0.0,0.0,1.0,0.0,0.0,0.0,0.0,0.0,0.0,1.0,0.0,0.0,0.0,0.0,1.0,0.0,1.0,1.0,0.0,,0.0,0.0,1.0,0.0,1.0,,0.0,0.0,0.0,0.0,,0.0,1.0,1.0,0.0,0.0,,0.0,0.0,1.0,0.0,1.0,1.0,1.0,1.0,1.0,1.0,0.0,0.0,1.0,0.0,0.0,1.0,0.0,0.0,0.0,,1.0,1.0,1.0,1.0,0.0,0.0,1.0,0.0,1.0,0.0,1.0,0.0,0.0,0.0,0.0,0.0,0.0,1.0,0.0,0.0,1.0,0.0,0.0,0.0,0.0,0.0,1.0,0.0,1.0,0.0,0.0,0.0,1.0,0.0,0.0,0.0,1.0,1.0,1.0,0.0,0.0,,1.0,1.0,1.0,0.0,1.0,1.0,1.0,1.0,1.0
Carlos Rodrigues,,,1.0,1.0,1.0,0.0,,,,1.0,1.0,1.0,,0.0,,,,1.0,,,1.0,,1.0,1.0,1.0,1.0,1.0,1.0,,1.0,,0.0,0.0,,1.0,,,,0.0,1.0,1.0,,1.0,1.0,1.0,,,,,,,,1.0,,0.0,0.0,1.0,0.0,,0.0,1.0,0.0,1.0,,,,,1.0,1.0,,1.0,,,,,0.0,0.0,,0.0,1.0,0.0,,0.0,0.0,,,1.0,,0.0,0.0,0.0,0.0,,,0.0,1.0,,,1.0,1.0,1.0,0.0,0.0,1.0,0.0,,0.0,,0.0,0.0,,0.0,0.0,0.0,,1.0,0.0,1.0,1.0,0.0,,,0.0,1.0,0.0,,0.0,,,,,,0.0,,,0.0,0.0,,0.0,0.0,1.0,,,,,,,,,,,,,,,,,,,,,,,,,,,,,,,,,,,,,,,,,,,,,,,,,,,,,,,,,,,,,1.0,1.0,,,,,,1.0
Carlos Sampaio,,1.0,0.0,0.0,0.0,0.0,0.0,,0.0,0.0,,0.0,,1.0,,1.0,,,,0.0,,0.0,1.0,1.0,1.0,,1.0,,0.0,,,,,,1.0,,,1.0,,1.0,1.0,0.0,,1.0,,1.0,1.0,,,,,1.0,,,,1.0,,,,,,,1.0,0.0,1.0,1.0,1.0,1.0,,0.0,,,,,,,,0.0,,,,,,,1.0,,1.0,1.0,1.0,,1.0,1.0,,,,,,1.0,1.0,0.0,,,,1.0,,,,1.0,,,,,,,,,,0.0,1.0,1.0,1.0,0.0,,0.0,,0.0,1.0,0.0,,1.0,0.0,,,1.0,,,,1.0,,,,0.0,,,,,0.0,,,,,,,,,,0.0,1.0,0.0,,0.0,,,1.0,1.0,1.0,,,,,1.0,1.0,,,,,1.0,,,0.0,,,,,1.0,1.0,,,,,1.0,,,,,,,1.0,1.0,,,1.0,1.0,,,0.0,1.0,1.0,1.0
Carlos Santana,1.0,1.0,,1.0,1.0,0.0,,,,1.0,1.0,1.0,0.0,0.0,0.0,0.0,0.0,1.0,0.0,0.0,1.0,0.0,,1.0,1.0,,1.0,1.0,,1.0,1.0,0.0,0.0,,,,1.0,1.0,0.0,1.0,1.0,,1.0,,1.0,1.0,1.0,1.0,1.0,1.0,0.0,1.0,1.0,0.0,0.0,0.0,1.0,0.0,,0.0,1.0,0.0,1.0,0.0,0.0,1.0,1.0,1.0,1.0,1.0,1.0,0.0,1.0,,,0.0,0.0,,0.0,1.0,0.0,1.0,0.0,0.0,0.0,,1.0,1.0,0.0,0.0,0.0,0.0,0.0,0.0,0.0,1.0,,,1.0,1.0,1.0,0.0,,1.0,0.0,0.0,0.0,,0.0,,1.0,,0.0,0.0,0.0,1.0,0.0,1.0,0.0,,1.0,0.0,0.0,1.0,0.0,1.0,0.0,0.0,0.0,0.0,0.0,0.0,0.0,,,0.0,0.0,,0.0,0.0,1.0,0.0,1.0,1.0,1.0,1.0,1.0,1.0,,0.0,1.0,0.0,0.0,0.0,,0.0,0.0,0.0,1.0,,1.0,1.0,0.0,0.0,1.0,0.0,1.0,0.0,1.0,0.0,1.0,0.0,0.0,0.0,,1.0,0.0,0.0,,0.0,0.0,0.0,0.0,0.0,0.0,,,,0.0,0.0,0.0,,0.0,,,1.0,1.0,,0.0,1.0,,1.0,1.0,0.0,0.0,0.0,1.0,1.0,1.0
Carlos Souza,,1.0,1.0,1.0,1.0,0.0,0.0,,0.0,1.0,1.0,1.0,0.0,0.0,0.0,0.0,0.0,1.0,0.0,0.0,1.0,,1.0,1.0,1.0,1.0,,,0.0,1.0,1.0,,0.0,1.0,1.0,,1.0,1.0,0.0,1.0,1.0,1.0,1.0,1.0,1.0,1.0,1.0,1.0,1.0,1.0,0.0,1.0,1.0,,0.0,,,0.0,,0.0,1.0,0.0,1.0,1.0,1.0,1.0,1.0,1.0,1.0,1.0,1.0,,1.0,0.0,,0.0,0.0,0.0,,1.0,0.0,1.0,,,0.0,0.0,,,,0.0,1.0,1.0,1.0,,0.0,1.0,0.0,1.0,1.0,0.0,1.0,,0.0,1.0,,,,0.0,,0.0,,,0.0,0.0,0.0,0.0,0.0,1.0,0.0,0.0,1.0,1.0,0.0,,0.0,,0.0,0.0,,,,1.0,0.0,,,0.0,0.0,,,,1.0,1.0,1.0,,,1.0,,1.0,0.0,0.0,1.0,0.0,0.0,,0.0,,0.0,0.0,,0.0,,,0.0,0.0,,0.0,1.0,1.0,1.0,,0.0,,,0.0,0.0,,,,1.0,,0.0,,,,,,1.0,,1.0,,,,,,1.0,0.0,,1.0,,1.0,,1.0,1.0,0.0,1.0,1.0,1.0,1.0,1.0
Carlos Willian,1.0,,1.0,1.0,1.0,0.0,,1.0,,1.0,,1.0,,0.0,0.0,,0.0,1.0,,0.0,,0.0,1.0,1.0,0.0,1.0,1.0,1.0,,,1.0,0.0,,1.0,,0.0,,1.0,,,,1.0,1.0,1.0,,1.0,1.0,,,1.0,0.0,1.0,,,0.0,,,,1.0,0.0,,0.0,,,1.0,1.0,1.0,,1.0,,,0.0,1.0,,,0.0,0.0,1.0,,,0.0,1.0,,0.0,,0.0,1.0,1.0,,,,,,,,,,1.0,,1.0,1.0,,,1.0,,0.0,0.0,,0.0,,,0.0,,0.0,0.0,1.0,0.0,,0.0,0.0,,1.0,,1.0,0.0,,,0.0,,,0.0,0.0,,,1.0,,,1.0,,,,,,,,,1.0,,,0.0,,0.0,,,0.0,,,0.0,,1.0,,,0.0,1.0,1.0,0.0,1.0,,,,,0.0,,,0.0,1.0,0.0,0.0,,,0.0,,,,1.0,,,,,,,0.0,,,1.0,1.0,1.0,,,1.0,,1.0,,0.0,1.0,1.0,1.0,1.0,1.0
Celcita Pinheiro,1.0,1.0,1.0,0.0,0.0,,,,,1.0,1.0,0.0,1.0,,,0.0,,,,,,,1.0,1.0,1.0,1.0,1.0,1.0,0.0,1.0,1.0,1.0,0.0,1.0,1.0,,1.0,1.0,0.0,1.0,1.0,1.0,1.0,1.0,1.0,1.0,1.0,1.0,1.0,1.0,0.0,1.0,1.0,,,,,,,,,,1.0,,1.0,1.0,1.0,1.0,1.0,,,,,,,,,,,,,,,,,,1.0,1.0,,,,1.0,1.0,,,,,1.0,,,,,,1.0,,,,1.0,,,,,,,,0.0,,,,1.0,1.0,1.0,,0.0,,0.0,,0.0,,1.0,0.0,,,,1.0,,,1.0,,,,0.0,1.0,1.0,1.0,1.0,0.0,0.0,0.0,,1.0,,,1.0,,,,,0.0,1.0,1.0,1.0,1.0,1.0,,1.0,,1.0,1.0,,1.0,,,,,,1.0,,,,,,,1.0,,0.0,,1.0,1.0,,,1.0,1.0,0.0,1.0,0.0,1.0,,1.0,1.0,1.0,1.0,1.0,0.0,1.0,1.0,1.0,1.0,1.0
Celso Russomanno,,,1.0,,1.0,,0.0,,0.0,1.0,1.0,1.0,,0.0,0.0,0.0,0.0,1.0,,0.0,1.0,,1.0,0.0,1.0,1.0,,,0.0,1.0,1.0,,0.0,,1.0,0.0,1.0,1.0,,1.0,1.0,,1.0,,1.0,1.0,1.0,1.0,1.0,,0.0,1.0,1.0,,,,,,1.0,,,,1.0,,1.0,1.0,1.0,1.0,1.0,1.0,1.0,0.0,1.0,0.0,,,,,,,,1.0,,0.0,,0.0,,,0.0,,0.0,0.0,,0.0,,1.0,0.0,,0.0,,0.0,0.0,0.0,1.0,0.0,0.0,,0.0,0.0,0.0,0.0,0.0,0.0,,0.0,1.0,0.0,1.0,0.0,0.0,,0.0,0.0,1.0,0.0,1.0,0.0,0.0,0.0,0.0,,0.0,0.0,1.0,,,0.0,,0.0,0.0,1.0,1.0,,,,,0.0,1.0,,0.0,1.0,0.0,,,0.0,,,,1.0,1.0,,1.0,0.0,,,,1.0,,,,0.0,0.0,0.0,,,,,,1.0,,0.0,0.0,,0.0,1.0,,1.0,0.0,,,1.0,0.0,0.0,0.0,1.0,1.0,,0.0,,1.0,1.0,1.0,1.0,,0.0,0.0,,,1.0
Cezar Schirmer,,,,0.0,0.0,0.0,,,,,,,,,,,,,0.0,,1.0,,,,,,1.0,0.0,0.0,1.0,,,0.0,1.0,1.0,,1.0,,,,,1.0,1.0,1.0,1.0,,1.0,1.0,1.0,,0.0,1.0,1.0,0.0,0.0,,1.0,0.0,,0.0,1.0,0.0,,1.0,1.0,,,1.0,,,1.0,0.0,1.0,0.0,,0.0,0.0,0.0,0.0,0.0,1.0,0.0,0.0,,0.0,0.0,,,1.0,0.0,1.0,1.0,,,,,,,,0.0,0.0,,,,,,,0.0,0.0,,1.0,,0.0,1.0,,0.0,0.0,,,0.0,,1.0,,0.0,1.0,,,,0.0,,,1.0,0.0,1.0,,0.0,,0.0,1.0,1.0,0.0,0.0,1.0,1.0,,,0.0,0.0,1.0,1.0,0.0,,,1.0,1.0,1.0,0.0,0.0,,,,1.0,0.0,,1.0,0.0,0.0,0.0,,0.0,1.0,0.0,0.0,,,,0.0,0.0,,0.0,0.0,,,1.0,1.0,0.0,,0.0,1.0,0.0,1.0,,,,1.0,0.0,1.0,1.0,1.0,,,,,0.0,1.0,1.0,1.0,1.0,
Cezar Silvestri,1.0,1.0,1.0,1.0,1.0,,,1.0,,1.0,1.0,1.0,,0.0,0.0,,0.0,1.0,0.0,,1.0,,1.0,1.0,0.0,,1.0,1.0,0.0,1.0,,0.0,0.0,1.0,1.0,0.0,1.0,1.0,0.0,1.0,1.0,,1.0,1.0,,1.0,1.0,1.0,1.0,1.0,0.0,1.0,1.0,0.0,0.0,,1.0,0.0,1.0,0.0,1.0,0.0,1.0,,1.0,1.0,1.0,1.0,1.0,1.0,1.0,0.0,,0.0,1.0,0.0,0.0,1.0,0.0,1.0,0.0,1.0,0.0,,0.0,0.0,1.0,1.0,1.0,0.0,1.0,1.0,1.0,0.0,0.0,1.0,0.0,1.0,1.0,1.0,1.0,,,,,,,,0.0,0.0,1.0,0.0,0.0,0.0,0.0,1.0,0.0,,1.0,0.0,,1.0,,0.0,,0.0,0.0,,,,,,,1.0,1.0,,,0.0,,,,,0.0,1.0,,1.0,1.0,1.0,,,,,1.0,1.0,,,0.0,1.0,0.0,,,1.0,,,0.0,1.0,,,0.0,0.0,1.0,0.0,0.0,1.0,1.0,,,,,,,,0.0,1.0,0.0,0.0,0.0,1.0,1.0,,,0.0,1.0,0.0,1.0,0.0,1.0,1.0,1.0,1.0,1.0,,1.0,,,1.0,1.0,1.0,1.0
Chico Alencar,1.0,1.0,1.0,,,0.0,0.0,1.0,0.0,1.0,1.0,1.0,0.0,0.0,0.0,0.0,0.0,1.0,0.0,0.0,1.0,0.0,1.0,1.0,0.0,1.0,0.0,1.0,,1.0,1.0,0.0,0.0,0.0,0.0,0.0,0.0,0.0,0.0,1.0,1.0,,1.0,1.0,1.0,1.0,1.0,1.0,1.0,1.0,0.0,1.0,1.0,0.0,0.0,0.0,1.0,0.0,,0.0,1.0,0.0,1.0,0.0,1.0,1.0,1.0,1.0,1.0,1.0,0.0,0.0,1.0,,1.0,0.0,0.0,,0.0,1.0,0.0,1.0,0.0,0.0,0.0,0.0,1.0,,1.0,0.0,1.0,1.0,0.0,0.0,0.0,1.0,0.0,,1.0,1.0,1.0,0.0,0.0,1.0,0.0,0.0,0.0,0.0,0.0,0.0,1.0,0.0,0.0,0.0,0.0,0.0,0.0,1.0,0.0,0.0,,1.0,0.0,1.0,0.0,1.0,0.0,0.0,0.0,0.0,0.0,,0.0,1.0,1.0,0.0,0.0,0.0,0.0,0.0,1.0,0.0,,1.0,1.0,1.0,1.0,1.0,1.0,,,,1.0,1.0,,,0.0,0.0,1.0,,0.0,1.0,0.0,0.0,1.0,1.0,0.0,1.0,1.0,0.0,0.0,0.0,0.0,0.0,1.0,0.0,1.0,0.0,1.0,0.0,0.0,0.0,,1.0,0.0,0.0,0.0,0.0,1.0,0.0,0.0,0.0,1.0,,1.0,0.0,1.0,1.0,1.0,,0.0,1.0,1.0,0.0,0.0,0.0,1.0,0.0,0.0
Chico Sardelli,1.0,,,,,,,,,,,,,,,,,,,,,,,,,,,,,,,,,,,,1.0,,,,,,,,,,,1.0,1.0,1.0,0.0,,,,,,,,,,,,,,,,,,,,,,,,,,,,,,,,,,,,,1.0,,,,,,,,,,,1.0,,1.0,,,,,,,,,,,,,,,,,,,,1.0,0.0,,,,,,,,1.0,0.0,,,,,,,,,,,,1.0,1.0,1.0,0.0,,1.0,,,,,,,,,,1.0,,,1.0,,,0.0,,,1.0,1.0,1.0,,,,,,,,,,1.0,0.0,0.0,,,,,,,,,,,,,,,,,,,,,,,,1.0,1.0,,,
Chico da Princesa,1.0,1.0,,1.0,1.0,0.0,0.0,1.0,,1.0,1.0,1.0,,0.0,0.0,0.0,0.0,,0.0,0.0,1.0,,1.0,1.0,1.0,1.0,1.0,1.0,,1.0,1.0,0.0,,1.0,,,1.0,1.0,0.0,1.0,1.0,1.0,1.0,,,1.0,1.0,1.0,1.0,1.0,0.0,,1.0,0.0,0.0,0.0,1.0,0.0,,0.0,1.0,0.0,,0.0,0.0,1.0,1.0,1.0,,,,,,,1.0,0.0,0.0,1.0,0.0,1.0,0.0,,0.0,,0.0,0.0,1.0,1.0,0.0,0.0,0.0,0.0,0.0,,0.0,1.0,0.0,1.0,,1.0,0.0,,0.0,1.0,0.0,0.0,0.0,0.0,0.0,0.0,1.0,0.0,,0.0,0.0,1.0,0.0,1.0,1.0,0.0,1.0,0.0,0.0,1.0,0.0,1.0,,0.0,0.0,0.0,0.0,0.0,0.0,1.0,,0.0,0.0,1.0,0.0,0.0,1.0,0.0,,,1.0,1.0,1.0,1.0,,0.0,1.0,0.0,0.0,1.0,0.0,0.0,0.0,0.0,,1.0,,1.0,0.0,0.0,1.0,0.0,1.0,0.0,1.0,0.0,0.0,,0.0,0.0,0.0,1.0,,0.0,1.0,,,0.0,0.0,,0.0,0.0,1.0,0.0,0.0,0.0,0.0,,,1.0,,1.0,1.0,0.0,0.0,1.0,1.0,1.0,1.0,0.0,1.0,1.0,,,
Chicão Brígido,,1.0,,,,,,,,,,,,,,,,,,,,,,,,,,,,,,,,,1.0,,1.0,1.0,,,,,,,,,1.0,1.0,1.0,1.0,0.0,1.0,,,,,,,,,,,,,1.0,1.0,1.0,,,,,,,,,,,,,,,,,,,,,,,,,,,,,,,,,,,,,,,,,,,,,,,,,,,1.0,0.0,0.0,,,,,,,,,,,,,,1.0,,,,1.0,,,,,,,,,,,,,,,,,,,,,,1.0,,,0.0,,1.0,,1.0,0.0,1.0,,,0.0,,0.0,,1.0,0.0,,1.0,,,0.0,0.0,0.0,1.0,0.0,,0.0,0.0,0.0,0.0,0.0,1.0,0.0,1.0,0.0,,,0.0,1.0,1.0,,,0.0,1.0,,,,
Ciro Nogueira,,,1.0,1.0,,0.0,0.0,1.0,,1.0,1.0,1.0,,,0.0,0.0,0.0,1.0,,,,0.0,,1.0,1.0,1.0,1.0,1.0,0.0,,1.0,0.0,0.0,1.0,1.0,,,,,,,1.0,1.0,1.0,1.0,1.0,,1.0,1.0,,0.0,1.0,1.0,0.0,,,,,,,,,,,0.0,,1.0,1.0,1.0,1.0,,,1.0,0.0,1.0,,,1.0,,,,1.0,0.0,,0.0,,,1.0,0.0,0.0,0.0,0.0,,0.0,,,,1.0,,0.0,1.0,0.0,0.0,1.0,,,,,,,,,0.0,0.0,,1.0,,,,,1.0,0.0,0.0,,0.0,,,,,0.0,,,0.0,1.0,,,0.0,1.0,0.0,0.0,,,1.0,1.0,1.0,,0.0,1.0,,,1.0,0.0,0.0,0.0,0.0,,,,1.0,1.0,,,,,1.0,0.0,1.0,1.0,1.0,,0.0,0.0,0.0,,,,0.0,0.0,1.0,0.0,,,,,,,,,,,1.0,,,0.0,,,,0.0,0.0,,,1.0,,,0.0,0.0,,1.0,1.0
Claudio Cajado,1.0,1.0,1.0,1.0,1.0,,,,,0.0,0.0,0.0,1.0,1.0,1.0,1.0,1.0,,,,,,,1.0,1.0,,1.0,1.0,0.0,,1.0,1.0,,,,,1.0,1.0,0.0,1.0,1.0,0.0,,,1.0,1.0,1.0,1.0,1.0,1.0,1.0,1.0,1.0,,,,,,,,,,1.0,1.0,1.0,1.0,1.0,1.0,1.0,,,,,,1.0,,,,,,,1.0,,,,1.0,1.0,1.0,1.0,,1.0,1.0,1.0,,,,,1.0,1.0,0.0,1.0,,,1.0,,,,,,,0.0,,,,,0.0,,0.0,,1.0,1.0,1.0,,,,0.0,1.0,0.0,,1.0,0.0,,,1.0,1.0,,,1.0,,,,1.0,1.0,1.0,1.0,1.0,0.0,0.0,,,,,1.0,1.0,,,,,0.0,,1.0,1.0,1.0,1.0,,1.0,0.0,1.0,0.0,,1.0,,,,1.0,,1.0,,,,,,1.0,1.0,1.0,0.0,0.0,1.0,1.0,,1.0,,1.0,0.0,1.0,0.0,1.0,1.0,1.0,1.0,1.0,1.0,,0.0,0.0,0.0,1.0,1.0,
Claudio Diaz,,,,,,,,,,,,,,,,,,,,,,,,,,,,,,,,,,,,,,,,,,,,,,,,,,,,,,,,,,,,,,,,,,,,,,,,,,,,,,,,,,,,,,,,,,,,,,,,,,,,,,,,,,,,,,,,,,,,,,,,,,,,,,,,,,,,,,,,,,,,,,,,,,,,,,,,,,,,,,,,,,,,,,,,,,,,,,,,,,,,,,,,,,,,,,,,,,,,,,,,,1.0,,,,,,,,
Claudio Rorato,1.0,1.0,,,,,,,,,,,,,,,,,,,,,,,,,,,,,,,,,,,1.0,1.0,,,,,,,,,1.0,1.0,1.0,1.0,0.0,1.0,,,,,,,,,,,,,,,,,,,,,,,,,,,,,,,,,,,,1.0,,,,,,,,,,,,,,,,,,,,,,,,,,,,,,,,,1.0,1.0,,,,,,,,,,,,,1.0,,,,,,,,,,,1.0,,,,,,,,,,,,,,1.0,,1.0,0.0,0.0,1.0,0.0,1.0,,1.0,,,0.0,0.0,,,0.0,0.0,0.0,1.0,0.0,0.0,,,,,,,,,,,,,,,,,,,,,,,0.0,1.0,0.0,,,
Cleonâncio Fonseca,1.0,,,0.0,0.0,,,,0.0,0.0,1.0,,,0.0,,0.0,,,,,,,1.0,0.0,1.0,,,,,,,,,1.0,1.0,0.0,1.0,,0.0,1.0,,1.0,,1.0,,1.0,,1.0,1.0,1.0,,,1.0,,,,,,,,,,1.0,,,1.0,1.0,1.0,,1.0,1.0,,,0.0,,,,,,,,,,0.0,0.0,0.0,1.0,,0.0,,,,,0.0,0.0,1.0,0.0,,,,0.0,,,,0.0,,0.0,,0.0,,,,,,,,,,0.0,,,,0.0,1.0,,1.0,1.0,,0.0,0.0,0.0,0.0,,,,,0.0,1.0,0.0,0.0,,,,,,,0.0,,0.0,0.0,1.0,,,0.0,0.0,0.0,,0.0,,1.0,,,,,,,1.0,,,0.0,,0.0,0.0,0.0,0.0,,,,,0.0,,,,,,,1.0,0.0,0.0,,,,,,,,,,0.0,,,,,,1.0,,,,
Cleuber Carneiro,,1.0,1.0,0.0,0.0,,0.0,,,1.0,1.0,1.0,1.0,0.0,1.0,0.0,1.0,1.0,0.0,0.0,1.0,0.0,,1.0,1.0,,,,,1.0,1.0,0.0,0.0,,1.0,,1.0,1.0,0.0,1.0,1.0,0.0,1.0,1.0,,1.0,1.0,1.0,1.0,1.0,0.0,1.0,1.0,0.0,0.0,,1.0,,,,,0.0,1.0,,,1.0,1.0,1.0,,,1.0,,1.0,0.0,,,0.0,,0.0,1.0,,1.0,,,,,,,,0.0,0.0,0.0,0.0,0.0,0.0,1.0,,1.0,,1.0,1.0,0.0,,1.0,1.0,0.0,0.0,,,,,,,,,,,1.0,0.0,0.0,1.0,0.0,1.0,,,1.0,,,0.0,,,0.0,0.0,,1.0,0.0,0.0,,0.0,1.0,,,,1.0,,1.0,,,,0.0,1.0,0.0,1.0,,,0.0,,,,,1.0,,0.0,0.0,,,1.0,0.0,1.0,,0.0,0.0,,,,1.0,,,1.0,,0.0,,,0.0,1.0,,,,0.0,0.0,0.0,0.0,,,1.0,1.0,,0.0,,,,,,0.0,1.0,1.0,1.0,1.0,1.0
Cláudio Magrão,1.0,1.0,1.0,1.0,1.0,0.0,0.0,,0.0,1.0,1.0,1.0,0.0,0.0,0.0,0.0,0.0,1.0,0.0,0.0,1.0,,1.0,1.0,1.0,1.0,1.0,1.0,0.0,1.0,1.0,,0.0,1.0,1.0,0.0,1.0,1.0,0.0,1.0,1.0,1.0,1.0,1.0,1.0,1.0,1.0,1.0,1.0,1.0,0.0,1.0,1.0,0.0,0.0,0.0,1.0,0.0,,0.0,1.0,0.0,1.0,0.0,1.0,1.0,1.0,1.0,1.0,1.0,1.0,,1.0,0.0,1.0,0.0,0.0,1.0,,1.0,0.0,0.0,,0.0,0.0,,1.0,1.0,1.0,0.0,0.0,0.0,1.0,0.0,0.0,1.0,0.0,1.0,1.0,1.0,1.0,0.0,0.0,1.0,0.0,0.0,0.0,,,,,0.0,0.0,0.0,0.0,1.0,0.0,1.0,,0.0,1.0,1.0,,1.0,,0.0,0.0,0.0,0.0,1.0,0.0,,,1.0,1.0,,,0.0,,1.0,,0.0,,,1.0,1.0,1.0,1.0,0.0,,,,1.0,,,,0.0,1.0,0.0,,1.0,1.0,0.0,0.0,0.0,1.0,0.0,1.0,0.0,,,0.0,0.0,1.0,1.0,,1.0,0.0,1.0,0.0,0.0,0.0,0.0,1.0,0.0,0.0,0.0,1.0,,0.0,1.0,0.0,1.0,0.0,1.0,0.0,1.0,1.0,1.0,1.0,,1.0,1.0,0.0,1.0,1.0,1.0,1.0,1.0
Clóvis Fecury,1.0,,,1.0,1.0,,,,,,,,,,,,,1.0,,,,0.0,,1.0,1.0,1.0,,,0.0,,,1.0,,,,,,,0.0,1.0,1.0,1.0,,1.0,1.0,1.0,,,,,,,1.0,,,0.0,,0.0,1.0,,,,,,1.0,1.0,1.0,1.0,,,,,,,,,0.0,1.0,0.0,1.0,0.0,,0.0,,,,1.0,,0.0,,,,,,,,,1.0,,0.0,,,0.0,1.0,,,,,,,,,,0.0,,1.0,,,0.0,0.0,,,,,,,,,1.0,1.0,0.0,,,1.0,1.0,,,,,,,1.0,,,1.0,,,,,,,,,,,,,,0.0,,,1.0,,,,,,,,,,,,,,,,,,,,,,,,,,,,,,,,,,,,,,,,1.0,1.0,,,,,,1.0
Colbert Martins,,1.0,1.0,1.0,1.0,0.0,,,0.0,1.0,1.0,1.0,,,,,,1.0,0.0,0.0,1.0,0.0,,1.0,0.0,,1.0,1.0,0.0,,1.0,0.0,0.0,1.0,1.0,0.0,,1.0,0.0,1.0,1.0,,1.0,,1.0,1.0,1.0,,1.0,,0.0,1.0,1.0,0.0,0.0,0.0,1.0,,1.0,0.0,1.0,0.0,1.0,0.0,1.0,1.0,1.0,1.0,1.0,1.0,1.0,0.0,1.0,0.0,,0.0,0.0,0.0,0.0,1.0,0.0,1.0,0.0,,0.0,0.0,1.0,,1.0,,1.0,0.0,1.0,,0.0,1.0,0.0,,1.0,,1.0,0.0,0.0,0.0,0.0,0.0,,0.0,0.0,0.0,1.0,0.0,,0.0,0.0,1.0,0.0,1.0,0.0,0.0,1.0,1.0,,0.0,,0.0,1.0,0.0,,1.0,0.0,,,1.0,,,,0.0,,,,0.0,0.0,1.0,,1.0,1.0,,0.0,,,,1.0,1.0,,,0.0,,0.0,,1.0,1.0,0.0,0.0,0.0,,0.0,1.0,,0.0,1.0,0.0,0.0,1.0,1.0,0.0,,0.0,1.0,0.0,0.0,,0.0,1.0,0.0,0.0,0.0,1.0,1.0,,,0.0,1.0,0.0,1.0,0.0,0.0,,,1.0,1.0,1.0,1.0,0.0,1.0,1.0,,,1.0
Colombo,1.0,,,1.0,1.0,0.0,,,,1.0,1.0,1.0,,0.0,0.0,0.0,0.0,,0.0,,1.0,0.0,,1.0,1.0,1.0,1.0,1.0,,,1.0,,,,1.0,0.0,1.0,,,,1.0,,1.0,,,,,1.0,1.0,1.0,0.0,,,,0.0,,,,,0.0,1.0,0.0,1.0,,0.0,1.0,1.0,,1.0,1.0,,0.0,1.0,,1.0,0.0,0.0,1.0,0.0,1.0,,1.0,0.0,,,,1.0,1.0,0.0,,0.0,0.0,,0.0,0.0,,0.0,1.0,1.0,1.0,1.0,0.0,0.0,1.0,,,0.0,,,,1.0,0.0,,,,1.0,0.0,1.0,0.0,0.0,1.0,,0.0,1.0,0.0,1.0,,,0.0,0.0,0.0,0.0,0.0,,1.0,0.0,0.0,1.0,0.0,,1.0,,1.0,0.0,,1.0,,,0.0,,1.0,0.0,0.0,0.0,0.0,0.0,0.0,,,,1.0,,0.0,,,,,0.0,1.0,,0.0,0.0,0.0,0.0,,,,0.0,1.0,,0.0,0.0,,,,,,,,0.0,0.0,0.0,0.0,,,,,0.0,0.0,1.0,0.0,1.0,1.0,0.0,0.0,0.0,1.0,1.0,
Confúcio Moura,,,,1.0,1.0,0.0,,1.0,0.0,1.0,1.0,1.0,0.0,0.0,,,,1.0,0.0,0.0,,0.0,1.0,1.0,,1.0,1.0,1.0,,1.0,,,,,,,,,0.0,1.0,,1.0,1.0,1.0,,1.0,,,,,,,,0.0,0.0,0.0,1.0,0.0,,0.0,,0.0,,0.0,,,,1.0,1.0,1.0,,0.0,1.0,,1.0,,0.0,1.0,0.0,1.0,0.0,,0.0,0.0,0.0,0.0,1.0,,,0.0,0.0,0.0,1.0,0.0,0.0,1.0,0.0,1.0,,,,0.0,0.0,,,,,0.0,0.0,0.0,1.0,,,0.0,0.0,1.0,0.0,,,,,,,,,,,,,,,,,,,,,,,,,,,,,,,,,,,,,,,,,,,,,,,,,,,,,,,,,,,,,,,,,,,,,,,,,,,,,,,,1.0,,,,,,1.0,,,,1.0,1.0,1.0
Corauci Sobrinho,1.0,1.0,1.0,0.0,0.0,1.0,1.0,0.0,,0.0,0.0,0.0,,,,,,0.0,,1.0,0.0,1.0,1.0,1.0,1.0,1.0,,,0.0,0.0,1.0,1.0,1.0,0.0,0.0,1.0,1.0,1.0,0.0,1.0,1.0,1.0,0.0,1.0,1.0,1.0,1.0,1.0,1.0,1.0,1.0,1.0,1.0,1.0,1.0,1.0,0.0,1.0,,0.0,0.0,1.0,1.0,1.0,1.0,1.0,1.0,1.0,1.0,1.0,1.0,1.0,0.0,1.0,1.0,0.0,1.0,0.0,1.0,0.0,1.0,0.0,0.0,1.0,1.0,1.0,1.0,1.0,1.0,,1.0,1.0,1.0,1.0,1.0,1.0,1.0,1.0,1.0,0.0,1.0,1.0,,1.0,1.0,1.0,0.0,1.0,0.0,0.0,0.0,0.0,,1.0,1.0,0.0,0.0,0.0,1.0,1.0,1.0,1.0,,0.0,,0.0,1.0,0.0,1.0,1.0,0.0,1.0,1.0,1.0,1.0,1.0,1.0,1.0,,,,1.0,1.0,1.0,1.0,1.0,0.0,0.0,1.0,,,0.0,1.0,1.0,1.0,,1.0,1.0,0.0,,1.0,1.0,,1.0,0.0,1.0,0.0,1.0,0.0,,,0.0,0.0,,,0.0,,,,,,0.0,,,,0.0,,1.0,1.0,0.0,1.0,0.0,1.0,0.0,1.0,0.0,1.0,1.0,1.0,,0.0,1.0,,0.0,1.0,1.0,1.0,1.0,1.0
Coriolano Sales,1.0,,1.0,1.0,1.0,,,,,1.0,1.0,1.0,1.0,1.0,1.0,,,,,1.0,,,1.0,1.0,1.0,1.0,1.0,1.0,,,,1.0,,1.0,1.0,,1.0,1.0,0.0,1.0,1.0,0.0,,1.0,0.0,1.0,1.0,1.0,1.0,1.0,1.0,1.0,1.0,,,,,,,,,,1.0,1.0,1.0,1.0,1.0,1.0,,,,,,,,,,0.0,,,,1.0,,,,1.0,1.0,1.0,1.0,,1.0,1.0,1.0,,,,,,1.0,0.0,1.0,,,,,,,1.0,,,0.0,,,,,0.0,,,1.0,1.0,1.0,1.0,,1.0,,0.0,0.0,0.0,,1.0,1.0,,,,1.0,,,,,1.0,,1.0,1.0,1.0,,1.0,0.0,0.0,1.0,,,,1.0,1.0,,,,1.0,0.0,1.0,1.0,1.0,,1.0,0.0,1.0,1.0,,,,1.0,,,,1.0,,1.0,,,,,1.0,1.0,,1.0,0.0,,,1.0,,1.0,,1.0,1.0,,,1.0,1.0,,,,,1.0,,0.0,0.0,1.0,1.0,1.0
Coronel Alves,1.0,1.0,1.0,1.0,1.0,0.0,0.0,1.0,,,,,,,,,,1.0,,,1.0,,1.0,1.0,1.0,1.0,1.0,1.0,,,1.0,0.0,,,,0.0,,1.0,0.0,1.0,1.0,1.0,1.0,1.0,1.0,1.0,1.0,,,,,1.0,1.0,,0.0,0.0,1.0,,1.0,0.0,1.0,0.0,1.0,,,,,1.0,1.0,1.0,1.0,,1.0,0.0,1.0,,0.0,1.0,0.0,,0.0,1.0,0.0,0.0,0.0,0.0,,1.0,0.0,0.0,0.0,0.0,1.0,,0.0,1.0,0.0,1.0,0.0,1.0,0.0,,0.0,1.0,0.0,0.0,0.0,0.0,0.0,0.0,1.0,0.0,0.0,0.0,0.0,1.0,,,,,1.0,0.0,0.0,1.0,0.0,1.0,0.0,0.0,0.0,0.0,0.0,0.0,0.0,1.0,1.0,0.0,0.0,,,0.0,1.0,,1.0,1.0,,1.0,,1.0,0.0,0.0,1.0,,0.0,,0.0,0.0,0.0,0.0,,1.0,,,,0.0,1.0,0.0,1.0,0.0,,0.0,0.0,0.0,0.0,,0.0,1.0,,0.0,1.0,0.0,0.0,0.0,0.0,0.0,1.0,,1.0,0.0,0.0,,1.0,,,,1.0,1.0,,0.0,,,,1.0,1.0,0.0,1.0,1.0,,,
Costa Ferreira,1.0,1.0,1.0,1.0,1.0,,0.0,1.0,0.0,,1.0,1.0,,,0.0,0.0,0.0,,,0.0,1.0,0.0,1.0,,,1.0,,,0.0,,1.0,,0.0,0.0,0.0,0.0,,1.0,0.0,1.0,1.0,,1.0,,1.0,1.0,1.0,,1.0,1.0,1.0,1.0,1.0,0.0,0.0,,,0.0,,0.0,1.0,0.0,1.0,,1.0,1.0,1.0,1.0,1.0,1.0,1.0,,1.0,0.0,1.0,0.0,0.0,,,,0.0,1.0,0.0,0.0,0.0,,1.0,,1.0,0.0,1.0,1.0,0.0,0.0,0.0,1.0,0.0,1.0,1.0,1.0,1.0,0.0,0.0,1.0,0.0,0.0,0.0,0.0,,0.0,,0.0,0.0,0.0,0.0,1.0,0.0,1.0,0.0,0.0,1.0,1.0,0.0,,0.0,0.0,0.0,0.0,0.0,1.0,0.0,,0.0,1.0,1.0,1.0,,1.0,0.0,,1.0,0.0,1.0,,0.0,1.0,1.0,1.0,0.0,0.0,1.0,,0.0,,0.0,0.0,,0.0,1.0,1.0,,1.0,0.0,0.0,1.0,0.0,1.0,0.0,,,,0.0,0.0,0.0,0.0,,,0.0,1.0,,,0.0,0.0,0.0,,,1.0,0.0,0.0,,0.0,0.0,0.0,0.0,1.0,1.0,,,0.0,1.0,1.0,1.0,,0.0,1.0,1.0,1.0,1.0,1.0
Custódio Mattos,1.0,1.0,1.0,1.0,1.0,,,,0.0,0.0,0.0,0.0,1.0,1.0,,1.0,1.0,0.0,1.0,,,,1.0,1.0,0.0,1.0,1.0,0.0,,,1.0,,,,,,1.0,1.0,0.0,1.0,1.0,0.0,0.0,1.0,1.0,1.0,1.0,1.0,1.0,1.0,0.0,1.0,1.0,,,,,,,,,,1.0,0.0,1.0,1.0,1.0,1.0,1.0,,,,,,,,,,,,,0.0,,,1.0,1.0,1.0,1.0,1.0,,1.0,1.0,,,,,,,1.0,0.0,1.0,,0.0,1.0,,,,,,,,,,,,0.0,,0.0,1.0,1.0,1.0,0.0,,0.0,,0.0,0.0,0.0,,1.0,0.0,,,1.0,,,,0.0,,,,0.0,1.0,1.0,1.0,1.0,0.0,,1.0,,1.0,,1.0,,,,0.0,1.0,0.0,1.0,0.0,1.0,1.0,,1.0,,1.0,1.0,0.0,,1.0,,,,1.0,,1.0,,1.0,0.0,0.0,,1.0,1.0,1.0,,0.0,0.0,1.0,,1.0,,1.0,0.0,1.0,0.0,1.0,1.0,1.0,1.0,,1.0,1.0,0.0,1.0,1.0,1.0,1.0,1.0
César Bandeira,1.0,1.0,1.0,1.0,1.0,0.0,0.0,1.0,0.0,1.0,1.0,1.0,,0.0,1.0,0.0,0.0,1.0,0.0,0.0,,0.0,1.0,1.0,1.0,1.0,1.0,1.0,,,1.0,1.0,,1.0,1.0,0.0,1.0,1.0,0.0,1.0,1.0,,1.0,1.0,1.0,1.0,,1.0,1.0,1.0,0.0,,1.0,,,,,,,,,,1.0,0.0,0.0,1.0,1.0,1.0,1.0,1.0,1.0,,,,,,,,,,,1.0,,,,1.0,1.0,1.0,,,1.0,1.0,1.0,,,,,,,,,,,1.0,,,,0.0,,0.0,,0.0,0.0,0.0,0.0,,0.0,1.0,0.0,0.0,1.0,0.0,,1.0,,0.0,,0.0,,0.0,0.0,0.0,0.0,,1.0,,0.0,,,1.0,,,1.0,1.0,1.0,1.0,1.0,1.0,,0.0,1.0,0.0,0.0,0.0,0.0,0.0,0.0,,1.0,1.0,,1.0,0.0,0.0,1.0,0.0,1.0,0.0,1.0,0.0,0.0,,0.0,0.0,0.0,1.0,1.0,0.0,1.0,0.0,0.0,0.0,,,,,1.0,0.0,0.0,0.0,1.0,0.0,0.0,1.0,,1.0,1.0,0.0,0.0,1.0,0.0,1.0,1.0,0.0,1.0,1.0,,,1.0
César Medeiros,,1.0,1.0,,1.0,0.0,0.0,1.0,0.0,1.0,1.0,1.0,0.0,0.0,0.0,0.0,0.0,,0.0,0.0,1.0,0.0,1.0,1.0,1.0,,1.0,1.0,0.0,,1.0,0.0,,0.0,0.0,0.0,1.0,1.0,0.0,1.0,1.0,1.0,1.0,1.0,1.0,1.0,1.0,1.0,1.0,1.0,0.0,1.0,1.0,0.0,,0.0,1.0,0.0,1.0,,,0.0,1.0,0.0,0.0,1.0,1.0,1.0,1.0,1.0,1.0,0.0,1.0,0.0,1.0,,0.0,1.0,0.0,1.0,0.0,1.0,0.0,0.0,0.0,0.0,1.0,,0.0,,0.0,0.0,,0.0,0.0,1.0,0.0,1.0,1.0,1.0,1.0,0.0,0.0,1.0,0.0,0.0,0.0,0.0,0.0,0.0,1.0,0.0,0.0,0.0,0.0,0.0,0.0,1.0,0.0,0.0,1.0,0.0,0.0,1.0,0.0,1.0,0.0,0.0,0.0,0.0,0.0,0.0,0.0,1.0,,0.0,0.0,0.0,0.0,0.0,1.0,0.0,1.0,,,,1.0,1.0,0.0,0.0,1.0,0.0,0.0,0.0,0.0,0.0,0.0,0.0,1.0,,1.0,1.0,0.0,,1.0,0.0,1.0,0.0,1.0,0.0,0.0,0.0,0.0,0.0,0.0,1.0,0.0,0.0,1.0,0.0,0.0,0.0,0.0,0.0,0.0,0.0,1.0,0.0,0.0,0.0,0.0,0.0,0.0,1.0,,1.0,,0.0,0.0,1.0,0.0,1.0,1.0,0.0,0.0,0.0,1.0,1.0,1.0
Damião Feliciano,,,1.0,,,,,,,,,,,,,,,,,,,,,,,,,,,,1.0,0.0,,,,,,,,,,,,,,,,,,,,,,,,,,,,,,,1.0,,,,,,,,,,,,,,,,,,,,,,,,,,,,,,0.0,0.0,0.0,,0.0,,,,,,,1.0,,,,,,,,,,,,,,,,,,,,,,,,,,,,,,,,,,,,,,,,,,,,,,,,,,,,,,,,,,,,,,,,,,,,,,,,,,,,,,,,,,,,,,,,,,,,,,,,,,1.0,,,,,,,
Daniel Almeida,1.0,1.0,1.0,1.0,1.0,,,,0.0,1.0,1.0,1.0,0.0,0.0,0.0,0.0,0.0,1.0,0.0,0.0,1.0,0.0,,1.0,0.0,1.0,1.0,1.0,0.0,,1.0,,0.0,,,0.0,1.0,1.0,0.0,1.0,1.0,1.0,1.0,1.0,1.0,1.0,1.0,1.0,1.0,1.0,0.0,1.0,1.0,,,0.0,1.0,0.0,1.0,,1.0,0.0,1.0,0.0,0.0,1.0,1.0,1.0,1.0,1.0,,,,0.0,1.0,,,1.0,,1.0,0.0,1.0,0.0,,,,1.0,1.0,,0.0,0.0,0.0,,0.0,0.0,1.0,0.0,1.0,1.0,1.0,1.0,0.0,0.0,1.0,,,0.0,0.0,0.0,0.0,,,0.0,0.0,,1.0,0.0,1.0,0.0,0.0,1.0,1.0,0.0,1.0,0.0,0.0,0.0,0.0,0.0,0.0,0.0,0.0,0.0,1.0,1.0,0.0,0.0,0.0,0.0,0.0,1.0,0.0,1.0,1.0,1.0,0.0,1.0,1.0,0.0,0.0,1.0,0.0,0.0,0.0,0.0,0.0,0.0,0.0,1.0,,,1.0,0.0,0.0,,,1.0,0.0,1.0,0.0,0.0,0.0,0.0,,,1.0,0.0,0.0,,,0.0,0.0,0.0,0.0,0.0,,0.0,0.0,,0.0,0.0,,,0.0,,1.0,,,1.0,1.0,0.0,1.0,1.0,0.0,1.0,1.0,1.0,1.0,1.0
Darci Coelho,1.0,1.0,1.0,1.0,1.0,,1.0,1.0,,1.0,1.0,1.0,1.0,1.0,0.0,0.0,0.0,,,,0.0,1.0,1.0,,1.0,1.0,1.0,1.0,0.0,1.0,,,0.0,1.0,1.0,,1.0,1.0,0.0,1.0,1.0,1.0,,1.0,1.0,1.0,1.0,1.0,1.0,1.0,0.0,1.0,1.0,,,,,,,,,,,0.0,1.0,1.0,1.0,1.0,1.0,1.0,,0.0,1.0,0.0,1.0,,0.0,1.0,0.0,1.0,0.0,1.0,0.0,0.0,0.0,,1.0,,0.0,0.0,0.0,0.0,,,,,,1.0,0.0,1.0,0.0,0.0,0.0,1.0,0.0,0.0,0.0,,0.0,0.0,,0.0,0.0,0.0,0.0,1.0,0.0,1.0,0.0,0.0,1.0,0.0,0.0,1.0,0.0,1.0,0.0,0.0,0.0,0.0,0.0,0.0,0.0,1.0,1.0,,0.0,1.0,0.0,0.0,1.0,0.0,1.0,1.0,,1.0,1.0,1.0,0.0,0.0,1.0,0.0,0.0,0.0,0.0,0.0,0.0,0.0,,1.0,,1.0,0.0,0.0,1.0,0.0,1.0,1.0,,0.0,0.0,,0.0,,,0.0,0.0,0.0,,0.0,0.0,,,,,,,,,,,,,,,,1.0,,0.0,1.0,1.0,1.0,1.0,0.0,0.0,0.0,1.0,1.0,1.0
Darcísio Perondi,1.0,1.0,1.0,1.0,1.0,,,1.0,,1.0,1.0,1.0,0.0,0.0,0.0,0.0,,,,,,0.0,1.0,1.0,0.0,,,,0.0,1.0,,1.0,0.0,1.0,1.0,0.0,,1.0,,1.0,1.0,,1.0,1.0,1.0,1.0,1.0,1.0,1.0,1.0,,1.0,1.0,0.0,,1.0,,,,,,,1.0,1.0,1.0,1.0,1.0,1.0,1.0,1.0,1.0,1.0,0.0,1.0,1.0,,1.0,,,0.0,1.0,0.0,0.0,,,0.0,,1.0,,0.0,1.0,1.0,1.0,,,,1.0,1.0,0.0,0.0,0.0,,0.0,,0.0,0.0,,,,,,0.0,0.0,0.0,,,0.0,,1.0,1.0,1.0,1.0,,,,,1.0,0.0,1.0,1.0,,,,1.0,1.0,,,1.0,,,,0.0,1.0,1.0,,1.0,0.0,0.0,1.0,1.0,,0.0,,1.0,,1.0,,1.0,1.0,1.0,0.0,,,0.0,1.0,,1.0,1.0,1.0,0.0,1.0,,0.0,0.0,,0.0,0.0,0.0,,0.0,,0.0,,1.0,1.0,,,,1.0,1.0,1.0,1.0,1.0,0.0,1.0,0.0,1.0,1.0,1.0,,1.0,,,0.0,1.0,1.0,,,1.0
Davi Alcolumbre,,1.0,1.0,1.0,1.0,,,,,,,,,,,,,1.0,,,1.0,,1.0,1.0,1.0,,,1.0,0.0,1.0,,0.0,,1.0,1.0,0.0,,1.0,0.0,,1.0,1.0,,1.0,,,1.0,1.0,1.0,1.0,1.0,1.0,,,0.0,,,,,0.0,1.0,0.0,,,,,1.0,,1.0,1.0,,,,,,0.0,,0.0,,,,1.0,0.0,,0.0,0.0,1.0,1.0,,0.0,1.0,1.0,,,,,,1.0,0.0,0.0,,0.0,,1.0,0.0,0.0,0.0,0.0,0.0,0.0,,0.0,,,0.0,1.0,,,,1.0,,1.0,,,,,,,,,,,,,,,,,,,,,,,,1.0,,,,,,,1.0,,,,,,,1.0,,1.0,1.0,,,1.0,0.0,,0.0,,1.0,,,,,,,,,,,,,,,,0.0,,,,1.0,1.0,1.0,,,0.0,,,,1.0,1.0,1.0,,0.0,1.0,1.0,1.0,1.0,1.0
Deley,1.0,,1.0,,1.0,0.0,0.0,,0.0,1.0,1.0,1.0,0.0,0.0,0.0,0.0,0.0,,,0.0,1.0,,1.0,1.0,1.0,1.0,1.0,1.0,0.0,1.0,1.0,0.0,0.0,1.0,,0.0,1.0,1.0,0.0,1.0,1.0,1.0,1.0,1.0,1.0,1.0,1.0,1.0,1.0,1.0,1.0,1.0,1.0,0.0,,0.0,1.0,0.0,,0.0,1.0,0.0,,,1.0,1.0,1.0,1.0,1.0,1.0,0.0,0.0,1.0,0.0,,0.0,,0.0,0.0,1.0,0.0,1.0,0.0,0.0,,,,,0.0,0.0,0.0,0.0,1.0,0.0,0.0,1.0,0.0,,,0.0,1.0,0.0,0.0,1.0,0.0,0.0,0.0,0.0,0.0,0.0,,0.0,0.0,0.0,,1.0,0.0,1.0,0.0,0.0,,0.0,,1.0,0.0,0.0,,0.0,,,,,,1.0,1.0,0.0,0.0,1.0,0.0,,1.0,0.0,1.0,1.0,1.0,0.0,1.0,,0.0,0.0,1.0,,,,0.0,0.0,,0.0,,1.0,,1.0,,0.0,1.0,0.0,1.0,0.0,1.0,0.0,0.0,0.0,,,,,0.0,0.0,,,,0.0,0.0,0.0,,0.0,1.0,0.0,0.0,,0.0,0.0,,0.0,1.0,0.0,1.0,,,1.0,,1.0,1.0,0.0,1.0,1.0,1.0,1.0,1.0
Delfim Netto,,1.0,1.0,1.0,1.0,,,,,1.0,,,0.0,0.0,0.0,0.0,0.0,,,,,,0.0,0.0,1.0,1.0,1.0,1.0,,1.0,1.0,,,1.0,1.0,,,1.0,0.0,1.0,,1.0,1.0,,1.0,1.0,1.0,,1.0,,1.0,,,0.0,,,,,,,,,,,,,,,,,,0.0,1.0,0.0,1.0,,,,,,,,,0.0,0.0,0.0,,,0.0,0.0,0.0,0.0,0.0,0.0,0.0,,0.0,,,,,,,,,,,0.0,0.0,,,,,,,1.0,,,0.0,0.0,1.0,1.0,,1.0,,1.0,,,0.0,0.0,0.0,,,,,,0.0,,0.0,,,1.0,1.0,1.0,,,1.0,1.0,,,,0.0,,,0.0,0.0,0.0,0.0,,,,,0.0,,1.0,0.0,1.0,1.0,,0.0,1.0,0.0,0.0,0.0,,1.0,,0.0,1.0,0.0,,,,,,0.0,,,,,,0.0,,,1.0,,1.0,,,,,,1.0,0.0,1.0,1.0,,,
Derval de Paiva,,,,,,,,,,,,,,,,,,,,,,,,,,,,,,,,,,,,0.0,,,,,,,,,1.0,,,,,,,,1.0,,,,,,,,,,,,,,,,1.0,1.0,1.0,0.0,,,1.0,,,,,,0.0,,,,,,,,,,,,,,,,,,,,,,,,,,,,,,,,,,,,,,,,,,,,,,,,,,,,,,,,,,,,,,,,,,,,,,,,,,,,,,,,,,,,,,,,,,,,,,,,,,,,,,,,,,,,,,,,,,,,,,,,,,,,,,,,
Devanir Ribeiro,1.0,1.0,1.0,1.0,1.0,0.0,0.0,1.0,0.0,1.0,1.0,1.0,0.0,0.0,0.0,0.0,0.0,1.0,0.0,0.0,1.0,0.0,,1.0,1.0,,1.0,1.0,0.0,1.0,1.0,0.0,0.0,1.0,1.0,0.0,1.0,1.0,0.0,1.0,1.0,1.0,1.0,1.0,1.0,1.0,1.0,1.0,1.0,1.0,0.0,1.0,1.0,0.0,0.0,0.0,1.0,0.0,1.0,0.0,1.0,0.0,1.0,0.0,0.0,1.0,1.0,1.0,1.0,1.0,1.0,0.0,,0.0,1.0,0.0,0.0,1.0,0.0,1.0,0.0,1.0,0.0,0.0,0.0,0.0,,1.0,0.0,0.0,0.0,0.0,0.0,0.0,0.0,1.0,0.0,,1.0,1.0,1.0,0.0,0.0,1.0,0.0,0.0,0.0,0.0,0.0,0.0,1.0,0.0,,0.0,0.0,1.0,0.0,1.0,0.0,0.0,1.0,0.0,0.0,1.0,0.0,1.0,0.0,0.0,0.0,0.0,0.0,0.0,0.0,1.0,1.0,0.0,0.0,,0.0,0.0,1.0,0.0,1.0,1.0,1.0,0.0,1.0,1.0,0.0,0.0,1.0,0.0,0.0,0.0,0.0,0.0,,0.0,1.0,,,1.0,0.0,0.0,1.0,0.0,1.0,0.0,1.0,0.0,0.0,,0.0,0.0,0.0,1.0,0.0,0.0,1.0,0.0,0.0,0.0,0.0,0.0,0.0,,1.0,0.0,0.0,,0.0,0.0,0.0,0.0,,1.0,,0.0,0.0,1.0,1.0,1.0,1.0,0.0,0.0,0.0,1.0,1.0,0.0
Dilceu Sperafico,1.0,1.0,1.0,1.0,1.0,,,,0.0,1.0,1.0,1.0,0.0,0.0,0.0,0.0,0.0,1.0,0.0,,1.0,,1.0,1.0,0.0,,1.0,1.0,0.0,1.0,,0.0,0.0,1.0,1.0,0.0,1.0,1.0,,1.0,1.0,,1.0,,,1.0,1.0,1.0,1.0,1.0,0.0,1.0,,,,,,,,,,,,0.0,1.0,1.0,1.0,,1.0,1.0,1.0,0.0,1.0,0.0,1.0,,,,0.0,1.0,,,,0.0,0.0,0.0,1.0,1.0,,0.0,0.0,0.0,1.0,,0.0,1.0,0.0,1.0,,1.0,,,,1.0,0.0,0.0,0.0,0.0,0.0,0.0,1.0,0.0,0.0,0.0,,1.0,0.0,,0.0,0.0,,1.0,0.0,1.0,0.0,1.0,,0.0,0.0,0.0,0.0,0.0,,1.0,1.0,0.0,,1.0,,0.0,1.0,1.0,1.0,,1.0,1.0,0.0,1.0,0.0,0.0,1.0,0.0,0.0,0.0,0.0,0.0,0.0,0.0,1.0,1.0,,1.0,0.0,0.0,1.0,,1.0,1.0,1.0,0.0,0.0,0.0,0.0,0.0,0.0,0.0,0.0,,,0.0,0.0,0.0,0.0,0.0,,0.0,1.0,,0.0,0.0,1.0,0.0,0.0,0.0,,1.0,1.0,0.0,0.0,1.0,1.0,0.0,1.0,0.0,0.0,0.0,1.0,1.0,1.0
Dimas Ramalho,1.0,1.0,1.0,1.0,1.0,,0.0,,0.0,1.0,1.0,1.0,0.0,0.0,0.0,0.0,0.0,1.0,0.0,0.0,,0.0,1.0,1.0,1.0,,1.0,1.0,,,1.0,,0.0,1.0,1.0,0.0,1.0,1.0,0.0,1.0,1.0,1.0,,1.0,1.0,1.0,1.0,1.0,1.0,1.0,0.0,1.0,,0.0,0.0,,1.0,0.0,,0.0,1.0,0.0,1.0,0.0,1.0,1.0,1.0,1.0,1.0,1.0,1.0,0.0,1.0,0.0,1.0,0.0,0.0,1.0,,1.0,0.0,1.0,0.0,0.0,,,,,0.0,,0.0,0.0,0.0,0.0,0.0,1.0,0.0,1.0,1.0,1.0,1.0,0.0,0.0,1.0,0.0,0.0,,0.0,0.0,0.0,1.0,0.0,,0.0,0.0,1.0,,1.0,0.0,0.0,,1.0,,,,0.0,0.0,0.0,0.0,1.0,,,,1.0,1.0,,,,,1.0,,0.0,0.0,1.0,1.0,1.0,1.0,,,,,,1.0,1.0,,,1.0,1.0,0.0,,1.0,1.0,0.0,0.0,0.0,1.0,0.0,1.0,0.0,,,0.0,0.0,,1.0,,1.0,,,0.0,0.0,,0.0,1.0,,,0.0,1.0,,0.0,1.0,0.0,1.0,0.0,1.0,0.0,1.0,,1.0,,,1.0,,0.0,1.0,1.0,1.0,1.0,1.0
Domiciano Cabral,1.0,1.0,1.0,,,,,,,,,,,,,,,,,,,,,1.0,,,1.0,,0.0,,1.0,,,,1.0,,1.0,1.0,,,,,,,1.0,,1.0,1.0,1.0,1.0,0.0,1.0,1.0,,,0.0,,0.0,,,,,1.0,0.0,,,1.0,1.0,1.0,1.0,1.0,,1.0,,1.0,,,,,,0.0,1.0,,,,,,,,,,,,0.0,0.0,1.0,0.0,,1.0,,1.0,0.0,,1.0,0.0,0.0,0.0,0.0,,,1.0,,,0.0,0.0,1.0,,,1.0,1.0,1.0,0.0,,,,0.0,,0.0,,1.0,0.0,,,,1.0,,,,,,,0.0,,1.0,1.0,1.0,0.0,,1.0,1.0,,,1.0,,,,1.0,1.0,0.0,,0.0,,,1.0,,,1.0,1.0,0.0,,1.0,,,,,,,,,0.0,0.0,,,,,,0.0,,,,,,,,,,,,0.0,1.0,1.0,1.0,,0.0,0.0,0.0,1.0,0.0,1.0
Dr. Benedito Dias,1.0,1.0,,0.0,0.0,,,,0.0,1.0,1.0,1.0,,0.0,0.0,0.0,0.0,,,,,,1.0,0.0,1.0,,1.0,,,,1.0,0.0,,1.0,1.0,0.0,1.0,1.0,0.0,1.0,,1.0,1.0,1.0,1.0,,1.0,1.0,1.0,1.0,0.0,1.0,1.0,0.0,,,,,,,,,1.0,,1.0,,1.0,1.0,1.0,1.0,1.0,0.0,1.0,0.0,1.0,,,,,,,1.0,,,0.0,0.0,1.0,,1.0,,,,1.0,0.0,0.0,1.0,,,1.0,,1.0,,0.0,1.0,0.0,0.0,0.0,0.0,,0.0,,,0.0,0.0,,1.0,0.0,,0.0,0.0,,0.0,0.0,,0.0,,,,0.0,0.0,0.0,0.0,0.0,1.0,1.0,0.0,0.0,,0.0,0.0,,0.0,1.0,1.0,1.0,1.0,0.0,1.0,,0.0,1.0,0.0,0.0,,0.0,0.0,,0.0,,,1.0,1.0,,,1.0,0.0,1.0,1.0,1.0,,,,,0.0,,1.0,,,,0.0,,,0.0,,,0.0,1.0,0.0,0.0,,1.0,0.0,0.0,,,,,0.0,,1.0,,,1.0,0.0,0.0,0.0,1.0,1.0,1.0
Dr. Evilásio,,,1.0,1.0,1.0,,,,0.0,1.0,1.0,1.0,0.0,0.0,0.0,0.0,,1.0,0.0,,1.0,0.0,1.0,1.0,1.0,1.0,1.0,1.0,,1.0,,0.0,,,,0.0,,,0.0,1.0,1.0,1.0,1.0,,1.0,1.0,,,,,,,1.0,0.0,0.0,,1.0,0.0,,0.0,,0.0,1.0,0.0,,,,1.0,1.0,1.0,1.0,0.0,1.0,0.0,,0.0,,,0.0,1.0,0.0,1.0,,0.0,0.0,,1.0,,0.0,0.0,0.0,0.0,0.0,0.0,,1.0,,1.0,,1.0,,,,,0.0,0.0,0.0,0.0,0.0,0.0,1.0,,,0.0,0.0,1.0,0.0,,,,,,,,,,,,,,,,,,,,,,,,,,,,,,,,,,,,,,,,,,,,,,,,,,,,,,,,,,,,,,,,,,,,,,,,,,,,,,,,,,,,,,1.0,,,,1.0,0.0,0.0
Dr. Francisco Gonçalves,,1.0,,1.0,1.0,0.0,0.0,1.0,,,,,,,,,,,,0.0,1.0,0.0,1.0,1.0,1.0,1.0,1.0,1.0,,1.0,,,0.0,1.0,1.0,0.0,1.0,1.0,0.0,1.0,1.0,1.0,1.0,1.0,1.0,1.0,1.0,1.0,1.0,1.0,0.0,1.0,,0.0,0.0,0.0,1.0,0.0,1.0,0.0,1.0,0.0,1.0,1.0,1.0,1.0,1.0,,1.0,1.0,1.0,0.0,1.0,0.0,1.0,0.0,0.0,1.0,0.0,1.0,0.0,1.0,0.0,0.0,0.0,0.0,1.0,,0.0,0.0,0.0,0.0,,,0.0,1.0,0.0,,,,0.0,0.0,0.0,,,,0.0,0.0,,,,0.0,,0.0,0.0,1.0,0.0,,0.0,0.0,,1.0,,,0.0,0.0,,,0.0,1.0,0.0,0.0,0.0,1.0,1.0,0.0,0.0,,,0.0,,1.0,1.0,,,1.0,,1.0,0.0,,,,,1.0,,,0.0,,,,1.0,1.0,0.0,0.0,0.0,,0.0,1.0,0.0,0.0,1.0,0.0,0.0,1.0,1.0,,1.0,,,,0.0,0.0,,1.0,0.0,0.0,0.0,1.0,1.0,,1.0,0.0,,1.0,1.0,0.0,,,1.0,1.0,1.0,,1.0,0.0,1.0,1.0,,,1.0
Dr. Heleno,1.0,1.0,1.0,1.0,1.0,,,,0.0,1.0,1.0,1.0,0.0,0.0,0.0,0.0,0.0,1.0,0.0,0.0,1.0,0.0,1.0,1.0,1.0,1.0,,,0.0,,,0.0,0.0,1.0,1.0,,1.0,1.0,,,1.0,1.0,,1.0,,1.0,1.0,1.0,1.0,1.0,0.0,1.0,,,,0.0,,,1.0,,,,1.0,,1.0,1.0,1.0,,1.0,1.0,1.0,,,,1.0,,0.0,,0.0,1.0,,,0.0,,0.0,,1.0,,1.0,0.0,0.0,,1.0,0.0,0.0,1.0,0.0,,,1.0,,,0.0,1.0,0.0,0.0,0.0,1.0,0.0,0.0,1.0,,0.0,0.0,0.0,1.0,,1.0,0.0,,1.0,0.0,,1.0,,0.0,,,0.0,,,0.0,0.0,1.0,1.0,0.0,,1.0,,,,0.0,1.0,,1.0,0.0,,,,0.0,,0.0,1.0,,0.0,0.0,,,,1.0,,1.0,0.0,0.0,1.0,,1.0,1.0,1.0,0.0,0.0,0.0,,0.0,0.0,,1.0,,1.0,,,0.0,0.0,,1.0,,1.0,,1.0,0.0,0.0,0.0,1.0,0.0,1.0,0.0,1.0,1.0,1.0,1.0,,1.0,1.0,0.0,1.0,1.0,1.0,1.0,1.0
Dr. Hélio,,,1.0,1.0,,0.0,0.0,1.0,0.0,1.0,1.0,1.0,0.0,0.0,0.0,0.0,0.0,1.0,0.0,,1.0,,,1.0,0.0,1.0,,1.0,,,,1.0,0.0,,,,,,0.0,,1.0,1.0,,,1.0,1.0,,,,,,,1.0,0.0,0.0,0.0,1.0,0.0,1.0,0.0,1.0,0.0,,,,,,1.0,1.0,1.0,1.0,0.0,1.0,0.0,1.0,0.0,0.0,0.0,,1.0,,1.0,0.0,0.0,,0.0,,,1.0,0.0,1.0,1.0,,,,,,1.0,,,,,,1.0,,,,0.0,0.0,0.0,,,0.0,,,,,,,,,,,,,,,,,,,,,,,,,,,,,,,,,,,,,,,,,,,,,,,,,,,,,,,,,,,,,,,,,,,,,,,,,,,,,,,,,,,,1.0,,,,,1.0,1.0,,,,,,
Dr. Pinotti,,,1.0,0.0,0.0,0.0,0.0,,,1.0,1.0,1.0,,,,,,,,,,0.0,,1.0,1.0,1.0,,,0.0,,1.0,1.0,,,,,,,,1.0,,,,1.0,1.0,,,,,,,,1.0,,,,,,,,,,1.0,,,,,,1.0,,,,,,,,,,,,,,,,,,1.0,,1.0,,1.0,1.0,1.0,,,,,,,,,,,1.0,,,,,,,,,,,,0.0,,,,,,,,,,,,,,,,,,,,,,,,,,,,,,,,,,,,,,,,,,,,,,,,,,,,,,,1.0,,,,,,,,,,,,1.0,1.0,,,,,,,1.0,,,,1.0,0.0,,1.0,,,,1.0,1.0,,,,1.0,,
Dr. Ribamar Alves,1.0,,1.0,1.0,1.0,0.0,0.0,1.0,0.0,1.0,,1.0,,,,,0.0,,,0.0,1.0,0.0,1.0,,,1.0,,,,,1.0,0.0,,1.0,1.0,,1.0,1.0,0.0,1.0,1.0,1.0,1.0,1.0,1.0,,1.0,1.0,1.0,,0.0,1.0,,,0.0,0.0,1.0,,1.0,,1.0,0.0,,,0.0,1.0,1.0,,,1.0,,0.0,1.0,0.0,1.0,,,1.0,0.0,1.0,,1.0,,,,,1.0,1.0,0.0,0.0,0.0,0.0,0.0,0.0,,1.0,0.0,1.0,1.0,1.0,1.0,0.0,,1.0,0.0,0.0,0.0,,0.0,0.0,1.0,0.0,,,0.0,1.0,,1.0,0.0,0.0,1.0,0.0,,,,1.0,0.0,0.0,,,,,,,1.0,,,,,,,,,1.0,1.0,0.0,1.0,,0.0,,,0.0,,,0.0,0.0,0.0,,,,1.0,,,0.0,,,1.0,,1.0,,,,,,,,0.0,0.0,,0.0,0.0,0.0,,,,,1.0,0.0,,0.0,,,,,,1.0,1.0,,0.0,1.0,1.0,1.0,1.0,0.0,1.0,1.0,1.0,1.0,1.0
Dr. Rodolfo Pereira,1.0,1.0,1.0,1.0,1.0,,,,0.0,1.0,1.0,1.0,,,0.0,,,,0.0,,1.0,,,1.0,1.0,1.0,1.0,,0.0,,1.0,0.0,,1.0,1.0,0.0,1.0,1.0,0.0,,1.0,1.0,1.0,1.0,1.0,1.0,1.0,1.0,1.0,1.0,0.0,1.0,1.0,0.0,0.0,0.0,1.0,,,,1.0,0.0,1.0,0.0,,,,1.0,,1.0,1.0,,,,,0.0,0.0,0.0,,,0.0,,,0.0,0.0,0.0,1.0,1.0,0.0,,,,1.0,,,,0.0,,0.0,1.0,0.0,,,1.0,0.0,0.0,0.0,0.0,0.0,,1.0,0.0,,,0.0,1.0,0.0,1.0,0.0,,1.0,1.0,,,,,0.0,0.0,,,,,,1.0,1.0,1.0,,0.0,,1.0,0.0,,,,,,1.0,1.0,0.0,0.0,1.0,0.0,,1.0,0.0,0.0,0.0,1.0,1.0,,0.0,1.0,,0.0,1.0,1.0,0.0,0.0,1.0,0.0,1.0,0.0,0.0,0.0,1.0,1.0,0.0,,,0.0,0.0,0.0,,,,0.0,0.0,1.0,1.0,0.0,,,,0.0,1.0,0.0,1.0,0.0,1.0,1.0,1.0,1.0,1.0,0.0,1.0,1.0,1.0,1.0,
Dr. Rosinha,,1.0,,1.0,1.0,,,,,1.0,1.0,1.0,0.0,0.0,0.0,0.0,0.0,,,,1.0,,1.0,1.0,1.0,,,,0.0,1.0,,,0.0,,,0.0,0.0,0.0,0.0,1.0,1.0,,,,1.0,,1.0,1.0,1.0,1.0,0.0,1.0,1.0,0.0,,,1.0,0.0,1.0,,1.0,0.0,,,1.0,1.0,1.0,1.0,1.0,,,0.0,1.0,,1.0,,0.0,1.0,0.0,1.0,0.0,1.0,0.0,0.0,,,1.0,,,0.0,,,,,,,,,1.0,,1.0,0.0,0.0,,0.0,0.0,0.0,,,,,,0.0,0.0,0.0,0.0,0.0,1.0,0.0,0.0,1.0,0.0,,,,1.0,0.0,0.0,0.0,0.0,0.0,0.0,0.0,,,0.0,0.0,,,,,,,,,0.0,,,,,,,,,,,,,1.0,,,1.0,0.0,0.0,1.0,,1.0,0.0,1.0,0.0,0.0,0.0,0.0,0.0,,,0.0,,,0.0,,,0.0,0.0,0.0,0.0,1.0,0.0,0.0,0.0,0.0,0.0,0.0,0.0,,1.0,1.0,0.0,0.0,1.0,0.0,,1.0,0.0,0.0,0.0,,,
Dra. Clair,1.0,,1.0,1.0,1.0,0.0,,,,1.0,1.0,1.0,0.0,,0.0,0.0,0.0,1.0,0.0,0.0,1.0,0.0,,1.0,1.0,1.0,0.0,1.0,0.0,1.0,1.0,,0.0,0.0,0.0,0.0,1.0,1.0,0.0,1.0,1.0,1.0,,,1.0,1.0,1.0,1.0,1.0,1.0,0.0,1.0,1.0,,0.0,0.0,1.0,0.0,1.0,0.0,1.0,0.0,1.0,0.0,1.0,1.0,1.0,1.0,,1.0,1.0,0.0,1.0,,,,0.0,1.0,0.0,1.0,0.0,1.0,0.0,0.0,0.0,0.0,1.0,1.0,1.0,,1.0,1.0,0.0,0.0,0.0,1.0,0.0,1.0,1.0,1.0,1.0,0.0,0.0,1.0,0.0,0.0,0.0,0.0,0.0,0.0,,0.0,0.0,0.0,0.0,0.0,0.0,1.0,0.0,0.0,,1.0,0.0,1.0,0.0,0.0,0.0,0.0,0.0,0.0,0.0,0.0,0.0,1.0,1.0,0.0,0.0,0.0,0.0,0.0,1.0,0.0,,1.0,,1.0,1.0,1.0,0.0,0.0,1.0,0.0,1.0,1.0,0.0,0.0,0.0,0.0,,0.0,1.0,1.0,0.0,0.0,1.0,0.0,1.0,,,0.0,0.0,0.0,,0.0,1.0,0.0,,0.0,1.0,0.0,0.0,0.0,,,0.0,,0.0,0.0,1.0,0.0,0.0,0.0,1.0,0.0,,1.0,1.0,0.0,1.0,1.0,0.0,1.0,1.0,0.0,0.0,0.0,1.0,1.0,1.0
Durval Orlato,1.0,1.0,1.0,1.0,1.0,0.0,,1.0,0.0,1.0,1.0,1.0,0.0,0.0,0.0,0.0,0.0,1.0,0.0,0.0,1.0,0.0,1.0,1.0,1.0,1.0,1.0,,0.0,1.0,1.0,0.0,0.0,0.0,0.0,0.0,1.0,1.0,0.0,1.0,1.0,,1.0,1.0,1.0,1.0,1.0,1.0,,,,1.0,1.0,0.0,0.0,0.0,1.0,0.0,1.0,0.0,1.0,0.0,1.0,0.0,1.0,1.0,1.0,1.0,1.0,1.0,1.0,0.0,1.0,0.0,1.0,0.0,0.0,1.0,0.0,1.0,0.0,1.0,0.0,0.0,0.0,0.0,1.0,1.0,0.0,0.0,0.0,0.0,,0.0,0.0,1.0,0.0,1.0,1.0,1.0,,,,1.0,0.0,0.0,0.0,0.0,0.0,0.0,1.0,0.0,0.0,,0.0,1.0,0.0,1.0,,0.0,1.0,0.0,0.0,,0.0,1.0,0.0,,0.0,0.0,0.0,0.0,,1.0,1.0,0.0,,1.0,0.0,0.0,1.0,0.0,1.0,1.0,1.0,1.0,1.0,,0.0,0.0,1.0,0.0,0.0,,0.0,0.0,0.0,0.0,1.0,0.0,1.0,1.0,0.0,0.0,,0.0,,,1.0,0.0,0.0,0.0,0.0,0.0,,1.0,0.0,0.0,1.0,0.0,0.0,0.0,0.0,,0.0,,1.0,,,0.0,0.0,,0.0,1.0,1.0,1.0,1.0,,0.0,1.0,0.0,1.0,1.0,,,0.0,1.0,1.0,1.0
Edinho Bez,1.0,1.0,,,,,,,,,,,,,,,,,,,,,,,,,,,0.0,,,,,,,,1.0,1.0,,,,,,,,,1.0,1.0,,1.0,,1.0,,,,,,,,,,,,,,,,,,,,,,,,,,,,,,,,,,,,1.0,,,,,,,,,,,1.0,,1.0,,,,,,,,,,,,,,,,,,,,1.0,1.0,0.0,,,,0.0,,0.0,0.0,0.0,,,1.0,1.0,0.0,0.0,1.0,0.0,0.0,1.0,,,,,,1.0,,0.0,,,0.0,,0.0,0.0,0.0,,,1.0,0.0,0.0,1.0,0.0,,1.0,0.0,1.0,0.0,,0.0,1.0,0.0,0.0,0.0,0.0,1.0,0.0,0.0,,0.0,0.0,0.0,0.0,0.0,1.0,0.0,,0.0,0.0,0.0,0.0,0.0,0.0,0.0,1.0,0.0,,0.0,,,1.0,,,0.0,1.0,1.0,,,
Edinho Montemor,1.0,1.0,,,,,,,,,,,,,,,,,,,,,,,,,,,,,,,,1.0,1.0,,1.0,1.0,,,,,,,,,1.0,1.0,1.0,1.0,0.0,1.0,,,,,,,,,,,,,0.0,1.0,1.0,,,,,,,,,,,,,,,,,,,,,1.0,,,,,,,,,,,,,0.0,,,,,,,,,,,,,,,,,0.0,1.0,0.0,1.0,0.0,0.0,1.0,0.0,1.0,,0.0,0.0,1.0,0.0,,0.0,,,0.0,,,0.0,0.0,,0.0,,,1.0,,1.0,1.0,,0.0,0.0,0.0,,,0.0,0.0,,,,1.0,1.0,,0.0,,1.0,0.0,1.0,0.0,1.0,0.0,0.0,0.0,0.0,0.0,0.0,0.0,,0.0,1.0,0.0,0.0,0.0,0.0,,,,0.0,0.0,0.0,,1.0,0.0,,1.0,1.0,1.0,,0.0,0.0,1.0,,,,,1.0,1.0,,,
Edir Oliveira,,,,,,,,,,,,,,,,,,,,,,,,,,,,,0.0,,,,,,,,,,,,,,,,,,,,,,,,,,,,,,,,,,,,,,,,,,,,,,,,,,,,,,,,,,,,,,,,,,,,,,,,,,,,,,,,,,,,,,,,,,,,,,,,,,,,,,,,,1.0,,,,1.0,,,,,,,,,,,,,,,,,,,,,,,,,,,,,,,,0.0,0.0,,,0.0,0.0,,,,,,,0.0,0.0,0.0,1.0,0.0,1.0,0.0,,0.0,0.0,0.0,0.0,0.0,,1.0,,,0.0,1.0,1.0,,,,,,,,
Edison Andrino,1.0,1.0,1.0,0.0,0.0,0.0,0.0,,0.0,1.0,1.0,1.0,0.0,,0.0,0.0,0.0,1.0,0.0,0.0,,0.0,1.0,,,1.0,,,,1.0,,,0.0,1.0,1.0,,1.0,1.0,0.0,1.0,1.0,1.0,1.0,1.0,1.0,1.0,1.0,1.0,1.0,1.0,0.0,,1.0,0.0,0.0,0.0,1.0,0.0,,0.0,1.0,0.0,,,,,,1.0,,1.0,1.0,,,,1.0,0.0,,0.0,0.0,1.0,0.0,,,,0.0,,1.0,1.0,1.0,0.0,1.0,1.0,1.0,,0.0,1.0,0.0,1.0,,1.0,1.0,0.0,,1.0,0.0,0.0,,0.0,0.0,0.0,1.0,0.0,0.0,0.0,,1.0,0.0,1.0,,,1.0,1.0,,1.0,,0.0,,,,,,,,,1.0,0.0,,,,1.0,0.0,,,,1.0,1.0,,,,,,,1.0,,,0.0,0.0,0.0,1.0,,0.0,1.0,0.0,0.0,1.0,,0.0,1.0,1.0,,,0.0,0.0,,,,,0.0,1.0,0.0,,,,,,,,,,,,,,,,,,,,,,1.0,,0.0,1.0,1.0,1.0,1.0,1.0
Edmar Moreira,,1.0,1.0,1.0,1.0,,0.0,1.0,,1.0,1.0,1.0,0.0,,,0.0,0.0,,,0.0,1.0,,1.0,1.0,1.0,,,,,1.0,1.0,0.0,,1.0,1.0,0.0,1.0,1.0,0.0,1.0,,1.0,1.0,,1.0,1.0,1.0,1.0,,,1.0,1.0,1.0,1.0,0.0,0.0,1.0,,,,1.0,0.0,1.0,,,,1.0,1.0,1.0,1.0,1.0,0.0,1.0,0.0,,,,1.0,0.0,1.0,0.0,1.0,,,0.0,,1.0,,0.0,,0.0,,0.0,,0.0,,,1.0,,1.0,0.0,1.0,,1.0,0.0,0.0,0.0,0.0,0.0,,,0.0,0.0,0.0,0.0,1.0,0.0,1.0,1.0,,,,0.0,1.0,0.0,1.0,,0.0,0.0,0.0,0.0,,0.0,1.0,,0.0,,,0.0,0.0,1.0,,1.0,,,1.0,,0.0,,,,,,,1.0,,,,,,1.0,,,1.0,,,0.0,1.0,0.0,,,,,,,,1.0,,,,,,,,,,,,,,,1.0,,,1.0,,,,,,,1.0,1.0,0.0,1.0,1.0,,,
Edmundo Galdino,,1.0,,,,,,,,,,,,,,,,,,,,,,,,,,,,,,,,,,,1.0,1.0,,,,,,,,,1.0,1.0,1.0,1.0,0.0,1.0,,,,,,,,,,,,,,,,,,,,,,,,,,,,,,,,,,,,,,,,,,,,,,,,,,,,,,,,,,,,,,,,,,,,,,,,,,,,,,,,,,,,,,,,,,,,,,,,,,,,,,,,,,,,,,,0.0,,,,0.0,,1.0,0.0,0.0,0.0,0.0,,,,1.0,,,0.0,,,0.0,1.0,1.0,,,,,,,,,,,,,,,,,,,0.0,1.0,1.0,,,
Edna Macedo,1.0,1.0,,0.0,0.0,,0.0,1.0,,1.0,1.0,1.0,0.0,0.0,0.0,0.0,0.0,1.0,0.0,,1.0,0.0,1.0,1.0,1.0,1.0,1.0,1.0,0.0,,1.0,0.0,,,1.0,0.0,1.0,1.0,0.0,1.0,1.0,,,1.0,1.0,1.0,1.0,1.0,1.0,1.0,0.0,1.0,1.0,0.0,0.0,,1.0,0.0,,0.0,1.0,0.0,1.0,1.0,1.0,1.0,1.0,1.0,1.0,1.0,1.0,,1.0,0.0,1.0,0.0,0.0,0.0,0.0,1.0,0.0,1.0,0.0,,,0.0,,1.0,0.0,0.0,0.0,,,0.0,0.0,1.0,0.0,,,1.0,,0.0,,1.0,0.0,0.0,0.0,0.0,0.0,0.0,,0.0,0.0,,0.0,1.0,0.0,1.0,,,,0.0,0.0,,1.0,,,,0.0,1.0,,0.0,0.0,1.0,,,0.0,,,1.0,1.0,,1.0,1.0,0.0,,,1.0,,0.0,1.0,0.0,,,,,,,1.0,1.0,0.0,1.0,0.0,0.0,0.0,,0.0,,,0.0,,0.0,0.0,0.0,,,0.0,0.0,1.0,0.0,,,,,,,,,,,1.0,,,0.0,1.0,0.0,,,1.0,,,1.0,1.0,0.0,1.0,1.0,1.0,1.0,1.0
Edson Duarte,,1.0,1.0,1.0,1.0,,0.0,1.0,,1.0,,1.0,0.0,0.0,0.0,,0.0,1.0,0.0,,,0.0,,1.0,1.0,1.0,,,0.0,1.0,1.0,0.0,0.0,0.0,1.0,,,1.0,0.0,1.0,1.0,,1.0,1.0,1.0,1.0,1.0,1.0,1.0,1.0,0.0,1.0,1.0,0.0,,,1.0,,,0.0,1.0,0.0,1.0,1.0,1.0,1.0,1.0,1.0,1.0,1.0,0.0,0.0,1.0,,,0.0,,0.0,0.0,1.0,0.0,0.0,0.0,,,,,,,0.0,0.0,0.0,,0.0,0.0,,,,,,1.0,,0.0,1.0,0.0,0.0,0.0,0.0,0.0,0.0,1.0,0.0,0.0,0.0,0.0,1.0,,1.0,,0.0,1.0,0.0,,1.0,,0.0,,,,,,,,1.0,,0.0,,0.0,,,,0.0,0.0,,,1.0,,,,,,,,,,,,,1.0,1.0,1.0,1.0,0.0,0.0,1.0,1.0,0.0,,1.0,0.0,1.0,,0.0,0.0,1.0,,,0.0,1.0,0.0,0.0,0.0,0.0,0.0,,,0.0,0.0,1.0,0.0,1.0,0.0,1.0,0.0,1.0,0.0,1.0,,1.0,1.0,,1.0,,0.0,1.0,1.0,1.0,1.0,1.0
Edson Ezequiel,1.0,1.0,1.0,1.0,1.0,0.0,,1.0,0.0,1.0,1.0,1.0,0.0,0.0,0.0,0.0,0.0,1.0,0.0,0.0,1.0,0.0,1.0,1.0,,1.0,1.0,0.0,0.0,1.0,1.0,1.0,0.0,,,0.0,1.0,1.0,0.0,1.0,1.0,,,,1.0,1.0,1.0,1.0,1.0,1.0,0.0,1.0,,0.0,0.0,0.0,1.0,0.0,1.0,0.0,1.0,0.0,1.0,1.0,1.0,1.0,1.0,1.0,1.0,1.0,1.0,0.0,1.0,0.0,1.0,0.0,0.0,0.0,0.0,1.0,0.0,,0.0,0.0,,0.0,1.0,1.0,1.0,0.0,1.0,1.0,1.0,,0.0,1.0,0.0,1.0,1.0,1.0,1.0,0.0,,1.0,0.0,0.0,,,,,,,,1.0,,0.0,0.0,1.0,,0.0,1.0,1.0,,1.0,,0.0,0.0,0.0,,,,,,1.0,1.0,,,1.0,,,,0.0,1.0,1.0,1.0,1.0,1.0,1.0,0.0,,0.0,,1.0,1.0,0.0,0.0,0.0,1.0,1.0,1.0,1.0,1.0,0.0,0.0,1.0,1.0,1.0,1.0,1.0,0.0,1.0,0.0,0.0,,,0.0,1.0,0.0,1.0,0.0,0.0,0.0,0.0,1.0,1.0,0.0,,,,0.0,1.0,0.0,1.0,0.0,1.0,0.0,1.0,0.0,1.0,1.0,0.0,1.0,,0.0,1.0,1.0,1.0,,
Eduardo Barbosa,,,1.0,1.0,1.0,0.0,0.0,1.0,0.0,0.0,0.0,0.0,1.0,1.0,1.0,1.0,1.0,,,0.0,,0.0,,1.0,0.0,1.0,1.0,0.0,0.0,,1.0,1.0,,1.0,1.0,,1.0,1.0,0.0,1.0,1.0,0.0,,1.0,1.0,1.0,1.0,1.0,1.0,1.0,0.0,1.0,1.0,,,,,,,,,,1.0,0.0,1.0,1.0,1.0,1.0,1.0,,,,,,,,,,,,,,,,1.0,1.0,1.0,,1.0,,1.0,1.0,1.0,,,,,1.0,1.0,0.0,1.0,,0.0,1.0,,,,1.0,,,0.0,,,,,0.0,,0.0,1.0,1.0,1.0,1.0,,0.0,,0.0,0.0,0.0,1.0,1.0,0.0,,,1.0,,,,1.0,,,,0.0,,1.0,,1.0,0.0,0.0,1.0,,,,1.0,1.0,,,0.0,1.0,,,0.0,1.0,1.0,1.0,1.0,,1.0,1.0,0.0,,1.0,,,,1.0,,1.0,,,0.0,0.0,,1.0,1.0,1.0,,0.0,0.0,1.0,,1.0,,1.0,0.0,1.0,0.0,1.0,1.0,1.0,1.0,1.0,1.0,1.0,0.0,1.0,1.0,1.0,1.0,1.0
Eduardo Campos,,,,1.0,1.0,0.0,0.0,1.0,0.0,1.0,1.0,1.0,0.0,0.0,0.0,0.0,0.0,1.0,0.0,,1.0,0.0,1.0,,,1.0,,,,,,,,,,0.0,1.0,,0.0,1.0,1.0,,,,,,,1.0,1.0,1.0,0.0,1.0,,,,,,,,,,,,,,,,,,,,,,,,,,,,,,,,,,,,,,,,,,,,,,,,,,,,,,,,,,,,,,,,,,,,,,,,,,,,0.0,,,,,,,,,,,,,,,,,,,,1.0,0.0,0.0,1.0,,,0.0,0.0,0.0,,,1.0,,,1.0,0.0,,,,1.0,,,,0.0,0.0,0.0,,,,,,1.0,,,,,,,,,,,,,,,,,1.0,1.0,,,,,,1.0,0.0,1.0,1.0,,,
Eduardo Cunha,1.0,1.0,,0.0,,0.0,0.0,,0.0,1.0,1.0,1.0,0.0,,,,,,0.0,0.0,,0.0,1.0,1.0,0.0,,1.0,0.0,0.0,,,,,0.0,0.0,,1.0,1.0,0.0,1.0,1.0,1.0,1.0,,1.0,,1.0,1.0,1.0,1.0,0.0,1.0,1.0,,,,,,1.0,,,,,1.0,1.0,1.0,1.0,1.0,1.0,1.0,1.0,,,,1.0,,,0.0,,0.0,,1.0,,,,0.0,1.0,1.0,1.0,,1.0,1.0,1.0,,,,,1.0,,0.0,,,,,,,,,,,,,,0.0,0.0,,,1.0,,1.0,,1.0,1.0,0.0,,0.0,,0.0,,1.0,1.0,,,,1.0,,,1.0,,1.0,,1.0,1.0,1.0,1.0,0.0,0.0,0.0,1.0,0.0,,0.0,0.0,1.0,0.0,0.0,0.0,1.0,,1.0,0.0,1.0,1.0,0.0,1.0,0.0,1.0,,0.0,,1.0,1.0,,1.0,,0.0,0.0,1.0,1.0,0.0,0.0,,1.0,1.0,1.0,0.0,0.0,1.0,1.0,,,,1.0,0.0,1.0,0.0,,1.0,1.0,1.0,1.0,,0.0,0.0,1.0,1.0,1.0,1.0,1.0
Eduardo Gomes,1.0,,1.0,1.0,1.0,,,,0.0,,0.0,,,1.0,1.0,,,0.0,1.0,,,0.0,,,,,1.0,0.0,0.0,,,,,1.0,1.0,,,,0.0,1.0,,,,,1.0,1.0,,,,,,,1.0,,,,,,,,,,1.0,0.0,,1.0,,1.0,1.0,,,,,,,,,,,,,,,,1.0,,,,1.0,,,,1.0,,,,,1.0,,0.0,,,0.0,1.0,,,,,,,,,,,,,,,,,,,,,,,,0.0,,,,,,,,,,,,,,0.0,,,1.0,,0.0,,,,,,,1.0,,,,,,,,1.0,,,,,,,,,,,,,,,,,,,,,,,,1.0,,,,,,,,,1.0,,1.0,,,,,1.0,1.0,,,,1.0,1.0,1.0
Eduardo Paes,,,,0.0,0.0,0.0,0.0,1.0,0.0,0.0,0.0,0.0,1.0,,,1.0,1.0,0.0,,,,0.0,,1.0,0.0,,1.0,,,,,,,1.0,1.0,,1.0,,,1.0,1.0,,0.0,1.0,1.0,,,1.0,1.0,1.0,0.0,,,,,1.0,,,,,,,1.0,1.0,1.0,1.0,1.0,1.0,1.0,,,,,,1.0,,,,,,,0.0,,,1.0,1.0,1.0,,1.0,,1.0,1.0,,,,,,1.0,1.0,0.0,,,0.0,,,,,1.0,,,0.0,,,,,0.0,,0.0,,1.0,,0.0,,,,0.0,0.0,,,1.0,0.0,,,1.0,1.0,,,,,,,,1.0,,,1.0,0.0,,,,,,,,,,0.0,1.0,,,0.0,,1.0,1.0,,,1.0,1.0,0.0,,,,,,,,1.0,,,,,,1.0,1.0,1.0,,0.0,,,,1.0,,,0.0,,0.0,1.0,1.0,1.0,,1.0,,1.0,0.0,1.0,1.0,1.0,0.0,0.0
Eduardo Sciarra,1.0,1.0,1.0,0.0,0.0,,,,,0.0,0.0,0.0,1.0,1.0,1.0,,,,,,,,1.0,1.0,1.0,1.0,,1.0,0.0,,1.0,1.0,,1.0,1.0,,,1.0,0.0,1.0,1.0,0.0,,1.0,1.0,1.0,,,,,,1.0,1.0,,,,,,,,,,1.0,1.0,1.0,1.0,1.0,1.0,1.0,,1.0,,,,1.0,,,,,,,0.0,,,,,1.0,1.0,1.0,,1.0,1.0,1.0,,,,,,1.0,0.0,1.0,,,1.0,,,,1.0,0.0,,0.0,,,,,0.0,,0.0,1.0,1.0,1.0,,,0.0,,0.0,1.0,,,1.0,0.0,,,1.0,1.0,,,1.0,,,,1.0,1.0,1.0,1.0,1.0,0.0,0.0,1.0,,,,1.0,1.0,,,,,0.0,1.0,,,1.0,1.0,0.0,1.0,,,,,1.0,,,,1.0,,1.0,,,,,,1.0,1.0,1.0,0.0,0.0,1.0,1.0,,1.0,1.0,1.0,0.0,1.0,0.0,,1.0,1.0,,1.0,,1.0,,,1.0,1.0,1.0,1.0
Eduardo Seabra,1.0,1.0,1.0,0.0,0.0,0.0,0.0,,0.0,1.0,0.0,1.0,0.0,0.0,0.0,0.0,0.0,1.0,0.0,0.0,1.0,0.0,1.0,1.0,1.0,1.0,1.0,1.0,0.0,1.0,1.0,0.0,0.0,1.0,1.0,0.0,1.0,1.0,0.0,1.0,1.0,1.0,1.0,,1.0,1.0,1.0,1.0,1.0,1.0,0.0,1.0,1.0,0.0,0.0,,1.0,0.0,1.0,0.0,1.0,0.0,1.0,1.0,1.0,1.0,1.0,1.0,1.0,1.0,1.0,0.0,1.0,0.0,1.0,0.0,0.0,0.0,0.0,,0.0,1.0,0.0,0.0,0.0,0.0,1.0,1.0,1.0,0.0,1.0,1.0,0.0,0.0,0.0,1.0,0.0,1.0,1.0,1.0,1.0,0.0,0.0,1.0,,,0.0,0.0,0.0,0.0,1.0,0.0,0.0,0.0,0.0,1.0,0.0,1.0,0.0,0.0,,0.0,0.0,1.0,0.0,0.0,0.0,0.0,0.0,0.0,0.0,0.0,0.0,,1.0,0.0,0.0,,0.0,1.0,1.0,0.0,,,1.0,1.0,,1.0,0.0,0.0,1.0,0.0,0.0,,0.0,0.0,0.0,0.0,,1.0,1.0,1.0,0.0,0.0,1.0,0.0,1.0,0.0,1.0,0.0,0.0,0.0,0.0,0.0,0.0,1.0,0.0,0.0,1.0,0.0,0.0,0.0,0.0,0.0,1.0,0.0,1.0,0.0,0.0,0.0,0.0,0.0,0.0,,,,,,0.0,1.0,1.0,1.0,1.0,0.0,1.0,1.0,1.0,1.0,1.0
Eduardo Valverde,,1.0,,1.0,1.0,,1.0,,0.0,1.0,1.0,1.0,,,,0.0,0.0,1.0,0.0,,1.0,0.0,1.0,,,1.0,1.0,1.0,0.0,1.0,,,,1.0,1.0,,1.0,1.0,0.0,1.0,1.0,,,1.0,1.0,1.0,1.0,1.0,1.0,1.0,0.0,1.0,,0.0,0.0,0.0,1.0,0.0,1.0,0.0,1.0,0.0,1.0,0.0,0.0,,,1.0,1.0,1.0,1.0,0.0,1.0,0.0,,0.0,,1.0,0.0,1.0,0.0,1.0,0.0,0.0,0.0,,,1.0,0.0,0.0,0.0,0.0,,0.0,0.0,,0.0,,1.0,,1.0,,,,,0.0,0.0,,,,,0.0,0.0,0.0,0.0,1.0,0.0,1.0,0.0,0.0,,0.0,0.0,1.0,0.0,1.0,0.0,0.0,0.0,0.0,,0.0,0.0,1.0,1.0,0.0,0.0,1.0,0.0,0.0,1.0,,1.0,1.0,,1.0,,,0.0,0.0,1.0,0.0,0.0,0.0,0.0,0.0,0.0,0.0,,0.0,1.0,1.0,,0.0,,0.0,1.0,0.0,,,1.0,0.0,0.0,0.0,,1.0,,0.0,1.0,0.0,0.0,0.0,0.0,,0.0,0.0,1.0,0.0,,,0.0,0.0,0.0,0.0,0.0,1.0,,0.0,0.0,1.0,0.0,,1.0,0.0,0.0,,1.0,,0.0
Elaine Costa,1.0,,1.0,1.0,1.0,0.0,,1.0,,1.0,1.0,,0.0,0.0,0.0,0.0,0.0,1.0,0.0,0.0,1.0,0.0,,1.0,1.0,1.0,,1.0,0.0,1.0,,,0.0,,,0.0,1.0,1.0,0.0,1.0,1.0,1.0,1.0,,,,1.0,,1.0,1.0,0.0,,,,0.0,,,0.0,,0.0,,,1.0,1.0,1.0,1.0,1.0,,1.0,1.0,1.0,0.0,,0.0,,,0.0,1.0,0.0,,,0.0,0.0,0.0,,0.0,1.0,,0.0,0.0,0.0,0.0,0.0,0.0,,1.0,,,1.0,,1.0,,,,0.0,0.0,,,,0.0,,0.0,,0.0,0.0,1.0,0.0,,0.0,,,,,1.0,,1.0,0.0,,,0.0,,0.0,,1.0,1.0,,,1.0,0.0,,,1.0,1.0,1.0,,,1.0,1.0,,,1.0,,0.0,,,0.0,,0.0,,,,1.0,,,,0.0,,,,,,,,,,,,,,,,,,,,,,,,,,,,,1.0,0.0,,,0.0,1.0,1.0,1.0,1.0,0.0,1.0,,,,1.0
Elimar Máximo Damasceno,1.0,1.0,0.0,0.0,0.0,1.0,1.0,0.0,,0.0,0.0,0.0,,1.0,1.0,,1.0,,1.0,1.0,1.0,,,1.0,1.0,1.0,1.0,0.0,,,0.0,,,0.0,0.0,,,1.0,0.0,0.0,0.0,0.0,0.0,1.0,,1.0,1.0,,1.0,1.0,1.0,1.0,1.0,,1.0,,,,,,,,0.0,1.0,1.0,1.0,1.0,1.0,1.0,,0.0,,0.0,,,,,,,,,,,,,1.0,1.0,,1.0,,1.0,1.0,1.0,,,,,1.0,0.0,0.0,0.0,,,0.0,,,,1.0,,,0.0,,,,,0.0,,0.0,1.0,,,1.0,,0.0,,0.0,,0.0,0.0,,0.0,,,1.0,,,,,,,,0.0,,1.0,1.0,1.0,1.0,1.0,0.0,,,,1.0,,,,0.0,1.0,0.0,1.0,,1.0,,1.0,0.0,1.0,0.0,1.0,,,1.0,,,,,,,,0.0,,,,1.0,1.0,,0.0,0.0,,1.0,,1.0,,1.0,0.0,1.0,0.0,1.0,1.0,1.0,1.0,,,1.0,0.0,1.0,1.0,0.0,1.0,1.0
Eliseu Moura,,,,,1.0,0.0,,,,,1.0,1.0,,1.0,0.0,,,,0.0,0.0,1.0,,1.0,,,1.0,,,,1.0,1.0,0.0,0.0,,,,,,,,,,,,,1.0,,,,,,,,0.0,,0.0,,,,,,,1.0,,,,,,,,,,,,1.0,,,,0.0,1.0,,,0.0,0.0,,0.0,,,0.0,0.0,0.0,0.0,,0.0,0.0,1.0,0.0,1.0,,1.0,,,,1.0,0.0,0.0,0.0,,,,,,,,,,,,,,,,,,,,,,,,,,,,,,,,,,,,,,,,,,,,,,,,,,,,,,,,,,,,,,,,,,,,,,,,,,,,,,,,,,,,,,,,,,,,,,,,,,,,1.0,1.0,1.0
Eliseu Padilha,,,1.0,0.0,0.0,0.0,,,,0.0,0.0,1.0,,,1.0,,1.0,,,1.0,0.0,,,1.0,0.0,,,0.0,,,,,,,,,,1.0,,1.0,1.0,,,,,,1.0,,0.0,1.0,0.0,,1.0,,1.0,,,,1.0,,,,1.0,1.0,,,,1.0,,1.0,1.0,1.0,,1.0,,,,0.0,,,,0.0,,,,,,1.0,1.0,,1.0,1.0,1.0,,,,,,0.0,,,,,,,,,,,,0.0,,,,,0.0,,1.0,,1.0,,1.0,,0.0,,0.0,1.0,0.0,0.0,1.0,0.0,,,1.0,,,,,,,0.0,,1.0,1.0,,,0.0,,1.0,,0.0,,,,,,,,,,,,0.0,,,,0.0,1.0,,,1.0,,,,,,1.0,,,,0.0,,1.0,1.0,1.0,,0.0,,1.0,,,1.0,1.0,0.0,1.0,,,,,,,,,0.0,1.0,1.0,,,1.0
Eliseu Resende,1.0,1.0,,0.0,0.0,,,,,0.0,0.0,0.0,,1.0,1.0,1.0,1.0,,,,,,1.0,1.0,1.0,1.0,,1.0,,,1.0,1.0,,1.0,1.0,,1.0,1.0,0.0,1.0,1.0,0.0,,1.0,1.0,1.0,1.0,,1.0,1.0,1.0,1.0,1.0,,,,,,,,,,1.0,1.0,,1.0,1.0,1.0,1.0,,,,,,,,,,,,,,,,,,1.0,,1.0,,1.0,1.0,1.0,,,,,1.0,0.0,0.0,,,,,,,,,,,,,,,,,,0.0,1.0,1.0,1.0,1.0,,0.0,,0.0,1.0,0.0,,,0.0,,,,,,,,,,,,,,,,0.0,,,,,,,1.0,,,,,,,,1.0,1.0,1.0,,,0.0,1.0,0.0,,,,,,,,,,,,,,,1.0,1.0,,0.0,1.0,1.0,,1.0,,,,1.0,0.0,,,,,1.0,,1.0,,1.0,1.0,1.0,1.0,1.0
Enio Bacci,1.0,1.0,1.0,0.0,0.0,,,,,1.0,1.0,1.0,,0.0,,,0.0,1.0,0.0,,,,1.0,1.0,0.0,1.0,1.0,1.0,,1.0,1.0,1.0,,1.0,1.0,,1.0,1.0,0.0,,1.0,,1.0,,1.0,,1.0,1.0,1.0,,0.0,1.0,1.0,,,,1.0,0.0,,0.0,1.0,,,1.0,1.0,1.0,1.0,1.0,1.0,1.0,1.0,0.0,1.0,,,0.0,,0.0,0.0,,,,,,0.0,,1.0,1.0,,0.0,1.0,1.0,,,,,,,0.0,,0.0,,0.0,0.0,0.0,0.0,,0.0,,0.0,,0.0,0.0,,,,0.0,1.0,1.0,0.0,1.0,1.0,,,,0.0,0.0,,,1.0,0.0,,,1.0,1.0,,,0.0,,,,0.0,,,1.0,,1.0,1.0,0.0,,,1.0,1.0,,,,,,,,,1.0,,,0.0,1.0,0.0,1.0,1.0,,,0.0,0.0,0.0,1.0,1.0,,,,0.0,,0.0,0.0,,,,,1.0,1.0,0.0,,,1.0,,1.0,0.0,1.0,,1.0,1.0,,1.0,,0.0,1.0,1.0,,,1.0
Enio Tatico,,1.0,,0.0,,0.0,,,0.0,1.0,1.0,1.0,,,,,,1.0,0.0,0.0,,,,1.0,1.0,,,,,,,,,1.0,1.0,0.0,,1.0,0.0,1.0,,,1.0,,,1.0,1.0,,1.0,1.0,0.0,1.0,,0.0,0.0,0.0,1.0,0.0,,0.0,1.0,0.0,1.0,,0.0,,1.0,1.0,,,,,,,1.0,0.0,0.0,1.0,0.0,1.0,0.0,,0.0,,,0.0,1.0,,1.0,0.0,0.0,0.0,0.0,,,1.0,,,0.0,,0.0,,0.0,,,,0.0,,,,1.0,,0.0,,,,,1.0,,0.0,1.0,0.0,0.0,,,,,,0.0,0.0,0.0,0.0,0.0,1.0,,0.0,,1.0,0.0,0.0,1.0,0.0,,,,,1.0,,0.0,,,,,,,,,,1.0,,,,,,1.0,0.0,1.0,0.0,,0.0,0.0,0.0,,0.0,0.0,,0.0,0.0,1.0,0.0,,,,,,,,,0.0,0.0,,,,0.0,,,,0.0,,,1.0,,1.0,0.0,1.0,1.0,,,1.0
Enivaldo Ribeiro,1.0,1.0,,1.0,1.0,,,1.0,0.0,1.0,1.0,1.0,,0.0,,0.0,0.0,,0.0,0.0,,0.0,1.0,1.0,1.0,1.0,1.0,1.0,,1.0,,,0.0,1.0,1.0,0.0,1.0,1.0,0.0,1.0,1.0,1.0,1.0,1.0,1.0,1.0,1.0,1.0,1.0,1.0,0.0,1.0,,0.0,,,,,,,,,,0.0,0.0,1.0,1.0,1.0,1.0,1.0,1.0,0.0,1.0,0.0,1.0,,,,0.0,,,1.0,,0.0,,,1.0,1.0,0.0,,0.0,0.0,,,,,,1.0,,1.0,1.0,,,,,,,,,0.0,,0.0,0.0,0.0,,1.0,,1.0,0.0,0.0,1.0,1.0,0.0,1.0,0.0,1.0,0.0,0.0,,,,0.0,0.0,,1.0,0.0,0.0,,0.0,0.0,1.0,1.0,1.0,1.0,1.0,,0.0,1.0,0.0,,1.0,0.0,0.0,0.0,0.0,0.0,0.0,0.0,1.0,1.0,1.0,1.0,0.0,,,0.0,1.0,1.0,1.0,0.0,0.0,0.0,0.0,0.0,0.0,1.0,0.0,0.0,1.0,0.0,0.0,0.0,,,,0.0,1.0,0.0,0.0,0.0,1.0,0.0,0.0,0.0,1.0,0.0,,0.0,0.0,,,,1.0,0.0,0.0,0.0,1.0,1.0,1.0
Enéas,1.0,1.0,,0.0,0.0,1.0,1.0,0.0,,,,,,1.0,1.0,,,,1.0,1.0,1.0,1.0,1.0,1.0,1.0,1.0,,,,,0.0,,,0.0,0.0,,1.0,1.0,0.0,0.0,0.0,,,1.0,,1.0,1.0,1.0,1.0,1.0,0.0,1.0,,,1.0,,,,,,,,0.0,1.0,1.0,1.0,1.0,,1.0,,0.0,,0.0,,,,,,,,,,,,,,1.0,1.0,1.0,,1.0,1.0,,,,,,1.0,0.0,0.0,0.0,,,0.0,,,,,,,0.0,,,,,0.0,,0.0,,1.0,,1.0,,0.0,,0.0,1.0,0.0,0.0,,0.0,,,1.0,,,,,,1.0,,,,1.0,1.0,1.0,,,0.0,,,,1.0,,,,0.0,1.0,0.0,,,1.0,,1.0,,,0.0,1.0,1.0,,1.0,,,,,,,,,,,,,1.0,,,,,1.0,,1.0,,,,,,,1.0,,,,,1.0,0.0,1.0,1.0,0.0,1.0,1.0
Eunício Oliveira,1.0,,,1.0,1.0,0.0,,1.0,0.0,1.0,1.0,1.0,0.0,0.0,0.0,0.0,0.0,,,,1.0,0.0,,,,,,,0.0,,,,,,,,1.0,,0.0,1.0,1.0,,,1.0,,,1.0,1.0,1.0,1.0,0.0,1.0,,,,,,,,,,,,,,,,,,,,,,,,,,,,,,,,,,,,1.0,,,,,,,,,,,,,,,,,,,,,,,,,,,,,,,,,1.0,1.0,,,,,,0.0,,,,,,1.0,1.0,,,,,,,,1.0,1.0,1.0,1.0,1.0,1.0,0.0,0.0,1.0,,0.0,0.0,0.0,0.0,,0.0,1.0,,,1.0,0.0,1.0,,0.0,1.0,0.0,1.0,,1.0,0.0,0.0,0.0,0.0,1.0,0.0,,1.0,0.0,0.0,0.0,,0.0,0.0,,1.0,0.0,0.0,0.0,0.0,0.0,0.0,,,,,,0.0,,1.0,,,0.0,1.0,1.0,,,
Evandro Milhomen,,1.0,,,,,,,,,,,,,,,,,,,,,,,,,,,0.0,,,,,,,,,1.0,,,,,,,,,1.0,,,,,1.0,,,,,,,,,,,,,,,,,,,,,,,,,,,,,,,,,,,,,,,,,,,,,,,,,,,,,,,,,,,,,,,,,,,,,,1.0,,,,,,,,,,,,,,,,,,,,,,,,,,,,,,,,,,,,,,,,,,,1.0,0.0,,,,,0.0,0.0,0.0,0.0,0.0,1.0,0.0,,,,0.0,,0.0,0.0,,,0.0,,,0.0,0.0,,,0.0,,1.0,,0.0,,1.0,0.0,,,,,1.0,,,
Fernando Coruja,1.0,1.0,1.0,,,,,,,,,,,,,,,,,,,,,1.0,0.0,,1.0,1.0,0.0,1.0,1.0,0.0,0.0,1.0,1.0,,1.0,1.0,,,,,,,,,1.0,1.0,1.0,1.0,0.0,1.0,,,0.0,,1.0,0.0,,0.0,1.0,0.0,,0.0,1.0,1.0,1.0,,,,,,,,,0.0,0.0,1.0,0.0,1.0,,,0.0,0.0,0.0,0.0,,1.0,1.0,0.0,0.0,0.0,1.0,0.0,0.0,1.0,0.0,1.0,1.0,1.0,1.0,0.0,0.0,1.0,0.0,0.0,0.0,0.0,0.0,0.0,0.0,0.0,0.0,0.0,0.0,0.0,0.0,1.0,0.0,0.0,1.0,1.0,1.0,0.0,1.0,0.0,0.0,0.0,0.0,1.0,0.0,,,1.0,1.0,1.0,,0.0,,1.0,0.0,,0.0,1.0,1.0,1.0,1.0,1.0,0.0,,,,1.0,1.0,,,0.0,1.0,0.0,,1.0,1.0,0.0,0.0,0.0,1.0,0.0,1.0,0.0,0.0,1.0,0.0,0.0,1.0,1.0,0.0,1.0,0.0,1.0,0.0,,0.0,0.0,1.0,0.0,0.0,0.0,1.0,1.0,0.0,1.0,0.0,1.0,0.0,1.0,0.0,,1.0,1.0,1.0,1.0,1.0,,0.0,1.0,1.0,1.0,1.0,1.0
Fernando Diniz,1.0,1.0,1.0,1.0,1.0,0.0,,,0.0,1.0,1.0,1.0,0.0,0.0,0.0,0.0,0.0,1.0,0.0,0.0,,,1.0,1.0,0.0,1.0,1.0,0.0,0.0,1.0,1.0,,,1.0,1.0,0.0,1.0,1.0,0.0,1.0,1.0,1.0,1.0,1.0,,1.0,1.0,1.0,1.0,1.0,0.0,,,0.0,0.0,0.0,1.0,0.0,,,,,,0.0,1.0,1.0,1.0,,,,1.0,0.0,1.0,0.0,1.0,0.0,,1.0,0.0,1.0,0.0,1.0,0.0,,,,1.0,,0.0,,0.0,0.0,1.0,,,,,1.0,,1.0,,0.0,0.0,1.0,,,,,0.0,,1.0,0.0,,0.0,0.0,1.0,0.0,,0.0,0.0,,1.0,0.0,,,1.0,0.0,0.0,,0.0,0.0,0.0,0.0,1.0,,0.0,,1.0,0.0,0.0,,0.0,1.0,,1.0,1.0,1.0,1.0,0.0,0.0,,,0.0,,0.0,0.0,,0.0,,1.0,,1.0,0.0,0.0,1.0,,1.0,,1.0,0.0,1.0,,0.0,0.0,,1.0,0.0,,1.0,,0.0,0.0,,,,,,0.0,,0.0,1.0,,0.0,,,,1.0,,0.0,,1.0,1.0,,0.0,1.0,1.0,1.0,1.0,1.0
Fernando Estima,,1.0,,,,,,,,,,,,,,,,,,,,,,,,,,,,,,,,,,,1.0,1.0,,,,,,,,,1.0,1.0,,,,1.0,,,,,,,,,,,,,,,,,,,,,,,,,,,,,,,,,,,,,,,,,,,,,,,,,,,,,,,,,,,,,,,,,,,,,1.0,1.0,,,,,,0.0,,,,,,,1.0,,,,,,,0.0,,1.0,1.0,,1.0,1.0,,,,,1.0,,,,0.0,1.0,0.0,,1.0,1.0,0.0,,,,0.0,1.0,0.0,,,0.0,0.0,,,0.0,1.0,0.0,,,0.0,0.0,0.0,1.0,0.0,,0.0,1.0,,0.0,1.0,0.0,1.0,,1.0,0.0,,1.0,,,,,,0.0,1.0,1.0,,,
Fernando Ferro,1.0,1.0,1.0,1.0,1.0,,0.0,,0.0,1.0,1.0,1.0,0.0,0.0,0.0,,0.0,1.0,0.0,0.0,1.0,0.0,,1.0,1.0,1.0,1.0,1.0,0.0,,1.0,0.0,,1.0,1.0,0.0,1.0,1.0,0.0,1.0,1.0,,1.0,1.0,1.0,,1.0,1.0,1.0,1.0,0.0,1.0,1.0,0.0,0.0,0.0,1.0,0.0,1.0,0.0,1.0,0.0,1.0,0.0,1.0,1.0,1.0,1.0,1.0,1.0,1.0,0.0,1.0,0.0,1.0,,0.0,1.0,0.0,1.0,0.0,1.0,0.0,0.0,,,1.0,1.0,0.0,,,,0.0,0.0,0.0,1.0,0.0,1.0,1.0,1.0,1.0,0.0,0.0,1.0,0.0,0.0,0.0,0.0,0.0,0.0,1.0,,,,,,,1.0,0.0,0.0,1.0,0.0,0.0,1.0,0.0,1.0,0.0,0.0,0.0,0.0,0.0,0.0,0.0,,,0.0,0.0,1.0,0.0,0.0,1.0,0.0,1.0,1.0,1.0,,1.0,,0.0,0.0,1.0,0.0,,0.0,0.0,0.0,,,1.0,0.0,1.0,,0.0,,1.0,0.0,1.0,0.0,1.0,0.0,1.0,0.0,0.0,0.0,0.0,,0.0,0.0,1.0,0.0,0.0,0.0,0.0,0.0,0.0,,1.0,0.0,,0.0,0.0,,0.0,0.0,,1.0,1.0,0.0,0.0,1.0,0.0,1.0,1.0,0.0,0.0,0.0,1.0,1.0,1.0
Fernando Gabeira,1.0,,1.0,1.0,1.0,,,,,,,,,,,,,1.0,0.0,,,,,1.0,0.0,1.0,1.0,1.0,0.0,,1.0,1.0,,0.0,1.0,0.0,1.0,,,,,,1.0,,1.0,1.0,,1.0,1.0,1.0,,,,,,0.0,1.0,,,,,1.0,1.0,,1.0,1.0,1.0,,1.0,,0.0,,1.0,0.0,,,,0.0,0.0,,1.0,0.0,0.0,,,,,1.0,1.0,,,,1.0,0.0,,,,1.0,1.0,0.0,1.0,,,,,0.0,0.0,1.0,0.0,0.0,0.0,,,,,0.0,,,0.0,1.0,,,,1.0,,0.0,,,0.0,1.0,0.0,,,1.0,1.0,,,0.0,,,,0.0,1.0,,,,,,0.0,,,1.0,1.0,,,,0.0,1.0,1.0,,,1.0,,0.0,,,,1.0,1.0,0.0,1.0,0.0,0.0,,,,1.0,1.0,,0.0,0.0,,0.0,1.0,0.0,0.0,,,1.0,0.0,1.0,0.0,1.0,0.0,1.0,0.0,,1.0,1.0,1.0,,,1.0,0.0,0.0,,1.0,1.0,1.0
Fernando Gonçalves,1.0,1.0,,1.0,1.0,,,,0.0,1.0,1.0,1.0,0.0,0.0,0.0,0.0,,1.0,0.0,0.0,1.0,0.0,1.0,,,1.0,,,0.0,,,,,,,0.0,1.0,1.0,0.0,1.0,1.0,1.0,1.0,1.0,,1.0,1.0,1.0,1.0,1.0,0.0,1.0,,,,,,,,,,,,,,,,,,1.0,1.0,,,,,,,,,,,,,,,,1.0,1.0,,,,,,,,,,,,,,,,,,,,,,,,,,,,,,,,,1.0,1.0,,,,,,,,,,,,,1.0,,,1.0,,,,,,,1.0,1.0,1.0,1.0,0.0,0.0,1.0,,0.0,1.0,0.0,0.0,0.0,,1.0,,1.0,1.0,0.0,0.0,1.0,0.0,1.0,0.0,1.0,0.0,0.0,0.0,0.0,0.0,0.0,1.0,0.0,0.0,1.0,0.0,0.0,0.0,0.0,0.0,1.0,,1.0,0.0,0.0,0.0,0.0,,,,1.0,0.0,1.0,0.0,0.0,1.0,1.0,,1.0,0.0,1.0,1.0,,,
Fernando Lopes,1.0,1.0,1.0,,,0.0,0.0,1.0,0.0,1.0,1.0,1.0,0.0,,,,,,,0.0,,0.0,,1.0,0.0,,1.0,0.0,,1.0,1.0,0.0,0.0,1.0,1.0,,1.0,1.0,,,,1.0,1.0,1.0,1.0,,1.0,1.0,1.0,1.0,0.0,1.0,1.0,,0.0,0.0,1.0,0.0,,0.0,1.0,0.0,,,,,,1.0,1.0,1.0,1.0,0.0,1.0,0.0,1.0,,,0.0,0.0,1.0,0.0,,0.0,0.0,1.0,0.0,,1.0,1.0,0.0,1.0,1.0,1.0,0.0,,1.0,0.0,1.0,1.0,0.0,1.0,0.0,,1.0,0.0,0.0,,0.0,,,1.0,0.0,0.0,,,,,1.0,1.0,0.0,1.0,,,0.0,,0.0,,0.0,,1.0,1.0,,,1.0,1.0,,,0.0,,,,0.0,0.0,1.0,1.0,,1.0,0.0,0.0,,,,1.0,1.0,0.0,,,,1.0,,0.0,,0.0,1.0,1.0,1.0,1.0,,0.0,1.0,,,,0.0,1.0,0.0,1.0,1.0,0.0,,1.0,0.0,0.0,1.0,1.0,0.0,0.0,1.0,1.0,0.0,1.0,,1.0,0.0,,0.0,,1.0,1.0,,1.0,1.0,,0.0,1.0,1.0,1.0,1.0,1.0
Fernando de Fabinho,1.0,1.0,,1.0,1.0,,,,,0.0,0.0,0.0,,1.0,1.0,1.0,1.0,,,,,,1.0,1.0,1.0,1.0,1.0,,0.0,,,,,,,,1.0,1.0,,,1.0,0.0,,1.0,1.0,1.0,1.0,1.0,1.0,1.0,,,1.0,,,,,,,,,,1.0,1.0,,,,1.0,1.0,,,,,,,,,1.0,,,,,,,,1.0,,1.0,1.0,,1.0,1.0,,,,,,1.0,,0.0,,,,,,,,1.0,,,0.0,,,,,0.0,,0.0,,1.0,1.0,,,0.0,,0.0,,0.0,,,,,,,1.0,,,1.0,,,,1.0,1.0,1.0,1.0,,,,1.0,,,,1.0,1.0,,,,1.0,,,1.0,1.0,,,0.0,,,1.0,0.0,,,,,,1.0,,,,,,,,,1.0,,,0.0,,1.0,,1.0,,1.0,,1.0,0.0,1.0,,1.0,,,,,,0.0,1.0,1.0,1.0,1.0
Feu Rosa,,,1.0,1.0,1.0,0.0,,1.0,0.0,1.0,1.0,1.0,0.0,0.0,0.0,0.0,0.0,1.0,0.0,,1.0,0.0,1.0,1.0,1.0,,1.0,1.0,0.0,,,0.0,,0.0,0.0,,1.0,,0.0,1.0,1.0,1.0,1.0,1.0,1.0,,,1.0,1.0,1.0,0.0,,1.0,0.0,,0.0,,,,,,,,,1.0,,1.0,1.0,1.0,1.0,1.0,0.0,,0.0,1.0,,,,,,,1.0,,,,0.0,,,0.0,,,,1.0,,0.0,,0.0,1.0,1.0,1.0,0.0,0.0,,,,,0.0,0.0,,,,0.0,0.0,0.0,0.0,1.0,0.0,1.0,0.0,0.0,,0.0,0.0,,0.0,1.0,0.0,,0.0,0.0,0.0,0.0,0.0,1.0,,,,1.0,0.0,0.0,1.0,,,1.0,,,,,,,,0.0,,0.0,,,0.0,,1.0,,,1.0,0.0,,,,0.0,,1.0,0.0,0.0,0.0,0.0,0.0,0.0,1.0,,0.0,1.0,0.0,0.0,0.0,,1.0,1.0,,1.0,,,,1.0,,,0.0,,0.0,,0.0,1.0,1.0,1.0,,1.0,0.0,0.0,0.0,,1.0,
Fleury,1.0,1.0,,1.0,1.0,0.0,,,0.0,1.0,1.0,1.0,,0.0,0.0,0.0,0.0,1.0,0.0,0.0,1.0,0.0,1.0,1.0,1.0,1.0,1.0,1.0,0.0,1.0,1.0,,0.0,,1.0,0.0,1.0,1.0,0.0,1.0,1.0,1.0,1.0,,1.0,1.0,1.0,1.0,1.0,1.0,0.0,1.0,1.0,0.0,0.0,0.0,1.0,0.0,1.0,0.0,1.0,,1.0,1.0,1.0,1.0,1.0,1.0,1.0,1.0,,,1.0,,1.0,0.0,0.0,1.0,0.0,1.0,0.0,,0.0,0.0,0.0,0.0,1.0,1.0,0.0,0.0,0.0,0.0,0.0,0.0,0.0,1.0,0.0,1.0,,1.0,,0.0,0.0,1.0,0.0,0.0,0.0,0.0,0.0,0.0,,0.0,0.0,0.0,0.0,1.0,0.0,1.0,,,1.0,0.0,,1.0,,,,,,,,,,1.0,1.0,,,1.0,,,,1.0,,1.0,1.0,1.0,1.0,1.0,,0.0,1.0,0.0,1.0,0.0,0.0,0.0,0.0,0.0,1.0,1.0,1.0,1.0,0.0,,,0.0,1.0,,1.0,0.0,0.0,,0.0,0.0,,1.0,,0.0,1.0,0.0,0.0,0.0,0.0,0.0,1.0,,1.0,0.0,0.0,0.0,0.0,0.0,1.0,0.0,,,1.0,0.0,0.0,1.0,,1.0,1.0,0.0,1.0,1.0,1.0,1.0,1.0
Francisca Trindade,,,,,,,,,,,,,,,,,,,,,,,1.0,,,,,,,,,,,,,,,,0.0,1.0,1.0,,,,,,,,,,,,,,,,,,,,,,,,,,,,,,,,,,,,,,,,,,,,,,,,,,,,,,,,,,,,,,,,,,,,,,,,,,,,,,,,,,,,,,,,,,,,,,,,,,,,,,,,,,,,,,,,,,,,,,,,,,,,,,,,,,,,,,,,,,,,,,,,,,,,,,,,,,,,,,,,,,1.0,,,,,,
Francisco Appio,1.0,1.0,1.0,0.0,0.0,0.0,,1.0,,,,,,,,,,0.0,1.0,1.0,,1.0,1.0,,,1.0,1.0,1.0,0.0,1.0,1.0,,0.0,1.0,1.0,,1.0,1.0,,1.0,1.0,1.0,1.0,1.0,1.0,1.0,1.0,1.0,1.0,1.0,,1.0,1.0,,,,,,,,,,1.0,1.0,1.0,,,1.0,1.0,1.0,1.0,0.0,1.0,0.0,1.0,,,,,,,1.0,,0.0,0.0,,1.0,1.0,0.0,0.0,0.0,0.0,0.0,0.0,0.0,1.0,0.0,1.0,0.0,1.0,0.0,0.0,,1.0,0.0,0.0,0.0,0.0,0.0,0.0,,,0.0,,0.0,1.0,0.0,1.0,0.0,,,1.0,0.0,,0.0,,,,0.0,1.0,,,0.0,1.0,1.0,0.0,0.0,,0.0,0.0,1.0,1.0,,,1.0,,,1.0,0.0,0.0,,0.0,,,0.0,,,,1.0,1.0,,1.0,,,,0.0,1.0,1.0,1.0,,0.0,0.0,0.0,,,,,,1.0,0.0,0.0,0.0,0.0,1.0,,,,0.0,0.0,,1.0,,1.0,0.0,1.0,0.0,1.0,,1.0,,,1.0,1.0,0.0,1.0,1.0,1.0,1.0,
Francisco Dornelles,1.0,1.0,,1.0,1.0,0.0,0.0,,,1.0,1.0,1.0,0.0,0.0,0.0,0.0,0.0,1.0,0.0,0.0,1.0,,0.0,1.0,1.0,1.0,1.0,1.0,,,,,,1.0,1.0,0.0,,,0.0,1.0,,1.0,1.0,,,1.0,1.0,1.0,1.0,,,1.0,,,,,,,,,,,,1.0,1.0,1.0,1.0,,1.0,,,0.0,1.0,0.0,1.0,,,,,,,1.0,,0.0,0.0,0.0,1.0,1.0,0.0,0.0,0.0,0.0,1.0,0.0,,,,,,0.0,,,,,,,0.0,,0.0,,,,,,,,,1.0,,,,1.0,0.0,1.0,,0.0,,0.0,,,,,0.0,,,0.0,0.0,1.0,0.0,0.0,1.0,1.0,1.0,1.0,1.0,,0.0,1.0,0.0,0.0,1.0,0.0,,0.0,0.0,,,0.0,,1.0,,1.0,0.0,0.0,,0.0,1.0,1.0,,0.0,0.0,,,,,0.0,,0.0,,,0.0,,,,,,,,,,,,,,,,,0.0,,,1.0,,,0.0,0.0,0.0,1.0,1.0,
Francisco Escórcio,,,,,,,,,,,,,,,,,,,,,,,,,,,,,,,,,,,,,,,,,,,,,,,,,,,,,,,,,,,,,,,,,,,,,,,,,,,,,,,,,,,,,,,,,,,,,,,,,,,,,,,,,,,,,,,,,,,,,,,,,,,,,,,,,,,,,,,,,,,,,,,,,,,,,,,,,,,,,,,,,,,,,,,,,,0.0,0.0,,,,,,,,,,,0.0,,,,0.0,,,0.0,,,0.0,0.0,0.0,1.0,1.0,,0.0,,,,,,,,,,,
Francisco Garcia,1.0,1.0,1.0,1.0,1.0,0.0,0.0,1.0,0.0,1.0,1.0,1.0,0.0,,,0.0,0.0,,0.0,0.0,1.0,0.0,1.0,1.0,1.0,,,,,1.0,1.0,0.0,0.0,1.0,1.0,,1.0,1.0,,1.0,,1.0,1.0,1.0,,1.0,1.0,1.0,1.0,1.0,0.0,,,,,,,,,,,,1.0,0.0,1.0,1.0,1.0,,1.0,1.0,1.0,,,0.0,1.0,,,,,,,1.0,,0.0,0.0,,1.0,1.0,,0.0,0.0,0.0,0.0,,,1.0,0.0,1.0,,1.0,0.0,0.0,0.0,1.0,,,,0.0,,,,,,,,,,1.0,0.0,0.0,,1.0,0.0,1.0,0.0,1.0,0.0,0.0,0.0,0.0,,0.0,0.0,,1.0,0.0,0.0,1.0,,0.0,1.0,0.0,1.0,1.0,1.0,,0.0,,0.0,0.0,1.0,,0.0,,0.0,,0.0,0.0,,1.0,,1.0,0.0,,,0.0,1.0,,,,0.0,,,1.0,,,0.0,,1.0,,,0.0,,,,,1.0,0.0,0.0,0.0,1.0,0.0,,,1.0,0.0,,,,1.0,1.0,1.0,1.0,0.0,0.0,1.0,1.0,1.0,1.0
Francisco Rodrigues,,1.0,1.0,0.0,0.0,,0.0,1.0,,1.0,1.0,1.0,,,0.0,0.0,0.0,,0.0,,,,,1.0,1.0,,,1.0,0.0,,1.0,1.0,,1.0,1.0,,1.0,1.0,0.0,1.0,,,,,,1.0,,1.0,,,,1.0,,,,,,,0.0,,,,,1.0,,,,,,1.0,,,,,,,,,,,,,0.0,,,,1.0,,1.0,,1.0,,,,,,,1.0,,1.0,,,,1.0,,,,,,,1.0,0.0,,,,0.0,,0.0,1.0,,1.0,1.0,,,,,,0.0,,,,,,1.0,,,,1.0,,,,1.0,,,,1.0,,,,,,,,,,,,0.0,0.0,,1.0,1.0,,,1.0,0.0,,1.0,,,1.0,,,,,,1.0,,,,,,,0.0,1.0,0.0,,1.0,,,1.0,0.0,,0.0,1.0,0.0,1.0,,,1.0,,1.0,,0.0,1.0,1.0,1.0,1.0,
Francisco Turra,1.0,1.0,1.0,0.0,0.0,0.0,,1.0,,,,,,,,,,1.0,0.0,0.0,0.0,0.0,1.0,1.0,0.0,1.0,1.0,1.0,,1.0,1.0,0.0,0.0,1.0,1.0,0.0,1.0,1.0,0.0,1.0,,1.0,0.0,1.0,1.0,1.0,1.0,1.0,1.0,1.0,0.0,1.0,1.0,1.0,,0.0,,,,,,,1.0,1.0,1.0,1.0,1.0,1.0,1.0,1.0,1.0,1.0,1.0,0.0,1.0,,0.0,0.0,,0.0,1.0,0.0,0.0,0.0,0.0,,1.0,1.0,1.0,0.0,0.0,1.0,1.0,0.0,0.0,1.0,0.0,1.0,0.0,0.0,0.0,0.0,0.0,1.0,0.0,0.0,0.0,0.0,0.0,0.0,1.0,0.0,0.0,0.0,,1.0,0.0,1.0,1.0,0.0,1.0,1.0,0.0,1.0,0.0,1.0,0.0,,0.0,1.0,0.0,0.0,,1.0,1.0,0.0,0.0,1.0,,0.0,1.0,1.0,1.0,1.0,1.0,1.0,0.0,1.0,0.0,1.0,0.0,0.0,0.0,0.0,0.0,1.0,0.0,1.0,1.0,1.0,1.0,1.0,0.0,0.0,1.0,0.0,0.0,1.0,1.0,0.0,1.0,0.0,0.0,0.0,0.0,0.0,0.0,0.0,1.0,0.0,0.0,1.0,0.0,1.0,,,0.0,,1.0,1.0,1.0,0.0,1.0,0.0,1.0,0.0,1.0,1.0,1.0,1.0,1.0,1.0,,0.0,1.0,0.0,1.0,1.0,1.0
Fred Kohler,,,,,,,,,,,,,,,,,,,,,,,,,,,,,,,,,,,,,,,,,,,,,,,,,,,,,,,,,,,,,,,,,,,,,,,,,,,,,,,,,,,,,,,,,,,,,,,,,,,,,,,,,,,,,,,,,,,,,,,,,,1.0,,,,,,,,,,,,,,,,,,,,,,,,,,,,,,,,,,,,,,,0.0,,0.0,,,,,,,0.0,1.0,0.0,0.0,,1.0,0.0,0.0,0.0,1.0,,0.0,,0.0,,,,0.0,,,,,,,,,,,,,,,,,,,1.0,,,
Fábio Souto,,1.0,1.0,1.0,1.0,,,,,0.0,0.0,0.0,1.0,1.0,1.0,1.0,1.0,,,,,,1.0,1.0,1.0,,1.0,1.0,0.0,,1.0,,,1.0,1.0,,1.0,1.0,0.0,1.0,1.0,,,,1.0,1.0,1.0,1.0,1.0,1.0,1.0,1.0,1.0,,,,,,,,,,,1.0,,,,1.0,,,1.0,,,,,,,,,,,,,,,,1.0,1.0,1.0,,1.0,1.0,1.0,,,,,1.0,,0.0,,,,1.0,,,,1.0,,,0.0,,,,,0.0,,0.0,1.0,1.0,1.0,1.0,,0.0,,0.0,,0.0,,,,,,1.0,1.0,,,1.0,,,,1.0,1.0,,1.0,1.0,0.0,0.0,1.0,,,,,1.0,,,,,0.0,,1.0,1.0,,1.0,0.0,1.0,0.0,1.0,0.0,,1.0,,,,1.0,,1.0,,,,,,1.0,1.0,,0.0,0.0,1.0,1.0,,1.0,1.0,1.0,0.0,,0.0,1.0,,1.0,,1.0,1.0,1.0,0.0,0.0,0.0,1.0,1.0,1.0
Fátima Bezerra,1.0,1.0,,1.0,1.0,0.0,0.0,1.0,,1.0,1.0,1.0,0.0,,0.0,0.0,0.0,0.0,0.0,0.0,1.0,0.0,1.0,1.0,1.0,1.0,1.0,1.0,0.0,1.0,,0.0,,,1.0,,,1.0,0.0,1.0,1.0,1.0,1.0,1.0,1.0,1.0,1.0,1.0,1.0,1.0,0.0,1.0,1.0,0.0,0.0,,,0.0,,0.0,,0.0,1.0,0.0,1.0,,1.0,,,1.0,1.0,0.0,1.0,,1.0,,0.0,,0.0,1.0,0.0,1.0,0.0,,0.0,,1.0,1.0,0.0,0.0,0.0,0.0,,0.0,0.0,1.0,,1.0,1.0,1.0,1.0,,,1.0,0.0,0.0,0.0,0.0,0.0,,,0.0,0.0,0.0,0.0,0.0,,1.0,0.0,0.0,1.0,,0.0,1.0,0.0,1.0,0.0,0.0,0.0,0.0,0.0,0.0,0.0,1.0,1.0,0.0,0.0,,,0.0,1.0,,1.0,1.0,1.0,,1.0,,,0.0,1.0,0.0,,0.0,0.0,0.0,,0.0,1.0,,1.0,1.0,0.0,0.0,1.0,,1.0,,,,1.0,0.0,,,,,0.0,0.0,,0.0,0.0,0.0,0.0,0.0,,,1.0,,0.0,,0.0,0.0,,0.0,,1.0,1.0,,,1.0,,1.0,,0.0,0.0,0.0,1.0,1.0,1.0
Félix Mendonça,1.0,1.0,,1.0,1.0,,,,,0.0,0.0,,1.0,1.0,1.0,1.0,1.0,0.0,,1.0,0.0,,1.0,1.0,1.0,1.0,,1.0,,,1.0,1.0,,1.0,1.0,,1.0,1.0,,1.0,1.0,0.0,,1.0,1.0,1.0,1.0,1.0,,1.0,1.0,1.0,1.0,,,,,,1.0,,,,1.0,1.0,,,,1.0,1.0,,,,,,,,,1.0,,,,1.0,,,,1.0,1.0,1.0,1.0,,1.0,1.0,1.0,,,,,,0.0,0.0,0.0,,,1.0,,,,,,,0.0,,,,,0.0,,0.0,1.0,1.0,1.0,1.0,,0.0,,0.0,1.0,,,1.0,,,,1.0,1.0,,,1.0,,,,1.0,1.0,1.0,1.0,0.0,0.0,,1.0,,,,,1.0,,,,1.0,0.0,1.0,1.0,1.0,,1.0,0.0,1.0,,1.0,0.0,,1.0,,,1.0,,,1.0,,,,,,,,1.0,0.0,0.0,,1.0,,1.0,1.0,,0.0,1.0,0.0,1.0,,1.0,,1.0,,1.0,1.0,0.0,0.0,1.0,1.0,1.0
Gastão Vieira,1.0,1.0,1.0,1.0,0.0,0.0,0.0,,0.0,1.0,1.0,1.0,,0.0,0.0,0.0,,1.0,,0.0,1.0,0.0,1.0,1.0,1.0,,1.0,0.0,0.0,,1.0,0.0,0.0,1.0,1.0,0.0,1.0,1.0,,1.0,1.0,1.0,1.0,1.0,1.0,1.0,1.0,1.0,1.0,1.0,0.0,1.0,1.0,0.0,0.0,0.0,1.0,0.0,1.0,0.0,1.0,0.0,1.0,0.0,,1.0,1.0,1.0,,1.0,1.0,0.0,1.0,,1.0,0.0,0.0,1.0,0.0,1.0,0.0,1.0,0.0,0.0,,,1.0,1.0,0.0,0.0,0.0,0.0,1.0,0.0,0.0,1.0,0.0,1.0,1.0,1.0,1.0,0.0,0.0,1.0,0.0,0.0,0.0,0.0,,,,,0.0,,0.0,1.0,,1.0,0.0,0.0,,,0.0,1.0,0.0,0.0,0.0,1.0,0.0,0.0,0.0,0.0,0.0,1.0,1.0,0.0,,1.0,0.0,0.0,0.0,0.0,1.0,1.0,,1.0,1.0,0.0,,0.0,,0.0,0.0,0.0,0.0,0.0,0.0,0.0,,1.0,0.0,1.0,0.0,0.0,1.0,0.0,1.0,0.0,1.0,0.0,1.0,0.0,0.0,,,,0.0,0.0,1.0,0.0,0.0,0.0,0.0,0.0,0.0,,,0.0,0.0,0.0,0.0,0.0,0.0,0.0,1.0,0.0,1.0,0.0,0.0,1.0,0.0,1.0,1.0,0.0,1.0,1.0,1.0,1.0,
Geddel Vieira Lima,,,,0.0,0.0,,,,,0.0,0.0,0.0,1.0,,,,1.0,,,,,,,1.0,,,,0.0,0.0,,1.0,0.0,,,1.0,,,,,1.0,,,,1.0,,,,1.0,,1.0,0.0,,,,0.0,,,,0.0,,,,1.0,,1.0,1.0,1.0,,1.0,,,,,,,0.0,,,,1.0,,0.0,,,,,,,1.0,,1.0,,,,,0.0,,,,0.0,,,,,,,,0.0,0.0,,,,,,,0.0,,,,,,1.0,,,,0.0,,,0.0,1.0,,0.0,,1.0,,,0.0,1.0,,,0.0,,,,,0.0,0.0,,0.0,,1.0,,,1.0,1.0,0.0,,,,,,1.0,,0.0,1.0,,0.0,,1.0,0.0,,,0.0,0.0,,1.0,,,,,0.0,,,,,0.0,1.0,,0.0,0.0,1.0,,0.0,,,1.0,,0.0,0.0,1.0,,,,0.0,1.0,1.0,,,
Geraldo Resende,1.0,1.0,1.0,1.0,1.0,0.0,0.0,1.0,0.0,1.0,1.0,1.0,0.0,0.0,0.0,0.0,0.0,1.0,0.0,,1.0,0.0,1.0,1.0,0.0,,1.0,1.0,0.0,1.0,1.0,0.0,0.0,1.0,1.0,0.0,1.0,1.0,0.0,1.0,1.0,1.0,1.0,1.0,,1.0,1.0,1.0,1.0,1.0,0.0,1.0,1.0,0.0,0.0,0.0,1.0,0.0,1.0,0.0,1.0,0.0,1.0,0.0,1.0,1.0,1.0,1.0,1.0,1.0,1.0,,1.0,0.0,1.0,0.0,0.0,,0.0,1.0,0.0,1.0,0.0,0.0,0.0,0.0,1.0,1.0,1.0,0.0,1.0,1.0,0.0,0.0,0.0,1.0,0.0,1.0,1.0,1.0,1.0,0.0,0.0,1.0,0.0,0.0,,0.0,0.0,0.0,1.0,0.0,0.0,0.0,0.0,1.0,0.0,,,0.0,1.0,1.0,,1.0,,0.0,0.0,0.0,0.0,1.0,0.0,,,1.0,1.0,,,0.0,,1.0,,0.0,0.0,1.0,1.0,1.0,,,,,1.0,0.0,1.0,,,,0.0,1.0,0.0,,,1.0,0.0,0.0,0.0,1.0,0.0,1.0,0.0,0.0,1.0,0.0,0.0,1.0,1.0,,1.0,0.0,1.0,0.0,0.0,0.0,0.0,1.0,1.0,0.0,0.0,1.0,,0.0,1.0,0.0,1.0,0.0,1.0,0.0,1.0,1.0,1.0,1.0,1.0,1.0,1.0,0.0,1.0,1.0,1.0,1.0,1.0
Geraldo Thadeu,1.0,1.0,1.0,1.0,1.0,0.0,0.0,1.0,0.0,1.0,1.0,1.0,0.0,0.0,0.0,0.0,0.0,,0.0,,1.0,0.0,1.0,1.0,1.0,,1.0,1.0,,1.0,1.0,,0.0,,,,1.0,1.0,0.0,1.0,1.0,1.0,1.0,1.0,1.0,1.0,1.0,1.0,1.0,1.0,0.0,1.0,1.0,0.0,0.0,0.0,1.0,0.0,,0.0,1.0,0.0,,0.0,1.0,1.0,1.0,1.0,1.0,1.0,1.0,0.0,1.0,0.0,1.0,0.0,0.0,1.0,,1.0,0.0,1.0,0.0,0.0,,,,1.0,0.0,0.0,0.0,0.0,,,0.0,1.0,0.0,,1.0,,1.0,0.0,0.0,1.0,0.0,0.0,,0.0,0.0,,,0.0,0.0,0.0,,1.0,0.0,1.0,,0.0,1.0,1.0,,0.0,,0.0,1.0,0.0,,,,,,1.0,1.0,1.0,,0.0,,1.0,,0.0,,1.0,1.0,1.0,1.0,1.0,0.0,,,,1.0,,,,,,0.0,,,1.0,0.0,0.0,0.0,,1.0,1.0,0.0,,,,,1.0,,0.0,1.0,0.0,,0.0,,0.0,,,,0.0,,1.0,,0.0,1.0,0.0,1.0,,1.0,0.0,1.0,1.0,1.0,,1.0,1.0,1.0,0.0,1.0,1.0,,,1.0
Gerson Gabrielli,1.0,1.0,,1.0,1.0,,,,,0.0,0.0,,1.0,1.0,1.0,1.0,1.0,,,,,,1.0,1.0,1.0,1.0,,,0.0,,,,,,,,1.0,1.0,,1.0,1.0,,,1.0,1.0,1.0,1.0,1.0,1.0,1.0,1.0,1.0,1.0,,,,,,,,,,,,1.0,1.0,,,,,,,,,,,,,,,,1.0,,,,1.0,,1.0,1.0,,1.0,1.0,,,,,,1.0,,0.0,,,,,,,,1.0,,,0.0,,,,,0.0,,1.0,,,,1.0,,0.0,,,,,,,,,,,,,,1.0,,,,,,1.0,1.0,1.0,,,,,,,,,,,,,,,1.0,,1.0,1.0,,,0.0,1.0,0.0,,,,,,1.0,,1.0,,,,,,,,,,0.0,,,,1.0,,1.0,,1.0,,,1.0,,,1.0,,1.0,0.0,0.0,1.0,1.0,1.0,
Gervásio Oliveira,,,1.0,,,,,,,,,,,,,,,,,,,,,1.0,1.0,,1.0,1.0,,1.0,1.0,0.0,0.0,1.0,,,1.0,1.0,,,,,,,,,1.0,1.0,1.0,1.0,0.0,,,,0.0,,1.0,,,0.0,,,1.0,,,,,,,,,,,,,,0.0,,,,,,0.0,0.0,0.0,,,1.0,,,1.0,1.0,,,0.0,,,1.0,1.0,,1.0,0.0,,,,0.0,0.0,,0.0,,,0.0,0.0,,,,,1.0,,,,1.0,0.0,,,1.0,0.0,1.0,,1.0,,,0.0,1.0,,,,,0.0,0.0,,0.0,,,1.0,1.0,,,0.0,,,,0.0,0.0,,,0.0,0.0,,1.0,0.0,1.0,0.0,0.0,1.0,0.0,1.0,0.0,1.0,0.0,1.0,,,0.0,,1.0,0.0,,,,0.0,,,0.0,1.0,0.0,1.0,,,0.0,,,,,1.0,1.0,,0.0,,1.0,,,,0.0,1.0,1.0,1.0,1.0,1.0
Gervásio Silva,,1.0,,0.0,0.0,,,,,,,,,,,,,,,,,,,1.0,1.0,1.0,,,,,,,,1.0,1.0,,1.0,1.0,0.0,1.0,,,,1.0,,1.0,1.0,1.0,1.0,1.0,0.0,1.0,,,,,,,,,,,1.0,1.0,1.0,1.0,1.0,,,,,,,,,,,,,,,,,,,,1.0,,,,1.0,1.0,,,,,,1.0,,0.0,,,,,,,,,,,0.0,,,,,,,,,1.0,1.0,1.0,,0.0,,0.0,,0.0,,,,,,1.0,,,,1.0,,,,1.0,0.0,1.0,1.0,,,,1.0,,,,,1.0,,,,1.0,0.0,,,,,,0.0,,0.0,1.0,,,1.0,,,,,,1.0,,,,,,,,,,0.0,1.0,,,1.0,,1.0,0.0,1.0,0.0,1.0,1.0,1.0,1.0,,,1.0,0.0,1.0,1.0,1.0,1.0,1.0
Giacobo,,,1.0,1.0,1.0,,,1.0,0.0,1.0,1.0,1.0,,0.0,0.0,0.0,0.0,1.0,0.0,0.0,1.0,0.0,1.0,1.0,1.0,1.0,1.0,1.0,0.0,,1.0,,0.0,1.0,1.0,0.0,1.0,,0.0,1.0,1.0,1.0,1.0,1.0,1.0,1.0,,1.0,1.0,1.0,,1.0,1.0,0.0,,0.0,,0.0,,0.0,1.0,0.0,1.0,,1.0,1.0,1.0,1.0,1.0,1.0,1.0,,1.0,,1.0,0.0,0.0,1.0,0.0,1.0,0.0,,0.0,0.0,,0.0,1.0,,0.0,0.0,0.0,0.0,1.0,,0.0,1.0,0.0,1.0,1.0,1.0,0.0,0.0,0.0,1.0,0.0,0.0,0.0,0.0,,,,,,0.0,0.0,1.0,,1.0,0.0,,,0.0,0.0,1.0,0.0,1.0,,0.0,0.0,0.0,0.0,0.0,0.0,1.0,,0.0,0.0,1.0,0.0,0.0,1.0,,,,1.0,1.0,0.0,1.0,,0.0,1.0,,,1.0,0.0,0.0,0.0,0.0,,,1.0,,0.0,,,,1.0,,,0.0,0.0,0.0,0.0,0.0,,1.0,0.0,,1.0,0.0,0.0,0.0,0.0,0.0,1.0,0.0,1.0,0.0,0.0,0.0,0.0,,0.0,0.0,1.0,1.0,1.0,,0.0,1.0,1.0,1.0,1.0,0.0,1.0,1.0,,,
Gilberto Kassab,,,1.0,0.0,0.0,,,,,0.0,0.0,0.0,1.0,,,1.0,,,,,,,1.0,1.0,1.0,,,,,,,1.0,,,,,,,0.0,1.0,1.0,0.0,,1.0,,1.0,,,,,,,,,,,,,,,,,,,,,,1.0,1.0,,,,,,,,,0.0,,,,,,,,1.0,1.0,,1.0,,1.0,1.0,,,,,,1.0,,0.0,,,,,,,,,,,0.0,,,,,,,,,,,,,,,,,,,,,,,,,,,,,,,,,,,,,,,,,,,,,,,,,,,,,,,,,,,,,,,,,,,,,,,,,,,,,,,,,,,,,,1.0,,,,,,1.0,,,,1.0,1.0,
Gilberto Nascimento,1.0,,1.0,1.0,1.0,,,1.0,0.0,1.0,1.0,1.0,0.0,0.0,0.0,0.0,0.0,1.0,0.0,,1.0,0.0,1.0,,0.0,1.0,,0.0,0.0,1.0,1.0,,0.0,,,,1.0,1.0,0.0,1.0,1.0,1.0,1.0,1.0,1.0,1.0,1.0,1.0,1.0,1.0,0.0,1.0,1.0,,0.0,0.0,1.0,,1.0,0.0,,,1.0,0.0,1.0,,,1.0,1.0,,1.0,,,0.0,,,,0.0,,,0.0,1.0,,0.0,,,1.0,1.0,,,,,1.0,0.0,,,,,1.0,,1.0,0.0,,,,,,0.0,0.0,,,,0.0,0.0,0.0,,0.0,1.0,1.0,,1.0,1.0,,0.0,,,1.0,,1.0,1.0,0.0,1.0,,,,,,,,,,,,1.0,0.0,,,,0.0,0.0,1.0,0.0,,,,0.0,,,1.0,1.0,0.0,,0.0,,1.0,,,0.0,1.0,0.0,1.0,0.0,0.0,0.0,1.0,,,,,,,,0.0,1.0,1.0,0.0,0.0,0.0,1.0,0.0,1.0,0.0,1.0,,1.0,0.0,,0.0,,1.0,,1.0,1.0,0.0,1.0,1.0,1.0,1.0,1.0
Gilmar Machado,1.0,1.0,1.0,1.0,1.0,0.0,,1.0,0.0,1.0,1.0,1.0,0.0,0.0,0.0,0.0,0.0,1.0,0.0,0.0,1.0,0.0,1.0,1.0,1.0,1.0,,,0.0,1.0,1.0,0.0,0.0,0.0,0.0,,1.0,,0.0,1.0,1.0,1.0,1.0,1.0,1.0,1.0,1.0,1.0,1.0,1.0,0.0,1.0,1.0,0.0,0.0,0.0,1.0,0.0,1.0,0.0,1.0,0.0,1.0,,0.0,1.0,1.0,1.0,1.0,1.0,1.0,0.0,1.0,0.0,1.0,0.0,0.0,,0.0,1.0,0.0,1.0,0.0,0.0,,0.0,1.0,1.0,0.0,0.0,0.0,0.0,0.0,0.0,0.0,1.0,0.0,,1.0,1.0,1.0,0.0,0.0,1.0,0.0,0.0,0.0,,,0.0,1.0,,0.0,0.0,0.0,0.0,0.0,1.0,0.0,0.0,1.0,0.0,0.0,1.0,0.0,1.0,0.0,,0.0,0.0,0.0,,0.0,1.0,1.0,0.0,,1.0,0.0,0.0,1.0,,,1.0,1.0,0.0,1.0,1.0,0.0,0.0,1.0,0.0,,0.0,0.0,0.0,,0.0,1.0,,1.0,1.0,0.0,0.0,1.0,0.0,1.0,0.0,1.0,0.0,0.0,0.0,0.0,0.0,,1.0,0.0,0.0,1.0,0.0,0.0,0.0,0.0,0.0,0.0,,,,,0.0,0.0,0.0,,0.0,,1.0,1.0,0.0,0.0,1.0,0.0,1.0,1.0,,0.0,0.0,1.0,1.0,1.0
Givaldo Carimbão,1.0,,1.0,1.0,1.0,,,,,,,,,,,,,1.0,0.0,,1.0,0.0,,1.0,0.0,,,,0.0,,,,,,0.0,,1.0,,,1.0,1.0,,1.0,,1.0,1.0,,1.0,1.0,,0.0,,1.0,0.0,,0.0,,,1.0,0.0,1.0,,,,,1.0,1.0,1.0,,,,,,,1.0,0.0,,,,1.0,0.0,,,0.0,,,1.0,,0.0,0.0,0.0,0.0,,,,1.0,,,1.0,1.0,,0.0,0.0,,,,,0.0,0.0,,,,,,0.0,1.0,,,0.0,,,,,,0.0,1.0,,,0.0,0.0,,0.0,,,,,,,,,,,,,1.0,,1.0,,,0.0,1.0,0.0,,,,0.0,0.0,0.0,,1.0,,1.0,0.0,,,,1.0,0.0,,,0.0,,,,,,0.0,,,,,,,,,,,,,,,,,,,1.0,,0.0,,,,1.0,1.0,0.0,1.0,,1.0,1.0,
Gonzaga Mota,,1.0,1.0,0.0,0.0,0.0,,,,,,,,,,,,0.0,1.0,0.0,,0.0,1.0,1.0,0.0,1.0,1.0,0.0,,,1.0,1.0,,1.0,1.0,,1.0,1.0,0.0,1.0,1.0,0.0,,1.0,1.0,1.0,1.0,1.0,1.0,1.0,0.0,1.0,1.0,,,,,,,,,,1.0,0.0,1.0,1.0,1.0,1.0,1.0,,,,,,,,,,,,,0.0,,,1.0,,,,1.0,,,,1.0,,,,,,1.0,,1.0,,,1.0,,,,1.0,,,,,,,,0.0,,0.0,1.0,,1.0,1.0,,0.0,,0.0,1.0,0.0,,1.0,0.0,,,1.0,,,,1.0,,,,0.0,1.0,1.0,,1.0,0.0,0.0,1.0,,,,1.0,,,,1.0,1.0,0.0,,0.0,1.0,1.0,1.0,1.0,1.0,1.0,1.0,0.0,,1.0,1.0,,,1.0,,1.0,,,0.0,0.0,,1.0,,1.0,1.0,0.0,,1.0,,1.0,,1.0,0.0,1.0,0.0,1.0,1.0,1.0,1.0,1.0,,,0.0,0.0,0.0,,,
Gonzaga Patriota,1.0,,,1.0,1.0,0.0,,1.0,0.0,1.0,,,0.0,0.0,0.0,0.0,,1.0,,0.0,,0.0,,1.0,,,,,,,,,,,1.0,,,,0.0,1.0,1.0,,1.0,,1.0,1.0,1.0,1.0,1.0,1.0,0.0,,,,,,1.0,,,,1.0,0.0,,,0.0,1.0,,,1.0,1.0,,,,0.0,,0.0,0.0,1.0,0.0,1.0,,,,,,,,,1.0,,,,1.0,0.0,0.0,1.0,0.0,,,,,0.0,,,,,0.0,,,,1.0,0.0,,,,,,1.0,,0.0,1.0,0.0,,,,1.0,,0.0,,,,,,,1.0,,,1.0,,,,0.0,,,1.0,1.0,1.0,1.0,0.0,0.0,,,,0.0,0.0,0.0,,,,,1.0,1.0,,,1.0,,1.0,,,,0.0,0.0,0.0,0.0,,1.0,0.0,0.0,1.0,0.0,,,0.0,,,,,,,,0.0,,,0.0,1.0,1.0,,,1.0,1.0,1.0,,1.0,,1.0,1.0,,,
Gorete Pereira,,,1.0,,,,,,,,,,,,,,,,,,,,,,,,,,,,1.0,,,1.0,1.0,,,,,,,,,,,,,,,,,,,,,,,,,,,,1.0,,,,,,,,,,,,,,,,,,,,,,,,,,0.0,,,,0.0,,0.0,1.0,,,,,,,,1.0,0.0,,,,,,,,,,,,,1.0,,,,,0.0,1.0,0.0,,,,0.0,0.0,0.0,0.0,0.0,,,0.0,0.0,,0.0,0.0,1.0,,,,,,,,,,,,,,,,,,,,,,,,,,,,,,,,,,,,,,,,,,,,,,,,,,,,,,,,,,,,,1.0,,,,,,,
Guilherme Menezes,1.0,1.0,1.0,1.0,1.0,0.0,0.0,,0.0,1.0,1.0,1.0,0.0,0.0,0.0,0.0,0.0,1.0,0.0,0.0,1.0,0.0,,1.0,1.0,,1.0,1.0,0.0,1.0,1.0,0.0,0.0,1.0,1.0,0.0,1.0,1.0,,1.0,1.0,1.0,1.0,1.0,1.0,1.0,1.0,1.0,1.0,1.0,0.0,1.0,1.0,0.0,0.0,0.0,1.0,0.0,1.0,0.0,1.0,0.0,1.0,0.0,0.0,1.0,1.0,1.0,1.0,1.0,1.0,0.0,1.0,0.0,1.0,0.0,0.0,1.0,0.0,1.0,0.0,1.0,0.0,0.0,0.0,,1.0,1.0,0.0,0.0,0.0,0.0,0.0,0.0,0.0,1.0,0.0,1.0,1.0,1.0,1.0,0.0,0.0,1.0,0.0,0.0,0.0,0.0,0.0,0.0,1.0,0.0,0.0,0.0,0.0,1.0,0.0,1.0,0.0,0.0,1.0,0.0,0.0,,0.0,1.0,0.0,0.0,0.0,0.0,0.0,0.0,0.0,1.0,1.0,0.0,0.0,0.0,0.0,0.0,1.0,,1.0,1.0,1.0,1.0,1.0,1.0,0.0,0.0,1.0,0.0,0.0,0.0,0.0,0.0,,0.0,1.0,,1.0,1.0,0.0,0.0,1.0,0.0,1.0,0.0,1.0,0.0,1.0,0.0,,0.0,0.0,1.0,0.0,0.0,1.0,0.0,0.0,0.0,0.0,,0.0,0.0,1.0,0.0,0.0,0.0,0.0,0.0,0.0,1.0,,1.0,1.0,0.0,0.0,1.0,0.0,1.0,1.0,0.0,0.0,0.0,1.0,1.0,1.0
Gustavo Fruet,1.0,1.0,1.0,,1.0,0.0,,1.0,,1.0,1.0,1.0,0.0,0.0,0.0,0.0,0.0,1.0,0.0,1.0,0.0,0.0,1.0,1.0,0.0,1.0,1.0,1.0,0.0,1.0,1.0,0.0,0.0,1.0,1.0,0.0,1.0,1.0,0.0,1.0,1.0,1.0,1.0,,1.0,1.0,1.0,1.0,1.0,1.0,,1.0,1.0,0.0,1.0,0.0,1.0,0.0,,1.0,1.0,0.0,1.0,0.0,1.0,1.0,1.0,1.0,1.0,1.0,1.0,0.0,1.0,0.0,1.0,0.0,0.0,0.0,0.0,1.0,0.0,1.0,0.0,,,0.0,1.0,1.0,1.0,0.0,1.0,1.0,1.0,0.0,0.0,1.0,0.0,1.0,1.0,0.0,1.0,0.0,0.0,1.0,0.0,0.0,,0.0,0.0,0.0,,0.0,0.0,0.0,0.0,0.0,0.0,0.0,1.0,1.0,1.0,0.0,,0.0,,0.0,0.0,0.0,,1.0,0.0,,,1.0,1.0,,,1.0,,,,0.0,,1.0,,1.0,0.0,0.0,,,,,,,,,0.0,1.0,0.0,1.0,0.0,1.0,1.0,1.0,1.0,1.0,1.0,1.0,0.0,,1.0,0.0,,,1.0,,1.0,,,0.0,0.0,,,,,,0.0,0.0,1.0,,1.0,1.0,1.0,0.0,1.0,0.0,,1.0,1.0,1.0,0.0,1.0,1.0,0.0,0.0,0.0,1.0,1.0,1.0
Hamilton Casara,,1.0,,0.0,0.0,,0.0,,,,,,,,,,,0.0,1.0,,,0.0,1.0,,,,,,,1.0,,,,1.0,1.0,0.0,1.0,,,,,0.0,0.0,1.0,1.0,1.0,,1.0,1.0,1.0,0.0,1.0,1.0,0.0,0.0,0.0,,0.0,,,,0.0,1.0,,1.0,,,1.0,1.0,1.0,,0.0,,0.0,1.0,0.0,0.0,1.0,0.0,1.0,0.0,,0.0,,0.0,,1.0,,,0.0,0.0,0.0,,0.0,0.0,1.0,0.0,,,1.0,1.0,0.0,0.0,,,,,,0.0,0.0,,0.0,,,,,,1.0,1.0,,,0.0,,,0.0,,0.0,0.0,0.0,1.0,,,,1.0,,0.0,0.0,,,0.0,1.0,,,,,,0.0,,1.0,1.0,1.0,,0.0,,,,0.0,1.0,0.0,1.0,0.0,1.0,,,1.0,1.0,1.0,1.0,,,,1.0,,,1.0,,1.0,,,,0.0,,,1.0,1.0,,,0.0,,,1.0,,1.0,,1.0,0.0,1.0,1.0,1.0,1.0,,,,,0.0,,1.0,1.0,1.0
Helenildo Ribeiro,,,1.0,0.0,0.0,0.0,0.0,0.0,,,,,,,,,,,,,,0.0,,1.0,0.0,1.0,1.0,0.0,0.0,,1.0,1.0,,1.0,1.0,,1.0,1.0,0.0,1.0,1.0,0.0,,1.0,1.0,1.0,1.0,1.0,1.0,1.0,0.0,1.0,1.0,,,,,,0.0,,,,1.0,0.0,1.0,1.0,1.0,1.0,1.0,,,,,,,,,,,,,0.0,,,1.0,1.0,1.0,,1.0,,1.0,1.0,1.0,,,,,1.0,,0.0,,,,1.0,,,,1.0,,,0.0,,,,,0.0,,0.0,1.0,1.0,,1.0,,,,,,,,,,,,1.0,,,,1.0,,,,,,,,1.0,0.0,0.0,0.0,,,,0.0,,,,0.0,1.0,0.0,,0.0,,,1.0,,1.0,1.0,1.0,0.0,,1.0,1.0,,,1.0,,1.0,,,,,,1.0,1.0,1.0,1.0,0.0,,1.0,,1.0,1.0,1.0,,,,1.0,1.0,,1.0,,1.0,,0.0,1.0,1.0,1.0,1.0,1.0
Heleno Silva,,1.0,1.0,1.0,1.0,0.0,0.0,1.0,0.0,1.0,1.0,1.0,0.0,0.0,0.0,0.0,0.0,1.0,0.0,0.0,1.0,0.0,1.0,1.0,1.0,1.0,1.0,1.0,,1.0,1.0,,0.0,1.0,1.0,0.0,1.0,1.0,0.0,1.0,,1.0,1.0,,1.0,1.0,1.0,1.0,1.0,1.0,1.0,1.0,1.0,0.0,0.0,,1.0,,,0.0,1.0,0.0,1.0,0.0,,,,1.0,1.0,1.0,1.0,0.0,1.0,0.0,,0.0,0.0,1.0,0.0,,0.0,1.0,,,1.0,,1.0,,0.0,0.0,0.0,0.0,1.0,,0.0,1.0,0.0,,1.0,1.0,1.0,,,1.0,0.0,0.0,0.0,0.0,0.0,0.0,1.0,0.0,0.0,0.0,,1.0,0.0,1.0,1.0,0.0,,1.0,0.0,1.0,0.0,1.0,0.0,0.0,,,,0.0,0.0,,,0.0,0.0,1.0,0.0,0.0,1.0,0.0,1.0,1.0,,1.0,1.0,1.0,0.0,0.0,1.0,0.0,0.0,,0.0,0.0,0.0,0.0,,1.0,,1.0,0.0,0.0,1.0,0.0,1.0,,1.0,0.0,0.0,0.0,,0.0,,1.0,0.0,,,,,0.0,,,,0.0,,0.0,0.0,0.0,1.0,,,0.0,1.0,0.0,1.0,0.0,,1.0,1.0,1.0,,,1.0,1.0,,,1.0
Henrique Afonso,1.0,1.0,1.0,1.0,1.0,0.0,0.0,1.0,,1.0,1.0,1.0,,,,0.0,0.0,,,0.0,,0.0,1.0,1.0,1.0,1.0,1.0,1.0,0.0,1.0,1.0,0.0,,,,0.0,1.0,1.0,0.0,1.0,1.0,1.0,1.0,1.0,1.0,1.0,1.0,1.0,1.0,1.0,0.0,1.0,1.0,0.0,0.0,,1.0,0.0,,0.0,1.0,0.0,1.0,0.0,0.0,1.0,1.0,1.0,1.0,1.0,1.0,0.0,,0.0,1.0,0.0,0.0,1.0,0.0,1.0,0.0,1.0,0.0,,0.0,0.0,,1.0,0.0,0.0,0.0,0.0,,,0.0,1.0,0.0,1.0,,1.0,,,0.0,1.0,0.0,0.0,0.0,0.0,0.0,0.0,1.0,0.0,,0.0,0.0,1.0,0.0,1.0,0.0,0.0,1.0,0.0,0.0,1.0,0.0,1.0,,,0.0,0.0,0.0,0.0,0.0,1.0,1.0,0.0,0.0,1.0,0.0,0.0,1.0,0.0,1.0,0.0,1.0,1.0,1.0,1.0,,0.0,1.0,0.0,0.0,0.0,0.0,0.0,0.0,0.0,,,,1.0,,0.0,1.0,0.0,1.0,0.0,1.0,0.0,0.0,0.0,,0.0,0.0,,0.0,0.0,1.0,0.0,0.0,0.0,0.0,0.0,1.0,,1.0,0.0,,,0.0,0.0,0.0,0.0,,0.0,,,1.0,1.0,0.0,,1.0,0.0,1.0,1.0,1.0,1.0,
Henrique Eduardo Alves,1.0,1.0,,1.0,,,0.0,,0.0,1.0,,1.0,0.0,1.0,1.0,,0.0,,,0.0,,,,1.0,0.0,,,,0.0,1.0,,,0.0,,,,1.0,1.0,0.0,,,,,,1.0,,1.0,1.0,1.0,1.0,0.0,1.0,1.0,0.0,0.0,,1.0,0.0,,0.0,1.0,,,0.0,1.0,,,1.0,,1.0,,0.0,1.0,,1.0,,,,0.0,1.0,0.0,,,0.0,,0.0,1.0,,0.0,,0.0,0.0,,0.0,,1.0,0.0,,1.0,,1.0,0.0,,,,,,,,,,,,0.0,,,,1.0,0.0,0.0,,1.0,,1.0,,1.0,,,0.0,1.0,,0.0,0.0,1.0,1.0,0.0,0.0,1.0,,,,,1.0,1.0,1.0,1.0,1.0,,,0.0,1.0,,,,0.0,0.0,,,1.0,,0.0,,0.0,,,,1.0,,,,1.0,0.0,,,,,,0.0,,0.0,,,,,,,,,,,1.0,,,,,0.0,,0.0,1.0,,1.0,,,0.0,1.0,1.0,1.0,1.0,1.0
Henrique Fontana,1.0,1.0,,1.0,1.0,0.0,0.0,1.0,0.0,1.0,1.0,1.0,0.0,0.0,0.0,0.0,0.0,1.0,0.0,0.0,,0.0,1.0,1.0,0.0,1.0,1.0,,,1.0,1.0,0.0,0.0,1.0,1.0,0.0,1.0,1.0,0.0,1.0,1.0,1.0,1.0,1.0,1.0,1.0,1.0,1.0,,,,,1.0,0.0,0.0,0.0,1.0,0.0,1.0,0.0,1.0,0.0,1.0,,,,1.0,1.0,1.0,,1.0,0.0,1.0,,1.0,0.0,0.0,1.0,0.0,1.0,0.0,1.0,0.0,0.0,0.0,0.0,1.0,,0.0,0.0,0.0,0.0,0.0,0.0,0.0,1.0,0.0,,1.0,1.0,1.0,0.0,0.0,1.0,0.0,0.0,0.0,,,0.0,1.0,0.0,0.0,0.0,0.0,1.0,0.0,1.0,,0.0,1.0,0.0,0.0,1.0,0.0,1.0,0.0,,0.0,0.0,0.0,0.0,0.0,1.0,1.0,0.0,0.0,1.0,0.0,0.0,1.0,,1.0,1.0,1.0,1.0,1.0,1.0,0.0,0.0,1.0,0.0,0.0,0.0,0.0,0.0,0.0,0.0,,,1.0,1.0,0.0,0.0,1.0,0.0,1.0,0.0,,0.0,0.0,0.0,0.0,0.0,,,0.0,0.0,1.0,0.0,0.0,,0.0,0.0,,0.0,1.0,0.0,0.0,0.0,0.0,,0.0,1.0,,1.0,1.0,0.0,0.0,1.0,0.0,1.0,1.0,0.0,0.0,0.0,1.0,1.0,
Herculano Anghinetti,,,,1.0,,,,,,,,,,,,,,,,,,,,,,1.0,,,,,,,,,,,,,0.0,1.0,,1.0,,1.0,,1.0,,,,,,,,,,,,,,,,,,,,,,,,,,,,,,,,,,,,,,,,,1.0,,,,,,,,,,,,,,,,,,,,,,,0.0,,,,,,,,,,,,,,,,,,,,,,,,1.0,,,,,,,,,,,,,,,,,,,,,,,,,,,,,,,,,,,,0.0,0.0,,,0.0,,,,,,,,0.0,0.0,0.0,0.0,,1.0,0.0,0.0,0.0,0.0,,,0.0,1.0,1.0,,,,1.0,,,,,,,,,
Hermes Parcianello,1.0,,,1.0,1.0,0.0,,1.0,0.0,1.0,1.0,1.0,,,,,0.0,,0.0,0.0,,0.0,1.0,1.0,1.0,,1.0,,,,,,,1.0,1.0,,,,0.0,1.0,1.0,1.0,1.0,,,1.0,,1.0,1.0,,,,,,,,,,,,1.0,,1.0,0.0,,,1.0,1.0,1.0,,,,,,,,,,0.0,,0.0,1.0,,,0.0,,1.0,,0.0,0.0,0.0,0.0,,0.0,,,0.0,1.0,1.0,1.0,1.0,,,,,,,0.0,0.0,0.0,1.0,,,0.0,0.0,1.0,0.0,1.0,0.0,0.0,,0.0,,1.0,0.0,,,1.0,0.0,0.0,,0.0,0.0,1.0,,0.0,0.0,,,,1.0,0.0,,,,,,1.0,0.0,0.0,1.0,0.0,0.0,0.0,,0.0,,,,,0.0,1.0,,,,0.0,1.0,,1.0,,0.0,,,0.0,,1.0,,0.0,,,,0.0,,,,,,0.0,,,,0.0,0.0,,,,,0.0,,1.0,1.0,,,0.0,1.0,1.0,1.0,1.0,1.0
Homero Barreto,1.0,,,1.0,,0.0,0.0,1.0,,1.0,1.0,1.0,0.0,,0.0,,,1.0,0.0,0.0,1.0,0.0,1.0,1.0,1.0,1.0,1.0,1.0,,1.0,,,0.0,,,0.0,,,0.0,1.0,1.0,1.0,1.0,1.0,,,,,,,,,,,0.0,,,0.0,,,1.0,0.0,1.0,,1.0,,1.0,,1.0,1.0,1.0,0.0,,,1.0,0.0,0.0,1.0,0.0,,,,,,,0.0,1.0,1.0,0.0,0.0,0.0,0.0,0.0,0.0,0.0,,0.0,,,,1.0,,,,0.0,0.0,0.0,,0.0,0.0,1.0,0.0,0.0,0.0,0.0,1.0,,1.0,0.0,0.0,,,0.0,,0.0,1.0,0.0,0.0,0.0,,,0.0,0.0,,1.0,0.0,0.0,1.0,0.0,1.0,,,1.0,1.0,,,1.0,,,0.0,,0.0,,,0.0,0.0,0.0,,1.0,,,1.0,,,,,,,,,,,,,0.0,,,,,,,,,,,,,,,0.0,0.0,,,0.0,,1.0,,,0.0,,,,1.0,,,,1.0,1.0,1.0
Humberto Michiles,1.0,1.0,,1.0,1.0,0.0,0.0,1.0,0.0,1.0,1.0,1.0,,0.0,,,0.0,,,0.0,1.0,0.0,1.0,1.0,1.0,,,,0.0,1.0,1.0,,0.0,1.0,1.0,0.0,1.0,1.0,0.0,1.0,1.0,,1.0,1.0,1.0,1.0,1.0,1.0,1.0,1.0,0.0,1.0,,0.0,0.0,,1.0,0.0,,0.0,1.0,0.0,,0.0,1.0,1.0,1.0,1.0,,,,0.0,1.0,0.0,1.0,0.0,0.0,,0.0,,,1.0,,,,0.0,,1.0,0.0,,0.0,,0.0,,0.0,1.0,0.0,,1.0,,,,0.0,1.0,,,,0.0,0.0,0.0,1.0,,0.0,,,1.0,,,,0.0,,0.0,,1.0,0.0,,,0.0,,,,0.0,,1.0,,0.0,,1.0,0.0,0.0,1.0,,1.0,,1.0,,1.0,1.0,0.0,0.0,,0.0,,1.0,0.0,0.0,0.0,0.0,1.0,1.0,,,0.0,0.0,1.0,0.0,1.0,1.0,1.0,,0.0,0.0,0.0,,0.0,1.0,0.0,0.0,1.0,0.0,0.0,,0.0,0.0,1.0,,1.0,,0.0,,,0.0,,,,1.0,1.0,0.0,0.0,1.0,,1.0,1.0,0.0,1.0,1.0,,,1.0
Hélio Esteves,,1.0,1.0,1.0,1.0,,,1.0,,1.0,,1.0,0.0,0.0,,,0.0,,0.0,0.0,1.0,0.0,1.0,1.0,1.0,1.0,1.0,1.0,,,,0.0,,,0.0,,1.0,1.0,0.0,1.0,1.0,1.0,1.0,1.0,1.0,1.0,,,1.0,1.0,0.0,1.0,1.0,0.0,0.0,0.0,,,,0.0,,,1.0,0.0,1.0,1.0,1.0,1.0,1.0,,,,1.0,,,0.0,0.0,,0.0,,0.0,1.0,,0.0,,0.0,1.0,,0.0,0.0,0.0,0.0,,0.0,0.0,1.0,0.0,1.0,1.0,,1.0,0.0,0.0,1.0,,,,,,,,0.0,0.0,,0.0,,,1.0,,0.0,,,0.0,,0.0,1.0,0.0,0.0,0.0,0.0,0.0,,0.0,,1.0,,0.0,1.0,0.0,,,,1.0,0.0,,,,,0.0,,1.0,,,,0.0,,,0.0,,,,1.0,0.0,0.0,,,1.0,,,,,0.0,0.0,,0.0,,0.0,,1.0,,0.0,,,,,,,0.0,,,0.0,0.0,0.0,,,1.0,,0.0,,,0.0,1.0,1.0,,0.0,0.0,1.0,,1.0
Iara Bernardi,1.0,1.0,,1.0,1.0,0.0,0.0,,0.0,1.0,1.0,1.0,,,0.0,0.0,0.0,1.0,0.0,0.0,,0.0,1.0,1.0,1.0,1.0,,1.0,0.0,1.0,1.0,0.0,0.0,1.0,0.0,0.0,1.0,1.0,0.0,1.0,,,1.0,1.0,,1.0,1.0,1.0,1.0,1.0,0.0,1.0,,0.0,0.0,0.0,,,,0.0,1.0,0.0,1.0,0.0,,1.0,1.0,,1.0,1.0,0.0,0.0,1.0,,1.0,0.0,0.0,1.0,0.0,1.0,0.0,1.0,0.0,0.0,0.0,,1.0,1.0,0.0,0.0,0.0,1.0,0.0,,0.0,1.0,,,1.0,1.0,1.0,0.0,0.0,1.0,0.0,0.0,0.0,0.0,0.0,0.0,,0.0,0.0,0.0,,0.0,0.0,,0.0,0.0,1.0,0.0,0.0,1.0,0.0,1.0,0.0,,0.0,0.0,0.0,0.0,0.0,1.0,,0.0,0.0,1.0,0.0,0.0,1.0,,,1.0,,1.0,,,0.0,0.0,1.0,0.0,1.0,,0.0,0.0,0.0,0.0,1.0,,1.0,1.0,0.0,0.0,1.0,0.0,1.0,0.0,1.0,,,0.0,,0.0,,1.0,0.0,0.0,1.0,0.0,0.0,0.0,,,,0.0,1.0,,,,,0.0,0.0,0.0,,1.0,1.0,0.0,0.0,1.0,0.0,1.0,,0.0,0.0,0.0,1.0,1.0,1.0
Iberê Ferreira,1.0,1.0,,,,,,,,,,,,,,,,,,,,,,,,,1.0,1.0,0.0,,,,,1.0,1.0,,,1.0,,,,,,,,,0.0,,1.0,1.0,0.0,1.0,,,,,,,,,,,,1.0,1.0,1.0,1.0,,,,,,,,,,,,,,,,,,,,,1.0,,,,,,,,,,,1.0,,1.0,,,,,,,,0.0,0.0,1.0,0.0,0.0,,,,,,0.0,,1.0,,,,,1.0,0.0,,0.0,,,,,1.0,1.0,,,,0.0,,,1.0,,1.0,1.0,1.0,,,,0.0,1.0,0.0,,0.0,0.0,0.0,0.0,0.0,1.0,,1.0,1.0,0.0,0.0,1.0,0.0,1.0,,,0.0,0.0,0.0,0.0,0.0,0.0,,0.0,0.0,1.0,,0.0,0.0,,,,0.0,1.0,,,0.0,1.0,,0.0,1.0,,0.0,,0.0,0.0,1.0,1.0,,,0.0,1.0,1.0,,,
Ibrahim Abi-Ackel,1.0,1.0,,1.0,1.0,,,1.0,0.0,1.0,1.0,1.0,0.0,0.0,0.0,0.0,0.0,1.0,,0.0,1.0,0.0,,1.0,1.0,1.0,,,,,,,,1.0,1.0,,,1.0,0.0,1.0,1.0,,,,1.0,1.0,1.0,1.0,1.0,1.0,0.0,,1.0,0.0,,,,,1.0,,,,,,1.0,1.0,1.0,,1.0,,,0.0,1.0,0.0,,,0.0,1.0,0.0,,,1.0,0.0,0.0,,,,1.0,,,,,,,,,,1.0,1.0,1.0,1.0,,,,,,,,,,,,,,,,,1.0,0.0,0.0,1.0,0.0,0.0,1.0,0.0,1.0,,,,1.0,0.0,0.0,0.0,,1.0,0.0,0.0,,0.0,0.0,1.0,,,,1.0,,0.0,1.0,,0.0,,,,0.0,0.0,,,0.0,,1.0,,1.0,,0.0,1.0,,1.0,,,,,,0.0,,,,0.0,0.0,1.0,,,,,,,,,,,,,,,,,,,,,,,,1.0,0.0,1.0,1.0,1.0,1.0,1.0
Ildeu Araujo,1.0,1.0,1.0,0.0,0.0,,1.0,0.0,,0.0,0.0,0.0,1.0,1.0,1.0,1.0,1.0,1.0,1.0,1.0,1.0,1.0,1.0,0.0,1.0,,1.0,1.0,0.0,1.0,1.0,0.0,0.0,1.0,1.0,0.0,1.0,1.0,0.0,0.0,0.0,1.0,1.0,1.0,1.0,1.0,1.0,1.0,1.0,1.0,0.0,1.0,1.0,0.0,,0.0,,,,,,,1.0,0.0,1.0,1.0,1.0,1.0,1.0,1.0,,0.0,1.0,0.0,1.0,,,,,,,1.0,0.0,0.0,,0.0,1.0,1.0,0.0,0.0,0.0,0.0,0.0,0.0,0.0,1.0,0.0,1.0,1.0,1.0,1.0,0.0,0.0,1.0,0.0,0.0,0.0,0.0,0.0,0.0,1.0,0.0,0.0,0.0,0.0,1.0,0.0,1.0,0.0,0.0,1.0,0.0,0.0,1.0,0.0,1.0,0.0,,0.0,0.0,0.0,0.0,0.0,1.0,1.0,0.0,0.0,1.0,0.0,0.0,1.0,1.0,1.0,1.0,1.0,1.0,0.0,1.0,0.0,0.0,1.0,0.0,0.0,0.0,0.0,0.0,0.0,0.0,1.0,1.0,1.0,1.0,0.0,0.0,1.0,,1.0,1.0,1.0,0.0,0.0,,0.0,0.0,0.0,1.0,0.0,0.0,1.0,,,0.0,,0.0,1.0,0.0,1.0,0.0,0.0,0.0,1.0,0.0,0.0,0.0,,1.0,1.0,0.0,0.0,1.0,1.0,1.0,1.0,0.0,0.0,0.0,1.0,1.0,1.0
Inaldo Leitão,,1.0,1.0,1.0,1.0,0.0,,1.0,0.0,1.0,1.0,,0.0,0.0,0.0,0.0,0.0,1.0,0.0,0.0,,,1.0,1.0,1.0,1.0,1.0,1.0,,1.0,1.0,,0.0,1.0,1.0,0.0,1.0,,0.0,1.0,1.0,1.0,1.0,,1.0,,1.0,1.0,1.0,1.0,,1.0,1.0,0.0,0.0,0.0,1.0,0.0,1.0,,1.0,0.0,1.0,0.0,1.0,1.0,1.0,,1.0,1.0,1.0,0.0,,0.0,1.0,0.0,0.0,1.0,0.0,1.0,0.0,1.0,0.0,0.0,,0.0,1.0,1.0,0.0,0.0,0.0,0.0,0.0,,0.0,0.0,,,,1.0,0.0,,0.0,1.0,,,,0.0,,,1.0,0.0,0.0,0.0,,1.0,,1.0,1.0,,,0.0,,1.0,,1.0,0.0,0.0,0.0,0.0,0.0,0.0,0.0,1.0,1.0,0.0,0.0,,0.0,0.0,1.0,0.0,1.0,1.0,,1.0,,,0.0,,,0.0,0.0,1.0,0.0,0.0,0.0,0.0,,,0.0,1.0,0.0,0.0,1.0,,1.0,,,,,0.0,,,,,,0.0,,,0.0,0.0,,,,0.0,,,,,1.0,0.0,0.0,1.0,,1.0,1.0,0.0,,,,,,0.0,1.0,1.0,,,1.0
Inocêncio Oliveira,1.0,1.0,1.0,0.0,0.0,,,,,0.0,0.0,0.0,1.0,,,1.0,1.0,,,,,,1.0,,1.0,1.0,1.0,1.0,,,1.0,1.0,,1.0,1.0,,1.0,1.0,0.0,1.0,1.0,1.0,,,,1.0,1.0,1.0,1.0,1.0,0.0,1.0,,,,,,,0.0,,,,1.0,1.0,1.0,1.0,1.0,,1.0,,,,,,,,,,,,,1.0,,,,,1.0,1.0,1.0,,1.0,1.0,1.0,,,,,,1.0,0.0,,,,1.0,,,,1.0,,,0.0,,,,,0.0,,,0.0,,1.0,0.0,0.0,1.0,0.0,0.0,,0.0,0.0,1.0,0.0,,,,,,0.0,1.0,,0.0,1.0,0.0,1.0,1.0,1.0,1.0,1.0,1.0,0.0,0.0,1.0,,,,,0.0,,,1.0,,,1.0,0.0,0.0,,0.0,1.0,,1.0,0.0,0.0,,,0.0,,0.0,0.0,0.0,,0.0,0.0,0.0,,,,0.0,1.0,0.0,0.0,,,,,0.0,,,1.0,0.0,,1.0,1.0,1.0,1.0,0.0,1.0,1.0,1.0,1.0,1.0
Inácio Arruda,1.0,1.0,1.0,1.0,1.0,0.0,,1.0,0.0,1.0,1.0,1.0,0.0,0.0,0.0,0.0,0.0,,0.0,0.0,1.0,0.0,1.0,1.0,1.0,1.0,1.0,1.0,0.0,1.0,1.0,0.0,0.0,0.0,0.0,,1.0,1.0,0.0,1.0,1.0,1.0,1.0,1.0,1.0,1.0,1.0,1.0,1.0,1.0,0.0,1.0,1.0,0.0,0.0,,1.0,0.0,,0.0,1.0,0.0,1.0,0.0,,1.0,1.0,1.0,,,1.0,,,,1.0,0.0,0.0,,0.0,,0.0,1.0,,0.0,0.0,0.0,1.0,1.0,0.0,,0.0,,,,0.0,1.0,0.0,,1.0,1.0,1.0,,0.0,1.0,0.0,0.0,0.0,0.0,,0.0,,,,0.0,,1.0,,1.0,,,,1.0,0.0,,0.0,,0.0,,0.0,0.0,0.0,0.0,0.0,1.0,1.0,0.0,0.0,0.0,0.0,0.0,1.0,,,1.0,1.0,,,1.0,0.0,0.0,,0.0,0.0,,0.0,0.0,0.0,0.0,1.0,0.0,1.0,1.0,0.0,0.0,,0.0,1.0,,1.0,0.0,0.0,0.0,0.0,0.0,,1.0,0.0,0.0,,,0.0,0.0,,0.0,0.0,0.0,0.0,0.0,0.0,0.0,0.0,0.0,,,,1.0,,0.0,1.0,1.0,0.0,1.0,1.0,0.0,1.0,1.0,1.0,1.0,
Irineu Rodrigues,,,,,,,,,,,,,,,,,,,,,,,,,,,,,,,,,,,,,,,,,,,,,,,,,,,,,,,,,,,,,,,,,,,,,,,,,,,,,,,,,,,,,,,,,,,,,,,,,,,,,,,,,,,,,,,,,,,,,,,,,,,,,,,,,,,,,,,,,,,,,,,,,,,,,,,,,,,,,,,,,,,,,,,,,,,,,,,,,,,,,,0.0,,,,0.0,,1.0,1.0,0.0,1.0,0.0,1.0,,,,,,,,,,,,,,,,
Iriny Lopes,,,1.0,1.0,1.0,,0.0,1.0,,1.0,1.0,1.0,,0.0,0.0,0.0,0.0,1.0,0.0,0.0,,0.0,1.0,1.0,1.0,1.0,1.0,1.0,0.0,1.0,1.0,0.0,0.0,1.0,1.0,0.0,,,0.0,1.0,1.0,,,,,1.0,,,,,,,,,0.0,0.0,1.0,0.0,,0.0,,0.0,1.0,,1.0,,1.0,,1.0,1.0,,0.0,1.0,0.0,,,,1.0,,,,1.0,0.0,,,0.0,,1.0,,,0.0,,0.0,0.0,0.0,1.0,0.0,1.0,1.0,1.0,1.0,0.0,,1.0,,,,0.0,,,1.0,0.0,,0.0,,0.0,0.0,1.0,0.0,0.0,,,0.0,,0.0,,0.0,0.0,0.0,,,0.0,0.0,1.0,1.0,0.0,0.0,0.0,0.0,0.0,1.0,,1.0,0.0,,0.0,1.0,,0.0,0.0,1.0,0.0,0.0,,0.0,0.0,0.0,0.0,,,,1.0,0.0,0.0,,,,,,0.0,0.0,,,0.0,0.0,1.0,0.0,0.0,1.0,0.0,0.0,0.0,,,,0.0,,,0.0,0.0,0.0,0.0,0.0,0.0,,1.0,,0.0,0.0,1.0,0.0,1.0,1.0,,,,1.0,1.0,1.0
Iris Simões,1.0,1.0,1.0,1.0,1.0,0.0,0.0,1.0,0.0,1.0,1.0,1.0,0.0,0.0,0.0,0.0,0.0,1.0,0.0,0.0,1.0,,1.0,1.0,1.0,1.0,,,0.0,1.0,1.0,0.0,0.0,,1.0,0.0,1.0,1.0,,,1.0,1.0,1.0,1.0,1.0,1.0,1.0,1.0,1.0,1.0,0.0,1.0,1.0,0.0,0.0,0.0,1.0,0.0,,0.0,,0.0,1.0,1.0,1.0,1.0,1.0,1.0,,1.0,1.0,,,,1.0,0.0,0.0,,0.0,1.0,0.0,,,,0.0,0.0,1.0,1.0,0.0,0.0,0.0,0.0,0.0,0.0,,1.0,0.0,1.0,,1.0,,0.0,,1.0,0.0,0.0,0.0,0.0,,0.0,1.0,0.0,0.0,0.0,0.0,1.0,0.0,1.0,0.0,0.0,1.0,0.0,0.0,1.0,0.0,,,0.0,,0.0,0.0,0.0,0.0,,1.0,0.0,0.0,,0.0,0.0,1.0,1.0,,0.0,1.0,1.0,1.0,1.0,0.0,,,,,0.0,0.0,,0.0,0.0,,1.0,1.0,1.0,0.0,0.0,1.0,0.0,1.0,0.0,1.0,0.0,0.0,0.0,0.0,0.0,0.0,1.0,0.0,0.0,1.0,0.0,0.0,0.0,0.0,0.0,1.0,,1.0,0.0,0.0,,0.0,0.0,0.0,0.0,,1.0,1.0,0.0,0.0,1.0,,1.0,1.0,0.0,1.0,1.0,1.0,1.0,
Isaías Silvestre,1.0,1.0,,1.0,1.0,0.0,0.0,1.0,,,,,,,,,,,,0.0,1.0,0.0,1.0,,,1.0,1.0,1.0,0.0,,1.0,0.0,,,0.0,0.0,1.0,1.0,0.0,1.0,1.0,1.0,1.0,1.0,1.0,1.0,1.0,1.0,1.0,1.0,0.0,1.0,,,0.0,0.0,1.0,0.0,,0.0,1.0,0.0,,0.0,1.0,1.0,1.0,,1.0,1.0,1.0,0.0,1.0,0.0,1.0,,0.0,1.0,,1.0,0.0,1.0,0.0,0.0,0.0,,1.0,,0.0,,0.0,0.0,,0.0,0.0,1.0,0.0,1.0,1.0,1.0,1.0,0.0,0.0,1.0,0.0,0.0,0.0,,,0.0,1.0,0.0,0.0,0.0,0.0,0.0,0.0,1.0,0.0,0.0,1.0,0.0,,,0.0,1.0,0.0,0.0,0.0,0.0,0.0,0.0,0.0,,,1.0,0.0,,0.0,0.0,1.0,0.0,,1.0,,1.0,,1.0,,,1.0,0.0,,0.0,0.0,,0.0,,1.0,0.0,,,0.0,0.0,,0.0,1.0,1.0,1.0,0.0,0.0,0.0,0.0,0.0,0.0,1.0,0.0,0.0,1.0,0.0,0.0,0.0,0.0,0.0,1.0,,1.0,0.0,0.0,0.0,0.0,0.0,,,1.0,0.0,1.0,0.0,0.0,1.0,1.0,1.0,1.0,0.0,1.0,1.0,1.0,1.0,1.0
Itamar Serpa,1.0,1.0,1.0,,1.0,,,,,0.0,0.0,0.0,1.0,1.0,1.0,,1.0,,1.0,,,,,,,1.0,,0.0,,,0.0,,,,,,1.0,1.0,0.0,1.0,1.0,,,1.0,,,1.0,1.0,1.0,1.0,0.0,1.0,,,,,,,,,,,,,1.0,,1.0,,,,,,0.0,,,,,,,,,0.0,,,,,,,1.0,,,,,,,,,,,,0.0,,,1.0,,,,,,,0.0,,,,,,,,1.0,,,0.0,,0.0,,,,0.0,,,,,,1.0,,,,1.0,,,,,1.0,1.0,0.0,,0.0,,,,,,,,,,,,0.0,1.0,0.0,,1.0,,,1.0,0.0,1.0,,,1.0,,,,,,,,,0.0,0.0,,,,,,0.0,,1.0,,1.0,,1.0,,,,,,,,,1.0,1.0,0.0,0.0,0.0,,,
Ivan Paixão,1.0,1.0,1.0,,,,,,,,,,,,,,,,,,,,,,,,1.0,1.0,,,1.0,0.0,,1.0,1.0,,1.0,1.0,,,,,,,,,1.0,1.0,1.0,1.0,0.0,,,,,,,,,,,,1.0,0.0,0.0,1.0,1.0,,,,,,,,,,,,,,,,,,,,,1.0,,,,,,,,,,,1.0,,1.0,0.0,0.0,1.0,,,,0.0,0.0,0.0,1.0,0.0,,0.0,0.0,1.0,,1.0,0.0,0.0,,1.0,,1.0,,,0.0,0.0,0.0,0.0,0.0,0.0,,,,,,,,1.0,,,,,,1.0,,1.0,,,,,1.0,1.0,,,0.0,1.0,,,1.0,1.0,,0.0,0.0,1.0,0.0,1.0,0.0,,,0.0,,,,,,,,,,,,,,,,,,,,,,,,,,,,,,1.0,,0.0,1.0,1.0,,,
Ivan Ranzolin,1.0,1.0,,,0.0,,,1.0,0.0,1.0,1.0,1.0,0.0,,0.0,,0.0,1.0,,0.0,1.0,0.0,,0.0,1.0,,1.0,1.0,,,,,,1.0,1.0,0.0,1.0,1.0,0.0,1.0,,1.0,1.0,1.0,1.0,1.0,1.0,,1.0,1.0,1.0,1.0,1.0,0.0,,0.0,,,,,,,1.0,0.0,1.0,1.0,1.0,1.0,1.0,1.0,1.0,0.0,,0.0,,,,,,,,1.0,,,,0.0,1.0,1.0,1.0,0.0,0.0,0.0,0.0,0.0,0.0,1.0,0.0,1.0,1.0,,0.0,,,,0.0,,0.0,,,,,0.0,0.0,0.0,0.0,1.0,0.0,1.0,,0.0,,1.0,,,0.0,0.0,,,,1.0,,0.0,,1.0,,0.0,,1.0,,,,1.0,0.0,1.0,1.0,,,0.0,0.0,,,,1.0,1.0,,,,,0.0,1.0,1.0,1.0,1.0,,,1.0,0.0,1.0,0.0,,,,,,,,1.0,,,,0.0,,,,,0.0,0.0,,,,,1.0,1.0,0.0,1.0,0.0,1.0,1.0,,1.0,1.0,,1.0,0.0,1.0,1.0,1.0,1.0,1.0
Ivan Valente,1.0,1.0,1.0,,,0.0,0.0,,0.0,1.0,1.0,1.0,0.0,0.0,0.0,0.0,0.0,,0.0,0.0,1.0,0.0,1.0,1.0,0.0,1.0,,1.0,,1.0,,0.0,0.0,0.0,0.0,0.0,0.0,0.0,0.0,1.0,1.0,1.0,,,1.0,1.0,1.0,1.0,1.0,1.0,0.0,1.0,1.0,0.0,0.0,0.0,1.0,0.0,,0.0,1.0,0.0,1.0,0.0,1.0,,1.0,1.0,1.0,1.0,0.0,0.0,1.0,0.0,1.0,0.0,,,0.0,,0.0,1.0,,0.0,0.0,,1.0,1.0,1.0,,1.0,1.0,0.0,0.0,0.0,1.0,0.0,,1.0,0.0,1.0,0.0,0.0,,0.0,0.0,0.0,,,,,,0.0,0.0,0.0,0.0,0.0,1.0,0.0,0.0,1.0,1.0,0.0,1.0,0.0,0.0,0.0,0.0,0.0,0.0,0.0,,0.0,1.0,1.0,0.0,0.0,0.0,,0.0,1.0,0.0,1.0,1.0,1.0,,1.0,,0.0,,,,1.0,1.0,,,0.0,0.0,1.0,,0.0,1.0,0.0,,1.0,1.0,0.0,1.0,1.0,0.0,0.0,0.0,0.0,,,0.0,,0.0,1.0,0.0,0.0,0.0,0.0,1.0,,,0.0,0.0,1.0,0.0,0.0,0.0,1.0,0.0,1.0,0.0,,,1.0,,0.0,,1.0,0.0,0.0,0.0,1.0,,
Ivo José,1.0,1.0,1.0,1.0,1.0,0.0,,1.0,0.0,1.0,1.0,1.0,,0.0,0.0,,0.0,,,0.0,1.0,,,1.0,1.0,1.0,,1.0,0.0,1.0,1.0,0.0,0.0,1.0,1.0,0.0,,1.0,0.0,1.0,1.0,,1.0,,1.0,1.0,1.0,1.0,,,,1.0,,0.0,,,,,1.0,,,,1.0,0.0,,1.0,1.0,,1.0,1.0,,0.0,,,1.0,0.0,0.0,1.0,,,0.0,1.0,0.0,0.0,0.0,,1.0,,0.0,,0.0,0.0,0.0,0.0,0.0,1.0,0.0,,1.0,,1.0,,,1.0,0.0,0.0,0.0,,,0.0,,0.0,,0.0,0.0,0.0,,1.0,0.0,0.0,1.0,0.0,0.0,,0.0,1.0,0.0,,,,,,0.0,1.0,1.0,0.0,,0.0,0.0,0.0,1.0,,1.0,0.0,1.0,1.0,,1.0,,0.0,1.0,0.0,,,,,0.0,0.0,1.0,,,,0.0,,1.0,,1.0,0.0,,,,,,0.0,0.0,1.0,0.0,0.0,1.0,0.0,0.0,,,0.0,0.0,,,0.0,,,0.0,,0.0,,,1.0,1.0,,,1.0,0.0,1.0,,0.0,0.0,0.0,,,1.0
Jackson Barreto,1.0,1.0,1.0,1.0,1.0,,,,,1.0,1.0,,,,,,0.0,1.0,0.0,,1.0,,,1.0,1.0,1.0,1.0,1.0,0.0,,1.0,0.0,0.0,1.0,1.0,,1.0,1.0,0.0,1.0,,,,1.0,1.0,1.0,1.0,1.0,1.0,1.0,0.0,1.0,1.0,0.0,0.0,0.0,1.0,,,0.0,1.0,0.0,,0.0,1.0,,,1.0,1.0,1.0,1.0,,1.0,0.0,,0.0,0.0,,0.0,1.0,0.0,1.0,0.0,0.0,,0.0,,1.0,0.0,,0.0,0.0,,,,,,,1.0,1.0,1.0,0.0,0.0,1.0,0.0,0.0,0.0,0.0,0.0,0.0,1.0,0.0,0.0,0.0,0.0,1.0,,1.0,0.0,0.0,,0.0,0.0,1.0,0.0,0.0,0.0,0.0,0.0,0.0,,,,1.0,1.0,,,1.0,0.0,0.0,1.0,0.0,,,1.0,1.0,,1.0,0.0,0.0,1.0,0.0,0.0,,0.0,0.0,0.0,,,0.0,1.0,,0.0,0.0,1.0,0.0,1.0,0.0,,,0.0,0.0,0.0,0.0,,0.0,0.0,,1.0,0.0,0.0,,0.0,0.0,1.0,0.0,,0.0,0.0,0.0,0.0,0.0,1.0,0.0,1.0,0.0,,0.0,,1.0,0.0,1.0,,0.0,1.0,1.0,1.0,1.0,1.0
Jader Barbalho,,1.0,1.0,1.0,,,,,,1.0,1.0,,0.0,,,,,,,0.0,1.0,,,,,,,,,1.0,,,,,1.0,,1.0,1.0,,,,,,,1.0,,1.0,1.0,1.0,1.0,0.0,,,,,,,,,,1.0,,,,1.0,,,,,1.0,,,1.0,,1.0,0.0,,0.0,0.0,,0.0,,0.0,,0.0,,,,,,0.0,0.0,,,,,,1.0,,,,0.0,,,,,,0.0,,,,,,,,,,1.0,,,,1.0,,1.0,,,0.0,1.0,0.0,0.0,,,0.0,,,,,,,0.0,,0.0,,,,,,1.0,,,,0.0,,,,,,,,,,,,0.0,,0.0,1.0,,,0.0,,,,,,1.0,,,,,,,,,,,,0.0,0.0,,,,,,,1.0,,0.0,,,,,,0.0,1.0,1.0,,,
Jaime Martins,1.0,1.0,1.0,1.0,1.0,0.0,,1.0,,1.0,1.0,1.0,,0.0,,,,1.0,0.0,0.0,1.0,,,1.0,1.0,,,1.0,0.0,,,,,1.0,1.0,,1.0,1.0,,1.0,,1.0,1.0,,1.0,,1.0,1.0,,1.0,0.0,1.0,1.0,,0.0,0.0,1.0,0.0,,0.0,1.0,0.0,1.0,0.0,1.0,,1.0,1.0,1.0,,1.0,0.0,,0.0,,0.0,,1.0,,1.0,0.0,,,0.0,,,1.0,,0.0,,,,1.0,,0.0,,0.0,,1.0,1.0,1.0,,0.0,1.0,,0.0,0.0,0.0,,,,,0.0,,1.0,1.0,,1.0,1.0,,1.0,,0.0,,0.0,1.0,0.0,,,,,,0.0,,1.0,0.0,0.0,1.0,0.0,,1.0,0.0,,1.0,1.0,,,1.0,,0.0,1.0,0.0,,,,0.0,0.0,,,1.0,1.0,1.0,0.0,0.0,1.0,0.0,1.0,,1.0,0.0,,0.0,0.0,0.0,0.0,1.0,0.0,0.0,1.0,0.0,0.0,0.0,0.0,,,,,0.0,0.0,0.0,1.0,,,0.0,,1.0,1.0,0.0,,1.0,1.0,1.0,,,1.0,1.0,,,1.0
Jair Bolsonaro,1.0,1.0,,0.0,0.0,1.0,1.0,0.0,1.0,0.0,0.0,0.0,1.0,1.0,1.0,1.0,1.0,0.0,1.0,1.0,0.0,1.0,1.0,1.0,1.0,1.0,1.0,1.0,0.0,1.0,0.0,,1.0,1.0,1.0,0.0,1.0,1.0,0.0,1.0,1.0,0.0,0.0,1.0,1.0,1.0,1.0,1.0,1.0,1.0,0.0,1.0,1.0,1.0,1.0,1.0,0.0,1.0,0.0,1.0,0.0,1.0,1.0,1.0,1.0,1.0,1.0,1.0,1.0,0.0,0.0,1.0,,1.0,0.0,1.0,1.0,0.0,1.0,0.0,1.0,0.0,1.0,,1.0,1.0,1.0,1.0,1.0,1.0,1.0,1.0,1.0,1.0,1.0,0.0,1.0,0.0,0.0,1.0,0.0,1.0,,0.0,1.0,1.0,1.0,1.0,1.0,1.0,0.0,1.0,1.0,1.0,,0.0,1.0,0.0,,1.0,1.0,1.0,1.0,0.0,1.0,0.0,1.0,1.0,1.0,1.0,0.0,1.0,1.0,1.0,1.0,0.0,1.0,1.0,1.0,1.0,0.0,1.0,0.0,1.0,1.0,,0.0,1.0,0.0,1.0,0.0,1.0,1.0,1.0,0.0,1.0,0.0,1.0,0.0,1.0,0.0,1.0,,1.0,0.0,0.0,1.0,1.0,1.0,0.0,1.0,0.0,0.0,0.0,1.0,0.0,1.0,0.0,1.0,0.0,0.0,0.0,1.0,1.0,1.0,0.0,0.0,1.0,1.0,0.0,1.0,,1.0,0.0,1.0,0.0,1.0,1.0,1.0,0.0,1.0,1.0,1.0,0.0,0.0,0.0,0.0,0.0,0.0
Jair de Oliveira,,,,,,,,,,,,,,,,,,,,,,,,,,,,,,,,,,0.0,0.0,,1.0,1.0,,,,,,,,,1.0,1.0,1.0,1.0,0.0,1.0,,,,,,,,,,,,,1.0,,1.0,,,,,,,,,,,,,,,,,,,,,,,,,,,,,,,,,,1.0,,,,,,,,,,,,,,,,,1.0,,0.0,,,1.0,,,0.0,,0.0,0.0,1.0,0.0,1.0,0.0,1.0,,1.0,0.0,1.0,1.0,1.0,1.0,0.0,1.0,1.0,,0.0,1.0,1.0,0.0,0.0,1.0,0.0,0.0,0.0,0.0,0.0,0.0,0.0,1.0,,0.0,,,,1.0,0.0,1.0,0.0,1.0,0.0,1.0,0.0,0.0,0.0,0.0,,0.0,,1.0,0.0,0.0,0.0,0.0,0.0,0.0,,,0.0,0.0,0.0,,0.0,,0.0,1.0,0.0,,0.0,1.0,,1.0,,,0.0,1.0,1.0,,,
Jairo Carneiro,1.0,,1.0,1.0,1.0,,,,,,,,,,,,,,,,,,,1.0,1.0,1.0,1.0,1.0,,,1.0,1.0,,1.0,1.0,,1.0,1.0,0.0,1.0,,,1.0,1.0,1.0,1.0,1.0,1.0,1.0,1.0,0.0,1.0,1.0,,,,,,,,,,1.0,1.0,,,,1.0,1.0,,1.0,,,,,,,1.0,,,,1.0,,,,1.0,,1.0,1.0,,1.0,1.0,1.0,,,,,,1.0,1.0,1.0,,,1.0,,,,1.0,,,0.0,,,,,0.0,,0.0,1.0,1.0,,1.0,,0.0,,0.0,1.0,0.0,,1.0,,,,1.0,1.0,,,,,1.0,0.0,1.0,,1.0,1.0,1.0,0.0,0.0,,,,,,,,,,,0.0,,1.0,1.0,1.0,1.0,0.0,,1.0,0.0,1.0,,1.0,0.0,,,1.0,,1.0,,,,,,1.0,1.0,1.0,0.0,0.0,1.0,1.0,,1.0,1.0,1.0,0.0,1.0,0.0,1.0,1.0,1.0,1.0,1.0,1.0,1.0,0.0,0.0,0.0,1.0,1.0,1.0
Jamil Murad,1.0,1.0,,1.0,1.0,,,,0.0,1.0,1.0,1.0,0.0,,0.0,0.0,0.0,,,,1.0,,1.0,1.0,0.0,,,,0.0,1.0,1.0,,0.0,0.0,0.0,0.0,1.0,1.0,0.0,1.0,1.0,1.0,1.0,1.0,1.0,1.0,1.0,1.0,1.0,1.0,0.0,1.0,1.0,0.0,0.0,0.0,1.0,0.0,1.0,0.0,1.0,0.0,1.0,0.0,0.0,1.0,1.0,1.0,1.0,1.0,,0.0,,0.0,1.0,0.0,0.0,1.0,0.0,1.0,0.0,1.0,0.0,0.0,,0.0,1.0,1.0,0.0,,0.0,0.0,0.0,0.0,0.0,1.0,0.0,1.0,1.0,1.0,1.0,0.0,0.0,1.0,0.0,0.0,0.0,0.0,0.0,0.0,1.0,,,0.0,,1.0,0.0,1.0,0.0,0.0,1.0,1.0,0.0,1.0,0.0,0.0,0.0,0.0,0.0,0.0,0.0,0.0,0.0,1.0,1.0,0.0,0.0,0.0,0.0,,1.0,,1.0,1.0,1.0,0.0,1.0,1.0,0.0,0.0,1.0,0.0,0.0,0.0,,0.0,0.0,0.0,,0.0,1.0,1.0,,0.0,1.0,0.0,1.0,0.0,1.0,0.0,0.0,0.0,0.0,0.0,0.0,1.0,0.0,0.0,1.0,0.0,0.0,0.0,,0.0,0.0,0.0,0.0,0.0,0.0,0.0,0.0,,0.0,0.0,,1.0,1.0,0.0,1.0,1.0,0.0,1.0,1.0,0.0,1.0,1.0,1.0,1.0,
Jandira Feghali,1.0,1.0,1.0,0.0,0.0,,0.0,1.0,0.0,1.0,1.0,1.0,,0.0,0.0,0.0,0.0,1.0,,0.0,1.0,0.0,1.0,1.0,0.0,1.0,,1.0,0.0,1.0,1.0,,0.0,,,,1.0,1.0,0.0,1.0,1.0,,,,1.0,1.0,1.0,1.0,1.0,1.0,0.0,1.0,1.0,0.0,0.0,,,0.0,1.0,0.0,1.0,,1.0,0.0,,1.0,1.0,1.0,1.0,1.0,,0.0,,0.0,,0.0,0.0,,0.0,1.0,0.0,1.0,0.0,0.0,0.0,0.0,,1.0,1.0,,,,0.0,0.0,0.0,1.0,,1.0,1.0,1.0,1.0,,,1.0,0.0,0.0,0.0,0.0,0.0,0.0,,,,0.0,0.0,,0.0,1.0,0.0,0.0,,1.0,0.0,,0.0,0.0,0.0,0.0,0.0,0.0,,0.0,0.0,1.0,1.0,0.0,0.0,0.0,0.0,0.0,1.0,0.0,1.0,1.0,,1.0,1.0,1.0,0.0,0.0,1.0,0.0,0.0,0.0,0.0,0.0,0.0,0.0,1.0,0.0,,1.0,0.0,0.0,1.0,0.0,1.0,0.0,1.0,,0.0,0.0,0.0,0.0,0.0,1.0,0.0,0.0,1.0,0.0,0.0,,,0.0,0.0,0.0,0.0,0.0,0.0,0.0,0.0,0.0,0.0,0.0,,1.0,,0.0,1.0,1.0,0.0,1.0,,0.0,1.0,1.0,1.0,1.0,1.0
Janete Capiberibe,,,1.0,1.0,1.0,0.0,,,0.0,,,,0.0,0.0,0.0,0.0,0.0,1.0,0.0,0.0,,0.0,1.0,,,1.0,,,,,1.0,0.0,,,,,,,0.0,1.0,1.0,,1.0,,1.0,1.0,,1.0,1.0,1.0,,,,0.0,,0.0,,0.0,,,,,,,1.0,1.0,1.0,1.0,1.0,1.0,0.0,0.0,1.0,0.0,,,,1.0,0.0,,,,0.0,,0.0,,1.0,,,,,,,0.0,0.0,,,,,,,,,,0.0,,,0.0,,,,0.0,,,,,,1.0,,0.0,,,,1.0,,1.0,,,,0.0,,0.0,,,,,,,0.0,,,,1.0,1.0,,,1.0,,,,,,,0.0,,,,,,,,,,,,,,0.0,1.0,,,,,,,,,,,,,,,,,,,,,,,,,,,,1.0,,,,,,1.0,0.0,1.0,,,,
Jefferson Campos,,,1.0,1.0,1.0,0.0,,1.0,0.0,1.0,1.0,1.0,,0.0,0.0,0.0,,1.0,0.0,0.0,1.0,0.0,1.0,1.0,0.0,,,,,1.0,1.0,,0.0,,0.0,0.0,1.0,,,,1.0,1.0,1.0,1.0,,1.0,,1.0,1.0,1.0,1.0,,,,0.0,0.0,1.0,,1.0,0.0,1.0,0.0,1.0,,1.0,1.0,1.0,,1.0,1.0,1.0,0.0,1.0,,,0.0,,1.0,,,,1.0,,0.0,,0.0,1.0,1.0,,0.0,1.0,1.0,,,,1.0,,1.0,,1.0,,,,1.0,0.0,0.0,,0.0,,,1.0,,,0.0,0.0,1.0,0.0,1.0,,,1.0,0.0,,1.0,,0.0,,,0.0,1.0,0.0,,,,,,,1.0,0.0,,,0.0,1.0,1.0,,,,,,0.0,,0.0,0.0,1.0,0.0,0.0,,,,1.0,,1.0,0.0,,1.0,,1.0,1.0,1.0,,,,,,,,1.0,0.0,1.0,0.0,0.0,,0.0,0.0,1.0,,1.0,0.0,0.0,,0.0,,,0.0,1.0,0.0,1.0,,,1.0,1.0,1.0,1.0,0.0,1.0,1.0,1.0,1.0,1.0
Joaquim Francisco,,1.0,,1.0,1.0,,0.0,,,1.0,1.0,,0.0,,0.0,,,,,,1.0,,,,,1.0,,1.0,0.0,,1.0,0.0,,,,0.0,1.0,1.0,,1.0,1.0,,1.0,,,,1.0,1.0,,,,1.0,,,,,,0.0,,0.0,,,1.0,,1.0,1.0,1.0,,1.0,1.0,1.0,,,,,0.0,0.0,0.0,,1.0,,,0.0,,,,1.0,,1.0,0.0,1.0,,,,0.0,1.0,0.0,1.0,,1.0,,,,1.0,0.0,0.0,0.0,0.0,0.0,0.0,1.0,0.0,0.0,0.0,0.0,1.0,0.0,1.0,0.0,0.0,1.0,1.0,,,,,,,,,,0.0,0.0,1.0,,,0.0,1.0,0.0,1.0,1.0,1.0,1.0,1.0,,1.0,,,,,,,1.0,,,,,1.0,,,,,,1.0,,1.0,0.0,1.0,,,1.0,,,,,,,,,,,,,,,,0.0,,,,1.0,,,0.0,1.0,0.0,1.0,1.0,1.0,1.0,,,1.0,0.0,1.0,1.0,1.0,1.0,
Joel de Hollanda,,,,,,,,,,,,,,,,,,,,,,,,,,,,,,,,,,,,,,,,,,,,,,,,,,,,,,,,,,,,,,,,,,,,,,,,,,,,,,,,,,,,,,,,,,,,,,,,,,,,,,,,,,,,,,,,,,,,,,,,,,,,,,,,,,,,,,1.0,,,,1.0,,,,,,,,,,,,,,,,,,,,,,1.0,,,1.0,,,,,,,,,,,,,,,,,,,,1.0,1.0,,0.0,,1.0,,,1.0,1.0,1.0,0.0,1.0,0.0,,,1.0,1.0,1.0,,,,,,,,
Jonival Lucas Junior,1.0,1.0,1.0,1.0,1.0,0.0,0.0,,,1.0,1.0,1.0,0.0,,0.0,0.0,0.0,1.0,,0.0,1.0,0.0,,1.0,1.0,1.0,,1.0,0.0,1.0,1.0,0.0,,,1.0,,1.0,1.0,,1.0,1.0,0.0,1.0,1.0,,1.0,1.0,1.0,1.0,1.0,0.0,1.0,,,0.0,0.0,1.0,,,0.0,1.0,0.0,1.0,1.0,1.0,1.0,1.0,,1.0,1.0,1.0,0.0,1.0,,1.0,0.0,0.0,1.0,0.0,1.0,0.0,1.0,0.0,,0.0,0.0,1.0,,0.0,,0.0,0.0,0.0,0.0,0.0,,0.0,1.0,1.0,,1.0,0.0,,1.0,0.0,,0.0,0.0,0.0,0.0,,0.0,,,,,,1.0,0.0,0.0,1.0,0.0,,1.0,,0.0,0.0,0.0,,,,,,1.0,,,,,0.0,,,0.0,1.0,1.0,1.0,,1.0,1.0,0.0,0.0,1.0,0.0,0.0,1.0,0.0,,,0.0,1.0,1.0,1.0,1.0,0.0,0.0,,0.0,1.0,0.0,1.0,0.0,0.0,0.0,0.0,0.0,,,0.0,0.0,1.0,0.0,0.0,,0.0,0.0,1.0,0.0,1.0,0.0,,,,0.0,0.0,0.0,1.0,1.0,1.0,0.0,0.0,,1.0,1.0,,0.0,1.0,1.0,,,1.0
Jorge Alberto,1.0,,,1.0,1.0,,,,0.0,1.0,1.0,1.0,0.0,0.0,0.0,0.0,0.0,1.0,0.0,,1.0,,1.0,1.0,0.0,1.0,1.0,1.0,,1.0,,,0.0,1.0,1.0,0.0,1.0,1.0,0.0,1.0,,1.0,1.0,1.0,,1.0,1.0,1.0,1.0,1.0,0.0,,,,,0.0,1.0,,,,1.0,0.0,1.0,1.0,1.0,1.0,1.0,,1.0,1.0,,0.0,,0.0,,,0.0,,0.0,1.0,,1.0,0.0,,0.0,0.0,1.0,1.0,,0.0,0.0,0.0,1.0,0.0,0.0,1.0,0.0,1.0,1.0,1.0,1.0,,0.0,,0.0,0.0,,0.0,,,1.0,0.0,0.0,0.0,0.0,0.0,0.0,1.0,0.0,0.0,1.0,0.0,0.0,1.0,0.0,1.0,0.0,,0.0,0.0,0.0,0.0,0.0,1.0,1.0,0.0,0.0,1.0,0.0,0.0,1.0,0.0,1.0,1.0,1.0,1.0,1.0,1.0,0.0,0.0,1.0,0.0,,0.0,0.0,0.0,0.0,0.0,1.0,,,1.0,0.0,0.0,,0.0,1.0,0.0,1.0,,,,,,,1.0,0.0,,,0.0,,,0.0,0.0,,,,,,,1.0,,,0.0,1.0,0.0,1.0,,,1.0,1.0,,1.0,0.0,1.0,1.0,1.0,1.0,1.0
Jorge Bittar,1.0,1.0,,1.0,1.0,,0.0,1.0,0.0,1.0,1.0,1.0,,0.0,0.0,,0.0,1.0,,0.0,1.0,0.0,,1.0,1.0,,,1.0,0.0,,,,0.0,1.0,1.0,,1.0,1.0,0.0,1.0,1.0,1.0,1.0,1.0,,1.0,1.0,1.0,1.0,1.0,0.0,1.0,1.0,,0.0,0.0,1.0,0.0,1.0,,,,,0.0,0.0,1.0,1.0,1.0,1.0,1.0,1.0,0.0,,0.0,1.0,0.0,,,,,,1.0,,,0.0,,1.0,1.0,0.0,0.0,0.0,0.0,0.0,0.0,0.0,1.0,0.0,1.0,1.0,1.0,1.0,,,,0.0,0.0,0.0,0.0,,0.0,1.0,0.0,0.0,0.0,0.0,1.0,,1.0,0.0,,,0.0,0.0,1.0,0.0,1.0,0.0,0.0,0.0,0.0,,0.0,0.0,1.0,1.0,0.0,0.0,,0.0,0.0,1.0,,,,1.0,,1.0,1.0,0.0,0.0,1.0,0.0,0.0,0.0,0.0,0.0,,0.0,1.0,,,1.0,0.0,0.0,1.0,0.0,1.0,,1.0,,0.0,,,0.0,0.0,1.0,0.0,0.0,1.0,0.0,0.0,0.0,0.0,0.0,0.0,,1.0,0.0,0.0,,,0.0,0.0,0.0,,1.0,,0.0,0.0,1.0,0.0,,1.0,,0.0,0.0,1.0,1.0,1.0
Jorge Boeira,,1.0,,1.0,1.0,0.0,0.0,1.0,0.0,1.0,1.0,1.0,,0.0,0.0,0.0,0.0,1.0,0.0,,,,1.0,1.0,1.0,,,,0.0,1.0,,,,1.0,,0.0,1.0,1.0,0.0,1.0,1.0,1.0,1.0,,,,1.0,1.0,1.0,1.0,0.0,1.0,,,0.0,0.0,1.0,0.0,1.0,0.0,1.0,0.0,1.0,0.0,,,,,,,,,,,,0.0,,,,,,,,0.0,0.0,,1.0,,0.0,0.0,0.0,0.0,0.0,0.0,0.0,1.0,0.0,1.0,1.0,,1.0,0.0,,,0.0,0.0,0.0,,0.0,0.0,1.0,0.0,0.0,0.0,,1.0,0.0,,0.0,0.0,,0.0,0.0,1.0,0.0,1.0,0.0,,0.0,0.0,0.0,0.0,0.0,1.0,,0.0,,1.0,,0.0,1.0,0.0,1.0,,,,1.0,1.0,1.0,0.0,1.0,0.0,,,0.0,0.0,,,,,1.0,1.0,0.0,,,0.0,1.0,0.0,1.0,,0.0,0.0,0.0,,0.0,,,,,,,,,,,,1.0,,,0.0,0.0,,,,,1.0,,,,1.0,0.0,,1.0,0.0,0.0,0.0,1.0,1.0,
Jorge Gomes,1.0,1.0,1.0,,,,,,,,,,,,,,,,,,,,,1.0,1.0,,1.0,1.0,0.0,0.0,1.0,0.0,,1.0,1.0,,1.0,1.0,,,,,,,1.0,,1.0,1.0,1.0,1.0,0.0,1.0,1.0,0.0,0.0,0.0,1.0,0.0,1.0,0.0,1.0,1.0,1.0,0.0,0.0,1.0,1.0,1.0,1.0,,,0.0,1.0,0.0,1.0,0.0,0.0,1.0,0.0,1.0,0.0,1.0,0.0,0.0,0.0,0.0,,1.0,0.0,0.0,0.0,0.0,0.0,0.0,0.0,1.0,0.0,1.0,1.0,1.0,1.0,0.0,0.0,1.0,0.0,0.0,0.0,0.0,0.0,0.0,1.0,,0.0,0.0,0.0,1.0,0.0,1.0,0.0,0.0,,0.0,0.0,1.0,0.0,1.0,0.0,0.0,,,,0.0,0.0,,1.0,0.0,0.0,0.0,0.0,0.0,,0.0,1.0,1.0,,,1.0,1.0,0.0,0.0,1.0,0.0,0.0,0.0,0.0,0.0,0.0,0.0,1.0,1.0,1.0,1.0,0.0,,,0.0,1.0,0.0,1.0,0.0,0.0,0.0,0.0,0.0,0.0,1.0,0.0,0.0,1.0,0.0,0.0,0.0,,,0.0,0.0,1.0,0.0,0.0,0.0,0.0,0.0,0.0,0.0,1.0,0.0,,0.0,0.0,1.0,,1.0,,0.0,1.0,1.0,1.0,1.0,1.0
Jorge Khoury,,,,,,,,,,,,,,,,,,,,,,,,,,,,,0.0,,,,,,,,,,,,,,,,,,,,,,,,,,,,,,,,,,,,,,,,,,,,,,,,,,,,,,,,,,,,,,,,,,,,,,,,,,,,,,,,,,,,,,,,,,,,,,,,,,,,,,,,,1.0,,,,1.0,,,,,,,,,,,,,,,,,,,,,,,,,,,,,,,,,1.0,,,,1.0,,,,,,,,1.0,1.0,,,0.0,1.0,1.0,,1.0,1.0,1.0,0.0,1.0,0.0,,,1.0,,1.0,,,,,,,,
Jorge Pinheiro,1.0,1.0,1.0,,,,,,0.0,1.0,1.0,1.0,,0.0,0.0,0.0,,,0.0,,,,,,,,,,,,1.0,0.0,,1.0,1.0,,1.0,1.0,,,,1.0,,1.0,,,1.0,1.0,1.0,1.0,0.0,1.0,,,,,,,,,,,,,,,,,,,,,,,1.0,,,,,,,,,,,,,1.0,,,,,,,,,,,0.0,,0.0,,0.0,1.0,0.0,0.0,0.0,0.0,0.0,0.0,1.0,,0.0,0.0,0.0,1.0,,1.0,1.0,0.0,,0.0,0.0,1.0,0.0,1.0,0.0,0.0,,0.0,0.0,0.0,0.0,,,0.0,0.0,1.0,0.0,0.0,1.0,0.0,1.0,1.0,1.0,1.0,,,,0.0,1.0,0.0,0.0,1.0,0.0,0.0,0.0,0.0,,1.0,1.0,1.0,0.0,0.0,1.0,,1.0,0.0,1.0,0.0,0.0,0.0,0.0,,0.0,1.0,0.0,0.0,1.0,,,0.0,0.0,,1.0,0.0,1.0,0.0,0.0,0.0,1.0,,0.0,0.0,1.0,1.0,,0.0,0.0,1.0,1.0,1.0,1.0,0.0,1.0,1.0,,,
Jorge VI,,,,,,,,,,,,,,,,,,,,,,,,,,,,,,,,,,,,,,,,,,,,,,,,,,,,,,,,,,,,,,,,,,,,,,,,,,,,,,,,,,,,,,,,,,,,,,,,,,,,,1.0,,,,,,,,,,,,,,,,,,,,,,,1.0,,0.0,,,1.0,,,,,1.0,,,,,,,,0.0,1.0,,,,,,,,,,,,,,,,,,,,,,,,,,,,,,,,,,,,,,,,,,,,,,,,,,,,,,,,,,,,,,,,,,
Josias Gomes,1.0,1.0,1.0,1.0,1.0,0.0,0.0,1.0,,1.0,1.0,1.0,0.0,0.0,,,,1.0,,0.0,1.0,0.0,,1.0,1.0,,1.0,,0.0,,1.0,0.0,0.0,,,,1.0,1.0,0.0,1.0,,1.0,1.0,1.0,1.0,1.0,1.0,1.0,1.0,1.0,1.0,1.0,1.0,0.0,0.0,,1.0,0.0,,0.0,1.0,,1.0,,,,,1.0,1.0,1.0,1.0,,,,,,0.0,1.0,0.0,1.0,0.0,,0.0,0.0,,,1.0,,0.0,0.0,0.0,0.0,0.0,0.0,0.0,1.0,0.0,,1.0,1.0,1.0,0.0,,1.0,0.0,0.0,0.0,0.0,0.0,0.0,1.0,0.0,0.0,0.0,,1.0,,,,,,,,1.0,0.0,1.0,0.0,0.0,0.0,0.0,,0.0,,1.0,,0.0,0.0,0.0,0.0,0.0,1.0,0.0,1.0,0.0,1.0,,1.0,1.0,0.0,0.0,1.0,0.0,,0.0,0.0,0.0,0.0,0.0,,,,1.0,0.0,0.0,1.0,0.0,1.0,0.0,1.0,0.0,1.0,0.0,0.0,0.0,0.0,,0.0,0.0,1.0,0.0,0.0,0.0,,,,,1.0,0.0,,,0.0,,0.0,0.0,,1.0,,,,1.0,,1.0,1.0,,0.0,0.0,1.0,1.0,1.0
Josias Quintal,1.0,1.0,,0.0,,0.0,,,,,,,0.0,0.0,,,0.0,,,,1.0,0.0,1.0,1.0,0.0,1.0,,0.0,,1.0,1.0,0.0,0.0,1.0,1.0,0.0,1.0,1.0,,,1.0,1.0,1.0,,,1.0,1.0,1.0,1.0,1.0,0.0,1.0,,,,,1.0,0.0,,,1.0,0.0,1.0,1.0,1.0,,,,1.0,1.0,,0.0,1.0,0.0,1.0,0.0,,,,1.0,,1.0,,,0.0,0.0,1.0,1.0,0.0,0.0,0.0,0.0,1.0,0.0,0.0,1.0,0.0,1.0,0.0,0.0,0.0,0.0,,0.0,0.0,0.0,,0.0,,,1.0,,0.0,,,,0.0,1.0,0.0,0.0,,,0.0,1.0,,0.0,0.0,0.0,0.0,0.0,,,,1.0,1.0,0.0,0.0,,0.0,0.0,1.0,,1.0,,0.0,,1.0,1.0,0.0,,,,,,0.0,,0.0,0.0,1.0,1.0,1.0,1.0,0.0,,1.0,0.0,,1.0,1.0,0.0,0.0,,0.0,0.0,0.0,0.0,,0.0,,0.0,0.0,0.0,0.0,,0.0,0.0,1.0,0.0,,0.0,,0.0,0.0,0.0,1.0,0.0,1.0,0.0,1.0,1.0,1.0,1.0,,0.0,1.0,1.0,1.0,1.0,
Josué Bengtson,1.0,1.0,,1.0,1.0,,,1.0,0.0,1.0,1.0,1.0,0.0,0.0,0.0,,0.0,1.0,0.0,0.0,1.0,0.0,1.0,1.0,1.0,1.0,1.0,,,1.0,,,0.0,,1.0,,1.0,1.0,,,1.0,1.0,1.0,,,1.0,1.0,1.0,1.0,1.0,0.0,1.0,,,0.0,0.0,1.0,0.0,,0.0,1.0,0.0,1.0,1.0,1.0,1.0,1.0,,1.0,1.0,1.0,0.0,1.0,,1.0,0.0,0.0,,0.0,1.0,,1.0,0.0,0.0,0.0,0.0,1.0,1.0,0.0,0.0,0.0,0.0,0.0,0.0,0.0,1.0,0.0,1.0,,1.0,,0.0,,,0.0,0.0,0.0,,0.0,,1.0,0.0,0.0,0.0,0.0,1.0,0.0,1.0,1.0,0.0,,0.0,,1.0,,1.0,,0.0,0.0,0.0,0.0,,,1.0,1.0,,,1.0,,,,,1.0,1.0,,1.0,1.0,1.0,0.0,0.0,1.0,0.0,0.0,,0.0,0.0,,,,1.0,,1.0,,0.0,,0.0,1.0,,,,,0.0,0.0,0.0,,,,0.0,1.0,,0.0,0.0,0.0,0.0,,,1.0,0.0,0.0,0.0,0.0,,,,1.0,0.0,1.0,0.0,,1.0,1.0,,1.0,0.0,1.0,1.0,1.0,1.0,
José Borba,,,,1.0,1.0,,,,0.0,1.0,1.0,1.0,0.0,,0.0,0.0,,,,0.0,1.0,0.0,,1.0,,1.0,,,,,,0.0,,1.0,,,,,,1.0,1.0,1.0,,1.0,,1.0,,,,,,,,,,0.0,,,,,,,,,,,,,1.0,1.0,1.0,,1.0,,1.0,,,,,,,1.0,,0.0,,,1.0,,0.0,,0.0,,,,,,0.0,,,,,0.0,,,,,,,,,,,,,,1.0,,,,0.0,,,0.0,,,,,0.0,0.0,,,,,,,,,,,,1.0,0.0,,1.0,,,,,0.0,,,,,,,,,,,,,,,,,,,,,,,,,,,,,,,,,,,,,,,,,,,,,,,,,,,,,1.0,,,,,1.0,1.0,1.0
José Carlos Aleluia,1.0,,,0.0,0.0,,,,,0.0,0.0,0.0,,,,,,,,,0.0,,1.0,1.0,,1.0,1.0,1.0,0.0,,1.0,,,1.0,1.0,,1.0,,0.0,1.0,,0.0,,1.0,,1.0,,1.0,1.0,1.0,1.0,1.0,,,,,,,,,,,1.0,1.0,1.0,1.0,1.0,1.0,1.0,,1.0,,,,,,,,,0.0,,,,,,,1.0,1.0,1.0,,1.0,1.0,1.0,,,,,1.0,1.0,,,,1.0,1.0,,,,1.0,1.0,1.0,0.0,,,,,0.0,,0.0,1.0,1.0,1.0,1.0,,0.0,,0.0,1.0,,,1.0,0.0,,,1.0,1.0,,,1.0,,,,1.0,1.0,,,1.0,0.0,0.0,,,,,1.0,1.0,,,,,0.0,1.0,1.0,,1.0,1.0,0.0,,0.0,1.0,0.0,,1.0,,,,,,1.0,,,,,,,1.0,1.0,0.0,0.0,1.0,,,,1.0,1.0,,1.0,0.0,1.0,,1.0,,,1.0,1.0,0.0,1.0,,,1.0,1.0
José Carlos Araújo,1.0,1.0,1.0,1.0,1.0,,,,,0.0,0.0,0.0,1.0,1.0,1.0,1.0,,,,,,,1.0,1.0,1.0,,1.0,1.0,0.0,,1.0,1.0,,1.0,1.0,,1.0,1.0,0.0,1.0,1.0,,,1.0,1.0,1.0,1.0,1.0,1.0,1.0,1.0,1.0,,,,,,,0.0,,,,1.0,1.0,,1.0,1.0,1.0,1.0,,1.0,,,,,,,,,,,0.0,,,,,1.0,1.0,1.0,,1.0,1.0,1.0,,,,,,,0.0,0.0,,,1.0,,,,1.0,,,0.0,,,,,0.0,,0.0,1.0,,,0.0,0.0,1.0,0.0,1.0,,,0.0,0.0,0.0,,0.0,1.0,1.0,0.0,0.0,1.0,0.0,0.0,1.0,,1.0,1.0,,1.0,0.0,1.0,0.0,0.0,1.0,0.0,0.0,1.0,0.0,0.0,,1.0,1.0,1.0,,1.0,0.0,0.0,1.0,0.0,,0.0,1.0,0.0,0.0,0.0,0.0,0.0,,1.0,0.0,0.0,1.0,0.0,0.0,0.0,,0.0,1.0,0.0,1.0,0.0,0.0,0.0,1.0,,0.0,,,1.0,1.0,,0.0,,1.0,0.0,1.0,,1.0,,,1.0,1.0
José Carlos Elias,,,1.0,1.0,1.0,0.0,0.0,1.0,,,,,0.0,,0.0,0.0,,1.0,0.0,0.0,1.0,0.0,1.0,1.0,1.0,1.0,1.0,1.0,,1.0,,0.0,0.0,,,0.0,,,0.0,1.0,,1.0,1.0,1.0,1.0,1.0,,,,,,,1.0,0.0,,0.0,1.0,,,,,0.0,1.0,1.0,,,,1.0,1.0,1.0,1.0,0.0,1.0,0.0,1.0,,,,,,0.0,1.0,,0.0,0.0,0.0,1.0,,0.0,0.0,0.0,0.0,0.0,0.0,0.0,1.0,0.0,1.0,,1.0,,0.0,,,0.0,0.0,0.0,0.0,0.0,0.0,1.0,0.0,0.0,0.0,,,0.0,,,,,,,,,,,,,,,,,,,,,,,,,,,,,,,,,,,,,,,,,,,,,,,,,,,,,,,,,,,,,,,,,,,,,,,,,,,,,,,,1.0,,,,,,1.0,,,,1.0,1.0,1.0
José Carlos Machado,1.0,1.0,1.0,1.0,1.0,,,,,0.0,0.0,0.0,,1.0,1.0,1.0,1.0,,,1.0,,,1.0,1.0,1.0,1.0,,,0.0,,1.0,,,1.0,1.0,,1.0,1.0,0.0,1.0,,,,,,1.0,1.0,1.0,1.0,1.0,1.0,,,,,,,,,,,,1.0,,1.0,1.0,1.0,,1.0,,1.0,,,,,,,,,,,,,,,,1.0,1.0,1.0,,1.0,1.0,1.0,,,,,1.0,,0.0,1.0,,,1.0,,,,1.0,,,0.0,,,,,,,0.0,1.0,,1.0,1.0,,0.0,,,1.0,0.0,,,,,,1.0,,,,1.0,,,,1.0,,1.0,1.0,1.0,,0.0,1.0,,,,1.0,,,,,,0.0,1.0,1.0,1.0,1.0,1.0,0.0,1.0,0.0,1.0,0.0,,1.0,,,,1.0,,,,,,,,1.0,1.0,,0.0,0.0,1.0,,,1.0,1.0,1.0,,1.0,0.0,1.0,1.0,1.0,1.0,1.0,1.0,1.0,0.0,1.0,1.0,1.0,1.0,1.0
José Carlos Martinez,,,,1.0,1.0,0.0,0.0,,,1.0,1.0,1.0,,0.0,,,0.0,1.0,0.0,0.0,1.0,,1.0,,,,,,,,,,,,,,,,0.0,1.0,1.0,,,,,1.0,,,,,,,,,,,,,,,,,,,,,,,,,,,,,,,,,,,,,,,,,,,,,,,,,,,,,,,,,,,,,,,,,,,,,,,,,,,,,,,,,,,,,,,,,,,,,,,,,,,,,,,,,,,,,,,,,,,,,,,,,,,,,,,,,,,,,,,,,,,,,,,,,,,,,,,,,,,,,1.0,,,,,,
José Chaves,1.0,1.0,,1.0,1.0,,0.0,,,,1.0,,,,1.0,,0.0,,0.0,0.0,1.0,0.0,1.0,1.0,1.0,1.0,,1.0,,1.0,1.0,0.0,,1.0,1.0,,1.0,1.0,0.0,1.0,1.0,1.0,1.0,1.0,,,,1.0,1.0,1.0,0.0,,,,0.0,,1.0,,,0.0,,,1.0,1.0,1.0,,1.0,,,,1.0,,,,,0.0,,1.0,0.0,1.0,,,0.0,,0.0,,1.0,1.0,0.0,0.0,0.0,0.0,,0.0,0.0,,,,,1.0,1.0,0.0,0.0,1.0,0.0,0.0,0.0,0.0,,0.0,,0.0,,0.0,0.0,1.0,,1.0,,0.0,,0.0,0.0,1.0,,1.0,,0.0,,0.0,,0.0,,,,,,,,0.0,1.0,1.0,1.0,,1.0,0.0,1.0,,0.0,,,,,0.0,0.0,0.0,0.0,0.0,,1.0,1.0,1.0,0.0,,,,1.0,0.0,,0.0,0.0,,,0.0,,1.0,,0.0,1.0,0.0,,0.0,0.0,0.0,1.0,,1.0,0.0,,,,,0.0,,,,,0.0,,1.0,,,,0.0,1.0,1.0,,,1.0
José Dirceu,,,,,,,,,,,,,,,,,,,,,,,,,,,,,,,,,,,,,,,,,,,,,,,,,,,,,,,,,,,,,,,,,,,,,,,,,,,,,,,,,,,,,,,,,,,,,,,,,,,1.0,,1.0,,,,,,,,,,,,,,,,,,,,,,0.0,,0.0,,0.0,0.0,,0.0,0.0,0.0,0.0,,,0.0,0.0,,0.0,0.0,1.0,0.0,1.0,1.0,,,1.0,1.0,0.0,0.0,1.0,,,0.0,0.0,0.0,0.0,0.0,1.0,,,1.0,,,,,,,,,,,,,,,,,,,,,,,,,,,,,,,,,,,,,,,,,,,,,,,
José Divino,1.0,1.0,,1.0,1.0,0.0,0.0,1.0,,1.0,1.0,1.0,0.0,,,,0.0,,0.0,,1.0,0.0,1.0,1.0,0.0,1.0,1.0,0.0,0.0,1.0,1.0,0.0,0.0,1.0,1.0,0.0,1.0,1.0,0.0,1.0,1.0,1.0,1.0,1.0,1.0,1.0,1.0,1.0,1.0,1.0,0.0,1.0,1.0,0.0,,0.0,1.0,,,,0.0,,1.0,0.0,,,,1.0,1.0,1.0,1.0,0.0,,0.0,1.0,,,,,,1.0,1.0,0.0,0.0,,0.0,1.0,,0.0,,0.0,0.0,1.0,0.0,,,0.0,1.0,1.0,1.0,1.0,0.0,0.0,1.0,0.0,0.0,0.0,0.0,0.0,0.0,,,0.0,,0.0,1.0,0.0,,0.0,0.0,,1.0,0.0,1.0,0.0,1.0,0.0,0.0,0.0,1.0,0.0,,0.0,,1.0,1.0,1.0,1.0,,0.0,1.0,,1.0,1.0,,1.0,1.0,1.0,0.0,0.0,1.0,0.0,0.0,0.0,0.0,0.0,,0.0,1.0,,0.0,1.0,0.0,0.0,1.0,0.0,1.0,,1.0,0.0,0.0,0.0,0.0,,0.0,1.0,0.0,0.0,1.0,0.0,0.0,1.0,0.0,,1.0,1.0,,0.0,0.0,,1.0,,1.0,0.0,1.0,0.0,,1.0,,,1.0,1.0,,0.0,1.0,1.0,1.0,1.0,1.0
José Eduardo Cardozo,1.0,,1.0,1.0,1.0,0.0,0.0,1.0,0.0,1.0,1.0,1.0,0.0,0.0,0.0,0.0,0.0,1.0,0.0,0.0,1.0,0.0,1.0,1.0,0.0,1.0,1.0,1.0,0.0,1.0,,,0.0,1.0,1.0,0.0,1.0,1.0,0.0,1.0,1.0,1.0,1.0,1.0,1.0,,1.0,1.0,1.0,1.0,0.0,1.0,1.0,0.0,0.0,0.0,1.0,0.0,,0.0,1.0,0.0,,0.0,,1.0,1.0,1.0,1.0,1.0,,0.0,,0.0,1.0,0.0,0.0,,0.0,1.0,0.0,1.0,0.0,0.0,0.0,1.0,,1.0,0.0,0.0,0.0,0.0,,,,,,1.0,1.0,1.0,1.0,0.0,0.0,1.0,0.0,0.0,0.0,0.0,0.0,,1.0,0.0,0.0,0.0,0.0,1.0,,1.0,0.0,0.0,1.0,,0.0,1.0,0.0,1.0,,0.0,0.0,0.0,0.0,0.0,0.0,1.0,1.0,0.0,0.0,1.0,0.0,0.0,1.0,0.0,,0.0,,,1.0,1.0,,,1.0,0.0,0.0,0.0,0.0,0.0,0.0,,1.0,,1.0,1.0,0.0,0.0,1.0,0.0,1.0,,1.0,,0.0,,,0.0,0.0,1.0,0.0,0.0,,0.0,0.0,0.0,0.0,0.0,1.0,0.0,1.0,0.0,0.0,0.0,0.0,0.0,0.0,1.0,,1.0,1.0,0.0,0.0,1.0,0.0,1.0,1.0,,0.0,0.0,1.0,0.0,0.0
José Ivo Sartori,,,,0.0,0.0,0.0,,,0.0,1.0,1.0,1.0,0.0,,,0.0,0.0,1.0,,,0.0,,1.0,1.0,0.0,1.0,,,,,,,0.0,,,,,,,1.0,1.0,1.0,1.0,1.0,1.0,,,,,,,,1.0,0.0,0.0,0.0,1.0,,1.0,0.0,1.0,0.0,1.0,,,,,1.0,1.0,1.0,1.0,0.0,1.0,0.0,1.0,0.0,0.0,0.0,0.0,1.0,1.0,0.0,0.0,,,0.0,1.0,,,0.0,1.0,1.0,1.0,,0.0,1.0,0.0,1.0,,1.0,,,,,,,,0.0,0.0,0.0,1.0,,,,,,,,,,,,,,,,,,,,,,,,,,,,,,,,,,,,,,,,,,,,,,,,,,,,,,,,,,,,,,,,,,,,,,,,,,,,,,,,,,,,,,,,,,,,,,,,1.0,1.0,1.0
José Janene,,,,1.0,1.0,,,,,1.0,1.0,1.0,,,0.0,,,,,,1.0,,,,,,,1.0,,,,,,,,,,,0.0,1.0,,,,,,,,,,,,,,0.0,,,,,,,,,,,0.0,,,,,1.0,,0.0,,,,0.0,,,0.0,,,1.0,,,,,1.0,,,,,,,0.0,0.0,,,,,,,0.0,,1.0,0.0,,0.0,,,0.0,,0.0,0.0,0.0,,1.0,0.0,,0.0,0.0,,,0.0,,0.0,,,0.0,0.0,0.0,0.0,0.0,0.0,,,0.0,0.0,,0.0,0.0,1.0,,1.0,,,,,,,,,,,,,,,,,,,,,,,,,,,,,,,,,,,,,,,,,,,,,,,,,,,,,,1.0,,,,,1.0,1.0,,,,,,
José Linhares,1.0,1.0,,1.0,1.0,0.0,0.0,1.0,0.0,1.0,1.0,1.0,0.0,0.0,0.0,0.0,0.0,,,0.0,,0.0,1.0,1.0,1.0,,1.0,1.0,0.0,1.0,,,,,1.0,0.0,1.0,1.0,0.0,1.0,1.0,,1.0,,,1.0,1.0,1.0,1.0,1.0,0.0,1.0,,0.0,,,,,1.0,,,,1.0,0.0,1.0,1.0,1.0,,1.0,1.0,1.0,0.0,1.0,0.0,1.0,,0.0,1.0,0.0,1.0,,1.0,0.0,,0.0,0.0,1.0,1.0,0.0,0.0,0.0,0.0,1.0,0.0,0.0,1.0,0.0,1.0,,1.0,1.0,0.0,0.0,,,,,0.0,0.0,0.0,1.0,0.0,0.0,0.0,0.0,1.0,0.0,1.0,0.0,0.0,1.0,0.0,,1.0,0.0,1.0,0.0,0.0,0.0,0.0,,0.0,0.0,1.0,1.0,0.0,0.0,1.0,0.0,0.0,1.0,,1.0,1.0,1.0,1.0,0.0,1.0,0.0,,,0.0,0.0,0.0,,0.0,,,1.0,1.0,,1.0,0.0,0.0,1.0,0.0,1.0,,1.0,0.0,0.0,0.0,0.0,0.0,0.0,1.0,0.0,0.0,1.0,0.0,0.0,0.0,,0.0,,0.0,1.0,0.0,0.0,0.0,1.0,,0.0,0.0,1.0,0.0,1.0,0.0,1.0,1.0,1.0,,1.0,0.0,1.0,1.0,,,
José Mendonça Bezerra,1.0,1.0,,1.0,1.0,0.0,,,0.0,1.0,1.0,,0.0,0.0,0.0,0.0,0.0,1.0,0.0,0.0,,,,1.0,1.0,,,,,,,,,1.0,1.0,,,1.0,,,,0.0,,1.0,1.0,,1.0,,1.0,1.0,1.0,1.0,1.0,,,,,,,,,,,,1.0,1.0,1.0,,1.0,0.0,,,,,,,,,,,,0.0,,,,1.0,1.0,1.0,,,1.0,,1.0,,,,,,,,1.0,,,,,,,1.0,,,0.0,,,,,0.0,,0.0,1.0,1.0,,1.0,,0.0,,0.0,1.0,0.0,,1.0,,1.0,,,,0.0,,1.0,,1.0,,0.0,0.0,1.0,1.0,1.0,,,,,,,1.0,,,,,1.0,,1.0,,1.0,,1.0,,,0.0,,,,1.0,,,,,,,,,,,,,,,0.0,,,,,1.0,,,0.0,1.0,0.0,1.0,,,1.0,,,,0.0,1.0,1.0,,,1.0
José Mentor,1.0,1.0,1.0,1.0,,0.0,,1.0,0.0,1.0,1.0,1.0,0.0,0.0,,0.0,0.0,,,0.0,1.0,0.0,,1.0,1.0,,,,0.0,1.0,1.0,0.0,0.0,,1.0,,1.0,1.0,0.0,1.0,1.0,,1.0,,,,1.0,1.0,1.0,1.0,0.0,1.0,,0.0,,0.0,1.0,0.0,,,,0.0,1.0,0.0,0.0,1.0,1.0,1.0,1.0,,,,1.0,,1.0,0.0,0.0,1.0,,1.0,0.0,1.0,,0.0,0.0,,1.0,1.0,0.0,0.0,0.0,0.0,,0.0,0.0,1.0,0.0,1.0,,1.0,1.0,0.0,0.0,1.0,,0.0,0.0,,0.0,0.0,1.0,0.0,0.0,0.0,,1.0,0.0,1.0,0.0,0.0,,0.0,0.0,1.0,,,,0.0,,0.0,0.0,0.0,0.0,1.0,1.0,0.0,,1.0,0.0,,,0.0,,0.0,0.0,1.0,,1.0,0.0,0.0,1.0,0.0,,,0.0,,0.0,0.0,1.0,,1.0,1.0,0.0,0.0,1.0,0.0,1.0,0.0,1.0,0.0,1.0,0.0,,,,1.0,0.0,0.0,,0.0,,,0.0,0.0,0.0,,,0.0,0.0,0.0,0.0,,0.0,0.0,,,1.0,0.0,,1.0,0.0,1.0,1.0,,0.0,0.0,1.0,1.0,
José Militão,1.0,1.0,1.0,0.0,0.0,0.0,0.0,1.0,0.0,1.0,1.0,1.0,0.0,,,0.0,0.0,1.0,0.0,0.0,1.0,0.0,,1.0,1.0,1.0,1.0,1.0,,1.0,1.0,,0.0,,1.0,0.0,1.0,1.0,0.0,1.0,1.0,1.0,1.0,1.0,1.0,,1.0,1.0,1.0,1.0,0.0,1.0,1.0,0.0,0.0,0.0,1.0,0.0,,0.0,1.0,0.0,1.0,1.0,1.0,1.0,1.0,1.0,1.0,1.0,1.0,0.0,,,1.0,0.0,,1.0,0.0,0.0,,1.0,0.0,0.0,0.0,0.0,,1.0,0.0,0.0,0.0,0.0,1.0,0.0,0.0,1.0,0.0,1.0,,1.0,0.0,0.0,0.0,1.0,0.0,0.0,0.0,0.0,0.0,,1.0,0.0,0.0,0.0,0.0,1.0,0.0,1.0,1.0,0.0,1.0,0.0,,1.0,,1.0,,,0.0,0.0,0.0,0.0,0.0,1.0,1.0,0.0,0.0,1.0,0.0,1.0,1.0,0.0,1.0,1.0,1.0,,,1.0,0.0,0.0,1.0,0.0,0.0,1.0,0.0,0.0,,,1.0,,1.0,1.0,0.0,0.0,1.0,0.0,1.0,1.0,1.0,0.0,0.0,0.0,0.0,0.0,0.0,1.0,,0.0,1.0,,0.0,,,1.0,1.0,0.0,1.0,0.0,0.0,0.0,0.0,,,0.0,1.0,1.0,1.0,0.0,,,,,1.0,0.0,1.0,1.0,1.0,1.0,1.0
José Múcio Monteiro,1.0,1.0,1.0,1.0,1.0,0.0,0.0,,0.0,1.0,1.0,1.0,0.0,0.0,0.0,0.0,,1.0,0.0,0.0,1.0,,1.0,1.0,1.0,1.0,,1.0,,1.0,1.0,,0.0,,1.0,0.0,1.0,1.0,,1.0,,1.0,1.0,1.0,1.0,,1.0,1.0,1.0,1.0,0.0,,1.0,0.0,0.0,0.0,1.0,,,0.0,,,1.0,1.0,1.0,,1.0,,1.0,,1.0,0.0,,,1.0,0.0,,1.0,,1.0,0.0,1.0,0.0,0.0,0.0,,1.0,1.0,0.0,0.0,0.0,0.0,,0.0,,1.0,,,1.0,1.0,1.0,,0.0,1.0,,0.0,0.0,,0.0,0.0,,,,0.0,0.0,1.0,,,,,1.0,0.0,0.0,1.0,0.0,,,0.0,,0.0,0.0,0.0,0.0,1.0,,0.0,0.0,,0.0,,,1.0,1.0,1.0,1.0,,1.0,,0.0,0.0,1.0,,0.0,,0.0,0.0,,0.0,,1.0,1.0,1.0,0.0,0.0,1.0,,1.0,0.0,1.0,0.0,0.0,0.0,0.0,0.0,0.0,1.0,0.0,0.0,1.0,,,0.0,,,1.0,,1.0,0.0,,,0.0,,0.0,0.0,,1.0,1.0,0.0,0.0,1.0,1.0,1.0,,0.0,1.0,1.0,1.0,1.0,1.0
José Otávio Germano,,,,,,,,,,,,,,,,,,,,,,,,,,,,,,,,,,,,,,,,,,,,,,,,,,,,,,,,,,,,,,,,,,,,,,,,,,,,,,,,,,,,,,,,,,,,,,,,,,,,,,,,,,,,,,,,,,,,,,,,,,,,,,,,,,,,,,1.0,,,,1.0,,,,,,,,,,,,,,,,,,,,,,,,,0.0,,,,,,,,0.0,,,0.0,0.0,,,,,,0.0,0.0,,,,0.0,,,,0.0,1.0,,,0.0,1.0,0.0,,,1.0,1.0,,,,,,,,,
José Pimentel,1.0,1.0,1.0,1.0,1.0,,0.0,,0.0,1.0,1.0,1.0,,0.0,0.0,0.0,,1.0,0.0,,1.0,0.0,1.0,1.0,1.0,,1.0,1.0,0.0,,1.0,0.0,0.0,1.0,1.0,0.0,1.0,1.0,0.0,1.0,1.0,1.0,1.0,1.0,1.0,1.0,1.0,,,,,,1.0,0.0,0.0,0.0,,0.0,1.0,0.0,,0.0,1.0,0.0,0.0,1.0,1.0,1.0,1.0,1.0,1.0,,1.0,,1.0,0.0,0.0,1.0,0.0,1.0,0.0,1.0,,0.0,0.0,0.0,1.0,1.0,0.0,0.0,0.0,0.0,,0.0,0.0,1.0,0.0,1.0,1.0,1.0,1.0,0.0,0.0,1.0,0.0,0.0,0.0,,0.0,,1.0,0.0,,,0.0,1.0,0.0,1.0,0.0,0.0,,0.0,0.0,1.0,0.0,1.0,0.0,0.0,0.0,0.0,0.0,0.0,0.0,1.0,,0.0,0.0,1.0,0.0,0.0,,0.0,,0.0,,1.0,1.0,1.0,0.0,0.0,1.0,,,,0.0,0.0,0.0,0.0,1.0,,,1.0,0.0,0.0,1.0,,1.0,,1.0,0.0,0.0,0.0,0.0,0.0,0.0,1.0,0.0,0.0,1.0,,0.0,,0.0,,0.0,0.0,1.0,0.0,,0.0,0.0,,0.0,,,1.0,1.0,0.0,,1.0,0.0,1.0,1.0,0.0,0.0,0.0,1.0,1.0,1.0
José Priante,,1.0,1.0,1.0,1.0,,,,,1.0,1.0,,,0.0,,,0.0,1.0,,,1.0,0.0,,1.0,0.0,,1.0,0.0,0.0,,,,0.0,,1.0,0.0,1.0,1.0,0.0,1.0,,1.0,1.0,1.0,1.0,1.0,1.0,1.0,1.0,1.0,0.0,1.0,1.0,0.0,0.0,,,0.0,,,1.0,0.0,1.0,0.0,1.0,1.0,1.0,,1.0,1.0,1.0,,1.0,,1.0,0.0,0.0,1.0,,,,,0.0,,,0.0,1.0,,,,0.0,0.0,1.0,0.0,0.0,,0.0,1.0,,,1.0,0.0,0.0,1.0,,,,,,,1.0,0.0,,0.0,,,0.0,1.0,,0.0,,1.0,,1.0,,,0.0,,,,,,0.0,,,0.0,0.0,,0.0,,,,,,1.0,,,,0.0,,1.0,,,,,0.0,,,,1.0,,1.0,,,1.0,,1.0,,1.0,0.0,1.0,0.0,,0.0,0.0,,0.0,,,,,,,0.0,,,,0.0,0.0,0.0,,,,,,0.0,,0.0,0.0,,,1.0,,0.0,1.0,1.0,1.0,1.0,1.0
José Rajão,,,,0.0,0.0,0.0,,,,,,,,,,,,,,,,,1.0,,,,,,,,,,,,,,,,,,,,,,,1.0,,,,,,,,,,,,,,,,,,,,,,,,,,,,,,,,,,,,,,,,,,,1.0,,,,,,,,,,,,,,,,,,,,,,,,,,,,,,,,,,,,,,,,,,,,,,,,,,,,,,,,,,,,,,,,,,,,,,,,,,,,,,,,,,,,,,,,,,,,,,,,,,,,,,,,,,,,,,,,,,,,,,,,
José Roberto Arruda,,,1.0,0.0,0.0,,,,,0.0,0.0,0.0,,1.0,,,1.0,,,,,,1.0,1.0,1.0,1.0,,1.0,0.0,,1.0,,,1.0,1.0,,1.0,1.0,0.0,1.0,1.0,0.0,,1.0,,1.0,1.0,1.0,,,1.0,1.0,,,,,,,,,,,1.0,,1.0,1.0,1.0,,1.0,,,,,,,,,,,,,,,,,,,1.0,1.0,,1.0,,,,,,,,1.0,0.0,1.0,,,,,,,1.0,,,,,,,,,,0.0,1.0,,,1.0,,,,0.0,1.0,,,1.0,0.0,,,1.0,,,,,,1.0,,1.0,1.0,,1.0,1.0,0.0,0.0,,,,,,,,,1.0,,0.0,,1.0,,,,0.0,,0.0,1.0,,,,,,,,,,,,,,,,,,,,,,,,,,,,,,,,,,1.0,1.0,0.0,1.0,1.0,,,1.0
José Rocha,1.0,1.0,1.0,1.0,1.0,,,,,0.0,0.0,0.0,1.0,1.0,1.0,1.0,1.0,,,,0.0,,1.0,1.0,1.0,1.0,1.0,1.0,0.0,,1.0,1.0,,1.0,1.0,,1.0,1.0,0.0,1.0,,0.0,,1.0,1.0,1.0,1.0,1.0,,1.0,1.0,1.0,1.0,,,,,,,,,,1.0,1.0,,,,1.0,,,,,,,,,,1.0,,,,,,,,,1.0,1.0,1.0,,1.0,1.0,,,,,,,,,1.0,,,1.0,,,,,,,,,,,,0.0,,0.0,,1.0,1.0,1.0,,0.0,,0.0,1.0,,,,,,,1.0,1.0,,,,,1.0,,1.0,,1.0,1.0,1.0,0.0,,,,,,1.0,1.0,,,,,0.0,,1.0,,,,0.0,1.0,0.0,1.0,0.0,,1.0,,,,1.0,,,,,,,,1.0,1.0,1.0,,0.0,1.0,1.0,,1.0,1.0,1.0,0.0,1.0,0.0,,1.0,1.0,1.0,1.0,1.0,,0.0,0.0,0.0,,,1.0
José Santana de Vasconcellos,,1.0,,1.0,1.0,0.0,0.0,,0.0,,,,,,,,,,,0.0,1.0,0.0,,1.0,1.0,,1.0,1.0,,1.0,1.0,,0.0,,,0.0,1.0,1.0,0.0,1.0,1.0,,1.0,,,1.0,1.0,1.0,1.0,1.0,0.0,1.0,,0.0,0.0,0.0,1.0,0.0,,0.0,,0.0,1.0,,,1.0,1.0,,1.0,1.0,,0.0,1.0,0.0,,,0.0,,0.0,,,1.0,0.0,0.0,,,1.0,,0.0,,,,1.0,,0.0,1.0,,1.0,,,0.0,,,1.0,,,,,0.0,0.0,,0.0,0.0,0.0,0.0,1.0,,1.0,0.0,0.0,1.0,0.0,0.0,,0.0,1.0,,,0.0,0.0,0.0,,0.0,,1.0,0.0,0.0,1.0,0.0,0.0,1.0,,1.0,1.0,,1.0,,,0.0,0.0,1.0,,,1.0,0.0,0.0,0.0,0.0,1.0,1.0,,,0.0,0.0,1.0,0.0,1.0,,1.0,,,0.0,0.0,0.0,,1.0,0.0,0.0,1.0,0.0,0.0,0.0,,,,0.0,1.0,0.0,0.0,,,,,,1.0,1.0,,,0.0,1.0,1.0,1.0,,0.0,1.0,1.0,,,1.0
José Thomaz Nonô,,1.0,1.0,0.0,0.0,,1.0,0.0,,0.0,0.0,0.0,1.0,1.0,1.0,1.0,1.0,,1.0,,,,1.0,1.0,1.0,1.0,1.0,,,,1.0,1.0,1.0,1.0,,,,,0.0,1.0,1.0,,,,1.0,1.0,0.0,,,,,,1.0,,,,,,0.0,,,,1.0,1.0,1.0,,1.0,1.0,,,1.0,,,,1.0,,,0.0,,,,,,,,1.0,1.0,,1.0,,1.0,1.0,1.0,,,,,1.0,,0.0,,,,0.0,1.0,,,1.0,,,,,,,,0.0,,,,,,,,,,,,,,,,1.0,,,,,,,,,,,,,1.0,,,0.0,1.0,,,,,,,,,,,,1.0,,1.0,,0.0,1.0,,,,,1.0,,,,,,1.0,,,,,,,,,,,,,,,,,,,,1.0,,,,,1.0,1.0,,1.0,1.0,1.0,1.0,1.0
Jovair Arantes,1.0,1.0,1.0,0.0,0.0,,0.0,1.0,0.0,1.0,1.0,1.0,0.0,,,0.0,,1.0,,0.0,,0.0,,,,1.0,1.0,1.0,0.0,,,0.0,0.0,1.0,1.0,,1.0,1.0,0.0,1.0,,1.0,,1.0,,1.0,,1.0,1.0,1.0,0.0,1.0,,1.0,0.0,,,0.0,1.0,0.0,1.0,0.0,,0.0,1.0,1.0,1.0,,1.0,1.0,1.0,0.0,,,1.0,,0.0,,0.0,1.0,,0.0,0.0,0.0,0.0,,1.0,1.0,0.0,0.0,0.0,0.0,,0.0,0.0,,,,1.0,1.0,,0.0,0.0,,,0.0,,0.0,0.0,,1.0,,,0.0,,1.0,0.0,1.0,1.0,,1.0,1.0,0.0,,0.0,0.0,,0.0,0.0,1.0,0.0,0.0,0.0,1.0,1.0,0.0,0.0,1.0,0.0,0.0,1.0,0.0,1.0,1.0,1.0,0.0,1.0,1.0,0.0,0.0,1.0,,1.0,,0.0,0.0,0.0,0.0,,1.0,0.0,1.0,0.0,0.0,1.0,,1.0,0.0,1.0,,,0.0,,0.0,0.0,,,0.0,1.0,,,0.0,0.0,0.0,,,1.0,0.0,,0.0,1.0,,,,,,,,1.0,1.0,1.0,,1.0,0.0,1.0,,1.0,1.0,
Jovino Cândido,,,1.0,0.0,0.0,0.0,,0.0,,0.0,0.0,1.0,1.0,1.0,1.0,1.0,1.0,0.0,,1.0,1.0,0.0,1.0,0.0,1.0,,,,,,1.0,1.0,,0.0,1.0,1.0,1.0,1.0,0.0,1.0,0.0,1.0,0.0,1.0,,1.0,1.0,1.0,0.0,0.0,1.0,0.0,1.0,,,,,,,,,1.0,1.0,1.0,1.0,1.0,1.0,1.0,,1.0,0.0,,,,,1.0,1.0,,,,1.0,,1.0,,,1.0,1.0,,1.0,,1.0,1.0,1.0,1.0,1.0,0.0,1.0,1.0,1.0,0.0,1.0,,,1.0,,0.0,0.0,,,1.0,1.0,,,,,,,,1.0,1.0,,0.0,1.0,0.0,,0.0,1.0,0.0,0.0,1.0,1.0,1.0,1.0,1.0,,,,,,1.0,0.0,0.0,,,,1.0,,,1.0,,,1.0,1.0,,,,1.0,1.0,,1.0,0.0,1.0,1.0,1.0,,,0.0,,0.0,,,,,0.0,1.0,,,,,,0.0,0.0,0.0,1.0,1.0,,0.0,,,0.0,1.0,,1.0,,1.0,0.0,1.0,,,1.0,0.0,1.0,1.0,0.0,0.0,0.0,1.0,1.0,
João Alfredo,1.0,1.0,,,,0.0,0.0,1.0,0.0,1.0,1.0,1.0,0.0,0.0,0.0,0.0,0.0,1.0,0.0,0.0,1.0,0.0,1.0,1.0,1.0,1.0,0.0,1.0,,1.0,,,0.0,0.0,0.0,0.0,0.0,0.0,,,1.0,,1.0,1.0,,1.0,1.0,1.0,1.0,1.0,1.0,1.0,,0.0,0.0,,1.0,0.0,,,1.0,0.0,1.0,,1.0,1.0,1.0,,1.0,,0.0,0.0,1.0,,1.0,0.0,,,,,,1.0,0.0,0.0,0.0,0.0,1.0,1.0,1.0,,1.0,,0.0,0.0,0.0,1.0,0.0,,1.0,,1.0,0.0,,,0.0,0.0,,,,,,0.0,0.0,0.0,0.0,0.0,0.0,,0.0,0.0,1.0,1.0,0.0,1.0,,0.0,,0.0,0.0,1.0,0.0,0.0,0.0,1.0,,0.0,,0.0,0.0,,,0.0,1.0,1.0,1.0,1.0,1.0,,0.0,,,,1.0,,,,0.0,,1.0,0.0,0.0,,0.0,,1.0,0.0,0.0,,,0.0,0.0,0.0,0.0,0.0,1.0,0.0,1.0,0.0,1.0,0.0,0.0,0.0,,,0.0,0.0,0.0,0.0,1.0,0.0,0.0,0.0,1.0,0.0,1.0,0.0,1.0,1.0,,,0.0,,,0.0,1.0,1.0,,,
João Almeida,1.0,1.0,1.0,1.0,1.0,0.0,0.0,1.0,0.0,0.0,0.0,0.0,1.0,1.0,1.0,1.0,,0.0,1.0,0.0,,0.0,1.0,,,1.0,1.0,1.0,,,1.0,1.0,,1.0,,,1.0,1.0,0.0,1.0,1.0,0.0,,1.0,1.0,1.0,1.0,1.0,1.0,1.0,0.0,1.0,,,,,,,0.0,,,,1.0,0.0,1.0,1.0,1.0,,1.0,,,,,,,,,,,,,0.0,,,1.0,,,1.0,1.0,,1.0,1.0,1.0,,,,,,1.0,,1.0,,0.0,1.0,,,,,,,,,,,,0.0,,0.0,1.0,1.0,1.0,0.0,,0.0,,,0.0,0.0,,1.0,0.0,,,1.0,1.0,,,1.0,,,,0.0,0.0,1.0,0.0,1.0,0.0,0.0,,,,,,1.0,,,0.0,1.0,0.0,1.0,0.0,1.0,,,1.0,1.0,1.0,1.0,0.0,,1.0,1.0,,,,,,,,0.0,,,1.0,1.0,1.0,,0.0,0.0,1.0,,1.0,,,,,,1.0,1.0,1.0,1.0,1.0,1.0,1.0,,,0.0,,,
João Batista,1.0,1.0,1.0,0.0,0.0,,,,,0.0,,0.0,1.0,1.0,1.0,1.0,1.0,,,1.0,,,1.0,1.0,0.0,1.0,1.0,1.0,0.0,,1.0,1.0,,1.0,1.0,,1.0,1.0,0.0,1.0,1.0,0.0,,1.0,,1.0,1.0,1.0,1.0,1.0,1.0,1.0,1.0,,,,,,0.0,,,,1.0,1.0,1.0,1.0,1.0,1.0,1.0,,,,,,,,,,,,,,,,,,1.0,,1.0,,1.0,1.0,1.0,,,,,1.0,0.0,0.0,1.0,,,1.0,,,,1.0,,,0.0,,,,,0.0,,0.0,,1.0,,1.0,,0.0,,,1.0,0.0,,1.0,0.0,1.0,,1.0,,,,,,1.0,,0.0,1.0,1.0,0.0,1.0,0.0,1.0,0.0,0.0,1.0,,,0.0,0.0,0.0,,0.0,1.0,1.0,0.0,1.0,0.0,,1.0,0.0,1.0,,1.0,0.0,0.0,0.0,0.0,0.0,0.0,1.0,0.0,0.0,1.0,0.0,,0.0,,0.0,1.0,0.0,1.0,0.0,0.0,,1.0,0.0,0.0,0.0,1.0,0.0,1.0,0.0,1.0,1.0,,1.0,,0.0,1.0,0.0,1.0,1.0,1.0
João Caldas,1.0,,1.0,1.0,1.0,0.0,,,,1.0,1.0,1.0,,0.0,0.0,,0.0,1.0,,,,0.0,1.0,,,1.0,,,0.0,,,0.0,,,,,1.0,1.0,,1.0,1.0,,1.0,,,1.0,,,,,,,1.0,,,0.0,,,,0.0,,0.0,1.0,,,,,,1.0,,,,,,1.0,,,,,1.0,0.0,,0.0,0.0,,,1.0,1.0,0.0,0.0,0.0,0.0,,,0.0,,,,,1.0,,,,,0.0,0.0,,,,,,,,0.0,0.0,1.0,,,0.0,,,,,,,1.0,,0.0,,,,,0.0,,,,0.0,,,0.0,1.0,0.0,1.0,,,,,,,,,,,,,,,0.0,,1.0,1.0,,0.0,0.0,,,,,,,0.0,,,,,,,,,0.0,,,,,,,,,,,,,,,,1.0,1.0,,,1.0,,1.0,,,,1.0,,,
João Campos,1.0,1.0,1.0,0.0,0.0,,,0.0,,0.0,0.0,,,,1.0,,1.0,,1.0,,,,1.0,1.0,1.0,1.0,1.0,0.0,0.0,,1.0,1.0,,0.0,,,1.0,1.0,0.0,1.0,1.0,0.0,0.0,1.0,,1.0,1.0,1.0,1.0,1.0,0.0,1.0,,,,,,,0.0,,,,1.0,1.0,1.0,1.0,1.0,,,,,,,,,,,,,,,0.0,,,,1.0,1.0,1.0,1.0,,1.0,1.0,1.0,,,,,,,0.0,,,,1.0,,,,,,,,,,,,0.0,,,1.0,,,,,0.0,,0.0,0.0,0.0,,1.0,0.0,,,1.0,,,,1.0,,,0.0,0.0,,1.0,0.0,,0.0,,1.0,,,,1.0,1.0,,,,1.0,,,0.0,1.0,1.0,,1.0,,1.0,,0.0,,,1.0,,,,,,,,,,,,1.0,,1.0,0.0,0.0,1.0,,1.0,1.0,1.0,,1.0,0.0,1.0,1.0,1.0,1.0,1.0,1.0,1.0,,,0.0,1.0,1.0,1.0
João Carlos Bacelar,1.0,,,1.0,1.0,,,,,0.0,0.0,0.0,,,,,,,,1.0,,,,,1.0,,,,,,1.0,1.0,,1.0,1.0,,1.0,,0.0,1.0,1.0,,,1.0,,1.0,,1.0,1.0,1.0,0.0,,,,,,,,1.0,,,,,1.0,1.0,,1.0,,,1.0,,0.0,1.0,0.0,,,,1.0,,,,1.0,0.0,,,,1.0,,1.0,,1.0,1.0,,,,,,,,1.0,,,,1.0,,,,1.0,,,,,,,,0.0,,,,,,,,,,,,,,0.0,0.0,,,,,,,,,,,,,,1.0,1.0,,1.0,0.0,0.0,1.0,,,,,,,0.0,,,1.0,1.0,0.0,0.0,,,1.0,,,,,0.0,0.0,,,,,,,,,,,,,,,,,,,,,,,,,,,,,1.0,,1.0,0.0,0.0,1.0,1.0,1.0
João Castelo,1.0,1.0,1.0,0.0,0.0,,0.0,1.0,0.0,0.0,0.0,0.0,1.0,1.0,,,,,,,,,1.0,1.0,1.0,,,,0.0,,1.0,1.0,,1.0,1.0,,1.0,1.0,,,,,,1.0,,1.0,1.0,1.0,1.0,1.0,0.0,1.0,,,,,,1.0,,,,,1.0,0.0,1.0,1.0,1.0,,,,,,,,,,,,,,,0.0,,,,1.0,1.0,1.0,1.0,,,,,,,,,,1.0,0.0,1.0,,,,,,,,,,,,,,,,,0.0,1.0,1.0,,0.0,,,,0.0,1.0,0.0,,,,,,,1.0,,,,,,,,,,,1.0,,0.0,1.0,,,,,1.0,,,,1.0,0.0,1.0,0.0,,1.0,1.0,1.0,1.0,1.0,1.0,0.0,,1.0,1.0,,,1.0,0.0,,,,,,,1.0,1.0,1.0,,,0.0,1.0,,,1.0,1.0,,1.0,0.0,,,,,1.0,,,,1.0,1.0,1.0,1.0,1.0
João Correia,1.0,,1.0,0.0,0.0,0.0,,1.0,,,,,0.0,1.0,0.0,0.0,1.0,1.0,0.0,0.0,,,1.0,1.0,0.0,1.0,,0.0,0.0,,1.0,0.0,0.0,1.0,1.0,,1.0,,,0.0,0.0,1.0,1.0,1.0,,1.0,,1.0,1.0,1.0,0.0,,,,,0.0,1.0,0.0,,0.0,1.0,0.0,,0.0,1.0,1.0,1.0,,1.0,,1.0,,,,,0.0,,,,,,,,,,,,1.0,1.0,,1.0,1.0,,,,,,,1.0,,1.0,,,,,,,0.0,0.0,,1.0,,0.0,,,0.0,,1.0,1.0,0.0,1.0,1.0,1.0,1.0,1.0,,0.0,0.0,0.0,1.0,1.0,,0.0,1.0,,0.0,,1.0,,,0.0,0.0,,1.0,,1.0,1.0,,0.0,0.0,1.0,0.0,,1.0,1.0,,,0.0,1.0,1.0,0.0,1.0,1.0,0.0,,0.0,1.0,,1.0,0.0,1.0,0.0,,,,,,0.0,1.0,0.0,0.0,0.0,,1.0,0.0,0.0,,1.0,,0.0,0.0,0.0,1.0,,1.0,0.0,,1.0,1.0,1.0,1.0,,1.0,0.0,1.0,1.0,,,1.0
João Dado,,,,,,,,,,,,,,,,,,,,,,,,,,,,,,,,,,,,,,,,,,,,,,,,,,,,,,,,,,,,,,,,,,,,,,,,,,,,,,,,,,,,,,,,,,,,,,,,,,,,,,,,,,,,,,,,,,,,,,,,,,,,,,,,,,,,,,,,,,,,,,,,,,,,,,,,,,,,,,,,,,,,,,,,,,,,,,,,,,,,,,,,,,,,,,,,,,,,,,,,,1.0,,,,,,,,
João Fontes,1.0,,1.0,0.0,0.0,1.0,1.0,0.0,1.0,0.0,0.0,1.0,0.0,1.0,,1.0,1.0,0.0,1.0,1.0,0.0,1.0,1.0,1.0,0.0,0.0,,1.0,,,1.0,1.0,,1.0,0.0,0.0,0.0,0.0,0.0,1.0,1.0,1.0,0.0,1.0,1.0,1.0,1.0,1.0,1.0,1.0,0.0,1.0,1.0,1.0,,,,,,0.0,,,1.0,0.0,1.0,1.0,1.0,1.0,1.0,,,0.0,,0.0,,0.0,,0.0,0.0,0.0,0.0,1.0,,,,1.0,1.0,1.0,1.0,0.0,1.0,1.0,,0.0,,,,1.0,1.0,0.0,1.0,,,1.0,0.0,0.0,0.0,1.0,0.0,0.0,1.0,0.0,0.0,0.0,0.0,0.0,0.0,0.0,0.0,0.0,1.0,1.0,,1.0,,0.0,,0.0,0.0,1.0,1.0,,,1.0,,,,,,,,0.0,0.0,1.0,1.0,1.0,,1.0,0.0,1.0,,,1.0,1.0,,,,1.0,,,0.0,1.0,0.0,1.0,1.0,1.0,0.0,1.0,1.0,,,0.0,0.0,0.0,1.0,0.0,1.0,,,0.0,0.0,0.0,,,,0.0,0.0,1.0,1.0,0.0,1.0,0.0,1.0,0.0,1.0,0.0,1.0,1.0,,1.0,0.0,1.0,,0.0,1.0,1.0,1.0,1.0,1.0
João Grandão,1.0,1.0,0.0,1.0,1.0,,,,,1.0,,1.0,,,,,0.0,1.0,0.0,,1.0,,1.0,1.0,1.0,1.0,1.0,1.0,,1.0,1.0,0.0,0.0,,,,1.0,,0.0,1.0,1.0,1.0,,1.0,1.0,1.0,1.0,1.0,1.0,1.0,0.0,1.0,1.0,,,0.0,1.0,0.0,1.0,0.0,1.0,0.0,1.0,,1.0,1.0,1.0,1.0,,1.0,0.0,0.0,,,,0.0,0.0,,,1.0,0.0,1.0,,0.0,0.0,,1.0,,0.0,,0.0,0.0,0.0,0.0,,1.0,0.0,1.0,1.0,1.0,1.0,0.0,,1.0,0.0,,0.0,,0.0,,1.0,0.0,0.0,0.0,0.0,0.0,,,0.0,0.0,,0.0,0.0,1.0,0.0,1.0,,0.0,0.0,0.0,0.0,,0.0,1.0,1.0,0.0,0.0,,0.0,0.0,1.0,,1.0,,1.0,1.0,1.0,1.0,0.0,0.0,1.0,0.0,,,0.0,0.0,,0.0,1.0,,,,0.0,,1.0,,1.0,0.0,1.0,,0.0,0.0,0.0,,0.0,1.0,0.0,0.0,1.0,0.0,0.0,0.0,0.0,0.0,0.0,,1.0,,,0.0,,,0.0,0.0,,1.0,1.0,0.0,0.0,1.0,0.0,1.0,,0.0,0.0,0.0,1.0,1.0,1.0
João Herrmann Neto,1.0,,,1.0,,,,,,,,,,,,,,,,,,,,,,,,,,,,,0.0,,,,1.0,,0.0,1.0,,,1.0,,1.0,,1.0,1.0,1.0,,0.0,1.0,1.0,,,,,,,,,,,,,,,,,,,,,,,0.0,0.0,1.0,,1.0,,,0.0,,,,,,0.0,,0.0,0.0,,,,,,,,1.0,,,,,0.0,,,0.0,,,,,0.0,,,,,,,,,1.0,,,,,0.0,,,1.0,,,0.0,,,,,0.0,,,,0.0,0.0,1.0,,,1.0,1.0,,,,,1.0,,,,0.0,1.0,,1.0,0.0,,0.0,,1.0,1.0,0.0,1.0,,,,0.0,0.0,0.0,,,1.0,,,,0.0,0.0,,,,,,1.0,,0.0,1.0,0.0,1.0,,,0.0,,,,,1.0,,,,1.0,1.0,,1.0,
João Leão,1.0,1.0,1.0,1.0,1.0,0.0,0.0,1.0,0.0,1.0,1.0,1.0,0.0,0.0,0.0,0.0,,1.0,0.0,0.0,1.0,,1.0,1.0,,1.0,1.0,1.0,,1.0,1.0,,0.0,1.0,1.0,,1.0,1.0,0.0,1.0,,1.0,1.0,1.0,1.0,1.0,0.0,1.0,1.0,1.0,0.0,1.0,1.0,0.0,0.0,0.0,1.0,0.0,,0.0,1.0,0.0,1.0,0.0,0.0,1.0,1.0,,1.0,1.0,1.0,0.0,,0.0,1.0,0.0,0.0,1.0,0.0,,0.0,,0.0,0.0,0.0,,1.0,1.0,0.0,0.0,0.0,0.0,0.0,0.0,0.0,1.0,0.0,1.0,1.0,1.0,1.0,,,1.0,,0.0,0.0,0.0,0.0,0.0,1.0,0.0,,0.0,0.0,1.0,0.0,1.0,1.0,0.0,1.0,0.0,0.0,,0.0,1.0,0.0,,,,,0.0,0.0,1.0,,0.0,0.0,0.0,0.0,0.0,1.0,0.0,1.0,1.0,1.0,1.0,0.0,1.0,,,,,,,0.0,,0.0,0.0,1.0,1.0,1.0,,0.0,,1.0,,1.0,1.0,1.0,,0.0,0.0,0.0,0.0,0.0,1.0,0.0,0.0,1.0,0.0,0.0,0.0,,0.0,0.0,,,0.0,,0.0,1.0,0.0,0.0,1.0,,,1.0,0.0,,1.0,,1.0,1.0,0.0,1.0,1.0,,,1.0
João Lyra,1.0,1.0,1.0,,1.0,,,,,,,,,,,,,,,,,,,,,,1.0,1.0,0.0,,1.0,0.0,,1.0,,,1.0,1.0,0.0,1.0,,,1.0,,,,1.0,1.0,1.0,1.0,0.0,,,,,,,,,,,,1.0,1.0,1.0,1.0,1.0,,,,,,,,,,,,,,,,,,,,1.0,1.0,,,,,0.0,,0.0,1.0,0.0,,,,,,,1.0,,,0.0,0.0,,0.0,,0.0,0.0,0.0,0.0,1.0,0.0,1.0,0.0,,1.0,0.0,0.0,1.0,,1.0,,,,,,0.0,0.0,1.0,1.0,0.0,0.0,1.0,,0.0,1.0,,,,1.0,1.0,,1.0,0.0,0.0,1.0,0.0,0.0,,,0.0,,,1.0,,,,,0.0,1.0,0.0,1.0,0.0,,,,,,0.0,0.0,,0.0,,,,0.0,,,,,,,,,,,,,,,,1.0,0.0,,,1.0,1.0,1.0,0.0,1.0,,,,
João Magalhães,1.0,,1.0,1.0,1.0,1.0,0.0,1.0,,1.0,1.0,1.0,,,,0.0,0.0,1.0,0.0,,1.0,0.0,1.0,1.0,,,,0.0,0.0,1.0,1.0,,0.0,,,,1.0,1.0,0.0,1.0,1.0,1.0,1.0,1.0,,1.0,1.0,1.0,1.0,,0.0,1.0,1.0,,,,1.0,0.0,1.0,,,0.0,1.0,1.0,,,,1.0,1.0,1.0,,,,,1.0,0.0,,,,,1.0,1.0,,0.0,,,,1.0,0.0,0.0,1.0,1.0,,,,,,1.0,,,,0.0,,1.0,,,,0.0,,,,0.0,0.0,1.0,0.0,1.0,0.0,0.0,,0.0,,1.0,0.0,,0.0,1.0,,,0.0,0.0,,0.0,0.0,1.0,,1.0,0.0,1.0,0.0,0.0,1.0,,1.0,,0.0,1.0,1.0,1.0,0.0,0.0,1.0,,,0.0,,0.0,0.0,0.0,1.0,1.0,,1.0,0.0,,1.0,0.0,1.0,0.0,1.0,,1.0,0.0,0.0,0.0,0.0,1.0,0.0,0.0,1.0,,0.0,0.0,,,,0.0,,0.0,0.0,0.0,1.0,0.0,0.0,,,1.0,,0.0,,,0.0,,1.0,0.0,1.0,1.0,1.0,1.0,1.0
João Magno,1.0,1.0,1.0,1.0,1.0,0.0,0.0,1.0,0.0,1.0,1.0,1.0,0.0,0.0,,0.0,0.0,1.0,0.0,,1.0,0.0,1.0,1.0,1.0,1.0,1.0,1.0,0.0,,1.0,0.0,,1.0,1.0,0.0,1.0,1.0,0.0,1.0,1.0,1.0,,1.0,1.0,1.0,1.0,1.0,1.0,1.0,0.0,1.0,,,0.0,,,,1.0,0.0,,,1.0,0.0,,,,1.0,1.0,1.0,1.0,,,,1.0,0.0,0.0,1.0,0.0,1.0,0.0,,0.0,0.0,0.0,0.0,,1.0,0.0,0.0,0.0,,0.0,0.0,0.0,1.0,0.0,1.0,1.0,1.0,1.0,,0.0,,0.0,0.0,0.0,0.0,0.0,0.0,1.0,,,,,,,1.0,0.0,0.0,1.0,0.0,0.0,1.0,0.0,1.0,0.0,0.0,0.0,0.0,,0.0,0.0,1.0,1.0,0.0,0.0,0.0,0.0,0.0,1.0,0.0,1.0,1.0,1.0,1.0,1.0,1.0,,0.0,1.0,,0.0,0.0,0.0,0.0,,,1.0,,1.0,1.0,0.0,0.0,1.0,0.0,1.0,0.0,1.0,0.0,0.0,0.0,0.0,0.0,0.0,1.0,,0.0,,0.0,0.0,0.0,,0.0,0.0,0.0,1.0,,,0.0,0.0,0.0,0.0,0.0,,1.0,1.0,0.0,0.0,1.0,0.0,1.0,1.0,0.0,0.0,0.0,1.0,1.0,1.0
João Matos,,,1.0,1.0,1.0,0.0,0.0,1.0,0.0,1.0,1.0,1.0,0.0,0.0,0.0,0.0,0.0,1.0,0.0,0.0,,0.0,1.0,1.0,1.0,1.0,,,0.0,1.0,1.0,0.0,0.0,,,0.0,,,,1.0,,,1.0,1.0,1.0,1.0,,,,,,,1.0,0.0,0.0,0.0,1.0,0.0,1.0,0.0,1.0,0.0,1.0,,,,,1.0,1.0,,1.0,0.0,,0.0,,0.0,0.0,1.0,0.0,1.0,0.0,1.0,,0.0,,,1.0,,0.0,0.0,1.0,1.0,0.0,0.0,,1.0,0.0,0.0,,0.0,,0.0,0.0,1.0,0.0,0.0,,0.0,0.0,0.0,1.0,0.0,0.0,0.0,0.0,1.0,0.0,1.0,,,,,,,,,,,,,,,,1.0,,,,1.0,,,,,,,,,,,,,,,,,,,,,,,,,,,,,,,,0.0,1.0,,,,0.0,,,,,,,0.0,0.0,0.0,1.0,,1.0,0.0,0.0,0.0,0.0,,,,1.0,1.0,1.0,0.0,0.0,1.0,1.0,1.0,1.0,,,,1.0,1.0,
João Mendes de Jesus,1.0,1.0,1.0,1.0,1.0,0.0,,1.0,0.0,1.0,1.0,1.0,,,,0.0,0.0,1.0,0.0,,1.0,0.0,1.0,1.0,1.0,1.0,1.0,1.0,,1.0,,,0.0,1.0,1.0,0.0,1.0,1.0,0.0,,,1.0,1.0,,,1.0,1.0,1.0,1.0,1.0,0.0,1.0,1.0,0.0,0.0,0.0,1.0,0.0,1.0,0.0,1.0,,1.0,0.0,0.0,1.0,1.0,1.0,1.0,1.0,,0.0,,,,0.0,0.0,1.0,0.0,1.0,0.0,1.0,0.0,,0.0,0.0,1.0,1.0,0.0,0.0,0.0,0.0,0.0,,,1.0,0.0,1.0,1.0,1.0,1.0,,0.0,1.0,0.0,0.0,0.0,0.0,,0.0,1.0,0.0,0.0,0.0,0.0,1.0,0.0,1.0,,0.0,1.0,0.0,0.0,1.0,0.0,,0.0,0.0,0.0,0.0,0.0,0.0,0.0,1.0,1.0,0.0,0.0,0.0,0.0,0.0,1.0,0.0,1.0,1.0,,0.0,1.0,,0.0,0.0,1.0,0.0,0.0,0.0,0.0,0.0,0.0,0.0,1.0,1.0,1.0,,0.0,0.0,,0.0,1.0,0.0,1.0,0.0,0.0,0.0,,0.0,0.0,1.0,0.0,0.0,1.0,0.0,0.0,0.0,0.0,0.0,0.0,0.0,1.0,,,0.0,0.0,,0.0,1.0,,1.0,1.0,0.0,,,1.0,1.0,1.0,0.0,1.0,1.0,,,1.0
João Paulo Cunha,1.0,1.0,,,,,,,,,,,,,,,,,,,,,,,,,,,0.0,,,,,,1.0,,1.0,1.0,,,,,,,,,1.0,1.0,1.0,1.0,0.0,1.0,,,,,,,,,,,,,0.0,1.0,1.0,,,,,,,,,,,,,,,,,,,,,1.0,,,,,,,,,,,1.0,,,,,,,,,,,,,,,,,,,,,0.0,,0.0,0.0,1.0,0.0,1.0,0.0,,0.0,0.0,,0.0,0.0,1.0,,,,,0.0,,1.0,,1.0,,1.0,1.0,1.0,1.0,0.0,,1.0,0.0,0.0,,0.0,0.0,0.0,0.0,1.0,,1.0,1.0,0.0,,,,1.0,0.0,1.0,0.0,0.0,0.0,0.0,0.0,,1.0,,0.0,,0.0,,,,0.0,,,,0.0,,,,,0.0,,,1.0,,0.0,0.0,1.0,0.0,,,0.0,0.0,0.0,,,
João Paulo Gomes da Silva,1.0,1.0,1.0,1.0,1.0,0.0,0.0,1.0,0.0,1.0,1.0,1.0,0.0,0.0,0.0,0.0,0.0,1.0,,0.0,1.0,0.0,1.0,1.0,0.0,1.0,1.0,1.0,,1.0,1.0,0.0,0.0,1.0,1.0,,1.0,1.0,0.0,1.0,1.0,1.0,1.0,1.0,1.0,1.0,1.0,1.0,1.0,1.0,0.0,1.0,,0.0,0.0,0.0,1.0,0.0,0.0,0.0,1.0,0.0,1.0,0.0,1.0,1.0,1.0,1.0,,1.0,1.0,0.0,1.0,0.0,,0.0,0.0,1.0,0.0,1.0,0.0,1.0,0.0,,0.0,0.0,1.0,1.0,0.0,0.0,0.0,0.0,0.0,0.0,,1.0,0.0,1.0,1.0,1.0,1.0,,0.0,1.0,0.0,0.0,0.0,0.0,0.0,0.0,1.0,0.0,0.0,0.0,0.0,1.0,0.0,1.0,1.0,0.0,1.0,0.0,0.0,1.0,0.0,1.0,0.0,0.0,0.0,0.0,0.0,0.0,0.0,1.0,1.0,0.0,0.0,1.0,0.0,0.0,1.0,0.0,1.0,,1.0,0.0,1.0,1.0,0.0,0.0,1.0,0.0,,,0.0,0.0,0.0,0.0,1.0,1.0,1.0,1.0,0.0,0.0,1.0,0.0,,0.0,1.0,0.0,0.0,0.0,0.0,0.0,0.0,1.0,0.0,0.0,1.0,0.0,0.0,0.0,0.0,,0.0,0.0,1.0,0.0,,0.0,1.0,,0.0,1.0,1.0,1.0,,0.0,0.0,1.0,1.0,1.0,1.0,,1.0,1.0,,,1.0
João Pizzolatti,1.0,1.0,1.0,1.0,1.0,,,1.0,,1.0,1.0,1.0,0.0,0.0,,0.0,,,,0.0,,0.0,,0.0,1.0,,,,,,,,0.0,1.0,1.0,0.0,1.0,1.0,,1.0,,1.0,,,1.0,1.0,,1.0,1.0,,0.0,,,0.0,,,,,,,,,1.0,0.0,1.0,,1.0,1.0,,1.0,1.0,0.0,,0.0,,,,,0.0,1.0,,1.0,,0.0,0.0,0.0,1.0,,0.0,,0.0,0.0,,0.0,0.0,,0.0,,,,0.0,,0.0,1.0,0.0,,0.0,,,,,0.0,0.0,0.0,,1.0,,1.0,,,1.0,1.0,0.0,,0.0,1.0,0.0,0.0,0.0,0.0,0.0,0.0,0.0,,1.0,0.0,0.0,,0.0,0.0,1.0,1.0,1.0,1.0,1.0,,0.0,,,0.0,1.0,,0.0,0.0,0.0,0.0,,0.0,1.0,,0.0,0.0,,,1.0,0.0,,,1.0,,,0.0,0.0,0.0,0.0,1.0,0.0,,,,0.0,0.0,0.0,,,,,,,0.0,0.0,,0.0,0.0,,1.0,,0.0,,,,1.0,1.0,,,0.0,,,1.0
João Tota,1.0,1.0,,1.0,1.0,,0.0,1.0,,1.0,1.0,1.0,0.0,0.0,0.0,0.0,0.0,1.0,,0.0,,0.0,1.0,1.0,0.0,1.0,1.0,1.0,0.0,1.0,,,0.0,,,0.0,1.0,1.0,,,,1.0,1.0,,1.0,1.0,1.0,1.0,1.0,1.0,0.0,1.0,1.0,0.0,,,1.0,0.0,,,1.0,0.0,1.0,0.0,,,,,1.0,1.0,1.0,0.0,1.0,0.0,1.0,,,,,,0.0,1.0,,0.0,,0.0,1.0,1.0,0.0,0.0,0.0,0.0,0.0,,,1.0,0.0,,,,,0.0,0.0,,,,,0.0,0.0,0.0,1.0,0.0,0.0,0.0,0.0,1.0,0.0,,,,,0.0,0.0,1.0,0.0,1.0,0.0,,,0.0,0.0,0.0,0.0,,,0.0,0.0,1.0,0.0,0.0,1.0,1.0,1.0,1.0,1.0,1.0,0.0,1.0,0.0,0.0,,0.0,0.0,,0.0,0.0,,0.0,,1.0,,1.0,0.0,0.0,1.0,,,,1.0,0.0,0.0,0.0,0.0,0.0,,1.0,0.0,0.0,1.0,0.0,0.0,0.0,,,,0.0,,,,0.0,1.0,,,,1.0,0.0,1.0,0.0,0.0,1.0,1.0,,,,,0.0,,,1.0
Julio Lopes,1.0,,1.0,0.0,1.0,0.0,0.0,,0.0,1.0,1.0,1.0,,0.0,,,,1.0,0.0,0.0,1.0,0.0,1.0,0.0,1.0,,,,,1.0,,,0.0,,1.0,,1.0,,0.0,1.0,1.0,1.0,1.0,,,1.0,1.0,1.0,1.0,1.0,0.0,1.0,,,,,,,1.0,,,,1.0,0.0,1.0,1.0,1.0,,1.0,1.0,,,,0.0,,,,,,,,1.0,,,,,1.0,1.0,1.0,0.0,0.0,0.0,0.0,0.0,0.0,,0.0,,1.0,,,0.0,,1.0,,,0.0,,0.0,,0.0,,0.0,,,,,,,,1.0,0.0,0.0,,,,0.0,0.0,0.0,0.0,0.0,0.0,0.0,1.0,1.0,0.0,0.0,,0.0,0.0,1.0,1.0,,1.0,1.0,,,,,,1.0,,,,,0.0,,,,1.0,,,,0.0,1.0,,1.0,,,,0.0,,,0.0,1.0,0.0,0.0,0.0,1.0,,,0.0,,,,0.0,,,,,1.0,0.0,0.0,0.0,,1.0,,0.0,,,1.0,1.0,1.0,0.0,0.0,,,,
Julio Semeghini,1.0,1.0,1.0,1.0,1.0,0.0,0.0,1.0,0.0,1.0,0.0,1.0,1.0,1.0,1.0,1.0,1.0,0.0,1.0,0.0,,0.0,1.0,1.0,1.0,,1.0,0.0,,,1.0,,,1.0,1.0,,1.0,1.0,0.0,,1.0,0.0,,1.0,,1.0,1.0,1.0,1.0,1.0,0.0,1.0,,,,1.0,,,,,,,1.0,0.0,1.0,1.0,1.0,,1.0,,,,0.0,,,0.0,,,,,,0.0,,,1.0,,1.0,1.0,1.0,,1.0,1.0,1.0,,,,,1.0,1.0,0.0,1.0,,0.0,1.0,,,,,,,0.0,,,,,0.0,,0.0,1.0,1.0,,1.0,,,,0.0,0.0,,,1.0,0.0,,,1.0,1.0,,,1.0,,,,0.0,1.0,1.0,1.0,1.0,0.0,0.0,,1.0,,,0.0,1.0,,,,1.0,0.0,1.0,0.0,1.0,,1.0,1.0,1.0,1.0,1.0,0.0,,1.0,,,,,,1.0,,,0.0,0.0,,,1.0,1.0,1.0,0.0,0.0,1.0,,1.0,1.0,1.0,0.0,1.0,0.0,1.0,1.0,1.0,1.0,1.0,1.0,1.0,0.0,0.0,0.0,1.0,1.0,1.0
Jurandil Juarez,,,,,,,,,,,,,,,,,,,,,,,,,,,,,,,,,,1.0,1.0,,,,,,,,,,,,,,,,,,,,,,,,,,,,,,1.0,1.0,1.0,,,,,,,,,,,,,,,,,,,,,,,,,,,,,,,,,,,,,,,,,,,,,,,,,,,1.0,0.0,0.0,,,,,,,,,,,,,,,,,,,,,,,,,,,,,,,,,,,,,,,,,,,,,,,,,,,,,,,,,,,,,,,,,,,,,,,,,,,,,,,,,,,,,,,,,
Jurandir Boia,,,1.0,,,,,,,,,,,,,,,,,,,,,1.0,0.0,,1.0,1.0,,1.0,1.0,0.0,,1.0,1.0,0.0,,,,,,,,,1.0,,,,,,,,1.0,0.0,0.0,0.0,1.0,0.0,1.0,0.0,1.0,0.0,1.0,0.0,1.0,1.0,1.0,1.0,1.0,1.0,1.0,0.0,1.0,0.0,1.0,0.0,0.0,1.0,0.0,1.0,0.0,1.0,0.0,0.0,0.0,0.0,1.0,,0.0,0.0,0.0,0.0,0.0,0.0,0.0,1.0,0.0,1.0,,1.0,,0.0,0.0,1.0,0.0,0.0,0.0,0.0,0.0,0.0,1.0,,0.0,0.0,0.0,1.0,0.0,1.0,0.0,0.0,,,0.0,1.0,0.0,0.0,,0.0,0.0,1.0,0.0,1.0,0.0,,,0.0,,,,0.0,1.0,0.0,0.0,1.0,,,,,,,,,,,,,,,,,,,,,,,,,,,,,,,,,,,,,,,,,,,,,,,,,,,,,1.0,,,,,1.0,,,,,1.0,1.0,1.0
Jutahy Junior,1.0,1.0,1.0,1.0,1.0,0.0,0.0,1.0,0.0,0.0,0.0,0.0,,1.0,1.0,1.0,1.0,0.0,,0.0,,0.0,1.0,1.0,0.0,,1.0,0.0,0.0,,1.0,1.0,,1.0,1.0,,1.0,1.0,0.0,1.0,1.0,0.0,0.0,,,1.0,1.0,1.0,1.0,1.0,0.0,1.0,,,,,,,,,,,1.0,0.0,1.0,1.0,1.0,,1.0,,,,,,,,,,,,,1.0,,,1.0,1.0,1.0,1.0,1.0,,1.0,1.0,1.0,,,,,,1.0,,1.0,,0.0,1.0,,,,,,,,,,,,0.0,,0.0,1.0,1.0,1.0,0.0,,0.0,,0.0,0.0,0.0,,1.0,0.0,,,1.0,1.0,,,1.0,,,,0.0,0.0,1.0,0.0,1.0,0.0,0.0,1.0,,1.0,,1.0,1.0,,,0.0,1.0,,1.0,0.0,1.0,,1.0,1.0,1.0,1.0,0.0,0.0,,1.0,1.0,,,1.0,,1.0,,,0.0,0.0,,,1.0,1.0,1.0,0.0,0.0,1.0,,1.0,,1.0,0.0,1.0,0.0,1.0,1.0,,1.0,1.0,1.0,1.0,0.0,0.0,0.0,,,1.0
Juíza Denise Frossard,1.0,1.0,0.0,,0.0,,,1.0,0.0,0.0,0.0,0.0,1.0,1.0,,,,0.0,1.0,0.0,,0.0,1.0,1.0,0.0,,1.0,1.0,0.0,,0.0,,,1.0,1.0,,1.0,1.0,,1.0,,0.0,,,1.0,,1.0,1.0,1.0,1.0,0.0,1.0,1.0,,,1.0,,,,,,,1.0,,1.0,1.0,1.0,1.0,1.0,,,,,,,,,,,,,1.0,,,1.0,1.0,1.0,1.0,1.0,,1.0,1.0,,,,,,,1.0,,1.0,,,1.0,0.0,0.0,0.0,1.0,,0.0,,0.0,0.0,,,0.0,0.0,,0.0,1.0,,1.0,,0.0,,0.0,0.0,0.0,0.0,1.0,0.0,,,1.0,1.0,,,0.0,,,,,0.0,1.0,0.0,1.0,1.0,,,,,,,1.0,,,0.0,1.0,0.0,,1.0,1.0,0.0,0.0,0.0,1.0,0.0,1.0,0.0,0.0,1.0,0.0,0.0,1.0,1.0,,1.0,0.0,,0.0,0.0,0.0,,,,0.0,0.0,,1.0,0.0,1.0,0.0,1.0,0.0,1.0,0.0,1.0,1.0,1.0,1.0,,1.0,1.0,0.0,1.0,,,,1.0
Júlio Cesar,1.0,1.0,1.0,0.0,0.0,,,,,0.0,,0.0,1.0,1.0,,1.0,1.0,,,,,,1.0,1.0,1.0,,1.0,1.0,0.0,,1.0,1.0,,1.0,1.0,,1.0,1.0,0.0,1.0,1.0,0.0,,,,1.0,1.0,,1.0,1.0,1.0,1.0,1.0,,,,,,0.0,,,,1.0,1.0,1.0,,1.0,1.0,1.0,,1.0,,,,1.0,,,,,,,0.0,,,,1.0,1.0,1.0,1.0,,1.0,1.0,1.0,,,,,1.0,,0.0,,,,1.0,,,,1.0,,,0.0,,,,,0.0,,0.0,,,,1.0,,,,0.0,,,,1.0,0.0,,,1.0,,,,1.0,,,,1.0,1.0,,1.0,1.0,0.0,0.0,1.0,,,,1.0,,,,,,0.0,1.0,1.0,1.0,1.0,1.0,0.0,1.0,0.0,1.0,0.0,,1.0,,,,1.0,,1.0,,,,,,1.0,1.0,,,0.0,1.0,1.0,,1.0,1.0,1.0,0.0,1.0,0.0,1.0,1.0,1.0,1.0,,1.0,1.0,0.0,1.0,1.0,1.0,1.0,1.0
Júlio Delgado,,1.0,1.0,1.0,1.0,0.0,0.0,,0.0,1.0,1.0,1.0,0.0,0.0,0.0,0.0,0.0,1.0,,,1.0,0.0,,1.0,1.0,,1.0,1.0,0.0,1.0,1.0,,,1.0,1.0,0.0,1.0,1.0,,1.0,1.0,1.0,1.0,1.0,,1.0,1.0,1.0,1.0,1.0,0.0,1.0,,,0.0,0.0,1.0,,1.0,0.0,1.0,0.0,1.0,0.0,1.0,1.0,1.0,1.0,,,,,1.0,0.0,,0.0,0.0,,,,0.0,1.0,0.0,0.0,,,1.0,,0.0,0.0,0.0,0.0,,0.0,,,,,1.0,,1.0,0.0,,1.0,,0.0,,,0.0,,1.0,,,0.0,,1.0,,1.0,0.0,0.0,,1.0,0.0,1.0,,,,,0.0,1.0,0.0,,,1.0,,,,1.0,0.0,,,0.0,1.0,1.0,,1.0,1.0,1.0,,,,0.0,,,0.0,0.0,,,1.0,1.0,0.0,1.0,0.0,,1.0,0.0,0.0,1.0,,0.0,1.0,0.0,0.0,,1.0,0.0,0.0,,,0.0,,0.0,0.0,0.0,0.0,0.0,0.0,0.0,0.0,0.0,1.0,0.0,,0.0,1.0,0.0,1.0,0.0,1.0,1.0,1.0,1.0,1.0,0.0,,0.0,,,1.0
Júlio Redecker,1.0,1.0,,0.0,0.0,,,,,,,,,,,,,,1.0,,,0.0,1.0,1.0,0.0,,,,,,,,,,,,1.0,1.0,,1.0,1.0,0.0,,1.0,1.0,1.0,1.0,1.0,1.0,1.0,0.0,1.0,1.0,,,,,,,,,,1.0,,1.0,1.0,1.0,1.0,1.0,,,,,,,,,,,,,,,,,1.0,1.0,1.0,1.0,,1.0,1.0,1.0,,,,,1.0,,0.0,,,,,,,,,,,,,,,,0.0,,,1.0,1.0,,1.0,,0.0,,0.0,,0.0,,1.0,0.0,,,1.0,1.0,,,1.0,,,,0.0,1.0,,0.0,,0.0,0.0,1.0,,1.0,,,,,,0.0,1.0,0.0,1.0,0.0,,1.0,1.0,1.0,1.0,1.0,0.0,,,1.0,1.0,,,,,1.0,,,0.0,0.0,,1.0,1.0,,,0.0,0.0,1.0,,1.0,,1.0,0.0,1.0,0.0,1.0,,1.0,1.0,1.0,,1.0,0.0,0.0,0.0,1.0,1.0,1.0
Júnior Betão,1.0,,,,1.0,,0.0,1.0,0.0,1.0,,1.0,0.0,,0.0,0.0,0.0,1.0,0.0,0.0,1.0,0.0,1.0,1.0,1.0,,,,,,,,,,,0.0,1.0,1.0,0.0,1.0,1.0,,1.0,1.0,,1.0,1.0,1.0,1.0,,0.0,1.0,1.0,0.0,0.0,,1.0,0.0,,0.0,1.0,0.0,1.0,0.0,0.0,1.0,1.0,1.0,1.0,,1.0,0.0,1.0,0.0,,0.0,0.0,1.0,0.0,1.0,0.0,1.0,,0.0,0.0,0.0,1.0,1.0,0.0,,,,0.0,0.0,0.0,1.0,0.0,1.0,1.0,,0.0,,,,0.0,0.0,,,,,,0.0,,0.0,0.0,1.0,0.0,1.0,1.0,0.0,1.0,0.0,0.0,1.0,0.0,1.0,,0.0,,,,0.0,0.0,1.0,,0.0,0.0,,0.0,0.0,1.0,,,,,1.0,,,,0.0,1.0,0.0,0.0,1.0,0.0,0.0,0.0,0.0,1.0,1.0,,,0.0,0.0,,,1.0,,1.0,0.0,0.0,0.0,0.0,,,0.0,,,1.0,,0.0,,,,,,,,,,1.0,,0.0,1.0,,1.0,,,,1.0,,,1.0,0.0,1.0,1.0,1.0,1.0,1.0
Kelly Moraes,,1.0,1.0,0.0,0.0,0.0,,1.0,0.0,1.0,1.0,,0.0,0.0,0.0,0.0,0.0,1.0,0.0,0.0,1.0,0.0,1.0,1.0,1.0,1.0,1.0,1.0,,1.0,1.0,0.0,0.0,,1.0,0.0,1.0,1.0,0.0,1.0,1.0,1.0,,1.0,1.0,1.0,1.0,1.0,1.0,1.0,0.0,1.0,1.0,0.0,0.0,0.0,1.0,0.0,,0.0,1.0,0.0,,1.0,1.0,1.0,1.0,1.0,1.0,1.0,1.0,0.0,1.0,0.0,,0.0,0.0,,,,0.0,0.0,,,0.0,0.0,1.0,,0.0,0.0,0.0,0.0,0.0,0.0,0.0,1.0,0.0,1.0,,1.0,,0.0,,1.0,0.0,0.0,0.0,0.0,0.0,0.0,1.0,0.0,0.0,0.0,0.0,1.0,0.0,,0.0,0.0,1.0,0.0,0.0,,0.0,1.0,,0.0,,,,0.0,0.0,1.0,,0.0,0.0,,,0.0,1.0,0.0,,,,1.0,1.0,1.0,,,,,,,0.0,,,,,1.0,0.0,1.0,0.0,0.0,1.0,0.0,1.0,1.0,1.0,,0.0,0.0,0.0,0.0,0.0,,,0.0,1.0,,0.0,,0.0,0.0,,,1.0,,0.0,0.0,0.0,0.0,0.0,0.0,1.0,0.0,1.0,,,,,1.0,1.0,0.0,1.0,1.0,1.0,1.0,1.0
Kátia Abreu,1.0,1.0,,0.0,0.0,,,,,0.0,,0.0,,1.0,1.0,1.0,1.0,,,,,,1.0,1.0,0.0,,1.0,1.0,,,1.0,1.0,,1.0,1.0,,,1.0,0.0,1.0,1.0,0.0,,1.0,,1.0,1.0,,,,,,,,,,,,,,,,,1.0,1.0,1.0,1.0,,1.0,,,,,,,,,,,,,,,,,,1.0,,1.0,,1.0,1.0,1.0,,,,,1.0,,0.0,,,,1.0,,,,1.0,,,,,,,,0.0,,,1.0,,,,,0.0,,0.0,1.0,0.0,,,,,,1.0,,,,,,,,,,,,1.0,0.0,,,,,,1.0,,,,,,0.0,1.0,,1.0,,1.0,,,,,,,1.0,,,,,,,,,,,,,,1.0,,0.0,,,,1.0,,,0.0,1.0,0.0,1.0,,1.0,,1.0,0.0,1.0,0.0,1.0,1.0,,1.0,1.0
Lael Varella,1.0,,1.0,1.0,1.0,,0.0,1.0,,1.0,1.0,1.0,0.0,0.0,0.0,0.0,,1.0,,0.0,1.0,,,,,1.0,1.0,1.0,,1.0,1.0,1.0,,,,,1.0,,,,1.0,1.0,1.0,,1.0,,,1.0,1.0,1.0,,,1.0,0.0,0.0,,1.0,,,,,0.0,,1.0,1.0,1.0,1.0,1.0,,,,0.0,,0.0,,,,,,,,,,,,,,1.0,0.0,0.0,0.0,0.0,,0.0,,1.0,0.0,1.0,,1.0,,,,1.0,0.0,0.0,0.0,0.0,,0.0,,,,,,1.0,,,0.0,,1.0,0.0,0.0,1.0,,,,0.0,0.0,,0.0,,,,,,0.0,1.0,,,,,1.0,,1.0,1.0,1.0,1.0,0.0,,,0.0,0.0,0.0,,0.0,0.0,0.0,,,,1.0,,,,,1.0,,1.0,0.0,0.0,,,,,1.0,0.0,,,0.0,0.0,0.0,,,,0.0,1.0,0.0,0.0,,0.0,0.0,0.0,,,1.0,,0.0,0.0,1.0,,1.0,1.0,0.0,1.0,1.0,1.0,1.0,1.0
Laura Carneiro,,1.0,1.0,0.0,0.0,,,,,0.0,0.0,0.0,,1.0,1.0,1.0,,,,,,,1.0,1.0,1.0,,1.0,1.0,0.0,,,1.0,,1.0,1.0,,,1.0,0.0,1.0,1.0,1.0,,1.0,1.0,,1.0,1.0,1.0,1.0,1.0,1.0,1.0,,,,,,0.0,,,,1.0,1.0,1.0,1.0,1.0,1.0,1.0,,,,,,,,,,,,,,,,0.0,1.0,1.0,,1.0,,1.0,1.0,,,,,,,1.0,,1.0,,,,,,,1.0,,,0.0,,,,,0.0,,0.0,1.0,,1.0,1.0,,0.0,,0.0,1.0,,,1.0,0.0,,,1.0,,,,,,1.0,,1.0,,1.0,,1.0,0.0,0.0,1.0,,,,1.0,1.0,,,,,,1.0,1.0,1.0,1.0,1.0,0.0,1.0,0.0,1.0,0.0,,1.0,,,,,,1.0,,,,,,,,1.0,0.0,,1.0,1.0,,1.0,,1.0,0.0,1.0,0.0,1.0,,,1.0,1.0,,1.0,0.0,1.0,1.0,,,1.0
Lavoisier Maia,,,1.0,1.0,1.0,,,,0.0,1.0,1.0,1.0,0.0,0.0,0.0,,0.0,1.0,0.0,,,,1.0,1.0,1.0,,,,,1.0,1.0,,,,,,,,0.0,1.0,,,1.0,,1.0,1.0,,,,,,,1.0,0.0,0.0,0.0,1.0,0.0,,0.0,1.0,0.0,1.0,,,,,1.0,1.0,,,0.0,1.0,0.0,,0.0,0.0,0.0,,1.0,0.0,1.0,0.0,0.0,0.0,0.0,1.0,,0.0,,0.0,0.0,0.0,0.0,0.0,1.0,0.0,1.0,,1.0,,0.0,0.0,1.0,0.0,0.0,0.0,,,,,,,,,,,,,,,,,,,,,,,,,,,,,,,,,,,,,,,,,,,,,,,,,,,,,,,,,,,,,,,,,,,,,,,,,,,,,,,,,,,,,,,,,,1.0,,,,,,1.0,,,,1.0,1.0,1.0
Leandro Vilela,,1.0,,1.0,1.0,,0.0,,,1.0,1.0,1.0,,0.0,0.0,0.0,0.0,1.0,0.0,,,0.0,1.0,,,1.0,,,,1.0,,,0.0,1.0,,,,1.0,0.0,1.0,,1.0,1.0,1.0,1.0,1.0,1.0,,1.0,1.0,0.0,1.0,1.0,,,0.0,1.0,,,0.0,,,1.0,0.0,,1.0,1.0,1.0,,,,,,0.0,1.0,,,,,1.0,0.0,,,0.0,,,,,0.0,,0.0,0.0,1.0,,0.0,,0.0,,1.0,,,,,,0.0,0.0,,,,,1.0,0.0,0.0,,0.0,1.0,,1.0,0.0,0.0,,1.0,0.0,,0.0,1.0,0.0,,0.0,0.0,0.0,,0.0,,,0.0,,1.0,,0.0,,,1.0,,,1.0,1.0,,,0.0,1.0,0.0,0.0,,0.0,,0.0,0.0,1.0,1.0,0.0,1.0,0.0,,,,1.0,0.0,,,,0.0,,,,,,,,0.0,,,0.0,,,,,,0.0,0.0,,,,,,,,,0.0,1.0,,,,0.0,1.0,1.0,,,1.0
Leodegar Tiscoski,1.0,1.0,1.0,0.0,0.0,0.0,,,0.0,1.0,1.0,1.0,0.0,0.0,0.0,0.0,0.0,,0.0,0.0,1.0,0.0,1.0,1.0,1.0,1.0,1.0,1.0,0.0,1.0,1.0,0.0,0.0,1.0,1.0,0.0,1.0,1.0,0.0,1.0,1.0,1.0,,1.0,1.0,1.0,1.0,1.0,1.0,1.0,0.0,1.0,1.0,0.0,,0.0,,,,,,,1.0,0.0,1.0,,1.0,1.0,1.0,,1.0,0.0,1.0,,1.0,,,,,,,1.0,,0.0,0.0,0.0,1.0,1.0,1.0,0.0,0.0,1.0,1.0,0.0,,1.0,0.0,1.0,,1.0,,,0.0,1.0,0.0,0.0,0.0,,0.0,0.0,1.0,0.0,0.0,0.0,0.0,1.0,,1.0,0.0,0.0,1.0,1.0,0.0,1.0,0.0,1.0,,0.0,0.0,1.0,0.0,0.0,0.0,1.0,1.0,0.0,0.0,1.0,,0.0,1.0,,1.0,1.0,1.0,1.0,0.0,1.0,0.0,0.0,1.0,0.0,,0.0,0.0,0.0,0.0,0.0,1.0,1.0,0.0,1.0,0.0,0.0,1.0,0.0,1.0,1.0,1.0,0.0,0.0,0.0,0.0,0.0,1.0,0.0,0.0,0.0,1.0,0.0,0.0,0.0,0.0,1.0,,0.0,0.0,0.0,,,1.0,0.0,1.0,0.0,1.0,0.0,1.0,0.0,,1.0,1.0,1.0,,0.0,0.0,0.0,,1.0,1.0
Leonardo Mattos,1.0,1.0,1.0,1.0,1.0,,,,0.0,1.0,1.0,1.0,0.0,,,,0.0,1.0,0.0,,,,1.0,1.0,1.0,1.0,1.0,1.0,0.0,1.0,1.0,0.0,1.0,1.0,1.0,0.0,1.0,1.0,0.0,1.0,0.0,,,,,1.0,1.0,1.0,1.0,1.0,0.0,1.0,,0.0,,0.0,1.0,1.0,,,,,,1.0,1.0,1.0,1.0,1.0,1.0,,,0.0,1.0,0.0,,,0.0,0.0,0.0,1.0,0.0,,,,0.0,0.0,1.0,,0.0,0.0,0.0,1.0,0.0,0.0,,1.0,,1.0,,,,0.0,,1.0,,,,1.0,,0.0,1.0,0.0,0.0,,0.0,0.0,,,0.0,0.0,1.0,1.0,,1.0,,0.0,,0.0,0.0,1.0,0.0,,,,1.0,,,0.0,,1.0,,0.0,,,1.0,,,,,,,,,,,,0.0,1.0,,1.0,,,1.0,,1.0,1.0,0.0,1.0,1.0,0.0,1.0,,,0.0,,,1.0,,,,,,,,,0.0,,,1.0,,,,,0.0,1.0,0.0,,1.0,,,0.0,,,0.0,0.0,0.0,1.0,1.0,1.0
Leonardo Monteiro,1.0,1.0,1.0,1.0,1.0,0.0,0.0,1.0,0.0,1.0,1.0,1.0,0.0,,,,0.0,1.0,,0.0,1.0,0.0,1.0,1.0,1.0,1.0,1.0,1.0,0.0,1.0,1.0,0.0,0.0,1.0,0.0,0.0,1.0,1.0,0.0,1.0,1.0,1.0,,1.0,1.0,1.0,1.0,1.0,1.0,1.0,0.0,1.0,1.0,0.0,,0.0,1.0,0.0,,,1.0,0.0,1.0,0.0,0.0,1.0,1.0,1.0,1.0,1.0,1.0,0.0,1.0,0.0,1.0,,,,,,0.0,1.0,,0.0,0.0,0.0,1.0,1.0,0.0,,0.0,0.0,0.0,0.0,0.0,1.0,0.0,1.0,1.0,1.0,1.0,0.0,0.0,1.0,,,0.0,0.0,0.0,0.0,1.0,,0.0,0.0,0.0,1.0,0.0,1.0,0.0,0.0,1.0,0.0,0.0,,0.0,1.0,0.0,0.0,0.0,0.0,0.0,0.0,0.0,1.0,1.0,0.0,0.0,1.0,0.0,0.0,,,,1.0,1.0,1.0,1.0,1.0,0.0,0.0,1.0,0.0,,,0.0,0.0,0.0,,1.0,,1.0,1.0,0.0,0.0,1.0,0.0,1.0,0.0,,,,0.0,0.0,0.0,0.0,1.0,0.0,0.0,1.0,0.0,0.0,,0.0,0.0,,0.0,1.0,0.0,,0.0,0.0,,0.0,,,1.0,1.0,0.0,0.0,1.0,0.0,1.0,1.0,0.0,0.0,0.0,1.0,1.0,1.0
Leonardo Picciani,1.0,1.0,1.0,1.0,1.0,,0.0,1.0,,,,,0.0,0.0,,,,,,0.0,,0.0,1.0,1.0,1.0,1.0,1.0,0.0,0.0,1.0,1.0,0.0,0.0,1.0,1.0,0.0,,1.0,0.0,1.0,,1.0,1.0,1.0,1.0,1.0,1.0,1.0,1.0,,,1.0,1.0,0.0,0.0,0.0,1.0,1.0,,1.0,,,1.0,1.0,1.0,1.0,1.0,1.0,1.0,,,,1.0,,1.0,,,0.0,0.0,,,1.0,,,,,1.0,1.0,1.0,,1.0,1.0,1.0,0.0,,1.0,0.0,1.0,0.0,1.0,0.0,0.0,0.0,1.0,0.0,0.0,,,0.0,,,0.0,0.0,1.0,1.0,,0.0,1.0,,0.0,1.0,1.0,1.0,1.0,,0.0,1.0,0.0,0.0,1.0,1.0,,,1.0,1.0,,,1.0,,,0.0,,1.0,1.0,1.0,,,0.0,,,,,,,,,,1.0,,1.0,0.0,1.0,0.0,,,,0.0,1.0,0.0,,1.0,,,0.0,1.0,0.0,,,,0.0,,1.0,,,,0.0,0.0,,,1.0,1.0,,1.0,0.0,1.0,0.0,1.0,1.0,1.0,1.0,1.0,1.0,1.0,0.0,1.0,1.0,1.0,1.0,0.0
Leonardo Vilela,,1.0,1.0,1.0,1.0,0.0,0.0,,0.0,1.0,1.0,1.0,,0.0,0.0,0.0,0.0,,0.0,0.0,1.0,0.0,1.0,1.0,0.0,,,,,1.0,,0.0,0.0,,,,,1.0,0.0,1.0,,,,,1.0,1.0,1.0,,,,,1.0,1.0,0.0,,0.0,,,,,,,1.0,0.0,,,,1.0,1.0,1.0,,0.0,,0.0,,,,,,,,,,0.0,0.0,,,,0.0,0.0,0.0,0.0,1.0,,0.0,1.0,0.0,1.0,,1.0,,,0.0,1.0,0.0,0.0,,,,,,,,,,,,,,,1.0,1.0,,,,,,,,,,,,1.0,,,,1.0,,,,,,,,,,,,,,,,,,,,,,,0.0,,1.0,,,,,,,,1.0,1.0,,,1.0,,1.0,,,0.0,,,1.0,1.0,,1.0,0.0,,1.0,,1.0,1.0,1.0,,1.0,0.0,,,1.0,1.0,1.0,1.0,1.0,,,1.0,1.0,1.0,1.0
Leônidas Cristino,,,1.0,1.0,1.0,,0.0,1.0,,1.0,1.0,1.0,0.0,0.0,0.0,0.0,0.0,1.0,0.0,0.0,1.0,,1.0,,,,1.0,1.0,,1.0,1.0,0.0,0.0,,,0.0,,,0.0,1.0,1.0,1.0,1.0,1.0,1.0,1.0,,,,,,,1.0,0.0,0.0,0.0,1.0,0.0,1.0,0.0,1.0,0.0,1.0,0.0,,,,1.0,1.0,1.0,1.0,,1.0,0.0,1.0,0.0,0.0,,0.0,1.0,0.0,1.0,,0.0,0.0,,1.0,,0.0,0.0,0.0,0.0,0.0,0.0,0.0,1.0,0.0,,,1.0,,0.0,0.0,1.0,0.0,0.0,,0.0,0.0,0.0,1.0,,0.0,0.0,,1.0,0.0,,,,,,,,,,,,,,,,,,,,,,,,,,,,,,,,,,,,,,,,,,,,,,,,,,,,,,,,,,,,,,,,,,,,,,,,,,,,,,,,1.0,,,,,1.0,1.0,,,,1.0,1.0,1.0
Lincoln Portela,1.0,1.0,,1.0,1.0,0.0,,1.0,0.0,1.0,1.0,1.0,,,0.0,0.0,0.0,1.0,0.0,0.0,1.0,0.0,1.0,1.0,1.0,,1.0,1.0,0.0,1.0,1.0,0.0,0.0,1.0,,,1.0,1.0,0.0,1.0,1.0,,1.0,1.0,1.0,1.0,1.0,1.0,1.0,1.0,0.0,1.0,1.0,0.0,0.0,0.0,1.0,0.0,,0.0,1.0,0.0,1.0,,1.0,1.0,1.0,1.0,1.0,1.0,,0.0,1.0,0.0,1.0,0.0,0.0,1.0,0.0,1.0,0.0,1.0,0.0,0.0,0.0,0.0,1.0,1.0,0.0,,,,1.0,,0.0,1.0,0.0,1.0,1.0,1.0,1.0,0.0,0.0,1.0,0.0,0.0,0.0,0.0,0.0,0.0,1.0,0.0,0.0,0.0,0.0,1.0,0.0,1.0,1.0,0.0,1.0,0.0,0.0,1.0,0.0,,0.0,0.0,0.0,0.0,0.0,0.0,0.0,1.0,1.0,,0.0,1.0,0.0,,1.0,0.0,1.0,1.0,1.0,1.0,1.0,1.0,0.0,0.0,1.0,0.0,0.0,1.0,0.0,0.0,0.0,0.0,1.0,1.0,1.0,1.0,0.0,,1.0,0.0,1.0,0.0,1.0,0.0,0.0,0.0,0.0,1.0,0.0,1.0,0.0,0.0,1.0,,0.0,,0.0,0.0,1.0,0.0,1.0,0.0,0.0,0.0,0.0,0.0,0.0,,,1.0,,0.0,0.0,1.0,1.0,1.0,1.0,0.0,1.0,1.0,,,1.0
Lindberg Farias,,,,1.0,1.0,,0.0,1.0,,1.0,1.0,1.0,0.0,0.0,0.0,,0.0,,0.0,0.0,1.0,0.0,1.0,1.0,1.0,1.0,,,,1.0,1.0,,0.0,,,0.0,,,0.0,1.0,1.0,,,1.0,1.0,1.0,,,,,,,,,0.0,0.0,1.0,0.0,1.0,0.0,1.0,,1.0,,,,,1.0,1.0,,1.0,,,,,0.0,0.0,,0.0,1.0,0.0,1.0,0.0,0.0,,0.0,1.0,,0.0,0.0,0.0,0.0,0.0,,,1.0,,1.0,,1.0,,,,1.0,,,,,,,1.0,0.0,,,,,,,,,,,,,,,,,,,,,,,,,,,,,,,,,,,,,,,,,,,,,,,,,,,,,,,,,,,,,,,,,,,,,,,,,,,,,,,,,,,,,1.0,,,,,1.0,1.0,,,,1.0,1.0,1.0
Lino Rossi,,1.0,1.0,,,,,,,,,,,,,,,,,,,,,,,,1.0,1.0,,,1.0,,,,,,1.0,1.0,,,,,,,,,1.0,1.0,1.0,1.0,0.0,1.0,,,,,,,,,,,,0.0,,,,,,,,,,,,,,,,,,,,,,,,,,,,,,0.0,,,,,,,,0.0,0.0,1.0,0.0,,0.0,,,,,,,,,,,,,,,1.0,0.0,,0.0,,,0.0,,0.0,0.0,,,,,,0.0,,,1.0,1.0,1.0,,,,,0.0,1.0,,0.0,,0.0,,,,0.0,,0.0,1.0,,,,,0.0,1.0,0.0,,1.0,,,,,0.0,,,,0.0,0.0,,0.0,0.0,,,,,,,,,,,,,,,,,,0.0,,,1.0,,0.0,0.0,0.0,,,
Lobbe Neto,1.0,1.0,0.0,0.0,0.0,0.0,0.0,1.0,0.0,0.0,0.0,0.0,1.0,1.0,1.0,1.0,1.0,0.0,1.0,0.0,,0.0,1.0,1.0,0.0,1.0,1.0,0.0,0.0,,1.0,,,1.0,1.0,,1.0,1.0,0.0,1.0,1.0,1.0,0.0,1.0,1.0,1.0,1.0,1.0,1.0,1.0,0.0,1.0,1.0,,,1.0,,,0.0,,,,,,1.0,1.0,1.0,1.0,1.0,,,,,,,,,,,,,0.0,,,1.0,1.0,1.0,1.0,1.0,,,,,,,,,1.0,,0.0,,,0.0,1.0,,,,1.0,,,0.0,,,,,0.0,,0.0,1.0,1.0,1.0,0.0,,0.0,,0.0,,0.0,,1.0,,1.0,,1.0,1.0,,,1.0,,,,0.0,1.0,1.0,0.0,1.0,0.0,0.0,0.0,,,,,,,,0.0,1.0,0.0,0.0,0.0,1.0,1.0,1.0,1.0,1.0,1.0,1.0,0.0,,1.0,,,,1.0,,1.0,1.0,,0.0,0.0,,1.0,1.0,,1.0,,1.0,,,1.0,,1.0,0.0,1.0,0.0,1.0,1.0,1.0,1.0,1.0,1.0,1.0,0.0,0.0,0.0,1.0,1.0,1.0
Luci Choinacki,1.0,1.0,,1.0,1.0,0.0,,1.0,0.0,1.0,1.0,1.0,,0.0,0.0,0.0,0.0,,0.0,0.0,1.0,0.0,1.0,1.0,1.0,,1.0,1.0,0.0,1.0,,0.0,0.0,0.0,0.0,,1.0,1.0,0.0,1.0,,,1.0,,,1.0,1.0,1.0,1.0,1.0,0.0,1.0,,,0.0,,,,1.0,0.0,1.0,0.0,1.0,0.0,,,,,1.0,1.0,0.0,0.0,1.0,0.0,1.0,,0.0,,0.0,,,1.0,0.0,0.0,0.0,,,1.0,0.0,,0.0,0.0,,0.0,,0.0,0.0,1.0,1.0,1.0,1.0,,,,0.0,0.0,0.0,,,0.0,,0.0,0.0,0.0,0.0,0.0,0.0,1.0,0.0,,1.0,0.0,,1.0,0.0,1.0,0.0,,,0.0,0.0,0.0,0.0,1.0,1.0,0.0,,1.0,0.0,0.0,1.0,,1.0,1.0,1.0,0.0,,,,0.0,1.0,,0.0,,0.0,0.0,0.0,0.0,,,,1.0,0.0,0.0,,0.0,1.0,0.0,1.0,,0.0,0.0,0.0,,,1.0,0.0,0.0,1.0,,0.0,,,,,0.0,,,0.0,0.0,,,0.0,,,1.0,1.0,0.0,0.0,1.0,0.0,,1.0,0.0,0.0,0.0,1.0,1.0,
Luciana Genro,1.0,1.0,1.0,0.0,0.0,0.0,0.0,,1.0,0.0,1.0,1.0,,0.0,1.0,0.0,0.0,,0.0,0.0,0.0,0.0,1.0,1.0,0.0,0.0,,1.0,,,1.0,,,0.0,0.0,,0.0,0.0,0.0,1.0,,,1.0,1.0,,,1.0,1.0,1.0,1.0,0.0,1.0,,0.0,0.0,0.0,,0.0,,0.0,,,,0.0,1.0,1.0,1.0,,1.0,0.0,0.0,,1.0,0.0,1.0,0.0,1.0,0.0,0.0,0.0,,0.0,0.0,0.0,,,1.0,1.0,1.0,0.0,1.0,1.0,,,,,,1.0,,0.0,,0.0,,1.0,0.0,0.0,0.0,1.0,0.0,0.0,1.0,0.0,0.0,0.0,0.0,0.0,0.0,1.0,0.0,0.0,1.0,1.0,,0.0,,0.0,0.0,0.0,0.0,1.0,,,,1.0,,,,0.0,1.0,,,0.0,,,,1.0,1.0,1.0,,,0.0,,1.0,1.0,,,0.0,0.0,1.0,,0.0,1.0,0.0,0.0,1.0,1.0,0.0,1.0,1.0,,0.0,0.0,0.0,0.0,1.0,,1.0,0.0,1.0,0.0,0.0,0.0,,,,,0.0,0.0,1.0,0.0,0.0,,,0.0,1.0,0.0,1.0,1.0,1.0,,0.0,1.0,,0.0,0.0,0.0,0.0,0.0,0.0
Luciano Castro,1.0,1.0,1.0,1.0,1.0,0.0,0.0,1.0,0.0,1.0,1.0,1.0,,,,0.0,0.0,1.0,,0.0,1.0,0.0,1.0,,,,1.0,,0.0,1.0,,,0.0,,1.0,0.0,1.0,1.0,,,1.0,1.0,,1.0,,,1.0,1.0,1.0,1.0,,1.0,,,0.0,0.0,1.0,0.0,1.0,,1.0,,1.0,,0.0,,1.0,,1.0,1.0,1.0,0.0,1.0,,,0.0,,1.0,0.0,,,1.0,0.0,0.0,0.0,,1.0,1.0,0.0,,0.0,,,,1.0,,0.0,,1.0,,1.0,,,,0.0,,0.0,,,,,0.0,0.0,0.0,,1.0,0.0,1.0,1.0,0.0,1.0,0.0,0.0,,0.0,,0.0,0.0,,1.0,0.0,0.0,,1.0,1.0,,0.0,1.0,0.0,0.0,1.0,,,,1.0,1.0,,,,0.0,,0.0,,,,,,1.0,1.0,1.0,1.0,1.0,0.0,0.0,1.0,,1.0,,1.0,0.0,0.0,0.0,0.0,0.0,,1.0,,0.0,1.0,,0.0,0.0,0.0,0.0,0.0,,1.0,0.0,,,0.0,,0.0,1.0,,1.0,1.0,0.0,0.0,1.0,1.0,,1.0,0.0,1.0,1.0,,,1.0
Luciano Leitoa,1.0,1.0,1.0,1.0,,,,,,,,,,,,,,,,,,,1.0,1.0,1.0,,1.0,1.0,0.0,1.0,1.0,,,,1.0,0.0,1.0,1.0,0.0,,1.0,1.0,1.0,1.0,1.0,1.0,1.0,1.0,1.0,1.0,0.0,1.0,1.0,0.0,0.0,,1.0,,,0.0,1.0,0.0,,,,,,1.0,1.0,1.0,1.0,0.0,,0.0,,0.0,0.0,1.0,0.0,1.0,0.0,1.0,,0.0,0.0,,1.0,1.0,0.0,,0.0,0.0,,0.0,0.0,1.0,0.0,1.0,,,,0.0,,,0.0,0.0,0.0,0.0,0.0,0.0,1.0,,0.0,0.0,,,0.0,1.0,0.0,0.0,,0.0,,,,1.0,,0.0,,,,0.0,0.0,1.0,1.0,,,,,0.0,,,,1.0,,,,,,,1.0,,,,0.0,,0.0,,,,,1.0,0.0,0.0,1.0,,1.0,,,0.0,0.0,,,0.0,0.0,,,,1.0,0.0,0.0,0.0,,,,,,,,0.0,1.0,,0.0,,,,1.0,,,1.0,,1.0,1.0,,1.0,1.0,1.0,1.0,1.0
Luciano Zica,1.0,1.0,1.0,1.0,1.0,,,,0.0,1.0,1.0,1.0,0.0,,,0.0,,,,0.0,1.0,0.0,1.0,1.0,1.0,,1.0,1.0,0.0,1.0,1.0,0.0,0.0,1.0,1.0,0.0,1.0,1.0,0.0,1.0,1.0,1.0,1.0,1.0,1.0,,1.0,1.0,1.0,1.0,0.0,1.0,1.0,0.0,0.0,,,0.0,1.0,0.0,1.0,0.0,1.0,0.0,1.0,1.0,1.0,1.0,1.0,1.0,,0.0,1.0,0.0,1.0,0.0,,1.0,0.0,1.0,0.0,1.0,0.0,0.0,0.0,0.0,,1.0,,,,,,0.0,0.0,1.0,0.0,1.0,,1.0,,0.0,,1.0,0.0,0.0,0.0,0.0,0.0,0.0,1.0,0.0,0.0,,0.0,0.0,0.0,1.0,0.0,0.0,,0.0,0.0,,0.0,1.0,,,0.0,0.0,0.0,0.0,0.0,1.0,,0.0,,0.0,0.0,0.0,1.0,0.0,1.0,1.0,1.0,0.0,1.0,1.0,0.0,0.0,1.0,,0.0,0.0,0.0,0.0,,,1.0,,1.0,1.0,0.0,0.0,1.0,0.0,1.0,0.0,1.0,0.0,0.0,0.0,0.0,,0.0,1.0,0.0,0.0,1.0,0.0,,0.0,0.0,0.0,0.0,,1.0,0.0,,0.0,,,,0.0,,1.0,1.0,0.0,0.0,1.0,0.0,1.0,1.0,0.0,0.0,0.0,1.0,,1.0
Luis Carlos Heinze,,,1.0,0.0,0.0,,,0.0,,0.0,0.0,0.0,1.0,,1.0,1.0,1.0,1.0,1.0,1.0,0.0,0.0,1.0,1.0,0.0,,,,,1.0,1.0,1.0,0.0,1.0,1.0,0.0,1.0,1.0,0.0,1.0,0.0,0.0,0.0,,1.0,1.0,1.0,1.0,1.0,1.0,0.0,1.0,,0.0,,0.0,,,,,,,,1.0,,1.0,1.0,1.0,,1.0,1.0,,1.0,1.0,,,1.0,0.0,0.0,1.0,,0.0,1.0,,0.0,,1.0,1.0,1.0,0.0,1.0,,1.0,,,1.0,0.0,1.0,0.0,,0.0,,1.0,,1.0,0.0,,0.0,0.0,,1.0,1.0,0.0,0.0,,,,0.0,1.0,,,1.0,1.0,1.0,0.0,0.0,0.0,,,1.0,0.0,,1.0,1.0,,,,1.0,1.0,,,,1.0,1.0,,1.0,0.0,,0.0,1.0,0.0,1.0,1.0,,,1.0,0.0,,0.0,1.0,0.0,,0.0,1.0,1.0,0.0,1.0,1.0,0.0,0.0,1.0,0.0,0.0,1.0,1.0,0.0,1.0,1.0,1.0,0.0,,1.0,,1.0,1.0,0.0,0.0,,,1.0,1.0,1.0,1.0,,1.0,0.0,1.0,,,,1.0,0.0,,0.0,1.0,1.0,,,1.0
Luiz Alberto,,1.0,1.0,1.0,1.0,0.0,0.0,1.0,0.0,1.0,1.0,1.0,0.0,0.0,0.0,0.0,,1.0,0.0,0.0,1.0,0.0,,1.0,1.0,,1.0,1.0,,,1.0,0.0,0.0,,1.0,0.0,0.0,0.0,0.0,1.0,1.0,1.0,1.0,1.0,1.0,1.0,1.0,1.0,1.0,1.0,0.0,,1.0,,0.0,0.0,1.0,,1.0,,1.0,0.0,1.0,,1.0,1.0,1.0,1.0,1.0,,0.0,,1.0,0.0,,0.0,0.0,1.0,0.0,1.0,0.0,1.0,0.0,0.0,0.0,0.0,1.0,,,,,,0.0,0.0,0.0,1.0,0.0,,1.0,,1.0,0.0,0.0,1.0,0.0,0.0,0.0,0.0,0.0,0.0,,0.0,,0.0,,0.0,0.0,1.0,,0.0,1.0,1.0,0.0,1.0,0.0,1.0,0.0,0.0,0.0,0.0,0.0,0.0,0.0,1.0,,0.0,0.0,1.0,0.0,0.0,1.0,,1.0,,,,1.0,1.0,0.0,0.0,1.0,0.0,,0.0,0.0,0.0,0.0,0.0,1.0,0.0,,,0.0,,1.0,0.0,0.0,0.0,1.0,0.0,0.0,0.0,0.0,0.0,0.0,,0.0,0.0,0.0,0.0,0.0,,0.0,0.0,0.0,,0.0,0.0,,,,0.0,,0.0,,1.0,1.0,0.0,0.0,1.0,0.0,1.0,,0.0,0.0,0.0,,,1.0
Luiz Bassuma,1.0,1.0,,1.0,1.0,,,,0.0,,1.0,1.0,0.0,,,0.0,0.0,,,0.0,1.0,0.0,,1.0,1.0,,1.0,1.0,0.0,1.0,1.0,,0.0,1.0,1.0,0.0,1.0,1.0,0.0,1.0,1.0,,,,1.0,1.0,1.0,1.0,1.0,1.0,0.0,,1.0,,0.0,0.0,,0.0,,0.0,1.0,0.0,,0.0,,1.0,,1.0,1.0,,,,1.0,0.0,,,,1.0,,1.0,0.0,,0.0,0.0,0.0,,1.0,1.0,0.0,0.0,0.0,,0.0,0.0,0.0,,,1.0,,1.0,,0.0,0.0,1.0,0.0,0.0,0.0,,,,,0.0,,0.0,0.0,1.0,0.0,1.0,0.0,0.0,,0.0,,1.0,,1.0,,,0.0,0.0,0.0,,,1.0,1.0,,,0.0,,,,,1.0,,1.0,1.0,1.0,,0.0,,1.0,0.0,,0.0,0.0,0.0,,0.0,1.0,,1.0,1.0,0.0,0.0,,,1.0,0.0,1.0,0.0,0.0,0.0,0.0,0.0,0.0,,0.0,0.0,1.0,0.0,,0.0,0.0,,0.0,0.0,1.0,0.0,0.0,0.0,0.0,,,1.0,,1.0,,0.0,,1.0,0.0,1.0,1.0,0.0,0.0,0.0,1.0,1.0,1.0
Luiz Bittencourt,,1.0,1.0,0.0,0.0,0.0,0.0,,,1.0,1.0,1.0,,,,,0.0,,0.0,0.0,,0.0,1.0,1.0,,,1.0,1.0,,,1.0,0.0,,1.0,1.0,,1.0,1.0,0.0,1.0,1.0,,1.0,1.0,1.0,1.0,1.0,,1.0,1.0,0.0,1.0,1.0,,,,,0.0,,0.0,1.0,,1.0,,1.0,1.0,1.0,1.0,1.0,1.0,1.0,0.0,1.0,0.0,,0.0,,1.0,0.0,1.0,0.0,0.0,0.0,,0.0,,1.0,,0.0,,,,1.0,1.0,,1.0,,,1.0,1.0,1.0,0.0,0.0,1.0,,0.0,,0.0,0.0,0.0,1.0,0.0,0.0,0.0,0.0,1.0,0.0,1.0,0.0,,1.0,1.0,0.0,1.0,0.0,1.0,0.0,0.0,0.0,1.0,0.0,0.0,0.0,,,0.0,0.0,,,0.0,1.0,0.0,1.0,1.0,,,0.0,0.0,1.0,,1.0,0.0,0.0,0.0,0.0,0.0,0.0,0.0,,1.0,,,0.0,,1.0,0.0,1.0,0.0,1.0,0.0,1.0,0.0,0.0,0.0,0.0,,0.0,0.0,1.0,0.0,0.0,,0.0,0.0,1.0,,,,0.0,0.0,1.0,,0.0,1.0,,1.0,1.0,0.0,0.0,1.0,,1.0,,0.0,1.0,1.0,,1.0,1.0
Luiz Carlos Hauly,,1.0,,0.0,0.0,,0.0,,0.0,0.0,0.0,0.0,,,,,1.0,0.0,,,,1.0,1.0,0.0,0.0,1.0,1.0,0.0,0.0,,,1.0,,1.0,0.0,,1.0,1.0,0.0,1.0,1.0,,,,1.0,,1.0,1.0,1.0,1.0,0.0,,1.0,1.0,,,,,0.0,,,,,0.0,1.0,1.0,1.0,1.0,,,,,,,,,,,,,,,,,,1.0,1.0,1.0,1.0,,1.0,1.0,1.0,,,,,1.0,1.0,0.0,1.0,,0.0,,,,,1.0,,,0.0,,,,,,,0.0,1.0,1.0,1.0,0.0,,0.0,,0.0,,0.0,,1.0,1.0,,,1.0,1.0,,,1.0,,,,0.0,1.0,1.0,0.0,1.0,0.0,0.0,,,1.0,,,1.0,,,0.0,1.0,,1.0,,1.0,1.0,1.0,,1.0,1.0,,0.0,,1.0,1.0,,,1.0,,1.0,,,0.0,0.0,,1.0,,1.0,,0.0,1.0,,,,,1.0,0.0,1.0,0.0,1.0,1.0,,1.0,1.0,,1.0,,0.0,0.0,1.0,1.0,1.0
Luiz Carlos Santos,1.0,,1.0,0.0,0.0,,1.0,,,0.0,0.0,0.0,,1.0,1.0,1.0,1.0,,,1.0,0.0,,,1.0,1.0,,1.0,1.0,,1.0,1.0,1.0,,1.0,1.0,,1.0,1.0,0.0,1.0,1.0,1.0,,1.0,1.0,1.0,1.0,1.0,1.0,1.0,1.0,1.0,1.0,,,,,,,,,,,1.0,1.0,1.0,,1.0,1.0,,1.0,,,,,,,,,,,0.0,,,,1.0,1.0,,1.0,,1.0,1.0,1.0,,,,,,1.0,0.0,1.0,,,1.0,,,,,,,0.0,,,,,0.0,,,,1.0,1.0,1.0,,0.0,,0.0,,0.0,,1.0,0.0,,,1.0,1.0,,,,,,,1.0,1.0,1.0,1.0,,,0.0,1.0,1.0,,,,,,,,,0.0,1.0,1.0,1.0,,,,1.0,0.0,1.0,0.0,,1.0,,,,1.0,1.0,1.0,,,,,,1.0,1.0,,,,,1.0,,,1.0,1.0,,1.0,0.0,1.0,1.0,,,,,1.0,0.0,1.0,1.0,1.0,1.0,1.0
Luiz Carreira,1.0,1.0,1.0,1.0,1.0,,,,,0.0,0.0,0.0,1.0,1.0,1.0,1.0,,,,,,,1.0,1.0,1.0,1.0,1.0,1.0,,,1.0,1.0,,1.0,1.0,,1.0,1.0,0.0,1.0,1.0,0.0,,1.0,,1.0,1.0,1.0,1.0,1.0,,1.0,,,,,,,0.0,,,,1.0,1.0,,,,,1.0,,1.0,,,,1.0,,,1.0,,,,1.0,,,,1.0,,,1.0,,,,1.0,,,,,,1.0,0.0,1.0,,,,,,,1.0,,,0.0,,,,,0.0,,0.0,1.0,1.0,1.0,1.0,,,,0.0,1.0,0.0,,1.0,,,,1.0,1.0,,,1.0,,,,1.0,1.0,1.0,1.0,1.0,0.0,0.0,1.0,,,,1.0,1.0,,,1.0,,0.0,1.0,1.0,1.0,,1.0,0.0,1.0,0.0,1.0,0.0,,1.0,,,,,,1.0,,,,,,1.0,1.0,1.0,0.0,,,,,1.0,1.0,1.0,0.0,1.0,0.0,1.0,1.0,1.0,1.0,1.0,,1.0,0.0,0.0,0.0,1.0,1.0,1.0
Luiz Couto,1.0,1.0,1.0,1.0,1.0,0.0,,1.0,0.0,1.0,1.0,1.0,,,0.0,0.0,0.0,1.0,0.0,0.0,1.0,0.0,1.0,1.0,1.0,1.0,1.0,1.0,0.0,,1.0,0.0,,1.0,0.0,0.0,1.0,1.0,0.0,1.0,1.0,1.0,1.0,1.0,,1.0,1.0,1.0,1.0,1.0,0.0,1.0,,0.0,,0.0,1.0,0.0,,,1.0,0.0,1.0,0.0,0.0,1.0,1.0,,1.0,1.0,1.0,0.0,1.0,0.0,1.0,0.0,0.0,1.0,,,,1.0,0.0,0.0,,,1.0,1.0,0.0,0.0,0.0,0.0,0.0,0.0,0.0,1.0,0.0,1.0,1.0,1.0,1.0,0.0,0.0,1.0,0.0,0.0,0.0,0.0,0.0,0.0,1.0,0.0,0.0,0.0,0.0,1.0,0.0,1.0,0.0,0.0,1.0,0.0,0.0,,0.0,1.0,0.0,0.0,0.0,0.0,0.0,0.0,0.0,1.0,1.0,0.0,0.0,1.0,0.0,0.0,1.0,0.0,1.0,1.0,1.0,0.0,1.0,1.0,0.0,0.0,1.0,0.0,0.0,0.0,0.0,0.0,0.0,0.0,1.0,,1.0,1.0,0.0,0.0,,0.0,1.0,0.0,1.0,0.0,0.0,0.0,0.0,0.0,0.0,1.0,0.0,0.0,1.0,0.0,0.0,0.0,0.0,0.0,0.0,0.0,1.0,0.0,0.0,0.0,,0.0,0.0,0.0,,1.0,1.0,,0.0,1.0,0.0,1.0,,0.0,0.0,0.0,1.0,1.0,
Luiz Dantas,,,,,,,,,,,,,,,,,,,,,,,,1.0,0.0,,,,,,,,0.0,,,,,,,,,,,,1.0,,,,,,,,1.0,,,,,0.0,1.0,0.0,1.0,0.0,,,,,,,1.0,,,,1.0,0.0,,0.0,0.0,1.0,,1.0,0.0,1.0,0.0,,,0.0,,,0.0,,0.0,0.0,,,,,,,,1.0,,,,,,,,,,,,,,,,,,,,,,,,,,,,,,,,,,,,,,,,,,,,,,,,,,,,,,,,,,,,,,,,,,,,,,,,,,,,,,,,,,,,,,,,,,,,,,,,,,,,,,,,,,,1.0,1.0,1.0
Luiz Eduardo Greenhalgh,1.0,,,1.0,1.0,0.0,,,0.0,1.0,1.0,1.0,0.0,0.0,0.0,0.0,,1.0,,0.0,1.0,0.0,1.0,1.0,1.0,1.0,1.0,1.0,0.0,1.0,,,0.0,1.0,1.0,0.0,1.0,1.0,0.0,1.0,1.0,1.0,1.0,1.0,1.0,1.0,1.0,1.0,1.0,1.0,0.0,1.0,,,0.0,0.0,1.0,0.0,1.0,0.0,1.0,,1.0,0.0,,,,1.0,,1.0,,0.0,1.0,,1.0,0.0,0.0,1.0,0.0,1.0,0.0,1.0,0.0,,0.0,0.0,1.0,1.0,0.0,0.0,0.0,0.0,0.0,0.0,,1.0,0.0,,1.0,1.0,1.0,0.0,0.0,,0.0,0.0,0.0,0.0,0.0,0.0,1.0,0.0,0.0,0.0,0.0,1.0,0.0,,0.0,0.0,1.0,0.0,0.0,1.0,0.0,1.0,0.0,0.0,0.0,0.0,0.0,0.0,0.0,1.0,1.0,,0.0,0.0,0.0,0.0,1.0,,1.0,1.0,1.0,1.0,,1.0,,0.0,1.0,0.0,,,0.0,0.0,0.0,0.0,1.0,,,1.0,0.0,0.0,1.0,0.0,1.0,0.0,1.0,0.0,0.0,0.0,0.0,0.0,,1.0,0.0,0.0,1.0,0.0,0.0,0.0,0.0,0.0,0.0,0.0,1.0,0.0,,,0.0,0.0,0.0,1.0,,1.0,1.0,,,,0.0,,1.0,0.0,1.0,1.0,1.0,1.0,
Luiz Piauhylino,1.0,1.0,1.0,1.0,1.0,0.0,0.0,1.0,0.0,,1.0,1.0,0.0,0.0,0.0,0.0,0.0,1.0,0.0,0.0,1.0,0.0,,,,1.0,,,,1.0,,,,1.0,,0.0,1.0,1.0,0.0,1.0,1.0,,,1.0,1.0,,1.0,1.0,1.0,1.0,0.0,1.0,1.0,0.0,0.0,0.0,1.0,0.0,,0.0,,,1.0,0.0,1.0,1.0,1.0,,1.0,1.0,,0.0,,,,,,1.0,0.0,1.0,,,,0.0,0.0,,1.0,,0.0,0.0,0.0,0.0,,0.0,0.0,1.0,,,,1.0,1.0,,0.0,,0.0,,0.0,0.0,,,,0.0,,0.0,0.0,1.0,0.0,1.0,0.0,,,1.0,,1.0,,,0.0,,0.0,1.0,,0.0,0.0,1.0,1.0,,,0.0,0.0,0.0,,,,1.0,1.0,1.0,1.0,1.0,,,,,1.0,1.0,,,0.0,1.0,1.0,1.0,1.0,1.0,0.0,1.0,,1.0,0.0,,,0.0,0.0,0.0,0.0,,1.0,,,,,0.0,0.0,0.0,0.0,1.0,0.0,0.0,0.0,,,,,0.0,1.0,0.0,1.0,0.0,,,1.0,1.0,1.0,,,0.0,1.0,1.0,,1.0,1.0
Luiz Sérgio,1.0,1.0,1.0,1.0,1.0,0.0,0.0,1.0,0.0,1.0,1.0,1.0,0.0,0.0,0.0,0.0,0.0,1.0,0.0,0.0,1.0,0.0,1.0,1.0,1.0,1.0,1.0,1.0,0.0,1.0,1.0,0.0,1.0,1.0,1.0,0.0,1.0,1.0,0.0,1.0,1.0,,1.0,1.0,1.0,1.0,1.0,1.0,1.0,1.0,0.0,1.0,1.0,0.0,0.0,0.0,1.0,0.0,1.0,0.0,1.0,,1.0,0.0,0.0,1.0,1.0,1.0,1.0,1.0,1.0,0.0,1.0,,,0.0,0.0,1.0,0.0,1.0,0.0,1.0,0.0,0.0,0.0,,1.0,1.0,0.0,0.0,0.0,0.0,0.0,0.0,,,0.0,1.0,1.0,1.0,1.0,0.0,0.0,1.0,0.0,0.0,0.0,0.0,0.0,0.0,,0.0,0.0,0.0,0.0,1.0,0.0,1.0,0.0,0.0,1.0,0.0,0.0,1.0,0.0,1.0,0.0,0.0,1.0,0.0,0.0,0.0,0.0,1.0,1.0,0.0,0.0,1.0,0.0,0.0,1.0,0.0,1.0,1.0,,1.0,1.0,1.0,0.0,0.0,1.0,0.0,0.0,0.0,0.0,0.0,0.0,0.0,1.0,,1.0,1.0,0.0,0.0,1.0,0.0,1.0,0.0,,0.0,0.0,0.0,0.0,0.0,0.0,1.0,0.0,0.0,1.0,0.0,0.0,0.0,0.0,0.0,,0.0,1.0,0.0,0.0,0.0,0.0,0.0,,0.0,,1.0,1.0,0.0,0.0,1.0,0.0,1.0,1.0,0.0,0.0,0.0,1.0,1.0,1.0
Luiza Erundina,1.0,1.0,1.0,0.0,0.0,0.0,0.0,1.0,0.0,1.0,1.0,1.0,0.0,0.0,0.0,0.0,0.0,1.0,,0.0,1.0,0.0,,1.0,0.0,1.0,,,0.0,1.0,1.0,,,,1.0,0.0,1.0,1.0,0.0,1.0,1.0,1.0,1.0,1.0,,1.0,1.0,1.0,1.0,1.0,0.0,1.0,1.0,0.0,0.0,0.0,1.0,0.0,1.0,0.0,1.0,0.0,1.0,,1.0,1.0,1.0,1.0,,,,,,,,0.0,0.0,1.0,0.0,1.0,0.0,,0.0,0.0,0.0,0.0,1.0,1.0,1.0,0.0,1.0,1.0,0.0,0.0,0.0,1.0,0.0,1.0,1.0,1.0,1.0,0.0,,1.0,0.0,0.0,0.0,0.0,0.0,0.0,1.0,,0.0,,,,0.0,1.0,0.0,0.0,1.0,0.0,0.0,,0.0,0.0,0.0,0.0,0.0,0.0,0.0,0.0,0.0,1.0,1.0,0.0,0.0,0.0,0.0,0.0,0.0,0.0,1.0,1.0,1.0,,1.0,1.0,0.0,,0.0,0.0,1.0,1.0,1.0,1.0,0.0,0.0,1.0,0.0,0.0,1.0,0.0,0.0,,0.0,0.0,1.0,1.0,0.0,0.0,0.0,0.0,0.0,0.0,0.0,0.0,0.0,1.0,0.0,0.0,0.0,0.0,,0.0,0.0,0.0,0.0,0.0,0.0,1.0,0.0,1.0,0.0,1.0,0.0,1.0,0.0,1.0,1.0,0.0,1.0,1.0,0.0,1.0,1.0,1.0,0.0,0.0
Lupércio Ramos,1.0,1.0,1.0,1.0,1.0,0.0,0.0,1.0,0.0,1.0,1.0,1.0,0.0,0.0,0.0,0.0,0.0,1.0,0.0,0.0,1.0,,1.0,1.0,1.0,,,,0.0,1.0,1.0,0.0,0.0,1.0,1.0,0.0,1.0,1.0,0.0,1.0,1.0,1.0,1.0,1.0,1.0,1.0,1.0,1.0,1.0,1.0,0.0,1.0,1.0,0.0,0.0,0.0,1.0,0.0,,0.0,1.0,0.0,1.0,0.0,0.0,1.0,1.0,1.0,1.0,1.0,1.0,0.0,1.0,0.0,1.0,0.0,0.0,1.0,,1.0,0.0,1.0,0.0,0.0,0.0,0.0,1.0,,0.0,0.0,0.0,0.0,0.0,0.0,0.0,1.0,0.0,1.0,,1.0,1.0,0.0,0.0,1.0,0.0,0.0,,0.0,0.0,,1.0,0.0,0.0,,0.0,0.0,0.0,1.0,0.0,0.0,1.0,0.0,,1.0,0.0,1.0,0.0,,0.0,0.0,0.0,0.0,0.0,1.0,1.0,0.0,0.0,1.0,0.0,0.0,1.0,,1.0,1.0,1.0,1.0,1.0,1.0,0.0,,,,,,0.0,0.0,0.0,0.0,1.0,,,1.0,0.0,0.0,,0.0,1.0,0.0,1.0,0.0,0.0,,0.0,0.0,0.0,,,,1.0,0.0,0.0,0.0,0.0,0.0,0.0,0.0,1.0,0.0,,0.0,0.0,0.0,,0.0,1.0,0.0,1.0,0.0,0.0,1.0,0.0,1.0,1.0,0.0,1.0,1.0,1.0,1.0,1.0
Léo Alcântara,1.0,1.0,1.0,1.0,1.0,0.0,0.0,1.0,0.0,1.0,1.0,1.0,0.0,1.0,1.0,0.0,0.0,,0.0,0.0,,0.0,1.0,1.0,1.0,1.0,1.0,0.0,0.0,,1.0,1.0,0.0,1.0,1.0,,1.0,1.0,0.0,1.0,,1.0,,1.0,1.0,1.0,1.0,1.0,1.0,1.0,0.0,1.0,1.0,,,,,,,,,,,0.0,0.0,1.0,1.0,1.0,1.0,,1.0,,,,,,,,,,,1.0,,,1.0,1.0,1.0,1.0,,,,,1.0,,,,,,,,,,0.0,,,,,,,,,,,,,0.0,,0.0,1.0,1.0,1.0,0.0,,0.0,,0.0,,0.0,,1.0,0.0,,,1.0,,,,1.0,,,,0.0,0.0,1.0,1.0,1.0,0.0,0.0,1.0,,,,0.0,,,,1.0,1.0,0.0,1.0,0.0,1.0,1.0,1.0,,1.0,1.0,1.0,0.0,,1.0,1.0,,,1.0,,,,,0.0,0.0,,,,,,0.0,0.0,1.0,,1.0,1.0,1.0,,1.0,0.0,1.0,1.0,1.0,1.0,,,1.0,0.0,1.0,,,,1.0
Lúcia Braga,,1.0,1.0,,1.0,,0.0,1.0,,,,,0.0,0.0,,0.0,0.0,1.0,0.0,0.0,1.0,0.0,,1.0,1.0,1.0,1.0,1.0,0.0,1.0,1.0,,0.0,1.0,1.0,0.0,1.0,1.0,0.0,1.0,1.0,,1.0,,1.0,,1.0,1.0,1.0,1.0,0.0,1.0,1.0,,,0.0,,0.0,,,,,,0.0,1.0,1.0,1.0,1.0,1.0,1.0,1.0,0.0,1.0,0.0,1.0,0.0,,,0.0,1.0,0.0,1.0,,,0.0,,,1.0,0.0,0.0,0.0,0.0,0.0,0.0,0.0,1.0,0.0,1.0,,1.0,,0.0,,1.0,,0.0,0.0,0.0,0.0,0.0,1.0,,0.0,0.0,0.0,,0.0,1.0,0.0,0.0,1.0,0.0,,,0.0,,,,,,,0.0,0.0,,,0.0,,,,0.0,1.0,,1.0,1.0,1.0,,,,,,,0.0,0.0,,,0.0,,0.0,,1.0,,1.0,,0.0,,0.0,1.0,0.0,1.0,,,0.0,0.0,0.0,0.0,,0.0,,,,0.0,,,,,,1.0,0.0,,,,,0.0,,,,,0.0,,1.0,,1.0,,0.0,1.0,1.0,1.0,1.0,1.0
Manato,,,1.0,1.0,1.0,0.0,0.0,1.0,0.0,1.0,1.0,1.0,0.0,0.0,,0.0,,1.0,0.0,0.0,1.0,0.0,1.0,1.0,0.0,1.0,1.0,1.0,0.0,1.0,1.0,1.0,0.0,1.0,1.0,,1.0,1.0,0.0,,1.0,1.0,1.0,1.0,1.0,1.0,1.0,1.0,1.0,1.0,0.0,1.0,1.0,0.0,,0.0,1.0,0.0,,,,0.0,1.0,,1.0,1.0,1.0,1.0,1.0,1.0,1.0,0.0,1.0,0.0,1.0,,,,,,0.0,1.0,,0.0,0.0,0.0,1.0,1.0,1.0,0.0,1.0,1.0,1.0,0.0,0.0,1.0,0.0,1.0,0.0,,0.0,1.0,0.0,1.0,0.0,0.0,0.0,0.0,0.0,0.0,1.0,0.0,0.0,0.0,0.0,1.0,0.0,1.0,,0.0,1.0,1.0,,1.0,,0.0,0.0,,0.0,1.0,1.0,1.0,,1.0,1.0,,,1.0,,1.0,,0.0,,1.0,1.0,1.0,1.0,1.0,0.0,,,,1.0,1.0,1.0,,0.0,1.0,1.0,0.0,0.0,1.0,0.0,1.0,1.0,1.0,0.0,1.0,1.0,0.0,0.0,0.0,0.0,0.0,1.0,0.0,1.0,,,0.0,0.0,0.0,0.0,1.0,1.0,0.0,1.0,1.0,1.0,0.0,1.0,0.0,1.0,0.0,1.0,0.0,1.0,1.0,0.0,1.0,1.0,1.0,,0.0,1.0,1.0,1.0,1.0,1.0
Maninha,,1.0,,,,0.0,,1.0,0.0,1.0,1.0,1.0,0.0,0.0,0.0,0.0,0.0,1.0,0.0,0.0,1.0,0.0,,1.0,1.0,,0.0,1.0,,,,,,1.0,1.0,0.0,0.0,0.0,0.0,1.0,1.0,1.0,,,,1.0,1.0,1.0,1.0,1.0,0.0,1.0,,0.0,0.0,0.0,,0.0,,,1.0,0.0,1.0,0.0,1.0,1.0,1.0,,1.0,1.0,,0.0,1.0,0.0,1.0,0.0,0.0,,0.0,1.0,0.0,1.0,0.0,,,0.0,1.0,,1.0,,,,0.0,0.0,0.0,1.0,0.0,,1.0,1.0,1.0,0.0,0.0,,0.0,0.0,0.0,,,,,,0.0,,,,0.0,1.0,,0.0,,,,1.0,0.0,1.0,0.0,0.0,0.0,0.0,0.0,0.0,0.0,1.0,,0.0,0.0,0.0,0.0,0.0,1.0,0.0,1.0,1.0,,,1.0,,0.0,,,,,1.0,,,,0.0,1.0,,,1.0,0.0,,,1.0,0.0,1.0,,0.0,0.0,0.0,0.0,,1.0,0.0,,0.0,1.0,0.0,0.0,,0.0,1.0,0.0,0.0,0.0,0.0,1.0,,0.0,0.0,1.0,0.0,1.0,0.0,1.0,1.0,,,0.0,,1.0,0.0,1.0,,1.0,0.0,0.0
Manoel Salviano,1.0,,1.0,1.0,1.0,,0.0,1.0,0.0,1.0,,1.0,1.0,0.0,1.0,,,0.0,0.0,0.0,1.0,0.0,1.0,1.0,1.0,1.0,1.0,1.0,0.0,,1.0,,,1.0,1.0,,1.0,1.0,0.0,1.0,,1.0,,1.0,1.0,,1.0,1.0,1.0,1.0,0.0,,1.0,,,,,,,,1.0,,,0.0,1.0,1.0,1.0,1.0,1.0,,,,,,,,,,,,,1.0,,,1.0,,,1.0,,,,,1.0,,,,,,,1.0,,,,1.0,,,,,,,,,,,,,,,0.0,1.0,1.0,0.0,,1.0,,0.0,,0.0,,0.0,0.0,,,,1.0,0.0,,0.0,,,,,1.0,1.0,1.0,1.0,0.0,1.0,0.0,,,0.0,,,,,0.0,1.0,0.0,1.0,1.0,1.0,1.0,1.0,,1.0,1.0,1.0,1.0,,1.0,1.0,0.0,,1.0,0.0,,,,0.0,0.0,,,,,1.0,0.0,,,,1.0,1.0,1.0,,1.0,0.0,,0.0,,,1.0,1.0,1.0,0.0,1.0,1.0,1.0,1.0,1.0
Marcelino Fraga,1.0,,1.0,1.0,,,0.0,,,,,,0.0,0.0,0.0,0.0,0.0,1.0,0.0,0.0,1.0,0.0,1.0,1.0,0.0,1.0,,,,1.0,1.0,,0.0,1.0,1.0,0.0,1.0,,0.0,1.0,1.0,1.0,1.0,1.0,1.0,1.0,1.0,1.0,1.0,1.0,0.0,,,,,0.0,1.0,,,,,0.0,,,1.0,1.0,1.0,,1.0,1.0,1.0,,,,,,0.0,,0.0,,0.0,,0.0,0.0,0.0,0.0,1.0,1.0,0.0,0.0,0.0,0.0,,0.0,,,,1.0,1.0,0.0,,,,1.0,0.0,0.0,,,,,1.0,0.0,,0.0,0.0,,0.0,1.0,0.0,0.0,,,,,,,0.0,,,1.0,0.0,0.0,0.0,,1.0,0.0,0.0,,0.0,1.0,,,,1.0,1.0,,,,,0.0,1.0,,,,0.0,0.0,,0.0,1.0,1.0,0.0,1.0,0.0,,1.0,0.0,1.0,0.0,1.0,0.0,1.0,,,0.0,,1.0,0.0,0.0,,0.0,,0.0,0.0,0.0,1.0,0.0,,,,0.0,1.0,0.0,,0.0,1.0,0.0,,0.0,,,,1.0,1.0,0.0,1.0,1.0,1.0,1.0,1.0
Marcello Siqueira,1.0,,1.0,1.0,1.0,0.0,,1.0,0.0,1.0,1.0,1.0,0.0,0.0,0.0,0.0,0.0,1.0,0.0,0.0,1.0,0.0,1.0,1.0,1.0,1.0,1.0,1.0,0.0,,1.0,,0.0,1.0,1.0,,,,0.0,1.0,1.0,1.0,1.0,1.0,,1.0,,,,,,,1.0,,0.0,,,,1.0,0.0,,,,0.0,0.0,1.0,1.0,1.0,1.0,,1.0,0.0,,0.0,1.0,0.0,0.0,1.0,0.0,1.0,0.0,1.0,0.0,0.0,0.0,,,1.0,0.0,0.0,0.0,0.0,0.0,0.0,0.0,,0.0,1.0,,1.0,1.0,0.0,0.0,1.0,0.0,0.0,0.0,0.0,,,1.0,,,0.0,0.0,0.0,0.0,,0.0,,,,0.0,,0.0,1.0,0.0,0.0,0.0,0.0,0.0,0.0,0.0,1.0,1.0,0.0,0.0,1.0,,,1.0,0.0,,1.0,1.0,,1.0,,0.0,,1.0,0.0,0.0,0.0,0.0,,0.0,0.0,,,,1.0,0.0,,,,,,,,0.0,,,,0.0,,,0.0,,0.0,0.0,0.0,0.0,0.0,0.0,,1.0,,0.0,0.0,0.0,0.0,0.0,,,,,,1.0,1.0,1.0,1.0,1.0,,,,1.0,1.0,1.0
Marcelo Barbieri,1.0,1.0,,,,,,,,,,,,,,,,,,,,,,,,,,,,,,,,1.0,,,1.0,1.0,,,,,,,,,1.0,1.0,,1.0,0.0,1.0,,,,,,,,,,,,,1.0,,1.0,,,,,,,,,,,,,,,,,,,,,,,,,,,,,,,,,,1.0,,,,,,,,,,,,,,,,,1.0,0.0,0.0,,1.0,0.0,,0.0,0.0,,1.0,0.0,,,,0.0,,1.0,0.0,0.0,,0.0,0.0,1.0,,1.0,1.0,1.0,1.0,1.0,1.0,,0.0,1.0,0.0,,,,0.0,0.0,0.0,,,0.0,1.0,0.0,0.0,,,1.0,0.0,1.0,,,,,,,,0.0,,,0.0,0.0,,,,,,,,,,,,,,,,,,,,,,,0.0,1.0,1.0,,,
Marcelo Castro,1.0,1.0,1.0,1.0,1.0,0.0,0.0,1.0,,1.0,1.0,1.0,0.0,0.0,0.0,0.0,0.0,1.0,,,1.0,0.0,1.0,1.0,0.0,1.0,1.0,,,1.0,,0.0,0.0,1.0,1.0,0.0,1.0,1.0,0.0,1.0,1.0,,1.0,,1.0,1.0,1.0,1.0,1.0,1.0,0.0,1.0,,,0.0,,1.0,0.0,1.0,0.0,1.0,0.0,1.0,0.0,0.0,1.0,1.0,1.0,1.0,1.0,1.0,0.0,1.0,0.0,1.0,0.0,0.0,1.0,0.0,1.0,0.0,1.0,0.0,,,0.0,1.0,1.0,0.0,0.0,0.0,0.0,1.0,,0.0,1.0,0.0,,,1.0,1.0,0.0,,,0.0,0.0,0.0,0.0,,0.0,,0.0,0.0,0.0,0.0,1.0,0.0,1.0,0.0,0.0,,1.0,0.0,1.0,0.0,1.0,,1.0,,0.0,0.0,0.0,0.0,1.0,1.0,0.0,0.0,1.0,,0.0,,,,1.0,1.0,1.0,1.0,1.0,,0.0,1.0,,0.0,0.0,,0.0,0.0,,,1.0,,1.0,,0.0,1.0,,,0.0,1.0,,0.0,0.0,0.0,0.0,,1.0,0.0,0.0,1.0,0.0,0.0,,0.0,0.0,1.0,0.0,,,0.0,,,,0.0,0.0,0.0,1.0,1.0,,0.0,1.0,1.0,,,0.0,1.0,1.0,1.0,1.0,1.0
Marcelo Guimarães Filho,1.0,1.0,1.0,1.0,1.0,1.0,,,,0.0,0.0,0.0,,1.0,1.0,1.0,1.0,,1.0,,,,1.0,1.0,1.0,1.0,,,0.0,,1.0,1.0,,1.0,1.0,,1.0,1.0,0.0,1.0,1.0,0.0,,1.0,,1.0,1.0,1.0,1.0,1.0,1.0,1.0,,,,,,,0.0,,,,1.0,1.0,1.0,1.0,1.0,1.0,1.0,,,,,,1.0,,,1.0,,,,,,,,1.0,1.0,,1.0,,1.0,1.0,1.0,,,,,,1.0,,1.0,,,1.0,,,,1.0,,,0.0,,,,,0.0,,0.0,1.0,1.0,1.0,1.0,,1.0,0.0,1.0,0.0,0.0,0.0,0.0,0.0,0.0,0.0,1.0,,0.0,0.0,1.0,0.0,0.0,1.0,,1.0,1.0,1.0,0.0,,0.0,1.0,,,,1.0,1.0,,,1.0,,0.0,1.0,1.0,1.0,1.0,1.0,0.0,1.0,0.0,1.0,0.0,,1.0,,,,1.0,,1.0,,,,,,1.0,1.0,1.0,0.0,,,1.0,,1.0,,1.0,0.0,1.0,0.0,1.0,,,1.0,1.0,1.0,1.0,0.0,0.0,0.0,1.0,1.0,1.0
Marcelo Ortiz,1.0,1.0,1.0,1.0,,,0.0,1.0,0.0,1.0,1.0,1.0,0.0,,0.0,0.0,0.0,1.0,0.0,0.0,1.0,0.0,1.0,1.0,1.0,,1.0,1.0,0.0,1.0,1.0,,0.0,1.0,1.0,0.0,1.0,1.0,0.0,1.0,1.0,1.0,1.0,1.0,1.0,1.0,1.0,1.0,1.0,1.0,0.0,1.0,1.0,0.0,0.0,,,,,,,,1.0,1.0,1.0,1.0,1.0,,1.0,1.0,0.0,,1.0,0.0,1.0,0.0,0.0,0.0,0.0,1.0,0.0,1.0,0.0,0.0,,0.0,,1.0,0.0,,0.0,1.0,1.0,0.0,0.0,,0.0,,,1.0,1.0,0.0,0.0,1.0,0.0,0.0,0.0,0.0,0.0,0.0,1.0,0.0,0.0,0.0,,1.0,,1.0,0.0,0.0,1.0,1.0,,1.0,,0.0,,0.0,0.0,,,,,1.0,1.0,,,0.0,,1.0,,0.0,0.0,1.0,1.0,1.0,,1.0,0.0,,,,1.0,1.0,,,0.0,1.0,1.0,,1.0,1.0,,0.0,1.0,1.0,0.0,1.0,1.0,0.0,1.0,0.0,0.0,0.0,1.0,,1.0,0.0,1.0,0.0,0.0,0.0,,,,0.0,0.0,0.0,,0.0,1.0,,1.0,0.0,1.0,0.0,,0.0,1.0,1.0,0.0,1.0,1.0,0.0,1.0,1.0,1.0,1.0,1.0
Marcelo Teixeira,1.0,1.0,,,,,,,,,,,,,,,,,,,,,,1.0,0.0,,,0.0,0.0,1.0,,,0.0,1.0,1.0,,1.0,1.0,0.0,1.0,,,,,1.0,,1.0,1.0,1.0,1.0,0.0,,1.0,0.0,0.0,0.0,1.0,0.0,,0.0,1.0,0.0,,,1.0,1.0,1.0,1.0,1.0,,,0.0,1.0,0.0,1.0,0.0,0.0,,0.0,1.0,0.0,1.0,0.0,,0.0,0.0,,1.0,0.0,0.0,0.0,,1.0,,0.0,1.0,0.0,1.0,,1.0,,0.0,,,,,,,0.0,0.0,1.0,,0.0,0.0,0.0,1.0,0.0,1.0,,0.0,1.0,0.0,,1.0,,1.0,,0.0,0.0,0.0,0.0,,,,1.0,,,1.0,0.0,,,,1.0,1.0,1.0,1.0,0.0,1.0,0.0,,1.0,,0.0,,,,,0.0,,,0.0,1.0,1.0,,1.0,1.0,1.0,0.0,0.0,,1.0,,,,,,1.0,,,0.0,,,1.0,1.0,,1.0,,,1.0,,1.0,,1.0,,1.0,1.0,,0.0,,1.0,,,1.0,0.0,1.0,1.0,1.0,1.0,
Marco Maia,1.0,1.0,,,,,,,,,,,,,,,,,,,,,,,,,,,0.0,,,,,1.0,1.0,,1.0,1.0,,,,,,,,,1.0,1.0,1.0,1.0,0.0,1.0,,,,,,,,,,,,,,,1.0,,,,,,,,,,,,,,,,,,,,,1.0,,,,,,,,,,,1.0,,1.0,,,,,,,,,,,,,,,,,1.0,0.0,0.0,,,0.0,1.0,0.0,,0.0,0.0,0.0,0.0,0.0,0.0,0.0,1.0,1.0,0.0,0.0,1.0,0.0,0.0,1.0,0.0,1.0,1.0,1.0,1.0,1.0,1.0,0.0,,1.0,0.0,0.0,0.0,0.0,0.0,0.0,0.0,1.0,,,1.0,0.0,0.0,1.0,0.0,1.0,0.0,1.0,0.0,0.0,,0.0,,0.0,1.0,0.0,0.0,1.0,0.0,,,,0.0,0.0,,1.0,0.0,0.0,,,0.0,0.0,0.0,,,,0.0,,1.0,0.0,,,0.0,0.0,0.0,,,
Marcondes Gadelha,1.0,1.0,,1.0,1.0,,0.0,1.0,,,,,,,,,,1.0,0.0,0.0,1.0,0.0,1.0,,,,,1.0,0.0,,1.0,,0.0,,1.0,,1.0,1.0,0.0,1.0,1.0,1.0,1.0,1.0,,1.0,1.0,1.0,,1.0,1.0,1.0,,0.0,,,,0.0,1.0,0.0,,,,1.0,1.0,1.0,1.0,1.0,,,1.0,0.0,1.0,,,0.0,0.0,1.0,,1.0,0.0,,0.0,0.0,0.0,,1.0,,0.0,0.0,0.0,0.0,0.0,,0.0,,,,,,,0.0,,,,,,,,0.0,,0.0,,,0.0,1.0,0.0,,0.0,,,0.0,,,0.0,1.0,,0.0,,,0.0,0.0,0.0,1.0,,0.0,0.0,1.0,,0.0,,,1.0,0.0,,0.0,1.0,,,0.0,1.0,,,0.0,0.0,,0.0,,1.0,1.0,1.0,1.0,,,,1.0,1.0,0.0,1.0,0.0,0.0,0.0,,,,,,,,,,0.0,,0.0,,,1.0,,0.0,0.0,0.0,0.0,0.0,,,1.0,,,,1.0,1.0,,,0.0,1.0,1.0,,,1.0
Marcos Abramo,1.0,1.0,,0.0,0.0,,,,,0.0,0.0,0.0,,1.0,,,,,,,,,1.0,1.0,1.0,,1.0,,,,1.0,1.0,,1.0,1.0,,1.0,1.0,0.0,1.0,1.0,0.0,,1.0,1.0,1.0,1.0,1.0,1.0,,0.0,1.0,1.0,,,,,,0.0,,,,,1.0,1.0,,1.0,1.0,1.0,,,,,,,,,,,,,,,,,,1.0,,1.0,,1.0,1.0,,,,,,1.0,0.0,,0.0,,,1.0,,,,,,,0.0,,,,,0.0,,,1.0,,,1.0,,0.0,,0.0,,0.0,,1.0,0.0,,,,,,,1.0,,,,1.0,,1.0,0.0,,,1.0,,0.0,1.0,0.0,,0.0,0.0,0.0,0.0,0.0,,1.0,,,0.0,,1.0,0.0,1.0,1.0,1.0,0.0,0.0,0.0,0.0,,0.0,1.0,0.0,0.0,1.0,0.0,0.0,,,0.0,0.0,,1.0,0.0,,0.0,1.0,,0.0,0.0,1.0,1.0,1.0,0.0,,1.0,,1.0,,0.0,1.0,0.0,1.0,1.0,1.0
Marcos de Jesus,,,1.0,,1.0,0.0,,1.0,,,,,,,,,,,,0.0,1.0,,1.0,,,1.0,1.0,1.0,0.0,,1.0,0.0,,1.0,1.0,,1.0,1.0,0.0,1.0,,1.0,,,1.0,,1.0,1.0,1.0,1.0,1.0,1.0,1.0,0.0,,0.0,,0.0,1.0,0.0,,0.0,1.0,0.0,,,,,1.0,1.0,1.0,0.0,1.0,0.0,1.0,0.0,0.0,,,,0.0,,0.0,0.0,,,1.0,,0.0,,0.0,0.0,,,,1.0,,,1.0,,1.0,0.0,0.0,1.0,,,,0.0,,,1.0,0.0,0.0,,0.0,1.0,0.0,1.0,,,,1.0,0.0,1.0,0.0,,,0.0,0.0,,,0.0,0.0,1.0,,0.0,,,0.0,0.0,1.0,0.0,,1.0,,,0.0,,,,,,1.0,,,,,,0.0,,1.0,1.0,,,0.0,1.0,0.0,1.0,0.0,,,,,,1.0,,,,,,,,1.0,1.0,1.0,,0.0,,,,1.0,1.0,,,1.0,0.0,,,,,1.0,1.0,,0.0,1.0,1.0,,,1.0
Marcus Vicente,1.0,,1.0,1.0,1.0,,0.0,,0.0,1.0,,1.0,,,0.0,0.0,0.0,,0.0,,1.0,0.0,1.0,1.0,1.0,1.0,1.0,1.0,0.0,1.0,,,,1.0,1.0,,1.0,1.0,0.0,1.0,1.0,,1.0,1.0,1.0,,1.0,1.0,1.0,1.0,0.0,1.0,1.0,0.0,,,1.0,0.0,,,1.0,,,1.0,0.0,1.0,1.0,1.0,1.0,1.0,1.0,0.0,,0.0,1.0,,0.0,,,,0.0,1.0,0.0,0.0,0.0,,,1.0,0.0,0.0,0.0,0.0,,,,,,1.0,0.0,1.0,0.0,0.0,,1.0,0.0,0.0,0.0,0.0,0.0,,,0.0,0.0,0.0,0.0,1.0,0.0,1.0,,0.0,1.0,1.0,0.0,,0.0,1.0,,0.0,0.0,0.0,0.0,,0.0,1.0,,0.0,0.0,1.0,0.0,,1.0,,,1.0,,1.0,1.0,1.0,0.0,0.0,,0.0,,1.0,0.0,0.0,0.0,0.0,,1.0,1.0,1.0,,0.0,1.0,,1.0,,,0.0,0.0,0.0,,0.0,,1.0,0.0,,,0.0,0.0,0.0,0.0,0.0,1.0,0.0,,,0.0,0.0,0.0,,,0.0,1.0,0.0,,0.0,0.0,,1.0,1.0,1.0,0.0,1.0,1.0,,1.0,
Maria Helena,1.0,,1.0,1.0,1.0,0.0,,,0.0,1.0,1.0,1.0,,,0.0,0.0,0.0,,,0.0,1.0,0.0,1.0,1.0,1.0,,1.0,1.0,0.0,1.0,,,0.0,,1.0,0.0,1.0,1.0,0.0,1.0,1.0,,1.0,1.0,1.0,1.0,1.0,1.0,1.0,1.0,0.0,1.0,1.0,0.0,0.0,0.0,1.0,0.0,1.0,0.0,1.0,0.0,1.0,0.0,0.0,1.0,1.0,1.0,1.0,1.0,,0.0,,0.0,,0.0,0.0,0.0,0.0,,0.0,1.0,0.0,0.0,,,1.0,1.0,1.0,,0.0,0.0,1.0,0.0,0.0,1.0,0.0,,1.0,,1.0,0.0,0.0,1.0,0.0,0.0,,0.0,0.0,0.0,,0.0,0.0,0.0,0.0,1.0,0.0,1.0,,0.0,1.0,0.0,,0.0,,0.0,0.0,0.0,0.0,1.0,0.0,,,1.0,1.0,,,1.0,,1.0,0.0,,,1.0,,,1.0,,0.0,0.0,1.0,0.0,0.0,0.0,,0.0,0.0,0.0,1.0,0.0,1.0,1.0,0.0,,0.0,0.0,0.0,0.0,1.0,,,0.0,0.0,,,,0.0,0.0,,0.0,,0.0,0.0,0.0,1.0,0.0,,0.0,0.0,1.0,1.0,0.0,0.0,1.0,,0.0,1.0,0.0,0.0,1.0,1.0,1.0,1.0,0.0,1.0,1.0,,,1.0
Maria Lucia,,,1.0,0.0,0.0,0.0,0.0,1.0,0.0,1.0,1.0,1.0,0.0,0.0,0.0,0.0,0.0,1.0,0.0,0.0,,0.0,1.0,1.0,0.0,1.0,1.0,0.0,,,1.0,0.0,,,,0.0,,,0.0,,1.0,1.0,,1.0,1.0,1.0,,,,,,,1.0,0.0,,,1.0,0.0,1.0,0.0,1.0,0.0,,1.0,,,,1.0,1.0,1.0,1.0,0.0,1.0,0.0,1.0,0.0,1.0,0.0,0.0,1.0,,1.0,0.0,0.0,0.0,0.0,1.0,,1.0,,1.0,1.0,1.0,0.0,0.0,1.0,0.0,1.0,,1.0,,0.0,,1.0,,,0.0,0.0,,0.0,0.0,,0.0,1.0,0.0,1.0,0.0,,,,,,,,,,,,,,,,,,,,,,,,,,,,,,,,,,,,,,,,,,,,,,,,,,,,,,,,,,,,,,,,,,,,,,,,,,,,,,,,1.0,,,,,1.0,1.0,,,,1.0,1.0,1.0
Maria Lúcia Cardoso,,,,,,,,,,,,,,,,,,,,,,,,,,,,,,,,,,,,,1.0,,,,,,,,,,,,1.0,1.0,0.0,,,,,,,,,,,,,,,,,,,,,,,,,,,,,,,,,,,,,1.0,,,,,,,,,,,,,1.0,,,,,,,,,,,,,,,,,,,,,1.0,,1.0,,1.0,,,,0.0,,0.0,,,1.0,0.0,,,0.0,,,,1.0,,,1.0,1.0,,0.0,0.0,1.0,,,,0.0,0.0,,0.0,,1.0,0.0,1.0,,0.0,,0.0,1.0,,1.0,,,,,,,1.0,,,,,,,,,,,,,,,,,,,,,,,,,,,,0.0,1.0,1.0,,,
Maria do Carmo Lara,1.0,1.0,,1.0,1.0,,0.0,1.0,,1.0,1.0,1.0,0.0,0.0,0.0,0.0,0.0,1.0,0.0,0.0,1.0,0.0,1.0,1.0,1.0,1.0,,1.0,0.0,1.0,1.0,0.0,,1.0,1.0,0.0,1.0,1.0,,1.0,1.0,1.0,1.0,1.0,1.0,1.0,1.0,1.0,1.0,1.0,0.0,1.0,1.0,,0.0,,1.0,0.0,,0.0,1.0,0.0,1.0,0.0,0.0,1.0,1.0,1.0,1.0,1.0,1.0,0.0,1.0,0.0,1.0,0.0,,,,,0.0,1.0,,0.0,0.0,,1.0,1.0,0.0,0.0,0.0,0.0,,0.0,0.0,1.0,0.0,1.0,1.0,1.0,1.0,,0.0,1.0,0.0,0.0,0.0,0.0,0.0,0.0,1.0,0.0,,0.0,,1.0,,,0.0,,1.0,0.0,0.0,1.0,0.0,1.0,0.0,0.0,0.0,0.0,0.0,0.0,0.0,1.0,1.0,0.0,0.0,0.0,0.0,0.0,1.0,,1.0,,1.0,,,,,,,0.0,,0.0,0.0,,0.0,,,,1.0,1.0,0.0,,,0.0,1.0,0.0,1.0,0.0,0.0,0.0,0.0,0.0,,1.0,0.0,,,0.0,,0.0,0.0,,0.0,0.0,1.0,0.0,0.0,0.0,0.0,0.0,0.0,1.0,,1.0,1.0,0.0,0.0,1.0,0.0,1.0,,0.0,0.0,0.0,1.0,1.0,1.0
Maria do Rosário,1.0,1.0,1.0,1.0,1.0,0.0,0.0,1.0,0.0,1.0,1.0,1.0,,,,,,,,,1.0,0.0,1.0,1.0,1.0,1.0,1.0,1.0,,,,0.0,,,,0.0,1.0,1.0,0.0,1.0,1.0,,1.0,,1.0,,1.0,1.0,1.0,1.0,0.0,1.0,,0.0,,,1.0,0.0,0.0,,1.0,0.0,1.0,0.0,,,,1.0,1.0,1.0,1.0,,,,1.0,0.0,0.0,,,,0.0,,0.0,0.0,0.0,,1.0,1.0,0.0,0.0,0.0,0.0,,,0.0,1.0,0.0,,,1.0,,0.0,,,,,0.0,,0.0,,,0.0,0.0,0.0,0.0,1.0,0.0,1.0,0.0,0.0,,,0.0,1.0,0.0,1.0,,,0.0,0.0,0.0,0.0,0.0,1.0,,0.0,0.0,1.0,,0.0,1.0,,,,1.0,1.0,1.0,1.0,0.0,0.0,1.0,0.0,0.0,,0.0,0.0,,,1.0,,,1.0,,0.0,1.0,0.0,1.0,0.0,1.0,,,0.0,0.0,0.0,0.0,,0.0,0.0,1.0,0.0,0.0,,0.0,0.0,,,1.0,,0.0,0.0,0.0,0.0,0.0,,,,1.0,0.0,0.0,1.0,0.0,,1.0,0.0,0.0,,1.0,1.0,
Marinha Raupp,1.0,1.0,,1.0,1.0,0.0,0.0,1.0,0.0,1.0,1.0,1.0,0.0,0.0,0.0,,,0.0,0.0,0.0,,0.0,1.0,1.0,0.0,1.0,,0.0,,,,,,1.0,1.0,,1.0,1.0,,1.0,1.0,1.0,,,1.0,,1.0,1.0,1.0,1.0,0.0,1.0,1.0,0.0,0.0,0.0,,0.0,,0.0,,0.0,1.0,0.0,1.0,1.0,1.0,1.0,1.0,1.0,,0.0,,0.0,1.0,0.0,,,,,,,,0.0,,0.0,1.0,,0.0,,0.0,0.0,,,,1.0,0.0,,1.0,,,0.0,0.0,,0.0,0.0,,0.0,0.0,,,,0.0,0.0,0.0,1.0,,,,0.0,,1.0,0.0,,,1.0,0.0,0.0,,,,,,1.0,1.0,,,,0.0,,,,,1.0,,1.0,1.0,,0.0,,,,0.0,0.0,,,0.0,0.0,,1.0,0.0,1.0,0.0,0.0,1.0,,1.0,,,,,,,,0.0,,0.0,,1.0,0.0,,,,,,,,,,,1.0,,0.0,,,1.0,1.0,0.0,,,1.0,,,0.0,1.0,1.0,1.0,1.0,
Mariângela Duarte,1.0,1.0,1.0,1.0,1.0,0.0,0.0,,0.0,1.0,1.0,1.0,0.0,0.0,0.0,0.0,0.0,1.0,0.0,0.0,1.0,0.0,1.0,1.0,1.0,1.0,1.0,1.0,0.0,1.0,1.0,0.0,0.0,1.0,1.0,0.0,1.0,1.0,0.0,1.0,,,1.0,,1.0,1.0,1.0,1.0,1.0,1.0,0.0,1.0,1.0,,0.0,,,0.0,1.0,0.0,,,1.0,0.0,,1.0,1.0,1.0,1.0,1.0,1.0,0.0,,0.0,1.0,0.0,0.0,1.0,0.0,1.0,0.0,1.0,0.0,0.0,0.0,0.0,1.0,1.0,0.0,0.0,0.0,0.0,0.0,0.0,0.0,1.0,0.0,1.0,1.0,1.0,1.0,0.0,0.0,1.0,0.0,0.0,0.0,,0.0,0.0,1.0,0.0,,0.0,0.0,1.0,0.0,1.0,0.0,0.0,1.0,0.0,0.0,1.0,0.0,1.0,0.0,,0.0,0.0,0.0,0.0,0.0,1.0,1.0,0.0,0.0,0.0,0.0,0.0,1.0,,,,,,,,,,,,,,,,,,,,1.0,,0.0,,1.0,0.0,1.0,0.0,1.0,0.0,0.0,0.0,0.0,0.0,0.0,1.0,,0.0,1.0,0.0,0.0,0.0,0.0,0.0,0.0,0.0,1.0,0.0,,0.0,0.0,,,1.0,,1.0,1.0,0.0,,1.0,0.0,1.0,,,0.0,0.0,1.0,1.0,1.0
Mauro Benevides,1.0,1.0,1.0,1.0,1.0,0.0,,,0.0,1.0,1.0,,0.0,0.0,0.0,,0.0,1.0,0.0,0.0,1.0,0.0,1.0,1.0,1.0,1.0,1.0,1.0,,,1.0,,,1.0,1.0,0.0,,1.0,,,1.0,1.0,1.0,,1.0,1.0,1.0,1.0,1.0,1.0,1.0,1.0,1.0,0.0,0.0,0.0,1.0,0.0,,0.0,1.0,0.0,1.0,0.0,1.0,1.0,1.0,1.0,1.0,1.0,1.0,,1.0,0.0,1.0,0.0,0.0,1.0,0.0,0.0,0.0,1.0,0.0,0.0,0.0,,1.0,1.0,0.0,,,,1.0,0.0,0.0,1.0,0.0,1.0,1.0,1.0,1.0,0.0,0.0,1.0,0.0,,0.0,0.0,0.0,0.0,1.0,0.0,,0.0,0.0,1.0,0.0,1.0,0.0,0.0,1.0,1.0,0.0,1.0,0.0,1.0,1.0,1.0,0.0,1.0,0.0,0.0,0.0,1.0,1.0,0.0,0.0,1.0,0.0,0.0,1.0,0.0,1.0,1.0,1.0,1.0,1.0,1.0,0.0,0.0,,0.0,0.0,0.0,0.0,,0.0,0.0,1.0,,0.0,,0.0,0.0,1.0,0.0,1.0,0.0,,0.0,0.0,0.0,,0.0,0.0,1.0,0.0,0.0,,0.0,,0.0,0.0,0.0,1.0,0.0,1.0,0.0,0.0,0.0,0.0,0.0,0.0,0.0,1.0,0.0,,0.0,1.0,1.0,1.0,,,0.0,1.0,1.0,1.0,1.0,1.0
Mauro Lopes,1.0,,,1.0,1.0,,0.0,1.0,0.0,1.0,1.0,1.0,0.0,0.0,0.0,0.0,,,0.0,0.0,,0.0,1.0,,,,1.0,,,1.0,,0.0,0.0,1.0,,0.0,1.0,1.0,0.0,1.0,,,1.0,1.0,,1.0,1.0,,1.0,1.0,0.0,1.0,,0.0,,0.0,1.0,0.0,1.0,,1.0,0.0,1.0,,1.0,,1.0,,,,,,,0.0,,0.0,,1.0,,,0.0,1.0,,0.0,0.0,,1.0,1.0,0.0,0.0,0.0,0.0,1.0,,,1.0,,,1.0,1.0,1.0,0.0,,,1.0,,,0.0,0.0,,1.0,,,0.0,0.0,1.0,0.0,,0.0,,,1.0,0.0,,0.0,0.0,,,,0.0,0.0,0.0,,1.0,,,,,0.0,,1.0,,,,,1.0,,1.0,0.0,,1.0,,0.0,0.0,0.0,0.0,,0.0,,,,0.0,0.0,,1.0,0.0,1.0,,,,0.0,0.0,0.0,0.0,,1.0,0.0,0.0,1.0,,,0.0,,,,0.0,1.0,,0.0,,0.0,,,,1.0,0.0,,0.0,0.0,1.0,1.0,,1.0,,1.0,1.0,,,1.0
Mauro Passos,1.0,1.0,1.0,,,,,1.0,0.0,1.0,1.0,1.0,0.0,0.0,0.0,0.0,0.0,,,0.0,1.0,0.0,1.0,,,,,,0.0,1.0,1.0,0.0,0.0,1.0,1.0,0.0,,1.0,0.0,1.0,1.0,1.0,1.0,1.0,,,1.0,1.0,1.0,1.0,0.0,1.0,,,0.0,0.0,1.0,,,0.0,1.0,0.0,1.0,,,,,,1.0,1.0,,,1.0,0.0,1.0,,0.0,,0.0,1.0,,1.0,,0.0,,,1.0,1.0,1.0,,,,0.0,0.0,0.0,1.0,0.0,,1.0,0.0,1.0,,0.0,1.0,0.0,0.0,0.0,0.0,0.0,,1.0,,,0.0,0.0,0.0,0.0,1.0,,0.0,1.0,1.0,0.0,1.0,0.0,1.0,0.0,,0.0,0.0,0.0,0.0,0.0,1.0,1.0,0.0,0.0,1.0,,0.0,1.0,,,,0.0,1.0,1.0,,0.0,0.0,0.0,0.0,,0.0,0.0,0.0,,,,,1.0,,,0.0,1.0,0.0,1.0,0.0,1.0,,0.0,0.0,0.0,,,1.0,,,1.0,0.0,0.0,,,,0.0,0.0,,0.0,0.0,,,,0.0,0.0,,1.0,1.0,0.0,0.0,1.0,0.0,1.0,1.0,0.0,0.0,0.0,1.0,1.0,0.0
Maurício Quintella Lessa,1.0,1.0,,1.0,1.0,,,,0.0,1.0,,,0.0,0.0,0.0,0.0,0.0,1.0,0.0,,1.0,,1.0,,,1.0,,,0.0,,,,,,,,1.0,1.0,0.0,1.0,1.0,,,1.0,,1.0,1.0,1.0,1.0,1.0,0.0,,,,,,,,,,,,,,,,,,,,,,,,,,,,,,,,,,,,,1.0,,,,,,,,,,,,,,,,,,,,,,,,,,,,,,,,,,1.0,,,,,,,,,,,,,1.0,,,0.0,,,,,,,1.0,1.0,1.0,1.0,,,,,1.0,,,,,1.0,,,0.0,1.0,0.0,,,,1.0,,1.0,0.0,1.0,,0.0,,,,,,,,,,0.0,1.0,1.0,,,1.0,,0.0,1.0,,,,1.0,0.0,,,,,1.0,,1.0,0.0,1.0,1.0,,,
Maurício Rabelo,1.0,1.0,1.0,1.0,1.0,0.0,,1.0,0.0,1.0,1.0,1.0,0.0,0.0,0.0,,,1.0,0.0,0.0,1.0,0.0,1.0,1.0,1.0,1.0,,,0.0,1.0,1.0,0.0,0.0,1.0,1.0,0.0,,1.0,,1.0,1.0,1.0,1.0,1.0,1.0,,1.0,1.0,1.0,1.0,0.0,1.0,1.0,0.0,,,1.0,0.0,,,1.0,0.0,1.0,,,,,1.0,1.0,1.0,1.0,0.0,1.0,0.0,,,,1.0,0.0,,0.0,1.0,0.0,0.0,0.0,0.0,1.0,1.0,0.0,,,,,,0.0,1.0,0.0,1.0,1.0,1.0,0.0,,0.0,1.0,0.0,0.0,0.0,,0.0,0.0,1.0,0.0,,0.0,0.0,1.0,,,,,1.0,1.0,,,,,0.0,0.0,,,,,,1.0,1.0,,,1.0,0.0,,,0.0,1.0,1.0,1.0,1.0,1.0,1.0,0.0,0.0,1.0,0.0,,,0.0,0.0,,,,,,1.0,0.0,0.0,1.0,0.0,1.0,0.0,1.0,0.0,0.0,0.0,0.0,0.0,0.0,0.0,0.0,0.0,,0.0,0.0,0.0,0.0,0.0,1.0,0.0,1.0,0.0,0.0,,1.0,,0.0,0.0,1.0,1.0,1.0,0.0,1.0,1.0,1.0,1.0,,,,,1.0,1.0,1.0
Maurício Rands,1.0,,,1.0,1.0,0.0,,1.0,0.0,1.0,1.0,1.0,0.0,0.0,,0.0,0.0,,0.0,,1.0,0.0,1.0,1.0,1.0,,,1.0,,1.0,1.0,0.0,0.0,1.0,1.0,0.0,,,0.0,1.0,1.0,,1.0,,1.0,1.0,,,1.0,1.0,0.0,,1.0,,0.0,0.0,1.0,0.0,,,1.0,0.0,1.0,0.0,0.0,1.0,1.0,1.0,,,,0.0,1.0,,1.0,0.0,0.0,,0.0,1.0,0.0,1.0,0.0,0.0,0.0,,1.0,1.0,0.0,0.0,0.0,0.0,,0.0,0.0,1.0,,,1.0,1.0,1.0,0.0,,1.0,0.0,0.0,0.0,,0.0,,1.0,,,0.0,0.0,1.0,0.0,1.0,,0.0,1.0,0.0,0.0,,0.0,1.0,0.0,,0.0,0.0,0.0,0.0,0.0,,1.0,,0.0,,0.0,,1.0,0.0,1.0,,1.0,1.0,1.0,,,0.0,1.0,,0.0,,0.0,,,0.0,1.0,,1.0,,0.0,,,,1.0,0.0,1.0,,,,,,0.0,1.0,0.0,,,,,,,,,,,,,,,,,,,1.0,1.0,,0.0,1.0,,1.0,1.0,0.0,1.0,1.0,1.0,1.0,1.0
Max Rosenmann,,,,1.0,1.0,,,1.0,0.0,1.0,1.0,1.0,0.0,0.0,0.0,0.0,0.0,,,,1.0,,1.0,,,,,,,,1.0,,,,,0.0,1.0,1.0,,1.0,,1.0,1.0,1.0,,,1.0,1.0,1.0,1.0,0.0,1.0,,0.0,,,,,1.0,,,,,,1.0,1.0,,1.0,,,,0.0,,,,,,,,,,,,,,,1.0,1.0,0.0,,,,,,,,,,,,0.0,0.0,,,,,,0.0,0.0,,,0.0,,,,,,1.0,1.0,1.0,1.0,0.0,0.0,1.0,,1.0,,,,,,0.0,,,1.0,,0.0,1.0,0.0,0.0,1.0,,,,,,1.0,1.0,,0.0,0.0,0.0,,0.0,,0.0,,,,1.0,,1.0,1.0,0.0,,1.0,0.0,0.0,,,1.0,,,0.0,1.0,0.0,0.0,0.0,1.0,0.0,0.0,0.0,,,,,,0.0,1.0,,1.0,,,,1.0,0.0,1.0,1.0,,,,,1.0,0.0,1.0,1.0,,,
Medeiros,1.0,1.0,1.0,1.0,1.0,,,,,1.0,1.0,,,0.0,,,,,,,,,,1.0,1.0,1.0,,,,,,,,1.0,,,1.0,1.0,0.0,1.0,,,1.0,,,1.0,1.0,1.0,1.0,1.0,0.0,,,,0.0,0.0,,,,0.0,,,1.0,0.0,,,,,1.0,1.0,,,,0.0,,,,,0.0,1.0,,0.0,,,0.0,0.0,1.0,1.0,1.0,,,,,,0.0,1.0,,,,,,,0.0,1.0,0.0,0.0,0.0,,,,0.0,0.0,0.0,0.0,0.0,1.0,0.0,1.0,,0.0,1.0,0.0,,1.0,,,,,,,,,,,,,,1.0,,,,0.0,,1.0,,0.0,1.0,1.0,0.0,0.0,1.0,,,,,,0.0,,,1.0,,,0.0,0.0,,,1.0,,,0.0,0.0,,,,0.0,,0.0,0.0,1.0,0.0,0.0,0.0,0.0,,1.0,,,,0.0,0.0,0.0,0.0,0.0,,,1.0,,0.0,,,0.0,1.0,1.0,,1.0,1.0,,,
Mendes Ribeiro Filho,1.0,1.0,,0.0,0.0,0.0,0.0,1.0,,1.0,1.0,1.0,,,,0.0,,1.0,0.0,,1.0,0.0,1.0,1.0,1.0,1.0,1.0,0.0,0.0,,,,,1.0,1.0,0.0,1.0,1.0,0.0,0.0,1.0,1.0,1.0,1.0,1.0,,1.0,1.0,0.0,,,,1.0,0.0,0.0,,1.0,0.0,,0.0,1.0,0.0,0.0,1.0,1.0,1.0,1.0,1.0,1.0,1.0,1.0,0.0,1.0,1.0,,0.0,,,,,1.0,0.0,,,,0.0,,1.0,1.0,0.0,1.0,1.0,,,,1.0,0.0,1.0,,1.0,0.0,,,,,,,,0.0,0.0,0.0,0.0,,1.0,,,0.0,1.0,1.0,1.0,,1.0,,1.0,,0.0,,,0.0,1.0,0.0,,,1.0,1.0,,,1.0,,1.0,,0.0,,1.0,1.0,0.0,1.0,,0.0,1.0,0.0,0.0,1.0,,,1.0,0.0,0.0,,1.0,0.0,1.0,0.0,0.0,1.0,0.0,0.0,1.0,1.0,1.0,0.0,0.0,0.0,0.0,,0.0,0.0,,1.0,1.0,0.0,,,0.0,1.0,,0.0,0.0,,0.0,1.0,0.0,1.0,,1.0,0.0,,0.0,1.0,1.0,1.0,,1.0,0.0,1.0,1.0,1.0,1.0,1.0
Mendonça Prado,,,,1.0,1.0,,,,,0.0,,0.0,1.0,1.0,1.0,1.0,1.0,,,1.0,,,,1.0,1.0,1.0,,,0.0,,,,,,,,,,0.0,1.0,,0.0,,1.0,,1.0,,,,,,,,,,,,,,,,,,,,,,,,,1.0,,,,,,,,,,,,,,,,,,1.0,,1.0,1.0,,,,,,1.0,,0.0,,,,,,,,,,,,,,,,,,,,,,,,,,,,,,,,,,1.0,,,,1.0,,,,,,,,,,,,,,,,,,,,,,1.0,,,1.0,,,,,,,,,,,,1.0,,1.0,,,,,,1.0,1.0,1.0,0.0,0.0,1.0,1.0,,1.0,,,0.0,1.0,0.0,,1.0,1.0,,,,1.0,,,,1.0,1.0,1.0
Michel Temer,1.0,1.0,,1.0,1.0,,0.0,,,1.0,1.0,,,,,,,,0.0,,,,,1.0,0.0,1.0,,,,1.0,,0.0,,,1.0,,1.0,,,1.0,1.0,,1.0,1.0,,,1.0,1.0,1.0,1.0,,1.0,,,0.0,,1.0,,1.0,0.0,,,,,1.0,1.0,,,1.0,1.0,,,,0.0,1.0,0.0,,,0.0,1.0,,,,,,,1.0,,1.0,0.0,1.0,,,,,,,,1.0,,,,0.0,,,,,,,,,,,,,,,,,0.0,1.0,,,1.0,,0.0,0.0,,,1.0,,,,1.0,,0.0,,,,,,,1.0,,,,0.0,,0.0,,0.0,,,,,,0.0,,,1.0,,1.0,,,1.0,,,,,,,,,,1.0,,,0.0,,,,,0.0,,1.0,,,,,,1.0,,,0.0,,0.0,1.0,,,,1.0,,,0.0,1.0,1.0,,,1.0
Miguel Arraes,,,,1.0,1.0,0.0,,,,1.0,1.0,,0.0,,,,,1.0,,0.0,,,,,,,,,,1.0,,,,,,,,,0.0,1.0,1.0,,,,1.0,,,,,,,,,,,,1.0,0.0,,,,,,,,1.0,,,,,,,,,1.0,,,1.0,0.0,,,,,,,,,,0.0,,0.0,0.0,0.0,,,,,,,,,0.0,,,0.0,,,,0.0,,,,,,,,,,,,,,,,,,,,,,,,,,,,,,,,,,,,,,,,,,,,,,,,,,,,,,,,,,,,,,,,,,,,,,,,,,,,,,,,,,,,,,,,1.0,,,,,,,,,,,,
Miguel de Souza,1.0,1.0,,1.0,1.0,0.0,,1.0,,1.0,1.0,,,,,,0.0,,0.0,,1.0,0.0,,1.0,,1.0,1.0,1.0,,1.0,,,,1.0,1.0,0.0,,1.0,0.0,1.0,1.0,,1.0,1.0,,1.0,1.0,,1.0,1.0,0.0,1.0,,,0.0,0.0,,,1.0,,,,1.0,0.0,0.0,,,,1.0,1.0,,0.0,1.0,0.0,1.0,0.0,,1.0,0.0,,,1.0,0.0,0.0,0.0,0.0,,1.0,0.0,,0.0,0.0,1.0,,,1.0,0.0,1.0,0.0,1.0,0.0,0.0,0.0,,0.0,0.0,0.0,,0.0,0.0,,0.0,0.0,0.0,0.0,1.0,,1.0,0.0,0.0,1.0,0.0,0.0,1.0,0.0,1.0,,0.0,0.0,1.0,0.0,0.0,0.0,1.0,,0.0,0.0,1.0,,0.0,1.0,,1.0,1.0,1.0,1.0,,1.0,0.0,0.0,1.0,0.0,0.0,,0.0,0.0,0.0,0.0,1.0,1.0,1.0,1.0,0.0,0.0,1.0,0.0,1.0,0.0,,,,0.0,0.0,,0.0,1.0,,0.0,1.0,,,0.0,0.0,,,,1.0,0.0,,0.0,,,,0.0,,1.0,,0.0,0.0,,1.0,,1.0,,1.0,1.0,,,
Milton Barbosa,1.0,1.0,1.0,1.0,1.0,,,,,0.0,0.0,0.0,,,,,,,,,,,1.0,,,1.0,1.0,1.0,,,1.0,1.0,,1.0,1.0,,1.0,1.0,0.0,1.0,1.0,0.0,,1.0,1.0,,1.0,1.0,1.0,1.0,0.0,1.0,1.0,0.0,,0.0,,,,,,,1.0,1.0,1.0,1.0,1.0,,1.0,1.0,,,,,,,,1.0,,,,1.0,,,,,1.0,1.0,1.0,,1.0,1.0,1.0,,,,,1.0,1.0,0.0,1.0,,,1.0,,,,1.0,,,,,,,,0.0,,0.0,1.0,1.0,1.0,0.0,,0.0,,0.0,,,,,0.0,,,1.0,1.0,,,,,,,1.0,0.0,1.0,1.0,,0.0,1.0,1.0,0.0,1.0,0.0,0.0,1.0,,0.0,1.0,1.0,1.0,,0.0,1.0,,,1.0,0.0,1.0,0.0,1.0,0.0,0.0,,,0.0,0.0,0.0,1.0,0.0,1.0,0.0,0.0,0.0,0.0,1.0,1.0,0.0,1.0,,0.0,0.0,1.0,0.0,,1.0,1.0,0.0,1.0,0.0,,,,1.0,,0.0,1.0,1.0,1.0,1.0,1.0
Milton Cardias,1.0,1.0,1.0,1.0,1.0,0.0,0.0,1.0,0.0,1.0,1.0,1.0,0.0,0.0,0.0,0.0,0.0,1.0,0.0,0.0,1.0,0.0,1.0,1.0,1.0,1.0,1.0,1.0,,,1.0,0.0,,0.0,1.0,,1.0,1.0,0.0,1.0,1.0,1.0,1.0,1.0,1.0,1.0,1.0,1.0,1.0,1.0,0.0,1.0,1.0,0.0,0.0,0.0,,,,0.0,,,1.0,1.0,1.0,1.0,1.0,1.0,,1.0,1.0,,,,,0.0,0.0,1.0,0.0,,,,0.0,,,0.0,1.0,1.0,0.0,0.0,0.0,,0.0,0.0,0.0,1.0,0.0,1.0,1.0,1.0,1.0,0.0,0.0,1.0,,,0.0,0.0,0.0,0.0,1.0,0.0,0.0,0.0,,,0.0,,0.0,0.0,,0.0,0.0,1.0,0.0,1.0,0.0,,0.0,0.0,0.0,0.0,,,1.0,0.0,0.0,,0.0,0.0,,0.0,1.0,1.0,,1.0,,1.0,0.0,0.0,1.0,0.0,0.0,0.0,0.0,0.0,0.0,0.0,,1.0,,1.0,,0.0,1.0,0.0,1.0,0.0,1.0,,,0.0,0.0,,,1.0,,0.0,1.0,,,,,,,,,,,,,,,,,,1.0,,,,,1.0,1.0,0.0,1.0,,1.0,1.0,1.0
Milton Monti,1.0,1.0,,1.0,1.0,0.0,,1.0,,,,,,,,,,1.0,0.0,0.0,1.0,0.0,,1.0,1.0,1.0,,1.0,0.0,1.0,1.0,0.0,0.0,1.0,,0.0,1.0,1.0,,1.0,1.0,,,1.0,,1.0,1.0,1.0,1.0,1.0,0.0,1.0,1.0,0.0,0.0,,1.0,0.0,,0.0,1.0,0.0,1.0,,0.0,1.0,1.0,1.0,1.0,1.0,1.0,,1.0,0.0,1.0,,,1.0,0.0,1.0,0.0,1.0,0.0,,0.0,0.0,,1.0,0.0,,0.0,0.0,,,,,0.0,1.0,,1.0,1.0,,0.0,1.0,,,0.0,,0.0,,,,0.0,0.0,,1.0,,1.0,1.0,0.0,1.0,,0.0,1.0,,1.0,,,,0.0,,0.0,0.0,1.0,,0.0,0.0,1.0,0.0,0.0,1.0,,1.0,1.0,1.0,1.0,1.0,,,,1.0,,,,0.0,0.0,0.0,0.0,1.0,1.0,,1.0,0.0,0.0,,0.0,1.0,0.0,1.0,0.0,0.0,,,0.0,,,0.0,0.0,1.0,0.0,0.0,0.0,0.0,0.0,1.0,0.0,1.0,0.0,0.0,,,,0.0,0.0,,1.0,,0.0,0.0,1.0,1.0,1.0,1.0,0.0,1.0,1.0,,,1.0
Miriam Reid,,,,0.0,0.0,,,,,,,,,,,,,,,,,,,,,,,,,,,,,,,,,,0.0,1.0,1.0,,,,,,,,,,,,,,,,,,,,,,,,,,,,,,,,,,,,,,,,,,,,,,,,,,,,,,,,,,,,,,,,,,,,,,,,,,,,,,,,,,,,,,,,,,,,,,,,,,,,,,,,,,,,,,,,,,,,,,,,,,,,,,,,,,,,,,,,,,,,,,,,,,,,,,,,,,,,,,,,,,,,,,,,
Miro Teixeira,1.0,1.0,1.0,,,,,,,,,,,,,,,,,,,,,1.0,0.0,,1.0,,0.0,1.0,,0.0,0.0,1.0,1.0,,1.0,1.0,,,,,,,,,1.0,1.0,1.0,1.0,0.0,1.0,,,0.0,0.0,1.0,0.0,1.0,0.0,1.0,0.0,1.0,0.0,1.0,1.0,1.0,,1.0,,,0.0,1.0,,1.0,0.0,0.0,0.0,0.0,0.0,,1.0,0.0,0.0,0.0,0.0,,1.0,1.0,0.0,1.0,1.0,1.0,0.0,0.0,1.0,0.0,1.0,1.0,1.0,1.0,0.0,0.0,1.0,0.0,0.0,0.0,1.0,0.0,0.0,0.0,0.0,0.0,0.0,0.0,1.0,,1.0,0.0,0.0,1.0,1.0,0.0,1.0,0.0,1.0,0.0,0.0,0.0,0.0,0.0,0.0,,1.0,1.0,0.0,0.0,0.0,0.0,0.0,1.0,0.0,1.0,1.0,1.0,1.0,1.0,1.0,0.0,,,,1.0,1.0,,,0.0,1.0,1.0,0.0,0.0,1.0,0.0,1.0,1.0,1.0,0.0,1.0,1.0,0.0,0.0,0.0,0.0,0.0,1.0,,1.0,,,0.0,0.0,0.0,0.0,1.0,1.0,0.0,0.0,1.0,1.0,0.0,1.0,,,0.0,1.0,0.0,,1.0,1.0,1.0,0.0,1.0,,0.0,0.0,0.0,1.0,0.0,0.0
Moacir Micheletto,1.0,1.0,,1.0,1.0,0.0,0.0,1.0,,1.0,1.0,1.0,0.0,,0.0,0.0,,1.0,0.0,0.0,1.0,0.0,1.0,1.0,0.0,1.0,1.0,1.0,,1.0,1.0,0.0,0.0,1.0,1.0,,1.0,1.0,0.0,1.0,1.0,1.0,1.0,1.0,1.0,1.0,1.0,1.0,1.0,1.0,0.0,1.0,1.0,0.0,0.0,0.0,1.0,0.0,,0.0,1.0,0.0,1.0,,1.0,1.0,1.0,1.0,1.0,1.0,1.0,0.0,1.0,0.0,,0.0,0.0,,0.0,1.0,0.0,1.0,0.0,0.0,,0.0,1.0,,0.0,,0.0,0.0,1.0,0.0,,1.0,0.0,,,1.0,,,0.0,1.0,0.0,0.0,,0.0,0.0,0.0,0.0,0.0,0.0,0.0,0.0,1.0,0.0,1.0,0.0,0.0,,1.0,0.0,1.0,0.0,1.0,0.0,0.0,,,,0.0,,1.0,,0.0,0.0,1.0,0.0,,1.0,0.0,1.0,1.0,1.0,1.0,,1.0,0.0,0.0,1.0,0.0,,1.0,,,0.0,0.0,1.0,1.0,,1.0,,0.0,1.0,,1.0,0.0,1.0,0.0,0.0,0.0,0.0,0.0,0.0,1.0,0.0,,,0.0,0.0,0.0,0.0,0.0,1.0,,,0.0,,0.0,1.0,0.0,0.0,,1.0,0.0,1.0,0.0,0.0,1.0,1.0,0.0,1.0,0.0,1.0,1.0,1.0,1.0,1.0
Moisés Lipnik,,,,,,,,,,,,,,,,,,,,,,,1.0,,,,,,,,,,,,,,,,0.0,0.0,1.0,,,,,,,,,,,,,,,,,,,,,,,,,,,,,,,,,,,,,,,,,,,,,,,,,,,,,,,,,,,,,,,,,,,,,,,,,,,,,,,,,,,,,,,,,,,,,,,,,,,,,,,,,,,,,,,,,,,,,,,,,,,,,,,,,,,,,,,,,,,,,,,,,,,,,,,,,,,,,,,,,,1.0,,,,,,
Moraes Souza,,1.0,1.0,1.0,1.0,0.0,0.0,1.0,,,,,0.0,0.0,0.0,0.0,0.0,,0.0,0.0,,0.0,1.0,1.0,1.0,1.0,,1.0,,1.0,1.0,0.0,0.0,1.0,1.0,0.0,1.0,1.0,0.0,1.0,,1.0,1.0,1.0,1.0,1.0,1.0,1.0,1.0,1.0,0.0,1.0,1.0,0.0,,,1.0,,1.0,0.0,1.0,,1.0,,,,,1.0,1.0,1.0,1.0,,,,,0.0,0.0,1.0,0.0,1.0,0.0,,0.0,,0.0,,1.0,,0.0,0.0,0.0,0.0,1.0,0.0,0.0,1.0,,,1.0,1.0,1.0,0.0,0.0,,,,,0.0,,,,0.0,0.0,0.0,0.0,1.0,0.0,1.0,,,1.0,1.0,,1.0,,1.0,,,,,,,0.0,,,0.0,,,0.0,,,,,1.0,,,1.0,1.0,0.0,0.0,1.0,0.0,,,0.0,0.0,0.0,0.0,1.0,,,1.0,,,1.0,0.0,1.0,0.0,1.0,,1.0,0.0,0.0,0.0,0.0,1.0,0.0,0.0,1.0,,0.0,,,0.0,,,1.0,,,,,,,,,,1.0,,0.0,1.0,,1.0,1.0,0.0,1.0,1.0,1.0,1.0,1.0
Moreira Franco,1.0,,,0.0,0.0,,,,0.0,1.0,1.0,1.0,0.0,,,,1.0,1.0,0.0,0.0,1.0,0.0,,1.0,0.0,1.0,1.0,0.0,0.0,,,1.0,,,1.0,,1.0,,,,1.0,1.0,,1.0,1.0,,,1.0,1.0,1.0,0.0,1.0,1.0,1.0,,,1.0,0.0,,,,,,0.0,1.0,1.0,1.0,1.0,,,1.0,1.0,1.0,0.0,1.0,,,0.0,,,,0.0,,,,1.0,,,1.0,,1.0,1.0,1.0,,,,,1.0,,0.0,1.0,,,,,,,1.0,,,,,,,,0.0,,1.0,,1.0,,1.0,,0.0,,0.0,,0.0,0.0,1.0,0.0,1.0,,1.0,1.0,,,,,1.0,0.0,0.0,1.0,1.0,1.0,0.0,0.0,0.0,0.0,,,,,,1.0,1.0,0.0,1.0,1.0,1.0,1.0,,1.0,1.0,,1.0,,1.0,1.0,,1.0,0.0,0.0,0.0,,,1.0,0.0,1.0,,0.0,0.0,,,1.0,0.0,0.0,,,0.0,0.0,0.0,,0.0,1.0,0.0,,0.0,0.0,,1.0,,1.0,0.0,1.0,1.0,1.0,1.0,1.0
Moroni Torgan,1.0,1.0,1.0,0.0,0.0,,,,,0.0,0.0,0.0,1.0,1.0,1.0,1.0,1.0,,,,,,1.0,1.0,0.0,1.0,1.0,1.0,,,1.0,1.0,,1.0,1.0,,1.0,1.0,0.0,0.0,0.0,,,1.0,1.0,1.0,1.0,1.0,1.0,1.0,0.0,1.0,1.0,,,,,,0.0,,,,1.0,1.0,1.0,1.0,1.0,1.0,1.0,,1.0,,,0.0,,,,0.0,,,,1.0,0.0,,,1.0,1.0,1.0,1.0,,1.0,1.0,1.0,,,,,1.0,1.0,0.0,1.0,,,1.0,,,,1.0,,,0.0,,,,,0.0,,0.0,1.0,1.0,1.0,1.0,,0.0,,0.0,1.0,0.0,,1.0,1.0,,,1.0,1.0,,,1.0,,,,0.0,1.0,1.0,1.0,1.0,0.0,0.0,1.0,,,,1.0,1.0,,,,,0.0,0.0,1.0,1.0,1.0,1.0,0.0,1.0,0.0,1.0,1.0,,1.0,,,,1.0,,1.0,,,,,,1.0,1.0,1.0,0.0,0.0,1.0,1.0,,1.0,1.0,1.0,0.0,1.0,0.0,1.0,,1.0,,1.0,1.0,1.0,0.0,1.0,1.0,1.0,0.0,0.0
Murilo Zauith,1.0,1.0,1.0,0.0,0.0,,,,,0.0,0.0,0.0,1.0,1.0,,1.0,,,,,0.0,,1.0,1.0,1.0,1.0,1.0,1.0,0.0,,1.0,,,1.0,1.0,,1.0,1.0,0.0,1.0,1.0,1.0,,,1.0,1.0,1.0,1.0,1.0,1.0,1.0,1.0,1.0,,,,,,0.0,,,,,1.0,1.0,1.0,1.0,1.0,1.0,,,,,,,,,,,,,,,,,1.0,1.0,1.0,1.0,,1.0,1.0,1.0,,,,,,1.0,0.0,1.0,,,1.0,,,,1.0,,,0.0,,,,,0.0,,,1.0,1.0,,1.0,,0.0,,0.0,1.0,0.0,,1.0,0.0,,,1.0,1.0,,,1.0,,,,,1.0,,1.0,1.0,0.0,0.0,1.0,,,,1.0,1.0,,,1.0,,0.0,1.0,,1.0,,,0.0,1.0,0.0,,0.0,,1.0,,,,1.0,,1.0,,,,,,1.0,1.0,,0.0,0.0,1.0,1.0,,1.0,1.0,1.0,0.0,1.0,0.0,1.0,1.0,,,1.0,1.0,1.0,0.0,1.0,1.0,1.0,1.0,1.0
Mussa Demes,1.0,,,0.0,0.0,,,,,0.0,,,,,,1.0,,,,,,,,1.0,1.0,1.0,1.0,1.0,,,1.0,,,,1.0,,1.0,1.0,0.0,1.0,1.0,0.0,,1.0,1.0,1.0,1.0,1.0,1.0,,1.0,1.0,1.0,,,,,,,,,,,1.0,1.0,1.0,1.0,,1.0,,,,,,1.0,,,,,,,,,,,,1.0,1.0,1.0,,,,,,,,,1.0,,0.0,0.0,,,1.0,,,,,,,,,,,,0.0,,0.0,1.0,,,1.0,,0.0,,0.0,1.0,0.0,,1.0,0.0,,,1.0,1.0,,,,,,,1.0,1.0,1.0,1.0,1.0,0.0,,,,,,,1.0,,,,1.0,0.0,,,1.0,,1.0,,,0.0,1.0,0.0,,,,,,,,,,,,,,,,,0.0,0.0,1.0,,,1.0,1.0,1.0,0.0,1.0,0.0,,1.0,,1.0,1.0,,1.0,,1.0,1.0,,1.0,
Márcio Fortes,,1.0,,,,,,,,,,,,,,,,,,,,,,,,,,,,,,,,,,,,1.0,,,,,,,,,1.0,,1.0,1.0,0.0,,,,,,,,,,,,,,,,,,,,,,,,,,,,,,,,,,,,,,,,,,,,,,,,,,,,,,,,,,,,,,,,,,,,,,,,,,,0.0,,,,1.0,0.0,,,,,,,,,,,1.0,1.0,,,1.0,0.0,,1.0,1.0,,,1.0,1.0,,,1.0,,0.0,,,1.0,,1.0,,,0.0,,,,,,,,,,,,,,,,,,,,,,,,,,,,,,,,,,,,,,0.0,,,,
Márcio Reinaldo Moreira,1.0,1.0,1.0,0.0,0.0,0.0,0.0,,0.0,1.0,1.0,,0.0,0.0,0.0,0.0,0.0,1.0,0.0,0.0,,0.0,1.0,1.0,0.0,,1.0,1.0,,,1.0,0.0,0.0,1.0,1.0,,1.0,1.0,0.0,1.0,,1.0,1.0,1.0,,1.0,1.0,1.0,1.0,1.0,0.0,,,,,,,,,,,,1.0,0.0,1.0,1.0,1.0,,1.0,1.0,,0.0,1.0,0.0,,,0.0,1.0,,,,1.0,0.0,0.0,,0.0,1.0,1.0,0.0,0.0,0.0,0.0,1.0,0.0,0.0,,0.0,,1.0,0.0,0.0,,0.0,1.0,0.0,0.0,0.0,0.0,0.0,0.0,,0.0,0.0,0.0,,1.0,0.0,1.0,0.0,0.0,1.0,1.0,0.0,1.0,0.0,1.0,0.0,0.0,0.0,0.0,0.0,0.0,0.0,1.0,1.0,0.0,0.0,,0.0,0.0,1.0,1.0,1.0,1.0,,1.0,0.0,1.0,0.0,,1.0,0.0,0.0,0.0,0.0,0.0,0.0,0.0,1.0,1.0,0.0,1.0,0.0,0.0,1.0,0.0,1.0,1.0,1.0,0.0,0.0,,0.0,0.0,0.0,,0.0,0.0,1.0,0.0,,0.0,,,1.0,0.0,,0.0,0.0,0.0,1.0,0.0,0.0,0.0,1.0,0.0,1.0,0.0,0.0,1.0,1.0,1.0,0.0,0.0,0.0,0.0,1.0,1.0,1.0
Mário Assad Júnior,1.0,1.0,1.0,1.0,1.0,,,1.0,0.0,1.0,1.0,1.0,0.0,,,,0.0,1.0,,0.0,1.0,0.0,1.0,1.0,1.0,,1.0,,,1.0,1.0,0.0,0.0,1.0,1.0,,1.0,1.0,0.0,1.0,1.0,1.0,1.0,1.0,1.0,1.0,1.0,1.0,1.0,1.0,0.0,1.0,1.0,0.0,0.0,0.0,,0.0,1.0,0.0,1.0,0.0,1.0,1.0,1.0,1.0,1.0,,1.0,,,0.0,1.0,0.0,,0.0,0.0,1.0,0.0,1.0,0.0,1.0,0.0,0.0,0.0,0.0,1.0,1.0,0.0,0.0,0.0,0.0,1.0,,0.0,,0.0,1.0,,1.0,1.0,,0.0,1.0,0.0,0.0,0.0,0.0,0.0,0.0,1.0,0.0,,0.0,0.0,1.0,0.0,1.0,1.0,0.0,1.0,0.0,0.0,,0.0,1.0,,,0.0,0.0,0.0,0.0,0.0,1.0,1.0,0.0,0.0,1.0,0.0,0.0,1.0,0.0,1.0,1.0,1.0,1.0,1.0,1.0,0.0,0.0,1.0,0.0,0.0,0.0,1.0,0.0,0.0,,1.0,0.0,1.0,1.0,0.0,0.0,1.0,0.0,0.0,1.0,1.0,0.0,0.0,0.0,0.0,0.0,0.0,1.0,0.0,0.0,1.0,0.0,0.0,0.0,0.0,,1.0,0.0,1.0,0.0,0.0,0.0,0.0,0.0,0.0,1.0,1.0,0.0,,0.0,0.0,1.0,0.0,1.0,1.0,0.0,1.0,1.0,,,1.0
Mário Heringer,1.0,,1.0,1.0,1.0,0.0,0.0,,0.0,1.0,1.0,1.0,0.0,0.0,0.0,0.0,0.0,1.0,0.0,0.0,1.0,0.0,1.0,1.0,1.0,1.0,1.0,1.0,0.0,,,1.0,,1.0,1.0,,1.0,1.0,0.0,,1.0,1.0,1.0,1.0,1.0,1.0,1.0,1.0,1.0,1.0,,1.0,1.0,,0.0,,1.0,,1.0,0.0,1.0,0.0,1.0,0.0,,,,,1.0,1.0,1.0,0.0,,,1.0,0.0,0.0,0.0,0.0,1.0,1.0,,0.0,0.0,0.0,,1.0,1.0,1.0,0.0,1.0,1.0,1.0,,,1.0,,1.0,0.0,1.0,0.0,1.0,0.0,1.0,0.0,0.0,0.0,0.0,0.0,0.0,,0.0,0.0,0.0,0.0,0.0,0.0,1.0,0.0,,1.0,1.0,,1.0,,0.0,0.0,0.0,0.0,1.0,0.0,,,1.0,1.0,1.0,,0.0,,,0.0,,0.0,1.0,1.0,1.0,1.0,1.0,0.0,0.0,,,,1.0,,,0.0,1.0,1.0,0.0,0.0,1.0,0.0,0.0,1.0,1.0,0.0,0.0,,,,0.0,0.0,0.0,,,1.0,,,0.0,0.0,0.0,,1.0,0.0,0.0,0.0,,1.0,0.0,1.0,0.0,1.0,0.0,1.0,0.0,1.0,1.0,1.0,1.0,1.0,1.0,1.0,0.0,1.0,1.0,1.0,1.0,1.0
Mário Negromonte,,1.0,1.0,1.0,1.0,,0.0,1.0,,1.0,1.0,1.0,0.0,0.0,0.0,0.0,0.0,1.0,,0.0,1.0,,1.0,1.0,1.0,,1.0,1.0,0.0,1.0,1.0,,,1.0,,0.0,1.0,1.0,0.0,1.0,1.0,1.0,1.0,1.0,1.0,1.0,,1.0,1.0,1.0,0.0,1.0,1.0,0.0,,0.0,,,1.0,,,,1.0,0.0,0.0,1.0,1.0,1.0,1.0,1.0,1.0,0.0,,0.0,1.0,,,,,,,1.0,,0.0,,0.0,1.0,1.0,,,0.0,0.0,0.0,,,1.0,0.0,1.0,,1.0,1.0,,,1.0,0.0,,0.0,0.0,0.0,0.0,,,0.0,0.0,0.0,1.0,0.0,1.0,,0.0,,0.0,0.0,1.0,0.0,1.0,,0.0,,,,0.0,0.0,1.0,1.0,0.0,,1.0,0.0,0.0,1.0,,1.0,1.0,,1.0,0.0,1.0,0.0,0.0,1.0,0.0,0.0,0.0,0.0,0.0,0.0,0.0,1.0,1.0,1.0,,,,1.0,0.0,1.0,1.0,,,,0.0,0.0,,,1.0,0.0,,1.0,0.0,,0.0,,,0.0,,1.0,,,,1.0,,0.0,0.0,,1.0,1.0,0.0,0.0,,,1.0,,,1.0,1.0,1.0,1.0,1.0
Múcio Sá,,,,1.0,1.0,,,,,1.0,1.0,1.0,0.0,,0.0,0.0,0.0,1.0,0.0,0.0,,,1.0,1.0,1.0,,,,,1.0,,,,,,,,,0.0,,,,,,,1.0,,,,,,,1.0,0.0,,,,,,,1.0,0.0,,,,,,1.0,1.0,,1.0,,1.0,0.0,,,,,0.0,1.0,0.0,1.0,,0.0,,0.0,,,0.0,,0.0,0.0,,,,,,1.0,,1.0,,,,,,,,,,,,,,,,,,,,,,,,,,,,,,,,,,,,,,,,,,,,,,,,,,,,,,,,,,,,,,,,,,,,,,,,,,,,,,,,,,,,,,,,,,,,,,,,,1.0,,,,,,,,,,1.0,1.0,1.0
Narcio Rodrigues,1.0,1.0,1.0,1.0,1.0,,,1.0,0.0,1.0,0.0,1.0,1.0,,,1.0,1.0,,,0.0,,0.0,,1.0,0.0,1.0,,0.0,0.0,,1.0,1.0,,,1.0,,1.0,1.0,0.0,,,0.0,0.0,,,1.0,1.0,1.0,1.0,1.0,0.0,,1.0,1.0,1.0,,,,,,,,,0.0,1.0,1.0,1.0,1.0,,,,,,,,,,,,,,,,,1.0,1.0,1.0,1.0,1.0,,,,1.0,,,,,1.0,,0.0,,,,1.0,,,,,,,0.0,,,,,0.0,,0.0,1.0,,,0.0,,1.0,,0.0,,,,1.0,0.0,,,1.0,1.0,,,1.0,,,,0.0,1.0,1.0,,,0.0,,,,1.0,,,,,,0.0,,0.0,1.0,,1.0,1.0,,,,1.0,1.0,0.0,,,1.0,,,1.0,,1.0,,,,,,1.0,1.0,,1.0,,,,,,,,0.0,1.0,0.0,,1.0,1.0,1.0,1.0,1.0,,0.0,1.0,1.0,1.0,1.0,
Narciso Mendes,,,,,,,,,,,,,,,,,,,,,,,,,,,,,,,,,,,,,,,0.0,1.0,,,,,,,,,,,,,,,,,,,,,,,,,,,,,,,,,,,,,,,,,,,,,,,,,,,,,,,,,,,,,,,,,,,,,,,,,,,,,,,,,,,,,,,,,,,,,,,,,,,,,,,,,,,,,,,,,,,,,,,,,,,,,,,,,,,,,,,,,,,,,,,,,,,,,,,,,,,,,,,,,,,,,,,,,
Natan Donadon,1.0,1.0,,,,,,,,,,,,,,,,,,,,,,,,,,,0.0,,,,,1.0,1.0,,1.0,1.0,,,,,,,,,1.0,1.0,1.0,1.0,0.0,1.0,,,,,,,,,,,,,1.0,1.0,1.0,,,,,,,,,,,,,,,,,,,,,1.0,,,,,,,,,,,1.0,,1.0,,,,,,,,,,,,,,,,,1.0,0.0,0.0,,1.0,0.0,1.0,0.0,1.0,0.0,0.0,0.0,0.0,0.0,0.0,0.0,1.0,1.0,0.0,0.0,1.0,0.0,0.0,1.0,,1.0,1.0,,1.0,1.0,1.0,0.0,0.0,1.0,0.0,0.0,0.0,0.0,0.0,,0.0,1.0,,,1.0,0.0,0.0,1.0,,1.0,0.0,1.0,0.0,0.0,0.0,0.0,0.0,0.0,1.0,0.0,0.0,1.0,0.0,0.0,0.0,0.0,0.0,1.0,0.0,1.0,0.0,0.0,0.0,0.0,0.0,0.0,0.0,1.0,0.0,,0.0,,1.0,1.0,,,0.0,1.0,1.0,,,
Nazareno Fonteles,1.0,1.0,1.0,1.0,,,,,,,,,,,,,,,,,,,,1.0,0.0,,,1.0,0.0,1.0,1.0,,0.0,0.0,0.0,0.0,1.0,1.0,,,,,,,1.0,,1.0,1.0,1.0,1.0,0.0,1.0,1.0,0.0,0.0,0.0,1.0,0.0,,0.0,1.0,1.0,1.0,0.0,0.0,1.0,1.0,1.0,1.0,,,0.0,1.0,0.0,1.0,,,,0.0,1.0,0.0,1.0,0.0,0.0,0.0,0.0,1.0,1.0,0.0,,,,0.0,0.0,0.0,1.0,0.0,,1.0,1.0,1.0,0.0,0.0,1.0,,,0.0,0.0,,0.0,1.0,,0.0,0.0,0.0,0.0,0.0,1.0,0.0,0.0,1.0,0.0,0.0,1.0,0.0,,0.0,0.0,0.0,0.0,0.0,0.0,0.0,1.0,1.0,0.0,0.0,1.0,0.0,0.0,1.0,0.0,1.0,1.0,1.0,0.0,1.0,1.0,0.0,0.0,1.0,0.0,0.0,0.0,0.0,0.0,0.0,,1.0,,0.0,1.0,0.0,0.0,1.0,0.0,1.0,0.0,1.0,0.0,0.0,0.0,0.0,0.0,0.0,,0.0,0.0,1.0,0.0,0.0,0.0,0.0,0.0,0.0,0.0,,0.0,,0.0,0.0,0.0,,,1.0,1.0,1.0,0.0,,1.0,0.0,1.0,,0.0,0.0,0.0,,1.0,1.0
Neiva Moreira,1.0,1.0,,1.0,0.0,0.0,0.0,1.0,0.0,1.0,1.0,1.0,0.0,0.0,0.0,0.0,,1.0,0.0,0.0,1.0,,1.0,,,1.0,1.0,1.0,,,,,,,,,1.0,1.0,0.0,,,1.0,1.0,1.0,,1.0,1.0,1.0,1.0,1.0,0.0,1.0,,,,,,,,,,,,0.0,,,,,,1.0,1.0,,,,,,,,,,,,,,,,1.0,1.0,,,,,,,,,,,0.0,,1.0,,,,,,,,0.0,0.0,,0.0,0.0,0.0,0.0,0.0,0.0,,,,,1.0,,1.0,,0.0,0.0,0.0,,1.0,,1.0,,,1.0,,,,,1.0,,0.0,,1.0,1.0,1.0,1.0,1.0,0.0,,,,1.0,,,,0.0,,1.0,,,1.0,0.0,1.0,1.0,1.0,0.0,1.0,,0.0,1.0,0.0,0.0,0.0,1.0,,1.0,,,,,0.0,0.0,1.0,,0.0,0.0,1.0,1.0,0.0,1.0,,,,1.0,0.0,1.0,,1.0,1.0,,,1.0,0.0,1.0,1.0,,,
Nelson Bornier,1.0,,,0.0,,0.0,0.0,,0.0,1.0,1.0,1.0,,,,0.0,0.0,1.0,,0.0,1.0,0.0,1.0,1.0,0.0,,,0.0,,,,,,1.0,,,,1.0,0.0,,1.0,1.0,1.0,,,,1.0,1.0,1.0,1.0,,,1.0,,,,1.0,,,,1.0,0.0,,,1.0,1.0,1.0,1.0,1.0,1.0,1.0,,,,,0.0,,,,0.0,,0.0,,,,,1.0,,1.0,,1.0,1.0,,,,,,,,,1.0,,,,,,,,,,,0.0,0.0,0.0,0.0,1.0,0.0,,1.0,1.0,1.0,1.0,,,,0.0,,,,1.0,0.0,,,1.0,,,,1.0,,,,,1.0,,1.0,,1.0,0.0,1.0,,,,,1.0,,,0.0,,,1.0,,1.0,0.0,0.0,,0.0,1.0,,,0.0,,0.0,0.0,,1.0,,0.0,0.0,1.0,,0.0,,1.0,1.0,,,,,0.0,0.0,,,1.0,,1.0,0.0,1.0,1.0,1.0,1.0,1.0,,,0.0,1.0,1.0,1.0,1.0,
Nelson Marquezelli,1.0,1.0,,1.0,,0.0,,1.0,0.0,1.0,1.0,1.0,0.0,0.0,0.0,0.0,0.0,1.0,0.0,0.0,1.0,0.0,1.0,1.0,1.0,1.0,,,,1.0,1.0,,0.0,,1.0,0.0,1.0,1.0,0.0,1.0,1.0,1.0,1.0,1.0,,1.0,,1.0,1.0,1.0,0.0,1.0,,0.0,0.0,,1.0,,,0.0,,,,1.0,1.0,1.0,1.0,,1.0,1.0,1.0,,1.0,,1.0,,0.0,1.0,0.0,1.0,0.0,,,,0.0,,1.0,,0.0,0.0,0.0,0.0,1.0,0.0,0.0,,0.0,1.0,,1.0,0.0,0.0,0.0,1.0,,,0.0,0.0,0.0,,1.0,,,0.0,,1.0,0.0,,0.0,0.0,1.0,0.0,0.0,1.0,0.0,1.0,0.0,0.0,0.0,0.0,,0.0,,1.0,1.0,0.0,0.0,1.0,0.0,0.0,1.0,1.0,1.0,1.0,1.0,1.0,1.0,,,0.0,1.0,0.0,0.0,0.0,0.0,0.0,0.0,0.0,1.0,1.0,1.0,1.0,0.0,0.0,1.0,0.0,,0.0,1.0,0.0,,0.0,0.0,0.0,0.0,1.0,,0.0,1.0,0.0,0.0,,0.0,0.0,1.0,0.0,1.0,0.0,0.0,0.0,0.0,0.0,0.0,,1.0,1.0,1.0,0.0,0.0,1.0,1.0,1.0,,,1.0,1.0,1.0,1.0,1.0
Nelson Meurer,1.0,1.0,1.0,1.0,1.0,0.0,0.0,1.0,0.0,1.0,1.0,1.0,0.0,0.0,0.0,,0.0,1.0,0.0,0.0,1.0,0.0,1.0,1.0,1.0,1.0,1.0,1.0,0.0,1.0,1.0,0.0,0.0,1.0,,0.0,1.0,1.0,0.0,1.0,1.0,1.0,1.0,1.0,1.0,1.0,1.0,1.0,1.0,1.0,0.0,1.0,1.0,0.0,,,,,1.0,,,,1.0,0.0,0.0,1.0,1.0,1.0,1.0,1.0,1.0,0.0,1.0,0.0,1.0,,0.0,1.0,0.0,1.0,,1.0,0.0,0.0,0.0,0.0,1.0,1.0,0.0,,0.0,0.0,0.0,0.0,0.0,1.0,0.0,1.0,,1.0,0.0,0.0,0.0,1.0,0.0,0.0,0.0,0.0,0.0,0.0,,0.0,0.0,0.0,,1.0,0.0,1.0,0.0,0.0,1.0,0.0,0.0,1.0,0.0,1.0,0.0,0.0,,0.0,0.0,0.0,0.0,,1.0,0.0,0.0,1.0,0.0,0.0,1.0,0.0,1.0,1.0,1.0,1.0,1.0,1.0,0.0,0.0,1.0,0.0,0.0,0.0,0.0,0.0,0.0,0.0,1.0,1.0,1.0,1.0,0.0,0.0,1.0,0.0,1.0,0.0,1.0,0.0,,0.0,0.0,0.0,,1.0,0.0,0.0,,0.0,0.0,0.0,0.0,0.0,,,1.0,0.0,0.0,0.0,0.0,0.0,0.0,1.0,,1.0,1.0,0.0,0.0,1.0,1.0,1.0,1.0,,0.0,0.0,1.0,1.0,1.0
Nelson Pellegrino,1.0,1.0,,1.0,1.0,0.0,0.0,,0.0,1.0,1.0,1.0,,0.0,,0.0,0.0,1.0,,0.0,1.0,0.0,,1.0,1.0,,1.0,1.0,0.0,,,,0.0,,,0.0,1.0,1.0,0.0,1.0,1.0,1.0,1.0,,1.0,1.0,1.0,1.0,,,,,1.0,0.0,0.0,,1.0,0.0,,0.0,,0.0,1.0,0.0,1.0,1.0,1.0,,1.0,,1.0,0.0,,0.0,,0.0,0.0,1.0,0.0,1.0,0.0,1.0,0.0,,0.0,,1.0,1.0,0.0,0.0,0.0,0.0,0.0,,0.0,,0.0,,1.0,1.0,1.0,,0.0,,,,,,,0.0,,0.0,,0.0,0.0,1.0,,1.0,,0.0,1.0,0.0,,1.0,0.0,1.0,0.0,,,0.0,0.0,,0.0,,,0.0,0.0,0.0,0.0,0.0,1.0,0.0,1.0,0.0,1.0,1.0,1.0,1.0,0.0,0.0,1.0,0.0,,0.0,0.0,0.0,0.0,0.0,1.0,,1.0,,0.0,0.0,,,1.0,0.0,1.0,0.0,0.0,0.0,0.0,0.0,,,0.0,0.0,,0.0,0.0,0.0,0.0,0.0,0.0,0.0,1.0,0.0,,,0.0,,,,,1.0,1.0,0.0,0.0,1.0,0.0,,1.0,0.0,1.0,0.0,,,1.0
Nelson Proença,,,1.0,1.0,1.0,0.0,0.0,1.0,0.0,1.0,1.0,1.0,,0.0,0.0,0.0,0.0,1.0,0.0,0.0,1.0,0.0,,,,,,1.0,,,1.0,0.0,,1.0,1.0,0.0,1.0,,0.0,1.0,1.0,,,1.0,,1.0,,1.0,1.0,1.0,0.0,,,,,,,0.0,,0.0,,,,,1.0,,1.0,,,1.0,1.0,,,,,0.0,0.0,,0.0,1.0,,0.0,,,,,1.0,,1.0,,,,,0.0,0.0,1.0,,,,1.0,1.0,0.0,,1.0,,,,0.0,0.0,0.0,,,0.0,0.0,0.0,1.0,0.0,1.0,,0.0,,1.0,,0.0,,0.0,0.0,0.0,0.0,1.0,0.0,,,1.0,1.0,,,,,1.0,,0.0,0.0,1.0,1.0,,,,0.0,,,,,1.0,,,,1.0,,,,1.0,0.0,,,1.0,0.0,1.0,,,,0.0,,,,,,,1.0,,,,,,,,,,,,,,1.0,,1.0,,1.0,,1.0,,,1.0,,0.0,1.0,1.0,,1.0,1.0
Nelson Trad,1.0,1.0,,0.0,0.0,1.0,0.0,1.0,0.0,1.0,1.0,1.0,0.0,,,,,,,0.0,,0.0,1.0,1.0,0.0,1.0,,,0.0,1.0,,,0.0,1.0,1.0,0.0,1.0,1.0,0.0,,,,1.0,,1.0,1.0,1.0,1.0,1.0,1.0,0.0,1.0,1.0,0.0,0.0,0.0,,0.0,1.0,0.0,,,1.0,,1.0,1.0,1.0,1.0,1.0,1.0,1.0,,1.0,0.0,1.0,0.0,0.0,,0.0,,0.0,0.0,0.0,,,,,,,,1.0,1.0,1.0,0.0,,,,1.0,1.0,1.0,1.0,,,,0.0,0.0,,0.0,0.0,,1.0,,,,,,,1.0,0.0,0.0,,1.0,0.0,1.0,0.0,0.0,0.0,1.0,0.0,0.0,0.0,,,1.0,1.0,,0.0,0.0,0.0,0.0,1.0,0.0,,1.0,1.0,,1.0,1.0,0.0,,,,,,0.0,0.0,0.0,0.0,,1.0,,1.0,0.0,0.0,1.0,0.0,1.0,,1.0,0.0,1.0,,0.0,,0.0,1.0,0.0,0.0,,0.0,,0.0,0.0,,1.0,0.0,1.0,,,0.0,1.0,0.0,,0.0,1.0,,,0.0,1.0,,,,1.0,0.0,1.0,1.0,1.0,1.0,
Neucimar Fraga,1.0,,,1.0,1.0,,,,,,,,,0.0,0.0,0.0,0.0,1.0,0.0,,1.0,,1.0,1.0,,1.0,1.0,,0.0,1.0,1.0,,0.0,,,0.0,1.0,1.0,0.0,1.0,1.0,1.0,1.0,,1.0,1.0,1.0,1.0,1.0,1.0,0.0,,1.0,,0.0,0.0,1.0,0.0,,,,0.0,1.0,,1.0,1.0,1.0,1.0,1.0,1.0,,0.0,1.0,,,,0.0,,,1.0,0.0,1.0,0.0,0.0,0.0,,1.0,1.0,1.0,0.0,,0.0,,,,1.0,0.0,,,,1.0,,0.0,1.0,0.0,0.0,0.0,,,,1.0,0.0,0.0,0.0,,1.0,0.0,1.0,,0.0,,,0.0,1.0,0.0,1.0,0.0,,0.0,,0.0,0.0,0.0,1.0,,0.0,0.0,1.0,0.0,0.0,1.0,,1.0,1.0,,,1.0,1.0,,0.0,,0.0,,,0.0,0.0,,,1.0,,1.0,1.0,0.0,0.0,1.0,,,,,0.0,0.0,,,,0.0,1.0,,,1.0,0.0,0.0,,0.0,0.0,1.0,0.0,,,,0.0,0.0,0.0,1.0,1.0,1.0,1.0,1.0,0.0,0.0,1.0,,1.0,1.0,0.0,1.0,1.0,,,1.0
Neuton Lima,,,1.0,1.0,1.0,0.0,0.0,1.0,0.0,1.0,1.0,1.0,0.0,0.0,0.0,,0.0,1.0,0.0,0.0,1.0,0.0,1.0,,,1.0,,,0.0,,1.0,,,,,0.0,1.0,1.0,0.0,1.0,,,1.0,,1.0,1.0,1.0,1.0,,1.0,0.0,,1.0,,,,,0.0,,0.0,1.0,0.0,,1.0,1.0,1.0,1.0,1.0,1.0,1.0,,,1.0,0.0,1.0,,0.0,0.0,,1.0,,1.0,0.0,,,,1.0,,0.0,0.0,0.0,0.0,0.0,,0.0,1.0,,1.0,,1.0,0.0,,,1.0,,0.0,0.0,0.0,,0.0,1.0,0.0,,0.0,0.0,1.0,0.0,,0.0,0.0,,0.0,0.0,,,,,0.0,,1.0,0.0,0.0,0.0,,1.0,0.0,0.0,1.0,0.0,1.0,1.0,0.0,1.0,1.0,0.0,1.0,,1.0,0.0,0.0,1.0,,0.0,1.0,0.0,0.0,,,1.0,1.0,,1.0,0.0,0.0,1.0,,1.0,0.0,1.0,,0.0,,,0.0,0.0,1.0,0.0,0.0,,0.0,,,0.0,0.0,1.0,,1.0,,,,,0.0,,0.0,1.0,0.0,,0.0,0.0,1.0,1.0,1.0,1.0,0.0,1.0,1.0,1.0,1.0,1.0
Ney Lopes,1.0,,,0.0,0.0,,,,,,,,,,1.0,1.0,1.0,,,,,,1.0,1.0,1.0,,1.0,1.0,0.0,,,,,1.0,1.0,,,,0.0,1.0,,0.0,,1.0,,1.0,,,,,,,,,,,,,,,,,,,1.0,1.0,1.0,,1.0,,,,,,,,,,,,,,,,,,,1.0,1.0,,1.0,,,,,,,,,,,,,,,,,,,,,,,,,,,,1.0,1.0,,,,,,0.0,1.0,0.0,,,,,,1.0,,,,1.0,,,,,,,1.0,,,,,,,,,1.0,,,,,0.0,1.0,,1.0,,1.0,,,,,,,1.0,,,,,,1.0,,,,,,,,,0.0,,1.0,1.0,,1.0,,,0.0,1.0,0.0,1.0,1.0,,,,,,,,,,,
Neyde Aparecida,1.0,1.0,1.0,1.0,1.0,,,,0.0,1.0,1.0,1.0,0.0,0.0,0.0,0.0,0.0,1.0,0.0,,,,1.0,1.0,1.0,,1.0,1.0,0.0,1.0,,0.0,0.0,1.0,1.0,,1.0,1.0,0.0,1.0,,1.0,1.0,1.0,1.0,1.0,1.0,1.0,1.0,1.0,0.0,1.0,1.0,0.0,0.0,0.0,1.0,0.0,1.0,0.0,1.0,0.0,1.0,0.0,0.0,1.0,1.0,,1.0,1.0,1.0,0.0,1.0,,1.0,0.0,0.0,1.0,0.0,1.0,0.0,1.0,0.0,0.0,0.0,0.0,1.0,1.0,0.0,0.0,0.0,0.0,0.0,0.0,0.0,,0.0,1.0,1.0,1.0,1.0,0.0,,1.0,,,,,,,1.0,0.0,,0.0,0.0,1.0,0.0,1.0,0.0,0.0,1.0,,0.0,1.0,0.0,1.0,0.0,,0.0,0.0,,,0.0,1.0,1.0,0.0,0.0,1.0,0.0,0.0,1.0,0.0,1.0,1.0,1.0,1.0,1.0,1.0,0.0,0.0,1.0,0.0,,0.0,0.0,0.0,0.0,0.0,1.0,0.0,,1.0,0.0,0.0,1.0,0.0,1.0,0.0,1.0,0.0,0.0,0.0,0.0,0.0,0.0,1.0,0.0,0.0,1.0,0.0,,0.0,0.0,0.0,0.0,0.0,1.0,,0.0,0.0,0.0,0.0,0.0,1.0,,1.0,1.0,0.0,0.0,1.0,0.0,1.0,1.0,0.0,1.0,0.0,1.0,1.0,1.0
Nice Lobão,,,,0.0,0.0,,,,,0.0,0.0,0.0,,1.0,1.0,1.0,1.0,,,1.0,,,1.0,1.0,1.0,,1.0,1.0,,,1.0,1.0,,1.0,1.0,,1.0,,,,1.0,,,,1.0,,,1.0,1.0,1.0,0.0,1.0,1.0,,,,,,,,,,1.0,1.0,1.0,1.0,1.0,1.0,1.0,,,,,,,,,,,,,,,,,1.0,,1.0,1.0,,1.0,1.0,1.0,,,,,1.0,0.0,0.0,0.0,,,1.0,,,,1.0,,,,,,,,,,0.0,1.0,1.0,,1.0,,0.0,,0.0,1.0,0.0,,1.0,0.0,,,,1.0,,,,,,,1.0,0.0,1.0,1.0,1.0,0.0,0.0,1.0,,,,1.0,1.0,,,1.0,,0.0,1.0,1.0,,,1.0,0.0,1.0,0.0,1.0,0.0,,1.0,,,,1.0,,1.0,,,,,,,,,,0.0,,,,,,,,,,,,1.0,1.0,,1.0,1.0,0.0,1.0,1.0,1.0,1.0,
Nicias Ribeiro,1.0,1.0,,0.0,0.0,,,1.0,0.0,0.0,0.0,,,,,,,,0.0,,,0.0,1.0,1.0,0.0,,,,,,,,,,,,1.0,1.0,0.0,1.0,,,,1.0,1.0,,1.0,1.0,,,,1.0,1.0,,,,,,0.0,,,,1.0,,1.0,1.0,1.0,1.0,1.0,,,,,,,,,,,,,,,,,,1.0,,1.0,,1.0,1.0,1.0,,,,,,,,1.0,,,,,,,,,,,,,,,,,0.0,,,,1.0,,,,0.0,,0.0,,1.0,0.0,,,1.0,1.0,,,,,,,,,,,,0.0,0.0,1.0,,,,,,,,,1.0,,,0.0,,,,,,1.0,1.0,0.0,,1.0,,,,,,,,,,0.0,,1.0,1.0,1.0,,,,,,,,,,1.0,0.0,,,,,,,,,1.0,1.0,1.0,1.0,
Nilson Mourão,1.0,1.0,1.0,1.0,1.0,0.0,0.0,1.0,0.0,1.0,1.0,1.0,0.0,0.0,0.0,0.0,0.0,1.0,,0.0,1.0,0.0,1.0,1.0,1.0,1.0,,1.0,0.0,1.0,1.0,0.0,0.0,1.0,0.0,0.0,1.0,1.0,0.0,1.0,1.0,1.0,1.0,1.0,1.0,1.0,1.0,1.0,,,,1.0,1.0,0.0,0.0,,1.0,0.0,1.0,0.0,1.0,0.0,1.0,0.0,0.0,1.0,1.0,1.0,1.0,1.0,1.0,0.0,1.0,,1.0,0.0,0.0,1.0,0.0,1.0,0.0,1.0,0.0,0.0,0.0,0.0,1.0,1.0,0.0,0.0,0.0,0.0,0.0,0.0,0.0,1.0,0.0,1.0,1.0,1.0,1.0,0.0,0.0,1.0,0.0,0.0,0.0,,,,,0.0,0.0,0.0,0.0,1.0,0.0,1.0,0.0,0.0,1.0,0.0,0.0,,0.0,1.0,0.0,0.0,0.0,0.0,0.0,0.0,0.0,1.0,1.0,0.0,0.0,0.0,0.0,0.0,1.0,0.0,1.0,1.0,1.0,1.0,1.0,1.0,0.0,0.0,1.0,0.0,,0.0,0.0,0.0,0.0,0.0,1.0,,1.0,1.0,,0.0,1.0,0.0,,,1.0,0.0,0.0,0.0,0.0,0.0,0.0,1.0,0.0,0.0,1.0,0.0,0.0,0.0,0.0,0.0,0.0,0.0,1.0,0.0,,0.0,0.0,0.0,0.0,0.0,,1.0,1.0,0.0,0.0,1.0,0.0,1.0,1.0,,,0.0,1.0,1.0,1.0
Nilson Pinto,,1.0,1.0,0.0,0.0,0.0,,1.0,,0.0,0.0,0.0,1.0,,1.0,1.0,1.0,0.0,1.0,,,,1.0,1.0,0.0,1.0,1.0,0.0,0.0,,1.0,1.0,,1.0,1.0,,1.0,1.0,0.0,1.0,,0.0,,,1.0,1.0,1.0,1.0,1.0,1.0,0.0,1.0,1.0,,,,,,0.0,,,,1.0,0.0,1.0,1.0,1.0,1.0,1.0,0.0,,,,,,,,,,,,0.0,,,1.0,,1.0,1.0,,,1.0,1.0,,,,,,,,0.0,,,0.0,1.0,,,,,,,0.0,,,,,0.0,,0.0,1.0,1.0,1.0,0.0,,0.0,,0.0,,0.0,,1.0,0.0,,,,,,,1.0,,,,,1.0,1.0,,1.0,,,,,,,1.0,,,,0.0,1.0,0.0,1.0,0.0,1.0,1.0,1.0,1.0,1.0,1.0,0.0,0.0,,1.0,1.0,,,1.0,,,,,0.0,0.0,,,,1.0,,0.0,,,,1.0,1.0,1.0,0.0,1.0,0.0,,,1.0,,,1.0,1.0,0.0,1.0,1.0,1.0,1.0,1.0
Nilton Baiano,1.0,1.0,1.0,0.0,0.0,0.0,0.0,1.0,0.0,1.0,1.0,1.0,0.0,0.0,0.0,0.0,0.0,1.0,0.0,0.0,1.0,0.0,1.0,0.0,0.0,1.0,1.0,1.0,0.0,1.0,1.0,1.0,0.0,1.0,1.0,0.0,1.0,1.0,0.0,1.0,1.0,1.0,1.0,1.0,,1.0,1.0,1.0,,1.0,1.0,1.0,1.0,0.0,,,,,1.0,,,,1.0,0.0,1.0,1.0,1.0,1.0,1.0,1.0,1.0,0.0,1.0,,1.0,,,,,,,1.0,,0.0,0.0,0.0,,1.0,1.0,0.0,1.0,1.0,1.0,0.0,0.0,,0.0,1.0,1.0,0.0,1.0,,,1.0,0.0,0.0,0.0,0.0,0.0,0.0,0.0,0.0,0.0,0.0,1.0,0.0,0.0,1.0,0.0,0.0,1.0,1.0,0.0,1.0,,0.0,0.0,0.0,0.0,1.0,0.0,0.0,0.0,1.0,1.0,1.0,0.0,1.0,0.0,0.0,,,,1.0,0.0,1.0,0.0,1.0,0.0,0.0,1.0,0.0,1.0,1.0,0.0,0.0,0.0,0.0,1.0,1.0,1.0,1.0,0.0,0.0,1.0,0.0,1.0,1.0,,0.0,1.0,0.0,,0.0,,,0.0,0.0,1.0,0.0,0.0,0.0,0.0,1.0,1.0,0.0,0.0,0.0,1.0,1.0,1.0,,1.0,0.0,1.0,0.0,1.0,0.0,1.0,1.0,1.0,1.0,1.0,0.0,0.0,0.0,0.0,0.0,0.0
Nilton Capixaba,,,,1.0,1.0,,,1.0,,1.0,,1.0,0.0,,,,,,,,,0.0,1.0,1.0,1.0,,,,,1.0,,,0.0,,,0.0,1.0,,0.0,1.0,1.0,,,,1.0,,,1.0,1.0,,,,,,0.0,0.0,,,,0.0,,,,,1.0,,,,,,1.0,,,,1.0,,0.0,,0.0,,,1.0,,0.0,,0.0,1.0,,0.0,,0.0,0.0,,,,1.0,,,,,,,,,,,0.0,,,0.0,,,0.0,,0.0,1.0,,,,,,0.0,0.0,,,,,,,0.0,,,0.0,,,,,1.0,,0.0,1.0,,1.0,,,,1.0,,,,,,0.0,,,,,,,,,,0.0,0.0,,,,,,,0.0,,,,0.0,1.0,,,,,,,,,,,,,,,,,,,,,,,,,1.0,,,,1.0,1.0,,,
Nélio Dias,1.0,1.0,,,0.0,,,,0.0,1.0,,,,,,,,,,,,,,0.0,1.0,,1.0,1.0,,1.0,1.0,0.0,0.0,1.0,1.0,0.0,,1.0,,,,1.0,,,,,0.0,,1.0,,0.0,,,0.0,,,,,,,,,1.0,0.0,,,1.0,1.0,,1.0,1.0,0.0,,0.0,,,,1.0,0.0,1.0,,1.0,,,0.0,,,,0.0,,0.0,0.0,1.0,0.0,,1.0,0.0,,,1.0,0.0,,0.0,,0.0,,0.0,,,,,,,,,,,,0.0,,,1.0,0.0,1.0,0.0,,,0.0,,0.0,0.0,0.0,,,1.0,0.0,0.0,,0.0,0.0,1.0,1.0,1.0,,1.0,,,1.0,0.0,0.0,,,,,0.0,0.0,,,,,1.0,1.0,,0.0,1.0,0.0,1.0,,,0.0,,0.0,0.0,0.0,,,,,,,,0.0,,0.0,,0.0,1.0,0.0,0.0,0.0,1.0,,,,,1.0,1.0,,,,,,,0.0,0.0,0.0,,1.0,
Odair Cunha,1.0,1.0,1.0,1.0,1.0,0.0,0.0,1.0,0.0,1.0,1.0,1.0,0.0,0.0,0.0,0.0,0.0,1.0,0.0,0.0,1.0,,,1.0,1.0,,,1.0,0.0,1.0,1.0,,0.0,1.0,1.0,0.0,1.0,1.0,0.0,1.0,1.0,1.0,1.0,1.0,1.0,1.0,1.0,1.0,1.0,1.0,0.0,1.0,1.0,0.0,0.0,0.0,1.0,0.0,,0.0,1.0,0.0,1.0,0.0,0.0,1.0,1.0,1.0,1.0,,,0.0,1.0,0.0,1.0,0.0,0.0,1.0,0.0,,0.0,1.0,0.0,0.0,,0.0,1.0,1.0,0.0,0.0,0.0,0.0,0.0,0.0,0.0,1.0,0.0,1.0,1.0,1.0,1.0,0.0,0.0,1.0,0.0,0.0,0.0,0.0,0.0,0.0,,0.0,,0.0,0.0,1.0,0.0,1.0,,0.0,1.0,0.0,0.0,,0.0,1.0,0.0,0.0,,0.0,0.0,0.0,0.0,1.0,1.0,,0.0,1.0,0.0,0.0,,,1.0,,,1.0,1.0,1.0,,0.0,,0.0,0.0,0.0,0.0,0.0,,0.0,1.0,0.0,,1.0,0.0,0.0,1.0,0.0,1.0,0.0,1.0,0.0,0.0,0.0,0.0,0.0,0.0,1.0,0.0,0.0,1.0,0.0,0.0,0.0,0.0,0.0,0.0,,1.0,0.0,0.0,,,0.0,0.0,,,1.0,1.0,0.0,0.0,1.0,0.0,1.0,1.0,0.0,1.0,0.0,1.0,1.0,1.0
Odelmo Leão,,,1.0,,,,,,,,,,,,,,,,,,,,,,,,1.0,1.0,,,1.0,,,,,,,,,,,,,,,,,,,,,,,,,,,,,,,,1.0,,,,,,,,,,,,,,,,,,,,,,,,,,1.0,,,,1.0,,0.0,1.0,0.0,,,,,0.0,,1.0,,,,,0.0,0.0,,0.0,0.0,0.0,,,0.0,,,,,,,,,,,,,,,,,,,,,,,,,,,,,,,,,,,,,,,,,,,,,,,,,,,,,,,,,,,,,,,,,,,,,,,,,,,,,,,,,,,,,1.0,,,,,,,
Odílio Balbinotti,,,1.0,1.0,1.0,,0.0,1.0,0.0,1.0,1.0,1.0,0.0,,,0.0,,,0.0,,,0.0,,1.0,1.0,1.0,1.0,1.0,,1.0,1.0,0.0,0.0,,,0.0,1.0,,,1.0,,1.0,1.0,1.0,1.0,,,1.0,1.0,1.0,0.0,,1.0,0.0,0.0,,1.0,0.0,,0.0,1.0,0.0,1.0,0.0,,,,1.0,1.0,1.0,,0.0,1.0,0.0,,0.0,0.0,1.0,,1.0,0.0,1.0,0.0,,,0.0,1.0,1.0,0.0,,0.0,0.0,,0.0,0.0,1.0,0.0,,,,,,,,0.0,0.0,,,0.0,0.0,1.0,0.0,,0.0,,1.0,0.0,1.0,0.0,,,0.0,0.0,,,1.0,,,0.0,0.0,0.0,,,,1.0,,,1.0,,,,0.0,1.0,1.0,,1.0,,1.0,,0.0,1.0,0.0,0.0,,,0.0,,0.0,,1.0,,1.0,0.0,,1.0,0.0,1.0,,1.0,0.0,0.0,,,,0.0,1.0,0.0,0.0,1.0,0.0,0.0,0.0,,,,,1.0,,,0.0,0.0,0.0,0.0,1.0,1.0,1.0,1.0,0.0,0.0,1.0,1.0,,1.0,0.0,1.0,1.0,1.0,1.0,1.0
Olavo Calheiros,1.0,1.0,1.0,1.0,1.0,,,,,,,,,,,,,,,,,,1.0,1.0,0.0,1.0,,,0.0,,1.0,0.0,,1.0,1.0,0.0,1.0,1.0,0.0,1.0,1.0,,,1.0,1.0,1.0,1.0,,1.0,1.0,0.0,1.0,1.0,,,,,0.0,,0.0,1.0,0.0,,,1.0,1.0,1.0,,1.0,,,,1.0,0.0,,0.0,0.0,1.0,,1.0,0.0,1.0,,,,0.0,1.0,,0.0,,0.0,0.0,1.0,,,1.0,,1.0,1.0,1.0,,0.0,,1.0,0.0,0.0,,0.0,,,1.0,0.0,0.0,0.0,,,,1.0,0.0,0.0,1.0,1.0,,1.0,,0.0,0.0,,0.0,1.0,,,0.0,,,,,1.0,,0.0,,0.0,1.0,1.0,1.0,1.0,1.0,1.0,0.0,0.0,1.0,0.0,,,0.0,0.0,,,1.0,,1.0,1.0,,0.0,1.0,0.0,1.0,0.0,1.0,0.0,1.0,0.0,0.0,,,,0.0,,1.0,0.0,,,,,,,1.0,,0.0,0.0,0.0,0.0,0.0,,,0.0,1.0,,,1.0,1.0,1.0,,0.0,1.0,1.0,1.0,1.0,1.0
Oliveira Filho,,,1.0,1.0,1.0,0.0,,,,1.0,1.0,1.0,,0.0,0.0,0.0,0.0,,,0.0,1.0,,1.0,1.0,1.0,,,,,1.0,1.0,0.0,,1.0,1.0,,1.0,,0.0,1.0,,,1.0,,,1.0,,1.0,1.0,1.0,0.0,,1.0,,0.0,0.0,1.0,0.0,,,,0.0,,,1.0,,1.0,1.0,1.0,,,,,,,0.0,0.0,1.0,0.0,1.0,,1.0,0.0,,,,1.0,,0.0,,0.0,0.0,0.0,,,,,,1.0,,,,,1.0,0.0,0.0,0.0,,,,,0.0,0.0,,,,0.0,1.0,1.0,,,0.0,,1.0,,1.0,,0.0,0.0,0.0,0.0,0.0,0.0,1.0,,0.0,,,0.0,0.0,1.0,0.0,,1.0,,1.0,1.0,1.0,,0.0,1.0,0.0,,,,0.0,,0.0,1.0,1.0,1.0,1.0,,0.0,,,,,1.0,0.0,0.0,,0.0,,0.0,1.0,,0.0,1.0,,0.0,0.0,,,,,,0.0,0.0,,0.0,,,,,1.0,1.0,0.0,0.0,,1.0,1.0,1.0,0.0,1.0,1.0,,,1.0
Onyx Lorenzoni,1.0,1.0,,0.0,0.0,,,,,0.0,0.0,0.0,1.0,1.0,,,,,,,,,1.0,1.0,0.0,1.0,,1.0,0.0,,,,,0.0,1.0,,1.0,1.0,,1.0,1.0,,,,,1.0,,1.0,1.0,,1.0,1.0,,,,,,,,,,,0.0,1.0,1.0,1.0,1.0,,,,,,,,,1.0,,,,,,0.0,,,,,,,1.0,,1.0,1.0,,,,,,,,0.0,0.0,,,,,,,1.0,,,0.0,,,,,,,,1.0,1.0,,,,0.0,,,,,,1.0,0.0,,,1.0,1.0,,,1.0,,,,1.0,1.0,1.0,1.0,1.0,,0.0,,,,,1.0,1.0,,,,1.0,0.0,1.0,1.0,,,,,,0.0,1.0,0.0,,1.0,,,,1.0,,1.0,,,,,,,1.0,,,,1.0,,,1.0,,1.0,0.0,1.0,,,1.0,1.0,,1.0,,1.0,0.0,1.0,1.0,1.0,1.0,1.0
Orlando Desconsi,1.0,,1.0,1.0,1.0,0.0,,,0.0,1.0,1.0,1.0,,,0.0,0.0,0.0,,0.0,,1.0,0.0,1.0,1.0,1.0,1.0,,1.0,0.0,,,,,0.0,1.0,,1.0,,0.0,1.0,,,1.0,1.0,1.0,1.0,,1.0,1.0,1.0,0.0,,1.0,0.0,0.0,,1.0,0.0,,0.0,1.0,0.0,1.0,0.0,,,,1.0,1.0,,1.0,0.0,1.0,0.0,,0.0,,,0.0,1.0,0.0,1.0,,,,,,1.0,0.0,,,,0.0,0.0,0.0,1.0,0.0,,1.0,1.0,1.0,0.0,0.0,1.0,0.0,0.0,0.0,,,0.0,1.0,,0.0,,0.0,0.0,,1.0,0.0,,1.0,0.0,0.0,1.0,0.0,1.0,0.0,,0.0,0.0,0.0,0.0,,1.0,1.0,0.0,0.0,0.0,0.0,0.0,1.0,0.0,,1.0,,,1.0,1.0,0.0,0.0,1.0,0.0,0.0,0.0,0.0,0.0,,0.0,1.0,,1.0,1.0,0.0,,1.0,0.0,,0.0,1.0,0.0,0.0,0.0,0.0,,,1.0,0.0,0.0,1.0,,0.0,0.0,,0.0,0.0,0.0,1.0,0.0,0.0,0.0,0.0,0.0,0.0,1.0,1.0,1.0,1.0,,0.0,1.0,,1.0,,0.0,0.0,0.0,1.0,1.0,1.0
Orlando Fantazzini,1.0,1.0,1.0,,,0.0,,,,,,,,,,,,,0.0,,,0.0,1.0,1.0,1.0,,0.0,1.0,,1.0,1.0,0.0,,0.0,0.0,0.0,,0.0,0.0,1.0,1.0,1.0,,1.0,1.0,1.0,1.0,1.0,1.0,1.0,0.0,1.0,1.0,0.0,0.0,0.0,1.0,,1.0,0.0,1.0,0.0,1.0,0.0,,,,1.0,1.0,1.0,0.0,0.0,1.0,,,0.0,0.0,,0.0,1.0,0.0,1.0,0.0,,,0.0,,1.0,1.0,,,,,0.0,0.0,1.0,0.0,,1.0,1.0,1.0,0.0,0.0,1.0,,,0.0,,,,,0.0,0.0,0.0,0.0,0.0,0.0,1.0,0.0,,,1.0,0.0,,0.0,,0.0,,0.0,0.0,0.0,,0.0,1.0,,0.0,0.0,0.0,0.0,,1.0,0.0,1.0,1.0,0.0,1.0,1.0,,,,,,1.0,1.0,,,,0.0,,,0.0,,0.0,0.0,1.0,1.0,0.0,1.0,1.0,0.0,0.0,0.0,,,,0.0,1.0,0.0,,,0.0,,0.0,1.0,0.0,,,0.0,1.0,0.0,0.0,,,,,,1.0,1.0,1.0,,0.0,1.0,,0.0,1.0,1.0,1.0,0.0,
Osmar Serraglio,,,1.0,1.0,1.0,0.0,,1.0,0.0,1.0,1.0,1.0,0.0,0.0,0.0,0.0,0.0,1.0,0.0,0.0,1.0,0.0,1.0,1.0,1.0,1.0,1.0,0.0,0.0,1.0,,0.0,0.0,1.0,1.0,0.0,1.0,,0.0,,1.0,1.0,1.0,1.0,1.0,1.0,,1.0,1.0,1.0,,,1.0,0.0,0.0,0.0,1.0,0.0,1.0,0.0,1.0,0.0,1.0,,1.0,1.0,1.0,1.0,1.0,1.0,1.0,0.0,1.0,0.0,1.0,0.0,0.0,1.0,,1.0,0.0,1.0,0.0,0.0,,0.0,1.0,,0.0,0.0,0.0,0.0,1.0,0.0,0.0,1.0,0.0,,0.0,1.0,1.0,0.0,0.0,1.0,0.0,0.0,,,,0.0,,0.0,0.0,0.0,0.0,1.0,0.0,1.0,,0.0,,1.0,0.0,1.0,0.0,1.0,0.0,1.0,,0.0,0.0,,0.0,1.0,1.0,0.0,0.0,1.0,0.0,0.0,1.0,,1.0,1.0,,1.0,1.0,1.0,,0.0,0.0,0.0,,,0.0,,,0.0,,,,1.0,1.0,0.0,,,1.0,0.0,1.0,,1.0,0.0,0.0,0.0,,1.0,0.0,0.0,1.0,,,,,0.0,,0.0,1.0,0.0,0.0,0.0,1.0,0.0,0.0,0.0,1.0,0.0,1.0,0.0,0.0,1.0,1.0,1.0,1.0,0.0,1.0,1.0,1.0,1.0,1.0
Osmar Terra,,,,,,,,,,,,,,,,,,,,,,,,,,,,,,,,,,,,,,,,,,,,,,,,,,,,,,,,,,,,,,,,,,,,,,,,,,,,,,,,,,,,,,,,,,,,,,,,,,,,,,,,,,,,,,,,,,,,,,,,,,,,,,,,,,,,,,1.0,,,,1.0,,,,,,,,,,,,,,,,,,,,,,,,,,,,,,,,,1.0,,,0.0,,,,,,,,0.0,0.0,1.0,1.0,0.0,0.0,,1.0,0.0,,0.0,1.0,0.0,1.0,0.0,,1.0,1.0,1.0,1.0,,,,,,,,
Osmânio Pereira,,1.0,,1.0,1.0,,0.0,,0.0,1.0,1.0,1.0,0.0,0.0,,,0.0,1.0,0.0,0.0,1.0,,1.0,1.0,1.0,1.0,1.0,,0.0,1.0,1.0,0.0,0.0,1.0,0.0,0.0,,1.0,,,1.0,1.0,1.0,,,1.0,1.0,1.0,1.0,1.0,0.0,,1.0,0.0,0.0,0.0,1.0,,,0.0,1.0,,,,1.0,1.0,1.0,1.0,1.0,1.0,,0.0,,0.0,1.0,0.0,,1.0,0.0,1.0,0.0,1.0,0.0,,,,,,0.0,0.0,0.0,,0.0,0.0,0.0,1.0,,,,1.0,0.0,,,1.0,0.0,0.0,0.0,0.0,0.0,,1.0,,0.0,0.0,0.0,1.0,0.0,,,,1.0,0.0,,,0.0,1.0,,0.0,,0.0,0.0,0.0,0.0,,,0.0,0.0,,,0.0,1.0,0.0,1.0,,1.0,,1.0,,,,1.0,0.0,0.0,,,0.0,0.0,0.0,,,,1.0,,0.0,1.0,0.0,1.0,0.0,1.0,0.0,,0.0,0.0,0.0,,1.0,0.0,0.0,1.0,0.0,0.0,0.0,,,1.0,0.0,,0.0,0.0,,0.0,,0.0,0.0,1.0,1.0,1.0,0.0,,,,,1.0,,1.0,1.0,1.0,1.0,1.0
Osvaldo Biolchi,1.0,,,1.0,1.0,0.0,0.0,1.0,0.0,1.0,1.0,1.0,0.0,,,,0.0,1.0,0.0,,,,1.0,1.0,1.0,1.0,1.0,1.0,,1.0,1.0,,0.0,1.0,1.0,0.0,1.0,,0.0,1.0,,1.0,1.0,,,,1.0,1.0,,,,1.0,1.0,,0.0,0.0,1.0,,,0.0,1.0,,1.0,,0.0,1.0,,,,,1.0,0.0,1.0,0.0,1.0,,0.0,1.0,0.0,1.0,,0.0,0.0,0.0,0.0,,1.0,,0.0,0.0,0.0,0.0,1.0,0.0,0.0,1.0,0.0,,,1.0,,0.0,0.0,,0.0,,,0.0,,,,0.0,0.0,0.0,0.0,0.0,0.0,,0.0,0.0,,0.0,0.0,1.0,0.0,0.0,0.0,,,,,,,,,,0.0,1.0,,0.0,1.0,,,,,1.0,1.0,1.0,0.0,0.0,,0.0,0.0,0.0,0.0,,,,1.0,,0.0,1.0,,0.0,1.0,0.0,,,,0.0,,0.0,0.0,0.0,,1.0,0.0,0.0,1.0,0.0,0.0,0.0,,1.0,1.0,0.0,0.0,0.0,0.0,0.0,,,,,,,1.0,,,,,,1.0,,,1.0,1.0,1.0,1.0
Osvaldo Coelho,,1.0,,1.0,1.0,,0.0,,,,,,,,,,,1.0,,,,,,1.0,1.0,,,,0.0,,1.0,,,,1.0,,,1.0,,,,,,1.0,,,0.0,1.0,1.0,1.0,1.0,,,,,,,,,,1.0,,,,1.0,,,,1.0,,,,,,,,,,,,,,,,,1.0,,,,,1.0,,,,,,,,,,1.0,,,,,,,1.0,,,,,,,,,,0.0,,1.0,,1.0,,,,0.0,,0.0,,,,,,,,,,,,,,,,,,1.0,0.0,,,,,,1.0,,,1.0,,,,1.0,,,1.0,,,,0.0,1.0,1.0,,,1.0,,,,,,,,,,,,,,,0.0,,,,1.0,,,,1.0,,,,,,1.0,,1.0,0.0,1.0,1.0,,,1.0
Osvaldo Reis,1.0,,1.0,,1.0,,0.0,1.0,,1.0,1.0,1.0,0.0,0.0,0.0,,0.0,,0.0,0.0,,0.0,1.0,1.0,0.0,,,0.0,0.0,1.0,1.0,,0.0,1.0,1.0,,,1.0,0.0,1.0,1.0,,1.0,1.0,,,1.0,1.0,1.0,1.0,0.0,1.0,,,0.0,0.0,,0.0,,,1.0,,1.0,0.0,1.0,1.0,,,,,,,,,,0.0,0.0,1.0,0.0,,,,0.0,0.0,,,1.0,,0.0,0.0,0.0,0.0,1.0,0.0,0.0,1.0,0.0,1.0,,1.0,,0.0,0.0,1.0,0.0,,,0.0,0.0,0.0,,0.0,0.0,0.0,,,0.0,,0.0,0.0,,1.0,,1.0,,1.0,0.0,,0.0,1.0,0.0,,,,,,,1.0,0.0,,,,,1.0,,1.0,,1.0,0.0,,1.0,0.0,0.0,0.0,0.0,0.0,0.0,0.0,,1.0,1.0,1.0,,0.0,,0.0,1.0,0.0,,0.0,1.0,,0.0,0.0,0.0,,0.0,0.0,1.0,0.0,0.0,0.0,,,,0.0,1.0,0.0,0.0,0.0,,0.0,0.0,0.0,1.0,1.0,1.0,0.0,0.0,1.0,1.0,,1.0,0.0,1.0,1.0,1.0,1.0,1.0
Osório Adriano,1.0,1.0,0.0,0.0,0.0,,,,,,,,,,,,,,,,,,1.0,1.0,1.0,,,,,,,,,,,,,1.0,0.0,1.0,1.0,,,,1.0,1.0,1.0,,1.0,,,,,,,,,,,,,,,,1.0,1.0,1.0,,1.0,,,,,,,,,,,,,,,,,,1.0,1.0,1.0,,1.0,1.0,,,,,,1.0,,0.0,,,,,,,,1.0,,,0.0,,,,,0.0,,,,1.0,,1.0,1.0,,,0.0,,,,1.0,0.0,,,,,,,,,,,1.0,0.0,,1.0,1.0,0.0,0.0,1.0,,,,,1.0,,,,,,1.0,,,1.0,1.0,0.0,1.0,1.0,1.0,,,1.0,,,,1.0,,,,,,,,1.0,1.0,1.0,0.0,0.0,1.0,,,,,,0.0,,0.0,1.0,,,,,,,0.0,1.0,1.0,1.0,1.0,1.0
Paes Landim,,,1.0,1.0,1.0,,0.0,,,1.0,1.0,1.0,0.0,0.0,0.0,0.0,0.0,1.0,,,1.0,0.0,1.0,,1.0,,,1.0,,,,,0.0,1.0,1.0,,1.0,1.0,0.0,1.0,1.0,,,,,1.0,1.0,1.0,1.0,1.0,0.0,1.0,,,0.0,0.0,1.0,0.0,,,1.0,0.0,,,1.0,1.0,1.0,,1.0,,,0.0,1.0,0.0,1.0,0.0,0.0,,,1.0,,1.0,0.0,0.0,,0.0,1.0,1.0,0.0,0.0,0.0,,,0.0,,1.0,0.0,,,1.0,,0.0,0.0,1.0,,,,,0.0,0.0,1.0,0.0,0.0,0.0,0.0,1.0,0.0,1.0,0.0,,1.0,,0.0,1.0,0.0,,,0.0,0.0,0.0,,0.0,0.0,1.0,1.0,0.0,0.0,1.0,0.0,0.0,1.0,1.0,,1.0,,,,1.0,,0.0,1.0,0.0,0.0,0.0,,0.0,0.0,0.0,1.0,,1.0,1.0,,0.0,1.0,,,0.0,,0.0,1.0,0.0,,0.0,,,0.0,0.0,,0.0,0.0,0.0,,0.0,1.0,0.0,1.0,0.0,,,,0.0,0.0,0.0,,1.0,1.0,0.0,,1.0,1.0,1.0,1.0,0.0,1.0,1.0,,1.0,1.0
Pastor Amarildo,1.0,1.0,,1.0,1.0,0.0,0.0,1.0,,1.0,1.0,1.0,,0.0,0.0,,0.0,1.0,,0.0,1.0,0.0,1.0,,,,1.0,1.0,0.0,1.0,,,,0.0,0.0,0.0,1.0,1.0,0.0,1.0,,,1.0,1.0,1.0,1.0,1.0,1.0,1.0,1.0,1.0,,1.0,0.0,0.0,0.0,,0.0,1.0,0.0,1.0,,1.0,,0.0,1.0,1.0,1.0,1.0,1.0,1.0,,1.0,0.0,1.0,0.0,0.0,1.0,,,0.0,1.0,,0.0,,0.0,1.0,1.0,,,,,0.0,0.0,0.0,1.0,0.0,,,1.0,1.0,0.0,,,0.0,0.0,0.0,,,0.0,,0.0,,,,1.0,0.0,,0.0,,1.0,,,1.0,0.0,1.0,,,0.0,0.0,,,0.0,1.0,1.0,0.0,,1.0,0.0,0.0,1.0,,1.0,1.0,0.0,,,1.0,,0.0,1.0,0.0,,,0.0,0.0,,,1.0,1.0,0.0,1.0,,0.0,1.0,0.0,1.0,,,0.0,0.0,0.0,,0.0,0.0,0.0,,0.0,1.0,,0.0,0.0,,,,0.0,,0.0,,,,,0.0,,,1.0,1.0,0.0,0.0,1.0,1.0,,1.0,0.0,1.0,1.0,1.0,1.0,1.0
Pastor Francisco Olímpio,1.0,,1.0,1.0,1.0,0.0,0.0,1.0,0.0,1.0,1.0,1.0,0.0,0.0,0.0,0.0,,,,0.0,1.0,0.0,1.0,1.0,1.0,1.0,1.0,1.0,,1.0,1.0,,,,0.0,0.0,1.0,1.0,0.0,1.0,1.0,1.0,1.0,1.0,1.0,1.0,1.0,1.0,1.0,1.0,0.0,1.0,1.0,,,0.0,,0.0,,0.0,,0.0,1.0,1.0,1.0,1.0,1.0,1.0,1.0,1.0,1.0,0.0,,0.0,1.0,0.0,0.0,1.0,,1.0,0.0,1.0,0.0,0.0,0.0,0.0,,1.0,,0.0,0.0,0.0,,0.0,0.0,1.0,0.0,,1.0,,0.0,0.0,,1.0,0.0,0.0,0.0,,0.0,0.0,,,0.0,0.0,0.0,0.0,,1.0,0.0,,,,0.0,1.0,0.0,,0.0,0.0,,,,0.0,,,1.0,,,0.0,1.0,0.0,0.0,,1.0,1.0,,1.0,,,,0.0,,,,,,,0.0,0.0,1.0,,1.0,,,0.0,1.0,0.0,1.0,0.0,1.0,0.0,0.0,0.0,,0.0,0.0,0.0,0.0,0.0,1.0,0.0,0.0,0.0,0.0,0.0,0.0,0.0,0.0,,,,1.0,,1.0,0.0,1.0,0.0,,,,1.0,,1.0,1.0,0.0,1.0,1.0,,,1.0
Pastor Frankembergen,,1.0,1.0,1.0,1.0,0.0,0.0,1.0,0.0,1.0,1.0,1.0,,,0.0,,,1.0,0.0,0.0,1.0,0.0,1.0,,1.0,1.0,,,0.0,1.0,,,,,,0.0,1.0,1.0,0.0,1.0,1.0,,1.0,1.0,,1.0,1.0,1.0,1.0,1.0,1.0,1.0,,,0.0,0.0,1.0,0.0,,0.0,1.0,0.0,1.0,1.0,1.0,1.0,1.0,1.0,1.0,1.0,1.0,,1.0,,,0.0,0.0,1.0,0.0,,0.0,1.0,,,,0.0,1.0,1.0,0.0,,0.0,0.0,0.0,0.0,0.0,1.0,0.0,1.0,1.0,1.0,0.0,0.0,,1.0,0.0,,0.0,0.0,,0.0,1.0,0.0,0.0,0.0,0.0,1.0,,1.0,0.0,0.0,1.0,1.0,,,0.0,0.0,0.0,0.0,0.0,0.0,0.0,,0.0,1.0,1.0,0.0,0.0,1.0,,1.0,1.0,0.0,1.0,1.0,,1.0,,,,0.0,1.0,,0.0,,0.0,0.0,0.0,0.0,1.0,,1.0,1.0,0.0,0.0,1.0,0.0,1.0,0.0,1.0,0.0,0.0,0.0,0.0,0.0,0.0,1.0,,0.0,1.0,0.0,,,0.0,0.0,1.0,0.0,,0.0,0.0,,,0.0,,,,,1.0,,0.0,,1.0,1.0,1.0,0.0,1.0,1.0,1.0,1.0,1.0
Pastor Pedro Ribeiro,,1.0,1.0,1.0,1.0,0.0,0.0,1.0,0.0,1.0,1.0,1.0,0.0,0.0,0.0,0.0,0.0,1.0,,0.0,1.0,0.0,1.0,1.0,0.0,1.0,1.0,,0.0,1.0,1.0,,0.0,0.0,0.0,0.0,1.0,1.0,0.0,1.0,1.0,1.0,1.0,1.0,1.0,1.0,1.0,1.0,1.0,1.0,0.0,1.0,1.0,0.0,0.0,,1.0,0.0,1.0,0.0,1.0,0.0,1.0,,1.0,1.0,1.0,,1.0,1.0,,,1.0,0.0,,,0.0,1.0,,,,1.0,0.0,,0.0,,1.0,,1.0,0.0,1.0,1.0,,0.0,,1.0,0.0,,1.0,,1.0,,,1.0,0.0,0.0,,0.0,,,1.0,0.0,0.0,0.0,0.0,0.0,0.0,1.0,0.0,0.0,1.0,1.0,0.0,1.0,0.0,0.0,,0.0,0.0,1.0,0.0,,0.0,,,0.0,0.0,1.0,,,,0.0,,1.0,,,1.0,,0.0,0.0,1.0,,,,,0.0,0.0,0.0,1.0,1.0,,1.0,0.0,0.0,,0.0,1.0,,1.0,,1.0,0.0,0.0,0.0,0.0,1.0,,0.0,1.0,0.0,0.0,0.0,0.0,0.0,1.0,,1.0,0.0,0.0,0.0,0.0,0.0,0.0,0.0,,0.0,1.0,,0.0,1.0,1.0,1.0,1.0,0.0,1.0,1.0,,,1.0
Pastor Reinaldo,1.0,1.0,1.0,1.0,1.0,0.0,0.0,,0.0,1.0,1.0,1.0,0.0,0.0,0.0,0.0,0.0,1.0,0.0,0.0,1.0,0.0,1.0,,,,1.0,1.0,0.0,1.0,1.0,0.0,0.0,0.0,0.0,0.0,1.0,1.0,,,,1.0,1.0,1.0,,1.0,1.0,1.0,1.0,1.0,0.0,1.0,,,0.0,,1.0,0.0,1.0,0.0,1.0,,1.0,1.0,1.0,1.0,1.0,,1.0,1.0,1.0,0.0,1.0,0.0,,0.0,0.0,1.0,0.0,1.0,,1.0,0.0,0.0,0.0,,1.0,1.0,0.0,0.0,0.0,0.0,0.0,0.0,0.0,1.0,,1.0,0.0,1.0,0.0,0.0,,1.0,0.0,0.0,0.0,0.0,0.0,0.0,1.0,0.0,0.0,0.0,0.0,1.0,0.0,1.0,0.0,0.0,,0.0,,1.0,,,0.0,,0.0,1.0,0.0,,,,1.0,,,1.0,0.0,,,0.0,1.0,1.0,1.0,1.0,1.0,1.0,0.0,0.0,1.0,0.0,0.0,1.0,0.0,0.0,0.0,0.0,1.0,1.0,1.0,1.0,0.0,0.0,1.0,0.0,1.0,,1.0,,,0.0,,0.0,0.0,,0.0,0.0,1.0,0.0,0.0,0.0,0.0,0.0,1.0,0.0,1.0,0.0,0.0,0.0,0.0,,0.0,0.0,1.0,,1.0,0.0,,1.0,1.0,1.0,,0.0,1.0,1.0,1.0,1.0,1.0
Patrus Ananias,,,,1.0,1.0,0.0,0.0,1.0,0.0,1.0,1.0,1.0,0.0,0.0,0.0,0.0,0.0,1.0,,0.0,1.0,0.0,1.0,,,1.0,,,,,,,,,,0.0,,,0.0,1.0,,,,,,1.0,,,,,,,,,,,,,,,,,,,,,,,,1.0,,,,,,,,,,,,,,,,,1.0,,,,,,,,,,,,,,,,,,,,,,,,,,,,,,,,,,,,,,,,,,,,,,,,,,,,,,,,,,,,,,,,,,,,,,,,,,,,,,,,,,,,,,,,,,,,,,,,,,,,,,,,,,,,,,1.0,,,,,,,,,,,,
Pauderney Avelino,1.0,1.0,,0.0,0.0,,,,,,0.0,0.0,1.0,1.0,1.0,1.0,1.0,,,1.0,,,,1.0,1.0,1.0,,1.0,0.0,,,,,1.0,1.0,,1.0,1.0,0.0,1.0,,0.0,,1.0,1.0,1.0,1.0,1.0,1.0,1.0,0.0,1.0,1.0,,,,,,,,,,1.0,,1.0,1.0,1.0,1.0,1.0,,1.0,,,,,,,,,,,,,,,,1.0,1.0,1.0,,1.0,1.0,1.0,,,,,1.0,,,1.0,,,,,,,1.0,,,0.0,,,,,0.0,,0.0,1.0,1.0,1.0,,,0.0,,0.0,,0.0,,1.0,,,,1.0,,1.0,,1.0,,,,1.0,1.0,1.0,,,0.0,,,,,,,1.0,,,,,,1.0,1.0,1.0,1.0,,,1.0,0.0,1.0,0.0,,1.0,,,0.0,1.0,,1.0,,,,,,1.0,,1.0,0.0,0.0,1.0,1.0,,,,1.0,0.0,1.0,0.0,,1.0,1.0,,1.0,,1.0,0.0,1.0,1.0,,,0.0
Paulo Afonso,1.0,1.0,1.0,0.0,0.0,0.0,0.0,1.0,0.0,1.0,1.0,1.0,0.0,0.0,1.0,0.0,0.0,1.0,0.0,0.0,1.0,0.0,1.0,1.0,0.0,1.0,1.0,0.0,0.0,1.0,1.0,0.0,0.0,1.0,1.0,0.0,1.0,1.0,0.0,0.0,0.0,1.0,1.0,1.0,1.0,1.0,1.0,1.0,1.0,1.0,0.0,1.0,1.0,0.0,0.0,0.0,1.0,0.0,1.0,0.0,0.0,0.0,1.0,0.0,1.0,1.0,1.0,1.0,1.0,0.0,1.0,1.0,0.0,0.0,1.0,0.0,0.0,0.0,0.0,0.0,1.0,0.0,,0.0,1.0,,1.0,1.0,1.0,0.0,1.0,1.0,1.0,1.0,0.0,0.0,0.0,1.0,1.0,0.0,1.0,0.0,0.0,1.0,0.0,0.0,,1.0,0.0,0.0,0.0,0.0,0.0,1.0,0.0,0.0,0.0,1.0,1.0,0.0,1.0,1.0,,0.0,0.0,0.0,0.0,0.0,0.0,1.0,0.0,0.0,1.0,1.0,1.0,0.0,,0.0,1.0,1.0,0.0,0.0,1.0,1.0,1.0,0.0,1.0,1.0,0.0,1.0,1.0,0.0,1.0,1.0,0.0,1.0,0.0,1.0,1.0,1.0,0.0,1.0,0.0,0.0,1.0,0.0,1.0,0.0,0.0,0.0,1.0,0.0,0.0,0.0,1.0,0.0,1.0,0.0,1.0,0.0,0.0,0.0,0.0,1.0,0.0,0.0,0.0,0.0,1.0,0.0,1.0,0.0,1.0,0.0,1.0,0.0,1.0,0.0,1.0,1.0,1.0,1.0,1.0,0.0,1.0,1.0,1.0,1.0,1.0
Paulo Baltazar,1.0,1.0,1.0,1.0,1.0,0.0,0.0,,0.0,1.0,1.0,1.0,0.0,0.0,0.0,0.0,0.0,,0.0,0.0,1.0,0.0,1.0,1.0,1.0,1.0,,,,,1.0,0.0,,1.0,1.0,0.0,1.0,1.0,0.0,1.0,1.0,1.0,1.0,1.0,1.0,1.0,1.0,1.0,1.0,1.0,0.0,,1.0,0.0,0.0,0.0,1.0,0.0,,0.0,1.0,0.0,,,1.0,1.0,1.0,1.0,1.0,1.0,1.0,0.0,0.0,0.0,1.0,,,,0.0,1.0,0.0,1.0,0.0,0.0,0.0,,1.0,1.0,,,,,0.0,0.0,0.0,1.0,0.0,1.0,1.0,1.0,1.0,,,,0.0,0.0,0.0,0.0,0.0,0.0,,0.0,0.0,0.0,0.0,1.0,0.0,1.0,0.0,,1.0,0.0,0.0,1.0,0.0,1.0,0.0,,0.0,0.0,0.0,0.0,0.0,1.0,1.0,0.0,0.0,,0.0,0.0,1.0,0.0,,1.0,0.0,1.0,1.0,1.0,,,,0.0,0.0,0.0,0.0,,,,1.0,,1.0,1.0,0.0,0.0,,,1.0,1.0,1.0,0.0,0.0,0.0,0.0,0.0,0.0,1.0,0.0,0.0,1.0,0.0,0.0,,0.0,,,0.0,,,,,,,0.0,1.0,1.0,0.0,1.0,0.0,0.0,,,,,0.0,1.0,1.0,1.0,1.0,1.0
Paulo Bauer,1.0,1.0,,0.0,0.0,,,,,0.0,0.0,,1.0,1.0,,1.0,1.0,,,1.0,0.0,1.0,1.0,,,,1.0,1.0,0.0,,,,,1.0,1.0,,1.0,1.0,,1.0,1.0,,0.0,,1.0,1.0,1.0,1.0,1.0,1.0,0.0,1.0,1.0,,,,,,0.0,,,,1.0,1.0,1.0,1.0,1.0,1.0,1.0,0.0,0.0,,,,,,,,,,,,,,,,1.0,,1.0,,,,,,,,,,1.0,0.0,1.0,,1.0,,,,,1.0,,,0.0,,,,,0.0,,0.0,,1.0,1.0,,,0.0,,0.0,0.0,0.0,,1.0,0.0,,,1.0,1.0,,,1.0,,,,,1.0,1.0,1.0,,0.0,,,,,,1.0,1.0,,,0.0,,,1.0,0.0,1.0,1.0,1.0,1.0,,1.0,,0.0,,1.0,1.0,,,1.0,,,,,0.0,0.0,,,,,1.0,,,1.0,,1.0,1.0,1.0,0.0,1.0,0.0,1.0,1.0,1.0,1.0,,,1.0,,0.0,0.0,1.0,1.0,1.0
Paulo Bernardo,,,1.0,1.0,1.0,0.0,0.0,1.0,0.0,1.0,1.0,1.0,,,,,,1.0,0.0,0.0,1.0,0.0,,1.0,1.0,,1.0,1.0,,1.0,1.0,0.0,0.0,1.0,1.0,0.0,,,0.0,1.0,1.0,1.0,1.0,1.0,1.0,1.0,,,,,,,1.0,0.0,0.0,,1.0,0.0,1.0,0.0,1.0,0.0,1.0,,0.0,1.0,1.0,,1.0,1.0,,0.0,1.0,0.0,1.0,0.0,0.0,1.0,0.0,1.0,0.0,,0.0,0.0,0.0,0.0,1.0,,0.0,0.0,0.0,0.0,0.0,0.0,0.0,1.0,0.0,1.0,,1.0,,0.0,,1.0,0.0,0.0,0.0,0.0,0.0,0.0,,,0.0,0.0,0.0,1.0,,1.0,0.0,0.0,,,,,,,,,,,,,,,,,,,,,,,,,,,,,,,,,,,,,,,,,,,,,,,,,,,,,,,,,,,,,,,,,,,,,,,,,,,,,1.0,,,,,1.0,1.0,,,,1.0,1.0,1.0
Paulo Delgado,1.0,1.0,1.0,1.0,1.0,0.0,0.0,1.0,0.0,1.0,1.0,1.0,0.0,0.0,0.0,0.0,0.0,1.0,0.0,0.0,,0.0,1.0,0.0,0.0,,1.0,1.0,0.0,,1.0,,,1.0,1.0,0.0,1.0,1.0,0.0,1.0,1.0,,1.0,1.0,1.0,1.0,1.0,1.0,1.0,1.0,0.0,1.0,,0.0,,0.0,,0.0,,,,,1.0,0.0,0.0,1.0,1.0,,1.0,1.0,,0.0,,0.0,1.0,,,1.0,0.0,,0.0,1.0,0.0,,0.0,0.0,,1.0,0.0,0.0,0.0,0.0,0.0,0.0,0.0,1.0,,1.0,1.0,1.0,1.0,0.0,0.0,1.0,,,,0.0,0.0,0.0,1.0,0.0,,0.0,0.0,1.0,0.0,1.0,,0.0,1.0,0.0,0.0,1.0,0.0,,0.0,0.0,0.0,0.0,0.0,,,1.0,1.0,,0.0,1.0,,0.0,1.0,0.0,1.0,,1.0,,1.0,1.0,,0.0,1.0,0.0,,0.0,0.0,0.0,,,1.0,,,1.0,,0.0,1.0,,1.0,0.0,,,,0.0,,0.0,0.0,1.0,0.0,0.0,1.0,0.0,0.0,,0.0,0.0,0.0,0.0,1.0,,,,,,0.0,1.0,,1.0,1.0,0.0,0.0,1.0,1.0,,1.0,0.0,0.0,,,,
Paulo Feijó,1.0,,,1.0,1.0,0.0,0.0,1.0,0.0,,1.0,1.0,0.0,0.0,,,0.0,,0.0,0.0,1.0,0.0,1.0,,,1.0,1.0,0.0,,,,,,1.0,0.0,,1.0,1.0,,,,1.0,1.0,1.0,,1.0,1.0,1.0,1.0,1.0,0.0,1.0,,,,,,,,,,,,0.0,1.0,1.0,1.0,,,1.0,1.0,,,,,,,,,,,1.0,,,1.0,,1.0,,1.0,,1.0,1.0,1.0,,,,,1.0,,0.0,1.0,,,,,,,,,,,,,,,1.0,0.0,0.0,1.0,1.0,1.0,0.0,,0.0,,0.0,,0.0,,,,,,1.0,1.0,,,,,,,0.0,,,,1.0,0.0,0.0,1.0,,,,,,,,,,0.0,,0.0,1.0,,1.0,1.0,1.0,1.0,1.0,0.0,,1.0,1.0,,,1.0,,,,,0.0,0.0,,1.0,1.0,1.0,,0.0,,,,,,1.0,0.0,1.0,0.0,,1.0,,,,,1.0,0.0,0.0,1.0,1.0,1.0,1.0
Paulo Gouvêa,1.0,,,1.0,1.0,0.0,,1.0,0.0,1.0,,1.0,0.0,,,,0.0,,0.0,0.0,,0.0,1.0,1.0,1.0,,1.0,,,,1.0,0.0,,,,,,1.0,,1.0,1.0,1.0,1.0,1.0,,1.0,1.0,1.0,1.0,1.0,0.0,,1.0,,,,,0.0,,0.0,1.0,,1.0,0.0,0.0,1.0,1.0,1.0,1.0,1.0,,,1.0,0.0,1.0,,0.0,1.0,0.0,,0.0,1.0,0.0,,,,1.0,1.0,0.0,,,,,,0.0,1.0,0.0,,,1.0,,,0.0,,0.0,0.0,0.0,0.0,,0.0,,,,,,,,1.0,1.0,,,0.0,,,,,,,,,,,,,,,,1.0,,,,,,,1.0,,0.0,1.0,,,,,,,0.0,,0.0,0.0,,,,1.0,,0.0,,,1.0,0.0,,,1.0,0.0,0.0,0.0,1.0,,0.0,,1.0,,,0.0,0.0,0.0,0.0,,1.0,0.0,0.0,0.0,0.0,,,,,1.0,,0.0,0.0,1.0,,1.0,1.0,,1.0,1.0,,,1.0
Paulo Kobayashi,,,,1.0,1.0,0.0,0.0,,0.0,1.0,0.0,0.0,1.0,1.0,1.0,1.0,1.0,0.0,1.0,,,0.0,1.0,1.0,1.0,,1.0,0.0,,,,,,,,,,,0.0,1.0,1.0,0.0,,1.0,1.0,1.0,,,,,,,1.0,,,,,,,,,,1.0,0.0,,,,1.0,1.0,,,,,,1.0,,,,,,,,,,1.0,1.0,1.0,,1.0,,1.0,1.0,1.0,,,,,1.0,,0.0,,,0.0,,,,,1.0,,,0.0,,,,,0.0,,,1.0,1.0,,,,,,,,,,,,,,,,,,,,,,,,,,,,,,,,,,,,,,,,,,,,,,,,,,,,,,,,,,,,,,,,,,,,,,,,,,,,,1.0,,,,,1.0,1.0,,,,1.0,1.0,
Paulo Lima,1.0,1.0,1.0,1.0,1.0,,,,,,,1.0,0.0,0.0,,,,1.0,0.0,,,0.0,,,,1.0,,0.0,0.0,,1.0,,,,1.0,,1.0,1.0,,1.0,1.0,,,1.0,1.0,,,1.0,,1.0,0.0,1.0,1.0,,,,,0.0,,,,,1.0,0.0,,,,,1.0,1.0,1.0,0.0,,0.0,,,0.0,,,,,,0.0,,0.0,,1.0,,0.0,,,,,,,1.0,,,1.0,,,,0.0,,,,,,,,1.0,,0.0,0.0,,0.0,,,,,,,0.0,,,,0.0,,,0.0,0.0,,0.0,1.0,,,0.0,1.0,,,1.0,,,,,,,,,,,0.0,,,0.0,,,,,,,,,,,,0.0,,,,1.0,,0.0,,,1.0,,,,,,,0.0,0.0,,,1.0,,0.0,,1.0,,,0.0,,0.0,1.0,,,1.0,,1.0,1.0,,1.0,,,,1.0
Paulo Magalhães,1.0,1.0,1.0,1.0,1.0,,,,,0.0,0.0,,1.0,1.0,1.0,1.0,1.0,,,1.0,,,1.0,1.0,1.0,,1.0,1.0,0.0,,1.0,1.0,,1.0,1.0,,1.0,1.0,0.0,1.0,,,,,,,1.0,1.0,1.0,1.0,,1.0,1.0,,,,,,,,,,,1.0,,,,1.0,1.0,,,,,,1.0,,,,,,,1.0,,,,1.0,1.0,1.0,1.0,,1.0,1.0,1.0,,,,,1.0,,0.0,,,,1.0,,,,1.0,,,0.0,,,,,0.0,,0.0,1.0,1.0,,1.0,,,,,,0.0,,1.0,0.0,,,1.0,1.0,,,1.0,,,,,,1.0,,1.0,,0.0,1.0,,,,1.0,1.0,,,,,,1.0,1.0,1.0,1.0,1.0,0.0,1.0,0.0,1.0,0.0,,1.0,,,,0.0,,1.0,,,,,,,,,,0.0,1.0,1.0,,1.0,1.0,1.0,0.0,,0.0,1.0,0.0,1.0,1.0,,1.0,,0.0,0.0,0.0,1.0,1.0,1.0
Paulo Marinho,,,,,1.0,0.0,,1.0,,,,,,,,0.0,,,,,,0.0,,1.0,1.0,,,,,,,,,1.0,1.0,,,,0.0,1.0,,,,,,,,,,,,,,,0.0,,1.0,0.0,,,1.0,0.0,,,,1.0,1.0,,1.0,1.0,1.0,0.0,1.0,0.0,,0.0,0.0,,0.0,,,1.0,,0.0,0.0,,,,0.0,,,,0.0,,0.0,1.0,0.0,,,1.0,,,,,0.0,0.0,0.0,,0.0,,,,,,,1.0,,1.0,,0.0,,,,,,1.0,,,,0.0,,,,,,,,,,,,,,,,,,,,,,,,,,,,,,,,,,,,,,,,,,,,,,,,,,,,,,,,,,,,,,,,,,,1.0,,,,,,1.0,,,,,,
Paulo Pimenta,,1.0,,1.0,1.0,0.0,0.0,1.0,0.0,1.0,1.0,1.0,0.0,0.0,0.0,0.0,0.0,,,0.0,1.0,0.0,1.0,,,1.0,1.0,1.0,0.0,1.0,,0.0,0.0,1.0,1.0,,,1.0,0.0,1.0,1.0,1.0,1.0,1.0,,1.0,1.0,1.0,1.0,1.0,0.0,1.0,,,0.0,0.0,1.0,,,0.0,,,1.0,0.0,,,,,1.0,1.0,1.0,,1.0,0.0,,,,1.0,0.0,1.0,,1.0,0.0,0.0,,,,1.0,0.0,0.0,0.0,0.0,0.0,,0.0,1.0,0.0,,1.0,1.0,1.0,0.0,0.0,,,,,0.0,0.0,0.0,,0.0,0.0,,,1.0,,1.0,,0.0,1.0,0.0,0.0,1.0,0.0,1.0,0.0,,0.0,0.0,,0.0,0.0,1.0,1.0,0.0,,1.0,0.0,0.0,1.0,0.0,1.0,1.0,,1.0,1.0,1.0,0.0,0.0,,0.0,0.0,0.0,,0.0,,0.0,,,1.0,1.0,,0.0,,0.0,1.0,0.0,,,,,0.0,,,1.0,,,1.0,0.0,0.0,,,,,0.0,1.0,0.0,0.0,0.0,0.0,0.0,,1.0,,1.0,,0.0,0.0,,1.0,,1.0,0.0,1.0,0.0,1.0,1.0,
Paulo Rattes,,,,,,,,,,,,,,,,,,,,,,,,,,,,,,,,,,,,,,,0.0,1.0,,,,,,,,,,,,,,,,,,,,,,,,,,,,,,,,,,,,,,,,,,,,,,,,,,,,,,,,,,,,,,,,,,,,,,,,,,,,,,,,,,,,,,,,,,,,,,,,,,,,,,,,,,,,,,,,,,,,,,,,,,,,,,,,,,,,,,,,,,,,,,,,,,,,,,,,,,,,,,,,,,,,,,,,,
Paulo Rocha,,,1.0,1.0,1.0,0.0,0.0,1.0,0.0,1.0,1.0,1.0,0.0,0.0,0.0,0.0,0.0,,0.0,0.0,1.0,0.0,1.0,1.0,1.0,1.0,1.0,1.0,,1.0,1.0,0.0,0.0,1.0,1.0,0.0,,,0.0,1.0,1.0,1.0,1.0,1.0,1.0,,,,,,,,1.0,,0.0,0.0,1.0,,,0.0,1.0,0.0,1.0,0.0,0.0,1.0,1.0,1.0,1.0,1.0,,0.0,1.0,,,,0.0,,0.0,1.0,0.0,1.0,0.0,0.0,0.0,0.0,1.0,,0.0,0.0,0.0,0.0,0.0,0.0,0.0,1.0,0.0,1.0,1.0,1.0,1.0,0.0,0.0,1.0,,,0.0,0.0,,,1.0,0.0,,0.0,,1.0,,,0.0,0.0,,,0.0,1.0,0.0,1.0,0.0,0.0,0.0,0.0,0.0,0.0,0.0,,,0.0,0.0,,0.0,0.0,1.0,0.0,1.0,,,,1.0,,0.0,,,,,,,,,,,,,,,,,,,,,,,,,,,,,,,,,,,,,,,,,,,,,,,,1.0,,,,,1.0,1.0,,,,,1.0,
Paulo Rubem Santiago,1.0,1.0,1.0,,,0.0,,,0.0,1.0,1.0,1.0,0.0,0.0,0.0,0.0,0.0,1.0,0.0,,1.0,0.0,1.0,1.0,1.0,,0.0,1.0,,,1.0,,,1.0,0.0,0.0,0.0,0.0,0.0,1.0,1.0,1.0,1.0,1.0,1.0,,1.0,1.0,1.0,1.0,0.0,1.0,1.0,0.0,0.0,0.0,1.0,0.0,,0.0,1.0,0.0,1.0,0.0,1.0,1.0,1.0,1.0,1.0,1.0,0.0,0.0,1.0,,,0.0,0.0,,0.0,1.0,0.0,1.0,0.0,0.0,0.0,0.0,1.0,1.0,1.0,0.0,0.0,,0.0,0.0,0.0,1.0,0.0,,1.0,,1.0,,0.0,1.0,0.0,0.0,0.0,0.0,0.0,0.0,1.0,0.0,,0.0,0.0,0.0,0.0,1.0,0.0,0.0,1.0,0.0,0.0,1.0,0.0,1.0,0.0,0.0,0.0,0.0,,0.0,0.0,1.0,,0.0,0.0,0.0,0.0,0.0,1.0,0.0,1.0,1.0,1.0,,1.0,1.0,0.0,0.0,0.0,0.0,1.0,0.0,0.0,0.0,0.0,0.0,1.0,,,1.0,0.0,0.0,1.0,0.0,1.0,0.0,1.0,0.0,0.0,,0.0,0.0,0.0,,0.0,0.0,1.0,0.0,0.0,0.0,0.0,0.0,0.0,0.0,0.0,,,0.0,0.0,0.0,0.0,0.0,,1.0,1.0,,,,,1.0,,0.0,1.0,1.0,,,1.0
Pedro Canedo,1.0,,,,,,,,,,,,,,,,,,,,,,,1.0,1.0,,,,,,,,,1.0,0.0,,1.0,,,,,,,,,,,1.0,1.0,,0.0,,,,,,,,,,,,,,,,1.0,,,,,,,,,,,,,,,,,,1.0,,,1.0,1.0,,1.0,1.0,,,,,,1.0,1.0,,1.0,,,,,,,,,,,,,,,,,,0.0,,,,0.0,1.0,0.0,1.0,0.0,0.0,0.0,,,0.0,0.0,,1.0,0.0,0.0,,0.0,0.0,1.0,,,1.0,1.0,,0.0,,0.0,0.0,1.0,,,0.0,0.0,0.0,0.0,,1.0,,,,,,,,1.0,1.0,1.0,,,,,,,,,,,,,,,,,,,,,,,,,,,,,,,,,,,0.0,0.0,,1.0,1.0,1.0
Pedro Chaves,1.0,1.0,1.0,1.0,1.0,0.0,0.0,,0.0,1.0,1.0,1.0,,0.0,0.0,0.0,0.0,1.0,0.0,0.0,,0.0,1.0,1.0,,1.0,1.0,0.0,0.0,1.0,1.0,0.0,0.0,1.0,1.0,0.0,1.0,1.0,0.0,1.0,1.0,,1.0,,1.0,1.0,1.0,1.0,1.0,1.0,0.0,1.0,1.0,,0.0,0.0,1.0,,1.0,0.0,,,,0.0,,1.0,1.0,1.0,1.0,1.0,1.0,0.0,,0.0,,,0.0,,,1.0,,1.0,0.0,0.0,0.0,0.0,1.0,1.0,0.0,0.0,0.0,0.0,,,,,,,1.0,1.0,1.0,0.0,,1.0,0.0,0.0,0.0,0.0,,0.0,1.0,0.0,0.0,0.0,0.0,1.0,0.0,1.0,0.0,0.0,1.0,1.0,0.0,1.0,0.0,1.0,0.0,0.0,0.0,0.0,,0.0,0.0,,1.0,0.0,0.0,1.0,0.0,0.0,1.0,0.0,,1.0,1.0,1.0,1.0,1.0,0.0,0.0,1.0,0.0,0.0,0.0,0.0,,0.0,0.0,1.0,1.0,0.0,,0.0,1.0,1.0,0.0,1.0,0.0,1.0,0.0,,,0.0,0.0,0.0,1.0,0.0,,,,0.0,0.0,0.0,,0.0,0.0,1.0,0.0,,0.0,0.0,0.0,0.0,,,1.0,1.0,0.0,0.0,1.0,1.0,,1.0,0.0,1.0,1.0,1.0,1.0,1.0
Pedro Corrêa,,1.0,1.0,1.0,1.0,,,,,1.0,1.0,1.0,,,0.0,,,,,,,0.0,1.0,0.0,1.0,,,,,,,,,,,0.0,1.0,1.0,,1.0,1.0,1.0,1.0,1.0,1.0,,,1.0,1.0,,0.0,1.0,,,,,,,,,,,1.0,0.0,,1.0,1.0,,1.0,,1.0,0.0,,0.0,1.0,,,,,,,1.0,,,,,,,0.0,,0.0,0.0,0.0,0.0,,1.0,,,,1.0,,,0.0,1.0,,0.0,0.0,,0.0,0.0,,,0.0,0.0,0.0,1.0,,1.0,0.0,,1.0,1.0,0.0,1.0,0.0,,,,0.0,0.0,0.0,0.0,0.0,,,0.0,,,0.0,0.0,1.0,,1.0,,,,0.0,1.0,0.0,0.0,1.0,,0.0,,0.0,,,,1.0,,1.0,,,,,,1.0,,1.0,,,0.0,0.0,,,1.0,0.0,,,,,,,,,,,,,,,,,,,,,,,,,1.0,1.0,,1.0,1.0,1.0,1.0,1.0
Pedro Fernandes,1.0,1.0,1.0,1.0,1.0,0.0,0.0,1.0,0.0,1.0,1.0,1.0,,0.0,0.0,0.0,0.0,1.0,0.0,0.0,1.0,0.0,1.0,1.0,1.0,1.0,1.0,1.0,0.0,1.0,1.0,0.0,0.0,,1.0,0.0,1.0,1.0,0.0,1.0,1.0,1.0,1.0,1.0,1.0,1.0,1.0,1.0,1.0,1.0,0.0,1.0,1.0,0.0,0.0,0.0,1.0,0.0,,0.0,1.0,0.0,1.0,1.0,1.0,1.0,1.0,1.0,1.0,1.0,1.0,0.0,1.0,0.0,1.0,0.0,0.0,1.0,0.0,1.0,0.0,1.0,0.0,0.0,0.0,0.0,1.0,1.0,0.0,0.0,0.0,0.0,0.0,0.0,0.0,1.0,0.0,1.0,1.0,1.0,1.0,0.0,0.0,1.0,0.0,0.0,0.0,0.0,,0.0,1.0,0.0,0.0,0.0,0.0,1.0,0.0,1.0,0.0,0.0,1.0,0.0,0.0,1.0,0.0,1.0,0.0,0.0,0.0,0.0,0.0,0.0,0.0,1.0,1.0,0.0,0.0,1.0,0.0,0.0,1.0,,1.0,0.0,1.0,1.0,1.0,1.0,0.0,0.0,1.0,0.0,0.0,0.0,,0.0,0.0,0.0,1.0,1.0,1.0,1.0,0.0,0.0,1.0,0.0,1.0,0.0,1.0,0.0,0.0,0.0,0.0,0.0,0.0,1.0,0.0,0.0,1.0,0.0,0.0,0.0,0.0,0.0,1.0,0.0,1.0,0.0,0.0,0.0,1.0,0.0,0.0,0.0,,1.0,1.0,0.0,1.0,1.0,1.0,,1.0,0.0,1.0,1.0,1.0,1.0,1.0
Pedro Henry,,1.0,1.0,1.0,1.0,0.0,0.0,1.0,0.0,1.0,1.0,1.0,0.0,0.0,0.0,,0.0,,,0.0,1.0,0.0,1.0,0.0,1.0,,1.0,1.0,0.0,1.0,,,,1.0,1.0,0.0,1.0,1.0,0.0,1.0,,1.0,1.0,1.0,1.0,1.0,,1.0,1.0,1.0,0.0,1.0,,,,0.0,,,,,,,1.0,0.0,,,,,,,,0.0,,,1.0,,,1.0,,,,1.0,,0.0,,,1.0,1.0,0.0,0.0,0.0,,,,,1.0,,,1.0,,1.0,,,1.0,0.0,0.0,0.0,,,,,0.0,,0.0,,1.0,,1.0,0.0,,,0.0,0.0,1.0,,1.0,0.0,0.0,0.0,0.0,0.0,,,1.0,1.0,,,1.0,0.0,0.0,,,1.0,1.0,1.0,1.0,,,,0.0,1.0,0.0,0.0,,0.0,0.0,0.0,0.0,1.0,,,1.0,,,1.0,0.0,1.0,1.0,1.0,,,0.0,0.0,0.0,,1.0,0.0,0.0,1.0,,0.0,,0.0,0.0,,,,0.0,0.0,,,,0.0,,,1.0,1.0,0.0,0.0,1.0,1.0,1.0,1.0,0.0,0.0,,1.0,1.0,1.0
Pedro Irujo,1.0,1.0,1.0,1.0,1.0,0.0,0.0,1.0,0.0,1.0,1.0,1.0,0.0,0.0,0.0,0.0,0.0,1.0,0.0,0.0,,,1.0,1.0,1.0,1.0,1.0,1.0,,,1.0,0.0,,1.0,1.0,,1.0,1.0,0.0,1.0,,1.0,1.0,1.0,1.0,1.0,1.0,1.0,1.0,1.0,0.0,1.0,1.0,0.0,0.0,,1.0,0.0,,0.0,1.0,0.0,1.0,0.0,1.0,1.0,1.0,1.0,,1.0,1.0,,,,1.0,0.0,0.0,1.0,,1.0,0.0,,0.0,,,0.0,1.0,1.0,0.0,,,,0.0,,0.0,1.0,0.0,1.0,,1.0,,0.0,,1.0,0.0,0.0,0.0,0.0,,0.0,1.0,0.0,0.0,0.0,0.0,1.0,0.0,1.0,0.0,0.0,1.0,0.0,,1.0,0.0,1.0,,0.0,0.0,,,,0.0,1.0,,0.0,0.0,1.0,,0.0,1.0,0.0,1.0,1.0,1.0,1.0,1.0,1.0,0.0,0.0,0.0,0.0,0.0,0.0,0.0,0.0,0.0,0.0,1.0,1.0,1.0,1.0,0.0,0.0,1.0,0.0,1.0,0.0,1.0,0.0,0.0,0.0,0.0,0.0,0.0,,0.0,0.0,1.0,0.0,0.0,0.0,0.0,0.0,0.0,,1.0,0.0,0.0,0.0,0.0,,,0.0,1.0,0.0,1.0,0.0,0.0,1.0,1.0,1.0,,0.0,1.0,1.0,,,1.0
Pedro Novais,1.0,1.0,1.0,1.0,1.0,,0.0,,0.0,1.0,1.0,1.0,0.0,0.0,0.0,0.0,0.0,1.0,0.0,0.0,1.0,0.0,1.0,0.0,1.0,1.0,,,0.0,1.0,1.0,0.0,0.0,1.0,1.0,,1.0,1.0,0.0,1.0,1.0,1.0,1.0,1.0,1.0,1.0,1.0,1.0,1.0,1.0,0.0,,,0.0,,0.0,,,1.0,0.0,,,1.0,,,,,,1.0,1.0,,,1.0,0.0,1.0,0.0,,,,1.0,0.0,,,0.0,1.0,0.0,1.0,,0.0,,0.0,0.0,1.0,,0.0,,0.0,1.0,0.0,0.0,,0.0,0.0,,,,,0.0,0.0,,,0.0,0.0,,,,0.0,1.0,,,,1.0,,1.0,,,0.0,1.0,0.0,0.0,0.0,0.0,0.0,1.0,,,0.0,1.0,,0.0,,,1.0,1.0,1.0,1.0,,,0.0,0.0,1.0,0.0,0.0,0.0,0.0,0.0,0.0,0.0,0.0,1.0,,1.0,1.0,0.0,1.0,0.0,1.0,0.0,,0.0,1.0,0.0,0.0,,0.0,1.0,0.0,0.0,1.0,0.0,0.0,0.0,0.0,0.0,,0.0,1.0,0.0,,0.0,0.0,0.0,,0.0,,1.0,,0.0,0.0,1.0,1.0,,1.0,0.0,1.0,1.0,1.0,1.0,1.0
Perpétua Almeida,1.0,1.0,,1.0,1.0,0.0,0.0,1.0,0.0,1.0,1.0,1.0,,0.0,0.0,,,,0.0,0.0,1.0,0.0,1.0,1.0,1.0,1.0,1.0,1.0,,1.0,,,0.0,0.0,0.0,0.0,1.0,1.0,0.0,1.0,1.0,1.0,1.0,1.0,1.0,1.0,1.0,1.0,1.0,1.0,0.0,1.0,1.0,0.0,,,1.0,,,,1.0,,1.0,0.0,0.0,1.0,1.0,1.0,1.0,,1.0,0.0,1.0,0.0,1.0,0.0,0.0,1.0,0.0,1.0,0.0,1.0,0.0,0.0,,0.0,1.0,1.0,0.0,0.0,0.0,0.0,,0.0,,1.0,0.0,1.0,1.0,,1.0,0.0,0.0,,0.0,0.0,0.0,0.0,0.0,0.0,1.0,,,0.0,,1.0,0.0,1.0,0.0,0.0,1.0,1.0,0.0,1.0,0.0,0.0,0.0,0.0,0.0,0.0,0.0,0.0,0.0,1.0,,,0.0,0.0,0.0,0.0,1.0,0.0,1.0,1.0,,0.0,1.0,1.0,0.0,0.0,1.0,0.0,0.0,,,0.0,0.0,0.0,1.0,0.0,1.0,1.0,,0.0,1.0,0.0,1.0,0.0,1.0,0.0,0.0,0.0,0.0,,0.0,1.0,0.0,0.0,1.0,,0.0,0.0,0.0,,0.0,0.0,0.0,0.0,,0.0,0.0,,0.0,0.0,,1.0,1.0,,1.0,1.0,,,1.0,0.0,1.0,1.0,,,1.0
Philemon Rodrigues,1.0,1.0,1.0,1.0,1.0,0.0,0.0,1.0,0.0,1.0,1.0,1.0,0.0,0.0,0.0,0.0,0.0,1.0,0.0,,1.0,0.0,1.0,,,1.0,1.0,1.0,0.0,,1.0,0.0,,0.0,0.0,0.0,1.0,1.0,0.0,1.0,1.0,1.0,1.0,1.0,1.0,,1.0,1.0,1.0,1.0,0.0,1.0,1.0,,0.0,0.0,1.0,0.0,,0.0,1.0,0.0,1.0,1.0,1.0,,1.0,1.0,1.0,1.0,1.0,0.0,1.0,,1.0,0.0,0.0,1.0,0.0,1.0,0.0,1.0,0.0,0.0,0.0,,1.0,1.0,0.0,,,,0.0,0.0,0.0,1.0,0.0,1.0,,1.0,0.0,0.0,0.0,1.0,0.0,0.0,0.0,1.0,0.0,0.0,1.0,0.0,0.0,0.0,0.0,1.0,,1.0,0.0,0.0,1.0,0.0,0.0,1.0,0.0,1.0,,0.0,,,,,0.0,1.0,1.0,0.0,0.0,,0.0,,1.0,0.0,1.0,0.0,1.0,1.0,1.0,,,0.0,1.0,0.0,0.0,1.0,0.0,0.0,0.0,0.0,1.0,,1.0,1.0,,,1.0,0.0,1.0,0.0,1.0,0.0,0.0,0.0,0.0,0.0,0.0,,0.0,0.0,1.0,0.0,0.0,0.0,0.0,0.0,,0.0,1.0,0.0,0.0,0.0,1.0,0.0,0.0,0.0,1.0,,1.0,,0.0,,,1.0,1.0,0.0,1.0,1.0,1.0,1.0,1.0
Pompeo de Mattos,1.0,1.0,1.0,,0.0,,,,0.0,1.0,1.0,1.0,0.0,,0.0,,0.0,1.0,0.0,,,,1.0,1.0,0.0,,,,,,,1.0,,1.0,1.0,,1.0,1.0,0.0,,,,,,,,1.0,1.0,1.0,1.0,0.0,1.0,1.0,0.0,0.0,,1.0,,,0.0,1.0,0.0,,,1.0,1.0,,,1.0,1.0,,0.0,1.0,,,0.0,,0.0,,,1.0,0.0,0.0,0.0,0.0,,1.0,1.0,,,,,1.0,,,,,,0.0,,0.0,,,1.0,0.0,0.0,0.0,,,,,0.0,,,,0.0,0.0,1.0,0.0,0.0,,1.0,,1.0,,0.0,0.0,0.0,0.0,1.0,,,,1.0,,,,0.0,,1.0,,,,,,1.0,,,0.0,0.0,,,1.0,,,,,1.0,,0.0,,1.0,,,,1.0,0.0,,1.0,0.0,1.0,0.0,0.0,,,,,,,0.0,,0.0,,,,,0.0,,1.0,0.0,,,1.0,,,0.0,,,,1.0,,1.0,,0.0,1.0,,,,1.0
Professor Irapuan Teixeira,,1.0,1.0,0.0,0.0,1.0,1.0,0.0,,0.0,0.0,0.0,1.0,1.0,1.0,,1.0,1.0,1.0,1.0,1.0,1.0,1.0,0.0,1.0,,1.0,1.0,,1.0,,0.0,0.0,,0.0,0.0,1.0,1.0,0.0,0.0,0.0,1.0,1.0,1.0,,1.0,0.0,1.0,1.0,1.0,0.0,1.0,1.0,0.0,,0.0,,,1.0,,,,1.0,0.0,1.0,,1.0,1.0,1.0,1.0,,0.0,,0.0,,,0.0,1.0,0.0,1.0,,1.0,0.0,0.0,0.0,,1.0,,0.0,0.0,0.0,0.0,0.0,0.0,0.0,1.0,0.0,1.0,0.0,0.0,0.0,,0.0,1.0,0.0,0.0,0.0,,0.0,0.0,1.0,0.0,0.0,0.0,0.0,1.0,0.0,,1.0,0.0,,,0.0,,0.0,1.0,,,,,,,0.0,,,0.0,0.0,1.0,0.0,0.0,1.0,1.0,,,,,0.0,1.0,,,,0.0,0.0,,0.0,,0.0,0.0,,1.0,0.0,1.0,0.0,,1.0,,1.0,1.0,1.0,,0.0,,0.0,,,,0.0,0.0,1.0,,,0.0,,0.0,1.0,,,0.0,0.0,,1.0,0.0,0.0,,,,1.0,0.0,0.0,,1.0,1.0,1.0,0.0,0.0,0.0,1.0,1.0,1.0
Professor Luizinho,1.0,1.0,1.0,1.0,1.0,0.0,0.0,1.0,0.0,1.0,1.0,1.0,0.0,0.0,0.0,0.0,0.0,1.0,0.0,,1.0,0.0,1.0,1.0,1.0,1.0,1.0,1.0,0.0,1.0,1.0,0.0,0.0,1.0,1.0,0.0,1.0,1.0,0.0,1.0,1.0,,1.0,1.0,1.0,1.0,1.0,1.0,1.0,1.0,0.0,1.0,1.0,0.0,0.0,0.0,,0.0,1.0,0.0,,,1.0,0.0,0.0,1.0,1.0,1.0,1.0,1.0,1.0,0.0,1.0,0.0,1.0,0.0,0.0,1.0,,1.0,0.0,1.0,0.0,0.0,0.0,0.0,1.0,1.0,0.0,0.0,0.0,0.0,1.0,0.0,,1.0,,1.0,1.0,1.0,1.0,0.0,0.0,1.0,0.0,0.0,0.0,0.0,,0.0,1.0,0.0,0.0,0.0,0.0,1.0,0.0,1.0,0.0,0.0,1.0,0.0,0.0,1.0,0.0,1.0,0.0,0.0,0.0,0.0,0.0,0.0,0.0,1.0,1.0,0.0,0.0,1.0,0.0,0.0,1.0,0.0,1.0,,1.0,1.0,1.0,1.0,0.0,0.0,1.0,0.0,,0.0,0.0,0.0,0.0,0.0,1.0,,1.0,1.0,0.0,0.0,1.0,0.0,1.0,0.0,1.0,0.0,0.0,,0.0,0.0,0.0,1.0,0.0,,,0.0,0.0,0.0,0.0,0.0,0.0,,1.0,0.0,0.0,,0.0,0.0,0.0,0.0,,,1.0,0.0,0.0,1.0,1.0,1.0,1.0,,0.0,0.0,1.0,,
Professora Raquel Teixeira,1.0,,1.0,0.0,,0.0,,,0.0,0.0,0.0,0.0,,,,,1.0,0.0,,0.0,,,1.0,1.0,1.0,1.0,1.0,0.0,,,1.0,,,,,,,,0.0,1.0,1.0,,,1.0,1.0,1.0,,,,,,,,,,,,,0.0,,,,1.0,0.0,,,,1.0,1.0,,,,,,,,,,,,,0.0,,,,,1.0,,1.0,,1.0,1.0,1.0,,,,,,,,,,0.0,,,,,,,,,,,,,,,,,,,,,,,,,,,,,,,1.0,1.0,,,,,,,,,,1.0,1.0,0.0,0.0,1.0,,,,,1.0,,,,1.0,0.0,,,1.0,,,,,,,,,,,,,,,,,,0.0,0.0,,,,,,0.0,,1.0,,1.0,1.0,,0.0,,0.0,,1.0,,1.0,,1.0,1.0,,,,,,1.0
Promotor Afonso Gil,,,,0.0,0.0,,,,,1.0,1.0,1.0,0.0,0.0,0.0,0.0,0.0,,,,1.0,,,1.0,0.0,1.0,,,,,,,0.0,,,0.0,,,0.0,1.0,1.0,1.0,1.0,1.0,1.0,1.0,,,,,,,1.0,,0.0,,,0.0,1.0,0.0,1.0,0.0,,,,,,1.0,1.0,1.0,1.0,,1.0,0.0,,0.0,0.0,0.0,,0.0,1.0,1.0,0.0,,,0.0,1.0,,,0.0,1.0,1.0,1.0,,,,,,,0.0,,,,,,,,,,,,,,,,,,,,,,,,,,,,,,,,,,,,,,,,,,,,,,,,,,,,,,,,,,,,,,,,,,,,,,,,,,,,,,,,,,,,,,,,,,,,,,,,,1.0,,,,,,,,,,1.0,1.0,1.0
Rafael Guerra,1.0,1.0,,0.0,0.0,0.0,,1.0,0.0,,,0.0,1.0,1.0,,,,0.0,,0.0,,0.0,1.0,1.0,1.0,1.0,,,,,1.0,1.0,,1.0,1.0,,1.0,1.0,0.0,1.0,1.0,0.0,0.0,1.0,1.0,1.0,1.0,1.0,1.0,1.0,0.0,1.0,1.0,,,,,,0.0,,,,1.0,,1.0,1.0,1.0,1.0,1.0,,,,,,,,,,,,,0.0,,,1.0,1.0,,,1.0,,1.0,,,,,,,1.0,1.0,0.0,1.0,,,1.0,,,,1.0,,,,,,,,0.0,,0.0,,,1.0,,,,,0.0,0.0,0.0,,1.0,0.0,,,1.0,1.0,,,1.0,,,,0.0,1.0,,,,0.0,0.0,1.0,,0.0,,,,,,1.0,,0.0,,0.0,1.0,1.0,,1.0,1.0,1.0,1.0,0.0,,1.0,1.0,,,1.0,,1.0,,,0.0,0.0,,1.0,1.0,,1.0,,,,,1.0,,1.0,0.0,1.0,0.0,,1.0,1.0,,1.0,1.0,1.0,0.0,1.0,1.0,1.0,1.0,1.0
Raimundo Gomes de Matos,,,,,,,,,,,,,,,,,,,,,,,,,,,,,0.0,,,,,,,,,,,,,,,,,,,,,,,,,,,,,,,,,,,,,,,,,,,,,,,,,,,,,,,,,,,,,,,,,,,,,,,,,,,,,,,1.0,,,0.0,,,,,0.0,,,,,,,,,,,,,,,,,,,,,,1.0,,,,,,,,,,,,,,,,,,,,,,1.0,,,1.0,,,,,,,,1.0,,,,,,,,,0.0,,,1.0,1.0,1.0,1.0,,0.0,1.0,,1.0,,1.0,0.0,1.0,0.0,,1.0,1.0,1.0,1.0,,,,,,,,
Raimundo Santos,1.0,1.0,1.0,1.0,1.0,0.0,0.0,,0.0,1.0,1.0,1.0,,,,,0.0,,,0.0,1.0,0.0,1.0,0.0,0.0,1.0,,,0.0,1.0,,0.0,,,,0.0,1.0,1.0,0.0,1.0,1.0,1.0,1.0,1.0,1.0,1.0,,1.0,1.0,,0.0,,1.0,0.0,,0.0,1.0,0.0,1.0,,1.0,0.0,1.0,,1.0,,1.0,1.0,1.0,1.0,,,,0.0,1.0,,,0.0,,,0.0,1.0,,0.0,,0.0,1.0,1.0,0.0,0.0,1.0,1.0,,,0.0,,0.0,1.0,1.0,,1.0,,,1.0,,0.0,0.0,,0.0,,1.0,0.0,,0.0,,0.0,0.0,1.0,0.0,0.0,,0.0,0.0,1.0,0.0,1.0,0.0,0.0,0.0,1.0,,0.0,0.0,,,0.0,0.0,1.0,,0.0,1.0,0.0,1.0,,,1.0,,1.0,,0.0,1.0,0.0,0.0,1.0,0.0,0.0,0.0,,,1.0,1.0,1.0,0.0,0.0,1.0,0.0,1.0,,1.0,,0.0,0.0,0.0,,0.0,,0.0,,1.0,0.0,0.0,,0.0,,1.0,0.0,1.0,,0.0,0.0,0.0,,,,,,1.0,0.0,0.0,1.0,1.0,1.0,1.0,0.0,1.0,1.0,,,1.0
Raul Jungmann,,1.0,,,1.0,,,1.0,,1.0,,1.0,,,,,,,,0.0,0.0,,1.0,1.0,0.0,,,,0.0,,1.0,,,1.0,1.0,0.0,1.0,1.0,0.0,1.0,1.0,1.0,,,1.0,1.0,1.0,1.0,1.0,,0.0,1.0,1.0,,,,,1.0,,,,0.0,1.0,,1.0,,1.0,1.0,,1.0,,0.0,,,,,,,,0.0,0.0,0.0,,,,,1.0,1.0,1.0,,,,,,,,,,1.0,1.0,1.0,,,,,,,0.0,1.0,1.0,,1.0,,,1.0,0.0,,1.0,,1.0,,,,0.0,,0.0,,0.0,0.0,1.0,0.0,,,1.0,,,,0.0,,,,,,,0.0,,,1.0,,,,,,,,1.0,,,,,1.0,,,0.0,,,0.0,,0.0,,,,,,,,,0.0,,0.0,,,,1.0,,0.0,,1.0,1.0,,1.0,0.0,1.0,0.0,,,,,1.0,1.0,,,,0.0,1.0,1.0,1.0,1.0,1.0
Reginaldo Germano,1.0,,1.0,1.0,1.0,,,,,0.0,,0.0,,1.0,,1.0,,,,,,,1.0,,,,,,0.0,1.0,,,0.0,1.0,1.0,,1.0,1.0,0.0,1.0,1.0,0.0,,1.0,1.0,1.0,1.0,1.0,1.0,1.0,0.0,1.0,,0.0,,0.0,,,,,,,1.0,,1.0,1.0,1.0,,1.0,,,0.0,,,,,,,0.0,1.0,,1.0,,,0.0,,1.0,1.0,0.0,0.0,0.0,0.0,,0.0,0.0,,,1.0,1.0,,0.0,,,1.0,0.0,0.0,0.0,,,,,0.0,0.0,0.0,0.0,1.0,0.0,1.0,0.0,0.0,1.0,,0.0,,0.0,1.0,,0.0,,,,0.0,0.0,,1.0,0.0,0.0,1.0,0.0,0.0,1.0,,1.0,1.0,1.0,0.0,,1.0,,,,,,0.0,0.0,,0.0,0.0,1.0,,1.0,,,0.0,,0.0,1.0,1.0,1.0,0.0,0.0,0.0,0.0,0.0,,1.0,0.0,0.0,1.0,,,0.0,0.0,,1.0,0.0,1.0,0.0,,,1.0,,0.0,,,,1.0,,0.0,1.0,,1.0,,0.0,1.0,1.0,1.0,1.0,
Reginaldo Lopes,,,,1.0,1.0,0.0,,1.0,,,,,,,,,,1.0,,0.0,,,,1.0,1.0,,1.0,1.0,0.0,1.0,,,0.0,,1.0,0.0,1.0,1.0,0.0,1.0,,1.0,1.0,1.0,,1.0,1.0,1.0,1.0,1.0,0.0,1.0,1.0,,0.0,0.0,,0.0,,0.0,1.0,0.0,1.0,,,,,1.0,1.0,1.0,,0.0,1.0,0.0,1.0,0.0,0.0,1.0,0.0,1.0,0.0,1.0,,0.0,0.0,0.0,1.0,,0.0,0.0,0.0,0.0,0.0,0.0,0.0,1.0,0.0,,1.0,,1.0,0.0,0.0,,0.0,0.0,0.0,,0.0,,1.0,0.0,,0.0,0.0,1.0,0.0,1.0,,,,,0.0,1.0,0.0,1.0,0.0,0.0,0.0,0.0,0.0,0.0,0.0,1.0,,0.0,0.0,1.0,0.0,0.0,1.0,,1.0,1.0,,1.0,,1.0,,0.0,1.0,,,,,,0.0,0.0,1.0,,1.0,1.0,0.0,,,,1.0,0.0,1.0,,,0.0,0.0,,0.0,,0.0,0.0,1.0,0.0,0.0,0.0,0.0,,0.0,,,,0.0,,0.0,0.0,0.0,0.0,,1.0,1.0,0.0,0.0,1.0,0.0,,1.0,0.0,0.0,0.0,,,1.0
Reinaldo Betão,,1.0,,1.0,1.0,0.0,0.0,1.0,0.0,1.0,1.0,1.0,,0.0,0.0,0.0,0.0,1.0,0.0,,1.0,0.0,1.0,,,1.0,1.0,1.0,0.0,1.0,,0.0,0.0,,,,1.0,1.0,,1.0,1.0,1.0,1.0,1.0,1.0,,1.0,1.0,1.0,1.0,0.0,1.0,1.0,0.0,0.0,0.0,1.0,0.0,,0.0,1.0,0.0,1.0,0.0,,,,1.0,1.0,1.0,1.0,0.0,,0.0,1.0,0.0,0.0,1.0,0.0,1.0,,,0.0,0.0,0.0,,1.0,1.0,,0.0,1.0,0.0,,,0.0,,,,,1.0,0.0,,0.0,,0.0,0.0,0.0,0.0,0.0,,,0.0,0.0,0.0,0.0,1.0,,,,,,0.0,0.0,1.0,0.0,0.0,,0.0,0.0,,,,0.0,,1.0,0.0,0.0,1.0,0.0,0.0,1.0,0.0,,,,,1.0,1.0,0.0,0.0,1.0,0.0,0.0,1.0,0.0,0.0,0.0,,1.0,1.0,,1.0,0.0,,,0.0,1.0,,1.0,0.0,0.0,0.0,0.0,,0.0,,0.0,,1.0,0.0,0.0,0.0,,1.0,1.0,0.0,1.0,,0.0,0.0,1.0,0.0,,1.0,1.0,0.0,1.0,0.0,0.0,1.0,1.0,,,,1.0,1.0,,,1.0
Reinaldo Gripp,,,,,,,,,,,,,,,,,,,,,,,,,,,,,0.0,,,,,,,,1.0,1.0,,,,,,,,,1.0,1.0,1.0,1.0,0.0,1.0,,,,,,,,,,,,,,,,,,,,,,,,,,,,,,,,,,,,1.0,,,,,,,,,,,,,,,,,,,,,,,,,,,,,,,,,,0.0,,,,,,,,,,,,1.0,1.0,,,,,,,,,,,1.0,0.0,1.0,0.0,0.0,1.0,0.0,,1.0,,0.0,0.0,,,1.0,1.0,1.0,0.0,0.0,1.0,0.0,1.0,0.0,,,,,,0.0,0.0,1.0,,0.0,1.0,,0.0,0.0,,,,0.0,1.0,0.0,,0.0,1.0,0.0,,,1.0,1.0,,0.0,,,,,,0.0,1.0,1.0,,,
Reinhold Stephanes,,,,,,,,,,,,,,,,,,,,,,,,,,,,,,,,,,,,,,,,,,,,,,,,,,,,,,,,,,,,,,,,,,,,,,,,,,,,,,,,,,,,,,,,,,,,,,,,,,,,,,,,,,,,,,,,,,,,,,,,,,,,,,,,,,,,,,,,,,1.0,,,,,,,,,,,,,0.0,0.0,,1.0,0.0,0.0,,,1.0,,,,,,,,,,,0.0,1.0,,,0.0,,,,,,,,,0.0,1.0,,0.0,0.0,0.0,0.0,,,,1.0,0.0,1.0,0.0,,0.0,0.0,,,,,,,,,,
Remi Trinta,,1.0,,,,,,,,,,,,,,,,,,,,,,,,,,,0.0,,,,,,1.0,,1.0,1.0,,,,,,,,,1.0,1.0,1.0,1.0,0.0,1.0,,,,,,,,,,,1.0,,1.0,1.0,1.0,,,,,,,,,,,,,,,,,0.0,,,,,,,,,,,0.0,1.0,0.0,,,,,,,,0.0,0.0,0.0,,,0.0,1.0,,0.0,0.0,0.0,1.0,0.0,1.0,0.0,0.0,,,0.0,,0.0,1.0,,,0.0,0.0,0.0,0.0,,,,0.0,0.0,,,0.0,1.0,0.0,1.0,1.0,,1.0,,,,,,0.0,0.0,,0.0,0.0,,1.0,,1.0,,1.0,0.0,,1.0,0.0,1.0,0.0,1.0,,,,,0.0,,,0.0,,,0.0,0.0,,,,,,,,,,,,,0.0,,1.0,,,,,,,,0.0,1.0,,,,
Renato Casagrande,1.0,1.0,1.0,1.0,,0.0,0.0,1.0,,,,,0.0,0.0,0.0,0.0,0.0,1.0,0.0,0.0,1.0,0.0,,1.0,1.0,1.0,1.0,1.0,,1.0,1.0,,,1.0,1.0,0.0,1.0,1.0,0.0,1.0,1.0,1.0,1.0,1.0,1.0,1.0,1.0,1.0,1.0,1.0,0.0,1.0,,0.0,0.0,0.0,1.0,0.0,,0.0,,0.0,1.0,,0.0,1.0,1.0,,1.0,1.0,1.0,0.0,1.0,0.0,1.0,0.0,0.0,1.0,,1.0,0.0,1.0,0.0,0.0,0.0,,1.0,1.0,0.0,0.0,0.0,0.0,0.0,0.0,,1.0,0.0,,1.0,1.0,1.0,0.0,0.0,1.0,0.0,0.0,0.0,0.0,0.0,0.0,1.0,0.0,0.0,0.0,0.0,1.0,0.0,,0.0,0.0,1.0,0.0,0.0,1.0,0.0,1.0,0.0,,0.0,,,0.0,0.0,1.0,1.0,0.0,0.0,1.0,0.0,0.0,1.0,0.0,,1.0,1.0,1.0,1.0,1.0,0.0,0.0,1.0,0.0,,0.0,0.0,0.0,,0.0,1.0,1.0,1.0,1.0,0.0,0.0,1.0,0.0,1.0,0.0,1.0,0.0,0.0,0.0,0.0,0.0,,1.0,0.0,0.0,1.0,0.0,0.0,0.0,0.0,0.0,0.0,,1.0,,,0.0,0.0,0.0,0.0,1.0,,1.0,1.0,0.0,0.0,1.0,0.0,1.0,1.0,0.0,1.0,1.0,1.0,1.0,
Renato Cozzolino,1.0,1.0,,1.0,1.0,0.0,0.0,1.0,0.0,1.0,1.0,1.0,0.0,,,,,1.0,,0.0,1.0,0.0,1.0,1.0,0.0,1.0,1.0,1.0,,1.0,1.0,,,1.0,1.0,0.0,1.0,1.0,0.0,1.0,1.0,,1.0,,1.0,1.0,1.0,1.0,1.0,1.0,0.0,1.0,1.0,,,0.0,1.0,0.0,1.0,0.0,1.0,0.0,1.0,,1.0,1.0,1.0,1.0,1.0,1.0,1.0,,1.0,0.0,,0.0,0.0,,0.0,1.0,,1.0,0.0,0.0,0.0,0.0,1.0,1.0,0.0,0.0,0.0,0.0,0.0,0.0,,1.0,0.0,,0.0,1.0,0.0,0.0,0.0,1.0,,0.0,,0.0,0.0,0.0,,,0.0,0.0,0.0,1.0,0.0,,0.0,0.0,,1.0,0.0,1.0,0.0,0.0,0.0,1.0,0.0,1.0,0.0,0.0,0.0,,,,0.0,,,0.0,1.0,,1.0,1.0,1.0,,,,,,,0.0,,,0.0,,0.0,0.0,1.0,0.0,0.0,,0.0,,,0.0,1.0,0.0,1.0,0.0,0.0,0.0,0.0,,,1.0,,,,0.0,0.0,0.0,,,,,,1.0,1.0,0.0,0.0,,1.0,,1.0,0.0,1.0,,,,,1.0,1.0,0.0,1.0,1.0,1.0,1.0,1.0
Renildo Calheiros,1.0,1.0,1.0,1.0,1.0,0.0,0.0,1.0,,1.0,1.0,1.0,,,0.0,0.0,0.0,,0.0,0.0,1.0,0.0,1.0,1.0,0.0,1.0,1.0,1.0,,,1.0,0.0,0.0,0.0,0.0,0.0,1.0,1.0,0.0,1.0,1.0,,1.0,1.0,1.0,1.0,1.0,1.0,1.0,1.0,0.0,1.0,,0.0,0.0,0.0,1.0,0.0,1.0,0.0,1.0,0.0,1.0,0.0,0.0,1.0,1.0,1.0,1.0,1.0,,0.0,1.0,0.0,1.0,0.0,0.0,1.0,,1.0,0.0,1.0,0.0,0.0,0.0,,1.0,1.0,0.0,,0.0,0.0,0.0,0.0,0.0,1.0,0.0,1.0,1.0,1.0,1.0,0.0,,,0.0,0.0,,,0.0,0.0,1.0,,,0.0,,1.0,,1.0,0.0,0.0,1.0,1.0,0.0,,0.0,0.0,0.0,0.0,0.0,0.0,0.0,0.0,0.0,1.0,1.0,0.0,0.0,,0.0,0.0,1.0,0.0,1.0,1.0,1.0,0.0,1.0,,,0.0,1.0,,0.0,0.0,0.0,0.0,0.0,0.0,1.0,0.0,1.0,1.0,0.0,0.0,,0.0,1.0,0.0,1.0,0.0,0.0,0.0,0.0,0.0,,1.0,0.0,0.0,1.0,0.0,0.0,,0.0,,,0.0,0.0,0.0,0.0,0.0,0.0,,0.0,,,1.0,,0.0,1.0,1.0,,,,0.0,1.0,1.0,1.0,1.0,1.0
Ricardo Barros,1.0,1.0,1.0,0.0,0.0,,,,,1.0,1.0,1.0,1.0,1.0,1.0,1.0,,1.0,0.0,0.0,,0.0,,0.0,0.0,,1.0,1.0,,1.0,,,0.0,1.0,1.0,,1.0,1.0,0.0,1.0,1.0,0.0,,,,1.0,1.0,1.0,1.0,1.0,0.0,1.0,1.0,1.0,,,,,,,,,1.0,1.0,1.0,1.0,1.0,1.0,1.0,0.0,,,,,1.0,,,,,,,,,1.0,,1.0,1.0,,1.0,,1.0,,1.0,,,,,,1.0,0.0,,,,1.0,,0.0,,,,,0.0,,,,,0.0,1.0,1.0,1.0,1.0,1.0,1.0,1.0,1.0,1.0,0.0,,,0.0,,,0.0,1.0,1.0,1.0,,,1.0,1.0,1.0,,1.0,,,,1.0,0.0,,,,0.0,,,,1.0,1.0,1.0,1.0,0.0,1.0,1.0,1.0,0.0,1.0,0.0,1.0,0.0,1.0,0.0,0.0,1.0,1.0,1.0,,1.0,0.0,1.0,1.0,1.0,,0.0,0.0,,,,0.0,0.0,,,,1.0,1.0,1.0,0.0,1.0,0.0,1.0,,,,1.0,,,0.0,0.0,0.0,1.0,1.0,1.0
Ricardo Berzoini,,1.0,,,,,,,,,,,,,,,,,,,,,,,,,,,,,,,,,,,1.0,1.0,,,,,,,,,1.0,1.0,1.0,1.0,0.0,1.0,,,,,,,,,,,,,,,,,,,,,,,,,,,,,,,,,,,,1.0,,,,,,,,,,,,,,,,,,,,,,,,,,,,,,,,,1.0,,,,,,,0.0,,,,,,1.0,,,,0.0,,,,0.0,,1.0,1.0,1.0,1.0,,,0.0,,,,,,0.0,,0.0,1.0,,1.0,1.0,0.0,0.0,1.0,0.0,1.0,0.0,,0.0,,,0.0,,0.0,1.0,0.0,0.0,1.0,1.0,0.0,0.0,0.0,0.0,0.0,0.0,,0.0,,0.0,0.0,,,,,1.0,,0.0,0.0,1.0,0.0,,,0.0,0.0,0.0,,,
Ricardo Fiuza,,,1.0,1.0,,,,,,,,,,,,,,,,,,,1.0,0.0,1.0,1.0,1.0,1.0,,,1.0,,,,1.0,0.0,,,,,1.0,,1.0,1.0,,1.0,,,,,,,,0.0,,,,,,,,,,,,,,,1.0,1.0,,,,0.0,1.0,,,,,,,1.0,,,,0.0,1.0,,,,,,,,,,,,,1.0,,,0.0,1.0,0.0,,0.0,0.0,,0.0,1.0,0.0,,0.0,,1.0,,1.0,,,,,,,,,,,,,,,,,,,,,,,,,,,,,,,,,,,,,,,,,,,,,,,,,,,,,,,,,,,,,,,,,,,,,,,,,,,,,,,,,,,,1.0,1.0,,,,1.0,1.0,
Ricardo Izar,,1.0,1.0,1.0,1.0,,,,0.0,1.0,1.0,,0.0,,,,0.0,1.0,0.0,,,,1.0,1.0,1.0,1.0,1.0,1.0,0.0,1.0,1.0,,0.0,1.0,1.0,0.0,1.0,1.0,0.0,1.0,1.0,,1.0,,1.0,1.0,1.0,1.0,1.0,1.0,0.0,1.0,,0.0,0.0,,1.0,0.0,1.0,0.0,1.0,0.0,1.0,1.0,1.0,1.0,1.0,1.0,1.0,1.0,1.0,0.0,1.0,0.0,1.0,0.0,0.0,1.0,0.0,1.0,0.0,1.0,0.0,,0.0,0.0,,1.0,0.0,0.0,0.0,0.0,1.0,0.0,0.0,,0.0,1.0,,1.0,0.0,0.0,0.0,1.0,0.0,0.0,0.0,0.0,0.0,0.0,1.0,0.0,0.0,0.0,0.0,1.0,0.0,1.0,0.0,0.0,,0.0,,1.0,0.0,1.0,0.0,0.0,0.0,0.0,,,,1.0,,,,1.0,0.0,0.0,1.0,1.0,1.0,1.0,1.0,1.0,1.0,,0.0,0.0,,,0.0,0.0,0.0,0.0,0.0,0.0,1.0,,1.0,1.0,0.0,0.0,1.0,0.0,1.0,0.0,1.0,0.0,0.0,0.0,0.0,0.0,0.0,0.0,,0.0,1.0,0.0,,0.0,0.0,0.0,1.0,0.0,1.0,0.0,,0.0,1.0,,0.0,0.0,1.0,1.0,,0.0,,,1.0,1.0,,0.0,1.0,1.0,1.0,1.0,1.0
Ricardo Rique,,,1.0,1.0,1.0,,,1.0,0.0,1.0,1.0,1.0,,0.0,,,,1.0,0.0,0.0,,,,1.0,1.0,,,1.0,,1.0,,0.0,,1.0,,0.0,,,0.0,1.0,,1.0,1.0,1.0,,1.0,1.0,1.0,1.0,,0.0,,,0.0,0.0,,1.0,0.0,,,1.0,,1.0,0.0,0.0,,,,,,,,,,,,,1.0,0.0,,,1.0,0.0,,,0.0,1.0,1.0,0.0,,0.0,0.0,0.0,,,1.0,0.0,,,1.0,,0.0,0.0,,,,0.0,0.0,0.0,0.0,,0.0,0.0,,,1.0,,1.0,,,,0.0,,,0.0,,,,,0.0,,,0.0,,1.0,,,,,0.0,1.0,0.0,,1.0,,,1.0,,,,,0.0,,,,,,,,,,,0.0,0.0,1.0,,1.0,,,,,,,,,,0.0,,1.0,,,,,,,,,,,,,,,,,,1.0,,,,,,,0.0,1.0,1.0,,,
Ricardo Santos,,,,,,,,,,,,,,,,,,,,,,,,,,,,,0.0,,,,,,,,,,,,,,,,,,,,,,,,,,,,,,,,,,,,,,,,,,,,,,,,,,,,,,,,,,,,,,,,,,,,,,,,,,,,,,,,,,,,,,,,,,,,,,,,,,,,,,,,,1.0,,,,1.0,,,,,,,,,,,,,,,,,,,,,,,,,,,,,,,,,,,,,,,,,,,,,,,,,,,,,,,,,,,,,1.0,1.0,,,,,,,,,
Ricarte de Freitas,1.0,1.0,1.0,1.0,1.0,0.0,0.0,,0.0,,1.0,1.0,0.0,0.0,0.0,0.0,0.0,,0.0,0.0,1.0,,1.0,1.0,1.0,1.0,1.0,1.0,0.0,1.0,,,0.0,,1.0,,1.0,1.0,0.0,1.0,1.0,,1.0,1.0,,1.0,1.0,1.0,1.0,1.0,0.0,1.0,,,0.0,0.0,1.0,,,,1.0,0.0,,1.0,1.0,1.0,1.0,,,1.0,1.0,0.0,,,1.0,0.0,,,0.0,,,1.0,,0.0,,,1.0,1.0,0.0,0.0,0.0,,0.0,0.0,,,,1.0,,,,0.0,,1.0,,0.0,,0.0,0.0,0.0,1.0,,,,,,,1.0,,0.0,,1.0,,1.0,,1.0,,0.0,0.0,0.0,0.0,0.0,0.0,,,0.0,0.0,1.0,,,,1.0,,,1.0,0.0,1.0,,0.0,,1.0,0.0,,,,0.0,0.0,0.0,1.0,,0.0,,0.0,,1.0,,1.0,,,,0.0,0.0,,0.0,,1.0,0.0,,1.0,,0.0,0.0,,0.0,1.0,0.0,1.0,0.0,0.0,0.0,0.0,0.0,0.0,0.0,,1.0,1.0,0.0,0.0,1.0,1.0,,1.0,0.0,1.0,1.0,1.0,1.0,1.0
Roberto Balestra,,,,1.0,1.0,0.0,0.0,,0.0,1.0,1.0,1.0,0.0,0.0,0.0,,,,,0.0,1.0,,1.0,,,,1.0,1.0,,,,,,,,,,,0.0,1.0,1.0,,1.0,1.0,,,,,,,,,,0.0,,,,,1.0,,,,,,,,,,,0.0,1.0,0.0,,,,,,,,,,1.0,,,,,1.0,,,,,,,,,,,,,,,,,,,,,,,,,,,,,,,,,,,,,,,,,,,,,,,,,,,,,,,,,,,,,,,,,,,,,,,,,,,,0.0,,,,,,,,,,,0.0,,1.0,0.0,0.0,1.0,,,,0.0,0.0,1.0,,,,,,,0.0,,,,,1.0,,0.0,1.0,,,1.0,,,1.0,,,
Roberto Brant,1.0,1.0,,1.0,1.0,1.0,,,,0.0,0.0,,1.0,1.0,,,1.0,,,,,,1.0,,0.0,1.0,1.0,1.0,,,,,,1.0,1.0,,1.0,1.0,0.0,1.0,,0.0,,1.0,,1.0,1.0,1.0,1.0,1.0,1.0,1.0,,,,,,,,,,,,0.0,0.0,1.0,,,1.0,,,,,,1.0,,,,,,,,,,,1.0,1.0,1.0,1.0,,1.0,1.0,,,,,,,,0.0,1.0,,,,,,,,,,,,,,,0.0,,0.0,,1.0,1.0,1.0,,0.0,,0.0,,0.0,1.0,1.0,0.0,,,1.0,,,,,,,,1.0,1.0,1.0,1.0,1.0,0.0,0.0,1.0,,,,1.0,1.0,,,0.0,1.0,0.0,,1.0,,,1.0,0.0,1.0,0.0,1.0,0.0,,1.0,,,,,,1.0,,,,,,,,,0.0,0.0,1.0,1.0,,1.0,1.0,,,,,1.0,1.0,1.0,1.0,1.0,,1.0,0.0,1.0,1.0,1.0,1.0,
Roberto Freire,,1.0,,1.0,,0.0,,1.0,,1.0,,1.0,,,,,,1.0,0.0,0.0,,0.0,,1.0,0.0,,1.0,1.0,,,,0.0,,1.0,1.0,,1.0,1.0,0.0,1.0,1.0,,,,,,1.0,1.0,1.0,1.0,0.0,1.0,,,,,,,1.0,,1.0,,1.0,0.0,,,,,,1.0,,,,,,0.0,,1.0,,,,0.0,,,0.0,0.0,,1.0,1.0,,,,1.0,,,,0.0,1.0,1.0,1.0,1.0,,,,,,,,,0.0,,0.0,0.0,,,,,1.0,0.0,,,1.0,,0.0,,0.0,0.0,0.0,,1.0,,,,1.0,1.0,,,,,,,,0.0,,0.0,,1.0,1.0,,,,,,1.0,,,,,,,1.0,,0.0,,0.0,1.0,0.0,1.0,0.0,,,0.0,0.0,,,,,0.0,1.0,,,,,,,0.0,,1.0,,0.0,,,,,1.0,0.0,,,1.0,,,,,0.0,1.0,1.0,,,1.0
Roberto Gouveia,,1.0,,1.0,1.0,0.0,0.0,1.0,0.0,1.0,1.0,1.0,0.0,0.0,0.0,0.0,0.0,1.0,0.0,0.0,,0.0,1.0,1.0,1.0,1.0,1.0,1.0,0.0,1.0,1.0,0.0,0.0,1.0,1.0,0.0,1.0,1.0,0.0,1.0,1.0,1.0,1.0,1.0,1.0,,1.0,1.0,1.0,1.0,0.0,1.0,1.0,0.0,0.0,0.0,1.0,,,0.0,1.0,0.0,1.0,0.0,0.0,1.0,1.0,1.0,1.0,1.0,1.0,0.0,1.0,0.0,1.0,0.0,0.0,1.0,0.0,1.0,0.0,1.0,0.0,0.0,0.0,0.0,1.0,1.0,0.0,0.0,0.0,0.0,0.0,0.0,0.0,1.0,0.0,1.0,1.0,1.0,1.0,0.0,0.0,1.0,0.0,0.0,0.0,0.0,0.0,0.0,1.0,0.0,0.0,0.0,0.0,1.0,0.0,1.0,0.0,,1.0,0.0,0.0,1.0,0.0,0.0,0.0,0.0,0.0,0.0,0.0,0.0,0.0,1.0,1.0,0.0,0.0,1.0,0.0,0.0,1.0,0.0,1.0,1.0,1.0,1.0,1.0,1.0,,0.0,1.0,,0.0,,0.0,,0.0,0.0,1.0,,1.0,1.0,0.0,0.0,1.0,0.0,1.0,0.0,1.0,0.0,0.0,0.0,0.0,0.0,0.0,1.0,0.0,0.0,1.0,0.0,0.0,0.0,0.0,0.0,0.0,,1.0,0.0,0.0,0.0,0.0,0.0,0.0,0.0,,1.0,1.0,,0.0,1.0,0.0,1.0,1.0,0.0,0.0,0.0,1.0,1.0,
Roberto Jefferson,,,,1.0,1.0,,0.0,,,,1.0,1.0,,,,0.0,0.0,,,0.0,1.0,0.0,,1.0,1.0,,1.0,,,1.0,,,,,,0.0,,,0.0,1.0,1.0,,,,,,,,,,,,,,0.0,,1.0,,,,,,,,,,1.0,,1.0,,1.0,,,,1.0,,0.0,,,1.0,,1.0,,,,,1.0,,0.0,,0.0,0.0,0.0,,,,,,,,,,,,,,0.0,,,,,,,0.0,0.0,1.0,,,,,,,,,,,,,,,,,,,,,,,,,,,,,,,,,,,,,,,,,,,,,,,,,,,,,,,,,,,,,,,,,,,,,,,,,,,,,,,,,,,,,,,1.0,,,,,,
Roberto Magalhães,1.0,1.0,,1.0,1.0,,0.0,,0.0,1.0,1.0,,0.0,0.0,0.0,0.0,0.0,,0.0,0.0,,0.0,1.0,,1.0,,1.0,1.0,0.0,1.0,1.0,,,1.0,1.0,0.0,1.0,1.0,0.0,1.0,1.0,,,,1.0,,1.0,1.0,1.0,1.0,1.0,1.0,1.0,0.0,0.0,0.0,,0.0,,0.0,,0.0,1.0,1.0,1.0,1.0,1.0,,1.0,1.0,1.0,0.0,1.0,0.0,1.0,0.0,0.0,,0.0,1.0,0.0,1.0,,0.0,0.0,0.0,,,,0.0,,,0.0,,0.0,,0.0,,,,1.0,0.0,,1.0,,,,1.0,,,1.0,0.0,,,,0.0,,0.0,1.0,1.0,1.0,1.0,,0.0,,0.0,,0.0,,1.0,0.0,,,1.0,,,,1.0,,1.0,,,0.0,1.0,1.0,1.0,,,,,,,1.0,1.0,,,,,0.0,1.0,1.0,1.0,1.0,1.0,0.0,1.0,0.0,1.0,0.0,,1.0,,,,1.0,,,,,,,,1.0,,1.0,0.0,0.0,,1.0,,1.0,1.0,1.0,0.0,1.0,0.0,1.0,1.0,1.0,,1.0,,1.0,0.0,1.0,1.0,,,1.0
Roberto Pessoa,,,,1.0,1.0,,0.0,,,1.0,,,0.0,,0.0,,0.0,1.0,,0.0,1.0,0.0,,1.0,1.0,1.0,,1.0,,0.0,,,0.0,,,,,,,1.0,,1.0,1.0,1.0,,1.0,,,,,,,1.0,0.0,0.0,,,0.0,,,1.0,0.0,,1.0,,,,,1.0,1.0,,0.0,1.0,,1.0,0.0,,,0.0,1.0,0.0,1.0,,,0.0,0.0,1.0,,,,1.0,,,,,,,1.0,,1.0,,,,,,,0.0,,,,1.0,0.0,,0.0,0.0,,,,,,,,,,,,,,,,,,,,,,,,,,,,,,,,,,,,,,,,,,,,,,,,,,,,,,,,,,,,,,,,,,,,,,,,,,,,,,,,,,1.0,,,,,,,,,,,,1.0
Robson Tuma,1.0,1.0,,1.0,1.0,,,,,1.0,,,,,,,,,,0.0,,,,1.0,1.0,,,1.0,,,,1.0,,1.0,1.0,,1.0,1.0,0.0,1.0,1.0,,,,1.0,,1.0,1.0,,,,1.0,1.0,,,,,,,,,,1.0,,1.0,1.0,1.0,1.0,1.0,,,,,,,,,,,,,1.0,,,,,1.0,1.0,,,,,,,,,,1.0,1.0,0.0,1.0,,,,,,,,,,,,,,,0.0,,0.0,,1.0,1.0,,,0.0,,0.0,,,,1.0,0.0,,,1.0,1.0,,,1.0,,,,1.0,,1.0,,,0.0,0.0,,,,,1.0,1.0,,,,,0.0,1.0,1.0,,1.0,,,1.0,0.0,1.0,0.0,,,,,,1.0,,,,,,,,,,,,0.0,1.0,,,1.0,,1.0,0.0,1.0,0.0,1.0,,,,1.0,,,,1.0,1.0,0.0,1.0,
Robério Nunes,,1.0,1.0,1.0,1.0,,,,,0.0,0.0,0.0,,,,,,,,,,,1.0,1.0,1.0,,1.0,1.0,,,1.0,1.0,,1.0,1.0,,1.0,1.0,0.0,1.0,,,,,1.0,1.0,1.0,1.0,,1.0,1.0,1.0,1.0,,,,,,,,,,1.0,1.0,1.0,1.0,1.0,1.0,1.0,,,,,,,,,1.0,,,,1.0,,,,,,,,,1.0,1.0,1.0,,,,,1.0,,0.0,,,,,,,,1.0,,,0.0,,,,,0.0,,,1.0,1.0,1.0,1.0,,0.0,,0.0,,,,,,,,,,,,,,,,,,1.0,,1.0,0.0,0.0,1.0,,,,1.0,1.0,,,,1.0,,,,1.0,,1.0,,1.0,0.0,1.0,0.0,,1.0,,,,1.0,,1.0,,,,,,,,,0.0,0.0,1.0,1.0,,1.0,,1.0,,,,1.0,,1.0,,,,1.0,0.0,0.0,0.0,1.0,1.0,1.0
Rodrigo Maia,1.0,1.0,1.0,0.0,,,,,1.0,0.0,0.0,0.0,1.0,1.0,1.0,1.0,1.0,0.0,,1.0,,1.0,1.0,1.0,1.0,,1.0,1.0,0.0,,,,,1.0,1.0,,1.0,1.0,0.0,1.0,,1.0,,1.0,1.0,,1.0,1.0,1.0,1.0,1.0,1.0,1.0,1.0,1.0,,,1.0,0.0,1.0,,,1.0,1.0,1.0,1.0,1.0,,1.0,,,,0.0,0.0,1.0,,,,,,,1.0,1.0,1.0,,1.0,1.0,1.0,1.0,,1.0,1.0,1.0,,,,,,0.0,0.0,1.0,,,1.0,,,,1.0,,,0.0,1.0,,,1.0,0.0,,0.0,1.0,1.0,1.0,,,0.0,,0.0,1.0,,1.0,1.0,0.0,,,1.0,1.0,,,1.0,,,,,,,,1.0,0.0,0.0,,,,,1.0,1.0,,,,1.0,0.0,1.0,1.0,1.0,1.0,1.0,0.0,1.0,0.0,1.0,0.0,,,,,,1.0,,,,,,,,,1.0,1.0,0.0,0.0,1.0,1.0,,1.0,1.0,1.0,0.0,1.0,0.0,1.0,,,1.0,1.0,1.0,1.0,0.0,1.0,1.0,1.0,1.0,1.0
Rogério Silva,,,,1.0,1.0,0.0,0.0,1.0,,1.0,1.0,1.0,0.0,0.0,0.0,0.0,,1.0,0.0,0.0,1.0,0.0,1.0,,,,,,,,,,,,,0.0,,,0.0,1.0,1.0,1.0,,1.0,,1.0,,,,,,,,,,,,,,,,,,,,,,,,,,,,,,,,,,,,,,,,,,,,,,,,,,,,,,,,,,,,,,,,,,,,,,,,,,,,,,,,,,,,,,,,,,,,,,,,,,,,,,,,,,,,,,,,,,,,,,,,,,,,,,,,,,,,,,,,,,,,,,,,,,,,,,,,,,,,,1.0,,,,,,
Rogério Teófilo,1.0,1.0,1.0,0.0,0.0,,,,,,,,,,,,,,0.0,,,,1.0,,,,1.0,1.0,0.0,,,,0.0,1.0,1.0,0.0,1.0,1.0,0.0,1.0,1.0,1.0,1.0,1.0,1.0,,1.0,1.0,1.0,1.0,0.0,,1.0,0.0,0.0,0.0,,,,0.0,1.0,0.0,1.0,0.0,1.0,1.0,1.0,1.0,1.0,,,,1.0,0.0,1.0,0.0,0.0,0.0,,1.0,0.0,1.0,0.0,0.0,0.0,,1.0,,0.0,0.0,0.0,1.0,1.0,0.0,,1.0,,,1.0,1.0,1.0,0.0,0.0,1.0,0.0,0.0,,0.0,0.0,0.0,1.0,0.0,,0.0,0.0,1.0,,1.0,,0.0,,1.0,,1.0,,0.0,0.0,0.0,0.0,,0.0,,,1.0,1.0,,,0.0,,,,0.0,,,,0.0,1.0,1.0,0.0,,,,,1.0,,,0.0,1.0,,,,1.0,0.0,0.0,0.0,1.0,0.0,1.0,0.0,,1.0,0.0,0.0,1.0,,,1.0,0.0,,0.0,0.0,0.0,0.0,,0.0,0.0,,1.0,,0.0,1.0,0.0,1.0,,1.0,0.0,1.0,1.0,1.0,1.0,1.0,1.0,1.0,0.0,1.0,1.0,1.0,1.0,
Roland Lavigne,,,,,,,,,,,,,,,,,,,,,,,,,,,,,0.0,,,,,,,,,,,,,,,,,,,,,,,,,,,,,,,,,,,,,,,,,,,,,,,,,,,,,,,,,,,,,,,,,,,,,,,,,,,,,,,,,,,,,,,,,,,,,,,,,,,,,,,,,1.0,,,,,,,,,,,,,,,,,,,,,,,,,,,,,,,,,,,,,,,,,,,,,,,,,,,,,,,,,,,,,,,,,,,1.0,,,,,,,,
Romel Anizio,1.0,1.0,1.0,1.0,1.0,0.0,0.0,1.0,,,,,,,,,,1.0,0.0,0.0,1.0,0.0,1.0,0.0,1.0,1.0,,,0.0,1.0,1.0,0.0,0.0,1.0,1.0,,1.0,1.0,0.0,1.0,,1.0,1.0,1.0,,1.0,1.0,1.0,1.0,1.0,0.0,1.0,,,,,,,,,,,1.0,,1.0,1.0,1.0,,1.0,1.0,1.0,0.0,1.0,0.0,1.0,,0.0,1.0,,,,1.0,0.0,,0.0,0.0,,,1.0,0.0,,,1.0,0.0,0.0,1.0,0.0,1.0,,1.0,0.0,,,1.0,0.0,0.0,0.0,,,,,,,,,,,1.0,0.0,0.0,1.0,1.0,0.0,,0.0,,,,0.0,0.0,0.0,0.0,0.0,1.0,,0.0,0.0,1.0,0.0,0.0,1.0,,1.0,,1.0,,,1.0,0.0,,,0.0,0.0,0.0,0.0,0.0,0.0,0.0,,,0.0,1.0,,,1.0,0.0,1.0,,1.0,,,,0.0,0.0,0.0,1.0,0.0,,,0.0,0.0,,,,,,1.0,0.0,,,,0.0,0.0,,,,,0.0,,,,1.0,1.0,0.0,1.0,1.0,1.0,1.0,1.0
Romeu Queiroz,1.0,1.0,1.0,1.0,1.0,0.0,0.0,1.0,0.0,1.0,1.0,1.0,0.0,0.0,0.0,0.0,0.0,1.0,0.0,0.0,1.0,0.0,,1.0,1.0,1.0,,1.0,,1.0,1.0,0.0,,,1.0,,1.0,1.0,0.0,1.0,1.0,1.0,1.0,1.0,,1.0,1.0,1.0,1.0,1.0,0.0,1.0,1.0,0.0,0.0,,1.0,0.0,,0.0,1.0,0.0,1.0,1.0,1.0,1.0,1.0,1.0,1.0,1.0,1.0,0.0,1.0,0.0,,,0.0,1.0,0.0,1.0,,1.0,0.0,,0.0,0.0,,1.0,0.0,0.0,0.0,0.0,0.0,0.0,0.0,1.0,0.0,1.0,,1.0,0.0,0.0,0.0,1.0,0.0,0.0,0.0,0.0,0.0,,1.0,0.0,,0.0,0.0,1.0,,1.0,0.0,0.0,1.0,0.0,0.0,,,1.0,,0.0,,,,0.0,0.0,1.0,,0.0,0.0,1.0,0.0,,,0.0,1.0,1.0,1.0,,,,0.0,,,0.0,,1.0,0.0,,0.0,0.0,1.0,,1.0,1.0,0.0,0.0,1.0,0.0,1.0,0.0,1.0,0.0,0.0,0.0,0.0,0.0,,1.0,,0.0,1.0,,0.0,0.0,,0.0,,,1.0,0.0,0.0,0.0,0.0,,0.0,0.0,1.0,1.0,1.0,,,,,,,0.0,1.0,1.0,1.0,1.0,1.0
Rommel Feijó,,,,1.0,1.0,0.0,0.0,1.0,,1.0,1.0,1.0,,0.0,,,,,0.0,0.0,1.0,0.0,1.0,1.0,,1.0,1.0,,,1.0,1.0,0.0,0.0,,,0.0,,,,1.0,,1.0,,1.0,1.0,1.0,,,,,,,,0.0,0.0,0.0,,,,0.0,,,1.0,1.0,,,,1.0,1.0,1.0,1.0,,1.0,,,0.0,,1.0,,1.0,0.0,1.0,,0.0,,,1.0,,0.0,,0.0,0.0,,0.0,,1.0,0.0,,,1.0,,,,1.0,,,0.0,,,0.0,1.0,,,0.0,0.0,1.0,0.0,,,,,,,,,,,,,,,,,,,,,,,,,,,,,,,,,,,,,,,,,,,,,,,,,,,,,,,,,,,,,,,,,,,,,,,,,,,,,,,,,,,,,1.0,1.0,,,,1.0,1.0,
Ronaldo Caiado,1.0,1.0,1.0,0.0,0.0,1.0,,,,0.0,,,,1.0,,,1.0,,,1.0,,,,1.0,0.0,,1.0,1.0,,,1.0,1.0,,1.0,,,1.0,1.0,0.0,1.0,1.0,,,,1.0,1.0,1.0,1.0,1.0,1.0,1.0,1.0,1.0,,,,,,,,,,1.0,,1.0,1.0,1.0,1.0,,,1.0,,,,,,,,,,,,,,,,1.0,1.0,1.0,,1.0,1.0,1.0,,,,,1.0,,,0.0,,,1.0,,,,1.0,,,,,,,,,,,,1.0,1.0,1.0,,0.0,,0.0,1.0,0.0,,1.0,0.0,,,1.0,1.0,,,1.0,,,,1.0,,,1.0,1.0,0.0,0.0,0.0,,,,1.0,1.0,,,,,0.0,1.0,,1.0,1.0,1.0,0.0,1.0,0.0,,0.0,,1.0,,,,,,1.0,,,,,,,,,,0.0,,1.0,,1.0,1.0,1.0,0.0,1.0,0.0,,,1.0,,1.0,0.0,1.0,0.0,1.0,1.0,1.0,1.0,1.0
Ronaldo Cezar Coelho,,,,0.0,,,,,,,,,,,,,,,,,,,,1.0,0.0,,,,0.0,,,,,,,,,,,,,,,,,,,,,,,,,,1.0,1.0,,,,,,,,,,,,,,,,,,,,,,,,,,,,,,1.0,,,,,1.0,1.0,,,,,,,,,,,,,,,,,,,,,,,,,,,,,,,,,,,,,,,,,,1.0,,,,0.0,,,,,,,,,,,,,,,,,,,,,,1.0,,,1.0,,,,,,,,1.0,,,,,,1.0,,,0.0,0.0,,1.0,1.0,1.0,,,,1.0,,1.0,,1.0,,1.0,,,1.0,,,1.0,,,,,,,,
Ronaldo Cunha Lima,,,,,,,,,,,,,,,,,,,,,,,,,,,,,,,,,,,,,,,,,,,,,,,,,,,,,,,,,,,,,,,,,,,,,,,,,,,,,,,,,,,,,,,,,,,,,,,,,,,,,,,,,,,,,,,,,,,,,,,,,,,,,,,,,,,,,,1.0,,,,,,,,,,,,,,,,,,,,,,,,,,,,,,,,,,,,,,,,,,,,,,,,,,,,1.0,,,,,,,1.0,,,,,0.0,,,,,,,,,,,
Ronaldo Dimas,1.0,1.0,1.0,1.0,1.0,,,,,0.0,0.0,0.0,,1.0,,,,0.0,1.0,,,,,1.0,1.0,1.0,,0.0,,,1.0,,,1.0,1.0,,1.0,1.0,0.0,1.0,,,0.0,,1.0,1.0,1.0,1.0,1.0,1.0,0.0,1.0,1.0,0.0,,1.0,,,1.0,,,,,0.0,1.0,1.0,1.0,1.0,1.0,,,,,,1.0,,,,,,,,,,,1.0,,1.0,1.0,,1.0,1.0,1.0,,,,,1.0,1.0,0.0,1.0,,0.0,0.0,,,,,,,,,,,,0.0,,0.0,,,1.0,0.0,,0.0,,0.0,0.0,0.0,,1.0,1.0,,,,1.0,,,,,,,0.0,1.0,1.0,,1.0,0.0,,1.0,1.0,1.0,1.0,0.0,1.0,,,,,,1.0,0.0,1.0,1.0,1.0,1.0,1.0,1.0,0.0,0.0,,1.0,1.0,,,1.0,,1.0,,,0.0,0.0,,1.0,1.0,1.0,,0.0,0.0,1.0,,1.0,1.0,1.0,0.0,1.0,0.0,1.0,1.0,1.0,,1.0,,1.0,0.0,0.0,0.0,1.0,1.0,1.0
Ronaldo Vasconcellos,,,1.0,0.0,0.0,0.0,0.0,1.0,,1.0,1.0,1.0,0.0,0.0,0.0,0.0,0.0,,,0.0,1.0,0.0,1.0,1.0,1.0,1.0,,,,,1.0,,,,,,,,0.0,1.0,1.0,1.0,,,1.0,1.0,,,,,,,1.0,,,0.0,1.0,0.0,1.0,,1.0,0.0,,,,,,1.0,1.0,1.0,1.0,,,,1.0,,,1.0,0.0,1.0,,,0.0,0.0,,,1.0,,0.0,,,,0.0,0.0,0.0,1.0,,,,1.0,,0.0,0.0,1.0,0.0,0.0,,,,,,0.0,0.0,,,,0.0,,,,,,,,,,,,,,,,,,,,,,,,,,,,,,,,,,,,,,,,,,,,,,,,,,,,,,,,,,,,,,,,,,,,,,,,,,,,,,,,1.0,,,,,,1.0,,,,1.0,1.0,1.0
Ronivon Santiago,,,,1.0,1.0,0.0,0.0,1.0,0.0,1.0,1.0,1.0,,0.0,0.0,0.0,0.0,1.0,0.0,0.0,,0.0,1.0,1.0,1.0,,1.0,1.0,,1.0,,,,1.0,1.0,0.0,,,0.0,1.0,1.0,,1.0,1.0,,1.0,,,,,,,,0.0,,,,,,,,,,0.0,1.0,1.0,,1.0,1.0,1.0,,0.0,1.0,0.0,1.0,,,,,,,1.0,,0.0,0.0,,1.0,1.0,0.0,0.0,0.0,0.0,0.0,0.0,,1.0,0.0,,,1.0,1.0,,,,0.0,0.0,0.0,0.0,0.0,0.0,,0.0,0.0,0.0,,1.0,0.0,1.0,,0.0,,,,1.0,,,,0.0,0.0,0.0,,,,,1.0,,,,0.0,,,,1.0,1.0,,,1.0,1.0,0.0,0.0,1.0,,0.0,,0.0,,,,1.0,,,1.0,,,,,,,,,,,,,,,,,,,,,,,,,,,,,,,,,,,1.0,,,,,,1.0,,,,,,1.0
Rose de Freitas,1.0,1.0,1.0,0.0,,0.0,0.0,1.0,0.0,1.0,,,1.0,,1.0,1.0,,0.0,0.0,,,0.0,,1.0,0.0,1.0,,,0.0,1.0,,,0.0,,1.0,,1.0,1.0,0.0,1.0,1.0,1.0,,1.0,1.0,1.0,1.0,1.0,1.0,1.0,0.0,1.0,1.0,,0.0,,1.0,,1.0,0.0,,,,,,1.0,1.0,1.0,1.0,1.0,1.0,0.0,1.0,,1.0,0.0,,,,1.0,0.0,,,0.0,,,1.0,1.0,0.0,0.0,0.0,1.0,1.0,0.0,,1.0,0.0,,1.0,1.0,1.0,,,,,0.0,,1.0,,,1.0,0.0,,0.0,0.0,,,,,0.0,1.0,1.0,0.0,1.0,0.0,0.0,,0.0,,1.0,0.0,0.0,,1.0,,0.0,0.0,1.0,,1.0,0.0,,,,,1.0,1.0,1.0,0.0,0.0,1.0,0.0,0.0,0.0,0.0,0.0,0.0,0.0,1.0,1.0,0.0,1.0,0.0,0.0,1.0,,1.0,0.0,1.0,0.0,1.0,0.0,0.0,,0.0,1.0,0.0,0.0,1.0,,0.0,,0.0,0.0,,0.0,,,1.0,0.0,1.0,,0.0,0.0,1.0,0.0,1.0,0.0,,,0.0,,,0.0,1.0,1.0,1.0,1.0,
Rubens Otoni,1.0,1.0,1.0,1.0,1.0,0.0,,,0.0,1.0,1.0,1.0,0.0,0.0,0.0,0.0,0.0,1.0,0.0,0.0,1.0,0.0,,1.0,1.0,,,,0.0,,1.0,,0.0,,,0.0,,1.0,0.0,1.0,1.0,1.0,,,,,1.0,1.0,1.0,1.0,0.0,1.0,1.0,0.0,0.0,,1.0,0.0,1.0,,1.0,0.0,1.0,0.0,,,1.0,1.0,1.0,1.0,1.0,,1.0,0.0,,,0.0,1.0,0.0,1.0,0.0,,0.0,0.0,0.0,,1.0,,0.0,0.0,0.0,0.0,0.0,0.0,0.0,1.0,0.0,,,1.0,1.0,0.0,,1.0,,,,0.0,0.0,0.0,1.0,0.0,0.0,0.0,0.0,1.0,0.0,,0.0,,1.0,,0.0,1.0,,1.0,,,0.0,0.0,,0.0,0.0,1.0,,,0.0,1.0,0.0,0.0,,,,0.0,1.0,1.0,1.0,1.0,0.0,0.0,,0.0,0.0,0.0,0.0,0.0,0.0,,1.0,,,1.0,0.0,0.0,1.0,0.0,1.0,0.0,1.0,0.0,,,,0.0,0.0,1.0,0.0,0.0,,0.0,,0.0,,0.0,0.0,0.0,1.0,,,0.0,0.0,,0.0,1.0,,1.0,1.0,,0.0,1.0,0.0,1.0,,0.0,1.0,,1.0,1.0,
Rubinelli,,,1.0,1.0,1.0,0.0,0.0,1.0,0.0,1.0,1.0,1.0,0.0,0.0,0.0,0.0,0.0,,0.0,0.0,1.0,0.0,1.0,1.0,1.0,1.0,1.0,1.0,,1.0,1.0,,0.0,1.0,1.0,,,,0.0,1.0,1.0,1.0,1.0,,,1.0,,,,,,,,,0.0,0.0,1.0,,,0.0,,,1.0,0.0,0.0,1.0,1.0,,1.0,1.0,1.0,0.0,1.0,0.0,,0.0,0.0,,0.0,1.0,,1.0,,0.0,0.0,0.0,1.0,,0.0,0.0,0.0,0.0,0.0,0.0,,1.0,0.0,1.0,,1.0,1.0,0.0,,1.0,,0.0,0.0,0.0,0.0,0.0,1.0,,0.0,0.0,0.0,1.0,0.0,1.0,0.0,0.0,,,0.0,1.0,0.0,1.0,0.0,,0.0,0.0,0.0,0.0,0.0,,,0.0,0.0,,0.0,0.0,1.0,,,,,,,,,,,,,,,,,,,,,,,,,,,,,,,,,,,,,,,,,,,,,,,,,,,,,,,,1.0,,,,,1.0,1.0,,,,1.0,1.0,1.0
Salatiel Carvalho,,1.0,,,,,,,,,,,,,,,,,,,,,,,,,,,0.0,,,,,,,,1.0,1.0,,,,,,,,,1.0,1.0,1.0,1.0,1.0,,,,,,,,,,,,,,,,,,,,,,,,,,,,,,,,,,,,,,,,,,,,,,,,,,,,,,,,,,,,,,,,,,,,,,1.0,1.0,,,,,,,,,,,,1.0,,,,0.0,,,,,,,,,,,,,,,,,,,,,,,1.0,,,,1.0,1.0,1.0,1.0,1.0,,1.0,,0.0,,,,0.0,0.0,,,,,1.0,1.0,,,,,,,1.0,1.0,1.0,0.0,1.0,0.0,,1.0,0.0,1.0,1.0,,,0.0,1.0,1.0,,,
Salvador Zimbaldi,1.0,1.0,1.0,1.0,1.0,0.0,0.0,,0.0,1.0,1.0,1.0,0.0,,0.0,0.0,0.0,1.0,0.0,0.0,1.0,,1.0,1.0,1.0,,,,,1.0,1.0,,,0.0,0.0,0.0,1.0,1.0,,1.0,1.0,,1.0,,,1.0,1.0,1.0,1.0,1.0,0.0,1.0,1.0,0.0,0.0,0.0,1.0,0.0,1.0,0.0,1.0,,1.0,,,1.0,1.0,1.0,,,,0.0,1.0,0.0,1.0,,0.0,1.0,0.0,1.0,0.0,1.0,0.0,0.0,,,,1.0,0.0,0.0,0.0,0.0,0.0,0.0,0.0,,,,,1.0,1.0,,,1.0,0.0,0.0,0.0,0.0,0.0,0.0,1.0,0.0,0.0,0.0,0.0,1.0,0.0,1.0,0.0,0.0,,0.0,,1.0,0.0,,,0.0,0.0,0.0,,0.0,0.0,1.0,,0.0,0.0,,0.0,0.0,1.0,1.0,1.0,,0.0,,1.0,1.0,,0.0,1.0,0.0,,0.0,0.0,0.0,,0.0,,,,1.0,0.0,0.0,1.0,0.0,1.0,0.0,1.0,0.0,0.0,,0.0,0.0,,,0.0,0.0,1.0,0.0,0.0,0.0,0.0,,0.0,,,0.0,0.0,,0.0,,1.0,1.0,,1.0,,0.0,,,,1.0,1.0,0.0,1.0,1.0,,1.0,1.0
Sandes Júnior,1.0,1.0,,1.0,0.0,0.0,0.0,1.0,0.0,,,,,,1.0,0.0,1.0,1.0,0.0,0.0,,,1.0,,,1.0,,,0.0,,,,,1.0,1.0,0.0,1.0,1.0,1.0,1.0,1.0,,1.0,,,1.0,1.0,1.0,1.0,1.0,0.0,1.0,,,,,,,,,,,1.0,,1.0,,1.0,,,1.0,1.0,,,,1.0,,,,,,,,,,,,1.0,1.0,,,,,1.0,0.0,0.0,,,,1.0,,,,,,,,0.0,0.0,,0.0,0.0,0.0,,0.0,0.0,1.0,0.0,1.0,,,1.0,1.0,0.0,1.0,0.0,1.0,1.0,,,0.0,0.0,1.0,0.0,1.0,,0.0,0.0,1.0,0.0,0.0,1.0,1.0,1.0,1.0,1.0,1.0,0.0,1.0,0.0,,1.0,0.0,1.0,,,,0.0,0.0,1.0,1.0,1.0,1.0,0.0,,0.0,,1.0,1.0,1.0,,0.0,0.0,0.0,,,1.0,,0.0,1.0,,0.0,,0.0,1.0,1.0,,1.0,,,0.0,1.0,,0.0,,,1.0,1.0,0.0,,,,,1.0,0.0,0.0,0.0,,,
Sandra Rosado,1.0,,,1.0,,0.0,,1.0,0.0,1.0,1.0,1.0,0.0,0.0,0.0,0.0,0.0,1.0,0.0,0.0,1.0,0.0,1.0,1.0,0.0,1.0,1.0,0.0,0.0,,,,,,,0.0,1.0,,0.0,1.0,1.0,1.0,1.0,1.0,,1.0,,1.0,1.0,1.0,0.0,,,,0.0,,1.0,0.0,,0.0,1.0,0.0,1.0,0.0,1.0,1.0,1.0,,,0.0,1.0,,,,,0.0,0.0,,0.0,,,,0.0,,0.0,0.0,1.0,1.0,1.0,,1.0,1.0,,0.0,,1.0,0.0,1.0,1.0,1.0,1.0,0.0,0.0,1.0,0.0,0.0,,0.0,0.0,0.0,1.0,0.0,,,0.0,1.0,,,,0.0,,,0.0,,0.0,1.0,0.0,0.0,,0.0,0.0,0.0,0.0,1.0,,0.0,0.0,,0.0,0.0,1.0,0.0,1.0,,1.0,,1.0,,,0.0,1.0,,,0.0,,0.0,0.0,,,0.0,1.0,1.0,0.0,,,,1.0,0.0,,0.0,0.0,0.0,0.0,,,1.0,0.0,0.0,,0.0,0.0,0.0,,,,,1.0,,,,1.0,,,,,0.0,,0.0,0.0,1.0,1.0,1.0,1.0,0.0,0.0,,,,1.0
Sandro Mabel,1.0,1.0,1.0,1.0,1.0,0.0,0.0,,,1.0,1.0,1.0,0.0,0.0,,,,1.0,0.0,0.0,1.0,0.0,,1.0,1.0,1.0,,1.0,0.0,,,0.0,0.0,1.0,,,1.0,,,1.0,1.0,,1.0,,1.0,1.0,1.0,1.0,1.0,,0.0,1.0,,0.0,0.0,0.0,1.0,,,0.0,1.0,0.0,1.0,,,1.0,1.0,,1.0,1.0,,,1.0,,1.0,0.0,,,,,0.0,1.0,0.0,,0.0,,,1.0,0.0,0.0,0.0,0.0,1.0,,0.0,1.0,0.0,,,1.0,0.0,,0.0,1.0,0.0,0.0,0.0,0.0,0.0,,,,,,0.0,,,,1.0,,0.0,,0.0,1.0,0.0,1.0,,0.0,0.0,,,0.0,,,1.0,0.0,0.0,0.0,0.0,0.0,,0.0,,,,,,,,0.0,1.0,,0.0,,0.0,0.0,0.0,0.0,,1.0,,1.0,,,,,1.0,0.0,,0.0,,,0.0,,0.0,1.0,0.0,,,0.0,0.0,0.0,,0.0,1.0,,,0.0,,0.0,0.0,,,,,1.0,1.0,0.0,0.0,1.0,1.0,1.0,1.0,,1.0,1.0,,,
Sandro Matos,1.0,,,1.0,1.0,,,,0.0,1.0,1.0,1.0,,,,,,,,,,,1.0,1.0,1.0,,,1.0,0.0,1.0,,,0.0,1.0,,,1.0,,0.0,1.0,1.0,1.0,1.0,1.0,,1.0,1.0,,,,,,,,,0.0,1.0,0.0,,0.0,1.0,,,,,,1.0,,1.0,1.0,,,1.0,,,0.0,0.0,,0.0,1.0,,1.0,0.0,0.0,,,1.0,1.0,,,,,0.0,0.0,0.0,1.0,0.0,,0.0,,,,,,,,,0.0,0.0,,,0.0,,,,,,1.0,0.0,,,1.0,,1.0,,,,,,,,0.0,0.0,,,0.0,0.0,,,1.0,1.0,,1.0,,,,,,0.0,0.0,1.0,0.0,,,,,,,,1.0,,1.0,,0.0,1.0,,1.0,,,,,,,0.0,,1.0,,0.0,,,0.0,0.0,0.0,,,,1.0,,,,,0.0,1.0,0.0,1.0,0.0,,,,,,,,0.0,1.0,1.0,,,1.0
Saraiva Felipe,,,1.0,1.0,1.0,,,1.0,0.0,1.0,1.0,1.0,0.0,,,,0.0,,0.0,0.0,1.0,,1.0,1.0,,1.0,,,,,1.0,0.0,,1.0,,0.0,,,0.0,1.0,1.0,,1.0,1.0,,1.0,,,,,,,1.0,0.0,0.0,,1.0,0.0,1.0,0.0,1.0,0.0,1.0,0.0,1.0,1.0,1.0,1.0,1.0,1.0,1.0,0.0,,0.0,,,0.0,1.0,0.0,1.0,0.0,1.0,,,0.0,0.0,1.0,,0.0,0.0,0.0,,0.0,,0.0,1.0,,1.0,,1.0,1.0,,,1.0,,,,,0.0,0.0,,0.0,0.0,,0.0,1.0,0.0,1.0,0.0,0.0,,,,,,,,,0.0,0.0,,0.0,,,,0.0,0.0,1.0,,0.0,1.0,,,,,,,,,,,,,,,,,,,,,,,,,,,,,,0.0,,,0.0,,,,,,,,0.0,,,,0.0,1.0,0.0,,0.0,,,,1.0,,1.0,,0.0,0.0,1.0,1.0,1.0,1.0,,,,1.0,1.0,1.0
Sarney Filho,,1.0,1.0,1.0,1.0,,,,,,,,,,,,,,,,,,1.0,1.0,1.0,,,1.0,,,1.0,1.0,,0.0,1.0,0.0,,1.0,0.0,1.0,1.0,,,,,1.0,1.0,1.0,1.0,,0.0,1.0,,,,0.0,1.0,0.0,1.0,,1.0,,1.0,,0.0,1.0,,,1.0,1.0,0.0,0.0,1.0,,,,,1.0,,,,1.0,,0.0,,0.0,1.0,,0.0,,0.0,,0.0,0.0,0.0,,0.0,,1.0,,,0.0,0.0,,,,0.0,,0.0,0.0,,,0.0,0.0,0.0,1.0,0.0,1.0,0.0,,1.0,0.0,,1.0,,0.0,0.0,,0.0,0.0,0.0,0.0,,1.0,,,1.0,0.0,,1.0,,0.0,,1.0,,1.0,,1.0,0.0,,,1.0,1.0,,,0.0,0.0,1.0,1.0,,1.0,,,0.0,1.0,,0.0,1.0,1.0,0.0,,,,,1.0,,1.0,0.0,1.0,,,0.0,0.0,0.0,,0.0,0.0,0.0,1.0,0.0,1.0,0.0,,0.0,,,1.0,,,1.0,0.0,1.0,1.0,0.0,1.0,1.0,,,1.0
Sebastião Madeira,1.0,1.0,,0.0,0.0,0.0,,1.0,,0.0,0.0,0.0,,,,1.0,1.0,,,,,,1.0,1.0,0.0,1.0,,,,,1.0,1.0,,1.0,1.0,,1.0,1.0,,1.0,,,,1.0,1.0,,1.0,1.0,1.0,1.0,1.0,1.0,,,,1.0,,,,,,,1.0,,1.0,1.0,1.0,1.0,1.0,,,,,,,,,,,,,,,,,,1.0,1.0,1.0,,1.0,,,,,,,,1.0,0.0,1.0,,0.0,,,,,,,,,,,,,,,0.0,1.0,1.0,1.0,1.0,,0.0,,0.0,0.0,0.0,,1.0,0.0,,,1.0,1.0,,,1.0,,,,,1.0,1.0,,1.0,0.0,0.0,,,,,,,,,0.0,1.0,0.0,1.0,0.0,1.0,,1.0,1.0,,1.0,1.0,0.0,,1.0,1.0,,,1.0,0.0,1.0,,,0.0,,,1.0,1.0,1.0,1.0,,0.0,1.0,,1.0,1.0,1.0,,1.0,0.0,1.0,,,1.0,1.0,1.0,1.0,0.0,1.0,1.0,1.0,1.0,
Selma Schons,1.0,1.0,,1.0,1.0,0.0,,,0.0,1.0,1.0,1.0,0.0,0.0,0.0,0.0,0.0,1.0,0.0,0.0,1.0,0.0,1.0,1.0,1.0,,1.0,1.0,0.0,,,,0.0,1.0,0.0,0.0,1.0,1.0,,1.0,1.0,1.0,1.0,1.0,1.0,,1.0,1.0,1.0,1.0,0.0,1.0,1.0,0.0,0.0,0.0,,0.0,,0.0,,0.0,1.0,0.0,,,,1.0,,1.0,1.0,0.0,1.0,0.0,1.0,0.0,0.0,1.0,0.0,1.0,0.0,1.0,0.0,0.0,0.0,,1.0,1.0,0.0,0.0,0.0,0.0,,0.0,0.0,1.0,0.0,1.0,1.0,1.0,1.0,0.0,0.0,,0.0,0.0,0.0,,0.0,0.0,,0.0,,0.0,0.0,0.0,0.0,1.0,,0.0,1.0,,0.0,,0.0,1.0,0.0,0.0,,0.0,0.0,0.0,0.0,1.0,1.0,0.0,0.0,0.0,,0.0,1.0,,,,,0.0,1.0,1.0,0.0,0.0,1.0,0.0,,,0.0,0.0,0.0,0.0,,,,,0.0,,,0.0,1.0,,1.0,0.0,0.0,0.0,0.0,0.0,,1.0,,0.0,1.0,0.0,,0.0,0.0,0.0,,0.0,,0.0,0.0,0.0,,0.0,0.0,,0.0,1.0,1.0,0.0,,1.0,0.0,,,0.0,0.0,0.0,1.0,1.0,1.0
Serafim Venzon,,,,0.0,0.0,0.0,,1.0,0.0,0.0,0.0,0.0,,1.0,,,1.0,0.0,,0.0,,0.0,1.0,,,1.0,,,,,,,,,,,,,,1.0,1.0,,,1.0,,1.0,,,,,,,1.0,,,,,,,,,,,,,,,1.0,1.0,,,,,,1.0,,,,,,,,,,,,1.0,,,,,,,,,,,,,,,,,,,,,,,,,,,,,,,,,,,,,,,,,,,,,,,,,,,,,,,,,,,,,,,,,,,,,,,,,,,,,,,,,,,,,,,,,,,,,,,,,,,,,,,,,,,,,,1.0,,,,,,1.0,,,,,,
Severiano Alves,1.0,1.0,,1.0,1.0,0.0,,1.0,0.0,1.0,1.0,1.0,,0.0,,,0.0,1.0,0.0,0.0,1.0,0.0,,,,,1.0,1.0,,,,,,1.0,1.0,,,1.0,0.0,,1.0,,1.0,,,1.0,1.0,1.0,1.0,1.0,0.0,1.0,1.0,0.0,0.0,0.0,1.0,0.0,1.0,0.0,1.0,0.0,1.0,,1.0,1.0,1.0,1.0,1.0,1.0,1.0,0.0,1.0,0.0,1.0,0.0,,,0.0,,0.0,1.0,,,,,,,1.0,0.0,1.0,1.0,1.0,,1.0,1.0,1.0,,,,,1.0,,,,,,0.0,0.0,0.0,,0.0,0.0,0.0,0.0,0.0,0.0,1.0,0.0,0.0,,,,1.0,,0.0,0.0,0.0,0.0,1.0,,,,1.0,,1.0,,0.0,,,0.0,0.0,,1.0,,0.0,1.0,1.0,0.0,,,,,1.0,1.0,,0.0,1.0,1.0,,,1.0,,1.0,0.0,1.0,0.0,1.0,1.0,,0.0,0.0,0.0,0.0,1.0,,1.0,,,0.0,0.0,0.0,0.0,1.0,0.0,0.0,0.0,,,0.0,1.0,0.0,,,1.0,0.0,1.0,,1.0,1.0,1.0,,,0.0,1.0,,,,1.0
Severino Cavalcanti,,,,1.0,1.0,,,,,1.0,1.0,1.0,,,,,,1.0,,,,,,0.0,1.0,,,,,,,,,,,,,,,1.0,1.0,,,,,,,,,,,,,,,,,,,,,,1.0,0.0,,,,,,,,,,,,,,,,1.0,,,,,,,,,,,0.0,0.0,,,,,,,,,,0.0,0.0,,,0.0,,,,,,,,0.0,,1.0,,,,,,,,,,,,,,,,,,,,,,,,,,,,,,,,,,,,,,,,,,,,,,,,,,,,,,,,,,,,,,,,,,,,,,,,,,,,,,,,,,,,,,,1.0,,,,,,
Sigmaringa Seixas,1.0,,1.0,1.0,1.0,0.0,0.0,,0.0,1.0,1.0,1.0,0.0,0.0,0.0,0.0,0.0,1.0,0.0,0.0,,0.0,1.0,1.0,1.0,1.0,1.0,1.0,0.0,1.0,1.0,0.0,0.0,1.0,1.0,0.0,1.0,1.0,0.0,1.0,1.0,1.0,1.0,1.0,1.0,,1.0,1.0,1.0,1.0,,1.0,1.0,0.0,0.0,0.0,1.0,0.0,,0.0,1.0,0.0,1.0,0.0,0.0,1.0,1.0,1.0,1.0,1.0,1.0,0.0,1.0,0.0,1.0,0.0,0.0,1.0,0.0,1.0,0.0,1.0,0.0,0.0,0.0,0.0,1.0,1.0,0.0,0.0,0.0,0.0,0.0,0.0,0.0,1.0,,1.0,1.0,1.0,1.0,0.0,0.0,,0.0,,,0.0,0.0,0.0,1.0,0.0,0.0,0.0,0.0,1.0,0.0,1.0,0.0,,1.0,0.0,0.0,1.0,0.0,1.0,0.0,0.0,0.0,0.0,0.0,,0.0,1.0,1.0,0.0,0.0,0.0,0.0,0.0,1.0,0.0,1.0,0.0,,1.0,1.0,1.0,,0.0,1.0,0.0,,0.0,0.0,0.0,0.0,0.0,1.0,,1.0,1.0,0.0,0.0,1.0,,1.0,0.0,1.0,0.0,0.0,0.0,0.0,0.0,0.0,,0.0,0.0,1.0,0.0,0.0,0.0,0.0,,,0.0,1.0,0.0,0.0,0.0,0.0,0.0,0.0,1.0,,1.0,1.0,,0.0,1.0,0.0,1.0,,0.0,0.0,0.0,1.0,,
Silas Brasileiro,,,,1.0,1.0,0.0,0.0,1.0,,,,,,,,,,,0.0,0.0,1.0,,,,,1.0,1.0,,,1.0,,,0.0,1.0,1.0,0.0,,,0.0,1.0,1.0,1.0,1.0,1.0,1.0,1.0,,,,,,,1.0,0.0,0.0,,1.0,0.0,,0.0,1.0,0.0,1.0,0.0,1.0,1.0,1.0,1.0,1.0,1.0,1.0,0.0,1.0,0.0,,0.0,0.0,1.0,0.0,1.0,0.0,1.0,,0.0,0.0,,1.0,,0.0,0.0,0.0,0.0,1.0,0.0,,1.0,0.0,1.0,,1.0,,0.0,0.0,,0.0,0.0,,0.0,,,,,0.0,0.0,0.0,1.0,0.0,1.0,0.0,0.0,,,,,,,,,,,,,,1.0,,,,,,,,,,,,,,,,,,,,,,,,,,,,,,,,,,,,0.0,1.0,,,,0.0,,,,,,,0.0,,0.0,1.0,,1.0,0.0,0.0,0.0,0.0,,,0.0,1.0,0.0,1.0,0.0,,,,,1.0,,,,1.0,1.0,
Silas Câmara,1.0,1.0,1.0,1.0,1.0,0.0,0.0,1.0,,,,,,,,,,1.0,0.0,,,0.0,1.0,1.0,1.0,,,,0.0,1.0,1.0,,,0.0,0.0,0.0,1.0,1.0,0.0,1.0,1.0,,,,,1.0,1.0,1.0,1.0,1.0,0.0,1.0,1.0,,0.0,0.0,,0.0,,0.0,1.0,0.0,1.0,,1.0,1.0,1.0,1.0,1.0,1.0,1.0,,1.0,,,0.0,0.0,,0.0,1.0,,1.0,0.0,,,0.0,1.0,1.0,0.0,0.0,0.0,0.0,0.0,0.0,0.0,,0.0,,,1.0,,0.0,0.0,1.0,,,,0.0,0.0,0.0,,0.0,0.0,,0.0,1.0,0.0,1.0,0.0,0.0,,,,1.0,,,,0.0,0.0,,0.0,0.0,0.0,,1.0,0.0,0.0,1.0,,,,0.0,1.0,1.0,1.0,,1.0,1.0,0.0,0.0,1.0,0.0,0.0,,,0.0,0.0,0.0,,1.0,,1.0,,,1.0,0.0,1.0,0.0,1.0,,0.0,0.0,0.0,,,1.0,,,1.0,,,,,,,,,0.0,,,,0.0,,,,0.0,1.0,,0.0,1.0,,1.0,1.0,0.0,1.0,1.0,1.0,1.0,1.0
Silvio Torres,1.0,1.0,,,,,,,,,,,,,,,,,,,,,,,,,,,,,,,,1.0,1.0,,1.0,1.0,,,,,,,,,1.0,1.0,1.0,1.0,0.0,1.0,,,,,,,,,,,,,1.0,1.0,1.0,,,,,,,,,,,,,,,,,,,,,1.0,,,,,,,,,,,1.0,,1.0,,,,,,,,,,,,,,,,,0.0,1.0,1.0,1.0,0.0,,0.0,,0.0,0.0,0.0,1.0,1.0,0.0,,,,1.0,,,,,,,1.0,0.0,1.0,0.0,1.0,0.0,0.0,1.0,,,,,,,,0.0,1.0,,1.0,,1.0,,1.0,1.0,1.0,1.0,1.0,,,1.0,1.0,,,,,1.0,,,0.0,,,1.0,1.0,,,,,,,,,,,,,,,,,,,,,1.0,1.0,,,
Simplício Mário,1.0,1.0,,,1.0,0.0,0.0,1.0,0.0,1.0,1.0,1.0,0.0,0.0,0.0,0.0,0.0,1.0,0.0,0.0,1.0,0.0,,,,,1.0,1.0,0.0,,,,,1.0,1.0,,1.0,1.0,,,,,1.0,1.0,,,1.0,1.0,1.0,1.0,0.0,1.0,,,,,,,,,,,,0.0,0.0,1.0,1.0,,,,,,,,,,,,,,,,,,,,,1.0,,,,,,,,,,,1.0,,1.0,0.0,0.0,,,,0.0,,0.0,0.0,1.0,0.0,0.0,0.0,0.0,1.0,0.0,1.0,0.0,0.0,,0.0,0.0,1.0,0.0,1.0,0.0,0.0,0.0,0.0,0.0,0.0,0.0,1.0,1.0,0.0,0.0,0.0,0.0,0.0,1.0,,,0.0,1.0,0.0,1.0,1.0,0.0,0.0,1.0,0.0,0.0,0.0,0.0,0.0,0.0,0.0,,0.0,1.0,1.0,0.0,0.0,1.0,0.0,1.0,0.0,1.0,,0.0,0.0,,,,,,,,,,0.0,0.0,0.0,0.0,,,,,0.0,,,,,,1.0,,,0.0,1.0,,,,0.0,0.0,0.0,,,
Simão Sessim,,1.0,1.0,1.0,1.0,0.0,0.0,1.0,0.0,1.0,1.0,1.0,0.0,,0.0,0.0,0.0,1.0,0.0,0.0,1.0,0.0,1.0,1.0,1.0,1.0,1.0,0.0,,1.0,1.0,0.0,0.0,1.0,1.0,0.0,1.0,1.0,0.0,1.0,1.0,1.0,1.0,1.0,1.0,1.0,1.0,1.0,1.0,1.0,0.0,1.0,1.0,0.0,0.0,0.0,1.0,,1.0,,,,1.0,1.0,1.0,1.0,1.0,1.0,1.0,1.0,1.0,0.0,1.0,0.0,1.0,0.0,0.0,1.0,0.0,1.0,1.0,0.0,0.0,0.0,0.0,0.0,,,1.0,0.0,1.0,1.0,0.0,0.0,0.0,1.0,0.0,1.0,,1.0,1.0,0.0,0.0,1.0,,,,,0.0,0.0,,0.0,0.0,0.0,0.0,1.0,0.0,1.0,0.0,,1.0,0.0,0.0,1.0,0.0,0.0,,0.0,0.0,0.0,0.0,0.0,0.0,1.0,1.0,0.0,0.0,1.0,0.0,0.0,1.0,1.0,1.0,1.0,,,0.0,1.0,0.0,0.0,1.0,0.0,,0.0,0.0,0.0,0.0,0.0,1.0,1.0,,,0.0,0.0,1.0,0.0,1.0,1.0,1.0,0.0,0.0,0.0,0.0,0.0,0.0,0.0,0.0,0.0,1.0,0.0,0.0,0.0,0.0,0.0,0.0,0.0,1.0,0.0,0.0,0.0,1.0,0.0,0.0,,,,,,1.0,1.0,,1.0,1.0,,0.0,0.0,1.0,1.0,1.0
Socorro Gomes,1.0,,,,,,,,,,,,,,,,,,,,,,,,,,,,0.0,,,,,,,,1.0,1.0,,,,,,,,,1.0,1.0,,1.0,0.0,1.0,,,,,,,,,,,,,,,,,,,,,,,,,,,,,,,,,,,,1.0,,,,,,,,,,,,,,,,,,,,,,,,,,,,,,,,,1.0,1.0,,,,,,,,,,,,1.0,,,,0.0,,,,,,,1.0,1.0,,,,0.0,1.0,0.0,0.0,0.0,0.0,0.0,0.0,,,,1.0,1.0,0.0,0.0,1.0,0.0,1.0,,,,,0.0,0.0,,0.0,1.0,0.0,,1.0,,,0.0,,,,,0.0,0.0,,0.0,0.0,0.0,0.0,0.0,,1.0,,,1.0,1.0,0.0,,,0.0,1.0,1.0,,,
Suely Campos,1.0,1.0,1.0,0.0,0.0,0.0,0.0,1.0,0.0,1.0,1.0,1.0,,,1.0,,,,,0.0,1.0,,1.0,1.0,1.0,1.0,,,,1.0,1.0,0.0,0.0,,,0.0,1.0,1.0,0.0,1.0,1.0,1.0,,,1.0,,0.0,0.0,1.0,1.0,0.0,1.0,1.0,,,,,,,,,,1.0,,1.0,1.0,1.0,1.0,1.0,1.0,1.0,0.0,1.0,0.0,,,,,,,,0.0,,0.0,0.0,0.0,1.0,1.0,0.0,0.0,0.0,0.0,0.0,0.0,0.0,1.0,,1.0,1.0,1.0,0.0,0.0,,1.0,0.0,,0.0,0.0,0.0,,1.0,,,0.0,0.0,1.0,0.0,0.0,,,1.0,,0.0,1.0,0.0,0.0,0.0,,0.0,1.0,0.0,0.0,0.0,,1.0,0.0,0.0,,0.0,0.0,1.0,,,1.0,,,,,0.0,0.0,1.0,0.0,,,,0.0,1.0,1.0,,1.0,,1.0,0.0,,,,1.0,1.0,1.0,,,0.0,0.0,0.0,,,,,1.0,,0.0,0.0,,,,,0.0,,0.0,,1.0,,,,,1.0,1.0,1.0,0.0,1.0,,1.0,1.0,0.0,1.0,1.0,1.0,1.0,
Sérgio Caiado,1.0,,1.0,,,,,,,,,,,,,,,,,,,,,0.0,1.0,,,,,,1.0,1.0,,1.0,1.0,,1.0,,,,,,,,,,,1.0,1.0,1.0,0.0,,,,,,,,,,,,1.0,,1.0,1.0,1.0,,1.0,,,0.0,1.0,0.0,,,,,,,,0.0,,0.0,,1.0,,1.0,0.0,0.0,0.0,1.0,1.0,0.0,0.0,1.0,0.0,1.0,0.0,0.0,0.0,,0.0,1.0,0.0,0.0,0.0,1.0,,0.0,1.0,,0.0,,0.0,1.0,0.0,0.0,1.0,1.0,,,0.0,1.0,0.0,1.0,,0.0,,1.0,0.0,,0.0,,,0.0,0.0,,0.0,0.0,1.0,1.0,1.0,1.0,1.0,1.0,0.0,1.0,0.0,,,0.0,,,0.0,0.0,0.0,0.0,,,,1.0,,,1.0,,0.0,0.0,1.0,,,,,,,,,,,,,,,,,,,,,,,,,,,,,,,,,,,0.0,0.0,,1.0,1.0,1.0
Sérgio Miranda,1.0,1.0,1.0,0.0,0.0,0.0,0.0,,0.0,1.0,1.0,1.0,,0.0,0.0,0.0,0.0,1.0,0.0,0.0,,0.0,1.0,1.0,0.0,1.0,1.0,1.0,0.0,1.0,1.0,0.0,0.0,0.0,0.0,0.0,1.0,1.0,0.0,1.0,1.0,1.0,1.0,,1.0,1.0,1.0,1.0,1.0,1.0,0.0,1.0,1.0,0.0,0.0,0.0,1.0,0.0,,0.0,1.0,0.0,1.0,0.0,0.0,1.0,1.0,1.0,1.0,,1.0,0.0,1.0,0.0,1.0,0.0,0.0,1.0,0.0,1.0,0.0,1.0,0.0,0.0,0.0,0.0,1.0,1.0,1.0,0.0,1.0,1.0,,0.0,0.0,,0.0,,1.0,1.0,1.0,0.0,0.0,1.0,0.0,0.0,0.0,,0.0,0.0,1.0,,0.0,0.0,,,0.0,1.0,0.0,0.0,1.0,1.0,0.0,1.0,0.0,0.0,0.0,0.0,0.0,0.0,0.0,0.0,0.0,1.0,1.0,0.0,0.0,0.0,0.0,0.0,1.0,0.0,1.0,1.0,1.0,1.0,1.0,1.0,0.0,,,,1.0,1.0,,,0.0,1.0,1.0,,0.0,1.0,0.0,1.0,1.0,1.0,0.0,1.0,1.0,0.0,0.0,0.0,0.0,0.0,1.0,,1.0,,,0.0,0.0,0.0,0.0,1.0,0.0,0.0,0.0,1.0,1.0,0.0,1.0,0.0,1.0,0.0,1.0,0.0,1.0,1.0,1.0,1.0,0.0,1.0,1.0,0.0,1.0,1.0,1.0,1.0,1.0
Tadeu Filippelli,,,,,,,,,0.0,1.0,1.0,1.0,0.0,0.0,0.0,,0.0,,0.0,,,,,1.0,0.0,1.0,,,0.0,1.0,,,0.0,,0.0,0.0,,,0.0,1.0,,,1.0,1.0,,,,,,,,,1.0,0.0,0.0,0.0,1.0,0.0,1.0,0.0,,0.0,,0.0,,,,1.0,1.0,1.0,1.0,,1.0,,,0.0,0.0,1.0,0.0,1.0,0.0,0.0,0.0,0.0,0.0,0.0,1.0,,,0.0,1.0,1.0,,,,,,1.0,,1.0,,,,,,,,,,,,,,,,,,,,,,,,,,,,,,,,,,1.0,,,,1.0,,,,,,,,,,,,,,,,,,,,,,,,,,,,,,,,,,,,,,,,,,,,0.0,0.0,0.0,1.0,0.0,,0.0,0.0,0.0,0.0,,0.0,0.0,1.0,0.0,1.0,0.0,1.0,1.0,1.0,,1.0,,,,1.0,1.0,1.0
Takayama,,,1.0,1.0,1.0,0.0,,1.0,0.0,1.0,1.0,1.0,0.0,0.0,0.0,0.0,0.0,1.0,,,1.0,0.0,,1.0,0.0,1.0,,0.0,0.0,1.0,1.0,,0.0,0.0,,0.0,1.0,,,1.0,1.0,1.0,1.0,1.0,1.0,,,1.0,1.0,1.0,0.0,1.0,1.0,0.0,,0.0,1.0,0.0,1.0,,1.0,,1.0,,,,,1.0,1.0,,1.0,,1.0,0.0,1.0,0.0,0.0,0.0,,1.0,0.0,1.0,,0.0,,,1.0,,,0.0,,,,0.0,0.0,1.0,0.0,,1.0,,1.0,,,,,,,,0.0,0.0,,0.0,,0.0,0.0,1.0,,,1.0,0.0,,1.0,0.0,1.0,0.0,,,,0.0,0.0,0.0,0.0,0.0,1.0,,0.0,0.0,1.0,0.0,0.0,1.0,0.0,1.0,1.0,,1.0,1.0,1.0,,0.0,1.0,0.0,,0.0,,0.0,,,1.0,,,1.0,0.0,0.0,,,1.0,0.0,1.0,0.0,1.0,,0.0,0.0,0.0,0.0,,,,,0.0,0.0,0.0,,1.0,,,0.0,0.0,0.0,1.0,,,0.0,,,,0.0,,,1.0,1.0,1.0,,1.0,,1.0,1.0,
Tarcísio Zimmermann,1.0,1.0,1.0,1.0,1.0,,,,,,,,0.0,0.0,0.0,0.0,0.0,1.0,0.0,,1.0,,1.0,1.0,1.0,1.0,0.0,1.0,0.0,1.0,1.0,,0.0,,,0.0,1.0,,0.0,1.0,1.0,,,1.0,,1.0,1.0,1.0,1.0,1.0,0.0,1.0,1.0,0.0,0.0,,1.0,,1.0,0.0,1.0,0.0,1.0,0.0,,,,1.0,1.0,1.0,0.0,0.0,1.0,,1.0,0.0,,1.0,0.0,1.0,0.0,1.0,0.0,,0.0,0.0,1.0,1.0,,0.0,0.0,1.0,,0.0,0.0,1.0,,,1.0,,1.0,0.0,0.0,1.0,0.0,0.0,0.0,0.0,0.0,,1.0,0.0,,0.0,0.0,0.0,,1.0,,,1.0,0.0,,1.0,0.0,1.0,0.0,,0.0,0.0,0.0,0.0,0.0,1.0,1.0,0.0,0.0,0.0,0.0,0.0,1.0,,,,1.0,1.0,1.0,1.0,0.0,0.0,1.0,0.0,,0.0,0.0,0.0,0.0,0.0,,,1.0,1.0,0.0,0.0,,0.0,1.0,0.0,1.0,0.0,0.0,,,0.0,0.0,1.0,0.0,0.0,,0.0,,,0.0,0.0,0.0,,1.0,0.0,,0.0,0.0,0.0,0.0,1.0,,1.0,1.0,0.0,0.0,1.0,0.0,1.0,1.0,0.0,0.0,0.0,,,1.0
Tatico,1.0,1.0,1.0,,1.0,0.0,,,0.0,1.0,1.0,1.0,,,,,,1.0,0.0,0.0,,0.0,1.0,1.0,1.0,1.0,1.0,1.0,0.0,1.0,1.0,0.0,0.0,,,0.0,,1.0,0.0,1.0,1.0,,1.0,,1.0,1.0,1.0,,1.0,1.0,0.0,1.0,1.0,0.0,0.0,0.0,1.0,0.0,,0.0,1.0,0.0,1.0,1.0,0.0,1.0,1.0,1.0,1.0,,1.0,0.0,1.0,0.0,1.0,0.0,0.0,1.0,0.0,1.0,0.0,1.0,0.0,0.0,0.0,0.0,1.0,1.0,0.0,0.0,0.0,0.0,0.0,,,,,,1.0,1.0,0.0,0.0,0.0,1.0,,0.0,0.0,0.0,0.0,0.0,1.0,0.0,0.0,,,,,1.0,,,1.0,0.0,0.0,1.0,,1.0,,,0.0,0.0,0.0,0.0,0.0,1.0,1.0,,0.0,1.0,0.0,0.0,,0.0,,1.0,1.0,1.0,,1.0,0.0,0.0,1.0,0.0,,,0.0,0.0,,0.0,1.0,,1.0,1.0,,0.0,1.0,0.0,1.0,,,0.0,0.0,,,0.0,0.0,1.0,0.0,0.0,1.0,,,,,,,,1.0,,,0.0,,,,,,1.0,1.0,,0.0,,1.0,,1.0,0.0,1.0,1.0,1.0,1.0,1.0
Telma de Souza,1.0,,1.0,1.0,1.0,,0.0,1.0,0.0,1.0,1.0,1.0,,,0.0,,,,0.0,0.0,1.0,0.0,,1.0,1.0,,,,,,1.0,,,1.0,1.0,,1.0,1.0,0.0,1.0,1.0,,,1.0,,1.0,1.0,1.0,,,0.0,1.0,,,,,1.0,,,,,,1.0,,,1.0,1.0,,,1.0,1.0,0.0,1.0,0.0,,,,,,1.0,,,,,,,,1.0,0.0,,0.0,0.0,,,,,0.0,,1.0,,1.0,,,1.0,,,,,,,1.0,,,,,,,1.0,,0.0,,,0.0,,0.0,,0.0,,,,,,0.0,1.0,1.0,0.0,,1.0,0.0,0.0,1.0,,,,,,1.0,,0.0,0.0,1.0,0.0,,,,0.0,,0.0,,,,,0.0,,,,,,1.0,,,,,,,,,0.0,1.0,,,,,0.0,,,1.0,,,0.0,0.0,,,,,,,0.0,,,0.0,1.0,,,,0.0,,,
Terezinha Fernandes,1.0,1.0,1.0,1.0,1.0,,0.0,1.0,,1.0,1.0,1.0,0.0,0.0,0.0,0.0,0.0,,0.0,0.0,,0.0,1.0,1.0,1.0,1.0,1.0,1.0,0.0,,1.0,0.0,,,1.0,,,1.0,0.0,1.0,,1.0,1.0,1.0,1.0,1.0,1.0,1.0,,,,1.0,1.0,0.0,,,1.0,0.0,,0.0,1.0,0.0,1.0,0.0,,1.0,1.0,1.0,1.0,,1.0,0.0,1.0,0.0,1.0,0.0,0.0,1.0,0.0,1.0,0.0,1.0,0.0,0.0,,0.0,1.0,1.0,0.0,0.0,0.0,0.0,0.0,0.0,0.0,1.0,,1.0,1.0,1.0,1.0,0.0,,1.0,0.0,0.0,0.0,0.0,0.0,,,0.0,0.0,0.0,0.0,0.0,,1.0,,,,,0.0,1.0,0.0,1.0,0.0,,,0.0,0.0,0.0,0.0,,1.0,0.0,0.0,,0.0,0.0,1.0,,1.0,1.0,,1.0,1.0,1.0,0.0,0.0,1.0,0.0,0.0,,0.0,0.0,,0.0,,,,1.0,0.0,0.0,1.0,0.0,1.0,0.0,,0.0,0.0,,0.0,,,,0.0,0.0,1.0,0.0,,,0.0,0.0,0.0,0.0,,0.0,,0.0,0.0,,,0.0,,1.0,1.0,0.0,,1.0,0.0,1.0,1.0,0.0,0.0,0.0,1.0,1.0,
Teté Bezerra,1.0,1.0,1.0,,,,,,,,,,,,,,,,,,,,,1.0,0.0,,,,0.0,1.0,1.0,,0.0,1.0,1.0,,1.0,1.0,,,,,,,,,1.0,1.0,1.0,1.0,,1.0,1.0,0.0,,,1.0,0.0,,,1.0,0.0,,0.0,1.0,1.0,1.0,1.0,1.0,1.0,1.0,0.0,1.0,0.0,1.0,,0.0,1.0,,,0.0,,0.0,0.0,,0.0,,1.0,0.0,0.0,0.0,0.0,1.0,0.0,0.0,,,1.0,1.0,1.0,1.0,,0.0,1.0,0.0,0.0,,0.0,,,1.0,,0.0,,0.0,1.0,0.0,1.0,0.0,0.0,,1.0,0.0,1.0,0.0,1.0,0.0,1.0,,,,,0.0,1.0,1.0,0.0,0.0,1.0,0.0,0.0,1.0,0.0,,1.0,,,1.0,1.0,,,,0.0,0.0,,,,,0.0,,1.0,0.0,1.0,0.0,0.0,1.0,,1.0,0.0,1.0,0.0,1.0,0.0,0.0,0.0,,1.0,,0.0,1.0,0.0,0.0,0.0,,0.0,0.0,0.0,1.0,0.0,0.0,,0.0,,0.0,1.0,,1.0,,0.0,0.0,1.0,1.0,1.0,,0.0,1.0,1.0,1.0,1.0,1.0
Thaís Barbosa,,,,,,,,,,,,,,,,,,,,,,,,,,,,,,,,,,1.0,1.0,,,,,,,,,,,,,,,,,,,,,,,,,,,,,,1.0,1.0,1.0,,,,,,,,,,,,,,,,,,,,,,,,,,,,,,,,,,,,,,,,,,,,,,,,,,,1.0,0.0,0.0,,,,1.0,,0.0,,,,,,,,,,,,,,,,,,,,,,,,,,,,,,,,,,,,,,,,,,,,0.0,0.0,,,,,,,,,,,0.0,0.0,0.0,,,1.0,0.0,0.0,0.0,0.0,,,,,,,,,,,,,,,,,,
Thelma de Oliveira,1.0,1.0,1.0,0.0,0.0,0.0,0.0,1.0,0.0,0.0,0.0,0.0,,,,,,0.0,1.0,0.0,,,1.0,1.0,0.0,1.0,1.0,0.0,0.0,,1.0,1.0,,1.0,1.0,,1.0,1.0,0.0,1.0,1.0,0.0,0.0,1.0,1.0,1.0,1.0,1.0,1.0,1.0,0.0,1.0,1.0,,,,,,0.0,,,,1.0,0.0,1.0,1.0,1.0,1.0,,,,,,,,,,,,,,,,,1.0,,1.0,,1.0,,1.0,1.0,1.0,,,,,1.0,,0.0,,,,1.0,,,,1.0,,,,,,,,,,0.0,1.0,1.0,1.0,1.0,,0.0,,0.0,,,,1.0,0.0,,,1.0,1.0,,,1.0,,,,0.0,,,0.0,1.0,0.0,0.0,1.0,1.0,,,0.0,1.0,,,0.0,1.0,,1.0,,1.0,1.0,,1.0,1.0,1.0,1.0,0.0,,1.0,,,,1.0,,1.0,,,0.0,0.0,,,,,,0.0,0.0,,,1.0,1.0,1.0,0.0,1.0,0.0,,1.0,1.0,1.0,1.0,1.0,,0.0,0.0,0.0,1.0,1.0,
Vadinho Baião,1.0,1.0,,,,,,,,,,,,,,,,,,,,,,,,,,,0.0,,,,,1.0,1.0,,1.0,1.0,,,,,,,,,1.0,1.0,1.0,1.0,0.0,1.0,,,,,,,1.0,,,,,,0.0,1.0,1.0,,,,,,,,1.0,,,,,,,,,,,,,1.0,,,,,,,,,,,1.0,,1.0,,,,,,,,,,,,,,,,,1.0,0.0,0.0,1.0,0.0,0.0,,,,0.0,0.0,0.0,0.0,0.0,0.0,0.0,1.0,1.0,0.0,0.0,1.0,0.0,0.0,1.0,,1.0,1.0,1.0,1.0,1.0,1.0,0.0,0.0,1.0,0.0,0.0,0.0,0.0,0.0,0.0,0.0,1.0,,1.0,1.0,0.0,0.0,1.0,0.0,1.0,,1.0,0.0,0.0,0.0,,0.0,0.0,,0.0,0.0,1.0,0.0,0.0,0.0,,,0.0,0.0,1.0,0.0,0.0,0.0,0.0,0.0,0.0,1.0,,1.0,,0.0,0.0,1.0,0.0,,,0.0,0.0,0.0,,,
Vadão Gomes,,,,1.0,1.0,,0.0,,0.0,1.0,1.0,1.0,,,0.0,,,1.0,,,1.0,0.0,,0.0,1.0,,1.0,1.0,,1.0,,,0.0,1.0,1.0,,,,0.0,1.0,1.0,,,,1.0,,,1.0,,,0.0,,1.0,,,,,,1.0,,,,1.0,,1.0,1.0,,1.0,1.0,,,,,0.0,,,,,,,,0.0,,,,0.0,1.0,,0.0,,0.0,,,,,,,,,1.0,,,,,,,,0.0,,,1.0,,,,,,,,0.0,,1.0,1.0,0.0,1.0,0.0,1.0,,0.0,,0.0,,,,,,,0.0,,0.0,0.0,1.0,1.0,,1.0,1.0,1.0,0.0,1.0,0.0,0.0,,0.0,,,,,0.0,0.0,1.0,,,,0.0,,1.0,,1.0,1.0,1.0,,,0.0,0.0,0.0,,,0.0,0.0,,0.0,,0.0,0.0,0.0,,,,,,,,,,0.0,,1.0,1.0,,,,,1.0,,,,0.0,,,
Valdemar Costa Neto,,,,1.0,1.0,,,,,1.0,1.0,,,0.0,,,,,,0.0,,,,,1.0,,,1.0,,1.0,,,,,1.0,,,,0.0,1.0,,,,1.0,,1.0,,,,,,,,,,,,0.0,,,,,1.0,,,,,,,,1.0,,1.0,,1.0,,,,,,,,,,,,1.0,,0.0,,0.0,,,,,,0.0,1.0,,,,,0.0,,0.0,,0.0,,,,,0.0,,,,1.0,0.0,,,,,,,,,1.0,,,,0.0,,,,,,,0.0,,,,,,,,,,,,,,,,,,,,,,,,,,,,,,,,,,,,,,,,,,,,,,,,,,,,,,,,,,,,,,,,,,1.0,,,,,,
Valdenor Guedes,,,,1.0,1.0,0.0,0.0,1.0,0.0,1.0,1.0,1.0,0.0,0.0,0.0,0.0,0.0,1.0,,0.0,1.0,0.0,1.0,,,1.0,,,,,,,,,,0.0,,,0.0,1.0,1.0,1.0,1.0,1.0,1.0,,,,,,,,1.0,0.0,,0.0,,,1.0,,,,,,,,,1.0,1.0,1.0,1.0,0.0,1.0,0.0,1.0,,,,,,0.0,1.0,,,,,1.0,,,,,,,,,,,,,,,,,,,,,,,,,,,,,,,,,,,,,,,,,,,,,,,,,,,,,,,,,,,,,,,,,,,,,,,,,,,,,,,,,,,,,,,,,,,,,,,,,,,,,,,,,,,,,,1.0,,,,,,,,,,,,
Valdir Colatto,,,,,,,,,,,,,,,,,,,,,,,,,,,,,,,,,,,,,,,,,,,,,,,,,,,,,,,,,,,,,,,,,,,,,,,,,,,,,,,,,,,,,,,,,,,,,,,,,,,,,,,,,,,,,,,,,,,,,,,0.0,0.0,,,,,,,,,,,,,,,,,,,,,,,,,,,,,,,,,,,,,,,,,,,,,,,,,,,,,,,,,,,,,,,,,,,,,,,,,,,,,,,,,,,,,,,,,
Vander Loubet,1.0,,0.0,1.0,1.0,0.0,,1.0,0.0,1.0,1.0,1.0,0.0,0.0,,,,,0.0,0.0,1.0,0.0,,1.0,1.0,1.0,,,0.0,1.0,,0.0,0.0,1.0,1.0,0.0,1.0,1.0,0.0,1.0,1.0,1.0,1.0,1.0,1.0,1.0,,1.0,1.0,1.0,0.0,1.0,,0.0,0.0,,1.0,0.0,1.0,0.0,1.0,0.0,,0.0,0.0,1.0,1.0,1.0,1.0,1.0,1.0,0.0,1.0,0.0,1.0,0.0,0.0,1.0,,1.0,0.0,1.0,0.0,0.0,,,1.0,1.0,0.0,0.0,0.0,0.0,0.0,0.0,,1.0,0.0,,1.0,,1.0,,0.0,,,0.0,0.0,0.0,0.0,0.0,1.0,0.0,0.0,0.0,0.0,1.0,0.0,1.0,0.0,,,,0.0,1.0,0.0,1.0,0.0,,0.0,0.0,0.0,0.0,0.0,1.0,1.0,0.0,0.0,1.0,0.0,0.0,1.0,,,1.0,,,1.0,1.0,0.0,0.0,1.0,0.0,0.0,0.0,0.0,0.0,,0.0,1.0,,,,0.0,0.0,,0.0,1.0,0.0,1.0,,,,,,,1.0,0.0,,,,0.0,,0.0,0.0,0.0,,1.0,0.0,0.0,,0.0,0.0,,,,1.0,1.0,0.0,0.0,1.0,1.0,,1.0,0.0,0.0,0.0,,,1.0
Vanderlei Assis,1.0,1.0,,0.0,0.0,,,,,,0.0,0.0,1.0,1.0,1.0,1.0,,,1.0,,,,1.0,1.0,1.0,1.0,1.0,1.0,0.0,1.0,1.0,0.0,0.0,1.0,1.0,0.0,1.0,1.0,0.0,0.0,0.0,0.0,0.0,,,1.0,1.0,1.0,1.0,1.0,0.0,1.0,1.0,0.0,,0.0,,,1.0,,,,,0.0,,1.0,1.0,1.0,1.0,1.0,,0.0,,0.0,1.0,,,,,,,1.0,,0.0,0.0,,1.0,1.0,0.0,,0.0,0.0,,0.0,,,,1.0,,0.0,,,0.0,1.0,,0.0,0.0,,0.0,0.0,,0.0,0.0,0.0,0.0,1.0,0.0,1.0,,0.0,,1.0,0.0,1.0,0.0,0.0,,,0.0,1.0,0.0,0.0,0.0,1.0,,,0.0,,0.0,0.0,1.0,1.0,,1.0,,1.0,,,,0.0,1.0,0.0,,,,0.0,,,,,0.0,,,,1.0,0.0,1.0,1.0,1.0,,0.0,,0.0,0.0,,1.0,0.0,0.0,,0.0,,0.0,,,,,1.0,0.0,0.0,0.0,1.0,,0.0,,1.0,1.0,1.0,0.0,0.0,1.0,,1.0,1.0,0.0,0.0,0.0,1.0,1.0,1.0
Vanessa Grazziotin,1.0,1.0,1.0,1.0,1.0,,0.0,1.0,,1.0,1.0,1.0,,0.0,,,0.0,,0.0,0.0,1.0,0.0,1.0,1.0,0.0,,,,0.0,,1.0,,,0.0,0.0,0.0,1.0,1.0,0.0,1.0,1.0,1.0,1.0,,1.0,1.0,1.0,1.0,1.0,1.0,0.0,1.0,1.0,0.0,0.0,0.0,1.0,0.0,,0.0,1.0,0.0,1.0,0.0,,1.0,1.0,,1.0,1.0,,0.0,1.0,0.0,1.0,0.0,0.0,,0.0,1.0,0.0,1.0,0.0,0.0,,0.0,,1.0,0.0,,0.0,0.0,0.0,0.0,0.0,1.0,0.0,1.0,1.0,1.0,1.0,0.0,0.0,1.0,0.0,0.0,0.0,,,0.0,1.0,,0.0,0.0,,,0.0,1.0,0.0,0.0,1.0,1.0,0.0,1.0,0.0,0.0,0.0,0.0,0.0,0.0,0.0,,,1.0,1.0,0.0,0.0,0.0,0.0,0.0,1.0,0.0,1.0,1.0,1.0,1.0,,1.0,0.0,0.0,1.0,0.0,0.0,0.0,0.0,0.0,0.0,0.0,,0.0,1.0,1.0,0.0,0.0,1.0,,1.0,0.0,1.0,0.0,0.0,0.0,0.0,0.0,0.0,1.0,0.0,0.0,1.0,0.0,0.0,0.0,0.0,0.0,0.0,0.0,0.0,0.0,0.0,0.0,0.0,0.0,,,,,1.0,0.0,1.0,1.0,0.0,1.0,1.0,0.0,1.0,1.0,1.0,1.0,
Vic Pires Franco,1.0,1.0,,0.0,0.0,,,,,0.0,,,1.0,,1.0,1.0,,,,,,,1.0,1.0,1.0,1.0,1.0,,0.0,,,,,1.0,1.0,,1.0,1.0,0.0,1.0,,0.0,,1.0,1.0,1.0,1.0,1.0,1.0,1.0,1.0,1.0,1.0,,,,,,,,,,,1.0,1.0,1.0,,,1.0,,,,,,1.0,,,,,,,,,,,1.0,1.0,1.0,1.0,,1.0,1.0,1.0,,,,,,,0.0,,,,,,,,,,,0.0,,,,,,,0.0,1.0,,,1.0,,0.0,,0.0,,0.0,,1.0,,,,1.0,,,,1.0,,,,1.0,1.0,1.0,1.0,1.0,0.0,0.0,1.0,,0.0,,1.0,,,,,,0.0,,1.0,,1.0,,0.0,1.0,0.0,1.0,0.0,,1.0,,,,1.0,,,,,,,,1.0,1.0,1.0,0.0,,1.0,,,,1.0,1.0,0.0,1.0,0.0,1.0,1.0,1.0,1.0,1.0,,1.0,0.0,1.0,1.0,1.0,1.0,1.0
Vicente Arruda,1.0,1.0,1.0,1.0,1.0,0.0,0.0,0.0,0.0,1.0,0.0,1.0,1.0,1.0,1.0,0.0,0.0,1.0,0.0,0.0,,0.0,1.0,1.0,1.0,1.0,1.0,1.0,,,1.0,0.0,,1.0,1.0,,1.0,1.0,0.0,1.0,1.0,1.0,,1.0,1.0,1.0,1.0,1.0,1.0,1.0,0.0,1.0,1.0,,,1.0,,,0.0,,,,1.0,0.0,1.0,1.0,1.0,1.0,1.0,,,,,,,,,,,,,0.0,,,1.0,0.0,1.0,1.0,,,,,1.0,,,,,1.0,,1.0,,,0.0,1.0,,,,1.0,,,1.0,,,,,,,,0.0,1.0,1.0,1.0,,0.0,,0.0,,,,,,,,,1.0,,,1.0,,,,0.0,1.0,1.0,1.0,0.0,,,1.0,,0.0,,0.0,,,,0.0,1.0,0.0,,0.0,,1.0,1.0,1.0,1.0,0.0,1.0,0.0,,,1.0,,,1.0,,,,,0.0,0.0,,1.0,1.0,,1.0,0.0,0.0,1.0,1.0,1.0,,,,,,,1.0,,1.0,1.0,1.0,1.0,0.0,1.0,1.0,1.0,1.0,1.0
Vicente Cascione,,,,1.0,1.0,,0.0,,0.0,1.0,1.0,1.0,,,,,0.0,1.0,0.0,0.0,1.0,0.0,1.0,1.0,1.0,,,,,,,,,,,,1.0,,0.0,1.0,1.0,,1.0,,,,,1.0,1.0,1.0,,,,,,,,,,,,,,,0.0,1.0,1.0,1.0,1.0,,,,1.0,0.0,1.0,0.0,0.0,1.0,,1.0,0.0,1.0,0.0,,,0.0,,,0.0,,0.0,,,,,,0.0,1.0,,1.0,,,0.0,,,,,0.0,0.0,0.0,,,0.0,0.0,,,0.0,,0.0,,,,,1.0,,1.0,,0.0,,,0.0,,,1.0,,,,,,,1.0,,,,,,,1.0,,,,,,,,,0.0,0.0,,,1.0,1.0,0.0,,,,1.0,0.0,1.0,0.0,0.0,,,,,0.0,,,1.0,,,,0.0,0.0,,,1.0,,,,,,,,,,,,,,,,1.0,,1.0,1.0,1.0,,
Vicente Chelotti,,,,,,,,,,,,,,,,,,,,,,,,,,,,,,,,,,,,,,,,,,,,,,,,,,,,,,,,,,,,,,,,,,,,,,,,,,,,,,,,,,,,,,,,,,,,,,,,,,,,,,,,,,,,,,,,,,,,,,,,,,,,,,,,,,,,,,,,,,,,,,,,,,,,,,,,,,,,,,,,1.0,,,1.0,,,,,,,0.0,1.0,,,,,,0.0,0.0,1.0,0.0,0.0,,,,,,,,,,,,,,,,,,,,,,,,,,,,
Vicentinho,1.0,1.0,1.0,1.0,1.0,0.0,,1.0,0.0,1.0,1.0,1.0,0.0,0.0,0.0,0.0,0.0,1.0,,,1.0,0.0,1.0,1.0,1.0,1.0,1.0,1.0,,,,0.0,,1.0,1.0,0.0,1.0,1.0,0.0,1.0,1.0,1.0,1.0,1.0,1.0,1.0,1.0,1.0,1.0,1.0,0.0,1.0,1.0,0.0,0.0,0.0,,,,,,,1.0,0.0,0.0,1.0,1.0,1.0,1.0,1.0,1.0,,1.0,0.0,,0.0,0.0,1.0,0.0,,0.0,1.0,0.0,,,,1.0,,0.0,,,,0.0,,0.0,1.0,0.0,1.0,1.0,1.0,1.0,0.0,0.0,1.0,,0.0,0.0,0.0,,0.0,1.0,0.0,0.0,0.0,0.0,1.0,0.0,1.0,0.0,0.0,,0.0,0.0,1.0,0.0,1.0,0.0,0.0,0.0,0.0,0.0,0.0,0.0,1.0,,0.0,0.0,1.0,0.0,0.0,1.0,,,,1.0,,1.0,,,0.0,1.0,0.0,0.0,,0.0,0.0,0.0,0.0,,,1.0,1.0,0.0,0.0,1.0,0.0,1.0,,1.0,0.0,1.0,0.0,0.0,0.0,0.0,1.0,0.0,0.0,,0.0,0.0,0.0,,,0.0,,1.0,0.0,0.0,0.0,0.0,0.0,0.0,0.0,,1.0,1.0,0.0,,1.0,0.0,1.0,1.0,0.0,0.0,0.0,1.0,1.0,1.0
Vieira Reis,1.0,1.0,,1.0,1.0,0.0,0.0,1.0,,1.0,1.0,1.0,0.0,,0.0,,,1.0,0.0,0.0,1.0,0.0,1.0,1.0,0.0,1.0,,0.0,,1.0,1.0,0.0,0.0,,1.0,,1.0,1.0,0.0,1.0,,,1.0,,1.0,1.0,,,1.0,1.0,0.0,,1.0,0.0,,0.0,,,,,,0.0,1.0,1.0,1.0,,1.0,,1.0,,1.0,0.0,,0.0,,0.0,,0.0,0.0,,,,0.0,0.0,,,1.0,1.0,0.0,0.0,1.0,0.0,1.0,0.0,,1.0,,1.0,1.0,1.0,1.0,0.0,0.0,1.0,0.0,0.0,,0.0,0.0,,1.0,,0.0,0.0,1.0,,0.0,1.0,,,,1.0,0.0,,0.0,0.0,0.0,,0.0,1.0,0.0,,,1.0,,,1.0,1.0,1.0,,,,,,1.0,,,1.0,0.0,,,,,,0.0,0.0,0.0,0.0,,1.0,0.0,1.0,0.0,0.0,,,1.0,,,0.0,1.0,0.0,,,0.0,,,,1.0,0.0,,0.0,0.0,,0.0,,0.0,,,,1.0,,1.0,0.0,1.0,0.0,1.0,1.0,,,1.0,1.0,,,1.0,1.0,1.0,1.0,
Vignatti,1.0,1.0,1.0,1.0,1.0,,,1.0,0.0,1.0,1.0,1.0,0.0,,0.0,0.0,0.0,,0.0,0.0,1.0,0.0,1.0,1.0,1.0,1.0,1.0,1.0,0.0,,1.0,0.0,0.0,0.0,0.0,,1.0,1.0,0.0,1.0,1.0,,1.0,1.0,1.0,1.0,1.0,1.0,1.0,1.0,0.0,1.0,1.0,0.0,0.0,0.0,1.0,0.0,1.0,0.0,1.0,0.0,1.0,,,,,1.0,1.0,1.0,1.0,0.0,1.0,0.0,1.0,,,,,,0.0,1.0,,,0.0,0.0,1.0,1.0,0.0,0.0,0.0,0.0,0.0,0.0,,1.0,0.0,1.0,1.0,1.0,1.0,0.0,0.0,1.0,0.0,0.0,0.0,0.0,0.0,0.0,1.0,0.0,,0.0,0.0,0.0,0.0,1.0,0.0,,,0.0,0.0,,0.0,,0.0,,0.0,0.0,0.0,0.0,0.0,1.0,1.0,0.0,0.0,0.0,0.0,0.0,1.0,0.0,1.0,,,0.0,1.0,,,0.0,1.0,0.0,0.0,0.0,0.0,0.0,0.0,0.0,,,,,0.0,0.0,1.0,,1.0,,,0.0,1.0,0.0,0.0,0.0,0.0,1.0,0.0,0.0,1.0,0.0,0.0,0.0,0.0,0.0,1.0,0.0,1.0,,,1.0,0.0,,0.0,0.0,,1.0,1.0,,0.0,1.0,0.0,1.0,1.0,0.0,0.0,0.0,1.0,1.0,1.0
Vilmar Rocha,1.0,1.0,,0.0,0.0,,,,,0.0,,0.0,,1.0,1.0,1.0,,,,,,,,1.0,1.0,,1.0,,0.0,,1.0,,,1.0,1.0,,1.0,1.0,0.0,1.0,1.0,,,1.0,,1.0,1.0,1.0,1.0,,1.0,1.0,1.0,,,,,,,,,,1.0,1.0,1.0,,1.0,1.0,1.0,,,,,,,,,,,,,,,,,,,1.0,1.0,,1.0,1.0,1.0,,,,,1.0,,0.0,1.0,,,1.0,,,,1.0,,,0.0,,,,,0.0,,,1.0,,,,,0.0,,0.0,,0.0,1.0,1.0,0.0,,,1.0,,,,,,,,,1.0,,1.0,,,,,,,,,1.0,,,,,0.0,1.0,1.0,,1.0,,0.0,1.0,,1.0,0.0,,1.0,,,,,,,,,,,,1.0,1.0,1.0,0.0,,1.0,,,1.0,,1.0,,1.0,0.0,,,,,1.0,1.0,1.0,,0.0,0.0,,1.0,1.0
Virgílio Guimarães,1.0,,1.0,1.0,1.0,0.0,0.0,1.0,0.0,1.0,1.0,1.0,0.0,0.0,0.0,0.0,0.0,1.0,0.0,0.0,1.0,0.0,1.0,1.0,1.0,1.0,1.0,1.0,0.0,1.0,1.0,0.0,0.0,1.0,1.0,,1.0,1.0,0.0,1.0,1.0,1.0,1.0,1.0,1.0,,1.0,1.0,1.0,1.0,0.0,1.0,1.0,0.0,0.0,0.0,1.0,0.0,1.0,0.0,1.0,0.0,1.0,0.0,0.0,1.0,1.0,1.0,1.0,1.0,1.0,0.0,,0.0,1.0,0.0,0.0,,0.0,1.0,0.0,1.0,0.0,0.0,0.0,0.0,1.0,1.0,0.0,0.0,0.0,0.0,0.0,0.0,0.0,1.0,0.0,1.0,1.0,1.0,1.0,0.0,0.0,1.0,0.0,0.0,0.0,0.0,0.0,0.0,,0.0,,,0.0,1.0,0.0,,0.0,,,0.0,,,,1.0,0.0,0.0,0.0,0.0,0.0,0.0,,,1.0,0.0,0.0,1.0,0.0,0.0,1.0,0.0,,1.0,,1.0,1.0,,,0.0,1.0,0.0,,0.0,0.0,0.0,0.0,0.0,1.0,,,1.0,0.0,0.0,,,1.0,0.0,1.0,0.0,0.0,,0.0,0.0,0.0,1.0,0.0,0.0,1.0,0.0,,0.0,0.0,0.0,0.0,0.0,1.0,0.0,0.0,0.0,0.0,,,0.0,,1.0,1.0,0.0,0.0,,0.0,1.0,,0.0,0.0,,,1.0,1.0
Vitorassi,1.0,1.0,,,,,,,,,,,,,,,,,,,,,,,,,,,0.0,,,,,,,,1.0,1.0,,,,,,,,,1.0,1.0,1.0,1.0,0.0,1.0,,,,,,,,,,,,,,,,,,,,,,,,,,,,,,,,,,,,1.0,,,,,,,,,,,1.0,,1.0,,,,,,,,,,,,,,,,,,,,1.0,0.0,0.0,1.0,0.0,1.0,0.0,0.0,0.0,0.0,0.0,0.0,0.0,1.0,1.0,0.0,0.0,1.0,0.0,0.0,1.0,0.0,1.0,,1.0,1.0,1.0,1.0,0.0,0.0,1.0,0.0,0.0,0.0,0.0,0.0,0.0,0.0,1.0,,1.0,1.0,0.0,0.0,1.0,0.0,1.0,0.0,1.0,0.0,0.0,0.0,0.0,0.0,0.0,1.0,0.0,0.0,1.0,,0.0,0.0,0.0,0.0,,0.0,1.0,0.0,0.0,0.0,0.0,0.0,0.0,0.0,,1.0,,0.0,0.0,1.0,1.0,,,0.0,0.0,0.0,,,
Vittorio Medioli,,,,1.0,1.0,0.0,0.0,,,,,,,,,,,0.0,1.0,0.0,,0.0,1.0,,,1.0,,,0.0,,,,,1.0,1.0,,,,,,1.0,0.0,,1.0,,1.0,,,,,,,,,,,,,0.0,,,,,,1.0,1.0,1.0,,1.0,,,,,,,,,,,,,1.0,,,,,1.0,,,,,,,,,,,,,,1.0,,,1.0,,,,,,,0.0,,,1.0,,0.0,,,,1.0,,,,1.0,,,,,0.0,1.0,0.0,,,,,,,0.0,,,,,,,,1.0,0.0,1.0,0.0,,,1.0,1.0,1.0,,,0.0,1.0,1.0,,,,,0.0,,,,,,,,,,,,,,,,,,,,,,,,,1.0,0.0,1.0,,1.0,,,0.0,1.0,,1.0,1.0,,1.0,1.0,,,,,,
Wagner Lago,1.0,1.0,1.0,0.0,0.0,0.0,0.0,1.0,0.0,1.0,1.0,1.0,0.0,0.0,0.0,,,1.0,0.0,0.0,1.0,0.0,,0.0,0.0,1.0,,,0.0,1.0,1.0,0.0,0.0,,1.0,0.0,1.0,1.0,0.0,,,1.0,1.0,1.0,1.0,,1.0,1.0,1.0,1.0,0.0,1.0,1.0,0.0,,0.0,,,1.0,,,,1.0,0.0,1.0,1.0,1.0,1.0,1.0,1.0,0.0,0.0,,0.0,1.0,,0.0,,0.0,1.0,,1.0,0.0,0.0,,0.0,1.0,1.0,,0.0,1.0,1.0,1.0,0.0,0.0,1.0,0.0,1.0,1.0,0.0,1.0,,0.0,1.0,0.0,0.0,0.0,0.0,0.0,0.0,1.0,0.0,,,0.0,1.0,0.0,1.0,0.0,0.0,1.0,1.0,0.0,1.0,0.0,1.0,0.0,0.0,0.0,0.0,0.0,0.0,0.0,,,0.0,0.0,,0.0,0.0,1.0,1.0,1.0,1.0,1.0,1.0,,,,,,,,,,,0.0,,1.0,0.0,,1.0,0.0,1.0,1.0,1.0,1.0,0.0,,0.0,1.0,0.0,0.0,0.0,0.0,0.0,0.0,,,,,,0.0,1.0,0.0,,,1.0,1.0,,,0.0,1.0,0.0,1.0,0.0,1.0,1.0,0.0,1.0,1.0,1.0,1.0,0.0,1.0,1.0,1.0,1.0,1.0
Waldemir Moka,1.0,1.0,1.0,0.0,0.0,,,1.0,,0.0,1.0,1.0,0.0,0.0,0.0,,,,0.0,1.0,1.0,0.0,1.0,1.0,0.0,,1.0,0.0,,,1.0,0.0,,1.0,,0.0,1.0,1.0,0.0,1.0,1.0,1.0,,,1.0,1.0,1.0,1.0,1.0,1.0,0.0,1.0,1.0,,,0.0,1.0,,1.0,,,,1.0,1.0,1.0,1.0,1.0,1.0,,1.0,1.0,0.0,1.0,1.0,1.0,0.0,,,,,1.0,,,0.0,,0.0,1.0,1.0,1.0,,1.0,1.0,1.0,,,,0.0,1.0,,1.0,0.0,,,1.0,0.0,0.0,,1.0,,0.0,0.0,,,,0.0,0.0,0.0,1.0,1.0,,,1.0,0.0,1.0,,0.0,0.0,0.0,,0.0,0.0,,,1.0,,,,,0.0,,,0.0,,1.0,1.0,1.0,0.0,1.0,0.0,0.0,,0.0,,0.0,0.0,0.0,,,1.0,,0.0,1.0,0.0,0.0,1.0,0.0,0.0,1.0,1.0,0.0,1.0,0.0,0.0,0.0,0.0,0.0,0.0,,1.0,0.0,0.0,,,1.0,,0.0,,,1.0,,1.0,0.0,1.0,0.0,1.0,0.0,1.0,1.0,1.0,1.0,1.0,1.0,1.0,0.0,1.0,1.0,1.0,1.0,1.0
Walter Barelli,1.0,1.0,,,,,,,,,,,,,,,,,,,,,,,,,,,0.0,,,,,1.0,1.0,,1.0,1.0,,,,,,,,,1.0,1.0,1.0,1.0,0.0,1.0,,,,,,,,,,,,,1.0,1.0,1.0,,,,,,,,,,,,,,,,,,,,,1.0,,,,,,,,,,,1.0,,1.0,,,,,,,,,,,,,,,,,0.0,1.0,1.0,1.0,0.0,,0.0,,,0.0,0.0,,,,,,1.0,1.0,,,1.0,,,,0.0,1.0,1.0,0.0,1.0,0.0,0.0,,1.0,1.0,,1.0,1.0,,,0.0,1.0,0.0,1.0,0.0,,1.0,,1.0,1.0,0.0,1.0,0.0,,1.0,1.0,,,1.0,,1.0,,,0.0,0.0,,1.0,,1.0,1.0,0.0,0.0,1.0,,,1.0,1.0,0.0,1.0,0.0,,1.0,,,1.0,,,0.0,0.0,0.0,,,
Walter Feldman,,,1.0,1.0,1.0,0.0,0.0,,0.0,1.0,0.0,0.0,1.0,1.0,1.0,1.0,1.0,0.0,,0.0,,0.0,1.0,,,1.0,,0.0,0.0,,,1.0,,,,,,,0.0,1.0,1.0,0.0,0.0,1.0,1.0,1.0,,,,,,,1.0,,,1.0,,,0.0,,,,,0.0,,,,1.0,1.0,,,,,,,,,,,,,0.0,,,1.0,,1.0,,1.0,,1.0,1.0,1.0,,,,,,,0.0,,,0.0,1.0,,,,,,,,,,,,0.0,,,,,,,,,,,,,,,,,,1.0,,,,1.0,,,,,,,,,,,,,,,,,,,,,,,,,,,,,,,,,,,,,,,,,,,,,,,1.0,,,,,,,,1.0,0.0,1.0,0.0,1.0,1.0,1.0,1.0,1.0,1.0,1.0,,,,1.0,,
Walter Pinheiro,1.0,1.0,,,0.0,0.0,0.0,,0.0,1.0,1.0,1.0,0.0,0.0,0.0,,0.0,1.0,0.0,0.0,1.0,0.0,,0.0,0.0,,1.0,,0.0,1.0,1.0,,0.0,0.0,0.0,0.0,,0.0,0.0,1.0,1.0,1.0,1.0,1.0,,1.0,1.0,1.0,1.0,1.0,0.0,1.0,,0.0,,,1.0,0.0,,0.0,1.0,0.0,1.0,0.0,1.0,1.0,1.0,1.0,1.0,,0.0,,,,,0.0,0.0,0.0,0.0,0.0,0.0,1.0,0.0,0.0,0.0,,1.0,,1.0,0.0,1.0,1.0,0.0,0.0,0.0,1.0,0.0,1.0,1.0,0.0,1.0,0.0,0.0,1.0,0.0,0.0,0.0,0.0,0.0,0.0,0.0,0.0,0.0,0.0,0.0,0.0,,1.0,0.0,0.0,1.0,1.0,0.0,1.0,0.0,0.0,0.0,0.0,0.0,0.0,0.0,0.0,0.0,1.0,1.0,0.0,0.0,1.0,0.0,0.0,1.0,0.0,,1.0,0.0,1.0,1.0,1.0,0.0,0.0,1.0,,1.0,0.0,0.0,0.0,0.0,0.0,,,,1.0,0.0,0.0,,,1.0,0.0,1.0,0.0,0.0,,,0.0,0.0,,0.0,0.0,0.0,0.0,0.0,0.0,0.0,0.0,0.0,0.0,0.0,0.0,0.0,0.0,0.0,,0.0,0.0,1.0,1.0,1.0,,0.0,1.0,0.0,1.0,1.0,,1.0,1.0,0.0,0.0,0.0
Wanderval Santos,1.0,1.0,0.0,1.0,1.0,0.0,0.0,,0.0,1.0,1.0,1.0,,0.0,,,0.0,1.0,0.0,0.0,,0.0,1.0,1.0,0.0,1.0,1.0,1.0,,1.0,1.0,0.0,0.0,1.0,1.0,0.0,1.0,1.0,0.0,1.0,1.0,,1.0,1.0,1.0,1.0,1.0,1.0,1.0,,0.0,1.0,1.0,0.0,0.0,0.0,1.0,0.0,,0.0,1.0,0.0,1.0,,0.0,1.0,1.0,1.0,1.0,,1.0,,1.0,,,0.0,0.0,1.0,0.0,,0.0,1.0,0.0,0.0,0.0,0.0,1.0,1.0,0.0,,0.0,0.0,1.0,,0.0,1.0,0.0,1.0,0.0,1.0,0.0,0.0,,1.0,,0.0,0.0,0.0,0.0,0.0,,0.0,0.0,0.0,0.0,1.0,0.0,1.0,1.0,0.0,1.0,0.0,0.0,1.0,0.0,1.0,,0.0,0.0,0.0,,0.0,0.0,,1.0,0.0,1.0,,0.0,0.0,1.0,0.0,1.0,1.0,,,0.0,1.0,0.0,0.0,1.0,0.0,0.0,,,0.0,0.0,1.0,,,1.0,,0.0,,,0.0,1.0,0.0,1.0,0.0,0.0,0.0,,0.0,0.0,1.0,0.0,0.0,,,0.0,0.0,,,,0.0,1.0,0.0,0.0,0.0,1.0,,0.0,0.0,,1.0,1.0,0.0,0.0,1.0,,1.0,1.0,0.0,1.0,1.0,,,1.0
Washington Luiz,,,,1.0,1.0,0.0,0.0,1.0,0.0,1.0,1.0,1.0,0.0,0.0,0.0,0.0,0.0,,0.0,0.0,1.0,0.0,1.0,1.0,1.0,,,,,,,,,,,0.0,,,,,,,1.0,1.0,1.0,1.0,,,,,,,1.0,0.0,0.0,0.0,1.0,0.0,1.0,0.0,1.0,0.0,,,,,,1.0,1.0,1.0,1.0,0.0,1.0,0.0,1.0,0.0,0.0,1.0,,,0.0,1.0,0.0,,,0.0,1.0,,,,,,,,,,,,,1.0,,,,,,,,,,,,,,,,,,,,,,,,,,,,,,,,,,,,,,,,,,,,,,,,,,,,,,,,,,,,,,,,,,,,,,,,,,,,,,,,,,,,,,,,,,,,,,,,,1.0,,,,,,,,,,,1.0,1.0
Wasny de Roure,,1.0,,1.0,1.0,0.0,0.0,1.0,,1.0,1.0,1.0,0.0,0.0,0.0,0.0,0.0,1.0,0.0,0.0,1.0,0.0,1.0,1.0,1.0,1.0,1.0,1.0,,1.0,1.0,,0.0,1.0,,,1.0,1.0,0.0,1.0,1.0,1.0,1.0,1.0,1.0,1.0,1.0,1.0,,,,1.0,1.0,0.0,0.0,0.0,1.0,0.0,,0.0,,,1.0,0.0,,1.0,1.0,,1.0,1.0,1.0,0.0,1.0,0.0,1.0,0.0,0.0,1.0,0.0,1.0,0.0,1.0,0.0,0.0,0.0,,1.0,,0.0,0.0,0.0,0.0,0.0,0.0,0.0,1.0,0.0,1.0,,1.0,,0.0,0.0,1.0,0.0,0.0,0.0,0.0,0.0,0.0,1.0,0.0,0.0,0.0,0.0,0.0,,1.0,0.0,0.0,,0.0,0.0,1.0,0.0,1.0,,0.0,0.0,0.0,0.0,0.0,,,1.0,0.0,0.0,,,0.0,1.0,0.0,1.0,,,,1.0,,0.0,0.0,1.0,0.0,,0.0,0.0,0.0,0.0,0.0,1.0,,1.0,1.0,0.0,0.0,,0.0,,,1.0,,,0.0,,,,1.0,,0.0,,0.0,,,,,,,,,,,,,,,,,,,,,,1.0,1.0,,,0.0,1.0,1.0,1.0
Wellington Fagundes,,,,1.0,1.0,0.0,,,,1.0,1.0,1.0,,,0.0,,0.0,,,0.0,1.0,,,1.0,1.0,1.0,,,,,,,,1.0,,0.0,1.0,1.0,0.0,1.0,1.0,1.0,1.0,1.0,,1.0,1.0,1.0,1.0,1.0,0.0,,,,0.0,,,0.0,,0.0,,,,0.0,,,,,1.0,1.0,,0.0,,,1.0,0.0,,,,,,,,,,,,,,,0.0,,,,,,,1.0,1.0,1.0,0.0,,,,,,0.0,0.0,0.0,0.0,,0.0,,0.0,0.0,,0.0,1.0,,,,0.0,0.0,1.0,0.0,1.0,,0.0,0.0,0.0,0.0,0.0,,1.0,,0.0,0.0,1.0,0.0,0.0,,,,,,,,,,,,,,,,,,,,,,,0.0,,,,,,,0.0,0.0,0.0,0.0,,,,,,1.0,,,0.0,1.0,0.0,1.0,0.0,1.0,1.0,,0.0,1.0,0.0,1.0,0.0,1.0,1.0,,0.0,,,,,1.0,,1.0,1.0,,,1.0
Wellington Roberto,1.0,1.0,1.0,1.0,1.0,0.0,0.0,1.0,0.0,1.0,1.0,1.0,,,,0.0,0.0,1.0,0.0,0.0,1.0,0.0,1.0,1.0,1.0,,1.0,,,1.0,1.0,,,1.0,1.0,0.0,1.0,1.0,0.0,1.0,1.0,1.0,1.0,1.0,1.0,1.0,1.0,1.0,1.0,1.0,0.0,1.0,1.0,0.0,0.0,0.0,1.0,0.0,,0.0,1.0,0.0,1.0,0.0,1.0,1.0,1.0,,1.0,1.0,1.0,0.0,,0.0,,0.0,0.0,1.0,,,0.0,,0.0,0.0,,,1.0,1.0,0.0,0.0,0.0,0.0,,0.0,0.0,,0.0,,1.0,1.0,1.0,,,1.0,0.0,0.0,0.0,0.0,0.0,,1.0,0.0,0.0,0.0,,1.0,0.0,1.0,,,,0.0,,,,1.0,,0.0,,,,,,,1.0,,,0.0,0.0,,,0.0,1.0,1.0,1.0,1.0,0.0,1.0,,0.0,1.0,,,1.0,0.0,0.0,,0.0,1.0,1.0,1.0,1.0,0.0,,1.0,,1.0,0.0,1.0,0.0,0.0,0.0,0.0,,,1.0,0.0,0.0,1.0,0.0,0.0,,0.0,,1.0,,1.0,0.0,,,1.0,,,,,,1.0,,0.0,,1.0,1.0,1.0,0.0,1.0,1.0,1.0,1.0,1.0
Wilson Cignachi,1.0,1.0,,,,,,,,,,,,,,,,,,,,,,,,,,,,,,,,,,,1.0,1.0,,,,,,,,,1.0,1.0,0.0,1.0,0.0,,,,,,,,,,,,,,1.0,1.0,,,,,,,,,,,,,,,,,,,,,,,,,,,,,,,,,,,1.0,,,,,,,,,,,,,,,,,,0.0,0.0,1.0,0.0,0.0,1.0,,1.0,0.0,1.0,0.0,0.0,,0.0,0.0,,1.0,,,,0.0,0.0,,0.0,1.0,1.0,1.0,0.0,1.0,1.0,0.0,0.0,,0.0,,0.0,0.0,0.0,0.0,0.0,1.0,,0.0,,0.0,0.0,1.0,,1.0,0.0,1.0,,,0.0,0.0,,,1.0,0.0,0.0,,0.0,0.0,,,,,,,,,,,,,,,,,,,,,,,0.0,1.0,1.0,,,
Wilson Santiago,,,1.0,1.0,1.0,0.0,0.0,1.0,,1.0,1.0,1.0,0.0,0.0,0.0,0.0,0.0,1.0,,0.0,1.0,0.0,1.0,,,1.0,1.0,1.0,,1.0,1.0,,,,,0.0,1.0,1.0,0.0,1.0,1.0,1.0,,1.0,,1.0,1.0,,1.0,1.0,0.0,1.0,,0.0,0.0,0.0,1.0,0.0,1.0,0.0,1.0,0.0,1.0,,,,,1.0,1.0,1.0,1.0,0.0,1.0,0.0,1.0,0.0,0.0,1.0,0.0,1.0,0.0,1.0,0.0,0.0,,0.0,1.0,,0.0,0.0,0.0,0.0,,0.0,,,0.0,,1.0,,,,0.0,1.0,0.0,0.0,0.0,0.0,0.0,0.0,1.0,,0.0,,,1.0,,,,,,,0.0,1.0,0.0,1.0,,1.0,0.0,0.0,,0.0,,1.0,,,,1.0,,0.0,1.0,0.0,,1.0,1.0,,1.0,,0.0,,,0.0,,,,0.0,,,,,0.0,1.0,,,1.0,0.0,1.0,,1.0,0.0,0.0,0.0,0.0,,0.0,1.0,,,,,,0.0,,0.0,,,,,,0.0,0.0,,0.0,,,,,0.0,0.0,,,1.0,1.0,0.0,1.0,1.0,1.0,1.0,1.0
Wilson Santos,,,,0.0,0.0,,0.0,1.0,,0.0,,,,,,0.0,,,,0.0,,0.0,1.0,,,,,,,,,,,,,,,,,0.0,1.0,0.0,,,,1.0,,,,,,,,,,,,,,,,,,,,,,1.0,1.0,,,,,,,,,,,,,1.0,,,,,1.0,,1.0,,1.0,1.0,,,,,,,,,,,,,,,,,,,0.0,,,,,,,,,,,,,,,,,,,,,,,,,,,,,,,,,,,,,,,,,,,,,,,,,,,,,,,,,,,,,,,,,,,,,,,,,,,,,,,,,,,,,,1.0,,,,,,,,,,,,
Wladimir Costa,,1.0,,0.0,0.0,0.0,,,0.0,1.0,1.0,1.0,,,,,,1.0,,,1.0,0.0,1.0,1.0,0.0,,,0.0,0.0,1.0,,,0.0,1.0,1.0,,1.0,1.0,0.0,1.0,1.0,,1.0,,1.0,1.0,1.0,1.0,1.0,1.0,0.0,,1.0,,0.0,,1.0,0.0,,0.0,1.0,0.0,,1.0,1.0,,1.0,,1.0,,1.0,,1.0,0.0,,0.0,,,0.0,1.0,0.0,0.0,0.0,,0.0,,1.0,,1.0,0.0,1.0,1.0,,,,,,1.0,0.0,1.0,0.0,,0.0,1.0,,,,0.0,0.0,,1.0,,,0.0,0.0,1.0,0.0,1.0,,,,1.0,0.0,,,,1.0,,0.0,1.0,1.0,,0.0,1.0,,,1.0,0.0,,1.0,,,,1.0,,,0.0,1.0,,,,0.0,1.0,,,,,,,1.0,,,,,,,1.0,,1.0,0.0,1.0,,0.0,,,1.0,,,1.0,0.0,,,,0.0,1.0,,1.0,,,,0.0,,1.0,,1.0,0.0,1.0,0.0,0.0,,,1.0,1.0,0.0,1.0,1.0,1.0,1.0,
Xico Graziano,,1.0,,,,,,,,,,,,,,,,,,,,,,,,,,,,,,,,1.0,1.0,,1.0,1.0,,,,,,,,,1.0,1.0,1.0,1.0,1.0,,,,,,,,,,,,,,,,,,,,,,,,,,,,,,,,,,,,,,,,,,,,,,,,,,,,,,,,,,,,,,,,,,,,1.0,1.0,,1.0,,0.0,,0.0,,0.0,1.0,,,,,1.0,1.0,,,1.0,,,,,,,,1.0,0.0,,,1.0,1.0,,,,,,,,,,0.0,1.0,1.0,,,,1.0,,,,,1.0,,,,,,,,,0.0,,,,,,,,,,1.0,1.0,1.0,,,,,1.0,,1.0,,,,0.0,0.0,0.0,,,
Yeda Crusius,,,,0.0,0.0,,,,,,0.0,,1.0,,,,,,1.0,0.0,,,1.0,1.0,0.0,,1.0,,,,1.0,,,,1.0,,1.0,,0.0,1.0,,,,,1.0,,1.0,1.0,1.0,1.0,0.0,1.0,,,,,,,,,,,1.0,0.0,,,,1.0,1.0,,,,,,,,,,,,,,,,,,1.0,,,,1.0,,1.0,,,,,1.0,,0.0,1.0,,,,,,,,,,,,,,,0.0,,0.0,1.0,,1.0,,,0.0,,0.0,,,,1.0,0.0,,,1.0,,,,,,,,,,1.0,,,0.0,0.0,,,,,,1.0,,,,1.0,,,0.0,1.0,,,1.0,1.0,1.0,1.0,,,,1.0,,,1.0,,,,,,0.0,,1.0,,,,,0.0,1.0,,,,1.0,0.0,1.0,0.0,,,,,,,,0.0,1.0,1.0,1.0,1.0,1.0
Zarattini,,,1.0,,,,,,,,,,,,,,,,,,,,,1.0,1.0,,1.0,1.0,,1.0,1.0,0.0,0.0,1.0,1.0,,,,,,,,,,1.0,,,,,,,,1.0,0.0,0.0,0.0,1.0,0.0,,0.0,1.0,0.0,1.0,0.0,0.0,1.0,1.0,1.0,1.0,,,0.0,1.0,,1.0,0.0,0.0,1.0,0.0,1.0,0.0,1.0,0.0,0.0,0.0,0.0,,,0.0,0.0,0.0,0.0,0.0,0.0,0.0,1.0,0.0,1.0,,1.0,,0.0,0.0,1.0,0.0,0.0,0.0,0.0,0.0,0.0,,0.0,0.0,0.0,0.0,1.0,0.0,1.0,0.0,0.0,,,,1.0,,1.0,,,,,,,,,,,,,,,,,,,,,,,,,,,,,,,,,,,,,,,,,,,,,,,,,,,,,,,,,,,,,,,,,,,,,,,,,,,,1.0,,,,,1.0,1.0,1.0
Zelinda Novaes,1.0,1.0,,1.0,1.0,,,,,0.0,0.0,0.0,1.0,1.0,1.0,1.0,1.0,,,,,,1.0,1.0,1.0,1.0,1.0,1.0,0.0,,1.0,1.0,,1.0,,,1.0,1.0,0.0,1.0,1.0,0.0,,1.0,1.0,1.0,1.0,1.0,1.0,1.0,1.0,1.0,1.0,,,,,,0.0,,,,1.0,1.0,1.0,1.0,1.0,1.0,1.0,,,,,,,,,1.0,,,,1.0,1.0,,,1.0,1.0,1.0,1.0,,1.0,1.0,1.0,,,,,1.0,1.0,0.0,1.0,,,1.0,,,,1.0,,,0.0,,,,,0.0,,0.0,1.0,1.0,1.0,1.0,,0.0,,0.0,1.0,,,,,,,1.0,,,,1.0,,,,1.0,0.0,1.0,1.0,,0.0,0.0,1.0,,,,1.0,1.0,,,,,0.0,1.0,1.0,1.0,,,0.0,,0.0,1.0,0.0,,1.0,,,,1.0,,1.0,,,,,,1.0,1.0,1.0,,0.0,1.0,1.0,,1.0,,,,,,1.0,,1.0,1.0,1.0,1.0,,0.0,0.0,0.0,1.0,1.0,1.0
Zenaldo Coutinho,1.0,1.0,,0.0,0.0,,,0.0,,0.0,0.0,0.0,,,,,1.0,0.0,1.0,,,0.0,1.0,1.0,1.0,1.0,1.0,0.0,0.0,,,,,0.0,0.0,,1.0,1.0,,,,0.0,,1.0,1.0,1.0,1.0,1.0,1.0,1.0,0.0,1.0,1.0,,,,,,,,,,1.0,0.0,1.0,1.0,1.0,1.0,1.0,,,,,,,,,,,,,0.0,,,,1.0,1.0,,1.0,,1.0,1.0,1.0,,,,,,,0.0,1.0,,,,,,,,,,,,,,,,,0.0,1.0,1.0,1.0,0.0,,,,0.0,,0.0,,1.0,0.0,,,1.0,1.0,,,,,,,0.0,,,1.0,,0.0,0.0,0.0,,0.0,1.0,,,,,0.0,1.0,,0.0,1.0,,1.0,1.0,1.0,1.0,1.0,1.0,0.0,,1.0,1.0,,,,,1.0,,,,,,,1.0,1.0,1.0,0.0,,1.0,,1.0,,,0.0,1.0,0.0,1.0,1.0,1.0,,1.0,,1.0,0.0,1.0,1.0,1.0,1.0,1.0
Zequinha Marinho,,1.0,1.0,1.0,1.0,0.0,,1.0,0.0,1.0,1.0,1.0,0.0,,0.0,0.0,0.0,1.0,,0.0,1.0,0.0,1.0,1.0,,1.0,,1.0,0.0,,1.0,,0.0,,0.0,,1.0,1.0,0.0,1.0,1.0,0.0,1.0,1.0,1.0,1.0,1.0,1.0,1.0,1.0,0.0,1.0,1.0,0.0,0.0,0.0,1.0,0.0,1.0,0.0,1.0,0.0,1.0,0.0,,1.0,1.0,1.0,1.0,,,0.0,1.0,0.0,1.0,0.0,0.0,1.0,0.0,1.0,0.0,1.0,0.0,0.0,0.0,,1.0,,,,1.0,1.0,,0.0,,1.0,0.0,,0.0,1.0,1.0,0.0,0.0,1.0,0.0,,,,,0.0,,0.0,0.0,0.0,0.0,1.0,,1.0,,0.0,,0.0,0.0,,0.0,1.0,0.0,0.0,,0.0,0.0,0.0,0.0,,,0.0,,0.0,0.0,,1.0,0.0,1.0,,,1.0,1.0,1.0,0.0,0.0,1.0,,0.0,0.0,0.0,0.0,,0.0,,,1.0,,,,1.0,0.0,1.0,,1.0,,0.0,,0.0,0.0,,,0.0,0.0,1.0,0.0,,0.0,0.0,,0.0,,1.0,0.0,,0.0,0.0,0.0,0.0,1.0,,0.0,,,0.0,1.0,0.0,1.0,,,1.0,1.0,1.0,1.0,1.0
Zezéu Ribeiro,1.0,1.0,1.0,1.0,1.0,,0.0,1.0,,1.0,1.0,1.0,0.0,0.0,0.0,0.0,,,,0.0,1.0,0.0,,1.0,1.0,1.0,1.0,1.0,0.0,1.0,1.0,0.0,0.0,1.0,1.0,0.0,1.0,1.0,0.0,1.0,1.0,1.0,1.0,1.0,1.0,,1.0,1.0,1.0,1.0,0.0,1.0,1.0,0.0,0.0,,1.0,0.0,,0.0,,0.0,1.0,0.0,,,,1.0,1.0,1.0,1.0,0.0,,0.0,1.0,0.0,0.0,,0.0,1.0,0.0,1.0,0.0,0.0,0.0,,1.0,1.0,0.0,0.0,0.0,0.0,0.0,,0.0,1.0,0.0,1.0,1.0,1.0,1.0,0.0,0.0,1.0,0.0,0.0,0.0,0.0,0.0,0.0,1.0,0.0,0.0,0.0,0.0,1.0,0.0,1.0,0.0,,1.0,,0.0,1.0,0.0,1.0,0.0,0.0,0.0,0.0,0.0,0.0,0.0,1.0,,0.0,0.0,1.0,0.0,0.0,1.0,,1.0,,1.0,,,,,0.0,1.0,0.0,,0.0,0.0,0.0,0.0,0.0,1.0,,1.0,1.0,0.0,0.0,,0.0,1.0,0.0,1.0,0.0,0.0,0.0,0.0,0.0,0.0,1.0,,0.0,1.0,,0.0,0.0,0.0,0.0,0.0,0.0,1.0,,0.0,0.0,0.0,0.0,0.0,1.0,,1.0,1.0,0.0,0.0,1.0,0.0,1.0,1.0,0.0,0.0,0.0,1.0,0.0,
Zico Bronzeado,,,,1.0,1.0,0.0,0.0,,0.0,1.0,1.0,1.0,0.0,0.0,0.0,0.0,0.0,1.0,0.0,0.0,,0.0,1.0,1.0,1.0,1.0,1.0,1.0,0.0,1.0,,,0.0,1.0,1.0,0.0,1.0,1.0,0.0,1.0,1.0,,1.0,,1.0,1.0,1.0,1.0,,,,1.0,1.0,0.0,,,1.0,0.0,,,1.0,0.0,1.0,0.0,1.0,1.0,1.0,1.0,1.0,1.0,1.0,0.0,1.0,0.0,1.0,,0.0,1.0,,1.0,0.0,1.0,0.0,0.0,0.0,,1.0,1.0,0.0,0.0,0.0,0.0,,0.0,,1.0,0.0,1.0,1.0,,1.0,0.0,,,,0.0,0.0,0.0,0.0,0.0,1.0,,,,,,,1.0,,0.0,,,0.0,1.0,0.0,1.0,,0.0,0.0,0.0,0.0,0.0,0.0,1.0,1.0,0.0,0.0,0.0,0.0,,1.0,0.0,,,1.0,,1.0,1.0,,0.0,,0.0,,,,0.0,0.0,0.0,,,1.0,1.0,0.0,0.0,1.0,0.0,1.0,,1.0,,,,,,,1.0,0.0,,1.0,0.0,0.0,0.0,0.0,0.0,0.0,0.0,,0.0,,0.0,0.0,,,,,,1.0,0.0,0.0,1.0,,,1.0,0.0,1.0,,,,
Zonta,,1.0,1.0,0.0,0.0,,,,0.0,1.0,1.0,1.0,0.0,,,,,1.0,0.0,,1.0,,1.0,1.0,0.0,1.0,1.0,1.0,,1.0,1.0,0.0,,1.0,1.0,0.0,1.0,1.0,0.0,1.0,1.0,1.0,,1.0,1.0,1.0,1.0,1.0,1.0,1.0,1.0,1.0,1.0,0.0,,0.0,,,1.0,,,,1.0,0.0,1.0,1.0,1.0,1.0,1.0,1.0,1.0,0.0,1.0,0.0,1.0,,0.0,0.0,0.0,,,0.0,0.0,0.0,0.0,0.0,1.0,1.0,1.0,0.0,0.0,1.0,1.0,0.0,0.0,1.0,0.0,1.0,,0.0,,,0.0,1.0,0.0,0.0,0.0,0.0,0.0,0.0,0.0,0.0,0.0,0.0,0.0,1.0,0.0,,1.0,0.0,1.0,1.0,0.0,1.0,0.0,0.0,,0.0,0.0,1.0,0.0,0.0,,1.0,1.0,0.0,,1.0,,,,1.0,1.0,,,1.0,0.0,1.0,0.0,1.0,0.0,0.0,,0.0,0.0,0.0,0.0,0.0,1.0,1.0,0.0,1.0,0.0,0.0,0.0,0.0,0.0,1.0,1.0,,,0.0,0.0,,1.0,0.0,0.0,0.0,1.0,0.0,0.0,0.0,0.0,1.0,1.0,0.0,0.0,,1.0,0.0,1.0,0.0,1.0,0.0,1.0,0.0,1.0,0.0,1.0,1.0,1.0,,1.0,0.0,0.0,0.0,1.0,1.0,1.0
Zulaiê Cobra,,,,1.0,1.0,0.0,0.0,,,0.0,,,,,,1.0,1.0,0.0,1.0,0.0,,,,,,,,,,,,,,1.0,1.0,,,,0.0,1.0,,,,1.0,1.0,1.0,1.0,1.0,1.0,1.0,0.0,1.0,,,,,,,,,,,,0.0,1.0,1.0,1.0,1.0,1.0,,,,,,1.0,,,,,,,,,,,,1.0,,1.0,,1.0,,,,,,,,,,,,,,,,,,,,,,,,1.0,,,0.0,1.0,1.0,1.0,,,0.0,,0.0,,,1.0,,,,,1.0,,,,,,,,0.0,1.0,,,,,0.0,,,,,,,,,0.0,1.0,0.0,,0.0,,1.0,,,1.0,,,0.0,,,,,,,,,,,,0.0,,,,,,,0.0,,,,,,,,,1.0,,1.0,,,,,,,0.0,,,
Zé Geraldo,1.0,,1.0,1.0,1.0,,0.0,1.0,0.0,1.0,1.0,1.0,0.0,0.0,0.0,0.0,0.0,1.0,0.0,0.0,1.0,0.0,1.0,1.0,1.0,1.0,1.0,,,1.0,1.0,0.0,0.0,1.0,1.0,0.0,1.0,1.0,1.0,1.0,1.0,,,1.0,1.0,1.0,1.0,1.0,1.0,,0.0,1.0,,,0.0,0.0,1.0,0.0,,0.0,1.0,0.0,1.0,0.0,0.0,,1.0,1.0,,1.0,1.0,0.0,1.0,,,0.0,0.0,1.0,0.0,1.0,0.0,1.0,0.0,0.0,,0.0,1.0,,0.0,0.0,0.0,0.0,0.0,0.0,,1.0,,,1.0,1.0,1.0,0.0,0.0,1.0,0.0,0.0,0.0,0.0,0.0,0.0,1.0,0.0,,0.0,0.0,1.0,0.0,1.0,0.0,0.0,1.0,0.0,0.0,1.0,0.0,1.0,0.0,0.0,,0.0,0.0,0.0,0.0,1.0,1.0,0.0,0.0,0.0,0.0,0.0,1.0,0.0,,,,1.0,,,,0.0,1.0,0.0,0.0,,,0.0,0.0,0.0,1.0,,,,,0.0,,,1.0,0.0,1.0,0.0,1.0,,0.0,0.0,0.0,1.0,,0.0,,0.0,0.0,,,,,0.0,,,,,0.0,,,,,1.0,,,0.0,,0.0,1.0,,0.0,1.0,1.0,1.0,1.0,
Zé Gerardo,1.0,1.0,1.0,,1.0,0.0,0.0,,0.0,1.0,1.0,1.0,,1.0,,,,1.0,0.0,0.0,1.0,0.0,1.0,1.0,0.0,1.0,1.0,1.0,,,,,0.0,1.0,1.0,0.0,,1.0,,1.0,,1.0,1.0,1.0,1.0,,1.0,,1.0,1.0,0.0,1.0,,0.0,0.0,0.0,1.0,0.0,,0.0,1.0,,1.0,0.0,1.0,1.0,1.0,,1.0,1.0,,0.0,1.0,0.0,1.0,0.0,,,0.0,1.0,0.0,1.0,,0.0,0.0,0.0,1.0,1.0,0.0,,0.0,0.0,0.0,0.0,0.0,1.0,,1.0,,1.0,,0.0,0.0,1.0,,0.0,,0.0,0.0,,1.0,,,,0.0,1.0,0.0,1.0,,,,1.0,,1.0,,1.0,,,0.0,0.0,0.0,,0.0,,,0.0,0.0,1.0,0.0,0.0,,,1.0,1.0,1.0,1.0,1.0,,0.0,0.0,1.0,0.0,0.0,0.0,0.0,0.0,0.0,0.0,,1.0,,1.0,,0.0,,0.0,1.0,0.0,1.0,0.0,0.0,0.0,0.0,,0.0,1.0,0.0,0.0,1.0,0.0,,,0.0,0.0,1.0,,1.0,,0.0,,,,0.0,0.0,1.0,0.0,1.0,0.0,,,1.0,1.0,1.0,0.0,1.0,1.0,1.0,1.0,1.0
Zé Lima,1.0,1.0,1.0,1.0,1.0,0.0,0.0,1.0,0.0,1.0,1.0,1.0,0.0,0.0,0.0,0.0,0.0,1.0,0.0,0.0,,0.0,,0.0,1.0,,1.0,1.0,,1.0,1.0,0.0,0.0,1.0,,0.0,1.0,1.0,0.0,1.0,,1.0,,1.0,,1.0,1.0,1.0,1.0,1.0,0.0,1.0,,0.0,,0.0,,,,,,,1.0,,1.0,1.0,,,1.0,,1.0,0.0,1.0,0.0,,,0.0,1.0,,,0.0,1.0,0.0,0.0,0.0,0.0,,1.0,0.0,0.0,0.0,0.0,0.0,0.0,0.0,1.0,0.0,1.0,,1.0,1.0,,0.0,1.0,0.0,0.0,0.0,0.0,0.0,0.0,1.0,0.0,0.0,0.0,,1.0,0.0,,0.0,0.0,1.0,1.0,0.0,1.0,0.0,1.0,,,0.0,0.0,0.0,0.0,0.0,1.0,,0.0,0.0,1.0,0.0,0.0,1.0,1.0,1.0,1.0,1.0,1.0,,1.0,,0.0,,,0.0,,,0.0,0.0,0.0,1.0,,1.0,1.0,,0.0,1.0,0.0,1.0,1.0,,0.0,0.0,0.0,0.0,0.0,0.0,1.0,0.0,0.0,1.0,0.0,0.0,,0.0,0.0,,0.0,1.0,,,0.0,1.0,,1.0,0.0,1.0,0.0,,0.0,,1.0,,1.0,1.0,0.0,1.0,1.0,1.0,,1.0
Álvaro Dias,1.0,,,0.0,0.0,,,,0.0,0.0,1.0,1.0,,1.0,1.0,0.0,0.0,,,,,0.0,,1.0,0.0,,,,,,,,,,,0.0,1.0,,0.0,,,,,,,1.0,1.0,1.0,,1.0,0.0,,,0.0,,0.0,,,,0.0,1.0,0.0,,0.0,1.0,1.0,,,1.0,1.0,,,1.0,0.0,,,,,0.0,,0.0,,,,0.0,,1.0,,,0.0,1.0,1.0,1.0,,,,,,,,,1.0,,,,,,,,0.0,1.0,,,0.0,0.0,0.0,,,,,,1.0,,,,,,,,,,,,,,,,,,,,,,,1.0,1.0,,1.0,0.0,,,,,,,,,,,,0.0,1.0,,,,,,,,,,,0.0,,,0.0,,,,,,0.0,,,,0.0,,,,,1.0,,,,1.0,0.0,,,,,,,,,1.0,1.0,,1.0,1.0
Átila Lins,1.0,1.0,1.0,1.0,1.0,,0.0,,0.0,1.0,1.0,1.0,,,,,,,,0.0,1.0,0.0,1.0,1.0,1.0,,,,0.0,,1.0,0.0,,1.0,1.0,,1.0,1.0,0.0,1.0,,,1.0,,,1.0,1.0,1.0,1.0,1.0,0.0,1.0,1.0,0.0,0.0,0.0,1.0,0.0,,,1.0,0.0,,,1.0,,1.0,1.0,1.0,1.0,1.0,0.0,,0.0,1.0,0.0,0.0,1.0,0.0,1.0,0.0,1.0,0.0,,,,,1.0,0.0,,,,1.0,0.0,,1.0,,1.0,,1.0,,0.0,0.0,1.0,,,,0.0,,,1.0,,0.0,,,1.0,0.0,,0.0,0.0,,1.0,0.0,1.0,,,,,0.0,1.0,0.0,0.0,0.0,,,0.0,,1.0,,,,0.0,1.0,1.0,1.0,1.0,1.0,1.0,,0.0,,0.0,0.0,0.0,,0.0,0.0,0.0,,1.0,0.0,,,0.0,,0.0,1.0,0.0,1.0,,,0.0,,,,0.0,,0.0,1.0,0.0,,0.0,0.0,0.0,1.0,0.0,1.0,,,0.0,0.0,,,0.0,1.0,0.0,,0.0,0.0,,1.0,1.0,1.0,0.0,1.0,1.0,1.0,1.0,1.0
Átila Lira,1.0,,,1.0,1.0,0.0,,,0.0,0.0,0.0,1.0,1.0,1.0,1.0,,,0.0,1.0,0.0,,,1.0,1.0,1.0,1.0,1.0,0.0,,,,1.0,,1.0,1.0,,1.0,1.0,0.0,1.0,1.0,0.0,,1.0,1.0,1.0,1.0,1.0,1.0,1.0,0.0,1.0,1.0,1.0,,0.0,,,,,,,1.0,0.0,1.0,1.0,1.0,1.0,1.0,,0.0,,1.0,,,,,,,,,0.0,,,1.0,1.0,1.0,1.0,0.0,0.0,0.0,1.0,1.0,,,,,1.0,1.0,0.0,1.0,,0.0,,,,,1.0,,,0.0,,,,,,,,1.0,1.0,1.0,0.0,,0.0,,0.0,0.0,0.0,,1.0,0.0,,,1.0,1.0,,,1.0,,,,0.0,1.0,1.0,1.0,1.0,0.0,0.0,1.0,0.0,1.0,0.0,,1.0,,,1.0,1.0,,,0.0,1.0,1.0,1.0,1.0,1.0,1.0,0.0,0.0,,1.0,1.0,,,,,1.0,,,0.0,0.0,,1.0,1.0,1.0,,,,,,1.0,1.0,1.0,0.0,1.0,0.0,1.0,1.0,1.0,1.0,1.0,,1.0,0.0,0.0,0.0,1.0,1.0,1.0
Érico Ribeiro,1.0,,1.0,1.0,1.0,0.0,,1.0,,,,1.0,0.0,0.0,1.0,1.0,,,,0.0,1.0,,,1.0,1.0,,1.0,1.0,,1.0,1.0,0.0,,,,1.0,1.0,1.0,0.0,,,,,1.0,,,1.0,1.0,1.0,1.0,0.0,,1.0,0.0,,,,,,,,,1.0,,1.0,,,,1.0,1.0,1.0,,1.0,0.0,,,,,,,,0.0,,0.0,,0.0,1.0,1.0,0.0,0.0,0.0,1.0,1.0,0.0,0.0,1.0,0.0,1.0,,1.0,0.0,,,1.0,,,,0.0,0.0,0.0,1.0,0.0,0.0,0.0,0.0,1.0,0.0,1.0,,0.0,1.0,1.0,0.0,1.0,,1.0,,0.0,0.0,1.0,0.0,0.0,,1.0,1.0,,,1.0,0.0,,1.0,,1.0,1.0,1.0,1.0,0.0,,,0.0,1.0,,,,0.0,0.0,0.0,0.0,,,0.0,1.0,,0.0,,0.0,1.0,,1.0,0.0,0.0,0.0,0.0,,0.0,,0.0,,,,,,0.0,1.0,,,0.0,,,1.0,1.0,0.0,,,1.0,0.0,1.0,0.0,,1.0,1.0,,1.0,0.0,1.0,1.0,1.0,1.0,1.0
