deputado_nome,131591-278,131591-284,17338-302,17338-321,17338-382,17338-414,260404-97,271219-134,274311-65,28376-392,290677-69,290677-77,293027-204,302638-257,302638-290,302638-314,304008-173,325847-119,325847-63,332451-149,332451-164,343930-201,357094-119,357094-124,357094-132,357094-141,36162-204,366851-147,366851-186,366851-189,366851-196,377011-249,377011-285,394079-276,401376-366,401376-383,412854-79,412854-83,412854-86,412854-89,412854-92,412854-95,435878-82,43617-209,436536-87,44196-72,463268-65,463268-73,473496-72,473496-83,476031-112,476031-81,476031-93,479328-65,483808-155,483808-165,483906-115,484191-156,485274-102,485274-115,485274-124,485275-54,485758-129,485758-146,485758-63,485758-72,485758-83,487868-77,487868-96,487966-81,488582-8,488607-71,490116-261,490375-123,490375-130,490375-134,490375-87,490387-69,491872-58,491872-61,491872-68,491963-8,491974-6,494004-52,495378-103,495378-111,495378-116,495378-119,495378-122,495378-50,495378-59,495378-76,496290-59,496290-68,496725-130,497188-8,499323-47,499323-56,499323-62,500056-109,500056-133,500056-70,500056-82,500056-94,500079-157,500380-7,501560-55,501560-65,507762-6,507965-120,508967-7,511029-60,512308-100,512308-103,513172-64,513496-108,513496-115,513496-139,513496-146,513496-149,513496-153,513496-157,513496-160,513496-171,513496-175,513496-178,513496-182,513496-193,513496-227,513496-249,513496-251,513496-259,513496-260,513496-261,513496-262,513496-263,513496-95,513512-66,513514-58,514832-10,520245-145,520245-150,522343-74,522343-79,524645-65,524645-71,524645-81,525239-39,527704-62,527704-65,527704-79,527723-74,527728-70,528165-59,528165-65,529011-53,529884-61,531883-4,533505-79,533535-56,535959-48,535959-57,535959-74,535959-83,537339-16,537997-4,538366-67,540142-74,540142-95,542431-47,542431-56,542431-70,54307-116,54307-120,54307-159,543448-35,543448-57,543448-90,544176-6,544274-210,544463-71,544573-6,545925-30,545925-61,549909-28,551712-117,551712-119,552295-75,552689-39,553112-63,553168-105,553474-9,554412-9,555727-52,555727-77,555727-80,555993-7,556261-124,556261-26,556261-43,556261-57,556332-28,556590-9,559036-102,559036-105,559036-112,559036-115,559036-118,559036-128,559036-131,559036-134,559036-93,559275-42,559275-63,559465-38,559706-41,561593-4,561594-3,562466-47,562615-106,562615-129,562615-141,562615-154,562615-184,562615-213,562615-220,562615-233,562615-244,562615-256,562615-268,562615-281,562615-291,562615-327,562615-39,562615-64,562615-78,562615-93,564113-45,564453-52,564520-44,564521-63,564522-34,564525-125,564525-133,564525-136,564525-142,564525-145,564525-92,564547-55,566047-41,566744-6,566891-38,566891-57,566891-66,567197-86,567197-98,568421-21,568421-27,568421-44,568515-5,569181-5,569182-6,571564-6,573508-47,573508-49,573508-51,576895-6,577881-6,580163-34,580163-51,580163-59,580951-61,581700-32,581700-34,581700-35,58213-100,58213-106,582605-6,583408-9,584020-124,584020-132,584020-34,584020-44,584020-50,584020-60,584020-79,584020-99,584279-5,586251-72,586251-93,586411-57,586949-8,587916-56,587916-62,590058-41,590335-46,592935-115,592935-148,592935-162,592935-52,592935-88,593650-5,597748-5,599142-30,599142-54,599142-64,599380-7,600255-111,600363-100,600363-125,600363-37,600363-56,600363-66,602633-63,602633-84,602633-89,602714-46,602714-56,604604-4,605324-57,605324-63,605327-66,605330-62,605330-66,605332-34,605333-45,605986-4,606381-11,606381-24,606381-31,609196-42,609198-45,611593-55,615815-56,615815-58,617737-73,617737-91,617857-8,619236-45,620901-33,621806-43,621806-52,623330-47,786713-26
Abelardo Camarinha,,,1.0,0.0,0.0,,,,,,1.0,,1.0,0.0,,,1.0,,,1.0,1.0,,,,,1.0,1.0,0.0,,,0.0,,,,1.0,,,,,,,,,,1.0,1.0,1.0,1.0,,,,,,,1.0,1.0,1.0,,,0.0,,,,1.0,0.0,0.0,0.0,,,,,0.0,0.0,0.0,0.0,1.0,,,,,1.0,1.0,1.0,,1.0,1.0,1.0,,,0.0,0.0,0.0,0.0,0.0,,1.0,,,,,,,,,,,,,,,1.0,,1.0,1.0,,,,,,,,,,,,,,,,,,,,,,,,,,,,,,1.0,,1.0,,1.0,,,1.0,,1.0,0.0,0.0,,,1.0,,,,1.0,,0.0,,1.0,,,,,0.0,,,,,,,0.0,,,,1.0,,,,,,,,,1.0,,,,,,,,,,,,,,,,,1.0,1.0,1.0,1.0,1.0,,,,1.0,1.0,,,0.0,,,,,,,1.0,,,,,,,,,,1.0,,1.0,,,,1.0,0.0,1.0,0.0,1.0,,1.0,0.0,,,1.0,0.0,,1.0,,,0.0,1.0,,,,1.0,1.0,0.0,,,,,,1.0,,,,1.0,1.0,0.0,,0.0,,0.0,,,1.0,0.0,1.0,,,,,,,,0.0,,0.0,1.0,1.0,,0.0,,,1.0,,1.0,1.0,1.0,,1.0,,1.0,,1.0,1.0,1.0,1.0,0.0,,,0.0,,,,,,,,0.0,1.0,,,,,1.0,0.0,,,,,1.0,,0.0,1.0
Abelardo Lupion,1.0,,1.0,1.0,0.0,0.0,,,1.0,1.0,,1.0,1.0,0.0,1.0,1.0,,,1.0,1.0,,0.0,0.0,1.0,1.0,1.0,0.0,0.0,,1.0,,,1.0,,1.0,1.0,,1.0,0.0,0.0,0.0,,,,1.0,,1.0,,1.0,1.0,,,,,0.0,,1.0,,,,,,,,,,,,1.0,0.0,1.0,,1.0,0.0,1.0,0.0,,,1.0,1.0,0.0,,1.0,1.0,0.0,0.0,0.0,0.0,1.0,,,0.0,,,,,,,,0.0,0.0,,,,1.0,0.0,,,1.0,1.0,1.0,0.0,1.0,1.0,1.0,,,,,,,,,,,0.0,,1.0,,,0.0,,,,,,,,0.0,1.0,1.0,1.0,,,1.0,1.0,1.0,1.0,1.0,,,0.0,1.0,,,,,1.0,1.0,,,,,0.0,,,,,1.0,,,,0.0,1.0,1.0,,,,1.0,1.0,0.0,1.0,,1.0,,1.0,1.0,1.0,0.0,1.0,1.0,1.0,0.0,1.0,1.0,1.0,1.0,,0.0,0.0,1.0,,,1.0,1.0,1.0,,,,,,1.0,1.0,,1.0,1.0,1.0,1.0,1.0,1.0,,,,,,,,,,,,,,1.0,,,,1.0,0.0,0.0,,1.0,1.0,1.0,1.0,1.0,1.0,,,,1.0,,,,1.0,1.0,,,,,1.0,1.0,1.0,,,,1.0,1.0,,0.0,1.0,1.0,1.0,1.0,1.0,1.0,1.0,0.0,1.0,,,,,,,,0.0,0.0,1.0,,0.0,,1.0,1.0,,1.0,,1.0,,0.0,,1.0,,,0.0,1.0,,,,,,,,1.0,0.0,,,,,1.0,0.0,0.0,1.0,,,1.0,,0.0,0.0,1.0,,0.0,1.0,1.0,1.0,0.0,0.0,1.0,1.0,,1.0,1.0,0.0,1.0
Acelino Popó,,1.0,1.0,,1.0,1.0,0.0,,1.0,1.0,,,1.0,0.0,1.0,1.0,,,1.0,,1.0,0.0,,,,,1.0,1.0,0.0,0.0,0.0,1.0,1.0,0.0,1.0,1.0,1.0,,0.0,0.0,0.0,0.0,0.0,,1.0,,,1.0,1.0,,1.0,0.0,0.0,1.0,1.0,1.0,1.0,1.0,,0.0,0.0,0.0,1.0,1.0,0.0,0.0,,1.0,,1.0,1.0,,,1.0,0.0,1.0,0.0,0.0,0.0,0.0,1.0,1.0,1.0,,,,,,,,0.0,1.0,,,,1.0,,0.0,,0.0,0.0,,,1.0,1.0,0.0,0.0,0.0,,0.0,1.0,1.0,1.0,,0.0,,,,,,,,,,,,,,,,,,,,,,,0.0,1.0,,1.0,1.0,,,1.0,1.0,,,1.0,1.0,,,0.0,0.0,0.0,0.0,1.0,1.0,0.0,,,0.0,0.0,,1.0,1.0,0.0,0.0,1.0,,,,0.0,1.0,,,,0.0,1.0,,,1.0,,,0.0,,,,1.0,1.0,1.0,,,,,,,0.0,,0.0,1.0,0.0,1.0,,,,,,,,,,1.0,1.0,,1.0,,,,,,,,,0.0,0.0,,1.0,,1.0,1.0,1.0,,0.0,,,,0.0,1.0,1.0,,,1.0,0.0,1.0,0.0,0.0,0.0,,,1.0,0.0,1.0,,,1.0,,,,,,1.0,,0.0,0.0,1.0,1.0,1.0,,,,1.0,1.0,0.0,1.0,1.0,,0.0,1.0,,,1.0,,0.0,1.0,0.0,,1.0,,,0.0,,,,0.0,1.0,,,0.0,,,1.0,,0.0,,,1.0,1.0,,,,,,,1.0,1.0,,,1.0,,,,,,,,1.0,,,,,,1.0,,,0.0,,,1.0,0.0,,1.0,1.0,1.0
Ademir Camilo,1.0,1.0,1.0,0.0,0.0,0.0,,1.0,1.0,1.0,,1.0,1.0,0.0,1.0,1.0,1.0,1.0,1.0,1.0,1.0,,0.0,1.0,1.0,1.0,1.0,0.0,1.0,0.0,0.0,1.0,1.0,0.0,,1.0,1.0,1.0,,,0.0,0.0,,1.0,,1.0,1.0,1.0,,1.0,1.0,0.0,,,,,,1.0,0.0,,0.0,,1.0,,0.0,0.0,0.0,1.0,,,1.0,0.0,1.0,1.0,1.0,1.0,0.0,0.0,,,,1.0,1.0,1.0,,1.0,,,,0.0,,,0.0,0.0,1.0,1.0,,0.0,,1.0,1.0,0.0,,1.0,,1.0,,0.0,0.0,0.0,,1.0,1.0,1.0,,0.0,0.0,0.0,1.0,0.0,1.0,1.0,,,,1.0,1.0,0.0,0.0,0.0,1.0,1.0,,1.0,1.0,1.0,,,1.0,0.0,1.0,,0.0,1.0,1.0,,,,1.0,,1.0,,1.0,1.0,0.0,0.0,,,,,,0.0,0.0,1.0,1.0,1.0,,,1.0,0.0,0.0,0.0,0.0,,1.0,0.0,,,1.0,,1.0,1.0,0.0,,1.0,1.0,1.0,,0.0,,1.0,1.0,1.0,,1.0,1.0,1.0,0.0,,,,0.0,,1.0,,1.0,,,,,,1.0,1.0,1.0,,,,1.0,0.0,1.0,1.0,1.0,1.0,,0.0,,,1.0,0.0,,,,,,1.0,,1.0,1.0,1.0,0.0,,1.0,1.0,,1.0,,0.0,0.0,1.0,,1.0,,0.0,1.0,1.0,1.0,0.0,,0.0,,1.0,,0.0,,1.0,0.0,,1.0,,1.0,,1.0,1.0,1.0,1.0,1.0,1.0,0.0,,,,,,0.0,1.0,0.0,,0.0,1.0,,,1.0,,1.0,,1.0,,,0.0,0.0,,1.0,,,1.0,,0.0,1.0,1.0,1.0,0.0,1.0,1.0,1.0,1.0,1.0,,0.0,,0.0,1.0,,1.0,,,1.0,,1.0,0.0,1.0,0.0,1.0,,1.0,,0.0,0.0,1.0,,0.0,1.0,1.0,0.0,1.0
Adrian,,,1.0,1.0,0.0,,,1.0,,1.0,,,,,,1.0,1.0,,,1.0,1.0,1.0,,,,,1.0,,0.0,,0.0,1.0,1.0,0.0,,,1.0,,0.0,0.0,0.0,0.0,,,1.0,,,1.0,,1.0,1.0,0.0,0.0,,,,1.0,,,,0.0,,,,,0.0,,,0.0,,1.0,,,1.0,,1.0,0.0,,0.0,0.0,1.0,1.0,,,,1.0,,,1.0,,0.0,,,,,1.0,,0.0,,,1.0,0.0,0.0,1.0,,1.0,,,,,,,1.0,1.0,,,,,1.0,0.0,1.0,1.0,0.0,,,1.0,1.0,0.0,,,1.0,1.0,,1.0,1.0,1.0,,,,0.0,0.0,0.0,,1.0,0.0,0.0,0.0,,1.0,0.0,1.0,,,,,,,,,,,0.0,,,,1.0,,,,0.0,,0.0,,,,,0.0,,,1.0,,,0.0,,,1.0,,,1.0,1.0,1.0,1.0,0.0,,,,,,,,,,1.0,0.0,,,0.0,1.0,,,,1.0,,,0.0,0.0,,,1.0,,,,,,,,,,,,,,,0.0,,,,0.0,,1.0,,1.0,1.0,,,,,,1.0,,,,,,1.0,1.0,0.0,,,1.0,1.0,1.0,,1.0,1.0,0.0,,,0.0,1.0,1.0,,,,,,,1.0,,0.0,1.0,,,,1.0,0.0,,1.0,,1.0,,1.0,1.0,,0.0,1.0,,,,,,,1.0,,,,,,,,,,,,1.0,,,,,,,,,,,,,,,,,,,,1.0,,,,,,,,,
Aelton Freitas,,1.0,1.0,1.0,0.0,0.0,,0.0,1.0,1.0,1.0,1.0,1.0,,,,,,,1.0,1.0,,0.0,,0.0,,,1.0,,,0.0,1.0,,0.0,,1.0,1.0,,0.0,0.0,1.0,0.0,,,1.0,,,1.0,1.0,1.0,,0.0,,,,1.0,,1.0,0.0,,0.0,0.0,,,0.0,,0.0,1.0,0.0,1.0,1.0,0.0,,,0.0,1.0,,0.0,0.0,0.0,1.0,1.0,,,,,,,,,,,,,1.0,,0.0,,0.0,0.0,1.0,0.0,0.0,1.0,1.0,0.0,0.0,,,,1.0,,,1.0,0.0,0.0,,0.0,1.0,,,,,0.0,0.0,1.0,1.0,0.0,0.0,0.0,1.0,1.0,1.0,1.0,1.0,1.0,0.0,0.0,1.0,0.0,,,0.0,1.0,1.0,,,,1.0,1.0,,1.0,1.0,1.0,0.0,0.0,1.0,,1.0,,,,,,1.0,,0.0,,,,,,,,1.0,,,,1.0,,,1.0,,,,1.0,1.0,1.0,1.0,1.0,1.0,1.0,1.0,,0.0,0.0,1.0,0.0,0.0,,1.0,0.0,,,,,,,,,,,,,,,,,1.0,1.0,0.0,,,0.0,,,,,,,,,,,0.0,,,0.0,1.0,0.0,0.0,1.0,,0.0,,0.0,,,,0.0,1.0,0.0,1.0,,1.0,1.0,,0.0,0.0,1.0,1.0,,1.0,0.0,1.0,,,1.0,,,,1.0,,,,,,0.0,1.0,,0.0,0.0,0.0,,,,1.0,1.0,1.0,,0.0,,,,0.0,1.0,0.0,0.0,0.0,1.0,1.0,1.0,,,0.0,0.0,1.0,1.0,,1.0,0.0,1.0,,,,,,0.0,1.0,0.0,,1.0,0.0,,0.0,1.0,,,,,,,1.0,,,,,1.0,,1.0,,1.0,,
Afonso Florence,1.0,1.0,,,1.0,1.0,,1.0,1.0,1.0,1.0,1.0,1.0,,0.0,0.0,0.0,1.0,1.0,0.0,0.0,1.0,,,,,1.0,,,,,,1.0,,,,,0.0,0.0,0.0,0.0,1.0,,1.0,1.0,,,,1.0,1.0,,,,,1.0,0.0,1.0,,,,,,,,,,,,,,,,1.0,,,,,,,,,,,1.0,,,,,,,,,,,1.0,1.0,,,,,,,,,,,,,,0.0,,,,1.0,,,,,,,,,,,,,,,,,,,,,,,,,,,0.0,0.0,0.0,1.0,0.0,0.0,1.0,1.0,1.0,0.0,1.0,0.0,0.0,0.0,0.0,0.0,1.0,,0.0,1.0,0.0,,0.0,1.0,1.0,1.0,0.0,0.0,,0.0,0.0,0.0,,,1.0,0.0,0.0,0.0,1.0,,1.0,0.0,,,1.0,1.0,1.0,1.0,1.0,0.0,,1.0,1.0,1.0,0.0,0.0,,0.0,0.0,,1.0,0.0,,0.0,0.0,1.0,0.0,0.0,,1.0,0.0,1.0,0.0,0.0,0.0,0.0,1.0,1.0,0.0,0.0,0.0,0.0,0.0,0.0,1.0,0.0,1.0,1.0,,1.0,1.0,1.0,0.0,,0.0,0.0,0.0,,,1.0,0.0,1.0,1.0,,,0.0,,0.0,0.0,0.0,,0.0,1.0,0.0,,,,0.0,0.0,1.0,1.0,1.0,1.0,0.0,0.0,1.0,1.0,1.0,,,0.0,1.0,1.0,0.0,1.0,1.0,,1.0,1.0,0.0,0.0,0.0,0.0,0.0,1.0,0.0,,1.0,1.0,1.0,0.0,1.0,1.0,,0.0,1.0,1.0,0.0,1.0,1.0,0.0,0.0,,0.0,,,1.0,1.0,0.0,0.0,0.0,1.0,0.0,1.0,1.0,1.0,0.0,0.0,1.0,0.0,1.0,,0.0,1.0,0.0,0.0,1.0,,,,0.0,,1.0,1.0,0.0,,,,0.0,0.0,1.0,1.0,1.0,1.0
Afonso Hamm,1.0,1.0,1.0,1.0,0.0,,,,1.0,1.0,1.0,1.0,1.0,0.0,0.0,,1.0,,1.0,1.0,1.0,0.0,0.0,1.0,1.0,1.0,,1.0,0.0,0.0,,1.0,1.0,0.0,,1.0,,1.0,1.0,0.0,0.0,0.0,0.0,1.0,1.0,1.0,1.0,1.0,1.0,,,,,1.0,0.0,1.0,1.0,,,0.0,0.0,,1.0,,0.0,0.0,,,,1.0,1.0,0.0,1.0,,,1.0,,0.0,0.0,0.0,1.0,1.0,1.0,,,1.0,1.0,1.0,1.0,,0.0,1.0,0.0,0.0,1.0,1.0,0.0,,,,,0.0,,,,,0.0,0.0,,0.0,,,1.0,1.0,0.0,,,,1.0,0.0,1.0,1.0,,0.0,,1.0,1.0,0.0,0.0,,1.0,1.0,1.0,1.0,1.0,1.0,,1.0,,1.0,0.0,0.0,0.0,1.0,1.0,1.0,1.0,1.0,,0.0,1.0,0.0,0.0,,0.0,0.0,,,1.0,,0.0,,,,1.0,,0.0,0.0,1.0,0.0,0.0,,1.0,0.0,,0.0,0.0,,,1.0,1.0,1.0,0.0,1.0,0.0,1.0,1.0,1.0,1.0,1.0,1.0,,1.0,1.0,0.0,0.0,,,0.0,,,0.0,1.0,1.0,1.0,,,1.0,1.0,1.0,1.0,1.0,0.0,1.0,0.0,0.0,1.0,,,1.0,1.0,,,0.0,1.0,0.0,1.0,,,0.0,1.0,1.0,0.0,,,,1.0,1.0,,1.0,,1.0,1.0,1.0,1.0,0.0,,0.0,1.0,0.0,1.0,0.0,0.0,1.0,1.0,1.0,,,,,1.0,,1.0,1.0,1.0,0.0,1.0,1.0,0.0,1.0,0.0,,1.0,1.0,1.0,1.0,1.0,,1.0,0.0,0.0,0.0,0.0,0.0,1.0,0.0,,1.0,1.0,1.0,0.0,1.0,1.0,1.0,,1.0,0.0,,,0.0,1.0,1.0,1.0,0.0,,,1.0,,1.0,,0.0,1.0,1.0,1.0,0.0,1.0,0.0,,1.0,0.0,0.0,1.0,,,1.0,1.0,1.0,,0.0,,,0.0,1.0,1.0,1.0,0.0,0.0,1.0,,0.0,1.0,,1.0,1.0
Aguinaldo Ribeiro,,,1.0,0.0,,,,,,,,,,,,,,,,,,,1.0,1.0,0.0,1.0,,,,,,,,0.0,1.0,,,,,,,,,1.0,,,1.0,,,,1.0,,0.0,,,,,,,0.0,0.0,,1.0,1.0,,0.0,0.0,1.0,,,1.0,0.0,,1.0,0.0,1.0,,0.0,0.0,0.0,1.0,1.0,1.0,,,1.0,,,1.0,0.0,0.0,,,,,,0.0,,0.0,1.0,1.0,,,1.0,0.0,1.0,0.0,0.0,0.0,,,1.0,,,0.0,0.0,0.0,,1.0,0.0,1.0,1.0,0.0,,0.0,1.0,1.0,0.0,,,1.0,1.0,1.0,1.0,1.0,1.0,,1.0,1.0,,,,,,,,,1.0,,,1.0,,,,,,,,,,,,,,,,,,,,,,,,,,,,,1.0,,,,,,,,,,,,,,,,,,,,,,,,,1.0,,0.0,1.0,1.0,1.0,0.0,1.0,,,,,,,,,,,,,,,,,,,,,,,,,,,,,,,,,,,,,1.0,,,,,,,,,,,,,,,,,,,,,,,,,,,,,,,,,,,,,,,,,1.0,,1.0,,,,,,,,,,,1.0,,,,,1.0,1.0,0.0,0.0,1.0,1.0,1.0,,0.0,,,,,,,,,,0.0,,,,,,,,1.0,1.0,,,0.0,1.0,0.0,1.0,1.0,0.0,1.0
Akira Otsubo,,,,,,,,,,1.0,,,1.0,0.0,,,1.0,1.0,,1.0,1.0,1.0,,,,,,,,,,1.0,1.0,,,,1.0,0.0,1.0,1.0,1.0,0.0,,1.0,1.0,1.0,,,,,,,,,1.0,,1.0,,,,,,,,,,,,,,,,1.0,,,,,,,,,,,,,,,,,,,,,,,,,,,,,,,,,,,,,0.0,,,1.0,1.0,,,,,,,,,,,,,,,,,,,,,,,,,,,,,0.0,1.0,,,,1.0,,,1.0,,,,,,,,,,,,,,,,,,,,,,,,,,,,,1.0,,,,,,1.0,1.0,,,1.0,1.0,1.0,,,,,,0.0,0.0,0.0,1.0,,1.0,,,1.0,0.0,1.0,1.0,,,1.0,,,,,,,1.0,1.0,1.0,,,0.0,1.0,0.0,1.0,1.0,0.0,0.0,1.0,1.0,0.0,0.0,0.0,0.0,1.0,,1.0,1.0,,1.0,1.0,0.0,1.0,0.0,0.0,0.0,1.0,1.0,,0.0,0.0,0.0,,,,,,,,1.0,1.0,1.0,1.0,1.0,1.0,1.0,,0.0,0.0,0.0,1.0,1.0,1.0,1.0,1.0,1.0,1.0,0.0,1.0,0.0,0.0,0.0,1.0,,1.0,1.0,1.0,1.0,,1.0,,,0.0,,0.0,1.0,1.0,0.0,1.0,,1.0,0.0,0.0,1.0,1.0,,,,,,,1.0,1.0,1.0,0.0,,1.0,0.0,1.0,,,,,,,,,,0.0,1.0,1.0,1.0,1.0,0.0,0.0,1.0,0.0,0.0,1.0,1.0,0.0,1.0
Alberto Filho,1.0,1.0,1.0,1.0,0.0,0.0,0.0,1.0,1.0,1.0,1.0,,,0.0,1.0,1.0,1.0,1.0,1.0,1.0,1.0,0.0,0.0,1.0,1.0,1.0,,1.0,0.0,0.0,0.0,1.0,1.0,0.0,1.0,1.0,1.0,0.0,1.0,1.0,1.0,0.0,,1.0,1.0,,1.0,1.0,1.0,1.0,1.0,0.0,0.0,1.0,0.0,1.0,1.0,1.0,0.0,0.0,0.0,0.0,,1.0,,0.0,0.0,1.0,0.0,1.0,1.0,0.0,1.0,,0.0,1.0,0.0,0.0,0.0,0.0,1.0,1.0,1.0,,,,,,,0.0,0.0,1.0,0.0,0.0,1.0,1.0,0.0,0.0,0.0,0.0,1.0,,,1.0,0.0,1.0,0.0,0.0,0.0,0.0,1.0,1.0,1.0,1.0,0.0,0.0,0.0,,1.0,0.0,1.0,1.0,0.0,0.0,0.0,1.0,1.0,0.0,0.0,,1.0,1.0,,1.0,1.0,1.0,0.0,1.0,,0.0,0.0,0.0,,1.0,1.0,1.0,1.0,1.0,1.0,0.0,1.0,1.0,0.0,1.0,0.0,0.0,,,,1.0,0.0,,,,1.0,,0.0,,,,,,0.0,1.0,0.0,,,,,1.0,,1.0,,,0.0,1.0,1.0,1.0,1.0,1.0,1.0,1.0,1.0,,0.0,,,,,,,0.0,1.0,0.0,0.0,1.0,0.0,,1.0,1.0,1.0,1.0,0.0,0.0,,0.0,1.0,,1.0,1.0,1.0,1.0,1.0,0.0,1.0,0.0,1.0,1.0,0.0,0.0,1.0,1.0,,0.0,0.0,0.0,1.0,0.0,1.0,1.0,0.0,1.0,1.0,0.0,1.0,0.0,,,,,1.0,,,,1.0,1.0,0.0,0.0,0.0,1.0,,1.0,,,,,1.0,1.0,0.0,,0.0,,1.0,0.0,1.0,1.0,1.0,0.0,,0.0,1.0,0.0,0.0,,1.0,0.0,1.0,1.0,1.0,1.0,0.0,1.0,1.0,1.0,,1.0,0.0,,1.0,0.0,1.0,1.0,1.0,,0.0,1.0,,1.0,1.0,1.0,0.0,1.0,1.0,,1.0,,0.0,0.0,1.0,0.0,,1.0,,,0.0,1.0,1.0,,0.0,1.0,0.0,1.0,1.0,1.0,1.0,0.0,0.0,1.0,1.0,0.0,1.0,1.0,0.0,1.0
Alberto Mourão,1.0,1.0,,,1.0,1.0,,,1.0,,,,,,,,,,1.0,,,,0.0,1.0,1.0,1.0,1.0,1.0,1.0,,1.0,,,0.0,1.0,1.0,,,,,,,,,,,1.0,1.0,1.0,,,,,,,,,,,,,,1.0,,,,,,,,1.0,0.0,,,,,,,1.0,1.0,0.0,,1.0,,0.0,0.0,,0.0,1.0,1.0,0.0,1.0,1.0,1.0,1.0,,,,,,0.0,,,,,1.0,,,0.0,,,0.0,,,,,,,,,0.0,,1.0,,1.0,0.0,0.0,1.0,,,,,,,,,,,,1.0,1.0,0.0,,,0.0,0.0,1.0,,,,,0.0,,,,0.0,,1.0,1.0,,,,,,1.0,,,,,,,,,,,,,,,,0.0,1.0,,0.0,,,,,0.0,,,,0.0,,,,,,,,,,,,,,,,,,,,,,,,,,,,,,,,,,,,,,,,,,,,,,,,,,,,,,,,,,,,,,,,,,,,,,,,,,,,,,,,,,,,,,,,,,,,,,,,,,,,,,,,,,,,,,,,,,,,,,,,,,,,,,,,,,,,,,,,,,,,,,,,,,,,,,,
Alceu Moreira,1.0,1.0,1.0,1.0,0.0,0.0,0.0,0.0,1.0,1.0,1.0,1.0,,0.0,0.0,,1.0,1.0,1.0,,,0.0,0.0,1.0,1.0,1.0,0.0,1.0,0.0,0.0,,,1.0,0.0,1.0,1.0,1.0,1.0,1.0,0.0,1.0,0.0,0.0,0.0,1.0,,1.0,1.0,,,0.0,0.0,1.0,1.0,0.0,1.0,1.0,,0.0,,0.0,,1.0,,,1.0,1.0,1.0,1.0,1.0,1.0,0.0,1.0,1.0,0.0,,1.0,0.0,0.0,0.0,1.0,0.0,1.0,1.0,0.0,0.0,0.0,,,0.0,,1.0,0.0,0.0,1.0,1.0,0.0,0.0,0.0,1.0,1.0,0.0,,1.0,,1.0,0.0,0.0,,0.0,1.0,1.0,1.0,1.0,,,,0.0,1.0,0.0,1.0,1.0,0.0,,0.0,1.0,1.0,0.0,0.0,,1.0,1.0,1.0,1.0,,,0.0,,1.0,0.0,,0.0,0.0,1.0,0.0,1.0,1.0,,1.0,0.0,1.0,1.0,0.0,1.0,0.0,,,1.0,0.0,1.0,0.0,0.0,0.0,1.0,1.0,1.0,,0.0,1.0,0.0,0.0,0.0,1.0,1.0,,0.0,,0.0,1.0,1.0,,1.0,0.0,1.0,0.0,1.0,1.0,,1.0,1.0,1.0,1.0,,,0.0,0.0,,,0.0,0.0,1.0,0.0,1.0,1.0,1.0,1.0,0.0,1.0,,,,1.0,0.0,0.0,,0.0,,,1.0,1.0,1.0,1.0,,0.0,1.0,0.0,1.0,1.0,,0.0,1.0,1.0,0.0,0.0,0.0,0.0,1.0,,1.0,,,1.0,1.0,0.0,,,,0.0,1.0,,,0.0,,0.0,1.0,1.0,,,,,1.0,,1.0,1.0,1.0,0.0,1.0,1.0,,,,1.0,1.0,1.0,1.0,1.0,1.0,0.0,1.0,1.0,,0.0,0.0,0.0,,0.0,,1.0,1.0,,0.0,,1.0,,0.0,1.0,0.0,1.0,1.0,0.0,1.0,1.0,1.0,0.0,0.0,1.0,1.0,1.0,1.0,1.0,0.0,1.0,1.0,1.0,0.0,0.0,0.0,,,1.0,0.0,,,,,,,,0.0,1.0,,1.0,1.0,,,0.0,0.0,1.0,,0.0,1.0,1.0,0.0,1.0
Aldo Rebelo,,,1.0,1.0,,,,,,,,,,,,,,,,,,,,,,,,,,,,,,0.0,,,,,,,,,,,,,,,,,1.0,,0.0,,,,,1.0,0.0,0.0,0.0,,,,,0.0,0.0,1.0,0.0,1.0,1.0,0.0,,1.0,,1.0,,,0.0,0.0,,1.0,1.0,,,,,,,,,,,,,,0.0,,,,1.0,0.0,0.0,1.0,0.0,1.0,0.0,0.0,,,,1.0,,,0.0,,,,,,,,,,,,,,,,,,,,,,,1.0,,0.0,,,,,,,,,,,,,,,,,,,,,,,,,,,,,,,,,,,,,,,,,,,,,,,,,,,,,,,,,,,,,,,,,,,,,,,,,,,,,,,,,,,,,,,,,,,,,,,,,,,,,,,,,,,,,,,,,,,,,,,,,,,,,,,,,,,,,,,,,,,,,,,,,,,,,,,,,,,,,,,,,,,,,,,,,,,,,,,,,,,,,,,,,,,,,,,,,,,,,,,,,,,,
Alessandro Molon,1.0,1.0,0.0,0.0,1.0,1.0,1.0,1.0,1.0,1.0,1.0,1.0,,0.0,1.0,0.0,,,,0.0,0.0,,0.0,1.0,1.0,1.0,1.0,1.0,0.0,1.0,0.0,1.0,1.0,1.0,,1.0,0.0,,,,,,,,1.0,,1.0,1.0,1.0,1.0,1.0,0.0,0.0,,1.0,0.0,,1.0,0.0,0.0,0.0,,,1.0,0.0,,0.0,1.0,0.0,1.0,1.0,0.0,1.0,,0.0,1.0,0.0,,0.0,0.0,1.0,1.0,1.0,1.0,1.0,1.0,1.0,1.0,1.0,0.0,0.0,1.0,,,,,,0.0,0.0,1.0,1.0,0.0,,1.0,0.0,1.0,,0.0,,0.0,,1.0,,,0.0,0.0,,0.0,1.0,0.0,1.0,1.0,0.0,0.0,0.0,1.0,1.0,0.0,,0.0,1.0,1.0,1.0,1.0,1.0,,0.0,,1.0,,,,0.0,1.0,0.0,0.0,0.0,,,0.0,,0.0,0.0,0.0,0.0,0.0,1.0,,,0.0,0.0,,,,0.0,1.0,0.0,0.0,1.0,0.0,0.0,0.0,1.0,0.0,0.0,,,,0.0,1.0,1.0,0.0,,,1.0,1.0,1.0,0.0,,0.0,1.0,0.0,0.0,1.0,0.0,,1.0,,,,,0.0,,0.0,,1.0,0.0,,,,0.0,1.0,,,0.0,0.0,1.0,1.0,0.0,0.0,0.0,0.0,0.0,0.0,,0.0,1.0,,0.0,,1.0,1.0,0.0,0.0,0.0,0.0,0.0,1.0,1.0,1.0,0.0,,1.0,,,,,0.0,,,0.0,,,,1.0,1.0,0.0,0.0,,,1.0,,,,,,,1.0,0.0,,0.0,,1.0,1.0,,1.0,1.0,1.0,,0.0,0.0,,0.0,0.0,1.0,0.0,,1.0,1.0,,,,1.0,1.0,0.0,1.0,1.0,0.0,,1.0,0.0,0.0,1.0,,0.0,1.0,1.0,1.0,0.0,,0.0,,0.0,,,,,,,,,,0.0,1.0,,0.0,1.0,1.0,,,,,1.0,,,,,0.0,0.0,0.0,1.0,1.0,1.0,1.0
Alex Canziani,,,1.0,,0.0,0.0,,1.0,,1.0,,,1.0,,1.0,1.0,,1.0,1.0,1.0,1.0,0.0,,1.0,1.0,,1.0,,,,,1.0,1.0,0.0,1.0,1.0,1.0,,,0.0,,1.0,0.0,1.0,1.0,1.0,,1.0,1.0,,1.0,0.0,0.0,,1.0,0.0,1.0,,,0.0,,,,,,,0.0,,,1.0,1.0,0.0,1.0,,,,0.0,,0.0,0.0,1.0,1.0,1.0,,,,,,1.0,,,1.0,,,1.0,,,0.0,0.0,,1.0,0.0,0.0,1.0,0.0,1.0,0.0,0.0,0.0,0.0,,1.0,,1.0,,0.0,0.0,,1.0,0.0,1.0,1.0,0.0,0.0,0.0,1.0,1.0,0.0,,,1.0,1.0,1.0,1.0,1.0,1.0,0.0,1.0,1.0,0.0,0.0,0.0,,,1.0,1.0,1.0,,,,,,,,0.0,,1.0,1.0,0.0,,0.0,,,,,1.0,,,1.0,0.0,0.0,,0.0,1.0,,,,,,1.0,1.0,,0.0,0.0,0.0,1.0,1.0,,1.0,,,1.0,,0.0,,,1.0,,,,1.0,,,1.0,1.0,1.0,,1.0,1.0,1.0,0.0,1.0,,,1.0,,1.0,1.0,0.0,0.0,0.0,1.0,0.0,,1.0,,1.0,1.0,0.0,1.0,1.0,,0.0,,,,0.0,0.0,1.0,,0.0,,,,1.0,,1.0,,1.0,,1.0,0.0,,0.0,1.0,1.0,0.0,,,1.0,1.0,,,1.0,1.0,,,1.0,,,,1.0,1.0,1.0,1.0,1.0,,,1.0,,,,0.0,0.0,1.0,0.0,1.0,1.0,,1.0,,,1.0,1.0,0.0,1.0,0.0,,0.0,,,1.0,1.0,0.0,,1.0,1.0,1.0,,,,1.0,,1.0,1.0,1.0,,0.0,,,1.0,,,,0.0,1.0,,1.0,0.0,1.0,,1.0,1.0,1.0,1.0,0.0,0.0,,0.0,0.0,,1.0,,1.0
Alexandre Cardoso,,,,,,,,,,,,1.0,,,,,,,,,,,,,,,,,,,,,,,,,,,,,,,,,,,,,,,,,,,,,,,,,,,,,,,,,,,,,,,,,,,,,,,,,,,,,,,,,,,,,,,,,,,,,,,,,,,,,,,,,,,,,,,,,,,,,,,,,,,,,,,,,,,,,,,0.0,,,,,,,,,0.0,,,,,,,,,,,,,,0.0,,,,,,0.0,0.0,0.0,,,,,,,,,,,1.0,,,,,,,,,,,,,,,,,,,,,,,,,,,,,,,,,,,,,,,,,,,,,,,,,,,,,,,,,,,,,,,,,,,,,,,,,,,,,,,,,,,,,,,,,,,,,,,,,,,,,,,,,,,,,,,,,,,,,,,,,,,,,,,,,,,,,,,,,,,,,,,,,,,,,,,,,,,
Alexandre Leite,1.0,1.0,1.0,1.0,0.0,0.0,,0.0,1.0,1.0,1.0,1.0,1.0,0.0,,1.0,,1.0,1.0,1.0,1.0,0.0,,1.0,1.0,1.0,1.0,0.0,1.0,1.0,0.0,1.0,1.0,0.0,1.0,1.0,1.0,1.0,0.0,0.0,0.0,0.0,,1.0,,,1.0,1.0,1.0,1.0,,,1.0,1.0,0.0,,1.0,1.0,,,,,0.0,,,,,1.0,,0.0,1.0,,0.0,0.0,1.0,0.0,,,1.0,1.0,0.0,,1.0,,0.0,0.0,,0.0,1.0,,,0.0,1.0,1.0,,0.0,,,1.0,,0.0,,,,1.0,0.0,,,1.0,0.0,1.0,,1.0,1.0,1.0,,,,,,0.0,0.0,1.0,,,0.0,0.0,1.0,,,0.0,,,,,,,1.0,,1.0,1.0,1.0,1.0,1.0,1.0,1.0,1.0,1.0,1.0,1.0,1.0,0.0,,1.0,1.0,,1.0,1.0,1.0,1.0,,,,0.0,,0.0,,,,,,,,1.0,1.0,,,,,1.0,,1.0,,1.0,,0.0,,1.0,,1.0,1.0,1.0,,,,,1.0,,0.0,0.0,1.0,1.0,1.0,1.0,1.0,1.0,,1.0,1.0,1.0,,,,1.0,1.0,1.0,1.0,,1.0,1.0,,,,,,,,,,,,,,1.0,,,,1.0,0.0,0.0,1.0,1.0,1.0,0.0,,,0.0,,1.0,0.0,,1.0,0.0,,1.0,1.0,,,,,1.0,,1.0,1.0,1.0,0.0,1.0,1.0,,,,1.0,1.0,1.0,1.0,,,0.0,,,,,,,,,,0.0,1.0,1.0,0.0,,1.0,1.0,,1.0,0.0,1.0,,0.0,1.0,1.0,,0.0,,,1.0,0.0,1.0,0.0,,0.0,1.0,,1.0,1.0,,,1.0,1.0,0.0,,,1.0,0.0,1.0,1.0,,0.0,1.0,,,1.0,1.0,1.0,,,1.0,0.0,,1.0,1.0,0.0,1.0
Alexandre Roso,,1.0,,,0.0,,,1.0,1.0,1.0,1.0,1.0,1.0,,1.0,1.0,,,,1.0,,,0.0,1.0,1.0,,1.0,,,,,,1.0,0.0,1.0,1.0,1.0,1.0,0.0,0.0,0.0,,,1.0,1.0,1.0,,1.0,1.0,1.0,,,,,1.0,1.0,1.0,,0.0,,,0.0,,,,,,,,1.0,,,0.0,,,,,,0.0,0.0,1.0,,,,,,,,,0.0,0.0,1.0,,,1.0,,0.0,0.0,0.0,1.0,,,,1.0,,1.0,,0.0,0.0,0.0,1.0,0.0,1.0,1.0,,0.0,0.0,,1.0,0.0,1.0,1.0,0.0,0.0,0.0,1.0,,0.0,0.0,0.0,1.0,1.0,1.0,1.0,1.0,1.0,,,1.0,0.0,,,0.0,1.0,0.0,1.0,,1.0,1.0,1.0,1.0,0.0,1.0,0.0,0.0,,,,,,0.0,0.0,0.0,1.0,,,,,,,,,1.0,0.0,,,,,,1.0,,1.0,,,1.0,1.0,1.0,,1.0,1.0,1.0,1.0,0.0,,,,1.0,,,,,,,1.0,1.0,,1.0,1.0,1.0,1.0,1.0,1.0,0.0,1.0,0.0,,1.0,1.0,0.0,1.0,1.0,1.0,0.0,0.0,,,1.0,,0.0,1.0,1.0,1.0,0.0,0.0,,0.0,1.0,1.0,,1.0,0.0,1.0,,,,0.0,,,1.0,0.0,1.0,0.0,,,1.0,1.0,0.0,,,1.0,1.0,,,,,,1.0,1.0,,1.0,,1.0,1.0,1.0,1.0,1.0,1.0,0.0,,1.0,0.0,0.0,,1.0,1.0,1.0,1.0,1.0,1.0,1.0,,1.0,1.0,1.0,0.0,1.0,,0.0,1.0,,,0.0,1.0,0.0,,1.0,1.0,,1.0,1.0,1.0,1.0,1.0,1.0,1.0,,,,,,,,0.0,0.0,,,1.0,0.0,,,0.0,,1.0,1.0,1.0,0.0,0.0,1.0,,0.0,1.0,1.0,0.0,1.0
Alexandre Santos,1.0,1.0,1.0,1.0,0.0,0.0,,,,1.0,,1.0,,0.0,,1.0,,1.0,,1.0,1.0,1.0,,,,1.0,,1.0,0.0,0.0,0.0,1.0,1.0,,1.0,1.0,,0.0,0.0,1.0,,,0.0,1.0,,1.0,1.0,1.0,,,,0.0,,,0.0,1.0,,,,,0.0,0.0,,,,0.0,0.0,,0.0,,,0.0,,,0.0,1.0,,,0.0,0.0,1.0,1.0,,,1.0,1.0,,,,0.0,0.0,,,0.0,1.0,,0.0,,0.0,1.0,1.0,,,,,,,,0.0,0.0,,1.0,,1.0,0.0,0.0,,0.0,1.0,0.0,1.0,1.0,0.0,,0.0,1.0,1.0,0.0,,,1.0,1.0,,1.0,1.0,,,1.0,,0.0,0.0,,,,0.0,0.0,0.0,1.0,1.0,0.0,,,0.0,1.0,0.0,0.0,,1.0,,,0.0,,,,0.0,1.0,,,,0.0,,,1.0,1.0,1.0,,,0.0,,,,1.0,,,,1.0,1.0,,,,1.0,1.0,,,,1.0,1.0,0.0,0.0,,1.0,0.0,1.0,,,1.0,0.0,,1.0,,,1.0,,0.0,0.0,0.0,1.0,1.0,1.0,1.0,,,,,,0.0,1.0,1.0,0.0,,1.0,1.0,0.0,0.0,0.0,0.0,1.0,0.0,,1.0,,1.0,,0.0,,,0.0,0.0,,,1.0,,,0.0,1.0,,,0.0,0.0,,,,1.0,,,,1.0,1.0,0.0,0.0,1.0,0.0,1.0,1.0,1.0,,1.0,1.0,,0.0,,0.0,0.0,,,0.0,1.0,1.0,1.0,1.0,0.0,1.0,,,,1.0,0.0,1.0,1.0,0.0,,1.0,,0.0,,,1.0,,1.0,,,1.0,1.0,,,,,0.0,,0.0,,,,,,,,0.0,,,,1.0,1.0,,1.0,0.0,0.0,1.0,,0.0,,1.0,0.0,
Alexandre Silveira,,,,,,,,,,,,,,,,,,,,,,,,,,,,,,,,,,,,,,,,,,,,,,,,,,,,,,,,,,,,,,,,,,,,,,,,,,,,,,,,,,,,,,,,,,,,,,,,,,,,,,,,,,,,,,,,,,,,,,,,,,,,,,,,,,,,,,,,,,,,,,,,,,,,,,,,,,,,,,,,,,,,,,,,,,,,,,,,,,,,1.0,,,,,,1.0,1.0,,,,,,,,,,,,,,,,,,,,,,,,,,,,,,,,,,,,,,,,,,,,,,,,,,,,,,,,,,,,,,,,,,,,,,,,,,,,,,,,,,,,,,,,,,,,,,,,,,,,,,,,,,,,,,,,,,,,,,,,,,,,,,,,,,,,,,,,0.0,0.0,0.0,,,,,,,,1.0,,,,,,,0.0,,,,
Alexandre Toledo,,,,,,,,1.0,,1.0,,,1.0,0.0,1.0,,0.0,1.0,,1.0,1.0,,,,,,,,,,,,1.0,,,,,,,,,,,1.0,1.0,1.0,,,,,,,,,,,1.0,,,,,,,,,,,,,,,,,,,,,,,,,,,,,,,,,,,,,,,,,,,,,,,,,,,,,0.0,,,1.0,1.0,,,,,,,,,,,,,,,,,,,,,,,,,,,,,0.0,1.0,,,,,,1.0,1.0,,,,,,,,,,,,,,,,,,,,,,0.0,1.0,1.0,,,,,1.0,,,,,,1.0,1.0,1.0,,1.0,1.0,1.0,,,,,,1.0,,,,,,1.0,1.0,,,,,,,,1.0,1.0,1.0,0.0,,,1.0,1.0,1.0,1.0,,,,,,,,,,,,0.0,,1.0,,1.0,0.0,0.0,,,,,,,,0.0,1.0,0.0,1.0,,0.0,1.0,,1.0,,,1.0,,1.0,1.0,,0.0,,1.0,1.0,1.0,,,1.0,1.0,,0.0,1.0,1.0,1.0,0.0,,1.0,0.0,,0.0,0.0,1.0,0.0,1.0,1.0,1.0,1.0,0.0,,,,,1.0,1.0,0.0,1.0,,0.0,0.0,,0.0,0.0,1.0,1.0,1.0,1.0,1.0,0.0,1.0,1.0,1.0,1.0,1.0,1.0,0.0,1.0,1.0,0.0,,0.0,0.0,0.0,1.0,,0.0,0.0,1.0,,,1.0,1.0,1.0,,,,,0.0,,,,1.0
Alfredo Kaefer,,,1.0,1.0,0.0,,1.0,0.0,1.0,,1.0,,1.0,,0.0,1.0,1.0,,,1.0,1.0,,,,,1.0,,1.0,1.0,1.0,1.0,0.0,0.0,0.0,1.0,1.0,0.0,,,,,,,,,,1.0,1.0,,,0.0,,,,,1.0,0.0,1.0,,,,,,,1.0,,,,,0.0,1.0,1.0,,0.0,,,,,,1.0,0.0,,1.0,,,0.0,,0.0,1.0,,,,,,0.0,,0.0,0.0,,,,,,,,,,,,0.0,,,1.0,1.0,1.0,,,,,1.0,0.0,0.0,1.0,,,,0.0,1.0,,,0.0,0.0,0.0,0.0,0.0,0.0,,,0.0,1.0,,,1.0,1.0,1.0,1.0,1.0,1.0,,0.0,,,1.0,0.0,1.0,,1.0,1.0,1.0,,,,,,,,1.0,,,,,,0.0,,1.0,,,,,,,,,,,,1.0,1.0,,1.0,1.0,0.0,,,,,,,,,,,,,1.0,,,1.0,,,0.0,1.0,,,1.0,0.0,,,,1.0,,,,,,,,,,0.0,,,,1.0,,,1.0,1.0,,,1.0,,1.0,,1.0,,0.0,,,0.0,1.0,1.0,0.0,,1.0,,,,,1.0,1.0,,,1.0,1.0,0.0,,1.0,0.0,,1.0,,1.0,1.0,1.0,,,0.0,,1.0,0.0,,,0.0,,,0.0,0.0,,,,1.0,1.0,1.0,,1.0,,,,,1.0,,1.0,,0.0,1.0,,,,0.0,1.0,1.0,,1.0,,,,,1.0,1.0,0.0,,1.0,1.0,0.0,1.0,,,,1.0,,,1.0,0.0,0.0,,0.0,1.0,,,,,0.0,
Alfredo Sirkis,1.0,,0.0,0.0,1.0,1.0,1.0,1.0,1.0,1.0,1.0,,1.0,0.0,1.0,1.0,1.0,,,1.0,,0.0,0.0,1.0,1.0,1.0,1.0,,0.0,,0.0,1.0,,0.0,1.0,,,,,,,,,1.0,1.0,1.0,,1.0,,,,,,,1.0,0.0,1.0,1.0,,,,0.0,0.0,0.0,,,,0.0,0.0,1.0,0.0,0.0,0.0,,1.0,,,0.0,0.0,,0.0,1.0,1.0,,,1.0,1.0,,,0.0,,1.0,1.0,,,,,,,,1.0,,0.0,1.0,1.0,1.0,0.0,,1.0,0.0,,,,,,,,,,,,,,,,,,,0.0,,,,,,,,,,,1.0,0.0,0.0,0.0,1.0,,,,,1.0,1.0,1.0,,0.0,0.0,,,,0.0,1.0,0.0,,,,,,,1.0,0.0,1.0,0.0,0.0,,0.0,1.0,0.0,0.0,,1.0,,,1.0,,,0.0,,1.0,1.0,0.0,,1.0,1.0,0.0,,1.0,0.0,1.0,,,,0.0,,1.0,,1.0,1.0,1.0,1.0,1.0,,,,1.0,1.0,,1.0,1.0,,,0.0,,,,,,0.0,0.0,1.0,1.0,0.0,0.0,1.0,1.0,0.0,0.0,,,,1.0,,1.0,,,1.0,0.0,0.0,,1.0,0.0,1.0,1.0,,0.0,1.0,,1.0,1.0,,,,0.0,1.0,,0.0,,1.0,0.0,1.0,1.0,0.0,0.0,,,1.0,1.0,1.0,1.0,1.0,0.0,,1.0,0.0,0.0,0.0,0.0,1.0,,1.0,1.0,1.0,1.0,0.0,1.0,1.0,1.0,0.0,1.0,1.0,0.0,0.0,,0.0,1.0,1.0,0.0,1.0,,,,,1.0,0.0,1.0,,1.0,,,1.0,0.0,,1.0,0.0,0.0,0.0,0.0,0.0,,1.0,0.0,0.0,1.0,0.0,0.0,,,,,,,0.0,0.0,,1.0,,1.0
Alice Portugal,1.0,,1.0,1.0,1.0,1.0,,1.0,,1.0,1.0,1.0,1.0,,,0.0,0.0,1.0,1.0,1.0,,1.0,,1.0,1.0,1.0,1.0,0.0,0.0,0.0,0.0,1.0,1.0,0.0,1.0,1.0,1.0,1.0,0.0,0.0,,1.0,0.0,1.0,1.0,1.0,1.0,1.0,1.0,1.0,,,,,1.0,0.0,1.0,1.0,0.0,0.0,0.0,0.0,,,0.0,,,1.0,0.0,1.0,1.0,0.0,0.0,1.0,0.0,1.0,0.0,0.0,0.0,0.0,1.0,,1.0,1.0,1.0,1.0,1.0,1.0,,,0.0,1.0,0.0,,1.0,1.0,,0.0,0.0,,1.0,0.0,,,,1.0,0.0,0.0,0.0,0.0,,0.0,1.0,1.0,,0.0,0.0,0.0,1.0,0.0,1.0,1.0,0.0,0.0,,1.0,1.0,0.0,0.0,0.0,1.0,1.0,1.0,1.0,1.0,1.0,0.0,1.0,1.0,0.0,0.0,0.0,,,0.0,1.0,1.0,,1.0,0.0,1.0,,1.0,0.0,0.0,0.0,,1.0,0.0,1.0,0.0,0.0,0.0,1.0,,1.0,0.0,0.0,1.0,0.0,0.0,0.0,0.0,1.0,1.0,0.0,0.0,0.0,1.0,1.0,1.0,0.0,,,,1.0,1.0,0.0,,0.0,1.0,1.0,1.0,0.0,0.0,0.0,,0.0,,,1.0,0.0,1.0,0.0,0.0,1.0,0.0,,,,0.0,1.0,0.0,0.0,1.0,0.0,1.0,1.0,0.0,0.0,0.0,0.0,1.0,0.0,1.0,0.0,1.0,1.0,,1.0,1.0,1.0,0.0,0.0,0.0,0.0,0.0,1.0,1.0,1.0,,1.0,1.0,0.0,0.0,0.0,0.0,0.0,1.0,0.0,1.0,,1.0,0.0,1.0,,0.0,0.0,0.0,1.0,1.0,,1.0,0.0,0.0,1.0,1.0,1.0,0.0,1.0,0.0,1.0,1.0,0.0,1.0,1.0,1.0,1.0,1.0,0.0,0.0,0.0,0.0,0.0,1.0,0.0,1.0,1.0,1.0,1.0,0.0,0.0,1.0,1.0,0.0,1.0,1.0,0.0,0.0,1.0,0.0,0.0,1.0,0.0,,1.0,1.0,1.0,1.0,0.0,,,1.0,1.0,0.0,1.0,0.0,0.0,1.0,0.0,1.0,1.0,0.0,1.0,0.0,0.0,1.0,1.0,,,0.0,,1.0,,,,,0.0,0.0,0.0,1.0,1.0,1.0,1.0
Aline Corrêa,1.0,1.0,,,1.0,,,,,1.0,,,,,,1.0,0.0,,1.0,1.0,1.0,,0.0,1.0,,,1.0,1.0,,,,1.0,1.0,0.0,1.0,,1.0,1.0,0.0,,0.0,1.0,0.0,,,1.0,,1.0,,,,0.0,,,,,1.0,,,0.0,0.0,0.0,1.0,,,0.0,0.0,0.0,,,,0.0,,,,,,,0.0,0.0,1.0,1.0,,,,,,,,0.0,,,,0.0,,,,,,1.0,,0.0,0.0,1.0,,1.0,0.0,,0.0,,1.0,,1.0,1.0,0.0,,0.0,0.0,1.0,0.0,1.0,1.0,0.0,,,,,,,0.0,1.0,,,,,,0.0,,,,0.0,0.0,0.0,,,,,1.0,1.0,,1.0,,,0.0,0.0,,,,0.0,,0.0,,,,,1.0,,0.0,1.0,0.0,0.0,0.0,0.0,1.0,,,0.0,,1.0,,1.0,1.0,,,0.0,,,,,,,,0.0,,0.0,,,0.0,,,1.0,,,1.0,,,,,,,,1.0,,1.0,0.0,,1.0,1.0,0.0,0.0,,0.0,0.0,0.0,1.0,0.0,,1.0,0.0,1.0,1.0,,,0.0,0.0,,1.0,0.0,,,,1.0,,0.0,0.0,,0.0,,1.0,,1.0,,0.0,0.0,,1.0,0.0,0.0,,1.0,,1.0,1.0,,,,,,,,,,,,,1.0,,,,,0.0,0.0,0.0,,1.0,,1.0,,,,0.0,,1.0,,,1.0,0.0,,,,1.0,1.0,,0.0,,1.0,,,,,0.0,,,,1.0,1.0,,,1.0,,,,0.0,,,,,,,,,1.0,,,,,,1.0,,,1.0,1.0,,
Almeida Lima,1.0,,1.0,1.0,,,1.0,,1.0,,1.0,,1.0,0.0,,,1.0,1.0,,,,,,,,1.0,1.0,0.0,0.0,1.0,1.0,1.0,1.0,,1.0,1.0,1.0,0.0,1.0,0.0,0.0,0.0,0.0,1.0,1.0,1.0,1.0,1.0,,1.0,1.0,0.0,0.0,,,,1.0,1.0,,0.0,0.0,0.0,1.0,,0.0,,,1.0,1.0,,1.0,,1.0,,0.0,0.0,,,0.0,0.0,1.0,1.0,1.0,,,1.0,1.0,1.0,1.0,,0.0,1.0,0.0,0.0,0.0,0.0,0.0,0.0,,1.0,1.0,,,1.0,1.0,1.0,0.0,,,0.0,,1.0,1.0,1.0,1.0,,,,,,,,,,1.0,0.0,0.0,1.0,,,,,,,0.0,0.0,,0.0,0.0,1.0,1.0,1.0,0.0,1.0,1.0,1.0,1.0,1.0,,,1.0,,,0.0,1.0,,1.0,1.0,1.0,,,,,0.0,1.0,1.0,,,1.0,,,,0.0,,1.0,,,,,,,0.0,,0.0,1.0,,,1.0,,1.0,1.0,1.0,0.0,1.0,,,1.0,1.0,,,,,,,,1.0,0.0,1.0,1.0,1.0,1.0,1.0,,,1.0,1.0,1.0,1.0,0.0,1.0,,1.0,1.0,,0.0,,,1.0,,,,,,1.0,,,1.0,1.0,0.0,0.0,,,,0.0,1.0,0.0,0.0,0.0,1.0,1.0,1.0,,0.0,1.0,1.0,1.0,0.0,,0.0,1.0,,1.0,,0.0,1.0,0.0,1.0,,0.0,1.0,1.0,1.0,,,,1.0,1.0,0.0,,0.0,0.0,0.0,0.0,0.0,1.0,0.0,1.0,,1.0,1.0,0.0,1.0,,,,,0.0,1.0,1.0,0.0,1.0,1.0,1.0,0.0,0.0,1.0,1.0,0.0,,1.0,0.0,1.0,,1.0,,,,,,,,,0.0,,0.0,1.0,,0.0,0.0,1.0,,,,1.0,1.0,,,1.0,,,,,,
Amauri Teixeira,1.0,1.0,0.0,0.0,1.0,1.0,0.0,1.0,1.0,1.0,1.0,1.0,1.0,,1.0,0.0,0.0,1.0,1.0,0.0,0.0,1.0,,,,1.0,1.0,,0.0,0.0,0.0,1.0,1.0,1.0,1.0,1.0,1.0,0.0,0.0,0.0,0.0,1.0,0.0,1.0,,1.0,1.0,1.0,1.0,1.0,1.0,0.0,0.0,,1.0,0.0,1.0,1.0,0.0,0.0,0.0,0.0,1.0,1.0,0.0,0.0,0.0,1.0,0.0,1.0,1.0,0.0,1.0,1.0,0.0,1.0,0.0,0.0,0.0,0.0,1.0,1.0,1.0,1.0,1.0,1.0,1.0,1.0,1.0,0.0,,1.0,0.0,0.0,1.0,1.0,0.0,0.0,0.0,1.0,1.0,0.0,0.0,1.0,1.0,1.0,0.0,0.0,0.0,0.0,,1.0,1.0,1.0,0.0,0.0,0.0,0.0,1.0,0.0,1.0,1.0,0.0,0.0,0.0,1.0,1.0,0.0,0.0,0.0,1.0,1.0,1.0,1.0,1.0,1.0,0.0,1.0,1.0,0.0,0.0,0.0,0.0,1.0,0.0,0.0,1.0,1.0,1.0,,1.0,0.0,0.0,0.0,0.0,0.0,1.0,,0.0,1.0,0.0,0.0,0.0,1.0,1.0,1.0,0.0,0.0,,0.0,0.0,0.0,0.0,1.0,1.0,0.0,0.0,0.0,,1.0,1.0,0.0,,,1.0,1.0,1.0,0.0,1.0,0.0,1.0,1.0,1.0,1.0,0.0,0.0,1.0,0.0,0.0,0.0,1.0,0.0,1.0,1.0,1.0,1.0,0.0,1.0,1.0,1.0,0.0,1.0,0.0,0.0,0.0,0.0,1.0,1.0,0.0,0.0,0.0,0.0,0.0,0.0,1.0,0.0,1.0,1.0,0.0,1.0,1.0,1.0,0.0,0.0,0.0,,0.0,1.0,1.0,1.0,0.0,1.0,1.0,0.0,0.0,0.0,0.0,0.0,0.0,0.0,,0.0,1.0,,1.0,1.0,0.0,0.0,0.0,1.0,1.0,1.0,1.0,0.0,0.0,1.0,1.0,1.0,0.0,1.0,0.0,1.0,1.0,0.0,1.0,1.0,1.0,1.0,1.0,0.0,1.0,0.0,0.0,0.0,1.0,0.0,1.0,1.0,1.0,1.0,0.0,1.0,1.0,1.0,0.0,1.0,1.0,,1.0,,0.0,0.0,1.0,0.0,0.0,1.0,1.0,1.0,0.0,0.0,,1.0,0.0,1.0,1.0,1.0,0.0,0.0,1.0,0.0,1.0,1.0,0.0,1.0,0.0,0.0,1.0,1.0,1.0,,0.0,1.0,1.0,1.0,1.0,,,0.0,0.0,0.0,1.0,1.0,1.0,1.0
Amir Lando,,,,,,,,,,1.0,,,,0.0,,1.0,,,,,,,,,,,,,,,,,,,,,,,,,,,,,,1.0,,,,,,,,,,,,,,,,,,,,,,,,,,,1.0,,,,,,,,,,,,,,,,,,,,,,,,,,,,,,,,,,,,,,,,1.0,1.0,,,,,,,,,,,,,,,,,,,,,,,,,,,,,,,,,,,,,1.0,,,,,,,,,,,,,,,,,,,,,,,,,,,,,1.0,,,,,,,,,,,,,,,,,,,,,,,,,1.0,,0.0,1.0,1.0,1.0,1.0,1.0,,,,,,,,,,,,,,,,,,,,,,,,,,,,,,,,0.0,,,0.0,,1.0,,,,,,,,,,,,,,,,,,,,0.0,1.0,,,,,,0.0,0.0,,,,0.0,,0.0,0.0,,0.0,,,,1.0,,1.0,,1.0,,,1.0,,1.0,,1.0,,,,,,1.0,,1.0,1.0,,1.0,1.0,1.0,,,,0.0,1.0,,,,,,,1.0,,,,,,,,,,,,1.0,,,1.0,,0.0,
Ana Arraes,,,1.0,0.0,,,,,,,,,,,,,,,,,,,,,,,,,,,,,,,,,,,,,,,,,,,,,,,,,,,,,,1.0,0.0,0.0,,,,,,,,1.0,0.0,,1.0,0.0,,1.0,0.0,1.0,0.0,0.0,0.0,0.0,1.0,,1.0,,1.0,1.0,1.0,1.0,1.0,0.0,,,0.0,,,,,,,,,,,,1.0,,0.0,,0.0,,,1.0,,,0.0,,,,,,,,,,,,,,,,,,,,,,,,1.0,0.0,,,,,,,,,,,,,,,,,,,,,,,,,,,,,,,,,,,,,,,,,,,,,,,,,,,,,,,,,,,,,,,,,,,,,,,,,,,,,,,,,,,,,,,,,,,,,,,,,,,,,,,,,,,,,,,,,,,,,,,,,,,,,,,,,,,,,,,,,,,,,,,,,,,,,,,,,,,,,,,,,,,,,,,,,,,,,,,,,,,,,,,,,,,,,,,,,,,,,,,,,,,,
Anderson Ferreira,1.0,1.0,,,0.0,0.0,1.0,,,1.0,1.0,,,,1.0,1.0,1.0,,,1.0,1.0,,0.0,1.0,1.0,1.0,1.0,0.0,0.0,0.0,,,,0.0,1.0,1.0,1.0,,,,,,,,,,1.0,,1.0,,,,,1.0,,1.0,,1.0,0.0,0.0,0.0,,1.0,1.0,0.0,0.0,0.0,1.0,,1.0,1.0,,1.0,,,,,0.0,0.0,0.0,1.0,1.0,1.0,1.0,,,,,,0.0,,,0.0,0.0,,1.0,0.0,0.0,,0.0,,0.0,0.0,1.0,,0.0,0.0,0.0,,0.0,,,,,0.0,0.0,,0.0,1.0,0.0,1.0,1.0,0.0,,0.0,1.0,1.0,0.0,,0.0,1.0,,,,1.0,1.0,0.0,0.0,,0.0,1.0,1.0,,,1.0,1.0,,,,,,,1.0,,,,1.0,1.0,1.0,,0.0,0.0,,0.0,1.0,,,,,,,0.0,0.0,1.0,1.0,0.0,,1.0,,,1.0,1.0,0.0,1.0,1.0,,1.0,,,1.0,1.0,,,,,,,,0.0,0.0,1.0,0.0,1.0,,,1.0,,,,,,1.0,,,1.0,0.0,,,,0.0,0.0,1.0,1.0,,,0.0,1.0,1.0,,,1.0,1.0,,0.0,0.0,,,0.0,1.0,1.0,0.0,,,0.0,1.0,,,0.0,,,1.0,0.0,1.0,0.0,1.0,1.0,,,,1.0,1.0,,0.0,0.0,0.0,1.0,,1.0,,,,1.0,1.0,0.0,1.0,,,0.0,,,,0.0,0.0,0.0,,,,1.0,1.0,,0.0,,1.0,,,1.0,0.0,,0.0,1.0,0.0,1.0,,,,,,,1.0,,0.0,1.0,1.0,1.0,1.0,1.0,0.0,0.0,1.0,,,,0.0,,0.0,,,0.0,0.0,1.0,,,,1.0,1.0,,,1.0,1.0,0.0,1.0,,0.0,1.0
Andre Moura,1.0,1.0,1.0,1.0,0.0,,,1.0,1.0,1.0,1.0,,1.0,,0.0,1.0,1.0,,1.0,1.0,1.0,,0.0,1.0,1.0,1.0,1.0,1.0,0.0,0.0,,1.0,1.0,0.0,1.0,1.0,,,,0.0,0.0,0.0,,1.0,1.0,1.0,1.0,1.0,1.0,,,0.0,0.0,1.0,,,,,0.0,0.0,0.0,0.0,1.0,1.0,,0.0,0.0,1.0,0.0,1.0,1.0,0.0,0.0,0.0,,0.0,,0.0,0.0,0.0,1.0,1.0,1.0,,,1.0,1.0,1.0,,0.0,0.0,1.0,0.0,0.0,,1.0,,0.0,0.0,1.0,,0.0,0.0,1.0,1.0,1.0,,,,0.0,1.0,0.0,1.0,1.0,1.0,,0.0,,,,,,,0.0,,1.0,1.0,0.0,,,1.0,1.0,,,1.0,,,0.0,1.0,,1.0,1.0,0.0,1.0,,1.0,1.0,,1.0,0.0,,,0.0,1.0,,,1.0,1.0,1.0,1.0,0.0,,,,1.0,1.0,0.0,0.0,1.0,,,,0.0,1.0,1.0,,,,1.0,1.0,,1.0,0.0,,0.0,1.0,1.0,1.0,1.0,1.0,1.0,1.0,1.0,1.0,0.0,0.0,1.0,0.0,,,,1.0,1.0,,,,,1.0,1.0,1.0,0.0,1.0,,0.0,1.0,0.0,1.0,1.0,0.0,1.0,,1.0,0.0,,0.0,,1.0,1.0,,,,,,0.0,,,1.0,1.0,1.0,0.0,0.0,,1.0,,1.0,1.0,0.0,,1.0,,1.0,,0.0,,1.0,1.0,,0.0,0.0,,,,1.0,,1.0,0.0,1.0,1.0,,0.0,1.0,1.0,,,,1.0,1.0,0.0,1.0,,0.0,0.0,0.0,,1.0,0.0,,0.0,1.0,1.0,0.0,1.0,1.0,1.0,0.0,1.0,0.0,,,0.0,,1.0,1.0,0.0,0.0,,1.0,1.0,,1.0,0.0,,,1.0,1.0,1.0,,,,1.0,0.0,,0.0,1.0,,,1.0,0.0,0.0,1.0,0.0,,1.0,1.0,,0.0,0.0,1.0,1.0,0.0,1.0,1.0,0.0,1.0
Andre Vargas,,,1.0,0.0,1.0,1.0,0.0,1.0,,,1.0,1.0,1.0,,,,,,1.0,1.0,1.0,1.0,0.0,1.0,,1.0,1.0,1.0,,0.0,0.0,1.0,,1.0,1.0,1.0,,,,,,,0.0,,,,1.0,1.0,,1.0,1.0,,0.0,1.0,,,,,0.0,,0.0,0.0,1.0,,0.0,0.0,,1.0,,1.0,1.0,0.0,1.0,1.0,0.0,,,0.0,0.0,0.0,1.0,1.0,1.0,,,1.0,1.0,1.0,1.0,0.0,0.0,1.0,,,,1.0,,,,1.0,,,0.0,1.0,0.0,1.0,0.0,,0.0,0.0,1.0,1.0,,1.0,0.0,,0.0,0.0,1.0,0.0,1.0,1.0,0.0,0.0,,1.0,1.0,0.0,0.0,,1.0,1.0,1.0,1.0,1.0,1.0,0.0,,1.0,0.0,0.0,0.0,,1.0,0.0,,1.0,1.0,,0.0,,,,0.0,0.0,0.0,,1.0,,,,,0.0,1.0,,1.0,0.0,0.0,1.0,,,,,,,0.0,0.0,,,,1.0,,0.0,0.0,1.0,,,,,,1.0,1.0,,1.0,0.0,,,,,,,,1.0,,,1.0,0.0,1.0,1.0,,,,,,,0.0,,,,,0.0,0.0,0.0,0.0,,,1.0,1.0,,0.0,1.0,1.0,0.0,,,,0.0,,,,0.0,,,,,,,0.0,,,,0.0,,,1.0,,0.0,,0.0,1.0,,,1.0,,,,,,0.0,,0.0,,1.0,1.0,1.0,,1.0,,,,,0.0,,,1.0,,,1.0,1.0,,,,,1.0,,1.0,,,,,,,,,,1.0,1.0,1.0,,,,,,,,,,,,,,,0.0,1.0,,1.0,,,,,,1.0,,1.0,0.0,,,0.0,,,1.0,,0.0,
Andreia Zito,,1.0,1.0,1.0,1.0,1.0,1.0,0.0,1.0,1.0,1.0,,,0.0,0.0,1.0,1.0,1.0,1.0,,1.0,0.0,0.0,1.0,1.0,1.0,1.0,0.0,0.0,1.0,0.0,0.0,1.0,0.0,1.0,1.0,0.0,0.0,,0.0,1.0,,,,,1.0,1.0,1.0,,1.0,,,,1.0,0.0,,1.0,,,,,,,,,,,1.0,1.0,0.0,,1.0,1.0,0.0,1.0,0.0,,,1.0,1.0,0.0,,1.0,,0.0,0.0,0.0,0.0,1.0,,,,,1.0,0.0,0.0,0.0,0.0,0.0,,0.0,,,,0.0,1.0,,,,,1.0,0.0,,,1.0,,,,,,,,,,,,,1.0,,,0.0,0.0,,,,,,,0.0,1.0,1.0,1.0,1.0,1.0,0.0,0.0,0.0,1.0,1.0,1.0,1.0,0.0,1.0,0.0,1.0,0.0,,0.0,1.0,,,,,,0.0,,1.0,,,,,,,,1.0,,,1.0,,1.0,0.0,0.0,,0.0,0.0,,,,,1.0,1.0,1.0,0.0,,,1.0,1.0,1.0,,,,1.0,,1.0,1.0,1.0,1.0,1.0,1.0,1.0,0.0,1.0,1.0,1.0,1.0,,1.0,1.0,1.0,0.0,,,,,,,,,,,,,,1.0,,,,1.0,,0.0,,,1.0,0.0,1.0,0.0,0.0,0.0,1.0,,1.0,1.0,,1.0,1.0,1.0,0.0,,,1.0,1.0,1.0,,1.0,1.0,0.0,1.0,1.0,0.0,0.0,,1.0,,,,1.0,1.0,0.0,,1.0,0.0,,0.0,0.0,1.0,,0.0,,,1.0,0.0,1.0,1.0,1.0,,1.0,1.0,1.0,0.0,0.0,1.0,1.0,1.0,1.0,0.0,1.0,1.0,,1.0,0.0,,1.0,1.0,1.0,1.0,1.0,,,1.0,1.0,0.0,0.0,1.0,,0.0,1.0,1.0,,0.0,1.0,,0.0,1.0,1.0,1.0,0.0,0.0,,,,1.0,1.0,0.0,1.0
André Dias,,,1.0,1.0,,,,,,,,,,,,,,,,,,,,1.0,1.0,,,,,,,,,,,,,,,,,,,,,,,,,,,,,,,,,,,,,,0.0,,,,,,,,,1.0,,0.0,1.0,0.0,,1.0,1.0,1.0,1.0,,,,,,,,,,,,,,,,,,,,0.0,,,,,,,,,,,0.0,,,,,,,,,,,,,,,,,,,,,,,,,,,0.0,1.0,,,,,,,,,,,,,,,,,,,,,,,,,,,,,,,,,,,,,,,,,,,,,,,,,,,,,,,,,,,,,,,,,,,,,,,,,,,,,,,,,,,,,,,,,,,,,,,,,,,,,,,,,,,,,,,,,,,,,,,,,,,,,,,,,,,,,,,,,,,,,,,,,,,,,,,,,,,,,,,,,,,,,,,,,,,,,,,,,,,,,,,,,,,,,,,,,,,,,,,,,,,,
André Figueiredo,1.0,1.0,1.0,0.0,0.0,1.0,1.0,1.0,1.0,1.0,1.0,1.0,1.0,0.0,1.0,1.0,1.0,1.0,1.0,1.0,1.0,0.0,0.0,1.0,0.0,1.0,1.0,0.0,0.0,1.0,0.0,1.0,1.0,0.0,1.0,1.0,1.0,0.0,0.0,0.0,0.0,1.0,0.0,1.0,,,1.0,1.0,1.0,1.0,1.0,0.0,,1.0,0.0,1.0,1.0,1.0,0.0,0.0,0.0,0.0,,1.0,0.0,0.0,0.0,1.0,0.0,1.0,1.0,0.0,0.0,1.0,0.0,1.0,0.0,0.0,0.0,0.0,1.0,1.0,,1.0,1.0,1.0,1.0,1.0,1.0,0.0,0.0,1.0,0.0,0.0,,,0.0,,0.0,0.0,1.0,0.0,0.0,1.0,1.0,1.0,0.0,0.0,0.0,0.0,1.0,0.0,1.0,1.0,0.0,0.0,0.0,0.0,1.0,0.0,1.0,1.0,0.0,0.0,0.0,1.0,1.0,0.0,0.0,0.0,1.0,,1.0,1.0,1.0,1.0,0.0,0.0,1.0,0.0,0.0,0.0,0.0,1.0,,,,1.0,1.0,1.0,,0.0,0.0,0.0,0.0,,1.0,0.0,1.0,1.0,0.0,0.0,0.0,1.0,,1.0,0.0,0.0,1.0,0.0,0.0,0.0,0.0,,1.0,0.0,0.0,0.0,1.0,1.0,0.0,1.0,0.0,0.0,1.0,1.0,1.0,1.0,1.0,1.0,1.0,1.0,0.0,1.0,0.0,0.0,1.0,0.0,0.0,0.0,1.0,0.0,,1.0,1.0,1.0,,1.0,1.0,1.0,0.0,1.0,0.0,1.0,0.0,0.0,,,0.0,0.0,0.0,0.0,0.0,0.0,0.0,0.0,1.0,,,,,,,1.0,0.0,0.0,0.0,0.0,0.0,0.0,,1.0,1.0,0.0,1.0,0.0,1.0,0.0,,,1.0,0.0,1.0,0.0,,1.0,0.0,0.0,0.0,1.0,,1.0,1.0,,,,1.0,1.0,,,,1.0,1.0,0.0,1.0,1.0,1.0,0.0,1.0,1.0,0.0,0.0,0.0,0.0,1.0,0.0,1.0,1.0,1.0,,0.0,1.0,1.0,1.0,0.0,1.0,,0.0,0.0,,,0.0,1.0,,1.0,,0.0,1.0,1.0,0.0,0.0,1.0,1.0,1.0,0.0,1.0,0.0,0.0,1.0,1.0,0.0,1.0,0.0,1.0,0.0,1.0,1.0,0.0,,,0.0,1.0,1.0,1.0,1.0,0.0,0.0,1.0,0.0,0.0,1.0,,1.0,1.0
André Zacharow,,1.0,1.0,1.0,,0.0,0.0,,,1.0,1.0,1.0,1.0,,,1.0,1.0,1.0,1.0,,1.0,1.0,0.0,1.0,1.0,,0.0,1.0,,0.0,0.0,1.0,1.0,0.0,,1.0,,1.0,1.0,,1.0,1.0,0.0,1.0,,1.0,,,1.0,1.0,1.0,,0.0,1.0,,,,1.0,0.0,,,0.0,1.0,1.0,0.0,0.0,0.0,1.0,1.0,1.0,,0.0,1.0,1.0,0.0,1.0,,0.0,0.0,0.0,1.0,1.0,1.0,1.0,1.0,1.0,1.0,1.0,1.0,0.0,0.0,,,0.0,1.0,1.0,0.0,,,1.0,1.0,0.0,0.0,1.0,,1.0,0.0,,0.0,0.0,1.0,1.0,,1.0,,0.0,0.0,0.0,1.0,0.0,1.0,1.0,0.0,0.0,,,1.0,0.0,,0.0,1.0,1.0,1.0,1.0,1.0,1.0,0.0,1.0,,0.0,,,,,0.0,1.0,,1.0,1.0,0.0,1.0,,0.0,1.0,0.0,,,,,1.0,0.0,0.0,0.0,1.0,1.0,1.0,0.0,0.0,1.0,0.0,0.0,0.0,,,,0.0,,0.0,,1.0,1.0,1.0,,,0.0,,,1.0,1.0,,,,1.0,,,1.0,,0.0,0.0,,,,,,,1.0,0.0,1.0,1.0,1.0,1.0,,0.0,0.0,0.0,0.0,1.0,1.0,,1.0,1.0,1.0,,,1.0,0.0,1.0,1.0,,0.0,,1.0,0.0,,0.0,0.0,,0.0,1.0,1.0,,1.0,1.0,0.0,,,,0.0,1.0,1.0,,1.0,0.0,0.0,1.0,1.0,0.0,0.0,0.0,1.0,1.0,,,1.0,1.0,0.0,1.0,1.0,0.0,,,0.0,,,,,,0.0,1.0,0.0,1.0,0.0,0.0,0.0,1.0,0.0,1.0,1.0,1.0,1.0,,1.0,,,,1.0,,1.0,1.0,0.0,1.0,,1.0,,,,,1.0,,,0.0,1.0,,1.0,,,0.0,0.0,1.0,,,,0.0,1.0,0.0,1.0,,0.0,,1.0,0.0,1.0,1.0,1.0,1.0,0.0,0.0,,1.0,,1.0,,,
André de Paula,,,,,,,,,,,,,,,,,1.0,1.0,,,,,,,,,,,,,,,,,,,,,,,,,,1.0,,1.0,,,,,,,,,,,1.0,,,,,,,,,,,,,,,,0.0,,,,,,,,,,,,,,,,,,,,,,,,,,,,,,,,,,,,,,,,,,,,,,,,,,,,,,,,,,,,,,,,,,,,,,,,,,,1.0,,,1.0,,,,,,,,,,,,,,,,,,,,,,,,,,,,,1.0,,,,,,,,,,,,,,,,,,,,,,,,1.0,1.0,1.0,0.0,1.0,1.0,1.0,1.0,1.0,,,,,,,,,,,,,,,,,,,,,,,,,,,,,,,,,,,,,1.0,,,,,,,,,,,,,,,,,,,,,,,,,,,,,,,,,,,,,,,,1.0,1.0,,1.0,,,,,,,,,,,1.0,,,,,1.0,1.0,1.0,0.0,1.0,1.0,1.0,1.0,1.0,0.0,0.0,,1.0,0.0,0.0,0.0,0.0,0.0,1.0,,,,,0.0,1.0,1.0,1.0,1.0,0.0,0.0,1.0,,,1.0,,0.0,1.0
Angelo Vanhoni,,,1.0,0.0,1.0,,,,,1.0,,1.0,,,,0.0,,1.0,,0.0,,,,1.0,1.0,1.0,1.0,1.0,0.0,0.0,,,,1.0,1.0,1.0,,,,,,,0.0,1.0,,1.0,1.0,,,,,,,,,,,1.0,,,,0.0,,,,,,1.0,,1.0,1.0,,1.0,,,1.0,,,0.0,0.0,1.0,,1.0,,1.0,,,,,0.0,,,,0.0,1.0,1.0,,0.0,,1.0,,,0.0,1.0,,1.0,,,,0.0,,1.0,,,0.0,0.0,,,1.0,0.0,1.0,1.0,0.0,0.0,,1.0,,0.0,,,1.0,,1.0,1.0,1.0,1.0,,,,,0.0,0.0,,,,,,,,,,,0.0,,0.0,,,,,,,0.0,,,,1.0,,,,,,,,,1.0,,0.0,,,1.0,,0.0,,,,,,0.0,,,,1.0,0.0,,,,,,,,,,,0.0,0.0,,,,,,,1.0,,0.0,0.0,,,,0.0,0.0,0.0,0.0,,,,0.0,,,,,,,,,0.0,,0.0,0.0,,,,,1.0,,,,,,0.0,,,,,,,,,,,,,,1.0,,,,,,,,0.0,,,,,,,1.0,,0.0,,,,,,,1.0,,1.0,,,1.0,1.0,,,1.0,,,,1.0,0.0,0.0,1.0,,,,1.0,,,1.0,0.0,,,1.0,1.0,,,,,0.0,,1.0,,,0.0,,1.0,,,,,,1.0,,,,,,,,1.0,,,
Anselmo de Jesus,,,,,,,,1.0,,1.0,,,1.0,,,0.0,0.0,,,1.0,,,,,,,,,,,,1.0,1.0,,,,1.0,0.0,0.0,0.0,0.0,0.0,,1.0,,,,,,,,,,,,,1.0,,,,,,,,,,,,,,,,1.0,,,,,,,,,,,,,,,,,,,,,,,,,,,,,,,,,,,,,0.0,,,1.0,1.0,,,,,,,,,,,,,,,,,,,,,,,,,,,,,0.0,1.0,,,,1.0,1.0,0.0,1.0,,,,,,,,,,,,,,,,0.0,,,,,,,1.0,0.0,,,,,,,,,,,1.0,1.0,,,0.0,1.0,1.0,,,,,,0.0,0.0,0.0,1.0,0.0,1.0,0.0,0.0,1.0,0.0,1.0,1.0,1.0,0.0,1.0,0.0,0.0,0.0,0.0,,,,0.0,0.0,0.0,0.0,0.0,1.0,0.0,1.0,1.0,0.0,1.0,1.0,1.0,,0.0,0.0,,0.0,0.0,1.0,1.0,0.0,1.0,1.0,0.0,0.0,0.0,,0.0,,,,0.0,1.0,,1.0,1.0,0.0,0.0,0.0,1.0,1.0,1.0,1.0,1.0,1.0,1.0,,1.0,,,0.0,1.0,1.0,1.0,1.0,1.0,1.0,1.0,1.0,0.0,0.0,0.0,0.0,0.0,1.0,0.0,1.0,1.0,1.0,1.0,0.0,1.0,1.0,,0.0,1.0,1.0,,1.0,1.0,0.0,0.0,1.0,0.0,0.0,1.0,1.0,1.0,,0.0,0.0,1.0,,1.0,1.0,1.0,0.0,,1.0,0.0,1.0,1.0,,,,0.0,1.0,1.0,,,,1.0,,1.0,1.0,,,0.0,,,1.0,1.0,1.0,1.0
Anthony Garotinho,1.0,1.0,1.0,1.0,,1.0,1.0,0.0,1.0,1.0,1.0,1.0,1.0,,1.0,1.0,1.0,1.0,,1.0,1.0,1.0,0.0,1.0,1.0,,1.0,0.0,1.0,1.0,1.0,,1.0,0.0,1.0,0.0,1.0,0.0,0.0,0.0,1.0,0.0,,1.0,1.0,1.0,1.0,1.0,1.0,1.0,1.0,0.0,0.0,1.0,,1.0,1.0,1.0,0.0,0.0,0.0,0.0,1.0,,0.0,0.0,0.0,1.0,0.0,,1.0,,0.0,1.0,0.0,1.0,,0.0,0.0,0.0,0.0,1.0,1.0,,,0.0,0.0,0.0,1.0,0.0,,0.0,1.0,1.0,1.0,1.0,0.0,0.0,0.0,0.0,0.0,,,,1.0,1.0,0.0,0.0,,0.0,1.0,0.0,1.0,1.0,0.0,,,,,,0.0,0.0,1.0,,1.0,0.0,0.0,1.0,,,,,,,,,,,,1.0,1.0,1.0,0.0,1.0,0.0,0.0,0.0,1.0,,,1.0,0.0,1.0,1.0,1.0,1.0,,0.0,1.0,0.0,0.0,1.0,,0.0,,,0.0,,,,,,0.0,1.0,1.0,0.0,0.0,1.0,1.0,1.0,,1.0,,,1.0,1.0,1.0,1.0,0.0,1.0,1.0,1.0,0.0,1.0,0.0,,1.0,0.0,0.0,0.0,1.0,0.0,1.0,,0.0,1.0,1.0,1.0,1.0,1.0,0.0,1.0,0.0,0.0,,1.0,1.0,1.0,0.0,0.0,0.0,0.0,1.0,0.0,0.0,,0.0,,0.0,0.0,1.0,1.0,0.0,0.0,0.0,0.0,0.0,1.0,1.0,1.0,,1.0,1.0,0.0,1.0,0.0,0.0,0.0,1.0,0.0,,0.0,1.0,0.0,1.0,,0.0,0.0,0.0,1.0,,1.0,1.0,1.0,1.0,0.0,1.0,1.0,,,1.0,1.0,1.0,1.0,1.0,1.0,1.0,0.0,0.0,0.0,0.0,0.0,0.0,0.0,1.0,0.0,,1.0,1.0,1.0,0.0,1.0,1.0,1.0,0.0,1.0,0.0,0.0,0.0,1.0,0.0,1.0,,0.0,,1.0,1.0,1.0,1.0,0.0,0.0,1.0,1.0,1.0,,,0.0,0.0,1.0,,,,0.0,0.0,0.0,1.0,1.0,0.0,,,0.0,0.0,1.0,1.0,,,,,,0.0,,,,
Antonio Balhmann,,1.0,1.0,0.0,0.0,0.0,,1.0,1.0,,1.0,1.0,1.0,0.0,,,0.0,,,1.0,,,,1.0,1.0,1.0,1.0,0.0,0.0,0.0,,,,,1.0,1.0,1.0,,,,,1.0,0.0,,,,1.0,1.0,1.0,,1.0,0.0,0.0,1.0,1.0,,,1.0,0.0,0.0,0.0,,,,,0.0,,0.0,0.0,1.0,1.0,0.0,1.0,1.0,0.0,,0.0,0.0,0.0,0.0,1.0,1.0,1.0,,1.0,1.0,,1.0,1.0,,,,,,1.0,1.0,,0.0,,,,0.0,0.0,1.0,0.0,1.0,0.0,,,0.0,1.0,0.0,1.0,1.0,0.0,0.0,0.0,0.0,1.0,0.0,1.0,1.0,0.0,,0.0,1.0,1.0,0.0,0.0,,1.0,1.0,,,1.0,1.0,,,1.0,0.0,0.0,0.0,0.0,1.0,0.0,1.0,,1.0,,,1.0,,1.0,0.0,,0.0,,1.0,1.0,,,0.0,0.0,1.0,1.0,1.0,,0.0,1.0,,,,1.0,1.0,,,,,,1.0,,1.0,,,,1.0,1.0,1.0,,1.0,1.0,1.0,,,0.0,0.0,,,,,,,,1.0,,1.0,0.0,1.0,,,,1.0,0.0,1.0,1.0,,1.0,1.0,0.0,0.0,0.0,0.0,0.0,,,,,1.0,,,1.0,1.0,0.0,0.0,0.0,0.0,0.0,1.0,,,,1.0,,0.0,0.0,,0.0,,1.0,,1.0,,,,1.0,1.0,,,,1.0,1.0,,,,,,1.0,,0.0,,0.0,1.0,,,,1.0,1.0,0.0,1.0,0.0,0.0,,0.0,0.0,,,1.0,1.0,1.0,1.0,,,,,0.0,,1.0,0.0,1.0,,0.0,,,0.0,1.0,0.0,0.0,,0.0,0.0,,1.0,0.0,,1.0,,,0.0,1.0,0.0,,,0.0,1.0,0.0,,,,,0.0,,1.0,1.0,1.0,0.0,1.0,0.0,,,0.0,,1.0,,1.0
Antonio Brito,1.0,1.0,1.0,1.0,0.0,0.0,0.0,1.0,,1.0,1.0,,1.0,0.0,0.0,1.0,0.0,1.0,,1.0,1.0,0.0,0.0,1.0,1.0,1.0,1.0,1.0,0.0,0.0,0.0,1.0,1.0,0.0,1.0,1.0,1.0,0.0,0.0,0.0,0.0,0.0,,1.0,1.0,1.0,1.0,1.0,1.0,1.0,1.0,0.0,0.0,1.0,1.0,1.0,1.0,1.0,0.0,0.0,,,1.0,1.0,0.0,0.0,0.0,1.0,0.0,,1.0,0.0,1.0,1.0,,1.0,0.0,0.0,0.0,0.0,1.0,1.0,1.0,1.0,1.0,1.0,1.0,1.0,1.0,,,,0.0,0.0,1.0,1.0,,,,1.0,1.0,0.0,0.0,1.0,0.0,1.0,0.0,0.0,0.0,0.0,1.0,1.0,1.0,1.0,0.0,,0.0,,1.0,0.0,1.0,1.0,0.0,0.0,0.0,1.0,1.0,0.0,0.0,,1.0,1.0,1.0,1.0,1.0,1.0,0.0,1.0,1.0,0.0,0.0,0.0,,1.0,0.0,0.0,1.0,1.0,1.0,1.0,1.0,0.0,1.0,1.0,0.0,0.0,,1.0,1.0,1.0,0.0,0.0,0.0,,1.0,1.0,0.0,,1.0,0.0,0.0,0.0,0.0,1.0,1.0,0.0,0.0,0.0,,1.0,1.0,1.0,0.0,,,1.0,1.0,1.0,1.0,1.0,1.0,1.0,0.0,1.0,0.0,0.0,1.0,0.0,0.0,0.0,1.0,0.0,,,0.0,1.0,,1.0,1.0,1.0,1.0,1.0,0.0,1.0,1.0,0.0,1.0,1.0,0.0,1.0,0.0,0.0,0.0,0.0,1.0,0.0,1.0,1.0,0.0,,1.0,1.0,0.0,0.0,0.0,0.0,0.0,1.0,1.0,1.0,0.0,1.0,1.0,0.0,1.0,1.0,1.0,0.0,1.0,,1.0,0.0,1.0,0.0,1.0,1.0,,,,1.0,,,1.0,0.0,0.0,1.0,1.0,1.0,0.0,1.0,0.0,1.0,1.0,0.0,1.0,1.0,1.0,,1.0,,0.0,0.0,0.0,0.0,1.0,0.0,,1.0,1.0,1.0,0.0,1.0,1.0,1.0,0.0,1.0,0.0,0.0,1.0,0.0,1.0,1.0,1.0,0.0,0.0,1.0,1.0,1.0,1.0,,0.0,1.0,1.0,1.0,0.0,0.0,0.0,0.0,1.0,0.0,1.0,,0.0,1.0,0.0,1.0,1.0,0.0,0.0,,0.0,1.0,1.0,1.0,1.0,0.0,,1.0,,0.0,1.0,1.0,,1.0
Antonio Bulhões,1.0,1.0,1.0,1.0,1.0,,,,1.0,1.0,1.0,1.0,1.0,,1.0,1.0,1.0,1.0,1.0,1.0,1.0,0.0,0.0,1.0,1.0,1.0,,1.0,0.0,0.0,0.0,1.0,,0.0,1.0,1.0,,,,,,0.0,0.0,1.0,,1.0,1.0,1.0,1.0,1.0,,0.0,,1.0,1.0,,1.0,,0.0,0.0,0.0,0.0,1.0,,0.0,0.0,0.0,1.0,0.0,1.0,1.0,0.0,1.0,1.0,0.0,1.0,0.0,0.0,0.0,0.0,1.0,1.0,1.0,1.0,1.0,0.0,1.0,,,0.0,0.0,1.0,,,1.0,1.0,,0.0,,0.0,0.0,0.0,0.0,1.0,1.0,,0.0,0.0,0.0,0.0,1.0,1.0,1.0,,0.0,0.0,,0.0,1.0,0.0,1.0,1.0,,,,1.0,1.0,,0.0,0.0,1.0,1.0,1.0,1.0,1.0,1.0,0.0,,1.0,0.0,1.0,1.0,,,0.0,0.0,1.0,1.0,1.0,1.0,1.0,1.0,0.0,0.0,0.0,,1.0,1.0,,1.0,0.0,0.0,0.0,1.0,1.0,1.0,0.0,0.0,1.0,,,,0.0,1.0,1.0,0.0,0.0,0.0,,1.0,1.0,1.0,0.0,0.0,0.0,0.0,1.0,1.0,,,,1.0,1.0,1.0,,,1.0,0.0,,0.0,,0.0,1.0,0.0,0.0,1.0,,,,,,1.0,1.0,1.0,0.0,1.0,1.0,1.0,0.0,0.0,0.0,0.0,0.0,,0.0,0.0,1.0,1.0,0.0,,,,,1.0,0.0,0.0,0.0,,1.0,1.0,0.0,,1.0,0.0,1.0,,,,1.0,,1.0,,1.0,,1.0,1.0,0.0,,,1.0,1.0,1.0,,1.0,1.0,,1.0,1.0,0.0,,0.0,1.0,1.0,1.0,1.0,,,,1.0,0.0,,,0.0,0.0,,,1.0,1.0,,1.0,0.0,1.0,1.0,1.0,0.0,1.0,,,0.0,,,1.0,1.0,,,,,1.0,0.0,1.0,0.0,1.0,0.0,1.0,0.0,1.0,0.0,,1.0,0.0,1.0,,0.0,,0.0,1.0,1.0,,,,,1.0,1.0,,,0.0,,1.0,0.0,,1.0,1.0,1.0,1.0
Antonio Carlos Magalhães Neto,1.0,1.0,1.0,1.0,0.0,,1.0,,1.0,,1.0,1.0,,,,,,,1.0,,,,0.0,1.0,1.0,1.0,1.0,0.0,1.0,1.0,0.0,,,0.0,1.0,1.0,,,,,,,,,,,1.0,1.0,1.0,1.0,0.0,,,1.0,,,,1.0,,,,,0.0,,,,,1.0,1.0,0.0,1.0,,,0.0,1.0,0.0,,,1.0,1.0,0.0,,1.0,,0.0,0.0,,0.0,1.0,,,0.0,1.0,1.0,,0.0,,,,0.0,0.0,,,,1.0,1.0,,,1.0,,,0.0,,,1.0,,,,,,0.0,0.0,1.0,,1.0,0.0,,,,,0.0,0.0,,,,,,1.0,0.0,1.0,1.0,1.0,,,1.0,1.0,1.0,,,,,0.0,1.0,1.0,1.0,1.0,1.0,1.0,1.0,,,,,0.0,,,,,,,,,,,,,,,,,,1.0,,,,,,,,,,,0.0,1.0,,,,,,,,,,,,,,,,,,,,,,,,,,,,,,,,,,,,,,,,,,,,,,,,,,,,,,,,,,,,,,,,,,,,,,,,,,,,,,,,,,,,,,,,,,,,,,,,,,,,,,,,,,,,,,,,,,,,,,,,,,,,,,,,,,,,,,,,,,,,,,,,,,,,,,
Antonio Carlos Mendes Thame,1.0,1.0,1.0,1.0,0.0,,1.0,0.0,1.0,1.0,,1.0,1.0,0.0,0.0,1.0,1.0,1.0,1.0,,1.0,0.0,,,,1.0,1.0,1.0,1.0,1.0,1.0,0.0,1.0,,,1.0,,,0.0,,1.0,1.0,,0.0,1.0,1.0,1.0,1.0,,,,,,1.0,0.0,1.0,,1.0,,,,,0.0,0.0,,,,1.0,1.0,0.0,1.0,1.0,1.0,0.0,1.0,0.0,,,1.0,1.0,0.0,,1.0,,0.0,0.0,0.0,0.0,,,,0.0,,,0.0,,0.0,,0.0,0.0,0.0,,,,,1.0,,,1.0,0.0,,0.0,,1.0,1.0,,,,,,0.0,0.0,1.0,,1.0,0.0,0.0,1.0,,1.0,0.0,0.0,0.0,,0.0,0.0,,,0.0,1.0,1.0,1.0,1.0,1.0,0.0,1.0,,,1.0,0.0,0.0,0.0,1.0,,1.0,0.0,,1.0,1.0,,,,,0.0,0.0,,1.0,1.0,,,,,1.0,0.0,0.0,,,1.0,1.0,1.0,0.0,0.0,,0.0,0.0,1.0,1.0,1.0,,1.0,,,,1.0,1.0,1.0,,1.0,,,,,,0.0,0.0,1.0,1.0,1.0,1.0,0.0,0.0,1.0,1.0,,1.0,0.0,,,,,1.0,1.0,,,,,,,,,,,,,,,,,0.0,0.0,,0.0,1.0,1.0,1.0,,0.0,0.0,1.0,,1.0,1.0,0.0,,,0.0,,,1.0,1.0,1.0,1.0,,1.0,1.0,1.0,1.0,1.0,,,1.0,,,,,,,,1.0,1.0,0.0,,,,,,0.0,,,1.0,0.0,1.0,1.0,1.0,,1.0,0.0,1.0,0.0,0.0,1.0,1.0,1.0,0.0,,,,,1.0,0.0,,0.0,1.0,1.0,0.0,0.0,,,,1.0,0.0,0.0,1.0,1.0,,,1.0,0.0,0.0,1.0,0.0,0.0,1.0,,0.0,0.0,0.0,1.0,1.0,,,1.0,0.0,1.0
Antonio Imbassahy,,1.0,1.0,1.0,1.0,1.0,1.0,1.0,1.0,1.0,,1.0,1.0,,1.0,1.0,1.0,,,1.0,1.0,0.0,0.0,1.0,1.0,1.0,,0.0,1.0,1.0,0.0,0.0,,0.0,1.0,1.0,1.0,0.0,0.0,0.0,1.0,0.0,,1.0,1.0,1.0,1.0,1.0,1.0,1.0,0.0,,,1.0,1.0,0.0,1.0,1.0,,,,,0.0,0.0,,,,1.0,1.0,0.0,1.0,1.0,1.0,,1.0,0.0,,,1.0,1.0,0.0,0.0,1.0,0.0,0.0,0.0,0.0,0.0,1.0,,,0.0,1.0,1.0,0.0,0.0,0.0,0.0,0.0,0.0,0.0,,,,1.0,1.0,,,1.0,0.0,,0.0,1.0,1.0,1.0,,,,0.0,,0.0,,,1.0,1.0,0.0,0.0,1.0,,,0.0,0.0,0.0,0.0,0.0,0.0,,,0.0,1.0,1.0,1.0,1.0,1.0,0.0,1.0,1.0,1.0,1.0,0.0,1.0,0.0,1.0,0.0,1.0,,1.0,0.0,1.0,,,,0.0,0.0,1.0,,,,,0.0,0.0,,0.0,1.0,1.0,,,1.0,,1.0,0.0,0.0,,0.0,0.0,,,1.0,0.0,1.0,1.0,1.0,0.0,1.0,1.0,1.0,1.0,1.0,,,,,,,,1.0,,1.0,1.0,1.0,0.0,1.0,,,1.0,0.0,1.0,1.0,1.0,1.0,1.0,,,,,,,,,,,,,1.0,,,,1.0,0.0,,,0.0,1.0,,1.0,1.0,0.0,,1.0,0.0,,1.0,0.0,,1.0,1.0,0.0,,,1.0,,1.0,,0.0,,1.0,1.0,1.0,,,1.0,1.0,1.0,0.0,1.0,1.0,1.0,0.0,1.0,,0.0,,1.0,,,,0.0,,1.0,,0.0,1.0,1.0,1.0,,1.0,0.0,1.0,0.0,0.0,1.0,1.0,1.0,0.0,1.0,0.0,1.0,1.0,1.0,0.0,,1.0,1.0,1.0,1.0,1.0,,,1.0,1.0,0.0,0.0,1.0,1.0,0.0,1.0,1.0,0.0,0.0,1.0,0.0,0.0,1.0,1.0,1.0,0.0,0.0,1.0,1.0,,1.0,1.0,0.0,1.0
Antônia Lúcia,,,1.0,1.0,0.0,0.0,,1.0,1.0,1.0,,,,0.0,,,1.0,,,,1.0,0.0,0.0,1.0,1.0,,,1.0,,,0.0,,1.0,,,0.0,,,,,,,,1.0,,1.0,,1.0,1.0,1.0,1.0,0.0,0.0,1.0,1.0,1.0,1.0,1.0,,,0.0,,,0.0,,0.0,0.0,1.0,,,1.0,1.0,,,,0.0,0.0,,0.0,0.0,1.0,1.0,1.0,,1.0,1.0,,,,,,,0.0,0.0,1.0,1.0,,,,,,0.0,,,,,,,0.0,0.0,1.0,,,,,0.0,,0.0,1.0,0.0,1.0,1.0,0.0,,,,,,,,,,,,,,0.0,,1.0,,,1.0,,,,1.0,1.0,1.0,,,1.0,0.0,,,,0.0,1.0,,1.0,,,,0.0,,,,,,,,,,0.0,1.0,1.0,,,,,1.0,,,,,,,,,1.0,1.0,1.0,1.0,0.0,,0.0,0.0,1.0,0.0,,,,,1.0,0.0,0.0,1.0,1.0,,,,,1.0,,,1.0,1.0,1.0,1.0,0.0,1.0,0.0,1.0,0.0,0.0,,0.0,1.0,,,1.0,1.0,,,0.0,,0.0,1.0,,1.0,0.0,0.0,1.0,,,,,,,1.0,,1.0,,0.0,1.0,,1.0,0.0,,0.0,1.0,1.0,,,,,,,1.0,,0.0,1.0,,,,,1.0,1.0,0.0,1.0,,,,,,,,,,1.0,1.0,,1.0,,,,1.0,0.0,1.0,,,1.0,1.0,,0.0,,,1.0,1.0,1.0,1.0,0.0,,1.0,1.0,1.0,1.0,0.0,,1.0,1.0,,,,,0.0,1.0,,,0.0,1.0,0.0,0.0,1.0,1.0,1.0,,,1.0,,,,1.0,,1.0
Antônio Andrade,1.0,1.0,1.0,1.0,0.0,0.0,0.0,,1.0,,,1.0,,,,,,,1.0,,,,,,,1.0,0.0,,0.0,0.0,,,,0.0,1.0,1.0,,,,,,,0.0,,,1.0,,1.0,1.0,,,0.0,0.0,1.0,,,,,0.0,,,,1.0,1.0,,,0.0,1.0,1.0,1.0,,0.0,,1.0,,,,,0.0,0.0,1.0,1.0,1.0,,1.0,1.0,1.0,,,0.0,,,,,1.0,1.0,,,,1.0,1.0,,0.0,1.0,1.0,1.0,0.0,,0.0,,1.0,,,,0.0,0.0,0.0,0.0,1.0,0.0,1.0,1.0,0.0,,,1.0,1.0,0.0,0.0,0.0,1.0,1.0,1.0,1.0,1.0,1.0,,,,0.0,0.0,0.0,,,0.0,1.0,,,1.0,,,1.0,0.0,1.0,0.0,,1.0,1.0,0.0,,,,0.0,1.0,,1.0,0.0,,,0.0,,,0.0,,,,0.0,,1.0,,1.0,1.0,0.0,,,,,,1.0,,,,0.0,0.0,,0.0,1.0,,,,,,,,0.0,1.0,,1.0,1.0,,,1.0,0.0,0.0,,,,1.0,,,,,,,,,,,,,,,,,,,,,,,,,,,,,,,,,1.0,,,,,,,,,,,,,,,,,,,,,,,,,,,,,,,,,,,,,,1.0,1.0,,,,,,,,,,,,,,,,,,,1.0,,,,1.0,,1.0,1.0,,,,,1.0,1.0,0.0,1.0,0.0,,,,,,,,,1.0,1.0,,,1.0,1.0,0.0,,,0.0,1.0
Antônio Roberto,,,0.0,0.0,1.0,1.0,,1.0,,1.0,1.0,,1.0,,1.0,0.0,,,1.0,1.0,,,,,,1.0,1.0,1.0,,,,,,0.0,1.0,1.0,,1.0,,,0.0,1.0,,,,,1.0,,1.0,1.0,,,,1.0,1.0,,1.0,,,,,,0.0,0.0,,,,1.0,0.0,,,0.0,,0.0,1.0,0.0,0.0,0.0,0.0,0.0,1.0,1.0,1.0,,1.0,1.0,,1.0,1.0,,,,,,1.0,1.0,,,,1.0,1.0,0.0,0.0,1.0,1.0,1.0,0.0,0.0,,0.0,1.0,1.0,,,,0.0,0.0,0.0,,,,,,0.0,0.0,1.0,1.0,0.0,,,,,,,,,0.0,,1.0,,,,,,1.0,,1.0,,,,,,,0.0,0.0,0.0,1.0,1.0,1.0,,0.0,0.0,0.0,1.0,,,,,1.0,,,,0.0,1.0,,,,0.0,1.0,,1.0,0.0,,0.0,1.0,,,,,1.0,1.0,1.0,1.0,0.0,,,,,0.0,,,,,,,,,,,,,,1.0,1.0,1.0,1.0,,1.0,0.0,,,,,0.0,,0.0,1.0,1.0,,,,,,,0.0,0.0,0.0,1.0,1.0,1.0,,1.0,,,,,,,,0.0,1.0,0.0,,0.0,1.0,1.0,0.0,,,1.0,,1.0,,1.0,1.0,,1.0,,,,,,,,,,,1.0,,,,,,,,,,1.0,1.0,,,,1.0,1.0,,1.0,,,,,,0.0,,,,,,1.0,,,,,,,,,0.0,,,,,,,,,,,1.0,0.0,1.0,,,,,,,,,,,,,,
Aníbal Gomes,,,1.0,1.0,,,,,,,,,1.0,,,,0.0,1.0,,1.0,1.0,1.0,0.0,1.0,1.0,1.0,,,,,,1.0,1.0,,,,,,,,,,,,,,,,1.0,1.0,,0.0,,,0.0,,1.0,,,0.0,0.0,0.0,,1.0,0.0,0.0,0.0,1.0,,,,0.0,1.0,1.0,0.0,1.0,0.0,,0.0,0.0,1.0,1.0,1.0,,1.0,1.0,,,,0.0,0.0,,,,,,,,0.0,1.0,1.0,,,1.0,,0.0,0.0,0.0,0.0,0.0,,,1.0,,,,0.0,,,0.0,1.0,,0.0,0.0,0.0,1.0,1.0,,0.0,0.0,,,,1.0,1.0,1.0,0.0,,1.0,0.0,,,,,,1.0,,,1.0,0.0,1.0,,,,,,1.0,,,,,,,,1.0,,,,,,,,,,,,,,,1.0,,0.0,0.0,,,1.0,1.0,1.0,1.0,1.0,,1.0,1.0,1.0,,,,,,,1.0,0.0,1.0,,,1.0,,,,,,1.0,,,0.0,0.0,,1.0,,,,,,0.0,,,1.0,1.0,,,,,0.0,0.0,0.0,,,0.0,,,0.0,1.0,1.0,,1.0,0.0,0.0,0.0,1.0,,,,,0.0,1.0,1.0,0.0,,,,,1.0,,0.0,0.0,1.0,,1.0,0.0,1.0,1.0,,,,,1.0,1.0,0.0,1.0,0.0,,0.0,0.0,,,,1.0,,1.0,1.0,,1.0,1.0,1.0,0.0,,0.0,1.0,1.0,0.0,1.0,1.0,,,,,0.0,1.0,,1.0,,1.0,,,,1.0,0.0,0.0,,0.0,,1.0,,,,,1.0,0.0,0.0,1.0,,,1.0,1.0,0.0,0.0,0.0,,,,1.0,1.0,0.0,1.0
Aracely de Paula,1.0,1.0,1.0,1.0,0.0,0.0,,0.0,1.0,1.0,,,,,,1.0,,,,1.0,1.0,0.0,0.0,1.0,1.0,1.0,,1.0,0.0,0.0,,1.0,1.0,0.0,1.0,1.0,1.0,0.0,1.0,0.0,1.0,0.0,,,1.0,,1.0,1.0,,,,,,1.0,0.0,1.0,,,,,0.0,0.0,,,,,,,,,,,1.0,,0.0,1.0,0.0,0.0,0.0,0.0,1.0,,,,1.0,1.0,1.0,1.0,1.0,,0.0,1.0,,,1.0,1.0,0.0,0.0,0.0,0.0,0.0,,0.0,1.0,,,0.0,0.0,,0.0,1.0,1.0,1.0,,,0.0,0.0,0.0,1.0,0.0,1.0,1.0,0.0,0.0,0.0,1.0,,0.0,0.0,0.0,1.0,1.0,1.0,1.0,1.0,1.0,0.0,,,0.0,0.0,0.0,0.0,,1.0,1.0,1.0,1.0,,1.0,,0.0,1.0,1.0,0.0,0.0,1.0,1.0,,1.0,,0.0,,0.0,1.0,,0.0,,,0.0,,0.0,0.0,,,,,,,,,1.0,,,1.0,,1.0,,1.0,1.0,1.0,,0.0,,,,,,1.0,0.0,1.0,,,,0.0,1.0,,1.0,1.0,1.0,1.0,1.0,0.0,0.0,,,,,,0.0,,0.0,,0.0,1.0,0.0,0.0,1.0,0.0,0.0,1.0,1.0,0.0,,0.0,,0.0,,1.0,1.0,0.0,,1.0,0.0,1.0,0.0,0.0,0.0,,0.0,,,1.0,,1.0,1.0,,,,,,,,1.0,1.0,,1.0,1.0,1.0,1.0,1.0,1.0,1.0,1.0,1.0,1.0,1.0,0.0,,0.0,0.0,,,,,,1.0,1.0,1.0,,0.0,1.0,,,0.0,1.0,0.0,0.0,0.0,1.0,0.0,,,,1.0,0.0,1.0,1.0,,1.0,,1.0,,,,,0.0,0.0,1.0,0.0,1.0,1.0,,,0.0,,1.0,0.0,,1.0,0.0,1.0,,1.0,1.0,,,1.0,0.0,,,,,
Ariosto Holanda,1.0,,1.0,0.0,1.0,1.0,0.0,1.0,1.0,1.0,,1.0,1.0,0.0,0.0,1.0,0.0,1.0,,0.0,0.0,0.0,1.0,1.0,1.0,1.0,1.0,,,,,1.0,1.0,0.0,1.0,1.0,1.0,0.0,0.0,0.0,0.0,1.0,0.0,1.0,1.0,1.0,1.0,1.0,1.0,1.0,,,,,0.0,0.0,1.0,1.0,0.0,0.0,,0.0,,,,,,1.0,0.0,1.0,1.0,0.0,,1.0,0.0,1.0,0.0,0.0,0.0,0.0,1.0,,1.0,1.0,1.0,1.0,1.0,1.0,1.0,0.0,0.0,1.0,0.0,0.0,,,0.0,0.0,0.0,1.0,1.0,0.0,0.0,1.0,1.0,1.0,0.0,0.0,0.0,0.0,,0.0,1.0,1.0,0.0,0.0,0.0,0.0,1.0,0.0,1.0,1.0,0.0,0.0,,1.0,1.0,0.0,0.0,0.0,1.0,1.0,1.0,1.0,1.0,1.0,,1.0,1.0,0.0,0.0,0.0,0.0,1.0,,,,,1.0,0.0,1.0,,0.0,0.0,0.0,,1.0,1.0,1.0,1.0,0.0,0.0,0.0,1.0,1.0,1.0,,0.0,1.0,0.0,0.0,0.0,0.0,1.0,1.0,0.0,0.0,0.0,1.0,1.0,1.0,1.0,0.0,0.0,,1.0,1.0,0.0,1.0,0.0,1.0,1.0,0.0,1.0,0.0,0.0,1.0,1.0,,0.0,,0.0,,0.0,1.0,,,,,,,1.0,1.0,0.0,1.0,1.0,1.0,1.0,0.0,0.0,0.0,0.0,0.0,0.0,1.0,0.0,0.0,1.0,0.0,0.0,1.0,1.0,,0.0,0.0,0.0,0.0,1.0,1.0,1.0,,1.0,1.0,0.0,0.0,1.0,0.0,0.0,1.0,,1.0,0.0,1.0,0.0,1.0,1.0,0.0,,,1.0,1.0,1.0,0.0,0.0,0.0,1.0,1.0,1.0,0.0,1.0,0.0,1.0,1.0,0.0,1.0,1.0,1.0,1.0,1.0,0.0,0.0,,0.0,0.0,1.0,0.0,1.0,1.0,1.0,1.0,,1.0,1.0,1.0,0.0,1.0,1.0,0.0,1.0,1.0,0.0,,1.0,1.0,1.0,,0.0,1.0,0.0,0.0,0.0,1.0,0.0,1.0,,,0.0,0.0,,0.0,1.0,1.0,0.0,0.0,0.0,0.0,1.0,1.0,,0.0,0.0,1.0,1.0,,,1.0,1.0,1.0,0.0,0.0,1.0,1.0,1.0,1.0
Arlindo Chinaglia,1.0,1.0,1.0,0.0,1.0,1.0,0.0,1.0,1.0,1.0,1.0,1.0,,,0.0,0.0,,1.0,1.0,0.0,0.0,1.0,,1.0,,,1.0,1.0,,,,,1.0,1.0,,1.0,1.0,0.0,0.0,,,1.0,,0.0,,1.0,,,1.0,1.0,1.0,0.0,,1.0,,0.0,1.0,,0.0,,0.0,,1.0,,0.0,0.0,0.0,,,,1.0,0.0,1.0,1.0,,1.0,,0.0,0.0,0.0,1.0,1.0,1.0,1.0,1.0,1.0,1.0,1.0,1.0,0.0,0.0,1.0,,,1.0,1.0,0.0,,0.0,1.0,,,,1.0,0.0,,,0.0,0.0,0.0,,1.0,,,0.0,0.0,,,1.0,0.0,1.0,1.0,0.0,0.0,0.0,1.0,1.0,0.0,,,1.0,1.0,1.0,1.0,1.0,1.0,0.0,1.0,,0.0,0.0,0.0,,,0.0,0.0,,1.0,,,,,0.0,0.0,0.0,0.0,1.0,,0.0,1.0,0.0,0.0,0.0,1.0,1.0,,0.0,,,0.0,0.0,,,0.0,0.0,0.0,,0.0,,1.0,1.0,,0.0,0.0,0.0,1.0,1.0,1.0,1.0,0.0,,,,0.0,0.0,0.0,,0.0,0.0,0.0,,0.0,1.0,,,1.0,,0.0,1.0,,,1.0,0.0,0.0,0.0,0.0,1.0,,0.0,0.0,0.0,0.0,0.0,0.0,,0.0,1.0,1.0,0.0,1.0,1.0,1.0,0.0,0.0,0.0,0.0,0.0,,1.0,1.0,0.0,1.0,,,,0.0,0.0,,1.0,0.0,1.0,0.0,1.0,0.0,,1.0,0.0,,0.0,1.0,,1.0,1.0,,,,1.0,1.0,0.0,1.0,0.0,1.0,,,1.0,1.0,1.0,1.0,1.0,0.0,,0.0,0.0,0.0,1.0,0.0,1.0,1.0,1.0,1.0,0.0,1.0,1.0,1.0,,1.0,,,,,,,,,,,,1.0,0.0,0.0,,1.0,0.0,1.0,,1.0,,,1.0,0.0,1.0,1.0,,1.0,,,,,,0.0,0.0,1.0,1.0,,,,,0.0,1.0,,1.0,,,1.0
Armando Abílio,1.0,1.0,,,,,,,1.0,,,,,,,,,,,,,,,,,,,1.0,0.0,0.0,0.0,,,,,1.0,,,,,,,0.0,,,,,,,,,,,1.0,,,,,,,,,,,,,,,,,,,,,,,,,,,,,,,,,,,,,,,,,,,,,,,,,,,,,,,,,1.0,,,,,,,,,,,,,,,,,,,,,,,,,,,,,,0.0,0.0,,,,,,,,,,1.0,0.0,0.0,0.0,,,,,,,,,,,1.0,,,,,,,,,,,,,,,1.0,,,0.0,,,,,,,,,,,,,,,,,,,,,,,,,,,,,,,,,,,,,,,,,,,,,,,,,,,,,,,,,,,,,,,,,,,,,,,,,,,,,,,,,,,,,,,,,,,,,,,,,,,,,,,,,,,,,,,,,,,,,,,,,,,,,,,,,,,,,,,,,,,,,,,,,,,,,,,,,,,,,,,,
Armando Vergílio,1.0,1.0,,,0.0,0.0,,,1.0,1.0,1.0,1.0,1.0,0.0,1.0,1.0,1.0,,1.0,1.0,1.0,0.0,,,1.0,,,1.0,0.0,0.0,0.0,1.0,,,,1.0,1.0,,0.0,0.0,0.0,0.0,0.0,,,,,1.0,1.0,1.0,,,,1.0,,,,,0.0,,0.0,0.0,,,,,,,,,,,1.0,,,,,,0.0,0.0,,,1.0,,,,,,,,,,,,1.0,1.0,,,,,,,0.0,1.0,,,0.0,0.0,,0.0,1.0,0.0,1.0,1.0,,,0.0,0.0,1.0,0.0,1.0,1.0,0.0,0.0,,1.0,1.0,0.0,,0.0,1.0,1.0,1.0,1.0,1.0,1.0,0.0,1.0,0.0,0.0,1.0,1.0,0.0,1.0,1.0,1.0,,1.0,1.0,1.0,,0.0,,,,0.0,1.0,,0.0,,,,0.0,0.0,1.0,1.0,0.0,,,0.0,0.0,0.0,0.0,1.0,1.0,,,,,1.0,0.0,1.0,0.0,0.0,,1.0,1.0,1.0,,1.0,1.0,1.0,0.0,1.0,1.0,1.0,1.0,0.0,0.0,0.0,1.0,0.0,1.0,1.0,1.0,1.0,1.0,1.0,1.0,,0.0,1.0,1.0,1.0,1.0,0.0,,1.0,1.0,0.0,0.0,,,0.0,,0.0,1.0,1.0,,,1.0,,0.0,1.0,,0.0,0.0,1.0,1.0,0.0,0.0,1.0,1.0,,1.0,0.0,1.0,,,,1.0,1.0,0.0,1.0,,1.0,0.0,0.0,0.0,1.0,1.0,1.0,1.0,1.0,1.0,0.0,1.0,1.0,0.0,1.0,1.0,,,,,1.0,1.0,0.0,1.0,,0.0,,,,,,,1.0,1.0,,0.0,,1.0,1.0,,1.0,,1.0,,0.0,,1.0,,,0.0,1.0,1.0,,1.0,,,1.0,1.0,1.0,1.0,1.0,,,1.0,,,,1.0,1.0,0.0,1.0,1.0,0.0,0.0,1.0,0.0,0.0,,1.0,1.0,0.0,0.0,,,0.0,1.0,,0.0,
Arnaldo Faria de Sá,1.0,1.0,1.0,0.0,0.0,0.0,0.0,,1.0,1.0,1.0,1.0,1.0,0.0,,1.0,0.0,1.0,1.0,0.0,0.0,0.0,0.0,1.0,1.0,1.0,1.0,0.0,,1.0,1.0,,1.0,0.0,1.0,1.0,1.0,0.0,0.0,0.0,,,0.0,1.0,,1.0,1.0,1.0,1.0,,1.0,0.0,0.0,1.0,0.0,1.0,1.0,1.0,0.0,0.0,0.0,0.0,1.0,1.0,0.0,0.0,0.0,1.0,1.0,0.0,1.0,1.0,1.0,0.0,1.0,0.0,0.0,0.0,0.0,1.0,0.0,0.0,0.0,1.0,1.0,1.0,1.0,1.0,,0.0,0.0,1.0,0.0,0.0,1.0,0.0,0.0,0.0,0.0,,0.0,1.0,,,1.0,1.0,0.0,0.0,0.0,,1.0,0.0,,,1.0,0.0,0.0,,1.0,0.0,0.0,,,0.0,,,,,,,,,,,,,0.0,0.0,1.0,1.0,0.0,0.0,,,1.0,0.0,0.0,1.0,1.0,1.0,1.0,1.0,1.0,1.0,,0.0,1.0,1.0,1.0,0.0,0.0,0.0,0.0,1.0,0.0,0.0,1.0,0.0,1.0,0.0,0.0,,0.0,1.0,1.0,0.0,0.0,1.0,1.0,1.0,0.0,1.0,0.0,1.0,0.0,0.0,0.0,1.0,1.0,1.0,1.0,1.0,,1.0,0.0,0.0,1.0,0.0,,0.0,1.0,1.0,1.0,1.0,1.0,0.0,0.0,1.0,1.0,1.0,1.0,1.0,0.0,1.0,1.0,1.0,1.0,1.0,0.0,1.0,1.0,,,0.0,0.0,0.0,1.0,1.0,0.0,1.0,1.0,,0.0,0.0,0.0,,1.0,1.0,0.0,1.0,0.0,1.0,1.0,1.0,1.0,1.0,1.0,,1.0,,1.0,,,,1.0,1.0,0.0,0.0,,1.0,1.0,1.0,1.0,,,,1.0,1.0,,,,1.0,,,,1.0,1.0,0.0,1.0,1.0,0.0,0.0,0.0,0.0,,,1.0,0.0,1.0,1.0,0.0,1.0,1.0,1.0,,1.0,1.0,0.0,1.0,1.0,0.0,1.0,1.0,0.0,,,1.0,1.0,1.0,1.0,,0.0,1.0,1.0,1.0,1.0,0.0,0.0,1.0,1.0,0.0,1.0,0.0,0.0,0.0,1.0,1.0,0.0,0.0,1.0,0.0,1.0,1.0,1.0,1.0,,,1.0,1.0,1.0,1.0,1.0,0.0,1.0
Arnaldo Jardim,1.0,1.0,1.0,1.0,0.0,0.0,,,1.0,1.0,1.0,,1.0,0.0,1.0,0.0,1.0,,1.0,1.0,1.0,,0.0,1.0,1.0,1.0,1.0,1.0,0.0,1.0,,1.0,1.0,0.0,1.0,1.0,0.0,,,,1.0,0.0,0.0,1.0,1.0,1.0,1.0,1.0,1.0,,,1.0,1.0,,0.0,0.0,,,,,,0.0,0.0,0.0,,,,1.0,1.0,,1.0,1.0,,0.0,1.0,,0.0,1.0,1.0,1.0,0.0,0.0,0.0,,0.0,0.0,,,1.0,1.0,,0.0,1.0,1.0,0.0,,0.0,,0.0,1.0,1.0,,,,,1.0,,,,0.0,0.0,,1.0,1.0,,,,,,,,,,,,0.0,0.0,1.0,,,,,,,,,,,0.0,1.0,1.0,1.0,1.0,1.0,0.0,1.0,1.0,,,0.0,1.0,0.0,0.0,0.0,1.0,0.0,1.0,1.0,,,,,,,,1.0,,1.0,1.0,,,,0.0,1.0,,0.0,,1.0,1.0,1.0,0.0,,0.0,0.0,1.0,1.0,1.0,0.0,0.0,1.0,1.0,,,,1.0,0.0,,1.0,,,,0.0,,1.0,1.0,,,,,,,1.0,1.0,,,0.0,,,0.0,1.0,,1.0,1.0,,0.0,,,1.0,,,,,,0.0,,,1.0,1.0,0.0,,1.0,,,1.0,0.0,0.0,0.0,0.0,1.0,,,,,,,1.0,,,,1.0,1.0,,0.0,,,,,1.0,,,,1.0,1.0,1.0,1.0,1.0,1.0,0.0,,1.0,,,,,,,,,1.0,,,,,1.0,,1.0,,1.0,0.0,0.0,,,1.0,,,,,,0.0,0.0,,,0.0,1.0,1.0,1.0,1.0,,1.0,1.0,0.0,0.0,1.0,1.0,0.0,1.0,,0.0,0.0,1.0,1.0,0.0,1.0,,,0.0,0.0,1.0,0.0,,1.0,1.0,,1.0
Arnaldo Jordy,1.0,1.0,0.0,0.0,1.0,1.0,,1.0,1.0,1.0,,,,0.0,1.0,0.0,,1.0,,1.0,1.0,,,1.0,1.0,,1.0,0.0,0.0,,1.0,0.0,1.0,0.0,,1.0,1.0,0.0,0.0,,0.0,0.0,0.0,1.0,1.0,1.0,,1.0,1.0,,,0.0,,0.0,1.0,0.0,,,,,,0.0,,0.0,,,,1.0,,,,,0.0,,1.0,,,1.0,1.0,1.0,0.0,1.0,0.0,1.0,0.0,,0.0,,,,,,,,0.0,0.0,,,,,,,,,1.0,,,,,0.0,0.0,0.0,,1.0,,,,,,,,,,,,,,,,,,,,,,,,0.0,,1.0,1.0,1.0,1.0,1.0,1.0,1.0,,1.0,1.0,0.0,1.0,0.0,0.0,,,,1.0,,1.0,0.0,,,,0.0,1.0,1.0,1.0,,1.0,0.0,,,,,1.0,0.0,,,,1.0,,0.0,,,1.0,1.0,1.0,0.0,0.0,1.0,1.0,1.0,0.0,,1.0,,,1.0,,,,,,,1.0,1.0,1.0,1.0,1.0,1.0,,,1.0,,1.0,1.0,,,0.0,1.0,,1.0,,,,1.0,,,,,,,,1.0,,,0.0,1.0,0.0,0.0,1.0,1.0,1.0,,0.0,1.0,1.0,0.0,1.0,,1.0,1.0,1.0,1.0,1.0,1.0,0.0,,,1.0,,,0.0,,,,1.0,1.0,,0.0,,1.0,1.0,0.0,1.0,1.0,1.0,0.0,1.0,,,,,,1.0,0.0,0.0,1.0,1.0,1.0,0.0,1.0,1.0,1.0,,1.0,1.0,,0.0,,,1.0,1.0,1.0,,,0.0,1.0,,0.0,,0.0,,,1.0,1.0,,,1.0,1.0,0.0,0.0,,,0.0,1.0,1.0,0.0,0.0,1.0,1.0,0.0,1.0,1.0,1.0,0.0,0.0,1.0,0.0,,1.0,1.0,1.0,1.0
Arnon Bezerra,1.0,1.0,1.0,0.0,0.0,,0.0,1.0,1.0,,1.0,1.0,,,,,,1.0,,,,1.0,,1.0,1.0,1.0,1.0,1.0,,0.0,,,,,1.0,1.0,,,,,,,0.0,1.0,,1.0,1.0,1.0,1.0,,,,,1.0,0.0,1.0,1.0,1.0,,0.0,,,,1.0,,0.0,0.0,1.0,,1.0,,0.0,1.0,,0.0,1.0,,,0.0,0.0,1.0,1.0,1.0,1.0,1.0,1.0,1.0,1.0,,0.0,0.0,,,0.0,1.0,,,0.0,,,1.0,,,1.0,1.0,,0.0,0.0,0.0,,1.0,,1.0,1.0,,,0.0,,,,,,,0.0,,,,0.0,,0.0,,1.0,1.0,1.0,1.0,1.0,,1.0,1.0,,0.0,0.0,0.0,1.0,1.0,1.0,,,,,1.0,0.0,,1.0,0.0,,,,1.0,,,0.0,,0.0,,,,,,,,,,1.0,1.0,,,0.0,,1.0,,1.0,,,,1.0,1.0,,,1.0,1.0,1.0,,1.0,,,1.0,,,,1.0,,,1.0,1.0,1.0,,,,1.0,1.0,1.0,,,,,1.0,,,0.0,0.0,1.0,0.0,0.0,,0.0,1.0,1.0,0.0,1.0,1.0,,,,0.0,,1.0,,1.0,1.0,0.0,1.0,,,1.0,,1.0,0.0,1.0,1.0,1.0,,1.0,0.0,1.0,,0.0,,,1.0,,1.0,1.0,0.0,0.0,1.0,1.0,1.0,0.0,,0.0,0.0,,,,,,1.0,1.0,0.0,0.0,,,,,,,1.0,1.0,1.0,0.0,,1.0,1.0,0.0,1.0,,,1.0,,1.0,1.0,,1.0,,,0.0,,,1.0,0.0,1.0,,,1.0,1.0,,0.0,,,1.0,,,,,1.0,,,0.0,,0.0,,1.0,,,0.0,0.0,,1.0,0.0,1.0,,0.0,1.0
Arolde de Oliveira,1.0,1.0,1.0,1.0,0.0,0.0,,,1.0,1.0,1.0,1.0,1.0,0.0,0.0,1.0,1.0,,,1.0,1.0,,0.0,1.0,,1.0,1.0,1.0,,,,1.0,1.0,0.0,1.0,1.0,0.0,1.0,,0.0,,,0.0,,1.0,,1.0,1.0,1.0,1.0,,,,,0.0,,,1.0,,,,,,,,,,1.0,1.0,0.0,1.0,1.0,0.0,0.0,,,,,1.0,1.0,,,1.0,1.0,,0.0,0.0,0.0,1.0,,,0.0,1.0,1.0,1.0,1.0,,,,0.0,0.0,,,,1.0,0.0,,,1.0,0.0,,0.0,,1.0,,0.0,0.0,0.0,1.0,0.0,1.0,1.0,0.0,,0.0,1.0,1.0,0.0,0.0,0.0,1.0,1.0,1.0,1.0,1.0,1.0,,1.0,0.0,,1.0,,,,0.0,0.0,,,,1.0,,0.0,1.0,1.0,0.0,1.0,1.0,1.0,0.0,1.0,,0.0,0.0,0.0,0.0,1.0,0.0,,,,0.0,0.0,0.0,1.0,1.0,0.0,,,1.0,,0.0,1.0,0.0,0.0,,1.0,,,0.0,1.0,1.0,1.0,1.0,,,1.0,,0.0,0.0,,1.0,,,1.0,1.0,1.0,1.0,1.0,1.0,1.0,,1.0,,1.0,1.0,,1.0,1.0,1.0,0.0,0.0,,,,1.0,0.0,,,,,,,,0.0,,0.0,1.0,1.0,1.0,0.0,0.0,1.0,,,,,,,,0.0,1.0,1.0,0.0,,1.0,,0.0,0.0,0.0,1.0,1.0,1.0,1.0,0.0,0.0,1.0,1.0,1.0,,,,1.0,,1.0,1.0,1.0,,0.0,,1.0,0.0,,,,,,,0.0,,,0.0,1.0,1.0,1.0,0.0,1.0,,,,0.0,1.0,1.0,1.0,0.0,,1.0,1.0,,,,,,,,1.0,,0.0,0.0,,1.0,0.0,0.0,,,,1.0,1.0,0.0,,,0.0,,1.0,,,0.0,0.0,,,,1.0,,,1.0
Arthur Lira,1.0,1.0,1.0,0.0,1.0,1.0,0.0,1.0,1.0,1.0,1.0,1.0,1.0,0.0,,,0.0,,1.0,1.0,1.0,1.0,0.0,,1.0,1.0,,1.0,0.0,0.0,0.0,1.0,1.0,0.0,1.0,1.0,1.0,,0.0,,0.0,0.0,0.0,1.0,1.0,,1.0,1.0,,1.0,1.0,0.0,,1.0,,,,,,0.0,0.0,0.0,1.0,1.0,0.0,0.0,,0.0,1.0,,1.0,,1.0,1.0,0.0,1.0,0.0,0.0,0.0,0.0,1.0,,1.0,1.0,1.0,1.0,,,1.0,0.0,0.0,,0.0,0.0,,1.0,0.0,,0.0,1.0,1.0,0.0,0.0,1.0,1.0,1.0,0.0,0.0,0.0,0.0,1.0,1.0,,,0.0,,0.0,,1.0,0.0,1.0,1.0,0.0,,0.0,1.0,1.0,0.0,0.0,0.0,1.0,,1.0,1.0,1.0,1.0,0.0,1.0,1.0,0.0,0.0,0.0,0.0,1.0,0.0,1.0,1.0,,,0.0,1.0,0.0,,0.0,0.0,0.0,,,0.0,1.0,0.0,,0.0,1.0,1.0,,1.0,,1.0,0.0,,,,,1.0,,,0.0,,,1.0,1.0,0.0,0.0,0.0,,,,,0.0,1.0,,,0.0,0.0,0.0,1.0,0.0,,0.0,1.0,,1.0,,,,0.0,1.0,1.0,1.0,1.0,1.0,0.0,,0.0,0.0,1.0,1.0,0.0,1.0,1.0,1.0,1.0,0.0,1.0,0.0,1.0,1.0,0.0,0.0,1.0,1.0,0.0,0.0,,0.0,1.0,0.0,,,,1.0,,0.0,,0.0,0.0,0.0,1.0,,,,,,,,,,,,,,1.0,0.0,,1.0,,,0.0,,0.0,1.0,1.0,0.0,1.0,1.0,1.0,1.0,1.0,0.0,1.0,0.0,,,,,,0.0,,1.0,,,,,,,0.0,1.0,,,1.0,,,0.0,,1.0,1.0,,,,,,,1.0,1.0,1.0,,,,,,1.0,0.0,0.0,,0.0,,,,,0.0,1.0,,1.0,1.0,,,1.0,1.0,0.0,1.0,1.0,0.0,1.0
Arthur Oliveira Maia,1.0,,1.0,1.0,0.0,,,,,1.0,,1.0,1.0,0.0,1.0,1.0,,1.0,1.0,1.0,,,0.0,,1.0,1.0,1.0,1.0,0.0,0.0,0.0,1.0,1.0,,,1.0,1.0,0.0,,,1.0,0.0,,1.0,,,1.0,1.0,,,1.0,,0.0,,,1.0,,1.0,,0.0,0.0,0.0,,1.0,,0.0,0.0,,,1.0,1.0,0.0,1.0,1.0,0.0,,0.0,0.0,0.0,0.0,1.0,,1.0,1.0,1.0,1.0,1.0,,1.0,0.0,,1.0,,0.0,,1.0,,,,,1.0,,,,0.0,,0.0,0.0,,0.0,,1.0,,1.0,,0.0,0.0,,,0.0,1.0,1.0,0.0,0.0,0.0,,1.0,0.0,,,,1.0,1.0,1.0,1.0,1.0,,,1.0,,0.0,0.0,0.0,1.0,,,,1.0,1.0,,,1.0,0.0,1.0,,,,1.0,0.0,,,,,1.0,,1.0,,0.0,1.0,0.0,0.0,0.0,0.0,,1.0,,,,1.0,,1.0,1.0,,0.0,0.0,,,1.0,,1.0,,1.0,,1.0,,,,,,0.0,1.0,,1.0,,1.0,1.0,,1.0,1.0,1.0,0.0,1.0,0.0,,0.0,,,,1.0,,,,,0.0,,,1.0,1.0,,0.0,,,,0.0,,,1.0,,,1.0,,1.0,1.0,,1.0,1.0,0.0,,1.0,,1.0,,0.0,,1.0,1.0,,,,,1.0,,,0.0,0.0,1.0,1.0,,,,,0.0,1.0,0.0,1.0,,1.0,0.0,1.0,1.0,1.0,,,,,,,1.0,1.0,1.0,0.0,,1.0,1.0,,1.0,,1.0,0.0,,,,,0.0,,,1.0,,1.0,,,1.0,1.0,1.0,1.0,1.0,,,1.0,1.0,,,,,,1.0,1.0,,,,0.0,0.0,1.0,1.0,1.0,0.0,0.0,1.0,,,,1.0,,1.0
Artur Bruno,1.0,,0.0,,1.0,1.0,0.0,1.0,1.0,1.0,,,1.0,0.0,0.0,0.0,0.0,,,0.0,,0.0,,,,1.0,,0.0,0.0,0.0,0.0,,,,1.0,1.0,,0.0,,,0.0,1.0,0.0,1.0,1.0,,1.0,1.0,1.0,,1.0,0.0,0.0,1.0,1.0,0.0,1.0,1.0,0.0,0.0,0.0,0.0,1.0,1.0,0.0,0.0,0.0,1.0,0.0,1.0,1.0,0.0,1.0,,,,0.0,0.0,0.0,0.0,1.0,1.0,1.0,1.0,1.0,1.0,1.0,1.0,1.0,0.0,0.0,1.0,,0.0,1.0,1.0,0.0,0.0,0.0,1.0,,0.0,0.0,1.0,1.0,1.0,,,0.0,,1.0,1.0,1.0,1.0,0.0,,0.0,0.0,1.0,0.0,1.0,1.0,0.0,0.0,0.0,1.0,1.0,0.0,0.0,0.0,1.0,1.0,1.0,1.0,1.0,1.0,0.0,0.0,,,0.0,0.0,0.0,1.0,0.0,0.0,1.0,1.0,1.0,0.0,1.0,,,0.0,0.0,,1.0,1.0,0.0,1.0,,,0.0,1.0,,1.0,0.0,,,,0.0,0.0,0.0,1.0,1.0,0.0,0.0,0.0,,1.0,1.0,0.0,0.0,0.0,1.0,,,1.0,1.0,0.0,1.0,,,1.0,0.0,0.0,,,0.0,0.0,1.0,0.0,1.0,0.0,0.0,1.0,1.0,1.0,1.0,1.0,0.0,1.0,0.0,0.0,0.0,0.0,,,,0.0,0.0,0.0,0.0,0.0,1.0,0.0,1.0,,0.0,1.0,,1.0,,,0.0,0.0,0.0,0.0,1.0,1.0,,,1.0,0.0,0.0,0.0,0.0,0.0,0.0,0.0,,0.0,1.0,,1.0,,1.0,1.0,1.0,0.0,,,1.0,0.0,0.0,1.0,1.0,1.0,0.0,1.0,0.0,1.0,,,,1.0,1.0,1.0,1.0,0.0,0.0,0.0,0.0,0.0,1.0,0.0,,1.0,1.0,1.0,0.0,1.0,1.0,1.0,0.0,1.0,1.0,,1.0,1.0,0.0,0.0,1.0,1.0,,0.0,0.0,1.0,0.0,0.0,0.0,1.0,0.0,1.0,1.0,1.0,,0.0,1.0,0.0,1.0,,0.0,1.0,0.0,0.0,1.0,,,,0.0,1.0,1.0,1.0,0.0,,,0.0,,,,1.0,,1.0
Asdrubal Bentes,1.0,,,,0.0,0.0,0.0,1.0,1.0,1.0,,1.0,1.0,0.0,1.0,1.0,,,1.0,1.0,,1.0,0.0,1.0,1.0,1.0,,1.0,0.0,0.0,0.0,1.0,1.0,0.0,1.0,,1.0,0.0,1.0,1.0,,0.0,0.0,,1.0,,1.0,1.0,1.0,,,,,1.0,0.0,1.0,,1.0,,,,,,,,,,,,,,,,,,,,,,,,,,1.0,,,,,,,,,,,1.0,,,,,,,,,,1.0,1.0,,,,0.0,1.0,1.0,1.0,1.0,0.0,0.0,0.0,0.0,1.0,0.0,1.0,1.0,0.0,0.0,0.0,1.0,1.0,0.0,0.0,,1.0,1.0,1.0,,,1.0,0.0,1.0,1.0,,,,0.0,1.0,0.0,1.0,1.0,,1.0,0.0,,,0.0,1.0,0.0,0.0,1.0,1.0,0.0,,,,,1.0,1.0,1.0,0.0,,,,,,0.0,1.0,,,,,1.0,,1.0,1.0,,,0.0,,,,1.0,1.0,1.0,1.0,1.0,1.0,,,,,0.0,0.0,1.0,0.0,1.0,,,,,,,,,,,0.0,0.0,0.0,,,1.0,1.0,1.0,1.0,1.0,0.0,1.0,,1.0,1.0,0.0,0.0,1.0,0.0,0.0,0.0,,,1.0,,,1.0,,1.0,,,,,,,,,1.0,0.0,0.0,0.0,1.0,1.0,0.0,0.0,0.0,1.0,1.0,1.0,1.0,0.0,0.0,1.0,1.0,1.0,0.0,1.0,1.0,0.0,1.0,0.0,1.0,1.0,1.0,1.0,1.0,,,0.0,0.0,0.0,,,1.0,1.0,,,0.0,,1.0,1.0,,,0.0,,1.0,0.0,1.0,,,1.0,0.0,,0.0,,,,,,,,,,,,1.0,,,,,,,,1.0,0.0,0.0,1.0,,,,,,,,,,,,,,
Assis Carvalho,1.0,1.0,,0.0,1.0,1.0,0.0,1.0,1.0,1.0,,,1.0,,0.0,0.0,,,,1.0,1.0,1.0,0.0,1.0,1.0,1.0,,1.0,,0.0,,1.0,1.0,1.0,1.0,1.0,1.0,0.0,,0.0,0.0,1.0,0.0,1.0,1.0,1.0,1.0,1.0,1.0,1.0,1.0,0.0,,1.0,1.0,,1.0,1.0,0.0,0.0,0.0,0.0,1.0,,,0.0,0.0,,,,,0.0,1.0,1.0,0.0,1.0,0.0,,0.0,0.0,1.0,1.0,1.0,,1.0,1.0,1.0,1.0,1.0,0.0,0.0,1.0,0.0,0.0,1.0,1.0,0.0,0.0,,1.0,1.0,0.0,0.0,1.0,1.0,1.0,0.0,0.0,0.0,0.0,1.0,1.0,,1.0,,0.0,0.0,0.0,1.0,0.0,1.0,1.0,0.0,0.0,,1.0,1.0,0.0,0.0,0.0,1.0,1.0,1.0,1.0,1.0,1.0,0.0,1.0,1.0,0.0,0.0,0.0,0.0,1.0,0.0,1.0,1.0,1.0,1.0,0.0,1.0,,,0.0,0.0,0.0,1.0,1.0,0.0,1.0,,,,,1.0,1.0,0.0,,,,,,0.0,0.0,1.0,,,,,1.0,1.0,0.0,0.0,0.0,1.0,1.0,1.0,0.0,1.0,0.0,1.0,1.0,,0.0,0.0,,1.0,0.0,0.0,0.0,1.0,0.0,1.0,0.0,0.0,1.0,0.0,1.0,1.0,1.0,0.0,1.0,0.0,0.0,0.0,0.0,,,0.0,0.0,0.0,0.0,0.0,0.0,1.0,0.0,1.0,1.0,0.0,1.0,1.0,1.0,0.0,0.0,0.0,0.0,0.0,,,1.0,0.0,1.0,1.0,,0.0,0.0,0.0,0.0,1.0,0.0,,,1.0,,1.0,1.0,0.0,0.0,0.0,1.0,1.0,1.0,1.0,0.0,0.0,1.0,1.0,1.0,,1.0,0.0,,1.0,0.0,1.0,1.0,,1.0,1.0,0.0,0.0,0.0,0.0,0.0,1.0,0.0,1.0,1.0,1.0,1.0,0.0,1.0,1.0,1.0,0.0,1.0,0.0,,1.0,1.0,0.0,0.0,1.0,0.0,0.0,1.0,1.0,1.0,0.0,0.0,0.0,1.0,0.0,1.0,1.0,,0.0,0.0,1.0,0.0,1.0,1.0,0.0,1.0,0.0,0.0,1.0,,,,0.0,1.0,,1.0,,,,,0.0,0.0,1.0,1.0,,1.0
Assis Melo,1.0,1.0,1.0,1.0,0.0,1.0,,,,1.0,,1.0,1.0,,1.0,0.0,0.0,1.0,,1.0,1.0,,0.0,1.0,1.0,1.0,1.0,1.0,0.0,0.0,0.0,1.0,1.0,0.0,1.0,1.0,1.0,1.0,,0.0,0.0,1.0,0.0,1.0,1.0,1.0,1.0,1.0,1.0,,1.0,0.0,0.0,1.0,,,1.0,1.0,0.0,0.0,0.0,0.0,,,,,,1.0,0.0,1.0,1.0,,0.0,,0.0,,0.0,0.0,0.0,0.0,1.0,1.0,1.0,1.0,,,,,,0.0,0.0,1.0,0.0,0.0,1.0,1.0,0.0,0.0,0.0,1.0,1.0,0.0,0.0,1.0,0.0,1.0,0.0,0.0,,0.0,1.0,0.0,,1.0,0.0,,0.0,0.0,1.0,0.0,1.0,1.0,0.0,,0.0,1.0,1.0,0.0,0.0,0.0,1.0,1.0,1.0,1.0,1.0,1.0,0.0,1.0,1.0,0.0,,,0.0,1.0,0.0,1.0,1.0,,1.0,0.0,1.0,,1.0,0.0,0.0,,1.0,1.0,0.0,1.0,,,,,1.0,1.0,0.0,0.0,1.0,0.0,0.0,0.0,0.0,1.0,1.0,0.0,0.0,1.0,1.0,,1.0,0.0,0.0,0.0,1.0,1.0,1.0,0.0,1.0,0.0,1.0,1.0,1.0,,,0.0,,0.0,0.0,0.0,1.0,0.0,1.0,,0.0,1.0,0.0,1.0,1.0,1.0,0.0,1.0,0.0,0.0,1.0,1.0,,,0.0,0.0,0.0,0.0,1.0,,,,,,,,,,,0.0,0.0,0.0,0.0,1.0,1.0,1.0,0.0,1.0,1.0,,,,,0.0,1.0,0.0,,0.0,,0.0,,1.0,0.0,0.0,0.0,1.0,1.0,,1.0,1.0,1.0,1.0,1.0,1.0,0.0,,0.0,,1.0,1.0,1.0,1.0,1.0,,,0.0,0.0,0.0,0.0,0.0,1.0,0.0,1.0,,1.0,1.0,,0.0,1.0,,0.0,1.0,1.0,0.0,0.0,1.0,0.0,,1.0,0.0,0.0,1.0,1.0,1.0,0.0,0.0,0.0,,0.0,1.0,,,0.0,0.0,,0.0,1.0,1.0,0.0,1.0,0.0,0.0,1.0,1.0,,0.0,0.0,1.0,,1.0,1.0,,,0.0,,0.0,,,,
Assis do Couto,1.0,1.0,1.0,0.0,1.0,1.0,0.0,,1.0,,1.0,1.0,1.0,0.0,,0.0,0.0,1.0,1.0,1.0,1.0,1.0,0.0,1.0,1.0,1.0,1.0,1.0,0.0,0.0,0.0,1.0,,0.0,1.0,1.0,1.0,0.0,0.0,0.0,0.0,1.0,0.0,1.0,,,1.0,1.0,1.0,,1.0,0.0,0.0,1.0,1.0,0.0,1.0,1.0,0.0,0.0,0.0,0.0,,1.0,0.0,0.0,0.0,,1.0,1.0,1.0,0.0,1.0,1.0,,,0.0,0.0,0.0,0.0,1.0,,1.0,1.0,1.0,1.0,1.0,1.0,1.0,0.0,0.0,1.0,0.0,0.0,1.0,1.0,,0.0,0.0,1.0,1.0,0.0,,1.0,0.0,1.0,,,0.0,0.0,1.0,1.0,,1.0,0.0,,0.0,0.0,1.0,0.0,1.0,1.0,0.0,0.0,0.0,,1.0,0.0,0.0,0.0,1.0,1.0,1.0,1.0,1.0,1.0,0.0,1.0,1.0,0.0,0.0,0.0,,,0.0,0.0,1.0,1.0,1.0,0.0,1.0,0.0,0.0,0.0,,,1.0,1.0,,,0.0,0.0,0.0,1.0,1.0,1.0,0.0,0.0,1.0,0.0,0.0,0.0,0.0,1.0,1.0,0.0,0.0,0.0,1.0,1.0,1.0,0.0,0.0,0.0,1.0,1.0,1.0,,1.0,0.0,1.0,1.0,,1.0,,0.0,1.0,0.0,0.0,0.0,1.0,,1.0,0.0,0.0,1.0,0.0,1.0,1.0,1.0,0.0,1.0,0.0,0.0,0.0,,1.0,1.0,0.0,0.0,,0.0,0.0,0.0,1.0,0.0,1.0,,0.0,1.0,1.0,1.0,,0.0,0.0,0.0,0.0,0.0,1.0,1.0,0.0,1.0,1.0,,,,0.0,0.0,0.0,,,,1.0,0.0,,,0.0,0.0,0.0,1.0,1.0,1.0,1.0,1.0,1.0,,,1.0,0.0,1.0,,1.0,1.0,1.0,1.0,1.0,1.0,1.0,,,0.0,0.0,0.0,0.0,1.0,0.0,1.0,1.0,1.0,1.0,0.0,,1.0,1.0,,1.0,,0.0,1.0,1.0,,0.0,,0.0,,1.0,1.0,1.0,,,0.0,1.0,,1.0,1.0,1.0,0.0,0.0,1.0,0.0,1.0,1.0,0.0,1.0,,0.0,1.0,1.0,,,,1.0,1.0,1.0,0.0,,,,0.0,0.0,1.0,1.0,,1.0
Audifax,1.0,1.0,0.0,0.0,1.0,1.0,1.0,,1.0,,1.0,1.0,,,,,,,1.0,,,,0.0,0.0,1.0,1.0,1.0,,,,,,,0.0,1.0,1.0,,,,,,,0.0,,,,1.0,1.0,1.0,1.0,1.0,0.0,0.0,,,,,1.0,0.0,0.0,0.0,0.0,,1.0,0.0,0.0,0.0,1.0,0.0,1.0,1.0,0.0,,1.0,0.0,1.0,0.0,0.0,0.0,0.0,1.0,1.0,1.0,0.0,1.0,1.0,0.0,0.0,1.0,,,,0.0,0.0,,1.0,,,,0.0,1.0,0.0,1.0,1.0,0.0,1.0,0.0,0.0,0.0,,,0.0,,,0.0,0.0,0.0,0.0,1.0,0.0,1.0,1.0,0.0,0.0,0.0,1.0,1.0,0.0,0.0,0.0,1.0,1.0,1.0,1.0,1.0,1.0,0.0,0.0,0.0,0.0,,,,,0.0,0.0,,,,,,,1.0,0.0,0.0,0.0,1.0,0.0,1.0,1.0,0.0,1.0,0.0,0.0,0.0,1.0,,,,0.0,0.0,0.0,,,,,,,0.0,,,1.0,,,,,,,0.0,,,,0.0,,,,1.0,,,,,,,,,,,,,,,,,,,,1.0,1.0,,,,,,,,,,,,,,,,,,,,,,,,,,,,,,,,,,,,,,,,,,,,,,,,,,,,,,,,,,,,,,,,,,,,,,,,,,,,,,,,,,,,,,,,,,,,,,,,,,,,,,,,,,,,,,,,,,,,,,,,,,,,,,
Augusto Carvalho,1.0,1.0,1.0,0.0,1.0,1.0,1.0,0.0,1.0,1.0,1.0,,,0.0,1.0,1.0,,,1.0,1.0,1.0,0.0,0.0,1.0,1.0,1.0,1.0,0.0,0.0,1.0,1.0,1.0,1.0,0.0,1.0,1.0,,0.0,0.0,0.0,1.0,1.0,0.0,,1.0,,1.0,1.0,1.0,,0.0,1.0,,0.0,1.0,0.0,1.0,1.0,0.0,1.0,,0.0,0.0,,,1.0,,1.0,0.0,0.0,0.0,0.0,,,1.0,0.0,1.0,0.0,1.0,1.0,0.0,0.0,0.0,,0.0,0.0,,0.0,0.0,,1.0,0.0,1.0,1.0,0.0,0.0,0.0,0.0,0.0,0.0,0.0,0.0,,0.0,1.0,1.0,0.0,0.0,,0.0,0.0,0.0,1.0,1.0,1.0,1.0,1.0,1.0,0.0,1.0,,0.0,1.0,1.0,1.0,0.0,0.0,1.0,,,,,,,,,1.0,,,1.0,0.0,1.0,1.0,1.0,1.0,1.0,1.0,,,,,0.0,0.0,0.0,1.0,0.0,1.0,1.0,1.0,0.0,,,,,1.0,1.0,,,,,,,0.0,1.0,1.0,,,,,,,0.0,,,1.0,,,,0.0,1.0,1.0,,,,,,,,,,,,0.0,,,,,,,,,,1.0,1.0,1.0,1.0,,,,,,,,,,,,,,,,,,,,,,1.0,,,1.0,,1.0,1.0,1.0,1.0,1.0,0.0,,1.0,1.0,1.0,0.0,,1.0,1.0,0.0,1.0,,1.0,1.0,,,1.0,1.0,0.0,,,0.0,0.0,1.0,1.0,,0.0,1.0,1.0,1.0,0.0,1.0,1.0,0.0,1.0,1.0,1.0,0.0,0.0,,1.0,1.0,,0.0,,1.0,1.0,1.0,1.0,1.0,1.0,0.0,0.0,1.0,1.0,,,0.0,1.0,0.0,1.0,1.0,0.0,0.0,0.0,1.0,,,,,,1.0,,,,,,,,1.0,0.0,0.0,1.0,,,,,,,,,,,,,,
Augusto Coutinho,1.0,1.0,1.0,1.0,0.0,,1.0,,,1.0,1.0,1.0,1.0,0.0,1.0,,1.0,1.0,1.0,1.0,1.0,0.0,1.0,1.0,1.0,1.0,1.0,0.0,1.0,1.0,,1.0,1.0,0.0,1.0,1.0,1.0,0.0,0.0,0.0,0.0,0.0,,,1.0,,1.0,1.0,1.0,1.0,,,,,,0.0,1.0,1.0,,,,,0.0,,,,,,,,1.0,,0.0,0.0,1.0,0.0,,,1.0,1.0,0.0,,1.0,,0.0,0.0,0.0,0.0,1.0,,,0.0,,,,,,,,0.0,0.0,,,,1.0,1.0,,,1.0,0.0,,0.0,,,1.0,,,,,,0.0,0.0,1.0,,,0.0,0.0,1.0,,,0.0,,,0.0,,,,1.0,0.0,1.0,0.0,0.0,0.0,,1.0,1.0,1.0,1.0,,,1.0,0.0,1.0,1.0,1.0,,,1.0,1.0,1.0,,,,0.0,,,,,,,,,0.0,1.0,1.0,,,,1.0,1.0,,1.0,,1.0,,1.0,1.0,1.0,0.0,1.0,1.0,1.0,0.0,1.0,1.0,,,,1.0,1.0,0.0,,0.0,1.0,,1.0,1.0,1.0,,,,1.0,,1.0,1.0,1.0,1.0,1.0,1.0,1.0,,1.0,0.0,,0.0,,,,,1.0,,,,1.0,,,1.0,1.0,0.0,,1.0,1.0,1.0,1.0,1.0,1.0,1.0,,,,1.0,,0.0,1.0,1.0,1.0,,,,,1.0,1.0,0.0,,,,,1.0,,0.0,1.0,1.0,1.0,0.0,1.0,,1.0,0.0,1.0,1.0,0.0,,,,,,0.0,0.0,1.0,1.0,0.0,,1.0,1.0,,1.0,0.0,1.0,0.0,0.0,,0.0,,0.0,0.0,1.0,1.0,0.0,1.0,0.0,,0.0,1.0,1.0,1.0,1.0,1.0,,,1.0,0.0,0.0,,,,1.0,,0.0,,1.0,,,1.0,1.0,,0.0,0.0,1.0,1.0,,1.0,1.0,0.0,1.0
Aureo,1.0,1.0,1.0,0.0,,1.0,,,,,,,1.0,,1.0,,1.0,1.0,1.0,1.0,,0.0,0.0,1.0,1.0,1.0,1.0,,,,,1.0,1.0,,,,1.0,1.0,,,0.0,0.0,0.0,1.0,1.0,1.0,1.0,1.0,1.0,1.0,1.0,0.0,0.0,,1.0,1.0,1.0,,0.0,0.0,0.0,0.0,1.0,1.0,0.0,0.0,,1.0,,1.0,,0.0,0.0,1.0,,,,,0.0,0.0,1.0,1.0,,,1.0,,1.0,1.0,1.0,,,,0.0,,1.0,1.0,,0.0,0.0,1.0,1.0,0.0,,1.0,0.0,1.0,0.0,0.0,,0.0,,1.0,1.0,1.0,,0.0,0.0,0.0,1.0,0.0,1.0,1.0,0.0,,,1.0,1.0,0.0,,,1.0,1.0,1.0,1.0,1.0,1.0,,,1.0,0.0,1.0,,0.0,1.0,0.0,0.0,0.0,1.0,1.0,1.0,1.0,0.0,,,,0.0,,,,,,0.0,0.0,1.0,0.0,1.0,0.0,,1.0,0.0,0.0,,,,1.0,,0.0,,1.0,1.0,,,0.0,,1.0,1.0,1.0,,0.0,1.0,1.0,1.0,1.0,1.0,,,,1.0,,,,0.0,,,,1.0,1.0,1.0,1.0,1.0,0.0,1.0,,0.0,1.0,1.0,,,,,,,,,,,,,,,,,,,,,,1.0,,1.0,1.0,,1.0,1.0,1.0,0.0,1.0,0.0,1.0,0.0,1.0,,,,1.0,,0.0,0.0,0.0,1.0,,1.0,0.0,,,,,1.0,,,1.0,1.0,1.0,1.0,1.0,1.0,1.0,0.0,,1.0,0.0,0.0,,,,,1.0,,1.0,1.0,0.0,1.0,1.0,1.0,,1.0,0.0,1.0,0.0,,1.0,1.0,1.0,,,,,1.0,,1.0,0.0,1.0,,1.0,,1.0,1.0,,1.0,,,,1.0,1.0,0.0,1.0,,,,,,,1.0,1.0,1.0,0.0,0.0,,,0.0,,1.0,0.0,1.0
Benedita da Silva,1.0,1.0,1.0,0.0,1.0,1.0,0.0,1.0,1.0,1.0,1.0,1.0,1.0,,0.0,0.0,0.0,1.0,,0.0,0.0,1.0,0.0,1.0,1.0,,,1.0,0.0,0.0,0.0,,1.0,1.0,1.0,1.0,1.0,0.0,0.0,,0.0,1.0,0.0,1.0,,1.0,,1.0,1.0,1.0,1.0,0.0,0.0,1.0,1.0,,1.0,1.0,0.0,0.0,0.0,0.0,1.0,1.0,0.0,0.0,0.0,1.0,0.0,1.0,1.0,0.0,1.0,1.0,,1.0,0.0,0.0,0.0,0.0,1.0,1.0,1.0,,1.0,1.0,1.0,,1.0,0.0,0.0,1.0,,,1.0,1.0,,,,1.0,1.0,0.0,,1.0,0.0,1.0,0.0,0.0,,0.0,,1.0,,,0.0,0.0,,,1.0,0.0,1.0,1.0,0.0,0.0,0.0,1.0,1.0,0.0,0.0,0.0,1.0,1.0,1.0,1.0,1.0,1.0,0.0,1.0,1.0,0.0,,,0.0,1.0,0.0,0.0,0.0,1.0,1.0,0.0,1.0,1.0,0.0,0.0,0.0,0.0,1.0,1.0,0.0,,,0.0,0.0,,0.0,1.0,,0.0,1.0,0.0,0.0,0.0,0.0,1.0,1.0,0.0,0.0,0.0,,1.0,1.0,0.0,0.0,0.0,1.0,,1.0,,1.0,0.0,1.0,1.0,0.0,1.0,0.0,0.0,,,0.0,0.0,1.0,,1.0,,,1.0,0.0,1.0,1.0,1.0,0.0,1.0,0.0,0.0,0.0,0.0,1.0,1.0,0.0,0.0,0.0,0.0,0.0,0.0,1.0,0.0,,1.0,0.0,1.0,1.0,1.0,0.0,0.0,0.0,0.0,0.0,0.0,1.0,1.0,0.0,1.0,,0.0,0.0,0.0,0.0,,1.0,0.0,,0.0,1.0,0.0,1.0,1.0,,0.0,0.0,1.0,1.0,1.0,1.0,1.0,1.0,1.0,1.0,1.0,0.0,1.0,0.0,,,1.0,1.0,1.0,,1.0,1.0,0.0,0.0,0.0,0.0,,,0.0,,1.0,1.0,1.0,0.0,,1.0,1.0,,1.0,,,,1.0,0.0,0.0,1.0,0.0,,1.0,1.0,1.0,0.0,0.0,0.0,1.0,0.0,1.0,1.0,1.0,0.0,0.0,1.0,0.0,1.0,1.0,0.0,1.0,,0.0,1.0,1.0,,,,,1.0,1.0,0.0,,,0.0,0.0,0.0,1.0,1.0,1.0,1.0
Benjamin Maranhão,1.0,1.0,1.0,1.0,0.0,0.0,,1.0,1.0,1.0,1.0,,,,1.0,,1.0,1.0,,1.0,1.0,,0.0,1.0,1.0,,1.0,1.0,,,,,1.0,0.0,,1.0,1.0,,1.0,1.0,1.0,0.0,0.0,1.0,1.0,1.0,,,1.0,1.0,,,,,,,,,,0.0,0.0,0.0,,,,,,1.0,1.0,,1.0,0.0,0.0,1.0,0.0,,0.0,0.0,0.0,0.0,1.0,,1.0,,1.0,1.0,1.0,1.0,1.0,0.0,,1.0,0.0,0.0,1.0,1.0,,,0.0,1.0,1.0,,0.0,,1.0,1.0,0.0,,0.0,0.0,,,1.0,1.0,0.0,0.0,0.0,,,0.0,1.0,1.0,0.0,0.0,,,1.0,0.0,,0.0,,1.0,1.0,1.0,,,,1.0,1.0,0.0,0.0,0.0,0.0,1.0,0.0,,1.0,,1.0,0.0,1.0,,0.0,1.0,,0.0,1.0,,,,0.0,,,,1.0,,0.0,,,,,,0.0,1.0,1.0,,,,,,,,,,,1.0,1.0,1.0,1.0,1.0,1.0,0.0,1.0,0.0,,,1.0,,,,1.0,0.0,1.0,1.0,1.0,1.0,0.0,1.0,1.0,1.0,1.0,1.0,0.0,1.0,1.0,0.0,1.0,,1.0,1.0,,1.0,1.0,0.0,0.0,0.0,1.0,,0.0,,1.0,1.0,0.0,0.0,,,1.0,0.0,,,,1.0,1.0,0.0,1.0,,0.0,,1.0,,1.0,0.0,0.0,0.0,1.0,1.0,0.0,0.0,0.0,1.0,,1.0,,0.0,0.0,1.0,,,0.0,1.0,1.0,0.0,1.0,0.0,1.0,1.0,1.0,0.0,,0.0,0.0,0.0,0.0,0.0,1.0,0.0,0.0,1.0,,1.0,0.0,,1.0,1.0,0.0,,0.0,1.0,0.0,0.0,,1.0,1.0,0.0,0.0,1.0,1.0,1.0,,,,,,1.0,1.0,1.0,,0.0,1.0,,,,0.0,0.0,0.0,1.0,,0.0,0.0,1.0,,,1.0,1.0,1.0,,,1.0,,,1.0,1.0,0.0,1.0
Berinho Bantim,1.0,1.0,1.0,1.0,0.0,0.0,,,1.0,,1.0,,,0.0,,,,,1.0,,,,,,,,0.0,1.0,1.0,1.0,1.0,,,0.0,,,,,,,,,,,,1.0,,1.0,,1.0,,,,,,,,1.0,,,1.0,,0.0,0.0,0.0,,,,,0.0,1.0,1.0,,0.0,1.0,0.0,,,0.0,1.0,0.0,,1.0,0.0,0.0,0.0,0.0,0.0,1.0,,,0.0,1.0,1.0,1.0,,0.0,0.0,0.0,0.0,,,,,1.0,0.0,,,1.0,,,0.0,,,,,,,,,,0.0,1.0,,1.0,0.0,0.0,1.0,,,0.0,0.0,0.0,0.0,0.0,0.0,,0.0,0.0,1.0,1.0,1.0,,,1.0,1.0,1.0,,,,1.0,0.0,1.0,0.0,1.0,0.0,1.0,,1.0,,,,,0.0,,0.0,,,,0.0,0.0,0.0,,,,,0.0,0.0,,,0.0,1.0,,1.0,,,,1.0,1.0,,,,1.0,,,0.0,1.0,,,,,,,,,,,,,,,1.0,,,,,1.0,1.0,,,,,,,,,,,,,,,,,,,,,,,,,,,,,,,1.0,,,,,,,,,,,,,,,,,,,,,,,,,,,,,,,,,,,,,,,,,1.0,,,,,,,,,,0.0,1.0,,,,,,,,,,,,,,1.0,1.0,,0.0,,,,,,,,,,,,,,,,,,,,,,,1.0,,,
Bernardo Santana de Vasconcellos,1.0,1.0,1.0,1.0,0.0,0.0,1.0,,,1.0,1.0,1.0,,,,,0.0,,,1.0,,1.0,,,,1.0,0.0,1.0,,,,1.0,1.0,0.0,1.0,1.0,,,,,,,,,1.0,,1.0,1.0,1.0,1.0,1.0,0.0,0.0,1.0,,,,,0.0,,0.0,0.0,1.0,,0.0,,,1.0,,1.0,1.0,0.0,1.0,1.0,1.0,1.0,0.0,1.0,0.0,0.0,1.0,1.0,1.0,,,,,,,,0.0,,0.0,0.0,,1.0,0.0,,,0.0,0.0,0.0,0.0,1.0,,0.0,,,0.0,1.0,1.0,0.0,1.0,1.0,0.0,0.0,,0.0,1.0,0.0,1.0,1.0,0.0,0.0,0.0,,1.0,0.0,,0.0,1.0,1.0,1.0,1.0,1.0,1.0,0.0,0.0,1.0,0.0,1.0,1.0,,,1.0,1.0,1.0,1.0,1.0,1.0,,,1.0,,0.0,,1.0,1.0,1.0,,,0.0,,0.0,1.0,,0.0,,,,,,0.0,1.0,1.0,,,,,,0.0,,,1.0,1.0,,,1.0,,,1.0,1.0,0.0,0.0,0.0,,1.0,,,,,,,,,1.0,,,,,,1.0,,0.0,1.0,1.0,1.0,1.0,,0.0,,1.0,0.0,0.0,,,1.0,1.0,,,,,,0.0,0.0,0.0,1.0,,,1.0,0.0,1.0,,0.0,1.0,,,,,,1.0,0.0,,,1.0,1.0,,0.0,0.0,,,1.0,,,,,,1.0,,1.0,0.0,1.0,1.0,1.0,1.0,1.0,1.0,0.0,1.0,0.0,0.0,,,,,,,0.0,1.0,,,,1.0,1.0,,1.0,0.0,,,,1.0,,,1.0,,0.0,0.0,1.0,1.0,1.0,0.0,1.0,1.0,1.0,,,0.0,0.0,1.0,,1.0,1.0,0.0,1.0,0.0,1.0,,0.0,0.0,1.0,,,,1.0,,0.0,0.0,1.0,1.0,,1.0,1.0,0.0,
Betinho Rosado,,,,,,,,,,1.0,,,1.0,0.0,0.0,,,1.0,,,,0.0,,,,,,,,,,1.0,1.0,0.0,,,,,,,,,,1.0,,,,,1.0,1.0,,,,,,,1.0,,,,,,,,,,,,,,,,,,,,,,,,,,,,,,,,,,,,,,,,,,,,,,,,,,,,,,,,1.0,,,,,,,,,,,,,,,,,,,,,,,,,,,,,,0.0,1.0,,,,1.0,1.0,0.0,,,,,,,1.0,,,,,,,,,,,,,,,,0.0,,,,,,,1.0,,,,,,,,1.0,0.0,1.0,,1.0,0.0,,1.0,1.0,,0.0,,,,,,,,,,,,,,1.0,,,,0.0,,,1.0,,,,,,1.0,0.0,,,,,,,0.0,,,,,,,,,0.0,1.0,0.0,,,0.0,0.0,1.0,,1.0,,,,1.0,,,,,,,1.0,,,,,,,,,,,,,,1.0,,,1.0,,,,,,,,,,,,,,1.0,1.0,0.0,1.0,,1.0,,,1.0,,,,,,,,1.0,,,,1.0,,1.0,,,,1.0,0.0,1.0,,,,,0.0,1.0,,,,0.0,1.0,1.0,1.0,,,,1.0,,,,,0.0,1.0
Beto Albuquerque,,,,,,,,,,1.0,,,1.0,0.0,1.0,1.0,,1.0,,1.0,,,,,,,,,,,,1.0,1.0,,,,1.0,0.0,0.0,0.0,1.0,1.0,,1.0,1.0,1.0,,,,1.0,,,,,,,1.0,,,,,,,,,,,,,,,,0.0,,,,,,,,,,,,,,,,,,,,,,,,,,,,,,,,,,,,,0.0,,,1.0,1.0,,,,,,,,,,,,,,,,,,,,,,,,,,,,,,1.0,,,,,1.0,0.0,1.0,,,,,,,,,,,,,,,,0.0,,,,,,,0.0,0.0,,,,,1.0,,,,,,,,,,1.0,1.0,1.0,1.0,,0.0,0.0,1.0,1.0,,,,0.0,,1.0,1.0,,,,,,,1.0,0.0,1.0,0.0,,1.0,1.0,0.0,1.0,1.0,1.0,0.0,0.0,0.0,0.0,0.0,,,,1.0,1.0,0.0,0.0,0.0,0.0,1.0,,1.0,1.0,0.0,1.0,1.0,0.0,1.0,0.0,1.0,0.0,1.0,0.0,1.0,0.0,,0.0,1.0,1.0,,,,,1.0,,0.0,1.0,1.0,0.0,1.0,,,1.0,1.0,1.0,1.0,1.0,1.0,1.0,,0.0,1.0,1.0,0.0,0.0,,0.0,1.0,0.0,1.0,1.0,1.0,1.0,0.0,1.0,1.0,1.0,0.0,1.0,1.0,0.0,1.0,,,0.0,1.0,0.0,0.0,1.0,1.0,1.0,1.0,1.0,,1.0,1.0,1.0,1.0,1.0,1.0,0.0,,1.0,,,0.0,0.0,0.0,,,0.0,0.0,1.0,,0.0,1.0,,,0.0,0.0,1.0,,,1.0,1.0,0.0,1.0
Beto Faro,1.0,,1.0,0.0,1.0,1.0,0.0,1.0,,1.0,1.0,,1.0,0.0,0.0,0.0,0.0,1.0,1.0,0.0,1.0,1.0,,1.0,1.0,1.0,1.0,1.0,,0.0,0.0,,1.0,1.0,1.0,1.0,1.0,0.0,0.0,0.0,0.0,1.0,0.0,1.0,1.0,1.0,1.0,1.0,1.0,1.0,1.0,0.0,0.0,1.0,1.0,0.0,,1.0,0.0,0.0,0.0,0.0,1.0,1.0,0.0,0.0,0.0,,0.0,1.0,1.0,0.0,1.0,1.0,0.0,1.0,0.0,0.0,0.0,0.0,1.0,1.0,1.0,1.0,1.0,,1.0,,1.0,0.0,,1.0,0.0,0.0,1.0,1.0,,0.0,0.0,1.0,1.0,,0.0,1.0,1.0,1.0,0.0,0.0,0.0,0.0,1.0,1.0,1.0,1.0,0.0,0.0,,0.0,1.0,0.0,1.0,1.0,0.0,0.0,0.0,1.0,1.0,0.0,0.0,0.0,1.0,1.0,1.0,1.0,1.0,1.0,0.0,1.0,1.0,0.0,0.0,0.0,0.0,1.0,0.0,0.0,1.0,1.0,1.0,0.0,1.0,,0.0,0.0,0.0,0.0,1.0,1.0,0.0,1.0,0.0,,0.0,1.0,1.0,1.0,0.0,0.0,1.0,0.0,0.0,0.0,1.0,0.0,0.0,0.0,0.0,0.0,1.0,1.0,1.0,0.0,0.0,0.0,1.0,1.0,1.0,1.0,1.0,0.0,1.0,1.0,0.0,1.0,0.0,0.0,1.0,0.0,0.0,0.0,1.0,0.0,1.0,0.0,0.0,1.0,0.0,1.0,,,,1.0,0.0,0.0,0.0,0.0,1.0,1.0,0.0,0.0,0.0,0.0,0.0,0.0,1.0,0.0,1.0,1.0,0.0,1.0,1.0,1.0,0.0,0.0,0.0,0.0,0.0,0.0,1.0,1.0,0.0,1.0,,0.0,0.0,0.0,0.0,0.0,1.0,0.0,,0.0,1.0,0.0,1.0,1.0,0.0,0.0,0.0,1.0,,1.0,1.0,0.0,0.0,1.0,1.0,1.0,0.0,1.0,0.0,1.0,1.0,0.0,1.0,1.0,1.0,1.0,1.0,0.0,0.0,0.0,0.0,0.0,1.0,0.0,1.0,1.0,1.0,1.0,0.0,1.0,1.0,1.0,0.0,1.0,0.0,0.0,1.0,1.0,0.0,0.0,1.0,,,0.0,,,0.0,0.0,0.0,1.0,0.0,1.0,1.0,1.0,0.0,0.0,1.0,0.0,1.0,1.0,0.0,1.0,,0.0,1.0,1.0,,,0.0,1.0,,,,,,,,0.0,1.0,1.0,1.0,1.0
Beto Mansur,1.0,1.0,1.0,1.0,0.0,0.0,0.0,0.0,,1.0,,,1.0,,1.0,1.0,1.0,,,1.0,1.0,1.0,1.0,,,1.0,0.0,1.0,0.0,0.0,0.0,1.0,,0.0,,,1.0,,,,,,,,1.0,,1.0,1.0,1.0,,,0.0,0.0,,0.0,,,,,0.0,0.0,,1.0,,,,,1.0,,1.0,,0.0,1.0,1.0,0.0,1.0,,0.0,0.0,0.0,1.0,0.0,0.0,,1.0,1.0,,,,,,,,0.0,1.0,1.0,,0.0,0.0,1.0,1.0,,,1.0,,0.0,0.0,,0.0,0.0,,,,1.0,,,0.0,0.0,1.0,0.0,1.0,,,,0.0,,,0.0,,,,,,,,,,1.0,,,0.0,,0.0,,0.0,0.0,1.0,,,,,,,0.0,,,,,0.0,1.0,,,,1.0,1.0,,1.0,,,0.0,,,,,1.0,,,,,1.0,,1.0,,,0.0,1.0,1.0,,,,,1.0,1.0,,,0.0,1.0,,,,,,,,,1.0,,,,,,1.0,,,0.0,,,1.0,0.0,1.0,1.0,1.0,1.0,0.0,0.0,0.0,1.0,1.0,0.0,0.0,1.0,1.0,0.0,1.0,0.0,,1.0,0.0,,1.0,0.0,,,,1.0,0.0,0.0,,1.0,,,0.0,,0.0,,1.0,,0.0,,1.0,,,,1.0,1.0,1.0,1.0,1.0,0.0,,1.0,1.0,,,,1.0,,,1.0,,,,,,,,,1.0,,,0.0,,1.0,1.0,0.0,1.0,,,0.0,,1.0,1.0,,,,,1.0,,,,0.0,1.0,,1.0,0.0,0.0,,,,,,,,,,,,,,,0.0,,1.0,1.0,1.0,0.0,,,,0.0,1.0,1.0,,1.0
Biffi,1.0,,0.0,0.0,1.0,1.0,,1.0,1.0,1.0,1.0,1.0,1.0,,0.0,,,,1.0,1.0,1.0,0.0,0.0,1.0,1.0,1.0,1.0,0.0,0.0,0.0,0.0,1.0,1.0,1.0,1.0,1.0,,0.0,,0.0,0.0,1.0,0.0,1.0,1.0,,1.0,1.0,1.0,1.0,1.0,0.0,0.0,1.0,1.0,0.0,1.0,,,0.0,0.0,0.0,1.0,,0.0,0.0,,1.0,0.0,1.0,1.0,0.0,1.0,1.0,0.0,1.0,,,0.0,0.0,1.0,1.0,1.0,,1.0,1.0,1.0,1.0,1.0,0.0,0.0,,,,1.0,1.0,0.0,0.0,0.0,,1.0,0.0,0.0,1.0,,1.0,0.0,,0.0,0.0,1.0,0.0,1.0,1.0,,,0.0,0.0,1.0,0.0,1.0,1.0,0.0,,0.0,1.0,1.0,0.0,0.0,0.0,1.0,1.0,1.0,1.0,1.0,1.0,0.0,1.0,1.0,0.0,0.0,0.0,,1.0,0.0,0.0,,1.0,1.0,0.0,1.0,,0.0,0.0,0.0,0.0,,1.0,0.0,,0.0,0.0,0.0,1.0,1.0,1.0,0.0,0.0,1.0,0.0,0.0,0.0,0.0,0.0,1.0,0.0,0.0,0.0,1.0,1.0,1.0,0.0,,,1.0,1.0,1.0,0.0,,,1.0,1.0,1.0,1.0,0.0,0.0,1.0,,0.0,,1.0,,0.0,,,1.0,0.0,1.0,1.0,,0.0,1.0,0.0,0.0,,,1.0,1.0,0.0,0.0,0.0,0.0,0.0,,1.0,,1.0,,0.0,1.0,1.0,1.0,0.0,0.0,0.0,0.0,0.0,0.0,1.0,1.0,,1.0,,,,0.0,,,0.0,0.0,,0.0,1.0,,1.0,1.0,0.0,0.0,0.0,1.0,1.0,1.0,1.0,1.0,1.0,,1.0,1.0,,1.0,0.0,1.0,1.0,1.0,1.0,1.0,1.0,1.0,1.0,0.0,1.0,0.0,0.0,0.0,1.0,0.0,,1.0,1.0,1.0,,1.0,1.0,,0.0,1.0,,,,1.0,0.0,,1.0,0.0,,,1.0,1.0,0.0,0.0,0.0,1.0,0.0,1.0,1.0,1.0,0.0,,1.0,0.0,1.0,1.0,,,0.0,0.0,,1.0,,0.0,,1.0,1.0,1.0,0.0,,,,,0.0,1.0,1.0,,1.0
Bilac Pinto,,,,,,,,,,,,,,,,,,1.0,,,,,,,,,,,,,,,,,,,,,,,,,,1.0,,1.0,,,,,,,,,,,,,,,,,,,,,,,,,,,,,,,,,,,,,,,,,,,,,,,,,,,,,,,,,,,,,,,,,,,,,,,,,,,,,,,,,,,,,,,,,,,,,,,,,,,,,,1.0,,,1.0,,,,,,,,,,,,,,,,,,,,,,,,,,,,,1.0,,,,,,1.0,1.0,1.0,,,,,,,,,,,,,,,,,,1.0,0.0,1.0,1.0,1.0,1.0,1.0,,,,,,,,,,,,,,,,,,,,,,,,,,,,,,,,,,,,,1.0,,,,,,,,,,,,,,,,,,,,,,,,,,,,,,,,,,,,,,,,,1.0,,1.0,,,,,,,,,,,1.0,,,0.0,,,,,,,,1.0,1.0,1.0,0.0,,,0.0,1.0,1.0,1.0,1.0,,1.0,,,,,0.0,1.0,1.0,1.0,1.0,0.0,0.0,1.0,,0.0,,1.0,,1.0
Bohn Gass,1.0,1.0,1.0,0.0,1.0,1.0,0.0,1.0,,1.0,1.0,1.0,1.0,,0.0,0.0,0.0,1.0,1.0,0.0,0.0,1.0,0.0,1.0,1.0,,1.0,1.0,0.0,,,1.0,1.0,1.0,1.0,1.0,,0.0,,,,1.0,0.0,1.0,1.0,1.0,,1.0,,,,,,,1.0,0.0,1.0,,0.0,,0.0,0.0,1.0,,0.0,0.0,0.0,1.0,0.0,1.0,1.0,0.0,,1.0,0.0,1.0,0.0,,0.0,0.0,1.0,,1.0,1.0,,1.0,1.0,,1.0,0.0,,,0.0,0.0,1.0,1.0,,,,1.0,1.0,,0.0,1.0,0.0,1.0,,,0.0,0.0,,1.0,,1.0,0.0,,0.0,0.0,1.0,0.0,1.0,1.0,0.0,0.0,0.0,1.0,1.0,0.0,0.0,,1.0,1.0,1.0,1.0,1.0,1.0,0.0,,,0.0,0.0,0.0,,1.0,0.0,0.0,1.0,1.0,1.0,0.0,,0.0,0.0,0.0,0.0,,,1.0,,1.0,0.0,0.0,0.0,1.0,1.0,1.0,0.0,0.0,1.0,0.0,0.0,,1.0,0.0,0.0,0.0,0.0,0.0,1.0,1.0,1.0,0.0,0.0,0.0,1.0,1.0,1.0,1.0,1.0,0.0,,1.0,,1.0,0.0,0.0,1.0,0.0,0.0,0.0,1.0,,,,1.0,,,1.0,1.0,1.0,,,0.0,0.0,0.0,0.0,,1.0,0.0,0.0,0.0,0.0,0.0,0.0,1.0,0.0,1.0,1.0,0.0,1.0,1.0,1.0,0.0,0.0,,0.0,0.0,0.0,1.0,1.0,0.0,1.0,1.0,0.0,0.0,,,0.0,0.0,,,0.0,1.0,0.0,,1.0,0.0,0.0,0.0,1.0,,1.0,1.0,1.0,1.0,0.0,1.0,1.0,0.0,1.0,0.0,1.0,1.0,1.0,1.0,1.0,,1.0,1.0,0.0,0.0,0.0,0.0,0.0,1.0,0.0,1.0,1.0,1.0,1.0,1.0,1.0,1.0,1.0,0.0,1.0,,,,1.0,0.0,0.0,1.0,0.0,,,1.0,,0.0,,0.0,1.0,0.0,1.0,,,0.0,,1.0,0.0,1.0,1.0,0.0,1.0,,,1.0,,,0.0,0.0,1.0,1.0,1.0,0.0,,,0.0,0.0,0.0,,1.0,1.0,1.0
Bonifácio de Andrada,,1.0,1.0,1.0,0.0,0.0,,1.0,1.0,1.0,1.0,1.0,,0.0,,1.0,1.0,1.0,,1.0,1.0,,0.0,1.0,1.0,,1.0,1.0,,,,0.0,,0.0,1.0,1.0,1.0,1.0,,,0.0,0.0,,1.0,1.0,,,1.0,,1.0,,,,,,,1.0,,,,,,0.0,0.0,,,,1.0,1.0,0.0,,,1.0,0.0,1.0,0.0,,,1.0,1.0,0.0,0.0,1.0,,0.0,0.0,,,1.0,,,,1.0,1.0,0.0,,0.0,0.0,0.0,0.0,0.0,,,,,,,,,,,0.0,1.0,1.0,1.0,,,,,,,,,,1.0,0.0,,1.0,,,0.0,0.0,0.0,0.0,0.0,0.0,,0.0,,,1.0,1.0,,,1.0,1.0,1.0,,1.0,1.0,,0.0,,,,0.0,,1.0,1.0,0.0,,,,0.0,1.0,,1.0,,,,,,0.0,1.0,1.0,,,,1.0,1.0,,,,,,1.0,1.0,1.0,,1.0,1.0,1.0,0.0,,,,,1.0,,,,1.0,,1.0,1.0,1.0,1.0,1.0,1.0,1.0,0.0,1.0,1.0,1.0,1.0,0.0,,,,,,,,,,,,,,,,,,,0.0,,,,,0.0,,,1.0,1.0,1.0,0.0,0.0,0.0,,,1.0,,0.0,,,1.0,,0.0,0.0,1.0,,,,,,,1.0,1.0,0.0,,,1.0,,,,1.0,1.0,0.0,1.0,,,,,,,,,1.0,1.0,,,1.0,,,,1.0,,1.0,0.0,0.0,1.0,,1.0,,,,0.0,,,,,1.0,,1.0,1.0,,,,1.0,1.0,0.0,,,,,1.0,,,,1.0,,0.0,1.0,1.0,1.0,,,,,,1.0,1.0,0.0,1.0
Brizola Neto,1.0,1.0,0.0,0.0,1.0,1.0,,,,,,,,,,,,,,,,,0.0,,,1.0,,1.0,0.0,1.0,0.0,,,,1.0,1.0,,,,,,,,,,,1.0,1.0,,,,,,,,,,,,,,,,,0.0,0.0,,,0.0,1.0,,,,1.0,0.0,1.0,,0.0,,,,,,,1.0,1.0,,1.0,,0.0,,1.0,0.0,,,,0.0,0.0,0.0,,,,,,,1.0,0.0,0.0,,,,,,,0.0,,0.0,0.0,1.0,0.0,1.0,1.0,0.0,,,,1.0,,,,1.0,,1.0,,1.0,1.0,,,,,0.0,0.0,,,,,,,,,,0.0,,,,,,0.0,,,,,,,,,,,,,,,,,,,,,,,,,,,,,,,,,,,,,,,,,,,,,,,,,,,,,,,,,,,,,,,,,,,,,,,,,,,,,,,,,,,,,,,,,,,,,,,,,,,,,,,,,,,,,,,,,,,,,,,,,,,,,,,,,,,,,,,,,,,,,,,,,,,,,,,,,,,,,,,,,,,,,,,,,,,,,,,,,,,,,,,,,,
Bruna Furlan,1.0,1.0,1.0,1.0,,1.0,1.0,1.0,,1.0,,,,0.0,1.0,1.0,1.0,1.0,,1.0,1.0,0.0,,1.0,1.0,,1.0,1.0,1.0,1.0,1.0,0.0,1.0,0.0,,,1.0,1.0,,,1.0,0.0,,1.0,,,,1.0,,1.0,,,,,1.0,,1.0,1.0,,,,,0.0,,,,,1.0,,0.0,1.0,1.0,,,,0.0,,,1.0,1.0,0.0,,1.0,,0.0,0.0,0.0,0.0,1.0,,,,1.0,,1.0,,0.0,0.0,0.0,0.0,0.0,,,,0.0,1.0,,,1.0,0.0,,,1.0,1.0,1.0,,,,,,0.0,,,,,0.0,0.0,,,,,,,,,,,0.0,,1.0,1.0,1.0,0.0,,0.0,1.0,1.0,,1.0,,1.0,,,0.0,1.0,,,,1.0,,,,,0.0,0.0,,,,,,,,,1.0,1.0,,,,,,0.0,1.0,,,0.0,1.0,1.0,,,1.0,1.0,1.0,0.0,,1.0,,1.0,,,,,1.0,,1.0,1.0,,1.0,1.0,1.0,1.0,0.0,1.0,,1.0,1.0,0.0,1.0,1.0,,1.0,1.0,,,,,,,,,,,,,,,,,,0.0,0.0,,,,,,,0.0,,1.0,0.0,1.0,,0.0,1.0,1.0,1.0,,,,1.0,1.0,,,1.0,1.0,1.0,1.0,,,,1.0,1.0,1.0,1.0,1.0,,,0.0,1.0,,,,,0.0,,0.0,0.0,1.0,1.0,1.0,,1.0,1.0,1.0,,1.0,0.0,,0.0,,1.0,,1.0,,0.0,1.0,1.0,1.0,,0.0,,,,1.0,,1.0,,,,1.0,0.0,,1.0,,0.0,1.0,,,,1.0,,,1.0,1.0,1.0,0.0,0.0,1.0,,,1.0,1.0,0.0,
Bruno Araújo,1.0,1.0,1.0,1.0,0.0,0.0,,1.0,1.0,1.0,1.0,1.0,,0.0,1.0,1.0,1.0,1.0,1.0,1.0,1.0,0.0,0.0,1.0,1.0,1.0,1.0,1.0,1.0,1.0,1.0,0.0,1.0,0.0,,1.0,1.0,0.0,0.0,0.0,,0.0,,1.0,,1.0,1.0,1.0,1.0,1.0,0.0,,,,0.0,1.0,,,,,1.0,,,,,,,1.0,1.0,,1.0,,1.0,0.0,1.0,0.0,,,1.0,1.0,,,1.0,,0.0,,,,,,,0.0,1.0,1.0,0.0,0.0,0.0,0.0,0.0,0.0,0.0,,,,1.0,,,,1.0,0.0,,0.0,1.0,1.0,,,,,,,0.0,0.0,1.0,,,,0.0,1.0,,,,0.0,0.0,0.0,,0.0,,,0.0,1.0,1.0,1.0,,,1.0,1.0,1.0,1.0,,1.0,1.0,,1.0,0.0,,,1.0,,1.0,,,,,0.0,1.0,,,,,,,,0.0,,1.0,,,,1.0,,0.0,,,0.0,,,,1.0,,1.0,1.0,1.0,0.0,1.0,1.0,1.0,,,,,,,,,,,,1.0,,1.0,,1.0,,,1.0,0.0,,,1.0,1.0,,1.0,,,,,,,,,,,,,,,,1.0,,0.0,,,1.0,1.0,1.0,1.0,0.0,,1.0,,,1.0,0.0,,1.0,,0.0,,,,,1.0,,0.0,,1.0,1.0,1.0,0.0,0.0,1.0,,1.0,0.0,,1.0,1.0,0.0,1.0,1.0,0.0,,0.0,0.0,1.0,0.0,0.0,,1.0,1.0,,1.0,1.0,1.0,,1.0,0.0,1.0,0.0,0.0,1.0,,1.0,0.0,,1.0,1.0,1.0,,0.0,1.0,1.0,,1.0,1.0,1.0,,,1.0,1.0,,,,1.0,,1.0,1.0,,,,0.0,0.0,,1.0,1.0,0.0,0.0,1.0,1.0,,1.0,1.0,0.0,1.0
Cabo Juliano Rabelo,1.0,,,,,,,,,,,,,,,,,,,,,,,,,1.0,,0.0,0.0,0.0,0.0,,,,1.0,1.0,,,,,,,1.0,,,,1.0,1.0,,,,,,,,,,,,,,,,,,,,,,,,,,,,,,,,,,,,,,,,,,,,,,,,,,,,,,,,,,,,,,,,,,,,,,,,,,,,,,,,,,,,,,,,,,,,,,,,,,,,,,,,,1.0,,,,,1.0,,,,,,,,1.0,,,,,,,,,,,,,,,,,,,,,,,,,,,,,,,,,,,,,,,,,,,,,,,,,,,,,,,,,,,,,,,,,,,,,,,,,,,,,,,,,,,,,,,,,,,,,,,,,,,,,,,,,,,,,,,,,,,,,,,,,,,,,,,,,,,,,,,,,,,,,,,,,,,,,,,,,,,,,,,,,,,,,,,,,,,,,,,,,,
Camilo Cola,,,1.0,0.0,,,0.0,1.0,,1.0,,,1.0,0.0,,1.0,1.0,,,1.0,1.0,1.0,,1.0,1.0,1.0,,,,,,1.0,,,,,1.0,1.0,1.0,1.0,1.0,0.0,,,,,,,,,1.0,0.0,0.0,,,,1.0,1.0,,0.0,0.0,0.0,,,0.0,0.0,0.0,,,1.0,,0.0,1.0,1.0,,1.0,0.0,0.0,0.0,0.0,1.0,1.0,,,,,,,,,,,,0.0,,,,0.0,0.0,1.0,1.0,0.0,0.0,,0.0,0.0,0.0,0.0,,,1.0,1.0,1.0,1.0,0.0,0.0,0.0,,1.0,0.0,1.0,1.0,0.0,,0.0,1.0,1.0,0.0,,0.0,1.0,1.0,1.0,1.0,1.0,1.0,0.0,1.0,,0.0,,,,,,,,1.0,1.0,0.0,1.0,,,,,,,,,,,,,,,,,,,,,,1.0,1.0,,,,,,,1.0,,0.0,,0.0,1.0,1.0,,,1.0,1.0,1.0,,,,,,0.0,0.0,0.0,1.0,,1.0,0.0,0.0,1.0,0.0,1.0,1.0,1.0,1.0,1.0,,,0.0,0.0,,,1.0,1.0,1.0,1.0,1.0,,1.0,0.0,1.0,1.0,,0.0,1.0,,0.0,0.0,,0.0,1.0,0.0,,,0.0,,1.0,,1.0,0.0,0.0,0.0,1.0,1.0,1.0,,0.0,0.0,,,0.0,0.0,0.0,,,1.0,1.0,0.0,1.0,1.0,,,0.0,1.0,1.0,,,,,1.0,1.0,1.0,1.0,0.0,1.0,,0.0,0.0,1.0,0.0,,1.0,1.0,1.0,0.0,,1.0,1.0,,1.0,0.0,,1.0,0.0,1.0,1.0,,0.0,0.0,1.0,1.0,1.0,,,,,,1.0,,,0.0,0.0,,0.0,0.0,1.0,0.0,1.0,0.0,1.0,,0.0,,1.0,,1.0,,1.0,1.0,0.0,0.0,1.0,,0.0,,1.0,,
Carlaile Pedrosa,1.0,1.0,1.0,1.0,,,1.0,,1.0,,1.0,1.0,,,,,,,1.0,,,,0.0,1.0,1.0,1.0,1.0,0.0,,,,,,0.0,1.0,1.0,,,,,,,,,,,1.0,,,1.0,0.0,,,1.0,,,,1.0,,,,,0.0,,,1.0,,1.0,,0.0,1.0,1.0,,0.0,1.0,0.0,,,1.0,1.0,,,1.0,0.0,0.0,0.0,0.0,0.0,1.0,,,0.0,,1.0,,0.0,,0.0,0.0,0.0,0.0,,,,1.0,1.0,,,1.0,,1.0,0.0,,,1.0,,,,,,0.0,0.0,1.0,,1.0,0.0,0.0,1.0,1.0,0.0,0.0,0.0,0.0,0.0,0.0,0.0,,0.0,0.0,1.0,1.0,1.0,,,1.0,1.0,1.0,,,,,0.0,1.0,0.0,1.0,0.0,1.0,1.0,1.0,0.0,,,0.0,0.0,1.0,,,,,1.0,,1.0,,,,,,,1.0,,,,,,0.0,,,,,,,,0.0,1.0,,,,,,,,,,,,,,,,,,,,,,,,,,,,,,,,,,,,,,,,,,,,,,,,,,,,,,,,,,,,,,,,,,,,,,,,,,,,,,,,,,,,,,,,,,,,,,,,,,,,,,,,,,,,,,,,,,,,,,,,,,,,,,,,,,,,,,,,,,,,,,,,,,,,,,
Carlinhos Almeida,1.0,1.0,1.0,0.0,1.0,1.0,0.0,,1.0,,1.0,1.0,,,,,,,1.0,,,,0.0,1.0,1.0,,1.0,1.0,0.0,0.0,0.0,,,0.0,1.0,1.0,,,,,,,0.0,,,,,1.0,1.0,1.0,1.0,0.0,0.0,1.0,,,,,,,,,1.0,,0.0,0.0,0.0,1.0,0.0,1.0,1.0,0.0,,1.0,0.0,0.0,0.0,0.0,,,,1.0,,1.0,1.0,1.0,1.0,,1.0,0.0,0.0,1.0,,0.0,1.0,,0.0,0.0,0.0,1.0,1.0,0.0,0.0,1.0,0.0,1.0,0.0,0.0,0.0,,1.0,1.0,,,0.0,0.0,0.0,0.0,1.0,0.0,1.0,1.0,0.0,0.0,,1.0,1.0,0.0,0.0,,1.0,1.0,1.0,1.0,1.0,1.0,0.0,1.0,1.0,0.0,0.0,0.0,,,0.0,0.0,,,,,,0.0,0.0,0.0,0.0,,1.0,1.0,1.0,1.0,0.0,0.0,0.0,1.0,,1.0,,0.0,1.0,,,,,,,0.0,0.0,0.0,1.0,,,0.0,,0.0,,,,,1.0,,,,,0.0,,,,,,,,,,,,,,,,,,,,,,,,,,,,,,,,,,,,,,,,,,,,,,,,,,,,,,,,,,,,,,,,,,,,,,,,,,,,,,,,,,,,,,,,,,,,,,,,,,,,,,,,,,,,,,,,,,,,,,,,,,,,,,,,,,,,,,,,,,,,,,,,,,,,,,
Carlos Alberto Leréia,1.0,,1.0,1.0,0.0,0.0,,,,1.0,1.0,1.0,,,1.0,1.0,,1.0,,1.0,,0.0,,1.0,1.0,1.0,,0.0,,,,0.0,1.0,,,,1.0,1.0,1.0,,1.0,,0.0,1.0,1.0,1.0,1.0,,,,,,,,,,1.0,1.0,0.0,0.0,,,,0.0,,,,,1.0,0.0,1.0,1.0,,0.0,,0.0,,,1.0,0.0,,,1.0,,,0.0,,,,,,0.0,,,,,,0.0,0.0,0.0,0.0,,,,,1.0,,,,0.0,,,,,,,,,,,,,,,,,0.0,1.0,,,0.0,,,,,,,,0.0,1.0,1.0,1.0,,,,,,,1.0,1.0,,,,0.0,1.0,,,,,,,,,,,,,,1.0,,,,0.0,1.0,1.0,,,1.0,,,,,,0.0,0.0,1.0,1.0,,,1.0,1.0,1.0,,,,,1.0,,,,,,,,,,,,,,,,,,,,1.0,1.0,1.0,,,,,,,,,,,,,,,0.0,,,,1.0,0.0,0.0,1.0,,1.0,1.0,1.0,,0.0,0.0,,,,,,,,1.0,0.0,,,1.0,,1.0,,,,,1.0,1.0,,0.0,1.0,,1.0,1.0,1.0,,,0.0,1.0,1.0,0.0,,0.0,0.0,,,0.0,,1.0,1.0,,,1.0,,,1.0,0.0,,0.0,,1.0,,,0.0,,,1.0,,1.0,,,,1.0,,1.0,1.0,,,,,0.0,,,,,,,0.0,0.0,1.0,,,1.0,,,,,,,,1.0,,0.0,1.0
Carlos Bezerra,1.0,1.0,1.0,1.0,0.0,0.0,,1.0,1.0,1.0,1.0,,1.0,0.0,0.0,,1.0,,1.0,1.0,1.0,1.0,,1.0,1.0,1.0,,1.0,0.0,0.0,0.0,,1.0,0.0,,1.0,1.0,0.0,1.0,1.0,1.0,0.0,,,1.0,,1.0,1.0,1.0,1.0,1.0,0.0,0.0,,1.0,1.0,,,0.0,0.0,0.0,0.0,1.0,,0.0,,0.0,,,1.0,1.0,,1.0,1.0,0.0,1.0,,,0.0,0.0,1.0,1.0,1.0,1.0,1.0,1.0,1.0,1.0,1.0,0.0,,1.0,0.0,0.0,,,0.0,0.0,0.0,1.0,1.0,,0.0,1.0,,1.0,0.0,0.0,0.0,,,,1.0,1.0,,0.0,0.0,0.0,1.0,0.0,1.0,1.0,0.0,0.0,0.0,1.0,1.0,0.0,,0.0,1.0,,1.0,1.0,1.0,1.0,0.0,,,0.0,,,0.0,1.0,1.0,1.0,1.0,1.0,1.0,0.0,,0.0,,1.0,0.0,,1.0,,0.0,1.0,0.0,0.0,0.0,1.0,1.0,1.0,0.0,,,,,,0.0,1.0,,,,,1.0,1.0,,1.0,,,,1.0,1.0,1.0,1.0,,,1.0,0.0,0.0,,,,,0.0,0.0,1.0,0.0,1.0,,,,0.0,1.0,1.0,1.0,1.0,1.0,0.0,0.0,0.0,0.0,,,1.0,1.0,1.0,1.0,1.0,0.0,1.0,0.0,1.0,1.0,0.0,0.0,1.0,0.0,,0.0,0.0,0.0,1.0,0.0,1.0,1.0,0.0,,,,,,,,,1.0,1.0,0.0,,0.0,1.0,1.0,0.0,0.0,0.0,1.0,,1.0,1.0,1.0,1.0,0.0,1.0,1.0,0.0,,1.0,0.0,,,,1.0,1.0,,,0.0,0.0,0.0,,,1.0,0.0,1.0,,1.0,,0.0,,1.0,1.0,0.0,,0.0,1.0,1.0,0.0,1.0,1.0,,,0.0,0.0,1.0,1.0,,,0.0,1.0,,1.0,1.0,1.0,0.0,0.0,1.0,0.0,1.0,,,,,,,0.0,0.0,1.0,0.0,,1.0,1.0,1.0,0.0,0.0,1.0,,0.0,1.0,,0.0,1.0
Carlos Brandão,,,1.0,1.0,0.0,0.0,,1.0,1.0,1.0,1.0,1.0,,,,,1.0,1.0,1.0,1.0,1.0,0.0,,,,,,1.0,1.0,1.0,,0.0,1.0,0.0,,1.0,1.0,1.0,,0.0,0.0,0.0,,1.0,1.0,,,,1.0,1.0,,,,1.0,0.0,,,1.0,,,,,,,,,,1.0,1.0,,1.0,1.0,1.0,0.0,1.0,,,,1.0,1.0,0.0,,1.0,0.0,0.0,0.0,0.0,0.0,1.0,,,0.0,,1.0,0.0,1.0,,0.0,0.0,0.0,0.0,,,,,,,,1.0,0.0,1.0,0.0,1.0,1.0,,,,,,,,,,,,,,,,,,,,,,,,,,1.0,,,,,1.0,1.0,1.0,1.0,1.0,,1.0,,,0.0,1.0,,,,1.0,0.0,,,0.0,0.0,1.0,0.0,1.0,,,,,,0.0,1.0,1.0,,,,1.0,,0.0,1.0,,0.0,0.0,1.0,1.0,1.0,0.0,,1.0,1.0,0.0,,,1.0,,1.0,,,,1.0,,,1.0,1.0,1.0,1.0,1.0,1.0,0.0,1.0,1.0,1.0,1.0,,,,,,,,,,,,,,,,,,,,,,,1.0,0.0,0.0,,,,1.0,,,0.0,0.0,1.0,,,1.0,0.0,1.0,1.0,1.0,,,,1.0,1.0,1.0,1.0,0.0,0.0,1.0,1.0,1.0,,0.0,1.0,1.0,1.0,0.0,1.0,1.0,1.0,0.0,1.0,1.0,0.0,,0.0,0.0,1.0,0.0,0.0,1.0,1.0,1.0,0.0,1.0,,,,1.0,0.0,1.0,0.0,,1.0,1.0,1.0,0.0,0.0,1.0,1.0,1.0,1.0,0.0,,1.0,1.0,1.0,,,,,1.0,,,0.0,,,0.0,1.0,1.0,0.0,,1.0,,,,1.0,1.0,,,1.0,,,1.0,1.0,0.0,
Carlos Eduardo Cadoca,1.0,1.0,1.0,1.0,0.0,0.0,0.0,1.0,,1.0,1.0,1.0,1.0,,1.0,0.0,1.0,1.0,1.0,1.0,1.0,0.0,0.0,1.0,1.0,1.0,1.0,1.0,,0.0,0.0,1.0,,0.0,,,0.0,0.0,0.0,,,,,1.0,1.0,1.0,,1.0,1.0,1.0,1.0,,,,0.0,1.0,1.0,,0.0,,0.0,0.0,1.0,1.0,,0.0,0.0,1.0,0.0,1.0,1.0,0.0,0.0,,,,0.0,0.0,0.0,0.0,1.0,1.0,1.0,,1.0,1.0,1.0,1.0,1.0,0.0,,1.0,,0.0,1.0,1.0,0.0,,0.0,1.0,1.0,0.0,0.0,1.0,1.0,1.0,0.0,0.0,,0.0,,1.0,1.0,1.0,1.0,,,,,,,,,,,,,,0.0,0.0,1.0,1.0,1.0,1.0,1.0,1.0,,1.0,1.0,0.0,1.0,1.0,0.0,1.0,1.0,1.0,1.0,1.0,1.0,,1.0,0.0,0.0,1.0,0.0,0.0,1.0,0.0,,1.0,0.0,,,,1.0,1.0,,0.0,1.0,0.0,0.0,0.0,0.0,1.0,1.0,0.0,0.0,,,1.0,,0.0,0.0,0.0,,1.0,1.0,0.0,1.0,1.0,1.0,0.0,0.0,0.0,0.0,0.0,,1.0,,,,0.0,,1.0,1.0,1.0,0.0,1.0,,,,1.0,,1.0,1.0,0.0,1.0,1.0,0.0,0.0,,1.0,0.0,0.0,1.0,0.0,1.0,,0.0,1.0,0.0,1.0,0.0,,0.0,0.0,0.0,0.0,1.0,1.0,0.0,,1.0,0.0,0.0,0.0,0.0,0.0,1.0,0.0,1.0,0.0,0.0,0.0,1.0,1.0,,0.0,,1.0,1.0,1.0,0.0,0.0,0.0,1.0,1.0,1.0,0.0,1.0,0.0,,1.0,0.0,1.0,,,0.0,1.0,0.0,0.0,0.0,0.0,,1.0,0.0,1.0,,1.0,1.0,0.0,0.0,1.0,1.0,0.0,1.0,1.0,0.0,0.0,1.0,0.0,,1.0,,0.0,1.0,,1.0,1.0,0.0,,,1.0,1.0,1.0,1.0,0.0,0.0,1.0,,1.0,1.0,0.0,1.0,0.0,1.0,1.0,0.0,,,,1.0,1.0,1.0,0.0,0.0,,,,0.0,1.0,1.0,0.0,1.0
Carlos Magno,,1.0,1.0,1.0,0.0,0.0,,,1.0,1.0,1.0,1.0,1.0,,1.0,1.0,,,1.0,1.0,,,1.0,0.0,,1.0,0.0,1.0,,0.0,0.0,1.0,,0.0,1.0,1.0,,,,,,,,,1.0,,1.0,1.0,1.0,1.0,1.0,0.0,0.0,,0.0,1.0,1.0,1.0,0.0,0.0,0.0,,1.0,1.0,0.0,0.0,0.0,0.0,1.0,1.0,1.0,0.0,,,0.0,1.0,1.0,,0.0,0.0,1.0,1.0,1.0,,,,,,,,,,,,,,,0.0,,1.0,1.0,,,1.0,1.0,1.0,,0.0,0.0,,,1.0,1.0,1.0,,,0.0,0.0,1.0,0.0,1.0,1.0,0.0,0.0,0.0,1.0,1.0,0.0,0.0,0.0,1.0,1.0,1.0,1.0,1.0,1.0,0.0,1.0,1.0,0.0,,,,,1.0,1.0,1.0,,1.0,0.0,,0.0,1.0,,0.0,,,,,,0.0,,0.0,1.0,,0.0,,0.0,1.0,0.0,,0.0,0.0,,,0.0,0.0,0.0,,,1.0,,0.0,1.0,,,,,,,,1.0,1.0,1.0,,0.0,1.0,,0.0,0.0,,0.0,,,,,,,,,,,0.0,1.0,0.0,,1.0,1.0,,1.0,1.0,1.0,0.0,,1.0,,1.0,,0.0,0.0,1.0,1.0,0.0,1.0,,0.0,1.0,0.0,1.0,,,1.0,,,,,,,,1.0,1.0,0.0,0.0,,1.0,1.0,,,,1.0,1.0,,1.0,1.0,1.0,0.0,,1.0,0.0,,1.0,1.0,1.0,1.0,1.0,,,,,0.0,0.0,,,0.0,1.0,0.0,,,1.0,,,,1.0,1.0,,1.0,0.0,,1.0,0.0,1.0,,,,0.0,1.0,,1.0,,,,,,,1.0,1.0,,,1.0,,,,,,,,,,0.0,0.0,,,,,,0.0,0.0,1.0,,,,1.0,0.0,1.0
Carlos Manato,1.0,1.0,1.0,1.0,0.0,0.0,1.0,1.0,1.0,1.0,1.0,1.0,1.0,0.0,1.0,1.0,0.0,1.0,1.0,1.0,1.0,0.0,0.0,1.0,0.0,1.0,1.0,0.0,0.0,1.0,0.0,1.0,1.0,0.0,1.0,1.0,1.0,0.0,0.0,0.0,0.0,0.0,0.0,1.0,1.0,1.0,1.0,1.0,1.0,1.0,1.0,0.0,0.0,1.0,1.0,1.0,0.0,1.0,0.0,0.0,0.0,0.0,1.0,1.0,0.0,0.0,0.0,1.0,0.0,1.0,1.0,0.0,1.0,1.0,0.0,1.0,0.0,0.0,0.0,0.0,1.0,1.0,1.0,1.0,0.0,0.0,0.0,0.0,1.0,0.0,0.0,1.0,0.0,1.0,1.0,1.0,0.0,0.0,0.0,0.0,1.0,0.0,0.0,1.0,0.0,1.0,0.0,0.0,0.0,0.0,1.0,1.0,1.0,1.0,0.0,0.0,0.0,0.0,1.0,0.0,1.0,1.0,0.0,0.0,0.0,1.0,1.0,0.0,0.0,0.0,1.0,1.0,1.0,1.0,1.0,1.0,0.0,1.0,1.0,0.0,1.0,1.0,0.0,1.0,0.0,0.0,0.0,1.0,1.0,1.0,1.0,0.0,0.0,0.0,0.0,,1.0,1.0,1.0,1.0,0.0,0.0,0.0,0.0,0.0,1.0,0.0,0.0,1.0,0.0,0.0,0.0,0.0,1.0,1.0,0.0,0.0,0.0,1.0,1.0,0.0,1.0,0.0,1.0,1.0,1.0,1.0,1.0,1.0,1.0,1.0,1.0,0.0,1.0,0.0,0.0,1.0,0.0,0.0,0.0,1.0,0.0,1.0,1.0,1.0,1.0,1.0,1.0,1.0,1.0,0.0,1.0,0.0,1.0,0.0,1.0,1.0,1.0,0.0,0.0,0.0,0.0,0.0,0.0,0.0,0.0,1.0,1.0,0.0,0.0,1.0,1.0,0.0,0.0,0.0,0.0,0.0,0.0,0.0,0.0,0.0,1.0,1.0,0.0,1.0,1.0,0.0,0.0,1.0,0.0,1.0,0.0,1.0,0.0,1.0,1.0,0.0,0.0,0.0,1.0,1.0,1.0,0.0,1.0,1.0,1.0,1.0,1.0,0.0,1.0,1.0,1.0,1.0,1.0,1.0,1.0,1.0,0.0,1.0,1.0,0.0,0.0,,,,,0.0,1.0,1.0,1.0,0.0,1.0,1.0,1.0,,1.0,0.0,1.0,0.0,0.0,1.0,0.0,1.0,0.0,0.0,1.0,1.0,1.0,1.0,0.0,0.0,1.0,1.0,1.0,1.0,1.0,0.0,1.0,1.0,1.0,1.0,0.0,1.0,1.0,,1.0,1.0,0.0,0.0,1.0,0.0,0.0,1.0,1.0,0.0,0.0,0.0,1.0,1.0,0.0,1.0,1.0,0.0,1.0
Carlos Melles,,,,,,,,,,,,,,,,,,1.0,,,,,,,,,,,,,,,,,,,,,,,,,,,,,,,,,,,,,,,,,,,,,,,,,,,,,,,,,,,,,,,,,,,,,,,,,,,,,,,,,,,,,,,,,,,,,,,,,,,,,,,,,,,,,,,,,,,,,,,,,,,,,,,,,,1.0,,,,,,,,,,,,,,,,,,,,,,,,,,,,,,,,,,,,,,1.0,1.0,1.0,,,,,,,,,,,,,,,,,1.0,1.0,,,,,,,,,,,,,,,,,,,,,,,,,,,,,,,,,,,,,,,,,,,,,,,,,,,,,,,,,,,,,,,,,,,,,,,,,,,,,,,,,,,,,,,,,,,,,,,,,,,1.0,,,,,,,,,,,,,,,,,,,,,1.0,,,,,,,,,,,,1.0,,,1.0,1.0,0.0,
Carlos Roberto,,,1.0,1.0,,,1.0,,,,,,1.0,0.0,,,,,,,,,,,,,,,,,,,,0.0,,,,1.0,0.0,0.0,1.0,0.0,,,,,,,,,,,,,,,1.0,1.0,,,,,,,,,,,,,1.0,,,0.0,1.0,0.0,,,,,,,,,,,,,,,,,1.0,1.0,,,0.0,0.0,0.0,,,,,,0.0,1.0,,,1.0,0.0,,0.0,,,1.0,,,,,,,,,,,,,,,,,,,,,,,,0.0,,,,,,,,,,1.0,1.0,,,,,,,,,,,,,,,,,,,,,,,0.0,1.0,1.0,,,,,,,,,,,,,,,1.0,,,,,,,,,,,,,,,,,,,,,,,,,1.0,0.0,,,1.0,,,,,,,,,,,,,,,,,,,1.0,,,1.0,,1.0,,1.0,0.0,,,,,1.0,,0.0,1.0,,1.0,0.0,,,1.0,,,,,,,,1.0,0.0,0.0,,1.0,,,,1.0,1.0,,,,,1.0,0.0,0.0,1.0,0.0,0.0,,1.0,,,,,,,,,1.0,0.0,,,1.0,,1.0,,1.0,,1.0,,,,,,,,,,,,,,,,,,,,,,1.0,,,,,,,,,,,,,,
Carlos Sampaio,1.0,,1.0,1.0,1.0,1.0,,1.0,1.0,1.0,1.0,1.0,1.0,0.0,,,,,1.0,1.0,1.0,0.0,,1.0,,1.0,,0.0,1.0,1.0,0.0,1.0,1.0,0.0,1.0,1.0,0.0,0.0,0.0,,1.0,0.0,,,,,1.0,,1.0,1.0,,,,,0.0,,,,,,,,,,,0.0,0.0,1.0,1.0,0.0,1.0,1.0,1.0,,,,,,1.0,1.0,0.0,0.0,1.0,0.0,,,,,,,,0.0,1.0,1.0,0.0,0.0,,,,0.0,0.0,,,,,0.0,,,1.0,0.0,,,,,,,,,,,,,,,,,,,,1.0,0.0,0.0,0.0,0.0,0.0,0.0,,,0.0,1.0,1.0,1.0,0.0,1.0,0.0,,0.0,,,,,,,,1.0,,1.0,0.0,1.0,,,,0.0,0.0,0.0,1.0,,,,,,,,,1.0,,,,,1.0,0.0,0.0,,0.0,0.0,,,,,1.0,1.0,1.0,0.0,1.0,,,1.0,1.0,,,,,,,,1.0,1.0,1.0,,,,,1.0,1.0,1.0,0.0,,1.0,,1.0,,,,,,,,,,,0.0,,,,,,,,0.0,0.0,,,,,,,,,1.0,,1.0,1.0,,1.0,,1.0,0.0,,,,,1.0,0.0,1.0,1.0,1.0,1.0,1.0,0.0,0.0,0.0,1.0,1.0,1.0,1.0,1.0,1.0,0.0,,1.0,0.0,,0.0,0.0,1.0,0.0,,1.0,,,,,,,,1.0,0.0,1.0,0.0,0.0,0.0,1.0,,0.0,1.0,,0.0,,,,,,,,1.0,,,,,,,,,,,,1.0,,,1.0,,,1.0,,,,,1.0,,,1.0,1.0,,1.0
Carlos Souza,1.0,1.0,1.0,1.0,0.0,0.0,0.0,,1.0,1.0,1.0,1.0,1.0,0.0,1.0,1.0,1.0,1.0,,1.0,,0.0,1.0,0.0,1.0,,1.0,1.0,0.0,0.0,0.0,1.0,1.0,0.0,1.0,1.0,1.0,1.0,,,0.0,0.0,0.0,1.0,,1.0,1.0,1.0,1.0,,,0.0,,1.0,1.0,1.0,1.0,1.0,0.0,0.0,0.0,0.0,1.0,1.0,0.0,0.0,0.0,1.0,1.0,1.0,1.0,,0.0,1.0,0.0,,0.0,0.0,0.0,0.0,0.0,1.0,1.0,1.0,,1.0,1.0,1.0,,0.0,0.0,1.0,,,1.0,1.0,0.0,0.0,0.0,,1.0,,0.0,1.0,1.0,0.0,0.0,0.0,0.0,,1.0,1.0,1.0,1.0,,0.0,,0.0,1.0,0.0,1.0,1.0,0.0,0.0,0.0,,1.0,0.0,0.0,0.0,1.0,,1.0,1.0,1.0,1.0,0.0,1.0,1.0,0.0,1.0,0.0,0.0,1.0,1.0,1.0,1.0,1.0,1.0,1.0,1.0,0.0,1.0,,,0.0,1.0,1.0,0.0,,0.0,0.0,0.0,0.0,1.0,1.0,0.0,0.0,1.0,,,,0.0,1.0,1.0,0.0,,0.0,1.0,,,,0.0,,0.0,,,1.0,0.0,1.0,1.0,1.0,1.0,1.0,,,1.0,,0.0,,1.0,0.0,,1.0,1.0,1.0,,,1.0,,1.0,1.0,,1.0,1.0,,1.0,1.0,,0.0,0.0,1.0,0.0,0.0,1.0,0.0,1.0,1.0,0.0,1.0,1.0,1.0,,1.0,,,1.0,1.0,,0.0,0.0,,1.0,0.0,0.0,1.0,0.0,0.0,1.0,0.0,1.0,,0.0,1.0,1.0,1.0,0.0,0.0,0.0,1.0,1.0,1.0,1.0,0.0,,1.0,1.0,1.0,0.0,,1.0,1.0,,,,,,0.0,1.0,1.0,0.0,,,,,,,0.0,1.0,,,,1.0,1.0,0.0,1.0,0.0,1.0,0.0,,1.0,1.0,,1.0,,0.0,0.0,1.0,1.0,1.0,,1.0,1.0,1.0,,,,0.0,1.0,1.0,0.0,,0.0,0.0,0.0,1.0,,0.0,,,,1.0,,,,0.0,,1.0,,,,,,
Carlos Zarattini,1.0,1.0,1.0,0.0,1.0,1.0,0.0,1.0,1.0,,1.0,1.0,,,0.0,0.0,0.0,1.0,1.0,1.0,1.0,1.0,0.0,1.0,1.0,1.0,1.0,1.0,,0.0,,,,0.0,1.0,1.0,,0.0,0.0,1.0,0.0,1.0,0.0,0.0,1.0,,1.0,1.0,1.0,1.0,1.0,0.0,0.0,,1.0,0.0,1.0,1.0,0.0,0.0,0.0,,1.0,1.0,0.0,0.0,0.0,1.0,,1.0,1.0,0.0,,1.0,0.0,,0.0,,0.0,0.0,1.0,1.0,1.0,1.0,1.0,1.0,,1.0,1.0,0.0,0.0,1.0,0.0,0.0,1.0,1.0,0.0,0.0,0.0,1.0,1.0,0.0,0.0,1.0,0.0,1.0,0.0,0.0,0.0,0.0,,1.0,1.0,1.0,0.0,0.0,0.0,,1.0,0.0,1.0,1.0,0.0,,0.0,1.0,1.0,0.0,,0.0,1.0,1.0,1.0,1.0,1.0,1.0,0.0,1.0,1.0,0.0,0.0,0.0,0.0,1.0,0.0,0.0,,,,,1.0,1.0,0.0,0.0,0.0,,1.0,,0.0,1.0,0.0,,0.0,1.0,1.0,1.0,0.0,0.0,1.0,0.0,0.0,0.0,1.0,1.0,1.0,0.0,,0.0,,1.0,1.0,1.0,0.0,0.0,1.0,1.0,1.0,0.0,1.0,0.0,1.0,1.0,1.0,0.0,0.0,,1.0,,0.0,0.0,1.0,0.0,1.0,,,,,,,,,1.0,0.0,0.0,0.0,,1.0,1.0,,0.0,0.0,0.0,0.0,,1.0,0.0,1.0,1.0,0.0,0.0,1.0,1.0,0.0,0.0,,0.0,0.0,0.0,1.0,1.0,0.0,,1.0,0.0,0.0,0.0,0.0,0.0,1.0,0.0,,0.0,1.0,,1.0,1.0,0.0,0.0,0.0,1.0,1.0,1.0,1.0,1.0,1.0,1.0,1.0,1.0,0.0,1.0,0.0,1.0,1.0,1.0,1.0,1.0,1.0,1.0,,0.0,1.0,0.0,0.0,0.0,1.0,,1.0,1.0,1.0,1.0,0.0,1.0,1.0,1.0,0.0,1.0,0.0,0.0,1.0,1.0,,0.0,1.0,,,,1.0,1.0,,,,1.0,,1.0,1.0,1.0,,,,0.0,1.0,1.0,0.0,1.0,0.0,0.0,1.0,,,,,1.0,,,,,,,0.0,0.0,1.0,1.0,1.0,1.0
Carmen Zanotto,1.0,1.0,1.0,1.0,0.0,1.0,1.0,0.0,1.0,1.0,1.0,1.0,1.0,,1.0,1.0,,,1.0,1.0,1.0,0.0,0.0,1.0,1.0,1.0,1.0,0.0,0.0,,1.0,1.0,,0.0,1.0,1.0,1.0,0.0,0.0,0.0,0.0,0.0,0.0,,,,1.0,1.0,1.0,1.0,1.0,0.0,0.0,0.0,,0.0,1.0,1.0,,,,,0.0,0.0,,,,1.0,1.0,0.0,1.0,0.0,,0.0,1.0,0.0,,1.0,,,,1.0,,1.0,0.0,0.0,0.0,0.0,1.0,1.0,,0.0,1.0,1.0,1.0,1.0,0.0,0.0,0.0,,0.0,,,,1.0,1.0,0.0,0.0,0.0,0.0,0.0,0.0,1.0,1.0,1.0,,,,,,,0.0,1.0,,,,,1.0,,,0.0,0.0,0.0,0.0,0.0,0.0,,,0.0,1.0,1.0,1.0,,,1.0,1.0,1.0,,,,,0.0,,0.0,1.0,0.0,1.0,1.0,1.0,0.0,0.0,0.0,,0.0,1.0,1.0,1.0,,1.0,0.0,,0.0,0.0,1.0,1.0,0.0,0.0,1.0,1.0,,0.0,0.0,,0.0,1.0,,,,0.0,1.0,1.0,1.0,0.0,1.0,1.0,1.0,,1.0,,,,,,,,,,,,,,,1.0,1.0,1.0,1.0,,,0.0,1.0,,1.0,1.0,,0.0,,,1.0,,,,,,1.0,,,0.0,1.0,0.0,0.0,1.0,1.0,,,,,,,,1.0,1.0,1.0,0.0,1.0,1.0,1.0,0.0,0.0,0.0,1.0,1.0,1.0,0.0,1.0,1.0,1.0,1.0,1.0,,0.0,1.0,1.0,1.0,1.0,1.0,,,0.0,1.0,1.0,0.0,,,,,,0.0,1.0,1.0,,0.0,,1.0,1.0,,1.0,1.0,,,0.0,1.0,1.0,,,,,,1.0,0.0,0.0,,0.0,0.0,,,,,,1.0,,,,,,,,1.0,0.0,0.0,1.0,,,,,,,,,,,,,,
Celia Rocha,,1.0,1.0,1.0,0.0,0.0,0.0,,1.0,,,,,,,,,,1.0,,,,0.0,1.0,1.0,1.0,,1.0,,,,,,0.0,1.0,1.0,,,,,,,0.0,,,,1.0,1.0,,1.0,1.0,0.0,0.0,,,,,1.0,0.0,0.0,0.0,0.0,1.0,1.0,0.0,0.0,,,0.0,1.0,,0.0,,1.0,0.0,1.0,,0.0,0.0,0.0,1.0,1.0,1.0,1.0,,,,,,0.0,0.0,1.0,0.0,0.0,1.0,0.0,,0.0,0.0,1.0,1.0,,0.0,1.0,1.0,1.0,0.0,0.0,0.0,,,1.0,,,0.0,0.0,0.0,,1.0,0.0,1.0,1.0,0.0,0.0,0.0,1.0,1.0,0.0,0.0,,1.0,1.0,1.0,1.0,1.0,1.0,0.0,,1.0,0.0,,,,,1.0,1.0,,,,,,,,1.0,0.0,,,1.0,1.0,,,,,,1.0,1.0,,0.0,1.0,,,,,,,0.0,0.0,0.0,,,,1.0,,,,,,,,,,,0.0,,,,,,,,,,,,,,,,,,,,,,,,1.0,,,,,,,,,,,,,,,,,,,,,,,,,,,,,,,,,,,,,,,,,,,,,,,,,,,,,,,,,,,,,,,,,,,,,,,,,,,,,,,,,,,,,,,,,,,,,,,,,,,,,,,,,,,,,,,,,,,,,,,,,,,,,,,
Celso Jacob,,,,,,,,,,1.0,,,1.0,0.0,0.0,1.0,,,,1.0,1.0,1.0,,,,,,,,,,1.0,1.0,,,,,0.0,,1.0,1.0,0.0,,,1.0,,,,,,,,,,1.0,1.0,1.0,,,,,,,,,,,,,,,,,,,,,,,,,,,,,,,,,,,,,,,,,,,,,,,,,,,,,0.0,,,1.0,1.0,,,,,,,,,,,,,,,,,,,,,,,,,,,,,0.0,1.0,,,,,,,,,,,,,,,,,,,,,,,0.0,,,,,,1.0,1.0,0.0,,,,,,,,,,,,,,,,,1.0,,,,,,0.0,0.0,0.0,1.0,,1.0,,,,,,,,,,,,0.0,0.0,,,0.0,1.0,,1.0,1.0,0.0,1.0,,1.0,,0.0,0.0,1.0,0.0,0.0,0.0,0.0,0.0,1.0,0.0,1.0,1.0,0.0,1.0,1.0,0.0,1.0,0.0,0.0,,,1.0,1.0,1.0,0.0,0.0,1.0,1.0,,0.0,0.0,1.0,,1.0,1.0,1.0,1.0,0.0,1.0,1.0,,,1.0,1.0,1.0,1.0,1.0,1.0,1.0,,1.0,0.0,1.0,0.0,0.0,0.0,1.0,0.0,1.0,1.0,,,0.0,,1.0,1.0,0.0,1.0,0.0,1.0,1.0,0.0,1.0,1.0,,0.0,0.0,1.0,1.0,1.0,,1.0,,1.0,,,,,,,0.0,,,,,,,,1.0,0.0,0.0,1.0,,,,,,,,,,,,,,
Celso Maldaner,1.0,1.0,1.0,1.0,0.0,0.0,0.0,,1.0,1.0,,1.0,1.0,0.0,0.0,1.0,1.0,1.0,,1.0,1.0,,0.0,1.0,1.0,1.0,1.0,1.0,,0.0,0.0,1.0,1.0,0.0,1.0,1.0,1.0,,,,,,0.0,1.0,1.0,1.0,1.0,,1.0,,1.0,0.0,0.0,1.0,0.0,1.0,1.0,1.0,,,0.0,0.0,,1.0,0.0,0.0,0.0,1.0,1.0,1.0,1.0,0.0,1.0,1.0,0.0,1.0,,,0.0,0.0,1.0,1.0,1.0,1.0,1.0,1.0,1.0,,1.0,0.0,,1.0,0.0,0.0,,1.0,,0.0,0.0,1.0,1.0,0.0,0.0,1.0,,1.0,0.0,0.0,0.0,0.0,1.0,1.0,1.0,1.0,0.0,0.0,0.0,0.0,1.0,0.0,1.0,1.0,0.0,,0.0,,1.0,0.0,0.0,,1.0,1.0,1.0,1.0,1.0,1.0,0.0,1.0,1.0,0.0,0.0,0.0,0.0,1.0,0.0,1.0,1.0,1.0,,,1.0,1.0,0.0,1.0,0.0,0.0,1.0,1.0,,1.0,0.0,0.0,0.0,1.0,1.0,1.0,0.0,0.0,1.0,0.0,0.0,0.0,1.0,1.0,1.0,0.0,0.0,,1.0,1.0,1.0,,0.0,0.0,,1.0,1.0,1.0,1.0,1.0,1.0,1.0,,1.0,,0.0,1.0,,0.0,0.0,1.0,0.0,1.0,0.0,,1.0,,1.0,,,1.0,1.0,0.0,0.0,0.0,0.0,1.0,1.0,1.0,1.0,1.0,1.0,1.0,0.0,1.0,0.0,1.0,1.0,0.0,1.0,1.0,1.0,0.0,0.0,0.0,,1.0,0.0,,,0.0,1.0,1.0,0.0,0.0,,0.0,,1.0,1.0,1.0,0.0,1.0,0.0,1.0,1.0,,0.0,0.0,1.0,1.0,1.0,1.0,1.0,1.0,,1.0,1.0,0.0,1.0,1.0,,1.0,1.0,1.0,1.0,1.0,1.0,1.0,0.0,0.0,0.0,0.0,0.0,1.0,0.0,,1.0,,1.0,0.0,1.0,1.0,1.0,,1.0,0.0,1.0,1.0,0.0,1.0,1.0,1.0,1.0,1.0,0.0,0.0,,1.0,1.0,0.0,1.0,1.0,1.0,1.0,1.0,0.0,,1.0,,1.0,,0.0,1.0,0.0,1.0,1.0,0.0,0.0,1.0,0.0,1.0,1.0,1.0,1.0,0.0,,1.0,,0.0,1.0,1.0,,1.0
Cesar Colnago,1.0,1.0,1.0,0.0,1.0,1.0,1.0,0.0,1.0,1.0,1.0,1.0,1.0,0.0,1.0,,1.0,1.0,1.0,1.0,1.0,0.0,0.0,1.0,1.0,1.0,1.0,0.0,1.0,1.0,1.0,0.0,,0.0,1.0,1.0,0.0,,,,,,,1.0,1.0,,1.0,1.0,1.0,,,,,1.0,,,1.0,1.0,,,,,,,,,,,1.0,0.0,1.0,1.0,1.0,0.0,1.0,0.0,,,1.0,1.0,0.0,,,,0.0,0.0,0.0,0.0,1.0,,,0.0,1.0,1.0,0.0,0.0,0.0,0.0,0.0,,0.0,,,,1.0,1.0,,,,0.0,1.0,0.0,1.0,1.0,1.0,,,,,,0.0,0.0,1.0,,,,0.0,1.0,,,0.0,0.0,0.0,0.0,0.0,0.0,,0.0,0.0,1.0,1.0,1.0,,,0.0,0.0,0.0,1.0,1.0,1.0,1.0,0.0,1.0,0.0,1.0,0.0,1.0,1.0,,0.0,,,,0.0,0.0,,1.0,,1.0,,,,0.0,1.0,1.0,,,,,,0.0,0.0,,0.0,1.0,1.0,,0.0,,1.0,1.0,1.0,,1.0,,1.0,1.0,1.0,,,,,,1.0,1.0,1.0,1.0,1.0,1.0,1.0,0.0,,,1.0,1.0,0.0,,1.0,1.0,1.0,1.0,1.0,,,,,,,,,0.0,,,1.0,,,,1.0,0.0,0.0,1.0,,1.0,1.0,1.0,0.0,0.0,0.0,1.0,0.0,1.0,1.0,0.0,1.0,1.0,1.0,,,,1.0,1.0,,0.0,,,,1.0,,0.0,0.0,0.0,,1.0,1.0,1.0,1.0,1.0,0.0,1.0,1.0,,,,,,,0.0,,1.0,1.0,0.0,1.0,1.0,1.0,,1.0,1.0,,0.0,,0.0,1.0,,0.0,0.0,,1.0,1.0,1.0,,,,1.0,1.0,1.0,1.0,,,,1.0,0.0,,1.0,,,,1.0,0.0,0.0,1.0,0.0,,1.0,0.0,0.0,0.0,0.0,1.0,1.0,,,1.0,,1.0
Cezar Silvestri,,,,,,,,,,,,,,,,,,,,,,,,,,,,,,,,,,,,,,,,,,,,,,,,,,,,,,,,,,,,,,,,,,,,,,,,,,,,,,,,,,,,,,,,,,,,,,,,,,,,,,,,,,,,,,,,,,,,,,,,,,,,,,,,,,,,,,,,,,,,,,,,,,,,,,,,,,,,,,,,,,,,,,,,,,,,,,,,,,,,,,,,,,,,,,,,,,,,,,,,,,,,,,,,,,,,,,,,,,,,,,,,,,,,,,,,,,,,,,,,,,,,,,,,,,,,,,,,,,,,,,,,,,,,,,,,,,,,,,,,,,,,,,,,,,,,,,,,,,,,,,,,,,,,,,,,,,,1.0,1.0,,,,,,,,,,,,,,,,,,,,,,,,,,,,1.0
Chico Alencar,1.0,1.0,0.0,0.0,1.0,1.0,1.0,1.0,1.0,1.0,1.0,1.0,1.0,0.0,1.0,0.0,1.0,1.0,1.0,1.0,1.0,0.0,0.0,1.0,1.0,,1.0,0.0,0.0,1.0,0.0,1.0,1.0,0.0,1.0,1.0,0.0,0.0,0.0,0.0,1.0,1.0,0.0,1.0,1.0,1.0,1.0,1.0,,,1.0,0.0,0.0,,1.0,0.0,1.0,1.0,0.0,,,,1.0,0.0,,,,1.0,0.0,0.0,0.0,1.0,0.0,0.0,1.0,0.0,0.0,1.0,1.0,1.0,0.0,1.0,0.0,1.0,0.0,0.0,0.0,0.0,0.0,,,0.0,1.0,1.0,,,0.0,0.0,0.0,0.0,0.0,,,,1.0,1.0,,,0.0,0.0,,0.0,1.0,1.0,0.0,1.0,1.0,1.0,0.0,1.0,0.0,0.0,1.0,1.0,1.0,0.0,0.0,1.0,,,,,,,,,1.0,0.0,0.0,1.0,1.0,1.0,0.0,1.0,,,,1.0,1.0,1.0,1.0,0.0,1.0,0.0,1.0,,,0.0,1.0,0.0,1.0,1.0,,0.0,,1.0,0.0,0.0,1.0,0.0,0.0,0.0,0.0,0.0,0.0,0.0,0.0,1.0,0.0,1.0,0.0,0.0,,0.0,,1.0,1.0,0.0,,0.0,1.0,0.0,,,,,,1.0,,,,,,1.0,1.0,1.0,1.0,1.0,1.0,1.0,0.0,1.0,,1.0,0.0,1.0,,,0.0,0.0,,0.0,1.0,,0.0,,,1.0,,,,,,1.0,,1.0,0.0,1.0,,0.0,0.0,1.0,1.0,0.0,1.0,1.0,1.0,0.0,1.0,1.0,0.0,0.0,1.0,0.0,1.0,1.0,,,,0.0,1.0,0.0,,1.0,1.0,0.0,0.0,0.0,0.0,,0.0,1.0,1.0,1.0,1.0,1.0,1.0,1.0,,1.0,0.0,0.0,0.0,0.0,1.0,0.0,,1.0,1.0,1.0,1.0,0.0,1.0,1.0,0.0,1.0,1.0,0.0,0.0,,0.0,,,0.0,,1.0,1.0,1.0,0.0,0.0,,0.0,0.0,1.0,0.0,0.0,0.0,0.0,0.0,1.0,0.0,,1.0,0.0,0.0,1.0,1.0,0.0,0.0,1.0,1.0,0.0,1.0,0.0,0.0,,,0.0,0.0,0.0,1.0,1.0,1.0,1.0
Chico D`Angelo,1.0,1.0,0.0,0.0,1.0,1.0,0.0,,1.0,,1.0,1.0,,,,,,,,,,,,1.0,1.0,1.0,1.0,1.0,,,,,,1.0,1.0,1.0,,,,,,,,,,,1.0,1.0,,,1.0,,0.0,1.0,,,,,,0.0,0.0,,1.0,,,0.0,0.0,1.0,0.0,1.0,1.0,0.0,,,0.0,1.0,,,0.0,0.0,1.0,1.0,1.0,,1.0,1.0,,1.0,1.0,,0.0,1.0,0.0,0.0,,,,0.0,0.0,1.0,1.0,,,1.0,,1.0,0.0,0.0,,,1.0,1.0,,,0.0,0.0,0.0,0.0,1.0,0.0,1.0,1.0,0.0,0.0,,1.0,1.0,0.0,0.0,0.0,1.0,1.0,1.0,1.0,1.0,1.0,0.0,1.0,1.0,0.0,0.0,0.0,,,,,,,,,,,0.0,,0.0,,,1.0,0.0,1.0,0.0,0.0,,1.0,,1.0,,0.0,,0.0,0.0,0.0,,,,0.0,0.0,0.0,1.0,,1.0,0.0,0.0,0.0,,,,,1.0,,,,,,,,,,,,,,,,,,,,,,,,,,,,,,,,,,,,,,,,,,,,,,,,,,,,,,,,,,,,,,,,,,,,,,,,,,,,,,,,,,,,,,,,,,,,,,,,,,,,,,,,,,,,,,,,,,,,,,,,,,,,,,,,,,,,,,,,,,,,,,,,,,,,,,,,,,,
Chico Lopes,1.0,,1.0,1.0,0.0,1.0,0.0,1.0,,1.0,1.0,1.0,1.0,0.0,0.0,0.0,1.0,1.0,1.0,1.0,1.0,,0.0,1.0,1.0,1.0,1.0,0.0,,0.0,,1.0,1.0,0.0,1.0,1.0,1.0,1.0,,,1.0,1.0,0.0,1.0,1.0,1.0,1.0,1.0,1.0,1.0,1.0,0.0,0.0,,,,,,0.0,0.0,0.0,0.0,,1.0,0.0,0.0,0.0,1.0,0.0,1.0,1.0,0.0,0.0,1.0,0.0,1.0,0.0,0.0,1.0,0.0,1.0,1.0,1.0,,1.0,1.0,1.0,,,0.0,,1.0,0.0,0.0,1.0,1.0,0.0,,0.0,1.0,1.0,,0.0,1.0,,1.0,0.0,0.0,0.0,0.0,1.0,0.0,,1.0,0.0,0.0,0.0,0.0,1.0,0.0,1.0,1.0,0.0,0.0,0.0,1.0,1.0,0.0,,0.0,1.0,1.0,1.0,1.0,1.0,1.0,0.0,1.0,1.0,0.0,0.0,0.0,,1.0,0.0,1.0,,1.0,1.0,0.0,1.0,,1.0,0.0,0.0,0.0,,1.0,0.0,1.0,0.0,0.0,0.0,1.0,1.0,,0.0,0.0,1.0,0.0,0.0,,0.0,1.0,1.0,0.0,0.0,0.0,1.0,1.0,1.0,1.0,,,1.0,1.0,,0.0,,0.0,1.0,1.0,1.0,1.0,0.0,,,,0.0,0.0,1.0,0.0,1.0,1.0,0.0,1.0,0.0,1.0,1.0,1.0,0.0,1.0,0.0,0.0,1.0,1.0,,,0.0,0.0,,0.0,1.0,0.0,,,1.0,,0.0,1.0,1.0,1.0,0.0,0.0,,0.0,0.0,1.0,1.0,1.0,,,1.0,0.0,0.0,,0.0,0.0,1.0,0.0,1.0,0.0,1.0,0.0,1.0,1.0,0.0,0.0,0.0,1.0,1.0,1.0,1.0,0.0,0.0,1.0,1.0,1.0,0.0,1.0,0.0,1.0,1.0,0.0,1.0,1.0,1.0,1.0,1.0,0.0,0.0,0.0,0.0,0.0,1.0,0.0,,1.0,1.0,1.0,0.0,0.0,1.0,1.0,0.0,1.0,,,0.0,1.0,0.0,0.0,1.0,,,,,1.0,,0.0,0.0,1.0,,1.0,0.0,1.0,0.0,0.0,1.0,0.0,1.0,1.0,0.0,1.0,0.0,0.0,,1.0,,0.0,0.0,1.0,1.0,1.0,,,,0.0,0.0,0.0,1.0,1.0,1.0,1.0
Chico das Verduras,,,,,,,,0.0,,1.0,,,1.0,,1.0,1.0,0.0,1.0,,1.0,1.0,1.0,,,,,,,,,,1.0,1.0,,,,1.0,0.0,0.0,,1.0,0.0,,1.0,1.0,1.0,,,,,1.0,0.0,0.0,,0.0,1.0,1.0,,0.0,0.0,0.0,,1.0,1.0,0.0,0.0,0.0,1.0,1.0,1.0,1.0,0.0,1.0,,,,,,0.0,0.0,1.0,1.0,1.0,,,,,,,,,,,,,,,,,,,,,,,,,,,0.0,,,1.0,1.0,,,,,,,,,,,,,,,,,,,,,,,,,,,,,0.0,1.0,,,,1.0,1.0,1.0,1.0,,,,,,,,,,,,,,,,0.0,,,,,,,,1.0,,,,,1.0,,,,,,1.0,,1.0,,1.0,1.0,1.0,,,,,,0.0,0.0,0.0,1.0,0.0,1.0,0.0,0.0,1.0,0.0,1.0,1.0,1.0,1.0,1.0,0.0,0.0,1.0,1.0,,,0.0,0.0,0.0,0.0,0.0,,1.0,0.0,1.0,1.0,0.0,0.0,1.0,1.0,0.0,0.0,0.0,0.0,0.0,,1.0,1.0,0.0,1.0,,0.0,0.0,0.0,0.0,0.0,1.0,0.0,1.0,,1.0,0.0,1.0,1.0,0.0,0.0,0.0,,1.0,1.0,,1.0,1.0,1.0,1.0,1.0,0.0,1.0,1.0,1.0,1.0,1.0,1.0,1.0,1.0,0.0,1.0,0.0,0.0,0.0,0.0,0.0,1.0,0.0,,1.0,1.0,1.0,,1.0,1.0,1.0,0.0,1.0,0.0,0.0,0.0,,0.0,0.0,1.0,0.0,0.0,1.0,1.0,1.0,,,0.0,1.0,,1.0,1.0,1.0,0.0,0.0,1.0,0.0,1.0,1.0,0.0,1.0,0.0,1.0,1.0,0.0,0.0,1.0,,,1.0,1.0,1.0,0.0,0.0,1.0,,,1.0,1.0,0.0,
Cida Borghetti,1.0,1.0,1.0,1.0,0.0,0.0,0.0,,1.0,,1.0,1.0,1.0,,,,1.0,1.0,1.0,,,,,1.0,1.0,1.0,1.0,1.0,0.0,0.0,0.0,,1.0,0.0,1.0,,1.0,1.0,0.0,0.0,0.0,0.0,0.0,1.0,1.0,1.0,1.0,1.0,,1.0,1.0,0.0,0.0,,0.0,1.0,1.0,1.0,0.0,0.0,0.0,0.0,1.0,1.0,0.0,0.0,0.0,1.0,1.0,1.0,1.0,0.0,1.0,,,,0.0,0.0,0.0,0.0,1.0,1.0,1.0,,1.0,1.0,1.0,1.0,1.0,0.0,0.0,1.0,0.0,0.0,1.0,1.0,0.0,0.0,0.0,1.0,,0.0,0.0,1.0,0.0,,0.0,0.0,,,,,,,0.0,,0.0,0.0,1.0,0.0,1.0,1.0,,,0.0,1.0,1.0,0.0,0.0,0.0,1.0,1.0,1.0,1.0,1.0,1.0,0.0,,,0.0,0.0,0.0,,,,,,1.0,1.0,,1.0,0.0,0.0,,0.0,,1.0,1.0,,,,,,,,1.0,1.0,0.0,1.0,,0.0,0.0,0.0,1.0,1.0,0.0,0.0,0.0,1.0,1.0,,1.0,0.0,,0.0,1.0,1.0,1.0,,,,,1.0,1.0,,,1.0,0.0,0.0,0.0,1.0,,1.0,0.0,1.0,,0.0,1.0,1.0,1.0,1.0,1.0,0.0,,,0.0,1.0,1.0,,1.0,,1.0,0.0,0.0,1.0,0.0,1.0,1.0,0.0,0.0,1.0,1.0,0.0,,0.0,,1.0,,1.0,1.0,0.0,1.0,1.0,0.0,1.0,1.0,0.0,0.0,1.0,,1.0,0.0,0.0,0.0,1.0,,,,,,,1.0,,,,,1.0,1.0,,,,,,,,,,,,,,,,,,,,,,1.0,,1.0,1.0,1.0,,1.0,1.0,0.0,1.0,,0.0,,1.0,,0.0,1.0,,,1.0,1.0,0.0,1.0,1.0,1.0,,,0.0,,,,,1.0,0.0,,0.0,,,0.0,0.0,1.0,0.0,1.0,1.0,1.0,1.0,0.0,0.0,1.0,0.0,0.0,,,,1.0
Claudio Cajado,1.0,1.0,1.0,1.0,0.0,0.0,,0.0,1.0,1.0,1.0,1.0,1.0,,1.0,1.0,,,1.0,,1.0,0.0,,,,1.0,,0.0,1.0,1.0,0.0,1.0,,0.0,1.0,1.0,,0.0,0.0,0.0,0.0,0.0,,,1.0,1.0,1.0,1.0,1.0,1.0,,,,1.0,,,,1.0,,,,,1.0,,0.0,,,1.0,1.0,0.0,1.0,,0.0,0.0,1.0,0.0,,,,1.0,0.0,,1.0,1.0,0.0,0.0,0.0,0.0,1.0,,,0.0,,,,,,,,0.0,0.0,,,,1.0,1.0,,,1.0,0.0,1.0,,1.0,1.0,1.0,,,,,,,,,,,0.0,,1.0,,,0.0,,,,,,,,,1.0,1.0,1.0,1.0,,1.0,1.0,1.0,1.0,1.0,1.0,1.0,0.0,1.0,1.0,1.0,,,1.0,1.0,1.0,,,,,,,,,,,,,0.0,1.0,1.0,,,1.0,,,0.0,1.0,,1.0,,1.0,1.0,1.0,0.0,1.0,1.0,1.0,0.0,1.0,1.0,1.0,,0.0,0.0,0.0,1.0,,1.0,1.0,1.0,1.0,1.0,1.0,,,,,1.0,1.0,1.0,1.0,,,1.0,0.0,0.0,,,,1.0,,,1.0,,,,,0.0,0.0,0.0,,0.0,1.0,0.0,0.0,,1.0,,,,,,,1.0,0.0,1.0,1.0,0.0,1.0,1.0,1.0,,,,,,1.0,1.0,0.0,0.0,1.0,1.0,,,0.0,1.0,,,0.0,1.0,1.0,1.0,0.0,,1.0,0.0,,,,,0.0,0.0,0.0,1.0,1.0,0.0,1.0,1.0,1.0,,1.0,0.0,,,0.0,1.0,1.0,1.0,0.0,,,1.0,1.0,,,,,,,,1.0,,,1.0,1.0,,,,,,,1.0,,0.0,1.0,0.0,0.0,1.0,1.0,,0.0,,1.0,1.0,,1.0,1.0,,1.0
Cleber Verde,1.0,1.0,,,1.0,1.0,0.0,,,1.0,,,1.0,0.0,1.0,1.0,1.0,,,,1.0,0.0,0.0,1.0,1.0,,1.0,0.0,,0.0,0.0,1.0,1.0,0.0,1.0,1.0,1.0,0.0,,,,0.0,0.0,1.0,1.0,,1.0,,1.0,1.0,1.0,1.0,0.0,,1.0,,1.0,,0.0,0.0,0.0,,,1.0,,0.0,0.0,1.0,0.0,,1.0,0.0,0.0,,,,,0.0,0.0,0.0,1.0,1.0,1.0,,,,,,,,0.0,1.0,0.0,0.0,1.0,,0.0,0.0,0.0,,0.0,,,,1.0,1.0,0.0,0.0,0.0,0.0,1.0,1.0,1.0,1.0,0.0,0.0,0.0,0.0,1.0,0.0,1.0,1.0,0.0,0.0,0.0,1.0,1.0,0.0,,,,1.0,1.0,1.0,1.0,1.0,0.0,,1.0,0.0,1.0,1.0,0.0,,1.0,,1.0,,1.0,,,0.0,0.0,0.0,0.0,0.0,1.0,1.0,,,,,,,1.0,1.0,,,,,,,,1.0,1.0,,,,1.0,1.0,,1.0,,,0.0,,,,1.0,,1.0,1.0,0.0,1.0,0.0,0.0,1.0,0.0,,0.0,1.0,,0.0,0.0,0.0,1.0,0.0,1.0,1.0,1.0,0.0,,,1.0,1.0,,1.0,1.0,0.0,0.0,0.0,0.0,0.0,0.0,0.0,,1.0,,,,,,,0.0,0.0,,0.0,0.0,1.0,1.0,,,,,,,,,,,1.0,,,,1.0,1.0,,,,1.0,,1.0,0.0,,,,1.0,1.0,0.0,1.0,0.0,1.0,1.0,0.0,1.0,1.0,,0.0,1.0,0.0,0.0,0.0,0.0,,1.0,0.0,,1.0,1.0,,0.0,1.0,1.0,1.0,0.0,1.0,0.0,0.0,,,1.0,,,0.0,,1.0,1.0,1.0,,1.0,,1.0,,1.0,1.0,1.0,,,1.0,,,1.0,0.0,1.0,0.0,1.0,1.0,1.0,,,,,1.0,1.0,1.0,,0.0,1.0,,0.0,,1.0,1.0,1.0
Cláudio Puty,1.0,1.0,0.0,0.0,1.0,1.0,,,1.0,1.0,1.0,1.0,1.0,,,,0.0,1.0,,,0.0,1.0,0.0,1.0,1.0,1.0,1.0,1.0,,0.0,0.0,1.0,,1.0,1.0,1.0,,0.0,,,,1.0,0.0,1.0,1.0,,1.0,1.0,1.0,1.0,1.0,0.0,0.0,1.0,1.0,0.0,,1.0,0.0,0.0,0.0,0.0,1.0,,0.0,0.0,0.0,1.0,0.0,1.0,1.0,0.0,1.0,1.0,0.0,1.0,0.0,0.0,0.0,0.0,1.0,1.0,1.0,,1.0,1.0,1.0,1.0,1.0,,0.0,1.0,0.0,,1.0,1.0,,,,1.0,1.0,0.0,0.0,1.0,0.0,,0.0,0.0,0.0,0.0,,,,1.0,,0.0,,0.0,1.0,0.0,1.0,1.0,0.0,0.0,0.0,1.0,1.0,0.0,0.0,0.0,1.0,1.0,1.0,1.0,1.0,1.0,,,1.0,0.0,0.0,0.0,0.0,1.0,0.0,0.0,,,1.0,0.0,,0.0,0.0,0.0,0.0,,1.0,1.0,0.0,1.0,0.0,0.0,0.0,1.0,1.0,1.0,,0.0,1.0,,0.0,0.0,,,0.0,0.0,0.0,0.0,,1.0,,0.0,0.0,,1.0,1.0,1.0,,1.0,0.0,,1.0,0.0,,0.0,0.0,1.0,0.0,0.0,,1.0,0.0,1.0,1.0,1.0,1.0,0.0,1.0,0.0,1.0,1.0,1.0,,,0.0,0.0,1.0,1.0,0.0,0.0,0.0,0.0,0.0,0.0,1.0,0.0,1.0,1.0,0.0,1.0,1.0,1.0,0.0,0.0,0.0,0.0,0.0,0.0,1.0,1.0,,1.0,1.0,0.0,0.0,0.0,0.0,0.0,,1.0,,,1.0,0.0,,1.0,0.0,0.0,0.0,1.0,1.0,1.0,1.0,0.0,0.0,1.0,1.0,1.0,0.0,,,1.0,1.0,0.0,1.0,1.0,1.0,1.0,1.0,,0.0,,,,,,,1.0,1.0,,,1.0,,,0.0,1.0,,,,,,,1.0,,,,,1.0,0.0,0.0,0.0,1.0,0.0,1.0,1.0,1.0,0.0,0.0,,0.0,1.0,,0.0,1.0,,0.0,,,,,0.0,,1.0,,,,,0.0,,0.0,1.0,,1.0,1.0
Colbert Martins,,,,,,,,,,,,,1.0,0.0,,1.0,,,,1.0,1.0,1.0,,,,,,,,,,1.0,1.0,,,,,0.0,1.0,,1.0,0.0,,,1.0,,,,,,,,,,,,1.0,,,,,,,,,,,,,,,,1.0,,,,,,,,,,,,,,,,,,,,,,,,,,,,,,,,,,,,,0.0,,,1.0,1.0,,,,,,,,,,,,,,,,,,,,,,,,,,,,,0.0,1.0,,,,1.0,,,,,,,,,,,,,,,,,,,0.0,,,,,,,1.0,1.0,,,,,,,,,,,,,,,,,1.0,,,,,,0.0,0.0,0.0,,,1.0,,,1.0,,0.0,1.0,1.0,,,0.0,0.0,0.0,0.0,,,1.0,1.0,1.0,1.0,1.0,0.0,1.0,0.0,1.0,,0.0,,1.0,,0.0,0.0,0.0,0.0,1.0,0.0,,1.0,,1.0,,0.0,1.0,0.0,,,,,1.0,0.0,0.0,0.0,1.0,1.0,1.0,0.0,0.0,1.0,1.0,,1.0,0.0,0.0,1.0,,,0.0,0.0,0.0,,1.0,0.0,1.0,1.0,1.0,,1.0,,,1.0,0.0,,0.0,1.0,0.0,,1.0,,0.0,,1.0,1.0,0.0,,0.0,,1.0,0.0,1.0,1.0,,,0.0,,,1.0,1.0,1.0,0.0,1.0,1.0,,,,,,1.0,,,,,,,,1.0,0.0,0.0,1.0,0.0,1.0,,1.0,0.0,,,1.0,,,,,,
Costa Ferreira,1.0,1.0,,,0.0,0.0,,1.0,1.0,1.0,,1.0,1.0,0.0,1.0,1.0,,,,1.0,1.0,0.0,0.0,1.0,1.0,1.0,1.0,1.0,0.0,0.0,0.0,1.0,1.0,0.0,1.0,1.0,1.0,0.0,0.0,0.0,0.0,0.0,0.0,,1.0,,1.0,1.0,1.0,1.0,,,,1.0,1.0,1.0,,1.0,,,,,,,,,,,,,,,,,,,,,,,,,,1.0,1.0,1.0,1.0,1.0,1.0,,,,,0.0,1.0,1.0,,,,1.0,1.0,,0.0,1.0,1.0,,0.0,0.0,,0.0,1.0,1.0,1.0,1.0,,0.0,0.0,0.0,1.0,0.0,1.0,1.0,0.0,,0.0,1.0,1.0,0.0,,0.0,1.0,1.0,1.0,1.0,1.0,1.0,0.0,0.0,1.0,0.0,1.0,1.0,1.0,1.0,1.0,1.0,1.0,,,0.0,,0.0,0.0,1.0,0.0,0.0,,1.0,,,0.0,0.0,,0.0,1.0,1.0,0.0,0.0,1.0,0.0,0.0,0.0,0.0,1.0,1.0,0.0,0.0,1.0,1.0,,0.0,1.0,0.0,0.0,0.0,,,,1.0,1.0,1.0,1.0,1.0,1.0,0.0,0.0,,0.0,0.0,1.0,1.0,1.0,1.0,,,,,,,,,,0.0,0.0,1.0,0.0,,,0.0,1.0,0.0,1.0,0.0,0.0,0.0,0.0,,1.0,0.0,1.0,1.0,1.0,0.0,0.0,0.0,0.0,1.0,1.0,,0.0,0.0,1.0,1.0,0.0,1.0,,0.0,0.0,,0.0,1.0,0.0,0.0,0.0,1.0,1.0,0.0,0.0,0.0,1.0,1.0,,1.0,0.0,0.0,1.0,1.0,1.0,,0.0,1.0,1.0,1.0,0.0,1.0,1.0,1.0,0.0,1.0,0.0,0.0,0.0,0.0,0.0,1.0,0.0,1.0,0.0,,,0.0,,1.0,1.0,0.0,1.0,0.0,,1.0,0.0,1.0,1.0,,,0.0,1.0,,,,,,,,,,,,,1.0,,,,,,,,1.0,0.0,0.0,1.0,,,,,,,,,,,,,,
Cristiano,,,1.0,0.0,,,,,,,,,,,,,,,,,,,,,,,,,,,,,,,,,,,,,,,,,,,,,,,1.0,0.0,,,,,,,0.0,,0.0,0.0,1.0,1.0,,0.0,0.0,1.0,0.0,1.0,,0.0,,1.0,0.0,1.0,0.0,0.0,0.0,0.0,1.0,1.0,1.0,,,,,,,,,,,,,,,,,,,,,,,,,,0.0,,,,,,,,,,,,,,,,,,,,,,,,,,,,,,,,,,,,,,,,,,,,,,,,,,,,,,,,,,,,,,,,,,,,,,,,,,,,,,,,,,,,,,,,,,,,,,,,,,,,,,,,,,,,,,,,,,,,,,,,,,,,,,,,,,,,,,,,,,,,,,,,,,,,,,,,,,,,,,,,,,,,,,,,,,,,,,,,,,,,,,,,,,,,,,,,,,,,,,,,,,,,,,,,,,,,,,,,,,,,,,,,,,,,,,,,,,,
Cândido Vaccarezza,,1.0,1.0,0.0,1.0,,0.0,,1.0,1.0,,,1.0,,,,,,1.0,1.0,1.0,1.0,,1.0,1.0,,1.0,1.0,0.0,,0.0,,,,,1.0,,,,,,,,1.0,1.0,,1.0,1.0,1.0,1.0,1.0,0.0,0.0,,0.0,0.0,,,0.0,0.0,0.0,,1.0,1.0,0.0,0.0,0.0,0.0,,1.0,1.0,0.0,1.0,,0.0,1.0,0.0,,0.0,0.0,1.0,1.0,1.0,1.0,1.0,1.0,1.0,,1.0,0.0,0.0,1.0,,,1.0,,0.0,0.0,0.0,1.0,1.0,0.0,0.0,1.0,0.0,1.0,,0.0,0.0,,,,,,0.0,,,,1.0,0.0,1.0,1.0,0.0,0.0,0.0,1.0,1.0,,0.0,0.0,1.0,1.0,1.0,1.0,1.0,1.0,0.0,1.0,1.0,0.0,0.0,0.0,,,0.0,,,,,0.0,1.0,1.0,,0.0,,,,,,1.0,,,0.0,,,1.0,,,,,0.0,,,,,,,0.0,,1.0,1.0,0.0,,,1.0,,,1.0,,,,1.0,,0.0,0.0,,,,,0.0,1.0,0.0,1.0,,,,,,,,0.0,,0.0,0.0,0.0,,,,,0.0,0.0,0.0,0.0,0.0,1.0,,1.0,1.0,0.0,,1.0,1.0,0.0,,,0.0,0.0,0.0,1.0,1.0,,1.0,1.0,0.0,0.0,0.0,,,1.0,,1.0,,,0.0,1.0,1.0,,0.0,,1.0,,,1.0,1.0,1.0,1.0,1.0,,0.0,,,,1.0,1.0,1.0,1.0,,,1.0,0.0,,,0.0,0.0,1.0,,1.0,1.0,1.0,1.0,0.0,1.0,,1.0,,1.0,0.0,0.0,,,,,,,,,1.0,1.0,,0.0,,,,1.0,1.0,,0.0,,1.0,,,,,,0.0,,,1.0,,,0.0,1.0,,,,,,,,,,,,1.0
César Halum,1.0,,1.0,1.0,0.0,0.0,,0.0,1.0,1.0,,,,,0.0,1.0,1.0,1.0,,1.0,1.0,0.0,,1.0,1.0,1.0,1.0,1.0,0.0,0.0,0.0,1.0,,0.0,1.0,1.0,1.0,0.0,,,,,,,1.0,1.0,1.0,,,1.0,1.0,,0.0,,0.0,1.0,1.0,,,,,0.0,0.0,,,1.0,,1.0,1.0,,1.0,0.0,1.0,1.0,1.0,0.0,0.0,0.0,1.0,1.0,0.0,1.0,1.0,,1.0,1.0,,,1.0,0.0,,1.0,0.0,0.0,1.0,1.0,,,0.0,1.0,,,,1.0,0.0,1.0,,,0.0,0.0,,1.0,,,0.0,,0.0,0.0,1.0,0.0,1.0,1.0,0.0,,,1.0,1.0,0.0,0.0,,,,,,,,,1.0,1.0,,0.0,0.0,0.0,,1.0,1.0,,1.0,,1.0,1.0,,1.0,,0.0,0.0,1.0,1.0,0.0,,,,0.0,,1.0,,0.0,,1.0,0.0,0.0,0.0,0.0,1.0,1.0,0.0,,,1.0,1.0,1.0,1.0,,,,1.0,1.0,,0.0,1.0,1.0,1.0,0.0,,1.0,,,,,,,0.0,,0.0,0.0,,,1.0,,,,1.0,1.0,1.0,,,1.0,1.0,1.0,0.0,0.0,,,,,0.0,,1.0,,,1.0,,,1.0,,0.0,,,1.0,1.0,0.0,,1.0,0.0,1.0,,0.0,,1.0,0.0,1.0,,,,1.0,,,,,,1.0,,1.0,1.0,1.0,,1.0,,,1.0,1.0,1.0,1.0,1.0,1.0,,,,1.0,,,,,,,,,0.0,1.0,,0.0,1.0,,1.0,,1.0,,,0.0,,1.0,1.0,1.0,,,,,,,1.0,0.0,1.0,,1.0,1.0,1.0,0.0,0.0,,0.0,,,,,,1.0,1.0,,,,,1.0,1.0,1.0,,0.0,0.0,1.0,,0.0,,,0.0,1.0
Dalva Figueiredo,1.0,1.0,,,1.0,,0.0,1.0,1.0,,1.0,,1.0,,0.0,0.0,0.0,1.0,1.0,0.0,0.0,1.0,0.0,1.0,1.0,,,,,,,,1.0,1.0,,1.0,1.0,,0.0,,0.0,1.0,,1.0,1.0,1.0,,1.0,1.0,1.0,1.0,0.0,0.0,1.0,1.0,0.0,1.0,,0.0,0.0,0.0,0.0,1.0,,0.0,0.0,0.0,0.0,0.0,1.0,1.0,0.0,1.0,,,,,0.0,0.0,0.0,1.0,1.0,1.0,1.0,1.0,1.0,1.0,,1.0,0.0,0.0,1.0,0.0,0.0,1.0,1.0,0.0,0.0,0.0,,1.0,0.0,,,0.0,1.0,,0.0,0.0,,1.0,1.0,,1.0,0.0,0.0,0.0,,1.0,0.0,1.0,1.0,0.0,,0.0,1.0,1.0,0.0,0.0,,1.0,1.0,1.0,1.0,1.0,1.0,0.0,,1.0,0.0,,,0.0,1.0,0.0,0.0,1.0,1.0,1.0,1.0,,,,,,0.0,1.0,,,,,,0.0,1.0,1.0,1.0,,0.0,1.0,0.0,0.0,0.0,0.0,1.0,1.0,0.0,0.0,0.0,,1.0,,,,,1.0,1.0,1.0,,,0.0,1.0,,1.0,0.0,,0.0,1.0,0.0,0.0,0.0,1.0,0.0,1.0,,,1.0,0.0,1.0,1.0,1.0,0.0,1.0,0.0,0.0,0.0,0.0,1.0,,,0.0,0.0,0.0,0.0,0.0,1.0,0.0,1.0,1.0,0.0,1.0,1.0,1.0,0.0,,,0.0,0.0,0.0,,1.0,,1.0,1.0,0.0,0.0,0.0,0.0,,1.0,,,,1.0,0.0,,1.0,0.0,0.0,0.0,,1.0,,1.0,1.0,1.0,1.0,1.0,1.0,0.0,1.0,0.0,1.0,,,,,,1.0,1.0,0.0,0.0,0.0,0.0,0.0,1.0,0.0,1.0,1.0,1.0,1.0,,1.0,1.0,1.0,0.0,1.0,,,1.0,,,0.0,1.0,,0.0,1.0,,1.0,0.0,0.0,0.0,1.0,0.0,1.0,1.0,1.0,0.0,0.0,,,1.0,,,,,0.0,1.0,1.0,,,0.0,1.0,,1.0,0.0,,,0.0,,0.0,1.0,1.0,1.0,1.0
Damião Feliciano,1.0,1.0,1.0,0.0,,1.0,0.0,1.0,1.0,1.0,1.0,1.0,,0.0,1.0,1.0,,1.0,1.0,,1.0,0.0,,,,1.0,1.0,,,0.0,0.0,1.0,1.0,0.0,1.0,1.0,1.0,0.0,0.0,0.0,0.0,1.0,0.0,1.0,1.0,1.0,,1.0,,,1.0,0.0,,1.0,0.0,,1.0,1.0,0.0,0.0,0.0,0.0,,1.0,1.0,0.0,,,,1.0,1.0,,1.0,1.0,,1.0,,0.0,0.0,0.0,1.0,1.0,,,1.0,1.0,1.0,1.0,1.0,0.0,0.0,1.0,0.0,0.0,1.0,,,,0.0,1.0,1.0,0.0,0.0,1.0,0.0,1.0,0.0,0.0,0.0,0.0,1.0,,1.0,1.0,0.0,,,,,,,,,,,,,,,0.0,1.0,,1.0,,,,,,1.0,0.0,0.0,0.0,,,1.0,1.0,1.0,,1.0,0.0,,0.0,0.0,0.0,0.0,0.0,,1.0,,1.0,0.0,0.0,0.0,1.0,1.0,1.0,,0.0,1.0,0.0,0.0,,1.0,,1.0,,0.0,0.0,,,0.0,,0.0,0.0,1.0,,,1.0,1.0,1.0,1.0,1.0,1.0,,,,,0.0,0.0,0.0,1.0,0.0,,1.0,1.0,1.0,,,,,0.0,,0.0,1.0,0.0,0.0,,,1.0,0.0,0.0,0.0,0.0,,1.0,,,1.0,0.0,1.0,1.0,1.0,0.0,,,,0.0,0.0,1.0,0.0,,1.0,1.0,,1.0,0.0,0.0,0.0,,0.0,1.0,,1.0,,1.0,1.0,0.0,0.0,0.0,1.0,1.0,,0.0,,,1.0,1.0,,,1.0,1.0,1.0,1.0,0.0,1.0,1.0,1.0,1.0,1.0,1.0,0.0,0.0,0.0,,,0.0,0.0,1.0,,,,1.0,1.0,1.0,0.0,1.0,,0.0,0.0,,,,1.0,0.0,0.0,1.0,1.0,,1.0,,0.0,1.0,1.0,1.0,,,0.0,0.0,,1.0,0.0,1.0,,,0.0,1.0,,,0.0,,0.0,1.0,,,,,0.0,,,0.0,,,,1.0
Daniel Almeida,1.0,1.0,1.0,,1.0,1.0,0.0,1.0,,1.0,1.0,1.0,1.0,,1.0,0.0,0.0,1.0,,1.0,1.0,1.0,0.0,1.0,1.0,1.0,1.0,1.0,0.0,0.0,0.0,1.0,1.0,,1.0,1.0,1.0,1.0,,0.0,0.0,1.0,0.0,1.0,1.0,,1.0,1.0,1.0,1.0,,0.0,,1.0,1.0,,1.0,1.0,,0.0,0.0,0.0,,1.0,0.0,0.0,0.0,,0.0,1.0,1.0,0.0,0.0,,,,0.0,0.0,0.0,0.0,1.0,1.0,1.0,,1.0,1.0,1.0,1.0,1.0,,0.0,1.0,0.0,0.0,,1.0,,0.0,0.0,1.0,1.0,0.0,0.0,1.0,0.0,1.0,0.0,0.0,,0.0,,1.0,1.0,1.0,0.0,,0.0,0.0,1.0,0.0,1.0,1.0,0.0,,0.0,1.0,,0.0,0.0,0.0,1.0,1.0,,1.0,1.0,1.0,0.0,1.0,1.0,,0.0,0.0,0.0,1.0,0.0,1.0,1.0,1.0,1.0,,1.0,0.0,1.0,0.0,0.0,0.0,,1.0,0.0,1.0,,,,,1.0,1.0,0.0,0.0,,0.0,0.0,0.0,,1.0,1.0,0.0,0.0,0.0,,1.0,1.0,1.0,,,1.0,1.0,1.0,0.0,,0.0,1.0,1.0,1.0,1.0,,0.0,1.0,0.0,,,,0.0,1.0,0.0,0.0,1.0,0.0,1.0,,1.0,0.0,1.0,0.0,0.0,1.0,0.0,1.0,1.0,0.0,0.0,,0.0,1.0,,,,,,,,,,,0.0,0.0,0.0,0.0,1.0,1.0,,,1.0,1.0,0.0,0.0,0.0,0.0,0.0,1.0,0.0,1.0,0.0,1.0,,1.0,1.0,0.0,0.0,0.0,1.0,1.0,,1.0,0.0,0.0,1.0,1.0,1.0,0.0,,0.0,1.0,1.0,0.0,1.0,,1.0,1.0,1.0,0.0,0.0,,0.0,0.0,1.0,0.0,1.0,1.0,1.0,1.0,0.0,1.0,1.0,1.0,0.0,1.0,,0.0,0.0,1.0,,0.0,,0.0,0.0,1.0,1.0,1.0,1.0,0.0,0.0,1.0,1.0,1.0,1.0,1.0,0.0,0.0,1.0,0.0,1.0,1.0,,1.0,0.0,0.0,,1.0,,,,1.0,1.0,1.0,1.0,,,0.0,0.0,0.0,1.0,1.0,,1.0
Danilo Cabral,,,,,,,,,,,,1.0,,,,,1.0,1.0,,,,,,,,,,,,,,,,,,,,,,,,,,1.0,,1.0,,,,,,,,,,,,,,,,,,,,,,,,,,,0.0,,,,,,,,,,,,,,,,,,,,,,,,,,,,,,,,,,,,,,,,,,,,,,,,,,,,,,,,,,,,,,,,,,,,,,,,,,,1.0,,,1.0,,,,,,,,,,,,,,,,,,,,,,,,,,,,,1.0,,,,,,,,0.0,,,,,,,,,,,,,,,,1.0,1.0,1.0,1.0,1.0,1.0,1.0,1.0,1.0,,,,,,,,,,,,,,,,,,,,,,,,,,,,,,,,,,,,,1.0,,,,,,,,,,,,,,,,,,,,,,,,,,,,,,,,,,,,,,,,,1.0,,1.0,,,,,,,,,,,1.0,,,,,,,,,,,1.0,1.0,1.0,,,,,,,0.0,0.0,0.0,1.0,,,,,,0.0,1.0,1.0,1.0,,,1.0,0.0,,,1.0,,1.0
Danilo Forte,1.0,1.0,1.0,1.0,0.0,0.0,,1.0,1.0,1.0,,,1.0,0.0,0.0,1.0,1.0,1.0,1.0,1.0,1.0,,,,,1.0,1.0,1.0,0.0,0.0,0.0,1.0,1.0,0.0,1.0,,,,,,,,0.0,1.0,,,1.0,,1.0,1.0,1.0,0.0,0.0,1.0,0.0,,,,,0.0,0.0,,1.0,1.0,,0.0,,1.0,0.0,,,0.0,1.0,1.0,0.0,1.0,0.0,,0.0,0.0,1.0,1.0,1.0,,1.0,1.0,,,,0.0,0.0,1.0,0.0,0.0,1.0,1.0,0.0,,,0.0,1.0,,,,,,0.0,,,0.0,,1.0,1.0,1.0,,0.0,0.0,,,0.0,1.0,1.0,,0.0,,1.0,1.0,0.0,,0.0,1.0,1.0,1.0,1.0,1.0,1.0,,1.0,1.0,,0.0,0.0,,,0.0,1.0,1.0,1.0,1.0,0.0,1.0,0.0,,,,0.0,,1.0,,1.0,,0.0,0.0,1.0,,1.0,,,,0.0,0.0,0.0,,,1.0,,,,,1.0,,1.0,0.0,0.0,0.0,1.0,,1.0,1.0,1.0,1.0,1.0,0.0,,0.0,0.0,,0.0,0.0,,,,1.0,,,,,,,,,1.0,0.0,0.0,0.0,0.0,,,1.0,1.0,,,,0.0,1.0,0.0,,1.0,0.0,,,,0.0,0.0,0.0,0.0,1.0,0.0,1.0,1.0,,1.0,1.0,0.0,1.0,,,,1.0,1.0,1.0,0.0,0.0,0.0,1.0,1.0,,,,1.0,,1.0,,,,,1.0,1.0,0.0,0.0,0.0,0.0,1.0,,,1.0,1.0,,,,,0.0,0.0,0.0,1.0,0.0,1.0,,1.0,1.0,0.0,1.0,1.0,,0.0,1.0,0.0,1.0,,0.0,1.0,1.0,1.0,,1.0,,0.0,,1.0,1.0,0.0,1.0,1.0,1.0,0.0,1.0,0.0,0.0,1.0,0.0,1.0,,,,,1.0,1.0,0.0,0.0,1.0,0.0,0.0,,1.0,,0.0,0.0,1.0,,0.0,1.0,1.0,0.0,1.0
Danrlei De Deus Hinterholz,1.0,1.0,1.0,1.0,0.0,0.0,,1.0,1.0,1.0,1.0,1.0,1.0,0.0,1.0,1.0,1.0,,1.0,1.0,1.0,0.0,,,,,1.0,1.0,,0.0,,1.0,1.0,0.0,,,,1.0,,0.0,0.0,0.0,0.0,1.0,1.0,,,,1.0,,1.0,0.0,0.0,1.0,0.0,1.0,1.0,1.0,0.0,0.0,0.0,,,1.0,0.0,0.0,0.0,1.0,0.0,1.0,1.0,0.0,0.0,1.0,0.0,,0.0,0.0,0.0,0.0,1.0,1.0,1.0,,1.0,1.0,,1.0,1.0,0.0,0.0,1.0,0.0,0.0,1.0,1.0,0.0,,,1.0,1.0,0.0,,1.0,,1.0,0.0,0.0,0.0,0.0,1.0,0.0,1.0,1.0,,,0.0,,1.0,0.0,1.0,1.0,0.0,0.0,0.0,1.0,1.0,0.0,0.0,,1.0,1.0,1.0,,,1.0,0.0,1.0,1.0,0.0,0.0,0.0,0.0,,1.0,1.0,1.0,1.0,1.0,1.0,1.0,,1.0,1.0,0.0,,1.0,,0.0,,,,,,,1.0,0.0,0.0,,0.0,0.0,0.0,1.0,0.0,1.0,,,,1.0,,0.0,1.0,,,0.0,,,1.0,0.0,1.0,1.0,1.0,0.0,1.0,,,,,,0.0,,0.0,1.0,1.0,1.0,1.0,0.0,1.0,1.0,1.0,1.0,1.0,1.0,1.0,1.0,0.0,1.0,1.0,1.0,0.0,,1.0,0.0,,1.0,0.0,1.0,,0.0,1.0,1.0,1.0,,1.0,0.0,,1.0,1.0,,0.0,0.0,,,,1.0,0.0,0.0,,1.0,0.0,1.0,,,,1.0,1.0,0.0,0.0,0.0,1.0,1.0,,1.0,1.0,1.0,0.0,1.0,1.0,0.0,1.0,1.0,1.0,,1.0,1.0,1.0,1.0,0.0,1.0,1.0,0.0,,,,,,0.0,0.0,1.0,1.0,0.0,1.0,,1.0,0.0,1.0,0.0,1.0,0.0,,1.0,1.0,1.0,0.0,,,1.0,1.0,1.0,1.0,0.0,1.0,1.0,1.0,1.0,1.0,0.0,0.0,1.0,1.0,,,0.0,0.0,0.0,1.0,1.0,,,1.0,,,,1.0,1.0,0.0,,1.0,0.0,,1.0,,,1.0
Darcísio Perondi,1.0,1.0,1.0,1.0,0.0,0.0,1.0,,,1.0,1.0,1.0,,0.0,0.0,1.0,1.0,,1.0,1.0,,0.0,,1.0,1.0,1.0,1.0,1.0,0.0,0.0,0.0,1.0,1.0,0.0,1.0,1.0,0.0,,0.0,1.0,1.0,0.0,0.0,0.0,1.0,1.0,1.0,,1.0,1.0,0.0,,,1.0,1.0,1.0,1.0,1.0,0.0,0.0,,0.0,,0.0,1.0,1.0,1.0,,1.0,1.0,1.0,,1.0,,,,1.0,0.0,0.0,0.0,1.0,,1.0,,0.0,0.0,0.0,,,,1.0,0.0,0.0,0.0,1.0,1.0,0.0,,,1.0,1.0,,,1.0,1.0,1.0,,0.0,,0.0,1.0,1.0,,1.0,0.0,,,0.0,1.0,0.0,1.0,1.0,0.0,0.0,,1.0,1.0,0.0,0.0,0.0,1.0,1.0,,1.0,1.0,1.0,0.0,1.0,1.0,1.0,1.0,1.0,0.0,1.0,0.0,1.0,1.0,1.0,1.0,0.0,1.0,0.0,,1.0,1.0,0.0,,1.0,,1.0,0.0,0.0,0.0,1.0,1.0,1.0,0.0,0.0,1.0,0.0,,0.0,1.0,0.0,0.0,0.0,,0.0,,1.0,1.0,1.0,,,0.0,1.0,1.0,1.0,,1.0,1.0,0.0,1.0,,,,,,,0.0,1.0,0.0,,1.0,1.0,1.0,1.0,1.0,1.0,1.0,1.0,1.0,,0.0,0.0,0.0,1.0,1.0,1.0,1.0,,,,0.0,1.0,,1.0,,1.0,0.0,1.0,0.0,0.0,0.0,0.0,,1.0,0.0,1.0,,,1.0,,,,,,,1.0,1.0,1.0,1.0,,1.0,1.0,,0.0,0.0,0.0,1.0,,,1.0,,,0.0,1.0,1.0,0.0,1.0,1.0,,1.0,0.0,0.0,1.0,1.0,0.0,1.0,,,,,0.0,0.0,1.0,0.0,0.0,1.0,1.0,0.0,1.0,1.0,1.0,0.0,1.0,,,,,1.0,1.0,1.0,0.0,0.0,1.0,1.0,1.0,1.0,1.0,,1.0,1.0,1.0,0.0,0.0,0.0,0.0,,1.0,,0.0,1.0,,,1.0,1.0,0.0,0.0,1.0,0.0,1.0,1.0,1.0,1.0,,0.0,1.0,,1.0,1.0,1.0,,1.0
Davi Alcolumbre,1.0,1.0,1.0,1.0,0.0,0.0,1.0,1.0,1.0,1.0,1.0,,1.0,,,,1.0,1.0,1.0,1.0,1.0,0.0,,1.0,1.0,1.0,,0.0,1.0,1.0,0.0,,1.0,0.0,1.0,,1.0,0.0,0.0,,0.0,0.0,,1.0,1.0,1.0,1.0,1.0,1.0,1.0,0.0,,,1.0,,,1.0,,,,,,0.0,,,,,,,,1.0,,1.0,0.0,,0.0,,,1.0,1.0,0.0,,,,,,,,,,,0.0,,1.0,,,,,,0.0,0.0,,,,1.0,1.0,,,1.0,0.0,,0.0,1.0,1.0,1.0,,,,,,,0.0,1.0,,,0.0,,1.0,,,0.0,,,,,,,1.0,,1.0,1.0,1.0,,,1.0,1.0,1.0,1.0,1.0,1.0,1.0,0.0,,1.0,1.0,,1.0,1.0,1.0,1.0,,,,0.0,,,,,,,,,0.0,1.0,1.0,,,,,,,,,,,1.0,1.0,1.0,0.0,1.0,1.0,1.0,0.0,1.0,1.0,1.0,1.0,,0.0,,,,,,,1.0,,1.0,1.0,1.0,,1.0,,,1.0,,1.0,1.0,1.0,,,,,,,,,,,,,,,1.0,,,,,,0.0,,1.0,0.0,1.0,1.0,1.0,1.0,,1.0,0.0,1.0,,0.0,,1.0,1.0,,,,,,,,1.0,1.0,0.0,1.0,,,,,1.0,1.0,1.0,1.0,,,0.0,1.0,1.0,0.0,,,,,,0.0,0.0,1.0,1.0,0.0,1.0,1.0,1.0,,1.0,0.0,,0.0,,,1.0,1.0,,,,,1.0,1.0,0.0,,0.0,1.0,1.0,1.0,1.0,,,1.0,,0.0,,,,,,,0.0,0.0,1.0,0.0,0.0,1.0,1.0,1.0,0.0,0.0,1.0,,,1.0,1.0,0.0,1.0
Davi Alves Silva Júnior,,1.0,,,0.0,0.0,,0.0,1.0,1.0,1.0,,1.0,0.0,1.0,,1.0,,,1.0,,1.0,0.0,1.0,0.0,1.0,1.0,1.0,,,,1.0,1.0,0.0,1.0,1.0,1.0,0.0,0.0,,1.0,0.0,,1.0,1.0,1.0,,1.0,1.0,1.0,1.0,0.0,0.0,,0.0,1.0,1.0,,0.0,0.0,0.0,,,1.0,0.0,0.0,0.0,,,1.0,,0.0,0.0,1.0,0.0,1.0,,0.0,0.0,0.0,1.0,1.0,1.0,1.0,1.0,1.0,1.0,1.0,1.0,,,1.0,0.0,0.0,1.0,1.0,0.0,0.0,0.0,0.0,0.0,0.0,0.0,1.0,1.0,1.0,0.0,0.0,0.0,0.0,,1.0,1.0,1.0,,,,,,,,,,,,,1.0,0.0,,0.0,,1.0,1.0,1.0,1.0,1.0,,0.0,,0.0,1.0,1.0,0.0,1.0,1.0,1.0,1.0,,,1.0,1.0,1.0,,1.0,0.0,0.0,1.0,1.0,1.0,1.0,0.0,0.0,,,1.0,,0.0,,,0.0,0.0,0.0,0.0,1.0,1.0,,0.0,1.0,,1.0,,1.0,,,1.0,1.0,1.0,1.0,1.0,,1.0,1.0,1.0,1.0,0.0,0.0,,,,0.0,1.0,0.0,1.0,1.0,0.0,1.0,0.0,1.0,1.0,1.0,0.0,1.0,0.0,0.0,1.0,1.0,,,0.0,0.0,,0.0,1.0,,,,0.0,1.0,0.0,0.0,1.0,1.0,0.0,0.0,0.0,0.0,0.0,1.0,1.0,1.0,,1.0,1.0,0.0,1.0,0.0,0.0,0.0,,,1.0,0.0,,0.0,1.0,1.0,0.0,0.0,0.0,1.0,1.0,1.0,,0.0,0.0,1.0,1.0,,,1.0,1.0,1.0,,0.0,1.0,1.0,1.0,0.0,1.0,,0.0,0.0,0.0,0.0,1.0,0.0,,1.0,1.0,1.0,0.0,1.0,1.0,1.0,0.0,1.0,0.0,0.0,0.0,1.0,0.0,1.0,1.0,0.0,0.0,1.0,0.0,1.0,1.0,1.0,0.0,1.0,1.0,1.0,1.0,1.0,0.0,0.0,1.0,0.0,1.0,1.0,0.0,1.0,,1.0,,,0.0,1.0,0.0,1.0,1.0,1.0,1.0,,,1.0,1.0,0.0,,1.0,,1.0
Delegado Protógenes,1.0,1.0,1.0,1.0,1.0,,,1.0,1.0,1.0,1.0,1.0,1.0,0.0,1.0,,,,1.0,1.0,1.0,,0.0,1.0,1.0,1.0,1.0,0.0,,,,1.0,,0.0,1.0,1.0,,1.0,,,0.0,1.0,0.0,,,,1.0,1.0,1.0,,1.0,0.0,0.0,1.0,,1.0,,,,,0.0,0.0,1.0,,0.0,0.0,0.0,1.0,0.0,1.0,1.0,0.0,,1.0,0.0,1.0,,0.0,0.0,0.0,1.0,1.0,1.0,,,,,,,,0.0,0.0,,0.0,1.0,1.0,0.0,0.0,,,1.0,,,,0.0,1.0,,,,0.0,1.0,,,,,,,,,,,,,,,,,,,,,,,,,,,,,0.0,,,0.0,1.0,,,,,1.0,0.0,,1.0,1.0,,,0.0,1.0,1.0,0.0,,,0.0,0.0,1.0,,1.0,,0.0,1.0,0.0,,,0.0,1.0,,0.0,0.0,0.0,1.0,,,0.0,0.0,,1.0,,,0.0,,,,,1.0,1.0,,,,,0.0,,,0.0,1.0,0.0,0.0,,,,,,,,,,1.0,,,,0.0,0.0,0.0,0.0,1.0,0.0,1.0,,,1.0,0.0,1.0,1.0,1.0,0.0,1.0,,0.0,0.0,1.0,1.0,,,,,,,,,,,,1.0,,,,1.0,1.0,0.0,0.0,0.0,1.0,,,1.0,,,,1.0,,0.0,1.0,0.0,,,,,1.0,1.0,,1.0,,,0.0,,,1.0,0.0,,1.0,,,,,,,,1.0,,,,,,,,0.0,,,1.0,,1.0,0.0,,1.0,1.0,,,,,0.0,1.0,0.0,,,,,,,,,,,0.0,1.0,,,,,,,,,,,,
Delegado Waldir,,,1.0,1.0,,,,,,,,,,,,,,,,,,,,,,,,,,,,,,,,,,,,,,,,,,,,,,,0.0,,0.0,,,,,,,,,,,,,,,1.0,1.0,0.0,1.0,1.0,,0.0,1.0,0.0,,,,,,0.0,,,0.0,0.0,0.0,,,,,0.0,1.0,1.0,,,,,,,,,,,,,,,1.0,,,,,,,,,,,,,,,,,,,,,,,,,,,,,,,,,,,,,,,,,,,,,,,,,,,,,,,,,,,,,,,,,,,,,,,,,,,,,,,,,,,,,,,,,,,,,,,,,,,,,,,,,,,,,,,,,,,,,,,,,,,,,,,,,,,,,,,,,,,,,,,,,,,,,,,,,,,,,,,,,,,,,,,,,,,,,,,,,,,,,,,,,,,,,,,,,,,,,,,,,,,,,,,,,,,,,,,,,,,,,,,,,,,,,,,,,,,
Deley,1.0,1.0,0.0,0.0,,,1.0,,1.0,1.0,1.0,,1.0,,,1.0,,,1.0,1.0,1.0,0.0,0.0,1.0,1.0,1.0,1.0,0.0,0.0,,,1.0,1.0,0.0,1.0,1.0,1.0,,,0.0,1.0,0.0,0.0,,1.0,,1.0,1.0,,,1.0,0.0,0.0,,,,1.0,,,,,,,1.0,,0.0,,,0.0,1.0,,0.0,,,,0.0,,,,,,1.0,,,1.0,1.0,,1.0,1.0,0.0,0.0,1.0,1.0,1.0,,,,0.0,0.0,0.0,,,0.0,1.0,,1.0,,,0.0,0.0,,0.0,1.0,,1.0,0.0,0.0,0.0,1.0,0.0,1.0,,,,,,,,0.0,0.0,1.0,1.0,,1.0,1.0,1.0,0.0,1.0,1.0,,1.0,1.0,,,,,,,1.0,1.0,,,,1.0,0.0,,,0.0,1.0,,,,,,,1.0,0.0,,,,,,0.0,1.0,1.0,,,,,,,1.0,,,,,,,,0.0,1.0,1.0,,,,,,,,,,1.0,,,,,,,,,,,,1.0,1.0,1.0,,,0.0,,,,,,0.0,,,,,,,,,0.0,,,,,0.0,0.0,,,1.0,,1.0,1.0,1.0,,,1.0,1.0,0.0,0.0,1.0,1.0,1.0,,,,,,,0.0,1.0,1.0,0.0,1.0,,,1.0,1.0,1.0,1.0,1.0,1.0,1.0,1.0,0.0,1.0,0.0,,0.0,0.0,0.0,,,1.0,0.0,1.0,,0.0,,1.0,1.0,,1.0,0.0,,1.0,,1.0,1.0,,0.0,0.0,1.0,1.0,1.0,1.0,,,,1.0,,,,,,,,,,,,,,1.0,0.0,0.0,1.0,,,,,,,,,,,,,,
Devanir Ribeiro,1.0,1.0,1.0,0.0,1.0,1.0,0.0,1.0,1.0,1.0,1.0,1.0,1.0,,0.0,0.0,0.0,1.0,1.0,,0.0,1.0,0.0,1.0,1.0,1.0,1.0,1.0,0.0,0.0,0.0,,1.0,1.0,1.0,1.0,0.0,,0.0,0.0,0.0,1.0,0.0,0.0,1.0,,1.0,1.0,1.0,1.0,1.0,0.0,0.0,1.0,,,1.0,1.0,0.0,0.0,0.0,0.0,1.0,,0.0,0.0,0.0,0.0,,1.0,1.0,0.0,1.0,1.0,0.0,1.0,0.0,,0.0,0.0,1.0,1.0,1.0,,1.0,1.0,1.0,1.0,1.0,0.0,0.0,1.0,0.0,0.0,,,0.0,0.0,,1.0,1.0,,,1.0,0.0,1.0,,,0.0,0.0,1.0,1.0,,1.0,0.0,0.0,,0.0,1.0,0.0,1.0,1.0,0.0,,0.0,1.0,1.0,0.0,,0.0,1.0,1.0,1.0,1.0,1.0,1.0,0.0,1.0,1.0,0.0,,,0.0,1.0,0.0,0.0,,,1.0,0.0,1.0,0.0,,0.0,0.0,,1.0,,0.0,1.0,0.0,0.0,0.0,0.0,1.0,1.0,0.0,0.0,1.0,0.0,0.0,,,,,0.0,0.0,0.0,,1.0,1.0,0.0,0.0,0.0,1.0,1.0,1.0,0.0,1.0,0.0,1.0,0.0,0.0,1.0,,,1.0,0.0,,0.0,1.0,,,,,1.0,0.0,1.0,1.0,1.0,0.0,1.0,0.0,0.0,,0.0,1.0,1.0,0.0,0.0,0.0,0.0,0.0,0.0,1.0,0.0,,1.0,0.0,,,,0.0,0.0,0.0,0.0,0.0,,,1.0,0.0,1.0,1.0,0.0,,,,,1.0,0.0,,0.0,1.0,0.0,1.0,,,,,,,1.0,1.0,1.0,1.0,0.0,,1.0,0.0,1.0,0.0,,1.0,1.0,1.0,,,1.0,,0.0,0.0,0.0,0.0,0.0,1.0,0.0,,1.0,1.0,1.0,0.0,1.0,1.0,1.0,0.0,,0.0,,,1.0,0.0,0.0,1.0,,0.0,1.0,,1.0,,,0.0,1.0,,1.0,1.0,1.0,0.0,0.0,1.0,0.0,1.0,1.0,0.0,1.0,,0.0,1.0,1.0,,,0.0,1.0,,,,,,,,0.0,,1.0,,1.0
Diego Andrade,1.0,1.0,1.0,1.0,0.0,0.0,,1.0,,1.0,,1.0,,,,1.0,,1.0,,1.0,1.0,0.0,0.0,1.0,1.0,,,1.0,0.0,0.0,,1.0,1.0,0.0,1.0,1.0,,,,,,,0.0,1.0,1.0,,1.0,,1.0,,1.0,0.0,,1.0,,1.0,1.0,,,0.0,0.0,0.0,,1.0,0.0,0.0,0.0,,1.0,1.0,1.0,0.0,,,0.0,1.0,0.0,1.0,0.0,0.0,1.0,1.0,1.0,,1.0,1.0,1.0,1.0,1.0,,,,0.0,0.0,1.0,1.0,0.0,,,0.0,0.0,0.0,0.0,1.0,0.0,1.0,0.0,0.0,,0.0,1.0,1.0,,1.0,0.0,0.0,0.0,0.0,1.0,0.0,1.0,1.0,0.0,0.0,,1.0,1.0,0.0,,0.0,1.0,,,,,1.0,0.0,1.0,1.0,0.0,1.0,0.0,0.0,1.0,1.0,1.0,1.0,,1.0,,1.0,0.0,1.0,1.0,0.0,0.0,1.0,1.0,,,,,0.0,1.0,1.0,1.0,,,1.0,,0.0,0.0,0.0,1.0,1.0,0.0,,,1.0,,1.0,,0.0,,0.0,1.0,,,,1.0,1.0,1.0,0.0,,,,,0.0,0.0,0.0,1.0,,1.0,1.0,1.0,,,,,,,,,1.0,,0.0,1.0,1.0,1.0,0.0,0.0,1.0,0.0,0.0,,,,1.0,0.0,1.0,1.0,1.0,0.0,,,,0.0,1.0,,,,1.0,1.0,,,1.0,0.0,0.0,1.0,,1.0,,,,,,0.0,,,1.0,,1.0,,,,,,1.0,,1.0,,,,1.0,1.0,1.0,1.0,0.0,1.0,0.0,,,0.0,,1.0,0.0,,1.0,1.0,1.0,0.0,1.0,,1.0,0.0,1.0,0.0,1.0,0.0,,1.0,1.0,,1.0,,,0.0,0.0,1.0,1.0,0.0,,1.0,1.0,1.0,,,0.0,1.0,,0.0,,,,,,1.0,,,,,1.0,1.0,,,0.0,0.0,1.0,,0.0,1.0,1.0,0.0,
Dilceu Sperafico,1.0,1.0,1.0,1.0,0.0,0.0,0.0,0.0,1.0,1.0,1.0,1.0,1.0,0.0,0.0,1.0,1.0,1.0,1.0,1.0,1.0,1.0,0.0,1.0,0.0,,,1.0,0.0,0.0,0.0,1.0,1.0,0.0,,1.0,1.0,1.0,0.0,0.0,0.0,0.0,,1.0,1.0,1.0,1.0,1.0,1.0,1.0,1.0,0.0,0.0,1.0,,1.0,,1.0,0.0,0.0,0.0,0.0,1.0,,0.0,0.0,,1.0,1.0,1.0,1.0,0.0,1.0,1.0,0.0,1.0,0.0,0.0,0.0,0.0,1.0,1.0,1.0,,,1.0,1.0,1.0,1.0,0.0,0.0,1.0,0.0,0.0,1.0,1.0,0.0,,0.0,1.0,1.0,0.0,0.0,1.0,0.0,1.0,0.0,0.0,0.0,0.0,1.0,,1.0,1.0,0.0,0.0,0.0,0.0,1.0,0.0,1.0,1.0,0.0,0.0,0.0,1.0,1.0,0.0,0.0,0.0,1.0,1.0,1.0,1.0,1.0,1.0,0.0,1.0,1.0,0.0,0.0,0.0,0.0,1.0,1.0,1.0,1.0,1.0,1.0,0.0,1.0,0.0,0.0,0.0,,0.0,1.0,1.0,0.0,1.0,,0.0,0.0,1.0,1.0,,0.0,,,0.0,0.0,0.0,0.0,1.0,1.0,0.0,0.0,0.0,1.0,1.0,1.0,1.0,0.0,,0.0,,,,1.0,1.0,1.0,1.0,0.0,0.0,0.0,0.0,1.0,0.0,0.0,0.0,,0.0,1.0,1.0,1.0,1.0,0.0,1.0,,,,1.0,0.0,1.0,0.0,0.0,,,0.0,1.0,,,,0.0,1.0,0.0,1.0,1.0,0.0,0.0,1.0,1.0,0.0,0.0,0.0,0.0,1.0,0.0,1.0,1.0,,1.0,1.0,0.0,0.0,0.0,0.0,0.0,1.0,0.0,1.0,0.0,0.0,,1.0,1.0,0.0,0.0,0.0,1.0,,1.0,1.0,0.0,1.0,1.0,1.0,1.0,,,,1.0,1.0,1.0,1.0,1.0,1.0,0.0,1.0,,,,0.0,,1.0,0.0,,0.0,1.0,1.0,0.0,1.0,1.0,,0.0,1.0,0.0,1.0,1.0,0.0,1.0,1.0,1.0,0.0,,,1.0,1.0,1.0,1.0,0.0,1.0,1.0,1.0,1.0,1.0,,0.0,1.0,0.0,1.0,1.0,0.0,0.0,1.0,0.0,1.0,0.0,0.0,,0.0,1.0,1.0,1.0,1.0,0.0,0.0,1.0,1.0,,1.0,1.0,0.0,1.0
Dimas Fabiano,1.0,,1.0,1.0,0.0,0.0,0.0,,1.0,1.0,1.0,,1.0,0.0,1.0,1.0,1.0,1.0,1.0,1.0,1.0,0.0,1.0,1.0,0.0,1.0,1.0,1.0,0.0,0.0,0.0,1.0,,0.0,1.0,1.0,,,,,,,0.0,1.0,1.0,1.0,1.0,1.0,1.0,,1.0,0.0,0.0,1.0,,,1.0,1.0,0.0,,0.0,,1.0,,0.0,0.0,0.0,1.0,1.0,,1.0,0.0,1.0,1.0,0.0,1.0,0.0,,0.0,0.0,1.0,1.0,1.0,1.0,,1.0,1.0,1.0,1.0,0.0,,1.0,0.0,0.0,1.0,1.0,,0.0,0.0,1.0,1.0,0.0,0.0,1.0,0.0,1.0,,0.0,0.0,0.0,1.0,1.0,,,0.0,0.0,0.0,0.0,1.0,,1.0,1.0,0.0,0.0,0.0,1.0,1.0,0.0,0.0,0.0,1.0,1.0,1.0,1.0,1.0,1.0,0.0,1.0,1.0,0.0,0.0,0.0,0.0,1.0,1.0,1.0,1.0,1.0,1.0,,,,0.0,0.0,0.0,0.0,1.0,1.0,0.0,,,0.0,0.0,1.0,1.0,1.0,1.0,0.0,1.0,0.0,0.0,0.0,0.0,1.0,,0.0,,0.0,1.0,1.0,,1.0,,,0.0,1.0,1.0,,1.0,1.0,1.0,1.0,,1.0,0.0,0.0,,0.0,0.0,0.0,1.0,0.0,,,,1.0,0.0,1.0,1.0,,1.0,1.0,1.0,1.0,0.0,0.0,,,0.0,1.0,,,,0.0,,,1.0,1.0,,0.0,1.0,1.0,0.0,0.0,0.0,0.0,1.0,0.0,1.0,1.0,,1.0,1.0,,0.0,0.0,0.0,,1.0,0.0,1.0,0.0,0.0,0.0,1.0,1.0,0.0,0.0,0.0,1.0,1.0,1.0,,1.0,1.0,1.0,,1.0,,1.0,1.0,1.0,1.0,1.0,1.0,1.0,1.0,0.0,,,0.0,0.0,0.0,0.0,1.0,,,,1.0,1.0,0.0,1.0,1.0,1.0,,1.0,,,1.0,0.0,,1.0,1.0,1.0,,0.0,0.0,1.0,1.0,1.0,0.0,1.0,1.0,1.0,1.0,1.0,,,1.0,,,,,,,,1.0,,1.0,,0.0,1.0,1.0,1.0,1.0,0.0,0.0,1.0,1.0,0.0,1.0,,0.0,1.0
Dimas Ramalho,,,1.0,1.0,1.0,1.0,1.0,,1.0,,,,,,,,,,,,,,,1.0,1.0,,1.0,0.0,0.0,1.0,,,,0.0,1.0,1.0,,,,,,,,,,,,,,,,0.0,,,,,,,,,,,,,,1.0,,1.0,1.0,,1.0,,,0.0,1.0,0.0,,,1.0,1.0,0.0,1.0,0.0,,0.0,0.0,0.0,0.0,1.0,,,0.0,1.0,1.0,,,,,,0.0,,,,,1.0,1.0,,0.0,1.0,,,1.0,,,1.0,,,,,,,,,,,,0.0,1.0,1.0,,,0.0,0.0,0.0,0.0,0.0,,,0.0,,,,,,,,,,,,,,,,,,,,1.0,0.0,,,,,,,,,,,,,,,,0.0,,1.0,1.0,,,0.0,,,,,,,,,,,,,,,,,,,,,,,,,,,,,,,,,,,,,,,,,,,,,,,,,,,,,,,,,,,,,,,,,,,,,,,,,,,,,,,,,,,,,,,,,,,,,,,,,,,,,,,,,,,,,,,,,,,,,,,,,,,,,,,,,,,,,,,,,,,,,,,,,,,,,,,,,,,,,,,,,,
Domingos Dutra,1.0,1.0,0.0,0.0,1.0,1.0,1.0,,,1.0,1.0,1.0,1.0,,1.0,0.0,1.0,1.0,1.0,1.0,1.0,,0.0,1.0,1.0,1.0,1.0,1.0,0.0,,0.0,1.0,1.0,1.0,1.0,1.0,1.0,0.0,0.0,0.0,0.0,1.0,0.0,1.0,1.0,1.0,1.0,1.0,1.0,1.0,1.0,,,,,0.0,,1.0,,0.0,0.0,,,,,0.0,,,0.0,,1.0,0.0,,,0.0,,0.0,0.0,0.0,0.0,1.0,1.0,1.0,1.0,1.0,1.0,1.0,1.0,,0.0,,1.0,0.0,,,,0.0,0.0,0.0,,1.0,0.0,0.0,1.0,0.0,1.0,,0.0,,0.0,,,1.0,1.0,0.0,,,,1.0,0.0,1.0,1.0,,0.0,0.0,1.0,1.0,0.0,0.0,0.0,1.0,1.0,1.0,1.0,,1.0,0.0,1.0,,0.0,0.0,0.0,0.0,1.0,,,,1.0,1.0,0.0,1.0,0.0,0.0,0.0,0.0,,,1.0,1.0,,0.0,0.0,0.0,1.0,,1.0,0.0,0.0,1.0,0.0,0.0,0.0,0.0,1.0,1.0,0.0,0.0,0.0,1.0,,1.0,,1.0,,,1.0,1.0,1.0,1.0,0.0,1.0,1.0,1.0,1.0,0.0,0.0,1.0,,,,0.0,0.0,0.0,1.0,1.0,1.0,1.0,1.0,1.0,,0.0,1.0,0.0,,0.0,0.0,1.0,1.0,1.0,0.0,0.0,0.0,0.0,0.0,1.0,0.0,,,0.0,1.0,1.0,,0.0,0.0,0.0,,0.0,,1.0,1.0,0.0,1.0,1.0,,1.0,,0.0,0.0,1.0,0.0,,0.0,1.0,,1.0,1.0,,,,1.0,1.0,1.0,0.0,1.0,0.0,1.0,,1.0,0.0,1.0,0.0,1.0,,,,1.0,1.0,1.0,,,1.0,,,,,,,,1.0,1.0,,1.0,,1.0,,1.0,,,,,,,1.0,,0.0,1.0,1.0,1.0,1.0,0.0,,1.0,1.0,1.0,1.0,,,,1.0,1.0,1.0,1.0,,,0.0,1.0,1.0,0.0,,1.0,0.0,0.0,1.0,1.0,1.0,,,,1.0,0.0,1.0,1.0,0.0,1.0
Domingos Neto,,1.0,1.0,,0.0,1.0,0.0,,1.0,,,,,,,,0.0,,,,,,0.0,1.0,1.0,,1.0,1.0,0.0,0.0,,,,0.0,1.0,,,,,,,,0.0,,,,1.0,1.0,,1.0,,,,,,,,1.0,0.0,0.0,0.0,0.0,,,,,,1.0,0.0,1.0,1.0,0.0,1.0,,,,0.0,0.0,0.0,0.0,1.0,,,,1.0,1.0,1.0,1.0,1.0,0.0,0.0,1.0,,,,1.0,0.0,0.0,,1.0,,0.0,,,1.0,1.0,0.0,0.0,0.0,,,1.0,,,0.0,0.0,0.0,,1.0,0.0,1.0,0.0,0.0,0.0,0.0,1.0,,0.0,,,1.0,,1.0,,1.0,1.0,0.0,1.0,1.0,0.0,0.0,0.0,,,0.0,1.0,,1.0,,,,0.0,1.0,0.0,0.0,,,1.0,,,0.0,0.0,0.0,1.0,,1.0,,0.0,1.0,,,,,,,,0.0,,,1.0,,1.0,0.0,,1.0,1.0,1.0,,,,,,1.0,,,,,,,,,,,0.0,,,0.0,1.0,1.0,1.0,1.0,1.0,,,,,,1.0,,,,,,,,,,,,,,,,,,,,,,,,,,,,,,,,,,,,,1.0,1.0,,,,,,,,,,,,,,,,,,,,,,,,,,,,,,,,,1.0,,,,,,,,,,,,,,,,,,,1.0,,,,,,1.0,1.0,1.0,0.0,0.0,,,1.0,,,,,0.0,,0.0,,0.0,,,1.0,1.0,,1.0,1.0,,,,,1.0,,1.0
Domingos Sávio,1.0,1.0,1.0,1.0,0.0,0.0,,,1.0,1.0,1.0,1.0,,0.0,,1.0,,,1.0,1.0,1.0,0.0,,1.0,1.0,1.0,1.0,1.0,,,,0.0,1.0,0.0,1.0,1.0,1.0,1.0,1.0,,1.0,0.0,,1.0,,,1.0,,,1.0,0.0,,,,0.0,,1.0,1.0,,,,,0.0,,,,,1.0,1.0,0.0,1.0,1.0,1.0,0.0,,,,,1.0,1.0,0.0,,,,,0.0,0.0,,,,,,1.0,,0.0,,0.0,,0.0,0.0,,,,,0.0,1.0,,,1.0,0.0,,0.0,,1.0,1.0,,,,,,,,,,1.0,,0.0,1.0,,,,,0.0,0.0,,0.0,,,0.0,,1.0,1.0,,,1.0,1.0,1.0,1.0,1.0,1.0,1.0,,,0.0,1.0,0.0,1.0,1.0,1.0,,,,,0.0,1.0,,1.0,,,,,,0.0,1.0,1.0,,,1.0,1.0,1.0,0.0,0.0,,,,1.0,1.0,1.0,0.0,,,1.0,0.0,1.0,,1.0,1.0,1.0,,,,,,1.0,1.0,1.0,,1.0,1.0,1.0,0.0,1.0,,1.0,1.0,0.0,1.0,,,,1.0,1.0,,,,,,,,0.0,0.0,,,0.0,,,,1.0,0.0,,,,,,,,,,1.0,0.0,1.0,,0.0,1.0,1.0,1.0,0.0,,,1.0,1.0,,0.0,1.0,1.0,1.0,1.0,1.0,0.0,0.0,,1.0,1.0,1.0,1.0,1.0,1.0,0.0,1.0,1.0,0.0,,,0.0,,,,,,1.0,,1.0,1.0,1.0,,1.0,0.0,1.0,,0.0,,1.0,1.0,1.0,1.0,0.0,0.0,1.0,1.0,0.0,,1.0,1.0,,1.0,1.0,,,,1.0,0.0,0.0,1.0,1.0,0.0,1.0,1.0,0.0,0.0,1.0,0.0,0.0,1.0,1.0,1.0,0.0,0.0,1.0,1.0,,1.0,1.0,0.0,1.0
Dr. Adilson Soares,1.0,,1.0,0.0,0.0,0.0,1.0,,1.0,1.0,1.0,1.0,1.0,1.0,1.0,1.0,1.0,1.0,1.0,1.0,1.0,,0.0,1.0,0.0,,,1.0,0.0,0.0,0.0,1.0,1.0,0.0,,1.0,1.0,,0.0,0.0,1.0,0.0,,1.0,,1.0,,1.0,,1.0,1.0,0.0,0.0,1.0,0.0,1.0,1.0,,0.0,,0.0,0.0,1.0,,0.0,0.0,0.0,1.0,0.0,1.0,1.0,0.0,1.0,1.0,0.0,1.0,0.0,0.0,0.0,0.0,1.0,1.0,1.0,,1.0,1.0,1.0,1.0,1.0,,,,0.0,,1.0,1.0,0.0,,0.0,0.0,0.0,,0.0,1.0,1.0,1.0,0.0,0.0,,,1.0,1.0,,,0.0,0.0,0.0,0.0,1.0,0.0,1.0,1.0,0.0,0.0,0.0,1.0,1.0,0.0,,,,,,,,,0.0,0.0,1.0,0.0,1.0,1.0,0.0,1.0,0.0,0.0,0.0,1.0,1.0,1.0,1.0,,1.0,,,0.0,1.0,,1.0,1.0,0.0,,,,0.0,,0.0,,1.0,,,,0.0,1.0,1.0,,,,,1.0,1.0,1.0,,1.0,1.0,1.0,,1.0,1.0,1.0,1.0,1.0,0.0,,,,1.0,,0.0,0.0,1.0,0.0,1.0,0.0,,1.0,0.0,1.0,,1.0,1.0,1.0,0.0,0.0,0.0,1.0,1.0,1.0,0.0,0.0,0.0,0.0,1.0,0.0,1.0,0.0,0.0,1.0,0.0,0.0,1.0,1.0,0.0,0.0,0.0,0.0,0.0,1.0,1.0,1.0,0.0,,1.0,0.0,1.0,0.0,0.0,0.0,1.0,,1.0,,,,1.0,1.0,0.0,0.0,0.0,1.0,1.0,,1.0,,,,1.0,1.0,,,,1.0,,,,1.0,1.0,0.0,,0.0,0.0,0.0,0.0,0.0,1.0,0.0,1.0,,1.0,1.0,0.0,1.0,1.0,1.0,,1.0,0.0,0.0,0.0,1.0,0.0,1.0,1.0,0.0,,,1.0,1.0,1.0,1.0,0.0,1.0,1.0,1.0,1.0,1.0,0.0,0.0,1.0,0.0,1.0,,0.0,1.0,0.0,1.0,1.0,0.0,0.0,1.0,0.0,1.0,1.0,1.0,1.0,0.0,0.0,1.0,,0.0,1.0,1.0,0.0,1.0
Dr. Aluizio,1.0,1.0,0.0,0.0,1.0,1.0,1.0,,1.0,,1.0,1.0,,,,,,,1.0,,,,0.0,1.0,1.0,1.0,1.0,0.0,0.0,1.0,0.0,,,0.0,1.0,1.0,,,,,,,0.0,,,,1.0,1.0,1.0,1.0,1.0,0.0,0.0,0.0,,,,1.0,,,,0.0,0.0,0.0,,0.0,,0.0,0.0,1.0,0.0,0.0,,0.0,1.0,0.0,0.0,0.0,0.0,,0.0,1.0,1.0,,0.0,0.0,0.0,0.0,1.0,,,,1.0,1.0,1.0,1.0,0.0,,0.0,0.0,0.0,,0.0,1.0,1.0,1.0,0.0,0.0,,,0.0,0.0,,,1.0,0.0,,0.0,1.0,0.0,1.0,1.0,0.0,0.0,0.0,1.0,1.0,0.0,0.0,0.0,1.0,1.0,1.0,1.0,1.0,1.0,0.0,0.0,0.0,1.0,1.0,1.0,,,0.0,0.0,0.0,,,,,0.0,1.0,0.0,1.0,0.0,1.0,0.0,1.0,0.0,,,,0.0,0.0,1.0,,,,0.0,1.0,0.0,,,,0.0,0.0,1.0,1.0,,1.0,0.0,,0.0,1.0,,,,,,,,0.0,,,,1.0,,,,,,,,,,,,,,,,,,,,1.0,1.0,,,,,,,,,,,,,,,,,,,,,,,,,,,,,,,,,,,,,,,,,,,,,,,,,,,,,,,,,,,,,,,,,,,,,,,,,,,,,,,,,,,,,,,,,,,,,,,,,,,,,,,,,,,,,,,,,,,,,,,,,,,,,,
Dr. Carlos Alberto,,1.0,1.0,1.0,,,0.0,1.0,1.0,,1.0,,1.0,0.0,,,1.0,1.0,1.0,1.0,1.0,0.0,0.0,1.0,1.0,1.0,1.0,0.0,0.0,1.0,0.0,1.0,,0.0,1.0,1.0,,,,,,,0.0,1.0,1.0,1.0,1.0,1.0,,,1.0,0.0,0.0,,,,,1.0,0.0,0.0,0.0,0.0,1.0,1.0,0.0,0.0,0.0,1.0,0.0,1.0,1.0,,0.0,1.0,0.0,0.0,0.0,0.0,0.0,0.0,1.0,1.0,1.0,1.0,1.0,1.0,1.0,1.0,1.0,0.0,0.0,1.0,0.0,0.0,,,,,,0.0,1.0,0.0,0.0,1.0,0.0,0.0,0.0,0.0,0.0,0.0,,1.0,1.0,1.0,0.0,0.0,0.0,0.0,1.0,0.0,1.0,1.0,1.0,0.0,0.0,1.0,1.0,0.0,0.0,0.0,1.0,1.0,1.0,1.0,1.0,1.0,0.0,0.0,1.0,0.0,,,0.0,1.0,,,,1.0,1.0,0.0,1.0,0.0,0.0,,,,,1.0,1.0,,0.0,0.0,0.0,1.0,,1.0,0.0,,,,,,1.0,0.0,1.0,,,,1.0,1.0,,,,,,,,,,1.0,1.0,1.0,,,,,,,,1.0,,0.0,,,,1.0,1.0,1.0,1.0,1.0,0.0,1.0,,1.0,1.0,1.0,,,0.0,0.0,0.0,0.0,0.0,0.0,0.0,0.0,,1.0,0.0,,,,,0.0,0.0,0.0,0.0,1.0,1.0,1.0,,,1.0,1.0,,0.0,0.0,0.0,1.0,0.0,1.0,0.0,0.0,0.0,,1.0,0.0,,,1.0,,,,1.0,1.0,0.0,1.0,,,,,1.0,,,,1.0,1.0,0.0,1.0,0.0,0.0,,0.0,0.0,1.0,0.0,1.0,1.0,1.0,1.0,0.0,0.0,,,0.0,1.0,1.0,,,1.0,0.0,1.0,1.0,0.0,,1.0,1.0,1.0,1.0,0.0,1.0,0.0,1.0,1.0,,,1.0,,,1.0,0.0,1.0,0.0,0.0,0.0,1.0,1.0,0.0,0.0,1.0,,,1.0,1.0,1.0,,,,,,1.0,1.0,0.0,
Dr. Dilson Drumond,,,,,,,,,,,,,,,,,,,,,,,,,,,,,,,,,,,,,,,,,,,,,,,,,,,,,,,,,,,,,,,,,,,,,,,,,,,,,,,,,,,,,,,,,,,,,,,,,,,,,,,,,,,,,,,,,,,,,,,,,,,,,,,,,,,,,,,,,,,,,,,,,,,,,,,,,,,,,,,,,,,,,,,,,,,,,,,,,,,,,0.0,,0.0,1.0,,,,,,,,,,,,,,,,,,,,,,,,,,,,,,,,,,,,,,,,,,,,,,,,,,,,,,,,,,,,,,,,,,,,,,,,,,,,,,,,,,,,,,,,,,,,,,,,,,,,,,,,,,,,,,,,,,,,,,,,,,,,,,,,,,,,,,,,,,,,,,,,,,,,,,,,,,,,,,,,
Dr. Grilo,1.0,1.0,1.0,0.0,1.0,1.0,0.0,0.0,1.0,1.0,1.0,1.0,1.0,0.0,0.0,,1.0,,,1.0,1.0,0.0,0.0,1.0,0.0,1.0,1.0,1.0,,0.0,0.0,1.0,1.0,0.0,1.0,1.0,,,,,,,0.0,1.0,1.0,1.0,1.0,,1.0,1.0,1.0,0.0,0.0,,,1.0,1.0,,,0.0,0.0,,1.0,,0.0,0.0,0.0,1.0,0.0,1.0,1.0,0.0,0.0,1.0,0.0,1.0,0.0,0.0,0.0,0.0,1.0,1.0,1.0,,,1.0,1.0,1.0,,0.0,0.0,,,,1.0,1.0,0.0,0.0,0.0,1.0,1.0,0.0,0.0,1.0,0.0,,0.0,0.0,0.0,0.0,1.0,1.0,1.0,1.0,,,,,,,,,,0.0,0.0,1.0,1.0,0.0,0.0,,1.0,1.0,1.0,1.0,1.0,1.0,,1.0,,,1.0,1.0,0.0,,1.0,,1.0,,1.0,1.0,1.0,,1.0,1.0,0.0,0.0,,,1.0,,0.0,0.0,,,1.0,1.0,,,1.0,0.0,0.0,0.0,0.0,1.0,1.0,0.0,0.0,0.0,1.0,1.0,,1.0,0.0,0.0,1.0,1.0,1.0,,1.0,1.0,1.0,1.0,0.0,1.0,0.0,,1.0,,1.0,,,,1.0,0.0,,1.0,1.0,1.0,1.0,1.0,0.0,1.0,,0.0,0.0,1.0,,1.0,0.0,0.0,0.0,0.0,1.0,,,0.0,,1.0,0.0,0.0,1.0,1.0,,0.0,,0.0,0.0,0.0,1.0,1.0,0.0,,1.0,1.0,1.0,1.0,0.0,,1.0,,1.0,,,,1.0,1.0,0.0,,0.0,1.0,1.0,1.0,,,,,,1.0,,1.0,1.0,,1.0,1.0,1.0,,1.0,0.0,1.0,,,,,,,,,1.0,1.0,1.0,0.0,1.0,1.0,1.0,,1.0,0.0,1.0,0.0,0.0,1.0,1.0,1.0,1.0,,,0.0,0.0,1.0,0.0,,1.0,1.0,1.0,1.0,1.0,,,,1.0,1.0,,1.0,1.0,0.0,1.0,1.0,0.0,0.0,1.0,,,1.0,,,0.0,0.0,1.0,,0.0,1.0,1.0,0.0,1.0
Dr. Jorge Silva,1.0,1.0,1.0,0.0,0.0,0.0,,1.0,,1.0,1.0,1.0,1.0,0.0,0.0,0.0,1.0,1.0,1.0,1.0,1.0,0.0,,1.0,1.0,1.0,1.0,0.0,0.0,1.0,0.0,1.0,1.0,0.0,1.0,1.0,1.0,0.0,0.0,0.0,0.0,1.0,0.0,1.0,1.0,1.0,1.0,1.0,1.0,1.0,,,,1.0,1.0,1.0,,1.0,0.0,0.0,0.0,0.0,,,,,,,,1.0,1.0,0.0,1.0,1.0,,,0.0,0.0,0.0,0.0,1.0,,1.0,1.0,1.0,1.0,1.0,1.0,1.0,,,,0.0,0.0,1.0,1.0,0.0,0.0,0.0,1.0,,0.0,0.0,0.0,0.0,1.0,,0.0,0.0,0.0,,1.0,1.0,1.0,,0.0,0.0,0.0,1.0,0.0,1.0,1.0,0.0,,0.0,1.0,1.0,0.0,0.0,,1.0,,1.0,,,1.0,0.0,1.0,,0.0,1.0,1.0,0.0,1.0,0.0,0.0,0.0,1.0,,1.0,1.0,0.0,0.0,0.0,0.0,,1.0,0.0,1.0,,0.0,0.0,0.0,1.0,0.0,1.0,0.0,,,0.0,0.0,0.0,0.0,1.0,1.0,0.0,,0.0,1.0,1.0,0.0,1.0,0.0,0.0,,1.0,1.0,1.0,1.0,1.0,1.0,1.0,0.0,1.0,0.0,,,,0.0,0.0,,,,0.0,0.0,1.0,0.0,1.0,1.0,1.0,1.0,1.0,0.0,1.0,0.0,0.0,1.0,1.0,0.0,0.0,,0.0,0.0,,0.0,0.0,1.0,,,,,,,1.0,0.0,,0.0,0.0,0.0,0.0,0.0,,1.0,0.0,1.0,1.0,,0.0,1.0,0.0,1.0,,1.0,,,1.0,0.0,0.0,,1.0,1.0,1.0,1.0,1.0,1.0,0.0,1.0,1.0,0.0,1.0,1.0,1.0,1.0,1.0,1.0,1.0,1.0,0.0,1.0,1.0,,,,0.0,1.0,0.0,1.0,1.0,1.0,1.0,0.0,1.0,,1.0,0.0,1.0,1.0,0.0,1.0,1.0,0.0,0.0,1.0,0.0,0.0,1.0,1.0,1.0,1.0,1.0,,1.0,1.0,1.0,1.0,1.0,0.0,0.0,1.0,0.0,1.0,,0.0,0.0,1.0,1.0,1.0,0.0,,,,1.0,1.0,1.0,1.0,0.0,0.0,1.0,1.0,0.0,1.0,1.0,1.0,1.0
Dr. Luiz Fernando,,,,,,,,,,,,,1.0,,,,,,,,,,,,,,,,,,,1.0,,,,,,1.0,,0.0,0.0,0.0,,,,,,,,,,,,,0.0,,,,,,,,,,,,,,,,,,,,,,,,,,,,,,,,,,,,,,,,,,,,,,,,,,,,,,,,,,1.0,1.0,,,,,,,,,,,,,,,,,,,,,,,,,,,,,,,,,,,1.0,1.0,,,,,,,,,,,,,,,,,0.0,,,,,,0.0,1.0,1.0,,,,,1.0,,,,,,1.0,1.0,,,1.0,1.0,1.0,,,,,,,0.0,,1.0,0.0,1.0,,,,,,,,,,1.0,1.0,0.0,0.0,,,,0.0,0.0,1.0,0.0,,1.0,0.0,,,0.0,,1.0,,,1.0,0.0,,1.0,1.0,,0.0,0.0,1.0,1.0,0.0,,1.0,0.0,,,,,,,,,,0.0,0.0,0.0,1.0,1.0,1.0,1.0,,,,1.0,1.0,,,,,,,,,,,1.0,,,,,,,,,,,,,,,,0.0,,,1.0,0.0,,1.0,,,,,0.0,,,,,,,,,1.0,1.0,,,,,,,,,,,,,,,,,,,,,,,,0.0,1.0,,0.0,1.0
Dr. Paulo César,1.0,1.0,0.0,0.0,1.0,,,,1.0,1.0,1.0,1.0,1.0,0.0,,1.0,1.0,,1.0,1.0,1.0,0.0,0.0,1.0,1.0,1.0,1.0,0.0,,0.0,1.0,1.0,1.0,0.0,,,1.0,1.0,0.0,0.0,0.0,0.0,0.0,,1.0,,1.0,1.0,1.0,1.0,1.0,,0.0,1.0,0.0,1.0,1.0,1.0,0.0,0.0,0.0,0.0,1.0,1.0,0.0,,0.0,1.0,0.0,1.0,1.0,,0.0,1.0,0.0,1.0,0.0,0.0,0.0,0.0,1.0,1.0,,,1.0,1.0,1.0,1.0,1.0,0.0,0.0,1.0,0.0,0.0,1.0,1.0,0.0,,,0.0,0.0,0.0,0.0,1.0,1.0,1.0,0.0,,0.0,0.0,1.0,1.0,,,0.0,0.0,0.0,0.0,1.0,0.0,1.0,1.0,0.0,0.0,0.0,1.0,1.0,0.0,0.0,0.0,1.0,1.0,1.0,1.0,1.0,1.0,0.0,1.0,1.0,0.0,,,,,0.0,0.0,,1.0,1.0,1.0,,1.0,1.0,1.0,,1.0,,,0.0,,,0.0,0.0,0.0,,1.0,0.0,,,0.0,0.0,,0.0,1.0,1.0,0.0,,,1.0,1.0,1.0,1.0,,,0.0,,,1.0,,1.0,1.0,1.0,,,,,1.0,0.0,,0.0,1.0,,1.0,,,,0.0,,,,,1.0,,1.0,1.0,0.0,1.0,1.0,1.0,0.0,,,,0.0,1.0,0.0,1.0,1.0,0.0,1.0,,,,1.0,0.0,,1.0,1.0,1.0,0.0,,1.0,1.0,0.0,1.0,0.0,0.0,,,0.0,1.0,1.0,0.0,,1.0,1.0,0.0,0.0,0.0,1.0,,1.0,1.0,1.0,1.0,0.0,,1.0,0.0,1.0,1.0,,1.0,,,1.0,1.0,0.0,1.0,0.0,0.0,0.0,0.0,,,,1.0,1.0,1.0,,0.0,,1.0,1.0,0.0,1.0,0.0,0.0,,1.0,0.0,1.0,,0.0,0.0,1.0,1.0,1.0,1.0,1.0,0.0,1.0,1.0,,,,0.0,,,0.0,1.0,1.0,0.0,,0.0,1.0,1.0,,,1.0,0.0,1.0,1.0,1.0,1.0,0.0,,,,,1.0,,,
Dr. Rosinha,1.0,1.0,0.0,0.0,1.0,1.0,,,1.0,1.0,,,,0.0,0.0,0.0,0.0,,1.0,0.0,0.0,,,,,1.0,1.0,1.0,,0.0,,,1.0,,1.0,1.0,,0.0,,,,,0.0,,,,1.0,1.0,1.0,,1.0,0.0,0.0,,,,1.0,,,0.0,0.0,,1.0,1.0,0.0,0.0,0.0,,0.0,,,0.0,1.0,1.0,0.0,1.0,,0.0,0.0,0.0,1.0,1.0,1.0,,,,,,,,0.0,1.0,0.0,0.0,,,,,,,,,,,,,,,0.0,0.0,,,,1.0,,,0.0,0.0,1.0,0.0,1.0,1.0,0.0,,,1.0,1.0,0.0,,,,,,,,,0.0,,,,,,0.0,1.0,,,,,1.0,0.0,,0.0,0.0,0.0,0.0,,,1.0,,,0.0,0.0,0.0,1.0,,1.0,0.0,0.0,1.0,,0.0,0.0,0.0,1.0,1.0,0.0,,,1.0,1.0,,0.0,0.0,,,,,,,0.0,1.0,1.0,1.0,,,0.0,1.0,0.0,0.0,0.0,1.0,0.0,1.0,0.0,,1.0,,,,,,1.0,0.0,0.0,0.0,0.0,1.0,1.0,,0.0,0.0,0.0,0.0,0.0,1.0,0.0,1.0,,0.0,1.0,1.0,1.0,0.0,0.0,0.0,0.0,0.0,0.0,1.0,1.0,0.0,1.0,1.0,,,0.0,0.0,0.0,0.0,0.0,,,1.0,0.0,,1.0,0.0,0.0,,1.0,1.0,1.0,1.0,1.0,1.0,1.0,0.0,,0.0,,0.0,,1.0,,,1.0,1.0,1.0,1.0,0.0,,0.0,0.0,0.0,1.0,0.0,,1.0,,1.0,,,1.0,1.0,0.0,1.0,1.0,0.0,1.0,,0.0,0.0,,0.0,,,1.0,,,,,,,,,,,,,,,1.0,0.0,1.0,,0.0,,1.0,,,,1.0,1.0,1.0,0.0,,,0.0,0.0,,1.0,1.0,1.0,1.0
Dr. Ubiali,1.0,,1.0,1.0,1.0,1.0,0.0,,1.0,1.0,1.0,,1.0,0.0,1.0,1.0,1.0,1.0,1.0,1.0,1.0,,0.0,1.0,1.0,1.0,1.0,0.0,0.0,0.0,0.0,1.0,1.0,0.0,1.0,1.0,1.0,0.0,,0.0,1.0,0.0,0.0,1.0,1.0,1.0,1.0,1.0,,,1.0,0.0,0.0,,1.0,1.0,0.0,1.0,0.0,0.0,0.0,0.0,1.0,1.0,0.0,0.0,0.0,1.0,1.0,1.0,1.0,0.0,0.0,1.0,0.0,1.0,,0.0,0.0,0.0,0.0,1.0,1.0,1.0,1.0,1.0,1.0,1.0,1.0,,,,0.0,0.0,,,0.0,0.0,0.0,1.0,1.0,0.0,0.0,1.0,0.0,0.0,0.0,0.0,0.0,0.0,,1.0,1.0,1.0,0.0,,,,,,,,,,,,,,0.0,0.0,1.0,1.0,1.0,1.0,1.0,1.0,,,1.0,1.0,0.0,0.0,0.0,1.0,,,,1.0,1.0,0.0,1.0,,1.0,0.0,,,,1.0,1.0,1.0,0.0,0.0,0.0,1.0,,1.0,0.0,,,,,,0.0,1.0,1.0,,,,1.0,,,1.0,,,,1.0,1.0,1.0,,1.0,1.0,,,,,,,1.0,,,,,,1.0,1.0,1.0,1.0,1.0,1.0,1.0,1.0,1.0,0.0,1.0,1.0,1.0,,,0.0,1.0,1.0,1.0,0.0,0.0,0.0,,1.0,1.0,0.0,0.0,1.0,1.0,,0.0,,0.0,1.0,1.0,,1.0,0.0,1.0,1.0,0.0,1.0,1.0,,,1.0,0.0,,0.0,1.0,0.0,,1.0,,,0.0,1.0,1.0,1.0,,1.0,1.0,0.0,1.0,1.0,,1.0,1.0,1.0,,1.0,1.0,1.0,1.0,0.0,,,,0.0,1.0,0.0,0.0,1.0,,,1.0,1.0,,1.0,,,1.0,1.0,1.0,1.0,,,0.0,0.0,1.0,0.0,0.0,1.0,1.0,0.0,1.0,1.0,1.0,1.0,1.0,1.0,,,1.0,0.0,1.0,1.0,0.0,0.0,0.0,0.0,0.0,1.0,1.0,0.0,,1.0,0.0,0.0,,1.0,1.0,0.0,0.0,1.0,1.0,0.0,1.0,1.0,0.0,
Dra.Elaine Abissamra,,,,,,,0.0,,,,,,,,,,,,,,,,,1.0,1.0,,,,,,,,,0.0,,,,,,,,,,,,,,,,,,,,,,,,,,,,,,,,,,,,,,,,,,,,,,,,,,,,,,,,,,,,,,,,0.0,0.0,1.0,,0.0,0.0,1.0,,1.0,0.0,,,,,1.0,,,,0.0,,0.0,1.0,0.0,1.0,1.0,0.0,,0.0,,,0.0,,,1.0,1.0,1.0,1.0,1.0,1.0,0.0,1.0,1.0,0.0,,,,,,,,,,,,,,,,,,,,,,,,,,,,,,,,,,,,,,,,,,,,,,,,,,,,,,,,,,,,,,,,,,,,,,,,,,,,,,,,,,,,,,,,,,,,,,,,,,,,,,,,,,,,,,,,,,,,,,,,,,,,,,,,,,,,,,,,,,,,,,,,,,,,,,,,,,,,,,,,,,,,,,,,,,,,,,,,,,,,,,,,,,,,,,,,,,,,,,,,,,,,
Duarte Nogueira,1.0,,1.0,1.0,0.0,0.0,1.0,,1.0,1.0,1.0,1.0,1.0,,1.0,1.0,1.0,1.0,,,1.0,,,1.0,,1.0,1.0,,1.0,1.0,,0.0,1.0,0.0,1.0,1.0,,,,,,,0.0,1.0,,,1.0,1.0,,1.0,,,,,0.0,,1.0,1.0,,,,,,,,,,1.0,1.0,0.0,1.0,1.0,1.0,0.0,,0.0,,,1.0,1.0,0.0,,1.0,0.0,0.0,0.0,,0.0,1.0,,,0.0,,1.0,,,,,,0.0,0.0,1.0,1.0,0.0,0.0,1.0,,,1.0,0.0,,,,,1.0,1.0,1.0,1.0,0.0,,0.0,0.0,1.0,,1.0,0.0,0.0,1.0,1.0,,0.0,0.0,0.0,0.0,0.0,,,,0.0,,1.0,1.0,0.0,1.0,0.0,,,,1.0,1.0,,0.0,1.0,0.0,,,,1.0,1.0,,,,,0.0,0.0,,1.0,,1.0,,,,,,1.0,,,,,1.0,0.0,0.0,,0.0,0.0,1.0,1.0,1.0,,1.0,1.0,,0.0,1.0,,,1.0,,,,,1.0,,,,1.0,,1.0,1.0,1.0,1.0,1.0,1.0,1.0,,0.0,1.0,1.0,1.0,,,,,,,,,,,,,,,0.0,,,,,0.0,,1.0,,,,1.0,1.0,1.0,,1.0,0.0,1.0,1.0,0.0,,1.0,1.0,,,,,,,,,,,,,,0.0,1.0,,,,,1.0,1.0,,1.0,1.0,0.0,,1.0,,,,0.0,,,,0.0,1.0,,1.0,,1.0,,,,,,1.0,1.0,,1.0,,0.0,,1.0,0.0,,1.0,1.0,1.0,1.0,1.0,,,1.0,,0.0,,1.0,1.0,0.0,,,0.0,0.0,1.0,0.0,,1.0,0.0,0.0,0.0,0.0,1.0,1.0,,,1.0,,1.0
Dudimar Paxiuba,1.0,1.0,1.0,1.0,0.0,0.0,,1.0,1.0,1.0,1.0,1.0,1.0,,1.0,0.0,1.0,1.0,1.0,1.0,1.0,0.0,,,,1.0,1.0,1.0,,,,1.0,,,1.0,1.0,1.0,0.0,0.0,0.0,0.0,0.0,,1.0,,1.0,1.0,1.0,1.0,1.0,0.0,,,1.0,0.0,,1.0,1.0,,,,,0.0,,,,,1.0,1.0,,1.0,,0.0,0.0,,0.0,,,1.0,1.0,0.0,,1.0,,0.0,0.0,0.0,,1.0,,,0.0,,1.0,,0.0,0.0,0.0,0.0,0.0,0.0,,,,0.0,,,,1.0,0.0,1.0,,1.0,1.0,,,,,,,,,,,,,,,,,,,,,,,,,,1.0,1.0,1.0,0.0,,1.0,1.0,1.0,1.0,1.0,1.0,1.0,0.0,1.0,0.0,1.0,0.0,1.0,1.0,1.0,1.0,,,,,,,1.0,,1.0,,,,1.0,0.0,0.0,,,1.0,1.0,1.0,0.0,0.0,,0.0,0.0,1.0,1.0,1.0,,1.0,1.0,1.0,0.0,1.0,,1.0,1.0,1.0,,,,1.0,,0.0,1.0,1.0,,1.0,,,,1.0,1.0,1.0,,0.0,,,1.0,1.0,,,,,,,,,,,,,,1.0,,,,1.0,0.0,0.0,,,,0.0,1.0,1.0,0.0,,0.0,0.0,1.0,1.0,0.0,,1.0,1.0,0.0,0.0,,1.0,1.0,1.0,,,,1.0,1.0,1.0,0.0,,1.0,1.0,1.0,0.0,1.0,,,0.0,,0.0,0.0,,,0.0,1.0,0.0,1.0,1.0,1.0,1.0,0.0,1.0,,1.0,,1.0,,,1.0,,0.0,0.0,1.0,,0.0,0.0,,1.0,1.0,1.0,0.0,1.0,1.0,1.0,1.0,1.0,0.0,0.0,1.0,,1.0,,0.0,0.0,1.0,0.0,,0.0,,,0.0,1.0,1.0,1.0,1.0,,,1.0,1.0,,,1.0,1.0,1.0
Dudu Luiz Eduardo,,,,,,,,,,,,,,,,,0.0,1.0,,,,,,,,,,,,,,,,,,,,,,,,,,1.0,,1.0,,,,,,,,,,,,,,,,,,,,,,,,,,,1.0,,,,,,,,,,,,,,,,,,,,,,,,,,,,,,,,,,,,,,,,,,,,,,,,,,,,,,,,,,,,,,,,,,,,,,,,,,,,,,1.0,,,,,,,,,,,,,,,,,,,,,,,,,,,,,,,,,,,,,1.0,,,,,,,,,,,,,,,,,,1.0,1.0,1.0,1.0,1.0,1.0,1.0,,,,,,,,,,,,,,,,,,,,,,,,,,,,,,,,,,,,,,,,,,,,,,,,,,,,,,,,,,,,,,,,,,,,,,,,,,,,,,1.0,,1.0,,,,,,,,,,,1.0,,,,,,,,,,,1.0,,,,,,,,,1.0,1.0,0.0,1.0,,,,,,1.0,,,,,,1.0,,,,,,
Décio Lima,1.0,,1.0,0.0,1.0,1.0,0.0,1.0,1.0,1.0,1.0,1.0,1.0,,1.0,0.0,,1.0,,1.0,1.0,,0.0,1.0,1.0,,1.0,1.0,0.0,0.0,0.0,1.0,1.0,1.0,,1.0,1.0,0.0,0.0,0.0,,1.0,0.0,1.0,1.0,,,1.0,1.0,,,,,1.0,,0.0,1.0,1.0,,,,,,,0.0,0.0,0.0,0.0,0.0,,1.0,,1.0,1.0,,,0.0,0.0,,,,,,1.0,1.0,1.0,1.0,1.0,1.0,,0.0,1.0,0.0,,1.0,1.0,,0.0,,1.0,,,0.0,1.0,0.0,1.0,,0.0,,0.0,1.0,1.0,,,0.0,0.0,0.0,0.0,1.0,0.0,1.0,1.0,0.0,0.0,0.0,1.0,1.0,,0.0,,1.0,1.0,1.0,1.0,1.0,1.0,0.0,1.0,1.0,0.0,0.0,0.0,0.0,1.0,0.0,0.0,1.0,1.0,,,1.0,0.0,0.0,0.0,0.0,0.0,,,,1.0,0.0,0.0,0.0,1.0,1.0,1.0,0.0,0.0,1.0,0.0,0.0,0.0,0.0,1.0,1.0,0.0,0.0,0.0,,1.0,1.0,0.0,0.0,0.0,1.0,1.0,1.0,,1.0,,,1.0,1.0,1.0,0.0,0.0,,,0.0,0.0,1.0,,1.0,,,1.0,0.0,1.0,1.0,1.0,0.0,1.0,,0.0,0.0,,1.0,1.0,0.0,0.0,0.0,0.0,0.0,0.0,1.0,0.0,1.0,,,1.0,1.0,1.0,0.0,,,0.0,,0.0,1.0,1.0,0.0,1.0,1.0,0.0,0.0,0.0,,0.0,,,,0.0,1.0,,1.0,1.0,,0.0,0.0,1.0,1.0,,1.0,1.0,1.0,1.0,,1.0,0.0,,0.0,1.0,1.0,1.0,1.0,1.0,1.0,,1.0,0.0,0.0,,0.0,0.0,1.0,0.0,,,1.0,1.0,0.0,,1.0,1.0,,1.0,1.0,,1.0,1.0,0.0,0.0,,1.0,,,0.0,1.0,0.0,0.0,,1.0,0.0,,1.0,1.0,,0.0,,0.0,1.0,,,1.0,0.0,0.0,,,,,,1.0,1.0,1.0,0.0,,,,,,1.0,1.0,,1.0
Edinho Araújo,1.0,1.0,1.0,1.0,0.0,0.0,0.0,1.0,1.0,1.0,1.0,1.0,1.0,,1.0,1.0,1.0,1.0,,1.0,1.0,0.0,0.0,1.0,1.0,1.0,1.0,1.0,0.0,0.0,0.0,1.0,1.0,0.0,1.0,1.0,1.0,0.0,1.0,1.0,1.0,0.0,0.0,1.0,1.0,1.0,1.0,1.0,1.0,1.0,1.0,0.0,0.0,1.0,,1.0,1.0,1.0,0.0,0.0,0.0,,1.0,1.0,0.0,0.0,0.0,1.0,1.0,1.0,1.0,0.0,1.0,1.0,0.0,1.0,0.0,0.0,0.0,0.0,1.0,1.0,1.0,1.0,1.0,1.0,,1.0,1.0,0.0,,1.0,0.0,0.0,1.0,,0.0,0.0,0.0,1.0,1.0,0.0,0.0,1.0,1.0,1.0,0.0,,0.0,0.0,1.0,1.0,1.0,1.0,0.0,0.0,0.0,0.0,1.0,0.0,1.0,1.0,0.0,0.0,0.0,1.0,1.0,0.0,0.0,0.0,1.0,1.0,1.0,1.0,1.0,1.0,0.0,1.0,1.0,0.0,1.0,1.0,0.0,1.0,0.0,1.0,1.0,1.0,1.0,0.0,1.0,1.0,0.0,1.0,0.0,0.0,1.0,0.0,0.0,1.0,0.0,0.0,0.0,1.0,1.0,1.0,0.0,0.0,1.0,0.0,0.0,0.0,1.0,0.0,0.0,0.0,0.0,0.0,,1.0,1.0,1.0,0.0,0.0,0.0,1.0,1.0,1.0,1.0,1.0,1.0,1.0,0.0,1.0,0.0,0.0,1.0,0.0,0.0,0.0,1.0,0.0,1.0,0.0,0.0,1.0,0.0,1.0,1.0,1.0,1.0,1.0,0.0,0.0,0.0,0.0,1.0,1.0,1.0,1.0,1.0,1.0,1.0,0.0,1.0,0.0,1.0,1.0,0.0,0.0,1.0,1.0,0.0,0.0,0.0,0.0,1.0,0.0,1.0,1.0,0.0,1.0,1.0,0.0,1.0,0.0,0.0,,1.0,1.0,1.0,0.0,0.0,0.0,1.0,1.0,0.0,0.0,0.0,1.0,1.0,1.0,1.0,1.0,1.0,1.0,1.0,1.0,0.0,1.0,1.0,1.0,1.0,1.0,1.0,,,1.0,1.0,0.0,0.0,0.0,0.0,0.0,1.0,0.0,1.0,1.0,1.0,1.0,0.0,1.0,1.0,1.0,0.0,1.0,0.0,1.0,1.0,0.0,1.0,1.0,1.0,,0.0,1.0,,1.0,1.0,1.0,0.0,1.0,1.0,1.0,1.0,1.0,0.0,0.0,1.0,0.0,1.0,1.0,0.0,,0.0,1.0,1.0,0.0,0.0,1.0,0.0,1.0,1.0,1.0,1.0,0.0,0.0,1.0,1.0,0.0,1.0,1.0,0.0,1.0
Edinho Bez,1.0,1.0,1.0,1.0,0.0,,,,1.0,1.0,,1.0,1.0,0.0,0.0,,1.0,,,1.0,1.0,1.0,,,,1.0,1.0,1.0,,0.0,0.0,1.0,1.0,,,1.0,,1.0,1.0,,,,0.0,1.0,1.0,1.0,1.0,1.0,1.0,1.0,,,,1.0,,1.0,1.0,1.0,0.0,,0.0,,1.0,,0.0,0.0,,1.0,,,1.0,0.0,1.0,1.0,,1.0,1.0,0.0,0.0,0.0,1.0,1.0,1.0,1.0,1.0,1.0,1.0,,,0.0,,,0.0,0.0,1.0,1.0,0.0,,0.0,1.0,1.0,,0.0,1.0,0.0,1.0,0.0,,0.0,0.0,1.0,1.0,1.0,1.0,0.0,0.0,0.0,,1.0,0.0,1.0,1.0,0.0,0.0,0.0,1.0,1.0,,0.0,,1.0,1.0,,1.0,1.0,1.0,0.0,1.0,,0.0,0.0,0.0,0.0,1.0,0.0,1.0,1.0,1.0,1.0,0.0,1.0,1.0,0.0,,,,1.0,,0.0,1.0,0.0,0.0,0.0,,1.0,1.0,0.0,,,0.0,0.0,0.0,0.0,1.0,0.0,0.0,0.0,0.0,1.0,1.0,1.0,1.0,,,,,,1.0,1.0,1.0,1.0,,0.0,1.0,0.0,0.0,1.0,,0.0,0.0,1.0,0.0,1.0,0.0,1.0,1.0,0.0,,1.0,,,1.0,0.0,0.0,0.0,0.0,,,,1.0,1.0,1.0,1.0,,,,,,,,,,,,,0.0,1.0,0.0,1.0,1.0,0.0,1.0,1.0,0.0,1.0,0.0,0.0,,1.0,1.0,1.0,1.0,0.0,,1.0,1.0,0.0,0.0,0.0,1.0,1.0,1.0,1.0,1.0,1.0,1.0,,1.0,,,,,1.0,1.0,1.0,1.0,1.0,1.0,1.0,0.0,,,0.0,0.0,,,1.0,1.0,1.0,,0.0,1.0,1.0,1.0,0.0,1.0,0.0,,1.0,0.0,1.0,1.0,1.0,1.0,,,0.0,1.0,,,,,,1.0,1.0,1.0,0.0,0.0,1.0,0.0,1.0,,0.0,1.0,0.0,1.0,1.0,,0.0,1.0,0.0,1.0,1.0,1.0,1.0,0.0,0.0,1.0,,0.0,1.0,1.0,0.0,1.0
Edio Lopes,,1.0,1.0,1.0,0.0,0.0,,1.0,1.0,1.0,,1.0,1.0,0.0,1.0,1.0,1.0,,,1.0,1.0,1.0,0.0,1.0,1.0,1.0,0.0,1.0,0.0,0.0,0.0,1.0,1.0,0.0,1.0,,,0.0,,0.0,1.0,0.0,0.0,,1.0,,1.0,1.0,1.0,1.0,,0.0,0.0,,1.0,1.0,1.0,1.0,0.0,,0.0,0.0,1.0,,,0.0,0.0,1.0,1.0,1.0,1.0,0.0,1.0,1.0,0.0,1.0,,0.0,0.0,0.0,1.0,1.0,1.0,1.0,1.0,1.0,1.0,1.0,1.0,0.0,0.0,,0.0,0.0,,,0.0,0.0,0.0,,1.0,0.0,,1.0,0.0,0.0,0.0,,,0.0,,,1.0,1.0,,0.0,0.0,0.0,1.0,0.0,1.0,1.0,0.0,,,1.0,1.0,0.0,0.0,0.0,1.0,1.0,1.0,1.0,1.0,1.0,0.0,,1.0,0.0,,,0.0,1.0,,,,1.0,1.0,1.0,1.0,1.0,,1.0,,,1.0,1.0,0.0,,0.0,0.0,,1.0,1.0,1.0,0.0,,,0.0,0.0,0.0,0.0,1.0,1.0,0.0,0.0,0.0,1.0,1.0,1.0,,0.0,0.0,0.0,1.0,1.0,1.0,1.0,1.0,1.0,,1.0,,0.0,1.0,1.0,,0.0,0.0,1.0,0.0,1.0,0.0,0.0,1.0,0.0,,,,,1.0,0.0,0.0,0.0,0.0,1.0,1.0,1.0,1.0,1.0,,,,1.0,0.0,1.0,,0.0,0.0,1.0,,0.0,0.0,0.0,0.0,1.0,0.0,1.0,1.0,0.0,1.0,1.0,0.0,1.0,,0.0,0.0,1.0,1.0,,1.0,0.0,,1.0,1.0,0.0,0.0,0.0,1.0,1.0,1.0,,,,1.0,1.0,1.0,0.0,1.0,1.0,0.0,1.0,0.0,1.0,1.0,1.0,1.0,1.0,,,,,,,,,0.0,1.0,1.0,,,1.0,1.0,0.0,1.0,0.0,1.0,1.0,0.0,1.0,0.0,,0.0,0.0,1.0,1.0,1.0,,1.0,,,,1.0,1.0,1.0,0.0,0.0,1.0,0.0,1.0,1.0,0.0,0.0,,1.0,1.0,0.0,0.0,1.0,0.0,1.0,1.0,1.0,1.0,,,1.0,1.0,0.0,1.0,1.0,0.0,1.0
Edivaldo Holanda Junior,1.0,1.0,1.0,,1.0,1.0,0.0,,1.0,,,,,,,,,,,,,,0.0,1.0,,1.0,,1.0,,0.0,0.0,,,0.0,1.0,,,,,,,,1.0,,,,1.0,,,,1.0,0.0,0.0,,,,,,0.0,0.0,,0.0,1.0,1.0,0.0,,,1.0,0.0,1.0,,0.0,,,,,,0.0,0.0,0.0,1.0,1.0,1.0,,,,,,,0.0,,1.0,,0.0,,,,0.0,0.0,,,0.0,,1.0,,1.0,0.0,0.0,,,1.0,,,,0.0,0.0,0.0,0.0,1.0,0.0,1.0,1.0,0.0,0.0,,1.0,1.0,0.0,,0.0,1.0,1.0,1.0,1.0,1.0,1.0,0.0,,,,1.0,,,,,,,,,,,0.0,,,,,,,,,,,,,,1.0,,,,,,,,,,,,,,,,,,,,,,,,,,,,,,,,,,,,,,,,,,,,,,,,,,,,,,,,,,,,,,,,,,,,,,,,,,,,,,,,,,,,,,,,,,,,,,,,,,,,,,,,,,,,,,,,,,,,,,,,,,,,,,,,,,,,,,,,,,,,,,,,,,,,,,,,,,,,,,,,,,,,,,,,,,,,,,,,,,
Edmar Arruda,,1.0,1.0,1.0,0.0,0.0,0.0,,1.0,1.0,1.0,1.0,,0.0,1.0,1.0,1.0,1.0,,1.0,,,,,,1.0,1.0,1.0,0.0,0.0,0.0,1.0,1.0,0.0,1.0,,,,,,,,,1.0,,1.0,1.0,1.0,1.0,,0.0,0.0,0.0,,,,,1.0,0.0,,0.0,0.0,0.0,0.0,,1.0,1.0,1.0,0.0,1.0,1.0,0.0,1.0,1.0,1.0,0.0,0.0,,0.0,0.0,1.0,0.0,1.0,1.0,1.0,1.0,0.0,0.0,1.0,,,,,,,1.0,,,,1.0,1.0,,,1.0,0.0,1.0,0.0,0.0,0.0,,,0.0,1.0,1.0,1.0,,0.0,0.0,1.0,0.0,1.0,,,0.0,,1.0,1.0,0.0,,,1.0,1.0,1.0,1.0,1.0,1.0,0.0,0.0,1.0,0.0,1.0,1.0,1.0,1.0,,,,,,,1.0,0.0,0.0,1.0,,0.0,1.0,0.0,1.0,,0.0,,,,,1.0,0.0,0.0,,,0.0,,,,,0.0,,1.0,,1.0,0.0,,,,,1.0,1.0,1.0,,,,,,1.0,0.0,,,,,,,,,1.0,1.0,1.0,1.0,1.0,1.0,1.0,0.0,1.0,,,,,,,,,,,,,,,,,,,,,,,,,,,,,,,1.0,0.0,1.0,0.0,0.0,0.0,1.0,,,,,,,1.0,,,,,,,,,,,,,0.0,0.0,0.0,1.0,,,,0.0,0.0,,,,,,0.0,0.0,1.0,0.0,,,1.0,1.0,0.0,1.0,,1.0,0.0,1.0,0.0,1.0,0.0,0.0,1.0,1.0,1.0,0.0,0.0,1.0,1.0,0.0,1.0,1.0,0.0,1.0,1.0,1.0,,,,0.0,,,0.0,,0.0,0.0,0.0,1.0,1.0,,,,,,1.0,,,0.0,0.0,1.0,,0.0,1.0,1.0,0.0,
Edmar Moreira,,,,,,,,,,,,,,,,,,,,,,,,,,,,,,,,,,,,,,,,,,,,,,,,,,,,,,,,,1.0,,,,,,,,,,,,,,,,,,,,,,,,,,,,,,,,,,,,,,,,,,,,,,,,,,,,,,,,,,,,,,,,,,,,,,,,,,,,,,,,,,,,,,,,,,,,,,,,,,,,,,,,,,,,,,,,,,,,,,,,,,,,,,,,,,,,,,,,,,,,,,,,,,,,,,,,,,,,,,,,,,,,,,,,,,,,,,,,,,,,,,,,,,,,,,,,,,,,,,,1.0,,,,,,,,,,,,,,,,,,,,,,,,,,,,,,,,,1.0,,,,,,,,,,,,,,,,,,,,,,,,,,,,,,,,,,,,,,,0.0,,1.0,,,,,,,,,,,,,,
Edson Aparecido,,,,,,,,,,,,,,,,,,,,,,,,,,,,,,,,,,,,,,,,,,,,,,,,,,,,,,,,,,,,,,,,,,,,,,,,,,,,,,,,,,,,,,,,,,,,,,,,,,,,,,,,,,,,,,,,,,,,,,,,,,,,,,,,,,,,,,,,,,,,,,,,,,,,,,,,,,,,,,,,,,,,,,,,,1.0,,,,,,,,,,,,0.0,,,,,,,,,,,,,,,,,,,,,,,,,,,,,,,,,,,,,,,,,,,,,,,,,,,,,,,,,,,,,,,,,,,,,,,,,,,,,,,,,,,,,,,,,,,,,,,,,,,,,,,,,,,,,,,,,,,,,,,,,,,,,,,,,,,,,,1.0,1.0,,,,,,,,,,,,,,,,,,,,,,,,,,,0.0,
Edson Ezequiel,1.0,1.0,1.0,1.0,0.0,0.0,0.0,,1.0,1.0,1.0,1.0,1.0,0.0,0.0,1.0,1.0,1.0,1.0,,1.0,,0.0,1.0,1.0,1.0,1.0,1.0,0.0,0.0,0.0,1.0,1.0,0.0,1.0,,1.0,0.0,,,1.0,0.0,0.0,1.0,1.0,1.0,1.0,1.0,,1.0,1.0,0.0,0.0,1.0,,,1.0,1.0,0.0,0.0,0.0,0.0,1.0,1.0,0.0,0.0,0.0,1.0,0.0,1.0,1.0,0.0,0.0,1.0,0.0,1.0,0.0,0.0,0.0,0.0,1.0,1.0,,,,,,,,0.0,0.0,1.0,0.0,0.0,1.0,1.0,0.0,0.0,0.0,1.0,1.0,0.0,0.0,1.0,0.0,1.0,0.0,,0.0,,1.0,1.0,1.0,1.0,0.0,0.0,0.0,0.0,1.0,0.0,1.0,1.0,0.0,,0.0,1.0,1.0,0.0,,,,,,,,,0.0,1.0,,0.0,1.0,1.0,0.0,1.0,0.0,,0.0,1.0,1.0,0.0,1.0,0.0,0.0,1.0,0.0,0.0,,1.0,0.0,1.0,,,,,,1.0,0.0,0.0,1.0,0.0,0.0,0.0,0.0,1.0,,0.0,0.0,0.0,1.0,1.0,1.0,1.0,0.0,0.0,1.0,1.0,1.0,,1.0,,,,1.0,1.0,0.0,0.0,1.0,0.0,0.0,0.0,1.0,,1.0,0.0,0.0,1.0,0.0,1.0,1.0,1.0,1.0,1.0,0.0,0.0,0.0,0.0,,1.0,,1.0,,,,0.0,1.0,0.0,1.0,1.0,0.0,0.0,1.0,1.0,0.0,,0.0,0.0,1.0,0.0,,,0.0,1.0,1.0,0.0,1.0,0.0,0.0,0.0,1.0,1.0,1.0,0.0,0.0,0.0,1.0,1.0,0.0,0.0,0.0,1.0,,,1.0,1.0,1.0,0.0,,,0.0,1.0,1.0,,,,,1.0,1.0,,,0.0,,0.0,0.0,0.0,1.0,0.0,1.0,,1.0,1.0,0.0,1.0,1.0,1.0,,1.0,0.0,1.0,1.0,0.0,1.0,1.0,1.0,0.0,0.0,1.0,1.0,1.0,,,,,,1.0,1.0,1.0,,,1.0,,,1.0,0.0,1.0,0.0,1.0,1.0,0.0,0.0,1.0,0.0,1.0,1.0,1.0,1.0,0.0,0.0,1.0,,0.0,1.0,,0.0,1.0
Edson Pimenta,,1.0,1.0,0.0,0.0,0.0,,,1.0,1.0,1.0,,1.0,0.0,0.0,1.0,1.0,1.0,1.0,1.0,1.0,0.0,0.0,1.0,1.0,1.0,1.0,1.0,0.0,0.0,0.0,1.0,1.0,0.0,1.0,,,,,,,,,1.0,1.0,1.0,,1.0,1.0,1.0,,,,,,1.0,1.0,1.0,0.0,0.0,0.0,0.0,1.0,1.0,0.0,0.0,,1.0,,1.0,1.0,0.0,1.0,1.0,0.0,1.0,,0.0,0.0,0.0,1.0,1.0,1.0,1.0,1.0,1.0,1.0,1.0,1.0,0.0,0.0,1.0,,0.0,,,0.0,,0.0,1.0,,0.0,,1.0,,,,,0.0,,,1.0,,,,0.0,0.0,0.0,1.0,0.0,1.0,1.0,0.0,,0.0,1.0,1.0,0.0,,,1.0,1.0,1.0,1.0,1.0,1.0,0.0,1.0,1.0,,0.0,0.0,,,1.0,1.0,,1.0,1.0,1.0,,0.0,1.0,1.0,0.0,,1.0,1.0,0.0,1.0,,0.0,,0.0,1.0,1.0,,,,0.0,0.0,0.0,0.0,1.0,,0.0,0.0,,1.0,1.0,1.0,1.0,0.0,0.0,,,,1.0,,,,1.0,0.0,1.0,,0.0,,0.0,,0.0,1.0,,1.0,1.0,1.0,,0.0,1.0,1.0,1.0,0.0,1.0,0.0,1.0,0.0,0.0,,1.0,1.0,0.0,0.0,1.0,0.0,0.0,1.0,0.0,,,,,,,,1.0,0.0,0.0,0.0,1.0,1.0,1.0,0.0,1.0,,0.0,1.0,1.0,0.0,0.0,,0.0,1.0,,0.0,1.0,,1.0,0.0,0.0,0.0,1.0,1.0,,1.0,0.0,0.0,1.0,1.0,1.0,0.0,1.0,1.0,1.0,,,,1.0,1.0,0.0,1.0,,,,,0.0,,,,1.0,1.0,,0.0,1.0,1.0,1.0,0.0,1.0,0.0,1.0,1.0,0.0,1.0,1.0,1.0,,1.0,,1.0,,,1.0,,1.0,,1.0,1.0,1.0,,0.0,1.0,0.0,0.0,1.0,0.0,1.0,,1.0,1.0,0.0,1.0,,,,1.0,1.0,1.0,0.0,0.0,1.0,0.0,,1.0,,,1.0
Edson Santos,1.0,1.0,1.0,0.0,1.0,1.0,,,,1.0,1.0,1.0,1.0,,1.0,0.0,,1.0,,,0.0,1.0,0.0,1.0,1.0,,1.0,1.0,0.0,0.0,0.0,,1.0,1.0,1.0,1.0,1.0,,,,,,0.0,1.0,1.0,,1.0,,1.0,1.0,,,,1.0,,,1.0,1.0,0.0,0.0,0.0,0.0,,,,0.0,0.0,0.0,0.0,,1.0,0.0,1.0,1.0,0.0,1.0,0.0,0.0,,,,,,,1.0,1.0,1.0,1.0,1.0,,,,,,1.0,1.0,,,,1.0,1.0,0.0,,1.0,1.0,1.0,0.0,0.0,0.0,0.0,1.0,1.0,1.0,1.0,0.0,0.0,,0.0,1.0,,1.0,1.0,,,0.0,1.0,,0.0,0.0,0.0,1.0,1.0,1.0,1.0,1.0,1.0,0.0,1.0,,0.0,0.0,,,1.0,0.0,0.0,,1.0,1.0,0.0,1.0,0.0,0.0,0.0,0.0,0.0,,1.0,0.0,1.0,0.0,0.0,,,0.0,,0.0,,,0.0,0.0,0.0,0.0,0.0,,0.0,0.0,0.0,1.0,1.0,1.0,0.0,0.0,0.0,1.0,1.0,1.0,0.0,,0.0,1.0,,1.0,1.0,0.0,0.0,1.0,,0.0,0.0,1.0,,1.0,,,1.0,0.0,1.0,,1.0,0.0,1.0,0.0,0.0,0.0,,1.0,1.0,0.0,0.0,0.0,0.0,0.0,0.0,,,,,,,,,,0.0,0.0,0.0,0.0,0.0,1.0,1.0,0.0,1.0,,,,,,,1.0,,,,,,1.0,1.0,,0.0,0.0,1.0,1.0,1.0,1.0,,,,,1.0,0.0,1.0,,1.0,1.0,1.0,1.0,1.0,1.0,1.0,,0.0,0.0,0.0,0.0,0.0,,0.0,1.0,,1.0,1.0,,1.0,1.0,1.0,0.0,1.0,,,,,,0.0,1.0,0.0,0.0,1.0,1.0,1.0,0.0,0.0,0.0,1.0,0.0,,,,0.0,,1.0,0.0,1.0,1.0,0.0,1.0,0.0,0.0,,1.0,,,,,,0.0,0.0,,,,,,1.0,1.0,1.0,
Edson Silva,,,1.0,0.0,,,0.0,1.0,,1.0,,,,,0.0,1.0,0.0,1.0,,1.0,1.0,0.0,,,,1.0,,0.0,0.0,0.0,,1.0,,0.0,1.0,1.0,1.0,0.0,,,,1.0,0.0,1.0,,1.0,1.0,,,1.0,1.0,0.0,0.0,,,,,,0.0,0.0,0.0,0.0,1.0,,0.0,0.0,,,,1.0,1.0,0.0,0.0,1.0,0.0,1.0,,0.0,0.0,0.0,1.0,1.0,,,,,,,,,0.0,1.0,0.0,,1.0,1.0,0.0,,0.0,1.0,1.0,0.0,0.0,1.0,1.0,,,,0.0,0.0,,1.0,,,0.0,0.0,0.0,0.0,1.0,0.0,1.0,,0.0,0.0,0.0,1.0,1.0,0.0,0.0,0.0,1.0,1.0,1.0,1.0,1.0,1.0,0.0,,,0.0,,,,,0.0,1.0,1.0,1.0,1.0,0.0,1.0,,0.0,,,0.0,1.0,1.0,,,,,,,1.0,1.0,0.0,,,,,,1.0,1.0,1.0,,,,,1.0,1.0,,0.0,0.0,,,,1.0,,1.0,1.0,1.0,0.0,,,,,,,,,,,0.0,0.0,1.0,1.0,1.0,1.0,1.0,1.0,1.0,0.0,1.0,1.0,1.0,,,0.0,0.0,0.0,0.0,0.0,0.0,,,,,,,,,,,0.0,0.0,0.0,1.0,,,0.0,1.0,,,,,,,1.0,,1.0,,,,,1.0,0.0,,,1.0,,,,,,,,,,,,,1.0,0.0,1.0,,,0.0,1.0,,,,,,,,,1.0,1.0,1.0,,1.0,,1.0,,1.0,,,,,,,1.0,,,,,,,,0.0,,,1.0,1.0,1.0,,,,,,1.0,0.0,0.0,1.0,0.0,,,,,,,1.0,1.0,,,,1.0,,,1.0,,0.0,1.0
Eduardo Azeredo,1.0,1.0,1.0,1.0,,,1.0,1.0,1.0,1.0,,,1.0,,1.0,,,,,1.0,1.0,0.0,0.0,1.0,1.0,,1.0,1.0,1.0,1.0,1.0,0.0,1.0,0.0,1.0,1.0,1.0,,,0.0,0.0,0.0,,,,,,1.0,1.0,1.0,,,,1.0,0.0,,,1.0,,,,,,,,,,1.0,,0.0,1.0,1.0,,0.0,1.0,0.0,,,1.0,1.0,,,,,0.0,0.0,,0.0,1.0,,,0.0,,,0.0,0.0,,,0.0,,,,,,1.0,,,,,0.0,1.0,,1.0,1.0,1.0,,,,0.0,,0.0,0.0,1.0,,,0.0,0.0,1.0,,,0.0,0.0,,,,,,,,,1.0,1.0,,,1.0,1.0,1.0,,,,,0.0,1.0,0.0,1.0,0.0,,0.0,1.0,,,,,,1.0,,1.0,,,,,,0.0,1.0,1.0,,,1.0,,,0.0,0.0,,0.0,0.0,,,,,1.0,1.0,,0.0,,1.0,1.0,1.0,1.0,,1.0,,,1.0,,,,,,,,,,1.0,1.0,1.0,0.0,1.0,1.0,,1.0,,,,,,,,,,,,,,,0.0,,,,0.0,,,,1.0,,1.0,0.0,0.0,0.0,,,1.0,1.0,0.0,1.0,,,0.0,,,1.0,1.0,1.0,,,,,,1.0,,0.0,,,1.0,1.0,1.0,,,0.0,1.0,,0.0,,,,1.0,,0.0,,,,0.0,,1.0,1.0,,,0.0,1.0,0.0,0.0,1.0,1.0,,,1.0,0.0,,,,,,,,,,,,,1.0,,,,,,,,,,,,,,,,,,,,,,,,,
Eduardo Barbosa,1.0,,1.0,1.0,1.0,1.0,1.0,1.0,1.0,1.0,1.0,1.0,1.0,0.0,0.0,1.0,1.0,1.0,1.0,1.0,1.0,0.0,0.0,1.0,1.0,1.0,1.0,1.0,1.0,1.0,1.0,0.0,1.0,0.0,1.0,1.0,0.0,1.0,0.0,0.0,,0.0,,1.0,1.0,1.0,1.0,1.0,,1.0,,,,1.0,0.0,,1.0,1.0,,,1.0,,0.0,0.0,,,,1.0,1.0,0.0,1.0,1.0,1.0,0.0,1.0,0.0,,,1.0,1.0,0.0,,1.0,0.0,0.0,0.0,0.0,0.0,1.0,,1.0,0.0,1.0,1.0,0.0,0.0,,,,,0.0,,,,,1.0,,,1.0,0.0,1.0,0.0,1.0,1.0,,,,,,,,,,,,,,,,1.0,0.0,0.0,0.0,0.0,0.0,0.0,,,,1.0,1.0,1.0,1.0,1.0,1.0,1.0,1.0,1.0,1.0,0.0,1.0,,,0.0,1.0,0.0,,1.0,1.0,0.0,,,0.0,0.0,1.0,0.0,1.0,,,,,,0.0,1.0,1.0,,,1.0,1.0,1.0,0.0,1.0,,0.0,0.0,1.0,1.0,1.0,,1.0,1.0,1.0,0.0,,1.0,1.0,,1.0,,0.0,,0.0,,1.0,1.0,1.0,1.0,1.0,1.0,1.0,0.0,1.0,1.0,1.0,1.0,0.0,,,1.0,,,,,,,,,,,,,,,0.0,,,,1.0,0.0,0.0,1.0,0.0,1.0,1.0,1.0,0.0,0.0,0.0,1.0,0.0,1.0,1.0,0.0,1.0,1.0,1.0,0.0,,1.0,1.0,1.0,1.0,,1.0,1.0,1.0,1.0,1.0,0.0,0.0,1.0,1.0,1.0,1.0,1.0,1.0,1.0,0.0,1.0,1.0,0.0,1.0,0.0,0.0,1.0,,0.0,1.0,1.0,1.0,,1.0,1.0,1.0,1.0,1.0,,1.0,0.0,0.0,,1.0,1.0,1.0,0.0,0.0,0.0,1.0,1.0,0.0,,,1.0,1.0,1.0,1.0,,,1.0,1.0,0.0,0.0,1.0,1.0,,1.0,1.0,0.0,0.0,1.0,,0.0,1.0,1.0,1.0,0.0,0.0,1.0,1.0,1.0,1.0,,0.0,1.0
Eduardo Cunha,1.0,1.0,1.0,1.0,0.0,0.0,0.0,1.0,1.0,1.0,1.0,1.0,1.0,0.0,0.0,1.0,1.0,1.0,1.0,1.0,1.0,1.0,0.0,1.0,,1.0,,1.0,,,0.0,1.0,1.0,0.0,1.0,1.0,1.0,0.0,1.0,1.0,1.0,0.0,0.0,1.0,,1.0,1.0,1.0,1.0,1.0,1.0,0.0,0.0,1.0,1.0,1.0,,1.0,0.0,0.0,,0.0,1.0,1.0,0.0,0.0,0.0,1.0,1.0,1.0,1.0,0.0,1.0,1.0,0.0,1.0,0.0,0.0,0.0,0.0,1.0,1.0,1.0,1.0,1.0,1.0,1.0,,1.0,0.0,0.0,1.0,0.0,0.0,1.0,1.0,,0.0,0.0,1.0,1.0,0.0,0.0,1.0,,,,,0.0,0.0,,1.0,,1.0,,,,0.0,1.0,0.0,1.0,1.0,0.0,0.0,0.0,1.0,1.0,0.0,0.0,0.0,1.0,1.0,,1.0,1.0,1.0,0.0,1.0,,0.0,1.0,1.0,0.0,1.0,0.0,0.0,0.0,1.0,,0.0,1.0,1.0,0.0,1.0,0.0,0.0,1.0,1.0,0.0,1.0,,0.0,,0.0,0.0,1.0,,,1.0,0.0,0.0,0.0,,,1.0,0.0,0.0,0.0,1.0,1.0,1.0,1.0,0.0,0.0,0.0,1.0,1.0,1.0,1.0,1.0,1.0,1.0,1.0,1.0,0.0,0.0,1.0,0.0,0.0,0.0,1.0,,1.0,,,1.0,0.0,,1.0,1.0,1.0,1.0,0.0,,,0.0,1.0,1.0,1.0,1.0,1.0,1.0,1.0,0.0,1.0,0.0,1.0,1.0,0.0,0.0,1.0,1.0,0.0,0.0,0.0,0.0,1.0,0.0,1.0,,0.0,1.0,,0.0,1.0,0.0,0.0,0.0,1.0,,1.0,0.0,0.0,0.0,1.0,1.0,0.0,0.0,0.0,1.0,,,1.0,1.0,1.0,0.0,,,0.0,,1.0,0.0,1.0,1.0,1.0,,1.0,,1.0,0.0,1.0,0.0,0.0,,1.0,0.0,1.0,1.0,,1.0,0.0,1.0,1.0,,0.0,1.0,0.0,1.0,1.0,0.0,1.0,1.0,1.0,0.0,0.0,1.0,1.0,1.0,1.0,1.0,0.0,1.0,1.0,1.0,1.0,1.0,0.0,,,0.0,1.0,1.0,0.0,1.0,0.0,1.0,1.0,0.0,0.0,1.0,0.0,,1.0,1.0,,0.0,0.0,1.0,1.0,0.0,,1.0,,1.0
Eduardo Gomes,,,,,,,,,,,,,,,,1.0,1.0,1.0,,,,,,,,1.0,,,,,,,,,,,,,,,,,,1.0,,,,,,,,,,,,,,,,,,,,,,,,,,,,,0.0,,,,,,1.0,1.0,0.0,,,,,,,,,,,,,,,,,,,,,,,,,,,,,,,,,,,,,,,,,,,,,,,,,,,,,,,,,,,,,,,,,1.0,,1.0,,,1.0,,,,,,,1.0,,,,,,,,,,,,,,,,,,,,1.0,,1.0,,,,,0.0,,,1.0,,,,,,,,,,,,,,,,1.0,1.0,,1.0,1.0,1.0,1.0,1.0,1.0,,,,,,,,,,,,,,,,,,,,,,,,,,,,,,,,,,,,,1.0,,,,,,1.0,1.0,,,,,,,,,,,,,,,,,,,,,,,,,,,,,,,,,1.0,1.0,,1.0,,1.0,,1.0,,1.0,,0.0,,,1.0,,,,,1.0,,1.0,,1.0,,1.0,1.0,,,,1.0,,1.0,,,,,1.0,,,,1.0,,0.0,1.0,1.0,1.0,,,,,,,,,1.0
Eduardo Sciarra,1.0,1.0,1.0,1.0,,,,,1.0,1.0,,1.0,,0.0,0.0,1.0,0.0,1.0,1.0,1.0,1.0,0.0,0.0,1.0,,1.0,0.0,1.0,1.0,0.0,,1.0,1.0,0.0,1.0,1.0,1.0,1.0,0.0,,0.0,0.0,0.0,1.0,1.0,1.0,1.0,1.0,1.0,1.0,0.0,,,1.0,0.0,,1.0,1.0,,,,,0.0,0.0,,,,1.0,1.0,,1.0,,1.0,0.0,1.0,0.0,,,1.0,1.0,0.0,,1.0,1.0,0.0,0.0,0.0,,1.0,,,0.0,1.0,1.0,1.0,1.0,,0.0,0.0,0.0,0.0,,,,1.0,1.0,0.0,0.0,,0.0,1.0,0.0,1.0,1.0,,,0.0,0.0,1.0,0.0,1.0,1.0,0.0,0.0,0.0,,1.0,0.0,0.0,,1.0,1.0,1.0,1.0,1.0,1.0,,,0.0,1.0,1.0,,0.0,1.0,1.0,1.0,1.0,1.0,1.0,,1.0,0.0,1.0,1.0,,0.0,1.0,1.0,0.0,1.0,0.0,0.0,0.0,0.0,1.0,1.0,0.0,,1.0,0.0,0.0,0.0,0.0,1.0,1.0,0.0,,0.0,1.0,1.0,0.0,1.0,0.0,1.0,0.0,,,1.0,0.0,1.0,1.0,1.0,0.0,1.0,1.0,,1.0,,,0.0,1.0,0.0,1.0,1.0,1.0,1.0,0.0,1.0,1.0,1.0,1.0,1.0,1.0,1.0,0.0,0.0,1.0,1.0,1.0,0.0,0.0,1.0,0.0,0.0,1.0,0.0,1.0,1.0,0.0,1.0,1.0,1.0,0.0,1.0,,0.0,1.0,1.0,,,1.0,,1.0,,1.0,,0.0,0.0,1.0,0.0,1.0,1.0,,0.0,1.0,1.0,0.0,0.0,0.0,1.0,,,1.0,1.0,1.0,1.0,1.0,1.0,0.0,1.0,1.0,1.0,1.0,1.0,1.0,1.0,1.0,0.0,1.0,1.0,0.0,,,,,,0.0,0.0,1.0,1.0,0.0,1.0,1.0,,0.0,1.0,0.0,,0.0,,1.0,1.0,1.0,0.0,0.0,1.0,1.0,0.0,,1.0,0.0,1.0,,1.0,1.0,1.0,0.0,,1.0,1.0,,0.0,,,,1.0,1.0,0.0,1.0,,,,1.0,1.0,0.0,0.0,0.0,1.0,0.0,,1.0,,,1.0
Eduardo da Fonte,,,1.0,0.0,1.0,1.0,0.0,1.0,,1.0,1.0,,,0.0,,,0.0,,1.0,1.0,,1.0,,,,1.0,1.0,1.0,,0.0,0.0,1.0,1.0,,1.0,1.0,1.0,1.0,0.0,,0.0,,,,1.0,1.0,,,,1.0,,,,,1.0,1.0,1.0,,,,,,,,,,,,,,,0.0,1.0,,,,,,0.0,0.0,1.0,0.0,1.0,,1.0,1.0,,,1.0,,0.0,,,,,1.0,,,0.0,1.0,1.0,,0.0,,,1.0,0.0,,,0.0,,,1.0,1.0,,,0.0,,,0.0,1.0,1.0,0.0,,,1.0,,0.0,,0.0,1.0,,1.0,,,1.0,,1.0,,,0.0,0.0,,1.0,1.0,1.0,1.0,,1.0,0.0,1.0,,0.0,,0.0,,,1.0,,1.0,0.0,,0.0,1.0,,,,,,0.0,,,0.0,1.0,1.0,,0.0,,,1.0,,1.0,0.0,,,,,1.0,,,,,1.0,0.0,,,1.0,,,,1.0,0.0,1.0,,,,0.0,1.0,,,,1.0,,1.0,0.0,0.0,1.0,1.0,0.0,1.0,,,,0.0,,,1.0,1.0,0.0,,1.0,1.0,0.0,,,0.0,1.0,,1.0,,,1.0,1.0,0.0,0.0,0.0,0.0,,1.0,,1.0,,,,1.0,1.0,0.0,0.0,0.0,,1.0,,1.0,0.0,0.0,,1.0,,,1.0,,,1.0,0.0,1.0,,,,,,0.0,0.0,0.0,,1.0,0.0,1.0,,1.0,,0.0,,1.0,,,1.0,0.0,,,,1.0,,,0.0,,1.0,1.0,,,1.0,0.0,,,1.0,1.0,1.0,,,,0.0,,1.0,0.0,,,,1.0,,,,,,1.0,,,,,,,0.0,1.0,,0.0,
Efraim Filho,1.0,1.0,1.0,1.0,0.0,0.0,1.0,,,1.0,,1.0,1.0,0.0,1.0,1.0,,1.0,,1.0,1.0,0.0,,,,,1.0,0.0,1.0,1.0,0.0,1.0,1.0,0.0,1.0,1.0,1.0,0.0,0.0,0.0,0.0,0.0,,1.0,,1.0,1.0,1.0,1.0,1.0,0.0,,,1.0,0.0,,1.0,1.0,,,,,0.0,0.0,,,,,1.0,0.0,1.0,,0.0,0.0,1.0,0.0,,,1.0,1.0,0.0,,1.0,0.0,0.0,0.0,0.0,0.0,1.0,,,0.0,,1.0,,,,,,0.0,,,,,1.0,1.0,,,1.0,0.0,1.0,0.0,1.0,1.0,,,,,,,,,,,,,,,,,0.0,,,,,,,1.0,0.0,1.0,0.0,0.0,1.0,1.0,1.0,1.0,1.0,1.0,,1.0,1.0,0.0,1.0,1.0,,,1.0,1.0,1.0,,,,,0.0,,,1.0,,,,,,,,1.0,,,,,1.0,0.0,,,1.0,,1.0,1.0,1.0,,1.0,1.0,1.0,,,,,,,,,,,0.0,1.0,1.0,,,1.0,,,,1.0,1.0,1.0,1.0,1.0,,,1.0,1.0,1.0,,,,,,,,,,,,,1.0,,,0.0,1.0,0.0,0.0,,1.0,,1.0,1.0,1.0,1.0,,1.0,,,,0.0,,1.0,1.0,,,,,1.0,,1.0,0.0,0.0,1.0,1.0,1.0,,,1.0,,1.0,0.0,1.0,1.0,1.0,0.0,1.0,1.0,0.0,,,,,,,,1.0,1.0,,1.0,1.0,1.0,,1.0,0.0,,0.0,,1.0,1.0,1.0,0.0,,,1.0,1.0,1.0,0.0,,0.0,1.0,1.0,1.0,1.0,,,1.0,1.0,0.0,0.0,,,,,1.0,0.0,0.0,1.0,,0.0,1.0,1.0,1.0,0.0,0.0,1.0,,,1.0,1.0,0.0,1.0
Elcione Barbalho,1.0,1.0,1.0,1.0,1.0,0.0,,,,1.0,,,,,,,1.0,,,1.0,1.0,,0.0,1.0,1.0,,1.0,1.0,,0.0,,1.0,1.0,,1.0,,1.0,,1.0,,,,,,1.0,,1.0,1.0,,1.0,1.0,0.0,0.0,,0.0,,,1.0,,0.0,,0.0,1.0,1.0,0.0,0.0,0.0,,,1.0,1.0,,,1.0,,1.0,,0.0,0.0,0.0,1.0,1.0,1.0,1.0,,1.0,,,1.0,,0.0,,,,,1.0,0.0,,0.0,0.0,,0.0,0.0,1.0,,,,0.0,0.0,,1.0,1.0,,,,,0.0,0.0,1.0,0.0,1.0,1.0,0.0,,0.0,1.0,1.0,0.0,0.0,,1.0,,1.0,1.0,1.0,1.0,0.0,,1.0,0.0,,,0.0,,0.0,1.0,,1.0,1.0,0.0,,1.0,,1.0,0.0,,,1.0,,1.0,0.0,,,1.0,,1.0,,,,,0.0,0.0,1.0,0.0,0.0,,0.0,,1.0,,,1.0,,,0.0,,,,,,1.0,1.0,1.0,,,0.0,,,,,,,,,,1.0,0.0,1.0,1.0,1.0,1.0,,0.0,0.0,,,,,1.0,,,,,,,,,,,,,,0.0,0.0,,,,,,,,1.0,,,,0.0,0.0,,,,1.0,,,,,1.0,,,,,,,,,,,,,0.0,,1.0,0.0,,,,,,,,0.0,0.0,0.0,0.0,0.0,1.0,,,1.0,1.0,,,,,,,,0.0,,,0.0,1.0,1.0,,1.0,,,0.0,1.0,,,,,,1.0,,1.0,,0.0,,,,,,,0.0,,,,0.0,1.0,0.0,1.0,1.0,1.0,1.0,,,1.0,,0.0,,,,1.0
Eleuses Paiva,1.0,,1.0,1.0,0.0,0.0,,,1.0,1.0,1.0,1.0,1.0,0.0,,1.0,1.0,1.0,1.0,1.0,1.0,0.0,0.0,1.0,1.0,1.0,,0.0,0.0,,,1.0,,0.0,1.0,1.0,1.0,,0.0,0.0,0.0,0.0,0.0,1.0,1.0,1.0,1.0,1.0,1.0,1.0,0.0,,,1.0,1.0,,,,,,,,0.0,,,,,,,0.0,1.0,,0.0,0.0,1.0,,,,1.0,1.0,0.0,,1.0,,0.0,0.0,,0.0,1.0,,,,1.0,1.0,1.0,1.0,,1.0,,0.0,0.0,,,,1.0,1.0,,,1.0,0.0,1.0,0.0,1.0,1.0,,0.0,0.0,0.0,1.0,0.0,1.0,1.0,0.0,,,,,,0.0,0.0,1.0,1.0,1.0,1.0,1.0,1.0,0.0,1.0,0.0,1.0,1.0,1.0,0.0,1.0,1.0,1.0,1.0,1.0,,1.0,1.0,0.0,1.0,1.0,0.0,,1.0,1.0,0.0,1.0,0.0,,,,1.0,1.0,0.0,,,0.0,0.0,0.0,,,1.0,0.0,0.0,,,1.0,0.0,1.0,,1.0,0.0,1.0,1.0,,0.0,1.0,1.0,1.0,0.0,1.0,1.0,,,,,0.0,,,1.0,1.0,1.0,1.0,1.0,1.0,,,,1.0,1.0,1.0,1.0,0.0,,,1.0,,,,,,,,,,,,,,,1.0,,,,1.0,1.0,0.0,0.0,1.0,1.0,0.0,1.0,1.0,0.0,0.0,1.0,,1.0,1.0,0.0,1.0,1.0,,0.0,0.0,,1.0,,1.0,1.0,1.0,1.0,0.0,1.0,1.0,0.0,1.0,1.0,1.0,1.0,1.0,1.0,1.0,1.0,0.0,1.0,1.0,0.0,,,,,,0.0,0.0,1.0,1.0,0.0,1.0,1.0,1.0,,1.0,0.0,1.0,0.0,,1.0,1.0,1.0,0.0,,,0.0,1.0,,,,,,1.0,0.0,0.0,,,1.0,1.0,,0.0,0.0,,0.0,,1.0,0.0,,1.0,0.0,1.0,1.0,1.0,0.0,0.0,0.0,1.0,,0.0,1.0,1.0,0.0,1.0
Eli Correa Filho,,1.0,1.0,,0.0,,,,,1.0,1.0,1.0,1.0,0.0,,1.0,,1.0,1.0,1.0,1.0,0.0,,,,1.0,1.0,0.0,1.0,1.0,,1.0,1.0,0.0,,,,1.0,,,,,,,,1.0,1.0,1.0,1.0,1.0,,,,1.0,0.0,,1.0,1.0,,,,,0.0,0.0,,,,1.0,,0.0,,,1.0,0.0,,,,,1.0,1.0,0.0,,1.0,,0.0,0.0,,,,,,,1.0,1.0,,,,,,,0.0,,,,1.0,1.0,,,,0.0,1.0,,,,,,,,,,,,,,,0.0,0.0,1.0,,,0.0,,,,,,,,,,,,1.0,,1.0,0.0,0.0,1.0,1.0,1.0,1.0,0.0,1.0,1.0,,,1.0,,1.0,1.0,,,,0.0,,0.0,,,,,,,,,1.0,,,,0.0,1.0,,,,1.0,0.0,,,1.0,0.0,1.0,1.0,1.0,0.0,1.0,,,1.0,0.0,0.0,0.0,1.0,,,1.0,,1.0,1.0,,,,,,1.0,1.0,1.0,1.0,1.0,1.0,1.0,1.0,,,,,,,,,,,,,,,,,,1.0,0.0,,1.0,1.0,0.0,1.0,1.0,1.0,1.0,,1.0,0.0,1.0,1.0,0.0,,,1.0,,,,,1.0,1.0,,0.0,,,,1.0,,0.0,1.0,,,,,1.0,,,1.0,1.0,0.0,,,,,,0.0,0.0,,1.0,0.0,1.0,1.0,1.0,,1.0,,1.0,0.0,0.0,1.0,1.0,1.0,,0.0,,0.0,,,0.0,,,,,1.0,1.0,,,1.0,1.0,0.0,0.0,,,,,1.0,0.0,0.0,1.0,0.0,0.0,1.0,0.0,,,,1.0,1.0,,,,,1.0
Eliane Rolim,,,1.0,0.0,,,0.0,,,,,,,,,,,,,,,,,1.0,1.0,1.0,,1.0,,,,,,1.0,1.0,,,,,,,,,,,,1.0,,,,1.0,0.0,0.0,,,,,,0.0,0.0,0.0,0.0,1.0,1.0,0.0,0.0,0.0,1.0,0.0,,1.0,0.0,,1.0,0.0,1.0,,,0.0,0.0,1.0,1.0,1.0,,1.0,1.0,1.0,1.0,1.0,,0.0,1.0,0.0,0.0,,,,0.0,0.0,1.0,1.0,0.0,,1.0,,1.0,0.0,0.0,0.0,,,,,,0.0,0.0,,,1.0,0.0,1.0,1.0,0.0,0.0,0.0,1.0,1.0,0.0,,0.0,1.0,1.0,1.0,1.0,1.0,1.0,0.0,1.0,1.0,0.0,,,,,,,,,,,,,,,,,,1.0,,,,,,,,,,,,,,,,,,,,,,,,,,,,,,,,,,,,,,,,,,,,,,,,,,,,,,,,,,,,,,,,,,,,,,,,,,,,,,,,,,,,,,,,,,,,,,,,,,,,,,,,,,,,,,,,,,,,,,,,,,,,,,,,,,,,,,,,,,,,,,,,,,,,,,,,,,,,,,,,,,,,,,,,,,,,,,,,,,,,,,,,,,
Eliene Lima,1.0,1.0,,,0.0,0.0,,,1.0,1.0,1.0,,1.0,,1.0,1.0,1.0,,1.0,1.0,1.0,0.0,,,,1.0,,1.0,0.0,0.0,,1.0,1.0,,1.0,1.0,,1.0,0.0,,0.0,0.0,0.0,,1.0,1.0,1.0,1.0,1.0,1.0,,,,1.0,,,1.0,,,,,,,,,,,,,,,,,,,,,,,,,,,1.0,,,,,,,,,,,1.0,1.0,,,,,,,,,,,,,,1.0,,,,1.0,,,,,,,,,,,,,,,,,1.0,,1.0,1.0,1.0,1.0,,1.0,,,0.0,0.0,1.0,1.0,1.0,1.0,1.0,1.0,1.0,1.0,1.0,0.0,,1.0,0.0,0.0,1.0,1.0,,,0.0,0.0,0.0,0.0,,1.0,0.0,,1.0,0.0,0.0,0.0,0.0,1.0,1.0,0.0,,,1.0,1.0,1.0,1.0,0.0,0.0,0.0,,,1.0,0.0,1.0,1.0,1.0,0.0,,1.0,1.0,1.0,,0.0,0.0,,0.0,1.0,1.0,1.0,1.0,0.0,1.0,1.0,1.0,,,1.0,1.0,0.0,0.0,1.0,1.0,1.0,0.0,0.0,1.0,0.0,,1.0,,1.0,,0.0,1.0,1.0,1.0,0.0,1.0,0.0,,1.0,,1.0,0.0,0.0,,1.0,0.0,0.0,1.0,0.0,0.0,1.0,0.0,1.0,1.0,0.0,,1.0,1.0,0.0,0.0,0.0,1.0,1.0,1.0,1.0,1.0,1.0,0.0,1.0,1.0,0.0,,1.0,,,1.0,1.0,1.0,1.0,0.0,1.0,1.0,0.0,,,,,,,,1.0,1.0,,1.0,1.0,1.0,0.0,1.0,0.0,1.0,0.0,0.0,1.0,,,0.0,,,1.0,1.0,1.0,1.0,0.0,1.0,1.0,1.0,1.0,1.0,0.0,0.0,1.0,1.0,0.0,0.0,,,,1.0,1.0,0.0,1.0,,0.0,1.0,1.0,1.0,0.0,,0.0,,,0.0,,,0.0,1.0
Eliseu Padilha,1.0,,,,0.0,0.0,0.0,,1.0,1.0,,1.0,,0.0,,1.0,,,1.0,1.0,1.0,,0.0,1.0,1.0,1.0,1.0,1.0,,0.0,0.0,,1.0,,1.0,1.0,,,,,,,0.0,,1.0,1.0,1.0,1.0,1.0,1.0,,,,,,,,,,,,,,,,,,,,,,,1.0,,,,,,,,,,,1.0,,,,,,,,,,,,1.0,,,,,1.0,,,,0.0,1.0,0.0,,,,,1.0,,,0.0,0.0,0.0,0.0,1.0,0.0,1.0,1.0,0.0,,,1.0,1.0,0.0,0.0,0.0,1.0,1.0,1.0,1.0,1.0,1.0,0.0,1.0,1.0,0.0,,0.0,,,0.0,1.0,1.0,1.0,1.0,0.0,,,0.0,1.0,0.0,,1.0,1.0,0.0,,,0.0,0.0,1.0,1.0,1.0,0.0,0.0,1.0,,,,1.0,0.0,,,,,1.0,,,1.0,0.0,,0.0,,,1.0,,,,,1.0,,0.0,,1.0,,,,,,,,,,0.0,1.0,,,,,0.0,0.0,0.0,,1.0,1.0,,,,,,,,,,,,,,,,,,,,0.0,,,,,1.0,,,0.0,0.0,,,,1.0,,,,1.0,1.0,,,,,,,,,,,,,0.0,,1.0,,,,,1.0,1.0,,,0.0,,,0.0,,,,1.0,,1.0,,0.0,1.0,,,,1.0,,1.0,1.0,0.0,,1.0,1.0,0.0,0.0,1.0,1.0,,1.0,,,,1.0,,,,0.0,0.0,,0.0,1.0,,,,,,,0.0,0.0,,0.0,,,1.0,,0.0,0.0,,1.0,,1.0,,,
Emanuel Fernandes,1.0,1.0,,,1.0,1.0,,0.0,1.0,1.0,1.0,1.0,1.0,,0.0,1.0,1.0,1.0,1.0,1.0,1.0,0.0,0.0,1.0,1.0,1.0,,1.0,1.0,1.0,1.0,0.0,,,1.0,1.0,0.0,0.0,0.0,,1.0,0.0,,0.0,1.0,1.0,1.0,1.0,1.0,1.0,,,,1.0,0.0,0.0,1.0,,,,,,,,,,,,,,,,1.0,,,,,,,,,,,0.0,,,,,,,,,,,0.0,0.0,,,,,,,,,,,,,,0.0,1.0,,1.0,1.0,,,,,,,,,,,,,,,,,0.0,0.0,0.0,0.0,,0.0,,,,,1.0,1.0,1.0,1.0,0.0,1.0,1.0,1.0,,,1.0,0.0,1.0,0.0,1.0,0.0,1.0,1.0,1.0,0.0,,,,0.0,1.0,,1.0,,1.0,,,1.0,0.0,1.0,1.0,,,1.0,,1.0,0.0,0.0,,0.0,0.0,1.0,1.0,1.0,0.0,1.0,1.0,1.0,0.0,1.0,,1.0,1.0,1.0,,,,,,0.0,0.0,1.0,1.0,1.0,1.0,1.0,1.0,1.0,1.0,1.0,1.0,0.0,,1.0,1.0,,,1.0,,,,,,,,,,,,1.0,,,0.0,1.0,0.0,0.0,1.0,,1.0,1.0,1.0,0.0,0.0,0.0,1.0,0.0,1.0,,,1.0,1.0,1.0,0.0,,,1.0,1.0,1.0,0.0,1.0,1.0,1.0,1.0,1.0,0.0,0.0,1.0,1.0,1.0,1.0,1.0,1.0,1.0,0.0,1.0,1.0,0.0,1.0,0.0,0.0,,0.0,0.0,1.0,1.0,1.0,0.0,1.0,1.0,1.0,,1.0,0.0,1.0,0.0,0.0,1.0,1.0,1.0,,,,0.0,1.0,1.0,0.0,,1.0,1.0,1.0,1.0,1.0,,,1.0,1.0,0.0,0.0,1.0,1.0,0.0,1.0,1.0,0.0,0.0,1.0,0.0,0.0,1.0,0.0,0.0,0.0,0.0,1.0,1.0,0.0,1.0,1.0,0.0,1.0
Emiliano José,,,1.0,0.0,,,,,,,,,,,,,,,,,,,0.0,1.0,,1.0,,1.0,,0.0,0.0,,,1.0,1.0,1.0,,,,,,,,,,,1.0,1.0,,,,,,,,,,,,,0.0,,,,,,,,0.0,1.0,1.0,0.0,,1.0,0.0,1.0,0.0,0.0,0.0,0.0,1.0,,1.0,,1.0,,,,1.0,,,,0.0,0.0,,,,0.0,,,1.0,0.0,,,0.0,1.0,0.0,,,,,,,,,0.0,0.0,0.0,1.0,,1.0,1.0,0.0,0.0,0.0,1.0,1.0,0.0,0.0,0.0,1.0,1.0,1.0,1.0,1.0,1.0,0.0,,1.0,0.0,,,,,0.0,0.0,,,,,,,0.0,,,0.0,,1.0,,,,,,,,,,0.0,1.0,,,,,,,,,,,,1.0,,,,1.0,1.0,,,,,,,,,,,,,,,,,,,,,,,,,,,,,,,,,,,,,,,,,,,,,,,,,,,,,,,,,,,,,,,,,,,,,,,,,,,,,,,,,,,,,,,,,,,,,,,,,,,,,,,,,,,,,,,,,,,,,,,,,,,,,,,,,,,,,,,,,,,,,,,,,,,,,,,,,,,,1.0,,1.0
Enio Bacci,,1.0,1.0,1.0,1.0,,,1.0,1.0,1.0,1.0,,,0.0,1.0,1.0,1.0,1.0,,0.0,0.0,,,,,1.0,,0.0,,,,,1.0,0.0,1.0,1.0,1.0,1.0,1.0,0.0,0.0,0.0,,1.0,,1.0,1.0,,1.0,1.0,,,,,,,,,0.0,0.0,,0.0,,,,,,,,,1.0,,0.0,,,,,,0.0,1.0,,,1.0,,,1.0,1.0,,,,,,,,1.0,1.0,,,,0.0,1.0,,,,0.0,,,,,0.0,1.0,,,,0.0,0.0,0.0,0.0,1.0,0.0,1.0,1.0,0.0,0.0,,1.0,1.0,,,,,,,,,,0.0,1.0,,0.0,,,,,1.0,1.0,1.0,,1.0,1.0,,0.0,0.0,,,,1.0,,0.0,,0.0,,,,1.0,1.0,,0.0,1.0,,,,,,1.0,0.0,0.0,,,1.0,1.0,,,0.0,,,,,,,,,1.0,,0.0,0.0,,0.0,,,,,,,,,,,,,,,0.0,1.0,0.0,0.0,,,0.0,0.0,0.0,,,0.0,0.0,0.0,,,,,,,,,0.0,0.0,0.0,0.0,0.0,,,1.0,1.0,0.0,,,,0.0,,,,0.0,,0.0,,1.0,0.0,,,,,,,,,,,1.0,,,,1.0,1.0,1.0,1.0,1.0,1.0,0.0,,,,,,,,,,1.0,1.0,,,,1.0,,,1.0,,0.0,0.0,1.0,,,,,,,,,0.0,0.0,0.0,1.0,0.0,1.0,,,0.0,0.0,,,,,,,0.0,,1.0,0.0,0.0,1.0,0.0,1.0,1.0,,,,,,,,,,,
Erika Kokay,1.0,1.0,0.0,0.0,1.0,1.0,0.0,,1.0,1.0,,1.0,1.0,,0.0,0.0,0.0,1.0,,0.0,0.0,0.0,0.0,1.0,1.0,1.0,1.0,0.0,0.0,0.0,0.0,1.0,1.0,1.0,1.0,1.0,1.0,0.0,0.0,0.0,0.0,1.0,0.0,1.0,1.0,1.0,1.0,1.0,1.0,1.0,1.0,0.0,0.0,1.0,1.0,0.0,1.0,1.0,,0.0,0.0,0.0,1.0,1.0,0.0,0.0,0.0,1.0,0.0,1.0,,0.0,1.0,1.0,,1.0,0.0,,0.0,0.0,1.0,1.0,1.0,1.0,,1.0,1.0,1.0,,0.0,0.0,1.0,0.0,,1.0,1.0,,0.0,,1.0,1.0,0.0,0.0,1.0,0.0,1.0,0.0,0.0,0.0,0.0,1.0,0.0,1.0,1.0,0.0,0.0,0.0,0.0,1.0,0.0,1.0,1.0,0.0,0.0,0.0,1.0,1.0,0.0,0.0,0.0,1.0,1.0,1.0,1.0,1.0,1.0,0.0,,1.0,0.0,0.0,0.0,0.0,1.0,0.0,0.0,1.0,1.0,1.0,0.0,1.0,0.0,0.0,0.0,0.0,0.0,,1.0,1.0,,0.0,0.0,0.0,1.0,1.0,1.0,0.0,0.0,1.0,0.0,,0.0,0.0,1.0,1.0,0.0,0.0,0.0,1.0,1.0,,0.0,0.0,0.0,1.0,1.0,1.0,0.0,1.0,0.0,1.0,1.0,0.0,1.0,0.0,,1.0,,0.0,,1.0,0.0,,0.0,0.0,1.0,0.0,1.0,1.0,1.0,0.0,1.0,0.0,0.0,0.0,0.0,1.0,1.0,0.0,0.0,0.0,0.0,0.0,0.0,,0.0,1.0,1.0,0.0,1.0,1.0,1.0,0.0,0.0,0.0,,0.0,0.0,,1.0,0.0,,1.0,0.0,0.0,0.0,0.0,0.0,0.0,0.0,,,,,1.0,1.0,0.0,0.0,0.0,1.0,1.0,1.0,1.0,0.0,0.0,1.0,1.0,1.0,0.0,,0.0,,1.0,1.0,1.0,1.0,1.0,,1.0,0.0,0.0,,0.0,0.0,1.0,0.0,,,1.0,1.0,,1.0,1.0,1.0,0.0,1.0,,0.0,,1.0,0.0,0.0,1.0,0.0,1.0,1.0,1.0,1.0,0.0,0.0,0.0,1.0,0.0,1.0,0.0,0.0,0.0,0.0,,0.0,1.0,1.0,0.0,1.0,0.0,0.0,1.0,1.0,,,0.0,1.0,1.0,1.0,0.0,,,,1.0,0.0,1.0,1.0,1.0,1.0
Erivelton Santana,1.0,1.0,1.0,1.0,,,0.0,1.0,,1.0,1.0,1.0,1.0,0.0,0.0,1.0,,,,1.0,1.0,0.0,0.0,1.0,1.0,,1.0,,,,,1.0,1.0,0.0,1.0,1.0,1.0,0.0,0.0,0.0,0.0,0.0,0.0,1.0,1.0,1.0,,,,,,,,,,,,,0.0,0.0,0.0,0.0,1.0,,1.0,0.0,,1.0,,,1.0,,0.0,1.0,,0.0,,0.0,0.0,0.0,1.0,1.0,1.0,1.0,,,,1.0,1.0,,0.0,1.0,0.0,0.0,1.0,1.0,,0.0,0.0,1.0,1.0,,0.0,1.0,1.0,0.0,,0.0,0.0,,,1.0,1.0,1.0,1.0,,,,,,,,,0.0,,1.0,,0.0,,,1.0,1.0,1.0,,1.0,1.0,0.0,,1.0,0.0,,,,,1.0,1.0,,1.0,1.0,0.0,,1.0,0.0,1.0,0.0,0.0,,,,1.0,0.0,,,0.0,1.0,1.0,0.0,,,,0.0,0.0,0.0,1.0,1.0,,0.0,,,1.0,,1.0,0.0,0.0,0.0,1.0,,1.0,,1.0,1.0,1.0,,,0.0,,,1.0,0.0,0.0,,1.0,1.0,0.0,0.0,1.0,1.0,,,1.0,0.0,,1.0,0.0,,0.0,1.0,,0.0,,,,,,0.0,,,1.0,,,,,,0.0,0.0,,,1.0,1.0,0.0,0.0,1.0,1.0,0.0,,,0.0,0.0,1.0,,,1.0,,,1.0,1.0,,0.0,0.0,,1.0,1.0,,,,1.0,,,,0.0,,,,,,1.0,1.0,0.0,1.0,,0.0,,,,,,,,1.0,,0.0,1.0,,1.0,0.0,1.0,0.0,1.0,1.0,0.0,,1.0,1.0,,0.0,1.0,1.0,1.0,1.0,,,1.0,1.0,1.0,1.0,1.0,0.0,0.0,1.0,,0.0,,0.0,0.0,0.0,1.0,,,0.0,1.0,0.0,,1.0,,,0.0,0.0,1.0,,,1.0,1.0,,1.0
Eros Biondini,1.0,1.0,1.0,1.0,,,,,1.0,,,,,,0.0,1.0,0.0,1.0,,,,,0.0,1.0,1.0,,1.0,,,,,,,0.0,1.0,1.0,,,,,,,0.0,1.0,,1.0,,,,,1.0,0.0,0.0,,,,1.0,,0.0,0.0,0.0,0.0,1.0,1.0,,0.0,,1.0,0.0,1.0,1.0,0.0,1.0,1.0,0.0,1.0,0.0,0.0,0.0,0.0,1.0,1.0,1.0,,1.0,1.0,1.0,1.0,1.0,0.0,0.0,1.0,0.0,0.0,,,,,,,1.0,,,,0.0,1.0,0.0,0.0,0.0,,,0.0,,,0.0,0.0,0.0,0.0,1.0,0.0,1.0,1.0,0.0,0.0,0.0,1.0,1.0,0.0,,0.0,1.0,1.0,1.0,1.0,1.0,1.0,0.0,1.0,,0.0,1.0,1.0,0.0,,,,,,,,1.0,,1.0,1.0,,,,1.0,,1.0,0.0,0.0,,0.0,,1.0,,,,,,0.0,,,,,0.0,,,1.0,,,0.0,0.0,,,,,,,,,,,,,,,,,,,,1.0,1.0,1.0,1.0,,,,,1.0,,,,,,,,,,,,,,,,,,,,,,,,,,,,,,,,,,,,,1.0,,,,,,1.0,1.0,,,,,,,,,,,,,,,,,,,,,,,,,,,,,,,,,1.0,1.0,,1.0,1.0,1.0,,1.0,,,,,,,1.0,,,,,,,,,,,1.0,1.0,1.0,0.0,0.0,,1.0,1.0,,,,0.0,1.0,1.0,0.0,0.0,1.0,0.0,0.0,1.0,,,0.0,,1.0,0.0,,1.0,1.0,0.0,1.0
Esperidião Amin,,1.0,1.0,1.0,0.0,1.0,0.0,0.0,1.0,1.0,1.0,1.0,1.0,,0.0,1.0,1.0,,1.0,1.0,1.0,0.0,1.0,0.0,0.0,1.0,1.0,1.0,0.0,0.0,0.0,0.0,1.0,0.0,1.0,1.0,1.0,1.0,0.0,,1.0,1.0,0.0,,1.0,,1.0,1.0,1.0,,1.0,0.0,0.0,1.0,0.0,1.0,1.0,1.0,0.0,0.0,0.0,0.0,1.0,1.0,0.0,0.0,0.0,0.0,1.0,1.0,1.0,0.0,,1.0,0.0,1.0,1.0,0.0,0.0,0.0,1.0,,1.0,1.0,1.0,1.0,1.0,1.0,1.0,0.0,0.0,0.0,0.0,0.0,1.0,1.0,0.0,,0.0,1.0,1.0,0.0,0.0,1.0,0.0,,,0.0,0.0,0.0,1.0,1.0,1.0,1.0,0.0,0.0,0.0,0.0,1.0,0.0,1.0,1.0,0.0,0.0,,1.0,1.0,0.0,0.0,,1.0,1.0,1.0,1.0,1.0,1.0,0.0,1.0,1.0,0.0,0.0,0.0,0.0,1.0,0.0,1.0,1.0,1.0,1.0,0.0,,,0.0,0.0,0.0,0.0,1.0,0.0,0.0,1.0,0.0,0.0,0.0,1.0,1.0,0.0,1.0,0.0,1.0,0.0,0.0,0.0,0.0,1.0,1.0,0.0,0.0,0.0,1.0,1.0,1.0,1.0,0.0,0.0,0.0,1.0,1.0,1.0,1.0,1.0,1.0,1.0,1.0,1.0,0.0,0.0,,0.0,0.0,0.0,1.0,0.0,1.0,1.0,1.0,,,,,,,1.0,0.0,1.0,0.0,,1.0,,0.0,0.0,1.0,1.0,0.0,0.0,,,1.0,1.0,0.0,0.0,1.0,1.0,0.0,1.0,0.0,0.0,0.0,0.0,1.0,1.0,0.0,,1.0,0.0,1.0,1.0,0.0,0.0,,0.0,,0.0,0.0,0.0,1.0,1.0,,,,,1.0,1.0,1.0,1.0,1.0,1.0,1.0,,0.0,1.0,1.0,1.0,1.0,1.0,0.0,1.0,1.0,1.0,1.0,0.0,0.0,0.0,0.0,0.0,1.0,0.0,1.0,0.0,1.0,,0.0,,1.0,1.0,0.0,1.0,1.0,1.0,1.0,,1.0,1.0,,1.0,1.0,,0.0,1.0,1.0,1.0,0.0,1.0,1.0,1.0,1.0,1.0,0.0,0.0,1.0,1.0,0.0,1.0,0.0,0.0,1.0,1.0,1.0,0.0,1.0,1.0,0.0,0.0,1.0,0.0,1.0,0.0,0.0,1.0,1.0,0.0,1.0,1.0,0.0,1.0
Eudes Xavier,1.0,1.0,0.0,,1.0,1.0,0.0,1.0,,1.0,1.0,1.0,,0.0,,0.0,0.0,,1.0,0.0,0.0,0.0,0.0,1.0,1.0,1.0,1.0,0.0,0.0,0.0,0.0,1.0,1.0,1.0,,1.0,,,,,,,0.0,,1.0,,1.0,1.0,1.0,1.0,1.0,0.0,0.0,1.0,,,1.0,1.0,0.0,,0.0,0.0,1.0,,,0.0,0.0,1.0,0.0,1.0,1.0,0.0,0.0,,,,,,0.0,1.0,1.0,1.0,1.0,1.0,1.0,1.0,1.0,1.0,1.0,,,,0.0,0.0,1.0,1.0,0.0,0.0,0.0,1.0,1.0,,0.0,1.0,0.0,1.0,0.0,0.0,,0.0,1.0,0.0,1.0,1.0,0.0,0.0,0.0,0.0,1.0,0.0,1.0,1.0,0.0,0.0,0.0,1.0,1.0,0.0,0.0,0.0,1.0,1.0,1.0,1.0,1.0,1.0,,,1.0,0.0,0.0,0.0,0.0,,0.0,1.0,,1.0,1.0,0.0,,0.0,0.0,,,,,,0.0,1.0,,0.0,0.0,1.0,1.0,1.0,,0.0,1.0,0.0,,0.0,0.0,1.0,0.0,0.0,0.0,0.0,1.0,1.0,1.0,0.0,,,1.0,1.0,,0.0,,0.0,1.0,1.0,0.0,,,,1.0,0.0,,,,,,0.0,0.0,1.0,0.0,1.0,1.0,1.0,0.0,1.0,0.0,0.0,0.0,0.0,1.0,1.0,,0.0,0.0,0.0,0.0,0.0,,,1.0,1.0,0.0,1.0,1.0,1.0,0.0,0.0,,0.0,0.0,0.0,1.0,1.0,,1.0,1.0,0.0,,0.0,0.0,0.0,,,,0.0,1.0,,1.0,1.0,0.0,0.0,0.0,1.0,1.0,1.0,,0.0,0.0,1.0,1.0,1.0,0.0,1.0,,,1.0,0.0,1.0,1.0,1.0,1.0,,0.0,,0.0,0.0,0.0,1.0,0.0,1.0,,1.0,,0.0,,1.0,1.0,0.0,1.0,1.0,,1.0,,0.0,0.0,,0.0,1.0,0.0,0.0,1.0,0.0,0.0,0.0,1.0,0.0,1.0,,,0.0,0.0,,,,1.0,0.0,1.0,0.0,0.0,1.0,1.0,,0.0,,,1.0,1.0,0.0,,,,,,1.0,,1.0,
Eurico Júnior,,,,,,,,,,1.0,,,1.0,,1.0,1.0,,1.0,,1.0,,0.0,,,,,,,,,,1.0,1.0,,,,1.0,,,1.0,0.0,1.0,,1.0,1.0,,,,,,,,,,,1.0,1.0,,,,,,,,,,,,,,,,0.0,,,,,,,,,,,,,,,,,,,,,,,,,,,,,,,,,,,,,0.0,,,1.0,1.0,,,,,,,,,,,,,,,,,,,,,,,,,,,,,0.0,1.0,,,,1.0,1.0,1.0,,,,,,,,,,,,,,,,,1.0,,,,,,0.0,1.0,1.0,,,,,1.0,,,,,,1.0,1.0,0.0,,1.0,1.0,1.0,,,,,,,,,,,1.0,1.0,1.0,1.0,1.0,1.0,1.0,1.0,0.0,1.0,1.0,1.0,1.0,1.0,,,,0.0,0.0,,1.0,0.0,0.0,0.0,,1.0,0.0,1.0,1.0,1.0,0.0,,,0.0,0.0,,1.0,1.0,,1.0,1.0,,1.0,0.0,1.0,0.0,,0.0,1.0,0.0,1.0,0.0,1.0,,0.0,,,1.0,,1.0,0.0,1.0,1.0,0.0,1.0,1.0,,0.0,1.0,1.0,,,,,,1.0,,0.0,0.0,0.0,0.0,0.0,1.0,0.0,1.0,1.0,1.0,,0.0,1.0,1.0,1.0,,1.0,1.0,1.0,0.0,,0.0,1.0,1.0,,,1.0,,1.0,,,,,,1.0,1.0,1.0,0.0,,,,0.0,1.0,0.0,1.0,0.0,,,,0.0,1.0,,1.0,1.0,1.0,1.0,0.0,0.0,1.0,0.0,,1.0,1.0,,1.0
Evandro Milhomen,1.0,1.0,1.0,1.0,0.0,1.0,0.0,1.0,1.0,1.0,,1.0,,,1.0,0.0,,1.0,,1.0,1.0,,0.0,1.0,1.0,1.0,1.0,1.0,0.0,0.0,0.0,1.0,1.0,,1.0,1.0,1.0,1.0,0.0,0.0,0.0,1.0,0.0,1.0,1.0,1.0,1.0,1.0,1.0,1.0,1.0,0.0,0.0,1.0,1.0,,,,0.0,,0.0,,,1.0,0.0,0.0,0.0,1.0,0.0,1.0,1.0,0.0,0.0,1.0,,1.0,0.0,0.0,0.0,0.0,1.0,1.0,1.0,,1.0,1.0,1.0,,1.0,0.0,0.0,1.0,,0.0,,1.0,0.0,0.0,,1.0,1.0,,,1.0,0.0,1.0,0.0,0.0,0.0,0.0,,1.0,1.0,1.0,0.0,0.0,0.0,0.0,1.0,0.0,1.0,1.0,0.0,,0.0,1.0,1.0,0.0,0.0,0.0,1.0,1.0,1.0,1.0,1.0,1.0,0.0,1.0,1.0,0.0,0.0,0.0,0.0,1.0,0.0,1.0,1.0,1.0,1.0,1.0,1.0,0.0,,,0.0,0.0,,1.0,0.0,1.0,0.0,0.0,0.0,1.0,1.0,1.0,0.0,,,0.0,0.0,0.0,0.0,1.0,1.0,0.0,0.0,0.0,1.0,1.0,1.0,,,,1.0,1.0,1.0,0.0,1.0,0.0,1.0,1.0,1.0,0.0,0.0,0.0,1.0,0.0,0.0,0.0,1.0,0.0,1.0,,,1.0,0.0,1.0,1.0,1.0,0.0,1.0,0.0,0.0,1.0,0.0,1.0,1.0,0.0,0.0,0.0,0.0,1.0,0.0,1.0,0.0,1.0,1.0,0.0,1.0,1.0,1.0,,0.0,,0.0,0.0,1.0,1.0,,,1.0,1.0,0.0,0.0,,0.0,0.0,1.0,0.0,1.0,0.0,1.0,,1.0,1.0,1.0,0.0,0.0,1.0,,,1.0,1.0,1.0,1.0,1.0,1.0,0.0,1.0,0.0,1.0,1.0,1.0,1.0,,,1.0,1.0,0.0,0.0,0.0,0.0,0.0,1.0,0.0,1.0,1.0,1.0,1.0,,0.0,1.0,1.0,0.0,1.0,1.0,0.0,0.0,1.0,0.0,,1.0,,0.0,1.0,,1.0,1.0,0.0,0.0,1.0,1.0,1.0,,,0.0,0.0,1.0,,1.0,1.0,0.0,1.0,0.0,0.0,,1.0,,,0.0,1.0,1.0,1.0,1.0,,,0.0,0.0,,1.0,1.0,1.0,
Fabio Reis,,,,,,,,1.0,,,,,1.0,0.0,,1.0,1.0,1.0,,1.0,1.0,1.0,,,,,,,,,,1.0,1.0,,,,1.0,0.0,1.0,0.0,0.0,0.0,,1.0,1.0,1.0,,,,,,,,,,,1.0,,,,,,,,,,,,,,,,1.0,,,,,,,,,,,,,,,,,,,,,,,,,,,,,,,,,,,,,0.0,,,1.0,1.0,,,,,,,,,,,,,,,,,,,,,,,,,,,,,0.0,1.0,,,,1.0,1.0,0.0,,,,,,,,,,,,,,,,,0.0,,,,,,1.0,1.0,1.0,,,,,1.0,,,,,,,,1.0,,1.0,1.0,1.0,,,,,,0.0,,0.0,1.0,,1.0,0.0,0.0,1.0,0.0,1.0,1.0,1.0,1.0,1.0,0.0,,1.0,0.0,,,1.0,1.0,1.0,1.0,1.0,0.0,1.0,0.0,,,0.0,0.0,1.0,1.0,,0.0,0.0,0.0,1.0,0.0,1.0,1.0,0.0,1.0,1.0,,1.0,0.0,0.0,0.0,,,1.0,,0.0,,1.0,1.0,0.0,,,1.0,,1.0,1.0,,,,1.0,1.0,0.0,,0.0,1.0,1.0,1.0,1.0,1.0,1.0,0.0,1.0,,1.0,0.0,0.0,0.0,1.0,0.0,1.0,1.0,1.0,,0.0,1.0,,,,1.0,0.0,1.0,1.0,,1.0,1.0,1.0,0.0,,,1.0,1.0,1.0,1.0,0.0,1.0,1.0,1.0,1.0,1.0,0.0,0.0,,0.0,1.0,1.0,0.0,1.0,0.0,1.0,1.0,0.0,0.0,1.0,0.0,1.0,1.0,1.0,1.0,0.0,0.0,1.0,,,1.0,1.0,0.0,1.0
Felipe Bornier,1.0,1.0,1.0,1.0,1.0,1.0,0.0,1.0,1.0,1.0,1.0,1.0,1.0,,1.0,1.0,1.0,1.0,1.0,1.0,1.0,0.0,0.0,1.0,,1.0,1.0,0.0,0.0,1.0,0.0,1.0,,0.0,1.0,1.0,1.0,1.0,0.0,0.0,0.0,0.0,0.0,1.0,1.0,1.0,1.0,1.0,1.0,1.0,,0.0,0.0,1.0,0.0,1.0,1.0,,0.0,,0.0,0.0,,,0.0,0.0,0.0,1.0,0.0,1.0,1.0,0.0,1.0,1.0,,1.0,0.0,0.0,1.0,1.0,1.0,1.0,,,1.0,1.0,,,1.0,0.0,0.0,1.0,,,1.0,1.0,0.0,0.0,,0.0,,,,1.0,,0.0,,,0.0,0.0,1.0,1.0,,1.0,0.0,0.0,,0.0,1.0,0.0,1.0,1.0,0.0,0.0,0.0,1.0,,,0.0,0.0,1.0,1.0,1.0,1.0,1.0,1.0,,1.0,,,0.0,0.0,0.0,1.0,0.0,0.0,0.0,1.0,1.0,1.0,1.0,1.0,1.0,1.0,0.0,0.0,1.0,1.0,0.0,1.0,0.0,0.0,,0.0,,,0.0,0.0,1.0,0.0,0.0,0.0,0.0,,1.0,,,,1.0,1.0,1.0,1.0,0.0,,0.0,1.0,1.0,1.0,0.0,1.0,1.0,,1.0,1.0,,1.0,1.0,,0.0,0.0,1.0,,,,1.0,1.0,0.0,1.0,1.0,1.0,1.0,1.0,,1.0,1.0,0.0,1.0,,,1.0,1.0,1.0,1.0,0.0,1.0,0.0,1.0,1.0,0.0,,0.0,1.0,0.0,0.0,0.0,0.0,1.0,1.0,1.0,0.0,,1.0,1.0,,1.0,,0.0,,1.0,,1.0,1.0,0.0,1.0,1.0,1.0,0.0,0.0,0.0,1.0,1.0,1.0,1.0,1.0,1.0,0.0,1.0,1.0,,,,1.0,1.0,1.0,1.0,,,0.0,1.0,1.0,1.0,,,0.0,,,,1.0,1.0,1.0,0.0,1.0,1.0,1.0,0.0,1.0,0.0,,,0.0,1.0,1.0,1.0,0.0,0.0,1.0,1.0,1.0,1.0,1.0,0.0,1.0,1.0,1.0,1.0,1.0,,0.0,,,,1.0,,0.0,0.0,1.0,1.0,0.0,0.0,1.0,0.0,0.0,1.0,1.0,1.0,0.0,0.0,,0.0,0.0,1.0,,0.0,1.0
Felipe Maia,1.0,1.0,1.0,1.0,0.0,0.0,1.0,,1.0,1.0,1.0,1.0,,0.0,1.0,1.0,1.0,,1.0,1.0,1.0,0.0,0.0,1.0,1.0,,1.0,1.0,1.0,1.0,,1.0,1.0,,1.0,,,0.0,0.0,,1.0,0.0,,1.0,,1.0,,1.0,,1.0,0.0,,,1.0,0.0,,1.0,1.0,,,,,0.0,,,,,1.0,1.0,0.0,1.0,,0.0,0.0,1.0,0.0,,,1.0,1.0,0.0,,1.0,1.0,0.0,0.0,0.0,0.0,1.0,,,0.0,1.0,,,,,,,0.0,0.0,,,,,1.0,,,1.0,0.0,1.0,,1.0,1.0,1.0,,,,,,0.0,,1.0,,,0.0,,1.0,,,0.0,,,,,,,1.0,0.0,1.0,0.0,1.0,1.0,1.0,,,,1.0,1.0,1.0,1.0,0.0,1.0,1.0,1.0,,,1.0,1.0,,,,,,,,,,,,,,0.0,1.0,1.0,,,,,1.0,,1.0,,1.0,0.0,1.0,1.0,1.0,0.0,1.0,1.0,1.0,0.0,1.0,1.0,1.0,,0.0,,1.0,1.0,,1.0,,,1.0,1.0,1.0,1.0,1.0,1.0,1.0,1.0,,1.0,1.0,,,1.0,1.0,,,,,,,,,,,,,,1.0,,,,1.0,,,1.0,,,,,,,,1.0,,1.0,1.0,0.0,1.0,1.0,1.0,,,,,1.0,,1.0,0.0,0.0,1.0,,,,,,,1.0,0.0,1.0,1.0,,0.0,1.0,,,,,,,,,,1.0,1.0,0.0,1.0,1.0,1.0,,1.0,,,,,1.0,1.0,1.0,0.0,0.0,0.0,1.0,1.0,1.0,0.0,,,1.0,1.0,1.0,1.0,,,1.0,,0.0,0.0,1.0,1.0,,1.0,,0.0,0.0,1.0,0.0,0.0,1.0,1.0,1.0,0.0,0.0,1.0,1.0,,,1.0,,1.0
Fernando Coelho Filho,1.0,1.0,1.0,0.0,1.0,1.0,,1.0,1.0,1.0,1.0,,1.0,0.0,,1.0,1.0,1.0,1.0,1.0,1.0,,,,,1.0,1.0,1.0,0.0,0.0,,1.0,1.0,0.0,1.0,1.0,1.0,,,,,1.0,,1.0,1.0,,1.0,1.0,,1.0,,,0.0,1.0,,,,1.0,0.0,,0.0,0.0,1.0,,0.0,0.0,0.0,1.0,,,1.0,0.0,0.0,,,1.0,0.0,0.0,0.0,0.0,1.0,1.0,1.0,1.0,1.0,1.0,,1.0,1.0,0.0,,,0.0,0.0,1.0,,,,,1.0,,,0.0,1.0,0.0,,0.0,0.0,0.0,0.0,,1.0,1.0,1.0,0.0,0.0,0.0,,1.0,0.0,1.0,1.0,0.0,,0.0,1.0,1.0,0.0,,0.0,1.0,1.0,1.0,1.0,1.0,1.0,,,1.0,0.0,0.0,0.0,,1.0,,1.0,1.0,1.0,1.0,0.0,1.0,,,,0.0,,,,0.0,1.0,0.0,0.0,0.0,1.0,1.0,1.0,0.0,0.0,1.0,0.0,,,,,0.0,,,,1.0,1.0,,1.0,,,,1.0,1.0,,,1.0,1.0,1.0,1.0,1.0,,,,,,,,0.0,,1.0,1.0,1.0,1.0,1.0,,,,1.0,,1.0,0.0,,,,0.0,0.0,0.0,,,,0.0,,1.0,,0.0,0.0,1.0,,0.0,0.0,0.0,,,1.0,1.0,,,,1.0,0.0,,0.0,1.0,,1.0,0.0,1.0,,,,1.0,1.0,0.0,,,,1.0,,,,,,,1.0,,1.0,,1.0,,,,1.0,,0.0,,0.0,0.0,,0.0,,1.0,0.0,,,1.0,1.0,0.0,1.0,,,,1.0,,0.0,,1.0,,0.0,1.0,0.0,0.0,1.0,1.0,1.0,1.0,1.0,0.0,1.0,1.0,1.0,1.0,1.0,,,,1.0,0.0,,0.0,0.0,0.0,1.0,,0.0,,1.0,,,1.0,1.0,1.0,0.0,0.0,1.0,,,1.0,,,1.0
Fernando Ferro,1.0,1.0,0.0,0.0,1.0,1.0,0.0,1.0,1.0,1.0,1.0,1.0,1.0,,1.0,0.0,0.0,,1.0,,0.0,1.0,0.0,1.0,1.0,,1.0,1.0,0.0,,,,,1.0,,1.0,1.0,0.0,,0.0,0.0,1.0,,1.0,1.0,1.0,,1.0,,,1.0,0.0,0.0,1.0,0.0,0.0,1.0,1.0,0.0,0.0,0.0,0.0,1.0,1.0,,0.0,0.0,1.0,0.0,1.0,1.0,0.0,1.0,1.0,0.0,1.0,0.0,0.0,,,,1.0,,,1.0,1.0,1.0,1.0,1.0,0.0,,,0.0,0.0,1.0,1.0,0.0,0.0,0.0,1.0,1.0,0.0,0.0,1.0,0.0,1.0,0.0,0.0,0.0,0.0,1.0,1.0,1.0,1.0,0.0,0.0,0.0,0.0,1.0,0.0,1.0,1.0,0.0,0.0,,1.0,1.0,0.0,0.0,0.0,1.0,1.0,1.0,1.0,1.0,1.0,0.0,1.0,1.0,0.0,0.0,0.0,0.0,1.0,0.0,0.0,,1.0,1.0,0.0,1.0,0.0,0.0,,,0.0,,,0.0,1.0,,0.0,0.0,,1.0,1.0,0.0,0.0,1.0,0.0,0.0,0.0,,1.0,1.0,0.0,0.0,0.0,,1.0,1.0,0.0,0.0,0.0,1.0,1.0,1.0,0.0,1.0,0.0,1.0,1.0,,,0.0,0.0,1.0,0.0,0.0,0.0,1.0,0.0,1.0,1.0,1.0,1.0,0.0,1.0,1.0,1.0,0.0,1.0,0.0,0.0,0.0,0.0,1.0,1.0,0.0,0.0,0.0,0.0,0.0,0.0,1.0,0.0,1.0,,0.0,1.0,1.0,1.0,0.0,0.0,0.0,0.0,0.0,0.0,1.0,1.0,0.0,1.0,1.0,0.0,0.0,0.0,0.0,0.0,0.0,0.0,,0.0,1.0,0.0,1.0,1.0,0.0,0.0,0.0,1.0,1.0,1.0,1.0,0.0,0.0,1.0,1.0,1.0,,,,1.0,1.0,0.0,1.0,1.0,1.0,1.0,1.0,0.0,0.0,0.0,0.0,0.0,1.0,0.0,1.0,1.0,1.0,1.0,0.0,1.0,1.0,1.0,0.0,1.0,1.0,,1.0,1.0,0.0,0.0,1.0,0.0,0.0,1.0,1.0,,,0.0,0.0,1.0,,1.0,0.0,1.0,0.0,0.0,,0.0,1.0,1.0,0.0,1.0,0.0,0.0,1.0,1.0,,,,1.0,1.0,1.0,0.0,,,,0.0,0.0,1.0,1.0,1.0,1.0
Fernando Francischini,,1.0,,,0.0,0.0,1.0,1.0,1.0,1.0,,,,0.0,1.0,1.0,,1.0,1.0,1.0,1.0,0.0,,,,1.0,1.0,0.0,1.0,1.0,1.0,1.0,,0.0,1.0,1.0,0.0,0.0,0.0,0.0,1.0,,,1.0,,,1.0,1.0,1.0,,0.0,,,,,,,1.0,,,,,0.0,0.0,,,,1.0,1.0,0.0,1.0,1.0,1.0,,1.0,0.0,,,1.0,1.0,0.0,,1.0,1.0,0.0,0.0,0.0,0.0,1.0,,,0.0,,1.0,1.0,1.0,0.0,0.0,0.0,0.0,0.0,,,,0.0,1.0,,,1.0,0.0,,0.0,1.0,,1.0,,,,,,,0.0,1.0,,,,,1.0,,,0.0,0.0,0.0,0.0,0.0,0.0,,0.0,0.0,,1.0,1.0,,,1.0,1.0,,1.0,1.0,1.0,,,1.0,0.0,,,1.0,0.0,,0.0,,,,,1.0,0.0,1.0,,,,,,0.0,1.0,1.0,,,1.0,1.0,,0.0,0.0,,,,,1.0,1.0,,1.0,1.0,1.0,,,1.0,,,1.0,,,,1.0,,,,,,,1.0,1.0,0.0,1.0,,,1.0,,,,,1.0,,,0.0,,,,,,,,,,,1.0,,,,1.0,,,1.0,1.0,,,,,,,1.0,,,1.0,,1.0,1.0,1.0,0.0,,,1.0,,,,1.0,1.0,1.0,,,,,,,1.0,1.0,1.0,,1.0,0.0,,1.0,0.0,,,,,,,1.0,1.0,1.0,0.0,,,1.0,,1.0,0.0,1.0,0.0,,,,,0.0,0.0,1.0,1.0,,,1.0,0.0,1.0,,1.0,,,,,1.0,1.0,0.0,,1.0,1.0,,1.0,,0.0,0.0,1.0,,,1.0,,1.0,0.0,0.0,1.0,1.0,0.0,1.0,1.0,0.0,
Fernando Jordão,1.0,1.0,1.0,1.0,0.0,0.0,,,1.0,1.0,1.0,,,,,1.0,,,1.0,1.0,1.0,,0.0,1.0,,,1.0,1.0,0.0,,0.0,1.0,1.0,0.0,,1.0,1.0,0.0,0.0,1.0,,,,,1.0,,,1.0,1.0,1.0,,0.0,,,,,1.0,1.0,,,,,,1.0,0.0,0.0,0.0,1.0,0.0,,1.0,0.0,,,0.0,1.0,0.0,,,,,1.0,,,,1.0,1.0,1.0,1.0,,0.0,1.0,,0.0,,,,0.0,0.0,1.0,1.0,0.0,0.0,1.0,1.0,1.0,0.0,,,0.0,,1.0,1.0,1.0,,0.0,,0.0,1.0,0.0,1.0,1.0,0.0,0.0,0.0,1.0,1.0,0.0,0.0,0.0,1.0,1.0,,1.0,1.0,1.0,0.0,1.0,0.0,0.0,0.0,0.0,,,,,,,1.0,,,1.0,0.0,,,,1.0,,0.0,,0.0,,,0.0,,,0.0,,,,,,1.0,1.0,1.0,,,,1.0,,,,,,,,,,1.0,1.0,1.0,1.0,1.0,,,,1.0,,,,1.0,0.0,1.0,,,,,,,,,,,,0.0,0.0,1.0,1.0,,1.0,,,,0.0,0.0,,1.0,1.0,0.0,,1.0,1.0,0.0,0.0,0.0,,1.0,,1.0,1.0,,,,,1.0,0.0,0.0,0.0,,,1.0,,0.0,0.0,1.0,1.0,0.0,0.0,,1.0,1.0,1.0,1.0,1.0,1.0,0.0,,,0.0,0.0,1.0,0.0,1.0,1.0,1.0,1.0,,1.0,1.0,0.0,1.0,0.0,0.0,0.0,,0.0,,0.0,1.0,,,,1.0,1.0,0.0,1.0,,1.0,,,,1.0,,0.0,,,,1.0,1.0,1.0,,1.0,1.0,,,,,,,,,,,,,,,0.0,0.0,1.0,,,,,,,,,,,,,,
Fernando Lopes,,,,,,,,,,,,,1.0,,,,,,,,1.0,1.0,,,,,,,,,,1.0,,,,,,,,,,,,,,,,,,,,,,,1.0,,1.0,,,,,,,,,,,,,,,,,,,,,,,,,,,,,,,,,,,,,,,,,,,,,,,,,,,,,0.0,,,1.0,1.0,,,,,,,,,,,,,,,,,,,,,,,,,,,,,0.0,1.0,,,,,,,,,,,,,,,,,,,,,,,0.0,,,,,,0.0,1.0,0.0,,,,,,,,,,,,,,,0.0,1.0,1.0,,,,,,0.0,0.0,0.0,1.0,,1.0,,,,,,,,,,0.0,,,0.0,,,0.0,,,,,0.0,0.0,0.0,1.0,1.0,0.0,,,,0.0,0.0,0.0,0.0,,0.0,1.0,,0.0,,,0.0,,0.0,0.0,,,1.0,1.0,0.0,,,1.0,,0.0,0.0,,1.0,,1.0,,1.0,1.0,0.0,,1.0,0.0,1.0,1.0,,,,,1.0,,,,0.0,1.0,0.0,,,,,1.0,,,,,,1.0,1.0,0.0,1.0,1.0,1.0,,,1.0,,,0.0,0.0,1.0,1.0,1.0,,1.0,0.0,,,,,,,,1.0,,,,,,,,1.0,0.0,,1.0,,,,,,,,,,,,,,
Fernando Marroni,1.0,,0.0,0.0,1.0,1.0,0.0,1.0,1.0,1.0,1.0,1.0,1.0,,0.0,,,,1.0,1.0,0.0,1.0,0.0,1.0,,,1.0,1.0,0.0,0.0,,,1.0,1.0,,1.0,1.0,0.0,,0.0,,1.0,,,,,,1.0,1.0,1.0,1.0,0.0,,1.0,1.0,0.0,1.0,1.0,0.0,,0.0,0.0,1.0,,0.0,0.0,,0.0,0.0,,1.0,0.0,,1.0,0.0,,,0.0,0.0,0.0,1.0,1.0,1.0,1.0,1.0,,1.0,1.0,1.0,,0.0,1.0,,0.0,1.0,,,0.0,0.0,1.0,1.0,0.0,0.0,1.0,0.0,1.0,0.0,0.0,0.0,0.0,1.0,,,1.0,0.0,0.0,,0.0,1.0,0.0,1.0,1.0,0.0,,0.0,1.0,1.0,0.0,0.0,,1.0,1.0,1.0,1.0,1.0,1.0,0.0,,1.0,0.0,0.0,0.0,,,0.0,0.0,,,1.0,0.0,,,0.0,0.0,0.0,0.0,1.0,,,1.0,,,0.0,1.0,1.0,,0.0,,1.0,0.0,0.0,,,,1.0,0.0,0.0,0.0,1.0,,1.0,,0.0,0.0,1.0,,,,1.0,0.0,,1.0,0.0,1.0,0.0,0.0,,0.0,0.0,,,0.0,1.0,,,,,,,,,,0.0,0.0,0.0,0.0,,,,0.0,0.0,0.0,0.0,0.0,,0.0,1.0,1.0,0.0,1.0,1.0,1.0,0.0,0.0,0.0,,0.0,0.0,1.0,1.0,,1.0,1.0,0.0,,,0.0,,,,,,,0.0,,,0.0,0.0,0.0,1.0,1.0,1.0,,,,,1.0,1.0,0.0,,0.0,1.0,1.0,1.0,1.0,1.0,1.0,1.0,1.0,0.0,0.0,,0.0,0.0,1.0,0.0,,1.0,1.0,,0.0,,1.0,1.0,0.0,1.0,,,,,,0.0,,0.0,0.0,1.0,1.0,1.0,,,,1.0,,,,,,,,,,,,,,,1.0,1.0,1.0,,,,,,,,,,,,,,,
Fernando Torres,,,1.0,0.0,0.0,0.0,0.0,,1.0,1.0,1.0,1.0,1.0,0.0,,,,,,,1.0,0.0,0.0,1.0,,,1.0,0.0,0.0,0.0,0.0,1.0,,,,1.0,,,,,,,,,,,,1.0,,1.0,,,,,0.0,,,1.0,,,,,,,,,,,,,1.0,0.0,1.0,,0.0,1.0,0.0,0.0,1.0,1.0,0.0,1.0,,,,1.0,1.0,1.0,1.0,,0.0,1.0,,0.0,1.0,1.0,,0.0,0.0,1.0,1.0,,,1.0,0.0,1.0,,0.0,0.0,0.0,,,,,,0.0,,,,,,,,0.0,0.0,,1.0,0.0,,,,,1.0,1.0,1.0,1.0,,1.0,1.0,0.0,0.0,,0.0,1.0,1.0,,1.0,,,,,0.0,,,0.0,0.0,1.0,,,,0.0,,,,,1.0,,0.0,1.0,,,,0.0,,1.0,,,,,,,1.0,0.0,,0.0,,,,,1.0,1.0,1.0,0.0,1.0,,,,,,0.0,1.0,,,,,1.0,0.0,,,,,1.0,,1.0,1.0,,,,1.0,,,,,0.0,1.0,0.0,,,,,,,,0.0,,0.0,,1.0,1.0,1.0,0.0,1.0,,0.0,0.0,1.0,,,,0.0,1.0,1.0,,,1.0,1.0,0.0,0.0,0.0,1.0,1.0,1.0,1.0,0.0,,,,1.0,,1.0,1.0,1.0,1.0,0.0,,1.0,1.0,,1.0,1.0,0.0,,,,,,,0.0,1.0,,0.0,,1.0,,,1.0,,0.0,0.0,0.0,,1.0,,,,,1.0,,,,0.0,,,1.0,1.0,1.0,0.0,,,1.0,,0.0,0.0,0.0,0.0,1.0,1.0,,,,,,1.0,1.0,0.0,,,1.0,,,,,,1.0
Filipe Pereira,1.0,1.0,1.0,1.0,,,,,,,1.0,1.0,,,,,1.0,,1.0,,,,0.0,1.0,,1.0,1.0,1.0,,,0.0,,,,1.0,1.0,,,,,,,0.0,,,,1.0,1.0,,,1.0,,0.0,1.0,,,,,0.0,,0.0,,1.0,,,0.0,0.0,1.0,0.0,1.0,1.0,,0.0,1.0,0.0,,,,0.0,0.0,1.0,1.0,,1.0,1.0,1.0,1.0,1.0,1.0,,0.0,1.0,,0.0,1.0,1.0,,0.0,,1.0,1.0,,0.0,1.0,1.0,1.0,,,0.0,,,0.0,,,1.0,0.0,0.0,0.0,1.0,0.0,1.0,1.0,0.0,0.0,0.0,1.0,1.0,0.0,0.0,0.0,1.0,1.0,,1.0,1.0,1.0,0.0,0.0,1.0,,1.0,1.0,,,0.0,0.0,0.0,1.0,,,1.0,0.0,0.0,1.0,0.0,0.0,,0.0,1.0,1.0,,0.0,,0.0,0.0,1.0,,,1.0,0.0,0.0,0.0,,,,0.0,,1.0,1.0,1.0,0.0,1.0,0.0,,0.0,1.0,1.0,1.0,,,,,,,0.0,0.0,,,,,,1.0,,,,1.0,1.0,1.0,1.0,1.0,0.0,1.0,,,,,1.0,1.0,,,,,,,,,,,,,,,,,,,,,,,,,,,,,,,1.0,,,,,,,,,,,,,,,,,,,,,,,,,,,,,,,,,,,,,,,,,1.0,,,,,,,,,,,,,,,,,,,,,,,,1.0,1.0,1.0,,0.0,,1.0,,,0.0,,,,,,,,,0.0,1.0,1.0,,0.0,0.0,1.0,0.0,0.0,1.0,1.0,0.0,1.0
Flaviano Melo,1.0,1.0,1.0,1.0,0.0,,,1.0,,1.0,1.0,,1.0,,,1.0,,1.0,1.0,1.0,1.0,1.0,0.0,1.0,1.0,,,1.0,0.0,0.0,0.0,1.0,1.0,0.0,1.0,1.0,1.0,1.0,,,,,,1.0,1.0,1.0,,,,,,,,1.0,,,1.0,,,,,0.0,1.0,1.0,0.0,0.0,0.0,1.0,1.0,1.0,1.0,0.0,1.0,0.0,1.0,1.0,,0.0,0.0,0.0,1.0,1.0,1.0,1.0,1.0,1.0,,1.0,1.0,,0.0,1.0,0.0,0.0,1.0,,0.0,0.0,0.0,1.0,,,,1.0,1.0,,,,,,1.0,,,,0.0,0.0,0.0,0.0,1.0,0.0,1.0,1.0,0.0,,,1.0,1.0,,,,1.0,,1.0,1.0,1.0,1.0,,,,,0.0,0.0,,,1.0,1.0,1.0,1.0,1.0,0.0,1.0,,0.0,1.0,0.0,,,1.0,1.0,,0.0,,0.0,1.0,1.0,,,,,0.0,0.0,0.0,0.0,1.0,1.0,0.0,,0.0,,1.0,1.0,1.0,,,,1.0,1.0,1.0,,1.0,1.0,1.0,,,,,,,,,,,,0.0,0.0,1.0,0.0,1.0,1.0,1.0,1.0,1.0,,,1.0,,,,,1.0,,,,0.0,1.0,,1.0,1.0,0.0,,,,0.0,,0.0,0.0,1.0,0.0,,1.0,0.0,,1.0,0.0,1.0,0.0,0.0,,1.0,,1.0,0.0,0.0,0.0,,1.0,0.0,0.0,0.0,1.0,1.0,1.0,,,,,,,0.0,0.0,,,,,,,,,,,0.0,0.0,0.0,,,,,1.0,,1.0,,,1.0,,,1.0,0.0,,1.0,,1.0,,1.0,,,,,,,1.0,,1.0,,,1.0,1.0,0.0,,,0.0,1.0,1.0,,,0.0,1.0,1.0,,,1.0,0.0,1.0,1.0,1.0,,,,1.0,1.0,0.0,1.0,1.0,0.0,1.0
Flávia Morais,1.0,1.0,1.0,0.0,0.0,0.0,0.0,1.0,1.0,1.0,1.0,1.0,1.0,0.0,,0.0,1.0,1.0,1.0,1.0,1.0,0.0,0.0,1.0,1.0,1.0,1.0,0.0,0.0,1.0,0.0,,1.0,0.0,,1.0,1.0,0.0,0.0,0.0,0.0,1.0,0.0,1.0,1.0,,1.0,1.0,1.0,1.0,1.0,0.0,,,1.0,1.0,1.0,1.0,0.0,0.0,0.0,0.0,1.0,,0.0,0.0,0.0,1.0,0.0,1.0,1.0,0.0,0.0,0.0,,,0.0,,0.0,0.0,1.0,1.0,1.0,,1.0,1.0,1.0,1.0,1.0,,,1.0,0.0,0.0,1.0,1.0,,0.0,,1.0,1.0,0.0,0.0,1.0,0.0,1.0,0.0,0.0,,0.0,,,1.0,1.0,0.0,,,,,,,,,,,,,,,0.0,1.0,1.0,1.0,1.0,1.0,1.0,,1.0,1.0,0.0,0.0,0.0,0.0,1.0,1.0,1.0,1.0,1.0,1.0,0.0,1.0,0.0,0.0,0.0,0.0,,,,0.0,,0.0,0.0,0.0,1.0,1.0,1.0,0.0,0.0,1.0,0.0,0.0,0.0,,,1.0,0.0,0.0,0.0,,1.0,1.0,,,,1.0,,,,1.0,,,1.0,0.0,1.0,,0.0,1.0,0.0,0.0,0.0,,,1.0,0.0,0.0,1.0,0.0,1.0,1.0,1.0,0.0,1.0,0.0,1.0,0.0,0.0,1.0,1.0,0.0,0.0,0.0,0.0,0.0,0.0,,0.0,1.0,1.0,0.0,1.0,1.0,1.0,0.0,0.0,0.0,,0.0,0.0,,1.0,0.0,,1.0,,1.0,0.0,0.0,0.0,,0.0,1.0,0.0,1.0,0.0,1.0,1.0,,,,1.0,1.0,1.0,1.0,1.0,1.0,0.0,1.0,1.0,,,,1.0,1.0,1.0,1.0,1.0,1.0,1.0,1.0,1.0,0.0,,,0.0,1.0,0.0,0.0,1.0,1.0,1.0,,1.0,,,0.0,1.0,1.0,0.0,,,0.0,,1.0,,0.0,1.0,,1.0,1.0,1.0,0.0,1.0,1.0,,0.0,1.0,,,1.0,1.0,,1.0,,,,0.0,1.0,0.0,,,0.0,1.0,1.0,1.0,1.0,0.0,0.0,,,,,1.0,,1.0
Francisco Araújo,1.0,1.0,1.0,1.0,0.0,0.0,,,1.0,,1.0,1.0,,,,,,,1.0,,,,0.0,1.0,1.0,1.0,0.0,1.0,0.0,0.0,0.0,,,0.0,1.0,,,,,,,,0.0,,,,1.0,1.0,1.0,1.0,,,,,,,,1.0,,,,,,,,,,,,,,,,1.0,0.0,0.0,0.0,,,,,,,,1.0,1.0,1.0,1.0,1.0,,0.0,0.0,0.0,0.0,1.0,1.0,0.0,0.0,0.0,,1.0,,,,1.0,1.0,0.0,0.0,0.0,,,1.0,,,,0.0,0.0,0.0,1.0,0.0,1.0,1.0,0.0,0.0,0.0,1.0,1.0,0.0,,,1.0,1.0,1.0,1.0,1.0,1.0,,1.0,,0.0,1.0,1.0,,,1.0,1.0,1.0,,,,,,1.0,1.0,0.0,0.0,1.0,1.0,0.0,1.0,,0.0,0.0,1.0,,1.0,,,,0.0,0.0,0.0,,,,0.0,0.0,,1.0,,1.0,1.0,0.0,1.0,,,,,0.0,,,,0.0,,,,1.0,,,,,,,,,,,,,,,,,,,,1.0,1.0,,,,,,,,,,,,,,,,,,,,,,,,,,,,,,,,,,,,,,,,,,,,,,,,,,,,,,,,,,,,,,,,,,,,,,,,,,,,,,,,,,,,,,,,,,,,,,,,,,,,,,,,,,,,,,,,,,,,,,,,,,,,,,
Francisco Chagas,,,,,,,,1.0,,1.0,,,1.0,,0.0,0.0,0.0,1.0,,,0.0,1.0,,,,,,,,,,,,,,,1.0,0.0,0.0,0.0,0.0,1.0,,1.0,1.0,,,,,,,,,,1.0,0.0,1.0,,,,,,,,,,,,,,,,,,,,,,,,,,,,,,,,,,,,,,,,,,,,,,,,,,,,,0.0,,,,1.0,,,,,,,,,,,,,,,,,,,,,,,,,,,,,0.0,1.0,,,,,1.0,0.0,1.0,,,,,,,,,,,,,,,,0.0,,,,,,0.0,1.0,1.0,,,,,,,,,,,1.0,1.0,0.0,,0.0,1.0,1.0,,,,,,0.0,0.0,0.0,1.0,0.0,1.0,0.0,0.0,,,,,,,1.0,0.0,0.0,0.0,,,,0.0,,,,,,,,,,,,,,,0.0,,,,0.0,1.0,1.0,0.0,1.0,,,,,,,1.0,0.0,,0.0,1.0,,1.0,1.0,0.0,0.0,0.0,1.0,1.0,1.0,1.0,1.0,1.0,1.0,1.0,1.0,0.0,1.0,0.0,1.0,1.0,0.0,1.0,1.0,1.0,1.0,,,,,,,,,,1.0,1.0,1.0,0.0,1.0,1.0,1.0,0.0,1.0,0.0,,,1.0,0.0,0.0,1.0,,0.0,,1.0,1.0,0.0,0.0,0.0,1.0,0.0,1.0,1.0,1.0,,0.0,1.0,0.0,1.0,1.0,0.0,1.0,0.0,0.0,1.0,1.0,,0.0,0.0,1.0,,,,,,,,0.0,,,1.0,1.0
Francisco Escórcio,1.0,1.0,1.0,1.0,0.0,0.0,,1.0,,1.0,,,1.0,,0.0,1.0,,,1.0,1.0,1.0,,,,1.0,,1.0,,,0.0,,,1.0,0.0,,,,,,,,0.0,0.0,,1.0,,,,1.0,,1.0,0.0,0.0,,,,,,,,,,,,,,,,0.0,1.0,1.0,,,1.0,1.0,1.0,0.0,0.0,,,,1.0,,1.0,1.0,1.0,1.0,1.0,1.0,0.0,,1.0,,0.0,1.0,1.0,0.0,0.0,0.0,1.0,1.0,0.0,,1.0,1.0,1.0,0.0,,0.0,0.0,1.0,1.0,,,,0.0,,,1.0,0.0,1.0,1.0,0.0,0.0,0.0,,1.0,0.0,,0.0,1.0,1.0,1.0,1.0,1.0,1.0,,1.0,,0.0,0.0,,,,,1.0,1.0,,1.0,,,,0.0,,,,,,,,0.0,,,1.0,,1.0,0.0,,,0.0,,0.0,,1.0,1.0,,0.0,0.0,1.0,,1.0,1.0,,,0.0,,,,,1.0,,1.0,,1.0,,,,,0.0,,1.0,0.0,1.0,0.0,0.0,,,,,,,1.0,0.0,0.0,0.0,,,,0.0,1.0,1.0,1.0,1.0,,1.0,,1.0,1.0,0.0,0.0,,,0.0,0.0,0.0,,1.0,0.0,,,,1.0,,,,,,0.0,,,1.0,,,0.0,1.0,,,0.0,0.0,1.0,1.0,1.0,,0.0,0.0,1.0,,,0.0,1.0,,0.0,1.0,1.0,1.0,,,1.0,1.0,,1.0,,0.0,0.0,,,1.0,,,,,,1.0,,,1.0,,,1.0,0.0,1.0,,,,0.0,1.0,,1.0,,,0.0,1.0,,,,,,,,,,1.0,,,,,,,,,0.0,,,,,,,1.0,,,,,,
Francisco Floriano,1.0,1.0,1.0,1.0,0.0,0.0,,0.0,,1.0,1.0,1.0,1.0,,1.0,1.0,,,,1.0,1.0,1.0,,1.0,0.0,1.0,,0.0,0.0,0.0,,1.0,1.0,0.0,1.0,1.0,,0.0,0.0,0.0,1.0,0.0,,,1.0,,1.0,1.0,,,,,,1.0,,1.0,1.0,,,,0.0,,,,0.0,0.0,0.0,1.0,0.0,1.0,1.0,0.0,,1.0,1.0,1.0,,,1.0,0.0,1.0,,1.0,,,1.0,1.0,1.0,1.0,,0.0,1.0,0.0,,1.0,,0.0,,0.0,0.0,,,0.0,1.0,1.0,1.0,0.0,,0.0,0.0,,,,1.0,,,0.0,,,0.0,,1.0,0.0,,0.0,1.0,1.0,0.0,,,1.0,1.0,1.0,1.0,1.0,1.0,0.0,,1.0,1.0,1.0,1.0,,1.0,0.0,0.0,,,1.0,1.0,,,1.0,,0.0,0.0,,0.0,1.0,,,,,,0.0,,0.0,,,,0.0,0.0,0.0,1.0,1.0,0.0,0.0,,,1.0,,,0.0,1.0,1.0,1.0,1.0,1.0,1.0,1.0,1.0,1.0,0.0,,,0.0,1.0,0.0,0.0,0.0,1.0,0.0,1.0,,,,0.0,1.0,,1.0,0.0,1.0,,1.0,1.0,1.0,1.0,1.0,0.0,0.0,0.0,0.0,1.0,0.0,1.0,0.0,0.0,1.0,,0.0,1.0,1.0,,1.0,,0.0,0.0,1.0,,1.0,,1.0,1.0,,1.0,0.0,0.0,,,0.0,1.0,,1.0,1.0,1.0,1.0,0.0,0.0,0.0,1.0,1.0,1.0,1.0,1.0,,0.0,1.0,1.0,,,1.0,,1.0,1.0,1.0,1.0,1.0,0.0,,0.0,0.0,,0.0,0.0,1.0,0.0,1.0,1.0,1.0,,0.0,,1.0,1.0,,1.0,,,0.0,,,1.0,,0.0,,1.0,1.0,1.0,1.0,1.0,,,1.0,1.0,1.0,1.0,,0.0,,,1.0,,0.0,,,,1.0,0.0,0.0,1.0,0.0,,,1.0,1.0,,,,,,,1.0,,1.0
Francisco Praciano,,1.0,0.0,0.0,1.0,,,1.0,,1.0,,1.0,1.0,,0.0,0.0,0.0,1.0,,,0.0,1.0,1.0,0.0,0.0,0.0,1.0,0.0,0.0,0.0,0.0,1.0,1.0,1.0,1.0,1.0,1.0,0.0,0.0,,,1.0,0.0,1.0,1.0,,1.0,1.0,1.0,,1.0,0.0,0.0,1.0,1.0,,1.0,1.0,0.0,0.0,0.0,0.0,1.0,,0.0,,0.0,,0.0,1.0,1.0,0.0,1.0,1.0,,1.0,0.0,,0.0,1.0,1.0,1.0,1.0,,1.0,1.0,1.0,1.0,1.0,0.0,0.0,1.0,,,1.0,1.0,0.0,0.0,0.0,,1.0,0.0,,,1.0,1.0,,,,0.0,1.0,0.0,1.0,1.0,0.0,0.0,0.0,0.0,1.0,0.0,1.0,1.0,0.0,,0.0,1.0,1.0,0.0,0.0,0.0,1.0,1.0,1.0,1.0,,,0.0,,1.0,1.0,0.0,0.0,0.0,1.0,0.0,,,1.0,,0.0,1.0,,,,,,,0.0,0.0,,0.0,,,1.0,1.0,1.0,0.0,,,,,,0.0,1.0,1.0,0.0,0.0,0.0,1.0,,1.0,0.0,0.0,0.0,,,,1.0,1.0,0.0,1.0,,,,0.0,0.0,1.0,,1.0,1.0,,,0.0,1.0,1.0,1.0,0.0,1.0,1.0,1.0,,1.0,0.0,,0.0,0.0,,1.0,,0.0,0.0,0.0,0.0,,1.0,0.0,1.0,1.0,,0.0,1.0,1.0,0.0,,0.0,0.0,0.0,0.0,1.0,1.0,0.0,,1.0,,0.0,0.0,0.0,,1.0,,,,1.0,,1.0,1.0,0.0,1.0,1.0,1.0,1.0,1.0,0.0,,,,1.0,1.0,,1.0,0.0,1.0,1.0,0.0,1.0,0.0,0.0,1.0,,0.0,0.0,0.0,0.0,,1.0,0.0,1.0,1.0,1.0,1.0,,0.0,1.0,1.0,0.0,1.0,1.0,0.0,1.0,,0.0,0.0,1.0,,,,,1.0,,0.0,0.0,1.0,,0.0,0.0,0.0,0.0,0.0,,1.0,0.0,,0.0,1.0,0.0,,,,0.0,1.0,0.0,1.0,1.0,1.0,0.0,,0.0,,0.0,,,1.0,,1.0
Francisco Tenório,,,,,,,,,,1.0,,,1.0,0.0,0.0,1.0,,,,,1.0,0.0,,,,,,,,,,1.0,1.0,,,,1.0,,,,,0.0,,,1.0,,,,,,,,,,,1.0,1.0,,,,,,,,,,,,,,,,,,,,,,,,,,,,,,,,,,,,,,,,,,,,,,,,,,,,,,,,1.0,1.0,,,,,,,,,,,,,,,,,,,,,,,,,,,,,0.0,1.0,,,,1.0,,1.0,,,,,,,,,,,,,,,,,0.0,,,,,,0.0,1.0,1.0,,,,,1.0,,,,,,1.0,1.0,,,1.0,1.0,,,,,,,,,1.0,0.0,0.0,0.0,1.0,1.0,1.0,1.0,1.0,,,,1.0,,1.0,,0.0,,,,0.0,0.0,0.0,0.0,,0.0,,1.0,1.0,0.0,,,,,,,,0.0,,1.0,1.0,0.0,1.0,,1.0,1.0,1.0,1.0,0.0,,,1.0,1.0,0.0,,1.0,,,,,,1.0,1.0,,,,,1.0,1.0,,1.0,0.0,1.0,,,,1.0,1.0,0.0,1.0,,,,,,,,,0.0,1.0,,0.0,,1.0,1.0,0.0,1.0,0.0,1.0,0.0,0.0,1.0,1.0,,0.0,0.0,1.0,1.0,,,,,,,1.0,1.0,1.0,0.0,0.0,1.0,0.0,1.0,,0.0,1.0,0.0,0.0,1.0,,0.0,1.0,,,1.0,1.0,1.0,,,1.0,,,1.0,1.0,0.0,1.0
Francisco de Assis,,,,,,,,,,,,,,,,,,,,,,,,,,,,,,,,,,,,,,,,,,,,,,,,,,,,,,,,,,,,,,,,,,,,,,,,,,,,,,,,,,,,,,,,,,,,,,,,,,,,,,,,,,,,,,,,,,,,,,,,,,,,,,,,,,,,,,,,,,,,,,,,,,,,,,,,,,,,,,,,,,,,,,,,,,,,,,,,,,,,,,,,,,,,,,,,,,,,,,,,,,,,,,,,,,,,,,,,,,,,,,,,,,,,,,,,,,,,,,,,,,,,,,,,,,,,,,,,,,,,,,,,,,,,,,,,,,,,,,,,,,,,,,,,,,,,,,,,,,,,,,,,,,,,,,,,,,,,,,,,,,,,,,,,,,,,,,,,,,,0.0,,1.0,1.0,1.0,
Fábio Faria,1.0,1.0,1.0,1.0,0.0,0.0,,1.0,,,1.0,1.0,1.0,,0.0,1.0,,1.0,,1.0,1.0,,,,,1.0,1.0,1.0,0.0,,0.0,1.0,1.0,,1.0,,,,,,,0.0,0.0,1.0,1.0,,1.0,,1.0,1.0,1.0,,,,0.0,1.0,1.0,1.0,,,0.0,,,,,,0.0,1.0,,,1.0,0.0,,1.0,,,,0.0,0.0,0.0,,,1.0,1.0,,,,,,,,1.0,,0.0,1.0,1.0,,,,1.0,,0.0,,1.0,,1.0,,0.0,,0.0,,,,,,0.0,,,1.0,0.0,1.0,1.0,0.0,0.0,0.0,1.0,1.0,0.0,0.0,0.0,1.0,1.0,1.0,1.0,1.0,1.0,,1.0,1.0,0.0,,,0.0,,1.0,1.0,1.0,,1.0,1.0,1.0,,1.0,1.0,0.0,,,1.0,0.0,,,0.0,0.0,0.0,1.0,1.0,,,,0.0,,0.0,,,1.0,,,,1.0,,1.0,1.0,0.0,0.0,0.0,1.0,1.0,,,1.0,1.0,,0.0,1.0,,,1.0,0.0,,,,0.0,1.0,,1.0,,,,,,,,1.0,1.0,1.0,,1.0,1.0,1.0,0.0,,1.0,0.0,,,,,,,,1.0,1.0,,1.0,,,1.0,1.0,1.0,0.0,,,,,,1.0,0.0,0.0,1.0,,1.0,,,,1.0,1.0,0.0,0.0,,1.0,,1.0,1.0,0.0,,,1.0,,,1.0,1.0,1.0,,,,1.0,1.0,0.0,,,0.0,0.0,,,,,,,,1.0,,1.0,1.0,1.0,,1.0,0.0,,,0.0,1.0,,1.0,,,,,,,,,1.0,,,1.0,1.0,,0.0,1.0,,0.0,,,,,1.0,1.0,,1.0,,,,,,,0.0,0.0,1.0,,,1.0,1.0,0.0,1.0
Fábio Ramalho,1.0,,0.0,0.0,,,0.0,,1.0,1.0,1.0,1.0,,,,1.0,,,,1.0,1.0,0.0,0.0,1.0,1.0,,1.0,1.0,,,,1.0,1.0,0.0,1.0,1.0,1.0,0.0,0.0,,0.0,1.0,0.0,,,,1.0,,,1.0,,0.0,0.0,,0.0,,1.0,1.0,,,0.0,0.0,,,0.0,,,1.0,,1.0,,0.0,,1.0,,1.0,,,0.0,0.0,1.0,1.0,1.0,1.0,,1.0,1.0,1.0,1.0,0.0,0.0,1.0,,,1.0,,,0.0,0.0,1.0,1.0,0.0,0.0,1.0,1.0,,0.0,0.0,0.0,0.0,1.0,,,,0.0,0.0,,0.0,1.0,0.0,1.0,1.0,0.0,,,1.0,1.0,0.0,0.0,0.0,1.0,1.0,1.0,1.0,1.0,1.0,0.0,,,0.0,0.0,0.0,0.0,,1.0,1.0,1.0,1.0,1.0,0.0,,,,0.0,0.0,,,1.0,0.0,,,,0.0,1.0,,1.0,,0.0,1.0,,0.0,0.0,0.0,1.0,,0.0,,0.0,,,1.0,1.0,,,,,,1.0,1.0,,,1.0,1.0,,,0.0,1.0,0.0,,0.0,,0.0,1.0,1.0,,,,,,,,1.0,,0.0,0.0,0.0,1.0,,0.0,0.0,0.0,0.0,0.0,0.0,1.0,0.0,,1.0,0.0,1.0,1.0,1.0,0.0,,0.0,,0.0,0.0,1.0,,0.0,1.0,,,1.0,,,,,0.0,,,1.0,0.0,,1.0,0.0,0.0,,1.0,1.0,1.0,,1.0,,,,1.0,,,1.0,,1.0,1.0,1.0,,,,,,,,0.0,0.0,,0.0,1.0,1.0,1.0,,0.0,,,1.0,,1.0,,,1.0,,,,,,1.0,,,1.0,,,,,,,1.0,1.0,0.0,,1.0,,,1.0,,,1.0,0.0,1.0,1.0,,0.0,0.0,,,,,0.0,,,,0.0,1.0,1.0,,1.0
Fábio Souto,1.0,1.0,1.0,1.0,0.0,0.0,,1.0,1.0,1.0,1.0,1.0,1.0,0.0,1.0,1.0,1.0,1.0,1.0,1.0,1.0,0.0,0.0,1.0,1.0,1.0,1.0,0.0,1.0,1.0,0.0,,1.0,0.0,1.0,1.0,1.0,0.0,0.0,0.0,0.0,0.0,,1.0,1.0,1.0,1.0,,1.0,1.0,0.0,,,1.0,0.0,,1.0,1.0,0.0,,0.0,,,1.0,,,,1.0,1.0,1.0,,,0.0,0.0,1.0,0.0,0.0,,1.0,1.0,0.0,,,1.0,0.0,0.0,0.0,,,,,0.0,1.0,1.0,,,,,,0.0,0.0,,,,1.0,1.0,0.0,,1.0,0.0,1.0,0.0,,,,,,,,,,,,,,0.0,0.0,1.0,,,0.0,0.0,,,,,,1.0,0.0,1.0,1.0,1.0,0.0,1.0,1.0,1.0,1.0,1.0,1.0,1.0,1.0,0.0,1.0,0.0,1.0,,1.0,0.0,1.0,1.0,,,,0.0,,,,,1.0,,,,0.0,1.0,1.0,,,,1.0,,0.0,1.0,,1.0,0.0,1.0,1.0,1.0,,1.0,1.0,1.0,0.0,1.0,1.0,1.0,,,0.0,0.0,,,1.0,1.0,1.0,1.0,,1.0,1.0,1.0,1.0,1.0,1.0,1.0,1.0,1.0,,1.0,1.0,0.0,0.0,0.0,0.0,,,,,1.0,0.0,,,,0.0,1.0,,0.0,0.0,1.0,0.0,0.0,,,1.0,1.0,1.0,1.0,1.0,0.0,1.0,0.0,1.0,1.0,0.0,1.0,1.0,1.0,,,,,1.0,,1.0,0.0,0.0,1.0,1.0,1.0,1.0,0.0,1.0,1.0,1.0,0.0,1.0,1.0,1.0,0.0,1.0,,,,,,,,0.0,1.0,1.0,1.0,0.0,1.0,1.0,1.0,,1.0,0.0,0.0,0.0,0.0,1.0,1.0,1.0,0.0,0.0,1.0,1.0,1.0,1.0,0.0,,0.0,1.0,1.0,1.0,1.0,,,1.0,1.0,,0.0,,,,1.0,1.0,0.0,0.0,1.0,0.0,0.0,1.0,1.0,1.0,0.0,0.0,1.0,,,1.0,,0.0,1.0
Fábio Trad,1.0,1.0,1.0,1.0,0.0,0.0,1.0,1.0,1.0,1.0,1.0,1.0,1.0,0.0,1.0,0.0,1.0,1.0,1.0,1.0,1.0,0.0,0.0,1.0,1.0,,1.0,1.0,0.0,1.0,0.0,1.0,1.0,0.0,,1.0,0.0,1.0,1.0,0.0,1.0,0.0,0.0,1.0,1.0,,,1.0,1.0,1.0,1.0,0.0,0.0,1.0,,1.0,1.0,1.0,,0.0,0.0,0.0,1.0,1.0,0.0,0.0,0.0,1.0,1.0,1.0,1.0,0.0,0.0,0.0,0.0,1.0,1.0,0.0,0.0,0.0,1.0,1.0,,,0.0,0.0,0.0,0.0,1.0,0.0,,1.0,,0.0,1.0,1.0,0.0,0.0,0.0,1.0,1.0,0.0,0.0,1.0,1.0,1.0,0.0,0.0,,0.0,1.0,,1.0,1.0,0.0,0.0,0.0,0.0,1.0,0.0,1.0,1.0,0.0,0.0,0.0,1.0,1.0,0.0,0.0,,1.0,1.0,1.0,1.0,1.0,1.0,0.0,1.0,1.0,0.0,1.0,1.0,0.0,1.0,0.0,1.0,1.0,1.0,1.0,0.0,1.0,0.0,,1.0,0.0,0.0,1.0,,1.0,1.0,0.0,0.0,0.0,1.0,1.0,1.0,0.0,0.0,1.0,0.0,0.0,0.0,0.0,1.0,1.0,0.0,0.0,0.0,1.0,1.0,0.0,1.0,0.0,0.0,0.0,1.0,1.0,1.0,1.0,1.0,1.0,1.0,0.0,1.0,0.0,0.0,1.0,0.0,0.0,0.0,1.0,0.0,1.0,1.0,1.0,1.0,0.0,1.0,1.0,1.0,1.0,1.0,0.0,1.0,0.0,0.0,1.0,1.0,,1.0,1.0,1.0,1.0,0.0,1.0,0.0,1.0,1.0,0.0,0.0,1.0,1.0,0.0,0.0,0.0,0.0,,0.0,1.0,0.0,,1.0,1.0,0.0,1.0,0.0,0.0,0.0,1.0,,1.0,0.0,0.0,0.0,1.0,1.0,0.0,0.0,0.0,1.0,1.0,1.0,1.0,1.0,1.0,1.0,1.0,1.0,,0.0,,1.0,1.0,1.0,1.0,1.0,1.0,0.0,,1.0,0.0,0.0,0.0,0.0,1.0,0.0,1.0,1.0,1.0,1.0,0.0,1.0,1.0,1.0,0.0,1.0,1.0,1.0,1.0,0.0,1.0,1.0,1.0,0.0,0.0,1.0,1.0,1.0,1.0,1.0,0.0,1.0,1.0,1.0,0.0,0.0,0.0,0.0,1.0,1.0,0.0,0.0,0.0,0.0,0.0,1.0,1.0,0.0,0.0,1.0,0.0,1.0,1.0,1.0,0.0,0.0,0.0,1.0,,0.0,1.0,1.0,0.0,1.0
Fátima Bezerra,,,0.0,0.0,1.0,1.0,,1.0,,1.0,1.0,1.0,,,,,,,1.0,,,0.0,,1.0,,1.0,1.0,,0.0,1.0,0.0,1.0,1.0,1.0,1.0,1.0,1.0,,,0.0,0.0,1.0,0.0,1.0,1.0,1.0,1.0,1.0,1.0,1.0,,0.0,0.0,1.0,1.0,0.0,1.0,,,0.0,0.0,,1.0,,0.0,0.0,0.0,,,1.0,1.0,0.0,1.0,1.0,,,0.0,0.0,0.0,0.0,1.0,1.0,1.0,,,,,,,0.0,,,,,,1.0,,0.0,0.0,1.0,1.0,,0.0,,1.0,1.0,,,0.0,0.0,1.0,,1.0,1.0,,0.0,0.0,,1.0,0.0,1.0,1.0,0.0,0.0,0.0,1.0,,0.0,0.0,0.0,1.0,1.0,1.0,1.0,1.0,1.0,0.0,1.0,1.0,0.0,0.0,0.0,0.0,1.0,0.0,0.0,,1.0,,1.0,,,,0.0,0.0,0.0,,1.0,0.0,,,0.0,0.0,,1.0,,0.0,0.0,1.0,,,,0.0,1.0,1.0,,,,,1.0,,,0.0,,,1.0,,,1.0,,,1.0,,1.0,0.0,,1.0,,0.0,0.0,,,1.0,0.0,0.0,1.0,,,1.0,1.0,0.0,1.0,,0.0,0.0,,,,0.0,0.0,0.0,0.0,0.0,0.0,1.0,0.0,1.0,1.0,0.0,1.0,1.0,1.0,0.0,0.0,0.0,,0.0,0.0,1.0,1.0,,1.0,,,0.0,0.0,0.0,,0.0,,,0.0,1.0,,1.0,1.0,,,,1.0,1.0,1.0,1.0,0.0,,,,1.0,0.0,1.0,0.0,,,0.0,1.0,1.0,1.0,,1.0,,,,,,,,,,1.0,1.0,,1.0,1.0,1.0,,1.0,1.0,,,1.0,,0.0,1.0,1.0,,,1.0,,,0.0,0.0,1.0,,1.0,1.0,1.0,0.0,,,0.0,1.0,,0.0,,,,,1.0,,,,1.0,1.0,,0.0,,,,0.0,0.0,1.0,1.0,,1.0
Fátima Pelaes,,,1.0,1.0,0.0,0.0,0.0,1.0,,,,,,,1.0,1.0,1.0,,,,1.0,1.0,,,,1.0,,1.0,,0.0,0.0,1.0,1.0,0.0,1.0,1.0,,0.0,1.0,1.0,1.0,0.0,,,1.0,1.0,1.0,1.0,1.0,,1.0,0.0,,1.0,1.0,1.0,1.0,,,0.0,0.0,,1.0,,,0.0,0.0,0.0,1.0,1.0,,,,1.0,,1.0,0.0,0.0,0.0,0.0,1.0,1.0,1.0,,1.0,1.0,,1.0,,0.0,0.0,1.0,0.0,,1.0,1.0,0.0,,,,,,,,,1.0,,,0.0,0.0,1.0,1.0,1.0,1.0,,0.0,0.0,0.0,1.0,0.0,1.0,1.0,0.0,0.0,,1.0,1.0,0.0,0.0,0.0,1.0,1.0,1.0,1.0,1.0,1.0,,,1.0,,0.0,1.0,0.0,1.0,1.0,,1.0,1.0,1.0,1.0,1.0,,0.0,,,0.0,1.0,1.0,0.0,,,,0.0,1.0,1.0,1.0,,0.0,1.0,0.0,0.0,0.0,0.0,1.0,1.0,0.0,0.0,0.0,,1.0,,,,,0.0,,,1.0,1.0,1.0,1.0,1.0,1.0,0.0,0.0,,1.0,0.0,0.0,0.0,1.0,,1.0,0.0,0.0,,,,,,,,,0.0,,0.0,,1.0,1.0,1.0,1.0,1.0,1.0,0.0,1.0,0.0,1.0,1.0,0.0,1.0,1.0,1.0,0.0,0.0,0.0,,1.0,0.0,1.0,1.0,,1.0,1.0,,1.0,,0.0,,1.0,1.0,,,0.0,0.0,,1.0,0.0,0.0,,1.0,,,1.0,,,,1.0,1.0,,,,0.0,1.0,1.0,1.0,,,,1.0,0.0,,0.0,0.0,0.0,1.0,0.0,,1.0,1.0,1.0,0.0,,1.0,1.0,,1.0,,1.0,1.0,,,,,,,,,1.0,1.0,1.0,0.0,1.0,1.0,1.0,1.0,1.0,0.0,0.0,,,1.0,,0.0,1.0,0.0,,1.0,0.0,0.0,1.0,,,1.0,1.0,1.0,0.0,0.0,1.0,,0.0,1.0,1.0,,1.0
Félix Mendonça Júnior,1.0,1.0,1.0,1.0,0.0,0.0,1.0,1.0,1.0,1.0,1.0,,1.0,0.0,1.0,1.0,1.0,1.0,1.0,1.0,1.0,0.0,,1.0,0.0,1.0,1.0,0.0,0.0,1.0,0.0,1.0,1.0,0.0,1.0,1.0,1.0,0.0,0.0,0.0,0.0,0.0,0.0,1.0,1.0,1.0,1.0,,1.0,1.0,0.0,1.0,0.0,1.0,1.0,1.0,1.0,1.0,0.0,0.0,0.0,0.0,0.0,0.0,1.0,1.0,1.0,1.0,0.0,1.0,1.0,0.0,0.0,1.0,0.0,0.0,0.0,0.0,0.0,0.0,1.0,0.0,1.0,1.0,0.0,0.0,0.0,0.0,1.0,,0.0,0.0,0.0,0.0,1.0,1.0,0.0,0.0,0.0,0.0,1.0,,0.0,1.0,1.0,1.0,,0.0,0.0,0.0,1.0,1.0,1.0,1.0,0.0,,0.0,0.0,1.0,0.0,1.0,1.0,0.0,0.0,0.0,0.0,1.0,0.0,0.0,0.0,1.0,,1.0,1.0,1.0,1.0,0.0,,0.0,0.0,1.0,1.0,0.0,1.0,1.0,1.0,1.0,1.0,1.0,1.0,1.0,0.0,,0.0,0.0,,1.0,1.0,1.0,1.0,0.0,0.0,0.0,0.0,1.0,1.0,0.0,,,0.0,0.0,0.0,0.0,1.0,1.0,0.0,0.0,0.0,1.0,1.0,0.0,1.0,0.0,,1.0,1.0,1.0,1.0,1.0,1.0,1.0,1.0,1.0,1.0,0.0,0.0,1.0,0.0,,0.0,1.0,,,1.0,,1.0,1.0,1.0,1.0,1.0,0.0,1.0,1.0,1.0,1.0,0.0,1.0,,0.0,0.0,0.0,0.0,0.0,,,,,,,,,,,1.0,,,0.0,0.0,0.0,0.0,0.0,1.0,1.0,0.0,1.0,0.0,1.0,0.0,1.0,0.0,1.0,0.0,,,1.0,1.0,0.0,,0.0,1.0,1.0,1.0,1.0,0.0,0.0,1.0,1.0,1.0,0.0,1.0,0.0,1.0,1.0,0.0,1.0,1.0,1.0,0.0,1.0,1.0,0.0,,,0.0,1.0,0.0,1.0,1.0,1.0,1.0,0.0,1.0,1.0,1.0,0.0,1.0,1.0,1.0,1.0,0.0,0.0,1.0,1.0,0.0,1.0,,1.0,1.0,1.0,0.0,0.0,1.0,1.0,1.0,,,0.0,0.0,1.0,0.0,0.0,1.0,0.0,1.0,0.0,1.0,1.0,0.0,,,0.0,1.0,,1.0,1.0,0.0,0.0,1.0,,0.0,1.0,1.0,1.0,
Gabriel Chalita,1.0,1.0,1.0,0.0,0.0,,0.0,1.0,1.0,1.0,1.0,1.0,1.0,,1.0,,,1.0,,1.0,1.0,,0.0,1.0,1.0,1.0,1.0,1.0,0.0,0.0,,,1.0,0.0,1.0,1.0,,,0.0,,,,0.0,1.0,1.0,1.0,1.0,,1.0,1.0,1.0,0.0,0.0,1.0,,,1.0,1.0,0.0,0.0,0.0,0.0,,1.0,0.0,0.0,0.0,1.0,0.0,1.0,1.0,,,1.0,0.0,1.0,0.0,,0.0,0.0,1.0,1.0,1.0,1.0,,,,,,0.0,0.0,1.0,0.0,0.0,,1.0,0.0,0.0,0.0,1.0,1.0,,,1.0,0.0,1.0,0.0,,,0.0,1.0,,,,0.0,0.0,0.0,0.0,1.0,0.0,1.0,1.0,0.0,0.0,0.0,1.0,1.0,0.0,,,,,,,,,0.0,,,0.0,1.0,1.0,0.0,1.0,0.0,0.0,0.0,,,0.0,1.0,1.0,0.0,1.0,,0.0,1.0,1.0,1.0,,0.0,0.0,0.0,1.0,1.0,1.0,0.0,,,,0.0,0.0,1.0,,,,,,1.0,,,,0.0,0.0,0.0,,,,,,,1.0,1.0,0.0,,,,,0.0,0.0,1.0,0.0,,,,,,,,,,1.0,0.0,,0.0,0.0,1.0,1.0,,1.0,,,,,1.0,,,,,,,,,0.0,0.0,0.0,1.0,0.0,1.0,1.0,,,1.0,0.0,1.0,,,0.0,1.0,,1.0,,0.0,,,1.0,,,,1.0,,,1.0,,,,1.0,,0.0,,0.0,1.0,1.0,1.0,1.0,,,1.0,,,,,,,,,,1.0,,1.0,0.0,,,,,1.0,0.0,1.0,,0.0,1.0,1.0,,,,,,,,,,,,1.0,,,0.0,0.0,,0.0,1.0,1.0,,,,1.0,,,0.0,,,,,,,,,,,,1.0,,,
Gabriel Guimarães,1.0,1.0,1.0,0.0,1.0,,,1.0,,1.0,,1.0,1.0,0.0,,0.0,0.0,,1.0,,1.0,1.0,,1.0,1.0,1.0,1.0,1.0,0.0,,,1.0,1.0,1.0,,,,,,,,,0.0,,1.0,,1.0,,,1.0,1.0,0.0,0.0,,,,,1.0,0.0,0.0,0.0,0.0,1.0,,0.0,0.0,0.0,1.0,0.0,1.0,1.0,0.0,1.0,1.0,0.0,1.0,0.0,0.0,0.0,0.0,1.0,1.0,,,,,,,,0.0,0.0,1.0,0.0,,1.0,1.0,,,0.0,1.0,,0.0,0.0,1.0,0.0,1.0,0.0,0.0,0.0,0.0,1.0,,1.0,1.0,,0.0,0.0,,1.0,0.0,1.0,1.0,0.0,0.0,0.0,1.0,1.0,0.0,0.0,0.0,1.0,1.0,1.0,1.0,1.0,1.0,0.0,,1.0,0.0,0.0,0.0,0.0,,0.0,,,,1.0,0.0,,,0.0,0.0,0.0,,,,,1.0,0.0,,,,1.0,1.0,,,1.0,0.0,0.0,0.0,,1.0,,0.0,0.0,,1.0,1.0,1.0,0.0,,,1.0,1.0,1.0,,1.0,,1.0,1.0,0.0,1.0,0.0,0.0,,0.0,,0.0,,,,,0.0,1.0,0.0,1.0,1.0,1.0,0.0,1.0,,,,,1.0,,0.0,,0.0,0.0,0.0,0.0,,0.0,,1.0,,,1.0,1.0,0.0,0.0,0.0,,0.0,0.0,1.0,1.0,0.0,1.0,,,,,0.0,,,,,0.0,1.0,0.0,1.0,1.0,,0.0,0.0,1.0,,,,,,,,1.0,,,,,,1.0,1.0,,1.0,1.0,1.0,0.0,0.0,0.0,,,1.0,0.0,,1.0,,1.0,,,1.0,1.0,0.0,1.0,1.0,,,,0.0,0.0,,0.0,,,0.0,,0.0,0.0,,1.0,0.0,1.0,,,0.0,0.0,1.0,,1.0,,,1.0,,,,,,,0.0,1.0,1.0,1.0,,,,,,0.0,,1.0,,
Gastão Vieira,,,1.0,1.0,,,,,,,,,,,,,1.0,1.0,,,,,,,,,,,,,,,,,,,,,,,,,,1.0,,,,,,,1.0,0.0,0.0,,,,,,0.0,0.0,,,1.0,,0.0,0.0,0.0,1.0,0.0,1.0,1.0,0.0,1.0,1.0,0.0,1.0,0.0,0.0,0.0,0.0,1.0,1.0,,,1.0,1.0,1.0,1.0,1.0,0.0,,,0.0,,,,0.0,0.0,0.0,1.0,1.0,0.0,0.0,1.0,1.0,,0.0,0.0,0.0,,,,,,,,,,,,,,,,,,,,,,,,,,,,,,,0.0,,,,,,,,1.0,,,,,,,,,,,,,,,,,,,,,,,,,,,,,,,,1.0,,,,,,1.0,1.0,1.0,,,,,,,,,,,,,,,,0.0,0.0,1.0,0.0,1.0,1.0,1.0,1.0,1.0,,,,,,,,,,,,,,,,,,,,,,,,,,,,,,,,,,,,,,,,,,,,,,,,,,,,,,,,,,,,,,,,,,,,,,,,,,,,,1.0,,,1.0,,,,,,,,,,,,,,,,0.0,1.0,1.0,0.0,1.0,1.0,1.0,1.0,1.0,0.0,,,0.0,1.0,1.0,0.0,1.0,0.0,1.0,,,,,0.0,1.0,,1.0,0.0,,,1.0,,,1.0,1.0,,1.0
Gean Loureiro,,,1.0,1.0,,,0.0,,,,,,,,,,,,,,,,,,,,,,,,,,,0.0,,,,,,,,,,,,,,,,,,,,,,,,1.0,,,,,,,,,,,,,1.0,,,,0.0,1.0,0.0,0.0,,,,,,,1.0,1.0,1.0,1.0,1.0,,0.0,1.0,,,,,0.0,0.0,0.0,1.0,1.0,0.0,0.0,1.0,0.0,1.0,0.0,0.0,0.0,,,0.0,,,0.0,,,,,,,,,,,,,,,,,,,,,,,,,0.0,,,,,,,,,,,,,,,,,,,,,,,,,,,,,,,,,,,,,,,,,,,,,,,,,,,,,,,,,,,,,,,,,,,,,,,,,,,,,,,,,,,,,,,,,,,,,,,,,,,,,,,,,,,,,,,,,,,,,,,,,,,,,,,,,,,,,,,,,,,,,,,,,,,,,,,,,,,,,,,,,,,,,,,,,,,,,,,,,,,,,,,,,,,,,,,,,,,,,,,,,,,,
Genecias Noronha,1.0,1.0,1.0,1.0,0.0,,,1.0,,1.0,,,1.0,0.0,0.0,1.0,1.0,1.0,,,1.0,1.0,1.0,0.0,1.0,1.0,,,,,,1.0,1.0,,1.0,,1.0,0.0,1.0,0.0,0.0,0.0,0.0,,,1.0,1.0,1.0,1.0,1.0,1.0,,0.0,,,,,,0.0,0.0,0.0,,,1.0,,,,0.0,0.0,1.0,1.0,0.0,,1.0,0.0,,,0.0,0.0,0.0,1.0,1.0,1.0,,,,,,,0.0,0.0,,0.0,0.0,1.0,,,,,,1.0,,,1.0,1.0,,0.0,,0.0,0.0,,1.0,1.0,1.0,,0.0,,,1.0,0.0,1.0,1.0,0.0,,0.0,1.0,1.0,0.0,,,1.0,1.0,1.0,1.0,1.0,1.0,0.0,,,0.0,,,0.0,,0.0,1.0,1.0,1.0,1.0,0.0,1.0,1.0,0.0,,,,,1.0,0.0,1.0,,,0.0,1.0,1.0,1.0,,,,,0.0,0.0,0.0,1.0,1.0,,,,1.0,,,,,,0.0,,,,1.0,1.0,1.0,,1.0,,,,1.0,,0.0,,,,,1.0,1.0,1.0,1.0,1.0,,,,1.0,,,1.0,,1.0,1.0,1.0,,,,,0.0,1.0,0.0,,1.0,0.0,0.0,1.0,,0.0,,,0.0,1.0,,1.0,1.0,,,,1.0,1.0,1.0,0.0,,1.0,,1.0,1.0,0.0,0.0,,,,,,,1.0,,,,,,1.0,1.0,0.0,,,1.0,,,,,1.0,0.0,1.0,,,0.0,0.0,,,,,1.0,1.0,1.0,,,1.0,1.0,,,,1.0,0.0,,1.0,1.0,,1.0,,,0.0,,1.0,,,1.0,1.0,1.0,1.0,1.0,1.0,1.0,1.0,1.0,1.0,,,,,1.0,1.0,,0.0,1.0,,,,1.0,,,,,1.0,,,1.0,0.0,
George Hilton,1.0,1.0,1.0,1.0,1.0,1.0,,,1.0,1.0,1.0,,1.0,0.0,,1.0,,1.0,1.0,1.0,1.0,0.0,,1.0,1.0,1.0,1.0,1.0,0.0,,0.0,1.0,1.0,0.0,1.0,1.0,,,,,,,0.0,,,,1.0,1.0,1.0,1.0,,0.0,,1.0,1.0,,1.0,,,,0.0,0.0,1.0,,0.0,0.0,0.0,1.0,0.0,,1.0,0.0,,1.0,0.0,1.0,0.0,0.0,0.0,0.0,1.0,1.0,1.0,,1.0,0.0,1.0,,,0.0,0.0,1.0,,,1.0,1.0,0.0,0.0,,0.0,,0.0,0.0,1.0,,,,,0.0,0.0,1.0,1.0,1.0,1.0,0.0,,,,,,,,,,0.0,1.0,1.0,,0.0,0.0,1.0,1.0,1.0,1.0,1.0,1.0,,,,,1.0,1.0,0.0,1.0,1.0,1.0,1.0,1.0,1.0,1.0,,,0.0,0.0,0.0,,1.0,1.0,1.0,1.0,0.0,0.0,0.0,,1.0,1.0,0.0,0.0,1.0,,,,0.0,1.0,1.0,0.0,0.0,0.0,,,1.0,1.0,0.0,0.0,1.0,,,1.0,1.0,,,,1.0,0.0,0.0,,,,,0.0,,,1.0,0.0,0.0,,0.0,,,,,1.0,1.0,1.0,0.0,1.0,1.0,1.0,0.0,,,,,,1.0,,1.0,1.0,0.0,1.0,1.0,,,1.0,0.0,0.0,0.0,0.0,1.0,1.0,0.0,,,,,,,,,,1.0,0.0,,,1.0,1.0,,,,1.0,1.0,1.0,,1.0,1.0,1.0,1.0,1.0,,,,1.0,1.0,1.0,1.0,1.0,,,1.0,,0.0,,,,1.0,0.0,,,,,0.0,1.0,,,0.0,1.0,,,,,1.0,1.0,1.0,,,,1.0,1.0,,,,,,,,1.0,0.0,,1.0,,1.0,,,,,1.0,1.0,,,,,,1.0,,,0.0,,1.0,,,1.0,,,
Gera Arruda,1.0,1.0,,,0.0,0.0,,,1.0,1.0,,,,,,,,,,,1.0,,,,,,1.0,,,,,,1.0,,,,,,,,,,,,,,,,,,,,,,,,,,,,,,,,,,,,,,,,,,,,,,,,,,,1.0,,,,,,,,,,,,,,,,,,,,,,,,,,,,,1.0,1.0,,,,,,,,,,,,,,,,,,,,,,,,,,,0.0,0.0,0.0,1.0,,,,,,,,1.0,,1.0,0.0,,,,,,0.0,0.0,0.0,1.0,,,,,,,,,,,1.0,,,,1.0,,,1.0,,,,,,,,,,,,,,,,,,,,,,,,,,,,,,,,,0.0,,,,,,,,,,,,,,,,,,,,,,,,,,,,1.0,0.0,1.0,0.0,0.0,,,,,,,,,,0.0,0.0,,1.0,1.0,,,,,,,,0.0,,1.0,,,,,,,,,0.0,1.0,0.0,0.0,0.0,1.0,0.0,1.0,,,,0.0,,,,0.0,,0.0,1.0,1.0,0.0,1.0,1.0,,0.0,1.0,,0.0,,,,,,,,,,,,1.0,,,,,,,,,,,,,,,,,,,,,,,,,
Geraldo Resende,1.0,1.0,1.0,1.0,1.0,0.0,,1.0,,1.0,1.0,1.0,1.0,0.0,1.0,1.0,1.0,1.0,1.0,1.0,1.0,0.0,,1.0,1.0,1.0,1.0,1.0,0.0,0.0,0.0,1.0,1.0,0.0,1.0,1.0,1.0,0.0,1.0,,1.0,0.0,0.0,1.0,1.0,,1.0,1.0,1.0,1.0,1.0,0.0,0.0,1.0,1.0,,1.0,1.0,,0.0,0.0,,1.0,1.0,0.0,,0.0,,1.0,1.0,1.0,0.0,1.0,,0.0,1.0,,,0.0,0.0,1.0,1.0,1.0,,0.0,1.0,,1.0,1.0,0.0,0.0,1.0,,0.0,1.0,1.0,,0.0,0.0,1.0,1.0,,0.0,1.0,,1.0,0.0,0.0,0.0,0.0,1.0,1.0,1.0,1.0,,0.0,0.0,,1.0,0.0,1.0,1.0,0.0,0.0,,1.0,1.0,0.0,0.0,0.0,1.0,1.0,1.0,1.0,1.0,1.0,0.0,1.0,1.0,,1.0,1.0,0.0,1.0,0.0,1.0,1.0,1.0,1.0,,1.0,1.0,0.0,1.0,0.0,0.0,1.0,1.0,0.0,1.0,0.0,0.0,0.0,1.0,1.0,1.0,0.0,0.0,1.0,0.0,0.0,0.0,0.0,1.0,1.0,0.0,0.0,0.0,1.0,1.0,1.0,1.0,0.0,0.0,0.0,1.0,1.0,1.0,1.0,1.0,1.0,1.0,0.0,0.0,0.0,,,0.0,0.0,0.0,1.0,,,0.0,1.0,1.0,0.0,1.0,1.0,1.0,1.0,1.0,0.0,0.0,0.0,0.0,,,1.0,1.0,1.0,1.0,,0.0,1.0,0.0,1.0,1.0,0.0,0.0,1.0,1.0,,0.0,0.0,0.0,1.0,0.0,1.0,1.0,,,1.0,0.0,0.0,,0.0,0.0,1.0,1.0,1.0,0.0,0.0,0.0,,1.0,0.0,0.0,,1.0,1.0,1.0,1.0,1.0,1.0,,1.0,1.0,0.0,1.0,1.0,1.0,1.0,1.0,1.0,1.0,1.0,1.0,1.0,1.0,0.0,0.0,0.0,0.0,1.0,0.0,1.0,,1.0,1.0,0.0,1.0,1.0,1.0,0.0,1.0,0.0,1.0,1.0,0.0,1.0,1.0,1.0,0.0,0.0,,1.0,1.0,1.0,1.0,0.0,1.0,1.0,1.0,0.0,0.0,1.0,0.0,,1.0,0.0,1.0,0.0,1.0,0.0,1.0,1.0,0.0,0.0,1.0,0.0,1.0,1.0,1.0,0.0,0.0,0.0,1.0,1.0,0.0,1.0,1.0,0.0,1.0
Geraldo Simões,1.0,1.0,1.0,0.0,1.0,0.0,0.0,1.0,1.0,1.0,,1.0,1.0,,,,0.0,1.0,,1.0,0.0,1.0,0.0,1.0,,1.0,1.0,1.0,,0.0,0.0,1.0,1.0,1.0,1.0,1.0,1.0,0.0,0.0,0.0,0.0,1.0,,1.0,1.0,,1.0,1.0,1.0,1.0,1.0,0.0,0.0,1.0,0.0,0.0,,1.0,0.0,0.0,0.0,0.0,1.0,1.0,0.0,0.0,0.0,1.0,0.0,1.0,1.0,0.0,1.0,1.0,0.0,1.0,0.0,0.0,0.0,0.0,1.0,1.0,1.0,1.0,1.0,1.0,1.0,1.0,1.0,0.0,0.0,,0.0,0.0,1.0,1.0,0.0,0.0,0.0,1.0,1.0,0.0,0.0,1.0,0.0,1.0,,,0.0,,1.0,1.0,1.0,1.0,0.0,0.0,0.0,0.0,1.0,0.0,1.0,1.0,0.0,0.0,0.0,1.0,1.0,0.0,0.0,0.0,1.0,1.0,1.0,1.0,1.0,1.0,,,1.0,0.0,0.0,0.0,0.0,,0.0,0.0,,1.0,,0.0,1.0,0.0,0.0,0.0,0.0,0.0,1.0,1.0,0.0,1.0,0.0,0.0,0.0,1.0,1.0,1.0,0.0,0.0,1.0,0.0,0.0,0.0,0.0,1.0,1.0,0.0,0.0,0.0,1.0,1.0,1.0,0.0,,,1.0,1.0,,,1.0,,,1.0,0.0,1.0,0.0,0.0,,,0.0,0.0,1.0,0.0,1.0,0.0,0.0,1.0,0.0,,1.0,1.0,0.0,1.0,0.0,0.0,0.0,0.0,1.0,1.0,0.0,0.0,0.0,0.0,0.0,0.0,1.0,0.0,1.0,1.0,0.0,0.0,1.0,1.0,0.0,0.0,0.0,0.0,0.0,0.0,1.0,1.0,0.0,1.0,1.0,0.0,0.0,0.0,0.0,0.0,1.0,,,0.0,1.0,0.0,1.0,,0.0,0.0,0.0,1.0,1.0,1.0,1.0,0.0,0.0,1.0,,1.0,0.0,1.0,0.0,1.0,,,,1.0,1.0,1.0,1.0,0.0,0.0,0.0,0.0,0.0,1.0,0.0,1.0,1.0,1.0,1.0,,,,,0.0,1.0,,,1.0,,,0.0,1.0,0.0,0.0,1.0,1.0,1.0,0.0,0.0,0.0,1.0,0.0,1.0,1.0,1.0,0.0,0.0,1.0,,1.0,1.0,0.0,1.0,0.0,0.0,,1.0,,,0.0,,,1.0,0.0,,,,,,1.0,,,1.0
Geraldo Thadeu,,1.0,1.0,1.0,0.0,0.0,,1.0,,1.0,1.0,1.0,1.0,,,,1.0,1.0,1.0,1.0,1.0,0.0,0.0,1.0,1.0,1.0,1.0,1.0,,,,1.0,1.0,0.0,1.0,1.0,1.0,1.0,0.0,0.0,0.0,0.0,0.0,0.0,,,1.0,1.0,,1.0,,0.0,0.0,,0.0,1.0,,1.0,,,,0.0,,0.0,,,,1.0,1.0,0.0,1.0,0.0,1.0,0.0,1.0,0.0,0.0,0.0,1.0,1.0,0.0,1.0,0.0,1.0,1.0,1.0,1.0,1.0,1.0,0.0,0.0,1.0,1.0,1.0,1.0,1.0,,,0.0,,1.0,,0.0,1.0,0.0,1.0,0.0,0.0,0.0,0.0,,1.0,1.0,1.0,,0.0,0.0,0.0,1.0,0.0,1.0,1.0,0.0,0.0,0.0,1.0,1.0,0.0,0.0,0.0,1.0,1.0,1.0,1.0,1.0,1.0,0.0,,1.0,0.0,,,0.0,1.0,1.0,1.0,1.0,1.0,1.0,1.0,1.0,0.0,1.0,1.0,0.0,0.0,1.0,1.0,,,,0.0,0.0,0.0,1.0,1.0,0.0,0.0,,0.0,,0.0,0.0,1.0,,0.0,,,1.0,,0.0,1.0,0.0,0.0,0.0,1.0,1.0,1.0,0.0,,,1.0,0.0,1.0,,0.0,,,0.0,0.0,1.0,0.0,1.0,1.0,1.0,1.0,,,,,,,1.0,1.0,,,,,,0.0,0.0,1.0,0.0,,1.0,0.0,,1.0,0.0,1.0,1.0,1.0,0.0,,,0.0,0.0,1.0,,1.0,0.0,,1.0,0.0,1.0,1.0,0.0,,1.0,,1.0,1.0,0.0,0.0,,,0.0,0.0,0.0,1.0,1.0,1.0,1.0,,1.0,1.0,,,0.0,1.0,1.0,1.0,1.0,1.0,1.0,1.0,1.0,,1.0,0.0,0.0,,0.0,0.0,1.0,0.0,,1.0,1.0,1.0,0.0,1.0,,,0.0,1.0,0.0,1.0,,0.0,1.0,1.0,1.0,1.0,,1.0,0.0,1.0,,1.0,,1.0,,1.0,1.0,1.0,,,,1.0,,1.0,0.0,0.0,,1.0,,0.0,,,0.0,1.0,,1.0,0.0,0.0,0.0,1.0,,0.0,1.0,,0.0,1.0
Giacobo,,1.0,1.0,1.0,0.0,0.0,,,,1.0,1.0,,,0.0,,,1.0,,,1.0,1.0,1.0,0.0,1.0,0.0,1.0,,1.0,0.0,0.0,,0.0,1.0,0.0,,1.0,,0.0,0.0,,0.0,,,,1.0,,1.0,1.0,,1.0,1.0,0.0,0.0,1.0,0.0,,1.0,,,0.0,,0.0,,1.0,,0.0,0.0,,1.0,,1.0,0.0,1.0,1.0,,,,0.0,0.0,0.0,1.0,1.0,1.0,,,1.0,1.0,1.0,,,0.0,1.0,,0.0,1.0,1.0,,0.0,0.0,0.0,0.0,0.0,,1.0,,1.0,,0.0,0.0,0.0,,,,,0.0,,0.0,,1.0,0.0,1.0,1.0,,,,1.0,1.0,,0.0,,1.0,1.0,1.0,1.0,1.0,1.0,0.0,0.0,,,,,,,,1.0,1.0,,1.0,,,,1.0,1.0,,,,1.0,1.0,,,,,,,,,,1.0,0.0,0.0,,0.0,1.0,,,,1.0,,1.0,1.0,1.0,,1.0,,1.0,1.0,1.0,,1.0,1.0,1.0,,0.0,0.0,,1.0,,,,1.0,0.0,,,0.0,1.0,0.0,1.0,,,,1.0,,0.0,1.0,,1.0,1.0,,1.0,,,,0.0,,,,,,,,,,0.0,0.0,0.0,1.0,,1.0,1.0,,1.0,,,1.0,0.0,,,,,1.0,,,,1.0,1.0,0.0,0.0,,1.0,1.0,1.0,,,,,,,,1.0,1.0,,,,,,1.0,0.0,1.0,0.0,,,0.0,,,,,1.0,,,,,1.0,1.0,,1.0,,,0.0,,1.0,1.0,,0.0,,1.0,1.0,1.0,,1.0,0.0,1.0,,1.0,1.0,1.0,0.0,0.0,1.0,0.0,1.0,,0.0,,0.0,1.0,,,,1.0,,1.0,1.0,1.0,1.0,0.0,0.0,,,0.0,1.0,1.0,0.0,1.0
Gilmar Machado,1.0,,1.0,0.0,,1.0,,,,,1.0,1.0,,,,,,,,,,,0.0,1.0,1.0,1.0,1.0,,,,,,,,,1.0,,,,,,,0.0,,,,1.0,1.0,1.0,1.0,1.0,0.0,,1.0,,,,,0.0,0.0,,0.0,1.0,,0.0,0.0,0.0,1.0,0.0,,1.0,0.0,,1.0,0.0,1.0,0.0,0.0,,,,1.0,,,1.0,1.0,,1.0,1.0,0.0,0.0,1.0,,0.0,1.0,1.0,,0.0,0.0,1.0,1.0,0.0,0.0,1.0,,1.0,0.0,0.0,0.0,,,1.0,,,,0.0,0.0,0.0,1.0,0.0,1.0,1.0,0.0,0.0,0.0,1.0,1.0,0.0,0.0,,1.0,1.0,1.0,1.0,1.0,1.0,,,1.0,0.0,,,,,0.0,0.0,1.0,,,,,,0.0,,0.0,0.0,1.0,1.0,0.0,1.0,0.0,0.0,0.0,1.0,,1.0,,,1.0,0.0,0.0,0.0,,,,0.0,0.0,0.0,1.0,,1.0,0.0,0.0,0.0,1.0,,,,1.0,,,,,1.0,,,1.0,,,,,,,,,,,,,,,,,,,,,1.0,,,,,,,,,,,,,,,,,,,,,,,,,,,,,,,,,,,,,,,,,,,,,,,,,,,,,,,,,,,,,,,,,,,,,,,,,,,,,,,,,,,,,,,,,,,,,,,,,,,,,,,,,,,,,,,,,,,,,,,,,,,,,,
Giovani Cherini,1.0,1.0,1.0,1.0,0.0,0.0,,,1.0,1.0,1.0,1.0,1.0,,1.0,0.0,,,1.0,1.0,1.0,1.0,,1.0,0.0,1.0,1.0,0.0,,,,1.0,1.0,0.0,,1.0,1.0,1.0,1.0,0.0,0.0,0.0,0.0,,1.0,1.0,1.0,1.0,1.0,,,,,1.0,1.0,1.0,1.0,,0.0,0.0,0.0,0.0,1.0,1.0,0.0,0.0,0.0,1.0,0.0,1.0,1.0,0.0,,1.0,0.0,1.0,0.0,0.0,0.0,0.0,1.0,,1.0,1.0,,1.0,1.0,1.0,1.0,0.0,0.0,1.0,0.0,0.0,1.0,1.0,,0.0,0.0,1.0,1.0,0.0,0.0,1.0,,1.0,0.0,0.0,0.0,0.0,1.0,1.0,1.0,1.0,0.0,0.0,0.0,0.0,1.0,0.0,1.0,1.0,0.0,0.0,0.0,,1.0,0.0,,,,,,,,,0.0,,,0.0,0.0,0.0,,1.0,1.0,,1.0,1.0,1.0,1.0,1.0,0.0,0.0,,,0.0,1.0,1.0,1.0,1.0,,0.0,0.0,1.0,1.0,1.0,0.0,,,,,,1.0,1.0,1.0,,,,1.0,1.0,1.0,1.0,0.0,0.0,1.0,,,1.0,1.0,,,1.0,1.0,1.0,0.0,,,0.0,0.0,,1.0,,1.0,1.0,1.0,,0.0,1.0,1.0,1.0,0.0,1.0,0.0,1.0,0.0,0.0,,,0.0,0.0,0.0,0.0,0.0,0.0,0.0,,1.0,1.0,0.0,0.0,1.0,1.0,,1.0,0.0,,0.0,0.0,1.0,0.0,0.0,1.0,1.0,0.0,1.0,0.0,0.0,,1.0,0.0,1.0,0.0,1.0,0.0,1.0,1.0,1.0,1.0,1.0,0.0,,1.0,1.0,1.0,1.0,0.0,1.0,1.0,,,,1.0,1.0,1.0,1.0,1.0,1.0,0.0,1.0,1.0,0.0,0.0,0.0,0.0,1.0,0.0,1.0,1.0,1.0,1.0,,1.0,1.0,1.0,0.0,1.0,,0.0,0.0,1.0,,,,0.0,0.0,1.0,1.0,,1.0,1.0,0.0,1.0,1.0,1.0,1.0,1.0,0.0,0.0,1.0,0.0,1.0,1.0,,,,1.0,1.0,0.0,0.0,,0.0,1.0,1.0,1.0,1.0,0.0,0.0,,,,,1.0,,1.0
Giovanni Queiroz,1.0,1.0,1.0,1.0,0.0,0.0,,1.0,,1.0,1.0,1.0,1.0,0.0,,1.0,,1.0,1.0,1.0,1.0,0.0,,,,,0.0,0.0,0.0,1.0,0.0,1.0,1.0,0.0,,1.0,1.0,1.0,1.0,0.0,0.0,0.0,,1.0,1.0,1.0,,1.0,1.0,,,,,1.0,,1.0,1.0,1.0,0.0,,,0.0,1.0,1.0,0.0,0.0,,1.0,,1.0,1.0,0.0,0.0,1.0,0.0,,0.0,0.0,0.0,1.0,1.0,,1.0,1.0,1.0,1.0,,,,0.0,0.0,1.0,0.0,,,,,0.0,0.0,,,,,,,,,,0.0,0.0,1.0,1.0,1.0,1.0,,,0.0,,1.0,0.0,1.0,1.0,,0.0,0.0,1.0,1.0,,0.0,0.0,1.0,,,,1.0,1.0,0.0,,,0.0,,,0.0,1.0,,,,1.0,1.0,1.0,1.0,0.0,0.0,,0.0,,,,1.0,1.0,0.0,0.0,,1.0,,1.0,0.0,,,0.0,0.0,0.0,,,1.0,0.0,0.0,0.0,1.0,1.0,0.0,1.0,,,0.0,1.0,1.0,1.0,1.0,1.0,1.0,1.0,0.0,1.0,0.0,,1.0,,,0.0,,,,1.0,1.0,1.0,1.0,,,,,,1.0,1.0,0.0,0.0,1.0,1.0,0.0,0.0,0.0,0.0,0.0,,,,1.0,1.0,0.0,0.0,1.0,1.0,0.0,1.0,,0.0,0.0,0.0,,0.0,,1.0,,,,,,,1.0,,,1.0,,0.0,1.0,1.0,0.0,,,1.0,1.0,1.0,1.0,0.0,0.0,1.0,1.0,1.0,,1.0,1.0,1.0,1.0,0.0,1.0,1.0,1.0,0.0,1.0,0.0,0.0,,,,,1.0,1.0,1.0,1.0,1.0,0.0,1.0,,,0.0,1.0,1.0,,,,0.0,,1.0,,1.0,,,0.0,1.0,0.0,0.0,1.0,1.0,1.0,0.0,1.0,0.0,,,0.0,0.0,1.0,,,,1.0,1.0,0.0,0.0,,0.0,1.0,1.0,1.0,1.0,,,,,0.0,1.0,1.0,1.0,1.0
Giroto,1.0,1.0,1.0,1.0,0.0,0.0,1.0,,1.0,,1.0,1.0,,,,,,,,,,,0.0,1.0,1.0,1.0,1.0,1.0,0.0,0.0,0.0,,,0.0,1.0,1.0,,,,,,,,,,,1.0,1.0,1.0,1.0,1.0,1.0,,1.0,,,,1.0,0.0,0.0,0.0,0.0,1.0,,0.0,0.0,,1.0,,,1.0,0.0,,1.0,,1.0,0.0,0.0,0.0,0.0,1.0,1.0,,,,,,,,0.0,0.0,1.0,0.0,,1.0,1.0,,0.0,0.0,0.0,,,,1.0,,1.0,0.0,,0.0,,1.0,1.0,,,,0.0,0.0,,1.0,0.0,1.0,1.0,0.0,0.0,0.0,1.0,1.0,0.0,0.0,0.0,1.0,1.0,1.0,1.0,,1.0,0.0,0.0,,0.0,0.0,0.0,,,0.0,1.0,1.0,,1.0,0.0,,1.0,,1.0,0.0,0.0,,1.0,0.0,1.0,0.0,,,,1.0,1.0,0.0,,,,,,0.0,1.0,1.0,,0.0,0.0,1.0,,1.0,1.0,,0.0,0.0,,,,,,,,0.0,0.0,0.0,,1.0,,,,,,,,,,,,,,,,0.0,0.0,0.0,0.0,,,,,,,,,,,,,,,,,,,,,,0.0,,,,,,,,,,,,,1.0,,,,,,0.0,0.0,0.0,1.0,1.0,,,,,,,,,,,,,,,,,,,,,,,,,,,,,,,,,,,,,,,,,,,,,,,,,,,,,,,,,,,,,,,,,,,,,,,,,,,,,,,,,,,
Givaldo Carimbão,,1.0,1.0,0.0,1.0,1.0,,1.0,1.0,1.0,,,,,0.0,,0.0,,1.0,,,,,1.0,1.0,1.0,,1.0,,0.0,,1.0,1.0,0.0,,1.0,1.0,1.0,0.0,0.0,1.0,0.0,,1.0,,,1.0,1.0,,,1.0,0.0,0.0,,1.0,1.0,1.0,,,0.0,0.0,0.0,,1.0,,,,,,,,,1.0,,0.0,1.0,0.0,0.0,0.0,0.0,1.0,1.0,1.0,,,1.0,,,1.0,,,,,0.0,,1.0,,,0.0,,,,,1.0,,1.0,,,0.0,0.0,1.0,1.0,1.0,1.0,,,,,1.0,0.0,1.0,1.0,0.0,,0.0,,1.0,0.0,0.0,0.0,1.0,1.0,1.0,1.0,1.0,1.0,,,,0.0,1.0,1.0,,,1.0,1.0,1.0,,,0.0,,,1.0,,0.0,,,,,,,0.0,0.0,1.0,,1.0,,0.0,1.0,,0.0,0.0,0.0,1.0,1.0,,0.0,,,1.0,,1.0,0.0,0.0,,1.0,1.0,0.0,,1.0,1.0,1.0,1.0,1.0,0.0,0.0,1.0,,,,,0.0,,,,1.0,,1.0,,,,1.0,,1.0,1.0,,1.0,,0.0,0.0,0.0,0.0,,,1.0,0.0,1.0,,0.0,1.0,1.0,1.0,,0.0,0.0,,0.0,1.0,1.0,,,1.0,,0.0,1.0,1.0,0.0,,,,1.0,,,,1.0,1.0,0.0,0.0,0.0,,1.0,,,0.0,0.0,1.0,,,,,,,1.0,0.0,1.0,1.0,1.0,0.0,1.0,,0.0,,,0.0,1.0,0.0,,1.0,1.0,,,,,1.0,,1.0,,0.0,1.0,,0.0,0.0,,0.0,0.0,1.0,1.0,,,1.0,,1.0,,1.0,1.0,1.0,,,1.0,,,,0.0,,,,1.0,0.0,,,,,1.0,1.0,1.0,,,1.0,,0.0,1.0,,1.0,1.0
Gladson Cameli,,1.0,1.0,1.0,0.0,0.0,,1.0,,1.0,,,,0.0,,,,,1.0,1.0,1.0,1.0,0.0,0.0,,1.0,,,0.0,0.0,,1.0,1.0,,,1.0,1.0,1.0,,,,,,,,,1.0,1.0,,,,,,1.0,,1.0,1.0,1.0,,,,0.0,,,,0.0,0.0,,1.0,1.0,1.0,0.0,1.0,,,1.0,,,0.0,0.0,1.0,,,,,,,,,,,,,,,1.0,,,,,,,,,,1.0,,,,,1.0,,,,,0.0,,,,,,,,0.0,,,,0.0,,,,1.0,1.0,1.0,1.0,1.0,,,,,,,,,1.0,1.0,1.0,1.0,,0.0,1.0,,,,0.0,,,,0.0,1.0,0.0,0.0,,,1.0,,1.0,,,0.0,,,0.0,1.0,1.0,0.0,0.0,0.0,1.0,,,,0.0,,,,1.0,,,1.0,1.0,,1.0,,0.0,,,,,,,,,1.0,,1.0,,,,,,,0.0,,0.0,,,,,,,,,,,,1.0,,0.0,,,,,,,,,,,1.0,,1.0,1.0,,,,0.0,,1.0,,,,,0.0,,1.0,0.0,,0.0,1.0,,1.0,,,,,1.0,,,,,,,,,,1.0,,,,,,,,,,,1.0,,1.0,,1.0,1.0,1.0,0.0,,,,1.0,0.0,1.0,,1.0,,1.0,,1.0,,,1.0,,1.0,,,,,,,,,,,,,,,,,,,,1.0,1.0,1.0,,,,1.0,,,1.0,1.0,,
Glauber Braga,1.0,1.0,0.0,0.0,1.0,1.0,0.0,1.0,1.0,1.0,1.0,1.0,1.0,0.0,1.0,0.0,1.0,,,1.0,1.0,0.0,,1.0,1.0,1.0,1.0,1.0,0.0,0.0,0.0,1.0,1.0,0.0,1.0,1.0,,,,,,,0.0,1.0,1.0,1.0,1.0,1.0,1.0,1.0,1.0,,0.0,,,,1.0,,0.0,,0.0,,,,0.0,0.0,0.0,,,,0.0,0.0,0.0,,,0.0,0.0,,0.0,0.0,1.0,1.0,1.0,1.0,1.0,1.0,1.0,1.0,0.0,0.0,0.0,1.0,0.0,0.0,1.0,1.0,0.0,0.0,0.0,,,0.0,0.0,1.0,0.0,1.0,0.0,,,0.0,,1.0,1.0,1.0,0.0,0.0,0.0,0.0,1.0,0.0,1.0,1.0,0.0,0.0,0.0,1.0,1.0,0.0,0.0,,1.0,1.0,1.0,1.0,1.0,1.0,0.0,0.0,1.0,0.0,0.0,0.0,0.0,1.0,0.0,0.0,0.0,1.0,1.0,0.0,1.0,0.0,1.0,0.0,0.0,0.0,1.0,1.0,1.0,1.0,,,0.0,1.0,0.0,1.0,0.0,0.0,1.0,,0.0,0.0,,0.0,0.0,0.0,0.0,0.0,,1.0,1.0,1.0,,,1.0,1.0,1.0,0.0,1.0,0.0,1.0,1.0,0.0,1.0,0.0,0.0,1.0,,,,,,,1.0,1.0,1.0,1.0,,1.0,1.0,1.0,1.0,,,0.0,1.0,1.0,1.0,0.0,1.0,,1.0,0.0,0.0,0.0,0.0,1.0,1.0,0.0,0.0,1.0,1.0,0.0,0.0,0.0,0.0,1.0,1.0,,,0.0,,1.0,0.0,1.0,0.0,1.0,0.0,1.0,1.0,0.0,0.0,,,1.0,1.0,0.0,0.0,0.0,1.0,1.0,,0.0,1.0,1.0,0.0,,,,,,1.0,1.0,1.0,1.0,1.0,1.0,1.0,1.0,1.0,0.0,,0.0,0.0,1.0,0.0,1.0,1.0,1.0,1.0,0.0,1.0,1.0,1.0,0.0,1.0,1.0,,0.0,,0.0,0.0,1.0,0.0,0.0,1.0,1.0,1.0,1.0,1.0,0.0,1.0,1.0,1.0,0.0,0.0,1.0,0.0,1.0,1.0,0.0,1.0,0.0,0.0,0.0,1.0,1.0,0.0,0.0,1.0,0.0,0.0,1.0,1.0,1.0,,,0.0,0.0,0.0,,1.0,1.0,1.0
Goiaciara Cruz,,,,,,,,0.0,,1.0,,,,,,,,,,,1.0,1.0,,,,,,,,,,1.0,,,,,,,,,,,,,,,,,,,,,,,0.0,0.0,,,,,,,,,,,,,,,,,,,,,,,,,,,,,,,,,,,,,,,,,,,,,,,,,,,,,,0.0,,,,,,,,,,,,,,,,,,,,,,,,,,,,,,,,,,,,,,,,,,,,,,,,,,,,,,,,,,,,,,,,,,,,,,,,,,,,,,,,0.0,1.0,,,,,,,,,,,,,,,,,,,,,,,,,,,,,0.0,0.0,0.0,0.0,0.0,,,0.0,0.0,0.0,,0.0,1.0,,1.0,,0.0,0.0,,1.0,1.0,0.0,,,,,,,,,0.0,,0.0,0.0,1.0,,,,,,,,,,1.0,1.0,0.0,1.0,1.0,,1.0,1.0,1.0,1.0,1.0,1.0,,,0.0,1.0,,,,,,,,,1.0,,,0.0,,,,,,,,,,,1.0,,,,,,,,,,,,,,,,,,,,,,,,,,,,,,,,,,,,,,,,,,
Gonzaga Patriota,,,1.0,0.0,,1.0,,,,1.0,,,1.0,0.0,1.0,1.0,0.0,1.0,,,1.0,,,,,,1.0,0.0,0.0,0.0,,1.0,,0.0,1.0,1.0,1.0,0.0,,,,,0.0,1.0,1.0,,1.0,,1.0,,,,,1.0,1.0,1.0,1.0,,,,0.0,,,,,,,,,,,0.0,,,,,0.0,,0.0,0.0,,,,,,,,,,,0.0,,,,1.0,,,,,,1.0,,0.0,,0.0,,,0.0,,0.0,,,1.0,1.0,,0.0,0.0,0.0,1.0,0.0,1.0,,,,,,1.0,,,0.0,1.0,,,1.0,1.0,1.0,,,,,0.0,,0.0,1.0,1.0,,1.0,,,,,0.0,,,,,,,,,,0.0,,,1.0,,0.0,,,0.0,,,0.0,1.0,,,0.0,,,1.0,,,,,,,,1.0,,,,1.0,0.0,,0.0,,,,,,,,,1.0,1.0,1.0,1.0,1.0,,,,1.0,0.0,1.0,1.0,,1.0,1.0,,1.0,,,,0.0,0.0,,,,,,,,,1.0,0.0,,0.0,1.0,1.0,1.0,,,1.0,,1.0,0.0,1.0,0.0,,,,,1.0,,,,,,,,,1.0,1.0,,,,,,,1.0,,,,,,,1.0,,,,0.0,,0.0,0.0,1.0,0.0,,,1.0,1.0,,,1.0,1.0,,1.0,,,,,,0.0,1.0,0.0,0.0,1.0,1.0,,,1.0,,,,1.0,1.0,1.0,,,,1.0,0.0,,,,,,,0.0,,1.0,,,,,,,,1.0,,,1.0,1.0,,1.0
Gorete Pereira,,,1.0,0.0,,0.0,,,,1.0,1.0,1.0,,,0.0,,0.0,,,1.0,1.0,,0.0,1.0,1.0,1.0,,0.0,,0.0,0.0,1.0,1.0,0.0,,,1.0,0.0,0.0,0.0,1.0,0.0,,1.0,1.0,,,,,1.0,,0.0,,,,,,1.0,0.0,0.0,,0.0,1.0,1.0,,0.0,0.0,1.0,0.0,,1.0,,1.0,,,,,,0.0,0.0,1.0,1.0,1.0,,,1.0,,,,,,,,,,1.0,0.0,,0.0,0.0,,0.0,0.0,1.0,1.0,1.0,0.0,0.0,,0.0,,0.0,,,0.0,0.0,0.0,0.0,1.0,0.0,1.0,,,,0.0,,0.0,0.0,0.0,0.0,,1.0,1.0,1.0,1.0,1.0,0.0,0.0,1.0,0.0,0.0,0.0,0.0,1.0,1.0,1.0,,1.0,1.0,1.0,1.0,,,,,,,,,1.0,,0.0,,0.0,,,0.0,,,,0.0,0.0,0.0,1.0,,0.0,0.0,0.0,,1.0,,,,,,,,,,1.0,1.0,1.0,0.0,1.0,,,,,0.0,0.0,1.0,,1.0,,0.0,1.0,0.0,1.0,,,,1.0,0.0,,1.0,0.0,,,0.0,1.0,1.0,1.0,1.0,0.0,,0.0,1.0,,,0.0,1.0,1.0,0.0,0.0,0.0,0.0,1.0,,,,,1.0,1.0,0.0,,0.0,0.0,,1.0,,,,,,1.0,1.0,0.0,0.0,,1.0,,,,,,,,,,,,1.0,1.0,0.0,,1.0,1.0,0.0,1.0,1.0,,0.0,0.0,0.0,,,,1.0,1.0,1.0,,,1.0,1.0,0.0,1.0,0.0,,0.0,1.0,0.0,,1.0,0.0,,,0.0,1.0,,,,,,1.0,,,,,,,,1.0,,,,,1.0,0.0,0.0,1.0,,1.0,1.0,,1.0,0.0,0.0,,1.0,,1.0,1.0,0.0,
Guilherme Campos,1.0,1.0,1.0,1.0,0.0,0.0,0.0,0.0,1.0,1.0,1.0,1.0,1.0,,0.0,1.0,1.0,,1.0,1.0,1.0,0.0,0.0,1.0,1.0,1.0,0.0,1.0,0.0,0.0,0.0,0.0,0.0,0.0,1.0,1.0,1.0,1.0,0.0,0.0,0.0,0.0,0.0,1.0,1.0,1.0,1.0,1.0,,1.0,0.0,,,1.0,0.0,,1.0,1.0,,,,,,0.0,,,,1.0,1.0,0.0,1.0,,1.0,,,,,,1.0,1.0,0.0,,1.0,1.0,0.0,0.0,0.0,0.0,1.0,,,0.0,1.0,1.0,1.0,1.0,,,,0.0,0.0,,,,1.0,0.0,,,1.0,0.0,1.0,0.0,1.0,1.0,1.0,,0.0,0.0,1.0,0.0,1.0,1.0,0.0,0.0,0.0,1.0,1.0,0.0,0.0,0.0,1.0,1.0,1.0,1.0,1.0,1.0,0.0,,1.0,1.0,0.0,0.0,,,0.0,0.0,1.0,1.0,1.0,1.0,1.0,0.0,1.0,1.0,0.0,0.0,,1.0,0.0,1.0,0.0,0.0,0.0,0.0,1.0,1.0,,0.0,1.0,0.0,0.0,0.0,0.0,1.0,1.0,0.0,,,,1.0,0.0,1.0,0.0,1.0,0.0,1.0,1.0,1.0,,1.0,1.0,1.0,0.0,1.0,1.0,,,0.0,0.0,0.0,1.0,,1.0,1.0,1.0,1.0,0.0,1.0,1.0,1.0,1.0,1.0,1.0,1.0,1.0,0.0,1.0,1.0,,0.0,,1.0,0.0,0.0,,0.0,1.0,,0.0,1.0,1.0,1.0,0.0,0.0,0.0,0.0,1.0,1.0,1.0,0.0,0.0,1.0,1.0,0.0,1.0,1.0,,0.0,1.0,0.0,1.0,1.0,0.0,,1.0,1.0,0.0,0.0,0.0,1.0,1.0,1.0,1.0,1.0,1.0,1.0,1.0,1.0,0.0,1.0,1.0,0.0,1.0,1.0,1.0,1.0,,0.0,1.0,,0.0,,,,,1.0,,0.0,1.0,1.0,0.0,1.0,1.0,1.0,0.0,1.0,0.0,1.0,0.0,0.0,1.0,1.0,1.0,0.0,0.0,0.0,1.0,,1.0,1.0,0.0,1.0,1.0,1.0,1.0,1.0,,0.0,1.0,1.0,,,0.0,1.0,0.0,1.0,1.0,0.0,,0.0,0.0,1.0,1.0,1.0,0.0,0.0,,1.0,0.0,0.0,1.0,1.0,0.0,1.0
Guilherme Mussi,,1.0,0.0,0.0,1.0,1.0,,,1.0,1.0,1.0,,,,1.0,1.0,1.0,,,1.0,,,0.0,1.0,1.0,,1.0,1.0,0.0,0.0,0.0,1.0,,,,1.0,1.0,1.0,,,,,0.0,,1.0,,,,1.0,1.0,1.0,0.0,0.0,1.0,,1.0,1.0,,0.0,0.0,,,1.0,,0.0,,0.0,1.0,0.0,,,0.0,1.0,,,,,0.0,0.0,,1.0,1.0,1.0,1.0,1.0,1.0,1.0,1.0,1.0,0.0,,1.0,0.0,0.0,1.0,1.0,,,,1.0,1.0,0.0,0.0,1.0,,1.0,0.0,0.0,,,1.0,,1.0,1.0,,0.0,,0.0,1.0,0.0,1.0,1.0,0.0,,0.0,1.0,1.0,0.0,,,,,,,,,0.0,1.0,1.0,0.0,,,,,1.0,1.0,1.0,1.0,1.0,1.0,,0.0,1.0,1.0,0.0,0.0,1.0,,0.0,,,,0.0,0.0,,1.0,0.0,,,0.0,,0.0,0.0,1.0,1.0,0.0,,,,1.0,,,,,0.0,,,,0.0,,,1.0,1.0,,,,1.0,,,,,0.0,1.0,,,1.0,,,,,,1.0,,1.0,0.0,0.0,1.0,1.0,,1.0,,1.0,0.0,0.0,,,,,,,1.0,1.0,0.0,,0.0,,1.0,,1.0,1.0,,,1.0,,1.0,0.0,,,,0.0,1.0,,0.0,1.0,1.0,1.0,0.0,0.0,0.0,1.0,,,,,,,1.0,,0.0,,,1.0,,,,1.0,1.0,,,,1.0,0.0,,0.0,,,1.0,,1.0,,0.0,,1.0,,,1.0,0.0,1.0,,,1.0,1.0,,,,1.0,,0.0,,,,,,1.0,1.0,1.0,,0.0,,,,,,,,1.0,1.0,,,,,,1.0,,,,,1.0,,,1.0,,0.0,1.0
Gustavo Petta,,,,,,,,,,,,,,,,,0.0,,,,,,,,,,,,,,,,,,,,,,,,,,,,,1.0,,,,,,,,,,,1.0,,,,,,,,,,,,,,,,0.0,,,,,,,,,,,,,,,,,,,,,,,,,,,,,,,,,,,,,,,,,,,,,,,,,,,,,,,,,,,,,,,,,,,,,,,,,,,1.0,,,1.0,,,,,,,,,,,,,,,,,,,,,,,,,,,,,1.0,,,,,,1.0,1.0,0.0,,,,,,,,,,,,,,,,0.0,0.0,1.0,0.0,1.0,1.0,,0.0,1.0,,,,,,,,,,,,,,,,,,,,,,,,,,,,,,,,,,,,,1.0,,,,,,1.0,1.0,,,,,,,,,,,,,,,,,,,,,,,,,,,,,,,,,1.0,1.0,,,,,,,,,,,,,,,,,,1.0,0.0,0.0,0.0,,0.0,1.0,0.0,1.0,0.0,0.0,,0.0,1.0,1.0,0.0,1.0,,0.0,,1.0,,,,1.0,1.0,1.0,0.0,,,0.0,,0.0,1.0,1.0,,1.0
Helcio Silva,,,,,,,,,,,,,,,0.0,0.0,0.0,1.0,,,,,,,,,,,,,,,,,,,,,,,,,,1.0,,,,,,,,,,,,,1.0,,,,,,,,,,,,,,,,1.0,,,,,,,,,,,,,,,,,,,,,,,,,,,,,,,,,,,,,,,,,,,,,,,,,,,,,,,,,,,,,,,,,,,,,,,,,,,1.0,,,1.0,,,,,,,,,,,,,,,,,,,,,,,,,,,,,1.0,,,,,,1.0,1.0,0.0,,,,,,,,,,,,,,,,0.0,0.0,1.0,0.0,1.0,1.0,1.0,0.0,1.0,,,,,,,,,,,,,,,,,,,,,,,,,,,,,,,,,,,,,1.0,,,,,,1.0,1.0,,,,,,,,,,,,,,,,,,,,,,,,,,,,,,,,,1.0,1.0,,1.0,1.0,1.0,,1.0,,,,,,,1.0,,,,,1.0,0.0,0.0,0.0,1.0,0.0,1.0,1.0,1.0,0.0,0.0,1.0,0.0,1.0,1.0,0.0,1.0,0.0,0.0,1.0,,1.0,,0.0,1.0,1.0,1.0,0.0,,,,0.0,0.0,,,,1.0
Heleno Silva,1.0,1.0,1.0,1.0,1.0,0.0,0.0,,1.0,,,,,,,,,,,,,,0.0,1.0,1.0,1.0,1.0,1.0,0.0,0.0,0.0,,,0.0,1.0,1.0,,,,,,,,,,,1.0,1.0,1.0,1.0,1.0,0.0,0.0,1.0,,,,1.0,0.0,0.0,0.0,,1.0,,0.0,0.0,0.0,1.0,1.0,1.0,1.0,0.0,,1.0,0.0,0.0,0.0,0.0,0.0,0.0,1.0,1.0,1.0,1.0,1.0,1.0,1.0,,1.0,0.0,0.0,1.0,0.0,0.0,1.0,1.0,0.0,0.0,0.0,0.0,0.0,0.0,0.0,1.0,1.0,,0.0,,0.0,,1.0,0.0,,,,0.0,0.0,,1.0,0.0,1.0,1.0,0.0,,0.0,0.0,1.0,0.0,0.0,,1.0,,1.0,1.0,1.0,1.0,0.0,,,0.0,1.0,1.0,,,1.0,1.0,1.0,,,,,1.0,0.0,0.0,0.0,0.0,1.0,,0.0,,,0.0,0.0,1.0,1.0,,,0.0,1.0,0.0,0.0,0.0,,,,0.0,,,1.0,,,1.0,,,,,,,1.0,,,,1.0,,,,,,,,,,,,,,,,,,,,,,,,,,,,,,,,,,,,,,,,,,,,,,,,,,,,,,,,,,,,,,,,,,,,,,,,,,,,,,,,,,,,,,,,,,,,,,,,,,,,,,,,,,,,,,,,,,,,,,,,,,,,,,,,,,,,,,,,,,,,,,,,,,,,,,,
Henrique Afonso,,1.0,,,1.0,1.0,,1.0,1.0,1.0,1.0,1.0,,0.0,1.0,0.0,1.0,1.0,1.0,1.0,1.0,0.0,0.0,1.0,1.0,,1.0,0.0,0.0,1.0,0.0,1.0,1.0,0.0,1.0,,1.0,0.0,0.0,0.0,0.0,0.0,0.0,1.0,,1.0,1.0,,1.0,1.0,,,,1.0,1.0,1.0,1.0,,0.0,0.0,,0.0,0.0,0.0,,0.0,,1.0,0.0,,0.0,0.0,0.0,,,,0.0,0.0,1.0,1.0,0.0,1.0,0.0,1.0,1.0,1.0,1.0,1.0,1.0,0.0,0.0,1.0,1.0,1.0,1.0,1.0,0.0,0.0,0.0,0.0,0.0,,0.0,1.0,,1.0,0.0,0.0,0.0,0.0,1.0,0.0,1.0,1.0,0.0,0.0,0.0,0.0,1.0,0.0,1.0,1.0,0.0,0.0,0.0,1.0,1.0,0.0,0.0,0.0,1.0,1.0,1.0,1.0,1.0,1.0,0.0,0.0,,1.0,1.0,,,,0.0,1.0,1.0,1.0,1.0,1.0,1.0,0.0,0.0,0.0,0.0,0.0,,1.0,,,,0.0,0.0,1.0,,1.0,,,,,,,0.0,1.0,1.0,,,,,1.0,1.0,0.0,,,,1.0,,0.0,1.0,1.0,1.0,1.0,0.0,,,1.0,1.0,1.0,,,,,0.0,0.0,0.0,1.0,1.0,,,,,1.0,1.0,1.0,,1.0,1.0,1.0,0.0,0.0,0.0,0.0,1.0,0.0,0.0,0.0,1.0,1.0,0.0,1.0,1.0,1.0,,1.0,0.0,0.0,0.0,1.0,1.0,1.0,0.0,1.0,1.0,0.0,1.0,0.0,1.0,0.0,1.0,0.0,1.0,,1.0,0.0,,,0.0,0.0,0.0,1.0,1.0,1.0,,1.0,1.0,1.0,1.0,1.0,,,,1.0,1.0,1.0,1.0,1.0,1.0,,,0.0,0.0,0.0,0.0,0.0,1.0,0.0,1.0,1.0,1.0,1.0,,1.0,1.0,1.0,0.0,1.0,1.0,,0.0,,0.0,1.0,1.0,,1.0,,1.0,1.0,1.0,0.0,0.0,1.0,1.0,1.0,1.0,1.0,0.0,0.0,1.0,1.0,0.0,1.0,,,0.0,1.0,,0.0,,,0.0,1.0,1.0,1.0,1.0,0.0,,,,0.0,1.0,,0.0,1.0
Henrique Eduardo Alves,1.0,,1.0,1.0,0.0,0.0,0.0,,,,,1.0,,,,,,,1.0,,,,,,1.0,,1.0,1.0,,0.0,0.0,,,0.0,1.0,,,,,,,,0.0,,,,1.0,,,,,0.0,,,,,,1.0,0.0,,,,,,,0.0,,1.0,0.0,1.0,,,,1.0,0.0,,,,0.0,0.0,1.0,1.0,1.0,,1.0,1.0,1.0,,1.0,,,,,0.0,1.0,1.0,0.0,,0.0,1.0,1.0,,,1.0,,1.0,,,,,,1.0,,,,,,,1.0,,1.0,1.0,0.0,0.0,,1.0,1.0,0.0,0.0,,1.0,1.0,1.0,1.0,1.0,1.0,0.0,,,,0.0,0.0,,,0.0,1.0,,,,,1.0,1.0,0.0,,,0.0,,1.0,0.0,,,,0.0,1.0,1.0,,,0.0,1.0,,,,,,,,,,1.0,,1.0,1.0,0.0,0.0,0.0,,,,,,,,,1.0,0.0,,,,,,,,,,,,,,,,,,,,,,,,,,,,,,,,,,,,,,,,,,,,,,,,,,,,,,,,,,,,,,,,,,,,,,,,,,,,,,,,,,,,,,,,,,,,,,,,,,,,,,,,,,,,,,,,,,,,,,,,,,,,,,,,,,,,,,,,,,,,,,,,,,,,,
Henrique Fontana,,1.0,0.0,0.0,1.0,1.0,0.0,,1.0,1.0,1.0,1.0,1.0,,0.0,0.0,0.0,1.0,1.0,,0.0,1.0,0.0,1.0,1.0,1.0,1.0,1.0,0.0,,0.0,1.0,1.0,1.0,1.0,1.0,,0.0,,,0.0,1.0,0.0,,1.0,1.0,1.0,1.0,1.0,1.0,1.0,0.0,,1.0,1.0,0.0,1.0,1.0,0.0,0.0,0.0,,,1.0,0.0,0.0,0.0,0.0,0.0,1.0,1.0,0.0,1.0,1.0,0.0,1.0,0.0,,0.0,0.0,1.0,1.0,1.0,1.0,1.0,,1.0,1.0,1.0,,,,0.0,0.0,,1.0,0.0,,0.0,1.0,1.0,0.0,,1.0,0.0,1.0,0.0,,,0.0,1.0,1.0,1.0,1.0,0.0,0.0,0.0,0.0,1.0,0.0,1.0,,0.0,0.0,0.0,1.0,1.0,0.0,,0.0,1.0,1.0,1.0,1.0,1.0,1.0,0.0,0.0,1.0,0.0,0.0,0.0,0.0,1.0,0.0,0.0,,1.0,,0.0,1.0,0.0,0.0,0.0,0.0,,,1.0,0.0,,0.0,,0.0,1.0,1.0,1.0,0.0,,,0.0,0.0,,,,0.0,0.0,0.0,0.0,1.0,1.0,1.0,0.0,0.0,,,1.0,1.0,,1.0,0.0,1.0,1.0,,1.0,0.0,,1.0,,,,,0.0,,0.0,0.0,1.0,0.0,0.0,1.0,1.0,0.0,1.0,0.0,0.0,0.0,0.0,1.0,1.0,0.0,0.0,0.0,0.0,0.0,0.0,1.0,,1.0,1.0,0.0,1.0,1.0,1.0,0.0,0.0,0.0,0.0,0.0,0.0,,1.0,,1.0,1.0,0.0,0.0,0.0,0.0,0.0,0.0,0.0,,,1.0,0.0,,1.0,0.0,0.0,0.0,1.0,,1.0,,1.0,1.0,0.0,1.0,1.0,,1.0,0.0,1.0,1.0,1.0,1.0,1.0,,1.0,,0.0,0.0,0.0,0.0,0.0,1.0,0.0,1.0,1.0,1.0,1.0,,1.0,1.0,1.0,,1.0,1.0,0.0,1.0,,0.0,0.0,1.0,,0.0,,1.0,1.0,,0.0,0.0,1.0,,1.0,1.0,1.0,,0.0,1.0,0.0,1.0,1.0,0.0,1.0,,0.0,,1.0,,0.0,0.0,1.0,1.0,1.0,0.0,,,0.0,0.0,0.0,1.0,1.0,1.0,1.0
Henrique Oliveira,1.0,1.0,1.0,0.0,,0.0,1.0,,1.0,,1.0,,1.0,0.0,1.0,1.0,1.0,1.0,,1.0,1.0,,1.0,0.0,0.0,,1.0,0.0,,0.0,0.0,,1.0,0.0,1.0,1.0,1.0,0.0,0.0,,0.0,0.0,,1.0,1.0,,,1.0,,,,0.0,0.0,1.0,1.0,,1.0,1.0,0.0,0.0,0.0,,1.0,1.0,,0.0,,1.0,,1.0,1.0,0.0,,,0.0,,,0.0,0.0,0.0,1.0,1.0,1.0,1.0,1.0,1.0,1.0,1.0,1.0,,0.0,1.0,,0.0,1.0,1.0,0.0,0.0,0.0,,0.0,,,,,1.0,0.0,0.0,0.0,0.0,1.0,1.0,1.0,1.0,0.0,0.0,,0.0,1.0,0.0,1.0,1.0,0.0,,0.0,1.0,1.0,,0.0,0.0,1.0,1.0,1.0,1.0,1.0,1.0,,0.0,1.0,1.0,1.0,1.0,0.0,1.0,,1.0,,1.0,1.0,1.0,1.0,1.0,1.0,1.0,0.0,0.0,1.0,1.0,1.0,1.0,0.0,,,0.0,0.0,,0.0,,1.0,,,,0.0,1.0,1.0,,,,1.0,1.0,1.0,1.0,,0.0,,1.0,1.0,,1.0,1.0,1.0,1.0,0.0,1.0,,,1.0,,1.0,,,0.0,0.0,1.0,1.0,1.0,1.0,,1.0,1.0,1.0,1.0,0.0,0.0,,1.0,1.0,1.0,0.0,,,,,,,0.0,1.0,1.0,0.0,,,1.0,,1.0,0.0,,,,,1.0,,1.0,1.0,1.0,1.0,1.0,0.0,0.0,1.0,,1.0,0.0,1.0,0.0,1.0,1.0,,,,,1.0,,0.0,,,,1.0,,0.0,,0.0,1.0,1.0,0.0,1.0,0.0,0.0,0.0,1.0,,,0.0,,,,,0.0,0.0,1.0,1.0,0.0,1.0,1.0,1.0,,1.0,,1.0,0.0,,,0.0,1.0,1.0,1.0,,0.0,1.0,,,,,,1.0,,,,,,1.0,1.0,,,,0.0,1.0,,0.0,,1.0,0.0,1.0,1.0,,,0.0,0.0,1.0,,0.0,,1.0,,1.0
Hermes Parcianello,,1.0,1.0,1.0,0.0,0.0,,,,1.0,,,1.0,,,,,,,1.0,1.0,,,,,1.0,1.0,,,,,,1.0,0.0,1.0,1.0,,1.0,1.0,,,,,1.0,,1.0,1.0,,1.0,1.0,,,,1.0,0.0,1.0,,,,,,,,,,,,,,,,,1.0,,,,,,0.0,0.0,1.0,1.0,,,,1.0,1.0,1.0,1.0,,,,,,,,,,,,,,,,,,,,0.0,0.0,,,,1.0,0.0,0.0,,0.0,1.0,0.0,1.0,1.0,,,0.0,1.0,1.0,0.0,0.0,0.0,1.0,1.0,1.0,1.0,1.0,1.0,0.0,,,,0.0,,,,0.0,1.0,1.0,1.0,1.0,,1.0,,,,,,,,,,,,,,1.0,,,,1.0,,,,0.0,1.0,1.0,0.0,0.0,,,1.0,,,,,,1.0,,1.0,,1.0,1.0,,,0.0,,,,,0.0,0.0,1.0,0.0,,,0.0,1.0,0.0,1.0,,,,1.0,0.0,,,0.0,,,,1.0,1.0,1.0,1.0,0.0,1.0,0.0,1.0,1.0,0.0,0.0,1.0,1.0,0.0,0.0,0.0,0.0,1.0,0.0,,,0.0,,1.0,,1.0,0.0,0.0,,1.0,,,,,,1.0,1.0,0.0,0.0,0.0,1.0,1.0,1.0,1.0,1.0,1.0,1.0,,1.0,0.0,1.0,1.0,0.0,,,,1.0,1.0,,1.0,0.0,1.0,0.0,0.0,,,0.0,,1.0,1.0,1.0,0.0,1.0,1.0,,0.0,1.0,0.0,1.0,1.0,0.0,1.0,1.0,,0.0,0.0,1.0,1.0,,1.0,,,1.0,1.0,1.0,1.0,,,0.0,,,,,,,,,,,0.0,1.0,0.0,,1.0,,0.0,,,1.0,,,1.0,1.0,0.0,1.0
Heuler Cruvinel,1.0,1.0,1.0,1.0,0.0,0.0,,0.0,1.0,1.0,1.0,1.0,1.0,0.0,1.0,1.0,,1.0,1.0,1.0,1.0,0.0,0.0,1.0,1.0,1.0,,1.0,0.0,0.0,0.0,1.0,1.0,0.0,1.0,1.0,1.0,1.0,0.0,0.0,0.0,0.0,0.0,1.0,1.0,,1.0,1.0,1.0,1.0,,,,,,1.0,1.0,,,,,,0.0,0.0,0.0,,0.0,1.0,1.0,0.0,1.0,0.0,,0.0,1.0,0.0,,0.0,1.0,1.0,0.0,,1.0,,0.0,0.0,0.0,0.0,1.0,,,,,1.0,1.0,1.0,,,0.0,,,,,,,1.0,,,0.0,0.0,,,1.0,1.0,,0.0,0.0,0.0,1.0,0.0,1.0,1.0,,,,1.0,1.0,0.0,0.0,0.0,1.0,1.0,1.0,1.0,1.0,1.0,0.0,1.0,1.0,,,,0.0,1.0,1.0,1.0,,,1.0,1.0,1.0,0.0,1.0,1.0,0.0,0.0,1.0,1.0,1.0,1.0,0.0,,0.0,0.0,,1.0,0.0,0.0,1.0,,0.0,0.0,0.0,1.0,1.0,0.0,,,1.0,1.0,0.0,1.0,,1.0,0.0,1.0,1.0,1.0,,1.0,1.0,1.0,0.0,,,,,,,0.0,1.0,,,1.0,1.0,,,,,,,1.0,1.0,1.0,1.0,,1.0,1.0,1.0,0.0,0.0,1.0,0.0,,,0.0,1.0,1.0,,1.0,1.0,1.0,,,,0.0,0.0,1.0,1.0,0.0,,,,,,,,,1.0,,1.0,1.0,0.0,1.0,1.0,1.0,0.0,0.0,,1.0,,1.0,1.0,1.0,,,1.0,1.0,0.0,1.0,1.0,1.0,,,,1.0,1.0,0.0,,1.0,0.0,,,,,,0.0,,1.0,1.0,0.0,1.0,,1.0,,1.0,0.0,,,1.0,0.0,1.0,1.0,,1.0,1.0,1.0,0.0,1.0,1.0,0.0,1.0,1.0,,1.0,1.0,0.0,0.0,,1.0,,,0.0,0.0,,1.0,,,0.0,1.0,,,1.0,,,0.0,0.0,,,0.0,,1.0,0.0,
Homero Pereira,1.0,1.0,1.0,1.0,0.0,0.0,0.0,,1.0,,1.0,1.0,,,,,,,1.0,,,,0.0,1.0,1.0,1.0,0.0,1.0,0.0,0.0,,,,,1.0,1.0,,,,,,,0.0,,,,1.0,1.0,1.0,1.0,1.0,0.0,0.0,,,,,,,0.0,0.0,,,,,,,1.0,1.0,1.0,1.0,0.0,,1.0,0.0,1.0,0.0,,0.0,0.0,1.0,1.0,1.0,1.0,1.0,1.0,1.0,1.0,1.0,0.0,,1.0,0.0,0.0,,,,0.0,0.0,0.0,1.0,0.0,,1.0,1.0,1.0,0.0,,,,,,,,0.0,0.0,,0.0,1.0,0.0,1.0,1.0,0.0,0.0,,1.0,1.0,0.0,,,1.0,,1.0,1.0,1.0,1.0,0.0,1.0,1.0,0.0,0.0,0.0,,,,,,,,,,0.0,1.0,1.0,,,1.0,1.0,0.0,,0.0,0.0,0.0,1.0,,,,,,0.0,0.0,,,,,0.0,0.0,,,,1.0,,0.0,1.0,0.0,,,,0.0,,,,0.0,1.0,1.0,,1.0,,,,,,,,,,,,,,,,,,,,1.0,1.0,,,,,,,,,,,,,,,,,,,,,,,,,,,,,,,,,,,,,,,,,,,,,,,,,,,,,,,,,,,,,,,,,,,,,,,,,,,,,,,,,,,,,,,,,,,,,,,,,,,,,,,,,,,,,,,,,,,,,,,,,,,,,,
Hugo Leal,1.0,1.0,1.0,,1.0,0.0,0.0,1.0,,1.0,,,1.0,,1.0,1.0,0.0,,,1.0,1.0,1.0,0.0,1.0,1.0,1.0,1.0,1.0,0.0,,0.0,1.0,1.0,0.0,1.0,1.0,1.0,0.0,0.0,0.0,0.0,1.0,0.0,1.0,1.0,,1.0,1.0,1.0,1.0,1.0,0.0,0.0,,,,1.0,,0.0,0.0,,,1.0,,,0.0,0.0,,,1.0,1.0,0.0,1.0,,0.0,0.0,0.0,0.0,0.0,0.0,1.0,1.0,1.0,,1.0,1.0,,1.0,1.0,,,,0.0,0.0,,,0.0,,0.0,,1.0,0.0,,,,1.0,0.0,,0.0,0.0,1.0,1.0,,1.0,0.0,0.0,,,1.0,,1.0,,0.0,0.0,0.0,,1.0,0.0,0.0,0.0,,1.0,,1.0,1.0,1.0,0.0,0.0,,0.0,1.0,1.0,,1.0,0.0,0.0,0.0,1.0,,0.0,,,0.0,1.0,0.0,0.0,1.0,1.0,,1.0,0.0,0.0,,0.0,0.0,1.0,0.0,0.0,1.0,0.0,0.0,0.0,,1.0,0.0,0.0,0.0,0.0,,1.0,1.0,1.0,0.0,0.0,1.0,1.0,,0.0,1.0,1.0,1.0,0.0,0.0,0.0,0.0,0.0,1.0,,0.0,0.0,,0.0,1.0,1.0,0.0,1.0,1.0,1.0,1.0,1.0,1.0,1.0,,0.0,,0.0,1.0,1.0,0.0,0.0,0.0,,,0.0,,0.0,1.0,,,1.0,1.0,,0.0,0.0,,0.0,0.0,1.0,,,,1.0,1.0,0.0,,,0.0,0.0,,,1.0,0.0,1.0,,,1.0,0.0,,,1.0,1.0,1.0,1.0,1.0,1.0,0.0,,,0.0,1.0,,1.0,1.0,1.0,,1.0,1.0,,0.0,1.0,0.0,,,0.0,1.0,,1.0,1.0,1.0,1.0,0.0,0.0,1.0,1.0,0.0,1.0,1.0,,,1.0,,1.0,,0.0,0.0,1.0,1.0,1.0,,0.0,,1.0,,1.0,1.0,1.0,,,1.0,,,,0.0,1.0,0.0,1.0,0.0,1.0,,,0.0,1.0,,1.0,,,,0.0,0.0,0.0,1.0,1.0,1.0,1.0
Hugo Motta,,1.0,1.0,1.0,0.0,0.0,,,1.0,1.0,,1.0,,0.0,1.0,1.0,1.0,,1.0,1.0,,,0.0,1.0,1.0,1.0,,1.0,,0.0,0.0,1.0,1.0,0.0,1.0,1.0,1.0,,1.0,1.0,1.0,0.0,,1.0,1.0,1.0,1.0,1.0,,,1.0,,0.0,,,1.0,1.0,1.0,,0.0,0.0,0.0,1.0,1.0,,0.0,0.0,,,1.0,1.0,0.0,,1.0,0.0,1.0,,0.0,0.0,0.0,1.0,1.0,1.0,,,,,,,,,,0.0,0.0,1.0,,0.0,0.0,0.0,0.0,1.0,0.0,,,1.0,1.0,0.0,0.0,0.0,0.0,,1.0,1.0,1.0,0.0,0.0,0.0,,1.0,0.0,1.0,1.0,0.0,0.0,0.0,1.0,1.0,0.0,,0.0,1.0,,1.0,1.0,1.0,1.0,,1.0,,0.0,0.0,0.0,0.0,1.0,1.0,,1.0,1.0,1.0,0.0,1.0,,0.0,1.0,0.0,0.0,,1.0,0.0,1.0,0.0,0.0,0.0,1.0,,,0.0,,,,,,0.0,1.0,1.0,,0.0,0.0,1.0,1.0,1.0,1.0,0.0,,,1.0,1.0,,,,,1.0,0.0,1.0,,,,0.0,,0.0,,,1.0,1.0,1.0,1.0,0.0,1.0,1.0,1.0,1.0,1.0,0.0,0.0,,0.0,,,,1.0,,1.0,1.0,,1.0,,1.0,,0.0,,1.0,1.0,0.0,0.0,,,1.0,,,1.0,0.0,1.0,1.0,,1.0,0.0,0.0,0.0,1.0,,1.0,0.0,0.0,0.0,,,,,,,1.0,,1.0,,,,1.0,,,,,,1.0,0.0,1.0,1.0,1.0,,,0.0,0.0,,0.0,,,0.0,,,1.0,1.0,0.0,1.0,1.0,1.0,0.0,1.0,0.0,1.0,1.0,,1.0,1.0,,0.0,0.0,1.0,1.0,1.0,,1.0,0.0,1.0,,1.0,1.0,1.0,0.0,0.0,,,1.0,,0.0,,0.0,1.0,1.0,0.0,,,0.0,1.0,1.0,1.0,1.0,0.0,0.0,1.0,,0.0,1.0,1.0,0.0,1.0
Hugo Napoleão,,1.0,1.0,1.0,0.0,0.0,1.0,1.0,1.0,1.0,1.0,1.0,1.0,0.0,,1.0,,,1.0,1.0,1.0,0.0,0.0,1.0,1.0,1.0,1.0,1.0,0.0,0.0,1.0,1.0,,0.0,1.0,1.0,1.0,1.0,1.0,0.0,0.0,,0.0,1.0,,1.0,,1.0,1.0,,0.0,,,,0.0,1.0,,,,,,,0.0,0.0,,,,,1.0,0.0,,,1.0,0.0,1.0,0.0,,,1.0,1.0,0.0,,1.0,,0.0,,,,1.0,,,0.0,1.0,,1.0,1.0,,,,0.0,0.0,,,,,1.0,,,,0.0,,0.0,1.0,1.0,1.0,0.0,0.0,0.0,1.0,0.0,1.0,1.0,0.0,,0.0,1.0,,,0.0,0.0,1.0,1.0,1.0,1.0,1.0,1.0,0.0,1.0,,,,,,,1.0,1.0,1.0,1.0,1.0,0.0,1.0,0.0,1.0,1.0,0.0,0.0,1.0,1.0,,1.0,0.0,,,,1.0,1.0,0.0,0.0,1.0,0.0,0.0,0.0,0.0,1.0,1.0,,0.0,0.0,1.0,1.0,0.0,1.0,0.0,0.0,,1.0,1.0,1.0,0.0,1.0,1.0,1.0,,1.0,,1.0,,0.0,0.0,0.0,1.0,0.0,1.0,1.0,1.0,1.0,,1.0,1.0,1.0,1.0,,1.0,1.0,1.0,,1.0,,1.0,0.0,0.0,1.0,0.0,0.0,1.0,0.0,1.0,,0.0,1.0,1.0,1.0,,0.0,0.0,0.0,0.0,1.0,1.0,0.0,,1.0,1.0,,,,,,1.0,0.0,,1.0,,1.0,1.0,,,0.0,0.0,1.0,,1.0,1.0,0.0,0.0,1.0,1.0,1.0,0.0,1.0,1.0,,1.0,0.0,1.0,1.0,1.0,0.0,1.0,,,,,,,,,0.0,,,,1.0,,,0.0,1.0,0.0,1.0,0.0,0.0,1.0,,1.0,0.0,,,1.0,1.0,1.0,1.0,0.0,1.0,1.0,1.0,1.0,1.0,,,1.0,,0.0,0.0,0.0,,0.0,1.0,1.0,0.0,,,0.0,1.0,1.0,1.0,0.0,0.0,0.0,1.0,,0.0,1.0,1.0,0.0,1.0
Humberto Souto,,,,,,,,0.0,,1.0,,,1.0,,1.0,1.0,,,,1.0,1.0,0.0,,,,,,,,,,1.0,,,,,1.0,1.0,1.0,0.0,0.0,0.0,,,,,,,,,,,,,0.0,0.0,1.0,,,,,,,,,,,,,,,,,,,,,,,,,,,,,,,,,,,,,,,,,,,,,,,,,,,,,0.0,,,1.0,1.0,,,,,,,,,,,,,,,,,,,,,,,,,,,,,,,,,,,1.0,,,,,,,,,,,,,,,,,,1.0,,,,,,0.0,1.0,,,,,,,,,,,,,,,,1.0,1.0,1.0,,,,,,,,,,0.0,,,,,,,,,,,1.0,1.0,1.0,1.0,,,0.0,,,,,,,,,1.0,,0.0,,,,1.0,,,,1.0,0.0,0.0,,1.0,1.0,1.0,1.0,1.0,,1.0,,,1.0,,,,1.0,1.0,0.0,,,1.0,1.0,1.0,,,,,1.0,1.0,,,,1.0,,,,,,0.0,1.0,,,,,,,,,1.0,1.0,,,,1.0,1.0,,1.0,,0.0,0.0,,,,,,,,,,,0.0,,0.0,,,,,,,1.0,,,,,,,,1.0,0.0,,1.0,,,,,,,,,,,,,,
Hélio Santos,,1.0,1.0,1.0,0.0,0.0,,0.0,1.0,1.0,1.0,1.0,1.0,0.0,1.0,1.0,1.0,1.0,1.0,1.0,1.0,,,1.0,1.0,,,,0.0,0.0,1.0,1.0,1.0,0.0,1.0,1.0,1.0,0.0,0.0,0.0,0.0,0.0,0.0,1.0,1.0,1.0,,1.0,,1.0,,,,1.0,0.0,1.0,1.0,1.0,,,1.0,,,,,,,1.0,1.0,0.0,1.0,1.0,1.0,0.0,1.0,0.0,,,1.0,1.0,0.0,,1.0,1.0,0.0,0.0,0.0,0.0,1.0,,,0.0,1.0,1.0,1.0,1.0,0.0,0.0,0.0,0.0,0.0,,,,1.0,1.0,,,1.0,0.0,1.0,0.0,1.0,1.0,,0.0,0.0,0.0,1.0,0.0,1.0,1.0,0.0,,0.0,1.0,1.0,0.0,,0.0,1.0,,1.0,1.0,1.0,1.0,0.0,1.0,0.0,1.0,1.0,1.0,,,1.0,1.0,1.0,1.0,1.0,1.0,1.0,0.0,1.0,1.0,0.0,0.0,1.0,,1.0,1.0,0.0,0.0,0.0,1.0,1.0,1.0,,0.0,1.0,0.0,0.0,0.0,0.0,1.0,1.0,,,0.0,1.0,1.0,1.0,1.0,,,0.0,1.0,1.0,1.0,0.0,1.0,,1.0,0.0,1.0,1.0,1.0,1.0,0.0,,0.0,1.0,0.0,1.0,1.0,1.0,1.0,1.0,1.0,1.0,1.0,0.0,1.0,,,1.0,0.0,1.0,1.0,1.0,0.0,0.0,1.0,0.0,,1.0,,1.0,1.0,0.0,1.0,1.0,1.0,0.0,1.0,0.0,,0.0,1.0,1.0,0.0,1.0,1.0,1.0,0.0,1.0,0.0,0.0,0.0,1.0,0.0,1.0,1.0,0.0,1.0,1.0,1.0,0.0,0.0,0.0,1.0,1.0,1.0,1.0,0.0,,1.0,1.0,1.0,0.0,1.0,1.0,1.0,1.0,0.0,1.0,1.0,1.0,0.0,,1.0,0.0,,,,,,,0.0,1.0,1.0,0.0,1.0,1.0,1.0,,1.0,0.0,1.0,0.0,0.0,1.0,1.0,1.0,1.0,1.0,0.0,0.0,,,,,,,1.0,1.0,1.0,,,1.0,1.0,,0.0,1.0,1.0,0.0,1.0,1.0,0.0,0.0,1.0,,0.0,1.0,1.0,1.0,0.0,0.0,1.0,1.0,,1.0,1.0,0.0,1.0
Iara Bernardi,,,,,,,,1.0,,1.0,,,1.0,,0.0,0.0,0.0,1.0,,1.0,0.0,1.0,,,,,,,,,,,1.0,,,,,,,,,,,1.0,1.0,,,,,,,,,,1.0,0.0,1.0,,,,,,,,,,,,,,,,1.0,,,,,,,,,,,,,,,,,,,,,,,,,,,,,,,,,,,,,,,,,1.0,,,,,,,,,,,,,,,,,,,,,,,,,,,,,0.0,1.0,,,,1.0,1.0,0.0,1.0,,,,,,,,,,,,,,,,0.0,,,,,,0.0,0.0,1.0,,,,,,,,,,,,,0.0,,0.0,1.0,1.0,,,,,,0.0,0.0,0.0,1.0,0.0,1.0,,1.0,1.0,0.0,1.0,1.0,1.0,0.0,1.0,0.0,0.0,,0.0,,,0.0,0.0,0.0,0.0,0.0,0.0,1.0,0.0,1.0,1.0,0.0,1.0,1.0,1.0,0.0,0.0,0.0,0.0,0.0,,1.0,1.0,,1.0,1.0,,0.0,0.0,,0.0,0.0,0.0,,0.0,1.0,,1.0,,,,,,,1.0,1.0,1.0,1.0,1.0,1.0,1.0,0.0,1.0,0.0,1.0,,,,1.0,1.0,1.0,1.0,0.0,0.0,0.0,0.0,0.0,1.0,0.0,1.0,1.0,1.0,1.0,,1.0,1.0,1.0,0.0,1.0,1.0,0.0,1.0,1.0,0.0,0.0,1.0,0.0,1.0,1.0,0.0,1.0,0.0,0.0,0.0,,0.0,,,1.0,0.0,0.0,1.0,0.0,1.0,1.0,0.0,1.0,0.0,0.0,1.0,,,,,1.0,1.0,1.0,0.0,,,0.0,,0.0,1.0,1.0,1.0,1.0
Ilário Marques,,,,,,,,1.0,,,,,,,,,,,,,,1.0,,,,,,,,,,,,,,,1.0,0.0,0.0,0.0,0.0,1.0,,,,,,,,,,,,,,,,,,,,,,,,,,,,,,,,,,,,,,,,,,,,,,,,,,,,,,,,,,,,,,,,,,,,0.0,,,,,,,,,,,,,,,,,,,,,,,,,,,,,,,,,,,,,,,,,,,,,,,,,,,,,,,,,,,,,,,,,,,,,,,,,,,,,,,,0.0,1.0,1.0,,,,,,0.0,0.0,0.0,1.0,,1.0,,,,,,,,,,,,,0.0,,,0.0,0.0,0.0,0.0,0.0,0.0,1.0,0.0,1.0,1.0,0.0,1.0,1.0,1.0,0.0,0.0,0.0,,0.0,,1.0,1.0,0.0,1.0,,,,,,,,0.0,,0.0,1.0,0.0,,,,,,,,1.0,1.0,0.0,,1.0,1.0,1.0,,,,,1.0,0.0,1.0,,,1.0,1.0,,,,,,,,,,,,,,,,,,,,,,,,,,,,,,,,,,,,,,,,,,,,,,,,,,,,,,,,,,,,,,,,,
Inocêncio Oliveira,1.0,1.0,1.0,0.0,0.0,0.0,,,,,1.0,,1.0,,,,,,1.0,,,,0.0,1.0,1.0,1.0,1.0,1.0,0.0,0.0,0.0,,,0.0,1.0,1.0,1.0,0.0,0.0,,1.0,0.0,,,,1.0,1.0,1.0,,1.0,,,,,0.0,1.0,,1.0,0.0,0.0,,0.0,1.0,1.0,0.0,0.0,0.0,1.0,0.0,1.0,,0.0,0.0,1.0,0.0,,0.0,,0.0,0.0,1.0,,,1.0,1.0,1.0,,,,,,,0.0,0.0,,1.0,,,,,1.0,0.0,0.0,1.0,0.0,1.0,0.0,0.0,,,,,1.0,1.0,0.0,0.0,0.0,0.0,1.0,0.0,1.0,1.0,0.0,0.0,0.0,1.0,1.0,0.0,0.0,0.0,1.0,1.0,1.0,1.0,1.0,1.0,0.0,1.0,1.0,0.0,0.0,0.0,0.0,,1.0,1.0,1.0,1.0,1.0,1.0,1.0,1.0,1.0,0.0,,0.0,1.0,1.0,1.0,1.0,0.0,0.0,0.0,1.0,,1.0,0.0,0.0,1.0,0.0,0.0,,0.0,1.0,1.0,0.0,0.0,0.0,1.0,1.0,1.0,1.0,0.0,0.0,,1.0,,1.0,1.0,,,1.0,0.0,,0.0,0.0,1.0,0.0,0.0,0.0,1.0,0.0,1.0,1.0,,1.0,,,,,,1.0,0.0,0.0,1.0,1.0,1.0,1.0,0.0,,,,,0.0,1.0,0.0,0.0,1.0,0.0,,,,,0.0,0.0,0.0,0.0,1.0,1.0,,0.0,1.0,1.0,0.0,1.0,0.0,0.0,,1.0,,1.0,0.0,1.0,0.0,,1.0,,,0.0,1.0,,1.0,,,,,,1.0,0.0,1.0,1.0,,,,,1.0,1.0,,,0.0,,0.0,,,,,1.0,,,1.0,0.0,1.0,,1.0,0.0,1.0,,0.0,,,,,1.0,,0.0,,1.0,,1.0,1.0,0.0,,1.0,,0.0,,0.0,0.0,1.0,0.0,1.0,1.0,,,0.0,,,0.0,0.0,1.0,0.0,,1.0,1.0,1.0,0.0,,1.0,,0.0,1.0,1.0,,1.0
Iracema Portella,1.0,1.0,1.0,0.0,1.0,1.0,,0.0,1.0,,1.0,1.0,1.0,0.0,0.0,1.0,,,1.0,1.0,1.0,1.0,,,,1.0,1.0,1.0,0.0,0.0,,1.0,,0.0,1.0,1.0,1.0,0.0,0.0,,0.0,1.0,,,,,1.0,1.0,,,1.0,0.0,0.0,,0.0,1.0,,1.0,0.0,0.0,0.0,0.0,1.0,1.0,0.0,0.0,0.0,0.0,1.0,1.0,1.0,0.0,,1.0,0.0,1.0,0.0,,0.0,0.0,1.0,1.0,1.0,,1.0,1.0,1.0,1.0,1.0,0.0,0.0,1.0,,,,,0.0,0.0,0.0,1.0,1.0,0.0,0.0,1.0,0.0,1.0,,0.0,0.0,0.0,,,,,0.0,0.0,0.0,0.0,1.0,0.0,1.0,1.0,,0.0,0.0,1.0,1.0,0.0,0.0,0.0,1.0,1.0,1.0,1.0,1.0,1.0,0.0,,,0.0,0.0,0.0,,,,,,,1.0,0.0,,0.0,0.0,0.0,0.0,,1.0,1.0,0.0,1.0,0.0,,,,,1.0,,0.0,1.0,0.0,0.0,0.0,1.0,1.0,1.0,0.0,0.0,0.0,1.0,,,1.0,0.0,,0.0,,,,1.0,,,1.0,,0.0,0.0,0.0,1.0,0.0,0.0,,1.0,,1.0,,1.0,,0.0,1.0,,,,1.0,0.0,1.0,,0.0,1.0,1.0,0.0,0.0,,0.0,0.0,,1.0,0.0,1.0,1.0,0.0,1.0,1.0,1.0,0.0,0.0,0.0,,0.0,,1.0,1.0,,1.0,1.0,,0.0,0.0,0.0,,1.0,0.0,1.0,0.0,0.0,0.0,1.0,1.0,,,,,1.0,,1.0,,,,1.0,1.0,0.0,,1.0,,,,,1.0,,,,0.0,,0.0,0.0,0.0,1.0,0.0,1.0,0.0,,,0.0,1.0,1.0,1.0,0.0,1.0,0.0,,1.0,0.0,1.0,1.0,1.0,0.0,0.0,1.0,1.0,,,,0.0,,,,,,0.0,,,,1.0,,,,,,,1.0,1.0,,0.0,1.0,,,,,,1.0,,,,1.0,0.0,
Irajá Abreu,,,1.0,1.0,0.0,0.0,,,,,1.0,,,,1.0,,1.0,,1.0,,,,,,1.0,,0.0,1.0,,,,,1.0,,,,,,,,,,,,1.0,,,,,,0.0,,,,,,,,,,,,,,,,,,1.0,,1.0,,1.0,,,0.0,,,1.0,1.0,0.0,,1.0,,,,0.0,0.0,1.0,,,,,,,,,,,,,,,,,,,,1.0,,,,,,,,,0.0,1.0,0.0,1.0,1.0,0.0,,,,,0.0,,,,1.0,,1.0,1.0,1.0,,,,1.0,1.0,1.0,,,,,,,,,,,,,,,,,,,,,,0.0,,,,,1.0,,,,0.0,,,,,,1.0,,0.0,,,,,,1.0,1.0,,,,,0.0,,,,,,,,,,,,1.0,1.0,0.0,,,,,1.0,,1.0,1.0,0.0,,,,,,,,,,,,,,,,,,,,,,,,,,,,,,,,,,,1.0,,,,,1.0,0.0,0.0,,,1.0,,,,,,,,,,,,,,,,,,,,0.0,,,,,,,,1.0,,,,,1.0,,1.0,0.0,,0.0,,,,,,,,,0.0,1.0,1.0,,1.0,1.0,,1.0,1.0,,,,,,,,,,,,,,1.0,,,,,,,,,,,,,,1.0
Iriny Lopes,1.0,1.0,,,1.0,1.0,,1.0,1.0,1.0,,,1.0,,,0.0,0.0,,,,0.0,1.0,,,,,1.0,1.0,,0.0,0.0,0.0,,,,,,,,,,,0.0,,1.0,,,1.0,1.0,1.0,,,,,,,1.0,,,,,,,,,,,,,,,,1.0,,,,,,,,,,,1.0,,,,,,,,,,,1.0,1.0,,,,,,,,,,,,,,0.0,1.0,,,,,,,,,,,,,,,,,,,,,,,,,,,,,,0.0,,,,0.0,0.0,,1.0,1.0,0.0,1.0,0.0,0.0,0.0,0.0,0.0,1.0,,0.0,,,0.0,0.0,1.0,,1.0,,0.0,1.0,,,,1.0,0.0,0.0,,,,1.0,1.0,,,,,1.0,1.0,1.0,0.0,1.0,0.0,1.0,1.0,0.0,1.0,0.0,0.0,1.0,0.0,0.0,0.0,1.0,0.0,1.0,1.0,1.0,1.0,0.0,1.0,1.0,1.0,0.0,,,,,0.0,1.0,1.0,0.0,0.0,0.0,0.0,0.0,0.0,1.0,0.0,1.0,,0.0,1.0,1.0,1.0,0.0,0.0,0.0,,0.0,0.0,1.0,1.0,0.0,,,,,,,,0.0,,,0.0,1.0,0.0,1.0,1.0,0.0,0.0,0.0,1.0,1.0,1.0,1.0,1.0,1.0,1.0,1.0,1.0,0.0,,0.0,1.0,,1.0,1.0,,,1.0,,0.0,0.0,0.0,0.0,0.0,1.0,0.0,1.0,1.0,1.0,1.0,,,,,,1.0,,,,,,0.0,,,0.0,1.0,,1.0,,,0.0,0.0,,,1.0,1.0,0.0,0.0,,0.0,1.0,1.0,0.0,1.0,0.0,0.0,1.0,1.0,,,0.0,1.0,1.0,1.0,0.0,,,0.0,0.0,,,,,1.0
Isaias Silvestre,,,,,,,,1.0,,1.0,,,1.0,0.0,,,,,,1.0,1.0,0.0,,,,,,,,,,1.0,1.0,,,,1.0,1.0,0.0,0.0,0.0,1.0,,,,,,,1.0,1.0,,,,,1.0,,,,,,,,,,,,,,,,,,,,,,,,,,,,,,,,,,,,,,,,1.0,1.0,,,,,,,,,,,,,,0.0,1.0,,1.0,1.0,,,,,,,,,,,,,,,,,,,,,,,,,,,,,,,0.0,1.0,1.0,,1.0,,,,,,,,1.0,,,,,,,,1.0,,0.0,,,,,,0.0,1.0,1.0,,,,,,,,,,1.0,,,,,1.0,1.0,1.0,1.0,,,,1.0,1.0,,,,0.0,,,,,,,,,,,0.0,1.0,1.0,,1.0,1.0,0.0,1.0,,1.0,0.0,,0.0,0.0,1.0,1.0,0.0,,1.0,1.0,0.0,1.0,0.0,0.0,1.0,1.0,1.0,1.0,0.0,1.0,,0.0,1.0,0.0,1.0,0.0,,,1.0,0.0,,0.0,,,,0.0,0.0,0.0,1.0,,0.0,0.0,1.0,0.0,,1.0,,,1.0,1.0,1.0,1.0,1.0,1.0,1.0,0.0,,1.0,0.0,0.0,0.0,0.0,1.0,0.0,,1.0,,,,,,,0.0,,1.0,,1.0,,0.0,0.0,,,,,0.0,,,,,,,,,,,,,,,,,,,,,,,,,,,,,,,,,,,,,
Ivan Valente,1.0,,0.0,0.0,1.0,1.0,1.0,1.0,1.0,1.0,1.0,1.0,1.0,0.0,0.0,0.0,1.0,1.0,1.0,1.0,1.0,0.0,0.0,1.0,1.0,1.0,1.0,0.0,0.0,1.0,0.0,1.0,1.0,0.0,1.0,1.0,0.0,0.0,0.0,0.0,1.0,1.0,0.0,1.0,1.0,1.0,1.0,1.0,1.0,1.0,1.0,0.0,0.0,0.0,1.0,0.0,1.0,1.0,0.0,,1.0,0.0,,,,,,1.0,0.0,0.0,0.0,1.0,0.0,0.0,,0.0,0.0,1.0,1.0,1.0,0.0,1.0,0.0,,0.0,0.0,0.0,0.0,0.0,,1.0,0.0,1.0,1.0,1.0,1.0,0.0,0.0,0.0,0.0,0.0,,,0.0,1.0,1.0,,,0.0,0.0,0.0,0.0,1.0,1.0,0.0,1.0,1.0,1.0,0.0,1.0,0.0,0.0,1.0,1.0,1.0,0.0,0.0,1.0,1.0,1.0,0.0,0.0,0.0,0.0,0.0,0.0,1.0,0.0,0.0,1.0,1.0,1.0,0.0,1.0,0.0,0.0,0.0,1.0,1.0,1.0,1.0,,1.0,0.0,1.0,0.0,1.0,0.0,1.0,0.0,1.0,1.0,,0.0,1.0,1.0,0.0,0.0,1.0,0.0,0.0,0.0,0.0,0.0,0.0,0.0,0.0,1.0,0.0,1.0,0.0,0.0,,0.0,1.0,1.0,1.0,0.0,0.0,0.0,1.0,0.0,0.0,1.0,0.0,1.0,1.0,1.0,,1.0,,1.0,,1.0,1.0,1.0,1.0,1.0,1.0,1.0,0.0,1.0,1.0,1.0,0.0,1.0,1.0,1.0,0.0,0.0,,0.0,0.0,,0.0,,,,,,,,,1.0,,1.0,0.0,1.0,0.0,0.0,,1.0,1.0,0.0,1.0,1.0,1.0,0.0,1.0,1.0,,0.0,1.0,0.0,1.0,1.0,,,,0.0,,0.0,,1.0,1.0,0.0,0.0,0.0,,0.0,0.0,1.0,1.0,1.0,1.0,1.0,1.0,1.0,,1.0,0.0,0.0,0.0,0.0,1.0,0.0,1.0,1.0,1.0,1.0,1.0,0.0,1.0,1.0,0.0,1.0,1.0,0.0,0.0,,0.0,0.0,0.0,0.0,1.0,0.0,0.0,1.0,0.0,0.0,1.0,0.0,0.0,1.0,0.0,0.0,0.0,0.0,0.0,1.0,,,1.0,0.0,0.0,1.0,1.0,0.0,,1.0,,,1.0,0.0,0.0,,,0.0,0.0,0.0,1.0,1.0,1.0,1.0
Izalci,1.0,,1.0,0.0,0.0,0.0,1.0,0.0,1.0,1.0,1.0,1.0,1.0,0.0,1.0,1.0,1.0,1.0,1.0,1.0,1.0,0.0,0.0,1.0,1.0,1.0,1.0,0.0,1.0,1.0,1.0,1.0,1.0,0.0,1.0,1.0,1.0,,0.0,0.0,1.0,0.0,0.0,1.0,,1.0,1.0,1.0,,1.0,1.0,0.0,0.0,1.0,0.0,,1.0,1.0,0.0,0.0,0.0,,1.0,1.0,0.0,0.0,0.0,1.0,0.0,1.0,1.0,0.0,1.0,1.0,0.0,0.0,0.0,0.0,0.0,0.0,1.0,1.0,1.0,,1.0,1.0,1.0,1.0,1.0,0.0,0.0,1.0,0.0,1.0,0.0,0.0,0.0,0.0,0.0,0.0,0.0,0.0,0.0,1.0,1.0,0.0,0.0,0.0,,0.0,1.0,1.0,1.0,1.0,0.0,0.0,0.0,0.0,1.0,0.0,1.0,1.0,0.0,0.0,0.0,1.0,1.0,0.0,0.0,0.0,1.0,1.0,1.0,1.0,1.0,1.0,0.0,0.0,1.0,1.0,1.0,1.0,,,0.0,1.0,1.0,1.0,1.0,1.0,1.0,,1.0,0.0,0.0,0.0,1.0,1.0,1.0,0.0,0.0,,0.0,0.0,1.0,0.0,1.0,0.0,,0.0,0.0,0.0,0.0,1.0,1.0,0.0,0.0,0.0,1.0,1.0,0.0,0.0,0.0,0.0,0.0,1.0,1.0,1.0,0.0,1.0,1.0,0.0,0.0,1.0,1.0,1.0,1.0,1.0,,,,,,1.0,1.0,1.0,1.0,1.0,1.0,1.0,0.0,1.0,1.0,1.0,1.0,0.0,1.0,1.0,1.0,1.0,,1.0,,,,,,,,,,,,0.0,,1.0,,1.0,0.0,0.0,1.0,,1.0,1.0,1.0,,0.0,0.0,1.0,0.0,1.0,1.0,0.0,1.0,1.0,1.0,0.0,,,1.0,1.0,1.0,0.0,0.0,0.0,1.0,1.0,1.0,,0.0,1.0,1.0,1.0,0.0,1.0,1.0,1.0,0.0,1.0,1.0,1.0,,,0.0,1.0,,,1.0,1.0,1.0,0.0,1.0,1.0,1.0,,1.0,0.0,1.0,0.0,0.0,1.0,1.0,,0.0,0.0,0.0,1.0,1.0,1.0,0.0,,,1.0,1.0,1.0,1.0,,,1.0,1.0,0.0,0.0,1.0,1.0,0.0,1.0,1.0,0.0,0.0,1.0,0.0,0.0,1.0,,1.0,0.0,0.0,1.0,1.0,,1.0,1.0,0.0,1.0
Jaime Martins,1.0,1.0,,1.0,,0.0,1.0,,,1.0,,,,0.0,,1.0,,1.0,,0.0,,0.0,,1.0,1.0,1.0,,,0.0,,,1.0,1.0,0.0,,1.0,,,0.0,0.0,1.0,1.0,,1.0,,1.0,,1.0,,,,0.0,,,,,1.0,1.0,,,,0.0,,,,,,,1.0,,1.0,0.0,,1.0,0.0,,0.0,1.0,0.0,0.0,1.0,,1.0,,1.0,,1.0,1.0,1.0,,,,0.0,,1.0,,,0.0,,0.0,,,,1.0,,,,,0.0,0.0,,1.0,,,,0.0,0.0,0.0,1.0,0.0,1.0,,,,,,1.0,0.0,,,1.0,1.0,1.0,1.0,,1.0,0.0,0.0,1.0,,0.0,1.0,0.0,1.0,1.0,1.0,,,,,1.0,,1.0,,1.0,,1.0,,1.0,,,0.0,,,,,,,,,,,0.0,,,,,,1.0,,1.0,,,,,1.0,,1.0,1.0,1.0,1.0,,,1.0,,,,,,0.0,,,,1.0,1.0,,0.0,1.0,,,1.0,1.0,,0.0,1.0,,,,,0.0,,1.0,0.0,,1.0,,0.0,,,,1.0,,,,,0.0,,,1.0,,0.0,,1.0,0.0,,1.0,,0.0,1.0,,,,,,1.0,1.0,0.0,,0.0,1.0,1.0,,,,,,,,0.0,,1.0,1.0,,1.0,1.0,,,0.0,1.0,,0.0,,,,1.0,,0.0,1.0,,,0.0,,,1.0,0.0,1.0,,,,,,,,1.0,,,0.0,,1.0,1.0,,1.0,1.0,1.0,1.0,,0.0,0.0,,1.0,,,0.0,0.0,0.0,,1.0,,0.0,1.0,,,,,,0.0,0.0,1.0,0.0,,1.0,,,
Jair Bolsonaro,0.0,0.0,1.0,1.0,0.0,0.0,1.0,0.0,0.0,1.0,0.0,0.0,1.0,,,1.0,1.0,1.0,1.0,1.0,1.0,0.0,0.0,1.0,1.0,1.0,,0.0,0.0,1.0,0.0,1.0,1.0,0.0,1.0,1.0,0.0,0.0,0.0,0.0,1.0,1.0,0.0,1.0,1.0,0.0,1.0,1.0,,0.0,0.0,0.0,1.0,0.0,0.0,1.0,1.0,1.0,0.0,0.0,0.0,0.0,1.0,0.0,0.0,0.0,0.0,1.0,1.0,0.0,1.0,1.0,0.0,0.0,1.0,0.0,0.0,1.0,1.0,1.0,0.0,0.0,1.0,1.0,0.0,0.0,0.0,,0.0,0.0,0.0,1.0,0.0,1.0,0.0,0.0,,,,0.0,0.0,1.0,1.0,0.0,1.0,0.0,0.0,,1.0,0.0,1.0,0.0,1.0,1.0,1.0,1.0,1.0,1.0,0.0,1.0,0.0,0.0,1.0,1.0,1.0,0.0,0.0,1.0,1.0,1.0,0.0,0.0,0.0,0.0,0.0,0.0,1.0,,0.0,1.0,1.0,1.0,,0.0,0.0,0.0,0.0,1.0,1.0,1.0,1.0,1.0,1.0,1.0,1.0,,1.0,1.0,1.0,1.0,,0.0,1.0,0.0,0.0,0.0,1.0,0.0,1.0,1.0,0.0,0.0,0.0,1.0,1.0,0.0,1.0,1.0,0.0,1.0,0.0,1.0,1.0,1.0,1.0,,1.0,1.0,0.0,1.0,1.0,0.0,1.0,1.0,1.0,1.0,1.0,1.0,1.0,1.0,0.0,,0.0,1.0,1.0,1.0,1.0,1.0,1.0,1.0,0.0,1.0,1.0,1.0,1.0,1.0,1.0,,0.0,,,1.0,,1.0,0.0,1.0,,1.0,1.0,0.0,,,1.0,1.0,1.0,1.0,,1.0,0.0,0.0,1.0,0.0,1.0,0.0,1.0,1.0,1.0,,1.0,1.0,1.0,1.0,0.0,1.0,1.0,1.0,0.0,0.0,0.0,1.0,1.0,1.0,0.0,1.0,1.0,0.0,1.0,1.0,0.0,0.0,1.0,1.0,,1.0,1.0,1.0,1.0,0.0,1.0,1.0,1.0,1.0,1.0,1.0,0.0,1.0,0.0,0.0,1.0,1.0,0.0,1.0,1.0,1.0,1.0,1.0,,1.0,1.0,0.0,1.0,1.0,0.0,0.0,0.0,,1.0,0.0,1.0,1.0,1.0,0.0,1.0,1.0,0.0,1.0,,,1.0,1.0,0.0,1.0,,0.0,,1.0,1.0,0.0,0.0,1.0,,0.0,1.0,0.0,1.0,0.0,0.0,1.0,,1.0,1.0,1.0,1.0,1.0
Jairo Ataíde,1.0,1.0,1.0,1.0,0.0,0.0,1.0,1.0,1.0,,1.0,1.0,1.0,0.0,1.0,1.0,1.0,,1.0,1.0,1.0,0.0,,1.0,1.0,1.0,,0.0,,,,1.0,,0.0,1.0,1.0,1.0,1.0,1.0,0.0,0.0,0.0,,,,1.0,1.0,1.0,1.0,1.0,0.0,,,1.0,0.0,1.0,1.0,,,,,,0.0,,,,,1.0,1.0,1.0,1.0,,0.0,1.0,0.0,1.0,,,,0.0,0.0,,,,,,,,,,0.0,1.0,1.0,1.0,,,,,,0.0,0.0,,,,,1.0,,,0.0,0.0,1.0,,1.0,1.0,1.0,,,,,,,,,,,1.0,1.0,1.0,0.0,,1.0,1.0,1.0,1.0,,1.0,,,,1.0,1.0,0.0,,,1.0,1.0,1.0,1.0,1.0,1.0,1.0,0.0,0.0,1.0,0.0,,1.0,1.0,1.0,1.0,,,,,1.0,,,,1.0,,,,0.0,1.0,,,,,1.0,1.0,,1.0,,,0.0,1.0,1.0,1.0,1.0,,,1.0,0.0,1.0,0.0,1.0,1.0,0.0,0.0,0.0,1.0,,,1.0,1.0,1.0,1.0,1.0,1.0,1.0,1.0,1.0,1.0,1.0,1.0,,1.0,1.0,1.0,0.0,0.0,0.0,0.0,,,,1.0,,0.0,1.0,,,,1.0,0.0,0.0,0.0,,0.0,1.0,1.0,1.0,1.0,1.0,1.0,0.0,,0.0,1.0,0.0,1.0,1.0,0.0,1.0,1.0,1.0,,,,,1.0,1.0,1.0,1.0,1.0,1.0,,1.0,,0.0,1.0,1.0,1.0,1.0,1.0,1.0,1.0,,1.0,1.0,0.0,,,0.0,,,0.0,0.0,1.0,1.0,0.0,,1.0,1.0,,1.0,0.0,,,0.0,1.0,1.0,,1.0,,,0.0,1.0,1.0,0.0,,1.0,1.0,1.0,1.0,1.0,,,1.0,1.0,0.0,0.0,,,,1.0,1.0,0.0,0.0,1.0,0.0,0.0,1.0,1.0,1.0,0.0,0.0,1.0,1.0,,1.0,1.0,0.0,1.0
Jandira Feghali,1.0,1.0,1.0,1.0,1.0,1.0,0.0,1.0,,1.0,1.0,1.0,1.0,,,0.0,0.0,1.0,1.0,1.0,1.0,,0.0,1.0,1.0,1.0,1.0,,,,,1.0,1.0,0.0,1.0,1.0,1.0,,,,,,0.0,1.0,1.0,1.0,1.0,1.0,1.0,1.0,1.0,0.0,0.0,1.0,1.0,,1.0,1.0,,,,,1.0,,0.0,0.0,0.0,1.0,0.0,1.0,1.0,0.0,0.0,,0.0,1.0,0.0,0.0,0.0,0.0,1.0,1.0,1.0,,1.0,1.0,,1.0,,0.0,0.0,1.0,,0.0,1.0,1.0,,,,1.0,,0.0,0.0,1.0,0.0,,,0.0,0.0,0.0,1.0,0.0,1.0,,0.0,0.0,,0.0,1.0,0.0,1.0,1.0,0.0,0.0,0.0,1.0,,0.0,0.0,,1.0,1.0,1.0,1.0,1.0,1.0,0.0,1.0,1.0,0.0,,,,1.0,0.0,0.0,0.0,1.0,1.0,0.0,1.0,0.0,,0.0,0.0,0.0,1.0,1.0,0.0,1.0,0.0,,,,0.0,1.0,0.0,0.0,1.0,0.0,0.0,0.0,1.0,1.0,1.0,0.0,0.0,0.0,1.0,1.0,1.0,0.0,0.0,0.0,1.0,1.0,1.0,0.0,1.0,,1.0,1.0,1.0,1.0,0.0,0.0,1.0,0.0,,,1.0,0.0,,0.0,0.0,1.0,0.0,1.0,1.0,1.0,0.0,1.0,0.0,0.0,1.0,1.0,1.0,1.0,0.0,0.0,0.0,0.0,1.0,0.0,1.0,0.0,,,,,,,,,,0.0,0.0,,,1.0,,1.0,,,,,,,1.0,0.0,1.0,,1.0,,1.0,,,,0.0,1.0,1.0,,1.0,1.0,1.0,0.0,1.0,1.0,,1.0,1.0,1.0,1.0,1.0,1.0,,,1.0,1.0,0.0,0.0,0.0,0.0,0.0,1.0,0.0,1.0,1.0,1.0,1.0,0.0,0.0,1.0,1.0,0.0,1.0,1.0,,,,0.0,0.0,1.0,0.0,,,1.0,1.0,0.0,0.0,0.0,,0.0,1.0,0.0,1.0,0.0,,1.0,0.0,1.0,1.0,0.0,1.0,0.0,0.0,1.0,1.0,,,,,1.0,1.0,0.0,,,0.0,0.0,0.0,1.0,1.0,1.0,1.0
Janete Capiberibe,1.0,1.0,,,1.0,1.0,,1.0,,1.0,,1.0,,,1.0,,,1.0,,,1.0,,,,,1.0,1.0,0.0,0.0,0.0,0.0,1.0,1.0,0.0,1.0,1.0,1.0,,0.0,0.0,0.0,1.0,0.0,1.0,,1.0,1.0,1.0,1.0,1.0,,,,1.0,1.0,,,,,,,,,,,,,,,,,,0.0,,,,,,,,,,,,,,,,,,,,,,,,0.0,,0.0,,,0.0,0.0,,,1.0,,,,,,0.0,,,0.0,0.0,0.0,0.0,1.0,0.0,1.0,,,0.0,0.0,1.0,1.0,0.0,0.0,,1.0,1.0,1.0,1.0,1.0,,0.0,,,,0.0,0.0,0.0,1.0,,,,1.0,1.0,1.0,1.0,,,,0.0,0.0,1.0,1.0,,,,0.0,0.0,1.0,,1.0,0.0,0.0,1.0,,0.0,,,,0.0,0.0,0.0,,1.0,,,,,0.0,1.0,,,0.0,,0.0,1.0,,,,0.0,,,,,,,,,,,0.0,1.0,1.0,1.0,1.0,,1.0,0.0,1.0,,1.0,,,0.0,0.0,0.0,0.0,0.0,0.0,1.0,0.0,1.0,1.0,,,1.0,1.0,0.0,,0.0,0.0,0.0,,,1.0,0.0,,,0.0,1.0,0.0,1.0,,1.0,,,,,,1.0,,,,,,,1.0,,,,,1.0,,,1.0,1.0,,,,,1.0,1.0,0.0,,1.0,0.0,,0.0,0.0,1.0,0.0,,1.0,,1.0,,,,,,1.0,,0.0,,1.0,,0.0,,,,,,1.0,1.0,,,,1.0,,,,,0.0,,,,,,,,1.0,,,,,,,,1.0,,,0.0,,,,,1.0,,
Janete Rocha Pietá,,,0.0,0.0,,1.0,0.0,1.0,1.0,,1.0,1.0,1.0,,0.0,0.0,0.0,1.0,1.0,0.0,0.0,1.0,0.0,1.0,1.0,1.0,,1.0,0.0,0.0,0.0,1.0,1.0,1.0,1.0,,0.0,0.0,0.0,0.0,0.0,1.0,0.0,1.0,1.0,1.0,1.0,,1.0,1.0,1.0,0.0,0.0,,1.0,0.0,1.0,1.0,0.0,0.0,0.0,,1.0,1.0,0.0,0.0,0.0,1.0,0.0,1.0,,,1.0,1.0,0.0,1.0,0.0,0.0,0.0,0.0,1.0,1.0,1.0,,1.0,1.0,,1.0,1.0,0.0,0.0,1.0,,0.0,1.0,1.0,0.0,0.0,0.0,1.0,1.0,,,1.0,1.0,1.0,,0.0,0.0,0.0,1.0,1.0,,,0.0,0.0,0.0,0.0,1.0,0.0,1.0,1.0,0.0,0.0,0.0,1.0,1.0,0.0,0.0,0.0,1.0,1.0,1.0,1.0,1.0,1.0,0.0,1.0,1.0,0.0,0.0,0.0,1.0,1.0,0.0,0.0,1.0,1.0,1.0,0.0,1.0,0.0,,0.0,0.0,0.0,,1.0,0.0,1.0,0.0,0.0,0.0,1.0,1.0,1.0,,0.0,1.0,,,,0.0,0.0,1.0,,,,,1.0,1.0,0.0,0.0,0.0,1.0,1.0,1.0,0.0,1.0,0.0,1.0,1.0,0.0,1.0,0.0,0.0,1.0,,,,,0.0,,0.0,0.0,1.0,0.0,1.0,,1.0,0.0,1.0,0.0,0.0,0.0,0.0,1.0,1.0,0.0,0.0,0.0,0.0,0.0,0.0,1.0,0.0,1.0,1.0,0.0,1.0,1.0,1.0,0.0,0.0,0.0,0.0,0.0,0.0,1.0,1.0,0.0,1.0,1.0,0.0,0.0,0.0,,0.0,1.0,0.0,,0.0,1.0,0.0,1.0,1.0,0.0,0.0,0.0,1.0,1.0,,,0.0,1.0,1.0,1.0,1.0,0.0,1.0,0.0,1.0,1.0,0.0,1.0,,,1.0,1.0,0.0,0.0,0.0,0.0,0.0,1.0,0.0,1.0,1.0,1.0,1.0,,,1.0,1.0,,1.0,1.0,0.0,1.0,1.0,0.0,0.0,1.0,,0.0,1.0,,1.0,0.0,0.0,0.0,1.0,0.0,1.0,1.0,1.0,,0.0,1.0,,1.0,,0.0,1.0,0.0,,1.0,1.0,,,,1.0,1.0,1.0,0.0,,,,0.0,0.0,1.0,1.0,1.0,1.0
Jaqueline Roriz,,1.0,1.0,1.0,0.0,0.0,0.0,1.0,1.0,1.0,1.0,,1.0,0.0,1.0,1.0,1.0,1.0,1.0,,1.0,0.0,1.0,1.0,1.0,1.0,1.0,0.0,0.0,1.0,0.0,1.0,1.0,0.0,1.0,1.0,1.0,0.0,,,0.0,0.0,0.0,1.0,1.0,,1.0,1.0,,1.0,1.0,0.0,0.0,1.0,1.0,,,,1.0,,1.0,,,1.0,,,,1.0,0.0,1.0,1.0,0.0,0.0,0.0,1.0,0.0,,0.0,,,,1.0,,,1.0,1.0,1.0,1.0,1.0,0.0,0.0,1.0,,1.0,0.0,0.0,0.0,0.0,0.0,0.0,0.0,0.0,0.0,1.0,0.0,1.0,0.0,0.0,,0.0,1.0,1.0,1.0,1.0,,0.0,0.0,0.0,1.0,0.0,1.0,1.0,0.0,,0.0,1.0,1.0,0.0,,,,,,,,,,0.0,1.0,0.0,,,0.0,,1.0,1.0,1.0,1.0,1.0,1.0,1.0,0.0,1.0,1.0,0.0,0.0,1.0,1.0,1.0,,0.0,0.0,0.0,0.0,1.0,1.0,,,,0.0,0.0,0.0,0.0,1.0,,0.0,,1.0,,,1.0,1.0,1.0,1.0,0.0,1.0,1.0,1.0,0.0,1.0,1.0,,0.0,1.0,1.0,1.0,,,,1.0,,,,,1.0,1.0,1.0,1.0,1.0,1.0,0.0,1.0,1.0,1.0,1.0,1.0,,,,0.0,,1.0,0.0,0.0,0.0,0.0,,1.0,0.0,,,,,,0.0,0.0,0.0,1.0,0.0,0.0,0.0,0.0,,1.0,1.0,1.0,1.0,,1.0,,1.0,1.0,0.0,1.0,1.0,1.0,0.0,,0.0,1.0,1.0,1.0,,,,,1.0,1.0,,,0.0,1.0,1.0,0.0,0.0,1.0,1.0,0.0,,1.0,0.0,,,0.0,,,0.0,0.0,1.0,1.0,,1.0,1.0,1.0,0.0,1.0,0.0,1.0,0.0,,1.0,,1.0,0.0,,,1.0,0.0,,0.0,1.0,1.0,,1.0,1.0,1.0,0.0,0.0,,,0.0,,,,,,1.0,0.0,,1.0,0.0,0.0,1.0,,1.0,,,1.0,,0.0,1.0,,0.0,1.0
Jean Wyllys,1.0,1.0,,,1.0,1.0,,1.0,,1.0,1.0,1.0,1.0,0.0,1.0,0.0,1.0,,,1.0,1.0,0.0,0.0,1.0,1.0,1.0,1.0,0.0,0.0,1.0,0.0,,1.0,0.0,1.0,,0.0,,0.0,0.0,1.0,1.0,0.0,,1.0,,1.0,1.0,,1.0,1.0,0.0,0.0,0.0,1.0,0.0,1.0,1.0,0.0,0.0,0.0,0.0,,0.0,,,,1.0,,0.0,0.0,1.0,0.0,,,,0.0,,1.0,1.0,0.0,1.0,0.0,1.0,,,,,,1.0,1.0,0.0,,,,,0.0,0.0,0.0,0.0,0.0,,,0.0,1.0,1.0,,1.0,0.0,,0.0,0.0,1.0,1.0,0.0,1.0,1.0,1.0,0.0,1.0,1.0,0.0,1.0,,1.0,0.0,0.0,0.0,1.0,1.0,0.0,0.0,0.0,0.0,0.0,0.0,1.0,,0.0,1.0,,,0.0,1.0,,,,1.0,1.0,1.0,,0.0,1.0,0.0,0.0,,,0.0,1.0,,,1.0,,0.0,,1.0,0.0,0.0,1.0,0.0,,0.0,0.0,0.0,,0.0,0.0,,0.0,1.0,,,,,1.0,1.0,1.0,0.0,,0.0,1.0,,0.0,1.0,0.0,1.0,1.0,1.0,,,,1.0,,1.0,1.0,1.0,1.0,1.0,1.0,1.0,0.0,1.0,1.0,1.0,0.0,,1.0,1.0,0.0,0.0,,0.0,1.0,,0.0,,,1.0,,,,,,1.0,,1.0,0.0,1.0,0.0,0.0,0.0,1.0,1.0,0.0,1.0,1.0,1.0,0.0,,1.0,0.0,0.0,1.0,0.0,1.0,1.0,,,,,1.0,0.0,,1.0,1.0,0.0,0.0,0.0,,0.0,0.0,1.0,,,,1.0,1.0,1.0,,1.0,0.0,0.0,0.0,0.0,1.0,0.0,,,1.0,,1.0,,1.0,1.0,,1.0,1.0,0.0,0.0,,0.0,0.0,,0.0,,,1.0,1.0,0.0,0.0,1.0,0.0,0.0,1.0,0.0,0.0,0.0,0.0,0.0,1.0,0.0,,1.0,,0.0,,1.0,0.0,0.0,1.0,1.0,0.0,1.0,0.0,0.0,,,,0.0,0.0,1.0,1.0,1.0,1.0
Jefferson Campos,,1.0,1.0,0.0,0.0,0.0,0.0,1.0,1.0,1.0,,1.0,1.0,0.0,1.0,1.0,1.0,1.0,,1.0,,0.0,,,,,1.0,,0.0,0.0,,1.0,1.0,0.0,1.0,1.0,1.0,,,,0.0,0.0,0.0,1.0,1.0,,,,1.0,,1.0,,0.0,1.0,1.0,1.0,,,,0.0,,0.0,,1.0,0.0,0.0,0.0,1.0,0.0,,1.0,0.0,1.0,,0.0,1.0,,,0.0,0.0,1.0,,1.0,1.0,1.0,1.0,1.0,,,,0.0,1.0,0.0,0.0,1.0,,,0.0,0.0,1.0,,0.0,0.0,1.0,,1.0,,0.0,0.0,0.0,1.0,,1.0,,1.0,,0.0,0.0,1.0,0.0,1.0,1.0,0.0,,,1.0,1.0,0.0,,,1.0,1.0,1.0,1.0,1.0,1.0,0.0,1.0,,,,,0.0,1.0,1.0,1.0,1.0,,1.0,1.0,1.0,0.0,1.0,1.0,0.0,,,1.0,0.0,,0.0,,0.0,0.0,,1.0,,0.0,,,0.0,0.0,,,,0.0,,,1.0,1.0,1.0,1.0,0.0,,0.0,,,,,1.0,1.0,,,1.0,,,,,,0.0,,,1.0,,,1.0,0.0,1.0,1.0,1.0,1.0,1.0,1.0,1.0,1.0,0.0,,,,0.0,0.0,1.0,0.0,,,0.0,,,,,1.0,1.0,,,0.0,,1.0,,,0.0,,1.0,,,,,,0.0,1.0,0.0,,,0.0,,1.0,1.0,0.0,0.0,0.0,1.0,1.0,,1.0,1.0,1.0,0.0,1.0,,0.0,1.0,1.0,1.0,1.0,1.0,1.0,1.0,1.0,0.0,1.0,1.0,0.0,,,,,,,0.0,1.0,1.0,0.0,1.0,1.0,1.0,,1.0,0.0,0.0,1.0,0.0,1.0,0.0,1.0,0.0,0.0,1.0,1.0,1.0,1.0,1.0,,1.0,1.0,1.0,1.0,1.0,,0.0,,1.0,0.0,0.0,0.0,0.0,,1.0,,0.0,1.0,1.0,0.0,0.0,1.0,,,0.0,0.0,1.0,,0.0,1.0,1.0,0.0,1.0
Jerônimo Goergen,,1.0,1.0,1.0,0.0,0.0,0.0,,1.0,1.0,1.0,1.0,1.0,0.0,1.0,1.0,,,1.0,1.0,1.0,1.0,,1.0,1.0,1.0,,1.0,,0.0,0.0,1.0,1.0,0.0,,,,1.0,1.0,1.0,0.0,,0.0,,,,1.0,1.0,,,1.0,,0.0,1.0,,,,1.0,,0.0,,0.0,1.0,,0.0,0.0,,,,1.0,1.0,,1.0,1.0,0.0,,0.0,,0.0,0.0,1.0,1.0,,,,1.0,1.0,1.0,1.0,,,,,0.0,1.0,1.0,,,,1.0,1.0,,,,0.0,1.0,0.0,0.0,0.0,0.0,1.0,1.0,,1.0,0.0,,,0.0,1.0,,1.0,1.0,0.0,0.0,,1.0,1.0,0.0,0.0,0.0,1.0,1.0,,,1.0,1.0,,,1.0,,0.0,0.0,0.0,,,1.0,,,1.0,0.0,,0.0,0.0,0.0,0.0,,,,0.0,,0.0,0.0,0.0,1.0,,,,0.0,1.0,,,,0.0,0.0,1.0,,,,1.0,1.0,1.0,1.0,,1.0,0.0,,,1.0,,1.0,1.0,1.0,,1.0,0.0,0.0,1.0,,,0.0,,,1.0,1.0,1.0,1.0,,,,,,1.0,0.0,1.0,1.0,0.0,,1.0,0.0,1.0,1.0,1.0,0.0,0.0,,0.0,,1.0,,1.0,,1.0,0.0,0.0,0.0,,1.0,,1.0,1.0,,,,,,,,,,,,0.0,,,1.0,,,0.0,,1.0,1.0,,1.0,,1.0,0.0,1.0,1.0,0.0,1.0,1.0,1.0,,,,,1.0,1.0,,,,,,,,,1.0,0.0,1.0,,0.0,,1.0,,,1.0,1.0,0.0,,0.0,1.0,,,0.0,0.0,1.0,1.0,,1.0,1.0,0.0,1.0,1.0,,0.0,0.0,0.0,,,1.0,1.0,,,,1.0,0.0,0.0,0.0,,,0.0,1.0,1.0,,,,0.0,1.0,,,,,,1.0
Jesus Rodrigues,1.0,1.0,0.0,0.0,1.0,1.0,,1.0,1.0,1.0,1.0,1.0,1.0,,0.0,0.0,0.0,,1.0,,0.0,,,1.0,1.0,1.0,1.0,1.0,0.0,0.0,,1.0,1.0,1.0,1.0,1.0,,0.0,,,0.0,0.0,0.0,0.0,1.0,,1.0,1.0,1.0,1.0,1.0,0.0,0.0,1.0,,0.0,1.0,1.0,0.0,0.0,0.0,0.0,1.0,,0.0,0.0,0.0,1.0,0.0,,1.0,0.0,1.0,1.0,0.0,1.0,0.0,0.0,0.0,0.0,1.0,,1.0,1.0,1.0,1.0,1.0,1.0,1.0,0.0,0.0,1.0,,0.0,1.0,1.0,0.0,0.0,0.0,1.0,1.0,0.0,0.0,1.0,1.0,1.0,0.0,0.0,0.0,0.0,1.0,1.0,1.0,1.0,0.0,0.0,0.0,0.0,1.0,0.0,1.0,1.0,0.0,0.0,,1.0,1.0,0.0,0.0,0.0,1.0,1.0,1.0,1.0,1.0,1.0,0.0,1.0,1.0,0.0,0.0,0.0,0.0,1.0,0.0,0.0,1.0,1.0,1.0,0.0,1.0,0.0,0.0,0.0,0.0,0.0,1.0,1.0,0.0,1.0,0.0,,0.0,1.0,1.0,1.0,0.0,0.0,1.0,0.0,0.0,0.0,0.0,0.0,1.0,0.0,0.0,0.0,1.0,1.0,1.0,0.0,0.0,0.0,1.0,1.0,1.0,0.0,1.0,1.0,1.0,1.0,0.0,1.0,0.0,0.0,1.0,0.0,0.0,0.0,1.0,0.0,1.0,0.0,0.0,1.0,0.0,1.0,1.0,1.0,0.0,1.0,0.0,0.0,0.0,0.0,1.0,1.0,0.0,0.0,0.0,0.0,0.0,0.0,1.0,0.0,1.0,1.0,0.0,1.0,1.0,1.0,0.0,0.0,0.0,0.0,0.0,0.0,1.0,1.0,0.0,1.0,1.0,0.0,0.0,0.0,0.0,0.0,1.0,0.0,,0.0,1.0,0.0,1.0,1.0,0.0,0.0,0.0,1.0,1.0,1.0,1.0,0.0,0.0,1.0,1.0,1.0,0.0,1.0,0.0,1.0,1.0,0.0,1.0,1.0,1.0,1.0,1.0,0.0,0.0,0.0,0.0,0.0,1.0,0.0,1.0,,1.0,1.0,0.0,1.0,1.0,1.0,0.0,1.0,1.0,,1.0,1.0,0.0,0.0,1.0,0.0,0.0,1.0,1.0,1.0,0.0,0.0,0.0,1.0,0.0,1.0,1.0,1.0,0.0,0.0,1.0,,1.0,1.0,0.0,1.0,0.0,0.0,1.0,1.0,,,0.0,1.0,1.0,1.0,0.0,,,0.0,0.0,0.0,1.0,1.0,1.0,1.0
Jhonatan de Jesus,1.0,1.0,1.0,1.0,1.0,1.0,,,1.0,1.0,1.0,,1.0,,,,1.0,1.0,,,1.0,0.0,0.0,1.0,1.0,1.0,1.0,1.0,0.0,0.0,,1.0,1.0,0.0,1.0,1.0,1.0,,,,,,0.0,1.0,1.0,1.0,1.0,1.0,1.0,1.0,,,,1.0,0.0,1.0,,,0.0,,0.0,0.0,1.0,1.0,0.0,0.0,0.0,,0.0,1.0,1.0,0.0,1.0,1.0,0.0,,0.0,0.0,0.0,0.0,1.0,,1.0,,1.0,1.0,1.0,,,0.0,0.0,1.0,0.0,0.0,1.0,1.0,0.0,0.0,,0.0,0.0,0.0,0.0,1.0,,1.0,0.0,0.0,0.0,,,1.0,1.0,,0.0,0.0,,0.0,1.0,0.0,1.0,1.0,,,0.0,1.0,1.0,0.0,0.0,0.0,1.0,1.0,1.0,1.0,1.0,1.0,0.0,0.0,1.0,,1.0,,,,1.0,1.0,1.0,1.0,1.0,1.0,1.0,0.0,0.0,,,,1.0,1.0,1.0,1.0,0.0,,,,1.0,1.0,,0.0,1.0,,,,0.0,1.0,,,,,1.0,,1.0,1.0,0.0,0.0,0.0,,,,,1.0,1.0,1.0,1.0,1.0,,,1.0,,,0.0,1.0,,,0.0,,,0.0,,,,,1.0,1.0,1.0,0.0,1.0,1.0,1.0,0.0,,,,,,1.0,0.0,1.0,1.0,,,,,,0.0,0.0,0.0,0.0,0.0,1.0,1.0,,1.0,,,,,,,1.0,0.0,1.0,0.0,,,,,,0.0,0.0,1.0,1.0,1.0,,1.0,1.0,,1.0,1.0,0.0,,0.0,,,,,1.0,,0.0,,0.0,,,0.0,0.0,1.0,0.0,0.0,1.0,1.0,1.0,,1.0,,,0.0,,,0.0,,,,1.0,,0.0,0.0,1.0,1.0,1.0,0.0,1.0,0.0,1.0,0.0,1.0,,,,,1.0,,,,,,,,,,,,,1.0,,1.0,,,,1.0,,,1.0,,1.0,
Jilmar Tatto,1.0,1.0,0.0,0.0,1.0,1.0,0.0,,1.0,,1.0,1.0,,,,,,,1.0,,,,,,1.0,1.0,1.0,1.0,0.0,,0.0,,,1.0,1.0,1.0,,,,,,,0.0,,,,1.0,1.0,1.0,,1.0,0.0,0.0,1.0,,,,1.0,0.0,0.0,0.0,0.0,1.0,1.0,0.0,0.0,,0.0,0.0,1.0,1.0,0.0,,1.0,0.0,1.0,,,0.0,0.0,1.0,1.0,1.0,1.0,1.0,1.0,1.0,1.0,1.0,0.0,,1.0,,0.0,1.0,1.0,0.0,0.0,0.0,1.0,1.0,0.0,0.0,1.0,0.0,1.0,0.0,0.0,0.0,,1.0,1.0,,,0.0,0.0,0.0,0.0,1.0,0.0,1.0,1.0,0.0,,0.0,1.0,1.0,0.0,0.0,,1.0,1.0,1.0,1.0,1.0,1.0,0.0,1.0,1.0,0.0,0.0,0.0,,,0.0,0.0,,,,,,1.0,,0.0,0.0,0.0,,1.0,0.0,1.0,,0.0,,1.0,,1.0,,0.0,1.0,0.0,0.0,0.0,,,,0.0,0.0,0.0,1.0,,1.0,0.0,0.0,0.0,1.0,,,,1.0,,,,1.0,1.0,0.0,0.0,1.0,,,,,,,,,,,,,,,,,,,,1.0,1.0,,,,,,,,,,,,,,,,,,,,,,,,,,,,,,,,,,,,,,,,,,,,,,,,,,,,,,,,,,,,,,,,,,,,,,,,,,,,,,,,,,,,,,,,,,,,,,,,,,,,,,,,,,,,,,,,,,,,,,,,,,,,,,
Joaquim Beltrão,,1.0,1.0,1.0,0.0,0.0,0.0,,,,,,,,,,,,1.0,,,,,,1.0,,,1.0,0.0,0.0,0.0,,,1.0,1.0,,,,,,,,,,,,,1.0,1.0,,1.0,0.0,0.0,,,,,1.0,0.0,0.0,0.0,0.0,,,0.0,,,,1.0,1.0,1.0,0.0,,1.0,0.0,1.0,0.0,0.0,0.0,0.0,,1.0,1.0,1.0,1.0,1.0,1.0,1.0,,0.0,0.0,1.0,,0.0,1.0,1.0,0.0,0.0,,1.0,,0.0,0.0,1.0,1.0,1.0,0.0,0.0,,,1.0,1.0,,,0.0,0.0,0.0,,1.0,0.0,1.0,1.0,0.0,0.0,,1.0,1.0,0.0,0.0,0.0,1.0,1.0,,1.0,1.0,1.0,0.0,,1.0,0.0,,,,,1.0,1.0,1.0,,,,,1.0,0.0,1.0,,0.0,,,0.0,1.0,,,,,1.0,1.0,,0.0,1.0,0.0,,0.0,,,,0.0,0.0,0.0,,,1.0,1.0,,,0.0,,,,,,,,0.0,0.0,,,1.0,,,,,,,,,,,,,,,,,,,,,,,,,,,,,,,,,,,,,,,,,,,,,,,,,,,,,,,,,,,,,,,,,,,,,,,,,,,,,,,,,,,,,,,,,,,,,,,,,,,,,,,,,,,,,,,,,,,,,,,,,,,,,,,,,,,,,,,,,,,,,,,,,,,
Jonas Donizette,1.0,1.0,1.0,0.0,1.0,1.0,0.0,,1.0,,1.0,,,,,,,,1.0,,,,0.0,1.0,1.0,1.0,,0.0,,,,,,0.0,1.0,1.0,,,,,,,0.0,,,,1.0,1.0,1.0,,1.0,0.0,0.0,,,,,1.0,0.0,0.0,0.0,0.0,1.0,1.0,0.0,0.0,0.0,1.0,0.0,1.0,1.0,0.0,,1.0,0.0,1.0,0.0,0.0,0.0,0.0,1.0,1.0,1.0,1.0,1.0,1.0,1.0,,1.0,,0.0,1.0,0.0,0.0,,1.0,0.0,0.0,0.0,1.0,,0.0,,,0.0,,0.0,0.0,0.0,,,1.0,,,0.0,0.0,,0.0,1.0,0.0,1.0,1.0,0.0,0.0,0.0,1.0,1.0,0.0,0.0,0.0,1.0,1.0,1.0,1.0,1.0,1.0,0.0,1.0,,0.0,1.0,1.0,,,0.0,0.0,,,,,,0.0,1.0,0.0,0.0,,,1.0,1.0,,0.0,,0.0,1.0,,1.0,,,1.0,0.0,0.0,0.0,,,,0.0,0.0,1.0,,,,1.0,,,,,,,,,,,,1.0,,,1.0,,,,,,,,,,,,,,,,,,,,1.0,1.0,,,,,,,,,,,,,,,,,,,,,,,,,,,,,,,,,,,,,,,,,,,,,,,,,,,,,,,,,,,,,,,,,,,,,,,,,,,,,,,,,,,,,,,,,,,,,,,,,,,,,,,,,,,,,,,,,,,,,,,,,,,,,,
Jorge Bittar,,,,,,,,1.0,,1.0,,,1.0,,0.0,0.0,0.0,1.0,,0.0,0.0,1.0,,,,,,,,,,1.0,1.0,,,,,0.0,0.0,0.0,0.0,1.0,,1.0,1.0,1.0,,,,1.0,,,,,1.0,0.0,1.0,,,,,,,,,,,,,,,,1.0,,,,,,,,,,,,,,,,,,,,,,,,,,,,,,,,,,,,,0.0,,,1.0,1.0,,,,,,,,,,,,,,,,,,,,,,,,,,,,,0.0,1.0,,,,,1.0,0.0,1.0,,,,,,,,,,,,,,,,,,,,,,,0.0,1.0,,,,,1.0,,,,,,1.0,1.0,1.0,,0.0,1.0,1.0,0.0,1.0,0.0,0.0,1.0,0.0,0.0,0.0,1.0,0.0,1.0,0.0,0.0,1.0,0.0,1.0,1.0,1.0,0.0,,,,0.0,0.0,1.0,1.0,0.0,,,,,,,,,,,,,,,0.0,,,,0.0,,,0.0,1.0,1.0,0.0,0.0,0.0,0.0,0.0,0.0,0.0,,0.0,1.0,,1.0,1.0,0.0,0.0,0.0,1.0,1.0,1.0,1.0,1.0,1.0,1.0,1.0,1.0,0.0,1.0,0.0,1.0,1.0,1.0,1.0,1.0,1.0,1.0,1.0,0.0,0.0,0.0,0.0,0.0,1.0,0.0,1.0,1.0,,1.0,0.0,1.0,1.0,1.0,0.0,1.0,1.0,,1.0,1.0,0.0,0.0,1.0,0.0,0.0,1.0,1.0,1.0,0.0,0.0,0.0,1.0,0.0,1.0,,1.0,0.0,0.0,1.0,0.0,1.0,,,,0.0,0.0,1.0,,,,0.0,1.0,1.0,1.0,0.0,,,0.0,0.0,0.0,1.0,1.0,1.0,1.0
Jorge Boeira,1.0,,1.0,,0.0,0.0,,1.0,1.0,1.0,,1.0,1.0,0.0,1.0,,,,,1.0,1.0,0.0,,1.0,1.0,,1.0,0.0,0.0,1.0,,1.0,1.0,0.0,1.0,1.0,1.0,0.0,0.0,,0.0,,0.0,,1.0,,,,1.0,,1.0,0.0,0.0,1.0,1.0,1.0,1.0,1.0,,0.0,0.0,,,1.0,0.0,0.0,0.0,,,1.0,,,,1.0,0.0,0.0,0.0,,0.0,0.0,1.0,1.0,1.0,1.0,1.0,1.0,1.0,1.0,1.0,0.0,0.0,,,0.0,1.0,1.0,0.0,0.0,0.0,1.0,,0.0,0.0,1.0,,,,0.0,0.0,0.0,1.0,1.0,1.0,1.0,,0.0,0.0,0.0,1.0,0.0,1.0,1.0,0.0,0.0,,1.0,1.0,0.0,,,1.0,1.0,,1.0,1.0,1.0,0.0,1.0,1.0,0.0,0.0,0.0,0.0,1.0,1.0,1.0,1.0,,1.0,,,,0.0,0.0,,0.0,,,0.0,1.0,0.0,,0.0,1.0,1.0,,0.0,,,,0.0,,0.0,1.0,1.0,,0.0,0.0,,1.0,1.0,0.0,0.0,,,1.0,1.0,,,1.0,1.0,,,1.0,,,1.0,1.0,,1.0,0.0,0.0,,,,,,,,,,,0.0,0.0,0.0,,1.0,1.0,0.0,0.0,0.0,0.0,0.0,,0.0,,1.0,,0.0,1.0,1.0,,0.0,0.0,0.0,0.0,0.0,0.0,1.0,1.0,0.0,1.0,,,0.0,1.0,1.0,,,0.0,1.0,,1.0,0.0,1.0,1.0,,0.0,0.0,0.0,1.0,,0.0,1.0,1.0,1.0,1.0,1.0,0.0,1.0,0.0,1.0,1.0,1.0,1.0,,,0.0,1.0,0.0,0.0,0.0,0.0,0.0,1.0,0.0,,1.0,,,0.0,,,,0.0,1.0,1.0,,,0.0,0.0,0.0,,1.0,,,1.0,,,,,,,,0.0,1.0,,,,,,,,,,,,,1.0,1.0,,,1.0,,,0.0,0.0,,,0.0,1.0,,0.0,1.0
Jorge Côrte Real,1.0,1.0,1.0,1.0,0.0,0.0,0.0,,,1.0,1.0,1.0,1.0,0.0,1.0,1.0,0.0,1.0,1.0,1.0,1.0,,0.0,1.0,1.0,,1.0,1.0,0.0,0.0,0.0,1.0,,0.0,1.0,1.0,1.0,0.0,,,,,,1.0,1.0,1.0,1.0,1.0,,1.0,1.0,0.0,0.0,1.0,0.0,1.0,1.0,1.0,0.0,0.0,,0.0,1.0,1.0,0.0,0.0,0.0,1.0,0.0,1.0,1.0,0.0,,0.0,1.0,1.0,0.0,0.0,0.0,0.0,1.0,1.0,1.0,,1.0,1.0,1.0,1.0,1.0,0.0,,,0.0,0.0,1.0,0.0,0.0,0.0,0.0,1.0,1.0,0.0,0.0,1.0,1.0,1.0,0.0,0.0,0.0,0.0,1.0,1.0,1.0,1.0,0.0,0.0,0.0,0.0,1.0,0.0,1.0,1.0,0.0,0.0,0.0,1.0,1.0,0.0,0.0,0.0,1.0,1.0,,,1.0,1.0,0.0,1.0,1.0,0.0,0.0,0.0,,,1.0,1.0,1.0,1.0,1.0,1.0,,1.0,1.0,1.0,0.0,0.0,,1.0,1.0,1.0,0.0,0.0,0.0,0.0,,,0.0,,,0.0,0.0,0.0,0.0,1.0,1.0,0.0,0.0,0.0,1.0,1.0,,1.0,0.0,0.0,0.0,1.0,1.0,1.0,,,,,0.0,,0.0,0.0,,0.0,0.0,0.0,1.0,0.0,,,1.0,1.0,1.0,1.0,,,,1.0,0.0,1.0,,1.0,1.0,1.0,,1.0,1.0,1.0,,0.0,1.0,,1.0,1.0,0.0,1.0,1.0,1.0,0.0,,0.0,0.0,1.0,,1.0,1.0,,1.0,1.0,0.0,1.0,1.0,1.0,,,1.0,1.0,0.0,1.0,0.0,1.0,1.0,,,,,,1.0,1.0,0.0,0.0,1.0,1.0,1.0,0.0,1.0,,1.0,1.0,0.0,1.0,1.0,1.0,,,0.0,0.0,0.0,0.0,0.0,1.0,0.0,1.0,,1.0,,,,1.0,1.0,0.0,1.0,0.0,1.0,1.0,0.0,1.0,1.0,,0.0,0.0,1.0,1.0,1.0,,,,,,1.0,1.0,1.0,0.0,0.0,1.0,0.0,1.0,,,,0.0,1.0,,0.0,0.0,1.0,0.0,1.0,1.0,1.0,1.0,,,1.0,1.0,0.0,1.0,1.0,,1.0
Jorge Pinheiro,,,1.0,0.0,,,,,,,,,,,,,,,,,,,,,,,,,,,,,,,,,,,,,,,,,,,,,,,,0.0,,,,,,,0.0,0.0,0.0,0.0,1.0,,0.0,0.0,0.0,1.0,0.0,1.0,1.0,0.0,,1.0,0.0,1.0,0.0,0.0,0.0,0.0,1.0,1.0,1.0,,1.0,1.0,1.0,1.0,1.0,,0.0,1.0,0.0,,,,,,,,,,,,,,,,0.0,,,,,,,,,,,,,,,,,,,,,,,,,,,,,,,,,,,,,,,,,,,,,,,,,,,,,,,,,,,,,,,,,,,,,,,,,,,,,,,,,,,,,,,,,,,,,,,,,,,,,,,,,,,,,,,,,,,,,,,,,,,,,,,,,,,,,,,,,,,,,,,,,,,,,,,,,,,,,,,,,,,,,,,,,,,,,,,,,,,,,,,,,,,,,,,,,,,,,,,,,,,,,,,,,,,,,,,,,,,,,,,,,,,,,,,,,,,
Jorge Tadeu Mudalen,,1.0,1.0,1.0,0.0,0.0,1.0,1.0,1.0,1.0,1.0,1.0,1.0,0.0,1.0,1.0,1.0,1.0,1.0,1.0,1.0,0.0,0.0,1.0,,1.0,1.0,0.0,1.0,1.0,0.0,,1.0,0.0,1.0,1.0,1.0,1.0,,,,,,1.0,,1.0,1.0,1.0,1.0,,0.0,,,1.0,,,,1.0,,,,,,0.0,,,,,1.0,0.0,1.0,,0.0,,,,,,1.0,1.0,,,1.0,,0.0,0.0,0.0,0.0,,,,0.0,1.0,1.0,,0.0,,,,,,,,,1.0,1.0,,,1.0,0.0,1.0,0.0,1.0,1.0,1.0,,,,,,0.0,0.0,1.0,,1.0,0.0,0.0,1.0,,,,,,,,,,1.0,,1.0,,,,,1.0,1.0,1.0,1.0,,,1.0,0.0,1.0,1.0,1.0,,1.0,1.0,1.0,1.0,,,,0.0,,,,,,,,,0.0,1.0,1.0,,,,1.0,1.0,,1.0,,1.0,0.0,1.0,,1.0,0.0,,,1.0,,1.0,,,,,,0.0,1.0,,,,,1.0,1.0,1.0,1.0,1.0,1.0,,,1.0,1.0,,,,1.0,,,,,,,,,1.0,,,,,,0.0,,,,,0.0,0.0,1.0,1.0,,1.0,1.0,1.0,1.0,,1.0,0.0,1.0,,0.0,1.0,1.0,1.0,,,,,1.0,,1.0,1.0,1.0,1.0,,1.0,,0.0,1.0,1.0,1.0,1.0,1.0,1.0,1.0,0.0,1.0,,,,,,,,,0.0,1.0,1.0,0.0,1.0,1.0,1.0,,1.0,0.0,1.0,0.0,0.0,1.0,1.0,1.0,,,0.0,1.0,1.0,1.0,0.0,,0.0,1.0,1.0,1.0,1.0,,,,1.0,0.0,0.0,1.0,0.0,0.0,1.0,,0.0,0.0,1.0,0.0,0.0,1.0,1.0,1.0,0.0,0.0,1.0,0.0,,,1.0,0.0,1.0
Jorginho Mello,1.0,,1.0,1.0,0.0,0.0,,1.0,,1.0,1.0,1.0,1.0,0.0,1.0,1.0,1.0,1.0,,1.0,1.0,0.0,,,,,1.0,1.0,,,1.0,1.0,1.0,0.0,1.0,1.0,,1.0,1.0,0.0,0.0,0.0,0.0,1.0,,1.0,1.0,1.0,1.0,1.0,,,,,,1.0,1.0,1.0,,,,,,,,,,1.0,1.0,,1.0,,1.0,0.0,,0.0,,,,,,,,1.0,1.0,1.0,,,,1.0,,,1.0,,1.0,1.0,1.0,0.0,0.0,,0.0,,,,0.0,,,,0.0,0.0,1.0,0.0,1.0,1.0,,,,,,,,,,,1.0,0.0,1.0,0.0,,,1.0,1.0,1.0,1.0,,1.0,,,0.0,1.0,1.0,1.0,0.0,1.0,1.0,1.0,1.0,1.0,,1.0,,0.0,1.0,,,0.0,1.0,1.0,1.0,0.0,,,0.0,1.0,1.0,0.0,0.0,,1.0,,,,0.0,,,,,,1.0,1.0,1.0,1.0,,1.0,1.0,1.0,1.0,,,,,1.0,0.0,1.0,,0.0,1.0,,0.0,0.0,1.0,0.0,1.0,,,1.0,0.0,1.0,,1.0,1.0,1.0,0.0,1.0,1.0,1.0,1.0,,,0.0,0.0,1.0,1.0,,1.0,0.0,1.0,1.0,0.0,0.0,1.0,1.0,0.0,0.0,0.0,,1.0,,1.0,,0.0,,,0.0,1.0,1.0,1.0,,1.0,,1.0,0.0,0.0,1.0,1.0,1.0,,,,,,,1.0,1.0,1.0,0.0,,,0.0,,,,1.0,1.0,0.0,1.0,1.0,,,0.0,0.0,,0.0,0.0,1.0,0.0,1.0,1.0,1.0,1.0,,1.0,1.0,1.0,0.0,1.0,,0.0,1.0,0.0,1.0,1.0,1.0,1.0,,,0.0,1.0,,,0.0,1.0,,1.0,,1.0,0.0,0.0,,0.0,1.0,,0.0,,,1.0,,0.0,,,0.0,1.0,1.0,1.0,1.0,0.0,0.0,,,,1.0,1.0,0.0,1.0
Jose Stédile,1.0,1.0,1.0,0.0,1.0,1.0,,1.0,,1.0,1.0,1.0,1.0,,1.0,,1.0,1.0,1.0,1.0,1.0,0.0,0.0,1.0,1.0,1.0,1.0,0.0,,,,1.0,1.0,0.0,1.0,1.0,,0.0,0.0,,0.0,,0.0,1.0,1.0,1.0,1.0,1.0,1.0,1.0,1.0,0.0,0.0,,1.0,1.0,1.0,1.0,0.0,0.0,0.0,0.0,1.0,1.0,0.0,0.0,0.0,1.0,0.0,1.0,,0.0,0.0,1.0,0.0,1.0,,0.0,0.0,0.0,1.0,1.0,1.0,1.0,1.0,1.0,,,,0.0,0.0,1.0,0.0,0.0,1.0,1.0,0.0,0.0,0.0,,1.0,0.0,0.0,1.0,0.0,1.0,0.0,,,0.0,1.0,,1.0,1.0,0.0,0.0,0.0,0.0,1.0,,,,,0.0,,1.0,,0.0,0.0,0.0,1.0,1.0,1.0,1.0,1.0,1.0,,0.0,,0.0,,0.0,0.0,1.0,0.0,1.0,1.0,,1.0,0.0,1.0,,1.0,0.0,0.0,0.0,1.0,1.0,0.0,,0.0,0.0,0.0,1.0,1.0,1.0,,0.0,1.0,0.0,0.0,0.0,1.0,0.0,0.0,0.0,0.0,0.0,,1.0,,1.0,0.0,0.0,1.0,1.0,1.0,1.0,1.0,1.0,1.0,1.0,,1.0,0.0,0.0,1.0,1.0,,,,0.0,,1.0,1.0,1.0,1.0,1.0,1.0,1.0,1.0,1.0,0.0,1.0,0.0,1.0,1.0,1.0,0.0,1.0,1.0,1.0,0.0,0.0,,,1.0,1.0,0.0,,1.0,1.0,0.0,0.0,0.0,,1.0,1.0,1.0,1.0,0.0,1.0,1.0,0.0,1.0,0.0,1.0,0.0,1.0,0.0,1.0,0.0,,,1.0,1.0,0.0,0.0,0.0,1.0,1.0,1.0,0.0,1.0,1.0,0.0,1.0,1.0,,1.0,1.0,1.0,1.0,1.0,1.0,1.0,1.0,0.0,1.0,1.0,,0.0,0.0,0.0,1.0,0.0,1.0,1.0,1.0,1.0,0.0,1.0,1.0,1.0,0.0,1.0,1.0,0.0,1.0,,0.0,0.0,1.0,0.0,0.0,1.0,1.0,1.0,1.0,1.0,1.0,1.0,1.0,1.0,1.0,1.0,1.0,,1.0,1.0,0.0,0.0,0.0,0.0,0.0,1.0,0.0,0.0,0.0,1.0,0.0,0.0,1.0,1.0,1.0,0.0,0.0,0.0,0.0,0.0,1.0,1.0,0.0,1.0
Joseph Bandeira,,,1.0,0.0,,,0.0,,,,,,,,,,,,,,,,,1.0,1.0,1.0,,1.0,0.0,0.0,,,,1.0,1.0,1.0,,,,,,,,,,,1.0,1.0,,,1.0,0.0,0.0,,,,,1.0,,,,,1.0,1.0,0.0,0.0,0.0,,0.0,1.0,1.0,0.0,,1.0,,1.0,0.0,0.0,,,,1.0,,,,1.0,1.0,1.0,1.0,0.0,,1.0,0.0,0.0,,,,,0.0,1.0,1.0,,0.0,1.0,0.0,1.0,0.0,0.0,0.0,,,,,,0.0,0.0,0.0,0.0,1.0,0.0,1.0,1.0,0.0,0.0,0.0,,1.0,0.0,0.0,0.0,1.0,1.0,1.0,,,,0.0,1.0,1.0,0.0,,,,,,,,,,,,,,,,,,1.0,,,,,,,,,,,,,,,,,,,,,,,,,,,,,,,,,,,,,,,,,,,,,,,,,,,,,,,,,,,,,,,,,,,,,,,,,,,,,,,,,,,,,,,,,,,,,,,,,,,,,,,,,,,,,,,,,,,,,,,,,,,,,,,,,,,,,,,,,,,,,,,,,,,,,,,,,,,,,,,,,,,,,,,,,,,,,,,,,,,,,,,,,,
Josias Gomes,1.0,1.0,1.0,0.0,1.0,1.0,0.0,1.0,1.0,1.0,,,1.0,,0.0,0.0,0.0,1.0,1.0,1.0,0.0,1.0,0.0,1.0,1.0,1.0,1.0,1.0,0.0,0.0,0.0,,,1.0,1.0,1.0,1.0,0.0,0.0,0.0,0.0,1.0,0.0,1.0,1.0,1.0,1.0,1.0,1.0,1.0,1.0,0.0,0.0,1.0,0.0,0.0,1.0,1.0,0.0,0.0,0.0,,,1.0,,,,1.0,0.0,,1.0,0.0,1.0,1.0,0.0,1.0,0.0,,0.0,0.0,1.0,1.0,1.0,1.0,1.0,1.0,1.0,1.0,1.0,0.0,0.0,1.0,0.0,0.0,1.0,1.0,,0.0,0.0,1.0,1.0,0.0,0.0,1.0,0.0,1.0,0.0,,,0.0,1.0,1.0,,,,0.0,,,1.0,0.0,1.0,1.0,0.0,,,1.0,1.0,0.0,0.0,0.0,1.0,1.0,1.0,1.0,1.0,1.0,0.0,,1.0,,,,,1.0,0.0,0.0,,,1.0,0.0,1.0,0.0,0.0,0.0,0.0,0.0,1.0,1.0,0.0,1.0,,,,,1.0,1.0,0.0,0.0,1.0,0.0,0.0,0.0,,,1.0,,0.0,,1.0,1.0,1.0,0.0,0.0,0.0,,1.0,1.0,0.0,,0.0,1.0,1.0,0.0,1.0,0.0,,,0.0,0.0,0.0,1.0,0.0,1.0,0.0,0.0,1.0,0.0,1.0,1.0,1.0,,1.0,,0.0,0.0,0.0,,,,0.0,0.0,0.0,0.0,0.0,1.0,0.0,,1.0,0.0,1.0,1.0,1.0,0.0,0.0,0.0,0.0,0.0,0.0,1.0,1.0,0.0,,,0.0,0.0,0.0,0.0,,1.0,0.0,,0.0,1.0,0.0,1.0,1.0,0.0,0.0,0.0,1.0,1.0,,1.0,0.0,0.0,1.0,,1.0,,1.0,0.0,1.0,1.0,0.0,1.0,,,1.0,1.0,0.0,0.0,0.0,0.0,0.0,1.0,0.0,1.0,1.0,1.0,1.0,0.0,1.0,1.0,1.0,,1.0,1.0,,,,0.0,0.0,1.0,0.0,0.0,1.0,1.0,1.0,0.0,0.0,0.0,1.0,0.0,1.0,1.0,1.0,0.0,0.0,1.0,0.0,1.0,1.0,0.0,1.0,0.0,0.0,1.0,1.0,,,0.0,1.0,,,,,,,0.0,0.0,,,,
Josué Bengtson,,1.0,1.0,1.0,0.0,0.0,0.0,1.0,1.0,1.0,1.0,,1.0,,0.0,1.0,0.0,1.0,,1.0,1.0,0.0,0.0,1.0,1.0,,,1.0,0.0,0.0,0.0,1.0,1.0,0.0,1.0,1.0,1.0,1.0,0.0,0.0,0.0,0.0,0.0,1.0,1.0,1.0,,1.0,1.0,1.0,1.0,0.0,0.0,1.0,1.0,1.0,1.0,1.0,,0.0,,0.0,,,,0.0,0.0,1.0,1.0,1.0,1.0,0.0,1.0,1.0,0.0,1.0,,,0.0,0.0,1.0,1.0,,1.0,1.0,1.0,1.0,1.0,1.0,0.0,0.0,1.0,0.0,0.0,,,0.0,0.0,0.0,0.0,1.0,,0.0,0.0,1.0,0.0,0.0,0.0,0.0,,1.0,,,,0.0,0.0,,,1.0,0.0,1.0,1.0,0.0,0.0,0.0,1.0,1.0,,0.0,,1.0,0.0,1.0,1.0,1.0,1.0,0.0,1.0,,0.0,,,1.0,,,,,,1.0,1.0,1.0,0.0,1.0,1.0,0.0,,,1.0,1.0,1.0,0.0,,,1.0,,1.0,0.0,,1.0,,0.0,0.0,1.0,0.0,0.0,,,0.0,1.0,1.0,1.0,1.0,1.0,1.0,0.0,1.0,1.0,,1.0,1.0,1.0,,1.0,,,0.0,,,0.0,,1.0,,,,,1.0,,,1.0,,,1.0,1.0,1.0,1.0,1.0,,,,1.0,1.0,,,0.0,1.0,0.0,1.0,1.0,0.0,,,,0.0,,0.0,,1.0,0.0,1.0,1.0,0.0,1.0,,1.0,1.0,1.0,1.0,0.0,1.0,,1.0,,1.0,,1.0,1.0,0.0,,,1.0,,1.0,0.0,0.0,0.0,1.0,1.0,1.0,0.0,1.0,0.0,0.0,,,,1.0,1.0,1.0,1.0,0.0,,,0.0,0.0,,,1.0,1.0,1.0,,0.0,1.0,1.0,1.0,0.0,1.0,,,,,,1.0,1.0,1.0,,,0.0,,1.0,1.0,0.0,1.0,1.0,1.0,1.0,1.0,0.0,0.0,,1.0,1.0,1.0,0.0,1.0,0.0,1.0,1.0,0.0,0.0,1.0,0.0,1.0,1.0,,,0.0,0.0,1.0,1.0,1.0,1.0,,,1.0
José Airton,1.0,1.0,,,1.0,1.0,,,1.0,1.0,1.0,1.0,1.0,0.0,0.0,,0.0,,,1.0,1.0,,,1.0,1.0,1.0,,0.0,0.0,0.0,,1.0,1.0,1.0,1.0,1.0,1.0,0.0,0.0,,0.0,1.0,,1.0,1.0,1.0,1.0,1.0,1.0,1.0,,,,1.0,,0.0,,,0.0,0.0,,0.0,,,,0.0,,0.0,0.0,1.0,1.0,0.0,1.0,,,,0.0,0.0,0.0,0.0,1.0,1.0,,,1.0,1.0,1.0,1.0,1.0,0.0,0.0,1.0,0.0,0.0,,,0.0,0.0,0.0,,1.0,,0.0,1.0,0.0,1.0,0.0,0.0,,0.0,,1.0,1.0,1.0,0.0,0.0,,,,,,,,,,,,,,0.0,1.0,1.0,1.0,1.0,1.0,,,,1.0,0.0,0.0,0.0,0.0,1.0,,,,1.0,1.0,0.0,1.0,0.0,0.0,0.0,0.0,,1.0,,0.0,,0.0,0.0,,1.0,,,0.0,0.0,1.0,0.0,0.0,0.0,0.0,1.0,1.0,0.0,0.0,0.0,,1.0,1.0,,0.0,0.0,,1.0,1.0,1.0,1.0,0.0,1.0,1.0,1.0,1.0,0.0,0.0,,,0.0,0.0,1.0,,1.0,0.0,0.0,1.0,0.0,1.0,1.0,1.0,0.0,1.0,0.0,0.0,0.0,0.0,,,0.0,0.0,0.0,0.0,0.0,0.0,1.0,0.0,1.0,,0.0,1.0,1.0,1.0,0.0,0.0,,0.0,0.0,,1.0,1.0,0.0,,1.0,0.0,0.0,0.0,,0.0,,0.0,1.0,,,0.0,,1.0,,0.0,0.0,1.0,,1.0,1.0,0.0,0.0,1.0,1.0,1.0,0.0,1.0,0.0,,1.0,0.0,1.0,1.0,,1.0,,0.0,0.0,0.0,0.0,0.0,1.0,0.0,,,1.0,1.0,0.0,,,,0.0,1.0,,,1.0,1.0,0.0,0.0,1.0,,0.0,,0.0,1.0,0.0,0.0,0.0,1.0,0.0,1.0,,,,0.0,1.0,0.0,1.0,,,,,0.0,1.0,,,,,1.0,0.0,1.0,1.0,,,,0.0,0.0,1.0,1.0,1.0,
José Aníbal,,,,,,,,,,,,,,,,,,1.0,,,,,,,,,,,,,,,,,,,,,,,,,,,,1.0,,,,,,,,,,,,,,,,,,,,,,,,,,,1.0,,,,,,,,,,,,,,,,,,,,,,,,,,,,,,,,,,,,,,,,,,,,,,,,,,,,,,,,,,,,,,,,,,,,,,,,,,,1.0,,,,,,,,,,,,,,,,,,,,,,,,,,,,,,,,,,,,,,1.0,1.0,,,,,,,,,,,,,,,,,1.0,,1.0,1.0,,1.0,,0.0,1.0,,,,,,,,,,,,,,,,,,,,,,,,,,,,,,,,,,,,,1.0,,,,,,,,,,,,,,,,,,,,,,,,,,,,,,,,,,,,,,,,,,,1.0,,,,,,,,,,,,,,,,,,,,,,,1.0,1.0,,,,,,,,,,1.0,,,,,0.0,0.0,1.0,0.0,,,,,,,1.0,,,1.0
José Augusto Maia,,1.0,1.0,0.0,1.0,1.0,0.0,,,1.0,,,,,,1.0,1.0,,1.0,1.0,1.0,1.0,0.0,1.0,1.0,1.0,1.0,1.0,,0.0,,1.0,1.0,0.0,1.0,1.0,,0.0,0.0,0.0,0.0,1.0,0.0,1.0,1.0,,1.0,1.0,1.0,,1.0,0.0,0.0,1.0,0.0,,1.0,1.0,,0.0,,0.0,,,0.0,0.0,0.0,1.0,,,1.0,0.0,1.0,0.0,1.0,1.0,0.0,,0.0,0.0,1.0,1.0,1.0,,,1.0,,1.0,1.0,0.0,0.0,1.0,0.0,,1.0,1.0,0.0,0.0,0.0,1.0,,0.0,,1.0,1.0,1.0,,,,,1.0,1.0,1.0,1.0,0.0,,0.0,,1.0,0.0,1.0,1.0,0.0,0.0,0.0,1.0,,0.0,,,1.0,1.0,,,,1.0,,,1.0,0.0,,,,1.0,1.0,1.0,1.0,1.0,,1.0,1.0,,1.0,1.0,0.0,,1.0,1.0,0.0,,0.0,,,,,,0.0,0.0,,0.0,0.0,,1.0,1.0,,0.0,,0.0,1.0,1.0,,1.0,,,,1.0,1.0,1.0,,,,1.0,0.0,,0.0,0.0,1.0,,,,,,,0.0,0.0,1.0,1.0,1.0,1.0,1.0,0.0,1.0,0.0,1.0,1.0,1.0,1.0,1.0,0.0,1.0,,1.0,0.0,0.0,1.0,,,,,1.0,1.0,1.0,0.0,,,,1.0,1.0,,1.0,,1.0,1.0,,1.0,1.0,0.0,,,,1.0,,1.0,0.0,1.0,1.0,0.0,,,1.0,,,,,,,1.0,1.0,0.0,,0.0,1.0,,,,1.0,1.0,,1.0,0.0,0.0,0.0,,0.0,1.0,0.0,,1.0,1.0,1.0,,1.0,,1.0,,1.0,1.0,,1.0,,0.0,0.0,1.0,0.0,0.0,1.0,1.0,1.0,1.0,1.0,,1.0,1.0,1.0,1.0,1.0,,0.0,,0.0,1.0,1.0,,1.0,,0.0,1.0,1.0,,,,1.0,1.0,1.0,,,,1.0,,,1.0,1.0,1.0,1.0
José Carlos Araújo,1.0,1.0,1.0,1.0,0.0,0.0,1.0,1.0,1.0,1.0,1.0,,1.0,0.0,0.0,1.0,1.0,1.0,1.0,1.0,1.0,0.0,0.0,1.0,,1.0,,1.0,0.0,0.0,0.0,1.0,,,1.0,1.0,1.0,1.0,,,,,0.0,1.0,1.0,1.0,1.0,1.0,1.0,1.0,1.0,0.0,,1.0,0.0,1.0,1.0,1.0,0.0,,0.0,0.0,,1.0,,0.0,0.0,1.0,,1.0,1.0,0.0,1.0,1.0,0.0,0.0,0.0,,0.0,0.0,1.0,1.0,1.0,,1.0,1.0,,1.0,1.0,,0.0,1.0,,,1.0,1.0,,,0.0,,,,,,1.0,1.0,0.0,0.0,0.0,0.0,1.0,1.0,1.0,1.0,0.0,0.0,0.0,0.0,1.0,,1.0,1.0,0.0,0.0,0.0,1.0,1.0,0.0,0.0,,1.0,1.0,1.0,1.0,1.0,,0.0,,1.0,0.0,0.0,0.0,0.0,1.0,1.0,1.0,1.0,1.0,1.0,1.0,1.0,0.0,,1.0,0.0,0.0,1.0,1.0,0.0,,0.0,0.0,0.0,0.0,1.0,1.0,0.0,0.0,1.0,0.0,0.0,0.0,,1.0,1.0,0.0,0.0,0.0,,,1.0,1.0,0.0,0.0,0.0,1.0,1.0,1.0,0.0,1.0,1.0,1.0,0.0,1.0,,0.0,,0.0,0.0,0.0,,0.0,1.0,0.0,0.0,,0.0,1.0,1.0,1.0,1.0,1.0,1.0,,,0.0,1.0,,1.0,,0.0,1.0,0.0,0.0,1.0,0.0,1.0,1.0,0.0,1.0,1.0,1.0,0.0,1.0,0.0,0.0,,1.0,1.0,0.0,0.0,1.0,1.0,0.0,,,0.0,0.0,1.0,0.0,1.0,1.0,0.0,1.0,1.0,1.0,0.0,,0.0,1.0,,1.0,1.0,0.0,0.0,,1.0,1.0,0.0,1.0,0.0,1.0,1.0,0.0,1.0,1.0,,0.0,1.0,1.0,,,,,,,0.0,0.0,1.0,1.0,0.0,1.0,1.0,1.0,0.0,1.0,0.0,,0.0,0.0,1.0,1.0,1.0,0.0,0.0,,1.0,,1.0,1.0,0.0,1.0,1.0,1.0,1.0,1.0,0.0,0.0,,1.0,0.0,0.0,,,0.0,1.0,1.0,,1.0,,0.0,,1.0,1.0,0.0,0.0,0.0,1.0,0.0,,1.0,1.0,,
José Carlos Vieira,,,,,,,,,,,,,,,,,,1.0,,,,,,,,,,,,,,,,,,,,,,,,,,1.0,,,,,,,,,,,,,,,,,,,,,,,,,,,,,1.0,,,,,,,,,,,,,,,,,,,,,,,,,,,,,,,,,,,,,,,,,,,,,,,,,,,,,,,,,,,,,,,,,,,,,,,,,,,1.0,,,1.0,,,,,,,,,,,,,,,,,,,,,,,,,,,,,,,,,,,,,1.0,,,,,,,,,,,,,,,,,,1.0,0.0,1.0,1.0,1.0,1.0,,,,,,,,,,,,,,,,,,,,,,,,,,,,,,,,,,,,,,1.0,,,,,,,,,,,,,,,,,,,,,,,,,,,,,,,,,,,,,,,,,1.0,,1.0,,,,,,,,,,,1.0,,,,,,,,,,,,,,0.0,,,1.0,,1.0,0.0,,0.0,,,,,,0.0,1.0,,1.0,1.0,,,1.0,,,,,,
José Chaves,,,1.0,1.0,,,,,,1.0,,1.0,,,,,,1.0,1.0,1.0,1.0,,0.0,1.0,,,1.0,1.0,0.0,0.0,,1.0,1.0,,1.0,1.0,,0.0,,,,,0.0,,,,1.0,1.0,,1.0,1.0,,0.0,1.0,,,,1.0,0.0,0.0,0.0,,1.0,1.0,,0.0,,,,,,0.0,,,,,,,0.0,0.0,1.0,,,,,1.0,1.0,1.0,1.0,,0.0,1.0,0.0,0.0,,0.0,,0.0,,1.0,1.0,0.0,,1.0,,1.0,,0.0,,0.0,1.0,,,,,0.0,,0.0,1.0,0.0,1.0,1.0,0.0,,,1.0,1.0,0.0,,,1.0,1.0,,,1.0,,0.0,,1.0,0.0,,,0.0,,1.0,1.0,1.0,1.0,1.0,,1.0,,1.0,,,0.0,1.0,,,,,,,0.0,,,1.0,,,0.0,,,0.0,1.0,,0.0,0.0,0.0,1.0,1.0,,1.0,0.0,0.0,1.0,,1.0,,,,1.0,1.0,0.0,,,,,,,,,,,,1.0,1.0,,,,,,,,1.0,,1.0,1.0,1.0,,0.0,0.0,,,,1.0,0.0,,1.0,0.0,1.0,1.0,1.0,0.0,,0.0,0.0,1.0,,,1.0,,,,,1.0,1.0,1.0,,1.0,0.0,1.0,,,,1.0,1.0,,,,,1.0,,,,,,,,0.0,,1.0,1.0,,,,,1.0,,,0.0,0.0,0.0,0.0,,,,,,1.0,1.0,,,,,0.0,1.0,,1.0,,,,0.0,1.0,,0.0,1.0,1.0,,,1.0,,,,,1.0,1.0,0.0,0.0,,0.0,1.0,,,,,1.0,1.0,,0.0,1.0,,,,,,0.0,,1.0,,1.0,1.0,1.0,,
José De Filippi,1.0,1.0,1.0,0.0,1.0,1.0,,,1.0,,1.0,1.0,,,,,,,,,,,,1.0,1.0,1.0,1.0,1.0,,0.0,0.0,,,1.0,1.0,1.0,,,,,,,0.0,,,,1.0,,,,1.0,0.0,0.0,,,,,1.0,0.0,0.0,0.0,0.0,,1.0,0.0,0.0,0.0,1.0,0.0,1.0,1.0,0.0,,,,,0.0,0.0,0.0,0.0,1.0,1.0,1.0,1.0,,1.0,1.0,1.0,1.0,0.0,0.0,1.0,,,1.0,1.0,0.0,0.0,0.0,1.0,1.0,0.0,0.0,1.0,0.0,1.0,0.0,0.0,0.0,,,1.0,,,0.0,,,,,,,,,,,,,,,0.0,1.0,1.0,1.0,1.0,1.0,1.0,,1.0,1.0,0.0,0.0,0.0,,,0.0,,1.0,,,,,,,0.0,0.0,0.0,1.0,1.0,0.0,,0.0,0.0,0.0,1.0,1.0,1.0,,,,,0.0,0.0,,,,0.0,0.0,,,,1.0,0.0,0.0,0.0,1.0,,,,,,,,,,,,1.0,,,,,,,,,,,,,,,,,,,,1.0,1.0,,,,,,,,,,,,,,,,,,,,,,,,,,,,,,,,,,,,,,,,,,,,,,,,,,,,,,,,,,,,,,,,,,,,,,,,,,,,,,,,,,,,,,,,,,,,,,,,,,,,,,,,,,,,,,,,,,,,,,,,,,,,,,
José Genoíno,,,,,,,,1.0,,,,,1.0,,,,,,,,,1.0,,,,,,,,,,,,,,,1.0,0.0,0.0,0.0,0.0,1.0,,,,,,,,,,,,,1.0,0.0,,,,,,,,,,,,,,,,,,,,,,,,,,,,,,,,,,,,,,,,,,,,,,,,,,,,,,0.0,,,,,,,,,,,,,,,,,,,,,,,,,,,,,,,,,,,,,,,1.0,0.0,,,,,,,,,,,,,,,,,0.0,,,,,,1.0,0.0,0.0,,,,,,,,,,,,,,,0.0,1.0,1.0,,,,,,0.0,0.0,0.0,1.0,,1.0,,,,,,,,,,0.0,0.0,0.0,0.0,,,0.0,0.0,0.0,0.0,0.0,0.0,1.0,0.0,1.0,1.0,0.0,0.0,1.0,1.0,0.0,0.0,0.0,0.0,0.0,0.0,1.0,1.0,0.0,1.0,,,,,,,,0.0,,0.0,1.0,,,,0.0,0.0,,1.0,1.0,1.0,1.0,1.0,1.0,1.0,1.0,1.0,,,,,1.0,0.0,1.0,,,1.0,,,,,,,,,,1.0,,,,,,,,,,,,,,,,,,,,,,,,,,,,,,,,,,,,,,,,,,,,,,,,,,,,,,,,
José Guimarães,1.0,1.0,1.0,0.0,1.0,1.0,0.0,1.0,1.0,1.0,1.0,1.0,1.0,,1.0,0.0,0.0,,1.0,,1.0,1.0,0.0,1.0,1.0,1.0,1.0,1.0,,0.0,0.0,,1.0,1.0,1.0,1.0,1.0,,,,,,0.0,1.0,,1.0,1.0,1.0,1.0,1.0,1.0,0.0,0.0,1.0,0.0,0.0,,1.0,0.0,0.0,0.0,,,1.0,0.0,0.0,0.0,0.0,0.0,1.0,1.0,,1.0,1.0,0.0,1.0,0.0,0.0,0.0,0.0,1.0,1.0,1.0,1.0,1.0,1.0,1.0,1.0,1.0,0.0,0.0,1.0,0.0,0.0,1.0,1.0,,0.0,,1.0,1.0,0.0,0.0,1.0,0.0,1.0,0.0,0.0,0.0,0.0,1.0,1.0,,1.0,0.0,0.0,0.0,0.0,1.0,0.0,1.0,1.0,0.0,0.0,0.0,1.0,1.0,0.0,0.0,0.0,1.0,1.0,1.0,1.0,1.0,1.0,0.0,1.0,1.0,0.0,0.0,0.0,,,0.0,0.0,,1.0,1.0,0.0,1.0,0.0,,0.0,0.0,,1.0,1.0,0.0,,,0.0,0.0,1.0,1.0,1.0,0.0,0.0,1.0,,,,1.0,1.0,1.0,0.0,0.0,0.0,1.0,1.0,1.0,0.0,0.0,,1.0,1.0,1.0,,1.0,0.0,1.0,1.0,1.0,0.0,0.0,0.0,1.0,0.0,0.0,0.0,1.0,0.0,1.0,0.0,,1.0,0.0,1.0,,,0.0,1.0,0.0,0.0,0.0,0.0,1.0,1.0,0.0,0.0,0.0,0.0,0.0,0.0,,,1.0,,0.0,1.0,1.0,1.0,0.0,0.0,0.0,0.0,0.0,0.0,1.0,1.0,0.0,1.0,1.0,,0.0,0.0,0.0,0.0,1.0,0.0,,0.0,1.0,0.0,1.0,1.0,,0.0,0.0,1.0,,1.0,1.0,0.0,0.0,1.0,1.0,1.0,,,,1.0,1.0,0.0,1.0,1.0,1.0,1.0,1.0,0.0,0.0,0.0,0.0,,1.0,0.0,1.0,1.0,1.0,1.0,0.0,1.0,1.0,1.0,,1.0,1.0,,0.0,1.0,0.0,0.0,1.0,,,,,1.0,0.0,0.0,0.0,1.0,0.0,1.0,1.0,1.0,0.0,0.0,1.0,0.0,1.0,,0.0,,,0.0,1.0,,,,0.0,,1.0,1.0,0.0,,,,0.0,0.0,1.0,1.0,,1.0
José Humberto,1.0,1.0,1.0,1.0,0.0,0.0,1.0,,1.0,1.0,1.0,,1.0,0.0,0.0,1.0,,1.0,,1.0,1.0,0.0,0.0,1.0,0.0,1.0,0.0,1.0,0.0,0.0,0.0,1.0,,0.0,1.0,1.0,1.0,1.0,0.0,0.0,1.0,0.0,0.0,1.0,1.0,1.0,1.0,1.0,1.0,,1.0,0.0,0.0,,0.0,0.0,1.0,1.0,0.0,0.0,0.0,0.0,1.0,1.0,0.0,0.0,0.0,1.0,1.0,,1.0,,1.0,1.0,0.0,1.0,0.0,,0.0,0.0,1.0,1.0,1.0,1.0,1.0,1.0,1.0,1.0,1.0,0.0,0.0,1.0,0.0,0.0,1.0,1.0,0.0,0.0,0.0,0.0,0.0,0.0,0.0,1.0,1.0,0.0,0.0,0.0,0.0,0.0,,1.0,1.0,1.0,0.0,0.0,0.0,0.0,1.0,,1.0,1.0,0.0,0.0,0.0,1.0,1.0,0.0,0.0,0.0,1.0,1.0,1.0,1.0,1.0,1.0,0.0,,1.0,0.0,0.0,0.0,0.0,1.0,1.0,1.0,1.0,,,0.0,1.0,0.0,1.0,1.0,0.0,0.0,,,0.0,,0.0,0.0,0.0,0.0,1.0,,0.0,0.0,1.0,,0.0,0.0,0.0,1.0,1.0,,,0.0,,1.0,1.0,1.0,0.0,,0.0,1.0,1.0,1.0,1.0,1.0,1.0,1.0,,1.0,,,,,0.0,0.0,,0.0,1.0,1.0,1.0,1.0,0.0,,1.0,1.0,0.0,1.0,0.0,0.0,1.0,0.0,1.0,1.0,0.0,1.0,,1.0,0.0,0.0,,,,,,,,,,0.0,0.0,0.0,1.0,,,,0.0,,1.0,,1.0,1.0,0.0,0.0,1.0,,1.0,0.0,1.0,0.0,1.0,1.0,,0.0,0.0,1.0,,,,1.0,1.0,1.0,,1.0,,,,,,1.0,1.0,1.0,1.0,0.0,1.0,0.0,0.0,,0.0,0.0,1.0,,1.0,1.0,1.0,1.0,,1.0,1.0,1.0,0.0,1.0,0.0,1.0,0.0,,1.0,1.0,1.0,1.0,,,0.0,,1.0,1.0,0.0,1.0,1.0,1.0,1.0,1.0,0.0,0.0,,1.0,0.0,,0.0,1.0,0.0,1.0,,0.0,0.0,1.0,0.0,1.0,,1.0,1.0,,,1.0,,0.0,1.0,1.0,0.0,1.0
José Linhares,,1.0,1.0,,0.0,,,,1.0,1.0,,1.0,1.0,,0.0,,,,,,1.0,,1.0,0.0,,1.0,1.0,1.0,0.0,0.0,,1.0,1.0,0.0,1.0,1.0,1.0,,,,,,0.0,,,,1.0,1.0,1.0,1.0,,,,1.0,1.0,,,,0.0,0.0,0.0,0.0,1.0,,,,,0.0,0.0,1.0,1.0,0.0,,,0.0,0.0,,0.0,,,,,,,,1.0,,,,,,,0.0,,1.0,1.0,,,,,1.0,0.0,0.0,1.0,1.0,1.0,0.0,,,0.0,1.0,,1.0,1.0,0.0,0.0,0.0,,1.0,,,,,,,,,,0.0,0.0,1.0,1.0,1.0,1.0,1.0,1.0,0.0,,1.0,,,,,,1.0,1.0,,,1.0,,,0.0,,0.0,,0.0,1.0,0.0,0.0,1.0,0.0,1.0,0.0,1.0,1.0,,,,,,,,0.0,1.0,1.0,,0.0,0.0,1.0,1.0,,1.0,0.0,,0.0,1.0,,1.0,,1.0,1.0,1.0,0.0,,0.0,0.0,,0.0,0.0,0.0,1.0,0.0,,1.0,1.0,,,,,,,,0.0,1.0,,0.0,,,0.0,,,,,0.0,1.0,0.0,1.0,1.0,,,,,0.0,0.0,0.0,0.0,1.0,,1.0,,,1.0,1.0,0.0,1.0,1.0,0.0,,,0.0,,0.0,0.0,,,1.0,,,,,,1.0,,,,,,1.0,0.0,1.0,0.0,1.0,,,,1.0,1.0,1.0,1.0,,,,,,,,,1.0,,,0.0,,1.0,1.0,,,,1.0,0.0,0.0,1.0,1.0,,,1.0,,,,1.0,,0.0,,1.0,,,,,,1.0,,,1.0,,,1.0,1.0,,0.0,1.0,1.0,,,1.0,,,,,1.0,,0.0,,,,
José Mentor,,1.0,1.0,0.0,1.0,1.0,,1.0,1.0,1.0,1.0,,1.0,,,,0.0,,,1.0,1.0,1.0,0.0,1.0,1.0,1.0,1.0,1.0,,0.0,0.0,,1.0,1.0,1.0,1.0,1.0,0.0,0.0,0.0,0.0,1.0,0.0,1.0,1.0,,1.0,,1.0,,1.0,0.0,0.0,,0.0,0.0,1.0,,0.0,,0.0,,,,0.0,,0.0,,,1.0,1.0,,,1.0,0.0,1.0,0.0,0.0,0.0,0.0,1.0,1.0,1.0,,1.0,1.0,1.0,1.0,1.0,0.0,,1.0,,0.0,,,,,0.0,,1.0,,0.0,,,1.0,0.0,0.0,0.0,,,,1.0,1.0,,0.0,0.0,,1.0,0.0,1.0,1.0,0.0,,,1.0,,0.0,0.0,,1.0,1.0,1.0,,1.0,,0.0,1.0,,0.0,0.0,,,,0.0,,1.0,,1.0,0.0,1.0,,0.0,,,,,1.0,0.0,1.0,0.0,,,1.0,1.0,1.0,0.0,,1.0,0.0,0.0,,,1.0,1.0,0.0,,,,1.0,,0.0,0.0,0.0,1.0,,,0.0,1.0,0.0,1.0,1.0,,,,,1.0,0.0,0.0,,,,1.0,,,,,,,,,1.0,,0.0,0.0,,,1.0,,0.0,0.0,0.0,0.0,,,,,1.0,0.0,1.0,1.0,1.0,0.0,,,0.0,0.0,,1.0,1.0,0.0,1.0,1.0,,0.0,0.0,0.0,,1.0,,,0.0,,0.0,1.0,1.0,,0.0,0.0,1.0,1.0,,1.0,1.0,1.0,1.0,,1.0,,1.0,0.0,,1.0,1.0,1.0,,,1.0,,0.0,0.0,0.0,0.0,,1.0,0.0,,,1.0,1.0,,1.0,1.0,1.0,0.0,1.0,0.0,,1.0,,0.0,,1.0,0.0,1.0,1.0,1.0,1.0,,0.0,,,,1.0,1.0,1.0,,,,,,,0.0,1.0,,,,1.0,1.0,,,1.0,,,0.0,,,,,,1.0,1.0,1.0,1.0
José Nunes,,1.0,1.0,,0.0,0.0,0.0,1.0,1.0,1.0,1.0,,1.0,,0.0,1.0,1.0,,,1.0,1.0,0.0,,1.0,1.0,1.0,1.0,1.0,0.0,0.0,0.0,1.0,1.0,0.0,1.0,1.0,1.0,1.0,0.0,,0.0,0.0,0.0,,1.0,,1.0,1.0,1.0,,0.0,,,1.0,0.0,1.0,1.0,1.0,,,,,,,,,,1.0,1.0,0.0,1.0,,1.0,0.0,1.0,0.0,,,1.0,1.0,0.0,,1.0,,,0.0,0.0,0.0,1.0,,,,,1.0,1.0,1.0,,,,0.0,0.0,,,,1.0,1.0,,,,0.0,1.0,,1.0,1.0,0.0,0.0,,0.0,1.0,0.0,1.0,1.0,0.0,,0.0,1.0,1.0,0.0,,0.0,1.0,1.0,1.0,1.0,1.0,1.0,0.0,1.0,1.0,0.0,1.0,0.0,0.0,1.0,1.0,1.0,1.0,,1.0,1.0,,0.0,1.0,1.0,0.0,,,,0.0,,,0.0,0.0,0.0,,1.0,0.0,,1.0,0.0,0.0,0.0,0.0,1.0,1.0,,0.0,0.0,1.0,1.0,,1.0,,,0.0,1.0,1.0,1.0,0.0,1.0,,1.0,0.0,1.0,,,1.0,,,0.0,1.0,0.0,1.0,,1.0,1.0,0.0,1.0,1.0,1.0,1.0,1.0,1.0,1.0,1.0,1.0,1.0,1.0,1.0,0.0,0.0,1.0,0.0,0.0,,,1.0,1.0,0.0,1.0,1.0,1.0,,0.0,,0.0,1.0,1.0,1.0,1.0,0.0,1.0,1.0,,1.0,1.0,0.0,0.0,,,1.0,,,,1.0,,0.0,0.0,0.0,1.0,1.0,1.0,1.0,0.0,0.0,1.0,1.0,1.0,0.0,,1.0,1.0,1.0,0.0,1.0,,,0.0,1.0,0.0,0.0,,,0.0,1.0,0.0,1.0,,1.0,,0.0,,1.0,1.0,0.0,1.0,0.0,1.0,0.0,,1.0,1.0,,,1.0,1.0,,1.0,,1.0,0.0,1.0,,1.0,1.0,1.0,0.0,0.0,1.0,1.0,0.0,0.0,,,0.0,1.0,1.0,0.0,,,,,1.0,1.0,1.0,0.0,0.0,0.0,0.0,0.0,,1.0,,1.0
José Otávio Germano,,1.0,1.0,,,,,,,,,,,,,,,,,1.0,1.0,0.0,,,,,,,,,,0.0,,0.0,,,,,,,,,,,,,,,,,,,,,,,1.0,,,,,,,,,,,,1.0,,1.0,,,0.0,,,,,0.0,0.0,1.0,,1.0,,,,,,,,,,,,,,,,,,,,0.0,,,,,,,0.0,,,,,,,,0.0,,0.0,1.0,,,0.0,,,,,,0.0,1.0,,,,,,0.0,,1.0,,0.0,0.0,,,0.0,1.0,1.0,,,,,,,,,0.0,,,,1.0,0.0,0.0,,0.0,,,,,,,,,,,1.0,,,,,1.0,,,0.0,1.0,,,,,,1.0,1.0,,,,,0.0,,,,,,0.0,,,,,,,,,,,0.0,,,,,,1.0,,,,,,1.0,,1.0,1.0,0.0,,,,,0.0,,0.0,0.0,,,,,,,,,,,,1.0,,,,,,,1.0,,,,,,1.0,,,,,,,0.0,1.0,0.0,1.0,,,,1.0,,,,,,,,,,,,,,,0.0,1.0,,,,1.0,,0.0,,,,1.0,,0.0,,,1.0,,,,,,,,,,,,,,,1.0,,,,,,,,,,,1.0,,,,,1.0,,,,,,
José Priante,,1.0,1.0,1.0,0.0,0.0,,,1.0,1.0,1.0,,1.0,0.0,0.0,1.0,,1.0,,1.0,1.0,1.0,,,,1.0,,1.0,,0.0,0.0,1.0,1.0,0.0,,,1.0,0.0,1.0,1.0,1.0,0.0,,,1.0,1.0,1.0,,,,1.0,0.0,0.0,1.0,0.0,1.0,,,,,0.0,0.0,1.0,1.0,,0.0,,,,,1.0,0.0,,,,1.0,,,0.0,0.0,1.0,1.0,1.0,,1.0,1.0,1.0,1.0,1.0,0.0,0.0,1.0,0.0,0.0,,1.0,0.0,0.0,0.0,1.0,1.0,,,1.0,,1.0,,0.0,0.0,0.0,1.0,1.0,1.0,,0.0,0.0,,,,0.0,1.0,,,,,,1.0,,,0.0,1.0,1.0,1.0,,,,0.0,,0.0,0.0,0.0,0.0,,,,1.0,1.0,1.0,1.0,0.0,1.0,,1.0,,,,1.0,,,,,,,,,,0.0,,,,,,1.0,0.0,,,,,,1.0,,1.0,,,,1.0,1.0,1.0,,1.0,1.0,,,1.0,,,,,,,1.0,0.0,1.0,,,,0.0,1.0,1.0,,,,,,,0.0,1.0,,,1.0,,,,0.0,,,1.0,,0.0,0.0,,,0.0,0.0,,0.0,1.0,0.0,1.0,,,1.0,,,,,,,1.0,,,,0.0,0.0,1.0,1.0,,,0.0,,,,1.0,,,,,,0.0,,,1.0,,,,,,1.0,1.0,0.0,,,0.0,,,,1.0,,,1.0,,,,1.0,,1.0,0.0,1.0,1.0,0.0,,,1.0,1.0,,0.0,0.0,1.0,1.0,1.0,0.0,1.0,1.0,,1.0,1.0,0.0,0.0,,0.0,,,0.0,1.0,,,1.0,0.0,,1.0,,,1.0,1.0,0.0,0.0,0.0,,,0.0,,1.0,,1.0
José Rocha,1.0,1.0,1.0,,,,,,,1.0,1.0,,1.0,,,1.0,1.0,,,1.0,1.0,1.0,,1.0,0.0,1.0,1.0,1.0,0.0,0.0,0.0,1.0,1.0,0.0,1.0,1.0,1.0,1.0,0.0,0.0,1.0,0.0,,,1.0,,1.0,,1.0,1.0,1.0,0.0,0.0,,,1.0,1.0,,0.0,0.0,0.0,0.0,1.0,,,0.0,0.0,,,1.0,1.0,0.0,1.0,,,1.0,0.0,,0.0,0.0,1.0,1.0,1.0,1.0,,1.0,1.0,1.0,1.0,0.0,0.0,1.0,,,1.0,1.0,0.0,0.0,0.0,,0.0,,0.0,1.0,1.0,,0.0,0.0,0.0,0.0,1.0,1.0,1.0,1.0,,0.0,0.0,0.0,1.0,0.0,1.0,,0.0,0.0,0.0,1.0,1.0,0.0,0.0,0.0,1.0,1.0,1.0,1.0,1.0,1.0,,0.0,,0.0,0.0,0.0,0.0,1.0,,1.0,1.0,1.0,1.0,1.0,,0.0,1.0,,,0.0,,1.0,1.0,,0.0,0.0,,0.0,,,0.0,,,0.0,0.0,0.0,0.0,1.0,1.0,0.0,0.0,1.0,1.0,,,,,,1.0,1.0,1.0,,,1.0,1.0,1.0,0.0,,0.0,0.0,,0.0,0.0,,1.0,0.0,,0.0,0.0,1.0,1.0,1.0,1.0,,,1.0,,0.0,0.0,,,,0.0,0.0,,0.0,1.0,0.0,1.0,,0.0,,0.0,0.0,1.0,1.0,0.0,,,0.0,0.0,,1.0,1.0,,1.0,1.0,0.0,1.0,0.0,0.0,,,0.0,1.0,0.0,,0.0,,1.0,0.0,,,1.0,1.0,,1.0,0.0,0.0,1.0,1.0,1.0,,,1.0,1.0,1.0,0.0,1.0,1.0,1.0,0.0,1.0,0.0,0.0,0.0,0.0,0.0,1.0,0.0,,,1.0,,,1.0,1.0,1.0,0.0,1.0,0.0,,0.0,,1.0,1.0,,0.0,1.0,1.0,1.0,1.0,1.0,,,,1.0,1.0,1.0,1.0,0.0,0.0,1.0,,,,0.0,1.0,,1.0,1.0,,0.0,,0.0,,,1.0,1.0,,,1.0,1.0,,1.0,1.0,0.0,1.0
Jovair Arantes,1.0,,1.0,1.0,,,,,1.0,1.0,,1.0,1.0,,0.0,1.0,0.0,,1.0,1.0,1.0,1.0,,1.0,1.0,,,,,,,,1.0,0.0,1.0,1.0,,,,,,,0.0,1.0,1.0,1.0,1.0,1.0,1.0,,1.0,0.0,0.0,1.0,0.0,1.0,,,0.0,0.0,,,,,0.0,0.0,0.0,,,1.0,,0.0,1.0,1.0,0.0,1.0,,,0.0,0.0,1.0,1.0,1.0,,,1.0,1.0,,,0.0,0.0,1.0,0.0,0.0,,0.0,0.0,,,,1.0,0.0,0.0,,,,0.0,0.0,0.0,0.0,,0.0,,,,,,,,,,,,,,,,,,0.0,1.0,1.0,1.0,1.0,1.0,,,1.0,,0.0,0.0,,,,1.0,,1.0,,1.0,,,,,,,,1.0,1.0,1.0,1.0,0.0,0.0,,,1.0,1.0,,,,0.0,,,0.0,,,,,,,,,1.0,0.0,,,,,1.0,,1.0,1.0,1.0,,,,,,,,,,0.0,,,0.0,1.0,,1.0,,,,1.0,1.0,1.0,1.0,,,,,,,,,0.0,1.0,0.0,1.0,,0.0,0.0,1.0,,0.0,,0.0,,1.0,,1.0,1.0,0.0,1.0,,,1.0,,1.0,,1.0,1.0,1.0,0.0,1.0,,,1.0,0.0,,,,1.0,1.0,,1.0,1.0,0.0,,,,,,0.0,1.0,1.0,1.0,1.0,1.0,1.0,,0.0,1.0,0.0,,0.0,1.0,0.0,,1.0,,,0.0,,,1.0,,1.0,,,,,,1.0,,0.0,0.0,1.0,1.0,,,1.0,,1.0,,1.0,1.0,1.0,,0.0,,0.0,1.0,,,,,,1.0,,0.0,1.0,0.0,,,,,0.0,0.0,,,,1.0,1.0,,1.0
João Ananias,1.0,1.0,,,0.0,1.0,0.0,1.0,,1.0,,1.0,,0.0,,,0.0,1.0,1.0,1.0,1.0,1.0,0.0,1.0,1.0,1.0,1.0,0.0,0.0,0.0,0.0,1.0,1.0,0.0,,1.0,1.0,1.0,1.0,0.0,0.0,1.0,0.0,1.0,1.0,,1.0,1.0,1.0,1.0,1.0,,,1.0,1.0,,,1.0,0.0,0.0,0.0,0.0,,1.0,0.0,0.0,0.0,1.0,0.0,1.0,1.0,0.0,0.0,,,,0.0,0.0,0.0,0.0,1.0,,1.0,,1.0,1.0,1.0,1.0,1.0,0.0,0.0,1.0,,0.0,1.0,1.0,,0.0,0.0,1.0,1.0,0.0,0.0,1.0,0.0,,0.0,0.0,,0.0,1.0,0.0,,1.0,0.0,0.0,0.0,0.0,1.0,0.0,1.0,1.0,0.0,0.0,0.0,1.0,1.0,0.0,,,,1.0,1.0,1.0,1.0,1.0,0.0,1.0,1.0,0.0,,,0.0,1.0,0.0,1.0,,1.0,1.0,0.0,1.0,0.0,,0.0,,,,,0.0,,0.0,,,,1.0,1.0,0.0,0.0,1.0,0.0,0.0,0.0,0.0,1.0,,0.0,0.0,0.0,1.0,1.0,1.0,,0.0,0.0,,1.0,1.0,0.0,,0.0,,1.0,1.0,,,,,0.0,,,,0.0,,0.0,0.0,1.0,0.0,1.0,1.0,1.0,0.0,1.0,0.0,0.0,,0.0,,,0.0,0.0,0.0,0.0,1.0,0.0,1.0,,,1.0,0.0,1.0,1.0,1.0,0.0,0.0,,0.0,0.0,1.0,1.0,1.0,,1.0,1.0,0.0,0.0,0.0,,0.0,1.0,0.0,,0.0,,0.0,1.0,1.0,0.0,0.0,0.0,1.0,1.0,,,0.0,0.0,1.0,1.0,1.0,0.0,,0.0,1.0,1.0,0.0,1.0,1.0,1.0,1.0,1.0,0.0,0.0,0.0,0.0,0.0,1.0,0.0,,,,1.0,0.0,0.0,1.0,1.0,0.0,1.0,,,0.0,1.0,,0.0,1.0,1.0,1.0,,0.0,1.0,1.0,0.0,0.0,1.0,1.0,1.0,0.0,1.0,0.0,0.0,1.0,,1.0,,0.0,1.0,0.0,0.0,1.0,1.0,,0.0,,1.0,1.0,1.0,1.0,,,,0.0,0.0,1.0,,1.0,1.0
João Arruda,1.0,,1.0,1.0,0.0,0.0,0.0,1.0,1.0,1.0,1.0,1.0,,0.0,0.0,1.0,,,1.0,0.0,0.0,1.0,0.0,1.0,1.0,,1.0,1.0,,0.0,0.0,1.0,1.0,0.0,,1.0,1.0,0.0,1.0,1.0,,,0.0,,1.0,1.0,,1.0,1.0,,1.0,,0.0,1.0,0.0,1.0,1.0,1.0,0.0,0.0,0.0,0.0,1.0,1.0,,0.0,0.0,0.0,1.0,1.0,1.0,0.0,,1.0,0.0,1.0,0.0,0.0,0.0,0.0,1.0,1.0,,1.0,1.0,1.0,1.0,,1.0,0.0,0.0,1.0,,0.0,1.0,,0.0,0.0,0.0,0.0,1.0,0.0,0.0,1.0,0.0,1.0,0.0,0.0,,0.0,1.0,1.0,,1.0,0.0,0.0,0.0,0.0,1.0,0.0,1.0,1.0,0.0,0.0,0.0,1.0,1.0,0.0,0.0,,1.0,,1.0,1.0,1.0,1.0,0.0,,1.0,0.0,,,0.0,1.0,0.0,1.0,1.0,1.0,,,1.0,,0.0,1.0,0.0,0.0,,,0.0,1.0,,0.0,0.0,,1.0,1.0,,0.0,1.0,0.0,0.0,0.0,0.0,1.0,1.0,0.0,0.0,0.0,1.0,,1.0,1.0,0.0,0.0,0.0,1.0,1.0,1.0,1.0,1.0,1.0,1.0,0.0,,0.0,,1.0,0.0,,0.0,1.0,,1.0,0.0,0.0,1.0,0.0,1.0,,,,,0.0,,0.0,0.0,1.0,,1.0,,,,,,,,,,,,,,,0.0,,,,0.0,,,,1.0,1.0,0.0,,,,0.0,1.0,0.0,1.0,,0.0,,1.0,,,0.0,0.0,,1.0,1.0,1.0,1.0,1.0,0.0,1.0,,0.0,0.0,1.0,1.0,1.0,1.0,1.0,1.0,1.0,,1.0,0.0,1.0,0.0,0.0,,,0.0,,1.0,1.0,1.0,0.0,,,1.0,,1.0,0.0,,1.0,0.0,1.0,1.0,,0.0,0.0,1.0,1.0,1.0,1.0,,0.0,1.0,1.0,,1.0,1.0,,,0.0,,,1.0,0.0,,,,1.0,0.0,,,0.0,1.0,,1.0,0.0,0.0,0.0,1.0,1.0,,1.0,,0.0,1.0
João Bittar,1.0,1.0,,,0.0,0.0,1.0,,1.0,1.0,,1.0,1.0,0.0,1.0,1.0,1.0,1.0,1.0,,1.0,0.0,0.0,1.0,1.0,1.0,1.0,0.0,0.0,1.0,,1.0,1.0,0.0,,,,0.0,0.0,0.0,0.0,1.0,,1.0,1.0,,1.0,1.0,,1.0,,,,1.0,,,1.0,,,,,,0.0,,,,,,1.0,,1.0,,0.0,,,,,,1.0,1.0,0.0,,1.0,,0.0,0.0,0.0,,,,,,1.0,1.0,1.0,1.0,,,0.0,,0.0,,,,,1.0,,,,,1.0,0.0,,,1.0,,,,,,,,,,,1.0,1.0,0.0,,,1.0,1.0,,1.0,1.0,,,1.0,0.0,1.0,1.0,1.0,0.0,1.0,1.0,1.0,1.0,1.0,,,,,0.0,0.0,0.0,,,,1.0,1.0,,0.0,,1.0,1.0,,0.0,0.0,1.0,,,,0.0,1.0,1.0,,,0.0,1.0,1.0,,1.0,,1.0,,1.0,1.0,,1.0,,,1.0,1.0,0.0,1.0,1.0,1.0,0.0,0.0,0.0,1.0,,,1.0,1.0,1.0,1.0,1.0,1.0,1.0,1.0,1.0,0.0,1.0,,0.0,1.0,1.0,1.0,0.0,0.0,1.0,0.0,0.0,1.0,0.0,1.0,,,1.0,1.0,1.0,,0.0,0.0,,0.0,1.0,,,,1.0,1.0,,1.0,1.0,1.0,,,0.0,1.0,0.0,1.0,1.0,,1.0,,,,,1.0,1.0,1.0,1.0,1.0,0.0,,,,,,1.0,,,,1.0,1.0,,,,,,,,,,,,1.0,,0.0,1.0,1.0,1.0,,1.0,,1.0,0.0,0.0,,1.0,1.0,0.0,,,1.0,1.0,1.0,0.0,,0.0,1.0,1.0,1.0,1.0,,,1.0,1.0,0.0,0.0,1.0,1.0,0.0,1.0,1.0,0.0,0.0,1.0,0.0,0.0,1.0,1.0,1.0,,,1.0,,,1.0,,0.0,1.0
João Caldas,,,,,,,,,,,,1.0,,,,,,,,,,,,,,,,,,,,,,,,,,,,,,,,,,,,,,,,,,,,,1.0,,,,,,,,,,,,,,,,,,,,,,,,,,,,,,,,,,,,,,,,,,,,,,,,,,,,,,,,,1.0,,,,,,,,,,,,,,,,,,,,,,,,,,,,,,,,,,,,,,,,,,,,,,,,,,,,,,,,,0.0,,,,,,0.0,0.0,,,1.0,,,0.0,,,,,,,,,,,,,,,,,,,,,,,,,,,,,,,,,,,,,,,,,,,,,,,,,,,,,,,,,,,,,,,,,,,,,,,1.0,1.0,,,,,,,,,,,,,,,,,,,,,,,,,,,,,,,,,,,,,,1.0,,1.0,,,,,,,,,,,,1.0,,,,,,,,,,,,0.0,1.0,,,,,,,0.0,,,,,,,,,,1.0,1.0,,,,,
João Campos,1.0,1.0,1.0,1.0,0.0,0.0,1.0,1.0,1.0,,1.0,1.0,1.0,,1.0,1.0,1.0,,,1.0,1.0,0.0,0.0,,1.0,1.0,1.0,,0.0,1.0,,1.0,1.0,0.0,1.0,1.0,,1.0,,,1.0,0.0,,,,,1.0,,1.0,1.0,0.0,,,1.0,,,,,,,,,,0.0,,,,1.0,,0.0,1.0,1.0,1.0,,1.0,0.0,,,1.0,1.0,0.0,,1.0,,,0.0,0.0,0.0,1.0,,,0.0,,,,,0.0,,0.0,0.0,0.0,,,,,,,,1.0,1.0,,,1.0,1.0,1.0,,,,,,,,1.0,,,,0.0,,,,,,,,,,,,0.0,,1.0,1.0,0.0,1.0,1.0,1.0,1.0,1.0,1.0,1.0,,0.0,1.0,0.0,1.0,,1.0,1.0,,0.0,,,,,,,1.0,,1.0,,,,0.0,1.0,1.0,,,1.0,1.0,1.0,0.0,0.0,,,0.0,1.0,1.0,1.0,,1.0,1.0,1.0,0.0,,,,1.0,1.0,,,,,,,,1.0,1.0,1.0,,1.0,0.0,1.0,1.0,1.0,1.0,0.0,1.0,1.0,1.0,1.0,,,,,,,,,,,,,,0.0,,,,1.0,,,1.0,,,1.0,1.0,,0.0,,,,1.0,,,1.0,1.0,,0.0,,,1.0,1.0,1.0,,,,,,,0.0,,1.0,1.0,,1.0,,1.0,1.0,0.0,1.0,1.0,,1.0,0.0,,,,0.0,1.0,,,0.0,,,,,1.0,1.0,,0.0,,1.0,1.0,,,0.0,1.0,1.0,1.0,1.0,,1.0,,1.0,1.0,1.0,1.0,,,1.0,,,,1.0,,0.0,1.0,1.0,,,,0.0,,1.0,1.0,1.0,0.0,0.0,1.0,,,1.0,1.0,0.0,1.0
João Carlos Bacelar,1.0,1.0,1.0,0.0,0.0,,0.0,1.0,,1.0,1.0,,,0.0,,1.0,,,,0.0,0.0,1.0,0.0,1.0,1.0,1.0,,,,,,1.0,1.0,,1.0,1.0,,,0.0,,,1.0,,1.0,,,,1.0,,,1.0,,0.0,,,,1.0,1.0,,0.0,0.0,,,,,,0.0,,0.0,1.0,,,,1.0,0.0,1.0,0.0,,0.0,0.0,1.0,1.0,,,1.0,,1.0,1.0,,,,,,,1.0,1.0,,0.0,,,,,,,,,,,0.0,0.0,,1.0,,1.0,,0.0,0.0,0.0,1.0,,1.0,1.0,,,0.0,1.0,1.0,0.0,,0.0,,1.0,1.0,1.0,1.0,,,,,,0.0,0.0,0.0,1.0,0.0,0.0,1.0,,,,1.0,,0.0,1.0,0.0,,,,1.0,1.0,,,,1.0,,,,0.0,1.0,,0.0,0.0,,,,,,,,1.0,1.0,1.0,,0.0,,,,1.0,,1.0,1.0,,1.0,0.0,,0.0,1.0,,,,,,,,0.0,1.0,0.0,,,,,,,,,,1.0,1.0,,,,,,,,,,,,,,,,,,,,,,,,,1.0,,,,,,1.0,,,0.0,,,1.0,,,,,,,,,,,,,,0.0,1.0,1.0,,1.0,0.0,1.0,,,,,,1.0,0.0,,0.0,,,,,1.0,1.0,,,,1.0,,1.0,,0.0,1.0,,,1.0,,0.0,,1.0,1.0,1.0,,,,,,,1.0,,0.0,,,,,1.0,0.0,,,1.0,,1.0,,,,,,1.0,0.0,0.0,0.0,1.0,1.0,,1.0,1.0,,1.0
João Dado,1.0,1.0,1.0,0.0,0.0,0.0,1.0,1.0,,1.0,1.0,1.0,1.0,0.0,1.0,1.0,1.0,1.0,1.0,1.0,1.0,0.0,0.0,1.0,0.0,,1.0,0.0,,,,1.0,1.0,1.0,1.0,1.0,1.0,0.0,0.0,,0.0,1.0,0.0,1.0,1.0,,1.0,1.0,1.0,1.0,,,,,0.0,,1.0,1.0,0.0,0.0,0.0,0.0,,,0.0,0.0,,,,,1.0,0.0,0.0,1.0,,1.0,0.0,0.0,0.0,1.0,1.0,,1.0,,1.0,1.0,,,1.0,0.0,0.0,0.0,0.0,1.0,1.0,1.0,,,,,1.0,0.0,,,1.0,1.0,,,0.0,0.0,1.0,1.0,,,0.0,0.0,0.0,0.0,1.0,0.0,1.0,1.0,0.0,0.0,,1.0,1.0,0.0,,0.0,1.0,1.0,1.0,1.0,1.0,1.0,0.0,0.0,1.0,0.0,1.0,1.0,0.0,1.0,1.0,,1.0,1.0,1.0,1.0,1.0,,1.0,0.0,0.0,0.0,,1.0,,1.0,0.0,0.0,,,1.0,1.0,,0.0,1.0,0.0,0.0,0.0,,1.0,1.0,,0.0,,1.0,1.0,0.0,1.0,0.0,0.0,1.0,1.0,1.0,1.0,,1.0,1.0,1.0,0.0,1.0,0.0,,,,,1.0,,,,0.0,0.0,1.0,1.0,1.0,1.0,0.0,0.0,1.0,0.0,,0.0,0.0,,1.0,0.0,0.0,1.0,0.0,0.0,0.0,,0.0,1.0,1.0,,0.0,1.0,1.0,0.0,1.0,,0.0,1.0,0.0,,0.0,,,1.0,,0.0,,0.0,0.0,1.0,1.0,1.0,,,,1.0,,0.0,,,1.0,1.0,,,1.0,1.0,1.0,1.0,1.0,,1.0,1.0,1.0,1.0,1.0,,1.0,1.0,0.0,1.0,1.0,0.0,,0.0,0.0,,,0.0,1.0,1.0,1.0,0.0,1.0,1.0,1.0,,1.0,,0.0,1.0,,,0.0,1.0,0.0,,,1.0,,,0.0,0.0,1.0,,1.0,1.0,1.0,,,1.0,1.0,,1.0,1.0,1.0,0.0,1.0,,0.0,,,0.0,0.0,1.0,1.0,1.0,0.0,0.0,1.0,1.0,0.0,1.0,1.0,0.0,1.0
João Leão,1.0,1.0,,,,,,,,1.0,1.0,,,,1.0,1.0,1.0,,,1.0,1.0,1.0,,,,,,,,,,1.0,1.0,,,,1.0,1.0,,0.0,,0.0,,1.0,1.0,,,,1.0,1.0,,,,1.0,1.0,1.0,,,0.0,,0.0,,,,,,,,,,,,1.0,,,,,,0.0,0.0,1.0,,1.0,1.0,,,,,,,,,,,1.0,,,,,,,,,,,,,,,0.0,1.0,,,1.0,,,,,,,,,,,,,,,,,,,,,,,,,,,0.0,,,,0.0,1.0,1.0,1.0,1.0,0.0,,1.0,,,,0.0,1.0,,0.0,,0.0,0.0,,1.0,1.0,1.0,,0.0,1.0,,0.0,0.0,1.0,1.0,1.0,,0.0,,,,,1.0,0.0,,0.0,1.0,,1.0,,1.0,1.0,1.0,1.0,,0.0,,1.0,0.0,,,1.0,,1.0,0.0,0.0,1.0,0.0,,,,,1.0,0.0,,0.0,0.0,,,0.0,0.0,0.0,0.0,0.0,0.0,1.0,,1.0,1.0,0.0,1.0,1.0,1.0,,0.0,0.0,0.0,0.0,0.0,1.0,1.0,,1.0,1.0,0.0,0.0,0.0,0.0,0.0,,0.0,1.0,,0.0,0.0,1.0,1.0,0.0,0.0,,1.0,,1.0,1.0,,,,1.0,1.0,,,,,1.0,0.0,1.0,1.0,1.0,1.0,,0.0,0.0,0.0,,0.0,1.0,0.0,1.0,1.0,,,,1.0,1.0,1.0,,1.0,0.0,,1.0,,0.0,,1.0,1.0,0.0,1.0,1.0,,0.0,0.0,,1.0,0.0,1.0,1.0,1.0,,,1.0,,,1.0,,,0.0,0.0,1.0,,,,,1.0,,,,,,,,0.0,1.0,1.0,,1.0
João Lyra,1.0,,1.0,1.0,,,,1.0,,1.0,,,1.0,0.0,,,,,,1.0,,0.0,0.0,1.0,1.0,1.0,,,,,,1.0,1.0,0.0,1.0,,,,,,,,,,1.0,,1.0,,1.0,1.0,,,,1.0,,,,,,,,0.0,,,,,,1.0,0.0,1.0,,0.0,,1.0,0.0,1.0,,0.0,0.0,0.0,1.0,,,,1.0,1.0,1.0,1.0,1.0,,,,,,1.0,1.0,0.0,0.0,0.0,1.0,1.0,0.0,0.0,1.0,,1.0,0.0,0.0,,1.0,1.0,,1.0,1.0,,,,,,,,,,,,,,,,0.0,1.0,1.0,1.0,,1.0,1.0,,,1.0,0.0,0.0,0.0,0.0,1.0,,,,,1.0,1.0,,,,,,0.0,1.0,1.0,0.0,,,,,,,,,,,,,,,,1.0,,,,,,,,,,,,,,0.0,,,,0.0,1.0,1.0,1.0,1.0,,,0.0,1.0,,,1.0,1.0,,,,,,,,,,1.0,1.0,1.0,1.0,1.0,,,,,,,,,,,,,,,0.0,,,,1.0,,,0.0,1.0,,,,,,,,,,,,,,1.0,0.0,0.0,0.0,1.0,,1.0,,,,,,,0.0,1.0,1.0,,,1.0,1.0,,1.0,,1.0,1.0,0.0,,,,,,,0.0,1.0,,,,,,,,0.0,,,0.0,1.0,,,0.0,0.0,1.0,1.0,,,,,,,,,,0.0,0.0,,1.0,0.0,,,,,,,,1.0,0.0,,,,,,,,,,,,,,
João Magalhães,1.0,1.0,1.0,1.0,0.0,,,1.0,1.0,1.0,,1.0,1.0,0.0,0.0,1.0,1.0,1.0,,1.0,1.0,1.0,0.0,1.0,1.0,1.0,,1.0,0.0,0.0,0.0,,1.0,0.0,,1.0,1.0,1.0,,1.0,1.0,0.0,0.0,1.0,1.0,,1.0,1.0,1.0,1.0,1.0,,0.0,,0.0,,1.0,1.0,0.0,0.0,,,1.0,1.0,,0.0,,1.0,1.0,1.0,1.0,0.0,1.0,1.0,,1.0,0.0,0.0,0.0,0.0,1.0,1.0,1.0,1.0,,1.0,1.0,,1.0,,0.0,1.0,,0.0,1.0,,,0.0,,,1.0,0.0,,1.0,1.0,,0.0,,,0.0,1.0,,1.0,1.0,0.0,0.0,0.0,0.0,1.0,0.0,1.0,1.0,0.0,0.0,0.0,,1.0,0.0,0.0,0.0,1.0,1.0,1.0,1.0,1.0,1.0,0.0,,,,,,0.0,1.0,1.0,1.0,1.0,1.0,1.0,0.0,1.0,,0.0,1.0,0.0,0.0,1.0,,1.0,,0.0,,0.0,0.0,1.0,1.0,0.0,,,0.0,0.0,0.0,0.0,1.0,1.0,,0.0,0.0,1.0,1.0,1.0,1.0,0.0,,0.0,1.0,1.0,1.0,1.0,1.0,1.0,1.0,1.0,0.0,0.0,,1.0,0.0,0.0,,1.0,0.0,1.0,,1.0,1.0,,1.0,,1.0,1.0,1.0,0.0,0.0,,0.0,1.0,,1.0,1.0,,,,,1.0,0.0,1.0,,0.0,0.0,1.0,1.0,0.0,0.0,0.0,0.0,1.0,0.0,1.0,1.0,0.0,1.0,1.0,0.0,1.0,,,0.0,1.0,1.0,1.0,0.0,0.0,0.0,,1.0,0.0,0.0,,1.0,,,1.0,0.0,0.0,1.0,,1.0,0.0,0.0,1.0,,1.0,1.0,1.0,1.0,1.0,1.0,1.0,0.0,1.0,0.0,0.0,0.0,1.0,0.0,1.0,1.0,1.0,1.0,0.0,,1.0,1.0,0.0,1.0,0.0,,,,1.0,1.0,,1.0,1.0,0.0,0.0,1.0,1.0,1.0,0.0,1.0,1.0,1.0,1.0,1.0,0.0,0.0,1.0,0.0,,,0.0,1.0,0.0,1.0,1.0,0.0,0.0,1.0,0.0,,1.0,1.0,1.0,0.0,0.0,1.0,1.0,,,1.0,0.0,1.0
João Maia,,1.0,1.0,1.0,,0.0,,,,1.0,1.0,1.0,,,0.0,,,,,,,,,1.0,,1.0,,1.0,,,0.0,,,,,1.0,,,,,,,,,,1.0,,,,,,0.0,,1.0,,,,,,,0.0,0.0,1.0,1.0,0.0,,0.0,1.0,0.0,1.0,,0.0,,1.0,,1.0,,0.0,0.0,,,,1.0,,,,,,,0.0,,,0.0,0.0,1.0,1.0,0.0,0.0,,,0.0,,0.0,,,,0.0,,,0.0,,,1.0,,,0.0,,,,,,,,,,1.0,1.0,,,0.0,1.0,,,,,,,,1.0,0.0,1.0,,,,1.0,,1.0,1.0,1.0,1.0,1.0,1.0,,1.0,,,,,1.0,,0.0,,,,1.0,1.0,,,,,,,,,1.0,0.0,0.0,,,,,,0.0,,1.0,1.0,1.0,,,1.0,1.0,,,,0.0,0.0,,,,0.0,,0.0,,,,,,,,,,,0.0,0.0,1.0,,,,0.0,,,,,,,,,,,,,,,0.0,,,,1.0,,,,,,0.0,0.0,,,,1.0,,1.0,,1.0,,,1.0,0.0,,,1.0,,,,,,,,,,1.0,1.0,,,,,,,0.0,1.0,,,,,,,,,,,,,1.0,1.0,,,1.0,,0.0,,,,,1.0,,,,,,,1.0,,1.0,,,,,0.0,0.0,,0.0,,1.0,,,,1.0,1.0,0.0,0.0,1.0,0.0,,,,,,,1.0,,,1.0,,,
João Paulo Cunha,,1.0,1.0,0.0,1.0,1.0,,,,,1.0,,,,,,,,,0.0,0.0,,0.0,1.0,1.0,1.0,1.0,1.0,0.0,0.0,,,1.0,,1.0,,,,,,,,0.0,,,,1.0,1.0,,1.0,1.0,,0.0,,1.0,0.0,,,0.0,,0.0,0.0,,1.0,,0.0,,,,1.0,1.0,0.0,,,,1.0,0.0,0.0,0.0,0.0,1.0,,1.0,,,,1.0,1.0,1.0,,,,,,1.0,,,,0.0,1.0,1.0,,,1.0,,1.0,,,0.0,0.0,,1.0,,1.0,,,,,1.0,0.0,1.0,1.0,0.0,,0.0,1.0,1.0,,,,1.0,1.0,1.0,1.0,1.0,1.0,0.0,1.0,1.0,0.0,0.0,0.0,,,0.0,,1.0,,1.0,,,0.0,0.0,0.0,0.0,,,,0.0,,,,0.0,1.0,1.0,1.0,,,,,,,,,,0.0,,,,,,0.0,,,,,,,1.0,,,1.0,1.0,,,,,,,,,,1.0,,,,,,,,,,0.0,0.0,0.0,,,,,0.0,,,,0.0,,,1.0,1.0,0.0,,1.0,1.0,0.0,,,0.0,0.0,0.0,,1.0,0.0,1.0,,,0.0,0.0,0.0,0.0,,0.0,,0.0,1.0,0.0,,,0.0,0.0,0.0,1.0,1.0,,,0.0,,1.0,,1.0,,,,1.0,1.0,1.0,1.0,1.0,1.0,,,0.0,0.0,0.0,0.0,,1.0,0.0,1.0,,,,,,,,,,1.0,0.0,,,0.0,0.0,,,,,1.0,,,,,,,,,,,,,,,,,,,,,,,,,,,,,,,,,,,,,
João Paulo Lima,1.0,1.0,0.0,0.0,1.0,1.0,0.0,,1.0,1.0,,1.0,1.0,,0.0,1.0,0.0,1.0,,0.0,0.0,1.0,,1.0,1.0,1.0,1.0,1.0,0.0,0.0,0.0,1.0,,1.0,1.0,,,,,,,,0.0,1.0,1.0,1.0,1.0,1.0,1.0,1.0,1.0,0.0,0.0,,,0.0,1.0,1.0,0.0,0.0,0.0,0.0,,,0.0,0.0,0.0,,,1.0,1.0,0.0,1.0,1.0,0.0,1.0,0.0,,0.0,0.0,1.0,1.0,1.0,1.0,1.0,1.0,1.0,1.0,1.0,0.0,0.0,1.0,0.0,0.0,1.0,1.0,0.0,0.0,0.0,1.0,1.0,,0.0,1.0,1.0,1.0,0.0,0.0,0.0,0.0,1.0,1.0,1.0,1.0,0.0,0.0,0.0,0.0,1.0,0.0,1.0,1.0,0.0,,0.0,1.0,1.0,0.0,0.0,,1.0,1.0,1.0,1.0,1.0,1.0,,1.0,1.0,0.0,0.0,0.0,0.0,1.0,0.0,0.0,1.0,,1.0,0.0,1.0,0.0,0.0,0.0,0.0,0.0,1.0,1.0,0.0,,,0.0,0.0,1.0,1.0,1.0,,0.0,1.0,0.0,0.0,0.0,1.0,0.0,0.0,0.0,0.0,0.0,1.0,1.0,1.0,0.0,0.0,0.0,1.0,1.0,1.0,,1.0,0.0,1.0,1.0,1.0,0.0,0.0,0.0,,0.0,0.0,0.0,1.0,,1.0,,,1.0,0.0,1.0,,,,,,,0.0,,1.0,,0.0,0.0,0.0,0.0,0.0,0.0,1.0,0.0,,1.0,0.0,1.0,1.0,1.0,0.0,0.0,0.0,,0.0,0.0,1.0,1.0,,1.0,1.0,0.0,0.0,0.0,0.0,0.0,1.0,,,,,,1.0,1.0,0.0,0.0,0.0,1.0,,,1.0,,,,0.0,1.0,0.0,,0.0,1.0,1.0,0.0,1.0,1.0,1.0,1.0,1.0,,0.0,,,,,,1.0,1.0,1.0,1.0,,1.0,1.0,1.0,0.0,1.0,1.0,0.0,1.0,1.0,0.0,,1.0,0.0,0.0,0.0,1.0,,0.0,0.0,0.0,1.0,0.0,1.0,0.0,0.0,0.0,0.0,,0.0,1.0,,,,,0.0,1.0,1.0,,,0.0,1.0,,,,,,,,0.0,1.0,1.0,1.0,1.0
João Pizzolatti,,,,,0.0,1.0,,,,,1.0,,,,0.0,1.0,,,,,1.0,1.0,0.0,1.0,1.0,,1.0,1.0,,0.0,,1.0,1.0,0.0,,1.0,1.0,1.0,0.0,0.0,0.0,0.0,,,,,,,,1.0,,,,,,1.0,1.0,,,,,,,,,,,,,,,,,,,,,,,,,,,,,,,,,,,,,,1.0,1.0,0.0,,,,,0.0,0.0,,0.0,,,0.0,,0.0,,,1.0,1.0,0.0,,,,,,,,,,,,1.0,0.0,,0.0,1.0,1.0,1.0,1.0,1.0,1.0,,1.0,1.0,,0.0,0.0,0.0,1.0,1.0,1.0,1.0,,1.0,,1.0,,0.0,0.0,0.0,,1.0,,0.0,,,,,,,1.0,1.0,,,,,,0.0,1.0,1.0,,,,,,,1.0,,,,,,,1.0,1.0,1.0,,1.0,,,,,,0.0,0.0,1.0,,1.0,,,,,,,,,1.0,,,,0.0,,,,1.0,,,,,1.0,0.0,1.0,1.0,0.0,,,,,,,,1.0,0.0,1.0,1.0,,,1.0,,1.0,,0.0,,1.0,,1.0,0.0,,,1.0,1.0,,0.0,,,,1.0,,,,,1.0,,0.0,1.0,,1.0,,,,,,1.0,1.0,0.0,1.0,,,,,,,,,1.0,,,1.0,1.0,,1.0,0.0,,,,1.0,,,1.0,1.0,0.0,0.0,,,1.0,0.0,1.0,,0.0,,,,0.0,,0.0,1.0,,,,,1.0,1.0,1.0,,,,,,1.0,1.0,,,1.0,,,,1.0,,1.0
João Rodrigues,,,,,,,,,,,,,,,,,1.0,1.0,,,,,,,,,,,,,,,,,,,,,,,,,,1.0,,1.0,,,,,,,,,,,,,,,,,,,,,,,,,,,,,,,,,,,,,,,,,,,,,,,,,,,,,,,,,,,,,,,,,,,,,,,,,,,,,,,,,,,,,,,,,,,,,,,,,,,,,,1.0,,,1.0,,,,,,,,,,,,,,,,,,,,,,,,,,,,,1.0,,,,,,1.0,1.0,,,,,,,,,,,,,,,,,1.0,1.0,,,,,,,1.0,,,,,,,,,,,,,,,,,,,,,,,,,,,,,,,,,,,,,1.0,,,,,,,,,,,,,,,,,,,,,,,,,,,,,,,,,,,,,,,,,1.0,,1.0,,,,,,,,,,,1.0,,,,,,,,,,,1.0,1.0,1.0,0.0,0.0,,1.0,0.0,,,,,,,,,,0.0,1.0,1.0,0.0,,,0.0,1.0,,0.0,1.0,,0.0,1.0
Julio Lopes,,,,,,,,,,,,,,,,,1.0,1.0,,,,,,,,,,,,,,,,,,,,,,,,,,1.0,,1.0,,,,,,,,,,,,,,,,,,,,,,,,,,,1.0,,,,,,0.0,0.0,1.0,,,,,,,,,,,,,,,,,,,,,,,,,,,,,,,,,,,,,,,,,,,,,,,,,,,,,,,,,,,,,,,,,,,1.0,,,1.0,,,,,,,,,,,,,,,,,,,,,,,,,,,,,1.0,,,,,,,1.0,1.0,,,,,,,,,,,,,,,,1.0,,1.0,1.0,1.0,1.0,1.0,,1.0,,,,,,,,,,,,,,,,,,,,,,,,,,,,,,,,,,,,,1.0,,,,,,,,,,,,,,,,,,,,,,,,,,,,,,,,,,,,,,,,,1.0,,,,,,,,,,,,,,,,,,,,,,,,1.0,,,0.0,0.0,,0.0,1.0,,0.0,0.0,,1.0,,,,,0.0,,1.0,1.0,1.0,0.0,0.0,1.0,,,1.0,1.0,0.0,1.0
Junji Abe,1.0,1.0,1.0,1.0,0.0,0.0,0.0,1.0,1.0,1.0,,1.0,1.0,,1.0,1.0,1.0,1.0,1.0,1.0,1.0,0.0,,,,1.0,,1.0,0.0,0.0,0.0,1.0,,0.0,1.0,1.0,1.0,,,,,,0.0,1.0,1.0,,1.0,1.0,1.0,1.0,0.0,,,1.0,0.0,1.0,,1.0,,,,,1.0,0.0,,,,1.0,1.0,0.0,1.0,0.0,,0.0,1.0,1.0,0.0,,1.0,1.0,0.0,,1.0,1.0,0.0,0.0,0.0,0.0,1.0,0.0,0.0,,,0.0,1.0,1.0,0.0,0.0,0.0,1.0,0.0,0.0,0.0,1.0,0.0,1.0,0.0,0.0,0.0,0.0,1.0,1.0,1.0,1.0,0.0,0.0,0.0,0.0,1.0,0.0,1.0,1.0,0.0,0.0,0.0,1.0,1.0,0.0,0.0,0.0,1.0,,1.0,1.0,1.0,1.0,1.0,1.0,,1.0,1.0,1.0,,,1.0,1.0,1.0,1.0,1.0,1.0,1.0,0.0,,1.0,0.0,0.0,1.0,1.0,0.0,1.0,0.0,0.0,0.0,0.0,1.0,1.0,0.0,,1.0,0.0,0.0,0.0,0.0,1.0,1.0,0.0,0.0,,1.0,1.0,,1.0,,1.0,,1.0,1.0,1.0,0.0,1.0,1.0,1.0,1.0,,,1.0,1.0,,0.0,0.0,1.0,0.0,1.0,1.0,1.0,,,,,,,1.0,1.0,1.0,0.0,0.0,1.0,1.0,1.0,0.0,0.0,1.0,1.0,0.0,1.0,,1.0,1.0,0.0,1.0,1.0,1.0,,1.0,0.0,0.0,1.0,1.0,1.0,1.0,,1.0,1.0,0.0,1.0,1.0,,0.0,1.0,0.0,1.0,1.0,0.0,,1.0,1.0,0.0,0.0,0.0,1.0,1.0,1.0,1.0,1.0,1.0,1.0,1.0,1.0,0.0,1.0,,1.0,1.0,1.0,1.0,1.0,1.0,,1.0,1.0,0.0,,,,,,0.0,,1.0,1.0,0.0,1.0,1.0,,0.0,1.0,0.0,0.0,,0.0,1.0,1.0,,0.0,,,1.0,1.0,1.0,1.0,0.0,1.0,1.0,1.0,1.0,1.0,0.0,,1.0,1.0,,,0.0,0.0,,1.0,1.0,1.0,,,,,1.0,1.0,1.0,,,,,0.0,1.0,1.0,0.0,1.0
Jutahy Junior,1.0,1.0,1.0,1.0,1.0,1.0,,,1.0,1.0,1.0,1.0,1.0,0.0,0.0,0.0,1.0,1.0,1.0,0.0,0.0,0.0,0.0,,,1.0,1.0,1.0,1.0,1.0,0.0,0.0,1.0,0.0,1.0,1.0,0.0,,,,,,,1.0,1.0,1.0,1.0,1.0,1.0,1.0,,,,1.0,0.0,1.0,1.0,1.0,,,,,0.0,0.0,,,,1.0,1.0,0.0,1.0,1.0,1.0,0.0,1.0,0.0,,,1.0,1.0,0.0,0.0,,0.0,0.0,0.0,0.0,0.0,1.0,,,0.0,1.0,1.0,0.0,0.0,0.0,0.0,0.0,,1.0,,,,1.0,1.0,,,,0.0,1.0,,1.0,1.0,1.0,,,,,,,,,1.0,1.0,0.0,0.0,1.0,1.0,,0.0,,,,,,,,0.0,1.0,1.0,1.0,1.0,,0.0,1.0,0.0,1.0,1.0,0.0,1.0,0.0,1.0,0.0,1.0,,1.0,0.0,1.0,0.0,,,0.0,0.0,0.0,,1.0,,1.0,,,1.0,0.0,1.0,1.0,,,1.0,1.0,1.0,0.0,0.0,,,0.0,,,1.0,0.0,1.0,,0.0,0.0,1.0,,1.0,1.0,1.0,,,,,,1.0,1.0,1.0,1.0,1.0,1.0,,,1.0,1.0,1.0,1.0,0.0,1.0,1.0,1.0,,,,,,,0.0,,,,,,,,,0.0,0.0,,1.0,0.0,,,0.0,1.0,1.0,1.0,1.0,1.0,0.0,1.0,0.0,1.0,1.0,0.0,0.0,1.0,1.0,0.0,,,1.0,,1.0,,0.0,,1.0,,1.0,,0.0,1.0,1.0,1.0,0.0,1.0,1.0,1.0,0.0,,1.0,0.0,1.0,,,,,0.0,,1.0,1.0,0.0,1.0,1.0,1.0,,1.0,,1.0,0.0,0.0,0.0,1.0,1.0,,1.0,,0.0,1.0,,0.0,1.0,1.0,,1.0,0.0,1.0,,,1.0,1.0,,0.0,1.0,1.0,0.0,1.0,1.0,0.0,0.0,1.0,0.0,0.0,1.0,1.0,1.0,0.0,0.0,1.0,1.0,,1.0,,,1.0
Jânio Natal,1.0,1.0,1.0,0.0,0.0,0.0,,,,1.0,,,1.0,,1.0,1.0,,1.0,,1.0,1.0,,,1.0,0.0,,1.0,1.0,0.0,,,1.0,1.0,,1.0,,,,,,,0.0,,,,1.0,,1.0,1.0,,1.0,0.0,0.0,,0.0,,1.0,1.0,,0.0,0.0,0.0,,1.0,0.0,0.0,,1.0,1.0,,,0.0,,,0.0,1.0,0.0,0.0,0.0,0.0,1.0,,1.0,,,,,,,,,1.0,,0.0,,1.0,,0.0,0.0,0.0,,,0.0,1.0,1.0,1.0,0.0,,0.0,0.0,,1.0,,1.0,,,0.0,0.0,1.0,0.0,1.0,1.0,0.0,,,,,,,,,1.0,1.0,1.0,1.0,1.0,0.0,0.0,,0.0,1.0,1.0,0.0,1.0,1.0,1.0,1.0,,,,1.0,,,1.0,0.0,0.0,,,,,,,,,1.0,,,0.0,,0.0,,,0.0,1.0,,,,0.0,,,,,,,,,1.0,,1.0,1.0,1.0,1.0,,,,,,,,,,,,1.0,,,,,,,,1.0,0.0,,1.0,,,,0.0,1.0,,1.0,1.0,0.0,,,,1.0,,,1.0,1.0,0.0,,0.0,,1.0,1.0,,1.0,,,,,,0.0,0.0,0.0,1.0,,1.0,,,,1.0,1.0,0.0,,0.0,1.0,,,,,,,,,0.0,1.0,,,,0.0,1.0,1.0,,,1.0,1.0,0.0,0.0,0.0,,1.0,0.0,,0.0,1.0,1.0,,1.0,,1.0,,1.0,,0.0,,,,1.0,1.0,0.0,,,1.0,1.0,,1.0,0.0,,,1.0,1.0,1.0,0.0,0.0,,0.0,1.0,1.0,0.0,1.0,0.0,1.0,,,0.0,1.0,,,,,,,,,,,,1.0,,1.0
Jô Moraes,1.0,1.0,1.0,1.0,1.0,1.0,,1.0,,1.0,1.0,1.0,1.0,0.0,1.0,0.0,,1.0,,1.0,1.0,1.0,0.0,1.0,1.0,1.0,1.0,1.0,0.0,0.0,,1.0,,0.0,1.0,,1.0,1.0,,0.0,0.0,1.0,,1.0,1.0,,1.0,1.0,1.0,1.0,1.0,0.0,0.0,1.0,1.0,,1.0,1.0,0.0,0.0,,0.0,,,0.0,0.0,,1.0,0.0,1.0,1.0,0.0,0.0,1.0,0.0,1.0,0.0,0.0,0.0,0.0,1.0,1.0,1.0,1.0,1.0,1.0,,,1.0,0.0,0.0,1.0,0.0,0.0,1.0,,0.0,0.0,0.0,1.0,1.0,0.0,0.0,1.0,0.0,1.0,0.0,0.0,0.0,0.0,,0.0,1.0,1.0,0.0,,0.0,0.0,1.0,0.0,1.0,1.0,0.0,0.0,,1.0,1.0,0.0,0.0,,1.0,1.0,1.0,1.0,1.0,1.0,0.0,1.0,1.0,0.0,0.0,0.0,0.0,1.0,,,,,1.0,0.0,1.0,0.0,1.0,0.0,0.0,,1.0,1.0,0.0,1.0,0.0,0.0,0.0,1.0,1.0,1.0,0.0,,1.0,0.0,0.0,0.0,0.0,1.0,1.0,0.0,0.0,0.0,1.0,1.0,1.0,0.0,0.0,0.0,1.0,1.0,1.0,0.0,,0.0,1.0,1.0,1.0,1.0,0.0,0.0,1.0,0.0,0.0,0.0,,0.0,1.0,,,1.0,0.0,1.0,1.0,1.0,0.0,1.0,0.0,0.0,1.0,0.0,1.0,1.0,0.0,0.0,0.0,0.0,1.0,,1.0,0.0,,1.0,0.0,1.0,1.0,1.0,0.0,0.0,,0.0,0.0,1.0,,1.0,0.0,1.0,1.0,0.0,0.0,0.0,0.0,0.0,1.0,0.0,1.0,0.0,1.0,0.0,1.0,1.0,0.0,0.0,0.0,1.0,1.0,,1.0,0.0,1.0,1.0,1.0,1.0,0.0,,0.0,1.0,1.0,1.0,1.0,1.0,1.0,1.0,1.0,0.0,0.0,0.0,0.0,0.0,1.0,0.0,1.0,1.0,1.0,1.0,,0.0,1.0,1.0,0.0,1.0,1.0,0.0,,1.0,0.0,0.0,,,,,,1.0,0.0,0.0,0.0,1.0,0.0,1.0,0.0,1.0,0.0,0.0,1.0,0.0,1.0,1.0,0.0,1.0,,0.0,1.0,1.0,,,0.0,1.0,1.0,1.0,0.0,,,0.0,0.0,0.0,1.0,,1.0,1.0
Júlio Campos,1.0,1.0,1.0,1.0,0.0,,1.0,,,1.0,1.0,1.0,1.0,,,1.0,1.0,1.0,1.0,1.0,1.0,0.0,0.0,1.0,,1.0,,0.0,,1.0,0.0,1.0,1.0,0.0,1.0,1.0,1.0,1.0,0.0,0.0,0.0,0.0,,1.0,1.0,1.0,1.0,,1.0,1.0,0.0,,,1.0,,1.0,,1.0,,,,,0.0,,,,,1.0,,,1.0,1.0,1.0,0.0,,0.0,,1.0,1.0,1.0,0.0,,1.0,1.0,0.0,0.0,0.0,0.0,1.0,,,,1.0,,,,0.0,,,0.0,0.0,,,,1.0,,,,0.0,0.0,1.0,,1.0,1.0,1.0,,,,,,,,,,,0.0,0.0,1.0,,,,,,,1.0,1.0,,1.0,,1.0,0.0,0.0,1.0,1.0,1.0,1.0,1.0,1.0,,,1.0,,,1.0,1.0,,1.0,1.0,1.0,,,,1.0,0.0,,0.0,,,,,,,,,1.0,,,,1.0,1.0,,1.0,,1.0,0.0,,,,0.0,,,1.0,0.0,1.0,,1.0,,1.0,,,1.0,,,1.0,1.0,1.0,1.0,1.0,1.0,1.0,,1.0,,,1.0,1.0,,,1.0,,,,,,,,,,,,,,,0.0,,,,1.0,0.0,0.0,1.0,1.0,1.0,1.0,1.0,1.0,1.0,,1.0,0.0,1.0,1.0,0.0,1.0,1.0,1.0,1.0,,,,,1.0,,1.0,1.0,0.0,,1.0,,,,1.0,1.0,1.0,1.0,1.0,1.0,,1.0,,0.0,,,,,,0.0,0.0,1.0,1.0,,1.0,1.0,1.0,0.0,1.0,,1.0,0.0,,,,1.0,0.0,1.0,,1.0,1.0,,,,0.0,,1.0,,,,,1.0,1.0,0.0,0.0,,,0.0,1.0,1.0,0.0,0.0,1.0,0.0,0.0,,1.0,1.0,0.0,0.0,1.0,1.0,,1.0,,0.0,
Júlio Cesar,1.0,1.0,1.0,1.0,0.0,0.0,,,1.0,1.0,1.0,1.0,1.0,0.0,,1.0,1.0,1.0,1.0,1.0,1.0,0.0,,,1.0,1.0,,1.0,0.0,,0.0,1.0,,0.0,1.0,1.0,1.0,1.0,1.0,0.0,0.0,0.0,,1.0,1.0,1.0,1.0,1.0,1.0,1.0,0.0,,,,,1.0,1.0,1.0,,,,,,0.0,,,,1.0,1.0,,1.0,0.0,1.0,,1.0,,,0.0,,1.0,0.0,,,,,,,,,,0.0,,,1.0,1.0,1.0,,,,,,,,,1.0,1.0,,,,0.0,1.0,,,1.0,,0.0,0.0,0.0,1.0,0.0,1.0,1.0,0.0,0.0,0.0,1.0,1.0,0.0,0.0,0.0,1.0,1.0,1.0,1.0,1.0,1.0,,1.0,,,0.0,0.0,0.0,1.0,1.0,1.0,1.0,1.0,1.0,0.0,1.0,0.0,1.0,1.0,0.0,0.0,1.0,1.0,0.0,1.0,0.0,0.0,0.0,0.0,1.0,1.0,0.0,0.0,1.0,0.0,0.0,0.0,,1.0,1.0,0.0,0.0,,,1.0,,1.0,0.0,0.0,0.0,,,1.0,0.0,1.0,1.0,1.0,0.0,1.0,,1.0,1.0,0.0,0.0,0.0,1.0,0.0,1.0,,1.0,1.0,0.0,1.0,1.0,,1.0,1.0,1.0,1.0,1.0,1.0,1.0,1.0,1.0,0.0,0.0,,,0.0,,,,1.0,0.0,1.0,1.0,1.0,0.0,1.0,,0.0,1.0,1.0,1.0,0.0,0.0,1.0,1.0,0.0,1.0,1.0,,0.0,1.0,0.0,1.0,1.0,0.0,1.0,1.0,1.0,1.0,0.0,0.0,1.0,,1.0,1.0,0.0,0.0,1.0,1.0,1.0,0.0,1.0,1.0,1.0,1.0,0.0,1.0,1.0,1.0,0.0,1.0,1.0,,,,,,,,0.0,,,0.0,1.0,1.0,1.0,0.0,1.0,0.0,1.0,,0.0,1.0,1.0,1.0,0.0,0.0,1.0,1.0,1.0,,1.0,0.0,1.0,,1.0,1.0,1.0,0.0,0.0,,,,,,,0.0,1.0,1.0,0.0,,1.0,0.0,1.0,1.0,1.0,,,,1.0,,0.0,1.0,1.0,0.0,1.0
Júlio Delgado,1.0,1.0,1.0,0.0,1.0,1.0,1.0,0.0,1.0,1.0,1.0,,1.0,,1.0,1.0,,1.0,1.0,1.0,1.0,0.0,,,1.0,,,1.0,0.0,0.0,,1.0,1.0,0.0,,1.0,1.0,0.0,0.0,0.0,0.0,0.0,0.0,1.0,1.0,,,1.0,1.0,1.0,1.0,,0.0,1.0,0.0,1.0,1.0,1.0,0.0,,,0.0,1.0,1.0,0.0,0.0,,1.0,0.0,,1.0,0.0,0.0,,,1.0,0.0,0.0,0.0,0.0,1.0,1.0,,1.0,1.0,1.0,1.0,1.0,1.0,,,,0.0,0.0,1.0,,0.0,0.0,0.0,,,,,,0.0,,0.0,0.0,0.0,0.0,1.0,,,1.0,,0.0,0.0,0.0,1.0,0.0,1.0,1.0,0.0,0.0,0.0,1.0,1.0,0.0,,0.0,1.0,1.0,1.0,1.0,1.0,1.0,0.0,1.0,1.0,1.0,0.0,0.0,0.0,1.0,1.0,1.0,1.0,1.0,1.0,1.0,1.0,1.0,,,0.0,,1.0,,1.0,1.0,,,,,1.0,1.0,0.0,0.0,1.0,0.0,,0.0,0.0,1.0,1.0,,0.0,0.0,,1.0,1.0,1.0,0.0,0.0,1.0,1.0,1.0,1.0,1.0,1.0,1.0,,,1.0,0.0,0.0,,1.0,,,,0.0,,,1.0,1.0,1.0,1.0,1.0,1.0,1.0,1.0,,1.0,,1.0,1.0,,1.0,,,1.0,0.0,,0.0,,0.0,1.0,,1.0,,,,1.0,1.0,1.0,,1.0,1.0,1.0,0.0,1.0,1.0,0.0,,0.0,1.0,0.0,1.0,0.0,1.0,0.0,1.0,0.0,1.0,1.0,0.0,0.0,0.0,0.0,1.0,1.0,0.0,1.0,1.0,0.0,1.0,1.0,,,0.0,,1.0,1.0,1.0,,,0.0,,1.0,0.0,0.0,0.0,0.0,1.0,0.0,,0.0,1.0,1.0,,1.0,1.0,1.0,0.0,1.0,,,1.0,,,,1.0,,,0.0,,1.0,,1.0,,1.0,,,1.0,1.0,1.0,0.0,,1.0,0.0,,1.0,1.0,0.0,1.0,,,,1.0,,0.0,1.0,1.0,1.0,0.0,0.0,1.0,,,1.0,1.0,0.0,1.0
Júnior Coimbra,1.0,1.0,1.0,1.0,0.0,0.0,0.0,,1.0,1.0,1.0,,1.0,0.0,0.0,1.0,,,1.0,1.0,1.0,1.0,,0.0,1.0,1.0,0.0,1.0,0.0,0.0,,1.0,1.0,0.0,1.0,1.0,1.0,0.0,,1.0,1.0,0.0,,1.0,,1.0,1.0,1.0,1.0,,1.0,0.0,0.0,1.0,,,1.0,,,0.0,0.0,0.0,1.0,,0.0,0.0,0.0,1.0,,1.0,1.0,0.0,1.0,1.0,0.0,,0.0,0.0,0.0,0.0,1.0,1.0,1.0,1.0,1.0,1.0,1.0,1.0,1.0,0.0,0.0,1.0,0.0,,,1.0,0.0,0.0,0.0,0.0,1.0,,,1.0,1.0,1.0,0.0,0.0,,0.0,1.0,1.0,1.0,1.0,0.0,0.0,0.0,,1.0,0.0,1.0,1.0,0.0,0.0,0.0,1.0,1.0,0.0,0.0,,1.0,1.0,,1.0,1.0,1.0,0.0,1.0,1.0,0.0,0.0,0.0,0.0,1.0,1.0,1.0,1.0,1.0,1.0,0.0,1.0,1.0,0.0,1.0,0.0,0.0,1.0,1.0,0.0,,0.0,,,1.0,1.0,1.0,0.0,0.0,1.0,,,,0.0,1.0,1.0,,,,1.0,1.0,,1.0,0.0,0.0,0.0,1.0,1.0,,,1.0,1.0,1.0,1.0,0.0,0.0,0.0,1.0,,0.0,0.0,1.0,,1.0,0.0,0.0,1.0,0.0,1.0,1.0,1.0,1.0,1.0,,0.0,0.0,0.0,1.0,1.0,1.0,1.0,,,,,1.0,0.0,1.0,1.0,0.0,0.0,1.0,1.0,0.0,0.0,0.0,,1.0,,1.0,1.0,,,1.0,0.0,1.0,0.0,0.0,0.0,1.0,1.0,1.0,1.0,0.0,0.0,1.0,1.0,0.0,0.0,0.0,1.0,1.0,,1.0,1.0,1.0,1.0,1.0,,0.0,0.0,1.0,0.0,1.0,1.0,1.0,1.0,1.0,,1.0,0.0,1.0,0.0,,,,0.0,,1.0,1.0,1.0,,,1.0,1.0,0.0,,0.0,1.0,1.0,,1.0,1.0,1.0,0.0,0.0,1.0,1.0,,1.0,1.0,,1.0,1.0,,1.0,1.0,0.0,,,0.0,1.0,,,,0.0,1.0,1.0,,0.0,1.0,,1.0,,1.0,,0.0,0.0,,,0.0,1.0,1.0,0.0,1.0
Keiko Ota,1.0,1.0,1.0,0.0,1.0,1.0,0.0,1.0,1.0,1.0,1.0,1.0,1.0,0.0,1.0,1.0,1.0,1.0,1.0,1.0,1.0,0.0,,1.0,1.0,1.0,1.0,0.0,0.0,0.0,0.0,1.0,1.0,0.0,1.0,1.0,1.0,0.0,0.0,0.0,,1.0,0.0,1.0,1.0,1.0,1.0,1.0,1.0,1.0,1.0,0.0,0.0,1.0,1.0,1.0,1.0,,0.0,0.0,0.0,0.0,1.0,1.0,0.0,,,1.0,0.0,1.0,1.0,0.0,0.0,1.0,0.0,1.0,0.0,0.0,0.0,0.0,1.0,1.0,1.0,1.0,1.0,1.0,1.0,1.0,1.0,0.0,0.0,1.0,0.0,0.0,1.0,1.0,0.0,0.0,0.0,1.0,1.0,0.0,0.0,1.0,0.0,1.0,0.0,,0.0,0.0,1.0,1.0,1.0,1.0,0.0,0.0,0.0,0.0,1.0,0.0,1.0,1.0,0.0,0.0,0.0,1.0,1.0,0.0,0.0,0.0,1.0,1.0,1.0,1.0,1.0,1.0,0.0,,,0.0,0.0,0.0,,,0.0,0.0,,1.0,1.0,1.0,1.0,0.0,1.0,0.0,,0.0,1.0,1.0,1.0,1.0,0.0,0.0,0.0,1.0,1.0,1.0,0.0,0.0,1.0,0.0,0.0,0.0,1.0,1.0,1.0,0.0,0.0,0.0,1.0,1.0,1.0,1.0,0.0,,,1.0,1.0,,,1.0,1.0,1.0,0.0,,,,1.0,1.0,,,,0.0,,1.0,1.0,1.0,1.0,1.0,1.0,1.0,1.0,1.0,,1.0,1.0,1.0,1.0,1.0,0.0,1.0,1.0,1.0,0.0,0.0,,0.0,,,0.0,0.0,1.0,1.0,0.0,0.0,0.0,0.0,1.0,1.0,1.0,1.0,0.0,1.0,1.0,0.0,1.0,,1.0,,1.0,,1.0,0.0,1.0,0.0,1.0,1.0,0.0,,,1.0,1.0,1.0,0.0,1.0,1.0,1.0,1.0,1.0,,1.0,,,,1.0,1.0,1.0,1.0,0.0,1.0,1.0,,0.0,0.0,0.0,,0.0,1.0,1.0,,1.0,,1.0,1.0,1.0,0.0,1.0,1.0,,,,0.0,0.0,1.0,0.0,0.0,,1.0,,1.0,1.0,0.0,1.0,1.0,1.0,,,1.0,0.0,1.0,,0.0,0.0,0.0,0.0,0.0,1.0,1.0,0.0,0.0,1.0,,0.0,1.0,1.0,1.0,0.0,0.0,1.0,0.0,0.0,1.0,1.0,,
Lael Varella,1.0,,,,,,,,1.0,,1.0,1.0,,,,,,,,,1.0,,,,,,,1.0,,0.0,0.0,,,0.0,1.0,1.0,,,,,,,0.0,,,1.0,1.0,1.0,,1.0,,,,1.0,0.0,,,,,,,,,1.0,0.0,0.0,,1.0,1.0,1.0,,0.0,1.0,,,,,,0.0,,,1.0,1.0,,1.0,1.0,,,,0.0,,,1.0,,,1.0,0.0,0.0,,,,0.0,0.0,1.0,1.0,0.0,,,,0.0,1.0,,1.0,1.0,0.0,,,,,,,,,,0.0,1.0,,,0.0,,1.0,1.0,,,,,,,,1.0,0.0,0.0,,,1.0,1.0,1.0,1.0,1.0,0.0,1.0,,0.0,0.0,0.0,,,1.0,0.0,1.0,,,,,,,,,,,,,,,,,,,1.0,,,1.0,,,,,,1.0,0.0,,,1.0,0.0,,,,,,,,,,,,,1.0,,,,,,,,0.0,,1.0,1.0,1.0,0.0,0.0,0.0,,,,,,,,,,,,,,0.0,,0.0,,1.0,,,,1.0,,0.0,0.0,0.0,,1.0,0.0,,,1.0,,,1.0,,,,,,,,,,,,1.0,,1.0,0.0,,1.0,1.0,1.0,,,,,,,0.0,0.0,,,,,,,,,1.0,,,0.0,,,,0.0,0.0,,,1.0,,,,,,,0.0,,,,,1.0,1.0,,,,,,,,,,,1.0,0.0,0.0,1.0,0.0,1.0,1.0,,,0.0,0.0,1.0,,,1.0,,,1.0
Laercio Oliveira,1.0,1.0,1.0,1.0,,0.0,,,1.0,1.0,1.0,1.0,1.0,0.0,,1.0,,,,1.0,,1.0,,1.0,0.0,,1.0,1.0,,0.0,,1.0,,0.0,1.0,1.0,1.0,,,,,,,,,1.0,,1.0,,,1.0,0.0,,,,,,,0.0,,0.0,0.0,1.0,,0.0,0.0,,1.0,0.0,,1.0,,1.0,,,1.0,,0.0,0.0,0.0,1.0,1.0,1.0,,1.0,1.0,1.0,1.0,1.0,,,,0.0,0.0,1.0,1.0,0.0,0.0,,0.0,0.0,0.0,0.0,1.0,1.0,,0.0,0.0,,,,,1.0,1.0,,0.0,0.0,0.0,1.0,0.0,1.0,1.0,0.0,,0.0,1.0,1.0,,0.0,,1.0,,1.0,1.0,1.0,1.0,,,1.0,0.0,,1.0,0.0,,1.0,1.0,1.0,1.0,,,1.0,1.0,,1.0,,,,1.0,1.0,,0.0,,,,1.0,,0.0,,1.0,0.0,0.0,0.0,0.0,1.0,1.0,0.0,,1.0,,,1.0,,,,,1.0,1.0,1.0,,1.0,1.0,1.0,,,,,,,1.0,0.0,1.0,,1.0,1.0,,,1.0,1.0,,,,1.0,,,1.0,,,,,,,,,,,,,,,,,,,0.0,,,,1.0,1.0,,0.0,1.0,,,1.0,1.0,0.0,,1.0,,1.0,,,0.0,1.0,1.0,0.0,,,1.0,1.0,,,,,,,1.0,,1.0,,1.0,,,,,1.0,0.0,1.0,,0.0,0.0,,,1.0,0.0,,,1.0,1.0,,1.0,1.0,1.0,,1.0,,,0.0,,,1.0,,0.0,,,1.0,0.0,0.0,0.0,,1.0,0.0,,1.0,1.0,,,,,,,,,,,1.0,0.0,0.0,1.0,0.0,,1.0,1.0,,0.0,0.0,,,,1.0,1.0,0.0,1.0
Laurez Moreira,1.0,1.0,1.0,1.0,0.0,0.0,,,,,1.0,,,,,,,,1.0,,,,0.0,1.0,1.0,1.0,1.0,1.0,0.0,0.0,0.0,,,1.0,1.0,1.0,,,,,,,0.0,,,,1.0,1.0,1.0,1.0,1.0,0.0,0.0,,,,,1.0,0.0,,0.0,,1.0,1.0,0.0,0.0,0.0,1.0,0.0,1.0,1.0,0.0,,1.0,0.0,1.0,0.0,0.0,0.0,0.0,1.0,1.0,1.0,,1.0,1.0,1.0,1.0,1.0,0.0,0.0,1.0,0.0,0.0,1.0,1.0,0.0,0.0,0.0,1.0,1.0,0.0,0.0,1.0,0.0,1.0,0.0,,0.0,,,1.0,,,0.0,0.0,0.0,0.0,1.0,0.0,1.0,1.0,0.0,0.0,,,1.0,0.0,0.0,0.0,1.0,1.0,1.0,1.0,1.0,1.0,0.0,1.0,1.0,0.0,0.0,0.0,,,1.0,1.0,1.0,,,,,,,0.0,0.0,0.0,,,1.0,1.0,0.0,,0.0,1.0,1.0,1.0,,,,,0.0,0.0,,,,0.0,0.0,0.0,1.0,,,1.0,,,0.0,,,,,,,,0.0,,,,1.0,,,,,,,,,,,,,,,,,,,,1.0,1.0,,,,,,,,,,,,,,,,,,,,,,,,,,,,,,,,,,,,,,,,,,,,,,,,,,,,,,,,,,,,,,,,,,,,,,,,,,,,,,,,,,,,,,,,,,,,,,,,,,,,,,,,,,,,,,,,,,,,,,,,,,,,,,
Lauriete,1.0,1.0,1.0,1.0,0.0,0.0,0.0,1.0,,1.0,1.0,1.0,,0.0,,1.0,1.0,1.0,,1.0,1.0,0.0,0.0,1.0,1.0,1.0,1.0,1.0,0.0,0.0,0.0,1.0,1.0,0.0,1.0,,1.0,0.0,0.0,0.0,0.0,0.0,0.0,1.0,1.0,1.0,1.0,,,1.0,1.0,0.0,0.0,,1.0,1.0,1.0,,0.0,0.0,0.0,,,1.0,,0.0,0.0,1.0,0.0,1.0,1.0,0.0,1.0,1.0,0.0,0.0,0.0,0.0,0.0,0.0,1.0,1.0,1.0,1.0,1.0,,0.0,1.0,1.0,0.0,0.0,1.0,0.0,0.0,,,,,,1.0,,0.0,0.0,1.0,,1.0,0.0,0.0,0.0,,,1.0,,,1.0,0.0,0.0,0.0,1.0,0.0,1.0,1.0,0.0,,,,,,0.0,0.0,1.0,1.0,1.0,1.0,1.0,1.0,0.0,,1.0,,1.0,1.0,,,,,,1.0,1.0,0.0,1.0,,0.0,1.0,0.0,,,0.0,1.0,,0.0,0.0,,0.0,,1.0,0.0,,,0.0,0.0,0.0,0.0,1.0,1.0,,0.0,1.0,1.0,1.0,0.0,1.0,0.0,0.0,,1.0,1.0,1.0,,1.0,1.0,1.0,1.0,1.0,0.0,1.0,1.0,0.0,0.0,0.0,1.0,1.0,1.0,0.0,0.0,1.0,1.0,1.0,1.0,1.0,0.0,1.0,0.0,0.0,,1.0,1.0,1.0,0.0,1.0,,,,0.0,0.0,0.0,1.0,1.0,0.0,0.0,1.0,1.0,,0.0,0.0,0.0,1.0,,1.0,0.0,0.0,1.0,1.0,0.0,1.0,1.0,0.0,0.0,1.0,0.0,1.0,0.0,0.0,,1.0,1.0,,,,,1.0,1.0,,1.0,1.0,0.0,1.0,1.0,0.0,0.0,1.0,1.0,,,,1.0,1.0,0.0,1.0,0.0,0.0,0.0,0.0,0.0,1.0,,1.0,0.0,,1.0,0.0,1.0,1.0,1.0,,1.0,0.0,1.0,0.0,0.0,1.0,1.0,1.0,,0.0,1.0,1.0,,,,,,,1.0,1.0,1.0,,0.0,1.0,1.0,0.0,1.0,0.0,1.0,0.0,1.0,1.0,0.0,0.0,1.0,0.0,0.0,1.0,1.0,1.0,0.0,0.0,1.0,1.0,0.0,1.0,1.0,0.0,1.0
Leandro Vilela,1.0,1.0,1.0,1.0,0.0,0.0,0.0,,1.0,1.0,,,,,0.0,1.0,1.0,1.0,,1.0,1.0,1.0,0.0,1.0,1.0,,,1.0,0.0,0.0,,1.0,1.0,0.0,,1.0,1.0,0.0,0.0,0.0,0.0,,,1.0,1.0,,,,,1.0,,0.0,,1.0,1.0,1.0,1.0,1.0,0.0,,0.0,,1.0,,0.0,,,0.0,1.0,,1.0,0.0,,,0.0,1.0,0.0,,0.0,0.0,1.0,1.0,1.0,1.0,1.0,1.0,1.0,1.0,,0.0,0.0,1.0,0.0,0.0,,1.0,,0.0,0.0,1.0,1.0,0.0,0.0,1.0,,1.0,,0.0,0.0,0.0,,,1.0,,0.0,0.0,,,1.0,0.0,1.0,1.0,0.0,,,,,,0.0,0.0,1.0,1.0,1.0,,,1.0,0.0,,1.0,0.0,0.0,0.0,0.0,,0.0,1.0,,1.0,,,1.0,,,,,0.0,1.0,,0.0,,0.0,0.0,,1.0,,1.0,,0.0,1.0,0.0,,0.0,,1.0,1.0,,0.0,0.0,1.0,1.0,,1.0,0.0,,,1.0,1.0,1.0,,,,1.0,0.0,0.0,0.0,,1.0,0.0,0.0,,1.0,0.0,1.0,0.0,1.0,,0.0,1.0,1.0,1.0,1.0,1.0,,0.0,0.0,0.0,,,1.0,1.0,1.0,0.0,,,,,,1.0,0.0,0.0,1.0,,,0.0,0.0,0.0,1.0,,1.0,1.0,,1.0,1.0,,,,,,1.0,,1.0,0.0,1.0,0.0,1.0,1.0,0.0,0.0,0.0,1.0,1.0,1.0,1.0,1.0,1.0,0.0,,,,,0.0,1.0,1.0,1.0,1.0,,,1.0,,0.0,0.0,0.0,0.0,0.0,1.0,,,1.0,1.0,1.0,0.0,,,,,1.0,,,1.0,0.0,1.0,,,0.0,0.0,1.0,1.0,1.0,1.0,1.0,,,1.0,1.0,1.0,1.0,0.0,0.0,,,1.0,,0.0,,0.0,1.0,,,,,0.0,1.0,1.0,1.0,,0.0,,,,0.0,1.0,1.0,0.0,1.0
Lelo Coimbra,1.0,,1.0,1.0,0.0,0.0,1.0,1.0,1.0,1.0,1.0,1.0,1.0,0.0,1.0,1.0,0.0,,,1.0,1.0,0.0,,,,1.0,1.0,0.0,0.0,0.0,0.0,1.0,1.0,0.0,,1.0,0.0,,,,,0.0,0.0,1.0,,,,1.0,,1.0,1.0,0.0,0.0,,1.0,1.0,1.0,1.0,,,0.0,0.0,,,0.0,0.0,0.0,1.0,,1.0,,,1.0,1.0,0.0,1.0,,1.0,0.0,0.0,1.0,1.0,1.0,1.0,0.0,,,,,,,,0.0,0.0,1.0,0.0,0.0,0.0,,,,0.0,0.0,1.0,0.0,1.0,0.0,0.0,,0.0,1.0,1.0,1.0,1.0,0.0,0.0,,,1.0,0.0,1.0,1.0,0.0,,,,1.0,0.0,,0.0,1.0,1.0,1.0,1.0,1.0,1.0,,,1.0,0.0,,,0.0,1.0,0.0,0.0,0.0,1.0,0.0,0.0,,,1.0,1.0,0.0,0.0,,,,1.0,0.0,0.0,0.0,1.0,0.0,1.0,0.0,0.0,1.0,,,,1.0,1.0,1.0,,,,1.0,1.0,,,,0.0,1.0,1.0,1.0,1.0,1.0,1.0,1.0,1.0,0.0,,,0.0,1.0,,,0.0,,0.0,1.0,1.0,1.0,1.0,0.0,1.0,1.0,1.0,1.0,1.0,1.0,1.0,1.0,0.0,1.0,1.0,,1.0,1.0,1.0,1.0,0.0,1.0,,1.0,1.0,0.0,,1.0,1.0,0.0,0.0,0.0,0.0,,0.0,1.0,,0.0,1.0,1.0,0.0,1.0,,0.0,0.0,1.0,,1.0,0.0,0.0,,1.0,1.0,0.0,,,,1.0,,1.0,1.0,1.0,0.0,,1.0,,,1.0,,,,,,1.0,,1.0,1.0,0.0,0.0,0.0,0.0,1.0,,,,1.0,1.0,,1.0,1.0,1.0,,1.0,,1.0,1.0,0.0,0.0,1.0,1.0,0.0,0.0,1.0,1.0,1.0,1.0,,0.0,1.0,1.0,1.0,0.0,1.0,0.0,0.0,1.0,,,1.0,,,,1.0,1.0,,0.0,1.0,,,1.0,1.0,0.0,0.0,0.0,1.0,1.0,0.0,1.0,1.0,,
Leomar Quintanilha,,,,,,,,,,,,,1.0,,,,,,,,,,,,,,,,,,,,,,,,,,,,,,,,,,,,,,,,,,0.0,1.0,,,,,,,,,,,,,,,,,,,,,,,,,,,,,,,,,,,,,,,,,,,,,,,,,,,,,,,,,,,,,,,,,,,,,,,,,,,,,,,,,,,,,,,,,,,,,1.0,0.0,,,,,,,,,,,,,,,,,0.0,,,,,,1.0,1.0,1.0,,,,,,,,,,,,,,,,,1.0,,,,,,,0.0,0.0,1.0,0.0,1.0,,,,,,,,,,,0.0,0.0,0.0,,,1.0,1.0,1.0,1.0,1.0,,1.0,0.0,1.0,1.0,,,,,0.0,0.0,0.0,0.0,1.0,,,1.0,0.0,1.0,,,,,,,,,1.0,,,,,,,,,1.0,1.0,,,,,,1.0,1.0,,,,,,,,,,,,,,,,,,,,,,,,,,,,,,,,,,,,,,,,,,,,,,,,,,,,,,,,,,,,,,,,,,,,,,,,,,,,
Leonardo Gadelha,1.0,1.0,,,0.0,0.0,,,1.0,,1.0,1.0,1.0,,1.0,1.0,,,,1.0,1.0,0.0,,,,,1.0,1.0,0.0,0.0,0.0,1.0,1.0,,,1.0,1.0,0.0,0.0,0.0,0.0,0.0,0.0,,1.0,,,1.0,1.0,1.0,,,,1.0,,1.0,1.0,,,,,,,,,,,,,,,,,,,,,,,,,,,,,,,,,,,,,,1.0,1.0,,,,,,,,,,,,,,0.0,1.0,,1.0,1.0,,,,,,,,,,,,,,,,,,,,,,,,,,,1.0,1.0,0.0,1.0,0.0,1.0,1.0,,1.0,0.0,,,0.0,1.0,0.0,0.0,1.0,,1.0,1.0,0.0,,,,1.0,1.0,0.0,0.0,1.0,,0.0,,0.0,1.0,,0.0,0.0,1.0,1.0,,0.0,1.0,0.0,0.0,0.0,,,,,1.0,1.0,1.0,,1.0,0.0,0.0,,,0.0,0.0,,1.0,1.0,,,,,,,,,,,0.0,1.0,,,,0.0,1.0,0.0,1.0,0.0,0.0,0.0,0.0,1.0,1.0,0.0,1.0,1.0,,,0.0,0.0,0.0,1.0,1.0,1.0,,0.0,,1.0,,1.0,1.0,0.0,0.0,,0.0,1.0,,0.0,0.0,1.0,1.0,,0.0,,1.0,1.0,1.0,1.0,0.0,0.0,1.0,1.0,,0.0,0.0,1.0,1.0,,,,1.0,1.0,,,,,,,,,,,,,,0.0,,1.0,1.0,0.0,1.0,0.0,1.0,1.0,0.0,1.0,1.0,,0.0,0.0,1.0,1.0,,,,,,,,,,,,,,,,,,,,1.0,0.0,0.0,1.0,,,,,,,,,,,,,,
Leonardo Monteiro,1.0,1.0,0.0,0.0,1.0,1.0,0.0,1.0,1.0,1.0,1.0,,,0.0,0.0,0.0,0.0,1.0,,0.0,,0.0,,,,,1.0,1.0,0.0,0.0,0.0,,1.0,1.0,,1.0,1.0,,0.0,0.0,0.0,1.0,0.0,1.0,,,,1.0,1.0,1.0,1.0,0.0,0.0,1.0,,,1.0,1.0,0.0,0.0,0.0,0.0,1.0,1.0,0.0,0.0,0.0,,0.0,,,0.0,1.0,1.0,0.0,1.0,0.0,,0.0,0.0,1.0,1.0,1.0,,1.0,1.0,1.0,,1.0,0.0,0.0,1.0,0.0,0.0,,1.0,,0.0,0.0,,1.0,,,,0.0,1.0,0.0,0.0,,0.0,1.0,1.0,,1.0,,0.0,0.0,0.0,1.0,0.0,1.0,1.0,0.0,0.0,,1.0,1.0,0.0,0.0,,1.0,,1.0,1.0,1.0,1.0,0.0,,,,0.0,0.0,0.0,,0.0,0.0,,,,,,,,0.0,0.0,0.0,,,0.0,,0.0,,,,1.0,1.0,0.0,0.0,1.0,0.0,0.0,,,,1.0,0.0,,,1.0,,1.0,0.0,0.0,,1.0,,,,1.0,0.0,1.0,1.0,1.0,,0.0,,,,0.0,0.0,1.0,,1.0,1.0,1.0,1.0,0.0,,,,,1.0,0.0,,0.0,0.0,1.0,1.0,0.0,0.0,0.0,,,0.0,,0.0,1.0,,0.0,1.0,1.0,1.0,0.0,,,,0.0,,1.0,1.0,,1.0,1.0,,0.0,0.0,0.0,0.0,1.0,,,,1.0,,,1.0,,,0.0,1.0,,,1.0,,1.0,,1.0,,,,0.0,1.0,1.0,,1.0,1.0,1.0,1.0,1.0,0.0,,0.0,0.0,0.0,1.0,0.0,,1.0,,,0.0,,,,,1.0,,0.0,1.0,,,0.0,1.0,,,,0.0,1.0,0.0,,,1.0,0.0,0.0,1.0,1.0,0.0,0.0,,,1.0,1.0,,,,1.0,0.0,1.0,,,0.0,1.0,,,,,,,0.0,0.0,1.0,,1.0,1.0
Leonardo Picciani,1.0,1.0,,,0.0,0.0,,,1.0,1.0,1.0,1.0,1.0,,1.0,1.0,1.0,1.0,1.0,1.0,1.0,,0.0,1.0,1.0,,1.0,1.0,0.0,0.0,0.0,1.0,,,1.0,1.0,1.0,,0.0,1.0,,,0.0,1.0,1.0,1.0,1.0,1.0,,1.0,,,,1.0,,,1.0,,,,,,,,,,,,,,,,,,,,,,0.0,0.0,1.0,,,1.0,,,,,,,,,,,1.0,1.0,,,,,,,,,,,,,,0.0,1.0,,,,,0.0,,0.0,1.0,0.0,1.0,1.0,0.0,0.0,0.0,1.0,1.0,0.0,,,,1.0,1.0,1.0,1.0,1.0,0.0,,,,0.0,0.0,,,0.0,0.0,0.0,1.0,1.0,0.0,1.0,1.0,1.0,,,0.0,,,0.0,1.0,0.0,,0.0,0.0,,1.0,0.0,0.0,1.0,0.0,0.0,0.0,1.0,0.0,0.0,0.0,0.0,0.0,1.0,1.0,1.0,1.0,0.0,0.0,,1.0,1.0,1.0,1.0,,,1.0,1.0,,1.0,0.0,1.0,0.0,0.0,0.0,1.0,0.0,1.0,,,,,,,,,1.0,,0.0,1.0,0.0,1.0,1.0,1.0,1.0,,1.0,1.0,0.0,0.0,0.0,1.0,1.0,0.0,,1.0,0.0,0.0,0.0,0.0,,1.0,0.0,1.0,1.0,0.0,1.0,,0.0,1.0,0.0,0.0,0.0,1.0,1.0,,,,,1.0,1.0,0.0,0.0,,1.0,1.0,1.0,1.0,1.0,1.0,0.0,1.0,1.0,0.0,,1.0,0.0,1.0,1.0,0.0,1.0,1.0,,,,,,,,,,,,,1.0,0.0,1.0,1.0,1.0,0.0,1.0,0.0,1.0,1.0,0.0,1.0,1.0,1.0,0.0,,,1.0,1.0,1.0,,0.0,1.0,1.0,1.0,1.0,1.0,0.0,0.0,,0.0,1.0,1.0,0.0,0.0,0.0,1.0,1.0,0.0,0.0,1.0,,,1.0,1.0,1.0,0.0,0.0,1.0,0.0,0.0,,1.0,1.0,1.0
Leonardo Quintão,,,,,0.0,0.0,,1.0,,1.0,,,,,1.0,1.0,1.0,,,,1.0,1.0,0.0,1.0,1.0,1.0,1.0,,0.0,0.0,,1.0,1.0,0.0,,1.0,1.0,,,,,,0.0,,1.0,,1.0,1.0,1.0,,1.0,,0.0,,,1.0,,1.0,,0.0,0.0,0.0,1.0,,,0.0,,1.0,1.0,1.0,,1.0,,,,,,,0.0,0.0,0.0,1.0,1.0,,1.0,,1.0,,1.0,0.0,,1.0,,0.0,1.0,1.0,,,,1.0,1.0,,,1.0,1.0,1.0,0.0,0.0,0.0,0.0,1.0,1.0,1.0,1.0,0.0,,,,,0.0,1.0,1.0,0.0,0.0,,1.0,1.0,0.0,0.0,,1.0,1.0,1.0,1.0,1.0,1.0,,,0.0,0.0,1.0,,0.0,1.0,,1.0,,,1.0,,1.0,0.0,1.0,,0.0,,,,1.0,,,,,,,1.0,0.0,,1.0,0.0,,,0.0,,,,0.0,,1.0,1.0,1.0,1.0,0.0,,,,,1.0,,1.0,1.0,,,1.0,,0.0,1.0,,0.0,0.0,1.0,0.0,,,0.0,1.0,0.0,1.0,1.0,1.0,,1.0,0.0,0.0,1.0,0.0,1.0,1.0,,1.0,,,,,1.0,,1.0,1.0,,,,,,,0.0,,,,1.0,1.0,,,,,,,,,,1.0,1.0,0.0,,0.0,1.0,1.0,0.0,,,1.0,,,,0.0,1.0,,,1.0,0.0,,1.0,1.0,,,,,1.0,,,1.0,0.0,0.0,0.0,0.0,1.0,0.0,1.0,1.0,1.0,1.0,,1.0,,1.0,,1.0,,,,,1.0,1.0,1.0,0.0,1.0,0.0,1.0,,,,0.0,,,1.0,1.0,1.0,0.0,,,,,,,,0.0,1.0,1.0,,0.0,1.0,,1.0,1.0,1.0,1.0,0.0,0.0,1.0,0.0,,1.0,,,1.0
Leonardo Vilela,,1.0,,,0.0,0.0,,,,,,,,,,,,,,,,,,,,,1.0,,,,,,,,,,,,,,,,,,,,,,,,,,,,,,,,,,,,,,,,,,,,,,,,,,,,,,,,,,,,,,,,,,,,,,,,,,,,,,,,,,,,,,,,,,,,,,,,,,,,,,,,0.0,0.0,0.0,0.0,0.0,0.0,,,,,,,,,,,,,,,,0.0,,,,,,,,,,,0.0,0.0,,,,,,,,,,,,,,,,,,,,,,,,,,,,,,,,,,,,,,,,,,,,,,,,,,,,,,,,,,,,,,,,,,,,,,,,,,,,,,,,,,,,,,,,,,,,,,,,,,,,,,,,,,,,,,,,,,,,,,,,,,,,,,,,,,,,,,,,,,,,,,,,,,,,,,,,,,,,,,,,,,,,,,,,,,,,,,,,,,,,
Leopoldo Meyer,1.0,1.0,1.0,0.0,1.0,1.0,0.0,1.0,1.0,1.0,1.0,1.0,1.0,0.0,1.0,1.0,1.0,1.0,1.0,1.0,1.0,,0.0,1.0,1.0,1.0,1.0,0.0,0.0,0.0,0.0,1.0,1.0,0.0,1.0,1.0,1.0,0.0,,0.0,0.0,1.0,0.0,1.0,1.0,1.0,1.0,1.0,1.0,1.0,1.0,0.0,0.0,1.0,1.0,1.0,1.0,1.0,0.0,0.0,0.0,0.0,1.0,,0.0,0.0,0.0,1.0,0.0,1.0,1.0,0.0,0.0,1.0,0.0,1.0,0.0,0.0,0.0,0.0,1.0,1.0,1.0,1.0,1.0,1.0,1.0,1.0,1.0,0.0,0.0,1.0,0.0,0.0,1.0,1.0,0.0,0.0,0.0,,,0.0,,,0.0,1.0,0.0,0.0,0.0,0.0,1.0,1.0,1.0,1.0,0.0,,0.0,0.0,1.0,0.0,1.0,1.0,0.0,0.0,0.0,1.0,1.0,0.0,0.0,0.0,1.0,1.0,1.0,1.0,1.0,1.0,0.0,1.0,1.0,0.0,0.0,0.0,0.0,1.0,1.0,1.0,1.0,1.0,1.0,0.0,1.0,,1.0,0.0,0.0,0.0,1.0,1.0,1.0,1.0,0.0,0.0,0.0,1.0,1.0,1.0,0.0,0.0,1.0,0.0,0.0,0.0,0.0,1.0,1.0,0.0,0.0,0.0,1.0,1.0,1.0,1.0,0.0,0.0,1.0,1.0,1.0,1.0,1.0,1.0,1.0,1.0,0.0,0.0,,0.0,1.0,1.0,,,,0.0,,1.0,1.0,1.0,1.0,1.0,1.0,1.0,1.0,1.0,0.0,1.0,0.0,1.0,,,0.0,1.0,1.0,1.0,0.0,0.0,0.0,0.0,1.0,1.0,0.0,0.0,1.0,1.0,0.0,0.0,0.0,0.0,1.0,1.0,1.0,1.0,0.0,1.0,1.0,0.0,1.0,0.0,1.0,0.0,1.0,0.0,1.0,0.0,1.0,0.0,1.0,1.0,0.0,,0.0,1.0,1.0,1.0,0.0,1.0,1.0,0.0,1.0,1.0,,1.0,,1.0,1.0,1.0,1.0,1.0,1.0,0.0,1.0,1.0,0.0,0.0,0.0,0.0,1.0,0.0,0.0,1.0,1.0,,0.0,1.0,1.0,1.0,0.0,1.0,1.0,0.0,1.0,,0.0,0.0,1.0,0.0,0.0,1.0,1.0,1.0,1.0,1.0,1.0,1.0,1.0,1.0,1.0,1.0,1.0,0.0,1.0,1.0,0.0,0.0,,,,1.0,1.0,0.0,0.0,1.0,0.0,0.0,1.0,1.0,1.0,0.0,0.0,1.0,0.0,0.0,1.0,1.0,0.0,1.0
Liliam Sá,,1.0,0.0,0.0,1.0,1.0,1.0,1.0,,,,1.0,,0.0,,,1.0,,,1.0,1.0,,0.0,1.0,1.0,1.0,1.0,0.0,0.0,1.0,0.0,,,0.0,1.0,1.0,1.0,1.0,1.0,0.0,0.0,0.0,0.0,,,,1.0,1.0,1.0,,1.0,0.0,0.0,1.0,1.0,1.0,1.0,,,0.0,0.0,0.0,1.0,1.0,0.0,0.0,,1.0,0.0,1.0,,,0.0,1.0,,1.0,,0.0,0.0,0.0,1.0,1.0,1.0,,,1.0,1.0,1.0,1.0,0.0,,1.0,0.0,1.0,,1.0,,,0.0,0.0,0.0,,,1.0,1.0,0.0,0.0,,0.0,0.0,,1.0,1.0,1.0,0.0,,0.0,0.0,1.0,0.0,1.0,1.0,0.0,0.0,,,1.0,0.0,0.0,0.0,1.0,,1.0,1.0,1.0,1.0,0.0,1.0,1.0,0.0,1.0,1.0,0.0,1.0,0.0,0.0,0.0,,1.0,,,0.0,1.0,0.0,0.0,0.0,1.0,1.0,,,,,,0.0,0.0,0.0,0.0,0.0,1.0,0.0,0.0,0.0,0.0,,1.0,0.0,0.0,,1.0,,,1.0,0.0,0.0,0.0,1.0,1.0,0.0,1.0,1.0,1.0,1.0,0.0,1.0,,,1.0,,0.0,0.0,1.0,,1.0,0.0,0.0,1.0,0.0,1.0,1.0,1.0,1.0,1.0,1.0,1.0,,1.0,1.0,1.0,1.0,0.0,0.0,0.0,1.0,,1.0,,0.0,1.0,0.0,0.0,1.0,1.0,,0.0,0.0,0.0,0.0,,0.0,0.0,,,1.0,,1.0,,0.0,0.0,,0.0,1.0,,0.0,1.0,1.0,1.0,,,,,,,,1.0,1.0,0.0,,1.0,,,1.0,1.0,1.0,1.0,1.0,1.0,1.0,0.0,1.0,1.0,,,,0.0,1.0,0.0,,1.0,1.0,,0.0,,1.0,1.0,,,,,,,,1.0,,0.0,,,1.0,,,,0.0,1.0,,1.0,1.0,1.0,,0.0,1.0,,,,,,,,1.0,,,,,,,1.0,1.0,0.0,0.0,1.0,1.0,0.0,1.0,1.0,1.0,1.0
Lincoln Portela,1.0,1.0,1.0,0.0,,,,,1.0,1.0,1.0,1.0,1.0,,1.0,,,1.0,,0.0,,0.0,0.0,1.0,0.0,1.0,1.0,,,0.0,0.0,1.0,0.0,0.0,1.0,1.0,,,,,,,,1.0,1.0,1.0,1.0,,1.0,1.0,,,,1.0,1.0,,,1.0,,0.0,0.0,0.0,,,0.0,,0.0,1.0,0.0,1.0,1.0,,0.0,,0.0,1.0,,0.0,0.0,0.0,1.0,1.0,1.0,1.0,1.0,1.0,,,,0.0,0.0,,,0.0,1.0,,0.0,,,0.0,0.0,,0.0,1.0,1.0,1.0,0.0,0.0,0.0,0.0,1.0,1.0,1.0,1.0,0.0,,,0.0,1.0,0.0,1.0,1.0,0.0,0.0,0.0,1.0,1.0,0.0,0.0,0.0,1.0,1.0,1.0,1.0,1.0,1.0,0.0,0.0,1.0,,1.0,,0.0,1.0,1.0,1.0,,1.0,1.0,1.0,1.0,,1.0,1.0,0.0,0.0,1.0,1.0,1.0,1.0,0.0,0.0,,0.0,1.0,,0.0,,1.0,,0.0,0.0,0.0,1.0,1.0,0.0,0.0,1.0,1.0,1.0,1.0,1.0,0.0,,1.0,1.0,1.0,1.0,1.0,,1.0,1.0,,,,,,0.0,0.0,0.0,1.0,0.0,1.0,0.0,0.0,,,,,,,1.0,0.0,0.0,0.0,,1.0,,0.0,0.0,,,,,1.0,0.0,,1.0,0.0,,,,0.0,,0.0,,0.0,0.0,,1.0,,1.0,1.0,0.0,0.0,,,0.0,1.0,,1.0,0.0,,0.0,1.0,1.0,0.0,0.0,,1.0,1.0,1.0,1.0,1.0,1.0,,1.0,1.0,0.0,,0.0,,,,,,,0.0,1.0,0.0,,0.0,0.0,0.0,,,1.0,1.0,1.0,1.0,,1.0,1.0,1.0,0.0,1.0,0.0,0.0,0.0,,0.0,1.0,1.0,,1.0,0.0,0.0,1.0,1.0,1.0,0.0,1.0,1.0,,1.0,1.0,0.0,0.0,1.0,,,,0.0,,0.0,1.0,1.0,0.0,0.0,1.0,0.0,,,,,0.0,,1.0,,,1.0,1.0,,1.0
Lindomar Garçon,,,0.0,0.0,,,0.0,,,,,,,,,,,,,,,,,,,,,,,,,,,0.0,,,,,,,,,,,,,,,,,1.0,0.0,0.0,,,,,,,,,0.0,,,,0.0,0.0,,0.0,1.0,,0.0,,1.0,0.0,,,,0.0,,0.0,1.0,0.0,,,,,,,0.0,0.0,1.0,,,,,,,0.0,1.0,0.0,,0.0,1.0,,1.0,0.0,0.0,0.0,,,,,,0.0,0.0,0.0,0.0,1.0,0.0,1.0,1.0,0.0,,,1.0,1.0,0.0,,,,,,,,,0.0,1.0,1.0,0.0,,,,,,,,,,,,,,,,,,,,,,,,,,,,,,,,,,,,,,,,,,,,,,,,,,,,,,,,,,,,,,,,,,,,,,,,,,,,,,,,,,,,,,,,,,,,,,,,,,,,,,,,,,,,,,,,,,,,,,,,,,,,,,,,,,,,,,,,,,,,,,,,,,,,,,,,,,,,,,,,,,,,,,,,,,,,,,,,,,,,,,,,,,,,,,,,,,,,,,,,,,,,
Lira Maia,1.0,1.0,1.0,1.0,0.0,0.0,,,,,1.0,,,0.0,1.0,1.0,1.0,1.0,1.0,1.0,1.0,,,,,1.0,0.0,0.0,1.0,1.0,,1.0,1.0,0.0,1.0,1.0,1.0,0.0,0.0,0.0,0.0,0.0,,1.0,1.0,1.0,,1.0,1.0,,,,,1.0,0.0,,1.0,1.0,,,,,0.0,0.0,,,,1.0,1.0,0.0,1.0,,1.0,0.0,1.0,0.0,,,1.0,1.0,0.0,,1.0,,,,,,,,,,1.0,1.0,,,,,,,,,,,1.0,,,,1.0,,1.0,,1.0,1.0,,,,,,,,,,,,,,,,,,,,,,,,1.0,,,1.0,1.0,1.0,1.0,1.0,1.0,1.0,1.0,1.0,1.0,1.0,0.0,1.0,1.0,1.0,,,1.0,1.0,1.0,,,,,,,,,,,,,0.0,1.0,1.0,,,,0.0,1.0,,1.0,,1.0,,1.0,1.0,1.0,0.0,,,1.0,,1.0,1.0,,1.0,,0.0,0.0,1.0,,,1.0,1.0,1.0,1.0,1.0,1.0,1.0,1.0,1.0,1.0,,,1.0,1.0,1.0,1.0,1.0,,1.0,0.0,,,,,,,,,,,1.0,,,,,0.0,0.0,1.0,,,,,,,,1.0,0.0,1.0,1.0,0.0,,1.0,1.0,,,,,,,1.0,0.0,0.0,1.0,1.0,1.0,,0.0,1.0,1.0,,,,1.0,1.0,0.0,,,0.0,,,,,,0.0,,1.0,1.0,,1.0,,,,1.0,0.0,1.0,0.0,0.0,1.0,,1.0,1.0,1.0,,0.0,,1.0,0.0,,0.0,1.0,1.0,1.0,1.0,,,1.0,1.0,0.0,,1.0,1.0,,,1.0,0.0,0.0,1.0,,,1.0,1.0,1.0,,,1.0,1.0,,1.0,1.0,,1.0
Lourival Mendes,1.0,1.0,1.0,0.0,0.0,0.0,0.0,0.0,1.0,1.0,1.0,1.0,1.0,0.0,1.0,,1.0,,,1.0,1.0,0.0,0.0,1.0,1.0,1.0,1.0,1.0,,0.0,0.0,1.0,1.0,0.0,1.0,1.0,,0.0,,,1.0,0.0,1.0,,1.0,,1.0,1.0,1.0,1.0,1.0,0.0,0.0,,0.0,,,1.0,0.0,0.0,0.0,0.0,,,0.0,0.0,0.0,1.0,0.0,1.0,1.0,0.0,,,0.0,1.0,0.0,0.0,0.0,0.0,1.0,1.0,1.0,1.0,1.0,1.0,1.0,1.0,1.0,0.0,0.0,1.0,0.0,0.0,1.0,1.0,,0.0,0.0,0.0,0.0,0.0,0.0,1.0,,1.0,0.0,0.0,0.0,1.0,1.0,1.0,1.0,1.0,0.0,0.0,0.0,0.0,1.0,0.0,1.0,1.0,0.0,0.0,0.0,1.0,1.0,0.0,0.0,0.0,1.0,1.0,1.0,1.0,1.0,1.0,0.0,0.0,1.0,0.0,1.0,1.0,0.0,1.0,1.0,1.0,1.0,1.0,1.0,1.0,,1.0,1.0,1.0,0.0,0.0,1.0,1.0,1.0,,0.0,0.0,,0.0,,1.0,0.0,,,,,,0.0,1.0,1.0,,,,1.0,1.0,1.0,1.0,0.0,1.0,1.0,,,,1.0,1.0,1.0,,1.0,,,,,0.0,0.0,,1.0,0.0,,0.0,0.0,1.0,0.0,1.0,1.0,1.0,1.0,1.0,,,1.0,1.0,,,0.0,0.0,0.0,0.0,1.0,,1.0,0.0,1.0,1.0,0.0,0.0,,,,0.0,,,0.0,1.0,,1.0,,1.0,1.0,0.0,1.0,,0.0,0.0,,,1.0,0.0,1.0,,1.0,,,,0.0,,1.0,,1.0,0.0,0.0,1.0,,,,,1.0,1.0,,,,1.0,1.0,0.0,1.0,1.0,0.0,0.0,1.0,,,1.0,0.0,1.0,1.0,,,,1.0,1.0,0.0,1.0,0.0,,0.0,,0.0,,,,0.0,,,1.0,,1.0,0.0,1.0,,1.0,1.0,1.0,0.0,,1.0,0.0,1.0,1.0,,,,1.0,1.0,0.0,,,0.0,,,1.0,1.0,1.0,0.0,1.0,,,1.0,,0.0,1.0
Luci Choinacki,1.0,1.0,1.0,0.0,1.0,1.0,0.0,1.0,,1.0,1.0,1.0,,0.0,0.0,,,1.0,,,,1.0,0.0,1.0,1.0,1.0,1.0,1.0,0.0,0.0,,,1.0,1.0,1.0,1.0,,0.0,0.0,,0.0,1.0,0.0,1.0,,,1.0,1.0,1.0,1.0,1.0,0.0,0.0,1.0,,,,,,,0.0,,,1.0,0.0,0.0,0.0,,0.0,,1.0,0.0,1.0,1.0,0.0,1.0,,0.0,0.0,0.0,1.0,1.0,1.0,1.0,,1.0,1.0,1.0,1.0,0.0,0.0,1.0,0.0,,1.0,,0.0,,0.0,1.0,1.0,,0.0,,0.0,1.0,0.0,0.0,0.0,0.0,1.0,1.0,,,0.0,,,0.0,1.0,0.0,1.0,1.0,0.0,0.0,0.0,1.0,1.0,0.0,,0.0,1.0,1.0,1.0,1.0,1.0,1.0,,,1.0,0.0,0.0,0.0,,,0.0,0.0,,1.0,1.0,,1.0,,0.0,,,,,1.0,,1.0,,0.0,,1.0,1.0,,0.0,0.0,1.0,0.0,0.0,,0.0,1.0,0.0,0.0,0.0,0.0,1.0,1.0,,,0.0,,1.0,1.0,1.0,,,,1.0,1.0,,1.0,,0.0,,0.0,0.0,0.0,,0.0,,,,,0.0,1.0,1.0,1.0,0.0,1.0,0.0,0.0,0.0,0.0,1.0,1.0,,0.0,,0.0,0.0,0.0,1.0,0.0,1.0,,0.0,1.0,1.0,1.0,0.0,0.0,0.0,,0.0,,1.0,1.0,0.0,,,,,,,,0.0,,,0.0,,0.0,1.0,1.0,,,,,,,,,1.0,1.0,,1.0,,,,,,1.0,1.0,,,,1.0,0.0,0.0,0.0,0.0,0.0,1.0,0.0,,1.0,1.0,1.0,,,1.0,,,1.0,,,,,0.0,0.0,,,,,,1.0,0.0,,,1.0,0.0,,1.0,1.0,,0.0,1.0,,,1.0,0.0,1.0,,,1.0,,,0.0,,,,1.0,,,,0.0,,,,1.0,,1.0
Luciana Santos,,,1.0,1.0,0.0,1.0,,1.0,,1.0,1.0,1.0,1.0,,1.0,0.0,0.0,1.0,1.0,1.0,1.0,1.0,0.0,1.0,1.0,1.0,1.0,1.0,0.0,0.0,0.0,1.0,1.0,,1.0,1.0,1.0,1.0,1.0,,,1.0,,1.0,1.0,1.0,1.0,,1.0,1.0,1.0,0.0,0.0,1.0,,,1.0,1.0,0.0,0.0,0.0,0.0,,1.0,0.0,0.0,0.0,,,,1.0,0.0,0.0,1.0,0.0,1.0,,0.0,0.0,0.0,1.0,1.0,1.0,1.0,1.0,1.0,1.0,1.0,1.0,0.0,0.0,1.0,0.0,,1.0,1.0,,0.0,0.0,1.0,1.0,,0.0,1.0,1.0,1.0,,0.0,0.0,0.0,1.0,1.0,,1.0,0.0,,0.0,0.0,1.0,0.0,1.0,1.0,0.0,0.0,0.0,1.0,1.0,0.0,0.0,0.0,1.0,1.0,1.0,1.0,1.0,1.0,,1.0,1.0,0.0,,,,1.0,0.0,1.0,1.0,1.0,1.0,0.0,1.0,,1.0,,,0.0,1.0,1.0,0.0,,,0.0,0.0,1.0,1.0,,0.0,0.0,1.0,0.0,,,,,1.0,,0.0,,,1.0,1.0,,0.0,,1.0,1.0,1.0,0.0,1.0,0.0,1.0,1.0,,,0.0,0.0,,,0.0,,1.0,,1.0,,0.0,1.0,0.0,1.0,1.0,1.0,0.0,1.0,0.0,0.0,1.0,,,,0.0,0.0,0.0,,1.0,0.0,1.0,,1.0,1.0,0.0,1.0,1.0,1.0,0.0,0.0,0.0,0.0,,1.0,,,0.0,1.0,1.0,0.0,0.0,0.0,0.0,0.0,1.0,,,0.0,1.0,,1.0,,,0.0,0.0,1.0,1.0,,1.0,0.0,0.0,1.0,,,0.0,1.0,0.0,1.0,1.0,0.0,1.0,,,,1.0,0.0,0.0,0.0,,0.0,1.0,0.0,1.0,1.0,1.0,1.0,,0.0,1.0,1.0,0.0,1.0,1.0,,0.0,,0.0,0.0,1.0,0.0,,,1.0,1.0,1.0,0.0,,,1.0,1.0,0.0,1.0,0.0,0.0,,,1.0,1.0,0.0,1.0,,0.0,1.0,,,,,1.0,1.0,1.0,0.0,,,0.0,0.0,0.0,1.0,1.0,1.0,1.0
Luciano Castro,,1.0,,0.0,,0.0,,1.0,1.0,1.0,1.0,,1.0,,0.0,,,,,1.0,1.0,1.0,1.0,0.0,,1.0,1.0,1.0,0.0,,,1.0,1.0,0.0,1.0,,,0.0,,,,,,1.0,1.0,,,,,1.0,,,,,0.0,1.0,1.0,1.0,,0.0,,,,1.0,0.0,0.0,,1.0,,,1.0,,1.0,,,1.0,,0.0,0.0,0.0,,1.0,1.0,,1.0,1.0,,1.0,1.0,,,,,0.0,1.0,,,0.0,,1.0,1.0,,0.0,1.0,,1.0,,0.0,,0.0,,,1.0,,0.0,0.0,0.0,0.0,1.0,0.0,1.0,1.0,0.0,0.0,,1.0,0.0,1.0,,0.0,1.0,1.0,1.0,1.0,,,0.0,0.0,,,0.0,0.0,0.0,1.0,1.0,1.0,1.0,1.0,1.0,1.0,1.0,1.0,1.0,0.0,0.0,0.0,,,0.0,1.0,0.0,0.0,,1.0,,,0.0,,,0.0,,,0.0,1.0,1.0,,,0.0,1.0,,1.0,,0.0,,0.0,1.0,,1.0,1.0,1.0,1.0,1.0,1.0,,,0.0,,0.0,0.0,,1.0,0.0,1.0,,,1.0,0.0,,,,,,0.0,,0.0,0.0,1.0,1.0,0.0,1.0,0.0,0.0,,0.0,1.0,,,,,0.0,1.0,1.0,0.0,,,0.0,,1.0,1.0,1.0,0.0,,1.0,,1.0,,0.0,,1.0,,1.0,0.0,1.0,0.0,1.0,1.0,0.0,,0.0,1.0,1.0,1.0,,1.0,1.0,1.0,1.0,,,1.0,1.0,,,,,,1.0,0.0,,0.0,0.0,,0.0,0.0,,,,,,1.0,,1.0,1.0,,0.0,1.0,0.0,0.0,0.0,,0.0,1.0,1.0,0.0,0.0,1.0,1.0,1.0,,0.0,,1.0,,,1.0,1.0,,,,0.0,1.0,,,,,1.0,1.0,,,,0.0,,,1.0,1.0,,,,,,1.0,1.0,,1.0
Luciano Moreira,,,1.0,1.0,,,,,,,,,,,,,,,,,,,,,,,,,,,,,,,,,,,,,,,,,,,,,,,1.0,1.0,0.0,,,,,,0.0,0.0,0.0,,1.0,1.0,0.0,0.0,0.0,1.0,0.0,1.0,,0.0,,1.0,0.0,1.0,0.0,0.0,0.0,0.0,1.0,1.0,,,,,,,,0.0,,1.0,,,,,,,,,,,,,,,,,0.0,,,,,,,,,,,,,,,,,,,,,,,,,,,,,,,,,,,,,,,,,,,,,,,,,,,,,,,,,,,,,,,,,,,,,,,,,,,,,,,,,,,,,,,,,,,,,,,,,,,,,,,,,,,,,,,,,,,,,,,,,,,,,,,,,,,,,,,,,,,,,,,,,,,,,,,,,,,,,,,,,,,,,,,,,,,,,,,,,,,,,,,,,,,,,,,,,,,,,,,,,,,,,,,,,,,,,,,,,,,,,,,,,,,,,,,,,,,
Luciano Pizzatto,,,,,,,,,,,,,,,,,,,,,,,,,,,,,,,,,,,,,,,,,,,,,,,,,,,,,,,,,,,,,,,,,,,,,,,,,,,,,,,,,,,,,,,,,,,,,,,,,,,,,,,,,,,,,,,,,,,,,,,,,,,,,,,,,,,,,,,,,,,,,,,,,,,,,,,,,,,,,,,,,,,,,,,,,,,,,,,,,,,,,,,,,,,,,,,,,,,,,,,,,,,,,,,,,,,,,,,,,,,,,,,,,,,,,,,,,,,,,,,,,,,,,,,,,,,,,,,,,,,,,,,,1.0,1.0,,,,,,,,,,,,,,,,,,,,,,,,,,,,,,,,,,,,,,,,,,,,,,,,,,,,,,,,,,,,,,,,,,,,,,,,,,,,,,,
Lucio Vieira Lima,,1.0,1.0,1.0,0.0,0.0,0.0,,,1.0,1.0,1.0,1.0,0.0,1.0,1.0,1.0,1.0,1.0,1.0,1.0,,0.0,1.0,1.0,1.0,,1.0,,,0.0,1.0,1.0,0.0,1.0,1.0,1.0,,,,,,0.0,1.0,,1.0,1.0,1.0,1.0,,1.0,0.0,0.0,,0.0,1.0,1.0,,0.0,0.0,,,,1.0,0.0,0.0,0.0,1.0,0.0,,1.0,0.0,1.0,1.0,0.0,1.0,0.0,,0.0,0.0,1.0,,1.0,1.0,1.0,1.0,1.0,1.0,1.0,0.0,,1.0,0.0,0.0,1.0,1.0,0.0,0.0,0.0,1.0,1.0,,,1.0,1.0,1.0,0.0,0.0,,0.0,,1.0,1.0,1.0,0.0,0.0,0.0,,,0.0,1.0,1.0,0.0,0.0,0.0,1.0,1.0,0.0,,,1.0,1.0,1.0,1.0,1.0,1.0,0.0,,1.0,,,,,,1.0,1.0,1.0,1.0,1.0,0.0,1.0,1.0,0.0,1.0,0.0,0.0,,1.0,,1.0,0.0,0.0,0.0,1.0,1.0,,,0.0,1.0,0.0,0.0,0.0,,1.0,1.0,0.0,0.0,0.0,,,1.0,1.0,0.0,0.0,,1.0,,,1.0,1.0,1.0,1.0,1.0,1.0,0.0,,,0.0,0.0,,1.0,,1.0,1.0,,1.0,0.0,1.0,1.0,,,1.0,,,0.0,,1.0,,,1.0,,1.0,1.0,,1.0,0.0,,,0.0,,,,0.0,0.0,,0.0,1.0,,1.0,1.0,0.0,1.0,1.0,,1.0,0.0,,,1.0,1.0,1.0,0.0,0.0,0.0,1.0,1.0,0.0,0.0,0.0,1.0,,1.0,1.0,0.0,0.0,1.0,,1.0,,,,1.0,1.0,0.0,1.0,1.0,,,,0.0,1.0,0.0,0.0,0.0,1.0,0.0,,0.0,1.0,1.0,,1.0,,1.0,,1.0,,1.0,1.0,,,,1.0,0.0,0.0,1.0,1.0,1.0,,,,,,1.0,1.0,,,,1.0,0.0,,,0.0,0.0,0.0,1.0,1.0,0.0,0.0,1.0,0.0,0.0,,1.0,,0.0,0.0,1.0,0.0,0.0,1.0,1.0,0.0,1.0
Luis Carlos Heinze,1.0,1.0,1.0,1.0,0.0,0.0,1.0,0.0,,1.0,,1.0,,0.0,1.0,,1.0,1.0,1.0,1.0,,0.0,0.0,1.0,1.0,1.0,0.0,1.0,,,0.0,,1.0,,1.0,1.0,,1.0,0.0,0.0,,0.0,,1.0,1.0,1.0,1.0,1.0,1.0,1.0,0.0,1.0,1.0,1.0,,1.0,1.0,,,,0.0,,,0.0,,,0.0,1.0,1.0,1.0,1.0,0.0,1.0,,0.0,1.0,0.0,0.0,0.0,0.0,1.0,0.0,1.0,1.0,,1.0,1.0,1.0,1.0,0.0,0.0,0.0,0.0,,1.0,1.0,,,0.0,0.0,,,,,0.0,,,0.0,0.0,0.0,1.0,,1.0,,0.0,0.0,0.0,0.0,1.0,0.0,1.0,1.0,0.0,0.0,0.0,1.0,1.0,0.0,,0.0,1.0,1.0,,,,1.0,,1.0,0.0,1.0,0.0,0.0,0.0,1.0,1.0,1.0,1.0,,1.0,0.0,1.0,0.0,,0.0,0.0,0.0,1.0,0.0,0.0,,0.0,0.0,0.0,1.0,1.0,1.0,1.0,0.0,1.0,0.0,0.0,,,0.0,1.0,0.0,,1.0,1.0,,1.0,1.0,0.0,1.0,0.0,1.0,1.0,,,1.0,1.0,1.0,1.0,0.0,1.0,1.0,,0.0,0.0,0.0,1.0,0.0,1.0,,1.0,1.0,1.0,,,,,1.0,0.0,1.0,1.0,0.0,,,,1.0,,1.0,0.0,0.0,1.0,0.0,1.0,1.0,0.0,0.0,1.0,1.0,,0.0,,,1.0,0.0,,,,,0.0,,1.0,,,0.0,1.0,,1.0,0.0,,,1.0,1.0,,0.0,0.0,1.0,1.0,,1.0,1.0,1.0,0.0,,1.0,,,,1.0,1.0,1.0,1.0,1.0,,1.0,1.0,,0.0,1.0,1.0,1.0,,,,0.0,0.0,1.0,,1.0,1.0,,0.0,1.0,0.0,,1.0,0.0,1.0,1.0,,0.0,0.0,1.0,1.0,1.0,1.0,1.0,0.0,1.0,1.0,1.0,1.0,1.0,0.0,,0.0,1.0,0.0,,,,,1.0,1.0,0.0,1.0,1.0,0.0,0.0,1.0,1.0,1.0,0.0,0.0,1.0,1.0,0.0,1.0,1.0,0.0,1.0
Luis Tibé,1.0,1.0,1.0,0.0,0.0,,,,,1.0,,,,,1.0,1.0,,,,1.0,1.0,0.0,,1.0,0.0,1.0,1.0,1.0,0.0,0.0,,1.0,1.0,0.0,1.0,1.0,,,,,,0.0,,1.0,,,1.0,1.0,,,1.0,0.0,,1.0,0.0,1.0,,1.0,,0.0,0.0,,,,,,0.0,1.0,0.0,1.0,1.0,0.0,1.0,1.0,0.0,1.0,0.0,0.0,0.0,0.0,1.0,1.0,1.0,1.0,,,,,,,,,0.0,,1.0,,,0.0,0.0,,0.0,,0.0,1.0,1.0,0.0,0.0,0.0,0.0,0.0,1.0,,1.0,,,,,,,,,,,,,,,0.0,,,1.0,1.0,1.0,1.0,1.0,1.0,,,1.0,0.0,0.0,1.0,,1.0,1.0,1.0,1.0,1.0,,1.0,1.0,1.0,,,,,,1.0,1.0,,,,,0.0,,,,,,,,,0.0,1.0,1.0,,,,,,1.0,,0.0,,,,1.0,1.0,1.0,1.0,1.0,,0.0,1.0,,,,,0.0,,1.0,,1.0,,,1.0,0.0,,1.0,1.0,1.0,1.0,,0.0,1.0,,,,,,,0.0,1.0,,1.0,0.0,,,,,,1.0,,0.0,0.0,,0.0,,,,,1.0,,,,,,,1.0,0.0,1.0,,1.0,,1.0,,0.0,,0.0,1.0,,,,,,1.0,1.0,,,,1.0,,,,,,,0.0,,0.0,0.0,,0.0,,,0.0,,1.0,1.0,1.0,,,1.0,,0.0,1.0,0.0,0.0,,,0.0,,1.0,0.0,1.0,1.0,,,1.0,1.0,,,1.0,1.0,1.0,,0.0,0.0,,0.0,1.0,,,,,,,0.0,0.0,,0.0,1.0,,1.0,1.0,0.0,,,0.0,,1.0,1.0,,1.0
Luiz Alberto,1.0,1.0,0.0,0.0,1.0,1.0,0.0,1.0,1.0,1.0,1.0,1.0,,,0.0,0.0,0.0,1.0,1.0,0.0,0.0,1.0,0.0,1.0,1.0,1.0,,1.0,,,0.0,1.0,1.0,1.0,1.0,,1.0,0.0,0.0,,0.0,1.0,0.0,1.0,,1.0,1.0,1.0,1.0,1.0,1.0,0.0,0.0,1.0,1.0,0.0,1.0,1.0,0.0,0.0,0.0,0.0,1.0,1.0,0.0,0.0,0.0,1.0,0.0,1.0,1.0,0.0,1.0,1.0,0.0,1.0,0.0,0.0,0.0,0.0,1.0,1.0,1.0,1.0,1.0,1.0,1.0,1.0,1.0,,0.0,1.0,0.0,,1.0,1.0,,,,1.0,1.0,,0.0,1.0,1.0,1.0,0.0,0.0,,0.0,1.0,1.0,,,0.0,0.0,0.0,0.0,1.0,0.0,1.0,1.0,0.0,0.0,0.0,1.0,1.0,0.0,0.0,0.0,1.0,1.0,1.0,1.0,1.0,1.0,,,1.0,0.0,0.0,0.0,0.0,1.0,0.0,0.0,,0.0,1.0,0.0,1.0,0.0,0.0,,,0.0,1.0,1.0,0.0,1.0,0.0,0.0,0.0,1.0,1.0,1.0,0.0,0.0,1.0,,0.0,0.0,0.0,1.0,1.0,0.0,0.0,0.0,,,1.0,0.0,0.0,0.0,1.0,1.0,1.0,0.0,,0.0,1.0,1.0,1.0,0.0,0.0,0.0,,,0.0,0.0,1.0,0.0,,0.0,0.0,1.0,0.0,1.0,1.0,1.0,0.0,1.0,0.0,0.0,0.0,,1.0,1.0,0.0,0.0,0.0,0.0,0.0,0.0,1.0,,1.0,1.0,0.0,1.0,1.0,1.0,0.0,0.0,0.0,0.0,0.0,0.0,1.0,1.0,,1.0,1.0,0.0,0.0,0.0,,0.0,1.0,0.0,,0.0,1.0,0.0,1.0,1.0,0.0,0.0,0.0,1.0,,1.0,1.0,0.0,0.0,1.0,1.0,1.0,0.0,,0.0,1.0,1.0,0.0,1.0,1.0,1.0,,,0.0,0.0,0.0,0.0,0.0,1.0,0.0,1.0,1.0,1.0,1.0,0.0,1.0,1.0,1.0,,1.0,1.0,,1.0,1.0,0.0,0.0,1.0,0.0,0.0,1.0,1.0,1.0,0.0,0.0,0.0,1.0,0.0,0.0,1.0,1.0,0.0,0.0,1.0,,1.0,1.0,0.0,1.0,0.0,0.0,1.0,,,,0.0,1.0,,0.0,0.0,,,0.0,0.0,0.0,1.0,1.0,1.0,1.0
Luiz Argôlo,1.0,1.0,1.0,0.0,0.0,,,,,,1.0,,,,1.0,1.0,,,,1.0,1.0,1.0,1.0,1.0,1.0,1.0,,1.0,0.0,0.0,0.0,1.0,1.0,0.0,,1.0,1.0,1.0,0.0,0.0,0.0,,0.0,,1.0,,1.0,1.0,,,1.0,0.0,0.0,1.0,0.0,1.0,1.0,,,0.0,,0.0,1.0,,,0.0,,,,1.0,1.0,0.0,,1.0,0.0,1.0,0.0,0.0,1.0,0.0,1.0,1.0,1.0,1.0,,1.0,1.0,,1.0,0.0,0.0,,,0.0,1.0,1.0,0.0,,,,1.0,,0.0,,0.0,,0.0,0.0,0.0,,,,,,,,,,,,,,,,,,,,,0.0,1.0,1.0,1.0,,1.0,,,,1.0,0.0,0.0,0.0,,,,,,,1.0,0.0,,,0.0,,,,,,,,,,,,,1.0,1.0,0.0,1.0,,0.0,0.0,,,,,,,,,1.0,1.0,0.0,,1.0,1.0,1.0,,,1.0,1.0,1.0,1.0,1.0,,,,0.0,,0.0,1.0,,,,,,,,,,,,0.0,1.0,0.0,0.0,1.0,1.0,,0.0,,0.0,0.0,,1.0,,1.0,,,,,,,0.0,0.0,,,0.0,1.0,1.0,,,1.0,,0.0,,0.0,0.0,,,1.0,0.0,0.0,,1.0,1.0,,0.0,,,1.0,,1.0,,,,,1.0,0.0,,,1.0,,,,1.0,,1.0,1.0,,0.0,0.0,0.0,,1.0,0.0,,,1.0,,0.0,,,1.0,,1.0,0.0,,1.0,1.0,0.0,,,,0.0,0.0,,,,,,,,,1.0,,,,1.0,,,,,,,,,,,,0.0,,,,,,,,0.0,,1.0,1.0,,1.0
Luiz Carlos,,1.0,1.0,1.0,0.0,0.0,,1.0,,1.0,,,,0.0,1.0,,,1.0,1.0,1.0,1.0,,0.0,1.0,1.0,1.0,1.0,1.0,1.0,1.0,1.0,1.0,,0.0,1.0,1.0,1.0,1.0,0.0,,1.0,0.0,,1.0,1.0,1.0,1.0,,,1.0,0.0,,,1.0,0.0,,1.0,,,,,,,0.0,,,,1.0,1.0,0.0,1.0,1.0,,0.0,,0.0,,,1.0,1.0,0.0,,,,0.0,0.0,0.0,,1.0,,,,1.0,1.0,0.0,0.0,0.0,0.0,0.0,,0.0,,,,1.0,1.0,,,1.0,,1.0,0.0,,1.0,,,,,,,0.0,0.0,1.0,,1.0,0.0,0.0,1.0,,,0.0,0.0,0.0,0.0,,0.0,,,,1.0,,,,,1.0,1.0,1.0,1.0,,,1.0,0.0,,,,0.0,,1.0,1.0,,,,0.0,0.0,1.0,,1.0,,,,,,0.0,1.0,1.0,,,,1.0,1.0,0.0,,,0.0,0.0,,,1.0,,1.0,1.0,1.0,0.0,1.0,1.0,1.0,,,,,,,,1.0,1.0,,1.0,1.0,1.0,1.0,0.0,,1.0,1.0,1.0,0.0,,,1.0,1.0,,,,,,,,,,,,,,0.0,,,,1.0,0.0,0.0,,,,,,,,,1.0,0.0,1.0,,0.0,,1.0,1.0,0.0,,,,1.0,,,1.0,1.0,0.0,1.0,1.0,0.0,,0.0,1.0,,,,1.0,1.0,0.0,1.0,,,,,,,,,1.0,1.0,1.0,,,,1.0,,,0.0,,,,1.0,,,1.0,,,0.0,1.0,1.0,0.0,,1.0,1.0,,1.0,1.0,,,1.0,,0.0,,1.0,1.0,,1.0,,,0.0,1.0,,,1.0,1.0,1.0,,,,1.0,,,1.0,1.0,1.0
Luiz Carlos Busato,,,,,,,,,,,,,,,,,1.0,1.0,,,,,,,,,,,,,,,,,,,,,,,,,,1.0,,,,,,,,,,,,,1.0,,,,,,,,,,,,,,,,,,,,,,,,,,,,,,,,,,,,,,,,,,,,,,,,,,,,,,,,,,,,,,,,,,,,,,,,,,,,,,,,,,,,,,,,,,,,,,,,,,,,,,,,,,,,,,,,,,,,,,,,,,,,,,,,,1.0,1.0,,,,,,,,,,,,,,,,,1.0,1.0,,,,,,,,,,,,,,,,,,,,,,,,,,,,,,,,,,,,,,,,,,,,,,,,,,,,,,,,,,,,,,,,,,,,,,,,,,,,,,,,,,,,1.0,,,1.0,,,,,,,,,,,1.0,,,,,,1.0,1.0,0.0,1.0,1.0,1.0,1.0,1.0,0.0,0.0,,,,,,,,,,,,,,,,,,,,1.0,,,1.0,,,1.0
Luiz Carlos Hauly,,,,,,,,,,,,,,0.0,,,,1.0,,,,,,,,,,,,,,,1.0,,,,,,,,,,,1.0,1.0,1.0,,,,,,,,,,,,,,,,,,,,,,,,,,,1.0,,,,,,,,,,,,,,,,,,,,,,,,,,,,,,,,,,,,,,,,1.0,1.0,,,,,,,,,,,,,,,,,,,,,,,,,,,,,1.0,1.0,,,,1.0,,,,,,,,,,,,,,,,,,,,,,,,,,,,,,,,,,,,,,1.0,1.0,1.0,,,,,,,,,,,,,,,,1.0,1.0,1.0,1.0,1.0,1.0,0.0,0.0,1.0,,,,,,,,,,,,,,,,,,,,,,,,,,,,,,,1.0,1.0,1.0,,1.0,,1.0,,,,,,,,,,,,,,,,,,,,,,,,,,,,,,,1.0,0.0,,,,,,0.0,,1.0,,,1.0,,,,1.0,0.0,1.0,0.0,,1.0,,1.0,0.0,0.0,1.0,1.0,1.0,1.0,,,0.0,1.0,1.0,0.0,0.0,,,,1.0,,0.0,1.0,,,1.0,1.0,0.0,0.0,1.0,0.0,0.0,,0.0,1.0,0.0,0.0,1.0,1.0,,1.0,1.0,,
Luiz Carlos Setim,,1.0,1.0,1.0,0.0,,1.0,,1.0,,1.0,1.0,,,,,,,1.0,,,,0.0,1.0,1.0,1.0,0.0,0.0,1.0,1.0,0.0,,,0.0,1.0,1.0,,,,,,,,,,,1.0,1.0,1.0,1.0,,,,1.0,,,,1.0,,,,,,0.0,,,,1.0,1.0,0.0,1.0,,,0.0,1.0,0.0,,,1.0,1.0,0.0,,1.0,1.0,,0.0,0.0,0.0,1.0,0.0,,0.0,1.0,1.0,,,,,,0.0,0.0,,,,1.0,,,,0.0,,,0.0,,,1.0,,,,,,0.0,0.0,1.0,,,0.0,0.0,1.0,,,0.0,0.0,,,,,,1.0,0.0,1.0,,,,,1.0,1.0,1.0,,,,,0.0,1.0,1.0,1.0,,1.0,1.0,1.0,1.0,,,,0.0,,,,,1.0,,,,,,,,,,1.0,,,1.0,,,0.0,,,,0.0,,,,0.0,,,1.0,1.0,,,,,,,,,,,,,,,,,,,,1.0,1.0,,,,,,,,,,,,,,,,,,,,,,,,,,,,,,,,,,,,,,,,,,,,,,,,,,,,,,,,,,,,,,,,,,,,,,,,,,,,,,,,,,,,,,,,,,,,,,,,,,,,,,,,,,,,,,,,,,,,,,,,,,,,,,
Luiz Couto,1.0,1.0,1.0,0.0,1.0,1.0,0.0,1.0,1.0,1.0,1.0,1.0,1.0,0.0,0.0,0.0,0.0,,,0.0,0.0,1.0,0.0,1.0,1.0,1.0,1.0,1.0,0.0,0.0,0.0,1.0,1.0,1.0,1.0,1.0,,0.0,,0.0,0.0,1.0,0.0,,1.0,,1.0,1.0,1.0,1.0,0.0,0.0,0.0,1.0,1.0,0.0,1.0,1.0,0.0,0.0,0.0,0.0,1.0,1.0,0.0,0.0,0.0,0.0,0.0,1.0,1.0,0.0,1.0,1.0,0.0,1.0,0.0,0.0,0.0,0.0,1.0,1.0,1.0,1.0,1.0,1.0,1.0,1.0,1.0,0.0,0.0,1.0,0.0,0.0,1.0,1.0,0.0,0.0,0.0,1.0,1.0,0.0,0.0,1.0,0.0,1.0,0.0,0.0,0.0,0.0,1.0,1.0,1.0,1.0,,0.0,0.0,0.0,1.0,0.0,1.0,1.0,0.0,0.0,0.0,1.0,1.0,0.0,0.0,0.0,1.0,1.0,1.0,1.0,1.0,1.0,0.0,1.0,1.0,0.0,0.0,0.0,0.0,1.0,0.0,0.0,1.0,1.0,1.0,0.0,,0.0,0.0,0.0,0.0,0.0,1.0,1.0,0.0,1.0,0.0,0.0,0.0,1.0,1.0,1.0,0.0,0.0,1.0,0.0,0.0,0.0,1.0,0.0,0.0,0.0,0.0,0.0,1.0,1.0,1.0,0.0,0.0,0.0,1.0,1.0,1.0,1.0,1.0,0.0,1.0,1.0,0.0,1.0,0.0,0.0,1.0,0.0,0.0,0.0,,0.0,1.0,0.0,0.0,1.0,0.0,1.0,1.0,1.0,0.0,1.0,0.0,0.0,0.0,0.0,1.0,1.0,0.0,0.0,0.0,0.0,0.0,0.0,1.0,0.0,1.0,1.0,0.0,1.0,1.0,1.0,0.0,0.0,0.0,0.0,0.0,0.0,1.0,1.0,0.0,1.0,1.0,0.0,0.0,0.0,,0.0,,0.0,,0.0,1.0,0.0,1.0,1.0,0.0,0.0,0.0,1.0,1.0,1.0,1.0,0.0,0.0,1.0,1.0,1.0,0.0,1.0,0.0,1.0,1.0,0.0,1.0,1.0,1.0,1.0,1.0,,,0.0,0.0,0.0,1.0,0.0,1.0,1.0,1.0,,0.0,,1.0,1.0,0.0,1.0,1.0,0.0,1.0,1.0,0.0,0.0,,0.0,0.0,1.0,1.0,,0.0,0.0,0.0,1.0,0.0,1.0,1.0,1.0,0.0,0.0,,0.0,1.0,1.0,0.0,1.0,0.0,0.0,1.0,1.0,,,0.0,1.0,1.0,1.0,0.0,,,0.0,0.0,0.0,1.0,1.0,1.0,1.0
Luiz Fernando Faria,1.0,,1.0,,0.0,,,,1.0,1.0,,1.0,1.0,0.0,1.0,,,1.0,,1.0,1.0,0.0,,,,1.0,,,0.0,,0.0,1.0,1.0,0.0,,,1.0,,,,,,,,1.0,,1.0,,1.0,,,0.0,,,0.0,,1.0,,,,0.0,,1.0,,0.0,,,,1.0,1.0,1.0,0.0,,,,,,,0.0,0.0,1.0,,1.0,1.0,,,,,,0.0,,,,,,1.0,,,,,1.0,,0.0,,,1.0,,,,0.0,,,,1.0,,,,0.0,,0.0,1.0,,,,,1.0,,,,,1.0,1.0,1.0,1.0,,,,,1.0,,,,0.0,,1.0,1.0,1.0,,1.0,1.0,,0.0,,,,0.0,,,,1.0,,0.0,,,1.0,,,0.0,1.0,,0.0,,0.0,1.0,1.0,,0.0,,,1.0,,,,,,1.0,1.0,1.0,1.0,,,1.0,,,,0.0,,,,,1.0,0.0,,,,1.0,,,,,,1.0,,,0.0,0.0,,,1.0,0.0,0.0,0.0,0.0,,1.0,0.0,1.0,1.0,0.0,,,,,,,0.0,0.0,0.0,1.0,,,1.0,1.0,0.0,,0.0,,0.0,,,1.0,0.0,0.0,,1.0,1.0,0.0,,,1.0,,1.0,,,,,,,0.0,1.0,0.0,,,,,1.0,1.0,,1.0,,,0.0,0.0,0.0,1.0,,1.0,0.0,1.0,,,,1.0,1.0,0.0,1.0,,1.0,,,,1.0,,1.0,,0.0,0.0,,1.0,1.0,,,1.0,,1.0,1.0,,0.0,1.0,,,1.0,,,,0.0,1.0,0.0,0.0,1.0,,,1.0,,,0.0,,1.0,,0.0,1.0,,0.0,1.0
Luiz Fernando Machado,1.0,,1.0,1.0,1.0,,1.0,,,1.0,,,,,1.0,,,1.0,,1.0,1.0,0.0,0.0,1.0,1.0,1.0,,1.0,1.0,1.0,1.0,1.0,,0.0,1.0,1.0,,,,,,,,,,1.0,1.0,1.0,,1.0,,,,1.0,,,1.0,1.0,,,,,0.0,0.0,,,,,,0.0,1.0,1.0,,0.0,1.0,0.0,,,1.0,1.0,0.0,,1.0,,,0.0,0.0,0.0,1.0,,,0.0,1.0,1.0,,1.0,0.0,0.0,0.0,0.0,0.0,,,,1.0,1.0,,,,0.0,1.0,0.0,1.0,,1.0,,,,,,0.0,0.0,,,1.0,0.0,0.0,,,1.0,0.0,0.0,,,,,,,0.0,1.0,1.0,1.0,,1.0,1.0,1.0,1.0,1.0,1.0,1.0,,0.0,1.0,0.0,1.0,0.0,,1.0,1.0,0.0,,,,,0.0,,1.0,,,,,,0.0,1.0,1.0,,,,,1.0,,0.0,,,,,,,,1.0,1.0,,0.0,,1.0,1.0,,1.0,,,,,,,,,,,,,,1.0,1.0,1.0,,0.0,,,,,,,,,,,,,,,,,,,,,,1.0,0.0,,1.0,1.0,,,1.0,1.0,0.0,,1.0,0.0,1.0,0.0,,,1.0,1.0,0.0,,,1.0,1.0,1.0,,,,,,1.0,0.0,,1.0,,,,,1.0,1.0,,1.0,1.0,0.0,,,,,,,,1.0,,0.0,,,,,1.0,,0.0,,,1.0,1.0,,,1.0,,,1.0,1.0,,,1.0,1.0,,,,,,,1.0,,0.0,,,0.0,,1.0,0.0,0.0,1.0,0.0,0.0,1.0,,,,0.0,1.0,,,1.0,,,
Luiz Nishimori,1.0,1.0,1.0,1.0,0.0,0.0,1.0,1.0,,1.0,,,1.0,0.0,1.0,1.0,1.0,1.0,,1.0,1.0,0.0,0.0,1.0,1.0,1.0,1.0,1.0,,,,0.0,1.0,0.0,1.0,1.0,1.0,1.0,0.0,0.0,1.0,0.0,,1.0,1.0,1.0,1.0,1.0,1.0,1.0,0.0,,,1.0,0.0,0.0,1.0,1.0,,,,,,,,,,1.0,1.0,0.0,1.0,1.0,1.0,0.0,1.0,0.0,,,1.0,1.0,0.0,,,0.0,,0.0,0.0,0.0,1.0,,,0.0,1.0,1.0,0.0,0.0,0.0,0.0,0.0,0.0,0.0,,,,1.0,1.0,,,1.0,0.0,1.0,,1.0,1.0,1.0,,,,,,,,,,,,0.0,1.0,,,0.0,0.0,0.0,0.0,0.0,0.0,,,,1.0,1.0,1.0,0.0,1.0,0.0,,1.0,1.0,1.0,1.0,1.0,0.0,1.0,0.0,1.0,0.0,1.0,1.0,1.0,1.0,,,0.0,0.0,1.0,,1.0,,1.0,,,,0.0,1.0,1.0,,,1.0,1.0,1.0,0.0,0.0,,0.0,0.0,1.0,1.0,,,1.0,1.0,1.0,0.0,1.0,,1.0,1.0,1.0,,,,,,0.0,0.0,1.0,0.0,1.0,1.0,1.0,1.0,1.0,1.0,1.0,1.0,0.0,1.0,1.0,1.0,1.0,,,,,,,,,,,,,,1.0,,,,1.0,0.0,0.0,,,1.0,0.0,1.0,0.0,0.0,,1.0,0.0,1.0,1.0,0.0,1.0,1.0,1.0,0.0,,,1.0,1.0,1.0,0.0,1.0,1.0,1.0,1.0,1.0,,0.0,1.0,1.0,1.0,1.0,1.0,1.0,1.0,0.0,1.0,,,,,,,,,1.0,,1.0,0.0,1.0,1.0,1.0,0.0,1.0,,1.0,,,,1.0,1.0,0.0,0.0,1.0,1.0,,1.0,1.0,,,1.0,1.0,,,,,1.0,,,,0.0,1.0,0.0,1.0,1.0,0.0,,1.0,0.0,1.0,1.0,1.0,1.0,0.0,0.0,1.0,1.0,,1.0,1.0,0.0,
Luiz Noé,1.0,1.0,1.0,1.0,1.0,1.0,0.0,,1.0,,1.0,,,,,,,,1.0,,,,0.0,1.0,1.0,1.0,1.0,0.0,,0.0,0.0,,,0.0,1.0,1.0,,,,,,,,,,,1.0,1.0,1.0,,1.0,0.0,0.0,1.0,,,,1.0,0.0,0.0,0.0,0.0,1.0,1.0,,0.0,0.0,1.0,,,1.0,0.0,,1.0,0.0,1.0,0.0,0.0,0.0,0.0,1.0,1.0,1.0,1.0,1.0,1.0,1.0,1.0,1.0,0.0,0.0,1.0,,,1.0,1.0,0.0,0.0,0.0,1.0,,,0.0,1.0,0.0,1.0,,0.0,0.0,,,1.0,,,0.0,,0.0,0.0,1.0,0.0,1.0,1.0,0.0,0.0,0.0,1.0,1.0,0.0,0.0,0.0,1.0,1.0,1.0,1.0,1.0,1.0,0.0,,1.0,0.0,0.0,0.0,,,0.0,0.0,1.0,,,,,0.0,1.0,0.0,0.0,,1.0,1.0,1.0,1.0,0.0,0.0,0.0,1.0,1.0,,,0.0,,,0.0,0.0,,,,0.0,0.0,0.0,1.0,,1.0,1.0,,,1.0,,,,1.0,,,,,,,,,,,,,,,,,,,,,,,,,,,,,,,,,,,,,,,,,,,,,,,,,,,,,,,,,,,,,,,,,,,,,,,,,,,,,,,,,,,,,,,,,,,,,,,,,,,,,,,,,,,,,,,,,,,,,,,,,,,,,,,,,,,,,,,,,,,,,,,,,,,,,,,,,,,
Luiz Otavio,,,1.0,,,,,,,,,,,,,,,,,,,,,,,,,,,,,,,,,,,,,,,,,,,1.0,,,,,1.0,0.0,,,,,,,,,0.0,0.0,1.0,,,0.0,,,,1.0,1.0,0.0,1.0,1.0,0.0,1.0,,0.0,0.0,0.0,1.0,1.0,1.0,,1.0,1.0,1.0,1.0,1.0,0.0,0.0,,,0.0,,,,,,1.0,1.0,0.0,,1.0,,,0.0,0.0,,,,,,,,,,,,,,,,,,,,,,,,,,,,,,,,,,,,,,,,1.0,,,1.0,,,,,,,,,,,,,,,,,,,,,,,,,,,,,1.0,,,,,,,,,,,,,,,,,,,,,,,,,,1.0,,,,,,,,,,,,,,,,,,,,,,,,,,,,,,,,,,,,,,,,,,,1.0,,,,,,,,,,,,,,,,,,,,,,,,,,,,,,,,,,,,,,,,,1.0,,,,,,,,,,,,,1.0,,,,,,1.0,1.0,,1.0,1.0,,1.0,,0.0,,,0.0,,,,,0.0,,,,,,,,1.0,,,,,,,0.0,1.0,,0.0,
Luiz Pitiman,1.0,1.0,,,0.0,0.0,0.0,0.0,1.0,1.0,1.0,1.0,1.0,0.0,,,,1.0,1.0,,1.0,0.0,0.0,1.0,1.0,1.0,1.0,1.0,0.0,0.0,,1.0,1.0,0.0,1.0,1.0,1.0,1.0,1.0,0.0,1.0,0.0,0.0,1.0,1.0,1.0,1.0,1.0,1.0,1.0,,,,1.0,1.0,1.0,1.0,1.0,,,,,,,,,,,,,,,1.0,,,,,,,,,,,1.0,,,,,,,,,,,,1.0,,1.0,1.0,1.0,1.0,,0.0,1.0,0.0,,0.0,0.0,,0.0,1.0,1.0,1.0,1.0,0.0,0.0,0.0,0.0,1.0,0.0,1.0,1.0,0.0,0.0,0.0,1.0,1.0,0.0,0.0,0.0,1.0,1.0,1.0,1.0,1.0,1.0,0.0,0.0,1.0,0.0,1.0,1.0,1.0,1.0,0.0,1.0,1.0,,1.0,1.0,1.0,1.0,0.0,1.0,0.0,0.0,,1.0,0.0,1.0,0.0,0.0,0.0,1.0,1.0,1.0,1.0,0.0,1.0,0.0,0.0,0.0,0.0,1.0,1.0,,0.0,0.0,1.0,1.0,1.0,1.0,0.0,0.0,0.0,1.0,1.0,1.0,,1.0,1.0,1.0,0.0,1.0,,0.0,1.0,0.0,,,,,0.0,,,1.0,1.0,,,,,1.0,1.0,1.0,0.0,0.0,1.0,1.0,1.0,,,,,,,,,1.0,,,,,,1.0,1.0,1.0,,1.0,0.0,1.0,0.0,1.0,,1.0,1.0,,0.0,0.0,1.0,,1.0,1.0,0.0,1.0,1.0,1.0,0.0,0.0,0.0,1.0,,1.0,,0.0,0.0,0.0,1.0,1.0,,0.0,0.0,1.0,1.0,0.0,0.0,1.0,1.0,0.0,1.0,1.0,0.0,,0.0,0.0,,0.0,0.0,1.0,1.0,1.0,0.0,,1.0,1.0,,1.0,0.0,,0.0,0.0,1.0,1.0,,1.0,0.0,1.0,1.0,0.0,,0.0,,1.0,,,1.0,1.0,,,1.0,,0.0,,,1.0,0.0,1.0,1.0,0.0,0.0,1.0,,,1.0,1.0,1.0,0.0,0.0,1.0,1.0,,1.0,1.0,0.0,1.0
Luiz Sérgio,1.0,1.0,,,1.0,1.0,,1.0,1.0,1.0,1.0,1.0,1.0,,1.0,0.0,0.0,1.0,1.0,1.0,0.0,1.0,,,,,1.0,,,,,1.0,1.0,,,,0.0,0.0,0.0,1.0,1.0,1.0,0.0,1.0,1.0,1.0,,1.0,1.0,,,,,1.0,,0.0,1.0,,,,,,,,,,,,,,,,1.0,,,,,,,,,,,,,,,,,,,,,,1.0,1.0,,,,,,,,,,,,,,0.0,1.0,,1.0,1.0,,,,,,,,,,,,,,,,,,,,,,,,,,,0.0,,0.0,1.0,0.0,0.0,,,1.0,0.0,1.0,0.0,0.0,0.0,0.0,0.0,1.0,,0.0,1.0,0.0,,,1.0,,1.0,,0.0,1.0,,0.0,0.0,,,,0.0,0.0,0.0,1.0,,,0.0,0.0,0.0,,1.0,1.0,0.0,1.0,0.0,1.0,1.0,,0.0,,0.0,1.0,0.0,0.0,0.0,1.0,0.0,1.0,1.0,1.0,1.0,,,,,,1.0,0.0,0.0,0.0,0.0,1.0,1.0,0.0,0.0,0.0,0.0,0.0,0.0,1.0,0.0,1.0,1.0,0.0,1.0,1.0,1.0,0.0,0.0,0.0,0.0,,0.0,1.0,1.0,0.0,1.0,1.0,,0.0,0.0,0.0,,1.0,0.0,,0.0,1.0,,1.0,1.0,0.0,0.0,0.0,1.0,1.0,,1.0,1.0,1.0,0.0,,1.0,,1.0,1.0,1.0,,1.0,1.0,1.0,1.0,1.0,,0.0,,0.0,0.0,0.0,1.0,0.0,,1.0,1.0,1.0,0.0,,1.0,1.0,0.0,1.0,,,,,0.0,0.0,,0.0,,1.0,1.0,1.0,1.0,0.0,,1.0,1.0,1.0,1.0,1.0,0.0,0.0,1.0,0.0,1.0,1.0,0.0,1.0,0.0,0.0,,,,0.0,0.0,1.0,,0.0,0.0,,,,0.0,0.0,1.0,1.0,1.0,1.0
Luiz de Deus,,,,,,,,0.0,,1.0,,,1.0,0.0,1.0,1.0,1.0,1.0,,1.0,1.0,0.0,,,,,,,,,,,1.0,,,,1.0,0.0,0.0,,0.0,1.0,,1.0,1.0,1.0,,,,,,,,,0.0,,1.0,,,,,,,,,,,,,,,,1.0,,,,,,,,,,,,,,,,,,,,,,,,,,,,,,,,,,,,,0.0,,,1.0,1.0,,,,,,,,,,,,,,,,,,,,,,,,,,,,,1.0,1.0,,,,1.0,1.0,1.0,1.0,,,,,,,,,,,,,,,,,,,,,,0.0,1.0,1.0,,,,,1.0,,,,,,,,1.0,,1.0,1.0,1.0,,,,,,,,0.0,1.0,,1.0,1.0,1.0,1.0,1.0,1.0,1.0,1.0,1.0,1.0,1.0,1.0,1.0,1.0,,,1.0,0.0,0.0,0.0,0.0,0.0,0.0,,1.0,1.0,0.0,,,,,1.0,,0.0,0.0,1.0,1.0,0.0,,,1.0,1.0,1.0,1.0,1.0,,1.0,0.0,1.0,1.0,0.0,,1.0,1.0,1.0,,,,1.0,,1.0,0.0,,1.0,1.0,1.0,0.0,0.0,1.0,1.0,1.0,0.0,1.0,1.0,1.0,0.0,1.0,1.0,,,,,,,0.0,0.0,1.0,1.0,0.0,1.0,1.0,1.0,,1.0,0.0,1.0,0.0,0.0,1.0,1.0,1.0,0.0,,1.0,1.0,1.0,1.0,0.0,,0.0,1.0,1.0,1.0,1.0,,,,1.0,0.0,0.0,1.0,1.0,0.0,1.0,,0.0,0.0,1.0,,0.0,1.0,1.0,,0.0,0.0,1.0,1.0,,,1.0,,
Luiza Erundina,1.0,1.0,0.0,0.0,1.0,1.0,0.0,1.0,1.0,1.0,,1.0,1.0,0.0,1.0,0.0,1.0,1.0,,,0.0,0.0,0.0,1.0,1.0,1.0,1.0,0.0,0.0,0.0,0.0,1.0,1.0,0.0,1.0,1.0,1.0,0.0,0.0,0.0,0.0,1.0,0.0,1.0,1.0,1.0,1.0,1.0,1.0,1.0,1.0,0.0,0.0,1.0,,,1.0,1.0,0.0,0.0,0.0,0.0,1.0,1.0,0.0,0.0,0.0,1.0,0.0,1.0,0.0,0.0,0.0,1.0,0.0,1.0,,0.0,0.0,0.0,1.0,1.0,1.0,,0.0,0.0,0.0,0.0,1.0,0.0,0.0,1.0,0.0,0.0,,1.0,0.0,0.0,0.0,0.0,1.0,0.0,0.0,0.0,0.0,1.0,,0.0,0.0,0.0,1.0,0.0,1.0,1.0,0.0,0.0,0.0,0.0,1.0,1.0,0.0,0.0,1.0,0.0,1.0,0.0,0.0,1.0,0.0,,0.0,0.0,0.0,0.0,0.0,0.0,0.0,1.0,1.0,0.0,0.0,0.0,0.0,1.0,0.0,0.0,0.0,1.0,1.0,0.0,1.0,0.0,1.0,0.0,,0.0,1.0,0.0,,1.0,0.0,0.0,0.0,1.0,1.0,1.0,0.0,0.0,1.0,0.0,0.0,0.0,0.0,1.0,0.0,,,,,,1.0,0.0,,,1.0,,,0.0,1.0,0.0,1.0,1.0,1.0,1.0,0.0,0.0,1.0,1.0,,,,0.0,,1.0,1.0,1.0,1.0,1.0,1.0,1.0,1.0,1.0,0.0,1.0,0.0,1.0,1.0,1.0,0.0,0.0,1.0,1.0,0.0,0.0,0.0,0.0,1.0,1.0,0.0,0.0,1.0,1.0,0.0,0.0,0.0,0.0,1.0,1.0,,,0.0,1.0,1.0,0.0,1.0,0.0,1.0,0.0,1.0,0.0,1.0,0.0,,0.0,1.0,1.0,,,,,1.0,1.0,,0.0,1.0,0.0,,,,1.0,1.0,1.0,1.0,1.0,1.0,1.0,1.0,0.0,1.0,1.0,0.0,0.0,0.0,0.0,1.0,0.0,1.0,1.0,1.0,1.0,,1.0,1.0,1.0,0.0,1.0,,0.0,1.0,,,0.0,1.0,0.0,0.0,0.0,1.0,1.0,1.0,1.0,0.0,,1.0,1.0,0.0,0.0,1.0,0.0,1.0,1.0,0.0,,0.0,0.0,0.0,1.0,1.0,0.0,0.0,1.0,0.0,0.0,,1.0,1.0,,,1.0,,,,,,1.0
Lázaro Botelho,,1.0,1.0,1.0,0.0,0.0,0.0,1.0,1.0,,1.0,,,0.0,0.0,1.0,1.0,1.0,1.0,1.0,1.0,1.0,1.0,1.0,1.0,1.0,,1.0,0.0,0.0,0.0,1.0,1.0,0.0,1.0,1.0,1.0,1.0,0.0,0.0,0.0,0.0,0.0,1.0,1.0,1.0,1.0,1.0,1.0,,1.0,0.0,0.0,,,,1.0,1.0,0.0,0.0,0.0,0.0,1.0,1.0,0.0,0.0,0.0,,1.0,1.0,1.0,0.0,1.0,1.0,0.0,1.0,0.0,0.0,0.0,0.0,1.0,1.0,1.0,1.0,1.0,1.0,1.0,1.0,1.0,0.0,0.0,1.0,0.0,0.0,1.0,1.0,0.0,0.0,0.0,1.0,1.0,0.0,0.0,1.0,1.0,,0.0,0.0,0.0,0.0,,1.0,1.0,1.0,,0.0,0.0,0.0,1.0,0.0,1.0,1.0,0.0,,0.0,1.0,1.0,0.0,0.0,0.0,1.0,1.0,1.0,1.0,1.0,1.0,0.0,1.0,1.0,0.0,0.0,0.0,0.0,1.0,0.0,1.0,1.0,1.0,,,1.0,0.0,0.0,,,,1.0,,1.0,,,0.0,,,1.0,1.0,,0.0,1.0,0.0,0.0,0.0,,,,0.0,0.0,0.0,1.0,1.0,,1.0,,1.0,0.0,1.0,1.0,1.0,,1.0,1.0,,1.0,1.0,0.0,0.0,1.0,,,,,,,,1.0,1.0,0.0,1.0,1.0,1.0,1.0,1.0,,,,,1.0,1.0,,,,,,,,,,,,,,,,,,,,,,,,,1.0,,0.0,0.0,0.0,0.0,1.0,0.0,,0.0,,0.0,1.0,1.0,,,,,,,,1.0,1.0,1.0,,,0.0,1.0,0.0,1.0,1.0,1.0,1.0,,1.0,1.0,,0.0,1.0,0.0,0.0,0.0,1.0,0.0,,0.0,1.0,1.0,,1.0,1.0,1.0,0.0,1.0,0.0,1.0,0.0,0.0,1.0,1.0,1.0,0.0,0.0,1.0,1.0,1.0,1.0,1.0,,1.0,1.0,1.0,1.0,1.0,0.0,0.0,,0.0,1.0,,0.0,0.0,1.0,1.0,,0.0,,,,1.0,1.0,1.0,1.0,0.0,0.0,1.0,,0.0,1.0,0.0,0.0,
Lúcio Vale,1.0,1.0,1.0,0.0,0.0,0.0,0.0,0.0,,1.0,1.0,1.0,1.0,0.0,0.0,1.0,1.0,1.0,,1.0,,0.0,0.0,1.0,1.0,1.0,1.0,1.0,0.0,0.0,0.0,1.0,1.0,0.0,1.0,1.0,1.0,0.0,,0.0,0.0,0.0,,1.0,1.0,1.0,1.0,1.0,1.0,1.0,1.0,0.0,0.0,1.0,1.0,1.0,1.0,1.0,,0.0,0.0,0.0,1.0,1.0,0.0,0.0,0.0,1.0,,,1.0,0.0,1.0,,0.0,1.0,0.0,0.0,0.0,0.0,1.0,1.0,1.0,1.0,1.0,1.0,1.0,1.0,1.0,0.0,0.0,1.0,,0.0,1.0,1.0,0.0,0.0,0.0,0.0,0.0,0.0,0.0,1.0,1.0,1.0,0.0,0.0,0.0,0.0,1.0,1.0,1.0,1.0,0.0,0.0,0.0,0.0,1.0,0.0,1.0,1.0,0.0,0.0,0.0,1.0,1.0,0.0,0.0,0.0,1.0,1.0,1.0,1.0,1.0,1.0,0.0,1.0,1.0,0.0,0.0,0.0,0.0,1.0,1.0,1.0,1.0,1.0,1.0,1.0,1.0,,0.0,0.0,0.0,0.0,,1.0,1.0,,0.0,,,0.0,,,0.0,,,,0.0,0.0,1.0,0.0,0.0,0.0,0.0,1.0,1.0,1.0,1.0,1.0,0.0,0.0,1.0,,,1.0,1.0,1.0,1.0,1.0,1.0,0.0,0.0,0.0,1.0,0.0,0.0,0.0,1.0,0.0,1.0,1.0,0.0,1.0,0.0,1.0,,,,1.0,0.0,0.0,0.0,0.0,,1.0,0.0,0.0,0.0,0.0,1.0,0.0,1.0,,1.0,,0.0,1.0,1.0,1.0,0.0,1.0,0.0,0.0,0.0,0.0,1.0,1.0,0.0,1.0,1.0,0.0,0.0,0.0,0.0,0.0,1.0,0.0,1.0,0.0,1.0,,1.0,1.0,0.0,,0.0,1.0,1.0,1.0,1.0,0.0,0.0,1.0,1.0,1.0,,1.0,0.0,1.0,1.0,0.0,1.0,1.0,1.0,0.0,1.0,0.0,0.0,0.0,0.0,0.0,1.0,0.0,1.0,1.0,1.0,1.0,0.0,1.0,1.0,1.0,0.0,1.0,0.0,0.0,0.0,1.0,0.0,1.0,1.0,1.0,1.0,,0.0,1.0,1.0,1.0,,,1.0,1.0,1.0,1.0,0.0,0.0,1.0,,1.0,,,,0.0,1.0,1.0,0.0,0.0,1.0,0.0,,1.0,1.0,,0.0,0.0,1.0,,0.0,,1.0,,1.0
Magda Mofatto,,,,,0.0,0.0,0.0,1.0,,,1.0,1.0,1.0,,1.0,,1.0,,1.0,1.0,1.0,,0.0,1.0,1.0,,,1.0,0.0,0.0,0.0,0.0,1.0,0.0,1.0,1.0,1.0,0.0,0.0,,1.0,0.0,0.0,,1.0,,1.0,1.0,1.0,1.0,,,,1.0,0.0,1.0,1.0,1.0,,,,,,,,,,,,,,,,,,,,,,,,,,1.0,,,,,,,,,,,,,0.0,0.0,0.0,1.0,1.0,0.0,,0.0,0.0,0.0,0.0,0.0,,0.0,1.0,1.0,,,0.0,0.0,0.0,0.0,1.0,0.0,1.0,1.0,0.0,0.0,0.0,1.0,1.0,0.0,,,,,,,,,0.0,,0.0,0.0,0.0,0.0,,,,,,1.0,,,1.0,,,,,,1.0,1.0,0.0,,0.0,,,1.0,,1.0,,0.0,1.0,0.0,0.0,0.0,0.0,1.0,1.0,0.0,0.0,0.0,,1.0,1.0,1.0,0.0,,,1.0,1.0,,,1.0,1.0,1.0,0.0,,,0.0,,,,,1.0,1.0,,,,,,1.0,1.0,1.0,,1.0,0.0,0.0,1.0,1.0,,,0.0,,,,,0.0,1.0,0.0,1.0,1.0,0.0,0.0,1.0,1.0,0.0,,0.0,,0.0,1.0,1.0,1.0,0.0,,1.0,,,,,,1.0,0.0,1.0,,1.0,0.0,1.0,1.0,0.0,0.0,0.0,1.0,1.0,,,1.0,1.0,0.0,1.0,1.0,,,,,1.0,1.0,1.0,,,0.0,1.0,,,0.0,0.0,0.0,1.0,,,1.0,1.0,1.0,0.0,,,,,,0.0,,0.0,,,1.0,,,,,,,,1.0,0.0,1.0,,1.0,0.0,1.0,0.0,0.0,1.0,,,,0.0,1.0,0.0,1.0,1.0,,0.0,1.0,,,1.0,1.0,,,,1.0,,0.0,1.0,,,1.0
Magela,,,,,,,,,,,,1.0,1.0,,,,0.0,,,,,,,,,,,,,,,,,,,,,,,,,,,1.0,,,,,,,,,,,,,,,,,,,,,,,,,,,,,1.0,,,,,,,,,,,,,,,,,,,,,,,,,,,,,,,,,,,,,,,,,,,,,,,,,,,,,,,,,0.0,1.0,1.0,1.0,1.0,1.0,,,,,,,,,,,,,,,,1.0,,,,,,,,,,0.0,0.0,,1.0,,,,,,,,0.0,,,,0.0,,0.0,,1.0,,,,,,1.0,1.0,1.0,,,,1.0,,1.0,,,,0.0,0.0,0.0,1.0,,,,,1.0,,,,,,1.0,,,,,,,,0.0,,,,0.0,1.0,,,1.0,0.0,1.0,1.0,,0.0,0.0,0.0,0.0,0.0,,1.0,,,,,,,,,,1.0,,,,,,,,,,,,,1.0,,,,,,,,,,,,,,,,,,,,,,,,,,,,1.0,,,,,,,,,,,,,,,,,,,,,,,,1.0,,,0.0,0.0,,,1.0,,0.0,1.0,,,,,,,,1.0,1.0,1.0,,,,,1.0,0.0,1.0,,,1.0
Major Fábio,,,,,,,,1.0,,1.0,,,1.0,0.0,1.0,1.0,1.0,1.0,,1.0,1.0,0.0,,,,,,,,,,1.0,1.0,,,,1.0,0.0,0.0,0.0,0.0,0.0,,1.0,1.0,1.0,,,,,,,,,1.0,,1.0,,,,,,,,,,,,,,,,0.0,,,,,,,,,,,,,,,,,,,,,,,,,,,,,,,,,,,,,0.0,,,1.0,1.0,,,,,,,,,,,,,,,,,,,,,,,,,,,,,1.0,1.0,,,,1.0,,1.0,1.0,,,,,,,,,,,,,,,,,,1.0,,,,,1.0,1.0,,,,,1.0,,,,1.0,,1.0,1.0,1.0,,1.0,1.0,1.0,,,,,,1.0,1.0,,,,0.0,1.0,1.0,1.0,0.0,1.0,1.0,1.0,0.0,1.0,,1.0,1.0,1.0,,,,1.0,,1.0,0.0,,,,,,,,,,,0.0,,,,1.0,0.0,0.0,1.0,1.0,,0.0,1.0,1.0,1.0,,1.0,0.0,1.0,1.0,0.0,1.0,1.0,1.0,,,,,1.0,1.0,0.0,0.0,0.0,1.0,1.0,1.0,,0.0,1.0,,1.0,0.0,0.0,1.0,1.0,0.0,1.0,1.0,0.0,,,0.0,,0.0,0.0,1.0,1.0,1.0,0.0,1.0,1.0,1.0,0.0,1.0,0.0,,,,1.0,1.0,1.0,0.0,,1.0,1.0,1.0,1.0,1.0,0.0,1.0,1.0,1.0,1.0,1.0,0.0,,1.0,0.0,1.0,,1.0,0.0,0.0,1.0,,0.0,,1.0,0.0,,1.0,1.0,1.0,0.0,1.0,1.0,,0.0,,1.0,,1.0
Mandetta,1.0,1.0,1.0,1.0,0.0,,1.0,1.0,,1.0,1.0,,1.0,,,1.0,1.0,1.0,1.0,1.0,1.0,0.0,0.0,1.0,1.0,1.0,1.0,0.0,1.0,1.0,0.0,1.0,1.0,0.0,1.0,1.0,,0.0,,,0.0,0.0,,1.0,1.0,1.0,,1.0,,1.0,0.0,,,,1.0,,1.0,,,,,,0.0,0.0,,,,1.0,1.0,0.0,1.0,,0.0,0.0,1.0,,,,,1.0,0.0,,1.0,,0.0,0.0,0.0,0.0,1.0,,,,1.0,1.0,,,,,,0.0,0.0,,,,1.0,1.0,,,1.0,0.0,,0.0,1.0,1.0,1.0,,,,,,0.0,,1.0,,,0.0,,1.0,1.0,,,,,,,,,1.0,,1.0,1.0,1.0,0.0,1.0,1.0,1.0,1.0,1.0,,1.0,1.0,0.0,,1.0,1.0,0.0,1.0,1.0,1.0,1.0,,,,0.0,,,,,,,,,0.0,1.0,1.0,,,,1.0,1.0,0.0,,,1.0,,1.0,1.0,1.0,,1.0,1.0,1.0,0.0,1.0,,1.0,,0.0,0.0,,1.0,,,1.0,1.0,1.0,,1.0,1.0,1.0,,1.0,1.0,1.0,,,1.0,,1.0,1.0,,1.0,0.0,,,,,,,,,,,1.0,,,,,0.0,0.0,,1.0,0.0,1.0,1.0,1.0,1.0,,1.0,,,,,1.0,1.0,1.0,,,,,1.0,,1.0,,,,1.0,1.0,0.0,,1.0,1.0,1.0,1.0,,1.0,1.0,0.0,1.0,1.0,0.0,,,,,,0.0,0.0,1.0,,0.0,1.0,1.0,1.0,,1.0,0.0,,,,1.0,1.0,1.0,0.0,,1.0,1.0,1.0,1.0,0.0,,0.0,1.0,1.0,0.0,0.0,,,1.0,1.0,0.0,,1.0,1.0,,1.0,1.0,0.0,0.0,1.0,0.0,0.0,1.0,,,,0.0,1.0,0.0,,1.0,1.0,0.0,1.0
Manoel Junior,1.0,1.0,1.0,1.0,0.0,,0.0,1.0,,1.0,,1.0,1.0,,,1.0,1.0,,1.0,1.0,1.0,1.0,,,1.0,1.0,1.0,1.0,,,,1.0,1.0,0.0,1.0,1.0,,,,,,,0.0,1.0,1.0,,1.0,1.0,1.0,,1.0,0.0,,,,,1.0,,,0.0,0.0,,,1.0,0.0,,,1.0,0.0,,1.0,,1.0,1.0,0.0,,,0.0,0.0,0.0,1.0,1.0,1.0,,1.0,1.0,1.0,,1.0,,0.0,1.0,0.0,,,1.0,,,0.0,1.0,1.0,0.0,,1.0,,,0.0,,0.0,0.0,,,1.0,1.0,,,0.0,,,0.0,1.0,1.0,0.0,,0.0,1.0,1.0,0.0,,0.0,1.0,,1.0,1.0,1.0,1.0,,,,0.0,,,0.0,1.0,1.0,1.0,1.0,1.0,1.0,0.0,1.0,,1.0,,,,,,,,0.0,,0.0,,1.0,1.0,,0.0,,,0.0,,0.0,,1.0,0.0,,,,,1.0,,,,,1.0,1.0,1.0,1.0,1.0,1.0,1.0,,1.0,,,1.0,0.0,0.0,0.0,1.0,0.0,1.0,0.0,,1.0,0.0,1.0,1.0,1.0,1.0,1.0,0.0,0.0,1.0,,1.0,1.0,1.0,1.0,1.0,,,0.0,,0.0,1.0,1.0,0.0,0.0,1.0,1.0,0.0,0.0,0.0,0.0,1.0,0.0,,,,1.0,1.0,0.0,1.0,,0.0,0.0,1.0,0.0,,,0.0,0.0,1.0,1.0,0.0,0.0,0.0,1.0,1.0,,1.0,0.0,0.0,1.0,,,0.0,,,1.0,1.0,0.0,1.0,,,1.0,1.0,,1.0,0.0,0.0,0.0,,,1.0,1.0,1.0,1.0,0.0,1.0,1.0,1.0,0.0,,0.0,1.0,,,1.0,1.0,,0.0,0.0,1.0,1.0,,,,,,,1.0,,,,0.0,,0.0,1.0,,0.0,0.0,0.0,1.0,,0.0,0.0,1.0,0.0,1.0,1.0,1.0,1.0,,0.0,1.0,1.0,0.0,1.0,1.0,0.0,
Manoel Salviano,,1.0,1.0,1.0,0.0,,,,1.0,1.0,,,,0.0,0.0,1.0,1.0,1.0,1.0,1.0,,0.0,,1.0,,1.0,,1.0,,,,1.0,1.0,0.0,1.0,1.0,1.0,,,,,,0.0,,,1.0,1.0,1.0,1.0,1.0,,,,1.0,0.0,,,1.0,,,,,,0.0,,0.0,,,,,,1.0,,0.0,0.0,1.0,,,0.0,0.0,0.0,,1.0,1.0,0.0,0.0,,,,,,1.0,,1.0,,,0.0,0.0,,,,,,,1.0,1.0,,,,0.0,1.0,1.0,1.0,,,,0.0,,1.0,0.0,1.0,,,,0.0,1.0,1.0,0.0,0.0,,1.0,1.0,1.0,1.0,1.0,1.0,0.0,1.0,,,,,,,1.0,1.0,1.0,,1.0,1.0,,0.0,1.0,1.0,0.0,,1.0,1.0,1.0,1.0,0.0,0.0,0.0,,1.0,1.0,,0.0,1.0,,0.0,0.0,0.0,,1.0,0.0,0.0,1.0,1.0,1.0,,,,,,1.0,1.0,,,1.0,1.0,1.0,0.0,,1.0,1.0,1.0,,0.0,,1.0,,,1.0,1.0,,,,,,,,,,1.0,,,,,,,,,0.0,1.0,0.0,,,0.0,,,,0.0,0.0,,0.0,0.0,1.0,1.0,0.0,,,,,,,,,1.0,,1.0,,,,,,0.0,0.0,0.0,1.0,,,,,,,,1.0,,,,1.0,,,,,1.0,0.0,1.0,,,,,,,,,0.0,,,,,,,0.0,1.0,,1.0,0.0,1.0,,1.0,1.0,0.0,,,0.0,,1.0,,0.0,,1.0,,1.0,1.0,0.0,,1.0,,,,,,,1.0,,0.0,1.0,1.0,,,1.0,,,,0.0,,,0.0,1.0,,,1.0
Manuel Rosa Neca,,,,,,,,,,1.0,,,1.0,,1.0,1.0,1.0,,,1.0,,1.0,,,,,,,,,,1.0,1.0,,,,1.0,0.0,0.0,0.0,1.0,0.0,,,1.0,1.0,,,,,,,,,0.0,1.0,1.0,,,,,,,,,,,,,,,,1.0,,,,,,,,,,,,,,,,,,,,,,,,,,,,,,,,,,,,,0.0,,,1.0,1.0,,,,,,,,,,,,,,,,,,,,,,,,,,,,,0.0,1.0,,,,1.0,1.0,1.0,1.0,,,,,,,,,,,,,,,,0.0,,,,,,0.0,0.0,1.0,,,,,,,,,,,,1.0,1.0,,,,1.0,,,,,,0.0,0.0,,1.0,0.0,1.0,1.0,1.0,1.0,0.0,1.0,1.0,1.0,1.0,1.0,0.0,0.0,1.0,1.0,,,0.0,0.0,0.0,0.0,1.0,0.0,1.0,0.0,0.0,1.0,0.0,0.0,,1.0,0.0,0.0,0.0,0.0,0.0,1.0,1.0,1.0,0.0,1.0,1.0,0.0,1.0,0.0,0.0,0.0,1.0,0.0,1.0,0.0,1.0,,1.0,1.0,0.0,0.0,0.0,1.0,1.0,1.0,1.0,1.0,1.0,0.0,,1.0,,1.0,1.0,1.0,1.0,1.0,1.0,1.0,1.0,,1.0,0.0,0.0,0.0,0.0,0.0,1.0,0.0,1.0,1.0,1.0,1.0,1.0,,1.0,1.0,0.0,1.0,0.0,0.0,0.0,1.0,0.0,1.0,,0.0,0.0,1.0,1.0,1.0,1.0,1.0,0.0,1.0,1.0,1.0,1.0,1.0,0.0,0.0,0.0,0.0,1.0,1.0,0.0,,0.0,1.0,1.0,0.0,0.0,1.0,0.0,1.0,,1.0,1.0,,,1.0,,0.0,1.0,,,1.0
Manuela D`Ávila,,1.0,1.0,1.0,1.0,,,1.0,1.0,1.0,,,1.0,0.0,1.0,0.0,,,,1.0,1.0,1.0,0.0,1.0,1.0,1.0,1.0,1.0,0.0,,,,1.0,,1.0,,,,,,,,0.0,,,,,1.0,,,1.0,,,,,,1.0,1.0,,,,0.0,,,0.0,0.0,0.0,1.0,,1.0,,0.0,0.0,1.0,0.0,1.0,0.0,0.0,0.0,0.0,1.0,1.0,1.0,,1.0,1.0,,1.0,1.0,,,,0.0,,,,0.0,0.0,0.0,,,,0.0,1.0,0.0,,,,,0.0,,,,,,,,,,,,,,,,,,,0.0,,,1.0,,,,,,,,0.0,,,,,0.0,1.0,,1.0,1.0,0.0,,,0.0,0.0,,0.0,,1.0,0.0,,,,,,1.0,,0.0,,,,,,,,,,,,1.0,1.0,,0.0,,,,,,0.0,1.0,0.0,1.0,1.0,,,,0.0,,0.0,,,,0.0,,1.0,0.0,1.0,0.0,1.0,1.0,1.0,0.0,,0.0,0.0,1.0,,,,0.0,0.0,0.0,0.0,1.0,0.0,1.0,,,,,,,,,0.0,0.0,0.0,0.0,1.0,,,0.0,1.0,1.0,0.0,0.0,0.0,0.0,0.0,,,1.0,0.0,1.0,0.0,,1.0,,0.0,,1.0,,1.0,1.0,,,,,,0.0,1.0,0.0,1.0,1.0,1.0,1.0,1.0,1.0,1.0,1.0,0.0,0.0,0.0,0.0,0.0,1.0,0.0,1.0,1.0,1.0,,,,1.0,,,1.0,1.0,0.0,0.0,,0.0,,,1.0,,,1.0,,0.0,0.0,0.0,1.0,0.0,1.0,1.0,1.0,0.0,0.0,,,,1.0,0.0,1.0,,0.0,1.0,,,,,,1.0,1.0,0.0,,,0.0,0.0,,1.0,1.0,1.0,1.0
Mara Gabrilli,,1.0,1.0,1.0,1.0,1.0,1.0,,1.0,1.0,1.0,1.0,1.0,0.0,1.0,1.0,,1.0,1.0,1.0,1.0,0.0,0.0,1.0,1.0,,1.0,1.0,,1.0,1.0,0.0,1.0,0.0,,1.0,1.0,1.0,,0.0,,0.0,,1.0,1.0,,,1.0,1.0,1.0,,,,,0.0,,1.0,1.0,,,,,,0.0,,,,1.0,1.0,,,,0.0,0.0,1.0,,,,1.0,1.0,0.0,,1.0,0.0,1.0,0.0,1.0,,,,,,,1.0,0.0,0.0,0.0,,0.0,0.0,0.0,,,,0.0,1.0,,,1.0,0.0,,0.0,1.0,1.0,1.0,,,,,,,,,,1.0,,0.0,1.0,,,0.0,0.0,0.0,,0.0,0.0,,0.0,,1.0,1.0,1.0,0.0,1.0,0.0,0.0,1.0,,1.0,1.0,,0.0,1.0,0.0,1.0,0.0,,,1.0,,,,0.0,0.0,,,1.0,,,,,,0.0,1.0,1.0,,,1.0,1.0,1.0,,0.0,,,0.0,,,1.0,,1.0,1.0,1.0,,1.0,,,1.0,1.0,,,,,,1.0,1.0,1.0,1.0,,,,,,,1.0,,0.0,1.0,,1.0,,,,,,,,,,,,,,,0.0,,,,,0.0,0.0,1.0,,,,,,,0.0,,0.0,1.0,1.0,0.0,1.0,1.0,1.0,,,,,1.0,1.0,,1.0,1.0,1.0,1.0,1.0,0.0,0.0,0.0,,1.0,,1.0,1.0,1.0,0.0,1.0,1.0,0.0,,0.0,0.0,1.0,0.0,0.0,1.0,1.0,,0.0,,,1.0,,1.0,0.0,,0.0,0.0,1.0,1.0,1.0,1.0,1.0,0.0,0.0,1.0,,0.0,,1.0,,,1.0,1.0,,,,1.0,0.0,,,,,,1.0,0.0,,1.0,,0.0,1.0,0.0,1.0,0.0,0.0,1.0,,,1.0,,1.0,1.0
Marcelo Aguiar,1.0,1.0,1.0,1.0,,,0.0,,1.0,,,1.0,1.0,0.0,,,1.0,1.0,1.0,1.0,1.0,,0.0,1.0,1.0,1.0,1.0,1.0,0.0,0.0,0.0,,,,1.0,1.0,1.0,1.0,,,,,,1.0,,,1.0,1.0,1.0,,1.0,0.0,0.0,1.0,,1.0,,1.0,0.0,0.0,0.0,0.0,1.0,1.0,,1.0,0.0,1.0,0.0,1.0,1.0,,1.0,0.0,1.0,0.0,0.0,0.0,0.0,0.0,1.0,1.0,1.0,1.0,,1.0,1.0,1.0,,0.0,0.0,1.0,0.0,0.0,1.0,1.0,,,,1.0,1.0,0.0,,1.0,1.0,0.0,0.0,0.0,0.0,0.0,1.0,1.0,,,0.0,0.0,0.0,0.0,1.0,0.0,1.0,1.0,0.0,0.0,0.0,,1.0,0.0,0.0,0.0,1.0,1.0,1.0,1.0,1.0,1.0,0.0,1.0,1.0,0.0,1.0,1.0,,,1.0,1.0,,,1.0,1.0,,0.0,,1.0,0.0,0.0,1.0,1.0,0.0,,,0.0,0.0,0.0,1.0,,0.0,,,,,,0.0,1.0,,0.0,0.0,0.0,,1.0,,1.0,0.0,0.0,0.0,,,,0.0,1.0,1.0,1.0,,1.0,1.0,1.0,1.0,,0.0,0.0,1.0,,0.0,,,1.0,,,,,,,1.0,1.0,1.0,,1.0,,0.0,0.0,0.0,1.0,0.0,0.0,,0.0,1.0,1.0,,,1.0,1.0,0.0,1.0,0.0,0.0,,1.0,1.0,1.0,,1.0,,,,,,,,,1.0,,,,1.0,1.0,0.0,,0.0,1.0,1.0,1.0,1.0,,,,,,,,,1.0,,,,1.0,1.0,0.0,,,,,,,,,,,1.0,,,1.0,,1.0,,1.0,,,,,,1.0,,,1.0,0.0,,,,,,,,1.0,1.0,1.0,,,,1.0,0.0,,,,0.0,1.0,,,0.0,1.0,,,1.0,,,0.0,0.0,1.0,1.0,,,,,1.0
Marcelo Almeida,,,,,,,,0.0,,1.0,,,1.0,0.0,,1.0,,,,0.0,0.0,1.0,,,,,,,,,,,1.0,,,,,0.0,0.0,0.0,1.0,1.0,,,,,,,,,,,,,0.0,0.0,1.0,,,,,,,,,,,,,,,,,,,,,,,,,,,,,,,,,,,,,,,,,,,,,,,,,,,,,0.0,,,1.0,1.0,,,,,,,,,,,,,,,,,,,,,,,,,,,,,,,,,,,1.0,0.0,,,,,,,,,,,,,,,,,0.0,,,,,,0.0,1.0,1.0,,,,,,,,,,,,,,,1.0,1.0,1.0,,,,,,0.0,1.0,,0.0,,1.0,,,,,,,,,,0.0,0.0,0.0,0.0,,,1.0,,,,,,,,,,,,,,,0.0,,0.0,,0.0,1.0,1.0,0.0,1.0,1.0,,1.0,0.0,0.0,0.0,,1.0,1.0,0.0,1.0,,,1.0,0.0,0.0,1.0,1.0,1.0,1.0,1.0,1.0,1.0,1.0,,1.0,,,,0.0,1.0,1.0,1.0,1.0,,1.0,,,,,,,,,,0.0,1.0,,,,1.0,1.0,0.0,1.0,,1.0,1.0,,,1.0,,0.0,0.0,1.0,1.0,0.0,,0.0,0.0,,,,0.0,0.0,0.0,0.0,,0.0,1.0,,,,,,1.0,0.0,0.0,1.0,,,,,,,,,,,,,,1.0
Marcelo Castro,1.0,1.0,1.0,1.0,0.0,0.0,,1.0,1.0,1.0,1.0,1.0,1.0,0.0,,1.0,1.0,1.0,1.0,1.0,1.0,1.0,0.0,1.0,1.0,1.0,1.0,1.0,0.0,0.0,0.0,1.0,1.0,0.0,1.0,1.0,1.0,0.0,,1.0,1.0,0.0,0.0,1.0,1.0,1.0,1.0,1.0,1.0,1.0,1.0,0.0,0.0,1.0,,1.0,1.0,1.0,,,,,,,,,,,0.0,1.0,1.0,0.0,1.0,,0.0,1.0,0.0,0.0,0.0,0.0,1.0,1.0,1.0,,1.0,,1.0,1.0,1.0,0.0,0.0,1.0,0.0,,1.0,1.0,0.0,0.0,0.0,1.0,1.0,0.0,0.0,1.0,1.0,1.0,1.0,1.0,0.0,0.0,1.0,1.0,1.0,1.0,,0.0,0.0,0.0,1.0,0.0,1.0,1.0,0.0,0.0,0.0,1.0,1.0,0.0,0.0,0.0,1.0,1.0,1.0,1.0,1.0,1.0,0.0,,1.0,0.0,0.0,0.0,0.0,1.0,0.0,1.0,1.0,1.0,1.0,0.0,1.0,0.0,0.0,1.0,0.0,0.0,1.0,1.0,,1.0,0.0,0.0,0.0,1.0,1.0,,,0.0,1.0,,,,0.0,1.0,1.0,0.0,0.0,0.0,1.0,1.0,1.0,1.0,0.0,0.0,,1.0,1.0,1.0,1.0,1.0,1.0,1.0,1.0,0.0,0.0,0.0,1.0,,0.0,0.0,1.0,0.0,1.0,0.0,0.0,1.0,0.0,1.0,1.0,1.0,1.0,1.0,0.0,0.0,0.0,0.0,1.0,,1.0,1.0,1.0,1.0,1.0,0.0,1.0,0.0,1.0,1.0,0.0,0.0,1.0,1.0,0.0,0.0,0.0,0.0,1.0,,1.0,1.0,0.0,,1.0,,1.0,1.0,,0.0,1.0,1.0,1.0,0.0,0.0,0.0,1.0,1.0,0.0,,0.0,1.0,1.0,1.0,1.0,0.0,0.0,1.0,1.0,1.0,0.0,1.0,0.0,0.0,1.0,0.0,1.0,1.0,1.0,1.0,1.0,0.0,0.0,0.0,0.0,0.0,1.0,0.0,1.0,1.0,,1.0,0.0,,1.0,1.0,0.0,1.0,0.0,1.0,1.0,0.0,1.0,0.0,1.0,0.0,0.0,1.0,1.0,,,,,,,1.0,,1.0,0.0,0.0,1.0,,1.0,,,,0.0,1.0,,0.0,,1.0,,1.0,1.0,1.0,0.0,0.0,0.0,1.0,1.0,0.0,1.0,1.0,0.0,
Marcelo Guimarães Filho,,,,,,,,,,,,,,,,,,,,,,,,,,,,,,,,,,,,,,,,,,,,,,,,,,,,,,,,,,,,,,,,,,,,,,,,,,,,,,,,,,,,,,,,,,,,,,,,,,,,,,,,,,,,,,,,,,,,,,,,,,,,,,,,,,,,,,,,,,,,,,,,,,,,,1.0,0.0,,,,,,,,,,,,,,,,,,,,,,,0.0,1.0,1.0,,,,,,,,,,,,,,,,,1.0,,,,,,,0.0,0.0,1.0,,,,,,,,,,,,,,1.0,,,,,,,,,,,,,,,,,,,0.0,,,,0.0,,,,,,,,,,,,,,,,,,,0.0,0.0,0.0,1.0,1.0,,1.0,,,,,,,,,,,,,,,,,,,,,,,,,,,,,,,,,,,,,,,,,,,,,,,,,,,,,,,,,,,,,,,,,,,,,,,,,,,,,,,,,
Marcelo Matos,1.0,1.0,1.0,0.0,1.0,1.0,1.0,1.0,1.0,1.0,1.0,,,0.0,1.0,,0.0,,,1.0,1.0,0.0,0.0,1.0,1.0,1.0,1.0,0.0,0.0,1.0,0.0,1.0,,0.0,1.0,1.0,,,,,,,0.0,,1.0,1.0,1.0,1.0,1.0,1.0,1.0,0.0,,1.0,1.0,1.0,1.0,,0.0,0.0,0.0,0.0,1.0,,0.0,,,,0.0,,,0.0,,1.0,0.0,1.0,0.0,,0.0,0.0,1.0,1.0,1.0,,1.0,1.0,,,1.0,,0.0,1.0,0.0,,1.0,1.0,,0.0,0.0,,,0.0,,,0.0,1.0,0.0,0.0,0.0,0.0,,1.0,1.0,1.0,0.0,0.0,0.0,0.0,1.0,0.0,1.0,1.0,0.0,0.0,,1.0,,0.0,0.0,,1.0,,1.0,1.0,,1.0,0.0,1.0,1.0,,0.0,0.0,0.0,1.0,0.0,0.0,0.0,1.0,,,1.0,0.0,0.0,0.0,0.0,,1.0,1.0,,,,,0.0,1.0,0.0,1.0,0.0,0.0,,,0.0,0.0,0.0,1.0,1.0,0.0,0.0,,,1.0,,,0.0,0.0,1.0,,,,,1.0,1.0,,1.0,,,,,,,,,1.0,,1.0,1.0,,,,,,,1.0,,1.0,0.0,1.0,,,0.0,0.0,0.0,0.0,0.0,0.0,0.0,0.0,,1.0,,,1.0,1.0,,,0.0,,0.0,0.0,0.0,0.0,0.0,1.0,1.0,0.0,1.0,,1.0,,1.0,,1.0,0.0,1.0,0.0,1.0,1.0,,,0.0,1.0,1.0,1.0,,1.0,1.0,0.0,1.0,1.0,,,1.0,,1.0,1.0,1.0,1.0,,0.0,1.0,1.0,0.0,0.0,0.0,0.0,1.0,0.0,1.0,1.0,1.0,1.0,,,1.0,1.0,0.0,1.0,1.0,,0.0,0.0,1.0,,,,0.0,1.0,1.0,1.0,1.0,0.0,0.0,1.0,1.0,1.0,0.0,1.0,,,,0.0,1.0,,0.0,1.0,0.0,1.0,,,,,,,1.0,,1.0,0.0,0.0,,,0.0,,,1.0,1.0
Marcio Bittar,,,1.0,1.0,0.0,,,,,1.0,1.0,,,,,,,1.0,1.0,1.0,1.0,,,1.0,1.0,1.0,1.0,1.0,,1.0,1.0,0.0,,,1.0,,1.0,1.0,,,,,,,,,1.0,1.0,1.0,1.0,,,,1.0,,,,1.0,,,,,0.0,0.0,,,,1.0,1.0,0.0,1.0,1.0,,0.0,1.0,0.0,,,1.0,1.0,0.0,,1.0,0.0,0.0,0.0,0.0,,,,,,1.0,1.0,0.0,0.0,,,,,0.0,,,,1.0,1.0,,,,0.0,1.0,,,,1.0,,,,,,,,,,1.0,0.0,0.0,,,,0.0,0.0,0.0,,,,,,,1.0,,,0.0,1.0,0.0,1.0,1.0,,,,1.0,0.0,1.0,0.0,,,,1.0,1.0,,,,0.0,0.0,1.0,,,,,,,,0.0,,,,,,,1.0,0.0,,,0.0,0.0,,,,,1.0,1.0,,0.0,1.0,1.0,,,,,,,,,,,,,1.0,1.0,1.0,0.0,,,,,1.0,,,,,,,,,,,,,,,,,,,,,,1.0,,,,1.0,,,,1.0,0.0,,1.0,,,,,,,1.0,,,,,,,,,,,,,,,,,,,,,,,1.0,,,,,,,,,1.0,,,,,1.0,,,,,,,,,,1.0,,,,,,,0.0,,,,,,,,,,1.0,,0.0,,,,,,,,1.0,,,1.0,1.0,1.0,,,,,,,1.0,,
Marcio Junqueira,,,,,,,,0.0,,1.0,,,,,,1.0,,,,1.0,1.0,0.0,,,,,,,,,,1.0,,,,,1.0,0.0,0.0,,0.0,0.0,,,1.0,,,,,,,,,,,,1.0,,,,,,,,,,,,,,,,,,,,,,,,,,,,,,,,,,,,,,,,,,,,,,,,,,,,,0.0,,,1.0,1.0,,,,,,,,,,,,,,,,,,,,,,,,,,,,,0.0,,,,,1.0,1.0,1.0,,,,,,,,,,,,,,,,,,,,,,,0.0,,1.0,,,,,,,,,,,,,,,1.0,1.0,,,,,,,,,0.0,,0.0,0.0,,,1.0,,1.0,,,,,,1.0,1.0,,,,1.0,1.0,,,,,,,,,,,,,,1.0,0.0,0.0,1.0,1.0,0.0,0.0,,,,,,,,,,0.0,,,,,1.0,1.0,1.0,,,,,1.0,1.0,1.0,1.0,1.0,1.0,1.0,0.0,1.0,,,1.0,1.0,1.0,,,0.0,1.0,0.0,0.0,,,0.0,1.0,0.0,,,1.0,,0.0,,,1.0,0.0,1.0,,,,,,,,,,1.0,,1.0,,,,,,,,,,,1.0,,,,0.0,0.0,,0.0,1.0,0.0,,,,,,1.0,,,,,,,,,,
Marcio Reinaldo Moreira,1.0,1.0,1.0,0.0,0.0,0.0,,,1.0,,1.0,1.0,,,,,,,1.0,,,,1.0,1.0,0.0,1.0,1.0,1.0,0.0,0.0,0.0,,,0.0,1.0,,,,,,,,0.0,,,,1.0,,1.0,,,,,1.0,,,,1.0,0.0,0.0,0.0,0.0,1.0,1.0,0.0,0.0,0.0,1.0,1.0,1.0,,0.0,,1.0,0.0,1.0,0.0,0.0,0.0,0.0,,1.0,,1.0,,1.0,1.0,,,0.0,,,0.0,0.0,1.0,1.0,0.0,0.0,,1.0,1.0,0.0,0.0,1.0,0.0,1.0,0.0,0.0,0.0,,1.0,,,,,0.0,0.0,0.0,,,,,,0.0,,1.0,1.0,0.0,0.0,0.0,1.0,1.0,,1.0,1.0,1.0,0.0,,1.0,0.0,0.0,,,,,,,,,,,0.0,0.0,0.0,0.0,,,1.0,,,0.0,0.0,0.0,1.0,,,,0.0,1.0,,0.0,,,,,,,,1.0,,,1.0,0.0,,0.0,,,,,,,,,,,0.0,,,,,,,,,,,,,,,,,,,,,,,,,,,,,,,,,,,,,,,,,,,,,,,,,,,,,,,,,,,,,,,,,,,,,,,,,,,,,,,,,,,,,,,,,,,,,,,,,,,,,,,,,,,,,,,,,,,,,,,,,,,,,,,,,,,,,,,,,,,,,,,,,,,,
Marco Maia,,,,,,,,1.0,,1.0,,,,0.0,0.0,0.0,0.0,,,1.0,1.0,1.0,,,,,,,,,,1.0,1.0,,,,1.0,,0.0,,0.0,1.0,,1.0,,,,,,,,,,,,0.0,1.0,,,,,,,,,,,,,,,,1.0,,,,,,,,,,,,,,,,,,,,,,,,,,,,,,,,,,,,,0.0,,,1.0,1.0,,,,,,,,,,,,,,,,,,,,,,,,,,,,,,,,,,1.0,,0.0,,,,,,,,,,,,,,,,,,,,,,,0.0,,,,,,,,,,,,,,,1.0,,,1.0,1.0,,,,,,,,,,,1.0,1.0,1.0,1.0,0.0,1.0,1.0,1.0,0.0,1.0,,0.0,0.0,,,,0.0,,,,,,,,,,,,,,,0.0,,,,0.0,1.0,1.0,,1.0,1.0,,0.0,0.0,0.0,0.0,1.0,0.0,,0.0,1.0,0.0,1.0,1.0,,0.0,,1.0,1.0,1.0,1.0,1.0,1.0,0.0,1.0,,0.0,1.0,0.0,0.0,1.0,1.0,0.0,1.0,1.0,,,0.0,,0.0,0.0,,,0.0,,1.0,,1.0,,,1.0,,0.0,1.0,0.0,0.0,1.0,,0.0,,,0.0,0.0,1.0,1.0,,0.0,0.0,0.0,1.0,0.0,1.0,,,0.0,0.0,,0.0,1.0,1.0,0.0,1.0,0.0,0.0,,1.0,,,,,,1.0,0.0,,,,0.0,,1.0,,1.0,
Marco Tebaldi,1.0,1.0,,,0.0,0.0,,,1.0,1.0,,,1.0,,0.0,,1.0,,1.0,1.0,1.0,0.0,,,,,1.0,,,,,,1.0,,,,1.0,1.0,,,,0.0,,1.0,1.0,,,1.0,1.0,,,,,1.0,,,,,,,,,,,,,,,,,,,1.0,,,,,,1.0,1.0,0.0,,1.0,0.0,,,,,,,,,,,,,,,,,,,,,,,,,,0.0,1.0,,,1.0,,,,,,,,,,,,,,,,,,,,,,,,,,,1.0,1.0,,,1.0,1.0,1.0,1.0,,1.0,,0.0,1.0,0.0,1.0,,1.0,,1.0,,,,0.0,0.0,1.0,0.0,,,1.0,,,,0.0,,1.0,,,,1.0,1.0,0.0,,,0.0,0.0,1.0,,1.0,0.0,1.0,1.0,1.0,0.0,1.0,,1.0,,,,,,1.0,,1.0,1.0,1.0,,1.0,1.0,1.0,0.0,1.0,,,1.0,1.0,,,1.0,1.0,,,,,,,,,,,,,,,,,,1.0,,0.0,,,1.0,1.0,1.0,0.0,0.0,0.0,,0.0,1.0,1.0,0.0,,,1.0,,,,1.0,,,0.0,,,,1.0,,,0.0,1.0,1.0,1.0,1.0,1.0,1.0,1.0,0.0,,,,,0.0,,1.0,0.0,0.0,1.0,,,0.0,1.0,1.0,1.0,,1.0,,1.0,0.0,0.0,,1.0,1.0,,1.0,,,,1.0,,,1.0,1.0,,1.0,,,,1.0,1.0,0.0,0.0,,,0.0,1.0,1.0,0.0,,1.0,0.0,,1.0,,,0.0,0.0,1.0,1.0,,1.0,1.0,0.0,1.0
Marcon,1.0,,0.0,0.0,1.0,,,1.0,1.0,1.0,1.0,,,,,0.0,0.0,1.0,,0.0,,1.0,,,,1.0,1.0,1.0,,0.0,0.0,1.0,,1.0,1.0,1.0,1.0,0.0,0.0,,,1.0,0.0,1.0,1.0,1.0,1.0,1.0,1.0,1.0,1.0,0.0,0.0,1.0,1.0,0.0,,,0.0,0.0,0.0,0.0,1.0,1.0,,0.0,0.0,,,1.0,1.0,0.0,1.0,,0.0,1.0,0.0,,,0.0,1.0,1.0,1.0,,,1.0,1.0,1.0,1.0,0.0,0.0,1.0,0.0,0.0,,1.0,0.0,,,,,0.0,0.0,1.0,,,,,0.0,0.0,,,1.0,1.0,,,0.0,0.0,1.0,0.0,1.0,,0.0,,0.0,1.0,1.0,0.0,0.0,0.0,1.0,1.0,1.0,1.0,1.0,1.0,,1.0,1.0,,0.0,0.0,,,0.0,0.0,1.0,1.0,1.0,0.0,1.0,,,,,,,1.0,0.0,,,0.0,0.0,1.0,,1.0,0.0,,,0.0,0.0,0.0,,,,0.0,0.0,0.0,1.0,1.0,,0.0,,,1.0,1.0,1.0,1.0,1.0,0.0,1.0,1.0,1.0,0.0,0.0,0.0,1.0,0.0,0.0,,1.0,0.0,,0.0,1.0,1.0,0.0,1.0,1.0,1.0,0.0,1.0,0.0,0.0,0.0,0.0,1.0,1.0,0.0,0.0,0.0,0.0,0.0,0.0,1.0,0.0,1.0,1.0,0.0,1.0,1.0,1.0,0.0,0.0,0.0,0.0,0.0,0.0,1.0,1.0,0.0,1.0,1.0,0.0,0.0,0.0,,0.0,,0.0,0.0,,1.0,0.0,,1.0,0.0,0.0,0.0,1.0,1.0,,1.0,1.0,1.0,0.0,1.0,1.0,0.0,,0.0,1.0,1.0,1.0,1.0,1.0,1.0,1.0,1.0,0.0,0.0,0.0,0.0,0.0,1.0,0.0,,1.0,1.0,1.0,0.0,1.0,1.0,1.0,0.0,1.0,,0.0,1.0,,0.0,0.0,1.0,0.0,,1.0,1.0,,0.0,,0.0,1.0,0.0,1.0,1.0,,,0.0,1.0,,,,0.0,1.0,0.0,0.0,,,1.0,,,,1.0,,,,,,0.0,0.0,1.0,1.0,1.0,1.0
Marcos Medrado,1.0,1.0,1.0,0.0,0.0,1.0,0.0,1.0,1.0,1.0,,,1.0,0.0,0.0,1.0,1.0,1.0,,1.0,1.0,1.0,0.0,1.0,0.0,1.0,1.0,1.0,0.0,0.0,0.0,1.0,1.0,1.0,1.0,1.0,1.0,0.0,0.0,0.0,0.0,1.0,0.0,1.0,1.0,,1.0,1.0,,1.0,,0.0,,,1.0,0.0,1.0,1.0,0.0,0.0,0.0,0.0,1.0,1.0,0.0,0.0,0.0,1.0,0.0,1.0,,0.0,1.0,1.0,0.0,1.0,0.0,,0.0,0.0,1.0,1.0,1.0,1.0,1.0,1.0,1.0,1.0,1.0,0.0,0.0,,,,,,,0.0,0.0,,1.0,0.0,0.0,1.0,0.0,1.0,0.0,0.0,,0.0,,1.0,1.0,1.0,,0.0,0.0,0.0,1.0,0.0,1.0,1.0,0.0,0.0,0.0,1.0,1.0,0.0,,,,1.0,1.0,1.0,1.0,1.0,,1.0,1.0,0.0,0.0,0.0,,,,,,1.0,1.0,0.0,1.0,0.0,1.0,0.0,0.0,,1.0,1.0,0.0,1.0,,0.0,0.0,1.0,,1.0,0.0,,,0.0,0.0,0.0,0.0,1.0,1.0,0.0,,0.0,1.0,,,1.0,,,,,,1.0,1.0,,,,1.0,,,,1.0,1.0,1.0,,0.0,0.0,,0.0,0.0,1.0,0.0,1.0,1.0,1.0,1.0,1.0,,0.0,0.0,0.0,,1.0,,0.0,0.0,0.0,0.0,0.0,1.0,0.0,1.0,1.0,1.0,1.0,,,,,0.0,0.0,0.0,0.0,0.0,1.0,0.0,1.0,1.0,0.0,0.0,,,,1.0,0.0,1.0,0.0,1.0,,1.0,1.0,0.0,0.0,0.0,1.0,1.0,1.0,0.0,0.0,0.0,1.0,1.0,1.0,,1.0,0.0,1.0,1.0,0.0,1.0,1.0,1.0,,1.0,1.0,0.0,0.0,,,1.0,0.0,1.0,1.0,1.0,,0.0,1.0,,,,1.0,1.0,1.0,1.0,0.0,1.0,1.0,1.0,0.0,0.0,1.0,1.0,,0.0,0.0,0.0,1.0,0.0,1.0,,,0.0,,,1.0,,1.0,,,,,1.0,,,,0.0,0.0,,1.0,1.0,,,1.0,,,,,,
Marcos Montes,1.0,1.0,1.0,1.0,,,,,1.0,1.0,1.0,1.0,1.0,,1.0,0.0,1.0,1.0,1.0,1.0,1.0,0.0,0.0,1.0,1.0,1.0,0.0,1.0,0.0,,,1.0,1.0,0.0,1.0,1.0,,1.0,,,,,0.0,1.0,1.0,,1.0,1.0,1.0,1.0,,,,1.0,0.0,,1.0,,,,,,0.0,,,,,1.0,1.0,0.0,1.0,,0.0,0.0,1.0,0.0,,,0.0,1.0,0.0,,1.0,1.0,0.0,0.0,0.0,0.0,1.0,,,0.0,,,1.0,1.0,,,,,0.0,,,,,1.0,,,,0.0,,0.0,1.0,1.0,,0.0,0.0,0.0,1.0,0.0,1.0,1.0,0.0,0.0,0.0,1.0,1.0,0.0,0.0,0.0,1.0,1.0,1.0,1.0,1.0,1.0,0.0,1.0,0.0,1.0,0.0,0.0,0.0,1.0,1.0,1.0,1.0,1.0,1.0,1.0,,0.0,1.0,1.0,0.0,0.0,1.0,1.0,1.0,1.0,,0.0,0.0,0.0,1.0,1.0,0.0,,,0.0,0.0,0.0,0.0,1.0,1.0,,,,1.0,1.0,1.0,1.0,0.0,1.0,0.0,,,1.0,0.0,1.0,1.0,1.0,0.0,1.0,1.0,1.0,1.0,,0.0,0.0,1.0,,1.0,1.0,1.0,1.0,0.0,,1.0,1.0,1.0,,1.0,1.0,,,1.0,1.0,,0.0,0.0,1.0,0.0,0.0,1.0,0.0,1.0,,,1.0,1.0,1.0,0.0,,0.0,0.0,1.0,1.0,,0.0,0.0,,1.0,,1.0,1.0,,0.0,,0.0,1.0,1.0,0.0,1.0,1.0,,0.0,0.0,0.0,1.0,1.0,1.0,1.0,,1.0,1.0,1.0,1.0,,,,1.0,,,,,,0.0,1.0,1.0,0.0,,,,,,,1.0,1.0,,0.0,1.0,1.0,1.0,0.0,1.0,0.0,1.0,,0.0,1.0,1.0,1.0,,1.0,0.0,,1.0,1.0,1.0,0.0,1.0,1.0,1.0,1.0,1.0,0.0,,1.0,1.0,0.0,,,,,1.0,,0.0,1.0,,,,1.0,1.0,1.0,0.0,0.0,1.0,,,1.0,1.0,0.0,1.0
Marcos Rogério,1.0,1.0,,,0.0,0.0,,1.0,1.0,1.0,1.0,1.0,1.0,,1.0,1.0,1.0,1.0,1.0,1.0,1.0,0.0,0.0,1.0,0.0,1.0,,0.0,0.0,1.0,0.0,1.0,1.0,,1.0,1.0,1.0,0.0,0.0,0.0,0.0,0.0,,1.0,1.0,1.0,1.0,1.0,1.0,1.0,,,,1.0,1.0,1.0,1.0,,,,,,,,,,,,,,,,0.0,,,,,,,,,,,1.0,,,,,,,,,,,1.0,1.0,,,,,,,,,,,,,,0.0,1.0,,1.0,1.0,,,,,,,,,,,,,,,0.0,0.0,1.0,,1.0,1.0,1.0,1.0,,,,,1.0,1.0,0.0,,1.0,1.0,1.0,1.0,1.0,1.0,1.0,0.0,,0.0,0.0,,1.0,1.0,0.0,1.0,0.0,0.0,,0.0,1.0,,0.0,0.0,,0.0,0.0,,0.0,1.0,1.0,0.0,0.0,1.0,1.0,1.0,0.0,1.0,0.0,1.0,1.0,1.0,1.0,1.0,1.0,1.0,1.0,1.0,0.0,1.0,0.0,0.0,,,,1.0,1.0,,,0.0,0.0,1.0,0.0,1.0,,,,1.0,1.0,1.0,0.0,0.0,,,0.0,0.0,0.0,0.0,0.0,0.0,0.0,,1.0,1.0,0.0,0.0,1.0,1.0,0.0,0.0,,0.0,0.0,0.0,0.0,0.0,0.0,1.0,,0.0,1.0,0.0,1.0,0.0,,1.0,1.0,0.0,1.0,,1.0,1.0,0.0,0.0,0.0,1.0,1.0,1.0,,1.0,1.0,0.0,1.0,1.0,0.0,1.0,1.0,1.0,1.0,1.0,1.0,,,0.0,1.0,,0.0,0.0,0.0,0.0,1.0,0.0,1.0,1.0,1.0,1.0,0.0,1.0,1.0,1.0,0.0,1.0,1.0,0.0,1.0,1.0,0.0,0.0,1.0,,1.0,,,0.0,1.0,0.0,0.0,1.0,1.0,1.0,1.0,1.0,,,1.0,1.0,0.0,1.0,0.0,0.0,0.0,1.0,1.0,0.0,0.0,1.0,0.0,1.0,1.0,1.0,0.0,0.0,0.0,1.0,0.0,0.0,1.0,,1.0,1.0
Marcus Pestana,1.0,1.0,1.0,1.0,1.0,1.0,1.0,1.0,1.0,1.0,1.0,1.0,1.0,0.0,0.0,1.0,1.0,1.0,1.0,1.0,1.0,0.0,0.0,1.0,0.0,1.0,1.0,1.0,,1.0,1.0,0.0,1.0,0.0,1.0,1.0,,1.0,0.0,0.0,1.0,0.0,0.0,1.0,1.0,1.0,1.0,1.0,,,0.0,,,1.0,0.0,0.0,1.0,1.0,,,,,,0.0,,,,1.0,1.0,0.0,1.0,1.0,1.0,0.0,,,,,1.0,1.0,0.0,,1.0,0.0,0.0,0.0,0.0,0.0,1.0,,,0.0,1.0,1.0,0.0,0.0,0.0,0.0,0.0,,,,,,1.0,,,,1.0,0.0,,0.0,1.0,1.0,1.0,,,,,,0.0,0.0,1.0,,1.0,0.0,0.0,1.0,,,0.0,0.0,,,,,,,0.0,1.0,1.0,1.0,1.0,1.0,1.0,1.0,1.0,1.0,1.0,1.0,1.0,,1.0,0.0,1.0,0.0,,1.0,1.0,0.0,,,1.0,0.0,,,,,1.0,,,,0.0,1.0,1.0,,,,1.0,1.0,0.0,0.0,,0.0,0.0,1.0,1.0,1.0,0.0,1.0,1.0,1.0,,1.0,1.0,1.0,1.0,,,,,,,1.0,1.0,1.0,1.0,1.0,1.0,1.0,0.0,1.0,1.0,1.0,1.0,0.0,1.0,0.0,1.0,1.0,1.0,1.0,0.0,,,,,,,,0.0,,,1.0,,,,1.0,0.0,0.0,,,,1.0,1.0,1.0,0.0,0.0,1.0,0.0,1.0,1.0,0.0,,1.0,1.0,0.0,,,1.0,1.0,1.0,0.0,1.0,1.0,1.0,1.0,1.0,,,,1.0,1.0,1.0,1.0,1.0,,,1.0,1.0,0.0,,0.0,0.0,1.0,0.0,0.0,1.0,1.0,1.0,0.0,1.0,1.0,1.0,,1.0,0.0,1.0,0.0,,1.0,1.0,1.0,1.0,1.0,0.0,0.0,1.0,1.0,0.0,,1.0,1.0,1.0,1.0,1.0,,,1.0,1.0,0.0,,1.0,,0.0,1.0,1.0,0.0,0.0,1.0,0.0,0.0,1.0,,1.0,0.0,0.0,1.0,1.0,1.0,1.0,,,1.0
Margarida Salomão,,,,,,,,1.0,,1.0,,,,,0.0,0.0,0.0,1.0,,,0.0,1.0,,,,,,,,,,,1.0,,,,1.0,0.0,,,,1.0,,1.0,1.0,,,,,,,,,,1.0,,1.0,,,,,,,,,,,,,,,,1.0,,,,,,,,,,,,,,,,,,,,,,,,,,,,,,,,,,,,,0.0,,,,1.0,,,,,,,,,,,,,,,,,,,,,,,,,,,,,0.0,1.0,,,,1.0,1.0,0.0,1.0,,,,,,,,,,,,,,,,0.0,,,,,,0.0,1.0,1.0,,,,,,,,,,,1.0,1.0,0.0,,0.0,1.0,1.0,,,,,,0.0,0.0,0.0,1.0,0.0,1.0,,0.0,1.0,0.0,0.0,1.0,1.0,0.0,1.0,0.0,0.0,0.0,0.0,,,0.0,0.0,0.0,0.0,0.0,0.0,1.0,0.0,1.0,1.0,0.0,1.0,1.0,1.0,0.0,0.0,0.0,0.0,0.0,0.0,1.0,1.0,0.0,1.0,1.0,0.0,0.0,0.0,,0.0,0.0,,,0.0,1.0,0.0,1.0,1.0,,,,1.0,1.0,1.0,1.0,1.0,1.0,1.0,1.0,1.0,,1.0,0.0,1.0,1.0,0.0,1.0,1.0,1.0,1.0,1.0,0.0,0.0,0.0,0.0,0.0,1.0,0.0,1.0,1.0,1.0,1.0,0.0,1.0,1.0,1.0,,1.0,1.0,0.0,1.0,1.0,0.0,0.0,1.0,,,,0.0,1.0,0.0,0.0,0.0,1.0,0.0,,1.0,1.0,0.0,0.0,1.0,0.0,1.0,1.0,0.0,1.0,,0.0,1.0,,,0.0,,1.0,,1.0,0.0,,,0.0,0.0,0.0,1.0,,1.0,1.0
Maria Lucia Prandi,,,,,,,,,,,,,,,,,0.0,1.0,,,,,,,,,,,,,,,,,,,,,,,,,,1.0,,,,,,,,,,,,,,,,,,,,,,,,,,,,,1.0,,,,,,,,,,,,,,,,,,,,,,,,,,,,,,,,,,,,,,,,,,,,,,,,,,,,,,,,,,,,,,,,,,,,,,,,,,,1.0,,,1.0,,,,,,,,,,,,,,,,,,,,,,,,,,,,,,,,,,,,,0.0,,,,,,,,,,,,,,,,0.0,0.0,,0.0,1.0,1.0,1.0,0.0,1.0,,,,,,,,,,,,,,,,,,,,,,,,,,,,,,,,,,,,,1.0,,,,,,,,,,,,,,,,,,,,,,,,,,,,,,,,,,,,,,,,,,,,,,,,,,,,,,,,,,,,,0.0,,,,1.0,,,0.0,0.0,,0.0,1.0,1.0,0.0,1.0,0.0,0.0,,,,,,1.0,,1.0,0.0,,,0.0,,,,1.0,,
Maria do Rosário,,,,,,,,,,,,,,,,,0.0,,,,,,,,,,,,,,,,,,,,,,,,,,,1.0,,,,,,,,,,,,,,,,,,,,,,,,,,,,,1.0,,,,,,,,,,,,,,,,,,,,,,,,,,,,,,,,,,,,,,,,,,,,,,,,,,,,,,,,,,,,,,,,,,,,,,,,,,,1.0,,,1.0,,,,,,,,,,,,,,,,,,,,,,,,,,,,,,,,,,,,,,,,,,,,,,,,,,,,,,,,,0.0,1.0,1.0,0.0,1.0,,,,,,,,,,,,,,,,,,,,,,,,,,,,,,,,,,,,,0.0,,,,,,,,,,,,,,,,,,,,,,,,,,,,,,,,,,,,,,,,,1.0,,1.0,,,,,,,,,,,1.0,,,,,,,0.0,,,,1.0,1.0,1.0,,,,,,1.0,0.0,1.0,,,,,,,,1.0,1.0,1.0,0.0,,,0.0,0.0,,1.0,1.0,1.0,1.0
Marina Santanna,1.0,,0.0,0.0,1.0,,,,,1.0,1.0,,1.0,0.0,,,,,,0.0,0.0,1.0,0.0,1.0,1.0,1.0,1.0,1.0,,,,,,1.0,,1.0,1.0,0.0,0.0,0.0,0.0,1.0,,,,,1.0,1.0,1.0,,1.0,0.0,0.0,,1.0,0.0,,1.0,,,,,1.0,1.0,,0.0,0.0,1.0,0.0,1.0,1.0,0.0,,1.0,0.0,1.0,0.0,,,,,1.0,,1.0,1.0,1.0,1.0,1.0,1.0,0.0,,1.0,,0.0,1.0,1.0,,,,1.0,1.0,0.0,,1.0,0.0,1.0,0.0,0.0,,0.0,,1.0,,1.0,0.0,0.0,0.0,0.0,1.0,0.0,1.0,1.0,0.0,,,1.0,1.0,0.0,,,,,,,,,0.0,,1.0,0.0,0.0,0.0,,,,,,,1.0,0.0,,,,0.0,0.0,0.0,1.0,1.0,0.0,1.0,,,,,,,,0.0,1.0,0.0,0.0,0.0,,,1.0,0.0,,,1.0,,,,,,,,,,,0.0,1.0,,,1.0,0.0,0.0,,0.0,0.0,0.0,1.0,0.0,1.0,,,,,,,,,,0.0,0.0,,0.0,,,0.0,0.0,0.0,0.0,0.0,0.0,1.0,,1.0,1.0,0.0,1.0,1.0,1.0,0.0,0.0,,0.0,0.0,,,,,1.0,1.0,0.0,1.0,0.0,0.0,0.0,,,,,,,,,,,,,1.0,1.0,,,,,,1.0,,,,,1.0,1.0,1.0,1.0,1.0,1.0,,0.0,0.0,0.0,0.0,0.0,1.0,0.0,1.0,,,,,,,,0.0,,1.0,,1.0,1.0,0.0,0.0,,,,,,,,,,,,,,,,,1.0,,,,,,,,,,,,,,,,,,,,,,,,,
Marinha Raupp,1.0,,1.0,1.0,0.0,,0.0,1.0,1.0,1.0,1.0,1.0,,0.0,1.0,1.0,1.0,,,1.0,1.0,1.0,,1.0,1.0,1.0,0.0,1.0,0.0,,0.0,1.0,1.0,0.0,1.0,1.0,1.0,0.0,1.0,1.0,1.0,0.0,0.0,,1.0,1.0,1.0,1.0,1.0,1.0,1.0,0.0,0.0,,,1.0,1.0,1.0,,0.0,,,,,0.0,0.0,0.0,1.0,1.0,,1.0,0.0,1.0,1.0,,,,,0.0,0.0,1.0,1.0,1.0,,1.0,1.0,,,,0.0,0.0,1.0,,,1.0,,,0.0,0.0,1.0,,,0.0,1.0,1.0,,,0.0,0.0,0.0,,,,,,0.0,0.0,0.0,1.0,0.0,1.0,1.0,0.0,,0.0,1.0,1.0,0.0,,0.0,1.0,1.0,1.0,1.0,1.0,1.0,0.0,,1.0,,0.0,0.0,0.0,1.0,0.0,1.0,1.0,1.0,1.0,1.0,1.0,,,,0.0,0.0,,1.0,,1.0,0.0,0.0,0.0,1.0,,1.0,0.0,0.0,1.0,,0.0,0.0,,1.0,1.0,,,,,1.0,1.0,1.0,,,0.0,1.0,1.0,,,1.0,1.0,,0.0,0.0,0.0,,1.0,0.0,,,,,1.0,,,1.0,1.0,1.0,1.0,1.0,0.0,1.0,0.0,,0.0,,1.0,1.0,,1.0,0.0,1.0,,,,0.0,,1.0,0.0,1.0,,,0.0,0.0,,,1.0,,1.0,1.0,,1.0,1.0,0.0,0.0,0.0,,,,,,,0.0,0.0,,1.0,0.0,0.0,,1.0,1.0,,,1.0,1.0,1.0,1.0,1.0,0.0,,1.0,,1.0,1.0,1.0,1.0,1.0,1.0,,,0.0,,0.0,,1.0,0.0,,1.0,1.0,1.0,0.0,,1.0,1.0,0.0,1.0,0.0,,,0.0,1.0,1.0,,0.0,0.0,,1.0,,,,,1.0,,1.0,1.0,1.0,,0.0,,,1.0,1.0,,,,1.0,1.0,,,,0.0,,,1.0,1.0,0.0,0.0,1.0,1.0,0.0,1.0,,,1.0
Marllos Sampaio,1.0,1.0,1.0,1.0,0.0,0.0,0.0,,1.0,1.0,1.0,1.0,1.0,0.0,0.0,1.0,1.0,1.0,1.0,1.0,1.0,1.0,,1.0,1.0,1.0,1.0,1.0,0.0,0.0,0.0,1.0,1.0,0.0,1.0,1.0,1.0,0.0,0.0,0.0,0.0,1.0,0.0,1.0,1.0,1.0,1.0,1.0,1.0,1.0,1.0,0.0,0.0,,,,1.0,,0.0,0.0,0.0,0.0,1.0,,0.0,0.0,0.0,1.0,0.0,1.0,1.0,0.0,1.0,1.0,0.0,1.0,0.0,0.0,0.0,0.0,1.0,1.0,,1.0,1.0,1.0,1.0,1.0,1.0,0.0,0.0,1.0,0.0,0.0,1.0,1.0,0.0,0.0,0.0,1.0,1.0,0.0,,1.0,0.0,1.0,0.0,0.0,0.0,0.0,,1.0,1.0,1.0,0.0,,,,,,,,,,,,,,0.0,0.0,1.0,1.0,1.0,1.0,1.0,1.0,,1.0,,0.0,1.0,1.0,0.0,1.0,,,,1.0,1.0,0.0,1.0,0.0,0.0,0.0,0.0,,1.0,1.0,0.0,1.0,0.0,0.0,0.0,0.0,,1.0,,0.0,1.0,0.0,0.0,0.0,0.0,1.0,1.0,0.0,0.0,0.0,1.0,,1.0,1.0,,,0.0,,,1.0,1.0,1.0,1.0,1.0,0.0,1.0,0.0,0.0,1.0,0.0,0.0,0.0,1.0,,1.0,,,1.0,0.0,1.0,1.0,1.0,0.0,1.0,0.0,0.0,0.0,0.0,1.0,1.0,1.0,1.0,1.0,1.0,1.0,0.0,1.0,0.0,1.0,1.0,0.0,0.0,1.0,1.0,0.0,0.0,0.0,0.0,1.0,0.0,1.0,1.0,,1.0,1.0,0.0,1.0,1.0,0.0,0.0,1.0,,1.0,,,,,1.0,0.0,0.0,0.0,1.0,1.0,1.0,1.0,,,,,,0.0,1.0,1.0,1.0,1.0,0.0,1.0,1.0,1.0,1.0,1.0,0.0,0.0,0.0,0.0,0.0,1.0,0.0,1.0,1.0,1.0,1.0,0.0,1.0,1.0,1.0,0.0,1.0,0.0,1.0,1.0,0.0,1.0,1.0,,0.0,0.0,1.0,1.0,1.0,,,0.0,1.0,,1.0,,,0.0,0.0,1.0,,1.0,1.0,0.0,1.0,0.0,1.0,1.0,0.0,0.0,1.0,0.0,1.0,,1.0,0.0,,,,0.0,,,,,
Marçal Filho,1.0,1.0,,,0.0,0.0,0.0,,,1.0,1.0,1.0,1.0,0.0,1.0,1.0,1.0,1.0,1.0,1.0,1.0,0.0,0.0,1.0,1.0,1.0,1.0,1.0,0.0,1.0,0.0,1.0,1.0,0.0,1.0,1.0,1.0,0.0,1.0,0.0,0.0,0.0,0.0,1.0,,1.0,1.0,1.0,1.0,1.0,1.0,0.0,0.0,,1.0,,1.0,1.0,0.0,,0.0,0.0,1.0,1.0,0.0,,0.0,1.0,0.0,1.0,1.0,0.0,0.0,,,,0.0,0.0,0.0,0.0,1.0,1.0,1.0,,1.0,1.0,1.0,1.0,1.0,0.0,0.0,1.0,0.0,0.0,1.0,1.0,0.0,,0.0,0.0,1.0,,0.0,1.0,0.0,1.0,0.0,0.0,0.0,0.0,,1.0,1.0,1.0,0.0,0.0,0.0,0.0,1.0,0.0,1.0,1.0,0.0,0.0,0.0,1.0,1.0,0.0,0.0,0.0,1.0,1.0,1.0,1.0,1.0,1.0,0.0,,1.0,1.0,0.0,0.0,,,0.0,1.0,1.0,1.0,1.0,0.0,1.0,,0.0,1.0,0.0,0.0,1.0,0.0,,1.0,0.0,0.0,0.0,1.0,1.0,1.0,0.0,,,0.0,0.0,0.0,0.0,1.0,1.0,0.0,0.0,0.0,,,1.0,1.0,0.0,0.0,0.0,1.0,1.0,1.0,,1.0,1.0,,0.0,1.0,0.0,1.0,1.0,0.0,0.0,0.0,1.0,0.0,1.0,0.0,0.0,1.0,1.0,1.0,1.0,1.0,1.0,1.0,0.0,1.0,0.0,0.0,1.0,1.0,,1.0,1.0,1.0,1.0,0.0,1.0,0.0,1.0,1.0,0.0,0.0,1.0,1.0,0.0,,0.0,,1.0,0.0,,1.0,,1.0,1.0,0.0,1.0,0.0,0.0,0.0,1.0,1.0,1.0,1.0,0.0,,1.0,1.0,0.0,0.0,0.0,1.0,,1.0,1.0,1.0,1.0,0.0,1.0,1.0,0.0,0.0,1.0,1.0,1.0,1.0,1.0,1.0,1.0,0.0,1.0,0.0,,0.0,0.0,,1.0,0.0,1.0,0.0,1.0,1.0,,1.0,1.0,1.0,0.0,1.0,0.0,1.0,1.0,0.0,1.0,1.0,1.0,0.0,0.0,1.0,1.0,1.0,1.0,1.0,0.0,1.0,1.0,1.0,0.0,0.0,1.0,0.0,,1.0,0.0,0.0,1.0,1.0,0.0,1.0,1.0,0.0,0.0,1.0,0.0,0.0,,1.0,1.0,0.0,0.0,1.0,0.0,1.0,1.0,1.0,0.0,1.0
Mauro Benevides,1.0,1.0,1.0,1.0,0.0,0.0,,1.0,1.0,1.0,1.0,1.0,,0.0,1.0,,1.0,1.0,1.0,1.0,1.0,1.0,0.0,1.0,1.0,1.0,1.0,1.0,0.0,0.0,0.0,1.0,1.0,0.0,1.0,1.0,,0.0,1.0,,,,,1.0,1.0,1.0,1.0,1.0,1.0,1.0,,,,1.0,0.0,,1.0,,0.0,0.0,,,1.0,1.0,,,,1.0,1.0,1.0,,,1.0,1.0,0.0,1.0,0.0,,0.0,0.0,1.0,1.0,1.0,,1.0,1.0,,,,0.0,,,0.0,,,1.0,0.0,,,,1.0,0.0,0.0,,1.0,,,0.0,0.0,0.0,1.0,,1.0,1.0,,0.0,0.0,,1.0,0.0,1.0,1.0,,0.0,,1.0,1.0,0.0,0.0,0.0,1.0,1.0,1.0,1.0,1.0,1.0,0.0,,1.0,,0.0,,0.0,,0.0,1.0,1.0,,1.0,0.0,1.0,1.0,1.0,1.0,0.0,,1.0,1.0,0.0,1.0,0.0,0.0,0.0,1.0,,1.0,0.0,0.0,1.0,0.0,0.0,0.0,0.0,1.0,1.0,0.0,0.0,0.0,,1.0,,1.0,0.0,,0.0,1.0,1.0,1.0,,1.0,1.0,1.0,0.0,,0.0,0.0,,0.0,0.0,0.0,1.0,,,0.0,0.0,,0.0,1.0,,,,1.0,,,0.0,0.0,,,1.0,,,,,0.0,1.0,0.0,1.0,1.0,,,,,0.0,0.0,0.0,0.0,1.0,0.0,1.0,,0.0,1.0,1.0,0.0,1.0,0.0,0.0,,1.0,1.0,1.0,0.0,0.0,,1.0,1.0,,,,,1.0,,,0.0,0.0,1.0,,1.0,,,,0.0,1.0,0.0,,1.0,1.0,,1.0,0.0,,0.0,0.0,,,,1.0,1.0,1.0,1.0,0.0,,1.0,1.0,0.0,1.0,,1.0,1.0,0.0,1.0,1.0,1.0,1.0,,,0.0,1.0,1.0,,0.0,,1.0,1.0,1.0,1.0,,0.0,,0.0,1.0,1.0,,,0.0,1.0,1.0,0.0,,,0.0,1.0,1.0,1.0,,0.0,0.0,1.0,1.0,0.0,1.0,1.0,,1.0
Mauro Lopes,1.0,1.0,,,0.0,,,,,1.0,,,1.0,,,1.0,1.0,,1.0,1.0,1.0,,0.0,,,1.0,,,0.0,,,,1.0,0.0,1.0,1.0,1.0,0.0,0.0,0.0,1.0,0.0,0.0,,,,,,1.0,,,,,1.0,1.0,,1.0,,,0.0,0.0,0.0,,,,,,,1.0,,,0.0,,,,,,,0.0,0.0,1.0,1.0,1.0,,1.0,1.0,1.0,1.0,1.0,0.0,0.0,1.0,0.0,,1.0,1.0,,,,,1.0,,,1.0,,1.0,0.0,,0.0,0.0,1.0,,,,0.0,,0.0,0.0,1.0,0.0,1.0,1.0,0.0,,,1.0,,0.0,,,,1.0,,,,,,,1.0,,0.0,0.0,,,0.0,1.0,1.0,,1.0,0.0,,,0.0,,,,,1.0,,,,,,,1.0,,,0.0,1.0,,0.0,,,,1.0,,0.0,,,,,1.0,,0.0,0.0,,,1.0,,1.0,1.0,1.0,,,,,1.0,,0.0,,1.0,,,,0.0,,,,,,,,,,,0.0,,,,1.0,1.0,1.0,1.0,0.0,1.0,0.0,,,,0.0,,,0.0,0.0,0.0,0.0,1.0,,1.0,,0.0,1.0,,,,,,0.0,,1.0,1.0,,0.0,,,,,0.0,0.0,,1.0,1.0,,1.0,1.0,,1.0,,0.0,,,,,,,,,,1.0,,,0.0,,0.0,,0.0,,,1.0,1.0,,,1.0,,,1.0,,,1.0,,1.0,1.0,,1.0,,,0.0,0.0,,1.0,,,,1.0,1.0,1.0,,,,0.0,1.0,,,,,,,0.0,,1.0,,,,,,0.0,0.0,1.0,1.0,,,,,1.0
Mauro Mariani,1.0,1.0,1.0,1.0,0.0,0.0,,,1.0,1.0,1.0,1.0,1.0,0.0,0.0,,1.0,,1.0,1.0,1.0,0.0,,,,1.0,,,,,,1.0,1.0,0.0,1.0,,1.0,,,,,,0.0,,,,1.0,,,1.0,,,,,,,1.0,,0.0,0.0,0.0,0.0,1.0,,,0.0,0.0,0.0,0.0,,1.0,,,,0.0,1.0,1.0,,0.0,0.0,1.0,1.0,,,0.0,0.0,0.0,,,,,,0.0,0.0,1.0,1.0,0.0,,,0.0,0.0,0.0,0.0,1.0,,,0.0,0.0,0.0,,,1.0,,,0.0,0.0,0.0,0.0,1.0,0.0,1.0,1.0,0.0,0.0,,1.0,1.0,0.0,0.0,,1.0,1.0,1.0,1.0,1.0,1.0,0.0,1.0,1.0,0.0,0.0,0.0,0.0,1.0,0.0,1.0,1.0,1.0,1.0,0.0,,1.0,,,0.0,,1.0,1.0,,,0.0,0.0,0.0,1.0,1.0,1.0,0.0,,,0.0,0.0,0.0,0.0,,1.0,0.0,0.0,,,1.0,1.0,1.0,0.0,0.0,0.0,1.0,1.0,1.0,,,,1.0,,1.0,0.0,0.0,1.0,,0.0,0.0,1.0,,,1.0,1.0,,1.0,1.0,1.0,1.0,1.0,1.0,0.0,0.0,0.0,1.0,1.0,1.0,1.0,1.0,,1.0,1.0,,0.0,0.0,,1.0,,,,,0.0,0.0,,0.0,1.0,0.0,,1.0,,,1.0,,1.0,0.0,,0.0,,1.0,1.0,1.0,0.0,,1.0,1.0,0.0,,,,1.0,,1.0,,,,1.0,1.0,0.0,0.0,1.0,1.0,,,,1.0,1.0,,,0.0,0.0,,0.0,,1.0,0.0,,0.0,1.0,,,,1.0,1.0,0.0,1.0,,1.0,,0.0,,1.0,,,,,0.0,1.0,1.0,,0.0,1.0,1.0,,1.0,1.0,,0.0,,0.0,,,1.0,0.0,0.0,1.0,1.0,0.0,0.0,1.0,0.0,1.0,1.0,1.0,,,0.0,1.0,,,1.0,1.0,,
Mauro Nazif,1.0,1.0,1.0,1.0,0.0,0.0,0.0,,1.0,,1.0,1.0,,,,,,,1.0,,,,0.0,1.0,1.0,,1.0,0.0,0.0,1.0,1.0,,,0.0,1.0,1.0,,,,,,,0.0,,,,,1.0,1.0,,1.0,0.0,0.0,,,,,1.0,0.0,0.0,0.0,,,1.0,0.0,0.0,0.0,,1.0,1.0,1.0,0.0,,1.0,0.0,1.0,,0.0,0.0,0.0,0.0,1.0,1.0,,,1.0,1.0,1.0,1.0,,0.0,1.0,,,1.0,1.0,0.0,0.0,0.0,0.0,,0.0,,1.0,1.0,1.0,0.0,0.0,0.0,,1.0,0.0,,,0.0,,0.0,0.0,1.0,0.0,1.0,1.0,0.0,,,1.0,,0.0,0.0,0.0,1.0,1.0,1.0,1.0,1.0,1.0,0.0,1.0,1.0,0.0,0.0,0.0,,,1.0,1.0,1.0,,,,,,1.0,1.0,0.0,0.0,1.0,,1.0,1.0,0.0,0.0,0.0,0.0,,1.0,,0.0,,0.0,,1.0,,,,,0.0,,,,,1.0,,,1.0,,,,,,,,1.0,1.0,0.0,,1.0,,,,,,,,,,,,,,,,,,,,1.0,1.0,,,,,,,,,,,,,,,,,,,,,,,,,,,,,,,,,,,,,,,,,,,,,,,,,,,,,,,,,,,,,,,,,,,,,,,,,,,,,,,,,,,,,,,,,,,,,,,,,,,,,,,,,,,,,,,,,,,,,,,,,,,,,,
Maurício Quintella Lessa,,1.0,1.0,0.0,0.0,,,,1.0,1.0,1.0,,,,1.0,,,1.0,,1.0,1.0,0.0,,1.0,0.0,1.0,1.0,1.0,,0.0,0.0,,,0.0,,,1.0,,,,,,,1.0,1.0,1.0,1.0,1.0,,1.0,,,0.0,,,,1.0,1.0,,0.0,0.0,,,1.0,0.0,0.0,0.0,1.0,1.0,,1.0,0.0,0.0,1.0,,1.0,0.0,,0.0,0.0,1.0,,,,,,,,,0.0,0.0,1.0,,0.0,,,,,,0.0,0.0,0.0,0.0,1.0,,,,0.0,0.0,0.0,,,1.0,,,0.0,0.0,,,1.0,1.0,1.0,0.0,,,1.0,1.0,0.0,0.0,,1.0,1.0,1.0,,1.0,1.0,0.0,,,0.0,1.0,,,1.0,1.0,1.0,1.0,,,1.0,,1.0,1.0,1.0,0.0,0.0,1.0,,1.0,,0.0,,,0.0,1.0,,,,1.0,0.0,0.0,,0.0,1.0,1.0,,,1.0,,1.0,1.0,1.0,0.0,,,1.0,1.0,1.0,1.0,,,1.0,0.0,,,1.0,1.0,0.0,0.0,0.0,1.0,0.0,1.0,1.0,,1.0,0.0,1.0,,,,1.0,,,1.0,,1.0,1.0,0.0,1.0,1.0,,,,,0.0,1.0,,,,,,,,0.0,0.0,1.0,,1.0,1.0,,1.0,,0.0,,0.0,0.0,,1.0,,,,,,1.0,,,,,,,,1.0,,,,,1.0,,,0.0,0.0,,,,1.0,1.0,,1.0,,,,,,,,,0.0,,,,1.0,,1.0,,1.0,,,,,,1.0,,0.0,,,1.0,,,1.0,,,,,1.0,1.0,,,,0.0,,1.0,,,0.0,,1.0,,,1.0,0.0,1.0,1.0,1.0,1.0,0.0,,1.0,1.0,0.0,,1.0,,1.0
Maurício Trindade,,,1.0,1.0,0.0,0.0,,,1.0,,1.0,,,,,,,,,,,,,,,1.0,,1.0,,0.0,,,,0.0,1.0,1.0,,,,,,,,,,1.0,1.0,,1.0,1.0,1.0,0.0,0.0,,,,,,0.0,0.0,0.0,,1.0,,0.0,0.0,0.0,,,1.0,1.0,,,,,1.0,,,0.0,0.0,1.0,1.0,,,1.0,1.0,1.0,1.0,1.0,0.0,0.0,,,0.0,1.0,1.0,,,0.0,0.0,,0.0,,1.0,1.0,1.0,0.0,,0.0,,,1.0,,,0.0,0.0,0.0,0.0,1.0,0.0,1.0,1.0,0.0,,,1.0,1.0,0.0,,,1.0,1.0,1.0,,,,,0.0,1.0,0.0,1.0,,,,,,,,,,1.0,0.0,1.0,1.0,,,,,,,,,,,,,,,,,0.0,0.0,,,,0.0,,1.0,,1.0,,1.0,,,,1.0,1.0,0.0,,,,,0.0,,,,,,,,,,,,,,,,,,,1.0,,,,,1.0,1.0,,,,,,,,,,,,,,,,,,,,,,,,,,,,,,,,,,,,,,,,,,,,,,,,,,,,,,,,,,,,,,,,,,,,,,,,1.0,,,,,,,,,,,,,,,,,,,,,,,,1.0,,,,,,,1.0,1.0,,,1.0,,,,,,,,,,,,0.0,,1.0,,1.0,1.0,0.0,1.0
Mendes Ribeiro Filho,,,1.0,1.0,,,,,,,,,,,,,,,,,,,,,,,,,,,,,,,,,,,,,,,,,,,,,,,,1.0,,,,,,,0.0,0.0,,0.0,1.0,1.0,0.0,0.0,0.0,0.0,1.0,,1.0,,,1.0,,,,0.0,0.0,0.0,1.0,1.0,1.0,,1.0,1.0,1.0,1.0,1.0,0.0,0.0,1.0,,0.0,,,,,0.0,,,,,,,,,,0.0,,,,,,,,,,,,,,,,,,,,,,,,,,,,,,,,,,,,,,,,,,,,,,,,,,,,,,,,,,,,,,,,,,,,,,,,,,,,,,,,,,,,,,,,,,,,,,,,,,,,,,,,,,,,,,,,,,,,,,,,,,,,,,,,,,,,,,,,,,,,,,,1.0,,,,,,,,,,,,,,,,,,,,,,,,,,,,,,,,,,,,,,,,,,,,,,,,,,,,,,,,,,,,,,,,,,,,,,,,,,,,,,,,,,,,,,,,,,,,
Mendonça Filho,1.0,1.0,,,0.0,,1.0,0.0,1.0,1.0,1.0,,1.0,0.0,,,1.0,,1.0,1.0,1.0,0.0,,1.0,1.0,1.0,1.0,0.0,1.0,,,0.0,1.0,0.0,1.0,1.0,1.0,0.0,0.0,0.0,1.0,0.0,,1.0,1.0,1.0,1.0,1.0,1.0,1.0,,,,1.0,,,1.0,,,,,,0.0,0.0,,,,,,,1.0,,0.0,0.0,,0.0,,,1.0,1.0,0.0,0.0,1.0,,0.0,0.0,0.0,0.0,1.0,,,0.0,1.0,1.0,,0.0,,,,0.0,0.0,,,,1.0,1.0,,,1.0,0.0,1.0,0.0,,,1.0,,,,,,,,,,,0.0,0.0,1.0,,,0.0,,,,0.0,,,1.0,0.0,1.0,1.0,1.0,1.0,1.0,1.0,1.0,1.0,1.0,,,1.0,,1.0,1.0,,,1.0,1.0,1.0,,,,,0.0,,0.0,,,,,,,,,0.0,,1.0,,0.0,1.0,,,,,,,1.0,1.0,0.0,1.0,0.0,1.0,0.0,1.0,1.0,1.0,,0.0,,0.0,1.0,,1.0,1.0,1.0,1.0,1.0,1.0,1.0,1.0,1.0,1.0,1.0,1.0,1.0,1.0,,,1.0,1.0,,1.0,0.0,,,,,,,1.0,,,,1.0,,,,1.0,,,1.0,1.0,0.0,1.0,1.0,1.0,1.0,,1.0,0.0,1.0,1.0,0.0,1.0,1.0,1.0,,,,,1.0,,1.0,0.0,0.0,1.0,,,,0.0,1.0,,1.0,0.0,1.0,1.0,1.0,0.0,,,,,,,,,,0.0,1.0,1.0,0.0,1.0,,1.0,,1.0,0.0,0.0,0.0,0.0,,1.0,1.0,0.0,0.0,1.0,1.0,1.0,,0.0,1.0,0.0,,1.0,1.0,1.0,,,1.0,1.0,0.0,,1.0,1.0,0.0,0.0,1.0,0.0,0.0,1.0,0.0,,1.0,1.0,1.0,0.0,0.0,1.0,1.0,,1.0,1.0,0.0,1.0
Mendonça Prado,1.0,1.0,1.0,1.0,1.0,1.0,,1.0,1.0,1.0,1.0,1.0,1.0,0.0,1.0,1.0,1.0,1.0,1.0,1.0,1.0,0.0,0.0,,1.0,1.0,1.0,0.0,0.0,1.0,0.0,1.0,,0.0,1.0,1.0,1.0,0.0,0.0,0.0,0.0,0.0,,1.0,,1.0,1.0,,1.0,1.0,,,,1.0,0.0,,1.0,,,,,,0.0,0.0,,,,1.0,,,,,0.0,,,0.0,,,1.0,1.0,0.0,,1.0,1.0,,,,,,,,,,,,,,,,0.0,,,,,,,,,,1.0,1.0,,1.0,1.0,,,,,,,,,,,,,,,,,,,,,,,,,,,1.0,1.0,1.0,1.0,1.0,1.0,1.0,1.0,1.0,1.0,1.0,0.0,,1.0,1.0,,,0.0,1.0,,,,,0.0,,,,,1.0,,,,0.0,1.0,1.0,,,,0.0,1.0,,1.0,,,,1.0,1.0,1.0,0.0,1.0,1.0,1.0,0.0,,1.0,1.0,1.0,0.0,0.0,0.0,1.0,,1.0,1.0,1.0,1.0,1.0,1.0,1.0,1.0,1.0,1.0,1.0,1.0,1.0,1.0,1.0,1.0,1.0,1.0,,,,,,,,,,,,,,1.0,,,,1.0,,,1.0,1.0,0.0,1.0,1.0,1.0,1.0,,1.0,,1.0,1.0,0.0,,1.0,1.0,,,,,1.0,1.0,1.0,1.0,1.0,0.0,,1.0,,0.0,1.0,1.0,1.0,1.0,0.0,1.0,1.0,0.0,1.0,1.0,0.0,,,,,,0.0,1.0,1.0,1.0,,,,,,1.0,0.0,0.0,0.0,0.0,1.0,,1.0,0.0,,,1.0,1.0,,,,,,1.0,0.0,1.0,,,,,,0.0,1.0,1.0,0.0,1.0,1.0,0.0,,,0.0,0.0,1.0,1.0,1.0,,,1.0,,,1.0,1.0,0.0,
Miguel Corrêa,1.0,1.0,,0.0,1.0,,,,,1.0,1.0,,,,,,,,,,,,,1.0,1.0,,,1.0,,,0.0,1.0,1.0,1.0,1.0,1.0,,,,,,,,,,,,1.0,,,1.0,0.0,,,1.0,,,,,0.0,,0.0,,,,0.0,0.0,1.0,,,1.0,0.0,,1.0,0.0,1.0,0.0,,0.0,0.0,1.0,1.0,,1.0,,1.0,,,,0.0,,,,,1.0,1.0,,,,,1.0,,0.0,,0.0,1.0,0.0,0.0,0.0,0.0,,,,,,,0.0,,1.0,0.0,1.0,1.0,0.0,,0.0,1.0,1.0,0.0,,0.0,,1.0,1.0,1.0,,1.0,,,,0.0,0.0,0.0,,,,1.0,,,,,,,,,,,1.0,1.0,,,,,,1.0,1.0,1.0,,,,,,,0.0,,,,,,,,,0.0,0.0,0.0,,,,,,,,1.0,,,,,,,,,,,,,,1.0,,,,,,,,0.0,,0.0,,1.0,,0.0,,0.0,,0.0,,,,,,,,,,,0.0,,0.0,,1.0,,0.0,1.0,,,,,,,1.0,,,,,,,,,,0.0,,1.0,,,,,1.0,,1.0,0.0,,0.0,,,,,1.0,,,,,0.0,,,,,,1.0,,,,,,1.0,1.0,,1.0,,,,,,,,,,,,,,0.0,,,,,,,,,,,,,,,,,,,,,,,,,,,,,,,,,,
Milton Monti,1.0,1.0,,,0.0,0.0,1.0,0.0,,1.0,,1.0,,0.0,0.0,1.0,1.0,,,1.0,1.0,1.0,0.0,1.0,0.0,,1.0,1.0,0.0,0.0,,1.0,,0.0,,1.0,1.0,1.0,0.0,0.0,0.0,0.0,,,1.0,,,1.0,1.0,1.0,1.0,,0.0,1.0,0.0,1.0,1.0,1.0,0.0,0.0,0.0,,,,,0.0,0.0,,,1.0,1.0,0.0,1.0,,,1.0,,,0.0,0.0,1.0,1.0,1.0,,1.0,1.0,,1.0,1.0,,0.0,1.0,,0.0,1.0,1.0,,,,0.0,0.0,,,1.0,,,0.0,0.0,,0.0,1.0,1.0,1.0,1.0,0.0,,0.0,0.0,1.0,0.0,1.0,1.0,0.0,0.0,0.0,1.0,1.0,0.0,,0.0,1.0,1.0,1.0,1.0,1.0,1.0,0.0,0.0,1.0,,0.0,0.0,0.0,1.0,1.0,1.0,1.0,1.0,,1.0,1.0,1.0,,,0.0,0.0,1.0,1.0,1.0,,,0.0,,1.0,1.0,,0.0,,,0.0,,0.0,,,1.0,,,,,1.0,,1.0,,,1.0,1.0,1.0,,,1.0,1.0,1.0,1.0,,0.0,0.0,1.0,,,,1.0,0.0,,0.0,0.0,1.0,0.0,1.0,1.0,1.0,0.0,1.0,,0.0,0.0,1.0,1.0,1.0,0.0,1.0,,1.0,1.0,,0.0,,1.0,1.0,0.0,0.0,1.0,1.0,0.0,0.0,0.0,0.0,1.0,,1.0,1.0,,1.0,,0.0,,,0.0,,1.0,0.0,1.0,0.0,1.0,0.0,1.0,1.0,0.0,,,1.0,1.0,,,1.0,1.0,0.0,,,,,1.0,1.0,1.0,1.0,1.0,1.0,1.0,0.0,,0.0,,0.0,0.0,0.0,1.0,0.0,,1.0,1.0,1.0,0.0,,1.0,1.0,0.0,1.0,0.0,0.0,,1.0,1.0,1.0,,0.0,,1.0,1.0,1.0,,1.0,,1.0,,1.0,1.0,1.0,0.0,0.0,1.0,0.0,1.0,1.0,0.0,,0.0,1.0,,,,1.0,,1.0,1.0,1.0,1.0,0.0,0.0,1.0,,0.0,,1.0,,1.0
Miriquinho Batista,1.0,1.0,1.0,0.0,1.0,1.0,0.0,,1.0,1.0,1.0,,1.0,0.0,0.0,0.0,0.0,1.0,1.0,0.0,1.0,,,1.0,1.0,,1.0,1.0,0.0,0.0,0.0,1.0,1.0,1.0,1.0,1.0,1.0,0.0,0.0,0.0,0.0,1.0,0.0,1.0,1.0,1.0,1.0,1.0,1.0,1.0,1.0,0.0,0.0,1.0,,,,1.0,0.0,0.0,0.0,0.0,1.0,,0.0,0.0,,1.0,0.0,1.0,1.0,0.0,1.0,1.0,0.0,1.0,0.0,0.0,0.0,0.0,1.0,1.0,1.0,1.0,1.0,1.0,1.0,1.0,1.0,0.0,0.0,1.0,0.0,0.0,1.0,1.0,0.0,0.0,0.0,,1.0,,,,,1.0,0.0,0.0,0.0,0.0,1.0,1.0,1.0,1.0,0.0,0.0,0.0,0.0,1.0,0.0,1.0,1.0,0.0,0.0,0.0,1.0,1.0,0.0,0.0,0.0,1.0,1.0,1.0,1.0,1.0,1.0,0.0,1.0,1.0,0.0,0.0,0.0,,,0.0,1.0,,,1.0,,1.0,0.0,0.0,0.0,0.0,,,1.0,0.0,,0.0,0.0,0.0,1.0,1.0,1.0,0.0,0.0,1.0,0.0,0.0,,0.0,,0.0,,0.0,0.0,1.0,,1.0,0.0,0.0,,1.0,1.0,1.0,1.0,1.0,,,1.0,1.0,1.0,0.0,0.0,1.0,0.0,0.0,,1.0,0.0,1.0,0.0,0.0,1.0,,1.0,1.0,1.0,0.0,,0.0,0.0,0.0,0.0,,,0.0,0.0,0.0,0.0,0.0,0.0,,0.0,1.0,1.0,0.0,1.0,1.0,1.0,,0.0,,0.0,0.0,0.0,1.0,1.0,,1.0,1.0,,0.0,0.0,0.0,0.0,1.0,,,0.0,,0.0,1.0,1.0,0.0,0.0,0.0,1.0,,1.0,,0.0,0.0,1.0,1.0,1.0,0.0,1.0,0.0,1.0,1.0,0.0,1.0,1.0,1.0,,,0.0,0.0,,0.0,0.0,1.0,0.0,,,1.0,1.0,0.0,1.0,1.0,1.0,0.0,1.0,1.0,0.0,,1.0,0.0,0.0,1.0,1.0,,0.0,0.0,1.0,0.0,0.0,0.0,1.0,0.0,1.0,1.0,1.0,0.0,0.0,,0.0,1.0,1.0,0.0,1.0,0.0,0.0,1.0,1.0,1.0,,,1.0,,,,,,,,0.0,1.0,1.0,1.0,1.0
Miro Teixeira,1.0,1.0,0.0,0.0,1.0,1.0,1.0,1.0,1.0,1.0,1.0,1.0,1.0,0.0,1.0,0.0,1.0,1.0,1.0,0.0,1.0,0.0,0.0,1.0,0.0,1.0,1.0,0.0,0.0,1.0,1.0,1.0,1.0,0.0,1.0,1.0,0.0,0.0,1.0,1.0,1.0,0.0,1.0,1.0,1.0,1.0,1.0,1.0,1.0,1.0,1.0,0.0,0.0,1.0,1.0,,1.0,1.0,0.0,0.0,0.0,0.0,1.0,1.0,0.0,0.0,0.0,1.0,0.0,1.0,1.0,0.0,0.0,0.0,0.0,0.0,0.0,0.0,,1.0,1.0,1.0,1.0,1.0,1.0,1.0,1.0,1.0,1.0,0.0,0.0,0.0,1.0,1.0,1.0,1.0,0.0,0.0,0.0,0.0,1.0,1.0,0.0,1.0,1.0,1.0,0.0,0.0,0.0,0.0,1.0,0.0,1.0,,0.0,0.0,0.0,,1.0,1.0,0.0,1.0,1.0,0.0,0.0,0.0,1.0,0.0,0.0,0.0,0.0,0.0,1.0,1.0,1.0,1.0,0.0,,0.0,0.0,0.0,0.0,0.0,1.0,0.0,0.0,0.0,1.0,1.0,1.0,1.0,0.0,0.0,0.0,0.0,,1.0,0.0,1.0,1.0,0.0,,0.0,1.0,0.0,1.0,0.0,0.0,1.0,0.0,0.0,0.0,0.0,1.0,1.0,0.0,0.0,0.0,1.0,1.0,0.0,1.0,0.0,0.0,1.0,1.0,1.0,0.0,1.0,1.0,1.0,1.0,0.0,1.0,0.0,0.0,,1.0,0.0,1.0,1.0,,,0.0,0.0,1.0,1.0,1.0,1.0,1.0,1.0,1.0,0.0,1.0,0.0,0.0,,,0.0,0.0,0.0,0.0,0.0,0.0,0.0,0.0,1.0,1.0,0.0,0.0,1.0,1.0,0.0,1.0,,0.0,0.0,1.0,1.0,0.0,0.0,1.0,1.0,0.0,1.0,1.0,1.0,0.0,1.0,0.0,1.0,1.0,1.0,0.0,1.0,1.0,0.0,,,0.0,0.0,1.0,0.0,1.0,1.0,0.0,1.0,1.0,,,1.0,0.0,1.0,1.0,1.0,1.0,1.0,0.0,1.0,1.0,0.0,,1.0,1.0,0.0,1.0,1.0,1.0,1.0,1.0,1.0,0.0,1.0,1.0,0.0,1.0,1.0,0.0,1.0,1.0,0.0,0.0,1.0,0.0,1.0,1.0,1.0,1.0,0.0,0.0,0.0,0.0,0.0,1.0,1.0,1.0,0.0,0.0,0.0,0.0,1.0,1.0,0.0,,1.0,0.0,1.0,1.0,1.0,0.0,,,1.0,1.0,1.0,0.0,0.0,1.0,,0.0,1.0,1.0,1.0,1.0
Missionário José Olimpio,1.0,1.0,1.0,1.0,0.0,0.0,0.0,1.0,,1.0,1.0,1.0,1.0,0.0,0.0,,1.0,1.0,1.0,1.0,1.0,1.0,0.0,,0.0,1.0,,1.0,0.0,0.0,0.0,1.0,1.0,0.0,1.0,1.0,,,,,,,0.0,1.0,1.0,,1.0,,1.0,1.0,1.0,0.0,0.0,1.0,,1.0,,1.0,0.0,0.0,,,,,0.0,,0.0,1.0,0.0,,1.0,0.0,,1.0,0.0,1.0,0.0,,0.0,0.0,1.0,1.0,1.0,1.0,,1.0,,1.0,1.0,0.0,0.0,1.0,0.0,0.0,1.0,1.0,0.0,0.0,0.0,,,,,,0.0,,,,0.0,0.0,1.0,,1.0,1.0,0.0,0.0,0.0,0.0,1.0,0.0,1.0,1.0,0.0,0.0,,1.0,1.0,0.0,,0.0,1.0,1.0,1.0,1.0,1.0,1.0,0.0,1.0,1.0,,1.0,1.0,0.0,1.0,1.0,1.0,1.0,1.0,1.0,0.0,1.0,,0.0,0.0,0.0,0.0,1.0,,,1.0,0.0,0.0,0.0,1.0,1.0,1.0,,0.0,1.0,0.0,0.0,0.0,,1.0,1.0,0.0,,,1.0,1.0,1.0,1.0,0.0,0.0,0.0,1.0,1.0,,,,,1.0,0.0,,,0.0,1.0,,,0.0,1.0,0.0,,1.0,1.0,1.0,0.0,,,,,1.0,0.0,1.0,,0.0,1.0,1.0,0.0,1.0,,,,0.0,,,,,,,,,,1.0,0.0,0.0,1.0,,1.0,1.0,,1.0,,,0.0,0.0,0.0,,1.0,0.0,1.0,0.0,,0.0,,1.0,,,,,1.0,1.0,0.0,1.0,1.0,1.0,1.0,1.0,0.0,1.0,0.0,1.0,1.0,1.0,1.0,1.0,1.0,,1.0,0.0,1.0,0.0,0.0,0.0,1.0,0.0,1.0,0.0,1.0,1.0,0.0,1.0,,1.0,0.0,1.0,,,,0.0,,0.0,1.0,0.0,,0.0,0.0,,,1.0,0.0,1.0,,1.0,1.0,1.0,,,,,,,,,1.0,0.0,,0.0,,,,,,1.0,,0.0,0.0,1.0,1.0,0.0,,1.0,,1.0
Moacir Micheletto,,,1.0,1.0,,,,,,,,,,,,,,,,,,,,1.0,1.0,1.0,,,,,,,,0.0,1.0,,,,,,,,,,,,1.0,,,,1.0,,0.0,,,,,1.0,,,0.0,,1.0,,0.0,,0.0,0.0,1.0,1.0,1.0,0.0,,,,,,0.0,0.0,0.0,1.0,1.0,1.0,,1.0,1.0,1.0,,1.0,0.0,0.0,1.0,0.0,0.0,,,,,0.0,0.0,1.0,0.0,,1.0,1.0,1.0,,0.0,,,,1.0,,,,0.0,,,1.0,0.0,1.0,1.0,0.0,0.0,,,1.0,0.0,0.0,,1.0,1.0,,1.0,1.0,1.0,0.0,,1.0,0.0,,,,,,,,,,,,,,,,,,1.0,,,,,,,,,,,,,,,,,,,,,,,,,,,,,,,,,,,,,,,,,,,,,,,,,,,,,,,,,,,,,,,,,,,,,,,,,,,,,,,,,,,,,,,,,,,,,,,,,,,,,,,,,,,,,,,,,,,,,,,,,,,,,,,,,,,,,,,,,,,,,,,,,,,,,,,,,,,,,,,,,,,,,,,,,,,,,,,,,,,,,,,,,,
Moreira Mendes,1.0,1.0,1.0,1.0,0.0,0.0,,,1.0,1.0,,1.0,1.0,,0.0,1.0,,1.0,,1.0,1.0,,,0.0,,1.0,,1.0,,0.0,1.0,1.0,1.0,,,1.0,1.0,,,,,0.0,,1.0,1.0,1.0,,1.0,1.0,1.0,1.0,0.0,0.0,,0.0,,1.0,,,,,,,,,,,,1.0,,1.0,,1.0,0.0,,,,,1.0,1.0,0.0,,0.0,,0.0,,,,,,,1.0,,,1.0,,,0.0,,,1.0,,,,,,0.0,0.0,,0.0,,0.0,1.0,1.0,,0.0,,,1.0,0.0,1.0,,,,,,,0.0,1.0,,1.0,,1.0,,,,,,,1.0,,0.0,0.0,1.0,1.0,1.0,,1.0,1.0,1.0,1.0,,1.0,1.0,0.0,0.0,1.0,,0.0,,,,,,,1.0,,0.0,1.0,0.0,,0.0,0.0,1.0,1.0,0.0,,0.0,1.0,1.0,0.0,,0.0,0.0,0.0,,,1.0,,1.0,1.0,1.0,0.0,1.0,1.0,,,,,,1.0,0.0,1.0,1.0,,1.0,0.0,,,,,,1.0,,1.0,,,,1.0,0.0,0.0,,,,,0.0,1.0,1.0,0.0,1.0,1.0,,,,0.0,0.0,,1.0,,0.0,,,1.0,,1.0,1.0,0.0,,1.0,,1.0,,0.0,1.0,1.0,1.0,0.0,,0.0,1.0,,1.0,1.0,1.0,1.0,,1.0,1.0,0.0,1.0,1.0,,,,,1.0,,0.0,1.0,1.0,0.0,,,,,,,,1.0,1.0,,1.0,1.0,1.0,0.0,1.0,0.0,1.0,0.0,0.0,1.0,,,,0.0,1.0,,0.0,0.0,1.0,,1.0,0.0,1.0,1.0,1.0,0.0,,,1.0,,,,,,,,0.0,1.0,0.0,0.0,,1.0,1.0,0.0,0.0,0.0,1.0,0.0,,1.0,1.0,0.0,1.0
Márcio França,,,,,,,,,,1.0,,,1.0,0.0,1.0,1.0,,,,1.0,,0.0,,,,,,,,,,1.0,1.0,,,,1.0,,0.0,0.0,1.0,1.0,,1.0,1.0,,,,1.0,1.0,,,,,,,,,,,,,,,,,,,,,,,,,,,,,,,,,,,,,,,,,,,,,1.0,,,,,,,,,,,,,,,0.0,1.0,,1.0,,,,,,,,,,,,,,,,,,,,,,,,,,,,,,,,0.0,0.0,0.0,1.0,1.0,0.0,,,,,,,,,,,,,,,1.0,,0.0,0.0,1.0,0.0,0.0,0.0,,,0.0,0.0,,,,1.0,1.0,,,,1.0,1.0,1.0,,,,,1.0,1.0,1.0,,0.0,1.0,1.0,,,0.0,0.0,,1.0,1.0,,,,,,,,0.0,0.0,1.0,,1.0,1.0,0.0,1.0,1.0,1.0,1.0,0.0,0.0,,1.0,,,,1.0,1.0,0.0,0.0,0.0,0.0,1.0,1.0,1.0,0.0,0.0,1.0,1.0,0.0,1.0,1.0,1.0,,,0.0,1.0,,,,,1.0,0.0,,,,1.0,,0.0,,1.0,0.0,,,,,1.0,1.0,1.0,1.0,1.0,1.0,,0.0,1.0,1.0,0.0,0.0,0.0,0.0,,0.0,1.0,1.0,,,,1.0,1.0,1.0,0.0,1.0,1.0,,,,,,1.0,0.0,,,1.0,1.0,1.0,1.0,0.0,1.0,1.0,,,,,,,1.0,0.0,,0.0,0.0,0.0,,,,0.0,1.0,,,1.0,1.0,1.0,,,,,,,,,
Márcio Macêdo,1.0,1.0,0.0,0.0,1.0,1.0,,1.0,1.0,1.0,1.0,,1.0,,0.0,,0.0,1.0,1.0,1.0,1.0,1.0,,1.0,1.0,1.0,1.0,1.0,0.0,0.0,,,1.0,1.0,1.0,1.0,,,,,,,,1.0,,,1.0,,1.0,,1.0,0.0,0.0,1.0,,0.0,1.0,,0.0,0.0,0.0,0.0,1.0,,,0.0,0.0,0.0,0.0,1.0,1.0,0.0,1.0,1.0,0.0,1.0,0.0,0.0,0.0,0.0,1.0,1.0,1.0,,1.0,1.0,1.0,1.0,1.0,0.0,0.0,1.0,0.0,0.0,1.0,1.0,,0.0,0.0,1.0,1.0,0.0,0.0,1.0,,1.0,0.0,0.0,0.0,0.0,1.0,,1.0,1.0,,0.0,0.0,0.0,1.0,0.0,1.0,1.0,0.0,0.0,,1.0,,0.0,0.0,,1.0,1.0,1.0,1.0,,1.0,,1.0,,0.0,0.0,0.0,0.0,1.0,0.0,0.0,1.0,1.0,1.0,0.0,1.0,0.0,,,0.0,0.0,1.0,1.0,0.0,,0.0,,0.0,1.0,1.0,,0.0,0.0,1.0,,0.0,0.0,0.0,1.0,1.0,0.0,,,1.0,1.0,1.0,,0.0,0.0,1.0,1.0,1.0,0.0,,,1.0,1.0,,1.0,0.0,0.0,,,0.0,0.0,1.0,0.0,1.0,,,,0.0,,,,0.0,1.0,0.0,0.0,0.0,0.0,,,,0.0,0.0,0.0,0.0,0.0,1.0,0.0,1.0,1.0,0.0,1.0,1.0,1.0,0.0,0.0,0.0,0.0,0.0,0.0,1.0,1.0,0.0,1.0,,,,,,0.0,1.0,,,,1.0,0.0,1.0,1.0,,0.0,0.0,1.0,1.0,1.0,1.0,0.0,1.0,1.0,1.0,1.0,,,,1.0,1.0,1.0,1.0,,,,1.0,,0.0,0.0,0.0,0.0,1.0,0.0,1.0,1.0,1.0,1.0,0.0,1.0,1.0,1.0,,1.0,1.0,,1.0,1.0,0.0,0.0,1.0,,,,,1.0,0.0,0.0,,1.0,0.0,1.0,1.0,1.0,0.0,0.0,1.0,0.0,1.0,1.0,,1.0,0.0,0.0,,1.0,,,0.0,1.0,,1.0,0.0,,,,,0.0,,1.0,,1.0
Márcio Marinho,,1.0,1.0,1.0,1.0,1.0,0.0,1.0,1.0,1.0,1.0,1.0,1.0,,,1.0,,,1.0,1.0,1.0,0.0,0.0,1.0,1.0,1.0,,1.0,0.0,0.0,0.0,1.0,1.0,0.0,1.0,1.0,,0.0,,0.0,0.0,0.0,0.0,,1.0,,1.0,1.0,1.0,1.0,1.0,,0.0,1.0,1.0,1.0,,1.0,,0.0,0.0,0.0,1.0,1.0,0.0,0.0,0.0,1.0,0.0,1.0,1.0,0.0,1.0,1.0,0.0,1.0,,0.0,0.0,0.0,1.0,,1.0,1.0,,1.0,1.0,,,,0.0,1.0,0.0,0.0,,,0.0,0.0,0.0,0.0,0.0,,0.0,1.0,1.0,,0.0,0.0,0.0,0.0,1.0,1.0,,1.0,0.0,0.0,0.0,0.0,1.0,,1.0,1.0,0.0,0.0,0.0,1.0,1.0,0.0,,0.0,1.0,1.0,1.0,1.0,1.0,1.0,0.0,0.0,1.0,0.0,1.0,1.0,0.0,1.0,1.0,1.0,1.0,,1.0,1.0,,1.0,0.0,0.0,0.0,,1.0,1.0,1.0,,0.0,0.0,0.0,1.0,1.0,1.0,0.0,0.0,1.0,,,,0.0,1.0,1.0,0.0,,,,,1.0,1.0,,,,1.0,1.0,1.0,,1.0,1.0,1.0,1.0,0.0,,,1.0,0.0,,0.0,1.0,,1.0,0.0,,,,,,,,1.0,1.0,1.0,,1.0,1.0,1.0,0.0,0.0,0.0,0.0,0.0,,1.0,0.0,1.0,1.0,0.0,1.0,1.0,,,0.0,0.0,0.0,0.0,0.0,1.0,1.0,,1.0,1.0,0.0,1.0,0.0,,0.0,,,1.0,0.0,,0.0,1.0,1.0,0.0,0.0,,1.0,,1.0,,0.0,,1.0,1.0,1.0,0.0,,0.0,1.0,1.0,0.0,1.0,,,0.0,1.0,0.0,0.0,,0.0,0.0,1.0,0.0,1.0,1.0,,,0.0,,,,0.0,1.0,0.0,0.0,0.0,,1.0,1.0,,,0.0,0.0,,1.0,1.0,1.0,0.0,1.0,1.0,,1.0,1.0,0.0,0.0,,0.0,,1.0,,,,1.0,1.0,1.0,,,,,1.0,,,0.0,,1.0,0.0,0.0,1.0,1.0,,1.0
Mário Feitoza,,1.0,,,,,,,1.0,1.0,1.0,,1.0,,0.0,1.0,,1.0,1.0,1.0,1.0,1.0,,,,,1.0,1.0,0.0,0.0,0.0,,1.0,,,1.0,1.0,0.0,,,,,0.0,1.0,,1.0,,1.0,,,,,,,,,1.0,,,,,,,,,,,,,,,,1.0,,,,,,,,,,,,,,,,,,,,,,,,,,,,,,,,,,,,,0.0,,,1.0,1.0,,,,,,,,,,,,,,,,,,,,,,,,,,,0.0,0.0,0.0,1.0,,,,,1.0,0.0,1.0,0.0,0.0,1.0,0.0,,,,,,,,,,,,0.0,0.0,1.0,,0.0,0.0,0.0,1.0,1.0,,,,1.0,,,1.0,,,,1.0,1.0,1.0,,1.0,1.0,1.0,,,,,,,0.0,0.0,1.0,0.0,,,0.0,1.0,0.0,,,,,1.0,0.0,,0.0,0.0,,,1.0,1.0,1.0,1.0,,,1.0,0.0,1.0,,,,,,,0.0,0.0,0.0,1.0,,,1.0,,1.0,1.0,0.0,,,,,,,1.0,0.0,0.0,0.0,1.0,1.0,0.0,0.0,0.0,1.0,,,,0.0,,,1.0,1.0,,,,0.0,1.0,0.0,1.0,,1.0,,1.0,0.0,1.0,0.0,,0.0,,,1.0,1.0,1.0,1.0,,1.0,1.0,1.0,,1.0,0.0,1.0,,0.0,1.0,,1.0,,1.0,,,1.0,,,0.0,1.0,,,1.0,1.0,0.0,0.0,1.0,0.0,1.0,1.0,0.0,1.0,,1.0,1.0,0.0,0.0,1.0,,1.0,,1.0,1.0,0.0,0.0,1.0,,0.0,,,0.0,
Mário Heringer,,,,,,,,1.0,,1.0,,,,,0.0,1.0,,,,1.0,1.0,0.0,,,,,,,,,,1.0,1.0,,,,1.0,,,,,0.0,,,,,,,,,,,,,,,,,,,,,,,,,,,,,,,,,,,,,,,,,,,,,,,,,,,,,,,,,,,,,,,,,,,,,,,1.0,,,,,,,,,,,,,,,,,,,,,,,,,,,,,,,,,,,,1.0,1.0,,,,,,,,,,,,,,,,,0.0,,,,,,0.0,1.0,1.0,,,,,,,,,,,,,,,1.0,1.0,1.0,,,,,,,,,,0.0,,,,,,,,,,,0.0,1.0,0.0,,,,0.0,,,,,,0.0,,,,,,,,,1.0,,,,1.0,0.0,0.0,,,1.0,,1.0,0.0,1.0,0.0,,,1.0,0.0,,,1.0,1.0,0.0,,,1.0,1.0,1.0,,,,,,,0.0,1.0,1.0,1.0,1.0,,1.0,1.0,1.0,,1.0,1.0,1.0,,,,,,,1.0,1.0,,,,1.0,1.0,0.0,1.0,,0.0,0.0,,,0.0,,,,,,,1.0,,0.0,1.0,1.0,,,,,,1.0,,,,,,,,1.0,0.0,,1.0,,,,,,,,,,,,,,
Mário Negromonte,1.0,1.0,,,0.0,,,,,1.0,,,1.0,0.0,1.0,,,,1.0,1.0,,0.0,,,,,1.0,1.0,0.0,0.0,,,1.0,,,1.0,1.0,0.0,,,,,,,1.0,,,,1.0,1.0,,,,1.0,,1.0,,,,,,,,,,,,,,,,,,,,,,,,,,,,1.0,,,,,,,,,,,,1.0,,,,,,,,,,,,,,0.0,1.0,,1.0,1.0,,,,,,,,,,,,,,,,,,,,,,,,,,,,,,1.0,1.0,1.0,,1.0,1.0,0.0,1.0,1.0,,0.0,0.0,0.0,,,0.0,,0.0,0.0,,1.0,,1.0,0.0,0.0,1.0,0.0,0.0,0.0,,1.0,1.0,,0.0,0.0,,,1.0,1.0,0.0,,0.0,,,,,,,1.0,1.0,,,0.0,,0.0,,,,0.0,1.0,1.0,,1.0,0.0,,,,,1.0,,0.0,1.0,0.0,1.0,1.0,1.0,0.0,0.0,0.0,0.0,0.0,1.0,0.0,1.0,1.0,0.0,,,,,0.0,0.0,0.0,0.0,,1.0,,,1.0,1.0,0.0,0.0,0.0,0.0,0.0,1.0,0.0,1.0,,,0.0,,,0.0,0.0,,1.0,1.0,1.0,1.0,,,,,1.0,0.0,,0.0,,1.0,0.0,1.0,1.0,1.0,,1.0,,,0.0,0.0,0.0,1.0,0.0,,,1.0,,0.0,,,,0.0,,,1.0,,0.0,1.0,1.0,,,0.0,0.0,,1.0,1.0,,,1.0,1.0,,,,,,,,,1.0,,,,0.0,1.0,0.0,,,,,,,,,,,,,,,,
Mário de Oliveira,,1.0,,,0.0,0.0,0.0,,,,,,,,,,,,,,,,,,,1.0,,,,,,,,0.0,1.0,,,,,,,,,,,,1.0,,,,,,,1.0,,,,,,0.0,,0.0,,,,,,,,,,,,,,,,,0.0,0.0,1.0,,1.0,,,,,,,,,,0.0,0.0,,,,,,,1.0,,,,,1.0,,0.0,,,1.0,1.0,,,1.0,,0.0,,1.0,0.0,1.0,1.0,0.0,,,1.0,1.0,,,,1.0,1.0,1.0,1.0,1.0,1.0,0.0,,,0.0,,,,,,,,,,,,,0.0,1.0,0.0,,,1.0,,,,,,,,,,,,,,,,,,,,,,,,,,,0.0,,,,,,,,,,,,,,,,,,,,,,,,,,,,,,,,,,,,,,,,,,,,,,,,,,,,,,,,,,,,,,,,,,,,,,,,,,,,,,,,,,,,,,,,,,,,,,,,,,,,,,,,,,,,,,,,,,,,,,,,,,,,,,,,,,,,,,,,,,,,,,,,,,,,,,,,,,,,,,,
Narcio Rodrigues,,,,,,,,,,,,,,,,,,,,,,,,,,,,,,,,,,,,,,,,,,,,,,,,,,,,,,,,,,,,,,,,,,,,,,,,,,,,,,,,,,,,,,,,,,,,,,,,,,,,,,,,,,,,,,,,,1.0,,,,,,,,,,,,,,,,,,,,,,,,,,,,,,,,,,,,,,,,,,,,,,,,,,,,,,,,,,,,,,,,,,,1.0,,,,,,,,,,,,,,,,,,,,,,,,,,,,,,,,,,,,,,,,,,,,,,,,,,,,,,,,,,,,,,,,,,,,,,,,,,,,,,,,,,,,,,,,,,,,,,,,,,,,,,,,,,,,,,,,,,,,,,,,,,,,1.0,,,0.0,,,,,,,,1.0,1.0,,,,,,,,,,,,,,,,,1.0,,,,,,,,,,,1.0
Natan Donadon,,1.0,1.0,1.0,0.0,0.0,,,,,1.0,,1.0,,,,,,,,,,0.0,1.0,1.0,1.0,,1.0,,0.0,,,,0.0,,,1.0,0.0,1.0,1.0,,,,,,,1.0,,,,1.0,0.0,0.0,1.0,0.0,1.0,,,,,0.0,0.0,,,0.0,0.0,,1.0,1.0,1.0,1.0,0.0,,1.0,0.0,1.0,,,0.0,0.0,1.0,1.0,1.0,,1.0,1.0,1.0,,1.0,,,,,,1.0,1.0,,0.0,0.0,1.0,1.0,0.0,,1.0,1.0,1.0,,0.0,0.0,,,1.0,,,,,0.0,0.0,1.0,0.0,1.0,1.0,0.0,,0.0,1.0,1.0,0.0,,0.0,1.0,1.0,1.0,1.0,1.0,1.0,0.0,,,0.0,,,,,,,,,1.0,0.0,,1.0,0.0,1.0,0.0,,,1.0,,1.0,0.0,0.0,0.0,1.0,,1.0,,0.0,,,0.0,0.0,0.0,1.0,1.0,,0.0,0.0,,,,1.0,0.0,,0.0,,,,,,,1.0,1.0,,,,,,0.0,0.0,1.0,,1.0,,,,,,,,,,0.0,0.0,,0.0,1.0,1.0,1.0,1.0,,,,0.0,,0.0,1.0,1.0,,,,,,0.0,0.0,0.0,1.0,,1.0,1.0,,,,,,,,,,,1.0,,,0.0,,,,,,,1.0,,1.0,1.0,1.0,1.0,1.0,,,,,,,,,,,,,,,,,,,,,,,,,,,,,,,,,,,,,,,,,,,,,,,,,,,,,,,,,,,,,,,,,,,,,,,,,,,,,
Nazareno Fonteles,,1.0,0.0,0.0,1.0,1.0,0.0,1.0,1.0,,1.0,1.0,1.0,,0.0,0.0,,,1.0,0.0,0.0,1.0,0.0,1.0,1.0,1.0,1.0,1.0,0.0,0.0,0.0,,1.0,1.0,1.0,1.0,,,,,,,0.0,,1.0,,1.0,1.0,1.0,1.0,1.0,0.0,0.0,1.0,1.0,0.0,1.0,1.0,0.0,0.0,0.0,0.0,1.0,1.0,0.0,0.0,,1.0,0.0,1.0,1.0,0.0,,1.0,0.0,1.0,0.0,0.0,0.0,0.0,1.0,1.0,1.0,1.0,1.0,1.0,1.0,1.0,1.0,0.0,,1.0,,0.0,1.0,1.0,0.0,0.0,0.0,1.0,1.0,,,1.0,1.0,1.0,0.0,0.0,,0.0,1.0,1.0,,1.0,0.0,,,,,,,,,,,,,0.0,,,,,,,,,,1.0,,0.0,,,0.0,1.0,0.0,0.0,1.0,,1.0,0.0,,0.0,0.0,0.0,0.0,0.0,1.0,1.0,0.0,1.0,0.0,0.0,0.0,1.0,1.0,1.0,,0.0,1.0,0.0,0.0,0.0,1.0,0.0,1.0,0.0,0.0,0.0,1.0,,1.0,0.0,,,1.0,,,,,0.0,1.0,,,1.0,0.0,0.0,,0.0,0.0,0.0,1.0,0.0,1.0,,,,,,,,,,0.0,0.0,0.0,0.0,1.0,1.0,0.0,0.0,0.0,0.0,0.0,0.0,1.0,,1.0,1.0,0.0,1.0,1.0,1.0,0.0,0.0,0.0,0.0,0.0,,1.0,1.0,0.0,1.0,,0.0,0.0,0.0,0.0,0.0,,0.0,,,1.0,,1.0,1.0,0.0,0.0,0.0,1.0,1.0,1.0,1.0,0.0,0.0,1.0,1.0,1.0,0.0,1.0,0.0,1.0,1.0,0.0,1.0,1.0,1.0,1.0,1.0,0.0,0.0,0.0,0.0,0.0,1.0,0.0,,1.0,1.0,,0.0,,1.0,1.0,0.0,1.0,1.0,0.0,1.0,1.0,0.0,0.0,,0.0,0.0,1.0,1.0,,0.0,0.0,0.0,1.0,0.0,,,,,,1.0,,,,,,,,1.0,1.0,,,,,,,,,,,,,,,,
Neilton Mulim,1.0,1.0,1.0,0.0,1.0,1.0,1.0,,1.0,,1.0,1.0,,,,,,,1.0,,,,0.0,1.0,1.0,1.0,1.0,0.0,1.0,0.0,0.0,,,0.0,1.0,1.0,,,,,,,,,,,1.0,1.0,1.0,,,,,1.0,,,,,0.0,0.0,,0.0,,,0.0,0.0,0.0,1.0,0.0,1.0,1.0,0.0,,1.0,0.0,1.0,0.0,0.0,0.0,0.0,1.0,,,1.0,1.0,1.0,1.0,,1.0,0.0,0.0,1.0,,0.0,1.0,1.0,0.0,0.0,0.0,0.0,0.0,0.0,0.0,1.0,1.0,1.0,0.0,0.0,0.0,,1.0,1.0,,,0.0,0.0,0.0,0.0,1.0,0.0,1.0,,0.0,0.0,0.0,1.0,1.0,0.0,0.0,0.0,1.0,1.0,1.0,1.0,1.0,1.0,,,1.0,1.0,1.0,1.0,,,0.0,0.0,0.0,,,,,,1.0,1.0,0.0,0.0,1.0,0.0,1.0,0.0,0.0,0.0,,,0.0,,,,,0.0,0.0,,,,,,,,,,1.0,1.0,,,1.0,,,,1.0,,,,,,,,1.0,,,,,,,,,,,,,,,,,,,,,,,,,,,,,,,,,,,,,,,,,,,,,,,,,,,,,,,,,,,,,,,,,,,,,,,,,,,,,,,,,,,,,,,,,,,,,,,,,,,,,,,,,,,,,,,,,,,,,,,,,,,,,,,,,,,,,,,,,,,,,,,,,,,
Nelson Bornier,1.0,1.0,1.0,1.0,,,,,,,,1.0,,,,,,,1.0,,,,0.0,1.0,,1.0,1.0,1.0,0.0,0.0,0.0,,,,,1.0,,,,,,,,,,,1.0,1.0,,1.0,,0.0,,,,,,1.0,0.0,0.0,0.0,0.0,1.0,,0.0,0.0,0.0,1.0,0.0,,1.0,0.0,,,0.0,1.0,0.0,0.0,,,,1.0,,,,,1.0,1.0,1.0,,,1.0,,0.0,,,,,,,0.0,,,,,0.0,0.0,,0.0,,,1.0,,,,0.0,,0.0,1.0,0.0,1.0,1.0,0.0,,0.0,1.0,1.0,0.0,,,1.0,1.0,1.0,1.0,1.0,1.0,0.0,,0.0,0.0,,,,,0.0,0.0,0.0,,,,,1.0,,,,,,,,1.0,,,0.0,1.0,0.0,1.0,,0.0,1.0,0.0,,,,,,,,,,,,,,,1.0,,,,1.0,,,,1.0,,,,,,,,,,,,,,,,,,,,,,,,,,,,,,,,,,,,,,,,,,,,,,,,,,,,,,,,,,,,,,,,,,,,,,,,,,,,,,,,,,,,,,,,,,,,,,,,,,,,,,,,,,,,,,,,,,,,,,,,,,,,,,,,,,,,,,,,,,,,,,,,,,,,,,,
Nelson Marchezan Junior,1.0,,1.0,1.0,0.0,0.0,1.0,0.0,,1.0,1.0,1.0,1.0,0.0,0.0,1.0,1.0,,1.0,1.0,1.0,0.0,0.0,1.0,1.0,1.0,,1.0,,1.0,,0.0,0.0,0.0,1.0,1.0,,,,,,,,,1.0,,,1.0,1.0,,0.0,,,1.0,0.0,,1.0,1.0,,,,,0.0,,,,,1.0,1.0,0.0,1.0,1.0,1.0,0.0,1.0,0.0,,,1.0,1.0,0.0,,1.0,,,0.0,0.0,0.0,1.0,,,0.0,,1.0,0.0,0.0,,0.0,0.0,0.0,,,,,0.0,1.0,,1.0,1.0,0.0,1.0,0.0,1.0,,,,,,,,,,,,,,,,,,,0.0,0.0,,0.0,0.0,,,0.0,1.0,1.0,1.0,1.0,,1.0,1.0,1.0,1.0,0.0,0.0,,,,0.0,1.0,0.0,,1.0,,0.0,,,,0.0,1.0,,,,,,,,1.0,0.0,0.0,,,,,1.0,0.0,0.0,,0.0,0.0,1.0,,,,1.0,,1.0,0.0,,1.0,1.0,,,,1.0,,,,,1.0,1.0,1.0,1.0,1.0,1.0,,1.0,1.0,1.0,1.0,0.0,,,1.0,1.0,,1.0,,,,,,,,,,,,0.0,,,,,,0.0,,,1.0,,1.0,0.0,0.0,,1.0,0.0,,,0.0,,,1.0,0.0,,1.0,1.0,1.0,,,1.0,1.0,0.0,1.0,1.0,0.0,0.0,1.0,1.0,1.0,1.0,1.0,1.0,1.0,0.0,1.0,1.0,0.0,,0.0,,,,0.0,,1.0,,0.0,1.0,1.0,1.0,,1.0,0.0,1.0,0.0,,1.0,1.0,1.0,,0.0,1.0,1.0,,1.0,0.0,,1.0,1.0,1.0,1.0,1.0,,,,1.0,0.0,,1.0,1.0,0.0,,1.0,,0.0,1.0,,,1.0,1.0,1.0,0.0,,1.0,1.0,,1.0,,0.0,1.0
Nelson Marquezelli,1.0,1.0,1.0,1.0,0.0,0.0,0.0,,,1.0,1.0,1.0,,,0.0,1.0,0.0,1.0,1.0,1.0,1.0,1.0,,,,1.0,0.0,1.0,0.0,0.0,0.0,,1.0,,1.0,,1.0,0.0,,0.0,,0.0,0.0,,1.0,1.0,1.0,1.0,1.0,1.0,1.0,0.0,0.0,,0.0,1.0,1.0,1.0,0.0,0.0,0.0,0.0,,,0.0,,0.0,1.0,1.0,,1.0,0.0,1.0,1.0,,,0.0,0.0,0.0,0.0,1.0,1.0,1.0,1.0,,,1.0,,,,,,,0.0,1.0,0.0,0.0,0.0,,1.0,,0.0,,,0.0,,,0.0,,0.0,,,1.0,1.0,0.0,0.0,,,1.0,0.0,1.0,1.0,0.0,0.0,0.0,,,0.0,0.0,0.0,,1.0,1.0,1.0,1.0,1.0,,1.0,1.0,,0.0,0.0,0.0,1.0,1.0,1.0,,1.0,1.0,1.0,,1.0,1.0,0.0,0.0,0.0,1.0,1.0,1.0,1.0,0.0,,0.0,1.0,1.0,1.0,1.0,,,0.0,0.0,0.0,1.0,1.0,1.0,0.0,0.0,,,1.0,1.0,1.0,0.0,1.0,,1.0,,1.0,,1.0,1.0,1.0,,0.0,,0.0,,,,1.0,1.0,0.0,1.0,0.0,,,0.0,,1.0,1.0,1.0,1.0,1.0,1.0,1.0,1.0,,,0.0,,,,,,1.0,0.0,1.0,1.0,,,,,0.0,0.0,0.0,,1.0,1.0,1.0,1.0,0.0,1.0,0.0,,1.0,,,,1.0,,1.0,,,,1.0,1.0,,,,1.0,1.0,1.0,1.0,,,,1.0,1.0,0.0,1.0,0.0,0.0,1.0,1.0,1.0,1.0,1.0,,1.0,0.0,0.0,,,,1.0,0.0,,1.0,1.0,1.0,0.0,1.0,1.0,1.0,,1.0,0.0,1.0,,,1.0,1.0,,0.0,0.0,1.0,1.0,0.0,1.0,,0.0,1.0,1.0,1.0,1.0,1.0,,,1.0,,,,0.0,0.0,0.0,1.0,,0.0,0.0,1.0,0.0,1.0,1.0,1.0,1.0,,,1.0,1.0,0.0,,1.0,,1.0
Nelson Meurer,1.0,1.0,1.0,1.0,0.0,0.0,,1.0,,1.0,1.0,1.0,1.0,0.0,0.0,1.0,0.0,1.0,1.0,1.0,1.0,1.0,0.0,1.0,1.0,1.0,0.0,1.0,0.0,0.0,0.0,1.0,1.0,0.0,1.0,1.0,1.0,0.0,,0.0,0.0,1.0,0.0,1.0,1.0,1.0,1.0,1.0,1.0,1.0,,,,1.0,0.0,0.0,1.0,1.0,0.0,0.0,,0.0,,,,0.0,0.0,,1.0,1.0,1.0,0.0,1.0,,,,,0.0,0.0,0.0,1.0,,,,,1.0,,,,0.0,0.0,,0.0,0.0,,1.0,0.0,0.0,0.0,1.0,1.0,0.0,0.0,1.0,0.0,0.0,,,0.0,0.0,1.0,1.0,1.0,1.0,0.0,0.0,0.0,0.0,1.0,0.0,1.0,1.0,0.0,0.0,0.0,1.0,1.0,0.0,0.0,0.0,1.0,1.0,1.0,1.0,1.0,1.0,0.0,,1.0,0.0,0.0,0.0,0.0,1.0,1.0,1.0,1.0,1.0,1.0,0.0,1.0,1.0,0.0,0.0,0.0,0.0,1.0,1.0,0.0,1.0,0.0,0.0,0.0,1.0,1.0,1.0,0.0,0.0,1.0,0.0,0.0,0.0,0.0,1.0,1.0,0.0,0.0,0.0,1.0,1.0,1.0,1.0,,,0.0,,,,,,1.0,1.0,1.0,,0.0,0.0,1.0,0.0,0.0,,1.0,0.0,1.0,1.0,1.0,1.0,,1.0,1.0,1.0,1.0,1.0,0.0,0.0,0.0,0.0,,,0.0,1.0,0.0,,,0.0,1.0,0.0,1.0,1.0,0.0,1.0,1.0,1.0,0.0,0.0,0.0,0.0,1.0,0.0,1.0,,,1.0,1.0,0.0,0.0,0.0,0.0,0.0,1.0,0.0,1.0,0.0,1.0,0.0,1.0,1.0,0.0,0.0,,1.0,,1.0,1.0,1.0,1.0,1.0,,1.0,0.0,1.0,0.0,1.0,1.0,1.0,1.0,1.0,1.0,1.0,1.0,0.0,0.0,0.0,0.0,0.0,1.0,0.0,1.0,1.0,1.0,1.0,0.0,1.0,1.0,1.0,0.0,1.0,0.0,1.0,1.0,0.0,1.0,1.0,1.0,0.0,0.0,1.0,1.0,1.0,1.0,1.0,0.0,1.0,1.0,1.0,1.0,1.0,0.0,0.0,1.0,0.0,,1.0,,,,0.0,1.0,,1.0,,0.0,1.0,,1.0,1.0,,,1.0,,,1.0,1.0,1.0,1.0
Nelson Padovani,1.0,1.0,1.0,1.0,0.0,0.0,0.0,1.0,1.0,1.0,1.0,1.0,1.0,,,1.0,1.0,1.0,1.0,1.0,1.0,0.0,0.0,1.0,1.0,,0.0,1.0,0.0,0.0,0.0,1.0,1.0,0.0,,1.0,0.0,1.0,1.0,1.0,1.0,0.0,0.0,1.0,1.0,,,1.0,1.0,1.0,1.0,1.0,1.0,1.0,1.0,1.0,1.0,1.0,0.0,,0.0,0.0,0.0,0.0,,0.0,0.0,1.0,0.0,1.0,1.0,0.0,,0.0,1.0,0.0,0.0,0.0,0.0,0.0,1.0,1.0,1.0,1.0,,1.0,0.0,0.0,1.0,0.0,,,1.0,0.0,0.0,1.0,0.0,0.0,0.0,,1.0,,,,0.0,1.0,0.0,0.0,0.0,0.0,,,1.0,1.0,1.0,0.0,0.0,,1.0,0.0,1.0,1.0,0.0,0.0,0.0,,1.0,0.0,,,1.0,1.0,1.0,1.0,1.0,1.0,0.0,0.0,1.0,0.0,1.0,1.0,0.0,1.0,1.0,1.0,1.0,1.0,1.0,0.0,1.0,0.0,0.0,1.0,0.0,,1.0,,1.0,1.0,,0.0,,0.0,1.0,1.0,0.0,0.0,1.0,,,,0.0,1.0,1.0,,,,1.0,,1.0,1.0,,,0.0,,,,0.0,1.0,1.0,0.0,0.0,0.0,,,,,0.0,,,0.0,1.0,1.0,0.0,1.0,1.0,1.0,1.0,,0.0,1.0,0.0,0.0,1.0,1.0,1.0,1.0,0.0,1.0,0.0,0.0,,,,0.0,1.0,1.0,0.0,1.0,1.0,1.0,,,0.0,0.0,1.0,1.0,,,,,,0.0,,1.0,,0.0,1.0,,1.0,1.0,0.0,0.0,1.0,1.0,0.0,0.0,0.0,1.0,,,1.0,,,,1.0,1.0,,1.0,1.0,1.0,1.0,1.0,1.0,,,0.0,,0.0,0.0,,,0.0,1.0,0.0,,0.0,1.0,1.0,,,,,0.0,1.0,0.0,,,0.0,1.0,,,,0.0,1.0,,0.0,1.0,1.0,0.0,1.0,1.0,1.0,1.0,1.0,0.0,0.0,1.0,1.0,1.0,,0.0,1.0,0.0,1.0,,,,1.0,0.0,0.0,1.0,0.0,1.0,0.0,0.0,1.0,,0.0,,1.0,,1.0
Nelson Pellegrino,1.0,1.0,1.0,0.0,1.0,1.0,,1.0,1.0,,1.0,,,,1.0,0.0,,,,,0.0,1.0,,1.0,1.0,1.0,1.0,1.0,0.0,0.0,,1.0,,,1.0,1.0,,,,,,,,1.0,1.0,1.0,1.0,,,1.0,1.0,0.0,0.0,,,,1.0,,,,,,1.0,1.0,,0.0,0.0,1.0,0.0,,1.0,,1.0,,,1.0,,,0.0,0.0,1.0,1.0,1.0,,1.0,1.0,1.0,1.0,1.0,,0.0,1.0,0.0,0.0,,,,0.0,,1.0,,,0.0,1.0,1.0,1.0,0.0,,0.0,0.0,,1.0,1.0,1.0,,0.0,0.0,0.0,1.0,0.0,1.0,1.0,0.0,0.0,,1.0,1.0,0.0,,0.0,1.0,1.0,1.0,1.0,1.0,1.0,0.0,1.0,1.0,,,,0.0,,,,,,,,1.0,0.0,0.0,0.0,0.0,,,1.0,,,0.0,0.0,0.0,1.0,,,0.0,,,0.0,0.0,0.0,0.0,1.0,1.0,0.0,0.0,0.0,,1.0,,0.0,,,,1.0,1.0,1.0,,1.0,1.0,1.0,0.0,1.0,0.0,0.0,1.0,,0.0,0.0,1.0,,1.0,,,,0.0,1.0,1.0,1.0,0.0,1.0,0.0,0.0,,,1.0,,,0.0,0.0,0.0,0.0,0.0,1.0,,,1.0,0.0,1.0,1.0,1.0,0.0,0.0,1.0,0.0,0.0,,,,,,,,0.0,0.0,0.0,0.0,1.0,,,0.0,,0.0,1.0,1.0,,,,,1.0,1.0,1.0,0.0,0.0,1.0,,,0.0,,,,,,,1.0,1.0,1.0,1.0,0.0,0.0,0.0,0.0,0.0,1.0,,1.0,1.0,,1.0,,1.0,1.0,1.0,0.0,1.0,1.0,,1.0,1.0,,0.0,1.0,,,,1.0,,,,0.0,1.0,,1.0,1.0,1.0,0.0,,,0.0,1.0,1.0,0.0,1.0,,,1.0,1.0,,,0.0,1.0,,,,,,,0.0,0.0,,1.0,,
Neri Geller,,,1.0,1.0,,,0.0,,,,,,,,,,,,,,,,,,,,,,,,,,,0.0,,,,,,,,,,,,,,,,,1.0,0.0,0.0,,,,,,,,,,1.0,,0.0,0.0,,,,1.0,1.0,0.0,,1.0,0.0,1.0,0.0,0.0,0.0,0.0,1.0,1.0,1.0,,,,,1.0,1.0,0.0,0.0,1.0,,0.0,,,,0.0,,1.0,1.0,0.0,0.0,1.0,0.0,1.0,0.0,0.0,0.0,,,,,,0.0,,,,,,,,,,,,,,,,,,,,,,,,1.0,,,,,,,,,,,,,,,,,,,,,,,,,,,,,,,,,,,,,,,,,,,,,,,,,,,,,,,,,,,,,,,,,,,,,,,,,,,,,,,,,,,,,,,,,,,,,,,,,,,,,,,,,,,,,,,,,,,,,,,,,,,,,,,,,,,,,,,,,,,,,,,,,,,,,,,,,,,,,,,,,,,,,,,,,,,,,,,,,,,,,,,,,,,,,,,,,,,,,,,,,,,,,
Newton Cardoso,,,1.0,1.0,0.0,0.0,0.0,,1.0,,,1.0,,,,1.0,,,1.0,1.0,,,0.0,,,,,0.0,,1.0,,,1.0,0.0,,1.0,,,,,,,,,,,1.0,,,,,,,,,,,,0.0,0.0,0.0,0.0,1.0,,0.0,0.0,0.0,,,,1.0,0.0,1.0,1.0,,1.0,,,0.0,0.0,,1.0,1.0,1.0,1.0,1.0,1.0,,1.0,0.0,0.0,1.0,0.0,0.0,,,0.0,,,,,,,,,1.0,,,,,,,,,,0.0,0.0,0.0,0.0,0.0,1.0,1.0,0.0,,0.0,1.0,1.0,,,,,,,,,,0.0,,,,,,,,0.0,1.0,,,,,,0.0,,1.0,,,,,0.0,1.0,,0.0,0.0,0.0,,,,,,,,,,,1.0,,,,,,,1.0,,,,,,1.0,1.0,1.0,1.0,1.0,,,,,,,,,,,,0.0,,1.0,0.0,0.0,1.0,1.0,,,,,1.0,0.0,,,1.0,,,,,,1.0,,,,,,,,,,0.0,,1.0,0.0,,,1.0,1.0,,,,,,,,,,,0.0,,,,,0.0,0.0,1.0,,1.0,,,,,,,,,,0.0,,,,,,,,,,,,,,,,,,,,,1.0,,,1.0,,,,0.0,1.0,1.0,,,,,,,,,0.0,,,,,,0.0,0.0,,,,,,,,,1.0,0.0,,1.0,,1.0,,1.0,0.0,,,,,,,,,
Newton Lima,1.0,,0.0,0.0,1.0,,0.0,1.0,,1.0,1.0,1.0,1.0,,0.0,,0.0,,1.0,,0.0,1.0,0.0,1.0,1.0,1.0,1.0,,,,,,1.0,1.0,1.0,1.0,,0.0,0.0,0.0,0.0,1.0,0.0,0.0,,,1.0,1.0,1.0,1.0,1.0,0.0,0.0,1.0,,0.0,1.0,,0.0,0.0,0.0,0.0,1.0,1.0,0.0,0.0,0.0,1.0,0.0,1.0,1.0,0.0,1.0,1.0,0.0,1.0,0.0,0.0,0.0,0.0,1.0,1.0,1.0,1.0,1.0,1.0,1.0,,1.0,0.0,0.0,1.0,0.0,0.0,1.0,1.0,,,,1.0,1.0,0.0,0.0,1.0,1.0,1.0,,,0.0,0.0,1.0,1.0,1.0,1.0,0.0,0.0,0.0,0.0,1.0,0.0,1.0,1.0,0.0,0.0,0.0,1.0,1.0,0.0,0.0,0.0,1.0,1.0,1.0,1.0,1.0,1.0,0.0,,,0.0,0.0,0.0,0.0,1.0,0.0,0.0,0.0,1.0,1.0,0.0,1.0,,0.0,0.0,,0.0,1.0,1.0,0.0,1.0,,0.0,0.0,1.0,1.0,1.0,,0.0,1.0,,0.0,,0.0,1.0,1.0,0.0,,,1.0,1.0,1.0,0.0,0.0,0.0,1.0,1.0,1.0,,1.0,0.0,1.0,1.0,1.0,1.0,0.0,0.0,1.0,0.0,0.0,0.0,1.0,,1.0,0.0,0.0,1.0,0.0,,1.0,1.0,,1.0,,,0.0,0.0,,1.0,0.0,,0.0,0.0,0.0,0.0,1.0,0.0,,1.0,,1.0,1.0,1.0,0.0,,0.0,0.0,0.0,,1.0,1.0,0.0,1.0,1.0,0.0,0.0,0.0,0.0,,1.0,0.0,,,,0.0,1.0,1.0,,,,,1.0,1.0,1.0,,,,1.0,1.0,0.0,,0.0,1.0,1.0,,1.0,1.0,1.0,1.0,1.0,0.0,0.0,0.0,0.0,0.0,1.0,,1.0,1.0,1.0,1.0,0.0,1.0,1.0,1.0,0.0,1.0,,,1.0,1.0,,0.0,1.0,0.0,,,1.0,1.0,0.0,0.0,0.0,1.0,0.0,1.0,,,,0.0,1.0,0.0,1.0,1.0,,,,0.0,,,,,0.0,1.0,1.0,1.0,,,,,0.0,0.0,,,,
Nice Lobão,,1.0,,,0.0,0.0,,,1.0,1.0,1.0,,1.0,0.0,0.0,1.0,,,1.0,1.0,1.0,,,,,,,,,,,1.0,,,,,1.0,1.0,0.0,0.0,0.0,0.0,,,1.0,,,,,1.0,,,,,0.0,1.0,,,,,,,,,,,,,,,,,,,,,,,,,,,1.0,1.0,,,,,,,,,,,,,,,,,,,,,,,,,,0.0,,,,,,,,,,,,,,,,,,,,,,,,,,,,,,,,,0.0,1.0,,,,,1.0,1.0,,,,1.0,0.0,,,,0.0,,,0.0,0.0,0.0,,,,0.0,,,0.0,0.0,0.0,1.0,1.0,,,0.0,1.0,,,,,,,1.0,1.0,,,,,,0.0,,,,,,,0.0,1.0,,,,,,,,,,,,1.0,1.0,,,,,,,,,,,,,,,,,,,,,,,,1.0,1.0,0.0,,,,,1.0,1.0,0.0,0.0,,,1.0,1.0,,,,1.0,0.0,0.0,0.0,1.0,,,1.0,,,,1.0,,,1.0,1.0,1.0,,,,1.0,1.0,,,1.0,,,,,,,,,,,0.0,,1.0,1.0,,1.0,0.0,1.0,,0.0,1.0,1.0,,0.0,,,0.0,,,,,,,,,,,,,,,,,,,,1.0,0.0,1.0,0.0,,,,,,,,,,0.0,1.0,,0.0,
Nilda Gondim,,,1.0,1.0,0.0,0.0,0.0,1.0,,1.0,1.0,,1.0,0.0,1.0,1.0,1.0,,,1.0,1.0,0.0,0.0,1.0,1.0,,1.0,,,,,1.0,1.0,0.0,,,,0.0,0.0,1.0,1.0,0.0,,1.0,1.0,,1.0,,1.0,1.0,1.0,0.0,0.0,1.0,,,1.0,1.0,0.0,0.0,0.0,0.0,,1.0,,,0.0,1.0,0.0,1.0,1.0,0.0,1.0,1.0,0.0,1.0,0.0,0.0,0.0,0.0,1.0,1.0,1.0,1.0,1.0,1.0,1.0,1.0,1.0,,0.0,1.0,0.0,0.0,1.0,1.0,0.0,0.0,0.0,1.0,1.0,0.0,0.0,,1.0,,0.0,0.0,0.0,0.0,,1.0,1.0,1.0,0.0,0.0,,0.0,1.0,0.0,1.0,,,0.0,,1.0,1.0,0.0,,,,,,,,,,1.0,1.0,0.0,,,,,1.0,1.0,1.0,1.0,1.0,1.0,1.0,,,,,0.0,1.0,1.0,0.0,1.0,,0.0,0.0,1.0,1.0,,,0.0,1.0,0.0,0.0,0.0,1.0,1.0,1.0,0.0,0.0,0.0,1.0,1.0,1.0,1.0,,,0.0,1.0,1.0,1.0,0.0,1.0,1.0,1.0,0.0,,0.0,0.0,1.0,0.0,0.0,0.0,1.0,0.0,1.0,0.0,1.0,1.0,0.0,1.0,1.0,1.0,1.0,1.0,0.0,0.0,1.0,0.0,1.0,1.0,1.0,1.0,1.0,1.0,,0.0,1.0,,1.0,1.0,0.0,0.0,1.0,1.0,0.0,0.0,0.0,0.0,1.0,0.0,,,0.0,1.0,1.0,0.0,1.0,,0.0,0.0,1.0,1.0,1.0,,,,1.0,1.0,0.0,0.0,0.0,,1.0,1.0,,0.0,0.0,1.0,,,0.0,1.0,0.0,0.0,1.0,0.0,1.0,1.0,1.0,1.0,1.0,0.0,0.0,0.0,0.0,0.0,1.0,0.0,1.0,1.0,1.0,1.0,,,1.0,1.0,,1.0,0.0,1.0,1.0,0.0,1.0,1.0,,0.0,,,1.0,1.0,,1.0,0.0,1.0,,1.0,1.0,1.0,,,1.0,,,,0.0,1.0,,1.0,1.0,0.0,0.0,1.0,,,,1.0,1.0,0.0,0.0,0.0,,0.0,1.0,1.0,0.0,1.0
Nilmar Ruiz,,,,,,,,1.0,,1.0,,,,,,,,,,1.0,1.0,0.0,,,,,,,,,,1.0,,,,,1.0,0.0,0.0,0.0,0.0,0.0,,,,,,,,,,,,,0.0,1.0,,,,,,,,,,,,,,,,,,,,,,,,,,,,,,,,,,,,,,,,,,,,,,,,,,,,,,0.0,,,,,,,,,,,,,,,,,,,,,,,,,,,,,,,,,,,,,,,,,,,,,,,,,,,,,,,,,,,,,,,0.0,1.0,1.0,,,,,,,,,,,1.0,1.0,,,1.0,1.0,1.0,,,,,,1.0,,,,,,,,,,,,,,,,,1.0,1.0,,,1.0,0.0,0.0,0.0,0.0,0.0,1.0,0.0,1.0,1.0,0.0,1.0,1.0,1.0,0.0,0.0,0.0,0.0,1.0,1.0,1.0,1.0,,1.0,,,,,,,,0.0,1.0,1.0,1.0,0.0,,,0.0,,,1.0,,,,,1.0,1.0,1.0,,0.0,1.0,0.0,1.0,1.0,1.0,1.0,,,0.0,1.0,0.0,0.0,0.0,0.0,0.0,1.0,0.0,1.0,1.0,,,0.0,,,,,,,,,,,1.0,,,,,,,,,,,,,,,,,,,,,,,,,,,,,,,,,,,0.0,,1.0,1.0,,,0.0,
Nilmário Miranda,,,,,,,,1.0,,1.0,,,1.0,0.0,0.0,0.0,0.0,,,0.0,,,,,,,,,,,,1.0,1.0,,,,,0.0,0.0,0.0,0.0,1.0,,,1.0,,,,,,,,,,1.0,0.0,1.0,,,,,,,,,,,,,,,,,,,,,,,,,,,,,,,,,,,,,,,,,,,,,,,,,,,,,0.0,,,1.0,1.0,,,,,,,,,,,,,,,,,,,,,,,,,,,,,0.0,1.0,,,,1.0,,,1.0,,,,,,,,,,,,,,,,0.0,,,,,,0.0,1.0,0.0,,,,,,,,,,,1.0,1.0,,,0.0,1.0,1.0,,,,,,0.0,0.0,,1.0,0.0,1.0,,,,,,,,,1.0,0.0,0.0,,0.0,,,0.0,0.0,0.0,0.0,0.0,0.0,1.0,0.0,1.0,1.0,0.0,1.0,1.0,1.0,0.0,0.0,0.0,0.0,0.0,0.0,1.0,1.0,0.0,1.0,1.0,0.0,0.0,0.0,0.0,0.0,1.0,0.0,,0.0,1.0,0.0,1.0,1.0,,0.0,0.0,1.0,1.0,1.0,1.0,0.0,0.0,1.0,,1.0,0.0,1.0,0.0,1.0,1.0,0.0,1.0,1.0,1.0,1.0,0.0,0.0,,0.0,0.0,0.0,1.0,0.0,1.0,1.0,1.0,1.0,0.0,,1.0,1.0,0.0,1.0,1.0,0.0,,1.0,0.0,0.0,,,0.0,,,1.0,0.0,,0.0,1.0,0.0,1.0,1.0,1.0,0.0,,,0.0,1.0,,,,,,,,,,0.0,1.0,,1.0,0.0,,,,0.0,,,,,1.0
Nilson Leitão,1.0,1.0,,,0.0,0.0,,,1.0,1.0,1.0,1.0,,0.0,1.0,1.0,1.0,1.0,1.0,1.0,1.0,0.0,0.0,1.0,1.0,1.0,1.0,1.0,1.0,1.0,1.0,1.0,1.0,0.0,1.0,1.0,1.0,1.0,0.0,,1.0,0.0,,1.0,1.0,1.0,1.0,1.0,1.0,1.0,,,,1.0,0.0,,,1.0,,,,,,,,,,,,,,,1.0,,,,,,,,,,,1.0,,,,,,,,,,,0.0,0.0,,0.0,0.0,0.0,0.0,,,,1.0,1.0,,,,0.0,1.0,0.0,1.0,1.0,,,,,,,0.0,0.0,1.0,,1.0,,0.0,1.0,,,0.0,0.0,0.0,0.0,,0.0,,0.0,0.0,1.0,1.0,1.0,1.0,1.0,1.0,1.0,1.0,1.0,1.0,1.0,1.0,0.0,1.0,0.0,1.0,0.0,1.0,1.0,1.0,0.0,,,0.0,0.0,1.0,,1.0,,,,,,0.0,1.0,1.0,,,,1.0,1.0,1.0,1.0,,0.0,0.0,1.0,1.0,1.0,0.0,1.0,1.0,1.0,0.0,1.0,1.0,1.0,1.0,,,,,,,1.0,1.0,1.0,1.0,1.0,1.0,,0.0,1.0,,1.0,1.0,0.0,1.0,1.0,1.0,,1.0,1.0,0.0,,0.0,,,,,,,,,0.0,,,,1.0,0.0,0.0,,,1.0,,1.0,,0.0,0.0,1.0,,1.0,1.0,0.0,1.0,1.0,1.0,,,,1.0,,1.0,,1.0,1.0,0.0,1.0,1.0,,0.0,1.0,1.0,,,,1.0,1.0,0.0,1.0,1.0,0.0,,,,,,,,1.0,1.0,0.0,1.0,1.0,1.0,,1.0,1.0,1.0,0.0,0.0,1.0,1.0,,,,,,1.0,,0.0,,1.0,,1.0,1.0,1.0,,,,1.0,0.0,0.0,1.0,,,1.0,1.0,0.0,0.0,1.0,0.0,0.0,1.0,,,0.0,0.0,1.0,0.0,,1.0,,0.0,1.0
Nilson Pinto,,,,,,,,1.0,,,,,1.0,0.0,,,1.0,,,1.0,1.0,0.0,,,,,,,,,,0.0,1.0,,,,,,,,,,,,1.0,1.0,,,,,,,,,0.0,,,,,,,,,,,,,,,,,,1.0,,,,,,,,,,,,,,,,,,,,,,,,,,,,,,,,,,,,,0.0,,,1.0,1.0,,,,,,,,,,,,,,,,,,,,,,,,,,,,,1.0,1.0,,,,1.0,1.0,1.0,1.0,,,,,,,,,,,,,,,,1.0,,,,,,1.0,1.0,1.0,,,,,1.0,,,,,,,,,,1.0,1.0,1.0,,,,,,1.0,,,,,,1.0,1.0,1.0,1.0,1.0,1.0,1.0,0.0,1.0,1.0,1.0,1.0,0.0,,,1.0,,,,,,,,,,,,,,,0.0,,,,1.0,0.0,0.0,1.0,,1.0,1.0,1.0,0.0,0.0,0.0,1.0,0.0,1.0,1.0,,1.0,,,0.0,,,1.0,,,,0.0,0.0,1.0,1.0,1.0,0.0,0.0,1.0,1.0,1.0,0.0,1.0,1.0,1.0,0.0,1.0,1.0,0.0,1.0,0.0,0.0,1.0,,0.0,1.0,,1.0,,,1.0,1.0,,,0.0,1.0,0.0,,1.0,,,1.0,1.0,0.0,0.0,,1.0,0.0,,1.0,1.0,1.0,1.0,1.0,,,1.0,1.0,0.0,0.0,,1.0,0.0,1.0,,,,,0.0,0.0,1.0,1.0,1.0,0.0,0.0,1.0,1.0,,1.0,1.0,0.0,1.0
Nilton Capixaba,1.0,1.0,1.0,1.0,0.0,0.0,,,1.0,1.0,,1.0,,,0.0,1.0,0.0,1.0,1.0,1.0,1.0,1.0,0.0,,,1.0,1.0,,,,,1.0,1.0,0.0,,1.0,1.0,0.0,0.0,0.0,0.0,0.0,,1.0,1.0,1.0,1.0,1.0,1.0,1.0,1.0,0.0,0.0,1.0,,1.0,1.0,1.0,,0.0,0.0,,,1.0,,0.0,0.0,1.0,0.0,,1.0,0.0,,1.0,0.0,1.0,0.0,,0.0,0.0,1.0,1.0,1.0,,1.0,1.0,1.0,1.0,1.0,0.0,,1.0,,,,0.0,,0.0,0.0,1.0,1.0,0.0,0.0,1.0,0.0,1.0,0.0,0.0,0.0,,,1.0,1.0,1.0,,,0.0,,1.0,0.0,,,,,0.0,1.0,1.0,0.0,,,1.0,1.0,1.0,,,1.0,0.0,,1.0,0.0,1.0,1.0,0.0,1.0,,1.0,1.0,,1.0,1.0,1.0,,,1.0,0.0,,,,1.0,,0.0,0.0,,0.0,,1.0,0.0,,,0.0,0.0,,0.0,,1.0,,,,,1.0,1.0,1.0,,,0.0,1.0,1.0,,,1.0,1.0,1.0,,1.0,0.0,0.0,1.0,,0.0,0.0,1.0,0.0,,,,,,,,,,,0.0,0.0,1.0,1.0,1.0,1.0,,1.0,,,,0.0,1.0,,1.0,1.0,0.0,1.0,1.0,,,0.0,,,1.0,1.0,1.0,1.0,0.0,,,0.0,1.0,1.0,,0.0,,,1.0,,1.0,0.0,1.0,,,,,1.0,1.0,1.0,1.0,1.0,1.0,0.0,1.0,1.0,0.0,,0.0,0.0,,,,1.0,,1.0,,0.0,0.0,0.0,0.0,0.0,,,,1.0,1.0,1.0,0.0,1.0,1.0,,0.0,1.0,0.0,,1.0,0.0,1.0,1.0,1.0,,,1.0,,1.0,1.0,1.0,,1.0,1.0,1.0,,,0.0,,,0.0,1.0,,,,,,1.0,,0.0,1.0,,,1.0,,,,,,,,1.0,1.0,0.0,
Odair Cunha,1.0,1.0,1.0,0.0,1.0,,,1.0,1.0,1.0,1.0,,,0.0,,,,,1.0,,,1.0,,1.0,1.0,1.0,1.0,1.0,,,,,1.0,1.0,1.0,1.0,1.0,,,,,1.0,0.0,,1.0,,1.0,,,,1.0,0.0,,,1.0,,1.0,,0.0,0.0,,0.0,,1.0,0.0,0.0,0.0,,0.0,1.0,,0.0,1.0,,0.0,1.0,0.0,,0.0,0.0,1.0,1.0,1.0,,1.0,1.0,1.0,1.0,1.0,0.0,,1.0,0.0,0.0,,,0.0,,0.0,1.0,1.0,0.0,0.0,1.0,0.0,1.0,,0.0,0.0,0.0,,1.0,1.0,1.0,0.0,0.0,0.0,0.0,1.0,0.0,1.0,1.0,0.0,0.0,0.0,1.0,1.0,0.0,0.0,0.0,1.0,1.0,1.0,1.0,1.0,1.0,0.0,1.0,1.0,0.0,0.0,,,1.0,,,,1.0,,,1.0,0.0,0.0,0.0,0.0,,,1.0,,,,,,1.0,,1.0,0.0,,,,,,0.0,1.0,1.0,0.0,,,,,,,,0.0,1.0,,,1.0,,,1.0,1.0,,0.0,,,,,0.0,,1.0,,,,,1.0,,1.0,1.0,1.0,0.0,,,0.0,0.0,0.0,,,0.0,0.0,,0.0,0.0,0.0,1.0,0.0,1.0,,0.0,1.0,1.0,1.0,0.0,0.0,,,,0.0,1.0,1.0,0.0,1.0,1.0,,0.0,0.0,,0.0,0.0,,,0.0,,,1.0,1.0,,0.0,,,1.0,,1.0,,1.0,1.0,,1.0,,,0.0,,,1.0,1.0,,,1.0,,0.0,0.0,0.0,0.0,0.0,1.0,,,1.0,1.0,,1.0,1.0,1.0,1.0,,1.0,,,1.0,1.0,0.0,0.0,,,,,,1.0,,,,,,1.0,,,,,1.0,,,,0.0,1.0,,0.0,1.0,1.0,,,0.0,1.0,,1.0,,,,,0.0,0.0,,1.0,,1.0
Odílio Balbinotti,1.0,1.0,,,0.0,0.0,,1.0,1.0,,1.0,1.0,1.0,0.0,0.0,1.0,1.0,1.0,1.0,1.0,1.0,1.0,,,,,1.0,1.0,0.0,0.0,,1.0,1.0,,,1.0,1.0,0.0,1.0,0.0,1.0,0.0,0.0,1.0,1.0,1.0,,1.0,1.0,1.0,,,,1.0,0.0,1.0,1.0,,,,,,,,,,,,,,,,1.0,,,,,,,,,,,,,,,,,,,,,,1.0,1.0,,,,,,,,,,,,,,,1.0,,,,,,,,,,,,,,,,,,,,,,,,,,,,,,0.0,0.0,0.0,1.0,0.0,,1.0,1.0,1.0,0.0,1.0,1.0,0.0,1.0,0.0,0.0,1.0,,0.0,1.0,0.0,,,,1.0,1.0,0.0,0.0,1.0,0.0,0.0,,0.0,1.0,1.0,0.0,0.0,0.0,1.0,,1.0,1.0,0.0,,0.0,1.0,1.0,1.0,1.0,1.0,1.0,1.0,0.0,1.0,0.0,0.0,1.0,0.0,,0.0,1.0,0.0,1.0,0.0,0.0,1.0,0.0,1.0,1.0,1.0,0.0,1.0,0.0,0.0,,0.0,1.0,1.0,1.0,1.0,,1.0,,0.0,1.0,0.0,1.0,1.0,,1.0,1.0,0.0,,0.0,0.0,0.0,1.0,,1.0,1.0,0.0,1.0,1.0,0.0,1.0,0.0,0.0,0.0,1.0,,1.0,,0.0,0.0,1.0,1.0,,,,,,,,1.0,1.0,1.0,1.0,1.0,0.0,1.0,1.0,,,,,1.0,1.0,1.0,,0.0,0.0,0.0,0.0,0.0,1.0,0.0,1.0,1.0,1.0,1.0,0.0,1.0,1.0,1.0,,1.0,0.0,1.0,1.0,0.0,1.0,1.0,1.0,0.0,0.0,1.0,1.0,1.0,1.0,0.0,0.0,1.0,1.0,1.0,,,,,,,,1.0,0.0,1.0,0.0,1.0,1.0,0.0,,,0.0,1.0,,1.0,1.0,0.0,0.0,1.0,1.0,0.0,1.0,1.0,0.0,
Oliveira Filho,,,,,,,,1.0,,1.0,,,1.0,,,,,,,1.0,1.0,0.0,,,,,,,,,,,,,,,,,,,,,,,,,,,,,,,,,,1.0,,,,,,,,,,,,,,,,,,,,,,,,,,,,,,,,,,,,,,,,,,,,,,,,,,,,,,0.0,,,,,,,,,,,,,,,,,,,,,,,,,,,,,,,,,,,,,,,1.0,1.0,,,,,,,,,,,,,,,,,0.0,,,,,,0.0,1.0,,,,,,,,,,,,,,,,1.0,1.0,,,,,,,,,0.0,1.0,0.0,,,,,,,,,,,1.0,1.0,0.0,1.0,,,0.0,,,,,,,,,,,,,,,1.0,,,,,1.0,1.0,0.0,1.0,,,,,,,,0.0,1.0,0.0,1.0,0.0,,,,,,,,1.0,,1.0,1.0,1.0,1.0,,,1.0,0.0,,1.0,1.0,1.0,,,0.0,,,,,,,,,,1.0,,,,,,,,,,,,,,,,,,,,,,,,,,,,,,,,,,,,,,,,,,,,,,,,,,,,,,,,
Onofre Santo Agostini,1.0,1.0,1.0,1.0,0.0,0.0,,0.0,1.0,1.0,1.0,1.0,1.0,0.0,1.0,1.0,1.0,1.0,1.0,1.0,1.0,0.0,1.0,0.0,,1.0,,0.0,1.0,1.0,1.0,1.0,1.0,0.0,1.0,1.0,1.0,1.0,1.0,0.0,0.0,0.0,0.0,1.0,1.0,1.0,1.0,,1.0,1.0,0.0,,,1.0,0.0,1.0,1.0,1.0,,1.0,,,,0.0,,,,1.0,1.0,,1.0,,0.0,0.0,1.0,0.0,,,1.0,1.0,,,1.0,,0.0,0.0,0.0,0.0,0.0,,,0.0,1.0,1.0,1.0,1.0,,,,,0.0,,,,1.0,1.0,,,,0.0,1.0,0.0,1.0,1.0,1.0,0.0,0.0,0.0,1.0,0.0,1.0,1.0,0.0,0.0,0.0,1.0,1.0,0.0,0.0,0.0,1.0,1.0,1.0,1.0,1.0,1.0,0.0,1.0,0.0,1.0,1.0,1.0,0.0,1.0,1.0,1.0,1.0,1.0,1.0,1.0,1.0,0.0,1.0,1.0,0.0,,1.0,1.0,0.0,,0.0,,,,1.0,1.0,0.0,0.0,1.0,0.0,0.0,0.0,0.0,1.0,1.0,0.0,0.0,,1.0,1.0,1.0,1.0,0.0,0.0,0.0,1.0,1.0,1.0,0.0,1.0,1.0,1.0,1.0,1.0,1.0,0.0,1.0,1.0,0.0,0.0,0.0,0.0,1.0,1.0,1.0,1.0,0.0,1.0,1.0,1.0,1.0,1.0,1.0,1.0,1.0,0.0,1.0,1.0,1.0,0.0,0.0,1.0,0.0,0.0,1.0,0.0,,1.0,0.0,1.0,1.0,1.0,0.0,1.0,0.0,0.0,1.0,1.0,1.0,0.0,0.0,1.0,1.0,1.0,1.0,1.0,0.0,0.0,1.0,0.0,1.0,1.0,0.0,1.0,,1.0,0.0,0.0,0.0,1.0,1.0,1.0,1.0,1.0,1.0,1.0,1.0,1.0,0.0,1.0,1.0,1.0,1.0,1.0,1.0,1.0,1.0,0.0,1.0,1.0,0.0,,,,,,0.0,0.0,1.0,1.0,0.0,1.0,1.0,,0.0,1.0,1.0,1.0,0.0,0.0,,1.0,1.0,1.0,,,0.0,0.0,1.0,1.0,0.0,1.0,1.0,1.0,1.0,1.0,0.0,0.0,1.0,1.0,,0.0,0.0,0.0,0.0,1.0,1.0,0.0,0.0,1.0,0.0,1.0,1.0,1.0,0.0,0.0,0.0,1.0,1.0,0.0,1.0,1.0,0.0,1.0
Onyx Lorenzoni,,,,,0.0,0.0,,0.0,,1.0,1.0,,1.0,,1.0,1.0,1.0,,,1.0,1.0,0.0,,1.0,1.0,1.0,,,,,,,,0.0,,1.0,1.0,1.0,,0.0,,0.0,,,,1.0,1.0,,1.0,,0.0,,1.0,,,,1.0,1.0,,,,,,,,,,,1.0,0.0,1.0,,,,,,,,1.0,1.0,,0.0,0.0,,0.0,0.0,,,1.0,,,0.0,,1.0,,,,,,0.0,0.0,,,,1.0,1.0,,,1.0,0.0,1.0,0.0,,1.0,,,,,,,0.0,0.0,1.0,1.0,,0.0,,,,,0.0,,,,,,,1.0,0.0,1.0,,,,1.0,1.0,1.0,1.0,1.0,1.0,1.0,,,,,,0.0,,,,1.0,,,,,,,,,,,,,1.0,0.0,1.0,,,,1.0,,,1.0,,1.0,0.0,1.0,1.0,1.0,,1.0,1.0,,0.0,1.0,1.0,1.0,,,,0.0,,,,1.0,,1.0,,1.0,,,,1.0,1.0,1.0,1.0,,,,1.0,1.0,,1.0,0.0,,1.0,,,,,,,,,0.0,,,,1.0,,,1.0,1.0,1.0,1.0,1.0,1.0,1.0,,1.0,,1.0,,,,1.0,1.0,,,,,1.0,,1.0,,,,,,0.0,0.0,1.0,1.0,1.0,1.0,1.0,,,0.0,,1.0,0.0,,,,,,,0.0,1.0,,,,,,,1.0,,1.0,,,,1.0,,,0.0,1.0,,,1.0,,,1.0,1.0,1.0,1.0,1.0,,,1.0,,,0.0,,,,1.0,1.0,0.0,0.0,1.0,0.0,,,1.0,1.0,,0.0,1.0,0.0,,1.0,1.0,1.0,1.0
Osmar Júnior,1.0,,1.0,1.0,0.0,,,1.0,,1.0,1.0,,,0.0,,0.0,,1.0,,,1.0,1.0,,1.0,1.0,,1.0,1.0,0.0,0.0,,1.0,,,1.0,1.0,,,,,,,0.0,1.0,,1.0,1.0,1.0,1.0,1.0,1.0,0.0,0.0,1.0,,,,1.0,0.0,0.0,0.0,,,1.0,0.0,,0.0,1.0,,,1.0,0.0,0.0,1.0,0.0,,0.0,,0.0,0.0,1.0,1.0,1.0,,1.0,1.0,,1.0,,,0.0,1.0,,0.0,1.0,,,,,1.0,1.0,,,1.0,0.0,,,0.0,0.0,0.0,,1.0,1.0,1.0,0.0,0.0,0.0,0.0,1.0,0.0,1.0,1.0,0.0,0.0,0.0,1.0,1.0,0.0,,,,,,1.0,1.0,1.0,0.0,1.0,1.0,0.0,0.0,0.0,,,0.0,1.0,1.0,1.0,1.0,0.0,1.0,,1.0,0.0,0.0,0.0,,1.0,0.0,,,,,,1.0,1.0,0.0,0.0,1.0,0.0,0.0,0.0,0.0,1.0,1.0,0.0,,0.0,,1.0,,0.0,0.0,,,,,0.0,,0.0,1.0,1.0,,0.0,,,,0.0,,,1.0,0.0,1.0,,0.0,1.0,0.0,1.0,1.0,1.0,,1.0,,,1.0,0.0,,,,0.0,0.0,0.0,1.0,0.0,,0.0,1.0,1.0,0.0,1.0,1.0,1.0,0.0,0.0,0.0,,0.0,,1.0,1.0,0.0,,,,,,,,1.0,0.0,,0.0,1.0,0.0,1.0,,0.0,,0.0,,1.0,,1.0,0.0,0.0,1.0,1.0,,0.0,1.0,,1.0,1.0,0.0,1.0,1.0,1.0,1.0,1.0,0.0,0.0,0.0,0.0,,,0.0,1.0,1.0,,,,,1.0,1.0,,1.0,1.0,,,,,0.0,,0.0,0.0,1.0,1.0,1.0,,,,,,,1.0,,,,,,,1.0,0.0,,,0.0,1.0,,,,,,1.0,1.0,,,,0.0,,,1.0,,1.0,1.0
Osmar Serraglio,1.0,1.0,1.0,1.0,0.0,0.0,,,1.0,1.0,1.0,,1.0,0.0,,1.0,,1.0,,1.0,1.0,1.0,0.0,1.0,1.0,1.0,1.0,1.0,,0.0,0.0,1.0,1.0,0.0,1.0,1.0,1.0,0.0,1.0,1.0,1.0,0.0,0.0,1.0,1.0,,1.0,1.0,1.0,1.0,1.0,0.0,0.0,1.0,,1.0,,,0.0,0.0,,0.0,1.0,1.0,0.0,0.0,0.0,,1.0,1.0,1.0,0.0,1.0,1.0,0.0,1.0,0.0,0.0,0.0,0.0,1.0,1.0,1.0,,,1.0,1.0,,1.0,0.0,0.0,1.0,0.0,0.0,1.0,1.0,0.0,0.0,0.0,1.0,1.0,0.0,0.0,1.0,0.0,1.0,0.0,0.0,0.0,0.0,,1.0,1.0,1.0,,,0.0,0.0,1.0,0.0,1.0,1.0,0.0,0.0,,1.0,1.0,0.0,0.0,0.0,,1.0,1.0,1.0,1.0,1.0,0.0,1.0,1.0,0.0,0.0,0.0,0.0,,0.0,1.0,1.0,1.0,1.0,0.0,1.0,1.0,0.0,1.0,0.0,,1.0,1.0,0.0,,,0.0,0.0,1.0,1.0,1.0,0.0,0.0,1.0,0.0,0.0,0.0,0.0,1.0,1.0,0.0,0.0,0.0,1.0,1.0,1.0,1.0,,,0.0,1.0,1.0,1.0,,1.0,1.0,1.0,0.0,0.0,0.0,,1.0,,0.0,0.0,1.0,0.0,1.0,0.0,0.0,1.0,0.0,1.0,1.0,1.0,1.0,1.0,0.0,,0.0,0.0,1.0,1.0,1.0,0.0,0.0,0.0,0.0,0.0,1.0,,,1.0,0.0,1.0,1.0,1.0,0.0,0.0,0.0,,0.0,0.0,1.0,1.0,,1.0,1.0,0.0,1.0,0.0,,0.0,1.0,1.0,,0.0,0.0,,1.0,1.0,0.0,0.0,0.0,1.0,1.0,1.0,1.0,1.0,1.0,1.0,1.0,1.0,0.0,,1.0,,1.0,1.0,1.0,1.0,1.0,0.0,1.0,0.0,0.0,,0.0,0.0,,0.0,,1.0,,1.0,0.0,1.0,1.0,1.0,0.0,1.0,0.0,1.0,,0.0,1.0,1.0,1.0,0.0,0.0,1.0,1.0,1.0,1.0,,,1.0,1.0,1.0,1.0,1.0,0.0,,1.0,0.0,1.0,1.0,0.0,1.0,1.0,1.0,1.0,0.0,0.0,1.0,0.0,1.0,1.0,1.0,0.0,,0.0,1.0,1.0,0.0,1.0,1.0,,1.0
Osmar Terra,1.0,1.0,1.0,1.0,0.0,0.0,1.0,,1.0,1.0,1.0,1.0,1.0,,0.0,,1.0,,1.0,1.0,1.0,0.0,0.0,1.0,1.0,1.0,1.0,1.0,,1.0,0.0,,1.0,0.0,1.0,1.0,1.0,1.0,1.0,,1.0,,0.0,,1.0,,1.0,1.0,1.0,1.0,,,0.0,1.0,0.0,1.0,1.0,1.0,0.0,0.0,0.0,0.0,,,,,,1.0,1.0,1.0,1.0,0.0,0.0,1.0,0.0,1.0,1.0,0.0,0.0,0.0,1.0,1.0,1.0,,0.0,,,,,0.0,,1.0,0.0,,,1.0,,,,1.0,1.0,0.0,0.0,1.0,1.0,,,0.0,0.0,0.0,1.0,1.0,,,,0.0,0.0,0.0,1.0,0.0,1.0,1.0,0.0,0.0,0.0,,,0.0,0.0,,1.0,1.0,1.0,1.0,1.0,1.0,0.0,,,0.0,1.0,1.0,0.0,1.0,0.0,1.0,1.0,1.0,1.0,0.0,1.0,0.0,,1.0,0.0,0.0,1.0,1.0,,,,0.0,0.0,1.0,1.0,1.0,,,,0.0,,,,0.0,,,0.0,0.0,1.0,1.0,,1.0,,,,,1.0,1.0,1.0,1.0,1.0,1.0,,1.0,0.0,,,0.0,,1.0,,,,0.0,1.0,1.0,0.0,1.0,1.0,1.0,1.0,1.0,,,,0.0,,,1.0,1.0,1.0,1.0,1.0,0.0,1.0,,1.0,,0.0,,,1.0,0.0,0.0,0.0,0.0,1.0,,1.0,1.0,,1.0,,,,,,0.0,1.0,,1.0,,0.0,0.0,1.0,1.0,,,,,1.0,,1.0,1.0,1.0,0.0,1.0,1.0,,,,,1.0,1.0,1.0,,,0.0,,,,0.0,,0.0,,,1.0,0.0,1.0,1.0,0.0,,1.0,,,1.0,1.0,,1.0,0.0,,1.0,,0.0,0.0,1.0,1.0,,1.0,,,1.0,1.0,1.0,0.0,0.0,0.0,0.0,,1.0,0.0,1.0,0.0,0.0,0.0,,1.0,0.0,0.0,1.0,0.0,,1.0,1.0,1.0,0.0,0.0,1.0,0.0,0.0,,1.0,,1.0
Osvaldo Reis,,,,,,,,1.0,,1.0,,,1.0,,0.0,1.0,1.0,1.0,,1.0,1.0,1.0,,,,,,,,,,1.0,1.0,,,,1.0,,,,,,,1.0,1.0,1.0,,,,,,,,,,1.0,1.0,,,,,,,,,,,,,,,,,,,,,,,,,,,,,,,,,,,,,,,,,,,,,,,,,,,,,0.0,,,,1.0,,,,,,,,,,,,,,,,,,,,,,,,,,,,,,,,,,,1.0,0.0,1.0,,,,,,,,,,,,,,,,0.0,,,,,,0.0,,1.0,,,,,1.0,,,,,,1.0,1.0,1.0,,,,1.0,,,,,,0.0,0.0,0.0,1.0,,1.0,0.0,0.0,,,,,,,1.0,,0.0,0.0,0.0,,,1.0,1.0,,,,0.0,1.0,0.0,1.0,1.0,0.0,0.0,,,0.0,0.0,0.0,0.0,1.0,,1.0,,0.0,1.0,1.0,,0.0,0.0,0.0,,1.0,,1.0,1.0,0.0,,,1.0,0.0,0.0,0.0,1.0,1.0,1.0,1.0,1.0,1.0,,,1.0,0.0,1.0,1.0,1.0,1.0,1.0,1.0,,,,,0.0,,0.0,0.0,0.0,,,1.0,1.0,1.0,1.0,0.0,,,1.0,0.0,1.0,,1.0,1.0,0.0,,1.0,1.0,0.0,0.0,1.0,1.0,,1.0,1.0,0.0,1.0,1.0,1.0,1.0,1.0,0.0,0.0,1.0,,,1.0,,,,1.0,,0.0,,1.0,,,1.0,,,0.0,,,,0.0,1.0,1.0,,1.0
Otavio Leite,1.0,1.0,1.0,0.0,1.0,,1.0,1.0,,1.0,1.0,1.0,1.0,,,,,,,1.0,1.0,,0.0,1.0,1.0,1.0,1.0,0.0,1.0,1.0,1.0,1.0,1.0,0.0,1.0,,,0.0,0.0,,,,,1.0,,1.0,1.0,1.0,1.0,1.0,,,,1.0,,,,1.0,,,1.0,,,0.0,,0.0,,1.0,1.0,,,1.0,1.0,0.0,1.0,0.0,,,1.0,1.0,,,1.0,,1.0,0.0,0.0,0.0,,,,,1.0,1.0,,,0.0,,0.0,0.0,0.0,,,,,1.0,,,1.0,0.0,1.0,0.0,,,,,,,,,,,,,1.0,,0.0,1.0,,,,,0.0,,0.0,0.0,,,0.0,1.0,1.0,,,,0.0,0.0,0.0,1.0,1.0,,,0.0,1.0,0.0,1.0,,1.0,1.0,1.0,,,,1.0,0.0,0.0,,1.0,,,,,,0.0,1.0,,,,,1.0,1.0,0.0,1.0,,,1.0,1.0,1.0,1.0,,1.0,1.0,1.0,0.0,1.0,1.0,1.0,1.0,1.0,,,,,,1.0,1.0,1.0,1.0,1.0,,,,,1.0,1.0,1.0,0.0,1.0,1.0,1.0,,,,,,,,,,,,,,,,,,,1.0,0.0,0.0,1.0,,,1.0,,,,,1.0,0.0,1.0,1.0,0.0,,1.0,1.0,,,,,,1.0,,1.0,1.0,1.0,1.0,1.0,,,,,1.0,1.0,1.0,,,0.0,1.0,,0.0,,0.0,0.0,,,,1.0,1.0,1.0,0.0,1.0,1.0,1.0,,1.0,,,,0.0,,1.0,1.0,,,,,1.0,1.0,,,,1.0,1.0,1.0,1.0,,,,,,1.0,1.0,,,1.0,1.0,,0.0,1.0,,,1.0,,0.0,0.0,0.0,1.0,0.0,,1.0,,1.0,1.0
Otoniel Lima,1.0,1.0,1.0,0.0,1.0,1.0,,1.0,1.0,1.0,1.0,1.0,1.0,0.0,1.0,1.0,1.0,1.0,1.0,1.0,,0.0,0.0,1.0,1.0,1.0,1.0,1.0,0.0,0.0,0.0,1.0,1.0,0.0,1.0,,1.0,0.0,0.0,0.0,0.0,0.0,0.0,1.0,1.0,1.0,1.0,1.0,1.0,1.0,1.0,0.0,0.0,,0.0,1.0,1.0,1.0,0.0,0.0,0.0,0.0,,1.0,0.0,0.0,0.0,1.0,0.0,1.0,1.0,0.0,0.0,1.0,0.0,1.0,0.0,0.0,0.0,0.0,1.0,1.0,1.0,,,,,,,0.0,0.0,1.0,0.0,0.0,1.0,1.0,0.0,0.0,,0.0,0.0,0.0,0.0,1.0,1.0,1.0,0.0,0.0,0.0,0.0,,1.0,1.0,1.0,,0.0,0.0,0.0,1.0,0.0,1.0,1.0,0.0,0.0,0.0,1.0,1.0,0.0,0.0,0.0,1.0,1.0,1.0,1.0,1.0,1.0,0.0,0.0,1.0,0.0,1.0,1.0,0.0,1.0,1.0,0.0,1.0,1.0,1.0,1.0,1.0,,0.0,0.0,0.0,0.0,1.0,1.0,1.0,1.0,0.0,0.0,0.0,1.0,1.0,1.0,0.0,0.0,1.0,0.0,0.0,0.0,0.0,1.0,1.0,0.0,0.0,0.0,1.0,1.0,1.0,1.0,0.0,0.0,,,,1.0,1.0,1.0,1.0,1.0,1.0,1.0,0.0,0.0,1.0,0.0,,0.0,1.0,0.0,1.0,0.0,0.0,1.0,1.0,1.0,1.0,,,1.0,1.0,1.0,0.0,1.0,1.0,1.0,0.0,0.0,0.0,0.0,0.0,0.0,1.0,0.0,1.0,1.0,0.0,,1.0,,0.0,1.0,0.0,0.0,0.0,0.0,1.0,1.0,,1.0,1.0,0.0,1.0,1.0,0.0,0.0,1.0,0.0,1.0,0.0,,,1.0,1.0,0.0,0.0,,1.0,1.0,1.0,,1.0,1.0,0.0,1.0,1.0,0.0,1.0,0.0,1.0,1.0,1.0,1.0,1.0,1.0,0.0,1.0,0.0,0.0,1.0,0.0,,1.0,0.0,1.0,1.0,,1.0,0.0,1.0,1.0,1.0,0.0,1.0,,0.0,0.0,0.0,,1.0,1.0,0.0,,,1.0,1.0,0.0,1.0,0.0,1.0,0.0,1.0,1.0,1.0,0.0,0.0,1.0,0.0,1.0,,,,0.0,1.0,1.0,1.0,,,0.0,1.0,1.0,1.0,,0.0,0.0,1.0,0.0,,1.0,1.0,,1.0
Oziel Oliveira,,1.0,1.0,1.0,0.0,0.0,0.0,1.0,1.0,1.0,,1.0,,0.0,1.0,1.0,1.0,1.0,,1.0,1.0,0.0,,,,,1.0,0.0,,1.0,,1.0,1.0,0.0,1.0,1.0,1.0,0.0,0.0,0.0,0.0,0.0,,1.0,1.0,,1.0,1.0,1.0,1.0,1.0,0.0,0.0,1.0,1.0,0.0,1.0,1.0,0.0,0.0,0.0,0.0,1.0,1.0,0.0,,0.0,1.0,0.0,1.0,1.0,0.0,0.0,1.0,0.0,1.0,0.0,,1.0,0.0,1.0,1.0,1.0,,1.0,1.0,,,1.0,0.0,0.0,1.0,,,1.0,1.0,0.0,,,1.0,1.0,0.0,0.0,1.0,1.0,1.0,0.0,0.0,0.0,0.0,,1.0,,1.0,0.0,0.0,0.0,,1.0,0.0,1.0,1.0,0.0,,0.0,1.0,1.0,0.0,,,,,,,,,,1.0,1.0,0.0,1.0,0.0,0.0,1.0,1.0,1.0,1.0,1.0,1.0,1.0,1.0,0.0,1.0,0.0,0.0,,1.0,1.0,0.0,1.0,0.0,0.0,0.0,1.0,1.0,1.0,0.0,0.0,1.0,,,,,1.0,1.0,,,,,1.0,0.0,1.0,,1.0,,1.0,1.0,1.0,1.0,1.0,1.0,1.0,1.0,1.0,,,,0.0,,,,,,1.0,1.0,1.0,0.0,1.0,1.0,1.0,0.0,1.0,0.0,1.0,0.0,,,,,0.0,0.0,0.0,0.0,0.0,0.0,0.0,1.0,1.0,0.0,0.0,1.0,1.0,0.0,,0.0,0.0,0.0,0.0,0.0,0.0,,,1.0,0.0,1.0,0.0,,0.0,1.0,0.0,1.0,1.0,1.0,0.0,1.0,1.0,0.0,0.0,0.0,1.0,1.0,1.0,,0.0,0.0,1.0,1.0,1.0,0.0,1.0,1.0,1.0,1.0,0.0,1.0,1.0,1.0,0.0,1.0,1.0,1.0,0.0,0.0,0.0,1.0,0.0,1.0,1.0,1.0,1.0,0.0,1.0,1.0,1.0,,1.0,0.0,0.0,0.0,1.0,0.0,0.0,1.0,,1.0,,,1.0,1.0,0.0,0.0,1.0,1.0,1.0,,,0.0,0.0,,1.0,0.0,,0.0,1.0,0.0,1.0,1.0,,0.0,,0.0,1.0,1.0,1.0,1.0,0.0,0.0,1.0,0.0,,1.0,,1.0,
Padre João,1.0,1.0,0.0,0.0,1.0,1.0,0.0,1.0,1.0,,,1.0,,0.0,,0.0,0.0,1.0,1.0,0.0,0.0,1.0,,,,,1.0,1.0,0.0,0.0,0.0,1.0,1.0,1.0,,1.0,1.0,0.0,0.0,0.0,0.0,1.0,0.0,1.0,1.0,,,1.0,1.0,1.0,1.0,0.0,0.0,1.0,1.0,,1.0,1.0,0.0,0.0,0.0,0.0,1.0,,0.0,0.0,,1.0,0.0,1.0,1.0,0.0,1.0,1.0,0.0,1.0,0.0,,0.0,0.0,1.0,1.0,1.0,1.0,1.0,1.0,1.0,1.0,1.0,0.0,0.0,1.0,,0.0,1.0,1.0,,,,,1.0,,0.0,1.0,0.0,1.0,0.0,0.0,0.0,0.0,1.0,1.0,,1.0,0.0,,0.0,0.0,1.0,0.0,1.0,1.0,0.0,,0.0,1.0,1.0,0.0,0.0,0.0,1.0,1.0,1.0,1.0,1.0,1.0,0.0,1.0,1.0,0.0,0.0,0.0,0.0,1.0,0.0,0.0,1.0,,,0.0,1.0,0.0,,,0.0,0.0,1.0,,0.0,,0.0,0.0,0.0,1.0,1.0,1.0,0.0,0.0,1.0,0.0,0.0,0.0,,1.0,1.0,,,,1.0,1.0,,0.0,0.0,0.0,,1.0,1.0,0.0,,0.0,1.0,,1.0,1.0,,0.0,1.0,,0.0,0.0,1.0,0.0,1.0,0.0,0.0,1.0,0.0,1.0,1.0,1.0,0.0,1.0,,,0.0,0.0,1.0,,0.0,0.0,0.0,0.0,0.0,0.0,1.0,0.0,1.0,1.0,0.0,1.0,1.0,1.0,0.0,0.0,,0.0,0.0,,1.0,1.0,0.0,1.0,1.0,0.0,0.0,0.0,,0.0,0.0,,,0.0,,0.0,1.0,,,,,,1.0,1.0,1.0,1.0,1.0,1.0,1.0,1.0,,,0.0,1.0,1.0,0.0,1.0,1.0,1.0,,1.0,0.0,0.0,0.0,0.0,0.0,1.0,0.0,,1.0,1.0,1.0,0.0,1.0,1.0,1.0,0.0,1.0,,,1.0,1.0,0.0,0.0,1.0,1.0,0.0,0.0,0.0,,,0.0,0.0,1.0,,1.0,1.0,1.0,,0.0,1.0,,1.0,1.0,0.0,1.0,0.0,0.0,1.0,1.0,,,,1.0,1.0,1.0,0.0,,,0.0,,0.0,,1.0,,1.0
Padre Ton,,1.0,0.0,0.0,1.0,1.0,0.0,1.0,1.0,1.0,,1.0,,,0.0,1.0,,1.0,,0.0,0.0,1.0,0.0,1.0,1.0,1.0,1.0,1.0,0.0,0.0,,1.0,1.0,1.0,1.0,1.0,1.0,0.0,0.0,,0.0,1.0,0.0,1.0,1.0,,1.0,1.0,1.0,1.0,1.0,0.0,0.0,,1.0,0.0,1.0,1.0,0.0,0.0,0.0,0.0,,1.0,0.0,0.0,0.0,1.0,0.0,1.0,1.0,0.0,1.0,,0.0,,0.0,,0.0,0.0,1.0,1.0,1.0,,1.0,1.0,,1.0,1.0,0.0,0.0,1.0,,,1.0,1.0,0.0,0.0,0.0,1.0,1.0,0.0,0.0,1.0,1.0,1.0,0.0,0.0,0.0,0.0,,1.0,1.0,1.0,0.0,,0.0,0.0,1.0,0.0,1.0,1.0,0.0,,0.0,1.0,1.0,0.0,,0.0,1.0,1.0,1.0,1.0,1.0,1.0,0.0,1.0,1.0,0.0,,,0.0,,0.0,1.0,1.0,1.0,1.0,1.0,1.0,0.0,0.0,0.0,0.0,,1.0,1.0,0.0,,0.0,,0.0,1.0,1.0,1.0,0.0,0.0,1.0,0.0,0.0,0.0,0.0,1.0,1.0,0.0,0.0,0.0,,1.0,1.0,,0.0,0.0,1.0,1.0,1.0,,,0.0,1.0,,0.0,,0.0,0.0,1.0,,0.0,0.0,1.0,0.0,1.0,0.0,0.0,1.0,0.0,1.0,1.0,1.0,0.0,1.0,0.0,0.0,0.0,0.0,1.0,1.0,,0.0,0.0,0.0,0.0,0.0,1.0,0.0,1.0,1.0,0.0,1.0,1.0,1.0,0.0,0.0,,0.0,0.0,0.0,,1.0,0.0,1.0,1.0,0.0,0.0,0.0,,,,0.0,,0.0,1.0,,1.0,1.0,0.0,,,1.0,1.0,1.0,1.0,1.0,1.0,1.0,,1.0,,,0.0,,1.0,1.0,1.0,1.0,1.0,1.0,1.0,0.0,0.0,0.0,0.0,0.0,1.0,0.0,,1.0,1.0,1.0,0.0,1.0,1.0,1.0,0.0,1.0,1.0,0.0,1.0,1.0,0.0,0.0,1.0,0.0,0.0,1.0,1.0,1.0,0.0,0.0,0.0,1.0,0.0,1.0,1.0,1.0,,0.0,,0.0,1.0,1.0,0.0,1.0,0.0,0.0,,,,,0.0,1.0,1.0,1.0,0.0,,,0.0,,0.0,,,,1.0
Paes Landim,,,1.0,0.0,,,,,,,,1.0,,,,,0.0,,1.0,,1.0,,,,1.0,1.0,1.0,1.0,0.0,0.0,0.0,1.0,1.0,0.0,1.0,1.0,,0.0,0.0,0.0,0.0,0.0,,,,,,,,,1.0,0.0,0.0,,0.0,,,,0.0,,0.0,0.0,1.0,,0.0,,,,,,,0.0,1.0,1.0,,1.0,0.0,0.0,0.0,0.0,1.0,,1.0,,,,,,,,0.0,,0.0,0.0,,,,0.0,,1.0,1.0,0.0,0.0,1.0,0.0,1.0,,0.0,,0.0,,1.0,,,0.0,0.0,0.0,0.0,1.0,0.0,1.0,1.0,0.0,,,1.0,1.0,0.0,0.0,0.0,1.0,1.0,1.0,1.0,1.0,1.0,,1.0,1.0,0.0,0.0,0.0,,,0.0,,1.0,1.0,,,,,0.0,1.0,,,,,,,0.0,,0.0,,,,0.0,0.0,1.0,,,,1.0,0.0,0.0,,0.0,0.0,1.0,,1.0,1.0,0.0,0.0,,1.0,,,,,,,,0.0,,,,,,,,,,,,,0.0,1.0,1.0,,,1.0,,0.0,0.0,0.0,,,0.0,0.0,,0.0,,0.0,1.0,0.0,1.0,1.0,0.0,1.0,1.0,,,,0.0,,0.0,0.0,,1.0,,,,,0.0,0.0,0.0,,,,,,,0.0,,,,,,1.0,1.0,1.0,,,0.0,1.0,1.0,1.0,0.0,,0.0,0.0,,,,1.0,,,,0.0,0.0,,,,,,,,,1.0,,1.0,,1.0,0.0,,,,,0.0,,,,0.0,0.0,1.0,1.0,,,1.0,,,,,1.0,,0.0,,,,1.0,1.0,0.0,1.0,,,,,0.0,,,1.0,1.0,,1.0,0.0,0.0,,1.0,,1.0,1.0,0.0,
Pastor Eurico,1.0,1.0,1.0,1.0,,,,1.0,,1.0,1.0,1.0,1.0,,1.0,1.0,,1.0,1.0,,1.0,0.0,,1.0,1.0,1.0,1.0,1.0,0.0,,,1.0,1.0,0.0,1.0,1.0,,0.0,0.0,0.0,0.0,1.0,0.0,1.0,1.0,1.0,1.0,1.0,1.0,1.0,1.0,0.0,0.0,0.0,,1.0,1.0,1.0,0.0,0.0,0.0,0.0,,1.0,,,,1.0,0.0,,1.0,0.0,1.0,1.0,0.0,1.0,0.0,0.0,0.0,0.0,1.0,1.0,1.0,1.0,0.0,1.0,1.0,1.0,1.0,0.0,0.0,1.0,0.0,,1.0,1.0,0.0,0.0,0.0,,1.0,0.0,0.0,,,0.0,0.0,0.0,0.0,0.0,,1.0,1.0,1.0,,0.0,0.0,0.0,1.0,0.0,1.0,1.0,0.0,0.0,0.0,1.0,1.0,0.0,0.0,0.0,1.0,1.0,1.0,1.0,1.0,1.0,,1.0,,0.0,1.0,1.0,0.0,1.0,1.0,1.0,1.0,1.0,1.0,1.0,1.0,0.0,,0.0,0.0,0.0,1.0,1.0,1.0,1.0,0.0,1.0,1.0,,1.0,1.0,0.0,0.0,1.0,0.0,0.0,,0.0,1.0,1.0,0.0,0.0,1.0,1.0,1.0,1.0,1.0,0.0,,1.0,1.0,1.0,1.0,1.0,1.0,1.0,1.0,1.0,1.0,,,1.0,,,,,,,0.0,0.0,1.0,,1.0,1.0,1.0,1.0,,0.0,1.0,1.0,0.0,1.0,1.0,0.0,1.0,1.0,1.0,0.0,,,,,,,,,,,0.0,0.0,,1.0,,,,,1.0,,,,,,,1.0,0.0,1.0,1.0,,1.0,1.0,,,0.0,0.0,1.0,1.0,1.0,0.0,0.0,0.0,1.0,1.0,1.0,,1.0,1.0,1.0,1.0,0.0,1.0,,,1.0,1.0,1.0,1.0,0.0,0.0,,,,1.0,1.0,,1.0,,1.0,1.0,1.0,0.0,1.0,1.0,,,,0.0,0.0,1.0,,0.0,1.0,,,,,0.0,1.0,,,1.0,1.0,1.0,0.0,1.0,,0.0,,0.0,1.0,0.0,1.0,1.0,,0.0,1.0,,0.0,1.0,1.0,1.0,,,1.0,0.0,0.0,1.0,1.0,0.0,1.0
Pastor Marco Feliciano,,,1.0,1.0,0.0,0.0,0.0,1.0,1.0,,1.0,1.0,1.0,,1.0,1.0,1.0,,1.0,1.0,1.0,0.0,0.0,1.0,1.0,,,1.0,,0.0,0.0,1.0,1.0,0.0,1.0,1.0,1.0,0.0,0.0,0.0,0.0,0.0,,,1.0,1.0,,1.0,1.0,,1.0,0.0,0.0,1.0,,,,1.0,0.0,0.0,0.0,0.0,1.0,1.0,,0.0,0.0,1.0,0.0,1.0,1.0,0.0,0.0,1.0,0.0,0.0,0.0,0.0,0.0,0.0,1.0,1.0,1.0,1.0,1.0,1.0,,,1.0,0.0,0.0,1.0,0.0,0.0,1.0,1.0,0.0,0.0,0.0,1.0,1.0,0.0,0.0,1.0,1.0,1.0,,0.0,,0.0,1.0,0.0,1.0,1.0,1.0,0.0,0.0,0.0,1.0,0.0,1.0,1.0,0.0,0.0,0.0,,,,0.0,0.0,1.0,1.0,1.0,1.0,1.0,1.0,0.0,0.0,1.0,0.0,1.0,1.0,,1.0,0.0,1.0,1.0,1.0,1.0,0.0,1.0,,0.0,,,,1.0,0.0,1.0,1.0,,0.0,,0.0,1.0,,0.0,0.0,,,0.0,,0.0,1.0,1.0,0.0,,,,1.0,,1.0,,,0.0,1.0,1.0,,1.0,1.0,1.0,1.0,,1.0,,,1.0,0.0,0.0,0.0,1.0,1.0,1.0,,,1.0,1.0,1.0,1.0,1.0,0.0,1.0,0.0,0.0,1.0,0.0,1.0,1.0,0.0,1.0,0.0,1.0,0.0,,0.0,,1.0,,0.0,0.0,1.0,1.0,0.0,0.0,0.0,,1.0,1.0,,,0.0,1.0,1.0,0.0,1.0,1.0,0.0,0.0,1.0,,1.0,0.0,,0.0,1.0,1.0,,,,,1.0,1.0,1.0,1.0,1.0,0.0,,,,,1.0,,1.0,1.0,1.0,,,0.0,1.0,0.0,1.0,0.0,,0.0,1.0,0.0,1.0,0.0,,1.0,0.0,,1.0,1.0,0.0,1.0,0.0,1.0,1.0,0.0,,1.0,,,1.0,1.0,,,1.0,1.0,0.0,1.0,1.0,1.0,1.0,1.0,,,1.0,1.0,0.0,,,,,,1.0,,,,,,1.0,1.0,1.0,0.0,0.0,1.0,0.0,0.0,1.0,1.0,0.0,1.0
Pauderney Avelino,1.0,1.0,1.0,1.0,0.0,,1.0,,1.0,,,1.0,,,1.0,1.0,1.0,1.0,1.0,,,,1.0,0.0,0.0,0.0,1.0,0.0,1.0,1.0,0.0,,,0.0,1.0,1.0,,,,,,,,1.0,,,1.0,1.0,1.0,1.0,0.0,,,1.0,,,1.0,,,,,,0.0,,,,,1.0,1.0,,,0.0,1.0,,,0.0,,,1.0,1.0,0.0,0.0,1.0,,0.0,0.0,0.0,0.0,0.0,,,0.0,1.0,1.0,,0.0,,,,0.0,0.0,,,,,1.0,,,,,,0.0,,,1.0,1.0,,,,,0.0,0.0,1.0,1.0,1.0,0.0,,1.0,,,0.0,,,,,,1.0,1.0,0.0,1.0,1.0,1.0,,,1.0,1.0,1.0,1.0,,,,0.0,1.0,1.0,1.0,,1.0,1.0,,1.0,,,,0.0,,,,,,,,,,,,,,,0.0,1.0,0.0,1.0,,,0.0,,,,0.0,,,,0.0,,,1.0,1.0,,,,,,,1.0,1.0,1.0,1.0,1.0,1.0,,1.0,1.0,,,,,1.0,1.0,,,,,,,,,,,,,,,,,,,,,,,,,,,,,,,,,,,,,1.0,1.0,,,,,,,,,,,,,,,,,,,,,,,,,,,,,,,,,1.0,,,1.0,1.0,1.0,,1.0,,,,,,,1.0,,,,,1.0,1.0,0.0,,,1.0,1.0,1.0,1.0,,,,1.0,0.0,0.0,1.0,1.0,0.0,1.0,1.0,0.0,0.0,1.0,0.0,0.0,1.0,1.0,,0.0,0.0,1.0,0.0,,1.0,1.0,0.0,1.0
Paulo Abi-Ackel,1.0,1.0,1.0,1.0,0.0,,1.0,1.0,1.0,1.0,,1.0,1.0,,1.0,1.0,,1.0,,1.0,1.0,0.0,,1.0,1.0,1.0,1.0,1.0,1.0,,,0.0,1.0,0.0,1.0,1.0,1.0,1.0,,0.0,1.0,0.0,,1.0,1.0,,1.0,1.0,,1.0,,,,1.0,,,1.0,1.0,,,,,0.0,,,,,1.0,,,1.0,1.0,1.0,0.0,1.0,,,,1.0,1.0,0.0,,1.0,,,0.0,0.0,0.0,1.0,,,0.0,1.0,1.0,,0.0,,0.0,0.0,,0.0,,,,1.0,,,,1.0,0.0,1.0,0.0,,1.0,1.0,,,,,,,0.0,1.0,,1.0,,,1.0,,,,0.0,0.0,0.0,0.0,0.0,,,0.0,1.0,1.0,1.0,0.0,1.0,1.0,1.0,1.0,,1.0,1.0,1.0,,,,1.0,0.0,,1.0,,0.0,,,0.0,0.0,1.0,,1.0,,1.0,,,,0.0,1.0,1.0,,,,1.0,1.0,0.0,,,0.0,,1.0,1.0,,,1.0,1.0,,0.0,1.0,,,,,,,,1.0,,1.0,,1.0,1.0,1.0,1.0,1.0,0.0,1.0,1.0,,1.0,0.0,,,1.0,1.0,,,,,,,,,,,,,,1.0,0.0,,,1.0,,,,,,1.0,1.0,,,0.0,1.0,,1.0,,,,,1.0,0.0,,,1.0,,1.0,,1.0,1.0,1.0,,1.0,,0.0,0.0,1.0,1.0,1.0,1.0,1.0,,0.0,1.0,,0.0,,0.0,,,0.0,0.0,1.0,1.0,1.0,0.0,,1.0,1.0,,1.0,0.0,1.0,0.0,,1.0,1.0,1.0,1.0,,0.0,0.0,1.0,1.0,0.0,,1.0,1.0,1.0,1.0,1.0,,,,,,,,,0.0,1.0,1.0,,0.0,1.0,0.0,,1.0,1.0,,,0.0,1.0,,1.0,1.0,1.0,0.0,
Paulo Bornhausen,,,,,,,,,,,,,,,,,,,,,,,,,,,,,,,,,,,,,,,,,,,,,,,,,,,,,,,,,,,,,,,,,,,,,,,,,1.0,,,,,,1.0,1.0,,,,,,,,,,,,,,,,,,,,,,,,,,,,,,,,,,,,,,,,,,,,,,,,,,,,,,,,,,1.0,,,,,,,,,,1.0,,,,,,,,,,,,,,,,,,,,,,,,,,,,,,,,1.0,,,,,,,,,,,,,,,,,,,,,,,,1.0,,,1.0,,,,,1.0,,,,,,,,,,,,,,,,,,,,,,,,,,,,,,,1.0,,1.0,0.0,1.0,,,,,,,,,,,,,,,,,,,,,,,,,,,,,,,,,,,,,,,,,,,,,,,,,,,,1.0,,,,,,1.0,0.0,,,,,,,,1.0,1.0,,,0.0,,1.0,,,0.0,1.0,0.0,,,,,,,0.0,1.0,0.0,1.0,0.0,0.0,,,0.0,,1.0,,1.0
Paulo Cesar Quartiero,1.0,1.0,1.0,1.0,0.0,0.0,1.0,0.0,1.0,1.0,1.0,,1.0,0.0,0.0,1.0,1.0,1.0,1.0,,1.0,0.0,0.0,1.0,1.0,1.0,0.0,1.0,,1.0,,1.0,,0.0,1.0,1.0,1.0,1.0,1.0,1.0,0.0,0.0,,1.0,1.0,,1.0,1.0,1.0,1.0,0.0,,,,0.0,,1.0,1.0,,,,,0.0,0.0,,,,1.0,1.0,,1.0,,,0.0,1.0,0.0,,,0.0,1.0,0.0,,1.0,,,0.0,0.0,0.0,1.0,,,0.0,1.0,1.0,,0.0,,,0.0,0.0,,,,,,0.0,,,,,,0.0,1.0,1.0,1.0,,,,,,0.0,0.0,,,,,,1.0,,,0.0,,,0.0,0.0,0.0,,1.0,0.0,,1.0,1.0,1.0,1.0,1.0,1.0,1.0,1.0,1.0,1.0,1.0,1.0,1.0,1.0,1.0,,1.0,1.0,,1.0,,0.0,0.0,1.0,1.0,,,,1.0,,,,,,1.0,,,,1.0,,,1.0,,1.0,0.0,,,1.0,0.0,,,1.0,0.0,1.0,,,0.0,0.0,0.0,0.0,1.0,,1.0,1.0,1.0,1.0,1.0,1.0,1.0,1.0,1.0,1.0,1.0,1.0,1.0,1.0,1.0,1.0,1.0,1.0,,,0.0,,,,,,,,,,,1.0,,,1.0,1.0,0.0,0.0,,1.0,,,,1.0,1.0,0.0,1.0,,,1.0,0.0,1.0,1.0,,,,,,1.0,1.0,1.0,,,,1.0,1.0,,,,1.0,1.0,1.0,1.0,1.0,1.0,,1.0,1.0,0.0,,,,,,0.0,0.0,,1.0,,1.0,1.0,1.0,,1.0,0.0,1.0,0.0,0.0,1.0,,1.0,1.0,,,0.0,0.0,1.0,0.0,,0.0,1.0,1.0,,,,,1.0,1.0,0.0,0.0,1.0,1.0,0.0,1.0,1.0,0.0,0.0,1.0,0.0,,,1.0,1.0,0.0,0.0,1.0,,,1.0,,0.0,
Paulo Feijó,1.0,1.0,,,0.0,0.0,1.0,1.0,1.0,1.0,1.0,1.0,1.0,0.0,1.0,1.0,1.0,,,1.0,1.0,1.0,0.0,1.0,0.0,1.0,1.0,0.0,0.0,0.0,0.0,1.0,1.0,0.0,1.0,0.0,1.0,0.0,,0.0,1.0,0.0,,1.0,1.0,1.0,1.0,1.0,1.0,1.0,,,,1.0,0.0,1.0,1.0,,,,,,,,,,,,,,,,1.0,,,,,,,,,,,1.0,,,,,,,,,,,1.0,1.0,,,,0.0,0.0,0.0,0.0,1.0,1.0,1.0,0.0,0.0,,0.0,1.0,1.0,1.0,1.0,0.0,0.0,,0.0,,,0.0,0.0,1.0,0.0,1.0,0.0,1.0,0.0,0.0,0.0,1.0,1.0,1.0,1.0,,1.0,0.0,0.0,1.0,1.0,1.0,1.0,0.0,1.0,,0.0,,1.0,1.0,1.0,1.0,1.0,1.0,1.0,0.0,0.0,1.0,0.0,,1.0,0.0,0.0,,0.0,0.0,,0.0,,1.0,,,,0.0,1.0,1.0,,0.0,1.0,1.0,1.0,1.0,1.0,0.0,1.0,1.0,1.0,1.0,1.0,1.0,1.0,1.0,1.0,0.0,,0.0,0.0,1.0,0.0,0.0,0.0,1.0,0.0,1.0,,0.0,1.0,0.0,1.0,1.0,1.0,0.0,1.0,0.0,0.0,1.0,1.0,1.0,,0.0,0.0,0.0,0.0,1.0,0.0,1.0,0.0,0.0,1.0,0.0,0.0,1.0,1.0,0.0,0.0,0.0,0.0,0.0,0.0,1.0,1.0,0.0,1.0,1.0,0.0,1.0,0.0,0.0,0.0,1.0,,1.0,0.0,1.0,0.0,1.0,1.0,0.0,0.0,0.0,1.0,1.0,1.0,1.0,1.0,1.0,0.0,1.0,1.0,,1.0,1.0,1.0,1.0,1.0,1.0,1.0,1.0,0.0,1.0,0.0,0.0,0.0,0.0,0.0,1.0,0.0,,1.0,1.0,1.0,0.0,1.0,1.0,1.0,,1.0,0.0,0.0,0.0,1.0,0.0,1.0,1.0,0.0,0.0,1.0,1.0,1.0,,1.0,0.0,1.0,,1.0,1.0,1.0,0.0,0.0,1.0,0.0,1.0,1.0,1.0,1.0,0.0,1.0,1.0,0.0,,1.0,0.0,1.0,1.0,1.0,1.0,0.0,0.0,1.0,1.0,0.0,1.0,1.0,0.0,1.0
Paulo Ferreira,1.0,1.0,,,1.0,1.0,,1.0,1.0,1.0,1.0,1.0,1.0,,,0.0,,,1.0,0.0,0.0,1.0,,,,,1.0,,,,,1.0,1.0,,,,1.0,0.0,0.0,0.0,0.0,1.0,0.0,,1.0,,,,1.0,1.0,,,,1.0,1.0,0.0,,,,,,,,,,,,,,,,,,,,,,,,,,,,1.0,,,,,,,,,,,1.0,1.0,,,,,,,,,,,,,,0.0,,,1.0,1.0,,,,,,,,,,,,,,,,,,,,,,,,,,,0.0,0.0,0.0,1.0,0.0,0.0,,,1.0,0.0,,,,0.0,0.0,0.0,1.0,,0.0,,0.0,0.0,0.0,1.0,,1.0,,0.0,1.0,0.0,0.0,0.0,0.0,1.0,1.0,0.0,0.0,0.0,1.0,,1.0,,,0.0,1.0,,,,1.0,0.0,1.0,1.0,1.0,1.0,0.0,,1.0,,0.0,0.0,1.0,0.0,1.0,,,,,,,,,,0.0,0.0,0.0,,1.0,1.0,0.0,0.0,0.0,0.0,0.0,0.0,1.0,0.0,1.0,1.0,0.0,1.0,1.0,1.0,0.0,0.0,0.0,0.0,0.0,0.0,1.0,1.0,,1.0,1.0,0.0,0.0,0.0,0.0,0.0,,0.0,,0.0,1.0,0.0,,,0.0,0.0,0.0,1.0,1.0,1.0,1.0,1.0,1.0,1.0,1.0,1.0,0.0,1.0,0.0,1.0,1.0,1.0,1.0,,1.0,1.0,1.0,0.0,0.0,0.0,0.0,0.0,1.0,0.0,1.0,1.0,,,,,1.0,1.0,,1.0,1.0,0.0,1.0,1.0,0.0,0.0,,1.0,,1.0,1.0,,,,,,,,,,,,,,,,,,,,1.0,,,,,,,,,,,,,,,,,
Paulo Foletto,1.0,1.0,1.0,1.0,1.0,1.0,0.0,1.0,1.0,1.0,1.0,1.0,1.0,0.0,1.0,0.0,1.0,1.0,1.0,1.0,1.0,,0.0,1.0,1.0,1.0,1.0,0.0,0.0,0.0,,1.0,1.0,0.0,1.0,1.0,,,,,,,0.0,1.0,1.0,1.0,1.0,1.0,1.0,1.0,1.0,0.0,0.0,1.0,1.0,1.0,1.0,1.0,0.0,,0.0,0.0,,,0.0,0.0,0.0,1.0,0.0,1.0,,0.0,0.0,1.0,,1.0,0.0,0.0,0.0,0.0,1.0,1.0,1.0,1.0,1.0,1.0,1.0,1.0,1.0,,,,0.0,,1.0,1.0,,0.0,0.0,1.0,1.0,0.0,,1.0,0.0,1.0,0.0,0.0,0.0,0.0,,1.0,1.0,1.0,0.0,0.0,,0.0,1.0,0.0,1.0,1.0,0.0,0.0,0.0,1.0,,0.0,0.0,,1.0,1.0,1.0,1.0,1.0,1.0,0.0,1.0,1.0,0.0,0.0,0.0,,,0.0,0.0,0.0,1.0,1.0,0.0,1.0,,1.0,0.0,0.0,,1.0,1.0,1.0,1.0,0.0,0.0,0.0,1.0,0.0,1.0,0.0,0.0,1.0,0.0,0.0,0.0,0.0,1.0,1.0,,,,1.0,1.0,1.0,1.0,,,1.0,1.0,1.0,1.0,1.0,1.0,1.0,1.0,0.0,1.0,,,1.0,1.0,,,,0.0,,1.0,1.0,1.0,1.0,1.0,1.0,1.0,1.0,1.0,,1.0,0.0,1.0,1.0,1.0,0.0,1.0,1.0,1.0,0.0,0.0,,0.0,,,,,,,,0.0,0.0,,1.0,1.0,1.0,1.0,0.0,1.0,1.0,0.0,1.0,0.0,,0.0,1.0,0.0,1.0,0.0,1.0,,1.0,1.0,0.0,,,1.0,1.0,1.0,0.0,,,,,1.0,,1.0,,1.0,1.0,1.0,1.0,1.0,1.0,0.0,1.0,1.0,0.0,,1.0,1.0,1.0,1.0,0.0,0.0,1.0,1.0,0.0,1.0,1.0,1.0,0.0,1.0,,,,,0.0,0.0,1.0,0.0,0.0,1.0,1.0,,1.0,1.0,1.0,1.0,1.0,1.0,1.0,1.0,1.0,0.0,0.0,1.0,0.0,0.0,0.0,0.0,0.0,1.0,,0.0,,1.0,0.0,0.0,1.0,1.0,,0.0,0.0,,,0.0,1.0,1.0,0.0,1.0
Paulo Freire,1.0,1.0,1.0,0.0,0.0,0.0,,0.0,1.0,1.0,1.0,,1.0,,1.0,1.0,1.0,,,1.0,1.0,,1.0,1.0,0.0,1.0,1.0,0.0,,,0.0,,,0.0,1.0,1.0,1.0,0.0,,,,0.0,,1.0,1.0,1.0,1.0,,,1.0,1.0,0.0,0.0,,,1.0,1.0,1.0,,,0.0,,1.0,1.0,0.0,0.0,0.0,1.0,0.0,1.0,1.0,0.0,1.0,1.0,0.0,1.0,0.0,,0.0,0.0,1.0,1.0,1.0,1.0,1.0,1.0,1.0,,1.0,0.0,,,0.0,0.0,,,0.0,0.0,0.0,0.0,0.0,0.0,0.0,1.0,1.0,0.0,,0.0,0.0,,,1.0,1.0,1.0,,,0.0,0.0,1.0,0.0,1.0,1.0,0.0,0.0,0.0,1.0,1.0,0.0,0.0,0.0,1.0,1.0,1.0,1.0,1.0,1.0,0.0,0.0,1.0,,1.0,1.0,,,,,,,1.0,1.0,1.0,1.0,1.0,1.0,0.0,,,1.0,1.0,,,0.0,,,,,0.0,,1.0,0.0,0.0,,0.0,1.0,1.0,0.0,,,,,,1.0,0.0,1.0,1.0,1.0,1.0,,,1.0,1.0,1.0,1.0,,0.0,0.0,,,0.0,0.0,1.0,0.0,,0.0,0.0,1.0,0.0,1.0,1.0,1.0,0.0,1.0,0.0,0.0,,,,,,0.0,,0.0,1.0,,1.0,0.0,0.0,,0.0,0.0,1.0,1.0,0.0,,,0.0,0.0,,,1.0,,1.0,1.0,,1.0,0.0,0.0,0.0,1.0,0.0,1.0,,1.0,,1.0,,,,,,1.0,1.0,1.0,1.0,1.0,0.0,1.0,1.0,,1.0,1.0,,,,,1.0,1.0,0.0,,,,,,,,,,0.0,1.0,1.0,,1.0,,1.0,0.0,1.0,1.0,,0.0,1.0,0.0,,,0.0,,1.0,1.0,,1.0,1.0,0.0,1.0,1.0,1.0,1.0,1.0,,,1.0,,1.0,,0.0,0.0,0.0,1.0,1.0,0.0,0.0,1.0,0.0,,1.0,,,0.0,0.0,,,0.0,1.0,1.0,0.0,1.0
Paulo Henrique Lustosa,,,,,,,,,,,,,,0.0,,1.0,,,,,,,,,,,,,,,,,1.0,,,,,,,,,,,,1.0,,,,,,,,,,,,,,,,,,,,,,,,,,,,,,,,,,,,,,,,,,,,,,,,,,,,,,,,,,,,,,,,,,,,,,,,,,,,,,,,,,,,,,,,,,,,,,,,,,0.0,1.0,,,,,1.0,0.0,,,,,,,,,,,,,,,,,0.0,,,,,,,,,,,,,,,,,,,,,,,,,,,,,,,,,,,0.0,,,,,,,,,,,0.0,0.0,,,,,,,,,,,,,,,,,,,,,,,,,,,,,,0.0,1.0,0.0,0.0,,,,,,,,,,,,,,,,,,,,,,0.0,,1.0,,,,,1.0,,,,0.0,0.0,0.0,0.0,,,,1.0,,,,,,1.0,1.0,,1.0,,0.0,1.0,0.0,1.0,1.0,,1.0,,,0.0,,,,,,,,,,,,,,,,,,,,,,,,,,,,,,,,,,,,,
Paulo Magalhães,1.0,1.0,1.0,1.0,0.0,0.0,0.0,,1.0,1.0,1.0,1.0,1.0,0.0,0.0,1.0,1.0,1.0,,1.0,1.0,1.0,0.0,1.0,1.0,1.0,,1.0,0.0,0.0,0.0,1.0,1.0,0.0,1.0,1.0,1.0,0.0,0.0,0.0,0.0,0.0,0.0,1.0,1.0,,1.0,1.0,1.0,,1.0,0.0,0.0,1.0,0.0,,,1.0,0.0,0.0,0.0,,,1.0,,0.0,0.0,1.0,0.0,1.0,1.0,0.0,1.0,1.0,0.0,1.0,0.0,,0.0,,1.0,1.0,,1.0,1.0,1.0,1.0,1.0,1.0,0.0,0.0,1.0,0.0,0.0,1.0,1.0,0.0,0.0,0.0,1.0,1.0,0.0,0.0,1.0,0.0,,0.0,,0.0,,1.0,1.0,1.0,1.0,0.0,0.0,0.0,0.0,1.0,,1.0,1.0,0.0,,,,,0.0,0.0,,1.0,1.0,1.0,1.0,1.0,1.0,0.0,1.0,1.0,0.0,0.0,0.0,0.0,1.0,1.0,1.0,1.0,1.0,,0.0,1.0,0.0,1.0,1.0,0.0,0.0,1.0,1.0,0.0,1.0,0.0,0.0,0.0,0.0,,1.0,,0.0,1.0,0.0,0.0,0.0,0.0,1.0,1.0,0.0,0.0,0.0,1.0,1.0,1.0,1.0,0.0,0.0,0.0,1.0,1.0,,1.0,,,1.0,,1.0,,0.0,1.0,,0.0,0.0,1.0,0.0,1.0,0.0,,1.0,,1.0,1.0,,1.0,1.0,1.0,1.0,1.0,0.0,1.0,1.0,1.0,0.0,,0.0,0.0,0.0,1.0,,1.0,1.0,,1.0,,,,0.0,0.0,0.0,,1.0,1.0,1.0,0.0,1.0,1.0,0.0,0.0,0.0,0.0,0.0,1.0,,1.0,1.0,0.0,1.0,1.0,1.0,0.0,0.0,0.0,1.0,1.0,1.0,1.0,,,,1.0,1.0,,1.0,0.0,1.0,,,,1.0,1.0,,1.0,0.0,0.0,,0.0,0.0,1.0,0.0,1.0,1.0,1.0,1.0,0.0,1.0,1.0,1.0,,1.0,0.0,1.0,1.0,0.0,1.0,,1.0,0.0,0.0,1.0,1.0,,0.0,0.0,0.0,1.0,0.0,1.0,1.0,1.0,0.0,0.0,,0.0,,1.0,0.0,1.0,0.0,1.0,1.0,1.0,1.0,0.0,0.0,1.0,,,0.0,,,1.0,,,1.0,1.0,,1.0
Paulo Maluf,,1.0,1.0,1.0,0.0,0.0,,,1.0,,,1.0,,,,,,,1.0,,1.0,,1.0,,,1.0,,1.0,0.0,0.0,0.0,,1.0,,,1.0,1.0,,,,,,0.0,,,,1.0,1.0,1.0,1.0,,,,,,,,1.0,0.0,0.0,0.0,0.0,1.0,1.0,0.0,0.0,,,,,,0.0,1.0,,0.0,,,0.0,0.0,1.0,,0.0,,,1.0,,,,,,,,,,,,0.0,,,,1.0,,0.0,1.0,,,0.0,0.0,,,,,,,,0.0,,,,,,,,0.0,0.0,1.0,1.0,,0.0,0.0,1.0,,,,,,0.0,,1.0,,,,,,0.0,0.0,,,1.0,0.0,,0.0,,0.0,0.0,,1.0,,,1.0,,,0.0,,,,,,,0.0,0.0,,0.0,,,,,,1.0,1.0,,1.0,,,0.0,,,,,,,,0.0,,,,,0.0,,,,,,,,1.0,,,,,,,,1.0,,0.0,,,,,,,,,1.0,0.0,1.0,1.0,,,,,0.0,,0.0,0.0,0.0,,1.0,,,1.0,,0.0,1.0,0.0,0.0,,,0.0,,1.0,0.0,,,1.0,,,,,,,,,,,,,0.0,1.0,1.0,1.0,,,,1.0,1.0,,,,,,,,,,,,,,0.0,1.0,,,,,,0.0,1.0,0.0,0.0,1.0,,,,,,,1.0,,0.0,,1.0,,,,0.0,,,0.0,,,,,,,,,,,0.0,1.0,,,,,,,,,,,,
Paulo Marinho Junior,,,,,,,,,,,,,,,,,,,,,,,,,,,,,,,,,,,,,,,,,,,,,,,,,,,,,,,,,,,,,,,,,,,,,,,,,,,,,,,,,,,,1.0,,,,,,,,,,,,,,,,,,,,,,,,,,,,,,,,,,,,,,,,,,,,,,,,,,,,,,,,,,,,,,,,,,,,,,,,,,,,,,0.0,0.0,1.0,,,,0.0,1.0,,,,,,,,,,,,,,,,,,,,,,,,,,,,,,,,,,,,,,,,,,,,,,,,,,,,,,,,,,,,,,,,,,,,,,,,,,,,,,,,,,,,,,,,,,,,,,,,,,,,,,,,,,,,,,,,,,,,,,,,,,,,,,,,,,,,,,,,,,,,,,,,,,,,,,,,,,,,,,,,,,,,,,,,,,,,,,,
Paulo Pereira da Silva,1.0,1.0,1.0,0.0,0.0,0.0,,,1.0,1.0,,1.0,,0.0,1.0,0.0,,,1.0,1.0,1.0,,0.0,0.0,0.0,1.0,1.0,0.0,,,0.0,1.0,1.0,,1.0,1.0,0.0,,,,,0.0,0.0,,1.0,,1.0,,1.0,1.0,,,,1.0,0.0,,1.0,1.0,0.0,0.0,,0.0,,1.0,0.0,0.0,,0.0,0.0,,,,1.0,,0.0,,0.0,0.0,,1.0,0.0,1.0,,1.0,1.0,1.0,,,1.0,,0.0,1.0,,0.0,,,0.0,,0.0,0.0,1.0,0.0,0.0,1.0,0.0,,,,0.0,,1.0,1.0,1.0,1.0,,0.0,,0.0,,,,,,,0.0,1.0,,0.0,0.0,0.0,1.0,,1.0,1.0,1.0,1.0,0.0,0.0,1.0,0.0,1.0,1.0,0.0,1.0,1.0,,1.0,1.0,,,1.0,0.0,0.0,0.0,0.0,0.0,1.0,1.0,0.0,,0.0,0.0,0.0,1.0,1.0,1.0,0.0,,,0.0,0.0,,0.0,1.0,1.0,0.0,0.0,1.0,,1.0,0.0,1.0,0.0,0.0,,1.0,1.0,1.0,,1.0,1.0,1.0,1.0,,0.0,,,1.0,1.0,,,,,1.0,1.0,,,,1.0,1.0,0.0,1.0,0.0,1.0,0.0,0.0,,,0.0,1.0,1.0,1.0,0.0,,0.0,,0.0,,,,,,,1.0,,1.0,1.0,0.0,0.0,0.0,,,,1.0,1.0,1.0,0.0,0.0,1.0,,1.0,1.0,0.0,,1.0,1.0,0.0,,,1.0,,1.0,0.0,1.0,1.0,,,1.0,,,1.0,1.0,,,,1.0,1.0,,,1.0,,,,,,,0.0,,,1.0,0.0,1.0,1.0,1.0,,,,1.0,0.0,0.0,,,1.0,0.0,0.0,1.0,0.0,,,,,,,1.0,1.0,1.0,,,1.0,1.0,0.0,,1.0,,0.0,1.0,1.0,0.0,0.0,1.0,0.0,,1.0,1.0,,0.0,0.0,,,,1.0,,0.0,1.0
Paulo Piau,1.0,,1.0,1.0,0.0,0.0,0.0,,1.0,,1.0,,,,,,,,,,,,0.0,1.0,1.0,1.0,1.0,1.0,,,,,,0.0,,1.0,,,,,,,,,,,1.0,,,,1.0,,0.0,,,,,1.0,,0.0,0.0,0.0,,,,0.0,,,,,1.0,0.0,,,,1.0,0.0,,0.0,0.0,1.0,,1.0,,,1.0,1.0,,,,0.0,1.0,,,1.0,,,,0.0,1.0,1.0,0.0,,,,,0.0,0.0,,,,1.0,,,0.0,0.0,,0.0,1.0,0.0,1.0,1.0,0.0,0.0,,,,0.0,,0.0,1.0,1.0,1.0,1.0,,1.0,0.0,1.0,,,0.0,0.0,,,,1.0,1.0,,,,,,0.0,,,,,,,,0.0,0.0,0.0,1.0,,1.0,,,,0.0,,,,,,,0.0,,,,,1.0,,,0.0,,,,1.0,,,,,,0.0,,,,,,,,,,,,,,,,,,,,,,,,,,,,,,,,,,,,,,,,,,,,,,,,,,,,,,,,,,,,,,,,,,,,,,,,,,,,,,,,,,,,,,,,,,,,,,,,,,,,,,,,,,,,,,,,,,,,,,,,,,,,,,,,,,,,,,,,,,,,,,,,,,,,,
Paulo Pimenta,1.0,,0.0,0.0,1.0,1.0,,1.0,,1.0,1.0,1.0,,,,0.0,,1.0,,1.0,,1.0,,1.0,1.0,,1.0,1.0,0.0,,,,,,1.0,1.0,,,,,,,0.0,1.0,1.0,,,1.0,1.0,1.0,,0.0,,1.0,,0.0,,1.0,0.0,,0.0,0.0,1.0,,0.0,,,,,1.0,1.0,0.0,,,,,0.0,,0.0,0.0,1.0,1.0,1.0,1.0,,1.0,,,,,,,0.0,0.0,1.0,1.0,,,0.0,,1.0,,,1.0,0.0,,,0.0,,,1.0,,,,,,0.0,,1.0,0.0,1.0,1.0,0.0,,0.0,1.0,1.0,0.0,,,1.0,1.0,1.0,1.0,1.0,1.0,,1.0,1.0,0.0,0.0,0.0,,,0.0,0.0,,,1.0,0.0,,0.0,0.0,,,0.0,1.0,0.0,0.0,1.0,0.0,0.0,0.0,1.0,1.0,1.0,0.0,0.0,1.0,,,0.0,0.0,0.0,1.0,0.0,0.0,,,1.0,1.0,0.0,0.0,,,,,,1.0,0.0,1.0,,1.0,0.0,,0.0,,,,0.0,,,,1.0,1.0,1.0,0.0,,,,,1.0,0.0,,0.0,,1.0,,0.0,0.0,0.0,0.0,0.0,0.0,1.0,,1.0,,0.0,1.0,1.0,,0.0,0.0,0.0,,0.0,0.0,,1.0,,1.0,1.0,,,0.0,,,,,,,,,1.0,1.0,0.0,0.0,0.0,,1.0,1.0,,,,,,,0.0,1.0,0.0,1.0,,,,1.0,,,,0.0,0.0,,,,,,,1.0,,,,1.0,,,0.0,1.0,1.0,,1.0,1.0,0.0,0.0,1.0,,,,1.0,,,,0.0,,,,1.0,1.0,0.0,,,0.0,1.0,,0.0,,0.0,0.0,1.0,1.0,,,,,1.0,1.0,,,,,0.0,0.0,1.0,1.0,1.0,
Paulo Rubem Santiago,1.0,,0.0,0.0,,,1.0,1.0,1.0,1.0,1.0,1.0,1.0,0.0,1.0,0.0,1.0,1.0,,1.0,,0.0,0.0,1.0,0.0,1.0,1.0,0.0,0.0,1.0,,1.0,1.0,0.0,1.0,1.0,,,,,,,0.0,1.0,,1.0,1.0,1.0,1.0,,,,,1.0,1.0,0.0,,1.0,0.0,0.0,0.0,,,,,,,,,,,0.0,0.0,1.0,,,0.0,0.0,0.0,0.0,1.0,,1.0,1.0,,1.0,1.0,1.0,1.0,,,,,,1.0,1.0,0.0,0.0,0.0,0.0,1.0,0.0,0.0,1.0,0.0,1.0,,0.0,0.0,0.0,,0.0,,,0.0,0.0,0.0,0.0,1.0,0.0,1.0,1.0,,0.0,0.0,,,0.0,,0.0,,,1.0,1.0,1.0,1.0,0.0,,0.0,0.0,1.0,1.0,0.0,1.0,1.0,1.0,1.0,1.0,1.0,1.0,1.0,,,0.0,0.0,,1.0,0.0,0.0,1.0,0.0,0.0,0.0,1.0,,1.0,,0.0,1.0,0.0,0.0,,0.0,1.0,1.0,0.0,,1.0,1.0,1.0,0.0,1.0,0.0,0.0,,1.0,1.0,,,0.0,,1.0,0.0,1.0,,,,,,0.0,,,,,1.0,1.0,0.0,1.0,1.0,1.0,0.0,1.0,,,0.0,0.0,,,0.0,0.0,0.0,1.0,0.0,0.0,0.0,,,,0.0,,,,0.0,1.0,0.0,0.0,1.0,0.0,,0.0,0.0,,,0.0,1.0,0.0,1.0,0.0,1.0,,1.0,,,,1.0,,0.0,0.0,0.0,1.0,1.0,1.0,,,,,1.0,1.0,,,,,1.0,0.0,,1.0,1.0,0.0,1.0,1.0,0.0,,,,,,,1.0,1.0,1.0,0.0,1.0,1.0,1.0,,1.0,,0.0,0.0,,,0.0,1.0,0.0,,,1.0,1.0,1.0,0.0,0.0,0.0,1.0,1.0,0.0,0.0,0.0,0.0,1.0,1.0,0.0,1.0,0.0,1.0,0.0,1.0,1.0,0.0,,,0.0,1.0,1.0,1.0,1.0,0.0,,1.0,0.0,,1.0,,1.0,1.0
Paulo Tadeu,,,,,,,,,,,,1.0,,,,,,,,,,,,,,,,,,,,,,,,,,,,,,,,,,,,,,,,,,,,,,,,,,,,,,,,,,,,,,,,,,,,,,,,,,,,,,,,,,,,,,,,,,,,,,,,,,,,,,,,,,,,,,,,,,,,,,,,,,,,,,,,,,,,,,,,,,,,,,,,,,,,,0.0,0.0,,1.0,,,,0.0,1.0,0.0,0.0,0.0,,,,0.0,0.0,,,,1.0,,,0.0,,,,,,,,,,,,,,,,,,,,,,,,,,,,,,,,,,,,,,,,,,,,,,,,,,,,,,,,,,,,,,,,,,,,,,,,,,,,,,,,,,,,,,,,,,,,,,,,,,,,,,,,,,,,,,,,,,,,,,,,,,,,,,,,,,,,,,,,,,,,,,,,,,,,,,,,,,,,,,,,
Paulo Teixeira,1.0,1.0,1.0,0.0,1.0,1.0,0.0,1.0,,1.0,1.0,,,0.0,1.0,0.0,0.0,1.0,,,0.0,1.0,0.0,1.0,1.0,1.0,1.0,1.0,0.0,,0.0,1.0,1.0,1.0,1.0,1.0,,0.0,,,0.0,1.0,0.0,1.0,1.0,,1.0,1.0,1.0,,1.0,,0.0,,1.0,0.0,1.0,1.0,0.0,0.0,0.0,0.0,1.0,,0.0,0.0,0.0,0.0,0.0,1.0,1.0,0.0,1.0,,,,,0.0,0.0,0.0,1.0,1.0,1.0,,1.0,1.0,,1.0,1.0,0.0,,,,,,,0.0,0.0,,1.0,1.0,0.0,0.0,1.0,0.0,1.0,,0.0,,0.0,,,1.0,1.0,0.0,,0.0,0.0,1.0,0.0,1.0,1.0,0.0,0.0,,1.0,1.0,0.0,0.0,0.0,1.0,1.0,1.0,1.0,1.0,1.0,0.0,1.0,1.0,0.0,0.0,0.0,0.0,1.0,0.0,0.0,,1.0,1.0,,1.0,0.0,0.0,0.0,,0.0,,1.0,0.0,,,,0.0,1.0,1.0,,,,,0.0,,,1.0,,,0.0,0.0,0.0,1.0,1.0,1.0,0.0,0.0,,1.0,1.0,1.0,,,,1.0,1.0,0.0,1.0,0.0,,1.0,0.0,,0.0,,,1.0,0.0,0.0,1.0,0.0,1.0,1.0,1.0,0.0,1.0,0.0,0.0,0.0,0.0,1.0,1.0,,0.0,0.0,,,0.0,1.0,,1.0,1.0,0.0,0.0,1.0,1.0,0.0,0.0,,0.0,0.0,,,1.0,,,1.0,0.0,0.0,0.0,,0.0,0.0,0.0,,0.0,1.0,,1.0,1.0,,,,,1.0,,1.0,1.0,1.0,1.0,1.0,1.0,,1.0,0.0,1.0,1.0,1.0,1.0,1.0,1.0,1.0,1.0,0.0,0.0,0.0,,0.0,1.0,0.0,,1.0,1.0,1.0,1.0,,1.0,1.0,,1.0,1.0,0.0,1.0,1.0,0.0,0.0,,,0.0,1.0,,1.0,,0.0,,1.0,,1.0,,1.0,,0.0,1.0,,1.0,,,1.0,0.0,0.0,,,,,0.0,,1.0,1.0,,,,0.0,0.0,0.0,1.0,1.0,1.0,1.0
Paulo Wagner,1.0,1.0,0.0,0.0,1.0,1.0,0.0,1.0,1.0,1.0,1.0,1.0,1.0,0.0,1.0,1.0,,1.0,1.0,1.0,1.0,0.0,,1.0,1.0,1.0,1.0,,,,,1.0,1.0,0.0,1.0,1.0,1.0,0.0,0.0,,0.0,1.0,0.0,1.0,,1.0,1.0,1.0,,1.0,1.0,0.0,0.0,1.0,1.0,0.0,1.0,,,1.0,1.0,0.0,1.0,1.0,0.0,,,1.0,0.0,1.0,,0.0,,1.0,1.0,0.0,,0.0,0.0,,1.0,1.0,1.0,1.0,1.0,1.0,1.0,1.0,1.0,0.0,0.0,1.0,0.0,1.0,1.0,1.0,0.0,0.0,0.0,0.0,,,0.0,1.0,,1.0,,,0.0,0.0,1.0,1.0,1.0,1.0,,0.0,0.0,0.0,1.0,0.0,1.0,1.0,0.0,0.0,0.0,1.0,1.0,0.0,,0.0,1.0,1.0,1.0,1.0,1.0,1.0,0.0,1.0,1.0,,1.0,1.0,,,0.0,1.0,1.0,,1.0,0.0,1.0,0.0,,0.0,1.0,0.0,,1.0,1.0,,,,0.0,0.0,1.0,1.0,0.0,0.0,1.0,,,,0.0,1.0,1.0,,,,1.0,,1.0,0.0,,0.0,1.0,,,1.0,1.0,1.0,1.0,1.0,1.0,1.0,0.0,1.0,1.0,1.0,,0.0,,0.0,1.0,1.0,1.0,,,,,,,,0.0,0.0,0.0,0.0,,,0.0,0.0,0.0,0.0,1.0,0.0,1.0,0.0,1.0,1.0,0.0,1.0,1.0,1.0,,0.0,0.0,0.0,0.0,0.0,1.0,1.0,,1.0,,,,,,,1.0,0.0,1.0,0.0,1.0,0.0,1.0,1.0,0.0,0.0,0.0,1.0,,,,0.0,,1.0,1.0,1.0,,1.0,0.0,1.0,1.0,0.0,1.0,1.0,1.0,1.0,,0.0,1.0,0.0,0.0,0.0,1.0,0.0,1.0,,1.0,1.0,,1.0,1.0,1.0,0.0,1.0,0.0,,,1.0,0.0,,1.0,0.0,0.0,1.0,1.0,,,,,,,,1.0,1.0,0.0,0.0,,0.0,1.0,,,,,,1.0,1.0,0.0,1.0,0.0,1.0,,,,,,,0.0,,1.0,,0.0,1.0
Paulão,,,,,,,,1.0,,1.0,,,,,0.0,0.0,0.0,1.0,,,0.0,1.0,,,,,,,,,,,,,,,,0.0,0.0,0.0,0.0,1.0,,1.0,,1.0,,,,,,,,,0.0,0.0,1.0,,,,,,,,,,,,,,,,1.0,,,,,,,,,,,,,,,,,,,,,,,,,,,,,,,,,,,,,0.0,,,,1.0,,,,,,,,,,,,,,,,,,,,,,,,,,,,,0.0,1.0,,,,1.0,,,1.0,,,,,,,,,,,,,,,,0.0,,,,,,1.0,1.0,1.0,,,,,1.0,,,,,,1.0,1.0,0.0,,,,1.0,,,,,,,,0.0,1.0,0.0,,0.0,0.0,1.0,0.0,1.0,1.0,,,1.0,0.0,0.0,0.0,,,,,0.0,0.0,0.0,0.0,0.0,,0.0,,1.0,,,,,,0.0,0.0,,0.0,0.0,1.0,1.0,0.0,1.0,1.0,0.0,0.0,0.0,0.0,0.0,1.0,0.0,,0.0,1.0,0.0,1.0,1.0,0.0,0.0,0.0,1.0,1.0,1.0,1.0,0.0,0.0,1.0,,1.0,0.0,1.0,0.0,1.0,1.0,0.0,1.0,1.0,1.0,,1.0,0.0,0.0,0.0,0.0,0.0,1.0,0.0,1.0,1.0,1.0,1.0,0.0,1.0,1.0,1.0,0.0,1.0,1.0,,1.0,1.0,0.0,0.0,1.0,0.0,0.0,,1.0,1.0,,0.0,0.0,1.0,,1.0,1.0,1.0,0.0,0.0,,0.0,1.0,,0.0,1.0,,0.0,1.0,1.0,1.0,,0.0,,1.0,0.0,0.0,,,,,0.0,1.0,,1.0,1.0
Pedro Chaves,1.0,1.0,1.0,1.0,0.0,0.0,0.0,1.0,1.0,1.0,1.0,1.0,1.0,0.0,0.0,1.0,1.0,1.0,1.0,1.0,1.0,1.0,,1.0,1.0,1.0,1.0,1.0,0.0,0.0,0.0,1.0,1.0,0.0,1.0,1.0,1.0,0.0,0.0,0.0,1.0,,0.0,1.0,1.0,1.0,1.0,1.0,1.0,1.0,,0.0,,1.0,0.0,1.0,1.0,1.0,0.0,0.0,0.0,,,1.0,0.0,,0.0,0.0,1.0,1.0,1.0,0.0,,1.0,,1.0,,,0.0,0.0,1.0,1.0,1.0,,1.0,1.0,1.0,1.0,,0.0,0.0,1.0,0.0,0.0,1.0,,0.0,0.0,0.0,1.0,1.0,0.0,0.0,1.0,0.0,1.0,0.0,0.0,0.0,0.0,1.0,,1.0,1.0,0.0,0.0,0.0,,1.0,0.0,1.0,1.0,0.0,0.0,0.0,1.0,1.0,0.0,,0.0,1.0,1.0,1.0,1.0,1.0,1.0,0.0,1.0,1.0,0.0,0.0,0.0,0.0,,1.0,1.0,1.0,1.0,1.0,0.0,1.0,1.0,0.0,1.0,0.0,0.0,1.0,1.0,0.0,1.0,0.0,0.0,0.0,1.0,1.0,1.0,0.0,0.0,1.0,0.0,0.0,0.0,0.0,1.0,1.0,0.0,0.0,0.0,1.0,1.0,1.0,1.0,0.0,0.0,0.0,1.0,1.0,1.0,1.0,1.0,1.0,1.0,0.0,1.0,0.0,,1.0,0.0,0.0,,1.0,0.0,1.0,0.0,0.0,,0.0,1.0,,,1.0,1.0,0.0,0.0,0.0,0.0,1.0,1.0,1.0,1.0,1.0,0.0,,,,,,1.0,0.0,0.0,1.0,1.0,,0.0,0.0,0.0,,0.0,,1.0,0.0,0.0,1.0,,1.0,0.0,0.0,,1.0,,1.0,0.0,0.0,0.0,1.0,1.0,0.0,0.0,0.0,1.0,1.0,1.0,1.0,1.0,1.0,0.0,,1.0,,,0.0,1.0,1.0,1.0,1.0,1.0,1.0,1.0,1.0,0.0,,0.0,0.0,0.0,1.0,,1.0,1.0,1.0,1.0,0.0,1.0,1.0,1.0,0.0,1.0,0.0,1.0,1.0,,1.0,1.0,1.0,0.0,0.0,1.0,1.0,1.0,1.0,1.0,,,1.0,1.0,1.0,1.0,0.0,0.0,1.0,0.0,1.0,1.0,0.0,,0.0,1.0,1.0,0.0,0.0,1.0,0.0,1.0,1.0,1.0,,0.0,,1.0,0.0,0.0,1.0,1.0,0.0,1.0
Pedro Eugênio,1.0,1.0,1.0,0.0,1.0,1.0,0.0,1.0,,1.0,,1.0,,,0.0,0.0,0.0,1.0,,1.0,1.0,1.0,0.0,1.0,1.0,1.0,1.0,1.0,,0.0,,,1.0,,1.0,1.0,,0.0,0.0,0.0,0.0,1.0,0.0,1.0,,,1.0,1.0,1.0,,1.0,0.0,0.0,1.0,,0.0,1.0,1.0,,0.0,0.0,,1.0,,,0.0,,1.0,,1.0,1.0,0.0,,1.0,,,0.0,0.0,0.0,0.0,1.0,1.0,1.0,1.0,,,,,,0.0,0.0,1.0,,0.0,1.0,,0.0,,,1.0,,,,1.0,0.0,1.0,,,0.0,0.0,1.0,1.0,1.0,1.0,0.0,0.0,0.0,0.0,1.0,0.0,1.0,1.0,0.0,0.0,,1.0,1.0,0.0,0.0,0.0,1.0,1.0,1.0,1.0,1.0,1.0,0.0,1.0,1.0,,0.0,0.0,0.0,1.0,0.0,0.0,,,1.0,0.0,,,0.0,1.0,,,,,0.0,1.0,,,0.0,1.0,1.0,1.0,0.0,,,0.0,0.0,0.0,0.0,0.0,,0.0,0.0,,,1.0,,0.0,0.0,,,,,0.0,,0.0,,,,1.0,0.0,0.0,1.0,,0.0,,1.0,,1.0,,,1.0,0.0,1.0,1.0,,0.0,1.0,0.0,,,,1.0,,0.0,0.0,0.0,0.0,0.0,0.0,1.0,,1.0,,0.0,1.0,1.0,1.0,0.0,0.0,,,0.0,,1.0,1.0,0.0,1.0,1.0,0.0,,,0.0,0.0,,,,,,,1.0,1.0,,,,,1.0,1.0,1.0,0.0,0.0,1.0,1.0,1.0,,,,1.0,1.0,0.0,1.0,,,1.0,1.0,,0.0,,0.0,,1.0,0.0,,1.0,1.0,1.0,,1.0,1.0,1.0,0.0,1.0,1.0,,1.0,1.0,0.0,,,0.0,0.0,1.0,1.0,1.0,,,0.0,1.0,,1.0,1.0,1.0,0.0,0.0,,,1.0,,0.0,,0.0,0.0,1.0,1.0,,,,,1.0,1.0,,,,,,,1.0,1.0,,1.0
Pedro Fernandes,,,,,,,,,,,,,,,,,0.0,,,,,,,,,,,,,,,,,,,,,,,,,,,1.0,,,,,,,,,,,,,,,0.0,0.0,0.0,0.0,,,,,,,,,,,1.0,,,,,,0.0,0.0,1.0,,1.0,,,,,,,,,,,,,,,,,,,,,,,,,,,,,,,,,,,,,,,,,,,,,,,,,,,,,,,,,,,,,,,,,1.0,,,,,,,,,,,,,,,,,,,,,,,,,,,,,,,,,,,,,,,,1.0,,,,,,,,,,,,,,,,1.0,1.0,1.0,0.0,1.0,1.0,1.0,1.0,1.0,,,,,,,,,,,,,,,,,,,,,,,,,,,,,,,,,,,,,,,,,,,,,,,,,,,,,,,,,,,,,,,,,,,,,,,,,,,,,,,,1.0,,,,,,,,,,,1.0,,,,,,,,,,,1.0,1.0,1.0,0.0,0.0,,0.0,1.0,1.0,,,0.0,1.0,,,,,,1.0,1.0,1.0,0.0,,,0.0,0.0,,1.0,1.0,,1.0
Pedro Guerra,,,,,,,,1.0,,1.0,,,,,,,,,,1.0,1.0,0.0,,,,,,,,,,1.0,,,,,,,,,,,,,,,,,,,,,,,,,,,,,,,,,,,,,,,,,,,,,,,,,,,,,,,,,,,,,,,,,,,,,,,,,,,,,,0.0,,,,,,,,,,,,,,,,,,,,,,,,,,,,,,,,,,,,,,,,,,,,,,,,,,,,,,,,,,,,,,,,,,,,,,,,,,,,,,,,1.0,1.0,,,,,,,,,,,,,,,,,,,,,,,,,,,,,,,,,,,,,,,,,,,,,,,,,,,,,,,,,,,,,,,,,,,,,,,,,,,,,,0.0,,1.0,1.0,1.0,1.0,1.0,,,,1.0,,,,,,,,,1.0,,,,,,,,,,,,,,1.0,,,,,,,,,,,,,,,,,,,,,,,,,,,,,,,,,,,,,,,,,,
Pedro Henry,1.0,1.0,,,0.0,0.0,,,1.0,1.0,1.0,,,,,,,,1.0,1.0,,1.0,,1.0,,1.0,,1.0,0.0,0.0,,1.0,1.0,,,,1.0,1.0,0.0,,,,0.0,,,,1.0,1.0,,1.0,,,,1.0,,,,,,,,,,,,,,,,,,,,,,,,,,,,,,1.0,,,,,,,,,,,,1.0,,,,,,,,,,,,,,,1.0,,,,,,,,,,,,,,,,,,0.0,,1.0,,,1.0,1.0,1.0,,,,,0.0,0.0,,,1.0,1.0,1.0,,1.0,,,0.0,0.0,0.0,,,,,0.0,,0.0,0.0,0.0,1.0,,,,0.0,1.0,0.0,,0.0,,,1.0,,,,,,1.0,1.0,0.0,,1.0,,,,,,,1.0,1.0,1.0,0.0,,,,,,,0.0,,,,,,,,,,,,,,0.0,,,0.0,1.0,,,,0.0,1.0,0.0,,,,0.0,1.0,1.0,0.0,0.0,0.0,,1.0,,,,0.0,,1.0,,,,,,,,,0.0,0.0,,,,0.0,,,,,,,,,,,,0.0,,,1.0,,,,,,,,,,,0.0,0.0,,,,,,,,,,,,,,,,0.0,1.0,,,,,,1.0,,,,,,,,,,,,,,,,,,,,,,,,,,,,,,,,,,,,,
Pedro Novais,1.0,1.0,,,0.0,0.0,,,,,,1.0,1.0,,,,,,1.0,1.0,1.0,,0.0,1.0,1.0,1.0,,1.0,0.0,0.0,0.0,1.0,1.0,,1.0,,1.0,,,,,,0.0,,,,1.0,,,1.0,,,,1.0,0.0,,1.0,,,,,,,,,,,,,,,,1.0,,,,,,,,,,,1.0,,,,,,,,,,,1.0,1.0,,,,,,,,,,,,,,0.0,,,,,0.0,0.0,0.0,,,0.0,1.0,1.0,0.0,0.0,,1.0,1.0,0.0,,0.0,1.0,1.0,1.0,1.0,1.0,1.0,0.0,,1.0,,0.0,0.0,,,,1.0,,,1.0,0.0,,1.0,0.0,1.0,0.0,0.0,1.0,1.0,0.0,,,0.0,0.0,,,1.0,,,,,,0.0,1.0,0.0,1.0,,0.0,0.0,,,,1.0,0.0,0.0,,,,,1.0,1.0,1.0,,1.0,0.0,,,,,,0.0,1.0,,1.0,0.0,,,,,,,,1.0,,0.0,,0.0,,,,1.0,1.0,,,,1.0,0.0,1.0,,,,,,,,0.0,0.0,1.0,0.0,1.0,,,1.0,,,1.0,0.0,0.0,,,1.0,1.0,,0.0,,1.0,1.0,,,,1.0,1.0,1.0,,0.0,1.0,,,1.0,0.0,,1.0,0.0,1.0,,,1.0,,1.0,,0.0,1.0,0.0,0.0,,,,1.0,1.0,,,0.0,,1.0,1.0,,1.0,,,,,1.0,,,,,,,1.0,,1.0,0.0,,,,1.0,,,0.0,,0.0,1.0,1.0,,,0.0,,,0.0,0.0,1.0,,,,,,,,,1.0,,,1.0,,
Pedro Paulo,,,,,,,,,,,,,,,,,1.0,1.0,,,,,,,,,,,,,,,,,,,,,,,,,,1.0,,1.0,,,,,,,,,,,,,0.0,0.0,0.0,0.0,,,,,,,,,,,1.0,,,,,,0.0,0.0,1.0,,,,,,,,,,,,,,,,,,,,,,,,,,,,,,,,,,,,,,,,,,,,,,,,,,,,,,,,,,,,,,,,0.0,0.0,0.0,1.0,,0.0,1.0,,,,,,,,,,,,,,0.0,,,0.0,,,,,,,,,,,,1.0,1.0,,0.0,0.0,,,1.0,1.0,,,,,,,,,,,,,,,,0.0,0.0,1.0,1.0,1.0,1.0,1.0,1.0,1.0,,,,,,,,,,,,,,,,,,,,,,,,,,,,,,,,,,,,,1.0,,,,,,,,,,,,,,,,,,,,,,,,,,,,,,,,,,,,,,,,,1.0,,1.0,,,,,,,,,,,1.0,,,,,,,,,,,1.0,1.0,,0.0,0.0,,0.0,1.0,1.0,0.0,1.0,0.0,1.0,,,,,0.0,1.0,1.0,0.0,0.0,0.0,0.0,1.0,,0.0,1.0,1.0,1.0,
Pedro Uczai,1.0,,0.0,0.0,1.0,1.0,0.0,1.0,1.0,,1.0,1.0,,0.0,0.0,0.0,0.0,1.0,1.0,0.0,0.0,1.0,,,,1.0,1.0,,0.0,0.0,0.0,,1.0,1.0,1.0,1.0,1.0,,,,0.0,1.0,0.0,1.0,,1.0,1.0,,1.0,1.0,,,,1.0,,,,,,,,,1.0,,,0.0,0.0,1.0,0.0,1.0,1.0,,1.0,1.0,0.0,1.0,0.0,0.0,0.0,0.0,1.0,,1.0,1.0,1.0,1.0,1.0,1.0,,0.0,0.0,1.0,,0.0,1.0,1.0,0.0,0.0,0.0,1.0,1.0,0.0,0.0,1.0,,1.0,,,0.0,0.0,1.0,,,1.0,0.0,0.0,,0.0,1.0,0.0,1.0,1.0,0.0,,,1.0,,,,,1.0,1.0,1.0,1.0,1.0,1.0,0.0,,1.0,0.0,0.0,0.0,,,0.0,0.0,1.0,1.0,,,1.0,0.0,,0.0,0.0,,1.0,1.0,,1.0,0.0,0.0,0.0,1.0,1.0,1.0,0.0,0.0,,0.0,0.0,0.0,,,1.0,,,,1.0,1.0,1.0,0.0,,,,,,,,0.0,1.0,,1.0,0.0,0.0,,,,0.0,,,,,,,1.0,,,,,,,,0.0,,0.0,,,0.0,0.0,0.0,0.0,0.0,0.0,,0.0,1.0,,,1.0,1.0,1.0,0.0,0.0,,0.0,0.0,,1.0,1.0,,,1.0,0.0,0.0,0.0,,0.0,1.0,0.0,,0.0,,,1.0,1.0,,,,,1.0,,1.0,1.0,1.0,1.0,,1.0,,,0.0,1.0,1.0,1.0,1.0,,,1.0,,,,0.0,0.0,0.0,1.0,0.0,,1.0,1.0,1.0,0.0,,1.0,,0.0,1.0,,0.0,1.0,1.0,0.0,0.0,1.0,,,,,1.0,0.0,,,1.0,0.0,0.0,1.0,0.0,0.0,0.0,,0.0,1.0,1.0,0.0,1.0,,0.0,1.0,1.0,,,0.0,1.0,1.0,,,,,0.0,,,,,,1.0
Penna,,1.0,,,1.0,1.0,,,1.0,1.0,1.0,1.0,1.0,0.0,,1.0,1.0,1.0,1.0,,1.0,,,1.0,1.0,,1.0,,,,0.0,1.0,1.0,0.0,,,1.0,,,,0.0,1.0,0.0,1.0,,1.0,,1.0,1.0,,,,,1.0,,0.0,1.0,1.0,,,,,,,,,,1.0,0.0,,,0.0,0.0,,,,,,0.0,,0.0,0.0,0.0,,1.0,1.0,1.0,1.0,1.0,1.0,0.0,1.0,1.0,1.0,1.0,1.0,1.0,,,,0.0,0.0,,,1.0,1.0,0.0,0.0,,0.0,0.0,1.0,1.0,1.0,1.0,,,0.0,1.0,1.0,0.0,1.0,0.0,,0.0,0.0,,1.0,0.0,0.0,1.0,,,,,,0.0,0.0,0.0,1.0,,,0.0,1.0,1.0,1.0,1.0,1.0,1.0,0.0,1.0,0.0,,0.0,1.0,0.0,1.0,,1.0,0.0,,,,0.0,1.0,1.0,1.0,,1.0,0.0,,0.0,0.0,1.0,1.0,0.0,,1.0,1.0,1.0,0.0,0.0,,0.0,1.0,,,,0.0,1.0,1.0,1.0,0.0,,,1.0,,1.0,,,,0.0,,,1.0,1.0,,,,,,1.0,0.0,1.0,1.0,1.0,1.0,1.0,0.0,0.0,,0.0,1.0,,0.0,0.0,1.0,1.0,,,,,,0.0,0.0,,1.0,1.0,1.0,1.0,0.0,1.0,1.0,0.0,1.0,0.0,1.0,0.0,1.0,0.0,1.0,0.0,1.0,,1.0,1.0,0.0,,,1.0,1.0,1.0,,0.0,1.0,,1.0,1.0,,0.0,1.0,,,,,1.0,1.0,1.0,,,,,,,,,,1.0,1.0,1.0,0.0,1.0,,,1.0,1.0,1.0,0.0,1.0,0.0,0.0,1.0,1.0,,,,1.0,1.0,1.0,0.0,1.0,1.0,1.0,1.0,1.0,1.0,0.0,,1.0,1.0,0.0,,,1.0,0.0,,1.0,0.0,0.0,1.0,0.0,1.0,1.0,1.0,,0.0,0.0,1.0,,0.0,1.0,,0.0,1.0
Pepe Vargas,,,,,,,0.0,,,,,,,,,,0.0,1.0,,,,,0.0,1.0,1.0,1.0,,1.0,0.0,,0.0,,,1.0,1.0,1.0,,,,,,,,0.0,,1.0,1.0,1.0,,,1.0,0.0,0.0,,,,1.0,1.0,,0.0,0.0,,1.0,1.0,0.0,0.0,0.0,,0.0,1.0,,,1.0,,,,0.0,0.0,0.0,0.0,1.0,1.0,1.0,,1.0,1.0,1.0,1.0,1.0,,,,0.0,0.0,,,0.0,0.0,0.0,1.0,1.0,0.0,0.0,1.0,0.0,1.0,0.0,0.0,0.0,,,,,,0.0,0.0,0.0,0.0,1.0,0.0,1.0,1.0,0.0,0.0,0.0,1.0,1.0,0.0,0.0,0.0,1.0,1.0,1.0,1.0,1.0,1.0,0.0,1.0,1.0,0.0,,,,,,,,1.0,,,1.0,,,,,,,1.0,,,,,,,,,,,,,,,,,,,,,,1.0,,,,,,1.0,1.0,0.0,,,,,,,,,,,,,,,,,,1.0,0.0,0.0,1.0,1.0,0.0,1.0,,,,,,,,,,,,,,,,,,,,,,,,,,,,,,,,,,,,,0.0,,,,,,,,,,,,,,,,,,,,,,,,,,,,,,,,,,,,,,,,1.0,1.0,,1.0,,,,,,,,,,,1.0,,,,,1.0,0.0,0.0,0.0,1.0,0.0,1.0,,,0.0,,,0.0,1.0,1.0,0.0,1.0,0.0,0.0,,,,,0.0,,1.0,,0.0,,,0.0,,0.0,1.0,1.0,1.0,1.0
Perpétua Almeida,1.0,1.0,1.0,1.0,,1.0,,1.0,1.0,1.0,,1.0,1.0,0.0,1.0,0.0,,1.0,,,1.0,1.0,0.0,0.0,1.0,1.0,1.0,1.0,0.0,0.0,0.0,1.0,,0.0,,,1.0,1.0,1.0,0.0,0.0,0.0,,1.0,1.0,,1.0,1.0,1.0,1.0,1.0,0.0,0.0,1.0,1.0,,1.0,,,,,,,,0.0,0.0,0.0,1.0,0.0,,1.0,0.0,,1.0,,1.0,0.0,,0.0,0.0,1.0,1.0,1.0,,1.0,1.0,1.0,1.0,1.0,,,,,0.0,1.0,1.0,0.0,0.0,,,,0.0,,1.0,,1.0,0.0,0.0,0.0,0.0,1.0,1.0,,,0.0,,0.0,0.0,1.0,,1.0,1.0,0.0,0.0,,1.0,1.0,0.0,0.0,0.0,1.0,1.0,1.0,1.0,1.0,1.0,0.0,1.0,1.0,,0.0,0.0,,,,1.0,1.0,,,,1.0,,1.0,,0.0,,,1.0,,,,,,,,1.0,0.0,0.0,1.0,,,,0.0,1.0,,,,,1.0,,1.0,,0.0,,,1.0,1.0,0.0,,0.0,1.0,1.0,1.0,1.0,,,1.0,,,0.0,1.0,,1.0,0.0,0.0,,,,,,,1.0,0.0,0.0,1.0,,1.0,1.0,0.0,0.0,0.0,0.0,1.0,,1.0,,1.0,1.0,,,,,,,0.0,0.0,0.0,,1.0,1.0,0.0,,1.0,,0.0,0.0,0.0,0.0,1.0,,1.0,0.0,1.0,0.0,1.0,,0.0,0.0,0.0,1.0,1.0,,1.0,1.0,1.0,1.0,1.0,1.0,0.0,1.0,,1.0,1.0,1.0,1.0,1.0,1.0,1.0,1.0,,0.0,0.0,0.0,0.0,1.0,,,1.0,1.0,1.0,0.0,,1.0,1.0,0.0,1.0,1.0,0.0,0.0,1.0,,0.0,1.0,0.0,0.0,1.0,,1.0,1.0,0.0,0.0,1.0,1.0,1.0,0.0,1.0,0.0,0.0,,0.0,1.0,1.0,0.0,,0.0,0.0,,,,,,1.0,,,,,,0.0,,,1.0,,1.0,1.0
Pinto Itamaraty,,,1.0,1.0,,0.0,,1.0,1.0,1.0,1.0,,,,,1.0,1.0,1.0,,1.0,,0.0,0.0,,1.0,1.0,1.0,1.0,1.0,1.0,,0.0,1.0,0.0,,1.0,,1.0,,0.0,,0.0,,1.0,1.0,,1.0,,1.0,1.0,,,,1.0,0.0,,1.0,1.0,,,,,,,,,,1.0,,,1.0,1.0,,0.0,1.0,0.0,,,1.0,1.0,0.0,,1.0,,,,,,,,,0.0,,1.0,0.0,,,0.0,0.0,,,,,,1.0,1.0,,,1.0,0.0,1.0,0.0,1.0,1.0,,,,,,,,,,,,,0.0,,,,,0.0,0.0,,0.0,0.0,,0.0,0.0,,,,,,1.0,1.0,1.0,1.0,1.0,1.0,1.0,,1.0,0.0,1.0,,,,1.0,,,,,,,,1.0,,,,,,0.0,1.0,1.0,,,,,1.0,,0.0,,,,1.0,1.0,,0.0,1.0,1.0,,0.0,,,,,,,,,,,1.0,1.0,1.0,1.0,1.0,1.0,,0.0,1.0,1.0,1.0,1.0,,,1.0,1.0,1.0,,1.0,,,,,,,,,,,,0.0,,,,1.0,0.0,0.0,,,1.0,,1.0,0.0,0.0,,1.0,,,,0.0,1.0,1.0,,0.0,,,1.0,,,,0.0,0.0,1.0,1.0,1.0,,0.0,1.0,1.0,1.0,0.0,1.0,,,,,1.0,0.0,,0.0,0.0,1.0,0.0,0.0,1.0,1.0,1.0,,,1.0,1.0,,1.0,0.0,,,,1.0,,,,0.0,1.0,,1.0,1.0,0.0,,1.0,1.0,1.0,1.0,1.0,,,1.0,1.0,0.0,,,,,,1.0,,,,,,1.0,1.0,1.0,,,1.0,1.0,,1.0,1.0,0.0,
Plínio Valério,,,,,,,,0.0,,1.0,,,1.0,0.0,,,,,,1.0,1.0,0.0,,,,,,,,,,0.0,1.0,,,,1.0,1.0,0.0,,1.0,0.0,,,,,,,,,,,,,0.0,1.0,,,,,,,,,,,,,,,,,,,,,,,,,,,,,,,,,,,,,,,,,,,,,,,,,,,,,,0.0,,,,,,,,,,,,,,,,,,,,,,,,,,,,,,,,,,,,,,,1.0,,,,,,,,,,,,,,,,,,,,,,,,0.0,1.0,1.0,,,,,,,,,,,,,,,1.0,1.0,1.0,,,,,,,,,,,,,,,,,,,,,,,1.0,1.0,,,1.0,1.0,0.0,1.0,0.0,1.0,,,,0.0,,0.0,0.0,0.0,,0.0,0.0,,0.0,1.0,0.0,0.0,1.0,,1.0,1.0,1.0,0.0,0.0,0.0,,0.0,1.0,,0.0,1.0,,,0.0,,,1.0,1.0,1.0,,,,1.0,1.0,1.0,,0.0,0.0,1.0,1.0,0.0,0.0,1.0,1.0,0.0,1.0,1.0,0.0,1.0,0.0,0.0,,0.0,0.0,0.0,,,0.0,,,,,,0.0,0.0,1.0,0.0,1.0,1.0,,1.0,,,0.0,,,,,,,,,,,,,,,,,,,,,,,,,,,,,,,,,,,,,
Policarpo,1.0,1.0,1.0,0.0,1.0,1.0,0.0,1.0,,1.0,1.0,,1.0,0.0,1.0,,,1.0,1.0,0.0,0.0,1.0,0.0,1.0,1.0,1.0,1.0,0.0,0.0,1.0,,1.0,1.0,1.0,1.0,1.0,1.0,0.0,0.0,0.0,0.0,1.0,0.0,1.0,1.0,,1.0,1.0,1.0,1.0,1.0,0.0,0.0,1.0,1.0,0.0,1.0,1.0,0.0,0.0,0.0,0.0,1.0,,0.0,0.0,0.0,1.0,0.0,1.0,1.0,0.0,1.0,1.0,,,0.0,0.0,0.0,0.0,1.0,1.0,1.0,,1.0,1.0,1.0,1.0,1.0,0.0,0.0,1.0,,0.0,1.0,1.0,,0.0,0.0,1.0,1.0,0.0,0.0,1.0,1.0,1.0,0.0,0.0,0.0,0.0,1.0,1.0,1.0,1.0,,0.0,0.0,0.0,1.0,0.0,1.0,1.0,0.0,0.0,0.0,1.0,1.0,,0.0,0.0,1.0,1.0,1.0,1.0,1.0,1.0,0.0,0.0,1.0,0.0,0.0,0.0,0.0,1.0,0.0,0.0,,1.0,1.0,0.0,1.0,0.0,0.0,0.0,0.0,0.0,,1.0,0.0,1.0,,,,,1.0,,0.0,,,,,,1.0,0.0,0.0,,,,1.0,1.0,1.0,0.0,0.0,0.0,1.0,1.0,1.0,1.0,1.0,0.0,1.0,1.0,0.0,1.0,,,1.0,,0.0,0.0,1.0,0.0,1.0,,,1.0,0.0,1.0,,,0.0,1.0,0.0,0.0,0.0,0.0,1.0,1.0,0.0,0.0,0.0,0.0,0.0,,1.0,0.0,1.0,,0.0,1.0,1.0,1.0,0.0,0.0,0.0,0.0,0.0,1.0,1.0,1.0,0.0,,1.0,0.0,0.0,,0.0,0.0,1.0,0.0,,0.0,,,1.0,1.0,0.0,0.0,0.0,1.0,1.0,1.0,1.0,0.0,0.0,1.0,1.0,1.0,0.0,1.0,0.0,,1.0,0.0,1.0,1.0,1.0,1.0,1.0,0.0,0.0,0.0,0.0,0.0,1.0,0.0,1.0,1.0,1.0,1.0,0.0,,1.0,1.0,0.0,1.0,1.0,0.0,,,0.0,0.0,1.0,0.0,0.0,1.0,1.0,1.0,0.0,0.0,,1.0,0.0,1.0,1.0,1.0,0.0,,1.0,,1.0,,0.0,1.0,,0.0,1.0,1.0,1.0,,0.0,1.0,,1.0,0.0,,,,1.0,,1.0,1.0,1.0,1.0
Professor Setimo,1.0,1.0,1.0,1.0,0.0,0.0,0.0,,1.0,1.0,1.0,1.0,,0.0,0.0,1.0,1.0,1.0,1.0,1.0,1.0,1.0,0.0,1.0,1.0,1.0,1.0,,,,,1.0,,0.0,1.0,1.0,1.0,0.0,,,0.0,0.0,0.0,,1.0,,1.0,,1.0,,1.0,0.0,0.0,1.0,0.0,1.0,1.0,1.0,,1.0,0.0,0.0,1.0,,0.0,0.0,0.0,1.0,1.0,,1.0,,1.0,,0.0,1.0,0.0,0.0,0.0,0.0,0.0,1.0,,1.0,1.0,1.0,1.0,1.0,1.0,0.0,0.0,1.0,,0.0,1.0,1.0,,0.0,0.0,1.0,1.0,0.0,,1.0,1.0,1.0,0.0,0.0,0.0,0.0,1.0,,1.0,1.0,0.0,0.0,0.0,,1.0,0.0,1.0,1.0,0.0,,0.0,1.0,1.0,0.0,,,1.0,1.0,1.0,1.0,1.0,1.0,,1.0,,0.0,0.0,0.0,0.0,1.0,1.0,1.0,1.0,1.0,1.0,0.0,,1.0,,,0.0,,,1.0,0.0,1.0,0.0,0.0,0.0,1.0,1.0,1.0,0.0,0.0,1.0,0.0,0.0,0.0,1.0,1.0,0.0,,0.0,0.0,1.0,1.0,1.0,1.0,,0.0,,1.0,1.0,1.0,1.0,1.0,1.0,1.0,1.0,1.0,0.0,0.0,1.0,,,0.0,1.0,0.0,1.0,0.0,0.0,1.0,1.0,1.0,1.0,1.0,1.0,1.0,0.0,0.0,0.0,0.0,1.0,1.0,1.0,1.0,1.0,1.0,1.0,0.0,1.0,,1.0,,0.0,0.0,1.0,1.0,0.0,,,,1.0,,,1.0,0.0,1.0,1.0,0.0,1.0,,0.0,0.0,,1.0,1.0,0.0,0.0,0.0,1.0,1.0,0.0,0.0,0.0,1.0,,1.0,,0.0,0.0,1.0,1.0,1.0,0.0,1.0,0.0,0.0,1.0,0.0,1.0,1.0,1.0,1.0,1.0,0.0,1.0,0.0,0.0,0.0,1.0,0.0,1.0,1.0,1.0,,0.0,1.0,,1.0,,1.0,0.0,,0.0,0.0,1.0,1.0,1.0,0.0,,,1.0,1.0,1.0,1.0,0.0,1.0,1.0,1.0,1.0,1.0,0.0,,,0.0,1.0,1.0,0.0,1.0,0.0,1.0,1.0,0.0,,,,,1.0,1.0,1.0,0.0,0.0,,1.0,,1.0,1.0,0.0,1.0
Professor Sérgio de Oliveira,,,,,,,,1.0,,,,,1.0,0.0,0.0,1.0,,,,1.0,1.0,0.0,,,,,,,,,,1.0,1.0,,,,1.0,0.0,1.0,,0.0,0.0,,,1.0,,,,1.0,1.0,,,,1.0,1.0,1.0,1.0,,,,,,,,,,,,,,,,,,,,,,,,,,,,,,,,,,,,,,1.0,1.0,,,,,,,,,,,,,,0.0,1.0,,,1.0,,,,,,,,,,,,,,,,,,,,,,,,,,,,,0.0,1.0,1.0,1.0,1.0,,1.0,0.0,,,,,,0.0,1.0,,,,,,,,1.0,,,,,,,,0.0,1.0,1.0,,,,,,0.0,,0.0,0.0,0.0,,,,1.0,1.0,1.0,1.0,0.0,,,,,,1.0,0.0,1.0,1.0,1.0,,,,,,,,,,0.0,0.0,1.0,1.0,1.0,1.0,0.0,1.0,0.0,1.0,0.0,0.0,0.0,,1.0,1.0,0.0,1.0,1.0,1.0,0.0,0.0,,0.0,1.0,1.0,1.0,0.0,0.0,1.0,1.0,0.0,1.0,1.0,0.0,0.0,,0.0,1.0,,,0.0,1.0,1.0,0.0,0.0,0.0,1.0,1.0,1.0,1.0,1.0,1.0,1.0,1.0,1.0,,0.0,1.0,1.0,1.0,1.0,1.0,1.0,1.0,0.0,1.0,0.0,0.0,0.0,0.0,0.0,,0.0,,1.0,1.0,,0.0,,1.0,1.0,0.0,1.0,0.0,0.0,1.0,0.0,1.0,,,0.0,,,1.0,1.0,1.0,1.0,,1.0,1.0,,,,,,1.0,,,,,,,,1.0,0.0,0.0,1.0,,,,,,,,,,,,,,
Professor Victório Galli,,,,,,,,,,,,,,,,,,,,,,,,,,,,,,,,,,,,,,,,,,,,,,,,,,,,,,1.0,,,,,,,,,,,,,,,,,,,,,,,,,,,,,,,,,,,,,,,,,,,,,,,,,,,,,,,,,1.0,,,,,,,,,,,,,,,,,,,,,,,,,,,,,,,,,,,,,,,,,,,,,,,,,,,,,,,,,0.0,1.0,,,,,,,,,,,,1.0,,0.0,0.0,0.0,,,,,,,,,,,,,,,,,,,,,,,,,,,,,,,,,,,,,,,,,,,,,,,,,,,,,,,,,,,,,,,,,,,,,,,,,,,,,,,,,,,,,,,,,,,,,,,,,,,,,,,,,,,,,,,,,,,,,,,,,,,,,,,,,,,,,,,,,,,,,,,,,,,,,,,,,,,,,,,
Professora Dorinha Seabra Rezende,1.0,,1.0,1.0,0.0,0.0,1.0,1.0,1.0,1.0,1.0,1.0,1.0,,1.0,1.0,1.0,1.0,1.0,1.0,1.0,0.0,0.0,1.0,1.0,1.0,1.0,,,,,1.0,1.0,0.0,1.0,1.0,1.0,0.0,0.0,0.0,0.0,0.0,,1.0,1.0,,1.0,1.0,1.0,1.0,0.0,,,,1.0,,1.0,1.0,,,,,0.0,,,,,1.0,1.0,0.0,1.0,0.0,0.0,0.0,,0.0,,,1.0,1.0,0.0,,1.0,1.0,,,,,,,,,1.0,1.0,,,,,,0.0,0.0,,,,1.0,1.0,,,1.0,0.0,,0.0,1.0,1.0,1.0,,,,,,0.0,,,,,0.0,,1.0,,,,,,,,,,,0.0,1.0,1.0,1.0,1.0,1.0,1.0,1.0,1.0,1.0,1.0,1.0,1.0,,,1.0,,,1.0,1.0,1.0,1.0,,,,0.0,,,,,1.0,,,,0.0,1.0,1.0,,,,0.0,,,1.0,,1.0,0.0,1.0,1.0,1.0,0.0,,,1.0,,,1.0,1.0,,,,,1.0,,1.0,1.0,1.0,1.0,1.0,1.0,1.0,1.0,0.0,1.0,,1.0,1.0,1.0,1.0,1.0,1.0,1.0,,1.0,1.0,,,,,,,,,,,,,,,1.0,0.0,0.0,1.0,,,1.0,1.0,1.0,1.0,,1.0,0.0,1.0,1.0,0.0,,1.0,1.0,,,,,1.0,,1.0,1.0,1.0,0.0,1.0,1.0,,0.0,1.0,1.0,1.0,1.0,1.0,1.0,1.0,,1.0,1.0,0.0,,,,,,,1.0,1.0,1.0,0.0,1.0,1.0,1.0,,1.0,0.0,,0.0,,1.0,1.0,,0.0,0.0,1.0,1.0,1.0,1.0,0.0,,0.0,1.0,1.0,1.0,1.0,,,1.0,1.0,0.0,0.0,1.0,1.0,0.0,1.0,1.0,0.0,0.0,1.0,0.0,1.0,1.0,1.0,1.0,0.0,0.0,1.0,0.0,,1.0,1.0,0.0,1.0
Professora Marcivania,,,0.0,0.0,,,,,,,,,,,,,,,,,,,,,,,,,,,,,,,,,,,,,,,,,,,,,,,1.0,0.0,0.0,,,,,,0.0,0.0,0.0,0.0,,1.0,0.0,0.0,,1.0,0.0,,1.0,0.0,,1.0,0.0,1.0,0.0,0.0,0.0,0.0,1.0,1.0,1.0,,1.0,1.0,,1.0,1.0,,,,0.0,0.0,,,,,,,,,,,,,,,0.0,,,,,,,,,,,,,,,,,,,,,,,,,,,,,,,,,,,,,,,,,,,,,,,,,,,,,,,,,,,,,,,,,,,,,,,,,,,,,,,,,,,,,,,,,,,,,,,,,,,,,,,,,,,,,,,,,,,,,,,,,,,,,,,,,,,,,,,,,,,,,,,,,,,,,,,,,,,,,,,,,,,,,,,,,,,,,,,,,,,,,,,,,,,,,,,,,,,,,,,,,,,,,,,,,,,,,,,,,,,,,,,,,,,,,,,,,,,
Raimundo Gomes de Matos,,1.0,1.0,1.0,0.0,,1.0,1.0,1.0,,1.0,1.0,1.0,0.0,1.0,1.0,1.0,1.0,,1.0,1.0,0.0,,1.0,1.0,1.0,,,1.0,1.0,1.0,0.0,1.0,0.0,1.0,1.0,1.0,0.0,0.0,0.0,1.0,0.0,,1.0,1.0,1.0,1.0,1.0,1.0,1.0,0.0,,,1.0,0.0,,1.0,1.0,,,,,0.0,,,,,,1.0,0.0,1.0,1.0,,0.0,1.0,0.0,,,1.0,1.0,0.0,,1.0,0.0,,0.0,0.0,0.0,1.0,,,0.0,1.0,1.0,0.0,0.0,,,,0.0,0.0,,,,1.0,1.0,,,1.0,0.0,1.0,0.0,1.0,1.0,1.0,,,,,,,0.0,1.0,,1.0,,0.0,1.0,,,0.0,0.0,,0.0,0.0,0.0,,0.0,0.0,1.0,1.0,1.0,0.0,1.0,1.0,1.0,1.0,1.0,1.0,1.0,1.0,,1.0,0.0,1.0,0.0,1.0,,1.0,,,,0.0,0.0,1.0,,1.0,,1.0,,,,0.0,1.0,1.0,,,,,1.0,0.0,1.0,,,0.0,1.0,1.0,1.0,,1.0,1.0,1.0,0.0,1.0,1.0,,1.0,1.0,,,,,,1.0,1.0,1.0,1.0,1.0,1.0,1.0,0.0,1.0,1.0,1.0,1.0,0.0,,1.0,1.0,1.0,,,,,,,,,,,,,,0.0,,,,1.0,0.0,0.0,,,1.0,,1.0,0.0,0.0,,1.0,,1.0,1.0,0.0,1.0,1.0,1.0,0.0,,,1.0,1.0,,,0.0,,1.0,1.0,1.0,,,1.0,1.0,,0.0,1.0,1.0,,0.0,1.0,1.0,0.0,,0.0,0.0,1.0,0.0,0.0,1.0,1.0,1.0,0.0,1.0,1.0,1.0,,1.0,0.0,,,,1.0,1.0,1.0,0.0,1.0,,0.0,1.0,1.0,0.0,,1.0,1.0,1.0,1.0,1.0,,,1.0,1.0,0.0,,1.0,1.0,,1.0,1.0,0.0,0.0,1.0,0.0,0.0,1.0,1.0,,0.0,0.0,1.0,1.0,,,1.0,0.0,1.0
Raimundão,,,1.0,1.0,,,,,,,,1.0,,,,,,,,,,,,,,,,,,,,,,,1.0,,,,,,,,,,,,1.0,,,,1.0,0.0,0.0,,,,,1.0,0.0,0.0,0.0,0.0,,,0.0,0.0,0.0,0.0,1.0,1.0,1.0,0.0,,1.0,0.0,1.0,0.0,0.0,0.0,0.0,1.0,1.0,1.0,,,,,,,0.0,0.0,1.0,,,,1.0,,,,0.0,1.0,,0.0,1.0,,,0.0,0.0,0.0,,,1.0,,,,0.0,0.0,0.0,1.0,0.0,1.0,1.0,0.0,0.0,0.0,1.0,1.0,0.0,0.0,,1.0,1.0,1.0,1.0,1.0,1.0,0.0,1.0,1.0,0.0,,,,,1.0,1.0,,,,,,,,,,,,1.0,,,,,,,,,,0.0,1.0,,0.0,0.0,,,,,0.0,,,,,,,,0.0,,,,,,,,,1.0,,,1.0,,,,,,,,,,,,,,,,,,,,1.0,,,,,,,,,,,,,,,,,,,,,,,,,,,,,,,,,,,,,,,,,,,,,,,,,,,,,,,,,,,,,,,,,,,,,,,,,,,,,,,,,,,,,,,,,,,,,,,,,,,,,,,,,,,,,,,,,,,,,,,,,,,,,,,
Ratinho Junior,1.0,1.0,1.0,1.0,0.0,0.0,0.0,,,,1.0,,,,,,1.0,1.0,,,,,,1.0,1.0,1.0,1.0,1.0,,,0.0,,,0.0,,,,,,,,,0.0,1.0,,1.0,1.0,1.0,,,,,,,,,,1.0,0.0,0.0,0.0,0.0,,,,,,,,,1.0,0.0,,1.0,0.0,0.0,,,0.0,0.0,,,1.0,1.0,,1.0,0.0,1.0,1.0,0.0,0.0,1.0,,,,,0.0,,0.0,1.0,1.0,0.0,0.0,1.0,1.0,,,,0.0,,,0.0,,,0.0,,0.0,,1.0,0.0,1.0,1.0,0.0,0.0,,,,,0.0,,1.0,1.0,1.0,1.0,1.0,1.0,0.0,0.0,1.0,0.0,1.0,1.0,,,,,,,,,1.0,0.0,0.0,,0.0,,,,,1.0,0.0,,,,,1.0,,,1.0,,0.0,,,,,0.0,,,,,,1.0,,,,,,1.0,,,,,,0.0,,,,,,,,,,1.0,1.0,,,1.0,,,,1.0,,,,,,,,,,,,,,,,,,,,,,,,,,,,,,,,,,,,,1.0,,,,,,,,,,,,,,,,,,,,,,,,,,,,,,,,,,,,,,,,,1.0,,,,,,,,,,,,,,,,,,,,,,,,1.0,,,,0.0,,1.0,0.0,,,1.0,0.0,1.0,,,,,0.0,0.0,1.0,,,,,1.0,,,,,,1.0
Raul Henry,1.0,1.0,1.0,1.0,1.0,1.0,1.0,0.0,1.0,1.0,1.0,,1.0,0.0,1.0,1.0,1.0,1.0,1.0,1.0,1.0,0.0,0.0,1.0,1.0,1.0,1.0,0.0,1.0,1.0,1.0,0.0,,0.0,,1.0,1.0,0.0,0.0,1.0,1.0,0.0,0.0,1.0,1.0,1.0,1.0,1.0,,,0.0,1.0,1.0,1.0,1.0,1.0,1.0,1.0,0.0,1.0,1.0,0.0,0.0,,1.0,1.0,1.0,1.0,1.0,0.0,1.0,1.0,0.0,,,,0.0,1.0,0.0,0.0,0.0,0.0,1.0,1.0,0.0,0.0,0.0,,,0.0,0.0,0.0,1.0,1.0,1.0,1.0,0.0,0.0,0.0,1.0,1.0,0.0,0.0,1.0,1.0,1.0,,0.0,1.0,0.0,1.0,1.0,1.0,1.0,0.0,0.0,0.0,0.0,1.0,,1.0,1.0,0.0,0.0,,1.0,1.0,0.0,0.0,0.0,1.0,1.0,,1.0,1.0,1.0,0.0,,0.0,1.0,1.0,1.0,1.0,1.0,1.0,1.0,1.0,1.0,1.0,1.0,1.0,0.0,,1.0,0.0,0.0,1.0,,1.0,,0.0,1.0,1.0,0.0,1.0,1.0,0.0,0.0,1.0,0.0,0.0,0.0,0.0,1.0,1.0,0.0,0.0,0.0,1.0,1.0,,1.0,0.0,,0.0,1.0,,1.0,1.0,,,0.0,,1.0,,,1.0,,1.0,1.0,0.0,0.0,,1.0,1.0,1.0,1.0,,1.0,,1.0,1.0,1.0,1.0,1.0,0.0,,1.0,0.0,1.0,1.0,1.0,1.0,0.0,1.0,0.0,1.0,1.0,0.0,0.0,1.0,0.0,,1.0,0.0,0.0,1.0,1.0,1.0,0.0,0.0,,,,,,,,1.0,1.0,1.0,1.0,0.0,0.0,1.0,1.0,0.0,0.0,0.0,1.0,1.0,,0.0,0.0,,1.0,,1.0,0.0,0.0,0.0,1.0,1.0,0.0,1.0,1.0,1.0,,1.0,1.0,0.0,0.0,0.0,0.0,1.0,0.0,1.0,1.0,1.0,1.0,0.0,1.0,1.0,1.0,0.0,1.0,1.0,,,1.0,1.0,1.0,1.0,0.0,0.0,1.0,1.0,0.0,1.0,1.0,0.0,1.0,1.0,1.0,1.0,1.0,1.0,0.0,0.0,1.0,0.0,0.0,1.0,0.0,0.0,1.0,1.0,0.0,,1.0,0.0,0.0,1.0,1.0,0.0,,,1.0,1.0,0.0,1.0,1.0,,1.0
Raul Lima,1.0,1.0,1.0,,0.0,0.0,,,,1.0,1.0,,1.0,,0.0,1.0,1.0,1.0,,1.0,1.0,0.0,0.0,1.0,,1.0,0.0,,0.0,0.0,0.0,,1.0,,1.0,,,,0.0,0.0,0.0,0.0,,1.0,,,1.0,1.0,,1.0,,,,,,,1.0,1.0,,0.0,0.0,,,1.0,0.0,0.0,0.0,,,,1.0,,,1.0,0.0,,0.0,0.0,0.0,0.0,0.0,,1.0,,,1.0,,,,0.0,0.0,,,0.0,,,0.0,0.0,,,,0.0,0.0,1.0,,1.0,,,,0.0,,,1.0,1.0,0.0,0.0,,,,,,,,0.0,,1.0,1.0,0.0,,,,,,,,,,,1.0,,,,,1.0,,,,1.0,1.0,1.0,1.0,0.0,1.0,1.0,,,,1.0,,1.0,,0.0,0.0,0.0,,,0.0,,,,0.0,0.0,0.0,1.0,1.0,,0.0,,,,,1.0,,,0.0,,,1.0,,1.0,1.0,,0.0,1.0,,1.0,,,,,1.0,,,,1.0,1.0,0.0,1.0,1.0,0.0,1.0,1.0,,1.0,0.0,,,,1.0,0.0,0.0,,,,,,,,,,,,,1.0,0.0,,1.0,1.0,,,,1.0,,,,0.0,,,1.0,,1.0,,0.0,,1.0,1.0,0.0,0.0,0.0,1.0,1.0,1.0,1.0,1.0,1.0,1.0,,1.0,0.0,,0.0,1.0,1.0,1.0,1.0,,,0.0,1.0,0.0,0.0,,0.0,,1.0,,,,1.0,1.0,,,1.0,1.0,,1.0,0.0,,,,1.0,,,,,,,,,,,1.0,,1.0,,,,,,,,,,,,,,0.0,,,,,,1.0,1.0,0.0,0.0,1.0,,0.0,,,,1.0
Rebecca Garcia,1.0,1.0,1.0,0.0,1.0,1.0,0.0,,1.0,,1.0,,,,0.0,1.0,1.0,,1.0,,,,1.0,0.0,0.0,0.0,,1.0,0.0,0.0,0.0,,,0.0,1.0,1.0,,,,,,,0.0,1.0,1.0,1.0,1.0,1.0,,,1.0,,0.0,1.0,,,1.0,,,0.0,0.0,0.0,,1.0,,0.0,0.0,0.0,0.0,1.0,1.0,,1.0,1.0,0.0,1.0,0.0,0.0,0.0,0.0,1.0,1.0,1.0,1.0,1.0,1.0,,1.0,1.0,0.0,,1.0,0.0,,1.0,1.0,0.0,0.0,0.0,,,,0.0,1.0,,1.0,,,0.0,,1.0,,1.0,1.0,0.0,0.0,,0.0,1.0,0.0,1.0,1.0,0.0,0.0,0.0,1.0,1.0,0.0,0.0,0.0,1.0,1.0,1.0,1.0,1.0,1.0,0.0,,,,0.0,0.0,0.0,1.0,,,1.0,1.0,,,1.0,0.0,0.0,0.0,0.0,0.0,,1.0,0.0,1.0,0.0,,,,,1.0,,0.0,1.0,,0.0,,,,,,0.0,0.0,,1.0,1.0,1.0,0.0,0.0,0.0,1.0,1.0,0.0,1.0,,,,1.0,,,,,,,,,,,1.0,,1.0,0.0,,1.0,1.0,1.0,1.0,,,,,1.0,1.0,,,,,,,,,,,,,,,,,,,,,,,,,,,,,,,1.0,,,,,,1.0,1.0,,,,,,,,,,,,,,,,,,,,,,,,,,,,,,,,,1.0,1.0,,,,1.0,0.0,1.0,,,,,,,,,1.0,0.0,,1.0,1.0,1.0,0.0,1.0,1.0,1.0,1.0,1.0,,0.0,,1.0,,,0.0,0.0,,1.0,,0.0,,1.0,,0.0,1.0,1.0,,0.0,0.0,1.0,1.0,0.0,,1.0,,
Reginaldo Lopes,1.0,,1.0,,1.0,1.0,,1.0,1.0,1.0,1.0,1.0,,,,0.0,,1.0,,0.0,0.0,1.0,,1.0,1.0,1.0,1.0,1.0,0.0,,,1.0,,1.0,1.0,1.0,,1.0,1.0,,0.0,1.0,,1.0,,,,1.0,,1.0,1.0,,0.0,,1.0,0.0,1.0,,,0.0,0.0,0.0,,,,0.0,,1.0,,,1.0,0.0,1.0,1.0,0.0,1.0,0.0,0.0,0.0,,1.0,1.0,,1.0,1.0,1.0,1.0,1.0,1.0,,,1.0,0.0,,1.0,,0.0,,0.0,1.0,1.0,0.0,0.0,,0.0,,0.0,,0.0,0.0,,,1.0,,,0.0,,0.0,1.0,0.0,1.0,1.0,0.0,0.0,,1.0,1.0,0.0,0.0,0.0,,1.0,1.0,1.0,,1.0,0.0,1.0,,,0.0,0.0,,,0.0,0.0,,1.0,,0.0,,,,,,0.0,,1.0,,,0.0,0.0,0.0,1.0,1.0,1.0,,,,,,,,1.0,1.0,,0.0,0.0,1.0,1.0,1.0,0.0,,,,,1.0,,1.0,0.0,,1.0,1.0,,0.0,,,,0.0,,1.0,0.0,,,1.0,1.0,,,1.0,,0.0,1.0,0.0,0.0,0.0,0.0,1.0,,,0.0,0.0,,0.0,,,,1.0,,0.0,1.0,1.0,1.0,0.0,0.0,,,0.0,0.0,1.0,1.0,,1.0,,,,,,,1.0,,,,1.0,,,,,0.0,0.0,1.0,1.0,,1.0,,1.0,1.0,,1.0,,,0.0,,1.0,1.0,1.0,,1.0,1.0,,0.0,0.0,0.0,,0.0,,0.0,1.0,1.0,1.0,,,,1.0,1.0,,1.0,,,,,0.0,0.0,,,,0.0,,,,0.0,,1.0,,1.0,1.0,,,,,,1.0,,0.0,1.0,,0.0,,1.0,,,,,1.0,1.0,0.0,,,,,,,1.0,,1.0
Reguffe,1.0,1.0,0.0,0.0,1.0,1.0,1.0,0.0,1.0,1.0,1.0,1.0,1.0,0.0,1.0,0.0,1.0,1.0,1.0,1.0,1.0,0.0,0.0,1.0,1.0,1.0,1.0,0.0,0.0,1.0,,1.0,1.0,0.0,1.0,1.0,0.0,0.0,0.0,0.0,1.0,1.0,0.0,1.0,1.0,1.0,1.0,1.0,1.0,1.0,0.0,1.0,1.0,0.0,1.0,1.0,1.0,1.0,0.0,0.0,0.0,0.0,0.0,0.0,1.0,1.0,1.0,0.0,0.0,1.0,0.0,0.0,0.0,0.0,1.0,0.0,1.0,1.0,0.0,1.0,0.0,0.0,1.0,1.0,0.0,0.0,0.0,0.0,0.0,1.0,1.0,0.0,1.0,1.0,0.0,0.0,0.0,0.0,0.0,0.0,0.0,,,,1.0,1.0,0.0,0.0,0.0,0.0,0.0,0.0,1.0,1.0,0.0,1.0,1.0,1.0,0.0,1.0,0.0,0.0,1.0,1.0,1.0,0.0,0.0,1.0,1.0,1.0,0.0,0.0,0.0,0.0,0.0,0.0,1.0,0.0,0.0,1.0,1.0,1.0,0.0,1.0,0.0,1.0,1.0,1.0,0.0,0.0,1.0,1.0,1.0,0.0,0.0,0.0,1.0,0.0,1.0,0.0,1.0,1.0,1.0,0.0,1.0,1.0,1.0,0.0,1.0,0.0,0.0,0.0,1.0,0.0,0.0,0.0,0.0,1.0,1.0,1.0,0.0,1.0,1.0,,1.0,1.0,1.0,0.0,0.0,1.0,1.0,0.0,0.0,1.0,1.0,1.0,1.0,1.0,1.0,1.0,0.0,1.0,,0.0,0.0,1.0,1.0,1.0,1.0,1.0,0.0,1.0,1.0,1.0,0.0,0.0,0.0,0.0,0.0,0.0,1.0,0.0,1.0,1.0,0.0,1.0,1.0,1.0,1.0,0.0,0.0,1.0,1.0,1.0,1.0,1.0,0.0,0.0,0.0,0.0,1.0,1.0,1.0,0.0,1.0,0.0,1.0,0.0,1.0,0.0,1.0,1.0,1.0,1.0,1.0,1.0,1.0,1.0,1.0,0.0,1.0,1.0,0.0,0.0,0.0,0.0,1.0,1.0,0.0,0.0,0.0,1.0,1.0,0.0,0.0,1.0,1.0,0.0,0.0,1.0,0.0,0.0,1.0,0.0,1.0,0.0,1.0,1.0,1.0,1.0,0.0,0.0,1.0,1.0,1.0,1.0,1.0,1.0,1.0,1.0,0.0,0.0,0.0,,0.0,0.0,0.0,0.0,0.0,0.0,1.0,0.0,0.0,1.0,0.0,0.0,1.0,1.0,0.0,1.0,0.0,0.0,1.0,0.0,0.0,1.0,1.0,0.0,0.0,1.0,1.0,0.0,1.0,0.0,0.0,0.0,0.0,1.0,1.0,0.0,1.0,1.0,1.0,1.0
Reinaldo Azambuja,1.0,1.0,1.0,1.0,0.0,0.0,1.0,,1.0,1.0,,1.0,,0.0,1.0,1.0,1.0,,1.0,1.0,1.0,,0.0,1.0,1.0,1.0,1.0,0.0,1.0,1.0,,1.0,,0.0,1.0,1.0,1.0,1.0,0.0,,,,,1.0,1.0,1.0,1.0,1.0,1.0,1.0,0.0,,,,0.0,,1.0,,,,,,,0.0,,,,,,0.0,1.0,1.0,1.0,0.0,1.0,0.0,,,1.0,1.0,0.0,,1.0,,0.0,0.0,,,,,,0.0,1.0,1.0,0.0,0.0,0.0,0.0,0.0,0.0,0.0,,,,0.0,1.0,,,1.0,0.0,,0.0,1.0,,1.0,,,,,,0.0,0.0,1.0,,,,,1.0,,,0.0,0.0,,0.0,0.0,0.0,,,0.0,1.0,1.0,1.0,1.0,1.0,1.0,,1.0,1.0,1.0,1.0,1.0,0.0,1.0,0.0,1.0,0.0,1.0,1.0,,,,,0.0,0.0,,,1.0,,,,,,0.0,1.0,1.0,,,,1.0,,,1.0,,0.0,,,,1.0,,,,1.0,0.0,1.0,1.0,1.0,,1.0,,,,,,1.0,1.0,1.0,1.0,,,1.0,0.0,1.0,1.0,1.0,1.0,,1.0,0.0,1.0,1.0,,,,,,,,,,,,,,0.0,,,,1.0,0.0,0.0,,,1.0,1.0,1.0,,0.0,0.0,1.0,0.0,1.0,1.0,,,1.0,1.0,0.0,,,1.0,,1.0,0.0,1.0,,,1.0,1.0,,0.0,,1.0,1.0,1.0,1.0,1.0,1.0,0.0,1.0,,,,,1.0,,1.0,0.0,0.0,1.0,1.0,0.0,1.0,1.0,1.0,,1.0,0.0,1.0,0.0,0.0,1.0,1.0,1.0,1.0,,,0.0,1.0,1.0,0.0,,1.0,1.0,,1.0,1.0,,,1.0,1.0,0.0,,,,0.0,1.0,1.0,0.0,0.0,1.0,0.0,0.0,,,,,,1.0,,,1.0,,,1.0
Reinhold Stephanes,1.0,1.0,1.0,1.0,0.0,0.0,,,,,1.0,1.0,,,,,1.0,1.0,1.0,,,,,1.0,1.0,1.0,1.0,0.0,0.0,0.0,0.0,,,0.0,1.0,1.0,,,,,,,1.0,0.0,,1.0,1.0,1.0,1.0,,1.0,0.0,0.0,1.0,,,,1.0,0.0,0.0,0.0,0.0,,,0.0,0.0,0.0,1.0,1.0,1.0,1.0,0.0,1.0,1.0,0.0,1.0,1.0,1.0,0.0,0.0,,1.0,,1.0,0.0,1.0,1.0,0.0,1.0,0.0,,,0.0,0.0,1.0,1.0,0.0,0.0,0.0,,1.0,0.0,0.0,1.0,1.0,1.0,0.0,0.0,,,,,,,0.0,0.0,,0.0,1.0,0.0,1.0,,,0.0,0.0,1.0,1.0,0.0,0.0,0.0,1.0,1.0,1.0,,,1.0,0.0,,1.0,0.0,1.0,,,,1.0,1.0,1.0,1.0,,,1.0,0.0,1.0,1.0,0.0,0.0,1.0,1.0,1.0,1.0,0.0,0.0,0.0,1.0,1.0,0.0,,,,0.0,0.0,0.0,,,,0.0,0.0,0.0,1.0,1.0,,1.0,0.0,0.0,0.0,,,,0.0,,,,,,,,,,,,,,,1.0,1.0,1.0,1.0,1.0,1.0,1.0,1.0,,,,,,1.0,1.0,,,,,,,,,,,,,,,,,,,,,,,,,,,,,,,1.0,,,,,,,,,,,,,,,,,,,,,,,,,,,,,,,,,,,,,,,,,1.0,,1.0,,,,,,,,,,,1.0,,,,,,,,,,,,0.0,1.0,,,,,,0.0,1.0,,0.0,1.0,,,,,0.0,0.0,1.0,0.0,0.0,,0.0,1.0,,,1.0,1.0,,1.0
Renan Filho,1.0,1.0,1.0,1.0,0.0,0.0,,1.0,1.0,1.0,1.0,1.0,1.0,,1.0,1.0,,,1.0,1.0,,1.0,,1.0,1.0,,1.0,1.0,0.0,0.0,0.0,1.0,1.0,0.0,1.0,1.0,,0.0,1.0,,1.0,1.0,0.0,,1.0,,1.0,1.0,1.0,,1.0,,0.0,,0.0,1.0,,1.0,0.0,0.0,0.0,0.0,,1.0,,,0.0,0.0,,1.0,,0.0,,1.0,0.0,1.0,,,0.0,0.0,1.0,1.0,1.0,,1.0,1.0,1.0,1.0,1.0,0.0,0.0,1.0,,,1.0,1.0,0.0,0.0,0.0,,,0.0,,,1.0,1.0,0.0,0.0,0.0,0.0,,1.0,1.0,1.0,0.0,,0.0,,1.0,0.0,1.0,1.0,0.0,0.0,,1.0,,1.0,,,1.0,1.0,1.0,1.0,1.0,1.0,0.0,1.0,1.0,0.0,0.0,0.0,,,1.0,,1.0,1.0,,0.0,,,0.0,1.0,0.0,,1.0,1.0,0.0,1.0,0.0,0.0,,1.0,,1.0,,0.0,1.0,0.0,0.0,0.0,,1.0,,,0.0,,1.0,,1.0,,0.0,,,,,1.0,,1.0,1.0,1.0,0.0,,,,,,,,1.0,,1.0,,0.0,1.0,0.0,1.0,1.0,1.0,1.0,1.0,,0.0,,0.0,1.0,,,1.0,,1.0,1.0,,1.0,0.0,,,,,,,,0.0,0.0,,1.0,,1.0,1.0,0.0,,,0.0,0.0,0.0,0.0,0.0,,,,,1.0,0.0,1.0,1.0,,,,,,1.0,,0.0,0.0,1.0,1.0,,,,0.0,,1.0,0.0,1.0,1.0,1.0,,,0.0,0.0,,0.0,,,0.0,,1.0,,,,,1.0,1.0,,1.0,0.0,,,0.0,1.0,1.0,,0.0,0.0,1.0,1.0,,,1.0,,1.0,,,1.0,1.0,,0.0,,,1.0,,0.0,,,1.0,,,,,,1.0,,,1.0,,0.0,,,,1.0,,1.0,
Renato Andrade,,,,,,,,1.0,,1.0,,,1.0,,0.0,1.0,,,,1.0,1.0,1.0,,,,,,,,,,1.0,1.0,,,,1.0,1.0,1.0,0.0,0.0,0.0,,,,,,,,,,,,,0.0,1.0,1.0,,,,,,,,,,,,,,,,,,,,,,,,,,,,,,,,,,,,,,,,,,,,,,,,,,,,,0.0,,,,,,,,,,,,,,,,,,,,,,,,,,,,,,,,,,,,,,,1.0,,,,,,,,,,,,,,,,,,1.0,,,,,,0.0,1.0,1.0,,,,,,,,,,,,,,,1.0,1.0,1.0,,,,,,,0.0,0.0,1.0,0.0,1.0,,,,,,,,,,1.0,1.0,1.0,1.0,,,0.0,1.0,1.0,,,0.0,,0.0,1.0,,0.0,,1.0,1.0,0.0,0.0,0.0,,1.0,1.0,,1.0,,1.0,1.0,0.0,1.0,0.0,0.0,0.0,,,,0.0,0.0,1.0,1.0,1.0,,0.0,0.0,1.0,1.0,,,,,,1.0,1.0,0.0,1.0,0.0,1.0,,,,,,0.0,1.0,0.0,0.0,0.0,0.0,0.0,1.0,0.0,0.0,0.0,1.0,,0.0,,1.0,1.0,,,0.0,,1.0,0.0,1.0,1.0,,,,,,1.0,1.0,1.0,0.0,1.0,1.0,,,,,,,,,,,,,,,0.0,,,,,,,,,,,,,,,,
Renato Molling,1.0,1.0,1.0,1.0,0.0,0.0,0.0,,1.0,1.0,,,,0.0,0.0,,1.0,1.0,,1.0,,,0.0,1.0,1.0,1.0,1.0,1.0,0.0,0.0,0.0,1.0,1.0,0.0,1.0,1.0,1.0,1.0,0.0,0.0,0.0,1.0,,1.0,1.0,1.0,1.0,1.0,,,,0.0,0.0,,0.0,1.0,1.0,1.0,0.0,0.0,0.0,,1.0,1.0,0.0,0.0,0.0,1.0,,1.0,1.0,0.0,1.0,1.0,,1.0,0.0,0.0,0.0,0.0,1.0,1.0,1.0,,,,,1.0,1.0,,,,0.0,0.0,1.0,1.0,,,,1.0,1.0,0.0,0.0,1.0,0.0,1.0,0.0,0.0,0.0,,,1.0,1.0,1.0,0.0,,,,,,,,,,0.0,1.0,1.0,0.0,0.0,,1.0,1.0,1.0,1.0,1.0,1.0,,1.0,1.0,0.0,0.0,0.0,0.0,1.0,0.0,1.0,1.0,1.0,1.0,0.0,1.0,0.0,0.0,0.0,0.0,0.0,,1.0,1.0,1.0,0.0,0.0,,1.0,1.0,,0.0,0.0,1.0,,,,1.0,1.0,1.0,,,,1.0,1.0,,1.0,0.0,,0.0,,,1.0,,1.0,1.0,1.0,,0.0,0.0,0.0,1.0,0.0,,,,0.0,1.0,1.0,1.0,,,1.0,1.0,1.0,0.0,1.0,0.0,0.0,0.0,0.0,1.0,1.0,0.0,,,,,,,,,,,,,,,1.0,,,,0.0,1.0,1.0,,1.0,1.0,0.0,0.0,0.0,0.0,0.0,1.0,,1.0,,,,1.0,1.0,0.0,0.0,0.0,1.0,,1.0,,,,,1.0,1.0,0.0,1.0,0.0,1.0,,,,,,0.0,,0.0,0.0,0.0,0.0,0.0,1.0,0.0,1.0,,1.0,1.0,0.0,1.0,1.0,1.0,0.0,1.0,0.0,0.0,1.0,0.0,1.0,1.0,1.0,0.0,0.0,1.0,1.0,1.0,1.0,1.0,0.0,1.0,1.0,1.0,0.0,1.0,,0.0,1.0,1.0,1.0,1.0,0.0,0.0,1.0,0.0,1.0,0.0,0.0,1.0,0.0,1.0,1.0,1.0,1.0,0.0,0.0,,,,1.0,1.0,0.0,1.0
Renato Simões,,,,,,,,,,,,,,,0.0,0.0,,1.0,,,,,,,,,,,,,,,1.0,,,,,,,,,,,1.0,1.0,1.0,,,,,,,,,,,,,,,,,,,,,,,,,,,1.0,,,,,,,,,,,,,,,,,,,,,,,,,,,,,,,,,,,,,,,,,1.0,,,,,,,,,,,,,,,,,,,,,,,,,,,,,0.0,1.0,,,,1.0,,,1.0,,,,,,,,,,,,,,,,,,,,,,,,,,,,,1.0,,,,,,,,0.0,,,,,,,,,,,,,,,,0.0,0.0,1.0,0.0,1.0,1.0,1.0,0.0,,,,,,,,,,,,,,,,,,,,,,,,,,,,,,,,1.0,0.0,0.0,0.0,0.0,0.0,0.0,,,,,,1.0,,,,,,,,,,,,,,,,,,,,,,1.0,,,,,,,,,,,,1.0,1.0,,1.0,1.0,1.0,0.0,1.0,1.0,0.0,1.0,1.0,0.0,,1.0,1.0,1.0,1.0,1.0,1.0,0.0,0.0,0.0,1.0,0.0,1.0,1.0,1.0,0.0,0.0,1.0,0.0,1.0,1.0,0.0,1.0,,0.0,,,,,,1.0,1.0,,0.0,,,,0.0,0.0,1.0,1.0,1.0,1.0
Renzo Braz,1.0,1.0,,,,,0.0,,1.0,1.0,1.0,1.0,1.0,0.0,1.0,1.0,,1.0,1.0,1.0,1.0,0.0,0.0,1.0,0.0,1.0,,1.0,0.0,0.0,0.0,1.0,1.0,0.0,1.0,1.0,1.0,1.0,0.0,0.0,0.0,0.0,,1.0,,1.0,1.0,1.0,,,,0.0,,1.0,0.0,,1.0,,0.0,,0.0,,1.0,1.0,0.0,0.0,0.0,1.0,1.0,,1.0,0.0,1.0,,,,0.0,0.0,0.0,0.0,1.0,1.0,1.0,,,1.0,1.0,1.0,1.0,0.0,,1.0,0.0,0.0,1.0,1.0,0.0,0.0,0.0,1.0,1.0,0.0,0.0,1.0,,,,0.0,0.0,,1.0,1.0,1.0,1.0,,0.0,0.0,0.0,1.0,0.0,1.0,1.0,0.0,0.0,0.0,1.0,1.0,0.0,0.0,0.0,1.0,1.0,1.0,1.0,1.0,1.0,0.0,1.0,1.0,0.0,0.0,0.0,,,1.0,1.0,1.0,1.0,1.0,0.0,,0.0,0.0,0.0,0.0,0.0,,0.0,0.0,,0.0,0.0,0.0,1.0,1.0,,1.0,0.0,1.0,0.0,0.0,0.0,0.0,1.0,1.0,0.0,0.0,0.0,1.0,,,1.0,,,0.0,1.0,1.0,1.0,,1.0,,1.0,,1.0,,0.0,1.0,,0.0,0.0,,0.0,,1.0,1.0,1.0,1.0,1.0,1.0,1.0,1.0,,0.0,1.0,1.0,1.0,1.0,1.0,0.0,1.0,1.0,,,0.0,1.0,,1.0,1.0,,,,,,0.0,0.0,,1.0,0.0,1.0,1.0,,1.0,,,,,,,1.0,,1.0,,,,,1.0,0.0,0.0,0.0,1.0,,1.0,,,,,1.0,1.0,0.0,1.0,1.0,1.0,,,,1.0,1.0,0.0,1.0,0.0,,0.0,,0.0,,0.0,,0.0,1.0,1.0,0.0,1.0,1.0,1.0,,1.0,,,,,,1.0,1.0,1.0,,0.0,0.0,0.0,,,,,,,1.0,1.0,0.0,0.0,,1.0,0.0,,,,,,1.0,,0.0,1.0,0.0,0.0,,1.0,,0.0,0.0,,,0.0,,1.0,,1.0
Ribamar Alves,,,1.0,0.0,,1.0,,,,,,,,,,,,,,,,,,,1.0,1.0,1.0,,,,,,,,1.0,,,,,,,,,,,,1.0,,,1.0,1.0,,0.0,,,,,,0.0,0.0,0.0,,,1.0,,0.0,,,0.0,1.0,,0.0,,1.0,,1.0,0.0,,0.0,0.0,1.0,1.0,,,1.0,1.0,1.0,,,,,1.0,0.0,,,,0.0,,0.0,1.0,,0.0,,1.0,,,,,0.0,,,,,,0.0,,0.0,,,0.0,1.0,1.0,0.0,,,1.0,,0.0,,0.0,1.0,,1.0,1.0,1.0,1.0,0.0,,,0.0,,,,,1.0,,1.0,,,,,,,,,,1.0,1.0,,1.0,0.0,,,,,,,,,0.0,0.0,0.0,,,,,0.0,,1.0,,,1.0,,,1.0,,,,,,,,1.0,,,,,,,,,,,,,,,,,,,,,,,,,,,,,,,,,,,,,,,,,,,,,,,,,,,,,,,,,,,,,,,,,,,,,,,,,,,,,,,,,,,,,,,,,,,,,,,,,,,,,,,,,,,,,,,,,,,,,,,,,,,,,,,,,,,,,,,,,,,,,,,,,,,,,,,
Ricardo Archer,,,,,,,,,,,,,,,,,,,,,,,,,,,,,,,,,,,,,,,,,,,,,,,,,,,,,,,,,,,,,,,,,,,,,,,,,,,,,,,,,,,,1.0,,,,,,,,,,,,,,,,,,,,,,,,,,,,,,,,,,,,,,,,,,,,,,,,,,,,,,,,,,,,,,,,,,,,,,,,,,,,,0.0,0.0,0.0,1.0,,,,0.0,1.0,0.0,0.0,0.0,,,,0.0,0.0,0.0,,,1.0,,0.0,0.0,,,,,,,,,,,,,,,,,,,,,,,,,,,,,,,,,,,,,,,,,,,,,,,,,,,,,,,,,,,,,,,,,,,,,,,,,,,,,,,,,,,,,,,,,,,,,,,,,,,,,,,,,,,,,,,,,,,,,,,,,,,,,,,,,,,,,,,,,,,,,,,,,,,,,,,,,,,,,,,,
Ricardo Arruda,,,,,,,,,,,,,1.0,,,,,,,,,,,,,,,,,,,,,,,,1.0,0.0,0.0,0.0,0.0,0.0,,,,,,,,,,,,,,1.0,,,,,,,,,,,,,,,,,,,,,,,,,,,,,,,,,,,,,,,,,,,,,,,,,,,,,,0.0,,,,,,,,,,,,,,,,,,,,,,,,,,,,,,,,,,,,,,,,,,,,,,,,,,,,,,,,,,,,,,,0.0,1.0,1.0,,,,,,,,,,,,,,,1.0,1.0,1.0,,,,,,,,0.0,,,1.0,,,,,,,,,,,,1.0,0.0,,,0.0,1.0,0.0,1.0,0.0,0.0,,0.0,1.0,,0.0,0.0,1.0,1.0,,0.0,0.0,0.0,1.0,1.0,1.0,0.0,0.0,1.0,,,,,,,,1.0,1.0,0.0,0.0,0.0,,,0.0,0.0,0.0,1.0,1.0,1.0,1.0,1.0,,1.0,1.0,1.0,,,,,1.0,1.0,1.0,,,0.0,,,,,,,,,,,,,,,,,,,,,,,,,,,,,,,,,,,,,,,,,,,,,,,,,,,,,,,,,,,,,,,,,,
Ricardo Berzoini,1.0,1.0,1.0,0.0,1.0,,,1.0,1.0,1.0,1.0,1.0,1.0,,1.0,0.0,,,,,,,0.0,1.0,1.0,1.0,1.0,1.0,0.0,0.0,0.0,1.0,1.0,1.0,1.0,1.0,1.0,0.0,0.0,0.0,0.0,1.0,0.0,,,,,,1.0,1.0,,0.0,0.0,1.0,0.0,0.0,1.0,,0.0,0.0,0.0,0.0,1.0,1.0,0.0,0.0,0.0,1.0,0.0,1.0,1.0,,,1.0,0.0,1.0,0.0,0.0,0.0,0.0,1.0,1.0,1.0,1.0,1.0,1.0,,,,0.0,0.0,1.0,0.0,0.0,1.0,1.0,,0.0,0.0,1.0,1.0,,0.0,1.0,0.0,1.0,0.0,0.0,,0.0,1.0,1.0,1.0,,0.0,0.0,,0.0,1.0,0.0,1.0,1.0,0.0,0.0,0.0,1.0,1.0,,0.0,0.0,1.0,1.0,1.0,1.0,1.0,1.0,0.0,1.0,1.0,0.0,0.0,0.0,0.0,1.0,0.0,0.0,1.0,,,0.0,,0.0,0.0,0.0,0.0,,,1.0,0.0,1.0,0.0,0.0,0.0,1.0,1.0,1.0,0.0,0.0,1.0,0.0,0.0,0.0,,,1.0,0.0,0.0,,1.0,,1.0,0.0,0.0,0.0,1.0,,,,1.0,0.0,1.0,1.0,1.0,0.0,0.0,0.0,,,0.0,0.0,,0.0,,,,,,,,,,,0.0,0.0,0.0,,,,0.0,0.0,0.0,0.0,0.0,0.0,1.0,0.0,1.0,,0.0,1.0,1.0,1.0,0.0,0.0,0.0,0.0,0.0,0.0,1.0,1.0,,1.0,1.0,0.0,0.0,0.0,0.0,0.0,,1.0,,0.0,1.0,,,1.0,0.0,,,,,1.0,,0.0,,,,1.0,0.0,1.0,0.0,1.0,,,1.0,1.0,1.0,1.0,1.0,,,0.0,0.0,0.0,1.0,0.0,1.0,1.0,1.0,,0.0,,1.0,1.0,0.0,1.0,1.0,0.0,1.0,,0.0,0.0,,,0.0,1.0,,1.0,,,,,,,,,,,1.0,,,,,,,,1.0,1.0,1.0,,,,,,,,,,,,,,,
Ricardo Izar,1.0,,0.0,0.0,1.0,1.0,1.0,1.0,1.0,1.0,1.0,1.0,1.0,,1.0,1.0,1.0,1.0,1.0,1.0,1.0,0.0,0.0,1.0,1.0,1.0,,1.0,0.0,0.0,0.0,1.0,1.0,0.0,1.0,1.0,1.0,1.0,,,0.0,1.0,0.0,1.0,1.0,1.0,1.0,,1.0,,1.0,0.0,0.0,1.0,0.0,1.0,1.0,1.0,,,0.0,0.0,1.0,0.0,,,0.0,1.0,0.0,,0.0,0.0,1.0,0.0,1.0,1.0,0.0,0.0,0.0,,1.0,1.0,0.0,1.0,1.0,1.0,1.0,,,0.0,0.0,1.0,,,1.0,,0.0,0.0,0.0,1.0,1.0,0.0,0.0,1.0,0.0,1.0,0.0,0.0,0.0,0.0,1.0,1.0,1.0,1.0,1.0,0.0,,,1.0,0.0,1.0,1.0,0.0,0.0,0.0,1.0,1.0,0.0,,,,,,,,,0.0,,1.0,1.0,0.0,0.0,0.0,1.0,1.0,,1.0,1.0,1.0,1.0,1.0,,1.0,1.0,0.0,0.0,,1.0,0.0,1.0,,0.0,0.0,0.0,1.0,1.0,,0.0,1.0,0.0,0.0,0.0,0.0,1.0,1.0,0.0,0.0,,,1.0,0.0,1.0,0.0,0.0,,1.0,1.0,1.0,0.0,,1.0,1.0,,1.0,,0.0,1.0,,0.0,0.0,,0.0,1.0,1.0,1.0,,1.0,1.0,,1.0,,1.0,1.0,1.0,0.0,0.0,1.0,,1.0,,0.0,1.0,,0.0,1.0,,1.0,1.0,,,,,0.0,1.0,,0.0,1.0,1.0,,1.0,,,1.0,,1.0,1.0,0.0,,1.0,0.0,1.0,1.0,0.0,1.0,1.0,1.0,0.0,0.0,0.0,1.0,1.0,,1.0,1.0,1.0,1.0,1.0,1.0,0.0,1.0,,,1.0,1.0,1.0,,,0.0,1.0,1.0,0.0,,,,,,,1.0,1.0,1.0,,1.0,1.0,1.0,0.0,1.0,0.0,1.0,0.0,0.0,1.0,1.0,,,,1.0,,,1.0,1.0,0.0,1.0,1.0,1.0,1.0,,,0.0,1.0,1.0,0.0,,0.0,0.0,0.0,1.0,1.0,0.0,1.0,1.0,0.0,,1.0,1.0,0.0,,,,,,,,0.0,
Ricardo Quirino,,,1.0,1.0,,,,,,,,,,,,,,,,,,,,,,,,,,,,,,,,,,,,,,,,,,,,,,,1.0,0.0,0.0,,,,,,0.0,0.0,0.0,0.0,1.0,,0.0,0.0,0.0,1.0,0.0,1.0,1.0,0.0,,1.0,,0.0,0.0,0.0,0.0,0.0,1.0,1.0,1.0,,0.0,1.0,1.0,1.0,1.0,0.0,,1.0,0.0,0.0,,,,,,,,,,,,,,,0.0,,,,,,,,,,,,,,,,,,,,,,,,,,,,,,,,,,,,,,,,,,,,,,,,,,,,,,,,,,,,,,,,,,,,,,,,,,,,,,,,,,,,,,,,,,,,,,,,,,,,,,,,,,,,,,,,,,,,,,,,,,,,,,,,,,,,,,,,,,,,,,,,,,,,,,,,,,,,,,,,,,,,,,,,,,,,,,,,,,,,,,,,,,,,,,,,,,,,,,,,,,,,,,,,,,,,,,,,,,,,,,,,,,,,,,,,,,,
Ricardo Tripoli,1.0,1.0,0.0,0.0,1.0,1.0,,,,1.0,,1.0,,,1.0,1.0,,,1.0,1.0,1.0,,0.0,1.0,1.0,1.0,1.0,,,,,0.0,1.0,0.0,1.0,1.0,,,,,,,,,1.0,,1.0,1.0,,1.0,,,,,,,1.0,,,,,,,,,,,1.0,,0.0,0.0,1.0,1.0,0.0,1.0,,,,1.0,1.0,0.0,,1.0,,0.0,0.0,,0.0,1.0,,,,,1.0,0.0,0.0,,,,,0.0,,,,,1.0,,,1.0,0.0,,,1.0,1.0,,,,,,,,,,,1.0,,,,1.0,,0.0,0.0,0.0,0.0,0.0,0.0,,,,1.0,,,0.0,,0.0,1.0,1.0,1.0,1.0,0.0,,0.0,,0.0,1.0,0.0,,1.0,1.0,0.0,,,1.0,0.0,0.0,,1.0,,,,,,0.0,1.0,1.0,,,,1.0,1.0,0.0,0.0,,0.0,0.0,1.0,,1.0,,1.0,1.0,1.0,0.0,1.0,1.0,1.0,,1.0,,,,,,1.0,1.0,1.0,1.0,1.0,1.0,1.0,0.0,1.0,1.0,1.0,0.0,0.0,,,1.0,,,,,,,,,,,,,,,1.0,,,,1.0,0.0,0.0,,,1.0,,,0.0,0.0,0.0,,,1.0,,0.0,1.0,1.0,1.0,0.0,,,1.0,,1.0,,,,,,1.0,0.0,0.0,1.0,,,,,,,0.0,,,,,,,,,,,1.0,,0.0,,,,,1.0,0.0,,0.0,0.0,1.0,1.0,,,,,,1.0,1.0,0.0,,1.0,1.0,,1.0,1.0,,,1.0,1.0,,,,,,,1.0,0.0,0.0,1.0,,,1.0,0.0,0.0,,,,1.0,,1.0,,0.0,1.0
Roberto Balestra,,1.0,1.0,1.0,,,1.0,0.0,1.0,1.0,1.0,1.0,1.0,,0.0,,1.0,1.0,1.0,1.0,1.0,0.0,1.0,0.0,0.0,1.0,,1.0,,,,1.0,1.0,0.0,,1.0,1.0,0.0,0.0,0.0,0.0,0.0,,0.0,1.0,,1.0,1.0,0.0,,,,,1.0,1.0,,1.0,1.0,0.0,,,0.0,,,0.0,0.0,0.0,1.0,1.0,1.0,,,,1.0,0.0,,,,0.0,0.0,0.0,1.0,,1.0,1.0,1.0,,,1.0,0.0,0.0,1.0,0.0,0.0,1.0,1.0,,,,,1.0,,0.0,,1.0,0.0,0.0,0.0,0.0,,1.0,,1.0,1.0,0.0,0.0,0.0,0.0,1.0,0.0,1.0,1.0,,,,1.0,1.0,0.0,,,,,,,,,,1.0,1.0,,,,,,1.0,1.0,1.0,1.0,1.0,0.0,1.0,0.0,,0.0,,,,,0.0,1.0,0.0,,0.0,1.0,1.0,,1.0,0.0,1.0,0.0,0.0,,0.0,1.0,1.0,,,,1.0,1.0,1.0,1.0,,,,1.0,1.0,1.0,,1.0,1.0,1.0,0.0,,,,1.0,0.0,0.0,,1.0,0.0,,1.0,,,,,,,,1.0,0.0,,1.0,0.0,1.0,1.0,0.0,,,,,0.0,,0.0,,,,,,,,,0.0,0.0,,0.0,1.0,,,1.0,0.0,1.0,1.0,1.0,1.0,,1.0,0.0,,,0.0,1.0,1.0,1.0,,0.0,0.0,,1.0,1.0,1.0,1.0,1.0,0.0,,,0.0,0.0,1.0,1.0,1.0,1.0,1.0,,,0.0,1.0,0.0,0.0,0.0,,,1.0,,1.0,0.0,1.0,1.0,,1.0,1.0,1.0,,1.0,0.0,,,0.0,1.0,1.0,1.0,,,1.0,,1.0,1.0,1.0,0.0,1.0,1.0,1.0,1.0,0.0,,0.0,,1.0,,,,,,,,0.0,0.0,1.0,0.0,1.0,1.0,,,0.0,0.0,,,0.0,1.0,1.0,0.0,1.0
Roberto Britto,1.0,1.0,1.0,0.0,1.0,1.0,0.0,1.0,1.0,1.0,1.0,,,0.0,0.0,1.0,1.0,,,1.0,1.0,1.0,0.0,1.0,1.0,,1.0,1.0,0.0,0.0,,1.0,1.0,0.0,1.0,1.0,1.0,1.0,0.0,0.0,0.0,0.0,0.0,,1.0,1.0,1.0,1.0,1.0,,1.0,0.0,0.0,1.0,0.0,1.0,1.0,,0.0,0.0,0.0,,1.0,1.0,0.0,0.0,0.0,0.0,1.0,1.0,1.0,0.0,,1.0,0.0,1.0,0.0,,0.0,0.0,1.0,1.0,1.0,1.0,1.0,1.0,1.0,1.0,1.0,0.0,0.0,1.0,0.0,0.0,1.0,1.0,0.0,0.0,0.0,1.0,,0.0,,1.0,,,,0.0,0.0,0.0,1.0,1.0,1.0,1.0,0.0,0.0,0.0,0.0,1.0,0.0,1.0,1.0,0.0,0.0,,,1.0,0.0,0.0,,1.0,1.0,1.0,1.0,1.0,1.0,,1.0,1.0,0.0,0.0,0.0,,,0.0,1.0,1.0,1.0,1.0,0.0,1.0,0.0,0.0,0.0,0.0,0.0,1.0,1.0,0.0,1.0,0.0,0.0,0.0,1.0,1.0,1.0,1.0,,,0.0,0.0,0.0,0.0,1.0,1.0,0.0,,0.0,1.0,1.0,1.0,1.0,0.0,0.0,0.0,1.0,1.0,1.0,,1.0,1.0,,0.0,1.0,,,1.0,0.0,,0.0,1.0,0.0,1.0,1.0,1.0,1.0,0.0,1.0,1.0,1.0,,1.0,0.0,0.0,0.0,0.0,1.0,1.0,0.0,1.0,1.0,1.0,0.0,0.0,,,1.0,1.0,,0.0,,1.0,0.0,0.0,,0.0,1.0,0.0,1.0,1.0,0.0,1.0,,,,,,0.0,1.0,,1.0,0.0,1.0,0.0,1.0,1.0,0.0,0.0,0.0,1.0,,1.0,1.0,,,,1.0,,0.0,1.0,0.0,1.0,1.0,0.0,1.0,1.0,1.0,1.0,,0.0,1.0,,0.0,0.0,1.0,0.0,1.0,0.0,1.0,1.0,0.0,,,1.0,0.0,1.0,0.0,1.0,1.0,0.0,,1.0,,0.0,,1.0,1.0,,,1.0,0.0,1.0,,1.0,1.0,1.0,0.0,0.0,,0.0,1.0,1.0,,,,0.0,1.0,1.0,1.0,,0.0,1.0,,,,0.0,0.0,1.0,0.0,,1.0,1.0,0.0,1.0
Roberto Dorner,,,1.0,1.0,,,,,,,,,,,0.0,,1.0,1.0,,,,,,,,,,,,,,,,0.0,,,,,,,,,,1.0,,,,,,,1.0,0.0,0.0,,,,1.0,1.0,0.0,0.0,0.0,0.0,1.0,1.0,0.0,0.0,0.0,1.0,1.0,1.0,1.0,0.0,1.0,1.0,0.0,1.0,,0.0,0.0,0.0,1.0,1.0,1.0,,1.0,1.0,1.0,1.0,1.0,0.0,,1.0,0.0,0.0,,,0.0,0.0,0.0,1.0,1.0,0.0,0.0,1.0,0.0,0.0,0.0,0.0,,,,1.0,,,,0.0,0.0,0.0,1.0,0.0,1.0,1.0,0.0,0.0,1.0,1.0,1.0,0.0,,,,,,,,,0.0,1.0,0.0,0.0,,,,,,,,1.0,,,,,,,,,,,,,,,,,,,,,,,,,,,,,,,,,,,,,,1.0,1.0,,,,,,,,,,,,,,,,,1.0,1.0,1.0,0.0,,1.0,1.0,1.0,1.0,,,,,,,,,,,,,,,,,,,,,,,,,,,,,,,,,,,,,1.0,,,,,,1.0,,,,,,,,,,,,,,,,,,,,,,,,,,,,,,,,,,1.0,1.0,,1.0,1.0,1.0,,1.0,,,,,,,1.0,,,,,1.0,1.0,1.0,0.0,1.0,1.0,1.0,1.0,1.0,0.0,0.0,1.0,,,0.0,,,0.0,1.0,,0.0,1.0,1.0,0.0,1.0,,1.0,1.0,0.0,0.0,1.0,,0.0,1.0,,0.0,1.0
Roberto Freire,1.0,1.0,0.0,,1.0,,,,1.0,1.0,,1.0,1.0,0.0,,,1.0,,,1.0,,0.0,0.0,1.0,,1.0,1.0,0.0,0.0,1.0,,0.0,,0.0,1.0,1.0,,,,,,,0.0,,,1.0,1.0,1.0,1.0,1.0,,0.0,,0.0,0.0,,1.0,,,,,0.0,0.0,0.0,,1.0,,1.0,,0.0,0.0,0.0,,0.0,,0.0,,1.0,1.0,1.0,0.0,1.0,0.0,1.0,,,0.0,,,,,,1.0,1.0,0.0,0.0,,,,0.0,0.0,,,,1.0,1.0,0.0,0.0,,0.0,0.0,,1.0,,1.0,,,,,,,,,,,,,1.0,,,0.0,,,,,,,0.0,0.0,1.0,1.0,,,,1.0,,,1.0,1.0,1.0,,0.0,0.0,0.0,,0.0,1.0,1.0,1.0,,1.0,,,0.0,1.0,1.0,1.0,,1.0,,,,,,1.0,0.0,,,,1.0,0.0,0.0,,,1.0,,,0.0,0.0,1.0,1.0,,0.0,1.0,,1.0,,1.0,,,,,,1.0,,,,,,,,1.0,1.0,1.0,1.0,1.0,,,0.0,1.0,,,,,,,,1.0,,,,,,1.0,,,1.0,1.0,0.0,,,,1.0,1.0,1.0,1.0,1.0,,1.0,,,1.0,0.0,,,1.0,0.0,,,1.0,,,0.0,,,,,1.0,,0.0,1.0,1.0,,,,1.0,1.0,,1.0,1.0,,,,,,,0.0,1.0,,,0.0,,1.0,,,1.0,,1.0,0.0,,,1.0,,,1.0,,0.0,,,,,,,1.0,1.0,1.0,,,0.0,1.0,0.0,0.0,,,0.0,1.0,1.0,0.0,0.0,1.0,,,1.0,,,0.0,0.0,1.0,0.0,,1.0,1.0,,1.0
Roberto Santiago,1.0,1.0,0.0,0.0,1.0,1.0,1.0,,1.0,1.0,1.0,,,0.0,0.0,0.0,1.0,1.0,1.0,1.0,1.0,0.0,,1.0,1.0,1.0,1.0,0.0,0.0,0.0,0.0,1.0,1.0,0.0,1.0,1.0,1.0,1.0,0.0,0.0,0.0,0.0,0.0,1.0,,1.0,1.0,1.0,,1.0,1.0,0.0,,1.0,0.0,,1.0,,,,,0.0,0.0,0.0,,,,1.0,0.0,1.0,0.0,0.0,0.0,0.0,,0.0,0.0,0.0,,1.0,0.0,1.0,0.0,,1.0,1.0,1.0,1.0,1.0,0.0,0.0,1.0,1.0,0.0,1.0,1.0,,,,1.0,1.0,0.0,,1.0,1.0,1.0,0.0,0.0,0.0,0.0,1.0,1.0,1.0,1.0,0.0,0.0,0.0,0.0,1.0,0.0,1.0,1.0,0.0,0.0,0.0,1.0,1.0,0.0,0.0,0.0,1.0,,1.0,1.0,1.0,1.0,0.0,0.0,1.0,1.0,0.0,0.0,0.0,1.0,1.0,1.0,1.0,1.0,1.0,1.0,1.0,0.0,1.0,1.0,0.0,0.0,,1.0,0.0,1.0,0.0,,,,1.0,1.0,0.0,0.0,1.0,0.0,0.0,,0.0,1.0,1.0,0.0,0.0,1.0,1.0,1.0,1.0,1.0,0.0,0.0,0.0,1.0,1.0,1.0,,1.0,1.0,1.0,0.0,1.0,1.0,1.0,,0.0,0.0,0.0,1.0,0.0,0.0,1.0,1.0,1.0,0.0,1.0,1.0,1.0,1.0,1.0,1.0,1.0,0.0,1.0,1.0,1.0,1.0,0.0,,,,,1.0,0.0,1.0,1.0,0.0,1.0,1.0,,,1.0,0.0,0.0,0.0,1.0,1.0,1.0,,1.0,1.0,0.0,1.0,1.0,0.0,0.0,1.0,0.0,1.0,1.0,0.0,1.0,1.0,1.0,0.0,0.0,,1.0,1.0,1.0,1.0,1.0,1.0,1.0,,1.0,0.0,1.0,1.0,1.0,1.0,1.0,1.0,1.0,1.0,0.0,1.0,1.0,0.0,,,,,,0.0,1.0,1.0,1.0,0.0,1.0,1.0,1.0,1.0,1.0,0.0,1.0,0.0,0.0,1.0,1.0,1.0,0.0,,,1.0,1.0,1.0,,0.0,1.0,1.0,1.0,1.0,1.0,0.0,0.0,,0.0,1.0,0.0,0.0,0.0,0.0,1.0,1.0,0.0,1.0,1.0,0.0,1.0,1.0,1.0,0.0,0.0,0.0,,,0.0,1.0,,0.0,1.0
Roberto Teixeira,1.0,1.0,1.0,,0.0,0.0,0.0,1.0,1.0,,1.0,1.0,,0.0,0.0,1.0,1.0,,1.0,,1.0,,0.0,1.0,1.0,,,1.0,,0.0,,,1.0,,1.0,1.0,,1.0,0.0,,0.0,0.0,0.0,1.0,1.0,,,,1.0,1.0,1.0,0.0,0.0,1.0,0.0,1.0,,,0.0,0.0,0.0,0.0,1.0,1.0,0.0,0.0,0.0,0.0,1.0,1.0,1.0,0.0,0.0,1.0,0.0,1.0,0.0,,0.0,0.0,1.0,1.0,1.0,,1.0,1.0,1.0,1.0,1.0,0.0,0.0,1.0,,0.0,1.0,1.0,0.0,,0.0,1.0,1.0,0.0,0.0,1.0,1.0,,0.0,0.0,,0.0,1.0,,,1.0,,0.0,0.0,,1.0,0.0,1.0,1.0,0.0,,0.0,1.0,,0.0,,,,,,,,,,,1.0,0.0,0.0,0.0,0.0,1.0,0.0,,1.0,1.0,1.0,0.0,1.0,1.0,0.0,0.0,0.0,,1.0,1.0,,1.0,,,,,1.0,,1.0,0.0,1.0,0.0,0.0,0.0,0.0,1.0,1.0,,0.0,0.0,1.0,1.0,,1.0,,,0.0,,,,,,1.0,1.0,0.0,,,,1.0,0.0,,,1.0,,1.0,1.0,,1.0,0.0,1.0,,1.0,1.0,,0.0,1.0,0.0,0.0,1.0,1.0,0.0,1.0,,,,,,,,,,,,,,0.0,,,1.0,0.0,1.0,1.0,0.0,1.0,1.0,0.0,,0.0,0.0,0.0,1.0,,1.0,,0.0,,1.0,1.0,,0.0,0.0,,1.0,1.0,1.0,,,,,1.0,0.0,,0.0,1.0,,0.0,1.0,1.0,1.0,1.0,1.0,0.0,0.0,0.0,0.0,0.0,1.0,0.0,1.0,0.0,1.0,1.0,,1.0,,1.0,0.0,1.0,0.0,,1.0,,,1.0,1.0,0.0,,1.0,1.0,1.0,,1.0,0.0,1.0,,1.0,1.0,1.0,0.0,0.0,1.0,0.0,1.0,1.0,0.0,0.0,1.0,0.0,1.0,0.0,,,0.0,,,1.0,1.0,0.0,0.0,1.0,,,1.0,,0.0,1.0
Roberto de Lucena,1.0,1.0,0.0,0.0,1.0,1.0,0.0,1.0,1.0,1.0,1.0,1.0,1.0,0.0,,,1.0,1.0,1.0,1.0,1.0,,0.0,1.0,1.0,1.0,,0.0,0.0,1.0,0.0,1.0,1.0,0.0,1.0,1.0,,0.0,,0.0,0.0,1.0,,1.0,1.0,,1.0,1.0,1.0,1.0,1.0,0.0,0.0,0.0,1.0,0.0,1.0,1.0,,,1.0,0.0,0.0,0.0,,,,1.0,0.0,0.0,0.0,0.0,0.0,,1.0,0.0,0.0,0.0,0.0,,0.0,1.0,1.0,,1.0,1.0,,1.0,1.0,0.0,0.0,1.0,,1.0,1.0,1.0,0.0,0.0,0.0,1.0,1.0,0.0,0.0,1.0,1.0,1.0,0.0,0.0,0.0,0.0,1.0,1.0,1.0,1.0,1.0,0.0,0.0,0.0,1.0,0.0,1.0,1.0,0.0,0.0,0.0,1.0,1.0,0.0,0.0,0.0,1.0,1.0,1.0,1.0,1.0,1.0,0.0,,0.0,1.0,1.0,1.0,0.0,1.0,1.0,1.0,1.0,1.0,1.0,,1.0,0.0,0.0,0.0,,,1.0,1.0,1.0,,0.0,,,,1.0,1.0,1.0,0.0,,0.0,0.0,,,0.0,1.0,0.0,0.0,0.0,,,1.0,,,,1.0,,,1.0,1.0,1.0,1.0,1.0,,1.0,0.0,1.0,1.0,1.0,,,,1.0,0.0,0.0,,1.0,,1.0,1.0,1.0,0.0,1.0,0.0,0.0,,0.0,1.0,1.0,0.0,0.0,0.0,0.0,1.0,,0.0,,1.0,,0.0,1.0,1.0,1.0,0.0,0.0,0.0,0.0,0.0,,,1.0,,1.0,,0.0,1.0,0.0,1.0,0.0,1.0,,1.0,0.0,1.0,,1.0,1.0,,,,,,,,1.0,1.0,1.0,1.0,1.0,,0.0,1.0,1.0,1.0,1.0,1.0,1.0,1.0,1.0,,0.0,0.0,0.0,0.0,,1.0,0.0,1.0,1.0,1.0,1.0,,1.0,,,1.0,1.0,1.0,,0.0,,1.0,1.0,1.0,,1.0,1.0,1.0,1.0,1.0,0.0,0.0,1.0,1.0,1.0,1.0,1.0,0.0,,1.0,,0.0,1.0,,,0.0,1.0,,0.0,0.0,1.0,0.0,1.0,,1.0,1.0,0.0,,1.0,0.0,0.0,1.0,1.0,0.0,1.0
Rodrigo Bethlem,,,,,,,,,,,,1.0,,,,,1.0,1.0,,,,,,,,,,,,,,,,,,,,,,,,,,1.0,,1.0,,,1.0,1.0,,,,1.0,,,,,,,,0.0,,,,,,,,,,,1.0,,,,,,0.0,0.0,1.0,,,,,,,,,,,,,,1.0,1.0,,,,,,,,,,,,,,,,,,,,,,,,,,,,0.0,0.0,1.0,1.0,0.0,,,,,,,,,,,,,,,,,0.0,0.0,0.0,1.0,1.0,,,,,,,0.0,,,,,,0.0,0.0,1.0,0.0,,,0.0,1.0,0.0,0.0,0.0,,,,0.0,,,,,,,0.0,0.0,,1.0,,,1.0,,,,1.0,,,,1.0,,,,,,,0.0,,1.0,0.0,1.0,,,,1.0,,,,,,,,,,,,,,,,,,,,,,,,,,,,,,,,,,,,,1.0,,,,,,,,,,,,,,,,,,,,,,,,,,,,,,,,,,,,,,,,,1.0,,1.0,,,,,,,,,,,1.0,,,,,,,,,,,1.0,1.0,,0.0,,,0.0,1.0,1.0,0.0,1.0,,1.0,,,,,,,,0.0,,0.0,0.0,,,,,,,1.0
Rodrigo Garcia,,,,,,,,,,,,,,,,,,1.0,,,,,,,,,,,,,,,,,,,,,,,,,,1.0,,1.0,,,,,,,,,,,,,,,,,0.0,0.0,,,,1.0,1.0,,,,,,,,,,1.0,1.0,0.0,,1.0,,,,,,,,,,,,,,,,,,,,,,,,,,,,,,,,,,,,,,,,,,,,,,,,,,,,,,,,,,,,,,,,,1.0,,,1.0,,,,,,,,,,,,,,,,,,,,,,,,,,,,,1.0,,,,,,1.0,1.0,,,,,,,,,,,,,,,,,1.0,1.0,1.0,1.0,1.0,1.0,1.0,1.0,,,,,,,,,,,,,,,,,,,,,,,,,,,,,,,,,,,,,,1.0,,,,,,,,,,,,,,,,,,,,,,,,,,,,,,,,,,,,,,,,,1.0,,1.0,,,,,,,,,,,1.0,,,,,,,,,,,,1.0,1.0,,,,1.0,0.0,0.0,1.0,1.0,0.0,1.0,,,,,0.0,0.0,1.0,1.0,0.0,0.0,0.0,1.0,0.0,,,1.0,0.0,1.0
Rodrigo Maia,1.0,1.0,1.0,1.0,1.0,1.0,1.0,0.0,1.0,1.0,1.0,1.0,1.0,0.0,1.0,1.0,1.0,,1.0,1.0,1.0,0.0,0.0,1.0,1.0,1.0,,0.0,1.0,1.0,0.0,,,0.0,1.0,1.0,0.0,,,,,,,1.0,1.0,1.0,1.0,1.0,1.0,1.0,0.0,,,1.0,,,1.0,1.0,,,,0.0,0.0,0.0,,,,1.0,1.0,1.0,1.0,,0.0,,,0.0,,,,,,,1.0,,0.0,0.0,0.0,0.0,1.0,,,,1.0,1.0,,,0.0,,,,0.0,,,,1.0,0.0,,,,0.0,1.0,0.0,1.0,1.0,1.0,,,,,,,,,,,,,,,,0.0,,,,,,,,0.0,1.0,1.0,1.0,1.0,1.0,,0.0,0.0,1.0,1.0,1.0,1.0,0.0,,1.0,1.0,,,1.0,1.0,1.0,,,,0.0,,,,,,,,,0.0,1.0,1.0,0.0,,,,1.0,,1.0,,,0.0,,,1.0,0.0,1.0,1.0,1.0,0.0,,1.0,1.0,,0.0,,0.0,1.0,,1.0,1.0,1.0,1.0,,,1.0,1.0,1.0,1.0,1.0,1.0,1.0,1.0,,,0.0,1.0,,1.0,0.0,,0.0,,,1.0,,,,,,1.0,,,,1.0,,,1.0,,1.0,1.0,1.0,1.0,1.0,,1.0,0.0,,1.0,0.0,1.0,1.0,1.0,,,,,1.0,1.0,1.0,1.0,1.0,0.0,,,0.0,0.0,1.0,1.0,1.0,1.0,1.0,1.0,1.0,0.0,,,,,,,,,,0.0,,1.0,0.0,1.0,,,,1.0,0.0,1.0,0.0,,,1.0,1.0,0.0,0.0,,1.0,1.0,,0.0,1.0,0.0,,1.0,,,,,0.0,1.0,0.0,0.0,1.0,1.0,0.0,,1.0,0.0,0.0,1.0,0.0,,1.0,0.0,,,,1.0,0.0,,,1.0,0.0,
Rodrigo de Castro,1.0,,,,1.0,,,1.0,1.0,1.0,1.0,1.0,1.0,,0.0,1.0,1.0,1.0,1.0,1.0,1.0,0.0,,,,1.0,1.0,1.0,,1.0,,0.0,1.0,,1.0,1.0,1.0,1.0,0.0,0.0,1.0,0.0,,1.0,1.0,1.0,1.0,,1.0,1.0,,,,,,,1.0,,,,,,0.0,0.0,,,,1.0,1.0,0.0,,1.0,,,,,,,1.0,1.0,,,1.0,0.0,0.0,,,0.0,1.0,,,,,,,,0.0,0.0,0.0,,,,,,0.0,1.0,,,1.0,0.0,,0.0,1.0,1.0,1.0,,,,,,,,,,1.0,,0.0,1.0,,,,0.0,0.0,0.0,0.0,0.0,,,,1.0,1.0,1.0,,,,,,1.0,1.0,1.0,1.0,0.0,,0.0,,,1.0,1.0,1.0,0.0,,,,0.0,,,1.0,,,,,,0.0,1.0,1.0,,,1.0,,1.0,0.0,,,,,1.0,1.0,,,1.0,1.0,,0.0,1.0,1.0,,,1.0,,,,1.0,,,,,,,,,,1.0,,1.0,1.0,0.0,,,1.0,,,,,,,,,,,,,,,1.0,,,,1.0,,,,,1.0,1.0,1.0,1.0,0.0,0.0,1.0,,1.0,1.0,0.0,,,1.0,,,,1.0,1.0,1.0,,,,,,,0.0,0.0,1.0,1.0,1.0,1.0,1.0,1.0,1.0,0.0,1.0,1.0,0.0,,0.0,,,,,1.0,,1.0,0.0,1.0,1.0,1.0,,1.0,,1.0,0.0,0.0,1.0,1.0,1.0,,1.0,,0.0,1.0,1.0,0.0,,1.0,1.0,1.0,1.0,1.0,,,1.0,1.0,0.0,0.0,,,0.0,1.0,1.0,,,1.0,0.0,0.0,1.0,1.0,1.0,,,,,1.0,1.0,1.0,0.0,1.0
Rogério Carvalho,1.0,1.0,0.0,0.0,1.0,,,1.0,1.0,1.0,1.0,,,,,,,,,1.0,,1.0,0.0,1.0,1.0,,1.0,1.0,0.0,0.0,0.0,1.0,1.0,1.0,1.0,1.0,,0.0,0.0,,0.0,1.0,,,,1.0,,,1.0,,1.0,,0.0,,1.0,0.0,,,,,,0.0,1.0,1.0,,0.0,0.0,,0.0,1.0,1.0,0.0,1.0,1.0,,,0.0,0.0,0.0,0.0,1.0,1.0,1.0,,,,1.0,1.0,1.0,,,,0.0,0.0,,1.0,,,0.0,1.0,1.0,,0.0,1.0,0.0,,,0.0,0.0,0.0,,1.0,,,,,,,,,,,,0.0,0.0,1.0,1.0,0.0,,,1.0,1.0,1.0,1.0,1.0,1.0,,1.0,,0.0,0.0,0.0,,,0.0,,1.0,,,,1.0,,,0.0,0.0,,,1.0,0.0,,,0.0,0.0,1.0,,,,0.0,,,0.0,0.0,0.0,0.0,1.0,0.0,0.0,,,1.0,1.0,,,,,,,,,0.0,1.0,1.0,,,0.0,,1.0,,0.0,0.0,1.0,,1.0,,0.0,,0.0,1.0,,,,,,0.0,0.0,0.0,1.0,1.0,,0.0,0.0,0.0,0.0,0.0,1.0,,,1.0,0.0,,,,,0.0,,0.0,0.0,0.0,1.0,1.0,,1.0,,,,,,,1.0,,,,1.0,0.0,1.0,1.0,,0.0,0.0,1.0,,1.0,1.0,,,,1.0,1.0,,,,,1.0,0.0,1.0,,,1.0,,0.0,0.0,0.0,0.0,0.0,1.0,0.0,1.0,1.0,1.0,1.0,,,1.0,1.0,0.0,1.0,,,,,0.0,0.0,,,,,,1.0,,,,,,,,,,0.0,,0.0,1.0,,,,,0.0,,,,,,,,,,,,,,,1.0,1.0,1.0,
Rogério Marinho,1.0,,1.0,1.0,0.0,,1.0,,1.0,,1.0,1.0,,,,,,,1.0,,,,0.0,1.0,,1.0,1.0,1.0,,,1.0,,,,1.0,1.0,,,,,,,,,,,1.0,1.0,,,,,,,,,,,,,,,,,,,,1.0,,,1.0,1.0,,0.0,1.0,0.0,,,1.0,1.0,0.0,,,0.0,0.0,0.0,0.0,0.0,,,,,1.0,1.0,,,,0.0,0.0,0.0,0.0,,,,,,,,,,,,,,,,,,,,0.0,,,,,,,1.0,,,,,,,,,,,,1.0,1.0,1.0,,,0.0,1.0,,,,,,,1.0,0.0,1.0,,,1.0,,0.0,,,,0.0,,,,,,,,,,,,,,,1.0,,,0.0,,,,,,,,,,,,,,,,,,,,,,,,,,,,,,,,,,,,,,,,,,,,,,,,,,,,,,,,,,,,,,,,,,,,,,,,,,,,,,,,,,,,,,,,,,,,,,,,,,,,,,,,,,,,,,,,,,,,,,,,,,,,,,,,,,,,,,,,,,,,,,,,,,,,,,,,,,,,,,,,,,
Rogério Peninha Mendonça,,1.0,1.0,1.0,0.0,0.0,,1.0,1.0,1.0,1.0,1.0,,0.0,,1.0,1.0,1.0,1.0,1.0,1.0,1.0,0.0,1.0,1.0,1.0,1.0,1.0,0.0,0.0,0.0,1.0,1.0,0.0,1.0,1.0,,,,,,,0.0,1.0,,1.0,1.0,,1.0,1.0,,,,1.0,0.0,,1.0,1.0,0.0,0.0,0.0,,,,,,,1.0,1.0,1.0,1.0,0.0,1.0,1.0,,1.0,0.0,,0.0,0.0,1.0,,,,,,,,,0.0,0.0,1.0,,,1.0,,0.0,0.0,,,1.0,0.0,0.0,1.0,0.0,1.0,0.0,,0.0,,1.0,,1.0,1.0,0.0,0.0,,,1.0,0.0,1.0,1.0,0.0,,0.0,1.0,1.0,0.0,0.0,0.0,1.0,1.0,1.0,1.0,1.0,1.0,0.0,1.0,1.0,0.0,0.0,0.0,0.0,1.0,1.0,1.0,1.0,1.0,1.0,0.0,1.0,0.0,0.0,1.0,0.0,0.0,1.0,1.0,0.0,,0.0,,,,1.0,1.0,0.0,,1.0,0.0,0.0,0.0,1.0,1.0,1.0,,,,1.0,1.0,1.0,1.0,0.0,0.0,,1.0,1.0,,1.0,1.0,,1.0,1.0,1.0,0.0,0.0,1.0,,0.0,,1.0,,1.0,0.0,1.0,1.0,0.0,1.0,1.0,1.0,1.0,1.0,0.0,0.0,0.0,0.0,1.0,1.0,1.0,1.0,1.0,1.0,1.0,,1.0,0.0,1.0,1.0,,,,,0.0,0.0,0.0,,1.0,0.0,1.0,,0.0,,1.0,0.0,1.0,0.0,0.0,0.0,1.0,1.0,1.0,0.0,0.0,0.0,1.0,1.0,,,,,1.0,1.0,1.0,1.0,1.0,0.0,,1.0,0.0,,0.0,1.0,,,,1.0,1.0,1.0,1.0,0.0,0.0,,0.0,0.0,1.0,0.0,1.0,1.0,1.0,1.0,,1.0,1.0,1.0,0.0,1.0,1.0,,1.0,0.0,1.0,1.0,1.0,,,,,0.0,,,,,,1.0,1.0,1.0,,0.0,,,1.0,,0.0,1.0,0.0,1.0,1.0,0.0,0.0,1.0,0.0,1.0,1.0,0.0,,0.0,0.0,1.0,,0.0,1.0,1.0,,1.0
Romanna Remor,,,,,,,,,,,,,,,,,,,,,,,0.0,1.0,1.0,1.0,,1.0,,0.0,0.0,,,,1.0,1.0,,,,,,,,,,,1.0,,,,,,,,,,,,,,,,,,,,,,,,,,,,,,,,,,,,,,,,,,,,,,,,,,,,,,,,,,,,,,,,,,,,,,0.0,,1.0,0.0,1.0,1.0,0.0,,,1.0,1.0,0.0,0.0,,1.0,1.0,1.0,1.0,1.0,1.0,,,,,,,,,,,,,,,,,,,,,,1.0,,,,,,,,,,,,,,,,,,,,,,,,,,,,,,,,,,,,,,,,,,,,,,,,,,,,,,,,,,,,,,,,,,,,,,,,,,,,,,,,,,,,,,,,,,,,,,,,,,,,,,,,,,,,,,,,,,,,,,,,,,,,,,,,,,,,,,,,,,,,,,,,,,,,,,,,,,,,,,,,,,,,,,,,,,,,,,,,,,,,,,,,,,
Romero Rodrigues,1.0,1.0,1.0,1.0,1.0,,1.0,,1.0,,1.0,,,,,,,,,,,,0.0,1.0,1.0,1.0,1.0,0.0,1.0,1.0,,,,0.0,1.0,1.0,,,,,,,,,,,1.0,1.0,,1.0,,,,,,,,1.0,,,,0.0,0.0,,,,,1.0,1.0,,,1.0,,0.0,1.0,0.0,,,1.0,1.0,0.0,,,,0.0,,,,,,,,,,,,0.0,0.0,0.0,0.0,0.0,,,,1.0,1.0,,,,,,0.0,,,1.0,,,,,,,0.0,1.0,,1.0,,0.0,1.0,,,0.0,0.0,0.0,,,,,,0.0,1.0,1.0,1.0,,,1.0,1.0,1.0,,,,,0.0,1.0,0.0,1.0,0.0,1.0,1.0,,0.0,,,0.0,0.0,,,,,,,,,,,,,,,1.0,,,0.0,,,,,,,,,,,,1.0,,,,,,,,,,,,,,,,,,,,,,,,,,,,,,,,,,,,,,,,,,,,,,,,,,,,,,,,,,,,,,,,,,,,,,,,,,,,,,,,,,,,,,,,,,,,,,,,,,,,,,,,,,,,,,,,,,,,,,,,,,,,,,,,,,,,,,,,,,,,,,,,,,,,,,
Romário,1.0,1.0,1.0,0.0,0.0,1.0,0.0,1.0,1.0,1.0,1.0,1.0,1.0,0.0,,1.0,1.0,,,,,,,0.0,0.0,0.0,1.0,0.0,,0.0,,,,0.0,1.0,1.0,1.0,0.0,0.0,0.0,0.0,1.0,0.0,1.0,1.0,1.0,1.0,1.0,1.0,1.0,1.0,0.0,0.0,1.0,1.0,1.0,1.0,,0.0,0.0,0.0,,,1.0,0.0,,0.0,1.0,0.0,1.0,1.0,0.0,0.0,1.0,0.0,1.0,0.0,0.0,0.0,0.0,1.0,1.0,1.0,,1.0,1.0,,1.0,1.0,,0.0,1.0,0.0,,,1.0,0.0,0.0,,1.0,1.0,0.0,0.0,1.0,,1.0,0.0,0.0,,0.0,1.0,,1.0,1.0,0.0,,0.0,,1.0,0.0,1.0,1.0,0.0,,,1.0,1.0,0.0,,0.0,1.0,1.0,,1.0,,,,,,0.0,0.0,0.0,,,,0.0,0.0,1.0,1.0,0.0,,,,0.0,0.0,0.0,1.0,1.0,1.0,,0.0,0.0,,,,1.0,,0.0,1.0,,0.0,,1.0,1.0,1.0,0.0,0.0,0.0,1.0,1.0,,1.0,0.0,0.0,1.0,,,1.0,1.0,1.0,1.0,,1.0,,,,1.0,,,,,0.0,,,,1.0,,,,,,1.0,,,1.0,0.0,1.0,1.0,0.0,,,,,,,0.0,,,,,,,0.0,,,0.0,,,1.0,,,1.0,1.0,0.0,1.0,,1.0,,1.0,0.0,1.0,0.0,1.0,0.0,,1.0,,,,1.0,1.0,,,,,,,1.0,,1.0,,1.0,,,,1.0,1.0,,1.0,,,,,0.0,1.0,,1.0,1.0,1.0,,0.0,1.0,,1.0,,1.0,1.0,,1.0,,0.0,0.0,1.0,0.0,0.0,1.0,1.0,1.0,,,0.0,,,,1.0,1.0,,0.0,,,0.0,,,,,1.0,,,0.0,1.0,,0.0,1.0,1.0,,,,1.0,1.0,,1.0,,0.0,
Ronaldo Benedet,1.0,1.0,1.0,1.0,0.0,0.0,0.0,1.0,1.0,1.0,,1.0,1.0,0.0,1.0,1.0,1.0,1.0,,1.0,1.0,1.0,0.0,1.0,1.0,1.0,1.0,1.0,,0.0,0.0,1.0,1.0,0.0,1.0,1.0,,1.0,,,,,0.0,1.0,,1.0,1.0,1.0,1.0,1.0,1.0,0.0,0.0,1.0,,1.0,1.0,1.0,0.0,0.0,0.0,0.0,,,0.0,0.0,0.0,1.0,1.0,,1.0,0.0,1.0,1.0,0.0,1.0,0.0,,0.0,0.0,1.0,1.0,1.0,1.0,,1.0,1.0,,,,0.0,1.0,0.0,0.0,1.0,,0.0,0.0,0.0,,1.0,0.0,0.0,1.0,0.0,1.0,0.0,0.0,0.0,0.0,1.0,1.0,1.0,1.0,0.0,0.0,,0.0,1.0,0.0,1.0,1.0,0.0,,0.0,1.0,1.0,0.0,0.0,,1.0,1.0,1.0,1.0,1.0,1.0,0.0,1.0,1.0,0.0,0.0,0.0,0.0,1.0,0.0,1.0,1.0,1.0,1.0,0.0,1.0,,0.0,1.0,0.0,,1.0,,0.0,,0.0,0.0,0.0,1.0,1.0,1.0,,0.0,1.0,0.0,0.0,0.0,0.0,0.0,0.0,0.0,0.0,0.0,1.0,1.0,1.0,1.0,0.0,0.0,,1.0,1.0,1.0,,1.0,1.0,1.0,0.0,1.0,0.0,0.0,1.0,0.0,0.0,,1.0,,1.0,1.0,1.0,1.0,0.0,1.0,1.0,1.0,1.0,1.0,,,0.0,0.0,1.0,1.0,1.0,1.0,1.0,1.0,1.0,0.0,1.0,0.0,,1.0,0.0,,,1.0,0.0,0.0,,,1.0,0.0,1.0,1.0,0.0,1.0,1.0,0.0,1.0,,0.0,,1.0,1.0,1.0,0.0,0.0,,1.0,1.0,0.0,0.0,,,1.0,,1.0,1.0,1.0,0.0,1.0,1.0,,,,0.0,1.0,1.0,1.0,1.0,1.0,0.0,1.0,0.0,0.0,,,,,0.0,,1.0,1.0,1.0,0.0,1.0,1.0,1.0,0.0,1.0,1.0,1.0,1.0,0.0,1.0,1.0,1.0,,1.0,,,1.0,1.0,1.0,0.0,1.0,1.0,1.0,1.0,1.0,0.0,0.0,1.0,0.0,1.0,1.0,0.0,1.0,0.0,1.0,1.0,0.0,,1.0,0.0,1.0,1.0,1.0,0.0,0.0,0.0,1.0,,0.0,1.0,1.0,0.0,1.0
Ronaldo Caiado,1.0,,1.0,1.0,0.0,0.0,,0.0,1.0,1.0,1.0,,1.0,,,,1.0,1.0,1.0,1.0,1.0,0.0,0.0,1.0,1.0,1.0,0.0,0.0,1.0,1.0,0.0,1.0,1.0,0.0,1.0,1.0,1.0,,,0.0,,,,1.0,,1.0,1.0,1.0,1.0,1.0,0.0,,,1.0,,,1.0,,,,,,0.0,0.0,,,,1.0,1.0,0.0,1.0,,1.0,0.0,1.0,,,,1.0,1.0,0.0,,,1.0,0.0,0.0,,0.0,,,,,1.0,1.0,,,,,,0.0,0.0,,,,1.0,,,,1.0,0.0,1.0,0.0,1.0,1.0,1.0,,,1.0,,,0.0,0.0,1.0,,1.0,0.0,0.0,1.0,,,0.0,,,,,,1.0,,0.0,,1.0,1.0,1.0,1.0,1.0,1.0,1.0,,1.0,1.0,1.0,0.0,1.0,1.0,1.0,,1.0,1.0,,1.0,,,,0.0,,0.0,,,,,,,,,,,,,1.0,1.0,0.0,1.0,,1.0,,1.0,1.0,1.0,,1.0,1.0,1.0,0.0,1.0,1.0,1.0,,0.0,0.0,0.0,1.0,,,1.0,1.0,1.0,,1.0,,,1.0,,1.0,1.0,1.0,1.0,,,1.0,,,1.0,0.0,,,,,,,,,,,1.0,,,,1.0,1.0,0.0,,,0.0,1.0,1.0,1.0,1.0,,1.0,,,1.0,,,1.0,1.0,0.0,,1.0,,,1.0,1.0,1.0,1.0,0.0,1.0,1.0,,,,,1.0,1.0,1.0,,,0.0,1.0,1.0,0.0,,,,,,,0.0,,1.0,0.0,,,,,1.0,0.0,1.0,0.0,,,1.0,,,,1.0,,1.0,1.0,0.0,,0.0,1.0,1.0,0.0,0.0,,,1.0,1.0,0.0,,1.0,1.0,,,,,0.0,1.0,0.0,,1.0,1.0,,,0.0,,1.0,,1.0,1.0,0.0,1.0
Ronaldo Fonseca,1.0,1.0,1.0,0.0,,0.0,1.0,0.0,1.0,1.0,1.0,1.0,1.0,0.0,,1.0,,1.0,,1.0,1.0,1.0,1.0,1.0,0.0,,1.0,0.0,0.0,0.0,0.0,1.0,1.0,0.0,,1.0,1.0,0.0,,,,0.0,,1.0,1.0,,1.0,1.0,,,1.0,0.0,0.0,1.0,,1.0,1.0,1.0,0.0,,0.0,0.0,1.0,,0.0,0.0,,1.0,0.0,1.0,1.0,0.0,1.0,1.0,0.0,1.0,0.0,0.0,0.0,0.0,1.0,1.0,1.0,,1.0,1.0,1.0,1.0,1.0,,0.0,1.0,0.0,0.0,,,0.0,0.0,0.0,0.0,0.0,0.0,,1.0,1.0,0.0,0.0,0.0,,0.0,,1.0,1.0,1.0,0.0,0.0,0.0,0.0,1.0,0.0,1.0,1.0,0.0,0.0,0.0,,1.0,0.0,0.0,0.0,,,,1.0,1.0,1.0,0.0,0.0,,0.0,1.0,1.0,0.0,1.0,,,,,,1.0,1.0,1.0,1.0,1.0,0.0,,,,1.0,1.0,0.0,,,,,,0.0,,1.0,0.0,0.0,0.0,0.0,1.0,1.0,0.0,,1.0,1.0,1.0,1.0,1.0,0.0,1.0,1.0,1.0,1.0,,,,,1.0,0.0,,,0.0,1.0,0.0,0.0,0.0,1.0,0.0,1.0,0.0,1.0,1.0,,,1.0,1.0,1.0,1.0,0.0,0.0,0.0,1.0,1.0,1.0,0.0,0.0,0.0,0.0,1.0,,1.0,0.0,,1.0,0.0,0.0,1.0,1.0,,0.0,,0.0,0.0,1.0,1.0,1.0,0.0,1.0,,0.0,1.0,,,0.0,1.0,0.0,1.0,,,0.0,1.0,1.0,0.0,,0.0,1.0,1.0,,,1.0,1.0,0.0,1.0,,0.0,,1.0,1.0,1.0,0.0,1.0,1.0,1.0,,,,0.0,,,0.0,1.0,0.0,1.0,,1.0,1.0,,1.0,,,0.0,1.0,1.0,,1.0,,0.0,0.0,,1.0,,0.0,1.0,,1.0,,0.0,1.0,1.0,1.0,0.0,,,0.0,,,1.0,1.0,0.0,0.0,,0.0,1.0,,,,,1.0,1.0,0.0,0.0,0.0,0.0,1.0,1.0,0.0,1.0,1.0,,1.0
Ronaldo Nogueira,1.0,1.0,1.0,1.0,0.0,0.0,0.0,1.0,1.0,1.0,1.0,1.0,,,1.0,1.0,,,1.0,1.0,1.0,1.0,0.0,1.0,1.0,1.0,1.0,1.0,0.0,0.0,0.0,1.0,1.0,0.0,1.0,1.0,1.0,1.0,,1.0,0.0,0.0,0.0,,,,1.0,1.0,1.0,1.0,1.0,0.0,0.0,1.0,0.0,1.0,,1.0,0.0,0.0,0.0,0.0,1.0,1.0,0.0,0.0,0.0,1.0,0.0,1.0,1.0,0.0,,1.0,0.0,1.0,0.0,0.0,0.0,0.0,,1.0,,1.0,1.0,1.0,1.0,1.0,1.0,0.0,0.0,1.0,0.0,0.0,0.0,0.0,0.0,0.0,0.0,1.0,1.0,0.0,0.0,1.0,0.0,1.0,0.0,0.0,0.0,0.0,,1.0,1.0,1.0,0.0,,0.0,0.0,1.0,0.0,1.0,1.0,0.0,0.0,0.0,1.0,1.0,0.0,0.0,0.0,1.0,1.0,1.0,1.0,,1.0,0.0,0.0,1.0,0.0,,,0.0,1.0,1.0,1.0,1.0,,,,,0.0,1.0,0.0,0.0,0.0,1.0,1.0,1.0,,0.0,0.0,0.0,0.0,1.0,1.0,,0.0,1.0,0.0,0.0,0.0,1.0,0.0,0.0,0.0,0.0,0.0,1.0,,1.0,1.0,0.0,1.0,1.0,,,,0.0,1.0,1.0,1.0,0.0,,,1.0,1.0,,0.0,,1.0,,,,,,,,,,,,1.0,1.0,1.0,1.0,1.0,,0.0,1.0,1.0,1.0,0.0,,1.0,0.0,1.0,1.0,0.0,1.0,1.0,1.0,0.0,0.0,0.0,0.0,1.0,1.0,,1.0,0.0,1.0,1.0,0.0,1.0,,,,,1.0,1.0,,1.0,0.0,1.0,1.0,,,0.0,,1.0,,1.0,1.0,1.0,0.0,1.0,1.0,0.0,1.0,0.0,0.0,1.0,1.0,0.0,1.0,1.0,0.0,,0.0,0.0,0.0,0.0,0.0,1.0,0.0,1.0,1.0,,,0.0,,1.0,1.0,0.0,1.0,1.0,,1.0,0.0,1.0,1.0,,,,,,,,,,,,,,,,,1.0,,,,,,,,1.0,0.0,0.0,1.0,,,,,,,,,,,,,,
Ronaldo Zulke,1.0,1.0,1.0,0.0,1.0,1.0,0.0,,1.0,1.0,1.0,1.0,1.0,,0.0,0.0,0.0,1.0,,0.0,,,0.0,1.0,1.0,1.0,1.0,1.0,,0.0,0.0,1.0,,1.0,1.0,1.0,,0.0,0.0,,,1.0,,1.0,1.0,,1.0,1.0,,,1.0,0.0,0.0,1.0,,,,1.0,,,0.0,,1.0,1.0,0.0,0.0,0.0,,,,1.0,0.0,,1.0,0.0,1.0,0.0,0.0,0.0,0.0,1.0,1.0,1.0,,,,,,,,,1.0,,0.0,,1.0,,0.0,0.0,1.0,1.0,0.0,0.0,,0.0,1.0,0.0,0.0,0.0,0.0,1.0,,,1.0,,0.0,0.0,0.0,1.0,0.0,1.0,1.0,0.0,0.0,0.0,1.0,1.0,0.0,0.0,0.0,1.0,1.0,1.0,1.0,1.0,1.0,,,,0.0,0.0,0.0,0.0,1.0,,,,1.0,,0.0,1.0,0.0,0.0,,,,1.0,1.0,0.0,,0.0,0.0,0.0,1.0,,,0.0,0.0,1.0,,,,1.0,0.0,0.0,,0.0,0.0,,1.0,,0.0,,0.0,1.0,1.0,,1.0,,0.0,1.0,1.0,,0.0,,,,0.0,0.0,0.0,1.0,0.0,,,,1.0,0.0,1.0,1.0,1.0,0.0,1.0,0.0,0.0,0.0,0.0,1.0,,0.0,0.0,0.0,0.0,0.0,0.0,,0.0,1.0,1.0,0.0,1.0,1.0,1.0,0.0,0.0,0.0,0.0,0.0,0.0,,,,,1.0,0.0,0.0,0.0,,0.0,0.0,,,0.0,,,,,0.0,0.0,0.0,1.0,1.0,1.0,1.0,1.0,1.0,0.0,,1.0,0.0,1.0,0.0,1.0,1.0,1.0,1.0,1.0,1.0,1.0,,0.0,0.0,0.0,0.0,0.0,1.0,0.0,1.0,,,1.0,,1.0,1.0,1.0,0.0,1.0,1.0,0.0,1.0,,0.0,0.0,1.0,0.0,,,1.0,,,,,,,1.0,,,,,0.0,,,,0.0,1.0,,0.0,1.0,1.0,,,,1.0,1.0,1.0,,,,0.0,0.0,0.0,1.0,1.0,1.0,
Rosane Ferreira,1.0,1.0,0.0,0.0,1.0,1.0,,1.0,1.0,1.0,1.0,1.0,1.0,1.0,0.0,1.0,1.0,1.0,,1.0,1.0,0.0,,1.0,1.0,1.0,1.0,1.0,0.0,0.0,0.0,1.0,1.0,1.0,1.0,1.0,1.0,0.0,0.0,0.0,,1.0,0.0,1.0,1.0,1.0,1.0,1.0,1.0,1.0,1.0,0.0,0.0,1.0,1.0,1.0,1.0,1.0,,,,0.0,0.0,0.0,,,,1.0,,0.0,0.0,0.0,,0.0,1.0,0.0,0.0,0.0,0.0,,0.0,1.0,0.0,1.0,1.0,1.0,1.0,1.0,1.0,0.0,0.0,1.0,1.0,1.0,1.0,1.0,0.0,0.0,0.0,1.0,1.0,0.0,0.0,1.0,0.0,1.0,0.0,0.0,0.0,0.0,1.0,1.0,1.0,1.0,,,0.0,0.0,1.0,0.0,1.0,1.0,0.0,0.0,0.0,1.0,1.0,0.0,0.0,0.0,1.0,1.0,1.0,1.0,1.0,1.0,0.0,0.0,,1.0,1.0,1.0,0.0,1.0,1.0,1.0,1.0,1.0,,,1.0,0.0,,0.0,0.0,0.0,1.0,1.0,1.0,0.0,,,,1.0,1.0,1.0,0.0,0.0,1.0,0.0,0.0,0.0,0.0,1.0,1.0,0.0,0.0,1.0,0.0,1.0,1.0,1.0,,0.0,1.0,1.0,1.0,0.0,0.0,1.0,1.0,,0.0,1.0,0.0,,,1.0,1.0,,,0.0,,0.0,0.0,,,1.0,1.0,,0.0,1.0,1.0,1.0,1.0,0.0,1.0,1.0,,0.0,0.0,1.0,1.0,0.0,0.0,0.0,,1.0,0.0,1.0,0.0,1.0,0.0,,0.0,,0.0,1.0,1.0,1.0,0.0,,,,,,,,1.0,,1.0,0.0,,0.0,1.0,1.0,0.0,0.0,0.0,1.0,1.0,,,1.0,1.0,1.0,1.0,1.0,0.0,,1.0,1.0,1.0,1.0,1.0,1.0,1.0,1.0,,0.0,0.0,0.0,0.0,,1.0,0.0,1.0,1.0,1.0,1.0,0.0,,1.0,1.0,1.0,1.0,1.0,,,,0.0,0.0,1.0,0.0,0.0,1.0,1.0,1.0,1.0,0.0,0.0,1.0,1.0,1.0,1.0,1.0,,,1.0,,,1.0,0.0,,,1.0,1.0,0.0,0.0,1.0,0.0,0.0,1.0,1.0,0.0,0.0,0.0,0.0,0.0,0.0,1.0,1.0,1.0,1.0
Rose de Freitas,,1.0,1.0,,0.0,0.0,,1.0,1.0,1.0,1.0,1.0,1.0,,1.0,,1.0,1.0,1.0,1.0,1.0,1.0,0.0,1.0,1.0,1.0,1.0,1.0,0.0,0.0,0.0,1.0,,0.0,,1.0,,,,,,,0.0,1.0,1.0,,1.0,1.0,,1.0,,0.0,,,,,,1.0,,,,,,,,0.0,0.0,,,,1.0,,1.0,1.0,,1.0,,,0.0,0.0,1.0,1.0,1.0,1.0,,1.0,,,,,,,,,,1.0,,,,,1.0,0.0,,,1.0,1.0,,,,,,,,1.0,,,0.0,,,0.0,1.0,1.0,0.0,0.0,,1.0,1.0,,,,1.0,1.0,1.0,,1.0,1.0,,,0.0,,1.0,0.0,0.0,1.0,0.0,0.0,0.0,1.0,,0.0,,1.0,1.0,,,,,1.0,,1.0,,,0.0,,,,0.0,0.0,,,,,0.0,1.0,1.0,,0.0,,1.0,,,,0.0,,0.0,1.0,1.0,1.0,,1.0,1.0,1.0,0.0,,,1.0,1.0,0.0,0.0,0.0,1.0,,,1.0,1.0,1.0,0.0,1.0,1.0,1.0,1.0,1.0,,0.0,1.0,0.0,1.0,1.0,1.0,1.0,,,,,,,1.0,,0.0,1.0,1.0,1.0,0.0,0.0,0.0,,0.0,,,,,1.0,,,,0.0,0.0,,1.0,,1.0,,,,,1.0,,,,,,1.0,1.0,,,,,,,,,,,,,,,,,1.0,0.0,0.0,,0.0,1.0,0.0,1.0,1.0,1.0,1.0,,,1.0,1.0,,1.0,1.0,,1.0,,1.0,1.0,1.0,0.0,0.0,1.0,1.0,1.0,,1.0,,1.0,,1.0,1.0,1.0,,,,,1.0,,,,,,,,,1.0,,,1.0,1.0,1.0,,,1.0,1.0,,,,,1.0
Rosinha da Adefal,1.0,1.0,,,1.0,0.0,1.0,,0.0,1.0,1.0,,1.0,,1.0,,1.0,,1.0,1.0,1.0,,0.0,1.0,0.0,1.0,1.0,,,,,0.0,,0.0,1.0,,1.0,0.0,0.0,,0.0,0.0,,,1.0,,1.0,1.0,1.0,1.0,1.0,0.0,0.0,,,,1.0,1.0,0.0,0.0,0.0,,,1.0,0.0,,0.0,,0.0,,1.0,,1.0,,0.0,,,,0.0,0.0,1.0,1.0,1.0,1.0,,1.0,1.0,1.0,1.0,0.0,,,,0.0,,,0.0,0.0,0.0,0.0,,1.0,,0.0,1.0,1.0,,,,0.0,1.0,,,,0.0,,,,,,,,,,,,,,0.0,0.0,1.0,1.0,1.0,1.0,1.0,1.0,,0.0,,,,,0.0,1.0,,,,1.0,1.0,,1.0,1.0,1.0,1.0,0.0,,,1.0,1.0,1.0,0.0,,0.0,1.0,,1.0,0.0,,1.0,,,,0.0,1.0,1.0,,,,1.0,1.0,1.0,1.0,0.0,,0.0,1.0,1.0,1.0,,1.0,1.0,1.0,,1.0,,,1.0,,1.0,,,,,0.0,0.0,1.0,1.0,1.0,1.0,1.0,0.0,1.0,,0.0,0.0,1.0,1.0,1.0,0.0,0.0,,,,0.0,1.0,,,,0.0,0.0,,,,0.0,,,0.0,,,,,1.0,,,,,,,1.0,,1.0,,,0.0,1.0,1.0,0.0,,0.0,1.0,,1.0,0.0,0.0,0.0,1.0,,,0.0,1.0,1.0,1.0,1.0,0.0,1.0,1.0,,0.0,,0.0,,,0.0,0.0,1.0,0.0,,,1.0,1.0,,,1.0,1.0,,1.0,,,,,,1.0,,0.0,,,1.0,,,1.0,,,,1.0,1.0,1.0,,0.0,1.0,,,,,,,1.0,1.0,,,,1.0,,1.0,1.0,1.0,0.0,0.0,1.0,0.0,0.0,,,,1.0
Rubens Bueno,1.0,1.0,1.0,1.0,1.0,1.0,1.0,0.0,1.0,1.0,1.0,1.0,1.0,0.0,1.0,1.0,1.0,1.0,1.0,1.0,1.0,0.0,0.0,1.0,1.0,1.0,1.0,0.0,0.0,1.0,1.0,1.0,1.0,0.0,1.0,1.0,1.0,0.0,0.0,0.0,0.0,0.0,0.0,1.0,1.0,1.0,1.0,1.0,1.0,1.0,1.0,0.0,,0.0,0.0,0.0,1.0,1.0,,,,0.0,,0.0,,,,,,0.0,1.0,0.0,0.0,0.0,1.0,0.0,,,1.0,1.0,0.0,1.0,0.0,1.0,0.0,0.0,0.0,0.0,1.0,,,0.0,1.0,1.0,0.0,0.0,0.0,0.0,0.0,0.0,0.0,,,,1.0,1.0,0.0,0.0,1.0,0.0,0.0,0.0,1.0,1.0,1.0,,,,,,,0.0,1.0,,,,,1.0,,,0.0,0.0,0.0,0.0,0.0,0.0,,0.0,0.0,1.0,1.0,1.0,1.0,1.0,0.0,1.0,1.0,1.0,1.0,1.0,1.0,0.0,0.0,0.0,1.0,0.0,1.0,1.0,1.0,0.0,1.0,,,0.0,1.0,1.0,1.0,,1.0,,,,,,1.0,0.0,,1.0,1.0,1.0,0.0,0.0,,0.0,1.0,1.0,1.0,1.0,0.0,1.0,1.0,1.0,0.0,1.0,1.0,,1.0,1.0,,,,1.0,,1.0,1.0,1.0,1.0,1.0,1.0,1.0,0.0,1.0,1.0,1.0,1.0,1.0,1.0,1.0,0.0,1.0,,1.0,1.0,,0.0,1.0,,,,,,,,1.0,,1.0,1.0,1.0,0.0,0.0,1.0,0.0,1.0,1.0,1.0,1.0,1.0,0.0,1.0,1.0,,1.0,0.0,1.0,1.0,1.0,0.0,,,0.0,,1.0,0.0,1.0,1.0,1.0,1.0,1.0,0.0,,1.0,1.0,1.0,1.0,1.0,1.0,1.0,0.0,1.0,,,,,,,,0.0,1.0,1.0,1.0,0.0,1.0,1.0,1.0,,1.0,1.0,1.0,0.0,0.0,1.0,1.0,1.0,0.0,0.0,1.0,1.0,1.0,0.0,0.0,,0.0,0.0,1.0,1.0,1.0,,,1.0,1.0,0.0,0.0,1.0,1.0,0.0,1.0,1.0,0.0,0.0,1.0,1.0,0.0,1.0,1.0,1.0,0.0,0.0,1.0,0.0,,1.0,1.0,0.0,1.0
Rubens Otoni,,,,0.0,1.0,1.0,,,,1.0,1.0,,1.0,,,,,,,,1.0,1.0,,,,,,,0.0,0.0,0.0,,,,,1.0,,,,,,,,,,1.0,,1.0,1.0,,1.0,0.0,0.0,,1.0,,1.0,,,,,,1.0,1.0,0.0,0.0,0.0,,0.0,,,0.0,,1.0,0.0,1.0,0.0,,0.0,,,1.0,,1.0,1.0,1.0,1.0,1.0,1.0,0.0,0.0,1.0,0.0,0.0,,1.0,0.0,0.0,0.0,1.0,,0.0,0.0,1.0,0.0,1.0,,,,,,,,,,,,,1.0,0.0,1.0,1.0,0.0,,0.0,1.0,1.0,0.0,,0.0,1.0,1.0,1.0,1.0,1.0,1.0,,1.0,,,0.0,0.0,,,,,,,,,1.0,,,0.0,0.0,0.0,1.0,,0.0,,,,,,,,,0.0,1.0,,,,,,,0.0,0.0,0.0,,,,,,,,,,,,1.0,1.0,,,,,,,,0.0,0.0,1.0,,,,,,,,,,,1.0,,,,0.0,,,,,,,,0.0,,0.0,1.0,1.0,0.0,1.0,,,0.0,,,0.0,0.0,,1.0,,0.0,,1.0,0.0,1.0,0.0,,,1.0,,,,1.0,0.0,,1.0,,,,,,1.0,,,,,,,,,,,,,,,,1.0,1.0,,0.0,,,,,,,,,,,,,1.0,,,,,,,0.0,,,0.0,,,1.0,,0.0,,,,0.0,,,,,,1.0,0.0,1.0,,,,,,,,,,,,,,,,,,,,,,,1.0
Rui Costa,,,1.0,0.0,,,0.0,,,,,,,,,,0.0,,,,,,,1.0,1.0,,,,,,,,,1.0,1.0,,,,,,,,,,,,1.0,,,,1.0,0.0,0.0,,,,,1.0,0.0,0.0,0.0,0.0,1.0,1.0,0.0,0.0,0.0,,0.0,1.0,1.0,0.0,1.0,1.0,0.0,1.0,0.0,0.0,0.0,0.0,1.0,1.0,1.0,,1.0,1.0,1.0,1.0,1.0,0.0,0.0,1.0,0.0,0.0,,,0.0,0.0,0.0,1.0,1.0,0.0,0.0,1.0,0.0,1.0,0.0,0.0,0.0,,,1.0,,,0.0,0.0,0.0,0.0,1.0,0.0,1.0,1.0,0.0,0.0,0.0,1.0,1.0,0.0,0.0,0.0,1.0,1.0,1.0,1.0,1.0,1.0,0.0,0.0,1.0,0.0,,,,,,,,1.0,,,,,,,,,,0.0,,,,,,,,,,,,,,,,,,,,,,1.0,,,,,,,,,,,,,,,,,,,,,,,,0.0,0.0,1.0,0.0,1.0,1.0,1.0,0.0,1.0,,,,,,,,,,,,,,,,,,,,,,,,,,,,,,,,,,,,,,,,,,,,,,,,,,,,,,,,,,,,,,,,,,,,,,,,,,,,,,,,,,,,,,,,,,,,,,,,,,0.0,,,,0.0,,,0.0,0.0,,,,1.0,,,0.0,,,,,,0.0,1.0,,,,,,,,,,1.0,,
Rui Palmeira,,1.0,1.0,1.0,1.0,1.0,,,1.0,,1.0,,,,,,,,,,,,0.0,1.0,1.0,1.0,,1.0,,1.0,1.0,,,0.0,1.0,1.0,,,,,,,,,,,1.0,1.0,,,0.0,,,1.0,,,,1.0,,,,,,0.0,,,,1.0,1.0,,1.0,1.0,,0.0,1.0,0.0,,,1.0,1.0,,,,,,0.0,0.0,,,,,0.0,1.0,1.0,,0.0,0.0,0.0,0.0,0.0,0.0,,,,1.0,1.0,,,1.0,,1.0,,,,,,,,,,,,,,,0.0,0.0,1.0,,,0.0,0.0,0.0,0.0,0.0,0.0,,0.0,0.0,1.0,1.0,1.0,,,,,1.0,,,,,,1.0,0.0,1.0,,,1.0,1.0,,,,,,,,,,,,,,,,,,,,1.0,,,0.0,,,,,,,,,,,,,,,,,,,,,,,,,,,,,,,,,,,,,,,,,,,,,,,,,,,,,,,,,,,,,,,,,,,,,,,,,,,,,,,,,,,,,,,,,,,,,,,,,,,,,,,,,,,,,,,,,,,,,,,,,,,,,,,,,,,,,,,,,,,,,,,,,,,,,,,,,,,,,,,,,,
Ruy Carneiro,1.0,1.0,1.0,1.0,1.0,,,,1.0,1.0,,,1.0,,,1.0,1.0,1.0,,1.0,1.0,,0.0,1.0,,1.0,1.0,,,,,1.0,1.0,0.0,1.0,1.0,1.0,0.0,,,,,,,1.0,1.0,1.0,1.0,,,,,,1.0,,,1.0,1.0,,,1.0,,0.0,0.0,,,,1.0,,0.0,1.0,1.0,1.0,,1.0,,,,1.0,1.0,0.0,,1.0,1.0,,,,,,,,0.0,1.0,1.0,,,,0.0,0.0,,0.0,,,,1.0,,,,1.0,0.0,1.0,,1.0,,,,,,,,,,,,,,0.0,1.0,,1.0,,0.0,,,,,,,,1.0,1.0,1.0,1.0,,,,,1.0,1.0,1.0,1.0,,1.0,1.0,1.0,,,,1.0,,,,,0.0,,,,,,,,,0.0,1.0,,,,,1.0,1.0,0.0,0.0,,,,1.0,1.0,1.0,,1.0,1.0,,,,,,,,,,,,,,1.0,1.0,1.0,1.0,,,,1.0,1.0,1.0,1.0,,,,1.0,,,,,,,,,,,,,,,,,,,1.0,0.0,0.0,1.0,,,,1.0,0.0,0.0,0.0,1.0,0.0,1.0,,0.0,1.0,1.0,,0.0,,,1.0,1.0,1.0,,0.0,,1.0,1.0,,,0.0,1.0,1.0,1.0,0.0,1.0,1.0,1.0,0.0,,,0.0,,0.0,0.0,1.0,,,1.0,1.0,,0.0,1.0,1.0,1.0,,1.0,,1.0,0.0,0.0,1.0,1.0,1.0,0.0,0.0,1.0,1.0,1.0,,0.0,,1.0,,1.0,1.0,,,,,1.0,,0.0,,,0.0,1.0,1.0,0.0,,,,,1.0,1.0,1.0,,0.0,1.0,,,1.0,1.0,0.0,
Sabino Castelo Branco,,,1.0,1.0,,0.0,,,1.0,,,,,,,1.0,,,1.0,1.0,,,,0.0,0.0,,,,,,,1.0,1.0,,,1.0,,,,,,,,,1.0,,1.0,1.0,1.0,,,0.0,0.0,1.0,,1.0,1.0,,,,,0.0,1.0,1.0,,0.0,0.0,1.0,,,1.0,,,,,,0.0,0.0,0.0,0.0,0.0,1.0,1.0,1.0,,,1.0,1.0,1.0,,0.0,1.0,,,1.0,,0.0,0.0,0.0,,,,0.0,1.0,,,0.0,0.0,0.0,,,,,,,1.0,,1.0,0.0,1.0,0.0,0.0,1.0,1.0,1.0,1.0,,0.0,,,,1.0,1.0,1.0,1.0,1.0,1.0,1.0,1.0,1.0,0.0,1.0,0.0,1.0,1.0,,1.0,1.0,,1.0,,,1.0,1.0,0.0,,,,,,0.0,,0.0,,,1.0,,,,,,,0.0,1.0,1.0,,,,,,1.0,1.0,,,,,,1.0,,1.0,1.0,1.0,1.0,,,,,,,,,,,1.0,1.0,1.0,1.0,,,,1.0,1.0,,1.0,1.0,1.0,,,,0.0,1.0,,,,,,,,0.0,1.0,1.0,1.0,0.0,,,,0.0,,,1.0,,1.0,,,,,,,,1.0,1.0,,1.0,,,1.0,,,,,,,,,1.0,1.0,1.0,,0.0,,0.0,1.0,,,,,,0.0,,,,,,,,,,,,,,,,,,1.0,,,,,,,,1.0,,,0.0,,,,,,,,,1.0,0.0,,,0.0,1.0,,,,,1.0,,,,1.0,,,,,,,,,,,,,0.0,
Salvador Zimbaldi,1.0,1.0,1.0,0.0,0.0,1.0,,1.0,1.0,1.0,1.0,1.0,,0.0,1.0,,1.0,,1.0,1.0,1.0,0.0,0.0,1.0,0.0,1.0,1.0,0.0,0.0,1.0,0.0,1.0,1.0,,,1.0,,0.0,,,,,0.0,,,1.0,1.0,1.0,1.0,,1.0,0.0,0.0,1.0,1.0,,1.0,1.0,0.0,0.0,0.0,,,1.0,0.0,0.0,0.0,,0.0,1.0,1.0,0.0,0.0,1.0,0.0,1.0,0.0,0.0,0.0,1.0,1.0,1.0,,,,1.0,1.0,1.0,1.0,,0.0,1.0,0.0,0.0,1.0,1.0,,0.0,0.0,0.0,1.0,,,,1.0,,0.0,0.0,0.0,0.0,,1.0,1.0,,0.0,0.0,,0.0,0.0,0.0,1.0,1.0,0.0,,,1.0,1.0,0.0,0.0,0.0,1.0,,1.0,1.0,1.0,1.0,0.0,0.0,0.0,0.0,0.0,0.0,0.0,,0.0,1.0,1.0,1.0,,1.0,1.0,0.0,,0.0,0.0,,,,,1.0,0.0,0.0,0.0,1.0,1.0,1.0,0.0,0.0,1.0,0.0,0.0,,,1.0,1.0,,,0.0,,,0.0,1.0,0.0,0.0,1.0,,,1.0,,1.0,1.0,1.0,,,,,,0.0,0.0,0.0,1.0,,,1.0,1.0,1.0,0.0,1.0,,,,1.0,0.0,1.0,0.0,0.0,1.0,,0.0,0.0,0.0,0.0,0.0,0.0,0.0,0.0,1.0,,0.0,0.0,1.0,1.0,0.0,1.0,0.0,0.0,0.0,,0.0,0.0,0.0,1.0,,,0.0,0.0,0.0,0.0,1.0,,1.0,0.0,1.0,,1.0,1.0,0.0,0.0,,1.0,1.0,1.0,1.0,1.0,1.0,1.0,1.0,,0.0,,,,1.0,1.0,,1.0,,0.0,1.0,,0.0,,,0.0,1.0,0.0,1.0,1.0,,,0.0,,,1.0,0.0,1.0,1.0,1.0,,,0.0,,,,0.0,,1.0,,1.0,,0.0,,1.0,1.0,1.0,1.0,0.0,0.0,,0.0,1.0,,,,1.0,0.0,,0.0,,,,,1.0,1.0,,,,1.0,,,1.0,,,1.0
Sandes Júnior,1.0,1.0,1.0,0.0,0.0,0.0,0.0,,,1.0,,1.0,,,,1.0,,,1.0,1.0,1.0,,0.0,1.0,,1.0,1.0,1.0,0.0,0.0,0.0,,1.0,0.0,1.0,1.0,1.0,,,,,,0.0,1.0,1.0,1.0,,1.0,,,,,,,0.0,,,,,0.0,0.0,,,1.0,,0.0,0.0,1.0,1.0,,,,,1.0,,1.0,,0.0,0.0,0.0,1.0,,1.0,,,1.0,,,,,0.0,,,,1.0,1.0,0.0,,0.0,1.0,1.0,0.0,,1.0,0.0,1.0,0.0,0.0,0.0,0.0,,,,,0.0,0.0,,,1.0,0.0,1.0,1.0,0.0,,0.0,1.0,1.0,0.0,0.0,0.0,1.0,1.0,1.0,1.0,,1.0,0.0,1.0,1.0,0.0,0.0,0.0,0.0,,1.0,1.0,,,,,1.0,,0.0,0.0,0.0,,,,,,,,0.0,1.0,,1.0,,,,,,0.0,,1.0,1.0,,0.0,0.0,1.0,1.0,,1.0,,,0.0,1.0,1.0,1.0,1.0,0.0,1.0,1.0,,0.0,,,1.0,,,,1.0,0.0,,1.0,,,0.0,1.0,1.0,1.0,1.0,1.0,,,0.0,,1.0,1.0,0.0,,,,,0.0,1.0,0.0,,,0.0,0.0,1.0,,,0.0,0.0,0.0,1.0,,1.0,,0.0,,1.0,0.0,1.0,,1.0,,1.0,0.0,1.0,0.0,0.0,,1.0,1.0,,0.0,,1.0,,1.0,1.0,1.0,1.0,0.0,,,0.0,1.0,,,1.0,,,1.0,,1.0,1.0,,,,,,,,,0.0,1.0,1.0,0.0,,,1.0,,1.0,,0.0,1.0,0.0,1.0,1.0,,,0.0,1.0,1.0,1.0,,1.0,,1.0,,,0.0,1.0,,0.0,,0.0,,1.0,,,,0.0,,1.0,0.0,,,1.0,,1.0,1.0,0.0,,1.0,1.0,,1.0,1.0,0.0,
Sandra Rosado,1.0,,1.0,1.0,0.0,1.0,0.0,1.0,1.0,1.0,,,,,1.0,,,1.0,,1.0,1.0,,,1.0,1.0,,1.0,0.0,0.0,0.0,0.0,1.0,1.0,,1.0,1.0,1.0,0.0,0.0,0.0,0.0,1.0,0.0,1.0,1.0,1.0,,1.0,1.0,1.0,1.0,0.0,0.0,,,,1.0,1.0,,0.0,0.0,,,,,,,1.0,0.0,,1.0,0.0,,1.0,0.0,1.0,0.0,,0.0,0.0,1.0,1.0,1.0,1.0,1.0,1.0,1.0,1.0,1.0,0.0,,,0.0,0.0,,1.0,0.0,,0.0,,,,0.0,,,1.0,,,,0.0,,1.0,,,0.0,0.0,0.0,,1.0,0.0,1.0,1.0,0.0,0.0,0.0,1.0,1.0,0.0,,,1.0,,1.0,1.0,1.0,1.0,0.0,,1.0,0.0,0.0,0.0,,,1.0,1.0,1.0,1.0,1.0,,1.0,,1.0,0.0,,,,1.0,,,0.0,,,1.0,,1.0,0.0,,,,0.0,0.0,0.0,1.0,1.0,,0.0,,,1.0,1.0,1.0,0.0,0.0,,1.0,1.0,,1.0,1.0,1.0,1.0,1.0,,0.0,,1.0,1.0,,,,0.0,,,,1.0,1.0,1.0,1.0,1.0,1.0,,0.0,1.0,,1.0,,,,0.0,0.0,1.0,0.0,0.0,,0.0,1.0,1.0,0.0,0.0,,1.0,0.0,0.0,0.0,0.0,1.0,,,1.0,0.0,1.0,1.0,0.0,1.0,,1.0,0.0,1.0,,1.0,0.0,1.0,0.0,,1.0,,,,,1.0,,,,,,,1.0,,1.0,1.0,1.0,1.0,0.0,1.0,,,0.0,1.0,,,0.0,0.0,0.0,1.0,0.0,1.0,,,1.0,,,1.0,1.0,,1.0,1.0,,1.0,1.0,0.0,,1.0,,,,,,,,,,,,1.0,1.0,1.0,0.0,1.0,1.0,,,,0.0,0.0,1.0,1.0,0.0,0.0,1.0,,0.0,1.0,1.0,1.0,0.0,0.0,1.0,,0.0,,1.0,,
Sandro Alex,1.0,1.0,1.0,1.0,0.0,1.0,1.0,0.0,,1.0,1.0,1.0,1.0,,1.0,1.0,1.0,1.0,1.0,1.0,1.0,0.0,0.0,1.0,1.0,1.0,1.0,0.0,0.0,1.0,1.0,1.0,1.0,0.0,1.0,1.0,,0.0,,,,0.0,0.0,1.0,1.0,1.0,1.0,1.0,1.0,1.0,1.0,0.0,0.0,,0.0,1.0,,1.0,,,,0.0,,0.0,,,,1.0,1.0,0.0,1.0,0.0,0.0,0.0,1.0,0.0,,0.0,,1.0,0.0,1.0,0.0,,0.0,0.0,0.0,0.0,1.0,,1.0,0.0,,1.0,0.0,0.0,0.0,0.0,0.0,0.0,0.0,,,,1.0,1.0,0.0,0.0,0.0,0.0,1.0,0.0,1.0,1.0,1.0,,0.0,0.0,1.0,0.0,1.0,1.0,0.0,,0.0,1.0,1.0,0.0,0.0,,1.0,1.0,1.0,1.0,1.0,1.0,0.0,,0.0,1.0,1.0,1.0,1.0,1.0,1.0,1.0,1.0,1.0,,,1.0,,,0.0,,0.0,1.0,1.0,1.0,0.0,1.0,,,0.0,1.0,1.0,1.0,,,0.0,0.0,0.0,0.0,1.0,1.0,0.0,0.0,,1.0,1.0,0.0,0.0,,0.0,1.0,1.0,1.0,1.0,0.0,1.0,1.0,1.0,0.0,1.0,1.0,,1.0,1.0,,,,1.0,,1.0,1.0,1.0,1.0,1.0,1.0,1.0,0.0,1.0,1.0,1.0,1.0,,1.0,1.0,0.0,1.0,,1.0,1.0,,0.0,,,1.0,,,,,,1.0,,,0.0,1.0,0.0,0.0,1.0,,1.0,1.0,1.0,1.0,1.0,0.0,1.0,1.0,1.0,1.0,0.0,1.0,1.0,1.0,1.0,0.0,0.0,1.0,1.0,1.0,0.0,1.0,1.0,1.0,1.0,1.0,0.0,0.0,1.0,1.0,1.0,1.0,1.0,1.0,1.0,0.0,1.0,0.0,0.0,,,0.0,1.0,0.0,1.0,1.0,1.0,1.0,0.0,1.0,1.0,1.0,,1.0,1.0,1.0,0.0,0.0,1.0,1.0,1.0,0.0,0.0,1.0,1.0,1.0,,0.0,,0.0,,1.0,1.0,1.0,,,,1.0,0.0,,1.0,1.0,,1.0,1.0,,0.0,1.0,1.0,0.0,1.0,1.0,,0.0,0.0,1.0,0.0,0.0,1.0,1.0,0.0,1.0
Sandro Mabel,1.0,1.0,1.0,,0.0,,,,,1.0,,1.0,,0.0,,1.0,,,,1.0,,,,,,,,1.0,0.0,,,1.0,1.0,,,,1.0,,,,,,0.0,,1.0,,,,,,,,,,,1.0,1.0,,,,0.0,,,,,,,,,1.0,1.0,,0.0,1.0,,1.0,,,0.0,0.0,,,,1.0,1.0,,1.0,1.0,,,0.0,,0.0,,,1.0,0.0,,0.0,,1.0,0.0,,,,,,,0.0,,,,,1.0,,,0.0,,1.0,,1.0,1.0,0.0,0.0,0.0,1.0,1.0,0.0,0.0,,1.0,,,,,,,1.0,1.0,,,0.0,0.0,1.0,1.0,0.0,1.0,1.0,1.0,,1.0,1.0,0.0,1.0,0.0,0.0,,,,,,,0.0,1.0,,1.0,0.0,0.0,1.0,0.0,0.0,0.0,0.0,1.0,0.0,0.0,0.0,,,1.0,1.0,1.0,0.0,,0.0,1.0,1.0,1.0,,1.0,,1.0,0.0,1.0,,,1.0,,0.0,,,,,,,1.0,1.0,,1.0,1.0,0.0,,,,1.0,,1.0,1.0,,1.0,,,,,,,,1.0,,1.0,,,,1.0,0.0,0.0,1.0,,,1.0,,,1.0,0.0,1.0,0.0,0.0,,1.0,,1.0,,0.0,,1.0,1.0,0.0,0.0,,1.0,,,,1.0,1.0,0.0,1.0,1.0,0.0,1.0,1.0,,,,,1.0,,0.0,1.0,,,,,,,,,,,1.0,,,,,,1.0,,,,0.0,,1.0,1.0,0.0,,1.0,1.0,,,,,1.0,,,,,,0.0,1.0,,1.0,,,,,,,,,1.0,,,,1.0,,,0.0,,,0.0,1.0,,0.0,1.0
Saraiva Felipe,1.0,1.0,1.0,1.0,0.0,0.0,0.0,1.0,1.0,1.0,1.0,1.0,1.0,0.0,0.0,1.0,1.0,,,,1.0,0.0,0.0,1.0,,1.0,1.0,1.0,0.0,0.0,,,1.0,0.0,1.0,1.0,1.0,0.0,1.0,1.0,1.0,0.0,0.0,,1.0,1.0,1.0,,,1.0,1.0,0.0,0.0,1.0,0.0,1.0,1.0,1.0,0.0,0.0,0.0,0.0,,1.0,,0.0,0.0,1.0,1.0,1.0,1.0,0.0,,1.0,0.0,1.0,0.0,0.0,0.0,0.0,1.0,1.0,1.0,1.0,1.0,1.0,1.0,1.0,1.0,0.0,0.0,1.0,,0.0,1.0,,0.0,0.0,0.0,1.0,1.0,0.0,0.0,1.0,1.0,1.0,0.0,0.0,0.0,0.0,1.0,1.0,1.0,1.0,0.0,0.0,0.0,0.0,1.0,0.0,1.0,1.0,0.0,0.0,,1.0,1.0,,0.0,0.0,1.0,1.0,1.0,1.0,1.0,1.0,0.0,,1.0,,0.0,0.0,0.0,1.0,0.0,1.0,1.0,,1.0,0.0,,0.0,0.0,1.0,0.0,,,,0.0,1.0,,0.0,0.0,1.0,1.0,1.0,0.0,,,0.0,0.0,0.0,0.0,1.0,1.0,0.0,0.0,,1.0,1.0,1.0,1.0,0.0,0.0,0.0,1.0,1.0,1.0,,,,,1.0,,,0.0,1.0,,0.0,0.0,1.0,0.0,1.0,,1.0,,,,,,,1.0,0.0,0.0,0.0,0.0,,1.0,1.0,1.0,1.0,1.0,,0.0,1.0,0.0,,1.0,0.0,0.0,1.0,1.0,0.0,0.0,0.0,0.0,1.0,0.0,1.0,,0.0,,1.0,0.0,1.0,0.0,0.0,,,1.0,1.0,0.0,,0.0,1.0,1.0,,0.0,0.0,1.0,,,1.0,,,,,1.0,0.0,1.0,1.0,0.0,,1.0,1.0,1.0,1.0,1.0,,1.0,,0.0,0.0,0.0,1.0,0.0,,1.0,,,0.0,1.0,,1.0,,1.0,0.0,1.0,1.0,,1.0,1.0,,1.0,,0.0,0.0,1.0,1.0,1.0,0.0,1.0,1.0,1.0,1.0,1.0,0.0,,1.0,0.0,1.0,1.0,0.0,1.0,0.0,1.0,1.0,0.0,0.0,1.0,0.0,,1.0,,,0.0,0.0,1.0,,0.0,,1.0,,1.0
Sarney Filho,1.0,,0.0,0.0,1.0,1.0,,,,1.0,1.0,,1.0,,,1.0,,,,1.0,1.0,,,,,1.0,1.0,1.0,,,,1.0,1.0,0.0,,,1.0,,,,,,0.0,,,,,1.0,1.0,1.0,,,,1.0,,,,1.0,,,,,0.0,,,,,,,,0.0,,1.0,1.0,,,0.0,0.0,0.0,,0.0,,1.0,,1.0,,,,,0.0,,1.0,1.0,1.0,,,0.0,,,,0.0,,,,1.0,1.0,0.0,,,0.0,0.0,1.0,,,,,,,1.0,0.0,1.0,1.0,0.0,,0.0,1.0,,,0.0,,1.0,,,,,,,,1.0,,0.0,,,,1.0,1.0,1.0,1.0,1.0,,,0.0,,,,0.0,1.0,1.0,1.0,0.0,0.0,,,,1.0,,,0.0,,0.0,,,,1.0,1.0,0.0,,,1.0,,1.0,1.0,,0.0,1.0,,,0.0,,,,,0.0,,,,,,,,,,,,,,,,,,,1.0,0.0,,1.0,,,,,0.0,0.0,0.0,1.0,0.0,0.0,,,1.0,0.0,1.0,1.0,1.0,0.0,,0.0,,0.0,,,,,,1.0,,1.0,1.0,1.0,,,0.0,,0.0,1.0,,1.0,,,,0.0,1.0,,,,,,,,,,,0.0,,,,,,,,,,,0.0,,0.0,,0.0,,,,,0.0,,1.0,1.0,1.0,1.0,,,,,1.0,,,,,,,1.0,,,0.0,,,,,,0.0,,,1.0,,1.0,,,,,1.0,1.0,,,,,,1.0,1.0,,,0.0,,0.0,1.0,,0.0,
Sebastião Bala Rocha,1.0,1.0,,,1.0,1.0,1.0,,,1.0,1.0,,,,1.0,,1.0,1.0,1.0,,1.0,,0.0,1.0,1.0,1.0,1.0,0.0,0.0,1.0,0.0,,1.0,0.0,1.0,1.0,,0.0,0.0,0.0,0.0,0.0,0.0,1.0,1.0,,1.0,,1.0,1.0,1.0,0.0,,1.0,,0.0,1.0,1.0,0.0,0.0,0.0,0.0,,1.0,,,,1.0,0.0,1.0,1.0,0.0,,1.0,,,,,1.0,1.0,0.0,1.0,1.0,,,,,,,,,,0.0,0.0,1.0,1.0,0.0,0.0,0.0,0.0,,0.0,0.0,1.0,1.0,1.0,,,,0.0,,1.0,1.0,1.0,0.0,,0.0,0.0,1.0,0.0,1.0,1.0,0.0,,,1.0,1.0,0.0,0.0,,1.0,,1.0,1.0,,1.0,0.0,,,,0.0,0.0,0.0,1.0,1.0,,1.0,,1.0,1.0,1.0,0.0,0.0,,,,1.0,1.0,0.0,,0.0,,,,1.0,1.0,,0.0,1.0,0.0,0.0,0.0,0.0,1.0,1.0,0.0,0.0,0.0,,1.0,1.0,,,,1.0,1.0,1.0,,,1.0,1.0,1.0,0.0,,0.0,,,,,,,0.0,,1.0,1.0,,,,,,,1.0,0.0,1.0,0.0,,,,0.0,0.0,0.0,0.0,0.0,0.0,,0.0,,1.0,,,1.0,1.0,,0.0,0.0,,0.0,,0.0,1.0,0.0,1.0,,0.0,,,,,1.0,,1.0,,,,1.0,1.0,,,,,1.0,1.0,,1.0,1.0,,1.0,1.0,,,1.0,1.0,1.0,1.0,1.0,1.0,1.0,1.0,,,,1.0,,,,,,,1.0,1.0,0.0,1.0,1.0,1.0,,1.0,0.0,1.0,,0.0,,1.0,1.0,,,,1.0,1.0,,,,,,1.0,0.0,1.0,,,1.0,,,,1.0,1.0,0.0,1.0,,,,,0.0,1.0,1.0,,,0.0,0.0,,,,1.0,,0.0,1.0
Sergio Guerra,,,,,0.0,0.0,,,1.0,1.0,,1.0,,,,,,,,1.0,1.0,,0.0,,,,1.0,1.0,,,,0.0,,,,1.0,1.0,1.0,,,,,,,1.0,,,1.0,,,,,,,,0.0,,,,,1.0,,0.0,0.0,,,,1.0,,,,1.0,,,,,,,1.0,1.0,,,,,0.0,0.0,,,,,,,,1.0,,,0.0,0.0,0.0,0.0,0.0,,,,,1.0,,,,1.0,,0.0,1.0,1.0,,,,,,,,,,,,,,,,,,,0.0,0.0,0.0,0.0,,,,,1.0,1.0,1.0,1.0,,,,,,,,,,0.0,1.0,,,,,0.0,,,,,,,1.0,,1.0,,,,0.0,,1.0,,,,,,,0.0,,,,,,,,1.0,1.0,1.0,,,,,,1.0,,,,,,,,,,,,,,,,1.0,1.0,0.0,,,1.0,,,,,,,,,,,,,,,,,,,1.0,0.0,0.0,,,,,,,,,,0.0,1.0,1.0,,1.0,,,0.0,,,1.0,1.0,1.0,,0.0,,,1.0,,,0.0,,,1.0,0.0,1.0,,,0.0,,,,,,,,,,,,,,,,,,,,,,,,,,,0.0,,,,,,,,,,,,,,,,,,,,,,,,,,,,,,,,,,,,,,,
Sergio Zveiter,,,,,,,,0.0,,1.0,,,1.0,0.0,,,1.0,,,,1.0,,,,,,,,,,,,1.0,,,,,1.0,0.0,0.0,0.0,0.0,,,,,,,,,,,,,,,1.0,,0.0,0.0,0.0,0.0,,,,,,,,,,,,,,,,,0.0,0.0,1.0,,1.0,,,,,,,,,,,,,,,,,,,,,,,,,,,0.0,,,,,,,,,,,,,,,,,,,,,,,,,,,,1.0,,,,,,,,,,,1.0,1.0,,,,,,,,,,,,,,,,,0.0,,,0.0,,0.0,0.0,1.0,1.0,0.0,,,,1.0,,,,,,,,1.0,,1.0,1.0,1.0,,,,,1.0,,0.0,0.0,1.0,,1.0,,,,0.0,1.0,1.0,,,1.0,1.0,1.0,0.0,0.0,1.0,1.0,1.0,,,,,0.0,0.0,,,1.0,,1.0,,,0.0,0.0,0.0,0.0,1.0,1.0,,,0.0,,1.0,,1.0,,,0.0,,,1.0,1.0,0.0,,,1.0,0.0,0.0,0.0,1.0,,1.0,1.0,,,,,,,,,,,,,1.0,,0.0,,,,,,,,,,0.0,,,0.0,,,,,1.0,0.0,,0.0,,1.0,0.0,,,,,,,1.0,,0.0,1.0,1.0,1.0,,,0.0,0.0,1.0,1.0,1.0,0.0,,,0.0,1.0,,,0.0,1.0,,,1.0,1.0,,0.0,0.0,1.0,,,,,,
Severino Ninho,1.0,,,,1.0,1.0,,1.0,1.0,1.0,,,1.0,,1.0,0.0,,,1.0,1.0,1.0,0.0,0.0,1.0,1.0,1.0,1.0,1.0,0.0,,0.0,1.0,1.0,,1.0,1.0,1.0,0.0,0.0,,0.0,1.0,1.0,,1.0,,1.0,1.0,1.0,,,,,,1.0,1.0,,,,,,,,,,,,,,,,,,,,,,,,,,,,1.0,,,,,,,,,,,1.0,1.0,,,,,,,,,,,,,,0.0,1.0,,1.0,1.0,,0.0,0.0,0.0,1.0,0.0,1.0,1.0,0.0,0.0,0.0,1.0,1.0,0.0,0.0,,1.0,1.0,1.0,1.0,1.0,1.0,0.0,1.0,,,0.0,0.0,0.0,1.0,1.0,0.0,1.0,,1.0,,,,1.0,0.0,,0.0,,1.0,1.0,1.0,0.0,0.0,1.0,0.0,1.0,1.0,0.0,0.0,1.0,,,,1.0,0.0,1.0,,,,1.0,,1.0,1.0,0.0,,,,,,1.0,0.0,1.0,1.0,,1.0,0.0,1.0,1.0,,,1.0,,0.0,,,,,,,,,,,0.0,1.0,1.0,1.0,1.0,1.0,0.0,1.0,1.0,1.0,0.0,0.0,,0.0,1.0,1.0,0.0,0.0,1.0,1.0,0.0,0.0,,0.0,1.0,1.0,,1.0,0.0,1.0,1.0,0.0,1.0,0.0,1.0,0.0,,0.0,1.0,1.0,1.0,0.0,1.0,1.0,,,,0.0,1.0,1.0,0.0,0.0,0.0,1.0,1.0,1.0,,1.0,1.0,1.0,1.0,0.0,1.0,,,1.0,1.0,1.0,0.0,0.0,0.0,,1.0,0.0,1.0,1.0,1.0,,0.0,,1.0,1.0,0.0,1.0,1.0,0.0,1.0,,0.0,0.0,,,,1.0,,1.0,1.0,1.0,0.0,1.0,1.0,,,,1.0,0.0,1.0,1.0,0.0,,,,,,1.0,0.0,0.0,1.0,,,,,,,,,,,,,,
Sibá Machado,1.0,1.0,0.0,0.0,1.0,1.0,0.0,1.0,1.0,1.0,,1.0,1.0,0.0,0.0,0.0,0.0,,1.0,0.0,0.0,1.0,0.0,1.0,1.0,1.0,1.0,1.0,0.0,0.0,0.0,,1.0,1.0,1.0,1.0,1.0,0.0,0.0,0.0,0.0,1.0,0.0,,1.0,,1.0,1.0,1.0,1.0,1.0,0.0,0.0,1.0,1.0,0.0,1.0,1.0,0.0,0.0,,0.0,,1.0,0.0,0.0,0.0,1.0,0.0,1.0,1.0,0.0,1.0,1.0,,1.0,0.0,0.0,0.0,0.0,1.0,1.0,1.0,1.0,1.0,1.0,1.0,,1.0,0.0,0.0,1.0,0.0,0.0,1.0,1.0,,0.0,,1.0,,,0.0,1.0,0.0,1.0,0.0,0.0,0.0,0.0,1.0,1.0,1.0,1.0,0.0,0.0,0.0,0.0,1.0,0.0,1.0,1.0,0.0,0.0,0.0,1.0,1.0,0.0,0.0,0.0,1.0,1.0,1.0,1.0,1.0,1.0,0.0,,,,0.0,0.0,0.0,1.0,0.0,0.0,0.0,1.0,1.0,0.0,,1.0,0.0,0.0,0.0,0.0,,1.0,0.0,1.0,0.0,0.0,0.0,1.0,1.0,1.0,0.0,0.0,1.0,0.0,0.0,0.0,,1.0,1.0,0.0,0.0,0.0,1.0,1.0,1.0,0.0,0.0,0.0,1.0,1.0,1.0,,1.0,0.0,1.0,1.0,1.0,1.0,0.0,0.0,1.0,0.0,0.0,0.0,1.0,0.0,1.0,0.0,0.0,,,,,,,1.0,0.0,0.0,0.0,0.0,1.0,1.0,0.0,0.0,0.0,0.0,0.0,0.0,1.0,0.0,1.0,1.0,0.0,1.0,1.0,1.0,0.0,0.0,0.0,0.0,0.0,0.0,1.0,1.0,0.0,1.0,1.0,0.0,0.0,0.0,0.0,0.0,,0.0,,0.0,1.0,0.0,1.0,1.0,0.0,0.0,0.0,1.0,1.0,1.0,1.0,1.0,1.0,1.0,1.0,1.0,0.0,1.0,0.0,1.0,1.0,1.0,1.0,1.0,1.0,1.0,1.0,,,,,,,,,1.0,1.0,,0.0,,,1.0,,1.0,,,1.0,1.0,0.0,0.0,,0.0,,,,,0.0,0.0,0.0,1.0,0.0,1.0,1.0,1.0,0.0,0.0,1.0,,,1.0,,,,0.0,1.0,1.0,1.0,0.0,,,,1.0,0.0,,,,0.0,0.0,1.0,1.0,1.0,1.0
Silas Brasileiro,,,,,,,,0.0,,1.0,,,,0.0,0.0,1.0,,,,1.0,1.0,1.0,,,,,,,,,,1.0,1.0,,,,1.0,0.0,0.0,0.0,1.0,1.0,,,1.0,,,,,,,,,,,,,,,,,,,,,,,,,,,,,,,,,,,,,,,,,,,,,,,,,,,,,,,,,,,,,,,,,0.0,,,1.0,1.0,,,,,,,,,,,,,,,,,,,,,,,,,,,,,0.0,,,,,,,,,,,,,,,,,,,,,,,,,,,,,,,,1.0,,,,,,,,,,,,,,,1.0,1.0,1.0,,,,,,1.0,,,,,1.0,,,,,,,,,,,,0.0,0.0,,,1.0,1.0,1.0,1.0,1.0,,,,1.0,1.0,0.0,1.0,1.0,1.0,0.0,0.0,,0.0,1.0,0.0,,1.0,0.0,1.0,1.0,,1.0,0.0,0.0,0.0,,,,0.0,0.0,0.0,1.0,1.0,0.0,0.0,0.0,1.0,1.0,,,,,,1.0,,0.0,,1.0,,1.0,1.0,1.0,1.0,1.0,1.0,,0.0,0.0,0.0,0.0,,,,1.0,0.0,,,0.0,,1.0,1.0,0.0,1.0,0.0,,1.0,,1.0,1.0,,1.0,0.0,0.0,0.0,,,,,,,,,,,,1.0,,,,,,,,1.0,0.0,,,,,,,,,,,,,,,,
Silas Câmara,,,1.0,1.0,1.0,1.0,,1.0,,1.0,1.0,,1.0,,,,1.0,1.0,,1.0,1.0,0.0,1.0,0.0,0.0,0.0,1.0,1.0,0.0,0.0,0.0,,,0.0,1.0,1.0,1.0,0.0,1.0,0.0,0.0,0.0,,1.0,,1.0,,1.0,1.0,1.0,,0.0,,1.0,,,1.0,,,0.0,0.0,,,1.0,,0.0,0.0,1.0,0.0,,1.0,0.0,,,,,0.0,,0.0,0.0,1.0,1.0,1.0,1.0,1.0,1.0,,,,,,,,,1.0,,,,,,,,0.0,1.0,1.0,,,,,0.0,1.0,,1.0,1.0,1.0,0.0,,0.0,1.0,0.0,1.0,1.0,0.0,0.0,0.0,1.0,1.0,0.0,,,,1.0,1.0,1.0,1.0,1.0,0.0,,,,,,,,1.0,1.0,1.0,1.0,,1.0,1.0,,,,,0.0,1.0,,,1.0,,,,1.0,1.0,,,,,,,,,1.0,1.0,,,,1.0,1.0,,1.0,,,1.0,,,,,1.0,1.0,1.0,0.0,,,1.0,1.0,,0.0,,0.0,,,1.0,1.0,,0.0,,1.0,,1.0,1.0,1.0,,0.0,0.0,1.0,1.0,0.0,,,,,0.0,1.0,0.0,1.0,1.0,,,,,,1.0,,0.0,,1.0,,,0.0,,,,,,,,,,1.0,1.0,0.0,,,1.0,,0.0,0.0,,,1.0,,,,,,,,,,,,,,1.0,,0.0,1.0,,,,,,,,,,1.0,1.0,0.0,1.0,,,0.0,1.0,,,,,1.0,1.0,1.0,,,,0.0,1.0,,,,,,1.0,1.0,1.0,0.0,0.0,,,,0.0,,,0.0,,,0.0,,1.0,,,1.0,1.0,,,,1.0,,,,1.0,,1.0
Silvio Costa,1.0,1.0,1.0,0.0,0.0,0.0,0.0,1.0,,1.0,,,1.0,0.0,1.0,1.0,0.0,1.0,1.0,0.0,0.0,1.0,,1.0,1.0,,1.0,1.0,0.0,0.0,0.0,0.0,1.0,,1.0,1.0,1.0,0.0,,,,,,1.0,1.0,1.0,1.0,1.0,,1.0,1.0,0.0,0.0,0.0,0.0,0.0,1.0,1.0,0.0,0.0,0.0,0.0,1.0,1.0,0.0,0.0,0.0,1.0,1.0,1.0,1.0,0.0,1.0,,,1.0,,,0.0,0.0,0.0,1.0,1.0,1.0,1.0,1.0,,1.0,1.0,0.0,0.0,1.0,0.0,0.0,1.0,0.0,0.0,,,1.0,1.0,,0.0,1.0,1.0,1.0,0.0,0.0,0.0,,0.0,1.0,1.0,1.0,0.0,0.0,0.0,,1.0,0.0,1.0,1.0,1.0,,0.0,1.0,1.0,0.0,0.0,0.0,1.0,1.0,1.0,,1.0,1.0,0.0,0.0,1.0,0.0,0.0,0.0,0.0,,1.0,1.0,1.0,1.0,1.0,0.0,1.0,1.0,0.0,0.0,0.0,0.0,1.0,,0.0,1.0,0.0,0.0,0.0,1.0,1.0,,0.0,,,,0.0,,1.0,0.0,1.0,0.0,0.0,,,1.0,1.0,1.0,0.0,0.0,1.0,1.0,1.0,,,1.0,0.0,0.0,0.0,0.0,,1.0,1.0,,0.0,0.0,1.0,0.0,1.0,0.0,0.0,1.0,,1.0,,,,1.0,0.0,1.0,,0.0,1.0,1.0,0.0,0.0,0.0,1.0,0.0,1.0,0.0,0.0,0.0,0.0,0.0,1.0,1.0,1.0,1.0,1.0,1.0,1.0,1.0,,1.0,1.0,,,,0.0,0.0,,0.0,0.0,1.0,0.0,1.0,0.0,1.0,,,1.0,,,,,,1.0,1.0,0.0,0.0,1.0,1.0,,0.0,,0.0,,,,,,1.0,0.0,1.0,1.0,0.0,0.0,0.0,0.0,1.0,0.0,1.0,1.0,1.0,1.0,0.0,1.0,1.0,1.0,0.0,1.0,0.0,,0.0,,1.0,1.0,1.0,0.0,0.0,1.0,1.0,0.0,1.0,1.0,,1.0,1.0,1.0,1.0,1.0,0.0,0.0,,0.0,1.0,1.0,0.0,1.0,0.0,0.0,1.0,,,,0.0,1.0,1.0,0.0,0.0,0.0,0.0,1.0,0.0,0.0,1.0,1.0,0.0,1.0
Silvio Torres,,,,,,,,,,,,,,,,,,,,,,,,,,,,,,,,,,,,,,,,,,,,,,,,,,,,,,,,,,,,,,,,,,,,,,,,,1.0,,,,,,,,,,,,,,,,,,,,,,,,,,,,,,,,,,,,,,,,,,,,,,,,,,,,,,,,,,,,,,,,,,,,,,,,,,,1.0,,,,,,,,,,,,,,,,,,,,,,,,,,,,,,,,,,,,,,,,,,,,,,,,,,,,,,,,1.0,1.0,1.0,1.0,,1.0,1.0,0.0,,,,,,,,,,,,,,,,,,,,,,,,,,,,,,,,,,,,,,1.0,,,,,,,,,,,,,,,,,,,,,,,,,,,,,,,,,,,,,,,,,,,1.0,,,,,,,,,,,1.0,,,,,,,,,,,,,,,,,1.0,,0.0,,,,1.0,,,,,,,,,,,,1.0,,,,,,
Simplício Araújo,1.0,1.0,,,,,,,,1.0,,,1.0,0.0,1.0,,1.0,1.0,,1.0,1.0,,,,,,,0.0,,,,1.0,1.0,,,1.0,1.0,0.0,,,,0.0,,1.0,1.0,1.0,,1.0,,,,,,,,,1.0,,,,,,,,,,,,,,,,0.0,,,,,,,,,,,,,,,,,,,,,,,,,,,,,,,,,,,,,0.0,,,1.0,1.0,,,,,,,,,,,,,,,,,,,,,,,,,,,1.0,1.0,0.0,1.0,,,,1.0,1.0,1.0,1.0,0.0,0.0,,,,,,,,,,,,,1.0,1.0,,,,,,0.0,1.0,1.0,,,,,1.0,,,,,,1.0,1.0,,,1.0,1.0,1.0,,,,,,,,,0.0,1.0,0.0,,1.0,1.0,1.0,1.0,1.0,1.0,0.0,1.0,,1.0,1.0,1.0,,,0.0,1.0,,1.0,1.0,,0.0,,,,,,,,,1.0,,,1.0,,0.0,0.0,1.0,0.0,1.0,1.0,1.0,1.0,0.0,,1.0,1.0,1.0,1.0,0.0,,1.0,1.0,1.0,,,0.0,1.0,,,1.0,0.0,1.0,1.0,1.0,,0.0,1.0,1.0,,,,,1.0,0.0,1.0,,,0.0,,,,,,1.0,1.0,1.0,0.0,,1.0,1.0,,1.0,0.0,1.0,,,1.0,1.0,,,,,,,1.0,1.0,1.0,,1.0,1.0,0.0,1.0,,,1.0,,,0.0,,,0.0,1.0,,,0.0,1.0,,,1.0,1.0,1.0,,,1.0,,0.0,1.0,1.0,0.0,1.0
Simão Sessim,1.0,1.0,1.0,0.0,1.0,1.0,,,1.0,1.0,1.0,1.0,1.0,,1.0,,1.0,1.0,1.0,1.0,1.0,1.0,,,,1.0,1.0,1.0,0.0,0.0,0.0,1.0,1.0,0.0,1.0,,1.0,,,,,,0.0,1.0,1.0,,1.0,1.0,1.0,1.0,,,,1.0,,1.0,,1.0,0.0,,0.0,0.0,,,0.0,0.0,0.0,,,,,,1.0,,,,0.0,0.0,0.0,0.0,1.0,,1.0,1.0,1.0,1.0,1.0,1.0,1.0,0.0,0.0,1.0,0.0,0.0,1.0,1.0,,0.0,0.0,1.0,1.0,0.0,0.0,1.0,0.0,1.0,0.0,0.0,0.0,0.0,1.0,,,1.0,,0.0,,,1.0,0.0,1.0,1.0,,0.0,0.0,1.0,1.0,0.0,0.0,0.0,1.0,1.0,,1.0,1.0,1.0,0.0,1.0,1.0,,0.0,0.0,,1.0,0.0,0.0,0.0,,1.0,1.0,,0.0,0.0,0.0,0.0,0.0,,1.0,,1.0,0.0,0.0,,1.0,,1.0,1.0,0.0,1.0,0.0,0.0,0.0,0.0,1.0,1.0,0.0,,,1.0,,1.0,1.0,0.0,0.0,1.0,,,1.0,1.0,1.0,,1.0,1.0,1.0,,0.0,1.0,,,0.0,1.0,,1.0,,,,0.0,1.0,1.0,,1.0,,,1.0,0.0,0.0,1.0,1.0,0.0,,,1.0,0.0,0.0,,,1.0,1.0,0.0,0.0,1.0,1.0,0.0,0.0,0.0,,1.0,1.0,1.0,1.0,0.0,1.0,1.0,0.0,1.0,0.0,0.0,,,,,0.0,1.0,1.0,1.0,,,0.0,0.0,1.0,,1.0,1.0,,,,1.0,0.0,0.0,1.0,1.0,,1.0,1.0,1.0,1.0,1.0,1.0,1.0,0.0,0.0,,0.0,,,,,,1.0,,,1.0,1.0,1.0,0.0,1.0,0.0,,1.0,0.0,1.0,1.0,1.0,,,1.0,,1.0,,,0.0,,,1.0,1.0,1.0,,,,1.0,1.0,,0.0,,,,,0.0,,,0.0,,,,,0.0,0.0,1.0,,,1.0,1.0,0.0,
Solange Almeida,,,1.0,1.0,,,,,,,,,,,,,,,,,,,,,,,,,,,,,,,,,,,,,,,,,,,,,,,,0.0,,,,,,,,,,,,,,0.0,0.0,1.0,1.0,1.0,,0.0,,,0.0,1.0,0.0,0.0,,,,1.0,,,1.0,1.0,,,,0.0,0.0,,0.0,0.0,,,,0.0,0.0,1.0,1.0,0.0,0.0,1.0,,1.0,0.0,,,,,1.0,,,,,,,,,,,,,,,,,,,,,,,,,,,,0.0,,,,,,,,,,,,,,,,,,,,,,,,,,,,,,,,,,,,,,,,,,,,,,,,,,,,,,,,,,,,,,,,,,,,,,,,,,,,,,,,,,,,,,,,,,,,,,,,,,,,,,,,,,,,,,,,,,,,,,,,,,,,,,,,,,,,,,,,,,,,,,,,,,,,,,,,,,,,,,,,,,,,,,,,,,,,,,,,,,,,,,,,,,,,,,,,,,,,,,,,,,,,
Stefano Aguiar,,,1.0,1.0,,,,,,1.0,1.0,1.0,1.0,,1.0,1.0,,,,1.0,1.0,,,,,,1.0,,,,,1.0,1.0,,,,1.0,,,,0.0,0.0,,,1.0,,,,,,1.0,0.0,0.0,,1.0,1.0,1.0,,,,,,1.0,1.0,,0.0,0.0,1.0,0.0,1.0,1.0,0.0,0.0,,0.0,0.0,,,,,,1.0,,1.0,1.0,1.0,0.0,,,,0.0,1.0,,,,,,,,,,,,,,,,,0.0,0.0,,,1.0,1.0,,,,,,,,,,,,,,,,,,,,,,,,,,,,,,,,,,1.0,,0.0,,,,,,,,,1.0,,0.0,0.0,,0.0,,,,0.0,,0.0,0.0,0.0,0.0,,1.0,,0.0,,1.0,1.0,,1.0,,,,1.0,1.0,,,1.0,1.0,,,,,,,,,0.0,1.0,,1.0,,,1.0,1.0,1.0,1.0,1.0,1.0,,,,1.0,0.0,,,,1.0,0.0,1.0,0.0,,,0.0,1.0,1.0,0.0,1.0,,,,,0.0,,1.0,,1.0,0.0,0.0,1.0,,0.0,1.0,0.0,1.0,0.0,,,1.0,,,,1.0,1.0,0.0,0.0,0.0,1.0,1.0,,1.0,,,,1.0,,,,1.0,1.0,1.0,1.0,1.0,1.0,1.0,0.0,,1.0,0.0,0.0,0.0,0.0,1.0,,,,1.0,,,1.0,1.0,1.0,,1.0,1.0,0.0,1.0,,0.0,,1.0,,,0.0,,1.0,1.0,0.0,0.0,1.0,1.0,,1.0,1.0,1.0,0.0,1.0,1.0,0.0,,0.0,0.0,,1.0,1.0,0.0,0.0,1.0,0.0,0.0,1.0,1.0,1.0,0.0,0.0,1.0,,0.0,1.0,1.0,0.0,1.0
Stepan Nercessian,1.0,,1.0,1.0,1.0,1.0,1.0,0.0,1.0,1.0,1.0,1.0,1.0,,1.0,,1.0,1.0,,,1.0,0.0,0.0,1.0,1.0,1.0,1.0,0.0,0.0,1.0,,1.0,,0.0,1.0,1.0,0.0,0.0,0.0,,1.0,0.0,0.0,1.0,1.0,1.0,1.0,1.0,1.0,1.0,,,,1.0,,0.0,1.0,1.0,,,,0.0,,,,,,,,0.0,,0.0,0.0,0.0,1.0,0.0,,,1.0,1.0,0.0,,0.0,,0.0,,0.0,,,,,,,,0.0,0.0,0.0,0.0,0.0,0.0,0.0,,,,1.0,1.0,0.0,1.0,,0.0,0.0,0.0,1.0,1.0,1.0,,,,,,,,,,,,,,,,0.0,0.0,,,,,,0.0,0.0,,1.0,1.0,1.0,1.0,0.0,0.0,,1.0,1.0,1.0,1.0,,,0.0,1.0,1.0,1.0,0.0,,0.0,,,,0.0,0.0,1.0,,,,,,,0.0,1.0,1.0,,,,1.0,1.0,0.0,0.0,,0.0,1.0,,,,0.0,1.0,1.0,1.0,,,,,1.0,,,,,,,1.0,1.0,1.0,1.0,1.0,1.0,1.0,,,,,1.0,1.0,1.0,1.0,0.0,1.0,,,1.0,,0.0,,,,,,,,,,,,1.0,1.0,0.0,0.0,1.0,0.0,1.0,1.0,1.0,1.0,1.0,0.0,1.0,1.0,0.0,,,,1.0,1.0,0.0,,,1.0,,1.0,0.0,1.0,1.0,0.0,0.0,1.0,,0.0,1.0,1.0,1.0,1.0,1.0,1.0,1.0,0.0,1.0,,,,,,,,0.0,1.0,1.0,,0.0,1.0,1.0,1.0,,1.0,1.0,1.0,0.0,,1.0,1.0,1.0,,0.0,1.0,,1.0,,,,,,1.0,,1.0,,,0.0,1.0,0.0,,,,,,1.0,0.0,0.0,1.0,1.0,0.0,1.0,1.0,1.0,,,,,,,1.0,,1.0
Subtenente Gonzaga,,,,,,,,,,,,,,,,,,,,,,,,,,,,,,,,,,,,,,,,,,,,,,,,,,,,,,,,,,,,,,,,,,,,,,,,,,,,,,,,,,,,,,,,,,,,,,,,,,,,,,,,,,,,,,,,,,,,,,,,,,,,,,,,,,,,,,,,,,,,,,,,,,,,,,,,,,,,,,,,,,,,,,,,,,,,,,,,,,,,1.0,,,,,,1.0,1.0,,,,,,,,,,,,,,,,,1.0,1.0,1.0,,1.0,1.0,1.0,0.0,,,,,,,,,,,,,,,,,,,,,,,,,,,,,,,,,,,,,,,,,,,,,,,,,,,,,,,,,,,,,,,,,,,,,,,,,,,,,,,,,,,,,,,,,,,,,,,,,,,,,,,,0.0,1.0,,,,,,1.0,0.0,1.0,0.0,1.0,,,,,,1.0,1.0,1.0,1.0,0.0,,,0.0,,1.0,1.0,1.0,1.0
Sueli Vidigal,1.0,1.0,1.0,0.0,0.0,1.0,1.0,1.0,1.0,1.0,1.0,1.0,1.0,0.0,1.0,0.0,1.0,1.0,,,1.0,0.0,0.0,1.0,1.0,1.0,1.0,,,,,1.0,1.0,0.0,,1.0,1.0,0.0,,0.0,0.0,1.0,0.0,1.0,1.0,1.0,1.0,1.0,1.0,1.0,1.0,0.0,,,1.0,1.0,1.0,,0.0,0.0,0.0,0.0,,,0.0,0.0,0.0,1.0,0.0,,1.0,0.0,0.0,1.0,0.0,,0.0,0.0,0.0,0.0,1.0,1.0,1.0,,1.0,1.0,1.0,1.0,1.0,0.0,,,,0.0,1.0,1.0,0.0,0.0,0.0,1.0,1.0,0.0,,1.0,,,0.0,0.0,,0.0,,,,1.0,0.0,0.0,0.0,,1.0,0.0,1.0,1.0,0.0,,,1.0,1.0,0.0,,0.0,1.0,,1.0,1.0,1.0,1.0,0.0,1.0,1.0,0.0,1.0,1.0,0.0,1.0,0.0,0.0,0.0,,1.0,1.0,1.0,0.0,0.0,0.0,0.0,,1.0,,,1.0,,,,,0.0,1.0,0.0,0.0,1.0,0.0,0.0,0.0,0.0,1.0,1.0,,,,1.0,,0.0,1.0,,,1.0,1.0,1.0,,1.0,0.0,1.0,,0.0,1.0,,0.0,,,0.0,0.0,1.0,,,0.0,,1.0,0.0,1.0,1.0,1.0,0.0,,,0.0,0.0,0.0,1.0,1.0,,0.0,,0.0,0.0,,0.0,0.0,1.0,1.0,0.0,,1.0,1.0,0.0,,0.0,0.0,0.0,0.0,0.0,0.0,0.0,1.0,1.0,,1.0,,1.0,0.0,1.0,0.0,1.0,0.0,1.0,,,1.0,0.0,0.0,,1.0,1.0,1.0,1.0,1.0,1.0,0.0,1.0,,0.0,1.0,1.0,,1.0,1.0,1.0,1.0,1.0,0.0,1.0,1.0,0.0,0.0,0.0,0.0,1.0,0.0,1.0,1.0,1.0,1.0,0.0,1.0,1.0,1.0,0.0,1.0,1.0,0.0,0.0,,0.0,0.0,1.0,,1.0,1.0,,1.0,1.0,1.0,0.0,1.0,1.0,1.0,1.0,1.0,0.0,0.0,,1.0,0.0,,0.0,1.0,0.0,1.0,1.0,0.0,0.0,,,,,,,0.0,0.0,1.0,,,1.0,1.0,0.0,1.0
Ságuas Moraes,,,1.0,0.0,,,,,,,,,,0.0,0.0,,0.0,1.0,,,,,,,,,,,,,,,1.0,,,,,,,,,,,1.0,1.0,,,,,,1.0,0.0,0.0,,,,1.0,,0.0,0.0,0.0,0.0,1.0,1.0,0.0,0.0,0.0,1.0,0.0,1.0,1.0,0.0,1.0,1.0,,1.0,0.0,0.0,0.0,0.0,1.0,1.0,1.0,,1.0,1.0,1.0,1.0,1.0,,0.0,1.0,,0.0,,,,,,,,,,,,,,,0.0,,,,1.0,1.0,,,,,,,,,,,,,,,,,,,,,,,,,,,,,0.0,1.0,,,,1.0,,,1.0,,,,,,,,,,,,,,,,,,,,,,,,,,,,,1.0,,,,,,1.0,1.0,1.0,,,,,,,,,,,,,,,,,0.0,1.0,0.0,1.0,1.0,1.0,0.0,1.0,,,,,,,,,,,,,,,,,,,,,,,,,,,,,,,1.0,0.0,0.0,0.0,,0.0,1.0,,,,,,1.0,1.0,,,,,,,,,,,,,,,,,,,,1.0,1.0,,,0.0,0.0,0.0,0.0,0.0,1.0,0.0,,,1.0,1.0,,1.0,1.0,1.0,0.0,1.0,1.0,,1.0,,0.0,,1.0,0.0,0.0,,1.0,1.0,,0.0,0.0,1.0,,1.0,1.0,1.0,0.0,0.0,1.0,0.0,1.0,1.0,0.0,1.0,0.0,0.0,1.0,1.0,,,0.0,1.0,,1.0,0.0,,,0.0,0.0,0.0,1.0,1.0,1.0,1.0
Sérgio Barradas Carneiro,,,1.0,0.0,,,0.0,,,,,,,,,,,,,,,,0.0,1.0,1.0,1.0,,1.0,0.0,0.0,0.0,,,1.0,1.0,1.0,,,,,,,,,,,1.0,1.0,,,1.0,0.0,0.0,1.0,,,,1.0,0.0,0.0,0.0,0.0,1.0,1.0,0.0,0.0,0.0,1.0,0.0,,1.0,0.0,,1.0,0.0,1.0,0.0,0.0,0.0,0.0,1.0,1.0,1.0,,1.0,1.0,1.0,1.0,1.0,0.0,0.0,1.0,0.0,0.0,1.0,1.0,0.0,,0.0,1.0,1.0,0.0,0.0,1.0,0.0,1.0,0.0,0.0,0.0,,1.0,1.0,,,0.0,0.0,0.0,0.0,1.0,0.0,1.0,1.0,0.0,0.0,0.0,1.0,1.0,0.0,0.0,,1.0,1.0,1.0,1.0,1.0,1.0,0.0,1.0,1.0,0.0,,,,,0.0,0.0,1.0,,,,,,,,,0.0,,1.0,,,,,,,1.0,,,0.0,1.0,,,,,,,,,,,,,,0.0,0.0,1.0,,,,,,,,,,,,,,,,,,,,,,,,,,,,,,,,,,,,,,,,,,,,,,,,,,,,,,,,,,,,,,,,,,,,,,,,,,,,,,,,,,,,,,,,,,,,,,,,,,,,,,,,,,,,,,,,,,,,,,,,,,,,,,,,,,,,,,,,,,,,,,,,,,,,,,,,,,,,,,,
Sérgio Brito,1.0,1.0,1.0,1.0,0.0,0.0,,,1.0,1.0,1.0,1.0,1.0,0.0,0.0,1.0,,,1.0,1.0,,,0.0,1.0,1.0,1.0,1.0,1.0,0.0,0.0,,1.0,,0.0,1.0,1.0,1.0,1.0,,,,0.0,0.0,,1.0,,1.0,1.0,1.0,1.0,,,,1.0,0.0,1.0,,,,0.0,0.0,0.0,,,,,,,,,,0.0,1.0,1.0,0.0,0.0,,,0.0,0.0,1.0,,1.0,1.0,1.0,,,,,,0.0,,0.0,0.0,,,0.0,0.0,,1.0,1.0,,,1.0,,1.0,0.0,0.0,0.0,0.0,1.0,,,1.0,1.0,,,,,,,,,0.0,0.0,1.0,1.0,0.0,0.0,,,1.0,1.0,1.0,1.0,1.0,0.0,,,,1.0,,,,1.0,1.0,1.0,,,1.0,,,1.0,1.0,0.0,,1.0,1.0,0.0,,,,0.0,1.0,1.0,1.0,0.0,0.0,1.0,,,,0.0,1.0,1.0,,,,1.0,1.0,1.0,,0.0,0.0,0.0,1.0,1.0,,,,,,,,1.0,1.0,1.0,,0.0,0.0,1.0,,1.0,,,1.0,0.0,1.0,1.0,1.0,1.0,,1.0,1.0,1.0,0.0,,1.0,,0.0,0.0,1.0,0.0,,1.0,,1.0,1.0,,,,,,,0.0,0.0,0.0,1.0,1.0,,0.0,1.0,1.0,,0.0,0.0,,0.0,,,1.0,,,,1.0,1.0,0.0,0.0,0.0,1.0,1.0,1.0,1.0,,,,,1.0,0.0,1.0,1.0,1.0,1.0,0.0,1.0,1.0,1.0,,,0.0,0.0,,,0.0,,,1.0,,,,0.0,,,1.0,0.0,1.0,1.0,,1.0,0.0,,1.0,,0.0,0.0,,1.0,,,1.0,0.0,,,,1.0,1.0,,0.0,,,,,,,0.0,,,0.0,1.0,0.0,,,1.0,,,0.0,0.0,,0.0,0.0,1.0,1.0,0.0,1.0
Sérgio Moraes,1.0,1.0,1.0,1.0,0.0,,,1.0,1.0,,,,,,0.0,1.0,1.0,,1.0,,1.0,,0.0,1.0,1.0,1.0,1.0,1.0,,0.0,,1.0,1.0,0.0,,,,1.0,1.0,1.0,,0.0,,,,,1.0,1.0,,,1.0,,0.0,1.0,1.0,,1.0,,,,,,,1.0,,,,,0.0,1.0,1.0,0.0,,1.0,0.0,1.0,0.0,,1.0,0.0,1.0,1.0,1.0,1.0,,,,1.0,1.0,0.0,0.0,1.0,,,1.0,,,,,0.0,1.0,1.0,0.0,1.0,,0.0,0.0,0.0,0.0,0.0,,,1.0,1.0,,0.0,,0.0,,,,,,,,1.0,,0.0,,0.0,,1.0,1.0,,1.0,1.0,,0.0,1.0,1.0,1.0,1.0,,,1.0,1.0,1.0,,1.0,,,1.0,1.0,1.0,0.0,,,1.0,1.0,,,0.0,,0.0,1.0,,0.0,0.0,1.0,,,0.0,,0.0,0.0,,0.0,0.0,1.0,,,,0.0,1.0,0.0,1.0,1.0,1.0,1.0,1.0,1.0,1.0,,,,,,0.0,1.0,0.0,1.0,,,1.0,,,,,,,,1.0,0.0,1.0,,1.0,1.0,1.0,,,,,,,,,,,,,,,,,,,,,1.0,1.0,1.0,,,0.0,1.0,,,,,1.0,1.0,0.0,1.0,0.0,,1.0,,,,,1.0,,0.0,1.0,1.0,0.0,1.0,,,,0.0,,,1.0,1.0,1.0,1.0,0.0,1.0,0.0,,,,1.0,,0.0,,0.0,,,0.0,,1.0,,,1.0,0.0,,0.0,,1.0,0.0,,0.0,,1.0,1.0,,1.0,1.0,,1.0,1.0,1.0,,,0.0,0.0,1.0,1.0,0.0,1.0,1.0,1.0,0.0,1.0,1.0,,0.0,1.0,0.0,0.0,,,,,,1.0,,0.0,,,,
Takayama,,,1.0,1.0,,,0.0,1.0,,1.0,1.0,1.0,1.0,0.0,,,1.0,,,1.0,1.0,,,1.0,1.0,,,1.0,,0.0,,,,0.0,1.0,1.0,1.0,0.0,,,,0.0,,,1.0,,,1.0,1.0,,1.0,0.0,0.0,,1.0,1.0,1.0,1.0,,,0.0,0.0,,1.0,,0.0,0.0,1.0,0.0,1.0,,0.0,0.0,1.0,0.0,0.0,0.0,,0.0,0.0,1.0,1.0,1.0,1.0,,,,1.0,1.0,0.0,0.0,,,0.0,1.0,1.0,,0.0,0.0,1.0,1.0,0.0,0.0,1.0,1.0,1.0,,0.0,0.0,0.0,,1.0,1.0,1.0,0.0,,0.0,0.0,1.0,0.0,1.0,1.0,0.0,0.0,0.0,1.0,,0.0,0.0,,1.0,,1.0,1.0,1.0,1.0,0.0,,1.0,0.0,1.0,1.0,0.0,1.0,1.0,1.0,1.0,1.0,1.0,0.0,,0.0,,1.0,,,,0.0,,,0.0,0.0,,0.0,1.0,1.0,,0.0,1.0,0.0,0.0,0.0,0.0,1.0,,0.0,,,,1.0,,1.0,0.0,1.0,0.0,1.0,1.0,,,1.0,1.0,1.0,0.0,1.0,0.0,0.0,1.0,0.0,0.0,0.0,1.0,1.0,,,,1.0,,1.0,1.0,1.0,0.0,1.0,0.0,0.0,1.0,0.0,,1.0,0.0,1.0,,1.0,0.0,0.0,,0.0,,,,,,,,0.0,0.0,0.0,,1.0,1.0,,,1.0,1.0,,1.0,1.0,,0.0,,,1.0,0.0,0.0,0.0,1.0,1.0,0.0,,0.0,1.0,1.0,,1.0,0.0,1.0,1.0,1.0,1.0,,,1.0,,1.0,,1.0,1.0,1.0,0.0,,,,0.0,,,,,,0.0,1.0,,,,,,0.0,,0.0,0.0,1.0,,1.0,,,0.0,0.0,1.0,1.0,0.0,,1.0,0.0,1.0,,1.0,,,,,,,,,0.0,1.0,,,,,,,,,1.0,,1.0,,0.0,,,0.0,,1.0,0.0,
Taumaturgo Lima,,1.0,1.0,1.0,1.0,1.0,,1.0,,1.0,1.0,1.0,1.0,,,,,,1.0,,1.0,1.0,0.0,1.0,1.0,1.0,1.0,1.0,0.0,0.0,,,,1.0,1.0,1.0,,0.0,0.0,,0.0,1.0,,,,,1.0,1.0,1.0,1.0,1.0,0.0,0.0,1.0,0.0,0.0,1.0,1.0,0.0,0.0,0.0,0.0,1.0,1.0,0.0,0.0,,1.0,0.0,1.0,1.0,0.0,,,0.0,1.0,,,0.0,0.0,1.0,1.0,1.0,,1.0,1.0,1.0,1.0,1.0,0.0,0.0,1.0,0.0,,1.0,1.0,0.0,,,1.0,1.0,0.0,,1.0,0.0,1.0,0.0,0.0,,0.0,1.0,1.0,,1.0,,0.0,0.0,,1.0,0.0,1.0,1.0,0.0,0.0,0.0,1.0,1.0,0.0,0.0,,1.0,1.0,1.0,1.0,1.0,1.0,0.0,,1.0,0.0,0.0,0.0,,,0.0,0.0,,1.0,1.0,0.0,,,,0.0,0.0,0.0,,,0.0,1.0,,0.0,,,1.0,,0.0,0.0,1.0,0.0,0.0,0.0,,,,0.0,0.0,0.0,1.0,1.0,,,0.0,0.0,,1.0,,1.0,1.0,1.0,1.0,,0.0,1.0,0.0,,1.0,,0.0,0.0,1.0,0.0,1.0,,,,,,,,,1.0,0.0,0.0,0.0,,,,,0.0,,,,0.0,,0.0,1.0,,0.0,,1.0,1.0,0.0,,0.0,,,0.0,1.0,1.0,0.0,,1.0,0.0,0.0,,0.0,0.0,,,,,,,1.0,1.0,0.0,,0.0,1.0,1.0,,1.0,,,,1.0,1.0,,,,1.0,1.0,1.0,1.0,1.0,1.0,,1.0,0.0,0.0,0.0,0.0,0.0,,0.0,,1.0,1.0,,,,1.0,1.0,0.0,,1.0,0.0,1.0,1.0,0.0,,,0.0,0.0,1.0,1.0,1.0,,0.0,,1.0,,1.0,1.0,,,0.0,,0.0,1.0,,,,,0.0,,1.0,,,0.0,1.0,1.0,1.0,,,,,0.0,,,1.0,,1.0
Telma Pinheiro,,,,,,,,,,,,1.0,,,,,,,,,,,,,,,,,,,,,,,,,,,,,,,,,,,,,,,,,,,,,,,,,,,,,,,,,,,,,,,,,,,,,,,,,,,,,,,,,,,,,,,,,,,,,,,,,,,,,,,,,,,,,,,,,,,,,,,,,,,,,,,,,,,,,,,,,,,,,,,,,,,,,,,,,,,,,,,,,,,,,1.0,1.0,,,,,,,,,,,,,,,,,,,,,,,,,,,,,,,,,,,,,,,,,,,,,,,,,,,,,,,,,,,,,,,,,,,,,,,,,,,,,,,,,,,,,,,,,,,,,,,,,,,,,,,,,,,,,,,,,,,,,,,,,,,,,,,,,,,,,,,,,,,,,,,,,,,,,,,,,,,,,,,,,,,,,,
Teresa Surita,1.0,1.0,,1.0,0.0,0.0,,,,,,1.0,,,,,,,,,,,,1.0,1.0,1.0,1.0,,0.0,0.0,,,,,1.0,1.0,,,,,,,,,,,,1.0,,,,,,,,,,,0.0,0.0,0.0,0.0,,,0.0,0.0,0.0,1.0,0.0,1.0,1.0,0.0,,1.0,0.0,1.0,,,0.0,0.0,1.0,1.0,1.0,,,1.0,1.0,1.0,1.0,0.0,0.0,1.0,0.0,,,,,0.0,0.0,,1.0,,,,,,,,0.0,,,,,,,0.0,0.0,,,,,,,0.0,0.0,1.0,1.0,0.0,0.0,,1.0,1.0,1.0,1.0,1.0,1.0,,,,,1.0,0.0,,,,,,,,,,,,1.0,0.0,,1.0,,,,,,,,,,,,,0.0,,,,,,,0.0,0.0,1.0,,,1.0,,,,,,,1.0,,,,,,0.0,,,,,,,,,,,,,,,,,,,,,,,,,,,,,,,,,,,,,,,,,,,,,,,,,,,,,,,,,,,,,,,,,,,,,,,,,,,,,,,,,,,,,,,,,,,,,,,,,,,,,,,,,,,,,,,,,,,,,,,,,,,,,,,,,,,,,,,,,,,,,,,,,,,,,
Thiago Peixoto,,,,,,,,,,,,,,,0.0,1.0,1.0,1.0,,,,,,,,,,,,,,,,,,,,,,,,,,1.0,,1.0,,,,1.0,,,,,,,1.0,,,0.0,0.0,,,,,,,,,,,,,,,,,,0.0,0.0,1.0,,,,,,,,,,,,,,,,,,,,,,,,,,,,,,,,,,,,,,,,,,,,,,,,0.0,0.0,1.0,1.0,1.0,1.0,1.0,1.0,,,,,,,,,,,,1.0,,,1.0,,,,,,,,,,,,,,,,,,,,,,,,,,,,,1.0,,,,,,1.0,1.0,1.0,,,,,0.0,,,,,,,,,,,1.0,1.0,,,,,,,1.0,,,,,,,,,,,,,,,,,,,,,,,,,,,,,,,,,,,,,1.0,,,,,,1.0,1.0,,,,,,,,,,,,,,,,,,,,,,,,,,,,,,,,,1.0,1.0,,,1.0,1.0,,1.0,,,,,,,,,0.0,,,0.0,,1.0,0.0,1.0,,1.0,1.0,1.0,0.0,0.0,,1.0,,0.0,0.0,0.0,0.0,1.0,1.0,0.0,1.0,1.0,0.0,1.0,1.0,1.0,0.0,0.0,0.0,1.0,,0.0,1.0,1.0,0.0,1.0
Tiririca,1.0,1.0,1.0,1.0,0.0,0.0,1.0,1.0,1.0,1.0,1.0,1.0,1.0,0.0,1.0,1.0,1.0,1.0,1.0,1.0,1.0,0.0,0.0,1.0,1.0,1.0,1.0,0.0,0.0,0.0,0.0,1.0,1.0,0.0,1.0,1.0,1.0,0.0,0.0,0.0,0.0,0.0,,1.0,1.0,1.0,1.0,1.0,1.0,1.0,1.0,0.0,0.0,1.0,0.0,1.0,1.0,1.0,0.0,0.0,0.0,0.0,1.0,1.0,0.0,0.0,0.0,1.0,0.0,1.0,1.0,0.0,0.0,1.0,0.0,1.0,0.0,0.0,1.0,0.0,1.0,1.0,1.0,1.0,1.0,1.0,1.0,1.0,1.0,0.0,0.0,1.0,0.0,0.0,1.0,1.0,0.0,0.0,0.0,0.0,0.0,0.0,0.0,1.0,1.0,,0.0,0.0,0.0,0.0,1.0,1.0,1.0,1.0,0.0,0.0,0.0,,1.0,0.0,1.0,1.0,0.0,0.0,0.0,1.0,1.0,0.0,0.0,0.0,1.0,1.0,1.0,1.0,1.0,1.0,0.0,0.0,1.0,0.0,1.0,1.0,0.0,1.0,1.0,1.0,1.0,1.0,1.0,1.0,1.0,0.0,1.0,1.0,0.0,0.0,1.0,1.0,1.0,1.0,0.0,0.0,,0.0,1.0,,0.0,1.0,1.0,0.0,0.0,0.0,0.0,1.0,1.0,0.0,0.0,1.0,1.0,1.0,1.0,1.0,0.0,1.0,1.0,1.0,1.0,1.0,1.0,1.0,1.0,1.0,0.0,1.0,0.0,0.0,1.0,0.0,0.0,0.0,1.0,0.0,1.0,0.0,1.0,1.0,0.0,1.0,1.0,1.0,1.0,1.0,0.0,0.0,1.0,1.0,1.0,1.0,0.0,0.0,0.0,0.0,1.0,0.0,0.0,0.0,0.0,1.0,0.0,0.0,1.0,1.0,0.0,0.0,0.0,0.0,0.0,0.0,1.0,1.0,0.0,1.0,1.0,0.0,1.0,1.0,0.0,0.0,1.0,0.0,1.0,0.0,1.0,1.0,1.0,1.0,0.0,0.0,0.0,1.0,1.0,1.0,1.0,1.0,1.0,0.0,1.0,1.0,0.0,1.0,1.0,1.0,1.0,1.0,1.0,1.0,1.0,0.0,1.0,0.0,0.0,0.0,0.0,0.0,1.0,0.0,1.0,1.0,1.0,1.0,0.0,1.0,1.0,1.0,0.0,1.0,0.0,0.0,0.0,1.0,0.0,1.0,1.0,0.0,1.0,1.0,1.0,1.0,1.0,1.0,0.0,1.0,1.0,1.0,1.0,1.0,0.0,0.0,1.0,0.0,1.0,1.0,0.0,0.0,0.0,1.0,1.0,0.0,0.0,1.0,0.0,1.0,1.0,1.0,1.0,0.0,0.0,1.0,0.0,0.0,1.0,1.0,0.0,1.0
Toninho Pinheiro,1.0,1.0,1.0,1.0,0.0,0.0,,1.0,1.0,1.0,1.0,1.0,1.0,0.0,0.0,1.0,1.0,,1.0,1.0,1.0,,1.0,1.0,0.0,,,1.0,0.0,0.0,0.0,,1.0,0.0,1.0,1.0,1.0,1.0,1.0,0.0,0.0,0.0,,,1.0,,,1.0,1.0,,1.0,0.0,0.0,1.0,1.0,,,1.0,0.0,0.0,0.0,0.0,1.0,1.0,0.0,0.0,0.0,1.0,1.0,1.0,1.0,0.0,1.0,1.0,0.0,1.0,0.0,0.0,0.0,0.0,1.0,1.0,1.0,1.0,1.0,1.0,1.0,1.0,1.0,0.0,0.0,1.0,0.0,0.0,1.0,1.0,0.0,0.0,0.0,1.0,1.0,0.0,0.0,1.0,0.0,1.0,0.0,0.0,0.0,0.0,1.0,1.0,1.0,1.0,0.0,0.0,0.0,0.0,1.0,0.0,1.0,1.0,0.0,0.0,0.0,1.0,1.0,0.0,0.0,0.0,1.0,1.0,1.0,1.0,1.0,1.0,0.0,1.0,1.0,0.0,0.0,0.0,,,1.0,1.0,1.0,1.0,1.0,0.0,,0.0,,0.0,0.0,0.0,1.0,1.0,0.0,1.0,,0.0,0.0,1.0,1.0,1.0,1.0,0.0,1.0,0.0,0.0,0.0,0.0,1.0,1.0,0.0,,0.0,1.0,1.0,,1.0,0.0,1.0,0.0,1.0,1.0,1.0,,1.0,1.0,1.0,0.0,,,,,,0.0,,1.0,0.0,1.0,1.0,1.0,1.0,1.0,1.0,1.0,1.0,,1.0,0.0,0.0,0.0,0.0,,,0.0,,,,,,,,,,,,,,,0.0,,,,0.0,1.0,1.0,,,1.0,0.0,0.0,0.0,0.0,0.0,,,1.0,,0.0,0.0,,1.0,,0.0,0.0,,,1.0,1.0,,,,1.0,1.0,0.0,1.0,,1.0,1.0,1.0,1.0,1.0,,1.0,,,,0.0,0.0,0.0,1.0,0.0,1.0,,1.0,,0.0,,,,0.0,1.0,,1.0,1.0,0.0,1.0,1.0,,,,,0.0,,1.0,0.0,0.0,1.0,1.0,1.0,0.0,0.0,0.0,0.0,1.0,1.0,1.0,,,,,1.0,,0.0,0.0,1.0,0.0,,1.0,1.0,,0.0,0.0,,,0.0,1.0,1.0,0.0,1.0
Urzeni Rocha,,,,,,,,1.0,,,,,1.0,0.0,,1.0,,,,1.0,1.0,0.0,,,,,,,,,,1.0,,,,,0.0,0.0,,,,,,,,1.0,,,,,,,,,0.0,1.0,,,,,,,,,,,,,,,,,,,,,,,,,,,,,,,,,,,,,,,,,,,,,,,,,,,,,,,,,1.0,1.0,,,,,,,,,,,,,,,,,,,,,,,,,,,,,,,,,,1.0,1.0,1.0,1.0,,,,,,,,,,,,,,,,,,,,,,0.0,1.0,1.0,,,,,,,,,,,,,,,1.0,1.0,1.0,,,,,,1.0,,,,,,1.0,1.0,1.0,0.0,,,,,,1.0,1.0,,,,,1.0,,,,,,,,,,,,,,,0.0,,,,,0.0,0.0,,,1.0,0.0,1.0,1.0,0.0,,1.0,,1.0,,0.0,,,1.0,,,,,,,,,,,1.0,1.0,0.0,,1.0,1.0,,,,1.0,1.0,0.0,1.0,1.0,0.0,0.0,,,,,,1.0,,1.0,,,,,0.0,1.0,0.0,,0.0,,1.0,,1.0,,,,0.0,,,1.0,,1.0,,,1.0,1.0,,,1.0,,,,0.0,,0.0,1.0,1.0,,,1.0,,,,1.0,,,,1.0,,,1.0,1.0,1.0,1.0
Valadares Filho,1.0,1.0,1.0,0.0,,1.0,0.0,1.0,,,,,1.0,0.0,1.0,,1.0,1.0,1.0,1.0,1.0,0.0,0.0,1.0,1.0,1.0,1.0,1.0,0.0,0.0,,1.0,1.0,,1.0,1.0,,,,,,,0.0,1.0,1.0,1.0,1.0,1.0,1.0,,1.0,0.0,0.0,,1.0,1.0,1.0,1.0,0.0,0.0,0.0,0.0,1.0,,0.0,0.0,0.0,1.0,0.0,1.0,1.0,0.0,0.0,1.0,0.0,1.0,0.0,0.0,0.0,0.0,1.0,1.0,1.0,,1.0,1.0,1.0,1.0,1.0,0.0,,1.0,,0.0,1.0,1.0,0.0,0.0,0.0,1.0,1.0,0.0,0.0,1.0,1.0,,0.0,,0.0,0.0,,,1.0,1.0,0.0,0.0,0.0,0.0,1.0,0.0,1.0,1.0,0.0,,,1.0,1.0,0.0,0.0,,1.0,1.0,1.0,1.0,1.0,,0.0,,1.0,0.0,0.0,0.0,0.0,1.0,1.0,1.0,1.0,1.0,1.0,0.0,1.0,0.0,1.0,0.0,0.0,,,,1.0,,0.0,0.0,0.0,1.0,,1.0,0.0,,,,0.0,0.0,0.0,1.0,,0.0,0.0,0.0,1.0,1.0,,1.0,,,1.0,,,0.0,1.0,1.0,1.0,1.0,0.0,1.0,,,,,,,,0.0,,,,1.0,1.0,1.0,1.0,1.0,1.0,1.0,0.0,1.0,1.0,1.0,,,0.0,1.0,1.0,1.0,0.0,0.0,1.0,0.0,1.0,1.0,0.0,0.0,1.0,1.0,,0.0,0.0,0.0,1.0,1.0,,1.0,,1.0,1.0,0.0,1.0,0.0,1.0,0.0,1.0,0.0,1.0,,,0.0,1.0,1.0,,0.0,,1.0,,,0.0,0.0,1.0,,1.0,1.0,,1.0,,1.0,1.0,1.0,1.0,1.0,1.0,0.0,1.0,,,,,,,,,1.0,1.0,1.0,,1.0,1.0,1.0,0.0,1.0,1.0,0.0,1.0,,0.0,,1.0,0.0,0.0,1.0,1.0,1.0,1.0,1.0,0.0,1.0,1.0,1.0,1.0,1.0,1.0,0.0,,,0.0,,,,,1.0,1.0,0.0,0.0,1.0,,0.0,1.0,1.0,1.0,,0.0,1.0,1.0,0.0,1.0,1.0,0.0,1.0
Valdemar Costa Neto,1.0,1.0,,,0.0,,,,,,,,,,,,,,,,,1.0,,,,,1.0,1.0,,,0.0,,,0.0,,1.0,,,,,,,,,,,,1.0,,,,,,1.0,,,,,,0.0,0.0,,,,,,,,,,,,,,,,,,0.0,0.0,1.0,,,,1.0,,,,,,,,,,,,,,,,,,,,,,,,,1.0,,,,,,0.0,,0.0,1.0,0.0,1.0,,,0.0,,1.0,1.0,0.0,0.0,,1.0,1.0,,,,,0.0,1.0,1.0,,0.0,,,,,,,,1.0,,,1.0,,1.0,,,,,,1.0,,,,,,,,,,,,,,,1.0,,,,,,,1.0,,,,,,,,1.0,1.0,,,,,,,,0.0,,,0.0,,,,,,,,,,,,,0.0,,,,,0.0,,,,0.0,0.0,,0.0,,,,,,,,,,0.0,,,,,,1.0,,,,,,,,,,,,,,0.0,,,1.0,,,,,,,,,,,,,,,,,,0.0,,,,,,,,,,,,,,,,,,,,,,,,,,,,,1.0,,,,,,,,,,,,,,,,,,,,,,,,,,,,,,,,,,,,,
Valdir Colatto,1.0,1.0,1.0,1.0,0.0,0.0,0.0,0.0,1.0,1.0,,1.0,,0.0,0.0,1.0,,,,1.0,1.0,0.0,0.0,1.0,1.0,1.0,0.0,1.0,0.0,0.0,0.0,0.0,1.0,0.0,1.0,1.0,1.0,,1.0,1.0,,0.0,0.0,,,,1.0,,,,0.0,,,1.0,0.0,1.0,1.0,1.0,,,,,,0.0,,0.0,,,1.0,1.0,1.0,0.0,,1.0,,,,,,,,1.0,,1.0,,0.0,0.0,,,0.0,,1.0,0.0,1.0,,,,,,0.0,0.0,,0.0,1.0,1.0,0.0,0.0,,0.0,0.0,1.0,0.0,1.0,1.0,1.0,0.0,,0.0,1.0,0.0,1.0,1.0,0.0,,0.0,,1.0,,,,1.0,1.0,1.0,1.0,,,0.0,1.0,0.0,1.0,,0.0,,,,,,,1.0,0.0,,,1.0,1.0,0.0,,,1.0,0.0,,,0.0,0.0,1.0,,1.0,0.0,0.0,1.0,0.0,0.0,,0.0,1.0,1.0,0.0,0.0,1.0,,,1.0,,,1.0,0.0,,,,,1.0,1.0,1.0,0.0,1.0,1.0,1.0,1.0,,,,,0.0,1.0,,,,,,,,,,0.0,,1.0,0.0,1.0,,,1.0,1.0,1.0,1.0,0.0,1.0,,1.0,1.0,0.0,0.0,1.0,1.0,1.0,0.0,0.0,0.0,1.0,0.0,1.0,,,,1.0,,1.0,0.0,1.0,0.0,,1.0,1.0,,0.0,1.0,1.0,1.0,,,0.0,1.0,1.0,,,1.0,1.0,0.0,1.0,1.0,0.0,0.0,1.0,1.0,0.0,1.0,1.0,1.0,1.0,,1.0,1.0,,,,,,,,0.0,1.0,,0.0,,1.0,1.0,,1.0,0.0,,,,1.0,1.0,,1.0,,,0.0,0.0,1.0,1.0,0.0,1.0,1.0,,,,,,0.0,,,,,,,,,0.0,,1.0,,,,,,,,,,,,,,
Valdivino de Oliveira,1.0,,1.0,1.0,,,1.0,,,1.0,,,1.0,0.0,,,1.0,,,1.0,1.0,0.0,0.0,1.0,1.0,1.0,,0.0,1.0,1.0,,0.0,,0.0,1.0,1.0,,0.0,0.0,,0.0,0.0,,,1.0,,1.0,1.0,,1.0,0.0,,,1.0,0.0,1.0,,,,,1.0,,0.0,0.0,,,,1.0,1.0,0.0,1.0,1.0,1.0,0.0,1.0,0.0,,1.0,1.0,1.0,0.0,0.0,1.0,,0.0,0.0,0.0,0.0,1.0,,,0.0,1.0,1.0,0.0,0.0,0.0,0.0,0.0,0.0,0.0,,,,0.0,1.0,,,1.0,0.0,1.0,0.0,,1.0,1.0,,,,,,0.0,0.0,1.0,,1.0,0.0,0.0,,,,,,,,,,,,0.0,1.0,0.0,0.0,0.0,1.0,1.0,1.0,1.0,1.0,1.0,1.0,,,0.0,,,,,1.0,,,,,,,1.0,,1.0,,,,,,0.0,1.0,1.0,,,,,,,,,,,,,1.0,,1.0,1.0,1.0,0.0,1.0,,1.0,,1.0,,,,1.0,,1.0,1.0,1.0,,,,,0.0,1.0,,,1.0,0.0,,,1.0,1.0,1.0,1.0,,,,,,,,,,,,1.0,,,,1.0,0.0,0.0,,,1.0,,1.0,,0.0,1.0,,0.0,1.0,1.0,0.0,1.0,,,0.0,,,1.0,1.0,,1.0,1.0,1.0,0.0,1.0,,0.0,0.0,1.0,0.0,,,,1.0,1.0,0.0,1.0,1.0,0.0,,0.0,0.0,1.0,0.0,0.0,,,,,,,,,,0.0,1.0,0.0,0.0,0.0,,,0.0,,,1.0,,,,,,,1.0,,,,,1.0,,,,1.0,1.0,,1.0,,,,,,0.0,,1.0,1.0,,,,,,,,,
Valmir Assunção,1.0,1.0,0.0,0.0,1.0,1.0,,1.0,1.0,1.0,1.0,1.0,1.0,0.0,0.0,0.0,0.0,1.0,1.0,0.0,0.0,1.0,,,,1.0,1.0,1.0,0.0,0.0,0.0,1.0,1.0,1.0,1.0,1.0,1.0,0.0,0.0,0.0,0.0,1.0,0.0,1.0,1.0,1.0,1.0,1.0,1.0,1.0,1.0,0.0,0.0,1.0,1.0,0.0,1.0,,0.0,0.0,0.0,0.0,,1.0,,0.0,0.0,1.0,0.0,,,0.0,1.0,1.0,,1.0,0.0,0.0,0.0,0.0,1.0,1.0,1.0,1.0,1.0,1.0,,1.0,1.0,0.0,,1.0,0.0,0.0,1.0,1.0,0.0,0.0,0.0,1.0,1.0,0.0,0.0,1.0,0.0,1.0,0.0,0.0,0.0,0.0,1.0,1.0,,1.0,0.0,0.0,0.0,0.0,1.0,0.0,1.0,1.0,0.0,0.0,0.0,1.0,1.0,0.0,,0.0,1.0,1.0,1.0,1.0,1.0,1.0,0.0,,1.0,0.0,0.0,0.0,,1.0,0.0,0.0,1.0,1.0,1.0,0.0,1.0,,0.0,0.0,0.0,0.0,1.0,1.0,,,0.0,0.0,,1.0,1.0,1.0,0.0,0.0,1.0,0.0,0.0,0.0,0.0,1.0,,0.0,0.0,0.0,1.0,1.0,1.0,0.0,0.0,0.0,1.0,,1.0,0.0,,0.0,1.0,1.0,0.0,1.0,0.0,0.0,1.0,0.0,0.0,0.0,1.0,0.0,1.0,,0.0,1.0,0.0,1.0,1.0,1.0,0.0,1.0,0.0,0.0,0.0,0.0,,,0.0,0.0,0.0,0.0,0.0,0.0,1.0,0.0,1.0,1.0,0.0,1.0,1.0,1.0,0.0,,0.0,0.0,0.0,0.0,1.0,1.0,0.0,1.0,1.0,,0.0,0.0,0.0,0.0,1.0,0.0,1.0,0.0,1.0,0.0,1.0,1.0,0.0,0.0,0.0,1.0,1.0,1.0,1.0,0.0,0.0,1.0,,1.0,,1.0,0.0,1.0,1.0,0.0,1.0,1.0,1.0,1.0,1.0,0.0,0.0,0.0,0.0,0.0,1.0,0.0,,1.0,1.0,1.0,0.0,1.0,1.0,1.0,0.0,1.0,1.0,,1.0,1.0,0.0,0.0,1.0,0.0,,1.0,1.0,1.0,0.0,0.0,0.0,1.0,0.0,1.0,1.0,1.0,0.0,0.0,1.0,0.0,1.0,1.0,0.0,1.0,,0.0,1.0,1.0,,,,1.0,1.0,1.0,1.0,,,0.0,0.0,,1.0,1.0,1.0,1.0
Valry Morais,,,,,,,,,,,,,,,,,,,,,,,,,,,,,,,,,,,,,,,,,,,,,,,,,,,,,,,,,,,,,,,,,,,,,,,,,,,,,,,,,,,,,,,,,,,,,,,,,,,,,,,,,,,,,,,,,,,,,,,,,,,,,,,,,,,,,,,,,,,,,,,,,,,,,,,,,,,,,,,,,,,,,,,,0.0,1.0,0.0,,,,,,,,1.0,,,1.0,,0.0,0.0,1.0,,,,,,,,,,,,,,,,,,,,,,,,,,,,,,,,,,,,,,,,,,,,,,,,,,,,,,,,,,,,,,,,,,,,,,,,,,,,,,,,,,,,,,,,,,,,,,,,,,,,,,,,,,,,,,,,,,,,,,,,,,,,,,,,,,,,,,,,,,,,,,,,,,,,,,,,,,,,,,,
Valtenir Pereira,,,1.0,0.0,0.0,0.0,0.0,1.0,1.0,1.0,1.0,1.0,1.0,,1.0,0.0,,1.0,1.0,1.0,1.0,0.0,0.0,1.0,1.0,,1.0,,,,,1.0,1.0,,,,1.0,0.0,,0.0,0.0,1.0,,1.0,1.0,,,,1.0,1.0,,,,,1.0,1.0,1.0,,0.0,,0.0,,1.0,,0.0,,,,0.0,,1.0,0.0,1.0,1.0,0.0,1.0,0.0,0.0,0.0,0.0,1.0,1.0,,,,1.0,1.0,1.0,1.0,0.0,,,,0.0,1.0,,,,0.0,1.0,1.0,,,1.0,1.0,,,0.0,0.0,0.0,,,1.0,1.0,,0.0,,0.0,1.0,0.0,1.0,1.0,0.0,0.0,,,1.0,0.0,,0.0,1.0,1.0,,,,1.0,,,,0.0,,,0.0,1.0,1.0,1.0,1.0,1.0,1.0,,1.0,,,0.0,,,1.0,,,,0.0,0.0,,1.0,1.0,,0.0,0.0,,0.0,,,0.0,1.0,1.0,0.0,,,1.0,1.0,1.0,1.0,0.0,,,1.0,1.0,1.0,,0.0,1.0,1.0,0.0,1.0,0.0,,,,,,,0.0,,1.0,1.0,1.0,0.0,1.0,1.0,1.0,1.0,1.0,0.0,1.0,1.0,1.0,1.0,,0.0,0.0,0.0,0.0,0.0,0.0,0.0,,,,0.0,1.0,1.0,1.0,0.0,0.0,,0.0,1.0,,1.0,1.0,0.0,,1.0,0.0,1.0,0.0,0.0,,1.0,0.0,1.0,0.0,1.0,0.0,1.0,1.0,0.0,,,1.0,1.0,1.0,0.0,1.0,1.0,0.0,1.0,1.0,,1.0,,1.0,1.0,1.0,0.0,1.0,1.0,1.0,1.0,,0.0,,,,1.0,0.0,1.0,,1.0,1.0,,1.0,,1.0,,1.0,1.0,,,,0.0,1.0,1.0,0.0,0.0,1.0,1.0,1.0,1.0,1.0,,1.0,1.0,1.0,1.0,1.0,0.0,0.0,1.0,,,,0.0,1.0,0.0,0.0,,0.0,,,0.0,1.0,1.0,1.0,0.0,0.0,,1.0,0.0,0.0,1.0,1.0,1.0,1.0
Vander Loubet,1.0,1.0,,0.0,0.0,0.0,0.0,,1.0,1.0,1.0,,,,,,,,1.0,1.0,1.0,1.0,0.0,1.0,1.0,1.0,1.0,1.0,0.0,0.0,0.0,,1.0,0.0,,1.0,,0.0,0.0,0.0,0.0,0.0,,1.0,1.0,,1.0,1.0,,,,,,1.0,,,1.0,1.0,,0.0,0.0,,,,0.0,,,,0.0,,1.0,,1.0,1.0,,1.0,,0.0,0.0,0.0,1.0,,1.0,,,1.0,,,1.0,0.0,0.0,1.0,0.0,,,1.0,,,,1.0,,0.0,,1.0,0.0,1.0,,0.0,0.0,0.0,1.0,1.0,1.0,1.0,,0.0,0.0,0.0,1.0,0.0,1.0,1.0,0.0,,,1.0,,0.0,0.0,0.0,1.0,1.0,1.0,1.0,1.0,1.0,,,,0.0,0.0,0.0,,,0.0,0.0,1.0,,1.0,,1.0,,,,,,1.0,,,,,,,,,1.0,0.0,0.0,1.0,,0.0,0.0,1.0,1.0,1.0,,0.0,0.0,,,1.0,,0.0,,1.0,1.0,1.0,1.0,1.0,,1.0,1.0,0.0,0.0,,,1.0,0.0,0.0,0.0,0.0,0.0,1.0,,0.0,1.0,,,,1.0,,,0.0,0.0,0.0,0.0,1.0,1.0,0.0,0.0,0.0,0.0,0.0,0.0,1.0,0.0,,1.0,0.0,1.0,1.0,1.0,0.0,0.0,0.0,0.0,0.0,0.0,1.0,1.0,,1.0,1.0,,0.0,,,0.0,1.0,0.0,,0.0,,0.0,1.0,1.0,,0.0,0.0,,1.0,,1.0,1.0,1.0,1.0,,,,,1.0,1.0,,1.0,1.0,1.0,1.0,1.0,,0.0,0.0,0.0,0.0,,1.0,0.0,,1.0,1.0,1.0,,,1.0,1.0,0.0,1.0,,0.0,1.0,1.0,0.0,0.0,,1.0,,0.0,1.0,1.0,,,0.0,,,,1.0,,0.0,0.0,,0.0,1.0,1.0,0.0,1.0,0.0,0.0,1.0,,,,,1.0,,1.0,0.0,,,1.0,,,,1.0,0.0,1.0
Vanderlei Macris,1.0,1.0,1.0,1.0,1.0,1.0,,1.0,1.0,1.0,1.0,,1.0,0.0,0.0,1.0,1.0,,1.0,1.0,,,0.0,1.0,,1.0,1.0,1.0,1.0,1.0,,0.0,1.0,0.0,1.0,1.0,1.0,1.0,0.0,0.0,1.0,0.0,,,1.0,1.0,1.0,1.0,,1.0,,,,1.0,0.0,,1.0,1.0,,,,,0.0,,,,1.0,1.0,1.0,0.0,1.0,1.0,1.0,0.0,1.0,0.0,,,1.0,1.0,0.0,,1.0,0.0,0.0,0.0,0.0,0.0,1.0,,,0.0,,1.0,0.0,0.0,,0.0,0.0,0.0,0.0,,,,,1.0,,,1.0,0.0,1.0,0.0,1.0,1.0,,,,,,,,,,,1.0,,0.0,1.0,,1.0,0.0,,0.0,,,,,0.0,,1.0,1.0,1.0,0.0,1.0,0.0,1.0,1.0,1.0,1.0,1.0,1.0,0.0,,0.0,1.0,,,1.0,1.0,0.0,,,0.0,0.0,1.0,,1.0,,,,,1.0,0.0,1.0,1.0,,,1.0,1.0,1.0,0.0,0.0,,0.0,0.0,1.0,1.0,1.0,,1.0,1.0,1.0,0.0,,1.0,,,,,,,,,0.0,0.0,1.0,1.0,1.0,1.0,1.0,0.0,1.0,1.0,1.0,1.0,0.0,,,1.0,,,,,,,,,,,,0.0,,,1.0,,,,1.0,,0.0,1.0,,1.0,1.0,1.0,0.0,0.0,0.0,1.0,0.0,1.0,1.0,,,1.0,1.0,0.0,,,1.0,1.0,,,1.0,1.0,1.0,1.0,1.0,,0.0,1.0,,1.0,1.0,1.0,1.0,1.0,0.0,1.0,1.0,0.0,,0.0,0.0,,,0.0,1.0,,,0.0,1.0,1.0,1.0,,1.0,,1.0,0.0,,,1.0,1.0,1.0,,,0.0,1.0,1.0,0.0,,1.0,1.0,1.0,1.0,1.0,,,1.0,,,,1.0,,0.0,1.0,1.0,0.0,0.0,1.0,0.0,0.0,1.0,0.0,0.0,0.0,0.0,1.0,1.0,,1.0,,0.0,1.0
Vanderlei Siraque,1.0,1.0,,,1.0,1.0,,1.0,,1.0,1.0,1.0,,0.0,,0.0,0.0,1.0,,0.0,0.0,1.0,0.0,1.0,1.0,1.0,1.0,1.0,0.0,0.0,0.0,1.0,1.0,,1.0,1.0,1.0,,,,1.0,1.0,0.0,1.0,1.0,,1.0,1.0,1.0,0.0,,,,1.0,0.0,0.0,1.0,,,,,,,,,,,,,,,,,,,,,,,,,,,1.0,,,,,,,,,,,1.0,1.0,,,,,,,,,,,,,,0.0,1.0,,,1.0,,0.0,0.0,0.0,1.0,0.0,1.0,1.0,0.0,0.0,0.0,1.0,1.0,0.0,0.0,0.0,1.0,1.0,1.0,1.0,1.0,1.0,0.0,,,,0.0,0.0,0.0,1.0,0.0,0.0,1.0,,1.0,,1.0,0.0,0.0,0.0,0.0,,1.0,1.0,0.0,,0.0,0.0,0.0,1.0,1.0,1.0,0.0,0.0,1.0,0.0,0.0,0.0,0.0,1.0,1.0,0.0,0.0,0.0,1.0,,1.0,0.0,0.0,,1.0,1.0,1.0,,1.0,0.0,1.0,0.0,0.0,1.0,0.0,0.0,,0.0,0.0,0.0,,0.0,1.0,,,1.0,0.0,1.0,1.0,1.0,0.0,1.0,0.0,0.0,0.0,0.0,,,0.0,,,,,,,,,,,,,,,0.0,,,,0.0,1.0,1.0,0.0,1.0,1.0,0.0,0.0,0.0,0.0,,1.0,,,0.0,1.0,0.0,1.0,,0.0,0.0,0.0,1.0,1.0,1.0,1.0,0.0,0.0,1.0,1.0,1.0,0.0,1.0,0.0,,1.0,0.0,1.0,1.0,1.0,1.0,1.0,,,,,,,,,1.0,1.0,,0.0,1.0,1.0,1.0,,1.0,0.0,0.0,1.0,,0.0,0.0,1.0,1.0,0.0,,1.0,1.0,0.0,0.0,0.0,1.0,0.0,1.0,,,0.0,,0.0,0.0,1.0,1.0,,1.0,0.0,0.0,1.0,1.0,,,,1.0,,1.0,,,,,,,,,,
Vaz de Lima,1.0,,1.0,1.0,1.0,1.0,1.0,,1.0,1.0,1.0,,1.0,,0.0,1.0,1.0,1.0,1.0,1.0,1.0,0.0,,1.0,1.0,1.0,1.0,1.0,1.0,1.0,,0.0,1.0,0.0,1.0,1.0,1.0,1.0,,0.0,1.0,0.0,,1.0,1.0,1.0,1.0,1.0,,,,,,,0.0,,1.0,1.0,,,,,0.0,,,,,1.0,1.0,,1.0,1.0,1.0,1.0,1.0,,,,1.0,1.0,0.0,0.0,1.0,0.0,,0.0,0.0,0.0,1.0,,,0.0,1.0,1.0,0.0,0.0,,,,0.0,0.0,,,,0.0,1.0,,,,0.0,1.0,0.0,1.0,1.0,1.0,,,,,,0.0,,,,,,0.0,1.0,,,0.0,,,,,,,,0.0,1.0,1.0,1.0,1.0,1.0,0.0,1.0,1.0,1.0,,,1.0,0.0,1.0,0.0,1.0,0.0,,1.0,1.0,0.0,,,0.0,0.0,1.0,,1.0,,1.0,,,,0.0,1.0,1.0,,,1.0,1.0,1.0,0.0,0.0,,0.0,0.0,1.0,1.0,1.0,,1.0,1.0,1.0,,1.0,,,1.0,1.0,,,,,,0.0,0.0,1.0,,1.0,1.0,0.0,0.0,1.0,,1.0,1.0,0.0,1.0,1.0,1.0,1.0,,,,,,,,,,,,,,1.0,,,,1.0,0.0,0.0,,,1.0,1.0,1.0,1.0,,0.0,1.0,0.0,1.0,1.0,0.0,1.0,1.0,1.0,0.0,,,1.0,1.0,1.0,,1.0,1.0,1.0,1.0,1.0,,0.0,1.0,,1.0,1.0,1.0,1.0,1.0,0.0,1.0,1.0,0.0,1.0,,0.0,1.0,0.0,,,,1.0,0.0,1.0,1.0,1.0,,1.0,1.0,0.0,0.0,,0.0,1.0,1.0,,0.0,1.0,,,1.0,,,,1.0,1.0,1.0,1.0,,,1.0,1.0,,0.0,1.0,,0.0,0.0,,0.0,0.0,1.0,0.0,0.0,1.0,1.0,1.0,0.0,0.0,1.0,1.0,1.0,1.0,,0.0,1.0
Vicente Arruda,1.0,1.0,1.0,0.0,0.0,0.0,,0.0,1.0,1.0,,,1.0,,0.0,1.0,,,1.0,,1.0,0.0,0.0,1.0,0.0,1.0,,1.0,0.0,0.0,0.0,,1.0,0.0,1.0,1.0,1.0,0.0,0.0,0.0,,0.0,,1.0,1.0,,1.0,1.0,1.0,1.0,1.0,0.0,0.0,1.0,,,1.0,1.0,,,0.0,,,1.0,0.0,0.0,0.0,1.0,1.0,1.0,1.0,0.0,1.0,1.0,0.0,1.0,,,0.0,0.0,1.0,1.0,1.0,1.0,1.0,1.0,1.0,1.0,1.0,0.0,0.0,1.0,0.0,0.0,0.0,,,,,0.0,0.0,,,1.0,1.0,1.0,,0.0,0.0,0.0,1.0,1.0,1.0,1.0,0.0,0.0,0.0,0.0,1.0,0.0,1.0,1.0,0.0,0.0,0.0,1.0,1.0,,0.0,,1.0,1.0,1.0,1.0,1.0,1.0,0.0,0.0,1.0,0.0,0.0,0.0,1.0,1.0,1.0,1.0,1.0,,1.0,0.0,1.0,0.0,0.0,,0.0,,,1.0,0.0,0.0,0.0,0.0,0.0,0.0,1.0,,,,1.0,,0.0,0.0,,,1.0,,0.0,0.0,0.0,1.0,0.0,1.0,,,,1.0,1.0,1.0,1.0,1.0,1.0,1.0,,,,,,,,,1.0,,1.0,,,1.0,0.0,1.0,1.0,1.0,1.0,1.0,,0.0,1.0,0.0,1.0,1.0,1.0,0.0,,0.0,0.0,,,0.0,0.0,1.0,0.0,,1.0,,,0.0,,0.0,0.0,,,,,,,,,,,,1.0,0.0,,0.0,1.0,0.0,1.0,1.0,0.0,,,1.0,1.0,,,0.0,0.0,,,,,,,1.0,1.0,0.0,1.0,1.0,1.0,0.0,1.0,0.0,0.0,,,0.0,1.0,0.0,1.0,,,1.0,,1.0,,1.0,0.0,1.0,0.0,,,0.0,0.0,,1.0,1.0,,,0.0,1.0,,0.0,0.0,1.0,,,,,0.0,0.0,,0.0,1.0,,0.0,0.0,,0.0,,0.0,,0.0,,,,1.0,0.0,,,1.0,0.0,,,1.0,,
Vicente Candido,1.0,1.0,1.0,,1.0,1.0,0.0,,1.0,,1.0,,,,,0.0,0.0,,1.0,1.0,0.0,1.0,0.0,,1.0,1.0,1.0,,0.0,0.0,,1.0,1.0,1.0,,1.0,1.0,,0.0,0.0,0.0,1.0,0.0,1.0,,1.0,1.0,1.0,1.0,,,,,1.0,0.0,0.0,1.0,1.0,,,,,,,,,,0.0,0.0,,1.0,,,1.0,0.0,1.0,,,0.0,0.0,1.0,,1.0,,,,,,,,,,,0.0,1.0,,,,0.0,1.0,1.0,0.0,0.0,1.0,0.0,1.0,0.0,,,0.0,1.0,1.0,1.0,,0.0,,0.0,,1.0,0.0,1.0,1.0,0.0,,0.0,1.0,1.0,0.0,0.0,0.0,1.0,1.0,1.0,1.0,1.0,1.0,0.0,,1.0,0.0,0.0,0.0,,,0.0,,,,,0.0,,1.0,,0.0,0.0,,,,,,0.0,,0.0,1.0,1.0,1.0,,0.0,1.0,,,0.0,1.0,0.0,,0.0,,,1.0,1.0,1.0,0.0,,0.0,1.0,,1.0,,,0.0,1.0,1.0,0.0,0.0,,0.0,1.0,,,0.0,1.0,,,,,,0.0,,,,,1.0,,,0.0,0.0,,1.0,,0.0,,0.0,0.0,0.0,1.0,0.0,1.0,,,,,1.0,0.0,,,0.0,0.0,,,1.0,0.0,,,0.0,0.0,,,0.0,,,,,,,1.0,1.0,,0.0,0.0,1.0,1.0,1.0,1.0,1.0,,,,,,,,0.0,1.0,1.0,1.0,1.0,1.0,1.0,,,0.0,0.0,,,1.0,0.0,,1.0,1.0,1.0,,1.0,1.0,1.0,,1.0,,0.0,1.0,,,,1.0,0.0,0.0,0.0,1.0,1.0,1.0,0.0,,1.0,1.0,1.0,1.0,1.0,,,,,1.0,,,,,1.0,,,,,,1.0,1.0,,,,,,0.0,,1.0,1.0,,1.0
Vicente Selistre,,,,,,,,,,,,,,,,,,,,,,,,,,,,,,,,,,,,,,,,,,,,,,,,,,,,,,,,,,,,,,,,,,,,,,,,,,,,,,,,,,,,,,,,,,,,,,,,,,,,,,,,,,,,,,,,,,,,,,,,,,,,,,,,,,,,,,,,,,,,,,,,,,,,,,,,,,,,,,,,,,,,,,,,0.0,1.0,,0.0,0.0,,,,0.0,0.0,1.0,,,1.0,,0.0,0.0,,,,,,,,,,,,,,,,,,,,,,,,,,,,,,,,,,,,,,,,,,,,,,,,,,,,,,,,,,,,,,,,,,,,,,,,,,,,,,,,,,,,,,,,,,,,,,,,,,,,,,,,,,,,,,,,,,,,,,,,,,,,,,,,,,,,,,,,,,,,,,,,,,,,,,,,,,,,,,,,
Vicentinho,1.0,1.0,1.0,0.0,1.0,1.0,,1.0,,1.0,1.0,1.0,,,0.0,0.0,0.0,1.0,,,,1.0,,1.0,1.0,1.0,1.0,1.0,0.0,,0.0,1.0,1.0,1.0,,1.0,1.0,,0.0,0.0,0.0,1.0,0.0,1.0,1.0,,1.0,1.0,1.0,1.0,1.0,0.0,0.0,,0.0,0.0,1.0,,0.0,0.0,,0.0,,1.0,,,,,0.0,,1.0,0.0,1.0,1.0,0.0,1.0,0.0,0.0,0.0,0.0,1.0,1.0,1.0,,,1.0,1.0,,1.0,,0.0,1.0,,0.0,1.0,1.0,0.0,,,1.0,1.0,,,1.0,,1.0,,,0.0,0.0,1.0,1.0,,,0.0,0.0,0.0,0.0,1.0,,1.0,1.0,0.0,0.0,0.0,1.0,1.0,0.0,0.0,0.0,1.0,1.0,,1.0,1.0,1.0,0.0,1.0,,0.0,0.0,0.0,,1.0,0.0,0.0,,1.0,,1.0,1.0,0.0,0.0,0.0,0.0,,1.0,,0.0,,0.0,,,,1.0,1.0,,0.0,1.0,0.0,0.0,0.0,1.0,1.0,1.0,0.0,0.0,0.0,1.0,1.0,,,,,1.0,1.0,1.0,1.0,,0.0,1.0,1.0,1.0,1.0,0.0,0.0,1.0,,0.0,,,,1.0,,,,,0.0,1.0,1.0,0.0,1.0,,0.0,0.0,0.0,,1.0,0.0,0.0,0.0,0.0,0.0,0.0,,0.0,1.0,,0.0,,1.0,1.0,0.0,0.0,0.0,0.0,0.0,0.0,1.0,1.0,0.0,1.0,,,,,,,1.0,0.0,,0.0,,0.0,1.0,1.0,0.0,0.0,0.0,1.0,1.0,1.0,1.0,0.0,0.0,1.0,1.0,1.0,0.0,,0.0,1.0,,,,1.0,1.0,1.0,1.0,0.0,0.0,0.0,0.0,0.0,1.0,0.0,1.0,1.0,1.0,1.0,0.0,1.0,1.0,1.0,,1.0,,,,,0.0,0.0,1.0,0.0,0.0,1.0,1.0,1.0,,0.0,,1.0,,1.0,1.0,1.0,0.0,,1.0,0.0,,,0.0,1.0,,,,1.0,,,,1.0,1.0,1.0,,,,,0.0,,1.0,1.0,1.0,1.0
Vieira da Cunha,1.0,1.0,0.0,0.0,1.0,1.0,1.0,1.0,1.0,1.0,1.0,,1.0,0.0,1.0,0.0,1.0,1.0,1.0,1.0,1.0,,0.0,1.0,0.0,1.0,1.0,0.0,0.0,1.0,0.0,,1.0,,1.0,1.0,,0.0,0.0,0.0,1.0,1.0,0.0,1.0,,,1.0,1.0,1.0,1.0,,,,1.0,,,1.0,,0.0,0.0,0.0,0.0,,,0.0,,,1.0,0.0,1.0,0.0,0.0,0.0,,,,0.0,0.0,,1.0,1.0,,1.0,1.0,,,,,,0.0,0.0,1.0,0.0,,,,0.0,0.0,0.0,0.0,1.0,0.0,,1.0,0.0,,0.0,,0.0,0.0,1.0,,1.0,1.0,0.0,0.0,0.0,0.0,1.0,0.0,1.0,,,0.0,0.0,1.0,1.0,0.0,0.0,0.0,1.0,,1.0,,,,0.0,,1.0,0.0,0.0,0.0,,,,,,1.0,1.0,1.0,,0.0,0.0,0.0,0.0,,1.0,0.0,0.0,0.0,0.0,0.0,0.0,1.0,,1.0,0.0,,1.0,,,,1.0,0.0,0.0,0.0,0.0,1.0,1.0,,0.0,0.0,,0.0,1.0,,,0.0,1.0,1.0,1.0,1.0,0.0,1.0,,,1.0,0.0,0.0,0.0,1.0,,1.0,,,,0.0,1.0,1.0,1.0,0.0,1.0,0.0,1.0,0.0,1.0,1.0,1.0,0.0,0.0,0.0,1.0,0.0,0.0,0.0,0.0,1.0,,0.0,0.0,1.0,,,1.0,0.0,0.0,0.0,1.0,,,0.0,1.0,1.0,1.0,1.0,1.0,1.0,,,1.0,1.0,0.0,1.0,0.0,,,1.0,1.0,,0.0,1.0,,1.0,1.0,1.0,0.0,,,,,,1.0,1.0,1.0,1.0,1.0,1.0,0.0,,1.0,0.0,0.0,0.0,0.0,1.0,0.0,1.0,1.0,1.0,,0.0,1.0,1.0,1.0,0.0,1.0,1.0,0.0,0.0,1.0,0.0,0.0,1.0,0.0,0.0,1.0,1.0,1.0,,,0.0,1.0,,1.0,0.0,0.0,0.0,0.0,0.0,1.0,0.0,1.0,0.0,,0.0,1.0,1.0,0.0,,,0.0,1.0,,1.0,1.0,0.0,0.0,1.0,0.0,0.0,,1.0,1.0,1.0
Vilalba,1.0,1.0,1.0,1.0,1.0,1.0,,1.0,1.0,1.0,1.0,1.0,,0.0,0.0,1.0,,,1.0,1.0,1.0,,0.0,1.0,1.0,1.0,1.0,1.0,0.0,0.0,,1.0,1.0,0.0,1.0,1.0,,,,,,,,,1.0,,1.0,1.0,1.0,1.0,1.0,,0.0,,,,,1.0,0.0,,0.0,0.0,1.0,1.0,0.0,,0.0,1.0,0.0,1.0,1.0,0.0,1.0,1.0,0.0,1.0,0.0,0.0,,0.0,1.0,,,1.0,1.0,1.0,1.0,1.0,1.0,,,1.0,0.0,0.0,0.0,1.0,,0.0,0.0,0.0,0.0,0.0,0.0,1.0,1.0,,0.0,0.0,0.0,,,1.0,1.0,1.0,0.0,0.0,0.0,0.0,1.0,0.0,1.0,1.0,0.0,0.0,0.0,1.0,1.0,0.0,0.0,0.0,1.0,1.0,1.0,1.0,1.0,1.0,0.0,0.0,1.0,0.0,1.0,1.0,0.0,1.0,1.0,1.0,1.0,1.0,1.0,1.0,1.0,0.0,0.0,0.0,0.0,0.0,1.0,1.0,,1.0,0.0,0.0,0.0,1.0,1.0,1.0,,0.0,1.0,,,,0.0,1.0,1.0,0.0,0.0,0.0,1.0,1.0,1.0,1.0,0.0,0.0,,,,,1.0,1.0,1.0,1.0,0.0,,0.0,,1.0,0.0,0.0,,,0.0,1.0,,1.0,1.0,0.0,1.0,1.0,1.0,1.0,,,,1.0,1.0,,,0.0,,,,,,,,,,,,,,,1.0,,,,0.0,,1.0,,1.0,1.0,,0.0,0.0,0.0,0.0,1.0,0.0,1.0,0.0,,,1.0,1.0,0.0,1.0,,1.0,1.0,,,0.0,0.0,1.0,1.0,,,,,1.0,,,,1.0,1.0,0.0,1.0,,,,,,,,,1.0,1.0,1.0,0.0,,1.0,1.0,,1.0,0.0,0.0,1.0,,1.0,1.0,,0.0,0.0,1.0,1.0,1.0,1.0,1.0,,1.0,1.0,,1.0,1.0,,0.0,,0.0,1.0,,0.0,0.0,,0.0,,0.0,0.0,,,1.0,1.0,1.0,1.0,0.0,0.0,,,0.0,,1.0,,
Vilmar Rocha,,,,,,,,,,,,,,,0.0,1.0,1.0,1.0,,,,,,,,,,,,,,,,,,,,,,,,,,1.0,,1.0,,,,,,,,,,,1.0,,,,,,,,,,,,,,,,,,,,,,,,,,,,,,,,,,,,,,,,,,,,,,,,,,,,,,,,,,,,,,,,,,,,,,,,0.0,0.0,1.0,,1.0,,,,,,,,,,,,,,,1.0,,,1.0,,,,,,,,,,,,,,,,,,,,,,,,,,,,,1.0,,,,,,,1.0,1.0,,,,,,,,,1.0,,,,,,,,1.0,,,,,,,,,,,,1.0,1.0,,,,,,,,,,,,,,,,,,,,,,,,,,,,,,,1.0,,,,,,1.0,1.0,,,,,,,,,,,,,,,,,,,,,,,,,,,,,,,,,1.0,1.0,,1.0,,1.0,,,,,,,,,1.0,,,,,1.0,,1.0,0.0,1.0,,1.0,1.0,1.0,0.0,0.0,,1.0,0.0,,0.0,,0.0,,,0.0,1.0,1.0,,,1.0,1.0,0.0,,0.0,,,0.0,,1.0,,
Vilson Covatti,1.0,,1.0,1.0,0.0,,1.0,0.0,1.0,1.0,1.0,1.0,,,,,,,,1.0,1.0,,,1.0,1.0,1.0,,1.0,0.0,0.0,,,1.0,0.0,1.0,1.0,1.0,1.0,1.0,0.0,0.0,0.0,0.0,,1.0,,1.0,1.0,1.0,1.0,1.0,0.0,,,,,,,,0.0,0.0,0.0,1.0,,,0.0,,,1.0,1.0,1.0,0.0,1.0,1.0,0.0,1.0,,0.0,0.0,0.0,1.0,1.0,1.0,,,1.0,1.0,1.0,1.0,0.0,0.0,1.0,0.0,0.0,,1.0,0.0,0.0,,,1.0,,0.0,,0.0,,0.0,,,0.0,1.0,1.0,1.0,1.0,0.0,0.0,0.0,0.0,1.0,0.0,1.0,1.0,0.0,0.0,,1.0,1.0,0.0,0.0,,1.0,1.0,1.0,1.0,1.0,1.0,0.0,1.0,1.0,0.0,1.0,0.0,,,1.0,1.0,1.0,1.0,1.0,1.0,,0.0,,0.0,,0.0,1.0,,,,0.0,0.0,0.0,1.0,1.0,1.0,,,,0.0,,0.0,1.0,1.0,1.0,0.0,0.0,,,1.0,1.0,1.0,0.0,1.0,,1.0,1.0,,,1.0,1.0,1.0,1.0,,,0.0,,,0.0,,1.0,0.0,1.0,1.0,1.0,1.0,0.0,1.0,1.0,1.0,1.0,1.0,0.0,1.0,0.0,0.0,,,0.0,1.0,1.0,,,0.0,1.0,,1.0,,0.0,0.0,1.0,1.0,0.0,1.0,0.0,,1.0,0.0,1.0,,,1.0,1.0,0.0,1.0,,0.0,0.0,,,1.0,,,,,1.0,,,,1.0,,1.0,,,,,1.0,,0.0,,,1.0,,,,1.0,1.0,0.0,,,,0.0,,,1.0,0.0,1.0,0.0,1.0,,0.0,1.0,,1.0,0.0,1.0,0.0,,1.0,0.0,1.0,1.0,1.0,,,,,,1.0,,0.0,1.0,1.0,1.0,1.0,1.0,0.0,0.0,1.0,,,1.0,,,1.0,1.0,1.0,0.0,,,0.0,,1.0,1.0,1.0,,0.0,1.0,,0.0,1.0,1.0,0.0,1.0
Vinicius Gurgel,,,1.0,0.0,0.0,,1.0,0.0,,1.0,1.0,,,,,,,1.0,,,1.0,0.0,,1.0,1.0,,,1.0,,0.0,,1.0,1.0,,,,,1.0,,,,,,1.0,,1.0,1.0,1.0,,,1.0,0.0,0.0,,,1.0,,1.0,,,,,,1.0,,0.0,0.0,1.0,,1.0,1.0,0.0,,,0.0,1.0,,,,0.0,1.0,1.0,,,,,,,,0.0,0.0,,0.0,0.0,,,0.0,0.0,0.0,0.0,1.0,,0.0,1.0,1.0,1.0,0.0,0.0,0.0,0.0,,,,,0.0,0.0,,,1.0,0.0,1.0,1.0,0.0,0.0,0.0,1.0,1.0,0.0,0.0,,1.0,,0.0,1.0,,1.0,,1.0,1.0,0.0,,,0.0,,,,,,1.0,,1.0,,1.0,1.0,,,1.0,1.0,,1.0,0.0,,,,,1.0,,,,,,,,1.0,0.0,,0.0,1.0,,,,1.0,,,,1.0,1.0,,,,,1.0,,1.0,,,,,0.0,,,,1.0,,0.0,,,,,,,,0.0,0.0,,,,,,,,,,,,,,,,,,,,0.0,,,,,1.0,1.0,,,,,,,,,,0.0,1.0,0.0,,0.0,,,,,,1.0,1.0,,,,,,1.0,1.0,,,,,,,,,,,1.0,0.0,0.0,0.0,,0.0,,,,,1.0,1.0,,,,,,,,,,,0.0,,,,,1.0,1.0,1.0,,,,,,,1.0,,,1.0,,,1.0,,,,,,,0.0,,,,,,1.0,,,,,,,,1.0,0.0,
Vitor Paulo,1.0,1.0,1.0,1.0,1.0,1.0,0.0,1.0,1.0,1.0,1.0,1.0,1.0,0.0,,1.0,1.0,,1.0,1.0,1.0,0.0,0.0,1.0,1.0,1.0,1.0,1.0,0.0,0.0,,1.0,1.0,0.0,1.0,1.0,1.0,0.0,,0.0,0.0,0.0,,1.0,,,1.0,1.0,1.0,1.0,1.0,0.0,0.0,1.0,,1.0,,1.0,0.0,0.0,0.0,0.0,1.0,1.0,0.0,0.0,0.0,1.0,0.0,1.0,1.0,0.0,,1.0,0.0,1.0,0.0,0.0,0.0,0.0,1.0,1.0,1.0,1.0,1.0,1.0,1.0,1.0,1.0,0.0,0.0,1.0,0.0,0.0,1.0,1.0,0.0,0.0,0.0,0.0,0.0,0.0,0.0,1.0,,0.0,0.0,0.0,0.0,0.0,,1.0,1.0,1.0,0.0,0.0,,0.0,1.0,0.0,1.0,1.0,0.0,0.0,0.0,1.0,1.0,0.0,0.0,,1.0,1.0,1.0,1.0,1.0,1.0,0.0,0.0,,0.0,1.0,1.0,0.0,1.0,0.0,0.0,0.0,,1.0,1.0,,,,0.0,0.0,0.0,1.0,1.0,,,0.0,0.0,0.0,1.0,0.0,1.0,,0.0,1.0,0.0,0.0,0.0,,1.0,,0.0,0.0,0.0,,1.0,1.0,,0.0,0.0,1.0,,,1.0,1.0,1.0,1.0,1.0,1.0,0.0,0.0,,1.0,0.0,,0.0,1.0,,1.0,0.0,,1.0,0.0,1.0,1.0,1.0,0.0,1.0,,1.0,0.0,,1.0,1.0,0.0,0.0,,0.0,0.0,,0.0,0.0,1.0,,,,,,0.0,1.0,,,0.0,0.0,,1.0,,,,0.0,1.0,0.0,,,1.0,0.0,1.0,0.0,,,1.0,1.0,,,0.0,1.0,,,,1.0,1.0,0.0,1.0,1.0,0.0,,1.0,,1.0,1.0,1.0,,1.0,0.0,,,0.0,,0.0,0.0,,,,1.0,1.0,,0.0,1.0,1.0,1.0,0.0,1.0,0.0,0.0,,,1.0,1.0,,0.0,0.0,1.0,1.0,1.0,,,,,,,1.0,,,,1.0,,,,0.0,1.0,,1.0,1.0,,,,,1.0,1.0,,,,0.0,,0.0,,1.0,1.0,0.0,1.0
Vitor Penido,1.0,1.0,1.0,1.0,0.0,0.0,,1.0,1.0,1.0,1.0,,1.0,,1.0,,,1.0,1.0,1.0,1.0,,0.0,1.0,,1.0,,0.0,1.0,1.0,,1.0,1.0,0.0,1.0,1.0,1.0,0.0,0.0,,,,,,1.0,,1.0,1.0,,1.0,0.0,,,,0.0,,,1.0,,,,,1.0,,,,,1.0,1.0,1.0,1.0,,1.0,,1.0,0.0,,,,0.0,0.0,,1.0,1.0,,,,,,0.0,0.0,,,1.0,,,,0.0,0.0,0.0,0.0,,,1.0,1.0,,,0.0,,0.0,1.0,,,,0.0,,,,0.0,,,,,0.0,1.0,1.0,,0.0,,,1.0,1.0,,,,,,,,1.0,0.0,0.0,,,1.0,,,,1.0,,,0.0,1.0,1.0,0.0,0.0,1.0,1.0,,1.0,,0.0,0.0,,,,,,,,,0.0,0.0,1.0,1.0,,,,1.0,1.0,,1.0,,,0.0,1.0,1.0,,,1.0,,1.0,0.0,1.0,,,1.0,0.0,0.0,,1.0,0.0,1.0,,,1.0,1.0,1.0,,,,,,,1.0,1.0,,,0.0,,,,,,1.0,0.0,1.0,,,,,,,0.0,0.0,,,,1.0,,,1.0,,1.0,1.0,1.0,0.0,,1.0,,,,0.0,,,1.0,,,,1.0,,1.0,1.0,1.0,1.0,,,,0.0,0.0,1.0,1.0,,,,,,,,,,,,,,,,,1.0,1.0,0.0,1.0,,,,1.0,0.0,1.0,0.0,0.0,1.0,,1.0,,,0.0,,1.0,,0.0,,0.0,,,1.0,1.0,,,1.0,1.0,0.0,0.0,,,,1.0,,,,,,0.0,1.0,,,0.0,0.0,1.0,,,,,0.0,1.0
Waldenor Pereira,1.0,1.0,0.0,0.0,1.0,1.0,0.0,1.0,1.0,1.0,1.0,,1.0,,,0.0,0.0,1.0,1.0,0.0,0.0,1.0,0.0,1.0,1.0,1.0,1.0,1.0,0.0,0.0,0.0,1.0,1.0,1.0,1.0,1.0,1.0,0.0,0.0,0.0,0.0,1.0,0.0,1.0,1.0,1.0,1.0,1.0,1.0,1.0,1.0,0.0,0.0,1.0,1.0,0.0,1.0,1.0,0.0,0.0,0.0,0.0,,1.0,0.0,0.0,0.0,1.0,0.0,1.0,1.0,0.0,1.0,,0.0,1.0,0.0,0.0,0.0,0.0,1.0,1.0,1.0,1.0,,1.0,1.0,1.0,1.0,0.0,0.0,1.0,0.0,0.0,1.0,,0.0,0.0,0.0,1.0,1.0,0.0,0.0,1.0,0.0,1.0,0.0,0.0,0.0,,1.0,1.0,1.0,1.0,0.0,0.0,0.0,0.0,1.0,0.0,1.0,1.0,0.0,0.0,0.0,1.0,1.0,0.0,,0.0,1.0,1.0,1.0,1.0,1.0,1.0,0.0,1.0,1.0,0.0,0.0,0.0,0.0,1.0,0.0,0.0,,1.0,,0.0,1.0,0.0,0.0,0.0,0.0,0.0,1.0,1.0,0.0,1.0,0.0,0.0,0.0,1.0,1.0,1.0,0.0,0.0,1.0,0.0,,0.0,0.0,1.0,,0.0,0.0,0.0,1.0,,1.0,0.0,0.0,0.0,1.0,1.0,1.0,1.0,,0.0,1.0,,0.0,0.0,0.0,,,0.0,0.0,0.0,1.0,,1.0,,0.0,1.0,0.0,1.0,1.0,1.0,0.0,1.0,,0.0,0.0,0.0,,,0.0,0.0,0.0,0.0,0.0,0.0,1.0,0.0,1.0,1.0,0.0,1.0,1.0,1.0,0.0,0.0,,0.0,0.0,,,1.0,0.0,,1.0,0.0,,1.0,,0.0,0.0,0.0,,,1.0,0.0,,1.0,0.0,0.0,0.0,1.0,1.0,,1.0,0.0,0.0,,1.0,1.0,0.0,,,1.0,,,,1.0,1.0,1.0,,0.0,0.0,0.0,0.0,0.0,1.0,0.0,,,1.0,1.0,0.0,,,,0.0,1.0,1.0,0.0,1.0,1.0,0.0,0.0,1.0,0.0,0.0,1.0,1.0,1.0,0.0,0.0,0.0,1.0,0.0,1.0,1.0,,0.0,0.0,1.0,0.0,1.0,1.0,0.0,1.0,0.0,0.0,,1.0,,,0.0,1.0,1.0,1.0,1.0,,,0.0,,0.0,1.0,1.0,1.0,1.0
Waldir Maranhão,1.0,,1.0,0.0,1.0,1.0,0.0,1.0,1.0,,1.0,,1.0,0.0,0.0,,1.0,,1.0,,,0.0,1.0,1.0,0.0,1.0,1.0,1.0,0.0,0.0,0.0,,1.0,0.0,1.0,1.0,1.0,1.0,0.0,0.0,0.0,1.0,0.0,1.0,1.0,,1.0,1.0,,1.0,1.0,,0.0,1.0,1.0,1.0,1.0,1.0,0.0,0.0,0.0,,,1.0,0.0,0.0,0.0,1.0,1.0,1.0,1.0,0.0,1.0,,0.0,1.0,0.0,0.0,0.0,0.0,1.0,1.0,1.0,1.0,1.0,1.0,,,1.0,0.0,0.0,1.0,0.0,,,,0.0,0.0,0.0,1.0,,0.0,0.0,1.0,0.0,1.0,,0.0,0.0,0.0,1.0,1.0,1.0,1.0,0.0,0.0,0.0,0.0,1.0,0.0,1.0,1.0,0.0,0.0,0.0,1.0,1.0,0.0,0.0,0.0,1.0,1.0,1.0,1.0,1.0,1.0,,1.0,,0.0,0.0,0.0,0.0,1.0,1.0,1.0,1.0,1.0,1.0,,,,0.0,0.0,0.0,,1.0,,0.0,1.0,0.0,0.0,,1.0,1.0,1.0,0.0,0.0,,,0.0,,0.0,1.0,1.0,0.0,0.0,0.0,1.0,1.0,,1.0,0.0,0.0,0.0,1.0,1.0,1.0,1.0,,1.0,1.0,1.0,0.0,,0.0,1.0,0.0,,0.0,,0.0,0.0,1.0,1.0,1.0,0.0,1.0,1.0,1.0,,1.0,0.0,0.0,0.0,0.0,1.0,1.0,0.0,1.0,1.0,1.0,0.0,,1.0,0.0,1.0,1.0,0.0,1.0,1.0,1.0,0.0,0.0,0.0,,1.0,0.0,1.0,,0.0,1.0,1.0,0.0,0.0,0.0,0.0,,,0.0,1.0,0.0,0.0,0.0,1.0,1.0,0.0,0.0,0.0,1.0,1.0,,,0.0,0.0,1.0,,1.0,0.0,1.0,0.0,1.0,1.0,0.0,1.0,1.0,1.0,,1.0,0.0,0.0,0.0,0.0,,,0.0,1.0,1.0,1.0,,0.0,1.0,1.0,1.0,,1.0,0.0,1.0,1.0,0.0,1.0,1.0,1.0,0.0,1.0,,1.0,1.0,,1.0,,1.0,,1.0,1.0,1.0,0.0,0.0,,0.0,1.0,1.0,0.0,,1.0,0.0,1.0,0.0,0.0,1.0,0.0,1.0,1.0,1.0,1.0,0.0,0.0,1.0,1.0,0.0,1.0,1.0,0.0,1.0
Walney Rocha,1.0,1.0,1.0,1.0,0.0,0.0,,,1.0,1.0,1.0,1.0,1.0,,1.0,1.0,,,1.0,1.0,1.0,1.0,0.0,1.0,1.0,1.0,1.0,1.0,0.0,0.0,0.0,1.0,1.0,0.0,1.0,1.0,1.0,0.0,,,0.0,0.0,0.0,,1.0,,1.0,1.0,1.0,1.0,1.0,0.0,0.0,,,,1.0,1.0,0.0,0.0,0.0,0.0,1.0,,0.0,0.0,0.0,1.0,0.0,,1.0,0.0,,1.0,,,,0.0,0.0,0.0,1.0,1.0,1.0,,1.0,1.0,,,,,,,0.0,0.0,1.0,0.0,,0.0,0.0,,1.0,0.0,0.0,1.0,0.0,1.0,,0.0,0.0,0.0,,,,,,0.0,,,1.0,0.0,1.0,1.0,0.0,,0.0,1.0,1.0,0.0,0.0,0.0,,1.0,1.0,1.0,1.0,1.0,0.0,,,0.0,1.0,1.0,0.0,1.0,0.0,0.0,0.0,,1.0,1.0,,1.0,1.0,1.0,0.0,0.0,1.0,1.0,,1.0,0.0,0.0,0.0,0.0,0.0,1.0,1.0,0.0,1.0,0.0,0.0,0.0,0.0,1.0,,0.0,,,,1.0,,1.0,0.0,0.0,0.0,1.0,1.0,,1.0,1.0,1.0,1.0,0.0,,0.0,0.0,1.0,0.0,,0.0,,0.0,,,,,,,,,,,1.0,1.0,1.0,1.0,1.0,1.0,0.0,0.0,,,,0.0,1.0,0.0,,,,,,,,0.0,0.0,0.0,0.0,1.0,,,0.0,1.0,,,,,,,,1.0,1.0,0.0,1.0,0.0,1.0,1.0,,,,,,1.0,1.0,,,,,,,,,1.0,1.0,1.0,1.0,1.0,1.0,1.0,1.0,0.0,0.0,0.0,0.0,0.0,1.0,0.0,1.0,,1.0,,0.0,,1.0,1.0,0.0,1.0,0.0,,,0.0,1.0,1.0,,0.0,,1.0,1.0,1.0,1.0,1.0,0.0,1.0,1.0,,1.0,1.0,0.0,0.0,,1.0,1.0,,,,,,,0.0,0.0,1.0,,,1.0,,,0.0,0.0,,1.0,1.0,1.0,1.0,1.0,1.0
Walter Feldman,1.0,1.0,,,1.0,1.0,,,1.0,1.0,1.0,,1.0,,,,,,1.0,,0.0,,,,,,1.0,1.0,1.0,1.0,1.0,0.0,,,,1.0,0.0,0.0,0.0,0.0,1.0,,,,1.0,,,1.0,1.0,1.0,,,,,,,,,,,,,,,,,,,,,,,,,,,,,,,,,,,,,,,,,,,,,,0.0,,,,,,,,,,,,,,0.0,1.0,,,,,,,,,,,,,,,,,,,,,,,,,,,,,,1.0,1.0,0.0,,0.0,1.0,1.0,,1.0,1.0,,0.0,1.0,0.0,1.0,0.0,,,,0.0,,,0.0,0.0,0.0,,,,,,,,0.0,,1.0,,,,1.0,,0.0,1.0,,0.0,0.0,,,,,1.0,1.0,1.0,0.0,,1.0,1.0,,1.0,,,,,,,,,,,,,,,1.0,1.0,1.0,1.0,1.0,1.0,1.0,0.0,1.0,,,,,,,,,,,,,1.0,,,0.0,1.0,0.0,0.0,,,,,,,,,,0.0,1.0,1.0,0.0,,,,1.0,,,1.0,1.0,1.0,0.0,,1.0,1.0,1.0,1.0,,,1.0,1.0,1.0,1.0,1.0,,,0.0,,1.0,0.0,0.0,0.0,0.0,1.0,0.0,,,,,0.0,,,,,,1.0,,,,0.0,1.0,,,1.0,0.0,,,,,,,,,,,,,,,,,,,,,,,,,,,,,,,,,,,,,,
Walter Ihoshi,,,1.0,1.0,,,1.0,1.0,,1.0,,,1.0,,0.0,1.0,,,,1.0,1.0,0.0,0.0,1.0,1.0,1.0,,,,,,1.0,1.0,0.0,1.0,,,1.0,0.0,0.0,0.0,0.0,,,1.0,,,,1.0,1.0,0.0,,,,0.0,,,1.0,,,,,,,,,,1.0,1.0,0.0,1.0,,,0.0,1.0,0.0,,,1.0,1.0,0.0,,1.0,,0.0,0.0,,,1.0,,,0.0,1.0,1.0,,,,,,0.0,0.0,,,,1.0,0.0,,,1.0,0.0,,,1.0,1.0,1.0,0.0,,0.0,1.0,0.0,1.0,1.0,0.0,0.0,0.0,1.0,1.0,0.0,,0.0,1.0,1.0,1.0,1.0,1.0,1.0,0.0,1.0,0.0,1.0,,,,,,,,,1.0,1.0,,,,,,,1.0,1.0,,,,,,,,,0.0,,,,,,0.0,1.0,1.0,,,,,,,,,,,,,,0.0,1.0,1.0,1.0,0.0,1.0,1.0,1.0,,0.0,0.0,0.0,1.0,,1.0,,,,,,,,,,1.0,1.0,,0.0,,,1.0,0.0,0.0,1.0,0.0,0.0,1.0,0.0,1.0,1.0,,1.0,,,,1.0,0.0,0.0,0.0,,1.0,0.0,,1.0,1.0,0.0,1.0,1.0,0.0,0.0,,0.0,1.0,,0.0,1.0,1.0,1.0,,,,,,1.0,1.0,1.0,1.0,1.0,1.0,1.0,0.0,1.0,1.0,1.0,1.0,1.0,1.0,1.0,1.0,0.0,1.0,1.0,0.0,,,,,,0.0,0.0,1.0,,0.0,,1.0,1.0,0.0,1.0,0.0,1.0,0.0,0.0,1.0,1.0,,,0.0,1.0,1.0,0.0,1.0,1.0,0.0,1.0,1.0,,,,,,1.0,,,,,,,,1.0,,,,,,,,,,,,,,,,,
Walter Tosta,1.0,1.0,1.0,0.0,1.0,1.0,,,1.0,1.0,1.0,1.0,1.0,,,0.0,,,1.0,1.0,1.0,0.0,0.0,1.0,1.0,1.0,,1.0,0.0,0.0,0.0,1.0,,0.0,1.0,,,,,,,,0.0,,,,1.0,1.0,1.0,1.0,,0.0,,,,,,1.0,0.0,,0.0,,,,,,0.0,1.0,0.0,,,,,,1.0,0.0,,0.0,0.0,0.0,,1.0,,1.0,1.0,1.0,,,,,,,,,1.0,1.0,0.0,,,1.0,1.0,,1.0,1.0,0.0,1.0,,0.0,,,,1.0,1.0,1.0,,0.0,0.0,0.0,1.0,0.0,1.0,1.0,0.0,,,1.0,1.0,0.0,,0.0,1.0,1.0,1.0,1.0,1.0,1.0,0.0,1.0,,0.0,1.0,1.0,,,1.0,1.0,1.0,,1.0,1.0,,0.0,1.0,,,0.0,1.0,1.0,1.0,1.0,,0.0,0.0,,1.0,,0.0,,1.0,,0.0,,,,,,,,,,,,0.0,,0.0,,,,,0.0,1.0,1.0,0.0,,1.0,1.0,1.0,0.0,0.0,0.0,,0.0,,,,,,,,,,,,,0.0,0.0,,1.0,,,,,,,,,,,,,,,,,,0.0,,,1.0,,,,1.0,0.0,0.0,,0.0,0.0,,,,,0.0,1.0,,,,,,1.0,,,,,,,,1.0,,,,1.0,,,,1.0,,,1.0,0.0,,0.0,0.0,,,,1.0,,,,,,,,0.0,1.0,,,,1.0,0.0,,,,,,,,1.0,,0.0,,1.0,,1.0,1.0,,,1.0,,,,,,,,1.0,,1.0,1.0,,,,,,0.0,,1.0,,,1.0,,,1.0
Wandenkolk Gonçalves,1.0,1.0,1.0,1.0,0.0,0.0,,1.0,1.0,1.0,,1.0,1.0,,,1.0,,,,1.0,1.0,0.0,,,,1.0,1.0,0.0,,,,,1.0,0.0,1.0,1.0,1.0,1.0,0.0,0.0,0.0,0.0,,,1.0,,1.0,,1.0,1.0,,,,1.0,0.0,1.0,,,,,1.0,,,,,,,1.0,,,1.0,,1.0,,,0.0,,,1.0,1.0,0.0,,,,0.0,0.0,0.0,0.0,1.0,,,,1.0,1.0,1.0,0.0,,,0.0,,,,,,,1.0,,,,,,0.0,1.0,1.0,,,,,,,0.0,,,1.0,1.0,0.0,0.0,1.0,,,0.0,,0.0,0.0,0.0,0.0,,0.0,0.0,,1.0,1.0,0.0,1.0,1.0,1.0,1.0,1.0,1.0,1.0,,0.0,1.0,0.0,1.0,0.0,1.0,1.0,1.0,1.0,1.0,1.0,0.0,0.0,,,1.0,,1.0,,,1.0,,,0.0,,,,,1.0,0.0,,,1.0,0.0,,,1.0,0.0,,,1.0,0.0,1.0,1.0,1.0,,,,,,,,1.0,,1.0,1.0,1.0,1.0,1.0,0.0,,1.0,1.0,,,,,1.0,,,,,,,,,,,,,,,,,1.0,,,,0.0,,,,,,,,,,,,1.0,0.0,,1.0,1.0,,,,,,,1.0,,,,1.0,1.0,0.0,0.0,1.0,1.0,1.0,0.0,1.0,,,,1.0,,,,,,,,,1.0,1.0,,0.0,,,,,1.0,0.0,,,0.0,1.0,1.0,,,,0.0,,,,,,0.0,,,1.0,1.0,,,1.0,1.0,0.0,0.0,1.0,1.0,,1.0,1.0,,0.0,1.0,,,1.0,1.0,1.0,,,1.0,,,1.0,,,1.0
Washington Reis,,,1.0,1.0,0.0,0.0,,1.0,,1.0,,1.0,,0.0,0.0,1.0,1.0,,,1.0,1.0,1.0,0.0,1.0,1.0,1.0,,,0.0,0.0,0.0,1.0,1.0,1.0,1.0,1.0,1.0,0.0,1.0,1.0,1.0,,0.0,,1.0,1.0,1.0,1.0,1.0,,1.0,0.0,0.0,1.0,,,1.0,1.0,0.0,,0.0,0.0,,1.0,0.0,0.0,,1.0,0.0,,1.0,,1.0,1.0,0.0,1.0,0.0,0.0,0.0,0.0,1.0,1.0,1.0,,,1.0,,,,0.0,0.0,1.0,,0.0,1.0,,0.0,0.0,0.0,,1.0,0.0,,,0.0,1.0,,,0.0,0.0,1.0,1.0,1.0,1.0,1.0,0.0,,0.0,1.0,0.0,1.0,1.0,0.0,0.0,0.0,1.0,1.0,,0.0,0.0,1.0,1.0,,1.0,1.0,1.0,0.0,,,0.0,1.0,1.0,,,0.0,0.0,0.0,1.0,,0.0,1.0,0.0,,1.0,0.0,,1.0,1.0,,,,0.0,0.0,1.0,1.0,1.0,0.0,,,0.0,,0.0,1.0,1.0,1.0,,,,1.0,,,1.0,,,0.0,,,1.0,1.0,1.0,1.0,1.0,,1.0,0.0,1.0,,0.0,,,,0.0,,0.0,0.0,1.0,0.0,1.0,1.0,1.0,,1.0,0.0,,0.0,0.0,1.0,1.0,1.0,1.0,,1.0,1.0,0.0,1.0,0.0,1.0,1.0,0.0,,1.0,1.0,0.0,0.0,0.0,0.0,1.0,,1.0,1.0,,1.0,1.0,0.0,1.0,0.0,0.0,,1.0,1.0,1.0,0.0,0.0,0.0,1.0,1.0,0.0,0.0,0.0,,1.0,,,1.0,1.0,0.0,,1.0,0.0,0.0,1.0,0.0,,1.0,1.0,,,,1.0,0.0,1.0,0.0,0.0,0.0,,0.0,,1.0,1.0,1.0,0.0,,1.0,1.0,0.0,1.0,0.0,1.0,1.0,0.0,1.0,1.0,,0.0,,,1.0,1.0,1.0,1.0,0.0,1.0,1.0,1.0,1.0,1.0,0.0,,1.0,,,,0.0,1.0,,1.0,1.0,0.0,0.0,1.0,0.0,1.0,,,,0.0,0.0,1.0,0.0,0.0,,,,1.0
Weliton Prado,,1.0,1.0,0.0,,1.0,0.0,1.0,1.0,1.0,1.0,1.0,1.0,0.0,0.0,1.0,0.0,,,,,1.0,,1.0,1.0,1.0,1.0,0.0,0.0,0.0,0.0,1.0,1.0,0.0,1.0,1.0,1.0,,0.0,0.0,0.0,1.0,0.0,,1.0,,1.0,1.0,1.0,,,,0.0,1.0,1.0,1.0,1.0,,0.0,0.0,0.0,0.0,1.0,,0.0,0.0,,1.0,0.0,1.0,1.0,0.0,1.0,0.0,,,0.0,0.0,,,,1.0,,,1.0,1.0,1.0,,1.0,0.0,0.0,1.0,,,1.0,1.0,,0.0,0.0,,,,,,,,,,,0.0,1.0,,1.0,1.0,0.0,0.0,,,1.0,0.0,1.0,1.0,0.0,0.0,0.0,1.0,1.0,0.0,0.0,0.0,1.0,1.0,1.0,1.0,1.0,1.0,0.0,1.0,0.0,,,,0.0,1.0,0.0,0.0,1.0,1.0,1.0,0.0,1.0,,0.0,0.0,0.0,0.0,1.0,0.0,0.0,1.0,0.0,,,1.0,1.0,1.0,0.0,,,,,,0.0,1.0,1.0,,0.0,0.0,1.0,1.0,1.0,0.0,,0.0,1.0,,,,1.0,,1.0,1.0,,1.0,1.0,1.0,,0.0,,0.0,,0.0,1.0,1.0,1.0,,0.0,1.0,1.0,1.0,0.0,1.0,,0.0,0.0,0.0,,,0.0,0.0,0.0,0.0,0.0,0.0,1.0,0.0,1.0,,0.0,1.0,1.0,1.0,0.0,0.0,0.0,0.0,0.0,0.0,1.0,1.0,0.0,1.0,,,,,,,1.0,0.0,1.0,0.0,1.0,1.0,1.0,,,0.0,0.0,1.0,1.0,1.0,1.0,1.0,1.0,1.0,1.0,1.0,0.0,1.0,0.0,1.0,1.0,1.0,1.0,1.0,1.0,1.0,1.0,0.0,,0.0,0.0,,,0.0,1.0,1.0,1.0,1.0,,,1.0,1.0,0.0,1.0,1.0,,,1.0,0.0,,,1.0,1.0,0.0,0.0,1.0,0.0,,0.0,1.0,0.0,1.0,1.0,1.0,0.0,0.0,1.0,,1.0,1.0,0.0,0.0,,1.0,1.0,1.0,,0.0,0.0,1.0,1.0,1.0,0.0,,,,0.0,0.0,,1.0,1.0,
Wellington Fagundes,1.0,1.0,1.0,1.0,0.0,,1.0,,1.0,1.0,,1.0,,,1.0,1.0,,,1.0,1.0,1.0,1.0,,,,1.0,,1.0,,0.0,,1.0,1.0,0.0,,1.0,,,,,,,,,,,1.0,1.0,,1.0,,,,1.0,0.0,,1.0,,,,,,,,,,0.0,,1.0,,,,,,0.0,,,,,,,,,1.0,1.0,,1.0,1.0,,0.0,0.0,1.0,,0.0,,1.0,,,,,,,0.0,1.0,,1.0,,0.0,0.0,0.0,1.0,,1.0,1.0,,,,,,,1.0,1.0,,,,1.0,1.0,0.0,,0.0,1.0,1.0,1.0,1.0,1.0,1.0,0.0,,,0.0,0.0,0.0,0.0,1.0,1.0,1.0,,1.0,1.0,1.0,,1.0,1.0,1.0,0.0,0.0,,,1.0,,0.0,0.0,,,,,0.0,,,,,,0.0,,1.0,,0.0,1.0,1.0,1.0,,1.0,0.0,,,,,,,1.0,1.0,1.0,1.0,1.0,,,,,0.0,,1.0,0.0,1.0,,0.0,,,,,,,1.0,,0.0,0.0,1.0,1.0,1.0,0.0,,0.0,0.0,1.0,,,,1.0,,,0.0,,1.0,0.0,,,0.0,1.0,,1.0,,,,1.0,,1.0,,,,,0.0,1.0,,1.0,,1.0,1.0,,,,,1.0,1.0,,1.0,1.0,0.0,1.0,1.0,,1.0,1.0,,,1.0,,1.0,1.0,0.0,1.0,0.0,0.0,,0.0,0.0,,,,,1.0,,0.0,,,1.0,,1.0,0.0,0.0,0.0,,1.0,1.0,,0.0,1.0,1.0,1.0,1.0,1.0,1.0,,1.0,1.0,,1.0,1.0,,,,,1.0,,0.0,1.0,,1.0,,,,0.0,,,1.0,,,0.0,,1.0,1.0,0.0,1.0,1.0,,1.0
Wellington Roberto,1.0,,1.0,,0.0,0.0,1.0,1.0,1.0,1.0,,,,0.0,,1.0,1.0,,,1.0,1.0,,0.0,1.0,1.0,1.0,,1.0,0.0,0.0,,1.0,1.0,0.0,1.0,1.0,,,,,,,,1.0,1.0,,1.0,1.0,,1.0,1.0,0.0,0.0,1.0,,,1.0,,0.0,,0.0,0.0,1.0,,0.0,,0.0,1.0,0.0,,1.0,0.0,1.0,,0.0,1.0,,0.0,0.0,0.0,1.0,,1.0,,1.0,,1.0,,,0.0,,,0.0,0.0,1.0,,0.0,0.0,0.0,,,,,,,1.0,,0.0,0.0,,,,,1.0,,,0.0,,1.0,0.0,1.0,1.0,0.0,,,1.0,1.0,0.0,,,,1.0,1.0,1.0,,1.0,,,1.0,0.0,0.0,0.0,0.0,1.0,1.0,1.0,1.0,1.0,1.0,1.0,1.0,1.0,0.0,,0.0,,1.0,1.0,1.0,,,,,,1.0,1.0,0.0,0.0,1.0,,0.0,,0.0,1.0,1.0,,,1.0,1.0,,,1.0,0.0,0.0,,1.0,1.0,1.0,,1.0,1.0,1.0,1.0,1.0,0.0,,1.0,0.0,0.0,,1.0,,1.0,0.0,,1.0,0.0,,,,,1.0,,0.0,1.0,,1.0,1.0,0.0,1.0,1.0,,,,1.0,,1.0,1.0,0.0,,,,0.0,0.0,0.0,0.0,1.0,1.0,,,,,,,,,,,1.0,,1.0,0.0,0.0,0.0,,,0.0,0.0,0.0,1.0,1.0,,,0.0,0.0,1.0,,,0.0,1.0,0.0,,,,,1.0,1.0,1.0,,1.0,1.0,0.0,0.0,0.0,,,,1.0,1.0,1.0,0.0,,,,,,0.0,,,0.0,1.0,1.0,1.0,0.0,0.0,1.0,1.0,1.0,,1.0,0.0,1.0,,1.0,1.0,1.0,0.0,,,,,,0.0,,0.0,1.0,,0.0,,1.0,0.0,1.0,,1.0,1.0,0.0,0.0,1.0,,0.0,1.0,,,1.0
Weverton Rocha,,,,,,,1.0,1.0,,1.0,,,,0.0,1.0,1.0,1.0,,,1.0,1.0,0.0,0.0,1.0,0.0,1.0,1.0,,,,,1.0,1.0,,1.0,,1.0,,,0.0,0.0,0.0,,1.0,1.0,,1.0,,,,,,,,,1.0,1.0,,,,,,,,,,,,,,,,0.0,,,,,,,,,,,1.0,,,,,,,,,,,,,,,,,,,,,,,,,,0.0,,,1.0,1.0,,,0.0,0.0,1.0,0.0,1.0,1.0,0.0,,0.0,1.0,1.0,0.0,0.0,0.0,1.0,,1.0,,,1.0,0.0,,1.0,,,,0.0,1.0,,,,1.0,1.0,1.0,1.0,,,,,,,0.0,0.0,1.0,0.0,0.0,,1.0,,,0.0,0.0,,,,0.0,1.0,1.0,1.0,0.0,,,,1.0,0.0,1.0,,,,1.0,1.0,1.0,,,1.0,1.0,,,,,,,0.0,0.0,1.0,,,1.0,1.0,1.0,,,,,0.0,1.0,0.0,1.0,0.0,0.0,,,,0.0,,,,,,,,1.0,0.0,0.0,1.0,1.0,0.0,,0.0,,0.0,0.0,0.0,0.0,,1.0,,0.0,,,1.0,0.0,,,1.0,,1.0,0.0,1.0,1.0,0.0,0.0,0.0,1.0,1.0,1.0,1.0,0.0,,1.0,1.0,,0.0,1.0,1.0,1.0,1.0,0.0,1.0,1.0,,0.0,1.0,1.0,0.0,,,,1.0,0.0,,1.0,1.0,1.0,0.0,1.0,1.0,1.0,,1.0,1.0,,,1.0,0.0,,1.0,0.0,,1.0,1.0,1.0,,1.0,0.0,,,1.0,1.0,1.0,,0.0,1.0,1.0,0.0,,,,,1.0,1.0,0.0,,,,,1.0,1.0,1.0,,,1.0,0.0,0.0,1.0,1.0,,1.0
William Dib,1.0,1.0,1.0,1.0,1.0,1.0,1.0,1.0,1.0,1.0,1.0,1.0,1.0,0.0,1.0,1.0,1.0,1.0,1.0,1.0,1.0,,0.0,1.0,1.0,1.0,1.0,0.0,1.0,1.0,1.0,0.0,1.0,0.0,1.0,1.0,0.0,,,0.0,1.0,0.0,,1.0,1.0,1.0,1.0,,1.0,1.0,,,,,0.0,,1.0,1.0,,,,,0.0,0.0,,,,1.0,1.0,0.0,1.0,1.0,1.0,0.0,1.0,0.0,,,1.0,1.0,0.0,,,0.0,0.0,0.0,,0.0,1.0,,,0.0,1.0,1.0,0.0,0.0,0.0,0.0,0.0,0.0,0.0,,,,0.0,,,,1.0,0.0,,0.0,,,1.0,,,,,,0.0,0.0,0.0,1.0,1.0,0.0,0.0,1.0,,,0.0,0.0,,,,,,0.0,0.0,1.0,1.0,1.0,1.0,1.0,0.0,1.0,1.0,,1.0,1.0,1.0,0.0,1.0,0.0,1.0,0.0,1.0,1.0,1.0,0.0,,,0.0,0.0,0.0,,1.0,,1.0,,,,0.0,1.0,1.0,,,,1.0,1.0,0.0,0.0,,0.0,,,,0.0,0.0,1.0,0.0,1.0,0.0,1.0,1.0,1.0,,1.0,,,,,,1.0,1.0,1.0,1.0,1.0,1.0,1.0,0.0,1.0,,1.0,1.0,0.0,1.0,1.0,1.0,0.0,,,,,,,,,,,,,,1.0,,,,1.0,0.0,0.0,1.0,,,1.0,1.0,0.0,0.0,,1.0,,1.0,1.0,0.0,1.0,1.0,1.0,0.0,,,1.0,,1.0,,,,,1.0,1.0,0.0,0.0,1.0,1.0,1.0,1.0,1.0,1.0,1.0,0.0,1.0,,,,,0.0,1.0,0.0,,,1.0,1.0,0.0,1.0,1.0,1.0,,,0.0,1.0,0.0,0.0,0.0,1.0,1.0,1.0,0.0,1.0,1.0,0.0,1.0,1.0,,1.0,1.0,1.0,0.0,1.0,,,1.0,1.0,0.0,0.0,1.0,,0.0,1.0,,0.0,,1.0,0.0,0.0,1.0,,,0.0,0.0,,1.0,,1.0,,0.0,1.0
Wilson Filho,1.0,1.0,,,0.0,0.0,,,1.0,1.0,,,1.0,0.0,1.0,,0.0,,,1.0,1.0,,,,,,,1.0,,,0.0,1.0,1.0,,,1.0,,,,0.0,0.0,0.0,,,1.0,,1.0,,,,1.0,,0.0,,1.0,1.0,1.0,1.0,0.0,0.0,,0.0,,,0.0,0.0,0.0,0.0,1.0,,1.0,0.0,0.0,1.0,0.0,,,0.0,0.0,0.0,1.0,1.0,1.0,,,,,,,0.0,0.0,,,,,,0.0,,0.0,,1.0,0.0,,,1.0,,,0.0,0.0,0.0,,,1.0,1.0,,0.0,0.0,,1.0,0.0,1.0,1.0,0.0,,,1.0,1.0,0.0,0.0,0.0,1.0,1.0,1.0,1.0,1.0,1.0,,1.0,,0.0,0.0,0.0,0.0,1.0,1.0,1.0,1.0,1.0,,0.0,1.0,,,,,,,,0.0,,,0.0,,,1.0,,0.0,0.0,1.0,,,,1.0,1.0,,,,,,,,,0.0,0.0,,,,1.0,1.0,1.0,1.0,,,1.0,,,,0.0,,,,0.0,0.0,,0.0,1.0,,,,,1.0,1.0,,0.0,1.0,,1.0,1.0,,,,0.0,0.0,,1.0,0.0,,1.0,,,1.0,1.0,0.0,,,,0.0,,,,0.0,,,0.0,1.0,,,,,,1.0,,0.0,,1.0,1.0,,,0.0,1.0,,,,,0.0,1.0,,1.0,,,1.0,,1.0,0.0,1.0,1.0,1.0,0.0,1.0,0.0,0.0,0.0,,0.0,1.0,0.0,,1.0,1.0,1.0,,,1.0,1.0,0.0,1.0,0.0,,1.0,,1.0,,,0.0,0.0,1.0,1.0,1.0,,1.0,0.0,1.0,,1.0,1.0,,,,,,,1.0,0.0,0.0,0.0,1.0,,,0.0,1.0,,,,1.0,1.0,0.0,0.0,1.0,1.0,,,1.0,,1.0
Wladimir Costa,,,1.0,1.0,0.0,1.0,0.0,1.0,1.0,1.0,1.0,,,0.0,1.0,1.0,,,1.0,1.0,,,,1.0,,,,1.0,0.0,0.0,,1.0,1.0,,1.0,,,,,,,,0.0,,1.0,,,1.0,,1.0,1.0,0.0,0.0,1.0,,,,1.0,,,,0.0,,,,,0.0,,,,1.0,,,,0.0,1.0,,,0.0,0.0,1.0,1.0,,,1.0,1.0,,1.0,,0.0,0.0,1.0,,,1.0,1.0,,,,0.0,,,,1.0,0.0,,,,0.0,,1.0,,,,0.0,0.0,0.0,0.0,1.0,0.0,1.0,1.0,0.0,,0.0,1.0,1.0,0.0,,,,1.0,1.0,,1.0,1.0,,,,0.0,0.0,0.0,0.0,1.0,,1.0,1.0,,,0.0,,,0.0,1.0,0.0,,,,0.0,,,,,1.0,,1.0,0.0,,,,,,1.0,1.0,,,,,,,1.0,1.0,0.0,0.0,,,1.0,,,,,,1.0,0.0,,0.0,,,,,,,,1.0,1.0,1.0,1.0,1.0,1.0,,,,0.0,0.0,0.0,,1.0,1.0,,,,,,,,,,,,,,,,,,,,0.0,,,,,,,,,,,,,1.0,,,,1.0,1.0,0.0,0.0,0.0,1.0,,,,,,,,,0.0,1.0,0.0,,,,,,,,1.0,,1.0,0.0,,0.0,1.0,,,0.0,,,0.0,,1.0,1.0,,1.0,,,,,,,,1.0,,,0.0,,,,,,,,1.0,,,,,1.0,0.0,,,,,,,,0.0,1.0,0.0,0.0,,,,,,,,0.0,,,0.0,
Wolney Queiroz,1.0,1.0,1.0,0.0,0.0,0.0,1.0,1.0,1.0,1.0,1.0,,,,1.0,1.0,,1.0,,1.0,1.0,0.0,0.0,1.0,0.0,1.0,1.0,0.0,,1.0,0.0,1.0,1.0,,1.0,1.0,0.0,0.0,0.0,1.0,1.0,1.0,,1.0,1.0,,1.0,1.0,,1.0,1.0,,,,1.0,1.0,1.0,1.0,,0.0,,,,1.0,,0.0,0.0,1.0,0.0,,1.0,0.0,0.0,,,0.0,0.0,0.0,0.0,0.0,1.0,1.0,1.0,1.0,1.0,1.0,,1.0,1.0,0.0,,0.0,,,1.0,,,0.0,0.0,0.0,,0.0,,1.0,1.0,1.0,0.0,,0.0,,,1.0,1.0,,0.0,,0.0,,1.0,0.0,1.0,1.0,0.0,,0.0,0.0,1.0,0.0,,0.0,1.0,,1.0,1.0,1.0,,,,1.0,,,,1.0,1.0,1.0,1.0,1.0,,1.0,,1.0,,0.0,0.0,0.0,,,1.0,,1.0,0.0,,,,1.0,1.0,0.0,0.0,1.0,,0.0,,1.0,0.0,0.0,0.0,,0.0,,1.0,,1.0,0.0,0.0,1.0,1.0,1.0,,,1.0,1.0,0.0,1.0,1.0,,,1.0,,,,1.0,,,1.0,1.0,1.0,0.0,1.0,,,,1.0,,1.0,1.0,0.0,1.0,1.0,0.0,0.0,0.0,,,,,0.0,1.0,,0.0,0.0,1.0,1.0,,,0.0,0.0,,0.0,0.0,0.0,0.0,1.0,1.0,0.0,1.0,1.0,1.0,0.0,1.0,,1.0,,,0.0,1.0,,0.0,,,,,1.0,,0.0,,,1.0,1.0,0.0,1.0,1.0,1.0,,,,,,0.0,1.0,0.0,1.0,,0.0,,1.0,0.0,,1.0,1.0,1.0,,,1.0,1.0,0.0,1.0,1.0,0.0,0.0,1.0,0.0,0.0,1.0,0.0,,,1.0,1.0,,1.0,0.0,1.0,,,1.0,1.0,,0.0,,1.0,0.0,,0.0,0.0,0.0,1.0,,0.0,,,,1.0,1.0,1.0,1.0,,0.0,1.0,0.0,,1.0,1.0,0.0,1.0
Zeca Dirceu,1.0,1.0,1.0,0.0,,1.0,0.0,1.0,,1.0,,,,,0.0,,,,,1.0,1.0,1.0,,1.0,,,1.0,1.0,0.0,0.0,,,1.0,1.0,,1.0,,0.0,,0.0,0.0,1.0,,1.0,,,1.0,1.0,1.0,1.0,1.0,0.0,0.0,1.0,,0.0,1.0,1.0,0.0,,0.0,,,,,0.0,,,0.0,,1.0,0.0,,1.0,0.0,1.0,0.0,0.0,0.0,0.0,1.0,1.0,1.0,1.0,1.0,1.0,1.0,1.0,1.0,,0.0,1.0,,0.0,1.0,1.0,0.0,0.0,0.0,1.0,1.0,0.0,,,0.0,1.0,0.0,0.0,0.0,0.0,1.0,1.0,,1.0,0.0,,,0.0,1.0,,1.0,1.0,0.0,0.0,,1.0,1.0,0.0,,0.0,1.0,1.0,1.0,1.0,1.0,1.0,0.0,1.0,1.0,0.0,0.0,0.0,,1.0,0.0,0.0,,,1.0,0.0,,,0.0,0.0,0.0,0.0,1.0,1.0,,,0.0,,,1.0,1.0,,,0.0,1.0,,0.0,0.0,0.0,1.0,1.0,,,,1.0,1.0,1.0,0.0,0.0,,,1.0,1.0,,1.0,0.0,1.0,1.0,1.0,0.0,0.0,0.0,1.0,,0.0,,1.0,,1.0,1.0,1.0,1.0,0.0,,1.0,,0.0,1.0,0.0,0.0,0.0,0.0,,,0.0,0.0,0.0,0.0,0.0,,,0.0,,1.0,,1.0,1.0,1.0,0.0,0.0,,0.0,0.0,0.0,1.0,1.0,0.0,1.0,,,,,,0.0,,0.0,1.0,,,0.0,1.0,,0.0,0.0,0.0,1.0,,,1.0,1.0,1.0,1.0,1.0,1.0,0.0,,,1.0,1.0,1.0,1.0,,,1.0,,0.0,0.0,0.0,,,,0.0,1.0,,1.0,,0.0,,1.0,1.0,,1.0,1.0,,1.0,,0.0,0.0,,,0.0,,,1.0,,0.0,0.0,1.0,,1.0,,1.0,0.0,0.0,,0.0,1.0,,0.0,1.0,,0.0,1.0,,,,,1.0,,1.0,1.0,,,,,0.0,1.0,1.0,,1.0
Zenaldo Coutinho,1.0,,,,1.0,1.0,,,1.0,,,,,,,,,,1.0,,,,,,,,1.0,0.0,0.0,1.0,,,,,,1.0,,,,,,,,,,,,1.0,,,,,,,,,,,,,,,,,,,,,,,,,,,,,,,,,,,,,,,,,,,,,,,,,,,,,,,,,,0.0,,,,,,,,,,,,,,,,,,,,,,,,,,0.0,0.0,,0.0,0.0,,,,,1.0,1.0,,,1.0,,1.0,,,,,0.0,1.0,0.0,1.0,,1.0,,,0.0,,1.0,,,,,,,,,,,,,,,,,1.0,,,,,,,,,,,,,,,,,,,,,,,,,,,,,,,,,,,,,,,,,,,,,,,,,,,,,,,,,,,,,,,,,,,,,,,,,,,,,,,,,,,,,,,,,,,,,,,,,,,,,,,,,,,,,,,,,,,,,,,,,,,,,,,,,,,,,,,,,,,,,,,,,,,,,,,,,,,,,,,,,,,,,
Zequinha Marinho,1.0,,1.0,,0.0,0.0,,,1.0,1.0,1.0,,,0.0,0.0,1.0,1.0,1.0,,1.0,1.0,,0.0,1.0,1.0,1.0,,,0.0,0.0,0.0,1.0,1.0,0.0,1.0,1.0,,,,,,,0.0,1.0,,1.0,1.0,1.0,,1.0,1.0,0.0,0.0,,,,1.0,,0.0,,0.0,0.0,,1.0,,0.0,0.0,,,1.0,1.0,0.0,,,0.0,0.0,0.0,0.0,0.0,0.0,1.0,1.0,,1.0,1.0,1.0,1.0,1.0,1.0,,,,,,,1.0,,0.0,0.0,,1.0,0.0,0.0,1.0,,,0.0,0.0,,0.0,,1.0,1.0,1.0,1.0,0.0,0.0,0.0,1.0,0.0,1.0,1.0,,0.0,0.0,1.0,1.0,,,0.0,1.0,1.0,1.0,1.0,1.0,1.0,0.0,1.0,,0.0,1.0,1.0,,,1.0,,1.0,,1.0,0.0,1.0,,0.0,,,0.0,,1.0,,,0.0,0.0,,,1.0,1.0,0.0,0.0,1.0,,,,0.0,1.0,1.0,,,,1.0,,,1.0,,,0.0,1.0,1.0,1.0,1.0,1.0,1.0,1.0,0.0,1.0,0.0,,1.0,0.0,,0.0,,1.0,1.0,0.0,0.0,1.0,1.0,1.0,1.0,1.0,,1.0,0.0,0.0,0.0,0.0,,,0.0,0.0,0.0,0.0,0.0,0.0,1.0,0.0,,,,,,,,,,,0.0,0.0,,1.0,,1.0,,0.0,1.0,1.0,,,,,1.0,0.0,0.0,0.0,1.0,1.0,,0.0,0.0,1.0,,1.0,1.0,,,,1.0,1.0,,,,1.0,1.0,0.0,1.0,1.0,1.0,,,,,,,,,,,0.0,1.0,,0.0,1.0,1.0,1.0,0.0,,,1.0,1.0,,,1.0,1.0,1.0,,,0.0,0.0,1.0,1.0,0.0,,1.0,1.0,,1.0,,0.0,1.0,0.0,1.0,1.0,0.0,,0.0,1.0,1.0,0.0,0.0,1.0,,0.0,1.0,,,0.0,0.0,1.0,,,1.0,1.0,0.0,1.0
Zezéu Ribeiro,1.0,1.0,,,,,,1.0,1.0,1.0,1.0,1.0,,,0.0,,0.0,,,0.0,0.0,,,,,,1.0,,,,,,1.0,,,,,,,,,,0.0,,1.0,,,,1.0,,,,,,,,,,,,,,,,,,,,,,,,1.0,,,,,,,,,,,1.0,,,,,,,,,,,,,,,,,,,,,,,,,,0.0,,,1.0,1.0,,,,,,,,,,,,,,,,,,,,,,,,,,,0.0,0.0,,,,,,0.0,1.0,0.0,,0.0,,0.0,0.0,,,,0.0,,,0.0,0.0,1.0,,1.0,0.0,0.0,1.0,,0.0,0.0,0.0,1.0,1.0,0.0,0.0,0.0,,,,,,,,,,,,0.0,1.0,,1.0,1.0,0.0,0.0,,,,0.0,1.0,,,0.0,0.0,1.0,0.0,,,,,1.0,0.0,0.0,0.0,0.0,,,,0.0,0.0,0.0,0.0,0.0,1.0,,1.0,1.0,0.0,1.0,1.0,1.0,0.0,,,0.0,0.0,0.0,,,,1.0,1.0,0.0,0.0,0.0,0.0,,,,,0.0,1.0,,,1.0,0.0,0.0,,1.0,,1.0,1.0,0.0,0.0,1.0,,,0.0,,0.0,1.0,1.0,0.0,1.0,1.0,1.0,1.0,1.0,0.0,0.0,,,,,,,1.0,,,,,1.0,1.0,0.0,1.0,1.0,,1.0,1.0,0.0,,,0.0,0.0,1.0,1.0,,0.0,0.0,,1.0,0.0,1.0,,,,,,,,1.0,,,,0.0,1.0,,,,,,,,,,,,,,,,,
Zoinho,1.0,1.0,1.0,1.0,0.0,0.0,1.0,1.0,1.0,1.0,,1.0,1.0,,1.0,1.0,1.0,1.0,,1.0,1.0,1.0,0.0,1.0,1.0,1.0,1.0,0.0,0.0,,0.0,1.0,1.0,0.0,1.0,,1.0,1.0,,0.0,1.0,0.0,,1.0,1.0,1.0,1.0,1.0,1.0,1.0,1.0,0.0,0.0,1.0,0.0,1.0,1.0,1.0,0.0,0.0,0.0,0.0,,1.0,0.0,0.0,0.0,1.0,0.0,,1.0,0.0,1.0,1.0,0.0,1.0,0.0,,1.0,1.0,1.0,1.0,1.0,1.0,1.0,1.0,1.0,1.0,1.0,0.0,,1.0,0.0,,1.0,1.0,0.0,,0.0,0.0,,0.0,0.0,1.0,1.0,1.0,0.0,0.0,0.0,0.0,1.0,1.0,1.0,1.0,0.0,0.0,0.0,0.0,,,0.0,0.0,1.0,0.0,0.0,1.0,1.0,0.0,,,,1.0,1.0,1.0,1.0,1.0,0.0,0.0,1.0,,1.0,1.0,0.0,1.0,0.0,0.0,0.0,1.0,1.0,1.0,1.0,1.0,1.0,1.0,0.0,,,1.0,1.0,1.0,0.0,0.0,,0.0,0.0,,0.0,,1.0,0.0,,,0.0,1.0,1.0,0.0,0.0,1.0,1.0,1.0,1.0,1.0,0.0,,,1.0,1.0,1.0,1.0,0.0,1.0,1.0,0.0,1.0,,,1.0,1.0,0.0,1.0,1.0,0.0,1.0,1.0,1.0,1.0,1.0,1.0,1.0,1.0,0.0,1.0,,0.0,1.0,1.0,1.0,,0.0,0.0,0.0,0.0,1.0,0.0,1.0,,0.0,1.0,0.0,0.0,,1.0,0.0,0.0,0.0,0.0,0.0,,1.0,1.0,0.0,,1.0,0.0,1.0,0.0,0.0,0.0,1.0,,1.0,,1.0,,1.0,1.0,0.0,0.0,0.0,1.0,1.0,1.0,0.0,1.0,1.0,0.0,1.0,1.0,,1.0,1.0,1.0,1.0,1.0,1.0,1.0,1.0,0.0,1.0,0.0,0.0,,0.0,0.0,1.0,0.0,,1.0,1.0,1.0,0.0,1.0,1.0,1.0,0.0,1.0,0.0,0.0,,1.0,0.0,1.0,1.0,0.0,0.0,1.0,1.0,1.0,,1.0,0.0,1.0,,1.0,1.0,1.0,0.0,0.0,1.0,,1.0,1.0,0.0,1.0,0.0,1.0,1.0,0.0,0.0,1.0,0.0,0.0,1.0,1.0,1.0,0.0,0.0,1.0,1.0,0.0,1.0,1.0,0.0,1.0
Zonta,,,1.0,1.0,,,,,,,,,,,,,,,,,,,,,,,,,,,,,,,,,,,,,,,,,,,,,,,,0.0,0.0,,,,,,0.0,0.0,0.0,,1.0,1.0,0.0,,0.0,1.0,1.0,1.0,1.0,0.0,,1.0,0.0,0.0,0.0,0.0,0.0,0.0,1.0,1.0,1.0,,,,1.0,1.0,1.0,0.0,0.0,1.0,0.0,0.0,,,,,,,,,,,,,,,0.0,,,,,,,,,,,,,,,,,,,,,,,,,,,,,,,,,,,,,,,,,,,,,,,,,,,,,,,,,,,,,,,,,,,,,,,,,,,,,,,,,,,,,,,,,,,,,,,,,,,,,,,,,,,,,,,,,,,,,,,,,,,,,,,,,,,,,,,,,,,,,,,,,,,,,,,,,,,,,,,,,,,,,,,,,,,,,,,,,,,,,,,,,,,,,,,,,,,,,,,,,,,,,,,,,,,,,,,,,,,,,,,,,,,,,,,,,,,
Zé Geraldo,1.0,1.0,1.0,0.0,1.0,1.0,,1.0,1.0,1.0,,1.0,,,0.0,0.0,0.0,,1.0,1.0,1.0,1.0,,1.0,,,1.0,,,,,,1.0,1.0,1.0,1.0,1.0,0.0,0.0,0.0,0.0,1.0,,1.0,1.0,,,1.0,1.0,1.0,1.0,0.0,0.0,,1.0,0.0,,,0.0,,0.0,,,1.0,0.0,0.0,,0.0,0.0,,1.0,0.0,1.0,1.0,,1.0,0.0,,0.0,0.0,1.0,1.0,1.0,1.0,1.0,,,1.0,,0.0,0.0,1.0,0.0,0.0,1.0,1.0,,,,1.0,1.0,,,,,1.0,,,0.0,0.0,,1.0,,1.0,,,0.0,0.0,1.0,0.0,1.0,1.0,0.0,0.0,,1.0,1.0,0.0,,0.0,1.0,1.0,1.0,1.0,1.0,,0.0,1.0,1.0,0.0,0.0,0.0,,,0.0,0.0,,,1.0,0.0,,1.0,0.0,0.0,,0.0,,1.0,0.0,1.0,0.0,,0.0,1.0,,1.0,0.0,,,0.0,,,0.0,0.0,0.0,0.0,0.0,0.0,,1.0,1.0,0.0,,,,1.0,,,1.0,0.0,1.0,1.0,1.0,0.0,0.0,0.0,,0.0,0.0,,1.0,0.0,1.0,0.0,,,1.0,1.0,,,,1.0,0.0,0.0,0.0,0.0,,,0.0,0.0,0.0,0.0,0.0,0.0,1.0,0.0,,1.0,0.0,,1.0,1.0,0.0,0.0,,0.0,0.0,,,1.0,,1.0,1.0,0.0,,0.0,,,,,,,,,,,,0.0,0.0,1.0,1.0,1.0,1.0,0.0,0.0,1.0,1.0,1.0,,1.0,0.0,1.0,1.0,0.0,1.0,,,1.0,1.0,0.0,0.0,0.0,0.0,0.0,1.0,,1.0,1.0,1.0,,0.0,1.0,1.0,1.0,0.0,1.0,0.0,,,,,0.0,1.0,1.0,0.0,,0.0,1.0,0.0,0.0,0.0,,0.0,,1.0,1.0,,0.0,,,,,0.0,1.0,,0.0,1.0,,,,,,,1.0,0.0,,,,,0.0,1.0,1.0,1.0,1.0
Zé Silva,1.0,1.0,1.0,1.0,0.0,0.0,0.0,,,,1.0,1.0,,,,,1.0,1.0,1.0,,,,0.0,1.0,1.0,1.0,1.0,0.0,,1.0,0.0,,,0.0,1.0,1.0,,,,,,,,1.0,,1.0,1.0,1.0,1.0,1.0,1.0,0.0,,,,,,,0.0,0.0,0.0,0.0,,1.0,,0.0,0.0,1.0,0.0,1.0,1.0,0.0,0.0,,0.0,1.0,,0.0,,,1.0,1.0,,1.0,,,,,,0.0,0.0,1.0,,0.0,1.0,1.0,0.0,0.0,0.0,,1.0,0.0,0.0,1.0,,1.0,0.0,0.0,,,1.0,1.0,,,0.0,0.0,,0.0,1.0,0.0,1.0,1.0,0.0,0.0,0.0,1.0,1.0,0.0,0.0,,1.0,1.0,1.0,1.0,1.0,1.0,0.0,1.0,,0.0,0.0,0.0,,,1.0,,1.0,1.0,,,1.0,0.0,,0.0,0.0,0.0,,0.0,1.0,1.0,0.0,0.0,,1.0,1.0,,,0.0,1.0,0.0,0.0,0.0,,,,0.0,,1.0,1.0,1.0,0.0,1.0,0.0,0.0,1.0,1.0,1.0,1.0,1.0,,,,1.0,1.0,0.0,0.0,,,,,,,,1.0,1.0,1.0,1.0,1.0,1.0,1.0,0.0,1.0,,,,,,,,,,,,,,,,,,,,,,,,,,,,,,,,,,,,,1.0,,,,,,,,,,,,,,,,,,,,,,,,,,,,,,,,,,,,,,,,,1.0,,1.0,,,,,,,,,,,1.0,,,,,,,,,,,1.0,,1.0,,,,1.0,1.0,1.0,1.0,1.0,0.0,1.0,,,,,0.0,0.0,1.0,,,0.0,,1.0,1.0,0.0,1.0,1.0,0.0,1.0
Zé Vieira,0.0,,,,,,,,,,,,1.0,,,,,,,,,,,,,,,,,,,,,,1.0,,1.0,,,,,,,,,,,,0.0,1.0,,,,,,,,,1.0,0.0,0.0,0.0,,,,,,,,,,,,,,,0.0,,0.0,0.0,1.0,,1.0,,,,,,,0.0,,,0.0,0.0,,,,,,,,,0.0,,1.0,,0.0,,,0.0,,,,,,,,,,,,,,0.0,,1.0,1.0,,0.0,0.0,0.0,,0.0,,,,0.0,0.0,,,,,,,,,,,1.0,1.0,,,,,,,1.0,1.0,,,,,,,,,,,,,,,0.0,1.0,,,,,,,,,,,,,,,0.0,1.0,,1.0,0.0,,,,1.0,,0.0,0.0,,,,,,,,,,,,,0.0,0.0,,1.0,,,0.0,,,,,,,0.0,0.0,,,,,,,,0.0,,,,,,,,,0.0,,1.0,0.0,,,,,0.0,,,,,,,,1.0,,1.0,,0.0,0.0,1.0,,1.0,,,,,,,,,,0.0,,,,,,,,,,,,,,,,1.0,,,,0.0,,,,,,,,,,,,,,,,,,,,,,,,,,,,,,,,,,,,,,,,,,,,,,
Átila Lins,1.0,1.0,1.0,1.0,0.0,0.0,0.0,0.0,1.0,1.0,1.0,,1.0,,,1.0,1.0,1.0,1.0,1.0,1.0,0.0,,,,0.0,,1.0,0.0,0.0,0.0,1.0,1.0,0.0,1.0,1.0,1.0,,,,,,0.0,,,,,1.0,1.0,,,0.0,,,1.0,1.0,1.0,,0.0,0.0,0.0,0.0,,,,0.0,0.0,1.0,0.0,,1.0,,1.0,1.0,0.0,1.0,,,0.0,0.0,1.0,1.0,1.0,,1.0,,,,,0.0,,1.0,0.0,0.0,,1.0,,,0.0,,1.0,0.0,0.0,0.0,0.0,1.0,0.0,,,0.0,,,1.0,,,0.0,0.0,,1.0,0.0,1.0,1.0,0.0,0.0,0.0,1.0,1.0,,0.0,0.0,1.0,,,,,,0.0,1.0,,,,,,,1.0,1.0,1.0,1.0,,,1.0,,1.0,1.0,0.0,0.0,1.0,1.0,,1.0,,0.0,0.0,0.0,1.0,1.0,0.0,,,,0.0,0.0,0.0,1.0,1.0,,0.0,0.0,,1.0,1.0,1.0,,,0.0,1.0,,1.0,0.0,1.0,1.0,1.0,,1.0,1.0,1.0,1.0,0.0,0.0,0.0,,,1.0,1.0,1.0,1.0,0.0,,1.0,,1.0,1.0,1.0,1.0,1.0,0.0,,,1.0,,,,,0.0,1.0,0.0,1.0,1.0,,,,,0.0,0.0,0.0,0.0,1.0,1.0,,0.0,0.0,1.0,1.0,0.0,1.0,,0.0,,1.0,0.0,,1.0,0.0,1.0,1.0,1.0,0.0,0.0,0.0,1.0,1.0,1.0,1.0,,,,1.0,,0.0,,1.0,1.0,1.0,0.0,1.0,1.0,,0.0,1.0,,,,,,,,,0.0,,,0.0,1.0,,1.0,0.0,1.0,,1.0,0.0,0.0,1.0,,1.0,,1.0,,0.0,,,1.0,,1.0,,1.0,1.0,1.0,,,1.0,,,,,,,,1.0,0.0,0.0,1.0,0.0,1.0,1.0,1.0,,0.0,,1.0,0.0,0.0,,1.0,0.0,1.0
Átila Lira,,,,,,,,,,,,,,,,,0.0,1.0,,,,,,,,,,,,,,,,,,,,,,,,,,1.0,,1.0,,,,,,,,,,,,,,,,,,,,,,,,,,,,,,,,,,,,,,,,,,,,,,,,,,,,,,,,,,,,,,,,,,,,,,,,,,,,,,,,,,,,,,,,,,,,,,,,,,,,,,,,,1.0,,,,,,,,,,,,,,,,,,,,,,,,,,,,,1.0,,,,,,1.0,1.0,1.0,,,,,,,,,,,,,,,,1.0,1.0,,,,,,,1.0,,,,,,,,,,,,,,,,,,,,,,,,,,,,,,,,,,,,,1.0,,,,,,,,,,,,,,,,,,,,,,,,,,,,,,,,,,,,,,,,,,,1.0,,,,,,,,,,,1.0,,,,,,,,,,,,1.0,1.0,0.0,0.0,,,0.0,1.0,0.0,,,1.0,,,,,,1.0,1.0,,,0.0,,,0.0,0.0,1.0,,0.0,1.0
Ângelo Agnolin,1.0,1.0,1.0,1.0,0.0,1.0,0.0,0.0,1.0,1.0,1.0,,1.0,,1.0,1.0,1.0,1.0,1.0,1.0,1.0,0.0,0.0,1.0,1.0,1.0,1.0,0.0,0.0,1.0,0.0,1.0,,0.0,1.0,1.0,1.0,0.0,1.0,0.0,0.0,1.0,0.0,1.0,1.0,,1.0,1.0,1.0,1.0,1.0,0.0,,1.0,0.0,0.0,1.0,1.0,0.0,0.0,0.0,,1.0,1.0,,0.0,0.0,0.0,0.0,1.0,1.0,0.0,0.0,1.0,0.0,1.0,0.0,,0.0,0.0,1.0,1.0,1.0,,1.0,1.0,1.0,1.0,1.0,0.0,0.0,1.0,0.0,0.0,1.0,1.0,0.0,0.0,0.0,1.0,1.0,0.0,0.0,1.0,1.0,1.0,0.0,0.0,0.0,0.0,1.0,1.0,,1.0,0.0,0.0,0.0,0.0,1.0,0.0,1.0,1.0,0.0,1.0,,1.0,1.0,0.0,0.0,0.0,1.0,,1.0,1.0,1.0,1.0,0.0,,1.0,0.0,0.0,0.0,,,1.0,,1.0,1.0,,1.0,,,0.0,0.0,0.0,,1.0,1.0,1.0,1.0,0.0,,,,1.0,1.0,0.0,,,,0.0,0.0,1.0,1.0,1.0,0.0,0.0,0.0,1.0,,0.0,1.0,,,1.0,1.0,1.0,1.0,1.0,1.0,1.0,1.0,0.0,1.0,,0.0,,,,,1.0,,,1.0,1.0,1.0,0.0,1.0,1.0,1.0,1.0,1.0,0.0,0.0,0.0,,1.0,1.0,0.0,0.0,0.0,0.0,0.0,0.0,,,1.0,,0.0,,,,0.0,1.0,0.0,,0.0,0.0,1.0,0.0,,1.0,1.0,0.0,1.0,0.0,0.0,,1.0,,,,1.0,0.0,1.0,1.0,0.0,,0.0,1.0,,,1.0,,,,1.0,,,,,1.0,1.0,1.0,1.0,1.0,1.0,0.0,1.0,1.0,,,,,,,1.0,1.0,1.0,,0.0,1.0,1.0,1.0,,1.0,1.0,,,,0.0,0.0,1.0,,,,,,1.0,0.0,0.0,1.0,1.0,1.0,1.0,1.0,0.0,0.0,,0.0,1.0,1.0,0.0,1.0,0.0,1.0,1.0,0.0,0.0,,0.0,1.0,,1.0,1.0,,,,0.0,0.0,1.0,1.0,1.0,1.0
Íris de Araújo,1.0,1.0,1.0,1.0,0.0,0.0,0.0,1.0,,1.0,1.0,1.0,1.0,0.0,0.0,,,,1.0,1.0,1.0,0.0,,,,,1.0,1.0,0.0,0.0,0.0,1.0,1.0,0.0,,1.0,1.0,0.0,0.0,,1.0,0.0,0.0,,,,,,1.0,1.0,1.0,0.0,0.0,1.0,0.0,1.0,,,0.0,0.0,,0.0,1.0,1.0,0.0,0.0,0.0,1.0,1.0,1.0,1.0,0.0,,1.0,0.0,0.0,0.0,0.0,0.0,0.0,1.0,1.0,1.0,1.0,1.0,1.0,1.0,1.0,1.0,0.0,0.0,1.0,0.0,0.0,,,0.0,0.0,0.0,0.0,,0.0,0.0,1.0,,1.0,0.0,0.0,0.0,0.0,1.0,0.0,1.0,1.0,0.0,0.0,0.0,0.0,1.0,0.0,1.0,1.0,0.0,0.0,0.0,1.0,1.0,0.0,,,,,,,,,0.0,1.0,1.0,,,,0.0,1.0,1.0,1.0,1.0,,,,,0.0,0.0,1.0,0.0,,1.0,,0.0,1.0,,,0.0,1.0,,1.0,,0.0,1.0,0.0,0.0,0.0,,,,0.0,0.0,0.0,1.0,1.0,1.0,1.0,0.0,0.0,0.0,1.0,1.0,,1.0,,,1.0,0.0,1.0,0.0,0.0,1.0,0.0,0.0,0.0,1.0,,1.0,,,,,,,,,,,,0.0,0.0,1.0,1.0,1.0,,,,,,,,,,,,,,,0.0,0.0,0.0,1.0,0.0,1.0,1.0,0.0,1.0,,,,,,0.0,,1.0,,1.0,0.0,0.0,,1.0,0.0,0.0,0.0,1.0,,1.0,1.0,1.0,1.0,0.0,1.0,1.0,,,,1.0,1.0,1.0,1.0,1.0,1.0,,1.0,0.0,0.0,0.0,0.0,0.0,1.0,0.0,1.0,1.0,,,0.0,,1.0,1.0,0.0,,,1.0,1.0,0.0,,1.0,,0.0,0.0,1.0,1.0,,,,,,,,1.0,1.0,,,1.0,,,1.0,,,,1.0,,0.0,0.0,1.0,,,1.0,,,0.0,0.0,,1.0,0.0,1.0,1.0,0.0,1.0
