deputado_nome,105464-319,105464-326,1198512-250,1198512-254,1198512-257,1198512-272,1198512-279,1215346-62,1215346-65,1301128-43,1301482-127,1301482-142,15460-156,15460-165,15460-170,15460-173,15460-176,15460-179,15460-184,15460-200,15460-201,1555470-234,1555470-319,1594917-39,16526-506,16526-556,16526-572,16526-580,16526-582,16526-596,1672576-101,1672576-109,1672576-120,1672576-124,1672576-128,1672576-133,1672576-136,1672576-141,1672576-147,1672576-150,1672576-153,1672576-171,1672576-177,1672576-193,1672576-97,1701050-124,1701050-129,1701050-140,1738814-86,1738814-89,1738814-91,1738814-99,18156-127,18156-148,18156-152,18156-154,18156-156,2054465-88,2075448-116,2078693-87,2080470-78,2080470-86,2082511-75,2083376-47,2083376-58,2094936-23,2114626-17,2136580-62,2144995-104,2144995-99,2147241-38,2147241-44,2147241-47,2147241-51,2147241-54,2147241-60,2147241-66,2147241-69,2147241-72,2149785-72,2158536-10,2158716-112,2158716-139,2158716-143,2160860-165,2160860-168,2164132-54,2164132-60,2165194-130,2166595-59,2166595-61,2166595-65,2166877-73,2166877-79,2171314-10,2176886-79,2184326-102,2184326-98,2184458-106,2191205-43,2191205-54,2191205-76,2191205-79,2194899-100,2194899-103,2194899-107,2194899-109,2194899-116,2194899-125,2194899-137,2194899-141,2194899-91,2194899-96,2205645-102,2205645-105,2205645-110,2205645-113,2205645-121,2205645-60,2205645-74,2205645-77,2205645-82,2205645-92,2205645-99,2206203-119,2206203-138,2206203-146,2206203-165,2206203-171,2206203-177,2206203-188,2206203-197,2206203-200,2206203-220,2206203-223,2206203-231,2206203-234,2206203-239,2206395-51,2206395-55,2206395-58,2206395-99,2208682-147,2208682-151,2208682-154,2208682-162,2208682-164,2208682-167,2222884-104,2222884-39,2222884-43,2222884-47,2222884-48,2222884-54,2222884-57,2222884-59,2222884-62,2222884-67,2222884-70,2222884-73,2222884-77,2222884-80,2222884-83,2222884-86,2222884-88,2222884-98,2224067-44,2224067-58,2224225-63,2224532-74,2224532-83,2228978-53,2229308-40,2229308-44,2229308-50,2229308-53,2229308-55,2229308-56,2229308-64,2229308-65,2229308-66,2229308-70,2229308-71,2229308-75,2229308-77,2229308-80,2229308-83,2229308-89,2229308-92,2230248-6,2230815-65,2230815-71,2233488-33,2233718-10,2236213-24,2236213-50,2236261-46,2236261-56,2236326-12,2236326-19,2236858-34,2237331-53,2237876-159,2237876-166,2238112-32,2238112-46,2238112-59,2238112-62,2238112-68,2238112-71,2238112-81,2238112-82,2241642-59,2241642-76,2241642-91,2241660-35,2241660-61,2241660-73,2241660-77,2241660-85,2241660-90,2241660-99,2241662-103,2241662-109,2241662-117,2241662-118,2241662-123,2241662-131,2241662-137,2241662-37,2241662-46,2241662-66,2241662-72,2241662-76,2241662-77,2241662-79,2241662-81,2241662-85,2241662-90,2241662-93,2241662-96,2241662-98,2242000-151,2242000-83,2242000-90,2242140-138,2242140-63,2242140-72,2242140-81,2242282-7,2242322-7,2242344-15,2242400-83,2242413-59,2242413-81,2242488-47,2242488-56,2242583-25,2242583-46,2242583-51,2242583-55,2242583-61,2242583-63,2242583-66,2242618-52,2242618-79,2242621-7,2242821-110,2242821-129,2242868-76,2242887-100,2242887-109,2242887-152,2242887-57,2242887-64,2242887-67,2242887-82,2242887-95,2242888-100,2242888-105,2242888-108,2242888-111,2242888-114,2242888-115,2242888-38,2242888-48,2242888-56,2242888-60,2242888-66,2242888-67,2242888-71,2242888-78,2242888-93,2242888-95,2243108-76,2244243-105,2244243-62,2244243-71,2244773-6,2246357-57,2246359-31,2247459-6,2247564-60,2247980-114,2249891-100,2249891-32,2249891-47,2249891-52,2249891-58,2249891-60,2249891-64,2249891-73,2249891-78,2249891-85,2249891-95,2249891-98,2249946-31,2249946-35,2249946-37,2249946-40,2249946-43,2249946-53,2249946-56,2249946-60,2249946-63,2249946-66,2249946-69,2249946-71,2249946-85,2249946-92,2249946-96,2249946-99,2250300-35,2250300-52,2250977-41,2250977-44,2250977-56,2251191-45,2251392-38,2251392-41,2251392-44,2251392-46,2251392-52,2251392-53,2251392-68,2251392-71,2251392-74,2251392-79,2251392-82,2251392-85,2251392-90,2251392-91,2251493-6,2251922-8,2251926-55,2253356-65,2253431-33,2253458-7,2253471-108,2253471-47,2253778-117,2253778-118,2253778-120,2253778-59,2253778-63,2253778-67,2253778-69,2253778-73,2253778-79,2253778-86,2253778-89,2253778-93,2253827-32,2254253-51,2254253-62,2254253-67,2254441-9,2255096-29,2255096-53,2255237-7,2255363-43,2255363-59,2255363-71,2255387-65,2255387-98,2256130-22,2256130-37,2256130-40,2256130-44,2256130-46,2256130-50,2256130-56,2256246-12,2256542-32,2256542-68,2258717-9,2258907-9,2258964-34,2258964-42,2258964-50,2258964-53,2258964-56,2258964-60,2258964-78,2260433-104,2260433-108,2260433-116,2260433-124,2260433-129,2260433-136,2260433-145,2260433-156,2260433-162,2260433-167,2260433-176,2260433-194,2260433-198,2260433-200,2260433-204,2260433-210,2260433-53,2260433-58,2260433-64,2260433-76,2260433-81,2260433-83,2260433-87,2260433-92,2260433-96,2260971-103,2260971-110,2260971-117,2260971-122,2260971-130,2260971-134,2260971-146,2260971-149,2260971-30,2260971-38,2260971-43,2260971-60,2260971-62,2260971-64,2260971-69,2260971-74,2260971-83,2260971-85,2260971-89,2260971-98,2261121-104,2261121-110,2261121-114,2261121-172,2261121-177,2261121-82,2261121-88,2261121-90,2261121-99,2261939-107,2261939-110,2261939-113,2261939-31,2261939-42,2261939-48,2261939-52,2261939-55,2261939-58,2261939-62,2261939-72,2261939-76,2261939-80,2261939-85,2261939-89,2261939-94,2261939-99,2262099-33,2263410-69,2263410-70,2263410-74,2264837-9,2265295-39,2265295-61,2265295-72,2265295-74,2265440-8,2265505-38,2265505-41,2265599-15,2265603-43,2266253-8,2266304-9,2266321-8,2267660-10,593065-141,593065-172,593065-178,593065-189,618055-78,618055-89,946475-111,946475-127,946475-129,946475-131,946475-138,946625-101
AJ Albuquerque,0.0,,1.0,0.0,,1.0,1.0,1.0,0.0,,0.0,1.0,0.0,1.0,0.0,1.0,0.0,1.0,0.0,0.0,1.0,0.0,0.0,1.0,,1.0,0.0,1.0,0.0,1.0,0.0,1.0,0.0,0.0,0.0,0.0,1.0,1.0,0.0,0.0,0.0,,0.0,1.0,0.0,1.0,0.0,1.0,1.0,0.0,0.0,1.0,0.0,1.0,1.0,0.0,0.0,1.0,,1.0,1.0,1.0,1.0,,0.0,,1.0,1.0,0.0,0.0,0.0,0.0,0.0,1.0,0.0,1.0,1.0,0.0,1.0,1.0,1.0,1.0,1.0,0.0,0.0,1.0,1.0,,1.0,1.0,,1.0,1.0,0.0,0.0,1.0,1.0,1.0,,,,0.0,1.0,1.0,1.0,1.0,,0.0,1.0,1.0,1.0,0.0,0.0,1.0,1.0,1.0,0.0,,0.0,0.0,1.0,0.0,0.0,,,1.0,,0.0,0.0,0.0,1.0,0.0,0.0,,,1.0,,1.0,1.0,,1.0,1.0,,0.0,1.0,1.0,0.0,1.0,1.0,0.0,0.0,1.0,1.0,0.0,0.0,0.0,1.0,0.0,1.0,1.0,,,1.0,0.0,1.0,0.0,,,1.0,,1.0,0.0,0.0,,,0.0,1.0,1.0,1.0,1.0,1.0,1.0,0.0,1.0,1.0,1.0,1.0,1.0,1.0,1.0,0.0,1.0,0.0,1.0,,0.0,0.0,0.0,1.0,1.0,0.0,1.0,0.0,0.0,0.0,0.0,,,,0.0,0.0,0.0,1.0,1.0,0.0,0.0,,,,1.0,1.0,1.0,1.0,0.0,1.0,1.0,1.0,1.0,1.0,0.0,0.0,0.0,,1.0,1.0,1.0,0.0,1.0,0.0,,1.0,,0.0,,,,0.0,0.0,0.0,,1.0,1.0,1.0,,,1.0,0.0,0.0,,1.0,1.0,1.0,1.0,1.0,1.0,1.0,1.0,1.0,1.0,0.0,1.0,0.0,0.0,0.0,0.0,1.0,0.0,0.0,1.0,0.0,1.0,1.0,1.0,1.0,,,,0.0,1.0,1.0,1.0,0.0,0.0,0.0,1.0,,1.0,0.0,1.0,,1.0,0.0,1.0,0.0,1.0,0.0,,1.0,0.0,,0.0,0.0,1.0,1.0,1.0,1.0,,1.0,0.0,,0.0,1.0,1.0,0.0,1.0,1.0,1.0,1.0,1.0,1.0,1.0,1.0,0.0,0.0,,0.0,1.0,,0.0,0.0,,0.0,,1.0,1.0,1.0,1.0,0.0,0.0,,0.0,1.0,1.0,0.0,1.0,0.0,0.0,,,1.0,0.0,0.0,0.0,1.0,,,1.0,1.0,0.0,1.0,,0.0,,,1.0,0.0,,0.0,,1.0,0.0,,,0.0,0.0,0.0,1.0,,,,,,,0.0,1.0,1.0,1.0,0.0,0.0,0.0,0.0,0.0,1.0,0.0,0.0,0.0,1.0,0.0,1.0,1.0,1.0,,1.0,,,0.0,0.0,0.0,0.0,1.0,0.0,0.0,0.0,,,,,,1.0,1.0,,0.0,1.0,0.0,1.0,1.0,0.0,0.0,0.0,0.0,0.0,,0.0,0.0,1.0,1.0,0.0,1.0,,1.0,,0.0,1.0,1.0,1.0,1.0,1.0,,0.0,1.0,0.0,,,0.0,,,1.0,1.0,,,,0.0,,,0.0,,,0.0,,1.0,,0.0,0.0,1.0,1.0,0.0,1.0,,0.0,1.0,1.0,1.0,1.0,0.0,0.0,1.0,0.0,,,,,,,,0.0
Abou Anni,0.0,0.0,1.0,,,1.0,1.0,1.0,0.0,1.0,,1.0,0.0,,0.0,1.0,0.0,1.0,0.0,0.0,0.0,0.0,,0.0,0.0,0.0,0.0,0.0,1.0,1.0,0.0,1.0,0.0,0.0,0.0,0.0,1.0,0.0,0.0,0.0,0.0,0.0,0.0,1.0,0.0,,,,1.0,0.0,0.0,1.0,1.0,,0.0,1.0,1.0,1.0,0.0,1.0,1.0,1.0,1.0,0.0,0.0,,,0.0,0.0,0.0,0.0,0.0,0.0,1.0,0.0,1.0,1.0,,,1.0,1.0,1.0,1.0,0.0,0.0,1.0,1.0,1.0,1.0,1.0,1.0,1.0,1.0,,,1.0,1.0,1.0,,0.0,,0.0,1.0,1.0,1.0,1.0,,0.0,1.0,1.0,1.0,0.0,0.0,1.0,1.0,1.0,,0.0,0.0,0.0,1.0,0.0,0.0,0.0,,1.0,0.0,0.0,0.0,0.0,1.0,0.0,0.0,0.0,0.0,1.0,1.0,1.0,1.0,,0.0,0.0,1.0,0.0,1.0,,0.0,1.0,1.0,0.0,0.0,1.0,1.0,0.0,0.0,0.0,1.0,,1.0,1.0,0.0,0.0,1.0,0.0,1.0,0.0,0.0,,1.0,1.0,1.0,0.0,,1.0,0.0,0.0,1.0,1.0,1.0,1.0,1.0,1.0,,,1.0,1.0,1.0,1.0,1.0,1.0,1.0,0.0,0.0,,,,0.0,0.0,1.0,0.0,0.0,1.0,0.0,0.0,1.0,1.0,1.0,1.0,0.0,1.0,1.0,1.0,1.0,1.0,0.0,0.0,1.0,0.0,0.0,1.0,1.0,1.0,,,,1.0,1.0,1.0,1.0,0.0,0.0,0.0,,1.0,1.0,1.0,0.0,1.0,0.0,0.0,1.0,0.0,0.0,1.0,1.0,1.0,0.0,0.0,0.0,1.0,,,0.0,0.0,0.0,1.0,0.0,,0.0,1.0,1.0,1.0,1.0,1.0,,1.0,1.0,0.0,1.0,0.0,,0.0,0.0,0.0,,,0.0,0.0,1.0,0.0,1.0,1.0,1.0,1.0,0.0,,0.0,,1.0,1.0,1.0,0.0,0.0,0.0,1.0,1.0,,0.0,1.0,0.0,1.0,1.0,,1.0,1.0,,,1.0,,0.0,0.0,,,1.0,1.0,1.0,,,0.0,1.0,0.0,1.0,1.0,0.0,1.0,,0.0,1.0,1.0,1.0,1.0,1.0,,0.0,0.0,0.0,1.0,0.0,,0.0,0.0,0.0,,,0.0,1.0,,,,,,1.0,1.0,1.0,1.0,0.0,0.0,,0.0,0.0,0.0,0.0,0.0,1.0,,,1.0,,0.0,1.0,1.0,0.0,,,1.0,0.0,1.0,0.0,0.0,1.0,0.0,0.0,0.0,1.0,,0.0,1.0,0.0,0.0,,,1.0,1.0,0.0,1.0,,1.0,0.0,0.0,0.0,0.0,0.0,1.0,0.0,0.0,0.0,,0.0,,,,,,,,0.0,0.0,,1.0,1.0,0.0,,0.0,,0.0,,,0.0,,1.0,0.0,0.0,1.0,0.0,1.0,1.0,0.0,,,,0.0,,0.0,0.0,1.0,1.0,,1.0,0.0,1.0,,0.0,1.0,0.0,1.0,1.0,1.0,,,1.0,0.0,1.0,,,,1.0,,1.0,,0.0,,0.0,,1.0,0.0,1.0,,0.0,0.0,1.0,,0.0,0.0,1.0,1.0,0.0,1.0,0.0,0.0,,1.0,1.0,1.0,0.0,0.0,1.0,0.0,0.0,0.0,0.0,0.0,0.0,1.0,,0.0
Abílio Santana,,,1.0,0.0,1.0,1.0,1.0,1.0,0.0,1.0,,,1.0,0.0,0.0,0.0,0.0,,0.0,1.0,,0.0,0.0,1.0,0.0,1.0,0.0,1.0,0.0,1.0,0.0,1.0,1.0,1.0,0.0,0.0,1.0,0.0,,0.0,0.0,0.0,0.0,1.0,0.0,,,,1.0,,0.0,1.0,,,,0.0,0.0,1.0,,1.0,1.0,1.0,1.0,,0.0,1.0,0.0,1.0,,0.0,0.0,0.0,0.0,1.0,0.0,1.0,1.0,,1.0,,1.0,1.0,1.0,0.0,1.0,1.0,1.0,1.0,1.0,1.0,1.0,1.0,1.0,0.0,0.0,1.0,1.0,1.0,0.0,,,0.0,1.0,1.0,1.0,1.0,,0.0,0.0,0.0,,0.0,0.0,1.0,1.0,1.0,,,0.0,,1.0,0.0,0.0,,0.0,1.0,1.0,0.0,0.0,,1.0,0.0,,,,,1.0,1.0,1.0,,0.0,0.0,1.0,0.0,0.0,1.0,0.0,1.0,1.0,0.0,0.0,1.0,1.0,0.0,0.0,1.0,1.0,0.0,1.0,1.0,0.0,0.0,1.0,,1.0,0.0,0.0,,1.0,,1.0,0.0,,,,0.0,1.0,1.0,1.0,1.0,1.0,0.0,0.0,1.0,1.0,,1.0,1.0,1.0,1.0,0.0,0.0,0.0,1.0,,,0.0,0.0,1.0,1.0,,1.0,0.0,,0.0,0.0,0.0,0.0,1.0,0.0,0.0,0.0,1.0,1.0,0.0,,1.0,0.0,0.0,1.0,1.0,1.0,1.0,0.0,,,1.0,1.0,,,,0.0,0.0,1.0,1.0,1.0,1.0,1.0,0.0,0.0,1.0,,0.0,0.0,1.0,1.0,,0.0,0.0,1.0,1.0,1.0,,0.0,0.0,1.0,0.0,1.0,0.0,1.0,1.0,1.0,,,1.0,1.0,1.0,1.0,1.0,0.0,1.0,0.0,0.0,0.0,0.0,1.0,0.0,0.0,1.0,0.0,1.0,1.0,1.0,1.0,0.0,0.0,0.0,0.0,1.0,1.0,1.0,0.0,0.0,0.0,,1.0,,0.0,1.0,0.0,1.0,0.0,,0.0,,0.0,,1.0,0.0,0.0,0.0,0.0,1.0,,1.0,1.0,,,0.0,1.0,0.0,1.0,,0.0,1.0,1.0,1.0,,1.0,1.0,1.0,1.0,0.0,0.0,0.0,0.0,1.0,,0.0,0.0,0.0,,1.0,1.0,1.0,1.0,1.0,0.0,0.0,,0.0,0.0,1.0,,,0.0,0.0,,0.0,,,,,,,0.0,1.0,1.0,0.0,1.0,1.0,,0.0,,1.0,0.0,1.0,0.0,0.0,0.0,0.0,0.0,0.0,0.0,0.0,0.0,0.0,0.0,0.0,1.0,1.0,0.0,,0.0,1.0,,1.0,0.0,0.0,0.0,0.0,0.0,1.0,0.0,0.0,,1.0,0.0,1.0,,1.0,1.0,1.0,0.0,1.0,0.0,0.0,0.0,,,0.0,,,,,0.0,,0.0,1.0,,0.0,0.0,1.0,,,,0.0,0.0,0.0,0.0,0.0,,0.0,,1.0,1.0,,1.0,0.0,1.0,0.0,0.0,1.0,0.0,1.0,1.0,1.0,1.0,0.0,1.0,0.0,0.0,0.0,0.0,0.0,1.0,1.0,1.0,,0.0,,0.0,0.0,1.0,0.0,,0.0,,0.0,1.0,,,0.0,1.0,,0.0,1.0,0.0,,1.0,1.0,1.0,1.0,,,1.0,0.0,,,,,,,,
Acácio Favacho,,,1.0,0.0,1.0,1.0,1.0,1.0,1.0,1.0,,,1.0,1.0,0.0,,,1.0,1.0,1.0,1.0,0.0,,0.0,,,,1.0,0.0,,0.0,1.0,,,0.0,0.0,1.0,,0.0,0.0,0.0,0.0,0.0,1.0,0.0,1.0,,1.0,,,0.0,,1.0,,1.0,0.0,0.0,1.0,0.0,1.0,1.0,1.0,,,,,1.0,1.0,0.0,0.0,,,,,,,1.0,0.0,1.0,1.0,,1.0,1.0,0.0,0.0,0.0,1.0,1.0,1.0,,,,1.0,0.0,,1.0,1.0,1.0,0.0,,,,1.0,1.0,1.0,1.0,0.0,0.0,1.0,1.0,1.0,0.0,0.0,1.0,1.0,1.0,0.0,0.0,0.0,0.0,1.0,0.0,0.0,0.0,,1.0,,,,,1.0,0.0,1.0,0.0,0.0,,,1.0,1.0,0.0,1.0,1.0,,,,,,,1.0,,,1.0,1.0,0.0,,0.0,1.0,,1.0,,,,,,,0.0,0.0,0.0,1.0,1.0,1.0,0.0,0.0,1.0,0.0,,1.0,1.0,1.0,1.0,1.0,1.0,,1.0,,1.0,1.0,1.0,1.0,,0.0,,,1.0,,0.0,0.0,0.0,1.0,1.0,0.0,1.0,1.0,0.0,,0.0,0.0,0.0,1.0,0.0,0.0,0.0,,1.0,0.0,,1.0,0.0,0.0,1.0,1.0,1.0,,,,1.0,,,,0.0,0.0,,,,1.0,1.0,,1.0,,,,,0.0,0.0,,1.0,,0.0,1.0,,,1.0,1.0,0.0,,1.0,0.0,1.0,,1.0,1.0,1.0,1.0,,1.0,1.0,1.0,0.0,1.0,0.0,,0.0,,0.0,0.0,1.0,0.0,,1.0,0.0,1.0,1.0,1.0,1.0,0.0,,,,1.0,,,,,0.0,1.0,1.0,1.0,0.0,1.0,0.0,1.0,1.0,1.0,0.0,1.0,,,,1.0,0.0,0.0,0.0,,1.0,1.0,,,1.0,,1.0,,1.0,1.0,0.0,,,,,1.0,1.0,,1.0,0.0,0.0,0.0,,1.0,0.0,0.0,0.0,0.0,0.0,1.0,1.0,1.0,,1.0,1.0,0.0,,0.0,1.0,1.0,1.0,,0.0,0.0,1.0,1.0,0.0,,,,1.0,,0.0,1.0,,0.0,1.0,1.0,0.0,0.0,,1.0,,1.0,0.0,0.0,0.0,0.0,0.0,0.0,1.0,0.0,0.0,1.0,0.0,0.0,,,1.0,,,1.0,1.0,1.0,0.0,,,0.0,0.0,1.0,,,,,,1.0,1.0,1.0,1.0,1.0,,,0.0,,0.0,,1.0,,0.0,0.0,,,0.0,,,,,,,1.0,,1.0,1.0,,,0.0,,0.0,0.0,,,1.0,,,1.0,,1.0,1.0,0.0,1.0,1.0,1.0,1.0,1.0,,,1.0,,,,,0.0,1.0,1.0,1.0,,0.0,0.0,,,,,1.0,,,0.0,1.0,,0.0,0.0,1.0,1.0,0.0,1.0,0.0,0.0,1.0,1.0,,1.0,0.0,0.0,1.0,0.0,,,,,,,,0.0
Adolfo Viana,,,1.0,0.0,1.0,1.0,1.0,1.0,,,,,0.0,1.0,0.0,,0.0,,,,1.0,1.0,0.0,1.0,0.0,1.0,0.0,1.0,0.0,1.0,0.0,1.0,0.0,,0.0,0.0,1.0,1.0,0.0,,0.0,0.0,0.0,1.0,1.0,1.0,0.0,1.0,,,,,,1.0,1.0,0.0,0.0,1.0,,1.0,1.0,1.0,1.0,0.0,0.0,1.0,1.0,1.0,0.0,0.0,0.0,0.0,0.0,1.0,0.0,1.0,1.0,0.0,1.0,1.0,1.0,1.0,1.0,0.0,0.0,1.0,1.0,1.0,1.0,1.0,,1.0,0.0,0.0,1.0,1.0,1.0,1.0,0.0,,,0.0,,1.0,1.0,,0.0,,0.0,1.0,1.0,0.0,0.0,,,1.0,0.0,0.0,,0.0,1.0,0.0,0.0,,,1.0,,0.0,0.0,,1.0,0.0,,0.0,0.0,1.0,1.0,1.0,1.0,0.0,0.0,0.0,,,0.0,1.0,0.0,1.0,,0.0,0.0,1.0,,0.0,0.0,0.0,1.0,,,,,,,,,,0.0,0.0,1.0,1.0,1.0,0.0,0.0,,0.0,0.0,1.0,1.0,1.0,1.0,1.0,,1.0,1.0,1.0,1.0,0.0,1.0,0.0,,0.0,1.0,0.0,1.0,,,0.0,0.0,,,,1.0,,0.0,0.0,0.0,0.0,0.0,1.0,0.0,1.0,,0.0,0.0,0.0,,1.0,0.0,0.0,1.0,1.0,1.0,1.0,0.0,,1.0,1.0,1.0,1.0,,0.0,0.0,0.0,1.0,1.0,1.0,0.0,1.0,0.0,,,0.0,,0.0,,1.0,0.0,0.0,0.0,1.0,,,,0.0,0.0,1.0,,1.0,0.0,1.0,1.0,1.0,1.0,1.0,1.0,1.0,1.0,0.0,1.0,1.0,1.0,0.0,0.0,,0.0,1.0,0.0,0.0,1.0,0.0,1.0,1.0,1.0,1.0,0.0,0.0,0.0,0.0,1.0,1.0,1.0,1.0,0.0,0.0,1.0,1.0,1.0,,1.0,0.0,1.0,0.0,1.0,1.0,,,0.0,1.0,0.0,0.0,0.0,0.0,1.0,1.0,1.0,1.0,,1.0,0.0,1.0,0.0,1.0,1.0,0.0,1.0,1.0,1.0,1.0,1.0,1.0,1.0,1.0,0.0,0.0,,,1.0,0.0,0.0,0.0,0.0,,1.0,1.0,0.0,1.0,1.0,,1.0,0.0,,1.0,,1.0,1.0,0.0,0.0,1.0,,0.0,0.0,0.0,0.0,1.0,,,,,,,1.0,0.0,,1.0,1.0,0.0,1.0,0.0,0.0,1.0,,0.0,,0.0,,0.0,0.0,0.0,1.0,1.0,,,,0.0,1.0,1.0,1.0,,0.0,0.0,0.0,0.0,1.0,0.0,,,1.0,,,,,,,,,0.0,0.0,0.0,0.0,,,,0.0,0.0,0.0,0.0,,0.0,1.0,1.0,0.0,0.0,1.0,0.0,1.0,1.0,,0.0,0.0,,0.0,,0.0,,1.0,,0.0,1.0,0.0,,,,1.0,1.0,,1.0,1.0,0.0,,1.0,,0.0,,0.0,0.0,1.0,1.0,1.0,0.0,0.0,0.0,0.0,0.0,1.0,0.0,1.0,0.0,0.0,0.0,,,0.0,,1.0,0.0,0.0,1.0,0.0,,1.0,1.0,,1.0,,0.0,1.0,0.0,0.0,,0.0,0.0,0.0,1.0,,
Adriana Ventura,0.0,0.0,1.0,0.0,0.0,1.0,0.0,1.0,0.0,0.0,0.0,1.0,0.0,1.0,0.0,0.0,0.0,0.0,0.0,0.0,1.0,1.0,0.0,0.0,0.0,0.0,1.0,0.0,1.0,1.0,0.0,1.0,0.0,0.0,0.0,0.0,1.0,0.0,0.0,0.0,0.0,0.0,0.0,,0.0,1.0,1.0,1.0,,,,,1.0,,,0.0,0.0,1.0,0.0,0.0,0.0,0.0,1.0,0.0,0.0,1.0,1.0,0.0,0.0,0.0,0.0,0.0,0.0,1.0,0.0,1.0,1.0,0.0,1.0,0.0,1.0,1.0,0.0,0.0,0.0,1.0,0.0,0.0,0.0,0.0,0.0,0.0,1.0,1.0,0.0,0.0,0.0,0.0,1.0,1.0,1.0,0.0,1.0,0.0,0.0,1.0,0.0,1.0,0.0,0.0,0.0,1.0,1.0,1.0,1.0,1.0,0.0,0.0,0.0,0.0,1.0,0.0,0.0,0.0,0.0,1.0,0.0,0.0,0.0,0.0,1.0,0.0,1.0,1.0,0.0,1.0,1.0,1.0,1.0,0.0,0.0,0.0,0.0,0.0,1.0,0.0,0.0,0.0,1.0,0.0,0.0,1.0,1.0,0.0,0.0,,1.0,0.0,1.0,1.0,0.0,1.0,,1.0,1.0,0.0,0.0,0.0,1.0,1.0,1.0,1.0,0.0,1.0,0.0,0.0,1.0,1.0,0.0,0.0,1.0,1.0,1.0,1.0,1.0,,1.0,1.0,1.0,1.0,0.0,0.0,0.0,1.0,0.0,0.0,0.0,0.0,1.0,0.0,1.0,1.0,,,0.0,0.0,0.0,0.0,1.0,0.0,0.0,1.0,1.0,0.0,0.0,0.0,0.0,0.0,0.0,1.0,0.0,1.0,1.0,0.0,1.0,1.0,1.0,1.0,1.0,0.0,0.0,0.0,0.0,1.0,1.0,1.0,0.0,1.0,0.0,0.0,1.0,0.0,0.0,0.0,0.0,1.0,0.0,0.0,0.0,,0.0,1.0,0.0,0.0,0.0,0.0,0.0,1.0,,1.0,1.0,1.0,1.0,0.0,1.0,0.0,1.0,0.0,1.0,0.0,0.0,1.0,0.0,0.0,0.0,1.0,0.0,0.0,1.0,0.0,1.0,1.0,1.0,1.0,0.0,0.0,0.0,0.0,1.0,1.0,1.0,0.0,0.0,0.0,0.0,0.0,0.0,0.0,1.0,0.0,1.0,0.0,0.0,0.0,0.0,0.0,0.0,1.0,1.0,0.0,0.0,0.0,1.0,1.0,1.0,1.0,0.0,1.0,0.0,1.0,0.0,0.0,1.0,1.0,1.0,1.0,0.0,1.0,1.0,0.0,0.0,1.0,0.0,0.0,0.0,0.0,0.0,0.0,1.0,0.0,0.0,0.0,,1.0,0.0,1.0,1.0,0.0,0.0,1.0,0.0,0.0,1.0,0.0,1.0,0.0,1.0,,0.0,1.0,0.0,0.0,0.0,1.0,0.0,0.0,0.0,1.0,0.0,1.0,1.0,0.0,1.0,1.0,1.0,0.0,0.0,1.0,1.0,0.0,0.0,1.0,0.0,0.0,0.0,0.0,1.0,1.0,1.0,1.0,1.0,1.0,1.0,1.0,0.0,1.0,1.0,0.0,0.0,0.0,0.0,0.0,1.0,0.0,0.0,0.0,1.0,0.0,1.0,1.0,1.0,1.0,1.0,0.0,0.0,0.0,0.0,0.0,0.0,1.0,0.0,0.0,0.0,0.0,0.0,0.0,1.0,0.0,1.0,1.0,0.0,0.0,1.0,0.0,1.0,1.0,0.0,0.0,0.0,0.0,0.0,0.0,0.0,0.0,1.0,,,,0.0,1.0,0.0,0.0,0.0,0.0,1.0,1.0,1.0,1.0,0.0,1.0,0.0,1.0,1.0,1.0,,1.0,1.0,0.0,1.0,0.0,1.0,0.0,0.0,0.0,1.0,0.0,0.0,0.0,0.0,1.0,0.0,0.0,0.0,1.0,0.0,0.0,1.0,0.0,1.0,1.0,1.0,1.0,0.0,,0.0,1.0,0.0,0.0,0.0,0.0,0.0,0.0,1.0,0.0,0.0
Adriano do Baldy,0.0,,1.0,0.0,1.0,1.0,1.0,1.0,0.0,1.0,0.0,1.0,0.0,1.0,0.0,1.0,0.0,1.0,0.0,0.0,1.0,,0.0,1.0,0.0,1.0,0.0,1.0,,,0.0,1.0,,0.0,0.0,0.0,1.0,0.0,,0.0,0.0,1.0,0.0,1.0,0.0,1.0,0.0,1.0,1.0,0.0,0.0,1.0,0.0,1.0,1.0,0.0,0.0,1.0,0.0,1.0,1.0,1.0,1.0,0.0,0.0,1.0,1.0,1.0,0.0,0.0,0.0,0.0,0.0,1.0,0.0,1.0,1.0,0.0,1.0,1.0,1.0,1.0,1.0,0.0,0.0,1.0,1.0,1.0,1.0,1.0,1.0,1.0,1.0,0.0,1.0,1.0,1.0,1.0,0.0,,,0.0,1.0,1.0,1.0,1.0,0.0,0.0,1.0,1.0,1.0,0.0,0.0,1.0,1.0,1.0,0.0,0.0,0.0,0.0,1.0,0.0,0.0,0.0,0.0,1.0,1.0,0.0,0.0,0.0,1.0,0.0,0.0,0.0,0.0,1.0,1.0,1.0,1.0,1.0,1.0,1.0,1.0,0.0,0.0,1.0,0.0,1.0,1.0,,0.0,1.0,1.0,0.0,0.0,0.0,1.0,0.0,,1.0,0.0,1.0,1.0,,1.0,0.0,0.0,0.0,1.0,1.0,1.0,0.0,0.0,1.0,,0.0,1.0,1.0,1.0,1.0,1.0,1.0,0.0,1.0,1.0,1.0,1.0,1.0,1.0,1.0,0.0,1.0,0.0,1.0,0.0,0.0,0.0,0.0,,,0.0,1.0,0.0,0.0,0.0,0.0,0.0,0.0,1.0,0.0,0.0,0.0,1.0,1.0,0.0,0.0,1.0,0.0,0.0,,1.0,1.0,1.0,0.0,1.0,1.0,1.0,1.0,,0.0,0.0,,0.0,1.0,1.0,1.0,0.0,1.0,0.0,0.0,1.0,0.0,0.0,0.0,1.0,1.0,0.0,0.0,0.0,,1.0,1.0,1.0,0.0,0.0,1.0,0.0,0.0,0.0,1.0,1.0,1.0,1.0,1.0,1.0,1.0,1.0,1.0,1.0,0.0,1.0,0.0,0.0,0.0,0.0,1.0,0.0,0.0,1.0,0.0,1.0,1.0,1.0,1.0,,0.0,0.0,,1.0,1.0,1.0,0.0,0.0,0.0,1.0,1.0,1.0,0.0,1.0,,1.0,0.0,1.0,0.0,1.0,,0.0,1.0,0.0,0.0,0.0,0.0,1.0,1.0,1.0,1.0,,1.0,0.0,1.0,0.0,1.0,1.0,0.0,1.0,1.0,1.0,1.0,1.0,1.0,1.0,1.0,0.0,0.0,0.0,0.0,1.0,0.0,0.0,0.0,0.0,0.0,1.0,1.0,1.0,1.0,1.0,0.0,0.0,0.0,0.0,1.0,,0.0,1.0,0.0,0.0,1.0,0.0,1.0,0.0,0.0,0.0,1.0,0.0,0.0,1.0,1.0,0.0,1.0,1.0,0.0,0.0,,1.0,0.0,,0.0,0.0,1.0,0.0,0.0,0.0,0.0,0.0,0.0,1.0,0.0,0.0,1.0,1.0,1.0,,0.0,1.0,1.0,1.0,0.0,0.0,0.0,0.0,0.0,1.0,0.0,0.0,0.0,1.0,0.0,1.0,1.0,1.0,1.0,1.0,0.0,1.0,0.0,0.0,0.0,0.0,1.0,0.0,0.0,0.0,0.0,0.0,0.0,1.0,0.0,1.0,1.0,0.0,0.0,1.0,0.0,1.0,1.0,0.0,,0.0,,0.0,0.0,0.0,,,1.0,0.0,1.0,0.0,1.0,0.0,0.0,1.0,1.0,1.0,1.0,1.0,1.0,0.0,1.0,0.0,0.0,0.0,0.0,0.0,1.0,1.0,1.0,,0.0,0.0,0.0,0.0,1.0,0.0,,0.0,0.0,0.0,1.0,0.0,0.0,0.0,1.0,1.0,0.0,1.0,1.0,0.0,1.0,1.0,1.0,1.0,0.0,0.0,1.0,0.0,,,,,,,,0.0
Aelton Freitas,0.0,0.0,,,,,,,0.0,,,1.0,1.0,1.0,0.0,1.0,0.0,1.0,0.0,1.0,1.0,0.0,0.0,1.0,,,,,,,,,,,,,,,,,,,,,,1.0,,,1.0,0.0,0.0,1.0,0.0,1.0,1.0,0.0,0.0,1.0,,1.0,,,,,,,1.0,,0.0,0.0,,,,,,,,,,1.0,,,,,,,,,1.0,,1.0,1.0,1.0,0.0,0.0,1.0,1.0,1.0,,,,,,1.0,1.0,1.0,,0.0,1.0,1.0,1.0,0.0,0.0,,,,,,,,,,,,,,,,,,,,,,,,,,,,,,1.0,0.0,0.0,1.0,0.0,1.0,,,,,,,,,,,,,,,,,,,,,,1.0,,,,,,,,,,,,,,,,,,,,,,,,,,,,,,,,,0.0,0.0,,,,,,,,,,,,,,,,,,,,,,,,,,,,,,,,,,,,,,,,,,,,,,,,,,,,,,,,,,,,,,,,,,,,,,,,,,,,,,,,,,,,,,,,,,,,,,,,,,,,,,,,,,,,,,,,,,,,,,,,,,,,,,,,,,,,,,,,,,,,,,,,,,,,,,,,,,,,,,,,,,,,,,,,,,,,,,,,,,,,,,,,,,,,,,,,,,,,,,,,,,,,,,,,,,,,,,,,,,,,,,,,,,,,,,,,,,,,,,,,,,,,,,,,,,,,,,,,,,,,,,,,,,,,,,,,,,,,,,,,,,,,,,,,,,,,,,,,,,,,,
Afonso Florence,,,1.0,1.0,1.0,1.0,1.0,1.0,1.0,,1.0,1.0,1.0,,,,1.0,0.0,,1.0,1.0,,1.0,1.0,,,,,,0.0,,,,,,,,,1.0,1.0,,1.0,,0.0,,1.0,0.0,1.0,1.0,0.0,0.0,1.0,,1.0,1.0,0.0,0.0,,0.0,1.0,1.0,1.0,0.0,,,0.0,1.0,1.0,,,0.0,,0.0,1.0,0.0,1.0,,,,,,1.0,,,1.0,0.0,1.0,1.0,1.0,1.0,,1.0,,1.0,1.0,,1.0,1.0,,0.0,0.0,1.0,0.0,1.0,1.0,1.0,0.0,0.0,1.0,1.0,1.0,0.0,0.0,0.0,0.0,0.0,,0.0,1.0,1.0,,,,0.0,1.0,0.0,0.0,,0.0,,0.0,1.0,1.0,1.0,1.0,0.0,0.0,0.0,1.0,0.0,1.0,0.0,,,,1.0,0.0,0.0,,,,,,,,,,,,,,,,,,,1.0,0.0,1.0,1.0,1.0,0.0,,,,,0.0,,0.0,0.0,0.0,0.0,0.0,0.0,0.0,0.0,0.0,0.0,0.0,,,0.0,1.0,0.0,1.0,0.0,1.0,,1.0,1.0,0.0,,,,,1.0,1.0,,,1.0,1.0,1.0,0.0,1.0,1.0,0.0,1.0,1.0,1.0,0.0,,0.0,0.0,1.0,0.0,0.0,0.0,0.0,0.0,1.0,1.0,,1.0,0.0,0.0,0.0,1.0,0.0,1.0,1.0,0.0,,1.0,1.0,1.0,0.0,,1.0,,,,1.0,0.0,,1.0,0.0,1.0,1.0,0.0,1.0,0.0,1.0,0.0,0.0,,0.0,1.0,1.0,0.0,1.0,0.0,1.0,1.0,1.0,1.0,0.0,,1.0,0.0,1.0,0.0,0.0,0.0,0.0,,1.0,1.0,1.0,0.0,0.0,0.0,1.0,,1.0,0.0,0.0,0.0,1.0,0.0,1.0,0.0,1.0,,1.0,1.0,1.0,0.0,1.0,0.0,,1.0,0.0,0.0,0.0,0.0,0.0,1.0,1.0,1.0,0.0,1.0,0.0,0.0,0.0,1.0,0.0,0.0,1.0,1.0,0.0,0.0,0.0,,1.0,1.0,1.0,0.0,1.0,0.0,1.0,1.0,1.0,1.0,1.0,0.0,0.0,0.0,1.0,1.0,0.0,1.0,1.0,1.0,1.0,0.0,1.0,0.0,,1.0,0.0,1.0,0.0,0.0,0.0,1.0,0.0,0.0,0.0,1.0,0.0,,,0.0,1.0,0.0,1.0,1.0,,1.0,0.0,0.0,1.0,1.0,1.0,1.0,0.0,1.0,0.0,1.0,1.0,1.0,,1.0,0.0,0.0,0.0,,,,,,,,1.0,,1.0,,1.0,0.0,,0.0,0.0,0.0,,,,1.0,1.0,1.0,0.0,,,,,,,,,0.0,,,1.0,0.0,,0.0,,1.0,,,,,,,,,,,,,0.0,0.0,1.0,1.0,1.0,0.0,0.0,0.0,0.0,1.0,,,1.0,0.0,0.0,0.0,0.0,,0.0,,1.0,0.0,1.0,,,0.0,1.0,1.0,1.0,1.0,1.0,0.0,0.0,1.0,0.0,1.0,0.0,1.0,1.0,,1.0,0.0,0.0,1.0,1.0,1.0,0.0,1.0,0.0,0.0,0.0,,0.0,1.0,0.0,1.0
Afonso Hamm,,,1.0,0.0,1.0,1.0,1.0,1.0,0.0,1.0,0.0,1.0,0.0,1.0,0.0,1.0,0.0,,0.0,0.0,1.0,,0.0,,,1.0,,0.0,0.0,1.0,0.0,1.0,0.0,0.0,0.0,0.0,1.0,,0.0,0.0,0.0,1.0,0.0,1.0,0.0,1.0,,1.0,,0.0,,,0.0,1.0,1.0,,0.0,,,1.0,1.0,1.0,0.0,,0.0,1.0,1.0,1.0,0.0,,0.0,0.0,0.0,1.0,0.0,1.0,1.0,0.0,1.0,,1.0,1.0,1.0,0.0,0.0,1.0,1.0,1.0,1.0,,,,1.0,0.0,0.0,,,1.0,0.0,,,0.0,,0.0,0.0,0.0,,1.0,0.0,0.0,0.0,1.0,1.0,1.0,1.0,1.0,,0.0,0.0,0.0,,,,0.0,0.0,1.0,0.0,0.0,,0.0,1.0,0.0,0.0,0.0,0.0,1.0,1.0,1.0,1.0,0.0,1.0,0.0,1.0,,0.0,1.0,0.0,1.0,1.0,0.0,0.0,,1.0,0.0,0.0,0.0,1.0,0.0,1.0,1.0,0.0,,1.0,0.0,,0.0,0.0,0.0,1.0,1.0,1.0,,,1.0,0.0,0.0,1.0,1.0,1.0,1.0,1.0,1.0,0.0,1.0,1.0,1.0,0.0,1.0,1.0,1.0,0.0,1.0,0.0,1.0,0.0,0.0,0.0,0.0,1.0,0.0,,1.0,0.0,0.0,0.0,0.0,0.0,0.0,,0.0,0.0,0.0,1.0,1.0,,0.0,1.0,0.0,0.0,1.0,1.0,,1.0,0.0,,1.0,1.0,1.0,1.0,0.0,0.0,0.0,0.0,1.0,1.0,1.0,0.0,1.0,0.0,0.0,1.0,0.0,0.0,0.0,0.0,1.0,0.0,0.0,0.0,,1.0,,1.0,0.0,0.0,1.0,0.0,,,1.0,1.0,,1.0,1.0,1.0,1.0,1.0,,,0.0,1.0,0.0,,0.0,0.0,1.0,0.0,0.0,1.0,0.0,1.0,1.0,1.0,1.0,0.0,0.0,0.0,0.0,1.0,1.0,,0.0,0.0,0.0,1.0,1.0,1.0,0.0,1.0,0.0,1.0,0.0,1.0,0.0,1.0,0.0,,1.0,0.0,0.0,0.0,0.0,1.0,1.0,1.0,,0.0,1.0,0.0,1.0,0.0,1.0,1.0,0.0,1.0,1.0,1.0,1.0,1.0,1.0,1.0,1.0,0.0,0.0,0.0,0.0,1.0,,0.0,0.0,0.0,0.0,,1.0,1.0,1.0,1.0,0.0,0.0,0.0,1.0,1.0,1.0,0.0,1.0,0.0,,1.0,0.0,1.0,0.0,0.0,0.0,1.0,0.0,0.0,1.0,1.0,0.0,1.0,1.0,0.0,0.0,,1.0,0.0,1.0,0.0,0.0,1.0,0.0,1.0,0.0,0.0,0.0,0.0,1.0,0.0,0.0,1.0,1.0,1.0,,0.0,1.0,,1.0,0.0,0.0,0.0,0.0,0.0,1.0,0.0,0.0,0.0,1.0,0.0,1.0,1.0,1.0,,,0.0,,0.0,0.0,0.0,0.0,1.0,,0.0,0.0,,0.0,0.0,,1.0,1.0,,,,,,,,,,,,,,,,,,,,,1.0,,,1.0,1.0,,,1.0,0.0,0.0,1.0,0.0,0.0,0.0,0.0,,1.0,1.0,1.0,0.0,0.0,0.0,0.0,0.0,,0.0,,0.0,0.0,0.0,1.0,,0.0,0.0,1.0,1.0,0.0,,1.0,,1.0,1.0,,1.0,0.0,0.0,,0.0,,,,,,,,0.0
Afonso Motta,,,1.0,1.0,1.0,1.0,1.0,,1.0,1.0,1.0,1.0,0.0,1.0,1.0,1.0,0.0,1.0,0.0,0.0,1.0,0.0,0.0,1.0,,1.0,1.0,0.0,1.0,0.0,0.0,1.0,0.0,0.0,0.0,0.0,0.0,1.0,0.0,1.0,1.0,1.0,0.0,0.0,0.0,,0.0,1.0,1.0,0.0,,1.0,,1.0,1.0,0.0,0.0,1.0,0.0,1.0,1.0,1.0,0.0,0.0,,0.0,1.0,1.0,0.0,0.0,0.0,,0.0,1.0,0.0,1.0,1.0,,1.0,1.0,1.0,1.0,1.0,0.0,1.0,0.0,1.0,1.0,1.0,0.0,0.0,0.0,1.0,1.0,1.0,1.0,1.0,1.0,0.0,0.0,0.0,1.0,0.0,1.0,1.0,1.0,0.0,0.0,1.0,1.0,1.0,0.0,0.0,0.0,0.0,0.0,,1.0,,0.0,1.0,1.0,1.0,1.0,1.0,0.0,1.0,1.0,1.0,1.0,0.0,1.0,1.0,1.0,0.0,0.0,0.0,0.0,1.0,0.0,0.0,0.0,1.0,0.0,0.0,1.0,0.0,1.0,0.0,0.0,0.0,1.0,1.0,0.0,0.0,0.0,1.0,0.0,0.0,1.0,0.0,0.0,1.0,0.0,1.0,0.0,1.0,1.0,1.0,,,,1.0,,,,,,0.0,0.0,0.0,0.0,0.0,0.0,0.0,0.0,0.0,0.0,0.0,0.0,1.0,0.0,1.0,1.0,0.0,0.0,1.0,1.0,1.0,1.0,0.0,1.0,,,1.0,0.0,1.0,1.0,,1.0,1.0,1.0,0.0,1.0,1.0,0.0,0.0,1.0,1.0,1.0,,,0.0,1.0,0.0,0.0,0.0,0.0,0.0,1.0,1.0,1.0,1.0,0.0,1.0,0.0,1.0,0.0,1.0,1.0,0.0,1.0,1.0,1.0,0.0,0.0,1.0,1.0,1.0,,1.0,1.0,0.0,1.0,1.0,0.0,1.0,,0.0,1.0,1.0,1.0,1.0,1.0,0.0,0.0,1.0,0.0,1.0,1.0,0.0,1.0,1.0,0.0,0.0,,1.0,1.0,1.0,1.0,0.0,0.0,0.0,0.0,0.0,1.0,1.0,1.0,0.0,0.0,1.0,1.0,0.0,1.0,0.0,0.0,0.0,0.0,1.0,1.0,0.0,1.0,1.0,1.0,1.0,0.0,0.0,1.0,0.0,0.0,0.0,0.0,1.0,1.0,1.0,1.0,0.0,1.0,1.0,0.0,1.0,1.0,1.0,1.0,1.0,0.0,1.0,1.0,1.0,1.0,1.0,0.0,0.0,0.0,0.0,,1.0,1.0,0.0,1.0,1.0,1.0,1.0,1.0,0.0,0.0,0.0,1.0,1.0,0.0,1.0,1.0,1.0,1.0,0.0,1.0,0.0,1.0,1.0,0.0,1.0,0.0,0.0,1.0,0.0,,1.0,1.0,0.0,1.0,1.0,0.0,0.0,1.0,0.0,1.0,1.0,1.0,1.0,0.0,0.0,1.0,1.0,1.0,1.0,0.0,1.0,0.0,,1.0,1.0,,1.0,0.0,1.0,0.0,1.0,,,,,,1.0,1.0,,1.0,0.0,1.0,0.0,0.0,0.0,0.0,1.0,,,1.0,1.0,1.0,1.0,0.0,,,,1.0,,,,,0.0,0.0,1.0,1.0,0.0,1.0,0.0,0.0,1.0,,,,,,,,,,,1.0,1.0,,0.0,1.0,1.0,1.0,0.0,0.0,,,1.0,1.0,1.0,1.0,1.0,1.0,1.0,0.0,,0.0,1.0,,0.0,1.0,1.0,0.0,1.0,1.0,1.0,1.0,1.0,1.0,0.0,0.0,0.0,1.0,1.0,0.0,1.0,1.0,,1.0,1.0,0.0,1.0,1.0,1.0,0.0,1.0,0.0,0.0,0.0,0.0,0.0,1.0,0.0,1.0
Aguinaldo Ribeiro,,,1.0,0.0,,1.0,1.0,1.0,0.0,1.0,,,0.0,0.0,0.0,1.0,0.0,0.0,,,,0.0,0.0,1.0,,,,,,,,1.0,,,,1.0,1.0,1.0,0.0,,0.0,,,,0.0,1.0,0.0,1.0,,0.0,,1.0,,,1.0,0.0,0.0,1.0,,1.0,,,,,,1.0,0.0,1.0,,,,,,,,1.0,,,,1.0,,,,,0.0,1.0,1.0,1.0,1.0,1.0,,1.0,1.0,0.0,1.0,1.0,,1.0,0.0,0.0,0.0,,1.0,1.0,1.0,1.0,,,1.0,1.0,1.0,,0.0,,,,,0.0,,,1.0,,,,,,,,0.0,0.0,1.0,,,,,,1.0,,1.0,,,,,0.0,1.0,1.0,0.0,1.0,,0.0,,,,0.0,,,,0.0,,,,,1.0,,,,0.0,,1.0,1.0,1.0,,0.0,1.0,0.0,,,1.0,1.0,1.0,,1.0,0.0,1.0,1.0,1.0,1.0,1.0,1.0,,0.0,,0.0,,,,,0.0,1.0,1.0,,1.0,0.0,0.0,0.0,,,,,,,,,1.0,0.0,,,,,1.0,1.0,1.0,1.0,0.0,,,,,,0.0,,,,,1.0,,,,0.0,0.0,,,0.0,,,,,,1.0,,,1.0,1.0,0.0,0.0,1.0,0.0,,0.0,1.0,1.0,1.0,1.0,1.0,1.0,1.0,1.0,,1.0,,,,,,,,,,1.0,0.0,,1.0,1.0,1.0,,,,,,,,,0.0,0.0,,1.0,,,,,,,,,,,0.0,1.0,0.0,0.0,0.0,0.0,1.0,,1.0,,,1.0,0.0,1.0,0.0,1.0,1.0,0.0,1.0,1.0,1.0,1.0,1.0,1.0,1.0,1.0,,,,,,,,,,0.0,1.0,1.0,1.0,,1.0,0.0,0.0,,0.0,1.0,1.0,1.0,,,,,,,0.0,,0.0,1.0,,,,,,,,,,,1.0,0.0,,,0.0,,,,,,,0.0,1.0,0.0,0.0,1.0,1.0,1.0,,0.0,,,,,0.0,,,,,,,,,,,,,,,,,,0.0,,,,,,,,,,,,1.0,,0.0,,,,,,,,0.0,,,,,,,,,1.0,,,,,1.0,1.0,,,,,0.0,,,,0.0,,,1.0,,1.0,0.0,0.0,,0.0,1.0,1.0,0.0,1.0,,,,,,0.0,0.0,1.0,,,,,,,,1.0,,,,,0.0,0.0,,0.0,0.0,0.0,1.0,,
Airton Faleiro,1.0,,1.0,1.0,1.0,1.0,1.0,1.0,1.0,1.0,1.0,1.0,,,,,,,,,1.0,0.0,1.0,1.0,,1.0,1.0,0.0,,0.0,,,,1.0,,,,,,,,1.0,,0.0,,1.0,0.0,1.0,,0.0,0.0,1.0,0.0,,,,0.0,1.0,0.0,1.0,1.0,1.0,0.0,,,0.0,,1.0,,,,,,,,,1.0,1.0,1.0,1.0,,1.0,1.0,0.0,1.0,0.0,,,,1.0,,1.0,0.0,1.0,,1.0,1.0,1.0,0.0,0.0,0.0,1.0,0.0,1.0,1.0,1.0,0.0,0.0,1.0,1.0,1.0,0.0,0.0,0.0,0.0,0.0,1.0,0.0,1.0,1.0,0.0,1.0,1.0,0.0,1.0,0.0,0.0,,0.0,1.0,0.0,1.0,1.0,1.0,1.0,0.0,0.0,0.0,1.0,0.0,1.0,0.0,,1.0,0.0,1.0,0.0,1.0,0.0,,,,,,,,0.0,,,0.0,,0.0,,,,,1.0,0.0,1.0,1.0,1.0,0.0,,,,,0.0,,0.0,0.0,0.0,0.0,0.0,0.0,0.0,0.0,0.0,0.0,0.0,0.0,1.0,0.0,1.0,0.0,,0.0,1.0,1.0,1.0,1.0,0.0,1.0,,,1.0,1.0,1.0,1.0,0.0,1.0,1.0,1.0,0.0,1.0,1.0,0.0,0.0,1.0,1.0,,,0.0,0.0,1.0,0.0,0.0,0.0,0.0,0.0,1.0,1.0,1.0,1.0,0.0,0.0,0.0,,0.0,1.0,1.0,0.0,1.0,1.0,,,0.0,1.0,1.0,1.0,1.0,1.0,,1.0,1.0,1.0,0.0,1.0,,0.0,1.0,0.0,1.0,0.0,0.0,,,1.0,1.0,0.0,1.0,0.0,1.0,1.0,1.0,1.0,,0.0,1.0,0.0,1.0,0.0,0.0,0.0,0.0,,1.0,1.0,1.0,1.0,0.0,0.0,,,1.0,0.0,0.0,0.0,1.0,0.0,1.0,0.0,1.0,1.0,1.0,1.0,1.0,,0.0,0.0,1.0,1.0,0.0,0.0,0.0,0.0,0.0,1.0,1.0,1.0,1.0,,0.0,0.0,0.0,1.0,,0.0,1.0,1.0,0.0,0.0,0.0,1.0,1.0,1.0,1.0,,1.0,0.0,1.0,1.0,1.0,,1.0,0.0,0.0,0.0,1.0,1.0,,1.0,1.0,1.0,1.0,0.0,1.0,0.0,1.0,1.0,0.0,1.0,0.0,0.0,0.0,1.0,0.0,0.0,0.0,1.0,0.0,,,0.0,1.0,0.0,1.0,,,1.0,0.0,0.0,1.0,1.0,1.0,1.0,0.0,1.0,0.0,1.0,1.0,,1.0,1.0,0.0,0.0,,0.0,,,,,,1.0,1.0,,,0.0,1.0,0.0,0.0,0.0,0.0,0.0,,,,,,,,,,,,,,,,0.0,0.0,,1.0,,,,,,,,,,,,,,,,,1.0,0.0,0.0,1.0,1.0,1.0,0.0,0.0,0.0,0.0,1.0,1.0,1.0,1.0,0.0,0.0,0.0,0.0,0.0,0.0,1.0,,,,1.0,0.0,0.0,1.0,,1.0,1.0,,0.0,0.0,1.0,0.0,,0.0,1.0,1.0,,,0.0,0.0,1.0,,1.0,0.0,,0.0,0.0,0.0,0.0,0.0,1.0,0.0,
Alan Rick,,,1.0,0.0,1.0,1.0,1.0,1.0,0.0,1.0,,,1.0,0.0,,1.0,0.0,0.0,0.0,1.0,1.0,0.0,0.0,,,,0.0,1.0,1.0,1.0,0.0,1.0,,0.0,0.0,0.0,1.0,1.0,0.0,0.0,0.0,1.0,0.0,1.0,0.0,,,,1.0,0.0,,1.0,0.0,1.0,1.0,0.0,,1.0,0.0,1.0,1.0,1.0,1.0,0.0,0.0,1.0,0.0,0.0,0.0,0.0,0.0,,,1.0,0.0,1.0,1.0,0.0,1.0,1.0,1.0,,1.0,0.0,0.0,1.0,1.0,1.0,1.0,1.0,1.0,1.0,1.0,0.0,0.0,1.0,1.0,1.0,0.0,0.0,0.0,0.0,1.0,0.0,0.0,1.0,0.0,1.0,1.0,0.0,0.0,1.0,1.0,1.0,1.0,1.0,,0.0,,0.0,1.0,0.0,0.0,0.0,0.0,1.0,0.0,0.0,0.0,0.0,1.0,0.0,1.0,0.0,0.0,1.0,1.0,1.0,1.0,0.0,0.0,0.0,1.0,0.0,0.0,1.0,0.0,1.0,1.0,0.0,0.0,1.0,1.0,0.0,,0.0,1.0,0.0,1.0,1.0,0.0,,1.0,0.0,1.0,0.0,0.0,0.0,1.0,1.0,1.0,0.0,0.0,,0.0,,1.0,1.0,1.0,1.0,1.0,0.0,0.0,1.0,1.0,,1.0,,1.0,1.0,0.0,0.0,0.0,1.0,0.0,0.0,,1.0,1.0,,0.0,1.0,0.0,0.0,0.0,0.0,0.0,0.0,1.0,0.0,1.0,0.0,,,0.0,,1.0,,0.0,1.0,1.0,1.0,1.0,0.0,1.0,1.0,1.0,1.0,1.0,0.0,0.0,0.0,0.0,1.0,1.0,1.0,0.0,1.0,0.0,0.0,1.0,,1.0,0.0,0.0,0.0,,0.0,1.0,,,1.0,1.0,0.0,1.0,1.0,0.0,1.0,,1.0,1.0,1.0,1.0,1.0,1.0,1.0,1.0,0.0,1.0,0.0,1.0,0.0,0.0,,0.0,1.0,1.0,0.0,1.0,0.0,1.0,1.0,1.0,1.0,0.0,0.0,0.0,0.0,1.0,1.0,1.0,0.0,0.0,0.0,1.0,1.0,1.0,1.0,1.0,0.0,0.0,1.0,0.0,1.0,1.0,0.0,,1.0,0.0,,0.0,0.0,1.0,1.0,1.0,1.0,0.0,1.0,0.0,1.0,0.0,1.0,1.0,0.0,1.0,1.0,1.0,1.0,1.0,1.0,1.0,1.0,0.0,0.0,0.0,0.0,1.0,0.0,0.0,0.0,0.0,1.0,1.0,1.0,1.0,1.0,0.0,1.0,1.0,,1.0,1.0,1.0,1.0,1.0,0.0,0.0,,1.0,,0.0,0.0,0.0,1.0,0.0,0.0,1.0,1.0,0.0,1.0,1.0,0.0,0.0,1.0,1.0,0.0,1.0,0.0,0.0,1.0,0.0,1.0,,0.0,0.0,0.0,1.0,0.0,0.0,1.0,1.0,1.0,,0.0,1.0,1.0,1.0,0.0,0.0,0.0,0.0,0.0,1.0,0.0,,0.0,1.0,0.0,1.0,1.0,1.0,0.0,0.0,0.0,,0.0,0.0,0.0,0.0,1.0,0.0,0.0,0.0,,0.0,0.0,1.0,0.0,1.0,,0.0,0.0,1.0,0.0,1.0,1.0,0.0,0.0,0.0,,0.0,0.0,0.0,0.0,1.0,1.0,0.0,1.0,,1.0,0.0,1.0,1.0,0.0,1.0,1.0,1.0,0.0,0.0,1.0,0.0,0.0,0.0,0.0,0.0,1.0,,1.0,,0.0,0.0,0.0,1.0,0.0,0.0,1.0,1.0,0.0,0.0,1.0,,0.0,0.0,1.0,1.0,0.0,1.0,0.0,,1.0,1.0,1.0,1.0,,,1.0,0.0,0.0,0.0,0.0,0.0,0.0,1.0,0.0,0.0
Alceu Moreira,,0.0,1.0,0.0,1.0,1.0,0.0,,,1.0,,1.0,,1.0,0.0,1.0,0.0,1.0,0.0,0.0,1.0,0.0,0.0,1.0,0.0,,,,,,0.0,1.0,0.0,,0.0,0.0,1.0,0.0,0.0,0.0,0.0,,,,,1.0,,1.0,1.0,0.0,,1.0,0.0,,,0.0,0.0,1.0,0.0,1.0,1.0,1.0,,0.0,,1.0,1.0,0.0,,0.0,0.0,,0.0,1.0,0.0,1.0,1.0,0.0,1.0,1.0,,,,,0.0,,1.0,1.0,1.0,1.0,1.0,1.0,1.0,0.0,1.0,1.0,1.0,1.0,0.0,0.0,0.0,0.0,1.0,0.0,0.0,1.0,0.0,1.0,1.0,0.0,0.0,1.0,1.0,1.0,1.0,1.0,0.0,0.0,0.0,0.0,1.0,0.0,0.0,0.0,0.0,1.0,0.0,1.0,0.0,,1.0,0.0,0.0,0.0,0.0,1.0,1.0,1.0,1.0,,0.0,1.0,1.0,0.0,1.0,1.0,,,1.0,0.0,0.0,1.0,1.0,0.0,0.0,0.0,1.0,0.0,1.0,1.0,0.0,0.0,1.0,0.0,1.0,0.0,0.0,,1.0,1.0,1.0,0.0,0.0,1.0,0.0,0.0,1.0,1.0,1.0,1.0,1.0,1.0,0.0,1.0,1.0,1.0,1.0,1.0,1.0,1.0,0.0,1.0,0.0,1.0,,0.0,0.0,0.0,1.0,1.0,0.0,1.0,0.0,0.0,0.0,0.0,0.0,0.0,1.0,0.0,0.0,0.0,1.0,,0.0,0.0,,0.0,0.0,,1.0,,1.0,0.0,1.0,1.0,1.0,1.0,,0.0,0.0,0.0,,1.0,1.0,1.0,0.0,1.0,0.0,0.0,1.0,0.0,0.0,,1.0,1.0,0.0,0.0,0.0,1.0,1.0,,1.0,0.0,,1.0,0.0,1.0,1.0,1.0,1.0,1.0,1.0,1.0,1.0,1.0,1.0,0.0,1.0,0.0,1.0,0.0,0.0,0.0,0.0,,1.0,,1.0,0.0,1.0,1.0,,1.0,,0.0,0.0,0.0,1.0,1.0,1.0,0.0,,0.0,1.0,1.0,,,,,0.0,1.0,0.0,1.0,1.0,0.0,0.0,1.0,0.0,0.0,0.0,0.0,1.0,,1.0,1.0,,1.0,0.0,1.0,0.0,1.0,1.0,0.0,0.0,1.0,1.0,1.0,1.0,1.0,1.0,1.0,0.0,0.0,0.0,0.0,1.0,,0.0,0.0,0.0,0.0,1.0,1.0,1.0,1.0,1.0,0.0,0.0,0.0,,1.0,1.0,1.0,1.0,,0.0,,0.0,0.0,0.0,0.0,0.0,1.0,0.0,0.0,1.0,1.0,0.0,1.0,1.0,0.0,0.0,1.0,1.0,0.0,,0.0,0.0,1.0,0.0,0.0,,0.0,0.0,0.0,1.0,0.0,0.0,,1.0,1.0,,,1.0,1.0,1.0,0.0,,,,,,0.0,,,,1.0,1.0,0.0,0.0,1.0,,,0.0,0.0,0.0,0.0,0.0,1.0,,,0.0,,,0.0,,,1.0,,,,,0.0,1.0,1.0,0.0,0.0,,0.0,0.0,0.0,0.0,0.0,1.0,1.0,0.0,1.0,,1.0,0.0,0.0,1.0,1.0,1.0,1.0,1.0,0.0,0.0,1.0,0.0,0.0,1.0,1.0,0.0,1.0,,1.0,0.0,0.0,0.0,1.0,1.0,0.0,,1.0,1.0,0.0,0.0,1.0,0.0,0.0,0.0,1.0,1.0,0.0,1.0,1.0,,1.0,1.0,1.0,1.0,,0.0,1.0,0.0,0.0,0.0,,0.0,0.0,1.0,0.0,0.0
Alcides Rodrigues,0.0,0.0,1.0,0.0,1.0,1.0,1.0,1.0,0.0,1.0,,1.0,1.0,1.0,0.0,1.0,0.0,1.0,0.0,,0.0,,0.0,1.0,0.0,1.0,0.0,0.0,1.0,1.0,0.0,1.0,0.0,,0.0,0.0,1.0,1.0,0.0,,0.0,1.0,0.0,1.0,0.0,1.0,0.0,0.0,1.0,0.0,0.0,1.0,0.0,,1.0,0.0,0.0,1.0,,1.0,1.0,1.0,1.0,,0.0,1.0,1.0,1.0,,0.0,0.0,0.0,0.0,1.0,0.0,1.0,1.0,0.0,1.0,,1.0,1.0,,,0.0,1.0,1.0,1.0,1.0,1.0,1.0,1.0,1.0,0.0,0.0,,1.0,1.0,0.0,,,,,1.0,0.0,1.0,0.0,0.0,1.0,1.0,1.0,0.0,0.0,1.0,1.0,1.0,0.0,0.0,0.0,0.0,1.0,0.0,0.0,0.0,0.0,1.0,0.0,0.0,,,1.0,0.0,0.0,,0.0,1.0,1.0,1.0,1.0,,0.0,0.0,1.0,0.0,1.0,,0.0,1.0,1.0,0.0,0.0,1.0,1.0,0.0,0.0,0.0,1.0,,1.0,1.0,0.0,0.0,1.0,0.0,1.0,0.0,,,1.0,1.0,1.0,0.0,,1.0,0.0,0.0,1.0,1.0,1.0,1.0,1.0,1.0,0.0,1.0,1.0,1.0,,1.0,1.0,1.0,0.0,1.0,0.0,1.0,,0.0,,0.0,,,,1.0,0.0,0.0,0.0,0.0,,,1.0,0.0,0.0,0.0,1.0,1.0,0.0,,1.0,0.0,0.0,1.0,1.0,1.0,1.0,0.0,1.0,1.0,1.0,1.0,1.0,0.0,,0.0,0.0,1.0,1.0,1.0,0.0,1.0,0.0,0.0,1.0,0.0,0.0,0.0,1.0,1.0,0.0,0.0,0.0,,1.0,,1.0,0.0,0.0,0.0,0.0,,,1.0,1.0,1.0,1.0,1.0,1.0,1.0,1.0,,1.0,0.0,1.0,0.0,0.0,0.0,0.0,1.0,0.0,0.0,,,,,,,,,0.0,0.0,1.0,1.0,1.0,,,,1.0,,,,1.0,0.0,1.0,0.0,0.0,0.0,1.0,0.0,,1.0,0.0,0.0,0.0,0.0,,1.0,1.0,1.0,0.0,1.0,0.0,1.0,0.0,1.0,1.0,0.0,1.0,1.0,1.0,1.0,1.0,1.0,1.0,1.0,,0.0,,0.0,1.0,0.0,0.0,0.0,0.0,0.0,,1.0,1.0,1.0,1.0,0.0,0.0,,0.0,1.0,,0.0,,0.0,,,0.0,1.0,,,,,,,,,,,,,0.0,1.0,1.0,0.0,,0.0,0.0,0.0,0.0,0.0,0.0,0.0,,,0.0,0.0,0.0,1.0,1.0,0.0,,0.0,1.0,1.0,1.0,0.0,0.0,0.0,0.0,0.0,,0.0,0.0,0.0,1.0,0.0,1.0,1.0,,1.0,1.0,0.0,1.0,0.0,0.0,0.0,0.0,1.0,0.0,0.0,0.0,0.0,0.0,0.0,,0.0,1.0,1.0,0.0,0.0,1.0,0.0,1.0,,0.0,,0.0,0.0,0.0,0.0,0.0,0.0,1.0,1.0,0.0,1.0,0.0,,0.0,0.0,,,1.0,1.0,1.0,1.0,,,,0.0,,0.0,0.0,1.0,1.0,1.0,,,,,,,,,,,,1.0,,,,,1.0,0.0,,,,1.0,1.0,1.0,,,0.0,1.0,0.0,,,,,,,,0.0
Alencar Santana,1.0,,1.0,1.0,1.0,1.0,1.0,1.0,1.0,1.0,,1.0,,,,,,,1.0,0.0,,0.0,,1.0,,1.0,,,,0.0,,,,,,,,1.0,,1.0,,1.0,0.0,0.0,,,0.0,1.0,1.0,0.0,0.0,1.0,0.0,1.0,1.0,0.0,0.0,1.0,,1.0,1.0,,,,,0.0,1.0,1.0,,,,,1.0,,,0.0,,,,1.0,0.0,1.0,1.0,0.0,,0.0,1.0,1.0,1.0,1.0,,1.0,0.0,1.0,1.0,,1.0,1.0,0.0,0.0,0.0,1.0,,1.0,1.0,1.0,0.0,0.0,1.0,1.0,1.0,0.0,0.0,0.0,0.0,0.0,,0.0,1.0,,0.0,1.0,1.0,0.0,1.0,0.0,0.0,1.0,1.0,1.0,0.0,1.0,1.0,1.0,1.0,0.0,0.0,0.0,1.0,0.0,1.0,0.0,,,0.0,1.0,0.0,1.0,0.0,,,,,,,,,,,0.0,,,,,,,1.0,,1.0,,,0.0,,,,,,,0.0,0.0,0.0,0.0,0.0,0.0,,,,0.0,0.0,0.0,1.0,0.0,1.0,0.0,,0.0,1.0,1.0,,,0.0,1.0,,,1.0,1.0,1.0,,,1.0,1.0,1.0,0.0,,1.0,,0.0,1.0,1.0,,0.0,0.0,0.0,1.0,0.0,0.0,0.0,0.0,0.0,,1.0,,1.0,0.0,0.0,0.0,1.0,0.0,,1.0,0.0,1.0,1.0,1.0,,,1.0,,1.0,1.0,1.0,1.0,0.0,1.0,1.0,1.0,1.0,1.0,0.0,1.0,0.0,1.0,0.0,1.0,0.0,0.0,,1.0,0.0,,0.0,1.0,,1.0,1.0,0.0,,1.0,0.0,1.0,0.0,,0.0,0.0,1.0,1.0,1.0,1.0,0.0,0.0,0.0,1.0,,1.0,0.0,,0.0,1.0,0.0,1.0,0.0,,1.0,1.0,1.0,1.0,,0.0,,1.0,1.0,0.0,0.0,0.0,0.0,0.0,,1.0,1.0,0.0,1.0,0.0,0.0,0.0,1.0,0.0,0.0,1.0,1.0,0.0,0.0,0.0,1.0,1.0,1.0,,0.0,1.0,,1.0,1.0,1.0,1.0,1.0,0.0,0.0,0.0,1.0,1.0,,1.0,1.0,1.0,,0.0,1.0,0.0,,1.0,0.0,1.0,,0.0,0.0,1.0,,0.0,,1.0,0.0,,,0.0,1.0,0.0,1.0,1.0,1.0,1.0,0.0,0.0,1.0,1.0,1.0,1.0,0.0,1.0,0.0,1.0,,1.0,1.0,1.0,0.0,,0.0,,,,,,,1.0,1.0,,1.0,,1.0,0.0,0.0,,,0.0,,,,1.0,1.0,1.0,0.0,,,,,,,,,0.0,0.0,1.0,1.0,0.0,1.0,,0.0,1.0,,,,,,,,,,,,,0.0,0.0,1.0,1.0,1.0,0.0,0.0,0.0,0.0,1.0,1.0,,1.0,0.0,0.0,0.0,0.0,,0.0,,1.0,0.0,1.0,,,0.0,1.0,1.0,1.0,1.0,1.0,,0.0,1.0,0.0,1.0,0.0,1.0,1.0,,1.0,0.0,0.0,1.0,1.0,1.0,0.0,1.0,0.0,0.0,0.0,,0.0,1.0,0.0,1.0
Alessandro Molon,1.0,,1.0,1.0,1.0,1.0,1.0,1.0,1.0,1.0,1.0,1.0,1.0,0.0,1.0,1.0,1.0,0.0,1.0,1.0,1.0,0.0,0.0,,,,1.0,0.0,,,1.0,0.0,,,1.0,1.0,0.0,1.0,0.0,1.0,1.0,,0.0,0.0,1.0,,0.0,,,,,,0.0,1.0,1.0,0.0,0.0,1.0,0.0,1.0,1.0,1.0,,0.0,,,0.0,1.0,0.0,,1.0,1.0,1.0,0.0,1.0,0.0,0.0,1.0,,,0.0,1.0,1.0,0.0,1.0,0.0,1.0,1.0,1.0,,,,0.0,1.0,1.0,1.0,,1.0,,0.0,,1.0,,1.0,1.0,1.0,0.0,0.0,1.0,1.0,1.0,0.0,0.0,,0.0,0.0,1.0,0.0,0.0,0.0,1.0,,,0.0,1.0,0.0,0.0,1.0,1.0,1.0,0.0,1.0,1.0,1.0,1.0,0.0,0.0,0.0,1.0,0.0,0.0,0.0,1.0,1.0,0.0,1.0,0.0,1.0,0.0,,,,,,,,,,,,,0.0,0.0,0.0,0.0,,,0.0,1.0,1.0,1.0,0.0,,,,,,,0.0,0.0,0.0,0.0,0.0,0.0,0.0,0.0,0.0,0.0,0.0,0.0,1.0,0.0,1.0,1.0,0.0,0.0,1.0,1.0,,,,1.0,,,1.0,1.0,1.0,,0.0,1.0,1.0,1.0,0.0,1.0,1.0,0.0,1.0,1.0,,0.0,0.0,0.0,0.0,1.0,0.0,0.0,0.0,0.0,0.0,1.0,1.0,,,,1.0,0.0,1.0,0.0,1.0,1.0,0.0,1.0,1.0,1.0,1.0,0.0,1.0,,,1.0,,0.0,0.0,1.0,1.0,,1.0,1.0,0.0,1.0,,1.0,1.0,1.0,0.0,0.0,1.0,0.0,1.0,1.0,0.0,1.0,1.0,1.0,1.0,0.0,0.0,1.0,0.0,1.0,0.0,0.0,0.0,0.0,0.0,0.0,0.0,0.0,1.0,1.0,1.0,0.0,0.0,1.0,0.0,0.0,0.0,1.0,0.0,1.0,0.0,0.0,0.0,1.0,1.0,,0.0,,0.0,1.0,1.0,,0.0,0.0,0.0,0.0,1.0,1.0,1.0,0.0,1.0,1.0,1.0,1.0,1.0,0.0,0.0,1.0,1.0,1.0,1.0,0.0,0.0,0.0,1.0,1.0,0.0,1.0,0.0,1.0,1.0,1.0,1.0,1.0,0.0,0.0,0.0,1.0,1.0,0.0,1.0,1.0,,1.0,0.0,1.0,0.0,1.0,,0.0,1.0,,,,,,,,,0.0,0.0,0.0,,1.0,0.0,1.0,0.0,1.0,1.0,0.0,,1.0,1.0,1.0,1.0,0.0,1.0,1.0,1.0,1.0,,1.0,1.0,0.0,0.0,0.0,,,,,,,1.0,1.0,,1.0,0.0,1.0,0.0,0.0,0.0,0.0,,,,,1.0,1.0,1.0,0.0,,,,,,,,,0.0,0.0,,1.0,,,,,,,,,,,,,,,,,1.0,,,,1.0,1.0,0.0,0.0,0.0,0.0,1.0,1.0,1.0,1.0,1.0,1.0,1.0,0.0,0.0,0.0,1.0,1.0,0.0,1.0,1.0,0.0,1.0,1.0,,,,0.0,,,1.0,0.0,1.0,,1.0,1.0,,1.0,0.0,0.0,1.0,,1.0,0.0,1.0,0.0,0.0,0.0,,,1.0,0.0,
Alex Manente,,,1.0,0.0,0.0,1.0,1.0,1.0,,1.0,1.0,,0.0,1.0,0.0,1.0,0.0,1.0,0.0,0.0,1.0,,0.0,1.0,,1.0,1.0,,,,0.0,1.0,0.0,,0.0,0.0,1.0,1.0,0.0,0.0,0.0,0.0,0.0,1.0,0.0,,,,1.0,,,,0.0,1.0,1.0,0.0,0.0,,,1.0,0.0,0.0,,0.0,0.0,1.0,1.0,0.0,,0.0,,1.0,,0.0,1.0,0.0,,,,1.0,0.0,1.0,,,0.0,1.0,1.0,1.0,1.0,1.0,,1.0,1.0,,0.0,1.0,1.0,1.0,,,,0.0,1.0,1.0,1.0,1.0,0.0,0.0,0.0,1.0,1.0,0.0,0.0,1.0,0.0,1.0,1.0,1.0,0.0,0.0,1.0,,,,1.0,1.0,0.0,0.0,1.0,1.0,1.0,1.0,1.0,1.0,1.0,0.0,0.0,0.0,0.0,,,0.0,1.0,0.0,,1.0,0.0,1.0,,0.0,0.0,,1.0,0.0,,,1.0,0.0,,,0.0,,1.0,0.0,1.0,0.0,0.0,,1.0,1.0,1.0,0.0,0.0,1.0,0.0,0.0,1.0,1.0,1.0,1.0,1.0,0.0,,,,,,,,1.0,0.0,1.0,0.0,1.0,0.0,0.0,0.0,0.0,1.0,0.0,,1.0,,0.0,0.0,0.0,0.0,0.0,1.0,1.0,1.0,,0.0,0.0,0.0,1.0,1.0,0.0,0.0,1.0,1.0,1.0,1.0,0.0,,1.0,0.0,1.0,1.0,,0.0,0.0,0.0,1.0,1.0,1.0,,,0.0,1.0,0.0,1.0,1.0,0.0,0.0,1.0,0.0,0.0,0.0,1.0,1.0,,0.0,0.0,1.0,0.0,0.0,1.0,,1.0,1.0,,1.0,1.0,1.0,0.0,,0.0,1.0,,0.0,1.0,1.0,0.0,1.0,0.0,1.0,0.0,1.0,,,,,,0.0,0.0,,0.0,,1.0,1.0,1.0,0.0,,1.0,,,,1.0,1.0,0.0,1.0,1.0,1.0,1.0,0.0,0.0,1.0,0.0,,0.0,0.0,0.0,,,1.0,0.0,1.0,1.0,1.0,1.0,1.0,1.0,0.0,0.0,1.0,1.0,1.0,1.0,1.0,1.0,0.0,0.0,0.0,0.0,0.0,,,0.0,0.0,0.0,0.0,,1.0,0.0,1.0,1.0,0.0,1.0,1.0,1.0,1.0,1.0,,0.0,0.0,0.0,,1.0,0.0,0.0,,0.0,,,0.0,1.0,0.0,1.0,,,,0.0,1.0,0.0,0.0,1.0,1.0,1.0,0.0,,1.0,0.0,0.0,0.0,0.0,1.0,0.0,0.0,1.0,1.0,1.0,1.0,0.0,1.0,1.0,1.0,,,0.0,0.0,0.0,,0.0,,0.0,0.0,0.0,1.0,0.0,,,,,,0.0,0.0,1.0,,,,,,0.0,0.0,,,,1.0,,,,,,,1.0,,0.0,0.0,,0.0,,0.0,0.0,1.0,1.0,,1.0,,,,,1.0,1.0,1.0,1.0,1.0,,0.0,1.0,0.0,0.0,0.0,0.0,1.0,1.0,,0.0,1.0,0.0,0.0,0.0,1.0,,,1.0,1.0,1.0,1.0,1.0,,,0.0,1.0,1.0,0.0,1.0,1.0,,1.0,1.0,1.0,1.0,,,1.0,0.0,,,,0.0,,1.0,,0.0
Alex Santana,0.0,,1.0,,1.0,1.0,1.0,,,,,1.0,1.0,0.0,1.0,1.0,,,0.0,,,,1.0,,,1.0,,0.0,1.0,,0.0,1.0,0.0,0.0,,0.0,0.0,1.0,,,,1.0,0.0,1.0,0.0,1.0,,1.0,1.0,0.0,,,0.0,1.0,1.0,0.0,0.0,1.0,0.0,1.0,1.0,1.0,0.0,0.0,,,1.0,1.0,,0.0,0.0,,0.0,1.0,,1.0,1.0,,,1.0,1.0,1.0,1.0,0.0,1.0,0.0,1.0,1.0,,1.0,1.0,1.0,,,1.0,,1.0,1.0,,,1.0,1.0,,0.0,0.0,0.0,0.0,,1.0,0.0,1.0,1.0,1.0,0.0,0.0,1.0,1.0,0.0,,0.0,1.0,0.0,0.0,0.0,,1.0,1.0,0.0,0.0,1.0,0.0,1.0,0.0,1.0,0.0,1.0,1.0,1.0,,,,,1.0,0.0,0.0,,0.0,1.0,0.0,,,,,,,,,0.0,0.0,1.0,0.0,0.0,1.0,0.0,0.0,0.0,1.0,0.0,1.0,,1.0,0.0,1.0,1.0,,,,,0.0,0.0,1.0,0.0,0.0,0.0,0.0,,0.0,1.0,0.0,1.0,0.0,,0.0,1.0,0.0,0.0,0.0,0.0,1.0,0.0,0.0,1.0,0.0,,0.0,0.0,,1.0,1.0,,1.0,0.0,0.0,1.0,0.0,,1.0,0.0,1.0,1.0,1.0,1.0,0.0,,0.0,1.0,0.0,1.0,,0.0,0.0,,0.0,1.0,1.0,1.0,0.0,0.0,0.0,1.0,0.0,0.0,0.0,0.0,0.0,1.0,1.0,1.0,0.0,,1.0,1.0,1.0,0.0,1.0,0.0,0.0,1.0,,1.0,1.0,1.0,1.0,1.0,1.0,0.0,1.0,0.0,1.0,0.0,0.0,0.0,0.0,0.0,0.0,1.0,1.0,0.0,1.0,0.0,1.0,,1.0,,0.0,0.0,0.0,0.0,1.0,1.0,1.0,1.0,,0.0,1.0,1.0,,,,0.0,1.0,0.0,0.0,1.0,1.0,0.0,0.0,1.0,0.0,0.0,0.0,0.0,1.0,1.0,1.0,1.0,0.0,1.0,1.0,1.0,1.0,1.0,1.0,1.0,1.0,1.0,1.0,,1.0,1.0,1.0,1.0,1.0,0.0,0.0,0.0,1.0,0.0,0.0,0.0,1.0,1.0,1.0,1.0,0.0,1.0,1.0,1.0,1.0,,0.0,1.0,,1.0,1.0,0.0,0.0,1.0,0.0,,1.0,0.0,0.0,1.0,0.0,,1.0,1.0,0.0,1.0,,0.0,,1.0,0.0,0.0,1.0,0.0,1.0,1.0,0.0,1.0,0.0,0.0,,0.0,0.0,0.0,0.0,1.0,1.0,1.0,,0.0,1.0,,1.0,,,,,,,0.0,,1.0,0.0,0.0,0.0,0.0,0.0,0.0,1.0,0.0,1.0,0.0,1.0,1.0,0.0,1.0,,,,,,0.0,1.0,,1.0,1.0,0.0,1.0,1.0,0.0,,1.0,0.0,0.0,0.0,,0.0,,0.0,,,,0.0,1.0,1.0,0.0,0.0,0.0,1.0,0.0,0.0,,,0.0,1.0,,0.0,0.0,0.0,0.0,1.0,,,1.0,1.0,,,0.0,1.0,0.0,0.0,,1.0,1.0,0.0,1.0,,1.0,1.0,0.0,1.0,0.0,,0.0,0.0,1.0,1.0,0.0,1.0,,0.0,1.0,0.0,0.0,1.0,,,0.0,,,0.0
Alexandre Figueiredo,0.0,,,,,,,,,,1.0,,,,,,,,,,,,,,,,,,,,,,,,,,,,,,,,,,,1.0,0.0,1.0,,,,,,,,,,,,,,,,,,,,,,,,,,,,,,,,,,,,,,,,,,,,,,,,,,,,,,,,,,,,,,,,,,,,,,,,,,,,,,,,,,,,,,,,,,,,,,,1.0,0.0,0.0,1.0,0.0,1.0,,,,,,,,,,,,,,,,,,,,,,,,,,,,,,,,,,,,,,,,,,,,,,,,,,,,,,,,,,,,,,,,,,,,,,,,,,,,,,,,,,,,,,,,,,,,,,,,,,,,,,,,,,,,,,,,,,,,,,,,,,,,,,,,,,,,,,,,,,,,,,,,,,,,,,,,,,,,,,,,,,,,,,,,,,,,,,,,,,,,,,,,,,,,,,,,,,,,,,,,,,,,,,,,,,,,,,,,,,,,,,,,,,,,,,,,,,,,,,,,,,,,,,,,,,,,,,,,,,,,,,,,,,,,,,,,,,,,,,,,,,,,,,,,,,,,,,,,,,,,,,,,,,,,,,,,,,,,,,,,,,,,,,,,,,,,,,,,,,,,,,,,,,,,,,,,,,,,,
Alexandre Frota,1.0,1.0,1.0,1.0,1.0,1.0,1.0,,,1.0,1.0,1.0,0.0,1.0,0.0,1.0,0.0,0.0,0.0,0.0,1.0,0.0,,1.0,0.0,0.0,0.0,0.0,1.0,1.0,0.0,1.0,0.0,0.0,0.0,0.0,1.0,0.0,0.0,0.0,0.0,0.0,0.0,1.0,0.0,1.0,0.0,0.0,1.0,0.0,0.0,1.0,0.0,1.0,1.0,0.0,0.0,1.0,,1.0,1.0,1.0,1.0,0.0,0.0,0.0,0.0,,0.0,0.0,0.0,0.0,,1.0,0.0,1.0,1.0,0.0,1.0,1.0,1.0,,1.0,0.0,0.0,1.0,1.0,1.0,1.0,1.0,1.0,1.0,0.0,1.0,0.0,1.0,,,0.0,0.0,0.0,1.0,1.0,1.0,1.0,1.0,0.0,0.0,1.0,1.0,1.0,0.0,0.0,1.0,1.0,1.0,0.0,1.0,0.0,,1.0,0.0,0.0,1.0,1.0,0.0,0.0,1.0,1.0,1.0,0.0,1.0,1.0,1.0,1.0,0.0,0.0,0.0,1.0,1.0,0.0,0.0,,,,,,,1.0,,0.0,1.0,1.0,0.0,0.0,0.0,1.0,,1.0,1.0,0.0,0.0,1.0,0.0,0.0,0.0,0.0,0.0,1.0,1.0,1.0,0.0,0.0,1.0,0.0,0.0,1.0,1.0,1.0,1.0,,,,,,,,,,1.0,0.0,1.0,1.0,1.0,,0.0,1.0,1.0,1.0,0.0,0.0,1.0,0.0,0.0,1.0,1.0,1.0,1.0,0.0,1.0,1.0,1.0,0.0,1.0,1.0,0.0,1.0,0.0,0.0,0.0,0.0,0.0,0.0,1.0,0.0,0.0,0.0,0.0,0.0,1.0,1.0,1.0,1.0,0.0,0.0,0.0,1.0,0.0,1.0,1.0,0.0,1.0,1.0,1.0,1.0,0.0,0.0,0.0,1.0,1.0,1.0,1.0,0.0,1.0,1.0,,0.0,1.0,0.0,1.0,1.0,1.0,1.0,1.0,0.0,0.0,1.0,0.0,1.0,1.0,0.0,1.0,0.0,1.0,1.0,0.0,0.0,1.0,1.0,0.0,1.0,1.0,1.0,1.0,0.0,0.0,0.0,0.0,1.0,1.0,1.0,1.0,0.0,0.0,0.0,1.0,0.0,1.0,0.0,0.0,0.0,1.0,1.0,1.0,1.0,0.0,0.0,1.0,0.0,0.0,0.0,0.0,1.0,1.0,1.0,1.0,0.0,1.0,0.0,0.0,1.0,,,,,,,,1.0,1.0,1.0,1.0,0.0,0.0,0.0,0.0,1.0,0.0,0.0,0.0,,,,1.0,1.0,,0.0,,,,,,1.0,1.0,1.0,1.0,0.0,1.0,1.0,0.0,1.0,0.0,0.0,1.0,1.0,0.0,1.0,0.0,1.0,0.0,0.0,0.0,0.0,1.0,0.0,0.0,1.0,0.0,0.0,1.0,0.0,1.0,1.0,0.0,1.0,0.0,1.0,0.0,1.0,1.0,1.0,1.0,1.0,0.0,1.0,1.0,1.0,0.0,0.0,0.0,0.0,0.0,1.0,0.0,0.0,1.0,0.0,1.0,0.0,0.0,,0.0,0.0,1.0,0.0,0.0,1.0,1.0,1.0,0.0,0.0,0.0,0.0,0.0,0.0,0.0,1.0,0.0,0.0,0.0,1.0,1.0,0.0,1.0,0.0,0.0,1.0,0.0,0.0,0.0,0.0,0.0,0.0,0.0,1.0,1.0,0.0,0.0,1.0,0.0,0.0,1.0,1.0,1.0,0.0,0.0,0.0,0.0,0.0,1.0,1.0,1.0,0.0,0.0,0.0,1.0,0.0,1.0,0.0,0.0,0.0,0.0,1.0,1.0,0.0,1.0,1.0,0.0,0.0,1.0,,0.0,0.0,1.0,0.0,0.0,1.0,0.0,0.0,1.0,1.0,,1.0,0.0,0.0,1.0,0.0,0.0,0.0,0.0,0.0,0.0,1.0,0.0,1.0
Alexandre Leite,0.0,0.0,1.0,0.0,1.0,1.0,1.0,1.0,0.0,0.0,,,0.0,1.0,,1.0,0.0,1.0,0.0,0.0,1.0,,,0.0,0.0,1.0,0.0,1.0,0.0,,0.0,1.0,,0.0,0.0,0.0,1.0,0.0,,0.0,0.0,0.0,0.0,1.0,0.0,1.0,0.0,1.0,1.0,,0.0,1.0,0.0,1.0,,0.0,0.0,,0.0,,1.0,1.0,1.0,0.0,0.0,1.0,1.0,1.0,,0.0,0.0,0.0,0.0,1.0,0.0,1.0,1.0,0.0,1.0,1.0,,1.0,1.0,0.0,0.0,1.0,1.0,1.0,,1.0,,1.0,1.0,0.0,1.0,1.0,1.0,1.0,0.0,0.0,0.0,0.0,1.0,,,,,,,,,0.0,0.0,1.0,1.0,1.0,,0.0,0.0,,1.0,0.0,0.0,0.0,0.0,1.0,0.0,0.0,0.0,0.0,1.0,0.0,1.0,0.0,0.0,1.0,1.0,1.0,1.0,0.0,0.0,,,0.0,1.0,1.0,,,1.0,,0.0,1.0,1.0,0.0,,0.0,1.0,0.0,1.0,1.0,,,1.0,0.0,1.0,0.0,0.0,0.0,1.0,1.0,1.0,0.0,0.0,1.0,0.0,,1.0,1.0,1.0,1.0,1.0,1.0,0.0,1.0,1.0,1.0,1.0,1.0,1.0,1.0,0.0,1.0,0.0,1.0,0.0,0.0,0.0,0.0,1.0,,0.0,1.0,0.0,0.0,0.0,0.0,0.0,0.0,1.0,0.0,0.0,0.0,1.0,0.0,0.0,0.0,1.0,0.0,0.0,1.0,1.0,1.0,0.0,0.0,1.0,1.0,1.0,1.0,1.0,0.0,0.0,0.0,0.0,1.0,1.0,,0.0,1.0,0.0,0.0,1.0,0.0,,0.0,0.0,0.0,1.0,0.0,1.0,1.0,1.0,1.0,1.0,0.0,0.0,1.0,0.0,1.0,0.0,1.0,1.0,1.0,1.0,1.0,1.0,1.0,1.0,1.0,1.0,0.0,1.0,0.0,0.0,0.0,0.0,1.0,0.0,0.0,1.0,0.0,1.0,1.0,1.0,1.0,0.0,0.0,0.0,0.0,1.0,1.0,1.0,0.0,0.0,0.0,1.0,1.0,1.0,0.0,1.0,0.0,0.0,1.0,1.0,1.0,1.0,0.0,0.0,1.0,0.0,0.0,0.0,0.0,1.0,1.0,1.0,1.0,0.0,1.0,0.0,1.0,0.0,1.0,1.0,0.0,0.0,1.0,1.0,1.0,1.0,1.0,1.0,1.0,0.0,0.0,0.0,0.0,1.0,0.0,0.0,0.0,0.0,0.0,1.0,1.0,0.0,1.0,0.0,0.0,1.0,0.0,1.0,1.0,1.0,1.0,1.0,0.0,0.0,1.0,0.0,0.0,0.0,0.0,0.0,1.0,0.0,0.0,0.0,1.0,0.0,1.0,1.0,0.0,0.0,1.0,1.0,0.0,1.0,,0.0,1.0,0.0,1.0,0.0,0.0,,0.0,1.0,0.0,0.0,1.0,1.0,1.0,1.0,0.0,1.0,1.0,1.0,0.0,0.0,0.0,0.0,0.0,,0.0,,0.0,1.0,0.0,1.0,1.0,1.0,1.0,1.0,0.0,1.0,0.0,0.0,0.0,0.0,1.0,0.0,,0.0,0.0,0.0,0.0,1.0,,1.0,,,,,,,,0.0,0.0,,0.0,0.0,0.0,0.0,0.0,1.0,,,1.0,1.0,0.0,0.0,1.0,1.0,0.0,0.0,1.0,0.0,0.0,0.0,1.0,0.0,0.0,0.0,0.0,,1.0,1.0,1.0,,0.0,,0.0,1.0,,0.0,1.0,0.0,0.0,0.0,1.0,0.0,0.0,0.0,1.0,1.0,0.0,1.0,0.0,0.0,1.0,1.0,1.0,1.0,0.0,0.0,1.0,0.0,0.0,0.0,,,0.0,1.0,0.0,0.0
Alexandre Padilha,1.0,1.0,1.0,1.0,1.0,1.0,1.0,1.0,1.0,1.0,,1.0,,,1.0,1.0,1.0,0.0,1.0,1.0,1.0,,1.0,1.0,,1.0,1.0,0.0,,0.0,,,,,,,,,,,,1.0,0.0,0.0,,,0.0,1.0,1.0,0.0,0.0,1.0,0.0,1.0,1.0,0.0,0.0,1.0,,1.0,1.0,,,,,0.0,1.0,1.0,,1.0,,,,,,,,,,1.0,,1.0,1.0,0.0,1.0,0.0,1.0,1.0,1.0,1.0,,1.0,0.0,1.0,1.0,1.0,1.0,1.0,0.0,0.0,0.0,1.0,0.0,1.0,1.0,1.0,0.0,0.0,1.0,1.0,1.0,0.0,0.0,0.0,0.0,0.0,1.0,0.0,1.0,1.0,0.0,1.0,1.0,0.0,1.0,0.0,,,1.0,1.0,0.0,1.0,1.0,1.0,,0.0,0.0,0.0,1.0,,,0.0,1.0,1.0,0.0,1.0,0.0,1.0,0.0,,,,,,1.0,,0.0,,,0.0,,,,,,,1.0,,1.0,1.0,1.0,0.0,,,,,0.0,0.0,0.0,0.0,0.0,0.0,0.0,0.0,0.0,,,,,0.0,1.0,0.0,1.0,0.0,1.0,0.0,,1.0,1.0,1.0,0.0,1.0,,,1.0,1.0,1.0,,0.0,1.0,1.0,1.0,,1.0,1.0,,0.0,,1.0,0.0,0.0,0.0,0.0,1.0,,0.0,,0.0,0.0,,,1.0,1.0,,0.0,0.0,1.0,0.0,1.0,1.0,0.0,,1.0,1.0,1.0,0.0,1.0,1.0,1.0,1.0,,1.0,0.0,1.0,1.0,0.0,1.0,1.0,,1.0,,,,1.0,0.0,0.0,1.0,1.0,,1.0,0.0,1.0,1.0,1.0,1.0,0.0,0.0,,0.0,1.0,,0.0,0.0,0.0,1.0,1.0,1.0,1.0,0.0,0.0,0.0,1.0,,1.0,0.0,0.0,,,0.0,1.0,0.0,1.0,1.0,1.0,1.0,1.0,,0.0,0.0,1.0,1.0,0.0,0.0,0.0,0.0,0.0,1.0,1.0,,0.0,1.0,0.0,0.0,0.0,1.0,0.0,0.0,1.0,1.0,0.0,0.0,0.0,1.0,1.0,1.0,1.0,0.0,1.0,,,1.0,1.0,1.0,1.0,0.0,0.0,0.0,,1.0,0.0,1.0,1.0,,1.0,0.0,1.0,0.0,1.0,1.0,0.0,1.0,0.0,0.0,0.0,1.0,0.0,0.0,0.0,1.0,0.0,,,0.0,1.0,0.0,1.0,1.0,1.0,1.0,0.0,0.0,1.0,,1.0,1.0,0.0,1.0,0.0,1.0,1.0,1.0,1.0,1.0,0.0,0.0,0.0,,,,,,,,1.0,,1.0,0.0,1.0,,0.0,0.0,0.0,0.0,,,,,1.0,1.0,0.0,,,,,,,,,0.0,0.0,1.0,1.0,0.0,1.0,0.0,0.0,1.0,,,,,,,,,,,,1.0,0.0,0.0,1.0,1.0,1.0,0.0,0.0,0.0,0.0,1.0,1.0,1.0,1.0,0.0,0.0,0.0,0.0,,0.0,1.0,1.0,0.0,1.0,1.0,0.0,0.0,1.0,1.0,1.0,1.0,1.0,,0.0,1.0,0.0,1.0,0.0,1.0,1.0,,1.0,0.0,0.0,1.0,1.0,1.0,0.0,1.0,0.0,0.0,,0.0,0.0,1.0,0.0,1.0
Alexandre Serfiotis,,,1.0,1.0,1.0,1.0,1.0,,,,,,,,,,,,,,,,,,0.0,1.0,0.0,,,1.0,0.0,1.0,0.0,,0.0,0.0,,1.0,0.0,0.0,0.0,0.0,0.0,1.0,0.0,,,,,,,,,,,,,,0.0,,,,0.0,,,,,1.0,,,,,,1.0,,1.0,1.0,0.0,1.0,,,1.0,1.0,0.0,0.0,0.0,1.0,1.0,,,,,,,,,,,,0.0,0.0,0.0,1.0,,,,,,,,,,,0.0,1.0,1.0,1.0,0.0,,0.0,1.0,0.0,1.0,0.0,0.0,1.0,0.0,0.0,1.0,1.0,1.0,1.0,1.0,1.0,1.0,,1.0,1.0,1.0,,0.0,0.0,,,,,,,1.0,,,,,0.0,0.0,,1.0,0.0,1.0,1.0,,0.0,1.0,0.0,1.0,0.0,0.0,,1.0,,,0.0,0.0,1.0,,0.0,1.0,1.0,0.0,0.0,0.0,0.0,0.0,0.0,0.0,0.0,0.0,0.0,0.0,1.0,,0.0,1.0,1.0,0.0,0.0,1.0,,1.0,0.0,0.0,1.0,,,1.0,0.0,0.0,0.0,1.0,1.0,1.0,0.0,1.0,1.0,0.0,0.0,1.0,0.0,0.0,1.0,0.0,,0.0,1.0,0.0,0.0,0.0,0.0,0.0,0.0,0.0,,,0.0,1.0,,1.0,,0.0,1.0,0.0,1.0,1.0,0.0,1.0,1.0,1.0,1.0,,,1.0,,1.0,1.0,0.0,1.0,0.0,1.0,,1.0,1.0,1.0,1.0,1.0,0.0,0.0,1.0,1.0,1.0,1.0,0.0,1.0,0.0,0.0,0.0,0.0,0.0,0.0,0.0,1.0,0.0,0.0,0.0,0.0,0.0,0.0,0.0,0.0,1.0,1.0,1.0,1.0,0.0,1.0,0.0,0.0,0.0,0.0,1.0,1.0,0.0,1.0,1.0,0.0,1.0,0.0,0.0,,,0.0,0.0,0.0,,1.0,1.0,1.0,0.0,1.0,1.0,0.0,,0.0,1.0,0.0,,,,,1.0,1.0,1.0,1.0,0.0,0.0,0.0,0.0,0.0,,0.0,1.0,0.0,0.0,1.0,1.0,0.0,0.0,0.0,0.0,1.0,0.0,0.0,1.0,,1.0,0.0,0.0,0.0,1.0,1.0,0.0,0.0,0.0,0.0,1.0,1.0,0.0,1.0,0.0,1.0,1.0,1.0,0.0,0.0,1.0,0.0,0.0,1.0,0.0,0.0,0.0,0.0,1.0,1.0,0.0,,1.0,1.0,0.0,0.0,1.0,1.0,1.0,,0.0,1.0,1.0,0.0,0.0,0.0,0.0,0.0,0.0,1.0,1.0,0.0,1.0,1.0,1.0,0.0,0.0,0.0,,,0.0,1.0,0.0,0.0,1.0,1.0,,0.0,,,0.0,0.0,0.0,1.0,,1.0,,1.0,1.0,,1.0,0.0,0.0,1.0,,0.0,,0.0,0.0,,0.0,1.0,1.0,,1.0,,0.0,0.0,1.0,1.0,1.0,,1.0,0.0,0.0,0.0,1.0,1.0,1.0,1.0,1.0,0.0,1.0,1.0,0.0,1.0,0.0,0.0,0.0,1.0,0.0,0.0,1.0,1.0,0.0,0.0,1.0,,0.0,1.0,1.0,1.0,0.0,1.0,0.0,0.0,1.0,1.0,1.0,,,,1.0,1.0,0.0,0.0,0.0,0.0,,1.0,0.0,0.0
Alexis Fonteyne,0.0,0.0,1.0,0.0,0.0,1.0,0.0,1.0,0.0,0.0,0.0,1.0,0.0,1.0,,0.0,,0.0,0.0,0.0,1.0,1.0,0.0,0.0,,0.0,1.0,0.0,1.0,1.0,0.0,1.0,0.0,0.0,0.0,0.0,1.0,0.0,0.0,0.0,0.0,0.0,0.0,1.0,0.0,1.0,1.0,1.0,0.0,0.0,,0.0,1.0,0.0,1.0,0.0,0.0,1.0,0.0,0.0,1.0,1.0,1.0,0.0,0.0,,1.0,0.0,0.0,0.0,0.0,0.0,0.0,,0.0,1.0,1.0,0.0,1.0,0.0,1.0,,0.0,0.0,0.0,1.0,0.0,0.0,1.0,0.0,0.0,0.0,1.0,1.0,0.0,0.0,0.0,0.0,1.0,1.0,1.0,0.0,1.0,0.0,0.0,1.0,0.0,1.0,0.0,0.0,0.0,1.0,1.0,1.0,1.0,1.0,0.0,0.0,0.0,0.0,1.0,0.0,0.0,0.0,0.0,1.0,0.0,0.0,0.0,0.0,1.0,0.0,1.0,1.0,0.0,1.0,1.0,1.0,1.0,0.0,0.0,0.0,0.0,0.0,1.0,0.0,0.0,0.0,1.0,0.0,0.0,1.0,1.0,0.0,0.0,0.0,1.0,0.0,1.0,1.0,0.0,1.0,1.0,1.0,1.0,0.0,0.0,0.0,1.0,1.0,1.0,1.0,0.0,1.0,0.0,0.0,1.0,1.0,0.0,0.0,1.0,1.0,1.0,1.0,1.0,1.0,1.0,1.0,1.0,1.0,0.0,0.0,0.0,1.0,,0.0,0.0,0.0,1.0,0.0,1.0,1.0,,,0.0,0.0,0.0,0.0,1.0,0.0,0.0,1.0,1.0,0.0,0.0,0.0,0.0,0.0,0.0,1.0,0.0,1.0,1.0,0.0,1.0,1.0,1.0,1.0,1.0,0.0,0.0,0.0,0.0,1.0,1.0,1.0,0.0,1.0,0.0,0.0,1.0,0.0,0.0,0.0,0.0,1.0,0.0,0.0,0.0,0.0,0.0,,0.0,0.0,0.0,0.0,0.0,1.0,,1.0,1.0,1.0,1.0,0.0,1.0,0.0,1.0,0.0,1.0,0.0,0.0,1.0,0.0,,,1.0,0.0,0.0,1.0,0.0,1.0,1.0,1.0,1.0,0.0,0.0,0.0,0.0,1.0,1.0,1.0,0.0,0.0,0.0,0.0,0.0,,0.0,1.0,0.0,1.0,0.0,0.0,0.0,0.0,0.0,0.0,1.0,1.0,0.0,0.0,0.0,1.0,1.0,1.0,1.0,0.0,1.0,0.0,1.0,0.0,0.0,1.0,1.0,1.0,1.0,0.0,1.0,1.0,0.0,0.0,1.0,0.0,0.0,0.0,0.0,0.0,0.0,1.0,0.0,0.0,0.0,0.0,1.0,0.0,1.0,1.0,0.0,0.0,1.0,0.0,0.0,1.0,0.0,1.0,0.0,1.0,1.0,0.0,1.0,0.0,0.0,0.0,1.0,0.0,0.0,0.0,1.0,0.0,1.0,1.0,0.0,1.0,1.0,1.0,0.0,0.0,1.0,1.0,0.0,0.0,1.0,0.0,0.0,0.0,0.0,1.0,1.0,1.0,1.0,1.0,1.0,1.0,1.0,0.0,1.0,1.0,0.0,0.0,0.0,0.0,0.0,1.0,0.0,0.0,0.0,1.0,0.0,1.0,1.0,1.0,1.0,1.0,0.0,0.0,0.0,0.0,0.0,0.0,1.0,0.0,0.0,0.0,0.0,0.0,0.0,1.0,0.0,1.0,1.0,0.0,0.0,1.0,0.0,1.0,1.0,0.0,0.0,,,0.0,0.0,0.0,0.0,1.0,1.0,0.0,1.0,,1.0,0.0,0.0,0.0,0.0,1.0,1.0,1.0,1.0,0.0,,,1.0,1.0,1.0,1.0,1.0,1.0,0.0,1.0,0.0,1.0,0.0,0.0,0.0,1.0,0.0,0.0,0.0,0.0,1.0,0.0,0.0,0.0,1.0,0.0,0.0,1.0,0.0,1.0,1.0,1.0,,0.0,0.0,0.0,1.0,0.0,0.0,0.0,0.0,0.0,0.0,1.0,0.0,0.0
Alice Portugal,1.0,,1.0,1.0,1.0,1.0,1.0,1.0,1.0,,1.0,1.0,0.0,1.0,1.0,1.0,1.0,0.0,1.0,1.0,1.0,0.0,1.0,1.0,,1.0,1.0,0.0,1.0,0.0,1.0,0.0,,1.0,1.0,1.0,0.0,1.0,1.0,1.0,1.0,1.0,0.0,0.0,0.0,0.0,0.0,0.0,1.0,0.0,,1.0,0.0,1.0,1.0,0.0,0.0,1.0,0.0,1.0,1.0,1.0,0.0,,,0.0,1.0,1.0,,1.0,0.0,,0.0,1.0,0.0,1.0,1.0,1.0,0.0,1.0,1.0,1.0,1.0,0.0,1.0,0.0,1.0,1.0,1.0,1.0,1.0,1.0,0.0,1.0,1.0,1.0,1.0,1.0,0.0,0.0,0.0,1.0,0.0,1.0,1.0,1.0,0.0,0.0,1.0,1.0,1.0,0.0,0.0,0.0,0.0,0.0,1.0,0.0,1.0,0.0,0.0,1.0,1.0,0.0,1.0,0.0,0.0,1.0,1.0,1.0,0.0,1.0,1.0,1.0,1.0,0.0,0.0,0.0,1.0,0.0,0.0,0.0,1.0,1.0,1.0,1.0,0.0,1.0,0.0,,,,,,,,,,0.0,,,,,,,,1.0,0.0,1.0,1.0,1.0,0.0,,,,,,1.0,0.0,0.0,0.0,0.0,0.0,0.0,0.0,0.0,0.0,0.0,0.0,0.0,1.0,0.0,1.0,1.0,0.0,0.0,1.0,1.0,1.0,1.0,0.0,1.0,,,1.0,1.0,1.0,1.0,0.0,1.0,1.0,1.0,0.0,1.0,1.0,0.0,1.0,1.0,1.0,0.0,0.0,0.0,0.0,1.0,0.0,0.0,0.0,0.0,0.0,1.0,1.0,1.0,1.0,0.0,1.0,0.0,1.0,0.0,1.0,1.0,0.0,1.0,1.0,1.0,1.0,0.0,1.0,1.0,1.0,1.0,1.0,1.0,0.0,1.0,1.0,0.0,1.0,1.0,0.0,1.0,1.0,1.0,1.0,1.0,0.0,0.0,1.0,1.0,0.0,1.0,0.0,1.0,1.0,1.0,1.0,0.0,0.0,1.0,0.0,1.0,0.0,0.0,0.0,0.0,1.0,1.0,1.0,1.0,1.0,1.0,1.0,1.0,0.0,1.0,1.0,0.0,0.0,0.0,,1.0,0.0,1.0,1.0,,1.0,1.0,0.0,0.0,0.0,1.0,1.0,0.0,,0.0,0.0,0.0,1.0,1.0,1.0,0.0,1.0,0.0,1.0,0.0,1.0,0.0,0.0,1.0,1.0,1.0,1.0,0.0,0.0,0.0,1.0,1.0,0.0,1.0,0.0,1.0,1.0,1.0,1.0,1.0,0.0,0.0,0.0,1.0,1.0,,1.0,1.0,1.0,1.0,0.0,1.0,0.0,,1.0,0.0,1.0,,0.0,0.0,0.0,1.0,1.0,0.0,1.0,0.0,0.0,1.0,,1.0,0.0,1.0,0.0,1.0,1.0,0.0,0.0,1.0,1.0,1.0,1.0,0.0,1.0,0.0,0.0,1.0,1.0,1.0,1.0,0.0,0.0,0.0,,,,,,,1.0,1.0,,1.0,0.0,1.0,0.0,0.0,0.0,,,,,1.0,1.0,1.0,1.0,0.0,,,,,,,,,0.0,0.0,,,0.0,1.0,0.0,0.0,1.0,,,,,,,,,,,1.0,1.0,0.0,0.0,1.0,1.0,1.0,0.0,0.0,0.0,0.0,1.0,1.0,1.0,1.0,1.0,1.0,1.0,0.0,0.0,0.0,1.0,1.0,0.0,1.0,1.0,0.0,1.0,1.0,1.0,1.0,1.0,1.0,1.0,1.0,1.0,0.0,1.0,0.0,1.0,1.0,0.0,1.0,0.0,0.0,1.0,1.0,1.0,0.0,1.0,0.0,0.0,0.0,0.0,0.0,1.0,0.0,1.0
Aliel Machado,1.0,1.0,1.0,,1.0,1.0,1.0,,,1.0,,,1.0,0.0,,,,,,,1.0,0.0,1.0,1.0,,1.0,1.0,0.0,1.0,1.0,1.0,1.0,,1.0,1.0,1.0,1.0,1.0,0.0,1.0,1.0,1.0,0.0,0.0,1.0,1.0,0.0,,1.0,,0.0,,0.0,,1.0,0.0,,,0.0,,,,0.0,0.0,,0.0,0.0,0.0,0.0,0.0,,,0.0,1.0,0.0,1.0,1.0,,,1.0,1.0,1.0,1.0,0.0,1.0,0.0,1.0,,1.0,,,,,1.0,1.0,,1.0,,,,0.0,1.0,,1.0,1.0,1.0,0.0,0.0,1.0,1.0,1.0,0.0,0.0,,0.0,0.0,1.0,0.0,,,1.0,,,,1.0,0.0,0.0,,1.0,1.0,0.0,1.0,1.0,1.0,1.0,0.0,1.0,,1.0,,0.0,0.0,1.0,1.0,0.0,1.0,0.0,1.0,0.0,,,,,0.0,0.0,0.0,1.0,,0.0,0.0,0.0,,,,,,1.0,0.0,1.0,1.0,1.0,,,,,,,0.0,0.0,0.0,0.0,0.0,0.0,0.0,0.0,0.0,0.0,0.0,,0.0,,0.0,1.0,1.0,,,1.0,,1.0,0.0,,1.0,,,,1.0,1.0,1.0,0.0,1.0,1.0,1.0,0.0,,1.0,,1.0,1.0,1.0,0.0,0.0,0.0,,1.0,0.0,0.0,0.0,0.0,0.0,1.0,1.0,1.0,,,1.0,0.0,1.0,,1.0,1.0,0.0,,,1.0,1.0,0.0,1.0,1.0,,1.0,1.0,,0.0,1.0,1.0,0.0,,1.0,,1.0,,1.0,1.0,1.0,0.0,0.0,1.0,0.0,1.0,1.0,0.0,1.0,1.0,1.0,1.0,0.0,0.0,1.0,0.0,1.0,0.0,0.0,0.0,0.0,0.0,,0.0,0.0,1.0,1.0,1.0,0.0,0.0,,1.0,0.0,0.0,1.0,0.0,1.0,0.0,0.0,0.0,1.0,1.0,,,1.0,,1.0,,0.0,0.0,0.0,0.0,,1.0,1.0,1.0,0.0,1.0,1.0,,1.0,1.0,0.0,0.0,1.0,1.0,1.0,1.0,0.0,0.0,,1.0,1.0,0.0,,1.0,1.0,1.0,,1.0,1.0,0.0,0.0,0.0,1.0,1.0,0.0,1.0,1.0,1.0,1.0,,1.0,,,1.0,0.0,,,0.0,1.0,1.0,,0.0,1.0,1.0,,0.0,,,1.0,0.0,1.0,,,1.0,0.0,,1.0,,,1.0,0.0,1.0,1.0,1.0,1.0,1.0,1.0,1.0,,0.0,,,,,,,,1.0,,,,0.0,1.0,0.0,0.0,0.0,0.0,,,,,,,,0.0,,,,,,,,,0.0,,,1.0,0.0,,0.0,,,,,,,,,,,,,,,0.0,0.0,1.0,1.0,1.0,0.0,0.0,0.0,,1.0,,,,,1.0,1.0,,0.0,0.0,,,,1.0,1.0,0.0,,1.0,,1.0,,0.0,,,,0.0,,0.0,,1.0,,,,,1.0,,,,1.0,0.0,,0.0,,0.0,1.0,,1.0
Aline Gurgel,0.0,,1.0,0.0,1.0,1.0,1.0,1.0,,1.0,,1.0,1.0,0.0,1.0,1.0,0.0,1.0,,,1.0,0.0,,1.0,,,,,,,0.0,0.0,0.0,0.0,0.0,0.0,1.0,1.0,0.0,1.0,0.0,,,,0.0,1.0,,,1.0,0.0,0.0,1.0,0.0,,,0.0,0.0,1.0,,1.0,1.0,1.0,1.0,,0.0,,0.0,1.0,0.0,0.0,0.0,0.0,0.0,1.0,0.0,1.0,1.0,,1.0,1.0,1.0,1.0,1.0,0.0,1.0,0.0,1.0,1.0,1.0,1.0,,1.0,,,1.0,,1.0,1.0,0.0,,,0.0,1.0,0.0,0.0,0.0,0.0,1.0,1.0,0.0,1.0,1.0,1.0,1.0,1.0,1.0,,0.0,0.0,0.0,1.0,0.0,0.0,0.0,,1.0,,,0.0,,1.0,0.0,0.0,1.0,0.0,1.0,1.0,1.0,1.0,0.0,0.0,0.0,1.0,0.0,0.0,1.0,0.0,1.0,1.0,,,,1.0,,0.0,0.0,,0.0,1.0,1.0,,0.0,1.0,0.0,,0.0,0.0,0.0,1.0,1.0,1.0,0.0,0.0,1.0,,0.0,1.0,1.0,1.0,1.0,1.0,0.0,0.0,1.0,1.0,1.0,1.0,1.0,1.0,,0.0,0.0,0.0,0.0,0.0,,0.0,0.0,1.0,1.0,0.0,1.0,0.0,0.0,0.0,0.0,0.0,0.0,1.0,0.0,0.0,0.0,1.0,1.0,0.0,,1.0,0.0,0.0,1.0,1.0,1.0,,0.0,1.0,,,1.0,1.0,,,0.0,,,,1.0,0.0,1.0,0.0,0.0,1.0,0.0,0.0,1.0,1.0,1.0,0.0,0.0,,1.0,1.0,1.0,1.0,,0.0,1.0,0.0,,,1.0,1.0,1.0,1.0,1.0,1.0,1.0,1.0,1.0,1.0,0.0,1.0,0.0,0.0,,0.0,1.0,0.0,,1.0,0.0,1.0,1.0,1.0,1.0,0.0,0.0,0.0,,,1.0,1.0,0.0,0.0,0.0,1.0,,1.0,,,0.0,1.0,,,,1.0,0.0,,,0.0,0.0,0.0,0.0,,1.0,1.0,1.0,0.0,1.0,0.0,1.0,0.0,1.0,1.0,,1.0,1.0,,,1.0,1.0,1.0,1.0,,,0.0,0.0,1.0,,0.0,0.0,0.0,1.0,1.0,1.0,1.0,1.0,0.0,1.0,1.0,,0.0,1.0,1.0,1.0,1.0,,0.0,,0.0,,0.0,,0.0,1.0,0.0,,1.0,1.0,0.0,1.0,1.0,0.0,,1.0,1.0,0.0,1.0,0.0,0.0,,0.0,0.0,0.0,0.0,0.0,0.0,1.0,0.0,0.0,1.0,1.0,1.0,,0.0,1.0,,1.0,0.0,0.0,0.0,0.0,,,,0.0,0.0,1.0,0.0,1.0,1.0,1.0,0.0,0.0,0.0,1.0,0.0,0.0,0.0,0.0,1.0,0.0,0.0,0.0,0.0,0.0,0.0,1.0,0.0,1.0,1.0,0.0,0.0,1.0,,1.0,1.0,0.0,,,,0.0,0.0,0.0,0.0,1.0,1.0,0.0,1.0,0.0,1.0,,1.0,1.0,1.0,0.0,1.0,,0.0,0.0,1.0,0.0,0.0,0.0,0.0,0.0,1.0,,,0.0,0.0,0.0,0.0,1.0,1.0,0.0,1.0,1.0,0.0,0.0,1.0,0.0,0.0,0.0,,1.0,0.0,1.0,0.0,0.0,1.0,1.0,1.0,1.0,0.0,0.0,,0.0,,,,,,,,0.0
Aline Sleutjes,0.0,1.0,1.0,,1.0,1.0,0.0,1.0,0.0,1.0,0.0,1.0,0.0,0.0,0.0,1.0,1.0,0.0,1.0,0.0,1.0,0.0,0.0,0.0,0.0,0.0,0.0,0.0,1.0,1.0,,,,,,,,,,,,1.0,0.0,,,1.0,0.0,1.0,1.0,0.0,0.0,1.0,1.0,0.0,0.0,1.0,1.0,1.0,,1.0,1.0,1.0,,0.0,0.0,1.0,0.0,,0.0,0.0,0.0,0.0,0.0,1.0,0.0,1.0,,,,1.0,1.0,1.0,1.0,0.0,0.0,1.0,0.0,0.0,1.0,1.0,1.0,1.0,1.0,0.0,0.0,0.0,1.0,1.0,0.0,0.0,0.0,0.0,1.0,0.0,0.0,0.0,0.0,0.0,0.0,0.0,0.0,1.0,1.0,1.0,1.0,1.0,0.0,0.0,0.0,0.0,1.0,0.0,0.0,0.0,0.0,1.0,1.0,0.0,0.0,0.0,1.0,0.0,0.0,0.0,0.0,1.0,1.0,1.0,0.0,0.0,0.0,0.0,1.0,0.0,1.0,1.0,0.0,1.0,1.0,0.0,0.0,1.0,1.0,0.0,,0.0,1.0,0.0,1.0,1.0,0.0,0.0,1.0,0.0,1.0,0.0,0.0,0.0,1.0,1.0,1.0,0.0,0.0,1.0,0.0,0.0,1.0,1.0,1.0,1.0,1.0,1.0,1.0,1.0,1.0,1.0,1.0,1.0,1.0,1.0,0.0,1.0,0.0,1.0,0.0,,0.0,0.0,1.0,0.0,0.0,1.0,0.0,0.0,0.0,0.0,0.0,0.0,,,0.0,,1.0,1.0,0.0,0.0,1.0,0.0,0.0,1.0,1.0,1.0,1.0,0.0,1.0,1.0,1.0,1.0,1.0,0.0,0.0,0.0,0.0,1.0,1.0,1.0,0.0,1.0,0.0,0.0,1.0,0.0,0.0,0.0,1.0,1.0,0.0,0.0,0.0,1.0,1.0,1.0,1.0,0.0,0.0,0.0,0.0,0.0,0.0,1.0,1.0,1.0,1.0,1.0,1.0,1.0,1.0,0.0,1.0,0.0,1.0,0.0,0.0,0.0,0.0,1.0,0.0,0.0,1.0,0.0,1.0,1.0,1.0,1.0,0.0,0.0,0.0,0.0,,1.0,1.0,0.0,0.0,0.0,1.0,1.0,1.0,0.0,1.0,0.0,1.0,0.0,0.0,0.0,1.0,0.0,0.0,1.0,,0.0,0.0,0.0,1.0,1.0,1.0,1.0,0.0,1.0,0.0,1.0,0.0,1.0,1.0,0.0,1.0,1.0,1.0,1.0,1.0,1.0,1.0,1.0,0.0,0.0,0.0,0.0,1.0,0.0,0.0,0.0,0.0,0.0,1.0,1.0,0.0,1.0,1.0,0.0,0.0,0.0,0.0,1.0,1.0,0.0,1.0,0.0,0.0,1.0,0.0,1.0,0.0,0.0,0.0,1.0,0.0,0.0,1.0,1.0,0.0,1.0,1.0,0.0,0.0,1.0,1.0,0.0,1.0,0.0,0.0,0.0,0.0,0.0,0.0,0.0,0.0,0.0,0.0,0.0,0.0,1.0,0.0,0.0,1.0,0.0,1.0,1.0,1.0,0.0,0.0,0.0,0.0,0.0,1.0,0.0,0.0,0.0,1.0,0.0,1.0,1.0,1.0,1.0,1.0,0.0,1.0,0.0,0.0,0.0,0.0,1.0,0.0,0.0,0.0,0.0,0.0,0.0,1.0,0.0,1.0,1.0,0.0,0.0,1.0,0.0,1.0,1.0,0.0,0.0,0.0,,0.0,0.0,0.0,0.0,1.0,1.0,0.0,1.0,0.0,1.0,0.0,0.0,1.0,0.0,1.0,1.0,1.0,1.0,0.0,1.0,0.0,0.0,0.0,0.0,0.0,1.0,1.0,,0.0,0.0,0.0,0.0,0.0,1.0,0.0,1.0,0.0,0.0,0.0,1.0,,0.0,0.0,1.0,1.0,0.0,1.0,1.0,0.0,1.0,1.0,1.0,1.0,0.0,0.0,1.0,0.0,0.0,0.0,0.0,0.0,0.0,1.0,0.0,0.0
Altineu Côrtes,,,,,,,,,,1.0,,1.0,0.0,1.0,,,,,0.0,,1.0,0.0,,1.0,0.0,,,,0.0,1.0,0.0,1.0,,0.0,0.0,0.0,1.0,1.0,0.0,0.0,0.0,,,1.0,0.0,1.0,,,,,,,0.0,,1.0,0.0,0.0,,,1.0,1.0,1.0,,,,1.0,1.0,1.0,0.0,0.0,0.0,,,1.0,,1.0,1.0,0.0,1.0,1.0,1.0,1.0,1.0,0.0,0.0,1.0,1.0,1.0,1.0,,,1.0,,0.0,0.0,,,1.0,,,,0.0,1.0,0.0,0.0,0.0,0.0,1.0,0.0,0.0,0.0,,1.0,1.0,1.0,1.0,0.0,0.0,,,1.0,0.0,,0.0,,,,,,,,,,,,,,,,,,,,,0.0,1.0,0.0,1.0,,,,,,,,,,,,,,,,,,,0.0,0.0,,1.0,,,,,,,,,,,,,,,,,,,,,,,,,,,,,,,,,0.0,0.0,,,,,,,,,,,,,,,,,,,,,,,,,,,,,,,,,,,,,,,0.0,,,,,,,,,,,,,,,,,,,,,,,,,,,,,,,,,,,,,,,,,,,,,,,,,,,,,,,,,,,,,,1.0,,,1.0,,0.0,0.0,0.0,,1.0,1.0,1.0,,,,,,,,,,,,,,,,,,,,,,,,,,,,,,,,,,,,,,,,,,,,,0.0,0.0,0.0,1.0,0.0,0.0,0.0,1.0,0.0,1.0,1.0,0.0,,,,,1.0,,,,,,,,,,,,,,,,,,,1.0,,,,,,,,,,,,0.0,1.0,1.0,1.0,1.0,1.0,0.0,,1.0,0.0,,,,,,,,0.0,,,,,,,,,,0.0,,0.0,0.0,0.0,,,,,,,,,,,,0.0,0.0,1.0,,,,,1.0,0.0,1.0,1.0,0.0,0.0,0.0,0.0,1.0,,,,,,0.0,0.0,1.0,,,0.0,0.0,,,,0.0,0.0,1.0,1.0,,1.0,1.0,0.0,1.0,,1.0,1.0,,,,,,,,,,,,
Aluisio Mendes,0.0,0.0,1.0,0.0,1.0,1.0,0.0,1.0,0.0,1.0,0.0,,1.0,1.0,0.0,1.0,0.0,1.0,0.0,1.0,0.0,,1.0,1.0,,,,0.0,,1.0,0.0,1.0,,,,,,1.0,0.0,0.0,0.0,0.0,0.0,,0.0,1.0,0.0,1.0,1.0,0.0,,1.0,0.0,0.0,1.0,,0.0,,,1.0,1.0,1.0,,0.0,,1.0,0.0,0.0,0.0,0.0,0.0,0.0,,1.0,,1.0,1.0,,,1.0,1.0,1.0,,,1.0,1.0,1.0,1.0,,,1.0,1.0,1.0,0.0,0.0,1.0,1.0,1.0,0.0,,,0.0,,1.0,1.0,0.0,0.0,0.0,1.0,1.0,1.0,0.0,0.0,1.0,1.0,1.0,0.0,0.0,,,,,,0.0,0.0,1.0,0.0,,0.0,0.0,1.0,0.0,,,,1.0,1.0,1.0,1.0,0.0,0.0,0.0,1.0,0.0,1.0,1.0,0.0,1.0,,0.0,0.0,1.0,1.0,,,,,,,,0.0,0.0,,0.0,1.0,,0.0,0.0,,1.0,,0.0,0.0,1.0,0.0,0.0,1.0,1.0,1.0,1.0,1.0,1.0,0.0,1.0,1.0,1.0,0.0,,,1.0,0.0,1.0,0.0,1.0,0.0,0.0,0.0,0.0,1.0,,0.0,1.0,,,0.0,0.0,0.0,0.0,,0.0,0.0,0.0,1.0,1.0,0.0,0.0,,0.0,0.0,1.0,1.0,1.0,1.0,0.0,1.0,,1.0,1.0,1.0,0.0,0.0,0.0,0.0,1.0,1.0,1.0,0.0,1.0,0.0,0.0,1.0,,0.0,0.0,1.0,,0.0,,0.0,,1.0,,1.0,0.0,0.0,1.0,0.0,,,,,,,,1.0,1.0,,0.0,1.0,0.0,1.0,0.0,0.0,0.0,0.0,1.0,,0.0,1.0,0.0,1.0,1.0,1.0,1.0,0.0,0.0,0.0,0.0,1.0,1.0,1.0,0.0,,0.0,1.0,1.0,1.0,0.0,1.0,0.0,1.0,0.0,0.0,0.0,1.0,0.0,,1.0,0.0,0.0,0.0,0.0,1.0,1.0,1.0,1.0,0.0,1.0,,1.0,0.0,1.0,1.0,0.0,1.0,1.0,1.0,1.0,1.0,1.0,1.0,1.0,0.0,0.0,0.0,0.0,1.0,0.0,0.0,0.0,0.0,0.0,1.0,1.0,1.0,1.0,1.0,0.0,0.0,0.0,0.0,1.0,1.0,,1.0,0.0,0.0,,,1.0,0.0,0.0,0.0,1.0,0.0,0.0,1.0,1.0,0.0,1.0,1.0,,0.0,1.0,1.0,0.0,1.0,0.0,0.0,0.0,0.0,0.0,,0.0,0.0,0.0,0.0,0.0,0.0,,1.0,0.0,,,1.0,1.0,1.0,0.0,0.0,0.0,0.0,0.0,,0.0,0.0,0.0,1.0,0.0,1.0,1.0,1.0,1.0,1.0,,1.0,,,,0.0,1.0,,0.0,,,0.0,0.0,1.0,0.0,1.0,1.0,0.0,0.0,1.0,0.0,1.0,1.0,0.0,0.0,0.0,0.0,0.0,0.0,,,,,,1.0,0.0,1.0,0.0,0.0,1.0,1.0,1.0,1.0,1.0,1.0,0.0,,0.0,0.0,0.0,0.0,0.0,1.0,,1.0,0.0,0.0,0.0,0.0,0.0,1.0,0.0,,0.0,,0.0,1.0,0.0,,,,1.0,0.0,1.0,0.0,0.0,1.0,,,1.0,,0.0,1.0,0.0,,,,,,,,0.0
Alê Silva,0.0,0.0,1.0,0.0,1.0,1.0,0.0,1.0,0.0,1.0,,,1.0,0.0,1.0,1.0,1.0,0.0,1.0,0.0,,0.0,,0.0,0.0,0.0,0.0,0.0,1.0,1.0,0.0,1.0,0.0,0.0,0.0,0.0,1.0,0.0,,0.0,0.0,0.0,0.0,1.0,0.0,1.0,0.0,1.0,,,,,1.0,0.0,,1.0,1.0,1.0,0.0,0.0,1.0,1.0,1.0,0.0,,1.0,0.0,0.0,0.0,0.0,0.0,,0.0,1.0,0.0,1.0,1.0,,,1.0,1.0,1.0,1.0,0.0,0.0,1.0,0.0,0.0,1.0,1.0,1.0,1.0,1.0,0.0,0.0,1.0,1.0,1.0,0.0,0.0,0.0,0.0,1.0,0.0,0.0,0.0,0.0,1.0,1.0,0.0,1.0,1.0,1.0,1.0,1.0,1.0,0.0,0.0,0.0,,1.0,0.0,0.0,0.0,0.0,1.0,1.0,,0.0,0.0,1.0,0.0,0.0,0.0,0.0,1.0,1.0,1.0,0.0,0.0,0.0,0.0,1.0,0.0,1.0,1.0,0.0,1.0,1.0,0.0,0.0,1.0,1.0,0.0,0.0,0.0,1.0,0.0,1.0,1.0,0.0,1.0,1.0,1.0,1.0,0.0,0.0,,1.0,,1.0,0.0,0.0,1.0,0.0,0.0,1.0,1.0,1.0,1.0,1.0,1.0,1.0,1.0,1.0,1.0,1.0,1.0,1.0,1.0,0.0,1.0,0.0,1.0,0.0,0.0,0.0,0.0,,,0.0,1.0,0.0,0.0,0.0,0.0,0.0,0.0,1.0,0.0,0.0,0.0,,1.0,0.0,0.0,1.0,0.0,,1.0,1.0,1.0,1.0,0.0,1.0,1.0,1.0,1.0,1.0,0.0,,0.0,0.0,1.0,1.0,1.0,0.0,1.0,0.0,0.0,1.0,0.0,0.0,0.0,1.0,1.0,0.0,0.0,0.0,0.0,1.0,1.0,1.0,0.0,0.0,0.0,0.0,0.0,,1.0,1.0,1.0,1.0,0.0,1.0,1.0,1.0,0.0,1.0,0.0,1.0,0.0,0.0,0.0,0.0,1.0,0.0,0.0,1.0,0.0,1.0,1.0,1.0,1.0,,,0.0,0.0,1.0,1.0,1.0,0.0,0.0,0.0,1.0,1.0,1.0,0.0,1.0,0.0,1.0,0.0,0.0,0.0,1.0,0.0,0.0,1.0,0.0,0.0,0.0,0.0,1.0,1.0,1.0,1.0,0.0,1.0,1.0,1.0,0.0,1.0,1.0,0.0,1.0,1.0,1.0,1.0,1.0,1.0,1.0,1.0,0.0,0.0,,0.0,1.0,0.0,0.0,0.0,0.0,0.0,1.0,1.0,1.0,1.0,1.0,0.0,0.0,0.0,0.0,1.0,1.0,0.0,1.0,0.0,0.0,1.0,0.0,1.0,0.0,0.0,0.0,1.0,0.0,0.0,1.0,1.0,0.0,1.0,1.0,0.0,0.0,1.0,1.0,0.0,,0.0,0.0,0.0,0.0,0.0,0.0,0.0,0.0,1.0,0.0,0.0,0.0,1.0,1.0,0.0,1.0,0.0,1.0,1.0,1.0,0.0,0.0,0.0,0.0,0.0,1.0,0.0,0.0,0.0,1.0,0.0,1.0,1.0,1.0,1.0,1.0,0.0,1.0,0.0,0.0,0.0,0.0,1.0,0.0,0.0,0.0,0.0,0.0,0.0,1.0,0.0,1.0,1.0,0.0,0.0,1.0,0.0,1.0,1.0,0.0,0.0,0.0,0.0,0.0,0.0,0.0,0.0,1.0,1.0,0.0,1.0,0.0,1.0,0.0,0.0,1.0,0.0,1.0,1.0,1.0,1.0,0.0,1.0,0.0,0.0,0.0,0.0,0.0,1.0,1.0,1.0,0.0,0.0,,0.0,0.0,1.0,0.0,1.0,0.0,0.0,0.0,1.0,,0.0,0.0,1.0,1.0,0.0,1.0,0.0,0.0,1.0,1.0,1.0,1.0,0.0,0.0,1.0,0.0,0.0,0.0,,0.0,0.0,1.0,0.0,0.0
Amaro Neto,,,1.0,0.0,1.0,1.0,1.0,1.0,0.0,1.0,0.0,1.0,1.0,0.0,1.0,1.0,1.0,0.0,1.0,0.0,0.0,0.0,1.0,1.0,0.0,1.0,0.0,0.0,1.0,1.0,0.0,0.0,0.0,0.0,0.0,0.0,1.0,0.0,0.0,0.0,0.0,1.0,0.0,1.0,0.0,1.0,0.0,1.0,1.0,0.0,0.0,1.0,0.0,1.0,1.0,0.0,0.0,1.0,,1.0,1.0,,1.0,0.0,0.0,1.0,1.0,1.0,0.0,0.0,0.0,0.0,0.0,1.0,0.0,1.0,1.0,0.0,1.0,1.0,1.0,1.0,1.0,0.0,1.0,0.0,1.0,1.0,1.0,1.0,1.0,1.0,1.0,0.0,0.0,1.0,1.0,1.0,0.0,,,0.0,1.0,0.0,0.0,0.0,0.0,1.0,1.0,0.0,1.0,1.0,1.0,1.0,1.0,1.0,0.0,0.0,,0.0,1.0,,0.0,0.0,0.0,1.0,1.0,0.0,0.0,0.0,1.0,0.0,0.0,1.0,0.0,1.0,1.0,1.0,1.0,0.0,0.0,0.0,1.0,0.0,0.0,1.0,0.0,1.0,1.0,0.0,0.0,1.0,1.0,0.0,0.0,0.0,1.0,0.0,1.0,1.0,0.0,0.0,1.0,0.0,1.0,0.0,0.0,0.0,1.0,1.0,1.0,0.0,0.0,1.0,0.0,0.0,1.0,1.0,1.0,1.0,1.0,0.0,0.0,0.0,1.0,1.0,1.0,1.0,1.0,1.0,0.0,0.0,0.0,0.0,0.0,0.0,0.0,0.0,1.0,1.0,0.0,1.0,0.0,0.0,0.0,0.0,0.0,0.0,1.0,0.0,0.0,0.0,1.0,1.0,0.0,0.0,1.0,0.0,0.0,1.0,1.0,1.0,1.0,0.0,1.0,1.0,1.0,1.0,1.0,0.0,0.0,0.0,0.0,1.0,1.0,1.0,0.0,1.0,0.0,0.0,1.0,0.0,0.0,1.0,1.0,1.0,0.0,0.0,0.0,1.0,1.0,1.0,1.0,0.0,0.0,1.0,0.0,1.0,0.0,1.0,1.0,1.0,1.0,1.0,1.0,1.0,1.0,,1.0,0.0,1.0,0.0,0.0,0.0,0.0,1.0,0.0,0.0,1.0,0.0,1.0,1.0,1.0,1.0,0.0,,0.0,0.0,1.0,1.0,1.0,0.0,,0.0,1.0,1.0,1.0,0.0,1.0,0.0,1.0,0.0,0.0,0.0,1.0,0.0,,1.0,0.0,0.0,0.0,0.0,1.0,1.0,1.0,1.0,,1.0,0.0,1.0,0.0,1.0,1.0,0.0,1.0,1.0,1.0,1.0,1.0,1.0,1.0,1.0,0.0,0.0,0.0,0.0,1.0,0.0,0.0,0.0,0.0,0.0,,1.0,1.0,1.0,1.0,1.0,0.0,0.0,0.0,1.0,1.0,1.0,1.0,0.0,0.0,1.0,0.0,0.0,0.0,,,1.0,,,,,0.0,1.0,1.0,0.0,0.0,1.0,1.0,0.0,1.0,0.0,0.0,1.0,0.0,0.0,0.0,0.0,0.0,0.0,1.0,0.0,0.0,1.0,1.0,1.0,,0.0,1.0,1.0,1.0,0.0,0.0,0.0,0.0,0.0,1.0,0.0,0.0,0.0,1.0,0.0,,,1.0,,,,,0.0,0.0,0.0,0.0,1.0,0.0,0.0,,,,,,,,,,,,0.0,1.0,1.0,0.0,0.0,0.0,0.0,0.0,0.0,0.0,0.0,1.0,1.0,,1.0,,0.0,0.0,1.0,1.0,0.0,,1.0,1.0,0.0,0.0,1.0,0.0,0.0,0.0,,0.0,1.0,,1.0,0.0,0.0,0.0,0.0,1.0,1.0,0.0,1.0,1.0,0.0,0.0,,,0.0,0.0,1.0,,0.0,1.0,0.0,0.0,1.0,,1.0,1.0,0.0,0.0,1.0,0.0,,,,,,,,0.0
André Abdon,,,1.0,0.0,,1.0,1.0,1.0,0.0,1.0,0.0,1.0,,1.0,0.0,,,,0.0,0.0,,,,1.0,0.0,,0.0,1.0,,,,1.0,,0.0,0.0,0.0,1.0,,0.0,,0.0,0.0,0.0,1.0,0.0,1.0,,1.0,,,,,0.0,1.0,1.0,0.0,,1.0,0.0,1.0,1.0,,1.0,,,1.0,1.0,1.0,0.0,0.0,0.0,0.0,0.0,1.0,0.0,1.0,1.0,0.0,1.0,1.0,1.0,1.0,1.0,0.0,0.0,1.0,1.0,1.0,1.0,1.0,1.0,1.0,,0.0,1.0,1.0,1.0,1.0,,,,0.0,1.0,1.0,1.0,1.0,0.0,0.0,1.0,1.0,1.0,0.0,0.0,1.0,1.0,1.0,0.0,,,,,,,0.0,0.0,1.0,1.0,0.0,0.0,,1.0,0.0,0.0,0.0,,1.0,1.0,1.0,1.0,1.0,1.0,1.0,1.0,0.0,0.0,1.0,0.0,1.0,1.0,,,1.0,1.0,0.0,,0.0,1.0,,1.0,1.0,,1.0,1.0,0.0,1.0,0.0,0.0,,1.0,1.0,1.0,0.0,0.0,,,0.0,1.0,1.0,1.0,1.0,1.0,1.0,,1.0,1.0,,1.0,,1.0,1.0,0.0,,0.0,,,,,,1.0,1.0,0.0,1.0,0.0,,0.0,0.0,,,1.0,0.0,,0.0,1.0,1.0,0.0,0.0,,0.0,,1.0,,1.0,,0.0,1.0,,1.0,,,,0.0,,0.0,,1.0,,,,0.0,,1.0,0.0,,,,1.0,0.0,,0.0,1.0,,1.0,1.0,,0.0,1.0,0.0,,,1.0,1.0,,1.0,1.0,1.0,1.0,1.0,1.0,1.0,0.0,,,0.0,,0.0,,,0.0,1.0,0.0,1.0,1.0,1.0,,,0.0,0.0,0.0,1.0,1.0,1.0,0.0,0.0,0.0,1.0,1.0,1.0,0.0,,0.0,1.0,,1.0,0.0,1.0,0.0,0.0,1.0,0.0,0.0,0.0,0.0,1.0,1.0,,1.0,,1.0,0.0,,0.0,1.0,1.0,,1.0,1.0,1.0,,1.0,1.0,1.0,1.0,,,0.0,0.0,,0.0,0.0,,0.0,,,1.0,1.0,1.0,,,0.0,0.0,0.0,1.0,1.0,0.0,,0.0,,,0.0,1.0,0.0,,0.0,1.0,0.0,0.0,1.0,1.0,0.0,1.0,1.0,0.0,0.0,1.0,1.0,0.0,1.0,0.0,0.0,1.0,,0.0,0.0,,,0.0,1.0,,,1.0,,1.0,,0.0,1.0,1.0,1.0,0.0,0.0,0.0,0.0,,1.0,0.0,0.0,0.0,1.0,0.0,1.0,1.0,1.0,,,0.0,,0.0,0.0,0.0,0.0,1.0,0.0,,,0.0,,,1.0,,1.0,,0.0,0.0,1.0,0.0,,1.0,0.0,0.0,,,0.0,,0.0,0.0,1.0,,0.0,1.0,,1.0,0.0,0.0,1.0,1.0,1.0,1.0,1.0,,,,0.0,0.0,0.0,0.0,0.0,1.0,1.0,1.0,0.0,0.0,,0.0,0.0,1.0,,1.0,,0.0,0.0,1.0,0.0,0.0,,1.0,1.0,0.0,,,0.0,1.0,1.0,1.0,1.0,,0.0,1.0,0.0,,,,,,,,0.0
André Ferreira,,,1.0,0.0,,1.0,1.0,,,,,1.0,1.0,0.0,0.0,,0.0,1.0,,0.0,,,1.0,1.0,,0.0,1.0,,,1.0,0.0,1.0,,,0.0,0.0,,,0.0,0.0,0.0,,,1.0,0.0,1.0,0.0,1.0,1.0,0.0,0.0,1.0,0.0,,0.0,1.0,,,,1.0,,,,0.0,,,,,,,,,,1.0,0.0,,,,,1.0,,,,,0.0,1.0,,1.0,1.0,1.0,1.0,1.0,1.0,0.0,0.0,1.0,1.0,1.0,0.0,,,0.0,1.0,0.0,0.0,0.0,,1.0,1.0,0.0,0.0,,1.0,,1.0,,,,0.0,0.0,1.0,,,,,1.0,0.0,0.0,0.0,,,0.0,0.0,0.0,0.0,1.0,1.0,,1.0,,,0.0,1.0,,,,0.0,1.0,1.0,,0.0,,1.0,,,,,,,,,,,,,0.0,,,1.0,1.0,1.0,,,,,,1.0,1.0,,,,,,,,,,,,1.0,0.0,1.0,0.0,1.0,0.0,0.0,0.0,0.0,1.0,0.0,0.0,1.0,0.0,,,,,,1.0,,0.0,,1.0,,,0.0,1.0,0.0,0.0,1.0,1.0,1.0,1.0,0.0,1.0,1.0,,1.0,1.0,0.0,,,,,1.0,1.0,0.0,1.0,0.0,,,,0.0,,1.0,1.0,0.0,,0.0,,,,1.0,0.0,0.0,,0.0,1.0,,1.0,1.0,1.0,1.0,1.0,1.0,,1.0,,1.0,0.0,1.0,0.0,,0.0,0.0,,0.0,0.0,,,,1.0,1.0,1.0,0.0,,,,1.0,1.0,1.0,,,,1.0,,1.0,,,,1.0,0.0,1.0,0.0,,0.0,,1.0,0.0,0.0,,,,,,,0.0,,0.0,1.0,,1.0,1.0,0.0,1.0,,1.0,1.0,1.0,1.0,1.0,,0.0,,0.0,,,,0.0,0.0,,0.0,,,1.0,,,0.0,0.0,,0.0,1.0,1.0,,,0.0,0.0,,0.0,1.0,0.0,,,1.0,,,,,,,1.0,,,1.0,1.0,0.0,,,,1.0,0.0,0.0,0.0,0.0,,0.0,0.0,0.0,0.0,,1.0,0.0,,,1.0,1.0,1.0,0.0,0.0,0.0,0.0,,,0.0,,,,,,,,,,,,,,0.0,,,,0.0,,,0.0,0.0,,,,,,,,,,1.0,0.0,0.0,,,,0.0,,,,1.0,,,,1.0,,0.0,1.0,0.0,1.0,,1.0,,0.0,,0.0,,,0.0,,,,,,,,0.0,0.0,,,,,0.0,0.0,,,0.0,0.0,,,0.0,,0.0,0.0,1.0,1.0,,1.0,,,,0.0,,,,0.0,0.0,,,0.0
André Figueiredo,1.0,1.0,1.0,1.0,1.0,1.0,1.0,1.0,1.0,1.0,1.0,1.0,0.0,1.0,1.0,1.0,0.0,1.0,0.0,0.0,1.0,0.0,,1.0,,1.0,1.0,0.0,1.0,0.0,0.0,,0.0,,0.0,0.0,0.0,1.0,0.0,,,1.0,0.0,0.0,0.0,1.0,,,,0.0,,1.0,0.0,1.0,1.0,0.0,,1.0,0.0,1.0,1.0,1.0,,0.0,,0.0,1.0,,0.0,0.0,0.0,,0.0,1.0,0.0,1.0,1.0,,,1.0,,1.0,1.0,0.0,1.0,0.0,1.0,1.0,1.0,1.0,1.0,1.0,0.0,1.0,1.0,1.0,1.0,1.0,0.0,0.0,0.0,1.0,0.0,1.0,1.0,1.0,0.0,0.0,1.0,1.0,1.0,0.0,0.0,0.0,0.0,0.0,1.0,1.0,,0.0,1.0,1.0,1.0,0.0,1.0,0.0,1.0,1.0,1.0,,0.0,1.0,1.0,1.0,0.0,0.0,0.0,,1.0,0.0,0.0,0.0,,0.0,,1.0,0.0,1.0,0.0,0.0,0.0,1.0,1.0,0.0,0.0,0.0,1.0,0.0,0.0,1.0,,,,,,0.0,1.0,0.0,1.0,1.0,,0.0,1.0,,,,,,0.0,0.0,0.0,0.0,0.0,0.0,0.0,0.0,0.0,0.0,0.0,0.0,1.0,0.0,1.0,1.0,0.0,0.0,1.0,1.0,,1.0,0.0,1.0,,,1.0,0.0,1.0,1.0,0.0,1.0,1.0,1.0,0.0,1.0,1.0,0.0,0.0,1.0,1.0,1.0,0.0,0.0,0.0,1.0,0.0,0.0,0.0,0.0,0.0,1.0,1.0,1.0,,0.0,1.0,0.0,1.0,0.0,1.0,1.0,0.0,1.0,1.0,1.0,0.0,0.0,1.0,1.0,1.0,1.0,1.0,1.0,0.0,1.0,1.0,0.0,1.0,1.0,0.0,1.0,1.0,1.0,1.0,1.0,0.0,0.0,1.0,0.0,1.0,1.0,0.0,1.0,1.0,0.0,0.0,,1.0,1.0,0.0,1.0,0.0,0.0,0.0,0.0,0.0,1.0,1.0,1.0,0.0,0.0,1.0,1.0,0.0,1.0,0.0,0.0,0.0,0.0,0.0,1.0,0.0,1.0,1.0,1.0,1.0,0.0,0.0,1.0,0.0,0.0,0.0,0.0,1.0,1.0,1.0,1.0,0.0,1.0,1.0,0.0,1.0,1.0,1.0,1.0,1.0,0.0,1.0,1.0,1.0,1.0,1.0,0.0,1.0,0.0,0.0,0.0,1.0,1.0,0.0,1.0,1.0,1.0,1.0,1.0,0.0,0.0,0.0,1.0,1.0,0.0,1.0,1.0,,1.0,0.0,1.0,0.0,1.0,1.0,0.0,1.0,0.0,0.0,1.0,0.0,0.0,0.0,1.0,0.0,1.0,,,0.0,1.0,0.0,1.0,1.0,1.0,1.0,0.0,0.0,1.0,1.0,1.0,1.0,0.0,1.0,0.0,0.0,1.0,1.0,1.0,1.0,0.0,1.0,0.0,1.0,,,,,,1.0,1.0,,1.0,0.0,1.0,0.0,0.0,0.0,0.0,1.0,,,1.0,1.0,1.0,1.0,0.0,,,,,,,,,0.0,0.0,1.0,1.0,0.0,,0.0,0.0,1.0,,,,,,,,,,,1.0,1.0,,,,1.0,1.0,0.0,0.0,0.0,0.0,,1.0,1.0,1.0,1.0,1.0,1.0,0.0,0.0,0.0,1.0,1.0,0.0,,1.0,0.0,,1.0,1.0,1.0,1.0,1.0,1.0,1.0,1.0,0.0,1.0,,,1.0,,1.0,0.0,0.0,1.0,1.0,1.0,0.0,1.0,0.0,0.0,0.0,0.0,0.0,1.0,0.0,
André Fufuca,,,1.0,0.0,,1.0,1.0,,,,,1.0,0.0,1.0,0.0,1.0,0.0,1.0,0.0,0.0,1.0,,0.0,,,,,,,,,1.0,,,,,,,,,,,,,,,,1.0,1.0,,,,0.0,,1.0,0.0,0.0,,,,1.0,1.0,,,,1.0,1.0,1.0,,,,,,1.0,0.0,,,,,1.0,1.0,,,,,,,,1.0,1.0,1.0,1.0,,,0.0,1.0,1.0,1.0,0.0,,,,,1.0,1.0,1.0,0.0,0.0,1.0,1.0,1.0,0.0,0.0,,1.0,,0.0,0.0,0.0,,,,,,0.0,,,,0.0,,,,0.0,,0.0,1.0,,,1.0,,,,1.0,,1.0,,,,1.0,0.0,,,,0.0,,,,,,,0.0,,,,,,0.0,,1.0,,,0.0,0.0,1.0,,0.0,,,1.0,1.0,1.0,,,,1.0,,,,,1.0,,,,1.0,,,0.0,,1.0,1.0,,1.0,,0.0,,0.0,,,,,,,1.0,1.0,,,1.0,,,,,1.0,,,,,,,1.0,,,,,1.0,,1.0,,1.0,0.0,0.0,,,0.0,,1.0,,,,,1.0,,1.0,,,,,,,0.0,1.0,1.0,1.0,1.0,1.0,1.0,,1.0,,1.0,0.0,,0.0,0.0,,,,,0.0,,,,,,,,,,,,,1.0,0.0,,,1.0,,,,,,1.0,1.0,1.0,,,,,,,0.0,,,,,,,,,,,0.0,1.0,1.0,0.0,,1.0,,,,,1.0,1.0,,0.0,,,1.0,,,,,,,,,,,,,,,,,0.0,,,,,0.0,1.0,0.0,,,,,,,1.0,0.0,,,,,,,,1.0,0.0,,1.0,,0.0,0.0,,,,,,,,,,,0.0,,,1.0,,0.0,0.0,0.0,,,,,,,,,,,,,,,,,,,1.0,,,,,,,,0.0,,1.0,0.0,0.0,1.0,,1.0,1.0,,,,0.0,0.0,,0.0,,1.0,,,0.0,,1.0,,0.0,1.0,,,1.0,1.0,,,,,,0.0,,0.0,1.0,,,,0.0,,0.0,0.0,,,,0.0,0.0,0.0,1.0,,,,,1.0,0.0,,,0.0,,1.0,1.0,,0.0,0.0,1.0,,,,,,,,,
André Janones,1.0,1.0,1.0,1.0,1.0,1.0,1.0,1.0,1.0,1.0,,1.0,,1.0,1.0,1.0,1.0,0.0,1.0,1.0,1.0,1.0,,1.0,0.0,1.0,1.0,0.0,0.0,1.0,0.0,0.0,0.0,,0.0,,,1.0,0.0,,0.0,0.0,0.0,1.0,0.0,1.0,0.0,1.0,1.0,,,1.0,1.0,1.0,1.0,0.0,,1.0,,1.0,1.0,1.0,1.0,,0.0,,0.0,0.0,,0.0,1.0,1.0,1.0,0.0,1.0,0.0,0.0,1.0,0.0,1.0,0.0,1.0,1.0,0.0,1.0,0.0,1.0,1.0,1.0,1.0,,1.0,0.0,1.0,0.0,1.0,1.0,1.0,1.0,0.0,0.0,1.0,0.0,1.0,1.0,1.0,0.0,0.0,1.0,1.0,1.0,0.0,0.0,1.0,,1.0,,,0.0,0.0,1.0,0.0,0.0,0.0,0.0,1.0,1.0,0.0,0.0,1.0,1.0,0.0,0.0,1.0,0.0,1.0,1.0,0.0,1.0,0.0,0.0,0.0,0.0,1.0,0.0,1.0,0.0,1.0,1.0,0.0,0.0,1.0,1.0,0.0,,0.0,1.0,0.0,1.0,1.0,0.0,0.0,1.0,0.0,,0.0,0.0,,1.0,1.0,1.0,0.0,1.0,,,,,,,,,,,,,,,1.0,,1.0,1.0,0.0,1.0,1.0,,0.0,1.0,1.0,0.0,0.0,0.0,1.0,0.0,0.0,,0.0,0.0,1.0,1.0,0.0,1.0,1.0,1.0,1.0,1.0,0.0,0.0,0.0,0.0,1.0,0.0,0.0,0.0,1.0,0.0,0.0,0.0,0.0,0.0,1.0,1.0,1.0,1.0,0.0,1.0,0.0,1.0,0.0,1.0,1.0,0.0,1.0,1.0,1.0,0.0,0.0,1.0,1.0,1.0,1.0,,,0.0,,1.0,0.0,1.0,1.0,0.0,1.0,0.0,1.0,1.0,0.0,0.0,0.0,1.0,0.0,1.0,1.0,0.0,1.0,1.0,0.0,1.0,0.0,0.0,0.0,0.0,1.0,,1.0,1.0,1.0,0.0,0.0,0.0,0.0,1.0,1.0,1.0,1.0,0.0,1.0,1.0,0.0,0.0,0.0,0.0,,0.0,0.0,0.0,1.0,1.0,0.0,0.0,1.0,0.0,0.0,1.0,0.0,1.0,1.0,1.0,0.0,0.0,1.0,1.0,1.0,1.0,0.0,1.0,1.0,1.0,0.0,0.0,1.0,1.0,0.0,0.0,0.0,0.0,0.0,0.0,0.0,1.0,1.0,0.0,1.0,1.0,1.0,,1.0,0.0,0.0,0.0,1.0,1.0,,1.0,1.0,1.0,1.0,1.0,1.0,0.0,1.0,0.0,0.0,0.0,0.0,0.0,1.0,0.0,0.0,0.0,1.0,1.0,0.0,0.0,0.0,0.0,1.0,,0.0,1.0,0.0,0.0,1.0,0.0,1.0,1.0,1.0,1.0,0.0,1.0,0.0,1.0,1.0,1.0,1.0,1.0,0.0,1.0,1.0,0.0,0.0,0.0,0.0,0.0,,1.0,1.0,,0.0,1.0,0.0,0.0,1.0,1.0,0.0,0.0,0.0,1.0,0.0,0.0,1.0,1.0,0.0,0.0,0.0,0.0,0.0,0.0,0.0,,0.0,0.0,,1.0,1.0,1.0,0.0,1.0,1.0,1.0,0.0,0.0,0.0,0.0,0.0,0.0,0.0,1.0,1.0,0.0,1.0,1.0,0.0,0.0,1.0,1.0,1.0,,0.0,0.0,0.0,1.0,1.0,1.0,0.0,0.0,0.0,0.0,1.0,,1.0,0.0,1.0,0.0,0.0,0.0,1.0,,1.0,1.0,1.0,1.0,1.0,1.0,0.0,1.0,0.0,1.0,0.0,1.0,1.0,0.0,1.0,1.0,1.0,1.0,0.0,0.0,1.0,0.0,0.0,0.0,0.0,0.0,0.0,1.0,0.0,0.0
André de Paula,1.0,,1.0,1.0,1.0,1.0,1.0,1.0,1.0,,0.0,1.0,0.0,1.0,0.0,1.0,1.0,1.0,,0.0,1.0,0.0,0.0,,0.0,1.0,0.0,1.0,,1.0,0.0,1.0,,,0.0,0.0,1.0,1.0,0.0,0.0,0.0,,,1.0,0.0,1.0,0.0,1.0,1.0,0.0,,1.0,,,1.0,,0.0,1.0,,1.0,,,1.0,0.0,,1.0,,1.0,0.0,0.0,0.0,,0.0,1.0,,1.0,1.0,0.0,1.0,1.0,1.0,1.0,1.0,0.0,0.0,1.0,1.0,1.0,1.0,,1.0,1.0,1.0,0.0,,1.0,1.0,1.0,,,,0.0,1.0,1.0,1.0,1.0,0.0,0.0,1.0,1.0,1.0,0.0,0.0,1.0,1.0,1.0,0.0,0.0,0.0,,,,,0.0,0.0,1.0,0.0,0.0,0.0,0.0,1.0,0.0,1.0,0.0,0.0,1.0,1.0,1.0,1.0,0.0,0.0,0.0,1.0,1.0,1.0,1.0,0.0,1.0,1.0,,0.0,1.0,1.0,0.0,0.0,,,,1.0,1.0,0.0,0.0,1.0,,1.0,0.0,0.0,,1.0,,,0.0,0.0,1.0,0.0,0.0,1.0,1.0,1.0,1.0,1.0,1.0,0.0,1.0,1.0,1.0,1.0,1.0,1.0,,0.0,,0.0,1.0,0.0,,,0.0,1.0,1.0,0.0,,0.0,0.0,0.0,0.0,0.0,0.0,1.0,0.0,0.0,0.0,1.0,1.0,0.0,0.0,1.0,,0.0,1.0,1.0,1.0,1.0,0.0,1.0,1.0,1.0,1.0,,0.0,,,,1.0,1.0,1.0,0.0,1.0,0.0,0.0,1.0,0.0,1.0,1.0,1.0,1.0,0.0,0.0,0.0,,1.0,1.0,1.0,0.0,0.0,0.0,0.0,1.0,,1.0,1.0,1.0,1.0,1.0,1.0,1.0,1.0,0.0,1.0,0.0,1.0,0.0,0.0,0.0,0.0,1.0,0.0,0.0,1.0,0.0,1.0,1.0,1.0,1.0,,0.0,0.0,0.0,1.0,1.0,1.0,1.0,0.0,0.0,1.0,1.0,,,1.0,0.0,1.0,0.0,1.0,1.0,1.0,0.0,0.0,1.0,0.0,0.0,0.0,0.0,1.0,1.0,1.0,1.0,0.0,1.0,0.0,1.0,0.0,1.0,1.0,0.0,1.0,1.0,1.0,1.0,1.0,1.0,1.0,1.0,0.0,0.0,0.0,0.0,1.0,0.0,0.0,0.0,,0.0,,1.0,1.0,1.0,1.0,0.0,1.0,,0.0,1.0,1.0,1.0,1.0,0.0,,1.0,0.0,0.0,0.0,,0.0,1.0,0.0,0.0,1.0,1.0,0.0,1.0,1.0,0.0,,1.0,1.0,0.0,1.0,0.0,,1.0,0.0,0.0,0.0,0.0,,0.0,1.0,0.0,0.0,1.0,1.0,1.0,1.0,0.0,1.0,1.0,1.0,0.0,0.0,0.0,0.0,0.0,1.0,0.0,0.0,0.0,1.0,0.0,1.0,1.0,1.0,0.0,1.0,0.0,1.0,0.0,0.0,0.0,0.0,1.0,0.0,0.0,0.0,0.0,0.0,0.0,1.0,,1.0,1.0,0.0,0.0,1.0,0.0,1.0,1.0,0.0,,0.0,,0.0,0.0,0.0,,1.0,1.0,0.0,1.0,0.0,1.0,0.0,0.0,1.0,1.0,1.0,1.0,1.0,1.0,,,0.0,0.0,0.0,,0.0,1.0,1.0,,,,0.0,0.0,1.0,1.0,,1.0,0.0,0.0,0.0,1.0,0.0,0.0,,,1.0,0.0,1.0,1.0,,1.0,1.0,1.0,1.0,,0.0,1.0,0.0,,,,,,,,0.0
Angela Amin,0.0,1.0,1.0,0.0,1.0,1.0,1.0,1.0,0.0,1.0,0.0,1.0,,,0.0,1.0,0.0,1.0,0.0,1.0,1.0,0.0,0.0,0.0,,1.0,0.0,0.0,0.0,,,1.0,,0.0,0.0,0.0,1.0,0.0,0.0,0.0,0.0,1.0,0.0,1.0,0.0,1.0,0.0,1.0,1.0,0.0,0.0,1.0,0.0,1.0,1.0,0.0,0.0,1.0,,1.0,1.0,1.0,,,0.0,1.0,1.0,0.0,0.0,0.0,0.0,0.0,0.0,,0.0,1.0,0.0,0.0,1.0,1.0,1.0,1.0,1.0,0.0,0.0,1.0,1.0,1.0,1.0,1.0,,1.0,1.0,0.0,,1.0,1.0,1.0,0.0,,0.0,0.0,1.0,1.0,1.0,0.0,0.0,0.0,1.0,1.0,1.0,0.0,0.0,1.0,1.0,1.0,0.0,0.0,0.0,0.0,1.0,0.0,0.0,0.0,0.0,1.0,0.0,0.0,1.0,1.0,1.0,0.0,1.0,1.0,0.0,1.0,1.0,1.0,1.0,0.0,0.0,1.0,1.0,0.0,0.0,1.0,0.0,1.0,1.0,0.0,0.0,1.0,1.0,0.0,0.0,0.0,1.0,0.0,1.0,1.0,0.0,0.0,,0.0,1.0,0.0,0.0,0.0,1.0,1.0,1.0,0.0,0.0,1.0,0.0,0.0,1.0,1.0,1.0,1.0,1.0,1.0,0.0,1.0,1.0,1.0,1.0,1.0,1.0,1.0,0.0,0.0,0.0,1.0,0.0,0.0,0.0,0.0,1.0,0.0,0.0,1.0,0.0,0.0,0.0,0.0,0.0,0.0,1.0,0.0,0.0,0.0,0.0,1.0,0.0,0.0,1.0,0.0,0.0,1.0,1.0,1.0,1.0,0.0,1.0,1.0,0.0,1.0,1.0,0.0,0.0,0.0,0.0,1.0,1.0,1.0,0.0,1.0,0.0,0.0,1.0,0.0,1.0,0.0,1.0,1.0,1.0,1.0,1.0,1.0,1.0,,1.0,0.0,1.0,1.0,0.0,0.0,0.0,1.0,1.0,1.0,1.0,1.0,1.0,1.0,1.0,1.0,1.0,0.0,,0.0,0.0,0.0,0.0,1.0,0.0,0.0,0.0,0.0,0.0,1.0,0.0,1.0,0.0,0.0,0.0,0.0,1.0,1.0,1.0,0.0,0.0,0.0,1.0,1.0,0.0,1.0,1.0,0.0,1.0,0.0,1.0,1.0,1.0,0.0,0.0,1.0,1.0,0.0,0.0,0.0,1.0,1.0,1.0,1.0,0.0,1.0,0.0,1.0,0.0,1.0,1.0,0.0,1.0,1.0,0.0,1.0,1.0,1.0,1.0,1.0,0.0,0.0,0.0,0.0,1.0,0.0,0.0,0.0,0.0,0.0,1.0,1.0,0.0,1.0,1.0,1.0,1.0,0.0,0.0,1.0,1.0,0.0,1.0,0.0,,1.0,0.0,0.0,0.0,0.0,0.0,1.0,0.0,0.0,1.0,0.0,1.0,1.0,1.0,0.0,0.0,,0.0,0.0,1.0,0.0,0.0,1.0,0.0,0.0,0.0,1.0,0.0,0.0,1.0,0.0,0.0,1.0,1.0,1.0,1.0,0.0,1.0,1.0,1.0,0.0,0.0,0.0,0.0,0.0,1.0,0.0,0.0,0.0,1.0,0.0,1.0,0.0,0.0,1.0,1.0,0.0,1.0,0.0,0.0,0.0,0.0,1.0,0.0,0.0,0.0,0.0,0.0,0.0,1.0,0.0,1.0,1.0,1.0,1.0,1.0,1.0,1.0,1.0,0.0,0.0,0.0,0.0,0.0,0.0,0.0,0.0,1.0,1.0,0.0,1.0,0.0,0.0,0.0,0.0,1.0,1.0,0.0,1.0,0.0,0.0,0.0,1.0,0.0,0.0,0.0,0.0,,1.0,0.0,1.0,0.0,0.0,0.0,0.0,1.0,0.0,0.0,1.0,0.0,0.0,0.0,1.0,0.0,0.0,0.0,1.0,1.0,0.0,1.0,1.0,0.0,1.0,1.0,1.0,1.0,,0.0,1.0,0.0,0.0,,,0.0,0.0,1.0,,0.0
Antonio Brito,,,1.0,,1.0,1.0,1.0,1.0,0.0,1.0,,,,,,,,,,,,0.0,,0.0,0.0,,0.0,1.0,0.0,1.0,0.0,,0.0,,,,1.0,,0.0,0.0,0.0,0.0,0.0,0.0,0.0,1.0,0.0,1.0,1.0,0.0,,,0.0,1.0,1.0,0.0,0.0,1.0,0.0,1.0,1.0,1.0,,,0.0,1.0,,1.0,0.0,0.0,0.0,,0.0,1.0,0.0,1.0,1.0,,,1.0,,1.0,1.0,0.0,0.0,1.0,1.0,1.0,1.0,1.0,,1.0,1.0,0.0,1.0,1.0,,1.0,0.0,,,0.0,1.0,1.0,1.0,1.0,0.0,0.0,1.0,1.0,1.0,0.0,0.0,1.0,1.0,1.0,0.0,0.0,0.0,,1.0,,0.0,0.0,0.0,1.0,0.0,0.0,0.0,0.0,1.0,0.0,1.0,0.0,0.0,1.0,1.0,1.0,1.0,0.0,,,1.0,,1.0,,0.0,,1.0,0.0,,1.0,,0.0,,0.0,1.0,0.0,1.0,1.0,0.0,0.0,,,,0.0,0.0,,1.0,1.0,1.0,0.0,0.0,0.0,1.0,1.0,0.0,,0.0,0.0,1.0,,,0.0,0.0,0.0,0.0,0.0,,1.0,0.0,1.0,0.0,1.0,0.0,0.0,0.0,0.0,1.0,,,1.0,0.0,,0.0,0.0,0.0,0.0,1.0,0.0,,0.0,,1.0,0.0,,1.0,0.0,0.0,1.0,1.0,1.0,1.0,0.0,,1.0,1.0,1.0,,0.0,0.0,0.0,0.0,,1.0,1.0,0.0,1.0,0.0,,1.0,0.0,0.0,0.0,1.0,,0.0,0.0,,,1.0,1.0,1.0,0.0,0.0,0.0,0.0,1.0,,1.0,1.0,1.0,1.0,1.0,1.0,1.0,1.0,0.0,1.0,,0.0,0.0,0.0,0.0,0.0,,0.0,0.0,1.0,0.0,1.0,,1.0,1.0,0.0,0.0,0.0,0.0,1.0,1.0,1.0,,,,1.0,,,,1.0,0.0,1.0,1.0,1.0,1.0,1.0,0.0,0.0,1.0,0.0,0.0,0.0,0.0,1.0,1.0,,,0.0,1.0,0.0,,0.0,1.0,1.0,0.0,1.0,1.0,1.0,1.0,1.0,1.0,1.0,1.0,0.0,0.0,,,,0.0,0.0,0.0,0.0,0.0,,1.0,1.0,1.0,,0.0,1.0,0.0,0.0,1.0,,,1.0,,0.0,1.0,0.0,1.0,0.0,0.0,0.0,1.0,0.0,0.0,1.0,1.0,0.0,1.0,1.0,0.0,0.0,1.0,1.0,0.0,1.0,0.0,0.0,1.0,,0.0,0.0,,0.0,0.0,1.0,0.0,0.0,1.0,1.0,1.0,,0.0,1.0,1.0,1.0,,,0.0,0.0,0.0,1.0,0.0,0.0,0.0,1.0,0.0,1.0,1.0,1.0,1.0,1.0,0.0,1.0,0.0,0.0,0.0,0.0,1.0,0.0,0.0,0.0,0.0,0.0,0.0,1.0,0.0,1.0,,,0.0,1.0,,1.0,,,,0.0,0.0,0.0,0.0,0.0,0.0,1.0,1.0,0.0,1.0,,1.0,0.0,,1.0,,1.0,1.0,1.0,1.0,0.0,1.0,0.0,0.0,0.0,0.0,,1.0,1.0,1.0,,0.0,0.0,0.0,1.0,1.0,,1.0,1.0,0.0,0.0,1.0,0.0,0.0,0.0,1.0,1.0,0.0,1.0,,,1.0,1.0,,1.0,0.0,0.0,1.0,0.0,,,,,,,,0.0
Antônia Lúcia,0.0,,,,,,,,,,0.0,,,,,,,,,,,,,,,,,,,,,,,,,,,,,,,,,,,,,,,,,,,,,,,,,,,,,,,,,,,,,,,,,,,,,,,,,,,,,,,,,,,,,,,,,,,,,,,,,,,,,,,,,,,,,,,,,,,,,,,,,,,,,,,,,,,,,,,,,,,,,,,,,,,,,,,,,,,,,,,,,,,,,,,,,,,,,,,,,,,,,,,,,,,,,,,,,,,,,,,,,,,,,,,,,,,,,,,,,,,,,,,,,,,,,,,,,,,,,,,,,,,,,,,,,,,,,,,,,,,,,,,,,,,,,,,,,,,,,,,,,,,,,,,,,,,,,,,,,,,,,,,,,,,,,,,,,,,,,,,,,,,,,,,,,,,,,,,,,,,,,,,,,,,,,,,,,,,,,,,,,,,,,,,,,,,,,,,,,,,,,,,,,,,,,,,,,,,,,,,,,,,,,,,,,,,,,,,,,,,,,,,,,,,,,,,,,,,,,,,,,,,,,,,,,,,,,,,,,,,,,,,,,,,,,,,,,,,,,,,,,,,,,,,,,,,,,,
Aníbal Gomes,,,,,,,,,,,,,,,,,,,,,,,,0.0,,,0.0,1.0,0.0,,,,,,,,,,,,,,,,,,,,,,,,,1.0,,0.0,,1.0,,,,,,,,,,1.0,,,,0.0,0.0,1.0,0.0,1.0,,,,1.0,,,,,,,,,1.0,1.0,1.0,1.0,,,,1.0,,,0.0,,,,,,,,,,,,,,,,,,,,,,,,,,,,,,,,,,,,,,,,,,,,,,,,,,,,,,,,,,,,,,,,,,,,,,,,,,,,,,,,,,,,,,,,,,,,,,,,,,,,,,,,,,,,,,,,,,,,,,,,,,,,,,,,,,,,,,,,,,,,,,,,,,,,,,,,,,,,,,,,,,,,,,,,,,,,,,,,,,,,,,,,,,,,,,,,,,,,,,,,,,,,,,,,,,,,,,,,,,,,,,,,,,,,,,,,,,,,,,,,,,,,,,,,,,,,,,,,,,,,,,,,,,,,,,,,,,,,,,,,,,,,,,,,,,,,,,,,,,,,,,,,,,,,,,,,,,,,,,,,,,,,,,,,,,,,,,,,,,,,,,,,,,,,,,,,,,,,,,,,,,,,,,,,,,,,,,,,,,,,,,,,,,,,,,,,,,,,,,,,,,,,,,
Arlindo Chinaglia,1.0,1.0,1.0,1.0,1.0,1.0,1.0,1.0,1.0,1.0,1.0,1.0,,,1.0,1.0,1.0,0.0,1.0,1.0,1.0,0.0,,1.0,,1.0,,0.0,,0.0,,,,,,,,1.0,,1.0,,1.0,0.0,,,1.0,0.0,1.0,1.0,0.0,0.0,1.0,0.0,1.0,1.0,0.0,0.0,1.0,,1.0,0.0,,,,,0.0,,1.0,,1.0,,,,,,,,,,1.0,,,,,1.0,0.0,1.0,1.0,1.0,1.0,,1.0,0.0,1.0,1.0,1.0,1.0,1.0,0.0,0.0,0.0,1.0,0.0,1.0,1.0,1.0,0.0,0.0,1.0,1.0,1.0,0.0,0.0,0.0,0.0,0.0,1.0,0.0,1.0,1.0,0.0,1.0,1.0,0.0,1.0,0.0,0.0,1.0,1.0,1.0,0.0,1.0,1.0,1.0,1.0,0.0,0.0,0.0,1.0,0.0,1.0,0.0,1.0,1.0,0.0,1.0,0.0,1.0,0.0,,,,,,,,,,,,,,,,,,1.0,,1.0,1.0,1.0,0.0,,,,,0.0,,0.0,0.0,0.0,0.0,0.0,0.0,0.0,0.0,0.0,0.0,0.0,0.0,1.0,0.0,1.0,0.0,,0.0,1.0,1.0,1.0,1.0,0.0,1.0,,,1.0,1.0,1.0,1.0,0.0,1.0,1.0,1.0,0.0,1.0,1.0,0.0,0.0,1.0,1.0,0.0,0.0,0.0,0.0,1.0,0.0,0.0,0.0,0.0,0.0,1.0,1.0,1.0,,0.0,0.0,0.0,1.0,0.0,1.0,1.0,0.0,1.0,1.0,1.0,0.0,0.0,1.0,1.0,1.0,1.0,1.0,1.0,0.0,1.0,1.0,,,1.0,1.0,1.0,1.0,1.0,0.0,0.0,0.0,0.0,1.0,1.0,0.0,1.0,0.0,1.0,1.0,1.0,1.0,0.0,0.0,1.0,0.0,1.0,0.0,0.0,0.0,0.0,1.0,1.0,1.0,1.0,0.0,0.0,0.0,1.0,,1.0,0.0,0.0,0.0,1.0,0.0,1.0,0.0,1.0,1.0,1.0,1.0,1.0,,0.0,0.0,1.0,1.0,0.0,0.0,0.0,0.0,0.0,1.0,1.0,1.0,0.0,1.0,0.0,0.0,1.0,1.0,0.0,0.0,1.0,1.0,0.0,0.0,0.0,1.0,1.0,,1.0,0.0,1.0,0.0,1.0,1.0,1.0,1.0,0.0,0.0,0.0,0.0,1.0,1.0,0.0,1.0,1.0,1.0,1.0,0.0,1.0,0.0,1.0,1.0,0.0,1.0,0.0,0.0,0.0,1.0,0.0,0.0,0.0,1.0,0.0,,,,1.0,0.0,1.0,1.0,1.0,1.0,0.0,0.0,1.0,1.0,1.0,1.0,0.0,1.0,0.0,1.0,1.0,1.0,1.0,1.0,0.0,0.0,0.0,,,,,,,1.0,1.0,,1.0,0.0,1.0,0.0,0.0,0.0,0.0,0.0,,,,1.0,1.0,1.0,0.0,,,,,,,,,0.0,0.0,1.0,1.0,0.0,1.0,0.0,0.0,1.0,,,,,,,,,,,,1.0,0.0,0.0,1.0,1.0,1.0,0.0,0.0,0.0,0.0,1.0,1.0,1.0,1.0,0.0,0.0,0.0,0.0,0.0,0.0,1.0,1.0,0.0,1.0,1.0,0.0,0.0,1.0,1.0,1.0,1.0,1.0,0.0,0.0,1.0,0.0,1.0,0.0,1.0,1.0,0.0,1.0,0.0,0.0,1.0,1.0,1.0,0.0,1.0,0.0,0.0,0.0,0.0,0.0,1.0,0.0,1.0
Arnaldo Jardim,0.0,0.0,1.0,1.0,,1.0,1.0,1.0,0.0,,1.0,1.0,0.0,1.0,0.0,1.0,0.0,1.0,0.0,0.0,,,0.0,1.0,,,1.0,0.0,1.0,,0.0,1.0,0.0,0.0,0.0,0.0,1.0,1.0,0.0,0.0,0.0,0.0,0.0,1.0,,1.0,0.0,1.0,1.0,,,,0.0,1.0,,0.0,0.0,,0.0,,0.0,0.0,1.0,0.0,0.0,1.0,1.0,1.0,,,0.0,,0.0,1.0,1.0,1.0,1.0,0.0,1.0,1.0,1.0,,1.0,0.0,0.0,1.0,1.0,1.0,1.0,1.0,1.0,1.0,1.0,0.0,0.0,1.0,1.0,1.0,0.0,0.0,0.0,0.0,1.0,1.0,1.0,1.0,0.0,0.0,0.0,1.0,1.0,0.0,0.0,1.0,0.0,1.0,1.0,1.0,0.0,0.0,1.0,,0.0,1.0,,1.0,0.0,0.0,1.0,,1.0,1.0,1.0,1.0,,0.0,0.0,0.0,1.0,0.0,0.0,0.0,1.0,,1.0,,0.0,,1.0,0.0,0.0,1.0,1.0,0.0,,0.0,1.0,0.0,1.0,1.0,0.0,0.0,1.0,0.0,,,0.0,0.0,1.0,,1.0,1.0,0.0,1.0,0.0,0.0,1.0,1.0,1.0,1.0,1.0,0.0,,1.0,1.0,,0.0,1.0,1.0,1.0,0.0,0.0,0.0,1.0,,0.0,0.0,,1.0,0.0,,1.0,0.0,0.0,0.0,0.0,0.0,0.0,1.0,1.0,,0.0,0.0,0.0,0.0,0.0,1.0,,,,,,1.0,0.0,1.0,1.0,0.0,,1.0,0.0,0.0,,,1.0,1.0,1.0,0.0,1.0,,,,,1.0,0.0,0.0,1.0,0.0,0.0,0.0,,1.0,1.0,0.0,0.0,1.0,0.0,0.0,1.0,0.0,1.0,1.0,1.0,1.0,1.0,1.0,0.0,1.0,0.0,1.0,0.0,0.0,,1.0,0.0,1.0,0.0,,0.0,1.0,1.0,0.0,1.0,1.0,0.0,,,,,,1.0,1.0,1.0,0.0,0.0,1.0,1.0,0.0,1.0,1.0,1.0,0.0,1.0,1.0,1.0,1.0,0.0,0.0,1.0,0.0,0.0,0.0,0.0,0.0,1.0,0.0,1.0,,1.0,1.0,1.0,1.0,1.0,1.0,0.0,0.0,1.0,1.0,1.0,1.0,1.0,1.0,0.0,0.0,,0.0,,0.0,0.0,0.0,0.0,0.0,0.0,1.0,1.0,0.0,1.0,1.0,0.0,0.0,0.0,1.0,1.0,,1.0,0.0,0.0,0.0,,1.0,,0.0,0.0,0.0,0.0,1.0,0.0,1.0,0.0,1.0,0.0,0.0,,0.0,1.0,0.0,0.0,1.0,0.0,0.0,0.0,0.0,1.0,0.0,0.0,0.0,0.0,1.0,0.0,0.0,1.0,1.0,1.0,1.0,,1.0,1.0,1.0,0.0,0.0,0.0,0.0,,,0.0,0.0,0.0,,,1.0,0.0,0.0,0.0,0.0,0.0,1.0,,0.0,0.0,0.0,0.0,0.0,,0.0,0.0,0.0,0.0,1.0,,1.0,,,,1.0,1.0,1.0,1.0,0.0,0.0,0.0,,0.0,,0.0,0.0,1.0,1.0,0.0,1.0,0.0,0.0,0.0,1.0,1.0,1.0,1.0,1.0,1.0,1.0,0.0,1.0,0.0,0.0,0.0,0.0,0.0,1.0,1.0,1.0,0.0,0.0,0.0,0.0,1.0,1.0,0.0,,1.0,1.0,,1.0,,0.0,0.0,1.0,1.0,0.0,1.0,1.0,,1.0,1.0,,1.0,0.0,,1.0,0.0,0.0,0.0,0.0,0.0,0.0,1.0,0.0,0.0
Aroldo Martins,,,1.0,0.0,1.0,1.0,1.0,1.0,0.0,,0.0,,1.0,0.0,1.0,1.0,1.0,0.0,1.0,0.0,0.0,0.0,1.0,1.0,0.0,1.0,0.0,0.0,1.0,1.0,0.0,0.0,0.0,0.0,0.0,0.0,1.0,0.0,0.0,0.0,0.0,0.0,0.0,1.0,0.0,,,,1.0,,,,0.0,1.0,1.0,0.0,0.0,1.0,0.0,1.0,1.0,,1.0,,0.0,1.0,0.0,1.0,0.0,,0.0,,0.0,1.0,0.0,1.0,0.0,0.0,1.0,1.0,0.0,1.0,1.0,0.0,1.0,0.0,1.0,1.0,1.0,1.0,,1.0,1.0,0.0,1.0,1.0,1.0,1.0,0.0,,,0.0,1.0,0.0,0.0,0.0,0.0,1.0,1.0,0.0,1.0,1.0,1.0,1.0,1.0,1.0,0.0,0.0,0.0,0.0,1.0,0.0,0.0,0.0,0.0,1.0,,,0.0,,1.0,0.0,0.0,1.0,0.0,1.0,1.0,1.0,1.0,0.0,0.0,0.0,1.0,0.0,0.0,1.0,,1.0,1.0,0.0,0.0,1.0,1.0,0.0,0.0,0.0,1.0,0.0,1.0,1.0,0.0,0.0,1.0,0.0,,0.0,0.0,0.0,1.0,,1.0,0.0,0.0,1.0,0.0,0.0,1.0,1.0,1.0,1.0,1.0,0.0,0.0,0.0,1.0,,1.0,1.0,1.0,1.0,0.0,0.0,0.0,0.0,,0.0,0.0,0.0,1.0,1.0,0.0,1.0,0.0,0.0,0.0,0.0,0.0,0.0,1.0,0.0,0.0,,1.0,1.0,0.0,,1.0,0.0,0.0,1.0,,1.0,1.0,0.0,1.0,1.0,1.0,1.0,1.0,0.0,0.0,0.0,0.0,1.0,1.0,1.0,0.0,1.0,0.0,0.0,1.0,0.0,,0.0,1.0,1.0,0.0,0.0,0.0,1.0,1.0,1.0,1.0,0.0,0.0,1.0,0.0,1.0,0.0,1.0,1.0,1.0,1.0,1.0,1.0,,1.0,1.0,1.0,0.0,1.0,0.0,0.0,0.0,0.0,1.0,0.0,0.0,1.0,0.0,1.0,1.0,,1.0,0.0,0.0,0.0,,1.0,1.0,1.0,0.0,,0.0,1.0,1.0,1.0,0.0,,0.0,1.0,0.0,0.0,0.0,1.0,0.0,0.0,1.0,0.0,0.0,0.0,0.0,1.0,1.0,1.0,1.0,0.0,1.0,0.0,1.0,0.0,1.0,,0.0,1.0,1.0,,1.0,1.0,1.0,1.0,1.0,0.0,,0.0,0.0,,,0.0,0.0,,0.0,1.0,1.0,0.0,1.0,1.0,0.0,1.0,0.0,0.0,,,1.0,,0.0,,,0.0,0.0,0.0,0.0,0.0,1.0,,,,,,1.0,1.0,0.0,,1.0,1.0,0.0,,0.0,0.0,1.0,0.0,0.0,0.0,0.0,0.0,0.0,1.0,0.0,0.0,1.0,1.0,1.0,,0.0,1.0,1.0,1.0,0.0,0.0,,,0.0,,0.0,0.0,0.0,1.0,0.0,1.0,1.0,1.0,,1.0,0.0,1.0,0.0,0.0,0.0,0.0,1.0,0.0,0.0,0.0,0.0,0.0,0.0,1.0,0.0,1.0,,,,,,,,,0.0,0.0,0.0,0.0,0.0,0.0,0.0,1.0,,,1.0,,1.0,0.0,1.0,1.0,1.0,0.0,1.0,1.0,0.0,0.0,1.0,0.0,0.0,0.0,0.0,0.0,1.0,1.0,1.0,0.0,0.0,0.0,0.0,1.0,1.0,0.0,1.0,1.0,0.0,0.0,1.0,0.0,0.0,0.0,1.0,1.0,0.0,1.0,0.0,0.0,1.0,1.0,1.0,1.0,,0.0,1.0,0.0,,,,,,,,0.0
Arthur Lira,,,1.0,0.0,1.0,1.0,1.0,,,,,,,,,,,,,,,,,,,,,,,,,,,,0.0,0.0,,,,,,,0.0,1.0,,1.0,,,,,,,,,,,,,0.0,,,1.0,1.0,,,,,1.0,,,,0.0,,,,1.0,1.0,0.0,1.0,,1.0,1.0,,,,,,,,,,,,,,,,,,,,,,,1.0,1.0,,,1.0,,1.0,,,,,,,,,,,,,,0.0,1.0,,,,,,,,,,,,,1.0,,1.0,1.0,,,,,,,,,,,,,,,,,1.0,,,1.0,,,,,,,1.0,,,,,,0.0,,1.0,,1.0,1.0,,1.0,,1.0,1.0,1.0,1.0,,,,,,0.0,,,,,,1.0,1.0,,,,,,,,,,,0.0,,1.0,,,,1.0,0.0,,,1.0,,,,,,,,,,,,,,,,,,,,,,,,,,,,0.0,,,,1.0,0.0,,1.0,,,0.0,1.0,1.0,1.0,1.0,1.0,1.0,,1.0,1.0,,,,,,,,,,,,1.0,,1.0,1.0,,0.0,,,,,1.0,1.0,,,0.0,,,,,,,1.0,,1.0,,,,,,,,0.0,,,,,1.0,,1.0,,1.0,,,,,,,,,,1.0,1.0,,0.0,0.0,,,,0.0,,,0.0,,,,,1.0,1.0,0.0,,0.0,,,,0.0,,0.0,0.0,,,,,,,,,,,,,,,,0.0,,,,,,0.0,1.0,,0.0,,0.0,,,1.0,0.0,0.0,1.0,1.0,1.0,,,1.0,,,,,,,,1.0,,,,,,,,,,,,,,,,,,,,,,,,,,,,,,,,,,,,,,,,,,,,,,,,,,,,,,,,,,,,,,,,,,,,,,,,,,,,,,,,,,,,,,,,,,,0.0,0.0,1.0,0.0,,,,,,,,0.0
Arthur Oliveira Maia,,,1.0,0.0,1.0,1.0,1.0,1.0,0.0,1.0,,,0.0,1.0,0.0,1.0,1.0,1.0,0.0,0.0,1.0,0.0,0.0,0.0,,,,,,,,1.0,,,,0.0,1.0,,0.0,0.0,0.0,,,,,,0.0,1.0,1.0,0.0,0.0,1.0,0.0,1.0,1.0,0.0,0.0,,,,,,0.0,0.0,0.0,,,1.0,0.0,0.0,0.0,,,1.0,0.0,,1.0,0.0,1.0,1.0,1.0,,1.0,,0.0,1.0,1.0,1.0,1.0,,,,1.0,0.0,0.0,1.0,1.0,1.0,,0.0,0.0,,,1.0,1.0,1.0,0.0,0.0,1.0,1.0,1.0,0.0,0.0,1.0,1.0,1.0,0.0,0.0,0.0,0.0,1.0,,0.0,,0.0,1.0,0.0,0.0,0.0,0.0,1.0,0.0,,,0.0,1.0,1.0,1.0,1.0,0.0,0.0,0.0,1.0,0.0,,1.0,,1.0,,0.0,0.0,1.0,1.0,0.0,0.0,0.0,,0.0,1.0,1.0,,,,,1.0,0.0,0.0,0.0,1.0,1.0,1.0,0.0,,1.0,,,1.0,0.0,1.0,1.0,1.0,1.0,0.0,1.0,1.0,1.0,1.0,1.0,1.0,1.0,0.0,1.0,0.0,,0.0,0.0,0.0,0.0,,,,1.0,,,0.0,0.0,0.0,,1.0,0.0,,0.0,1.0,0.0,0.0,,1.0,0.0,,1.0,,,0.0,,1.0,1.0,1.0,1.0,1.0,,0.0,0.0,,1.0,1.0,1.0,0.0,1.0,0.0,0.0,1.0,0.0,,0.0,0.0,,1.0,0.0,1.0,1.0,0.0,,1.0,0.0,1.0,1.0,,,,1.0,,,,,1.0,1.0,,0.0,1.0,,1.0,0.0,0.0,0.0,0.0,1.0,1.0,0.0,1.0,0.0,1.0,1.0,1.0,1.0,0.0,0.0,0.0,0.0,1.0,1.0,1.0,0.0,,0.0,1.0,1.0,1.0,1.0,1.0,0.0,0.0,0.0,1.0,1.0,1.0,,0.0,1.0,0.0,,,,,,1.0,1.0,,,,1.0,0.0,1.0,,0.0,0.0,1.0,,1.0,1.0,1.0,1.0,1.0,0.0,0.0,0.0,0.0,1.0,0.0,,,0.0,0.0,1.0,1.0,1.0,1.0,1.0,0.0,1.0,,1.0,,1.0,1.0,1.0,,0.0,1.0,1.0,0.0,0.0,,,1.0,0.0,0.0,,1.0,0.0,1.0,1.0,1.0,0.0,1.0,1.0,0.0,1.0,0.0,0.0,1.0,0.0,1.0,0.0,0.0,0.0,0.0,,0.0,0.0,1.0,1.0,1.0,1.0,0.0,1.0,1.0,1.0,0.0,0.0,0.0,0.0,,1.0,,0.0,0.0,1.0,0.0,1.0,1.0,1.0,1.0,,,,0.0,0.0,0.0,0.0,1.0,0.0,1.0,0.0,0.0,0.0,0.0,,0.0,1.0,1.0,0.0,0.0,1.0,0.0,1.0,1.0,0.0,,,,,,,,,,,1.0,0.0,0.0,0.0,1.0,1.0,1.0,0.0,1.0,0.0,0.0,0.0,1.0,,0.0,,,,1.0,,,0.0,0.0,,0.0,,,0.0,1.0,,0.0,0.0,1.0,0.0,0.0,0.0,1.0,1.0,0.0,1.0,0.0,0.0,1.0,,,1.0,,0.0,1.0,,0.0,1.0,0.0,0.0,0.0,1.0,0.0,0.0
Assis Carvalho,,,,,,,,,,,,,,,,,,,,,,,,,,1.0,1.0,0.0,1.0,0.0,,,,,,,,1.0,,1.0,,1.0,0.0,0.0,,,,,,,,,,,,,,,,,,,,,,,,1.0,,,,,,1.0,0.0,1.0,,,,,,1.0,1.0,0.0,,,,,,,,,,,,,,,,,,,,,,,,,,,,,,,,,,,,,,,,,1.0,0.0,0.0,,1.0,1.0,0.0,1.0,1.0,1.0,1.0,0.0,0.0,0.0,1.0,,1.0,0.0,,,,,,,,,,,,,,,0.0,,,,,,,,,,,,1.0,,,,,,,,0.0,,,,0.0,0.0,,0.0,0.0,0.0,0.0,,0.0,,1.0,0.0,1.0,,,,,1.0,1.0,1.0,,,,,1.0,1.0,1.0,1.0,,1.0,1.0,1.0,,,,,,,,,,,0.0,1.0,0.0,0.0,,0.0,0.0,1.0,,1.0,1.0,0.0,0.0,0.0,1.0,0.0,1.0,1.0,0.0,1.0,,1.0,1.0,0.0,1.0,1.0,1.0,1.0,1.0,1.0,0.0,,,0.0,1.0,1.0,0.0,1.0,0.0,,0.0,0.0,0.0,0.0,,,,1.0,0.0,1.0,,,,0.0,,1.0,,,,,,,,,,,,,,,,,,,,,0.0,,,1.0,1.0,,,,,,,,,,,,,,,1.0,1.0,0.0,1.0,0.0,0.0,0.0,1.0,,,1.0,1.0,0.0,0.0,0.0,,,,,,,0.0,1.0,,1.0,1.0,1.0,0.0,0.0,0.0,,1.0,0.0,1.0,1.0,,,,,,,,,,,,,,,,,,,,,,,,,,,,,,,,,,0.0,1.0,0.0,1.0,1.0,1.0,1.0,,,,,,,,,,,,,,,,,,,,,,,,,,,,,,,,,,,,,,,,,,,,,,,,,,,,,,,,,,,,,,,,,,,,,,,,,,,,,,,,,,,,,,,,,,,,,,,,,,,,,,,,,,,,,,,,,
Augusto Coutinho,,,1.0,0.0,,1.0,1.0,1.0,0.0,,0.0,1.0,0.0,1.0,,,,,0.0,0.0,1.0,,0.0,1.0,0.0,1.0,0.0,0.0,0.0,1.0,,1.0,0.0,0.0,0.0,0.0,1.0,0.0,0.0,,0.0,0.0,0.0,1.0,0.0,1.0,0.0,1.0,1.0,0.0,0.0,1.0,,,1.0,0.0,0.0,1.0,,1.0,1.0,1.0,,,,1.0,1.0,1.0,,,,,,1.0,,1.0,,,,1.0,1.0,1.0,1.0,0.0,1.0,1.0,1.0,1.0,1.0,,,1.0,,0.0,1.0,,1.0,1.0,0.0,,,,1.0,0.0,0.0,0.0,,1.0,1.0,0.0,1.0,1.0,1.0,0.0,,1.0,,0.0,0.0,0.0,1.0,0.0,0.0,0.0,,1.0,0.0,,,,1.0,0.0,0.0,0.0,0.0,,1.0,1.0,1.0,0.0,0.0,0.0,1.0,0.0,0.0,1.0,0.0,1.0,1.0,,,,1.0,0.0,0.0,0.0,1.0,0.0,1.0,1.0,0.0,0.0,1.0,0.0,1.0,0.0,0.0,0.0,1.0,0.0,,1.0,,1.0,,,1.0,1.0,1.0,1.0,1.0,1.0,0.0,1.0,1.0,1.0,1.0,1.0,1.0,,,1.0,0.0,1.0,,,1.0,,1.0,1.0,,1.0,0.0,0.0,0.0,0.0,0.0,0.0,,,,0.0,1.0,,,,1.0,,0.0,1.0,1.0,,,0.0,,,,1.0,,0.0,,,,,1.0,1.0,0.0,1.0,0.0,1.0,,,0.0,1.0,0.0,0.0,1.0,,1.0,,1.0,1.0,0.0,0.0,0.0,1.0,0.0,1.0,0.0,1.0,1.0,1.0,,1.0,0.0,1.0,,0.0,1.0,0.0,0.0,0.0,,,,1.0,,0.0,1.0,0.0,1.0,1.0,1.0,1.0,,,0.0,0.0,1.0,1.0,1.0,1.0,0.0,0.0,1.0,1.0,,,,1.0,1.0,,1.0,0.0,1.0,0.0,,1.0,0.0,0.0,0.0,0.0,1.0,1.0,1.0,1.0,0.0,1.0,,1.0,0.0,1.0,1.0,1.0,0.0,,1.0,1.0,1.0,1.0,1.0,1.0,0.0,0.0,0.0,0.0,1.0,0.0,0.0,0.0,0.0,0.0,1.0,1.0,0.0,1.0,1.0,0.0,0.0,0.0,0.0,1.0,1.0,0.0,1.0,0.0,0.0,1.0,,0.0,0.0,,0.0,1.0,0.0,0.0,1.0,1.0,0.0,,1.0,0.0,,,1.0,,1.0,,0.0,1.0,0.0,0.0,0.0,0.0,0.0,0.0,1.0,0.0,0.0,1.0,1.0,1.0,,0.0,1.0,1.0,1.0,0.0,0.0,0.0,0.0,,,0.0,0.0,0.0,1.0,0.0,1.0,1.0,1.0,,,,,0.0,0.0,0.0,0.0,1.0,0.0,0.0,,0.0,0.0,0.0,1.0,0.0,1.0,,0.0,0.0,1.0,0.0,1.0,,0.0,0.0,0.0,0.0,0.0,,0.0,,1.0,1.0,0.0,1.0,0.0,1.0,0.0,0.0,1.0,1.0,1.0,1.0,1.0,,0.0,1.0,0.0,1.0,1.0,1.0,0.0,,,1.0,0.0,0.0,,0.0,1.0,1.0,0.0,1.0,1.0,0.0,,1.0,0.0,0.0,0.0,1.0,1.0,0.0,1.0,0.0,0.0,1.0,1.0,1.0,1.0,,,1.0,0.0,,,,,,1.0,,0.0
Aureo Ribeiro,0.0,0.0,1.0,0.0,,1.0,1.0,1.0,0.0,1.0,0.0,1.0,1.0,0.0,1.0,1.0,0.0,,0.0,0.0,0.0,0.0,0.0,1.0,,,1.0,0.0,0.0,1.0,0.0,1.0,0.0,0.0,0.0,0.0,1.0,,,,0.0,1.0,0.0,1.0,1.0,1.0,,,,,,,0.0,,,0.0,0.0,,,1.0,1.0,1.0,1.0,0.0,0.0,1.0,,1.0,0.0,,,,,1.0,,,1.0,,1.0,,1.0,1.0,1.0,0.0,1.0,1.0,1.0,1.0,1.0,1.0,1.0,1.0,1.0,0.0,1.0,,1.0,1.0,0.0,,,0.0,1.0,1.0,1.0,1.0,0.0,0.0,1.0,1.0,1.0,0.0,0.0,,1.0,1.0,,0.0,0.0,0.0,1.0,0.0,0.0,0.0,,1.0,0.0,1.0,1.0,0.0,1.0,,,0.0,0.0,1.0,1.0,1.0,1.0,0.0,0.0,0.0,1.0,0.0,0.0,1.0,0.0,1.0,1.0,,0.0,1.0,1.0,0.0,,0.0,1.0,,,,0.0,0.0,1.0,0.0,1.0,0.0,0.0,,1.0,1.0,1.0,0.0,,1.0,,0.0,1.0,1.0,,,1.0,0.0,0.0,1.0,1.0,,,,,1.0,0.0,0.0,0.0,,,0.0,1.0,0.0,,,0.0,1.0,,0.0,0.0,0.0,0.0,0.0,1.0,0.0,0.0,0.0,1.0,0.0,0.0,0.0,,0.0,0.0,1.0,,1.0,1.0,0.0,1.0,1.0,,1.0,,0.0,0.0,,0.0,1.0,1.0,1.0,0.0,1.0,0.0,1.0,,0.0,0.0,,1.0,1.0,1.0,1.0,1.0,1.0,1.0,1.0,0.0,0.0,0.0,1.0,0.0,1.0,0.0,1.0,1.0,,1.0,1.0,0.0,,1.0,0.0,1.0,1.0,0.0,0.0,1.0,0.0,0.0,,0.0,0.0,1.0,0.0,1.0,,,,,,,0.0,,,1.0,1.0,0.0,,1.0,1.0,,,1.0,1.0,0.0,,1.0,1.0,1.0,,,1.0,,0.0,0.0,0.0,1.0,1.0,1.0,1.0,0.0,1.0,0.0,1.0,0.0,,1.0,1.0,1.0,1.0,1.0,1.0,1.0,1.0,1.0,1.0,0.0,0.0,0.0,0.0,,0.0,0.0,0.0,0.0,0.0,1.0,1.0,0.0,0.0,1.0,0.0,0.0,0.0,0.0,1.0,1.0,1.0,,0.0,0.0,1.0,0.0,0.0,0.0,0.0,,1.0,0.0,,1.0,1.0,0.0,1.0,1.0,0.0,0.0,1.0,1.0,0.0,1.0,0.0,0.0,1.0,0.0,0.0,,1.0,0.0,1.0,1.0,0.0,0.0,1.0,1.0,1.0,1.0,,1.0,1.0,1.0,0.0,,0.0,0.0,0.0,,0.0,0.0,0.0,,0.0,1.0,1.0,1.0,1.0,,0.0,,0.0,,,,1.0,,0.0,,0.0,0.0,,,,1.0,,,,,0.0,1.0,,0.0,0.0,,,0.0,0.0,0.0,0.0,1.0,1.0,,1.0,,0.0,0.0,0.0,1.0,0.0,1.0,1.0,,,,1.0,1.0,1.0,0.0,0.0,0.0,1.0,1.0,1.0,,,0.0,0.0,1.0,1.0,,1.0,,,0.0,,0.0,,0.0,,1.0,,,0.0,0.0,1.0,1.0,,1.0,0.0,,1.0,0.0,0.0,,0.0,0.0,0.0,1.0,,0.0
Aécio Neves,1.0,,1.0,0.0,,1.0,1.0,1.0,,1.0,0.0,1.0,0.0,1.0,0.0,1.0,0.0,0.0,0.0,0.0,1.0,,,1.0,,,,0.0,1.0,,0.0,1.0,0.0,0.0,,0.0,,,0.0,0.0,0.0,,0.0,1.0,1.0,1.0,0.0,1.0,1.0,,1.0,1.0,0.0,,1.0,0.0,0.0,1.0,,1.0,,,,,,,1.0,1.0,,,0.0,0.0,0.0,1.0,0.0,1.0,,0.0,1.0,1.0,,1.0,,,0.0,,1.0,,1.0,,1.0,1.0,0.0,0.0,,1.0,,,0.0,,,,,0.0,1.0,0.0,0.0,1.0,0.0,0.0,0.0,0.0,,1.0,1.0,1.0,0.0,,0.0,,1.0,,,,0.0,1.0,,0.0,,,1.0,0.0,1.0,,,,1.0,1.0,1.0,0.0,,,,,0.0,1.0,,1.0,,0.0,,,,,,,,,,,,,1.0,,,,,,1.0,,,0.0,0.0,1.0,,,1.0,1.0,,,1.0,,,,,,,,0.0,,,,0.0,1.0,0.0,,,0.0,1.0,1.0,,1.0,,,0.0,,,0.0,,,,0.0,1.0,0.0,,,1.0,0.0,0.0,1.0,,0.0,1.0,,,1.0,1.0,,1.0,,0.0,,,,,1.0,0.0,1.0,0.0,,1.0,0.0,,0.0,0.0,,,,,,,,,,1.0,1.0,0.0,,,1.0,1.0,1.0,1.0,,1.0,,1.0,,1.0,1.0,,1.0,0.0,,0.0,1.0,,0.0,1.0,0.0,,,,,0.0,0.0,0.0,0.0,,1.0,1.0,0.0,0.0,,0.0,1.0,,,1.0,0.0,0.0,,,1.0,1.0,0.0,,1.0,0.0,0.0,0.0,0.0,1.0,1.0,1.0,,,1.0,0.0,1.0,0.0,1.0,,0.0,1.0,1.0,1.0,,1.0,1.0,,1.0,,0.0,,0.0,1.0,,,,0.0,0.0,,1.0,1.0,1.0,0.0,0.0,1.0,,1.0,1.0,,,,0.0,0.0,1.0,1.0,,0.0,,,1.0,1.0,0.0,,,,,1.0,0.0,,1.0,,,,,,1.0,0.0,1.0,1.0,0.0,0.0,,,0.0,0.0,1.0,1.0,,,,1.0,1.0,,,0.0,,,,,0.0,,,,,,,,,,,,,0.0,0.0,,1.0,0.0,,,,,,,,,,,,,,,,,,0.0,0.0,,,,,,,,,,,,,1.0,1.0,1.0,1.0,,0.0,0.0,,,1.0,0.0,,,1.0,,,,,,,,,0.0,1.0,,0.0,,,,,,,1.0,,,1.0,,1.0,,,,,,1.0,0.0,,,,,,,,0.0
Bacelar,1.0,1.0,1.0,1.0,1.0,1.0,1.0,,,1.0,1.0,,0.0,1.0,0.0,1.0,0.0,1.0,0.0,0.0,1.0,0.0,1.0,1.0,1.0,,1.0,0.0,,0.0,1.0,0.0,1.0,1.0,1.0,1.0,0.0,1.0,1.0,1.0,1.0,1.0,0.0,0.0,1.0,1.0,,1.0,1.0,0.0,,1.0,0.0,1.0,1.0,0.0,0.0,1.0,,1.0,1.0,1.0,1.0,1.0,,0.0,1.0,1.0,1.0,1.0,,,,,,,1.0,0.0,1.0,1.0,,1.0,1.0,0.0,1.0,0.0,1.0,1.0,,0.0,,1.0,0.0,1.0,1.0,1.0,1.0,1.0,0.0,,,1.0,0.0,1.0,1.0,1.0,0.0,0.0,1.0,1.0,1.0,0.0,0.0,0.0,0.0,0.0,1.0,0.0,1.0,1.0,1.0,1.0,1.0,0.0,0.0,1.0,,1.0,0.0,,1.0,0.0,1.0,1.0,,1.0,1.0,0.0,1.0,,0.0,0.0,1.0,1.0,0.0,1.0,0.0,1.0,0.0,1.0,1.0,,0.0,1.0,,1.0,0.0,1.0,0.0,0.0,1.0,0.0,0.0,0.0,0.0,1.0,1.0,0.0,1.0,1.0,1.0,,,0.0,1.0,1.0,0.0,1.0,0.0,0.0,0.0,1.0,0.0,,0.0,0.0,0.0,0.0,0.0,,,0.0,1.0,,,,1.0,1.0,1.0,1.0,,1.0,1.0,1.0,1.0,1.0,,1.0,0.0,1.0,1.0,1.0,0.0,1.0,1.0,,1.0,0.0,1.0,0.0,,0.0,0.0,1.0,0.0,,,0.0,0.0,1.0,1.0,,1.0,0.0,,0.0,1.0,0.0,1.0,1.0,0.0,1.0,1.0,0.0,1.0,0.0,1.0,1.0,1.0,1.0,,,0.0,1.0,,0.0,1.0,1.0,0.0,1.0,,1.0,1.0,1.0,0.0,0.0,1.0,1.0,1.0,1.0,,1.0,1.0,,1.0,0.0,0.0,1.0,,1.0,0.0,0.0,0.0,0.0,1.0,1.0,,,,0.0,0.0,,1.0,,0.0,0.0,,,,1.0,0.0,0.0,1.0,1.0,1.0,,0.0,1.0,0.0,1.0,1.0,0.0,0.0,0.0,0.0,0.0,,1.0,1.0,0.0,1.0,0.0,0.0,0.0,1.0,0.0,,,1.0,0.0,0.0,0.0,0.0,0.0,1.0,,0.0,,0.0,1.0,1.0,1.0,1.0,1.0,0.0,0.0,0.0,1.0,,0.0,1.0,,1.0,1.0,0.0,1.0,0.0,,1.0,0.0,1.0,0.0,0.0,0.0,1.0,0.0,0.0,0.0,1.0,0.0,0.0,1.0,1.0,1.0,,1.0,1.0,,,1.0,0.0,1.0,,0.0,1.0,0.0,1.0,1.0,1.0,1.0,1.0,1.0,,0.0,1.0,0.0,0.0,1.0,1.0,1.0,1.0,1.0,1.0,1.0,0.0,1.0,0.0,1.0,0.0,,0.0,0.0,0.0,1.0,0.0,1.0,1.0,1.0,1.0,0.0,1.0,1.0,1.0,1.0,,1.0,0.0,1.0,0.0,0.0,1.0,1.0,0.0,1.0,0.0,0.0,1.0,,1.0,1.0,1.0,1.0,,1.0,0.0,0.0,1.0,0.0,1.0,0.0,0.0,1.0,1.0,1.0,0.0,0.0,0.0,0.0,0.0,,0.0,,,,,,,,0.0,0.0,0.0,,0.0,0.0,1.0,1.0,1.0,1.0,1.0,0.0,0.0,0.0,1.0,0.0,1.0,0.0,1.0,1.0,0.0,0.0,0.0,,1.0,,,0.0,1.0,0.0,0.0,1.0,0.0,0.0,,,1.0
Baleia Rossi,,,1.0,0.0,,1.0,0.0,,0.0,1.0,,,,0.0,,,,,,,,,,1.0,,,,,,1.0,0.0,1.0,0.0,0.0,0.0,0.0,1.0,1.0,0.0,1.0,0.0,,0.0,0.0,0.0,1.0,0.0,1.0,1.0,0.0,0.0,1.0,0.0,,1.0,0.0,0.0,1.0,0.0,,1.0,1.0,1.0,0.0,,,0.0,1.0,0.0,0.0,0.0,,0.0,,,,,,,1.0,,1.0,1.0,0.0,0.0,1.0,1.0,1.0,,1.0,,1.0,1.0,,,1.0,1.0,1.0,0.0,0.0,0.0,0.0,1.0,1.0,1.0,1.0,0.0,0.0,1.0,1.0,1.0,0.0,0.0,,,,,,,,1.0,,,,0.0,1.0,0.0,1.0,,0.0,1.0,,1.0,0.0,,1.0,1.0,1.0,1.0,,0.0,1.0,,0.0,0.0,,,1.0,,,,,,0.0,,,1.0,0.0,1.0,1.0,0.0,0.0,,,1.0,0.0,0.0,,,1.0,1.0,0.0,,1.0,0.0,,1.0,1.0,1.0,1.0,1.0,1.0,0.0,1.0,1.0,1.0,,1.0,1.0,1.0,0.0,1.0,0.0,,,0.0,,0.0,1.0,1.0,,1.0,0.0,0.0,0.0,0.0,0.0,0.0,,0.0,0.0,0.0,,,0.0,,,0.0,0.0,1.0,1.0,1.0,,0.0,1.0,1.0,1.0,,,,,0.0,,1.0,1.0,,0.0,1.0,0.0,0.0,1.0,0.0,,0.0,1.0,1.0,0.0,0.0,0.0,1.0,1.0,1.0,1.0,0.0,0.0,1.0,0.0,1.0,0.0,1.0,1.0,,1.0,1.0,1.0,1.0,1.0,,1.0,0.0,1.0,0.0,0.0,,0.0,,,0.0,1.0,0.0,1.0,1.0,1.0,1.0,0.0,0.0,0.0,0.0,0.0,1.0,1.0,0.0,0.0,0.0,1.0,1.0,1.0,,1.0,0.0,0.0,1.0,0.0,1.0,,,0.0,1.0,0.0,,,0.0,,1.0,,1.0,0.0,1.0,0.0,1.0,,1.0,1.0,0.0,0.0,1.0,1.0,1.0,1.0,1.0,1.0,1.0,0.0,0.0,0.0,0.0,1.0,0.0,0.0,0.0,0.0,0.0,1.0,1.0,0.0,1.0,1.0,,0.0,,0.0,1.0,,1.0,,,0.0,1.0,0.0,,0.0,0.0,0.0,1.0,,,,,,,,,0.0,1.0,1.0,0.0,,0.0,0.0,1.0,0.0,0.0,0.0,,,0.0,1.0,0.0,0.0,1.0,1.0,1.0,1.0,0.0,1.0,1.0,,0.0,0.0,0.0,0.0,,,0.0,,,,,,0.0,0.0,,,,,0.0,0.0,0.0,,1.0,0.0,0.0,,,0.0,0.0,,0.0,1.0,1.0,0.0,0.0,1.0,,1.0,,0.0,,0.0,0.0,0.0,0.0,0.0,,,1.0,0.0,1.0,0.0,,,,1.0,1.0,,,,,,1.0,,,,,,,,,0.0,0.0,0.0,1.0,1.0,,0.0,1.0,1.0,,,1.0,,,0.0,,1.0,,,,,1.0,1.0,1.0,,0.0,0.0,1.0,0.0,0.0,0.0,0.0,0.0,0.0,1.0,0.0,0.0
Benedita da Silva,1.0,1.0,1.0,1.0,1.0,1.0,1.0,,,,1.0,1.0,,,,,,,,,,,1.0,1.0,,1.0,1.0,0.0,1.0,0.0,,,,,,,,1.0,,1.0,,1.0,,0.0,,1.0,0.0,1.0,1.0,0.0,0.0,1.0,0.0,1.0,1.0,0.0,0.0,1.0,0.0,,,,0.0,,,0.0,,1.0,,,,,,,,,,,,,,1.0,1.0,0.0,1.0,0.0,1.0,1.0,1.0,1.0,,1.0,,,,1.0,1.0,1.0,0.0,0.0,0.0,1.0,0.0,1.0,1.0,1.0,0.0,0.0,1.0,1.0,1.0,0.0,0.0,0.0,0.0,0.0,1.0,0.0,1.0,1.0,0.0,1.0,1.0,0.0,1.0,0.0,0.0,1.0,1.0,1.0,0.0,1.0,1.0,1.0,1.0,0.0,0.0,0.0,1.0,0.0,0.0,0.0,1.0,1.0,0.0,1.0,0.0,1.0,0.0,,,,,,,,0.0,,,0.0,,0.0,,,,,1.0,0.0,1.0,,,0.0,,,,,0.0,,0.0,0.0,1.0,0.0,0.0,0.0,0.0,0.0,0.0,0.0,0.0,0.0,,0.0,1.0,0.0,1.0,,1.0,,1.0,1.0,0.0,1.0,,,1.0,1.0,,1.0,,1.0,1.0,1.0,0.0,1.0,1.0,0.0,1.0,1.0,1.0,0.0,0.0,0.0,0.0,1.0,0.0,,,0.0,0.0,1.0,1.0,1.0,,0.0,0.0,0.0,1.0,0.0,1.0,1.0,0.0,1.0,1.0,1.0,1.0,,1.0,,1.0,,,,0.0,1.0,1.0,0.0,1.0,,0.0,1.0,1.0,1.0,0.0,0.0,0.0,0.0,1.0,1.0,0.0,1.0,0.0,1.0,1.0,1.0,1.0,0.0,0.0,1.0,0.0,1.0,0.0,0.0,0.0,0.0,1.0,1.0,1.0,1.0,0.0,0.0,0.0,1.0,,1.0,1.0,0.0,0.0,1.0,,1.0,0.0,,0.0,1.0,1.0,1.0,0.0,0.0,0.0,1.0,1.0,0.0,0.0,0.0,0.0,0.0,,,,,,,,,,,,,1.0,0.0,0.0,0.0,1.0,1.0,1.0,1.0,0.0,1.0,,,,,,,,,,,,,,,,1.0,0.0,1.0,0.0,,1.0,0.0,1.0,0.0,0.0,0.0,1.0,0.0,0.0,0.0,1.0,0.0,,,0.0,1.0,0.0,1.0,1.0,1.0,1.0,0.0,0.0,1.0,1.0,1.0,1.0,0.0,1.0,0.0,1.0,1.0,1.0,1.0,1.0,0.0,0.0,0.0,,,,,,,1.0,1.0,,1.0,0.0,1.0,0.0,0.0,0.0,0.0,0.0,,,,,1.0,1.0,0.0,,,,,,,,,0.0,0.0,1.0,1.0,0.0,1.0,0.0,0.0,1.0,,,,,,,,,,,,1.0,0.0,0.0,1.0,1.0,1.0,0.0,0.0,0.0,0.0,1.0,1.0,1.0,1.0,0.0,0.0,,1.0,0.0,0.0,1.0,1.0,0.0,1.0,1.0,0.0,0.0,1.0,,1.0,1.0,1.0,0.0,0.0,1.0,0.0,1.0,0.0,1.0,1.0,,1.0,0.0,0.0,1.0,,1.0,0.0,1.0,0.0,0.0,0.0,0.0,0.0,1.0,0.0,1.0
Benes Leocádio,,0.0,1.0,0.0,1.0,1.0,1.0,1.0,0.0,1.0,0.0,1.0,0.0,1.0,1.0,1.0,0.0,0.0,0.0,0.0,1.0,,0.0,1.0,0.0,1.0,0.0,0.0,1.0,1.0,0.0,1.0,0.0,0.0,0.0,0.0,1.0,0.0,0.0,0.0,0.0,0.0,0.0,1.0,0.0,,0.0,1.0,1.0,,0.0,1.0,,1.0,1.0,0.0,0.0,,0.0,1.0,1.0,1.0,1.0,0.0,0.0,1.0,1.0,1.0,,,0.0,0.0,0.0,1.0,0.0,1.0,1.0,0.0,1.0,1.0,1.0,1.0,1.0,0.0,0.0,1.0,1.0,1.0,1.0,1.0,1.0,1.0,1.0,0.0,1.0,1.0,1.0,1.0,0.0,,,0.0,1.0,1.0,1.0,1.0,0.0,0.0,1.0,1.0,1.0,0.0,,1.0,1.0,1.0,,,,,,,0.0,0.0,,1.0,1.0,0.0,,0.0,1.0,0.0,0.0,1.0,0.0,1.0,1.0,1.0,1.0,0.0,0.0,0.0,1.0,0.0,1.0,1.0,0.0,1.0,,0.0,0.0,1.0,1.0,0.0,0.0,0.0,1.0,,,,,,,,,,0.0,,1.0,1.0,1.0,,0.0,1.0,0.0,0.0,1.0,1.0,1.0,1.0,1.0,0.0,0.0,0.0,1.0,1.0,1.0,1.0,1.0,1.0,0.0,0.0,0.0,0.0,0.0,0.0,,0.0,1.0,0.0,0.0,1.0,0.0,0.0,0.0,0.0,0.0,0.0,1.0,0.0,0.0,0.0,1.0,1.0,0.0,,1.0,0.0,0.0,1.0,1.0,1.0,1.0,0.0,1.0,1.0,1.0,1.0,1.0,0.0,0.0,,0.0,1.0,1.0,1.0,0.0,1.0,0.0,0.0,1.0,0.0,0.0,1.0,1.0,1.0,,0.0,1.0,,1.0,1.0,1.0,0.0,0.0,1.0,0.0,1.0,0.0,1.0,1.0,1.0,1.0,1.0,1.0,1.0,1.0,,1.0,0.0,1.0,,0.0,0.0,0.0,1.0,0.0,0.0,,0.0,1.0,1.0,1.0,1.0,0.0,0.0,0.0,0.0,1.0,1.0,1.0,0.0,0.0,0.0,1.0,1.0,1.0,0.0,,0.0,1.0,0.0,0.0,1.0,1.0,0.0,1.0,1.0,,0.0,0.0,0.0,1.0,1.0,1.0,,0.0,1.0,0.0,1.0,0.0,1.0,1.0,0.0,1.0,1.0,1.0,1.0,1.0,1.0,,1.0,0.0,0.0,0.0,0.0,1.0,0.0,0.0,0.0,0.0,0.0,1.0,1.0,1.0,1.0,1.0,0.0,1.0,0.0,0.0,1.0,1.0,1.0,,0.0,0.0,,0.0,0.0,0.0,,0.0,1.0,0.0,1.0,1.0,1.0,0.0,1.0,,,0.0,1.0,1.0,0.0,1.0,0.0,0.0,1.0,0.0,0.0,0.0,,0.0,,1.0,0.0,0.0,1.0,1.0,1.0,,,,1.0,1.0,0.0,0.0,,0.0,0.0,,0.0,0.0,0.0,1.0,0.0,1.0,1.0,1.0,0.0,1.0,1.0,1.0,0.0,0.0,0.0,0.0,1.0,,0.0,0.0,0.0,0.0,0.0,1.0,0.0,1.0,,0.0,0.0,1.0,0.0,1.0,1.0,0.0,0.0,0.0,,,,,,,,,,,0.0,0.0,1.0,1.0,1.0,0.0,1.0,1.0,0.0,0.0,1.0,0.0,0.0,0.0,0.0,0.0,1.0,1.0,1.0,0.0,,0.0,0.0,1.0,1.0,0.0,1.0,1.0,0.0,0.0,1.0,0.0,0.0,0.0,1.0,1.0,0.0,,0.0,,1.0,1.0,1.0,1.0,,,1.0,0.0,,,,,,,,0.0
Beto Faro,1.0,1.0,1.0,1.0,1.0,1.0,1.0,,,,1.0,1.0,1.0,,,,,,,,,0.0,1.0,,,1.0,,,,,,,,,,,,1.0,1.0,1.0,,1.0,0.0,0.0,,1.0,0.0,1.0,1.0,0.0,0.0,1.0,0.0,1.0,1.0,0.0,0.0,1.0,0.0,1.0,,,,,,0.0,1.0,1.0,,1.0,,,,,,1.0,,,,,1.0,,1.0,0.0,1.0,0.0,,,1.0,,,1.0,0.0,1.0,1.0,1.0,1.0,1.0,,0.0,0.0,1.0,0.0,1.0,1.0,1.0,0.0,0.0,1.0,1.0,1.0,0.0,0.0,0.0,0.0,0.0,1.0,0.0,1.0,1.0,1.0,1.0,1.0,,1.0,0.0,0.0,1.0,1.0,1.0,0.0,1.0,1.0,1.0,1.0,0.0,0.0,0.0,1.0,0.0,1.0,0.0,1.0,1.0,0.0,1.0,0.0,0.0,0.0,,,,,,1.0,,0.0,,,0.0,,0.0,,,,,1.0,0.0,1.0,,,0.0,,,,,0.0,,0.0,0.0,0.0,0.0,0.0,0.0,0.0,0.0,0.0,0.0,0.0,0.0,1.0,0.0,1.0,0.0,1.0,0.0,1.0,1.0,1.0,1.0,0.0,1.0,,,1.0,,1.0,1.0,0.0,1.0,1.0,1.0,0.0,1.0,1.0,,0.0,1.0,,0.0,0.0,0.0,0.0,1.0,0.0,0.0,0.0,0.0,0.0,1.0,1.0,1.0,1.0,0.0,0.0,0.0,1.0,0.0,1.0,1.0,0.0,1.0,1.0,1.0,1.0,0.0,1.0,1.0,1.0,1.0,1.0,1.0,0.0,1.0,1.0,0.0,1.0,1.0,0.0,1.0,0.0,1.0,0.0,1.0,0.0,0.0,1.0,1.0,0.0,1.0,0.0,1.0,1.0,1.0,1.0,0.0,0.0,1.0,0.0,1.0,1.0,0.0,0.0,,1.0,1.0,1.0,1.0,0.0,0.0,0.0,1.0,,1.0,0.0,0.0,0.0,1.0,0.0,1.0,,1.0,1.0,1.0,1.0,1.0,,,0.0,1.0,1.0,0.0,0.0,0.0,0.0,0.0,1.0,1.0,1.0,0.0,1.0,0.0,0.0,,1.0,0.0,0.0,1.0,1.0,0.0,0.0,0.0,,1.0,1.0,1.0,0.0,1.0,0.0,1.0,1.0,1.0,1.0,1.0,0.0,0.0,0.0,1.0,1.0,,1.0,1.0,1.0,1.0,0.0,1.0,0.0,1.0,1.0,0.0,1.0,0.0,0.0,0.0,1.0,0.0,0.0,0.0,1.0,0.0,,,,1.0,0.0,1.0,1.0,1.0,1.0,0.0,0.0,1.0,1.0,1.0,1.0,0.0,1.0,0.0,1.0,1.0,1.0,1.0,1.0,0.0,0.0,0.0,,,,,,,1.0,1.0,,1.0,0.0,1.0,0.0,0.0,0.0,0.0,0.0,,,,1.0,1.0,1.0,0.0,,,,,,,,,0.0,0.0,1.0,1.0,0.0,1.0,0.0,0.0,1.0,,,,,,,,,,,,1.0,0.0,0.0,1.0,1.0,1.0,0.0,0.0,0.0,0.0,1.0,1.0,1.0,1.0,0.0,0.0,0.0,0.0,0.0,0.0,1.0,1.0,0.0,1.0,1.0,0.0,0.0,1.0,1.0,1.0,1.0,1.0,,0.0,1.0,0.0,1.0,0.0,1.0,1.0,0.0,1.0,,0.0,1.0,1.0,1.0,0.0,1.0,0.0,0.0,0.0,0.0,0.0,1.0,0.0,1.0
Beto Pereira,0.0,0.0,1.0,0.0,,1.0,0.0,1.0,0.0,,0.0,1.0,0.0,1.0,0.0,1.0,0.0,1.0,0.0,0.0,1.0,,0.0,,0.0,1.0,,0.0,,,1.0,1.0,,0.0,0.0,0.0,1.0,1.0,0.0,0.0,0.0,0.0,0.0,1.0,1.0,1.0,0.0,1.0,1.0,,,1.0,,1.0,1.0,0.0,0.0,1.0,,1.0,1.0,,,0.0,0.0,1.0,1.0,1.0,0.0,0.0,0.0,,0.0,1.0,0.0,1.0,1.0,0.0,1.0,1.0,1.0,1.0,1.0,0.0,0.0,1.0,1.0,1.0,1.0,1.0,1.0,1.0,1.0,0.0,1.0,1.0,1.0,,,,0.0,1.0,1.0,1.0,1.0,0.0,,0.0,0.0,1.0,1.0,0.0,0.0,1.0,1.0,,0.0,1.0,1.0,,,,0.0,1.0,,1.0,0.0,0.0,1.0,1.0,1.0,1.0,0.0,0.0,1.0,1.0,1.0,1.0,1.0,,1.0,0.0,1.0,0.0,0.0,1.0,0.0,1.0,1.0,,0.0,1.0,1.0,0.0,0.0,0.0,1.0,0.0,1.0,1.0,0.0,0.0,,0.0,1.0,0.0,0.0,0.0,1.0,,1.0,0.0,0.0,1.0,0.0,0.0,1.0,1.0,1.0,1.0,1.0,1.0,1.0,1.0,1.0,1.0,,,,1.0,0.0,1.0,0.0,1.0,0.0,0.0,0.0,,1.0,0.0,,1.0,1.0,1.0,0.0,0.0,,0.0,1.0,0.0,1.0,0.0,1.0,0.0,0.0,0.0,,,0.0,,0.0,0.0,1.0,,,,1.0,1.0,1.0,0.0,0.0,,0.0,1.0,1.0,,0.0,1.0,0.0,0.0,1.0,0.0,1.0,0.0,,1.0,0.0,0.0,1.0,1.0,,1.0,1.0,1.0,0.0,1.0,0.0,1.0,,1.0,1.0,,,1.0,1.0,1.0,,0.0,1.0,1.0,1.0,1.0,,0.0,0.0,1.0,0.0,0.0,,,1.0,,,,,0.0,0.0,0.0,1.0,1.0,1.0,1.0,,,0.0,1.0,,,,,0.0,,1.0,1.0,1.0,,0.0,1.0,0.0,0.0,,0.0,,1.0,1.0,0.0,,1.0,0.0,1.0,0.0,1.0,1.0,0.0,1.0,,1.0,1.0,1.0,1.0,1.0,1.0,0.0,0.0,0.0,0.0,1.0,0.0,,0.0,0.0,0.0,1.0,,0.0,1.0,0.0,0.0,1.0,1.0,1.0,1.0,,1.0,,0.0,0.0,1.0,1.0,0.0,1.0,,,1.0,1.0,0.0,1.0,1.0,1.0,0.0,0.0,,,,1.0,0.0,,0.0,,1.0,0.0,,,0.0,0.0,0.0,1.0,0.0,1.0,1.0,1.0,1.0,,,1.0,1.0,,0.0,0.0,0.0,0.0,0.0,,0.0,0.0,0.0,,0.0,,,,,,,,0.0,0.0,0.0,0.0,1.0,0.0,0.0,0.0,0.0,0.0,,1.0,0.0,1.0,1.0,,0.0,1.0,0.0,1.0,1.0,0.0,,0.0,,0.0,0.0,0.0,0.0,,1.0,0.0,1.0,0.0,0.0,,1.0,1.0,1.0,1.0,1.0,1.0,0.0,0.0,1.0,0.0,1.0,1.0,1.0,1.0,,,,1.0,,0.0,0.0,1.0,1.0,0.0,1.0,1.0,0.0,0.0,1.0,,,,,1.0,0.0,1.0,1.0,0.0,1.0,1.0,1.0,1.0,,0.0,1.0,0.0,,,,,,,,0.0
Beto Rosado,,,1.0,0.0,1.0,1.0,,,,1.0,,1.0,0.0,1.0,0.0,1.0,0.0,1.0,0.0,,,0.0,,1.0,,,,,,,,,,,,,,,,,,,,,,1.0,0.0,,1.0,,0.0,,0.0,1.0,1.0,0.0,0.0,,,1.0,1.0,1.0,,0.0,,,1.0,,0.0,0.0,0.0,,0.0,1.0,0.0,1.0,1.0,0.0,1.0,1.0,,1.0,,0.0,0.0,1.0,1.0,1.0,1.0,,,1.0,1.0,0.0,,,1.0,1.0,0.0,,,,,1.0,1.0,1.0,0.0,0.0,1.0,1.0,1.0,0.0,0.0,,,,,,0.0,0.0,1.0,,,,,1.0,0.0,,,,,,,,,,,,,,1.0,1.0,,,,,,,1.0,,0.0,1.0,1.0,0.0,0.0,0.0,1.0,0.0,,1.0,0.0,,,,,0.0,0.0,,1.0,1.0,1.0,,,,1.0,,1.0,1.0,,,,,,,,,,,,1.0,0.0,1.0,0.0,,,0.0,0.0,0.0,1.0,1.0,0.0,1.0,0.0,0.0,,0.0,,,,,,0.0,1.0,1.0,0.0,,,,,,,,,0.0,1.0,1.0,,1.0,1.0,0.0,0.0,,,1.0,1.0,,0.0,1.0,,0.0,,0.0,,,1.0,,0.0,1.0,1.0,1.0,,,,0.0,0.0,1.0,,,,1.0,1.0,1.0,1.0,,1.0,1.0,1.0,,1.0,0.0,1.0,,0.0,,,,,,,,,,,,0.0,0.0,0.0,,,,1.0,,,,,,,,,0.0,0.0,0.0,,0.0,1.0,,,1.0,,,0.0,0.0,1.0,1.0,1.0,,0.0,1.0,0.0,1.0,0.0,1.0,1.0,0.0,1.0,1.0,,,1.0,1.0,1.0,1.0,0.0,,0.0,,1.0,0.0,0.0,,0.0,0.0,,1.0,1.0,1.0,1.0,0.0,0.0,,0.0,1.0,,,,,,1.0,0.0,0.0,,,,1.0,0.0,0.0,1.0,1.0,0.0,1.0,,,0.0,,1.0,0.0,1.0,0.0,0.0,0.0,,,,0.0,0.0,0.0,1.0,0.0,0.0,1.0,,1.0,,0.0,1.0,,1.0,,,,,,,,,,,,,,,,,,1.0,,,0.0,,,,,,,,,,,,1.0,,,,,1.0,1.0,,,0.0,,,,,,,,,,,0.0,,,1.0,,1.0,1.0,1.0,,0.0,1.0,0.0,,,,,,1.0,1.0,0.0,,0.0,0.0,,1.0,,1.0,,0.0,,,,,,,,,1.0,1.0,,,,1.0,1.0,,0.0,,,,,,,,,,0.0
Bia Cavassa,,,1.0,1.0,1.0,1.0,1.0,,,1.0,,,1.0,0.0,0.0,1.0,1.0,0.0,0.0,1.0,1.0,1.0,,1.0,0.0,1.0,0.0,0.0,1.0,1.0,0.0,1.0,0.0,0.0,0.0,0.0,1.0,1.0,0.0,0.0,0.0,0.0,0.0,1.0,,,,,,,,,0.0,1.0,1.0,0.0,0.0,1.0,0.0,1.0,1.0,1.0,1.0,0.0,0.0,1.0,1.0,0.0,0.0,0.0,0.0,0.0,0.0,1.0,0.0,1.0,1.0,0.0,1.0,1.0,1.0,1.0,1.0,0.0,0.0,1.0,1.0,1.0,1.0,1.0,,1.0,,,,1.0,1.0,1.0,0.0,0.0,0.0,1.0,1.0,,,,,,,,,,,1.0,,,,,0.0,0.0,1.0,0.0,0.0,1.0,0.0,1.0,0.0,0.0,0.0,0.0,1.0,1.0,1.0,0.0,1.0,1.0,1.0,1.0,1.0,0.0,0.0,0.0,,,,,,,1.0,,0.0,1.0,1.0,0.0,0.0,0.0,1.0,,,,0.0,0.0,,0.0,1.0,0.0,0.0,0.0,1.0,1.0,1.0,0.0,0.0,,0.0,,1.0,1.0,1.0,1.0,1.0,1.0,1.0,1.0,1.0,1.0,0.0,1.0,1.0,1.0,0.0,0.0,0.0,1.0,0.0,0.0,0.0,0.0,1.0,0.0,0.0,1.0,0.0,0.0,0.0,0.0,0.0,1.0,1.0,0.0,1.0,0.0,1.0,0.0,0.0,0.0,1.0,0.0,0.0,1.0,0.0,0.0,1.0,0.0,1.0,1.0,1.0,1.0,1.0,0.0,0.0,0.0,0.0,1.0,1.0,1.0,0.0,1.0,0.0,0.0,1.0,0.0,1.0,0.0,0.0,1.0,1.0,1.0,1.0,1.0,1.0,1.0,1.0,1.0,0.0,0.0,1.0,1.0,,1.0,1.0,1.0,1.0,1.0,1.0,1.0,1.0,0.0,1.0,1.0,1.0,1.0,0.0,0.0,0.0,1.0,0.0,0.0,1.0,0.0,1.0,1.0,1.0,1.0,0.0,0.0,0.0,0.0,1.0,1.0,1.0,1.0,0.0,0.0,0.0,1.0,1.0,1.0,1.0,0.0,0.0,1.0,1.0,1.0,1.0,0.0,0.0,1.0,0.0,0.0,0.0,0.0,1.0,1.0,1.0,1.0,0.0,1.0,0.0,1.0,1.0,1.0,1.0,0.0,1.0,1.0,1.0,1.0,1.0,1.0,1.0,1.0,0.0,0.0,0.0,0.0,1.0,0.0,0.0,0.0,0.0,1.0,1.0,1.0,1.0,1.0,1.0,0.0,1.0,0.0,1.0,1.0,,1.0,,0.0,0.0,1.0,1.0,0.0,1.0,0.0,0.0,1.0,1.0,,,,,0.0,0.0,0.0,0.0,1.0,1.0,0.0,1.0,0.0,0.0,1.0,0.0,1.0,1.0,0.0,0.0,0.0,1.0,0.0,1.0,1.0,1.0,1.0,1.0,0.0,1.0,1.0,,0.0,0.0,0.0,0.0,0.0,1.0,0.0,0.0,0.0,1.0,0.0,1.0,,,1.0,0.0,0.0,1.0,0.0,0.0,0.0,0.0,1.0,0.0,0.0,0.0,0.0,0.0,,,,,,,0.0,1.0,,1.0,1.0,0.0,0.0,0.0,0.0,0.0,0.0,0.0,0.0,1.0,1.0,0.0,1.0,0.0,0.0,0.0,1.0,1.0,1.0,1.0,1.0,,,0.0,1.0,0.0,1.0,0.0,0.0,,1.0,,1.0,0.0,0.0,0.0,0.0,0.0,1.0,0.0,1.0,,,,1.0,0.0,0.0,0.0,1.0,0.0,0.0,1.0,1.0,0.0,1.0,1.0,1.0,1.0,,0.0,1.0,0.0,0.0,0.0,0.0,0.0,0.0,1.0,0.0,0.0
Bia Kicis,0.0,0.0,0.0,0.0,0.0,0.0,0.0,1.0,0.0,0.0,0.0,1.0,1.0,0.0,0.0,0.0,,1.0,0.0,,1.0,0.0,1.0,0.0,0.0,0.0,,0.0,1.0,1.0,0.0,1.0,0.0,0.0,0.0,0.0,1.0,0.0,0.0,0.0,0.0,0.0,0.0,,0.0,1.0,0.0,1.0,1.0,0.0,0.0,1.0,,0.0,0.0,1.0,1.0,1.0,0.0,0.0,1.0,1.0,1.0,0.0,0.0,1.0,,0.0,0.0,0.0,0.0,0.0,,1.0,0.0,1.0,,,,1.0,1.0,1.0,1.0,0.0,0.0,1.0,0.0,0.0,1.0,1.0,,1.0,1.0,0.0,0.0,1.0,1.0,1.0,,1.0,0.0,0.0,1.0,0.0,0.0,0.0,0.0,1.0,0.0,0.0,0.0,1.0,1.0,1.0,1.0,1.0,0.0,0.0,0.0,0.0,1.0,0.0,0.0,0.0,0.0,1.0,1.0,0.0,0.0,0.0,1.0,0.0,0.0,0.0,0.0,1.0,1.0,1.0,0.0,0.0,0.0,0.0,1.0,0.0,1.0,1.0,0.0,1.0,1.0,0.0,0.0,1.0,1.0,0.0,0.0,0.0,1.0,0.0,1.0,1.0,0.0,0.0,,0.0,1.0,,0.0,,1.0,1.0,1.0,1.0,0.0,1.0,0.0,0.0,1.0,1.0,1.0,1.0,1.0,1.0,1.0,1.0,1.0,1.0,1.0,1.0,1.0,1.0,0.0,1.0,0.0,1.0,0.0,0.0,,0.0,1.0,0.0,0.0,1.0,0.0,0.0,0.0,0.0,0.0,,,,,0.0,1.0,1.0,0.0,,1.0,0.0,0.0,1.0,1.0,,,,,,,,,0.0,0.0,,,,,,0.0,,0.0,,1.0,0.0,0.0,,1.0,,0.0,0.0,0.0,0.0,,1.0,1.0,0.0,0.0,0.0,0.0,0.0,0.0,1.0,1.0,1.0,1.0,1.0,1.0,1.0,1.0,0.0,1.0,0.0,1.0,0.0,0.0,0.0,0.0,1.0,0.0,0.0,1.0,0.0,1.0,1.0,1.0,1.0,0.0,0.0,,,,1.0,1.0,0.0,0.0,0.0,1.0,1.0,,0.0,,0.0,1.0,,0.0,0.0,1.0,0.0,0.0,1.0,0.0,0.0,0.0,0.0,1.0,1.0,1.0,,0.0,1.0,0.0,1.0,0.0,1.0,1.0,0.0,1.0,1.0,1.0,1.0,1.0,1.0,1.0,1.0,0.0,0.0,0.0,0.0,1.0,0.0,0.0,0.0,0.0,0.0,,1.0,1.0,1.0,1.0,0.0,0.0,0.0,0.0,1.0,1.0,0.0,,0.0,0.0,,0.0,1.0,0.0,0.0,,1.0,0.0,0.0,1.0,1.0,0.0,1.0,1.0,0.0,0.0,,1.0,0.0,1.0,0.0,0.0,1.0,0.0,0.0,0.0,0.0,0.0,0.0,0.0,,0.0,1.0,1.0,0.0,1.0,0.0,1.0,,1.0,0.0,0.0,0.0,0.0,0.0,1.0,0.0,,,1.0,0.0,1.0,1.0,,,,,,0.0,0.0,0.0,0.0,1.0,,0.0,0.0,0.0,0.0,,1.0,0.0,1.0,,,,,,,,0.0,0.0,,,0.0,,,0.0,1.0,,,1.0,,1.0,,0.0,0.0,0.0,1.0,1.0,1.0,1.0,0.0,,0.0,0.0,,0.0,0.0,1.0,1.0,1.0,0.0,0.0,0.0,0.0,0.0,1.0,0.0,1.0,0.0,,0.0,1.0,0.0,0.0,0.0,1.0,1.0,0.0,1.0,0.0,0.0,1.0,,1.0,1.0,0.0,0.0,1.0,0.0,0.0,0.0,0.0,0.0,0.0,1.0,,0.0
Bibo Nunes,0.0,0.0,1.0,0.0,1.0,1.0,0.0,1.0,,1.0,0.0,1.0,0.0,1.0,0.0,1.0,0.0,0.0,0.0,0.0,1.0,0.0,1.0,0.0,,0.0,0.0,0.0,1.0,1.0,0.0,1.0,0.0,0.0,0.0,0.0,1.0,0.0,0.0,,0.0,0.0,,1.0,0.0,1.0,0.0,1.0,1.0,0.0,0.0,1.0,0.0,0.0,0.0,1.0,1.0,1.0,0.0,1.0,0.0,1.0,1.0,0.0,0.0,1.0,1.0,0.0,0.0,0.0,0.0,0.0,0.0,1.0,0.0,1.0,1.0,0.0,1.0,1.0,1.0,1.0,,,0.0,1.0,1.0,1.0,1.0,,1.0,1.0,1.0,0.0,0.0,0.0,1.0,1.0,0.0,0.0,0.0,0.0,1.0,0.0,0.0,0.0,0.0,1.0,0.0,0.0,0.0,1.0,1.0,1.0,1.0,1.0,0.0,0.0,0.0,0.0,1.0,0.0,0.0,0.0,0.0,1.0,1.0,0.0,0.0,0.0,1.0,0.0,0.0,0.0,0.0,1.0,1.0,1.0,0.0,0.0,0.0,0.0,1.0,0.0,0.0,1.0,0.0,1.0,1.0,0.0,0.0,1.0,1.0,0.0,0.0,,1.0,0.0,1.0,1.0,0.0,0.0,1.0,,1.0,0.0,0.0,0.0,1.0,1.0,1.0,0.0,0.0,1.0,0.0,0.0,1.0,1.0,1.0,1.0,1.0,1.0,1.0,1.0,1.0,1.0,1.0,1.0,1.0,1.0,0.0,1.0,0.0,1.0,0.0,0.0,0.0,0.0,1.0,0.0,0.0,1.0,0.0,0.0,0.0,0.0,,0.0,1.0,0.0,0.0,0.0,1.0,1.0,0.0,,1.0,0.0,0.0,1.0,1.0,1.0,1.0,0.0,1.0,1.0,1.0,1.0,1.0,0.0,0.0,0.0,0.0,1.0,1.0,1.0,0.0,1.0,0.0,0.0,1.0,0.0,0.0,0.0,1.0,1.0,0.0,0.0,0.0,1.0,,1.0,1.0,0.0,0.0,0.0,0.0,0.0,0.0,1.0,1.0,1.0,1.0,1.0,1.0,1.0,1.0,0.0,1.0,0.0,1.0,0.0,0.0,0.0,0.0,1.0,0.0,0.0,1.0,0.0,1.0,1.0,1.0,1.0,0.0,0.0,0.0,0.0,1.0,1.0,1.0,0.0,0.0,0.0,1.0,1.0,1.0,0.0,1.0,0.0,0.0,0.0,0.0,0.0,1.0,0.0,,1.0,0.0,0.0,0.0,0.0,1.0,1.0,1.0,1.0,0.0,1.0,0.0,1.0,0.0,1.0,1.0,0.0,1.0,1.0,1.0,1.0,1.0,1.0,1.0,1.0,0.0,0.0,0.0,0.0,1.0,0.0,0.0,0.0,0.0,0.0,1.0,1.0,0.0,1.0,1.0,0.0,0.0,0.0,0.0,1.0,1.0,0.0,1.0,0.0,0.0,1.0,0.0,1.0,0.0,0.0,0.0,1.0,0.0,0.0,1.0,1.0,1.0,1.0,1.0,0.0,0.0,1.0,1.0,0.0,1.0,0.0,0.0,1.0,0.0,0.0,0.0,0.0,0.0,0.0,1.0,1.0,1.0,1.0,1.0,1.0,1.0,0.0,1.0,1.0,1.0,0.0,0.0,0.0,0.0,0.0,1.0,0.0,0.0,0.0,1.0,0.0,1.0,1.0,1.0,1.0,1.0,0.0,1.0,0.0,0.0,0.0,0.0,1.0,0.0,0.0,0.0,0.0,0.0,0.0,1.0,0.0,1.0,1.0,,0.0,1.0,,1.0,1.0,0.0,0.0,0.0,0.0,0.0,,0.0,0.0,1.0,1.0,0.0,1.0,0.0,1.0,0.0,0.0,1.0,0.0,1.0,1.0,1.0,1.0,0.0,1.0,0.0,0.0,0.0,0.0,0.0,1.0,1.0,1.0,0.0,0.0,,0.0,0.0,1.0,0.0,1.0,0.0,0.0,0.0,1.0,0.0,0.0,0.0,1.0,1.0,0.0,1.0,0.0,,1.0,1.0,1.0,0.0,0.0,0.0,1.0,0.0,0.0,0.0,0.0,0.0,0.0,1.0,0.0,0.0
Bilac Pinto,0.0,0.0,1.0,0.0,1.0,1.0,1.0,,,1.0,,1.0,0.0,1.0,0.0,1.0,0.0,,0.0,0.0,1.0,,,0.0,0.0,,,,,,,,,,,,,,,,,0.0,0.0,1.0,,1.0,0.0,1.0,,,,,0.0,1.0,1.0,0.0,0.0,1.0,,1.0,1.0,1.0,,0.0,,1.0,1.0,,0.0,,0.0,0.0,0.0,1.0,0.0,1.0,,,,1.0,1.0,,,,0.0,1.0,,1.0,1.0,1.0,,1.0,1.0,0.0,0.0,1.0,1.0,1.0,0.0,0.0,0.0,1.0,,1.0,1.0,1.0,0.0,0.0,1.0,1.0,1.0,0.0,0.0,1.0,1.0,1.0,,,0.0,,1.0,0.0,0.0,0.0,0.0,1.0,,0.0,0.0,0.0,1.0,0.0,1.0,0.0,0.0,1.0,1.0,1.0,1.0,0.0,0.0,0.0,1.0,0.0,0.0,,0.0,1.0,,,,,,,,,,,,,,,,,,,0.0,0.0,1.0,1.0,1.0,0.0,0.0,1.0,0.0,,1.0,1.0,1.0,1.0,,,,,,,,,,1.0,0.0,1.0,0.0,1.0,0.0,0.0,,0.0,,,0.0,1.0,0.0,0.0,0.0,0.0,0.0,0.0,1.0,0.0,0.0,0.0,1.0,0.0,0.0,,1.0,0.0,,1.0,1.0,,,,1.0,1.0,,,,,0.0,0.0,,1.0,1.0,,0.0,,0.0,0.0,1.0,0.0,0.0,0.0,0.0,0.0,1.0,0.0,,1.0,,1.0,1.0,0.0,1.0,1.0,0.0,,,1.0,1.0,1.0,,1.0,1.0,1.0,1.0,1.0,1.0,0.0,1.0,0.0,0.0,,0.0,1.0,,0.0,,,,,,,,0.0,0.0,0.0,,,1.0,,,,1.0,1.0,,,1.0,,0.0,,1.0,1.0,1.0,0.0,0.0,1.0,0.0,,0.0,0.0,1.0,,1.0,1.0,0.0,1.0,0.0,1.0,0.0,1.0,1.0,0.0,0.0,,1.0,1.0,1.0,1.0,1.0,1.0,,0.0,0.0,0.0,1.0,0.0,0.0,0.0,0.0,0.0,1.0,1.0,0.0,1.0,1.0,0.0,1.0,0.0,1.0,1.0,,1.0,,0.0,0.0,,,0.0,0.0,0.0,0.0,1.0,0.0,0.0,1.0,1.0,0.0,,,0.0,,1.0,1.0,0.0,1.0,0.0,0.0,1.0,0.0,,0.0,0.0,0.0,0.0,1.0,0.0,0.0,1.0,1.0,1.0,1.0,,1.0,1.0,1.0,,,0.0,0.0,,1.0,0.0,0.0,0.0,1.0,0.0,1.0,1.0,,1.0,1.0,0.0,,,,,0.0,1.0,0.0,,0.0,,,,1.0,0.0,1.0,1.0,,0.0,1.0,0.0,1.0,1.0,0.0,,0.0,,,0.0,,,1.0,,0.0,1.0,,0.0,0.0,1.0,1.0,1.0,0.0,1.0,,,0.0,1.0,0.0,,,,,1.0,1.0,1.0,,0.0,,,,1.0,0.0,1.0,,0.0,0.0,,0.0,0.0,0.0,1.0,,0.0,1.0,0.0,,1.0,1.0,1.0,1.0,,0.0,1.0,0.0,0.0,0.0,0.0,0.0,0.0,1.0,0.0,0.0
Bira do Pindaré,1.0,,1.0,1.0,1.0,1.0,1.0,1.0,1.0,1.0,,,1.0,0.0,1.0,1.0,1.0,1.0,1.0,1.0,1.0,0.0,0.0,1.0,,1.0,1.0,0.0,1.0,0.0,1.0,0.0,,,1.0,1.0,0.0,1.0,1.0,1.0,1.0,1.0,0.0,0.0,1.0,0.0,0.0,0.0,1.0,0.0,0.0,1.0,0.0,1.0,1.0,0.0,0.0,1.0,0.0,1.0,1.0,1.0,,0.0,0.0,0.0,0.0,1.0,,,0.0,,0.0,1.0,0.0,1.0,1.0,1.0,,1.0,,1.0,1.0,0.0,1.0,0.0,1.0,1.0,1.0,1.0,,1.0,0.0,1.0,1.0,,1.0,1.0,0.0,0.0,0.0,1.0,0.0,1.0,1.0,1.0,0.0,0.0,1.0,1.0,1.0,0.0,0.0,1.0,0.0,0.0,1.0,0.0,0.0,,,,1.0,0.0,1.0,0.0,0.0,1.0,1.0,1.0,0.0,1.0,1.0,1.0,1.0,0.0,,0.0,1.0,0.0,0.0,0.0,1.0,1.0,0.0,1.0,0.0,1.0,0.0,,,,1.0,0.0,0.0,0.0,1.0,,0.0,0.0,,0.0,,,,0.0,1.0,0.0,1.0,,1.0,,,,,,,,0.0,0.0,0.0,0.0,0.0,0.0,0.0,0.0,0.0,0.0,0.0,0.0,,0.0,1.0,1.0,0.0,0.0,1.0,1.0,1.0,0.0,0.0,1.0,,,1.0,1.0,,,,,1.0,1.0,,,1.0,0.0,1.0,1.0,1.0,,,,0.0,,0.0,0.0,0.0,0.0,0.0,1.0,1.0,,,0.0,1.0,0.0,1.0,0.0,1.0,1.0,0.0,1.0,1.0,1.0,1.0,0.0,1.0,1.0,1.0,1.0,1.0,0.0,0.0,1.0,1.0,0.0,1.0,1.0,0.0,1.0,,1.0,1.0,1.0,0.0,0.0,0.0,0.0,1.0,1.0,0.0,1.0,1.0,1.0,1.0,0.0,0.0,,1.0,1.0,0.0,0.0,0.0,,0.0,1.0,1.0,1.0,1.0,1.0,1.0,1.0,0.0,1.0,1.0,0.0,0.0,1.0,0.0,1.0,0.0,0.0,0.0,1.0,1.0,1.0,0.0,1.0,0.0,1.0,1.0,1.0,0.0,0.0,0.0,0.0,,1.0,1.0,0.0,1.0,1.0,1.0,1.0,1.0,0.0,0.0,1.0,1.0,0.0,0.0,0.0,0.0,,1.0,1.0,0.0,,0.0,1.0,1.0,1.0,1.0,1.0,1.0,0.0,0.0,1.0,1.0,0.0,1.0,1.0,1.0,1.0,0.0,1.0,0.0,,1.0,0.0,1.0,0.0,0.0,0.0,1.0,0.0,0.0,0.0,1.0,0.0,0.0,1.0,0.0,1.0,0.0,1.0,1.0,1.0,,0.0,0.0,1.0,1.0,,1.0,0.0,1.0,1.0,1.0,1.0,1.0,1.0,1.0,0.0,0.0,0.0,,,,,,,1.0,1.0,,1.0,0.0,1.0,0.0,0.0,0.0,0.0,0.0,,,,1.0,1.0,1.0,0.0,,,,,,,,,0.0,,,1.0,0.0,1.0,0.0,,1.0,,,,,,,,,,,,1.0,0.0,0.0,1.0,1.0,1.0,0.0,0.0,0.0,0.0,1.0,,1.0,1.0,,1.0,,0.0,,,,,,,1.0,0.0,1.0,1.0,1.0,1.0,1.0,0.0,0.0,1.0,1.0,0.0,1.0,0.0,1.0,1.0,,1.0,,0.0,1.0,,,,,0.0,0.0,0.0,0.0,0.0,1.0,0.0,1.0
Boca Aberta,,,1.0,1.0,1.0,1.0,1.0,,,,,,,,,,,,,,,,,1.0,1.0,1.0,1.0,0.0,,1.0,0.0,1.0,0.0,,0.0,0.0,0.0,0.0,0.0,0.0,0.0,,,,0.0,,,,,,,,0.0,1.0,,1.0,,,,,,,,0.0,0.0,,,0.0,,,0.0,,0.0,1.0,0.0,0.0,1.0,0.0,,,0.0,1.0,1.0,0.0,0.0,1.0,,,,1.0,,,,,,,,,0.0,,,,,,,,,,,,,,,,,,,,,,,,,0.0,0.0,1.0,,0.0,0.0,1.0,1.0,1.0,1.0,0.0,1.0,1.0,1.0,1.0,,,,,,,,,,,1.0,0.0,1.0,,1.0,0.0,,0.0,1.0,,,,0.0,,1.0,0.0,1.0,0.0,,,1.0,,,0.0,,,,,,,,,,,,,,,,,,,,1.0,,,1.0,,,,,,0.0,1.0,,,0.0,0.0,0.0,,1.0,0.0,0.0,,1.0,1.0,1.0,0.0,1.0,0.0,,1.0,,,1.0,1.0,,1.0,1.0,1.0,1.0,0.0,0.0,,0.0,1.0,1.0,1.0,0.0,1.0,0.0,1.0,1.0,1.0,0.0,1.0,0.0,1.0,1.0,1.0,1.0,,1.0,,1.0,0.0,1.0,1.0,,1.0,,1.0,,,1.0,1.0,1.0,0.0,1.0,1.0,1.0,,,,0.0,1.0,1.0,1.0,1.0,1.0,,,,,,,0.0,0.0,0.0,,,1.0,1.0,1.0,,,,,,,1.0,1.0,1.0,1.0,,1.0,1.0,,,,,,,,,,,1.0,1.0,1.0,,,1.0,1.0,1.0,,1.0,1.0,,,,,,,,0.0,,,1.0,0.0,0.0,,1.0,,1.0,1.0,1.0,,,,,,,,1.0,1.0,,,0.0,1.0,,0.0,0.0,,0.0,,0.0,0.0,1.0,1.0,0.0,1.0,1.0,0.0,,1.0,1.0,0.0,,0.0,,0.0,,,,1.0,,0.0,0.0,0.0,0.0,1.0,1.0,1.0,1.0,0.0,,,1.0,0.0,0.0,0.0,,,,,0.0,,,,,,,,,,,0.0,,,,1.0,,,,0.0,0.0,,,,,,,,,,1.0,,,0.0,0.0,,0.0,0.0,,,,,,1.0,,,,,1.0,,1.0,1.0,,,,1.0,0.0,1.0,0.0,,0.0,1.0,,1.0,,,0.0,0.0,0.0,,,1.0,,,,1.0,0.0,,,,,0.0,1.0,,,1.0,1.0,,,0.0,0.0,1.0,0.0,,,0.0,,,,,0.0
Bohn Gass,1.0,,1.0,1.0,1.0,1.0,1.0,1.0,1.0,1.0,,1.0,1.0,0.0,,1.0,,0.0,1.0,1.0,1.0,0.0,1.0,1.0,,1.0,1.0,0.0,1.0,0.0,,,,,,,,1.0,1.0,1.0,,1.0,,0.0,,,,,1.0,0.0,0.0,1.0,0.0,1.0,1.0,0.0,0.0,,0.0,1.0,1.0,1.0,0.0,,,,0.0,1.0,,1.0,,,,,,,,,,1.0,,1.0,1.0,0.0,1.0,0.0,1.0,1.0,1.0,1.0,1.0,1.0,0.0,1.0,1.0,1.0,1.0,1.0,0.0,,,,,1.0,1.0,1.0,0.0,0.0,1.0,1.0,1.0,0.0,0.0,0.0,0.0,0.0,1.0,0.0,,,0.0,1.0,1.0,0.0,,0.0,0.0,1.0,0.0,1.0,0.0,1.0,1.0,1.0,1.0,0.0,0.0,0.0,1.0,,1.0,0.0,,1.0,0.0,1.0,0.0,1.0,0.0,,,,,,1.0,,0.0,,,0.0,,0.0,,,,,,,1.0,,1.0,0.0,,,,,0.0,,0.0,0.0,0.0,0.0,0.0,0.0,0.0,0.0,0.0,0.0,0.0,0.0,1.0,0.0,1.0,0.0,1.0,0.0,1.0,1.0,,1.0,0.0,1.0,,,1.0,1.0,1.0,1.0,0.0,,1.0,1.0,0.0,1.0,1.0,0.0,0.0,1.0,1.0,,0.0,0.0,0.0,1.0,0.0,0.0,0.0,0.0,0.0,1.0,1.0,1.0,1.0,0.0,0.0,0.0,1.0,0.0,1.0,1.0,0.0,1.0,1.0,1.0,1.0,0.0,1.0,1.0,1.0,1.0,1.0,1.0,0.0,1.0,1.0,0.0,1.0,1.0,0.0,1.0,0.0,,0.0,0.0,0.0,0.0,1.0,1.0,0.0,1.0,0.0,1.0,1.0,1.0,1.0,0.0,0.0,1.0,0.0,1.0,0.0,0.0,0.0,0.0,1.0,1.0,1.0,1.0,0.0,,0.0,1.0,,1.0,0.0,0.0,0.0,1.0,0.0,1.0,0.0,1.0,1.0,1.0,1.0,1.0,1.0,0.0,0.0,1.0,1.0,0.0,0.0,0.0,0.0,0.0,1.0,,1.0,0.0,1.0,0.0,0.0,1.0,1.0,0.0,0.0,1.0,1.0,0.0,0.0,0.0,1.0,1.0,1.0,1.0,0.0,1.0,0.0,1.0,1.0,1.0,1.0,0.0,0.0,0.0,0.0,1.0,1.0,0.0,1.0,1.0,1.0,1.0,0.0,1.0,0.0,1.0,1.0,0.0,1.0,0.0,0.0,0.0,1.0,0.0,0.0,0.0,1.0,0.0,,,0.0,1.0,0.0,1.0,,1.0,1.0,0.0,0.0,1.0,1.0,1.0,1.0,0.0,1.0,0.0,1.0,1.0,1.0,1.0,,,0.0,0.0,,,,,,,1.0,1.0,,1.0,0.0,1.0,0.0,,0.0,,0.0,,,,1.0,1.0,1.0,0.0,,,,,,,,,0.0,0.0,1.0,1.0,0.0,1.0,0.0,0.0,1.0,,,,,,,,,,,,,0.0,0.0,1.0,1.0,1.0,0.0,0.0,0.0,0.0,1.0,1.0,1.0,1.0,0.0,0.0,0.0,0.0,0.0,0.0,1.0,1.0,0.0,1.0,1.0,0.0,0.0,1.0,1.0,1.0,1.0,1.0,0.0,,,,1.0,0.0,1.0,,,1.0,0.0,0.0,,,1.0,0.0,1.0,,,,,,,,1.0
Bosco Costa,,0.0,1.0,0.0,1.0,1.0,1.0,1.0,0.0,,0.0,1.0,0.0,1.0,1.0,1.0,0.0,1.0,1.0,1.0,1.0,,1.0,1.0,0.0,1.0,0.0,1.0,0.0,1.0,0.0,1.0,,0.0,0.0,0.0,1.0,1.0,0.0,1.0,0.0,0.0,0.0,1.0,0.0,1.0,1.0,1.0,1.0,0.0,0.0,,0.0,1.0,1.0,0.0,0.0,1.0,0.0,1.0,1.0,1.0,1.0,0.0,0.0,,1.0,1.0,0.0,0.0,0.0,0.0,0.0,1.0,0.0,1.0,1.0,0.0,1.0,1.0,1.0,1.0,1.0,0.0,0.0,1.0,1.0,1.0,1.0,1.0,1.0,1.0,1.0,0.0,0.0,1.0,1.0,1.0,0.0,,,,,1.0,1.0,1.0,0.0,0.0,1.0,1.0,1.0,,0.0,1.0,1.0,1.0,0.0,0.0,,,1.0,0.0,0.0,0.0,,1.0,1.0,0.0,0.0,0.0,1.0,0.0,0.0,0.0,0.0,1.0,1.0,1.0,1.0,0.0,0.0,0.0,1.0,0.0,0.0,1.0,0.0,1.0,1.0,0.0,0.0,1.0,1.0,0.0,0.0,0.0,1.0,0.0,1.0,1.0,0.0,0.0,1.0,0.0,,0.0,0.0,0.0,1.0,1.0,1.0,0.0,0.0,1.0,0.0,,1.0,1.0,1.0,1.0,1.0,1.0,0.0,1.0,1.0,1.0,1.0,1.0,1.0,1.0,0.0,0.0,0.0,1.0,0.0,,0.0,0.0,1.0,1.0,0.0,1.0,0.0,0.0,0.0,0.0,0.0,0.0,1.0,0.0,0.0,0.0,1.0,1.0,0.0,0.0,1.0,0.0,0.0,1.0,1.0,1.0,1.0,0.0,1.0,1.0,1.0,1.0,1.0,0.0,,,0.0,1.0,1.0,1.0,0.0,1.0,0.0,0.0,1.0,0.0,0.0,0.0,1.0,1.0,0.0,0.0,0.0,1.0,1.0,1.0,1.0,0.0,0.0,1.0,0.0,1.0,,1.0,1.0,1.0,1.0,1.0,1.0,1.0,1.0,1.0,1.0,0.0,,0.0,0.0,0.0,0.0,1.0,0.0,0.0,1.0,0.0,1.0,1.0,1.0,1.0,0.0,0.0,0.0,0.0,1.0,1.0,1.0,0.0,0.0,0.0,1.0,1.0,1.0,0.0,1.0,0.0,1.0,1.0,1.0,0.0,1.0,0.0,0.0,1.0,0.0,0.0,0.0,0.0,,,1.0,1.0,0.0,1.0,0.0,1.0,0.0,1.0,1.0,,1.0,1.0,1.0,1.0,1.0,1.0,1.0,1.0,,0.0,0.0,0.0,1.0,0.0,0.0,0.0,0.0,0.0,1.0,,1.0,1.0,1.0,0.0,0.0,,0.0,1.0,1.0,,,0.0,0.0,1.0,0.0,1.0,0.0,0.0,,1.0,0.0,0.0,1.0,1.0,,1.0,1.0,0.0,0.0,,1.0,0.0,1.0,0.0,0.0,1.0,,0.0,0.0,0.0,0.0,0.0,0.0,0.0,0.0,1.0,1.0,0.0,,0.0,1.0,1.0,,,,,,,,0.0,0.0,0.0,1.0,0.0,1.0,1.0,,0.0,1.0,0.0,1.0,,0.0,0.0,0.0,1.0,,0.0,0.0,0.0,0.0,0.0,1.0,0.0,1.0,,,0.0,1.0,0.0,1.0,,0.0,0.0,,0.0,0.0,0.0,0.0,0.0,1.0,1.0,0.0,1.0,,,,0.0,1.0,0.0,,,,1.0,0.0,1.0,0.0,0.0,,0.0,0.0,1.0,1.0,1.0,0.0,0.0,0.0,0.0,0.0,1.0,0.0,1.0,0.0,,0.0,1.0,,0.0,0.0,1.0,,0.0,1.0,1.0,0.0,1.0,1.0,1.0,1.0,,0.0,1.0,0.0,,,,,,,,0.0
Bosco Saraiva,,,1.0,0.0,1.0,1.0,1.0,,,1.0,,1.0,0.0,1.0,0.0,1.0,0.0,1.0,0.0,0.0,1.0,,,1.0,,,0.0,0.0,0.0,1.0,0.0,1.0,0.0,0.0,0.0,0.0,1.0,0.0,0.0,0.0,0.0,0.0,0.0,1.0,0.0,,,1.0,,,,,0.0,1.0,1.0,0.0,0.0,,0.0,1.0,1.0,1.0,,,0.0,1.0,1.0,1.0,0.0,,0.0,0.0,0.0,1.0,0.0,1.0,,,,1.0,1.0,,,,1.0,1.0,,,1.0,1.0,1.0,1.0,1.0,0.0,1.0,1.0,1.0,1.0,0.0,,,0.0,1.0,1.0,1.0,1.0,0.0,0.0,1.0,1.0,1.0,0.0,0.0,,1.0,1.0,0.0,1.0,,,,,,,0.0,1.0,0.0,1.0,0.0,0.0,1.0,0.0,0.0,0.0,0.0,1.0,1.0,1.0,1.0,0.0,0.0,0.0,,,,,,,1.0,,0.0,1.0,1.0,0.0,0.0,0.0,1.0,0.0,1.0,1.0,0.0,0.0,1.0,0.0,1.0,0.0,0.0,0.0,1.0,1.0,1.0,0.0,,1.0,0.0,0.0,1.0,1.0,1.0,1.0,1.0,1.0,0.0,1.0,1.0,1.0,1.0,1.0,1.0,,,0.0,0.0,1.0,,0.0,,0.0,1.0,0.0,0.0,1.0,0.0,,0.0,0.0,,0.0,1.0,0.0,0.0,0.0,1.0,0.0,0.0,,1.0,,0.0,1.0,1.0,1.0,1.0,,1.0,1.0,1.0,1.0,1.0,0.0,0.0,,,1.0,1.0,1.0,0.0,1.0,0.0,1.0,0.0,0.0,0.0,1.0,1.0,1.0,1.0,,,1.0,1.0,,0.0,0.0,0.0,1.0,0.0,1.0,0.0,1.0,1.0,,1.0,1.0,0.0,1.0,1.0,0.0,1.0,0.0,,0.0,1.0,0.0,0.0,,1.0,0.0,,,,,,,0.0,0.0,0.0,0.0,1.0,,1.0,0.0,,,1.0,,,,1.0,,1.0,,1.0,1.0,1.0,0.0,0.0,1.0,0.0,0.0,0.0,0.0,1.0,1.0,1.0,1.0,0.0,1.0,0.0,1.0,0.0,1.0,1.0,0.0,0.0,1.0,1.0,1.0,1.0,1.0,1.0,1.0,0.0,0.0,0.0,0.0,1.0,0.0,0.0,,0.0,0.0,1.0,1.0,1.0,1.0,1.0,1.0,1.0,0.0,1.0,1.0,,1.0,,,0.0,,0.0,0.0,0.0,0.0,,,,,,,,,,,0.0,1.0,1.0,0.0,1.0,,0.0,,0.0,,0.0,0.0,0.0,,1.0,0.0,0.0,1.0,1.0,1.0,,0.0,1.0,1.0,0.0,0.0,0.0,,,0.0,,0.0,0.0,0.0,1.0,0.0,1.0,1.0,1.0,0.0,,,,,,0.0,0.0,1.0,0.0,0.0,,,,,,1.0,1.0,,,0.0,0.0,0.0,1.0,1.0,0.0,0.0,0.0,,,,0.0,0.0,1.0,1.0,0.0,1.0,0.0,1.0,,,1.0,,1.0,0.0,1.0,1.0,0.0,1.0,0.0,0.0,0.0,0.0,0.0,1.0,1.0,1.0,0.0,0.0,0.0,0.0,0.0,0.0,0.0,,0.0,0.0,0.0,1.0,,,0.0,1.0,1.0,0.0,,0.0,,1.0,1.0,1.0,1.0,0.0,0.0,1.0,0.0,,,0.0,,,1.0,0.0,
Bozzella,0.0,1.0,1.0,0.0,1.0,1.0,1.0,1.0,0.0,,1.0,1.0,0.0,1.0,1.0,1.0,0.0,0.0,0.0,0.0,1.0,0.0,,1.0,,,,,,1.0,0.0,1.0,0.0,0.0,0.0,0.0,1.0,0.0,0.0,0.0,0.0,0.0,0.0,1.0,0.0,1.0,0.0,1.0,,,,,1.0,1.0,1.0,0.0,0.0,1.0,,1.0,1.0,1.0,1.0,0.0,0.0,1.0,1.0,0.0,0.0,0.0,0.0,,0.0,1.0,0.0,1.0,,,,1.0,,1.0,1.0,0.0,0.0,1.0,1.0,1.0,1.0,1.0,1.0,1.0,1.0,,1.0,1.0,1.0,1.0,1.0,0.0,0.0,0.0,1.0,1.0,1.0,1.0,0.0,0.0,1.0,1.0,1.0,0.0,0.0,1.0,1.0,1.0,0.0,0.0,0.0,,,,,0.0,0.0,1.0,0.0,0.0,0.0,0.0,1.0,0.0,0.0,0.0,0.0,1.0,1.0,1.0,1.0,0.0,,0.0,1.0,0.0,0.0,1.0,0.0,1.0,,,0.0,1.0,,0.0,0.0,0.0,1.0,,,,,,,,,,0.0,0.0,1.0,1.0,1.0,0.0,,1.0,0.0,,1.0,1.0,1.0,1.0,1.0,1.0,1.0,1.0,1.0,1.0,1.0,1.0,1.0,1.0,1.0,0.0,0.0,1.0,,0.0,0.0,0.0,1.0,0.0,0.0,1.0,0.0,0.0,1.0,1.0,1.0,1.0,0.0,1.0,1.0,1.0,1.0,1.0,0.0,,1.0,0.0,0.0,1.0,1.0,1.0,1.0,0.0,1.0,,1.0,1.0,,0.0,0.0,0.0,0.0,1.0,1.0,1.0,0.0,1.0,0.0,0.0,1.0,0.0,0.0,1.0,1.0,1.0,0.0,0.0,0.0,,1.0,1.0,0.0,0.0,1.0,1.0,0.0,0.0,,1.0,1.0,1.0,1.0,1.0,1.0,1.0,1.0,,1.0,0.0,0.0,,0.0,0.0,0.0,1.0,0.0,0.0,0.0,1.0,0.0,1.0,1.0,1.0,0.0,0.0,0.0,0.0,1.0,1.0,1.0,0.0,0.0,0.0,1.0,1.0,,,1.0,0.0,1.0,1.0,0.0,1.0,1.0,,0.0,1.0,1.0,0.0,0.0,0.0,1.0,1.0,1.0,1.0,0.0,1.0,0.0,1.0,0.0,1.0,1.0,0.0,1.0,1.0,0.0,1.0,1.0,1.0,1.0,1.0,0.0,0.0,,0.0,1.0,0.0,0.0,0.0,0.0,0.0,,1.0,0.0,1.0,1.0,0.0,,,0.0,1.0,1.0,1.0,1.0,0.0,0.0,1.0,1.0,0.0,0.0,,,1.0,0.0,0.0,1.0,,0.0,1.0,1.0,0.0,0.0,1.0,1.0,0.0,1.0,0.0,1.0,1.0,0.0,1.0,1.0,1.0,0.0,0.0,1.0,,0.0,1.0,1.0,1.0,1.0,0.0,1.0,1.0,1.0,0.0,0.0,0.0,0.0,0.0,0.0,0.0,0.0,0.0,1.0,0.0,1.0,1.0,1.0,1.0,1.0,0.0,1.0,0.0,0.0,1.0,1.0,1.0,0.0,0.0,0.0,0.0,0.0,0.0,1.0,0.0,1.0,1.0,0.0,0.0,1.0,0.0,1.0,1.0,0.0,0.0,,0.0,0.0,0.0,0.0,0.0,,1.0,0.0,1.0,0.0,1.0,0.0,0.0,,0.0,1.0,1.0,1.0,0.0,0.0,1.0,0.0,1.0,0.0,0.0,0.0,1.0,,1.0,0.0,0.0,0.0,0.0,0.0,1.0,0.0,1.0,,,,1.0,0.0,0.0,0.0,1.0,1.0,0.0,1.0,0.0,0.0,1.0,1.0,1.0,1.0,,0.0,1.0,0.0,0.0,0.0,0.0,,0.0,1.0,0.0,0.0
Bruna Furlan,,,1.0,0.0,1.0,1.0,1.0,,,,,,1.0,0.0,,,,,,,,1.0,0.0,1.0,,,0.0,0.0,1.0,1.0,1.0,1.0,,0.0,,0.0,1.0,1.0,0.0,0.0,0.0,0.0,0.0,,1.0,,,,1.0,0.0,1.0,1.0,,1.0,1.0,0.0,0.0,1.0,,1.0,1.0,1.0,,0.0,,1.0,0.0,1.0,0.0,0.0,,,,,,,0.0,1.0,1.0,1.0,,1.0,1.0,0.0,,,1.0,1.0,1.0,1.0,,1.0,,,,1.0,1.0,1.0,,0.0,0.0,1.0,1.0,1.0,1.0,1.0,,,1.0,1.0,,0.0,0.0,1.0,1.0,1.0,0.0,1.0,0.0,0.0,1.0,0.0,0.0,,1.0,0.0,0.0,,0.0,1.0,1.0,1.0,1.0,,1.0,0.0,0.0,0.0,1.0,0.0,,0.0,,,,,,,,,,1.0,1.0,0.0,0.0,0.0,1.0,0.0,1.0,1.0,,,1.0,0.0,1.0,0.0,,,1.0,1.0,1.0,0.0,0.0,1.0,,,1.0,1.0,1.0,1.0,1.0,1.0,0.0,1.0,,1.0,0.0,1.0,0.0,1.0,0.0,1.0,1.0,1.0,0.0,0.0,0.0,1.0,1.0,,0.0,,,0.0,0.0,1.0,0.0,0.0,1.0,0.0,1.0,0.0,1.0,1.0,0.0,0.0,1.0,0.0,0.0,,0.0,0.0,1.0,1.0,1.0,1.0,1.0,0.0,,0.0,0.0,0.0,0.0,1.0,1.0,1.0,0.0,1.0,0.0,0.0,1.0,0.0,,1.0,0.0,1.0,1.0,1.0,1.0,1.0,1.0,1.0,1.0,1.0,1.0,1.0,1.0,1.0,0.0,1.0,1.0,1.0,,,,1.0,,0.0,1.0,1.0,1.0,1.0,0.0,0.0,1.0,1.0,0.0,,0.0,1.0,1.0,0.0,,1.0,0.0,,,0.0,1.0,1.0,1.0,1.0,,0.0,1.0,0.0,,,1.0,1.0,0.0,1.0,0.0,1.0,1.0,0.0,0.0,,0.0,,0.0,0.0,1.0,1.0,1.0,1.0,0.0,1.0,0.0,,1.0,,1.0,0.0,1.0,1.0,1.0,1.0,,1.0,1.0,1.0,0.0,0.0,0.0,1.0,1.0,1.0,0.0,0.0,0.0,,,1.0,0.0,1.0,0.0,1.0,1.0,1.0,0.0,1.0,,1.0,1.0,0.0,,,1.0,0.0,1.0,,,1.0,1.0,,1.0,0.0,1.0,0.0,0.0,0.0,0.0,1.0,1.0,0.0,1.0,0.0,0.0,1.0,0.0,1.0,1.0,1.0,1.0,0.0,1.0,1.0,1.0,1.0,1.0,1.0,,0.0,1.0,,1.0,0.0,0.0,0.0,0.0,0.0,1.0,0.0,0.0,0.0,1.0,0.0,1.0,0.0,0.0,1.0,0.0,,1.0,0.0,,0.0,0.0,1.0,0.0,0.0,,0.0,0.0,,1.0,0.0,1.0,1.0,0.0,0.0,1.0,,1.0,,0.0,0.0,,0.0,0.0,0.0,,0.0,1.0,,,1.0,,0.0,0.0,1.0,1.0,1.0,1.0,1.0,1.0,,0.0,,0.0,0.0,0.0,,,1.0,0.0,,0.0,0.0,0.0,0.0,1.0,1.0,0.0,,1.0,0.0,0.0,1.0,0.0,,0.0,1.0,0.0,,1.0,1.0,0.0,1.0,1.0,1.0,,,0.0,1.0,1.0,0.0,,0.0,0.0,0.0,1.0,0.0,0.0
Cacá Leão,0.0,0.0,1.0,0.0,1.0,1.0,1.0,,,1.0,,1.0,0.0,1.0,0.0,1.0,0.0,1.0,0.0,0.0,1.0,0.0,0.0,1.0,,1.0,0.0,1.0,,1.0,0.0,1.0,0.0,0.0,0.0,0.0,1.0,1.0,0.0,0.0,0.0,1.0,0.0,1.0,0.0,1.0,,,1.0,0.0,0.0,1.0,0.0,1.0,1.0,,0.0,,0.0,1.0,1.0,1.0,,0.0,0.0,1.0,1.0,1.0,0.0,0.0,0.0,0.0,0.0,1.0,,1.0,1.0,0.0,1.0,1.0,1.0,,,,0.0,1.0,1.0,1.0,1.0,1.0,,1.0,1.0,0.0,,1.0,1.0,1.0,0.0,,,0.0,1.0,1.0,1.0,1.0,0.0,0.0,1.0,1.0,1.0,0.0,0.0,1.0,1.0,1.0,0.0,0.0,0.0,0.0,1.0,,,0.0,0.0,1.0,0.0,0.0,0.0,0.0,1.0,0.0,0.0,0.0,,,1.0,1.0,1.0,1.0,1.0,1.0,1.0,0.0,1.0,1.0,0.0,1.0,,0.0,0.0,1.0,,0.0,0.0,0.0,1.0,,,,0.0,1.0,,,,,0.0,0.0,1.0,1.0,1.0,0.0,0.0,1.0,0.0,0.0,1.0,1.0,1.0,1.0,1.0,1.0,0.0,1.0,1.0,1.0,1.0,1.0,1.0,1.0,0.0,1.0,0.0,1.0,0.0,0.0,0.0,0.0,1.0,1.0,0.0,1.0,0.0,,0.0,0.0,0.0,0.0,1.0,0.0,0.0,0.0,1.0,1.0,0.0,0.0,1.0,0.0,0.0,1.0,1.0,1.0,1.0,0.0,1.0,1.0,1.0,1.0,1.0,0.0,0.0,0.0,0.0,1.0,1.0,1.0,0.0,1.0,0.0,0.0,1.0,0.0,0.0,0.0,1.0,1.0,0.0,0.0,1.0,1.0,1.0,1.0,1.0,0.0,0.0,1.0,0.0,0.0,0.0,1.0,1.0,1.0,1.0,1.0,1.0,1.0,1.0,1.0,1.0,0.0,1.0,0.0,0.0,0.0,0.0,1.0,0.0,0.0,1.0,0.0,1.0,,,,0.0,0.0,0.0,0.0,1.0,1.0,1.0,0.0,0.0,0.0,1.0,1.0,,,1.0,0.0,1.0,0.0,1.0,0.0,1.0,0.0,,1.0,0.0,0.0,0.0,0.0,1.0,1.0,1.0,1.0,0.0,1.0,0.0,1.0,0.0,1.0,1.0,0.0,1.0,1.0,1.0,1.0,1.0,1.0,1.0,1.0,0.0,0.0,0.0,0.0,1.0,0.0,0.0,0.0,0.0,0.0,1.0,1.0,1.0,1.0,1.0,0.0,0.0,0.0,0.0,1.0,1.0,0.0,1.0,0.0,0.0,1.0,0.0,,0.0,,,1.0,0.0,,,,,1.0,1.0,0.0,0.0,,1.0,0.0,1.0,0.0,0.0,1.0,0.0,0.0,0.0,0.0,0.0,0.0,1.0,0.0,0.0,1.0,1.0,1.0,,0.0,1.0,1.0,1.0,0.0,0.0,0.0,0.0,0.0,1.0,,0.0,0.0,,0.0,1.0,1.0,1.0,1.0,1.0,0.0,1.0,0.0,0.0,0.0,0.0,,0.0,0.0,,0.0,0.0,0.0,1.0,0.0,1.0,1.0,0.0,0.0,1.0,0.0,1.0,,0.0,0.0,0.0,0.0,0.0,0.0,0.0,0.0,,1.0,0.0,1.0,0.0,,0.0,,1.0,1.0,1.0,1.0,,,0.0,1.0,0.0,,0.0,0.0,0.0,1.0,1.0,1.0,0.0,0.0,0.0,0.0,0.0,1.0,0.0,1.0,0.0,,0.0,1.0,0.0,0.0,0.0,,1.0,0.0,1.0,1.0,,1.0,1.0,1.0,1.0,0.0,0.0,1.0,0.0,,,,,,,,0.0
Camilo Capiberibe,1.0,1.0,1.0,1.0,1.0,1.0,1.0,1.0,1.0,1.0,1.0,1.0,1.0,0.0,1.0,1.0,1.0,0.0,1.0,1.0,,0.0,,1.0,,,,,,0.0,1.0,0.0,,1.0,1.0,1.0,0.0,1.0,1.0,1.0,1.0,1.0,0.0,0.0,,1.0,0.0,1.0,1.0,0.0,,1.0,0.0,1.0,1.0,0.0,0.0,,0.0,1.0,,1.0,,,,0.0,,1.0,,,0.0,,0.0,1.0,0.0,1.0,1.0,0.0,,1.0,1.0,1.0,1.0,0.0,1.0,0.0,1.0,1.0,1.0,,1.0,1.0,0.0,1.0,1.0,1.0,1.0,1.0,0.0,0.0,0.0,1.0,0.0,1.0,1.0,1.0,0.0,0.0,1.0,1.0,1.0,0.0,0.0,,0.0,0.0,1.0,0.0,,,,,,0.0,1.0,0.0,0.0,1.0,1.0,1.0,0.0,1.0,1.0,1.0,,0.0,0.0,0.0,1.0,0.0,0.0,0.0,,1.0,0.0,1.0,0.0,1.0,0.0,,,,1.0,,0.0,0.0,1.0,,0.0,0.0,,0.0,0.0,0.0,0.0,0.0,1.0,,1.0,1.0,1.0,0.0,,,,,,,0.0,0.0,0.0,0.0,0.0,0.0,0.0,0.0,0.0,0.0,0.0,0.0,1.0,0.0,1.0,,0.0,0.0,1.0,1.0,1.0,0.0,0.0,1.0,,,1.0,1.0,1.0,1.0,0.0,1.0,1.0,1.0,0.0,1.0,1.0,0.0,1.0,1.0,1.0,0.0,0.0,0.0,0.0,1.0,0.0,0.0,0.0,0.0,0.0,1.0,1.0,1.0,1.0,0.0,1.0,0.0,1.0,0.0,1.0,1.0,0.0,1.0,1.0,1.0,1.0,0.0,1.0,1.0,1.0,1.0,1.0,0.0,0.0,1.0,1.0,0.0,1.0,1.0,0.0,1.0,0.0,1.0,1.0,1.0,0.0,0.0,0.0,0.0,1.0,1.0,0.0,1.0,1.0,1.0,1.0,0.0,0.0,1.0,1.0,1.0,0.0,0.0,0.0,0.0,0.0,0.0,0.0,0.0,1.0,1.0,1.0,0.0,0.0,1.0,1.0,0.0,0.0,1.0,0.0,1.0,0.0,0.0,0.0,1.0,1.0,,0.0,1.0,0.0,1.0,1.0,0.0,0.0,0.0,0.0,0.0,1.0,1.0,1.0,0.0,1.0,1.0,1.0,1.0,1.0,0.0,0.0,1.0,1.0,1.0,1.0,0.0,0.0,0.0,1.0,1.0,0.0,1.0,0.0,1.0,1.0,1.0,1.0,1.0,1.0,0.0,0.0,1.0,1.0,0.0,1.0,1.0,1.0,1.0,0.0,1.0,0.0,1.0,1.0,0.0,1.0,1.0,0.0,1.0,1.0,0.0,0.0,1.0,,0.0,0.0,0.0,,1.0,0.0,1.0,0.0,1.0,1.0,0.0,,1.0,,1.0,1.0,0.0,1.0,1.0,1.0,1.0,1.0,1.0,1.0,0.0,0.0,0.0,,,,,,,,1.0,,1.0,,1.0,0.0,0.0,,,0.0,,,,1.0,1.0,1.0,0.0,,,,,,,,,0.0,,1.0,1.0,0.0,1.0,0.0,0.0,1.0,,,,,,,,,,,,1.0,0.0,,1.0,1.0,1.0,0.0,0.0,0.0,0.0,,,,1.0,1.0,1.0,1.0,0.0,0.0,0.0,1.0,1.0,0.0,1.0,1.0,0.0,,1.0,1.0,1.0,1.0,0.0,0.0,0.0,1.0,0.0,1.0,0.0,1.0,1.0,0.0,1.0,0.0,0.0,1.0,1.0,,0.0,1.0,0.0,,0.0,0.0,0.0,1.0,,1.0
Capitão Alberto Neto,,,1.0,0.0,1.0,1.0,0.0,1.0,0.0,1.0,1.0,1.0,0.0,1.0,0.0,1.0,0.0,1.0,0.0,,,0.0,0.0,,0.0,0.0,,0.0,1.0,1.0,0.0,1.0,0.0,0.0,0.0,0.0,1.0,0.0,0.0,0.0,0.0,0.0,0.0,1.0,0.0,1.0,,1.0,1.0,,0.0,,,,,,,1.0,,1.0,1.0,1.0,,0.0,0.0,1.0,1.0,0.0,0.0,0.0,0.0,,0.0,1.0,0.0,1.0,,,,1.0,1.0,,1.0,0.0,1.0,1.0,1.0,1.0,1.0,,,,1.0,0.0,,1.0,1.0,1.0,0.0,,,0.0,1.0,0.0,0.0,0.0,0.0,1.0,0.0,0.0,0.0,1.0,1.0,1.0,1.0,1.0,0.0,0.0,,,,,0.0,,0.0,1.0,,0.0,0.0,,1.0,0.0,0.0,0.0,0.0,1.0,1.0,1.0,1.0,0.0,0.0,0.0,1.0,0.0,,,0.0,,1.0,,0.0,1.0,,0.0,0.0,,1.0,0.0,1.0,1.0,0.0,0.0,,,,0.0,0.0,0.0,1.0,,1.0,0.0,,1.0,0.0,,1.0,1.0,1.0,1.0,1.0,1.0,1.0,0.0,1.0,1.0,1.0,1.0,1.0,1.0,0.0,1.0,0.0,1.0,0.0,0.0,0.0,0.0,1.0,0.0,0.0,1.0,0.0,0.0,,0.0,0.0,0.0,,0.0,0.0,0.0,,1.0,0.0,,1.0,0.0,0.0,1.0,1.0,,1.0,0.0,1.0,1.0,1.0,1.0,1.0,0.0,0.0,0.0,,,1.0,1.0,0.0,1.0,0.0,0.0,1.0,0.0,0.0,0.0,0.0,,,0.0,0.0,1.0,1.0,1.0,1.0,0.0,,1.0,0.0,1.0,0.0,1.0,1.0,,,,,1.0,1.0,0.0,1.0,0.0,,0.0,0.0,0.0,0.0,1.0,0.0,0.0,1.0,0.0,1.0,1.0,,1.0,0.0,0.0,0.0,0.0,1.0,1.0,1.0,0.0,0.0,0.0,1.0,1.0,,,1.0,0.0,1.0,0.0,0.0,0.0,1.0,0.0,,1.0,0.0,0.0,0.0,0.0,,1.0,1.0,1.0,0.0,1.0,0.0,1.0,0.0,1.0,1.0,0.0,1.0,1.0,1.0,1.0,1.0,1.0,1.0,1.0,0.0,0.0,0.0,0.0,1.0,0.0,0.0,0.0,0.0,,,1.0,1.0,1.0,1.0,0.0,0.0,,0.0,1.0,,0.0,,0.0,0.0,,0.0,1.0,0.0,,0.0,1.0,0.0,0.0,1.0,1.0,0.0,1.0,1.0,0.0,,1.0,1.0,,1.0,0.0,0.0,1.0,0.0,0.0,,0.0,0.0,0.0,1.0,0.0,0.0,1.0,1.0,1.0,,,1.0,1.0,1.0,0.0,0.0,0.0,0.0,0.0,1.0,0.0,0.0,0.0,1.0,0.0,1.0,1.0,1.0,1.0,1.0,,1.0,0.0,0.0,0.0,0.0,1.0,,0.0,0.0,0.0,0.0,0.0,1.0,0.0,1.0,,0.0,0.0,1.0,0.0,,,0.0,0.0,0.0,,0.0,0.0,0.0,0.0,1.0,1.0,0.0,1.0,0.0,1.0,0.0,0.0,1.0,0.0,1.0,1.0,1.0,1.0,0.0,1.0,0.0,0.0,,0.0,,1.0,,,,,,,1.0,1.0,0.0,1.0,,,0.0,1.0,,0.0,0.0,1.0,1.0,0.0,1.0,0.0,,1.0,1.0,1.0,1.0,,,1.0,0.0,,,,,,,,0.0
Capitão Augusto,0.0,,1.0,0.0,1.0,1.0,0.0,1.0,0.0,1.0,,1.0,0.0,1.0,0.0,1.0,0.0,0.0,1.0,1.0,1.0,,1.0,1.0,0.0,,0.0,0.0,1.0,1.0,0.0,1.0,0.0,0.0,0.0,0.0,1.0,1.0,0.0,0.0,0.0,1.0,0.0,1.0,0.0,1.0,0.0,1.0,,,,,,0.0,0.0,1.0,0.0,1.0,,1.0,1.0,1.0,0.0,,,1.0,,1.0,0.0,0.0,0.0,0.0,,1.0,0.0,1.0,1.0,0.0,1.0,1.0,1.0,1.0,1.0,0.0,0.0,1.0,1.0,1.0,1.0,1.0,1.0,1.0,0.0,,0.0,,1.0,,,,,0.0,,0.0,0.0,0.0,0.0,,,0.0,0.0,1.0,1.0,1.0,1.0,1.0,0.0,0.0,0.0,0.0,1.0,0.0,0.0,0.0,1.0,1.0,1.0,0.0,0.0,0.0,1.0,0.0,0.0,0.0,0.0,1.0,1.0,1.0,0.0,0.0,0.0,0.0,1.0,0.0,1.0,1.0,0.0,1.0,1.0,0.0,0.0,1.0,1.0,0.0,0.0,0.0,1.0,,1.0,1.0,0.0,0.0,1.0,0.0,1.0,0.0,0.0,,1.0,1.0,1.0,0.0,0.0,1.0,0.0,0.0,1.0,1.0,1.0,1.0,1.0,0.0,0.0,0.0,1.0,1.0,1.0,1.0,1.0,,0.0,1.0,0.0,1.0,0.0,,0.0,0.0,1.0,,0.0,,0.0,0.0,0.0,0.0,0.0,,1.0,0.0,0.0,,1.0,1.0,0.0,0.0,1.0,0.0,0.0,1.0,1.0,1.0,1.0,0.0,1.0,1.0,1.0,1.0,1.0,,0.0,0.0,,1.0,1.0,,0.0,1.0,0.0,0.0,1.0,0.0,0.0,0.0,1.0,1.0,0.0,0.0,1.0,1.0,1.0,1.0,,0.0,0.0,1.0,0.0,1.0,,1.0,1.0,,1.0,1.0,,1.0,1.0,0.0,1.0,0.0,1.0,1.0,0.0,0.0,0.0,1.0,1.0,0.0,1.0,0.0,1.0,1.0,1.0,1.0,0.0,0.0,0.0,0.0,1.0,1.0,1.0,0.0,0.0,0.0,1.0,1.0,,0.0,,0.0,1.0,1.0,0.0,0.0,1.0,0.0,0.0,1.0,0.0,0.0,0.0,0.0,1.0,1.0,1.0,1.0,0.0,1.0,0.0,1.0,0.0,1.0,1.0,0.0,1.0,1.0,1.0,1.0,1.0,1.0,,1.0,0.0,0.0,,0.0,1.0,,0.0,0.0,0.0,0.0,,1.0,0.0,1.0,1.0,1.0,0.0,0.0,0.0,1.0,1.0,0.0,,0.0,0.0,,0.0,1.0,0.0,0.0,,1.0,0.0,0.0,1.0,1.0,0.0,1.0,1.0,0.0,0.0,0.0,1.0,0.0,1.0,0.0,,1.0,0.0,0.0,0.0,0.0,0.0,0.0,0.0,0.0,0.0,1.0,1.0,0.0,,0.0,1.0,1.0,1.0,,0.0,0.0,0.0,0.0,1.0,0.0,0.0,0.0,1.0,0.0,1.0,1.0,1.0,1.0,1.0,0.0,1.0,,0.0,0.0,0.0,1.0,,0.0,0.0,0.0,0.0,0.0,1.0,0.0,1.0,,,0.0,1.0,0.0,1.0,1.0,0.0,0.0,0.0,,0.0,0.0,0.0,0.0,1.0,1.0,0.0,1.0,0.0,1.0,0.0,0.0,1.0,0.0,1.0,1.0,1.0,,,1.0,0.0,0.0,0.0,0.0,0.0,1.0,1.0,1.0,0.0,0.0,0.0,0.0,0.0,1.0,0.0,1.0,0.0,,0.0,0.0,0.0,0.0,0.0,,1.0,0.0,1.0,0.0,0.0,1.0,1.0,1.0,1.0,,0.0,1.0,0.0,,,,,,,,0.0
Capitão Derrite,,0.0,,,,,,1.0,0.0,1.0,0.0,,0.0,1.0,0.0,1.0,,1.0,0.0,,,0.0,,,0.0,0.0,0.0,0.0,1.0,1.0,0.0,1.0,0.0,0.0,0.0,0.0,1.0,1.0,0.0,0.0,0.0,1.0,0.0,1.0,1.0,1.0,0.0,1.0,,,,,1.0,0.0,0.0,1.0,1.0,1.0,,0.0,1.0,1.0,1.0,0.0,0.0,1.0,1.0,0.0,0.0,,0.0,0.0,0.0,1.0,0.0,1.0,1.0,0.0,1.0,1.0,1.0,1.0,1.0,0.0,0.0,1.0,,,1.0,1.0,,1.0,1.0,0.0,0.0,0.0,1.0,1.0,1.0,,,,,,0.0,0.0,,,,0.0,0.0,,,,,,,,,,,,,,,,,,,,,,,,,,,,,,,,1.0,0.0,1.0,1.0,0.0,1.0,1.0,0.0,0.0,1.0,,0.0,,0.0,1.0,0.0,1.0,1.0,0.0,1.0,1.0,1.0,1.0,0.0,,,,1.0,1.0,,,,,,,,,,,,,,,,,,,,,,,,,,,,1.0,0.0,,,0.0,0.0,,,,,,,,,,,,,,,,,,,,,,,,,,,,,,,,,,,,,,,,,,,,,,,,,,,,,,,,,,,,,,,,,,,,,,,,,,,,,,,,,,,,,,,,,,,,,,,,,,,,,,,,,,,,,,,,,,,,,,,,,,,,,,,,,,,,,,,,,,,,,,,,,,,,,,,,,,,,,,,,,,,,,,,,,,,,,,,,,,,,,,,,,,,,,,,,,,,,,,,,,,,,,,,,,,,,,,,,,,,,,,,,,,,,,,,,,,,,,,,,,,,,,,,,,,,,,,,,,,,,,,,,,,,,,,,,,,,,,,,,,,,,,,,,,,,,,,,,,,,,,
Capitão Fábio Abreu,,0.0,1.0,,,1.0,1.0,1.0,1.0,1.0,1.0,1.0,1.0,0.0,1.0,1.0,0.0,1.0,0.0,1.0,1.0,0.0,0.0,1.0,,,,,,,0.0,1.0,0.0,0.0,0.0,0.0,1.0,1.0,0.0,0.0,0.0,1.0,0.0,1.0,0.0,,0.0,1.0,1.0,0.0,0.0,1.0,0.0,1.0,1.0,0.0,0.0,1.0,,1.0,1.0,1.0,,,0.0,,1.0,,0.0,,,,,,,,,,,1.0,,,,,0.0,1.0,1.0,1.0,1.0,1.0,,1.0,,0.0,1.0,,1.0,1.0,0.0,,,0.0,1.0,1.0,1.0,1.0,0.0,0.0,1.0,1.0,1.0,0.0,0.0,1.0,1.0,1.0,,0.0,0.0,,1.0,0.0,0.0,0.0,0.0,1.0,1.0,0.0,0.0,,1.0,,0.0,0.0,0.0,1.0,1.0,1.0,,,,,1.0,1.0,0.0,1.0,0.0,1.0,,,,,,,,,,,,,,,,,,,,,,1.0,1.0,0.0,,,,,,,,,,,,,,,,,,1.0,,,,,,,,,,,,,0.0,0.0,,,,,,,,,1.0,1.0,0.0,,1.0,,0.0,,1.0,1.0,1.0,,1.0,1.0,1.0,1.0,1.0,,0.0,,0.0,1.0,1.0,1.0,0.0,1.0,0.0,0.0,1.0,0.0,0.0,0.0,1.0,1.0,,,,,,,1.0,0.0,0.0,,,,,,,,,,,,,1.0,1.0,,1.0,0.0,0.0,0.0,0.0,0.0,0.0,0.0,1.0,1.0,1.0,1.0,1.0,1.0,,,0.0,0.0,1.0,1.0,1.0,0.0,,,1.0,1.0,1.0,0.0,,0.0,1.0,,,0.0,1.0,,,1.0,,1.0,,,1.0,1.0,1.0,1.0,,,,,,,,,,,,,,,,,,,0.0,0.0,,,,,,,,,,,,,,,,,,0.0,1.0,0.0,0.0,1.0,,1.0,0.0,0.0,0.0,1.0,0.0,0.0,1.0,1.0,1.0,1.0,1.0,0.0,0.0,,1.0,0.0,1.0,0.0,0.0,1.0,0.0,0.0,0.0,0.0,,0.0,0.0,0.0,0.0,1.0,1.0,0.0,,,,1.0,1.0,0.0,0.0,,,,,0.0,0.0,0.0,1.0,0.0,1.0,1.0,1.0,0.0,1.0,0.0,1.0,0.0,0.0,0.0,0.0,1.0,,0.0,0.0,0.0,,0.0,,0.0,1.0,1.0,0.0,,1.0,0.0,,,0.0,0.0,0.0,,0.0,,0.0,0.0,,1.0,0.0,1.0,0.0,0.0,0.0,1.0,1.0,,1.0,1.0,0.0,0.0,,1.0,0.0,,,,,,,,0.0,0.0,,0.0,1.0,1.0,,,,,0.0,,0.0,0.0,0.0,1.0,,0.0,1.0,,,1.0,,,1.0,,0.0,1.0,0.0,,,,,,,,
Capitão Wagner,,1.0,1.0,1.0,,1.0,1.0,,,1.0,0.0,1.0,1.0,0.0,,,,,,,,0.0,0.0,,0.0,,0.0,0.0,1.0,,0.0,1.0,,0.0,0.0,0.0,1.0,1.0,0.0,1.0,0.0,1.0,,,0.0,0.0,0.0,0.0,1.0,0.0,0.0,1.0,,,,1.0,,1.0,,1.0,1.0,1.0,0.0,0.0,0.0,1.0,0.0,0.0,,,0.0,0.0,0.0,1.0,0.0,1.0,1.0,0.0,,1.0,1.0,1.0,1.0,0.0,1.0,0.0,1.0,1.0,1.0,1.0,1.0,1.0,1.0,1.0,,1.0,1.0,1.0,,0.0,0.0,0.0,1.0,1.0,1.0,1.0,0.0,0.0,1.0,1.0,1.0,0.0,0.0,1.0,0.0,0.0,1.0,0.0,,0.0,1.0,1.0,0.0,0.0,,1.0,1.0,,,,1.0,0.0,,0.0,0.0,1.0,,,1.0,,1.0,1.0,,,,,,,1.0,,0.0,1.0,1.0,0.0,0.0,0.0,1.0,0.0,1.0,1.0,0.0,,1.0,,1.0,0.0,0.0,0.0,1.0,1.0,1.0,,,1.0,0.0,0.0,1.0,1.0,1.0,1.0,1.0,1.0,0.0,0.0,1.0,1.0,1.0,1.0,1.0,,0.0,1.0,0.0,,0.0,0.0,1.0,1.0,0.0,0.0,0.0,1.0,0.0,,0.0,0.0,,0.0,1.0,,,0.0,1.0,1.0,0.0,0.0,1.0,0.0,0.0,1.0,0.0,,,,,1.0,0.0,0.0,0.0,0.0,,0.0,,1.0,1.0,1.0,0.0,,,1.0,0.0,,1.0,,,,1.0,1.0,1.0,,,1.0,1.0,0.0,0.0,,1.0,1.0,0.0,1.0,1.0,1.0,1.0,1.0,0.0,0.0,1.0,,,0.0,,0.0,1.0,,0.0,,0.0,0.0,0.0,1.0,0.0,0.0,0.0,0.0,0.0,0.0,,0.0,1.0,1.0,1.0,1.0,0.0,1.0,1.0,,0.0,1.0,,,,1.0,1.0,0.0,1.0,0.0,0.0,1.0,0.0,1.0,1.0,,0.0,1.0,0.0,0.0,,1.0,,1.0,0.0,1.0,1.0,1.0,1.0,1.0,1.0,1.0,1.0,1.0,1.0,1.0,,,,,,,0.0,0.0,0.0,,1.0,1.0,0.0,1.0,0.0,0.0,1.0,,0.0,1.0,,,,0.0,,,,0.0,0.0,,0.0,1.0,0.0,0.0,1.0,,0.0,1.0,1.0,0.0,,,1.0,0.0,1.0,,,0.0,,,,,,0.0,1.0,0.0,0.0,1.0,,1.0,1.0,,,,,,,,,,,,,1.0,,1.0,0.0,0.0,,0.0,0.0,0.0,1.0,0.0,1.0,1.0,1.0,0.0,0.0,0.0,0.0,0.0,0.0,,1.0,0.0,0.0,1.0,0.0,1.0,0.0,1.0,1.0,0.0,1.0,0.0,0.0,,0.0,0.0,0.0,0.0,1.0,1.0,,1.0,1.0,0.0,1.0,1.0,1.0,0.0,0.0,1.0,0.0,,0.0,1.0,0.0,1.0,0.0,0.0,0.0,1.0,,1.0,0.0,1.0,0.0,1.0,0.0,1.0,0.0,1.0,1.0,0.0,0.0,,0.0,0.0,0.0,1.0,,0.0,1.0,0.0,0.0,1.0,1.0,1.0,1.0,,,,,0.0,0.0,0.0,0.0,0.0,1.0,0.0,0.0
Carla Dickson,0.0,0.0,1.0,1.0,1.0,1.0,1.0,1.0,1.0,1.0,0.0,1.0,1.0,0.0,0.0,1.0,1.0,0.0,1.0,0.0,0.0,0.0,,1.0,,,,,,,,,,,,,,,,,,,,,,,0.0,1.0,1.0,0.0,0.0,1.0,0.0,1.0,1.0,0.0,0.0,1.0,,1.0,1.0,1.0,,,,1.0,0.0,,,0.0,,,,,,,,,,1.0,,,,,,,1.0,1.0,1.0,1.0,,1.0,1.0,1.0,1.0,,1.0,1.0,0.0,0.0,0.0,0.0,1.0,0.0,0.0,0.0,0.0,1.0,0.0,0.0,0.0,1.0,1.0,1.0,1.0,1.0,0.0,0.0,0.0,0.0,1.0,0.0,0.0,0.0,0.0,1.0,1.0,0.0,0.0,,1.0,0.0,1.0,0.0,0.0,0.0,1.0,,,,,,1.0,0.0,0.0,1.0,0.0,1.0,,,,,,,,,,,,,,,,,,,0.0,,,1.0,1.0,0.0,,,,,,,,,,,,,,,,,,1.0,,,,,,,,,,,,,0.0,0.0,,,,,,,,,1.0,1.0,0.0,,1.0,0.0,0.0,1.0,1.0,1.0,,,,1.0,1.0,,1.0,,,,,,,,,,,,,,0.0,0.0,1.0,1.0,,,,,,,,1.0,0.0,,,,,,,,,,,,,0.0,1.0,,1.0,0.0,1.0,0.0,0.0,1.0,0.0,0.0,,0.0,1.0,0.0,0.0,0.0,0.0,0.0,0.0,0.0,1.0,,1.0,0.0,0.0,,1.0,0.0,0.0,1.0,,1.0,0.0,,,0.0,1.0,0.0,,,,,,0.0,,1.0,,,,,,,,,,,,,,,,,,,0.0,0.0,,,,0.0,,,,,,,,,,,,,,,,1.0,,0.0,0.0,1.0,1.0,0.0,0.0,0.0,0.0,1.0,0.0,0.0,,1.0,,,,,0.0,,1.0,0.0,1.0,0.0,0.0,1.0,0.0,0.0,0.0,1.0,0.0,0.0,1.0,0.0,,1.0,,1.0,1.0,,1.0,1.0,1.0,0.0,0.0,0.0,0.0,0.0,1.0,0.0,0.0,0.0,1.0,0.0,1.0,1.0,1.0,1.0,1.0,,1.0,0.0,0.0,0.0,0.0,1.0,0.0,0.0,0.0,0.0,0.0,0.0,1.0,0.0,1.0,1.0,0.0,0.0,,,1.0,1.0,0.0,0.0,0.0,0.0,0.0,0.0,0.0,0.0,1.0,1.0,,1.0,0.0,1.0,1.0,0.0,1.0,1.0,1.0,1.0,1.0,1.0,0.0,1.0,0.0,1.0,,,,,1.0,1.0,0.0,,0.0,0.0,1.0,1.0,0.0,1.0,1.0,0.0,0.0,1.0,,0.0,0.0,1.0,1.0,0.0,1.0,0.0,0.0,1.0,1.0,1.0,1.0,,0.0,1.0,0.0,0.0,,0.0,0.0,0.0,1.0,,0.0
Carla Zambelli,0.0,0.0,1.0,0.0,1.0,1.0,0.0,1.0,0.0,,1.0,,1.0,0.0,0.0,0.0,0.0,0.0,1.0,1.0,1.0,0.0,0.0,0.0,,,,,,1.0,0.0,1.0,,0.0,0.0,0.0,1.0,0.0,0.0,0.0,0.0,0.0,0.0,1.0,0.0,1.0,0.0,1.0,1.0,0.0,0.0,1.0,1.0,0.0,0.0,1.0,1.0,1.0,,0.0,1.0,1.0,,0.0,,,0.0,0.0,0.0,0.0,0.0,,0.0,1.0,0.0,1.0,,,,1.0,1.0,,,,0.0,1.0,,,1.0,1.0,1.0,1.0,1.0,0.0,0.0,0.0,1.0,1.0,0.0,0.0,0.0,0.0,1.0,0.0,0.0,0.0,0.0,1.0,0.0,0.0,0.0,1.0,1.0,1.0,1.0,1.0,0.0,0.0,0.0,0.0,1.0,0.0,0.0,0.0,0.0,1.0,1.0,0.0,0.0,0.0,1.0,0.0,0.0,0.0,0.0,1.0,1.0,1.0,0.0,0.0,0.0,0.0,1.0,0.0,1.0,0.0,0.0,1.0,1.0,0.0,,,,,,,,0.0,1.0,1.0,0.0,0.0,1.0,0.0,1.0,0.0,0.0,0.0,1.0,1.0,1.0,0.0,0.0,1.0,0.0,0.0,1.0,1.0,1.0,1.0,1.0,1.0,1.0,1.0,1.0,1.0,1.0,,1.0,1.0,0.0,1.0,0.0,1.0,,0.0,0.0,0.0,1.0,0.0,0.0,1.0,0.0,0.0,0.0,0.0,0.0,0.0,,,,,1.0,1.0,0.0,0.0,1.0,0.0,0.0,1.0,1.0,1.0,1.0,0.0,1.0,1.0,1.0,1.0,1.0,0.0,0.0,,0.0,1.0,1.0,1.0,0.0,1.0,0.0,0.0,1.0,0.0,0.0,0.0,1.0,1.0,0.0,0.0,0.0,0.0,1.0,1.0,1.0,0.0,0.0,0.0,0.0,0.0,,1.0,1.0,1.0,1.0,1.0,1.0,1.0,1.0,0.0,1.0,0.0,1.0,0.0,0.0,0.0,0.0,1.0,0.0,0.0,1.0,0.0,1.0,1.0,1.0,1.0,0.0,0.0,0.0,0.0,1.0,1.0,1.0,0.0,0.0,0.0,1.0,1.0,1.0,0.0,1.0,0.0,1.0,0.0,0.0,0.0,1.0,0.0,0.0,1.0,0.0,0.0,0.0,0.0,1.0,1.0,1.0,1.0,0.0,1.0,0.0,1.0,0.0,1.0,1.0,0.0,1.0,1.0,1.0,1.0,1.0,1.0,1.0,1.0,0.0,0.0,0.0,0.0,1.0,0.0,0.0,0.0,0.0,0.0,1.0,1.0,0.0,1.0,1.0,0.0,0.0,0.0,0.0,1.0,1.0,0.0,1.0,0.0,0.0,1.0,0.0,1.0,0.0,0.0,0.0,1.0,0.0,0.0,1.0,1.0,0.0,1.0,1.0,0.0,0.0,1.0,1.0,0.0,1.0,0.0,0.0,0.0,0.0,0.0,0.0,0.0,0.0,0.0,0.0,0.0,0.0,1.0,1.0,0.0,1.0,0.0,1.0,,1.0,0.0,0.0,0.0,0.0,0.0,1.0,0.0,,,,,,,,,,,,,,,,,,,,,,,,,,,,,,,,,,,,,,,,,,,,,,,,,1.0,0.0,,,,,0.0,1.0,0.0,0.0,,0.0,0.0,1.0,1.0,1.0,0.0,0.0,0.0,0.0,0.0,1.0,0.0,0.0,0.0,0.0,0.0,,0.0,0.0,0.0,1.0,,0.0,1.0,1.0,0.0,,,1.0,1.0,0.0,0.0,1.0,0.0,0.0,0.0,0.0,0.0,0.0,1.0,0.0,
Carlos Bezerra,0.0,,1.0,0.0,1.0,1.0,1.0,,,1.0,1.0,1.0,1.0,1.0,0.0,1.0,0.0,1.0,0.0,0.0,1.0,0.0,1.0,,,,0.0,1.0,0.0,,,,,,,,,,,,,,,,,,,,1.0,0.0,0.0,1.0,0.0,1.0,1.0,1.0,,,,,1.0,1.0,,,,,1.0,1.0,,,,0.0,0.0,1.0,0.0,1.0,1.0,,1.0,,,,1.0,,,,1.0,1.0,,,,,1.0,0.0,,,1.0,1.0,,,,,,1.0,1.0,1.0,0.0,0.0,1.0,1.0,1.0,0.0,0.0,1.0,1.0,,0.0,1.0,0.0,0.0,1.0,0.0,0.0,,0.0,1.0,0.0,1.0,1.0,0.0,1.0,0.0,0.0,0.0,0.0,1.0,1.0,1.0,1.0,1.0,0.0,1.0,,,,,,,1.0,0.0,0.0,1.0,1.0,0.0,0.0,0.0,1.0,,1.0,1.0,0.0,0.0,1.0,0.0,1.0,0.0,,,1.0,,,0.0,0.0,1.0,,0.0,1.0,1.0,1.0,1.0,1.0,1.0,0.0,1.0,1.0,0.0,0.0,0.0,0.0,1.0,1.0,1.0,0.0,1.0,0.0,,0.0,0.0,1.0,1.0,,1.0,,,0.0,0.0,0.0,0.0,1.0,0.0,,,1.0,0.0,0.0,,1.0,0.0,0.0,0.0,1.0,1.0,0.0,0.0,1.0,1.0,1.0,1.0,1.0,0.0,0.0,0.0,0.0,,1.0,1.0,0.0,1.0,0.0,0.0,1.0,0.0,,0.0,1.0,1.0,0.0,0.0,1.0,,1.0,,1.0,0.0,0.0,1.0,0.0,,,1.0,1.0,1.0,1.0,1.0,1.0,1.0,1.0,0.0,1.0,0.0,1.0,0.0,0.0,0.0,0.0,1.0,1.0,0.0,0.0,1.0,0.0,0.0,1.0,0.0,,0.0,0.0,0.0,1.0,1.0,1.0,0.0,0.0,0.0,1.0,1.0,1.0,1.0,1.0,,0.0,0.0,0.0,1.0,1.0,,,1.0,0.0,0.0,0.0,0.0,1.0,1.0,1.0,1.0,0.0,1.0,0.0,1.0,0.0,1.0,1.0,0.0,0.0,1.0,1.0,1.0,1.0,1.0,1.0,1.0,,,0.0,0.0,1.0,0.0,0.0,0.0,1.0,0.0,1.0,1.0,0.0,1.0,0.0,0.0,0.0,,0.0,1.0,1.0,1.0,1.0,0.0,,,0.0,,,,,,,,,,,,,,,1.0,1.0,0.0,,0.0,0.0,1.0,0.0,0.0,0.0,0.0,1.0,0.0,1.0,0.0,0.0,1.0,1.0,1.0,,0.0,1.0,1.0,1.0,0.0,,0.0,0.0,0.0,1.0,0.0,,0.0,,0.0,1.0,0.0,0.0,1.0,1.0,1.0,,0.0,0.0,,0.0,1.0,,,,0.0,,,,,1.0,,,0.0,,0.0,1.0,,1.0,0.0,0.0,0.0,0.0,,0.0,0.0,1.0,1.0,0.0,1.0,0.0,0.0,,1.0,,,0.0,1.0,1.0,0.0,,,,,,,,,,,,,,,,,,,,,,1.0,,,,,1.0,0.0,,,,1.0,1.0,,,0.0,0.0,1.0,0.0,,,,,,,,1.0
Carlos Chiodini,,,1.0,0.0,1.0,1.0,0.0,,,1.0,,,0.0,1.0,,1.0,0.0,1.0,,0.0,1.0,0.0,,,0.0,1.0,0.0,1.0,0.0,1.0,,1.0,0.0,,0.0,,1.0,0.0,,,,0.0,0.0,1.0,0.0,,,,,0.0,0.0,1.0,0.0,1.0,1.0,0.0,,,,1.0,1.0,1.0,1.0,,,,1.0,0.0,,0.0,0.0,0.0,0.0,1.0,1.0,1.0,1.0,0.0,1.0,1.0,1.0,1.0,,,0.0,1.0,1.0,1.0,1.0,1.0,,1.0,1.0,0.0,0.0,,1.0,1.0,0.0,0.0,0.0,0.0,1.0,,1.0,1.0,,,0.0,1.0,1.0,0.0,0.0,,1.0,,,0.0,,,1.0,0.0,0.0,,,1.0,1.0,0.0,1.0,,1.0,0.0,0.0,0.0,,1.0,1.0,1.0,1.0,1.0,0.0,0.0,1.0,,1.0,1.0,,,1.0,,0.0,1.0,1.0,0.0,,0.0,1.0,0.0,1.0,1.0,,,1.0,,1.0,0.0,0.0,,1.0,1.0,1.0,0.0,0.0,1.0,0.0,0.0,1.0,1.0,1.0,1.0,1.0,1.0,0.0,1.0,1.0,1.0,1.0,1.0,1.0,1.0,0.0,,0.0,1.0,,,,0.0,1.0,1.0,,1.0,0.0,,0.0,0.0,0.0,0.0,1.0,0.0,,,1.0,0.0,0.0,,,,0.0,1.0,,1.0,1.0,0.0,1.0,1.0,,1.0,1.0,,,,0.0,1.0,,1.0,0.0,1.0,0.0,,1.0,0.0,0.0,,,,0.0,,,1.0,,1.0,0.0,0.0,0.0,1.0,0.0,,,1.0,1.0,1.0,1.0,1.0,1.0,1.0,1.0,0.0,1.0,0.0,1.0,,0.0,0.0,0.0,1.0,,0.0,0.0,,1.0,,,,,0.0,,0.0,1.0,1.0,1.0,0.0,,,1.0,1.0,,,1.0,0.0,,0.0,,1.0,1.0,0.0,,1.0,0.0,0.0,0.0,0.0,,1.0,1.0,1.0,,1.0,0.0,1.0,0.0,1.0,1.0,0.0,1.0,1.0,1.0,1.0,1.0,1.0,1.0,1.0,,,,,,,,0.0,0.0,,,1.0,1.0,1.0,,0.0,0.0,,0.0,1.0,1.0,1.0,1.0,,0.0,,0.0,0.0,0.0,0.0,,1.0,0.0,0.0,,,,,1.0,0.0,,,1.0,0.0,,0.0,,0.0,0.0,0.0,0.0,,,,1.0,0.0,0.0,,1.0,1.0,,0.0,1.0,,,0.0,0.0,0.0,,,,0.0,0.0,,,0.0,1.0,0.0,0.0,,,,,,0.0,0.0,0.0,,,,,,0.0,,,0.0,1.0,,,,,0.0,,,,0.0,0.0,,0.0,0.0,0.0,,,,0.0,1.0,0.0,1.0,0.0,0.0,1.0,1.0,1.0,1.0,1.0,0.0,0.0,1.0,0.0,0.0,1.0,1.0,0.0,1.0,1.0,1.0,0.0,0.0,0.0,1.0,1.0,0.0,0.0,1.0,1.0,,1.0,,,0.0,,1.0,,,,1.0,,1.0,1.0,1.0,0.0,0.0,,1.0,0.0,0.0,0.0,,,0.0,1.0,0.0,0.0
Carlos Gomes,0.0,0.0,1.0,0.0,1.0,1.0,1.0,,,1.0,,1.0,1.0,0.0,1.0,1.0,0.0,0.0,1.0,0.0,,,1.0,1.0,,1.0,0.0,0.0,1.0,1.0,0.0,0.0,0.0,0.0,0.0,0.0,1.0,0.0,0.0,0.0,0.0,0.0,0.0,1.0,0.0,1.0,0.0,1.0,1.0,0.0,0.0,1.0,,,,,,1.0,0.0,1.0,1.0,1.0,1.0,0.0,0.0,1.0,0.0,1.0,0.0,0.0,0.0,,0.0,1.0,0.0,1.0,,,,1.0,1.0,1.0,1.0,0.0,0.0,0.0,1.0,1.0,1.0,1.0,1.0,1.0,1.0,0.0,1.0,1.0,1.0,1.0,0.0,,,0.0,1.0,0.0,0.0,0.0,,0.0,1.0,0.0,1.0,1.0,1.0,1.0,1.0,1.0,0.0,0.0,0.0,0.0,,,0.0,0.0,0.0,1.0,0.0,0.0,0.0,0.0,1.0,0.0,,1.0,0.0,1.0,1.0,1.0,1.0,0.0,0.0,0.0,1.0,0.0,0.0,1.0,0.0,1.0,1.0,0.0,0.0,,1.0,0.0,0.0,0.0,1.0,0.0,1.0,1.0,0.0,0.0,1.0,,1.0,0.0,0.0,0.0,1.0,1.0,1.0,0.0,0.0,1.0,0.0,0.0,1.0,1.0,1.0,1.0,1.0,0.0,0.0,1.0,1.0,,1.0,1.0,1.0,1.0,0.0,0.0,0.0,0.0,0.0,0.0,0.0,0.0,1.0,1.0,,1.0,0.0,,0.0,0.0,0.0,0.0,1.0,0.0,0.0,0.0,1.0,1.0,0.0,,1.0,0.0,0.0,1.0,1.0,1.0,1.0,0.0,1.0,1.0,1.0,1.0,1.0,,0.0,0.0,0.0,1.0,1.0,1.0,0.0,1.0,0.0,0.0,1.0,0.0,0.0,1.0,1.0,1.0,0.0,0.0,0.0,1.0,1.0,,1.0,0.0,0.0,1.0,0.0,1.0,0.0,1.0,1.0,1.0,1.0,1.0,1.0,1.0,1.0,1.0,1.0,0.0,1.0,0.0,,0.0,0.0,1.0,0.0,0.0,1.0,0.0,1.0,1.0,1.0,1.0,0.0,0.0,0.0,0.0,1.0,1.0,1.0,0.0,0.0,,,1.0,,,,0.0,1.0,0.0,0.0,0.0,1.0,0.0,0.0,1.0,0.0,0.0,0.0,0.0,1.0,1.0,1.0,1.0,0.0,1.0,0.0,1.0,0.0,1.0,1.0,0.0,1.0,1.0,1.0,1.0,1.0,1.0,1.0,1.0,0.0,0.0,0.0,0.0,1.0,0.0,0.0,0.0,0.0,0.0,1.0,1.0,0.0,1.0,1.0,0.0,1.0,0.0,0.0,1.0,1.0,1.0,1.0,,0.0,1.0,0.0,,0.0,0.0,0.0,1.0,,,,,,,,,0.0,1.0,1.0,0.0,1.0,0.0,0.0,1.0,0.0,0.0,0.0,0.0,0.0,0.0,1.0,0.0,0.0,,1.0,1.0,,0.0,1.0,1.0,1.0,0.0,0.0,0.0,,0.0,1.0,0.0,0.0,0.0,1.0,0.0,1.0,1.0,1.0,1.0,1.0,0.0,1.0,0.0,0.0,0.0,0.0,1.0,0.0,0.0,0.0,0.0,0.0,0.0,,,1.0,,,,1.0,,,,,0.0,0.0,0.0,0.0,0.0,0.0,0.0,1.0,1.0,0.0,1.0,0.0,1.0,0.0,0.0,1.0,0.0,0.0,1.0,,0.0,0.0,1.0,0.0,0.0,,0.0,0.0,1.0,1.0,1.0,0.0,0.0,0.0,0.0,,1.0,0.0,1.0,1.0,0.0,0.0,1.0,0.0,0.0,0.0,1.0,1.0,0.0,,0.0,,1.0,1.0,1.0,1.0,0.0,,1.0,0.0,,,,,,,,0.0
Carlos Henrique Gaguim,0.0,0.0,1.0,0.0,1.0,1.0,1.0,1.0,0.0,1.0,0.0,1.0,0.0,1.0,0.0,,,,,0.0,,,0.0,0.0,0.0,,0.0,1.0,0.0,1.0,0.0,1.0,0.0,0.0,0.0,0.0,1.0,1.0,0.0,0.0,0.0,0.0,0.0,0.0,0.0,1.0,0.0,1.0,1.0,0.0,,1.0,0.0,1.0,1.0,0.0,0.0,1.0,0.0,1.0,1.0,1.0,1.0,0.0,0.0,1.0,1.0,1.0,0.0,0.0,0.0,,0.0,1.0,0.0,1.0,1.0,0.0,1.0,1.0,1.0,,1.0,0.0,0.0,1.0,1.0,1.0,1.0,1.0,1.0,1.0,1.0,0.0,0.0,1.0,1.0,1.0,0.0,,0.0,0.0,1.0,1.0,1.0,1.0,0.0,0.0,1.0,1.0,1.0,0.0,0.0,1.0,1.0,1.0,0.0,0.0,0.0,0.0,,0.0,0.0,0.0,0.0,1.0,1.0,0.0,0.0,0.0,1.0,0.0,0.0,0.0,0.0,1.0,1.0,1.0,1.0,0.0,0.0,0.0,1.0,0.0,0.0,1.0,0.0,1.0,,,,,,,,,,,,,,,,,,,0.0,0.0,1.0,1.0,1.0,0.0,0.0,1.0,0.0,0.0,1.0,1.0,1.0,1.0,1.0,,,,,,,,,,0.0,1.0,0.0,1.0,0.0,,0.0,0.0,1.0,1.0,0.0,1.0,0.0,0.0,0.0,0.0,0.0,0.0,1.0,0.0,0.0,0.0,1.0,1.0,0.0,0.0,1.0,0.0,0.0,1.0,1.0,,1.0,1.0,1.0,1.0,1.0,1.0,1.0,0.0,0.0,0.0,,1.0,1.0,1.0,0.0,1.0,0.0,0.0,1.0,0.0,0.0,0.0,1.0,1.0,0.0,0.0,0.0,,,1.0,1.0,0.0,0.0,1.0,0.0,,,1.0,1.0,1.0,,,,1.0,1.0,1.0,1.0,0.0,1.0,0.0,0.0,0.0,0.0,1.0,0.0,0.0,1.0,0.0,1.0,1.0,1.0,1.0,0.0,0.0,0.0,0.0,1.0,1.0,1.0,,0.0,0.0,1.0,1.0,,1.0,1.0,0.0,0.0,1.0,0.0,1.0,1.0,0.0,0.0,1.0,0.0,0.0,0.0,0.0,1.0,1.0,1.0,1.0,,1.0,0.0,1.0,0.0,1.0,1.0,0.0,1.0,1.0,1.0,1.0,1.0,1.0,1.0,1.0,0.0,,0.0,,1.0,,0.0,0.0,0.0,0.0,1.0,1.0,1.0,1.0,1.0,0.0,0.0,,0.0,,1.0,1.0,1.0,0.0,0.0,,0.0,0.0,0.0,0.0,0.0,1.0,0.0,0.0,1.0,,,1.0,1.0,0.0,0.0,1.0,1.0,0.0,1.0,0.0,0.0,1.0,0.0,1.0,0.0,0.0,0.0,0.0,0.0,0.0,0.0,1.0,,1.0,,0.0,1.0,1.0,1.0,0.0,0.0,0.0,0.0,0.0,1.0,0.0,0.0,0.0,1.0,0.0,,1.0,1.0,1.0,1.0,0.0,1.0,0.0,0.0,0.0,0.0,1.0,0.0,0.0,,0.0,0.0,0.0,1.0,0.0,1.0,1.0,,0.0,1.0,0.0,1.0,1.0,0.0,0.0,0.0,0.0,0.0,0.0,0.0,0.0,1.0,1.0,0.0,1.0,0.0,1.0,0.0,0.0,1.0,0.0,0.0,1.0,0.0,,0.0,0.0,0.0,0.0,0.0,0.0,0.0,1.0,,1.0,0.0,,,0.0,,,0.0,1.0,0.0,0.0,0.0,1.0,0.0,0.0,0.0,1.0,1.0,0.0,1.0,0.0,0.0,1.0,1.0,1.0,1.0,,0.0,1.0,0.0,0.0,,0.0,0.0,0.0,1.0,0.0,0.0
Carlos Jordy,0.0,0.0,1.0,0.0,1.0,1.0,0.0,1.0,0.0,0.0,0.0,1.0,1.0,0.0,0.0,1.0,0.0,1.0,0.0,1.0,1.0,0.0,1.0,0.0,0.0,0.0,0.0,0.0,1.0,1.0,0.0,1.0,0.0,,0.0,0.0,1.0,0.0,0.0,0.0,0.0,0.0,0.0,1.0,0.0,1.0,0.0,1.0,1.0,0.0,0.0,1.0,1.0,0.0,0.0,1.0,1.0,1.0,,0.0,1.0,1.0,1.0,0.0,,1.0,0.0,0.0,0.0,,0.0,0.0,0.0,1.0,0.0,1.0,,,,1.0,,1.0,1.0,0.0,0.0,1.0,0.0,0.0,1.0,1.0,1.0,1.0,1.0,0.0,0.0,1.0,1.0,1.0,0.0,0.0,0.0,0.0,1.0,0.0,0.0,0.0,0.0,1.0,0.0,0.0,0.0,1.0,1.0,1.0,1.0,1.0,1.0,0.0,0.0,0.0,1.0,0.0,0.0,0.0,0.0,1.0,1.0,0.0,0.0,0.0,1.0,0.0,0.0,,0.0,1.0,1.0,1.0,0.0,0.0,0.0,0.0,1.0,0.0,0.0,1.0,0.0,1.0,1.0,0.0,0.0,1.0,1.0,0.0,0.0,0.0,1.0,,,,0.0,0.0,1.0,0.0,1.0,0.0,0.0,,1.0,1.0,1.0,0.0,0.0,1.0,0.0,0.0,1.0,1.0,1.0,1.0,1.0,1.0,1.0,1.0,1.0,,1.0,1.0,1.0,1.0,0.0,1.0,0.0,,,0.0,0.0,0.0,1.0,0.0,0.0,1.0,0.0,0.0,0.0,0.0,0.0,0.0,1.0,0.0,0.0,0.0,1.0,1.0,0.0,0.0,1.0,,0.0,1.0,1.0,1.0,,0.0,1.0,1.0,1.0,1.0,1.0,0.0,1.0,0.0,0.0,1.0,1.0,1.0,0.0,1.0,0.0,0.0,1.0,0.0,0.0,0.0,1.0,1.0,0.0,0.0,0.0,0.0,1.0,1.0,1.0,0.0,0.0,0.0,0.0,0.0,0.0,1.0,1.0,1.0,1.0,1.0,1.0,1.0,1.0,0.0,1.0,0.0,1.0,0.0,0.0,0.0,0.0,1.0,0.0,0.0,1.0,0.0,1.0,1.0,1.0,1.0,0.0,0.0,0.0,0.0,1.0,1.0,1.0,0.0,0.0,,1.0,1.0,,0.0,1.0,0.0,1.0,0.0,0.0,0.0,1.0,0.0,0.0,1.0,1.0,0.0,0.0,0.0,1.0,1.0,1.0,1.0,0.0,1.0,0.0,1.0,0.0,1.0,1.0,0.0,1.0,1.0,,1.0,1.0,1.0,1.0,1.0,0.0,0.0,0.0,0.0,1.0,0.0,0.0,0.0,0.0,0.0,1.0,1.0,0.0,,1.0,0.0,0.0,0.0,,1.0,1.0,0.0,1.0,,0.0,1.0,0.0,1.0,0.0,0.0,0.0,1.0,0.0,0.0,1.0,1.0,0.0,1.0,1.0,0.0,0.0,1.0,1.0,0.0,1.0,0.0,,0.0,0.0,0.0,0.0,0.0,0.0,0.0,0.0,,0.0,1.0,1.0,0.0,1.0,0.0,1.0,1.0,1.0,0.0,0.0,0.0,0.0,0.0,1.0,0.0,0.0,0.0,1.0,0.0,1.0,1.0,1.0,1.0,1.0,0.0,1.0,0.0,0.0,0.0,0.0,,0.0,0.0,0.0,0.0,0.0,0.0,1.0,0.0,1.0,1.0,0.0,0.0,1.0,,1.0,1.0,0.0,0.0,0.0,0.0,0.0,0.0,0.0,0.0,1.0,1.0,0.0,1.0,0.0,1.0,0.0,0.0,1.0,0.0,1.0,1.0,1.0,1.0,0.0,1.0,0.0,0.0,0.0,0.0,0.0,1.0,1.0,1.0,0.0,0.0,0.0,0.0,0.0,1.0,0.0,0.0,0.0,0.0,0.0,1.0,0.0,0.0,0.0,1.0,1.0,0.0,1.0,0.0,0.0,,1.0,1.0,1.0,0.0,0.0,1.0,0.0,0.0,0.0,0.0,,0.0,1.0,0.0,0.0
Carlos Sampaio,,0.0,1.0,0.0,1.0,1.0,0.0,1.0,0.0,1.0,0.0,1.0,1.0,0.0,,,,,,,,1.0,1.0,0.0,0.0,1.0,0.0,,1.0,1.0,,,,,,,,,,,,,,1.0,,1.0,0.0,1.0,,1.0,1.0,1.0,0.0,1.0,1.0,0.0,0.0,1.0,,1.0,1.0,1.0,,,,1.0,0.0,1.0,0.0,0.0,,0.0,,,,1.0,1.0,0.0,,1.0,,1.0,1.0,,,0.0,1.0,1.0,1.0,1.0,,1.0,,0.0,0.0,1.0,1.0,1.0,1.0,0.0,0.0,1.0,1.0,0.0,0.0,0.0,0.0,1.0,0.0,0.0,0.0,1.0,1.0,1.0,1.0,,0.0,1.0,0.0,0.0,1.0,0.0,0.0,,0.0,1.0,0.0,0.0,0.0,0.0,1.0,1.0,1.0,0.0,1.0,1.0,1.0,1.0,1.0,,0.0,0.0,1.0,0.0,0.0,1.0,0.0,1.0,,0.0,0.0,,,0.0,0.0,0.0,1.0,0.0,1.0,1.0,0.0,0.0,,,,,0.0,,1.0,1.0,1.0,0.0,0.0,1.0,,,1.0,1.0,1.0,1.0,1.0,1.0,1.0,1.0,1.0,1.0,1.0,1.0,0.0,1.0,0.0,,1.0,1.0,0.0,0.0,0.0,0.0,1.0,0.0,0.0,,0.0,,0.0,0.0,0.0,0.0,1.0,0.0,1.0,,,,,0.0,1.0,0.0,0.0,1.0,0.0,0.0,1.0,0.0,1.0,1.0,1.0,1.0,1.0,,0.0,,0.0,1.0,1.0,1.0,0.0,1.0,0.0,0.0,1.0,0.0,1.0,0.0,0.0,1.0,0.0,0.0,1.0,1.0,1.0,1.0,1.0,1.0,0.0,1.0,0.0,1.0,0.0,1.0,1.0,1.0,1.0,1.0,1.0,1.0,1.0,0.0,1.0,1.0,1.0,1.0,0.0,0.0,0.0,1.0,0.0,0.0,1.0,0.0,1.0,1.0,1.0,1.0,0.0,0.0,0.0,0.0,0.0,1.0,,1.0,0.0,0.0,0.0,1.0,1.0,1.0,1.0,0.0,0.0,1.0,1.0,1.0,,0.0,0.0,1.0,0.0,0.0,0.0,0.0,1.0,1.0,1.0,1.0,0.0,1.0,0.0,1.0,0.0,1.0,1.0,0.0,1.0,1.0,1.0,1.0,,1.0,1.0,1.0,0.0,0.0,0.0,,1.0,0.0,0.0,0.0,0.0,0.0,1.0,1.0,0.0,1.0,0.0,0.0,1.0,,1.0,1.0,1.0,1.0,1.0,0.0,1.0,1.0,1.0,0.0,1.0,0.0,0.0,1.0,1.0,0.0,1.0,0.0,1.0,0.0,0.0,0.0,,1.0,1.0,0.0,1.0,0.0,0.0,1.0,0.0,1.0,,0.0,0.0,0.0,1.0,0.0,1.0,1.0,1.0,1.0,1.0,,1.0,,1.0,0.0,0.0,0.0,0.0,0.0,1.0,0.0,0.0,0.0,1.0,0.0,1.0,0.0,0.0,1.0,0.0,0.0,1.0,0.0,0.0,0.0,0.0,1.0,0.0,0.0,0.0,0.0,0.0,0.0,1.0,0.0,1.0,1.0,,0.0,1.0,0.0,1.0,1.0,0.0,,0.0,0.0,0.0,0.0,0.0,,1.0,1.0,0.0,1.0,0.0,0.0,0.0,1.0,1.0,1.0,1.0,1.0,1.0,0.0,0.0,1.0,,1.0,0.0,,0.0,1.0,0.0,1.0,0.0,0.0,,0.0,1.0,1.0,0.0,1.0,1.0,0.0,0.0,1.0,0.0,0.0,0.0,1.0,,0.0,1.0,1.0,0.0,1.0,,1.0,1.0,0.0,0.0,1.0,0.0,,,0.0,0.0,0.0,1.0,0.0,0.0
Carlos Veras,1.0,,1.0,1.0,1.0,1.0,1.0,1.0,1.0,1.0,1.0,1.0,,,1.0,1.0,1.0,0.0,1.0,1.0,,0.0,1.0,1.0,,1.0,,0.0,1.0,0.0,,,,,,,,,1.0,1.0,,1.0,,0.0,,1.0,0.0,1.0,1.0,0.0,,1.0,0.0,,,0.0,0.0,1.0,,1.0,,1.0,,,,0.0,1.0,1.0,,1.0,0.0,0.0,0.0,1.0,0.0,1.0,1.0,0.0,1.0,1.0,1.0,1.0,1.0,0.0,1.0,0.0,1.0,1.0,1.0,1.0,,1.0,,1.0,1.0,,1.0,1.0,0.0,0.0,0.0,1.0,0.0,1.0,1.0,1.0,0.0,0.0,1.0,1.0,1.0,0.0,0.0,0.0,0.0,0.0,1.0,0.0,1.0,1.0,0.0,1.0,1.0,0.0,1.0,0.0,0.0,1.0,1.0,1.0,0.0,1.0,1.0,1.0,1.0,0.0,0.0,0.0,1.0,0.0,1.0,0.0,1.0,1.0,0.0,1.0,0.0,1.0,0.0,,,,,,,,0.0,,,0.0,,,,,,,1.0,0.0,1.0,1.0,1.0,0.0,1.0,,,,0.0,,0.0,0.0,0.0,0.0,0.0,0.0,0.0,0.0,0.0,0.0,0.0,0.0,1.0,,1.0,0.0,1.0,0.0,1.0,1.0,,,0.0,,,,1.0,1.0,1.0,1.0,0.0,1.0,1.0,1.0,0.0,1.0,1.0,,0.0,1.0,1.0,0.0,0.0,0.0,0.0,1.0,0.0,0.0,0.0,0.0,0.0,1.0,1.0,1.0,1.0,0.0,0.0,0.0,1.0,0.0,1.0,1.0,0.0,1.0,1.0,1.0,1.0,0.0,1.0,1.0,1.0,1.0,1.0,1.0,0.0,1.0,1.0,0.0,1.0,1.0,0.0,1.0,0.0,1.0,0.0,,,0.0,1.0,1.0,0.0,1.0,0.0,1.0,1.0,1.0,1.0,0.0,0.0,1.0,0.0,1.0,0.0,0.0,0.0,0.0,1.0,1.0,1.0,1.0,0.0,0.0,0.0,1.0,,1.0,0.0,0.0,0.0,1.0,0.0,1.0,0.0,1.0,1.0,,1.0,1.0,,0.0,0.0,1.0,1.0,,0.0,0.0,0.0,0.0,1.0,1.0,1.0,0.0,1.0,0.0,0.0,0.0,1.0,0.0,0.0,1.0,1.0,0.0,0.0,0.0,,1.0,1.0,1.0,0.0,1.0,,1.0,1.0,1.0,1.0,0.0,0.0,0.0,0.0,1.0,1.0,0.0,1.0,1.0,,1.0,0.0,1.0,0.0,1.0,,0.0,1.0,0.0,0.0,0.0,1.0,0.0,0.0,0.0,1.0,0.0,,,,1.0,0.0,1.0,1.0,1.0,,0.0,0.0,1.0,1.0,1.0,1.0,0.0,1.0,0.0,1.0,1.0,1.0,1.0,1.0,,0.0,0.0,,,,,,,,1.0,,1.0,0.0,,,,,0.0,0.0,,,,1.0,1.0,1.0,0.0,,,,,,,,,,0.0,1.0,1.0,0.0,1.0,0.0,0.0,0.0,,,,,,,,,,,,1.0,0.0,0.0,1.0,1.0,1.0,0.0,0.0,0.0,0.0,1.0,1.0,1.0,1.0,0.0,0.0,0.0,0.0,,0.0,1.0,1.0,0.0,1.0,1.0,0.0,0.0,1.0,1.0,1.0,1.0,1.0,0.0,0.0,1.0,0.0,1.0,0.0,1.0,1.0,0.0,1.0,0.0,0.0,1.0,1.0,1.0,0.0,1.0,0.0,0.0,,,0.0,1.0,0.0,1.0
Carlos Zarattini,1.0,1.0,1.0,1.0,1.0,1.0,1.0,1.0,1.0,1.0,1.0,1.0,1.0,0.0,1.0,1.0,1.0,0.0,1.0,1.0,1.0,0.0,0.0,1.0,,1.0,,,,0.0,,,,1.0,,,,1.0,,1.0,1.0,1.0,,0.0,,1.0,0.0,,1.0,0.0,0.0,1.0,0.0,1.0,1.0,0.0,0.0,1.0,0.0,1.0,1.0,1.0,0.0,,,0.0,1.0,1.0,,,,,,,,,,,,1.0,,,,,1.0,0.0,1.0,1.0,1.0,,,1.0,0.0,1.0,1.0,1.0,1.0,1.0,0.0,0.0,0.0,1.0,0.0,1.0,1.0,1.0,,0.0,1.0,1.0,1.0,0.0,0.0,0.0,0.0,0.0,1.0,,,1.0,0.0,1.0,1.0,,1.0,1.0,0.0,1.0,1.0,1.0,0.0,1.0,1.0,1.0,1.0,,0.0,0.0,1.0,0.0,0.0,0.0,1.0,1.0,0.0,1.0,0.0,1.0,0.0,,,,,,1.0,,0.0,,,,,0.0,,,,,1.0,,1.0,1.0,1.0,0.0,,,,,0.0,,0.0,0.0,0.0,0.0,0.0,0.0,0.0,0.0,0.0,0.0,0.0,0.0,1.0,,1.0,0.0,1.0,0.0,1.0,,1.0,1.0,0.0,,,,,1.0,1.0,1.0,0.0,,1.0,1.0,,1.0,1.0,,,1.0,1.0,0.0,0.0,0.0,0.0,,0.0,,0.0,,0.0,,1.0,1.0,,,0.0,0.0,1.0,,,1.0,0.0,,1.0,1.0,,,1.0,,1.0,,1.0,1.0,0.0,1.0,,0.0,1.0,1.0,,1.0,0.0,1.0,0.0,1.0,0.0,0.0,1.0,1.0,0.0,1.0,0.0,1.0,1.0,,1.0,0.0,0.0,1.0,,1.0,0.0,0.0,0.0,0.0,,1.0,1.0,1.0,0.0,0.0,0.0,1.0,,,1.0,0.0,,,0.0,1.0,0.0,,1.0,1.0,1.0,1.0,0.0,0.0,0.0,1.0,1.0,0.0,0.0,0.0,0.0,0.0,1.0,1.0,1.0,,1.0,0.0,0.0,0.0,1.0,0.0,,1.0,1.0,0.0,0.0,0.0,1.0,1.0,,,0.0,,0.0,1.0,1.0,1.0,,1.0,0.0,0.0,0.0,,1.0,0.0,1.0,,,,,1.0,0.0,1.0,1.0,0.0,1.0,,0.0,0.0,,0.0,0.0,0.0,1.0,,,,0.0,1.0,0.0,1.0,1.0,1.0,,0.0,0.0,1.0,1.0,0.0,1.0,0.0,1.0,1.0,1.0,1.0,1.0,1.0,1.0,0.0,0.0,0.0,,,,,,,,1.0,,,,1.0,0.0,0.0,,0.0,0.0,,,,1.0,1.0,1.0,,,,,,,,,,,0.0,1.0,,,1.0,0.0,,1.0,,,,,,,,,,,,1.0,0.0,0.0,1.0,1.0,1.0,0.0,0.0,0.0,0.0,1.0,1.0,1.0,0.0,0.0,0.0,0.0,0.0,0.0,0.0,,1.0,0.0,1.0,,,0.0,1.0,1.0,1.0,1.0,,,0.0,1.0,0.0,1.0,,,1.0,,,0.0,0.0,1.0,1.0,,0.0,1.0,,0.0,0.0,0.0,,1.0,0.0,1.0
Carmen Zanotto,0.0,1.0,1.0,1.0,1.0,,1.0,1.0,1.0,1.0,0.0,1.0,0.0,1.0,0.0,1.0,0.0,1.0,0.0,0.0,1.0,0.0,0.0,1.0,0.0,1.0,,0.0,1.0,1.0,0.0,1.0,,0.0,0.0,0.0,1.0,0.0,0.0,0.0,0.0,0.0,0.0,1.0,,1.0,0.0,1.0,1.0,0.0,0.0,1.0,,,,,,1.0,0.0,1.0,0.0,0.0,1.0,0.0,0.0,1.0,1.0,0.0,0.0,0.0,0.0,,,1.0,0.0,1.0,1.0,0.0,1.0,1.0,1.0,1.0,1.0,0.0,0.0,1.0,1.0,1.0,1.0,1.0,,1.0,1.0,0.0,0.0,1.0,1.0,1.0,0.0,0.0,0.0,0.0,1.0,1.0,1.0,1.0,0.0,0.0,0.0,1.0,1.0,0.0,0.0,1.0,0.0,1.0,1.0,1.0,0.0,0.0,1.0,0.0,0.0,1.0,1.0,1.0,0.0,0.0,1.0,1.0,1.0,1.0,1.0,1.0,1.0,0.0,0.0,0.0,1.0,0.0,,0.0,1.0,0.0,0.0,1.0,0.0,1.0,1.0,0.0,0.0,1.0,1.0,0.0,0.0,0.0,1.0,0.0,1.0,1.0,0.0,0.0,1.0,0.0,1.0,0.0,0.0,0.0,1.0,1.0,1.0,1.0,,1.0,,,1.0,1.0,1.0,1.0,1.0,0.0,0.0,1.0,1.0,,0.0,1.0,,1.0,0.0,1.0,0.0,1.0,,0.0,,,1.0,0.0,,1.0,0.0,,0.0,0.0,0.0,0.0,1.0,1.0,1.0,0.0,0.0,0.0,0.0,,1.0,0.0,0.0,1.0,1.0,1.0,1.0,0.0,1.0,1.0,0.0,1.0,1.0,0.0,0.0,,,1.0,1.0,1.0,0.0,1.0,0.0,1.0,0.0,1.0,1.0,1.0,0.0,1.0,0.0,0.0,1.0,1.0,1.0,,0.0,0.0,1.0,0.0,,1.0,,1.0,1.0,1.0,1.0,1.0,1.0,1.0,1.0,0.0,1.0,0.0,0.0,1.0,1.0,0.0,1.0,0.0,1.0,0.0,1.0,1.0,0.0,1.0,1.0,0.0,,0.0,0.0,0.0,1.0,1.0,1.0,1.0,0.0,0.0,1.0,1.0,0.0,1.0,,1.0,0.0,1.0,1.0,1.0,1.0,0.0,,1.0,0.0,0.0,0.0,0.0,0.0,1.0,,1.0,0.0,1.0,1.0,1.0,1.0,1.0,1.0,0.0,,1.0,1.0,,1.0,1.0,1.0,0.0,0.0,0.0,,,,0.0,0.0,,,,,1.0,,1.0,0.0,,1.0,0.0,1.0,1.0,1.0,1.0,0.0,0.0,0.0,1.0,1.0,0.0,1.0,0.0,0.0,1.0,0.0,0.0,1.0,0.0,1.0,,,,1.0,1.0,0.0,0.0,1.0,0.0,0.0,0.0,0.0,1.0,0.0,0.0,0.0,0.0,1.0,1.0,0.0,1.0,1.0,1.0,1.0,0.0,1.0,1.0,1.0,0.0,0.0,0.0,0.0,0.0,1.0,0.0,0.0,0.0,0.0,0.0,0.0,0.0,0.0,0.0,0.0,1.0,1.0,0.0,0.0,1.0,1.0,0.0,0.0,0.0,0.0,0.0,0.0,0.0,1.0,0.0,1.0,1.0,0.0,1.0,1.0,1.0,1.0,1.0,0.0,0.0,0.0,0.0,0.0,0.0,0.0,0.0,1.0,1.0,0.0,1.0,,,,1.0,1.0,1.0,,,0.0,0.0,0.0,1.0,0.0,0.0,0.0,0.0,0.0,1.0,1.0,1.0,0.0,0.0,0.0,0.0,1.0,1.0,0.0,1.0,1.0,1.0,1.0,1.0,0.0,0.0,0.0,1.0,1.0,0.0,1.0,1.0,0.0,1.0,1.0,1.0,1.0,0.0,0.0,1.0,0.0,0.0,0.0,0.0,0.0,0.0,1.0,0.0,0.0
Caroline de Toni,,0.0,1.0,0.0,1.0,1.0,0.0,1.0,0.0,0.0,0.0,1.0,1.0,0.0,0.0,0.0,0.0,1.0,0.0,0.0,1.0,0.0,1.0,,0.0,0.0,0.0,0.0,1.0,1.0,0.0,1.0,0.0,0.0,0.0,0.0,1.0,0.0,0.0,0.0,0.0,0.0,0.0,1.0,0.0,1.0,0.0,1.0,0.0,0.0,0.0,0.0,1.0,0.0,0.0,1.0,1.0,1.0,,0.0,1.0,1.0,1.0,0.0,0.0,1.0,0.0,0.0,0.0,0.0,0.0,0.0,0.0,1.0,0.0,1.0,,,,1.0,,1.0,1.0,0.0,0.0,1.0,0.0,0.0,1.0,1.0,1.0,1.0,,0.0,0.0,0.0,1.0,1.0,0.0,1.0,1.0,0.0,1.0,0.0,0.0,0.0,0.0,1.0,0.0,0.0,0.0,1.0,1.0,1.0,1.0,1.0,0.0,0.0,0.0,0.0,1.0,,0.0,0.0,0.0,1.0,1.0,0.0,0.0,0.0,1.0,0.0,0.0,0.0,0.0,1.0,1.0,1.0,0.0,0.0,0.0,0.0,1.0,0.0,1.0,1.0,0.0,1.0,1.0,0.0,0.0,1.0,1.0,,,0.0,1.0,0.0,1.0,1.0,0.0,0.0,1.0,0.0,1.0,0.0,0.0,,1.0,0.0,0.0,1.0,0.0,1.0,0.0,0.0,1.0,1.0,1.0,1.0,1.0,1.0,1.0,1.0,1.0,1.0,1.0,1.0,1.0,1.0,0.0,1.0,0.0,1.0,,0.0,0.0,0.0,1.0,0.0,0.0,1.0,0.0,,0.0,0.0,0.0,0.0,1.0,0.0,0.0,0.0,1.0,1.0,0.0,,1.0,0.0,0.0,1.0,1.0,1.0,1.0,0.0,1.0,1.0,1.0,1.0,1.0,0.0,0.0,0.0,0.0,1.0,1.0,1.0,0.0,1.0,0.0,0.0,1.0,0.0,0.0,0.0,1.0,1.0,0.0,0.0,0.0,0.0,1.0,,1.0,0.0,0.0,0.0,0.0,0.0,0.0,1.0,1.0,1.0,1.0,1.0,1.0,1.0,1.0,0.0,1.0,0.0,,,0.0,0.0,0.0,1.0,0.0,,1.0,0.0,1.0,1.0,1.0,1.0,0.0,0.0,0.0,0.0,1.0,1.0,1.0,0.0,0.0,0.0,1.0,,1.0,0.0,1.0,,1.0,0.0,0.0,,1.0,0.0,0.0,1.0,1.0,0.0,0.0,0.0,1.0,1.0,1.0,1.0,0.0,1.0,0.0,1.0,0.0,1.0,1.0,0.0,1.0,1.0,1.0,1.0,1.0,1.0,1.0,1.0,0.0,0.0,,0.0,1.0,0.0,0.0,0.0,0.0,0.0,1.0,1.0,1.0,1.0,1.0,0.0,0.0,0.0,0.0,1.0,1.0,0.0,1.0,0.0,0.0,1.0,0.0,0.0,0.0,0.0,0.0,1.0,0.0,,1.0,1.0,,,,0.0,0.0,1.0,1.0,0.0,1.0,0.0,0.0,0.0,0.0,0.0,0.0,0.0,0.0,0.0,1.0,0.0,0.0,1.0,1.0,0.0,1.0,0.0,1.0,1.0,1.0,0.0,0.0,0.0,0.0,0.0,1.0,0.0,0.0,0.0,1.0,0.0,1.0,1.0,1.0,1.0,1.0,0.0,1.0,0.0,0.0,1.0,0.0,1.0,0.0,0.0,0.0,0.0,0.0,0.0,1.0,0.0,1.0,1.0,0.0,0.0,,0.0,1.0,1.0,0.0,0.0,0.0,0.0,0.0,0.0,0.0,0.0,1.0,1.0,0.0,1.0,,1.0,0.0,0.0,1.0,0.0,1.0,1.0,1.0,1.0,0.0,1.0,0.0,0.0,,0.0,0.0,1.0,1.0,1.0,0.0,0.0,,0.0,0.0,1.0,0.0,1.0,0.0,0.0,0.0,1.0,0.0,0.0,0.0,,1.0,0.0,1.0,0.0,0.0,1.0,1.0,1.0,1.0,0.0,0.0,1.0,0.0,0.0,0.0,0.0,,0.0,1.0,0.0,0.0
Celina Leão,,,,,,,,,,1.0,,1.0,1.0,,,,,,,,,,0.0,,,1.0,0.0,1.0,,1.0,0.0,1.0,0.0,0.0,0.0,0.0,1.0,0.0,0.0,0.0,0.0,1.0,0.0,1.0,,,0.0,1.0,1.0,0.0,,1.0,0.0,,,0.0,,,,1.0,1.0,,1.0,,,1.0,1.0,1.0,,,0.0,0.0,0.0,1.0,0.0,1.0,1.0,0.0,1.0,,1.0,1.0,,,0.0,1.0,,,,,,,,0.0,1.0,1.0,,,,,,0.0,,0.0,0.0,0.0,,1.0,,0.0,1.0,,,1.0,1.0,1.0,,0.0,,0.0,,0.0,0.0,0.0,,,,,,,,,,,,,,,1.0,,1.0,1.0,,,0.0,1.0,0.0,,,0.0,0.0,,1.0,0.0,,0.0,1.0,0.0,1.0,1.0,,,,,,,0.0,0.0,1.0,,,,0.0,1.0,,0.0,1.0,1.0,1.0,1.0,1.0,1.0,0.0,1.0,1.0,,,,,,0.0,0.0,0.0,,,,,,1.0,1.0,,,0.0,,,,,,,,,,,,,,,,,,,,,,,,,,,,,,,,,,,,,,,,0.0,,,,0.0,0.0,0.0,1.0,,1.0,,,,,,,,1.0,,1.0,1.0,1.0,,,1.0,,,0.0,,,,,,,,,,,,,,,,,,,,,,,,,,,,,,,,,1.0,,1.0,,,1.0,,0.0,0.0,0.0,1.0,,,1.0,0.0,1.0,0.0,1.0,0.0,0.0,,0.0,1.0,1.0,1.0,1.0,1.0,1.0,1.0,1.0,,,,,,,0.0,,0.0,0.0,,1.0,1.0,1.0,0.0,0.0,1.0,0.0,1.0,1.0,1.0,,,,,,,,0.0,,,1.0,0.0,0.0,1.0,1.0,,1.0,1.0,,,,,,1.0,,,,,,,,,,,,,,,,,,,,,,,,,,,,,,,,,,,,,,,,,,,,,,,,,,,,,,,,,,,,,,,,,,,,,,,,,,,,1.0,0.0,,,,,,1.0,,0.0,,0.0,0.0,1.0,,1.0,0.0,,0.0,0.0,0.0,1.0,0.0,1.0,,0.0,0.0,,,0.0,0.0,,,0.0,,,,,,,1.0,,,,,,,,,,,,
Celso Maldaner,,0.0,1.0,1.0,1.0,1.0,1.0,1.0,0.0,1.0,,1.0,0.0,1.0,,1.0,0.0,,0.0,0.0,1.0,0.0,,0.0,,,,,,1.0,0.0,1.0,,0.0,0.0,0.0,1.0,1.0,0.0,0.0,0.0,0.0,0.0,1.0,0.0,1.0,,1.0,,,,,,1.0,,0.0,0.0,1.0,0.0,1.0,1.0,,1.0,,,1.0,1.0,1.0,0.0,,0.0,,0.0,1.0,0.0,1.0,,,,1.0,1.0,1.0,1.0,0.0,0.0,1.0,1.0,1.0,1.0,,1.0,1.0,1.0,0.0,,,1.0,1.0,1.0,0.0,0.0,0.0,1.0,0.0,0.0,0.0,,1.0,1.0,0.0,0.0,1.0,1.0,1.0,1.0,1.0,0.0,1.0,,0.0,,,,0.0,0.0,1.0,0.0,,1.0,1.0,,0.0,0.0,0.0,0.0,1.0,1.0,1.0,1.0,0.0,0.0,0.0,1.0,0.0,1.0,1.0,0.0,1.0,1.0,0.0,0.0,1.0,1.0,,0.0,0.0,1.0,0.0,1.0,1.0,,,1.0,0.0,1.0,0.0,0.0,0.0,1.0,1.0,1.0,0.0,0.0,1.0,0.0,0.0,1.0,1.0,1.0,1.0,1.0,1.0,0.0,1.0,1.0,1.0,1.0,1.0,1.0,1.0,0.0,1.0,0.0,1.0,0.0,0.0,0.0,0.0,,,,1.0,0.0,,0.0,0.0,0.0,0.0,1.0,0.0,0.0,0.0,,1.0,0.0,0.0,1.0,0.0,,,1.0,1.0,1.0,0.0,1.0,1.0,1.0,1.0,1.0,0.0,0.0,0.0,0.0,1.0,1.0,1.0,0.0,1.0,0.0,0.0,1.0,0.0,0.0,0.0,,1.0,0.0,0.0,0.0,1.0,,1.0,1.0,,,1.0,0.0,1.0,,1.0,1.0,1.0,1.0,,1.0,1.0,1.0,0.0,1.0,0.0,,0.0,1.0,0.0,0.0,1.0,,0.0,1.0,0.0,1.0,1.0,1.0,1.0,0.0,,0.0,0.0,1.0,,1.0,0.0,0.0,0.0,1.0,1.0,1.0,0.0,1.0,0.0,0.0,0.0,0.0,1.0,1.0,0.0,,1.0,0.0,0.0,0.0,0.0,1.0,,1.0,1.0,0.0,1.0,0.0,1.0,0.0,1.0,1.0,0.0,0.0,1.0,1.0,1.0,1.0,1.0,,1.0,,0.0,0.0,0.0,1.0,0.0,0.0,,0.0,0.0,1.0,1.0,0.0,1.0,1.0,0.0,0.0,0.0,0.0,1.0,1.0,1.0,1.0,0.0,0.0,1.0,0.0,0.0,0.0,0.0,0.0,1.0,,,1.0,,0.0,1.0,1.0,0.0,0.0,1.0,1.0,0.0,1.0,0.0,,1.0,,0.0,0.0,,0.0,1.0,0.0,0.0,0.0,1.0,1.0,0.0,,0.0,1.0,1.0,1.0,0.0,0.0,0.0,0.0,0.0,1.0,0.0,0.0,0.0,1.0,0.0,1.0,0.0,0.0,1.0,,1.0,1.0,0.0,,0.0,0.0,1.0,0.0,0.0,0.0,,0.0,0.0,1.0,0.0,1.0,1.0,0.0,0.0,1.0,0.0,1.0,,0.0,0.0,0.0,,0.0,0.0,,0.0,1.0,1.0,,1.0,0.0,1.0,,0.0,1.0,1.0,1.0,1.0,1.0,0.0,0.0,1.0,0.0,0.0,0.0,,0.0,1.0,1.0,1.0,0.0,0.0,0.0,0.0,1.0,1.0,0.0,1.0,,,0.0,1.0,0.0,0.0,0.0,1.0,1.0,0.0,,1.0,0.0,1.0,1.0,1.0,1.0,,,1.0,0.0,0.0,0.0,,0.0,0.0,1.0,,0.0
Celso Russomanno,0.0,0.0,1.0,,1.0,1.0,,,,,0.0,1.0,1.0,0.0,1.0,1.0,,0.0,0.0,,0.0,0.0,,,,1.0,0.0,,1.0,,0.0,0.0,0.0,,0.0,0.0,0.0,,,,,,,1.0,,,,,1.0,0.0,0.0,1.0,,,1.0,1.0,0.0,1.0,,1.0,1.0,,1.0,,,,0.0,1.0,,0.0,0.0,,0.0,1.0,0.0,1.0,1.0,0.0,1.0,1.0,1.0,1.0,1.0,0.0,1.0,0.0,1.0,1.0,1.0,,,,,0.0,0.0,1.0,1.0,,0.0,,,,1.0,0.0,0.0,0.0,0.0,1.0,1.0,0.0,,1.0,1.0,1.0,1.0,1.0,,0.0,0.0,,1.0,0.0,0.0,,0.0,,1.0,0.0,0.0,,1.0,0.0,0.0,0.0,,1.0,1.0,1.0,0.0,0.0,0.0,0.0,1.0,0.0,1.0,1.0,0.0,1.0,1.0,,,,,0.0,0.0,0.0,1.0,,1.0,1.0,0.0,,,,1.0,0.0,0.0,0.0,1.0,1.0,1.0,0.0,0.0,1.0,0.0,0.0,1.0,1.0,1.0,1.0,1.0,1.0,1.0,1.0,1.0,1.0,1.0,1.0,0.0,1.0,0.0,1.0,0.0,,0.0,0.0,0.0,0.0,1.0,1.0,0.0,1.0,0.0,,0.0,0.0,0.0,0.0,1.0,0.0,0.0,0.0,0.0,1.0,0.0,,1.0,0.0,,1.0,1.0,1.0,1.0,0.0,1.0,,1.0,1.0,1.0,0.0,,0.0,0.0,,1.0,1.0,0.0,1.0,0.0,0.0,1.0,,0.0,0.0,1.0,1.0,0.0,,0.0,1.0,1.0,1.0,,0.0,0.0,,0.0,1.0,,1.0,1.0,1.0,1.0,1.0,1.0,1.0,1.0,0.0,1.0,0.0,1.0,0.0,0.0,0.0,0.0,1.0,0.0,0.0,1.0,0.0,1.0,1.0,1.0,1.0,0.0,0.0,0.0,0.0,1.0,1.0,,,0.0,0.0,1.0,1.0,1.0,,1.0,0.0,1.0,,0.0,0.0,1.0,,,1.0,0.0,0.0,0.0,0.0,1.0,1.0,1.0,1.0,0.0,1.0,0.0,1.0,0.0,1.0,,0.0,1.0,1.0,1.0,1.0,1.0,,1.0,1.0,0.0,0.0,0.0,0.0,1.0,0.0,0.0,0.0,0.0,0.0,,1.0,1.0,1.0,1.0,0.0,0.0,0.0,0.0,,1.0,1.0,1.0,0.0,,1.0,0.0,1.0,0.0,0.0,0.0,1.0,1.0,,,1.0,0.0,1.0,1.0,0.0,0.0,1.0,1.0,0.0,1.0,0.0,0.0,0.0,0.0,0.0,0.0,0.0,,0.0,1.0,0.0,0.0,1.0,1.0,1.0,,,1.0,1.0,1.0,0.0,0.0,0.0,0.0,0.0,1.0,0.0,0.0,0.0,1.0,0.0,1.0,1.0,1.0,1.0,1.0,,1.0,0.0,,0.0,0.0,1.0,0.0,0.0,0.0,0.0,0.0,0.0,,0.0,1.0,,0.0,0.0,1.0,,1.0,,0.0,,0.0,0.0,0.0,,0.0,0.0,1.0,1.0,0.0,1.0,,1.0,,0.0,1.0,0.0,1.0,1.0,1.0,1.0,0.0,1.0,0.0,0.0,,0.0,0.0,1.0,,1.0,,0.0,0.0,0.0,,1.0,0.0,1.0,,,0.0,1.0,0.0,0.0,0.0,1.0,1.0,0.0,1.0,0.0,,,1.0,,1.0,,0.0,1.0,0.0,,,,,,,,0.0
Celso Sabino,0.0,0.0,1.0,0.0,1.0,1.0,1.0,1.0,,,,,0.0,1.0,,,,,,,,0.0,0.0,,0.0,,,,,,1.0,0.0,,0.0,0.0,0.0,1.0,1.0,,0.0,0.0,0.0,0.0,1.0,1.0,1.0,0.0,1.0,1.0,,,1.0,0.0,,1.0,0.0,,,,1.0,1.0,,1.0,0.0,,,1.0,1.0,0.0,0.0,1.0,1.0,1.0,0.0,1.0,0.0,,1.0,0.0,1.0,0.0,1.0,1.0,0.0,0.0,1.0,1.0,1.0,1.0,,,1.0,1.0,0.0,,,,,,,,,1.0,1.0,1.0,1.0,0.0,0.0,1.0,1.0,1.0,0.0,,1.0,1.0,1.0,0.0,0.0,,,1.0,0.0,0.0,0.0,0.0,1.0,1.0,0.0,0.0,0.0,1.0,0.0,0.0,0.0,0.0,1.0,1.0,1.0,1.0,1.0,0.0,0.0,,0.0,0.0,1.0,0.0,1.0,1.0,0.0,0.0,1.0,1.0,0.0,0.0,0.0,1.0,0.0,1.0,1.0,,0.0,,0.0,1.0,0.0,0.0,,1.0,,1.0,0.0,0.0,1.0,0.0,0.0,1.0,1.0,1.0,1.0,1.0,1.0,1.0,1.0,1.0,1.0,0.0,1.0,1.0,1.0,0.0,1.0,0.0,1.0,0.0,0.0,,,1.0,,0.0,1.0,0.0,,0.0,0.0,0.0,0.0,1.0,0.0,1.0,0.0,1.0,1.0,0.0,0.0,1.0,0.0,0.0,1.0,1.0,1.0,1.0,0.0,1.0,1.0,1.0,1.0,1.0,0.0,0.0,0.0,0.0,1.0,1.0,1.0,0.0,1.0,0.0,0.0,1.0,0.0,0.0,0.0,0.0,1.0,0.0,0.0,1.0,1.0,1.0,,1.0,0.0,0.0,0.0,0.0,,0.0,1.0,1.0,1.0,1.0,1.0,1.0,1.0,1.0,0.0,1.0,1.0,1.0,0.0,0.0,0.0,0.0,1.0,0.0,0.0,1.0,0.0,1.0,1.0,,,,0.0,0.0,0.0,1.0,1.0,1.0,0.0,,0.0,1.0,1.0,,,1.0,0.0,1.0,1.0,0.0,0.0,1.0,,,,0.0,0.0,0.0,0.0,1.0,1.0,1.0,1.0,,1.0,0.0,1.0,0.0,1.0,1.0,0.0,1.0,1.0,1.0,,1.0,1.0,1.0,1.0,0.0,,0.0,0.0,1.0,0.0,0.0,0.0,,1.0,,1.0,1.0,1.0,0.0,0.0,1.0,0.0,1.0,1.0,1.0,0.0,1.0,0.0,0.0,,0.0,1.0,0.0,,0.0,1.0,0.0,0.0,1.0,1.0,0.0,1.0,1.0,0.0,,,,,1.0,0.0,0.0,0.0,0.0,0.0,0.0,0.0,0.0,0.0,1.0,0.0,0.0,1.0,1.0,1.0,,0.0,1.0,1.0,1.0,0.0,,0.0,0.0,0.0,1.0,0.0,0.0,0.0,,0.0,1.0,,1.0,,,,,,0.0,0.0,0.0,1.0,0.0,0.0,,0.0,0.0,0.0,1.0,,,1.0,0.0,0.0,1.0,0.0,,,0.0,0.0,0.0,0.0,0.0,0.0,0.0,0.0,1.0,1.0,0.0,1.0,0.0,,,,1.0,0.0,1.0,1.0,1.0,,0.0,1.0,0.0,,0.0,0.0,,1.0,1.0,1.0,0.0,0.0,0.0,0.0,0.0,1.0,0.0,1.0,0.0,0.0,0.0,1.0,,0.0,0.0,1.0,1.0,,1.0,0.0,,1.0,1.0,,1.0,,0.0,1.0,0.0,,,,,,,0.0,0.0
Cezinha de Madureira,0.0,,1.0,0.0,1.0,1.0,,1.0,0.0,,0.0,1.0,1.0,0.0,0.0,,0.0,0.0,1.0,0.0,1.0,0.0,,0.0,,1.0,,1.0,0.0,,,1.0,,,0.0,0.0,1.0,1.0,,0.0,0.0,0.0,0.0,1.0,0.0,1.0,0.0,1.0,,0.0,0.0,1.0,0.0,1.0,1.0,0.0,0.0,1.0,0.0,1.0,1.0,1.0,,0.0,0.0,1.0,0.0,1.0,0.0,0.0,,0.0,0.0,1.0,0.0,1.0,,0.0,1.0,1.0,1.0,1.0,,,0.0,1.0,1.0,1.0,1.0,1.0,1.0,1.0,1.0,0.0,0.0,1.0,1.0,1.0,0.0,,,0.0,1.0,1.0,1.0,1.0,0.0,0.0,1.0,1.0,1.0,0.0,0.0,1.0,1.0,1.0,,,0.0,0.0,1.0,0.0,0.0,,0.0,1.0,,,0.0,0.0,1.0,0.0,,0.0,0.0,1.0,1.0,,,0.0,,,1.0,0.0,1.0,1.0,0.0,1.0,1.0,,0.0,1.0,1.0,0.0,0.0,0.0,,,,,0.0,0.0,1.0,,,,0.0,,1.0,1.0,1.0,0.0,0.0,,,,1.0,1.0,1.0,1.0,,1.0,0.0,1.0,1.0,1.0,1.0,1.0,1.0,1.0,0.0,,0.0,1.0,,,0.0,0.0,1.0,1.0,0.0,,0.0,,,0.0,0.0,0.0,1.0,0.0,,0.0,1.0,1.0,0.0,,1.0,,0.0,1.0,1.0,1.0,1.0,0.0,,,,,,,,0.0,0.0,1.0,,1.0,0.0,1.0,,,1.0,0.0,0.0,0.0,,1.0,0.0,0.0,0.0,1.0,1.0,,1.0,,,0.0,0.0,1.0,,1.0,1.0,1.0,1.0,1.0,1.0,1.0,1.0,1.0,,0.0,1.0,0.0,0.0,,0.0,1.0,0.0,0.0,1.0,0.0,1.0,1.0,1.0,1.0,,0.0,0.0,0.0,1.0,1.0,1.0,0.0,0.0,0.0,1.0,1.0,,,1.0,0.0,1.0,0.0,1.0,1.0,1.0,0.0,,,,,,0.0,1.0,1.0,,1.0,,0.0,0.0,1.0,0.0,1.0,1.0,0.0,1.0,1.0,1.0,1.0,1.0,1.0,1.0,1.0,0.0,,0.0,0.0,1.0,0.0,0.0,,,0.0,,1.0,1.0,1.0,1.0,,0.0,,0.0,1.0,1.0,0.0,,0.0,0.0,,0.0,1.0,,0.0,,1.0,0.0,0.0,1.0,1.0,0.0,1.0,1.0,0.0,0.0,,1.0,0.0,,0.0,0.0,1.0,0.0,0.0,0.0,0.0,0.0,0.0,,0.0,0.0,,1.0,1.0,1.0,0.0,1.0,1.0,,,0.0,0.0,,,,0.0,0.0,0.0,1.0,0.0,1.0,1.0,1.0,,,,,,0.0,0.0,,1.0,0.0,,0.0,,,0.0,,0.0,1.0,,,,1.0,,,,,0.0,0.0,0.0,,,0.0,0.0,,1.0,0.0,1.0,,1.0,0.0,0.0,1.0,0.0,1.0,1.0,1.0,,,,0.0,0.0,0.0,0.0,,,,1.0,,,,,1.0,,,1.0,,0.0,0.0,,,,0.0,,,0.0,1.0,0.0,,1.0,1.0,1.0,1.0,0.0,,1.0,0.0,,,,,,,,
Charles Fernandes,0.0,,1.0,1.0,1.0,1.0,1.0,1.0,0.0,1.0,,1.0,0.0,,0.0,1.0,0.0,1.0,0.0,0.0,0.0,0.0,0.0,0.0,0.0,1.0,0.0,0.0,0.0,1.0,0.0,1.0,0.0,0.0,0.0,0.0,1.0,1.0,0.0,1.0,0.0,0.0,0.0,1.0,0.0,1.0,0.0,,1.0,0.0,0.0,1.0,0.0,1.0,,0.0,0.0,1.0,0.0,1.0,1.0,1.0,1.0,0.0,0.0,1.0,0.0,,0.0,,0.0,0.0,0.0,1.0,,1.0,1.0,,,1.0,,1.0,1.0,0.0,1.0,0.0,1.0,1.0,1.0,1.0,1.0,1.0,1.0,0.0,1.0,,1.0,1.0,0.0,,,0.0,,1.0,1.0,1.0,0.0,0.0,1.0,1.0,1.0,0.0,0.0,1.0,1.0,1.0,,,0.0,0.0,1.0,0.0,0.0,0.0,0.0,1.0,0.0,0.0,0.0,0.0,1.0,0.0,0.0,0.0,0.0,1.0,1.0,1.0,,,0.0,0.0,1.0,0.0,1.0,1.0,0.0,1.0,1.0,0.0,,1.0,1.0,0.0,0.0,0.0,1.0,0.0,0.0,0.0,0.0,0.0,1.0,0.0,1.0,0.0,0.0,0.0,1.0,1.0,1.0,,0.0,0.0,,,0.0,0.0,0.0,0.0,0.0,0.0,0.0,0.0,0.0,0.0,0.0,0.0,0.0,1.0,0.0,0.0,0.0,1.0,0.0,0.0,,0.0,1.0,,,1.0,0.0,,1.0,1.0,0.0,0.0,1.0,0.0,0.0,0.0,1.0,1.0,0.0,0.0,1.0,0.0,0.0,1.0,,1.0,1.0,0.0,1.0,1.0,1.0,1.0,,0.0,,0.0,0.0,1.0,1.0,1.0,0.0,1.0,0.0,0.0,1.0,,,1.0,1.0,1.0,1.0,1.0,0.0,1.0,,,1.0,0.0,0.0,0.0,0.0,,0.0,1.0,1.0,1.0,1.0,1.0,0.0,0.0,1.0,0.0,1.0,0.0,1.0,0.0,0.0,0.0,0.0,1.0,0.0,0.0,0.0,1.0,1.0,1.0,1.0,1.0,,0.0,0.0,0.0,0.0,1.0,0.0,0.0,0.0,1.0,1.0,1.0,0.0,,,,0.0,,1.0,,1.0,0.0,,1.0,0.0,0.0,0.0,0.0,1.0,1.0,1.0,1.0,0.0,1.0,0.0,1.0,0.0,1.0,1.0,0.0,1.0,1.0,1.0,1.0,1.0,1.0,1.0,1.0,0.0,0.0,0.0,0.0,,0.0,0.0,,0.0,0.0,1.0,1.0,1.0,1.0,0.0,0.0,1.0,,1.0,1.0,1.0,0.0,1.0,0.0,0.0,,0.0,0.0,0.0,0.0,0.0,1.0,0.0,0.0,1.0,1.0,0.0,1.0,1.0,0.0,0.0,1.0,1.0,0.0,1.0,0.0,0.0,,,1.0,1.0,0.0,0.0,0.0,1.0,0.0,0.0,1.0,1.0,1.0,1.0,0.0,1.0,1.0,1.0,,0.0,0.0,,,,0.0,0.0,0.0,1.0,0.0,1.0,1.0,1.0,0.0,1.0,0.0,1.0,0.0,0.0,0.0,0.0,1.0,0.0,,0.0,0.0,0.0,0.0,,0.0,1.0,,0.0,0.0,1.0,,1.0,1.0,0.0,,0.0,0.0,0.0,,,0.0,1.0,1.0,0.0,1.0,0.0,,,,1.0,1.0,1.0,0.0,1.0,0.0,0.0,1.0,0.0,0.0,,,,1.0,,1.0,,0.0,,0.0,1.0,1.0,0.0,1.0,0.0,0.0,0.0,1.0,0.0,0.0,0.0,0.0,1.0,,1.0,0.0,0.0,1.0,1.0,1.0,1.0,0.0,1.0,1.0,0.0,,,,,,1.0,,0.0
Charlles Evangelista,0.0,0.0,1.0,0.0,1.0,1.0,1.0,,,,,1.0,0.0,0.0,1.0,0.0,0.0,,0.0,1.0,1.0,0.0,,,0.0,0.0,0.0,0.0,1.0,1.0,,1.0,0.0,0.0,0.0,0.0,1.0,0.0,0.0,0.0,0.0,0.0,0.0,1.0,0.0,1.0,0.0,,,,,,1.0,0.0,0.0,1.0,1.0,1.0,,1.0,1.0,1.0,1.0,0.0,0.0,1.0,,0.0,0.0,,0.0,,0.0,1.0,0.0,0.0,,,,1.0,0.0,1.0,1.0,0.0,0.0,1.0,1.0,1.0,1.0,1.0,1.0,1.0,1.0,0.0,0.0,1.0,1.0,1.0,0.0,0.0,0.0,0.0,1.0,,0.0,0.0,0.0,1.0,0.0,0.0,,1.0,1.0,1.0,1.0,1.0,0.0,0.0,0.0,,1.0,0.0,0.0,0.0,0.0,1.0,0.0,0.0,0.0,0.0,1.0,0.0,0.0,0.0,0.0,,1.0,1.0,1.0,,0.0,0.0,1.0,0.0,1.0,1.0,0.0,1.0,1.0,,0.0,,1.0,0.0,0.0,0.0,1.0,0.0,1.0,1.0,0.0,,1.0,0.0,1.0,0.0,0.0,0.0,1.0,1.0,1.0,0.0,0.0,,,0.0,1.0,1.0,1.0,1.0,1.0,1.0,1.0,,1.0,1.0,1.0,1.0,1.0,1.0,1.0,0.0,0.0,1.0,,0.0,0.0,0.0,1.0,0.0,0.0,1.0,0.0,,0.0,0.0,0.0,0.0,,,,0.0,1.0,1.0,0.0,0.0,1.0,0.0,0.0,1.0,1.0,1.0,1.0,0.0,,1.0,1.0,1.0,1.0,,0.0,0.0,0.0,1.0,1.0,1.0,0.0,1.0,0.0,0.0,1.0,0.0,0.0,0.0,1.0,1.0,0.0,0.0,0.0,1.0,1.0,1.0,,0.0,0.0,,0.0,0.0,,1.0,1.0,1.0,1.0,1.0,1.0,1.0,1.0,0.0,1.0,0.0,0.0,0.0,0.0,0.0,0.0,1.0,0.0,0.0,1.0,0.0,1.0,1.0,1.0,1.0,0.0,0.0,0.0,0.0,,,,0.0,,0.0,1.0,1.0,,0.0,1.0,0.0,1.0,1.0,0.0,1.0,1.0,,0.0,1.0,1.0,0.0,0.0,0.0,1.0,1.0,1.0,1.0,0.0,1.0,0.0,1.0,0.0,1.0,1.0,,1.0,1.0,,1.0,1.0,1.0,1.0,1.0,0.0,,0.0,0.0,1.0,,,0.0,0.0,0.0,,1.0,0.0,1.0,0.0,0.0,1.0,,1.0,1.0,1.0,1.0,,0.0,0.0,1.0,0.0,0.0,,,,1.0,0.0,0.0,1.0,1.0,0.0,1.0,1.0,0.0,0.0,1.0,1.0,0.0,1.0,0.0,0.0,1.0,0.0,0.0,0.0,,0.0,0.0,1.0,0.0,0.0,1.0,1.0,1.0,,,1.0,1.0,1.0,,0.0,0.0,0.0,0.0,1.0,0.0,0.0,0.0,1.0,0.0,1.0,1.0,1.0,1.0,1.0,0.0,1.0,0.0,0.0,0.0,1.0,1.0,0.0,0.0,0.0,0.0,0.0,0.0,1.0,0.0,1.0,1.0,0.0,0.0,1.0,0.0,1.0,1.0,0.0,0.0,0.0,0.0,0.0,0.0,0.0,0.0,1.0,1.0,0.0,1.0,,1.0,0.0,0.0,1.0,0.0,1.0,1.0,1.0,1.0,0.0,1.0,0.0,,0.0,0.0,0.0,1.0,1.0,1.0,0.0,0.0,0.0,0.0,0.0,1.0,0.0,1.0,1.0,0.0,,1.0,0.0,0.0,0.0,1.0,1.0,0.0,1.0,0.0,,1.0,1.0,1.0,1.0,0.0,0.0,1.0,0.0,0.0,0.0,0.0,0.0,0.0,1.0,0.0,0.0
Chico D'Angelo,,,1.0,,1.0,1.0,1.0,,,,,,,,,,,,,,,,,,,,,,,,,,,,,,,,,,,,,,,,,,,,,,,,,,,,,,,,,,,,,,,,,,,,,,,,,,,,,,,,1.0,1.0,,,,,,,,,,,,0.0,0.0,1.0,0.0,,,,,,,,,,,0.0,0.0,0.0,1.0,1.0,,0.0,1.0,1.0,1.0,0.0,,0.0,1.0,1.0,1.0,1.0,0.0,1.0,1.0,1.0,0.0,0.0,0.0,0.0,1.0,0.0,0.0,0.0,,,,,,,,,,,,,,,,,,,,,,,,,1.0,,1.0,,,0.0,,,,,,,0.0,0.0,0.0,0.0,0.0,0.0,0.0,0.0,0.0,0.0,0.0,,1.0,0.0,1.0,1.0,,1.0,1.0,1.0,,,0.0,1.0,,,,0.0,1.0,1.0,0.0,1.0,1.0,1.0,0.0,1.0,1.0,0.0,0.0,,1.0,1.0,,,0.0,1.0,0.0,0.0,0.0,0.0,0.0,1.0,1.0,,1.0,0.0,1.0,0.0,1.0,0.0,1.0,1.0,0.0,1.0,1.0,1.0,0.0,0.0,1.0,1.0,,,1.0,1.0,0.0,1.0,1.0,0.0,1.0,1.0,,1.0,1.0,,,1.0,0.0,0.0,1.0,0.0,1.0,1.0,,1.0,1.0,,0.0,0.0,1.0,1.0,0.0,1.0,,0.0,0.0,0.0,0.0,,1.0,1.0,0.0,0.0,1.0,1.0,0.0,1.0,0.0,0.0,0.0,0.0,0.0,,0.0,1.0,1.0,1.0,1.0,0.0,,,,,,0.0,0.0,1.0,1.0,1.0,1.0,1.0,1.0,0.0,1.0,1.0,,1.0,1.0,0.0,,1.0,1.0,1.0,1.0,0.0,,,0.0,,1.0,,0.0,1.0,1.0,1.0,,1.0,0.0,0.0,0.0,1.0,1.0,,1.0,1.0,,1.0,,1.0,0.0,1.0,1.0,0.0,1.0,0.0,0.0,1.0,0.0,1.0,0.0,1.0,0.0,1.0,1.0,0.0,0.0,1.0,0.0,1.0,1.0,1.0,,0.0,,1.0,1.0,1.0,1.0,0.0,1.0,0.0,0.0,1.0,1.0,1.0,1.0,,1.0,0.0,1.0,,,,,,1.0,1.0,,1.0,0.0,1.0,0.0,0.0,0.0,,1.0,,,1.0,,1.0,1.0,0.0,,,,,,,,,0.0,0.0,1.0,1.0,0.0,1.0,,,1.0,,,,,,,,,,,1.0,1.0,0.0,0.0,1.0,1.0,1.0,0.0,0.0,0.0,0.0,1.0,1.0,1.0,1.0,1.0,1.0,1.0,0.0,,0.0,1.0,1.0,0.0,1.0,1.0,0.0,1.0,1.0,1.0,1.0,1.0,1.0,,1.0,1.0,0.0,1.0,0.0,,1.0,,,0.0,0.0,1.0,1.0,,,,0.0,,0.0,,0.0,,0.0,1.0
Chico D`Angelo,1.0,1.0,,,,,,1.0,1.0,1.0,1.0,1.0,1.0,1.0,1.0,1.0,0.0,1.0,0.0,0.0,1.0,0.0,0.0,1.0,,,,,,,0.0,0.0,,1.0,1.0,1.0,0.0,1.0,0.0,1.0,1.0,1.0,0.0,0.0,0.0,1.0,0.0,1.0,1.0,0.0,,,0.0,1.0,1.0,0.0,0.0,1.0,0.0,1.0,1.0,1.0,,,,0.0,0.0,1.0,0.0,0.0,0.0,0.0,0.0,,,1.0,,,,1.0,1.0,,1.0,0.0,1.0,0.0,,,1.0,0.0,1.0,1.0,0.0,1.0,1.0,1.0,1.0,,0.0,,,,,1.0,1.0,1.0,0.0,0.0,1.0,1.0,1.0,0.0,0.0,,,,,,,,,,,,,,,,,,,,,,,,,,,,,,1.0,1.0,0.0,1.0,0.0,1.0,0.0,0.0,0.0,1.0,1.0,0.0,0.0,0.0,1.0,0.0,0.0,0.0,0.0,0.0,,0.0,0.0,0.0,,,,,1.0,,,,,,,,,,,,,,,,,,,,,,,,,,,,1.0,1.0,,,,,,,,,,,,,,,,,,,,,,,,,,,,,,,,,,,,,,,,,,,,,,,,,,,,,,,,,,,,,,,,,,,,,,,,,,,,,,,,,,,,,,,,,,,,,,,,,,,,,,,,,,,,,,,,,,,,,,,,,,,,,,,,,,,,,,,,,,,,,,,,,,,,,,,,,,,,,,,,,,,,,,,,,,,,,,,,,,,,,,,,,,,,,,,,,,,,,,,,,,,,,,,,,,,,,,,,,,,,,,,,,,,,,,,,,,,,,,,,,,,,,,,,,,,,,,,,,,,,,,,,,,,,,,,,,,,,,,,,,,,,,,,,,,,,,,,,,,,,,,,,,
Chiquinho Brazão,,,1.0,0.0,,1.0,1.0,1.0,0.0,1.0,0.0,1.0,0.0,1.0,0.0,1.0,0.0,,0.0,0.0,1.0,0.0,0.0,,0.0,1.0,1.0,1.0,0.0,1.0,0.0,1.0,0.0,0.0,0.0,0.0,1.0,1.0,0.0,1.0,0.0,0.0,0.0,1.0,0.0,1.0,,1.0,1.0,0.0,,1.0,,1.0,1.0,0.0,0.0,1.0,0.0,1.0,1.0,1.0,1.0,,0.0,1.0,1.0,1.0,0.0,0.0,0.0,0.0,0.0,1.0,0.0,1.0,1.0,0.0,1.0,1.0,1.0,1.0,1.0,0.0,1.0,0.0,1.0,1.0,1.0,1.0,,1.0,1.0,0.0,1.0,1.0,1.0,1.0,0.0,,,0.0,1.0,1.0,1.0,1.0,0.0,0.0,1.0,1.0,1.0,0.0,0.0,1.0,1.0,1.0,0.0,0.0,0.0,0.0,1.0,0.0,0.0,0.0,,1.0,1.0,1.0,,,1.0,0.0,0.0,0.0,0.0,1.0,1.0,1.0,1.0,0.0,0.0,0.0,,,,,,,,0.0,0.0,1.0,1.0,0.0,,0.0,1.0,0.0,0.0,,0.0,0.0,1.0,0.0,1.0,,0.0,0.0,1.0,1.0,1.0,0.0,0.0,1.0,,,1.0,1.0,1.0,1.0,1.0,1.0,,1.0,1.0,,1.0,1.0,1.0,1.0,0.0,1.0,0.0,1.0,0.0,0.0,0.0,0.0,1.0,1.0,,1.0,0.0,,0.0,0.0,,0.0,1.0,0.0,0.0,0.0,1.0,1.0,0.0,,1.0,0.0,0.0,1.0,1.0,1.0,,,1.0,1.0,,1.0,1.0,0.0,0.0,0.0,0.0,,1.0,1.0,0.0,1.0,0.0,,1.0,0.0,0.0,0.0,1.0,1.0,0.0,0.0,1.0,,1.0,,1.0,0.0,0.0,1.0,0.0,1.0,,1.0,1.0,1.0,1.0,1.0,1.0,,1.0,0.0,1.0,0.0,1.0,0.0,0.0,0.0,0.0,1.0,,0.0,1.0,0.0,1.0,1.0,1.0,1.0,0.0,0.0,,0.0,,,,0.0,0.0,0.0,1.0,1.0,1.0,,1.0,0.0,1.0,0.0,0.0,0.0,1.0,0.0,,1.0,0.0,0.0,0.0,0.0,1.0,1.0,1.0,1.0,0.0,1.0,0.0,1.0,0.0,1.0,1.0,0.0,1.0,1.0,1.0,1.0,1.0,1.0,1.0,1.0,0.0,0.0,0.0,0.0,1.0,0.0,0.0,0.0,,0.0,1.0,1.0,1.0,1.0,0.0,1.0,1.0,0.0,0.0,1.0,1.0,1.0,,0.0,,1.0,0.0,1.0,0.0,,0.0,1.0,0.0,0.0,1.0,1.0,0.0,1.0,1.0,0.0,0.0,,1.0,0.0,1.0,,0.0,1.0,0.0,0.0,0.0,0.0,0.0,0.0,1.0,0.0,0.0,1.0,1.0,1.0,,0.0,1.0,1.0,1.0,0.0,0.0,0.0,0.0,0.0,1.0,0.0,0.0,0.0,,0.0,1.0,1.0,1.0,,1.0,0.0,1.0,0.0,0.0,,0.0,1.0,,0.0,0.0,0.0,,0.0,1.0,,,1.0,0.0,0.0,1.0,0.0,1.0,1.0,0.0,0.0,0.0,0.0,0.0,0.0,0.0,0.0,1.0,1.0,,1.0,0.0,1.0,0.0,0.0,1.0,0.0,1.0,1.0,1.0,1.0,0.0,1.0,0.0,0.0,0.0,0.0,0.0,1.0,,1.0,0.0,0.0,0.0,0.0,0.0,1.0,0.0,1.0,0.0,0.0,,1.0,,0.0,,0.0,1.0,0.0,1.0,0.0,,1.0,1.0,1.0,1.0,,0.0,1.0,0.0,,,,,,,,0.0
Chris Tonietto,0.0,,0.0,0.0,1.0,0.0,0.0,1.0,0.0,1.0,0.0,1.0,1.0,0.0,1.0,1.0,0.0,,,,,0.0,1.0,0.0,0.0,0.0,0.0,0.0,1.0,1.0,0.0,1.0,0.0,0.0,0.0,0.0,1.0,0.0,0.0,0.0,0.0,0.0,0.0,1.0,0.0,1.0,0.0,1.0,1.0,,0.0,1.0,1.0,0.0,0.0,1.0,1.0,1.0,0.0,0.0,1.0,1.0,1.0,0.0,0.0,1.0,0.0,0.0,0.0,0.0,0.0,0.0,0.0,1.0,0.0,1.0,1.0,0.0,1.0,1.0,1.0,1.0,1.0,0.0,0.0,1.0,,,1.0,1.0,1.0,0.0,1.0,0.0,0.0,0.0,0.0,1.0,1.0,,,,,0.0,0.0,0.0,0.0,1.0,0.0,0.0,0.0,1.0,1.0,,,,,,,,,,,,0.0,1.0,1.0,0.0,0.0,0.0,1.0,0.0,0.0,0.0,0.0,1.0,1.0,1.0,0.0,0.0,0.0,0.0,1.0,0.0,1.0,1.0,0.0,0.0,1.0,0.0,0.0,1.0,1.0,0.0,0.0,0.0,1.0,0.0,1.0,1.0,0.0,0.0,1.0,0.0,1.0,0.0,,,1.0,1.0,1.0,1.0,0.0,1.0,0.0,,1.0,1.0,,,1.0,1.0,1.0,1.0,1.0,1.0,1.0,1.0,1.0,1.0,0.0,1.0,0.0,,0.0,0.0,,0.0,1.0,0.0,0.0,1.0,0.0,,0.0,0.0,0.0,0.0,1.0,0.0,0.0,0.0,1.0,1.0,0.0,0.0,1.0,0.0,0.0,1.0,1.0,1.0,1.0,0.0,1.0,1.0,1.0,1.0,1.0,0.0,0.0,,0.0,1.0,1.0,1.0,0.0,1.0,0.0,0.0,1.0,0.0,,0.0,0.0,1.0,0.0,0.0,0.0,0.0,1.0,1.0,0.0,,0.0,0.0,0.0,0.0,0.0,1.0,1.0,1.0,1.0,1.0,1.0,1.0,1.0,0.0,1.0,0.0,1.0,0.0,0.0,0.0,0.0,1.0,0.0,0.0,1.0,0.0,1.0,1.0,1.0,1.0,0.0,0.0,0.0,0.0,1.0,1.0,1.0,0.0,0.0,0.0,1.0,1.0,1.0,0.0,1.0,0.0,1.0,0.0,,0.0,,,,,,,,,,,,,0.0,1.0,0.0,1.0,0.0,1.0,1.0,0.0,1.0,1.0,1.0,1.0,1.0,1.0,1.0,1.0,0.0,0.0,0.0,0.0,1.0,0.0,,0.0,0.0,0.0,,1.0,0.0,1.0,1.0,0.0,,0.0,0.0,1.0,1.0,0.0,1.0,0.0,0.0,1.0,0.0,1.0,,,,,,,,,,,,,0.0,1.0,1.0,0.0,,0.0,0.0,0.0,0.0,0.0,0.0,0.0,0.0,0.0,0.0,0.0,0.0,1.0,1.0,0.0,,0.0,1.0,1.0,1.0,0.0,0.0,0.0,0.0,,1.0,0.0,,0.0,1.0,0.0,1.0,1.0,1.0,1.0,1.0,0.0,1.0,0.0,0.0,0.0,0.0,1.0,0.0,0.0,0.0,0.0,0.0,0.0,1.0,0.0,1.0,1.0,0.0,0.0,1.0,0.0,1.0,1.0,0.0,0.0,0.0,0.0,0.0,0.0,0.0,0.0,1.0,1.0,0.0,1.0,,,,,,,,,,,,,,,,,,,,,,,,,,,,,,,,1.0,,,,,1.0,,,,,1.0,,,,0.0,0.0,1.0,0.0,,,,,,,,
Christiane de Souza Yared,0.0,0.0,1.0,0.0,1.0,1.0,1.0,1.0,0.0,1.0,,1.0,1.0,0.0,1.0,0.0,0.0,0.0,1.0,1.0,1.0,0.0,0.0,1.0,,1.0,0.0,1.0,0.0,1.0,0.0,1.0,,,,,,,,,,1.0,0.0,1.0,0.0,1.0,0.0,1.0,1.0,0.0,0.0,1.0,0.0,1.0,1.0,0.0,0.0,1.0,0.0,1.0,1.0,1.0,1.0,0.0,0.0,1.0,0.0,0.0,0.0,0.0,0.0,0.0,0.0,1.0,0.0,1.0,1.0,0.0,1.0,1.0,1.0,1.0,1.0,0.0,0.0,1.0,1.0,1.0,1.0,1.0,1.0,1.0,,0.0,0.0,1.0,1.0,1.0,0.0,,,0.0,1.0,1.0,1.0,1.0,0.0,0.0,1.0,1.0,1.0,0.0,0.0,1.0,1.0,1.0,0.0,0.0,0.0,0.0,1.0,0.0,0.0,0.0,1.0,1.0,0.0,0.0,0.0,0.0,1.0,0.0,1.0,0.0,0.0,1.0,0.0,1.0,1.0,0.0,0.0,0.0,1.0,,0.0,1.0,0.0,1.0,1.0,0.0,0.0,1.0,1.0,0.0,0.0,0.0,1.0,0.0,1.0,1.0,0.0,0.0,1.0,0.0,1.0,0.0,0.0,0.0,1.0,1.0,1.0,0.0,0.0,1.0,0.0,0.0,1.0,1.0,1.0,1.0,1.0,1.0,0.0,1.0,1.0,1.0,1.0,1.0,1.0,1.0,0.0,0.0,0.0,1.0,0.0,,0.0,,1.0,1.0,0.0,1.0,0.0,,0.0,0.0,,0.0,1.0,0.0,0.0,0.0,1.0,1.0,0.0,0.0,1.0,0.0,0.0,1.0,1.0,1.0,1.0,0.0,1.0,1.0,1.0,1.0,1.0,0.0,0.0,0.0,0.0,1.0,1.0,1.0,0.0,1.0,0.0,0.0,1.0,0.0,0.0,0.0,1.0,1.0,0.0,0.0,0.0,1.0,1.0,1.0,1.0,0.0,0.0,1.0,0.0,1.0,0.0,1.0,1.0,1.0,1.0,1.0,1.0,1.0,1.0,1.0,1.0,0.0,1.0,0.0,0.0,0.0,0.0,1.0,0.0,0.0,1.0,0.0,1.0,1.0,1.0,1.0,,0.0,0.0,0.0,1.0,1.0,1.0,0.0,0.0,0.0,1.0,1.0,1.0,0.0,1.0,0.0,1.0,0.0,1.0,0.0,1.0,0.0,0.0,1.0,0.0,0.0,0.0,0.0,1.0,1.0,1.0,1.0,0.0,1.0,0.0,1.0,0.0,1.0,1.0,0.0,1.0,1.0,1.0,1.0,1.0,1.0,1.0,1.0,0.0,0.0,0.0,0.0,1.0,0.0,0.0,0.0,0.0,0.0,1.0,,0.0,1.0,1.0,0.0,1.0,0.0,,1.0,1.0,0.0,1.0,0.0,0.0,1.0,0.0,1.0,,,,1.0,0.0,0.0,1.0,1.0,0.0,1.0,1.0,0.0,,,1.0,0.0,1.0,0.0,0.0,1.0,0.0,0.0,0.0,0.0,0.0,0.0,0.0,0.0,0.0,1.0,1.0,0.0,,0.0,1.0,1.0,1.0,0.0,0.0,0.0,0.0,0.0,1.0,0.0,0.0,0.0,1.0,0.0,1.0,1.0,1.0,1.0,1.0,0.0,1.0,0.0,0.0,0.0,0.0,1.0,0.0,0.0,0.0,0.0,0.0,0.0,1.0,0.0,1.0,1.0,,,1.0,0.0,1.0,1.0,0.0,0.0,0.0,0.0,0.0,0.0,0.0,0.0,1.0,1.0,0.0,1.0,0.0,1.0,0.0,0.0,1.0,0.0,1.0,1.0,1.0,1.0,0.0,1.0,0.0,0.0,0.0,0.0,0.0,1.0,1.0,1.0,0.0,0.0,0.0,0.0,0.0,1.0,0.0,1.0,0.0,0.0,0.0,1.0,0.0,0.0,0.0,1.0,1.0,0.0,1.0,0.0,0.0,1.0,1.0,1.0,1.0,0.0,0.0,1.0,0.0,,,,,,,,0.0
Christino Aureo,0.0,,1.0,0.0,1.0,1.0,1.0,,,1.0,0.0,1.0,0.0,1.0,0.0,1.0,0.0,1.0,0.0,0.0,1.0,,0.0,1.0,0.0,1.0,0.0,1.0,0.0,1.0,0.0,1.0,0.0,0.0,0.0,0.0,1.0,1.0,0.0,0.0,0.0,1.0,0.0,1.0,0.0,1.0,0.0,1.0,1.0,0.0,,1.0,0.0,1.0,1.0,0.0,0.0,1.0,0.0,1.0,1.0,1.0,0.0,0.0,0.0,1.0,1.0,1.0,,0.0,0.0,,0.0,1.0,0.0,1.0,1.0,0.0,1.0,,1.0,1.0,,,0.0,1.0,1.0,1.0,1.0,1.0,,1.0,1.0,0.0,1.0,1.0,1.0,1.0,0.0,,,0.0,1.0,1.0,1.0,1.0,0.0,0.0,1.0,1.0,1.0,0.0,0.0,1.0,1.0,1.0,0.0,0.0,0.0,,1.0,0.0,0.0,0.0,0.0,1.0,0.0,0.0,0.0,0.0,1.0,0.0,0.0,,0.0,1.0,1.0,1.0,1.0,,1.0,1.0,1.0,0.0,0.0,1.0,0.0,1.0,1.0,0.0,0.0,1.0,1.0,0.0,,0.0,1.0,0.0,1.0,,0.0,1.0,1.0,,,,0.0,0.0,1.0,1.0,1.0,0.0,,1.0,,0.0,1.0,,1.0,1.0,1.0,1.0,,1.0,1.0,1.0,1.0,1.0,1.0,1.0,0.0,1.0,0.0,1.0,0.0,0.0,0.0,0.0,1.0,1.0,0.0,1.0,0.0,,0.0,0.0,,0.0,1.0,0.0,0.0,0.0,,1.0,0.0,,,0.0,0.0,1.0,0.0,0.0,1.0,0.0,1.0,1.0,1.0,1.0,1.0,0.0,0.0,0.0,0.0,1.0,1.0,1.0,0.0,1.0,0.0,0.0,1.0,0.0,0.0,0.0,1.0,1.0,1.0,1.0,1.0,,1.0,1.0,,0.0,0.0,1.0,0.0,0.0,0.0,1.0,1.0,1.0,1.0,1.0,1.0,1.0,1.0,1.0,1.0,0.0,1.0,0.0,0.0,0.0,0.0,1.0,0.0,0.0,1.0,0.0,1.0,1.0,1.0,1.0,0.0,0.0,,0.0,1.0,1.0,1.0,0.0,0.0,0.0,0.0,1.0,0.0,1.0,1.0,0.0,1.0,0.0,1.0,0.0,1.0,0.0,0.0,1.0,0.0,,0.0,0.0,1.0,1.0,1.0,1.0,0.0,1.0,0.0,,0.0,1.0,,0.0,1.0,1.0,1.0,1.0,1.0,1.0,1.0,1.0,0.0,0.0,0.0,0.0,1.0,0.0,0.0,,0.0,0.0,,1.0,0.0,1.0,1.0,0.0,0.0,0.0,1.0,1.0,,0.0,1.0,0.0,0.0,1.0,0.0,,0.0,0.0,0.0,1.0,0.0,0.0,1.0,1.0,0.0,,1.0,0.0,0.0,,0.0,0.0,1.0,0.0,0.0,1.0,0.0,0.0,0.0,0.0,0.0,0.0,1.0,0.0,0.0,1.0,1.0,1.0,,0.0,1.0,1.0,,0.0,0.0,0.0,0.0,0.0,1.0,,0.0,0.0,1.0,0.0,1.0,1.0,1.0,1.0,1.0,0.0,1.0,0.0,0.0,0.0,0.0,1.0,0.0,0.0,0.0,,,0.0,1.0,0.0,1.0,1.0,,0.0,1.0,0.0,1.0,,0.0,,0.0,0.0,0.0,0.0,0.0,0.0,,1.0,,1.0,0.0,1.0,0.0,0.0,1.0,1.0,1.0,1.0,1.0,1.0,0.0,1.0,0.0,0.0,0.0,,,,,,0.0,0.0,0.0,0.0,0.0,1.0,0.0,1.0,1.0,0.0,0.0,1.0,0.0,0.0,0.0,1.0,1.0,0.0,,1.0,0.0,1.0,1.0,1.0,,0.0,0.0,1.0,0.0,,,,,,,,
Clarissa Garotinho,0.0,0.0,1.0,1.0,1.0,1.0,1.0,,0.0,,1.0,1.0,0.0,1.0,,1.0,0.0,0.0,1.0,1.0,1.0,,,1.0,0.0,1.0,1.0,,,1.0,0.0,0.0,0.0,,0.0,,,,,,0.0,1.0,0.0,0.0,,,,,1.0,0.0,0.0,1.0,0.0,,,0.0,,1.0,0.0,1.0,1.0,1.0,0.0,0.0,0.0,1.0,1.0,1.0,0.0,,,0.0,,1.0,0.0,1.0,1.0,1.0,1.0,1.0,1.0,1.0,1.0,0.0,1.0,0.0,1.0,1.0,1.0,1.0,,1.0,1.0,0.0,0.0,,1.0,1.0,0.0,0.0,0.0,1.0,1.0,1.0,1.0,0.0,0.0,0.0,0.0,1.0,0.0,0.0,,1.0,0.0,1.0,0.0,1.0,,0.0,1.0,0.0,0.0,1.0,,0.0,0.0,1.0,1.0,1.0,,1.0,1.0,0.0,1.0,1.0,,0.0,1.0,0.0,1.0,1.0,1.0,0.0,0.0,1.0,0.0,1.0,1.0,,,,,,,,,,0.0,1.0,0.0,,,,,,0.0,,1.0,1.0,1.0,1.0,0.0,1.0,0.0,0.0,1.0,1.0,1.0,1.0,1.0,,,,,,,,,,0.0,1.0,1.0,0.0,,0.0,1.0,1.0,1.0,0.0,0.0,1.0,0.0,,0.0,0.0,0.0,1.0,1.0,,1.0,1.0,0.0,1.0,0.0,0.0,,,1.0,1.0,0.0,,,1.0,0.0,,1.0,1.0,1.0,0.0,0.0,0.0,0.0,1.0,1.0,1.0,1.0,1.0,,1.0,,1.0,,0.0,0.0,0.0,1.0,,1.0,,1.0,1.0,1.0,1.0,1.0,1.0,0.0,1.0,,1.0,1.0,1.0,1.0,1.0,0.0,0.0,1.0,0.0,,1.0,0.0,1.0,0.0,0.0,,0.0,1.0,,0.0,1.0,0.0,0.0,0.0,0.0,0.0,0.0,,,1.0,1.0,1.0,0.0,0.0,,1.0,0.0,0.0,1.0,,1.0,0.0,,0.0,1.0,,0.0,0.0,1.0,1.0,1.0,1.0,0.0,0.0,0.0,0.0,1.0,,1.0,1.0,1.0,1.0,1.0,,0.0,1.0,,0.0,1.0,1.0,1.0,1.0,1.0,0.0,0.0,,0.0,1.0,0.0,,1.0,0.0,0.0,1.0,1.0,0.0,1.0,0.0,1.0,1.0,0.0,1.0,1.0,1.0,1.0,0.0,1.0,0.0,,1.0,0.0,1.0,0.0,0.0,1.0,0.0,0.0,0.0,1.0,0.0,1.0,1.0,1.0,,,0.0,1.0,1.0,,,1.0,,1.0,1.0,,1.0,0.0,1.0,,1.0,1.0,1.0,1.0,1.0,0.0,1.0,1.0,1.0,0.0,0.0,0.0,0.0,0.0,1.0,0.0,0.0,0.0,0.0,0.0,1.0,0.0,0.0,1.0,1.0,0.0,1.0,0.0,1.0,1.0,,0.0,0.0,0.0,0.0,0.0,0.0,0.0,,,1.0,,,1.0,0.0,1.0,1.0,0.0,1.0,0.0,,0.0,0.0,,0.0,0.0,1.0,1.0,,1.0,1.0,0.0,1.0,1.0,1.0,1.0,0.0,1.0,0.0,0.0,1.0,,1.0,1.0,1.0,1.0,0.0,1.0,,1.0,0.0,0.0,0.0,1.0,1.0,0.0,0.0,1.0,1.0,0.0,0.0,1.0,0.0,0.0,0.0,,,1.0,1.0,,,1.0,1.0,1.0,1.0,,,1.0,0.0,0.0,0.0,0.0,0.0,0.0,1.0,0.0,0.0
Claudio Cajado,0.0,0.0,1.0,0.0,,1.0,0.0,1.0,0.0,1.0,0.0,,0.0,1.0,0.0,1.0,0.0,1.0,0.0,,1.0,,0.0,1.0,,,,,,1.0,0.0,1.0,,,0.0,0.0,1.0,1.0,,,,1.0,0.0,1.0,0.0,1.0,0.0,1.0,1.0,0.0,,1.0,0.0,1.0,1.0,0.0,0.0,1.0,0.0,1.0,1.0,1.0,1.0,0.0,,1.0,1.0,0.0,0.0,0.0,0.0,,,1.0,0.0,1.0,1.0,0.0,1.0,1.0,1.0,,1.0,0.0,,,1.0,1.0,1.0,1.0,1.0,1.0,,,1.0,1.0,1.0,1.0,,,,0.0,1.0,1.0,1.0,1.0,0.0,1.0,1.0,1.0,1.0,0.0,0.0,1.0,1.0,1.0,0.0,0.0,0.0,,,,,0.0,0.0,1.0,,0.0,,0.0,1.0,0.0,0.0,0.0,0.0,1.0,1.0,1.0,0.0,,0.0,0.0,,0.0,0.0,1.0,0.0,1.0,1.0,0.0,0.0,1.0,1.0,0.0,0.0,0.0,1.0,0.0,1.0,1.0,0.0,1.0,1.0,0.0,1.0,0.0,0.0,0.0,1.0,,,0.0,0.0,1.0,,,1.0,1.0,1.0,1.0,,,,1.0,1.0,1.0,1.0,1.0,1.0,1.0,0.0,,0.0,1.0,0.0,0.0,0.0,0.0,1.0,1.0,0.0,1.0,0.0,,0.0,0.0,0.0,0.0,1.0,0.0,0.0,0.0,1.0,1.0,0.0,0.0,1.0,0.0,0.0,,1.0,1.0,1.0,0.0,1.0,1.0,1.0,1.0,1.0,0.0,0.0,,0.0,1.0,1.0,1.0,0.0,1.0,0.0,0.0,1.0,0.0,0.0,0.0,1.0,1.0,0.0,0.0,0.0,,1.0,,1.0,0.0,,0.0,0.0,,,1.0,,1.0,1.0,1.0,1.0,1.0,1.0,1.0,1.0,0.0,1.0,0.0,0.0,0.0,0.0,1.0,0.0,0.0,,,,,,,0.0,0.0,0.0,0.0,1.0,1.0,1.0,0.0,0.0,0.0,,1.0,,,1.0,0.0,1.0,,0.0,0.0,1.0,0.0,0.0,1.0,0.0,0.0,0.0,0.0,1.0,,1.0,1.0,0.0,1.0,0.0,1.0,1.0,1.0,1.0,0.0,1.0,1.0,1.0,1.0,1.0,1.0,1.0,1.0,0.0,0.0,0.0,0.0,1.0,0.0,,0.0,0.0,0.0,1.0,1.0,1.0,1.0,1.0,0.0,0.0,0.0,0.0,1.0,,0.0,1.0,0.0,0.0,,0.0,1.0,0.0,0.0,0.0,1.0,0.0,,,,,1.0,1.0,0.0,0.0,,1.0,0.0,1.0,0.0,0.0,1.0,0.0,0.0,0.0,0.0,0.0,0.0,0.0,0.0,0.0,1.0,,0.0,1.0,0.0,,1.0,1.0,0.0,0.0,0.0,0.0,0.0,1.0,0.0,0.0,0.0,1.0,0.0,1.0,1.0,,,,,,0.0,0.0,0.0,0.0,1.0,0.0,0.0,0.0,0.0,0.0,0.0,1.0,0.0,1.0,1.0,0.0,0.0,1.0,0.0,1.0,1.0,0.0,,0.0,0.0,0.0,0.0,0.0,0.0,1.0,1.0,,1.0,0.0,1.0,,0.0,1.0,0.0,1.0,1.0,1.0,1.0,0.0,1.0,0.0,0.0,0.0,0.0,0.0,1.0,1.0,1.0,0.0,0.0,,0.0,0.0,1.0,0.0,1.0,0.0,0.0,0.0,1.0,0.0,0.0,0.0,1.0,1.0,0.0,1.0,,0.0,1.0,1.0,1.0,1.0,0.0,,1.0,0.0,,,0.0,,,,,0.0
Cleber Verde,0.0,0.0,,,,,,1.0,0.0,,0.0,1.0,0.0,1.0,1.0,1.0,0.0,1.0,0.0,0.0,1.0,0.0,1.0,,0.0,1.0,0.0,0.0,1.0,1.0,,1.0,0.0,0.0,0.0,,,1.0,0.0,0.0,0.0,0.0,0.0,1.0,0.0,1.0,,1.0,1.0,0.0,,1.0,0.0,1.0,1.0,0.0,,1.0,,1.0,1.0,1.0,,0.0,0.0,1.0,1.0,1.0,0.0,0.0,0.0,,0.0,1.0,,1.0,1.0,0.0,1.0,1.0,1.0,1.0,1.0,0.0,0.0,,1.0,1.0,1.0,1.0,,1.0,1.0,0.0,1.0,1.0,1.0,1.0,,,,0.0,1.0,1.0,1.0,1.0,1.0,0.0,1.0,1.0,1.0,0.0,0.0,1.0,1.0,1.0,0.0,0.0,0.0,0.0,1.0,,0.0,,0.0,1.0,1.0,0.0,0.0,0.0,1.0,,0.0,,0.0,1.0,1.0,1.0,1.0,,0.0,0.0,1.0,0.0,0.0,1.0,0.0,1.0,,,,,,,,,,,,,,,,,,,0.0,,,1.0,,0.0,,1.0,0.0,,1.0,1.0,1.0,1.0,1.0,0.0,0.0,0.0,1.0,1.0,1.0,1.0,1.0,1.0,,,0.0,0.0,0.0,0.0,0.0,0.0,,,,1.0,0.0,,0.0,0.0,0.0,0.0,1.0,0.0,0.0,0.0,1.0,,0.0,,1.0,,,,,,1.0,0.0,1.0,1.0,1.0,1.0,1.0,0.0,0.0,0.0,,1.0,1.0,1.0,0.0,1.0,0.0,0.0,1.0,0.0,0.0,0.0,1.0,1.0,0.0,0.0,0.0,,1.0,,,0.0,0.0,1.0,0.0,,,1.0,1.0,,1.0,1.0,1.0,,1.0,1.0,1.0,0.0,1.0,0.0,0.0,0.0,0.0,1.0,0.0,0.0,1.0,0.0,1.0,1.0,1.0,1.0,0.0,0.0,0.0,0.0,1.0,1.0,1.0,1.0,,0.0,,1.0,1.0,0.0,1.0,0.0,1.0,0.0,0.0,0.0,1.0,0.0,,,,,,0.0,1.0,1.0,1.0,1.0,0.0,1.0,0.0,1.0,0.0,1.0,1.0,0.0,1.0,1.0,1.0,,1.0,1.0,1.0,1.0,,0.0,0.0,0.0,1.0,0.0,0.0,0.0,0.0,0.0,,1.0,1.0,1.0,1.0,0.0,0.0,0.0,0.0,1.0,1.0,1.0,,,0.0,,0.0,,0.0,0.0,0.0,1.0,0.0,1.0,1.0,1.0,0.0,1.0,1.0,0.0,0.0,1.0,1.0,,1.0,0.0,,1.0,0.0,0.0,0.0,0.0,,0.0,1.0,,0.0,1.0,1.0,1.0,,0.0,1.0,,1.0,0.0,0.0,0.0,,,,,0.0,0.0,1.0,0.0,1.0,1.0,1.0,0.0,1.0,,1.0,0.0,0.0,0.0,0.0,1.0,0.0,0.0,0.0,0.0,0.0,0.0,1.0,0.0,1.0,1.0,0.0,0.0,1.0,,1.0,,0.0,0.0,0.0,0.0,0.0,0.0,,0.0,1.0,1.0,0.0,1.0,0.0,0.0,0.0,0.0,1.0,0.0,1.0,1.0,1.0,0.0,0.0,1.0,0.0,0.0,,,0.0,1.0,,1.0,0.0,,0.0,0.0,1.0,1.0,0.0,1.0,1.0,0.0,0.0,1.0,0.0,0.0,0.0,1.0,1.0,0.0,1.0,0.0,,1.0,1.0,,1.0,,0.0,1.0,0.0,,,,,,,,0.0
Coronel Armando,0.0,0.0,1.0,0.0,1.0,1.0,0.0,1.0,0.0,1.0,0.0,1.0,1.0,0.0,0.0,1.0,0.0,1.0,1.0,1.0,1.0,0.0,1.0,0.0,0.0,0.0,0.0,,1.0,1.0,0.0,1.0,0.0,0.0,0.0,0.0,1.0,0.0,,0.0,0.0,0.0,0.0,1.0,0.0,1.0,0.0,1.0,1.0,0.0,0.0,,1.0,0.0,0.0,,,1.0,0.0,0.0,1.0,1.0,1.0,0.0,0.0,1.0,1.0,0.0,0.0,0.0,0.0,0.0,0.0,1.0,0.0,1.0,1.0,0.0,1.0,1.0,1.0,1.0,1.0,0.0,0.0,1.0,1.0,1.0,1.0,1.0,1.0,1.0,1.0,0.0,0.0,1.0,1.0,1.0,0.0,0.0,0.0,0.0,1.0,0.0,0.0,0.0,,1.0,0.0,0.0,,1.0,1.0,,,1.0,0.0,0.0,0.0,,1.0,0.0,0.0,,0.0,1.0,1.0,0.0,0.0,0.0,1.0,0.0,0.0,0.0,0.0,1.0,1.0,1.0,0.0,,0.0,0.0,1.0,0.0,0.0,1.0,0.0,1.0,1.0,,0.0,1.0,1.0,0.0,0.0,0.0,1.0,0.0,1.0,1.0,,0.0,1.0,,1.0,0.0,0.0,,1.0,1.0,1.0,0.0,0.0,1.0,0.0,0.0,1.0,1.0,1.0,1.0,1.0,1.0,1.0,1.0,1.0,1.0,1.0,1.0,1.0,1.0,0.0,1.0,0.0,1.0,0.0,0.0,0.0,0.0,1.0,0.0,0.0,1.0,0.0,,0.0,0.0,0.0,0.0,,0.0,0.0,0.0,1.0,1.0,0.0,0.0,1.0,0.0,0.0,1.0,1.0,1.0,1.0,0.0,1.0,1.0,1.0,1.0,1.0,0.0,0.0,0.0,0.0,1.0,1.0,1.0,0.0,1.0,0.0,0.0,,0.0,0.0,0.0,1.0,1.0,0.0,0.0,0.0,1.0,1.0,,1.0,0.0,0.0,0.0,0.0,0.0,0.0,1.0,1.0,1.0,1.0,1.0,1.0,1.0,1.0,0.0,1.0,0.0,1.0,0.0,,0.0,0.0,1.0,0.0,0.0,1.0,0.0,1.0,1.0,1.0,1.0,,0.0,0.0,0.0,1.0,1.0,1.0,0.0,,0.0,1.0,1.0,1.0,0.0,1.0,0.0,1.0,0.0,0.0,0.0,1.0,0.0,0.0,1.0,0.0,0.0,0.0,0.0,1.0,1.0,1.0,1.0,0.0,1.0,0.0,1.0,0.0,1.0,1.0,0.0,1.0,1.0,1.0,1.0,1.0,1.0,1.0,1.0,0.0,0.0,0.0,0.0,1.0,0.0,0.0,0.0,,0.0,1.0,1.0,1.0,1.0,1.0,0.0,0.0,,0.0,1.0,1.0,0.0,,0.0,0.0,1.0,0.0,1.0,0.0,0.0,0.0,1.0,0.0,1.0,1.0,1.0,0.0,1.0,1.0,0.0,0.0,1.0,1.0,0.0,1.0,0.0,0.0,0.0,0.0,0.0,0.0,0.0,0.0,0.0,0.0,0.0,0.0,1.0,1.0,0.0,1.0,0.0,1.0,,1.0,0.0,0.0,,0.0,0.0,1.0,0.0,0.0,0.0,1.0,0.0,1.0,1.0,1.0,1.0,1.0,0.0,1.0,0.0,0.0,0.0,0.0,1.0,0.0,0.0,0.0,0.0,0.0,0.0,1.0,0.0,1.0,1.0,0.0,0.0,1.0,,,1.0,0.0,0.0,,,0.0,0.0,0.0,,1.0,,0.0,1.0,0.0,1.0,0.0,0.0,1.0,0.0,1.0,1.0,1.0,1.0,0.0,,0.0,,0.0,,0.0,1.0,1.0,1.0,0.0,0.0,,0.0,0.0,1.0,0.0,,0.0,0.0,0.0,1.0,,0.0,0.0,1.0,1.0,0.0,1.0,0.0,0.0,1.0,1.0,1.0,1.0,0.0,0.0,1.0,0.0,0.0,0.0,0.0,0.0,0.0,1.0,0.0,0.0
Coronel Chrisóstomo,,0.0,1.0,0.0,,1.0,0.0,1.0,0.0,1.0,0.0,1.0,0.0,0.0,1.0,1.0,0.0,0.0,1.0,0.0,0.0,0.0,1.0,0.0,0.0,0.0,,0.0,1.0,1.0,0.0,1.0,,,0.0,0.0,1.0,0.0,0.0,0.0,0.0,0.0,0.0,1.0,0.0,1.0,0.0,1.0,1.0,0.0,0.0,1.0,1.0,0.0,0.0,1.0,1.0,,0.0,1.0,,,1.0,0.0,0.0,1.0,,0.0,0.0,,0.0,,0.0,1.0,0.0,1.0,,0.0,1.0,1.0,1.0,1.0,1.0,0.0,0.0,1.0,1.0,,1.0,1.0,,,1.0,0.0,0.0,1.0,1.0,1.0,,0.0,0.0,0.0,1.0,0.0,0.0,0.0,0.0,1.0,0.0,0.0,0.0,1.0,,1.0,1.0,1.0,0.0,0.0,,0.0,1.0,0.0,0.0,,0.0,1.0,,0.0,0.0,0.0,1.0,0.0,0.0,0.0,0.0,1.0,1.0,1.0,0.0,0.0,0.0,0.0,,0.0,1.0,1.0,0.0,1.0,1.0,0.0,0.0,1.0,1.0,0.0,0.0,0.0,1.0,,1.0,1.0,0.0,0.0,1.0,0.0,1.0,0.0,0.0,,1.0,1.0,,0.0,,,,0.0,1.0,1.0,1.0,1.0,1.0,1.0,1.0,1.0,1.0,1.0,1.0,1.0,1.0,1.0,,1.0,0.0,1.0,0.0,,0.0,0.0,1.0,0.0,0.0,1.0,0.0,,0.0,0.0,0.0,0.0,1.0,0.0,0.0,0.0,1.0,1.0,0.0,,,0.0,0.0,0.0,1.0,1.0,1.0,,1.0,1.0,1.0,1.0,1.0,0.0,0.0,0.0,0.0,1.0,1.0,1.0,0.0,1.0,0.0,0.0,1.0,0.0,0.0,0.0,1.0,,0.0,0.0,0.0,,1.0,,1.0,0.0,0.0,0.0,0.0,,,1.0,1.0,1.0,1.0,1.0,1.0,1.0,1.0,1.0,1.0,0.0,1.0,0.0,0.0,0.0,,,0.0,0.0,,0.0,1.0,1.0,1.0,1.0,0.0,0.0,0.0,0.0,1.0,1.0,1.0,0.0,,,,1.0,1.0,,1.0,0.0,1.0,0.0,0.0,0.0,1.0,0.0,,1.0,,0.0,0.0,0.0,1.0,1.0,1.0,1.0,0.0,1.0,0.0,1.0,0.0,1.0,1.0,0.0,1.0,1.0,1.0,1.0,1.0,1.0,1.0,1.0,0.0,0.0,0.0,0.0,,0.0,0.0,,0.0,0.0,,1.0,1.0,1.0,1.0,0.0,0.0,0.0,0.0,1.0,1.0,0.0,1.0,0.0,0.0,1.0,,1.0,0.0,0.0,0.0,1.0,0.0,0.0,1.0,1.0,0.0,1.0,1.0,0.0,0.0,1.0,1.0,0.0,,0.0,0.0,0.0,,,0.0,0.0,0.0,0.0,1.0,0.0,0.0,1.0,1.0,1.0,,0.0,1.0,1.0,1.0,0.0,0.0,0.0,0.0,0.0,1.0,0.0,,0.0,1.0,0.0,1.0,1.0,,1.0,1.0,0.0,1.0,0.0,0.0,0.0,0.0,,0.0,,0.0,0.0,0.0,0.0,,,1.0,1.0,0.0,0.0,1.0,,1.0,,0.0,0.0,0.0,0.0,,0.0,0.0,,1.0,1.0,,1.0,0.0,,,0.0,1.0,,,1.0,1.0,,0.0,,0.0,1.0,0.0,0.0,0.0,,1.0,1.0,0.0,0.0,0.0,,0.0,1.0,0.0,1.0,,0.0,0.0,1.0,,0.0,0.0,1.0,1.0,0.0,1.0,0.0,,1.0,1.0,1.0,1.0,,0.0,1.0,0.0,0.0,0.0,0.0,,0.0,,0.0,0.0
Coronel Tadeu,0.0,0.0,,,,,,1.0,0.0,1.0,0.0,1.0,1.0,0.0,,0.0,0.0,1.0,0.0,0.0,,1.0,,0.0,0.0,0.0,,0.0,1.0,1.0,0.0,1.0,0.0,0.0,0.0,0.0,1.0,1.0,0.0,0.0,0.0,0.0,0.0,1.0,0.0,1.0,,1.0,1.0,0.0,0.0,1.0,1.0,0.0,0.0,,1.0,1.0,0.0,1.0,,,1.0,0.0,0.0,1.0,,0.0,0.0,,0.0,0.0,0.0,1.0,0.0,1.0,,,,1.0,1.0,1.0,1.0,0.0,0.0,1.0,0.0,0.0,1.0,1.0,,,1.0,0.0,0.0,,1.0,,0.0,0.0,0.0,0.0,1.0,0.0,0.0,0.0,0.0,1.0,0.0,0.0,0.0,1.0,1.0,1.0,1.0,1.0,0.0,,0.0,0.0,1.0,0.0,0.0,0.0,1.0,1.0,0.0,0.0,,,1.0,0.0,0.0,,,1.0,1.0,1.0,1.0,1.0,0.0,0.0,1.0,,0.0,1.0,0.0,1.0,1.0,0.0,,1.0,1.0,0.0,,0.0,1.0,0.0,1.0,1.0,,0.0,,,,0.0,0.0,0.0,1.0,1.0,1.0,0.0,0.0,1.0,0.0,0.0,1.0,1.0,1.0,1.0,1.0,1.0,1.0,1.0,1.0,1.0,1.0,1.0,1.0,,,1.0,0.0,1.0,0.0,0.0,,,1.0,0.0,,1.0,0.0,,0.0,,0.0,,,0.0,0.0,,1.0,1.0,0.0,,1.0,0.0,0.0,1.0,1.0,1.0,,,1.0,1.0,1.0,1.0,1.0,0.0,,,0.0,,,,,1.0,,0.0,1.0,0.0,0.0,0.0,1.0,,0.0,0.0,0.0,,1.0,,,0.0,0.0,1.0,,0.0,0.0,1.0,,1.0,1.0,0.0,,,1.0,0.0,1.0,0.0,1.0,0.0,,,,,0.0,,,,,,,,,,,,,,,,,,1.0,1.0,,,1.0,,1.0,,0.0,0.0,1.0,0.0,0.0,1.0,,0.0,0.0,0.0,1.0,1.0,1.0,1.0,,1.0,0.0,1.0,0.0,1.0,1.0,0.0,1.0,1.0,1.0,,1.0,1.0,1.0,1.0,0.0,0.0,0.0,,,,0.0,0.0,0.0,0.0,1.0,1.0,0.0,1.0,1.0,1.0,0.0,0.0,0.0,1.0,,0.0,1.0,0.0,,,0.0,,0.0,0.0,,1.0,0.0,0.0,1.0,1.0,0.0,1.0,1.0,0.0,,1.0,1.0,,,0.0,0.0,,0.0,0.0,0.0,0.0,,0.0,1.0,,1.0,1.0,1.0,1.0,,,1.0,1.0,1.0,,0.0,,,0.0,,0.0,0.0,0.0,1.0,0.0,1.0,1.0,1.0,1.0,1.0,0.0,1.0,0.0,0.0,0.0,0.0,1.0,0.0,,0.0,,0.0,0.0,,,1.0,1.0,0.0,0.0,1.0,,1.0,1.0,0.0,,0.0,0.0,0.0,0.0,0.0,0.0,1.0,1.0,0.0,1.0,0.0,1.0,0.0,0.0,1.0,0.0,1.0,1.0,1.0,1.0,0.0,1.0,0.0,,0.0,0.0,0.0,1.0,1.0,1.0,0.0,0.0,0.0,0.0,0.0,1.0,0.0,1.0,0.0,0.0,0.0,1.0,0.0,0.0,,,,,,0.0,0.0,1.0,1.0,,1.0,0.0,0.0,1.0,0.0,0.0,0.0,0.0,0.0,0.0,1.0,,
Covatti Filho,0.0,,,,,,,1.0,0.0,1.0,0.0,1.0,0.0,1.0,0.0,1.0,0.0,1.0,0.0,0.0,1.0,,0.0,,,,,,,,,,,,,,,,,,,,,,,1.0,0.0,1.0,1.0,0.0,0.0,1.0,,1.0,1.0,0.0,0.0,1.0,,1.0,1.0,1.0,,,,,1.0,,,0.0,,,,,,,,,,1.0,,,,,,,,,1.0,1.0,,1.0,1.0,0.0,0.0,1.0,,,0.0,,,,,1.0,0.0,0.0,,0.0,0.0,0.0,0.0,0.0,0.0,,,,,,,,,,,,,,,,,,,,,,,,,,,,,,1.0,0.0,1.0,1.0,,1.0,,,,,,,,,,,,,,,,,,,,,,,,,,,,,,,,,,,,,,,,,,,,,,,,,,,,,,,0.0,,,,,,,,,,,,,,,,,,,,,,,,,,,,,,,,,,,,,,,,,,,,,,,,,,,,,,,,,,,,,,,,,,,,,,,,,,,,,,,,,,,,,,,,,,,,,,,,,,,,,,,,,,,,,,,,,,,,,,,,,,,,,,,,,,,,,,,,,,,,,,,,,,,,,,,,,,,,,,,,,,,,,,,,,,,,,,,,,,,,,,,,,,,,,,,,,,,,,,,,,,,,,,,,,,,,,,,,,,,,,,,,,,,,,,,,,,,,,,,,,,,,,,,,,,,,,,,,,,,,,,,,,,,,,,,,,,,,,,,,,,,,,,,,,,,,,,,,,,,,,,
Cristiano Vale,0.0,0.0,1.0,0.0,1.0,1.0,,1.0,0.0,1.0,0.0,1.0,0.0,,,1.0,0.0,1.0,0.0,0.0,1.0,,,1.0,0.0,,,,,1.0,0.0,1.0,0.0,0.0,0.0,0.0,1.0,1.0,0.0,0.0,0.0,1.0,0.0,1.0,0.0,1.0,0.0,1.0,,0.0,0.0,1.0,,1.0,1.0,0.0,0.0,1.0,0.0,1.0,1.0,1.0,1.0,0.0,0.0,1.0,1.0,1.0,,0.0,0.0,0.0,0.0,1.0,0.0,1.0,1.0,0.0,1.0,1.0,1.0,1.0,1.0,0.0,0.0,1.0,1.0,1.0,1.0,1.0,1.0,1.0,1.0,0.0,1.0,,1.0,1.0,0.0,,,0.0,,,,,,,1.0,1.0,1.0,0.0,0.0,1.0,1.0,1.0,0.0,0.0,0.0,,,,,0.0,0.0,1.0,1.0,0.0,0.0,0.0,1.0,0.0,0.0,0.0,0.0,1.0,1.0,1.0,1.0,,,0.0,,,,,,,1.0,0.0,0.0,1.0,1.0,0.0,0.0,0.0,1.0,0.0,1.0,1.0,0.0,1.0,1.0,0.0,1.0,0.0,0.0,,1.0,,,0.0,0.0,1.0,0.0,0.0,1.0,,1.0,1.0,1.0,1.0,0.0,1.0,1.0,1.0,1.0,1.0,1.0,1.0,0.0,0.0,0.0,1.0,,,0.0,0.0,1.0,1.0,,,0.0,,0.0,0.0,0.0,0.0,1.0,0.0,0.0,0.0,1.0,1.0,0.0,0.0,1.0,,0.0,1.0,1.0,1.0,,,1.0,1.0,1.0,,1.0,0.0,0.0,0.0,0.0,1.0,1.0,1.0,0.0,1.0,0.0,0.0,1.0,,,0.0,,1.0,0.0,0.0,0.0,1.0,1.0,1.0,1.0,0.0,0.0,1.0,0.0,1.0,0.0,1.0,1.0,1.0,1.0,1.0,1.0,1.0,1.0,1.0,,0.0,1.0,0.0,0.0,0.0,0.0,1.0,0.0,0.0,,,,,,,,,0.0,,1.0,1.0,1.0,0.0,0.0,0.0,1.0,1.0,,,1.0,0.0,,0.0,1.0,1.0,1.0,0.0,0.0,1.0,0.0,0.0,,0.0,1.0,1.0,1.0,1.0,0.0,1.0,0.0,1.0,0.0,1.0,1.0,0.0,1.0,1.0,1.0,1.0,1.0,1.0,1.0,1.0,,0.0,0.0,,1.0,0.0,0.0,0.0,0.0,0.0,1.0,1.0,1.0,1.0,0.0,0.0,1.0,0.0,0.0,1.0,1.0,,1.0,0.0,0.0,1.0,0.0,1.0,0.0,,,1.0,0.0,0.0,1.0,1.0,0.0,1.0,,0.0,0.0,,1.0,0.0,1.0,0.0,0.0,1.0,0.0,0.0,0.0,0.0,0.0,0.0,0.0,0.0,0.0,1.0,1.0,0.0,,0.0,1.0,1.0,1.0,0.0,0.0,0.0,0.0,0.0,,0.0,,,,,,,,,,,,0.0,,0.0,,0.0,,,,,,,,,,1.0,0.0,0.0,1.0,0.0,1.0,1.0,0.0,0.0,,0.0,,0.0,0.0,0.0,1.0,1.0,0.0,1.0,0.0,1.0,,,1.0,0.0,1.0,1.0,1.0,1.0,0.0,1.0,0.0,0.0,0.0,,,,,,,,,,,,0.0,1.0,0.0,0.0,0.0,1.0,0.0,,0.0,1.0,1.0,0.0,1.0,0.0,,1.0,1.0,1.0,1.0,,0.0,1.0,0.0,,,,,,,,0.0
Cássio Andrade,,,1.0,1.0,,1.0,1.0,1.0,,,1.0,,0.0,1.0,,,,,,,,,,1.0,0.0,1.0,,0.0,1.0,1.0,1.0,0.0,0.0,0.0,0.0,0.0,1.0,1.0,0.0,1.0,1.0,,,0.0,1.0,1.0,0.0,1.0,1.0,,,1.0,,1.0,1.0,0.0,0.0,,,1.0,1.0,,,0.0,0.0,,1.0,1.0,0.0,,0.0,0.0,0.0,1.0,0.0,1.0,1.0,0.0,,,1.0,,1.0,0.0,1.0,0.0,1.0,1.0,1.0,1.0,,1.0,0.0,1.0,1.0,1.0,1.0,1.0,,0.0,,1.0,0.0,1.0,1.0,1.0,0.0,0.0,1.0,1.0,1.0,0.0,0.0,,0.0,0.0,1.0,0.0,0.0,0.0,1.0,0.0,1.0,0.0,1.0,1.0,0.0,1.0,1.0,1.0,0.0,1.0,1.0,1.0,1.0,0.0,0.0,0.0,1.0,,0.0,,1.0,1.0,,1.0,,1.0,0.0,0.0,0.0,1.0,1.0,0.0,0.0,0.0,1.0,,,,,0.0,,,,0.0,0.0,,1.0,1.0,1.0,0.0,,,,,,,0.0,0.0,,,,,0.0,,0.0,,0.0,0.0,1.0,0.0,0.0,1.0,0.0,0.0,1.0,1.0,1.0,0.0,0.0,1.0,,,1.0,1.0,1.0,,0.0,1.0,1.0,1.0,0.0,1.0,1.0,,1.0,1.0,1.0,0.0,,,0.0,,0.0,0.0,0.0,0.0,0.0,1.0,1.0,,1.0,,1.0,0.0,1.0,0.0,1.0,1.0,0.0,1.0,1.0,1.0,1.0,0.0,1.0,1.0,,,,,0.0,1.0,1.0,0.0,1.0,1.0,0.0,1.0,,1.0,1.0,1.0,0.0,0.0,1.0,0.0,1.0,1.0,0.0,1.0,1.0,,1.0,0.0,0.0,1.0,,,0.0,,0.0,,,0.0,0.0,0.0,1.0,1.0,1.0,0.0,,1.0,1.0,0.0,0.0,,,1.0,0.0,0.0,0.0,1.0,1.0,,0.0,1.0,,,,0.0,0.0,,0.0,0.0,,1.0,1.0,0.0,1.0,,1.0,1.0,1.0,,0.0,,1.0,,1.0,0.0,,,0.0,0.0,0.0,,0.0,1.0,,1.0,,1.0,0.0,0.0,0.0,1.0,1.0,,1.0,1.0,1.0,1.0,0.0,1.0,0.0,,,,1.0,,,1.0,1.0,0.0,,1.0,1.0,0.0,0.0,0.0,,1.0,0.0,1.0,1.0,1.0,1.0,,0.0,1.0,1.0,,,0.0,1.0,1.0,1.0,1.0,1.0,1.0,,0.0,0.0,0.0,1.0,,,,,,1.0,1.0,,1.0,,1.0,0.0,,0.0,,,,1.0,,1.0,1.0,1.0,0.0,,,,,,,,,1.0,,,,1.0,,0.0,,1.0,,,,,,,,,,,1.0,,0.0,,,1.0,1.0,0.0,0.0,0.0,0.0,0.0,0.0,0.0,1.0,0.0,1.0,0.0,1.0,,1.0,,1.0,,1.0,1.0,1.0,0.0,1.0,,1.0,0.0,0.0,,,0.0,,1.0,0.0,,1.0,,1.0,1.0,1.0,1.0,0.0,,1.0,,,0.0,,,0.0,1.0,0.0,1.0
Célio Moura,1.0,,1.0,1.0,1.0,1.0,1.0,1.0,1.0,1.0,,1.0,1.0,0.0,1.0,1.0,1.0,0.0,1.0,1.0,1.0,0.0,1.0,1.0,,1.0,1.0,0.0,1.0,0.0,,,,,,,,1.0,,,1.0,,,0.0,,1.0,0.0,1.0,1.0,0.0,0.0,1.0,0.0,1.0,1.0,0.0,0.0,1.0,0.0,1.0,1.0,1.0,0.0,,,,0.0,1.0,,,,1.0,,,,,,,,1.0,,1.0,1.0,0.0,,1.0,1.0,1.0,1.0,1.0,1.0,1.0,0.0,1.0,1.0,1.0,1.0,1.0,0.0,0.0,0.0,1.0,0.0,1.0,1.0,1.0,0.0,0.0,1.0,1.0,1.0,0.0,0.0,0.0,0.0,0.0,1.0,0.0,1.0,1.0,0.0,1.0,1.0,0.0,1.0,0.0,0.0,1.0,1.0,1.0,0.0,0.0,1.0,1.0,1.0,0.0,0.0,0.0,1.0,0.0,1.0,0.0,1.0,1.0,0.0,1.0,0.0,1.0,0.0,,,,,,,,0.0,,,,,,,,,,1.0,,1.0,1.0,,0.0,,,,,0.0,,0.0,0.0,0.0,0.0,0.0,0.0,0.0,0.0,0.0,0.0,0.0,0.0,1.0,0.0,1.0,,,0.0,1.0,1.0,1.0,1.0,0.0,1.0,,,1.0,1.0,1.0,1.0,0.0,1.0,1.0,1.0,0.0,1.0,1.0,0.0,1.0,1.0,1.0,0.0,,0.0,0.0,1.0,0.0,0.0,0.0,0.0,0.0,1.0,1.0,1.0,1.0,0.0,0.0,0.0,1.0,0.0,1.0,1.0,0.0,1.0,1.0,1.0,1.0,0.0,1.0,1.0,1.0,,,1.0,0.0,1.0,1.0,0.0,1.0,1.0,,1.0,0.0,,,,0.0,,,1.0,0.0,1.0,0.0,1.0,1.0,1.0,1.0,0.0,0.0,1.0,0.0,1.0,0.0,0.0,0.0,0.0,1.0,1.0,1.0,1.0,0.0,0.0,0.0,1.0,,1.0,0.0,0.0,,,0.0,1.0,0.0,1.0,,1.0,1.0,1.0,1.0,0.0,0.0,1.0,1.0,0.0,0.0,0.0,0.0,0.0,1.0,1.0,1.0,0.0,1.0,0.0,0.0,0.0,1.0,0.0,0.0,1.0,1.0,0.0,0.0,0.0,1.0,1.0,1.0,1.0,0.0,1.0,,1.0,1.0,1.0,1.0,0.0,0.0,0.0,0.0,1.0,1.0,,1.0,1.0,1.0,1.0,0.0,1.0,0.0,1.0,1.0,0.0,1.0,0.0,0.0,0.0,1.0,0.0,0.0,0.0,1.0,0.0,,,,1.0,0.0,1.0,1.0,1.0,1.0,0.0,0.0,1.0,1.0,0.0,1.0,0.0,1.0,0.0,1.0,1.0,1.0,1.0,1.0,0.0,0.0,0.0,,,,,,,1.0,1.0,,1.0,0.0,1.0,0.0,0.0,0.0,0.0,0.0,,,,1.0,1.0,1.0,0.0,,,,,,,,,0.0,1.0,1.0,1.0,0.0,1.0,,0.0,1.0,,,,,,,,,,,,1.0,0.0,0.0,1.0,1.0,1.0,0.0,0.0,0.0,0.0,1.0,1.0,1.0,1.0,0.0,0.0,,0.0,0.0,0.0,1.0,1.0,,1.0,1.0,0.0,0.0,1.0,1.0,1.0,1.0,1.0,0.0,0.0,1.0,0.0,1.0,0.0,1.0,1.0,0.0,1.0,0.0,0.0,1.0,1.0,1.0,0.0,1.0,0.0,0.0,,0.0,0.0,1.0,0.0,1.0
Célio Silveira,,,1.0,0.0,1.0,1.0,1.0,1.0,0.0,1.0,0.0,1.0,0.0,,0.0,1.0,,0.0,0.0,0.0,1.0,,0.0,1.0,0.0,0.0,0.0,0.0,,1.0,1.0,1.0,,0.0,0.0,,1.0,0.0,0.0,0.0,0.0,1.0,0.0,1.0,0.0,,0.0,1.0,1.0,,,1.0,0.0,,,,0.0,1.0,0.0,1.0,1.0,1.0,1.0,0.0,,1.0,1.0,1.0,0.0,0.0,0.0,0.0,0.0,1.0,0.0,1.0,1.0,0.0,1.0,1.0,1.0,1.0,1.0,0.0,0.0,1.0,,,1.0,1.0,1.0,1.0,0.0,0.0,1.0,1.0,1.0,1.0,0.0,0.0,,0.0,1.0,1.0,1.0,1.0,0.0,0.0,1.0,1.0,1.0,0.0,0.0,1.0,1.0,1.0,0.0,1.0,0.0,0.0,1.0,0.0,0.0,1.0,0.0,1.0,0.0,0.0,0.0,0.0,1.0,1.0,0.0,0.0,1.0,1.0,1.0,1.0,1.0,0.0,0.0,0.0,1.0,0.0,0.0,,,1.0,1.0,0.0,0.0,,1.0,0.0,0.0,0.0,1.0,0.0,1.0,1.0,0.0,0.0,1.0,0.0,1.0,0.0,,,1.0,1.0,1.0,0.0,0.0,1.0,0.0,,1.0,1.0,1.0,1.0,1.0,1.0,1.0,1.0,1.0,1.0,0.0,1.0,0.0,1.0,0.0,1.0,0.0,1.0,0.0,,0.0,0.0,1.0,0.0,,1.0,0.0,,0.0,0.0,0.0,,1.0,0.0,1.0,0.0,1.0,0.0,0.0,0.0,1.0,0.0,0.0,1.0,1.0,0.0,1.0,0.0,1.0,1.0,1.0,1.0,1.0,0.0,0.0,0.0,,1.0,,1.0,0.0,1.0,0.0,0.0,1.0,0.0,1.0,0.0,0.0,1.0,0.0,0.0,,,1.0,1.0,1.0,1.0,0.0,,0.0,1.0,,1.0,1.0,1.0,1.0,1.0,1.0,1.0,1.0,0.0,1.0,1.0,1.0,1.0,0.0,0.0,0.0,1.0,,0.0,1.0,0.0,1.0,1.0,1.0,1.0,0.0,0.0,0.0,0.0,1.0,1.0,1.0,1.0,0.0,0.0,1.0,1.0,1.0,1.0,1.0,0.0,1.0,,1.0,1.0,,,0.0,1.0,0.0,0.0,1.0,0.0,0.0,1.0,1.0,0.0,0.0,1.0,0.0,1.0,0.0,1.0,1.0,0.0,1.0,1.0,1.0,1.0,1.0,1.0,1.0,1.0,,,0.0,0.0,1.0,0.0,,0.0,0.0,0.0,1.0,1.0,1.0,,0.0,0.0,0.0,0.0,1.0,1.0,1.0,1.0,1.0,0.0,0.0,1.0,1.0,0.0,0.0,0.0,0.0,1.0,0.0,0.0,1.0,1.0,0.0,1.0,1.0,0.0,0.0,1.0,1.0,0.0,,0.0,0.0,1.0,0.0,1.0,1.0,0.0,,0.0,1.0,0.0,1.0,1.0,1.0,1.0,,0.0,1.0,,,0.0,0.0,0.0,0.0,0.0,1.0,0.0,0.0,0.0,1.0,0.0,1.0,0.0,0.0,1.0,,0.0,1.0,0.0,,0.0,0.0,1.0,0.0,0.0,0.0,0.0,0.0,,,0.0,1.0,,0.0,0.0,1.0,,1.0,1.0,0.0,0.0,,,0.0,0.0,0.0,,1.0,1.0,0.0,0.0,0.0,0.0,0.0,1.0,1.0,1.0,1.0,1.0,1.0,0.0,0.0,,0.0,1.0,0.0,0.0,0.0,1.0,0.0,1.0,0.0,0.0,0.0,0.0,0.0,1.0,,1.0,1.0,,0.0,1.0,,,,,0.0,0.0,1.0,,,1.0,1.0,1.0,,,0.0,1.0,0.0,0.0,0.0,,0.0,,1.0,0.0,0.0
Célio Studart,1.0,1.0,1.0,1.0,1.0,1.0,1.0,1.0,1.0,1.0,1.0,1.0,1.0,0.0,1.0,1.0,1.0,0.0,1.0,1.0,1.0,0.0,0.0,1.0,0.0,1.0,1.0,0.0,1.0,0.0,0.0,1.0,0.0,,0.0,0.0,1.0,1.0,0.0,1.0,1.0,1.0,0.0,1.0,0.0,1.0,,,1.0,,,,,1.0,1.0,0.0,0.0,1.0,0.0,1.0,,,1.0,0.0,,0.0,,0.0,0.0,0.0,1.0,1.0,1.0,0.0,1.0,0.0,0.0,1.0,0.0,1.0,0.0,1.0,1.0,0.0,1.0,0.0,1.0,1.0,1.0,1.0,,1.0,0.0,,1.0,1.0,1.0,1.0,1.0,,0.0,,0.0,1.0,1.0,1.0,0.0,0.0,1.0,1.0,1.0,0.0,0.0,0.0,,0.0,1.0,1.0,1.0,1.0,0.0,1.0,1.0,0.0,1.0,1.0,0.0,1.0,0.0,1.0,1.0,1.0,1.0,1.0,1.0,1.0,1.0,0.0,1.0,,0.0,0.0,1.0,1.0,,1.0,,1.0,1.0,0.0,0.0,1.0,1.0,1.0,0.0,0.0,1.0,0.0,0.0,0.0,0.0,0.0,1.0,0.0,1.0,0.0,1.0,0.0,1.0,1.0,1.0,1.0,1.0,1.0,0.0,,0.0,1.0,0.0,0.0,0.0,0.0,0.0,0.0,0.0,0.0,0.0,1.0,0.0,0.0,1.0,0.0,1.0,0.0,,0.0,1.0,1.0,1.0,0.0,0.0,1.0,0.0,,1.0,1.0,1.0,,0.0,1.0,1.0,1.0,0.0,1.0,1.0,,0.0,,1.0,1.0,,,,1.0,0.0,0.0,0.0,0.0,,1.0,1.0,1.0,1.0,1.0,1.0,0.0,1.0,0.0,1.0,1.0,0.0,1.0,1.0,1.0,1.0,0.0,1.0,1.0,1.0,1.0,1.0,1.0,0.0,1.0,,0.0,1.0,1.0,,1.0,1.0,1.0,1.0,1.0,0.0,0.0,1.0,0.0,1.0,1.0,0.0,1.0,1.0,0.0,0.0,0.0,0.0,1.0,0.0,1.0,0.0,0.0,0.0,0.0,0.0,1.0,1.0,1.0,0.0,0.0,1.0,1.0,,1.0,0.0,0.0,0.0,1.0,0.0,1.0,0.0,0.0,1.0,1.0,1.0,0.0,0.0,1.0,0.0,1.0,1.0,0.0,0.0,1.0,0.0,0.0,0.0,1.0,1.0,0.0,1.0,1.0,1.0,0.0,1.0,0.0,0.0,1.0,1.0,1.0,1.0,0.0,1.0,0.0,1.0,1.0,0.0,1.0,0.0,1.0,1.0,1.0,1.0,0.0,0.0,,0.0,1.0,1.0,,1.0,,1.0,1.0,0.0,1.0,0.0,1.0,1.0,0.0,1.0,0.0,,1.0,1.0,0.0,1.0,1.0,1.0,0.0,0.0,0.0,1.0,1.0,0.0,1.0,1.0,1.0,1.0,0.0,0.0,1.0,1.0,1.0,0.0,0.0,1.0,1.0,1.0,1.0,1.0,1.0,1.0,0.0,0.0,0.0,0.0,1.0,1.0,1.0,1.0,1.0,1.0,1.0,,1.0,0.0,1.0,0.0,0.0,0.0,0.0,1.0,0.0,0.0,1.0,1.0,1.0,1.0,0.0,1.0,0.0,1.0,0.0,0.0,0.0,1.0,0.0,0.0,0.0,,1.0,0.0,0.0,0.0,,0.0,1.0,1.0,0.0,0.0,0.0,0.0,,1.0,1.0,0.0,1.0,1.0,0.0,0.0,1.0,1.0,1.0,0.0,0.0,0.0,,1.0,1.0,1.0,1.0,1.0,,,0.0,,0.0,,1.0,,1.0,1.0,0.0,1.0,,1.0,1.0,1.0,1.0,0.0,1.0,1.0,0.0,1.0,0.0,1.0,1.0,,1.0,0.0,,1.0,,,1.0,0.0,0.0,0.0,0.0,0.0,0.0,1.0,0.0,1.0
Da Vitoria,,,1.0,1.0,1.0,1.0,1.0,,,,,,,,,,,,,,,,,,,,,,,,,,,,,,,,,,,,,,,,,,,,,,,,,,,,,,,,,,,,,,,,,,,,,,,,,,,,,,,,1.0,1.0,,,,,,,,,,,,0.0,0.0,0.0,1.0,,,,,,,,,,,1.0,0.0,1.0,,0.0,,0.0,1.0,0.0,0.0,0.0,,1.0,0.0,0.0,1.0,1.0,1.0,0.0,1.0,0.0,0.0,1.0,1.0,1.0,1.0,0.0,0.0,0.0,,,,,,,,,,,,,,,,,,,,,,,,,0.0,,1.0,,,0.0,0.0,,,0.0,1.0,1.0,1.0,1.0,1.0,0.0,,1.0,1.0,1.0,0.0,1.0,1.0,1.0,0.0,1.0,0.0,1.0,,0.0,0.0,0.0,,,0.0,1.0,,,0.0,0.0,0.0,0.0,1.0,1.0,0.0,0.0,1.0,,0.0,,1.0,0.0,0.0,1.0,,1.0,1.0,0.0,,1.0,,1.0,1.0,0.0,0.0,0.0,0.0,1.0,1.0,1.0,0.0,1.0,0.0,0.0,1.0,,1.0,1.0,0.0,1.0,0.0,0.0,1.0,,1.0,,1.0,0.0,0.0,0.0,0.0,1.0,,1.0,1.0,1.0,1.0,1.0,1.0,0.0,1.0,0.0,1.0,0.0,0.0,1.0,1.0,0.0,1.0,1.0,0.0,0.0,,,,,,,0.0,0.0,0.0,0.0,1.0,1.0,1.0,1.0,,,1.0,1.0,,,1.0,0.0,0.0,0.0,1.0,1.0,1.0,0.0,0.0,1.0,0.0,0.0,0.0,0.0,1.0,1.0,0.0,0.0,0.0,1.0,1.0,1.0,0.0,1.0,1.0,,,1.0,1.0,,1.0,1.0,1.0,0.0,0.0,,,0.0,1.0,0.0,0.0,0.0,0.0,,,1.0,1.0,1.0,0.0,0.0,1.0,0.0,0.0,1.0,1.0,1.0,0.0,0.0,0.0,1.0,1.0,0.0,0.0,0.0,0.0,1.0,,,,,,,1.0,0.0,0.0,,1.0,0.0,1.0,0.0,0.0,0.0,0.0,0.0,0.0,0.0,0.0,0.0,1.0,0.0,0.0,1.0,1.0,1.0,1.0,0.0,1.0,1.0,1.0,0.0,0.0,0.0,0.0,0.0,1.0,0.0,0.0,0.0,0.0,0.0,1.0,0.0,1.0,0.0,0.0,1.0,1.0,0.0,0.0,0.0,1.0,1.0,0.0,0.0,0.0,0.0,0.0,0.0,1.0,0.0,1.0,1.0,,0.0,1.0,,1.0,1.0,0.0,0.0,0.0,0.0,0.0,0.0,0.0,0.0,1.0,1.0,0.0,1.0,0.0,0.0,0.0,1.0,1.0,1.0,1.0,1.0,1.0,1.0,0.0,1.0,0.0,0.0,,0.0,0.0,1.0,,1.0,0.0,0.0,0.0,0.0,1.0,1.0,0.0,1.0,1.0,1.0,0.0,1.0,0.0,0.0,0.0,1.0,1.0,0.0,1.0,1.0,,1.0,1.0,1.0,1.0,0.0,0.0,1.0,0.0,0.0,0.0,0.0,,0.0,1.0,0.0,0.0
Da Vitória,0.0,,,,,,,1.0,0.0,1.0,0.0,1.0,0.0,1.0,0.0,1.0,0.0,1.0,0.0,1.0,1.0,0.0,,1.0,,1.0,1.0,0.0,1.0,1.0,0.0,0.0,0.0,0.0,0.0,0.0,1.0,0.0,0.0,0.0,0.0,0.0,0.0,1.0,0.0,1.0,0.0,1.0,,0.0,,1.0,0.0,1.0,1.0,0.0,0.0,1.0,0.0,1.0,1.0,1.0,,0.0,0.0,1.0,1.0,0.0,0.0,0.0,0.0,,0.0,1.0,0.0,1.0,1.0,0.0,1.0,1.0,1.0,1.0,1.0,0.0,0.0,1.0,,,1.0,1.0,1.0,1.0,1.0,0.0,0.0,1.0,1.0,1.0,0.0,,,,,1.0,1.0,1.0,0.0,0.0,1.0,1.0,1.0,0.0,0.0,,,,,,,,,,,,,,,,,,,,,,,,,,,,,,1.0,0.0,0.0,1.0,0.0,1.0,,,,,,,,,,0.0,1.0,1.0,,,,,,,,,,1.0,1.0,,,,,,,,,,,,,,,,,,,,,,,,,,,,1.0,0.0,,,0.0,,,,,,,,,,,,,,,,,,,,,,,,,,,,,,,,,,,,,,,,,,,,,,,,,,,,,,,,,,,,,,,,,,,,,,,,,,,,,,,,,,,,,,,,,,,,,,,,,,,,,,,,,,,,,,,,,,,,,,,,,,,,,,,,,,,,,,,,,,,,,,,,,,,,,,,,,,,,,,,,,,,,,,,,,,,,,,,,,,,,,,,,,,,,,,,,,,,,,,,,,,,,,,,,,,,,,,,,,,,,,,,,,,,,,,,,,,,,,,,,,,,,,,,,,,,,,,,,,,,,,,,,,,,,,,,,,,,,,,,,,,,,,,,,,,,,,,,,,,,,,,
Dagoberto Nogueira,1.0,1.0,1.0,1.0,1.0,1.0,1.0,1.0,1.0,,0.0,1.0,0.0,0.0,1.0,1.0,1.0,0.0,1.0,1.0,1.0,0.0,1.0,0.0,,1.0,1.0,0.0,1.0,0.0,0.0,1.0,0.0,0.0,0.0,0.0,0.0,1.0,0.0,1.0,1.0,1.0,0.0,0.0,0.0,1.0,0.0,1.0,1.0,0.0,0.0,1.0,0.0,1.0,1.0,0.0,0.0,1.0,,1.0,1.0,1.0,,,0.0,0.0,1.0,1.0,0.0,0.0,0.0,,0.0,1.0,0.0,1.0,,,,1.0,1.0,1.0,1.0,0.0,1.0,0.0,1.0,1.0,1.0,1.0,,1.0,0.0,1.0,1.0,1.0,1.0,1.0,1.0,0.0,0.0,1.0,0.0,1.0,1.0,1.0,0.0,0.0,1.0,1.0,1.0,0.0,0.0,,0.0,0.0,1.0,1.0,0.0,0.0,1.0,1.0,1.0,,,0.0,1.0,1.0,1.0,1.0,0.0,1.0,1.0,1.0,0.0,0.0,0.0,0.0,1.0,0.0,0.0,0.0,,,,,,,,0.0,0.0,1.0,1.0,0.0,,0.0,1.0,0.0,1.0,1.0,,,,,,,1.0,,1.0,,,0.0,,,,,,,0.0,0.0,0.0,0.0,0.0,0.0,0.0,0.0,0.0,0.0,0.0,0.0,1.0,0.0,1.0,1.0,0.0,0.0,1.0,1.0,1.0,0.0,0.0,1.0,,,1.0,0.0,1.0,1.0,0.0,1.0,1.0,1.0,0.0,1.0,1.0,,0.0,1.0,1.0,1.0,0.0,0.0,,1.0,0.0,0.0,0.0,0.0,0.0,1.0,1.0,1.0,1.0,0.0,1.0,0.0,1.0,0.0,,,0.0,,1.0,1.0,0.0,0.0,1.0,1.0,1.0,1.0,,,0.0,1.0,1.0,0.0,1.0,1.0,,1.0,1.0,1.0,1.0,1.0,0.0,0.0,1.0,0.0,1.0,1.0,0.0,1.0,1.0,0.0,0.0,0.0,1.0,1.0,0.0,1.0,0.0,0.0,0.0,0.0,0.0,,,1.0,0.0,0.0,1.0,1.0,0.0,1.0,0.0,0.0,0.0,0.0,0.0,1.0,0.0,,1.0,1.0,1.0,0.0,0.0,1.0,0.0,0.0,0.0,0.0,1.0,,1.0,1.0,1.0,1.0,1.0,0.0,1.0,1.0,1.0,1.0,1.0,0.0,1.0,1.0,1.0,1.0,1.0,0.0,1.0,0.0,0.0,0.0,1.0,1.0,0.0,1.0,1.0,1.0,1.0,1.0,0.0,0.0,0.0,1.0,1.0,,1.0,1.0,,1.0,,1.0,0.0,1.0,1.0,0.0,1.0,0.0,0.0,1.0,0.0,,,,,1.0,1.0,0.0,0.0,1.0,0.0,1.0,1.0,1.0,1.0,0.0,0.0,1.0,1.0,1.0,1.0,0.0,1.0,0.0,0.0,1.0,1.0,1.0,1.0,0.0,1.0,0.0,1.0,,,,,,1.0,1.0,,1.0,0.0,1.0,0.0,0.0,0.0,0.0,,,,1.0,1.0,1.0,1.0,0.0,,,,,,,,,0.0,,1.0,1.0,0.0,1.0,0.0,0.0,1.0,,,,,,,,,,,1.0,,0.0,0.0,1.0,1.0,1.0,0.0,0.0,0.0,0.0,1.0,1.0,1.0,1.0,1.0,1.0,1.0,0.0,,0.0,1.0,1.0,0.0,1.0,1.0,0.0,1.0,,1.0,1.0,1.0,1.0,1.0,0.0,0.0,1.0,1.0,0.0,1.0,1.0,0.0,1.0,0.0,0.0,1.0,1.0,1.0,0.0,1.0,0.0,0.0,0.0,0.0,0.0,1.0,0.0,1.0
Damião Feliciano,1.0,,1.0,1.0,1.0,1.0,1.0,1.0,0.0,,0.0,,1.0,0.0,1.0,1.0,0.0,1.0,0.0,0.0,1.0,,0.0,1.0,,1.0,1.0,0.0,1.0,0.0,0.0,1.0,0.0,,,,1.0,,0.0,1.0,1.0,,,1.0,0.0,1.0,0.0,1.0,1.0,0.0,0.0,1.0,,1.0,1.0,0.0,0.0,1.0,,1.0,,1.0,,0.0,,,1.0,,,,0.0,,,1.0,0.0,1.0,1.0,0.0,1.0,1.0,1.0,1.0,1.0,0.0,1.0,0.0,1.0,1.0,1.0,0.0,1.0,1.0,0.0,,1.0,1.0,1.0,1.0,0.0,0.0,0.0,1.0,0.0,1.0,1.0,1.0,0.0,0.0,1.0,1.0,1.0,0.0,,0.0,,0.0,1.0,1.0,0.0,0.0,1.0,1.0,1.0,1.0,,0.0,1.0,1.0,1.0,1.0,0.0,1.0,1.0,1.0,0.0,0.0,0.0,0.0,1.0,0.0,0.0,0.0,1.0,,1.0,1.0,0.0,,0.0,0.0,0.0,1.0,1.0,0.0,0.0,0.0,1.0,0.0,0.0,1.0,,0.0,1.0,0.0,0.0,0.0,1.0,0.0,,,,0.0,,,,,,,0.0,0.0,0.0,0.0,0.0,0.0,0.0,0.0,,1.0,0.0,0.0,1.0,0.0,1.0,1.0,,,1.0,1.0,1.0,1.0,0.0,1.0,,,,0.0,,1.0,0.0,,1.0,1.0,0.0,1.0,1.0,,,1.0,1.0,1.0,0.0,0.0,1.0,1.0,0.0,0.0,0.0,0.0,0.0,1.0,1.0,1.0,,,1.0,0.0,1.0,0.0,,1.0,0.0,1.0,1.0,,0.0,0.0,1.0,1.0,1.0,1.0,1.0,1.0,0.0,1.0,1.0,0.0,1.0,1.0,0.0,1.0,1.0,1.0,1.0,1.0,0.0,0.0,1.0,0.0,1.0,1.0,,1.0,1.0,0.0,0.0,0.0,,1.0,0.0,1.0,0.0,0.0,0.0,0.0,0.0,1.0,1.0,,0.0,0.0,1.0,1.0,0.0,1.0,0.0,0.0,0.0,,0.0,1.0,0.0,1.0,1.0,1.0,1.0,0.0,,1.0,0.0,0.0,0.0,,1.0,1.0,1.0,1.0,0.0,1.0,1.0,0.0,1.0,1.0,1.0,1.0,1.0,0.0,,,1.0,1.0,1.0,0.0,1.0,0.0,0.0,0.0,1.0,1.0,0.0,,1.0,1.0,,1.0,1.0,0.0,0.0,,1.0,,1.0,1.0,,1.0,0.0,1.0,0.0,,1.0,0.0,1.0,,,1.0,0.0,1.0,0.0,1.0,0.0,1.0,1.0,0.0,0.0,1.0,0.0,1.0,1.0,,1.0,0.0,0.0,1.0,1.0,1.0,,0.0,1.0,0.0,0.0,1.0,1.0,1.0,1.0,,1.0,0.0,1.0,1.0,,,,,1.0,1.0,,1.0,0.0,1.0,,0.0,,,,,,1.0,1.0,1.0,1.0,0.0,,,,,,,,,0.0,0.0,1.0,1.0,0.0,0.0,,0.0,0.0,,,,,,,,,,,,,0.0,0.0,1.0,1.0,1.0,,0.0,0.0,0.0,,1.0,1.0,1.0,1.0,1.0,1.0,0.0,,0.0,1.0,1.0,,1.0,1.0,0.0,,1.0,,1.0,1.0,1.0,1.0,1.0,1.0,0.0,1.0,0.0,1.0,1.0,,1.0,0.0,0.0,1.0,,1.0,,1.0,,,0.0,,,,,0.0
Daniel Almeida,,,1.0,1.0,1.0,1.0,1.0,1.0,1.0,1.0,1.0,1.0,0.0,1.0,1.0,,1.0,,,1.0,,0.0,1.0,1.0,,,,,,,0.0,0.0,1.0,,1.0,1.0,0.0,1.0,1.0,,1.0,1.0,,0.0,0.0,1.0,0.0,,1.0,,0.0,1.0,0.0,1.0,1.0,0.0,0.0,1.0,,1.0,1.0,1.0,0.0,,0.0,0.0,1.0,,,,,0.0,0.0,1.0,0.0,1.0,1.0,1.0,0.0,1.0,1.0,1.0,1.0,0.0,1.0,0.0,1.0,1.0,1.0,1.0,,1.0,0.0,1.0,1.0,,1.0,1.0,0.0,0.0,,1.0,,,1.0,1.0,0.0,0.0,1.0,1.0,1.0,0.0,0.0,0.0,0.0,0.0,1.0,0.0,1.0,,,1.0,,0.0,1.0,0.0,0.0,1.0,1.0,1.0,0.0,1.0,1.0,1.0,,0.0,0.0,0.0,1.0,0.0,0.0,0.0,1.0,1.0,0.0,1.0,0.0,1.0,,,,,,,,,0.0,,0.0,,,,,,,,1.0,0.0,1.0,1.0,1.0,,,,,,,1.0,0.0,0.0,0.0,0.0,0.0,0.0,0.0,0.0,0.0,0.0,0.0,0.0,,0.0,1.0,1.0,0.0,0.0,1.0,1.0,1.0,1.0,0.0,,,,1.0,1.0,1.0,1.0,,1.0,1.0,1.0,0.0,1.0,1.0,,1.0,1.0,1.0,0.0,0.0,,0.0,1.0,0.0,0.0,0.0,0.0,0.0,1.0,1.0,1.0,,0.0,1.0,0.0,,0.0,1.0,1.0,0.0,1.0,1.0,,1.0,0.0,1.0,1.0,1.0,,1.0,,0.0,1.0,1.0,0.0,1.0,1.0,0.0,1.0,1.0,1.0,1.0,1.0,0.0,0.0,1.0,1.0,0.0,1.0,0.0,1.0,1.0,1.0,1.0,0.0,,1.0,0.0,1.0,,0.0,,,,1.0,1.0,1.0,1.0,1.0,1.0,1.0,0.0,1.0,,0.0,,,,1.0,0.0,1.0,1.0,1.0,1.0,,,0.0,0.0,1.0,1.0,0.0,0.0,,0.0,1.0,1.0,1.0,1.0,0.0,1.0,1.0,1.0,0.0,1.0,,0.0,1.0,1.0,1.0,1.0,0.0,0.0,0.0,1.0,1.0,0.0,1.0,0.0,1.0,,1.0,1.0,1.0,0.0,0.0,0.0,1.0,1.0,0.0,1.0,1.0,1.0,1.0,0.0,1.0,0.0,,1.0,0.0,1.0,0.0,,0.0,0.0,1.0,1.0,0.0,1.0,0.0,,1.0,,1.0,0.0,1.0,0.0,1.0,1.0,0.0,0.0,1.0,1.0,1.0,,0.0,1.0,0.0,0.0,1.0,1.0,1.0,1.0,0.0,0.0,,,,,,,,1.0,1.0,,1.0,,1.0,0.0,0.0,0.0,,,,,,1.0,,,0.0,,,,,,,,,0.0,0.0,,,,,,,1.0,,,,,,,,,,,1.0,1.0,0.0,0.0,1.0,1.0,1.0,,,0.0,0.0,1.0,1.0,1.0,1.0,1.0,1.0,,0.0,,0.0,1.0,1.0,0.0,1.0,1.0,0.0,1.0,1.0,1.0,,1.0,1.0,1.0,1.0,1.0,0.0,1.0,0.0,1.0,1.0,0.0,1.0,0.0,0.0,1.0,1.0,1.0,0.0,1.0,0.0,0.0,0.0,0.0,0.0,1.0,0.0,1.0
Daniel Coelho,1.0,1.0,1.0,1.0,,1.0,1.0,1.0,0.0,1.0,1.0,1.0,0.0,1.0,0.0,0.0,0.0,0.0,0.0,0.0,1.0,1.0,0.0,1.0,0.0,1.0,1.0,0.0,1.0,1.0,0.0,1.0,0.0,,0.0,0.0,1.0,0.0,0.0,0.0,,0.0,0.0,1.0,0.0,,,1.0,1.0,0.0,,,0.0,1.0,1.0,0.0,0.0,,,1.0,1.0,1.0,1.0,0.0,0.0,1.0,,0.0,0.0,,1.0,1.0,1.0,0.0,1.0,0.0,0.0,1.0,0.0,1.0,0.0,,1.0,0.0,,,1.0,1.0,1.0,1.0,,1.0,,0.0,0.0,1.0,,,,0.0,,0.0,1.0,1.0,1.0,1.0,,0.0,0.0,1.0,0.0,0.0,0.0,1.0,0.0,1.0,,1.0,,0.0,1.0,0.0,0.0,1.0,,1.0,,0.0,1.0,,1.0,1.0,1.0,1.0,,1.0,1.0,1.0,0.0,0.0,0.0,0.0,1.0,0.0,0.0,1.0,0.0,1.0,1.0,,,1.0,1.0,0.0,0.0,0.0,1.0,,,1.0,,,1.0,,1.0,0.0,0.0,,1.0,1.0,1.0,1.0,0.0,,0.0,,1.0,1.0,1.0,1.0,1.0,1.0,1.0,1.0,1.0,1.0,0.0,1.0,1.0,1.0,0.0,1.0,1.0,1.0,,0.0,0.0,0.0,1.0,0.0,0.0,1.0,,,,,,0.0,1.0,1.0,0.0,0.0,1.0,0.0,0.0,,1.0,0.0,0.0,1.0,1.0,1.0,1.0,,1.0,1.0,0.0,1.0,1.0,0.0,0.0,0.0,0.0,1.0,1.0,1.0,0.0,1.0,0.0,1.0,0.0,,1.0,1.0,,1.0,0.0,0.0,0.0,1.0,1.0,,0.0,0.0,1.0,0.0,0.0,1.0,,1.0,1.0,1.0,1.0,1.0,1.0,0.0,1.0,0.0,1.0,0.0,0.0,1.0,1.0,0.0,1.0,0.0,1.0,0.0,1.0,1.0,0.0,1.0,1.0,0.0,,,0.0,0.0,1.0,1.0,1.0,1.0,,,1.0,,,,1.0,1.0,0.0,1.0,0.0,0.0,1.0,0.0,0.0,1.0,,0.0,0.0,0.0,1.0,1.0,0.0,1.0,0.0,1.0,1.0,1.0,1.0,1.0,1.0,1.0,0.0,1.0,1.0,,1.0,1.0,1.0,1.0,0.0,0.0,,0.0,0.0,,0.0,,0.0,0.0,,1.0,0.0,1.0,0.0,0.0,1.0,,1.0,1.0,1.0,1.0,0.0,0.0,0.0,1.0,1.0,0.0,0.0,0.0,0.0,1.0,0.0,0.0,1.0,0.0,1.0,0.0,0.0,0.0,0.0,1.0,0.0,0.0,1.0,1.0,1.0,0.0,0.0,1.0,0.0,0.0,0.0,0.0,1.0,0.0,0.0,1.0,1.0,1.0,,0.0,1.0,1.0,1.0,0.0,0.0,0.0,0.0,0.0,1.0,0.0,0.0,,0.0,0.0,,0.0,,0.0,0.0,,,0.0,0.0,1.0,,,,,,0.0,0.0,,,,1.0,1.0,,0.0,1.0,,1.0,1.0,0.0,0.0,0.0,0.0,0.0,0.0,0.0,0.0,,,,1.0,0.0,0.0,0.0,1.0,1.0,1.0,1.0,1.0,1.0,0.0,,,0.0,1.0,1.0,1.0,0.0,1.0,,0.0,1.0,,0.0,,,1.0,1.0,1.0,1.0,1.0,,1.0,0.0,0.0,0.0,,1.0,0.0,1.0,1.0,,1.0,1.0,1.0,1.0,0.0,,1.0,0.0,0.0,0.0,,,,1.0,0.0,0.0
Daniel Freitas,0.0,0.0,1.0,0.0,1.0,1.0,0.0,,,1.0,0.0,,0.0,0.0,0.0,1.0,0.0,1.0,0.0,0.0,1.0,,0.0,0.0,0.0,,,,,,0.0,1.0,0.0,0.0,0.0,0.0,1.0,0.0,0.0,0.0,0.0,0.0,0.0,1.0,0.0,1.0,,,1.0,0.0,0.0,1.0,1.0,0.0,0.0,1.0,1.0,1.0,0.0,1.0,1.0,1.0,1.0,0.0,0.0,1.0,1.0,0.0,0.0,0.0,0.0,0.0,0.0,1.0,0.0,1.0,,,,1.0,1.0,1.0,1.0,0.0,0.0,1.0,0.0,0.0,1.0,1.0,1.0,1.0,1.0,0.0,0.0,0.0,1.0,1.0,0.0,1.0,1.0,0.0,1.0,0.0,0.0,1.0,0.0,1.0,0.0,0.0,0.0,1.0,1.0,1.0,1.0,1.0,0.0,0.0,0.0,0.0,1.0,0.0,0.0,0.0,0.0,1.0,1.0,0.0,0.0,0.0,1.0,0.0,0.0,0.0,0.0,1.0,1.0,1.0,0.0,0.0,0.0,0.0,1.0,0.0,1.0,1.0,0.0,1.0,1.0,0.0,0.0,1.0,1.0,0.0,0.0,0.0,1.0,,1.0,1.0,0.0,0.0,1.0,0.0,1.0,0.0,0.0,0.0,1.0,1.0,1.0,0.0,0.0,1.0,0.0,0.0,1.0,1.0,1.0,1.0,1.0,1.0,1.0,1.0,1.0,1.0,1.0,0.0,1.0,1.0,0.0,1.0,0.0,1.0,0.0,0.0,0.0,0.0,1.0,0.0,0.0,1.0,0.0,,0.0,0.0,0.0,0.0,1.0,0.0,0.0,0.0,1.0,1.0,0.0,0.0,1.0,0.0,0.0,1.0,1.0,1.0,1.0,0.0,1.0,1.0,1.0,1.0,1.0,0.0,0.0,0.0,0.0,1.0,1.0,1.0,0.0,1.0,0.0,0.0,1.0,0.0,0.0,0.0,1.0,1.0,0.0,0.0,0.0,1.0,1.0,1.0,1.0,0.0,0.0,0.0,0.0,0.0,0.0,1.0,1.0,1.0,1.0,1.0,1.0,1.0,1.0,0.0,1.0,0.0,1.0,0.0,0.0,0.0,0.0,1.0,0.0,0.0,1.0,0.0,1.0,,,,0.0,0.0,0.0,0.0,1.0,1.0,1.0,0.0,0.0,0.0,1.0,1.0,,0.0,1.0,0.0,1.0,0.0,0.0,0.0,1.0,0.0,0.0,1.0,1.0,0.0,0.0,0.0,1.0,1.0,1.0,1.0,0.0,1.0,0.0,1.0,0.0,1.0,1.0,0.0,1.0,1.0,1.0,1.0,1.0,1.0,1.0,1.0,0.0,0.0,0.0,0.0,1.0,0.0,0.0,0.0,0.0,0.0,1.0,1.0,1.0,1.0,1.0,0.0,0.0,0.0,0.0,1.0,1.0,0.0,1.0,0.0,0.0,1.0,0.0,1.0,0.0,0.0,0.0,1.0,0.0,0.0,1.0,1.0,0.0,1.0,1.0,0.0,0.0,1.0,1.0,0.0,1.0,0.0,0.0,0.0,0.0,0.0,0.0,0.0,0.0,0.0,0.0,0.0,0.0,1.0,1.0,0.0,1.0,0.0,1.0,1.0,1.0,0.0,0.0,0.0,0.0,0.0,1.0,0.0,0.0,0.0,1.0,0.0,1.0,1.0,1.0,1.0,1.0,0.0,1.0,0.0,0.0,0.0,0.0,1.0,0.0,0.0,0.0,0.0,0.0,0.0,1.0,0.0,1.0,1.0,0.0,0.0,1.0,0.0,1.0,1.0,0.0,0.0,0.0,0.0,0.0,0.0,0.0,0.0,1.0,1.0,0.0,1.0,0.0,1.0,0.0,0.0,1.0,0.0,1.0,1.0,1.0,1.0,0.0,1.0,0.0,0.0,0.0,0.0,0.0,1.0,1.0,1.0,0.0,0.0,0.0,0.0,0.0,1.0,0.0,1.0,0.0,0.0,0.0,1.0,0.0,0.0,0.0,1.0,1.0,0.0,1.0,0.0,0.0,1.0,1.0,1.0,1.0,0.0,0.0,1.0,0.0,0.0,0.0,0.0,0.0,0.0,1.0,0.0,0.0
Daniel Silveira,0.0,0.0,1.0,,1.0,1.0,0.0,1.0,0.0,1.0,0.0,1.0,1.0,0.0,0.0,1.0,0.0,1.0,0.0,0.0,1.0,0.0,0.0,,0.0,0.0,,0.0,1.0,1.0,0.0,1.0,0.0,0.0,0.0,0.0,1.0,0.0,0.0,0.0,0.0,0.0,0.0,1.0,0.0,1.0,0.0,1.0,1.0,0.0,0.0,1.0,0.0,,,,,,,0.0,1.0,1.0,1.0,0.0,0.0,1.0,1.0,0.0,0.0,0.0,0.0,,0.0,1.0,0.0,1.0,,,,,1.0,1.0,1.0,0.0,0.0,1.0,,,,,,,1.0,0.0,0.0,,,,0.0,,0.0,0.0,1.0,0.0,0.0,0.0,0.0,1.0,0.0,0.0,0.0,1.0,1.0,,,,0.0,,0.0,0.0,1.0,0.0,,,,,,,,,,,,,,,,,0.0,0.0,0.0,0.0,1.0,0.0,1.0,0.0,0.0,1.0,1.0,,0.0,1.0,,,,,,0.0,,1.0,0.0,0.0,1.0,0.0,1.0,0.0,0.0,,1.0,1.0,1.0,,0.0,1.0,,,1.0,1.0,1.0,1.0,1.0,1.0,1.0,1.0,1.0,1.0,1.0,1.0,1.0,1.0,,1.0,0.0,1.0,0.0,,0.0,,1.0,0.0,0.0,1.0,0.0,,0.0,0.0,0.0,0.0,1.0,0.0,0.0,0.0,1.0,1.0,0.0,0.0,1.0,0.0,0.0,1.0,,1.0,,,,,,,,,,,,,,,,,,,,,0.0,,,,0.0,0.0,0.0,0.0,1.0,1.0,,0.0,0.0,0.0,0.0,,0.0,1.0,1.0,1.0,1.0,1.0,1.0,1.0,1.0,,1.0,0.0,,,1.0,,,,,,1.0,,,,1.0,1.0,,0.0,0.0,0.0,1.0,1.0,1.0,0.0,,0.0,1.0,1.0,1.0,0.0,1.0,,1.0,1.0,0.0,0.0,,0.0,,1.0,0.0,0.0,,0.0,1.0,,,1.0,0.0,1.0,0.0,1.0,0.0,1.0,,0.0,1.0,1.0,1.0,1.0,1.0,1.0,1.0,1.0,0.0,0.0,0.0,0.0,1.0,0.0,0.0,0.0,,0.0,,1.0,1.0,1.0,1.0,0.0,0.0,0.0,0.0,1.0,1.0,0.0,1.0,0.0,0.0,,0.0,0.0,,,,1.0,,0.0,1.0,1.0,0.0,,1.0,0.0,0.0,1.0,1.0,0.0,1.0,0.0,0.0,0.0,,0.0,0.0,0.0,0.0,,0.0,0.0,0.0,1.0,1.0,1.0,1.0,0.0,1.0,1.0,1.0,0.0,0.0,0.0,0.0,0.0,,0.0,0.0,0.0,1.0,0.0,1.0,1.0,1.0,1.0,1.0,0.0,1.0,0.0,0.0,1.0,,1.0,0.0,0.0,0.0,0.0,0.0,0.0,1.0,0.0,1.0,,,0.0,1.0,0.0,1.0,,,0.0,0.0,0.0,0.0,,0.0,,1.0,,,1.0,0.0,,,,1.0,0.0,1.0,,1.0,,0.0,,0.0,0.0,0.0,0.0,0.0,1.0,1.0,1.0,,0.0,0.0,0.0,,1.0,0.0,,0.0,0.0,0.0,1.0,0.0,0.0,,,1.0,0.0,1.0,0.0,0.0,1.0,1.0,1.0,,,0.0,1.0,0.0,0.0,0.0,0.0,0.0,0.0,1.0,0.0,0.0
Daniel Trzeciak,0.0,0.0,1.0,0.0,1.0,1.0,1.0,,,1.0,,1.0,0.0,1.0,0.0,0.0,0.0,0.0,1.0,0.0,1.0,1.0,,0.0,0.0,1.0,0.0,1.0,1.0,1.0,0.0,1.0,0.0,0.0,0.0,0.0,1.0,1.0,0.0,0.0,0.0,0.0,0.0,1.0,1.0,1.0,0.0,1.0,1.0,0.0,,1.0,0.0,,1.0,0.0,0.0,1.0,0.0,1.0,,0.0,1.0,0.0,0.0,1.0,1.0,1.0,0.0,,0.0,0.0,0.0,1.0,0.0,1.0,1.0,0.0,1.0,1.0,1.0,1.0,1.0,0.0,0.0,1.0,1.0,1.0,1.0,1.0,,1.0,1.0,0.0,0.0,1.0,1.0,1.0,,0.0,0.0,1.0,1.0,0.0,0.0,0.0,,1.0,0.0,0.0,0.0,1.0,1.0,1.0,1.0,1.0,0.0,1.0,0.0,0.0,1.0,0.0,0.0,,0.0,1.0,0.0,,0.0,0.0,1.0,1.0,1.0,1.0,0.0,1.0,1.0,1.0,1.0,0.0,0.0,0.0,1.0,0.0,0.0,1.0,0.0,,1.0,0.0,0.0,1.0,1.0,0.0,0.0,0.0,1.0,0.0,1.0,1.0,0.0,0.0,1.0,0.0,1.0,0.0,0.0,,1.0,,1.0,1.0,0.0,1.0,0.0,0.0,1.0,1.0,1.0,1.0,1.0,1.0,1.0,1.0,1.0,1.0,0.0,1.0,1.0,,0.0,,0.0,1.0,0.0,0.0,0.0,0.0,1.0,0.0,0.0,1.0,0.0,,0.0,0.0,0.0,0.0,1.0,0.0,1.0,1.0,1.0,0.0,0.0,,1.0,0.0,0.0,1.0,0.0,1.0,1.0,0.0,1.0,1.0,,1.0,1.0,0.0,0.0,0.0,0.0,1.0,1.0,1.0,0.0,1.0,0.0,0.0,1.0,0.0,0.0,0.0,0.0,1.0,0.0,0.0,1.0,1.0,1.0,,,0.0,0.0,1.0,0.0,1.0,,1.0,1.0,1.0,1.0,1.0,1.0,1.0,1.0,0.0,1.0,0.0,1.0,1.0,1.0,0.0,0.0,1.0,0.0,0.0,1.0,1.0,1.0,0.0,1.0,1.0,0.0,0.0,0.0,0.0,1.0,1.0,1.0,0.0,0.0,0.0,0.0,1.0,0.0,1.0,1.0,0.0,0.0,1.0,0.0,0.0,1.0,0.0,,1.0,0.0,0.0,0.0,0.0,1.0,1.0,1.0,1.0,0.0,1.0,0.0,1.0,0.0,1.0,1.0,1.0,1.0,1.0,0.0,1.0,1.0,1.0,1.0,1.0,0.0,0.0,0.0,,1.0,,1.0,0.0,0.0,0.0,1.0,1.0,0.0,1.0,0.0,0.0,1.0,0.0,0.0,1.0,1.0,1.0,,0.0,0.0,,1.0,1.0,1.0,0.0,0.0,1.0,1.0,0.0,0.0,1.0,0.0,1.0,0.0,0.0,,1.0,1.0,0.0,1.0,1.0,0.0,1.0,0.0,1.0,0.0,0.0,0.0,0.0,1.0,1.0,1.0,1.0,1.0,1.0,1.0,,1.0,1.0,1.0,,0.0,0.0,0.0,0.0,1.0,0.0,0.0,0.0,1.0,0.0,1.0,0.0,1.0,1.0,1.0,0.0,0.0,0.0,0.0,0.0,0.0,1.0,0.0,,,0.0,0.0,0.0,1.0,0.0,1.0,,0.0,0.0,1.0,0.0,1.0,1.0,0.0,0.0,0.0,0.0,0.0,0.0,0.0,0.0,1.0,1.0,0.0,1.0,0.0,0.0,0.0,1.0,1.0,0.0,1.0,1.0,1.0,0.0,0.0,1.0,0.0,1.0,0.0,0.0,0.0,1.0,0.0,1.0,0.0,0.0,,0.0,1.0,1.0,0.0,1.0,1.0,0.0,0.0,1.0,0.0,0.0,0.0,1.0,0.0,0.0,1.0,1.0,,1.0,1.0,1.0,1.0,,,1.0,0.0,0.0,0.0,0.0,0.0,,1.0,0.0,0.0
Daniela do Waguinho,0.0,0.0,1.0,0.0,,1.0,1.0,1.0,0.0,1.0,,1.0,1.0,0.0,1.0,1.0,,0.0,,0.0,0.0,0.0,0.0,1.0,,1.0,0.0,1.0,0.0,1.0,0.0,1.0,0.0,0.0,0.0,0.0,1.0,1.0,0.0,1.0,0.0,1.0,0.0,1.0,0.0,1.0,0.0,1.0,1.0,0.0,0.0,1.0,0.0,1.0,1.0,0.0,0.0,1.0,,1.0,1.0,1.0,1.0,0.0,0.0,1.0,0.0,1.0,0.0,0.0,0.0,0.0,0.0,1.0,0.0,1.0,1.0,0.0,1.0,1.0,1.0,,1.0,0.0,0.0,1.0,1.0,1.0,,1.0,1.0,1.0,,0.0,1.0,,1.0,1.0,0.0,0.0,0.0,1.0,1.0,1.0,1.0,1.0,0.0,0.0,1.0,1.0,1.0,0.0,0.0,1.0,1.0,1.0,0.0,0.0,0.0,0.0,1.0,0.0,0.0,0.0,0.0,1.0,1.0,1.0,1.0,1.0,1.0,0.0,0.0,0.0,0.0,1.0,1.0,1.0,1.0,0.0,,,1.0,0.0,1.0,1.0,0.0,1.0,1.0,0.0,0.0,,1.0,0.0,0.0,,1.0,,1.0,1.0,0.0,0.0,1.0,0.0,1.0,0.0,0.0,,1.0,,1.0,,0.0,1.0,0.0,0.0,1.0,1.0,1.0,1.0,1.0,1.0,0.0,1.0,1.0,1.0,1.0,1.0,1.0,1.0,0.0,1.0,0.0,1.0,0.0,0.0,0.0,0.0,1.0,1.0,0.0,1.0,0.0,,0.0,0.0,,0.0,1.0,0.0,0.0,,1.0,1.0,0.0,0.0,1.0,0.0,0.0,1.0,0.0,1.0,1.0,0.0,1.0,1.0,1.0,1.0,1.0,0.0,0.0,0.0,0.0,1.0,1.0,1.0,0.0,1.0,0.0,0.0,1.0,0.0,0.0,0.0,1.0,1.0,0.0,0.0,0.0,1.0,1.0,1.0,1.0,0.0,0.0,1.0,0.0,1.0,0.0,1.0,1.0,1.0,1.0,1.0,1.0,1.0,1.0,,,0.0,1.0,0.0,0.0,0.0,0.0,1.0,1.0,0.0,1.0,0.0,1.0,1.0,1.0,1.0,0.0,0.0,0.0,0.0,1.0,1.0,1.0,0.0,0.0,0.0,1.0,1.0,1.0,0.0,1.0,0.0,0.0,1.0,0.0,1.0,,0.0,0.0,1.0,,0.0,0.0,0.0,1.0,,,,0.0,1.0,0.0,1.0,0.0,1.0,1.0,0.0,1.0,1.0,1.0,1.0,1.0,1.0,1.0,1.0,0.0,0.0,,,,,0.0,0.0,0.0,0.0,1.0,1.0,0.0,0.0,1.0,0.0,1.0,0.0,0.0,1.0,1.0,1.0,,0.0,0.0,1.0,,0.0,0.0,0.0,0.0,1.0,0.0,0.0,,,0.0,1.0,1.0,0.0,0.0,1.0,1.0,0.0,1.0,0.0,0.0,1.0,0.0,0.0,0.0,,,0.0,1.0,0.0,0.0,1.0,1.0,1.0,1.0,0.0,1.0,1.0,1.0,0.0,0.0,0.0,0.0,0.0,1.0,0.0,0.0,0.0,1.0,0.0,1.0,0.0,0.0,1.0,1.0,1.0,1.0,0.0,0.0,1.0,0.0,1.0,,0.0,0.0,0.0,0.0,0.0,1.0,0.0,1.0,1.0,0.0,0.0,1.0,0.0,1.0,1.0,0.0,0.0,0.0,0.0,0.0,0.0,0.0,0.0,1.0,1.0,0.0,1.0,0.0,0.0,0.0,1.0,1.0,1.0,0.0,0.0,0.0,0.0,0.0,1.0,0.0,1.0,0.0,0.0,,,,,,,0.0,1.0,,1.0,0.0,1.0,1.0,,0.0,1.0,0.0,0.0,0.0,1.0,1.0,0.0,1.0,0.0,0.0,1.0,1.0,1.0,1.0,,,,,0.0,0.0,0.0,0.0,0.0,,0.0,0.0
Danilo Cabral,1.0,1.0,1.0,1.0,1.0,1.0,1.0,1.0,1.0,1.0,1.0,1.0,1.0,,1.0,1.0,1.0,0.0,1.0,0.0,1.0,0.0,0.0,1.0,,,,,,0.0,0.0,0.0,0.0,,,0.0,,1.0,,1.0,1.0,1.0,0.0,0.0,1.0,1.0,,,1.0,0.0,,1.0,,,,,,1.0,,1.0,1.0,1.0,,0.0,0.0,,1.0,,1.0,1.0,0.0,0.0,0.0,1.0,,1.0,,,,1.0,1.0,1.0,1.0,0.0,1.0,0.0,1.0,1.0,1.0,1.0,1.0,1.0,0.0,1.0,1.0,1.0,1.0,1.0,0.0,0.0,0.0,1.0,0.0,1.0,1.0,1.0,0.0,0.0,1.0,1.0,1.0,0.0,0.0,1.0,0.0,0.0,1.0,0.0,0.0,0.0,1.0,0.0,1.0,,1.0,0.0,0.0,1.0,1.0,,0.0,1.0,1.0,1.0,1.0,0.0,0.0,0.0,1.0,0.0,0.0,0.0,,1.0,0.0,1.0,,1.0,0.0,,,1.0,1.0,,,,,,,,,0.0,,0.0,0.0,0.0,1.0,0.0,1.0,,,0.0,1.0,,,,,,0.0,0.0,0.0,0.0,0.0,0.0,,0.0,0.0,0.0,0.0,,1.0,1.0,1.0,1.0,0.0,0.0,1.0,1.0,1.0,,0.0,1.0,,,1.0,1.0,1.0,1.0,0.0,1.0,1.0,1.0,0.0,1.0,1.0,,1.0,1.0,1.0,0.0,0.0,0.0,,1.0,0.0,0.0,0.0,0.0,0.0,1.0,1.0,1.0,,0.0,1.0,0.0,1.0,0.0,1.0,1.0,0.0,1.0,1.0,1.0,,0.0,1.0,1.0,1.0,,1.0,0.0,0.0,1.0,1.0,0.0,1.0,1.0,,1.0,,1.0,1.0,1.0,0.0,0.0,1.0,0.0,1.0,1.0,0.0,1.0,1.0,1.0,1.0,0.0,0.0,1.0,0.0,1.0,0.0,0.0,0.0,0.0,0.0,0.0,0.0,1.0,1.0,1.0,1.0,0.0,0.0,1.0,1.0,0.0,0.0,1.0,0.0,1.0,0.0,0.0,,,1.0,0.0,0.0,1.0,0.0,1.0,1.0,0.0,,0.0,0.0,0.0,1.0,1.0,1.0,0.0,1.0,1.0,1.0,1.0,1.0,0.0,0.0,1.0,1.0,1.0,1.0,0.0,0.0,,,1.0,0.0,1.0,,1.0,1.0,1.0,,1.0,0.0,0.0,0.0,1.0,1.0,,1.0,1.0,1.0,1.0,0.0,1.0,,,1.0,0.0,1.0,1.0,0.0,1.0,1.0,0.0,0.0,1.0,1.0,1.0,0.0,1.0,0.0,,,,0.0,1.0,1.0,,0.0,1.0,1.0,1.0,1.0,1.0,0.0,0.0,0.0,1.0,1.0,1.0,1.0,0.0,0.0,0.0,1.0,,,,,,1.0,1.0,,1.0,0.0,1.0,0.0,0.0,0.0,0.0,0.0,,,,1.0,1.0,,,,,,,,,,,0.0,0.0,1.0,1.0,0.0,1.0,0.0,0.0,1.0,,,,,,,,,,,,1.0,0.0,0.0,1.0,1.0,1.0,0.0,0.0,0.0,,1.0,1.0,1.0,1.0,1.0,,,0.0,0.0,0.0,1.0,1.0,0.0,1.0,1.0,0.0,1.0,,1.0,1.0,1.0,0.0,0.0,0.0,1.0,0.0,1.0,0.0,1.0,1.0,,1.0,,0.0,1.0,1.0,,0.0,1.0,0.0,0.0,1.0,,0.0,1.0,0.0,1.0
Danilo Forte,0.0,,1.0,0.0,1.0,1.0,,1.0,1.0,1.0,0.0,1.0,0.0,,0.0,,,,0.0,,,,0.0,1.0,,,,,,,,,,,,,,,,,,,,,,1.0,0.0,1.0,1.0,0.0,0.0,1.0,0.0,1.0,1.0,0.0,0.0,,,1.0,0.0,0.0,,,,1.0,1.0,,0.0,,,,,,,,,,,,,,,,,,,,1.0,1.0,1.0,1.0,,0.0,0.0,,1.0,1.0,0.0,0.0,0.0,1.0,,1.0,1.0,1.0,,0.0,0.0,1.0,0.0,0.0,0.0,,1.0,1.0,,1.0,,0.0,1.0,,,1.0,0.0,1.0,0.0,0.0,0.0,0.0,1.0,,1.0,,1.0,1.0,1.0,1.0,,,,,1.0,0.0,,,,,,,,,,,,,,,,,,,,,,,0.0,,,,1.0,0.0,,,,,,,,,,,,,,,,,,,,,,,,,,,,,0.0,,0.0,,,,,,,,,,1.0,0.0,0.0,,1.0,,,1.0,,0.0,,,,,,,,,,,,,,,,,,,,,1.0,,,,,,,,,,,,0.0,,,,,,,,,,,,,0.0,,,,1.0,0.0,0.0,0.0,,,,1.0,0.0,1.0,,,,,0.0,0.0,0.0,1.0,1.0,1.0,1.0,,0.0,0.0,1.0,,,,,0.0,,,1.0,1.0,0.0,0.0,,0.0,,0.0,,,1.0,1.0,1.0,,,,,,,,,,,,,,,,,0.0,0.0,,,,0.0,,,,,,,,,,,,,,,,1.0,1.0,0.0,,,,0.0,1.0,,0.0,1.0,0.0,0.0,,0.0,1.0,0.0,,,0.0,,,0.0,1.0,0.0,0.0,1.0,0.0,1.0,1.0,0.0,0.0,0.0,1.0,1.0,,1.0,1.0,1.0,1.0,,1.0,,1.0,,,,,,,,,,,,,,,,,,,,,,,,,,,,,,,,,,,,,,,,,,,,,,,,,,,,,0.0,,,1.0,1.0,0.0,0.0,0.0,0.0,0.0,1.0,,1.0,0.0,0.0,0.0,1.0,1.0,1.0,0.0,,0.0,0.0,1.0,1.0,0.0,1.0,1.0,0.0,,,,,0.0,1.0,,0.0,1.0,0.0,,,,1.0,1.0,0.0,,1.0,0.0,,0.0,,,,1.0,0.0,
Danrlei de Deus Hinterholz,0.0,0.0,1.0,0.0,,1.0,1.0,1.0,0.0,,1.0,1.0,,,,,,,,,,,0.0,,,1.0,,0.0,0.0,1.0,1.0,1.0,1.0,,0.0,0.0,1.0,1.0,,0.0,0.0,0.0,0.0,1.0,0.0,1.0,0.0,,1.0,0.0,0.0,,,,,,,,0.0,,,,1.0,0.0,1.0,,,0.0,,,0.0,,,1.0,,1.0,1.0,0.0,,,,1.0,1.0,0.0,,1.0,1.0,1.0,,,,,,,1.0,,,,,0.0,,0.0,1.0,0.0,0.0,1.0,0.0,1.0,0.0,0.0,0.0,1.0,1.0,1.0,,1.0,,,0.0,0.0,1.0,0.0,0.0,0.0,0.0,,0.0,0.0,1.0,0.0,1.0,0.0,,0.0,0.0,1.0,1.0,,1.0,,0.0,0.0,1.0,0.0,0.0,1.0,,1.0,,,,,1.0,0.0,0.0,0.0,1.0,,,,,,,,,,0.0,,1.0,,,0.0,1.0,1.0,,0.0,1.0,1.0,1.0,1.0,1.0,1.0,0.0,1.0,1.0,0.0,,,1.0,1.0,0.0,1.0,1.0,0.0,0.0,0.0,0.0,0.0,,,,1.0,,,0.0,0.0,0.0,0.0,1.0,0.0,,,1.0,1.0,0.0,,1.0,,0.0,1.0,0.0,1.0,,0.0,0.0,1.0,1.0,1.0,1.0,0.0,0.0,0.0,0.0,1.0,1.0,,0.0,1.0,0.0,0.0,1.0,0.0,0.0,1.0,0.0,,,0.0,1.0,1.0,1.0,1.0,1.0,0.0,0.0,0.0,0.0,,1.0,1.0,,1.0,1.0,0.0,1.0,1.0,,1.0,1.0,0.0,1.0,0.0,0.0,0.0,0.0,1.0,0.0,,1.0,0.0,1.0,1.0,1.0,1.0,0.0,0.0,0.0,0.0,,1.0,1.0,1.0,0.0,0.0,0.0,1.0,,,1.0,0.0,,0.0,0.0,,1.0,,,1.0,,0.0,0.0,0.0,1.0,,,1.0,,1.0,0.0,1.0,,,,,1.0,1.0,1.0,1.0,,,1.0,1.0,0.0,0.0,,,1.0,0.0,0.0,0.0,,0.0,1.0,1.0,0.0,,,0.0,1.0,0.0,0.0,1.0,1.0,0.0,1.0,0.0,0.0,,,,0.0,,,1.0,,,1.0,,0.0,1.0,1.0,0.0,0.0,1.0,,,1.0,1.0,0.0,1.0,0.0,0.0,0.0,0.0,0.0,,1.0,,0.0,1.0,1.0,,,0.0,1.0,1.0,1.0,0.0,0.0,0.0,,0.0,1.0,0.0,0.0,,1.0,0.0,1.0,1.0,1.0,1.0,1.0,,,0.0,,,1.0,1.0,0.0,,0.0,0.0,,,,0.0,1.0,1.0,,,,,,,,0.0,,,,0.0,,,1.0,1.0,,1.0,,1.0,0.0,0.0,,1.0,1.0,1.0,1.0,1.0,0.0,,,1.0,0.0,0.0,0.0,1.0,1.0,1.0,1.0,0.0,0.0,0.0,1.0,1.0,,1.0,0.0,,0.0,1.0,,,0.0,1.0,1.0,0.0,1.0,0.0,0.0,1.0,1.0,,1.0,0.0,0.0,1.0,0.0,,,0.0,,,,0.0,0.0
Darci de Matos,0.0,0.0,1.0,0.0,1.0,1.0,1.0,,,1.0,,1.0,0.0,1.0,0.0,1.0,0.0,1.0,0.0,0.0,1.0,,,0.0,0.0,1.0,0.0,1.0,0.0,1.0,,1.0,,0.0,0.0,0.0,1.0,1.0,0.0,0.0,0.0,1.0,0.0,1.0,1.0,1.0,0.0,1.0,1.0,0.0,0.0,1.0,0.0,1.0,1.0,0.0,0.0,1.0,0.0,1.0,1.0,1.0,1.0,0.0,0.0,1.0,1.0,1.0,0.0,0.0,0.0,,0.0,1.0,0.0,1.0,1.0,0.0,,1.0,1.0,1.0,1.0,0.0,0.0,1.0,,,1.0,1.0,1.0,1.0,1.0,0.0,0.0,1.0,1.0,1.0,,,,,,1.0,1.0,1.0,,0.0,1.0,1.0,1.0,0.0,0.0,,,,,,,,,,,,0.0,1.0,,0.0,0.0,0.0,1.0,0.0,0.0,0.0,0.0,1.0,1.0,1.0,1.0,0.0,0.0,0.0,1.0,0.0,1.0,1.0,0.0,1.0,1.0,0.0,0.0,1.0,1.0,0.0,0.0,0.0,1.0,0.0,1.0,1.0,0.0,0.0,,0.0,1.0,0.0,,,1.0,,,0.0,,1.0,,0.0,1.0,1.0,1.0,1.0,1.0,1.0,0.0,1.0,1.0,1.0,1.0,1.0,1.0,1.0,,1.0,0.0,,,0.0,0.0,0.0,1.0,1.0,,1.0,0.0,,0.0,0.0,0.0,0.0,1.0,0.0,0.0,0.0,1.0,1.0,0.0,0.0,,0.0,0.0,1.0,1.0,1.0,1.0,0.0,1.0,,1.0,1.0,1.0,0.0,,0.0,0.0,1.0,,1.0,0.0,1.0,0.0,0.0,,0.0,,,1.0,1.0,0.0,0.0,0.0,1.0,,1.0,1.0,0.0,0.0,0.0,0.0,1.0,,1.0,,,,,1.0,1.0,,1.0,1.0,0.0,1.0,0.0,0.0,0.0,0.0,1.0,,0.0,1.0,0.0,1.0,1.0,1.0,1.0,0.0,0.0,0.0,0.0,1.0,1.0,1.0,0.0,0.0,0.0,1.0,1.0,1.0,0.0,,0.0,1.0,,1.0,1.0,,,,,,,,,,,,,0.0,1.0,0.0,0.0,0.0,1.0,1.0,0.0,1.0,1.0,1.0,1.0,1.0,1.0,1.0,1.0,0.0,0.0,0.0,0.0,1.0,0.0,0.0,,0.0,0.0,,1.0,1.0,1.0,1.0,0.0,0.0,,0.0,0.0,,,,0.0,0.0,1.0,,,,,,,,,,,,,,,,1.0,1.0,0.0,,,,1.0,0.0,0.0,0.0,0.0,0.0,0.0,1.0,0.0,0.0,1.0,1.0,1.0,,,,,,,,,,,,,,,,,,,,,,,,,,,,,,,,,,,,,,,,,,,,,,,,,,,,,,,,,,,,,,,,,,,,,,,,,,,,,,,,,,,,,,,,,,,,,,,,,,,,,,,0.0,1.0,0.0,,,,,,,,
Darcísio Perondi,,,,,,,,,,,,,,,,,,,,,,,,,0.0,0.0,0.0,1.0,0.0,,0.0,1.0,0.0,0.0,0.0,0.0,1.0,0.0,0.0,0.0,0.0,,,,0.0,,,,,,,,,,,,,,,,,,1.0,,,,,1.0,,,0.0,0.0,0.0,1.0,0.0,1.0,,,,,1.0,1.0,,,0.0,1.0,,,,,,,,,,,,,,,,,,,,,,,,,,,,,,,,,,,,,,,,,,,,,,,,,,,,,,,,,,,,,,,,0.0,0.0,,1.0,0.0,,0.0,1.0,,,,,,,,,,,,,,,,,,,,,,,,,,,,,,,,,,,,,,,,,,1.0,1.0,,,,,,,,,,,,,,,,,,,,,,,,,,,,,,,,,,,,,,,,,,,,,,,,,,,,,,,,,,,,,,,,,,,,,,,,,,,,,,,,,,,,,,,,,,,,,,,,,,,,,,,,,,,,,,,,,,,,,,,,,,,,,,,,,,,,,,,,,,,,,,,,,,,,,,,,,,,,,,,,,,,,,,,,,,,,,,,,,,,,,,,,,,,,,,,,,,,,,,,,,,,,,,,,,,,,,,,,,,,,,,,,,,,,,,,,,,,,,,,,,,,,,,,,,,,,,,,,,,,,,,,,,,,,,,,,,,,,,,,,,,,,,,,,,,,,,,,,,,,,,,,,,
David Miranda,1.0,,1.0,1.0,1.0,1.0,1.0,1.0,1.0,1.0,,,1.0,0.0,1.0,1.0,1.0,0.0,1.0,1.0,,0.0,,1.0,,1.0,1.0,0.0,1.0,0.0,,,,,,,,1.0,,1.0,1.0,,,,,0.0,0.0,1.0,,,,,0.0,1.0,1.0,0.0,0.0,0.0,,1.0,0.0,0.0,,,,0.0,1.0,1.0,,0.0,,,,,,,0.0,1.0,,1.0,,1.0,1.0,0.0,1.0,,1.0,1.0,1.0,0.0,0.0,0.0,0.0,1.0,1.0,,,1.0,0.0,0.0,0.0,1.0,,,,,,,,,,,,0.0,0.0,0.0,1.0,0.0,1.0,1.0,0.0,1.0,1.0,0.0,1.0,0.0,0.0,0.0,1.0,1.0,0.0,1.0,1.0,1.0,1.0,0.0,0.0,0.0,1.0,0.0,0.0,0.0,1.0,0.0,,1.0,0.0,,0.0,,,,,,,,0.0,,,,,,,,,,1.0,,1.0,1.0,1.0,0.0,,,,,,,0.0,0.0,0.0,0.0,0.0,0.0,0.0,0.0,0.0,,0.0,0.0,1.0,0.0,1.0,0.0,1.0,0.0,1.0,1.0,,0.0,1.0,1.0,,,1.0,1.0,,1.0,0.0,1.0,1.0,1.0,0.0,1.0,1.0,,0.0,1.0,1.0,0.0,0.0,0.0,0.0,1.0,0.0,0.0,0.0,0.0,0.0,1.0,1.0,,1.0,0.0,,0.0,1.0,0.0,1.0,1.0,1.0,1.0,1.0,1.0,0.0,0.0,1.0,1.0,1.0,,1.0,,0.0,1.0,1.0,0.0,1.0,1.0,,1.0,0.0,1.0,0.0,0.0,0.0,0.0,0.0,1.0,0.0,1.0,0.0,1.0,1.0,1.0,1.0,0.0,0.0,1.0,0.0,1.0,0.0,0.0,,0.0,,,,,,,0.0,,,1.0,0.0,0.0,,0.0,0.0,1.0,0.0,1.0,1.0,1.0,,1.0,,0.0,0.0,1.0,1.0,1.0,,0.0,0.0,0.0,1.0,1.0,1.0,0.0,1.0,0.0,0.0,1.0,1.0,0.0,0.0,,1.0,0.0,0.0,0.0,1.0,1.0,1.0,1.0,0.0,1.0,1.0,1.0,1.0,1.0,,0.0,0.0,0.0,0.0,1.0,1.0,0.0,1.0,1.0,,1.0,0.0,1.0,,0.0,1.0,0.0,1.0,0.0,0.0,0.0,1.0,0.0,0.0,0.0,1.0,0.0,,,0.0,1.0,0.0,1.0,1.0,1.0,,0.0,1.0,1.0,1.0,1.0,1.0,0.0,1.0,1.0,1.0,1.0,1.0,1.0,1.0,1.0,1.0,0.0,,,,,,,1.0,1.0,,1.0,0.0,1.0,0.0,0.0,,,,,,,,1.0,1.0,0.0,,,,,,,,,,0.0,,1.0,,,,,1.0,,,,,,,,,,,,1.0,0.0,0.0,,1.0,1.0,0.0,0.0,0.0,0.0,1.0,0.0,1.0,1.0,1.0,,,0.0,0.0,0.0,,1.0,0.0,1.0,1.0,0.0,,1.0,1.0,,1.0,0.0,1.0,1.0,1.0,0.0,0.0,,0.0,1.0,0.0,0.0,0.0,0.0,1.0,1.0,1.0,0.0,1.0,0.0,0.0,0.0,,0.0,1.0,0.0,1.0
David Soares,0.0,0.0,1.0,0.0,1.0,1.0,1.0,,0.0,,0.0,1.0,,,,,,,,,,,0.0,1.0,0.0,0.0,1.0,0.0,0.0,1.0,0.0,,,,,,,,,,,0.0,0.0,,0.0,1.0,0.0,,,,,0.0,1.0,0.0,,1.0,1.0,,0.0,,,,,0.0,0.0,,,0.0,,0.0,,,,1.0,0.0,1.0,1.0,,,1.0,1.0,1.0,,,0.0,0.0,1.0,1.0,1.0,1.0,,1.0,,,0.0,1.0,,1.0,1.0,0.0,0.0,1.0,1.0,1.0,1.0,0.0,0.0,0.0,0.0,1.0,0.0,0.0,0.0,1.0,1.0,1.0,0.0,,0.0,0.0,1.0,0.0,0.0,0.0,0.0,1.0,0.0,0.0,0.0,0.0,1.0,0.0,1.0,0.0,0.0,1.0,1.0,1.0,1.0,,0.0,1.0,,0.0,0.0,1.0,,,1.0,,,1.0,1.0,0.0,0.0,0.0,1.0,,,,0.0,,,0.0,1.0,0.0,0.0,0.0,1.0,,,0.0,0.0,1.0,0.0,1.0,1.0,1.0,0.0,0.0,1.0,0.0,0.0,1.0,,0.0,1.0,1.0,1.0,1.0,,1.0,0.0,1.0,0.0,0.0,1.0,,1.0,1.0,,1.0,,,0.0,0.0,0.0,0.0,,0.0,1.0,0.0,1.0,0.0,0.0,0.0,1.0,0.0,0.0,1.0,1.0,1.0,1.0,0.0,1.0,1.0,1.0,1.0,1.0,0.0,0.0,0.0,0.0,1.0,,1.0,0.0,,0.0,0.0,1.0,0.0,0.0,,0.0,0.0,,0.0,0.0,1.0,1.0,1.0,1.0,0.0,0.0,0.0,0.0,1.0,0.0,1.0,1.0,1.0,1.0,1.0,1.0,1.0,,1.0,1.0,0.0,1.0,0.0,0.0,0.0,0.0,1.0,1.0,0.0,1.0,0.0,1.0,1.0,1.0,1.0,0.0,0.0,0.0,0.0,1.0,,1.0,0.0,0.0,0.0,1.0,1.0,,,1.0,0.0,1.0,1.0,1.0,1.0,1.0,0.0,0.0,,,,,0.0,1.0,1.0,1.0,1.0,0.0,1.0,0.0,1.0,0.0,1.0,1.0,0.0,0.0,1.0,1.0,1.0,1.0,1.0,1.0,1.0,0.0,0.0,0.0,0.0,1.0,0.0,,0.0,0.0,0.0,1.0,1.0,1.0,1.0,1.0,0.0,1.0,0.0,1.0,1.0,,1.0,1.0,0.0,0.0,1.0,1.0,0.0,0.0,0.0,0.0,1.0,0.0,1.0,1.0,1.0,0.0,1.0,1.0,,0.0,1.0,1.0,0.0,1.0,0.0,0.0,1.0,0.0,0.0,0.0,0.0,0.0,0.0,1.0,0.0,0.0,1.0,1.0,1.0,1.0,0.0,1.0,1.0,1.0,0.0,0.0,0.0,0.0,0.0,1.0,0.0,0.0,0.0,1.0,0.0,0.0,1.0,1.0,0.0,1.0,0.0,1.0,0.0,0.0,0.0,1.0,0.0,0.0,0.0,0.0,,0.0,0.0,,1.0,1.0,1.0,0.0,0.0,1.0,0.0,1.0,1.0,1.0,0.0,0.0,0.0,0.0,,,0.0,1.0,1.0,0.0,1.0,1.0,1.0,0.0,1.0,1.0,0.0,,1.0,0.0,0.0,0.0,1.0,0.0,0.0,0.0,0.0,0.0,,1.0,1.0,,,0.0,0.0,1.0,1.0,0.0,1.0,,0.0,0.0,1.0,0.0,0.0,0.0,,1.0,0.0,1.0,0.0,,1.0,1.0,1.0,1.0,,,1.0,0.0,1.0,1.0,0.0,0.0,0.0,,0.0,0.0
Delegado Antônio Furtado,0.0,,1.0,,1.0,1.0,1.0,1.0,0.0,1.0,0.0,1.0,0.0,1.0,0.0,1.0,,1.0,0.0,1.0,1.0,0.0,0.0,,0.0,,0.0,0.0,1.0,,0.0,1.0,0.0,0.0,0.0,0.0,1.0,1.0,0.0,0.0,0.0,1.0,0.0,1.0,0.0,1.0,0.0,1.0,,,,,1.0,,0.0,1.0,,,0.0,1.0,1.0,1.0,1.0,0.0,0.0,1.0,0.0,0.0,0.0,0.0,0.0,0.0,0.0,,0.0,0.0,0.0,1.0,0.0,1.0,0.0,1.0,1.0,0.0,0.0,1.0,,,1.0,1.0,1.0,1.0,1.0,0.0,0.0,1.0,1.0,1.0,,0.0,0.0,,1.0,0.0,0.0,0.0,0.0,0.0,0.0,0.0,1.0,1.0,1.0,,1.0,1.0,0.0,0.0,0.0,0.0,1.0,0.0,0.0,0.0,0.0,1.0,0.0,,0.0,,1.0,0.0,0.0,0.0,0.0,1.0,,1.0,1.0,,,0.0,1.0,0.0,0.0,1.0,0.0,1.0,1.0,0.0,0.0,1.0,,0.0,,0.0,,0.0,,1.0,0.0,,1.0,,1.0,0.0,0.0,0.0,1.0,1.0,1.0,0.0,0.0,1.0,0.0,,1.0,1.0,1.0,1.0,,1.0,1.0,1.0,1.0,1.0,1.0,1.0,0.0,,1.0,,1.0,0.0,,0.0,,0.0,1.0,0.0,0.0,1.0,0.0,,,1.0,1.0,1.0,,0.0,1.0,,1.0,1.0,,,1.0,0.0,0.0,1.0,,,,0.0,1.0,,1.0,1.0,1.0,0.0,,,0.0,1.0,1.0,1.0,,,0.0,0.0,1.0,0.0,1.0,1.0,0.0,0.0,0.0,0.0,0.0,1.0,,,0.0,0.0,1.0,1.0,,,,1.0,,1.0,,1.0,1.0,,1.0,0.0,1.0,,0.0,,0.0,0.0,,1.0,0.0,0.0,0.0,,1.0,1.0,1.0,1.0,0.0,0.0,0.0,0.0,1.0,1.0,1.0,0.0,0.0,,1.0,,,,1.0,,,1.0,0.0,1.0,1.0,,,,,0.0,,0.0,,1.0,1.0,,0.0,1.0,,1.0,1.0,1.0,1.0,0.0,1.0,1.0,0.0,1.0,1.0,1.0,1.0,,0.0,0.0,0.0,0.0,,,0.0,,0.0,,,1.0,0.0,,0.0,1.0,1.0,,0.0,1.0,1.0,1.0,1.0,0.0,0.0,,0.0,0.0,0.0,0.0,0.0,,0.0,0.0,,1.0,0.0,,1.0,,0.0,1.0,,0.0,1.0,0.0,0.0,,0.0,,,,,0.0,1.0,,0.0,1.0,1.0,1.0,1.0,0.0,,1.0,1.0,0.0,0.0,0.0,0.0,0.0,1.0,0.0,0.0,0.0,,0.0,1.0,,1.0,1.0,1.0,0.0,,0.0,,,1.0,,,0.0,0.0,0.0,0.0,0.0,1.0,0.0,1.0,,0.0,,1.0,,,1.0,,0.0,0.0,0.0,0.0,0.0,0.0,0.0,1.0,1.0,0.0,1.0,,0.0,0.0,0.0,1.0,1.0,0.0,,1.0,1.0,0.0,1.0,0.0,1.0,0.0,0.0,0.0,1.0,,,,,0.0,0.0,0.0,0.0,0.0,,1.0,0.0,,1.0,0.0,0.0,0.0,1.0,1.0,0.0,1.0,0.0,,1.0,0.0,1.0,1.0,,0.0,1.0,0.0,0.0,0.0,0.0,0.0,0.0,1.0,,
Delegado Marcelo Freitas,0.0,0.0,1.0,0.0,1.0,1.0,1.0,,,1.0,0.0,1.0,0.0,1.0,,,,,0.0,1.0,1.0,0.0,0.0,0.0,0.0,0.0,0.0,0.0,1.0,1.0,0.0,1.0,0.0,0.0,0.0,0.0,1.0,0.0,0.0,0.0,0.0,0.0,0.0,1.0,0.0,1.0,0.0,1.0,1.0,0.0,0.0,1.0,1.0,0.0,0.0,1.0,1.0,1.0,,1.0,,,1.0,0.0,0.0,1.0,1.0,0.0,0.0,0.0,0.0,0.0,,1.0,,1.0,,,,1.0,1.0,1.0,1.0,0.0,0.0,1.0,1.0,1.0,1.0,1.0,1.0,1.0,1.0,0.0,0.0,,1.0,1.0,0.0,0.0,0.0,0.0,1.0,1.0,0.0,1.0,0.0,0.0,1.0,1.0,1.0,0.0,0.0,1.0,1.0,1.0,0.0,0.0,0.0,0.0,1.0,0.0,0.0,0.0,0.0,1.0,0.0,0.0,0.0,0.0,1.0,0.0,0.0,0.0,0.0,1.0,1.0,1.0,1.0,0.0,0.0,0.0,1.0,0.0,0.0,1.0,0.0,1.0,1.0,0.0,0.0,,1.0,0.0,0.0,0.0,1.0,0.0,1.0,1.0,0.0,0.0,1.0,0.0,1.0,0.0,0.0,0.0,1.0,1.0,1.0,0.0,0.0,1.0,0.0,0.0,1.0,1.0,1.0,1.0,1.0,1.0,1.0,1.0,1.0,1.0,1.0,1.0,1.0,1.0,1.0,0.0,0.0,0.0,0.0,0.0,0.0,0.0,1.0,0.0,0.0,,0.0,,1.0,1.0,1.0,1.0,1.0,0.0,0.0,0.0,1.0,1.0,0.0,0.0,1.0,0.0,0.0,1.0,1.0,1.0,1.0,0.0,1.0,1.0,1.0,1.0,1.0,0.0,0.0,0.0,0.0,1.0,1.0,1.0,0.0,1.0,0.0,0.0,1.0,0.0,0.0,0.0,1.0,1.0,0.0,0.0,0.0,1.0,1.0,1.0,0.0,0.0,0.0,1.0,0.0,0.0,0.0,1.0,1.0,1.0,1.0,1.0,1.0,1.0,1.0,0.0,1.0,0.0,0.0,0.0,0.0,0.0,0.0,1.0,0.0,0.0,1.0,0.0,1.0,1.0,1.0,1.0,0.0,0.0,0.0,0.0,1.0,1.0,1.0,0.0,0.0,0.0,1.0,1.0,1.0,0.0,1.0,0.0,1.0,1.0,0.0,1.0,1.0,0.0,0.0,1.0,1.0,0.0,0.0,0.0,1.0,1.0,1.0,1.0,0.0,1.0,0.0,1.0,0.0,1.0,1.0,0.0,1.0,1.0,0.0,1.0,1.0,1.0,1.0,1.0,0.0,0.0,0.0,0.0,1.0,0.0,0.0,0.0,0.0,0.0,1.0,1.0,0.0,1.0,1.0,0.0,1.0,0.0,0.0,1.0,1.0,1.0,1.0,0.0,0.0,1.0,0.0,0.0,0.0,0.0,0.0,1.0,0.0,0.0,1.0,1.0,0.0,1.0,1.0,0.0,0.0,1.0,1.0,0.0,1.0,0.0,0.0,0.0,0.0,0.0,0.0,1.0,0.0,0.0,1.0,0.0,0.0,1.0,1.0,1.0,1.0,0.0,1.0,1.0,1.0,0.0,0.0,0.0,0.0,0.0,1.0,0.0,0.0,0.0,1.0,0.0,1.0,1.0,1.0,1.0,1.0,0.0,1.0,0.0,0.0,1.0,1.0,1.0,0.0,0.0,0.0,0.0,0.0,0.0,1.0,0.0,1.0,1.0,0.0,0.0,1.0,0.0,1.0,1.0,0.0,,0.0,0.0,0.0,0.0,0.0,0.0,1.0,1.0,0.0,1.0,0.0,1.0,0.0,0.0,1.0,0.0,1.0,1.0,1.0,1.0,0.0,1.0,0.0,1.0,0.0,0.0,,1.0,1.0,1.0,1.0,0.0,0.0,0.0,0.0,1.0,0.0,1.0,1.0,0.0,0.0,1.0,0.0,,0.0,1.0,1.0,0.0,1.0,0.0,0.0,1.0,1.0,1.0,1.0,0.0,0.0,1.0,0.0,0.0,0.0,0.0,0.0,0.0,1.0,0.0,0.0
Delegado Pablo,0.0,0.0,1.0,,,1.0,1.0,1.0,0.0,1.0,0.0,1.0,0.0,1.0,0.0,1.0,0.0,1.0,0.0,1.0,1.0,0.0,0.0,0.0,0.0,0.0,0.0,0.0,1.0,,0.0,1.0,0.0,0.0,0.0,0.0,1.0,0.0,0.0,0.0,0.0,0.0,0.0,1.0,0.0,,,,,0.0,0.0,1.0,1.0,0.0,0.0,1.0,,1.0,,1.0,,,,,0.0,1.0,,0.0,0.0,,0.0,0.0,0.0,1.0,,1.0,,,,1.0,1.0,1.0,1.0,0.0,0.0,1.0,1.0,,1.0,1.0,,1.0,1.0,0.0,0.0,1.0,,1.0,0.0,,0.0,0.0,1.0,0.0,0.0,1.0,,0.0,1.0,,1.0,,,1.0,,1.0,,,,0.0,1.0,0.0,0.0,0.0,0.0,1.0,0.0,0.0,0.0,0.0,1.0,0.0,0.0,0.0,0.0,1.0,1.0,1.0,1.0,0.0,0.0,0.0,1.0,0.0,1.0,1.0,0.0,,1.0,0.0,0.0,1.0,1.0,0.0,0.0,0.0,,0.0,1.0,1.0,,0.0,1.0,0.0,,0.0,0.0,,1.0,1.0,1.0,0.0,,1.0,,,1.0,1.0,1.0,1.0,1.0,1.0,1.0,1.0,1.0,,1.0,1.0,1.0,1.0,,1.0,0.0,1.0,,0.0,,,1.0,0.0,,1.0,0.0,,,1.0,,,0.0,,1.0,1.0,1.0,1.0,0.0,0.0,1.0,0.0,,,,,1.0,0.0,1.0,1.0,1.0,1.0,1.0,0.0,0.0,0.0,0.0,1.0,1.0,1.0,0.0,1.0,0.0,0.0,1.0,,0.0,0.0,1.0,1.0,0.0,,0.0,,,1.0,0.0,0.0,0.0,1.0,0.0,,0.0,1.0,1.0,1.0,1.0,1.0,,1.0,1.0,0.0,1.0,0.0,,,0.0,0.0,0.0,1.0,,,1.0,0.0,1.0,1.0,1.0,1.0,0.0,0.0,0.0,0.0,1.0,1.0,1.0,0.0,,0.0,1.0,,1.0,,,0.0,1.0,,0.0,,1.0,0.0,0.0,1.0,1.0,,0.0,0.0,1.0,1.0,1.0,1.0,0.0,1.0,0.0,1.0,0.0,1.0,1.0,,1.0,1.0,0.0,1.0,1.0,1.0,1.0,1.0,0.0,0.0,,,,0.0,0.0,,0.0,0.0,1.0,1.0,0.0,1.0,1.0,0.0,1.0,,0.0,1.0,,,1.0,0.0,0.0,1.0,,0.0,0.0,0.0,0.0,1.0,0.0,0.0,1.0,1.0,0.0,1.0,1.0,0.0,0.0,1.0,1.0,0.0,1.0,,0.0,1.0,,0.0,0.0,1.0,0.0,0.0,1.0,0.0,0.0,1.0,,1.0,1.0,0.0,,1.0,,0.0,0.0,0.0,0.0,0.0,1.0,0.0,,0.0,1.0,0.0,1.0,1.0,1.0,0.0,1.0,0.0,1.0,0.0,0.0,,1.0,1.0,0.0,0.0,,,,0.0,1.0,0.0,1.0,,0.0,0.0,1.0,,1.0,,0.0,0.0,0.0,0.0,0.0,,0.0,0.0,1.0,1.0,0.0,1.0,0.0,,,,1.0,0.0,1.0,1.0,,,0.0,1.0,0.0,1.0,0.0,0.0,,1.0,,1.0,0.0,0.0,,0.0,0.0,1.0,0.0,1.0,1.0,0.0,0.0,1.0,,0.0,0.0,1.0,1.0,0.0,1.0,0.0,0.0,1.0,1.0,1.0,1.0,0.0,0.0,1.0,,,0.0,,0.0,0.0,1.0,0.0,0.0
Delegado Waldir,,0.0,1.0,1.0,1.0,,1.0,1.0,0.0,,0.0,1.0,1.0,0.0,0.0,1.0,0.0,1.0,1.0,0.0,1.0,,0.0,0.0,,0.0,0.0,0.0,1.0,,,1.0,,,0.0,,,0.0,,,,,,1.0,,1.0,0.0,1.0,,,,,1.0,1.0,1.0,0.0,0.0,1.0,,1.0,0.0,0.0,,,,1.0,,0.0,0.0,0.0,,0.0,,,,,,,,1.0,,1.0,1.0,0.0,0.0,1.0,1.0,1.0,1.0,1.0,1.0,1.0,1.0,0.0,1.0,1.0,1.0,1.0,,0.0,0.0,0.0,1.0,1.0,1.0,1.0,0.0,0.0,1.0,1.0,1.0,0.0,0.0,1.0,1.0,1.0,0.0,0.0,0.0,0.0,1.0,0.0,0.0,0.0,,1.0,0.0,0.0,0.0,,1.0,0.0,0.0,0.0,0.0,1.0,1.0,1.0,0.0,0.0,0.0,1.0,1.0,0.0,1.0,1.0,0.0,1.0,1.0,0.0,0.0,,1.0,,1.0,0.0,1.0,0.0,1.0,1.0,0.0,0.0,1.0,0.0,1.0,0.0,0.0,0.0,1.0,1.0,1.0,0.0,0.0,1.0,0.0,0.0,1.0,1.0,0.0,0.0,1.0,1.0,1.0,1.0,1.0,1.0,1.0,1.0,1.0,1.0,1.0,0.0,1.0,0.0,0.0,0.0,0.0,0.0,1.0,0.0,0.0,1.0,0.0,,1.0,1.0,1.0,,1.0,1.0,1.0,1.0,1.0,1.0,0.0,0.0,1.0,0.0,0.0,1.0,1.0,1.0,1.0,0.0,1.0,1.0,1.0,1.0,1.0,0.0,0.0,,0.0,1.0,1.0,1.0,,1.0,,0.0,1.0,0.0,0.0,1.0,1.0,1.0,0.0,0.0,1.0,1.0,1.0,1.0,0.0,0.0,0.0,0.0,0.0,0.0,0.0,1.0,1.0,1.0,1.0,,1.0,1.0,1.0,0.0,1.0,0.0,0.0,0.0,0.0,0.0,0.0,1.0,,0.0,1.0,0.0,1.0,1.0,1.0,1.0,0.0,0.0,,0.0,1.0,1.0,1.0,0.0,,0.0,0.0,1.0,0.0,0.0,1.0,0.0,1.0,0.0,0.0,0.0,0.0,0.0,,1.0,1.0,0.0,0.0,0.0,1.0,,1.0,1.0,0.0,1.0,0.0,1.0,0.0,1.0,1.0,1.0,1.0,1.0,0.0,1.0,1.0,1.0,0.0,1.0,0.0,0.0,0.0,0.0,1.0,0.0,1.0,1.0,1.0,1.0,,0.0,0.0,0.0,0.0,1.0,1.0,0.0,1.0,1.0,0.0,1.0,1.0,0.0,,,0.0,1.0,0.0,0.0,0.0,1.0,0.0,0.0,1.0,1.0,0.0,1.0,1.0,0.0,0.0,,1.0,0.0,1.0,0.0,0.0,1.0,0.0,0.0,0.0,1.0,0.0,0.0,1.0,1.0,1.0,1.0,1.0,1.0,1.0,0.0,1.0,1.0,1.0,0.0,0.0,0.0,0.0,0.0,1.0,0.0,0.0,0.0,1.0,0.0,1.0,1.0,1.0,1.0,1.0,0.0,1.0,0.0,0.0,0.0,0.0,1.0,0.0,0.0,0.0,0.0,0.0,0.0,1.0,0.0,1.0,1.0,1.0,0.0,1.0,0.0,1.0,1.0,0.0,0.0,,0.0,0.0,0.0,0.0,0.0,1.0,1.0,0.0,1.0,,1.0,0.0,0.0,1.0,0.0,1.0,1.0,1.0,1.0,0.0,1.0,0.0,1.0,0.0,0.0,0.0,1.0,1.0,1.0,0.0,0.0,0.0,0.0,0.0,1.0,0.0,1.0,1.0,0.0,0.0,1.0,0.0,0.0,0.0,1.0,1.0,0.0,1.0,0.0,0.0,1.0,1.0,1.0,1.0,0.0,0.0,1.0,0.0,0.0,0.0,,0.0,0.0,1.0,0.0,0.0
Delegado Éder Mauro,0.0,0.0,1.0,0.0,1.0,1.0,0.0,1.0,0.0,1.0,0.0,1.0,0.0,,0.0,1.0,0.0,,,,,0.0,,,0.0,0.0,0.0,0.0,1.0,1.0,,1.0,0.0,,0.0,0.0,1.0,,0.0,0.0,0.0,0.0,0.0,1.0,0.0,1.0,0.0,1.0,1.0,0.0,,1.0,,0.0,0.0,1.0,1.0,1.0,,0.0,1.0,1.0,,,0.0,1.0,,0.0,,,0.0,0.0,0.0,1.0,0.0,1.0,1.0,0.0,1.0,1.0,1.0,,1.0,0.0,0.0,1.0,1.0,1.0,,1.0,1.0,1.0,,0.0,0.0,,1.0,1.0,0.0,,,0.0,1.0,0.0,0.0,0.0,,1.0,0.0,0.0,0.0,1.0,1.0,1.0,1.0,1.0,0.0,0.0,0.0,0.0,1.0,0.0,0.0,0.0,0.0,1.0,1.0,,0.0,,,0.0,0.0,0.0,0.0,1.0,1.0,1.0,0.0,0.0,0.0,0.0,1.0,,1.0,,0.0,1.0,1.0,,,,,0.0,0.0,0.0,1.0,,,,0.0,0.0,1.0,0.0,1.0,0.0,0.0,0.0,,1.0,1.0,0.0,,1.0,0.0,0.0,1.0,1.0,1.0,1.0,1.0,1.0,1.0,1.0,1.0,1.0,1.0,1.0,1.0,1.0,,1.0,0.0,1.0,0.0,0.0,0.0,0.0,,,0.0,1.0,,,0.0,0.0,0.0,0.0,1.0,0.0,0.0,0.0,1.0,1.0,0.0,,1.0,0.0,0.0,1.0,1.0,1.0,1.0,,1.0,1.0,1.0,1.0,1.0,,0.0,,0.0,1.0,,1.0,0.0,1.0,0.0,0.0,1.0,,0.0,,,,0.0,0.0,0.0,,,,,,0.0,0.0,0.0,,,1.0,1.0,1.0,1.0,1.0,1.0,1.0,1.0,0.0,1.0,0.0,1.0,0.0,0.0,0.0,0.0,1.0,0.0,0.0,0.0,0.0,1.0,1.0,,1.0,0.0,0.0,0.0,0.0,1.0,1.0,1.0,0.0,0.0,,1.0,1.0,1.0,,,0.0,1.0,0.0,0.0,,1.0,0.0,,,,,0.0,0.0,1.0,1.0,1.0,1.0,,1.0,,1.0,,1.0,,0.0,1.0,,1.0,1.0,1.0,1.0,1.0,1.0,0.0,0.0,,,1.0,,0.0,0.0,0.0,0.0,,1.0,1.0,1.0,1.0,0.0,0.0,0.0,0.0,,1.0,0.0,,0.0,0.0,,,1.0,0.0,0.0,0.0,1.0,0.0,,,,,,,0.0,0.0,1.0,1.0,0.0,1.0,0.0,0.0,,,0.0,,,0.0,0.0,1.0,0.0,,1.0,1.0,1.0,1.0,,,1.0,1.0,0.0,0.0,0.0,0.0,0.0,,0.0,,0.0,,0.0,,,,,,,,0.0,,,,,0.0,,0.0,0.0,0.0,0.0,1.0,,1.0,,,0.0,1.0,,1.0,1.0,0.0,0.0,,,0.0,0.0,0.0,0.0,1.0,1.0,0.0,,0.0,1.0,0.0,0.0,1.0,0.0,0.0,1.0,1.0,1.0,,,0.0,0.0,0.0,0.0,0.0,1.0,,1.0,0.0,0.0,,,,,,,0.0,0.0,0.0,1.0,0.0,0.0,0.0,1.0,1.0,0.0,1.0,0.0,,1.0,1.0,1.0,1.0,,,1.0,0.0,,,0.0,,0.0,,,0.0
Denis Bezerra,1.0,,1.0,1.0,1.0,1.0,1.0,1.0,1.0,1.0,1.0,1.0,1.0,0.0,1.0,1.0,1.0,0.0,1.0,1.0,,0.0,0.0,1.0,0.0,1.0,1.0,0.0,1.0,0.0,1.0,0.0,1.0,1.0,1.0,1.0,0.0,1.0,0.0,1.0,1.0,1.0,0.0,0.0,0.0,1.0,0.0,,1.0,0.0,0.0,1.0,,,,,,,,1.0,,,,0.0,0.0,0.0,,1.0,0.0,1.0,0.0,0.0,0.0,1.0,0.0,1.0,1.0,0.0,,,1.0,1.0,,,1.0,0.0,1.0,1.0,1.0,,,,0.0,1.0,1.0,,1.0,1.0,,0.0,0.0,1.0,0.0,1.0,1.0,1.0,0.0,0.0,1.0,1.0,1.0,0.0,0.0,1.0,0.0,0.0,1.0,0.0,0.0,0.0,1.0,0.0,1.0,0.0,1.0,0.0,0.0,1.0,1.0,1.0,0.0,1.0,1.0,1.0,1.0,,0.0,0.0,1.0,0.0,0.0,0.0,1.0,1.0,0.0,1.0,0.0,1.0,0.0,,0.0,,1.0,0.0,0.0,0.0,1.0,,0.0,0.0,,0.0,0.0,0.0,0.0,0.0,1.0,0.0,1.0,1.0,1.0,0.0,,,,,,,0.0,0.0,0.0,0.0,0.0,0.0,0.0,0.0,0.0,0.0,0.0,0.0,1.0,0.0,1.0,1.0,0.0,0.0,1.0,1.0,1.0,0.0,0.0,1.0,,,1.0,1.0,1.0,1.0,0.0,1.0,1.0,1.0,0.0,1.0,1.0,0.0,1.0,1.0,1.0,0.0,0.0,0.0,0.0,1.0,0.0,0.0,0.0,0.0,0.0,1.0,1.0,1.0,1.0,0.0,1.0,0.0,1.0,0.0,1.0,1.0,0.0,1.0,1.0,1.0,1.0,0.0,1.0,1.0,1.0,1.0,1.0,0.0,0.0,1.0,1.0,0.0,1.0,1.0,0.0,1.0,0.0,1.0,1.0,1.0,0.0,0.0,1.0,0.0,1.0,1.0,0.0,1.0,1.0,1.0,,0.0,0.0,1.0,1.0,1.0,0.0,0.0,,,0.0,,0.0,0.0,1.0,1.0,1.0,0.0,0.0,1.0,1.0,0.0,,,0.0,1.0,0.0,0.0,0.0,1.0,1.0,,0.0,1.0,0.0,1.0,1.0,0.0,0.0,0.0,0.0,0.0,,1.0,1.0,0.0,1.0,1.0,1.0,1.0,1.0,0.0,0.0,1.0,1.0,1.0,1.0,0.0,0.0,0.0,,1.0,,1.0,0.0,1.0,1.0,1.0,1.0,1.0,0.0,0.0,0.0,1.0,1.0,0.0,1.0,1.0,1.0,1.0,,1.0,0.0,1.0,1.0,0.0,1.0,1.0,0.0,1.0,,0.0,0.0,1.0,1.0,0.0,0.0,0.0,0.0,,0.0,1.0,0.0,1.0,1.0,0.0,0.0,1.0,1.0,1.0,1.0,0.0,1.0,1.0,1.0,1.0,1.0,1.0,1.0,0.0,0.0,,,,,,,,1.0,1.0,,1.0,0.0,1.0,0.0,0.0,0.0,,,,,,1.0,1.0,1.0,0.0,,,,,,,,,0.0,0.0,1.0,1.0,0.0,1.0,0.0,0.0,1.0,1.0,,,,,,,,,,,1.0,0.0,0.0,1.0,1.0,1.0,0.0,0.0,0.0,0.0,1.0,1.0,1.0,1.0,1.0,1.0,1.0,0.0,0.0,0.0,1.0,1.0,0.0,1.0,1.0,0.0,1.0,1.0,1.0,1.0,1.0,0.0,0.0,0.0,1.0,0.0,1.0,0.0,1.0,1.0,0.0,1.0,0.0,,1.0,1.0,1.0,0.0,1.0,0.0,0.0,0.0,0.0,0.0,1.0,,1.0
Deuzinho Filho,,,1.0,1.0,1.0,1.0,1.0,,,,,,,,,,,,,,,,,,,,,,,,,,,,,,,,,,,,,,,,,,,,,,,,,,,,,,,,,,,,,,,,,,,,,,,,,,,,,,,,,,,,,,,,,,,,,,,,,,,,,,,,,,,,,,,,,,,,,,,,,,,,,,,,,,,,,,,,,,,,,,,,,,,,,,,,,,,,,,,,,,,,,0.0,,,,,,,,,,,,,,,,,,1.0,,,,,,,,,,,0.0,,,,,,,,,,,,1.0,,,0.0,1.0,0.0,0.0,1.0,1.0,1.0,,,,,,,,,,,,,,,,,,,,,,,,,,,,,,,,0.0,0.0,,,,,,,,,,,,,1.0,1.0,,,,0.0,,,,,,1.0,,1.0,1.0,0.0,0.0,0.0,0.0,0.0,,1.0,1.0,1.0,0.0,0.0,1.0,1.0,1.0,1.0,,,0.0,1.0,,,0.0,,,,,,,,,,,,,,,,,,,,,,,,,,,,,0.0,0.0,0.0,0.0,1.0,0.0,,,,,,,,,,,,,,,,1.0,,0.0,,1.0,0.0,0.0,,,,,,,,,,,,,0.0,1.0,1.0,0.0,,0.0,0.0,1.0,,0.0,,0.0,,,,,,,,,,0.0,,,1.0,,,,,,,,,,,,,,,,,,,,,,,,,,,,,,,,,,,,,,,,,,,,,,,,,,,,,,,,,,,,,,,,,,,,,,,,,,,,,,,,,,,,,,,,,,,,,,,,,,0.0,1.0,0.0,,,,,,,,
Diego Andrade,,,1.0,0.0,1.0,1.0,,,,1.0,,1.0,0.0,1.0,,,0.0,1.0,0.0,,1.0,,,,0.0,,0.0,1.0,1.0,,0.0,1.0,,0.0,0.0,0.0,1.0,,,0.0,0.0,0.0,0.0,1.0,,1.0,0.0,1.0,,,0.0,1.0,0.0,,,,,1.0,0.0,1.0,1.0,1.0,1.0,0.0,0.0,1.0,1.0,1.0,,,0.0,0.0,0.0,1.0,0.0,1.0,1.0,0.0,1.0,,1.0,1.0,1.0,0.0,0.0,1.0,1.0,1.0,,1.0,1.0,1.0,1.0,0.0,0.0,1.0,1.0,1.0,0.0,,,0.0,,1.0,1.0,1.0,,0.0,1.0,1.0,1.0,0.0,0.0,1.0,,,,,0.0,0.0,,,0.0,0.0,,1.0,0.0,0.0,0.0,0.0,1.0,0.0,0.0,0.0,0.0,,,1.0,1.0,,,0.0,1.0,,,1.0,0.0,,,0.0,,,,,0.0,,,,,1.0,0.0,,,,,,0.0,,1.0,,,0.0,0.0,,,,1.0,1.0,1.0,1.0,1.0,1.0,0.0,1.0,1.0,1.0,,,,,0.0,1.0,0.0,1.0,,0.0,,,1.0,1.0,,,0.0,,,0.0,0.0,0.0,,0.0,,0.0,,1.0,0.0,,1.0,0.0,0.0,,,1.0,1.0,,,,,1.0,,0.0,0.0,,,1.0,1.0,,0.0,1.0,0.0,0.0,1.0,0.0,0.0,0.0,1.0,1.0,0.0,0.0,0.0,,,,1.0,0.0,,0.0,,,,1.0,,,1.0,1.0,1.0,,1.0,,1.0,0.0,,0.0,,,,,0.0,0.0,,,,,,,,,,0.0,1.0,,1.0,,,,1.0,,,,,0.0,,,1.0,1.0,,0.0,0.0,1.0,0.0,0.0,0.0,0.0,,,1.0,1.0,,1.0,,,0.0,1.0,1.0,0.0,1.0,,,,1.0,1.0,1.0,1.0,0.0,0.0,,0.0,1.0,,0.0,,0.0,0.0,1.0,,,1.0,1.0,0.0,,,0.0,1.0,,0.0,,0.0,0.0,,0.0,1.0,0.0,,,1.0,0.0,0.0,1.0,,,,,,,1.0,1.0,0.0,,,,,0.0,,,0.0,0.0,0.0,1.0,0.0,0.0,,,1.0,,,1.0,1.0,1.0,,,0.0,0.0,0.0,1.0,0.0,,,1.0,0.0,1.0,1.0,,1.0,,,1.0,0.0,0.0,,,1.0,,,,,,,,,,1.0,0.0,0.0,1.0,0.0,1.0,,0.0,0.0,0.0,0.0,0.0,0.0,0.0,0.0,1.0,1.0,0.0,1.0,0.0,,,,,,1.0,,1.0,,0.0,1.0,,0.0,,0.0,0.0,,,1.0,,0.0,0.0,0.0,1.0,1.0,,,,0.0,0.0,1.0,,,0.0,,,,,0.0,,,,,1.0,,0.0,1.0,0.0,,,,,,,,
Diego Garcia,,0.0,1.0,0.0,1.0,1.0,0.0,1.0,0.0,0.0,0.0,1.0,1.0,0.0,1.0,1.0,1.0,0.0,1.0,1.0,,,,0.0,0.0,0.0,0.0,0.0,,1.0,1.0,0.0,,,,,1.0,1.0,1.0,1.0,1.0,0.0,0.0,0.0,,1.0,0.0,1.0,1.0,0.0,,1.0,,0.0,1.0,1.0,,1.0,,1.0,1.0,1.0,1.0,,,1.0,0.0,0.0,0.0,,0.0,0.0,0.0,1.0,0.0,1.0,1.0,0.0,1.0,1.0,1.0,1.0,1.0,0.0,1.0,0.0,1.0,0.0,1.0,,,0.0,1.0,0.0,0.0,,0.0,1.0,1.0,,,0.0,1.0,0.0,0.0,0.0,0.0,1.0,0.0,0.0,0.0,1.0,1.0,0.0,1.0,1.0,0.0,0.0,0.0,0.0,1.0,,,0.0,0.0,1.0,1.0,,0.0,,1.0,0.0,0.0,0.0,0.0,1.0,1.0,1.0,0.0,,0.0,0.0,1.0,0.0,0.0,1.0,,1.0,1.0,0.0,0.0,,1.0,0.0,0.0,0.0,1.0,0.0,1.0,1.0,,0.0,,,,0.0,0.0,0.0,1.0,,1.0,0.0,0.0,1.0,,,1.0,1.0,1.0,1.0,1.0,,1.0,1.0,1.0,,1.0,1.0,1.0,1.0,0.0,1.0,0.0,1.0,,,0.0,0.0,1.0,0.0,0.0,1.0,0.0,,,0.0,0.0,0.0,1.0,0.0,0.0,0.0,1.0,1.0,0.0,,1.0,0.0,0.0,1.0,1.0,1.0,1.0,0.0,1.0,,1.0,1.0,1.0,0.0,0.0,0.0,0.0,1.0,1.0,1.0,0.0,1.0,0.0,0.0,1.0,0.0,0.0,0.0,1.0,1.0,0.0,0.0,0.0,1.0,1.0,,,0.0,0.0,0.0,0.0,1.0,0.0,1.0,,1.0,1.0,0.0,1.0,1.0,1.0,0.0,1.0,0.0,1.0,0.0,0.0,0.0,0.0,1.0,,0.0,1.0,0.0,1.0,1.0,1.0,1.0,0.0,,0.0,0.0,1.0,1.0,1.0,0.0,0.0,0.0,1.0,1.0,1.0,0.0,1.0,0.0,1.0,0.0,0.0,0.0,1.0,,0.0,1.0,,,0.0,0.0,1.0,,1.0,,,1.0,0.0,1.0,0.0,1.0,1.0,0.0,1.0,1.0,1.0,1.0,,1.0,1.0,1.0,0.0,0.0,0.0,0.0,1.0,0.0,,0.0,0.0,0.0,1.0,1.0,1.0,1.0,1.0,0.0,0.0,0.0,0.0,,,0.0,1.0,0.0,0.0,,0.0,1.0,0.0,0.0,,1.0,0.0,0.0,1.0,1.0,0.0,1.0,1.0,0.0,0.0,1.0,1.0,,1.0,0.0,,0.0,0.0,0.0,,,0.0,1.0,1.0,,1.0,1.0,1.0,1.0,1.0,0.0,1.0,1.0,1.0,0.0,0.0,0.0,,0.0,,0.0,0.0,0.0,1.0,0.0,1.0,1.0,,1.0,1.0,0.0,1.0,0.0,,0.0,0.0,1.0,0.0,0.0,,0.0,0.0,0.0,,,1.0,1.0,0.0,,1.0,,1.0,1.0,0.0,0.0,0.0,,0.0,0.0,0.0,0.0,1.0,1.0,0.0,1.0,0.0,1.0,0.0,0.0,1.0,0.0,1.0,1.0,1.0,,0.0,1.0,0.0,1.0,,,,1.0,,,1.0,,,0.0,0.0,0.0,1.0,0.0,0.0,0.0,0.0,1.0,,0.0,0.0,1.0,1.0,0.0,1.0,0.0,0.0,1.0,1.0,,0.0,0.0,0.0,1.0,0.0,,,0.0,0.0,0.0,1.0,,0.0
Dimas Fabiano,0.0,,1.0,0.0,,1.0,1.0,1.0,0.0,1.0,,1.0,0.0,1.0,0.0,1.0,0.0,1.0,0.0,0.0,,0.0,0.0,1.0,0.0,,0.0,1.0,,1.0,,1.0,0.0,0.0,0.0,0.0,1.0,1.0,0.0,0.0,0.0,1.0,0.0,1.0,0.0,1.0,0.0,,1.0,0.0,0.0,1.0,0.0,1.0,1.0,0.0,0.0,1.0,,1.0,1.0,1.0,1.0,,0.0,1.0,1.0,1.0,0.0,0.0,,,,1.0,0.0,1.0,1.0,0.0,1.0,1.0,,1.0,1.0,0.0,0.0,1.0,1.0,1.0,1.0,1.0,1.0,1.0,1.0,0.0,,1.0,1.0,1.0,0.0,,,0.0,,,1.0,1.0,0.0,,1.0,1.0,1.0,,0.0,1.0,1.0,1.0,,0.0,0.0,0.0,1.0,0.0,0.0,0.0,0.0,1.0,0.0,0.0,0.0,0.0,1.0,0.0,0.0,0.0,0.0,1.0,1.0,1.0,1.0,,1.0,1.0,1.0,0.0,1.0,1.0,0.0,1.0,1.0,,0.0,,1.0,0.0,,0.0,1.0,0.0,1.0,1.0,,1.0,1.0,,1.0,0.0,0.0,0.0,1.0,,1.0,0.0,0.0,1.0,,0.0,1.0,1.0,1.0,1.0,1.0,1.0,0.0,1.0,1.0,1.0,1.0,1.0,1.0,1.0,0.0,1.0,0.0,1.0,,0.0,0.0,0.0,1.0,1.0,0.0,1.0,0.0,,,0.0,0.0,0.0,,0.0,0.0,0.0,1.0,1.0,0.0,,1.0,0.0,,1.0,1.0,1.0,1.0,0.0,1.0,1.0,1.0,1.0,1.0,0.0,0.0,,0.0,1.0,1.0,1.0,0.0,1.0,0.0,0.0,1.0,0.0,0.0,0.0,1.0,1.0,0.0,0.0,0.0,1.0,,1.0,1.0,0.0,0.0,1.0,,0.0,0.0,1.0,1.0,1.0,1.0,1.0,1.0,1.0,1.0,1.0,1.0,0.0,1.0,0.0,0.0,0.0,0.0,1.0,0.0,0.0,1.0,0.0,,1.0,,1.0,0.0,0.0,0.0,0.0,,1.0,1.0,0.0,0.0,0.0,1.0,1.0,1.0,0.0,,0.0,1.0,,1.0,0.0,1.0,0.0,,1.0,0.0,,0.0,0.0,1.0,1.0,1.0,,,1.0,0.0,1.0,0.0,1.0,1.0,0.0,1.0,1.0,1.0,1.0,1.0,1.0,1.0,1.0,0.0,0.0,0.0,0.0,1.0,0.0,0.0,,0.0,0.0,,1.0,0.0,1.0,1.0,0.0,0.0,,0.0,1.0,1.0,0.0,1.0,0.0,0.0,,0.0,1.0,0.0,,,,0.0,0.0,1.0,1.0,0.0,1.0,1.0,0.0,0.0,,1.0,0.0,1.0,0.0,0.0,0.0,0.0,0.0,0.0,0.0,0.0,0.0,0.0,0.0,0.0,1.0,1.0,1.0,,,1.0,,1.0,,0.0,0.0,0.0,,,0.0,0.0,0.0,1.0,0.0,1.0,1.0,,1.0,,0.0,1.0,,,,0.0,1.0,,,,,,,1.0,,1.0,,,,,,,,0.0,,,,0.0,0.0,0.0,,1.0,,,1.0,,,0.0,0.0,1.0,1.0,,1.0,1.0,,0.0,1.0,0.0,0.0,,,0.0,1.0,1.0,1.0,0.0,0.0,,,0.0,1.0,,,,0.0,,,,0.0,0.0,,1.0,0.0,1.0,1.0,0.0,1.0,1.0,,1.0,0.0,0.0,1.0,0.0,,,,,,,,0.0
Domingos Neto,0.0,,1.0,1.0,1.0,1.0,1.0,1.0,0.0,1.0,,1.0,0.0,,0.0,,0.0,1.0,,0.0,1.0,,0.0,,,,,,,,,1.0,0.0,0.0,0.0,0.0,1.0,1.0,0.0,1.0,0.0,1.0,0.0,1.0,,1.0,,1.0,1.0,0.0,0.0,,,,1.0,,0.0,1.0,,,1.0,,,,,,1.0,1.0,,0.0,,,0.0,1.0,,1.0,,,,1.0,1.0,,,,0.0,1.0,,,,1.0,,,1.0,0.0,1.0,,1.0,,0.0,,,0.0,1.0,1.0,1.0,1.0,,0.0,1.0,1.0,1.0,0.0,0.0,1.0,,1.0,0.0,,0.0,0.0,1.0,0.0,0.0,,0.0,1.0,0.0,0.0,0.0,0.0,1.0,0.0,0.0,0.0,0.0,1.0,1.0,1.0,1.0,,0.0,0.0,1.0,0.0,,,0.0,1.0,,,,1.0,,0.0,0.0,0.0,,,,,0.0,0.0,,,,,0.0,,1.0,,,,,1.0,,,1.0,,1.0,1.0,1.0,1.0,0.0,1.0,,,,,,,,1.0,0.0,1.0,,0.0,0.0,0.0,,1.0,0.0,1.0,0.0,,0.0,0.0,,0.0,1.0,,,,1.0,1.0,,,,0.0,0.0,,1.0,1.0,,,1.0,,,1.0,1.0,0.0,0.0,,0.0,,,,,1.0,0.0,,,,0.0,0.0,,1.0,,,0.0,,,,1.0,0.0,,0.0,0.0,,0.0,1.0,1.0,,,1.0,1.0,1.0,1.0,,,0.0,,0.0,,0.0,,1.0,,0.0,1.0,0.0,,,,,0.0,0.0,,0.0,1.0,1.0,,0.0,0.0,0.0,1.0,1.0,,,1.0,0.0,1.0,,1.0,,1.0,,0.0,1.0,0.0,0.0,0.0,0.0,1.0,1.0,1.0,1.0,0.0,,,,0.0,1.0,1.0,,1.0,,1.0,,1.0,1.0,,1.0,0.0,0.0,,,,,0.0,,0.0,0.0,,1.0,1.0,1.0,1.0,0.0,0.0,0.0,0.0,1.0,,,,0.0,0.0,1.0,,1.0,0.0,0.0,0.0,1.0,0.0,0.0,1.0,1.0,0.0,1.0,1.0,0.0,,1.0,,0.0,,,,,,0.0,0.0,,,0.0,1.0,0.0,,1.0,1.0,,1.0,,,,,,,,,,,,,,,,,,,,,,,,,,,,,,,,,,,,,,,,,,,,,,,,,,,,,,,,,,,,1.0,,,,,,0.0,1.0,,0.0,,0.0,,1.0,1.0,1.0,0.0,0.0,0.0,0.0,,,,1.0,0.0,0.0,0.0,,,,0.0,1.0,,,,,,,,,,,,,,,,,,,,,
Domingos Sávio,0.0,0.0,1.0,0.0,1.0,1.0,0.0,1.0,0.0,1.0,0.0,1.0,0.0,1.0,,1.0,0.0,0.0,0.0,0.0,1.0,1.0,1.0,,0.0,,,,,1.0,0.0,1.0,,,,0.0,1.0,,0.0,,0.0,,0.0,1.0,0.0,1.0,0.0,1.0,1.0,0.0,0.0,1.0,,1.0,1.0,0.0,,,,1.0,1.0,,1.0,0.0,,,1.0,1.0,,,0.0,,0.0,,,,1.0,0.0,1.0,1.0,1.0,1.0,1.0,0.0,,1.0,,1.0,,,1.0,1.0,0.0,0.0,0.0,1.0,1.0,1.0,,,,,1.0,0.0,0.0,0.0,0.0,1.0,0.0,0.0,0.0,1.0,1.0,1.0,1.0,,,1.0,0.0,0.0,,,,1.0,0.0,1.0,0.0,0.0,0.0,,1.0,1.0,1.0,0.0,,1.0,1.0,1.0,1.0,0.0,,0.0,1.0,0.0,0.0,1.0,0.0,1.0,1.0,0.0,0.0,,1.0,0.0,,0.0,,,,1.0,0.0,,,,,0.0,0.0,0.0,1.0,1.0,1.0,0.0,,1.0,0.0,,1.0,1.0,1.0,1.0,1.0,1.0,1.0,1.0,1.0,1.0,1.0,1.0,1.0,1.0,,1.0,0.0,1.0,0.0,0.0,0.0,0.0,1.0,0.0,0.0,1.0,0.0,,0.0,0.0,0.0,0.0,1.0,0.0,1.0,0.0,1.0,0.0,,,,0.0,0.0,1.0,0.0,0.0,1.0,0.0,1.0,1.0,1.0,1.0,1.0,0.0,0.0,,,1.0,1.0,1.0,0.0,1.0,0.0,0.0,1.0,0.0,1.0,0.0,0.0,1.0,0.0,0.0,,,1.0,1.0,1.0,1.0,0.0,1.0,0.0,,,1.0,1.0,,1.0,1.0,,1.0,1.0,0.0,1.0,1.0,1.0,1.0,0.0,0.0,0.0,1.0,0.0,0.0,1.0,0.0,1.0,1.0,1.0,,0.0,0.0,0.0,0.0,1.0,1.0,1.0,1.0,0.0,0.0,0.0,1.0,,1.0,1.0,0.0,0.0,,1.0,1.0,1.0,0.0,,1.0,0.0,0.0,0.0,0.0,1.0,,1.0,1.0,,1.0,0.0,1.0,0.0,1.0,1.0,0.0,1.0,1.0,1.0,1.0,1.0,1.0,1.0,1.0,0.0,0.0,0.0,0.0,1.0,0.0,0.0,0.0,0.0,,1.0,1.0,1.0,1.0,0.0,0.0,,,1.0,1.0,1.0,1.0,1.0,,,1.0,1.0,0.0,0.0,0.0,0.0,1.0,,0.0,1.0,,,1.0,,0.0,0.0,1.0,1.0,0.0,1.0,0.0,0.0,1.0,0.0,1.0,1.0,0.0,0.0,0.0,,0.0,1.0,1.0,1.0,1.0,,0.0,1.0,,1.0,0.0,0.0,0.0,0.0,0.0,1.0,0.0,0.0,0.0,1.0,0.0,1.0,0.0,,1.0,0.0,0.0,,0.0,0.0,0.0,0.0,1.0,0.0,,,0.0,0.0,,1.0,0.0,,1.0,,0.0,,0.0,1.0,,0.0,0.0,0.0,,0.0,,0.0,0.0,1.0,1.0,0.0,1.0,0.0,0.0,,1.0,1.0,1.0,1.0,1.0,1.0,,0.0,1.0,,1.0,0.0,,0.0,1.0,,1.0,,0.0,0.0,0.0,1.0,1.0,0.0,1.0,,0.0,0.0,,,,0.0,1.0,0.0,0.0,1.0,0.0,,1.0,1.0,,,0.0,0.0,1.0,0.0,0.0,0.0,0.0,0.0,0.0,1.0,0.0,
Doutor Luizinho,,,1.0,,,,1.0,1.0,,1.0,,,0.0,1.0,,,0.0,1.0,0.0,0.0,,0.0,,1.0,0.0,1.0,,1.0,0.0,,0.0,1.0,0.0,,0.0,0.0,1.0,1.0,0.0,0.0,0.0,1.0,0.0,1.0,0.0,1.0,0.0,1.0,,,0.0,1.0,0.0,,1.0,0.0,0.0,1.0,0.0,1.0,1.0,1.0,1.0,0.0,0.0,1.0,1.0,1.0,0.0,,0.0,0.0,0.0,1.0,0.0,1.0,1.0,0.0,1.0,1.0,1.0,1.0,1.0,0.0,0.0,1.0,1.0,1.0,1.0,,1.0,1.0,1.0,0.0,0.0,1.0,,,,,,0.0,1.0,1.0,1.0,1.0,0.0,0.0,1.0,1.0,1.0,0.0,,1.0,1.0,1.0,0.0,0.0,,,1.0,0.0,0.0,0.0,0.0,1.0,,0.0,0.0,0.0,1.0,0.0,1.0,0.0,0.0,1.0,,1.0,1.0,1.0,1.0,1.0,1.0,,,1.0,,1.0,1.0,,,,,,,,,0.0,1.0,1.0,,1.0,1.0,,,0.0,0.0,,1.0,1.0,1.0,0.0,0.0,1.0,,0.0,1.0,1.0,1.0,1.0,1.0,1.0,0.0,1.0,1.0,1.0,1.0,1.0,1.0,1.0,,1.0,0.0,1.0,0.0,,,,1.0,1.0,,1.0,,,0.0,0.0,0.0,0.0,,0.0,0.0,0.0,1.0,1.0,0.0,,1.0,0.0,0.0,,,1.0,1.0,0.0,1.0,1.0,1.0,1.0,1.0,,0.0,0.0,0.0,1.0,1.0,1.0,0.0,1.0,0.0,0.0,1.0,,0.0,0.0,1.0,,0.0,1.0,0.0,1.0,1.0,1.0,1.0,0.0,0.0,1.0,0.0,0.0,,1.0,1.0,1.0,,1.0,1.0,1.0,1.0,0.0,1.0,,1.0,0.0,0.0,0.0,0.0,1.0,0.0,0.0,,0.0,1.0,1.0,,,0.0,0.0,0.0,0.0,1.0,1.0,1.0,0.0,0.0,0.0,1.0,0.0,,0.0,1.0,,1.0,,1.0,1.0,1.0,0.0,,1.0,,0.0,0.0,0.0,1.0,,1.0,1.0,0.0,1.0,0.0,1.0,0.0,,1.0,0.0,1.0,1.0,1.0,1.0,1.0,1.0,1.0,1.0,,0.0,,,,,0.0,0.0,,0.0,,1.0,1.0,1.0,1.0,0.0,1.0,,0.0,1.0,1.0,0.0,1.0,0.0,0.0,1.0,0.0,0.0,0.0,0.0,,,,,,1.0,0.0,1.0,1.0,0.0,0.0,,1.0,0.0,1.0,0.0,0.0,0.0,0.0,0.0,0.0,1.0,0.0,0.0,1.0,0.0,0.0,1.0,1.0,1.0,,0.0,1.0,1.0,1.0,0.0,0.0,0.0,0.0,,1.0,,0.0,0.0,,0.0,1.0,1.0,1.0,1.0,1.0,0.0,1.0,0.0,0.0,0.0,0.0,1.0,,0.0,0.0,0.0,0.0,0.0,,0.0,1.0,1.0,,,1.0,,,,0.0,0.0,0.0,,1.0,1.0,0.0,,1.0,,0.0,1.0,,1.0,0.0,0.0,1.0,1.0,1.0,1.0,1.0,,0.0,1.0,0.0,0.0,0.0,0.0,0.0,1.0,1.0,1.0,0.0,0.0,0.0,0.0,0.0,1.0,0.0,1.0,0.0,0.0,0.0,,0.0,0.0,0.0,,1.0,0.0,1.0,,,1.0,1.0,,1.0,1.0,0.0,1.0,1.0,,,,,,,,0.0
Dr. Agripino Magalhães,0.0,0.0,,,,,,1.0,0.0,,,,,,,,,,,,,,,,,,,,,,,,,,,,,,,,,,,,,1.0,,1.0,,,,,,,,,,,,,,,,,,,,,,,,,,,,,,,,,,,,,,,,,,,,,,,,,,,,,,,,,,,,,,,,,,,,,,,,,,,,,,,,,,,,,,,,,,,,,,,1.0,0.0,1.0,1.0,0.0,1.0,,,,,,,,,,,,,,,,,,,,,,,,0.0,,,,,,,,,,,,,,,,,,,,,,,,,,,,,,,,,,,,,,,,,,,,,,,,,,,,,,,,,,,,,,,,,,,,,,,,,,,,,,,,,,,,,,,,,,,,,,,,0.0,1.0,,,,,,,,,,,,,,,,,,,,,,,,,,,,,,,,0.0,,,,,,,,,,,,,,,,,,,,,,,,,,,,,,,,0.0,0.0,0.0,0.0,1.0,0.0,,,,,,,,,,,,,,,,1.0,1.0,,,,1.0,,,,,,,,,,,,,,,,,,,0.0,0.0,,0.0,0.0,1.0,1.0,0.0,,,,,,,,,0.0,1.0,,1.0,0.0,0.0,0.0,0.0,,1.0,1.0,,,,,,,,,,,,,,,,,,,,,,,,,,,,,,,,,,,,,,,,,,,,,,,,,,,,,,,,,,,,,,,,,,,,,,,,,,,,,,,,,,,,,,,,,,0.0,0.0,1.0,0.0,,,,,,,,
Dr. Frederico,,,1.0,0.0,1.0,1.0,,1.0,,,1.0,1.0,1.0,,,,1.0,0.0,1.0,1.0,0.0,,0.0,,,,0.0,0.0,1.0,1.0,,1.0,0.0,0.0,0.0,0.0,1.0,1.0,0.0,1.0,1.0,0.0,0.0,1.0,0.0,1.0,0.0,1.0,1.0,,,1.0,0.0,,,,,1.0,0.0,1.0,1.0,1.0,1.0,0.0,0.0,1.0,0.0,0.0,0.0,0.0,0.0,1.0,0.0,1.0,0.0,0.0,0.0,1.0,0.0,,0.0,1.0,1.0,0.0,0.0,1.0,1.0,1.0,1.0,1.0,,1.0,1.0,0.0,0.0,1.0,1.0,1.0,0.0,,,,1.0,0.0,0.0,0.0,,1.0,0.0,0.0,0.0,1.0,1.0,1.0,1.0,1.0,,0.0,,0.0,1.0,0.0,0.0,0.0,,1.0,0.0,0.0,0.0,0.0,1.0,,1.0,,0.0,1.0,,,,,,,,,,,,,1.0,0.0,0.0,,1.0,0.0,,0.0,1.0,,1.0,1.0,,,,0.0,,0.0,0.0,0.0,1.0,1.0,1.0,0.0,0.0,1.0,0.0,0.0,1.0,1.0,1.0,1.0,1.0,1.0,,,,,,,,1.0,0.0,,0.0,,0.0,0.0,,,,,,1.0,0.0,,0.0,0.0,0.0,0.0,1.0,,0.0,0.0,,,0.0,,1.0,0.0,0.0,1.0,1.0,1.0,1.0,0.0,1.0,1.0,1.0,1.0,1.0,0.0,0.0,0.0,0.0,1.0,1.0,1.0,0.0,1.0,0.0,0.0,1.0,0.0,0.0,0.0,,1.0,0.0,0.0,,1.0,1.0,,1.0,0.0,0.0,0.0,0.0,1.0,,1.0,,,1.0,,1.0,1.0,1.0,0.0,1.0,0.0,1.0,0.0,0.0,,,1.0,0.0,0.0,1.0,0.0,1.0,1.0,1.0,1.0,0.0,0.0,0.0,,1.0,1.0,1.0,0.0,0.0,0.0,1.0,1.0,,,1.0,0.0,1.0,1.0,0.0,,1.0,0.0,0.0,1.0,,,0.0,0.0,,1.0,1.0,1.0,0.0,1.0,0.0,1.0,,,,0.0,1.0,,,1.0,1.0,1.0,1.0,1.0,0.0,0.0,,0.0,1.0,,,0.0,0.0,0.0,1.0,1.0,0.0,1.0,1.0,0.0,0.0,0.0,0.0,,,,,0.0,,,0.0,1.0,0.0,,,1.0,0.0,0.0,1.0,1.0,0.0,,1.0,0.0,,1.0,1.0,0.0,1.0,0.0,0.0,0.0,0.0,,,,,0.0,,0.0,0.0,,1.0,1.0,1.0,0.0,1.0,1.0,1.0,0.0,,0.0,0.0,0.0,,0.0,0.0,0.0,1.0,0.0,,,,,,0.0,1.0,,,,,,0.0,0.0,0.0,0.0,0.0,0.0,,0.0,1.0,,,,1.0,,1.0,1.0,,0.0,0.0,0.0,0.0,0.0,0.0,0.0,1.0,1.0,0.0,1.0,,1.0,0.0,0.0,1.0,0.0,,,1.0,,0.0,1.0,0.0,,0.0,0.0,0.0,1.0,1.0,1.0,,0.0,0.0,0.0,1.0,1.0,,1.0,0.0,0.0,0.0,1.0,0.0,0.0,0.0,1.0,,0.0,,1.0,,1.0,1.0,1.0,1.0,,,,,,,,,,,,0.0
Dr. Gonçalo,,,,,,,,,,,,,,,,,,,,,,,,,,,,,,,,,,,,,,,,,,,,,,,,,,,,,,,,,,,,,,,,,,,,,,,,,,,,,,,,1.0,,,,,,,,,,1.0,1.0,1.0,,,,1.0,,,0.0,,,,,,,,,,,,,,,,,,,,,,,,,,,,,,,,,,,,,,,,,,,,,,,,,,1.0,,0.0,1.0,,0.0,0.0,0.0,1.0,0.0,1.0,1.0,,,,,1.0,,,,1.0,,,,,,,,,,,,,,,,,,,,,,,,,,,,,,1.0,1.0,,,,,,,,,,,,,,,,,,,,,,,,,,,,,,,,,,,,,,,,,,,,,,,,,,,,,,,,,,,,,,,,,,,,,,,,,,,,,,,,,,,,,,,,,,,,,,,,,,,,,,,,,,,,,,,,,,,,,,,,,,,,,,,,,,,,,,,,,,,,,,,,,,,,,,,,,,,,,,,,,,,,,,,,,,,,,,,,,,,,,,,,,,,,,,,,,,,,,,,,,,,,,,,,,,,,,,,,,,,,,,,,,,,,,,,,,,,,,,,,,,,,,,,,,,,,,,,,,,,,,,,,,,,,,,,,,,,,,,,,,,,,,,,,,,,,,,,,,,,,,,,,,
Dr. Jaziel,0.0,,1.0,0.0,1.0,1.0,0.0,1.0,,,,1.0,1.0,0.0,,1.0,1.0,0.0,1.0,0.0,,,1.0,0.0,,0.0,0.0,0.0,1.0,,0.0,1.0,0.0,,0.0,0.0,1.0,0.0,0.0,0.0,0.0,0.0,0.0,1.0,0.0,,0.0,,1.0,0.0,0.0,1.0,,1.0,1.0,0.0,0.0,1.0,,1.0,1.0,1.0,1.0,0.0,0.0,1.0,1.0,0.0,,0.0,,,0.0,1.0,0.0,1.0,,0.0,1.0,1.0,1.0,1.0,1.0,0.0,0.0,1.0,0.0,0.0,1.0,,,1.0,1.0,0.0,0.0,,,1.0,,,,0.0,1.0,0.0,0.0,0.0,0.0,1.0,0.0,0.0,0.0,1.0,1.0,1.0,1.0,1.0,,0.0,,0.0,1.0,0.0,0.0,0.0,0.0,,1.0,0.0,0.0,,1.0,0.0,0.0,1.0,0.0,,1.0,1.0,0.0,,0.0,0.0,,,,,,,1.0,,,,1.0,0.0,0.0,0.0,1.0,,,1.0,,0.0,1.0,,1.0,0.0,0.0,,1.0,,,0.0,,1.0,0.0,,1.0,1.0,1.0,1.0,1.0,1.0,1.0,1.0,1.0,1.0,1.0,,1.0,1.0,0.0,,0.0,,,0.0,0.0,0.0,,,0.0,,0.0,,0.0,0.0,0.0,0.0,1.0,0.0,0.0,0.0,1.0,1.0,0.0,,1.0,0.0,0.0,1.0,1.0,1.0,1.0,0.0,1.0,1.0,,1.0,1.0,0.0,0.0,,0.0,1.0,1.0,1.0,0.0,1.0,0.0,0.0,1.0,0.0,0.0,0.0,,1.0,0.0,0.0,0.0,,1.0,,1.0,0.0,,0.0,0.0,1.0,,1.0,1.0,1.0,,0.0,1.0,1.0,1.0,0.0,1.0,0.0,1.0,0.0,0.0,,,,0.0,0.0,1.0,0.0,1.0,1.0,1.0,1.0,0.0,0.0,0.0,0.0,1.0,1.0,1.0,0.0,,0.0,1.0,1.0,1.0,1.0,1.0,,1.0,0.0,0.0,0.0,1.0,,0.0,1.0,0.0,,0.0,0.0,1.0,,1.0,,0.0,1.0,0.0,1.0,0.0,1.0,1.0,0.0,1.0,,1.0,1.0,1.0,1.0,1.0,1.0,0.0,0.0,0.0,0.0,1.0,,0.0,0.0,0.0,0.0,1.0,1.0,1.0,1.0,1.0,0.0,0.0,0.0,0.0,,1.0,0.0,1.0,0.0,,,,1.0,,0.0,,1.0,0.0,0.0,1.0,1.0,0.0,1.0,1.0,0.0,0.0,,1.0,0.0,1.0,0.0,0.0,1.0,0.0,0.0,0.0,0.0,0.0,0.0,0.0,0.0,0.0,1.0,1.0,0.0,,0.0,1.0,1.0,1.0,0.0,0.0,0.0,0.0,0.0,1.0,0.0,0.0,0.0,1.0,0.0,1.0,1.0,1.0,1.0,1.0,0.0,1.0,1.0,0.0,0.0,0.0,1.0,0.0,0.0,0.0,,0.0,0.0,1.0,0.0,1.0,,,,1.0,0.0,1.0,1.0,0.0,0.0,0.0,,0.0,0.0,0.0,0.0,1.0,,,1.0,0.0,1.0,0.0,0.0,1.0,0.0,1.0,1.0,1.0,1.0,0.0,,0.0,0.0,,,,1.0,,1.0,0.0,0.0,0.0,0.0,0.0,1.0,0.0,,0.0,0.0,0.0,1.0,,0.0,0.0,0.0,1.0,0.0,1.0,0.0,0.0,1.0,1.0,,1.0,,0.0,,0.0,,,,,,,,0.0
Dr. João,,,1.0,1.0,1.0,1.0,1.0,,,,,,,,,,,,,,,,,,,,,,,,,,,,,,,,,,,,,,,,,,,,,,,,,,,,,,,,,,,,,,,,,,,,,,,,,,,,,,,,,,,,,,,,,,,,,,,,,,,,,,,,,,,,,,,,,,,,,,0.0,1.0,1.0,0.0,0.0,,1.0,0.0,1.0,0.0,0.0,1.0,1.0,1.0,,,,,,,,,,,,,,,,,,,,,,,,,,,,,,,,,,1.0,,,,,,,,,,,,,,,,,,1.0,,,,,,,,,,,0.0,,,,0.0,0.0,0.0,0.0,1.0,0.0,0.0,0.0,1.0,1.0,0.0,0.0,1.0,0.0,0.0,1.0,1.0,1.0,1.0,0.0,1.0,1.0,1.0,1.0,1.0,0.0,0.0,,0.0,1.0,1.0,1.0,0.0,1.0,0.0,0.0,1.0,0.0,,0.0,1.0,1.0,,,,,1.0,,1.0,0.0,0.0,,,,,,,,,,,,,,1.0,,1.0,0.0,0.0,0.0,0.0,1.0,0.0,0.0,1.0,0.0,1.0,1.0,1.0,1.0,0.0,0.0,0.0,0.0,1.0,1.0,1.0,0.0,,0.0,1.0,1.0,1.0,,1.0,0.0,0.0,1.0,,0.0,,,,,,,,,,,,,,,,,,,,,,,,,,,,,,0.0,0.0,0.0,1.0,0.0,,,,,,,,,,,,,,,,1.0,1.0,0.0,0.0,1.0,1.0,0.0,,,,,,,,,,,,,0.0,,1.0,0.0,,,0.0,1.0,0.0,0.0,0.0,1.0,0.0,0.0,1.0,0.0,0.0,1.0,1.0,1.0,,,,,1.0,,,,,,,,,,,,,,,,,,,,,,,,,,,,,,,,,,,,,,,,,,,,,,,,,,,,,,,,,,,,,,,,,,,,,,,,,,,,,,,,,,,,,,,,,,,,,,,,,,0.0,1.0,0.0,,,,,,,,
Dr. Leonardo,0.0,,1.0,1.0,1.0,1.0,1.0,1.0,0.0,,0.0,1.0,,0.0,0.0,1.0,0.0,1.0,0.0,0.0,1.0,0.0,1.0,,0.0,1.0,0.0,0.0,0.0,1.0,0.0,1.0,0.0,,0.0,0.0,1.0,1.0,0.0,1.0,0.0,0.0,0.0,1.0,0.0,1.0,0.0,1.0,1.0,1.0,0.0,1.0,,1.0,,0.0,0.0,1.0,0.0,1.0,1.0,1.0,0.0,0.0,0.0,1.0,0.0,0.0,0.0,0.0,0.0,0.0,0.0,1.0,0.0,1.0,1.0,0.0,1.0,1.0,1.0,1.0,1.0,0.0,1.0,1.0,1.0,1.0,,1.0,1.0,1.0,1.0,0.0,1.0,1.0,1.0,,0.0,,,0.0,1.0,0.0,0.0,0.0,0.0,1.0,1.0,0.0,1.0,1.0,1.0,0.0,1.0,1.0,0.0,0.0,0.0,0.0,1.0,0.0,0.0,0.0,0.0,1.0,0.0,1.0,0.0,0.0,1.0,0.0,0.0,0.0,0.0,1.0,1.0,1.0,1.0,0.0,0.0,0.0,1.0,0.0,0.0,1.0,0.0,1.0,1.0,0.0,0.0,1.0,1.0,0.0,0.0,0.0,1.0,0.0,1.0,1.0,0.0,1.0,1.0,0.0,1.0,0.0,0.0,,1.0,1.0,1.0,,0.0,1.0,0.0,,1.0,1.0,1.0,1.0,1.0,0.0,0.0,1.0,1.0,1.0,0.0,1.0,1.0,1.0,0.0,0.0,0.0,1.0,0.0,0.0,1.0,0.0,1.0,0.0,0.0,1.0,0.0,,0.0,0.0,0.0,0.0,1.0,0.0,0.0,0.0,1.0,1.0,,0.0,0.0,0.0,0.0,0.0,1.0,1.0,1.0,0.0,1.0,1.0,1.0,1.0,1.0,0.0,0.0,0.0,0.0,1.0,1.0,1.0,0.0,1.0,0.0,1.0,0.0,0.0,0.0,1.0,1.0,1.0,1.0,0.0,1.0,1.0,1.0,1.0,0.0,0.0,0.0,1.0,0.0,1.0,,1.0,1.0,1.0,1.0,1.0,0.0,1.0,1.0,0.0,1.0,0.0,0.0,0.0,1.0,0.0,0.0,,0.0,0.0,1.0,1.0,1.0,0.0,0.0,0.0,0.0,0.0,0.0,0.0,1.0,1.0,1.0,1.0,0.0,1.0,1.0,1.0,0.0,1.0,1.0,1.0,1.0,1.0,1.0,1.0,1.0,0.0,,1.0,0.0,0.0,0.0,0.0,1.0,1.0,1.0,1.0,0.0,1.0,,1.0,0.0,1.0,1.0,0.0,1.0,1.0,1.0,1.0,1.0,1.0,1.0,1.0,0.0,0.0,0.0,0.0,1.0,0.0,0.0,0.0,0.0,0.0,1.0,1.0,1.0,1.0,1.0,0.0,1.0,0.0,1.0,1.0,1.0,1.0,,0.0,0.0,1.0,0.0,0.0,0.0,0.0,0.0,1.0,0.0,0.0,1.0,1.0,0.0,1.0,1.0,0.0,0.0,1.0,1.0,0.0,1.0,0.0,0.0,0.0,0.0,0.0,1.0,0.0,0.0,0.0,1.0,0.0,0.0,1.0,1.0,1.0,1.0,0.0,0.0,1.0,1.0,0.0,0.0,0.0,0.0,0.0,1.0,0.0,0.0,0.0,1.0,0.0,1.0,1.0,1.0,0.0,0.0,0.0,1.0,0.0,0.0,0.0,0.0,1.0,0.0,0.0,0.0,0.0,0.0,,1.0,0.0,1.0,1.0,0.0,0.0,1.0,0.0,1.0,1.0,0.0,1.0,0.0,0.0,0.0,0.0,0.0,0.0,1.0,1.0,0.0,1.0,0.0,0.0,0.0,1.0,1.0,1.0,1.0,1.0,1.0,1.0,0.0,1.0,0.0,1.0,0.0,0.0,0.0,1.0,1.0,1.0,0.0,0.0,0.0,0.0,1.0,1.0,0.0,1.0,1.0,0.0,0.0,1.0,,0.0,0.0,1.0,1.0,0.0,1.0,0.0,0.0,,1.0,1.0,1.0,,0.0,1.0,0.0,0.0,0.0,,,,1.0,,0.0
Dr. Luiz Ovando,0.0,,1.0,0.0,1.0,1.0,0.0,1.0,0.0,,0.0,1.0,1.0,0.0,0.0,1.0,0.0,1.0,0.0,0.0,1.0,,0.0,0.0,0.0,0.0,0.0,0.0,1.0,1.0,0.0,1.0,0.0,,0.0,0.0,1.0,0.0,0.0,0.0,0.0,0.0,0.0,1.0,0.0,1.0,0.0,1.0,1.0,0.0,0.0,1.0,1.0,0.0,0.0,1.0,1.0,,,1.0,1.0,1.0,1.0,1.0,,,0.0,0.0,,,0.0,0.0,,,0.0,1.0,,,,,1.0,1.0,1.0,0.0,0.0,1.0,1.0,1.0,1.0,1.0,1.0,1.0,1.0,0.0,0.0,1.0,1.0,1.0,0.0,,1.0,0.0,1.0,1.0,0.0,1.0,0.0,0.0,0.0,0.0,1.0,0.0,0.0,1.0,1.0,1.0,0.0,0.0,0.0,0.0,1.0,0.0,0.0,0.0,0.0,1.0,1.0,0.0,0.0,0.0,1.0,,,0.0,0.0,1.0,1.0,1.0,0.0,0.0,,0.0,1.0,0.0,0.0,1.0,0.0,1.0,1.0,0.0,0.0,1.0,1.0,0.0,0.0,0.0,1.0,0.0,1.0,1.0,0.0,0.0,1.0,0.0,1.0,0.0,0.0,0.0,1.0,1.0,,0.0,0.0,1.0,,0.0,1.0,1.0,1.0,1.0,1.0,1.0,1.0,1.0,1.0,1.0,1.0,0.0,1.0,1.0,,1.0,0.0,1.0,0.0,,0.0,0.0,1.0,0.0,0.0,1.0,0.0,,0.0,0.0,0.0,0.0,1.0,0.0,0.0,0.0,,1.0,0.0,,1.0,0.0,0.0,1.0,1.0,1.0,1.0,,1.0,1.0,1.0,1.0,1.0,0.0,0.0,0.0,0.0,1.0,1.0,1.0,0.0,1.0,0.0,0.0,1.0,0.0,0.0,0.0,1.0,,0.0,0.0,0.0,1.0,1.0,1.0,1.0,,0.0,0.0,0.0,0.0,0.0,1.0,1.0,1.0,1.0,1.0,1.0,1.0,1.0,0.0,1.0,0.0,1.0,0.0,,,0.0,1.0,0.0,0.0,1.0,0.0,1.0,1.0,1.0,1.0,,,0.0,0.0,1.0,,1.0,0.0,,0.0,1.0,1.0,1.0,0.0,,0.0,1.0,,0.0,0.0,1.0,1.0,0.0,1.0,0.0,0.0,0.0,0.0,1.0,1.0,1.0,1.0,0.0,1.0,,1.0,0.0,,1.0,0.0,1.0,,1.0,1.0,1.0,1.0,1.0,1.0,0.0,0.0,,,1.0,0.0,,0.0,0.0,0.0,1.0,,1.0,1.0,1.0,0.0,0.0,0.0,0.0,1.0,,,1.0,0.0,0.0,,,1.0,0.0,,0.0,1.0,0.0,0.0,,1.0,0.0,,1.0,0.0,0.0,1.0,1.0,0.0,1.0,0.0,0.0,1.0,0.0,0.0,0.0,0.0,,1.0,0.0,0.0,0.0,1.0,,1.0,1.0,0.0,1.0,1.0,1.0,0.0,0.0,0.0,0.0,0.0,1.0,0.0,0.0,0.0,1.0,0.0,1.0,1.0,1.0,,1.0,0.0,,0.0,0.0,0.0,0.0,1.0,,0.0,0.0,,0.0,,1.0,0.0,1.0,1.0,0.0,0.0,1.0,0.0,,1.0,0.0,0.0,,,0.0,,0.0,0.0,1.0,1.0,0.0,1.0,0.0,1.0,,,1.0,0.0,,,,,0.0,1.0,0.0,0.0,0.0,0.0,0.0,1.0,1.0,1.0,0.0,0.0,0.0,0.0,0.0,1.0,0.0,1.0,,0.0,0.0,1.0,0.0,0.0,0.0,1.0,1.0,0.0,1.0,0.0,,1.0,1.0,1.0,1.0,0.0,0.0,1.0,0.0,0.0,0.0,0.0,0.0,0.0,1.0,0.0,0.0
Dr. Sinval Malheiros,,,1.0,,1.0,,1.0,,,,,,,,,,,,,,,,,,,,,,,,,,,,,,,,,,,,,,,,,,,,,,,,,,,,,,,,,,,,,,,,,,,,,,,,,,,,,,,,,,,,,,,,,,,,,,,,,,,,,,,,,,,,,,,,,,,,,,,1.0,0.0,,,,1.0,0.0,0.0,0.0,,1.0,,,1.0,,0.0,0.0,,,,,,,,,,,,,,,,,,,,,,,,,,,1.0,,,,,1.0,,,1.0,1.0,0.0,0.0,1.0,0.0,,1.0,1.0,,1.0,1.0,1.0,1.0,1.0,1.0,1.0,,0.0,0.0,0.0,,,,,1.0,,,1.0,1.0,1.0,0.0,1.0,0.0,0.0,0.0,,,,,1.0,0.0,0.0,1.0,,,1.0,0.0,,1.0,1.0,1.0,1.0,0.0,0.0,,,,1.0,1.0,,1.0,0.0,0.0,,0.0,,,0.0,1.0,1.0,1.0,1.0,1.0,1.0,,1.0,1.0,0.0,,0.0,,0.0,1.0,1.0,1.0,1.0,1.0,0.0,,1.0,0.0,1.0,1.0,1.0,0.0,,0.0,0.0,1.0,0.0,0.0,,,,,,,0.0,,,,,,,,,,1.0,1.0,,,1.0,,0.0,1.0,,1.0,,,,,,,,,,,,,0.0,1.0,,1.0,0.0,,1.0,1.0,1.0,1.0,,,,1.0,1.0,1.0,0.0,0.0,,0.0,,,0.0,0.0,,,,,0.0,1.0,0.0,1.0,1.0,,0.0,1.0,,,,,0.0,,,,,,,,,,,,,,,,0.0,,1.0,0.0,,,,1.0,0.0,0.0,,,0.0,0.0,1.0,0.0,,1.0,,1.0,,,1.0,,1.0,,,,,,,,,,,,,,,,,,,,,,,,,,,,,,,,,,,,,,,,,,,,,,,,,,,,,,,,,,,,,,,,,,,,,,,,,,,,,,,,,,,,,,,,,,,,,,,,,,,1.0,,,,,,,,,
Dr. Zacharias Calil,0.0,0.0,1.0,0.0,1.0,0.0,1.0,1.0,0.0,1.0,0.0,1.0,0.0,1.0,0.0,1.0,0.0,1.0,0.0,0.0,1.0,0.0,0.0,0.0,0.0,1.0,0.0,1.0,0.0,1.0,0.0,1.0,0.0,,0.0,0.0,1.0,1.0,0.0,,,0.0,0.0,,0.0,1.0,0.0,1.0,1.0,0.0,0.0,1.0,0.0,1.0,1.0,0.0,0.0,1.0,0.0,1.0,1.0,1.0,1.0,0.0,0.0,1.0,1.0,1.0,0.0,0.0,0.0,0.0,0.0,1.0,0.0,1.0,1.0,0.0,1.0,1.0,0.0,1.0,1.0,0.0,,1.0,1.0,1.0,1.0,1.0,1.0,1.0,1.0,0.0,0.0,1.0,1.0,1.0,0.0,0.0,0.0,1.0,1.0,1.0,0.0,1.0,0.0,0.0,1.0,0.0,1.0,0.0,0.0,1.0,1.0,1.0,0.0,0.0,0.0,0.0,1.0,0.0,0.0,0.0,0.0,1.0,0.0,0.0,0.0,0.0,1.0,0.0,1.0,0.0,0.0,1.0,1.0,1.0,1.0,0.0,0.0,0.0,1.0,0.0,0.0,1.0,0.0,1.0,1.0,0.0,0.0,1.0,1.0,0.0,0.0,0.0,1.0,0.0,1.0,1.0,0.0,0.0,1.0,0.0,1.0,0.0,0.0,,1.0,1.0,1.0,0.0,0.0,1.0,0.0,0.0,1.0,1.0,1.0,1.0,1.0,0.0,0.0,1.0,1.0,0.0,1.0,1.0,1.0,1.0,0.0,1.0,0.0,1.0,0.0,,0.0,0.0,1.0,0.0,0.0,1.0,0.0,,0.0,0.0,0.0,0.0,1.0,0.0,0.0,0.0,1.0,0.0,0.0,0.0,1.0,0.0,0.0,1.0,1.0,1.0,0.0,0.0,0.0,1.0,1.0,1.0,1.0,0.0,0.0,,0.0,1.0,1.0,1.0,0.0,1.0,0.0,0.0,1.0,0.0,0.0,0.0,0.0,0.0,1.0,0.0,1.0,,1.0,,1.0,0.0,1.0,1.0,0.0,1.0,0.0,1.0,1.0,1.0,1.0,1.0,1.0,1.0,1.0,0.0,1.0,0.0,1.0,0.0,0.0,0.0,0.0,1.0,1.0,0.0,1.0,0.0,1.0,,,1.0,0.0,0.0,0.0,0.0,1.0,1.0,,0.0,0.0,0.0,1.0,1.0,1.0,,1.0,0.0,0.0,1.0,1.0,1.0,1.0,0.0,0.0,1.0,0.0,0.0,1.0,0.0,,1.0,1.0,0.0,,1.0,0.0,1.0,0.0,1.0,1.0,0.0,0.0,1.0,1.0,1.0,1.0,1.0,1.0,1.0,0.0,0.0,0.0,0.0,1.0,0.0,0.0,0.0,0.0,0.0,1.0,1.0,1.0,1.0,0.0,0.0,1.0,0.0,1.0,1.0,1.0,1.0,1.0,0.0,0.0,1.0,1.0,0.0,0.0,0.0,0.0,1.0,0.0,0.0,1.0,1.0,0.0,1.0,1.0,0.0,,1.0,1.0,0.0,1.0,0.0,0.0,1.0,0.0,1.0,0.0,0.0,0.0,0.0,1.0,0.0,0.0,1.0,1.0,1.0,1.0,0.0,1.0,1.0,1.0,0.0,0.0,0.0,0.0,0.0,1.0,0.0,0.0,0.0,1.0,0.0,1.0,,1.0,1.0,1.0,0.0,1.0,0.0,0.0,0.0,0.0,1.0,0.0,0.0,0.0,0.0,0.0,,1.0,0.0,1.0,1.0,0.0,0.0,1.0,0.0,1.0,1.0,0.0,0.0,0.0,0.0,0.0,0.0,0.0,0.0,1.0,1.0,0.0,1.0,0.0,0.0,0.0,0.0,1.0,1.0,0.0,1.0,0.0,0.0,0.0,1.0,0.0,0.0,0.0,0.0,0.0,1.0,,1.0,0.0,0.0,0.0,0.0,1.0,1.0,0.0,1.0,0.0,0.0,0.0,1.0,0.0,0.0,0.0,1.0,1.0,0.0,1.0,0.0,0.0,1.0,1.0,1.0,1.0,0.0,0.0,1.0,0.0,0.0,0.0,0.0,0.0,0.0,1.0,0.0,0.0
Dra. Soraya Manato,0.0,0.0,1.0,0.0,1.0,1.0,1.0,1.0,0.0,1.0,0.0,1.0,1.0,0.0,1.0,1.0,0.0,0.0,1.0,1.0,0.0,0.0,0.0,0.0,0.0,0.0,0.0,0.0,1.0,1.0,0.0,1.0,0.0,0.0,0.0,0.0,1.0,0.0,0.0,0.0,0.0,0.0,0.0,1.0,0.0,1.0,0.0,1.0,1.0,0.0,0.0,1.0,1.0,0.0,0.0,1.0,1.0,1.0,0.0,1.0,1.0,1.0,1.0,0.0,0.0,1.0,0.0,0.0,0.0,0.0,0.0,,0.0,1.0,0.0,1.0,,,,1.0,1.0,1.0,1.0,0.0,0.0,1.0,0.0,0.0,1.0,1.0,1.0,1.0,1.0,0.0,0.0,1.0,1.0,1.0,0.0,0.0,0.0,0.0,1.0,0.0,0.0,0.0,0.0,1.0,0.0,0.0,0.0,1.0,1.0,1.0,1.0,1.0,0.0,0.0,0.0,0.0,1.0,0.0,0.0,0.0,0.0,1.0,1.0,0.0,0.0,,1.0,0.0,0.0,0.0,0.0,1.0,1.0,1.0,0.0,0.0,0.0,0.0,1.0,0.0,0.0,1.0,0.0,1.0,1.0,0.0,0.0,1.0,1.0,0.0,0.0,0.0,1.0,0.0,1.0,1.0,0.0,0.0,1.0,0.0,1.0,0.0,0.0,,1.0,1.0,1.0,0.0,0.0,1.0,0.0,,1.0,1.0,1.0,1.0,1.0,1.0,1.0,1.0,1.0,1.0,1.0,0.0,1.0,1.0,0.0,1.0,0.0,1.0,0.0,0.0,,0.0,1.0,0.0,0.0,1.0,0.0,,0.0,0.0,0.0,0.0,1.0,0.0,0.0,0.0,1.0,1.0,0.0,0.0,1.0,0.0,0.0,1.0,1.0,1.0,1.0,0.0,1.0,1.0,1.0,1.0,1.0,0.0,0.0,0.0,0.0,1.0,1.0,1.0,0.0,1.0,0.0,0.0,1.0,0.0,0.0,0.0,1.0,1.0,0.0,0.0,0.0,1.0,1.0,1.0,1.0,0.0,0.0,0.0,0.0,0.0,0.0,1.0,1.0,1.0,1.0,1.0,1.0,1.0,1.0,0.0,1.0,0.0,1.0,0.0,0.0,0.0,0.0,1.0,0.0,0.0,1.0,0.0,1.0,1.0,1.0,1.0,0.0,0.0,0.0,0.0,1.0,1.0,1.0,0.0,0.0,0.0,1.0,1.0,1.0,0.0,1.0,0.0,1.0,0.0,0.0,0.0,1.0,0.0,,1.0,0.0,0.0,0.0,0.0,1.0,1.0,1.0,1.0,0.0,1.0,0.0,1.0,0.0,1.0,1.0,0.0,1.0,1.0,1.0,1.0,1.0,1.0,1.0,1.0,0.0,0.0,0.0,0.0,1.0,0.0,0.0,0.0,0.0,0.0,1.0,1.0,1.0,1.0,1.0,0.0,0.0,0.0,0.0,1.0,1.0,1.0,1.0,0.0,0.0,1.0,0.0,1.0,0.0,0.0,0.0,1.0,0.0,0.0,1.0,1.0,0.0,1.0,1.0,0.0,0.0,1.0,1.0,0.0,1.0,0.0,0.0,1.0,0.0,0.0,0.0,0.0,0.0,0.0,1.0,0.0,0.0,1.0,1.0,1.0,1.0,0.0,1.0,1.0,1.0,0.0,0.0,0.0,0.0,0.0,1.0,0.0,0.0,0.0,1.0,0.0,1.0,1.0,1.0,0.0,1.0,0.0,1.0,0.0,0.0,0.0,0.0,1.0,0.0,0.0,0.0,0.0,0.0,0.0,1.0,0.0,1.0,1.0,0.0,0.0,1.0,0.0,1.0,1.0,0.0,0.0,0.0,0.0,0.0,0.0,0.0,0.0,1.0,1.0,0.0,1.0,0.0,1.0,0.0,0.0,1.0,0.0,1.0,1.0,1.0,1.0,0.0,1.0,0.0,0.0,0.0,0.0,0.0,0.0,1.0,1.0,0.0,0.0,0.0,0.0,0.0,1.0,0.0,1.0,0.0,0.0,0.0,1.0,0.0,0.0,0.0,1.0,1.0,0.0,1.0,0.0,0.0,1.0,1.0,1.0,1.0,0.0,0.0,1.0,0.0,0.0,0.0,0.0,0.0,0.0,1.0,0.0,0.0
Dra. Vanda Milani,0.0,0.0,1.0,1.0,1.0,1.0,1.0,1.0,0.0,,0.0,,,1.0,0.0,1.0,0.0,1.0,0.0,0.0,1.0,,0.0,0.0,0.0,0.0,,0.0,1.0,1.0,0.0,,,,0.0,0.0,1.0,,0.0,1.0,1.0,0.0,0.0,1.0,,1.0,0.0,1.0,,,,,0.0,1.0,1.0,0.0,0.0,1.0,0.0,1.0,1.0,1.0,0.0,0.0,,1.0,1.0,1.0,,,0.0,0.0,0.0,1.0,0.0,1.0,,,,1.0,1.0,1.0,1.0,0.0,1.0,1.0,1.0,1.0,1.0,1.0,,1.0,1.0,0.0,0.0,1.0,1.0,1.0,0.0,,,0.0,1.0,1.0,1.0,1.0,0.0,0.0,1.0,1.0,1.0,0.0,0.0,0.0,1.0,1.0,,0.0,,,,,,0.0,0.0,1.0,0.0,1.0,,0.0,1.0,0.0,0.0,0.0,0.0,1.0,1.0,,1.0,0.0,0.0,0.0,1.0,0.0,1.0,1.0,0.0,1.0,1.0,0.0,0.0,1.0,1.0,0.0,,0.0,1.0,0.0,1.0,1.0,0.0,0.0,,0.0,1.0,0.0,0.0,0.0,1.0,1.0,1.0,0.0,0.0,1.0,0.0,0.0,1.0,1.0,1.0,1.0,1.0,1.0,0.0,,,1.0,0.0,1.0,1.0,1.0,0.0,0.0,0.0,1.0,0.0,0.0,1.0,0.0,1.0,1.0,,1.0,,,0.0,0.0,0.0,0.0,1.0,0.0,0.0,0.0,1.0,1.0,0.0,0.0,1.0,0.0,1.0,1.0,1.0,1.0,1.0,0.0,,1.0,1.0,1.0,1.0,0.0,,0.0,0.0,1.0,1.0,1.0,0.0,1.0,0.0,1.0,0.0,0.0,0.0,1.0,1.0,1.0,1.0,1.0,1.0,1.0,1.0,,0.0,0.0,0.0,1.0,0.0,,0.0,1.0,1.0,1.0,1.0,1.0,0.0,1.0,1.0,0.0,1.0,0.0,0.0,0.0,1.0,0.0,0.0,,0.0,0.0,1.0,0.0,1.0,1.0,1.0,,0.0,0.0,0.0,0.0,,1.0,1.0,,0.0,0.0,,1.0,1.0,0.0,1.0,1.0,1.0,1.0,1.0,1.0,1.0,0.0,0.0,1.0,0.0,0.0,0.0,0.0,1.0,1.0,,1.0,,1.0,0.0,1.0,0.0,1.0,1.0,0.0,1.0,1.0,1.0,1.0,1.0,1.0,1.0,1.0,0.0,0.0,0.0,0.0,1.0,0.0,0.0,0.0,0.0,0.0,1.0,1.0,1.0,1.0,1.0,0.0,0.0,0.0,0.0,1.0,1.0,,1.0,,0.0,1.0,0.0,0.0,0.0,0.0,0.0,1.0,1.0,0.0,1.0,1.0,0.0,1.0,1.0,0.0,0.0,1.0,1.0,0.0,1.0,0.0,0.0,1.0,0.0,0.0,0.0,0.0,0.0,0.0,1.0,0.0,0.0,1.0,1.0,1.0,,0.0,1.0,1.0,1.0,,0.0,0.0,0.0,,1.0,0.0,0.0,0.0,1.0,0.0,1.0,1.0,1.0,0.0,0.0,0.0,1.0,0.0,0.0,0.0,0.0,1.0,0.0,0.0,0.0,0.0,0.0,0.0,1.0,0.0,1.0,1.0,0.0,0.0,1.0,0.0,1.0,1.0,0.0,0.0,0.0,0.0,0.0,,0.0,0.0,1.0,1.0,0.0,1.0,0.0,1.0,0.0,0.0,1.0,,1.0,1.0,1.0,1.0,,,,0.0,0.0,,0.0,1.0,1.0,1.0,0.0,0.0,0.0,0.0,1.0,0.0,,,1.0,0.0,0.0,1.0,0.0,,0.0,1.0,1.0,0.0,1.0,0.0,0.0,1.0,1.0,1.0,1.0,0.0,0.0,1.0,0.0,,,0.0,,,1.0,,0.0
Dulce Miranda,1.0,0.0,1.0,0.0,1.0,1.0,1.0,1.0,,1.0,,1.0,0.0,1.0,0.0,1.0,0.0,1.0,1.0,1.0,1.0,1.0,1.0,1.0,,1.0,0.0,1.0,0.0,1.0,0.0,1.0,,0.0,0.0,0.0,1.0,1.0,0.0,1.0,0.0,,,,,1.0,0.0,1.0,1.0,0.0,0.0,1.0,0.0,1.0,1.0,0.0,0.0,,,1.0,1.0,1.0,1.0,0.0,,1.0,0.0,1.0,0.0,0.0,0.0,0.0,0.0,1.0,0.0,1.0,1.0,0.0,1.0,,1.0,1.0,,,0.0,1.0,1.0,1.0,1.0,,,,1.0,0.0,1.0,,1.0,1.0,,0.0,0.0,0.0,1.0,1.0,1.0,1.0,0.0,0.0,1.0,1.0,1.0,0.0,0.0,1.0,1.0,1.0,0.0,0.0,0.0,0.0,1.0,0.0,0.0,0.0,0.0,1.0,1.0,1.0,0.0,0.0,1.0,0.0,0.0,0.0,0.0,1.0,1.0,1.0,1.0,0.0,0.0,1.0,1.0,0.0,0.0,1.0,0.0,1.0,1.0,0.0,0.0,,,,,,,,0.0,1.0,,0.0,1.0,1.0,1.0,0.0,0.0,0.0,1.0,1.0,1.0,0.0,0.0,1.0,0.0,0.0,1.0,1.0,1.0,1.0,1.0,1.0,0.0,1.0,1.0,1.0,0.0,1.0,1.0,1.0,0.0,,0.0,1.0,0.0,0.0,0.0,0.0,1.0,1.0,0.0,1.0,0.0,,0.0,0.0,0.0,0.0,1.0,0.0,0.0,0.0,1.0,1.0,0.0,0.0,,0.0,0.0,1.0,,1.0,1.0,0.0,1.0,1.0,1.0,1.0,1.0,0.0,0.0,0.0,0.0,1.0,1.0,1.0,0.0,1.0,0.0,0.0,1.0,0.0,1.0,0.0,1.0,1.0,0.0,0.0,1.0,1.0,1.0,1.0,1.0,0.0,0.0,1.0,0.0,1.0,0.0,1.0,1.0,1.0,1.0,1.0,1.0,1.0,1.0,1.0,1.0,1.0,1.0,0.0,0.0,0.0,0.0,1.0,1.0,0.0,1.0,0.0,1.0,1.0,1.0,1.0,0.0,0.0,0.0,0.0,1.0,1.0,1.0,0.0,0.0,,1.0,1.0,1.0,0.0,1.0,0.0,0.0,0.0,0.0,1.0,1.0,0.0,0.0,1.0,0.0,0.0,0.0,0.0,1.0,1.0,1.0,1.0,,1.0,0.0,1.0,0.0,1.0,1.0,0.0,0.0,1.0,1.0,1.0,1.0,1.0,1.0,1.0,0.0,0.0,0.0,,1.0,0.0,0.0,0.0,0.0,0.0,1.0,1.0,1.0,1.0,0.0,0.0,1.0,0.0,0.0,1.0,1.0,1.0,1.0,0.0,0.0,,0.0,0.0,0.0,0.0,0.0,1.0,0.0,0.0,1.0,1.0,0.0,1.0,1.0,0.0,0.0,1.0,1.0,0.0,1.0,0.0,0.0,1.0,0.0,0.0,0.0,0.0,0.0,0.0,1.0,0.0,0.0,1.0,1.0,1.0,1.0,0.0,1.0,1.0,1.0,,0.0,,0.0,0.0,,0.0,0.0,0.0,1.0,0.0,1.0,0.0,0.0,0.0,1.0,1.0,1.0,0.0,0.0,0.0,0.0,1.0,,,0.0,0.0,0.0,0.0,1.0,0.0,1.0,1.0,0.0,0.0,,,1.0,1.0,0.0,0.0,0.0,0.0,0.0,0.0,0.0,0.0,1.0,,0.0,1.0,0.0,1.0,0.0,0.0,1.0,1.0,1.0,1.0,0.0,0.0,0.0,1.0,0.0,0.0,0.0,0.0,0.0,1.0,1.0,1.0,0.0,0.0,0.0,0.0,1.0,0.0,0.0,1.0,1.0,0.0,0.0,1.0,0.0,0.0,0.0,1.0,1.0,0.0,1.0,1.0,0.0,1.0,1.0,1.0,1.0,0.0,0.0,1.0,0.0,0.0,0.0,0.0,0.0,0.0,1.0,0.0,0.0
Edilázio Júnior,,0.0,1.0,0.0,1.0,1.0,1.0,1.0,0.0,1.0,0.0,1.0,0.0,1.0,0.0,1.0,0.0,,0.0,0.0,1.0,,,0.0,,,,1.0,0.0,1.0,0.0,1.0,0.0,0.0,0.0,0.0,1.0,1.0,0.0,0.0,0.0,0.0,0.0,1.0,0.0,1.0,,1.0,1.0,,0.0,,0.0,1.0,1.0,0.0,0.0,,0.0,,1.0,,1.0,0.0,0.0,1.0,1.0,1.0,,,0.0,,0.0,1.0,0.0,1.0,1.0,0.0,1.0,1.0,1.0,,1.0,0.0,0.0,1.0,1.0,1.0,1.0,1.0,1.0,1.0,1.0,0.0,1.0,1.0,1.0,1.0,,,,0.0,1.0,1.0,1.0,1.0,,0.0,1.0,1.0,1.0,0.0,0.0,1.0,1.0,1.0,0.0,0.0,0.0,0.0,1.0,0.0,0.0,0.0,0.0,1.0,0.0,0.0,0.0,0.0,1.0,0.0,0.0,0.0,0.0,1.0,1.0,1.0,1.0,,0.0,0.0,1.0,0.0,,1.0,0.0,,1.0,0.0,0.0,1.0,1.0,0.0,0.0,0.0,1.0,0.0,1.0,1.0,0.0,,1.0,0.0,,,0.0,0.0,1.0,,1.0,0.0,0.0,1.0,,,,1.0,1.0,1.0,1.0,1.0,0.0,1.0,1.0,1.0,1.0,1.0,1.0,,,1.0,0.0,1.0,,0.0,0.0,0.0,1.0,1.0,,1.0,0.0,,0.0,0.0,0.0,0.0,,0.0,0.0,0.0,1.0,1.0,0.0,0.0,1.0,0.0,0.0,,1.0,,1.0,0.0,1.0,1.0,1.0,1.0,1.0,0.0,0.0,0.0,0.0,1.0,1.0,1.0,0.0,1.0,0.0,0.0,1.0,0.0,0.0,0.0,1.0,1.0,0.0,0.0,,1.0,1.0,1.0,1.0,0.0,0.0,0.0,,,,1.0,1.0,1.0,1.0,1.0,1.0,1.0,1.0,1.0,1.0,0.0,1.0,0.0,0.0,,0.0,1.0,0.0,0.0,,0.0,1.0,1.0,1.0,1.0,0.0,0.0,,0.0,1.0,1.0,1.0,0.0,,0.0,1.0,1.0,1.0,,,,1.0,0.0,1.0,1.0,1.0,,0.0,1.0,,0.0,0.0,0.0,,1.0,,1.0,0.0,1.0,,1.0,,1.0,,0.0,1.0,1.0,1.0,1.0,1.0,1.0,1.0,1.0,,0.0,0.0,0.0,1.0,,0.0,0.0,0.0,0.0,1.0,1.0,1.0,1.0,1.0,0.0,0.0,0.0,0.0,1.0,1.0,0.0,,0.0,,,0.0,1.0,0.0,0.0,0.0,1.0,0.0,0.0,1.0,1.0,,1.0,1.0,0.0,0.0,1.0,1.0,0.0,1.0,,0.0,1.0,0.0,0.0,0.0,0.0,0.0,0.0,1.0,0.0,0.0,,1.0,1.0,,0.0,1.0,,1.0,0.0,0.0,0.0,0.0,0.0,,0.0,0.0,0.0,,0.0,1.0,,,1.0,1.0,0.0,1.0,0.0,0.0,0.0,,1.0,0.0,,,0.0,0.0,0.0,,,1.0,,,,1.0,0.0,1.0,1.0,,,,0.0,0.0,0.0,0.0,0.0,,1.0,,1.0,,1.0,0.0,,1.0,1.0,1.0,1.0,1.0,1.0,0.0,1.0,0.0,0.0,0.0,0.0,,,,1.0,0.0,0.0,0.0,0.0,1.0,1.0,,1.0,0.0,0.0,0.0,,0.0,0.0,0.0,1.0,,0.0,1.0,0.0,0.0,,1.0,1.0,1.0,0.0,,1.0,0.0,,,,,,,,0.0
Edio Lopes,,,1.0,0.0,1.0,1.0,,,,1.0,,1.0,1.0,1.0,1.0,,,,0.0,1.0,0.0,0.0,1.0,1.0,,1.0,,1.0,0.0,1.0,0.0,1.0,0.0,0.0,0.0,0.0,1.0,1.0,0.0,0.0,0.0,0.0,0.0,1.0,,1.0,0.0,,,,,1.0,0.0,1.0,1.0,0.0,0.0,1.0,0.0,1.0,,1.0,,,,1.0,1.0,,,0.0,0.0,,0.0,1.0,0.0,1.0,1.0,,,,1.0,,,,1.0,1.0,,,,1.0,1.0,1.0,1.0,0.0,,,1.0,1.0,0.0,,,0.0,,1.0,1.0,1.0,0.0,0.0,1.0,1.0,1.0,0.0,0.0,,,,,,,,,,,,,1.0,,0.0,0.0,,1.0,,0.0,,,,,1.0,1.0,0.0,0.0,,,0.0,0.0,1.0,,1.0,1.0,0.0,0.0,1.0,,0.0,0.0,0.0,1.0,0.0,1.0,1.0,0.0,0.0,,,,0.0,0.0,0.0,1.0,,,0.0,0.0,1.0,,,1.0,1.0,1.0,1.0,1.0,1.0,0.0,1.0,,,1.0,1.0,1.0,1.0,0.0,1.0,0.0,,0.0,,0.0,0.0,1.0,1.0,0.0,1.0,0.0,,0.0,,,,,,0.0,0.0,1.0,1.0,0.0,0.0,1.0,0.0,0.0,1.0,1.0,1.0,,,,1.0,1.0,1.0,1.0,0.0,0.0,0.0,0.0,1.0,1.0,1.0,,,,0.0,1.0,0.0,,0.0,1.0,1.0,0.0,0.0,0.0,,1.0,1.0,1.0,,,1.0,0.0,1.0,,1.0,1.0,1.0,1.0,1.0,1.0,1.0,1.0,0.0,1.0,0.0,1.0,0.0,,,,,0.0,0.0,1.0,0.0,1.0,,,,,0.0,0.0,0.0,1.0,,1.0,,,0.0,1.0,1.0,,,1.0,0.0,1.0,,1.0,0.0,,,,,,,,,,,,,,1.0,0.0,1.0,0.0,1.0,1.0,0.0,1.0,1.0,,,1.0,,1.0,,,0.0,0.0,0.0,1.0,0.0,0.0,,,0.0,1.0,,1.0,1.0,1.0,0.0,,,,,1.0,,1.0,0.0,,,0.0,,0.0,0.0,0.0,,,,,,,,,,0.0,,1.0,0.0,1.0,0.0,0.0,0.0,0.0,0.0,0.0,0.0,0.0,0.0,0.0,0.0,0.0,1.0,1.0,0.0,,0.0,1.0,,,,,,,,,,,,,,,,,,,,,,,,,,,,,,,,,,,,,,,,,,,,,,,,,,,,,,,,,,,,,,,,,,,,,,,,,,,,,,,,,,,,,,,,,,,,,1.0,,,,,1.0,0.0,,,0.0,,,,,,,,
Edmilson Rodrigues,,,1.0,1.0,1.0,1.0,1.0,,,,,,,,,,,,,,,,,,,1.0,1.0,0.0,0.0,0.0,,,,,1.0,1.0,,1.0,,1.0,1.0,1.0,0.0,0.0,,,,,,,,,,,,,,,,,,,0.0,,,,,1.0,,,,,,,,,0.0,1.0,0.0,,,1.0,1.0,0.0,1.0,,1.0,1.0,,,,,,,,,,,,0.0,0.0,1.0,,,,,,,,,,,,0.0,0.0,,,0.0,,,0.0,1.0,1.0,0.0,1.0,0.0,0.0,0.0,0.0,1.0,,1.0,1.0,1.0,1.0,0.0,0.0,0.0,1.0,0.0,0.0,0.0,,,,,,,0.0,,,,,,,,0.0,,0.0,,,,,,,,1.0,1.0,1.0,,,1.0,,,,,,,0.0,0.0,0.0,0.0,0.0,0.0,0.0,0.0,,0.0,0.0,0.0,1.0,0.0,1.0,0.0,1.0,1.0,1.0,1.0,,0.0,1.0,1.0,,,1.0,1.0,,1.0,0.0,1.0,1.0,1.0,0.0,1.0,1.0,0.0,0.0,1.0,1.0,0.0,0.0,0.0,0.0,,0.0,0.0,0.0,0.0,0.0,1.0,1.0,1.0,1.0,,,0.0,1.0,0.0,1.0,1.0,0.0,,1.0,1.0,,,1.0,1.0,1.0,1.0,1.0,,0.0,1.0,1.0,0.0,1.0,1.0,,1.0,0.0,1.0,0.0,0.0,0.0,0.0,0.0,1.0,0.0,1.0,0.0,1.0,1.0,1.0,1.0,0.0,0.0,1.0,0.0,1.0,0.0,0.0,,,,,,,,,0.0,,,1.0,0.0,0.0,0.0,0.0,0.0,1.0,0.0,,1.0,1.0,1.0,1.0,,0.0,,1.0,1.0,,,,,,1.0,,1.0,0.0,1.0,0.0,0.0,1.0,1.0,0.0,0.0,1.0,1.0,0.0,0.0,0.0,1.0,,1.0,,0.0,,1.0,1.0,1.0,1.0,1.0,0.0,0.0,0.0,0.0,1.0,1.0,,1.0,1.0,,1.0,0.0,1.0,,0.0,1.0,0.0,1.0,,0.0,0.0,1.0,,0.0,0.0,,,,,,1.0,0.0,1.0,1.0,1.0,1.0,0.0,1.0,,,1.0,,0.0,1.0,1.0,1.0,1.0,1.0,1.0,1.0,,1.0,0.0,,,,,,,,,,1.0,0.0,1.0,0.0,,0.0,,,,,,,1.0,1.0,0.0,,,,,,,,,0.0,,1.0,,,,,,,,,,,,,,,,,,,,,,1.0,,0.0,,0.0,,1.0,,,1.0,,1.0,1.0,,,,,,,,,0.0,,1.0,1.0,,1.0,0.0,,,,0.0,0.0,1.0,,1.0,,0.0,0.0,0.0,1.0,1.0,1.0,0.0,1.0,0.0,0.0,0.0,0.0,0.0,1.0,0.0,1.0
Edna Henrique,0.0,0.0,1.0,0.0,1.0,1.0,1.0,1.0,0.0,,0.0,1.0,,,,,,,,,,,,1.0,0.0,1.0,0.0,0.0,1.0,1.0,1.0,1.0,0.0,0.0,0.0,0.0,1.0,1.0,0.0,1.0,0.0,,,,,1.0,0.0,1.0,1.0,0.0,0.0,1.0,0.0,1.0,1.0,0.0,0.0,1.0,,,,,,,0.0,,,,,,0.0,0.0,1.0,1.0,0.0,1.0,,,,1.0,1.0,1.0,,,0.0,1.0,1.0,1.0,,,,,,,,,1.0,1.0,,,,,,0.0,0.0,1.0,,0.0,1.0,1.0,1.0,1.0,1.0,1.0,1.0,1.0,0.0,1.0,0.0,0.0,1.0,0.0,0.0,1.0,,,,,,,,,,,,,,,1.0,0.0,0.0,0.0,1.0,0.0,0.0,1.0,0.0,1.0,1.0,,,,,,,,,0.0,1.0,1.0,0.0,0.0,,0.0,1.0,0.0,0.0,0.0,1.0,,,0.0,0.0,1.0,0.0,0.0,1.0,1.0,1.0,1.0,1.0,1.0,1.0,1.0,1.0,1.0,1.0,1.0,0.0,1.0,0.0,1.0,,1.0,0.0,,,,1.0,,,,,,,,,,,,,,,,,,,,,,,,,,,,,,,,,,,,,,,,,,,,1.0,,,,0.0,1.0,1.0,1.0,,,,,,0.0,1.0,1.0,,1.0,,1.0,1.0,1.0,,,1.0,0.0,1.0,1.0,,,1.0,,,,,,1.0,1.0,0.0,1.0,1.0,1.0,0.0,0.0,0.0,0.0,1.0,1.0,1.0,0.0,0.0,1.0,,,1.0,,,1.0,0.0,,,,1.0,0.0,,1.0,0.0,0.0,0.0,0.0,1.0,1.0,1.0,1.0,0.0,1.0,0.0,1.0,0.0,1.0,1.0,0.0,1.0,1.0,1.0,1.0,,,,,0.0,0.0,0.0,0.0,1.0,,,,,,,,,,,,,,,,,1.0,0.0,,0.0,1.0,1.0,,0.0,0.0,0.0,1.0,1.0,1.0,1.0,0.0,1.0,1.0,1.0,0.0,0.0,,,,1.0,0.0,0.0,1.0,0.0,1.0,1.0,1.0,,,,,,,,,,0.0,1.0,1.0,1.0,0.0,0.0,0.0,0.0,0.0,1.0,0.0,0.0,1.0,0.0,1.0,1.0,0.0,0.0,0.0,0.0,0.0,1.0,0.0,0.0,0.0,1.0,1.0,0.0,,0.0,0.0,0.0,0.0,1.0,0.0,1.0,1.0,0.0,0.0,1.0,,1.0,1.0,0.0,0.0,0.0,0.0,0.0,0.0,0.0,0.0,1.0,1.0,0.0,1.0,0.0,1.0,0.0,1.0,1.0,1.0,1.0,1.0,1.0,0.0,0.0,1.0,0.0,1.0,0.0,0.0,0.0,1.0,0.0,1.0,0.0,1.0,0.0,0.0,1.0,1.0,0.0,1.0,1.0,0.0,0.0,1.0,0.0,0.0,0.0,1.0,1.0,0.0,1.0,0.0,0.0,1.0,1.0,1.0,1.0,,0.0,1.0,0.0,,,,,,,,1.0
Eduardo Barbosa,,,1.0,0.0,1.0,1.0,1.0,1.0,0.0,1.0,0.0,1.0,0.0,1.0,0.0,1.0,1.0,0.0,1.0,0.0,1.0,1.0,1.0,1.0,0.0,1.0,0.0,,1.0,1.0,1.0,0.0,,0.0,0.0,0.0,1.0,1.0,0.0,0.0,0.0,0.0,0.0,1.0,1.0,1.0,0.0,1.0,1.0,,1.0,1.0,0.0,1.0,1.0,0.0,0.0,1.0,,1.0,1.0,1.0,,0.0,1.0,1.0,1.0,1.0,0.0,0.0,0.0,0.0,0.0,1.0,0.0,1.0,1.0,0.0,1.0,1.0,1.0,1.0,1.0,0.0,1.0,1.0,1.0,1.0,1.0,1.0,1.0,1.0,0.0,0.0,1.0,1.0,1.0,1.0,0.0,0.0,0.0,1.0,1.0,1.0,1.0,0.0,0.0,0.0,0.0,1.0,0.0,0.0,0.0,1.0,1.0,1.0,0.0,1.0,0.0,0.0,1.0,0.0,0.0,1.0,0.0,1.0,0.0,0.0,1.0,0.0,1.0,1.0,1.0,0.0,1.0,1.0,1.0,1.0,1.0,0.0,0.0,0.0,1.0,0.0,0.0,1.0,0.0,1.0,,0.0,0.0,1.0,1.0,0.0,0.0,0.0,1.0,0.0,1.0,1.0,0.0,0.0,1.0,,,,0.0,0.0,1.0,1.0,1.0,0.0,1.0,1.0,0.0,,1.0,1.0,1.0,1.0,1.0,1.0,,1.0,1.0,1.0,0.0,1.0,0.0,1.0,0.0,1.0,0.0,1.0,0.0,0.0,0.0,0.0,,,0.0,1.0,0.0,,1.0,0.0,,0.0,1.0,0.0,1.0,0.0,1.0,0.0,0.0,0.0,1.0,0.0,0.0,1.0,0.0,0.0,1.0,0.0,1.0,1.0,1.0,1.0,1.0,0.0,0.0,0.0,0.0,1.0,1.0,1.0,0.0,1.0,0.0,0.0,1.0,,1.0,0.0,0.0,1.0,0.0,0.0,,1.0,1.0,,1.0,1.0,0.0,1.0,0.0,1.0,0.0,1.0,1.0,1.0,1.0,1.0,1.0,1.0,1.0,0.0,1.0,1.0,1.0,1.0,0.0,0.0,0.0,1.0,0.0,0.0,1.0,0.0,1.0,1.0,1.0,1.0,0.0,0.0,,0.0,1.0,1.0,1.0,1.0,0.0,0.0,0.0,1.0,,,1.0,0.0,0.0,,1.0,1.0,1.0,0.0,0.0,1.0,0.0,0.0,0.0,0.0,1.0,1.0,1.0,1.0,0.0,1.0,0.0,1.0,0.0,1.0,1.0,,1.0,1.0,1.0,1.0,1.0,1.0,1.0,1.0,0.0,0.0,,0.0,1.0,0.0,0.0,0.0,0.0,0.0,1.0,1.0,0.0,1.0,0.0,0.0,1.0,,1.0,1.0,1.0,1.0,1.0,0.0,0.0,1.0,1.0,0.0,1.0,0.0,0.0,1.0,1.0,0.0,1.0,0.0,1.0,0.0,0.0,0.0,0.0,1.0,1.0,0.0,0.0,0.0,,1.0,,1.0,1.0,0.0,0.0,0.0,1.0,0.0,1.0,1.0,1.0,1.0,1.0,0.0,1.0,1.0,1.0,0.0,0.0,0.0,,0.0,1.0,0.0,0.0,0.0,1.0,0.0,1.0,0.0,0.0,1.0,0.0,0.0,1.0,0.0,0.0,0.0,0.0,1.0,0.0,0.0,0.0,0.0,0.0,0.0,1.0,0.0,1.0,1.0,0.0,0.0,1.0,0.0,1.0,1.0,0.0,0.0,,0.0,0.0,0.0,,0.0,1.0,1.0,0.0,1.0,0.0,0.0,0.0,1.0,1.0,1.0,,1.0,1.0,0.0,0.0,1.0,0.0,1.0,0.0,0.0,,1.0,0.0,1.0,0.0,0.0,0.0,0.0,1.0,1.0,0.0,1.0,1.0,0.0,0.0,1.0,0.0,0.0,0.0,1.0,0.0,0.0,1.0,0.0,,1.0,1.0,1.0,1.0,0.0,0.0,1.0,0.0,0.0,0.0,0.0,0.0,0.0,1.0,0.0,0.0
Eduardo Bismarck,1.0,1.0,1.0,1.0,1.0,1.0,1.0,,1.0,1.0,1.0,1.0,0.0,1.0,1.0,1.0,0.0,1.0,0.0,0.0,1.0,0.0,0.0,1.0,,1.0,1.0,0.0,1.0,0.0,0.0,0.0,0.0,0.0,0.0,0.0,1.0,1.0,0.0,1.0,0.0,0.0,0.0,1.0,0.0,1.0,0.0,1.0,1.0,0.0,0.0,1.0,0.0,1.0,1.0,0.0,1.0,1.0,0.0,1.0,1.0,1.0,1.0,0.0,0.0,0.0,1.0,1.0,0.0,0.0,0.0,0.0,0.0,1.0,,1.0,1.0,0.0,,1.0,1.0,,1.0,0.0,1.0,0.0,1.0,1.0,1.0,1.0,1.0,1.0,0.0,1.0,1.0,1.0,1.0,1.0,0.0,0.0,0.0,1.0,0.0,1.0,1.0,1.0,0.0,0.0,1.0,1.0,1.0,0.0,0.0,0.0,0.0,0.0,1.0,1.0,0.0,0.0,1.0,1.0,1.0,1.0,0.0,1.0,1.0,,1.0,1.0,1.0,0.0,1.0,1.0,1.0,0.0,0.0,0.0,1.0,0.0,0.0,0.0,1.0,1.0,,0.0,,,1.0,,,,1.0,0.0,0.0,,1.0,0.0,0.0,1.0,,0.0,,0.0,1.0,0.0,1.0,0.0,1.0,1.0,1.0,0.0,,,,,,,0.0,0.0,0.0,0.0,,0.0,0.0,0.0,0.0,0.0,0.0,0.0,1.0,0.0,1.0,1.0,0.0,0.0,1.0,1.0,1.0,1.0,0.0,1.0,,,0.0,0.0,0.0,0.0,0.0,0.0,0.0,1.0,0.0,1.0,1.0,0.0,0.0,1.0,1.0,1.0,0.0,,0.0,1.0,0.0,0.0,0.0,0.0,0.0,1.0,1.0,1.0,1.0,0.0,1.0,0.0,1.0,0.0,1.0,1.0,0.0,1.0,1.0,1.0,0.0,0.0,1.0,1.0,1.0,1.0,1.0,1.0,0.0,1.0,1.0,0.0,1.0,1.0,0.0,1.0,1.0,1.0,1.0,1.0,0.0,0.0,1.0,0.0,1.0,1.0,0.0,1.0,1.0,0.0,0.0,0.0,1.0,1.0,0.0,1.0,0.0,0.0,0.0,0.0,0.0,1.0,1.0,1.0,0.0,0.0,1.0,1.0,0.0,1.0,0.0,0.0,0.0,0.0,0.0,1.0,0.0,1.0,1.0,1.0,1.0,0.0,0.0,1.0,0.0,0.0,0.0,0.0,1.0,1.0,1.0,1.0,1.0,1.0,1.0,0.0,1.0,1.0,1.0,1.0,1.0,0.0,1.0,1.0,1.0,1.0,1.0,0.0,1.0,0.0,0.0,0.0,1.0,1.0,0.0,0.0,0.0,1.0,1.0,1.0,0.0,0.0,0.0,1.0,1.0,0.0,1.0,1.0,1.0,1.0,0.0,1.0,0.0,,1.0,0.0,1.0,0.0,0.0,1.0,0.0,1.0,0.0,0.0,0.0,1.0,1.0,0.0,0.0,1.0,0.0,1.0,1.0,1.0,0.0,0.0,0.0,1.0,1.0,1.0,1.0,0.0,1.0,0.0,0.0,1.0,1.0,1.0,1.0,0.0,1.0,0.0,1.0,,,,,,1.0,1.0,,1.0,0.0,1.0,0.0,0.0,0.0,0.0,1.0,,,1.0,1.0,1.0,1.0,0.0,,,,,,,,,0.0,0.0,1.0,1.0,0.0,1.0,0.0,0.0,1.0,,,,,,,,,,,1.0,1.0,0.0,0.0,1.0,1.0,1.0,0.0,0.0,0.0,0.0,1.0,1.0,1.0,1.0,1.0,1.0,1.0,0.0,0.0,0.0,1.0,1.0,0.0,1.0,1.0,0.0,1.0,1.0,1.0,1.0,1.0,1.0,1.0,1.0,1.0,0.0,1.0,0.0,1.0,1.0,0.0,1.0,0.0,0.0,1.0,1.0,1.0,0.0,1.0,0.0,0.0,0.0,0.0,0.0,1.0,0.0,1.0
Eduardo Bolsonaro,0.0,0.0,1.0,0.0,1.0,1.0,0.0,1.0,0.0,1.0,0.0,1.0,1.0,0.0,0.0,1.0,0.0,0.0,1.0,0.0,0.0,0.0,,0.0,0.0,0.0,,,1.0,1.0,,,,0.0,0.0,0.0,1.0,0.0,,0.0,0.0,0.0,,,,1.0,0.0,1.0,1.0,0.0,0.0,1.0,,0.0,0.0,1.0,1.0,1.0,,0.0,1.0,1.0,1.0,,,1.0,0.0,0.0,,,0.0,,,1.0,0.0,1.0,1.0,0.0,,1.0,1.0,1.0,1.0,0.0,0.0,1.0,0.0,0.0,1.0,,,,1.0,0.0,0.0,0.0,1.0,1.0,0.0,0.0,1.0,0.0,1.0,0.0,0.0,0.0,0.0,1.0,0.0,0.0,0.0,1.0,1.0,1.0,1.0,1.0,0.0,0.0,,0.0,1.0,0.0,0.0,0.0,,,,0.0,,0.0,1.0,0.0,0.0,0.0,,1.0,1.0,1.0,0.0,,0.0,0.0,1.0,0.0,1.0,1.0,0.0,1.0,1.0,0.0,0.0,1.0,1.0,0.0,,,1.0,0.0,1.0,1.0,,,,0.0,,0.0,,,1.0,1.0,1.0,0.0,0.0,1.0,0.0,,1.0,1.0,1.0,1.0,1.0,1.0,,,,,,,,1.0,0.0,1.0,0.0,1.0,,0.0,0.0,0.0,1.0,0.0,0.0,,0.0,,0.0,0.0,0.0,0.0,1.0,0.0,0.0,0.0,1.0,1.0,0.0,0.0,1.0,0.0,0.0,1.0,1.0,1.0,1.0,,1.0,1.0,,,1.0,0.0,0.0,,,1.0,1.0,,0.0,1.0,0.0,0.0,1.0,0.0,0.0,,1.0,,0.0,0.0,0.0,,1.0,1.0,1.0,0.0,0.0,0.0,0.0,0.0,0.0,1.0,1.0,1.0,,1.0,1.0,1.0,,0.0,1.0,0.0,,0.0,0.0,0.0,,1.0,,0.0,1.0,0.0,1.0,,1.0,,0.0,0.0,0.0,0.0,1.0,1.0,1.0,0.0,0.0,0.0,1.0,1.0,1.0,0.0,,0.0,1.0,0.0,0.0,0.0,1.0,0.0,0.0,1.0,0.0,0.0,0.0,0.0,1.0,1.0,1.0,,0.0,,0.0,,0.0,1.0,1.0,0.0,1.0,1.0,1.0,1.0,1.0,1.0,1.0,1.0,0.0,0.0,0.0,0.0,1.0,0.0,0.0,0.0,0.0,0.0,1.0,1.0,1.0,1.0,1.0,0.0,0.0,0.0,0.0,1.0,1.0,0.0,1.0,0.0,0.0,1.0,0.0,1.0,0.0,0.0,0.0,1.0,0.0,0.0,1.0,1.0,0.0,1.0,1.0,0.0,0.0,1.0,1.0,0.0,1.0,0.0,0.0,0.0,0.0,0.0,0.0,0.0,0.0,,0.0,0.0,0.0,1.0,1.0,0.0,1.0,0.0,1.0,1.0,0.0,0.0,0.0,0.0,0.0,0.0,1.0,0.0,0.0,0.0,1.0,0.0,1.0,1.0,1.0,1.0,1.0,0.0,1.0,0.0,0.0,0.0,0.0,1.0,0.0,0.0,0.0,0.0,0.0,0.0,1.0,0.0,1.0,1.0,0.0,0.0,1.0,0.0,1.0,1.0,0.0,0.0,0.0,0.0,,0.0,0.0,0.0,1.0,1.0,0.0,1.0,0.0,1.0,0.0,0.0,0.0,0.0,1.0,1.0,1.0,1.0,0.0,1.0,0.0,0.0,0.0,0.0,0.0,1.0,,1.0,,0.0,0.0,0.0,0.0,1.0,,0.0,0.0,0.0,0.0,1.0,,0.0,,,1.0,0.0,1.0,0.0,,1.0,1.0,1.0,1.0,0.0,0.0,1.0,0.0,1.0,1.0,0.0,0.0,0.0,1.0,0.0,0.0
Eduardo Braide,,,1.0,1.0,1.0,1.0,1.0,,,,,,,,,,,,,,,,,,0.0,1.0,1.0,0.0,1.0,0.0,0.0,1.0,0.0,,0.0,0.0,1.0,1.0,0.0,1.0,1.0,1.0,0.0,1.0,0.0,,,,,,,,,,,,,,0.0,,,,0.0,,0.0,,,0.0,,,1.0,0.0,0.0,1.0,0.0,,,,,,1.0,1.0,1.0,0.0,0.0,1.0,1.0,1.0,,,,,,,,,,,,0.0,0.0,1.0,,,,,,,,,,,,,0.0,,,0.0,0.0,0.0,1.0,,,0.0,0.0,1.0,0.0,1.0,1.0,1.0,1.0,0.0,1.0,1.0,1.0,1.0,1.0,0.0,1.0,0.0,0.0,0.0,,,,,,,0.0,0.0,0.0,1.0,,0.0,0.0,0.0,1.0,,0.0,0.0,,0.0,0.0,0.0,1.0,0.0,0.0,0.0,1.0,,,,,0.0,,1.0,,,,,0.0,0.0,0.0,0.0,0.0,0.0,0.0,,0.0,1.0,1.0,0.0,1.0,,0.0,0.0,1.0,1.0,1.0,,0.0,1.0,,,1.0,1.0,1.0,1.0,1.0,0.0,1.0,0.0,0.0,1.0,1.0,,1.0,,1.0,1.0,0.0,0.0,0.0,1.0,1.0,0.0,0.0,,0.0,1.0,1.0,0.0,,0.0,1.0,0.0,1.0,0.0,0.0,1.0,,,1.0,,,0.0,1.0,1.0,1.0,1.0,1.0,1.0,0.0,1.0,1.0,0.0,1.0,1.0,0.0,1.0,,1.0,,1.0,0.0,0.0,1.0,0.0,1.0,1.0,0.0,1.0,1.0,1.0,1.0,0.0,,,0.0,1.0,0.0,0.0,0.0,0.0,0.0,0.0,0.0,,,,,,,1.0,1.0,0.0,0.0,1.0,1.0,1.0,0.0,1.0,0.0,1.0,1.0,,0.0,1.0,0.0,1.0,1.0,0.0,,,0.0,0.0,0.0,1.0,1.0,,1.0,1.0,1.0,1.0,1.0,1.0,0.0,1.0,1.0,1.0,1.0,0.0,0.0,0.0,0.0,0.0,0.0,1.0,0.0,1.0,,1.0,1.0,1.0,1.0,0.0,0.0,1.0,1.0,0.0,1.0,1.0,1.0,1.0,0.0,1.0,0.0,1.0,1.0,0.0,1.0,0.0,0.0,1.0,,0.0,1.0,1.0,1.0,,0.0,1.0,0.0,1.0,0.0,0.0,1.0,0.0,0.0,0.0,0.0,1.0,,1.0,1.0,0.0,1.0,0.0,1.0,1.0,1.0,1.0,1.0,0.0,1.0,,,,0.0,0.0,,,1.0,1.0,0.0,,0.0,1.0,0.0,,,0.0,0.0,,,0.0,,1.0,1.0,0.0,0.0,0.0,,0.0,,,,0.0,,,,1.0,,,,,1.0,0.0,,0.0,0.0,0.0,,0.0,1.0,1.0,0.0,1.0,,0.0,0.0,1.0,1.0,1.0,0.0,,,0.0,0.0,1.0,,0.0,0.0,,0.0,,,,0.0,,0.0,,,0.0,0.0,1.0,,1.0,,,0.0,0.0,,0.0,1.0,0.0,1.0,1.0,,1.0,,,1.0,,0.0,1.0,0.0,0.0,0.0,0.0,0.0,0.0,1.0,0.0,1.0
Eduardo Costa,0.0,0.0,1.0,0.0,1.0,1.0,1.0,1.0,1.0,1.0,0.0,1.0,0.0,1.0,0.0,1.0,,1.0,0.0,,,,0.0,1.0,0.0,1.0,0.0,1.0,0.0,1.0,0.0,1.0,0.0,0.0,0.0,0.0,1.0,0.0,0.0,0.0,0.0,1.0,0.0,1.0,0.0,1.0,,1.0,,,,1.0,,1.0,1.0,0.0,,1.0,,1.0,1.0,1.0,,0.0,,1.0,0.0,1.0,0.0,0.0,0.0,,,1.0,0.0,1.0,1.0,0.0,1.0,1.0,1.0,1.0,1.0,0.0,0.0,0.0,1.0,1.0,1.0,1.0,,1.0,1.0,0.0,1.0,1.0,1.0,1.0,0.0,,,1.0,1.0,1.0,1.0,1.0,0.0,0.0,1.0,1.0,1.0,0.0,0.0,1.0,1.0,1.0,0.0,0.0,0.0,0.0,1.0,0.0,0.0,0.0,0.0,1.0,0.0,0.0,0.0,0.0,,0.0,0.0,,0.0,1.0,1.0,1.0,1.0,,0.0,0.0,1.0,0.0,1.0,1.0,0.0,1.0,1.0,0.0,0.0,,1.0,0.0,0.0,,,,,,0.0,,1.0,,1.0,0.0,0.0,,1.0,1.0,,0.0,0.0,1.0,0.0,0.0,1.0,1.0,1.0,1.0,,1.0,0.0,1.0,1.0,1.0,0.0,,1.0,,0.0,1.0,1.0,1.0,0.0,0.0,0.0,0.0,1.0,1.0,,1.0,0.0,,0.0,0.0,,,1.0,0.0,0.0,0.0,1.0,1.0,0.0,0.0,,,0.0,1.0,1.0,1.0,,0.0,1.0,1.0,1.0,,1.0,,0.0,,0.0,1.0,,1.0,0.0,,0.0,,1.0,0.0,0.0,,1.0,,1.0,0.0,1.0,1.0,,,1.0,0.0,,1.0,0.0,1.0,,1.0,1.0,1.0,1.0,1.0,1.0,1.0,1.0,1.0,1.0,1.0,,0.0,0.0,0.0,0.0,1.0,0.0,0.0,,,,,,,0.0,,0.0,,,1.0,1.0,0.0,0.0,0.0,1.0,1.0,,,1.0,0.0,1.0,0.0,1.0,0.0,1.0,0.0,,,,,,,,1.0,1.0,1.0,0.0,1.0,,1.0,0.0,1.0,1.0,0.0,1.0,1.0,1.0,,1.0,1.0,1.0,1.0,0.0,0.0,0.0,0.0,1.0,0.0,0.0,0.0,0.0,0.0,,1.0,0.0,1.0,1.0,0.0,1.0,,0.0,1.0,1.0,1.0,1.0,,,,0.0,1.0,0.0,,0.0,1.0,0.0,0.0,1.0,1.0,,,1.0,0.0,0.0,,1.0,0.0,1.0,0.0,0.0,0.0,0.0,0.0,0.0,1.0,0.0,0.0,1.0,0.0,,1.0,,,1.0,0.0,,,1.0,,,,,0.0,1.0,0.0,,0.0,1.0,0.0,1.0,1.0,1.0,0.0,0.0,0.0,1.0,0.0,0.0,0.0,,1.0,0.0,,0.0,,,0.0,,0.0,1.0,1.0,0.0,,1.0,0.0,1.0,1.0,0.0,0.0,0.0,0.0,0.0,0.0,,0.0,1.0,1.0,0.0,1.0,0.0,1.0,0.0,0.0,1.0,1.0,1.0,1.0,1.0,1.0,0.0,1.0,0.0,0.0,0.0,0.0,0.0,1.0,,1.0,0.0,0.0,0.0,0.0,0.0,1.0,,1.0,1.0,0.0,0.0,1.0,0.0,0.0,0.0,1.0,1.0,,1.0,0.0,0.0,1.0,1.0,1.0,1.0,0.0,,1.0,0.0,0.0,,,0.0,0.0,1.0,0.0,0.0
Eduardo Cury,0.0,0.0,1.0,,0.0,1.0,0.0,1.0,0.0,1.0,0.0,1.0,1.0,0.0,1.0,0.0,0.0,0.0,0.0,0.0,1.0,1.0,0.0,0.0,,,,,0.0,,,1.0,,,0.0,,,1.0,,0.0,0.0,0.0,0.0,1.0,1.0,1.0,0.0,,1.0,,0.0,,0.0,1.0,,0.0,0.0,1.0,,1.0,1.0,1.0,1.0,,0.0,1.0,0.0,0.0,0.0,0.0,0.0,,0.0,1.0,0.0,,,0.0,1.0,,1.0,,,0.0,0.0,1.0,1.0,1.0,1.0,1.0,1.0,0.0,0.0,0.0,0.0,1.0,1.0,1.0,0.0,,,,,1.0,0.0,0.0,0.0,0.0,0.0,0.0,0.0,1.0,1.0,1.0,1.0,1.0,0.0,,0.0,,1.0,0.0,0.0,,0.0,0.0,0.0,0.0,0.0,0.0,0.0,1.0,1.0,1.0,1.0,1.0,1.0,1.0,1.0,0.0,0.0,0.0,1.0,0.0,0.0,1.0,0.0,1.0,1.0,0.0,0.0,1.0,1.0,0.0,0.0,0.0,1.0,0.0,,1.0,0.0,0.0,,,,0.0,0.0,,1.0,1.0,,1.0,0.0,1.0,,0.0,1.0,,1.0,1.0,1.0,1.0,1.0,1.0,1.0,1.0,1.0,,1.0,1.0,0.0,1.0,1.0,1.0,,0.0,0.0,,1.0,0.0,0.0,1.0,0.0,,0.0,0.0,0.0,0.0,1.0,0.0,1.0,0.0,1.0,0.0,0.0,,1.0,0.0,0.0,,0.0,0.0,1.0,0.0,1.0,1.0,1.0,1.0,1.0,0.0,0.0,0.0,,,1.0,1.0,0.0,1.0,0.0,0.0,,0.0,1.0,0.0,0.0,1.0,0.0,0.0,1.0,,1.0,1.0,1.0,0.0,0.0,1.0,0.0,1.0,0.0,1.0,1.0,,1.0,0.0,1.0,1.0,1.0,0.0,1.0,1.0,1.0,1.0,0.0,0.0,0.0,1.0,,,1.0,0.0,1.0,1.0,,1.0,0.0,,0.0,,,1.0,,1.0,,0.0,0.0,,1.0,1.0,1.0,,0.0,1.0,0.0,0.0,1.0,,0.0,1.0,,,,,1.0,1.0,1.0,1.0,,1.0,,1.0,0.0,1.0,1.0,,1.0,1.0,1.0,,1.0,1.0,1.0,1.0,,,0.0,0.0,,0.0,,0.0,0.0,0.0,,,0.0,1.0,1.0,,,,,,,1.0,,0.0,0.0,,1.0,0.0,1.0,,,1.0,1.0,0.0,1.0,0.0,1.0,0.0,0.0,0.0,,1.0,1.0,0.0,1.0,0.0,0.0,1.0,0.0,,1.0,0.0,0.0,0.0,0.0,0.0,1.0,1.0,1.0,0.0,1.0,0.0,1.0,1.0,1.0,,,0.0,0.0,,,0.0,0.0,0.0,1.0,0.0,1.0,,,1.0,0.0,0.0,1.0,0.0,0.0,0.0,0.0,1.0,,0.0,,0.0,0.0,0.0,1.0,0.0,1.0,1.0,0.0,0.0,1.0,,1.0,,0.0,,0.0,0.0,0.0,0.0,0.0,0.0,,,,1.0,,1.0,0.0,1.0,1.0,0.0,1.0,1.0,1.0,,0.0,1.0,0.0,1.0,0.0,,,,,,0.0,0.0,,0.0,1.0,,0.0,1.0,1.0,0.0,0.0,1.0,,,0.0,1.0,0.0,0.0,1.0,0.0,,1.0,1.0,1.0,1.0,0.0,,1.0,0.0,0.0,0.0,0.0,,,1.0,,
Eduardo da Fonte,0.0,1.0,1.0,1.0,1.0,1.0,1.0,1.0,1.0,,,1.0,0.0,1.0,,,,,,,,0.0,0.0,1.0,,1.0,,1.0,0.0,1.0,0.0,1.0,0.0,,,,,1.0,0.0,0.0,0.0,0.0,,1.0,,,0.0,1.0,1.0,0.0,0.0,1.0,,1.0,1.0,0.0,,,0.0,1.0,1.0,1.0,1.0,,,,1.0,1.0,0.0,0.0,0.0,0.0,0.0,1.0,0.0,1.0,1.0,0.0,1.0,,,1.0,1.0,0.0,0.0,,1.0,1.0,1.0,1.0,1.0,1.0,1.0,0.0,1.0,,1.0,1.0,0.0,,,0.0,0.0,1.0,1.0,1.0,0.0,0.0,1.0,1.0,1.0,0.0,0.0,1.0,1.0,1.0,0.0,0.0,0.0,0.0,,,,,,1.0,,,1.0,,1.0,0.0,0.0,0.0,0.0,1.0,1.0,1.0,1.0,,1.0,1.0,1.0,0.0,0.0,1.0,0.0,1.0,,,,,,,,,1.0,,,,,,,,,,1.0,0.0,1.0,1.0,1.0,0.0,0.0,1.0,0.0,0.0,1.0,1.0,1.0,1.0,1.0,1.0,0.0,1.0,1.0,1.0,1.0,1.0,1.0,1.0,0.0,1.0,0.0,1.0,,0.0,0.0,0.0,1.0,1.0,0.0,1.0,0.0,,0.0,0.0,0.0,0.0,1.0,0.0,0.0,0.0,1.0,1.0,0.0,,1.0,0.0,0.0,1.0,,1.0,1.0,0.0,1.0,1.0,1.0,,1.0,0.0,0.0,,0.0,1.0,1.0,1.0,0.0,1.0,0.0,,1.0,0.0,0.0,0.0,1.0,1.0,0.0,1.0,1.0,,1.0,,1.0,0.0,0.0,1.0,0.0,0.0,,1.0,1.0,1.0,1.0,1.0,1.0,1.0,1.0,1.0,1.0,0.0,,0.0,0.0,,0.0,1.0,,0.0,1.0,0.0,1.0,1.0,1.0,1.0,0.0,0.0,0.0,0.0,1.0,1.0,1.0,0.0,,0.0,1.0,1.0,1.0,,1.0,0.0,0.0,1.0,1.0,0.0,1.0,0.0,0.0,1.0,,0.0,0.0,0.0,1.0,1.0,1.0,1.0,0.0,1.0,0.0,1.0,0.0,1.0,1.0,0.0,1.0,1.0,1.0,1.0,1.0,1.0,1.0,1.0,0.0,0.0,0.0,0.0,1.0,,0.0,0.0,0.0,0.0,,1.0,1.0,1.0,1.0,0.0,0.0,0.0,0.0,1.0,1.0,1.0,1.0,0.0,0.0,,0.0,,0.0,0.0,0.0,1.0,0.0,0.0,1.0,1.0,0.0,1.0,1.0,0.0,0.0,,,0.0,1.0,0.0,0.0,1.0,,1.0,1.0,0.0,0.0,0.0,1.0,0.0,0.0,1.0,1.0,1.0,,,1.0,,0.0,0.0,0.0,,,,,,,0.0,1.0,0.0,1.0,1.0,1.0,1.0,1.0,0.0,1.0,,0.0,0.0,0.0,1.0,0.0,0.0,,0.0,,0.0,,0.0,1.0,1.0,0.0,0.0,1.0,0.0,1.0,,0.0,,,0.0,0.0,0.0,0.0,0.0,1.0,1.0,,1.0,,1.0,0.0,,1.0,1.0,1.0,1.0,,1.0,0.0,1.0,0.0,0.0,0.0,0.0,,1.0,,1.0,0.0,0.0,0.0,1.0,1.0,0.0,0.0,1.0,0.0,0.0,0.0,1.0,0.0,0.0,0.0,1.0,1.0,0.0,1.0,1.0,0.0,1.0,1.0,1.0,,,1.0,1.0,0.0,,,,,,,,0.0
Efraim Filho,0.0,,1.0,0.0,1.0,1.0,0.0,,,,,,,,,,,,,,,,,0.0,0.0,,0.0,1.0,0.0,1.0,,1.0,,,,,,1.0,0.0,0.0,0.0,0.0,0.0,1.0,,1.0,,1.0,1.0,,,,,1.0,,,,,0.0,,1.0,1.0,1.0,,0.0,,1.0,1.0,0.0,,0.0,0.0,,1.0,,1.0,1.0,0.0,1.0,,1.0,1.0,1.0,,0.0,1.0,1.0,1.0,1.0,,,,1.0,,,1.0,,,0.0,,,0.0,1.0,1.0,1.0,1.0,0.0,0.0,1.0,1.0,1.0,0.0,0.0,,,,,0.0,0.0,0.0,,0.0,0.0,,,1.0,,0.0,0.0,0.0,1.0,0.0,1.0,,,,1.0,,1.0,,0.0,0.0,,,1.0,1.0,0.0,1.0,1.0,0.0,,,,0.0,,,,,1.0,,,,,,1.0,,0.0,,1.0,,1.0,,,,0.0,,1.0,1.0,1.0,1.0,1.0,0.0,,1.0,1.0,,1.0,1.0,0.0,1.0,0.0,,0.0,1.0,0.0,0.0,0.0,0.0,1.0,1.0,0.0,1.0,,,0.0,0.0,0.0,0.0,,0.0,0.0,0.0,,0.0,0.0,,,0.0,,1.0,,,0.0,,1.0,,1.0,1.0,1.0,,0.0,,,,1.0,1.0,,1.0,,,1.0,,,0.0,0.0,,1.0,,,0.0,,1.0,1.0,0.0,0.0,,,1.0,0.0,1.0,1.0,1.0,1.0,,,,1.0,,1.0,0.0,,,,0.0,0.0,,,0.0,,,,,1.0,1.0,0.0,0.0,,0.0,,,1.0,,,0.0,1.0,,1.0,,,0.0,0.0,,1.0,1.0,1.0,,,1.0,,,0.0,,1.0,,1.0,,0.0,1.0,0.0,1.0,0.0,1.0,1.0,0.0,0.0,1.0,1.0,1.0,1.0,,1.0,,,0.0,,,,,0.0,0.0,,0.0,1.0,,1.0,1.0,1.0,0.0,1.0,,1.0,,,1.0,,,0.0,1.0,,,,0.0,,,0.0,,1.0,,,,,,,1.0,1.0,,1.0,,,,,,,,,0.0,1.0,0.0,0.0,1.0,,1.0,,,1.0,,,0.0,,,,,,,0.0,0.0,1.0,,1.0,,1.0,,1.0,,,0.0,,,,,,,,,0.0,,,,,,,0.0,,0.0,,,0.0,,0.0,0.0,,,,,1.0,,,1.0,,,,,,1.0,,,,,,,,,,,,1.0,,,,,,,,,,1.0,,,0.0,,,,0.0,1.0,,,,,,1.0,,,,,,1.0,0.0,,,0.0,,0.0,,0.0,
Elcione Barbalho,1.0,,1.0,0.0,1.0,1.0,1.0,1.0,0.0,,1.0,1.0,0.0,1.0,0.0,1.0,0.0,1.0,0.0,0.0,1.0,,,,0.0,1.0,0.0,1.0,0.0,,,,,,,,,,,,,,,1.0,,1.0,,1.0,1.0,0.0,0.0,1.0,0.0,1.0,1.0,0.0,0.0,,,,,,,0.0,,,,,0.0,0.0,,0.0,,1.0,0.0,1.0,,,,,1.0,,,,0.0,1.0,1.0,1.0,1.0,,,,1.0,0.0,1.0,,1.0,1.0,0.0,0.0,0.0,0.0,1.0,1.0,1.0,1.0,0.0,0.0,1.0,1.0,1.0,0.0,0.0,1.0,1.0,1.0,0.0,0.0,,0.0,1.0,0.0,0.0,0.0,0.0,1.0,1.0,1.0,1.0,0.0,1.0,0.0,0.0,0.0,0.0,1.0,1.0,1.0,1.0,0.0,0.0,1.0,1.0,0.0,0.0,1.0,0.0,1.0,,,,,1.0,1.0,,,1.0,,,,,,,,,,0.0,,1.0,1.0,1.0,0.0,0.0,1.0,0.0,0.0,1.0,1.0,1.0,1.0,1.0,1.0,0.0,1.0,1.0,1.0,1.0,,,1.0,0.0,1.0,,,0.0,,0.0,0.0,1.0,1.0,0.0,1.0,1.0,,,0.0,0.0,0.0,1.0,0.0,0.0,0.0,1.0,1.0,0.0,0.0,,0.0,0.0,1.0,1.0,1.0,1.0,0.0,1.0,1.0,1.0,1.0,1.0,0.0,0.0,,0.0,1.0,1.0,1.0,0.0,1.0,0.0,0.0,1.0,0.0,0.0,0.0,1.0,1.0,0.0,0.0,0.0,1.0,1.0,1.0,1.0,0.0,0.0,1.0,0.0,1.0,0.0,1.0,,1.0,1.0,1.0,1.0,1.0,1.0,1.0,1.0,0.0,1.0,0.0,0.0,0.0,0.0,1.0,1.0,0.0,1.0,0.0,1.0,1.0,1.0,1.0,0.0,0.0,0.0,0.0,1.0,1.0,1.0,0.0,0.0,0.0,1.0,1.0,1.0,0.0,1.0,,0.0,1.0,,1.0,1.0,0.0,,1.0,0.0,0.0,0.0,0.0,1.0,1.0,1.0,1.0,,,,,,,,,,,,,,,,,0.0,0.0,0.0,0.0,1.0,0.0,,,,,,,,,,,,,,,,1.0,1.0,0.0,0.0,1.0,0.0,0.0,0.0,0.0,,1.0,,0.0,1.0,1.0,0.0,1.0,1.0,0.0,0.0,1.0,1.0,0.0,,0.0,0.0,1.0,0.0,0.0,0.0,0.0,0.0,0.0,1.0,0.0,0.0,1.0,1.0,1.0,1.0,,1.0,1.0,1.0,0.0,0.0,0.0,0.0,,1.0,0.0,,,,,,,0.0,0.0,1.0,1.0,1.0,0.0,0.0,1.0,0.0,1.0,0.0,0.0,0.0,0.0,0.0,,1.0,,,1.0,,0.0,1.0,0.0,1.0,1.0,0.0,0.0,0.0,0.0,0.0,0.0,0.0,0.0,1.0,1.0,0.0,1.0,0.0,1.0,0.0,0.0,1.0,1.0,1.0,1.0,1.0,0.0,0.0,1.0,0.0,1.0,1.0,0.0,0.0,1.0,,,0.0,0.0,,1.0,1.0,0.0,0.0,1.0,1.0,0.0,0.0,1.0,0.0,0.0,0.0,1.0,1.0,0.0,1.0,1.0,0.0,1.0,1.0,1.0,1.0,0.0,0.0,1.0,0.0,0.0,0.0,0.0,0.0,0.0,1.0,0.0,0.0
Eleuses Paiva,0.0,,,,,,,1.0,0.0,,,,,,,,,,,,,,,,,,,,,,,,,,,,,,,,,,,,,1.0,0.0,1.0,,,,,,,,,,,,,,,,,,,,,,,,,,,,,,,,,,,,,,,,,,,,,,,,,,,,,,,,,,,,,,,,,,,,,,,,,,,,,,,,,,,,,,,,,,,,,,,1.0,0.0,0.0,1.0,0.0,1.0,,,,,,,,,,,,,,,,,,,,,,,,,,,,,,,,,,,,,,,,,,,,,,,,,,,,,,,,,,,,,,,,,,,,,,,,,,,,,,,,,,,,,,,,,,,,,,,,,,,,,,,,,,,,,,,,,,,,,,,,,,,,,,,,,,,,,,,,,,,,,,,,,,,,,,,,,,,,,,,,,,,,,,,,,,,,,,,,,,,,,,,,,,,,,,,,,,,,,,,,,,,,,,,,,,,,,,,,,,,,,,,,,,,,,,,,,,,,,,,,,,,,,,,,,,,,,,,,,,,,,,,,,,,,,,,,,,,,,,,,,,,,,,,,,,,,,,,,,,,,,,,,,,,,,,,,,,,,,,,,,,,,,,,,,,,,,,,,,,,,,,,,,,,,,,,,,,,,,
Eli Borges,,0.0,1.0,0.0,,1.0,,1.0,0.0,1.0,,1.0,1.0,0.0,1.0,,,,,1.0,,,1.0,1.0,0.0,1.0,0.0,0.0,0.0,1.0,0.0,1.0,0.0,0.0,0.0,0.0,1.0,1.0,0.0,1.0,1.0,0.0,0.0,,0.0,1.0,,,1.0,,0.0,,1.0,1.0,1.0,0.0,0.0,1.0,,1.0,1.0,1.0,1.0,0.0,0.0,,0.0,1.0,,,0.0,0.0,1.0,1.0,0.0,1.0,1.0,,1.0,1.0,1.0,1.0,1.0,0.0,1.0,1.0,,,1.0,1.0,1.0,1.0,,0.0,0.0,,,1.0,0.0,,,0.0,1.0,0.0,0.0,0.0,0.0,1.0,0.0,0.0,0.0,1.0,1.0,,,,,,,,,,,,0.0,1.0,0.0,1.0,0.0,,1.0,0.0,0.0,0.0,0.0,1.0,1.0,1.0,1.0,0.0,0.0,0.0,1.0,,1.0,1.0,0.0,1.0,1.0,0.0,0.0,1.0,1.0,,0.0,0.0,1.0,1.0,1.0,1.0,0.0,0.0,,,,0.0,0.0,,1.0,1.0,1.0,0.0,0.0,0.0,0.0,,1.0,1.0,0.0,0.0,1.0,0.0,0.0,1.0,1.0,1.0,0.0,1.0,0.0,,,0.0,0.0,,,0.0,1.0,0.0,1.0,0.0,0.0,1.0,0.0,,1.0,,,1.0,1.0,0.0,1.0,0.0,1.0,1.0,0.0,0.0,1.0,0.0,1.0,,1.0,1.0,1.0,0.0,1.0,1.0,1.0,1.0,1.0,,0.0,,0.0,1.0,1.0,1.0,0.0,1.0,0.0,1.0,0.0,0.0,0.0,1.0,1.0,,1.0,1.0,1.0,1.0,,,0.0,0.0,,1.0,0.0,1.0,0.0,1.0,1.0,1.0,1.0,,0.0,1.0,1.0,,1.0,0.0,0.0,0.0,,0.0,0.0,,,0.0,1.0,0.0,1.0,1.0,1.0,1.0,0.0,0.0,0.0,0.0,1.0,1.0,1.0,1.0,,0.0,1.0,1.0,0.0,0.0,1.0,1.0,1.0,,1.0,1.0,,,,,,,,,,,,,0.0,1.0,0.0,1.0,1.0,1.0,1.0,0.0,0.0,1.0,0.0,1.0,1.0,1.0,1.0,1.0,0.0,0.0,0.0,,1.0,0.0,0.0,0.0,0.0,0.0,1.0,1.0,1.0,,0.0,0.0,1.0,0.0,1.0,1.0,,1.0,1.0,,0.0,,0.0,0.0,0.0,0.0,,1.0,0.0,0.0,1.0,1.0,0.0,1.0,1.0,0.0,,1.0,1.0,0.0,1.0,,,1.0,0.0,0.0,0.0,,0.0,0.0,1.0,0.0,0.0,1.0,1.0,1.0,1.0,,,,1.0,,,,,,,,,,,,,,,,,,,,,,,,,,,,,,,,,,,,,,,,,,,,,,,,,,,,,,,,1.0,0.0,,,,,0.0,1.0,0.0,,0.0,,0.0,1.0,1.0,0.0,0.0,1.0,0.0,0.0,,1.0,,1.0,1.0,0.0,0.0,,0.0,0.0,0.0,1.0,,,,0.0,,,,,1.0,,,1.0,,,,,,,1.0,,
Eli Corrêa Filho,0.0,0.0,1.0,0.0,1.0,1.0,1.0,1.0,0.0,1.0,0.0,1.0,0.0,1.0,0.0,1.0,0.0,1.0,0.0,0.0,1.0,0.0,0.0,0.0,,1.0,,,,1.0,0.0,1.0,0.0,,0.0,0.0,1.0,1.0,,0.0,,0.0,0.0,,0.0,1.0,,1.0,1.0,0.0,0.0,,0.0,1.0,1.0,0.0,0.0,1.0,,1.0,,,,,,1.0,,1.0,,0.0,0.0,0.0,,1.0,,1.0,,,,1.0,,,,,0.0,1.0,1.0,1.0,1.0,1.0,1.0,1.0,1.0,0.0,1.0,1.0,,,0.0,0.0,0.0,0.0,1.0,1.0,1.0,1.0,0.0,0.0,1.0,1.0,1.0,0.0,0.0,1.0,1.0,1.0,0.0,0.0,0.0,0.0,1.0,0.0,0.0,0.0,0.0,1.0,0.0,0.0,0.0,0.0,1.0,0.0,1.0,0.0,0.0,1.0,1.0,1.0,,,,,1.0,0.0,0.0,1.0,0.0,1.0,,,,,,,,,,,,,,,,,,,0.0,0.0,,1.0,1.0,0.0,,,,,,,,,,,,,,,,,,1.0,0.0,1.0,0.0,1.0,0.0,0.0,0.0,0.0,,,0.0,1.0,,,0.0,0.0,0.0,0.0,1.0,0.0,0.0,0.0,1.0,0.0,0.0,0.0,1.0,0.0,0.0,1.0,1.0,1.0,0.0,0.0,1.0,1.0,1.0,1.0,1.0,0.0,0.0,0.0,0.0,1.0,1.0,1.0,0.0,1.0,0.0,0.0,1.0,0.0,0.0,0.0,0.0,0.0,1.0,0.0,1.0,,1.0,,1.0,0.0,0.0,1.0,0.0,,,,,,,,1.0,1.0,,1.0,,0.0,1.0,0.0,0.0,0.0,0.0,1.0,1.0,0.0,1.0,0.0,1.0,1.0,1.0,1.0,0.0,0.0,0.0,0.0,1.0,1.0,1.0,0.0,0.0,0.0,1.0,1.0,1.0,,1.0,0.0,0.0,1.0,1.0,1.0,1.0,0.0,0.0,1.0,0.0,0.0,0.0,0.0,1.0,1.0,1.0,1.0,0.0,1.0,0.0,1.0,0.0,1.0,1.0,0.0,0.0,1.0,1.0,1.0,1.0,1.0,1.0,1.0,0.0,0.0,0.0,0.0,1.0,0.0,0.0,0.0,0.0,0.0,1.0,1.0,0.0,1.0,1.0,0.0,1.0,0.0,1.0,,1.0,1.0,1.0,0.0,0.0,1.0,1.0,0.0,0.0,0.0,0.0,1.0,0.0,0.0,1.0,1.0,0.0,1.0,1.0,0.0,0.0,1.0,1.0,0.0,1.0,0.0,0.0,1.0,0.0,1.0,0.0,0.0,0.0,0.0,1.0,0.0,0.0,1.0,1.0,1.0,1.0,0.0,1.0,1.0,1.0,0.0,0.0,0.0,0.0,0.0,1.0,0.0,0.0,0.0,1.0,0.0,1.0,1.0,1.0,1.0,1.0,0.0,1.0,0.0,0.0,0.0,0.0,1.0,0.0,0.0,0.0,0.0,0.0,0.0,1.0,0.0,1.0,1.0,0.0,0.0,1.0,0.0,1.0,1.0,0.0,0.0,0.0,0.0,0.0,0.0,0.0,0.0,1.0,1.0,0.0,1.0,0.0,0.0,0.0,1.0,1.0,1.0,0.0,1.0,0.0,0.0,0.0,1.0,0.0,0.0,0.0,0.0,0.0,1.0,1.0,1.0,0.0,0.0,0.0,0.0,1.0,1.0,0.0,1.0,0.0,0.0,0.0,1.0,0.0,0.0,0.0,1.0,1.0,0.0,1.0,0.0,0.0,1.0,1.0,1.0,1.0,0.0,0.0,1.0,0.0,0.0,0.0,0.0,0.0,0.0,1.0,0.0,0.0
Elias Vaz,1.0,1.0,1.0,1.0,1.0,1.0,1.0,1.0,1.0,1.0,1.0,1.0,1.0,0.0,,1.0,1.0,0.0,1.0,1.0,1.0,0.0,0.0,1.0,,1.0,1.0,0.0,1.0,0.0,1.0,0.0,1.0,,,1.0,0.0,1.0,1.0,,,1.0,0.0,0.0,1.0,1.0,,1.0,1.0,0.0,0.0,1.0,0.0,1.0,1.0,0.0,0.0,1.0,,1.0,,1.0,,0.0,0.0,0.0,,1.0,1.0,1.0,0.0,1.0,1.0,0.0,1.0,0.0,0.0,1.0,,1.0,,1.0,1.0,0.0,1.0,0.0,1.0,1.0,1.0,1.0,,1.0,0.0,1.0,1.0,1.0,1.0,1.0,1.0,0.0,0.0,1.0,0.0,1.0,1.0,1.0,0.0,0.0,1.0,1.0,1.0,0.0,0.0,1.0,0.0,0.0,1.0,0.0,0.0,0.0,1.0,0.0,1.0,0.0,1.0,0.0,0.0,1.0,1.0,1.0,0.0,,1.0,1.0,1.0,0.0,0.0,0.0,1.0,0.0,0.0,0.0,1.0,1.0,0.0,0.0,0.0,1.0,0.0,,0.0,,1.0,0.0,0.0,0.0,1.0,,0.0,0.0,,0.0,0.0,0.0,,0.0,1.0,0.0,1.0,1.0,1.0,0.0,,,,,,,0.0,0.0,0.0,0.0,0.0,0.0,0.0,0.0,0.0,0.0,0.0,0.0,1.0,0.0,1.0,1.0,,0.0,1.0,1.0,1.0,0.0,0.0,1.0,,,1.0,1.0,,1.0,0.0,1.0,1.0,1.0,0.0,1.0,1.0,0.0,1.0,1.0,1.0,0.0,0.0,0.0,0.0,1.0,0.0,0.0,0.0,0.0,0.0,1.0,1.0,1.0,1.0,0.0,1.0,0.0,1.0,0.0,1.0,1.0,0.0,1.0,1.0,1.0,1.0,0.0,1.0,1.0,1.0,1.0,1.0,0.0,0.0,1.0,1.0,0.0,1.0,1.0,0.0,1.0,,1.0,1.0,1.0,0.0,0.0,1.0,0.0,1.0,1.0,0.0,1.0,1.0,1.0,1.0,0.0,0.0,1.0,0.0,1.0,0.0,0.0,0.0,0.0,0.0,,0.0,0.0,1.0,1.0,1.0,0.0,0.0,1.0,0.0,0.0,0.0,1.0,0.0,1.0,0.0,0.0,0.0,1.0,1.0,0.0,0.0,1.0,0.0,1.0,1.0,0.0,0.0,0.0,0.0,0.0,1.0,1.0,1.0,0.0,1.0,1.0,1.0,1.0,1.0,0.0,0.0,1.0,1.0,1.0,1.0,0.0,0.0,0.0,1.0,1.0,0.0,1.0,0.0,1.0,1.0,1.0,1.0,1.0,1.0,0.0,0.0,1.0,1.0,,1.0,1.0,1.0,1.0,0.0,1.0,0.0,1.0,1.0,0.0,1.0,1.0,0.0,1.0,1.0,0.0,0.0,1.0,1.0,0.0,0.0,0.0,0.0,1.0,0.0,1.0,0.0,1.0,1.0,0.0,0.0,1.0,1.0,1.0,1.0,0.0,1.0,1.0,1.0,1.0,1.0,1.0,1.0,0.0,0.0,,,,,,,,1.0,,,1.0,0.0,1.0,0.0,0.0,0.0,,0.0,,,,1.0,1.0,1.0,0.0,,,,,,,,,0.0,0.0,,1.0,0.0,1.0,0.0,0.0,1.0,,,,,,,,,,,,1.0,0.0,0.0,1.0,1.0,1.0,0.0,0.0,,0.0,1.0,1.0,1.0,1.0,1.0,1.0,1.0,0.0,,0.0,1.0,1.0,0.0,1.0,1.0,0.0,1.0,1.0,1.0,1.0,1.0,0.0,0.0,0.0,1.0,0.0,1.0,0.0,1.0,1.0,,1.0,0.0,0.0,1.0,1.0,1.0,0.0,1.0,0.0,0.0,0.0,0.0,0.0,1.0,0.0,1.0
Eliza Virgínia,0.0,,,,,,,,,,0.0,1.0,,,,,,,,,,,,,,,,,,,,,,,,,,,,,,,,,,,,,,,,,,,,,,,,,,,,,,,,,,,,,,,,,,,,,,,,,,,,,,,,,,,,,,,,,,,,,,,,,,,,,,,,,,,,,,,,,,,,,,,,,,,,,,,,,,,,,,,,,,,,,,,,,,,,,,,,,,,,,,,,,,,,,,,,,,,,,,,,,,,,,,,,,,,,,,,,,,,,,,,,,,,,,,,,,,,,,,,,,,,,,,,,,,,,,,,,,,,,,,,,,,,,,,,,,,,,,,,,,,,,,,,,,,,,,,,,,,,,,,,,,,,,,,,,,,,,,,,,,,,,,,,,,,,,,,,,,,,,,,,,,,,,,,,,,,,,,,,,,,,,,,,,,,,,,,,,,,,,,,,,,,,,,,,,,,,,,,,,,,,,,,,,,,,,,,,,,,,,,,,,,,,,,,,,,,,,,,,,,,,,,,,,,,,,,,,,,,,,,,,,,,,,,,,,,,,,,,,,,,,,,,,,,,,,,,,,,,,,,,,,,,,,,,,,,,,,,
Elmar Nascimento,,,1.0,0.0,1.0,1.0,1.0,1.0,,,,,0.0,1.0,,1.0,0.0,,,0.0,,0.0,,0.0,,1.0,,,,,,,,,,0.0,,,,,0.0,,,,,,,,,,,,0.0,1.0,,,0.0,,,,1.0,1.0,1.0,,,,,1.0,,,0.0,,,,,1.0,,,,,,,,,0.0,1.0,1.0,1.0,,1.0,,1.0,1.0,0.0,,,,1.0,0.0,0.0,,0.0,1.0,1.0,1.0,1.0,,,1.0,1.0,1.0,0.0,0.0,1.0,,,0.0,0.0,0.0,0.0,,,0.0,,,1.0,0.0,0.0,0.0,0.0,1.0,,1.0,,,,1.0,1.0,1.0,,,0.0,,,,,,,,0.0,0.0,1.0,,,0.0,0.0,1.0,0.0,1.0,1.0,,,,,,,0.0,0.0,1.0,,1.0,,,1.0,,,,,,,1.0,,,,,,,,,1.0,,1.0,0.0,1.0,0.0,0.0,,,1.0,1.0,0.0,1.0,,,0.0,0.0,0.0,,1.0,0.0,,,1.0,0.0,0.0,,1.0,0.0,0.0,1.0,,,1.0,0.0,1.0,,,1.0,1.0,0.0,,,0.0,1.0,1.0,,0.0,1.0,0.0,0.0,1.0,,0.0,,0.0,,1.0,,1.0,,1.0,,1.0,,,1.0,0.0,1.0,,1.0,1.0,,,1.0,1.0,1.0,,,1.0,,,0.0,0.0,0.0,0.0,1.0,,,1.0,0.0,1.0,1.0,1.0,1.0,,0.0,0.0,,1.0,1.0,1.0,0.0,0.0,0.0,1.0,1.0,1.0,,1.0,0.0,0.0,,1.0,1.0,,0.0,,1.0,0.0,0.0,0.0,0.0,1.0,1.0,1.0,1.0,0.0,1.0,0.0,1.0,,1.0,1.0,0.0,0.0,1.0,1.0,1.0,1.0,1.0,1.0,1.0,0.0,0.0,,,,0.0,0.0,,,0.0,1.0,1.0,0.0,1.0,0.0,0.0,1.0,,1.0,1.0,,,1.0,0.0,0.0,1.0,1.0,,,0.0,0.0,1.0,,0.0,0.0,1.0,0.0,1.0,1.0,0.0,0.0,1.0,1.0,0.0,1.0,0.0,0.0,,0.0,1.0,0.0,0.0,0.0,0.0,1.0,0.0,,1.0,,1.0,,,1.0,,1.0,,0.0,0.0,0.0,,1.0,0.0,,0.0,1.0,0.0,1.0,1.0,,0.0,1.0,0.0,,,0.0,0.0,0.0,1.0,,,0.0,,0.0,0.0,,,1.0,,0.0,,1.0,,,,,0.0,,0.0,0.0,0.0,,,1.0,1.0,,1.0,,,,,1.0,,,,,,0.0,1.0,0.0,0.0,0.0,0.0,,1.0,,1.0,0.0,0.0,0.0,0.0,,,,1.0,0.0,,0.0,1.0,,0.0,0.0,,1.0,0.0,1.0,0.0,,1.0,,,1.0,,0.0,1.0,0.0,0.0,0.0,,,,,,0.0
Ely Santos,,,,,,,,,,1.0,,,1.0,0.0,1.0,1.0,1.0,0.0,1.0,0.0,0.0,0.0,,,,,,,,,,,,,,,,,,,,,,,,,,,,,,,,,,,,,,1.0,1.0,1.0,,,,1.0,1.0,,,,,,,,,,,,,,,,,,,,,,,,,,1.0,0.0,,,,1.0,,,,,,,,,,,,,,,,,,,,,,,,,,,,,,,,,,,,,,,,,,,,,,,,,,,,,,,,,,,,,,,,,,,,,,,,1.0,1.0,,,,,,,,,,,,,,,,,,,,,,,,,,,,,,,,,,,,,,,,,,,,,,,,,,,,,,,,,,,,,,,,,,,,,,,,,,,,,,,,,,,,,,,,,,,,,,,,,,,,,,,,,,,,,,,,,,,,,,,,,,,,,,,,,,,,,,,,,,,,,,,,,,,,,,,,,,,,,,,,,,,,,,,,,,,,,,,,,,,,,,,,,,,,,,,,,,,,,,,,,,,,,,,,,,,,,,,,,,,,,,,,,,,,,,,,,,,,,,,,,,,,,,,,,,,,,,,,,,,,,,,,,,,,,,,,,,,,,,,,,,,,,,,,,,,,,,,,,,,,,,,,,,,,,,,,,,,,,,,,,,,,,,,,,,,,,,
Emanuel Pinheiro Neto,,,1.0,1.0,1.0,1.0,1.0,,,1.0,,1.0,0.0,1.0,0.0,1.0,,,0.0,1.0,1.0,,0.0,1.0,0.0,1.0,0.0,0.0,0.0,1.0,0.0,1.0,0.0,,0.0,0.0,1.0,1.0,,1.0,0.0,1.0,0.0,,,0.0,0.0,0.0,1.0,0.0,,1.0,,,1.0,0.0,0.0,1.0,0.0,1.0,,,1.0,0.0,,1.0,,1.0,0.0,0.0,0.0,,0.0,1.0,0.0,1.0,1.0,0.0,1.0,,1.0,1.0,1.0,0.0,0.0,0.0,1.0,1.0,1.0,1.0,,1.0,1.0,0.0,1.0,1.0,1.0,1.0,,,0.0,1.0,1.0,1.0,1.0,1.0,0.0,0.0,1.0,1.0,1.0,0.0,0.0,,,,,,0.0,0.0,1.0,1.0,0.0,0.0,0.0,1.0,0.0,,0.0,0.0,1.0,,,,,,1.0,1.0,1.0,,,0.0,,,,,,,1.0,0.0,0.0,1.0,1.0,0.0,0.0,0.0,0.0,0.0,1.0,1.0,,,,,,,0.0,,1.0,1.0,1.0,0.0,0.0,1.0,0.0,0.0,1.0,1.0,1.0,1.0,1.0,0.0,0.0,1.0,1.0,1.0,0.0,0.0,1.0,1.0,0.0,1.0,1.0,,,1.0,0.0,1.0,1.0,1.0,0.0,1.0,0.0,,0.0,0.0,,,,0.0,0.0,,0.0,1.0,0.0,,0.0,,,1.0,0.0,,,,,,,,,,,,,,,,,,,,,,1.0,0.0,1.0,0.0,1.0,0.0,1.0,1.0,1.0,1.0,,,0.0,1.0,0.0,1.0,,1.0,1.0,,,,0.0,1.0,,,1.0,1.0,1.0,0.0,0.0,0.0,0.0,1.0,0.0,0.0,1.0,0.0,1.0,1.0,1.0,1.0,0.0,0.0,0.0,0.0,1.0,1.0,1.0,0.0,0.0,0.0,0.0,1.0,,,1.0,,1.0,1.0,0.0,0.0,1.0,,,,,,,,,,,1.0,0.0,1.0,0.0,1.0,,1.0,1.0,1.0,1.0,1.0,1.0,,1.0,1.0,1.0,1.0,0.0,0.0,0.0,0.0,1.0,0.0,0.0,0.0,0.0,0.0,1.0,1.0,0.0,1.0,0.0,0.0,1.0,,,1.0,1.0,1.0,1.0,0.0,0.0,,1.0,,0.0,,0.0,1.0,,,,,,0.0,,0.0,,1.0,1.0,0.0,1.0,0.0,,1.0,0.0,0.0,0.0,1.0,,0.0,1.0,0.0,0.0,1.0,1.0,1.0,1.0,0.0,1.0,,1.0,,0.0,0.0,,,,,0.0,0.0,1.0,0.0,1.0,,,1.0,1.0,0.0,1.0,0.0,0.0,0.0,0.0,,,,0.0,0.0,0.0,0.0,,,1.0,1.0,,0.0,1.0,0.0,1.0,1.0,0.0,0.0,0.0,0.0,0.0,0.0,0.0,0.0,1.0,1.0,0.0,1.0,0.0,0.0,,,1.0,1.0,1.0,0.0,0.0,1.0,,,,,1.0,,1.0,1.0,,0.0,,0.0,0.0,1.0,1.0,0.0,,1.0,1.0,0.0,1.0,,,,1.0,0.0,,0.0,1.0,1.0,,1.0,,,,0.0,0.0,1.0,0.0,,,,,0.0,1.0,,0.0
Emidinho Madeira,,,1.0,1.0,1.0,1.0,1.0,1.0,0.0,,0.0,1.0,,,,,,,,,,0.0,,,0.0,0.0,1.0,0.0,1.0,1.0,0.0,1.0,0.0,0.0,0.0,0.0,1.0,1.0,0.0,1.0,0.0,0.0,0.0,0.0,1.0,1.0,0.0,1.0,1.0,0.0,0.0,,0.0,1.0,1.0,0.0,0.0,1.0,0.0,1.0,1.0,1.0,1.0,0.0,0.0,,0.0,1.0,0.0,0.0,0.0,,0.0,1.0,0.0,1.0,1.0,0.0,1.0,1.0,1.0,1.0,1.0,0.0,0.0,1.0,1.0,1.0,1.0,1.0,,1.0,1.0,0.0,,1.0,,1.0,0.0,0.0,0.0,1.0,,,0.0,0.0,0.0,1.0,0.0,0.0,0.0,1.0,1.0,1.0,1.0,1.0,,0.0,,0.0,,,0.0,0.0,0.0,1.0,0.0,1.0,1.0,,0.0,1.0,1.0,0.0,0.0,1.0,1.0,1.0,1.0,,0.0,0.0,1.0,,0.0,1.0,0.0,1.0,1.0,0.0,0.0,1.0,1.0,0.0,0.0,,1.0,0.0,0.0,1.0,0.0,0.0,1.0,0.0,1.0,0.0,0.0,0.0,1.0,1.0,1.0,0.0,,,,0.0,,1.0,0.0,0.0,0.0,0.0,0.0,0.0,,,0.0,0.0,0.0,1.0,1.0,1.0,0.0,,0.0,0.0,0.0,0.0,,,0.0,,0.0,,0.0,0.0,0.0,0.0,,0.0,1.0,0.0,1.0,1.0,0.0,,,,1.0,,,0.0,0.0,0.0,1.0,1.0,1.0,0.0,0.0,0.0,0.0,0.0,0.0,1.0,1.0,1.0,0.0,1.0,0.0,0.0,1.0,1.0,1.0,1.0,1.0,,1.0,1.0,1.0,1.0,,,1.0,1.0,1.0,1.0,1.0,1.0,,1.0,1.0,,1.0,,0.0,0.0,1.0,0.0,1.0,1.0,1.0,1.0,0.0,0.0,0.0,1.0,,,,,,,,,0.0,0.0,0.0,0.0,1.0,1.0,1.0,0.0,,,1.0,0.0,,,1.0,0.0,0.0,1.0,0.0,,1.0,0.0,,1.0,0.0,0.0,0.0,0.0,1.0,,1.0,1.0,0.0,1.0,1.0,1.0,0.0,1.0,1.0,0.0,1.0,1.0,1.0,1.0,1.0,1.0,1.0,1.0,0.0,0.0,0.0,0.0,0.0,1.0,0.0,0.0,0.0,0.0,,1.0,0.0,1.0,0.0,1.0,1.0,0.0,1.0,1.0,1.0,1.0,,0.0,0.0,1.0,,,1.0,0.0,,1.0,0.0,,1.0,1.0,,1.0,,0.0,0.0,1.0,1.0,0.0,1.0,0.0,0.0,0.0,0.0,1.0,1.0,1.0,1.0,0.0,1.0,1.0,1.0,1.0,,1.0,1.0,0.0,0.0,1.0,1.0,0.0,0.0,,,,,,,,,0.0,,,,,1.0,,,,,0.0,0.0,,,,,,,0.0,1.0,,1.0,,,,,,,,,,,0.0,0.0,,0.0,0.0,1.0,,,,,0.0,0.0,,1.0,1.0,1.0,0.0,,,0.0,,0.0,,0.0,0.0,,1.0,1.0,1.0,0.0,,0.0,0.0,1.0,,0.0,1.0,1.0,,0.0,1.0,0.0,0.0,0.0,,1.0,,,0.0,0.0,1.0,,1.0,1.0,,,,0.0,0.0,0.0,0.0,0.0,0.0,1.0,0.0,0.0
Enio Verri,1.0,,1.0,1.0,1.0,1.0,1.0,1.0,1.0,1.0,,1.0,1.0,0.0,1.0,1.0,1.0,0.0,1.0,1.0,1.0,0.0,1.0,1.0,,1.0,1.0,0.0,1.0,0.0,,,,,,,,1.0,1.0,1.0,,1.0,0.0,0.0,,1.0,0.0,1.0,1.0,0.0,0.0,1.0,0.0,1.0,1.0,0.0,0.0,1.0,,1.0,1.0,1.0,,,,0.0,1.0,1.0,,1.0,0.0,,0.0,,,1.0,,,,1.0,1.0,1.0,1.0,0.0,1.0,0.0,1.0,1.0,1.0,1.0,1.0,1.0,0.0,1.0,1.0,1.0,1.0,1.0,0.0,0.0,0.0,1.0,0.0,1.0,1.0,1.0,0.0,0.0,1.0,1.0,1.0,0.0,0.0,0.0,0.0,0.0,1.0,,1.0,1.0,0.0,1.0,,,,0.0,0.0,1.0,0.0,1.0,0.0,1.0,1.0,1.0,1.0,0.0,0.0,0.0,1.0,,1.0,0.0,1.0,1.0,0.0,1.0,0.0,1.0,,,,,,,,,,,,,,,,,,,1.0,,1.0,1.0,1.0,0.0,,,,,0.0,,0.0,0.0,0.0,0.0,0.0,0.0,0.0,0.0,0.0,0.0,0.0,0.0,1.0,0.0,1.0,0.0,1.0,,1.0,,1.0,1.0,0.0,1.0,,,1.0,,1.0,,0.0,1.0,1.0,1.0,0.0,1.0,1.0,0.0,0.0,,1.0,0.0,0.0,0.0,0.0,,0.0,0.0,,0.0,0.0,,,,,0.0,0.0,,1.0,0.0,1.0,1.0,0.0,,1.0,1.0,,,1.0,1.0,1.0,1.0,1.0,1.0,,1.0,1.0,0.0,1.0,1.0,0.0,1.0,0.0,1.0,0.0,1.0,0.0,0.0,1.0,1.0,0.0,1.0,0.0,1.0,1.0,1.0,1.0,0.0,0.0,1.0,0.0,1.0,0.0,0.0,0.0,0.0,1.0,,1.0,1.0,0.0,0.0,0.0,1.0,,1.0,0.0,0.0,0.0,1.0,0.0,1.0,0.0,1.0,1.0,1.0,1.0,1.0,1.0,,0.0,1.0,1.0,0.0,,0.0,,,1.0,1.0,1.0,0.0,1.0,0.0,0.0,0.0,1.0,0.0,0.0,1.0,1.0,0.0,0.0,0.0,1.0,1.0,1.0,1.0,0.0,1.0,0.0,1.0,1.0,1.0,1.0,1.0,0.0,0.0,0.0,1.0,1.0,0.0,1.0,1.0,1.0,1.0,0.0,1.0,0.0,1.0,1.0,0.0,1.0,0.0,0.0,0.0,1.0,0.0,0.0,0.0,1.0,0.0,,,0.0,1.0,,1.0,1.0,1.0,1.0,0.0,0.0,1.0,1.0,1.0,1.0,0.0,1.0,0.0,1.0,1.0,1.0,1.0,1.0,0.0,0.0,0.0,,,,,,,1.0,1.0,,1.0,,,,,,,,,,,1.0,,1.0,,,,,,,,,,0.0,,,,,1.0,,,,,,,,,,,,,,,1.0,0.0,0.0,1.0,1.0,,0.0,0.0,0.0,0.0,1.0,1.0,1.0,1.0,0.0,,,,,,,,,,,0.0,0.0,,1.0,1.0,1.0,1.0,0.0,0.0,1.0,0.0,1.0,,,1.0,,1.0,0.0,0.0,,1.0,1.0,0.0,1.0,0.0,0.0,0.0,0.0,0.0,1.0,0.0,1.0
Enrico Misasi,0.0,0.0,1.0,1.0,,1.0,0.0,1.0,,1.0,0.0,1.0,1.0,0.0,,1.0,1.0,0.0,1.0,0.0,1.0,,1.0,1.0,0.0,1.0,0.0,0.0,1.0,1.0,0.0,1.0,,0.0,,0.0,1.0,,0.0,0.0,0.0,0.0,0.0,1.0,0.0,1.0,0.0,1.0,1.0,,0.0,1.0,,0.0,1.0,0.0,0.0,1.0,0.0,,0.0,,1.0,0.0,0.0,1.0,,1.0,0.0,0.0,0.0,,0.0,1.0,0.0,1.0,1.0,,1.0,1.0,1.0,1.0,1.0,0.0,0.0,1.0,,,1.0,,1.0,1.0,0.0,1.0,0.0,1.0,1.0,,0.0,0.0,0.0,,1.0,1.0,0.0,1.0,0.0,0.0,1.0,0.0,1.0,0.0,0.0,1.0,0.0,0.0,1.0,1.0,0.0,0.0,,,0.0,1.0,0.0,1.0,0.0,0.0,,1.0,,,1.0,1.0,1.0,1.0,1.0,1.0,1.0,0.0,0.0,0.0,1.0,0.0,,1.0,0.0,1.0,,0.0,0.0,1.0,1.0,0.0,0.0,,1.0,,,,,,,,,,0.0,,1.0,1.0,1.0,0.0,0.0,,0.0,0.0,1.0,1.0,,,1.0,0.0,1.0,1.0,1.0,0.0,1.0,1.0,1.0,1.0,0.0,1.0,1.0,1.0,0.0,0.0,0.0,0.0,1.0,0.0,0.0,1.0,0.0,,0.0,0.0,0.0,0.0,0.0,,0.0,1.0,0.0,0.0,0.0,,1.0,0.0,1.0,1.0,0.0,1.0,0.0,1.0,1.0,0.0,,0.0,0.0,0.0,0.0,,0.0,1.0,1.0,1.0,0.0,1.0,0.0,1.0,0.0,1.0,1.0,0.0,0.0,,1.0,1.0,1.0,0.0,1.0,1.0,1.0,0.0,1.0,1.0,1.0,1.0,0.0,1.0,1.0,1.0,1.0,1.0,1.0,0.0,1.0,0.0,1.0,0.0,0.0,1.0,,,1.0,,,0.0,0.0,1.0,0.0,1.0,0.0,0.0,,0.0,0.0,0.0,,,1.0,1.0,0.0,1.0,0.0,1.0,0.0,1.0,1.0,1.0,0.0,1.0,1.0,1.0,1.0,0.0,0.0,1.0,0.0,0.0,0.0,0.0,1.0,1.0,1.0,1.0,,1.0,0.0,1.0,1.0,1.0,1.0,0.0,0.0,1.0,0.0,1.0,1.0,1.0,1.0,1.0,,0.0,1.0,1.0,0.0,0.0,,0.0,0.0,0.0,1.0,1.0,0.0,1.0,1.0,0.0,1.0,1.0,0.0,1.0,1.0,1.0,0.0,0.0,0.0,1.0,0.0,0.0,1.0,0.0,,1.0,0.0,0.0,0.0,1.0,0.0,1.0,1.0,0.0,0.0,,0.0,,1.0,0.0,1.0,1.0,0.0,1.0,1.0,1.0,1.0,0.0,1.0,1.0,1.0,1.0,1.0,1.0,1.0,0.0,0.0,0.0,0.0,0.0,0.0,0.0,0.0,0.0,1.0,,0.0,1.0,,,,,,,,,,0.0,1.0,,1.0,0.0,0.0,0.0,0.0,0.0,0.0,0.0,1.0,0.0,1.0,,,0.0,,0.0,,1.0,0.0,0.0,,0.0,0.0,0.0,0.0,0.0,1.0,1.0,0.0,1.0,0.0,1.0,1.0,1.0,1.0,0.0,1.0,,,1.0,1.0,,1.0,1.0,1.0,1.0,,0.0,,0.0,,1.0,0.0,,1.0,1.0,1.0,1.0,0.0,1.0,0.0,1.0,0.0,0.0,1.0,0.0,1.0,1.0,1.0,,0.0,1.0,1.0,1.0,1.0,,0.0,1.0,0.0,0.0,0.0,0.0,0.0,0.0,1.0,0.0,0.0
Enéias Reis,,,1.0,0.0,1.0,1.0,1.0,,,,,,,,,,,,,,,,,,,0.0,0.0,0.0,,1.0,,1.0,0.0,,0.0,0.0,1.0,0.0,0.0,0.0,0.0,0.0,0.0,1.0,,,,,,,,,,,,,,,,,,,1.0,0.0,0.0,,,,,,,,,,,,,,,,,1.0,1.0,0.0,0.0,1.0,1.0,1.0,,,,,,,,,,,,,,,,,,,,,,,,,,,,,,,,,,,,,,1.0,,0.0,0.0,,,0.0,0.0,,,1.0,1.0,1.0,1.0,0.0,0.0,0.0,,,,,,,1.0,,0.0,1.0,1.0,0.0,0.0,,1.0,,1.0,1.0,,0.0,1.0,0.0,1.0,0.0,,,1.0,,,0.0,0.0,,0.0,,1.0,1.0,1.0,1.0,1.0,1.0,,1.0,,1.0,1.0,1.0,,1.0,,,0.0,,,,,,1.0,0.0,0.0,,,,0.0,,,0.0,1.0,0.0,1.0,0.0,,1.0,0.0,,1.0,0.0,0.0,1.0,,,1.0,0.0,1.0,1.0,1.0,1.0,1.0,,0.0,0.0,0.0,1.0,1.0,1.0,0.0,1.0,0.0,0.0,,0.0,,1.0,1.0,,0.0,,0.0,1.0,,,,0.0,0.0,,,0.0,,1.0,1.0,,,1.0,1.0,1.0,1.0,0.0,1.0,0.0,0.0,,0.0,0.0,0.0,1.0,0.0,0.0,,,1.0,1.0,1.0,1.0,,,0.0,0.0,,1.0,1.0,0.0,0.0,0.0,1.0,,1.0,0.0,,,,,0.0,,,,,,,,,,,,,,,1.0,0.0,1.0,0.0,1.0,1.0,0.0,,1.0,0.0,1.0,1.0,1.0,,1.0,,,0.0,0.0,1.0,0.0,0.0,,,,,,0.0,1.0,1.0,0.0,,,0.0,1.0,,1.0,1.0,0.0,0.0,1.0,0.0,0.0,,,,,,,,,,,,,,,,0.0,,0.0,,1.0,0.0,0.0,,1.0,,,1.0,0.0,0.0,1.0,1.0,,,0.0,1.0,1.0,1.0,,0.0,,0.0,,,,,0.0,,0.0,1.0,1.0,,1.0,1.0,0.0,1.0,0.0,,1.0,1.0,1.0,,,0.0,0.0,0.0,0.0,,,1.0,1.0,0.0,0.0,1.0,0.0,1.0,,0.0,0.0,0.0,0.0,0.0,0.0,0.0,0.0,1.0,1.0,0.0,1.0,0.0,1.0,0.0,0.0,,,1.0,1.0,1.0,1.0,,,,,,,,,,,,,,,,,,,,,,1.0,,,,,1.0,,,,,1.0,1.0,,,,0.0,1.0,0.0,,,,,,,,
Erika Kokay,1.0,1.0,1.0,1.0,1.0,1.0,1.0,1.0,1.0,1.0,1.0,1.0,1.0,0.0,1.0,1.0,1.0,0.0,1.0,1.0,1.0,0.0,1.0,1.0,,1.0,1.0,0.0,1.0,,,,,,,,,1.0,,1.0,,1.0,0.0,0.0,,1.0,,1.0,1.0,0.0,0.0,1.0,0.0,1.0,1.0,0.0,0.0,,0.0,1.0,0.0,0.0,0.0,,,0.0,0.0,1.0,,,,,,,,0.0,,,,,,1.0,1.0,0.0,1.0,0.0,1.0,1.0,1.0,1.0,1.0,1.0,0.0,1.0,1.0,1.0,1.0,1.0,0.0,0.0,0.0,1.0,0.0,1.0,1.0,1.0,0.0,0.0,1.0,1.0,1.0,0.0,0.0,0.0,0.0,0.0,1.0,0.0,1.0,1.0,0.0,1.0,1.0,0.0,1.0,0.0,0.0,1.0,0.0,1.0,0.0,1.0,1.0,1.0,1.0,0.0,0.0,0.0,1.0,0.0,1.0,0.0,1.0,1.0,0.0,1.0,0.0,1.0,0.0,,,,,,,,0.0,,,0.0,,0.0,,,,,1.0,0.0,1.0,1.0,1.0,0.0,,,,,0.0,,0.0,0.0,0.0,0.0,0.0,0.0,0.0,0.0,0.0,0.0,0.0,0.0,1.0,0.0,1.0,0.0,1.0,0.0,1.0,,1.0,1.0,0.0,1.0,,,1.0,1.0,1.0,1.0,0.0,1.0,1.0,1.0,0.0,1.0,1.0,0.0,0.0,1.0,1.0,0.0,0.0,0.0,0.0,1.0,0.0,0.0,0.0,0.0,0.0,1.0,1.0,1.0,1.0,0.0,0.0,0.0,1.0,0.0,1.0,1.0,0.0,1.0,1.0,1.0,1.0,0.0,1.0,1.0,1.0,1.0,1.0,1.0,0.0,1.0,1.0,0.0,1.0,1.0,0.0,1.0,0.0,,,,0.0,0.0,,1.0,1.0,1.0,,1.0,1.0,1.0,1.0,0.0,0.0,1.0,0.0,1.0,0.0,0.0,0.0,0.0,1.0,1.0,1.0,1.0,0.0,0.0,0.0,1.0,,,0.0,0.0,0.0,1.0,0.0,1.0,0.0,1.0,1.0,1.0,1.0,1.0,1.0,0.0,0.0,1.0,1.0,1.0,0.0,0.0,0.0,0.0,1.0,1.0,1.0,0.0,1.0,0.0,0.0,0.0,1.0,0.0,0.0,1.0,1.0,0.0,0.0,0.0,1.0,1.0,1.0,1.0,0.0,1.0,,1.0,1.0,1.0,1.0,0.0,0.0,0.0,0.0,1.0,1.0,,1.0,1.0,1.0,1.0,,1.0,0.0,1.0,1.0,0.0,1.0,0.0,0.0,0.0,1.0,0.0,0.0,0.0,1.0,0.0,0.0,1.0,0.0,1.0,0.0,1.0,0.0,1.0,1.0,0.0,1.0,1.0,1.0,1.0,1.0,0.0,1.0,0.0,1.0,1.0,1.0,1.0,1.0,0.0,0.0,0.0,,,,,1.0,,1.0,1.0,,1.0,0.0,1.0,0.0,0.0,0.0,0.0,0.0,,,,1.0,1.0,1.0,0.0,,,,,,,,,0.0,0.0,1.0,1.0,0.0,1.0,0.0,0.0,1.0,,,,,,,,,,,,1.0,0.0,0.0,1.0,1.0,1.0,0.0,0.0,0.0,0.0,1.0,1.0,1.0,1.0,0.0,1.0,1.0,0.0,0.0,0.0,1.0,1.0,0.0,1.0,1.0,0.0,0.0,1.0,1.0,1.0,1.0,0.0,1.0,1.0,1.0,0.0,1.0,0.0,1.0,1.0,0.0,1.0,0.0,0.0,1.0,1.0,1.0,0.0,1.0,0.0,0.0,0.0,0.0,0.0,1.0,0.0,1.0
Eros Biondini,0.0,0.0,1.0,0.0,1.0,1.0,0.0,1.0,0.0,1.0,0.0,1.0,1.0,0.0,0.0,1.0,0.0,1.0,0.0,,,0.0,,0.0,0.0,,0.0,1.0,,,0.0,1.0,0.0,0.0,0.0,0.0,1.0,0.0,,0.0,0.0,0.0,0.0,1.0,0.0,1.0,,1.0,1.0,0.0,,,0.0,,1.0,,,1.0,,1.0,1.0,1.0,1.0,0.0,0.0,1.0,0.0,0.0,0.0,0.0,,,0.0,1.0,0.0,1.0,1.0,0.0,1.0,1.0,1.0,1.0,1.0,0.0,0.0,1.0,1.0,1.0,1.0,1.0,,,1.0,0.0,0.0,1.0,1.0,1.0,0.0,0.0,0.0,0.0,1.0,0.0,0.0,0.0,0.0,1.0,0.0,0.0,0.0,1.0,1.0,1.0,1.0,1.0,0.0,0.0,0.0,0.0,,0.0,0.0,0.0,0.0,1.0,1.0,,0.0,,1.0,0.0,,0.0,0.0,1.0,1.0,1.0,0.0,0.0,0.0,0.0,,0.0,0.0,1.0,0.0,1.0,1.0,,,,1.0,0.0,0.0,,1.0,0.0,1.0,1.0,0.0,,1.0,0.0,1.0,,0.0,,1.0,1.0,1.0,0.0,0.0,1.0,0.0,0.0,1.0,1.0,1.0,1.0,1.0,1.0,1.0,1.0,1.0,1.0,1.0,1.0,1.0,1.0,0.0,1.0,0.0,,,,0.0,0.0,1.0,0.0,0.0,1.0,0.0,,,0.0,,,1.0,0.0,,0.0,1.0,1.0,0.0,0.0,1.0,0.0,0.0,1.0,1.0,1.0,1.0,,1.0,1.0,,1.0,,0.0,0.0,0.0,0.0,1.0,1.0,1.0,0.0,1.0,0.0,0.0,1.0,0.0,0.0,0.0,1.0,1.0,0.0,0.0,0.0,1.0,1.0,1.0,1.0,0.0,0.0,0.0,0.0,0.0,,1.0,1.0,1.0,1.0,1.0,1.0,1.0,1.0,0.0,1.0,0.0,1.0,0.0,0.0,0.0,0.0,1.0,0.0,0.0,1.0,0.0,,1.0,1.0,,0.0,0.0,,0.0,1.0,1.0,1.0,0.0,0.0,0.0,,1.0,,,1.0,0.0,1.0,0.0,0.0,0.0,1.0,0.0,0.0,1.0,0.0,0.0,0.0,0.0,1.0,1.0,1.0,1.0,0.0,1.0,0.0,1.0,0.0,1.0,1.0,0.0,1.0,1.0,1.0,1.0,1.0,1.0,1.0,1.0,0.0,0.0,0.0,0.0,1.0,,,,0.0,0.0,1.0,1.0,1.0,1.0,1.0,0.0,0.0,0.0,0.0,1.0,1.0,0.0,1.0,0.0,0.0,,0.0,1.0,0.0,0.0,0.0,,,,,,,,,,0.0,1.0,1.0,0.0,1.0,0.0,0.0,0.0,0.0,0.0,0.0,,0.0,0.0,1.0,,0.0,,1.0,1.0,1.0,0.0,1.0,1.0,1.0,0.0,0.0,0.0,0.0,0.0,1.0,0.0,0.0,0.0,1.0,0.0,1.0,1.0,1.0,1.0,1.0,0.0,1.0,0.0,0.0,,,1.0,0.0,,0.0,0.0,0.0,0.0,1.0,0.0,1.0,1.0,0.0,0.0,1.0,0.0,1.0,1.0,0.0,0.0,0.0,0.0,0.0,,0.0,0.0,1.0,1.0,0.0,1.0,0.0,1.0,1.0,0.0,,,1.0,1.0,1.0,1.0,0.0,1.0,0.0,0.0,0.0,0.0,0.0,1.0,1.0,1.0,,0.0,0.0,0.0,,1.0,0.0,,0.0,0.0,0.0,1.0,0.0,0.0,,1.0,1.0,0.0,1.0,0.0,,1.0,,,1.0,0.0,,1.0,0.0,0.0,0.0,,0.0,0.0,,0.0,0.0
Euclydes Pettersen,,,,0.0,1.0,1.0,1.0,,,1.0,0.0,,1.0,1.0,,1.0,0.0,,0.0,0.0,1.0,0.0,,1.0,0.0,0.0,1.0,,0.0,1.0,0.0,1.0,,0.0,0.0,0.0,1.0,1.0,,0.0,0.0,0.0,0.0,1.0,0.0,,,1.0,,,,,,1.0,1.0,0.0,,,0.0,1.0,1.0,1.0,1.0,0.0,,,0.0,1.0,0.0,,0.0,0.0,0.0,1.0,0.0,1.0,1.0,0.0,1.0,,1.0,1.0,1.0,0.0,0.0,1.0,1.0,1.0,1.0,,,1.0,,,0.0,1.0,1.0,1.0,,,,0.0,,,1.0,1.0,0.0,0.0,1.0,1.0,1.0,,,,,,,0.0,0.0,0.0,1.0,,0.0,0.0,0.0,1.0,0.0,0.0,0.0,,1.0,0.0,,0.0,0.0,1.0,1.0,1.0,1.0,0.0,0.0,0.0,1.0,0.0,0.0,,,1.0,1.0,,0.0,1.0,,0.0,0.0,0.0,1.0,0.0,0.0,1.0,0.0,0.0,1.0,0.0,1.0,0.0,0.0,,1.0,1.0,1.0,0.0,0.0,1.0,0.0,0.0,1.0,1.0,1.0,1.0,1.0,1.0,0.0,1.0,1.0,1.0,1.0,1.0,1.0,1.0,0.0,0.0,0.0,1.0,0.0,0.0,,0.0,1.0,1.0,0.0,1.0,0.0,,0.0,0.0,0.0,0.0,1.0,0.0,0.0,0.0,1.0,1.0,,0.0,1.0,0.0,0.0,1.0,1.0,,1.0,0.0,1.0,1.0,1.0,1.0,1.0,0.0,0.0,,,1.0,1.0,1.0,0.0,1.0,0.0,0.0,1.0,0.0,1.0,0.0,1.0,1.0,0.0,0.0,0.0,1.0,1.0,,1.0,0.0,,1.0,0.0,1.0,,1.0,1.0,1.0,1.0,1.0,1.0,1.0,1.0,1.0,1.0,0.0,1.0,0.0,0.0,0.0,0.0,1.0,0.0,0.0,1.0,,1.0,1.0,1.0,1.0,,0.0,0.0,0.0,1.0,,1.0,0.0,0.0,0.0,1.0,1.0,,,,0.0,1.0,0.0,1.0,0.0,1.0,,,1.0,0.0,0.0,,0.0,,,1.0,1.0,,1.0,0.0,1.0,0.0,1.0,1.0,0.0,1.0,1.0,1.0,1.0,1.0,1.0,1.0,1.0,0.0,0.0,,,,,0.0,0.0,0.0,0.0,1.0,1.0,1.0,1.0,1.0,,0.0,0.0,0.0,1.0,1.0,,1.0,0.0,0.0,,0.0,1.0,1.0,0.0,,1.0,1.0,,,1.0,1.0,1.0,1.0,0.0,0.0,1.0,1.0,0.0,,0.0,,1.0,,0.0,0.0,0.0,0.0,0.0,0.0,,0.0,1.0,1.0,1.0,1.0,0.0,1.0,,1.0,0.0,0.0,0.0,1.0,0.0,,0.0,,0.0,1.0,0.0,1.0,,,,,,,0.0,0.0,,1.0,1.0,0.0,0.0,0.0,0.0,0.0,0.0,1.0,,1.0,1.0,,0.0,1.0,0.0,1.0,,,0.0,0.0,,0.0,0.0,0.0,0.0,1.0,1.0,0.0,1.0,0.0,,,1.0,1.0,1.0,0.0,1.0,0.0,,0.0,1.0,0.0,1.0,0.0,0.0,0.0,1.0,,1.0,,,,,,,0.0,1.0,1.0,0.0,0.0,1.0,0.0,,,,,,1.0,0.0,0.0,1.0,1.0,1.0,,,,,0.0,0.0,,,0.0,0.0,,0.0,0.0
Evair Vieira de Melo,0.0,0.0,1.0,0.0,1.0,1.0,0.0,1.0,0.0,1.0,,1.0,0.0,1.0,0.0,1.0,0.0,1.0,0.0,0.0,1.0,,0.0,1.0,0.0,,,,,1.0,0.0,1.0,0.0,,0.0,0.0,1.0,0.0,,0.0,0.0,,,,0.0,1.0,0.0,1.0,1.0,0.0,0.0,1.0,0.0,1.0,1.0,,0.0,1.0,0.0,1.0,1.0,1.0,1.0,0.0,0.0,1.0,1.0,0.0,,0.0,0.0,,0.0,1.0,,1.0,1.0,0.0,1.0,1.0,1.0,1.0,1.0,0.0,0.0,1.0,1.0,1.0,1.0,1.0,,1.0,1.0,,0.0,,1.0,1.0,0.0,,,0.0,,0.0,0.0,0.0,0.0,1.0,0.0,0.0,0.0,1.0,1.0,,1.0,1.0,0.0,0.0,0.0,0.0,1.0,0.0,,,0.0,1.0,1.0,0.0,0.0,0.0,1.0,0.0,0.0,0.0,0.0,1.0,1.0,1.0,0.0,0.0,0.0,0.0,1.0,0.0,0.0,1.0,,1.0,1.0,0.0,0.0,1.0,1.0,0.0,0.0,0.0,1.0,0.0,1.0,1.0,,,1.0,0.0,1.0,0.0,0.0,0.0,1.0,1.0,1.0,0.0,0.0,1.0,0.0,0.0,1.0,1.0,1.0,1.0,1.0,1.0,1.0,1.0,1.0,1.0,1.0,1.0,,1.0,0.0,1.0,0.0,1.0,,0.0,0.0,0.0,1.0,0.0,0.0,1.0,0.0,,0.0,0.0,0.0,0.0,1.0,0.0,0.0,0.0,1.0,1.0,0.0,0.0,1.0,0.0,0.0,1.0,1.0,1.0,1.0,0.0,1.0,,1.0,1.0,1.0,0.0,0.0,0.0,0.0,1.0,1.0,1.0,0.0,1.0,0.0,0.0,1.0,0.0,0.0,0.0,1.0,,0.0,0.0,0.0,1.0,1.0,1.0,1.0,0.0,0.0,0.0,0.0,0.0,0.0,1.0,1.0,1.0,1.0,1.0,1.0,1.0,1.0,1.0,1.0,0.0,1.0,0.0,0.0,0.0,0.0,,0.0,0.0,1.0,0.0,1.0,1.0,1.0,1.0,0.0,0.0,0.0,0.0,1.0,,1.0,0.0,0.0,0.0,1.0,1.0,1.0,0.0,1.0,0.0,,0.0,,0.0,,0.0,,1.0,0.0,0.0,0.0,,,1.0,1.0,1.0,0.0,1.0,,1.0,0.0,1.0,1.0,0.0,1.0,1.0,1.0,1.0,1.0,1.0,1.0,1.0,,,0.0,0.0,1.0,0.0,,0.0,0.0,0.0,1.0,1.0,1.0,1.0,1.0,0.0,0.0,0.0,0.0,1.0,,0.0,1.0,0.0,,1.0,0.0,1.0,0.0,0.0,0.0,1.0,0.0,0.0,1.0,1.0,,,1.0,0.0,0.0,,1.0,0.0,1.0,0.0,0.0,1.0,0.0,0.0,,0.0,0.0,0.0,1.0,0.0,0.0,1.0,1.0,1.0,,0.0,1.0,1.0,1.0,0.0,0.0,0.0,0.0,,,0.0,0.0,0.0,1.0,0.0,1.0,1.0,1.0,1.0,1.0,,1.0,0.0,0.0,0.0,0.0,1.0,0.0,0.0,0.0,0.0,0.0,0.0,1.0,1.0,1.0,1.0,0.0,0.0,1.0,,1.0,1.0,0.0,0.0,0.0,0.0,0.0,0.0,0.0,0.0,1.0,1.0,0.0,1.0,0.0,1.0,0.0,0.0,1.0,1.0,1.0,1.0,1.0,,0.0,1.0,,0.0,0.0,0.0,,,,,,,,,,,,1.0,,,0.0,1.0,,0.0,0.0,1.0,,0.0,,0.0,0.0,,1.0,1.0,1.0,0.0,,1.0,0.0,,,,,,,,
Expedito Netto,0.0,0.0,1.0,1.0,1.0,1.0,1.0,1.0,1.0,,0.0,1.0,1.0,0.0,1.0,,0.0,1.0,0.0,0.0,1.0,0.0,0.0,1.0,,1.0,1.0,1.0,0.0,,1.0,1.0,0.0,0.0,0.0,0.0,0.0,1.0,0.0,1.0,1.0,,,,1.0,1.0,0.0,1.0,1.0,,0.0,1.0,0.0,1.0,,0.0,0.0,,0.0,1.0,1.0,1.0,0.0,,,1.0,1.0,1.0,0.0,0.0,0.0,0.0,0.0,1.0,0.0,1.0,1.0,,,1.0,0.0,1.0,1.0,0.0,1.0,0.0,1.0,1.0,1.0,1.0,1.0,1.0,1.0,0.0,,1.0,1.0,1.0,0.0,,,0.0,1.0,1.0,1.0,1.0,0.0,0.0,1.0,1.0,1.0,0.0,0.0,1.0,1.0,1.0,0.0,0.0,0.0,0.0,1.0,0.0,,0.0,0.0,1.0,0.0,0.0,0.0,0.0,1.0,0.0,0.0,0.0,0.0,1.0,1.0,1.0,1.0,,0.0,0.0,1.0,0.0,0.0,1.0,,1.0,1.0,0.0,0.0,1.0,1.0,0.0,0.0,0.0,1.0,0.0,1.0,1.0,,0.0,1.0,0.0,1.0,0.0,0.0,0.0,1.0,1.0,,0.0,1.0,0.0,1.0,1.0,0.0,0.0,0.0,0.0,0.0,1.0,0.0,0.0,0.0,0.0,0.0,0.0,0.0,1.0,,0.0,0.0,1.0,,0.0,0.0,1.0,1.0,0.0,0.0,1.0,0.0,,0.0,0.0,0.0,0.0,1.0,0.0,1.0,1.0,1.0,1.0,0.0,0.0,1.0,,0.0,1.0,1.0,1.0,1.0,0.0,1.0,1.0,0.0,1.0,1.0,,0.0,0.0,0.0,1.0,1.0,1.0,0.0,1.0,0.0,0.0,1.0,0.0,,0.0,1.0,1.0,1.0,1.0,1.0,,1.0,1.0,,0.0,0.0,0.0,0.0,0.0,1.0,1.0,1.0,1.0,1.0,1.0,1.0,0.0,,0.0,1.0,1.0,1.0,0.0,0.0,0.0,0.0,1.0,0.0,0.0,1.0,0.0,1.0,1.0,1.0,1.0,0.0,0.0,0.0,0.0,1.0,1.0,1.0,1.0,0.0,0.0,1.0,1.0,,0.0,1.0,0.0,0.0,1.0,1.0,1.0,1.0,0.0,0.0,1.0,0.0,0.0,0.0,0.0,1.0,,1.0,,0.0,1.0,0.0,1.0,0.0,1.0,1.0,0.0,,1.0,1.0,1.0,1.0,1.0,1.0,1.0,0.0,0.0,0.0,0.0,1.0,,0.0,0.0,0.0,1.0,,1.0,0.0,0.0,0.0,0.0,1.0,0.0,1.0,1.0,1.0,1.0,1.0,0.0,0.0,1.0,0.0,1.0,0.0,,0.0,1.0,0.0,0.0,1.0,1.0,0.0,1.0,1.0,0.0,0.0,1.0,1.0,0.0,1.0,0.0,0.0,1.0,0.0,1.0,1.0,1.0,0.0,0.0,1.0,0.0,0.0,1.0,1.0,1.0,1.0,,,1.0,,0.0,0.0,,0.0,,1.0,0.0,,0.0,1.0,0.0,1.0,1.0,1.0,,,,,0.0,0.0,0.0,0.0,1.0,0.0,0.0,,0.0,0.0,,,0.0,,1.0,,,1.0,0.0,1.0,1.0,0.0,0.0,0.0,0.0,0.0,,,,,,,1.0,0.0,0.0,0.0,1.0,1.0,1.0,0.0,0.0,0.0,0.0,0.0,1.0,0.0,,,0.0,0.0,,,1.0,0.0,0.0,0.0,0.0,1.0,1.0,,1.0,1.0,,,1.0,0.0,,0.0,,,0.0,1.0,1.0,,1.0,1.0,1.0,1.0,,0.0,1.0,0.0,,,0.0,0.0,,1.0,0.0,0.0
Fabiano Tolentino,,,,,,,,,,,,,,,,,,,,,,,,,,1.0,1.0,0.0,1.0,1.0,,,,,,,,,,,,,,,,,,,,,,,,,,,,,0.0,,,,1.0,,,,,,,,,,,,,,,,,,,1.0,1.0,1.0,,,,,,,,,,,,,,,,,,,,,,,,,,,,,,,,,,,,,,,,,,,,,,,,,,,,,,,,,,,,,,,,,1.0,0.0,0.0,1.0,1.0,0.0,0.0,0.0,1.0,0.0,1.0,1.0,0.0,0.0,,1.0,1.0,0.0,,,,,,,,,,,,,,,,,,,,,,,,,,,,,,,,,1.0,0.0,,,,,,,,,,,,,,,,,,,,,,,,,,,,,,,,,,,,,,,,,,,,,,,,,,,,,,,,,,,,,,,,,,,,,,,,,,,,,,,,,,,,,,,,,,,,,,,,,,,,,,,,,,,,,,,,,,,,,,,,,,,,,,,,,,,,,,,,,,,,,,,,,,,,,,,,,,,,,,,,,,,,,,,,,,,,,,,,,,,,,,,,,,,,,,,,,,,,,,,,,,,,,,,,,,,,,,,,,,,,,,,,,,,,,,,,,,,,,,,,,,,,,,,,,,,,,,,,,,,,,,,,,,,,,,,,,,,,,,,,,,,,,,,,,,,,,,,,,,,,,,,,,
Fabio Reis,0.0,0.0,1.0,,1.0,1.0,1.0,1.0,0.0,1.0,0.0,1.0,0.0,,0.0,1.0,0.0,1.0,0.0,0.0,1.0,0.0,0.0,1.0,,,,,,1.0,,1.0,0.0,0.0,0.0,0.0,1.0,1.0,0.0,0.0,0.0,1.0,,1.0,0.0,1.0,0.0,1.0,1.0,0.0,,1.0,0.0,1.0,1.0,0.0,0.0,1.0,,1.0,1.0,,,,0.0,1.0,1.0,1.0,0.0,,,,,1.0,0.0,1.0,1.0,0.0,1.0,1.0,,,1.0,0.0,0.0,1.0,1.0,1.0,1.0,1.0,1.0,1.0,1.0,0.0,1.0,1.0,1.0,1.0,0.0,0.0,0.0,1.0,1.0,1.0,1.0,1.0,0.0,0.0,1.0,1.0,1.0,0.0,0.0,0.0,1.0,1.0,,0.0,0.0,0.0,1.0,0.0,0.0,0.0,0.0,1.0,0.0,1.0,0.0,0.0,1.0,0.0,0.0,0.0,0.0,1.0,1.0,1.0,1.0,0.0,0.0,1.0,1.0,0.0,1.0,1.0,0.0,1.0,1.0,,0.0,1.0,1.0,0.0,0.0,0.0,1.0,0.0,1.0,1.0,0.0,0.0,,0.0,,0.0,0.0,0.0,1.0,1.0,1.0,0.0,0.0,1.0,0.0,0.0,1.0,1.0,1.0,1.0,1.0,0.0,0.0,1.0,1.0,1.0,1.0,1.0,1.0,1.0,0.0,1.0,0.0,1.0,,0.0,1.0,0.0,1.0,1.0,0.0,,,,0.0,0.0,0.0,0.0,1.0,0.0,0.0,0.0,1.0,1.0,0.0,0.0,1.0,0.0,0.0,1.0,1.0,1.0,1.0,0.0,1.0,1.0,1.0,1.0,1.0,0.0,0.0,0.0,0.0,1.0,1.0,1.0,0.0,1.0,0.0,0.0,1.0,0.0,,0.0,1.0,1.0,0.0,0.0,0.0,,1.0,1.0,1.0,0.0,0.0,,0.0,1.0,0.0,1.0,1.0,1.0,1.0,1.0,1.0,0.0,1.0,1.0,1.0,0.0,0.0,0.0,0.0,0.0,0.0,1.0,0.0,0.0,1.0,0.0,1.0,1.0,1.0,1.0,0.0,0.0,0.0,0.0,1.0,1.0,1.0,0.0,0.0,1.0,1.0,1.0,,,1.0,1.0,0.0,1.0,1.0,,1.0,0.0,0.0,1.0,0.0,0.0,,0.0,1.0,1.0,1.0,1.0,0.0,1.0,0.0,1.0,1.0,1.0,1.0,0.0,1.0,1.0,1.0,1.0,1.0,1.0,1.0,1.0,0.0,0.0,0.0,0.0,1.0,,0.0,0.0,0.0,0.0,1.0,1.0,0.0,1.0,,0.0,0.0,0.0,0.0,1.0,1.0,1.0,,0.0,0.0,1.0,0.0,1.0,0.0,0.0,0.0,1.0,0.0,0.0,1.0,1.0,0.0,1.0,1.0,0.0,0.0,1.0,1.0,0.0,1.0,0.0,,0.0,0.0,0.0,1.0,0.0,0.0,0.0,1.0,0.0,0.0,1.0,1.0,1.0,1.0,0.0,1.0,1.0,1.0,0.0,0.0,0.0,0.0,0.0,1.0,0.0,0.0,0.0,1.0,0.0,1.0,0.0,0.0,0.0,1.0,0.0,1.0,0.0,0.0,0.0,0.0,1.0,,0.0,0.0,0.0,0.0,0.0,1.0,0.0,1.0,1.0,0.0,1.0,1.0,0.0,1.0,1.0,0.0,0.0,0.0,0.0,0.0,0.0,0.0,0.0,1.0,1.0,0.0,1.0,1.0,0.0,0.0,1.0,1.0,1.0,0.0,1.0,0.0,0.0,0.0,,0.0,1.0,0.0,0.0,0.0,1.0,1.0,1.0,0.0,0.0,0.0,0.0,1.0,1.0,0.0,1.0,1.0,0.0,0.0,1.0,0.0,0.0,0.0,1.0,1.0,0.0,1.0,1.0,,1.0,1.0,1.0,1.0,,0.0,1.0,0.0,0.0,0.0,0.0,0.0,0.0,1.0,0.0,0.0
Fabio Schiochet,0.0,0.0,1.0,0.0,1.0,1.0,1.0,1.0,0.0,1.0,0.0,1.0,0.0,1.0,0.0,1.0,0.0,1.0,0.0,0.0,1.0,0.0,0.0,0.0,,,,,,,0.0,1.0,0.0,,0.0,0.0,1.0,1.0,0.0,0.0,0.0,0.0,0.0,1.0,0.0,1.0,0.0,1.0,1.0,0.0,0.0,,1.0,,0.0,1.0,1.0,1.0,,1.0,1.0,1.0,1.0,,0.0,1.0,1.0,0.0,0.0,0.0,0.0,0.0,0.0,1.0,0.0,1.0,,,,1.0,1.0,,1.0,0.0,0.0,1.0,1.0,1.0,1.0,1.0,1.0,1.0,1.0,0.0,0.0,1.0,1.0,1.0,0.0,0.0,0.0,0.0,1.0,0.0,0.0,0.0,0.0,1.0,0.0,0.0,0.0,1.0,1.0,1.0,1.0,1.0,0.0,,0.0,,1.0,,,,0.0,1.0,0.0,0.0,0.0,0.0,1.0,0.0,0.0,0.0,0.0,1.0,1.0,1.0,1.0,0.0,0.0,0.0,1.0,0.0,0.0,1.0,0.0,1.0,,,,,,,,,,,,,0.0,0.0,1.0,,1.0,0.0,,0.0,1.0,,,,0.0,1.0,0.0,,1.0,1.0,1.0,1.0,1.0,1.0,1.0,1.0,1.0,,1.0,1.0,1.0,1.0,,1.0,0.0,1.0,,0.0,0.0,0.0,1.0,0.0,0.0,1.0,0.0,,0.0,0.0,0.0,0.0,1.0,0.0,0.0,0.0,1.0,1.0,0.0,,1.0,0.0,0.0,1.0,1.0,1.0,1.0,0.0,1.0,1.0,1.0,1.0,1.0,0.0,0.0,0.0,0.0,1.0,1.0,1.0,0.0,1.0,0.0,0.0,1.0,0.0,0.0,1.0,,1.0,,0.0,0.0,,1.0,1.0,0.0,0.0,0.0,,0.0,0.0,0.0,1.0,1.0,1.0,,1.0,1.0,1.0,1.0,0.0,1.0,0.0,,0.0,0.0,0.0,,1.0,0.0,0.0,1.0,0.0,1.0,1.0,1.0,1.0,0.0,0.0,0.0,0.0,1.0,1.0,1.0,0.0,0.0,0.0,1.0,,1.0,0.0,1.0,0.0,1.0,0.0,0.0,,,0.0,0.0,1.0,1.0,0.0,0.0,0.0,,1.0,1.0,,,1.0,0.0,1.0,0.0,1.0,1.0,0.0,1.0,1.0,0.0,1.0,1.0,1.0,1.0,1.0,0.0,0.0,,0.0,1.0,,,0.0,0.0,0.0,1.0,1.0,0.0,1.0,1.0,0.0,0.0,0.0,0.0,1.0,,1.0,1.0,0.0,0.0,1.0,0.0,0.0,0.0,,,1.0,,,,,,,,0.0,0.0,1.0,1.0,0.0,,,0.0,1.0,,0.0,0.0,,0.0,0.0,1.0,0.0,0.0,,1.0,1.0,1.0,0.0,1.0,1.0,1.0,0.0,0.0,0.0,0.0,0.0,,0.0,0.0,0.0,1.0,0.0,1.0,1.0,1.0,,1.0,0.0,1.0,,0.0,1.0,,1.0,0.0,,,,0.0,0.0,1.0,0.0,1.0,,,0.0,,,,,,0.0,0.0,0.0,0.0,0.0,0.0,0.0,1.0,,,,,,0.0,0.0,1.0,0.0,1.0,,,,0.0,1.0,,1.0,0.0,0.0,,1.0,,1.0,0.0,0.0,,0.0,0.0,1.0,1.0,1.0,,0.0,,1.0,0.0,0.0,0.0,1.0,1.0,0.0,,,0.0,1.0,1.0,1.0,1.0,0.0,0.0,1.0,0.0,,0.0,,0.0,0.0,1.0,0.0,0.0
Fausto Pinato,0.0,0.0,1.0,0.0,1.0,1.0,1.0,1.0,0.0,1.0,0.0,1.0,0.0,1.0,0.0,1.0,0.0,1.0,0.0,0.0,1.0,0.0,0.0,1.0,,,0.0,1.0,0.0,,0.0,1.0,,,0.0,,1.0,,0.0,,0.0,,,,0.0,,0.0,1.0,1.0,0.0,0.0,,0.0,1.0,1.0,0.0,0.0,1.0,,1.0,1.0,1.0,,,,1.0,0.0,,0.0,0.0,0.0,,0.0,1.0,0.0,1.0,1.0,0.0,1.0,1.0,,1.0,,,,,1.0,1.0,1.0,1.0,,1.0,1.0,0.0,1.0,1.0,1.0,1.0,0.0,,,0.0,1.0,1.0,1.0,1.0,0.0,0.0,1.0,1.0,1.0,0.0,0.0,1.0,1.0,1.0,0.0,0.0,0.0,,1.0,0.0,0.0,0.0,0.0,,1.0,,1.0,0.0,1.0,0.0,0.0,,0.0,1.0,1.0,1.0,1.0,1.0,1.0,1.0,1.0,0.0,1.0,1.0,0.0,1.0,1.0,0.0,0.0,1.0,1.0,0.0,0.0,,1.0,,,,0.0,0.0,1.0,,1.0,0.0,0.0,0.0,1.0,1.0,1.0,0.0,0.0,1.0,0.0,,1.0,1.0,1.0,1.0,1.0,1.0,0.0,1.0,,,,,,,0.0,1.0,0.0,1.0,,0.0,0.0,0.0,1.0,1.0,,1.0,0.0,,,1.0,0.0,0.0,1.0,0.0,1.0,1.0,1.0,1.0,0.0,,1.0,,0.0,1.0,1.0,1.0,1.0,0.0,1.0,1.0,,1.0,1.0,,0.0,,0.0,1.0,1.0,1.0,0.0,1.0,1.0,0.0,1.0,0.0,0.0,0.0,1.0,1.0,0.0,,0.0,1.0,,1.0,1.0,0.0,0.0,1.0,0.0,0.0,,1.0,1.0,1.0,1.0,1.0,1.0,1.0,1.0,1.0,1.0,0.0,1.0,1.0,1.0,0.0,1.0,0.0,0.0,0.0,1.0,0.0,1.0,,,,0.0,0.0,0.0,0.0,1.0,1.0,1.0,0.0,,0.0,1.0,1.0,,,,0.0,1.0,1.0,0.0,0.0,,0.0,,1.0,0.0,0.0,0.0,0.0,1.0,,1.0,,0.0,1.0,0.0,1.0,0.0,1.0,1.0,,1.0,1.0,1.0,1.0,1.0,1.0,1.0,1.0,0.0,0.0,0.0,,1.0,0.0,0.0,0.0,0.0,0.0,,1.0,1.0,1.0,1.0,0.0,0.0,0.0,0.0,1.0,,0.0,1.0,0.0,0.0,1.0,0.0,0.0,0.0,0.0,0.0,1.0,0.0,0.0,1.0,1.0,0.0,1.0,1.0,0.0,0.0,,0.0,0.0,1.0,0.0,0.0,1.0,0.0,0.0,0.0,0.0,0.0,0.0,1.0,0.0,0.0,1.0,1.0,1.0,,0.0,1.0,0.0,1.0,0.0,0.0,0.0,0.0,0.0,,0.0,0.0,1.0,1.0,,0.0,0.0,0.0,0.0,0.0,1.0,1.0,1.0,1.0,1.0,1.0,0.0,1.0,,1.0,1.0,1.0,1.0,,0.0,0.0,1.0,0.0,0.0,1.0,0.0,,1.0,0.0,0.0,,,0.0,0.0,0.0,,1.0,1.0,0.0,1.0,,1.0,0.0,0.0,1.0,0.0,,,1.0,1.0,0.0,1.0,0.0,0.0,0.0,,,1.0,,1.0,0.0,0.0,,0.0,0.0,1.0,0.0,1.0,0.0,0.0,0.0,1.0,0.0,0.0,0.0,1.0,0.0,0.0,1.0,1.0,0.0,1.0,0.0,1.0,1.0,0.0,0.0,1.0,0.0,,,,,,,,1.0
Felipe Carreras,1.0,1.0,1.0,,1.0,1.0,,1.0,1.0,,1.0,,0.0,1.0,0.0,1.0,0.0,1.0,0.0,0.0,1.0,,0.0,,0.0,1.0,1.0,0.0,0.0,0.0,0.0,1.0,0.0,0.0,0.0,0.0,1.0,1.0,0.0,1.0,1.0,0.0,0.0,0.0,0.0,1.0,0.0,1.0,1.0,0.0,0.0,1.0,0.0,1.0,1.0,0.0,0.0,1.0,0.0,1.0,1.0,1.0,0.0,,,1.0,1.0,1.0,,0.0,,,1.0,1.0,,1.0,1.0,1.0,1.0,1.0,1.0,,1.0,0.0,,,1.0,1.0,1.0,1.0,1.0,1.0,0.0,,1.0,1.0,,,0.0,0.0,0.0,0.0,0.0,1.0,1.0,1.0,0.0,1.0,1.0,1.0,1.0,0.0,0.0,1.0,1.0,1.0,0.0,0.0,0.0,0.0,1.0,0.0,0.0,0.0,1.0,0.0,0.0,,1.0,1.0,1.0,0.0,1.0,0.0,1.0,0.0,0.0,0.0,1.0,0.0,0.0,0.0,1.0,0.0,0.0,0.0,1.0,1.0,0.0,,0.0,,1.0,0.0,0.0,0.0,1.0,0.0,1.0,1.0,0.0,0.0,,0.0,1.0,0.0,0.0,0.0,1.0,1.0,1.0,0.0,,0.0,,1.0,,,0.0,0.0,0.0,0.0,0.0,0.0,0.0,0.0,0.0,0.0,0.0,1.0,0.0,1.0,1.0,0.0,0.0,0.0,1.0,,1.0,1.0,0.0,1.0,,,0.0,1.0,1.0,1.0,0.0,1.0,1.0,1.0,1.0,0.0,0.0,0.0,1.0,1.0,1.0,1.0,0.0,0.0,0.0,1.0,0.0,0.0,0.0,0.0,0.0,0.0,0.0,,0.0,0.0,1.0,1.0,1.0,0.0,0.0,1.0,0.0,1.0,1.0,1.0,1.0,0.0,1.0,1.0,1.0,1.0,1.0,0.0,0.0,1.0,0.0,1.0,1.0,,0.0,1.0,0.0,1.0,1.0,1.0,0.0,1.0,1.0,0.0,1.0,1.0,0.0,1.0,0.0,1.0,1.0,0.0,1.0,1.0,1.0,,0.0,0.0,0.0,1.0,1.0,0.0,0.0,0.0,1.0,1.0,1.0,0.0,0.0,0.0,1.0,0.0,,,1.0,0.0,0.0,1.0,0.0,1.0,1.0,0.0,,1.0,1.0,0.0,1.0,0.0,0.0,0.0,0.0,1.0,1.0,1.0,1.0,0.0,1.0,1.0,1.0,1.0,1.0,0.0,0.0,1.0,1.0,1.0,1.0,1.0,0.0,0.0,1.0,,,1.0,0.0,1.0,1.0,1.0,1.0,1.0,0.0,0.0,,,1.0,0.0,1.0,,1.0,1.0,0.0,1.0,0.0,1.0,1.0,0.0,,1.0,1.0,1.0,0.0,0.0,0.0,1.0,0.0,1.0,1.0,0.0,1.0,1.0,0.0,1.0,1.0,0.0,0.0,0.0,0.0,1.0,1.0,1.0,1.0,0.0,1.0,1.0,1.0,1.0,1.0,1.0,,0.0,0.0,0.0,1.0,,,,,,1.0,0.0,,0.0,0.0,0.0,1.0,0.0,0.0,1.0,0.0,0.0,,0.0,1.0,1.0,1.0,0.0,0.0,0.0,0.0,0.0,0.0,0.0,1.0,,1.0,0.0,1.0,1.0,0.0,,0.0,0.0,1.0,0.0,0.0,1.0,1.0,0.0,0.0,1.0,,1.0,0.0,1.0,1.0,0.0,,,1.0,1.0,0.0,1.0,1.0,0.0,1.0,1.0,0.0,0.0,,,0.0,1.0,,1.0,,,,,,,0.0,1.0,1.0,0.0,0.0,1.0,0.0,0.0,0.0,1.0,1.0,0.0,1.0,1.0,0.0,1.0,1.0,1.0,1.0,0.0,0.0,1.0,1.0,0.0,,0.0,,,,0.0,0.0
Felipe Francischini,0.0,0.0,1.0,0.0,1.0,1.0,1.0,1.0,0.0,1.0,0.0,1.0,1.0,0.0,0.0,1.0,0.0,1.0,0.0,0.0,1.0,0.0,,0.0,0.0,0.0,0.0,0.0,1.0,1.0,0.0,1.0,,0.0,0.0,0.0,1.0,0.0,0.0,0.0,0.0,0.0,0.0,,0.0,1.0,0.0,1.0,1.0,0.0,0.0,1.0,,0.0,0.0,1.0,1.0,1.0,,1.0,1.0,1.0,1.0,,0.0,1.0,1.0,0.0,0.0,0.0,0.0,,0.0,1.0,0.0,1.0,,,,1.0,1.0,1.0,1.0,0.0,0.0,1.0,1.0,1.0,1.0,1.0,1.0,1.0,1.0,0.0,0.0,1.0,1.0,1.0,0.0,0.0,0.0,0.0,1.0,1.0,0.0,0.0,0.0,0.0,0.0,0.0,0.0,1.0,1.0,1.0,1.0,,,,0.0,0.0,1.0,,,0.0,,,0.0,,0.0,0.0,1.0,0.0,0.0,0.0,,,1.0,1.0,1.0,0.0,0.0,0.0,,,1.0,1.0,0.0,1.0,1.0,,,,1.0,0.0,,0.0,1.0,0.0,1.0,1.0,0.0,,,0.0,,0.0,0.0,,1.0,1.0,1.0,0.0,,1.0,0.0,0.0,1.0,1.0,1.0,1.0,1.0,1.0,1.0,,1.0,1.0,1.0,,,1.0,1.0,1.0,0.0,1.0,0.0,0.0,0.0,0.0,1.0,0.0,0.0,1.0,0.0,,0.0,0.0,0.0,0.0,1.0,0.0,0.0,0.0,1.0,1.0,0.0,,1.0,0.0,0.0,1.0,,,1.0,,1.0,1.0,,1.0,1.0,0.0,0.0,0.0,,,1.0,1.0,0.0,1.0,0.0,,1.0,0.0,0.0,1.0,1.0,1.0,0.0,0.0,0.0,,1.0,,0.0,0.0,0.0,0.0,,0.0,0.0,1.0,1.0,,1.0,1.0,1.0,1.0,1.0,0.0,,0.0,1.0,0.0,0.0,0.0,0.0,1.0,,0.0,1.0,0.0,1.0,1.0,1.0,,0.0,,0.0,0.0,1.0,1.0,1.0,0.0,0.0,0.0,1.0,1.0,1.0,0.0,1.0,0.0,1.0,,0.0,1.0,,0.0,0.0,1.0,1.0,0.0,0.0,,1.0,,1.0,1.0,0.0,1.0,0.0,1.0,0.0,1.0,1.0,0.0,1.0,1.0,0.0,,,1.0,1.0,1.0,0.0,0.0,0.0,0.0,1.0,,0.0,,0.0,,1.0,1.0,,,1.0,0.0,0.0,,0.0,1.0,1.0,,1.0,0.0,0.0,,0.0,0.0,0.0,0.0,0.0,1.0,0.0,0.0,,1.0,0.0,1.0,1.0,0.0,0.0,1.0,1.0,0.0,1.0,,,1.0,0.0,0.0,,1.0,0.0,0.0,1.0,0.0,0.0,1.0,1.0,1.0,1.0,,1.0,1.0,1.0,0.0,0.0,,,,,0.0,,0.0,,0.0,,,1.0,,1.0,0.0,1.0,0.0,0.0,,,,0.0,,0.0,0.0,0.0,0.0,1.0,,1.0,1.0,0.0,,,,,,0.0,0.0,0.0,0.0,0.0,0.0,0.0,0.0,1.0,1.0,0.0,1.0,0.0,,0.0,0.0,1.0,,1.0,1.0,,1.0,0.0,1.0,,1.0,0.0,0.0,0.0,1.0,,,,0.0,0.0,0.0,0.0,1.0,0.0,1.0,1.0,,0.0,,0.0,0.0,0.0,1.0,1.0,,1.0,0.0,0.0,,,,1.0,0.0,0.0,1.0,0.0,,0.0,,0.0,0.0,1.0,0.0,0.0
Felipe Rigoni,1.0,,1.0,0.0,,1.0,0.0,1.0,0.0,1.0,1.0,1.0,0.0,1.0,0.0,0.0,0.0,1.0,0.0,0.0,1.0,,0.0,1.0,0.0,1.0,,0.0,0.0,0.0,0.0,1.0,0.0,0.0,0.0,1.0,1.0,1.0,,0.0,1.0,0.0,0.0,0.0,1.0,1.0,0.0,1.0,1.0,1.0,0.0,1.0,,1.0,1.0,0.0,,1.0,,1.0,0.0,0.0,,0.0,0.0,1.0,1.0,1.0,0.0,0.0,,1.0,0.0,1.0,,0.0,0.0,1.0,0.0,1.0,0.0,1.0,1.0,0.0,1.0,1.0,1.0,1.0,1.0,0.0,,0.0,0.0,0.0,0.0,1.0,,0.0,1.0,0.0,0.0,0.0,1.0,0.0,0.0,0.0,,0.0,1.0,0.0,0.0,1.0,1.0,,0.0,1.0,,1.0,,0.0,1.0,0.0,,,1.0,0.0,0.0,1.0,0.0,1.0,0.0,1.0,1.0,1.0,0.0,0.0,0.0,,1.0,,0.0,0.0,1.0,0.0,1.0,0.0,0.0,0.0,1.0,0.0,0.0,,,,,,,0.0,1.0,1.0,0.0,0.0,,0.0,,0.0,0.0,0.0,1.0,,1.0,,,0.0,1.0,0.0,0.0,0.0,0.0,0.0,0.0,0.0,0.0,0.0,0.0,0.0,1.0,0.0,0.0,1.0,1.0,0.0,1.0,1.0,,0.0,,1.0,1.0,0.0,1.0,1.0,0.0,,1.0,,0.0,1.0,,0.0,1.0,,1.0,0.0,0.0,0.0,0.0,1.0,1.0,1.0,0.0,,0.0,,0.0,1.0,1.0,0.0,0.0,,0.0,,,1.0,1.0,1.0,,1.0,0.0,1.0,1.0,1.0,1.0,0.0,0.0,0.0,1.0,,,,1.0,1.0,1.0,1.0,1.0,0.0,,1.0,,1.0,1.0,,1.0,1.0,0.0,0.0,1.0,0.0,1.0,1.0,0.0,1.0,1.0,,1.0,1.0,,0.0,1.0,0.0,1.0,,1.0,1.0,0.0,,0.0,0.0,,,1.0,1.0,0.0,0.0,0.0,1.0,0.0,,,1.0,0.0,,1.0,1.0,1.0,0.0,,1.0,,0.0,0.0,0.0,0.0,1.0,,1.0,1.0,1.0,1.0,1.0,,1.0,1.0,1.0,1.0,0.0,0.0,,,1.0,1.0,0.0,,0.0,0.0,,0.0,0.0,0.0,,0.0,,,1.0,1.0,1.0,1.0,0.0,1.0,1.0,,1.0,1.0,1.0,0.0,1.0,0.0,,0.0,0.0,,0.0,0.0,1.0,0.0,0.0,1.0,,0.0,1.0,1.0,1.0,,1.0,0.0,0.0,1.0,1.0,1.0,0.0,0.0,1.0,0.0,1.0,0.0,0.0,1.0,1.0,1.0,1.0,1.0,1.0,1.0,,0.0,1.0,0.0,0.0,0.0,0.0,0.0,0.0,,1.0,,0.0,1.0,0.0,1.0,,1.0,1.0,1.0,0.0,1.0,0.0,0.0,0.0,,1.0,0.0,,,0.0,0.0,0.0,1.0,1.0,1.0,,1.0,1.0,1.0,1.0,0.0,0.0,1.0,0.0,0.0,,0.0,,0.0,,1.0,1.0,,1.0,0.0,0.0,0.0,1.0,1.0,1.0,0.0,0.0,,0.0,1.0,1.0,0.0,0.0,0.0,0.0,0.0,1.0,,1.0,0.0,1.0,,1.0,1.0,0.0,,1.0,1.0,,1.0,1.0,,0.0,0.0,1.0,,0.0,,1.0,,1.0,1.0,,1.0,0.0,0.0,1.0,0.0,0.0,0.0,0.0,0.0,0.0,,,1.0
Felício Laterça,,0.0,1.0,0.0,1.0,1.0,1.0,1.0,0.0,1.0,0.0,1.0,0.0,1.0,0.0,1.0,0.0,1.0,0.0,1.0,1.0,0.0,0.0,0.0,0.0,0.0,0.0,0.0,1.0,1.0,0.0,1.0,,,,,,,,,,0.0,0.0,1.0,0.0,1.0,0.0,1.0,1.0,0.0,0.0,1.0,1.0,0.0,0.0,1.0,1.0,1.0,,1.0,1.0,1.0,1.0,0.0,0.0,1.0,1.0,0.0,0.0,0.0,0.0,,0.0,1.0,0.0,1.0,,,,1.0,1.0,1.0,1.0,0.0,0.0,1.0,1.0,1.0,1.0,1.0,1.0,1.0,1.0,0.0,0.0,1.0,1.0,1.0,0.0,0.0,0.0,0.0,1.0,0.0,0.0,0.0,0.0,1.0,0.0,0.0,0.0,1.0,1.0,1.0,1.0,1.0,0.0,0.0,0.0,0.0,1.0,0.0,0.0,0.0,0.0,1.0,0.0,0.0,0.0,0.0,1.0,0.0,0.0,0.0,0.0,1.0,1.0,1.0,0.0,0.0,0.0,0.0,1.0,0.0,0.0,1.0,0.0,1.0,1.0,,0.0,1.0,1.0,0.0,0.0,,1.0,0.0,1.0,1.0,0.0,,,0.0,1.0,0.0,0.0,0.0,1.0,1.0,1.0,0.0,0.0,1.0,0.0,,1.0,1.0,1.0,1.0,1.0,1.0,1.0,1.0,1.0,1.0,1.0,1.0,1.0,1.0,1.0,0.0,0.0,1.0,0.0,0.0,0.0,0.0,1.0,0.0,0.0,1.0,0.0,,1.0,1.0,0.0,0.0,1.0,1.0,1.0,1.0,1.0,1.0,0.0,0.0,1.0,0.0,0.0,1.0,1.0,1.0,1.0,0.0,1.0,1.0,1.0,1.0,1.0,,0.0,0.0,0.0,1.0,1.0,1.0,0.0,1.0,0.0,0.0,1.0,0.0,0.0,1.0,1.0,1.0,0.0,0.0,0.0,1.0,1.0,1.0,,0.0,,0.0,0.0,0.0,0.0,1.0,1.0,1.0,1.0,1.0,1.0,1.0,1.0,0.0,1.0,0.0,0.0,0.0,0.0,0.0,0.0,1.0,0.0,0.0,1.0,0.0,,1.0,1.0,1.0,0.0,0.0,0.0,0.0,1.0,1.0,1.0,0.0,0.0,0.0,1.0,1.0,1.0,0.0,1.0,0.0,1.0,1.0,0.0,1.0,0.0,0.0,0.0,1.0,1.0,0.0,0.0,0.0,1.0,1.0,1.0,1.0,0.0,1.0,0.0,1.0,0.0,1.0,1.0,,1.0,1.0,0.0,1.0,1.0,1.0,1.0,1.0,0.0,0.0,0.0,0.0,1.0,0.0,0.0,0.0,0.0,0.0,1.0,1.0,0.0,1.0,1.0,0.0,1.0,0.0,0.0,1.0,1.0,1.0,1.0,0.0,0.0,1.0,0.0,1.0,0.0,0.0,0.0,1.0,0.0,0.0,1.0,1.0,0.0,1.0,1.0,0.0,0.0,1.0,1.0,0.0,1.0,0.0,0.0,1.0,0.0,0.0,0.0,1.0,0.0,0.0,1.0,0.0,0.0,1.0,1.0,1.0,1.0,0.0,1.0,1.0,1.0,0.0,0.0,0.0,0.0,0.0,1.0,0.0,0.0,0.0,1.0,0.0,1.0,1.0,1.0,1.0,1.0,0.0,1.0,0.0,0.0,1.0,1.0,1.0,0.0,0.0,0.0,0.0,0.0,0.0,1.0,0.0,1.0,1.0,0.0,0.0,1.0,0.0,1.0,1.0,0.0,0.0,0.0,0.0,0.0,0.0,0.0,0.0,1.0,1.0,0.0,1.0,0.0,1.0,0.0,0.0,1.0,1.0,1.0,1.0,1.0,1.0,0.0,1.0,0.0,1.0,,0.0,,,,,0.0,0.0,0.0,0.0,0.0,1.0,0.0,1.0,1.0,0.0,0.0,1.0,0.0,0.0,0.0,1.0,1.0,0.0,1.0,0.0,0.0,1.0,1.0,1.0,1.0,0.0,0.0,1.0,0.0,0.0,0.0,0.0,0.0,0.0,1.0,0.0,0.0
Fernanda Melchionna,1.0,1.0,1.0,1.0,1.0,1.0,1.0,1.0,1.0,1.0,1.0,1.0,1.0,0.0,,1.0,,0.0,1.0,1.0,,0.0,1.0,1.0,,1.0,1.0,0.0,1.0,0.0,1.0,,,,1.0,,,,,1.0,1.0,1.0,0.0,0.0,,0.0,0.0,0.0,0.0,0.0,1.0,0.0,0.0,1.0,1.0,0.0,0.0,0.0,,1.0,0.0,0.0,,,,0.0,1.0,1.0,0.0,0.0,,,,,,,0.0,,0.0,1.0,,1.0,1.0,0.0,1.0,,1.0,1.0,1.0,0.0,0.0,0.0,0.0,1.0,1.0,1.0,1.0,1.0,0.0,0.0,0.0,,,1.0,1.0,0.0,1.0,0.0,1.0,1.0,1.0,0.0,0.0,0.0,0.0,0.0,1.0,0.0,1.0,1.0,0.0,,1.0,,1.0,0.0,0.0,0.0,1.0,1.0,0.0,1.0,1.0,1.0,1.0,0.0,0.0,,1.0,,0.0,0.0,,1.0,0.0,1.0,0.0,0.0,0.0,,,,,,,,0.0,,,,,,,,,,1.0,1.0,1.0,1.0,1.0,,,,,,,,0.0,0.0,0.0,0.0,0.0,0.0,0.0,0.0,0.0,0.0,0.0,0.0,,0.0,1.0,0.0,1.0,0.0,1.0,1.0,,0.0,,1.0,,,1.0,1.0,1.0,1.0,0.0,1.0,1.0,1.0,0.0,1.0,1.0,,0.0,1.0,1.0,0.0,0.0,0.0,0.0,1.0,0.0,0.0,0.0,0.0,0.0,1.0,1.0,1.0,1.0,0.0,,0.0,1.0,0.0,1.0,1.0,0.0,1.0,1.0,1.0,0.0,0.0,1.0,1.0,1.0,1.0,1.0,,0.0,1.0,1.0,0.0,1.0,1.0,,1.0,0.0,1.0,0.0,0.0,0.0,0.0,0.0,1.0,,1.0,0.0,1.0,1.0,1.0,1.0,0.0,0.0,1.0,0.0,1.0,0.0,0.0,,0.0,,,,,,,0.0,,,1.0,0.0,0.0,0.0,0.0,0.0,1.0,0.0,,1.0,1.0,1.0,1.0,1.0,0.0,0.0,1.0,1.0,1.0,0.0,0.0,0.0,0.0,1.0,1.0,1.0,0.0,1.0,0.0,,1.0,1.0,0.0,0.0,1.0,1.0,0.0,0.0,0.0,1.0,1.0,1.0,1.0,0.0,1.0,1.0,1.0,1.0,1.0,1.0,0.0,0.0,0.0,0.0,1.0,1.0,0.0,1.0,1.0,0.0,1.0,0.0,1.0,,,1.0,0.0,1.0,0.0,0.0,0.0,1.0,0.0,0.0,0.0,1.0,0.0,,,0.0,1.0,0.0,1.0,,1.0,1.0,0.0,1.0,1.0,1.0,1.0,1.0,0.0,1.0,1.0,1.0,1.0,1.0,1.0,1.0,,1.0,0.0,,,,,,,,1.0,,1.0,0.0,1.0,0.0,0.0,0.0,,,,,,,1.0,1.0,0.0,,,,,,,,,0.0,,1.0,1.0,0.0,1.0,0.0,0.0,1.0,,,,,,,,,,,,1.0,0.0,0.0,1.0,1.0,1.0,0.0,0.0,0.0,0.0,1.0,0.0,1.0,1.0,1.0,,1.0,0.0,0.0,0.0,1.0,1.0,0.0,1.0,1.0,0.0,1.0,1.0,1.0,,1.0,0.0,1.0,1.0,1.0,0.0,0.0,1.0,0.0,1.0,0.0,0.0,0.0,0.0,1.0,1.0,1.0,0.0,1.0,,0.0,,,0.0,1.0,0.0,1.0
Fernando Borja,,,,,,,,,,,,,,,,,,,,,,,,,,,,,,,,,,,,,,,,,,,,,,,,,,,,,,,,,,,0.0,,,,1.0,,,,,,,,,,,,,,,,,,,,,,,,,,,,,,,,,,,,,,,,,,,,,,,,,,,,,,,,,,,,,,,,,,,,,,,,,,,,,,,,,,,,,,1.0,0.0,0.0,1.0,1.0,0.0,0.0,0.0,1.0,0.0,1.0,1.0,0.0,0.0,1.0,,1.0,,,,,,,,,,,,,,,,,,,,,,,,,,,,,,,,,,1.0,0.0,,,,,,,,,,,,,,,,,,,,,,,,,,,,,,,,,,,,,,,,,,,,,,,,,,,,,,,,,,,,,,,,,,,,,,,,,,,,,,,,,,,,,,,,,,,,,,,,,,,,,,,,,,,,,,,,,,,,,,,,,,,,,,,,,,,,,,,,,,,,,,,,,,,,,,,,,,,,,,,,,,,,,,,,,,,,,,,,,,,,,,,,,,,,,,,,,,,,,,,,,,,,,,,,,,,,,,,,,,,,,,,,,,,,,,,,,,,,,,,,,,,,,,,,,,,,,,,,,,,,,,,,,,,,,,,,,,,,,,,,,,,,,,,,,,,,,,,,,,,,,,,,,
Fernando Coelho Filho,0.0,0.0,1.0,0.0,1.0,1.0,1.0,,0.0,1.0,0.0,,0.0,1.0,0.0,1.0,0.0,1.0,0.0,0.0,1.0,0.0,0.0,0.0,0.0,,0.0,1.0,,,0.0,1.0,0.0,0.0,0.0,0.0,,1.0,0.0,0.0,0.0,0.0,0.0,1.0,0.0,1.0,0.0,1.0,1.0,0.0,0.0,1.0,0.0,1.0,1.0,,0.0,1.0,,1.0,1.0,,,,0.0,1.0,1.0,1.0,0.0,0.0,0.0,,0.0,,,1.0,,,,,1.0,,,,0.0,,,1.0,1.0,,,1.0,1.0,0.0,,1.0,,,,,0.0,0.0,1.0,1.0,1.0,1.0,0.0,0.0,1.0,1.0,1.0,0.0,0.0,1.0,1.0,1.0,0.0,0.0,0.0,0.0,,,,,0.0,1.0,0.0,,0.0,,1.0,0.0,1.0,0.0,0.0,1.0,1.0,,1.0,,,0.0,1.0,0.0,0.0,1.0,0.0,1.0,,,0.0,1.0,1.0,,,,,,,,,,,0.0,,0.0,0.0,,1.0,,1.0,0.0,0.0,1.0,0.0,0.0,1.0,1.0,1.0,1.0,1.0,0.0,0.0,1.0,1.0,1.0,1.0,1.0,1.0,1.0,0.0,1.0,0.0,1.0,0.0,0.0,0.0,0.0,1.0,1.0,,1.0,0.0,,0.0,0.0,0.0,0.0,,0.0,,,1.0,0.0,0.0,0.0,,0.0,0.0,,,,,0.0,1.0,1.0,1.0,1.0,,,0.0,,0.0,1.0,1.0,1.0,,1.0,0.0,,,,,0.0,,0.0,1.0,0.0,1.0,1.0,1.0,1.0,,,0.0,1.0,0.0,1.0,0.0,1.0,1.0,1.0,1.0,1.0,1.0,1.0,1.0,1.0,1.0,0.0,1.0,0.0,,,,1.0,1.0,0.0,,0.0,1.0,,,,0.0,0.0,0.0,,1.0,,1.0,0.0,,,1.0,1.0,,,,0.0,0.0,1.0,1.0,,,0.0,,1.0,,0.0,0.0,0.0,1.0,,1.0,1.0,0.0,1.0,0.0,1.0,0.0,1.0,1.0,0.0,0.0,1.0,1.0,1.0,1.0,1.0,1.0,1.0,0.0,0.0,,0.0,,,0.0,0.0,0.0,0.0,,1.0,1.0,1.0,1.0,0.0,1.0,0.0,1.0,1.0,1.0,,,0.0,,,1.0,0.0,0.0,0.0,,1.0,0.0,0.0,1.0,1.0,0.0,1.0,1.0,,,,,,1.0,0.0,0.0,1.0,,1.0,,0.0,0.0,0.0,0.0,0.0,0.0,1.0,1.0,0.0,,0.0,1.0,1.0,1.0,0.0,,0.0,0.0,0.0,1.0,0.0,0.0,0.0,1.0,0.0,1.0,1.0,1.0,0.0,1.0,,,0.0,0.0,0.0,0.0,1.0,0.0,,0.0,,,,,,1.0,1.0,,0.0,1.0,,,1.0,0.0,,0.0,0.0,0.0,0.0,0.0,0.0,1.0,1.0,,,0.0,0.0,,,1.0,,0.0,1.0,0.0,,0.0,,0.0,0.0,0.0,0.0,,1.0,1.0,1.0,,0.0,0.0,,,1.0,0.0,,0.0,,0.0,1.0,,0.0,0.0,,,,,0.0,0.0,1.0,1.0,1.0,1.0,,0.0,1.0,0.0,0.0,0.0,,0.0,0.0,,0.0,0.0
Fernando Monteiro,0.0,0.0,1.0,0.0,1.0,1.0,1.0,1.0,0.0,1.0,,1.0,0.0,1.0,0.0,1.0,0.0,1.0,0.0,0.0,1.0,0.0,0.0,,,1.0,0.0,1.0,0.0,,0.0,1.0,,0.0,0.0,0.0,1.0,1.0,,0.0,0.0,0.0,0.0,1.0,0.0,1.0,0.0,1.0,1.0,0.0,0.0,1.0,0.0,1.0,1.0,0.0,0.0,1.0,,1.0,1.0,1.0,1.0,0.0,,1.0,1.0,1.0,0.0,0.0,0.0,,0.0,0.0,0.0,1.0,,,,1.0,1.0,1.0,1.0,,1.0,,1.0,1.0,,1.0,1.0,1.0,1.0,,,1.0,1.0,1.0,0.0,,,0.0,,1.0,1.0,1.0,0.0,0.0,1.0,1.0,1.0,0.0,0.0,1.0,1.0,1.0,0.0,0.0,0.0,0.0,1.0,0.0,0.0,0.0,0.0,1.0,0.0,0.0,1.0,0.0,1.0,0.0,1.0,0.0,0.0,1.0,1.0,1.0,1.0,0.0,1.0,1.0,1.0,0.0,0.0,,0.0,1.0,1.0,0.0,,1.0,1.0,0.0,0.0,0.0,1.0,0.0,1.0,1.0,,,,,,0.0,0.0,,1.0,1.0,1.0,0.0,0.0,1.0,0.0,0.0,1.0,1.0,1.0,1.0,1.0,1.0,0.0,0.0,1.0,1.0,1.0,1.0,1.0,1.0,0.0,0.0,0.0,1.0,,0.0,0.0,,1.0,1.0,0.0,1.0,0.0,,0.0,0.0,0.0,0.0,1.0,0.0,0.0,0.0,1.0,,,,,,,,,,1.0,0.0,1.0,,1.0,,1.0,0.0,0.0,0.0,0.0,1.0,1.0,1.0,0.0,,0.0,0.0,1.0,0.0,0.0,,1.0,1.0,0.0,0.0,1.0,1.0,1.0,1.0,1.0,0.0,0.0,1.0,0.0,0.0,0.0,1.0,1.0,1.0,1.0,1.0,,1.0,1.0,1.0,1.0,0.0,1.0,0.0,0.0,0.0,0.0,1.0,0.0,,1.0,0.0,,,,,0.0,,0.0,,1.0,1.0,1.0,0.0,0.0,0.0,,1.0,,,1.0,0.0,1.0,0.0,1.0,,1.0,0.0,0.0,1.0,0.0,0.0,0.0,0.0,1.0,1.0,1.0,1.0,0.0,1.0,0.0,1.0,0.0,1.0,1.0,0.0,1.0,1.0,1.0,1.0,1.0,1.0,1.0,1.0,0.0,0.0,0.0,0.0,1.0,0.0,0.0,0.0,0.0,0.0,1.0,1.0,1.0,1.0,,0.0,,0.0,0.0,1.0,1.0,0.0,1.0,,0.0,1.0,,1.0,,,,1.0,0.0,0.0,1.0,,0.0,1.0,1.0,0.0,0.0,,,,1.0,0.0,0.0,1.0,0.0,0.0,,0.0,0.0,0.0,0.0,0.0,0.0,1.0,1.0,0.0,,0.0,1.0,1.0,1.0,0.0,0.0,0.0,0.0,0.0,1.0,0.0,0.0,0.0,1.0,0.0,1.0,1.0,1.0,,,0.0,,0.0,0.0,0.0,0.0,1.0,,,,0.0,,0.0,,,1.0,1.0,0.0,0.0,1.0,0.0,1.0,1.0,0.0,0.0,0.0,0.0,0.0,0.0,0.0,0.0,1.0,1.0,0.0,1.0,0.0,,0.0,0.0,1.0,1.0,1.0,1.0,,,0.0,,,0.0,0.0,0.0,0.0,1.0,1.0,1.0,0.0,0.0,,0.0,0.0,1.0,0.0,1.0,0.0,0.0,0.0,1.0,,0.0,0.0,1.0,1.0,0.0,1.0,1.0,0.0,1.0,1.0,1.0,1.0,,,1.0,0.0,,,,,,,,0.0
Fernando Rodolfo,0.0,1.0,1.0,1.0,1.0,1.0,1.0,1.0,0.0,1.0,1.0,1.0,,,,1.0,0.0,,0.0,0.0,1.0,0.0,0.0,0.0,,1.0,1.0,,1.0,1.0,1.0,1.0,0.0,0.0,0.0,0.0,1.0,,0.0,0.0,0.0,,0.0,1.0,0.0,,0.0,1.0,,,,,0.0,1.0,1.0,0.0,0.0,1.0,0.0,1.0,1.0,1.0,,0.0,0.0,1.0,1.0,0.0,0.0,0.0,0.0,0.0,0.0,1.0,0.0,1.0,,,,1.0,1.0,1.0,1.0,0.0,0.0,,1.0,1.0,1.0,1.0,1.0,1.0,,,,1.0,1.0,1.0,0.0,,,,1.0,,,,,,,,,,,1.0,,,,,0.0,0.0,1.0,,,,0.0,1.0,,0.0,0.0,0.0,1.0,0.0,0.0,0.0,0.0,1.0,1.0,1.0,1.0,0.0,0.0,0.0,1.0,,1.0,1.0,0.0,1.0,1.0,,0.0,1.0,1.0,,0.0,0.0,1.0,,,1.0,0.0,0.0,1.0,0.0,1.0,0.0,0.0,,1.0,1.0,1.0,0.0,0.0,1.0,,0.0,1.0,1.0,1.0,1.0,1.0,,0.0,,,1.0,1.0,1.0,1.0,1.0,0.0,1.0,0.0,,0.0,,0.0,,1.0,1.0,,1.0,0.0,,0.0,0.0,0.0,0.0,1.0,0.0,0.0,,1.0,1.0,1.0,,1.0,,,,,,,0.0,1.0,1.0,1.0,1.0,1.0,0.0,0.0,,0.0,1.0,1.0,1.0,0.0,1.0,0.0,0.0,1.0,0.0,,0.0,1.0,1.0,0.0,0.0,0.0,1.0,1.0,,,0.0,0.0,1.0,0.0,1.0,0.0,1.0,1.0,1.0,,0.0,1.0,0.0,0.0,,1.0,1.0,1.0,0.0,,0.0,1.0,0.0,0.0,0.0,1.0,0.0,0.0,0.0,1.0,1.0,,0.0,0.0,0.0,1.0,1.0,1.0,1.0,0.0,0.0,1.0,1.0,,,1.0,1.0,0.0,0.0,0.0,1.0,,0.0,,1.0,,0.0,0.0,,,1.0,1.0,,0.0,1.0,,,0.0,1.0,,0.0,1.0,1.0,1.0,,1.0,1.0,1.0,1.0,0.0,0.0,0.0,0.0,,,,0.0,0.0,0.0,1.0,,,1.0,,,1.0,,0.0,1.0,1.0,1.0,1.0,0.0,,1.0,0.0,1.0,1.0,,0.0,1.0,,0.0,1.0,,,,,,0.0,,1.0,0.0,,0.0,0.0,1.0,0.0,,,1.0,,0.0,0.0,0.0,0.0,,1.0,0.0,,0.0,,,1.0,0.0,,0.0,,0.0,1.0,0.0,0.0,0.0,1.0,,,,,,,,,,0.0,0.0,0.0,1.0,,0.0,,,,,,0.0,,1.0,0.0,1.0,1.0,,1.0,1.0,1.0,,0.0,0.0,,0.0,0.0,0.0,1.0,1.0,,1.0,,0.0,0.0,1.0,1.0,1.0,0.0,0.0,0.0,,0.0,1.0,0.0,0.0,,1.0,0.0,1.0,,1.0,,0.0,0.0,,,,0.0,1.0,,,0.0,1.0,,0.0,,,1.0,0.0,1.0,0.0,,,,1.0,1.0,0.0,,,0.0,,,,,,,,0.0
Filipe Barros,,,0.0,0.0,,0.0,0.0,1.0,0.0,1.0,0.0,,1.0,0.0,0.0,,,,,,,0.0,1.0,0.0,0.0,0.0,0.0,0.0,1.0,1.0,0.0,1.0,0.0,0.0,0.0,0.0,1.0,0.0,0.0,0.0,0.0,,,1.0,0.0,1.0,,1.0,,0.0,,,1.0,0.0,0.0,1.0,1.0,1.0,,1.0,1.0,1.0,1.0,0.0,0.0,1.0,0.0,0.0,,0.0,0.0,,0.0,1.0,0.0,1.0,,,,1.0,,1.0,1.0,0.0,0.0,,0.0,0.0,1.0,1.0,1.0,1.0,,,0.0,1.0,1.0,1.0,0.0,,,,1.0,0.0,0.0,0.0,0.0,1.0,0.0,0.0,0.0,1.0,1.0,1.0,1.0,1.0,,,0.0,0.0,1.0,,0.0,0.0,0.0,1.0,1.0,0.0,0.0,0.0,1.0,0.0,0.0,0.0,,,1.0,1.0,0.0,0.0,,0.0,,,0.0,1.0,0.0,1.0,1.0,0.0,0.0,1.0,1.0,0.0,0.0,,1.0,0.0,,1.0,0.0,0.0,1.0,0.0,1.0,0.0,0.0,0.0,1.0,1.0,1.0,1.0,0.0,,0.0,0.0,1.0,1.0,1.0,1.0,1.0,1.0,1.0,1.0,1.0,1.0,1.0,1.0,1.0,,0.0,,0.0,1.0,,,0.0,0.0,,,0.0,1.0,,,0.0,0.0,0.0,0.0,,0.0,0.0,0.0,1.0,1.0,0.0,,,,0.0,1.0,1.0,1.0,1.0,0.0,1.0,,1.0,,1.0,0.0,0.0,0.0,0.0,1.0,1.0,,0.0,1.0,0.0,0.0,1.0,,0.0,,,1.0,0.0,0.0,0.0,0.0,1.0,1.0,1.0,0.0,0.0,0.0,,0.0,,1.0,1.0,1.0,1.0,1.0,1.0,1.0,1.0,0.0,1.0,0.0,1.0,0.0,,0.0,0.0,1.0,0.0,0.0,1.0,,,,,,0.0,0.0,,0.0,1.0,1.0,1.0,0.0,0.0,0.0,1.0,1.0,,,1.0,0.0,1.0,0.0,0.0,,1.0,0.0,0.0,1.0,0.0,0.0,0.0,,,1.0,1.0,1.0,0.0,1.0,0.0,1.0,0.0,1.0,,0.0,1.0,1.0,1.0,1.0,1.0,1.0,1.0,1.0,0.0,,0.0,0.0,1.0,0.0,0.0,,0.0,,1.0,1.0,1.0,1.0,1.0,1.0,0.0,0.0,0.0,1.0,,0.0,,1.0,0.0,,,1.0,0.0,,,1.0,0.0,0.0,1.0,1.0,0.0,1.0,,,,,1.0,0.0,,0.0,0.0,,0.0,0.0,,0.0,0.0,1.0,0.0,0.0,0.0,0.0,1.0,0.0,1.0,0.0,1.0,1.0,1.0,0.0,0.0,0.0,0.0,0.0,1.0,0.0,0.0,,,0.0,,,,1.0,1.0,,,0.0,0.0,0.0,0.0,1.0,0.0,0.0,,0.0,,,1.0,,1.0,,,0.0,1.0,0.0,1.0,1.0,0.0,0.0,0.0,,0.0,0.0,0.0,0.0,1.0,1.0,0.0,1.0,0.0,1.0,0.0,0.0,1.0,0.0,1.0,1.0,1.0,1.0,0.0,,0.0,0.0,,0.0,,1.0,1.0,1.0,,,,0.0,,,0.0,1.0,0.0,,,1.0,,0.0,0.0,1.0,,0.0,1.0,0.0,,1.0,1.0,1.0,1.0,0.0,,,0.0,,,,0.0,0.0,,,0.0
Flaviano Melo,,,1.0,0.0,,1.0,1.0,1.0,0.0,1.0,0.0,1.0,0.0,1.0,0.0,1.0,0.0,1.0,0.0,0.0,1.0,0.0,0.0,1.0,,,,,,1.0,,,,,,,,,,,,1.0,0.0,1.0,,1.0,0.0,1.0,1.0,0.0,0.0,1.0,0.0,1.0,1.0,0.0,0.0,1.0,0.0,1.0,1.0,1.0,,,,,1.0,,0.0,0.0,,,,,,,,,,1.0,,,,,0.0,,1.0,1.0,1.0,,,,1.0,0.0,1.0,1.0,1.0,,0.0,0.0,0.0,0.0,1.0,1.0,1.0,1.0,0.0,0.0,1.0,1.0,1.0,0.0,0.0,1.0,1.0,1.0,0.0,0.0,0.0,0.0,1.0,,0.0,0.0,0.0,1.0,0.0,1.0,1.0,0.0,1.0,0.0,0.0,0.0,0.0,1.0,1.0,1.0,1.0,0.0,0.0,1.0,1.0,0.0,0.0,1.0,0.0,1.0,,,0.0,1.0,1.0,0.0,0.0,0.0,1.0,0.0,1.0,1.0,0.0,0.0,1.0,0.0,1.0,0.0,0.0,0.0,1.0,1.0,1.0,0.0,0.0,1.0,0.0,0.0,1.0,1.0,1.0,1.0,1.0,1.0,0.0,1.0,1.0,1.0,1.0,1.0,1.0,1.0,0.0,0.0,0.0,1.0,0.0,0.0,0.0,0.0,1.0,1.0,0.0,1.0,0.0,,,0.0,0.0,,1.0,0.0,0.0,0.0,1.0,0.0,0.0,,1.0,0.0,0.0,1.0,1.0,1.0,1.0,0.0,1.0,1.0,1.0,1.0,1.0,0.0,0.0,,0.0,1.0,1.0,1.0,0.0,1.0,0.0,0.0,1.0,0.0,0.0,0.0,1.0,1.0,0.0,0.0,0.0,,1.0,1.0,1.0,0.0,0.0,1.0,0.0,,,1.0,1.0,1.0,,,1.0,1.0,,1.0,1.0,0.0,1.0,0.0,0.0,0.0,0.0,1.0,1.0,0.0,1.0,0.0,1.0,1.0,1.0,1.0,0.0,0.0,0.0,0.0,1.0,1.0,1.0,0.0,0.0,0.0,1.0,1.0,1.0,0.0,1.0,0.0,0.0,1.0,0.0,1.0,1.0,0.0,,1.0,0.0,0.0,0.0,0.0,1.0,1.0,1.0,1.0,,1.0,0.0,1.0,0.0,1.0,1.0,0.0,0.0,1.0,1.0,1.0,1.0,1.0,,1.0,0.0,0.0,0.0,0.0,1.0,0.0,0.0,0.0,,0.0,,1.0,1.0,,0.0,0.0,0.0,0.0,0.0,1.0,1.0,1.0,1.0,0.0,0.0,,0.0,0.0,0.0,0.0,0.0,1.0,,0.0,1.0,1.0,0.0,0.0,1.0,0.0,,1.0,1.0,0.0,1.0,0.0,0.0,1.0,0.0,0.0,0.0,0.0,0.0,0.0,1.0,0.0,0.0,1.0,1.0,1.0,1.0,0.0,1.0,,1.0,0.0,0.0,0.0,0.0,0.0,1.0,0.0,,0.0,,0.0,1.0,0.0,0.0,1.0,1.0,,1.0,0.0,0.0,0.0,0.0,1.0,0.0,0.0,0.0,,0.0,0.0,1.0,0.0,1.0,1.0,0.0,0.0,1.0,0.0,1.0,1.0,0.0,0.0,0.0,0.0,0.0,0.0,0.0,,,,,1.0,0.0,,0.0,0.0,1.0,0.0,1.0,1.0,1.0,0.0,0.0,,0.0,,0.0,0.0,,1.0,1.0,1.0,,0.0,0.0,1.0,1.0,1.0,0.0,1.0,1.0,0.0,0.0,,0.0,0.0,0.0,1.0,,0.0,1.0,1.0,0.0,1.0,1.0,1.0,1.0,0.0,,1.0,0.0,0.0,0.0,0.0,,0.0,1.0,0.0,0.0
Flordelis,,,1.0,1.0,1.0,1.0,1.0,,,,,,,,,,,,,,,,,,,1.0,,1.0,0.0,,,,,,,,,,,,,0.0,0.0,1.0,,,,,,,,,0.0,1.0,1.0,0.0,0.0,1.0,,,,,1.0,0.0,0.0,,,1.0,,,,,,,,,1.0,0.0,1.0,1.0,,1.0,1.0,0.0,0.0,,1.0,1.0,,1.0,1.0,1.0,,,,1.0,,,0.0,,,,,,,,,,,,,,,1.0,1.0,,,,0.0,0.0,1.0,0.0,0.0,0.0,0.0,1.0,0.0,0.0,0.0,0.0,1.0,0.0,0.0,0.0,0.0,1.0,1.0,1.0,1.0,0.0,0.0,0.0,,,,,,,1.0,0.0,0.0,1.0,1.0,0.0,0.0,0.0,1.0,0.0,1.0,1.0,0.0,0.0,1.0,0.0,1.0,0.0,0.0,,1.0,,,0.0,0.0,1.0,0.0,0.0,1.0,1.0,1.0,1.0,1.0,1.0,0.0,1.0,1.0,1.0,,1.0,1.0,1.0,0.0,1.0,0.0,1.0,0.0,0.0,0.0,0.0,1.0,1.0,0.0,1.0,,,0.0,0.0,0.0,0.0,1.0,0.0,0.0,0.0,1.0,1.0,0.0,0.0,1.0,0.0,0.0,1.0,1.0,1.0,1.0,0.0,1.0,1.0,1.0,1.0,1.0,0.0,0.0,0.0,0.0,1.0,1.0,1.0,0.0,1.0,0.0,0.0,1.0,0.0,,0.0,1.0,,0.0,0.0,0.0,1.0,1.0,1.0,1.0,0.0,0.0,0.0,0.0,1.0,,1.0,1.0,1.0,1.0,1.0,1.0,1.0,1.0,1.0,1.0,0.0,1.0,0.0,0.0,0.0,0.0,1.0,0.0,0.0,1.0,0.0,1.0,1.0,1.0,1.0,0.0,,0.0,0.0,1.0,1.0,1.0,1.0,0.0,0.0,1.0,1.0,1.0,0.0,1.0,0.0,1.0,0.0,1.0,1.0,1.0,0.0,,1.0,0.0,0.0,0.0,0.0,1.0,,1.0,1.0,0.0,1.0,0.0,1.0,0.0,1.0,1.0,0.0,1.0,1.0,1.0,1.0,1.0,1.0,1.0,1.0,0.0,0.0,0.0,0.0,1.0,0.0,0.0,0.0,0.0,0.0,,1.0,1.0,1.0,1.0,0.0,0.0,,0.0,1.0,1.0,0.0,1.0,0.0,0.0,1.0,0.0,1.0,,,,1.0,0.0,0.0,1.0,1.0,,1.0,1.0,0.0,0.0,1.0,1.0,0.0,1.0,0.0,0.0,1.0,0.0,0.0,0.0,0.0,,0.0,1.0,0.0,0.0,1.0,1.0,1.0,1.0,0.0,1.0,1.0,1.0,0.0,0.0,0.0,0.0,0.0,1.0,0.0,0.0,0.0,1.0,0.0,1.0,1.0,1.0,1.0,1.0,0.0,1.0,0.0,0.0,0.0,0.0,1.0,0.0,0.0,0.0,0.0,0.0,0.0,1.0,0.0,1.0,1.0,0.0,,1.0,0.0,1.0,1.0,0.0,0.0,0.0,,0.0,0.0,0.0,,,1.0,0.0,1.0,0.0,1.0,0.0,0.0,1.0,1.0,1.0,1.0,,1.0,0.0,1.0,,0.0,0.0,0.0,0.0,,,,,,0.0,0.0,1.0,1.0,,1.0,,,,1.0,0.0,0.0,0.0,,1.0,0.0,1.0,0.0,0.0,1.0,1.0,1.0,1.0,0.0,0.0,1.0,0.0,,,,,,,,0.0
Flávia Arruda,0.0,,1.0,,1.0,1.0,1.0,1.0,0.0,,1.0,1.0,,,,,,,,,,,1.0,,0.0,1.0,0.0,0.0,0.0,1.0,0.0,1.0,0.0,0.0,0.0,0.0,1.0,1.0,0.0,0.0,0.0,1.0,0.0,1.0,0.0,1.0,0.0,1.0,,0.0,,1.0,,,,,,,0.0,,,,,,0.0,,,1.0,,,0.0,,,1.0,0.0,1.0,1.0,0.0,1.0,,,1.0,,,0.0,,,1.0,,,,,,,0.0,,,,,,,0.0,,1.0,1.0,1.0,,0.0,1.0,1.0,1.0,0.0,1.0,1.0,1.0,1.0,0.0,0.0,0.0,0.0,1.0,0.0,0.0,0.0,0.0,1.0,0.0,,0.0,,1.0,0.0,,,,,,1.0,1.0,,0.0,0.0,1.0,,0.0,1.0,0.0,1.0,1.0,,0.0,1.0,1.0,0.0,,,,0.0,1.0,1.0,0.0,0.0,1.0,0.0,,0.0,0.0,0.0,1.0,,,0.0,,,0.0,,1.0,1.0,1.0,1.0,1.0,1.0,0.0,1.0,1.0,,1.0,0.0,1.0,1.0,0.0,0.0,0.0,,0.0,0.0,0.0,0.0,,,,1.0,,,0.0,0.0,,0.0,1.0,0.0,0.0,0.0,1.0,1.0,0.0,0.0,1.0,0.0,0.0,1.0,1.0,1.0,,0.0,1.0,1.0,1.0,1.0,1.0,0.0,,,0.0,1.0,1.0,1.0,0.0,1.0,,0.0,,,0.0,0.0,1.0,1.0,0.0,0.0,1.0,1.0,1.0,1.0,1.0,,0.0,1.0,0.0,1.0,0.0,1.0,1.0,1.0,1.0,1.0,1.0,1.0,1.0,1.0,1.0,0.0,1.0,0.0,0.0,,0.0,1.0,0.0,0.0,1.0,,1.0,1.0,1.0,1.0,0.0,,0.0,0.0,1.0,,1.0,0.0,0.0,0.0,1.0,,0.0,0.0,1.0,,1.0,0.0,1.0,0.0,1.0,,,1.0,0.0,0.0,0.0,0.0,1.0,1.0,1.0,,,1.0,0.0,1.0,0.0,1.0,1.0,0.0,1.0,,1.0,1.0,1.0,1.0,1.0,1.0,,,,,1.0,0.0,0.0,0.0,0.0,0.0,,1.0,1.0,1.0,0.0,0.0,1.0,0.0,0.0,1.0,1.0,1.0,1.0,,0.0,,0.0,,0.0,0.0,0.0,,,0.0,1.0,,0.0,1.0,1.0,0.0,0.0,,1.0,0.0,1.0,0.0,0.0,1.0,0.0,,,0.0,,0.0,0.0,,,1.0,,,,0.0,1.0,,1.0,,0.0,0.0,0.0,0.0,1.0,0.0,,0.0,1.0,,1.0,1.0,1.0,,1.0,,,,0.0,0.0,0.0,1.0,0.0,,0.0,0.0,,0.0,1.0,,1.0,1.0,0.0,,1.0,0.0,1.0,1.0,,0.0,1.0,0.0,0.0,0.0,0.0,0.0,1.0,1.0,0.0,1.0,0.0,1.0,0.0,0.0,1.0,,1.0,1.0,,,0.0,,0.0,0.0,0.0,0.0,,1.0,,1.0,0.0,0.0,0.0,0.0,0.0,1.0,0.0,,,,0.0,1.0,0.0,0.0,0.0,1.0,,0.0,,1.0,,1.0,1.0,,1.0,0.0,,1.0,0.0,,,,,,,,0.0
Flávia Morais,1.0,1.0,1.0,1.0,1.0,1.0,1.0,1.0,1.0,1.0,1.0,1.0,1.0,1.0,1.0,1.0,0.0,1.0,0.0,0.0,1.0,0.0,0.0,1.0,0.0,,1.0,0.0,,0.0,0.0,1.0,,,0.0,,1.0,1.0,0.0,,,0.0,0.0,,0.0,1.0,,1.0,1.0,0.0,,1.0,0.0,1.0,1.0,0.0,0.0,0.0,,1.0,1.0,1.0,,0.0,,0.0,1.0,1.0,0.0,0.0,0.0,,0.0,1.0,,1.0,,,,1.0,1.0,1.0,1.0,0.0,1.0,,1.0,1.0,1.0,1.0,,1.0,0.0,0.0,,1.0,,,0.0,0.0,0.0,1.0,0.0,1.0,1.0,1.0,,0.0,1.0,1.0,1.0,0.0,0.0,0.0,0.0,,,1.0,,0.0,1.0,1.0,1.0,0.0,,0.0,1.0,,1.0,1.0,0.0,1.0,1.0,1.0,,0.0,0.0,0.0,1.0,0.0,0.0,0.0,1.0,1.0,1.0,,,1.0,0.0,,,1.0,1.0,0.0,,0.0,,,,1.0,0.0,,,,1.0,0.0,,0.0,1.0,1.0,1.0,0.0,,,,,,,0.0,0.0,0.0,0.0,0.0,,,,0.0,,,0.0,1.0,0.0,1.0,1.0,,0.0,1.0,1.0,1.0,0.0,0.0,1.0,,,,0.0,1.0,1.0,0.0,1.0,1.0,1.0,0.0,1.0,1.0,0.0,0.0,1.0,1.0,1.0,0.0,0.0,0.0,1.0,0.0,0.0,0.0,0.0,0.0,1.0,1.0,,1.0,0.0,1.0,0.0,1.0,0.0,1.0,1.0,0.0,1.0,1.0,1.0,0.0,0.0,1.0,1.0,1.0,1.0,,1.0,0.0,,1.0,0.0,1.0,1.0,,1.0,1.0,,1.0,1.0,0.0,0.0,1.0,,1.0,,0.0,1.0,1.0,0.0,,0.0,1.0,1.0,0.0,1.0,0.0,0.0,0.0,0.0,0.0,1.0,1.0,1.0,0.0,0.0,1.0,1.0,,1.0,,,,,0.0,1.0,,1.0,1.0,1.0,,0.0,0.0,1.0,0.0,0.0,1.0,0.0,0.0,1.0,,,,1.0,1.0,0.0,1.0,1.0,1.0,1.0,1.0,0.0,1.0,1.0,1.0,1.0,1.0,0.0,1.0,,,0.0,1.0,,0.0,0.0,1.0,1.0,,1.0,0.0,0.0,0.0,1.0,1.0,0.0,1.0,1.0,1.0,1.0,0.0,1.0,0.0,,1.0,0.0,1.0,0.0,0.0,1.0,0.0,1.0,0.0,1.0,,1.0,1.0,0.0,,1.0,0.0,1.0,1.0,1.0,1.0,0.0,,1.0,1.0,1.0,1.0,0.0,1.0,0.0,0.0,,1.0,1.0,1.0,0.0,1.0,0.0,1.0,,,,,,,1.0,,,0.0,1.0,0.0,0.0,0.0,0.0,1.0,,,1.0,1.0,1.0,1.0,0.0,,,,,,,,,0.0,,,1.0,0.0,1.0,0.0,0.0,1.0,,,,,,,,1.0,1.0,1.0,1.0,1.0,,0.0,1.0,1.0,1.0,0.0,0.0,0.0,0.0,1.0,,1.0,,1.0,,,,,,,,,,,,1.0,1.0,1.0,1.0,1.0,1.0,1.0,1.0,,,1.0,0.0,1.0,1.0,,1.0,1.0,0.0,1.0,1.0,,0.0,1.0,0.0,,0.0,0.0,0.0,1.0,0.0,1.0
Flávio Nogueira,1.0,,1.0,1.0,1.0,1.0,1.0,1.0,1.0,1.0,1.0,1.0,1.0,0.0,1.0,1.0,1.0,1.0,1.0,0.0,1.0,,,1.0,,1.0,,1.0,1.0,0.0,0.0,1.0,0.0,0.0,0.0,0.0,0.0,1.0,0.0,1.0,1.0,1.0,0.0,0.0,0.0,1.0,0.0,1.0,1.0,0.0,0.0,1.0,0.0,1.0,1.0,0.0,0.0,1.0,0.0,1.0,1.0,1.0,1.0,,0.0,1.0,1.0,1.0,,,0.0,,0.0,1.0,0.0,1.0,,,,1.0,1.0,1.0,1.0,0.0,1.0,,1.0,1.0,1.0,,1.0,1.0,0.0,1.0,1.0,1.0,1.0,1.0,0.0,0.0,1.0,1.0,1.0,1.0,1.0,1.0,0.0,0.0,1.0,1.0,1.0,0.0,0.0,0.0,1.0,1.0,0.0,0.0,0.0,0.0,1.0,1.0,0.0,0.0,0.0,1.0,1.0,0.0,0.0,1.0,1.0,0.0,0.0,1.0,0.0,1.0,1.0,1.0,1.0,0.0,0.0,0.0,1.0,1.0,0.0,1.0,0.0,1.0,1.0,0.0,0.0,1.0,1.0,0.0,0.0,0.0,1.0,0.0,1.0,1.0,0.0,0.0,1.0,1.0,1.0,0.0,0.0,0.0,1.0,1.0,1.0,0.0,,,0.0,0.0,1.0,1.0,1.0,1.0,1.0,0.0,0.0,0.0,1.0,,0.0,0.0,1.0,1.0,0.0,1.0,1.0,0.0,0.0,0.0,0.0,0.0,1.0,1.0,0.0,1.0,0.0,,0.0,,0.0,0.0,1.0,1.0,1.0,0.0,1.0,1.0,0.0,,1.0,0.0,0.0,1.0,1.0,1.0,0.0,0.0,1.0,1.0,,1.0,1.0,0.0,0.0,,0.0,1.0,1.0,1.0,0.0,1.0,0.0,0.0,1.0,1.0,,0.0,1.0,0.0,0.0,0.0,1.0,1.0,,1.0,1.0,0.0,0.0,1.0,1.0,1.0,0.0,1.0,1.0,1.0,1.0,1.0,1.0,1.0,1.0,0.0,1.0,1.0,1.0,0.0,1.0,0.0,0.0,1.0,0.0,0.0,1.0,0.0,1.0,1.0,1.0,0.0,,0.0,0.0,0.0,1.0,1.0,1.0,1.0,0.0,0.0,1.0,1.0,1.0,0.0,1.0,0.0,1.0,0.0,0.0,1.0,1.0,0.0,0.0,1.0,0.0,0.0,0.0,0.0,1.0,1.0,1.0,1.0,,1.0,0.0,1.0,0.0,1.0,1.0,1.0,,1.0,1.0,,1.0,1.0,1.0,1.0,,0.0,0.0,0.0,1.0,0.0,0.0,0.0,0.0,0.0,1.0,1.0,1.0,1.0,1.0,1.0,0.0,0.0,1.0,1.0,1.0,1.0,1.0,0.0,0.0,,0.0,0.0,0.0,0.0,0.0,1.0,0.0,1.0,1.0,1.0,0.0,1.0,1.0,0.0,0.0,1.0,1.0,0.0,1.0,0.0,0.0,1.0,0.0,1.0,0.0,0.0,0.0,0.0,1.0,0.0,0.0,1.0,1.0,1.0,0.0,0.0,1.0,1.0,1.0,0.0,0.0,0.0,0.0,0.0,1.0,0.0,0.0,0.0,0.0,0.0,1.0,1.0,1.0,0.0,1.0,0.0,1.0,0.0,0.0,0.0,1.0,1.0,,0.0,0.0,0.0,0.0,0.0,1.0,0.0,1.0,1.0,0.0,1.0,1.0,0.0,1.0,1.0,0.0,0.0,0.0,0.0,0.0,0.0,0.0,0.0,1.0,1.0,0.0,1.0,0.0,0.0,0.0,0.0,1.0,1.0,0.0,1.0,1.0,0.0,0.0,1.0,,0.0,0.0,0.0,0.0,1.0,1.0,1.0,0.0,0.0,0.0,0.0,1.0,1.0,0.0,1.0,1.0,0.0,0.0,1.0,0.0,0.0,0.0,1.0,1.0,0.0,1.0,0.0,0.0,1.0,1.0,1.0,1.0,0.0,,1.0,0.0,,0.0,0.0,0.0,,,,0.0
Francisco Jr.,0.0,0.0,1.0,1.0,1.0,1.0,1.0,1.0,0.0,,0.0,1.0,1.0,0.0,0.0,1.0,0.0,1.0,1.0,1.0,1.0,0.0,,0.0,0.0,1.0,0.0,1.0,,,0.0,1.0,0.0,,,0.0,1.0,1.0,0.0,,,0.0,0.0,,0.0,1.0,0.0,1.0,1.0,0.0,0.0,1.0,0.0,1.0,,0.0,0.0,1.0,,1.0,1.0,1.0,1.0,0.0,0.0,1.0,0.0,1.0,0.0,0.0,0.0,0.0,0.0,1.0,0.0,1.0,1.0,0.0,1.0,1.0,1.0,1.0,1.0,0.0,0.0,,1.0,1.0,1.0,1.0,1.0,1.0,1.0,0.0,0.0,1.0,1.0,1.0,0.0,,,0.0,1.0,1.0,1.0,1.0,0.0,0.0,1.0,1.0,1.0,0.0,0.0,1.0,1.0,1.0,0.0,0.0,0.0,0.0,1.0,0.0,0.0,0.0,0.0,1.0,0.0,,0.0,0.0,1.0,0.0,0.0,0.0,0.0,1.0,1.0,1.0,1.0,,0.0,0.0,1.0,0.0,1.0,1.0,0.0,1.0,1.0,0.0,0.0,1.0,1.0,0.0,0.0,0.0,1.0,,,,0.0,0.0,1.0,0.0,1.0,0.0,0.0,,1.0,1.0,,0.0,,1.0,0.0,,1.0,1.0,1.0,1.0,1.0,1.0,0.0,1.0,1.0,,1.0,1.0,1.0,,0.0,1.0,1.0,1.0,,0.0,0.0,0.0,1.0,0.0,0.0,1.0,0.0,,0.0,0.0,,0.0,1.0,0.0,0.0,0.0,1.0,1.0,0.0,0.0,1.0,0.0,0.0,1.0,,1.0,1.0,0.0,1.0,1.0,1.0,1.0,1.0,0.0,0.0,0.0,0.0,1.0,1.0,1.0,0.0,1.0,0.0,0.0,,0.0,0.0,0.0,1.0,1.0,0.0,0.0,0.0,1.0,1.0,1.0,1.0,0.0,0.0,0.0,0.0,1.0,0.0,1.0,1.0,1.0,1.0,1.0,1.0,1.0,1.0,1.0,1.0,0.0,1.0,0.0,0.0,0.0,0.0,1.0,0.0,0.0,1.0,0.0,,,1.0,1.0,0.0,0.0,0.0,0.0,1.0,1.0,1.0,0.0,0.0,0.0,1.0,1.0,1.0,0.0,1.0,0.0,1.0,0.0,1.0,1.0,1.0,,0.0,1.0,0.0,0.0,0.0,0.0,1.0,1.0,1.0,1.0,,1.0,0.0,,0.0,1.0,1.0,0.0,1.0,1.0,1.0,1.0,1.0,1.0,1.0,1.0,0.0,0.0,0.0,0.0,1.0,0.0,0.0,0.0,0.0,0.0,1.0,1.0,1.0,1.0,1.0,0.0,0.0,0.0,0.0,1.0,1.0,0.0,1.0,0.0,0.0,1.0,0.0,1.0,0.0,0.0,0.0,1.0,0.0,0.0,1.0,1.0,0.0,1.0,1.0,0.0,,1.0,1.0,0.0,1.0,0.0,0.0,1.0,0.0,0.0,,0.0,0.0,0.0,1.0,,0.0,1.0,1.0,1.0,1.0,0.0,1.0,1.0,1.0,0.0,0.0,0.0,0.0,0.0,1.0,,0.0,0.0,1.0,0.0,1.0,1.0,1.0,1.0,1.0,0.0,1.0,0.0,0.0,0.0,0.0,1.0,0.0,0.0,0.0,,0.0,0.0,,0.0,1.0,1.0,0.0,0.0,1.0,0.0,1.0,1.0,0.0,0.0,0.0,,0.0,0.0,0.0,0.0,1.0,1.0,0.0,1.0,0.0,1.0,0.0,,1.0,0.0,1.0,1.0,1.0,1.0,0.0,,0.0,0.0,,,0.0,1.0,1.0,1.0,0.0,0.0,0.0,0.0,1.0,1.0,0.0,1.0,0.0,0.0,0.0,1.0,0.0,0.0,0.0,1.0,1.0,0.0,1.0,0.0,0.0,1.0,,1.0,1.0,0.0,0.0,1.0,0.0,,,,,,,,0.0
Franco Cartafina,0.0,0.0,1.0,,1.0,1.0,1.0,,,1.0,0.0,1.0,,,0.0,,,,0.0,,1.0,0.0,0.0,1.0,0.0,0.0,0.0,0.0,1.0,1.0,0.0,1.0,0.0,,0.0,0.0,1.0,1.0,0.0,0.0,0.0,,0.0,1.0,0.0,1.0,,1.0,1.0,,0.0,,0.0,1.0,1.0,0.0,0.0,1.0,0.0,1.0,1.0,1.0,0.0,0.0,0.0,1.0,1.0,1.0,,0.0,0.0,0.0,0.0,1.0,0.0,1.0,0.0,0.0,1.0,,1.0,1.0,1.0,0.0,0.0,,1.0,1.0,,1.0,,1.0,1.0,0.0,,1.0,1.0,1.0,0.0,,,0.0,1.0,0.0,0.0,1.0,0.0,1.0,0.0,0.0,0.0,1.0,1.0,1.0,1.0,,,,0.0,0.0,1.0,0.0,0.0,0.0,0.0,1.0,0.0,0.0,0.0,0.0,1.0,0.0,0.0,1.0,0.0,1.0,1.0,1.0,1.0,0.0,0.0,1.0,1.0,0.0,0.0,1.0,0.0,1.0,1.0,0.0,0.0,1.0,1.0,0.0,0.0,0.0,1.0,0.0,1.0,1.0,0.0,0.0,1.0,0.0,1.0,0.0,0.0,0.0,1.0,1.0,1.0,0.0,0.0,1.0,0.0,,1.0,1.0,1.0,1.0,1.0,0.0,1.0,1.0,1.0,1.0,1.0,1.0,0.0,1.0,0.0,1.0,0.0,,0.0,0.0,0.0,0.0,1.0,0.0,0.0,1.0,0.0,,0.0,0.0,0.0,0.0,1.0,0.0,,,1.0,1.0,0.0,0.0,1.0,0.0,0.0,1.0,1.0,1.0,1.0,0.0,1.0,1.0,1.0,1.0,1.0,0.0,0.0,0.0,0.0,1.0,1.0,1.0,0.0,1.0,0.0,0.0,1.0,0.0,,0.0,1.0,1.0,0.0,0.0,0.0,1.0,1.0,1.0,1.0,0.0,0.0,1.0,0.0,0.0,0.0,1.0,1.0,1.0,1.0,1.0,1.0,1.0,1.0,0.0,1.0,1.0,1.0,,1.0,0.0,,1.0,0.0,0.0,1.0,0.0,1.0,1.0,1.0,1.0,0.0,0.0,0.0,0.0,1.0,1.0,1.0,0.0,,0.0,0.0,0.0,,,1.0,,1.0,0.0,1.0,0.0,1.0,,,1.0,0.0,0.0,1.0,0.0,1.0,,,0.0,0.0,1.0,0.0,1.0,0.0,1.0,1.0,1.0,1.0,1.0,1.0,1.0,1.0,1.0,0.0,1.0,0.0,0.0,0.0,0.0,1.0,0.0,0.0,0.0,0.0,0.0,,1.0,0.0,1.0,1.0,0.0,1.0,0.0,0.0,1.0,1.0,0.0,1.0,0.0,0.0,1.0,0.0,0.0,0.0,0.0,0.0,1.0,0.0,0.0,1.0,1.0,1.0,1.0,1.0,0.0,0.0,1.0,1.0,0.0,1.0,0.0,0.0,0.0,0.0,0.0,0.0,0.0,0.0,0.0,1.0,0.0,0.0,1.0,1.0,1.0,1.0,0.0,1.0,1.0,1.0,0.0,0.0,0.0,0.0,0.0,1.0,0.0,0.0,0.0,1.0,0.0,1.0,1.0,,1.0,1.0,0.0,1.0,0.0,0.0,,,1.0,0.0,0.0,0.0,0.0,0.0,0.0,1.0,0.0,1.0,,,0.0,1.0,0.0,1.0,1.0,,0.0,0.0,0.0,0.0,0.0,,,,,0.0,1.0,0.0,0.0,,,1.0,1.0,1.0,1.0,1.0,1.0,,,,0.0,0.0,0.0,,,,1.0,,,,,,,0.0,1.0,,0.0,0.0,1.0,,,0.0,1.0,1.0,0.0,1.0,1.0,,1.0,1.0,,0.0,0.0,0.0,1.0,0.0,0.0,0.0,0.0,,0.0,1.0,0.0,
Fred Costa,,,1.0,0.0,1.0,1.0,1.0,1.0,,,,1.0,,1.0,,,1.0,1.0,,,0.0,,,,0.0,0.0,0.0,0.0,1.0,,0.0,1.0,0.0,0.0,0.0,0.0,1.0,1.0,0.0,0.0,0.0,1.0,0.0,1.0,0.0,,,,1.0,0.0,,,,1.0,1.0,,,,,1.0,,,,0.0,0.0,1.0,1.0,1.0,0.0,0.0,1.0,1.0,,0.0,1.0,0.0,0.0,1.0,0.0,,0.0,1.0,1.0,0.0,,,,1.0,1.0,1.0,,1.0,,,0.0,,1.0,1.0,,,,,,1.0,1.0,1.0,0.0,0.0,1.0,1.0,1.0,,0.0,1.0,,1.0,,0.0,,,1.0,0.0,0.0,0.0,0.0,1.0,1.0,0.0,0.0,0.0,1.0,0.0,0.0,0.0,,1.0,1.0,1.0,1.0,,0.0,0.0,1.0,0.0,1.0,1.0,0.0,,0.0,0.0,0.0,,1.0,0.0,,,1.0,,1.0,1.0,0.0,0.0,1.0,,,0.0,,,1.0,,,0.0,0.0,1.0,0.0,0.0,1.0,1.0,1.0,1.0,1.0,,0.0,1.0,,,1.0,1.0,1.0,1.0,,1.0,1.0,,0.0,0.0,,0.0,,,0.0,1.0,0.0,,0.0,0.0,0.0,0.0,1.0,0.0,0.0,0.0,,1.0,0.0,0.0,1.0,0.0,0.0,,1.0,,1.0,,1.0,1.0,1.0,1.0,1.0,0.0,0.0,,0.0,1.0,1.0,1.0,1.0,1.0,0.0,,1.0,0.0,0.0,,,1.0,0.0,0.0,0.0,,1.0,1.0,1.0,0.0,0.0,0.0,0.0,1.0,0.0,1.0,1.0,1.0,1.0,1.0,1.0,1.0,1.0,,1.0,0.0,1.0,0.0,0.0,0.0,0.0,1.0,0.0,,1.0,0.0,1.0,1.0,1.0,,0.0,,,0.0,,1.0,1.0,0.0,0.0,0.0,1.0,1.0,,,1.0,0.0,1.0,0.0,1.0,0.0,,0.0,,,0.0,0.0,0.0,0.0,1.0,1.0,1.0,1.0,,,0.0,1.0,0.0,1.0,1.0,0.0,1.0,1.0,1.0,1.0,1.0,1.0,1.0,1.0,0.0,0.0,0.0,0.0,1.0,0.0,0.0,0.0,0.0,0.0,1.0,1.0,0.0,1.0,1.0,0.0,0.0,,0.0,1.0,,1.0,1.0,0.0,0.0,1.0,0.0,,0.0,,,1.0,0.0,0.0,1.0,,,1.0,,0.0,0.0,1.0,1.0,0.0,,,0.0,1.0,0.0,0.0,0.0,,,0.0,0.0,0.0,1.0,1.0,,0.0,,0.0,,,1.0,0.0,0.0,0.0,0.0,0.0,,,,0.0,1.0,,1.0,1.0,1.0,,,,,0.0,0.0,0.0,0.0,1.0,0.0,0.0,0.0,0.0,0.0,0.0,1.0,0.0,1.0,1.0,0.0,0.0,1.0,,1.0,1.0,,,0.0,,0.0,0.0,,0.0,1.0,1.0,0.0,1.0,0.0,,0.0,,1.0,1.0,1.0,,,,,,0.0,,,,,1.0,,,,0.0,0.0,0.0,,1.0,,1.0,,0.0,0.0,1.0,0.0,,0.0,1.0,1.0,0.0,1.0,,,1.0,1.0,,,0.0,0.0,,,,,,,,,,0.0
Frei Anastacio Ribeiro,1.0,,1.0,1.0,,1.0,1.0,1.0,1.0,1.0,,1.0,1.0,0.0,1.0,1.0,1.0,0.0,1.0,1.0,1.0,0.0,1.0,1.0,,1.0,1.0,0.0,1.0,0.0,,,,1.0,,,,1.0,,1.0,,1.0,0.0,0.0,,1.0,0.0,1.0,1.0,0.0,0.0,1.0,,1.0,1.0,0.0,0.0,1.0,,1.0,1.0,1.0,0.0,,,0.0,1.0,1.0,,,,,,,,0.0,,,,1.0,,1.0,1.0,0.0,0.0,,1.0,1.0,1.0,1.0,1.0,1.0,0.0,1.0,1.0,1.0,1.0,1.0,0.0,,0.0,1.0,,1.0,1.0,1.0,0.0,0.0,1.0,1.0,1.0,1.0,0.0,0.0,0.0,0.0,1.0,0.0,1.0,1.0,0.0,1.0,1.0,0.0,1.0,0.0,,1.0,0.0,1.0,0.0,1.0,1.0,1.0,1.0,0.0,0.0,0.0,1.0,0.0,1.0,0.0,1.0,1.0,0.0,1.0,0.0,0.0,0.0,,,,,,1.0,,0.0,,,,,,,,,,1.0,,,1.0,1.0,0.0,,,,,0.0,,0.0,0.0,0.0,0.0,0.0,0.0,,,,,,0.0,1.0,0.0,1.0,0.0,,0.0,1.0,1.0,1.0,1.0,0.0,1.0,,,1.0,1.0,1.0,1.0,0.0,1.0,1.0,1.0,0.0,1.0,1.0,0.0,0.0,1.0,1.0,0.0,0.0,0.0,0.0,1.0,0.0,,0.0,0.0,0.0,1.0,1.0,1.0,1.0,0.0,0.0,0.0,1.0,0.0,1.0,1.0,0.0,1.0,1.0,1.0,,0.0,1.0,1.0,1.0,1.0,1.0,1.0,0.0,1.0,1.0,0.0,1.0,1.0,,1.0,0.0,1.0,0.0,1.0,0.0,0.0,1.0,1.0,0.0,,0.0,1.0,1.0,,1.0,0.0,0.0,1.0,,1.0,0.0,0.0,0.0,0.0,1.0,1.0,1.0,1.0,0.0,0.0,0.0,1.0,,1.0,0.0,0.0,0.0,,0.0,1.0,0.0,1.0,1.0,1.0,1.0,1.0,,0.0,0.0,1.0,1.0,0.0,,0.0,0.0,0.0,1.0,1.0,1.0,0.0,1.0,0.0,0.0,0.0,1.0,0.0,0.0,,1.0,0.0,0.0,0.0,1.0,1.0,1.0,1.0,0.0,1.0,0.0,,1.0,1.0,1.0,0.0,0.0,0.0,0.0,1.0,1.0,,1.0,1.0,1.0,1.0,0.0,1.0,0.0,1.0,1.0,0.0,1.0,0.0,0.0,0.0,1.0,0.0,0.0,0.0,1.0,0.0,,,0.0,1.0,0.0,1.0,1.0,1.0,1.0,0.0,0.0,1.0,1.0,1.0,1.0,0.0,1.0,0.0,1.0,1.0,1.0,1.0,1.0,0.0,0.0,0.0,,,,,,,1.0,1.0,,1.0,0.0,1.0,0.0,0.0,0.0,0.0,0.0,,,,1.0,1.0,1.0,0.0,,,,,,,,,0.0,0.0,1.0,1.0,0.0,1.0,0.0,0.0,1.0,,,,,,,,,,,,1.0,0.0,0.0,1.0,1.0,1.0,0.0,,0.0,0.0,1.0,1.0,1.0,1.0,0.0,0.0,0.0,0.0,,0.0,1.0,1.0,0.0,1.0,1.0,,0.0,1.0,1.0,1.0,1.0,1.0,0.0,0.0,,0.0,1.0,0.0,1.0,1.0,,1.0,0.0,0.0,1.0,1.0,1.0,0.0,1.0,0.0,0.0,0.0,0.0,0.0,1.0,0.0,1.0
Fábio Faria,,,,,,,,,,,,,,,,,,,,,,,,,,,,,,,0.0,,0.0,,,,,,,,0.0,0.0,0.0,1.0,0.0,,,,,,,,,,,,,,0.0,,,,,,,,,1.0,,,,,,1.0,,1.0,,,,,,,,,,1.0,,,,,,,,,,,,,,,,,,,,,,,,,,,,,,,,,,,,,,,,,,,,,,,,,,,,,1.0,0.0,0.0,0.0,,,,,,,,,,,,0.0,0.0,0.0,1.0,,,,,,,,,,,,,,,,0.0,,,,,1.0,,,,,,,,,,,,,0.0,,,,,,0.0,0.0,1.0,1.0,,1.0,,,0.0,0.0,0.0,0.0,1.0,0.0,,0.0,,,,,,,,,,,,,,,,,,,,,,,,,,,,,,,,,,,,,0.0,,1.0,,,,,,,,,1.0,1.0,,,1.0,1.0,1.0,1.0,,,,,,,,,,,,,,,,,,,,,,,,,,,,,,,,1.0,,,0.0,,,,,,,,,,,,,,,,1.0,0.0,1.0,0.0,1.0,1.0,1.0,,,,,1.0,1.0,1.0,1.0,,,,,,,,0.0,,,1.0,1.0,,1.0,,,,,,,,,,,,,,,,,,,,,,,,,,,,,,,,,,,,,,,,,,,,,,,,,,,,,,,,,,,,,,,,,,,,,,,,,,,,,,,,,,,,,,,,,,,,,,,,,,,,,,,,,,,,,,,,,,,,,,,,,,,,,,,,,,,,,,,,,,,,,,,,,,,,,,,,,,,,,,,
Fábio Henrique,0.0,0.0,1.0,1.0,1.0,1.0,1.0,1.0,0.0,1.0,0.0,1.0,1.0,,1.0,1.0,0.0,1.0,0.0,1.0,1.0,0.0,0.0,1.0,0.0,1.0,1.0,0.0,1.0,0.0,0.0,1.0,0.0,0.0,0.0,1.0,1.0,1.0,0.0,1.0,1.0,1.0,0.0,1.0,0.0,1.0,0.0,1.0,1.0,0.0,0.0,1.0,0.0,1.0,1.0,0.0,0.0,1.0,,1.0,1.0,1.0,0.0,0.0,0.0,0.0,0.0,0.0,0.0,0.0,0.0,0.0,,1.0,0.0,1.0,1.0,0.0,1.0,1.0,1.0,1.0,1.0,0.0,1.0,0.0,1.0,1.0,1.0,1.0,1.0,1.0,0.0,1.0,1.0,1.0,1.0,1.0,0.0,0.0,0.0,0.0,1.0,1.0,1.0,1.0,0.0,0.0,1.0,1.0,1.0,0.0,0.0,0.0,0.0,1.0,0.0,1.0,0.0,0.0,1.0,0.0,0.0,1.0,0.0,0.0,1.0,1.0,1.0,1.0,1.0,1.0,1.0,1.0,0.0,0.0,0.0,1.0,1.0,0.0,0.0,0.0,1.0,0.0,1.0,1.0,0.0,1.0,0.0,0.0,0.0,1.0,,0.0,0.0,0.0,1.0,0.0,0.0,1.0,0.0,,1.0,0.0,1.0,0.0,0.0,,1.0,1.0,1.0,0.0,1.0,,,,,,0.0,0.0,0.0,0.0,0.0,0.0,0.0,0.0,0.0,1.0,0.0,1.0,,0.0,1.0,1.0,0.0,0.0,1.0,1.0,1.0,1.0,0.0,1.0,,,0.0,0.0,0.0,1.0,0.0,1.0,1.0,1.0,0.0,1.0,1.0,0.0,1.0,1.0,1.0,1.0,0.0,0.0,0.0,1.0,0.0,0.0,0.0,0.0,0.0,1.0,1.0,,1.0,0.0,1.0,0.0,1.0,0.0,1.0,,0.0,1.0,1.0,1.0,1.0,0.0,1.0,1.0,1.0,1.0,1.0,1.0,0.0,1.0,1.0,0.0,1.0,1.0,0.0,1.0,1.0,1.0,1.0,1.0,0.0,0.0,1.0,0.0,1.0,1.0,,1.0,1.0,0.0,0.0,0.0,1.0,1.0,0.0,1.0,0.0,0.0,0.0,0.0,0.0,1.0,0.0,0.0,0.0,0.0,1.0,1.0,0.0,1.0,0.0,0.0,0.0,0.0,0.0,1.0,0.0,1.0,1.0,1.0,1.0,0.0,0.0,1.0,0.0,0.0,0.0,0.0,1.0,1.0,1.0,1.0,1.0,1.0,1.0,0.0,1.0,1.0,1.0,1.0,1.0,0.0,1.0,1.0,1.0,1.0,1.0,0.0,1.0,0.0,0.0,0.0,1.0,1.0,0.0,1.0,1.0,1.0,1.0,1.0,1.0,0.0,0.0,1.0,1.0,0.0,1.0,1.0,,1.0,0.0,1.0,0.0,1.0,1.0,0.0,1.0,0.0,0.0,1.0,0.0,1.0,1.0,1.0,0.0,,,,0.0,1.0,0.0,1.0,1.0,1.0,1.0,0.0,0.0,1.0,1.0,1.0,1.0,0.0,1.0,0.0,0.0,1.0,1.0,1.0,1.0,0.0,1.0,0.0,1.0,,,,,,1.0,1.0,,1.0,0.0,1.0,0.0,0.0,0.0,0.0,1.0,,,1.0,1.0,1.0,1.0,0.0,,,,,,,,,0.0,0.0,1.0,1.0,0.0,1.0,0.0,0.0,1.0,,,,,,,,,,,1.0,1.0,0.0,0.0,1.0,1.0,1.0,0.0,0.0,0.0,0.0,0.0,1.0,0.0,1.0,1.0,,0.0,1.0,1.0,0.0,0.0,1.0,0.0,1.0,1.0,1.0,0.0,1.0,1.0,0.0,0.0,1.0,0.0,0.0,0.0,1.0,1.0,0.0,1.0,1.0,0.0,1.0,0.0,0.0,1.0,0.0,0.0,1.0,1.0,0.0,0.0,0.0,0.0,0.0,1.0,0.0,1.0
Fábio Mitidieri,,,1.0,1.0,1.0,1.0,1.0,,,1.0,,1.0,0.0,1.0,,1.0,0.0,1.0,0.0,0.0,,0.0,0.0,,0.0,1.0,,1.0,1.0,,0.0,,0.0,,,,,,,,,,,,0.0,,,,1.0,,,,,1.0,1.0,,,1.0,,1.0,1.0,,,,0.0,1.0,1.0,1.0,0.0,0.0,0.0,0.0,0.0,1.0,0.0,1.0,,,,1.0,1.0,1.0,,,0.0,1.0,1.0,1.0,1.0,,,,1.0,0.0,1.0,,1.0,1.0,,,,1.0,,,1.0,1.0,0.0,0.0,1.0,0.0,1.0,0.0,0.0,,1.0,0.0,,0.0,,,1.0,1.0,,0.0,0.0,1.0,0.0,0.0,0.0,1.0,0.0,,0.0,0.0,0.0,1.0,1.0,0.0,1.0,0.0,0.0,1.0,,,,,,,1.0,,0.0,,,,,,,,1.0,1.0,0.0,0.0,1.0,,,0.0,0.0,0.0,1.0,1.0,1.0,0.0,0.0,1.0,,,1.0,1.0,1.0,1.0,0.0,0.0,0.0,1.0,0.0,0.0,0.0,,,,,0.0,0.0,0.0,0.0,0.0,1.0,1.0,1.0,1.0,0.0,,0.0,,0.0,,,0.0,,0.0,1.0,1.0,1.0,1.0,1.0,,1.0,1.0,1.0,1.0,,1.0,0.0,1.0,1.0,,,1.0,0.0,0.0,0.0,,,1.0,,1.0,1.0,0.0,0.0,0.0,,0.0,0.0,1.0,1.0,1.0,1.0,1.0,1.0,1.0,1.0,1.0,1.0,1.0,0.0,,0.0,1.0,0.0,1.0,1.0,,1.0,,1.0,0.0,1.0,1.0,1.0,1.0,1.0,0.0,,1.0,,,,0.0,,,,1.0,1.0,1.0,,,0.0,0.0,0.0,1.0,0.0,1.0,0.0,0.0,1.0,1.0,,0.0,1.0,,1.0,0.0,1.0,1.0,1.0,,0.0,1.0,0.0,0.0,0.0,0.0,1.0,1.0,1.0,1.0,0.0,1.0,1.0,0.0,0.0,1.0,1.0,0.0,1.0,1.0,1.0,1.0,1.0,0.0,0.0,0.0,,,0.0,0.0,,0.0,0.0,0.0,0.0,1.0,,1.0,1.0,0.0,1.0,0.0,,0.0,1.0,1.0,,,1.0,0.0,,,,,0.0,,,1.0,0.0,0.0,1.0,1.0,0.0,1.0,1.0,0.0,,,,,1.0,,,1.0,,0.0,0.0,,1.0,0.0,1.0,,0.0,1.0,1.0,1.0,1.0,,,1.0,,0.0,0.0,0.0,0.0,0.0,1.0,0.0,0.0,,,,,,,0.0,0.0,0.0,1.0,,,,0.0,1.0,0.0,,,,0.0,0.0,1.0,,1.0,,,0.0,1.0,,1.0,1.0,0.0,,,,,,,0.0,1.0,,0.0,1.0,,1.0,0.0,,1.0,1.0,1.0,,1.0,,,,0.0,,0.0,,,1.0,1.0,0.0,0.0,0.0,,0.0,1.0,1.0,,,0.0,0.0,0.0,1.0,,0.0,0.0,0.0,1.0,,1.0,1.0,,1.0,1.0,,1.0,,0.0,1.0,0.0,,,,,,,,0.0
Fábio Ramalho,,,1.0,0.0,0.0,1.0,1.0,1.0,0.0,1.0,0.0,,0.0,1.0,0.0,1.0,0.0,1.0,1.0,1.0,1.0,0.0,1.0,1.0,0.0,1.0,,,,1.0,,1.0,,0.0,0.0,0.0,1.0,1.0,0.0,0.0,0.0,0.0,0.0,1.0,,,,1.0,,,,1.0,,,1.0,0.0,0.0,1.0,0.0,1.0,1.0,1.0,,0.0,0.0,,1.0,1.0,0.0,0.0,0.0,0.0,0.0,1.0,0.0,1.0,,,,1.0,1.0,,,,0.0,1.0,,,1.0,1.0,1.0,1.0,1.0,0.0,1.0,1.0,1.0,1.0,0.0,,0.0,0.0,0.0,1.0,1.0,1.0,,0.0,1.0,1.0,1.0,0.0,0.0,1.0,1.0,1.0,,0.0,0.0,,1.0,,,0.0,0.0,1.0,1.0,1.0,1.0,,1.0,0.0,0.0,0.0,0.0,1.0,1.0,1.0,1.0,,0.0,1.0,,0.0,1.0,1.0,0.0,1.0,1.0,,,,1.0,0.0,0.0,0.0,1.0,0.0,1.0,1.0,0.0,1.0,1.0,0.0,1.0,0.0,0.0,0.0,,1.0,1.0,0.0,0.0,1.0,0.0,,1.0,1.0,1.0,1.0,1.0,1.0,1.0,1.0,1.0,1.0,1.0,1.0,1.0,,,0.0,0.0,,0.0,,0.0,0.0,1.0,1.0,,1.0,,,0.0,0.0,,,,,,,,1.0,0.0,,1.0,,0.0,1.0,1.0,1.0,1.0,0.0,1.0,,,,1.0,0.0,0.0,,,1.0,,,,1.0,0.0,,,,0.0,,1.0,,0.0,0.0,0.0,1.0,,,,0.0,0.0,1.0,0.0,,,1.0,1.0,1.0,1.0,1.0,1.0,1.0,1.0,,1.0,1.0,1.0,0.0,,0.0,0.0,,1.0,0.0,,,,,,,,,0.0,,,1.0,1.0,0.0,,,1.0,1.0,,,,,,1.0,0.0,0.0,1.0,,,,,,0.0,,1.0,,1.0,1.0,0.0,1.0,0.0,1.0,0.0,1.0,1.0,0.0,0.0,1.0,1.0,1.0,1.0,1.0,1.0,1.0,,,0.0,0.0,1.0,,0.0,0.0,0.0,0.0,1.0,1.0,0.0,1.0,1.0,0.0,0.0,0.0,0.0,1.0,,,1.0,,,,0.0,0.0,0.0,0.0,0.0,,,,,,,,,,0.0,1.0,1.0,0.0,,0.0,,,,0.0,,0.0,0.0,,1.0,0.0,0.0,1.0,,1.0,1.0,,,,,0.0,0.0,0.0,0.0,0.0,1.0,0.0,,0.0,,1.0,0.0,0.0,0.0,1.0,1.0,,,0.0,,1.0,,,,,0.0,,0.0,0.0,1.0,1.0,1.0,1.0,,0.0,1.0,0.0,1.0,1.0,0.0,,0.0,0.0,0.0,,0.0,0.0,1.0,1.0,0.0,1.0,0.0,1.0,0.0,,,,1.0,1.0,1.0,1.0,0.0,1.0,0.0,0.0,0.0,,,,,,,0.0,0.0,0.0,1.0,,1.0,,1.0,0.0,0.0,,,0.0,0.0,1.0,,0.0,1.0,1.0,,1.0,,,1.0,,,1.0,,0.0,0.0,0.0,,,0.0,0.0,1.0
Fábio Trad,,,1.0,1.0,1.0,1.0,1.0,1.0,1.0,1.0,1.0,1.0,0.0,1.0,0.0,1.0,0.0,1.0,1.0,1.0,1.0,0.0,0.0,1.0,0.0,1.0,1.0,0.0,1.0,1.0,0.0,1.0,0.0,0.0,0.0,0.0,1.0,1.0,0.0,1.0,0.0,0.0,0.0,1.0,0.0,1.0,0.0,1.0,,,,1.0,0.0,1.0,1.0,0.0,0.0,1.0,,1.0,1.0,,1.0,,0.0,1.0,,1.0,,0.0,0.0,0.0,0.0,1.0,0.0,1.0,1.0,0.0,1.0,1.0,1.0,1.0,1.0,0.0,0.0,1.0,1.0,1.0,1.0,,1.0,1.0,,1.0,1.0,1.0,,1.0,0.0,0.0,,1.0,1.0,1.0,1.0,1.0,0.0,0.0,1.0,1.0,1.0,0.0,0.0,1.0,1.0,1.0,0.0,0.0,,0.0,1.0,0.0,0.0,0.0,0.0,1.0,0.0,0.0,0.0,1.0,1.0,0.0,1.0,0.0,0.0,1.0,1.0,1.0,1.0,0.0,0.0,0.0,1.0,1.0,0.0,1.0,0.0,,1.0,0.0,0.0,1.0,1.0,0.0,0.0,0.0,1.0,0.0,1.0,1.0,0.0,0.0,,,1.0,0.0,0.0,,1.0,1.0,1.0,0.0,0.0,1.0,0.0,0.0,1.0,1.0,1.0,1.0,1.0,1.0,0.0,1.0,1.0,1.0,1.0,1.0,1.0,1.0,0.0,0.0,0.0,1.0,0.0,0.0,1.0,0.0,1.0,0.0,0.0,1.0,,,0.0,0.0,0.0,0.0,1.0,0.0,0.0,0.0,1.0,1.0,0.0,0.0,,0.0,0.0,1.0,1.0,1.0,0.0,0.0,0.0,1.0,1.0,1.0,0.0,0.0,0.0,0.0,0.0,1.0,1.0,0.0,1.0,,0.0,,0.0,0.0,1.0,0.0,1.0,1.0,0.0,0.0,0.0,,1.0,1.0,1.0,0.0,0.0,0.0,0.0,1.0,0.0,1.0,1.0,1.0,1.0,1.0,0.0,0.0,1.0,0.0,1.0,0.0,1.0,0.0,0.0,0.0,0.0,1.0,0.0,,1.0,0.0,1.0,1.0,1.0,1.0,0.0,0.0,0.0,,0.0,1.0,1.0,0.0,0.0,0.0,0.0,1.0,1.0,0.0,1.0,0.0,1.0,,1.0,1.0,1.0,1.0,0.0,1.0,1.0,0.0,0.0,0.0,1.0,1.0,1.0,0.0,0.0,1.0,0.0,1.0,0.0,1.0,1.0,0.0,1.0,1.0,0.0,,1.0,1.0,1.0,1.0,0.0,0.0,,1.0,1.0,1.0,0.0,0.0,0.0,0.0,1.0,1.0,1.0,1.0,0.0,0.0,1.0,0.0,1.0,1.0,,1.0,0.0,0.0,0.0,1.0,1.0,0.0,1.0,,,1.0,0.0,0.0,1.0,1.0,0.0,0.0,1.0,0.0,0.0,1.0,1.0,0.0,1.0,0.0,0.0,1.0,0.0,0.0,1.0,0.0,0.0,0.0,1.0,0.0,0.0,1.0,1.0,1.0,1.0,,1.0,,,,,,,,,,0.0,0.0,1.0,0.0,1.0,1.0,1.0,,,,,0.0,0.0,0.0,0.0,1.0,0.0,0.0,0.0,0.0,,0.0,1.0,0.0,,1.0,0.0,0.0,1.0,0.0,1.0,1.0,0.0,0.0,,0.0,0.0,0.0,0.0,0.0,1.0,1.0,0.0,1.0,0.0,0.0,0.0,1.0,1.0,1.0,1.0,1.0,1.0,0.0,0.0,1.0,0.0,1.0,1.0,1.0,1.0,0.0,,0.0,1.0,,0.0,0.0,1.0,1.0,1.0,1.0,1.0,0.0,0.0,1.0,0.0,,,1.0,1.0,,1.0,1.0,0.0,1.0,1.0,1.0,1.0,0.0,0.0,1.0,0.0,,0.0,,0.0,0.0,1.0,,1.0
Félix Mendonça Júnior,1.0,,1.0,1.0,1.0,1.0,1.0,,,,,1.0,0.0,1.0,,,0.0,0.0,1.0,1.0,0.0,0.0,0.0,1.0,0.0,1.0,,0.0,1.0,0.0,0.0,1.0,0.0,,0.0,0.0,0.0,1.0,,1.0,1.0,1.0,0.0,1.0,0.0,1.0,,1.0,1.0,0.0,0.0,1.0,0.0,1.0,1.0,0.0,0.0,1.0,,1.0,1.0,1.0,,,0.0,0.0,1.0,1.0,0.0,0.0,0.0,0.0,0.0,1.0,,1.0,1.0,,1.0,1.0,1.0,1.0,1.0,0.0,1.0,1.0,1.0,1.0,1.0,1.0,1.0,,0.0,1.0,1.0,1.0,1.0,1.0,0.0,0.0,0.0,1.0,0.0,1.0,1.0,1.0,0.0,0.0,1.0,1.0,1.0,0.0,0.0,0.0,0.0,0.0,1.0,1.0,0.0,0.0,1.0,1.0,1.0,0.0,,0.0,1.0,,0.0,0.0,1.0,0.0,1.0,1.0,0.0,1.0,1.0,1.0,1.0,0.0,1.0,0.0,1.0,0.0,1.0,1.0,0.0,1.0,1.0,,,,,,,,,0.0,1.0,1.0,0.0,0.0,1.0,0.0,1.0,0.0,1.0,0.0,1.0,,1.0,0.0,1.0,,,,,,0.0,0.0,0.0,0.0,0.0,0.0,0.0,0.0,,0.0,1.0,0.0,1.0,0.0,1.0,1.0,,0.0,1.0,1.0,1.0,1.0,0.0,1.0,,,1.0,0.0,1.0,1.0,0.0,1.0,1.0,1.0,0.0,1.0,1.0,0.0,0.0,1.0,1.0,1.0,0.0,0.0,0.0,1.0,0.0,0.0,0.0,0.0,0.0,1.0,1.0,1.0,1.0,0.0,1.0,0.0,1.0,0.0,1.0,1.0,0.0,1.0,1.0,1.0,0.0,0.0,1.0,1.0,1.0,1.0,1.0,1.0,0.0,1.0,,0.0,1.0,1.0,,1.0,0.0,1.0,,1.0,0.0,,1.0,0.0,1.0,1.0,,1.0,1.0,0.0,0.0,0.0,,,,,,,,,0.0,1.0,1.0,,,,,,,,1.0,0.0,,,0.0,1.0,0.0,1.0,1.0,,1.0,0.0,,1.0,0.0,0.0,0.0,0.0,1.0,1.0,1.0,1.0,1.0,1.0,1.0,0.0,1.0,1.0,1.0,1.0,1.0,0.0,1.0,1.0,1.0,1.0,1.0,1.0,1.0,0.0,,0.0,1.0,1.0,,1.0,1.0,1.0,,1.0,0.0,0.0,0.0,1.0,1.0,0.0,0.0,,1.0,1.0,0.0,1.0,,1.0,1.0,0.0,1.0,,,1.0,0.0,0.0,1.0,1.0,0.0,1.0,1.0,0.0,0.0,1.0,0.0,1.0,1.0,1.0,1.0,0.0,,1.0,1.0,1.0,1.0,0.0,1.0,,,,1.0,,1.0,0.0,1.0,,1.0,,,,,,1.0,1.0,,1.0,0.0,1.0,0.0,0.0,0.0,,,,,,1.0,,1.0,0.0,,,,,,,,,0.0,,,,,0.0,,,1.0,,,,,,,,,,,1.0,1.0,,,,1.0,1.0,0.0,0.0,0.0,,0.0,1.0,0.0,1.0,1.0,1.0,1.0,0.0,0.0,0.0,1.0,0.0,0.0,0.0,0.0,0.0,0.0,1.0,1.0,0.0,0.0,1.0,1.0,1.0,,0.0,1.0,0.0,1.0,1.0,0.0,,,0.0,1.0,1.0,1.0,0.0,1.0,0.0,0.0,,0.0,0.0,1.0,0.0,1.0
Gastão Vieira,,,1.0,0.0,0.0,1.0,0.0,,,,,,0.0,1.0,,,,,,,,,,1.0,,0.0,1.0,0.0,0.0,1.0,0.0,1.0,,0.0,0.0,0.0,1.0,1.0,1.0,1.0,1.0,1.0,0.0,1.0,1.0,,,,,,,,0.0,0.0,1.0,1.0,0.0,1.0,0.0,1.0,1.0,1.0,,,,1.0,1.0,1.0,,,0.0,1.0,0.0,1.0,0.0,1.0,1.0,0.0,1.0,1.0,1.0,1.0,1.0,0.0,,,,,1.0,1.0,1.0,1.0,1.0,0.0,,1.0,,,0.0,,,,,,,,,,,,,,,,,,,,,,,,,,1.0,1.0,0.0,0.0,0.0,,1.0,0.0,1.0,1.0,0.0,0.0,0.0,1.0,1.0,0.0,1.0,1.0,,,,,,,0.0,0.0,0.0,1.0,1.0,0.0,0.0,0.0,1.0,0.0,1.0,1.0,0.0,,,0.0,1.0,0.0,,,1.0,1.0,1.0,1.0,0.0,1.0,0.0,0.0,1.0,1.0,1.0,1.0,1.0,1.0,1.0,,1.0,1.0,1.0,1.0,,1.0,,1.0,0.0,,0.0,0.0,0.0,0.0,1.0,1.0,1.0,1.0,,,,,,,,,,,1.0,0.0,0.0,0.0,1.0,1.0,0.0,0.0,1.0,,1.0,,,1.0,,,1.0,0.0,0.0,0.0,0.0,1.0,1.0,1.0,1.0,1.0,,0.0,1.0,1.0,,0.0,1.0,1.0,1.0,0.0,1.0,1.0,1.0,1.0,1.0,,0.0,1.0,1.0,1.0,0.0,1.0,0.0,1.0,1.0,1.0,0.0,0.0,,0.0,1.0,1.0,1.0,0.0,1.0,0.0,0.0,1.0,1.0,0.0,,0.0,0.0,0.0,0.0,1.0,0.0,,0.0,0.0,1.0,1.0,,1.0,,0.0,0.0,1.0,,,1.0,0.0,0.0,,0.0,1.0,,,,,,,,,,,,,0.0,1.0,0.0,1.0,0.0,1.0,1.0,0.0,1.0,1.0,1.0,,1.0,1.0,1.0,1.0,0.0,0.0,0.0,0.0,1.0,0.0,0.0,0.0,1.0,1.0,1.0,1.0,1.0,1.0,0.0,1.0,1.0,0.0,1.0,0.0,,1.0,1.0,0.0,0.0,1.0,,0.0,,,,,,,,,,,,,,1.0,1.0,1.0,,,,1.0,0.0,0.0,0.0,1.0,,0.0,0.0,0.0,0.0,1.0,1.0,1.0,,0.0,,,1.0,,,,,,,,,,,,,,,,,,,,,,,,,,,,,,,,,,,,,,,,,,,,,,,,,,,,,,,,,,,,,,,,,,,,,,,,,,,,,,,,,,,,,,,,,,,,,,,,,0.0,0.0,1.0,1.0,,,,,,,,
Gelson Azevedo,0.0,,1.0,,1.0,1.0,1.0,1.0,0.0,1.0,0.0,1.0,,0.0,,1.0,0.0,0.0,0.0,1.0,0.0,0.0,,1.0,0.0,1.0,0.0,1.0,0.0,1.0,0.0,1.0,0.0,0.0,0.0,0.0,1.0,1.0,0.0,0.0,0.0,0.0,0.0,1.0,0.0,1.0,0.0,1.0,1.0,0.0,0.0,1.0,0.0,1.0,1.0,0.0,0.0,1.0,0.0,1.0,1.0,1.0,1.0,0.0,0.0,1.0,1.0,1.0,0.0,0.0,0.0,0.0,0.0,,0.0,1.0,1.0,0.0,1.0,,,1.0,1.0,0.0,0.0,,1.0,1.0,1.0,1.0,1.0,1.0,1.0,0.0,0.0,1.0,1.0,1.0,0.0,,,0.0,,0.0,0.0,0.0,0.0,1.0,0.0,0.0,0.0,1.0,1.0,1.0,1.0,1.0,0.0,0.0,,,1.0,0.0,0.0,0.0,0.0,1.0,1.0,0.0,0.0,,1.0,0.0,0.0,0.0,0.0,1.0,1.0,1.0,1.0,0.0,0.0,0.0,1.0,0.0,0.0,1.0,0.0,1.0,1.0,,,1.0,1.0,0.0,0.0,0.0,1.0,0.0,,1.0,,,,,,0.0,0.0,0.0,1.0,1.0,1.0,0.0,0.0,1.0,0.0,0.0,1.0,1.0,1.0,1.0,1.0,1.0,0.0,1.0,1.0,1.0,1.0,1.0,1.0,,0.0,0.0,0.0,1.0,0.0,,0.0,0.0,1.0,1.0,0.0,1.0,0.0,,0.0,0.0,0.0,0.0,1.0,0.0,0.0,0.0,,,,0.0,1.0,0.0,0.0,1.0,1.0,1.0,1.0,0.0,1.0,1.0,1.0,1.0,1.0,0.0,0.0,0.0,0.0,1.0,1.0,1.0,0.0,1.0,0.0,0.0,1.0,0.0,0.0,0.0,1.0,1.0,0.0,0.0,0.0,1.0,1.0,1.0,1.0,,,1.0,0.0,1.0,0.0,1.0,1.0,1.0,1.0,1.0,1.0,1.0,1.0,1.0,1.0,0.0,,,,,0.0,1.0,,,1.0,0.0,1.0,1.0,1.0,1.0,0.0,,,0.0,1.0,1.0,1.0,0.0,0.0,0.0,1.0,1.0,1.0,0.0,1.0,0.0,1.0,0.0,1.0,0.0,,,0.0,1.0,,0.0,0.0,0.0,1.0,1.0,,1.0,0.0,1.0,0.0,1.0,0.0,1.0,1.0,0.0,1.0,1.0,1.0,1.0,1.0,1.0,1.0,1.0,0.0,0.0,0.0,0.0,1.0,,0.0,0.0,0.0,0.0,1.0,1.0,1.0,1.0,1.0,0.0,0.0,,0.0,1.0,1.0,0.0,1.0,,0.0,,0.0,1.0,0.0,1.0,,1.0,0.0,0.0,1.0,1.0,0.0,1.0,1.0,,0.0,,,,1.0,0.0,0.0,,0.0,0.0,0.0,0.0,0.0,,,,,,,,,0.0,1.0,1.0,1.0,0.0,0.0,0.0,0.0,0.0,,0.0,0.0,,,0.0,1.0,1.0,,1.0,1.0,,,0.0,,0.0,0.0,1.0,0.0,0.0,0.0,0.0,0.0,0.0,1.0,0.0,1.0,1.0,,0.0,1.0,0.0,1.0,1.0,0.0,0.0,0.0,0.0,0.0,0.0,0.0,0.0,1.0,1.0,0.0,1.0,0.0,1.0,0.0,0.0,1.0,0.0,1.0,1.0,1.0,1.0,0.0,1.0,0.0,0.0,,0.0,,,,,,0.0,,,0.0,1.0,0.0,1.0,0.0,0.0,1.0,1.0,0.0,,0.0,,1.0,0.0,1.0,0.0,0.0,1.0,1.0,1.0,1.0,0.0,0.0,1.0,0.0,,,,,,,,0.0
Genecias Noronha,0.0,0.0,1.0,0.0,1.0,1.0,1.0,,,,0.0,1.0,0.0,1.0,0.0,,,1.0,0.0,0.0,1.0,,,1.0,,1.0,,,,1.0,0.0,1.0,0.0,0.0,0.0,0.0,,1.0,0.0,0.0,0.0,0.0,0.0,1.0,0.0,,,,1.0,0.0,0.0,1.0,,1.0,1.0,0.0,,1.0,,1.0,1.0,1.0,,,0.0,1.0,1.0,,0.0,0.0,0.0,0.0,,1.0,0.0,1.0,,,,1.0,,,,,0.0,,1.0,1.0,1.0,1.0,1.0,,1.0,0.0,0.0,1.0,,,0.0,,,0.0,1.0,0.0,0.0,0.0,0.0,1.0,0.0,0.0,0.0,1.0,1.0,0.0,1.0,1.0,,,0.0,0.0,1.0,0.0,0.0,0.0,0.0,1.0,0.0,,0.0,0.0,1.0,0.0,0.0,0.0,0.0,1.0,1.0,1.0,0.0,0.0,0.0,0.0,,,,,,,1.0,,,,,,,,,0.0,1.0,1.0,0.0,0.0,1.0,0.0,1.0,0.0,0.0,0.0,,1.0,1.0,,0.0,1.0,0.0,0.0,1.0,1.0,1.0,1.0,1.0,0.0,0.0,1.0,1.0,1.0,1.0,1.0,1.0,1.0,,1.0,0.0,1.0,0.0,0.0,1.0,0.0,1.0,1.0,0.0,1.0,0.0,,0.0,0.0,0.0,1.0,1.0,0.0,0.0,0.0,1.0,1.0,0.0,0.0,1.0,0.0,0.0,1.0,1.0,1.0,1.0,0.0,1.0,1.0,1.0,1.0,1.0,0.0,0.0,0.0,0.0,1.0,1.0,1.0,0.0,1.0,0.0,1.0,0.0,0.0,0.0,1.0,1.0,1.0,0.0,0.0,0.0,1.0,1.0,1.0,0.0,0.0,0.0,0.0,0.0,1.0,,1.0,1.0,1.0,1.0,1.0,0.0,1.0,1.0,,1.0,0.0,0.0,0.0,0.0,0.0,,1.0,0.0,0.0,1.0,0.0,1.0,1.0,1.0,1.0,0.0,0.0,0.0,0.0,1.0,1.0,1.0,0.0,0.0,0.0,1.0,1.0,1.0,0.0,1.0,1.0,1.0,1.0,1.0,1.0,1.0,0.0,,1.0,0.0,0.0,0.0,0.0,1.0,,1.0,1.0,0.0,1.0,0.0,1.0,0.0,1.0,1.0,0.0,1.0,1.0,1.0,,1.0,1.0,1.0,1.0,0.0,0.0,0.0,0.0,1.0,,0.0,0.0,0.0,0.0,,1.0,1.0,1.0,1.0,0.0,0.0,,,1.0,1.0,1.0,1.0,0.0,0.0,1.0,0.0,0.0,0.0,0.0,0.0,1.0,,0.0,1.0,1.0,0.0,1.0,1.0,0.0,0.0,1.0,1.0,0.0,1.0,0.0,0.0,1.0,0.0,0.0,0.0,0.0,0.0,0.0,1.0,0.0,0.0,1.0,1.0,1.0,,0.0,1.0,1.0,1.0,0.0,0.0,0.0,,0.0,1.0,0.0,0.0,0.0,1.0,0.0,,,,,,,,,0.0,0.0,0.0,1.0,0.0,0.0,0.0,0.0,0.0,0.0,1.0,0.0,1.0,1.0,0.0,0.0,1.0,,1.0,1.0,0.0,0.0,0.0,0.0,0.0,0.0,0.0,0.0,1.0,,,1.0,0.0,1.0,0.0,0.0,1.0,0.0,,1.0,1.0,1.0,0.0,1.0,0.0,0.0,0.0,0.0,0.0,1.0,1.0,1.0,,0.0,0.0,0.0,1.0,1.0,0.0,1.0,1.0,0.0,0.0,1.0,0.0,,0.0,1.0,1.0,0.0,1.0,0.0,,1.0,1.0,1.0,1.0,0.0,0.0,1.0,0.0,,,0.0,,,1.0,,0.0
General Girão,0.0,,1.0,0.0,1.0,1.0,0.0,1.0,0.0,1.0,0.0,1.0,1.0,0.0,0.0,0.0,1.0,1.0,0.0,0.0,1.0,0.0,1.0,0.0,,0.0,,0.0,1.0,1.0,0.0,1.0,0.0,,0.0,0.0,1.0,,0.0,0.0,0.0,0.0,0.0,1.0,0.0,1.0,0.0,1.0,1.0,0.0,0.0,1.0,1.0,0.0,0.0,1.0,1.0,1.0,0.0,0.0,1.0,1.0,,0.0,,1.0,0.0,,,0.0,,,,,,,,,,1.0,,1.0,1.0,0.0,0.0,,0.0,0.0,1.0,1.0,1.0,1.0,1.0,0.0,0.0,1.0,1.0,1.0,0.0,0.0,0.0,0.0,1.0,0.0,0.0,0.0,0.0,1.0,0.0,0.0,0.0,1.0,1.0,1.0,1.0,1.0,,0.0,0.0,0.0,1.0,0.0,0.0,0.0,0.0,1.0,1.0,0.0,0.0,0.0,1.0,0.0,0.0,0.0,0.0,1.0,1.0,1.0,0.0,0.0,0.0,0.0,1.0,0.0,0.0,1.0,0.0,1.0,,0.0,0.0,1.0,1.0,0.0,0.0,0.0,1.0,,1.0,1.0,,,,,,,0.0,0.0,1.0,1.0,1.0,0.0,0.0,1.0,0.0,0.0,1.0,1.0,1.0,1.0,1.0,1.0,1.0,1.0,1.0,1.0,1.0,1.0,1.0,1.0,0.0,1.0,0.0,1.0,,0.0,0.0,0.0,1.0,0.0,0.0,1.0,,,0.0,0.0,0.0,0.0,1.0,0.0,0.0,0.0,1.0,1.0,0.0,0.0,1.0,0.0,0.0,1.0,1.0,1.0,1.0,0.0,1.0,1.0,1.0,1.0,1.0,0.0,,0.0,0.0,1.0,1.0,1.0,0.0,1.0,0.0,0.0,1.0,0.0,0.0,0.0,1.0,1.0,0.0,0.0,0.0,1.0,1.0,1.0,0.0,0.0,0.0,0.0,0.0,0.0,,1.0,1.0,1.0,1.0,1.0,1.0,1.0,1.0,0.0,1.0,0.0,1.0,0.0,0.0,0.0,0.0,1.0,0.0,0.0,,0.0,1.0,1.0,1.0,1.0,0.0,0.0,0.0,0.0,1.0,1.0,1.0,0.0,,0.0,1.0,1.0,1.0,0.0,1.0,0.0,1.0,0.0,0.0,0.0,1.0,0.0,0.0,1.0,1.0,0.0,0.0,0.0,1.0,1.0,1.0,1.0,0.0,1.0,0.0,1.0,0.0,1.0,1.0,0.0,1.0,1.0,1.0,1.0,1.0,1.0,1.0,1.0,0.0,0.0,0.0,0.0,1.0,,0.0,0.0,0.0,0.0,,1.0,1.0,1.0,1.0,0.0,0.0,0.0,0.0,1.0,1.0,0.0,1.0,0.0,0.0,1.0,0.0,1.0,0.0,0.0,0.0,1.0,0.0,0.0,1.0,1.0,0.0,1.0,1.0,0.0,0.0,1.0,1.0,0.0,1.0,0.0,0.0,1.0,0.0,0.0,0.0,0.0,0.0,0.0,0.0,0.0,0.0,1.0,1.0,1.0,1.0,0.0,1.0,1.0,1.0,0.0,0.0,0.0,0.0,0.0,1.0,0.0,0.0,0.0,1.0,0.0,1.0,1.0,1.0,0.0,1.0,0.0,1.0,0.0,0.0,1.0,0.0,1.0,,,,,0.0,,1.0,0.0,1.0,1.0,0.0,0.0,1.0,0.0,1.0,1.0,0.0,0.0,0.0,0.0,0.0,,,0.0,1.0,1.0,0.0,1.0,,1.0,0.0,0.0,1.0,0.0,1.0,1.0,1.0,1.0,0.0,1.0,0.0,0.0,0.0,0.0,0.0,1.0,1.0,1.0,0.0,0.0,0.0,0.0,0.0,1.0,0.0,1.0,0.0,0.0,0.0,1.0,0.0,0.0,0.0,1.0,1.0,0.0,,0.0,0.0,1.0,1.0,1.0,1.0,,0.0,1.0,0.0,0.0,0.0,0.0,0.0,0.0,1.0,0.0,0.0
General Peternelli,,,1.0,0.0,1.0,1.0,1.0,1.0,0.0,1.0,0.0,1.0,,1.0,0.0,1.0,0.0,1.0,0.0,0.0,1.0,0.0,0.0,0.0,,0.0,,,1.0,1.0,0.0,1.0,0.0,0.0,0.0,0.0,1.0,0.0,0.0,0.0,0.0,0.0,0.0,1.0,0.0,1.0,0.0,1.0,,,,,1.0,0.0,0.0,1.0,1.0,1.0,0.0,1.0,1.0,1.0,1.0,0.0,0.0,1.0,0.0,0.0,0.0,0.0,0.0,0.0,0.0,1.0,0.0,1.0,1.0,0.0,1.0,1.0,1.0,1.0,1.0,0.0,0.0,,1.0,1.0,1.0,1.0,1.0,1.0,1.0,0.0,0.0,1.0,1.0,1.0,0.0,0.0,0.0,0.0,1.0,0.0,0.0,0.0,0.0,1.0,0.0,0.0,0.0,1.0,1.0,1.0,1.0,1.0,0.0,0.0,0.0,0.0,1.0,0.0,0.0,0.0,0.0,1.0,0.0,0.0,0.0,0.0,1.0,0.0,0.0,0.0,0.0,1.0,1.0,1.0,1.0,,0.0,0.0,1.0,0.0,0.0,1.0,0.0,,1.0,0.0,0.0,,1.0,0.0,0.0,0.0,1.0,0.0,1.0,1.0,0.0,0.0,1.0,0.0,1.0,0.0,0.0,0.0,1.0,1.0,1.0,0.0,0.0,1.0,0.0,0.0,1.0,1.0,1.0,1.0,1.0,1.0,1.0,1.0,1.0,,1.0,1.0,1.0,1.0,0.0,1.0,0.0,1.0,0.0,0.0,0.0,0.0,1.0,0.0,0.0,1.0,,,1.0,0.0,,0.0,,0.0,0.0,0.0,1.0,1.0,,0.0,1.0,0.0,0.0,,1.0,1.0,1.0,0.0,1.0,1.0,1.0,1.0,1.0,0.0,0.0,0.0,0.0,1.0,1.0,1.0,0.0,1.0,0.0,0.0,1.0,0.0,0.0,1.0,0.0,1.0,0.0,0.0,0.0,1.0,1.0,1.0,1.0,0.0,0.0,0.0,0.0,0.0,,1.0,1.0,1.0,1.0,1.0,1.0,1.0,1.0,0.0,1.0,0.0,1.0,0.0,0.0,0.0,0.0,,0.0,0.0,1.0,0.0,1.0,1.0,1.0,1.0,0.0,0.0,0.0,0.0,1.0,1.0,1.0,0.0,0.0,0.0,1.0,1.0,1.0,0.0,1.0,,1.0,0.0,0.0,0.0,1.0,0.0,,1.0,0.0,0.0,0.0,0.0,1.0,1.0,1.0,1.0,0.0,1.0,0.0,1.0,0.0,1.0,1.0,0.0,1.0,1.0,1.0,1.0,1.0,1.0,1.0,1.0,0.0,,0.0,0.0,1.0,0.0,0.0,0.0,0.0,0.0,,1.0,0.0,1.0,,0.0,1.0,0.0,0.0,1.0,1.0,1.0,1.0,0.0,0.0,1.0,0.0,1.0,0.0,0.0,0.0,1.0,0.0,1.0,1.0,1.0,0.0,1.0,1.0,0.0,0.0,1.0,1.0,0.0,1.0,0.0,0.0,1.0,0.0,0.0,0.0,1.0,0.0,0.0,1.0,0.0,0.0,1.0,1.0,1.0,1.0,0.0,1.0,1.0,1.0,0.0,0.0,0.0,0.0,0.0,1.0,0.0,0.0,0.0,1.0,0.0,1.0,1.0,1.0,1.0,1.0,0.0,1.0,0.0,0.0,0.0,0.0,1.0,0.0,0.0,0.0,0.0,0.0,0.0,1.0,0.0,1.0,1.0,0.0,0.0,1.0,0.0,1.0,1.0,0.0,0.0,0.0,0.0,0.0,0.0,0.0,0.0,1.0,1.0,0.0,1.0,0.0,1.0,0.0,0.0,1.0,0.0,1.0,1.0,1.0,1.0,0.0,1.0,0.0,1.0,0.0,0.0,0.0,1.0,1.0,1.0,0.0,0.0,0.0,0.0,0.0,1.0,0.0,1.0,1.0,0.0,0.0,1.0,0.0,0.0,0.0,1.0,1.0,0.0,1.0,0.0,0.0,1.0,1.0,1.0,1.0,0.0,0.0,1.0,0.0,0.0,0.0,0.0,0.0,0.0,1.0,0.0,0.0
Geninho Zuliani,,,1.0,0.0,,1.0,0.0,,,1.0,,,0.0,,0.0,0.0,0.0,1.0,0.0,0.0,1.0,,,,,,,1.0,0.0,,0.0,1.0,0.0,0.0,0.0,,1.0,1.0,,,0.0,,0.0,1.0,0.0,1.0,,,,,,,0.0,1.0,,0.0,0.0,1.0,,,,,,,,1.0,,1.0,,,0.0,0.0,0.0,1.0,0.0,1.0,1.0,0.0,1.0,,1.0,1.0,,,0.0,,,1.0,,1.0,1.0,1.0,1.0,0.0,,1.0,1.0,1.0,0.0,0.0,0.0,0.0,1.0,1.0,1.0,1.0,,0.0,1.0,1.0,1.0,,,,1.0,1.0,0.0,0.0,,,1.0,0.0,0.0,0.0,0.0,1.0,,0.0,0.0,,,,1.0,0.0,0.0,1.0,1.0,,1.0,,0.0,0.0,,,,,,,,,,,,1.0,,,,,,,0.0,,1.0,0.0,1.0,0.0,0.0,,1.0,,1.0,,,,,0.0,1.0,1.0,1.0,1.0,,1.0,,1.0,,,,,,1.0,0.0,1.0,0.0,,,0.0,0.0,0.0,1.0,1.0,0.0,1.0,,,,0.0,0.0,0.0,,0.0,0.0,,1.0,0.0,0.0,,1.0,0.0,,1.0,1.0,,1.0,0.0,1.0,1.0,,1.0,1.0,,0.0,,0.0,,1.0,1.0,,,0.0,0.0,1.0,0.0,,0.0,0.0,0.0,1.0,0.0,1.0,1.0,1.0,1.0,,,0.0,1.0,0.0,,0.0,1.0,,,,,1.0,1.0,,1.0,1.0,0.0,1.0,,0.0,0.0,0.0,,1.0,0.0,,,,,,,0.0,0.0,0.0,0.0,,1.0,1.0,,,,1.0,1.0,,,,0.0,0.0,1.0,1.0,1.0,1.0,0.0,0.0,1.0,,0.0,,,1.0,1.0,1.0,1.0,,1.0,0.0,1.0,0.0,1.0,1.0,0.0,0.0,1.0,,,1.0,1.0,1.0,,0.0,0.0,,0.0,,,,0.0,,0.0,,1.0,0.0,1.0,0.0,0.0,1.0,,1.0,,1.0,,,,0.0,,0.0,,0.0,,0.0,1.0,0.0,0.0,1.0,,0.0,,1.0,,,,1.0,,,0.0,,1.0,0.0,1.0,0.0,0.0,,0.0,1.0,0.0,0.0,1.0,,,,,1.0,,1.0,0.0,,,,,1.0,0.0,,,,0.0,1.0,,,,,,1.0,,0.0,,0.0,1.0,,,,0.0,0.0,0.0,1.0,,1.0,,,,1.0,,1.0,1.0,,0.0,0.0,,0.0,,,,,,0.0,1.0,,,0.0,,1.0,1.0,0.0,1.0,0.0,0.0,0.0,1.0,0.0,0.0,0.0,0.0,0.0,1.0,,1.0,,0.0,1.0,,,,,,0.0,0.0,0.0,,,0.0,,1.0,,0.0,,0.0,,,1.0,,,,0.0,1.0,0.0,0.0,0.0,0.0,0.0,0.0,1.0,,0.0
Geovania de Sá,,,1.0,0.0,1.0,1.0,1.0,1.0,0.0,1.0,,1.0,1.0,0.0,1.0,1.0,,0.0,1.0,,,0.0,,,0.0,1.0,,0.0,1.0,,,1.0,0.0,,,0.0,1.0,1.0,0.0,0.0,0.0,0.0,0.0,1.0,,1.0,0.0,1.0,,,0.0,1.0,0.0,1.0,,,0.0,1.0,,1.0,1.0,1.0,1.0,,,1.0,0.0,0.0,0.0,0.0,,0.0,0.0,1.0,,1.0,1.0,0.0,1.0,1.0,,1.0,1.0,,1.0,,1.0,1.0,1.0,1.0,1.0,1.0,1.0,0.0,0.0,1.0,1.0,1.0,0.0,0.0,,,1.0,0.0,0.0,0.0,,1.0,0.0,0.0,0.0,1.0,1.0,1.0,1.0,1.0,0.0,,0.0,0.0,1.0,0.0,0.0,,0.0,1.0,,0.0,0.0,,1.0,,,0.0,,1.0,1.0,1.0,1.0,,0.0,0.0,1.0,0.0,0.0,1.0,,,,,,1.0,,,,0.0,1.0,0.0,1.0,,0.0,,,0.0,1.0,,0.0,,1.0,1.0,1.0,0.0,0.0,1.0,0.0,,1.0,,1.0,1.0,1.0,1.0,1.0,1.0,1.0,,0.0,,,1.0,0.0,,0.0,,,,0.0,0.0,1.0,0.0,,1.0,0.0,,0.0,,,0.0,,0.0,,0.0,1.0,,,,1.0,,0.0,1.0,,,1.0,0.0,1.0,1.0,1.0,1.0,1.0,0.0,0.0,0.0,0.0,1.0,1.0,1.0,0.0,1.0,0.0,0.0,1.0,,,0.0,1.0,1.0,0.0,0.0,,1.0,1.0,1.0,1.0,,0.0,1.0,0.0,1.0,,1.0,1.0,1.0,1.0,1.0,1.0,1.0,1.0,0.0,1.0,0.0,1.0,,0.0,0.0,,,,0.0,1.0,0.0,1.0,1.0,,,,0.0,0.0,0.0,1.0,1.0,1.0,,,0.0,1.0,1.0,,,1.0,0.0,,,0.0,,1.0,,,,,,0.0,0.0,1.0,1.0,1.0,1.0,,1.0,0.0,1.0,,1.0,,0.0,1.0,1.0,1.0,,1.0,1.0,1.0,1.0,,0.0,,,1.0,,0.0,0.0,0.0,0.0,1.0,1.0,,1.0,1.0,0.0,0.0,0.0,,,1.0,,1.0,0.0,0.0,,,,0.0,0.0,,1.0,,0.0,1.0,1.0,,,1.0,0.0,0.0,1.0,1.0,0.0,1.0,0.0,0.0,1.0,0.0,,,0.0,0.0,0.0,1.0,0.0,,1.0,,1.0,1.0,0.0,1.0,1.0,1.0,,0.0,0.0,0.0,0.0,1.0,0.0,,0.0,,0.0,1.0,,,,,,,0.0,0.0,0.0,0.0,1.0,0.0,0.0,0.0,0.0,0.0,0.0,,0.0,1.0,,0.0,0.0,1.0,0.0,1.0,,0.0,0.0,0.0,0.0,0.0,0.0,,0.0,1.0,1.0,,1.0,0.0,,0.0,0.0,1.0,1.0,,,1.0,1.0,0.0,1.0,0.0,,0.0,0.0,,1.0,,1.0,0.0,0.0,0.0,0.0,,1.0,0.0,,,0.0,0.0,1.0,,0.0,0.0,1.0,1.0,,,0.0,,1.0,1.0,,1.0,0.0,0.0,1.0,0.0,0.0,,0.0,0.0,,1.0,0.0,0.0
Gervásio Maia,1.0,,1.0,1.0,1.0,1.0,1.0,1.0,1.0,1.0,1.0,,0.0,1.0,1.0,1.0,1.0,,1.0,1.0,1.0,0.0,0.0,1.0,,1.0,1.0,0.0,1.0,0.0,1.0,1.0,0.0,0.0,0.0,0.0,0.0,1.0,0.0,1.0,1.0,1.0,0.0,0.0,1.0,1.0,,1.0,1.0,0.0,0.0,1.0,0.0,1.0,1.0,0.0,0.0,1.0,,1.0,1.0,1.0,,0.0,0.0,0.0,0.0,1.0,0.0,,0.0,0.0,0.0,1.0,0.0,1.0,1.0,0.0,1.0,1.0,1.0,1.0,1.0,0.0,1.0,,1.0,1.0,1.0,1.0,1.0,,0.0,1.0,1.0,1.0,1.0,1.0,1.0,0.0,0.0,1.0,0.0,1.0,1.0,1.0,0.0,0.0,1.0,1.0,1.0,0.0,0.0,1.0,0.0,0.0,1.0,0.0,,,,0.0,1.0,0.0,1.0,0.0,0.0,1.0,1.0,1.0,0.0,1.0,1.0,1.0,1.0,0.0,0.0,0.0,1.0,0.0,0.0,0.0,1.0,1.0,0.0,1.0,0.0,1.0,0.0,,0.0,,1.0,0.0,0.0,0.0,1.0,,0.0,0.0,,0.0,0.0,0.0,0.0,0.0,1.0,0.0,1.0,1.0,1.0,0.0,,,,,,,0.0,0.0,0.0,0.0,0.0,0.0,0.0,0.0,0.0,0.0,0.0,0.0,1.0,0.0,1.0,1.0,0.0,0.0,1.0,,1.0,1.0,0.0,1.0,,,1.0,1.0,1.0,1.0,0.0,1.0,1.0,1.0,0.0,1.0,1.0,0.0,1.0,1.0,1.0,0.0,0.0,0.0,0.0,1.0,0.0,0.0,0.0,0.0,0.0,1.0,1.0,1.0,1.0,0.0,1.0,0.0,1.0,0.0,1.0,1.0,0.0,1.0,1.0,1.0,1.0,0.0,1.0,1.0,1.0,1.0,1.0,0.0,0.0,1.0,1.0,0.0,1.0,1.0,0.0,1.0,0.0,1.0,1.0,1.0,0.0,0.0,1.0,0.0,1.0,1.0,0.0,1.0,,1.0,1.0,0.0,0.0,1.0,0.0,1.0,0.0,0.0,0.0,0.0,0.0,0.0,0.0,0.0,1.0,1.0,1.0,,0.0,1.0,0.0,0.0,0.0,,0.0,1.0,0.0,0.0,0.0,1.0,1.0,0.0,0.0,1.0,0.0,1.0,1.0,0.0,0.0,0.0,0.0,0.0,1.0,1.0,1.0,0.0,1.0,1.0,1.0,1.0,1.0,0.0,0.0,1.0,1.0,1.0,1.0,0.0,0.0,0.0,1.0,1.0,0.0,1.0,0.0,1.0,1.0,1.0,1.0,1.0,1.0,0.0,0.0,1.0,1.0,0.0,1.0,1.0,1.0,1.0,0.0,1.0,0.0,1.0,1.0,0.0,1.0,1.0,0.0,1.0,1.0,0.0,0.0,1.0,1.0,0.0,0.0,0.0,,1.0,0.0,1.0,0.0,1.0,1.0,0.0,0.0,1.0,1.0,1.0,1.0,0.0,1.0,1.0,1.0,1.0,1.0,1.0,1.0,0.0,0.0,,,,,,,,1.0,1.0,,1.0,0.0,1.0,0.0,0.0,0.0,0.0,0.0,,,,1.0,1.0,1.0,0.0,,,,,,,,,0.0,0.0,1.0,1.0,0.0,1.0,0.0,0.0,1.0,,,,,,,,,,,,1.0,,,,1.0,1.0,0.0,0.0,0.0,,1.0,1.0,1.0,1.0,1.0,1.0,1.0,0.0,0.0,0.0,1.0,1.0,0.0,1.0,1.0,0.0,1.0,1.0,1.0,1.0,1.0,,0.0,0.0,1.0,0.0,,0.0,1.0,1.0,0.0,,0.0,0.0,1.0,1.0,1.0,0.0,1.0,0.0,0.0,0.0,0.0,0.0,1.0,0.0,1.0
Giacobo,,,1.0,0.0,,1.0,1.0,1.0,0.0,1.0,,1.0,0.0,1.0,0.0,1.0,0.0,,0.0,1.0,1.0,0.0,0.0,1.0,,1.0,,1.0,0.0,,0.0,1.0,,,0.0,0.0,,,,,,,,,0.0,,,1.0,1.0,0.0,0.0,,0.0,1.0,1.0,0.0,0.0,1.0,,1.0,1.0,1.0,,,,,1.0,1.0,,0.0,0.0,0.0,0.0,1.0,0.0,1.0,,,,1.0,,,1.0,0.0,0.0,,,1.0,1.0,1.0,1.0,1.0,,0.0,0.0,,1.0,1.0,0.0,,,,,0.0,0.0,0.0,0.0,1.0,0.0,0.0,0.0,1.0,1.0,,1.0,1.0,0.0,0.0,0.0,0.0,,,,0.0,0.0,1.0,,,,,1.0,0.0,0.0,0.0,0.0,1.0,1.0,1.0,1.0,,0.0,0.0,,,,,,,,0.0,,,1.0,0.0,0.0,0.0,1.0,,,1.0,0.0,0.0,1.0,0.0,1.0,,0.0,,1.0,1.0,1.0,0.0,,1.0,0.0,,1.0,1.0,1.0,1.0,1.0,1.0,,1.0,1.0,1.0,1.0,1.0,1.0,,0.0,0.0,0.0,1.0,,1.0,0.0,0.0,,,,1.0,0.0,,0.0,0.0,0.0,0.0,1.0,0.0,0.0,0.0,1.0,1.0,0.0,0.0,1.0,,0.0,1.0,,,1.0,0.0,,1.0,,1.0,1.0,0.0,0.0,,0.0,1.0,1.0,1.0,0.0,1.0,0.0,0.0,1.0,0.0,0.0,0.0,1.0,1.0,,0.0,0.0,,1.0,,1.0,0.0,,1.0,0.0,1.0,0.0,1.0,1.0,,1.0,1.0,1.0,,1.0,1.0,,0.0,1.0,0.0,0.0,0.0,0.0,1.0,0.0,0.0,1.0,,1.0,1.0,1.0,,0.0,,,,1.0,,1.0,,,0.0,1.0,1.0,1.0,0.0,1.0,0.0,1.0,0.0,,0.0,1.0,0.0,0.0,1.0,,,,0.0,1.0,,1.0,1.0,,1.0,,1.0,0.0,1.0,,0.0,1.0,1.0,1.0,1.0,1.0,1.0,1.0,1.0,0.0,0.0,0.0,0.0,1.0,0.0,0.0,0.0,,0.0,1.0,1.0,0.0,1.0,0.0,0.0,1.0,,0.0,1.0,,,1.0,0.0,0.0,,0.0,1.0,,0.0,0.0,1.0,0.0,,1.0,1.0,0.0,,1.0,0.0,,,1.0,,1.0,0.0,0.0,1.0,,0.0,0.0,,0.0,0.0,0.0,0.0,0.0,,1.0,0.0,,,1.0,1.0,1.0,,,0.0,,0.0,1.0,,0.0,0.0,1.0,0.0,1.0,1.0,,,,,,0.0,0.0,0.0,0.0,1.0,,0.0,0.0,,,0.0,1.0,,1.0,1.0,0.0,,1.0,,1.0,,,,0.0,,0.0,0.0,0.0,0.0,1.0,,,1.0,0.0,,,0.0,1.0,0.0,1.0,1.0,1.0,,,,,,0.0,,,1.0,,1.0,0.0,,,,,1.0,,,0.0,,0.0,1.0,0.0,,0.0,,1.0,0.0,1.0,,,1.0,,1.0,,,,1.0,0.0,,,,,,,,0.0
Gil Cutrim,0.0,0.0,1.0,0.0,1.0,1.0,1.0,,,1.0,0.0,1.0,1.0,1.0,1.0,1.0,0.0,0.0,0.0,0.0,1.0,0.0,1.0,1.0,,0.0,1.0,0.0,1.0,1.0,0.0,1.0,0.0,0.0,0.0,0.0,1.0,1.0,0.0,1.0,1.0,1.0,0.0,0.0,0.0,,,1.0,1.0,0.0,0.0,1.0,0.0,,1.0,0.0,0.0,,0.0,1.0,1.0,1.0,1.0,0.0,,1.0,1.0,1.0,0.0,0.0,0.0,,0.0,,0.0,1.0,1.0,0.0,,,1.0,1.0,,,1.0,,1.0,1.0,1.0,1.0,,1.0,1.0,0.0,1.0,1.0,1.0,1.0,,,0.0,1.0,,0.0,0.0,0.0,,1.0,1.0,1.0,1.0,1.0,1.0,1.0,1.0,1.0,0.0,0.0,,,,,0.0,0.0,,1.0,0.0,0.0,0.0,0.0,1.0,0.0,1.0,0.0,0.0,1.0,1.0,1.0,1.0,0.0,0.0,0.0,1.0,0.0,0.0,1.0,0.0,1.0,1.0,,0.0,,,0.0,,,,0.0,1.0,1.0,0.0,,,0.0,1.0,,0.0,0.0,1.0,1.0,1.0,0.0,0.0,1.0,0.0,0.0,1.0,1.0,1.0,1.0,1.0,1.0,0.0,0.0,1.0,1.0,1.0,1.0,1.0,1.0,1.0,1.0,0.0,1.0,0.0,0.0,0.0,,1.0,1.0,0.0,1.0,,,1.0,0.0,0.0,0.0,1.0,0.0,1.0,0.0,1.0,1.0,0.0,,1.0,0.0,0.0,1.0,1.0,1.0,1.0,0.0,1.0,1.0,1.0,1.0,1.0,0.0,0.0,0.0,0.0,1.0,1.0,1.0,0.0,1.0,0.0,0.0,1.0,0.0,,0.0,0.0,1.0,0.0,0.0,1.0,,1.0,,1.0,0.0,,1.0,0.0,,,1.0,1.0,1.0,1.0,1.0,1.0,1.0,1.0,0.0,1.0,1.0,0.0,0.0,0.0,0.0,0.0,1.0,1.0,0.0,1.0,0.0,1.0,1.0,1.0,1.0,0.0,0.0,,0.0,1.0,1.0,1.0,0.0,,0.0,1.0,1.0,,,1.0,0.0,1.0,1.0,,1.0,1.0,0.0,0.0,1.0,0.0,0.0,0.0,0.0,1.0,1.0,1.0,1.0,0.0,1.0,0.0,1.0,0.0,,1.0,0.0,1.0,1.0,1.0,1.0,1.0,1.0,1.0,1.0,,,0.0,0.0,1.0,,0.0,0.0,0.0,0.0,1.0,1.0,0.0,1.0,1.0,0.0,1.0,0.0,0.0,1.0,,1.0,1.0,0.0,0.0,1.0,0.0,0.0,1.0,0.0,0.0,1.0,0.0,0.0,1.0,1.0,0.0,1.0,1.0,0.0,0.0,1.0,1.0,0.0,1.0,0.0,0.0,0.0,0.0,0.0,0.0,1.0,0.0,0.0,1.0,0.0,0.0,1.0,1.0,1.0,0.0,0.0,1.0,,,0.0,0.0,0.0,0.0,0.0,,0.0,0.0,0.0,1.0,0.0,1.0,1.0,1.0,1.0,1.0,0.0,,,0.0,0.0,0.0,1.0,0.0,0.0,0.0,0.0,0.0,0.0,1.0,0.0,1.0,1.0,0.0,0.0,1.0,0.0,,,0.0,,,0.0,0.0,,0.0,,,,0.0,1.0,0.0,1.0,0.0,0.0,1.0,1.0,1.0,1.0,1.0,1.0,0.0,1.0,0.0,1.0,0.0,0.0,0.0,1.0,1.0,1.0,,0.0,0.0,0.0,1.0,1.0,0.0,1.0,1.0,0.0,0.0,1.0,0.0,0.0,0.0,1.0,1.0,0.0,1.0,1.0,,1.0,1.0,1.0,1.0,,0.0,1.0,0.0,0.0,0.0,0.0,0.0,0.0,1.0,0.0,0.0
Gilberto Abramo,0.0,0.0,1.0,0.0,1.0,1.0,1.0,1.0,0.0,1.0,0.0,,1.0,0.0,1.0,1.0,1.0,0.0,1.0,0.0,1.0,0.0,1.0,1.0,,1.0,0.0,0.0,1.0,1.0,0.0,0.0,0.0,0.0,0.0,0.0,1.0,1.0,0.0,1.0,0.0,1.0,0.0,1.0,0.0,1.0,,1.0,,0.0,0.0,1.0,0.0,1.0,1.0,0.0,0.0,1.0,0.0,1.0,1.0,1.0,,,0.0,1.0,0.0,1.0,0.0,,,,0.0,1.0,0.0,1.0,1.0,0.0,1.0,1.0,1.0,1.0,1.0,0.0,1.0,,1.0,1.0,,1.0,1.0,1.0,1.0,0.0,1.0,1.0,,1.0,0.0,,,0.0,1.0,0.0,0.0,0.0,0.0,1.0,1.0,0.0,1.0,1.0,1.0,1.0,1.0,1.0,0.0,0.0,0.0,0.0,1.0,0.0,0.0,0.0,0.0,1.0,0.0,0.0,0.0,0.0,1.0,0.0,0.0,1.0,0.0,1.0,1.0,1.0,1.0,0.0,0.0,0.0,1.0,,0.0,1.0,0.0,1.0,1.0,0.0,0.0,1.0,1.0,0.0,0.0,0.0,1.0,,1.0,1.0,0.0,0.0,1.0,,1.0,0.0,0.0,,1.0,1.0,1.0,0.0,,1.0,0.0,0.0,1.0,1.0,1.0,1.0,1.0,0.0,0.0,1.0,1.0,1.0,1.0,1.0,1.0,,0.0,0.0,0.0,0.0,0.0,0.0,0.0,0.0,1.0,1.0,0.0,,0.0,,0.0,0.0,,0.0,,,,0.0,1.0,1.0,0.0,0.0,1.0,,0.0,1.0,1.0,1.0,1.0,0.0,1.0,1.0,1.0,1.0,1.0,,0.0,0.0,0.0,1.0,1.0,1.0,0.0,1.0,,0.0,1.0,0.0,0.0,0.0,1.0,1.0,0.0,,0.0,,1.0,1.0,,0.0,0.0,1.0,0.0,1.0,0.0,1.0,1.0,1.0,1.0,1.0,1.0,1.0,1.0,1.0,1.0,0.0,1.0,0.0,0.0,0.0,0.0,1.0,0.0,0.0,1.0,0.0,1.0,1.0,1.0,1.0,,0.0,0.0,,,1.0,1.0,0.0,0.0,0.0,1.0,1.0,1.0,,,0.0,1.0,0.0,0.0,0.0,1.0,,0.0,1.0,0.0,0.0,0.0,0.0,1.0,1.0,1.0,1.0,0.0,1.0,0.0,1.0,0.0,1.0,1.0,0.0,1.0,1.0,1.0,1.0,,1.0,1.0,1.0,0.0,0.0,0.0,0.0,1.0,0.0,0.0,0.0,0.0,0.0,1.0,,0.0,1.0,1.0,0.0,1.0,0.0,0.0,1.0,1.0,1.0,,0.0,0.0,1.0,0.0,0.0,0.0,0.0,0.0,1.0,0.0,1.0,,,0.0,1.0,1.0,0.0,0.0,,1.0,0.0,1.0,0.0,0.0,,0.0,0.0,0.0,0.0,0.0,0.0,1.0,0.0,0.0,1.0,1.0,1.0,,,,1.0,,0.0,0.0,0.0,0.0,0.0,,,0.0,0.0,1.0,0.0,1.0,1.0,1.0,0.0,1.0,0.0,1.0,0.0,0.0,0.0,0.0,1.0,0.0,0.0,,0.0,0.0,0.0,1.0,0.0,1.0,,,,,,,,,,0.0,0.0,0.0,0.0,,,1.0,1.0,0.0,1.0,,,,,1.0,0.0,0.0,1.0,1.0,0.0,0.0,1.0,0.0,0.0,0.0,0.0,0.0,1.0,1.0,1.0,0.0,0.0,0.0,0.0,1.0,1.0,,1.0,1.0,0.0,0.0,1.0,,0.0,0.0,1.0,1.0,0.0,1.0,0.0,0.0,1.0,1.0,1.0,1.0,0.0,0.0,1.0,0.0,,,,,,,,0.0
Gilberto Nascimento,,,1.0,,,1.0,1.0,1.0,0.0,,,1.0,1.0,0.0,0.0,,,,,,,,,1.0,0.0,0.0,,0.0,0.0,1.0,0.0,1.0,,0.0,0.0,0.0,1.0,1.0,,0.0,0.0,,0.0,1.0,0.0,1.0,,1.0,,,,,,,,,,,0.0,,1.0,,1.0,,,,0.0,1.0,0.0,,0.0,0.0,,1.0,0.0,1.0,1.0,0.0,1.0,1.0,1.0,,1.0,0.0,0.0,,,,,,,,,,0.0,,1.0,1.0,0.0,,,,1.0,,0.0,,,,1.0,0.0,,,,1.0,,1.0,,0.0,,,,0.0,0.0,0.0,0.0,1.0,0.0,,0.0,0.0,1.0,0.0,0.0,0.0,0.0,1.0,1.0,,0.0,,0.0,0.0,1.0,,,,,,1.0,,0.0,1.0,1.0,0.0,,0.0,1.0,,0.0,1.0,0.0,0.0,1.0,0.0,1.0,0.0,0.0,,1.0,,,,0.0,1.0,,0.0,1.0,1.0,,,1.0,,,,,,0.0,1.0,1.0,,0.0,,0.0,,0.0,0.0,,0.0,,,,1.0,0.0,,1.0,1.0,1.0,,,0.0,0.0,0.0,1.0,,,,1.0,,1.0,1.0,1.0,1.0,1.0,,1.0,1.0,1.0,,1.0,0.0,0.0,,,1.0,1.0,1.0,0.0,1.0,0.0,0.0,1.0,0.0,,0.0,1.0,1.0,,1.0,0.0,,,,1.0,,,1.0,0.0,,,1.0,1.0,1.0,,1.0,,1.0,1.0,,1.0,0.0,,,,0.0,,,0.0,0.0,,0.0,,,1.0,1.0,0.0,0.0,0.0,,1.0,1.0,1.0,,,,1.0,1.0,1.0,,,,1.0,,0.0,,,,0.0,1.0,,,0.0,0.0,,1.0,1.0,1.0,0.0,0.0,1.0,1.0,1.0,0.0,1.0,,1.0,1.0,1.0,,1.0,,1.0,,0.0,,0.0,,1.0,,0.0,,0.0,0.0,,1.0,1.0,1.0,,1.0,1.0,0.0,1.0,1.0,1.0,,1.0,0.0,0.0,,0.0,0.0,0.0,,0.0,,,,,1.0,0.0,,1.0,1.0,0.0,,,,1.0,,,1.0,,0.0,,0.0,0.0,0.0,1.0,,,1.0,1.0,1.0,1.0,0.0,1.0,,1.0,0.0,0.0,0.0,0.0,,1.0,0.0,,,,0.0,1.0,,,1.0,0.0,0.0,1.0,,,,0.0,1.0,0.0,0.0,,0.0,,0.0,1.0,0.0,1.0,,,,1.0,,1.0,,,,0.0,0.0,0.0,0.0,0.0,0.0,1.0,1.0,,,,1.0,1.0,1.0,1.0,0.0,,,1.0,,0.0,,0.0,0.0,0.0,0.0,,1.0,,1.0,0.0,,,,,,0.0,,,0.0,0.0,1.0,,,,,,0.0,,0.0,,,1.0,,1.0,0.0,1.0,1.0,0.0,,,,,,,,0.0
Gilson Marques,0.0,0.0,1.0,0.0,0.0,1.0,0.0,1.0,0.0,0.0,0.0,,0.0,1.0,0.0,0.0,0.0,0.0,0.0,0.0,1.0,1.0,0.0,,,0.0,1.0,0.0,1.0,1.0,0.0,1.0,0.0,0.0,0.0,0.0,1.0,0.0,0.0,0.0,0.0,0.0,0.0,1.0,0.0,1.0,1.0,1.0,0.0,0.0,0.0,0.0,1.0,0.0,1.0,0.0,0.0,1.0,0.0,0.0,0.0,0.0,1.0,0.0,0.0,1.0,1.0,0.0,0.0,0.0,0.0,0.0,0.0,1.0,0.0,1.0,1.0,0.0,1.0,0.0,1.0,1.0,0.0,0.0,0.0,,0.0,0.0,1.0,0.0,0.0,0.0,1.0,1.0,0.0,0.0,0.0,0.0,1.0,1.0,1.0,0.0,1.0,0.0,0.0,1.0,0.0,1.0,0.0,0.0,0.0,1.0,1.0,1.0,1.0,1.0,0.0,0.0,0.0,0.0,1.0,0.0,0.0,0.0,0.0,1.0,0.0,0.0,0.0,0.0,1.0,0.0,1.0,1.0,0.0,1.0,1.0,1.0,0.0,0.0,0.0,0.0,0.0,0.0,1.0,0.0,0.0,0.0,1.0,0.0,0.0,1.0,1.0,0.0,0.0,0.0,1.0,0.0,1.0,1.0,0.0,1.0,1.0,1.0,1.0,0.0,0.0,0.0,1.0,1.0,1.0,1.0,0.0,1.0,0.0,0.0,1.0,1.0,0.0,0.0,1.0,1.0,1.0,1.0,1.0,1.0,1.0,1.0,1.0,1.0,0.0,0.0,0.0,1.0,0.0,0.0,0.0,0.0,1.0,0.0,1.0,1.0,,,0.0,0.0,0.0,0.0,1.0,0.0,0.0,1.0,1.0,0.0,0.0,0.0,0.0,0.0,0.0,1.0,0.0,1.0,1.0,0.0,1.0,1.0,1.0,1.0,1.0,0.0,0.0,0.0,0.0,1.0,1.0,1.0,0.0,1.0,0.0,0.0,1.0,0.0,0.0,0.0,0.0,1.0,0.0,0.0,0.0,0.0,0.0,1.0,0.0,0.0,0.0,0.0,0.0,1.0,,1.0,1.0,1.0,1.0,0.0,1.0,0.0,1.0,0.0,1.0,0.0,0.0,1.0,0.0,0.0,0.0,1.0,0.0,0.0,1.0,0.0,1.0,1.0,1.0,1.0,0.0,0.0,0.0,0.0,1.0,1.0,1.0,0.0,0.0,0.0,0.0,0.0,0.0,0.0,1.0,0.0,1.0,0.0,0.0,0.0,0.0,0.0,0.0,1.0,1.0,0.0,0.0,0.0,1.0,1.0,1.0,1.0,0.0,1.0,0.0,1.0,0.0,0.0,1.0,1.0,1.0,1.0,0.0,1.0,1.0,0.0,0.0,1.0,0.0,0.0,0.0,0.0,0.0,0.0,1.0,0.0,0.0,0.0,0.0,1.0,0.0,1.0,1.0,0.0,0.0,1.0,0.0,0.0,1.0,0.0,1.0,0.0,1.0,1.0,0.0,1.0,0.0,,,1.0,0.0,0.0,0.0,1.0,0.0,1.0,1.0,0.0,1.0,1.0,1.0,0.0,0.0,1.0,1.0,0.0,0.0,1.0,0.0,0.0,0.0,0.0,1.0,1.0,1.0,1.0,1.0,1.0,1.0,1.0,0.0,1.0,1.0,0.0,0.0,0.0,0.0,0.0,1.0,0.0,0.0,0.0,1.0,0.0,1.0,1.0,1.0,1.0,1.0,0.0,0.0,0.0,0.0,0.0,0.0,1.0,0.0,0.0,0.0,0.0,0.0,0.0,1.0,0.0,1.0,1.0,0.0,0.0,1.0,0.0,1.0,1.0,0.0,0.0,0.0,0.0,0.0,0.0,0.0,0.0,1.0,1.0,0.0,1.0,0.0,1.0,0.0,0.0,0.0,0.0,1.0,1.0,1.0,1.0,0.0,,0.0,1.0,1.0,1.0,1.0,1.0,1.0,0.0,1.0,0.0,1.0,0.0,0.0,0.0,1.0,0.0,,,0.0,1.0,0.0,0.0,0.0,1.0,0.0,0.0,1.0,0.0,1.0,1.0,1.0,1.0,0.0,0.0,0.0,1.0,0.0,0.0,0.0,0.0,0.0,0.0,1.0,0.0,0.0
Giovani Cherini,0.0,0.0,1.0,0.0,1.0,1.0,1.0,1.0,0.0,1.0,0.0,1.0,0.0,1.0,0.0,1.0,0.0,1.0,0.0,1.0,0.0,,1.0,1.0,,1.0,0.0,0.0,0.0,,,,,,,,,,,,,1.0,0.0,1.0,,1.0,0.0,1.0,1.0,,0.0,1.0,0.0,1.0,1.0,0.0,0.0,1.0,,1.0,1.0,1.0,1.0,0.0,,1.0,1.0,1.0,0.0,,0.0,0.0,0.0,1.0,0.0,1.0,1.0,0.0,1.0,1.0,1.0,1.0,1.0,0.0,0.0,,1.0,1.0,1.0,1.0,,1.0,1.0,0.0,0.0,0.0,1.0,1.0,0.0,,,0.0,1.0,0.0,0.0,0.0,0.0,1.0,0.0,0.0,0.0,1.0,1.0,1.0,1.0,1.0,,0.0,0.0,,0.0,,0.0,0.0,0.0,1.0,1.0,0.0,0.0,0.0,1.0,0.0,0.0,,,1.0,1.0,,1.0,0.0,,0.0,1.0,0.0,0.0,1.0,0.0,1.0,,0.0,0.0,1.0,1.0,0.0,0.0,0.0,1.0,,,,,,,,,,0.0,0.0,1.0,1.0,1.0,0.0,0.0,,0.0,0.0,1.0,1.0,1.0,1.0,1.0,1.0,,,,1.0,,,1.0,1.0,0.0,1.0,0.0,1.0,0.0,0.0,0.0,0.0,1.0,1.0,0.0,1.0,0.0,,,0.0,,0.0,1.0,0.0,,0.0,1.0,1.0,,,1.0,0.0,0.0,1.0,1.0,1.0,,0.0,,1.0,1.0,1.0,1.0,0.0,0.0,,0.0,1.0,1.0,1.0,,1.0,0.0,0.0,1.0,0.0,,0.0,,1.0,0.0,0.0,,1.0,,1.0,1.0,0.0,0.0,1.0,0.0,1.0,,1.0,1.0,1.0,1.0,1.0,1.0,1.0,1.0,1.0,1.0,1.0,1.0,,0.0,0.0,0.0,,0.0,0.0,1.0,0.0,1.0,1.0,1.0,1.0,0.0,0.0,0.0,0.0,1.0,1.0,1.0,0.0,0.0,0.0,1.0,1.0,1.0,0.0,1.0,0.0,1.0,0.0,1.0,0.0,1.0,0.0,0.0,1.0,0.0,,0.0,0.0,1.0,1.0,1.0,1.0,0.0,1.0,,1.0,0.0,1.0,1.0,0.0,1.0,1.0,1.0,1.0,1.0,1.0,1.0,1.0,0.0,0.0,0.0,0.0,1.0,,,0.0,0.0,0.0,1.0,1.0,0.0,1.0,1.0,0.0,0.0,,0.0,1.0,,0.0,1.0,0.0,0.0,1.0,0.0,1.0,0.0,,0.0,1.0,0.0,0.0,1.0,1.0,0.0,1.0,1.0,0.0,0.0,,1.0,0.0,1.0,0.0,,1.0,0.0,0.0,0.0,0.0,,0.0,,0.0,0.0,0.0,,1.0,,0.0,1.0,1.0,1.0,0.0,0.0,0.0,,0.0,1.0,0.0,,0.0,1.0,0.0,1.0,1.0,1.0,1.0,1.0,0.0,1.0,0.0,0.0,0.0,0.0,1.0,,0.0,0.0,0.0,0.0,0.0,1.0,,1.0,,0.0,,1.0,,1.0,1.0,0.0,0.0,0.0,,0.0,0.0,0.0,,,,,1.0,0.0,1.0,0.0,0.0,1.0,0.0,1.0,1.0,1.0,1.0,0.0,1.0,0.0,0.0,0.0,0.0,0.0,1.0,1.0,1.0,,0.0,0.0,0.0,0.0,1.0,0.0,1.0,0.0,0.0,0.0,1.0,0.0,0.0,0.0,1.0,1.0,0.0,1.0,0.0,0.0,1.0,1.0,1.0,1.0,0.0,0.0,1.0,0.0,,,,,,,,
Giovani Feltes,0.0,,1.0,,,1.0,0.0,1.0,0.0,1.0,0.0,1.0,0.0,,0.0,1.0,0.0,1.0,0.0,0.0,,0.0,0.0,0.0,,1.0,0.0,1.0,0.0,1.0,,1.0,,0.0,0.0,0.0,1.0,1.0,0.0,0.0,0.0,0.0,0.0,1.0,0.0,1.0,0.0,1.0,1.0,0.0,0.0,,0.0,1.0,1.0,0.0,0.0,1.0,0.0,1.0,,1.0,1.0,0.0,0.0,1.0,0.0,1.0,0.0,0.0,0.0,0.0,0.0,1.0,0.0,1.0,1.0,0.0,1.0,1.0,,1.0,1.0,0.0,0.0,,1.0,1.0,1.0,1.0,,1.0,1.0,0.0,,1.0,1.0,1.0,0.0,0.0,0.0,1.0,1.0,1.0,1.0,1.0,0.0,0.0,1.0,1.0,1.0,0.0,0.0,1.0,,1.0,,1.0,0.0,0.0,1.0,0.0,0.0,0.0,0.0,1.0,0.0,1.0,1.0,0.0,1.0,0.0,0.0,0.0,0.0,1.0,1.0,1.0,1.0,0.0,0.0,0.0,1.0,0.0,,1.0,0.0,1.0,1.0,,0.0,1.0,1.0,0.0,0.0,0.0,1.0,0.0,1.0,1.0,0.0,0.0,1.0,0.0,1.0,0.0,0.0,0.0,1.0,1.0,1.0,0.0,0.0,1.0,0.0,0.0,1.0,1.0,1.0,1.0,1.0,1.0,0.0,1.0,1.0,1.0,1.0,1.0,1.0,1.0,,1.0,0.0,1.0,0.0,0.0,0.0,0.0,1.0,1.0,0.0,,0.0,,0.0,0.0,0.0,0.0,1.0,0.0,0.0,0.0,1.0,1.0,0.0,0.0,1.0,0.0,,1.0,0.0,1.0,1.0,0.0,1.0,1.0,1.0,1.0,1.0,0.0,0.0,0.0,0.0,1.0,1.0,1.0,0.0,1.0,0.0,0.0,1.0,0.0,0.0,0.0,1.0,1.0,0.0,0.0,0.0,,,,1.0,0.0,0.0,1.0,0.0,,,1.0,1.0,,1.0,1.0,1.0,1.0,1.0,1.0,1.0,0.0,,0.0,0.0,0.0,0.0,1.0,1.0,0.0,1.0,0.0,1.0,1.0,1.0,1.0,0.0,0.0,0.0,,1.0,1.0,1.0,0.0,0.0,0.0,1.0,1.0,1.0,0.0,1.0,0.0,0.0,1.0,0.0,1.0,1.0,0.0,,1.0,0.0,0.0,0.0,0.0,1.0,1.0,1.0,1.0,0.0,1.0,0.0,1.0,0.0,1.0,1.0,0.0,0.0,1.0,1.0,,1.0,1.0,1.0,1.0,0.0,0.0,,0.0,1.0,0.0,0.0,0.0,0.0,0.0,1.0,1.0,0.0,1.0,1.0,0.0,0.0,0.0,0.0,1.0,,1.0,1.0,0.0,0.0,,0.0,0.0,0.0,0.0,0.0,1.0,0.0,0.0,1.0,,0.0,1.0,,0.0,0.0,1.0,1.0,0.0,1.0,0.0,0.0,1.0,0.0,0.0,0.0,0.0,,0.0,1.0,0.0,0.0,1.0,1.0,1.0,,0.0,1.0,1.0,1.0,0.0,0.0,0.0,0.0,0.0,1.0,0.0,0.0,0.0,,0.0,1.0,0.0,0.0,1.0,1.0,1.0,1.0,0.0,0.0,1.0,0.0,1.0,0.0,0.0,0.0,0.0,0.0,0.0,1.0,0.0,1.0,,,0.0,1.0,0.0,1.0,1.0,0.0,0.0,0.0,0.0,0.0,0.0,0.0,0.0,1.0,1.0,0.0,1.0,0.0,1.0,0.0,0.0,1.0,1.0,1.0,1.0,1.0,0.0,0.0,1.0,0.0,0.0,0.0,,,1.0,,1.0,,0.0,0.0,1.0,1.0,0.0,0.0,1.0,1.0,0.0,0.0,1.0,,0.0,0.0,1.0,1.0,0.0,1.0,0.0,,,1.0,,1.0,0.0,0.0,1.0,0.0,0.0,0.0,0.0,0.0,0.0,1.0,0.0,0.0
Glauber Braga,1.0,1.0,1.0,1.0,1.0,1.0,1.0,,,1.0,,,1.0,0.0,1.0,1.0,,0.0,1.0,1.0,1.0,0.0,1.0,1.0,,1.0,1.0,0.0,1.0,0.0,,,,,1.0,,,1.0,,1.0,1.0,1.0,0.0,0.0,,0.0,0.0,0.0,,,,,0.0,1.0,1.0,0.0,0.0,,,1.0,0.0,0.0,0.0,,,0.0,,1.0,0.0,0.0,,,,,,,,1.0,,1.0,,0.0,0.0,0.0,1.0,,1.0,1.0,1.0,0.0,0.0,0.0,0.0,1.0,1.0,1.0,1.0,1.0,0.0,0.0,0.0,1.0,0.0,1.0,1.0,0.0,1.0,0.0,1.0,1.0,1.0,0.0,0.0,0.0,0.0,0.0,1.0,0.0,1.0,1.0,0.0,1.0,,0.0,1.0,0.0,0.0,0.0,0.0,1.0,0.0,1.0,1.0,1.0,1.0,0.0,0.0,0.0,1.0,0.0,0.0,0.0,,1.0,0.0,1.0,0.0,0.0,0.0,,,,,,,,0.0,,0.0,,,,,,,,1.0,,1.0,1.0,1.0,0.0,,,,,,,0.0,0.0,0.0,0.0,0.0,0.0,0.0,0.0,0.0,0.0,0.0,0.0,1.0,0.0,1.0,0.0,,1.0,1.0,1.0,,0.0,1.0,1.0,,,1.0,1.0,1.0,1.0,0.0,1.0,1.0,1.0,0.0,1.0,1.0,1.0,0.0,1.0,1.0,0.0,0.0,0.0,0.0,1.0,0.0,0.0,0.0,0.0,0.0,1.0,1.0,1.0,1.0,0.0,,0.0,1.0,0.0,1.0,1.0,0.0,1.0,1.0,1.0,0.0,0.0,1.0,1.0,1.0,1.0,1.0,0.0,0.0,1.0,1.0,0.0,1.0,,,0.0,0.0,0.0,0.0,0.0,0.0,0.0,0.0,1.0,0.0,1.0,0.0,1.0,1.0,1.0,1.0,,0.0,1.0,0.0,1.0,0.0,0.0,,0.0,,,,,,,0.0,,,1.0,0.0,0.0,0.0,0.0,0.0,1.0,0.0,1.0,1.0,1.0,1.0,1.0,1.0,0.0,0.0,1.0,1.0,1.0,0.0,0.0,0.0,0.0,1.0,0.0,1.0,0.0,1.0,0.0,0.0,1.0,1.0,0.0,0.0,0.0,0.0,0.0,0.0,0.0,1.0,1.0,1.0,1.0,0.0,1.0,1.0,1.0,1.0,1.0,1.0,0.0,0.0,0.0,0.0,1.0,1.0,0.0,1.0,1.0,0.0,1.0,0.0,1.0,,0.0,1.0,0.0,1.0,0.0,0.0,0.0,1.0,0.0,0.0,0.0,1.0,0.0,,,0.0,1.0,0.0,1.0,1.0,1.0,1.0,0.0,1.0,1.0,1.0,1.0,1.0,0.0,1.0,1.0,1.0,1.0,1.0,1.0,1.0,1.0,1.0,0.0,,,,,,,1.0,1.0,,1.0,0.0,1.0,0.0,0.0,0.0,,,,,,,1.0,1.0,0.0,,,,,,,,,0.0,0.0,1.0,1.0,0.0,1.0,0.0,0.0,1.0,,,,,,,,,,,,1.0,0.0,0.0,1.0,1.0,1.0,0.0,0.0,0.0,0.0,1.0,0.0,1.0,1.0,1.0,1.0,1.0,0.0,0.0,0.0,1.0,1.0,0.0,1.0,1.0,0.0,1.0,1.0,,1.0,1.0,0.0,1.0,1.0,1.0,0.0,0.0,1.0,0.0,1.0,0.0,0.0,0.0,0.0,1.0,1.0,1.0,0.0,1.0,0.0,0.0,0.0,0.0,0.0,1.0,0.0,1.0
Glaustin da Fokus,,,1.0,1.0,1.0,1.0,1.0,1.0,0.0,1.0,,,,,,,,,,,,,,1.0,0.0,0.0,1.0,0.0,,1.0,0.0,1.0,,0.0,0.0,0.0,1.0,1.0,0.0,,,0.0,0.0,1.0,0.0,1.0,,1.0,1.0,0.0,0.0,1.0,1.0,1.0,1.0,0.0,0.0,1.0,,1.0,1.0,1.0,1.0,0.0,,1.0,0.0,1.0,0.0,0.0,0.0,,0.0,1.0,0.0,1.0,1.0,,1.0,1.0,1.0,,1.0,0.0,0.0,,1.0,1.0,,1.0,1.0,1.0,,,0.0,1.0,1.0,1.0,0.0,,,0.0,1.0,,0.0,0.0,,1.0,1.0,0.0,0.0,1.0,1.0,1.0,1.0,1.0,0.0,0.0,0.0,0.0,1.0,0.0,0.0,0.0,0.0,1.0,0.0,0.0,0.0,0.0,1.0,0.0,0.0,0.0,0.0,1.0,1.0,1.0,1.0,0.0,0.0,0.0,1.0,0.0,0.0,1.0,0.0,1.0,,0.0,0.0,,1.0,0.0,0.0,,,,,1.0,,,,,,,0.0,0.0,1.0,,1.0,0.0,0.0,1.0,0.0,0.0,1.0,1.0,1.0,1.0,1.0,1.0,1.0,1.0,1.0,1.0,1.0,1.0,1.0,1.0,0.0,1.0,0.0,1.0,0.0,0.0,0.0,0.0,1.0,,0.0,1.0,0.0,,0.0,0.0,0.0,0.0,1.0,0.0,0.0,0.0,1.0,1.0,0.0,0.0,1.0,0.0,0.0,1.0,1.0,1.0,1.0,0.0,1.0,1.0,1.0,1.0,1.0,0.0,0.0,0.0,0.0,1.0,1.0,1.0,0.0,1.0,0.0,0.0,1.0,0.0,0.0,0.0,1.0,0.0,0.0,0.0,1.0,1.0,1.0,,1.0,0.0,1.0,0.0,0.0,1.0,0.0,1.0,1.0,1.0,1.0,1.0,1.0,1.0,1.0,0.0,1.0,0.0,1.0,1.0,0.0,0.0,0.0,0.0,0.0,0.0,0.0,1.0,0.0,0.0,1.0,1.0,0.0,0.0,0.0,0.0,1.0,1.0,1.0,0.0,0.0,1.0,1.0,1.0,0.0,0.0,1.0,0.0,1.0,0.0,0.0,1.0,1.0,0.0,0.0,1.0,0.0,0.0,0.0,0.0,1.0,1.0,1.0,1.0,0.0,1.0,0.0,1.0,0.0,1.0,1.0,0.0,1.0,1.0,1.0,1.0,1.0,1.0,1.0,1.0,0.0,0.0,0.0,0.0,1.0,0.0,0.0,0.0,0.0,0.0,1.0,1.0,1.0,0.0,0.0,1.0,1.0,0.0,1.0,1.0,1.0,1.0,1.0,0.0,0.0,1.0,0.0,1.0,0.0,0.0,0.0,1.0,1.0,0.0,1.0,1.0,0.0,1.0,,0.0,0.0,1.0,0.0,0.0,1.0,0.0,0.0,1.0,0.0,1.0,0.0,0.0,0.0,0.0,0.0,1.0,0.0,1.0,1.0,0.0,1.0,0.0,1.0,1.0,1.0,0.0,0.0,0.0,0.0,0.0,1.0,0.0,0.0,0.0,1.0,0.0,1.0,1.0,1.0,1.0,1.0,0.0,1.0,0.0,0.0,0.0,0.0,1.0,0.0,0.0,0.0,0.0,0.0,0.0,1.0,0.0,1.0,1.0,0.0,0.0,1.0,0.0,1.0,1.0,0.0,0.0,0.0,0.0,0.0,0.0,0.0,0.0,1.0,1.0,0.0,1.0,,0.0,0.0,1.0,1.0,0.0,1.0,1.0,1.0,0.0,0.0,1.0,0.0,0.0,0.0,0.0,0.0,1.0,1.0,1.0,0.0,0.0,0.0,0.0,0.0,1.0,0.0,1.0,,0.0,0.0,1.0,0.0,,0.0,1.0,1.0,0.0,1.0,0.0,,1.0,1.0,1.0,1.0,0.0,0.0,1.0,0.0,,,0.0,,0.0,,,0.0
Gleisi Hoffmann,,,1.0,1.0,1.0,1.0,1.0,1.0,1.0,1.0,,,1.0,,1.0,1.0,1.0,0.0,1.0,,1.0,0.0,,1.0,,,,0.0,,0.0,,,,,,,,1.0,1.0,1.0,,1.0,0.0,,,1.0,0.0,,,,,,0.0,,1.0,0.0,0.0,1.0,,,,,,,,0.0,,,,,,,,,,,,,,,,,,,,,1.0,1.0,1.0,1.0,,1.0,0.0,,,1.0,,,0.0,,0.0,1.0,0.0,1.0,1.0,1.0,,0.0,1.0,1.0,1.0,0.0,0.0,0.0,0.0,0.0,0.0,,1.0,1.0,0.0,1.0,1.0,0.0,,0.0,0.0,,,1.0,0.0,1.0,1.0,,1.0,0.0,0.0,0.0,1.0,,1.0,0.0,,,,,,,,,,,,,1.0,,,,,,,,,,,1.0,1.0,0.0,1.0,,1.0,0.0,,,,,0.0,,0.0,0.0,,,,,,,,,,0.0,1.0,0.0,1.0,0.0,1.0,,1.0,1.0,,1.0,0.0,1.0,,,1.0,,1.0,,0.0,1.0,1.0,1.0,0.0,1.0,1.0,,0.0,1.0,1.0,0.0,0.0,0.0,,1.0,0.0,,,0.0,0.0,1.0,,,1.0,0.0,0.0,0.0,1.0,0.0,1.0,1.0,0.0,1.0,1.0,1.0,,0.0,,1.0,,,1.0,0.0,0.0,1.0,1.0,0.0,1.0,,0.0,1.0,0.0,,,,,0.0,1.0,1.0,0.0,1.0,1.0,1.0,1.0,1.0,1.0,0.0,,,0.0,1.0,0.0,0.0,0.0,0.0,1.0,,,1.0,0.0,0.0,0.0,0.0,,1.0,0.0,0.0,0.0,,0.0,1.0,0.0,1.0,1.0,1.0,1.0,1.0,,,0.0,1.0,1.0,0.0,0.0,0.0,0.0,0.0,1.0,1.0,1.0,0.0,1.0,0.0,0.0,,1.0,0.0,0.0,1.0,,0.0,,0.0,1.0,,1.0,,,1.0,0.0,1.0,1.0,1.0,,,0.0,0.0,0.0,1.0,1.0,,1.0,1.0,1.0,1.0,,1.0,0.0,,1.0,0.0,1.0,0.0,0.0,0.0,1.0,,,,1.0,0.0,,,0.0,1.0,0.0,1.0,1.0,1.0,,0.0,,1.0,1.0,,,0.0,1.0,0.0,1.0,1.0,1.0,1.0,1.0,0.0,0.0,0.0,,,,,,,,1.0,,,0.0,1.0,0.0,0.0,,,0.0,,,,1.0,1.0,,0.0,,,,,,,,,0.0,,,1.0,0.0,,0.0,0.0,1.0,,,,,,,,,,,,,0.0,0.0,1.0,1.0,1.0,,0.0,0.0,,1.0,1.0,1.0,1.0,0.0,0.0,0.0,0.0,0.0,0.0,1.0,1.0,0.0,1.0,1.0,0.0,0.0,1.0,1.0,1.0,1.0,1.0,0.0,0.0,1.0,0.0,1.0,0.0,1.0,1.0,0.0,1.0,0.0,0.0,1.0,,1.0,0.0,1.0,0.0,0.0,0.0,0.0,0.0,1.0,0.0,1.0
Gonzaga Patriota,1.0,,1.0,1.0,1.0,1.0,1.0,1.0,1.0,,1.0,1.0,1.0,1.0,0.0,1.0,,1.0,,0.0,1.0,,0.0,1.0,,,1.0,0.0,1.0,,,,,,,,,,,,,,0.0,0.0,,1.0,0.0,1.0,1.0,0.0,0.0,1.0,,1.0,1.0,0.0,0.0,1.0,0.0,1.0,,,,,,,,,,0.0,,,,1.0,,1.0,,,,1.0,1.0,1.0,1.0,,,,1.0,1.0,1.0,1.0,1.0,1.0,0.0,1.0,1.0,1.0,,,0.0,0.0,0.0,1.0,0.0,1.0,1.0,1.0,0.0,0.0,1.0,1.0,1.0,0.0,0.0,1.0,0.0,0.0,1.0,0.0,0.0,0.0,1.0,0.0,1.0,0.0,1.0,0.0,0.0,,1.0,1.0,,1.0,,1.0,,0.0,,,1.0,,0.0,0.0,1.0,1.0,0.0,1.0,0.0,1.0,0.0,,,1.0,,0.0,,0.0,1.0,,0.0,0.0,1.0,0.0,,0.0,0.0,0.0,1.0,,1.0,1.0,1.0,0.0,,,,,,,,,0.0,0.0,0.0,0.0,0.0,0.0,0.0,0.0,0.0,0.0,1.0,0.0,1.0,,,0.0,,1.0,1.0,,0.0,1.0,,,,1.0,1.0,,0.0,1.0,1.0,,0.0,1.0,1.0,,1.0,1.0,1.0,0.0,0.0,0.0,0.0,1.0,0.0,0.0,0.0,0.0,0.0,1.0,1.0,,,0.0,1.0,0.0,,0.0,1.0,,,,1.0,1.0,1.0,0.0,1.0,1.0,,1.0,1.0,,,1.0,1.0,0.0,1.0,,,,,,,,0.0,0.0,,0.0,1.0,1.0,0.0,1.0,,1.0,1.0,0.0,0.0,1.0,0.0,1.0,0.0,,0.0,0.0,0.0,0.0,0.0,,1.0,1.0,1.0,0.0,0.0,1.0,0.0,0.0,0.0,1.0,0.0,,0.0,0.0,0.0,1.0,1.0,,0.0,1.0,0.0,,,0.0,0.0,0.0,0.0,0.0,1.0,1.0,1.0,0.0,1.0,1.0,1.0,,1.0,0.0,0.0,,1.0,1.0,1.0,0.0,0.0,0.0,,1.0,0.0,1.0,,,,,1.0,1.0,0.0,,0.0,1.0,1.0,,1.0,1.0,,1.0,0.0,1.0,0.0,0.0,1.0,0.0,1.0,1.0,0.0,1.0,,0.0,0.0,1.0,1.0,0.0,0.0,0.0,0.0,1.0,0.0,1.0,0.0,1.0,1.0,0.0,,,,1.0,,0.0,1.0,,1.0,,1.0,1.0,1.0,0.0,0.0,0.0,,,,,,,1.0,1.0,,1.0,1.0,1.0,1.0,1.0,0.0,0.0,,,,0.0,1.0,1.0,1.0,0.0,,,,,,,,,0.0,0.0,,,0.0,1.0,0.0,0.0,1.0,,,,,,,,,,,,1.0,0.0,0.0,1.0,1.0,,0.0,0.0,0.0,0.0,1.0,1.0,1.0,1.0,1.0,,1.0,0.0,0.0,0.0,1.0,1.0,0.0,1.0,1.0,0.0,1.0,1.0,1.0,1.0,1.0,0.0,,0.0,1.0,0.0,1.0,,1.0,,0.0,1.0,0.0,,1.0,1.0,,0.0,1.0,0.0,,0.0,0.0,0.0,1.0,,1.0
Gorete Pereira,,,,,,,,,,,,,,,,,,,,,,,,,,,,,,,,,,,,,,,,,,,,,,,,,,,,,,,,,,,,,,,,,,,,,,,,,,,,,,,,,,,,,,,,,,,,,,,,,,,,,,,,,,,,,,,,,,,,,,,,,,,,,,,,,,,,,,,,,,,,,,,,,,,,,,,,,,,,,,,,,,,,,,,0.0,,,,,,,,,,,,,,,,,,,,,,,,,,,,,,,,,,,,,,,,,,,,,,,,,,,,,,,,,,,,,,,,,,,,,,,,,,,,,,,,,,,,,,,,,,,,,,,,,,,,,,,,,,,,,,,,,,,,,,,,,,,,,,,,,,,,,,,,,,,,,,,,,,,,,,,,,,,,,,,,,,,,,,,,,,,,,,,,,,,,,,,,,,,,,,,,,,,,,,,,,,,,,,,,,,,,,,,,,,,,,,,,,,,,,,,,,,,,,,,,,,,,,,,,,,,,,,,,,,,,,,,,,,,,,,,,,,,,,,,,,,,,,,,,,,,,,,,,,,,,,,,,,,,,,,,,,,,0.0,,,,,,,0.0,,,,1.0,,,,,,,,,,,,
Greyce Elias,,,1.0,0.0,1.0,1.0,0.0,1.0,,1.0,,1.0,1.0,0.0,,0.0,,,0.0,0.0,,0.0,0.0,,0.0,,,,,,0.0,1.0,,0.0,0.0,0.0,1.0,0.0,,1.0,0.0,0.0,0.0,,,1.0,0.0,1.0,1.0,0.0,0.0,1.0,0.0,1.0,1.0,,0.0,1.0,,1.0,1.0,1.0,,0.0,0.0,1.0,0.0,1.0,0.0,,0.0,0.0,0.0,1.0,0.0,1.0,1.0,0.0,1.0,1.0,1.0,,,,1.0,,1.0,1.0,1.0,1.0,,1.0,1.0,0.0,0.0,0.0,1.0,1.0,0.0,,,0.0,1.0,1.0,1.0,1.0,0.0,0.0,1.0,1.0,1.0,0.0,0.0,1.0,1.0,1.0,0.0,0.0,0.0,0.0,,,0.0,0.0,,1.0,1.0,1.0,0.0,0.0,1.0,0.0,0.0,0.0,0.0,1.0,1.0,1.0,1.0,0.0,0.0,0.0,1.0,0.0,1.0,1.0,0.0,,,,,,,,,,,,,,,,,,,,0.0,0.0,1.0,1.0,1.0,0.0,0.0,1.0,0.0,,1.0,1.0,1.0,1.0,1.0,,1.0,1.0,1.0,1.0,1.0,1.0,1.0,,0.0,0.0,0.0,1.0,,0.0,0.0,,,,0.0,1.0,0.0,,0.0,0.0,0.0,0.0,1.0,0.0,0.0,0.0,1.0,1.0,0.0,,1.0,0.0,0.0,1.0,1.0,1.0,1.0,0.0,1.0,1.0,,,,0.0,,,0.0,1.0,1.0,1.0,0.0,1.0,0.0,0.0,1.0,0.0,0.0,0.0,,1.0,0.0,0.0,0.0,1.0,,1.0,1.0,0.0,0.0,1.0,0.0,1.0,,1.0,1.0,,1.0,1.0,1.0,1.0,1.0,0.0,1.0,0.0,1.0,0.0,,0.0,0.0,1.0,0.0,0.0,,,,,,,,,,,,,,,,,1.0,,,,1.0,,,0.0,0.0,0.0,1.0,0.0,0.0,1.0,0.0,0.0,0.0,0.0,1.0,1.0,1.0,1.0,,1.0,0.0,1.0,0.0,1.0,1.0,0.0,,1.0,1.0,1.0,1.0,,1.0,1.0,,,0.0,0.0,1.0,0.0,0.0,0.0,0.0,,1.0,1.0,0.0,1.0,1.0,0.0,,1.0,1.0,0.0,1.0,1.0,1.0,0.0,,,0.0,1.0,0.0,0.0,,1.0,0.0,0.0,1.0,1.0,0.0,1.0,1.0,0.0,0.0,1.0,1.0,,1.0,0.0,,,0.0,0.0,,0.0,0.0,0.0,1.0,0.0,1.0,1.0,1.0,1.0,,0.0,1.0,1.0,1.0,0.0,0.0,0.0,0.0,0.0,1.0,0.0,,0.0,1.0,0.0,1.0,1.0,1.0,1.0,,0.0,,0.0,0.0,,,1.0,0.0,0.0,0.0,0.0,0.0,0.0,1.0,0.0,1.0,,0.0,0.0,,0.0,1.0,1.0,0.0,,0.0,0.0,0.0,0.0,0.0,0.0,1.0,,,1.0,0.0,,,,1.0,0.0,1.0,1.0,,,0.0,1.0,0.0,0.0,0.0,0.0,0.0,1.0,,1.0,0.0,0.0,0.0,,0.0,1.0,0.0,1.0,,0.0,0.0,1.0,0.0,0.0,0.0,1.0,1.0,0.0,1.0,0.0,,1.0,1.0,1.0,1.0,0.0,,,,,,,,,,,0.0
Guiga Peixoto,0.0,0.0,1.0,0.0,1.0,1.0,0.0,1.0,0.0,1.0,0.0,1.0,0.0,1.0,0.0,0.0,0.0,0.0,0.0,1.0,1.0,0.0,0.0,0.0,0.0,0.0,1.0,0.0,1.0,1.0,0.0,1.0,0.0,0.0,0.0,0.0,1.0,0.0,0.0,0.0,0.0,0.0,0.0,1.0,0.0,1.0,0.0,1.0,1.0,0.0,0.0,1.0,1.0,0.0,1.0,0.0,1.0,1.0,,0.0,1.0,1.0,1.0,0.0,0.0,1.0,0.0,0.0,0.0,0.0,0.0,1.0,0.0,0.0,1.0,1.0,1.0,0.0,1.0,1.0,1.0,1.0,1.0,0.0,0.0,,0.0,0.0,1.0,1.0,1.0,1.0,1.0,0.0,0.0,0.0,1.0,1.0,0.0,1.0,1.0,0.0,1.0,0.0,0.0,0.0,0.0,1.0,0.0,0.0,0.0,1.0,1.0,1.0,1.0,1.0,0.0,0.0,0.0,0.0,1.0,0.0,0.0,0.0,0.0,1.0,0.0,0.0,0.0,0.0,1.0,0.0,0.0,0.0,0.0,1.0,1.0,1.0,0.0,0.0,0.0,0.0,1.0,0.0,1.0,1.0,0.0,1.0,1.0,0.0,0.0,1.0,1.0,0.0,0.0,0.0,1.0,0.0,1.0,1.0,0.0,0.0,1.0,1.0,1.0,0.0,0.0,0.0,1.0,1.0,1.0,1.0,0.0,1.0,0.0,0.0,1.0,1.0,1.0,1.0,1.0,1.0,1.0,1.0,1.0,1.0,1.0,1.0,1.0,1.0,0.0,1.0,0.0,1.0,0.0,0.0,0.0,0.0,1.0,0.0,0.0,1.0,0.0,,0.0,0.0,0.0,0.0,1.0,0.0,0.0,0.0,1.0,0.0,0.0,0.0,1.0,0.0,0.0,1.0,0.0,1.0,1.0,0.0,1.0,1.0,1.0,1.0,1.0,0.0,0.0,0.0,0.0,1.0,1.0,1.0,0.0,1.0,0.0,0.0,1.0,0.0,0.0,0.0,0.0,1.0,0.0,0.0,,1.0,1.0,,0.0,0.0,0.0,0.0,0.0,0.0,,1.0,1.0,1.0,1.0,1.0,1.0,0.0,1.0,0.0,1.0,0.0,1.0,1.0,0.0,0.0,0.0,1.0,0.0,0.0,1.0,0.0,1.0,1.0,1.0,1.0,0.0,0.0,0.0,0.0,1.0,1.0,1.0,0.0,,0.0,1.0,,1.0,0.0,,0.0,,0.0,0.0,0.0,1.0,0.0,0.0,1.0,0.0,0.0,0.0,0.0,1.0,1.0,1.0,1.0,0.0,1.0,0.0,1.0,0.0,1.0,1.0,0.0,1.0,1.0,1.0,,1.0,1.0,1.0,1.0,,,0.0,0.0,0.0,0.0,0.0,0.0,0.0,0.0,,1.0,0.0,1.0,1.0,0.0,0.0,0.0,0.0,1.0,1.0,0.0,1.0,0.0,,,0.0,1.0,0.0,0.0,0.0,1.0,0.0,0.0,1.0,1.0,0.0,1.0,1.0,0.0,1.0,1.0,1.0,0.0,1.0,1.0,1.0,0.0,0.0,0.0,0.0,0.0,0.0,0.0,0.0,0.0,1.0,1.0,1.0,0.0,1.0,,0.0,1.0,1.0,0.0,0.0,0.0,0.0,0.0,1.0,0.0,0.0,0.0,1.0,0.0,1.0,1.0,1.0,1.0,1.0,0.0,0.0,0.0,0.0,0.0,0.0,1.0,0.0,0.0,0.0,0.0,0.0,0.0,1.0,0.0,1.0,1.0,0.0,0.0,1.0,,,,,0.0,0.0,0.0,0.0,0.0,0.0,0.0,1.0,1.0,,1.0,0.0,1.0,0.0,0.0,1.0,0.0,1.0,1.0,1.0,1.0,0.0,1.0,0.0,0.0,0.0,0.0,,1.0,1.0,1.0,,0.0,1.0,0.0,0.0,1.0,0.0,0.0,0.0,0.0,0.0,1.0,0.0,0.0,0.0,1.0,0.0,0.0,1.0,0.0,,1.0,1.0,1.0,1.0,,0.0,1.0,0.0,0.0,0.0,0.0,0.0,,1.0,1.0,0.0
Guilherme Derrite,,,1.0,0.0,1.0,1.0,0.0,,,,,,,,,,,,,,,,,,,,,,,,,,,,,,,,,,,,,,,,,,,,,,,,,,,,,,,,,,,,,,,,,,,,,,,,,,,,,,,,1.0,1.0,,,,,,,,,,,,,,0.0,1.0,,,,,,,,,,,1.0,1.0,1.0,0.0,0.0,0.0,0.0,1.0,0.0,0.0,0.0,0.0,1.0,1.0,0.0,0.0,0.0,1.0,0.0,0.0,0.0,0.0,1.0,1.0,1.0,0.0,0.0,0.0,0.0,,,,,,,,,,,,,,,,,,,,,,,,,0.0,0.0,1.0,,,0.0,0.0,1.0,0.0,,1.0,1.0,1.0,1.0,1.0,1.0,1.0,1.0,1.0,1.0,1.0,1.0,1.0,1.0,0.0,1.0,0.0,1.0,0.0,0.0,0.0,0.0,,,0.0,1.0,,,0.0,0.0,0.0,1.0,1.0,0.0,0.0,0.0,1.0,1.0,0.0,0.0,1.0,0.0,0.0,1.0,1.0,1.0,1.0,0.0,1.0,1.0,1.0,1.0,1.0,0.0,0.0,0.0,0.0,1.0,1.0,1.0,0.0,1.0,0.0,0.0,1.0,0.0,0.0,0.0,1.0,1.0,0.0,0.0,0.0,0.0,1.0,1.0,1.0,0.0,0.0,0.0,0.0,0.0,,1.0,1.0,1.0,1.0,1.0,1.0,1.0,1.0,0.0,1.0,0.0,1.0,0.0,0.0,0.0,0.0,1.0,0.0,0.0,1.0,0.0,1.0,1.0,1.0,1.0,0.0,0.0,0.0,0.0,1.0,1.0,1.0,0.0,0.0,,1.0,1.0,1.0,0.0,1.0,0.0,1.0,,0.0,0.0,1.0,0.0,0.0,1.0,0.0,0.0,0.0,0.0,1.0,1.0,1.0,1.0,0.0,1.0,0.0,1.0,0.0,1.0,1.0,0.0,1.0,1.0,1.0,1.0,1.0,1.0,1.0,1.0,0.0,0.0,0.0,0.0,1.0,0.0,0.0,0.0,0.0,0.0,1.0,1.0,0.0,1.0,1.0,0.0,0.0,0.0,0.0,1.0,1.0,0.0,1.0,0.0,0.0,1.0,0.0,1.0,0.0,0.0,0.0,1.0,0.0,0.0,1.0,1.0,0.0,1.0,1.0,,0.0,1.0,1.0,0.0,1.0,0.0,0.0,1.0,0.0,0.0,0.0,0.0,0.0,0.0,1.0,0.0,0.0,1.0,1.0,1.0,,0.0,1.0,1.0,1.0,0.0,0.0,0.0,0.0,0.0,1.0,0.0,0.0,0.0,,0.0,1.0,1.0,1.0,1.0,1.0,0.0,1.0,0.0,0.0,0.0,0.0,1.0,0.0,0.0,0.0,0.0,0.0,0.0,1.0,0.0,1.0,,,0.0,1.0,,1.0,,0.0,0.0,0.0,0.0,0.0,,0.0,0.0,,1.0,0.0,1.0,,1.0,,0.0,0.0,0.0,1.0,1.0,1.0,,0.0,1.0,0.0,0.0,0.0,0.0,0.0,,,,0.0,0.0,,0.0,0.0,1.0,0.0,0.0,0.0,0.0,0.0,1.0,0.0,0.0,0.0,1.0,1.0,0.0,1.0,0.0,0.0,1.0,1.0,1.0,1.0,0.0,0.0,1.0,0.0,,,,,,,,0.0
Guilherme Mussi,,0.0,1.0,,1.0,1.0,1.0,,,,0.0,,0.0,1.0,0.0,1.0,0.0,0.0,0.0,0.0,1.0,,,1.0,,,,,,,,,,,,,,,,,,0.0,0.0,1.0,,1.0,,1.0,,,,,0.0,1.0,1.0,0.0,,1.0,,1.0,1.0,1.0,,,,,1.0,,0.0,0.0,0.0,,0.0,1.0,,1.0,,,,1.0,1.0,,,,,,1.0,1.0,1.0,1.0,,1.0,1.0,0.0,,1.0,,,0.0,,,0.0,1.0,1.0,1.0,1.0,0.0,,1.0,1.0,1.0,,0.0,1.0,1.0,1.0,0.0,0.0,0.0,0.0,1.0,0.0,0.0,0.0,0.0,,,,,,1.0,0.0,0.0,,,,1.0,1.0,1.0,,1.0,1.0,,,,,,,,,,1.0,,0.0,,0.0,1.0,,,,,,,,,,0.0,,1.0,,1.0,,,,0.0,0.0,1.0,1.0,1.0,1.0,1.0,1.0,0.0,1.0,1.0,1.0,1.0,,1.0,,,1.0,0.0,1.0,,,0.0,0.0,,,,,0.0,,,0.0,,,,,0.0,,,1.0,,,,,0.0,1.0,,,,,,,,,,,0.0,,,,,,,,,,,,0.0,,,,0.0,0.0,0.0,,,1.0,1.0,,0.0,1.0,,,0.0,1.0,1.0,1.0,1.0,1.0,,1.0,1.0,,1.0,,,,0.0,,,1.0,,,1.0,,1.0,1.0,1.0,1.0,,0.0,0.0,0.0,,1.0,1.0,0.0,,,,,1.0,,,0.0,1.0,,1.0,,1.0,0.0,,,,,0.0,0.0,1.0,1.0,,1.0,,,0.0,,0.0,1.0,,0.0,1.0,,1.0,,,,,,0.0,0.0,,,,0.0,,,0.0,0.0,,1.0,1.0,1.0,1.0,,,,,,,0.0,1.0,0.0,,1.0,0.0,,0.0,,0.0,1.0,0.0,0.0,1.0,1.0,0.0,0.0,1.0,,0.0,,1.0,0.0,,0.0,,0.0,0.0,0.0,0.0,,0.0,0.0,1.0,0.0,0.0,1.0,1.0,1.0,,0.0,1.0,,1.0,0.0,0.0,,0.0,0.0,1.0,0.0,,,,0.0,1.0,1.0,1.0,,1.0,,,0.0,,,0.0,1.0,0.0,0.0,0.0,,,,,,,,,,,,,,,,,,,,,,,,,,,,,0.0,,1.0,,,,,,1.0,0.0,,0.0,,,1.0,,1.0,0.0,0.0,0.0,,,,0.0,,0.0,,,1.0,,,0.0,1.0,1.0,0.0,1.0,,,1.0,1.0,1.0,1.0,0.0,,,,,,,,,,,0.0
Gurgel,0.0,0.0,1.0,,1.0,1.0,1.0,1.0,0.0,1.0,0.0,1.0,0.0,1.0,0.0,,,,,,1.0,0.0,,0.0,0.0,,,,,,0.0,1.0,0.0,0.0,0.0,0.0,1.0,0.0,0.0,0.0,0.0,0.0,0.0,1.0,0.0,1.0,0.0,1.0,,,,,1.0,0.0,0.0,1.0,1.0,,0.0,1.0,,,1.0,0.0,0.0,1.0,,0.0,0.0,0.0,0.0,,0.0,1.0,0.0,1.0,,,,1.0,1.0,1.0,1.0,0.0,0.0,,1.0,1.0,1.0,1.0,1.0,1.0,1.0,0.0,0.0,,1.0,1.0,0.0,0.0,0.0,0.0,1.0,0.0,0.0,0.0,0.0,1.0,0.0,0.0,0.0,1.0,1.0,1.0,1.0,1.0,0.0,0.0,0.0,0.0,1.0,0.0,0.0,0.0,0.0,1.0,0.0,0.0,0.0,0.0,1.0,0.0,0.0,0.0,0.0,1.0,1.0,1.0,1.0,0.0,0.0,0.0,1.0,0.0,0.0,1.0,0.0,1.0,1.0,,0.0,,1.0,0.0,0.0,0.0,1.0,0.0,1.0,1.0,0.0,0.0,1.0,0.0,1.0,0.0,0.0,,1.0,1.0,1.0,0.0,0.0,1.0,0.0,0.0,1.0,1.0,1.0,1.0,1.0,1.0,1.0,1.0,1.0,1.0,1.0,1.0,1.0,1.0,1.0,1.0,0.0,,,0.0,0.0,0.0,1.0,0.0,0.0,1.0,0.0,,0.0,0.0,0.0,0.0,1.0,0.0,0.0,0.0,1.0,1.0,0.0,0.0,,,,1.0,1.0,1.0,1.0,0.0,1.0,,1.0,1.0,1.0,0.0,0.0,0.0,0.0,1.0,1.0,1.0,0.0,1.0,0.0,0.0,1.0,0.0,0.0,1.0,1.0,1.0,0.0,,0.0,1.0,1.0,,0.0,0.0,0.0,0.0,0.0,0.0,,1.0,1.0,1.0,1.0,1.0,1.0,1.0,1.0,0.0,1.0,0.0,0.0,0.0,0.0,,0.0,1.0,0.0,0.0,1.0,0.0,1.0,1.0,1.0,1.0,0.0,0.0,0.0,0.0,1.0,1.0,1.0,0.0,0.0,0.0,1.0,1.0,1.0,0.0,1.0,0.0,1.0,1.0,0.0,1.0,1.0,,0.0,1.0,1.0,0.0,0.0,0.0,1.0,1.0,1.0,1.0,0.0,1.0,0.0,1.0,0.0,1.0,1.0,0.0,1.0,1.0,0.0,1.0,1.0,1.0,1.0,1.0,0.0,0.0,0.0,0.0,1.0,0.0,0.0,0.0,0.0,,1.0,1.0,0.0,1.0,1.0,0.0,0.0,0.0,0.0,1.0,1.0,1.0,1.0,,,1.0,,0.0,0.0,0.0,0.0,1.0,,,,,0.0,1.0,1.0,0.0,0.0,1.0,1.0,0.0,1.0,0.0,0.0,1.0,0.0,0.0,0.0,1.0,0.0,0.0,1.0,0.0,0.0,1.0,1.0,1.0,1.0,0.0,1.0,,1.0,0.0,0.0,0.0,0.0,0.0,1.0,0.0,0.0,0.0,1.0,0.0,1.0,1.0,1.0,1.0,1.0,0.0,1.0,0.0,0.0,1.0,1.0,1.0,0.0,0.0,0.0,0.0,0.0,0.0,1.0,0.0,1.0,,,0.0,1.0,0.0,1.0,,0.0,0.0,0.0,0.0,0.0,0.0,0.0,0.0,1.0,1.0,,1.0,0.0,1.0,,0.0,1.0,0.0,1.0,1.0,1.0,1.0,0.0,1.0,0.0,1.0,0.0,0.0,0.0,1.0,1.0,1.0,,0.0,0.0,0.0,0.0,1.0,0.0,1.0,1.0,0.0,0.0,1.0,0.0,0.0,0.0,1.0,1.0,0.0,1.0,0.0,0.0,1.0,1.0,,1.0,0.0,0.0,1.0,0.0,0.0,0.0,0.0,0.0,0.0,,,0.0
Gustavo Fruet,1.0,1.0,1.0,1.0,1.0,1.0,1.0,1.0,1.0,1.0,1.0,1.0,1.0,0.0,1.0,1.0,0.0,0.0,,0.0,,,0.0,1.0,,1.0,1.0,0.0,1.0,0.0,0.0,1.0,0.0,0.0,0.0,0.0,1.0,1.0,0.0,1.0,1.0,1.0,0.0,1.0,0.0,1.0,0.0,1.0,1.0,0.0,0.0,1.0,0.0,1.0,1.0,0.0,0.0,1.0,,1.0,0.0,0.0,,,,0.0,0.0,,0.0,0.0,0.0,0.0,0.0,1.0,0.0,1.0,,,,1.0,1.0,1.0,1.0,0.0,1.0,,1.0,1.0,1.0,,0.0,0.0,0.0,1.0,1.0,1.0,1.0,1.0,1.0,0.0,0.0,,,1.0,1.0,,0.0,0.0,1.0,1.0,1.0,0.0,0.0,0.0,0.0,,1.0,1.0,0.0,0.0,1.0,,0.0,1.0,,0.0,0.0,1.0,1.0,1.0,0.0,1.0,1.0,1.0,0.0,0.0,0.0,,1.0,0.0,0.0,0.0,1.0,0.0,0.0,1.0,0.0,1.0,,0.0,0.0,1.0,1.0,0.0,0.0,0.0,1.0,0.0,1.0,1.0,0.0,0.0,1.0,0.0,1.0,0.0,1.0,0.0,1.0,1.0,1.0,1.0,,,,,,,0.0,0.0,,0.0,0.0,,0.0,0.0,,1.0,,1.0,1.0,0.0,1.0,1.0,0.0,0.0,1.0,1.0,1.0,0.0,,1.0,0.0,,1.0,0.0,1.0,1.0,0.0,1.0,1.0,1.0,,1.0,1.0,0.0,1.0,1.0,1.0,1.0,0.0,,0.0,1.0,,0.0,0.0,0.0,0.0,1.0,1.0,1.0,,0.0,1.0,0.0,,,1.0,1.0,0.0,1.0,1.0,,0.0,0.0,1.0,1.0,1.0,1.0,1.0,1.0,0.0,1.0,1.0,0.0,1.0,1.0,0.0,1.0,1.0,1.0,1.0,1.0,0.0,0.0,,0.0,1.0,1.0,,1.0,1.0,0.0,0.0,0.0,1.0,,,,,,,,0.0,1.0,,1.0,,0.0,1.0,1.0,0.0,,0.0,0.0,,,0.0,1.0,0.0,1.0,1.0,1.0,1.0,0.0,0.0,1.0,0.0,0.0,0.0,0.0,1.0,1.0,1.0,1.0,0.0,1.0,1.0,1.0,1.0,1.0,1.0,1.0,1.0,0.0,0.0,1.0,1.0,1.0,1.0,0.0,,0.0,0.0,0.0,1.0,,0.0,1.0,0.0,1.0,1.0,1.0,0.0,0.0,0.0,,1.0,0.0,1.0,1.0,1.0,1.0,0.0,1.0,0.0,1.0,1.0,0.0,1.0,0.0,0.0,1.0,0.0,0.0,1.0,0.0,0.0,,,,1.0,1.0,0.0,1.0,1.0,1.0,1.0,0.0,0.0,1.0,1.0,1.0,1.0,0.0,1.0,1.0,1.0,1.0,1.0,1.0,1.0,0.0,1.0,,0.0,0.0,0.0,0.0,0.0,0.0,1.0,1.0,,1.0,0.0,,0.0,0.0,0.0,,,,,1.0,1.0,1.0,1.0,0.0,,,,,,,,,0.0,0.0,1.0,1.0,,1.0,0.0,0.0,1.0,,,,,,,,,,,1.0,1.0,0.0,0.0,1.0,1.0,1.0,0.0,,0.0,0.0,1.0,,1.0,1.0,1.0,1.0,,0.0,0.0,0.0,1.0,1.0,,,,,1.0,1.0,1.0,1.0,1.0,1.0,0.0,0.0,0.0,1.0,1.0,,1.0,1.0,,1.0,1.0,1.0,1.0,0.0,,0.0,0.0,0.0,0.0,0.0,0.0,0.0,1.0,0.0,1.0
Gustinho Ribeiro,0.0,,1.0,0.0,1.0,1.0,1.0,1.0,0.0,1.0,0.0,,0.0,1.0,0.0,1.0,0.0,1.0,0.0,0.0,1.0,0.0,0.0,1.0,,,,,,1.0,0.0,1.0,,0.0,0.0,0.0,1.0,1.0,0.0,0.0,0.0,0.0,0.0,1.0,0.0,1.0,0.0,1.0,1.0,0.0,0.0,1.0,0.0,1.0,1.0,0.0,,,0.0,1.0,1.0,1.0,,0.0,0.0,,1.0,1.0,0.0,0.0,0.0,0.0,0.0,1.0,0.0,1.0,,,,,1.0,,,,1.0,,1.0,1.0,1.0,,1.0,1.0,1.0,0.0,1.0,,,,,,,0.0,1.0,0.0,0.0,0.0,0.0,1.0,1.0,0.0,1.0,1.0,1.0,1.0,1.0,1.0,0.0,0.0,0.0,0.0,1.0,0.0,0.0,0.0,0.0,1.0,0.0,1.0,0.0,0.0,1.0,0.0,0.0,0.0,0.0,1.0,1.0,1.0,1.0,0.0,0.0,0.0,1.0,0.0,0.0,1.0,0.0,1.0,,0.0,0.0,1.0,1.0,0.0,0.0,0.0,1.0,,,,,,,,,,0.0,0.0,1.0,1.0,1.0,0.0,0.0,1.0,0.0,0.0,1.0,1.0,1.0,1.0,1.0,0.0,0.0,1.0,1.0,1.0,1.0,1.0,1.0,1.0,0.0,1.0,0.0,1.0,0.0,0.0,1.0,0.0,1.0,1.0,0.0,1.0,0.0,,0.0,0.0,0.0,0.0,1.0,0.0,0.0,0.0,1.0,1.0,0.0,0.0,1.0,0.0,0.0,1.0,1.0,1.0,1.0,0.0,1.0,1.0,1.0,1.0,1.0,0.0,0.0,0.0,0.0,1.0,1.0,1.0,0.0,1.0,0.0,1.0,0.0,0.0,0.0,1.0,1.0,1.0,1.0,1.0,1.0,1.0,1.0,1.0,0.0,0.0,0.0,1.0,0.0,1.0,,1.0,1.0,1.0,1.0,1.0,0.0,1.0,1.0,0.0,1.0,0.0,0.0,0.0,1.0,,0.0,1.0,0.0,0.0,1.0,0.0,1.0,1.0,1.0,1.0,0.0,0.0,0.0,0.0,1.0,1.0,1.0,1.0,0.0,0.0,1.0,1.0,1.0,0.0,1.0,1.0,1.0,1.0,1.0,1.0,1.0,0.0,,1.0,0.0,0.0,0.0,0.0,1.0,1.0,1.0,1.0,0.0,1.0,0.0,1.0,0.0,1.0,1.0,0.0,1.0,1.0,1.0,1.0,1.0,1.0,1.0,1.0,0.0,0.0,0.0,0.0,1.0,,0.0,0.0,0.0,0.0,1.0,1.0,0.0,1.0,1.0,0.0,0.0,0.0,0.0,1.0,1.0,1.0,1.0,0.0,0.0,1.0,,0.0,0.0,0.0,0.0,1.0,0.0,0.0,1.0,1.0,0.0,1.0,1.0,0.0,0.0,1.0,1.0,0.0,1.0,0.0,0.0,1.0,0.0,0.0,0.0,,,0.0,1.0,0.0,0.0,1.0,1.0,1.0,,0.0,1.0,1.0,1.0,0.0,0.0,0.0,0.0,0.0,1.0,0.0,0.0,0.0,1.0,0.0,1.0,1.0,1.0,1.0,1.0,0.0,1.0,0.0,0.0,0.0,0.0,1.0,0.0,0.0,0.0,0.0,0.0,0.0,1.0,0.0,1.0,1.0,0.0,0.0,1.0,0.0,1.0,1.0,0.0,0.0,0.0,,0.0,0.0,0.0,0.0,1.0,1.0,0.0,1.0,0.0,1.0,0.0,0.0,1.0,0.0,1.0,1.0,1.0,1.0,0.0,1.0,0.0,0.0,0.0,0.0,0.0,1.0,1.0,1.0,0.0,0.0,0.0,0.0,0.0,1.0,,1.0,0.0,0.0,0.0,1.0,0.0,0.0,0.0,1.0,1.0,0.0,1.0,0.0,0.0,1.0,1.0,1.0,1.0,0.0,0.0,1.0,0.0,,,0.0,0.0,0.0,1.0,,0.0
Gutemberg Reis,0.0,,,,1.0,1.0,1.0,1.0,0.0,1.0,0.0,1.0,0.0,0.0,0.0,0.0,1.0,0.0,1.0,0.0,,0.0,0.0,1.0,0.0,1.0,0.0,1.0,,1.0,0.0,1.0,0.0,0.0,0.0,0.0,1.0,1.0,0.0,,0.0,1.0,0.0,1.0,0.0,1.0,0.0,1.0,1.0,0.0,0.0,1.0,0.0,,1.0,0.0,0.0,1.0,,1.0,1.0,1.0,1.0,,,1.0,1.0,1.0,0.0,,0.0,,0.0,1.0,0.0,1.0,1.0,,1.0,1.0,1.0,1.0,1.0,0.0,0.0,,1.0,1.0,1.0,1.0,,1.0,1.0,0.0,1.0,1.0,1.0,1.0,0.0,0.0,0.0,1.0,1.0,1.0,1.0,1.0,0.0,0.0,1.0,1.0,1.0,0.0,0.0,1.0,1.0,1.0,,0.0,0.0,,1.0,,0.0,,0.0,1.0,,1.0,1.0,0.0,1.0,,,,0.0,1.0,1.0,1.0,1.0,,0.0,1.0,,,,,,,1.0,,0.0,1.0,1.0,0.0,0.0,,1.0,0.0,1.0,1.0,0.0,,1.0,0.0,1.0,0.0,0.0,0.0,1.0,1.0,1.0,0.0,0.0,1.0,0.0,0.0,1.0,1.0,1.0,1.0,1.0,1.0,0.0,1.0,1.0,1.0,1.0,1.0,1.0,1.0,0.0,,0.0,,,,0.0,0.0,1.0,1.0,0.0,1.0,0.0,,,0.0,0.0,0.0,1.0,0.0,0.0,0.0,,1.0,0.0,0.0,1.0,0.0,0.0,1.0,0.0,1.0,,,,,1.0,1.0,,0.0,,0.0,0.0,,1.0,1.0,0.0,1.0,0.0,0.0,1.0,0.0,,0.0,1.0,,0.0,,0.0,,1.0,,1.0,0.0,0.0,1.0,,,,1.0,,1.0,1.0,,1.0,1.0,1.0,1.0,1.0,0.0,1.0,0.0,,0.0,0.0,,1.0,0.0,1.0,1.0,1.0,1.0,1.0,1.0,0.0,,0.0,0.0,1.0,1.0,1.0,0.0,,0.0,,,,,1.0,,0.0,,0.0,1.0,1.0,,,1.0,,,0.0,,1.0,1.0,1.0,1.0,0.0,1.0,0.0,1.0,0.0,1.0,1.0,0.0,0.0,1.0,1.0,1.0,1.0,1.0,1.0,1.0,0.0,0.0,0.0,0.0,,0.0,0.0,0.0,0.0,,1.0,1.0,0.0,1.0,1.0,0.0,0.0,1.0,0.0,1.0,,1.0,,0.0,,,,,0.0,,,1.0,,0.0,,1.0,,1.0,1.0,0.0,0.0,1.0,1.0,0.0,1.0,,,1.0,0.0,0.0,,,,0.0,1.0,0.0,0.0,1.0,,1.0,1.0,0.0,1.0,,1.0,,0.0,,,0.0,1.0,0.0,,,,,,,,,,,,,,,,,,,,,,,,,,,,,,,,,,,,,,,,,,,,,,,,0.0,1.0,,1.0,1.0,1.0,,0.0,1.0,0.0,1.0,,,,1.0,,1.0,,0.0,,0.0,1.0,1.0,0.0,,,0.0,0.0,1.0,0.0,,,,1.0,,1.0,1.0,,,1.0,,1.0,,,,0.0,0.0,0.0,1.0,0.0,0.0,1.0,0.0,0.0
Haroldo Cathedral,,,1.0,1.0,,1.0,1.0,,,1.0,0.0,,1.0,0.0,,1.0,,1.0,,0.0,,0.0,0.0,0.0,,1.0,0.0,1.0,0.0,,0.0,1.0,0.0,,0.0,0.0,1.0,,0.0,0.0,0.0,0.0,0.0,1.0,0.0,,,,1.0,0.0,0.0,1.0,0.0,1.0,1.0,0.0,0.0,1.0,0.0,1.0,1.0,1.0,0.0,,,,0.0,,0.0,0.0,0.0,0.0,0.0,1.0,0.0,1.0,,,,1.0,1.0,,,,0.0,,1.0,1.0,1.0,1.0,,1.0,1.0,0.0,,1.0,1.0,1.0,0.0,,,0.0,1.0,1.0,1.0,1.0,0.0,0.0,1.0,1.0,1.0,0.0,0.0,1.0,1.0,1.0,0.0,0.0,0.0,0.0,1.0,0.0,0.0,0.0,0.0,1.0,0.0,0.0,0.0,0.0,1.0,0.0,0.0,0.0,0.0,1.0,1.0,1.0,1.0,,,0.0,,,,,,,,,,,,,,,,,,,,,,,,,0.0,0.0,1.0,,1.0,0.0,0.0,1.0,0.0,,1.0,1.0,1.0,1.0,1.0,1.0,0.0,1.0,1.0,,1.0,1.0,1.0,1.0,,1.0,0.0,1.0,0.0,0.0,,0.0,,,0.0,1.0,0.0,,0.0,0.0,,,1.0,0.0,0.0,0.0,1.0,1.0,0.0,0.0,1.0,0.0,0.0,1.0,1.0,1.0,1.0,0.0,1.0,1.0,1.0,1.0,1.0,0.0,,0.0,0.0,1.0,1.0,1.0,0.0,1.0,0.0,0.0,1.0,0.0,0.0,0.0,1.0,1.0,1.0,1.0,0.0,,1.0,1.0,1.0,0.0,0.0,0.0,0.0,1.0,,1.0,1.0,,1.0,1.0,1.0,1.0,1.0,1.0,1.0,0.0,1.0,0.0,0.0,0.0,0.0,1.0,0.0,0.0,1.0,0.0,1.0,,1.0,1.0,0.0,0.0,0.0,0.0,1.0,1.0,1.0,0.0,0.0,0.0,1.0,1.0,,,1.0,0.0,1.0,0.0,1.0,0.0,,0.0,,,,,,,,,,,0.0,1.0,,1.0,0.0,1.0,,0.0,,1.0,1.0,1.0,,,,1.0,0.0,0.0,0.0,,1.0,0.0,0.0,0.0,0.0,0.0,1.0,1.0,1.0,1.0,1.0,0.0,1.0,0.0,0.0,1.0,1.0,0.0,1.0,0.0,0.0,1.0,0.0,1.0,0.0,0.0,0.0,1.0,0.0,0.0,1.0,1.0,0.0,1.0,1.0,0.0,0.0,1.0,1.0,0.0,1.0,0.0,0.0,0.0,0.0,0.0,0.0,0.0,0.0,0.0,1.0,0.0,0.0,1.0,1.0,1.0,,0.0,1.0,1.0,1.0,0.0,0.0,0.0,0.0,0.0,1.0,0.0,0.0,0.0,1.0,0.0,1.0,1.0,1.0,,1.0,0.0,1.0,,0.0,0.0,0.0,1.0,,,,0.0,0.0,0.0,1.0,0.0,1.0,1.0,,0.0,1.0,0.0,,,0.0,0.0,0.0,0.0,0.0,,0.0,0.0,1.0,1.0,0.0,1.0,0.0,0.0,0.0,0.0,1.0,1.0,1.0,1.0,1.0,1.0,0.0,1.0,0.0,0.0,0.0,0.0,,1.0,1.0,1.0,0.0,0.0,0.0,0.0,1.0,1.0,0.0,1.0,0.0,0.0,0.0,1.0,,0.0,0.0,1.0,1.0,0.0,1.0,1.0,,1.0,1.0,1.0,1.0,,,1.0,0.0,,,,,,,,0.0
Heitor Freire,0.0,0.0,1.0,0.0,1.0,1.0,1.0,1.0,0.0,,0.0,1.0,1.0,0.0,1.0,1.0,0.0,0.0,0.0,0.0,1.0,,,0.0,,0.0,0.0,0.0,1.0,1.0,0.0,1.0,,,,,,,,,,,0.0,1.0,0.0,1.0,0.0,1.0,1.0,0.0,0.0,1.0,1.0,0.0,0.0,1.0,1.0,1.0,,1.0,,,1.0,0.0,0.0,1.0,,0.0,0.0,0.0,0.0,,0.0,1.0,0.0,1.0,1.0,0.0,1.0,1.0,1.0,1.0,1.0,0.0,0.0,,0.0,0.0,1.0,,1.0,1.0,1.0,0.0,0.0,1.0,1.0,1.0,1.0,0.0,0.0,0.0,1.0,1.0,1.0,1.0,0.0,0.0,1.0,1.0,1.0,0.0,0.0,1.0,1.0,1.0,0.0,0.0,0.0,0.0,1.0,0.0,0.0,0.0,,1.0,0.0,,,,1.0,0.0,0.0,,0.0,1.0,1.0,1.0,0.0,,,,,,,,,,1.0,0.0,0.0,,,,0.0,,1.0,,0.0,1.0,0.0,1.0,1.0,0.0,1.0,0.0,,,1.0,1.0,1.0,1.0,0.0,,0.0,,1.0,,,,,1.0,1.0,,,,,,,1.0,1.0,0.0,0.0,1.0,0.0,,,,1.0,0.0,0.0,1.0,0.0,,0.0,0.0,1.0,,0.0,,,,,1.0,0.0,0.0,1.0,0.0,0.0,1.0,1.0,,,,1.0,1.0,1.0,1.0,1.0,,,,,,1.0,1.0,0.0,1.0,0.0,,,0.0,0.0,,,,0.0,,,,1.0,,0.0,,,,0.0,0.0,0.0,1.0,,1.0,,1.0,1.0,1.0,,0.0,1.0,0.0,0.0,0.0,0.0,,0.0,,,0.0,1.0,0.0,1.0,1.0,1.0,1.0,0.0,0.0,0.0,0.0,1.0,1.0,1.0,0.0,0.0,,1.0,1.0,1.0,0.0,1.0,0.0,1.0,1.0,0.0,1.0,1.0,0.0,,1.0,1.0,0.0,0.0,,1.0,1.0,1.0,1.0,0.0,1.0,0.0,1.0,0.0,1.0,1.0,0.0,1.0,,,1.0,1.0,1.0,,1.0,0.0,0.0,0.0,0.0,1.0,0.0,0.0,0.0,0.0,0.0,,1.0,0.0,1.0,1.0,0.0,1.0,,0.0,1.0,,1.0,1.0,0.0,0.0,1.0,0.0,0.0,0.0,0.0,0.0,1.0,0.0,0.0,1.0,1.0,0.0,,1.0,0.0,0.0,,1.0,0.0,1.0,0.0,0.0,1.0,0.0,0.0,0.0,1.0,0.0,0.0,1.0,,,,,1.0,1.0,0.0,1.0,1.0,1.0,0.0,0.0,0.0,0.0,0.0,1.0,0.0,,0.0,1.0,0.0,1.0,1.0,1.0,1.0,1.0,,,0.0,0.0,1.0,1.0,1.0,0.0,0.0,0.0,0.0,0.0,0.0,1.0,,1.0,,,0.0,,0.0,,,0.0,0.0,0.0,,0.0,,0.0,0.0,1.0,,0.0,1.0,0.0,1.0,0.0,0.0,1.0,0.0,1.0,1.0,1.0,,0.0,1.0,,1.0,,0.0,0.0,1.0,1.0,1.0,,,,0.0,0.0,1.0,0.0,,1.0,1.0,0.0,1.0,0.0,0.0,0.0,1.0,,0.0,1.0,,0.0,1.0,1.0,1.0,1.0,0.0,0.0,1.0,0.0,,0.0,0.0,0.0,0.0,1.0,0.0,0.0
Heitor Schuch,,1.0,1.0,1.0,1.0,1.0,1.0,,,1.0,1.0,1.0,0.0,0.0,,,1.0,1.0,1.0,0.0,,,0.0,0.0,,,1.0,0.0,1.0,0.0,0.0,0.0,,0.0,,0.0,0.0,1.0,,1.0,1.0,,,,,,,,1.0,,,,,1.0,1.0,0.0,,1.0,,,1.0,1.0,,,0.0,,1.0,1.0,,,0.0,0.0,,1.0,,1.0,1.0,,,1.0,1.0,1.0,1.0,0.0,1.0,,1.0,1.0,1.0,1.0,,,1.0,0.0,1.0,0.0,1.0,1.0,0.0,0.0,0.0,1.0,0.0,1.0,1.0,1.0,0.0,0.0,1.0,1.0,1.0,0.0,0.0,1.0,0.0,0.0,1.0,0.0,0.0,0.0,1.0,,1.0,0.0,1.0,0.0,0.0,1.0,1.0,,0.0,1.0,1.0,1.0,,0.0,,0.0,1.0,,0.0,0.0,1.0,1.0,0.0,1.0,0.0,1.0,0.0,,,,1.0,0.0,0.0,0.0,1.0,,0.0,0.0,,0.0,0.0,0.0,0.0,0.0,0.0,,1.0,,1.0,0.0,1.0,,,,,,0.0,0.0,0.0,0.0,0.0,0.0,0.0,0.0,,0.0,0.0,,1.0,0.0,1.0,1.0,0.0,,1.0,1.0,1.0,0.0,0.0,1.0,,,1.0,1.0,1.0,1.0,0.0,1.0,1.0,1.0,0.0,,1.0,,1.0,1.0,1.0,,,,,1.0,0.0,0.0,0.0,0.0,0.0,1.0,1.0,,1.0,0.0,1.0,0.0,1.0,0.0,1.0,1.0,0.0,1.0,1.0,1.0,1.0,0.0,1.0,1.0,1.0,1.0,1.0,,0.0,1.0,1.0,0.0,1.0,1.0,,1.0,,1.0,1.0,1.0,0.0,0.0,1.0,0.0,1.0,1.0,,1.0,,1.0,1.0,,,1.0,0.0,1.0,0.0,0.0,0.0,0.0,0.0,,,0.0,1.0,1.0,1.0,0.0,0.0,1.0,,0.0,0.0,1.0,0.0,1.0,0.0,0.0,0.0,1.0,1.0,0.0,0.0,1.0,0.0,1.0,1.0,0.0,0.0,0.0,0.0,0.0,1.0,1.0,1.0,0.0,1.0,1.0,1.0,1.0,1.0,,0.0,1.0,1.0,1.0,1.0,0.0,0.0,0.0,1.0,1.0,0.0,1.0,0.0,1.0,1.0,1.0,1.0,1.0,0.0,0.0,0.0,1.0,1.0,,1.0,1.0,1.0,1.0,0.0,,0.0,,1.0,0.0,1.0,,,1.0,1.0,0.0,0.0,,,0.0,0.0,0.0,0.0,1.0,0.0,1.0,0.0,1.0,1.0,0.0,0.0,,,1.0,1.0,0.0,1.0,1.0,1.0,1.0,,1.0,,0.0,0.0,0.0,,,,,,,1.0,1.0,,,,,,,,,,,,,1.0,1.0,1.0,0.0,,,,,,,,,0.0,,,,0.0,,0.0,0.0,1.0,,,,,,,,,,,,,0.0,0.0,1.0,1.0,1.0,0.0,0.0,0.0,0.0,1.0,1.0,1.0,1.0,1.0,1.0,1.0,0.0,0.0,0.0,1.0,1.0,0.0,1.0,1.0,0.0,1.0,1.0,1.0,1.0,1.0,0.0,0.0,0.0,1.0,0.0,1.0,0.0,1.0,1.0,0.0,1.0,0.0,0.0,1.0,,,1.0,1.0,0.0,0.0,,,0.0,1.0,0.0,1.0
Helder Salomão,1.0,,1.0,1.0,1.0,1.0,1.0,1.0,1.0,1.0,1.0,0.0,1.0,0.0,1.0,1.0,1.0,0.0,1.0,1.0,1.0,,,1.0,,1.0,,0.0,1.0,,,,,,,,,1.0,1.0,1.0,,1.0,,0.0,,1.0,0.0,1.0,1.0,0.0,0.0,1.0,0.0,1.0,1.0,0.0,0.0,1.0,,1.0,1.0,1.0,0.0,,,0.0,0.0,1.0,,1.0,,,,1.0,,1.0,,,,1.0,,1.0,1.0,0.0,1.0,,1.0,1.0,1.0,1.0,,1.0,0.0,1.0,1.0,1.0,1.0,1.0,0.0,0.0,0.0,1.0,0.0,1.0,1.0,1.0,,0.0,1.0,1.0,1.0,0.0,0.0,0.0,0.0,0.0,,0.0,1.0,1.0,0.0,1.0,1.0,0.0,1.0,0.0,,1.0,1.0,1.0,0.0,1.0,1.0,1.0,1.0,0.0,,0.0,1.0,0.0,1.0,0.0,,,,,,,0.0,,,,,,,,0.0,,,0.0,,0.0,,,,,1.0,,1.0,1.0,1.0,0.0,,,,,0.0,,0.0,0.0,0.0,0.0,0.0,0.0,0.0,0.0,0.0,0.0,0.0,0.0,1.0,0.0,1.0,0.0,,,,1.0,1.0,0.0,0.0,1.0,,,1.0,1.0,1.0,1.0,0.0,1.0,1.0,1.0,0.0,1.0,1.0,0.0,0.0,1.0,1.0,0.0,0.0,,0.0,1.0,0.0,0.0,0.0,,0.0,1.0,1.0,1.0,1.0,0.0,0.0,0.0,1.0,0.0,1.0,1.0,,,1.0,,1.0,0.0,1.0,1.0,1.0,1.0,1.0,1.0,,1.0,1.0,0.0,1.0,1.0,0.0,1.0,0.0,1.0,0.0,0.0,0.0,0.0,1.0,1.0,0.0,1.0,0.0,1.0,1.0,1.0,1.0,0.0,0.0,1.0,0.0,1.0,0.0,0.0,0.0,0.0,1.0,1.0,1.0,1.0,0.0,0.0,0.0,1.0,,1.0,,0.0,0.0,1.0,,1.0,0.0,1.0,1.0,1.0,1.0,1.0,1.0,0.0,0.0,1.0,1.0,0.0,0.0,0.0,0.0,0.0,1.0,1.0,1.0,0.0,1.0,0.0,0.0,1.0,1.0,0.0,0.0,1.0,1.0,0.0,0.0,0.0,1.0,1.0,1.0,1.0,0.0,1.0,0.0,1.0,1.0,1.0,,0.0,0.0,0.0,0.0,1.0,1.0,0.0,1.0,1.0,1.0,,,1.0,0.0,1.0,1.0,0.0,1.0,0.0,0.0,0.0,1.0,0.0,0.0,0.0,1.0,0.0,,,0.0,1.0,0.0,1.0,1.0,1.0,,0.0,0.0,1.0,1.0,1.0,1.0,0.0,1.0,0.0,1.0,1.0,1.0,1.0,1.0,0.0,0.0,0.0,,,,,,,1.0,1.0,,1.0,0.0,1.0,0.0,0.0,0.0,,,,,,1.0,1.0,1.0,0.0,,,,,,,,,0.0,0.0,,1.0,0.0,1.0,0.0,0.0,1.0,,,,,,,,,,,,1.0,0.0,0.0,1.0,1.0,1.0,0.0,0.0,0.0,0.0,1.0,1.0,1.0,1.0,0.0,0.0,0.0,0.0,0.0,0.0,1.0,1.0,0.0,1.0,1.0,0.0,0.0,1.0,1.0,1.0,1.0,1.0,0.0,,1.0,0.0,1.0,,1.0,1.0,,1.0,0.0,0.0,1.0,,1.0,0.0,1.0,0.0,0.0,,0.0,0.0,1.0,0.0,1.0
Helio Lopes,0.0,0.0,1.0,0.0,1.0,,0.0,1.0,0.0,1.0,,1.0,1.0,0.0,1.0,1.0,1.0,0.0,1.0,1.0,,,0.0,0.0,0.0,0.0,,0.0,1.0,1.0,0.0,1.0,0.0,,,0.0,1.0,0.0,0.0,0.0,0.0,0.0,0.0,1.0,0.0,1.0,,1.0,,,,,1.0,0.0,0.0,1.0,1.0,1.0,0.0,1.0,,,1.0,0.0,0.0,1.0,,0.0,,0.0,,0.0,0.0,1.0,0.0,1.0,1.0,0.0,1.0,1.0,1.0,1.0,1.0,0.0,0.0,,0.0,0.0,1.0,1.0,1.0,1.0,,0.0,0.0,1.0,1.0,1.0,0.0,0.0,0.0,0.0,1.0,0.0,0.0,0.0,,1.0,0.0,0.0,0.0,1.0,1.0,1.0,1.0,1.0,0.0,0.0,,0.0,1.0,0.0,0.0,,0.0,1.0,,,,0.0,1.0,0.0,0.0,0.0,,1.0,1.0,1.0,0.0,0.0,0.0,0.0,1.0,0.0,0.0,1.0,0.0,1.0,1.0,0.0,0.0,1.0,1.0,0.0,,0.0,1.0,0.0,1.0,1.0,0.0,0.0,1.0,,1.0,0.0,0.0,,1.0,1.0,1.0,0.0,0.0,1.0,0.0,0.0,1.0,1.0,1.0,1.0,1.0,1.0,1.0,1.0,1.0,1.0,1.0,1.0,1.0,1.0,0.0,1.0,0.0,1.0,0.0,0.0,0.0,0.0,1.0,0.0,0.0,1.0,0.0,,0.0,0.0,0.0,0.0,1.0,0.0,0.0,0.0,1.0,1.0,0.0,0.0,1.0,0.0,0.0,1.0,1.0,1.0,1.0,0.0,1.0,1.0,1.0,1.0,1.0,0.0,0.0,0.0,,1.0,1.0,1.0,0.0,1.0,0.0,0.0,1.0,0.0,0.0,0.0,1.0,1.0,0.0,0.0,0.0,1.0,1.0,1.0,1.0,0.0,0.0,0.0,0.0,0.0,0.0,1.0,1.0,1.0,1.0,1.0,1.0,1.0,1.0,,1.0,0.0,1.0,0.0,0.0,0.0,0.0,1.0,0.0,0.0,1.0,0.0,1.0,1.0,1.0,1.0,0.0,0.0,0.0,0.0,1.0,1.0,1.0,,0.0,0.0,1.0,1.0,1.0,0.0,1.0,0.0,1.0,0.0,0.0,0.0,1.0,0.0,0.0,1.0,,0.0,0.0,0.0,1.0,1.0,1.0,1.0,0.0,1.0,0.0,1.0,0.0,1.0,1.0,0.0,1.0,1.0,1.0,1.0,1.0,1.0,1.0,1.0,0.0,0.0,0.0,0.0,1.0,0.0,0.0,0.0,0.0,0.0,,1.0,0.0,1.0,1.0,0.0,0.0,0.0,0.0,1.0,1.0,0.0,,0.0,0.0,1.0,0.0,1.0,0.0,0.0,,1.0,0.0,0.0,1.0,1.0,,1.0,1.0,0.0,0.0,1.0,1.0,0.0,1.0,0.0,0.0,1.0,0.0,0.0,0.0,0.0,0.0,0.0,0.0,0.0,0.0,1.0,1.0,0.0,1.0,0.0,1.0,,1.0,0.0,,0.0,0.0,0.0,1.0,0.0,0.0,,,,1.0,,,1.0,1.0,0.0,1.0,,0.0,0.0,0.0,1.0,0.0,,0.0,0.0,0.0,0.0,1.0,0.0,1.0,1.0,0.0,0.0,1.0,0.0,1.0,1.0,0.0,0.0,0.0,0.0,0.0,0.0,0.0,0.0,1.0,,0.0,1.0,0.0,1.0,0.0,0.0,1.0,0.0,1.0,1.0,1.0,1.0,0.0,1.0,0.0,0.0,0.0,0.0,0.0,,,1.0,0.0,0.0,,0.0,,1.0,0.0,1.0,0.0,0.0,0.0,1.0,0.0,0.0,0.0,1.0,,,,0.0,,,,1.0,1.0,0.0,0.0,1.0,0.0,,0.0,0.0,0.0,0.0,1.0,0.0,
Henrique Fontana,1.0,,1.0,1.0,1.0,1.0,1.0,1.0,1.0,1.0,1.0,,1.0,0.0,1.0,1.0,1.0,0.0,1.0,1.0,1.0,0.0,1.0,1.0,,1.0,,0.0,1.0,0.0,,,,1.0,,,,1.0,1.0,1.0,,1.0,,0.0,,1.0,0.0,1.0,1.0,,,,0.0,1.0,1.0,0.0,0.0,1.0,,1.0,,,0.0,,,0.0,0.0,1.0,0.0,0.0,,,,,,,,,,1.0,,1.0,1.0,0.0,1.0,,1.0,1.0,1.0,1.0,1.0,1.0,0.0,1.0,1.0,1.0,1.0,1.0,0.0,0.0,0.0,1.0,0.0,1.0,1.0,1.0,0.0,0.0,1.0,1.0,1.0,0.0,0.0,0.0,0.0,0.0,,0.0,,1.0,0.0,,1.0,0.0,1.0,0.0,0.0,1.0,1.0,1.0,0.0,1.0,1.0,1.0,,0.0,0.0,0.0,1.0,,,0.0,1.0,1.0,0.0,1.0,0.0,1.0,0.0,,,,,,1.0,,0.0,,,0.0,,,,,,,1.0,,1.0,1.0,1.0,0.0,,,,,0.0,,0.0,0.0,0.0,0.0,0.0,0.0,0.0,,0.0,,,0.0,1.0,0.0,1.0,0.0,1.0,0.0,1.0,1.0,1.0,1.0,0.0,1.0,,,1.0,1.0,1.0,1.0,0.0,1.0,1.0,1.0,0.0,1.0,1.0,0.0,0.0,1.0,1.0,0.0,0.0,0.0,0.0,1.0,0.0,0.0,0.0,0.0,0.0,1.0,1.0,1.0,,0.0,0.0,0.0,1.0,0.0,1.0,1.0,0.0,1.0,1.0,1.0,1.0,0.0,,1.0,,,1.0,1.0,0.0,1.0,1.0,0.0,,,0.0,1.0,0.0,1.0,0.0,0.0,0.0,0.0,1.0,1.0,0.0,1.0,0.0,1.0,1.0,1.0,1.0,0.0,0.0,1.0,0.0,1.0,0.0,0.0,0.0,0.0,1.0,1.0,1.0,1.0,0.0,0.0,0.0,1.0,,1.0,0.0,0.0,,,0.0,1.0,0.0,,1.0,1.0,1.0,1.0,,0.0,0.0,1.0,1.0,,,0.0,0.0,0.0,1.0,1.0,,0.0,1.0,0.0,0.0,1.0,1.0,0.0,0.0,1.0,1.0,0.0,0.0,0.0,1.0,1.0,1.0,1.0,0.0,1.0,0.0,1.0,1.0,1.0,1.0,0.0,0.0,1.0,0.0,1.0,1.0,0.0,1.0,1.0,0.0,0.0,0.0,1.0,0.0,1.0,1.0,0.0,1.0,0.0,0.0,0.0,1.0,0.0,0.0,0.0,1.0,,,,,1.0,0.0,1.0,1.0,1.0,1.0,0.0,0.0,1.0,1.0,1.0,1.0,0.0,1.0,0.0,1.0,1.0,,1.0,1.0,0.0,0.0,0.0,,,,,,,,1.0,,1.0,0.0,,,,,,,,,,1.0,1.0,1.0,0.0,,,,,,,,,0.0,0.0,1.0,,0.0,1.0,0.0,0.0,1.0,,,,,,,,,,,,1.0,0.0,,,1.0,1.0,0.0,0.0,0.0,0.0,1.0,1.0,1.0,1.0,0.0,0.0,0.0,0.0,,0.0,1.0,1.0,0.0,1.0,,,0.0,1.0,1.0,1.0,1.0,1.0,0.0,0.0,1.0,0.0,1.0,0.0,1.0,1.0,,1.0,0.0,0.0,1.0,1.0,,0.0,1.0,0.0,,0.0,0.0,,,,1.0
Henrique do Paraíso,,,,,,,,,,,,,,,,,,,,,,,,1.0,,,,,,,,,,,,,,,,,,,,,,,,,,,,,,,,,,1.0,,,,,,,,,,,,,,,,,,,,,,1.0,,,,,,,,,1.0,1.0,1.0,,,,,,,,,,,,,,,,,,,,,,,,,,,,,,,,,,,,,,,,,,,,,,,,,,,,,,,,,,,,,,,,,,,,,,,,,,,,,,,,,,,,,,,,,,,,,,,,,,,,,,,,,,,,,,,,,,,,,,,,,,,,,,,,,,,,,,,,,,,,,,,,,,,,,,,,,,,,,,,,,,,,,,,,,,,,,,,,,,,,,,,,,,,,,,,,,,,,,,,,,,,,,,,,,,,,,,,,,,,,,,,,,,,,,,,,,,,,,,,,,,,,,,,,,,,,,,,,,,,,,,,,,,,,,,,,,,,,,,,,,,,,,,,,,,,,,,,,,,,,,,,,,,,,,,,,,,,,,,,,,,,,,,,,,,,,,,,,,,,,,,,,,,,,,,,,,,,,,,,,,,,,,,,,,,,,,,,,,,,,,,,,,,,,,,,,,,,,,,,,,,,,,,,,,,,,,,
Herculano Passos,0.0,0.0,1.0,0.0,1.0,1.0,1.0,1.0,0.0,,0.0,1.0,0.0,1.0,0.0,1.0,0.0,1.0,0.0,,1.0,0.0,1.0,1.0,,0.0,0.0,0.0,1.0,1.0,0.0,1.0,0.0,0.0,0.0,0.0,1.0,0.0,0.0,0.0,0.0,0.0,0.0,1.0,0.0,1.0,,1.0,,0.0,,1.0,0.0,1.0,0.0,,0.0,1.0,0.0,1.0,1.0,1.0,1.0,0.0,0.0,1.0,1.0,1.0,0.0,,,0.0,0.0,1.0,0.0,1.0,1.0,0.0,1.0,1.0,1.0,,1.0,0.0,0.0,,1.0,1.0,1.0,1.0,,1.0,1.0,0.0,1.0,1.0,1.0,1.0,0.0,0.0,0.0,0.0,,0.0,0.0,0.0,0.0,1.0,1.0,0.0,1.0,1.0,1.0,1.0,1.0,1.0,0.0,0.0,0.0,0.0,1.0,0.0,0.0,0.0,0.0,1.0,0.0,1.0,1.0,0.0,0.0,0.0,0.0,0.0,0.0,1.0,1.0,1.0,1.0,0.0,0.0,0.0,,0.0,0.0,1.0,0.0,1.0,1.0,0.0,0.0,1.0,1.0,0.0,,0.0,1.0,0.0,1.0,1.0,0.0,0.0,1.0,0.0,,,0.0,0.0,1.0,1.0,1.0,,,1.0,0.0,0.0,1.0,1.0,1.0,1.0,1.0,1.0,,1.0,1.0,1.0,,1.0,1.0,1.0,0.0,1.0,0.0,1.0,0.0,0.0,0.0,0.0,,,0.0,,,,0.0,0.0,0.0,0.0,1.0,0.0,0.0,0.0,1.0,1.0,0.0,0.0,1.0,0.0,0.0,1.0,1.0,1.0,1.0,0.0,1.0,1.0,1.0,1.0,1.0,0.0,0.0,0.0,0.0,1.0,1.0,1.0,0.0,1.0,0.0,0.0,1.0,0.0,0.0,0.0,1.0,1.0,0.0,0.0,0.0,1.0,1.0,1.0,1.0,0.0,0.0,1.0,0.0,1.0,0.0,1.0,1.0,1.0,1.0,1.0,1.0,1.0,1.0,,,0.0,1.0,0.0,0.0,0.0,0.0,1.0,1.0,,1.0,0.0,1.0,1.0,1.0,1.0,0.0,,0.0,0.0,1.0,1.0,1.0,0.0,,0.0,1.0,1.0,1.0,0.0,1.0,0.0,0.0,0.0,0.0,1.0,1.0,0.0,,1.0,0.0,0.0,0.0,0.0,1.0,1.0,1.0,1.0,0.0,1.0,0.0,1.0,0.0,0.0,1.0,0.0,0.0,1.0,1.0,1.0,1.0,1.0,1.0,1.0,0.0,0.0,,,,,0.0,0.0,0.0,0.0,1.0,1.0,0.0,1.0,1.0,0.0,0.0,0.0,0.0,1.0,,1.0,,0.0,0.0,1.0,,0.0,,,,1.0,0.0,0.0,1.0,1.0,0.0,1.0,1.0,0.0,,1.0,1.0,0.0,1.0,,,1.0,0.0,0.0,0.0,,,0.0,1.0,0.0,0.0,1.0,1.0,1.0,1.0,,,1.0,1.0,0.0,0.0,0.0,,0.0,1.0,0.0,0.0,0.0,1.0,0.0,1.0,,0.0,1.0,1.0,1.0,1.0,0.0,0.0,1.0,0.0,,0.0,0.0,0.0,0.0,0.0,0.0,1.0,0.0,1.0,1.0,,0.0,1.0,0.0,1.0,1.0,0.0,0.0,,0.0,,,,,,1.0,0.0,1.0,0.0,,,0.0,1.0,1.0,1.0,1.0,1.0,,0.0,1.0,0.0,0.0,0.0,,0.0,1.0,1.0,1.0,0.0,0.0,0.0,0.0,1.0,0.0,,1.0,1.0,0.0,0.0,1.0,0.0,0.0,0.0,1.0,1.0,0.0,1.0,0.0,,1.0,1.0,1.0,1.0,,,,,0.0,0.0,0.0,0.0,0.0,1.0,0.0,0.0
Hercílio Coelho Diniz,0.0,0.0,1.0,1.0,1.0,1.0,,,,1.0,0.0,,0.0,1.0,0.0,1.0,0.0,1.0,0.0,0.0,1.0,,1.0,0.0,0.0,0.0,,1.0,1.0,,0.0,1.0,,,,0.0,1.0,0.0,0.0,0.0,0.0,0.0,0.0,0.0,0.0,1.0,,1.0,1.0,0.0,0.0,1.0,,1.0,1.0,0.0,0.0,1.0,,1.0,1.0,1.0,1.0,0.0,0.0,1.0,1.0,1.0,0.0,0.0,,0.0,0.0,1.0,0.0,1.0,1.0,0.0,1.0,1.0,1.0,1.0,1.0,0.0,,,,,1.0,1.0,1.0,1.0,1.0,0.0,0.0,1.0,1.0,1.0,0.0,,,,,1.0,1.0,0.0,0.0,0.0,1.0,1.0,1.0,0.0,0.0,,,,,,,,,,,,0.0,1.0,0.0,1.0,0.0,0.0,1.0,0.0,0.0,0.0,0.0,1.0,1.0,1.0,1.0,,0.0,,,,,,,,,0.0,0.0,,1.0,0.0,0.0,,,,,,,,,,,,,,1.0,1.0,1.0,0.0,0.0,,,,1.0,1.0,1.0,1.0,1.0,1.0,0.0,1.0,1.0,1.0,1.0,1.0,1.0,1.0,0.0,0.0,0.0,,0.0,0.0,1.0,0.0,,,0.0,1.0,0.0,,0.0,0.0,0.0,0.0,1.0,0.0,1.0,0.0,1.0,0.0,0.0,,1.0,0.0,,1.0,1.0,1.0,1.0,0.0,1.0,1.0,1.0,1.0,1.0,0.0,0.0,0.0,,1.0,1.0,1.0,0.0,1.0,0.0,0.0,1.0,0.0,,0.0,0.0,1.0,0.0,0.0,0.0,1.0,1.0,1.0,1.0,0.0,0.0,1.0,0.0,,,1.0,1.0,,1.0,1.0,1.0,1.0,,1.0,1.0,0.0,,0.0,0.0,0.0,0.0,1.0,1.0,0.0,1.0,0.0,1.0,1.0,1.0,1.0,,0.0,0.0,1.0,1.0,1.0,1.0,0.0,0.0,0.0,1.0,1.0,0.0,0.0,1.0,0.0,0.0,1.0,0.0,1.0,,,,,,,,,,,,,0.0,1.0,0.0,1.0,0.0,1.0,1.0,0.0,1.0,1.0,1.0,1.0,1.0,1.0,1.0,1.0,0.0,0.0,,,,0.0,0.0,0.0,0.0,0.0,,1.0,1.0,,0.0,0.0,1.0,,,1.0,1.0,1.0,1.0,0.0,0.0,1.0,0.0,1.0,,,,,,,,,,,,,0.0,1.0,1.0,0.0,,0.0,0.0,0.0,0.0,1.0,0.0,1.0,0.0,0.0,1.0,0.0,1.0,1.0,1.0,1.0,,0.0,,,1.0,,0.0,0.0,0.0,,1.0,0.0,,,,,,,,,,,,,,,,,,,,,,,,,,,,,,,,,,,,,,,,,,,,,,,,,,,,,,,,,,,,,,,,,,,,,,,,,,,,,,,,,,,,,,,,,,,,1.0,0.0,,,,,,,,
Hermes Parcianello,,,1.0,0.0,1.0,1.0,1.0,1.0,,1.0,,1.0,0.0,1.0,0.0,,,1.0,0.0,0.0,1.0,,0.0,1.0,0.0,1.0,1.0,0.0,1.0,1.0,,1.0,0.0,,0.0,0.0,1.0,1.0,0.0,1.0,1.0,1.0,0.0,0.0,0.0,,0.0,,1.0,0.0,0.0,1.0,,,1.0,0.0,0.0,1.0,0.0,1.0,1.0,1.0,,,,,1.0,1.0,,,,,,1.0,,1.0,,,0.0,1.0,,1.0,1.0,0.0,0.0,,1.0,1.0,1.0,,1.0,1.0,,,1.0,1.0,,,0.0,0.0,,1.0,1.0,1.0,1.0,1.0,0.0,0.0,1.0,1.0,1.0,0.0,0.0,1.0,1.0,1.0,,0.0,0.0,0.0,1.0,0.0,0.0,,0.0,1.0,,1.0,1.0,,1.0,0.0,0.0,0.0,0.0,1.0,1.0,1.0,1.0,1.0,0.0,1.0,1.0,1.0,,1.0,0.0,0.0,,,0.0,,,,,,,,,,,,,,,,0.0,0.0,0.0,,1.0,,0.0,1.0,0.0,0.0,1.0,1.0,1.0,1.0,,,,,,,,,,1.0,0.0,0.0,0.0,,,0.0,0.0,1.0,,,0.0,1.0,,,0.0,0.0,0.0,0.0,1.0,0.0,0.0,0.0,1.0,1.0,1.0,0.0,1.0,0.0,0.0,1.0,0.0,1.0,1.0,0.0,1.0,1.0,0.0,1.0,1.0,0.0,0.0,,0.0,1.0,1.0,1.0,0.0,,0.0,0.0,1.0,0.0,0.0,0.0,1.0,1.0,0.0,,1.0,,,1.0,1.0,0.0,1.0,1.0,0.0,1.0,0.0,1.0,1.0,1.0,1.0,1.0,1.0,1.0,1.0,1.0,1.0,1.0,,0.0,0.0,,0.0,1.0,1.0,0.0,0.0,1.0,0.0,1.0,1.0,0.0,0.0,0.0,0.0,0.0,1.0,1.0,1.0,0.0,0.0,1.0,1.0,,,,,,0.0,1.0,1.0,1.0,1.0,,,1.0,,0.0,0.0,0.0,1.0,1.0,1.0,1.0,0.0,1.0,0.0,1.0,0.0,1.0,1.0,0.0,0.0,1.0,1.0,1.0,1.0,1.0,1.0,1.0,0.0,0.0,0.0,0.0,1.0,0.0,0.0,0.0,0.0,0.0,1.0,1.0,0.0,0.0,0.0,0.0,0.0,0.0,1.0,1.0,1.0,1.0,1.0,1.0,0.0,1.0,,0.0,0.0,0.0,,1.0,,0.0,1.0,,0.0,1.0,1.0,0.0,0.0,1.0,1.0,0.0,1.0,0.0,0.0,1.0,0.0,0.0,1.0,,0.0,1.0,0.0,,0.0,1.0,1.0,1.0,1.0,0.0,1.0,,1.0,0.0,0.0,0.0,0.0,,1.0,0.0,,,1.0,0.0,1.0,,,,,,,0.0,0.0,,0.0,1.0,0.0,0.0,0.0,0.0,,0.0,1.0,0.0,,1.0,0.0,0.0,1.0,0.0,1.0,,0.0,0.0,0.0,0.0,0.0,0.0,0.0,,1.0,1.0,0.0,1.0,,1.0,,0.0,1.0,1.0,,1.0,1.0,0.0,0.0,,,1.0,0.0,0.0,0.0,,,1.0,,0.0,0.0,0.0,1.0,1.0,,1.0,1.0,,0.0,1.0,0.0,0.0,,1.0,,0.0,1.0,0.0,,,1.0,1.0,1.0,0.0,0.0,1.0,0.0,0.0,0.0,0.0,0.0,,1.0,,0.0
Hildo Rocha,0.0,0.0,1.0,,1.0,1.0,,1.0,0.0,1.0,0.0,1.0,0.0,1.0,0.0,1.0,0.0,1.0,0.0,0.0,1.0,0.0,0.0,1.0,0.0,1.0,,,,1.0,0.0,1.0,0.0,0.0,0.0,0.0,1.0,0.0,0.0,0.0,0.0,1.0,0.0,1.0,0.0,1.0,0.0,1.0,1.0,0.0,0.0,1.0,0.0,1.0,1.0,0.0,0.0,1.0,0.0,1.0,1.0,1.0,1.0,0.0,,1.0,1.0,1.0,0.0,0.0,,,,1.0,0.0,1.0,,0.0,1.0,1.0,1.0,1.0,1.0,0.0,0.0,,,,1.0,1.0,1.0,1.0,,,0.0,1.0,,,0.0,,,,,1.0,1.0,1.0,,0.0,1.0,1.0,1.0,0.0,0.0,,,,,,,,,,,,0.0,1.0,1.0,1.0,1.0,1.0,1.0,0.0,0.0,0.0,0.0,1.0,1.0,1.0,1.0,0.0,0.0,1.0,1.0,0.0,1.0,1.0,0.0,1.0,1.0,0.0,0.0,1.0,1.0,0.0,0.0,0.0,1.0,0.0,1.0,1.0,,,1.0,0.0,1.0,,,,1.0,,1.0,0.0,0.0,1.0,,0.0,1.0,1.0,1.0,1.0,1.0,0.0,1.0,1.0,1.0,1.0,1.0,1.0,1.0,1.0,0.0,1.0,0.0,,0.0,0.0,,0.0,1.0,1.0,1.0,1.0,0.0,,0.0,0.0,0.0,0.0,,,,0.0,1.0,1.0,0.0,0.0,1.0,0.0,0.0,1.0,1.0,1.0,1.0,0.0,1.0,1.0,1.0,1.0,1.0,,,0.0,0.0,1.0,1.0,1.0,0.0,1.0,0.0,0.0,1.0,0.0,,0.0,1.0,1.0,0.0,0.0,0.0,0.0,1.0,1.0,1.0,0.0,,1.0,0.0,0.0,0.0,1.0,1.0,1.0,1.0,1.0,1.0,1.0,1.0,1.0,1.0,0.0,1.0,0.0,0.0,,0.0,,1.0,0.0,1.0,0.0,1.0,1.0,,,0.0,0.0,0.0,0.0,1.0,1.0,1.0,0.0,,0.0,1.0,1.0,,,1.0,0.0,0.0,0.0,0.0,0.0,,,,,,,,,,,,,0.0,1.0,0.0,1.0,0.0,1.0,1.0,,0.0,1.0,1.0,1.0,1.0,1.0,1.0,1.0,0.0,0.0,0.0,0.0,,0.0,0.0,0.0,1.0,1.0,,,,,1.0,0.0,,,,1.0,1.0,1.0,1.0,0.0,0.0,1.0,0.0,1.0,,,,,,,,,,,,,0.0,1.0,1.0,0.0,,0.0,0.0,1.0,0.0,0.0,0.0,0.0,0.0,1.0,0.0,0.0,0.0,1.0,1.0,0.0,,0.0,,,,,,,,,,,,,,,,,,,,,,,,,,,,,,,,,,,,,,,,,,,,,,,,,,,,,,,,,,,,,,,,,,,,,,,,,,,,,,,,,,,,,,,,,,,,,,,,,,,,0.0,0.0,1.0,0.0,,,,,,,,
Hiran Gonçalves,0.0,,1.0,,,,1.0,1.0,0.0,,,,0.0,1.0,,0.0,0.0,1.0,0.0,0.0,1.0,0.0,0.0,1.0,,,0.0,1.0,,1.0,0.0,1.0,,,,0.0,1.0,,,0.0,,,,1.0,0.0,,,,1.0,0.0,0.0,1.0,0.0,1.0,1.0,0.0,0.0,1.0,0.0,1.0,1.0,1.0,,,0.0,1.0,1.0,1.0,0.0,,,0.0,0.0,1.0,0.0,1.0,,,,1.0,1.0,1.0,,,1.0,,1.0,1.0,1.0,,,1.0,1.0,,0.0,1.0,1.0,1.0,,,,0.0,1.0,,0.0,0.0,,,0.0,0.0,1.0,0.0,,1.0,1.0,1.0,,0.0,0.0,0.0,1.0,1.0,0.0,0.0,0.0,1.0,0.0,0.0,0.0,0.0,,0.0,1.0,0.0,,1.0,1.0,1.0,1.0,0.0,1.0,0.0,1.0,0.0,1.0,1.0,0.0,,,,,,,,,,,0.0,1.0,1.0,,1.0,,,,,0.0,0.0,1.0,,1.0,0.0,1.0,1.0,,0.0,,1.0,1.0,1.0,1.0,1.0,0.0,1.0,1.0,1.0,1.0,1.0,1.0,1.0,0.0,1.0,0.0,1.0,,0.0,0.0,0.0,1.0,1.0,,1.0,0.0,,,0.0,0.0,0.0,1.0,0.0,0.0,0.0,1.0,1.0,,,1.0,0.0,0.0,,,,,0.0,1.0,1.0,,,1.0,0.0,,0.0,0.0,1.0,,1.0,0.0,,0.0,0.0,1.0,,0.0,0.0,1.0,1.0,0.0,,1.0,,,,1.0,,0.0,1.0,0.0,,0.0,1.0,1.0,1.0,1.0,1.0,,1.0,1.0,1.0,1.0,0.0,1.0,0.0,0.0,0.0,0.0,,0.0,0.0,1.0,,,1.0,1.0,1.0,0.0,,0.0,,,1.0,1.0,0.0,0.0,0.0,1.0,,1.0,0.0,1.0,,1.0,1.0,1.0,0.0,1.0,0.0,0.0,1.0,0.0,0.0,0.0,0.0,1.0,,1.0,1.0,,1.0,0.0,1.0,0.0,1.0,,0.0,1.0,1.0,1.0,1.0,1.0,1.0,,1.0,,0.0,,,,,,0.0,0.0,0.0,,1.0,1.0,1.0,1.0,,1.0,,0.0,1.0,,0.0,,0.0,0.0,1.0,0.0,,0.0,0.0,0.0,1.0,0.0,0.0,1.0,1.0,0.0,1.0,1.0,0.0,0.0,,1.0,,1.0,0.0,,1.0,0.0,0.0,0.0,0.0,0.0,0.0,1.0,0.0,0.0,1.0,1.0,1.0,,0.0,1.0,1.0,1.0,,0.0,0.0,0.0,,1.0,0.0,0.0,0.0,1.0,0.0,1.0,1.0,1.0,1.0,1.0,0.0,1.0,0.0,0.0,0.0,0.0,,0.0,0.0,0.0,0.0,0.0,0.0,1.0,,1.0,1.0,0.0,0.0,1.0,0.0,1.0,1.0,0.0,0.0,0.0,0.0,0.0,0.0,0.0,0.0,1.0,1.0,0.0,1.0,0.0,1.0,0.0,0.0,1.0,1.0,1.0,1.0,1.0,1.0,,,,0.0,0.0,0.0,,1.0,1.0,1.0,0.0,0.0,0.0,0.0,0.0,1.0,,1.0,0.0,0.0,0.0,1.0,0.0,0.0,0.0,1.0,1.0,0.0,1.0,1.0,0.0,1.0,1.0,1.0,1.0,,0.0,1.0,0.0,,,,,,,,0.0
Hugo Leal,0.0,,1.0,0.0,,1.0,1.0,1.0,0.0,1.0,0.0,1.0,,,,1.0,0.0,1.0,1.0,1.0,1.0,0.0,1.0,0.0,,1.0,0.0,0.0,0.0,1.0,0.0,1.0,,,0.0,0.0,,1.0,0.0,0.0,0.0,0.0,0.0,1.0,,1.0,,1.0,1.0,0.0,,1.0,,1.0,1.0,0.0,0.0,,,1.0,1.0,1.0,0.0,,,1.0,1.0,1.0,0.0,0.0,0.0,,,1.0,,1.0,1.0,0.0,1.0,1.0,1.0,1.0,1.0,,0.0,,1.0,1.0,1.0,,1.0,1.0,1.0,0.0,1.0,1.0,1.0,1.0,0.0,,,0.0,1.0,1.0,1.0,1.0,0.0,0.0,1.0,1.0,1.0,0.0,0.0,1.0,1.0,1.0,0.0,0.0,0.0,0.0,1.0,0.0,0.0,0.0,0.0,1.0,0.0,1.0,1.0,0.0,1.0,1.0,1.0,0.0,0.0,1.0,1.0,1.0,1.0,0.0,0.0,0.0,1.0,0.0,1.0,1.0,0.0,1.0,,0.0,0.0,,,0.0,0.0,0.0,1.0,,,,,,,,,,0.0,,1.0,1.0,1.0,0.0,0.0,1.0,0.0,0.0,1.0,1.0,,,1.0,,,1.0,1.0,1.0,1.0,1.0,0.0,,0.0,0.0,0.0,1.0,0.0,0.0,,0.0,1.0,1.0,0.0,1.0,0.0,,0.0,0.0,0.0,,1.0,0.0,0.0,,1.0,1.0,0.0,,1.0,0.0,0.0,1.0,1.0,,1.0,0.0,1.0,1.0,,1.0,1.0,,0.0,,0.0,1.0,1.0,1.0,,1.0,0.0,0.0,1.0,0.0,0.0,0.0,1.0,,0.0,0.0,0.0,1.0,,1.0,1.0,0.0,,0.0,0.0,,0.0,1.0,1.0,1.0,1.0,1.0,1.0,1.0,1.0,1.0,1.0,0.0,1.0,0.0,0.0,0.0,0.0,1.0,0.0,0.0,1.0,1.0,1.0,1.0,1.0,0.0,,0.0,0.0,,1.0,1.0,,,,,1.0,1.0,0.0,0.0,1.0,0.0,1.0,,1.0,1.0,1.0,0.0,0.0,1.0,,,0.0,0.0,1.0,1.0,1.0,1.0,,1.0,0.0,1.0,0.0,1.0,1.0,0.0,1.0,1.0,1.0,1.0,1.0,1.0,1.0,1.0,0.0,,,,1.0,0.0,0.0,0.0,0.0,0.0,1.0,1.0,0.0,1.0,1.0,0.0,0.0,,0.0,1.0,1.0,1.0,0.0,0.0,0.0,,,1.0,0.0,0.0,0.0,1.0,0.0,,,1.0,1.0,1.0,1.0,0.0,,1.0,1.0,0.0,1.0,0.0,0.0,1.0,0.0,1.0,0.0,0.0,0.0,0.0,1.0,0.0,0.0,1.0,1.0,,,0.0,1.0,1.0,1.0,0.0,0.0,,0.0,0.0,1.0,0.0,0.0,0.0,0.0,,,,,1.0,1.0,0.0,1.0,0.0,0.0,0.0,0.0,1.0,,0.0,,0.0,0.0,,1.0,0.0,1.0,1.0,,0.0,1.0,,1.0,1.0,0.0,0.0,0.0,,0.0,,0.0,,1.0,1.0,0.0,1.0,,1.0,,,1.0,0.0,1.0,,1.0,1.0,0.0,1.0,0.0,0.0,0.0,0.0,0.0,1.0,1.0,1.0,,0.0,0.0,0.0,,,,1.0,0.0,0.0,0.0,1.0,0.0,,0.0,1.0,1.0,0.0,1.0,0.0,,1.0,1.0,1.0,1.0,,,1.0,0.0,,,,,,,,0.0
Hugo Motta,0.0,0.0,1.0,0.0,1.0,1.0,1.0,1.0,0.0,1.0,0.0,,0.0,1.0,0.0,,,1.0,0.0,0.0,1.0,,1.0,1.0,,1.0,0.0,0.0,1.0,,0.0,1.0,,,0.0,0.0,1.0,1.0,0.0,0.0,,1.0,0.0,1.0,0.0,,,,1.0,0.0,,1.0,0.0,,1.0,,,,0.0,,1.0,1.0,1.0,,,,1.0,1.0,,0.0,0.0,,0.0,1.0,0.0,1.0,,,,,1.0,,1.0,,1.0,,1.0,1.0,,1.0,,1.0,1.0,,,1.0,1.0,1.0,,,,0.0,1.0,0.0,0.0,0.0,0.0,1.0,1.0,0.0,1.0,1.0,1.0,1.0,1.0,,,,,,1.0,,,,0.0,1.0,0.0,0.0,0.0,0.0,1.0,0.0,0.0,1.0,0.0,1.0,1.0,1.0,1.0,,0.0,0.0,1.0,0.0,0.0,,0.0,,,0.0,0.0,1.0,1.0,0.0,,0.0,1.0,0.0,1.0,1.0,,,,,,,0.0,,1.0,1.0,,1.0,0.0,,0.0,,1.0,1.0,1.0,1.0,1.0,0.0,0.0,0.0,1.0,1.0,1.0,1.0,1.0,1.0,0.0,,0.0,0.0,,,0.0,,1.0,1.0,,1.0,,,0.0,0.0,0.0,0.0,1.0,,0.0,0.0,,1.0,0.0,,1.0,0.0,0.0,1.0,1.0,1.0,,,,,,1.0,,,0.0,,0.0,1.0,1.0,1.0,0.0,1.0,,0.0,1.0,,0.0,1.0,1.0,1.0,,,1.0,,1.0,1.0,,,,1.0,0.0,1.0,0.0,1.0,1.0,1.0,1.0,1.0,1.0,,1.0,1.0,1.0,,1.0,0.0,0.0,0.0,,1.0,0.0,0.0,1.0,,,1.0,1.0,1.0,,,,,1.0,,1.0,1.0,,,1.0,1.0,,,1.0,0.0,1.0,,0.0,,1.0,0.0,0.0,1.0,0.0,0.0,0.0,0.0,,1.0,1.0,1.0,0.0,1.0,0.0,1.0,0.0,1.0,1.0,0.0,1.0,1.0,1.0,1.0,1.0,1.0,1.0,1.0,0.0,0.0,0.0,0.0,1.0,0.0,0.0,,,0.0,,1.0,1.0,,1.0,0.0,0.0,0.0,0.0,1.0,,1.0,1.0,0.0,0.0,1.0,,,0.0,,0.0,1.0,0.0,1.0,,,,,,0.0,0.0,1.0,1.0,0.0,1.0,0.0,0.0,1.0,0.0,0.0,,,1.0,0.0,1.0,0.0,0.0,1.0,1.0,1.0,,0.0,1.0,1.0,,0.0,0.0,0.0,0.0,0.0,,,,0.0,1.0,0.0,1.0,,,,1.0,,,0.0,0.0,0.0,0.0,1.0,,,,,,,,0.0,1.0,,,,,0.0,,,0.0,0.0,0.0,0.0,0.0,0.0,0.0,,,,,1.0,0.0,,,1.0,1.0,1.0,1.0,1.0,1.0,,0.0,,0.0,,0.0,0.0,,,1.0,,,,0.0,0.0,1.0,1.0,0.0,1.0,1.0,,0.0,,,0.0,0.0,1.0,,0.0,1.0,0.0,,1.0,1.0,1.0,,0.0,,,0.0,,,,,,,,
Hélio Costa,,0.0,1.0,0.0,,1.0,1.0,1.0,1.0,1.0,,1.0,0.0,0.0,1.0,1.0,1.0,0.0,0.0,1.0,0.0,0.0,0.0,1.0,,1.0,0.0,0.0,1.0,1.0,0.0,0.0,0.0,0.0,0.0,0.0,1.0,0.0,0.0,0.0,0.0,1.0,0.0,1.0,0.0,1.0,0.0,1.0,1.0,0.0,0.0,1.0,0.0,1.0,1.0,1.0,0.0,1.0,0.0,1.0,1.0,1.0,0.0,0.0,0.0,1.0,0.0,1.0,0.0,0.0,0.0,0.0,0.0,0.0,0.0,1.0,1.0,0.0,1.0,1.0,0.0,1.0,1.0,0.0,1.0,,1.0,1.0,1.0,1.0,1.0,1.0,1.0,1.0,0.0,1.0,1.0,1.0,0.0,,0.0,0.0,1.0,1.0,1.0,1.0,1.0,0.0,1.0,1.0,1.0,0.0,0.0,1.0,1.0,1.0,0.0,0.0,0.0,0.0,1.0,0.0,0.0,0.0,0.0,1.0,0.0,,0.0,0.0,0.0,0.0,1.0,0.0,0.0,1.0,1.0,1.0,0.0,0.0,0.0,0.0,1.0,0.0,0.0,1.0,0.0,1.0,1.0,0.0,0.0,1.0,1.0,0.0,0.0,0.0,1.0,0.0,1.0,1.0,0.0,0.0,1.0,0.0,1.0,0.0,0.0,0.0,1.0,1.0,1.0,0.0,0.0,1.0,0.0,0.0,1.0,1.0,1.0,1.0,1.0,1.0,1.0,1.0,1.0,1.0,0.0,1.0,1.0,1.0,0.0,1.0,0.0,1.0,0.0,0.0,0.0,0.0,1.0,0.0,0.0,1.0,0.0,,1.0,1.0,0.0,0.0,1.0,1.0,0.0,0.0,1.0,0.0,0.0,0.0,1.0,0.0,0.0,0.0,1.0,0.0,0.0,0.0,0.0,0.0,1.0,1.0,1.0,0.0,0.0,0.0,0.0,1.0,1.0,1.0,0.0,1.0,0.0,0.0,0.0,0.0,1.0,1.0,0.0,0.0,0.0,0.0,0.0,1.0,1.0,1.0,,1.0,0.0,1.0,0.0,1.0,1.0,1.0,1.0,1.0,1.0,1.0,1.0,1.0,1.0,0.0,1.0,0.0,1.0,1.0,0.0,0.0,0.0,1.0,0.0,0.0,1.0,1.0,1.0,1.0,1.0,1.0,0.0,0.0,0.0,,1.0,1.0,1.0,0.0,0.0,0.0,1.0,0.0,1.0,0.0,1.0,0.0,0.0,1.0,0.0,1.0,1.0,0.0,0.0,1.0,0.0,0.0,0.0,0.0,0.0,1.0,1.0,1.0,0.0,1.0,0.0,1.0,0.0,1.0,1.0,1.0,1.0,1.0,0.0,1.0,1.0,1.0,1.0,1.0,0.0,0.0,0.0,0.0,1.0,0.0,0.0,0.0,0.0,0.0,1.0,,1.0,1.0,1.0,1.0,1.0,0.0,0.0,1.0,,0.0,1.0,0.0,0.0,,0.0,0.0,0.0,0.0,0.0,1.0,0.0,1.0,1.0,0.0,0.0,1.0,1.0,0.0,0.0,1.0,1.0,1.0,1.0,0.0,,0.0,0.0,1.0,1.0,1.0,0.0,0.0,1.0,1.0,0.0,1.0,1.0,1.0,1.0,0.0,0.0,1.0,1.0,0.0,0.0,0.0,0.0,0.0,1.0,0.0,0.0,0.0,1.0,0.0,1.0,1.0,1.0,1.0,1.0,0.0,0.0,0.0,0.0,0.0,0.0,1.0,0.0,0.0,0.0,0.0,0.0,0.0,1.0,0.0,1.0,0.0,0.0,1.0,1.0,0.0,1.0,1.0,0.0,0.0,0.0,0.0,0.0,0.0,0.0,0.0,1.0,1.0,0.0,0.0,0.0,0.0,0.0,1.0,1.0,1.0,0.0,1.0,0.0,0.0,0.0,1.0,0.0,0.0,0.0,0.0,0.0,1.0,,1.0,0.0,0.0,0.0,0.0,1.0,1.0,0.0,1.0,1.0,0.0,0.0,1.0,0.0,0.0,0.0,1.0,0.0,0.0,1.0,,0.0,1.0,,1.0,1.0,0.0,0.0,1.0,0.0,0.0,0.0,0.0,0.0,0.0,1.0,0.0,0.0
Hélio Leite,0.0,0.0,1.0,0.0,1.0,1.0,1.0,,,1.0,,1.0,0.0,,,,,,,,,0.0,0.0,0.0,0.0,1.0,,1.0,0.0,1.0,,1.0,0.0,0.0,0.0,0.0,1.0,1.0,0.0,0.0,0.0,0.0,0.0,1.0,0.0,,0.0,1.0,1.0,0.0,0.0,1.0,0.0,1.0,,0.0,0.0,1.0,,1.0,1.0,1.0,,0.0,,1.0,1.0,,0.0,,0.0,0.0,0.0,1.0,0.0,1.0,1.0,0.0,1.0,1.0,1.0,,1.0,0.0,,,1.0,1.0,1.0,1.0,1.0,1.0,1.0,0.0,,1.0,,1.0,0.0,,0.0,0.0,1.0,1.0,1.0,1.0,0.0,0.0,1.0,1.0,1.0,0.0,0.0,1.0,1.0,1.0,0.0,0.0,,,,0.0,0.0,0.0,0.0,1.0,0.0,0.0,0.0,0.0,1.0,0.0,0.0,0.0,0.0,1.0,1.0,,1.0,,0.0,0.0,1.0,0.0,1.0,1.0,,1.0,1.0,0.0,0.0,1.0,1.0,0.0,0.0,0.0,1.0,0.0,1.0,1.0,0.0,,1.0,0.0,1.0,0.0,0.0,0.0,,,,,0.0,1.0,0.0,,1.0,1.0,1.0,1.0,1.0,0.0,0.0,1.0,1.0,0.0,1.0,1.0,1.0,,0.0,1.0,0.0,1.0,0.0,0.0,0.0,0.0,1.0,1.0,0.0,1.0,0.0,,,0.0,0.0,,1.0,0.0,0.0,0.0,1.0,0.0,0.0,0.0,1.0,,0.0,1.0,1.0,1.0,0.0,0.0,1.0,1.0,1.0,1.0,1.0,0.0,0.0,0.0,0.0,1.0,1.0,1.0,0.0,1.0,0.0,0.0,1.0,0.0,0.0,0.0,1.0,0.0,1.0,0.0,1.0,1.0,1.0,,1.0,0.0,1.0,1.0,0.0,,0.0,1.0,1.0,1.0,1.0,1.0,1.0,1.0,1.0,,1.0,,1.0,0.0,0.0,0.0,0.0,1.0,1.0,0.0,,0.0,,1.0,1.0,,0.0,0.0,0.0,0.0,1.0,,1.0,0.0,0.0,,1.0,1.0,1.0,,1.0,0.0,0.0,1.0,1.0,1.0,1.0,0.0,0.0,1.0,0.0,0.0,0.0,0.0,1.0,1.0,1.0,0.0,0.0,1.0,0.0,1.0,0.0,1.0,1.0,0.0,0.0,1.0,1.0,1.0,1.0,1.0,1.0,1.0,0.0,0.0,0.0,0.0,1.0,0.0,0.0,0.0,0.0,0.0,1.0,1.0,1.0,1.0,0.0,,1.0,0.0,1.0,1.0,1.0,,1.0,0.0,0.0,,1.0,0.0,0.0,0.0,,1.0,0.0,,1.0,1.0,0.0,1.0,1.0,0.0,0.0,1.0,1.0,0.0,,0.0,0.0,,0.0,1.0,,,0.0,0.0,1.0,0.0,0.0,1.0,1.0,1.0,1.0,0.0,,1.0,1.0,0.0,0.0,0.0,0.0,0.0,1.0,0.0,0.0,0.0,1.0,0.0,1.0,1.0,1.0,1.0,1.0,0.0,1.0,0.0,0.0,,0.0,1.0,0.0,,0.0,0.0,0.0,,,,1.0,1.0,0.0,,1.0,0.0,1.0,1.0,0.0,,0.0,0.0,0.0,0.0,0.0,0.0,1.0,1.0,0.0,1.0,1.0,0.0,,0.0,1.0,1.0,0.0,1.0,0.0,,0.0,,0.0,0.0,0.0,0.0,0.0,1.0,,1.0,0.0,0.0,0.0,,,,,1.0,0.0,0.0,0.0,1.0,0.0,0.0,0.0,1.0,1.0,,1.0,0.0,0.0,1.0,1.0,1.0,1.0,0.0,,1.0,0.0,,0.0,0.0,0.0,0.0,1.0,0.0,0.0
Idilvan Alencar,1.0,,1.0,1.0,1.0,1.0,1.0,1.0,1.0,1.0,1.0,1.0,1.0,0.0,1.0,1.0,0.0,1.0,0.0,0.0,,0.0,0.0,1.0,0.0,1.0,1.0,0.0,1.0,0.0,0.0,1.0,0.0,0.0,0.0,0.0,0.0,1.0,0.0,1.0,1.0,1.0,0.0,0.0,0.0,1.0,0.0,1.0,1.0,0.0,0.0,1.0,0.0,1.0,1.0,0.0,0.0,1.0,0.0,1.0,0.0,1.0,0.0,0.0,0.0,0.0,1.0,1.0,0.0,0.0,0.0,,0.0,1.0,0.0,1.0,1.0,0.0,1.0,1.0,1.0,1.0,,,1.0,,1.0,1.0,1.0,1.0,1.0,,0.0,1.0,1.0,1.0,1.0,1.0,0.0,0.0,0.0,1.0,0.0,1.0,1.0,1.0,0.0,0.0,1.0,1.0,1.0,0.0,0.0,0.0,0.0,0.0,1.0,0.0,0.0,0.0,1.0,1.0,1.0,0.0,,0.0,1.0,1.0,1.0,1.0,0.0,1.0,1.0,1.0,0.0,0.0,0.0,0.0,1.0,,,0.0,1.0,0.0,0.0,1.0,0.0,1.0,0.0,0.0,0.0,1.0,1.0,0.0,0.0,0.0,1.0,0.0,0.0,1.0,0.0,0.0,1.0,0.0,0.0,0.0,1.0,0.0,1.0,1.0,1.0,0.0,,,,,,,0.0,0.0,0.0,0.0,0.0,0.0,0.0,0.0,0.0,0.0,0.0,0.0,1.0,0.0,1.0,0.0,,0.0,1.0,1.0,1.0,0.0,0.0,1.0,,,1.0,0.0,1.0,1.0,0.0,1.0,1.0,1.0,0.0,1.0,1.0,,0.0,1.0,1.0,1.0,0.0,0.0,0.0,1.0,0.0,0.0,0.0,0.0,0.0,1.0,1.0,1.0,1.0,0.0,1.0,0.0,1.0,0.0,1.0,1.0,0.0,1.0,1.0,1.0,0.0,0.0,1.0,1.0,1.0,1.0,1.0,1.0,0.0,1.0,1.0,0.0,1.0,1.0,0.0,1.0,1.0,1.0,1.0,1.0,0.0,0.0,1.0,0.0,1.0,1.0,,1.0,1.0,0.0,1.0,0.0,1.0,1.0,0.0,1.0,0.0,0.0,0.0,0.0,0.0,1.0,1.0,1.0,0.0,0.0,1.0,1.0,0.0,1.0,0.0,0.0,0.0,0.0,0.0,1.0,0.0,1.0,1.0,1.0,1.0,0.0,0.0,0.0,0.0,1.0,1.0,0.0,0.0,0.0,0.0,0.0,1.0,1.0,1.0,0.0,1.0,1.0,1.0,1.0,1.0,0.0,1.0,1.0,1.0,1.0,1.0,0.0,1.0,0.0,0.0,0.0,1.0,1.0,0.0,1.0,1.0,1.0,1.0,0.0,0.0,0.0,0.0,1.0,1.0,0.0,1.0,1.0,1.0,1.0,0.0,1.0,0.0,1.0,1.0,0.0,1.0,0.0,0.0,0.0,1.0,0.0,0.0,0.0,1.0,0.0,0.0,1.0,0.0,1.0,0.0,1.0,1.0,1.0,1.0,0.0,0.0,1.0,1.0,1.0,1.0,0.0,1.0,0.0,0.0,1.0,1.0,1.0,1.0,0.0,1.0,0.0,1.0,,,,,,1.0,1.0,,1.0,0.0,1.0,0.0,0.0,0.0,0.0,0.0,,,1.0,1.0,1.0,1.0,0.0,,,,,,,,,0.0,0.0,1.0,1.0,0.0,1.0,0.0,0.0,1.0,,,,,,,,,,,1.0,1.0,0.0,0.0,1.0,1.0,1.0,0.0,0.0,0.0,0.0,1.0,1.0,1.0,1.0,1.0,1.0,1.0,0.0,0.0,0.0,1.0,1.0,0.0,1.0,1.0,0.0,1.0,1.0,1.0,1.0,1.0,0.0,1.0,1.0,,0.0,1.0,0.0,1.0,1.0,0.0,1.0,0.0,0.0,1.0,,1.0,0.0,1.0,0.0,0.0,0.0,0.0,0.0,1.0,0.0,1.0
Igor Kannário,,,1.0,1.0,1.0,1.0,1.0,1.0,0.0,,0.0,,0.0,1.0,,,,1.0,0.0,,1.0,,,0.0,0.0,1.0,,1.0,,,0.0,1.0,0.0,,0.0,0.0,1.0,1.0,0.0,0.0,0.0,0.0,0.0,0.0,0.0,,,1.0,,,,,0.0,1.0,1.0,0.0,0.0,1.0,,,,,,0.0,1.0,1.0,,,,,0.0,,0.0,1.0,,1.0,,,,1.0,1.0,,,,0.0,,1.0,,1.0,1.0,1.0,1.0,1.0,0.0,1.0,1.0,1.0,1.0,0.0,0.0,0.0,1.0,1.0,1.0,1.0,1.0,,0.0,1.0,,1.0,,,1.0,1.0,1.0,0.0,0.0,0.0,0.0,1.0,0.0,0.0,0.0,0.0,1.0,0.0,0.0,0.0,0.0,0.0,0.0,0.0,0.0,0.0,1.0,1.0,1.0,1.0,0.0,,,,,,,,,,,,,,,,,,,,,,,,,,,0.0,,1.0,,,0.0,,0.0,1.0,,0.0,,0.0,0.0,,,,,,,,,,1.0,0.0,,0.0,1.0,,,0.0,0.0,,,0.0,1.0,0.0,,1.0,0.0,1.0,,,,,,0.0,,0.0,,1.0,0.0,0.0,1.0,1.0,,,,,,,,,0.0,0.0,,,,,,,,,,,,0.0,,,0.0,1.0,,1.0,,,,1.0,1.0,1.0,1.0,0.0,,,,,,,,1.0,0.0,,0.0,1.0,0.0,1.0,0.0,1.0,0.0,0.0,1.0,,0.0,,,,,,,,0.0,0.0,0.0,1.0,1.0,1.0,1.0,,,1.0,0.0,,,1.0,,1.0,1.0,0.0,1.0,1.0,0.0,0.0,1.0,0.0,0.0,0.0,0.0,1.0,1.0,1.0,1.0,,1.0,0.0,0.0,1.0,1.0,1.0,0.0,0.0,1.0,1.0,,,1.0,1.0,1.0,0.0,,0.0,0.0,1.0,0.0,0.0,,0.0,0.0,1.0,1.0,1.0,1.0,1.0,0.0,1.0,,1.0,1.0,1.0,1.0,,0.0,0.0,1.0,1.0,0.0,0.0,,,1.0,0.0,0.0,0.0,1.0,0.0,1.0,,,0.0,1.0,1.0,1.0,1.0,1.0,0.0,1.0,0.0,1.0,1.0,0.0,0.0,0.0,1.0,0.0,0.0,1.0,1.0,1.0,,,1.0,1.0,1.0,0.0,0.0,0.0,0.0,0.0,,0.0,0.0,0.0,1.0,0.0,1.0,1.0,1.0,,,,,,0.0,0.0,0.0,,0.0,0.0,,0.0,0.0,0.0,1.0,0.0,1.0,0.0,,0.0,1.0,0.0,1.0,1.0,0.0,,0.0,,0.0,0.0,,0.0,1.0,,0.0,1.0,0.0,0.0,0.0,1.0,1.0,1.0,0.0,1.0,0.0,0.0,0.0,1.0,0.0,,,0.0,,1.0,,1.0,,,,,,,0.0,1.0,0.0,0.0,0.0,1.0,,0.0,,1.0,1.0,,1.0,0.0,,1.0,,1.0,1.0,,,1.0,0.0,0.0,0.0,0.0,0.0,0.0,1.0,,
Igor Timo,0.0,1.0,1.0,1.0,1.0,1.0,1.0,,0.0,1.0,,,1.0,0.0,1.0,,1.0,0.0,1.0,1.0,1.0,0.0,0.0,,0.0,,,,,,,,,,,,,,,,,0.0,0.0,0.0,,1.0,0.0,1.0,1.0,0.0,,,,1.0,1.0,0.0,0.0,1.0,,1.0,,1.0,1.0,0.0,0.0,,,0.0,,0.0,0.0,0.0,0.0,1.0,0.0,1.0,1.0,,1.0,1.0,,1.0,1.0,0.0,1.0,,1.0,1.0,,1.0,1.0,1.0,0.0,1.0,,1.0,1.0,1.0,1.0,,,0.0,1.0,1.0,1.0,1.0,,0.0,1.0,1.0,1.0,0.0,0.0,1.0,1.0,1.0,,0.0,,0.0,,0.0,,0.0,,1.0,0.0,,,0.0,1.0,0.0,,,,1.0,1.0,1.0,1.0,0.0,0.0,0.0,,,,,,,1.0,,,,,,,,,0.0,1.0,1.0,,,,,,,,,1.0,,,0.0,0.0,,0.0,0.0,1.0,1.0,1.0,1.0,1.0,1.0,1.0,1.0,1.0,1.0,,1.0,1.0,,,,0.0,0.0,,0.0,0.0,0.0,,,0.0,,0.0,,1.0,0.0,0.0,0.0,1.0,0.0,0.0,0.0,1.0,0.0,0.0,0.0,,,0.0,,1.0,1.0,1.0,0.0,1.0,1.0,1.0,1.0,1.0,0.0,0.0,,,,1.0,1.0,0.0,1.0,0.0,,,0.0,1.0,,0.0,1.0,1.0,,1.0,1.0,1.0,,1.0,1.0,0.0,1.0,0.0,1.0,0.0,1.0,1.0,1.0,1.0,1.0,0.0,0.0,1.0,0.0,1.0,1.0,,,,0.0,0.0,1.0,0.0,0.0,1.0,0.0,1.0,,1.0,1.0,0.0,0.0,,,,1.0,1.0,,0.0,0.0,1.0,1.0,,,,0.0,0.0,1.0,0.0,1.0,,0.0,,1.0,,,,0.0,1.0,1.0,1.0,0.0,,1.0,0.0,1.0,0.0,,,0.0,,1.0,,1.0,1.0,1.0,,1.0,0.0,,0.0,0.0,1.0,,0.0,,0.0,0.0,,,0.0,1.0,,,,,,,,1.0,1.0,,0.0,,1.0,0.0,0.0,,,,,,1.0,,0.0,,,,,1.0,1.0,0.0,,1.0,,1.0,,0.0,0.0,0.0,0.0,0.0,1.0,0.0,0.0,1.0,,1.0,,0.0,1.0,1.0,1.0,0.0,0.0,0.0,0.0,0.0,1.0,,,0.0,1.0,0.0,1.0,1.0,1.0,1.0,1.0,,,0.0,0.0,,,1.0,,,,0.0,,0.0,1.0,0.0,1.0,1.0,0.0,,1.0,0.0,1.0,1.0,0.0,0.0,0.0,0.0,,,0.0,0.0,1.0,1.0,0.0,1.0,0.0,0.0,1.0,1.0,,,0.0,0.0,0.0,0.0,0.0,1.0,0.0,0.0,0.0,0.0,0.0,1.0,,1.0,0.0,0.0,0.0,,1.0,1.0,0.0,,,,,1.0,0.0,0.0,0.0,1.0,1.0,0.0,1.0,1.0,0.0,1.0,1.0,1.0,1.0,,,,0.0,,,0.0,0.0,0.0,,,
Iracema Portella,,,1.0,0.0,1.0,1.0,1.0,,,,,,0.0,1.0,,1.0,0.0,1.0,0.0,0.0,1.0,,,,0.0,,,1.0,,,,,0.0,,,0.0,1.0,1.0,0.0,0.0,0.0,1.0,0.0,1.0,0.0,,,,,,,,0.0,1.0,,0.0,0.0,1.0,,1.0,1.0,1.0,,,0.0,,1.0,1.0,0.0,,0.0,,,,0.0,1.0,1.0,0.0,1.0,0.0,,1.0,,,0.0,,1.0,1.0,1.0,1.0,1.0,1.0,,0.0,,,1.0,1.0,0.0,,,,,,0.0,1.0,,0.0,0.0,0.0,0.0,0.0,0.0,1.0,1.0,1.0,0.0,,0.0,0.0,1.0,0.0,0.0,,0.0,1.0,,0.0,0.0,,1.0,,0.0,0.0,0.0,1.0,,1.0,1.0,,,1.0,,,,,,,1.0,1.0,,1.0,1.0,0.0,,,,,1.0,1.0,,,,,,,0.0,,1.0,1.0,1.0,0.0,0.0,1.0,,0.0,1.0,1.0,1.0,1.0,1.0,1.0,,,,,,,,1.0,0.0,1.0,0.0,1.0,,,0.0,,1.0,1.0,,1.0,,,,0.0,,0.0,,0.0,,,1.0,1.0,0.0,,1.0,,,1.0,1.0,,1.0,,,1.0,1.0,,1.0,,0.0,0.0,0.0,1.0,1.0,1.0,0.0,1.0,0.0,0.0,1.0,0.0,,0.0,1.0,1.0,,,0.0,1.0,1.0,,,,,1.0,0.0,,,1.0,1.0,1.0,,1.0,1.0,1.0,1.0,1.0,1.0,0.0,1.0,0.0,0.0,0.0,0.0,1.0,0.0,,,,,,,,0.0,,0.0,,1.0,1.0,,0.0,0.0,,1.0,,,,1.0,0.0,1.0,,,0.0,,0.0,,1.0,,,0.0,,1.0,1.0,,1.0,,1.0,0.0,1.0,0.0,1.0,1.0,0.0,1.0,,,1.0,1.0,1.0,1.0,1.0,0.0,0.0,0.0,,,,,1.0,,,,1.0,1.0,1.0,1.0,0.0,,0.0,0.0,1.0,,0.0,,,,,0.0,,,0.0,,1.0,0.0,,1.0,,,1.0,,0.0,0.0,,1.0,,,0.0,0.0,1.0,,0.0,0.0,,0.0,0.0,1.0,0.0,0.0,,1.0,1.0,,,1.0,1.0,1.0,,,0.0,0.0,,,0.0,,0.0,1.0,0.0,1.0,1.0,,,,,,0.0,,,,,0.0,0.0,,0.0,0.0,1.0,,,,1.0,,0.0,,,1.0,,0.0,0.0,,,0.0,,,,1.0,1.0,0.0,,1.0,1.0,,,1.0,1.0,1.0,,1.0,,0.0,1.0,,,0.0,,,1.0,,1.0,0.0,0.0,,0.0,0.0,,0.0,,,,,1.0,,,,1.0,1.0,0.0,1.0,,,1.0,,,,,,1.0,0.0,,,,,,,,0.0
Isnaldo Bulhões Jr.,,,1.0,0.0,1.0,1.0,0.0,1.0,,,,,0.0,1.0,0.0,1.0,0.0,,0.0,,1.0,,,1.0,0.0,1.0,0.0,1.0,0.0,,,,0.0,,0.0,,,1.0,0.0,0.0,0.0,0.0,0.0,1.0,0.0,1.0,,,,,,,,1.0,,,,1.0,0.0,,1.0,1.0,1.0,0.0,,,1.0,1.0,,,0.0,,,1.0,0.0,1.0,,,,1.0,,1.0,1.0,,0.0,,1.0,1.0,1.0,,,1.0,,,1.0,,1.0,1.0,0.0,0.0,,1.0,1.0,1.0,1.0,1.0,0.0,0.0,1.0,1.0,1.0,0.0,0.0,1.0,1.0,,,0.0,,0.0,1.0,,0.0,,,1.0,0.0,,,,,0.0,,,0.0,,1.0,,1.0,,0.0,1.0,,,0.0,1.0,0.0,,1.0,0.0,,1.0,1.0,,,,1.0,,,,0.0,0.0,,0.0,1.0,0.0,0.0,,1.0,,,0.0,,1.0,,0.0,1.0,1.0,1.0,1.0,1.0,1.0,0.0,0.0,,1.0,1.0,1.0,1.0,1.0,,,0.0,1.0,0.0,0.0,,,1.0,1.0,0.0,1.0,,,,,0.0,0.0,,,,,,,,,1.0,,,1.0,1.0,,,,1.0,,,1.0,1.0,0.0,0.0,,,,,,,1.0,,,1.0,,,0.0,1.0,,,0.0,,,1.0,,1.0,0.0,0.0,1.0,0.0,,,1.0,1.0,,1.0,,1.0,1.0,,,,0.0,,0.0,,,,,,0.0,,,,,,,,,0.0,,1.0,,1.0,,,0.0,,1.0,,,1.0,,0.0,,0.0,,1.0,,,1.0,0.0,,0.0,0.0,1.0,,1.0,1.0,0.0,1.0,0.0,1.0,0.0,1.0,1.0,,1.0,1.0,1.0,1.0,1.0,1.0,1.0,1.0,,,0.0,0.0,,0.0,,,,0.0,,,,1.0,1.0,,0.0,,,1.0,,,,0.0,,1.0,0.0,0.0,0.0,,0.0,,,,1.0,1.0,,1.0,1.0,0.0,,,,,1.0,0.0,0.0,1.0,0.0,,,0.0,0.0,1.0,0.0,0.0,,1.0,,0.0,1.0,,1.0,1.0,,0.0,0.0,,,0.0,1.0,0.0,0.0,,,,,,,0.0,1.0,,,0.0,0.0,0.0,,1.0,0.0,0.0,0.0,0.0,0.0,0.0,1.0,0.0,,,0.0,0.0,1.0,0.0,1.0,1.0,0.0,0.0,0.0,0.0,0.0,,0.0,0.0,1.0,1.0,0.0,1.0,0.0,1.0,0.0,0.0,1.0,1.0,1.0,1.0,1.0,0.0,,1.0,,0.0,0.0,0.0,0.0,1.0,,1.0,0.0,,0.0,0.0,,,,1.0,1.0,0.0,,1.0,0.0,,,,1.0,0.0,1.0,0.0,,1.0,1.0,1.0,1.0,0.0,0.0,1.0,0.0,0.0,,0.0,0.0,0.0,1.0,0.0,
Ivan Valente,1.0,1.0,1.0,1.0,1.0,1.0,1.0,1.0,1.0,1.0,1.0,1.0,1.0,0.0,1.0,1.0,1.0,0.0,1.0,1.0,1.0,,1.0,1.0,,1.0,1.0,0.0,1.0,0.0,,,,,,,,1.0,,1.0,,1.0,0.0,0.0,,0.0,0.0,0.0,,,,,0.0,,1.0,0.0,0.0,0.0,,1.0,0.0,0.0,0.0,,,0.0,1.0,1.0,0.0,0.0,,,,,,,0.0,,,1.0,,,0.0,0.0,1.0,,1.0,1.0,1.0,0.0,0.0,0.0,0.0,1.0,1.0,1.0,1.0,1.0,,0.0,0.0,1.0,0.0,1.0,1.0,1.0,1.0,0.0,1.0,1.0,1.0,0.0,0.0,0.0,0.0,0.0,1.0,0.0,1.0,1.0,0.0,1.0,1.0,0.0,1.0,0.0,0.0,0.0,1.0,1.0,0.0,1.0,1.0,1.0,1.0,,0.0,0.0,1.0,,,0.0,1.0,1.0,0.0,1.0,0.0,0.0,0.0,,,,,,,,0.0,,0.0,,,,,,,,1.0,1.0,1.0,1.0,,0.0,,,,,,,0.0,0.0,0.0,0.0,0.0,0.0,0.0,0.0,0.0,0.0,0.0,0.0,1.0,0.0,1.0,0.0,,,1.0,1.0,,0.0,1.0,1.0,,,1.0,1.0,,1.0,0.0,1.0,1.0,1.0,0.0,1.0,1.0,1.0,0.0,1.0,1.0,0.0,0.0,0.0,0.0,1.0,0.0,0.0,0.0,0.0,0.0,1.0,1.0,1.0,,0.0,,0.0,1.0,0.0,1.0,1.0,0.0,1.0,1.0,1.0,0.0,0.0,,,1.0,1.0,1.0,,0.0,1.0,,0.0,1.0,1.0,,1.0,0.0,1.0,0.0,0.0,0.0,0.0,0.0,1.0,0.0,1.0,0.0,1.0,1.0,1.0,1.0,0.0,0.0,1.0,0.0,1.0,0.0,0.0,,0.0,,,,,,,0.0,,,1.0,0.0,0.0,0.0,0.0,0.0,1.0,0.0,1.0,1.0,1.0,1.0,1.0,1.0,0.0,0.0,1.0,1.0,1.0,0.0,0.0,0.0,0.0,1.0,1.0,1.0,0.0,1.0,0.0,0.0,1.0,1.0,0.0,0.0,1.0,1.0,0.0,0.0,0.0,1.0,1.0,1.0,1.0,0.0,1.0,1.0,1.0,1.0,1.0,1.0,0.0,0.0,0.0,0.0,1.0,1.0,0.0,1.0,1.0,0.0,1.0,0.0,1.0,,0.0,,0.0,1.0,0.0,0.0,0.0,1.0,0.0,0.0,0.0,1.0,0.0,,,0.0,1.0,0.0,1.0,1.0,1.0,1.0,0.0,1.0,1.0,1.0,1.0,1.0,0.0,1.0,1.0,1.0,1.0,1.0,1.0,,1.0,1.0,0.0,,,,,,,1.0,1.0,,1.0,0.0,1.0,0.0,0.0,0.0,,,,,,,1.0,1.0,0.0,,,,,,,,,0.0,0.0,1.0,1.0,0.0,1.0,0.0,0.0,1.0,,,,,,,,,,,,1.0,0.0,0.0,1.0,1.0,1.0,0.0,0.0,0.0,0.0,1.0,,1.0,1.0,1.0,1.0,1.0,0.0,0.0,0.0,1.0,1.0,0.0,1.0,1.0,0.0,1.0,1.0,1.0,1.0,1.0,0.0,1.0,1.0,1.0,0.0,0.0,1.0,0.0,1.0,0.0,0.0,0.0,0.0,1.0,1.0,1.0,0.0,1.0,0.0,0.0,0.0,0.0,0.0,0.0,0.0,1.0
JHC,,,1.0,1.0,1.0,1.0,1.0,,,,,,,,,,,,,,,,,,,,,,,,,,,,,,,,,,,,,,,,,,,,,,,,,,,,,,,,,,,,,,,,,,,,,,,,,,,,,,,,,1.0,,,,,,,,,,,,,,0.0,0.0,,,,,,,,,,,1.0,,1.0,,,0.0,,1.0,0.0,0.0,0.0,0.0,0.0,0.0,1.0,0.0,,1.0,0.0,,1.0,1.0,1.0,1.0,0.0,1.0,,0.0,0.0,,,,,,,,,,,,,,,,,,,,,,,,,0.0,,1.0,,,1.0,,,,,,,0.0,0.0,0.0,0.0,0.0,0.0,0.0,0.0,0.0,0.0,0.0,0.0,1.0,0.0,1.0,1.0,,0.0,,1.0,,,0.0,,,,0.0,0.0,0.0,0.0,1.0,0.0,0.0,0.0,0.0,1.0,1.0,0.0,1.0,1.0,0.0,,0.0,0.0,0.0,1.0,0.0,0.0,0.0,0.0,0.0,,1.0,1.0,1.0,0.0,1.0,0.0,1.0,0.0,1.0,1.0,0.0,1.0,0.0,1.0,1.0,0.0,1.0,1.0,1.0,,1.0,1.0,,1.0,1.0,0.0,1.0,1.0,0.0,1.0,1.0,1.0,1.0,,0.0,0.0,1.0,0.0,1.0,1.0,0.0,1.0,,1.0,1.0,0.0,1.0,,0.0,0.0,0.0,0.0,0.0,0.0,0.0,,0.0,0.0,,,1.0,0.0,0.0,1.0,1.0,0.0,0.0,,0.0,1.0,0.0,1.0,0.0,1.0,,,,,,0.0,0.0,0.0,1.0,1.0,1.0,,0.0,1.0,1.0,0.0,1.0,1.0,1.0,1.0,1.0,0.0,0.0,1.0,1.0,1.0,1.0,,0.0,0.0,0.0,0.0,0.0,1.0,0.0,1.0,1.0,1.0,1.0,1.0,1.0,0.0,0.0,1.0,1.0,,1.0,1.0,1.0,1.0,,1.0,0.0,,,0.0,1.0,,0.0,1.0,1.0,,1.0,,0.0,1.0,,,0.0,1.0,0.0,,,0.0,0.0,,0.0,1.0,1.0,1.0,,0.0,,,1.0,1.0,,1.0,,,,1.0,1.0,1.0,0.0,,0.0,0.0,1.0,1.0,,0.0,,0.0,1.0,1.0,,,,,,0.0,,0.0,,1.0,0.0,,,0.0,0.0,,,0.0,1.0,1.0,0.0,,,0.0,1.0,,0.0,,,0.0,0.0,,,,,,,,,,,,,1.0,,,,,,,0.0,0.0,,,,1.0,,1.0,0.0,0.0,0.0,0.0,,,0.0,,1.0,,,1.0,,,,,1.0,,,0.0,,1.0,1.0,,,,0.0,,0.0,,,0.0,,,,,
Jandira Feghali,,,1.0,1.0,1.0,1.0,1.0,1.0,1.0,1.0,1.0,1.0,0.0,1.0,1.0,1.0,1.0,0.0,1.0,1.0,1.0,0.0,1.0,1.0,,1.0,,0.0,,,1.0,0.0,,1.0,,,0.0,1.0,1.0,1.0,1.0,1.0,0.0,0.0,0.0,0.0,0.0,0.0,1.0,0.0,0.0,1.0,0.0,1.0,1.0,0.0,0.0,1.0,0.0,1.0,1.0,1.0,0.0,,0.0,0.0,1.0,1.0,,1.0,,,,,,,,,,1.0,,1.0,1.0,0.0,1.0,,1.0,1.0,1.0,1.0,1.0,1.0,0.0,0.0,1.0,1.0,1.0,1.0,0.0,0.0,0.0,1.0,0.0,1.0,1.0,1.0,0.0,0.0,1.0,1.0,1.0,0.0,0.0,0.0,0.0,0.0,1.0,0.0,1.0,0.0,0.0,1.0,1.0,0.0,1.0,0.0,0.0,1.0,1.0,1.0,0.0,1.0,1.0,1.0,1.0,0.0,0.0,0.0,1.0,0.0,0.0,0.0,1.0,1.0,0.0,1.0,0.0,1.0,0.0,,,,,,,,,,0.0,,,,,,,,1.0,0.0,1.0,1.0,1.0,0.0,,,,,,1.0,0.0,0.0,0.0,0.0,0.0,0.0,0.0,0.0,0.0,0.0,0.0,0.0,1.0,0.0,1.0,1.0,0.0,0.0,1.0,1.0,1.0,1.0,0.0,1.0,,,1.0,1.0,1.0,1.0,0.0,1.0,1.0,1.0,0.0,1.0,1.0,0.0,1.0,1.0,1.0,0.0,0.0,0.0,0.0,1.0,0.0,0.0,0.0,0.0,0.0,1.0,1.0,1.0,1.0,0.0,1.0,0.0,1.0,0.0,1.0,1.0,0.0,1.0,1.0,1.0,1.0,0.0,1.0,1.0,1.0,1.0,1.0,1.0,0.0,1.0,1.0,0.0,1.0,1.0,0.0,1.0,1.0,1.0,1.0,1.0,0.0,0.0,1.0,1.0,0.0,1.0,0.0,1.0,0.0,1.0,1.0,0.0,0.0,1.0,0.0,1.0,0.0,0.0,,0.0,1.0,1.0,1.0,1.0,1.0,1.0,1.0,1.0,0.0,1.0,1.0,0.0,,0.0,1.0,1.0,0.0,1.0,1.0,1.0,1.0,1.0,0.0,0.0,0.0,1.0,1.0,0.0,0.0,0.0,0.0,0.0,1.0,1.0,1.0,0.0,1.0,1.0,1.0,0.0,1.0,0.0,0.0,,1.0,1.0,1.0,0.0,0.0,0.0,1.0,1.0,0.0,1.0,0.0,1.0,1.0,1.0,1.0,1.0,0.0,0.0,0.0,1.0,1.0,,1.0,1.0,1.0,1.0,0.0,1.0,0.0,1.0,1.0,0.0,1.0,0.0,0.0,0.0,0.0,1.0,1.0,0.0,1.0,0.0,0.0,1.0,0.0,1.0,0.0,1.0,0.0,1.0,1.0,0.0,0.0,1.0,1.0,1.0,1.0,0.0,1.0,0.0,0.0,1.0,1.0,1.0,1.0,0.0,0.0,0.0,,,,,,,1.0,1.0,,1.0,0.0,1.0,0.0,0.0,0.0,0.0,,,,1.0,1.0,1.0,1.0,0.0,,,,,,,,,0.0,0.0,1.0,1.0,0.0,1.0,0.0,0.0,1.0,,,,,,,,,,,1.0,1.0,0.0,0.0,1.0,1.0,1.0,0.0,0.0,0.0,0.0,1.0,1.0,1.0,1.0,1.0,1.0,1.0,0.0,0.0,0.0,1.0,1.0,0.0,1.0,1.0,0.0,1.0,1.0,1.0,1.0,1.0,1.0,1.0,1.0,1.0,0.0,1.0,0.0,1.0,1.0,0.0,1.0,0.0,0.0,1.0,1.0,1.0,0.0,1.0,0.0,0.0,0.0,0.0,0.0,1.0,0.0,1.0
Jaqueline Cassol,0.0,0.0,1.0,1.0,1.0,1.0,1.0,1.0,0.0,1.0,0.0,1.0,0.0,1.0,0.0,1.0,0.0,1.0,0.0,0.0,1.0,0.0,0.0,1.0,,,,,,1.0,0.0,1.0,0.0,0.0,0.0,0.0,1.0,1.0,0.0,0.0,0.0,1.0,0.0,1.0,0.0,1.0,0.0,1.0,1.0,0.0,0.0,1.0,0.0,1.0,1.0,0.0,0.0,,0.0,1.0,1.0,1.0,0.0,,0.0,,1.0,1.0,0.0,0.0,0.0,0.0,0.0,1.0,0.0,1.0,1.0,0.0,1.0,1.0,1.0,1.0,1.0,0.0,0.0,,1.0,1.0,,1.0,,1.0,1.0,0.0,0.0,1.0,1.0,1.0,0.0,,,0.0,,0.0,0.0,0.0,,1.0,0.0,0.0,0.0,1.0,1.0,1.0,1.0,1.0,0.0,0.0,0.0,0.0,1.0,0.0,0.0,0.0,0.0,1.0,1.0,0.0,0.0,0.0,1.0,0.0,1.0,0.0,0.0,1.0,1.0,1.0,1.0,,1.0,1.0,1.0,0.0,0.0,1.0,0.0,1.0,1.0,0.0,0.0,1.0,,0.0,,,,,,1.0,0.0,1.0,,0.0,1.0,0.0,0.0,0.0,1.0,,1.0,0.0,0.0,1.0,0.0,,1.0,1.0,1.0,1.0,1.0,1.0,0.0,1.0,1.0,1.0,1.0,1.0,1.0,1.0,0.0,0.0,0.0,1.0,,0.0,,0.0,1.0,1.0,0.0,1.0,0.0,,0.0,0.0,0.0,0.0,,0.0,0.0,0.0,1.0,1.0,0.0,0.0,1.0,0.0,0.0,1.0,1.0,1.0,1.0,0.0,1.0,1.0,1.0,1.0,1.0,0.0,0.0,,0.0,1.0,1.0,1.0,,1.0,0.0,,,0.0,,0.0,1.0,1.0,0.0,0.0,0.0,,,,1.0,0.0,0.0,1.0,0.0,0.0,,1.0,1.0,1.0,1.0,1.0,1.0,1.0,1.0,1.0,1.0,0.0,,0.0,0.0,,0.0,,0.0,0.0,1.0,0.0,1.0,1.0,1.0,1.0,0.0,0.0,0.0,0.0,1.0,1.0,,0.0,0.0,,1.0,1.0,1.0,0.0,1.0,,1.0,0.0,1.0,0.0,1.0,0.0,0.0,1.0,0.0,,0.0,0.0,1.0,1.0,1.0,1.0,0.0,1.0,0.0,1.0,0.0,1.0,1.0,0.0,1.0,1.0,,,1.0,1.0,1.0,1.0,,0.0,0.0,,1.0,0.0,1.0,0.0,0.0,0.0,,1.0,1.0,1.0,0.0,1.0,1.0,0.0,1.0,1.0,1.0,1.0,1.0,0.0,0.0,,0.0,1.0,0.0,0.0,0.0,1.0,0.0,0.0,1.0,1.0,0.0,1.0,0.0,0.0,0.0,,1.0,0.0,1.0,0.0,0.0,1.0,0.0,0.0,0.0,0.0,0.0,0.0,1.0,0.0,0.0,1.0,1.0,1.0,,0.0,1.0,1.0,1.0,0.0,0.0,,,0.0,1.0,,0.0,0.0,,0.0,1.0,1.0,1.0,0.0,0.0,1.0,1.0,0.0,0.0,0.0,1.0,1.0,0.0,0.0,0.0,0.0,0.0,0.0,1.0,0.0,1.0,1.0,0.0,0.0,1.0,0.0,1.0,1.0,0.0,0.0,0.0,0.0,0.0,0.0,0.0,0.0,1.0,1.0,0.0,1.0,0.0,1.0,0.0,0.0,1.0,1.0,1.0,1.0,0.0,1.0,0.0,1.0,0.0,,,0.0,,1.0,1.0,1.0,0.0,0.0,0.0,0.0,1.0,1.0,0.0,1.0,0.0,,,1.0,0.0,0.0,0.0,1.0,1.0,0.0,1.0,1.0,0.0,1.0,1.0,1.0,1.0,,0.0,1.0,0.0,,,,,,,,0.0
Jefferson Campos,0.0,0.0,1.0,1.0,1.0,1.0,1.0,1.0,0.0,,0.0,1.0,1.0,0.0,1.0,,,,,,,0.0,1.0,0.0,0.0,,0.0,0.0,1.0,1.0,0.0,1.0,0.0,0.0,,0.0,1.0,1.0,0.0,1.0,1.0,0.0,0.0,1.0,0.0,1.0,0.0,1.0,1.0,0.0,0.0,1.0,0.0,1.0,1.0,0.0,1.0,1.0,,,1.0,1.0,0.0,0.0,,,0.0,0.0,0.0,0.0,,0.0,0.0,1.0,0.0,1.0,,,,1.0,1.0,,1.0,0.0,1.0,,1.0,1.0,1.0,1.0,1.0,1.0,1.0,0.0,0.0,1.0,1.0,1.0,0.0,0.0,0.0,1.0,1.0,,0.0,0.0,0.0,1.0,0.0,0.0,0.0,1.0,1.0,,1.0,,0.0,0.0,0.0,0.0,1.0,0.0,0.0,,0.0,1.0,0.0,0.0,0.0,0.0,0.0,0.0,1.0,1.0,0.0,1.0,1.0,1.0,,,,,1.0,0.0,0.0,1.0,0.0,1.0,,,,,,,,,,,,,,,,,,,0.0,,,1.0,1.0,0.0,,,,,,,,,,,,,,,,,,1.0,,0.0,0.0,1.0,0.0,0.0,0.0,0.0,,,0.0,1.0,0.0,,0.0,1.0,1.0,0.0,0.0,0.0,1.0,1.0,0.0,1.0,0.0,0.0,1.0,0.0,0.0,1.0,,,,0.0,1.0,1.0,,1.0,1.0,0.0,0.0,0.0,0.0,1.0,1.0,1.0,0.0,1.0,0.0,0.0,1.0,0.0,0.0,1.0,1.0,1.0,1.0,,,,1.0,,0.0,0.0,1.0,0.0,1.0,,,,,,,,1.0,1.0,,0.0,1.0,0.0,1.0,1.0,0.0,0.0,0.0,1.0,0.0,0.0,1.0,0.0,1.0,1.0,,,0.0,0.0,0.0,0.0,1.0,1.0,1.0,0.0,0.0,0.0,1.0,0.0,,,0.0,0.0,0.0,0.0,0.0,1.0,1.0,0.0,,1.0,0.0,,,0.0,1.0,1.0,1.0,1.0,0.0,1.0,0.0,,0.0,1.0,1.0,0.0,1.0,1.0,0.0,1.0,1.0,1.0,1.0,1.0,0.0,0.0,0.0,,1.0,0.0,0.0,0.0,0.0,0.0,1.0,1.0,0.0,0.0,1.0,1.0,1.0,0.0,1.0,1.0,1.0,1.0,,0.0,0.0,,1.0,0.0,1.0,0.0,0.0,1.0,0.0,0.0,1.0,1.0,0.0,1.0,1.0,0.0,0.0,,0.0,0.0,1.0,0.0,0.0,1.0,0.0,1.0,1.0,0.0,0.0,0.0,1.0,1.0,1.0,1.0,1.0,1.0,,0.0,1.0,1.0,1.0,0.0,0.0,0.0,0.0,0.0,1.0,0.0,,,1.0,0.0,0.0,,1.0,1.0,1.0,0.0,1.0,0.0,0.0,0.0,1.0,1.0,,0.0,0.0,0.0,0.0,,,,,1.0,,0.0,1.0,0.0,1.0,1.0,0.0,,0.0,,0.0,,0.0,0.0,1.0,1.0,0.0,1.0,0.0,,0.0,0.0,1.0,0.0,,1.0,1.0,,0.0,1.0,0.0,0.0,,0.0,0.0,,1.0,1.0,0.0,1.0,0.0,0.0,1.0,1.0,0.0,1.0,,0.0,0.0,,0.0,0.0,0.0,1.0,1.0,0.0,1.0,0.0,,1.0,1.0,1.0,1.0,0.0,,,,0.0,,,0.0,0.0,,0.0,0.0
Jerônimo Goergen,,,1.0,0.0,1.0,1.0,1.0,1.0,0.0,,0.0,1.0,,1.0,0.0,1.0,0.0,1.0,0.0,0.0,1.0,,0.0,0.0,,1.0,,1.0,0.0,,0.0,0.0,0.0,,0.0,0.0,1.0,1.0,0.0,0.0,0.0,0.0,0.0,1.0,0.0,1.0,,1.0,1.0,0.0,,,0.0,0.0,1.0,0.0,0.0,1.0,0.0,1.0,,1.0,,0.0,0.0,1.0,1.0,1.0,0.0,0.0,0.0,,,1.0,,1.0,1.0,0.0,1.0,1.0,,,,,0.0,,1.0,,1.0,1.0,,1.0,,0.0,0.0,1.0,1.0,,0.0,,,0.0,,0.0,0.0,,0.0,1.0,0.0,0.0,0.0,1.0,1.0,1.0,,,,,0.0,0.0,1.0,0.0,0.0,,0.0,1.0,1.0,,0.0,0.0,1.0,0.0,,0.0,0.0,1.0,1.0,1.0,1.0,,,,,,,,,,1.0,,,,,,,,,0.0,1.0,1.0,0.0,0.0,1.0,0.0,,0.0,0.0,0.0,1.0,,,0.0,0.0,,,,0.0,1.0,,,0.0,1.0,,1.0,,,,1.0,,1.0,,1.0,0.0,1.0,,0.0,0.0,0.0,,,,1.0,0.0,,0.0,,0.0,0.0,1.0,0.0,0.0,0.0,1.0,,,0.0,,0.0,0.0,1.0,1.0,1.0,,,1.0,1.0,1.0,1.0,1.0,0.0,0.0,,,,1.0,1.0,0.0,1.0,0.0,0.0,,,,,1.0,1.0,,,0.0,,1.0,1.0,1.0,0.0,,1.0,0.0,,,1.0,,1.0,,,1.0,1.0,1.0,0.0,1.0,0.0,1.0,0.0,0.0,0.0,0.0,,,0.0,1.0,0.0,1.0,1.0,1.0,1.0,,0.0,0.0,0.0,1.0,,1.0,0.0,,0.0,1.0,1.0,1.0,0.0,1.0,,,0.0,1.0,0.0,1.0,0.0,0.0,1.0,0.0,0.0,0.0,0.0,1.0,1.0,1.0,1.0,,1.0,0.0,1.0,,,,1.0,1.0,1.0,1.0,1.0,1.0,1.0,,1.0,0.0,,0.0,0.0,1.0,,0.0,0.0,0.0,0.0,1.0,1.0,0.0,1.0,1.0,0.0,,,,,1.0,1.0,1.0,0.0,0.0,1.0,,,0.0,0.0,,1.0,0.0,,1.0,,,,,,0.0,,1.0,0.0,1.0,0.0,,1.0,0.0,0.0,,0.0,0.0,0.0,0.0,0.0,0.0,1.0,1.0,0.0,,1.0,1.0,,1.0,0.0,,,,0.0,1.0,0.0,,0.0,,,1.0,1.0,1.0,,,0.0,1.0,0.0,0.0,0.0,0.0,1.0,0.0,,,0.0,0.0,,,,,1.0,,0.0,,0.0,1.0,,,0.0,0.0,0.0,,0.0,0.0,,,,,1.0,,,,,1.0,0.0,,,1.0,,,,,,,,,,1.0,1.0,,0.0,0.0,0.0,,,0.0,1.0,,,,1.0,0.0,,0.0,1.0,1.0,,1.0,0.0,,1.0,,,1.0,0.0,0.0,1.0,0.0,,,,,,,,
Jesus Sérgio,1.0,,1.0,1.0,1.0,1.0,1.0,,,1.0,,1.0,1.0,0.0,1.0,1.0,0.0,1.0,0.0,0.0,1.0,0.0,0.0,1.0,,1.0,1.0,0.0,1.0,0.0,1.0,0.0,1.0,1.0,,0.0,0.0,1.0,0.0,1.0,1.0,1.0,0.0,0.0,0.0,1.0,0.0,1.0,1.0,0.0,0.0,1.0,0.0,1.0,1.0,0.0,0.0,1.0,0.0,1.0,1.0,1.0,,0.0,0.0,0.0,,1.0,0.0,0.0,0.0,0.0,0.0,1.0,0.0,1.0,1.0,0.0,1.0,1.0,1.0,1.0,1.0,0.0,1.0,,1.0,1.0,1.0,1.0,1.0,1.0,0.0,1.0,1.0,1.0,,,,0.0,0.0,1.0,0.0,1.0,1.0,1.0,0.0,0.0,1.0,1.0,1.0,0.0,0.0,0.0,0.0,0.0,1.0,1.0,0.0,0.0,1.0,1.0,1.0,0.0,,0.0,1.0,1.0,1.0,1.0,0.0,1.0,1.0,1.0,0.0,,0.0,0.0,1.0,0.0,0.0,0.0,1.0,0.0,0.0,1.0,0.0,1.0,,0.0,0.0,1.0,1.0,0.0,0.0,0.0,1.0,,,,,,,,,,1.0,,1.0,,1.0,0.0,,,,,,,0.0,0.0,0.0,0.0,0.0,0.0,0.0,0.0,0.0,0.0,0.0,0.0,1.0,0.0,1.0,1.0,0.0,0.0,1.0,1.0,1.0,0.0,0.0,1.0,,,1.0,0.0,1.0,1.0,0.0,1.0,1.0,1.0,0.0,1.0,1.0,0.0,0.0,1.0,1.0,1.0,0.0,0.0,0.0,1.0,0.0,0.0,0.0,0.0,0.0,1.0,1.0,,1.0,0.0,1.0,0.0,1.0,0.0,1.0,1.0,0.0,1.0,1.0,1.0,0.0,0.0,1.0,1.0,1.0,1.0,,1.0,0.0,,,0.0,1.0,1.0,,1.0,1.0,1.0,1.0,1.0,0.0,0.0,1.0,0.0,1.0,1.0,0.0,1.0,1.0,,0.0,0.0,1.0,1.0,,1.0,0.0,0.0,0.0,0.0,,1.0,1.0,1.0,0.0,0.0,1.0,1.0,0.0,1.0,0.0,,0.0,,0.0,1.0,0.0,1.0,1.0,1.0,1.0,0.0,,,,,,0.0,1.0,1.0,1.0,1.0,,1.0,1.0,0.0,1.0,1.0,1.0,1.0,1.0,0.0,1.0,1.0,1.0,1.0,1.0,0.0,,,0.0,0.0,1.0,1.0,0.0,,1.0,1.0,1.0,1.0,1.0,0.0,0.0,1.0,1.0,0.0,1.0,1.0,1.0,1.0,0.0,1.0,0.0,1.0,,0.0,1.0,1.0,,1.0,0.0,1.0,0.0,1.0,0.0,1.0,1.0,0.0,0.0,1.0,0.0,1.0,1.0,1.0,1.0,0.0,0.0,1.0,1.0,1.0,1.0,0.0,1.0,0.0,0.0,1.0,1.0,1.0,,0.0,1.0,0.0,1.0,,,,,,,1.0,,1.0,0.0,1.0,0.0,0.0,0.0,0.0,,,,1.0,1.0,1.0,1.0,,,,,,,,,,0.0,0.0,1.0,1.0,0.0,1.0,0.0,0.0,1.0,,,,,,,,,,,1.0,1.0,0.0,0.0,1.0,1.0,1.0,0.0,0.0,0.0,0.0,1.0,1.0,1.0,,1.0,,1.0,0.0,,0.0,1.0,0.0,0.0,1.0,1.0,0.0,1.0,1.0,1.0,1.0,1.0,1.0,,1.0,1.0,0.0,1.0,0.0,1.0,1.0,,1.0,0.0,0.0,1.0,1.0,1.0,0.0,1.0,,,,,,,,0.0
Jhc,,,,,,,,,,,,,,,,,,,,,,,,,,,1.0,0.0,1.0,,0.0,1.0,,,,,,,,,,1.0,0.0,1.0,0.0,,,,,,,,,,,,,,,,,,,,,,,0.0,,,,0.0,0.0,1.0,,1.0,1.0,0.0,,,,1.0,1.0,0.0,1.0,,,,,,,,,,,,,,,,,,,,,,,,,,,,,,,,,,,,,,,,,,,,,,,,,,,,,,,,,,,,,,,,1.0,,0.0,1.0,1.0,0.0,0.0,,,0.0,0.0,1.0,0.0,0.0,1.0,0.0,,,,,,,,,,,,,,,,,,,,,,,,,,,,,,,,,,,,,,,,,,,,,,,,,,,,,,,,,,,,,,,,,,,,,,,,,,,,,,,,,,,,,,,,,,,,,,,,,,,,,,,,,,,,,,,,,,,,,,,,,,,,,,,,,,,,,,,,,,,,,,,,,,,,,,,,,,,,,,,,,,,,,,,,,,,,,,,,,,,,,,,,,,,,,,,,,,,,,,,,,,,,,,,,,,,,,,,,,,,,,,,,,,,,,,,,,,,,,,,,,,,,,,,,,,,,,,,,,,,,,,,,,,,,,,,,,,,,,,,,,,,,,,,,,,,,,,,,,,,,,,,,,,,,,,,,,,,,,,,,,,,,,,,,,,,,,,,,,,,,,
Jhonatan de Jesus,0.0,0.0,1.0,0.0,1.0,1.0,,1.0,0.0,1.0,0.0,1.0,0.0,1.0,0.0,1.0,0.0,1.0,0.0,0.0,,,1.0,1.0,,1.0,,,,,,0.0,,0.0,0.0,0.0,1.0,0.0,0.0,0.0,0.0,,0.0,1.0,0.0,1.0,,1.0,,,,,0.0,1.0,1.0,0.0,,1.0,0.0,1.0,1.0,1.0,1.0,,,1.0,1.0,1.0,0.0,,,,,,,1.0,1.0,,1.0,1.0,,1.0,,,0.0,,1.0,1.0,1.0,1.0,1.0,1.0,,0.0,1.0,1.0,1.0,1.0,0.0,,,,,,0.0,0.0,0.0,1.0,1.0,0.0,1.0,1.0,1.0,1.0,,1.0,0.0,0.0,,,1.0,,,,0.0,1.0,1.0,,,,,0.0,,,0.0,1.0,1.0,1.0,1.0,,,0.0,1.0,0.0,0.0,1.0,0.0,,,0.0,,,1.0,0.0,0.0,,,,,,,,,,,,0.0,0.0,1.0,1.0,,0.0,,,0.0,0.0,1.0,0.0,1.0,1.0,1.0,0.0,0.0,1.0,1.0,1.0,1.0,,,1.0,0.0,1.0,0.0,0.0,,,,,1.0,1.0,,1.0,0.0,,,0.0,0.0,,1.0,,0.0,,1.0,,,,1.0,1.0,,1.0,,,,,,,,,,0.0,0.0,,0.0,,,,0.0,,,,,,0.0,0.0,,1.0,0.0,,,,,1.0,,,,1.0,0.0,1.0,0.0,1.0,1.0,1.0,1.0,1.0,1.0,1.0,1.0,1.0,1.0,,,,0.0,,,1.0,0.0,,,,,,,,0.0,0.0,0.0,0.0,1.0,1.0,1.0,0.0,,,1.0,,,,,,1.0,0.0,1.0,,,0.0,0.0,,0.0,0.0,0.0,0.0,1.0,1.0,1.0,1.0,0.0,1.0,,1.0,,1.0,1.0,,1.0,1.0,,,1.0,1.0,,1.0,0.0,0.0,0.0,0.0,1.0,0.0,0.0,,,,,1.0,,1.0,,1.0,,0.0,,,,1.0,,0.0,0.0,1.0,0.0,,,0.0,,,0.0,,,1.0,,1.0,,,0.0,,1.0,,,0.0,0.0,1.0,0.0,0.0,,0.0,0.0,0.0,1.0,0.0,0.0,1.0,1.0,1.0,,0.0,1.0,1.0,1.0,0.0,0.0,0.0,0.0,,1.0,0.0,,0.0,,,,,,,1.0,,,0.0,0.0,,,,0.0,0.0,,0.0,,,,0.0,1.0,,,,1.0,0.0,,,0.0,,0.0,0.0,0.0,,0.0,0.0,1.0,1.0,0.0,,,1.0,,0.0,1.0,0.0,1.0,1.0,1.0,,0.0,1.0,0.0,0.0,0.0,0.0,,1.0,,,0.0,,,,1.0,,,1.0,1.0,,0.0,,,,,,1.0,,1.0,,,1.0,1.0,1.0,,0.0,0.0,1.0,0.0,,,,,,,,
Joaquim Passarinho,0.0,0.0,1.0,0.0,1.0,1.0,0.0,1.0,0.0,1.0,0.0,1.0,1.0,0.0,1.0,1.0,1.0,0.0,0.0,1.0,1.0,0.0,1.0,0.0,0.0,1.0,0.0,1.0,0.0,1.0,0.0,1.0,0.0,0.0,0.0,0.0,1.0,1.0,0.0,0.0,0.0,0.0,0.0,1.0,0.0,1.0,0.0,,1.0,0.0,0.0,1.0,0.0,0.0,1.0,0.0,1.0,1.0,0.0,1.0,,,1.0,0.0,0.0,1.0,0.0,0.0,0.0,0.0,0.0,0.0,0.0,1.0,0.0,1.0,1.0,0.0,1.0,1.0,1.0,1.0,1.0,0.0,0.0,,1.0,1.0,1.0,1.0,1.0,1.0,1.0,0.0,0.0,0.0,1.0,1.0,1.0,,,0.0,1.0,0.0,0.0,0.0,0.0,1.0,0.0,0.0,0.0,1.0,1.0,1.0,1.0,1.0,0.0,0.0,0.0,0.0,1.0,0.0,0.0,0.0,0.0,1.0,0.0,0.0,0.0,,1.0,0.0,0.0,0.0,0.0,1.0,1.0,1.0,1.0,0.0,0.0,0.0,1.0,0.0,1.0,1.0,0.0,1.0,1.0,0.0,0.0,1.0,1.0,0.0,0.0,0.0,1.0,0.0,1.0,1.0,0.0,0.0,1.0,0.0,1.0,0.0,0.0,0.0,1.0,,1.0,0.0,,1.0,0.0,0.0,1.0,1.0,1.0,1.0,1.0,1.0,1.0,1.0,1.0,1.0,1.0,1.0,1.0,1.0,0.0,1.0,0.0,1.0,0.0,0.0,0.0,0.0,1.0,0.0,0.0,1.0,0.0,,0.0,0.0,0.0,0.0,1.0,0.0,0.0,0.0,1.0,1.0,0.0,,1.0,0.0,0.0,1.0,1.0,1.0,1.0,0.0,,1.0,1.0,1.0,1.0,0.0,0.0,0.0,0.0,1.0,1.0,1.0,0.0,1.0,0.0,0.0,1.0,0.0,0.0,0.0,0.0,1.0,0.0,0.0,0.0,1.0,1.0,1.0,1.0,0.0,0.0,0.0,0.0,1.0,0.0,1.0,1.0,1.0,1.0,1.0,1.0,1.0,1.0,1.0,1.0,0.0,1.0,0.0,0.0,0.0,0.0,1.0,0.0,0.0,1.0,0.0,1.0,1.0,,1.0,0.0,0.0,0.0,0.0,1.0,1.0,1.0,0.0,0.0,0.0,1.0,1.0,1.0,0.0,1.0,0.0,1.0,0.0,0.0,0.0,1.0,0.0,0.0,1.0,0.0,0.0,0.0,,1.0,,1.0,1.0,0.0,1.0,0.0,1.0,0.0,1.0,1.0,0.0,1.0,1.0,1.0,1.0,1.0,1.0,1.0,1.0,0.0,0.0,0.0,0.0,1.0,0.0,0.0,0.0,0.0,0.0,0.0,1.0,1.0,1.0,1.0,0.0,0.0,1.0,0.0,0.0,1.0,0.0,1.0,0.0,0.0,1.0,0.0,1.0,0.0,0.0,0.0,1.0,0.0,0.0,1.0,1.0,0.0,1.0,1.0,0.0,0.0,1.0,1.0,0.0,1.0,0.0,0.0,0.0,0.0,0.0,0.0,0.0,0.0,0.0,1.0,,0.0,,1.0,1.0,1.0,0.0,1.0,1.0,1.0,0.0,0.0,0.0,0.0,0.0,1.0,1.0,0.0,0.0,1.0,0.0,1.0,1.0,1.0,1.0,1.0,0.0,1.0,0.0,0.0,0.0,0.0,1.0,0.0,0.0,0.0,0.0,0.0,0.0,1.0,0.0,1.0,1.0,0.0,0.0,1.0,0.0,1.0,1.0,0.0,0.0,0.0,0.0,0.0,0.0,0.0,0.0,1.0,1.0,,1.0,0.0,1.0,0.0,0.0,1.0,0.0,1.0,1.0,1.0,1.0,0.0,1.0,0.0,0.0,0.0,0.0,0.0,1.0,1.0,1.0,0.0,0.0,0.0,0.0,1.0,1.0,0.0,1.0,0.0,0.0,0.0,1.0,0.0,0.0,0.0,1.0,1.0,0.0,1.0,0.0,0.0,1.0,1.0,1.0,1.0,0.0,0.0,1.0,0.0,,,,,,,,0.0
Joceval Rodrigues,,,,,,,,,,,,1.0,,,,,,,,,,,,,,,,,,,,,,,,,,,,,,,,,,,0.0,1.0,,,,,,,,,,,,,,,,,,,,,,,,,,,,,,,,,,,,,,,,,,,,,,,,,,,,,,,,,,,,,,,,,,,,,,,,,,,,,,,,,,,,,,,,,,,,,,,,,,,,,,,,,,,,,,,,,,,,,,,,,,,,,,,,,,,,,,,,,,,,,,,,,,,,,,,,,,,,,,,,,,,,,,,,,,,,,,,,,,,,,,,,,,,,,,,,,,,,,,,,,,,,,,,,,,,,,,,,,,,,,,,,,,,,,,,,,,,,,,,,,,,,,,,,,,,,,,,,,,,,,,,,,,,,,,,,,,,,,,,,,,,,,,,,,,,,,,,,,,,,,,,,,,,,,,,,,,,,,,,,,,,,,,,,,,,,,,,,,,,,,,,,,,,,,,,,,,,,,,,,,,,,,,,,,,,,,,,,,,,,,,,,,,,,,,,,,,,,,,,,,,,,,,,,,,,,,,,,,,,,,,,,,,,,,,,,,,,,,,,,,,,,,,,,,,,,,,,,,
Joenia Wapichana,1.0,1.0,1.0,1.0,1.0,1.0,1.0,1.0,1.0,1.0,,,1.0,0.0,1.0,1.0,1.0,0.0,1.0,1.0,1.0,0.0,1.0,1.0,,1.0,,0.0,1.0,0.0,,,,,,,,,,,,,0.0,0.0,,0.0,0.0,,1.0,0.0,,1.0,0.0,1.0,1.0,0.0,0.0,1.0,0.0,1.0,1.0,1.0,0.0,0.0,0.0,0.0,0.0,1.0,0.0,0.0,,,,0.0,1.0,0.0,0.0,1.0,0.0,1.0,0.0,1.0,1.0,0.0,0.0,,1.0,1.0,1.0,1.0,1.0,1.0,1.0,1.0,1.0,1.0,,,0.0,0.0,0.0,1.0,0.0,1.0,1.0,1.0,0.0,0.0,1.0,1.0,1.0,0.0,0.0,0.0,0.0,0.0,1.0,,0.0,0.0,1.0,0.0,1.0,0.0,1.0,0.0,0.0,0.0,1.0,1.0,0.0,1.0,1.0,1.0,1.0,0.0,0.0,0.0,1.0,0.0,0.0,0.0,1.0,1.0,0.0,1.0,0.0,1.0,0.0,0.0,0.0,1.0,0.0,0.0,1.0,1.0,0.0,0.0,0.0,1.0,0.0,0.0,1.0,0.0,0.0,0.0,1.0,0.0,1.0,1.0,1.0,0.0,,0.0,,,0.0,0.0,0.0,0.0,0.0,0.0,0.0,0.0,0.0,0.0,0.0,0.0,0.0,0.0,1.0,0.0,1.0,0.0,0.0,0.0,1.0,1.0,1.0,0.0,0.0,1.0,1.0,,1.0,1.0,1.0,1.0,0.0,1.0,1.0,1.0,0.0,1.0,1.0,0.0,1.0,1.0,1.0,1.0,0.0,0.0,0.0,1.0,0.0,0.0,0.0,0.0,0.0,1.0,1.0,1.0,1.0,0.0,1.0,0.0,1.0,0.0,1.0,1.0,0.0,1.0,1.0,1.0,1.0,0.0,1.0,1.0,1.0,1.0,1.0,1.0,0.0,1.0,1.0,0.0,1.0,1.0,0.0,1.0,1.0,1.0,1.0,1.0,0.0,0.0,1.0,0.0,1.0,1.0,0.0,1.0,1.0,1.0,1.0,0.0,0.0,1.0,0.0,1.0,0.0,0.0,0.0,0.0,0.0,1.0,1.0,0.0,1.0,1.0,1.0,1.0,0.0,1.0,0.0,0.0,0.0,1.0,1.0,1.0,0.0,1.0,1.0,1.0,1.0,0.0,0.0,1.0,,0.0,1.0,0.0,1.0,0.0,0.0,0.0,0.0,1.0,1.0,0.0,1.0,0.0,0.0,1.0,1.0,0.0,0.0,1.0,1.0,0.0,1.0,0.0,0.0,0.0,0.0,0.0,0.0,1.0,0.0,1.0,1.0,1.0,1.0,1.0,1.0,0.0,0.0,1.0,1.0,0.0,1.0,1.0,1.0,1.0,0.0,1.0,0.0,1.0,1.0,0.0,1.0,0.0,0.0,1.0,1.0,0.0,0.0,0.0,1.0,0.0,0.0,1.0,0.0,1.0,0.0,1.0,1.0,1.0,1.0,0.0,0.0,1.0,1.0,1.0,1.0,0.0,1.0,1.0,1.0,1.0,1.0,1.0,1.0,0.0,0.0,0.0,,,,,,,1.0,1.0,,1.0,0.0,1.0,0.0,0.0,0.0,0.0,1.0,,,1.0,1.0,1.0,1.0,0.0,,,,,,,,,0.0,,,,,,,,,,,,,,,,,,,1.0,,0.0,0.0,1.0,1.0,1.0,0.0,0.0,0.0,0.0,1.0,1.0,1.0,1.0,1.0,1.0,1.0,0.0,0.0,0.0,1.0,1.0,0.0,1.0,1.0,0.0,1.0,1.0,1.0,1.0,1.0,1.0,1.0,1.0,1.0,0.0,1.0,0.0,1.0,1.0,0.0,1.0,0.0,0.0,1.0,1.0,1.0,1.0,1.0,0.0,0.0,0.0,0.0,0.0,1.0,0.0,1.0
Joice Hasselmann,1.0,0.0,1.0,1.0,,1.0,1.0,1.0,1.0,,1.0,1.0,0.0,1.0,0.0,0.0,0.0,0.0,0.0,0.0,1.0,,,0.0,,,,,,,,,,,,0.0,1.0,,0.0,0.0,0.0,,,1.0,0.0,1.0,1.0,1.0,,,,,0.0,1.0,1.0,0.0,0.0,1.0,,1.0,,,,,0.0,1.0,,0.0,0.0,,,0.0,,,,1.0,,,,1.0,1.0,1.0,,,0.0,,0.0,0.0,1.0,1.0,1.0,1.0,1.0,0.0,1.0,0.0,1.0,1.0,1.0,0.0,0.0,0.0,1.0,1.0,1.0,1.0,,0.0,0.0,1.0,0.0,0.0,0.0,1.0,1.0,1.0,0.0,0.0,0.0,,,,0.0,0.0,,,,,,,,,,,,,,,1.0,0.0,0.0,0.0,1.0,0.0,0.0,1.0,0.0,1.0,,,,,,,,,,,1.0,1.0,,,,,,,0.0,0.0,1.0,1.0,1.0,,0.0,1.0,0.0,0.0,1.0,1.0,1.0,1.0,1.0,1.0,1.0,1.0,1.0,1.0,1.0,1.0,1.0,1.0,1.0,0.0,0.0,0.0,,,0.0,,1.0,0.0,0.0,1.0,0.0,,1.0,1.0,1.0,,0.0,1.0,1.0,1.0,,0.0,,,,,,,,1.0,,,,,,,,,,,,,,,,,,,,,0.0,,,,,,1.0,1.0,1.0,1.0,,0.0,1.0,1.0,0.0,0.0,,1.0,1.0,1.0,,1.0,1.0,1.0,1.0,,1.0,0.0,,,0.0,,,,,,1.0,0.0,1.0,1.0,1.0,1.0,,,0.0,0.0,1.0,,1.0,,0.0,0.0,,1.0,1.0,,,,,1.0,0.0,,1.0,0.0,0.0,1.0,0.0,0.0,0.0,0.0,1.0,1.0,1.0,1.0,0.0,1.0,,,0.0,1.0,1.0,0.0,1.0,1.0,0.0,1.0,1.0,1.0,1.0,1.0,,,,,,0.0,,0.0,0.0,0.0,1.0,1.0,0.0,1.0,1.0,0.0,1.0,0.0,0.0,1.0,,1.0,1.0,,0.0,1.0,0.0,0.0,,0.0,0.0,1.0,0.0,0.0,1.0,1.0,0.0,1.0,1.0,0.0,,1.0,,,1.0,0.0,1.0,,0.0,1.0,1.0,0.0,0.0,0.0,1.0,1.0,1.0,,1.0,,1.0,1.0,0.0,1.0,1.0,0.0,0.0,0.0,0.0,0.0,1.0,,,,,,,,,,,,,0.0,0.0,0.0,0.0,1.0,0.0,,,,,,,,,,0.0,,1.0,,,,,,0.0,0.0,0.0,0.0,0.0,0.0,1.0,1.0,0.0,1.0,0.0,,,,1.0,0.0,1.0,1.0,1.0,,0.0,1.0,0.0,1.0,1.0,1.0,1.0,1.0,,,,0.0,0.0,1.0,0.0,0.0,,,1.0,0.0,0.0,1.0,0.0,,0.0,1.0,1.0,0.0,1.0,0.0,0.0,1.0,1.0,,1.0,,0.0,,0.0,0.0,,0.0,0.0,0.0,1.0,0.0,0.0
Jones Moura,0.0,0.0,,,,,,1.0,0.0,1.0,0.0,1.0,0.0,,0.0,,,,,,1.0,0.0,,,,,,,,,,,,,,,,,,,,,,,,1.0,,1.0,1.0,,0.0,1.0,,,,,,,,1.0,1.0,1.0,,,,1.0,1.0,,0.0,0.0,,,,,,,,,,,,,,,,,,,1.0,,,,1.0,0.0,1.0,,1.0,1.0,,,,,,1.0,1.0,1.0,0.0,0.0,1.0,1.0,1.0,0.0,0.0,,,,,,,,,,,,,,,,,,,,,,,,,,,,,,1.0,0.0,0.0,1.0,0.0,1.0,,,,,,,,,,,,,,,,,,,,,,1.0,1.0,,,,,,,,,,,,,,,,,,,,,,,,,,,,,,,,0.0,,,,,,,,,,,,,,,,,,,,,,,,,,,,,,,,,,,,,,,,,,,,,,,,,,,,,,,,,,,,,,,,,,,,,,,,,,,,,,,,,,,,,,,,,,,,,,,,,,,,,,,,,,,,,,,,,,,,,,,,,,,,,,,,,,,,,,,,,,,,,,,,,,,,,,,,,,,,,,,,,,,,,,,,,,,,,,,,,,,,,,,,,,,,,,,,,,,,,,,,,,,,,,,,,,,,,,,,,,,,,,,,,,,,,,,,,,,,,,,,,,,,,,,,,,,,,,,,,,,,,,,,,,,,,,,,,,,,,,,,,,,,,,,,,,,,,,,,,,,,,,
Jorge Braz,0.0,0.0,1.0,0.0,1.0,1.0,1.0,1.0,0.0,1.0,0.0,1.0,1.0,0.0,,,,0.0,1.0,0.0,0.0,0.0,1.0,1.0,0.0,1.0,0.0,0.0,1.0,1.0,0.0,0.0,0.0,0.0,0.0,0.0,1.0,0.0,0.0,0.0,0.0,1.0,0.0,1.0,0.0,1.0,0.0,1.0,1.0,0.0,0.0,1.0,0.0,1.0,,0.0,,1.0,,1.0,1.0,1.0,,,0.0,1.0,0.0,1.0,0.0,0.0,0.0,,0.0,1.0,,1.0,1.0,0.0,1.0,1.0,1.0,,,,0.0,,1.0,1.0,1.0,1.0,1.0,1.0,1.0,0.0,1.0,1.0,1.0,1.0,0.0,,,,,0.0,0.0,0.0,0.0,1.0,1.0,0.0,1.0,1.0,1.0,1.0,1.0,1.0,0.0,0.0,0.0,0.0,1.0,0.0,0.0,0.0,0.0,1.0,1.0,0.0,0.0,0.0,1.0,0.0,0.0,1.0,0.0,1.0,1.0,1.0,1.0,0.0,0.0,0.0,1.0,0.0,0.0,1.0,0.0,1.0,1.0,0.0,0.0,1.0,1.0,0.0,0.0,,1.0,0.0,1.0,1.0,0.0,0.0,1.0,0.0,1.0,0.0,,,1.0,1.0,1.0,,,1.0,0.0,0.0,1.0,1.0,1.0,1.0,1.0,0.0,0.0,1.0,1.0,1.0,1.0,1.0,1.0,1.0,0.0,1.0,0.0,0.0,0.0,,,0.0,1.0,1.0,0.0,1.0,0.0,,0.0,0.0,0.0,0.0,1.0,0.0,0.0,0.0,1.0,1.0,0.0,0.0,1.0,0.0,0.0,1.0,1.0,1.0,1.0,0.0,1.0,1.0,1.0,1.0,1.0,0.0,0.0,0.0,0.0,1.0,1.0,1.0,0.0,1.0,0.0,0.0,1.0,0.0,0.0,1.0,,1.0,0.0,0.0,1.0,1.0,1.0,1.0,1.0,0.0,0.0,1.0,0.0,1.0,0.0,1.0,1.0,1.0,1.0,1.0,1.0,1.0,1.0,1.0,1.0,0.0,1.0,0.0,0.0,0.0,0.0,1.0,0.0,0.0,1.0,0.0,1.0,1.0,1.0,1.0,0.0,0.0,0.0,0.0,1.0,1.0,1.0,0.0,0.0,0.0,1.0,1.0,1.0,0.0,1.0,0.0,1.0,0.0,0.0,0.0,1.0,0.0,,1.0,0.0,0.0,0.0,0.0,1.0,1.0,1.0,1.0,0.0,1.0,0.0,1.0,0.0,1.0,1.0,0.0,1.0,,1.0,1.0,1.0,1.0,1.0,1.0,0.0,0.0,0.0,0.0,1.0,0.0,0.0,0.0,0.0,0.0,1.0,1.0,0.0,1.0,1.0,0.0,1.0,,0.0,1.0,1.0,1.0,,0.0,0.0,1.0,0.0,0.0,,,,1.0,0.0,1.0,1.0,1.0,0.0,1.0,1.0,0.0,0.0,1.0,1.0,0.0,,0.0,0.0,1.0,,0.0,0.0,0.0,0.0,,1.0,0.0,0.0,1.0,1.0,1.0,,0.0,1.0,1.0,1.0,0.0,0.0,0.0,0.0,0.0,1.0,0.0,0.0,0.0,1.0,0.0,1.0,1.0,1.0,0.0,1.0,0.0,1.0,0.0,,,0.0,1.0,0.0,0.0,0.0,0.0,0.0,0.0,1.0,0.0,1.0,,,,,,,,,,0.0,0.0,0.0,0.0,0.0,0.0,,1.0,0.0,1.0,,1.0,0.0,0.0,1.0,0.0,0.0,1.0,1.0,0.0,0.0,1.0,0.0,0.0,0.0,0.0,0.0,1.0,1.0,1.0,0.0,0.0,0.0,0.0,1.0,1.0,0.0,1.0,,,,1.0,,,,,1.0,0.0,1.0,,,1.0,1.0,1.0,,0.0,0.0,1.0,0.0,,,,,,,,0.0
Jorge Goetten,,,,,,,,,,,,,,,,,,,,,,,,,,,,,,,,,,,,,,,,,,,,,,,,,,,,,,,,,,,,,,,,,,,,,,,,,,,,,,,,,,,,,,,1.0,1.0,,,,,,,,,,,,,,,1.0,,,,,,,,,,,1.0,1.0,1.0,0.0,0.0,0.0,0.0,1.0,0.0,0.0,0.0,,,,,,,,,,,,,,,,,,,,,,,,,,,,,,,,,,,,,,,,,,,0.0,,,,,,,,,,,,,,,,,,,,,,,,,,,1.0,,,,,,,,,,,,,,,,,,,,,,,,,,,,,,,,,,,,,,,,,,,,,,,,,0.0,,,,,,,,,,,,,,,,,,,,,,,,,,,,,,,,,,,,,,,,,,,,,,,,,,,,,,,,,,,,,,1.0,0.0,0.0,1.0,0.0,0.0,0.0,0.0,1.0,1.0,1.0,1.0,,,,,,,,,,,,,,,,,,,,,,,,,,,,,,,,,,,,,,,,,,,,,,,0.0,1.0,0.0,,1.0,1.0,0.0,1.0,1.0,0.0,,,,,1.0,,,,,,,,,,,,,,,,,,,1.0,,0.0,0.0,0.0,0.0,0.0,1.0,0.0,0.0,0.0,1.0,0.0,1.0,1.0,1.0,,1.0,0.0,1.0,0.0,0.0,0.0,0.0,1.0,0.0,,0.0,0.0,0.0,0.0,1.0,0.0,1.0,,,0.0,1.0,0.0,1.0,1.0,0.0,0.0,0.0,0.0,0.0,0.0,0.0,0.0,0.0,1.0,0.0,1.0,0.0,1.0,0.0,0.0,1.0,0.0,1.0,1.0,1.0,1.0,0.0,1.0,0.0,0.0,0.0,0.0,0.0,1.0,1.0,1.0,,0.0,0.0,0.0,0.0,1.0,0.0,1.0,0.0,0.0,0.0,1.0,0.0,0.0,0.0,1.0,1.0,0.0,1.0,1.0,,1.0,1.0,1.0,1.0,,,,,,,,,,,,0.0
Jorge Solla,1.0,1.0,1.0,1.0,1.0,1.0,1.0,1.0,1.0,,1.0,1.0,1.0,0.0,1.0,,,0.0,1.0,1.0,1.0,0.0,1.0,1.0,,1.0,1.0,,,0.0,,,,,,,,1.0,,,,1.0,0.0,0.0,,,,,1.0,0.0,,1.0,,1.0,1.0,0.0,0.0,1.0,0.0,1.0,1.0,1.0,,,,0.0,0.0,,,,0.0,,0.0,1.0,0.0,1.0,,,,1.0,1.0,1.0,1.0,0.0,1.0,,1.0,1.0,1.0,,1.0,1.0,0.0,1.0,1.0,1.0,1.0,1.0,0.0,0.0,0.0,1.0,0.0,1.0,1.0,1.0,0.0,0.0,1.0,1.0,1.0,0.0,0.0,0.0,0.0,,1.0,0.0,1.0,1.0,0.0,1.0,1.0,0.0,1.0,0.0,0.0,1.0,1.0,1.0,0.0,1.0,1.0,1.0,1.0,0.0,0.0,0.0,1.0,0.0,1.0,0.0,,,,,,,0.0,,,,,,,,,,,0.0,,,,,,,1.0,0.0,1.0,1.0,1.0,0.0,,,,,0.0,,0.0,0.0,0.0,0.0,0.0,0.0,,,0.0,0.0,0.0,0.0,1.0,0.0,1.0,0.0,1.0,0.0,1.0,1.0,1.0,1.0,0.0,1.0,,,1.0,1.0,1.0,1.0,0.0,1.0,1.0,1.0,0.0,1.0,1.0,0.0,0.0,1.0,1.0,0.0,0.0,0.0,0.0,1.0,0.0,0.0,0.0,0.0,0.0,1.0,1.0,1.0,1.0,0.0,0.0,0.0,1.0,0.0,1.0,1.0,0.0,,1.0,1.0,,0.0,1.0,1.0,1.0,1.0,1.0,1.0,0.0,1.0,1.0,0.0,1.0,1.0,0.0,1.0,0.0,1.0,0.0,0.0,0.0,0.0,1.0,1.0,0.0,1.0,0.0,1.0,1.0,1.0,,,0.0,1.0,0.0,1.0,,,,,1.0,1.0,1.0,1.0,0.0,0.0,0.0,1.0,,1.0,0.0,0.0,,,0.0,1.0,0.0,1.0,1.0,1.0,1.0,,,0.0,0.0,1.0,1.0,0.0,0.0,0.0,0.0,0.0,1.0,1.0,1.0,0.0,1.0,0.0,0.0,1.0,1.0,0.0,0.0,1.0,1.0,0.0,0.0,0.0,1.0,1.0,1.0,1.0,0.0,1.0,0.0,1.0,1.0,1.0,1.0,0.0,0.0,0.0,0.0,1.0,1.0,,1.0,1.0,1.0,1.0,0.0,1.0,0.0,,1.0,0.0,1.0,0.0,0.0,0.0,1.0,0.0,,,1.0,0.0,,,0.0,1.0,0.0,1.0,1.0,,,0.0,0.0,1.0,1.0,0.0,,0.0,1.0,0.0,1.0,1.0,1.0,1.0,1.0,0.0,0.0,0.0,,,,,,,1.0,1.0,,1.0,0.0,1.0,0.0,0.0,,0.0,0.0,,,,1.0,1.0,,0.0,,,,,,,,,0.0,0.0,1.0,1.0,0.0,1.0,0.0,0.0,1.0,,,,,,,,,,,,1.0,0.0,0.0,,1.0,1.0,0.0,0.0,0.0,0.0,1.0,1.0,1.0,1.0,0.0,0.0,,0.0,0.0,0.0,,1.0,,1.0,1.0,0.0,0.0,1.0,1.0,1.0,1.0,1.0,0.0,0.0,1.0,0.0,1.0,0.0,1.0,1.0,,1.0,0.0,0.0,1.0,1.0,1.0,0.0,1.0,0.0,0.0,0.0,0.0,0.0,1.0,0.0,1.0
Jorielson,,,,,,,,,,,,,,0.0,1.0,1.0,1.0,0.0,1.0,1.0,0.0,0.0,,,,,,,,,,,,,,,,,,,,,,,,,,,,,,,,,,,,,,1.0,1.0,1.0,,,,,0.0,,0.0,0.0,,,,,,,,,,,,,,,,,,,,,,,,0.0,0.0,,,,,,,,,,,,,,,,,,,,,,,,,,,,,,,,,,,,,,,,,,,,,,,,,,,,,,,,,,,,,,,,,,,,,,,,,,,1.0,1.0,,,,,,,,,,,,,,,,,,,,,,,,,,,,,,,,0.0,,,,,,,,,,,,,,,,,,,,,,,,,,,,,,,,,,,,,,,,,,,,,,,,,,,,,,,,,,,,,,,,,,,,,,,,,,,,,,,,,,,,,,,,,,,,,,,,,,,,,,,,,,,,,,,,,,,,,,,,,,,,,,,,,,,,,,,,,,,,,,,,,,,,,,,,,,,,,,,,,,,,,,,,,,,,,,,,,,,,,,,,,,,,,,,,,,,,,,,,,,,,,,,,,,,,,,,,,,,,,,,,,,,,,,,,,,,,,,,,,,,,,,,,,,,,,,,,,,,,,,,,,,,,,,,,,,,,,,,,,,,,,,,,,,,,,,,,,,,,,,
Jose Mario Schreiner,0.0,0.0,1.0,0.0,1.0,1.0,0.0,1.0,0.0,1.0,0.0,1.0,0.0,1.0,0.0,1.0,0.0,1.0,0.0,0.0,1.0,0.0,,0.0,0.0,1.0,0.0,1.0,0.0,,0.0,1.0,0.0,0.0,,0.0,1.0,1.0,,0.0,0.0,0.0,0.0,,0.0,1.0,0.0,1.0,1.0,,0.0,1.0,0.0,1.0,1.0,0.0,0.0,1.0,,1.0,1.0,1.0,1.0,0.0,0.0,1.0,1.0,1.0,0.0,0.0,0.0,,,1.0,0.0,1.0,1.0,0.0,1.0,1.0,,1.0,,,0.0,,1.0,1.0,1.0,1.0,1.0,1.0,1.0,0.0,0.0,0.0,1.0,1.0,0.0,0.0,0.0,0.0,1.0,1.0,1.0,1.0,0.0,0.0,1.0,1.0,1.0,0.0,0.0,1.0,1.0,1.0,0.0,0.0,0.0,0.0,1.0,0.0,0.0,0.0,0.0,1.0,0.0,0.0,0.0,0.0,1.0,0.0,1.0,0.0,0.0,1.0,1.0,1.0,1.0,0.0,0.0,0.0,1.0,0.0,0.0,1.0,0.0,1.0,1.0,0.0,,1.0,1.0,,,0.0,1.0,0.0,1.0,1.0,0.0,0.0,1.0,0.0,1.0,0.0,0.0,0.0,1.0,1.0,1.0,0.0,0.0,1.0,0.0,0.0,1.0,1.0,1.0,1.0,1.0,0.0,0.0,1.0,1.0,1.0,1.0,1.0,1.0,1.0,0.0,1.0,0.0,1.0,0.0,0.0,0.0,0.0,,,0.0,1.0,0.0,,0.0,0.0,0.0,0.0,1.0,0.0,0.0,0.0,1.0,0.0,0.0,0.0,,0.0,0.0,1.0,1.0,1.0,0.0,0.0,1.0,1.0,1.0,1.0,1.0,0.0,0.0,0.0,0.0,1.0,1.0,1.0,0.0,1.0,0.0,0.0,,0.0,0.0,0.0,0.0,0.0,1.0,0.0,1.0,1.0,1.0,1.0,1.0,0.0,0.0,1.0,0.0,1.0,0.0,1.0,1.0,1.0,1.0,1.0,1.0,1.0,1.0,1.0,1.0,0.0,1.0,0.0,,,0.0,1.0,1.0,,1.0,0.0,1.0,1.0,1.0,1.0,,0.0,0.0,0.0,1.0,1.0,1.0,0.0,,0.0,1.0,1.0,1.0,,1.0,0.0,1.0,1.0,1.0,1.0,1.0,0.0,0.0,1.0,0.0,0.0,1.0,0.0,0.0,1.0,1.0,0.0,1.0,1.0,0.0,1.0,0.0,,1.0,0.0,0.0,1.0,1.0,1.0,1.0,1.0,1.0,1.0,0.0,0.0,0.0,0.0,1.0,0.0,0.0,0.0,0.0,0.0,,1.0,1.0,1.0,0.0,0.0,1.0,0.0,1.0,1.0,1.0,1.0,1.0,0.0,0.0,,1.0,0.0,0.0,0.0,0.0,1.0,0.0,0.0,1.0,1.0,0.0,1.0,1.0,0.0,0.0,1.0,1.0,0.0,1.0,0.0,0.0,1.0,0.0,1.0,0.0,0.0,0.0,0.0,1.0,0.0,0.0,1.0,1.0,1.0,1.0,0.0,1.0,1.0,1.0,0.0,0.0,0.0,0.0,0.0,,0.0,,0.0,1.0,0.0,1.0,1.0,1.0,1.0,0.0,0.0,1.0,0.0,0.0,0.0,0.0,1.0,0.0,0.0,0.0,,0.0,0.0,1.0,,1.0,1.0,0.0,0.0,1.0,0.0,1.0,,0.0,0.0,0.0,0.0,0.0,0.0,0.0,0.0,1.0,1.0,0.0,1.0,0.0,0.0,0.0,1.0,1.0,1.0,0.0,1.0,0.0,0.0,0.0,1.0,0.0,0.0,0.0,0.0,0.0,1.0,,1.0,0.0,0.0,0.0,0.0,1.0,1.0,0.0,1.0,0.0,0.0,0.0,1.0,,0.0,0.0,1.0,1.0,0.0,1.0,0.0,0.0,1.0,1.0,1.0,1.0,,0.0,1.0,0.0,,0.0,0.0,0.0,0.0,1.0,0.0,0.0
Joseildo Ramos,,,1.0,1.0,1.0,1.0,1.0,1.0,1.0,1.0,,1.0,1.0,0.0,1.0,,1.0,0.0,1.0,1.0,1.0,0.0,1.0,1.0,,1.0,,0.0,1.0,0.0,,,,,,,,1.0,,,,1.0,0.0,0.0,,,,,,0.0,0.0,1.0,0.0,1.0,1.0,0.0,0.0,,,,1.0,,,,,0.0,0.0,1.0,,,0.0,0.0,0.0,1.0,0.0,1.0,1.0,,,1.0,1.0,1.0,1.0,0.0,,,1.0,1.0,1.0,1.0,,1.0,0.0,1.0,1.0,1.0,1.0,1.0,0.0,0.0,0.0,1.0,0.0,,1.0,1.0,0.0,0.0,1.0,1.0,1.0,0.0,0.0,0.0,0.0,0.0,1.0,0.0,1.0,1.0,0.0,1.0,1.0,0.0,1.0,0.0,0.0,1.0,1.0,1.0,0.0,1.0,1.0,1.0,1.0,0.0,0.0,0.0,1.0,0.0,1.0,0.0,1.0,1.0,0.0,1.0,,1.0,0.0,,,,,,,,0.0,,,0.0,,,,,,,1.0,,1.0,1.0,1.0,0.0,,,,,0.0,,0.0,0.0,0.0,0.0,0.0,0.0,0.0,0.0,0.0,0.0,0.0,0.0,1.0,0.0,1.0,0.0,1.0,0.0,,,1.0,1.0,0.0,1.0,,,1.0,1.0,1.0,1.0,0.0,0.0,,1.0,0.0,1.0,1.0,0.0,0.0,1.0,1.0,0.0,0.0,0.0,0.0,1.0,0.0,0.0,0.0,0.0,0.0,,1.0,1.0,1.0,0.0,0.0,0.0,1.0,0.0,1.0,1.0,0.0,1.0,1.0,1.0,1.0,,1.0,1.0,1.0,1.0,,1.0,0.0,1.0,1.0,0.0,1.0,1.0,,1.0,0.0,,0.0,1.0,0.0,0.0,1.0,1.0,0.0,1.0,0.0,1.0,1.0,1.0,1.0,0.0,0.0,1.0,0.0,1.0,,0.0,0.0,0.0,1.0,1.0,1.0,1.0,0.0,0.0,0.0,1.0,,1.0,0.0,0.0,0.0,1.0,0.0,1.0,0.0,1.0,,1.0,1.0,1.0,,0.0,,1.0,1.0,0.0,0.0,0.0,0.0,0.0,1.0,1.0,1.0,0.0,1.0,0.0,0.0,0.0,1.0,0.0,0.0,1.0,1.0,0.0,0.0,,1.0,1.0,1.0,1.0,0.0,1.0,0.0,1.0,1.0,1.0,1.0,1.0,0.0,0.0,0.0,1.0,1.0,,1.0,1.0,1.0,1.0,0.0,1.0,0.0,1.0,1.0,0.0,1.0,,0.0,0.0,1.0,0.0,0.0,0.0,1.0,0.0,,,,1.0,0.0,1.0,1.0,1.0,1.0,0.0,0.0,1.0,1.0,1.0,1.0,0.0,1.0,,1.0,1.0,1.0,1.0,1.0,0.0,0.0,0.0,,,,,,,1.0,,,1.0,0.0,1.0,0.0,0.0,0.0,0.0,0.0,,,,,1.0,1.0,0.0,,,,,,,,,0.0,0.0,1.0,1.0,0.0,1.0,0.0,0.0,,,,,,,,,,,,,1.0,0.0,0.0,,1.0,1.0,0.0,,,0.0,,1.0,1.0,1.0,1.0,0.0,0.0,0.0,,0.0,1.0,1.0,0.0,1.0,1.0,0.0,0.0,1.0,,1.0,1.0,1.0,0.0,0.0,,0.0,1.0,0.0,1.0,1.0,0.0,1.0,0.0,0.0,1.0,1.0,1.0,0.0,1.0,0.0,0.0,0.0,0.0,0.0,1.0,0.0,1.0
Josias Gomes,,1.0,,,,,,1.0,1.0,,,1.0,,,,,,,,,,,1.0,,,,,,,,,,,,,,,,,,,,,,,1.0,0.0,1.0,1.0,0.0,0.0,1.0,,,,,,,,,,,,,,,,,,,,,,,,,,,,,,,,,,,,,,,,,,,1.0,,,,,,,,,1.0,1.0,1.0,0.0,0.0,1.0,1.0,1.0,0.0,0.0,,,,,,,,,,,,,,,,,,,,,,,,,,,,,,1.0,1.0,0.0,1.0,,1.0,,,,,,,,,,,,,,,,,,,,,,,,,,,,,,,,,,,,,,,,,,,,,,,,,,,,,,,,,,,,,,,,,,,,,,,,,,,,,,,,,,,,,,,,,,,,,,,,,,,,,,,,,,,,,,,,,,,,,,,,,,,,,,,,,,,,,,,,,,,,,,,,,,,,,,,,,,,,,,,,,,,,,,,,,,,,,,,,,,,,,,,,,,,,,,,,,,,,,,,,,,,,,,,,,,,,,,,,,,,,,,,,,,,,,,,,,,,,,,,,,,,,,,,,,,,,,,,,,,,,,,,,,,,,,,,,,,,,,,,,,,,,,,,,,,,,,,,,,,,,,,,,,,,,,,,,,,,,,,,,,,,,,,,,,,,,,,,,,,,,,,,,,,,,,,,,,,,,,
Josimar Maranhãozinho,,,1.0,,,,1.0,,,1.0,0.0,1.0,,1.0,0.0,1.0,0.0,0.0,0.0,1.0,1.0,,1.0,,,,,1.0,,1.0,0.0,1.0,0.0,0.0,0.0,0.0,1.0,1.0,0.0,0.0,0.0,0.0,0.0,1.0,,,,,,,,,0.0,1.0,,,0.0,,0.0,1.0,1.0,1.0,,,1.0,,1.0,1.0,,,,0.0,,1.0,0.0,1.0,,,,,,1.0,,,0.0,,,,1.0,,,1.0,1.0,0.0,0.0,1.0,,1.0,0.0,,,,,1.0,1.0,1.0,0.0,0.0,1.0,1.0,1.0,,0.0,,1.0,1.0,,,,,,0.0,,,0.0,1.0,1.0,0.0,0.0,,1.0,0.0,0.0,0.0,0.0,1.0,1.0,1.0,,,,,,,,,,,,,,,,,,,,,,,,,,,,,,,,1.0,1.0,,,,,,,,,,,,,,,,,,,1.0,,,,,,,,,,,,,0.0,,,,,,,,,,,,,0.0,,0.0,0.0,,,1.0,1.0,0.0,1.0,1.0,,1.0,,,0.0,0.0,,1.0,,1.0,,1.0,0.0,0.0,1.0,0.0,,0.0,1.0,1.0,,,,,,,1.0,0.0,0.0,,,,,,,,,,,,,1.0,1.0,,1.0,0.0,0.0,,0.0,1.0,0.0,0.0,1.0,,,,,,,,,0.0,,1.0,,,,,1.0,1.0,,,,0.0,,,,0.0,,,,,,,,,,,,,,,,,,,,,,,,,,,,,,,0.0,0.0,,0.0,,,,,,,,,,,,,,,,,1.0,,0.0,,0.0,1.0,0.0,0.0,,,,,,,,,,0.0,,,1.0,0.0,,0.0,0.0,0.0,0.0,0.0,,,0.0,0.0,,,0.0,1.0,,,,0.0,1.0,1.0,1.0,,0.0,0.0,,,,,,,,,,,,,,,,,,0.0,,1.0,0.0,0.0,0.0,0.0,0.0,,,,,,,,1.0,,,,0.0,,,,,,,,,,,,,,,,1.0,,,,,,,1.0,,,0.0,0.0,0.0,1.0,,1.0,,,,,,,,,,0.0,,,,,,,1.0,,,,,1.0,,,,,0.0,1.0,0.0,,,,,,,,
Josivaldo JP,0.0,1.0,,,,,,1.0,0.0,,0.0,1.0,1.0,,0.0,1.0,0.0,1.0,0.0,1.0,1.0,0.0,0.0,1.0,,,,,,,,,,,,,,,,,,,,,,1.0,0.0,1.0,1.0,0.0,0.0,1.0,0.0,1.0,1.0,0.0,0.0,1.0,,1.0,1.0,1.0,,,,1.0,0.0,,0.0,0.0,,,,,,,,,,1.0,,,,,,,,,1.0,1.0,,1.0,1.0,0.0,0.0,1.0,1.0,1.0,1.0,,,,,1.0,1.0,1.0,0.0,0.0,1.0,1.0,1.0,0.0,0.0,,,,,,,,,,,,,,,,,,,,,,,,,,,,,,1.0,0.0,0.0,1.0,0.0,1.0,,,,,,,,,,,,,,,,,,,,,,1.0,1.0,,,,,,,,,,,,,,,,,,,,,,,,,,,,,,,,0.0,,,,,,,,,,,,,,,,,,,,,,,,,,,,,,,,,,,,,,,,,,,,,,,,,,,,,,,,,,,,,,,,,,,,,,,,,,,,,,,,,,,,,,,,,,,,,,,,,,,,,,,,,,,,,,,,,,,,,,,,,,,,,,,,,,,,,,,,,,,,,,,,,,,,,,,,,,,,,,,,,,,,,,,,,,,,,,,,,,,,,,,,,,,,,,,,,,,,,,,,,,,,,,,,,,,,,,,,,,,,,,,,,,,,,,,,,,,,,,,,,,,,,,,,,,,,,,,,,,,,,,,,,,,,,,,,,,,,,,,,,,,,,,,,,,,,,,,,,,,,,,
José Airton Félix Cirilo,1.0,1.0,1.0,1.0,1.0,1.0,1.0,1.0,1.0,,,,,,1.0,1.0,1.0,0.0,1.0,1.0,1.0,0.0,1.0,1.0,,,,0.0,1.0,0.0,,,,,,,,,,,,,,0.0,,,,,1.0,,0.0,1.0,,1.0,1.0,0.0,,,,1.0,1.0,1.0,,,,0.0,1.0,1.0,,,,,,,,,,,,1.0,,1.0,1.0,0.0,0.0,,,1.0,1.0,1.0,,1.0,0.0,1.0,1.0,1.0,1.0,1.0,,0.0,0.0,1.0,0.0,1.0,1.0,1.0,0.0,0.0,1.0,1.0,1.0,0.0,0.0,0.0,0.0,0.0,1.0,0.0,,1.0,0.0,,1.0,0.0,1.0,0.0,0.0,1.0,1.0,1.0,0.0,1.0,1.0,1.0,1.0,0.0,0.0,0.0,1.0,0.0,1.0,0.0,1.0,1.0,0.0,1.0,0.0,0.0,,,,,,,,,,,,0.0,,,,,,,1.0,0.0,1.0,,,0.0,,,,,0.0,,0.0,0.0,0.0,0.0,0.0,0.0,0.0,0.0,0.0,0.0,0.0,0.0,,0.0,1.0,0.0,1.0,,1.0,1.0,1.0,1.0,0.0,1.0,,,1.0,1.0,1.0,1.0,0.0,1.0,1.0,1.0,0.0,1.0,1.0,0.0,0.0,1.0,1.0,0.0,,0.0,,1.0,0.0,0.0,0.0,,0.0,1.0,1.0,1.0,1.0,0.0,0.0,0.0,1.0,0.0,1.0,1.0,0.0,1.0,1.0,1.0,1.0,0.0,1.0,1.0,1.0,1.0,,1.0,,,1.0,0.0,1.0,1.0,,1.0,0.0,1.0,0.0,1.0,0.0,0.0,1.0,1.0,0.0,1.0,0.0,1.0,1.0,1.0,1.0,0.0,0.0,1.0,0.0,1.0,0.0,0.0,0.0,0.0,1.0,1.0,,1.0,0.0,0.0,0.0,1.0,,,0.0,0.0,0.0,1.0,,1.0,0.0,1.0,1.0,1.0,1.0,,0.0,0.0,0.0,,,,,,,0.0,,1.0,1.0,0.0,1.0,0.0,,,1.0,0.0,0.0,,1.0,0.0,0.0,,1.0,1.0,1.0,1.0,0.0,,0.0,1.0,1.0,1.0,1.0,1.0,0.0,0.0,0.0,1.0,1.0,0.0,,1.0,1.0,1.0,0.0,1.0,0.0,,1.0,0.0,1.0,,,0.0,1.0,0.0,0.0,0.0,1.0,0.0,,,0.0,1.0,0.0,1.0,1.0,1.0,1.0,0.0,0.0,1.0,,1.0,1.0,0.0,1.0,0.0,1.0,1.0,1.0,1.0,1.0,0.0,0.0,0.0,,,,,,,1.0,,,1.0,0.0,1.0,0.0,0.0,0.0,0.0,0.0,,,,1.0,1.0,1.0,0.0,,,,,,,,,0.0,0.0,1.0,,0.0,1.0,0.0,0.0,1.0,,,,,,,,,,,,1.0,0.0,0.0,,1.0,1.0,0.0,0.0,0.0,0.0,1.0,1.0,1.0,1.0,0.0,0.0,0.0,0.0,,0.0,,1.0,,1.0,1.0,0.0,0.0,1.0,,1.0,1.0,1.0,0.0,0.0,1.0,0.0,1.0,0.0,1.0,1.0,0.0,,0.0,0.0,1.0,1.0,,0.0,1.0,0.0,0.0,0.0,0.0,0.0,1.0,0.0,1.0
José Guimarães,1.0,,1.0,1.0,1.0,1.0,1.0,1.0,1.0,1.0,1.0,1.0,1.0,0.0,1.0,1.0,1.0,0.0,1.0,1.0,1.0,0.0,0.0,1.0,,1.0,,0.0,1.0,0.0,,,,,,,,1.0,,1.0,,1.0,0.0,0.0,,1.0,0.0,1.0,1.0,0.0,0.0,1.0,0.0,1.0,1.0,0.0,0.0,1.0,0.0,1.0,1.0,1.0,,,,0.0,1.0,1.0,,,,0.0,0.0,1.0,0.0,1.0,,,,1.0,,1.0,,,1.0,,1.0,1.0,1.0,1.0,,1.0,0.0,1.0,1.0,1.0,1.0,1.0,0.0,0.0,0.0,1.0,1.0,1.0,1.0,1.0,0.0,0.0,1.0,1.0,1.0,0.0,0.0,0.0,0.0,0.0,1.0,,1.0,1.0,0.0,1.0,1.0,0.0,1.0,0.0,0.0,1.0,1.0,,0.0,1.0,1.0,1.0,1.0,0.0,0.0,0.0,1.0,0.0,0.0,0.0,1.0,1.0,0.0,1.0,0.0,1.0,0.0,,,,,,1.0,,0.0,,,,,0.0,,,,,1.0,0.0,1.0,1.0,1.0,0.0,,,,,0.0,0.0,0.0,0.0,0.0,0.0,0.0,0.0,,,,,,0.0,1.0,0.0,1.0,0.0,,0.0,1.0,1.0,1.0,1.0,0.0,1.0,,,1.0,1.0,1.0,,0.0,1.0,1.0,1.0,0.0,1.0,1.0,0.0,0.0,1.0,1.0,0.0,0.0,0.0,0.0,1.0,0.0,0.0,0.0,0.0,0.0,1.0,1.0,1.0,,,0.0,0.0,1.0,0.0,1.0,1.0,0.0,1.0,1.0,1.0,1.0,0.0,,,1.0,1.0,1.0,1.0,,,1.0,0.0,1.0,1.0,0.0,1.0,0.0,1.0,0.0,,0.0,0.0,1.0,1.0,0.0,1.0,0.0,1.0,1.0,1.0,1.0,0.0,0.0,1.0,0.0,1.0,0.0,0.0,0.0,0.0,1.0,1.0,1.0,1.0,0.0,0.0,0.0,1.0,,1.0,0.0,0.0,,,0.0,1.0,0.0,1.0,1.0,1.0,1.0,0.0,0.0,1.0,0.0,1.0,1.0,0.0,,,0.0,0.0,1.0,,1.0,0.0,1.0,,0.0,0.0,1.0,0.0,,1.0,1.0,0.0,0.0,0.0,1.0,1.0,1.0,1.0,,1.0,1.0,1.0,1.0,1.0,1.0,1.0,0.0,0.0,0.0,1.0,1.0,0.0,0.0,1.0,1.0,,0.0,1.0,0.0,1.0,1.0,0.0,1.0,0.0,0.0,0.0,1.0,0.0,0.0,0.0,1.0,0.0,,,0.0,1.0,0.0,1.0,1.0,1.0,1.0,0.0,0.0,1.0,1.0,1.0,1.0,0.0,1.0,0.0,1.0,1.0,1.0,1.0,1.0,0.0,0.0,0.0,,,,,,,1.0,1.0,,1.0,0.0,1.0,0.0,0.0,0.0,0.0,,,,,1.0,1.0,1.0,0.0,,,,,,,,,0.0,0.0,1.0,1.0,0.0,,0.0,0.0,1.0,,,,,,,,,,,,1.0,0.0,0.0,1.0,1.0,1.0,0.0,0.0,0.0,0.0,1.0,1.0,1.0,1.0,0.0,0.0,0.0,0.0,0.0,0.0,0.0,1.0,0.0,1.0,1.0,0.0,1.0,,,1.0,1.0,1.0,0.0,0.0,,,1.0,,,1.0,0.0,1.0,0.0,0.0,1.0,1.0,,0.0,1.0,0.0,0.0,0.0,0.0,0.0,1.0,0.0,1.0
José Medeiros,0.0,,1.0,0.0,1.0,1.0,0.0,1.0,0.0,1.0,0.0,1.0,1.0,0.0,0.0,0.0,0.0,1.0,,,,0.0,1.0,1.0,0.0,0.0,0.0,0.0,1.0,1.0,,1.0,0.0,,0.0,0.0,1.0,1.0,0.0,0.0,0.0,0.0,0.0,1.0,0.0,1.0,0.0,1.0,,,,1.0,0.0,1.0,1.0,0.0,0.0,1.0,,0.0,1.0,1.0,1.0,0.0,0.0,1.0,1.0,0.0,0.0,,0.0,0.0,,1.0,0.0,1.0,,0.0,1.0,,1.0,1.0,1.0,0.0,1.0,,1.0,1.0,1.0,1.0,,1.0,1.0,0.0,0.0,1.0,1.0,1.0,1.0,,,0.0,1.0,0.0,0.0,0.0,0.0,1.0,0.0,0.0,0.0,,1.0,1.0,,,,0.0,0.0,0.0,1.0,0.0,,,0.0,1.0,1.0,,0.0,0.0,1.0,0.0,0.0,0.0,0.0,1.0,1.0,1.0,0.0,0.0,0.0,0.0,1.0,0.0,1.0,1.0,0.0,1.0,,,,,,,,,,,,,,,,,,,0.0,0.0,1.0,1.0,,0.0,0.0,1.0,0.0,0.0,1.0,1.0,1.0,1.0,1.0,1.0,1.0,1.0,1.0,,1.0,1.0,1.0,1.0,0.0,1.0,0.0,0.0,0.0,,0.0,,,,0.0,,0.0,,0.0,0.0,0.0,,1.0,,0.0,0.0,1.0,1.0,0.0,,1.0,0.0,0.0,,1.0,1.0,1.0,0.0,,1.0,,1.0,,0.0,0.0,,0.0,1.0,,1.0,0.0,1.0,0.0,0.0,1.0,0.0,0.0,0.0,,,,0.0,0.0,1.0,1.0,,1.0,0.0,,0.0,0.0,,,1.0,1.0,,1.0,,1.0,,,0.0,1.0,0.0,,0.0,0.0,0.0,0.0,1.0,0.0,0.0,1.0,,,1.0,1.0,,0.0,0.0,0.0,,,,1.0,0.0,0.0,0.0,1.0,1.0,1.0,0.0,1.0,0.0,1.0,0.0,0.0,0.0,1.0,0.0,0.0,1.0,0.0,0.0,0.0,0.0,1.0,1.0,1.0,,0.0,1.0,0.0,1.0,0.0,1.0,1.0,,1.0,,,1.0,1.0,1.0,1.0,1.0,,,0.0,,1.0,0.0,0.0,0.0,,,1.0,1.0,1.0,1.0,1.0,0.0,0.0,,0.0,1.0,,0.0,1.0,,0.0,1.0,,,0.0,0.0,0.0,1.0,,0.0,0.0,1.0,0.0,1.0,,0.0,,1.0,1.0,0.0,1.0,0.0,,1.0,0.0,0.0,0.0,0.0,,0.0,0.0,0.0,0.0,,1.0,1.0,,0.0,1.0,,1.0,0.0,0.0,,,0.0,,0.0,0.0,0.0,1.0,0.0,1.0,1.0,1.0,1.0,1.0,0.0,1.0,0.0,0.0,0.0,0.0,1.0,0.0,0.0,0.0,,0.0,,,0.0,1.0,1.0,0.0,0.0,1.0,0.0,1.0,1.0,0.0,0.0,0.0,0.0,0.0,0.0,0.0,0.0,1.0,1.0,0.0,1.0,0.0,1.0,0.0,1.0,1.0,1.0,0.0,1.0,1.0,,0.0,1.0,0.0,0.0,,0.0,0.0,1.0,1.0,1.0,0.0,0.0,0.0,,0.0,1.0,0.0,1.0,1.0,,0.0,,0.0,0.0,0.0,,,1.0,1.0,1.0,,1.0,1.0,1.0,1.0,0.0,,1.0,0.0,,,0.0,,0.0,,,0.0
José Nelto,,,1.0,1.0,1.0,1.0,1.0,,,,,1.0,,0.0,,1.0,1.0,,,1.0,,0.0,,1.0,0.0,,1.0,0.0,,,,0.0,0.0,,,,1.0,,,,0.0,,,,0.0,1.0,,,,,,,,1.0,1.0,0.0,,,,1.0,1.0,,1.0,0.0,0.0,1.0,1.0,0.0,0.0,0.0,0.0,,,1.0,,1.0,1.0,0.0,1.0,1.0,1.0,1.0,,,1.0,,1.0,,1.0,1.0,,,0.0,1.0,1.0,,,,1.0,,,0.0,,1.0,1.0,1.0,0.0,0.0,1.0,1.0,1.0,0.0,0.0,,,1.0,,0.0,0.0,0.0,,0.0,,,0.0,1.0,,1.0,0.0,,1.0,0.0,0.0,0.0,0.0,1.0,1.0,1.0,1.0,0.0,0.0,0.0,,,,,,,1.0,,,,,,,,,0.0,1.0,1.0,0.0,0.0,1.0,,1.0,0.0,,,1.0,,1.0,0.0,0.0,,0.0,0.0,,1.0,,,1.0,0.0,1.0,1.0,,1.0,1.0,1.0,1.0,1.0,1.0,1.0,1.0,0.0,,,0.0,0.0,1.0,0.0,0.0,1.0,0.0,,1.0,1.0,0.0,0.0,1.0,0.0,,0.0,1.0,1.0,0.0,0.0,,,0.0,,,,1.0,0.0,1.0,1.0,1.0,1.0,1.0,0.0,0.0,,0.0,1.0,1.0,,,1.0,0.0,,1.0,0.0,1.0,0.0,0.0,0.0,1.0,1.0,1.0,1.0,,1.0,1.0,1.0,0.0,1.0,0.0,1.0,,1.0,1.0,1.0,1.0,1.0,0.0,,1.0,0.0,1.0,1.0,,,,0.0,0.0,1.0,0.0,,1.0,0.0,1.0,1.0,,,0.0,,0.0,0.0,1.0,1.0,1.0,0.0,,0.0,1.0,1.0,,,,0.0,0.0,1.0,0.0,1.0,,0.0,0.0,1.0,0.0,,0.0,0.0,0.0,1.0,1.0,0.0,,1.0,1.0,,0.0,,1.0,1.0,1.0,1.0,1.0,,1.0,1.0,1.0,1.0,,0.0,0.0,,1.0,0.0,0.0,0.0,0.0,0.0,,1.0,,,0.0,1.0,,,,,1.0,1.0,,0.0,0.0,,1.0,0.0,0.0,,0.0,1.0,0.0,0.0,,,0.0,,,,0.0,,,,,1.0,1.0,1.0,0.0,0.0,,0.0,0.0,0.0,1.0,0.0,0.0,1.0,1.0,1.0,,0.0,1.0,1.0,1.0,0.0,0.0,0.0,,0.0,1.0,0.0,,0.0,1.0,0.0,1.0,1.0,1.0,1.0,1.0,0.0,1.0,0.0,,0.0,,1.0,0.0,0.0,,0.0,0.0,0.0,1.0,,1.0,,,,,,,,0.0,0.0,0.0,,0.0,0.0,,0.0,,1.0,,1.0,0.0,1.0,0.0,1.0,1.0,1.0,0.0,,,,0.0,,0.0,0.0,0.0,0.0,0.0,1.0,,1.0,0.0,0.0,,0.0,,1.0,0.0,,,,,1.0,0.0,0.0,0.0,,,0.0,1.0,,,1.0,1.0,,1.0,,,1.0,0.0,,,,0.0,0.0,,,1.0
José Nunes,,,1.0,1.0,1.0,1.0,1.0,,,1.0,,1.0,0.0,1.0,0.0,1.0,0.0,1.0,0.0,0.0,1.0,0.0,0.0,1.0,0.0,1.0,0.0,1.0,0.0,1.0,0.0,1.0,,,0.0,0.0,1.0,1.0,,0.0,0.0,1.0,0.0,1.0,0.0,,,,1.0,,0.0,1.0,0.0,1.0,1.0,,,,0.0,1.0,1.0,1.0,1.0,0.0,0.0,,1.0,1.0,,0.0,0.0,0.0,0.0,1.0,,1.0,1.0,0.0,1.0,1.0,,1.0,1.0,0.0,0.0,,1.0,1.0,1.0,1.0,1.0,,1.0,0.0,1.0,,1.0,1.0,0.0,,,0.0,1.0,1.0,1.0,1.0,0.0,0.0,1.0,1.0,1.0,0.0,0.0,1.0,1.0,,,0.0,0.0,0.0,1.0,,0.0,0.0,0.0,1.0,0.0,0.0,0.0,0.0,1.0,0.0,0.0,0.0,0.0,1.0,1.0,1.0,1.0,0.0,,0.0,,,,,,,,,,,,,,,,,,,,,,,,,0.0,,1.0,,1.0,0.0,,,,,,,0.0,0.0,,0.0,0.0,0.0,0.0,,0.0,0.0,,1.0,0.0,,0.0,1.0,,,0.0,0.0,1.0,1.0,0.0,1.0,0.0,,,0.0,0.0,0.0,1.0,0.0,0.0,0.0,1.0,1.0,0.0,,1.0,0.0,0.0,1.0,1.0,,1.0,,1.0,1.0,1.0,1.0,1.0,0.0,,0.0,,1.0,1.0,1.0,0.0,1.0,0.0,0.0,1.0,0.0,0.0,0.0,1.0,1.0,,,,,1.0,,1.0,,0.0,,,,,1.0,,,,,1.0,1.0,,,,,,0.0,1.0,0.0,0.0,1.0,0.0,0.0,1.0,,1.0,1.0,0.0,1.0,,0.0,,,1.0,1.0,1.0,0.0,0.0,0.0,1.0,1.0,,,,0.0,1.0,0.0,,,,,0.0,,0.0,,0.0,0.0,1.0,1.0,1.0,1.0,,1.0,0.0,1.0,0.0,1.0,1.0,,,,1.0,1.0,1.0,1.0,,1.0,,0.0,0.0,0.0,1.0,,0.0,0.0,,0.0,1.0,1.0,0.0,1.0,0.0,0.0,1.0,0.0,0.0,1.0,,,,0.0,0.0,1.0,0.0,1.0,,,,,0.0,0.0,1.0,1.0,0.0,1.0,1.0,0.0,,1.0,1.0,0.0,,0.0,0.0,1.0,0.0,1.0,,0.0,0.0,1.0,,0.0,0.0,1.0,1.0,1.0,,,,1.0,,,0.0,0.0,0.0,0.0,1.0,0.0,0.0,,1.0,0.0,1.0,1.0,,0.0,1.0,0.0,1.0,0.0,0.0,0.0,0.0,1.0,0.0,,,0.0,0.0,0.0,1.0,,1.0,,0.0,0.0,1.0,0.0,1.0,1.0,0.0,,0.0,0.0,0.0,0.0,0.0,,,1.0,0.0,1.0,0.0,1.0,0.0,,1.0,1.0,1.0,1.0,1.0,1.0,0.0,,0.0,0.0,,,,1.0,,1.0,0.0,0.0,,0.0,,1.0,0.0,1.0,,0.0,0.0,1.0,,0.0,,,1.0,0.0,1.0,,0.0,,,1.0,1.0,,,,,,,,,,,,0.0
José Priante,1.0,,1.0,,,1.0,,,,1.0,0.0,,0.0,1.0,,,,,,,,,,,0.0,1.0,0.0,1.0,0.0,,,,,,,,,,,,,,,1.0,,,,,1.0,,,1.0,,,1.0,,,,,1.0,1.0,1.0,1.0,,,,1.0,1.0,0.0,,0.0,0.0,0.0,1.0,,1.0,,,,,,1.0,1.0,0.0,0.0,,,1.0,,1.0,,,,,1.0,1.0,1.0,1.0,,0.0,0.0,1.0,,1.0,1.0,1.0,0.0,,1.0,1.0,,0.0,0.0,1.0,,,,,0.0,0.0,,0.0,,,,1.0,0.0,,1.0,,,,,,,,,,,,,1.0,1.0,,,1.0,,,1.0,,0.0,1.0,1.0,0.0,0.0,0.0,1.0,,,,,0.0,1.0,0.0,1.0,0.0,0.0,,1.0,,1.0,,0.0,,0.0,0.0,1.0,0.0,1.0,1.0,1.0,1.0,0.0,1.0,,,,,,0.0,,,0.0,,,0.0,0.0,,1.0,1.0,0.0,1.0,0.0,,0.0,1.0,0.0,0.0,1.0,0.0,0.0,0.0,,,0.0,,,0.0,0.0,,,,1.0,,,1.0,1.0,,1.0,0.0,,,,,1.0,1.0,,1.0,0.0,0.0,1.0,0.0,1.0,,1.0,,0.0,0.0,0.0,1.0,1.0,,1.0,0.0,0.0,,,1.0,,1.0,,,1.0,1.0,,1.0,1.0,,1.0,0.0,,0.0,0.0,,0.0,1.0,,,,,,,,,0.0,0.0,0.0,0.0,1.0,1.0,1.0,,,,1.0,1.0,,,,0.0,0.0,0.0,0.0,1.0,,,,,,,0.0,0.0,1.0,1.0,1.0,1.0,0.0,,0.0,,0.0,1.0,1.0,0.0,0.0,1.0,,,1.0,1.0,1.0,1.0,,,,,,,,0.0,0.0,,,1.0,1.0,,1.0,0.0,0.0,0.0,,,,,,,,,,,0.0,,,1.0,,,,,0.0,0.0,1.0,,,1.0,1.0,,1.0,,,,0.0,,,,0.0,,1.0,0.0,,1.0,,1.0,1.0,,,,1.0,0.0,0.0,0.0,,0.0,1.0,,,,1.0,,,,,,,1.0,,,,,,,0.0,,,0.0,0.0,,,,1.0,,,,,,,,,0.0,,0.0,,,,0.0,1.0,,,,,,0.0,,1.0,1.0,1.0,1.0,1.0,,0.0,,,0.0,,,,,,1.0,,,0.0,0.0,,,0.0,1.0,,,,,,,0.0,1.0,,0.0,1.0,0.0,0.0,,,,1.0,,,,,,0.0,,,,,0.0,0.0
José Ricardo,1.0,,1.0,1.0,1.0,1.0,1.0,1.0,1.0,1.0,1.0,1.0,1.0,0.0,1.0,1.0,1.0,0.0,1.0,1.0,1.0,0.0,1.0,1.0,,1.0,,0.0,1.0,0.0,,,,,,,,1.0,1.0,1.0,,1.0,,0.0,,,,,1.0,,0.0,1.0,,1.0,1.0,0.0,0.0,1.0,0.0,1.0,1.0,1.0,0.0,,,0.0,0.0,1.0,,,,,,,,,,,,1.0,,1.0,1.0,0.0,1.0,,1.0,1.0,1.0,1.0,,1.0,0.0,1.0,1.0,1.0,1.0,1.0,0.0,0.0,0.0,1.0,,1.0,1.0,1.0,0.0,0.0,1.0,1.0,1.0,0.0,0.0,0.0,0.0,0.0,1.0,0.0,1.0,1.0,,1.0,1.0,0.0,1.0,0.0,,,,1.0,0.0,1.0,,1.0,1.0,0.0,,,1.0,0.0,1.0,0.0,1.0,1.0,0.0,1.0,0.0,0.0,0.0,,,,,,1.0,,0.0,,,0.0,,0.0,,,,,1.0,,1.0,1.0,1.0,1.0,,,,,0.0,,0.0,0.0,0.0,0.0,,,0.0,0.0,0.0,0.0,0.0,,1.0,,1.0,0.0,,,1.0,,1.0,0.0,0.0,1.0,,,1.0,1.0,,1.0,,,1.0,1.0,0.0,1.0,1.0,,0.0,1.0,1.0,,0.0,,0.0,1.0,0.0,0.0,0.0,0.0,,,,,1.0,0.0,0.0,0.0,1.0,0.0,1.0,,0.0,1.0,1.0,1.0,,0.0,,1.0,1.0,,,1.0,0.0,1.0,1.0,0.0,1.0,,,1.0,0.0,1.0,0.0,,0.0,0.0,1.0,1.0,0.0,1.0,,1.0,1.0,1.0,1.0,0.0,,,0.0,1.0,0.0,0.0,0.0,0.0,1.0,1.0,1.0,1.0,0.0,0.0,0.0,1.0,,1.0,1.0,0.0,0.0,1.0,0.0,1.0,0.0,1.0,1.0,1.0,1.0,1.0,,,0.0,1.0,1.0,0.0,0.0,0.0,0.0,0.0,1.0,1.0,1.0,0.0,1.0,0.0,0.0,0.0,1.0,0.0,0.0,1.0,1.0,0.0,0.0,0.0,1.0,1.0,,1.0,,1.0,0.0,1.0,1.0,1.0,,,,0.0,0.0,1.0,1.0,,1.0,1.0,1.0,,0.0,1.0,0.0,,1.0,,1.0,0.0,0.0,0.0,1.0,0.0,0.0,0.0,1.0,0.0,,,0.0,1.0,0.0,1.0,1.0,1.0,1.0,0.0,0.0,1.0,,,1.0,0.0,1.0,0.0,,1.0,1.0,1.0,1.0,0.0,0.0,0.0,,,,,,,,1.0,,1.0,0.0,1.0,0.0,0.0,0.0,0.0,0.0,,,,1.0,1.0,1.0,0.0,,,,,,,,,,0.0,1.0,,0.0,1.0,0.0,0.0,1.0,,,,,,,,,,,,1.0,0.0,0.0,1.0,1.0,1.0,0.0,0.0,0.0,0.0,1.0,1.0,1.0,1.0,,0.0,0.0,0.0,0.0,0.0,1.0,1.0,,1.0,1.0,0.0,0.0,1.0,1.0,1.0,1.0,1.0,0.0,0.0,1.0,0.0,1.0,0.0,1.0,1.0,,1.0,0.0,0.0,1.0,,1.0,0.0,1.0,0.0,0.0,0.0,0.0,0.0,1.0,0.0,1.0
José Rocha,0.0,0.0,1.0,,1.0,1.0,,,0.0,1.0,0.0,,0.0,1.0,,,,,,,1.0,0.0,,1.0,,1.0,,,,1.0,,1.0,,0.0,0.0,0.0,1.0,0.0,0.0,,0.0,1.0,0.0,1.0,,,0.0,1.0,1.0,0.0,0.0,1.0,,,,0.0,,1.0,0.0,1.0,1.0,1.0,,0.0,,1.0,1.0,0.0,0.0,,0.0,,,1.0,,1.0,1.0,0.0,1.0,,1.0,1.0,1.0,0.0,0.0,,1.0,,1.0,1.0,1.0,1.0,1.0,,0.0,1.0,1.0,,0.0,,,0.0,,1.0,1.0,1.0,0.0,0.0,1.0,1.0,1.0,,0.0,,1.0,1.0,0.0,,,,,,,,,,,,,,,,,,,,,,1.0,0.0,0.0,0.0,1.0,0.0,0.0,1.0,0.0,1.0,1.0,0.0,0.0,,,0.0,0.0,0.0,,0.0,1.0,1.0,,0.0,1.0,0.0,1.0,0.0,,,1.0,1.0,,0.0,0.0,1.0,0.0,,1.0,1.0,1.0,1.0,1.0,1.0,1.0,1.0,1.0,1.0,1.0,1.0,1.0,1.0,0.0,1.0,0.0,,,,0.0,0.0,,1.0,0.0,,0.0,,,0.0,,0.0,1.0,0.0,,,,1.0,,,,,0.0,1.0,,1.0,,,,,,,,,,,,,,,,,,,,,0.0,,,,0.0,0.0,0.0,1.0,,,,,,0.0,0.0,1.0,,1.0,1.0,1.0,1.0,1.0,1.0,1.0,1.0,1.0,,0.0,,0.0,,,,,0.0,0.0,1.0,0.0,1.0,1.0,1.0,1.0,,0.0,0.0,0.0,1.0,,1.0,0.0,0.0,0.0,1.0,1.0,,,,0.0,,0.0,0.0,0.0,1.0,0.0,,1.0,0.0,0.0,0.0,0.0,1.0,1.0,1.0,1.0,0.0,,0.0,1.0,0.0,1.0,1.0,0.0,1.0,1.0,1.0,1.0,1.0,1.0,,1.0,,0.0,,0.0,1.0,0.0,,0.0,0.0,0.0,1.0,1.0,1.0,1.0,1.0,0.0,0.0,0.0,0.0,1.0,1.0,,,,0.0,,0.0,,0.0,,,,,,1.0,,0.0,,,,,,1.0,0.0,,,,1.0,,0.0,,,0.0,0.0,0.0,0.0,,0.0,1.0,0.0,,,,,,,0.0,,,,,,0.0,0.0,1.0,0.0,1.0,1.0,1.0,1.0,1.0,0.0,1.0,,0.0,,0.0,1.0,,,,,0.0,,1.0,0.0,1.0,,0.0,,,0.0,1.0,,,0.0,0.0,,,,0.0,,,,,,0.0,1.0,0.0,,1.0,,,1.0,,1.0,0.0,1.0,0.0,0.0,0.0,,,1.0,,,0.0,,,,,,,,,,,1.0,,,,1.0,,,,1.0,0.0,1.0,,1.0,1.0,,0.0,1.0,,,,,,,,,
João Campos,0.0,,1.0,0.0,,1.0,1.0,1.0,0.0,1.0,,,1.0,0.0,,1.0,1.0,,1.0,,,0.0,0.0,1.0,,1.0,0.0,0.0,,1.0,0.0,1.0,,,,,1.0,,,0.0,0.0,,0.0,,0.0,1.0,0.0,,1.0,,0.0,1.0,0.0,,1.0,0.0,0.0,1.0,,,1.0,1.0,1.0,,0.0,1.0,0.0,1.0,0.0,0.0,0.0,,,1.0,,,1.0,0.0,1.0,1.0,1.0,1.0,1.0,0.0,,,1.0,1.0,1.0,1.0,1.0,1.0,1.0,0.0,0.0,1.0,1.0,1.0,0.0,,,0.0,,0.0,0.0,0.0,0.0,1.0,1.0,0.0,1.0,1.0,1.0,1.0,1.0,1.0,0.0,0.0,0.0,0.0,1.0,0.0,0.0,0.0,0.0,1.0,1.0,,0.0,0.0,1.0,0.0,0.0,,0.0,1.0,1.0,1.0,1.0,0.0,0.0,0.0,1.0,0.0,0.0,1.0,0.0,0.0,1.0,,0.0,,,0.0,,,,0.0,1.0,1.0,0.0,0.0,,,,,0.0,,1.0,,1.0,0.0,0.0,1.0,0.0,0.0,1.0,1.0,1.0,1.0,1.0,0.0,0.0,1.0,1.0,,1.0,1.0,1.0,1.0,,,0.0,,0.0,,0.0,0.0,1.0,0.0,0.0,1.0,,,1.0,0.0,0.0,0.0,,0.0,0.0,0.0,1.0,1.0,0.0,,1.0,0.0,0.0,1.0,,,1.0,0.0,,,,,1.0,,,,,,1.0,1.0,0.0,1.0,0.0,0.0,1.0,,0.0,1.0,1.0,1.0,0.0,0.0,0.0,1.0,1.0,1.0,1.0,0.0,0.0,1.0,0.0,1.0,,1.0,1.0,1.0,,1.0,,1.0,1.0,1.0,1.0,0.0,1.0,0.0,0.0,0.0,0.0,1.0,0.0,0.0,,,,,,,,,,,,,,,,,1.0,1.0,,,1.0,,1.0,,0.0,,1.0,0.0,0.0,1.0,0.0,1.0,0.0,0.0,1.0,1.0,1.0,1.0,0.0,1.0,0.0,1.0,0.0,1.0,1.0,0.0,,1.0,1.0,1.0,1.0,1.0,1.0,1.0,0.0,,0.0,0.0,1.0,0.0,0.0,0.0,0.0,0.0,1.0,1.0,1.0,1.0,1.0,1.0,0.0,0.0,0.0,1.0,,1.0,1.0,,,1.0,0.0,0.0,0.0,,,,,,,,,1.0,,0.0,,1.0,1.0,0.0,1.0,0.0,0.0,1.0,0.0,0.0,0.0,0.0,0.0,0.0,1.0,0.0,0.0,1.0,1.0,1.0,,0.0,1.0,1.0,1.0,,,0.0,0.0,0.0,1.0,0.0,0.0,0.0,1.0,0.0,1.0,,1.0,1.0,1.0,,,0.0,0.0,0.0,0.0,1.0,0.0,0.0,,0.0,0.0,0.0,,,1.0,,0.0,0.0,1.0,0.0,,,0.0,0.0,0.0,0.0,0.0,0.0,0.0,0.0,1.0,1.0,0.0,1.0,0.0,1.0,0.0,0.0,1.0,0.0,0.0,1.0,1.0,,0.0,1.0,0.0,,0.0,0.0,0.0,,,1.0,0.0,0.0,0.0,0.0,1.0,1.0,0.0,1.0,1.0,0.0,0.0,1.0,,0.0,0.0,1.0,1.0,0.0,1.0,0.0,,1.0,1.0,1.0,1.0,,,1.0,0.0,,,,,,,,0.0
João Carlos Bacelar,,,1.0,,,1.0,,1.0,,1.0,,,0.0,1.0,0.0,1.0,0.0,,,,1.0,,0.0,1.0,,0.0,0.0,1.0,,,0.0,,,,,0.0,,,,,0.0,0.0,,1.0,,1.0,,,1.0,0.0,,,,1.0,,,,1.0,,1.0,,1.0,,,0.0,,1.0,1.0,0.0,0.0,0.0,,,1.0,0.0,1.0,,,1.0,1.0,1.0,,,0.0,,,,,,1.0,1.0,,1.0,0.0,0.0,,1.0,,0.0,,,0.0,1.0,1.0,1.0,0.0,0.0,0.0,1.0,1.0,1.0,0.0,0.0,1.0,1.0,,0.0,0.0,,,,,,,0.0,,1.0,0.0,,0.0,1.0,0.0,0.0,,,1.0,1.0,1.0,1.0,,0.0,0.0,,,0.0,,,1.0,1.0,,,,,,,,,,,,,,,,,,,,1.0,1.0,1.0,0.0,0.0,1.0,0.0,0.0,1.0,1.0,,,,,,1.0,,1.0,,,,,,1.0,0.0,1.0,0.0,,,,,,0.0,1.0,0.0,,,0.0,,,1.0,0.0,,,,,0.0,,,,0.0,1.0,1.0,,,,1.0,,,,1.0,,0.0,,,,,1.0,0.0,,,,,,,,,1.0,,0.0,0.0,1.0,1.0,1.0,,,0.0,1.0,0.0,1.0,,1.0,1.0,1.0,1.0,1.0,1.0,1.0,,,1.0,,,,,,,1.0,,,,,,,,,,,,,,,1.0,,,,,1.0,,,,,,,0.0,0.0,1.0,,0.0,1.0,,,0.0,,1.0,1.0,,1.0,,,,1.0,,1.0,,0.0,,,,1.0,,1.0,,,,,,,1.0,,,0.0,,0.0,,,1.0,,,,0.0,,0.0,1.0,,0.0,,0.0,0.0,,0.0,1.0,0.0,0.0,,,0.0,0.0,,,0.0,1.0,,0.0,,,1.0,0.0,,0.0,0.0,,,0.0,0.0,0.0,0.0,0.0,,0.0,0.0,1.0,1.0,1.0,,0.0,1.0,1.0,1.0,0.0,,,0.0,,1.0,0.0,,,,0.0,,,,1.0,1.0,,1.0,,0.0,0.0,,1.0,0.0,0.0,,0.0,,,,,,1.0,,,,0.0,1.0,,0.0,,0.0,0.0,,0.0,,,,,,1.0,0.0,1.0,,0.0,1.0,0.0,1.0,1.0,1.0,1.0,0.0,1.0,0.0,0.0,0.0,,,,,,0.0,,0.0,0.0,0.0,1.0,,,0.0,,,,,,,,1.0,0.0,1.0,,,,1.0,1.0,,,0.0,,,,,,,,,,0.0
João Daniel,1.0,1.0,1.0,1.0,1.0,1.0,1.0,1.0,1.0,1.0,,1.0,1.0,,1.0,1.0,1.0,0.0,1.0,1.0,1.0,0.0,1.0,1.0,,1.0,1.0,0.0,1.0,0.0,0.0,,,1.0,,,,1.0,,1.0,,1.0,,0.0,,1.0,0.0,1.0,1.0,0.0,0.0,1.0,0.0,1.0,1.0,0.0,0.0,1.0,0.0,,,,0.0,,,,,1.0,,1.0,,,,,,,,,,1.0,,1.0,1.0,0.0,1.0,,1.0,1.0,1.0,1.0,,1.0,0.0,1.0,1.0,1.0,1.0,,0.0,,0.0,1.0,1.0,1.0,1.0,1.0,0.0,0.0,1.0,1.0,1.0,0.0,0.0,0.0,0.0,0.0,,0.0,1.0,,0.0,1.0,1.0,0.0,,0.0,0.0,1.0,,,0.0,1.0,1.0,1.0,1.0,0.0,0.0,0.0,1.0,0.0,1.0,0.0,1.0,1.0,0.0,1.0,0.0,0.0,0.0,,,,,,1.0,,0.0,,,0.0,,0.0,,,,,,,1.0,1.0,1.0,0.0,,,,,0.0,,0.0,0.0,0.0,0.0,0.0,0.0,0.0,0.0,0.0,0.0,0.0,0.0,1.0,0.0,1.0,0.0,1.0,0.0,1.0,1.0,1.0,1.0,0.0,1.0,,,1.0,1.0,1.0,1.0,0.0,1.0,1.0,1.0,,1.0,1.0,0.0,0.0,1.0,1.0,0.0,0.0,0.0,1.0,1.0,0.0,0.0,0.0,0.0,0.0,1.0,1.0,,1.0,0.0,0.0,0.0,1.0,0.0,1.0,1.0,0.0,,1.0,1.0,1.0,0.0,1.0,1.0,1.0,1.0,1.0,1.0,0.0,,,0.0,1.0,1.0,0.0,1.0,0.0,1.0,,,0.0,0.0,1.0,1.0,0.0,1.0,,1.0,1.0,1.0,1.0,0.0,0.0,1.0,0.0,1.0,0.0,0.0,0.0,0.0,1.0,,,1.0,0.0,0.0,0.0,1.0,,1.0,0.0,0.0,0.0,1.0,0.0,1.0,0.0,1.0,,1.0,1.0,1.0,,0.0,0.0,1.0,1.0,0.0,0.0,,0.0,0.0,1.0,1.0,1.0,0.0,1.0,0.0,0.0,0.0,1.0,0.0,0.0,1.0,1.0,0.0,0.0,0.0,,1.0,1.0,,0.0,1.0,0.0,1.0,1.0,1.0,1.0,1.0,0.0,0.0,0.0,1.0,1.0,0.0,1.0,1.0,,1.0,0.0,1.0,0.0,,1.0,0.0,1.0,0.0,0.0,0.0,1.0,0.0,0.0,0.0,1.0,0.0,,,0.0,1.0,0.0,1.0,1.0,,1.0,0.0,0.0,1.0,1.0,1.0,1.0,0.0,1.0,0.0,1.0,1.0,1.0,1.0,1.0,,0.0,0.0,,,,,,,,1.0,,,,1.0,0.0,,0.0,,0.0,,,,1.0,1.0,1.0,0.0,,,,,,,,,,,1.0,1.0,,1.0,0.0,,1.0,,,,,,,,,,,,1.0,0.0,,1.0,1.0,1.0,0.0,0.0,0.0,0.0,1.0,1.0,,1.0,0.0,,,1.0,,0.0,,,0.0,1.0,1.0,0.0,0.0,,1.0,1.0,1.0,1.0,0.0,0.0,1.0,0.0,1.0,0.0,1.0,1.0,,1.0,0.0,0.0,1.0,,1.0,0.0,1.0,0.0,0.0,0.0,,,1.0,0.0,1.0
João H. Campos,,,1.0,1.0,,1.0,1.0,,,,,,,,,,,,,,,,,,,,,,,,0.0,0.0,0.0,0.0,1.0,1.0,0.0,1.0,0.0,1.0,1.0,1.0,0.0,0.0,0.0,,,,,,,,,,,,,,0.0,,,,0.0,0.0,,,,1.0,,,0.0,,0.0,1.0,0.0,1.0,1.0,0.0,,,1.0,1.0,1.0,0.0,1.0,,1.0,,,,,,,,,,,,,0.0,0.0,1.0,,,,,,,,,,,,,,,,,,,1.0,0.0,,,1.0,0.0,0.0,1.0,1.0,1.0,0.0,1.0,1.0,1.0,1.0,0.0,0.0,0.0,1.0,0.0,0.0,0.0,,,,,,,0.0,1.0,,,,0.0,0.0,0.0,1.0,,0.0,0.0,,,,0.0,,0.0,,0.0,1.0,,,0.0,,,,,,,0.0,0.0,0.0,0.0,0.0,0.0,0.0,0.0,0.0,0.0,0.0,0.0,1.0,0.0,1.0,1.0,,0.0,1.0,1.0,1.0,1.0,0.0,1.0,,,1.0,1.0,1.0,1.0,0.0,1.0,1.0,1.0,0.0,1.0,1.0,0.0,1.0,1.0,1.0,0.0,0.0,,0.0,1.0,0.0,0.0,,0.0,0.0,1.0,1.0,1.0,1.0,,1.0,0.0,1.0,0.0,1.0,,0.0,1.0,,1.0,,0.0,1.0,1.0,1.0,,,,0.0,1.0,1.0,0.0,1.0,1.0,0.0,1.0,,1.0,1.0,1.0,0.0,0.0,1.0,0.0,1.0,1.0,0.0,1.0,1.0,1.0,1.0,0.0,,,0.0,1.0,0.0,0.0,0.0,0.0,0.0,,0.0,,1.0,1.0,1.0,0.0,,1.0,0.0,0.0,0.0,,,1.0,,,0.0,1.0,,,,,,,1.0,0.0,0.0,0.0,,,1.0,1.0,1.0,0.0,1.0,1.0,,1.0,,0.0,0.0,1.0,1.0,1.0,1.0,0.0,0.0,0.0,1.0,,,1.0,0.0,,1.0,1.0,1.0,1.0,0.0,0.0,0.0,,1.0,0.0,1.0,1.0,1.0,1.0,0.0,1.0,,1.0,1.0,0.0,,,0.0,1.0,,0.0,,1.0,1.0,0.0,,0.0,0.0,1.0,0.0,1.0,,,1.0,0.0,0.0,1.0,,1.0,1.0,0.0,1.0,0.0,0.0,1.0,1.0,1.0,,0.0,0.0,,,,,,,,,1.0,,,,,0.0,,,,,,,,1.0,1.0,1.0,0.0,,,0.0,0.0,0.0,,,,,,,,,,0.0,,,,,,,,,,,,,,,0.0,0.0,1.0,1.0,1.0,0.0,0.0,0.0,0.0,1.0,,,,,,,,,,,,,,,,,1.0,1.0,1.0,1.0,,0.0,,,,1.0,0.0,,,,,0.0,,1.0,,1.0,0.0,,0.0,,0.0,0.0,0.0,1.0,0.0,1.0
João Maia,0.0,0.0,1.0,0.0,1.0,1.0,1.0,1.0,0.0,1.0,0.0,1.0,,1.0,0.0,1.0,0.0,1.0,0.0,1.0,1.0,,1.0,1.0,0.0,1.0,0.0,0.0,,1.0,0.0,1.0,0.0,,,0.0,1.0,1.0,0.0,0.0,0.0,1.0,0.0,1.0,0.0,,,1.0,1.0,0.0,0.0,1.0,,1.0,1.0,0.0,0.0,1.0,0.0,,1.0,1.0,,,0.0,,1.0,1.0,0.0,0.0,0.0,,0.0,1.0,0.0,1.0,,,,1.0,1.0,1.0,1.0,,0.0,,1.0,1.0,1.0,1.0,1.0,1.0,1.0,,0.0,1.0,1.0,1.0,0.0,,,0.0,1.0,0.0,0.0,0.0,,1.0,0.0,1.0,0.0,1.0,1.0,1.0,1.0,1.0,0.0,0.0,0.0,0.0,1.0,0.0,0.0,0.0,0.0,1.0,1.0,,1.0,,1.0,,0.0,0.0,0.0,1.0,1.0,,1.0,0.0,0.0,0.0,1.0,0.0,0.0,1.0,0.0,1.0,1.0,0.0,0.0,1.0,,0.0,0.0,0.0,1.0,0.0,1.0,1.0,0.0,0.0,1.0,0.0,1.0,0.0,,,1.0,,,0.0,0.0,1.0,0.0,0.0,1.0,1.0,1.0,1.0,1.0,1.0,0.0,1.0,1.0,1.0,1.0,1.0,1.0,1.0,0.0,0.0,0.0,1.0,0.0,,0.0,0.0,1.0,1.0,,1.0,0.0,,0.0,0.0,,0.0,1.0,0.0,0.0,0.0,1.0,1.0,0.0,,,0.0,0.0,1.0,1.0,1.0,1.0,0.0,1.0,1.0,,1.0,,0.0,,,0.0,1.0,1.0,1.0,0.0,1.0,0.0,0.0,1.0,,0.0,0.0,1.0,1.0,0.0,0.0,0.0,1.0,1.0,1.0,1.0,0.0,0.0,1.0,0.0,1.0,,1.0,1.0,1.0,1.0,1.0,1.0,1.0,1.0,1.0,1.0,0.0,1.0,0.0,0.0,0.0,0.0,1.0,0.0,0.0,1.0,0.0,,,,,0.0,0.0,0.0,0.0,1.0,1.0,1.0,0.0,0.0,0.0,1.0,1.0,1.0,0.0,1.0,0.0,1.0,0.0,1.0,0.0,1.0,0.0,,1.0,0.0,0.0,0.0,0.0,,1.0,1.0,1.0,0.0,1.0,0.0,1.0,0.0,1.0,1.0,0.0,1.0,,1.0,1.0,1.0,1.0,1.0,1.0,0.0,,0.0,0.0,1.0,0.0,0.0,0.0,,0.0,,1.0,1.0,1.0,1.0,0.0,0.0,,0.0,1.0,1.0,0.0,,0.0,0.0,1.0,0.0,1.0,0.0,0.0,0.0,1.0,0.0,0.0,1.0,1.0,0.0,1.0,1.0,0.0,0.0,,1.0,0.0,1.0,0.0,0.0,1.0,0.0,0.0,0.0,0.0,0.0,0.0,0.0,0.0,0.0,1.0,1.0,0.0,,0.0,,,1.0,0.0,0.0,0.0,0.0,0.0,1.0,0.0,0.0,0.0,1.0,0.0,1.0,1.0,,,,,,,,,,1.0,,0.0,0.0,,0.0,0.0,1.0,0.0,1.0,1.0,,,1.0,,1.0,1.0,0.0,0.0,0.0,0.0,0.0,0.0,0.0,,1.0,1.0,0.0,1.0,0.0,1.0,0.0,0.0,1.0,0.0,1.0,1.0,1.0,1.0,0.0,,,0.0,0.0,,0.0,1.0,,1.0,0.0,0.0,0.0,0.0,0.0,1.0,0.0,,0.0,,0.0,,0.0,0.0,0.0,1.0,,0.0,1.0,1.0,,1.0,1.0,1.0,1.0,,,1.0,0.0,,,,,,,,0.0
João Marcelo Souza,0.0,0.0,1.0,0.0,1.0,1.0,0.0,,,,0.0,1.0,0.0,1.0,0.0,1.0,,1.0,0.0,0.0,1.0,,0.0,,0.0,1.0,0.0,1.0,0.0,1.0,0.0,1.0,,,,,,,,,,1.0,0.0,,,,,,,,,,0.0,1.0,1.0,0.0,0.0,1.0,,1.0,,,1.0,,0.0,,1.0,1.0,0.0,0.0,0.0,,,1.0,0.0,1.0,1.0,0.0,1.0,1.0,1.0,1.0,1.0,0.0,0.0,,1.0,1.0,,1.0,1.0,1.0,1.0,0.0,,1.0,,,,0.0,,,,1.0,1.0,1.0,0.0,0.0,1.0,1.0,1.0,0.0,0.0,,1.0,1.0,,0.0,,,,,,0.0,0.0,1.0,0.0,,1.0,0.0,1.0,0.0,0.0,0.0,0.0,1.0,,1.0,1.0,0.0,,1.0,,,,,,,1.0,,,,,,,,,0.0,,,,,,,,,0.0,,1.0,1.0,1.0,0.0,,1.0,,,1.0,1.0,1.0,1.0,1.0,1.0,0.0,1.0,1.0,,1.0,,,1.0,,1.0,0.0,1.0,0.0,0.0,,,,,,,0.0,,,0.0,,0.0,,0.0,0.0,,1.0,,0.0,,1.0,0.0,0.0,1.0,,,,,1.0,1.0,1.0,1.0,1.0,,0.0,0.0,0.0,,,1.0,,,,,1.0,,,0.0,1.0,1.0,,0.0,0.0,,1.0,1.0,,,0.0,1.0,0.0,1.0,,1.0,1.0,1.0,1.0,1.0,1.0,1.0,1.0,1.0,1.0,0.0,1.0,0.0,,0.0,0.0,1.0,,,1.0,,1.0,1.0,1.0,1.0,,,0.0,,,,,,,,1.0,,,0.0,1.0,,0.0,1.0,0.0,,1.0,0.0,,1.0,0.0,0.0,0.0,0.0,1.0,,1.0,1.0,0.0,1.0,0.0,,0.0,1.0,,0.0,0.0,1.0,1.0,1.0,1.0,1.0,1.0,1.0,0.0,0.0,0.0,0.0,,,0.0,0.0,0.0,0.0,,1.0,1.0,1.0,1.0,0.0,0.0,0.0,0.0,1.0,1.0,,,0.0,0.0,,,0.0,0.0,,,,,0.0,0.0,,,,1.0,0.0,0.0,1.0,1.0,0.0,,0.0,0.0,1.0,0.0,,0.0,,0.0,0.0,1.0,0.0,0.0,1.0,1.0,1.0,,0.0,1.0,,1.0,,,0.0,0.0,,,0.0,,,,0.0,1.0,0.0,,,1.0,1.0,1.0,,0.0,,,1.0,0.0,,,,0.0,0.0,,0.0,,,0.0,0.0,1.0,0.0,1.0,1.0,0.0,0.0,0.0,,0.0,0.0,0.0,0.0,,1.0,,1.0,0.0,1.0,0.0,0.0,1.0,1.0,1.0,,1.0,0.0,,1.0,,,,0.0,,1.0,,,,,0.0,0.0,0.0,1.0,,,,0.0,0.0,,,,,1.0,,0.0,1.0,0.0,,,1.0,1.0,,,,,0.0,,0.0,,,,,,0.0
João Roma,,,1.0,0.0,1.0,1.0,1.0,1.0,0.0,,0.0,,,,,,,,,,,,,,0.0,1.0,0.0,0.0,1.0,1.0,0.0,1.0,0.0,,0.0,0.0,1.0,0.0,0.0,0.0,0.0,0.0,0.0,1.0,0.0,,,1.0,1.0,0.0,,1.0,,,,,,,,,,,1.0,0.0,0.0,,,1.0,,,0.0,,,1.0,,1.0,,,,,1.0,,1.0,0.0,1.0,,1.0,1.0,,,,,,,0.0,,,,,,,0.0,1.0,0.0,0.0,0.0,,1.0,0.0,0.0,0.0,1.0,1.0,1.0,1.0,1.0,0.0,0.0,,,1.0,0.0,0.0,0.0,,1.0,,,0.0,0.0,1.0,0.0,0.0,1.0,0.0,,1.0,1.0,1.0,0.0,0.0,0.0,1.0,0.0,0.0,1.0,0.0,,1.0,0.0,,1.0,1.0,0.0,,0.0,1.0,,1.0,1.0,0.0,0.0,,0.0,1.0,0.0,0.0,0.0,1.0,,,1.0,0.0,1.0,0.0,,1.0,1.0,1.0,1.0,,0.0,,0.0,1.0,,1.0,1.0,1.0,1.0,0.0,0.0,0.0,0.0,0.0,0.0,0.0,0.0,1.0,1.0,0.0,1.0,,,0.0,0.0,,,1.0,0.0,0.0,0.0,1.0,1.0,0.0,,1.0,,,1.0,1.0,1.0,1.0,,1.0,1.0,1.0,1.0,1.0,0.0,0.0,,,1.0,1.0,1.0,,1.0,0.0,0.0,1.0,0.0,0.0,1.0,1.0,1.0,0.0,0.0,0.0,1.0,1.0,1.0,1.0,0.0,0.0,1.0,0.0,1.0,,1.0,1.0,1.0,,,1.0,1.0,,1.0,1.0,0.0,1.0,0.0,0.0,,0.0,1.0,0.0,0.0,,,1.0,1.0,1.0,1.0,0.0,0.0,,0.0,1.0,1.0,,,,,1.0,,1.0,0.0,,0.0,1.0,,0.0,0.0,1.0,,,1.0,0.0,0.0,0.0,0.0,1.0,1.0,1.0,1.0,,1.0,0.0,1.0,0.0,,1.0,0.0,1.0,1.0,1.0,,1.0,1.0,1.0,1.0,,0.0,,,,0.0,,0.0,0.0,0.0,1.0,,0.0,1.0,1.0,1.0,0.0,0.0,0.0,,,1.0,1.0,0.0,,,0.0,,0.0,0.0,0.0,1.0,0.0,,,,,,,,0.0,1.0,1.0,0.0,1.0,0.0,0.0,1.0,0.0,0.0,0.0,0.0,0.0,0.0,1.0,0.0,0.0,1.0,,1.0,,0.0,1.0,1.0,1.0,,,,,,,,0.0,0.0,1.0,0.0,,,1.0,,1.0,0.0,1.0,0.0,0.0,,,,,0.0,0.0,0.0,0.0,0.0,,0.0,1.0,1.0,,,,,0.0,,0.0,0.0,,,0.0,0.0,0.0,0.0,1.0,1.0,0.0,,,,,1.0,1.0,0.0,1.0,1.0,1.0,,0.0,1.0,0.0,0.0,0.0,0.0,,1.0,,1.0,0.0,0.0,0.0,0.0,1.0,1.0,0.0,1.0,,0.0,0.0,1.0,0.0,0.0,0.0,1.0,1.0,,,0.0,,,,1.0,1.0,0.0,0.0,1.0,,,,,,,,,0.0
Juarez Costa,,,1.0,0.0,1.0,1.0,1.0,,,1.0,0.0,1.0,0.0,1.0,0.0,1.0,0.0,1.0,0.0,0.0,1.0,0.0,0.0,1.0,0.0,1.0,0.0,1.0,0.0,1.0,0.0,1.0,0.0,0.0,0.0,0.0,1.0,1.0,0.0,1.0,0.0,0.0,0.0,0.0,,1.0,0.0,1.0,1.0,,0.0,1.0,0.0,1.0,1.0,0.0,0.0,1.0,0.0,1.0,,,0.0,1.0,0.0,,,,0.0,0.0,0.0,0.0,0.0,1.0,0.0,1.0,1.0,0.0,1.0,1.0,1.0,1.0,,,0.0,,1.0,1.0,1.0,1.0,1.0,1.0,1.0,0.0,1.0,,1.0,1.0,0.0,0.0,0.0,1.0,1.0,1.0,1.0,1.0,0.0,0.0,1.0,1.0,1.0,0.0,0.0,1.0,1.0,1.0,0.0,0.0,,,,,,0.0,0.0,1.0,1.0,1.0,1.0,1.0,1.0,0.0,0.0,0.0,0.0,1.0,1.0,1.0,1.0,0.0,0.0,1.0,,,,,,,,0.0,0.0,1.0,1.0,0.0,0.0,0.0,1.0,,,,,,,,,,0.0,0.0,1.0,,,0.0,0.0,1.0,0.0,0.0,1.0,1.0,1.0,1.0,1.0,0.0,0.0,1.0,1.0,1.0,1.0,1.0,1.0,1.0,0.0,1.0,0.0,,0.0,0.0,0.0,0.0,1.0,1.0,0.0,1.0,0.0,,,,,,,,,,,0.0,0.0,,1.0,0.0,0.0,1.0,0.0,1.0,0.0,0.0,1.0,1.0,1.0,1.0,1.0,0.0,0.0,0.0,0.0,1.0,1.0,1.0,0.0,1.0,0.0,0.0,1.0,0.0,,0.0,1.0,1.0,0.0,0.0,0.0,,1.0,1.0,1.0,,,1.0,0.0,1.0,,1.0,1.0,,1.0,,1.0,1.0,,1.0,1.0,0.0,1.0,0.0,0.0,,0.0,,1.0,0.0,1.0,0.0,1.0,1.0,1.0,1.0,0.0,0.0,0.0,0.0,1.0,1.0,1.0,0.0,0.0,0.0,1.0,1.0,1.0,0.0,1.0,,0.0,0.0,0.0,1.0,1.0,0.0,,,,,,,,,1.0,,0.0,1.0,0.0,1.0,0.0,1.0,,0.0,,1.0,1.0,1.0,1.0,,,,0.0,0.0,0.0,0.0,1.0,0.0,0.0,0.0,0.0,0.0,1.0,1.0,1.0,0.0,0.0,0.0,1.0,0.0,1.0,1.0,1.0,1.0,1.0,0.0,0.0,1.0,0.0,,0.0,0.0,0.0,1.0,0.0,0.0,1.0,1.0,0.0,,,,0.0,1.0,1.0,0.0,1.0,0.0,0.0,1.0,0.0,0.0,0.0,0.0,0.0,0.0,1.0,0.0,0.0,1.0,1.0,1.0,1.0,0.0,1.0,1.0,1.0,0.0,0.0,0.0,0.0,0.0,1.0,0.0,0.0,0.0,1.0,0.0,1.0,0.0,0.0,1.0,1.0,1.0,1.0,0.0,,0.0,0.0,1.0,,0.0,0.0,0.0,0.0,0.0,1.0,0.0,1.0,1.0,0.0,0.0,1.0,,1.0,1.0,0.0,,0.0,0.0,0.0,0.0,0.0,0.0,1.0,1.0,0.0,1.0,0.0,0.0,0.0,1.0,1.0,,,1.0,1.0,0.0,0.0,1.0,0.0,,,0.0,,,,1.0,0.0,,0.0,0.0,1.0,1.0,,1.0,,,0.0,1.0,,,,1.0,1.0,,,1.0,0.0,1.0,1.0,,1.0,0.0,0.0,1.0,0.0,0.0,0.0,0.0,0.0,,1.0,0.0,0.0
Julian Lemos,0.0,,1.0,0.0,1.0,1.0,1.0,1.0,0.0,,,1.0,1.0,1.0,,,0.0,,0.0,0.0,1.0,0.0,,0.0,0.0,0.0,0.0,0.0,1.0,1.0,0.0,1.0,,0.0,0.0,0.0,1.0,0.0,0.0,0.0,0.0,0.0,0.0,0.0,0.0,,,,,,0.0,1.0,0.0,1.0,1.0,0.0,0.0,1.0,,1.0,1.0,1.0,1.0,0.0,0.0,1.0,1.0,0.0,,0.0,0.0,0.0,0.0,1.0,0.0,1.0,,,,1.0,1.0,1.0,1.0,0.0,0.0,,1.0,1.0,1.0,1.0,1.0,1.0,,0.0,1.0,1.0,1.0,1.0,0.0,,0.0,0.0,1.0,1.0,1.0,1.0,0.0,0.0,1.0,1.0,1.0,0.0,0.0,1.0,,1.0,,0.0,0.0,,,,,,0.0,1.0,0.0,0.0,0.0,0.0,1.0,0.0,0.0,0.0,0.0,1.0,1.0,1.0,0.0,0.0,0.0,0.0,,0.0,0.0,1.0,,1.0,1.0,0.0,0.0,1.0,1.0,0.0,0.0,0.0,1.0,0.0,1.0,1.0,0.0,0.0,1.0,,,0.0,0.0,0.0,1.0,1.0,,0.0,0.0,1.0,0.0,0.0,1.0,1.0,1.0,1.0,1.0,1.0,1.0,1.0,1.0,1.0,1.0,1.0,1.0,1.0,,0.0,0.0,1.0,0.0,0.0,0.0,0.0,,,0.0,1.0,0.0,,1.0,1.0,,,,,,,1.0,1.0,0.0,0.0,1.0,0.0,0.0,1.0,1.0,1.0,1.0,0.0,1.0,1.0,1.0,1.0,,0.0,0.0,0.0,0.0,1.0,1.0,1.0,0.0,1.0,0.0,0.0,1.0,0.0,,1.0,1.0,1.0,,0.0,0.0,,1.0,,0.0,0.0,0.0,1.0,0.0,,,1.0,1.0,1.0,1.0,1.0,1.0,1.0,1.0,0.0,1.0,0.0,0.0,0.0,0.0,0.0,0.0,,0.0,0.0,1.0,0.0,1.0,1.0,1.0,1.0,0.0,0.0,0.0,0.0,1.0,1.0,1.0,0.0,0.0,0.0,1.0,1.0,1.0,0.0,1.0,0.0,1.0,1.0,0.0,1.0,1.0,0.0,0.0,1.0,1.0,0.0,,0.0,1.0,1.0,1.0,1.0,0.0,1.0,0.0,1.0,0.0,1.0,1.0,0.0,1.0,1.0,0.0,1.0,1.0,1.0,1.0,1.0,0.0,0.0,0.0,0.0,1.0,0.0,0.0,0.0,0.0,0.0,1.0,,0.0,1.0,1.0,0.0,0.0,,0.0,1.0,,1.0,1.0,0.0,0.0,1.0,0.0,0.0,,,0.0,1.0,0.0,0.0,1.0,1.0,0.0,1.0,1.0,0.0,0.0,1.0,1.0,0.0,1.0,0.0,0.0,1.0,0.0,0.0,0.0,1.0,0.0,0.0,1.0,0.0,0.0,1.0,1.0,1.0,1.0,0.0,1.0,1.0,1.0,0.0,,0.0,0.0,0.0,1.0,0.0,0.0,,1.0,0.0,1.0,1.0,1.0,1.0,1.0,0.0,1.0,0.0,0.0,0.0,1.0,1.0,0.0,0.0,,,,0.0,1.0,,1.0,1.0,0.0,0.0,1.0,0.0,1.0,1.0,,0.0,0.0,,0.0,0.0,0.0,,1.0,1.0,0.0,1.0,0.0,1.0,0.0,,1.0,,,1.0,1.0,1.0,,,0.0,1.0,0.0,0.0,0.0,1.0,1.0,1.0,0.0,0.0,0.0,,0.0,1.0,,,1.0,0.0,,1.0,,0.0,0.0,1.0,1.0,0.0,1.0,0.0,0.0,1.0,1.0,1.0,1.0,0.0,0.0,1.0,0.0,0.0,0.0,0.0,0.0,0.0,,0.0,0.0
Julio Cesar Ribeiro,0.0,0.0,1.0,0.0,1.0,1.0,1.0,,,1.0,,,1.0,0.0,1.0,1.0,1.0,0.0,1.0,0.0,0.0,0.0,1.0,1.0,0.0,1.0,0.0,0.0,1.0,1.0,0.0,0.0,0.0,0.0,0.0,0.0,1.0,0.0,0.0,1.0,0.0,1.0,0.0,1.0,0.0,1.0,0.0,1.0,1.0,,0.0,1.0,0.0,1.0,1.0,0.0,0.0,1.0,0.0,1.0,1.0,1.0,1.0,,0.0,1.0,0.0,1.0,0.0,0.0,0.0,0.0,0.0,1.0,0.0,1.0,1.0,0.0,1.0,1.0,,,1.0,0.0,1.0,,1.0,1.0,1.0,1.0,1.0,1.0,1.0,0.0,1.0,1.0,1.0,1.0,0.0,,,0.0,1.0,0.0,0.0,0.0,0.0,1.0,1.0,0.0,1.0,1.0,1.0,1.0,,1.0,0.0,0.0,0.0,0.0,1.0,0.0,0.0,0.0,0.0,1.0,1.0,0.0,0.0,0.0,1.0,0.0,0.0,1.0,0.0,1.0,1.0,1.0,1.0,0.0,0.0,0.0,1.0,0.0,0.0,1.0,0.0,1.0,1.0,0.0,0.0,1.0,1.0,0.0,,0.0,1.0,0.0,1.0,1.0,0.0,0.0,1.0,1.0,1.0,0.0,0.0,,1.0,1.0,1.0,0.0,0.0,1.0,0.0,0.0,1.0,1.0,1.0,1.0,1.0,0.0,0.0,1.0,1.0,1.0,1.0,1.0,1.0,1.0,0.0,0.0,0.0,0.0,,0.0,,0.0,1.0,1.0,0.0,1.0,0.0,,0.0,0.0,0.0,0.0,1.0,0.0,0.0,0.0,1.0,1.0,0.0,0.0,1.0,0.0,0.0,1.0,1.0,1.0,1.0,0.0,1.0,1.0,1.0,1.0,1.0,0.0,0.0,0.0,0.0,1.0,1.0,1.0,0.0,1.0,0.0,0.0,1.0,0.0,0.0,1.0,1.0,1.0,0.0,0.0,0.0,1.0,1.0,1.0,1.0,0.0,0.0,1.0,0.0,1.0,0.0,1.0,1.0,1.0,1.0,1.0,1.0,1.0,1.0,1.0,1.0,0.0,1.0,0.0,0.0,0.0,0.0,1.0,0.0,0.0,1.0,0.0,1.0,1.0,1.0,1.0,0.0,0.0,0.0,0.0,1.0,1.0,1.0,1.0,0.0,0.0,1.0,1.0,,0.0,1.0,0.0,1.0,0.0,0.0,0.0,1.0,0.0,0.0,1.0,0.0,0.0,0.0,0.0,1.0,1.0,1.0,1.0,0.0,1.0,0.0,1.0,0.0,1.0,1.0,0.0,1.0,1.0,1.0,1.0,1.0,1.0,1.0,1.0,0.0,0.0,0.0,0.0,1.0,0.0,0.0,0.0,0.0,0.0,1.0,1.0,1.0,1.0,1.0,0.0,1.0,0.0,0.0,1.0,1.0,1.0,,0.0,0.0,,0.0,0.0,0.0,0.0,0.0,1.0,0.0,1.0,1.0,1.0,0.0,1.0,1.0,0.0,0.0,1.0,1.0,0.0,1.0,0.0,0.0,1.0,0.0,0.0,0.0,0.0,0.0,0.0,1.0,0.0,0.0,1.0,1.0,1.0,,0.0,1.0,1.0,1.0,0.0,0.0,0.0,0.0,,1.0,0.0,0.0,0.0,1.0,0.0,1.0,,1.0,0.0,1.0,0.0,1.0,0.0,0.0,0.0,0.0,1.0,0.0,0.0,0.0,0.0,0.0,0.0,1.0,0.0,1.0,,,0.0,1.0,,,,,0.0,0.0,0.0,0.0,,0.0,0.0,1.0,1.0,0.0,1.0,,1.0,0.0,1.0,1.0,0.0,0.0,1.0,1.0,0.0,,1.0,0.0,0.0,0.0,0.0,0.0,1.0,1.0,1.0,0.0,0.0,0.0,0.0,1.0,1.0,0.0,1.0,,0.0,0.0,1.0,,0.0,0.0,1.0,1.0,0.0,1.0,0.0,0.0,1.0,1.0,1.0,1.0,0.0,0.0,1.0,0.0,,,,,,,,0.0
Julio Lopes,,,,,,,,,,1.0,,,0.0,1.0,0.0,1.0,0.0,1.0,,0.0,1.0,0.0,,,,,,,,,,,,,,,,,,,,,,,,,,,,,,,,,,,,,,,1.0,1.0,,,,,1.0,,,0.0,,,,,,,,,,1.0,,,,,,,,,1.0,1.0,1.0,,1.0,0.0,,1.0,1.0,1.0,0.0,,,,,,,,,,,,,,,,,,,,,,,,,,,,,,,,,,,,,,,,,,,,,,,,,,,,,,,,,,,,,,,,,,,,,,,,,,,,,,,,,,,,,,,,,,,,,,,,,,,,,,,,,,,,,,,,,,,,,,,,,,,,,,,,,,,,,,,,,,,,,,,,,,,,,,,,,,,,,,,,,,,,,,,,,,,,,,,,,,,,,,,,,,,,,,,,,,,,,,,,,,,,,,,,,,,,,,,,,,,,,,,,,,,,,,,,,,,,,,,,,,,,,,,,,,,,,,,,,,,,,,,,,,,,,,,,,,,,,,,,,,,,,,,,,,,,,,,,,,,,,,,,,,,,,,,,,,,,,,,,,,,,,,,,,,,,,,,,,,,,,,,,,,,,,,,,,,,,,,,,,,,,,,,,,,,,,,,,,,,,,,,,,,,,,,,,,,,,,,,,,,,,,,
Juninho do Pneu,0.0,,1.0,0.0,1.0,1.0,1.0,1.0,0.0,1.0,0.0,1.0,0.0,1.0,0.0,1.0,0.0,1.0,0.0,0.0,1.0,0.0,,,0.0,1.0,0.0,1.0,0.0,1.0,0.0,1.0,0.0,0.0,,0.0,1.0,1.0,0.0,0.0,0.0,0.0,0.0,1.0,0.0,1.0,0.0,1.0,1.0,0.0,0.0,1.0,0.0,1.0,1.0,0.0,0.0,,0.0,1.0,1.0,1.0,1.0,0.0,0.0,,1.0,1.0,0.0,0.0,0.0,0.0,0.0,1.0,,1.0,1.0,0.0,1.0,,1.0,1.0,,,1.0,,1.0,1.0,,,,,1.0,0.0,1.0,,,,,0.0,0.0,1.0,1.0,1.0,1.0,1.0,0.0,0.0,1.0,1.0,1.0,0.0,0.0,1.0,1.0,1.0,0.0,0.0,0.0,0.0,1.0,0.0,0.0,0.0,0.0,1.0,0.0,0.0,0.0,0.0,1.0,0.0,1.0,0.0,0.0,1.0,1.0,1.0,1.0,0.0,0.0,0.0,1.0,0.0,0.0,1.0,0.0,1.0,1.0,,,1.0,1.0,0.0,,0.0,1.0,0.0,,1.0,,,,,,0.0,0.0,0.0,1.0,1.0,1.0,0.0,0.0,1.0,0.0,,1.0,1.0,1.0,1.0,1.0,1.0,0.0,1.0,1.0,1.0,1.0,1.0,1.0,1.0,0.0,1.0,0.0,1.0,0.0,0.0,0.0,0.0,1.0,1.0,0.0,1.0,0.0,,0.0,0.0,0.0,0.0,1.0,0.0,0.0,0.0,1.0,0.0,0.0,0.0,1.0,0.0,0.0,1.0,1.0,1.0,0.0,0.0,1.0,1.0,1.0,1.0,1.0,0.0,0.0,0.0,0.0,1.0,1.0,1.0,0.0,1.0,0.0,0.0,1.0,0.0,0.0,0.0,0.0,0.0,1.0,0.0,1.0,1.0,1.0,1.0,1.0,0.0,1.0,1.0,0.0,1.0,,1.0,1.0,1.0,1.0,1.0,1.0,1.0,1.0,0.0,1.0,0.0,1.0,0.0,0.0,0.0,0.0,1.0,1.0,0.0,1.0,0.0,1.0,1.0,1.0,1.0,0.0,0.0,0.0,0.0,1.0,1.0,1.0,0.0,0.0,0.0,1.0,1.0,1.0,1.0,1.0,0.0,0.0,1.0,1.0,1.0,1.0,0.0,,1.0,0.0,0.0,0.0,0.0,1.0,1.0,1.0,,0.0,1.0,0.0,1.0,0.0,1.0,1.0,0.0,0.0,1.0,1.0,1.0,1.0,1.0,1.0,1.0,0.0,0.0,0.0,,1.0,0.0,0.0,0.0,0.0,0.0,1.0,1.0,1.0,1.0,1.0,0.0,1.0,0.0,1.0,1.0,1.0,1.0,1.0,0.0,0.0,1.0,,0.0,0.0,0.0,0.0,1.0,0.0,0.0,0.0,1.0,0.0,1.0,1.0,0.0,0.0,1.0,1.0,0.0,1.0,0.0,0.0,1.0,0.0,1.0,0.0,0.0,0.0,0.0,1.0,0.0,0.0,1.0,1.0,1.0,1.0,0.0,1.0,1.0,1.0,0.0,0.0,0.0,0.0,0.0,1.0,0.0,0.0,0.0,1.0,0.0,1.0,1.0,1.0,1.0,1.0,0.0,1.0,0.0,0.0,0.0,0.0,1.0,0.0,0.0,0.0,0.0,0.0,0.0,,0.0,1.0,1.0,,0.0,1.0,0.0,1.0,1.0,0.0,0.0,0.0,,0.0,0.0,0.0,0.0,1.0,1.0,0.0,1.0,0.0,1.0,0.0,1.0,1.0,1.0,1.0,1.0,1.0,0.0,0.0,,0.0,0.0,0.0,0.0,0.0,1.0,1.0,1.0,0.0,0.0,,0.0,1.0,1.0,,1.0,0.0,0.0,0.0,1.0,0.0,0.0,0.0,1.0,1.0,0.0,1.0,0.0,0.0,1.0,1.0,1.0,1.0,0.0,0.0,1.0,0.0,0.0,0.0,0.0,0.0,0.0,1.0,0.0,0.0
Junio Amaral,,0.0,0.0,0.0,0.0,0.0,0.0,1.0,0.0,0.0,0.0,1.0,0.0,0.0,0.0,0.0,0.0,1.0,0.0,1.0,1.0,0.0,1.0,0.0,0.0,0.0,,0.0,1.0,1.0,0.0,1.0,0.0,,0.0,0.0,1.0,0.0,0.0,0.0,0.0,0.0,0.0,1.0,0.0,1.0,0.0,1.0,1.0,0.0,0.0,1.0,1.0,0.0,0.0,1.0,1.0,1.0,,0.0,1.0,1.0,1.0,0.0,0.0,1.0,1.0,0.0,0.0,0.0,0.0,,0.0,1.0,0.0,1.0,,,,0.0,1.0,1.0,1.0,0.0,0.0,,0.0,0.0,1.0,0.0,0.0,0.0,1.0,0.0,0.0,0.0,1.0,1.0,0.0,1.0,1.0,0.0,,0.0,0.0,0.0,0.0,1.0,0.0,0.0,0.0,1.0,1.0,1.0,1.0,1.0,0.0,0.0,0.0,0.0,1.0,0.0,0.0,,0.0,1.0,1.0,,,,1.0,0.0,0.0,0.0,0.0,1.0,1.0,1.0,0.0,0.0,0.0,0.0,1.0,0.0,1.0,0.0,0.0,0.0,1.0,0.0,0.0,1.0,1.0,0.0,0.0,0.0,1.0,0.0,1.0,1.0,0.0,0.0,1.0,,1.0,0.0,0.0,0.0,1.0,,,0.0,0.0,1.0,0.0,0.0,1.0,1.0,1.0,1.0,1.0,1.0,1.0,1.0,1.0,1.0,1.0,0.0,1.0,1.0,0.0,1.0,0.0,1.0,,0.0,0.0,0.0,0.0,0.0,1.0,1.0,0.0,,0.0,0.0,,0.0,,0.0,0.0,,1.0,0.0,0.0,0.0,0.0,0.0,0.0,1.0,0.0,1.0,1.0,0.0,1.0,1.0,1.0,,1.0,0.0,0.0,0.0,,1.0,1.0,1.0,0.0,1.0,0.0,0.0,1.0,0.0,,0.0,1.0,1.0,0.0,0.0,0.0,,1.0,,0.0,0.0,0.0,0.0,0.0,0.0,0.0,1.0,1.0,1.0,1.0,1.0,,1.0,1.0,0.0,1.0,0.0,1.0,0.0,,,0.0,1.0,0.0,0.0,1.0,0.0,1.0,1.0,1.0,1.0,0.0,0.0,0.0,0.0,1.0,1.0,1.0,0.0,0.0,0.0,1.0,1.0,1.0,0.0,1.0,0.0,1.0,0.0,0.0,0.0,1.0,0.0,0.0,1.0,1.0,0.0,0.0,0.0,1.0,1.0,1.0,1.0,0.0,1.0,0.0,1.0,,,1.0,0.0,,,1.0,1.0,1.0,1.0,1.0,1.0,0.0,0.0,0.0,0.0,1.0,0.0,0.0,0.0,0.0,0.0,1.0,1.0,1.0,1.0,1.0,0.0,0.0,0.0,0.0,1.0,1.0,0.0,1.0,0.0,0.0,,0.0,1.0,0.0,0.0,0.0,1.0,0.0,0.0,1.0,1.0,0.0,1.0,1.0,0.0,0.0,1.0,1.0,0.0,1.0,0.0,0.0,0.0,0.0,1.0,0.0,0.0,0.0,0.0,0.0,0.0,0.0,1.0,1.0,0.0,1.0,0.0,1.0,1.0,1.0,0.0,0.0,,0.0,,,0.0,0.0,0.0,1.0,0.0,1.0,1.0,1.0,1.0,1.0,0.0,1.0,0.0,0.0,,,1.0,0.0,0.0,0.0,0.0,0.0,0.0,1.0,0.0,0.0,,0.0,0.0,1.0,,1.0,1.0,0.0,0.0,0.0,0.0,0.0,0.0,0.0,0.0,1.0,1.0,0.0,1.0,0.0,1.0,0.0,0.0,0.0,,1.0,1.0,1.0,1.0,0.0,1.0,0.0,0.0,0.0,0.0,0.0,1.0,1.0,1.0,,0.0,0.0,0.0,0.0,1.0,0.0,,0.0,0.0,0.0,1.0,0.0,0.0,0.0,1.0,1.0,,1.0,0.0,0.0,1.0,1.0,1.0,1.0,,0.0,1.0,0.0,,0.0,0.0,0.0,0.0,1.0,0.0,0.0
Junior Lourenço,,,,,,,,1.0,0.0,1.0,,,,,,,,,,,,,,,,,,1.0,,1.0,,1.0,0.0,0.0,0.0,0.0,1.0,1.0,0.0,0.0,0.0,0.0,0.0,1.0,0.0,,0.0,1.0,,,,,,1.0,,,0.0,,,1.0,,,,0.0,,,,1.0,0.0,0.0,,,,1.0,0.0,1.0,,,,,1.0,,1.0,,0.0,,1.0,1.0,1.0,1.0,1.0,1.0,,0.0,0.0,,,1.0,0.0,,,,,1.0,1.0,,,,1.0,,,,,1.0,1.0,1.0,,0.0,0.0,,,,0.0,,,,,,,,,,,,,,,,1.0,0.0,0.0,,,,,,,,,0.0,0.0,1.0,1.0,0.0,,0.0,1.0,,,,,,,,,,,,1.0,,1.0,,,1.0,0.0,0.0,1.0,1.0,1.0,1.0,1.0,1.0,,,,,,,,,,,0.0,1.0,0.0,,0.0,0.0,,,,1.0,0.0,,,,0.0,,,,0.0,0.0,,,,,,,,,,,,0.0,1.0,1.0,,1.0,1.0,0.0,0.0,,,1.0,1.0,,,,,0.0,,0.0,0.0,0.0,1.0,1.0,,,,1.0,,,,,,1.0,0.0,,,1.0,,,1.0,1.0,,1.0,1.0,,,,,,,,,,,,,,,,,,,,,,,,,,,,,,,,,,,0.0,1.0,,1.0,,0.0,1.0,,,,0.0,1.0,,1.0,,,1.0,,1.0,0.0,1.0,1.0,,1.0,1.0,1.0,1.0,,1.0,1.0,,,,,,,,,0.0,0.0,0.0,,1.0,1.0,1.0,,,,,,,,,,,,,,,0.0,,,1.0,,,,1.0,0.0,,1.0,0.0,,,,,,,,,,,,,,,,,,,,,,,,1.0,,0.0,0.0,,,,,,0.0,0.0,1.0,,1.0,1.0,1.0,,1.0,,,0.0,,0.0,0.0,1.0,0.0,0.0,0.0,0.0,0.0,,1.0,,1.0,1.0,,0.0,1.0,0.0,1.0,1.0,0.0,,,0.0,0.0,,0.0,,,,0.0,1.0,,1.0,,,1.0,0.0,1.0,1.0,,1.0,0.0,,0.0,0.0,,,0.0,,,1.0,,0.0,,0.0,0.0,1.0,,1.0,0.0,,0.0,1.0,,0.0,0.0,1.0,,0.0,1.0,,,1.0,1.0,1.0,,,,,,,,,,,,,0.0
Juscelino Filho,,0.0,1.0,0.0,1.0,1.0,1.0,1.0,0.0,1.0,0.0,,1.0,1.0,,,,1.0,,,1.0,0.0,0.0,,0.0,1.0,,1.0,,1.0,,,,0.0,0.0,0.0,1.0,1.0,,0.0,0.0,0.0,0.0,1.0,0.0,1.0,0.0,,1.0,0.0,0.0,1.0,,,1.0,0.0,0.0,,0.0,1.0,1.0,1.0,,0.0,0.0,1.0,1.0,1.0,,0.0,0.0,0.0,,1.0,0.0,1.0,1.0,0.0,1.0,,1.0,,,,0.0,,,1.0,1.0,1.0,1.0,1.0,1.0,,1.0,,,,0.0,0.0,,1.0,1.0,1.0,1.0,1.0,,0.0,1.0,1.0,1.0,0.0,0.0,1.0,,,,0.0,0.0,0.0,1.0,0.0,,,0.0,1.0,0.0,0.0,,0.0,1.0,0.0,1.0,0.0,,1.0,1.0,1.0,1.0,0.0,0.0,0.0,1.0,0.0,0.0,1.0,0.0,1.0,1.0,0.0,0.0,,1.0,0.0,,,,0.0,0.0,1.0,0.0,,,0.0,1.0,,0.0,,1.0,,,0.0,0.0,,0.0,,1.0,1.0,1.0,1.0,1.0,0.0,0.0,1.0,1.0,1.0,,,,,0.0,1.0,0.0,,,0.0,0.0,0.0,1.0,1.0,0.0,,0.0,,0.0,0.0,0.0,0.0,1.0,,0.0,0.0,,0.0,,,1.0,0.0,0.0,1.0,,,,0.0,1.0,,,1.0,1.0,0.0,0.0,,0.0,1.0,1.0,1.0,,1.0,0.0,0.0,1.0,0.0,0.0,,0.0,0.0,1.0,0.0,1.0,1.0,1.0,,1.0,,,1.0,,,,1.0,1.0,,1.0,1.0,1.0,1.0,1.0,,1.0,0.0,,,0.0,0.0,0.0,1.0,1.0,0.0,,0.0,,,1.0,,,,0.0,0.0,,1.0,1.0,0.0,,,1.0,,,,,,0.0,1.0,,1.0,1.0,,0.0,1.0,0.0,,0.0,0.0,1.0,1.0,1.0,1.0,0.0,1.0,0.0,1.0,0.0,1.0,1.0,0.0,0.0,1.0,1.0,1.0,1.0,1.0,1.0,1.0,,0.0,,,,0.0,0.0,0.0,0.0,0.0,1.0,1.0,1.0,1.0,0.0,,1.0,,1.0,1.0,1.0,,1.0,0.0,0.0,1.0,1.0,,0.0,0.0,,1.0,,0.0,1.0,1.0,,,,,0.0,1.0,,0.0,1.0,,0.0,1.0,0.0,1.0,0.0,0.0,,0.0,,0.0,,1.0,1.0,,,0.0,1.0,,1.0,,,0.0,0.0,0.0,1.0,0.0,0.0,0.0,,0.0,1.0,1.0,,1.0,1.0,,,0.0,,,,1.0,,,0.0,,0.0,0.0,1.0,,1.0,,,,,,1.0,,,,,,0.0,,,,1.0,,,,,,,,1.0,,,,0.0,0.0,,1.0,0.0,0.0,,,,1.0,1.0,,,,,,,,,1.0,,,0.0,,,,0.0,1.0,1.0,0.0,1.0,0.0,0.0,,,,1.0,0.0,,1.0,0.0,0.0,,,0.0,,1.0,0.0,0.0
Jéssica Sales,,,1.0,1.0,1.0,1.0,1.0,,,,0.0,,0.0,1.0,0.0,1.0,0.0,1.0,0.0,1.0,1.0,,,1.0,,1.0,1.0,0.0,1.0,1.0,0.0,1.0,,,0.0,0.0,1.0,1.0,,0.0,0.0,0.0,0.0,0.0,0.0,,,,,,,,0.0,1.0,1.0,,0.0,1.0,,1.0,,,,,,,,1.0,0.0,0.0,,,0.0,0.0,0.0,0.0,0.0,1.0,0.0,1.0,1.0,,1.0,0.0,1.0,,1.0,1.0,1.0,1.0,,1.0,1.0,0.0,,1.0,,,0.0,0.0,0.0,0.0,1.0,,,,,,,,,,,1.0,,1.0,0.0,0.0,0.0,0.0,1.0,0.0,0.0,,0.0,1.0,0.0,1.0,0.0,0.0,1.0,0.0,0.0,,0.0,1.0,1.0,1.0,1.0,,0.0,1.0,,,,,,,1.0,0.0,0.0,1.0,1.0,0.0,0.0,0.0,1.0,0.0,1.0,1.0,,,,,,0.0,0.0,0.0,1.0,1.0,1.0,0.0,0.0,1.0,0.0,0.0,1.0,1.0,1.0,1.0,1.0,1.0,0.0,1.0,1.0,1.0,,,,1.0,0.0,0.0,0.0,1.0,0.0,0.0,0.0,0.0,1.0,1.0,0.0,1.0,0.0,,0.0,0.0,,0.0,1.0,0.0,0.0,0.0,1.0,1.0,0.0,0.0,1.0,0.0,0.0,1.0,1.0,1.0,1.0,0.0,1.0,1.0,1.0,1.0,1.0,0.0,0.0,0.0,0.0,1.0,1.0,1.0,0.0,1.0,0.0,0.0,1.0,0.0,0.0,0.0,1.0,1.0,0.0,1.0,1.0,,,1.0,1.0,0.0,0.0,1.0,0.0,1.0,0.0,1.0,1.0,1.0,1.0,1.0,1.0,0.0,1.0,0.0,1.0,0.0,1.0,0.0,1.0,0.0,0.0,,1.0,0.0,1.0,0.0,,1.0,,,0.0,0.0,0.0,,,1.0,1.0,0.0,0.0,0.0,1.0,1.0,,,,0.0,1.0,0.0,0.0,1.0,1.0,0.0,0.0,1.0,0.0,0.0,,0.0,1.0,1.0,1.0,1.0,0.0,,0.0,1.0,0.0,1.0,1.0,0.0,1.0,1.0,1.0,1.0,1.0,1.0,1.0,1.0,0.0,0.0,0.0,0.0,1.0,0.0,0.0,0.0,0.0,0.0,1.0,1.0,1.0,1.0,0.0,0.0,0.0,0.0,0.0,1.0,1.0,0.0,1.0,0.0,,1.0,0.0,0.0,0.0,0.0,,1.0,0.0,0.0,1.0,1.0,0.0,1.0,1.0,0.0,0.0,1.0,1.0,0.0,1.0,0.0,0.0,1.0,0.0,0.0,0.0,0.0,0.0,0.0,1.0,0.0,0.0,1.0,,1.0,1.0,,1.0,1.0,1.0,0.0,0.0,0.0,0.0,0.0,1.0,0.0,0.0,0.0,1.0,0.0,1.0,0.0,1.0,1.0,1.0,0.0,,0.0,0.0,0.0,0.0,1.0,0.0,,,0.0,0.0,0.0,1.0,0.0,1.0,1.0,0.0,0.0,1.0,0.0,1.0,1.0,0.0,0.0,0.0,0.0,0.0,0.0,0.0,0.0,1.0,1.0,0.0,1.0,0.0,1.0,0.0,0.0,,,1.0,1.0,,1.0,0.0,1.0,0.0,,0.0,0.0,0.0,1.0,,1.0,0.0,0.0,,0.0,0.0,1.0,0.0,1.0,,0.0,0.0,1.0,0.0,0.0,1.0,1.0,1.0,0.0,1.0,0.0,0.0,1.0,1.0,1.0,1.0,0.0,,1.0,0.0,0.0,0.0,0.0,0.0,0.0,1.0,0.0,1.0
Júlio Cesar,0.0,,1.0,0.0,,1.0,1.0,1.0,0.0,,0.0,1.0,0.0,,,,0.0,1.0,,0.0,1.0,0.0,0.0,,0.0,1.0,0.0,,,1.0,,1.0,0.0,,0.0,0.0,1.0,,0.0,0.0,0.0,0.0,0.0,1.0,,1.0,0.0,,,1.0,,,0.0,1.0,1.0,,,1.0,0.0,1.0,1.0,1.0,,0.0,,1.0,1.0,,0.0,0.0,0.0,,0.0,,0.0,1.0,1.0,0.0,1.0,1.0,1.0,1.0,1.0,0.0,0.0,,1.0,1.0,1.0,1.0,1.0,1.0,,0.0,1.0,1.0,1.0,1.0,0.0,,,0.0,1.0,1.0,1.0,1.0,0.0,0.0,1.0,1.0,1.0,0.0,0.0,1.0,1.0,1.0,,0.0,0.0,,1.0,0.0,0.0,,0.0,1.0,0.0,,0.0,0.0,1.0,,0.0,,,,,1.0,1.0,0.0,0.0,0.0,1.0,0.0,0.0,1.0,0.0,1.0,1.0,0.0,0.0,1.0,1.0,0.0,0.0,0.0,1.0,0.0,1.0,1.0,0.0,0.0,1.0,,,0.0,0.0,,1.0,,1.0,0.0,0.0,1.0,0.0,0.0,1.0,1.0,1.0,1.0,,,,,,,,,,1.0,0.0,,0.0,,,0.0,0.0,0.0,1.0,1.0,0.0,,0.0,,0.0,0.0,0.0,0.0,1.0,0.0,0.0,,,1.0,0.0,0.0,1.0,0.0,0.0,1.0,1.0,,,,1.0,1.0,,1.0,1.0,0.0,0.0,,,1.0,1.0,1.0,0.0,,,,1.0,0.0,,0.0,1.0,1.0,0.0,0.0,0.0,1.0,,1.0,1.0,0.0,0.0,0.0,0.0,1.0,,1.0,1.0,1.0,1.0,1.0,1.0,1.0,1.0,1.0,1.0,0.0,1.0,0.0,0.0,0.0,,,0.0,0.0,,,,,,,0.0,0.0,0.0,0.0,,1.0,1.0,0.0,,,1.0,1.0,,,1.0,0.0,1.0,0.0,1.0,0.0,1.0,0.0,,1.0,0.0,,0.0,0.0,1.0,1.0,1.0,1.0,0.0,1.0,0.0,1.0,0.0,1.0,1.0,0.0,1.0,1.0,,1.0,,1.0,,,0.0,0.0,0.0,0.0,,,0.0,0.0,0.0,,,1.0,1.0,1.0,1.0,0.0,0.0,,,,1.0,,,0.0,0.0,,0.0,,0.0,,,,0.0,0.0,1.0,1.0,0.0,1.0,1.0,,0.0,,,,1.0,0.0,,1.0,0.0,,0.0,0.0,0.0,0.0,1.0,,,,,,,,,1.0,1.0,0.0,0.0,,,,,,0.0,0.0,1.0,0.0,1.0,1.0,1.0,,,,,0.0,0.0,,0.0,1.0,,,,0.0,0.0,0.0,,0.0,,,,,,,1.0,1.0,0.0,,0.0,,0.0,0.0,,,1.0,1.0,,1.0,,1.0,,,1.0,,1.0,1.0,1.0,1.0,0.0,1.0,0.0,0.0,0.0,0.0,,1.0,1.0,1.0,0.0,0.0,,0.0,1.0,1.0,0.0,,0.0,0.0,0.0,1.0,0.0,0.0,0.0,,,0.0,1.0,,,1.0,1.0,1.0,1.0,,0.0,1.0,0.0,,,,,,,,
Júlio Delgado,1.0,1.0,1.0,1.0,1.0,1.0,1.0,1.0,1.0,1.0,1.0,1.0,0.0,1.0,0.0,1.0,0.0,1.0,0.0,0.0,1.0,1.0,,1.0,0.0,,,,,0.0,1.0,1.0,0.0,,0.0,0.0,1.0,,0.0,1.0,1.0,,0.0,0.0,0.0,1.0,0.0,1.0,,,0.0,1.0,0.0,1.0,1.0,0.0,0.0,1.0,,1.0,1.0,1.0,1.0,0.0,0.0,,1.0,0.0,0.0,0.0,,,0.0,1.0,,1.0,1.0,0.0,1.0,1.0,1.0,1.0,1.0,0.0,1.0,,1.0,1.0,,1.0,1.0,1.0,1.0,1.0,1.0,1.0,,,1.0,0.0,0.0,1.0,,1.0,1.0,1.0,0.0,0.0,1.0,1.0,1.0,0.0,0.0,1.0,0.0,0.0,1.0,0.0,0.0,0.0,1.0,0.0,,0.0,1.0,0.0,0.0,1.0,1.0,1.0,0.0,1.0,1.0,1.0,1.0,0.0,0.0,0.0,1.0,0.0,1.0,0.0,1.0,1.0,0.0,,0.0,1.0,0.0,,0.0,,1.0,0.0,0.0,0.0,1.0,,0.0,0.0,,0.0,,0.0,,0.0,0.0,,1.0,1.0,,0.0,,,,1.0,,,0.0,0.0,0.0,0.0,0.0,0.0,0.0,0.0,0.0,0.0,0.0,0.0,1.0,1.0,1.0,1.0,,0.0,1.0,1.0,1.0,0.0,0.0,1.0,,,1.0,1.0,1.0,1.0,0.0,1.0,1.0,1.0,0.0,1.0,1.0,0.0,1.0,1.0,,0.0,0.0,0.0,0.0,1.0,0.0,0.0,0.0,0.0,0.0,1.0,1.0,1.0,1.0,,1.0,0.0,1.0,0.0,1.0,1.0,0.0,,1.0,1.0,0.0,0.0,1.0,1.0,1.0,1.0,1.0,1.0,0.0,1.0,,0.0,1.0,1.0,0.0,1.0,0.0,1.0,1.0,0.0,0.0,0.0,1.0,0.0,1.0,1.0,0.0,1.0,,1.0,1.0,0.0,0.0,1.0,0.0,1.0,0.0,0.0,0.0,0.0,0.0,0.0,0.0,0.0,1.0,1.0,1.0,0.0,0.0,1.0,1.0,0.0,0.0,1.0,0.0,1.0,0.0,0.0,0.0,1.0,1.0,0.0,0.0,1.0,0.0,,1.0,0.0,0.0,0.0,0.0,0.0,1.0,1.0,1.0,0.0,1.0,1.0,1.0,1.0,1.0,0.0,0.0,1.0,1.0,1.0,1.0,0.0,0.0,0.0,1.0,1.0,0.0,1.0,0.0,1.0,1.0,1.0,1.0,1.0,0.0,0.0,0.0,1.0,1.0,0.0,1.0,1.0,,1.0,0.0,1.0,0.0,1.0,1.0,0.0,1.0,1.0,,1.0,1.0,0.0,0.0,1.0,1.0,0.0,0.0,0.0,0.0,1.0,0.0,1.0,,,1.0,0.0,,1.0,1.0,1.0,1.0,0.0,1.0,1.0,1.0,1.0,1.0,1.0,,0.0,0.0,,1.0,,,,,,1.0,1.0,,0.0,,1.0,,0.0,0.0,0.0,0.0,,,,1.0,1.0,1.0,0.0,,,,,,,,,0.0,0.0,,1.0,0.0,1.0,0.0,0.0,1.0,,,,,,,,,,,,,0.0,0.0,1.0,1.0,1.0,0.0,0.0,0.0,0.0,1.0,1.0,1.0,1.0,,1.0,1.0,0.0,0.0,0.0,,1.0,0.0,1.0,1.0,0.0,1.0,1.0,,1.0,1.0,,,0.0,1.0,,1.0,0.0,1.0,1.0,0.0,1.0,0.0,0.0,1.0,1.0,1.0,0.0,1.0,,0.0,,,0.0,1.0,0.0,1.0
Júnior Ferrari,0.0,0.0,1.0,0.0,1.0,1.0,1.0,1.0,0.0,1.0,0.0,1.0,0.0,1.0,0.0,1.0,0.0,1.0,0.0,0.0,1.0,0.0,0.0,0.0,,0.0,0.0,0.0,1.0,1.0,0.0,1.0,0.0,0.0,0.0,0.0,1.0,1.0,0.0,0.0,0.0,0.0,0.0,1.0,0.0,1.0,0.0,1.0,1.0,0.0,0.0,1.0,0.0,0.0,,0.0,0.0,1.0,,1.0,1.0,1.0,1.0,0.0,0.0,1.0,1.0,0.0,0.0,0.0,0.0,0.0,0.0,1.0,0.0,1.0,1.0,0.0,1.0,,1.0,1.0,1.0,0.0,0.0,,1.0,1.0,1.0,1.0,,1.0,1.0,0.0,0.0,0.0,1.0,1.0,0.0,,,0.0,1.0,1.0,1.0,1.0,0.0,0.0,1.0,1.0,1.0,0.0,0.0,1.0,1.0,1.0,0.0,0.0,0.0,0.0,1.0,0.0,0.0,0.0,,1.0,,0.0,0.0,0.0,1.0,0.0,1.0,1.0,0.0,1.0,1.0,1.0,1.0,0.0,0.0,0.0,1.0,0.0,0.0,1.0,0.0,1.0,1.0,0.0,0.0,,1.0,0.0,0.0,0.0,1.0,,,,0.0,1.0,,,1.0,0.0,0.0,0.0,1.0,1.0,1.0,1.0,,1.0,0.0,0.0,1.0,1.0,1.0,1.0,1.0,1.0,1.0,1.0,1.0,1.0,1.0,1.0,1.0,1.0,0.0,0.0,0.0,1.0,0.0,0.0,0.0,0.0,1.0,0.0,0.0,1.0,0.0,,0.0,0.0,0.0,0.0,1.0,0.0,0.0,1.0,1.0,0.0,0.0,0.0,1.0,0.0,0.0,1.0,0.0,1.0,1.0,0.0,1.0,1.0,1.0,1.0,1.0,0.0,0.0,0.0,0.0,1.0,1.0,1.0,0.0,1.0,0.0,0.0,1.0,0.0,0.0,0.0,0.0,1.0,0.0,0.0,0.0,1.0,0.0,1.0,0.0,0.0,0.0,0.0,0.0,1.0,,1.0,1.0,1.0,1.0,1.0,1.0,1.0,1.0,0.0,1.0,0.0,0.0,1.0,0.0,0.0,0.0,1.0,0.0,0.0,1.0,0.0,1.0,1.0,1.0,1.0,0.0,0.0,0.0,0.0,1.0,1.0,1.0,0.0,0.0,0.0,0.0,,0.0,0.0,1.0,0.0,1.0,0.0,0.0,0.0,,0.0,,1.0,0.0,0.0,0.0,0.0,1.0,1.0,1.0,1.0,0.0,1.0,0.0,1.0,0.0,1.0,1.0,0.0,1.0,1.0,1.0,1.0,1.0,1.0,1.0,1.0,0.0,0.0,0.0,0.0,1.0,0.0,0.0,0.0,0.0,0.0,1.0,1.0,1.0,1.0,1.0,0.0,,0.0,0.0,1.0,1.0,0.0,1.0,0.0,0.0,1.0,0.0,1.0,0.0,0.0,0.0,1.0,0.0,0.0,1.0,1.0,0.0,1.0,1.0,0.0,1.0,1.0,1.0,,1.0,0.0,,1.0,0.0,1.0,0.0,0.0,0.0,0.0,1.0,1.0,1.0,1.0,1.0,1.0,1.0,0.0,1.0,1.0,1.0,0.0,0.0,0.0,0.0,0.0,1.0,0.0,0.0,0.0,1.0,0.0,1.0,1.0,1.0,0.0,1.0,0.0,1.0,0.0,0.0,0.0,0.0,1.0,0.0,0.0,,0.0,0.0,0.0,1.0,0.0,1.0,1.0,0.0,0.0,1.0,0.0,1.0,1.0,0.0,0.0,0.0,0.0,0.0,0.0,0.0,0.0,1.0,1.0,0.0,1.0,0.0,1.0,0.0,0.0,1.0,1.0,1.0,1.0,1.0,1.0,0.0,1.0,0.0,0.0,0.0,0.0,0.0,1.0,1.0,1.0,0.0,0.0,,0.0,0.0,1.0,0.0,0.0,0.0,0.0,0.0,1.0,0.0,0.0,0.0,1.0,1.0,0.0,1.0,0.0,0.0,1.0,1.0,,1.0,0.0,,1.0,0.0,,,,,,1.0,,0.0
Júnior Mano,0.0,,1.0,,1.0,1.0,1.0,,,1.0,,,1.0,1.0,,,0.0,1.0,0.0,,1.0,,1.0,1.0,0.0,1.0,0.0,,,,0.0,1.0,,0.0,0.0,0.0,1.0,1.0,0.0,1.0,0.0,0.0,0.0,1.0,0.0,1.0,0.0,,1.0,,,,,,1.0,,,,0.0,,1.0,,1.0,0.0,0.0,,,1.0,,,,,0.0,1.0,0.0,1.0,1.0,0.0,1.0,1.0,1.0,1.0,1.0,0.0,0.0,,1.0,1.0,1.0,1.0,1.0,1.0,1.0,0.0,0.0,,,,,,,,,1.0,1.0,1.0,0.0,0.0,1.0,1.0,1.0,1.0,,1.0,1.0,1.0,0.0,0.0,0.0,0.0,1.0,0.0,0.0,0.0,0.0,1.0,1.0,0.0,0.0,0.0,1.0,0.0,,0.0,0.0,1.0,1.0,1.0,1.0,0.0,0.0,0.0,1.0,0.0,1.0,1.0,0.0,1.0,,,0.0,1.0,,0.0,,,,,1.0,1.0,,,,,,,,,1.0,1.0,1.0,0.0,,1.0,0.0,0.0,1.0,1.0,1.0,1.0,1.0,1.0,0.0,1.0,1.0,1.0,1.0,1.0,1.0,,,0.0,0.0,1.0,0.0,,0.0,0.0,1.0,1.0,,1.0,0.0,,,0.0,,0.0,1.0,,0.0,0.0,1.0,1.0,0.0,,,,0.0,,1.0,1.0,1.0,0.0,1.0,1.0,1.0,1.0,1.0,0.0,0.0,,,1.0,1.0,1.0,0.0,1.0,0.0,0.0,1.0,0.0,0.0,0.0,1.0,1.0,0.0,0.0,0.0,1.0,1.0,,1.0,,,1.0,0.0,1.0,,1.0,1.0,,1.0,1.0,1.0,1.0,1.0,1.0,1.0,0.0,1.0,0.0,,0.0,0.0,1.0,0.0,0.0,,,1.0,1.0,,1.0,0.0,,,0.0,1.0,,1.0,,,0.0,1.0,1.0,,,1.0,,,0.0,,0.0,1.0,0.0,,1.0,,0.0,0.0,0.0,1.0,1.0,1.0,1.0,0.0,1.0,0.0,1.0,0.0,1.0,1.0,0.0,1.0,1.0,1.0,1.0,1.0,1.0,1.0,1.0,,,0.0,0.0,1.0,0.0,0.0,0.0,0.0,0.0,1.0,1.0,1.0,1.0,1.0,0.0,0.0,,0.0,1.0,1.0,,,0.0,,1.0,0.0,1.0,,,0.0,1.0,0.0,0.0,1.0,1.0,0.0,1.0,1.0,0.0,0.0,,1.0,,1.0,0.0,0.0,1.0,,,,0.0,,0.0,,0.0,0.0,1.0,,0.0,,0.0,1.0,1.0,1.0,0.0,0.0,0.0,0.0,,1.0,0.0,0.0,0.0,1.0,0.0,1.0,1.0,1.0,1.0,1.0,0.0,1.0,0.0,0.0,,0.0,1.0,0.0,0.0,0.0,0.0,0.0,,1.0,0.0,1.0,,,,,0.0,1.0,,,0.0,0.0,0.0,0.0,,,0.0,1.0,,0.0,,,1.0,0.0,0.0,1.0,,1.0,1.0,,1.0,,,0.0,0.0,0.0,0.0,,,1.0,,,,,0.0,0.0,1.0,,1.0,0.0,0.0,,1.0,,0.0,0.0,,1.0,0.0,1.0,,,1.0,1.0,1.0,,0.0,,1.0,0.0,,,,,,,,0.0
Kim Kataguiri,0.0,0.0,1.0,0.0,0.0,1.0,0.0,1.0,0.0,,0.0,1.0,0.0,1.0,,,,,,,,,0.0,0.0,0.0,0.0,1.0,0.0,1.0,1.0,0.0,1.0,,,,0.0,1.0,0.0,0.0,0.0,0.0,,,1.0,0.0,1.0,0.0,1.0,0.0,0.0,1.0,0.0,,,1.0,0.0,0.0,1.0,,1.0,0.0,0.0,,0.0,0.0,,1.0,0.0,0.0,0.0,0.0,,,1.0,0.0,1.0,1.0,0.0,1.0,,,1.0,1.0,,0.0,,0.0,0.0,1.0,0.0,,,,,0.0,,,,,0.0,,,,0.0,0.0,1.0,,1.0,0.0,0.0,0.0,1.0,1.0,1.0,1.0,,0.0,,0.0,0.0,,0.0,0.0,,0.0,1.0,0.0,,0.0,0.0,1.0,0.0,1.0,1.0,0.0,1.0,1.0,1.0,0.0,0.0,0.0,0.0,0.0,0.0,1.0,0.0,0.0,0.0,1.0,,,1.0,1.0,0.0,,0.0,1.0,,1.0,1.0,,,1.0,1.0,,0.0,0.0,,1.0,1.0,1.0,1.0,0.0,1.0,0.0,0.0,1.0,1.0,1.0,1.0,1.0,1.0,1.0,1.0,1.0,1.0,,1.0,1.0,1.0,0.0,0.0,0.0,1.0,,0.0,,0.0,1.0,0.0,1.0,1.0,1.0,,,0.0,0.0,0.0,1.0,,0.0,1.0,1.0,0.0,0.0,,0.0,0.0,0.0,,,,1.0,0.0,1.0,1.0,1.0,1.0,1.0,,0.0,0.0,0.0,1.0,1.0,1.0,0.0,1.0,0.0,,1.0,0.0,,0.0,0.0,1.0,,,,0.0,0.0,1.0,1.0,0.0,0.0,0.0,,1.0,,1.0,1.0,,,0.0,1.0,0.0,1.0,0.0,1.0,0.0,1.0,0.0,0.0,0.0,0.0,1.0,0.0,0.0,1.0,0.0,1.0,1.0,1.0,1.0,0.0,0.0,0.0,,1.0,1.0,1.0,0.0,0.0,0.0,0.0,0.0,0.0,0.0,1.0,0.0,1.0,0.0,,0.0,1.0,0.0,0.0,1.0,1.0,0.0,0.0,0.0,1.0,,1.0,1.0,0.0,1.0,,,,,,,1.0,,0.0,1.0,1.0,1.0,0.0,1.0,0.0,,0.0,0.0,1.0,,,0.0,0.0,0.0,0.0,,0.0,1.0,1.0,,0.0,,,,0.0,0.0,1.0,0.0,1.0,1.0,0.0,1.0,0.0,0.0,,1.0,,0.0,0.0,1.0,0.0,1.0,1.0,0.0,,1.0,1.0,,0.0,1.0,1.0,0.0,0.0,1.0,0.0,0.0,0.0,0.0,1.0,0.0,1.0,1.0,1.0,1.0,1.0,1.0,0.0,1.0,1.0,0.0,0.0,0.0,,0.0,1.0,0.0,,0.0,1.0,0.0,1.0,1.0,1.0,1.0,1.0,0.0,0.0,0.0,0.0,,,1.0,,,0.0,0.0,0.0,0.0,1.0,0.0,1.0,1.0,0.0,0.0,,0.0,1.0,,0.0,0.0,0.0,,0.0,0.0,,,,1.0,0.0,1.0,0.0,1.0,,0.0,0.0,0.0,1.0,1.0,1.0,1.0,0.0,1.0,0.0,1.0,1.0,0.0,1.0,1.0,1.0,0.0,,0.0,1.0,0.0,0.0,,1.0,0.0,,,,1.0,,,,,0.0,0.0,1.0,0.0,,1.0,1.0,1.0,,0.0,0.0,1.0,0.0,0.0,0.0,0.0,0.0,0.0,1.0,0.0,
Laercio Oliveira,0.0,,1.0,0.0,,1.0,,1.0,0.0,,,1.0,0.0,1.0,0.0,,0.0,1.0,0.0,0.0,1.0,0.0,0.0,1.0,,1.0,0.0,1.0,0.0,1.0,,1.0,0.0,0.0,,,,1.0,0.0,0.0,0.0,,0.0,1.0,0.0,1.0,0.0,,1.0,,,1.0,,1.0,1.0,0.0,0.0,1.0,,1.0,1.0,1.0,,0.0,0.0,1.0,1.0,1.0,0.0,0.0,0.0,,,1.0,,1.0,,,,1.0,1.0,1.0,,,0.0,,1.0,1.0,,1.0,1.0,1.0,0.0,0.0,0.0,1.0,1.0,1.0,0.0,,,,,1.0,1.0,1.0,0.0,0.0,1.0,1.0,1.0,0.0,0.0,1.0,1.0,,0.0,,,0.0,1.0,0.0,0.0,0.0,0.0,1.0,,,0.0,,1.0,0.0,0.0,0.0,0.0,1.0,1.0,1.0,1.0,,,1.0,1.0,0.0,0.0,1.0,0.0,1.0,1.0,0.0,0.0,,1.0,0.0,0.0,0.0,1.0,,,1.0,0.0,,,,1.0,0.0,0.0,0.0,1.0,,1.0,0.0,,1.0,,0.0,1.0,1.0,1.0,1.0,1.0,1.0,0.0,1.0,,1.0,1.0,1.0,1.0,1.0,0.0,,0.0,1.0,0.0,0.0,0.0,0.0,1.0,0.0,0.0,1.0,,,0.0,0.0,0.0,0.0,1.0,0.0,0.0,0.0,1.0,1.0,0.0,,1.0,,0.0,1.0,1.0,,1.0,,1.0,1.0,1.0,1.0,,0.0,0.0,0.0,0.0,1.0,1.0,1.0,0.0,1.0,0.0,0.0,1.0,0.0,0.0,0.0,1.0,1.0,0.0,,,,1.0,,1.0,0.0,0.0,1.0,0.0,,,1.0,1.0,1.0,1.0,1.0,,,0.0,1.0,1.0,0.0,1.0,0.0,0.0,0.0,0.0,1.0,0.0,0.0,,,,,,,0.0,0.0,0.0,0.0,,1.0,1.0,0.0,0.0,0.0,1.0,1.0,,,1.0,0.0,1.0,1.0,1.0,0.0,1.0,0.0,,,,,,0.0,1.0,,1.0,1.0,,1.0,0.0,1.0,0.0,1.0,1.0,0.0,1.0,1.0,1.0,1.0,1.0,1.0,1.0,,0.0,0.0,0.0,0.0,1.0,,,0.0,0.0,,,1.0,1.0,1.0,1.0,0.0,0.0,,0.0,1.0,1.0,0.0,1.0,0.0,,1.0,,,0.0,,,1.0,0.0,,,,,,,,0.0,,1.0,0.0,1.0,,0.0,0.0,0.0,,,0.0,0.0,,1.0,0.0,0.0,1.0,1.0,1.0,,0.0,1.0,,1.0,0.0,0.0,0.0,0.0,0.0,1.0,0.0,,,1.0,0.0,1.0,1.0,,,,,,,0.0,0.0,0.0,,0.0,,0.0,0.0,0.0,,,0.0,1.0,,0.0,0.0,1.0,0.0,1.0,,0.0,,,,0.0,0.0,0.0,,1.0,1.0,,1.0,0.0,1.0,0.0,0.0,1.0,1.0,1.0,1.0,1.0,,,,0.0,0.0,0.0,0.0,0.0,,,,,,,,,1.0,0.0,1.0,,,,,0.0,0.0,0.0,1.0,1.0,,,1.0,,,1.0,1.0,1.0,0.0,0.0,1.0,0.0,,,,,,,,0.0
Laerte Bessa,,,,,,,,,,,,,0.0,,1.0,1.0,,1.0,1.0,1.0,1.0,,,1.0,,,,,,,,,,,,,,,,,,,,,,,,,,,,,0.0,1.0,1.0,0.0,0.0,1.0,,1.0,,,,,,,,,0.0,0.0,,,,,,,,,,1.0,,,,,,,,,1.0,1.0,,1.0,,0.0,,1.0,1.0,,0.0,,,,,,,,,,,,,,,,,,,,,,,,,,,,,,,,,,,,,,,,,,,,,,,,,,,,,,,,,,,,,,,,,,,,,,,,1.0,,,,,,,,,,,,,,,,,,,,,,,,,,,,,,,,0.0,,,,,,,,,,,,,,,,,,,,,,,,,,,,,,,,,,,,,,,,,,,,,,,,,,,,,,,,,,,,,,,,,,,,,,,,,,,,,,,,,,,,,,,,,,,,,,,,,,,,,,,,,,,,,,,,,,,,,,,,,,,,,,,,,,,,,,,,,,,,,,,,,,,,,,,,,,,,,,,,,,,,,,,,,,,,,,,,,,,,,,,,,,,,,,,,,,,,,,,,,,,,,,,,,,,,,,,,,,,,,,,,,,,,,,,,,,,,,,,,,,,,,,,,,,,,,,,,,,,,,,,,,,,,,,,,,,,,,,,,,,,,,,,,,,,,,,,,,,,,,,
Lafayette de Andrada,0.0,,1.0,0.0,,1.0,1.0,1.0,0.0,,0.0,,,,,1.0,0.0,0.0,,0.0,1.0,,1.0,1.0,,1.0,0.0,0.0,1.0,1.0,0.0,1.0,,,0.0,0.0,1.0,,0.0,1.0,0.0,0.0,0.0,1.0,,1.0,0.0,1.0,1.0,0.0,0.0,1.0,0.0,1.0,1.0,0.0,0.0,,0.0,,1.0,1.0,,0.0,0.0,,1.0,1.0,0.0,0.0,0.0,,0.0,1.0,0.0,1.0,1.0,0.0,1.0,,1.0,1.0,,,1.0,,1.0,1.0,1.0,,,,1.0,0.0,0.0,,1.0,1.0,0.0,,,1.0,1.0,0.0,0.0,0.0,,,1.0,0.0,1.0,1.0,,1.0,1.0,1.0,,,,,1.0,0.0,,,0.0,,,0.0,0.0,,1.0,0.0,,1.0,,1.0,1.0,,1.0,,0.0,0.0,1.0,,1.0,1.0,0.0,,1.0,,0.0,1.0,1.0,0.0,,0.0,1.0,0.0,1.0,1.0,,0.0,,,1.0,0.0,0.0,,1.0,1.0,1.0,0.0,0.0,1.0,0.0,,1.0,1.0,1.0,1.0,1.0,0.0,0.0,0.0,1.0,1.0,1.0,1.0,1.0,1.0,0.0,1.0,0.0,,,0.0,0.0,0.0,1.0,1.0,,1.0,,,0.0,0.0,,,1.0,0.0,,0.0,1.0,1.0,0.0,,1.0,0.0,,1.0,1.0,1.0,1.0,0.0,1.0,,1.0,,,,0.0,,0.0,1.0,,1.0,0.0,1.0,0.0,0.0,,0.0,0.0,0.0,,,0.0,,1.0,,,1.0,1.0,0.0,0.0,1.0,0.0,1.0,0.0,1.0,1.0,1.0,1.0,1.0,1.0,1.0,1.0,1.0,1.0,0.0,1.0,,,0.0,0.0,1.0,0.0,0.0,1.0,0.0,1.0,1.0,,,,,,,1.0,,1.0,0.0,0.0,0.0,1.0,1.0,,,,,1.0,,0.0,0.0,1.0,0.0,,,,0.0,0.0,,1.0,1.0,1.0,,0.0,1.0,0.0,1.0,0.0,1.0,1.0,0.0,1.0,1.0,1.0,1.0,1.0,1.0,1.0,1.0,0.0,,0.0,0.0,1.0,,0.0,0.0,,0.0,,1.0,0.0,1.0,1.0,0.0,0.0,0.0,0.0,1.0,,1.0,,0.0,0.0,1.0,0.0,0.0,0.0,,0.0,,0.0,1.0,1.0,1.0,0.0,1.0,1.0,0.0,,1.0,1.0,0.0,1.0,0.0,,1.0,0.0,0.0,0.0,0.0,0.0,0.0,1.0,0.0,0.0,1.0,1.0,1.0,0.0,,1.0,1.0,1.0,0.0,,0.0,0.0,0.0,1.0,0.0,0.0,0.0,1.0,0.0,,,1.0,1.0,1.0,0.0,1.0,,0.0,,,1.0,,0.0,0.0,0.0,,,1.0,0.0,1.0,1.0,0.0,,,0.0,1.0,1.0,,,,,0.0,,0.0,,,,,1.0,0.0,1.0,0.0,,1.0,0.0,1.0,1.0,1.0,0.0,0.0,1.0,0.0,0.0,,0.0,,1.0,1.0,1.0,0.0,0.0,0.0,,1.0,1.0,,1.0,,,1.0,,0.0,0.0,0.0,1.0,1.0,0.0,1.0,,,1.0,,,1.0,,0.0,1.0,0.0,,,,,,,,
Lauriete,0.0,0.0,1.0,0.0,1.0,1.0,1.0,1.0,0.0,1.0,0.0,1.0,1.0,0.0,1.0,1.0,1.0,0.0,1.0,0.0,0.0,,0.0,1.0,0.0,1.0,0.0,1.0,0.0,1.0,0.0,1.0,0.0,,0.0,0.0,1.0,1.0,0.0,0.0,0.0,0.0,0.0,1.0,0.0,1.0,0.0,1.0,1.0,0.0,0.0,1.0,0.0,1.0,1.0,0.0,0.0,1.0,0.0,1.0,1.0,1.0,1.0,0.0,0.0,1.0,0.0,1.0,0.0,,0.0,0.0,0.0,1.0,0.0,1.0,1.0,0.0,1.0,1.0,1.0,1.0,,,0.0,,1.0,1.0,1.0,1.0,1.0,1.0,1.0,0.0,0.0,1.0,1.0,1.0,0.0,,,0.0,1.0,1.0,1.0,1.0,0.0,0.0,1.0,1.0,1.0,0.0,0.0,1.0,1.0,1.0,0.0,0.0,0.0,0.0,1.0,0.0,0.0,0.0,0.0,1.0,0.0,0.0,0.0,0.0,1.0,0.0,0.0,0.0,0.0,1.0,1.0,1.0,1.0,0.0,0.0,0.0,1.0,,0.0,1.0,0.0,1.0,1.0,0.0,0.0,,1.0,0.0,0.0,0.0,1.0,0.0,0.0,1.0,0.0,0.0,1.0,0.0,1.0,0.0,0.0,0.0,1.0,1.0,1.0,0.0,0.0,1.0,0.0,0.0,1.0,1.0,1.0,1.0,1.0,0.0,0.0,1.0,1.0,1.0,1.0,1.0,1.0,1.0,0.0,0.0,0.0,1.0,0.0,0.0,0.0,0.0,1.0,0.0,0.0,1.0,0.0,,0.0,0.0,0.0,0.0,1.0,0.0,0.0,0.0,1.0,1.0,0.0,0.0,1.0,0.0,0.0,1.0,1.0,1.0,1.0,0.0,1.0,1.0,1.0,1.0,1.0,0.0,0.0,0.0,0.0,1.0,1.0,1.0,0.0,1.0,0.0,0.0,1.0,0.0,0.0,0.0,1.0,1.0,0.0,0.0,0.0,1.0,1.0,,1.0,0.0,0.0,1.0,0.0,1.0,0.0,1.0,1.0,1.0,1.0,1.0,1.0,1.0,1.0,0.0,1.0,0.0,1.0,0.0,0.0,0.0,0.0,1.0,0.0,0.0,1.0,0.0,1.0,1.0,1.0,1.0,0.0,0.0,0.0,0.0,1.0,1.0,1.0,0.0,0.0,0.0,1.0,1.0,1.0,0.0,1.0,0.0,1.0,0.0,1.0,0.0,,0.0,0.0,1.0,0.0,0.0,0.0,0.0,1.0,,,,0.0,1.0,0.0,1.0,0.0,1.0,1.0,0.0,1.0,1.0,1.0,1.0,1.0,1.0,1.0,1.0,0.0,,0.0,0.0,1.0,0.0,0.0,0.0,0.0,0.0,1.0,1.0,1.0,1.0,1.0,0.0,0.0,0.0,0.0,1.0,1.0,0.0,1.0,0.0,0.0,1.0,0.0,0.0,0.0,0.0,0.0,1.0,0.0,0.0,1.0,1.0,0.0,1.0,1.0,0.0,0.0,1.0,1.0,0.0,1.0,0.0,0.0,1.0,0.0,0.0,0.0,0.0,0.0,0.0,0.0,0.0,0.0,1.0,1.0,1.0,1.0,0.0,1.0,1.0,1.0,0.0,0.0,0.0,0.0,0.0,1.0,0.0,,0.0,1.0,0.0,1.0,1.0,1.0,1.0,1.0,0.0,1.0,0.0,0.0,0.0,0.0,1.0,0.0,,0.0,0.0,0.0,0.0,1.0,0.0,1.0,1.0,0.0,0.0,1.0,0.0,1.0,1.0,0.0,0.0,0.0,0.0,0.0,0.0,0.0,0.0,1.0,1.0,0.0,1.0,0.0,0.0,0.0,1.0,1.0,1.0,1.0,1.0,0.0,0.0,0.0,,0.0,0.0,0.0,0.0,0.0,1.0,1.0,1.0,0.0,0.0,0.0,0.0,0.0,1.0,0.0,1.0,1.0,0.0,0.0,1.0,0.0,0.0,0.0,1.0,1.0,0.0,1.0,0.0,,1.0,1.0,1.0,1.0,0.0,0.0,1.0,0.0,,,0.0,,0.0,,,0.0
Leandre,0.0,,1.0,1.0,1.0,1.0,1.0,1.0,,1.0,1.0,1.0,1.0,0.0,,1.0,1.0,,1.0,,1.0,,,1.0,0.0,,0.0,0.0,1.0,,0.0,1.0,,,0.0,,1.0,1.0,0.0,1.0,1.0,,0.0,,,,0.0,1.0,1.0,,0.0,,0.0,1.0,1.0,0.0,0.0,1.0,0.0,1.0,,,,,,1.0,0.0,0.0,0.0,0.0,1.0,,,,,,0.0,1.0,0.0,,0.0,,,,1.0,,1.0,1.0,1.0,1.0,1.0,1.0,,0.0,0.0,1.0,1.0,1.0,,0.0,0.0,,,0.0,0.0,0.0,0.0,1.0,1.0,0.0,0.0,1.0,1.0,,0.0,0.0,1.0,,0.0,0.0,1.0,0.0,0.0,1.0,0.0,1.0,1.0,0.0,0.0,,0.0,1.0,1.0,,1.0,1.0,1.0,0.0,1.0,,0.0,0.0,1.0,0.0,1.0,,0.0,,1.0,1.0,,1.0,1.0,,0.0,,,,,1.0,,,,,1.0,0.0,0.0,0.0,1.0,,1.0,,,1.0,,,1.0,1.0,1.0,1.0,1.0,,0.0,1.0,1.0,0.0,1.0,1.0,1.0,,0.0,1.0,1.0,,,0.0,0.0,0.0,1.0,0.0,0.0,1.0,,,0.0,0.0,0.0,0.0,0.0,,0.0,1.0,0.0,1.0,0.0,0.0,1.0,0.0,1.0,1.0,0.0,0.0,,1.0,1.0,0.0,0.0,0.0,0.0,0.0,0.0,0.0,0.0,1.0,1.0,1.0,0.0,1.0,0.0,1.0,0.0,1.0,,0.0,0.0,0.0,1.0,1.0,1.0,1.0,1.0,1.0,1.0,0.0,1.0,1.0,1.0,,,1.0,0.0,1.0,0.0,0.0,1.0,0.0,1.0,0.0,1.0,1.0,0.0,1.0,0.0,0.0,1.0,0.0,0.0,0.0,,,,,,,0.0,1.0,1.0,0.0,1.0,1.0,1.0,,,,1.0,1.0,,,1.0,1.0,0.0,,1.0,1.0,1.0,,0.0,1.0,0.0,0.0,0.0,0.0,,1.0,1.0,1.0,0.0,1.0,1.0,1.0,1.0,1.0,1.0,0.0,0.0,1.0,0.0,1.0,1.0,1.0,1.0,0.0,0.0,0.0,1.0,1.0,0.0,0.0,0.0,0.0,0.0,0.0,,1.0,0.0,1.0,1.0,0.0,1.0,0.0,0.0,1.0,1.0,1.0,0.0,0.0,,,0.0,0.0,1.0,0.0,0.0,1.0,0.0,0.0,,,,,,,,,0.0,1.0,1.0,,1.0,1.0,0.0,1.0,1.0,1.0,1.0,0.0,1.0,1.0,1.0,1.0,1.0,1.0,1.0,0.0,,1.0,,0.0,0.0,0.0,0.0,0.0,1.0,0.0,0.0,0.0,,,,,,,,,,,1.0,1.0,1.0,0.0,,0.0,,0.0,0.0,0.0,,0.0,1.0,,,,,,,,,0.0,0.0,,0.0,0.0,,,1.0,,,1.0,,0.0,0.0,1.0,1.0,1.0,0.0,1.0,0.0,0.0,1.0,,,1.0,1.0,,,0.0,0.0,0.0,1.0,1.0,0.0,1.0,,,1.0,1.0,1.0,,0.0,,,0.0,0.0,,,0.0,1.0,1.0,,1.0,,1.0,1.0,1.0,0.0,,0.0,0.0,0.0,0.0,,0.0,1.0,,0.0
Leda Sadala,,0.0,1.0,1.0,1.0,1.0,1.0,1.0,0.0,,,1.0,0.0,1.0,,,,1.0,,0.0,0.0,0.0,,,,,,,,,0.0,1.0,,,1.0,1.0,1.0,1.0,0.0,1.0,1.0,,,,0.0,1.0,,,1.0,0.0,,1.0,0.0,1.0,1.0,0.0,0.0,1.0,,1.0,1.0,,,0.0,0.0,,1.0,1.0,0.0,0.0,0.0,0.0,0.0,1.0,0.0,1.0,,,,1.0,1.0,1.0,,,0.0,,1.0,1.0,1.0,1.0,,1.0,1.0,0.0,1.0,1.0,,1.0,,,,,,,1.0,1.0,0.0,0.0,1.0,1.0,1.0,0.0,0.0,,,1.0,0.0,0.0,,0.0,1.0,,0.0,,0.0,1.0,,,0.0,0.0,1.0,0.0,,0.0,0.0,1.0,1.0,1.0,1.0,0.0,0.0,0.0,1.0,0.0,0.0,1.0,0.0,1.0,1.0,0.0,0.0,,1.0,0.0,,0.0,,0.0,1.0,1.0,0.0,0.0,,,1.0,0.0,0.0,0.0,1.0,1.0,1.0,0.0,0.0,1.0,0.0,,1.0,1.0,1.0,1.0,1.0,1.0,1.0,1.0,1.0,1.0,1.0,1.0,1.0,,0.0,1.0,0.0,1.0,,0.0,,0.0,1.0,1.0,0.0,1.0,0.0,,,0.0,0.0,0.0,,0.0,,0.0,1.0,1.0,0.0,0.0,,0.0,0.0,1.0,1.0,1.0,,0.0,1.0,1.0,1.0,1.0,,0.0,0.0,,0.0,1.0,1.0,1.0,0.0,1.0,0.0,0.0,1.0,0.0,0.0,0.0,1.0,1.0,0.0,0.0,0.0,1.0,1.0,1.0,1.0,,0.0,1.0,0.0,1.0,,1.0,1.0,1.0,1.0,1.0,1.0,1.0,1.0,0.0,1.0,0.0,1.0,0.0,0.0,,0.0,,0.0,0.0,1.0,0.0,1.0,1.0,,1.0,0.0,0.0,0.0,,1.0,1.0,1.0,0.0,0.0,0.0,1.0,,1.0,0.0,1.0,0.0,1.0,0.0,0.0,0.0,1.0,0.0,0.0,,0.0,0.0,0.0,0.0,1.0,1.0,1.0,1.0,0.0,1.0,0.0,1.0,0.0,1.0,1.0,0.0,1.0,1.0,1.0,1.0,1.0,1.0,1.0,1.0,0.0,,0.0,0.0,1.0,0.0,0.0,0.0,,,1.0,1.0,1.0,1.0,1.0,0.0,1.0,0.0,0.0,1.0,1.0,1.0,1.0,,,,0.0,,0.0,0.0,0.0,1.0,0.0,0.0,1.0,1.0,0.0,1.0,1.0,0.0,0.0,,1.0,,1.0,0.0,0.0,1.0,0.0,0.0,0.0,1.0,,0.0,1.0,0.0,0.0,1.0,1.0,1.0,,0.0,1.0,1.0,,0.0,,0.0,0.0,,,0.0,0.0,0.0,1.0,0.0,1.0,1.0,1.0,1.0,1.0,,,0.0,,0.0,0.0,1.0,,0.0,0.0,0.0,,,1.0,0.0,1.0,1.0,0.0,,,,,,0.0,,0.0,,0.0,,,,,,1.0,1.0,0.0,0.0,0.0,1.0,1.0,1.0,1.0,,0.0,0.0,0.0,1.0,0.0,0.0,0.0,0.0,0.0,1.0,1.0,1.0,0.0,0.0,0.0,0.0,0.0,1.0,0.0,1.0,0.0,0.0,0.0,1.0,0.0,,0.0,1.0,1.0,,1.0,0.0,0.0,1.0,1.0,1.0,1.0,0.0,0.0,,0.0,,,,,,,,0.0
Leo de Brito,1.0,1.0,,,,,,1.0,1.0,,1.0,1.0,1.0,0.0,1.0,1.0,1.0,0.0,1.0,,,0.0,1.0,1.0,,,,,,,,,,,,,,,,,,,,,,1.0,0.0,1.0,1.0,0.0,0.0,,0.0,1.0,1.0,0.0,0.0,1.0,,1.0,1.0,1.0,,,,0.0,0.0,,,,,,,,,,,,,1.0,,,,,,,1.0,1.0,1.0,1.0,1.0,1.0,0.0,1.0,1.0,1.0,1.0,1.0,,0.0,0.0,1.0,0.0,1.0,1.0,1.0,0.0,0.0,1.0,1.0,1.0,0.0,0.0,0.0,0.0,0.0,1.0,1.0,1.0,1.0,0.0,1.0,1.0,0.0,,,,,,,,,,,,,,,,,,,1.0,1.0,0.0,1.0,0.0,1.0,,,,,,,,,,,,,,,,,,,1.0,0.0,,1.0,1.0,,,,,,,,,,,,,,,,,,,,,,,0.0,,,,,,,,,,,,,,,,,,,,,,,,,,,,,,,,,,,,,,,,,,,,,,,,,1.0,,,,,,,,,,,,,,,,,,,,,,,,,,,,,,,,,,,,,,,,,,,,,,,,,,,,,,,,,,,,,,1.0,1.0,1.0,0.0,0.0,1.0,1.0,0.0,0.0,0.0,0.0,0.0,,,,,,,,,,,,,,,,,,,,,,,,,,,,,,,,,,,,,,,,,,,,,1.0,0.0,0.0,0.0,1.0,0.0,0.0,0.0,1.0,0.0,,,,,,,1.0,,,,,,,,,,,,,,,,1.0,,,0.0,,,,,,,1.0,1.0,,1.0,0.0,1.0,0.0,0.0,0.0,0.0,0.0,,,,1.0,1.0,1.0,0.0,,,,,,,,,0.0,,1.0,1.0,0.0,1.0,0.0,0.0,1.0,,,,,,,,,,,,1.0,0.0,0.0,1.0,1.0,1.0,0.0,0.0,0.0,0.0,,,1.0,1.0,0.0,0.0,0.0,0.0,,0.0,1.0,1.0,0.0,1.0,1.0,0.0,,1.0,1.0,1.0,1.0,1.0,0.0,0.0,1.0,0.0,1.0,0.0,1.0,1.0,0.0,1.0,0.0,0.0,1.0,,,,,0.0,0.0,0.0,0.0,0.0,1.0,0.0,1.0
Leonardo Gadelha,,,,,,,,,,,,,0.0,1.0,1.0,1.0,,1.0,0.0,0.0,1.0,,,,,,,,,,,,,,,,,,,,,,,,,,,,,,,,,,1.0,0.0,0.0,1.0,,1.0,,,,,,,,,0.0,0.0,,,,,,,,,,1.0,,,,,,,,,,1.0,,,1.0,0.0,1.0,1.0,,,,,,,,,,,,,,,,,,,,,,,,,,,,,,,,,,,,,,,,,,,,,,,,,,,,,,,,,,,,,,,,,,,,,,,,,,1.0,1.0,,,,,,,,,,,,,,,,,,,,,,,,,,,,,,,,0.0,,,,,,,,,,,,,,,,,,,,,,,,,,,,,,,,,,,,,,,,,,,,,,,,,,,,,,,,,,,,,,,,,,,,,,,,,,,,,,,,,,,,,,,,,,,,,,,,,,,,,,,,,,,,,,,,,,,,,,,,,,,,,,,,,,,,,,,,,,,,,,,,,,,,,,,,,,,,,,,,,,,,,,,,,,,,,,,,,,,,,,,,,,,,,,,,,,,,,,,,,,,,,,,,,,,,,,,,,,,,,,,,,,,,,,,,,,,,,,,,,,,,,,,,,,,,,,,,,,,,,,,,,,,,,,,,,,,,,,,,,,,,,,,,,,,,,,,,,,,,,,
Leonardo Monteiro,1.0,1.0,1.0,1.0,1.0,1.0,1.0,1.0,1.0,1.0,1.0,1.0,1.0,0.0,,,,0.0,1.0,,,0.0,1.0,1.0,,1.0,1.0,0.0,1.0,,,,,,,,,1.0,,1.0,,1.0,0.0,0.0,,1.0,0.0,1.0,1.0,0.0,0.0,1.0,0.0,1.0,1.0,0.0,0.0,1.0,0.0,1.0,1.0,1.0,0.0,,,0.0,1.0,1.0,,1.0,,,,1.0,0.0,1.0,1.0,0.0,,,1.0,1.0,1.0,0.0,1.0,,1.0,1.0,1.0,1.0,1.0,1.0,0.0,1.0,1.0,1.0,1.0,1.0,,0.0,0.0,1.0,0.0,1.0,1.0,1.0,0.0,0.0,1.0,1.0,1.0,0.0,0.0,0.0,0.0,0.0,1.0,0.0,1.0,1.0,0.0,1.0,1.0,0.0,1.0,0.0,0.0,1.0,,1.0,0.0,1.0,1.0,1.0,1.0,0.0,0.0,0.0,1.0,0.0,1.0,0.0,1.0,1.0,0.0,1.0,0.0,1.0,0.0,,,,,,1.0,,0.0,,,0.0,,,,,,,,,1.0,1.0,1.0,0.0,,,,,0.0,,0.0,0.0,0.0,0.0,0.0,0.0,0.0,0.0,0.0,,0.0,0.0,,0.0,1.0,,1.0,0.0,1.0,1.0,1.0,1.0,0.0,1.0,,,1.0,1.0,1.0,1.0,0.0,1.0,1.0,1.0,0.0,1.0,1.0,0.0,0.0,1.0,1.0,0.0,0.0,,0.0,,0.0,0.0,0.0,0.0,,1.0,1.0,1.0,1.0,1.0,0.0,0.0,1.0,0.0,1.0,1.0,0.0,1.0,1.0,1.0,1.0,0.0,1.0,1.0,,1.0,1.0,,0.0,1.0,1.0,0.0,1.0,,,1.0,0.0,1.0,,,0.0,0.0,,,0.0,1.0,0.0,1.0,1.0,1.0,1.0,0.0,0.0,1.0,0.0,1.0,0.0,0.0,0.0,0.0,,1.0,1.0,1.0,0.0,0.0,0.0,1.0,,1.0,0.0,0.0,,1.0,0.0,1.0,0.0,1.0,1.0,1.0,1.0,1.0,,1.0,0.0,,1.0,0.0,,,0.0,0.0,1.0,1.0,1.0,1.0,1.0,0.0,0.0,,1.0,0.0,0.0,1.0,1.0,0.0,0.0,0.0,1.0,1.0,1.0,1.0,0.0,1.0,0.0,,1.0,1.0,1.0,1.0,0.0,0.0,0.0,1.0,1.0,0.0,1.0,1.0,1.0,,0.0,1.0,0.0,1.0,1.0,,1.0,0.0,0.0,,,,,0.0,1.0,0.0,0.0,0.0,0.0,1.0,0.0,1.0,1.0,1.0,,0.0,0.0,1.0,1.0,,1.0,0.0,1.0,0.0,1.0,1.0,1.0,1.0,1.0,0.0,0.0,0.0,,,,,,,1.0,1.0,,,,,,,,,,,,,1.0,1.0,1.0,0.0,,,,,,,,,,0.0,1.0,1.0,0.0,,,,,,,,,,,,,,,,1.0,0.0,0.0,1.0,1.0,1.0,0.0,0.0,0.0,0.0,1.0,1.0,1.0,1.0,1.0,,0.0,0.0,0.0,0.0,,1.0,0.0,1.0,1.0,,0.0,1.0,1.0,1.0,1.0,1.0,0.0,,1.0,0.0,1.0,0.0,1.0,1.0,0.0,1.0,0.0,,1.0,1.0,1.0,0.0,1.0,0.0,0.0,0.0,0.0,0.0,1.0,,1.0
Leonardo Picciani,,,,,,,,,,,,,1.0,1.0,,,,1.0,,,,0.0,,,,,,,,,,,,,,,,,,,,,,,,,,,,,,,,,,,,1.0,,1.0,1.0,,,,,,1.0,,0.0,,,,,,,,,,,1.0,,,,,,,,,,1.0,,,1.0,0.0,,,1.0,1.0,,,,,,,,,,,,,,,,,,,,,,,,,,,,,,,,,,,,,,,,,,,,,,,,,,,,,,,,,,,,,,,,,,,,,,,,1.0,1.0,,,,,,,,,,,,,,,,,,,,,,,,,,,,,,,,1.0,,,,,,,,,,,,,,,,,,,,,,,,,,,,,,,,,,,,,,,,,,,,,,,,,,,,,,,,,,,,,,,,,,,,,,,,,,,,,,,,,,,,,,,,,,,,,,,,,,,,,,,,,,,,,,,,,,,,,,,,,,,,,,,,,,,,,,,,,,,,,,,,,,,,,,,,,,,,,,,,,,,,,,,,,,,,,,,,,,,,,,,,,,,,,,,,,,,,,,,,,,,,,,,,,,,,,,,,,,,,,,,,,,,,,,,,,,,,,,,,,,,,,,,,,,,,,,,,,,,,,,,,,,,,,,,,,,,,,,,,,,,,,,,,,,,,,,,,,,,,,,
Leur Lomanto Júnior,,,1.0,0.0,1.0,1.0,1.0,1.0,0.0,1.0,0.0,1.0,0.0,1.0,,1.0,0.0,1.0,0.0,0.0,1.0,0.0,0.0,0.0,0.0,,0.0,1.0,,1.0,0.0,1.0,0.0,0.0,0.0,0.0,1.0,1.0,0.0,0.0,0.0,1.0,0.0,1.0,0.0,1.0,0.0,1.0,1.0,0.0,,1.0,0.0,1.0,1.0,0.0,0.0,,0.0,,,1.0,1.0,0.0,0.0,1.0,1.0,1.0,0.0,0.0,0.0,,0.0,1.0,0.0,1.0,1.0,,1.0,1.0,1.0,1.0,1.0,0.0,0.0,,1.0,1.0,1.0,1.0,,1.0,1.0,,1.0,1.0,1.0,1.0,,,,,1.0,1.0,1.0,1.0,0.0,0.0,1.0,1.0,1.0,0.0,0.0,1.0,1.0,1.0,0.0,0.0,0.0,,1.0,,0.0,0.0,,1.0,,0.0,,0.0,1.0,0.0,0.0,0.0,0.0,,,1.0,1.0,0.0,0.0,0.0,1.0,0.0,0.0,1.0,0.0,1.0,1.0,,,,,,,,,0.0,1.0,1.0,,,1.0,,1.0,0.0,0.0,,1.0,1.0,1.0,,,1.0,0.0,,,1.0,1.0,1.0,1.0,0.0,0.0,1.0,1.0,,1.0,,1.0,1.0,0.0,1.0,0.0,,,0.0,0.0,0.0,1.0,1.0,,1.0,0.0,,0.0,0.0,0.0,0.0,1.0,0.0,0.0,0.0,1.0,1.0,0.0,0.0,1.0,0.0,0.0,1.0,,1.0,,,1.0,1.0,1.0,1.0,,0.0,0.0,,0.0,1.0,1.0,1.0,0.0,1.0,0.0,0.0,1.0,,,0.0,,1.0,,0.0,1.0,1.0,1.0,,1.0,0.0,0.0,1.0,0.0,1.0,,1.0,1.0,,1.0,,1.0,1.0,1.0,0.0,1.0,,,0.0,,0.0,,1.0,1.0,0.0,1.0,0.0,1.0,1.0,1.0,1.0,,0.0,0.0,0.0,1.0,1.0,1.0,0.0,0.0,0.0,1.0,1.0,1.0,0.0,,,0.0,1.0,,0.0,1.0,,,1.0,1.0,,,,,1.0,,,,1.0,0.0,,0.0,1.0,1.0,,0.0,1.0,1.0,,1.0,1.0,1.0,1.0,0.0,,0.0,0.0,1.0,0.0,0.0,,,0.0,,1.0,0.0,1.0,1.0,0.0,1.0,0.0,1.0,1.0,,0.0,1.0,0.0,0.0,,0.0,1.0,0.0,0.0,0.0,1.0,0.0,,,,0.0,1.0,1.0,0.0,1.0,1.0,1.0,0.0,,0.0,,0.0,0.0,0.0,,0.0,0.0,0.0,1.0,,0.0,1.0,1.0,1.0,,0.0,,1.0,1.0,0.0,,,,,1.0,0.0,,,1.0,0.0,1.0,1.0,1.0,1.0,1.0,0.0,,0.0,0.0,,,1.0,0.0,,,0.0,0.0,0.0,1.0,0.0,0.0,1.0,,,1.0,0.0,1.0,1.0,0.0,,,,,,,,,,,,0.0,0.0,,0.0,1.0,0.0,1.0,1.0,1.0,1.0,,1.0,0.0,,0.0,0.0,,1.0,,,,,,,,1.0,0.0,1.0,,0.0,0.0,1.0,,0.0,0.0,1.0,1.0,0.0,,0.0,,,1.0,1.0,1.0,,0.0,1.0,0.0,,,0.0,,0.0,1.0,0.0,0.0
Leônidas Cristino,1.0,,1.0,1.0,1.0,1.0,1.0,1.0,1.0,1.0,1.0,1.0,1.0,0.0,1.0,1.0,0.0,1.0,0.0,0.0,1.0,,0.0,,,1.0,1.0,0.0,1.0,0.0,0.0,0.0,0.0,,0.0,1.0,0.0,1.0,0.0,1.0,1.0,0.0,0.0,0.0,0.0,1.0,0.0,1.0,,,,,0.0,1.0,1.0,0.0,0.0,1.0,0.0,1.0,1.0,1.0,0.0,0.0,0.0,0.0,1.0,,0.0,0.0,0.0,0.0,0.0,1.0,0.0,1.0,,,,1.0,1.0,1.0,1.0,0.0,1.0,,1.0,1.0,1.0,1.0,,1.0,0.0,1.0,1.0,1.0,1.0,1.0,,0.0,0.0,1.0,0.0,1.0,1.0,1.0,0.0,0.0,1.0,1.0,1.0,0.0,0.0,0.0,,0.0,,1.0,0.0,0.0,1.0,1.0,1.0,,1.0,0.0,1.0,1.0,1.0,,0.0,1.0,,1.0,0.0,0.0,0.0,0.0,1.0,0.0,0.0,0.0,1.0,0.0,0.0,1.0,0.0,1.0,0.0,0.0,0.0,1.0,1.0,0.0,0.0,0.0,1.0,0.0,0.0,1.0,0.0,0.0,1.0,0.0,0.0,0.0,1.0,,1.0,1.0,1.0,0.0,,,,,,,0.0,0.0,0.0,0.0,0.0,0.0,0.0,0.0,0.0,0.0,0.0,,1.0,0.0,1.0,1.0,,0.0,1.0,1.0,1.0,1.0,0.0,1.0,,,1.0,0.0,1.0,1.0,,1.0,1.0,1.0,0.0,1.0,,0.0,0.0,1.0,1.0,1.0,0.0,0.0,0.0,1.0,0.0,0.0,0.0,0.0,0.0,1.0,1.0,,1.0,0.0,1.0,0.0,1.0,0.0,1.0,1.0,0.0,1.0,1.0,1.0,0.0,0.0,1.0,1.0,1.0,1.0,1.0,1.0,0.0,1.0,1.0,0.0,1.0,1.0,0.0,1.0,1.0,1.0,1.0,1.0,0.0,0.0,1.0,0.0,1.0,1.0,,1.0,1.0,0.0,,0.0,1.0,1.0,0.0,1.0,0.0,0.0,0.0,0.0,0.0,1.0,1.0,1.0,0.0,0.0,1.0,1.0,0.0,1.0,0.0,0.0,0.0,0.0,0.0,1.0,0.0,1.0,1.0,1.0,1.0,0.0,,1.0,0.0,0.0,0.0,0.0,1.0,1.0,1.0,1.0,,1.0,1.0,0.0,1.0,1.0,1.0,1.0,1.0,0.0,1.0,1.0,1.0,1.0,1.0,0.0,1.0,0.0,0.0,0.0,,1.0,0.0,1.0,1.0,1.0,1.0,1.0,0.0,0.0,0.0,1.0,1.0,0.0,1.0,1.0,1.0,1.0,,1.0,0.0,,1.0,0.0,1.0,0.0,0.0,1.0,,1.0,0.0,,0.0,1.0,1.0,0.0,0.0,1.0,0.0,,1.0,1.0,1.0,0.0,0.0,1.0,1.0,1.0,,0.0,1.0,0.0,0.0,1.0,1.0,1.0,1.0,,1.0,0.0,,,,,,,1.0,1.0,,1.0,0.0,1.0,0.0,0.0,0.0,0.0,1.0,,,1.0,1.0,1.0,1.0,0.0,,,,,,,,,0.0,0.0,,,0.0,,,0.0,1.0,,,,,,,,,,,,,0.0,0.0,1.0,1.0,1.0,0.0,0.0,0.0,0.0,1.0,1.0,1.0,1.0,,,1.0,,0.0,,,,,,,,1.0,1.0,1.0,1.0,1.0,1.0,1.0,1.0,1.0,0.0,1.0,,,1.0,0.0,1.0,0.0,0.0,1.0,1.0,1.0,0.0,1.0,0.0,0.0,0.0,0.0,0.0,1.0,0.0,1.0
Lincoln Portela,0.0,0.0,1.0,0.0,,1.0,,1.0,0.0,1.0,,,1.0,0.0,1.0,,,,1.0,1.0,,0.0,,1.0,0.0,1.0,0.0,1.0,0.0,1.0,0.0,1.0,,,,,,,0.0,0.0,0.0,1.0,0.0,1.0,0.0,,,1.0,1.0,0.0,0.0,1.0,0.0,1.0,1.0,0.0,0.0,1.0,,1.0,1.0,1.0,1.0,,,1.0,0.0,1.0,,0.0,0.0,0.0,,0.0,1.0,,0.0,,1.0,,0.0,1.0,1.0,0.0,0.0,,,1.0,1.0,1.0,1.0,1.0,1.0,0.0,0.0,0.0,1.0,1.0,,,,0.0,1.0,,0.0,0.0,0.0,,,,,1.0,,1.0,1.0,1.0,0.0,0.0,0.0,0.0,1.0,0.0,0.0,0.0,0.0,1.0,1.0,,0.0,,1.0,0.0,0.0,0.0,0.0,1.0,1.0,1.0,1.0,0.0,0.0,0.0,,,,,,,1.0,,0.0,1.0,1.0,,,,,0.0,1.0,1.0,0.0,0.0,1.0,0.0,1.0,0.0,0.0,,1.0,1.0,1.0,0.0,0.0,1.0,,,1.0,0.0,1.0,1.0,1.0,,0.0,0.0,1.0,0.0,0.0,1.0,1.0,1.0,0.0,1.0,0.0,1.0,0.0,,0.0,,,,0.0,1.0,0.0,,0.0,0.0,0.0,,,,0.0,,1.0,1.0,0.0,0.0,1.0,1.0,0.0,1.0,,,1.0,0.0,1.0,1.0,,1.0,1.0,0.0,,,0.0,1.0,,1.0,0.0,1.0,0.0,0.0,,,0.0,1.0,1.0,1.0,0.0,0.0,0.0,1.0,1.0,1.0,1.0,0.0,0.0,0.0,0.0,1.0,,1.0,1.0,1.0,1.0,1.0,1.0,1.0,,1.0,1.0,0.0,1.0,0.0,0.0,0.0,0.0,1.0,,0.0,1.0,0.0,1.0,1.0,1.0,1.0,0.0,0.0,0.0,,1.0,1.0,1.0,0.0,0.0,0.0,1.0,1.0,1.0,0.0,1.0,0.0,1.0,,0.0,0.0,1.0,0.0,0.0,1.0,,0.0,0.0,0.0,1.0,1.0,1.0,,0.0,1.0,0.0,1.0,0.0,1.0,1.0,0.0,1.0,1.0,1.0,1.0,1.0,1.0,1.0,1.0,0.0,0.0,0.0,0.0,,0.0,1.0,0.0,0.0,0.0,1.0,1.0,1.0,1.0,1.0,0.0,0.0,0.0,0.0,1.0,1.0,,1.0,0.0,0.0,1.0,0.0,1.0,0.0,0.0,0.0,1.0,0.0,0.0,1.0,1.0,,1.0,1.0,0.0,,,1.0,0.0,1.0,0.0,0.0,1.0,0.0,0.0,0.0,0.0,0.0,0.0,0.0,,0.0,1.0,,0.0,,0.0,1.0,1.0,1.0,0.0,0.0,0.0,0.0,0.0,1.0,0.0,0.0,0.0,1.0,0.0,1.0,1.0,1.0,1.0,1.0,0.0,1.0,0.0,,,,1.0,0.0,,0.0,0.0,,0.0,1.0,0.0,1.0,1.0,,0.0,1.0,,1.0,1.0,0.0,,0.0,0.0,,0.0,0.0,0.0,1.0,1.0,,1.0,0.0,1.0,0.0,0.0,1.0,,1.0,1.0,1.0,1.0,,1.0,0.0,0.0,0.0,0.0,0.0,1.0,1.0,1.0,0.0,0.0,0.0,0.0,0.0,1.0,,,0.0,,0.0,1.0,0.0,0.0,0.0,1.0,1.0,0.0,1.0,0.0,0.0,,1.0,1.0,1.0,,0.0,1.0,,,,,,,,,0.0
Liziane Bayer,0.0,0.0,1.0,1.0,1.0,1.0,1.0,1.0,0.0,1.0,0.0,1.0,1.0,0.0,1.0,1.0,0.0,0.0,1.0,0.0,0.0,0.0,1.0,1.0,,1.0,1.0,0.0,1.0,1.0,,1.0,0.0,0.0,0.0,0.0,1.0,1.0,0.0,1.0,1.0,1.0,0.0,0.0,1.0,1.0,0.0,1.0,1.0,0.0,0.0,1.0,0.0,1.0,1.0,0.0,0.0,1.0,0.0,1.0,1.0,1.0,1.0,0.0,,,0.0,1.0,,0.0,,,0.0,1.0,0.0,1.0,1.0,1.0,1.0,1.0,1.0,1.0,,,,,1.0,1.0,1.0,1.0,1.0,1.0,1.0,0.0,0.0,1.0,1.0,1.0,,0.0,0.0,0.0,1.0,0.0,0.0,0.0,0.0,1.0,1.0,0.0,1.0,1.0,1.0,1.0,0.0,1.0,1.0,0.0,0.0,0.0,1.0,0.0,1.0,0.0,1.0,0.0,0.0,1.0,1.0,1.0,0.0,1.0,1.0,1.0,,0.0,0.0,0.0,1.0,0.0,0.0,0.0,1.0,0.0,0.0,1.0,0.0,1.0,1.0,0.0,0.0,1.0,1.0,0.0,,0.0,1.0,0.0,1.0,1.0,0.0,0.0,1.0,0.0,1.0,0.0,0.0,0.0,1.0,1.0,1.0,0.0,,,,,,,0.0,0.0,0.0,0.0,0.0,0.0,0.0,0.0,0.0,0.0,0.0,1.0,,0.0,1.0,1.0,0.0,0.0,1.0,1.0,1.0,0.0,0.0,1.0,0.0,,1.0,1.0,1.0,1.0,0.0,1.0,1.0,1.0,1.0,1.0,1.0,,1.0,1.0,1.0,1.0,0.0,,0.0,1.0,0.0,0.0,0.0,0.0,0.0,0.0,1.0,1.0,1.0,1.0,1.0,1.0,0.0,0.0,0.0,0.0,0.0,1.0,1.0,1.0,1.0,1.0,1.0,,1.0,1.0,1.0,1.0,0.0,1.0,1.0,0.0,0.0,1.0,1.0,1.0,1.0,1.0,1.0,1.0,1.0,1.0,1.0,0.0,1.0,1.0,0.0,1.0,1.0,1.0,1.0,0.0,0.0,0.0,0.0,1.0,0.0,0.0,0.0,0.0,0.0,0.0,0.0,0.0,1.0,1.0,1.0,0.0,0.0,1.0,1.0,,0.0,1.0,0.0,1.0,0.0,0.0,0.0,1.0,1.0,0.0,0.0,1.0,,0.0,0.0,0.0,1.0,1.0,1.0,1.0,0.0,1.0,0.0,0.0,0.0,1.0,1.0,1.0,1.0,1.0,1.0,1.0,1.0,1.0,1.0,0.0,0.0,0.0,0.0,0.0,0.0,0.0,0.0,1.0,1.0,1.0,1.0,1.0,0.0,0.0,0.0,1.0,1.0,0.0,1.0,1.0,1.0,1.0,1.0,1.0,0.0,1.0,1.0,0.0,1.0,0.0,0.0,1.0,1.0,0.0,1.0,1.0,1.0,0.0,0.0,0.0,0.0,1.0,0.0,1.0,0.0,0.0,1.0,1.0,0.0,1.0,1.0,1.0,0.0,0.0,1.0,1.0,1.0,1.0,1.0,1.0,1.0,0.0,0.0,1.0,1.0,,,,,,1.0,0.0,,0.0,1.0,1.0,0.0,0.0,0.0,0.0,0.0,,,,1.0,1.0,1.0,0.0,,,,,,,,,1.0,1.0,0.0,0.0,1.0,0.0,1.0,1.0,0.0,0.0,0.0,0.0,0.0,0.0,0.0,0.0,1.0,1.0,0.0,1.0,,0.0,0.0,1.0,1.0,0.0,1.0,1.0,1.0,0.0,0.0,1.0,0.0,1.0,1.0,1.0,,1.0,,1.0,1.0,1.0,0.0,1.0,1.0,0.0,1.0,1.0,1.0,1.0,1.0,1.0,0.0,0.0,1.0,0.0,1.0,0.0,1.0,0.0,0.0,1.0,1.0,0.0,1.0,,0.0,1.0,0.0,0.0,0.0,0.0,0.0,0.0,1.0,0.0,0.0
Loester Trutis,0.0,0.0,1.0,0.0,1.0,1.0,1.0,1.0,0.0,1.0,0.0,,1.0,0.0,,,,,,,,0.0,,0.0,,,,,,,0.0,1.0,0.0,,,0.0,1.0,,0.0,0.0,0.0,0.0,0.0,1.0,0.0,1.0,0.0,1.0,1.0,0.0,0.0,1.0,1.0,0.0,1.0,1.0,1.0,1.0,0.0,0.0,1.0,1.0,1.0,0.0,,,0.0,0.0,0.0,0.0,,,0.0,1.0,0.0,1.0,,,,1.0,1.0,1.0,,,0.0,,1.0,1.0,1.0,1.0,1.0,1.0,1.0,0.0,0.0,1.0,1.0,1.0,,,0.0,0.0,1.0,0.0,1.0,0.0,0.0,0.0,0.0,1.0,1.0,1.0,0.0,1.0,1.0,1.0,0.0,0.0,0.0,0.0,1.0,0.0,0.0,0.0,0.0,1.0,0.0,0.0,0.0,0.0,1.0,0.0,,0.0,0.0,1.0,1.0,1.0,1.0,,,,1.0,0.0,1.0,1.0,0.0,1.0,1.0,,0.0,1.0,,0.0,0.0,0.0,1.0,0.0,1.0,1.0,0.0,0.0,1.0,0.0,,0.0,0.0,,1.0,1.0,1.0,0.0,0.0,1.0,0.0,0.0,1.0,1.0,1.0,1.0,1.0,1.0,1.0,1.0,1.0,1.0,1.0,1.0,1.0,1.0,1.0,0.0,0.0,1.0,,,0.0,0.0,1.0,0.0,0.0,1.0,0.0,,1.0,1.0,1.0,1.0,0.0,1.0,1.0,1.0,1.0,1.0,0.0,,1.0,0.0,0.0,1.0,1.0,1.0,1.0,0.0,1.0,1.0,,1.0,1.0,0.0,0.0,,0.0,1.0,1.0,1.0,0.0,1.0,0.0,0.0,1.0,,1.0,1.0,1.0,1.0,0.0,0.0,0.0,1.0,1.0,,0.0,1.0,0.0,1.0,,0.0,,1.0,1.0,1.0,1.0,1.0,1.0,1.0,,0.0,1.0,0.0,0.0,1.0,0.0,0.0,0.0,1.0,0.0,0.0,1.0,0.0,1.0,1.0,1.0,1.0,0.0,,0.0,0.0,,0.0,1.0,0.0,0.0,0.0,1.0,1.0,,0.0,1.0,0.0,1.0,1.0,0.0,1.0,1.0,0.0,,1.0,0.0,0.0,0.0,0.0,1.0,1.0,1.0,1.0,0.0,1.0,1.0,,0.0,1.0,1.0,0.0,1.0,1.0,0.0,1.0,1.0,1.0,1.0,1.0,0.0,0.0,0.0,0.0,1.0,0.0,0.0,0.0,0.0,0.0,,1.0,0.0,1.0,1.0,0.0,1.0,0.0,1.0,1.0,1.0,1.0,1.0,0.0,,1.0,0.0,0.0,0.0,0.0,0.0,1.0,0.0,0.0,1.0,1.0,0.0,1.0,1.0,0.0,,1.0,1.0,,1.0,0.0,0.0,1.0,0.0,0.0,0.0,1.0,0.0,0.0,1.0,0.0,0.0,1.0,1.0,1.0,1.0,0.0,1.0,1.0,1.0,0.0,0.0,0.0,0.0,0.0,1.0,0.0,0.0,0.0,,0.0,1.0,1.0,1.0,1.0,1.0,0.0,1.0,0.0,0.0,1.0,1.0,1.0,0.0,,0.0,0.0,0.0,0.0,1.0,0.0,1.0,1.0,0.0,0.0,1.0,,1.0,1.0,0.0,0.0,,0.0,0.0,,,0.0,1.0,1.0,0.0,1.0,0.0,1.0,0.0,0.0,1.0,0.0,1.0,1.0,1.0,1.0,1.0,1.0,0.0,1.0,0.0,0.0,0.0,,,,0.0,0.0,0.0,0.0,,1.0,0.0,1.0,1.0,0.0,0.0,1.0,0.0,0.0,0.0,1.0,1.0,,1.0,0.0,,1.0,1.0,1.0,1.0,0.0,,1.0,0.0,0.0,0.0,0.0,0.0,0.0,1.0,0.0,0.0
Lourival Gomes,,0.0,1.0,0.0,1.0,1.0,1.0,1.0,0.0,1.0,,1.0,1.0,0.0,0.0,1.0,0.0,1.0,1.0,0.0,0.0,0.0,0.0,0.0,0.0,0.0,0.0,0.0,1.0,1.0,0.0,1.0,0.0,,0.0,0.0,1.0,0.0,0.0,0.0,0.0,0.0,0.0,1.0,0.0,1.0,0.0,1.0,1.0,0.0,,1.0,1.0,0.0,0.0,1.0,1.0,,0.0,1.0,1.0,1.0,1.0,0.0,0.0,1.0,,0.0,0.0,0.0,0.0,0.0,0.0,1.0,0.0,1.0,1.0,0.0,1.0,,1.0,1.0,1.0,0.0,0.0,,1.0,1.0,1.0,1.0,1.0,1.0,1.0,,0.0,1.0,1.0,1.0,,0.0,0.0,1.0,1.0,1.0,,,,0.0,1.0,1.0,1.0,0.0,0.0,1.0,1.0,1.0,0.0,,0.0,0.0,1.0,0.0,,0.0,0.0,1.0,0.0,0.0,0.0,,1.0,0.0,0.0,0.0,0.0,1.0,1.0,1.0,1.0,0.0,0.0,0.0,1.0,0.0,0.0,1.0,0.0,1.0,1.0,0.0,0.0,1.0,1.0,0.0,0.0,,1.0,0.0,1.0,1.0,0.0,0.0,1.0,0.0,1.0,0.0,0.0,,1.0,1.0,1.0,0.0,,1.0,0.0,0.0,1.0,1.0,1.0,1.0,1.0,1.0,0.0,1.0,1.0,1.0,1.0,,,1.0,1.0,1.0,0.0,1.0,0.0,0.0,,0.0,1.0,0.0,0.0,1.0,,,1.0,1.0,1.0,1.0,0.0,1.0,1.0,1.0,1.0,1.0,0.0,,,0.0,0.0,1.0,1.0,1.0,1.0,0.0,1.0,1.0,1.0,1.0,1.0,0.0,0.0,,0.0,1.0,1.0,1.0,0.0,,0.0,0.0,1.0,0.0,0.0,1.0,1.0,1.0,,0.0,0.0,1.0,1.0,,0.0,0.0,0.0,1.0,0.0,1.0,0.0,1.0,1.0,1.0,,,1.0,1.0,,0.0,1.0,0.0,0.0,0.0,0.0,0.0,0.0,1.0,0.0,0.0,1.0,0.0,1.0,1.0,,,0.0,0.0,0.0,0.0,1.0,1.0,1.0,0.0,0.0,0.0,1.0,1.0,1.0,0.0,1.0,0.0,1.0,0.0,0.0,1.0,1.0,0.0,0.0,1.0,1.0,0.0,0.0,0.0,1.0,1.0,1.0,1.0,0.0,1.0,0.0,0.0,0.0,1.0,1.0,0.0,1.0,1.0,0.0,1.0,1.0,1.0,1.0,1.0,1.0,0.0,0.0,0.0,1.0,0.0,0.0,0.0,0.0,0.0,1.0,1.0,0.0,1.0,1.0,1.0,1.0,1.0,0.0,1.0,1.0,1.0,1.0,0.0,0.0,1.0,0.0,0.0,0.0,0.0,0.0,1.0,0.0,0.0,1.0,1.0,0.0,1.0,1.0,0.0,0.0,1.0,1.0,0.0,1.0,0.0,0.0,1.0,0.0,0.0,0.0,1.0,,,1.0,0.0,0.0,1.0,1.0,1.0,1.0,0.0,1.0,1.0,,0.0,,0.0,0.0,0.0,,0.0,,0.0,1.0,0.0,1.0,1.0,1.0,1.0,1.0,0.0,1.0,0.0,0.0,0.0,1.0,1.0,0.0,0.0,0.0,0.0,0.0,0.0,1.0,0.0,1.0,,0.0,0.0,1.0,0.0,1.0,1.0,0.0,0.0,0.0,,0.0,0.0,,0.0,,1.0,0.0,,0.0,1.0,0.0,0.0,1.0,1.0,1.0,,1.0,1.0,0.0,1.0,0.0,1.0,0.0,0.0,0.0,1.0,1.0,1.0,0.0,0.0,0.0,0.0,0.0,1.0,0.0,1.0,1.0,0.0,0.0,1.0,0.0,0.0,0.0,1.0,1.0,0.0,1.0,0.0,0.0,1.0,1.0,1.0,1.0,0.0,,,,0.0,0.0,0.0,0.0,0.0,1.0,,0.0
Lucas Follador,0.0,0.0,,,,,,,0.0,,,,,,,,,,,,,,,,,,,,,,,,,,,,,,,,,,,,,1.0,0.0,1.0,,,,,,,,,,,,,,,,,,,,,,,,,,,,,,,,,,,,,,,,,,,,,,,,,,,,,,,,,,,,,,,,,,,,,,,,,,,,,,,,,,,,,,,,,,,,,,,1.0,0.0,0.0,1.0,0.0,1.0,,,,,,,,,,,,,,,,,,,,,,,,,,,,,,,,,,,,,,,,,,,,,,,,,,,,,,,,,,,,,,,,,,,,,,,,,,,,,,,,,,,,,,,,,,,,,,,,,,,,,,,,,,,,,,,,,,,,,,,,,,,,,,,,,,,,,,,,,,,,,,,,,,,,,,,,,,,,,,,,,,,,,,,,,,,,,,,,,,,,,,,,,,,,,,,,,,,,,,,,,,,,,,,,,,,,,,,,,,,,,,,,,,,,,,,,,,,,,,,,,,,,,,,,,,,,,,,,,,,,,,,,,,,,,,,,,,,,,,,,,,,,,,,,,,,,,,,,,,,,,,,,,,,,,,,,,,,,,,,,,,,,,,,,,,,,,,,,,,,,,,,,,,,,,,,,,,,,,
Lucas Gonzalez,0.0,0.0,1.0,0.0,0.0,1.0,0.0,1.0,0.0,,0.0,1.0,0.0,0.0,0.0,0.0,0.0,0.0,0.0,0.0,1.0,1.0,0.0,0.0,,0.0,1.0,0.0,1.0,1.0,0.0,1.0,0.0,0.0,0.0,0.0,1.0,0.0,0.0,0.0,0.0,0.0,0.0,1.0,0.0,1.0,1.0,1.0,0.0,0.0,,0.0,1.0,0.0,1.0,0.0,0.0,1.0,,0.0,1.0,1.0,1.0,0.0,,1.0,0.0,0.0,0.0,0.0,0.0,,0.0,1.0,0.0,1.0,1.0,0.0,1.0,0.0,1.0,1.0,0.0,0.0,0.0,,0.0,0.0,1.0,0.0,0.0,0.0,1.0,1.0,0.0,0.0,0.0,0.0,,1.0,1.0,0.0,1.0,0.0,0.0,1.0,0.0,1.0,0.0,0.0,0.0,1.0,1.0,1.0,1.0,1.0,0.0,0.0,0.0,0.0,1.0,0.0,0.0,0.0,0.0,1.0,0.0,0.0,0.0,0.0,1.0,0.0,1.0,1.0,0.0,1.0,1.0,1.0,1.0,0.0,0.0,0.0,,,,,,,1.0,0.0,0.0,1.0,1.0,0.0,0.0,0.0,1.0,0.0,1.0,1.0,0.0,1.0,,1.0,1.0,0.0,0.0,0.0,1.0,,,1.0,0.0,1.0,0.0,0.0,1.0,1.0,0.0,0.0,1.0,1.0,1.0,1.0,1.0,1.0,1.0,1.0,1.0,1.0,0.0,0.0,0.0,1.0,0.0,0.0,0.0,0.0,,,,1.0,,,0.0,0.0,0.0,0.0,1.0,0.0,0.0,1.0,1.0,0.0,0.0,0.0,0.0,0.0,0.0,1.0,0.0,1.0,1.0,0.0,1.0,1.0,1.0,1.0,1.0,0.0,0.0,0.0,0.0,1.0,1.0,1.0,0.0,1.0,0.0,0.0,1.0,0.0,0.0,0.0,0.0,1.0,0.0,0.0,0.0,0.0,0.0,1.0,0.0,0.0,0.0,0.0,0.0,1.0,,1.0,1.0,1.0,1.0,0.0,1.0,0.0,1.0,0.0,1.0,0.0,1.0,1.0,0.0,0.0,0.0,1.0,0.0,0.0,1.0,0.0,1.0,1.0,1.0,1.0,0.0,0.0,0.0,0.0,1.0,1.0,1.0,0.0,0.0,0.0,,0.0,0.0,0.0,1.0,0.0,1.0,0.0,0.0,0.0,0.0,0.0,0.0,1.0,1.0,0.0,0.0,0.0,1.0,1.0,1.0,1.0,0.0,1.0,0.0,1.0,0.0,0.0,1.0,1.0,1.0,1.0,0.0,1.0,1.0,0.0,0.0,1.0,0.0,0.0,0.0,0.0,0.0,0.0,1.0,0.0,0.0,0.0,0.0,1.0,0.0,1.0,1.0,0.0,0.0,1.0,0.0,0.0,1.0,0.0,1.0,0.0,1.0,1.0,0.0,1.0,0.0,0.0,0.0,1.0,0.0,0.0,0.0,1.0,0.0,1.0,1.0,0.0,1.0,1.0,1.0,0.0,0.0,1.0,1.0,0.0,0.0,1.0,0.0,0.0,0.0,0.0,1.0,1.0,1.0,1.0,1.0,1.0,1.0,1.0,0.0,1.0,1.0,0.0,0.0,0.0,0.0,0.0,1.0,0.0,0.0,,1.0,0.0,1.0,1.0,1.0,,1.0,0.0,0.0,0.0,0.0,0.0,0.0,1.0,0.0,0.0,0.0,0.0,,0.0,1.0,0.0,1.0,1.0,,0.0,1.0,,,1.0,0.0,0.0,0.0,0.0,0.0,0.0,0.0,0.0,1.0,1.0,0.0,1.0,0.0,1.0,0.0,0.0,0.0,0.0,1.0,1.0,1.0,1.0,0.0,1.0,0.0,1.0,1.0,1.0,1.0,1.0,1.0,0.0,1.0,0.0,1.0,0.0,0.0,0.0,1.0,0.0,0.0,0.0,0.0,1.0,0.0,0.0,0.0,1.0,0.0,0.0,1.0,0.0,1.0,1.0,1.0,1.0,0.0,0.0,0.0,1.0,0.0,0.0,0.0,0.0,0.0,0.0,1.0,0.0,0.0
Lucas Redecker,1.0,0.0,1.0,0.0,,1.0,0.0,,,,0.0,1.0,0.0,1.0,0.0,1.0,0.0,0.0,0.0,0.0,1.0,,0.0,0.0,,1.0,0.0,0.0,0.0,1.0,0.0,1.0,0.0,0.0,0.0,0.0,1.0,1.0,0.0,0.0,0.0,0.0,0.0,1.0,1.0,1.0,,1.0,1.0,,0.0,1.0,0.0,1.0,1.0,0.0,0.0,1.0,0.0,1.0,1.0,1.0,1.0,0.0,0.0,,1.0,1.0,0.0,0.0,0.0,0.0,0.0,1.0,0.0,1.0,1.0,0.0,1.0,1.0,1.0,1.0,1.0,0.0,0.0,,1.0,1.0,1.0,1.0,1.0,1.0,1.0,0.0,0.0,0.0,1.0,1.0,,1.0,0.0,0.0,1.0,0.0,0.0,0.0,0.0,1.0,0.0,0.0,0.0,1.0,1.0,1.0,1.0,1.0,0.0,1.0,0.0,0.0,1.0,0.0,0.0,1.0,0.0,1.0,0.0,0.0,0.0,0.0,1.0,0.0,1.0,1.0,0.0,0.0,1.0,1.0,1.0,0.0,0.0,0.0,1.0,0.0,1.0,1.0,0.0,0.0,1.0,0.0,0.0,1.0,1.0,0.0,0.0,0.0,1.0,0.0,1.0,1.0,0.0,1.0,1.0,0.0,1.0,0.0,0.0,0.0,1.0,1.0,1.0,1.0,0.0,1.0,0.0,0.0,1.0,1.0,1.0,1.0,1.0,1.0,1.0,1.0,1.0,1.0,1.0,1.0,1.0,1.0,0.0,0.0,0.0,1.0,,0.0,0.0,0.0,1.0,0.0,0.0,1.0,0.0,,0.0,0.0,0.0,0.0,1.0,0.0,1.0,0.0,1.0,0.0,0.0,,1.0,0.0,0.0,1.0,0.0,0.0,1.0,0.0,1.0,1.0,1.0,1.0,1.0,0.0,0.0,0.0,0.0,1.0,1.0,1.0,0.0,1.0,0.0,0.0,1.0,0.0,1.0,0.0,0.0,1.0,0.0,0.0,1.0,1.0,1.0,,0.0,0.0,0.0,0.0,0.0,1.0,,1.0,1.0,1.0,1.0,0.0,1.0,1.0,1.0,0.0,1.0,0.0,1.0,1.0,0.0,0.0,0.0,1.0,1.0,0.0,1.0,0.0,1.0,1.0,1.0,1.0,0.0,0.0,0.0,0.0,1.0,1.0,1.0,0.0,0.0,0.0,1.0,0.0,0.0,1.0,1.0,0.0,0.0,1.0,0.0,0.0,1.0,0.0,0.0,1.0,0.0,0.0,0.0,0.0,1.0,1.0,1.0,1.0,0.0,1.0,0.0,1.0,0.0,1.0,1.0,1.0,1.0,1.0,1.0,1.0,1.0,0.0,0.0,1.0,0.0,0.0,0.0,0.0,0.0,0.0,1.0,0.0,0.0,0.0,1.0,1.0,0.0,1.0,1.0,0.0,1.0,,0.0,1.0,1.0,1.0,1.0,0.0,0.0,1.0,0.0,0.0,0.0,0.0,0.0,1.0,1.0,0.0,1.0,1.0,0.0,1.0,1.0,0.0,1.0,1.0,1.0,0.0,1.0,0.0,0.0,1.0,0.0,1.0,0.0,1.0,0.0,0.0,1.0,1.0,1.0,1.0,1.0,1.0,1.0,1.0,0.0,1.0,1.0,0.0,0.0,0.0,0.0,0.0,1.0,0.0,0.0,0.0,1.0,0.0,1.0,0.0,0.0,1.0,,0.0,1.0,0.0,0.0,0.0,0.0,1.0,0.0,0.0,0.0,0.0,0.0,0.0,1.0,0.0,1.0,1.0,0.0,0.0,1.0,0.0,1.0,1.0,0.0,0.0,0.0,0.0,0.0,0.0,0.0,0.0,1.0,1.0,0.0,1.0,0.0,0.0,0.0,0.0,1.0,0.0,1.0,1.0,1.0,0.0,0.0,1.0,0.0,0.0,0.0,,0.0,1.0,,1.0,0.0,0.0,1.0,0.0,1.0,1.0,0.0,1.0,1.0,0.0,0.0,1.0,0.0,0.0,0.0,1.0,0.0,0.0,1.0,0.0,0.0,1.0,1.0,1.0,0.0,0.0,0.0,1.0,0.0,0.0,0.0,0.0,0.0,0.0,1.0,0.0,0.0
Lucas Vergilio,,,1.0,0.0,,1.0,1.0,1.0,1.0,,,1.0,0.0,1.0,0.0,1.0,0.0,1.0,0.0,0.0,,,,1.0,,,0.0,0.0,,,,,,,,,,,,,,0.0,0.0,,,1.0,,,,,,,0.0,,1.0,0.0,,,,,1.0,1.0,1.0,0.0,0.0,,1.0,0.0,,,1.0,,0.0,0.0,1.0,,0.0,1.0,0.0,,0.0,1.0,,,0.0,,1.0,1.0,1.0,1.0,1.0,,1.0,,1.0,,,1.0,,,,0.0,1.0,1.0,1.0,1.0,,0.0,1.0,1.0,1.0,,0.0,0.0,1.0,1.0,0.0,1.0,0.0,0.0,1.0,0.0,0.0,1.0,,1.0,0.0,0.0,,0.0,1.0,0.0,1.0,0.0,0.0,1.0,,1.0,1.0,0.0,0.0,0.0,1.0,,,,,,,,0.0,,,0.0,0.0,,,0.0,1.0,,0.0,1.0,1.0,0.0,1.0,0.0,0.0,,1.0,,,1.0,0.0,1.0,0.0,0.0,1.0,1.0,1.0,1.0,1.0,1.0,0.0,1.0,1.0,1.0,1.0,1.0,1.0,1.0,0.0,0.0,0.0,1.0,0.0,0.0,0.0,0.0,1.0,,,1.0,,,0.0,0.0,0.0,0.0,1.0,0.0,,,1.0,0.0,0.0,,0.0,0.0,0.0,1.0,0.0,,1.0,0.0,1.0,1.0,,1.0,,0.0,0.0,,,1.0,1.0,,,1.0,0.0,,,0.0,0.0,1.0,0.0,,0.0,0.0,,0.0,1.0,1.0,0.0,0.0,0.0,,0.0,1.0,0.0,1.0,1.0,1.0,1.0,0.0,0.0,1.0,1.0,,1.0,0.0,,0.0,0.0,,0.0,,,,,,,,,,0.0,,0.0,0.0,,,1.0,,,,0.0,1.0,,,1.0,0.0,1.0,,0.0,,1.0,0.0,,1.0,0.0,0.0,,0.0,1.0,1.0,1.0,1.0,0.0,1.0,0.0,,0.0,0.0,1.0,1.0,1.0,1.0,0.0,1.0,1.0,0.0,0.0,,,0.0,,0.0,,0.0,0.0,0.0,,0.0,1.0,1.0,1.0,1.0,1.0,0.0,0.0,,,1.0,,0.0,1.0,0.0,0.0,1.0,0.0,0.0,,0.0,0.0,1.0,0.0,0.0,0.0,,0.0,1.0,1.0,,,1.0,1.0,0.0,0.0,0.0,,1.0,0.0,0.0,0.0,0.0,0.0,0.0,1.0,0.0,0.0,1.0,,1.0,1.0,0.0,0.0,1.0,,0.0,0.0,0.0,,,1.0,0.0,0.0,0.0,,0.0,1.0,1.0,1.0,0.0,1.0,,,,0.0,0.0,,1.0,,,0.0,,,,,0.0,1.0,,0.0,0.0,1.0,0.0,,1.0,0.0,,,0.0,0.0,0.0,0.0,,,,0.0,1.0,0.0,1.0,0.0,0.0,1.0,0.0,1.0,1.0,1.0,1.0,0.0,1.0,0.0,1.0,0.0,0.0,0.0,1.0,,1.0,,,1.0,0.0,0.0,0.0,0.0,1.0,,0.0,0.0,1.0,,,,1.0,,0.0,1.0,0.0,,1.0,,1.0,0.0,,0.0,1.0,,,,,,,1.0,0.0,0.0
Luciano Bivar,,,1.0,0.0,1.0,1.0,1.0,1.0,0.0,,,,,1.0,,,,,,0.0,,0.0,,,,,,,,,,,,,0.0,,,,,,,0.0,0.0,,0.0,,,,,,,,,0.0,,,,1.0,,,,,,,,1.0,,,,,,,,,,,,,,,,,,,,,,,,1.0,1.0,,,0.0,1.0,,,,,,,0.0,,,1.0,1.0,0.0,,1.0,1.0,1.0,,,,,,,,,,1.0,,,,0.0,,0.0,0.0,0.0,0.0,1.0,,0.0,0.0,0.0,1.0,1.0,1.0,1.0,0.0,,0.0,1.0,,,,,,,,,,,,,,,,,,,,,,,,,,1.0,,,0.0,0.0,,0.0,,1.0,1.0,1.0,1.0,1.0,1.0,1.0,1.0,1.0,1.0,1.0,1.0,1.0,,1.0,0.0,0.0,1.0,0.0,0.0,0.0,0.0,,,0.0,1.0,,,1.0,,1.0,,0.0,,1.0,1.0,1.0,1.0,0.0,,1.0,0.0,0.0,1.0,1.0,,,0.0,1.0,1.0,1.0,1.0,1.0,0.0,0.0,,,1.0,1.0,1.0,0.0,1.0,0.0,0.0,1.0,0.0,,1.0,1.0,1.0,0.0,0.0,,1.0,1.0,1.0,,,,1.0,,,,1.0,1.0,1.0,1.0,1.0,1.0,1.0,1.0,0.0,1.0,0.0,0.0,0.0,0.0,,0.0,1.0,0.0,0.0,1.0,,,,,,,0.0,,,1.0,,1.0,0.0,,,,,,,1.0,0.0,1.0,,0.0,1.0,,,,,1.0,,,,,,,,0.0,1.0,0.0,1.0,0.0,1.0,1.0,,1.0,1.0,0.0,1.0,1.0,1.0,1.0,1.0,,,0.0,0.0,,,0.0,0.0,0.0,0.0,,1.0,0.0,1.0,1.0,0.0,1.0,,0.0,1.0,1.0,0.0,1.0,0.0,0.0,1.0,0.0,0.0,,,,,,,,,,,,,0.0,1.0,1.0,0.0,1.0,,,1.0,0.0,0.0,0.0,1.0,,0.0,1.0,0.0,0.0,1.0,1.0,1.0,1.0,,,,,,,,,0.0,,,,,1.0,,,,,,,,,,0.0,1.0,,,0.0,0.0,,,,,,1.0,,1.0,0.0,0.0,,,,,,,0.0,0.0,0.0,,,0.0,1.0,,1.0,1.0,,,,,,,,,,,,1.0,,,,,,,,,,,,,,,,,,,,,,,0.0,1.0,,0.0,1.0,0.0,,,,,,,,,,,,,,,1.0,,
Luciano Ducci,1.0,1.0,1.0,1.0,1.0,1.0,1.0,,,1.0,1.0,1.0,0.0,1.0,0.0,1.0,0.0,1.0,0.0,0.0,1.0,0.0,0.0,1.0,0.0,1.0,1.0,0.0,1.0,0.0,0.0,1.0,,,,,,,,,,,,,0.0,,0.0,1.0,1.0,0.0,0.0,1.0,0.0,1.0,1.0,0.0,0.0,1.0,,1.0,1.0,1.0,,,,,1.0,,0.0,0.0,,,0.0,1.0,,1.0,1.0,0.0,,1.0,1.0,,,,1.0,,1.0,1.0,1.0,1.0,1.0,1.0,1.0,1.0,1.0,1.0,1.0,1.0,,0.0,0.0,0.0,0.0,1.0,1.0,1.0,0.0,0.0,1.0,1.0,1.0,0.0,0.0,1.0,0.0,1.0,1.0,0.0,0.0,0.0,1.0,0.0,0.0,0.0,1.0,0.0,0.0,1.0,1.0,1.0,0.0,1.0,1.0,1.0,1.0,0.0,0.0,0.0,1.0,,0.0,0.0,1.0,0.0,0.0,1.0,0.0,1.0,0.0,,0.0,1.0,1.0,,,,,0.0,0.0,0.0,0.0,0.0,,0.0,1.0,0.0,0.0,0.0,1.0,1.0,1.0,0.0,,,,,,,0.0,0.0,0.0,0.0,0.0,0.0,0.0,0.0,,,,0.0,1.0,0.0,1.0,1.0,,0.0,1.0,1.0,1.0,0.0,0.0,1.0,0.0,,1.0,1.0,1.0,1.0,0.0,1.0,1.0,1.0,0.0,1.0,1.0,0.0,1.0,1.0,1.0,0.0,0.0,1.0,,1.0,,,,0.0,0.0,1.0,1.0,1.0,,0.0,1.0,0.0,1.0,,,,0.0,1.0,0.0,1.0,1.0,0.0,1.0,1.0,1.0,1.0,1.0,1.0,0.0,1.0,1.0,0.0,1.0,1.0,0.0,1.0,0.0,,1.0,1.0,0.0,0.0,1.0,0.0,1.0,1.0,0.0,1.0,1.0,1.0,1.0,0.0,0.0,1.0,0.0,1.0,0.0,0.0,0.0,0.0,0.0,0.0,0.0,0.0,1.0,1.0,1.0,0.0,0.0,1.0,1.0,0.0,0.0,1.0,0.0,1.0,0.0,0.0,0.0,1.0,1.0,0.0,0.0,1.0,0.0,0.0,1.0,0.0,0.0,0.0,0.0,1.0,1.0,1.0,1.0,0.0,1.0,1.0,1.0,1.0,1.0,0.0,0.0,,1.0,1.0,1.0,0.0,,0.0,1.0,1.0,0.0,1.0,0.0,1.0,1.0,1.0,,1.0,0.0,0.0,0.0,1.0,1.0,0.0,1.0,1.0,1.0,1.0,0.0,,0.0,1.0,1.0,0.0,1.0,0.0,0.0,1.0,0.0,0.0,0.0,1.0,0.0,,,,0.0,1.0,0.0,1.0,1.0,0.0,0.0,0.0,0.0,1.0,1.0,1.0,1.0,0.0,1.0,1.0,1.0,1.0,1.0,1.0,1.0,,0.0,1.0,1.0,0.0,0.0,0.0,0.0,0.0,1.0,0.0,0.0,0.0,1.0,0.0,0.0,1.0,,,,,,,,1.0,0.0,0.0,,0.0,,0.0,,,1.0,0.0,1.0,0.0,0.0,0.0,1.0,1.0,1.0,,1.0,0.0,,,0.0,,0.0,0.0,1.0,1.0,0.0,1.0,1.0,,,,1.0,1.0,0.0,0.0,0.0,,0.0,1.0,1.0,1.0,1.0,1.0,1.0,1.0,1.0,1.0,,,,,,,1.0,1.0,1.0,1.0,1.0,1.0,0.0,0.0,0.0,1.0,1.0,0.0,1.0,1.0,0.0,1.0,1.0,0.0,1.0,1.0,1.0,0.0,1.0,0.0,0.0,,0.0,0.0,,0.0,1.0
Lucio Mosquini,,,1.0,1.0,1.0,1.0,1.0,1.0,0.0,1.0,,1.0,1.0,,0.0,1.0,0.0,1.0,0.0,0.0,,,0.0,0.0,,1.0,0.0,0.0,0.0,1.0,,1.0,0.0,0.0,0.0,0.0,1.0,1.0,0.0,1.0,1.0,0.0,0.0,0.0,0.0,1.0,,1.0,,,,,,,1.0,0.0,,,0.0,1.0,1.0,1.0,1.0,,0.0,1.0,0.0,0.0,0.0,0.0,0.0,0.0,0.0,1.0,0.0,1.0,,,1.0,,1.0,1.0,1.0,0.0,0.0,,,1.0,1.0,1.0,,1.0,,,,1.0,1.0,1.0,,,,0.0,,1.0,0.0,1.0,,0.0,1.0,0.0,1.0,0.0,0.0,,1.0,,,,,,,,,,0.0,1.0,,0.0,0.0,,,,,,,,,,1.0,,0.0,1.0,1.0,0.0,0.0,1.0,0.0,1.0,1.0,0.0,0.0,,,0.0,0.0,0.0,1.0,0.0,1.0,1.0,0.0,,1.0,0.0,1.0,0.0,,,1.0,,1.0,0.0,,1.0,0.0,,,,1.0,1.0,1.0,1.0,0.0,1.0,,,,,,,,0.0,0.0,1.0,,0.0,0.0,0.0,1.0,1.0,,,0.0,,,0.0,0.0,0.0,,0.0,,,,,0.0,,,0.0,0.0,1.0,1.0,1.0,1.0,0.0,1.0,1.0,1.0,1.0,1.0,,,,0.0,,1.0,1.0,,1.0,0.0,,1.0,0.0,0.0,0.0,1.0,,,0.0,,,1.0,1.0,,0.0,,1.0,0.0,1.0,,1.0,,1.0,1.0,1.0,1.0,0.0,1.0,,1.0,0.0,1.0,0.0,,0.0,0.0,,0.0,0.0,1.0,0.0,,,,,,0.0,0.0,,1.0,1.0,1.0,0.0,0.0,0.0,1.0,,,,,,,1.0,0.0,1.0,,0.0,,1.0,,0.0,,,1.0,,1.0,,0.0,,0.0,1.0,0.0,1.0,1.0,,,1.0,1.0,1.0,,1.0,1.0,,0.0,,0.0,,1.0,0.0,,,,,,1.0,0.0,0.0,1.0,1.0,1.0,,1.0,1.0,,1.0,1.0,0.0,0.0,,,,0.0,,0.0,,0.0,,1.0,,,1.0,1.0,,0.0,,,0.0,,,,,0.0,0.0,0.0,,0.0,1.0,1.0,,,,1.0,1.0,1.0,0.0,,1.0,1.0,,0.0,,0.0,0.0,,0.0,,,1.0,,,,1.0,,,,,0.0,0.0,,,1.0,,0.0,,,0.0,,1.0,1.0,1.0,,,,,,,,,,,,0.0,,,0.0,,,,,,,,,1.0,,1.0,1.0,1.0,,,,0.0,0.0,0.0,,,,,1.0,,1.0,,0.0,,,,,,0.0,0.0,,,,,1.0,,,,,,,,,,0.0,,1.0,0.0,,,,,0.0,,,0.0
Luis Miranda,0.0,0.0,1.0,0.0,1.0,1.0,0.0,,,1.0,0.0,1.0,1.0,0.0,1.0,1.0,1.0,0.0,1.0,1.0,,0.0,1.0,0.0,0.0,,,,,,0.0,1.0,0.0,0.0,0.0,0.0,,0.0,0.0,0.0,0.0,0.0,0.0,1.0,0.0,1.0,0.0,1.0,,0.0,0.0,1.0,0.0,1.0,1.0,0.0,0.0,1.0,,1.0,1.0,1.0,,,0.0,1.0,0.0,1.0,0.0,,0.0,,0.0,1.0,0.0,1.0,1.0,0.0,1.0,1.0,1.0,1.0,1.0,0.0,0.0,,1.0,1.0,1.0,1.0,1.0,1.0,1.0,0.0,1.0,1.0,1.0,1.0,,0.0,0.0,0.0,1.0,,0.0,0.0,0.0,1.0,1.0,0.0,1.0,1.0,,,,,,,,,,,,,0.0,1.0,0.0,0.0,0.0,0.0,1.0,0.0,1.0,0.0,0.0,1.0,1.0,1.0,1.0,0.0,0.0,0.0,1.0,0.0,0.0,1.0,0.0,1.0,,0.0,0.0,1.0,,0.0,0.0,0.0,1.0,0.0,1.0,1.0,0.0,,,,,0.0,0.0,0.0,1.0,1.0,1.0,,0.0,1.0,0.0,0.0,1.0,1.0,1.0,1.0,1.0,0.0,0.0,1.0,1.0,0.0,1.0,1.0,1.0,1.0,0.0,0.0,0.0,1.0,0.0,0.0,0.0,0.0,1.0,1.0,0.0,1.0,0.0,,0.0,0.0,0.0,0.0,1.0,0.0,,0.0,1.0,1.0,0.0,0.0,1.0,0.0,0.0,1.0,,1.0,0.0,0.0,1.0,1.0,1.0,1.0,1.0,0.0,0.0,,0.0,1.0,1.0,1.0,0.0,1.0,0.0,0.0,1.0,0.0,0.0,,0.0,0.0,1.0,0.0,1.0,,1.0,1.0,0.0,0.0,1.0,1.0,0.0,1.0,0.0,1.0,1.0,1.0,1.0,1.0,1.0,1.0,1.0,,1.0,0.0,1.0,0.0,0.0,0.0,0.0,1.0,1.0,0.0,1.0,0.0,,1.0,1.0,1.0,,,0.0,,,1.0,1.0,0.0,,,1.0,1.0,1.0,,1.0,0.0,0.0,1.0,1.0,1.0,1.0,0.0,0.0,1.0,0.0,0.0,0.0,0.0,1.0,1.0,1.0,1.0,0.0,1.0,0.0,1.0,0.0,1.0,1.0,0.0,0.0,1.0,1.0,1.0,1.0,1.0,1.0,1.0,0.0,0.0,0.0,,1.0,,,0.0,0.0,0.0,1.0,1.0,1.0,1.0,0.0,0.0,1.0,0.0,1.0,1.0,1.0,1.0,1.0,0.0,0.0,,1.0,0.0,0.0,0.0,0.0,1.0,0.0,0.0,0.0,1.0,0.0,1.0,1.0,0.0,0.0,1.0,1.0,0.0,1.0,0.0,,1.0,0.0,1.0,0.0,0.0,0.0,0.0,1.0,0.0,0.0,1.0,1.0,1.0,1.0,0.0,1.0,1.0,1.0,0.0,0.0,0.0,0.0,0.0,1.0,0.0,,0.0,1.0,0.0,1.0,,1.0,1.0,,,,0.0,0.0,0.0,0.0,1.0,0.0,0.0,0.0,,0.0,0.0,1.0,0.0,1.0,1.0,0.0,0.0,1.0,0.0,1.0,1.0,0.0,0.0,0.0,0.0,0.0,0.0,0.0,0.0,1.0,1.0,0.0,1.0,0.0,0.0,,1.0,1.0,0.0,0.0,1.0,0.0,0.0,0.0,1.0,0.0,0.0,0.0,0.0,0.0,1.0,1.0,1.0,,0.0,0.0,0.0,1.0,1.0,,1.0,0.0,0.0,0.0,1.0,0.0,0.0,0.0,1.0,1.0,,,0.0,0.0,1.0,1.0,1.0,1.0,0.0,0.0,1.0,0.0,0.0,0.0,0.0,0.0,0.0,1.0,0.0,0.0
Luis Tibé,,,1.0,0.0,1.0,1.0,1.0,1.0,0.0,,,,0.0,1.0,,1.0,0.0,,0.0,,,,,1.0,,,0.0,1.0,,1.0,0.0,1.0,,,,,,,,,0.0,,,1.0,,1.0,,1.0,1.0,0.0,0.0,,,1.0,1.0,0.0,,,0.0,1.0,,,1.0,,,,,1.0,0.0,0.0,,0.0,0.0,,,1.0,1.0,0.0,1.0,,,1.0,1.0,0.0,,,,,,,,1.0,,,1.0,1.0,,1.0,,,,0.0,,1.0,1.0,1.0,0.0,0.0,1.0,1.0,1.0,0.0,0.0,1.0,1.0,1.0,0.0,0.0,,,1.0,0.0,0.0,0.0,0.0,1.0,,1.0,,0.0,1.0,0.0,0.0,0.0,0.0,,1.0,1.0,1.0,1.0,0.0,0.0,,,,,,,,,,,,,0.0,,1.0,0.0,,1.0,,,1.0,0.0,,,0.0,,1.0,,,0.0,0.0,1.0,,0.0,,1.0,1.0,1.0,,1.0,0.0,1.0,1.0,1.0,1.0,1.0,1.0,1.0,0.0,,0.0,1.0,,,,,1.0,1.0,0.0,1.0,0.0,,,,0.0,,,,,,1.0,1.0,0.0,,1.0,0.0,0.0,1.0,1.0,1.0,,,,,1.0,,,,0.0,0.0,0.0,1.0,1.0,1.0,0.0,,,,1.0,,0.0,,,1.0,,0.0,0.0,,1.0,1.0,,0.0,0.0,1.0,0.0,1.0,0.0,1.0,1.0,1.0,1.0,1.0,,,1.0,0.0,,0.0,,,0.0,,,,,,,0.0,1.0,,1.0,,0.0,,,0.0,,,,,,,1.0,1.0,,,1.0,,1.0,,,0.0,1.0,0.0,,1.0,0.0,0.0,0.0,0.0,1.0,,1.0,1.0,0.0,1.0,0.0,1.0,0.0,1.0,1.0,,1.0,1.0,1.0,1.0,1.0,1.0,1.0,1.0,0.0,0.0,1.0,0.0,,0.0,0.0,0.0,0.0,0.0,1.0,1.0,1.0,,,0.0,0.0,,,,1.0,,1.0,,,1.0,,0.0,0.0,,,1.0,0.0,0.0,1.0,1.0,0.0,1.0,1.0,0.0,0.0,,1.0,0.0,,,0.0,1.0,0.0,0.0,0.0,0.0,0.0,0.0,1.0,0.0,0.0,1.0,1.0,1.0,,,1.0,,1.0,,,0.0,,0.0,,0.0,,0.0,1.0,0.0,1.0,1.0,1.0,1.0,1.0,,1.0,1.0,0.0,,,,,,,0.0,0.0,,1.0,0.0,1.0,,,,1.0,,,,,,0.0,,,0.0,,,1.0,1.0,,,,,,,1.0,,,,,,,1.0,,0.0,0.0,0.0,,,,,0.0,0.0,0.0,0.0,1.0,1.0,0.0,,0.0,0.0,0.0,1.0,,0.0,0.0,,,0.0,1.0,1.0,,1.0,,,1.0,0.0,0.0,1.0,0.0,,,,,,,,1.0
Luisa Canziani,,,1.0,1.0,1.0,1.0,1.0,1.0,,1.0,,,,1.0,,,,1.0,,0.0,,,,1.0,,1.0,,0.0,0.0,1.0,,1.0,,,,,1.0,0.0,0.0,1.0,0.0,1.0,0.0,1.0,0.0,1.0,,1.0,1.0,,,,0.0,,,,,1.0,,,,,1.0,0.0,,,,1.0,0.0,,0.0,,,1.0,,1.0,1.0,0.0,1.0,,,1.0,1.0,0.0,0.0,,1.0,1.0,1.0,,,,,0.0,0.0,,1.0,1.0,,,,1.0,1.0,1.0,1.0,1.0,,0.0,1.0,1.0,1.0,0.0,0.0,,1.0,1.0,0.0,0.0,0.0,0.0,1.0,0.0,0.0,0.0,0.0,,0.0,0.0,0.0,,1.0,0.0,0.0,,0.0,,1.0,1.0,1.0,,0.0,0.0,1.0,,,,,,,0.0,0.0,1.0,1.0,,,,,0.0,,1.0,,0.0,,0.0,,0.0,0.0,,1.0,1.0,,0.0,0.0,,,0.0,1.0,1.0,1.0,1.0,1.0,1.0,0.0,1.0,1.0,1.0,1.0,1.0,1.0,1.0,,0.0,0.0,,,0.0,0.0,0.0,1.0,1.0,,1.0,,,0.0,0.0,0.0,,1.0,1.0,0.0,0.0,1.0,1.0,0.0,0.0,,,0.0,1.0,1.0,1.0,,,1.0,1.0,1.0,,1.0,,,0.0,,1.0,1.0,1.0,0.0,1.0,0.0,0.0,1.0,,0.0,0.0,1.0,,1.0,,1.0,1.0,1.0,1.0,1.0,0.0,0.0,1.0,0.0,1.0,0.0,1.0,1.0,1.0,,1.0,1.0,,1.0,1.0,1.0,1.0,1.0,0.0,0.0,0.0,0.0,1.0,,0.0,1.0,,1.0,1.0,,1.0,,0.0,0.0,,1.0,1.0,1.0,0.0,0.0,0.0,,1.0,,,,0.0,1.0,,1.0,0.0,,,0.0,,,,0.0,0.0,,1.0,,1.0,,1.0,0.0,1.0,0.0,1.0,1.0,0.0,1.0,1.0,1.0,1.0,,1.0,1.0,,,,0.0,0.0,1.0,,,0.0,0.0,0.0,,1.0,1.0,,1.0,,1.0,1.0,,1.0,1.0,1.0,1.0,0.0,0.0,1.0,0.0,,0.0,,,,,,1.0,1.0,,1.0,1.0,0.0,,,1.0,,,0.0,0.0,0.0,0.0,0.0,,1.0,,0.0,1.0,0.0,,,1.0,,,0.0,1.0,1.0,1.0,0.0,0.0,0.0,0.0,0.0,,0.0,0.0,,1.0,,,,,,1.0,,,0.0,0.0,0.0,,1.0,,,0.0,0.0,,,1.0,,1.0,1.0,0.0,0.0,,,1.0,,,0.0,0.0,0.0,0.0,0.0,0.0,,1.0,,,1.0,0.0,1.0,,,1.0,0.0,1.0,1.0,0.0,,0.0,1.0,0.0,1.0,0.0,,,,1.0,1.0,0.0,,,0.0,0.0,,,,0.0,0.0,0.0,,,0.0,0.0,1.0,1.0,0.0,1.0,1.0,,1.0,1.0,1.0,,,,1.0,0.0,0.0,,,0.0,0.0,,0.0,0.0
Luiz Antonio Corrêa,,,1.0,0.0,1.0,1.0,,,,,,,,,,,,,,,,,,,,,,,,,,,,,,,,,,,,,,,,,,,,,,,,,,,,,,,,,,,,,,,,,,,,,,,,,,,,,,,,,1.0,1.0,,,,,,,,,,,,,,0.0,1.0,,,,,,,,,,,1.0,1.0,1.0,0.0,0.0,0.0,0.0,1.0,0.0,0.0,0.0,0.0,1.0,1.0,0.0,0.0,0.0,1.0,,0.0,0.0,0.0,1.0,1.0,1.0,1.0,0.0,0.0,0.0,,,,,,,,,,,,,,,,,,,,,,,,,0.0,,1.0,,,0.0,0.0,1.0,,0.0,1.0,1.0,1.0,1.0,1.0,1.0,0.0,1.0,1.0,1.0,1.0,1.0,1.0,1.0,0.0,0.0,0.0,1.0,0.0,,0.0,0.0,,,0.0,1.0,,,0.0,0.0,0.0,0.0,1.0,0.0,0.0,0.0,1.0,1.0,0.0,0.0,1.0,0.0,0.0,1.0,1.0,1.0,1.0,0.0,1.0,1.0,1.0,1.0,1.0,0.0,0.0,0.0,0.0,1.0,1.0,1.0,0.0,1.0,0.0,0.0,1.0,0.0,0.0,0.0,1.0,1.0,0.0,0.0,0.0,,1.0,1.0,1.0,0.0,0.0,1.0,0.0,1.0,,1.0,1.0,1.0,1.0,1.0,1.0,1.0,1.0,1.0,1.0,0.0,1.0,0.0,0.0,0.0,0.0,1.0,0.0,0.0,1.0,0.0,1.0,1.0,1.0,1.0,0.0,0.0,0.0,0.0,1.0,1.0,1.0,0.0,,0.0,1.0,1.0,1.0,0.0,1.0,0.0,1.0,0.0,1.0,0.0,1.0,,0.0,1.0,,0.0,0.0,,,1.0,1.0,1.0,0.0,1.0,0.0,1.0,0.0,1.0,1.0,0.0,1.0,1.0,1.0,1.0,1.0,1.0,1.0,1.0,0.0,0.0,0.0,0.0,1.0,0.0,0.0,0.0,0.0,0.0,1.0,1.0,1.0,1.0,1.0,0.0,0.0,0.0,0.0,1.0,1.0,0.0,1.0,0.0,0.0,1.0,,1.0,0.0,,0.0,1.0,0.0,0.0,1.0,1.0,0.0,1.0,1.0,0.0,,,1.0,0.0,1.0,,,1.0,0.0,0.0,0.0,0.0,0.0,0.0,0.0,0.0,0.0,1.0,1.0,0.0,,,,1.0,1.0,0.0,0.0,0.0,0.0,0.0,1.0,,0.0,0.0,1.0,0.0,1.0,,1.0,1.0,1.0,0.0,1.0,0.0,,0.0,0.0,1.0,0.0,0.0,0.0,0.0,0.0,0.0,1.0,0.0,1.0,1.0,0.0,0.0,1.0,0.0,1.0,1.0,0.0,0.0,0.0,0.0,0.0,0.0,0.0,0.0,1.0,1.0,0.0,1.0,0.0,1.0,0.0,0.0,1.0,0.0,1.0,1.0,,1.0,0.0,1.0,0.0,0.0,0.0,0.0,0.0,1.0,,,0.0,,0.0,0.0,0.0,1.0,0.0,1.0,0.0,0.0,0.0,1.0,,0.0,0.0,1.0,1.0,0.0,1.0,1.0,,1.0,1.0,1.0,1.0,,0.0,1.0,0.0,,,,,,,,0.0
Luiz Antônio Corrêa,0.0,0.0,,,,,,1.0,0.0,1.0,0.0,1.0,1.0,0.0,0.0,0.0,0.0,0.0,0.0,1.0,0.0,0.0,0.0,1.0,,1.0,0.0,1.0,,1.0,0.0,1.0,1.0,0.0,0.0,1.0,1.0,1.0,0.0,0.0,,0.0,0.0,1.0,0.0,1.0,0.0,1.0,1.0,0.0,0.0,1.0,0.0,1.0,1.0,0.0,0.0,,0.0,1.0,1.0,1.0,,0.0,0.0,1.0,1.0,,0.0,0.0,0.0,0.0,0.0,1.0,0.0,1.0,1.0,0.0,1.0,1.0,1.0,1.0,1.0,0.0,0.0,,,,,1.0,1.0,1.0,1.0,0.0,1.0,1.0,1.0,1.0,,,,,,1.0,1.0,1.0,0.0,0.0,1.0,1.0,1.0,0.0,0.0,,,,,,,,,,,,,,,,,,,,,,,,,,,,,,1.0,0.0,0.0,1.0,0.0,1.0,1.0,,0.0,1.0,1.0,0.0,0.0,0.0,1.0,,,,0.0,0.0,1.0,0.0,1.0,0.0,,,,1.0,1.0,,,,,,,,,,,,,,,,,,,,,,,,,,,,1.0,1.0,,,0.0,,,,,,,,,,,,,,,,,,,,,,,,,,,,,,,,,,,,,,,,,,,,,,,,,,,,,,,,,,,,,,,,,,,,,,,,,,,,,,,,,,,,,,,,,,,,,,,,,,,,,,,,,,,,,,,,,,,,,,,,,,,,,,,,,,,,,,,,,,,,,,,,,,,,,,,,,,,,,,,,,,,,,,,,,,,,,,,,,,,,,,,,,,,,,,,,,,,,,,,,,,,,,,,,,,,,,,,,,,,,,,,,,,,,,,,,,,,,,,,,,,,,,,,,,,,,,,,,,,,,,,,,,,,,,,,,,,,,,,,,,,,,,,,,,,,,,,,,,,,,,,
Luiz Carlos,0.0,,1.0,0.0,1.0,1.0,1.0,,,,0.0,1.0,,,,,,,,,,,0.0,,,,0.0,0.0,1.0,1.0,,1.0,,0.0,,0.0,1.0,,0.0,,0.0,0.0,1.0,1.0,,,0.0,1.0,,,,,0.0,,,0.0,0.0,1.0,,,,,1.0,,0.0,,,1.0,,,0.0,0.0,0.0,1.0,0.0,1.0,1.0,0.0,1.0,1.0,1.0,1.0,,0.0,0.0,,1.0,1.0,,1.0,1.0,1.0,,,,1.0,,,,,,,,1.0,1.0,1.0,0.0,0.0,1.0,1.0,1.0,0.0,0.0,,,1.0,,1.0,0.0,0.0,1.0,0.0,0.0,1.0,0.0,1.0,0.0,0.0,0.0,0.0,,0.0,1.0,0.0,0.0,1.0,1.0,1.0,1.0,,,0.0,1.0,0.0,1.0,1.0,0.0,1.0,1.0,,,,,0.0,,0.0,1.0,,,,,,,0.0,1.0,0.0,,,1.0,,,0.0,,1.0,,0.0,,1.0,1.0,1.0,1.0,,1.0,,,,,,,,,1.0,0.0,0.0,,0.0,,,,,0.0,1.0,,,,,,,,,,,1.0,0.0,0.0,,1.0,,0.0,1.0,,0.0,1.0,0.0,,,1.0,1.0,,,,,,,,,0.0,,0.0,,1.0,0.0,0.0,0.0,0.0,1.0,0.0,,1.0,1.0,1.0,1.0,,0.0,,1.0,0.0,1.0,,1.0,1.0,1.0,1.0,1.0,1.0,1.0,1.0,0.0,1.0,1.0,,,0.0,0.0,0.0,1.0,0.0,0.0,,,,,,,,,,,1.0,1.0,,,,,0.0,1.0,,,,,,1.0,0.0,1.0,,,0.0,1.0,0.0,0.0,0.0,0.0,1.0,,1.0,,,1.0,,1.0,,,1.0,,,,,,1.0,1.0,1.0,1.0,0.0,0.0,0.0,,,,,,,,,,,,0.0,1.0,,,0.0,,,1.0,,,,,1.0,0.0,0.0,,0.0,1.0,1.0,0.0,1.0,,0.0,1.0,1.0,0.0,,1.0,,0.0,,,0.0,,,1.0,1.0,0.0,0.0,0.0,,0.0,1.0,1.0,1.0,1.0,,0.0,,,1.0,0.0,0.0,0.0,0.0,0.0,1.0,,,0.0,,0.0,1.0,,0.0,1.0,1.0,,,,,0.0,0.0,1.0,,,,,,,,,,,0.0,0.0,1.0,0.0,1.0,1.0,0.0,,0.0,0.0,0.0,,,,1.0,1.0,0.0,1.0,0.0,0.0,,,1.0,1.0,1.0,1.0,1.0,1.0,0.0,1.0,0.0,,0.0,,0.0,1.0,1.0,1.0,,0.0,0.0,0.0,0.0,1.0,0.0,1.0,0.0,,,,,,,,1.0,0.0,,,,1.0,1.0,,,0.0,0.0,1.0,0.0,,,,,,,,
Luiz Carlos Motta,0.0,0.0,1.0,0.0,1.0,1.0,1.0,1.0,0.0,1.0,0.0,1.0,0.0,1.0,0.0,1.0,0.0,1.0,0.0,,,0.0,1.0,1.0,0.0,1.0,0.0,1.0,0.0,1.0,0.0,1.0,0.0,0.0,0.0,0.0,1.0,1.0,0.0,0.0,0.0,1.0,0.0,1.0,0.0,1.0,0.0,,,0.0,,1.0,0.0,1.0,1.0,0.0,0.0,1.0,0.0,1.0,1.0,1.0,1.0,,0.0,1.0,1.0,1.0,0.0,0.0,0.0,,0.0,1.0,0.0,1.0,1.0,0.0,1.0,1.0,1.0,1.0,1.0,0.0,0.0,,1.0,1.0,1.0,1.0,1.0,1.0,1.0,0.0,0.0,,1.0,1.0,,,,0.0,1.0,0.0,0.0,0.0,0.0,0.0,1.0,0.0,0.0,1.0,1.0,1.0,1.0,1.0,,0.0,0.0,,1.0,0.0,0.0,0.0,0.0,1.0,0.0,0.0,0.0,0.0,1.0,0.0,0.0,0.0,0.0,1.0,1.0,1.0,1.0,0.0,0.0,0.0,1.0,0.0,0.0,1.0,0.0,,1.0,0.0,0.0,1.0,1.0,0.0,,0.0,1.0,0.0,1.0,1.0,0.0,0.0,1.0,0.0,1.0,0.0,0.0,,1.0,1.0,1.0,0.0,1.0,0.0,0.0,0.0,0.0,,0.0,0.0,0.0,0.0,0.0,0.0,1.0,1.0,0.0,1.0,0.0,1.0,0.0,0.0,0.0,1.0,0.0,,0.0,0.0,1.0,1.0,0.0,1.0,0.0,,0.0,0.0,0.0,0.0,1.0,0.0,0.0,0.0,1.0,1.0,0.0,,1.0,0.0,0.0,,,1.0,1.0,0.0,1.0,0.0,1.0,1.0,1.0,0.0,,,0.0,1.0,1.0,0.0,0.0,1.0,0.0,1.0,0.0,1.0,0.0,0.0,1.0,1.0,0.0,0.0,0.0,1.0,1.0,1.0,1.0,,0.0,1.0,0.0,1.0,0.0,1.0,1.0,1.0,1.0,1.0,0.0,0.0,1.0,1.0,1.0,0.0,1.0,0.0,0.0,0.0,0.0,1.0,0.0,0.0,1.0,0.0,1.0,1.0,1.0,1.0,0.0,0.0,0.0,0.0,1.0,1.0,1.0,0.0,0.0,0.0,1.0,1.0,1.0,0.0,1.0,,1.0,0.0,1.0,0.0,1.0,0.0,,1.0,0.0,,0.0,0.0,1.0,,1.0,1.0,0.0,1.0,0.0,1.0,0.0,,1.0,0.0,1.0,1.0,1.0,1.0,1.0,1.0,1.0,1.0,0.0,0.0,0.0,0.0,1.0,0.0,0.0,0.0,0.0,0.0,1.0,1.0,0.0,1.0,1.0,0.0,,0.0,0.0,1.0,,0.0,1.0,0.0,0.0,,0.0,1.0,0.0,0.0,0.0,1.0,0.0,0.0,1.0,1.0,0.0,1.0,1.0,0.0,0.0,,1.0,0.0,,0.0,0.0,1.0,0.0,0.0,,,0.0,0.0,0.0,0.0,0.0,1.0,1.0,0.0,,0.0,1.0,1.0,1.0,0.0,0.0,0.0,0.0,0.0,1.0,0.0,0.0,0.0,1.0,0.0,1.0,1.0,1.0,,1.0,0.0,1.0,0.0,0.0,0.0,0.0,1.0,0.0,0.0,0.0,0.0,,0.0,1.0,0.0,1.0,,0.0,0.0,1.0,0.0,1.0,1.0,0.0,0.0,,0.0,0.0,0.0,0.0,0.0,1.0,1.0,0.0,1.0,,1.0,0.0,0.0,1.0,0.0,1.0,1.0,1.0,1.0,0.0,1.0,0.0,0.0,,0.0,0.0,1.0,,1.0,0.0,0.0,0.0,0.0,0.0,1.0,0.0,1.0,0.0,0.0,0.0,1.0,0.0,0.0,0.0,1.0,1.0,0.0,1.0,1.0,0.0,1.0,1.0,1.0,1.0,0.0,0.0,1.0,0.0,,,,,,,,0.0
Luiz Flávio Gomes,,,,,,,,,,,,,,,,,,,,,,,,,,,,,,,1.0,0.0,,1.0,,0.0,1.0,1.0,0.0,1.0,1.0,1.0,0.0,0.0,1.0,,,,,,,,,,,,,,,,,,,,,,,,,,,,0.0,1.0,0.0,0.0,0.0,1.0,,,1.0,,,,1.0,,,,,,,,,,,,,,,,,,,,,,,,,,,,,,,,,,,,,,,,,,,,,,,,,,,,,,,,,,,,,,,,,,,,,,,,,,,,,,,,,,,,,,,,,,,,,,,,,,,,,,,,,,,,,,,,,,,,,,,,,,,,,,,,,,,,,,,,,,,,,,,,,,,,,,,,,,,,,,,,,,,,,,,,,,,,,,,,,,,,,,,,,,,,,,,,,,,,,,,,,,,,,,,,,,,,,,,,,,,,,,,,,,,,,,,,,,,,,,,,,,,,,,,,,,,,,,,,,,,,,,,,,,,,,,,,,,,,,,,,,,,,,,,,,,,,,,,,,,,,,,,,,,,,,,,,,,,,,,,,,,,,,,,,,,,,,,,,,,,,,,,,,,,,,,,,,,,,,,,,,,,,,,,,,,,,,,,,,,,,,,,,,,,,,,,,,,,,,,,,,,,,,,,,,,,,,,,,,,,,
Luiz Lauro Filho,,,,,,,,,,,,,,,,,,,,,,,,,,,,,,,,,,,,,,,,,,,,,,,,,,,,,,,,,,,,,,,,,,,,,,,,,,,,,,,,,,,,,,,,,,,,,,,,,,,,,,,,,,,,,,,,,,,,,,,,,,,,,,,,,,,,,,,,,,,1.0,0.0,0.0,0.0,,,,,,,1.0,0.0,0.0,1.0,,0.0,0.0,0.0,1.0,0.0,1.0,1.0,0.0,0.0,1.0,0.0,1.0,,,,1.0,,,,0.0,1.0,,0.0,1.0,1.0,1.0,1.0,1.0,1.0,1.0,1.0,1.0,1.0,0.0,1.0,0.0,,0.0,,0.0,,,0.0,,,1.0,0.0,,,,,,,,,,,,,,,,,,,,,,,,,,,,,,,,,,,,,,,,,,,,,,,,0.0,1.0,,,,,,,,0.0,1.0,,1.0,1.0,1.0,1.0,1.0,,,1.0,,,1.0,,,,,,,,,,,,,,,,,,,,,,,,,,,,,,,,,1.0,,,,,,,,,,,,,,0.0,1.0,0.0,1.0,0.0,1.0,1.0,0.0,1.0,1.0,1.0,1.0,1.0,1.0,1.0,1.0,,,,,,,,0.0,0.0,0.0,1.0,1.0,1.0,1.0,0.0,0.0,1.0,,1.0,1.0,1.0,,,,,,,,,,,,,,,,,,,,,,,,,,,,,,,,,,,,,,,,,,,,,,,,,,,,,,,,,,,,,,,,,,,,,,,,,,,,,,,,,,,,,,,,,,,,,,,,,,,,,,,,,,,,,,,,,,,,,,,,,,,,,,,,,,,,,,,,,,,,,,,,,,,,,,,,
Luiz Lima,0.0,0.0,1.0,0.0,,1.0,0.0,1.0,0.0,1.0,0.0,1.0,0.0,1.0,0.0,1.0,0.0,1.0,0.0,0.0,,0.0,1.0,0.0,0.0,0.0,,0.0,1.0,1.0,0.0,1.0,,0.0,0.0,0.0,1.0,0.0,0.0,0.0,0.0,0.0,0.0,1.0,0.0,1.0,0.0,1.0,1.0,0.0,0.0,1.0,1.0,,0.0,1.0,,1.0,0.0,1.0,1.0,1.0,1.0,0.0,0.0,1.0,1.0,0.0,0.0,0.0,0.0,0.0,0.0,1.0,0.0,1.0,1.0,0.0,1.0,1.0,1.0,1.0,1.0,0.0,0.0,,1.0,1.0,1.0,1.0,1.0,1.0,1.0,0.0,0.0,,1.0,1.0,,0.0,0.0,0.0,1.0,0.0,0.0,0.0,0.0,1.0,0.0,0.0,0.0,1.0,1.0,1.0,1.0,1.0,0.0,0.0,0.0,0.0,1.0,0.0,0.0,0.0,0.0,1.0,1.0,0.0,0.0,0.0,1.0,0.0,0.0,0.0,0.0,1.0,1.0,,0.0,,,0.0,1.0,0.0,1.0,1.0,0.0,1.0,1.0,0.0,0.0,1.0,,0.0,0.0,0.0,1.0,0.0,1.0,1.0,0.0,1.0,1.0,1.0,1.0,0.0,0.0,0.0,,1.0,1.0,0.0,0.0,1.0,0.0,0.0,1.0,1.0,1.0,1.0,1.0,,1.0,1.0,1.0,1.0,1.0,1.0,1.0,1.0,0.0,,0.0,1.0,0.0,0.0,,0.0,1.0,0.0,0.0,1.0,0.0,,0.0,0.0,0.0,0.0,,,0.0,0.0,1.0,1.0,0.0,0.0,,0.0,0.0,1.0,1.0,1.0,1.0,0.0,,1.0,1.0,1.0,1.0,0.0,0.0,0.0,0.0,,1.0,1.0,0.0,1.0,0.0,0.0,1.0,0.0,0.0,0.0,0.0,1.0,0.0,0.0,0.0,0.0,1.0,1.0,1.0,0.0,0.0,0.0,0.0,0.0,0.0,1.0,1.0,1.0,1.0,1.0,1.0,1.0,1.0,0.0,1.0,0.0,1.0,0.0,0.0,0.0,0.0,,0.0,0.0,1.0,0.0,1.0,1.0,1.0,1.0,0.0,0.0,0.0,0.0,1.0,1.0,1.0,0.0,,0.0,1.0,1.0,,,1.0,0.0,1.0,0.0,0.0,0.0,1.0,0.0,,1.0,0.0,0.0,0.0,0.0,1.0,1.0,1.0,1.0,,1.0,0.0,1.0,0.0,1.0,1.0,0.0,1.0,1.0,1.0,1.0,1.0,1.0,1.0,1.0,0.0,0.0,0.0,0.0,1.0,,0.0,0.0,0.0,0.0,,1.0,0.0,1.0,1.0,0.0,0.0,0.0,0.0,1.0,,1.0,,0.0,0.0,1.0,0.0,0.0,0.0,0.0,0.0,1.0,0.0,0.0,1.0,1.0,0.0,1.0,1.0,0.0,,1.0,1.0,0.0,1.0,0.0,0.0,1.0,0.0,0.0,0.0,0.0,0.0,0.0,0.0,,0.0,1.0,1.0,1.0,1.0,,,1.0,1.0,0.0,0.0,0.0,0.0,0.0,1.0,0.0,0.0,0.0,1.0,0.0,1.0,1.0,1.0,1.0,1.0,0.0,1.0,0.0,0.0,0.0,0.0,1.0,0.0,,0.0,0.0,0.0,0.0,1.0,0.0,1.0,1.0,0.0,0.0,1.0,,1.0,1.0,0.0,0.0,0.0,0.0,0.0,0.0,0.0,0.0,,1.0,0.0,1.0,0.0,1.0,0.0,0.0,1.0,0.0,1.0,1.0,1.0,1.0,0.0,1.0,0.0,0.0,0.0,0.0,0.0,1.0,1.0,1.0,0.0,0.0,0.0,,0.0,1.0,0.0,1.0,0.0,0.0,0.0,1.0,0.0,0.0,0.0,1.0,1.0,0.0,1.0,0.0,0.0,1.0,1.0,1.0,1.0,0.0,0.0,1.0,0.0,0.0,0.0,0.0,0.0,0.0,1.0,0.0,0.0
Luiz Nishimori,0.0,,1.0,0.0,1.0,1.0,1.0,1.0,0.0,1.0,0.0,,1.0,0.0,,,,,1.0,1.0,1.0,0.0,,1.0,0.0,1.0,0.0,1.0,0.0,1.0,0.0,1.0,0.0,0.0,,0.0,1.0,1.0,0.0,0.0,0.0,0.0,0.0,1.0,0.0,1.0,,1.0,1.0,0.0,0.0,1.0,0.0,1.0,1.0,0.0,,1.0,0.0,1.0,1.0,1.0,1.0,0.0,,1.0,1.0,1.0,0.0,0.0,0.0,0.0,0.0,1.0,0.0,1.0,1.0,0.0,1.0,1.0,1.0,1.0,1.0,0.0,0.0,,1.0,1.0,1.0,1.0,,1.0,1.0,0.0,,1.0,1.0,1.0,,,,0.0,1.0,0.0,0.0,0.0,0.0,1.0,0.0,0.0,0.0,0.0,1.0,1.0,1.0,1.0,0.0,0.0,0.0,0.0,1.0,0.0,0.0,0.0,0.0,1.0,1.0,0.0,0.0,,1.0,0.0,0.0,0.0,0.0,1.0,1.0,1.0,1.0,0.0,0.0,0.0,1.0,0.0,0.0,1.0,0.0,1.0,1.0,0.0,0.0,1.0,1.0,0.0,,0.0,1.0,0.0,1.0,1.0,,0.0,1.0,0.0,1.0,0.0,,,1.0,1.0,,0.0,0.0,1.0,,0.0,1.0,1.0,1.0,1.0,1.0,,0.0,1.0,1.0,1.0,1.0,1.0,1.0,1.0,0.0,0.0,0.0,1.0,0.0,,0.0,0.0,,0.0,0.0,1.0,0.0,,0.0,0.0,0.0,0.0,1.0,0.0,0.0,0.0,1.0,1.0,0.0,,1.0,0.0,,1.0,1.0,,,,,1.0,1.0,1.0,1.0,0.0,0.0,,0.0,,1.0,,,1.0,,,,,,0.0,1.0,1.0,0.0,0.0,0.0,1.0,1.0,1.0,1.0,0.0,0.0,1.0,0.0,1.0,0.0,1.0,1.0,1.0,1.0,1.0,1.0,1.0,1.0,1.0,1.0,0.0,1.0,0.0,0.0,0.0,0.0,1.0,0.0,0.0,1.0,0.0,1.0,1.0,1.0,1.0,0.0,0.0,0.0,0.0,1.0,1.0,1.0,0.0,0.0,0.0,1.0,1.0,,0.0,1.0,0.0,1.0,,,0.0,,0.0,,1.0,,0.0,,,1.0,1.0,1.0,,,1.0,0.0,1.0,0.0,1.0,1.0,0.0,1.0,1.0,1.0,1.0,1.0,1.0,1.0,1.0,0.0,0.0,0.0,0.0,1.0,0.0,0.0,0.0,0.0,0.0,1.0,1.0,0.0,1.0,1.0,0.0,0.0,0.0,0.0,1.0,1.0,0.0,1.0,0.0,0.0,,0.0,1.0,0.0,0.0,0.0,1.0,0.0,0.0,1.0,1.0,0.0,1.0,1.0,,0.0,,1.0,0.0,,0.0,0.0,0.0,0.0,0.0,0.0,0.0,,0.0,0.0,0.0,0.0,1.0,1.0,0.0,,0.0,1.0,1.0,1.0,,0.0,0.0,,0.0,1.0,0.0,0.0,0.0,1.0,,1.0,1.0,,,,,,0.0,0.0,0.0,0.0,1.0,0.0,0.0,0.0,,0.0,0.0,1.0,0.0,1.0,1.0,,,1.0,,1.0,1.0,0.0,0.0,0.0,0.0,0.0,,0.0,0.0,1.0,1.0,0.0,1.0,0.0,,,,1.0,,,,,,0.0,1.0,,,,,0.0,1.0,1.0,1.0,0.0,,,0.0,1.0,1.0,0.0,1.0,0.0,,0.0,1.0,0.0,0.0,,,1.0,0.0,,,,1.0,,1.0,1.0,0.0,0.0,1.0,0.0,,,,,,1.0,,0.0
Luiz Philippe de Orleans e Bragança,0.0,,0.0,0.0,0.0,1.0,0.0,1.0,0.0,0.0,,1.0,,,0.0,0.0,1.0,1.0,0.0,,,1.0,1.0,0.0,0.0,,,,,1.0,0.0,1.0,0.0,0.0,0.0,0.0,,0.0,,0.0,0.0,0.0,0.0,,0.0,1.0,1.0,1.0,0.0,,0.0,0.0,1.0,0.0,0.0,1.0,1.0,,,0.0,,,1.0,0.0,0.0,1.0,,0.0,0.0,1.0,0.0,0.0,0.0,1.0,0.0,1.0,1.0,0.0,1.0,0.0,1.0,1.0,1.0,0.0,0.0,,0.0,0.0,1.0,,1.0,1.0,1.0,0.0,0.0,0.0,0.0,0.0,,1.0,1.0,0.0,1.0,0.0,0.0,0.0,0.0,1.0,0.0,0.0,0.0,1.0,1.0,1.0,1.0,1.0,0.0,0.0,0.0,0.0,1.0,0.0,0.0,0.0,0.0,1.0,,0.0,,,1.0,0.0,0.0,0.0,0.0,1.0,1.0,1.0,0.0,0.0,0.0,0.0,,0.0,,,0.0,,1.0,0.0,0.0,1.0,1.0,0.0,0.0,0.0,1.0,,1.0,1.0,0.0,0.0,1.0,,1.0,0.0,0.0,0.0,1.0,,,1.0,0.0,1.0,0.0,0.0,1.0,1.0,1.0,1.0,1.0,1.0,1.0,1.0,1.0,1.0,1.0,1.0,1.0,1.0,0.0,1.0,0.0,1.0,,0.0,0.0,0.0,1.0,0.0,0.0,,0.0,,,0.0,,,1.0,0.0,0.0,0.0,1.0,0.0,0.0,,,0.0,0.0,1.0,1.0,1.0,1.0,0.0,1.0,1.0,1.0,1.0,1.0,0.0,0.0,0.0,0.0,1.0,1.0,1.0,,1.0,0.0,0.0,1.0,,0.0,0.0,1.0,1.0,0.0,0.0,0.0,0.0,1.0,1.0,1.0,0.0,,0.0,0.0,0.0,1.0,1.0,1.0,1.0,0.0,0.0,1.0,1.0,1.0,0.0,1.0,0.0,1.0,1.0,0.0,0.0,0.0,1.0,0.0,0.0,1.0,0.0,1.0,1.0,1.0,1.0,0.0,0.0,0.0,0.0,1.0,1.0,1.0,0.0,0.0,0.0,1.0,1.0,1.0,0.0,,0.0,1.0,0.0,0.0,0.0,0.0,,,1.0,1.0,,0.0,,1.0,1.0,1.0,1.0,,1.0,0.0,1.0,0.0,1.0,1.0,0.0,1.0,1.0,1.0,1.0,1.0,0.0,0.0,1.0,0.0,0.0,0.0,0.0,1.0,0.0,0.0,0.0,0.0,0.0,0.0,1.0,0.0,1.0,1.0,0.0,0.0,,0.0,1.0,,0.0,,0.0,0.0,1.0,0.0,1.0,0.0,,,1.0,0.0,0.0,0.0,1.0,0.0,1.0,1.0,0.0,0.0,,1.0,0.0,1.0,1.0,0.0,0.0,0.0,0.0,,0.0,0.0,0.0,0.0,0.0,0.0,1.0,1.0,0.0,1.0,0.0,1.0,1.0,1.0,0.0,0.0,0.0,0.0,0.0,1.0,0.0,,,,,,1.0,1.0,1.0,1.0,0.0,0.0,0.0,0.0,0.0,0.0,1.0,0.0,,,,0.0,,,,,1.0,0.0,0.0,1.0,0.0,1.0,,0.0,0.0,0.0,,0.0,0.0,,0.0,1.0,1.0,0.0,1.0,0.0,1.0,0.0,0.0,0.0,0.0,1.0,1.0,1.0,,0.0,1.0,0.0,1.0,0.0,0.0,0.0,1.0,1.0,1.0,,0.0,1.0,0.0,0.0,1.0,0.0,0.0,0.0,,0.0,1.0,,0.0,0.0,1.0,1.0,0.0,1.0,0.0,1.0,1.0,1.0,1.0,0.0,0.0,0.0,1.0,0.0,0.0,0.0,,0.0,0.0,1.0,0.0,
Luiza Erundina,1.0,1.0,1.0,1.0,1.0,1.0,1.0,1.0,1.0,,1.0,,1.0,0.0,1.0,1.0,1.0,0.0,1.0,1.0,1.0,,,1.0,,1.0,1.0,0.0,1.0,0.0,,,,,,,,,,,,1.0,0.0,0.0,,0.0,0.0,0.0,,,,,0.0,0.0,1.0,0.0,0.0,0.0,,1.0,,,,,,,,1.0,0.0,0.0,,,,,,,,,,1.0,,0.0,0.0,0.0,,,1.0,1.0,1.0,0.0,0.0,0.0,0.0,0.0,1.0,1.0,,,,0.0,0.0,1.0,0.0,1.0,1.0,1.0,1.0,0.0,1.0,1.0,1.0,0.0,0.0,1.0,0.0,0.0,1.0,0.0,1.0,1.0,0.0,1.0,1.0,0.0,1.0,0.0,1.0,1.0,1.0,1.0,0.0,1.0,1.0,0.0,0.0,0.0,0.0,0.0,,0.0,0.0,,1.0,1.0,0.0,1.0,0.0,0.0,0.0,,,,,,,,0.0,,0.0,,,,,,,,1.0,1.0,1.0,1.0,1.0,0.0,1.0,,,,0.0,,0.0,0.0,0.0,1.0,0.0,0.0,0.0,0.0,0.0,,0.0,0.0,1.0,1.0,1.0,0.0,1.0,0.0,1.0,1.0,,0.0,1.0,1.0,1.0,,1.0,1.0,1.0,1.0,0.0,1.0,1.0,1.0,0.0,1.0,1.0,1.0,0.0,0.0,0.0,0.0,0.0,0.0,0.0,1.0,0.0,0.0,0.0,0.0,0.0,1.0,1.0,1.0,1.0,0.0,,0.0,1.0,0.0,1.0,1.0,0.0,1.0,1.0,1.0,0.0,0.0,1.0,1.0,1.0,1.0,1.0,,0.0,0.0,1.0,0.0,1.0,1.0,,1.0,0.0,1.0,0.0,0.0,1.0,0.0,0.0,1.0,0.0,1.0,0.0,1.0,1.0,0.0,1.0,0.0,1.0,1.0,0.0,,0.0,0.0,,0.0,,,,,,,0.0,,1.0,1.0,0.0,0.0,0.0,0.0,0.0,1.0,0.0,1.0,1.0,1.0,1.0,1.0,1.0,0.0,0.0,1.0,1.0,1.0,0.0,0.0,1.0,0.0,1.0,1.0,1.0,0.0,1.0,0.0,0.0,1.0,1.0,0.0,0.0,1.0,1.0,0.0,0.0,0.0,1.0,1.0,1.0,1.0,0.0,0.0,1.0,1.0,1.0,1.0,1.0,0.0,0.0,0.0,0.0,1.0,1.0,0.0,1.0,1.0,0.0,1.0,0.0,1.0,,0.0,1.0,0.0,1.0,0.0,0.0,0.0,1.0,,0.0,0.0,1.0,0.0,0.0,,0.0,1.0,0.0,0.0,1.0,1.0,1.0,0.0,1.0,1.0,1.0,0.0,0.0,0.0,1.0,1.0,1.0,1.0,1.0,1.0,1.0,1.0,1.0,0.0,,,,,,,1.0,1.0,,1.0,0.0,1.0,0.0,0.0,0.0,0.0,,,,,,1.0,1.0,0.0,,,,,,,,,0.0,0.0,0.0,1.0,0.0,1.0,0.0,0.0,1.0,,,,,,,,,,,,1.0,0.0,0.0,1.0,1.0,1.0,0.0,0.0,0.0,0.0,1.0,0.0,,1.0,1.0,1.0,1.0,0.0,0.0,0.0,1.0,1.0,0.0,1.0,1.0,0.0,1.0,1.0,1.0,1.0,1.0,0.0,1.0,1.0,1.0,0.0,1.0,1.0,0.0,1.0,0.0,0.0,0.0,0.0,1.0,1.0,1.0,0.0,1.0,0.0,0.0,0.0,0.0,0.0,1.0,0.0,1.0
Luizianne Lins,1.0,,1.0,1.0,1.0,1.0,1.0,,,,1.0,1.0,1.0,0.0,1.0,1.0,1.0,0.0,1.0,,1.0,,1.0,1.0,,,,,,0.0,,,,,,,,,1.0,1.0,,,,,,1.0,0.0,1.0,1.0,0.0,0.0,1.0,0.0,,1.0,0.0,0.0,1.0,,1.0,1.0,1.0,,,,0.0,0.0,1.0,,1.0,,,,,,,,,,1.0,,,1.0,0.0,,,1.0,1.0,1.0,1.0,1.0,1.0,0.0,1.0,1.0,1.0,1.0,1.0,,,,,,1.0,1.0,1.0,0.0,0.0,1.0,1.0,1.0,0.0,0.0,,,,,,,,,,,,1.0,0.0,0.0,,,,0.0,1.0,1.0,1.0,1.0,0.0,0.0,0.0,1.0,0.0,,0.0,,,,,,,,,,,,,,,,,,,,,,,,,,,1.0,1.0,1.0,0.0,1.0,,,,0.0,,0.0,0.0,0.0,0.0,0.0,0.0,0.0,0.0,0.0,0.0,0.0,0.0,,0.0,1.0,0.0,,,1.0,1.0,1.0,,0.0,1.0,,,,1.0,1.0,1.0,0.0,1.0,1.0,1.0,0.0,1.0,1.0,,,1.0,1.0,0.0,0.0,0.0,0.0,,0.0,0.0,0.0,0.0,0.0,1.0,1.0,,1.0,0.0,0.0,0.0,1.0,0.0,1.0,1.0,0.0,1.0,1.0,,,0.0,1.0,1.0,1.0,1.0,,1.0,0.0,1.0,1.0,0.0,1.0,1.0,0.0,1.0,0.0,1.0,0.0,0.0,0.0,0.0,1.0,1.0,0.0,1.0,,1.0,1.0,1.0,1.0,0.0,,1.0,0.0,1.0,0.0,0.0,0.0,0.0,1.0,,,,0.0,0.0,0.0,1.0,,1.0,0.0,0.0,0.0,,,1.0,0.0,1.0,1.0,1.0,1.0,,,0.0,0.0,1.0,1.0,0.0,0.0,,0.0,0.0,,1.0,1.0,,1.0,,,,1.0,0.0,,,,0.0,0.0,0.0,1.0,1.0,,,,1.0,0.0,0.0,1.0,1.0,1.0,0.0,0.0,0.0,0.0,1.0,1.0,,1.0,1.0,,1.0,,1.0,0.0,,1.0,,1.0,0.0,,0.0,1.0,0.0,,,1.0,0.0,,,0.0,1.0,0.0,1.0,,1.0,1.0,0.0,0.0,,,1.0,1.0,0.0,1.0,,1.0,1.0,1.0,1.0,,0.0,0.0,,,,,,,,1.0,1.0,,1.0,0.0,1.0,0.0,0.0,,0.0,0.0,,,,1.0,1.0,,0.0,,,,,,,,,0.0,0.0,,1.0,0.0,1.0,0.0,0.0,1.0,,,,,,,,,,,,1.0,0.0,0.0,1.0,1.0,1.0,0.0,0.0,0.0,0.0,1.0,1.0,1.0,1.0,0.0,,0.0,0.0,0.0,0.0,1.0,1.0,0.0,1.0,1.0,0.0,0.0,1.0,,,,1.0,,,,,1.0,0.0,,,,0.0,0.0,0.0,,,,0.0,1.0,,,,,,,,1.0
Luizão Goulart,,,1.0,0.0,1.0,1.0,1.0,1.0,1.0,1.0,,1.0,1.0,0.0,1.0,1.0,,0.0,1.0,1.0,1.0,0.0,0.0,,0.0,1.0,0.0,0.0,1.0,1.0,0.0,0.0,0.0,0.0,0.0,0.0,1.0,0.0,0.0,1.0,0.0,1.0,0.0,1.0,1.0,,,1.0,1.0,0.0,,,0.0,,1.0,0.0,0.0,1.0,,1.0,1.0,1.0,0.0,0.0,0.0,1.0,1.0,1.0,0.0,0.0,0.0,0.0,0.0,1.0,,1.0,1.0,0.0,1.0,1.0,1.0,1.0,1.0,0.0,1.0,,,1.0,1.0,1.0,1.0,1.0,1.0,0.0,1.0,1.0,1.0,1.0,,,,0.0,1.0,,1.0,1.0,0.0,,1.0,1.0,1.0,0.0,0.0,1.0,,1.0,,0.0,0.0,,1.0,0.0,0.0,0.0,0.0,1.0,0.0,0.0,0.0,,1.0,,0.0,1.0,0.0,1.0,1.0,1.0,1.0,,0.0,0.0,1.0,0.0,0.0,,0.0,1.0,1.0,0.0,0.0,1.0,1.0,0.0,0.0,,1.0,0.0,1.0,1.0,0.0,0.0,1.0,,1.0,0.0,0.0,,1.0,,1.0,0.0,0.0,1.0,0.0,0.0,1.0,1.0,1.0,1.0,1.0,0.0,0.0,0.0,1.0,1.0,1.0,1.0,1.0,1.0,,0.0,0.0,0.0,,0.0,0.0,0.0,1.0,1.0,0.0,,0.0,,0.0,0.0,0.0,0.0,1.0,0.0,0.0,0.0,1.0,1.0,0.0,0.0,1.0,0.0,0.0,1.0,1.0,1.0,1.0,0.0,1.0,1.0,1.0,1.0,1.0,0.0,0.0,0.0,0.0,1.0,1.0,1.0,,1.0,0.0,0.0,1.0,0.0,0.0,1.0,1.0,,0.0,0.0,0.0,1.0,1.0,1.0,1.0,0.0,0.0,1.0,0.0,1.0,0.0,1.0,1.0,1.0,1.0,,1.0,1.0,1.0,1.0,1.0,0.0,1.0,0.0,,0.0,0.0,1.0,0.0,0.0,1.0,0.0,1.0,1.0,1.0,1.0,0.0,0.0,0.0,0.0,1.0,,1.0,,,0.0,1.0,1.0,1.0,0.0,1.0,0.0,1.0,0.0,1.0,0.0,,0.0,0.0,1.0,0.0,0.0,0.0,0.0,1.0,1.0,1.0,1.0,0.0,1.0,0.0,1.0,,1.0,1.0,0.0,1.0,1.0,1.0,1.0,1.0,1.0,1.0,1.0,0.0,0.0,0.0,0.0,1.0,0.0,0.0,0.0,0.0,0.0,1.0,1.0,0.0,1.0,1.0,1.0,1.0,0.0,0.0,1.0,1.0,1.0,,0.0,0.0,1.0,0.0,0.0,0.0,0.0,,1.0,0.0,,1.0,1.0,0.0,1.0,1.0,0.0,0.0,,1.0,0.0,,0.0,0.0,1.0,0.0,0.0,,0.0,0.0,0.0,1.0,,0.0,1.0,1.0,1.0,,0.0,1.0,1.0,1.0,0.0,,0.0,0.0,,1.0,0.0,,0.0,1.0,0.0,1.0,1.0,1.0,1.0,1.0,0.0,1.0,,0.0,0.0,0.0,1.0,,,,0.0,0.0,0.0,1.0,0.0,1.0,1.0,0.0,0.0,1.0,,1.0,1.0,0.0,0.0,0.0,,0.0,0.0,,,1.0,1.0,0.0,1.0,0.0,0.0,0.0,1.0,1.0,1.0,0.0,1.0,1.0,0.0,0.0,1.0,,0.0,0.0,,0.0,1.0,,1.0,0.0,0.0,0.0,0.0,1.0,1.0,0.0,1.0,1.0,0.0,0.0,1.0,0.0,0.0,0.0,1.0,1.0,0.0,1.0,0.0,0.0,1.0,1.0,,1.0,,,1.0,0.0,,,,,,,,0.0
Lázaro Botelho,0.0,0.0,,,,,,,,,0.0,,,,,,,,,,,,,,,,,,,,,,,,,,,,,,,,,,,1.0,0.0,1.0,,,,,,,,,,,,,,,,,,,,,,,,,,,,,,,,,,,,,,,,,,,,,,,,,,,,,,,,,,,,,,,,,,,,,,,,,,,,,,,,,,,,,,,,,,,,,,,,,,,,,,,,,,,,,,,,,,,,,,,,,,,,,,,,,,,,,,,,,,,,,,,,,,,,,,,,,,,,,,,,,,,,,,,,,,,,,,,,,,,,,,,,,,,,,,,,,,,,,,,,,,,,,,,,,,,,,,,,,,,,,,,,,,,,,,,,,,,,,,,,,,,,,,,,,,,,,,,,,,,,,,,,,,,,,,,,,,,,,,,,,,,,,,,,,,,,,,,,,,,,,,,,,,,,,,,,,,,,,,,,,,,,,,,,,,,,,,,,,,,,,,,,,,,,,,,,,,,,,,,,,,,,,,,,,,,,,,,,,,,,,,,,,,,,,,,,,,,,,,,,,,,,,,,,,,,,,,,,,,,,,,,,,,,,,,,,,,,,,,,,,,,,,,,,,,,,,,,,,
Léo Moraes,1.0,1.0,1.0,1.0,1.0,1.0,1.0,1.0,1.0,1.0,0.0,1.0,,0.0,1.0,1.0,0.0,1.0,1.0,1.0,0.0,0.0,0.0,0.0,,1.0,1.0,0.0,1.0,1.0,0.0,1.0,0.0,,,,1.0,1.0,0.0,1.0,0.0,0.0,0.0,1.0,0.0,1.0,0.0,1.0,1.0,0.0,0.0,1.0,0.0,0.0,1.0,0.0,0.0,1.0,,,1.0,1.0,1.0,0.0,0.0,1.0,,0.0,,,0.0,0.0,0.0,1.0,,1.0,1.0,1.0,1.0,1.0,1.0,1.0,1.0,0.0,1.0,,1.0,1.0,1.0,1.0,1.0,0.0,1.0,1.0,0.0,1.0,1.0,1.0,,0.0,,0.0,1.0,1.0,1.0,1.0,0.0,0.0,0.0,1.0,1.0,1.0,0.0,1.0,1.0,1.0,0.0,0.0,0.0,0.0,,0.0,0.0,0.0,0.0,1.0,0.0,0.0,0.0,0.0,1.0,0.0,1.0,1.0,0.0,1.0,1.0,1.0,0.0,0.0,0.0,1.0,1.0,0.0,0.0,1.0,1.0,1.0,1.0,0.0,0.0,1.0,1.0,0.0,0.0,,1.0,0.0,1.0,1.0,0.0,0.0,1.0,0.0,1.0,0.0,0.0,0.0,1.0,1.0,1.0,1.0,0.0,1.0,0.0,0.0,1.0,1.0,1.0,1.0,1.0,1.0,1.0,1.0,1.0,1.0,1.0,1.0,1.0,1.0,0.0,0.0,1.0,0.0,0.0,0.0,0.0,0.0,,,0.0,1.0,0.0,,0.0,0.0,0.0,0.0,1.0,0.0,0.0,0.0,1.0,0.0,0.0,0.0,1.0,0.0,0.0,1.0,0.0,1.0,1.0,0.0,1.0,1.0,1.0,1.0,1.0,0.0,0.0,0.0,0.0,1.0,1.0,1.0,0.0,1.0,0.0,0.0,1.0,0.0,0.0,0.0,0.0,1.0,0.0,0.0,1.0,1.0,1.0,,0.0,1.0,0.0,1.0,0.0,1.0,0.0,1.0,1.0,1.0,1.0,1.0,1.0,0.0,1.0,0.0,1.0,1.0,1.0,1.0,0.0,0.0,0.0,1.0,0.0,0.0,1.0,0.0,1.0,1.0,1.0,1.0,0.0,0.0,0.0,0.0,1.0,1.0,1.0,0.0,0.0,0.0,1.0,1.0,0.0,0.0,1.0,0.0,0.0,1.0,0.0,1.0,1.0,0.0,0.0,1.0,0.0,0.0,0.0,0.0,,0.0,0.0,0.0,0.0,1.0,0.0,1.0,0.0,1.0,1.0,1.0,1.0,1.0,0.0,1.0,1.0,0.0,0.0,1.0,0.0,,0.0,0.0,0.0,0.0,0.0,0.0,0.0,0.0,1.0,1.0,1.0,1.0,0.0,1.0,1.0,0.0,0.0,,1.0,1.0,1.0,0.0,0.0,1.0,0.0,,1.0,0.0,0.0,1.0,0.0,0.0,0.0,0.0,0.0,1.0,1.0,0.0,0.0,1.0,1.0,0.0,1.0,1.0,1.0,1.0,0.0,1.0,0.0,0.0,0.0,0.0,1.0,1.0,1.0,1.0,1.0,1.0,,1.0,0.0,1.0,1.0,0.0,0.0,0.0,0.0,0.0,1.0,,0.0,0.0,1.0,0.0,1.0,1.0,1.0,,,0.0,0.0,0.0,0.0,,,1.0,,0.0,0.0,0.0,0.0,0.0,1.0,0.0,1.0,1.0,0.0,0.0,1.0,0.0,1.0,,0.0,0.0,0.0,0.0,0.0,0.0,0.0,0.0,1.0,1.0,0.0,1.0,1.0,0.0,0.0,1.0,1.0,1.0,0.0,1.0,0.0,0.0,0.0,1.0,0.0,0.0,0.0,0.0,0.0,1.0,1.0,1.0,0.0,0.0,0.0,0.0,0.0,0.0,0.0,,1.0,0.0,0.0,1.0,0.0,,0.0,1.0,,0.0,1.0,1.0,0.0,1.0,1.0,1.0,1.0,0.0,0.0,1.0,0.0,0.0,0.0,,0.0,0.0,1.0,0.0,
Léo Motta,0.0,0.0,1.0,0.0,1.0,1.0,,1.0,0.0,,,1.0,1.0,0.0,,1.0,,,,,,0.0,,,0.0,,0.0,0.0,1.0,,0.0,1.0,0.0,,0.0,0.0,1.0,1.0,0.0,0.0,0.0,0.0,0.0,1.0,,1.0,0.0,1.0,,,,,,0.0,,,,1.0,,,1.0,1.0,1.0,0.0,0.0,,0.0,0.0,0.0,,0.0,0.0,0.0,1.0,,1.0,,,,,1.0,1.0,1.0,0.0,0.0,,,,1.0,1.0,,1.0,,,0.0,,,,,,,0.0,1.0,,,,,,,,,,,1.0,1.0,1.0,0.0,0.0,0.0,0.0,1.0,0.0,0.0,0.0,0.0,1.0,1.0,,0.0,0.0,,0.0,0.0,0.0,0.0,1.0,1.0,1.0,0.0,0.0,0.0,0.0,1.0,,0.0,,,1.0,1.0,,,,,,,,,0.0,1.0,1.0,0.0,0.0,1.0,0.0,,0.0,0.0,,1.0,,,0.0,0.0,1.0,0.0,0.0,1.0,1.0,1.0,1.0,,,1.0,1.0,1.0,1.0,1.0,1.0,1.0,1.0,0.0,1.0,0.0,,,0.0,,0.0,,,0.0,1.0,0.0,,,,,,,,,,1.0,1.0,0.0,0.0,,,,1.0,1.0,1.0,1.0,0.0,1.0,1.0,1.0,1.0,1.0,0.0,0.0,0.0,0.0,1.0,1.0,1.0,0.0,1.0,0.0,0.0,1.0,0.0,0.0,0.0,1.0,1.0,0.0,0.0,0.0,1.0,1.0,1.0,1.0,,0.0,0.0,0.0,1.0,,1.0,1.0,1.0,1.0,1.0,1.0,1.0,1.0,,1.0,0.0,0.0,0.0,0.0,0.0,0.0,1.0,,0.0,1.0,0.0,1.0,1.0,,1.0,0.0,0.0,0.0,0.0,1.0,1.0,1.0,0.0,,,1.0,1.0,,0.0,1.0,0.0,1.0,0.0,0.0,0.0,1.0,0.0,,1.0,,0.0,,0.0,1.0,,1.0,1.0,0.0,1.0,,1.0,0.0,1.0,1.0,0.0,1.0,1.0,1.0,1.0,1.0,1.0,1.0,1.0,0.0,0.0,0.0,,1.0,0.0,,0.0,0.0,1.0,,1.0,1.0,1.0,1.0,0.0,1.0,,0.0,1.0,1.0,1.0,1.0,0.0,0.0,1.0,0.0,1.0,0.0,0.0,,1.0,0.0,0.0,1.0,1.0,0.0,1.0,1.0,0.0,0.0,1.0,1.0,0.0,1.0,0.0,,0.0,0.0,0.0,0.0,0.0,0.0,0.0,1.0,0.0,0.0,1.0,1.0,1.0,1.0,0.0,1.0,1.0,,,,0.0,0.0,0.0,1.0,0.0,,0.0,,0.0,,,,,,0.0,,,,,,,0.0,0.0,0.0,0.0,0.0,0.0,,0.0,,,,1.0,1.0,0.0,1.0,1.0,0.0,0.0,0.0,0.0,0.0,0.0,1.0,0.0,1.0,1.0,0.0,1.0,0.0,1.0,0.0,0.0,,,1.0,1.0,1.0,1.0,0.0,,0.0,0.0,0.0,0.0,0.0,1.0,1.0,1.0,0.0,0.0,0.0,,0.0,1.0,0.0,,,,0.0,,0.0,0.0,0.0,,,0.0,1.0,,,1.0,,,1.0,,,,0.0,,,,,0.0,1.0,,0.0
Lídice da Mata,,,1.0,1.0,1.0,1.0,1.0,,1.0,1.0,1.0,1.0,,0.0,,,1.0,,,,,,0.0,1.0,,1.0,,,,,1.0,0.0,,,0.0,0.0,0.0,1.0,,,1.0,1.0,0.0,0.0,,1.0,0.0,0.0,1.0,0.0,0.0,1.0,0.0,1.0,1.0,0.0,0.0,1.0,,1.0,1.0,1.0,,,0.0,0.0,0.0,1.0,0.0,,0.0,,0.0,1.0,0.0,1.0,1.0,0.0,,1.0,1.0,1.0,1.0,0.0,1.0,,1.0,1.0,1.0,1.0,,1.0,,1.0,1.0,1.0,1.0,1.0,,0.0,0.0,1.0,0.0,1.0,1.0,1.0,0.0,0.0,1.0,1.0,1.0,0.0,0.0,1.0,0.0,0.0,1.0,0.0,0.0,0.0,1.0,,1.0,0.0,,0.0,0.0,1.0,1.0,1.0,0.0,1.0,1.0,1.0,1.0,0.0,0.0,0.0,1.0,0.0,0.0,0.0,1.0,1.0,0.0,1.0,0.0,1.0,0.0,,,,,,,,1.0,,0.0,0.0,,0.0,,0.0,,0.0,,0.0,1.0,,1.0,0.0,,,,,,0.0,0.0,0.0,0.0,0.0,0.0,0.0,0.0,0.0,0.0,0.0,0.0,0.0,1.0,0.0,1.0,1.0,0.0,0.0,1.0,1.0,1.0,1.0,,,,,1.0,1.0,,,0.0,1.0,1.0,1.0,0.0,1.0,1.0,0.0,1.0,1.0,1.0,0.0,,0.0,0.0,1.0,0.0,0.0,0.0,0.0,0.0,,1.0,,1.0,0.0,1.0,0.0,1.0,0.0,1.0,1.0,0.0,1.0,1.0,1.0,1.0,0.0,1.0,1.0,1.0,,1.0,,0.0,1.0,1.0,0.0,1.0,,0.0,1.0,,1.0,1.0,1.0,0.0,0.0,1.0,0.0,1.0,1.0,0.0,1.0,1.0,1.0,1.0,0.0,0.0,1.0,0.0,1.0,0.0,0.0,0.0,0.0,0.0,1.0,1.0,1.0,1.0,1.0,,0.0,0.0,,1.0,0.0,0.0,1.0,0.0,1.0,0.0,0.0,0.0,1.0,1.0,,,1.0,0.0,1.0,1.0,0.0,,0.0,0.0,0.0,1.0,1.0,1.0,0.0,1.0,1.0,1.0,1.0,1.0,0.0,0.0,1.0,1.0,1.0,1.0,0.0,0.0,0.0,1.0,1.0,,1.0,0.0,1.0,1.0,1.0,1.0,1.0,0.0,0.0,0.0,1.0,1.0,0.0,1.0,1.0,,,0.0,1.0,0.0,,1.0,0.0,1.0,1.0,,1.0,1.0,0.0,0.0,1.0,1.0,0.0,0.0,,,,0.0,1.0,0.0,1.0,,0.0,0.0,1.0,1.0,1.0,1.0,0.0,1.0,1.0,,1.0,1.0,1.0,1.0,0.0,0.0,0.0,,,,,,,1.0,1.0,,1.0,0.0,1.0,0.0,,0.0,0.0,0.0,,,,1.0,1.0,,0.0,,,,,,,,,0.0,,,1.0,0.0,1.0,0.0,,,,,,,,,,,,,,,0.0,0.0,1.0,1.0,1.0,0.0,0.0,,0.0,1.0,1.0,,1.0,,1.0,,0.0,,0.0,1.0,1.0,0.0,1.0,1.0,0.0,1.0,1.0,1.0,1.0,1.0,0.0,,,1.0,0.0,1.0,,1.0,1.0,0.0,1.0,0.0,0.0,1.0,1.0,1.0,0.0,,0.0,0.0,,0.0,,1.0,0.0,1.0
Magda Mofatto,0.0,0.0,,1.0,,1.0,1.0,1.0,0.0,1.0,,1.0,,1.0,0.0,1.0,0.0,1.0,0.0,1.0,1.0,,1.0,1.0,0.0,1.0,,1.0,,0.0,,1.0,0.0,0.0,0.0,0.0,,1.0,0.0,0.0,0.0,,0.0,,,1.0,0.0,1.0,1.0,,,0.0,0.0,,,0.0,0.0,1.0,,1.0,1.0,1.0,1.0,0.0,,1.0,1.0,0.0,,0.0,,,0.0,1.0,0.0,1.0,1.0,0.0,1.0,1.0,,1.0,1.0,0.0,0.0,,1.0,1.0,1.0,1.0,1.0,1.0,1.0,0.0,0.0,1.0,1.0,1.0,,,,0.0,,0.0,0.0,0.0,0.0,1.0,0.0,0.0,0.0,1.0,1.0,1.0,1.0,,0.0,0.0,0.0,,1.0,0.0,0.0,0.0,0.0,1.0,1.0,0.0,,,1.0,0.0,0.0,0.0,,1.0,,1.0,1.0,,0.0,0.0,1.0,0.0,1.0,1.0,0.0,1.0,1.0,,,1.0,,0.0,0.0,0.0,1.0,,,,0.0,0.0,1.0,0.0,1.0,0.0,0.0,,1.0,1.0,1.0,0.0,0.0,1.0,,0.0,1.0,1.0,1.0,1.0,1.0,1.0,1.0,1.0,1.0,1.0,1.0,1.0,1.0,1.0,0.0,1.0,0.0,,,,0.0,0.0,1.0,1.0,0.0,,0.0,,0.0,0.0,0.0,0.0,,0.0,0.0,0.0,1.0,1.0,0.0,,0.0,0.0,0.0,1.0,1.0,1.0,1.0,0.0,,1.0,,1.0,1.0,0.0,,0.0,0.0,1.0,1.0,1.0,0.0,1.0,0.0,0.0,1.0,0.0,0.0,0.0,1.0,1.0,0.0,0.0,,1.0,1.0,1.0,1.0,0.0,0.0,,0.0,1.0,,1.0,1.0,,1.0,1.0,1.0,1.0,1.0,1.0,1.0,0.0,,0.0,0.0,,,1.0,1.0,0.0,1.0,0.0,1.0,1.0,1.0,1.0,0.0,0.0,0.0,0.0,1.0,1.0,1.0,0.0,0.0,0.0,1.0,1.0,1.0,,1.0,0.0,1.0,0.0,1.0,0.0,1.0,0.0,0.0,1.0,,0.0,0.0,0.0,1.0,1.0,1.0,1.0,0.0,1.0,,,0.0,1.0,1.0,0.0,1.0,1.0,1.0,1.0,1.0,,1.0,,0.0,,0.0,0.0,1.0,,0.0,0.0,,0.0,1.0,1.0,1.0,1.0,1.0,0.0,0.0,,0.0,1.0,,1.0,1.0,0.0,,,0.0,,0.0,,,1.0,0.0,0.0,0.0,1.0,0.0,1.0,1.0,0.0,0.0,,1.0,0.0,1.0,0.0,0.0,0.0,0.0,,0.0,0.0,0.0,0.0,1.0,0.0,1.0,1.0,1.0,1.0,,0.0,1.0,1.0,1.0,0.0,0.0,0.0,,0.0,1.0,,0.0,0.0,1.0,0.0,1.0,1.0,1.0,1.0,1.0,0.0,1.0,0.0,,0.0,,1.0,,0.0,0.0,0.0,0.0,0.0,,0.0,1.0,1.0,0.0,0.0,1.0,0.0,1.0,0.0,0.0,0.0,0.0,0.0,0.0,0.0,0.0,,1.0,1.0,0.0,1.0,0.0,1.0,0.0,0.0,1.0,0.0,1.0,1.0,1.0,1.0,0.0,1.0,0.0,0.0,0.0,0.0,0.0,1.0,,1.0,,0.0,0.0,0.0,0.0,1.0,0.0,,,0.0,0.0,1.0,0.0,0.0,0.0,1.0,1.0,0.0,1.0,,,1.0,,1.0,,,0.0,,0.0,,,,,,,,0.0
Major Fabiana,0.0,0.0,1.0,0.0,,1.0,0.0,,,1.0,0.0,,0.0,0.0,0.0,1.0,0.0,1.0,0.0,0.0,1.0,0.0,,0.0,,,,,,,0.0,1.0,0.0,,0.0,0.0,1.0,0.0,0.0,0.0,0.0,0.0,0.0,1.0,0.0,1.0,0.0,1.0,1.0,0.0,0.0,1.0,1.0,0.0,0.0,1.0,1.0,1.0,,1.0,1.0,1.0,1.0,,0.0,1.0,0.0,,0.0,0.0,0.0,0.0,0.0,1.0,0.0,1.0,,,,1.0,1.0,,1.0,0.0,0.0,,0.0,0.0,1.0,1.0,1.0,1.0,1.0,0.0,0.0,0.0,,,,0.0,0.0,0.0,1.0,0.0,0.0,0.0,0.0,1.0,0.0,0.0,0.0,1.0,1.0,1.0,1.0,1.0,,0.0,0.0,0.0,1.0,0.0,0.0,0.0,0.0,1.0,1.0,0.0,0.0,0.0,1.0,0.0,0.0,0.0,0.0,1.0,1.0,1.0,0.0,0.0,0.0,0.0,1.0,0.0,1.0,1.0,0.0,1.0,1.0,,0.0,1.0,1.0,0.0,,0.0,1.0,,,,0.0,0.0,1.0,0.0,1.0,0.0,0.0,0.0,1.0,1.0,1.0,,0.0,,,0.0,1.0,1.0,1.0,1.0,1.0,1.0,1.0,1.0,1.0,1.0,1.0,1.0,1.0,1.0,0.0,1.0,0.0,1.0,0.0,,,0.0,,,0.0,1.0,0.0,,,0.0,0.0,,,,0.0,,1.0,1.0,0.0,,1.0,0.0,0.0,1.0,1.0,1.0,1.0,0.0,1.0,1.0,1.0,1.0,1.0,,,0.0,0.0,1.0,1.0,1.0,0.0,1.0,0.0,0.0,1.0,,0.0,0.0,1.0,1.0,0.0,0.0,0.0,0.0,1.0,1.0,1.0,0.0,0.0,0.0,0.0,0.0,,1.0,1.0,1.0,1.0,1.0,,1.0,1.0,0.0,1.0,0.0,1.0,0.0,0.0,,0.0,1.0,0.0,0.0,1.0,0.0,1.0,1.0,1.0,1.0,0.0,0.0,0.0,0.0,1.0,1.0,1.0,0.0,0.0,0.0,1.0,1.0,1.0,0.0,1.0,0.0,1.0,0.0,0.0,0.0,1.0,0.0,0.0,1.0,0.0,0.0,0.0,0.0,1.0,,1.0,1.0,0.0,1.0,0.0,1.0,0.0,1.0,1.0,0.0,1.0,1.0,1.0,,1.0,,1.0,1.0,0.0,0.0,0.0,0.0,1.0,0.0,0.0,,,,,1.0,0.0,1.0,1.0,0.0,0.0,0.0,0.0,1.0,1.0,0.0,1.0,0.0,0.0,1.0,0.0,1.0,0.0,0.0,0.0,1.0,0.0,0.0,1.0,1.0,0.0,1.0,,0.0,0.0,1.0,1.0,0.0,1.0,0.0,0.0,0.0,0.0,0.0,0.0,0.0,0.0,0.0,0.0,0.0,,1.0,1.0,0.0,1.0,0.0,1.0,1.0,1.0,0.0,0.0,0.0,0.0,0.0,1.0,0.0,0.0,0.0,1.0,0.0,1.0,1.0,,,,,,,,,0.0,1.0,,0.0,0.0,0.0,0.0,0.0,1.0,0.0,1.0,1.0,0.0,0.0,1.0,,1.0,1.0,0.0,,0.0,0.0,0.0,0.0,0.0,0.0,1.0,1.0,0.0,1.0,0.0,1.0,0.0,0.0,1.0,0.0,1.0,1.0,1.0,1.0,0.0,1.0,0.0,0.0,0.0,0.0,0.0,1.0,,1.0,,0.0,0.0,,,1.0,0.0,1.0,0.0,0.0,0.0,1.0,0.0,0.0,0.0,1.0,1.0,0.0,1.0,0.0,,1.0,1.0,1.0,1.0,0.0,,1.0,0.0,0.0,0.0,0.0,0.0,0.0,1.0,0.0,0.0
Major Vitor Hugo,0.0,0.0,1.0,0.0,1.0,1.0,0.0,1.0,0.0,1.0,,1.0,1.0,0.0,0.0,1.0,0.0,1.0,0.0,1.0,,0.0,0.0,0.0,,,,,,,,1.0,,,,,,,,,,0.0,0.0,,,1.0,0.0,1.0,1.0,0.0,0.0,1.0,1.0,0.0,0.0,1.0,1.0,1.0,,0.0,1.0,,,,,1.0,0.0,0.0,0.0,0.0,,0.0,,1.0,,1.0,1.0,,,,1.0,,1.0,0.0,0.0,,0.0,0.0,1.0,1.0,1.0,1.0,1.0,0.0,0.0,0.0,1.0,1.0,,0.0,0.0,0.0,1.0,0.0,0.0,0.0,0.0,1.0,0.0,0.0,0.0,1.0,1.0,1.0,1.0,1.0,1.0,0.0,0.0,0.0,1.0,0.0,0.0,0.0,,1.0,,,0.0,,1.0,0.0,0.0,,,1.0,1.0,1.0,0.0,,,0.0,1.0,0.0,1.0,1.0,0.0,1.0,1.0,0.0,0.0,1.0,1.0,0.0,,0.0,1.0,0.0,1.0,1.0,0.0,,,,,,0.0,,1.0,,1.0,0.0,0.0,1.0,,0.0,1.0,1.0,1.0,1.0,1.0,1.0,1.0,1.0,1.0,,1.0,1.0,1.0,1.0,0.0,1.0,0.0,1.0,0.0,0.0,0.0,0.0,1.0,0.0,0.0,1.0,0.0,,0.0,0.0,0.0,0.0,1.0,,0.0,0.0,1.0,1.0,,0.0,1.0,0.0,0.0,1.0,1.0,,,,1.0,,,,,0.0,0.0,,,1.0,,,,,,,,0.0,0.0,,,,0.0,0.0,0.0,1.0,1.0,1.0,1.0,0.0,0.0,,0.0,,0.0,1.0,1.0,1.0,1.0,1.0,1.0,1.0,,0.0,1.0,0.0,,,0.0,,,,0.0,,1.0,0.0,1.0,1.0,1.0,1.0,0.0,0.0,,,1.0,1.0,,0.0,0.0,0.0,,1.0,1.0,0.0,1.0,,1.0,0.0,0.0,0.0,1.0,0.0,0.0,1.0,,0.0,0.0,0.0,1.0,1.0,1.0,1.0,,1.0,0.0,1.0,0.0,1.0,1.0,0.0,1.0,1.0,1.0,1.0,1.0,1.0,1.0,1.0,,,0.0,0.0,1.0,0.0,,0.0,0.0,0.0,1.0,1.0,1.0,1.0,1.0,,0.0,0.0,0.0,1.0,1.0,0.0,1.0,0.0,,,,,0.0,,0.0,1.0,0.0,0.0,1.0,1.0,0.0,1.0,1.0,0.0,0.0,1.0,1.0,0.0,1.0,0.0,0.0,1.0,,0.0,0.0,0.0,0.0,,0.0,0.0,0.0,1.0,1.0,0.0,1.0,0.0,1.0,1.0,1.0,0.0,0.0,0.0,0.0,0.0,1.0,0.0,0.0,0.0,1.0,0.0,1.0,1.0,1.0,1.0,1.0,0.0,1.0,0.0,0.0,0.0,0.0,1.0,0.0,0.0,0.0,0.0,0.0,0.0,1.0,0.0,1.0,,0.0,0.0,1.0,0.0,1.0,1.0,0.0,0.0,0.0,0.0,0.0,0.0,0.0,0.0,1.0,1.0,0.0,1.0,0.0,1.0,0.0,0.0,1.0,0.0,1.0,1.0,1.0,1.0,0.0,1.0,0.0,0.0,0.0,0.0,,1.0,,1.0,0.0,,0.0,0.0,0.0,1.0,0.0,1.0,0.0,0.0,0.0,1.0,0.0,0.0,0.0,1.0,1.0,0.0,,0.0,0.0,1.0,1.0,1.0,1.0,,0.0,1.0,0.0,,0.0,0.0,0.0,0.0,1.0,0.0,0.0
Manuel Marcos,,,1.0,0.0,1.0,1.0,1.0,,,,,,,,,,,,,,,,,,0.0,1.0,0.0,0.0,1.0,1.0,0.0,0.0,0.0,0.0,0.0,0.0,1.0,0.0,0.0,0.0,0.0,1.0,0.0,1.0,0.0,,,,,,,,,,,,,,0.0,,,,1.0,,0.0,,,1.0,,,0.0,0.0,0.0,1.0,,1.0,1.0,0.0,1.0,,1.0,,1.0,0.0,,,,,,,,,,,,,,,,,,,,,,,,,,,,,,,,,,,,,,,,,0.0,1.0,1.0,0.0,0.0,0.0,1.0,0.0,0.0,1.0,0.0,1.0,1.0,1.0,1.0,0.0,0.0,0.0,,,,,,,1.0,0.0,0.0,1.0,1.0,0.0,0.0,0.0,1.0,0.0,1.0,1.0,0.0,0.0,1.0,0.0,1.0,0.0,,,1.0,,,0.0,0.0,1.0,0.0,0.0,1.0,1.0,1.0,1.0,1.0,0.0,0.0,1.0,1.0,1.0,1.0,1.0,1.0,,0.0,0.0,0.0,,0.0,0.0,0.0,0.0,1.0,1.0,0.0,1.0,,,0.0,0.0,0.0,0.0,1.0,0.0,0.0,0.0,1.0,1.0,0.0,0.0,1.0,0.0,0.0,1.0,1.0,1.0,1.0,0.0,1.0,1.0,1.0,1.0,1.0,0.0,0.0,0.0,0.0,1.0,1.0,1.0,0.0,1.0,0.0,0.0,1.0,0.0,,0.0,1.0,1.0,0.0,0.0,0.0,1.0,1.0,1.0,1.0,0.0,0.0,1.0,0.0,1.0,,1.0,1.0,1.0,1.0,1.0,1.0,1.0,1.0,1.0,1.0,0.0,1.0,0.0,0.0,0.0,0.0,1.0,0.0,0.0,1.0,0.0,,1.0,1.0,1.0,,,,0.0,1.0,1.0,1.0,1.0,0.0,0.0,1.0,,1.0,,1.0,0.0,1.0,0.0,0.0,0.0,,,,,,,,,,,,,0.0,1.0,0.0,1.0,0.0,1.0,1.0,0.0,1.0,1.0,1.0,1.0,1.0,1.0,1.0,1.0,0.0,,0.0,0.0,1.0,0.0,0.0,0.0,0.0,0.0,1.0,1.0,1.0,1.0,1.0,0.0,0.0,0.0,0.0,1.0,1.0,1.0,,0.0,0.0,,0.0,0.0,,,,,,,,,,,,,0.0,,,,,0.0,0.0,,0.0,0.0,0.0,0.0,0.0,0.0,1.0,0.0,0.0,1.0,1.0,1.0,,0.0,1.0,,,,,,,,,,,,,,,,,,,,,,,,,,,,,,,,,,,,,,,,,,,,,,,,,,,,,,,,,,,,,,,,,,,,,,,,,,,,,,,,,,,,,,,,,,,,,,,,,,,,,1.0,0.0,,,,,,,,
Mara Rocha,,,1.0,1.0,1.0,1.0,1.0,1.0,0.0,1.0,0.0,1.0,,0.0,0.0,1.0,0.0,0.0,1.0,1.0,1.0,0.0,0.0,1.0,0.0,1.0,1.0,0.0,1.0,1.0,0.0,1.0,,,0.0,0.0,1.0,1.0,0.0,,0.0,,0.0,1.0,1.0,1.0,0.0,1.0,1.0,0.0,0.0,1.0,0.0,0.0,1.0,0.0,,1.0,0.0,1.0,1.0,1.0,0.0,0.0,0.0,1.0,1.0,0.0,,,0.0,,0.0,1.0,0.0,1.0,1.0,0.0,1.0,1.0,1.0,1.0,1.0,0.0,0.0,,1.0,1.0,1.0,1.0,,1.0,0.0,1.0,0.0,1.0,1.0,1.0,,0.0,,1.0,1.0,0.0,0.0,0.0,0.0,1.0,0.0,0.0,0.0,1.0,1.0,1.0,0.0,1.0,1.0,0.0,0.0,0.0,1.0,0.0,0.0,0.0,0.0,1.0,1.0,0.0,0.0,0.0,1.0,0.0,0.0,0.0,0.0,1.0,1.0,1.0,1.0,0.0,0.0,0.0,1.0,0.0,0.0,,0.0,1.0,1.0,0.0,0.0,1.0,1.0,0.0,0.0,0.0,1.0,0.0,1.0,1.0,,,,,,0.0,0.0,0.0,1.0,1.0,1.0,0.0,0.0,1.0,0.0,0.0,1.0,1.0,1.0,1.0,1.0,1.0,1.0,1.0,1.0,1.0,0.0,1.0,1.0,1.0,0.0,0.0,0.0,1.0,0.0,0.0,0.0,0.0,1.0,0.0,1.0,1.0,0.0,,0.0,0.0,0.0,1.0,1.0,0.0,1.0,0.0,1.0,1.0,0.0,0.0,1.0,0.0,0.0,0.0,0.0,0.0,1.0,0.0,1.0,1.0,1.0,1.0,1.0,0.0,0.0,0.0,0.0,1.0,1.0,1.0,0.0,1.0,0.0,0.0,1.0,0.0,0.0,0.0,0.0,0.0,1.0,1.0,1.0,,1.0,1.0,1.0,1.0,0.0,0.0,0.0,1.0,0.0,1.0,1.0,1.0,1.0,0.0,1.0,1.0,1.0,0.0,1.0,1.0,1.0,1.0,1.0,0.0,0.0,1.0,0.0,0.0,1.0,0.0,1.0,1.0,1.0,1.0,0.0,0.0,0.0,0.0,1.0,1.0,1.0,1.0,0.0,1.0,1.0,0.0,,1.0,1.0,0.0,0.0,1.0,0.0,1.0,1.0,0.0,,1.0,0.0,0.0,1.0,0.0,1.0,0.0,1.0,1.0,0.0,1.0,0.0,0.0,0.0,1.0,1.0,0.0,1.0,,1.0,1.0,1.0,1.0,1.0,1.0,0.0,0.0,,,1.0,0.0,0.0,0.0,0.0,1.0,1.0,1.0,1.0,1.0,0.0,0.0,1.0,0.0,1.0,1.0,1.0,1.0,1.0,0.0,0.0,1.0,0.0,0.0,1.0,0.0,0.0,1.0,0.0,0.0,1.0,0.0,1.0,1.0,0.0,0.0,0.0,1.0,1.0,0.0,1.0,0.0,0.0,1.0,0.0,1.0,1.0,0.0,1.0,0.0,1.0,0.0,1.0,1.0,1.0,1.0,,0.0,1.0,1.0,1.0,0.0,0.0,0.0,0.0,0.0,1.0,1.0,0.0,0.0,1.0,0.0,0.0,0.0,0.0,0.0,0.0,0.0,1.0,0.0,0.0,0.0,1.0,1.0,0.0,0.0,0.0,0.0,0.0,0.0,1.0,0.0,1.0,0.0,1.0,1.0,1.0,1.0,1.0,,,0.0,0.0,0.0,0.0,0.0,0.0,0.0,1.0,,0.0,1.0,0.0,0.0,0.0,1.0,1.0,1.0,0.0,1.0,0.0,0.0,0.0,1.0,0.0,1.0,0.0,0.0,0.0,1.0,,1.0,0.0,1.0,0.0,1.0,0.0,1.0,0.0,1.0,0.0,0.0,0.0,1.0,,0.0,0.0,1.0,1.0,0.0,1.0,0.0,0.0,1.0,1.0,1.0,1.0,0.0,0.0,1.0,0.0,0.0,,,,,1.0,0.0,0.0
Marcel van Hattem,0.0,0.0,1.0,0.0,0.0,1.0,0.0,1.0,0.0,0.0,0.0,1.0,0.0,1.0,0.0,0.0,0.0,0.0,0.0,0.0,1.0,1.0,0.0,0.0,0.0,0.0,1.0,0.0,1.0,1.0,0.0,1.0,0.0,0.0,0.0,0.0,1.0,0.0,0.0,0.0,0.0,0.0,,1.0,0.0,1.0,1.0,1.0,0.0,0.0,0.0,0.0,1.0,0.0,1.0,0.0,0.0,1.0,0.0,0.0,1.0,1.0,1.0,0.0,0.0,1.0,1.0,0.0,0.0,0.0,0.0,0.0,0.0,1.0,0.0,1.0,1.0,0.0,1.0,0.0,1.0,,0.0,0.0,0.0,,0.0,0.0,1.0,0.0,0.0,0.0,1.0,1.0,0.0,0.0,0.0,0.0,,1.0,1.0,0.0,1.0,0.0,0.0,1.0,0.0,1.0,0.0,0.0,0.0,1.0,1.0,1.0,1.0,1.0,0.0,0.0,0.0,0.0,1.0,0.0,0.0,0.0,0.0,1.0,0.0,0.0,0.0,0.0,1.0,0.0,1.0,1.0,0.0,1.0,1.0,1.0,0.0,0.0,0.0,0.0,0.0,0.0,1.0,0.0,0.0,0.0,1.0,0.0,0.0,1.0,1.0,0.0,0.0,0.0,1.0,0.0,1.0,1.0,0.0,1.0,1.0,1.0,1.0,0.0,0.0,0.0,1.0,1.0,1.0,1.0,0.0,1.0,0.0,0.0,1.0,1.0,0.0,0.0,1.0,1.0,1.0,1.0,1.0,1.0,1.0,1.0,1.0,1.0,0.0,0.0,0.0,1.0,,0.0,0.0,0.0,,,1.0,1.0,,,0.0,0.0,0.0,0.0,1.0,0.0,0.0,1.0,1.0,0.0,0.0,0.0,0.0,0.0,0.0,1.0,0.0,1.0,1.0,0.0,1.0,1.0,1.0,1.0,1.0,0.0,0.0,0.0,0.0,1.0,1.0,1.0,0.0,1.0,0.0,0.0,1.0,0.0,0.0,0.0,0.0,1.0,0.0,0.0,0.0,0.0,0.0,1.0,0.0,0.0,0.0,0.0,0.0,1.0,1.0,1.0,1.0,1.0,1.0,0.0,1.0,0.0,1.0,0.0,1.0,0.0,0.0,1.0,0.0,0.0,0.0,1.0,0.0,0.0,1.0,0.0,1.0,1.0,1.0,1.0,0.0,0.0,0.0,0.0,1.0,1.0,1.0,0.0,0.0,0.0,0.0,0.0,0.0,0.0,1.0,0.0,1.0,0.0,0.0,0.0,0.0,0.0,0.0,1.0,1.0,0.0,0.0,0.0,1.0,1.0,1.0,1.0,0.0,1.0,0.0,1.0,0.0,0.0,1.0,1.0,1.0,1.0,0.0,1.0,1.0,0.0,0.0,1.0,0.0,0.0,0.0,0.0,0.0,0.0,1.0,0.0,0.0,0.0,0.0,1.0,0.0,1.0,1.0,0.0,0.0,1.0,0.0,0.0,1.0,0.0,1.0,0.0,1.0,1.0,0.0,1.0,0.0,0.0,0.0,,0.0,0.0,0.0,1.0,0.0,1.0,1.0,0.0,1.0,1.0,1.0,0.0,0.0,1.0,1.0,0.0,0.0,1.0,0.0,0.0,0.0,0.0,1.0,1.0,1.0,1.0,1.0,1.0,1.0,1.0,0.0,,1.0,0.0,0.0,0.0,0.0,0.0,1.0,0.0,0.0,0.0,,0.0,1.0,,,,,,,0.0,0.0,0.0,0.0,1.0,0.0,0.0,0.0,0.0,0.0,0.0,1.0,0.0,1.0,,,,,,,,,0.0,0.0,0.0,0.0,0.0,0.0,0.0,1.0,,,,,1.0,0.0,0.0,0.0,0.0,1.0,1.0,1.0,1.0,0.0,1.0,0.0,1.0,1.0,1.0,1.0,1.0,1.0,0.0,1.0,0.0,1.0,0.0,0.0,0.0,0.0,0.0,0.0,,0.0,,0.0,0.0,0.0,1.0,,0.0,1.0,0.0,1.0,1.0,1.0,1.0,0.0,0.0,0.0,1.0,0.0,0.0,0.0,0.0,0.0,0.0,1.0,0.0,0.0
Marcelo Aro,,0.0,1.0,1.0,1.0,1.0,1.0,1.0,0.0,1.0,,,,,,1.0,,1.0,0.0,,1.0,0.0,,,,1.0,0.0,1.0,0.0,1.0,,,,,,,,,,,,,,,,,,1.0,,,,,0.0,,1.0,0.0,,1.0,0.0,,,,,,0.0,1.0,,1.0,0.0,0.0,0.0,,,1.0,,1.0,1.0,0.0,1.0,,1.0,1.0,1.0,0.0,0.0,,1.0,1.0,1.0,,,,1.0,0.0,,,1.0,1.0,,,,1.0,,,1.0,1.0,,0.0,,1.0,1.0,,,1.0,,,0.0,0.0,0.0,0.0,1.0,0.0,,0.0,0.0,1.0,,0.0,0.0,0.0,,0.0,0.0,0.0,0.0,1.0,1.0,1.0,1.0,0.0,1.0,1.0,1.0,0.0,1.0,0.0,,,1.0,0.0,,1.0,1.0,,,,,0.0,1.0,1.0,0.0,0.0,1.0,0.0,1.0,0.0,0.0,,1.0,1.0,1.0,,0.0,1.0,0.0,0.0,1.0,1.0,1.0,1.0,1.0,1.0,0.0,1.0,1.0,1.0,1.0,1.0,1.0,1.0,0.0,1.0,0.0,1.0,,0.0,0.0,0.0,,,,1.0,,,0.0,0.0,0.0,,1.0,0.0,0.0,,1.0,1.0,0.0,0.0,1.0,0.0,0.0,,1.0,1.0,1.0,,1.0,1.0,1.0,1.0,1.0,0.0,0.0,0.0,0.0,1.0,1.0,1.0,0.0,1.0,0.0,0.0,1.0,0.0,0.0,,1.0,1.0,0.0,0.0,0.0,1.0,1.0,1.0,1.0,,,1.0,,0.0,,1.0,1.0,1.0,1.0,1.0,1.0,1.0,1.0,1.0,1.0,0.0,,0.0,0.0,0.0,0.0,1.0,,,1.0,,,,,,,0.0,,,1.0,,1.0,0.0,0.0,0.0,1.0,1.0,,,1.0,0.0,1.0,0.0,1.0,,1.0,0.0,0.0,1.0,0.0,0.0,0.0,0.0,1.0,1.0,1.0,,0.0,1.0,0.0,1.0,0.0,1.0,1.0,0.0,1.0,1.0,,1.0,,1.0,1.0,,0.0,0.0,0.0,0.0,1.0,,0.0,0.0,0.0,,,1.0,1.0,1.0,1.0,0.0,0.0,,,1.0,1.0,0.0,,,0.0,1.0,0.0,,0.0,0.0,,,,0.0,1.0,1.0,,,,0.0,,,1.0,,,,,1.0,0.0,0.0,,0.0,0.0,0.0,1.0,0.0,0.0,,1.0,1.0,,0.0,1.0,,1.0,0.0,0.0,0.0,0.0,0.0,,0.0,0.0,0.0,1.0,0.0,,,1.0,,1.0,0.0,1.0,0.0,0.0,,,1.0,,,,0.0,,0.0,,0.0,,1.0,0.0,,1.0,,1.0,,0.0,,,,0.0,0.0,,0.0,1.0,,,1.0,0.0,,,,1.0,1.0,1.0,1.0,,,,,0.0,,,0.0,0.0,,1.0,1.0,0.0,,,0.0,0.0,,0.0,,,0.0,0.0,1.0,,0.0,0.0,,1.0,,1.0,1.0,,1.0,1.0,1.0,1.0,,0.0,1.0,0.0,,,,,,,,0.0
Marcelo Brum,,,1.0,0.0,1.0,1.0,0.0,,,1.0,,,1.0,0.0,1.0,1.0,,,1.0,1.0,0.0,0.0,,0.0,0.0,0.0,0.0,0.0,1.0,1.0,0.0,1.0,,,,,,,,,,0.0,0.0,1.0,,,,,,,,,0.0,0.0,0.0,1.0,1.0,1.0,0.0,,1.0,1.0,1.0,0.0,0.0,1.0,0.0,0.0,,0.0,,,,,,,1.0,0.0,1.0,1.0,,1.0,1.0,0.0,0.0,,1.0,1.0,1.0,1.0,1.0,1.0,1.0,0.0,,1.0,1.0,1.0,,0.0,0.0,0.0,1.0,,,,,,,,,,,1.0,1.0,1.0,0.0,0.0,0.0,0.0,1.0,0.0,0.0,0.0,0.0,,1.0,0.0,0.0,0.0,1.0,0.0,0.0,0.0,0.0,1.0,1.0,1.0,0.0,0.0,0.0,0.0,,,,,,,1.0,0.0,0.0,1.0,1.0,0.0,0.0,0.0,1.0,,,,0.0,0.0,,,1.0,0.0,0.0,,1.0,1.0,1.0,0.0,0.0,,,,,,1.0,1.0,1.0,1.0,1.0,1.0,1.0,1.0,1.0,1.0,1.0,1.0,0.0,1.0,0.0,1.0,0.0,0.0,0.0,0.0,1.0,0.0,0.0,1.0,,,0.0,0.0,1.0,0.0,1.0,0.0,0.0,0.0,1.0,,1.0,0.0,1.0,0.0,0.0,1.0,1.0,1.0,1.0,0.0,1.0,1.0,1.0,1.0,1.0,0.0,0.0,0.0,0.0,1.0,1.0,1.0,0.0,1.0,0.0,0.0,1.0,0.0,0.0,0.0,1.0,1.0,0.0,0.0,0.0,1.0,1.0,,1.0,0.0,0.0,0.0,0.0,0.0,,1.0,,,,,1.0,1.0,,1.0,1.0,0.0,1.0,0.0,0.0,0.0,0.0,1.0,0.0,0.0,1.0,0.0,1.0,1.0,1.0,1.0,,0.0,0.0,0.0,1.0,1.0,1.0,0.0,0.0,0.0,1.0,,1.0,0.0,1.0,0.0,1.0,0.0,0.0,0.0,1.0,0.0,0.0,1.0,,0.0,0.0,0.0,1.0,1.0,1.0,1.0,0.0,1.0,0.0,,0.0,1.0,1.0,0.0,1.0,1.0,1.0,1.0,1.0,1.0,1.0,1.0,0.0,0.0,0.0,0.0,1.0,0.0,0.0,0.0,0.0,0.0,,1.0,1.0,1.0,1.0,0.0,0.0,,0.0,1.0,1.0,,1.0,0.0,0.0,1.0,0.0,1.0,0.0,0.0,0.0,1.0,0.0,0.0,1.0,1.0,0.0,1.0,1.0,0.0,0.0,1.0,1.0,0.0,1.0,0.0,0.0,1.0,0.0,0.0,0.0,0.0,0.0,0.0,1.0,0.0,0.0,1.0,1.0,1.0,1.0,0.0,1.0,1.0,1.0,0.0,0.0,0.0,0.0,0.0,1.0,0.0,0.0,0.0,1.0,0.0,1.0,1.0,1.0,1.0,1.0,0.0,1.0,0.0,0.0,0.0,0.0,1.0,0.0,0.0,0.0,0.0,,0.0,1.0,0.0,1.0,1.0,0.0,,1.0,0.0,1.0,1.0,0.0,0.0,0.0,0.0,0.0,0.0,0.0,0.0,1.0,1.0,0.0,1.0,0.0,1.0,0.0,0.0,1.0,0.0,1.0,1.0,1.0,1.0,0.0,1.0,0.0,0.0,0.0,0.0,0.0,1.0,,1.0,0.0,0.0,0.0,0.0,0.0,1.0,0.0,,0.0,0.0,0.0,1.0,0.0,0.0,0.0,,1.0,0.0,1.0,0.0,,1.0,1.0,1.0,1.0,,0.0,1.0,0.0,0.0,0.0,0.0,0.0,0.0,1.0,,0.0
Marcelo Calero,1.0,1.0,1.0,1.0,1.0,1.0,1.0,1.0,1.0,,1.0,1.0,0.0,1.0,0.0,1.0,0.0,1.0,0.0,0.0,,,1.0,1.0,0.0,1.0,1.0,0.0,1.0,,0.0,1.0,0.0,,0.0,0.0,1.0,1.0,0.0,0.0,0.0,0.0,0.0,1.0,0.0,1.0,0.0,1.0,1.0,0.0,0.0,1.0,,,,,,,0.0,,,,1.0,0.0,0.0,,,0.0,,,,1.0,1.0,0.0,1.0,0.0,0.0,1.0,0.0,,0.0,1.0,1.0,0.0,0.0,,1.0,1.0,,1.0,,1.0,,,1.0,1.0,,,,0.0,0.0,1.0,,1.0,1.0,1.0,0.0,0.0,1.0,1.0,1.0,0.0,0.0,1.0,0.0,,,,,0.0,1.0,0.0,0.0,0.0,1.0,0.0,0.0,0.0,1.0,,1.0,1.0,1.0,1.0,1.0,0.0,0.0,0.0,1.0,0.0,0.0,0.0,1.0,0.0,0.0,1.0,0.0,1.0,1.0,0.0,0.0,1.0,1.0,0.0,,0.0,1.0,0.0,1.0,1.0,0.0,0.0,1.0,1.0,1.0,0.0,0.0,,1.0,,,1.0,1.0,1.0,,0.0,1.0,1.0,1.0,1.0,1.0,0.0,0.0,1.0,1.0,,0.0,1.0,1.0,1.0,1.0,1.0,1.0,1.0,,0.0,0.0,0.0,1.0,0.0,0.0,1.0,,,1.0,1.0,1.0,0.0,1.0,1.0,1.0,0.0,0.0,1.0,0.0,,1.0,0.0,0.0,1.0,,1.0,1.0,0.0,1.0,1.0,0.0,1.0,1.0,0.0,0.0,,0.0,1.0,1.0,1.0,0.0,1.0,0.0,1.0,0.0,1.0,1.0,1.0,0.0,1.0,1.0,1.0,1.0,1.0,1.0,1.0,0.0,1.0,1.0,0.0,0.0,1.0,,1.0,1.0,1.0,1.0,1.0,0.0,0.0,1.0,0.0,1.0,0.0,0.0,1.0,1.0,1.0,1.0,0.0,0.0,0.0,1.0,1.0,0.0,1.0,1.0,0.0,,1.0,1.0,1.0,1.0,1.0,1.0,1.0,,0.0,1.0,0.0,0.0,1.0,1.0,1.0,0.0,1.0,1.0,1.0,1.0,0.0,0.0,1.0,0.0,,,,1.0,,0.0,1.0,0.0,1.0,1.0,1.0,1.0,1.0,1.0,1.0,0.0,1.0,1.0,,1.0,1.0,1.0,0.0,0.0,0.0,0.0,0.0,,0.0,0.0,0.0,0.0,0.0,,1.0,0.0,1.0,0.0,0.0,1.0,,1.0,1.0,1.0,1.0,0.0,0.0,0.0,,0.0,0.0,0.0,0.0,0.0,0.0,0.0,0.0,1.0,0.0,1.0,0.0,0.0,0.0,1.0,1.0,0.0,0.0,1.0,1.0,1.0,0.0,0.0,1.0,1.0,0.0,1.0,0.0,1.0,1.0,1.0,1.0,1.0,1.0,1.0,1.0,0.0,1.0,1.0,0.0,0.0,0.0,0.0,0.0,1.0,0.0,0.0,0.0,0.0,0.0,1.0,0.0,0.0,0.0,0.0,1.0,1.0,0.0,0.0,1.0,1.0,0.0,0.0,0.0,0.0,0.0,0.0,0.0,1.0,0.0,1.0,1.0,0.0,0.0,1.0,,1.0,1.0,0.0,0.0,0.0,0.0,0.0,,0.0,,1.0,1.0,1.0,1.0,,0.0,0.0,1.0,1.0,1.0,0.0,0.0,0.0,0.0,0.0,1.0,0.0,0.0,0.0,0.0,1.0,1.0,,0.0,1.0,0.0,,0.0,0.0,1.0,1.0,,1.0,1.0,1.0,1.0,,0.0,0.0,1.0,1.0,0.0,1.0,1.0,,1.0,1.0,1.0,1.0,0.0,0.0,1.0,0.0,0.0,0.0,0.0,0.0,0.0,1.0,0.0,1.0
Marcelo Freixo,1.0,1.0,1.0,1.0,1.0,1.0,1.0,1.0,1.0,1.0,1.0,1.0,1.0,0.0,1.0,1.0,1.0,0.0,1.0,1.0,,,0.0,,,1.0,1.0,0.0,1.0,0.0,,,,,,,,1.0,,1.0,,1.0,0.0,0.0,,1.0,0.0,1.0,1.0,0.0,0.0,1.0,0.0,1.0,1.0,0.0,0.0,1.0,,1.0,1.0,1.0,0.0,,,,0.0,1.0,0.0,,,,,,,,,,,1.0,,1.0,1.0,0.0,1.0,,1.0,1.0,1.0,1.0,,1.0,0.0,1.0,1.0,1.0,1.0,1.0,,0.0,0.0,1.0,0.0,1.0,1.0,1.0,0.0,0.0,1.0,1.0,1.0,0.0,0.0,0.0,0.0,0.0,1.0,0.0,1.0,1.0,0.0,1.0,1.0,0.0,1.0,0.0,0.0,0.0,1.0,1.0,0.0,1.0,1.0,1.0,1.0,0.0,0.0,0.0,1.0,0.0,0.0,0.0,,,,,,,0.0,,,,,,,,0.0,,0.0,,,,,,,,1.0,,1.0,1.0,1.0,0.0,,,,,,,0.0,0.0,0.0,0.0,0.0,0.0,0.0,,0.0,0.0,0.0,0.0,1.0,0.0,1.0,0.0,1.0,0.0,1.0,1.0,,0.0,1.0,1.0,,,1.0,1.0,1.0,1.0,0.0,1.0,1.0,1.0,0.0,1.0,,1.0,0.0,1.0,,,0.0,0.0,0.0,1.0,0.0,0.0,0.0,0.0,0.0,1.0,1.0,1.0,,0.0,,0.0,1.0,0.0,1.0,1.0,0.0,1.0,1.0,,0.0,0.0,1.0,1.0,1.0,1.0,1.0,,0.0,1.0,1.0,0.0,1.0,1.0,1.0,1.0,0.0,1.0,0.0,0.0,0.0,0.0,0.0,1.0,,1.0,0.0,1.0,1.0,1.0,1.0,0.0,0.0,1.0,0.0,1.0,0.0,0.0,,0.0,,,,,,,0.0,,,1.0,0.0,0.0,0.0,,0.0,1.0,0.0,1.0,1.0,1.0,1.0,1.0,1.0,0.0,0.0,1.0,1.0,1.0,0.0,0.0,0.0,0.0,1.0,1.0,1.0,0.0,1.0,0.0,0.0,1.0,1.0,0.0,0.0,1.0,1.0,0.0,0.0,0.0,1.0,1.0,1.0,1.0,0.0,1.0,1.0,1.0,1.0,1.0,1.0,0.0,0.0,0.0,0.0,1.0,1.0,,1.0,1.0,0.0,1.0,0.0,1.0,,0.0,1.0,0.0,1.0,0.0,0.0,0.0,1.0,0.0,0.0,0.0,1.0,,,,0.0,1.0,0.0,1.0,1.0,1.0,1.0,0.0,1.0,1.0,1.0,1.0,1.0,0.0,1.0,1.0,1.0,1.0,1.0,1.0,1.0,1.0,1.0,0.0,,,,,,,1.0,1.0,,1.0,0.0,1.0,0.0,0.0,,,,,,,,1.0,1.0,0.0,,,,,,,,,0.0,,1.0,1.0,0.0,1.0,,,,,,,,,,,,,,,1.0,0.0,0.0,1.0,1.0,1.0,0.0,0.0,0.0,0.0,1.0,0.0,1.0,1.0,1.0,1.0,1.0,0.0,,0.0,1.0,1.0,0.0,1.0,1.0,0.0,1.0,1.0,1.0,1.0,,0.0,1.0,1.0,1.0,0.0,0.0,1.0,,1.0,,,0.0,0.0,1.0,,1.0,0.0,1.0,0.0,0.0,0.0,0.0,0.0,1.0,0.0,1.0
Marcelo Moraes,0.0,,1.0,0.0,1.0,1.0,1.0,1.0,0.0,1.0,,,0.0,1.0,1.0,1.0,0.0,1.0,,0.0,1.0,,0.0,1.0,0.0,1.0,,1.0,0.0,1.0,0.0,1.0,0.0,,0.0,0.0,1.0,1.0,0.0,,1.0,,,,0.0,1.0,0.0,1.0,1.0,,,,0.0,,1.0,0.0,0.0,1.0,0.0,1.0,1.0,1.0,1.0,0.0,0.0,1.0,1.0,,0.0,0.0,0.0,0.0,0.0,1.0,0.0,1.0,1.0,0.0,1.0,1.0,1.0,1.0,1.0,0.0,0.0,,1.0,1.0,1.0,1.0,,1.0,1.0,0.0,0.0,0.0,,1.0,,,,1.0,1.0,0.0,0.0,,,1.0,0.0,0.0,0.0,1.0,1.0,1.0,1.0,1.0,,0.0,0.0,0.0,1.0,,0.0,0.0,0.0,1.0,0.0,0.0,0.0,0.0,1.0,0.0,1.0,0.0,0.0,1.0,1.0,1.0,1.0,0.0,0.0,0.0,,,,,,,1.0,,0.0,,1.0,0.0,,0.0,1.0,0.0,0.0,1.0,0.0,0.0,1.0,,1.0,0.0,0.0,0.0,1.0,1.0,,0.0,0.0,1.0,0.0,0.0,1.0,,1.0,1.0,,0.0,0.0,0.0,1.0,1.0,1.0,1.0,1.0,1.0,,1.0,0.0,1.0,0.0,0.0,0.0,0.0,1.0,1.0,0.0,1.0,0.0,,0.0,0.0,0.0,0.0,1.0,0.0,0.0,,1.0,1.0,0.0,,0.0,0.0,0.0,1.0,,1.0,1.0,0.0,1.0,1.0,1.0,1.0,1.0,0.0,0.0,0.0,0.0,1.0,1.0,1.0,0.0,1.0,0.0,0.0,1.0,0.0,0.0,0.0,1.0,1.0,1.0,0.0,1.0,1.0,1.0,1.0,0.0,0.0,0.0,1.0,0.0,,,1.0,1.0,1.0,1.0,1.0,1.0,1.0,1.0,0.0,1.0,1.0,1.0,0.0,0.0,0.0,0.0,1.0,,0.0,1.0,0.0,1.0,1.0,,,0.0,0.0,0.0,0.0,1.0,1.0,1.0,0.0,0.0,0.0,1.0,1.0,,,1.0,0.0,1.0,1.0,1.0,0.0,1.0,0.0,,,1.0,0.0,0.0,0.0,1.0,1.0,1.0,,0.0,1.0,0.0,1.0,0.0,1.0,1.0,0.0,1.0,1.0,1.0,1.0,1.0,1.0,0.0,1.0,0.0,0.0,0.0,0.0,,0.0,0.0,0.0,0.0,0.0,1.0,1.0,0.0,1.0,1.0,0.0,0.0,0.0,0.0,1.0,1.0,1.0,1.0,0.0,,1.0,,1.0,0.0,0.0,0.0,,0.0,0.0,1.0,1.0,0.0,1.0,,0.0,0.0,1.0,1.0,0.0,1.0,0.0,0.0,0.0,0.0,,,1.0,0.0,0.0,1.0,0.0,1.0,1.0,1.0,1.0,1.0,0.0,1.0,1.0,,0.0,0.0,0.0,0.0,0.0,1.0,,0.0,0.0,1.0,0.0,1.0,,,1.0,,,,0.0,0.0,0.0,,1.0,0.0,0.0,0.0,,,0.0,1.0,,1.0,1.0,,0.0,1.0,0.0,1.0,1.0,0.0,0.0,0.0,0.0,0.0,,0.0,,1.0,1.0,0.0,1.0,1.0,1.0,0.0,,1.0,,1.0,1.0,,1.0,0.0,,,0.0,0.0,0.0,,,,1.0,0.0,0.0,0.0,0.0,0.0,1.0,,1.0,,0.0,0.0,1.0,,0.0,,1.0,1.0,0.0,1.0,1.0,0.0,1.0,1.0,,1.0,0.0,0.0,1.0,0.0,,,,0.0,0.0,1.0,0.0,0.0
Marcelo Nilo,,0.0,1.0,1.0,,1.0,1.0,1.0,0.0,1.0,0.0,1.0,0.0,1.0,0.0,1.0,0.0,1.0,0.0,,,0.0,1.0,1.0,,1.0,1.0,0.0,1.0,0.0,1.0,1.0,1.0,1.0,1.0,1.0,0.0,,0.0,1.0,1.0,1.0,0.0,0.0,1.0,1.0,0.0,1.0,1.0,0.0,0.0,1.0,0.0,1.0,1.0,0.0,0.0,1.0,0.0,1.0,1.0,1.0,0.0,0.0,0.0,,1.0,1.0,0.0,0.0,0.0,0.0,0.0,1.0,0.0,1.0,1.0,0.0,,1.0,1.0,1.0,1.0,0.0,1.0,,1.0,1.0,1.0,1.0,1.0,1.0,0.0,1.0,1.0,1.0,1.0,1.0,,0.0,0.0,1.0,0.0,0.0,0.0,0.0,0.0,1.0,1.0,0.0,1.0,1.0,1.0,1.0,0.0,0.0,1.0,0.0,0.0,0.0,1.0,0.0,1.0,0.0,1.0,0.0,0.0,1.0,1.0,1.0,0.0,1.0,1.0,1.0,1.0,0.0,0.0,0.0,1.0,0.0,0.0,0.0,,,,,,,0.0,,0.0,,1.0,0.0,0.0,0.0,1.0,,0.0,0.0,,0.0,0.0,,0.0,0.0,1.0,0.0,1.0,1.0,1.0,,,,,,,,0.0,0.0,0.0,0.0,0.0,0.0,0.0,0.0,0.0,0.0,0.0,0.0,1.0,0.0,1.0,,0.0,0.0,1.0,1.0,,,0.0,1.0,,,1.0,1.0,1.0,1.0,0.0,1.0,1.0,1.0,0.0,1.0,1.0,0.0,1.0,1.0,,,0.0,0.0,0.0,1.0,0.0,0.0,0.0,0.0,,1.0,,1.0,1.0,0.0,1.0,0.0,1.0,0.0,1.0,1.0,0.0,1.0,1.0,1.0,1.0,0.0,1.0,1.0,1.0,1.0,1.0,,0.0,1.0,1.0,0.0,1.0,1.0,,1.0,1.0,1.0,1.0,1.0,,0.0,1.0,0.0,1.0,1.0,0.0,1.0,1.0,1.0,1.0,0.0,0.0,1.0,0.0,1.0,0.0,0.0,0.0,0.0,0.0,0.0,0.0,0.0,1.0,1.0,1.0,0.0,0.0,1.0,1.0,0.0,0.0,1.0,0.0,1.0,0.0,0.0,0.0,1.0,1.0,0.0,0.0,1.0,0.0,1.0,1.0,0.0,0.0,0.0,0.0,0.0,1.0,1.0,1.0,0.0,1.0,1.0,1.0,1.0,1.0,0.0,0.0,1.0,1.0,1.0,1.0,0.0,0.0,0.0,1.0,1.0,0.0,,0.0,1.0,1.0,1.0,1.0,1.0,0.0,0.0,0.0,1.0,1.0,0.0,1.0,1.0,,1.0,0.0,1.0,0.0,1.0,1.0,0.0,1.0,1.0,0.0,1.0,1.0,0.0,0.0,1.0,1.0,0.0,0.0,0.0,0.0,1.0,0.0,1.0,0.0,1.0,1.0,0.0,0.0,1.0,1.0,1.0,1.0,0.0,1.0,1.0,1.0,1.0,1.0,1.0,1.0,0.0,0.0,0.0,1.0,,,,,,1.0,1.0,,1.0,,1.0,0.0,0.0,0.0,0.0,0.0,,,,1.0,1.0,1.0,0.0,,,,,,,,,0.0,0.0,,1.0,0.0,1.0,0.0,0.0,1.0,,,,,,,,,,,,1.0,0.0,0.0,1.0,1.0,1.0,0.0,0.0,0.0,0.0,1.0,1.0,1.0,1.0,1.0,1.0,1.0,0.0,,0.0,1.0,1.0,0.0,1.0,1.0,0.0,1.0,1.0,1.0,,,0.0,0.0,0.0,1.0,0.0,1.0,0.0,1.0,1.0,0.0,1.0,0.0,0.0,1.0,1.0,1.0,0.0,1.0,0.0,0.0,0.0,0.0,0.0,1.0,0.0,1.0
Marcelo Ramos,0.0,,1.0,0.0,1.0,1.0,1.0,1.0,1.0,,1.0,,,1.0,0.0,1.0,0.0,1.0,1.0,,1.0,,,,0.0,1.0,0.0,1.0,0.0,1.0,,1.0,0.0,0.0,0.0,0.0,1.0,1.0,0.0,0.0,0.0,1.0,0.0,1.0,0.0,1.0,0.0,,,,0.0,1.0,0.0,1.0,1.0,0.0,0.0,1.0,0.0,,1.0,1.0,1.0,0.0,0.0,,1.0,1.0,,,0.0,0.0,0.0,1.0,0.0,1.0,1.0,0.0,1.0,,1.0,1.0,,,0.0,,1.0,1.0,1.0,1.0,,1.0,,,1.0,1.0,,,,,,0.0,1.0,1.0,1.0,1.0,0.0,0.0,1.0,1.0,1.0,0.0,0.0,1.0,1.0,1.0,0.0,0.0,,0.0,1.0,0.0,,0.0,0.0,1.0,0.0,0.0,,,1.0,0.0,0.0,0.0,0.0,1.0,1.0,1.0,1.0,0.0,0.0,0.0,1.0,0.0,0.0,1.0,,,1.0,0.0,0.0,1.0,1.0,0.0,0.0,0.0,1.0,0.0,1.0,1.0,0.0,0.0,,0.0,1.0,0.0,,,,1.0,1.0,0.0,0.0,1.0,0.0,,1.0,,1.0,1.0,1.0,1.0,0.0,1.0,1.0,1.0,1.0,1.0,1.0,1.0,,0.0,0.0,1.0,0.0,,0.0,0.0,1.0,1.0,0.0,,,,0.0,0.0,0.0,0.0,1.0,0.0,0.0,0.0,,1.0,0.0,0.0,1.0,0.0,0.0,1.0,1.0,1.0,1.0,,1.0,1.0,1.0,1.0,1.0,0.0,,0.0,0.0,1.0,1.0,1.0,0.0,1.0,0.0,0.0,1.0,0.0,0.0,0.0,1.0,1.0,0.0,0.0,0.0,1.0,1.0,1.0,1.0,0.0,,1.0,0.0,1.0,,1.0,1.0,1.0,1.0,1.0,1.0,1.0,1.0,1.0,1.0,0.0,1.0,0.0,0.0,,0.0,1.0,0.0,0.0,,0.0,1.0,,,1.0,,,0.0,0.0,1.0,1.0,1.0,,0.0,0.0,1.0,1.0,1.0,,1.0,,1.0,0.0,,0.0,1.0,0.0,,1.0,0.0,0.0,0.0,0.0,1.0,,1.0,1.0,0.0,1.0,0.0,1.0,0.0,1.0,1.0,0.0,,1.0,1.0,1.0,1.0,1.0,1.0,1.0,0.0,,0.0,0.0,1.0,0.0,0.0,0.0,0.0,0.0,,1.0,1.0,1.0,1.0,0.0,0.0,,0.0,1.0,,0.0,1.0,,0.0,1.0,0.0,1.0,0.0,,0.0,1.0,0.0,,1.0,1.0,0.0,1.0,1.0,0.0,0.0,,1.0,0.0,,0.0,0.0,1.0,0.0,0.0,0.0,0.0,0.0,0.0,0.0,,0.0,,1.0,0.0,,0.0,,1.0,1.0,0.0,,0.0,0.0,,1.0,0.0,0.0,0.0,1.0,,1.0,1.0,1.0,0.0,0.0,0.0,1.0,0.0,,0.0,0.0,1.0,0.0,0.0,0.0,0.0,,0.0,1.0,0.0,0.0,,,,1.0,,1.0,,0.0,0.0,0.0,0.0,,0.0,0.0,,1.0,1.0,,1.0,,1.0,0.0,0.0,1.0,,1.0,1.0,1.0,,0.0,1.0,0.0,0.0,0.0,,0.0,1.0,1.0,1.0,,0.0,0.0,0.0,0.0,1.0,0.0,,0.0,0.0,0.0,1.0,0.0,,,1.0,1.0,0.0,1.0,0.0,0.0,1.0,,1.0,,0.0,0.0,,0.0,,,,,,,,0.0
Marcelo Squassoni,,,,,,,,,,,,,0.0,1.0,1.0,1.0,1.0,0.0,0.0,0.0,1.0,,,,,,,,,,,,,,,,,,,,,,,,,,,,,,,,,,,,,,,1.0,1.0,1.0,,,,,1.0,,0.0,,,,,,,,,,,,,,,,,,,,,,,,1.0,0.0,1.0,,,,,,,,,,,,,,,,,,,,,,,,,,,,,,,,,,,,,,,,,,,,,,,,,,,,,,,,,,,,,,,,,,,,,,,,,,,,1.0,,,,,,,,,,,,,,,,,,,,,,,,,,,,,,,,,,,,,,,,,,,,,,,,,,,,,,,,,,,,,,,,,,,,,,,,,,,,,,,,,,,,,,,,,,,,,,,,,,,,,,,,,,,,,,,,,,,,,,,,,,,,,,,,,,,,,,,,,,,,,,,,,,,,,,,,,,,,,,,,,,,,,,,,,,,,,,,,,,,,,,,,,,,,,,,,,,,,,,,,,,,,,,,,,,,,,,,,,,,,,,,,,,,,,,,,,,,,,,,,,,,,,,,,,,,,,,,,,,,,,,,,,,,,,,,,,,,,,,,,,,,,,,,,,,,,,,,,,,,,,,,,,,,,,,,,,,,,,,,,,,,,,,,,,,,,,,
Marcelo Álvaro Antônio,0.0,,,,,,,1.0,0.0,1.0,0.0,1.0,0.0,0.0,,,1.0,0.0,,,,,,,,,,,,,,,,,,,,,,,,,,,,1.0,0.0,1.0,,,,,,0.0,0.0,1.0,1.0,,,,1.0,1.0,,,,1.0,,,,,0.0,,1.0,0.0,1.0,0.0,,,,1.0,1.0,,,,,,,,1.0,,,,1.0,,0.0,,1.0,,,0.0,0.0,0.0,,0.0,0.0,0.0,0.0,1.0,0.0,0.0,0.0,1.0,1.0,1.0,1.0,1.0,0.0,0.0,0.0,0.0,1.0,0.0,0.0,,,,,,,,,,,,,,,,,,,,1.0,,1.0,1.0,0.0,1.0,,,,,,,,,,,,,,,,,,,0.0,0.0,,,,,,,,,,,,,,,,,,,,,,,,,,1.0,,,,,,,,,0.0,,,,,,,,,,,,,,,,,,,,,,,,,,,,,,,,,,,,,,,,0.0,,,,,,,,,,,,,,,,,,,,,,,,,,,,,,,,,,,,,,,,,,,,,,,,,,,,,,,,,,,,,,1.0,0.0,0.0,1.0,1.0,0.0,0.0,0.0,,1.0,1.0,1.0,,,,,,,,,,,,,,,,,,,,,,,,,,,,,,,,,,,,,,,,,,,,,0.0,0.0,0.0,1.0,0.0,0.0,,1.0,0.0,1.0,1.0,0.0,,,,,1.0,,,,,,,,,,,,,,,,1.0,,,,,,,,,,,,,,,,,,,,,,,,,,,,,,,,,,,,,,,,,,,,,,,,,,,,,,,,,,,,1.0,0.0,,,,,0.0,1.0,0.0,1.0,0.0,,0.0,1.0,,1.0,,0.0,0.0,0.0,0.0,1.0,0.0,1.0,1.0,0.0,0.0,,0.0,0.0,0.0,1.0,,,0.0,0.0,0.0,,,1.0,1.0,,,,,0.0,0.0,0.0,,0.0,,0.0,
Marcio Alvino,0.0,0.0,1.0,0.0,1.0,1.0,1.0,1.0,0.0,1.0,0.0,1.0,0.0,1.0,1.0,1.0,0.0,0.0,0.0,1.0,0.0,0.0,1.0,1.0,0.0,1.0,0.0,1.0,0.0,1.0,0.0,1.0,0.0,0.0,0.0,0.0,1.0,0.0,0.0,0.0,0.0,1.0,0.0,1.0,0.0,1.0,0.0,1.0,1.0,0.0,,1.0,0.0,1.0,1.0,0.0,,1.0,0.0,1.0,1.0,1.0,1.0,0.0,0.0,1.0,1.0,1.0,0.0,0.0,0.0,0.0,0.0,1.0,0.0,1.0,1.0,0.0,1.0,1.0,1.0,0.0,0.0,0.0,0.0,,1.0,1.0,1.0,1.0,1.0,1.0,1.0,0.0,0.0,1.0,1.0,1.0,,,,0.0,1.0,0.0,0.0,1.0,0.0,1.0,0.0,0.0,,1.0,1.0,1.0,1.0,1.0,0.0,0.0,0.0,0.0,1.0,0.0,0.0,0.0,0.0,1.0,1.0,0.0,0.0,0.0,1.0,0.0,0.0,0.0,0.0,1.0,1.0,1.0,0.0,0.0,0.0,0.0,1.0,0.0,0.0,1.0,0.0,1.0,1.0,0.0,0.0,1.0,1.0,0.0,0.0,0.0,1.0,0.0,1.0,1.0,0.0,0.0,1.0,0.0,1.0,0.0,0.0,,1.0,1.0,1.0,0.0,0.0,1.0,0.0,0.0,1.0,1.0,1.0,1.0,1.0,0.0,0.0,1.0,1.0,1.0,1.0,1.0,1.0,1.0,0.0,0.0,0.0,1.0,0.0,1.0,0.0,0.0,1.0,,0.0,1.0,0.0,,0.0,0.0,0.0,0.0,1.0,0.0,0.0,0.0,1.0,1.0,0.0,0.0,1.0,0.0,0.0,1.0,1.0,1.0,1.0,0.0,1.0,1.0,1.0,1.0,1.0,,0.0,0.0,0.0,1.0,1.0,1.0,0.0,1.0,0.0,0.0,1.0,0.0,0.0,0.0,1.0,1.0,0.0,0.0,0.0,1.0,1.0,1.0,1.0,0.0,0.0,1.0,0.0,1.0,0.0,1.0,1.0,,1.0,1.0,,1.0,,1.0,1.0,0.0,1.0,0.0,0.0,0.0,0.0,1.0,0.0,0.0,1.0,0.0,1.0,1.0,1.0,1.0,0.0,0.0,0.0,0.0,1.0,1.0,1.0,0.0,0.0,0.0,1.0,1.0,1.0,0.0,1.0,,1.0,0.0,1.0,0.0,1.0,0.0,0.0,1.0,0.0,0.0,0.0,0.0,1.0,1.0,1.0,1.0,0.0,1.0,0.0,1.0,0.0,1.0,1.0,0.0,1.0,1.0,1.0,1.0,1.0,1.0,1.0,1.0,0.0,0.0,0.0,0.0,1.0,0.0,0.0,0.0,,0.0,,1.0,1.0,1.0,1.0,0.0,0.0,0.0,0.0,1.0,1.0,0.0,1.0,0.0,0.0,1.0,0.0,1.0,0.0,0.0,0.0,1.0,0.0,0.0,1.0,1.0,0.0,1.0,1.0,0.0,0.0,,1.0,0.0,1.0,0.0,0.0,1.0,0.0,0.0,0.0,0.0,0.0,0.0,0.0,0.0,0.0,1.0,1.0,0.0,,0.0,1.0,1.0,1.0,0.0,0.0,0.0,0.0,0.0,1.0,0.0,0.0,0.0,1.0,0.0,1.0,1.0,1.0,1.0,1.0,0.0,1.0,0.0,0.0,0.0,0.0,1.0,0.0,0.0,0.0,0.0,0.0,0.0,1.0,0.0,1.0,1.0,0.0,0.0,1.0,0.0,1.0,1.0,0.0,0.0,0.0,0.0,0.0,0.0,0.0,0.0,1.0,1.0,0.0,1.0,0.0,1.0,0.0,0.0,1.0,0.0,1.0,1.0,1.0,1.0,0.0,1.0,0.0,0.0,0.0,0.0,0.0,1.0,1.0,1.0,0.0,0.0,0.0,0.0,0.0,1.0,0.0,1.0,0.0,0.0,0.0,1.0,0.0,0.0,0.0,1.0,1.0,0.0,1.0,0.0,0.0,1.0,1.0,1.0,1.0,0.0,0.0,1.0,0.0,,,,,,,,0.0
Marco Bertaiolli,0.0,0.0,1.0,1.0,1.0,1.0,1.0,1.0,0.0,1.0,0.0,1.0,,,1.0,1.0,0.0,1.0,0.0,1.0,1.0,0.0,0.0,0.0,0.0,1.0,1.0,0.0,0.0,1.0,,1.0,0.0,0.0,0.0,0.0,1.0,1.0,0.0,0.0,0.0,0.0,0.0,1.0,0.0,1.0,0.0,1.0,1.0,0.0,0.0,1.0,0.0,0.0,1.0,0.0,0.0,,,1.0,1.0,1.0,1.0,,0.0,,1.0,1.0,0.0,0.0,0.0,,0.0,1.0,0.0,0.0,0.0,,0.0,,0.0,1.0,1.0,0.0,0.0,,1.0,1.0,1.0,1.0,,1.0,1.0,0.0,0.0,,1.0,1.0,,,,0.0,1.0,1.0,1.0,1.0,0.0,0.0,1.0,1.0,1.0,0.0,0.0,1.0,1.0,1.0,,,0.0,0.0,1.0,0.0,0.0,0.0,0.0,1.0,,0.0,0.0,0.0,1.0,0.0,0.0,0.0,0.0,1.0,1.0,1.0,1.0,0.0,0.0,0.0,1.0,0.0,1.0,1.0,0.0,1.0,1.0,0.0,0.0,1.0,1.0,0.0,,0.0,1.0,,,,0.0,0.0,1.0,,1.0,0.0,0.0,0.0,1.0,,1.0,0.0,0.0,1.0,,0.0,1.0,1.0,1.0,1.0,1.0,1.0,0.0,1.0,1.0,1.0,1.0,1.0,0.0,1.0,0.0,1.0,0.0,1.0,0.0,0.0,0.0,0.0,,,0.0,1.0,0.0,,0.0,0.0,0.0,0.0,1.0,0.0,0.0,0.0,1.0,1.0,0.0,0.0,1.0,0.0,0.0,1.0,1.0,1.0,1.0,,,,,,,0.0,0.0,0.0,0.0,1.0,1.0,1.0,0.0,1.0,0.0,0.0,1.0,0.0,0.0,0.0,1.0,1.0,0.0,1.0,1.0,1.0,1.0,1.0,1.0,,0.0,0.0,0.0,1.0,0.0,1.0,1.0,1.0,1.0,1.0,1.0,1.0,1.0,1.0,1.0,0.0,1.0,0.0,0.0,0.0,0.0,1.0,0.0,0.0,1.0,0.0,1.0,1.0,1.0,1.0,0.0,0.0,0.0,0.0,1.0,1.0,1.0,0.0,0.0,0.0,1.0,1.0,,,1.0,0.0,1.0,0.0,1.0,0.0,1.0,0.0,0.0,1.0,0.0,0.0,,,1.0,1.0,,1.0,0.0,1.0,0.0,0.0,0.0,1.0,1.0,0.0,1.0,1.0,1.0,1.0,1.0,1.0,1.0,1.0,0.0,,0.0,0.0,1.0,0.0,0.0,,0.0,0.0,1.0,1.0,1.0,1.0,1.0,0.0,1.0,0.0,0.0,1.0,1.0,0.0,1.0,0.0,0.0,1.0,,1.0,1.0,0.0,0.0,1.0,0.0,0.0,1.0,1.0,0.0,1.0,1.0,0.0,0.0,1.0,,0.0,1.0,0.0,0.0,0.0,0.0,0.0,0.0,0.0,0.0,0.0,1.0,0.0,0.0,1.0,1.0,1.0,1.0,0.0,1.0,1.0,1.0,0.0,0.0,0.0,0.0,0.0,1.0,0.0,,0.0,1.0,0.0,1.0,1.0,,,,,,0.0,0.0,0.0,0.0,1.0,,0.0,0.0,0.0,0.0,0.0,1.0,,1.0,,,,1.0,0.0,1.0,,0.0,,0.0,,,,,,,,,,,0.0,0.0,0.0,1.0,1.0,1.0,1.0,1.0,1.0,0.0,1.0,0.0,0.0,0.0,,0.0,1.0,1.0,1.0,0.0,0.0,0.0,0.0,1.0,1.0,0.0,1.0,1.0,0.0,0.0,1.0,0.0,,,1.0,1.0,0.0,1.0,,,1.0,1.0,1.0,1.0,,0.0,1.0,0.0,,,,,,,,0.0
Marco Brasil,,0.0,,,,,,1.0,0.0,,,,,,,,,,,,,,,,,,,,,,,,,,,,,,,,,,,,,,0.0,1.0,,,,,,,,,,,,,,,,,,,,,,,,,,,,,,,,,,,,,,,,,,,,,,,,,,,,,,,,,,,,,,,,,,,,,,,,,,,,,,,,,,,,,,,,,,,,,,,,,,,,,,,,,,,,,,,,,,,,,,,,,,,,,,,,,,,,,,,,,,,,,,,,,,,,,,,,,,,,,,,,,,,,,,,,,,,,,,,,,,,,,,,,,,,,,,,,,,,,,,,,,,,,,,,,,,,,,,,,,,,,,,,,,,,,,,,,,,,,,,,,,,,,,,,,,,,,,,,,,,,,,,,,,,,,,,,,,,,,,,,,,,,,,,,,,,,,,,,,,,,,,,,,,,,,,,,,,,,,,,,,,,,,,,,,,,,,,,,,,,,,,,,,,,,,,,,,,,,,,,,,,,,,,,,,,,,,,,,,,,,,,,,,,,,,,,,,,,,,,,,,,,,,,,,,,,,,,,,,,,,,,,,,,,,,,,,,,,,,,,,,,,,,,,,,,,,,,,,,,
Marcon,1.0,,1.0,1.0,1.0,1.0,1.0,1.0,1.0,1.0,1.0,,1.0,0.0,1.0,1.0,1.0,0.0,1.0,1.0,1.0,,1.0,1.0,,1.0,1.0,0.0,1.0,0.0,,,,,,,,1.0,1.0,1.0,,,,,,,0.0,1.0,,0.0,,1.0,,1.0,1.0,0.0,0.0,1.0,,1.0,,,,,,0.0,,1.0,,,,,,,,1.0,,,,1.0,,1.0,1.0,0.0,1.0,,1.0,1.0,1.0,1.0,,1.0,0.0,1.0,1.0,1.0,1.0,1.0,,0.0,0.0,1.0,,1.0,1.0,1.0,0.0,0.0,1.0,1.0,1.0,0.0,0.0,0.0,0.0,0.0,1.0,0.0,1.0,1.0,0.0,1.0,1.0,0.0,,0.0,0.0,1.0,1.0,1.0,0.0,0.0,1.0,1.0,1.0,,,0.0,1.0,,1.0,0.0,1.0,1.0,0.0,1.0,0.0,0.0,,,,,,,1.0,,0.0,,,0.0,,0.0,,,,,1.0,0.0,1.0,1.0,1.0,0.0,,,,,0.0,0.0,,,0.0,,,,0.0,,,,,0.0,,0.0,1.0,0.0,1.0,,1.0,1.0,1.0,1.0,,,,,,1.0,1.0,1.0,0.0,1.0,1.0,1.0,0.0,1.0,1.0,,0.0,1.0,1.0,0.0,,0.0,,,,0.0,0.0,0.0,0.0,1.0,,1.0,1.0,0.0,0.0,0.0,1.0,0.0,1.0,1.0,0.0,1.0,1.0,1.0,1.0,0.0,1.0,,1.0,,,1.0,,1.0,,0.0,1.0,1.0,,1.0,1.0,1.0,0.0,1.0,0.0,0.0,,1.0,0.0,1.0,0.0,1.0,1.0,,1.0,0.0,0.0,1.0,0.0,1.0,0.0,0.0,0.0,,1.0,1.0,1.0,1.0,0.0,0.0,0.0,1.0,,,0.0,0.0,0.0,1.0,0.0,,0.0,1.0,1.0,1.0,1.0,,,,,1.0,1.0,0.0,0.0,0.0,0.0,0.0,,1.0,1.0,0.0,1.0,0.0,0.0,0.0,1.0,0.0,0.0,1.0,,0.0,0.0,0.0,1.0,1.0,1.0,1.0,0.0,1.0,1.0,1.0,1.0,1.0,1.0,0.0,0.0,0.0,0.0,1.0,1.0,0.0,1.0,1.0,1.0,,0.0,,0.0,1.0,1.0,0.0,1.0,0.0,,0.0,1.0,0.0,0.0,0.0,1.0,0.0,,,0.0,,0.0,1.0,,1.0,1.0,0.0,,,1.0,,1.0,0.0,1.0,0.0,1.0,1.0,1.0,1.0,,,0.0,0.0,1.0,,,,,,1.0,1.0,,1.0,0.0,1.0,0.0,0.0,0.0,0.0,0.0,,,,1.0,1.0,1.0,0.0,,,,,,,,,0.0,,,1.0,0.0,,,0.0,1.0,,0.0,,,,,,,,,,,0.0,0.0,1.0,1.0,1.0,0.0,0.0,0.0,0.0,,1.0,,,0.0,0.0,,0.0,,0.0,1.0,1.0,,,,0.0,0.0,1.0,1.0,1.0,1.0,1.0,,0.0,1.0,0.0,1.0,0.0,1.0,1.0,0.0,,0.0,0.0,1.0,,1.0,0.0,1.0,0.0,,,,0.0,1.0,0.0,1.0
Marcos Aurélio Sampaio,0.0,0.0,1.0,0.0,1.0,1.0,1.0,1.0,0.0,1.0,,1.0,0.0,1.0,,1.0,,1.0,0.0,0.0,1.0,0.0,0.0,1.0,0.0,1.0,0.0,1.0,0.0,1.0,0.0,1.0,0.0,0.0,0.0,0.0,1.0,1.0,0.0,0.0,0.0,,0.0,1.0,0.0,1.0,,,1.0,0.0,0.0,1.0,0.0,1.0,1.0,0.0,0.0,1.0,,1.0,1.0,1.0,1.0,0.0,0.0,1.0,1.0,1.0,0.0,0.0,0.0,,,1.0,0.0,1.0,1.0,0.0,1.0,1.0,1.0,1.0,1.0,0.0,0.0,,1.0,1.0,,,1.0,1.0,1.0,0.0,1.0,1.0,1.0,1.0,,0.0,0.0,0.0,1.0,1.0,1.0,1.0,0.0,0.0,1.0,1.0,1.0,0.0,0.0,,,1.0,,0.0,,,,0.0,,0.0,0.0,1.0,,,1.0,0.0,1.0,0.0,0.0,0.0,,1.0,1.0,1.0,1.0,0.0,0.0,1.0,1.0,0.0,1.0,1.0,0.0,1.0,1.0,0.0,0.0,1.0,,0.0,,0.0,1.0,0.0,1.0,1.0,0.0,,1.0,0.0,1.0,0.0,,,1.0,,1.0,0.0,0.0,1.0,0.0,0.0,1.0,1.0,1.0,1.0,1.0,1.0,0.0,1.0,1.0,1.0,1.0,1.0,1.0,1.0,0.0,1.0,0.0,1.0,,0.0,0.0,0.0,1.0,1.0,0.0,1.0,0.0,,0.0,0.0,0.0,0.0,,0.0,,0.0,1.0,1.0,0.0,,1.0,0.0,0.0,,,1.0,1.0,0.0,1.0,1.0,1.0,1.0,1.0,0.0,0.0,0.0,0.0,1.0,1.0,1.0,0.0,1.0,0.0,0.0,1.0,0.0,,0.0,1.0,1.0,0.0,0.0,0.0,1.0,1.0,,1.0,0.0,0.0,1.0,0.0,1.0,0.0,1.0,1.0,1.0,1.0,1.0,1.0,1.0,1.0,1.0,1.0,0.0,1.0,,0.0,0.0,0.0,1.0,1.0,0.0,,,,,,,0.0,0.0,0.0,0.0,1.0,1.0,1.0,0.0,0.0,,1.0,1.0,,,1.0,0.0,0.0,1.0,0.0,1.0,,0.0,0.0,1.0,0.0,,0.0,0.0,1.0,1.0,1.0,1.0,,1.0,0.0,1.0,0.0,1.0,1.0,0.0,,1.0,1.0,,1.0,1.0,1.0,1.0,0.0,0.0,0.0,0.0,,,0.0,0.0,0.0,0.0,1.0,1.0,1.0,1.0,1.0,0.0,0.0,0.0,,1.0,1.0,1.0,1.0,0.0,0.0,1.0,,0.0,1.0,0.0,0.0,1.0,0.0,0.0,1.0,1.0,0.0,,1.0,,0.0,1.0,1.0,0.0,1.0,0.0,,1.0,0.0,0.0,0.0,0.0,0.0,0.0,1.0,0.0,0.0,1.0,1.0,1.0,1.0,0.0,1.0,1.0,1.0,0.0,0.0,0.0,0.0,0.0,1.0,0.0,0.0,0.0,1.0,0.0,1.0,0.0,0.0,,,,,,,0.0,0.0,1.0,,0.0,0.0,,0.0,0.0,1.0,0.0,1.0,1.0,,0.0,1.0,0.0,1.0,,0.0,0.0,0.0,0.0,0.0,,0.0,0.0,1.0,1.0,,1.0,,1.0,0.0,0.0,1.0,1.0,1.0,1.0,1.0,,0.0,1.0,0.0,,1.0,,,1.0,,,0.0,0.0,0.0,0.0,,,0.0,1.0,1.0,0.0,0.0,1.0,,0.0,0.0,1.0,,0.0,1.0,1.0,,,1.0,1.0,1.0,,,1.0,0.0,0.0,0.0,0.0,0.0,0.0,1.0,0.0,0.0
Marcos Pereira,0.0,0.0,1.0,,,1.0,1.0,1.0,0.0,1.0,0.0,,1.0,0.0,,1.0,1.0,1.0,1.0,0.0,1.0,0.0,1.0,1.0,,,0.0,,1.0,,,,0.0,,,0.0,1.0,,,,,,0.0,,,1.0,0.0,1.0,1.0,,0.0,,0.0,1.0,1.0,0.0,,,,1.0,1.0,1.0,,,,1.0,0.0,1.0,0.0,0.0,,0.0,,,,,,,,,,,,,1.0,,,,,1.0,1.0,1.0,,0.0,1.0,1.0,,,,,,,,0.0,0.0,0.0,0.0,1.0,1.0,0.0,1.0,1.0,1.0,,,,,,,,,,,,,,,0.0,,,,0.0,,1.0,,,,,1.0,0.0,0.0,0.0,1.0,0.0,0.0,1.0,0.0,1.0,,,,1.0,1.0,0.0,,,,,,,,,,,,,0.0,,1.0,1.0,1.0,,0.0,1.0,0.0,0.0,1.0,1.0,1.0,1.0,1.0,0.0,0.0,1.0,1.0,,,1.0,1.0,1.0,,,0.0,,0.0,0.0,,0.0,,1.0,0.0,1.0,0.0,,0.0,0.0,0.0,0.0,,,,,1.0,1.0,0.0,0.0,,,0.0,1.0,1.0,1.0,1.0,0.0,1.0,1.0,1.0,1.0,1.0,0.0,0.0,0.0,0.0,1.0,1.0,1.0,0.0,1.0,0.0,0.0,1.0,0.0,,,,,0.0,0.0,0.0,1.0,,1.0,1.0,0.0,,1.0,0.0,1.0,0.0,1.0,1.0,1.0,1.0,1.0,1.0,1.0,1.0,,,0.0,1.0,,,,,,0.0,,,,,,,,0.0,0.0,0.0,0.0,,1.0,1.0,1.0,0.0,0.0,1.0,,,,,0.0,1.0,,,0.0,,,0.0,,0.0,0.0,0.0,,,1.0,1.0,1.0,0.0,1.0,0.0,1.0,0.0,1.0,1.0,0.0,1.0,1.0,1.0,1.0,1.0,1.0,1.0,1.0,0.0,,0.0,0.0,1.0,,0.0,0.0,0.0,0.0,,1.0,0.0,1.0,1.0,0.0,1.0,,0.0,1.0,1.0,,,,0.0,1.0,,,,0.0,,,,,1.0,1.0,0.0,1.0,1.0,0.0,,,,,,,,1.0,,,,,,0.0,1.0,0.0,0.0,1.0,1.0,1.0,,,,1.0,,,0.0,0.0,0.0,0.0,,,,0.0,,,,,,,,0.0,1.0,,,,,1.0,0.0,0.0,0.0,,0.0,0.0,1.0,,,,,,,,,,,,0.0,,0.0,0.0,,0.0,,1.0,,,,1.0,0.0,,1.0,0.0,,1.0,,0.0,,1.0,,0.0,,,,,,,,,,,,,,1.0,1.0,,0.0,,,0.0,0.0,1.0,,,,0.0,0.0,1.0,,,1.0,,,,,,,,,,,,0.0
Marcos Soares,,0.0,,,,,,,,1.0,,,1.0,0.0,,,,1.0,0.0,0.0,,,,0.0,,,,,,,,,,,,,,,,,,,,,,1.0,0.0,,,,,,,,,0.0,,1.0,,,1.0,1.0,,,,,0.0,,,,,,,,,,,,,,,,,,,,,,1.0,,,1.0,1.0,0.0,,,,,,,,,,,,,,,,,,,,,,,,,,,,,,,,,,,,,,,,,,,,,,,,,1.0,0.0,0.0,1.0,,1.0,,,,,,,,,,,,,,,,,,,,,,0.0,1.0,,,,,,,,,,,,,,,,,,,,,,,,,,,,,,,,,,,,,,,,,,,,,,,,,,,,,,,,,,,,,,,,,,,,,,,,,,,,,,,,,,,,,,,,,,,,,,,,,,,,,,,,,,,,,,,,,,,,,,,,,,,,,,,,,,,,,,,,,,,,,,,,,,,,,,,,,,,,,,,,,,,,,,,,,,,,,,,,,,,,,,,,,,,,,,,,,,,,,,,,,,,,,,,,,,,,,,,,,,,,,,,,,,,,,,,,,,,,,,,,,,,,,,,,,,,,,,,,,,,,,,,,,,,,,,,,,,,,,,,,,,,,,,,,,,,,,,,,,,,,,,,,,,,,,,,,,,,,,,,,,,,,,,,,,,,,,,
Marcão Gomes,,,1.0,0.0,1.0,1.0,1.0,,,,,,,,,,,,,,,,,,,,,,,,,,,,,,,,,,,,,,,,,,,,,,,,,,,,,,,,,,,,,,,,,,,,,,,,,,,,,,,,,,,,,,,,,,,,,,,,,,,,,,,,,,,,,,,,,,,,,,0.0,,,0.0,0.0,0.0,1.0,0.0,0.0,0.0,0.0,,1.0,1.0,1.0,0.0,0.0,0.0,,,,,,,1.0,0.0,0.0,,1.0,0.0,0.0,0.0,1.0,0.0,1.0,1.0,0.0,0.0,,,1.0,0.0,,,1.0,,,0.0,0.0,1.0,0.0,,1.0,1.0,1.0,1.0,1.0,0.0,0.0,1.0,1.0,1.0,1.0,1.0,1.0,1.0,0.0,0.0,0.0,,0.0,,,0.0,1.0,1.0,,1.0,,,0.0,0.0,0.0,0.0,1.0,0.0,0.0,0.0,1.0,1.0,0.0,0.0,,0.0,0.0,,1.0,,1.0,,1.0,,1.0,1.0,1.0,0.0,0.0,,0.0,1.0,1.0,1.0,0.0,1.0,0.0,0.0,1.0,0.0,,0.0,1.0,1.0,0.0,,,1.0,1.0,1.0,1.0,0.0,0.0,,0.0,1.0,,1.0,1.0,,1.0,1.0,1.0,1.0,1.0,1.0,1.0,0.0,1.0,0.0,,0.0,,1.0,0.0,0.0,1.0,0.0,1.0,1.0,1.0,1.0,0.0,0.0,0.0,0.0,1.0,1.0,1.0,0.0,0.0,0.0,1.0,1.0,1.0,0.0,1.0,0.0,1.0,0.0,1.0,0.0,,,,,,,,,,,,,0.0,1.0,0.0,1.0,0.0,,1.0,0.0,1.0,1.0,1.0,1.0,1.0,1.0,1.0,1.0,0.0,,,0.0,1.0,0.0,,0.0,0.0,0.0,1.0,1.0,1.0,1.0,,0.0,,0.0,0.0,1.0,1.0,0.0,1.0,0.0,0.0,1.0,,1.0,,,,,,,,,,,,,,,,0.0,,0.0,0.0,1.0,0.0,0.0,0.0,0.0,0.0,0.0,0.0,0.0,0.0,1.0,1.0,0.0,,,1.0,,1.0,,,,,,,,,,,,,,,,,,,,,,,,,,,,,,,,,,,,,,,,,,,,,,,,,,,,,,,,,,,,,,,,,,,,,,,,,,,,,,,,,,,,,,,,,,,,,,,,,,0.0,,0.0,,,,,,,,
Margarete Coelho,0.0,,1.0,0.0,,1.0,1.0,,,1.0,0.0,1.0,0.0,1.0,0.0,1.0,0.0,1.0,0.0,0.0,1.0,,0.0,1.0,,1.0,0.0,1.0,0.0,1.0,0.0,1.0,,0.0,0.0,0.0,1.0,1.0,0.0,0.0,0.0,1.0,0.0,1.0,0.0,1.0,0.0,,1.0,0.0,0.0,1.0,0.0,,,,0.0,1.0,0.0,1.0,1.0,1.0,,,0.0,1.0,1.0,1.0,0.0,,,,0.0,1.0,0.0,,,,,1.0,1.0,,1.0,0.0,0.0,,1.0,1.0,1.0,,,1.0,1.0,0.0,1.0,1.0,1.0,,,,,0.0,1.0,1.0,1.0,1.0,0.0,0.0,1.0,1.0,1.0,0.0,0.0,1.0,1.0,1.0,0.0,,,,1.0,0.0,0.0,0.0,0.0,1.0,,0.0,0.0,0.0,1.0,0.0,0.0,0.0,0.0,1.0,1.0,1.0,1.0,1.0,,1.0,1.0,0.0,0.0,1.0,0.0,1.0,1.0,,,,,0.0,,,1.0,0.0,1.0,1.0,,0.0,1.0,0.0,,0.0,0.0,0.0,1.0,,1.0,0.0,0.0,,,0.0,1.0,1.0,1.0,1.0,1.0,1.0,0.0,1.0,1.0,,1.0,1.0,1.0,,,1.0,0.0,1.0,0.0,0.0,0.0,0.0,1.0,1.0,0.0,1.0,,,0.0,0.0,,0.0,1.0,0.0,0.0,0.0,1.0,,0.0,0.0,1.0,,0.0,1.0,,1.0,,0.0,1.0,1.0,,1.0,,,0.0,0.0,0.0,1.0,1.0,1.0,0.0,1.0,0.0,0.0,1.0,,0.0,0.0,1.0,,0.0,0.0,0.0,1.0,,,1.0,0.0,0.0,1.0,0.0,,0.0,1.0,1.0,1.0,1.0,1.0,,1.0,1.0,1.0,1.0,0.0,1.0,0.0,0.0,0.0,0.0,1.0,0.0,0.0,,,,,,,,0.0,0.0,0.0,,1.0,1.0,,,,1.0,,,,1.0,,1.0,,1.0,0.0,1.0,,0.0,1.0,0.0,,,,,,,1.0,0.0,1.0,0.0,1.0,0.0,1.0,1.0,0.0,1.0,1.0,1.0,1.0,1.0,1.0,1.0,,,,,,,0.0,0.0,0.0,0.0,0.0,,1.0,1.0,1.0,1.0,,1.0,,0.0,1.0,,0.0,,0.0,0.0,,,1.0,0.0,,,1.0,0.0,,1.0,,,1.0,1.0,0.0,,,1.0,0.0,1.0,0.0,0.0,,0.0,0.0,,0.0,,0.0,1.0,0.0,0.0,1.0,,1.0,,0.0,1.0,,,,0.0,0.0,0.0,0.0,0.0,0.0,0.0,0.0,1.0,0.0,1.0,1.0,,1.0,1.0,0.0,1.0,0.0,,,0.0,1.0,0.0,0.0,0.0,0.0,,0.0,1.0,,1.0,1.0,0.0,0.0,1.0,,1.0,1.0,0.0,0.0,0.0,0.0,,0.0,0.0,0.0,,1.0,,1.0,0.0,,0.0,,1.0,,1.0,1.0,1.0,,0.0,1.0,0.0,0.0,,0.0,,1.0,,1.0,0.0,0.0,,0.0,0.0,1.0,,,,,0.0,,,0.0,0.0,1.0,1.0,,1.0,1.0,,1.0,1.0,,1.0,,,1.0,0.0,,,,,,,,0.0
Margarida Salomão,,,1.0,1.0,1.0,1.0,1.0,,,,,,,,,,,,,,,,,,,1.0,1.0,0.0,1.0,0.0,,,,,,,,1.0,,1.0,,1.0,0.0,0.0,,,,,,,,,,,,,,,0.0,,,,,,,,,1.0,,,,,,,,,,,,,,1.0,1.0,0.0,1.0,,1.0,1.0,,,,,,,,,,,,0.0,0.0,,0.0,,,,,,,,,,,0.0,0.0,,,0.0,1.0,,0.0,1.0,1.0,0.0,1.0,0.0,0.0,1.0,0.0,1.0,0.0,1.0,1.0,1.0,1.0,0.0,0.0,0.0,1.0,0.0,1.0,0.0,,,,,,,,,,,,,1.0,,0.0,,,,,,,,,,1.0,,1.0,,,0.0,,,,,0.0,,0.0,0.0,0.0,0.0,0.0,0.0,0.0,0.0,,0.0,0.0,0.0,1.0,0.0,1.0,0.0,,0.0,1.0,1.0,,,0.0,1.0,,,1.0,1.0,1.0,1.0,0.0,0.0,1.0,1.0,0.0,,1.0,,0.0,1.0,1.0,0.0,0.0,0.0,0.0,1.0,0.0,0.0,0.0,0.0,0.0,1.0,1.0,1.0,1.0,0.0,0.0,0.0,1.0,0.0,1.0,1.0,,1.0,,1.0,,0.0,1.0,1.0,1.0,1.0,,1.0,0.0,1.0,1.0,0.0,1.0,1.0,0.0,1.0,0.0,1.0,0.0,1.0,0.0,,1.0,1.0,0.0,1.0,0.0,1.0,1.0,1.0,1.0,0.0,0.0,1.0,0.0,,0.0,0.0,0.0,0.0,1.0,1.0,1.0,1.0,0.0,0.0,0.0,1.0,,1.0,0.0,0.0,0.0,1.0,0.0,1.0,0.0,,1.0,1.0,,,1.0,0.0,0.0,1.0,1.0,0.0,0.0,0.0,0.0,0.0,1.0,1.0,,0.0,1.0,0.0,0.0,0.0,1.0,0.0,0.0,1.0,1.0,0.0,0.0,0.0,,1.0,,1.0,0.0,1.0,0.0,1.0,1.0,1.0,1.0,0.0,0.0,0.0,0.0,1.0,1.0,,1.0,1.0,0.0,1.0,0.0,1.0,0.0,1.0,1.0,0.0,1.0,0.0,0.0,0.0,1.0,0.0,0.0,0.0,1.0,0.0,,,0.0,,0.0,1.0,1.0,1.0,1.0,0.0,0.0,1.0,1.0,1.0,1.0,0.0,1.0,0.0,1.0,1.0,,1.0,,0.0,0.0,0.0,,,,,,,1.0,1.0,,1.0,0.0,1.0,,0.0,,,,,,,1.0,1.0,1.0,0.0,,,,,,,,,0.0,0.0,1.0,,0.0,,,0.0,1.0,,,,,,,,,,,,1.0,0.0,,,1.0,1.0,,0.0,0.0,,1.0,1.0,1.0,1.0,,0.0,0.0,0.0,0.0,0.0,1.0,1.0,0.0,,1.0,0.0,0.0,1.0,1.0,,1.0,,,0.0,1.0,0.0,1.0,,1.0,1.0,,1.0,0.0,,1.0,,1.0,0.0,1.0,0.0,0.0,,,0.0,1.0,0.0,
Maria Rosas,0.0,0.0,1.0,0.0,1.0,1.0,1.0,1.0,0.0,1.0,0.0,1.0,,,,,,,,,,0.0,1.0,1.0,0.0,1.0,0.0,0.0,1.0,,0.0,0.0,0.0,0.0,0.0,0.0,1.0,0.0,0.0,0.0,0.0,1.0,0.0,1.0,0.0,1.0,0.0,1.0,1.0,0.0,0.0,1.0,,,,,,1.0,0.0,,,,1.0,,0.0,,,1.0,,,0.0,0.0,0.0,1.0,0.0,1.0,1.0,0.0,1.0,1.0,1.0,1.0,1.0,0.0,1.0,,1.0,1.0,1.0,1.0,1.0,1.0,,,,1.0,1.0,1.0,,,,0.0,1.0,0.0,0.0,0.0,0.0,1.0,1.0,0.0,1.0,1.0,1.0,1.0,1.0,1.0,0.0,0.0,0.0,0.0,1.0,0.0,0.0,0.0,0.0,1.0,1.0,0.0,0.0,0.0,1.0,0.0,0.0,1.0,0.0,1.0,1.0,1.0,1.0,0.0,0.0,0.0,1.0,0.0,0.0,1.0,0.0,1.0,1.0,0.0,0.0,1.0,1.0,0.0,,0.0,1.0,0.0,1.0,1.0,0.0,0.0,1.0,0.0,1.0,0.0,0.0,0.0,1.0,,,0.0,0.0,1.0,0.0,0.0,1.0,1.0,1.0,1.0,1.0,0.0,0.0,0.0,1.0,1.0,1.0,1.0,1.0,1.0,0.0,0.0,0.0,0.0,0.0,0.0,0.0,0.0,1.0,1.0,0.0,1.0,,,0.0,0.0,0.0,0.0,1.0,0.0,0.0,0.0,1.0,1.0,0.0,,1.0,0.0,0.0,1.0,1.0,1.0,1.0,0.0,1.0,1.0,1.0,1.0,1.0,0.0,0.0,0.0,0.0,1.0,1.0,1.0,0.0,1.0,0.0,0.0,1.0,0.0,0.0,1.0,1.0,1.0,0.0,0.0,0.0,1.0,1.0,1.0,1.0,0.0,0.0,1.0,0.0,1.0,0.0,1.0,1.0,1.0,1.0,1.0,1.0,1.0,1.0,1.0,1.0,0.0,,0.0,0.0,0.0,0.0,1.0,0.0,0.0,1.0,0.0,1.0,1.0,1.0,1.0,0.0,0.0,0.0,0.0,1.0,1.0,1.0,0.0,0.0,0.0,1.0,1.0,1.0,0.0,1.0,0.0,1.0,0.0,0.0,0.0,1.0,0.0,0.0,1.0,0.0,0.0,0.0,0.0,1.0,1.0,1.0,1.0,0.0,1.0,0.0,1.0,0.0,1.0,1.0,0.0,1.0,1.0,1.0,1.0,1.0,1.0,1.0,1.0,0.0,0.0,0.0,0.0,1.0,0.0,0.0,0.0,0.0,0.0,1.0,1.0,0.0,1.0,1.0,0.0,1.0,0.0,0.0,1.0,1.0,1.0,1.0,0.0,0.0,1.0,0.0,0.0,0.0,0.0,0.0,1.0,0.0,1.0,1.0,1.0,0.0,1.0,1.0,0.0,0.0,1.0,1.0,0.0,1.0,0.0,0.0,1.0,0.0,0.0,0.0,0.0,0.0,0.0,1.0,0.0,0.0,1.0,1.0,1.0,1.0,0.0,1.0,1.0,1.0,0.0,0.0,0.0,0.0,0.0,1.0,0.0,0.0,0.0,1.0,0.0,1.0,1.0,1.0,0.0,1.0,0.0,1.0,0.0,0.0,0.0,0.0,1.0,0.0,0.0,0.0,0.0,0.0,0.0,1.0,0.0,1.0,,,0.0,1.0,,,,,0.0,0.0,0.0,0.0,0.0,0.0,0.0,1.0,1.0,0.0,1.0,,1.0,0.0,1.0,1.0,0.0,0.0,1.0,1.0,0.0,0.0,1.0,0.0,0.0,0.0,0.0,0.0,1.0,1.0,1.0,0.0,0.0,0.0,0.0,1.0,1.0,0.0,1.0,1.0,0.0,0.0,1.0,0.0,0.0,0.0,1.0,1.0,0.0,1.0,0.0,0.0,1.0,1.0,1.0,1.0,0.0,0.0,1.0,0.0,,,,,,,,0.0
Maria do Rosário,1.0,,1.0,1.0,1.0,1.0,1.0,1.0,1.0,,,,1.0,0.0,1.0,1.0,1.0,0.0,1.0,1.0,1.0,,1.0,,,1.0,,1.0,1.0,0.0,,,,,,,,,,,,1.0,,0.0,,1.0,0.0,,1.0,0.0,0.0,1.0,0.0,1.0,1.0,0.0,0.0,1.0,,1.0,,,0.0,,,,,1.0,,,,0.0,,,,,,,,1.0,,1.0,,,1.0,,1.0,1.0,1.0,1.0,,1.0,0.0,1.0,1.0,1.0,1.0,1.0,,,,1.0,0.0,1.0,1.0,1.0,0.0,0.0,1.0,1.0,1.0,0.0,0.0,0.0,0.0,0.0,,0.0,1.0,1.0,0.0,1.0,1.0,0.0,1.0,0.0,0.0,1.0,0.0,1.0,0.0,1.0,1.0,1.0,1.0,0.0,0.0,0.0,1.0,0.0,1.0,0.0,1.0,1.0,0.0,1.0,,1.0,,,,,,,,,,,,,,0.0,,,,,1.0,0.0,1.0,,1.0,0.0,,,,,0.0,0.0,0.0,0.0,0.0,0.0,0.0,0.0,0.0,0.0,0.0,0.0,0.0,0.0,1.0,0.0,1.0,0.0,,0.0,1.0,1.0,1.0,1.0,0.0,1.0,,,1.0,1.0,1.0,1.0,0.0,,1.0,1.0,0.0,1.0,1.0,0.0,,1.0,1.0,0.0,0.0,0.0,,1.0,0.0,0.0,0.0,0.0,0.0,1.0,1.0,1.0,,0.0,0.0,0.0,1.0,0.0,1.0,1.0,0.0,1.0,1.0,1.0,1.0,0.0,1.0,1.0,1.0,,1.0,1.0,0.0,1.0,,0.0,,1.0,0.0,1.0,0.0,1.0,0.0,1.0,0.0,0.0,1.0,1.0,0.0,1.0,0.0,1.0,1.0,1.0,1.0,0.0,0.0,1.0,0.0,1.0,0.0,0.0,0.0,0.0,1.0,1.0,1.0,,0.0,0.0,0.0,1.0,,,0.0,0.0,0.0,1.0,0.0,1.0,0.0,1.0,1.0,1.0,1.0,0.0,,0.0,0.0,1.0,,1.0,,0.0,0.0,0.0,,1.0,1.0,0.0,1.0,0.0,0.0,1.0,1.0,0.0,0.0,1.0,1.0,0.0,0.0,0.0,1.0,,1.0,,0.0,1.0,,1.0,1.0,1.0,1.0,0.0,0.0,0.0,0.0,1.0,1.0,0.0,1.0,1.0,,,,1.0,0.0,0.0,1.0,0.0,1.0,0.0,0.0,0.0,1.0,,0.0,0.0,1.0,0.0,,,0.0,1.0,0.0,,,1.0,1.0,0.0,0.0,1.0,1.0,1.0,1.0,0.0,1.0,0.0,1.0,1.0,1.0,1.0,1.0,,0.0,0.0,,,,,,,1.0,1.0,,1.0,0.0,1.0,0.0,0.0,0.0,0.0,,,,,1.0,1.0,,0.0,,,,,,,,,0.0,0.0,,1.0,0.0,,0.0,0.0,,,,,,,,,,,,,1.0,0.0,0.0,1.0,1.0,1.0,0.0,0.0,0.0,0.0,,1.0,,1.0,1.0,0.0,0.0,0.0,,0.0,1.0,1.0,0.0,1.0,,0.0,0.0,1.0,1.0,,1.0,,,0.0,1.0,0.0,1.0,0.0,,1.0,0.0,1.0,0.0,0.0,1.0,1.0,1.0,0.0,1.0,0.0,0.0,0.0,,0.0,1.0,0.0,1.0
Mariana Carvalho,,,1.0,0.0,,1.0,1.0,,,1.0,0.0,,0.0,1.0,0.0,1.0,0.0,1.0,0.0,0.0,1.0,1.0,,1.0,0.0,1.0,0.0,1.0,1.0,1.0,0.0,1.0,,,0.0,0.0,,1.0,0.0,0.0,0.0,0.0,0.0,1.0,0.0,,,,,,,,,1.0,1.0,0.0,,1.0,0.0,1.0,1.0,1.0,,,,1.0,1.0,1.0,,,0.0,,,1.0,0.0,1.0,1.0,0.0,1.0,1.0,1.0,1.0,1.0,0.0,0.0,,,,1.0,,1.0,1.0,0.0,0.0,0.0,,1.0,,,0.0,0.0,1.0,1.0,0.0,0.0,0.0,0.0,1.0,1.0,0.0,1.0,1.0,1.0,1.0,1.0,1.0,0.0,1.0,0.0,,1.0,0.0,,,0.0,1.0,0.0,1.0,0.0,0.0,,1.0,1.0,0.0,1.0,1.0,1.0,1.0,1.0,0.0,0.0,0.0,,,,,,,,0.0,0.0,,1.0,,,,,0.0,1.0,1.0,,,1.0,0.0,1.0,,0.0,0.0,1.0,1.0,1.0,0.0,0.0,1.0,0.0,,1.0,1.0,1.0,1.0,1.0,1.0,1.0,1.0,1.0,1.0,1.0,1.0,0.0,1.0,0.0,0.0,1.0,0.0,0.0,0.0,0.0,0.0,1.0,1.0,0.0,1.0,0.0,,0.0,0.0,0.0,0.0,1.0,0.0,1.0,0.0,1.0,0.0,0.0,0.0,1.0,0.0,0.0,1.0,0.0,0.0,1.0,,,,,,,0.0,0.0,,,1.0,1.0,1.0,0.0,1.0,0.0,,1.0,0.0,1.0,0.0,1.0,1.0,0.0,0.0,1.0,,1.0,1.0,1.0,1.0,0.0,1.0,0.0,1.0,,1.0,1.0,1.0,1.0,1.0,1.0,1.0,1.0,0.0,1.0,1.0,1.0,1.0,0.0,0.0,0.0,1.0,0.0,0.0,1.0,0.0,1.0,1.0,1.0,1.0,0.0,0.0,0.0,0.0,1.0,1.0,1.0,1.0,0.0,0.0,0.0,1.0,1.0,1.0,1.0,0.0,0.0,1.0,1.0,1.0,1.0,0.0,0.0,1.0,0.0,0.0,0.0,0.0,1.0,1.0,1.0,1.0,,1.0,0.0,1.0,0.0,1.0,1.0,0.0,1.0,1.0,1.0,1.0,1.0,1.0,1.0,1.0,0.0,0.0,0.0,0.0,1.0,0.0,0.0,0.0,0.0,0.0,,1.0,1.0,1.0,0.0,1.0,,0.0,1.0,1.0,,1.0,1.0,,,,1.0,0.0,1.0,0.0,0.0,1.0,1.0,0.0,1.0,0.0,1.0,0.0,0.0,0.0,0.0,1.0,1.0,0.0,,0.0,0.0,1.0,0.0,1.0,1.0,0.0,0.0,0.0,1.0,0.0,1.0,1.0,1.0,1.0,1.0,0.0,1.0,1.0,1.0,0.0,0.0,0.0,0.0,0.0,1.0,0.0,0.0,0.0,1.0,0.0,1.0,0.0,0.0,1.0,0.0,0.0,1.0,0.0,0.0,0.0,1.0,1.0,0.0,0.0,0.0,0.0,0.0,0.0,1.0,0.0,1.0,1.0,0.0,0.0,1.0,0.0,1.0,1.0,0.0,0.0,0.0,0.0,0.0,0.0,0.0,0.0,1.0,1.0,0.0,1.0,0.0,0.0,0.0,1.0,1.0,1.0,,,1.0,0.0,0.0,1.0,0.0,1.0,0.0,0.0,0.0,1.0,0.0,1.0,0.0,0.0,0.0,0.0,1.0,1.0,0.0,1.0,1.0,0.0,0.0,1.0,0.0,0.0,0.0,1.0,0.0,0.0,1.0,0.0,0.0,1.0,,1.0,1.0,0.0,0.0,1.0,0.0,0.0,0.0,0.0,0.0,0.0,1.0,0.0,0.0
Marina Santos,0.0,,1.0,1.0,1.0,1.0,1.0,,,1.0,0.0,1.0,0.0,1.0,0.0,1.0,0.0,1.0,0.0,1.0,1.0,0.0,1.0,1.0,0.0,1.0,0.0,0.0,0.0,1.0,0.0,1.0,0.0,0.0,0.0,0.0,1.0,1.0,,0.0,0.0,0.0,0.0,1.0,0.0,1.0,,1.0,,0.0,0.0,1.0,0.0,1.0,1.0,0.0,0.0,1.0,0.0,1.0,1.0,1.0,0.0,,0.0,,1.0,1.0,0.0,0.0,0.0,0.0,0.0,1.0,0.0,1.0,1.0,0.0,1.0,1.0,1.0,1.0,1.0,0.0,1.0,,1.0,1.0,1.0,1.0,1.0,1.0,1.0,0.0,,1.0,1.0,1.0,,,,,,1.0,1.0,0.0,0.0,0.0,1.0,1.0,1.0,,,,1.0,1.0,0.0,0.0,0.0,0.0,1.0,0.0,0.0,0.0,,1.0,0.0,1.0,0.0,0.0,1.0,0.0,0.0,0.0,0.0,1.0,1.0,1.0,1.0,0.0,0.0,0.0,1.0,0.0,0.0,1.0,0.0,1.0,1.0,0.0,0.0,1.0,1.0,0.0,0.0,0.0,1.0,0.0,1.0,1.0,0.0,0.0,1.0,0.0,1.0,0.0,0.0,0.0,1.0,1.0,,0.0,0.0,1.0,0.0,0.0,1.0,1.0,1.0,1.0,1.0,1.0,0.0,1.0,1.0,1.0,1.0,1.0,1.0,1.0,0.0,0.0,0.0,1.0,0.0,0.0,1.0,0.0,1.0,1.0,0.0,1.0,0.0,,0.0,0.0,0.0,0.0,1.0,0.0,0.0,0.0,1.0,1.0,0.0,0.0,1.0,0.0,0.0,1.0,1.0,1.0,1.0,0.0,1.0,1.0,1.0,1.0,1.0,0.0,0.0,0.0,0.0,1.0,1.0,1.0,0.0,1.0,0.0,1.0,0.0,0.0,0.0,1.0,1.0,1.0,1.0,0.0,1.0,1.0,1.0,1.0,0.0,0.0,0.0,1.0,0.0,1.0,0.0,1.0,1.0,1.0,1.0,1.0,0.0,1.0,1.0,0.0,1.0,0.0,0.0,0.0,,0.0,0.0,1.0,0.0,0.0,1.0,0.0,1.0,1.0,1.0,1.0,0.0,0.0,0.0,0.0,1.0,1.0,1.0,0.0,0.0,0.0,1.0,1.0,1.0,0.0,1.0,1.0,1.0,1.0,1.0,1.0,1.0,0.0,0.0,1.0,0.0,0.0,0.0,0.0,1.0,1.0,1.0,1.0,0.0,1.0,0.0,1.0,,1.0,1.0,0.0,1.0,1.0,1.0,1.0,1.0,1.0,1.0,1.0,0.0,0.0,0.0,0.0,1.0,0.0,0.0,0.0,0.0,0.0,,1.0,1.0,1.0,1.0,1.0,1.0,0.0,0.0,1.0,1.0,1.0,1.0,0.0,0.0,1.0,0.0,0.0,0.0,0.0,0.0,1.0,0.0,0.0,1.0,1.0,0.0,,1.0,0.0,,1.0,1.0,0.0,1.0,0.0,0.0,1.0,0.0,0.0,,0.0,0.0,0.0,1.0,0.0,0.0,1.0,1.0,1.0,,0.0,1.0,1.0,0.0,0.0,0.0,0.0,0.0,0.0,1.0,0.0,0.0,0.0,1.0,0.0,1.0,1.0,1.0,0.0,,,1.0,0.0,0.0,0.0,0.0,1.0,0.0,0.0,,,0.0,0.0,1.0,0.0,1.0,1.0,0.0,0.0,1.0,0.0,1.0,1.0,0.0,,0.0,0.0,0.0,0.0,0.0,0.0,1.0,1.0,0.0,1.0,,1.0,0.0,0.0,1.0,,,1.0,1.0,1.0,0.0,1.0,0.0,,0.0,0.0,0.0,1.0,1.0,1.0,0.0,0.0,0.0,0.0,,1.0,0.0,1.0,1.0,0.0,0.0,1.0,,0.0,0.0,1.0,1.0,0.0,1.0,0.0,0.0,1.0,1.0,1.0,,0.0,0.0,1.0,0.0,,,,,,1.0,,0.0
Marlon Santos,,0.0,1.0,0.0,1.0,,1.0,1.0,0.0,1.0,,,0.0,1.0,0.0,1.0,0.0,1.0,0.0,0.0,1.0,0.0,,1.0,,1.0,0.0,0.0,1.0,0.0,,,,,,,,,,,,1.0,0.0,0.0,,,0.0,1.0,,,,,0.0,1.0,1.0,0.0,0.0,1.0,0.0,1.0,1.0,1.0,1.0,,,1.0,1.0,1.0,0.0,0.0,0.0,0.0,0.0,1.0,0.0,1.0,,,,1.0,1.0,,,,1.0,,,,1.0,1.0,1.0,1.0,1.0,0.0,0.0,,,,,,0.0,0.0,1.0,,,0.0,0.0,1.0,0.0,0.0,0.0,,,1.0,1.0,1.0,,0.0,0.0,,1.0,0.0,0.0,0.0,,1.0,,1.0,1.0,0.0,,1.0,1.0,0.0,0.0,1.0,1.0,1.0,,,0.0,0.0,1.0,,1.0,1.0,0.0,1.0,1.0,0.0,0.0,1.0,1.0,0.0,0.0,0.0,1.0,,,,0.0,0.0,1.0,0.0,1.0,0.0,,,,,1.0,0.0,0.0,,,,,,,,1.0,1.0,0.0,0.0,1.0,1.0,,1.0,1.0,1.0,1.0,0.0,1.0,,0.0,,0.0,0.0,1.0,0.0,,1.0,0.0,,0.0,0.0,0.0,1.0,1.0,0.0,0.0,0.0,1.0,1.0,,0.0,1.0,0.0,0.0,,,1.0,,0.0,1.0,1.0,1.0,1.0,1.0,,,,0.0,1.0,1.0,1.0,0.0,1.0,0.0,,1.0,,0.0,,,,0.0,,1.0,,1.0,,,,1.0,,0.0,,,,,,,,1.0,1.0,,,1.0,1.0,,1.0,1.0,0.0,0.0,1.0,1.0,1.0,0.0,,,,,,0.0,1.0,0.0,0.0,,1.0,1.0,0.0,0.0,0.0,0.0,,,,,0.0,0.0,0.0,1.0,1.0,1.0,,,1.0,0.0,0.0,0.0,0.0,1.0,1.0,1.0,,,1.0,,1.0,0.0,1.0,1.0,1.0,1.0,0.0,1.0,1.0,1.0,1.0,1.0,0.0,,,,0.0,1.0,0.0,,,0.0,1.0,1.0,1.0,1.0,0.0,0.0,0.0,1.0,0.0,0.0,1.0,1.0,1.0,1.0,0.0,0.0,1.0,,0.0,0.0,0.0,0.0,1.0,0.0,0.0,1.0,1.0,0.0,1.0,1.0,0.0,0.0,1.0,1.0,0.0,,,0.0,,0.0,,1.0,0.0,0.0,,1.0,0.0,0.0,1.0,1.0,1.0,1.0,,0.0,1.0,1.0,,,,,,,,,,,,1.0,0.0,1.0,,,,,0.0,0.0,0.0,0.0,1.0,,0.0,0.0,0.0,0.0,,1.0,0.0,,,0.0,,1.0,,1.0,1.0,0.0,0.0,,,,,,,,,,,,1.0,0.0,0.0,1.0,1.0,1.0,1.0,1.0,0.0,0.0,1.0,0.0,0.0,0.0,0.0,0.0,1.0,1.0,1.0,0.0,0.0,0.0,0.0,1.0,1.0,0.0,,1.0,0.0,0.0,1.0,,,,1.0,1.0,0.0,1.0,1.0,0.0,1.0,1.0,,1.0,0.0,0.0,1.0,0.0,0.0,0.0,,,0.0,1.0,0.0,0.0
Marreca Filho,0.0,0.0,1.0,0.0,1.0,1.0,1.0,,,,1.0,,1.0,1.0,0.0,1.0,0.0,1.0,0.0,1.0,,,,1.0,,1.0,0.0,0.0,1.0,1.0,0.0,1.0,0.0,,0.0,,,1.0,0.0,,,1.0,0.0,1.0,0.0,1.0,,1.0,1.0,0.0,0.0,1.0,,1.0,1.0,0.0,0.0,1.0,,0.0,,,0.0,,0.0,1.0,,1.0,0.0,0.0,0.0,,0.0,1.0,0.0,1.0,1.0,0.0,1.0,,1.0,,1.0,,0.0,,1.0,1.0,1.0,1.0,1.0,1.0,1.0,0.0,0.0,1.0,1.0,1.0,,,,0.0,1.0,1.0,1.0,1.0,0.0,0.0,1.0,1.0,1.0,0.0,0.0,1.0,1.0,1.0,0.0,0.0,,,,,0.0,0.0,0.0,1.0,0.0,0.0,0.0,0.0,1.0,0.0,1.0,,0.0,1.0,1.0,1.0,1.0,0.0,0.0,0.0,,,,,,,1.0,,,,,,,,,,1.0,1.0,0.0,,1.0,0.0,,,,,,1.0,,1.0,0.0,,0.0,0.0,1.0,1.0,0.0,0.0,0.0,,0.0,0.0,,1.0,0.0,,,1.0,0.0,1.0,0.0,,0.0,0.0,0.0,0.0,,,0.0,1.0,0.0,,0.0,0.0,0.0,0.0,1.0,,,,1.0,1.0,0.0,0.0,,,,,,,1.0,0.0,1.0,1.0,1.0,1.0,1.0,0.0,0.0,,,1.0,1.0,1.0,0.0,1.0,0.0,0.0,1.0,0.0,,0.0,,0.0,1.0,0.0,0.0,1.0,1.0,1.0,1.0,0.0,1.0,,0.0,1.0,,1.0,1.0,1.0,1.0,1.0,1.0,1.0,1.0,,1.0,0.0,1.0,0.0,0.0,0.0,0.0,1.0,0.0,,1.0,0.0,,,1.0,1.0,0.0,0.0,0.0,0.0,1.0,1.0,1.0,0.0,0.0,,1.0,,,,1.0,0.0,1.0,1.0,0.0,0.0,,,,,1.0,,0.0,0.0,1.0,1.0,1.0,0.0,0.0,1.0,0.0,1.0,0.0,1.0,1.0,0.0,1.0,1.0,1.0,1.0,1.0,1.0,1.0,1.0,0.0,,,,1.0,0.0,0.0,0.0,0.0,0.0,,1.0,1.0,1.0,1.0,0.0,1.0,0.0,1.0,1.0,,0.0,,0.0,,1.0,,,0.0,0.0,0.0,,,,,,,,,0.0,0.0,1.0,1.0,0.0,1.0,0.0,,1.0,,0.0,0.0,,0.0,0.0,1.0,0.0,0.0,1.0,1.0,1.0,,0.0,1.0,1.0,1.0,0.0,0.0,0.0,,0.0,1.0,,0.0,0.0,,0.0,1.0,1.0,1.0,0.0,,1.0,,0.0,0.0,0.0,1.0,1.0,,0.0,0.0,0.0,,0.0,1.0,0.0,1.0,,0.0,0.0,1.0,,1.0,1.0,0.0,,0.0,0.0,0.0,0.0,,0.0,,1.0,0.0,1.0,0.0,,,1.0,,1.0,1.0,1.0,0.0,,,,,0.0,0.0,,0.0,,,1.0,0.0,,0.0,,0.0,1.0,,1.0,,,,1.0,,0.0,0.0,1.0,1.0,,1.0,,,,,,,,0.0,1.0,0.0,,,,,,,,
Marx Beltrão,0.0,0.0,1.0,1.0,1.0,1.0,,1.0,0.0,,,1.0,0.0,,,1.0,0.0,1.0,,0.0,1.0,0.0,,0.0,,,,,,,0.0,1.0,0.0,0.0,0.0,0.0,1.0,0.0,0.0,0.0,0.0,0.0,0.0,1.0,0.0,0.0,,0.0,1.0,,,1.0,,1.0,1.0,0.0,,1.0,,1.0,1.0,1.0,1.0,0.0,,1.0,1.0,1.0,0.0,0.0,,,,,,,,,,1.0,,1.0,,,0.0,,1.0,1.0,1.0,1.0,1.0,1.0,1.0,0.0,0.0,1.0,1.0,1.0,,,,1.0,1.0,1.0,1.0,1.0,0.0,,1.0,1.0,1.0,0.0,0.0,1.0,1.0,1.0,0.0,0.0,0.0,0.0,1.0,,0.0,,0.0,1.0,,0.0,0.0,0.0,1.0,0.0,0.0,0.0,,1.0,1.0,1.0,1.0,,0.0,0.0,1.0,,0.0,,0.0,1.0,,,,,,,,,,0.0,0.0,1.0,,,1.0,,,,0.0,0.0,1.0,,1.0,,0.0,1.0,,0.0,1.0,1.0,1.0,1.0,1.0,1.0,0.0,1.0,1.0,1.0,1.0,1.0,1.0,1.0,0.0,1.0,0.0,1.0,,0.0,0.0,0.0,1.0,,0.0,1.0,,,0.0,0.0,0.0,0.0,1.0,0.0,0.0,0.0,,1.0,0.0,,,,,1.0,,,1.0,0.0,1.0,1.0,,1.0,1.0,0.0,,0.0,0.0,1.0,1.0,1.0,0.0,1.0,0.0,0.0,1.0,0.0,0.0,0.0,1.0,1.0,0.0,0.0,0.0,1.0,1.0,,1.0,,0.0,0.0,0.0,1.0,,1.0,1.0,1.0,1.0,1.0,1.0,1.0,1.0,1.0,,0.0,1.0,0.0,0.0,,0.0,1.0,0.0,0.0,1.0,0.0,1.0,1.0,1.0,1.0,0.0,0.0,0.0,0.0,1.0,1.0,1.0,0.0,,0.0,,,1.0,0.0,1.0,0.0,1.0,0.0,,0.0,1.0,0.0,,1.0,0.0,,0.0,0.0,1.0,1.0,1.0,1.0,0.0,,0.0,1.0,0.0,1.0,1.0,0.0,1.0,1.0,1.0,1.0,1.0,1.0,1.0,1.0,0.0,0.0,0.0,0.0,1.0,,0.0,0.0,0.0,0.0,1.0,1.0,1.0,1.0,1.0,0.0,0.0,,0.0,1.0,1.0,1.0,1.0,0.0,,1.0,,1.0,1.0,,,1.0,,0.0,1.0,1.0,,1.0,1.0,0.0,,,,0.0,1.0,0.0,0.0,1.0,0.0,,0.0,0.0,0.0,0.0,0.0,0.0,0.0,1.0,,1.0,1.0,0.0,1.0,1.0,1.0,0.0,0.0,0.0,0.0,0.0,1.0,0.0,0.0,0.0,1.0,0.0,1.0,1.0,1.0,0.0,,,,0.0,0.0,,,1.0,0.0,0.0,0.0,0.0,,,1.0,0.0,1.0,,0.0,,1.0,0.0,1.0,1.0,0.0,0.0,0.0,,0.0,0.0,0.0,,1.0,1.0,,1.0,0.0,0.0,0.0,1.0,1.0,1.0,,1.0,1.0,0.0,0.0,1.0,0.0,0.0,,0.0,0.0,1.0,,1.0,,,,,,,0.0,1.0,0.0,0.0,0.0,1.0,,,,1.0,1.0,0.0,1.0,1.0,,1.0,,1.0,1.0,,0.0,1.0,0.0,,,,,,,,0.0
Marília Arraes,1.0,1.0,1.0,1.0,1.0,1.0,1.0,1.0,1.0,1.0,1.0,1.0,,,1.0,1.0,1.0,0.0,1.0,,,0.0,1.0,1.0,,1.0,1.0,0.0,1.0,0.0,,,,,,,,1.0,,1.0,,1.0,,0.0,,1.0,0.0,1.0,1.0,0.0,0.0,1.0,0.0,1.0,1.0,0.0,0.0,1.0,0.0,1.0,1.0,1.0,,,,0.0,,1.0,,,0.0,0.0,,1.0,,1.0,,0.0,1.0,1.0,1.0,1.0,1.0,0.0,1.0,,1.0,1.0,1.0,1.0,1.0,1.0,0.0,1.0,1.0,1.0,1.0,1.0,,0.0,0.0,1.0,0.0,1.0,1.0,1.0,0.0,0.0,1.0,1.0,1.0,0.0,0.0,0.0,0.0,0.0,1.0,0.0,1.0,1.0,0.0,1.0,1.0,0.0,1.0,0.0,0.0,1.0,,,0.0,1.0,1.0,1.0,1.0,0.0,0.0,0.0,1.0,,1.0,0.0,1.0,1.0,0.0,1.0,0.0,0.0,0.0,,,,,,,,0.0,,,,,0.0,,,,,0.0,,1.0,1.0,1.0,0.0,,,,,0.0,,,,0.0,0.0,,0.0,0.0,0.0,0.0,0.0,0.0,0.0,1.0,0.0,1.0,0.0,1.0,0.0,1.0,1.0,1.0,,,1.0,,,,1.0,1.0,1.0,0.0,1.0,1.0,1.0,0.0,1.0,1.0,,,1.0,,,0.0,0.0,,1.0,0.0,0.0,0.0,0.0,0.0,,1.0,1.0,1.0,0.0,0.0,0.0,,0.0,1.0,,0.0,1.0,1.0,1.0,1.0,0.0,1.0,1.0,1.0,,1.0,1.0,,1.0,1.0,0.0,1.0,,,1.0,0.0,1.0,0.0,1.0,0.0,0.0,1.0,1.0,0.0,1.0,0.0,1.0,1.0,1.0,1.0,0.0,0.0,1.0,0.0,1.0,0.0,0.0,0.0,0.0,1.0,1.0,1.0,1.0,0.0,0.0,0.0,1.0,,,0.0,0.0,,,0.0,1.0,0.0,1.0,1.0,1.0,1.0,1.0,,,,1.0,1.0,0.0,0.0,0.0,0.0,0.0,1.0,1.0,1.0,0.0,1.0,0.0,0.0,0.0,1.0,0.0,0.0,1.0,1.0,0.0,0.0,0.0,1.0,1.0,,,0.0,1.0,0.0,1.0,1.0,1.0,1.0,1.0,0.0,0.0,0.0,1.0,1.0,,1.0,1.0,,1.0,,1.0,0.0,,1.0,0.0,1.0,0.0,0.0,0.0,1.0,0.0,0.0,0.0,1.0,0.0,,,0.0,1.0,0.0,1.0,1.0,1.0,1.0,0.0,,1.0,1.0,1.0,1.0,0.0,1.0,0.0,1.0,1.0,1.0,1.0,1.0,0.0,,0.0,,,,,,,1.0,1.0,,1.0,,,,0.0,0.0,0.0,0.0,,,,1.0,1.0,1.0,0.0,,,,,,,,,,,1.0,1.0,0.0,1.0,0.0,,,,,,,,,,,,,,1.0,0.0,0.0,1.0,1.0,1.0,,0.0,0.0,0.0,1.0,1.0,1.0,1.0,0.0,,,0.0,0.0,0.0,1.0,1.0,0.0,1.0,1.0,0.0,0.0,1.0,1.0,1.0,1.0,,,0.0,1.0,0.0,1.0,0.0,1.0,,,1.0,0.0,0.0,1.0,,1.0,0.0,1.0,0.0,0.0,,,0.0,1.0,0.0,1.0
Mauro Benevides Filho,1.0,,1.0,1.0,1.0,1.0,1.0,0.0,1.0,1.0,1.0,1.0,,1.0,1.0,1.0,0.0,1.0,1.0,0.0,,0.0,0.0,,,,,,,,0.0,1.0,,,0.0,0.0,0.0,1.0,0.0,1.0,1.0,1.0,0.0,,0.0,1.0,0.0,1.0,1.0,0.0,0.0,1.0,,,,,,,,1.0,1.0,1.0,0.0,0.0,0.0,0.0,1.0,,0.0,0.0,,,,,,,,,,,,1.0,1.0,1.0,1.0,,1.0,1.0,,,,,0.0,1.0,1.0,,1.0,1.0,,0.0,0.0,1.0,0.0,1.0,1.0,1.0,0.0,0.0,1.0,1.0,1.0,0.0,0.0,0.0,0.0,0.0,1.0,1.0,0.0,0.0,1.0,1.0,1.0,0.0,,0.0,1.0,1.0,1.0,1.0,0.0,1.0,1.0,1.0,0.0,0.0,0.0,0.0,1.0,0.0,0.0,0.0,1.0,0.0,0.0,1.0,0.0,1.0,0.0,0.0,0.0,1.0,1.0,0.0,0.0,0.0,1.0,0.0,0.0,1.0,0.0,0.0,1.0,0.0,0.0,0.0,1.0,0.0,1.0,1.0,1.0,0.0,1.0,,,,,,0.0,0.0,0.0,0.0,0.0,0.0,0.0,0.0,0.0,0.0,0.0,0.0,1.0,0.0,1.0,1.0,0.0,0.0,1.0,1.0,1.0,1.0,0.0,1.0,1.0,,1.0,0.0,1.0,1.0,0.0,1.0,1.0,1.0,0.0,1.0,1.0,0.0,0.0,1.0,1.0,1.0,0.0,0.0,0.0,1.0,0.0,0.0,0.0,0.0,0.0,1.0,1.0,1.0,1.0,0.0,1.0,0.0,1.0,0.0,1.0,1.0,0.0,1.0,1.0,1.0,0.0,0.0,1.0,1.0,1.0,1.0,1.0,1.0,0.0,1.0,1.0,0.0,1.0,1.0,,1.0,1.0,1.0,1.0,1.0,0.0,0.0,1.0,0.0,1.0,1.0,0.0,1.0,1.0,0.0,0.0,0.0,1.0,1.0,0.0,1.0,0.0,0.0,,0.0,0.0,1.0,1.0,1.0,0.0,0.0,1.0,1.0,0.0,1.0,0.0,0.0,0.0,0.0,0.0,1.0,0.0,1.0,1.0,1.0,1.0,0.0,0.0,1.0,0.0,0.0,0.0,0.0,1.0,1.0,1.0,1.0,1.0,1.0,1.0,0.0,1.0,1.0,1.0,1.0,1.0,0.0,1.0,1.0,1.0,1.0,1.0,0.0,0.0,0.0,0.0,0.0,1.0,1.0,0.0,,0.0,1.0,1.0,1.0,0.0,0.0,,,1.0,0.0,1.0,1.0,1.0,1.0,0.0,1.0,0.0,1.0,1.0,0.0,1.0,0.0,0.0,1.0,0.0,0.0,1.0,1.0,0.0,1.0,1.0,0.0,0.0,1.0,0.0,1.0,1.0,1.0,1.0,0.0,0.0,1.0,1.0,1.0,1.0,0.0,1.0,0.0,0.0,1.0,1.0,1.0,1.0,0.0,1.0,0.0,1.0,,,,,,1.0,1.0,,1.0,0.0,1.0,0.0,0.0,0.0,0.0,1.0,,,1.0,1.0,1.0,1.0,0.0,,,,,,,,,0.0,0.0,,1.0,0.0,0.0,0.0,0.0,1.0,,,,,,,,,,,,,0.0,0.0,1.0,1.0,1.0,0.0,0.0,0.0,0.0,1.0,1.0,1.0,1.0,1.0,1.0,1.0,0.0,0.0,0.0,1.0,1.0,0.0,1.0,1.0,0.0,1.0,1.0,1.0,1.0,1.0,1.0,1.0,1.0,1.0,0.0,1.0,0.0,1.0,1.0,0.0,1.0,0.0,0.0,1.0,1.0,1.0,0.0,1.0,0.0,0.0,0.0,0.0,0.0,1.0,0.0,1.0
Mauro Lopes,0.0,0.0,1.0,0.0,0.0,1.0,1.0,1.0,0.0,1.0,0.0,,0.0,1.0,0.0,1.0,0.0,1.0,0.0,0.0,1.0,,1.0,,0.0,1.0,,1.0,1.0,,,1.0,0.0,,0.0,0.0,1.0,1.0,0.0,0.0,0.0,0.0,0.0,1.0,,,,1.0,1.0,,,,,1.0,1.0,0.0,0.0,1.0,0.0,1.0,1.0,1.0,,0.0,0.0,1.0,1.0,1.0,0.0,,0.0,0.0,,1.0,0.0,,,,,,1.0,,,,0.0,,1.0,1.0,1.0,1.0,,1.0,1.0,0.0,1.0,1.0,1.0,1.0,,0.0,,0.0,1.0,1.0,1.0,1.0,0.0,0.0,1.0,1.0,,0.0,0.0,1.0,1.0,1.0,0.0,1.0,0.0,0.0,1.0,0.0,0.0,0.0,0.0,1.0,0.0,1.0,1.0,,1.0,0.0,0.0,0.0,0.0,1.0,1.0,1.0,1.0,0.0,,1.0,1.0,,0.0,1.0,,1.0,1.0,0.0,0.0,,1.0,0.0,0.0,0.0,1.0,0.0,1.0,1.0,0.0,0.0,1.0,0.0,1.0,0.0,0.0,0.0,1.0,1.0,1.0,,,1.0,,0.0,1.0,1.0,,,1.0,1.0,,,,1.0,1.0,,1.0,,0.0,1.0,0.0,1.0,0.0,,0.0,0.0,,,0.0,1.0,,,,0.0,,0.0,1.0,1.0,,0.0,1.0,1.0,0.0,0.0,1.0,0.0,0.0,1.0,,1.0,1.0,0.0,1.0,,1.0,1.0,1.0,,,0.0,0.0,1.0,1.0,1.0,0.0,1.0,0.0,0.0,1.0,0.0,0.0,0.0,1.0,1.0,,0.0,0.0,1.0,,1.0,,0.0,0.0,1.0,0.0,1.0,,1.0,1.0,,1.0,0.0,1.0,1.0,1.0,1.0,1.0,0.0,1.0,0.0,0.0,0.0,0.0,1.0,1.0,0.0,1.0,0.0,1.0,1.0,1.0,1.0,0.0,0.0,0.0,0.0,1.0,1.0,1.0,0.0,0.0,0.0,1.0,,1.0,0.0,,,,,0.0,1.0,,0.0,,,,0.0,,0.0,1.0,1.0,1.0,,,1.0,0.0,1.0,0.0,,1.0,0.0,1.0,1.0,1.0,,1.0,1.0,1.0,1.0,0.0,,,,1.0,,0.0,0.0,0.0,0.0,,1.0,1.0,1.0,1.0,,0.0,,0.0,1.0,1.0,1.0,1.0,0.0,0.0,,0.0,,0.0,0.0,,1.0,0.0,0.0,1.0,1.0,0.0,1.0,1.0,0.0,0.0,1.0,1.0,0.0,1.0,,0.0,1.0,0.0,0.0,0.0,0.0,0.0,0.0,1.0,0.0,0.0,1.0,1.0,1.0,1.0,0.0,1.0,1.0,1.0,0.0,0.0,0.0,0.0,0.0,1.0,0.0,0.0,0.0,,0.0,0.0,0.0,0.0,0.0,1.0,,1.0,0.0,0.0,0.0,0.0,1.0,0.0,0.0,0.0,0.0,0.0,0.0,1.0,,1.0,1.0,0.0,,1.0,0.0,1.0,1.0,0.0,0.0,0.0,0.0,0.0,0.0,0.0,0.0,1.0,1.0,0.0,1.0,,1.0,0.0,0.0,1.0,1.0,1.0,1.0,1.0,0.0,0.0,1.0,0.0,0.0,0.0,,,1.0,,1.0,1.0,0.0,,1.0,1.0,0.0,0.0,1.0,1.0,0.0,0.0,1.0,0.0,0.0,0.0,1.0,1.0,0.0,1.0,1.0,0.0,,1.0,,1.0,,,1.0,0.0,0.0,0.0,0.0,0.0,0.0,1.0,0.0,0.0
Mauro Nazif,1.0,,1.0,1.0,1.0,1.0,1.0,1.0,1.0,1.0,,1.0,1.0,0.0,1.0,1.0,1.0,0.0,1.0,1.0,0.0,,0.0,1.0,0.0,1.0,1.0,0.0,1.0,0.0,0.0,1.0,0.0,,0.0,0.0,1.0,1.0,0.0,1.0,1.0,,,0.0,0.0,0.0,0.0,0.0,1.0,0.0,0.0,1.0,0.0,1.0,1.0,0.0,0.0,1.0,0.0,1.0,1.0,1.0,0.0,,0.0,0.0,0.0,0.0,0.0,0.0,0.0,0.0,0.0,1.0,0.0,1.0,1.0,0.0,1.0,,1.0,1.0,1.0,0.0,1.0,,1.0,1.0,1.0,1.0,1.0,1.0,,1.0,0.0,1.0,1.0,1.0,,0.0,0.0,1.0,0.0,1.0,1.0,1.0,0.0,0.0,1.0,1.0,1.0,0.0,0.0,1.0,0.0,0.0,1.0,0.0,0.0,0.0,1.0,0.0,1.0,0.0,1.0,1.0,0.0,1.0,1.0,1.0,0.0,1.0,1.0,1.0,1.0,0.0,0.0,0.0,1.0,0.0,0.0,0.0,1.0,1.0,0.0,1.0,0.0,1.0,0.0,,0.0,1.0,1.0,0.0,0.0,0.0,1.0,0.0,0.0,1.0,,0.0,,0.0,0.0,0.0,1.0,0.0,1.0,1.0,1.0,0.0,,,,0.0,,0.0,0.0,0.0,0.0,0.0,0.0,0.0,0.0,0.0,0.0,0.0,0.0,0.0,1.0,0.0,0.0,,0.0,0.0,1.0,1.0,1.0,0.0,0.0,1.0,0.0,,1.0,1.0,,1.0,0.0,1.0,1.0,1.0,0.0,1.0,1.0,0.0,1.0,1.0,1.0,0.0,0.0,0.0,0.0,1.0,0.0,0.0,0.0,0.0,0.0,1.0,1.0,1.0,,0.0,1.0,0.0,1.0,0.0,1.0,1.0,0.0,1.0,1.0,1.0,0.0,0.0,1.0,1.0,1.0,1.0,1.0,0.0,0.0,1.0,1.0,0.0,1.0,1.0,0.0,1.0,,1.0,1.0,1.0,0.0,0.0,0.0,0.0,1.0,1.0,0.0,1.0,1.0,1.0,1.0,0.0,0.0,1.0,0.0,1.0,0.0,,0.0,,0.0,0.0,0.0,0.0,1.0,1.0,1.0,0.0,0.0,1.0,1.0,0.0,0.0,1.0,0.0,1.0,0.0,1.0,0.0,1.0,1.0,0.0,0.0,0.0,0.0,1.0,,0.0,0.0,0.0,0.0,0.0,1.0,1.0,1.0,0.0,1.0,1.0,1.0,1.0,1.0,0.0,0.0,1.0,1.0,1.0,1.0,0.0,0.0,,1.0,1.0,0.0,1.0,1.0,1.0,1.0,1.0,1.0,1.0,1.0,0.0,0.0,1.0,1.0,0.0,1.0,1.0,1.0,1.0,0.0,1.0,0.0,1.0,1.0,,,,,1.0,,0.0,0.0,,,0.0,,,0.0,1.0,0.0,1.0,0.0,1.0,1.0,1.0,0.0,1.0,1.0,1.0,1.0,0.0,1.0,1.0,1.0,1.0,1.0,1.0,1.0,0.0,0.0,0.0,,,,,,,1.0,1.0,,1.0,0.0,1.0,0.0,0.0,0.0,0.0,0.0,,,1.0,1.0,1.0,1.0,,,,,,,,,,0.0,0.0,1.0,1.0,0.0,1.0,0.0,0.0,1.0,,,,,,,,,,,1.0,1.0,0.0,0.0,1.0,1.0,1.0,0.0,0.0,0.0,0.0,1.0,1.0,1.0,0.0,0.0,0.0,0.0,1.0,1.0,1.0,0.0,1.0,0.0,1.0,1.0,0.0,0.0,1.0,,1.0,1.0,1.0,0.0,1.0,1.0,0.0,1.0,0.0,1.0,1.0,,1.0,0.0,0.0,1.0,0.0,0.0,1.0,1.0,0.0,0.0,0.0,0.0,0.0,1.0,,1.0
Maurício Dziedricki,0.0,0.0,1.0,0.0,1.0,1.0,0.0,1.0,0.0,1.0,0.0,1.0,1.0,0.0,0.0,1.0,0.0,1.0,0.0,0.0,1.0,0.0,0.0,1.0,,1.0,0.0,1.0,0.0,1.0,0.0,1.0,0.0,0.0,,0.0,1.0,0.0,0.0,,0.0,1.0,0.0,1.0,0.0,1.0,0.0,,1.0,0.0,0.0,1.0,0.0,1.0,1.0,0.0,0.0,1.0,0.0,1.0,1.0,1.0,,0.0,,1.0,1.0,1.0,0.0,0.0,0.0,0.0,0.0,1.0,0.0,1.0,1.0,0.0,1.0,1.0,1.0,1.0,1.0,0.0,,,1.0,1.0,1.0,1.0,1.0,1.0,0.0,0.0,1.0,1.0,1.0,1.0,,,,1.0,1.0,1.0,1.0,1.0,0.0,0.0,1.0,1.0,1.0,0.0,0.0,1.0,1.0,1.0,0.0,0.0,0.0,0.0,1.0,0.0,0.0,0.0,0.0,1.0,1.0,0.0,0.0,,1.0,0.0,0.0,0.0,0.0,1.0,1.0,1.0,1.0,0.0,0.0,0.0,1.0,0.0,1.0,1.0,0.0,1.0,1.0,,,,,,,,,0.0,1.0,1.0,0.0,0.0,1.0,,1.0,0.0,0.0,0.0,1.0,1.0,1.0,0.0,0.0,1.0,0.0,0.0,,1.0,1.0,1.0,1.0,0.0,0.0,1.0,1.0,1.0,0.0,1.0,1.0,1.0,0.0,1.0,0.0,1.0,0.0,0.0,0.0,0.0,1.0,1.0,0.0,1.0,0.0,,0.0,0.0,0.0,0.0,1.0,0.0,0.0,0.0,1.0,1.0,0.0,0.0,1.0,0.0,0.0,1.0,1.0,1.0,1.0,0.0,1.0,1.0,1.0,,1.0,0.0,0.0,0.0,0.0,1.0,1.0,1.0,0.0,1.0,0.0,0.0,1.0,0.0,0.0,,1.0,1.0,1.0,0.0,1.0,1.0,1.0,1.0,1.0,0.0,0.0,1.0,0.0,1.0,0.0,1.0,1.0,1.0,1.0,1.0,1.0,1.0,1.0,0.0,1.0,1.0,1.0,0.0,0.0,0.0,0.0,1.0,0.0,0.0,1.0,0.0,1.0,1.0,1.0,1.0,0.0,0.0,0.0,0.0,1.0,1.0,1.0,0.0,0.0,0.0,1.0,1.0,1.0,0.0,,0.0,1.0,1.0,0.0,0.0,1.0,0.0,,1.0,0.0,0.0,0.0,0.0,1.0,1.0,1.0,1.0,0.0,1.0,0.0,1.0,0.0,1.0,1.0,0.0,1.0,1.0,1.0,,1.0,1.0,1.0,1.0,0.0,0.0,0.0,0.0,1.0,0.0,0.0,0.0,0.0,0.0,1.0,1.0,0.0,1.0,1.0,1.0,1.0,0.0,0.0,1.0,1.0,,1.0,0.0,0.0,1.0,0.0,1.0,0.0,0.0,0.0,1.0,0.0,0.0,1.0,1.0,0.0,1.0,1.0,0.0,0.0,,1.0,0.0,1.0,0.0,0.0,0.0,0.0,0.0,0.0,0.0,0.0,0.0,1.0,0.0,0.0,1.0,1.0,1.0,1.0,0.0,1.0,1.0,,0.0,0.0,0.0,0.0,0.0,1.0,0.0,0.0,0.0,1.0,0.0,1.0,1.0,1.0,1.0,1.0,0.0,1.0,0.0,0.0,0.0,0.0,1.0,0.0,0.0,0.0,0.0,0.0,0.0,1.0,0.0,1.0,1.0,0.0,0.0,1.0,0.0,1.0,1.0,0.0,0.0,0.0,0.0,0.0,0.0,0.0,0.0,,1.0,0.0,1.0,0.0,1.0,0.0,0.0,1.0,0.0,1.0,1.0,1.0,1.0,0.0,1.0,0.0,0.0,0.0,0.0,0.0,1.0,1.0,1.0,0.0,0.0,0.0,0.0,0.0,1.0,0.0,1.0,0.0,0.0,0.0,1.0,0.0,0.0,0.0,1.0,1.0,0.0,1.0,0.0,0.0,1.0,1.0,1.0,1.0,0.0,0.0,1.0,0.0,0.0,,,0.0,0.0,1.0,0.0,0.0
Merlong Solano,1.0,1.0,1.0,1.0,1.0,1.0,1.0,1.0,1.0,1.0,1.0,1.0,1.0,,,,,,,,,0.0,1.0,1.0,,,,,,,,,,,,,,,,,,,,,,1.0,0.0,1.0,1.0,0.0,0.0,1.0,0.0,1.0,1.0,0.0,0.0,1.0,,1.0,0.0,,,,,0.0,1.0,,,,,,,,,,,,,1.0,,,,,,,1.0,1.0,1.0,1.0,,1.0,0.0,1.0,1.0,1.0,1.0,1.0,,0.0,0.0,1.0,0.0,1.0,1.0,1.0,0.0,0.0,1.0,1.0,1.0,0.0,0.0,0.0,0.0,0.0,1.0,0.0,1.0,1.0,0.0,1.0,1.0,0.0,,,,,,,,,,,,,,,,,,,1.0,1.0,0.0,1.0,0.0,1.0,,,,,,,,,,,,,,,,,,,1.0,0.0,,1.0,1.0,0.0,,,,,,,,,,,,,,,,,,0.0,,,,0.0,,,,,,,0.0,,,,,,,,,,,,0.0,1.0,1.0,0.0,0.0,1.0,1.0,0.0,0.0,0.0,,,,,,,,,,,,,,,,,,,,,1.0,,,,,,,,,,,,,,,,,,,,,,,,,1.0,0.0,,,,1.0,,,,,,0.0,1.0,0.0,0.0,0.0,0.0,1.0,1.0,,1.0,0.0,0.0,0.0,1.0,,1.0,0.0,0.0,0.0,1.0,,1.0,0.0,,,1.0,1.0,0.0,0.0,1.0,0.0,1.0,1.0,0.0,0.0,0.0,0.0,1.0,,,,,,,,,,,,,,,,,1.0,1.0,1.0,1.0,0.0,1.0,,,,,,,,,,,,,,,,1.0,0.0,1.0,0.0,1.0,1.0,0.0,1.0,0.0,0.0,0.0,1.0,0.0,0.0,0.0,1.0,0.0,,,0.0,1.0,0.0,1.0,1.0,1.0,1.0,0.0,0.0,1.0,1.0,0.0,1.0,,,,,,,,1.0,0.0,0.0,0.0,,,,,,,,,,1.0,0.0,1.0,0.0,0.0,0.0,0.0,0.0,,,,1.0,1.0,1.0,0.0,,,,,,,,,0.0,0.0,1.0,1.0,0.0,1.0,0.0,0.0,1.0,,,,,,,,,,,,1.0,0.0,0.0,1.0,1.0,1.0,0.0,0.0,0.0,0.0,1.0,1.0,1.0,1.0,0.0,1.0,0.0,0.0,,0.0,1.0,,0.0,1.0,1.0,0.0,0.0,1.0,1.0,1.0,1.0,1.0,,0.0,1.0,0.0,,0.0,1.0,1.0,0.0,1.0,0.0,0.0,1.0,1.0,,0.0,1.0,0.0,0.0,0.0,0.0,0.0,1.0,0.0,1.0
Miguel Haddad,,,,,,,,,,,,,0.0,1.0,0.0,1.0,0.0,0.0,,,1.0,1.0,,,,,,,,,,,,,,,,,,,,,,,,,,,,,,,,,,,,,0.0,,1.0,1.0,1.0,,,1.0,0.0,,,,,,,,,,0.0,1.0,0.0,,,,1.0,0.0,,,,,,,,,0.0,0.0,,,,,,,,,,,,,,,,,,,,,,,,,,,,,,,,,,,,,,,,,,,,,1.0,0.0,0.0,0.0,,,,,,,1.0,,0.0,1.0,1.0,0.0,0.0,0.0,1.0,0.0,1.0,1.0,0.0,0.0,1.0,0.0,1.0,0.0,,,1.0,1.0,1.0,,0.0,1.0,,0.0,,1.0,1.0,1.0,1.0,1.0,1.0,1.0,1.0,1.0,1.0,1.0,1.0,,,,,,,,,,1.0,0.0,,,0.0,,,,,,,,,,,,,,,,,,,,,,,,,,,,,,,,,,,,,,,,,,,,,,,1.0,,1.0,,,,,,,,1.0,1.0,1.0,1.0,1.0,,,1.0,,,,,,,,,,,,,,,,,,,,,,,,,,,,,,,,,,,,,,,,,,,,,,,,,,,,,,,,,,,,,,,,,,,,,,,,,,,,,,,,,,,,,,,,,,,,,,,,,,,,,,,,,,,,,,,,,,,,,,,,,,,,,,,,,,,,,,,,,,,,,,,,,,,,,,,,,,,,,,,,,,,,,,,,,,,,,,,,,,,,,,,,,,,,,,,,,,,,,,,,,,,,,,,,,,,,,,,,,,,,,,,,,,,,,,,,,,,,,,
Miguel Lombardi,0.0,0.0,1.0,0.0,1.0,1.0,1.0,1.0,0.0,1.0,0.0,1.0,1.0,0.0,,0.0,1.0,1.0,1.0,1.0,1.0,0.0,1.0,1.0,0.0,1.0,0.0,,0.0,,0.0,1.0,0.0,,0.0,0.0,1.0,1.0,0.0,0.0,0.0,1.0,0.0,1.0,0.0,1.0,0.0,1.0,1.0,0.0,0.0,1.0,0.0,1.0,1.0,0.0,0.0,1.0,0.0,1.0,,,,0.0,0.0,1.0,,0.0,0.0,0.0,,,0.0,1.0,0.0,1.0,1.0,0.0,1.0,1.0,1.0,1.0,1.0,0.0,0.0,,1.0,,1.0,1.0,1.0,1.0,1.0,0.0,0.0,1.0,1.0,1.0,,,,,,0.0,0.0,0.0,0.0,1.0,0.0,0.0,0.0,1.0,1.0,1.0,1.0,1.0,,0.0,0.0,0.0,1.0,0.0,0.0,0.0,0.0,1.0,0.0,0.0,0.0,0.0,1.0,0.0,0.0,0.0,0.0,1.0,1.0,1.0,1.0,,0.0,0.0,1.0,0.0,0.0,1.0,0.0,1.0,1.0,0.0,0.0,,1.0,0.0,0.0,0.0,1.0,,1.0,1.0,0.0,0.0,1.0,0.0,1.0,0.0,0.0,,1.0,1.0,1.0,0.0,0.0,1.0,0.0,,1.0,1.0,1.0,1.0,1.0,,1.0,,1.0,1.0,0.0,1.0,0.0,1.0,0.0,0.0,0.0,1.0,0.0,1.0,0.0,0.0,1.0,,0.0,1.0,0.0,,,0.0,0.0,0.0,1.0,0.0,0.0,0.0,1.0,1.0,0.0,,1.0,0.0,0.0,1.0,,,1.0,1.0,1.0,1.0,,1.0,1.0,0.0,0.0,0.0,0.0,1.0,1.0,1.0,0.0,1.0,0.0,1.0,1.0,0.0,0.0,0.0,1.0,1.0,0.0,0.0,0.0,1.0,1.0,1.0,1.0,0.0,0.0,1.0,0.0,1.0,0.0,1.0,1.0,1.0,1.0,1.0,1.0,0.0,1.0,,1.0,0.0,1.0,0.0,0.0,,0.0,1.0,0.0,0.0,0.0,,,,1.0,1.0,0.0,0.0,0.0,0.0,1.0,1.0,1.0,0.0,,0.0,1.0,1.0,1.0,0.0,1.0,0.0,1.0,0.0,1.0,1.0,,0.0,0.0,1.0,0.0,0.0,,0.0,1.0,1.0,1.0,1.0,0.0,1.0,0.0,1.0,0.0,1.0,1.0,0.0,1.0,,1.0,1.0,1.0,1.0,1.0,1.0,0.0,0.0,,,,0.0,,0.0,0.0,0.0,1.0,1.0,0.0,1.0,1.0,0.0,1.0,,0.0,1.0,1.0,1.0,1.0,0.0,0.0,,,1.0,0.0,0.0,0.0,1.0,0.0,0.0,1.0,1.0,0.0,1.0,1.0,0.0,0.0,,1.0,0.0,,0.0,0.0,1.0,0.0,0.0,0.0,0.0,0.0,0.0,0.0,0.0,0.0,1.0,1.0,0.0,,0.0,1.0,1.0,1.0,0.0,0.0,0.0,0.0,0.0,1.0,0.0,0.0,0.0,1.0,0.0,1.0,1.0,1.0,,1.0,0.0,1.0,,,0.0,1.0,1.0,0.0,0.0,0.0,0.0,0.0,0.0,,1.0,1.0,1.0,0.0,0.0,1.0,,1.0,,0.0,0.0,0.0,0.0,0.0,0.0,0.0,0.0,1.0,,0.0,1.0,0.0,0.0,0.0,,1.0,1.0,1.0,1.0,1.0,1.0,0.0,1.0,0.0,0.0,0.0,0.0,0.0,,1.0,1.0,0.0,0.0,,,0.0,1.0,0.0,1.0,1.0,,,,,0.0,0.0,1.0,,0.0,1.0,,,1.0,1.0,1.0,,0.0,0.0,1.0,,,,,,,,,0.0
Milton Coelho,,,,,,,,1.0,1.0,1.0,1.0,1.0,0.0,1.0,,,,,,1.0,,0.0,0.0,,,,,,,,,,,,,,,,,,,,,,,1.0,,1.0,1.0,,,,,,,,,,,1.0,1.0,1.0,,,,,1.0,,,,,,,,,,,,,1.0,,,,,,,,,1.0,,,,0.0,1.0,1.0,,,,,,,,,1.0,1.0,1.0,0.0,0.0,1.0,1.0,1.0,0.0,0.0,,,,,,,,,,,,,,,,,,,,,,,,,,,,,,1.0,1.0,0.0,1.0,0.0,,,,,,,,,,,,,,,,,,,,,,,1.0,1.0,,,,,,,,,,,,,,,,,,,,,,,,,,,,,,,,,,,,,,,,,,,,,,,,,,,,,,,,,,,,,,,,,,,,,,,,,,,,,,,,,,,,,,,,,,,,,,,,,,,,,,,,,,,,,,,,,,,,,,,,,,,,,,,,,,,,,,,,,,,,,,,,,,,,,,,,,,,,,,,,,,,,,,,,,,,,,,,,,,,,,,,,,,,,,,,,,,,,,,,,,,,,,,,,,,,,,,,,,,,,,,,,,,,,,,,,,,,,,,,,,,,,,,,,,,,,,,,,,,,,,,,,,,,,,,,,,,,,,,,,,,,,,,,,,,,,,,,,,,,,,,,,,,,,,,,,,,,,,,,,,,,,,,,,,,,,,,
Milton Vieira,0.0,0.0,1.0,0.0,1.0,1.0,1.0,1.0,1.0,1.0,0.0,,1.0,,1.0,1.0,1.0,0.0,1.0,0.0,0.0,0.0,,,,1.0,,,,1.0,0.0,0.0,0.0,,0.0,0.0,1.0,,0.0,0.0,0.0,1.0,0.0,1.0,0.0,,,,1.0,0.0,,1.0,0.0,1.0,1.0,,,,0.0,1.0,1.0,1.0,,,,,0.0,1.0,0.0,,0.0,0.0,0.0,1.0,0.0,1.0,1.0,0.0,1.0,,1.0,1.0,1.0,,1.0,,1.0,1.0,,,,,1.0,0.0,1.0,,1.0,1.0,,,,0.0,1.0,0.0,0.0,0.0,0.0,1.0,1.0,0.0,1.0,1.0,1.0,1.0,1.0,1.0,,0.0,,0.0,1.0,0.0,0.0,0.0,0.0,1.0,1.0,0.0,0.0,0.0,,0.0,0.0,1.0,0.0,1.0,1.0,1.0,1.0,0.0,0.0,0.0,1.0,0.0,0.0,1.0,0.0,1.0,1.0,,,,,0.0,,,1.0,,,,0.0,0.0,1.0,0.0,1.0,0.0,0.0,,1.0,1.0,1.0,0.0,0.0,1.0,0.0,0.0,1.0,1.0,,,1.0,0.0,0.0,0.0,1.0,,,,,1.0,,,0.0,0.0,0.0,0.0,,,1.0,1.0,0.0,1.0,0.0,,0.0,,0.0,0.0,,0.0,0.0,0.0,1.0,1.0,0.0,,1.0,0.0,,1.0,1.0,,1.0,,1.0,1.0,1.0,1.0,1.0,0.0,0.0,0.0,,,1.0,1.0,0.0,1.0,0.0,0.0,1.0,,0.0,1.0,1.0,1.0,,0.0,1.0,1.0,1.0,1.0,1.0,0.0,0.0,,0.0,1.0,0.0,1.0,1.0,,1.0,1.0,,1.0,1.0,1.0,1.0,0.0,1.0,0.0,0.0,0.0,0.0,1.0,0.0,0.0,1.0,,,,,,0.0,0.0,0.0,0.0,1.0,1.0,,0.0,0.0,0.0,,,,0.0,1.0,0.0,1.0,0.0,0.0,0.0,1.0,,0.0,,0.0,,0.0,0.0,,1.0,1.0,1.0,0.0,1.0,0.0,1.0,0.0,,1.0,0.0,1.0,,,,1.0,1.0,1.0,1.0,0.0,0.0,,0.0,,,0.0,0.0,0.0,0.0,,1.0,0.0,1.0,1.0,0.0,0.0,0.0,0.0,1.0,,,1.0,0.0,0.0,1.0,0.0,0.0,0.0,0.0,0.0,1.0,0.0,1.0,,1.0,0.0,1.0,1.0,,0.0,1.0,1.0,,1.0,0.0,0.0,1.0,0.0,0.0,0.0,0.0,0.0,0.0,1.0,0.0,,1.0,1.0,,,0.0,1.0,1.0,1.0,0.0,0.0,0.0,0.0,0.0,1.0,,0.0,0.0,1.0,0.0,1.0,1.0,1.0,0.0,1.0,0.0,1.0,,0.0,0.0,0.0,1.0,,0.0,0.0,,0.0,0.0,1.0,0.0,,,,,1.0,,,,,0.0,0.0,,0.0,0.0,0.0,,1.0,1.0,0.0,1.0,,1.0,0.0,0.0,1.0,0.0,0.0,,1.0,1.0,0.0,1.0,,0.0,0.0,0.0,,,1.0,1.0,,,,,1.0,1.0,0.0,1.0,1.0,0.0,0.0,1.0,,,0.0,1.0,,0.0,1.0,0.0,,1.0,1.0,1.0,1.0,,0.0,1.0,0.0,,,,,,,,0.0
Misael Varella,0.0,0.0,1.0,0.0,1.0,,,,,1.0,,,0.0,1.0,0.0,1.0,0.0,1.0,0.0,0.0,1.0,0.0,,0.0,0.0,0.0,0.0,1.0,0.0,1.0,0.0,1.0,0.0,0.0,0.0,0.0,1.0,1.0,0.0,1.0,0.0,,,,0.0,1.0,0.0,,,0.0,0.0,1.0,0.0,,1.0,0.0,,1.0,0.0,1.0,,1.0,,,,,1.0,,,,0.0,0.0,0.0,1.0,0.0,1.0,1.0,,,,1.0,,,,,,1.0,1.0,1.0,1.0,,1.0,1.0,0.0,,,,,,,,0.0,,1.0,1.0,1.0,0.0,0.0,1.0,1.0,1.0,0.0,0.0,1.0,1.0,1.0,0.0,0.0,0.0,0.0,1.0,0.0,0.0,0.0,0.0,1.0,0.0,0.0,,0.0,1.0,0.0,0.0,0.0,0.0,1.0,1.0,1.0,0.0,,0.0,0.0,1.0,0.0,1.0,1.0,0.0,1.0,1.0,0.0,0.0,1.0,,0.0,0.0,0.0,,0.0,1.0,1.0,0.0,0.0,1.0,0.0,1.0,0.0,0.0,,1.0,1.0,,0.0,,1.0,0.0,,1.0,1.0,,,,,,1.0,1.0,1.0,1.0,1.0,1.0,1.0,0.0,,0.0,,,0.0,,,1.0,0.0,0.0,1.0,0.0,,0.0,,0.0,0.0,,0.0,0.0,0.0,1.0,1.0,0.0,0.0,1.0,0.0,0.0,1.0,1.0,1.0,1.0,0.0,1.0,1.0,,1.0,1.0,0.0,0.0,0.0,0.0,1.0,1.0,1.0,,1.0,0.0,0.0,1.0,0.0,0.0,0.0,,,0.0,0.0,0.0,,,,,0.0,0.0,0.0,0.0,1.0,0.0,1.0,1.0,1.0,1.0,1.0,1.0,1.0,1.0,1.0,1.0,0.0,1.0,0.0,0.0,,0.0,1.0,0.0,0.0,1.0,,1.0,,1.0,,,,0.0,0.0,,1.0,1.0,0.0,0.0,0.0,,1.0,,,1.0,,1.0,0.0,1.0,0.0,1.0,0.0,,1.0,0.0,0.0,0.0,0.0,1.0,1.0,1.0,1.0,,1.0,1.0,1.0,0.0,1.0,1.0,0.0,,,,,1.0,1.0,1.0,1.0,0.0,0.0,,0.0,1.0,0.0,,,0.0,0.0,,1.0,1.0,1.0,1.0,0.0,,0.0,0.0,,1.0,0.0,1.0,,0.0,1.0,0.0,1.0,0.0,0.0,0.0,1.0,0.0,0.0,1.0,1.0,,,,,,1.0,1.0,0.0,1.0,0.0,,0.0,0.0,0.0,0.0,0.0,0.0,0.0,1.0,0.0,0.0,1.0,1.0,1.0,1.0,0.0,,1.0,1.0,0.0,0.0,0.0,,0.0,1.0,0.0,0.0,0.0,1.0,,,,,,,,,,,,,1.0,0.0,0.0,0.0,0.0,0.0,0.0,1.0,0.0,1.0,1.0,,0.0,1.0,,1.0,,0.0,0.0,,0.0,0.0,,,0.0,1.0,1.0,,1.0,0.0,,,,1.0,0.0,1.0,1.0,1.0,1.0,0.0,1.0,0.0,0.0,0.0,0.0,0.0,1.0,1.0,1.0,0.0,0.0,0.0,,,,0.0,,0.0,0.0,0.0,1.0,0.0,0.0,0.0,1.0,1.0,0.0,1.0,1.0,0.0,1.0,1.0,1.0,1.0,,,1.0,0.0,,,,,,,,0.0
Moses Rodrigues,,,1.0,1.0,1.0,1.0,1.0,1.0,0.0,1.0,,,1.0,,,,,,,,,0.0,,1.0,,,,0.0,0.0,0.0,0.0,1.0,,0.0,0.0,0.0,1.0,1.0,0.0,0.0,0.0,1.0,0.0,1.0,0.0,,,,1.0,0.0,0.0,1.0,,,1.0,0.0,0.0,,,1.0,,1.0,,0.0,0.0,,1.0,1.0,,,0.0,,,,0.0,1.0,,,,,1.0,,,,0.0,,1.0,1.0,,1.0,,1.0,1.0,0.0,1.0,1.0,1.0,1.0,,,,0.0,1.0,1.0,1.0,1.0,0.0,0.0,1.0,1.0,1.0,0.0,0.0,1.0,1.0,1.0,,0.0,,,,0.0,,,0.0,1.0,0.0,1.0,1.0,,1.0,0.0,0.0,0.0,,,1.0,1.0,1.0,,0.0,1.0,1.0,0.0,0.0,,0.0,1.0,,,0.0,1.0,1.0,0.0,0.0,0.0,1.0,0.0,1.0,1.0,0.0,0.0,,0.0,1.0,0.0,,,1.0,,,0.0,,1.0,0.0,0.0,1.0,1.0,1.0,1.0,1.0,1.0,0.0,0.0,1.0,1.0,1.0,1.0,1.0,1.0,0.0,1.0,0.0,,,0.0,1.0,1.0,,,0.0,1.0,,,0.0,0.0,0.0,0.0,,0.0,0.0,,1.0,1.0,0.0,,0.0,0.0,0.0,1.0,,1.0,1.0,0.0,1.0,1.0,1.0,1.0,1.0,0.0,0.0,,0.0,1.0,1.0,1.0,0.0,1.0,0.0,0.0,1.0,0.0,0.0,0.0,1.0,1.0,0.0,0.0,0.0,1.0,1.0,1.0,1.0,0.0,,1.0,0.0,1.0,0.0,1.0,1.0,1.0,1.0,1.0,1.0,1.0,,0.0,1.0,0.0,,0.0,0.0,0.0,,,1.0,0.0,1.0,,,,,,0.0,0.0,0.0,0.0,1.0,,1.0,0.0,0.0,,1.0,1.0,,,1.0,1.0,0.0,1.0,0.0,1.0,1.0,,,,,,,,1.0,1.0,1.0,,,1.0,0.0,1.0,0.0,1.0,1.0,0.0,0.0,1.0,1.0,1.0,1.0,1.0,1.0,1.0,0.0,,0.0,,1.0,0.0,0.0,0.0,0.0,,,1.0,0.0,1.0,1.0,,1.0,0.0,0.0,1.0,,1.0,1.0,0.0,0.0,,0.0,,0.0,0.0,0.0,1.0,0.0,0.0,1.0,1.0,,,,,0.0,,1.0,0.0,1.0,0.0,0.0,1.0,,0.0,,0.0,0.0,0.0,1.0,0.0,0.0,1.0,1.0,1.0,1.0,,0.0,,1.0,0.0,0.0,,,,,,0.0,,,0.0,,,,,,,,0.0,,0.0,0.0,,0.0,0.0,,0.0,,,1.0,,,,,,,,,,,0.0,0.0,0.0,,0.0,,0.0,1.0,,,,,,,,,,1.0,,0.0,0.0,,1.0,0.0,,0.0,,,1.0,,1.0,,0.0,,0.0,1.0,1.0,,1.0,,,,,,,,,,,,1.0,,,,,1.0,0.0,0.0,1.0,0.0,0.0,,,,0.0,,,
Márcio Biolchi,0.0,0.0,1.0,0.0,,1.0,0.0,1.0,0.0,,0.0,,0.0,1.0,0.0,0.0,0.0,1.0,0.0,,1.0,,0.0,0.0,0.0,1.0,0.0,1.0,0.0,1.0,,1.0,,0.0,0.0,0.0,1.0,1.0,0.0,0.0,0.0,0.0,0.0,1.0,0.0,1.0,,1.0,1.0,,0.0,1.0,0.0,1.0,1.0,0.0,0.0,1.0,0.0,1.0,1.0,1.0,1.0,0.0,,,1.0,,,,0.0,0.0,0.0,1.0,0.0,1.0,1.0,0.0,1.0,1.0,1.0,1.0,1.0,0.0,0.0,,1.0,1.0,1.0,1.0,1.0,1.0,1.0,,1.0,1.0,,,,0.0,0.0,1.0,1.0,1.0,1.0,1.0,0.0,0.0,1.0,1.0,1.0,0.0,0.0,1.0,1.0,1.0,0.0,0.0,0.0,0.0,1.0,,0.0,0.0,0.0,1.0,0.0,1.0,1.0,0.0,1.0,0.0,0.0,0.0,0.0,1.0,1.0,1.0,1.0,0.0,0.0,0.0,1.0,0.0,1.0,1.0,0.0,1.0,,,0.0,1.0,1.0,0.0,,0.0,1.0,0.0,1.0,1.0,0.0,0.0,1.0,,1.0,0.0,0.0,0.0,1.0,,1.0,1.0,0.0,1.0,0.0,0.0,1.0,1.0,1.0,1.0,1.0,1.0,0.0,1.0,1.0,1.0,1.0,1.0,1.0,1.0,0.0,1.0,0.0,1.0,0.0,0.0,0.0,0.0,1.0,1.0,0.0,1.0,0.0,,0.0,0.0,0.0,0.0,0.0,0.0,0.0,0.0,1.0,0.0,0.0,0.0,1.0,0.0,0.0,1.0,0.0,1.0,1.0,0.0,1.0,1.0,1.0,1.0,1.0,0.0,0.0,,0.0,1.0,1.0,1.0,0.0,1.0,0.0,,1.0,0.0,0.0,0.0,1.0,1.0,0.0,0.0,0.0,1.0,1.0,1.0,1.0,0.0,0.0,1.0,0.0,1.0,,1.0,1.0,1.0,1.0,1.0,1.0,1.0,1.0,1.0,1.0,0.0,1.0,0.0,0.0,0.0,0.0,1.0,1.0,0.0,,,,,,,0.0,0.0,0.0,0.0,1.0,1.0,1.0,0.0,0.0,0.0,1.0,1.0,,,1.0,0.0,0.0,0.0,0.0,1.0,1.0,0.0,0.0,1.0,0.0,0.0,0.0,0.0,1.0,1.0,1.0,1.0,0.0,1.0,0.0,1.0,0.0,1.0,1.0,0.0,0.0,1.0,1.0,1.0,1.0,,1.0,1.0,0.0,0.0,0.0,0.0,1.0,,0.0,0.0,0.0,0.0,1.0,1.0,0.0,1.0,1.0,0.0,0.0,0.0,0.0,1.0,1.0,1.0,1.0,0.0,,,0.0,1.0,0.0,,,1.0,0.0,0.0,1.0,1.0,0.0,1.0,1.0,0.0,0.0,1.0,1.0,0.0,1.0,0.0,0.0,0.0,0.0,0.0,0.0,0.0,0.0,0.0,1.0,0.0,0.0,1.0,1.0,1.0,1.0,0.0,1.0,1.0,1.0,0.0,0.0,0.0,0.0,0.0,1.0,0.0,0.0,0.0,1.0,0.0,1.0,0.0,0.0,1.0,1.0,1.0,1.0,0.0,0.0,0.0,0.0,1.0,,0.0,0.0,0.0,0.0,0.0,1.0,0.0,1.0,1.0,,,1.0,,,,0.0,0.0,0.0,0.0,0.0,0.0,0.0,0.0,1.0,1.0,0.0,1.0,0.0,1.0,,0.0,1.0,1.0,1.0,1.0,1.0,0.0,0.0,1.0,0.0,1.0,1.0,1.0,0.0,1.0,1.0,1.0,1.0,0.0,0.0,0.0,1.0,0.0,0.0,1.0,1.0,0.0,0.0,,0.0,0.0,0.0,1.0,,0.0,1.0,0.0,,1.0,1.0,1.0,1.0,0.0,0.0,1.0,0.0,0.0,0.0,0.0,0.0,0.0,1.0,0.0,0.0
Márcio Jerry,1.0,1.0,1.0,1.0,,1.0,1.0,1.0,1.0,,1.0,1.0,,,,,,,,,,,1.0,,,1.0,1.0,0.0,1.0,0.0,0.0,0.0,1.0,,1.0,1.0,0.0,1.0,1.0,1.0,1.0,1.0,1.0,0.0,0.0,0.0,0.0,0.0,1.0,0.0,0.0,1.0,,,,,,,,,,,0.0,,0.0,,,1.0,,,0.0,0.0,0.0,1.0,0.0,1.0,1.0,1.0,0.0,,1.0,1.0,,,1.0,,1.0,1.0,,,,,,,1.0,,1.0,1.0,,0.0,0.0,1.0,0.0,1.0,1.0,1.0,,0.0,1.0,1.0,1.0,0.0,0.0,0.0,0.0,0.0,1.0,0.0,1.0,0.0,0.0,1.0,1.0,0.0,1.0,0.0,0.0,1.0,1.0,1.0,0.0,1.0,1.0,1.0,1.0,0.0,0.0,0.0,1.0,0.0,0.0,0.0,1.0,1.0,0.0,1.0,0.0,1.0,0.0,,,,,,,,0.0,,0.0,,,,,,,,0.0,,1.0,,,0.0,,,,,,,0.0,0.0,0.0,0.0,0.0,0.0,0.0,0.0,0.0,0.0,0.0,0.0,1.0,0.0,1.0,1.0,,0.0,1.0,1.0,1.0,1.0,0.0,,,,1.0,1.0,1.0,1.0,0.0,1.0,1.0,1.0,0.0,1.0,1.0,,1.0,1.0,1.0,0.0,0.0,0.0,0.0,1.0,0.0,0.0,0.0,0.0,0.0,1.0,1.0,1.0,,0.0,1.0,0.0,1.0,0.0,1.0,1.0,0.0,1.0,1.0,1.0,1.0,0.0,1.0,1.0,1.0,1.0,1.0,,0.0,1.0,1.0,0.0,1.0,1.0,0.0,1.0,1.0,1.0,1.0,1.0,0.0,0.0,1.0,1.0,0.0,1.0,0.0,1.0,1.0,1.0,1.0,0.0,0.0,1.0,0.0,1.0,0.0,0.0,0.0,,1.0,1.0,1.0,1.0,1.0,1.0,1.0,1.0,0.0,1.0,1.0,0.0,0.0,0.0,1.0,1.0,0.0,1.0,1.0,1.0,1.0,1.0,0.0,0.0,0.0,1.0,1.0,0.0,0.0,0.0,0.0,0.0,1.0,1.0,1.0,0.0,1.0,1.0,1.0,0.0,1.0,0.0,0.0,1.0,1.0,1.0,1.0,0.0,0.0,0.0,,1.0,0.0,1.0,0.0,1.0,1.0,1.0,1.0,1.0,1.0,0.0,0.0,1.0,1.0,,1.0,1.0,1.0,1.0,0.0,1.0,,,1.0,0.0,1.0,0.0,0.0,0.0,,,1.0,0.0,1.0,0.0,,1.0,0.0,1.0,0.0,1.0,0.0,1.0,1.0,0.0,0.0,1.0,1.0,1.0,1.0,0.0,1.0,0.0,0.0,1.0,1.0,1.0,1.0,0.0,0.0,0.0,,,,,,,1.0,1.0,,,0.0,,,,,0.0,,,,,1.0,1.0,,0.0,,,,,,,,,0.0,0.0,1.0,1.0,0.0,1.0,0.0,0.0,1.0,,,,,,,,,,,1.0,1.0,,,1.0,1.0,1.0,0.0,0.0,0.0,,0.0,1.0,1.0,1.0,1.0,1.0,1.0,0.0,0.0,0.0,1.0,1.0,0.0,1.0,1.0,0.0,1.0,1.0,1.0,1.0,1.0,1.0,1.0,1.0,1.0,0.0,1.0,0.0,1.0,1.0,,1.0,0.0,0.0,1.0,1.0,1.0,0.0,1.0,0.0,0.0,0.0,0.0,0.0,1.0,0.0,1.0
Márcio Labre,0.0,0.0,0.0,0.0,,,,1.0,0.0,1.0,0.0,,0.0,0.0,0.0,1.0,0.0,1.0,0.0,0.0,1.0,0.0,,0.0,0.0,0.0,0.0,0.0,1.0,1.0,0.0,1.0,0.0,0.0,0.0,0.0,1.0,0.0,0.0,0.0,0.0,,0.0,0.0,0.0,,0.0,,1.0,0.0,0.0,1.0,1.0,0.0,0.0,1.0,1.0,1.0,0.0,1.0,1.0,1.0,1.0,0.0,,1.0,0.0,0.0,0.0,0.0,0.0,0.0,0.0,1.0,0.0,1.0,,,,1.0,1.0,1.0,1.0,0.0,0.0,,0.0,0.0,1.0,1.0,1.0,1.0,1.0,0.0,0.0,0.0,1.0,1.0,,,0.0,0.0,1.0,0.0,1.0,0.0,,,,1.0,0.0,0.0,0.0,1.0,1.0,1.0,0.0,0.0,0.0,0.0,1.0,0.0,,,0.0,1.0,1.0,0.0,,,1.0,,0.0,0.0,0.0,1.0,1.0,1.0,0.0,0.0,0.0,0.0,1.0,0.0,0.0,1.0,0.0,1.0,1.0,0.0,0.0,1.0,1.0,0.0,0.0,0.0,,,1.0,1.0,0.0,0.0,1.0,,1.0,0.0,0.0,0.0,1.0,1.0,1.0,0.0,0.0,1.0,,0.0,1.0,1.0,1.0,1.0,1.0,1.0,1.0,1.0,1.0,1.0,1.0,1.0,1.0,1.0,0.0,1.0,0.0,1.0,0.0,0.0,0.0,,1.0,,,1.0,0.0,,0.0,0.0,0.0,0.0,1.0,0.0,0.0,0.0,1.0,1.0,0.0,0.0,1.0,0.0,0.0,1.0,1.0,1.0,1.0,0.0,1.0,1.0,1.0,1.0,1.0,,0.0,0.0,0.0,1.0,1.0,1.0,0.0,1.0,0.0,,1.0,0.0,0.0,0.0,,1.0,0.0,0.0,0.0,1.0,1.0,1.0,,0.0,,0.0,0.0,0.0,,1.0,1.0,1.0,1.0,1.0,1.0,1.0,1.0,0.0,1.0,0.0,1.0,0.0,0.0,0.0,0.0,1.0,0.0,0.0,1.0,0.0,1.0,1.0,1.0,1.0,0.0,0.0,0.0,0.0,1.0,1.0,1.0,0.0,,,1.0,1.0,1.0,0.0,,0.0,1.0,,0.0,0.0,1.0,0.0,0.0,1.0,1.0,0.0,0.0,0.0,1.0,,,1.0,0.0,1.0,0.0,1.0,0.0,1.0,1.0,0.0,1.0,1.0,,,,1.0,1.0,1.0,0.0,0.0,,0.0,1.0,0.0,0.0,0.0,0.0,0.0,,1.0,1.0,1.0,1.0,0.0,0.0,,0.0,,1.0,,1.0,0.0,0.0,1.0,0.0,1.0,0.0,0.0,,1.0,0.0,0.0,1.0,1.0,0.0,1.0,1.0,0.0,0.0,1.0,1.0,0.0,1.0,0.0,0.0,0.0,0.0,0.0,,0.0,0.0,0.0,0.0,0.0,0.0,1.0,1.0,0.0,1.0,0.0,1.0,1.0,1.0,,0.0,0.0,0.0,0.0,1.0,0.0,0.0,,1.0,0.0,1.0,1.0,1.0,,1.0,0.0,,0.0,0.0,1.0,1.0,1.0,0.0,0.0,,0.0,0.0,0.0,,0.0,1.0,1.0,0.0,0.0,1.0,0.0,1.0,,0.0,0.0,0.0,,0.0,0.0,0.0,,1.0,1.0,0.0,1.0,1.0,1.0,0.0,0.0,1.0,0.0,1.0,,1.0,1.0,0.0,1.0,0.0,,,,,1.0,,,0.0,0.0,0.0,0.0,0.0,1.0,0.0,1.0,1.0,,0.0,1.0,0.0,0.0,0.0,1.0,1.0,0.0,1.0,0.0,0.0,1.0,1.0,1.0,1.0,0.0,,1.0,0.0,0.0,0.0,0.0,0.0,,1.0,0.0,0.0
Márcio Macêdo,,1.0,,,,,,,,,1.0,1.0,,,,,,,,,,,0.0,,,,,,,,,,,,,,,,,,,,,,,,,,,,,,,,,,,,,,,,,,,,,,,,,,,,,,,,,,,,,,,,,,,,,,,,,,,,,,,,,1.0,1.0,1.0,0.0,0.0,1.0,1.0,1.0,0.0,0.0,,,,,,,,,,,,,,,,,,,,,,,,,,,,,,1.0,1.0,0.0,1.0,0.0,1.0,,,,,,,,,,,,,,,,,,,,,,,,,,,,,,,,,,,,,,,,,,,,,,,,,,,,,,,,,,,,,,,,,,,,,,,,,,,,,,,,,,,,,,,,,,,,,,,,,,,,,,,,,,,,,,,,,,,,,,,,,,,,,,,,,,,,,,,,,,,,,,,,,,,,,,,,,,,,,,,,,,,,,,,,,,,,,,,,,,,,,,,,,,,,,,,,,,,,,,,,,,,,,,,,,,,,,,,,,,,,,,,,,,,,,,,,,,,,,,,,,,,,,,,,,,,,,,,,,,,,,,,,,,,,,,,,,,,,,,,,,,,,,,,,,,,,,,,,,,,,,,,,,,,,,,,,,,,,,,,,,,,,,,,,,,,,,,,,,,,,,,,,,,,,,,,,,,,,,
Márcio Marinho,0.0,0.0,1.0,0.0,1.0,1.0,1.0,1.0,0.0,,,,1.0,0.0,1.0,1.0,,,,,,0.0,1.0,,0.0,1.0,,0.0,1.0,,0.0,0.0,0.0,0.0,0.0,0.0,1.0,0.0,0.0,1.0,0.0,1.0,0.0,1.0,0.0,,0.0,,1.0,,0.0,,,,1.0,,0.0,1.0,0.0,1.0,,,1.0,,,1.0,0.0,1.0,,,0.0,0.0,0.0,1.0,0.0,1.0,1.0,0.0,1.0,1.0,,1.0,1.0,0.0,1.0,,1.0,,1.0,,,,1.0,0.0,1.0,1.0,1.0,1.0,,,,,1.0,0.0,0.0,0.0,0.0,1.0,1.0,0.0,1.0,1.0,1.0,1.0,1.0,1.0,0.0,0.0,0.0,0.0,1.0,,,0.0,,,1.0,,,0.0,1.0,0.0,0.0,1.0,0.0,1.0,1.0,1.0,1.0,0.0,0.0,0.0,,,,,,,1.0,,,,,0.0,0.0,0.0,1.0,0.0,1.0,1.0,0.0,0.0,1.0,,,0.0,0.0,0.0,1.0,1.0,1.0,0.0,,1.0,,,1.0,,1.0,1.0,1.0,0.0,,1.0,1.0,1.0,1.0,,1.0,1.0,0.0,0.0,0.0,0.0,0.0,0.0,0.0,0.0,1.0,1.0,0.0,1.0,0.0,,0.0,0.0,,,1.0,0.0,0.0,0.0,1.0,1.0,0.0,0.0,,0.0,0.0,,,,,,1.0,,,1.0,1.0,,,0.0,,1.0,1.0,1.0,0.0,,0.0,0.0,1.0,,0.0,0.0,,1.0,0.0,0.0,0.0,,1.0,1.0,,0.0,0.0,1.0,0.0,1.0,,1.0,1.0,1.0,,1.0,,1.0,1.0,,1.0,0.0,1.0,0.0,,0.0,0.0,1.0,0.0,,1.0,,1.0,1.0,1.0,1.0,0.0,0.0,,,1.0,1.0,1.0,0.0,,0.0,1.0,1.0,1.0,0.0,1.0,,1.0,0.0,0.0,,1.0,0.0,0.0,,,0.0,0.0,0.0,1.0,1.0,1.0,1.0,0.0,1.0,0.0,1.0,0.0,1.0,1.0,0.0,1.0,1.0,1.0,,1.0,1.0,1.0,1.0,0.0,0.0,,,1.0,,0.0,,,0.0,,1.0,1.0,1.0,1.0,0.0,1.0,0.0,0.0,1.0,1.0,1.0,,,0.0,,0.0,,0.0,,0.0,1.0,0.0,,,,,1.0,1.0,0.0,,1.0,1.0,0.0,,0.0,0.0,1.0,0.0,0.0,0.0,0.0,0.0,0.0,1.0,0.0,0.0,1.0,,1.0,,0.0,,1.0,1.0,0.0,0.0,,0.0,0.0,1.0,,0.0,0.0,1.0,0.0,1.0,1.0,1.0,0.0,,0.0,1.0,0.0,0.0,0.0,0.0,1.0,0.0,,,,0.0,0.0,,,,,,,,,,,,0.0,,,0.0,0.0,,0.0,,1.0,,1.0,,,,0.0,1.0,0.0,,,1.0,,0.0,,,0.0,0.0,0.0,,,1.0,1.0,,0.0,,0.0,,1.0,0.0,1.0,1.0,0.0,0.0,1.0,,,0.0,1.0,1.0,0.0,,0.0,0.0,1.0,1.0,1.0,1.0,,0.0,1.0,0.0,,,,,,,,0.0
Mário Heringer,1.0,1.0,1.0,1.0,1.0,1.0,1.0,1.0,1.0,1.0,1.0,1.0,0.0,1.0,1.0,1.0,0.0,1.0,0.0,0.0,1.0,,0.0,,,1.0,,,,0.0,0.0,1.0,,,0.0,0.0,1.0,1.0,,,,0.0,,0.0,,1.0,0.0,1.0,,0.0,0.0,1.0,0.0,1.0,1.0,0.0,,1.0,,1.0,1.0,1.0,,0.0,0.0,0.0,1.0,,0.0,0.0,,,,,,,,,,1.0,,,,,1.0,,1.0,1.0,1.0,,,,0.0,1.0,1.0,,1.0,1.0,,0.0,0.0,1.0,0.0,1.0,1.0,1.0,0.0,0.0,1.0,1.0,1.0,0.0,0.0,0.0,0.0,0.0,1.0,1.0,,0.0,1.0,1.0,1.0,0.0,,0.0,1.0,1.0,1.0,1.0,0.0,1.0,0.0,1.0,0.0,0.0,0.0,0.0,1.0,0.0,0.0,0.0,1.0,0.0,0.0,1.0,0.0,1.0,,,,1.0,1.0,,0.0,0.0,1.0,,,,0.0,0.0,1.0,,1.0,,1.0,0.0,1.0,1.0,1.0,0.0,,,,,,,0.0,0.0,0.0,0.0,0.0,0.0,0.0,0.0,0.0,1.0,0.0,0.0,1.0,,1.0,1.0,,0.0,1.0,1.0,1.0,1.0,0.0,1.0,,,1.0,0.0,1.0,1.0,0.0,1.0,1.0,,0.0,1.0,,,0.0,1.0,1.0,1.0,0.0,0.0,0.0,1.0,,0.0,,0.0,0.0,,1.0,,1.0,0.0,1.0,0.0,1.0,0.0,1.0,1.0,0.0,1.0,1.0,1.0,0.0,0.0,1.0,1.0,1.0,1.0,1.0,,,1.0,1.0,,1.0,1.0,0.0,1.0,1.0,1.0,1.0,1.0,0.0,0.0,1.0,,,1.0,0.0,1.0,1.0,0.0,0.0,0.0,,,0.0,1.0,0.0,0.0,0.0,0.0,0.0,1.0,1.0,1.0,0.0,1.0,1.0,1.0,,1.0,0.0,0.0,0.0,0.0,0.0,1.0,,1.0,,1.0,1.0,,0.0,1.0,0.0,0.0,,0.0,1.0,,1.0,1.0,,1.0,1.0,0.0,1.0,1.0,1.0,1.0,1.0,0.0,1.0,1.0,1.0,1.0,1.0,0.0,,0.0,,,,1.0,0.0,,1.0,1.0,1.0,1.0,0.0,0.0,,1.0,1.0,,1.0,1.0,1.0,1.0,0.0,1.0,0.0,,1.0,,1.0,,0.0,1.0,0.0,1.0,,,,,,,0.0,1.0,0.0,1.0,1.0,1.0,1.0,0.0,0.0,1.0,1.0,1.0,1.0,0.0,1.0,0.0,0.0,1.0,1.0,1.0,1.0,0.0,1.0,0.0,1.0,,,,,,1.0,1.0,,1.0,0.0,0.0,0.0,0.0,0.0,0.0,1.0,,,1.0,1.0,1.0,1.0,0.0,,,,,,,,,1.0,0.0,1.0,1.0,0.0,0.0,0.0,0.0,1.0,,,,,,,,,,,1.0,1.0,0.0,0.0,1.0,1.0,,0.0,0.0,0.0,0.0,1.0,1.0,1.0,1.0,1.0,1.0,1.0,0.0,0.0,0.0,1.0,1.0,0.0,1.0,1.0,0.0,1.0,1.0,1.0,1.0,1.0,1.0,1.0,1.0,1.0,0.0,1.0,0.0,1.0,1.0,0.0,1.0,0.0,0.0,1.0,1.0,1.0,0.0,1.0,0.0,0.0,,0.0,0.0,1.0,0.0,1.0
Mário Negromonte Jr.,0.0,0.0,1.0,0.0,,1.0,1.0,,,,,1.0,0.0,1.0,0.0,1.0,0.0,1.0,0.0,,,,0.0,1.0,0.0,1.0,1.0,1.0,0.0,1.0,0.0,1.0,0.0,0.0,0.0,0.0,1.0,1.0,0.0,0.0,0.0,0.0,0.0,1.0,0.0,1.0,0.0,1.0,1.0,0.0,0.0,1.0,0.0,1.0,1.0,0.0,0.0,,0.0,1.0,1.0,1.0,1.0,0.0,0.0,1.0,1.0,1.0,,,0.0,0.0,0.0,1.0,0.0,1.0,1.0,0.0,1.0,1.0,1.0,1.0,1.0,0.0,0.0,,1.0,1.0,1.0,1.0,1.0,1.0,1.0,0.0,1.0,1.0,1.0,,,,,0.0,,1.0,1.0,1.0,0.0,,1.0,1.0,1.0,0.0,0.0,1.0,1.0,1.0,0.0,0.0,0.0,0.0,1.0,,0.0,0.0,0.0,1.0,0.0,0.0,0.0,0.0,1.0,0.0,0.0,0.0,0.0,1.0,1.0,1.0,1.0,1.0,1.0,1.0,1.0,0.0,1.0,1.0,0.0,1.0,1.0,0.0,0.0,1.0,1.0,0.0,0.0,0.0,1.0,0.0,1.0,,0.0,0.0,1.0,0.0,1.0,0.0,0.0,,1.0,1.0,1.0,0.0,1.0,1.0,0.0,0.0,1.0,0.0,0.0,0.0,0.0,0.0,0.0,1.0,0.0,0.0,,1.0,0.0,1.0,0.0,1.0,0.0,1.0,0.0,0.0,0.0,0.0,1.0,1.0,0.0,1.0,0.0,,0.0,0.0,0.0,0.0,1.0,0.0,0.0,0.0,1.0,1.0,0.0,,1.0,0.0,0.0,1.0,1.0,1.0,1.0,0.0,1.0,1.0,1.0,1.0,1.0,1.0,,0.0,0.0,1.0,1.0,1.0,0.0,1.0,0.0,0.0,1.0,,0.0,0.0,1.0,1.0,0.0,0.0,0.0,1.0,1.0,1.0,1.0,0.0,0.0,1.0,0.0,0.0,0.0,1.0,1.0,1.0,1.0,1.0,1.0,1.0,1.0,1.0,1.0,0.0,1.0,0.0,0.0,,0.0,1.0,0.0,0.0,1.0,0.0,1.0,1.0,,,0.0,0.0,0.0,0.0,1.0,1.0,1.0,0.0,,,1.0,1.0,,,1.0,,1.0,1.0,1.0,0.0,1.0,0.0,0.0,1.0,0.0,0.0,0.0,0.0,1.0,1.0,1.0,1.0,0.0,1.0,0.0,1.0,0.0,1.0,1.0,0.0,1.0,1.0,1.0,1.0,1.0,1.0,1.0,1.0,0.0,0.0,0.0,0.0,1.0,0.0,0.0,,0.0,0.0,1.0,1.0,1.0,1.0,1.0,0.0,,0.0,0.0,1.0,1.0,1.0,1.0,0.0,0.0,,,1.0,0.0,0.0,0.0,1.0,,,,,,,,,0.0,,1.0,0.0,1.0,0.0,,0.0,0.0,0.0,,0.0,0.0,0.0,1.0,0.0,0.0,1.0,1.0,1.0,,0.0,1.0,1.0,1.0,,0.0,0.0,0.0,0.0,,0.0,1.0,,1.0,,,,,,,,,0.0,0.0,0.0,0.0,1.0,1.0,1.0,1.0,1.0,1.0,1.0,1.0,0.0,1.0,,0.0,0.0,1.0,,1.0,,,,0.0,,0.0,0.0,0.0,0.0,1.0,1.0,0.0,1.0,0.0,1.0,0.0,0.0,1.0,1.0,1.0,1.0,1.0,,0.0,1.0,,0.0,0.0,0.0,,1.0,1.0,1.0,0.0,0.0,,0.0,0.0,1.0,,,0.0,,0.0,1.0,0.0,0.0,0.0,1.0,1.0,0.0,1.0,1.0,,,1.0,1.0,1.0,0.0,,1.0,0.0,,,,,,,,0.0
Natália Bonavides,1.0,1.0,1.0,1.0,1.0,1.0,1.0,,,,1.0,1.0,1.0,0.0,1.0,1.0,1.0,0.0,1.0,1.0,1.0,0.0,1.0,1.0,,1.0,1.0,0.0,1.0,0.0,,,,1.0,,,,1.0,1.0,,,1.0,0.0,0.0,,1.0,0.0,1.0,1.0,0.0,0.0,1.0,1.0,1.0,1.0,0.0,0.0,1.0,,1.0,1.0,1.0,0.0,,,0.0,0.0,1.0,,1.0,,,,,,,,,,1.0,,1.0,1.0,0.0,1.0,,1.0,1.0,1.0,1.0,1.0,1.0,0.0,1.0,1.0,1.0,1.0,1.0,,0.0,0.0,1.0,0.0,1.0,1.0,1.0,0.0,0.0,1.0,1.0,1.0,0.0,0.0,0.0,0.0,0.0,1.0,0.0,1.0,1.0,0.0,1.0,1.0,0.0,1.0,0.0,,1.0,1.0,,0.0,1.0,1.0,1.0,1.0,0.0,0.0,0.0,1.0,,,0.0,1.0,1.0,0.0,1.0,0.0,1.0,0.0,,,,,,1.0,,,,,,,,,,,,1.0,0.0,1.0,1.0,1.0,0.0,,,,,0.0,,0.0,0.0,0.0,0.0,0.0,0.0,0.0,0.0,0.0,0.0,0.0,0.0,1.0,0.0,1.0,0.0,1.0,0.0,1.0,1.0,1.0,1.0,0.0,1.0,,,1.0,1.0,,1.0,0.0,1.0,1.0,1.0,0.0,1.0,1.0,0.0,0.0,1.0,1.0,0.0,0.0,0.0,0.0,1.0,0.0,0.0,0.0,0.0,0.0,1.0,,1.0,1.0,0.0,0.0,0.0,1.0,0.0,1.0,1.0,0.0,1.0,1.0,1.0,1.0,0.0,1.0,1.0,1.0,1.0,1.0,,0.0,1.0,1.0,0.0,1.0,1.0,0.0,1.0,0.0,1.0,0.0,1.0,0.0,0.0,1.0,1.0,0.0,1.0,0.0,1.0,1.0,1.0,1.0,0.0,0.0,1.0,0.0,1.0,0.0,0.0,0.0,0.0,1.0,1.0,1.0,1.0,0.0,0.0,0.0,1.0,,1.0,0.0,0.0,0.0,1.0,0.0,1.0,0.0,1.0,1.0,1.0,1.0,1.0,1.0,0.0,0.0,1.0,1.0,0.0,0.0,0.0,0.0,0.0,,1.0,1.0,0.0,1.0,0.0,0.0,0.0,1.0,0.0,0.0,,1.0,0.0,0.0,0.0,,,,1.0,0.0,1.0,1.0,1.0,1.0,1.0,1.0,0.0,0.0,0.0,0.0,1.0,1.0,,1.0,1.0,0.0,1.0,0.0,1.0,0.0,1.0,1.0,0.0,1.0,0.0,0.0,0.0,1.0,0.0,0.0,0.0,1.0,0.0,,,0.0,1.0,0.0,1.0,1.0,1.0,1.0,0.0,0.0,,1.0,1.0,1.0,0.0,1.0,0.0,1.0,1.0,1.0,1.0,1.0,0.0,0.0,,,,,,,,1.0,1.0,,1.0,0.0,1.0,0.0,0.0,0.0,0.0,0.0,,,,1.0,1.0,1.0,,,,,,,,,,0.0,0.0,,1.0,0.0,1.0,0.0,0.0,1.0,,,,,,,,,,,,1.0,0.0,0.0,1.0,1.0,1.0,0.0,0.0,0.0,0.0,1.0,1.0,1.0,1.0,0.0,0.0,,0.0,0.0,0.0,,1.0,0.0,1.0,1.0,0.0,0.0,1.0,1.0,1.0,1.0,,0.0,0.0,1.0,0.0,1.0,0.0,1.0,1.0,,,0.0,0.0,1.0,1.0,1.0,0.0,1.0,0.0,0.0,0.0,0.0,0.0,1.0,0.0,1.0
Nelho Bezerra,,,,,,,,1.0,0.0,,,,,,,,,,,,,,,,,,,,,,,,,,,,,,,,,,,,,,,,,,,,,,,,,,,,,,,,,,,,0.0,0.0,,,,,,,,,,,,,,,,,,,,,,,,,0.0,,,,,,,,,,,,,,,,,,,,,,,,,,,,,,,,,,,,,,,,,,,,,,,,1.0,0.0,0.0,1.0,0.0,1.0,,,,,,,,,,,,,,,,,,,,,,,,,,,,,,,,,,,,,,,,,,,,,,,,,,,,,,,,,,,,,,,,,,,,,,,,,,,,,,,,,,,,,,,,,,,,,,,,,,,,,,,,,,,,,,,,,,,,,,,,,,,,,,,,,,,,,,,,,,,,,,,,,,,,,,,,,,,,,,,,,,,,,,,,,,,,,,,,,,,,,,,,,,,,,,,,,,,,,,,,,,,,,,,,,,,,,,,,,,,,,,,,,,,,,,,,,,,,,,,,,,,,,,,,,,,,,,,,,,,,,,,,,,,,,,,,,,,,,,,,,,,,,,,,,,,,,,,,,,,,,,,,,,,,,,,,,,,,,,,,,,,,,,,,,,,,,,,,,,,,,,,,,,,,,,,,,,,,,
Nelson Barbudo,0.0,0.0,1.0,0.0,,1.0,,1.0,0.0,1.0,,1.0,1.0,0.0,,,,,,,,,1.0,0.0,0.0,0.0,,0.0,1.0,1.0,0.0,1.0,0.0,0.0,0.0,0.0,1.0,0.0,,,,0.0,0.0,1.0,0.0,1.0,0.0,1.0,1.0,0.0,0.0,1.0,1.0,,0.0,1.0,1.0,1.0,,0.0,1.0,1.0,1.0,0.0,0.0,1.0,1.0,0.0,0.0,0.0,0.0,0.0,0.0,1.0,0.0,1.0,,,,,1.0,1.0,1.0,0.0,0.0,,1.0,0.0,1.0,1.0,1.0,1.0,1.0,0.0,0.0,0.0,,1.0,,,,0.0,1.0,0.0,0.0,0.0,,1.0,0.0,0.0,0.0,1.0,1.0,1.0,1.0,1.0,0.0,,0.0,0.0,1.0,0.0,0.0,0.0,0.0,1.0,1.0,0.0,0.0,0.0,1.0,0.0,0.0,0.0,0.0,1.0,1.0,1.0,0.0,0.0,0.0,0.0,1.0,0.0,0.0,1.0,0.0,1.0,1.0,0.0,0.0,1.0,1.0,0.0,0.0,0.0,,0.0,1.0,1.0,0.0,0.0,1.0,0.0,1.0,0.0,0.0,0.0,1.0,1.0,1.0,0.0,0.0,,,,,,1.0,1.0,1.0,1.0,1.0,1.0,1.0,1.0,1.0,1.0,1.0,1.0,,1.0,0.0,1.0,,0.0,0.0,0.0,1.0,0.0,,,0.0,,,0.0,0.0,0.0,1.0,0.0,0.0,0.0,1.0,,,,,0.0,0.0,1.0,1.0,,,0.0,1.0,1.0,1.0,1.0,1.0,,,,0.0,1.0,1.0,1.0,0.0,1.0,0.0,0.0,1.0,,0.0,0.0,1.0,1.0,0.0,0.0,0.0,,1.0,1.0,1.0,0.0,0.0,,0.0,0.0,,1.0,1.0,1.0,1.0,1.0,1.0,1.0,1.0,1.0,1.0,0.0,1.0,,0.0,,,,0.0,0.0,1.0,0.0,1.0,1.0,1.0,1.0,,0.0,0.0,,1.0,1.0,1.0,0.0,,0.0,,1.0,1.0,0.0,1.0,,1.0,1.0,0.0,0.0,1.0,0.0,,1.0,0.0,,0.0,0.0,1.0,1.0,1.0,,0.0,1.0,0.0,1.0,0.0,1.0,1.0,0.0,1.0,1.0,1.0,1.0,,1.0,1.0,1.0,0.0,,0.0,0.0,1.0,0.0,,,,0.0,1.0,,1.0,1.0,1.0,0.0,0.0,,0.0,1.0,,0.0,1.0,0.0,0.0,,0.0,1.0,0.0,0.0,0.0,1.0,0.0,0.0,1.0,1.0,0.0,1.0,1.0,0.0,0.0,1.0,,,1.0,0.0,,0.0,0.0,0.0,0.0,,0.0,0.0,1.0,0.0,0.0,,1.0,1.0,1.0,,1.0,1.0,,0.0,,,,,,0.0,,,,,,,,,,,1.0,0.0,,,0.0,1.0,0.0,,,,0.0,,,,1.0,,0.0,,1.0,,1.0,,,0.0,,,0.0,0.0,0.0,,1.0,1.0,0.0,1.0,,1.0,,,1.0,0.0,,1.0,1.0,1.0,,,,,,,,,,,0.0,0.0,,0.0,,,,1.0,,0.0,0.0,1.0,0.0,0.0,0.0,1.0,,0.0,1.0,,,1.0,1.0,,,0.0,,1.0,0.0,,,0.0,0.0,0.0,1.0,0.0,0.0
Nelson Pellegrino,,,,,,,,,,,,,,,,,,,,,,,,,,1.0,,0.0,1.0,0.0,,,,,,,,,,,,1.0,0.0,0.0,,,,,,,,,,,,,,,0.0,,,,0.0,,,,,1.0,,,,,0.0,1.0,0.0,1.0,,,,,1.0,1.0,1.0,0.0,1.0,,,,,,,,,,,,,,,,,,,,,,,,,,,,,,,,,,,,,,,,,,,,,,,,,,,,,,,,,,,,,,,,,,,,,,,,,,,,,,,,,,,,,,,,,,,,,,,,,,,,,,,,,,,,,,,,,,,,,,,,,,,,,,,,,,,,,,,,,,,,,,,,,,,,,,,,,,,,,,,,,,,,,,,,,,,,,,,,,,,,,,,,,,,,,,,,,,,,,,,,,,,,,,,,,,,,,,,,,,,,,,,,,,,,,,,,,,,,,,,,,,,,,,,,,,,,,,,,,,,,,,,,,,,,,,,,,,,,,,,,,,,,,,,,,,,,,,,,,,,,,,,,,,,,,,,,,,,,,,,,,,,,,,,,,,,,,,,,,,,,,,,,,,,,,,,,,,,,,,,,,,,,,,,,,,,,,,,,,,,,,,,,,,,,,,,,,,,,,,,,,,,,,,,,,,,,,,,,,,,,
Nereu Crispim,0.0,0.0,1.0,0.0,1.0,1.0,1.0,1.0,0.0,1.0,1.0,1.0,0.0,1.0,,1.0,0.0,1.0,0.0,0.0,1.0,0.0,0.0,1.0,0.0,0.0,0.0,0.0,1.0,,0.0,1.0,0.0,0.0,0.0,0.0,1.0,0.0,0.0,,0.0,,,1.0,0.0,1.0,0.0,1.0,1.0,0.0,0.0,1.0,1.0,1.0,,0.0,0.0,1.0,0.0,,1.0,1.0,0.0,0.0,0.0,1.0,1.0,,0.0,0.0,0.0,0.0,0.0,1.0,0.0,1.0,,,,1.0,1.0,1.0,1.0,0.0,0.0,,1.0,1.0,1.0,1.0,1.0,1.0,1.0,0.0,1.0,1.0,1.0,1.0,,0.0,0.0,0.0,1.0,1.0,1.0,1.0,,0.0,1.0,1.0,1.0,0.0,0.0,1.0,1.0,1.0,,0.0,0.0,0.0,1.0,0.0,0.0,0.0,0.0,1.0,0.0,,0.0,0.0,1.0,0.0,0.0,0.0,0.0,1.0,1.0,1.0,1.0,0.0,0.0,0.0,,,,,,,1.0,0.0,0.0,1.0,1.0,0.0,0.0,0.0,1.0,0.0,1.0,1.0,0.0,,,,,0.0,0.0,0.0,1.0,1.0,1.0,0.0,0.0,1.0,0.0,0.0,1.0,1.0,1.0,1.0,1.0,1.0,1.0,1.0,1.0,1.0,1.0,1.0,1.0,1.0,1.0,0.0,0.0,1.0,0.0,0.0,0.0,0.0,1.0,1.0,0.0,1.0,0.0,,1.0,1.0,1.0,1.0,1.0,0.0,0.0,0.0,1.0,1.0,0.0,,1.0,0.0,0.0,1.0,,1.0,1.0,0.0,1.0,1.0,1.0,1.0,1.0,0.0,0.0,,0.0,1.0,1.0,1.0,0.0,1.0,0.0,0.0,1.0,0.0,0.0,1.0,1.0,1.0,0.0,0.0,0.0,1.0,,1.0,0.0,0.0,0.0,1.0,0.0,0.0,0.0,1.0,1.0,1.0,1.0,1.0,1.0,1.0,1.0,0.0,1.0,0.0,0.0,0.0,0.0,0.0,0.0,1.0,0.0,0.0,1.0,0.0,1.0,1.0,1.0,1.0,0.0,0.0,0.0,0.0,,1.0,1.0,0.0,0.0,0.0,1.0,1.0,1.0,0.0,1.0,0.0,1.0,1.0,0.0,1.0,1.0,0.0,0.0,1.0,0.0,0.0,0.0,0.0,1.0,1.0,1.0,1.0,0.0,1.0,0.0,1.0,0.0,1.0,1.0,0.0,1.0,1.0,0.0,1.0,1.0,1.0,1.0,1.0,0.0,0.0,0.0,0.0,1.0,0.0,0.0,0.0,0.0,0.0,,1.0,0.0,1.0,1.0,0.0,1.0,0.0,0.0,1.0,1.0,1.0,1.0,0.0,0.0,1.0,0.0,0.0,0.0,0.0,0.0,1.0,0.0,0.0,1.0,1.0,0.0,1.0,1.0,0.0,0.0,1.0,1.0,0.0,1.0,0.0,0.0,1.0,0.0,0.0,0.0,1.0,0.0,0.0,1.0,0.0,0.0,,1.0,1.0,1.0,0.0,1.0,1.0,1.0,0.0,0.0,0.0,0.0,0.0,1.0,0.0,0.0,0.0,1.0,0.0,1.0,1.0,1.0,1.0,1.0,0.0,1.0,0.0,0.0,0.0,1.0,1.0,0.0,0.0,0.0,0.0,0.0,0.0,1.0,0.0,1.0,1.0,0.0,0.0,1.0,0.0,1.0,1.0,0.0,0.0,0.0,0.0,0.0,0.0,0.0,0.0,1.0,1.0,0.0,1.0,0.0,1.0,0.0,0.0,1.0,0.0,1.0,1.0,1.0,1.0,0.0,1.0,0.0,0.0,0.0,0.0,0.0,1.0,1.0,1.0,0.0,0.0,0.0,0.0,0.0,1.0,0.0,1.0,0.0,0.0,0.0,1.0,0.0,0.0,0.0,1.0,1.0,0.0,1.0,0.0,0.0,1.0,1.0,1.0,1.0,0.0,0.0,1.0,0.0,0.0,0.0,0.0,0.0,0.0,1.0,0.0,0.0
Neri Geller,0.0,,1.0,0.0,1.0,1.0,1.0,1.0,0.0,1.0,0.0,1.0,,,,,,,,,,0.0,,1.0,0.0,1.0,,1.0,,1.0,0.0,0.0,,0.0,0.0,0.0,1.0,1.0,0.0,0.0,0.0,,0.0,1.0,0.0,1.0,,,1.0,,0.0,1.0,,1.0,1.0,0.0,,1.0,,1.0,1.0,1.0,,0.0,,,1.0,1.0,,0.0,0.0,0.0,0.0,1.0,0.0,1.0,1.0,0.0,1.0,,1.0,1.0,1.0,0.0,0.0,,,,1.0,,1.0,1.0,,,,,,1.0,,,,0.0,1.0,1.0,1.0,1.0,,0.0,1.0,1.0,1.0,0.0,0.0,,1.0,1.0,,0.0,0.0,0.0,1.0,0.0,0.0,0.0,0.0,1.0,,,,,1.0,0.0,0.0,0.0,0.0,1.0,1.0,1.0,1.0,0.0,1.0,1.0,1.0,,0.0,1.0,0.0,,1.0,0.0,0.0,1.0,1.0,0.0,0.0,0.0,1.0,0.0,1.0,1.0,0.0,1.0,,0.0,1.0,0.0,0.0,,1.0,,,,0.0,1.0,0.0,,1.0,1.0,1.0,1.0,1.0,1.0,0.0,1.0,1.0,,1.0,1.0,,1.0,,1.0,0.0,,,,0.0,0.0,,,,1.0,0.0,,0.0,0.0,,,1.0,,,,1.0,1.0,,,,0.0,,1.0,1.0,,,,1.0,1.0,1.0,1.0,1.0,,,,0.0,1.0,1.0,1.0,0.0,,0.0,0.0,1.0,0.0,0.0,0.0,1.0,,0.0,0.0,0.0,1.0,1.0,1.0,1.0,0.0,0.0,1.0,0.0,,0.0,1.0,1.0,1.0,1.0,1.0,1.0,1.0,1.0,1.0,1.0,0.0,1.0,0.0,,0.0,0.0,1.0,0.0,0.0,1.0,0.0,1.0,1.0,1.0,1.0,0.0,,0.0,0.0,1.0,,,,,,1.0,1.0,,0.0,1.0,,1.0,0.0,1.0,0.0,1.0,,,,,,0.0,0.0,1.0,1.0,1.0,1.0,0.0,1.0,0.0,1.0,0.0,1.0,1.0,0.0,,1.0,1.0,1.0,1.0,1.0,1.0,1.0,0.0,0.0,0.0,0.0,1.0,,0.0,0.0,0.0,,,1.0,1.0,1.0,1.0,,0.0,,0.0,1.0,1.0,,1.0,,0.0,,,1.0,0.0,,0.0,1.0,0.0,0.0,1.0,1.0,0.0,1.0,1.0,0.0,,,,0.0,,,,1.0,0.0,,,0.0,,0.0,1.0,0.0,,,,,,0.0,,1.0,,0.0,,0.0,0.0,0.0,,0.0,,0.0,1.0,0.0,1.0,1.0,1.0,1.0,,0.0,1.0,0.0,0.0,0.0,0.0,1.0,,,0.0,0.0,0.0,,,,1.0,,0.0,0.0,1.0,,,,0.0,,,,0.0,0.0,,,1.0,1.0,0.0,1.0,0.0,1.0,0.0,0.0,1.0,,,1.0,1.0,1.0,,,,0.0,0.0,,,1.0,,,,,,0.0,0.0,1.0,0.0,,,,0.0,1.0,,0.0,0.0,1.0,1.0,0.0,1.0,,,,1.0,,,,,1.0,0.0,,,,,,,,0.0
Neucimar Fraga,,0.0,,,,,,1.0,0.0,1.0,0.0,1.0,0.0,,,,0.0,1.0,,0.0,,0.0,0.0,0.0,,,,,,,,,,,,,,,,,,,,,,1.0,,,,,,,0.0,,1.0,,,1.0,,1.0,1.0,,,,,,0.0,,0.0,,,,,,,,,,,,,,,,,,,,,1.0,,1.0,1.0,0.0,0.0,,,1.0,,,,,,1.0,1.0,0.0,0.0,0.0,0.0,1.0,1.0,0.0,0.0,,,,,,,,,,,,,,,,,,,,,,,,,,,,,,1.0,,1.0,1.0,0.0,1.0,,,,,,,,,,,,,,,,,,,,,,1.0,,,,,,,,,,,,,,,,,,,,,,,,,,,,,,,,,0.0,,,,,,,,,,,,,,,,,,,,,,,,,,,,,,,,,,,,,,,,,,,,,,,,,,,,,,,,,,,,,,,,,,,,,,,,,,,,,,,,,,,,,,,,,,,,,,,,,,,,,,,,,,,,,,,,,,,,,,,,,,,,,,,,,,,,,,,,,,,,,,,,,,,,,,,,,,,,,,,,,,,,,,,,,,,,,,,,,,,,,,,,,,,,,,,,,,,,,,,,,,,,,,,,,,,,,,,,,,,,,,,,,,,,,,,,,,,,,,,,,,,,,,,,,,,,,,,,,,,,,,,,,,,,,,,,,,,,,,,,,,,,,,,,,,,,,,,,,,,,,,
Newton Cardoso Jr,,,1.0,0.0,1.0,1.0,0.0,1.0,,,0.0,1.0,0.0,1.0,0.0,1.0,0.0,1.0,0.0,0.0,1.0,,0.0,1.0,,1.0,0.0,,,,,1.0,0.0,,0.0,0.0,1.0,,0.0,0.0,0.0,0.0,,1.0,,,,1.0,1.0,0.0,0.0,1.0,,1.0,1.0,0.0,,1.0,,1.0,0.0,0.0,,,0.0,,1.0,1.0,,,,,0.0,1.0,,1.0,,,,,1.0,,,,0.0,,1.0,1.0,1.0,,,1.0,1.0,0.0,,1.0,1.0,,,,,0.0,,1.0,1.0,1.0,0.0,0.0,1.0,1.0,1.0,0.0,0.0,,1.0,1.0,,0.0,0.0,,,,,,,1.0,1.0,,0.0,,,,0.0,,0.0,1.0,,1.0,1.0,,,,1.0,1.0,0.0,1.0,,1.0,,,,,,,0.0,,1.0,,1.0,1.0,0.0,0.0,1.0,0.0,1.0,,,,,1.0,,0.0,,,0.0,,1.0,,,,,,,,,,,,,1.0,0.0,1.0,0.0,1.0,,,,0.0,,,0.0,1.0,0.0,,0.0,0.0,,0.0,,0.0,,0.0,1.0,,,,,0.0,0.0,,,,1.0,0.0,,,,,,,,,0.0,1.0,1.0,,,,0.0,0.0,1.0,,,0.0,,1.0,,,,1.0,,,1.0,,,1.0,,,,1.0,,1.0,,,,,1.0,1.0,1.0,0.0,1.0,0.0,0.0,,,1.0,,0.0,1.0,0.0,1.0,1.0,,,0.0,,,,,,1.0,0.0,0.0,0.0,1.0,0.0,,,,,0.0,0.0,,1.0,1.0,0.0,,1.0,,0.0,0.0,,1.0,,1.0,,0.0,1.0,0.0,1.0,0.0,1.0,,,1.0,1.0,1.0,,,1.0,,,0.0,,,,1.0,0.0,0.0,0.0,,0.0,,1.0,0.0,,1.0,0.0,0.0,,,,,1.0,1.0,,,,,,0.0,,,1.0,0.0,0.0,,,,,,,0.0,,1.0,,1.0,,,0.0,0.0,0.0,0.0,,,1.0,0.0,0.0,0.0,,,,1.0,,1.0,1.0,1.0,,,,0.0,,,0.0,,,,0.0,1.0,0.0,0.0,0.0,1.0,1.0,1.0,0.0,0.0,,,1.0,,0.0,0.0,0.0,,0.0,,,1.0,,,0.0,,,1.0,1.0,,,0.0,,,,,,,1.0,0.0,1.0,0.0,,0.0,,1.0,1.0,,,,,0.0,1.0,,,0.0,,,,1.0,1.0,0.0,0.0,,0.0,,1.0,0.0,1.0,0.0,0.0,0.0,1.0,,,0.0,,,,,1.0,,1.0,1.0,1.0,1.0,0.0,0.0,1.0,0.0,0.0,,0.0,0.0,0.0,1.0,0.0,0.0
Ney Leprevost,0.0,0.0,1.0,1.0,1.0,1.0,1.0,1.0,0.0,,1.0,1.0,,,,,,,,,,,,,,,,,,,,,,,,,,,,,,,,,,1.0,0.0,1.0,1.0,0.0,0.0,1.0,,,,,,,,,,,,,,,,,,,,,,,,,,,,,,,,,,,,,,,,,,,,,,,,,,,,1.0,,,0.0,1.0,1.0,,,0.0,,,,,,,,,,,,,0.0,1.0,0.0,0.0,0.0,0.0,1.0,0.0,0.0,0.0,,1.0,1.0,1.0,,,,,1.0,,0.0,1.0,0.0,1.0,,,,,,,,,,,,,,,,,,,,,,,,0.0,,,,,,,,,,,,,,,,,,1.0,,,,,,,,,,,0.0,,,,,,,,,,,,,1.0,0.0,,1.0,0.0,0.0,1.0,1.0,1.0,,,,,,,,,,,,,,,,,,,,,,,,1.0,,,,,,,,0.0,0.0,,,,,,,,,,,,,0.0,1.0,,1.0,0.0,0.0,0.0,0.0,1.0,0.0,0.0,0.0,1.0,0.0,,1.0,0.0,,0.0,0.0,0.0,1.0,1.0,1.0,0.0,0.0,,,1.0,0.0,0.0,,0.0,0.0,,,1.0,,,,,,,,,,,,,,,,,,,,,,,,,,,,,0.0,0.0,0.0,0.0,1.0,0.0,,,,,,,,,,,,,,,,1.0,1.0,,0.0,,,,,,,,,,,,,,,,,1.0,1.0,0.0,,,,1.0,0.0,0.0,1.0,,,0.0,1.0,0.0,0.0,1.0,1.0,1.0,,,,,1.0,,,,,,,,,,,,,,,,,,,,,,,,,,,,,,,,,,,,,,,,,,,,,,,,,,,,,,,,,,,,,,,,,,,,,,,,,,,,,,,,,,,,,,,,,,,,,,,,,0.0,0.0,1.0,0.0,,,,,,,,
Nicoletti,0.0,,1.0,1.0,1.0,1.0,1.0,1.0,0.0,,,1.0,0.0,0.0,0.0,1.0,0.0,1.0,0.0,1.0,1.0,1.0,0.0,0.0,0.0,0.0,0.0,0.0,1.0,1.0,0.0,1.0,0.0,0.0,0.0,0.0,1.0,0.0,0.0,0.0,0.0,0.0,0.0,1.0,0.0,1.0,0.0,1.0,1.0,0.0,0.0,1.0,1.0,0.0,0.0,1.0,1.0,1.0,,1.0,1.0,1.0,,0.0,0.0,,1.0,0.0,0.0,0.0,0.0,0.0,0.0,1.0,0.0,1.0,,,,1.0,1.0,1.0,1.0,0.0,0.0,,0.0,0.0,1.0,1.0,1.0,1.0,1.0,0.0,0.0,1.0,1.0,1.0,,0.0,0.0,0.0,1.0,0.0,0.0,0.0,0.0,1.0,0.0,0.0,0.0,1.0,1.0,1.0,1.0,1.0,0.0,0.0,,,1.0,0.0,0.0,0.0,0.0,1.0,0.0,0.0,0.0,0.0,1.0,0.0,0.0,0.0,0.0,1.0,1.0,1.0,1.0,0.0,0.0,0.0,,,,,,,1.0,,0.0,1.0,1.0,0.0,,0.0,1.0,0.0,1.0,1.0,0.0,0.0,1.0,,1.0,0.0,0.0,0.0,1.0,1.0,1.0,0.0,,1.0,0.0,0.0,1.0,1.0,1.0,1.0,1.0,1.0,1.0,1.0,1.0,1.0,1.0,1.0,1.0,1.0,0.0,1.0,0.0,1.0,0.0,0.0,0.0,0.0,1.0,0.0,0.0,1.0,0.0,,0.0,0.0,0.0,0.0,1.0,0.0,0.0,0.0,1.0,1.0,0.0,0.0,1.0,0.0,0.0,1.0,1.0,1.0,1.0,0.0,1.0,1.0,1.0,1.0,1.0,0.0,0.0,0.0,0.0,1.0,1.0,1.0,0.0,1.0,0.0,0.0,1.0,0.0,0.0,0.0,1.0,1.0,0.0,0.0,1.0,1.0,1.0,1.0,0.0,,0.0,1.0,0.0,0.0,0.0,1.0,1.0,1.0,1.0,1.0,1.0,1.0,1.0,0.0,1.0,0.0,1.0,0.0,1.0,0.0,0.0,1.0,0.0,0.0,1.0,0.0,1.0,1.0,1.0,1.0,0.0,0.0,0.0,0.0,1.0,1.0,1.0,0.0,0.0,0.0,1.0,1.0,1.0,0.0,1.0,0.0,,1.0,0.0,0.0,1.0,0.0,0.0,1.0,0.0,0.0,0.0,0.0,1.0,1.0,1.0,1.0,,1.0,0.0,1.0,0.0,1.0,1.0,0.0,1.0,1.0,0.0,1.0,1.0,1.0,1.0,1.0,,0.0,0.0,0.0,1.0,0.0,0.0,0.0,0.0,0.0,,1.0,1.0,1.0,1.0,1.0,1.0,0.0,0.0,1.0,1.0,0.0,1.0,0.0,0.0,1.0,0.0,1.0,0.0,0.0,0.0,1.0,0.0,0.0,1.0,1.0,0.0,1.0,1.0,0.0,0.0,1.0,1.0,0.0,1.0,0.0,0.0,0.0,0.0,0.0,0.0,1.0,0.0,,,,,,,,1.0,0.0,1.0,1.0,1.0,0.0,0.0,0.0,0.0,0.0,1.0,0.0,0.0,0.0,1.0,0.0,1.0,1.0,1.0,1.0,1.0,0.0,1.0,0.0,0.0,0.0,0.0,1.0,0.0,0.0,0.0,0.0,0.0,0.0,1.0,0.0,1.0,1.0,0.0,0.0,1.0,0.0,1.0,1.0,0.0,0.0,,,0.0,0.0,0.0,0.0,1.0,1.0,0.0,1.0,0.0,1.0,0.0,0.0,1.0,1.0,1.0,1.0,1.0,1.0,0.0,1.0,0.0,0.0,0.0,0.0,0.0,1.0,1.0,1.0,0.0,0.0,0.0,0.0,0.0,1.0,0.0,1.0,0.0,0.0,0.0,1.0,0.0,0.0,0.0,1.0,1.0,,,0.0,0.0,1.0,1.0,1.0,1.0,,0.0,1.0,0.0,0.0,0.0,0.0,0.0,0.0,1.0,0.0,0.0
Nilson F. Stainsack,,,,,,,,,,,,,,,,,,,,,,,,,,,,,,,,,,,,,,,,,,,,,,,,,,,,,,,,,,,,,,,,,,,,,,,,,,,,,,,,,,,,,,,1.0,1.0,,,,,,,,,,,,,,0.0,1.0,,,,,,,,,,,1.0,1.0,1.0,0.0,0.0,,0.0,1.0,0.0,0.0,0.0,,,,,,,,,,,,,,,,,,,,,,,,,,,,,,,,,,,,,,,,,,,0.0,0.0,,,,,,,,,,,,,,,,,,,,,,,,,,1.0,,,,,,,,,,,,,,,,,,,,,,,,,,,,,,,,,,,,,,,,,,,,,,,,,0.0,,,,,,,,,,,,,,,,,,,,,,,,,,,,,,,,,,,,,,,,,,,,,,,,,,,,,,,,,,,,,,1.0,0.0,0.0,1.0,0.0,0.0,0.0,0.0,1.0,,1.0,1.0,,,,,,,,,,,,,,,,,,,,,,,,,,,,,,,,,,,,,,,,,,,0.0,,0.0,,0.0,1.0,0.0,0.0,1.0,1.0,,1.0,1.0,0.0,0.0,,,,1.0,0.0,0.0,,,,,,,,,,,,,,,0.0,1.0,1.0,,0.0,0.0,0.0,,0.0,1.0,0.0,0.0,0.0,1.0,0.0,1.0,1.0,1.0,1.0,1.0,0.0,1.0,0.0,0.0,0.0,0.0,1.0,0.0,,0.0,0.0,0.0,0.0,1.0,0.0,1.0,1.0,0.0,0.0,1.0,0.0,1.0,,,0.0,0.0,,0.0,0.0,,,,,0.0,1.0,0.0,1.0,0.0,0.0,1.0,1.0,1.0,1.0,1.0,1.0,0.0,,0.0,0.0,0.0,0.0,0.0,1.0,1.0,1.0,0.0,0.0,0.0,0.0,0.0,1.0,0.0,1.0,0.0,0.0,0.0,1.0,,0.0,0.0,1.0,1.0,0.0,1.0,1.0,0.0,1.0,1.0,1.0,1.0,,,,,,,,,,,,0.0
Nilson Pinto,0.0,0.0,1.0,,1.0,1.0,1.0,1.0,0.0,,0.0,1.0,0.0,1.0,,,,,,,1.0,,,,,1.0,0.0,0.0,1.0,1.0,,1.0,0.0,0.0,0.0,0.0,1.0,0.0,0.0,0.0,0.0,1.0,0.0,1.0,0.0,,,1.0,1.0,1.0,,1.0,0.0,,,0.0,,1.0,0.0,,0.0,1.0,1.0,0.0,0.0,1.0,1.0,1.0,0.0,0.0,0.0,0.0,0.0,1.0,0.0,1.0,1.0,0.0,1.0,,1.0,1.0,1.0,0.0,0.0,,1.0,1.0,1.0,1.0,,,0.0,0.0,1.0,,1.0,1.0,,0.0,0.0,0.0,,1.0,1.0,0.0,0.0,0.0,,1.0,1.0,,0.0,1.0,1.0,,0.0,1.0,0.0,,1.0,0.0,0.0,1.0,0.0,1.0,0.0,0.0,0.0,0.0,1.0,1.0,1.0,0.0,1.0,1.0,1.0,1.0,1.0,0.0,0.0,0.0,1.0,0.0,1.0,1.0,0.0,,1.0,0.0,0.0,1.0,1.0,0.0,0.0,0.0,1.0,,1.0,1.0,0.0,0.0,1.0,0.0,1.0,0.0,0.0,,1.0,,,,0.0,1.0,,0.0,1.0,1.0,1.0,1.0,1.0,1.0,1.0,1.0,1.0,1.0,0.0,1.0,0.0,,0.0,,0.0,1.0,0.0,0.0,0.0,0.0,1.0,1.0,,1.0,0.0,,0.0,0.0,0.0,0.0,1.0,0.0,1.0,0.0,,,,,,,,,,,1.0,0.0,1.0,1.0,1.0,1.0,1.0,,0.0,0.0,,1.0,1.0,1.0,0.0,1.0,0.0,0.0,1.0,0.0,1.0,0.0,0.0,1.0,0.0,0.0,1.0,1.0,1.0,,1.0,,,1.0,0.0,1.0,,1.0,1.0,1.0,1.0,1.0,1.0,1.0,1.0,0.0,1.0,1.0,1.0,1.0,,,0.0,1.0,,0.0,,,,,,,,,,,,,,,,,,,,,1.0,,,1.0,1.0,,1.0,0.0,,1.0,,0.0,0.0,0.0,1.0,1.0,1.0,1.0,0.0,1.0,0.0,1.0,0.0,0.0,1.0,0.0,1.0,1.0,1.0,1.0,1.0,1.0,1.0,1.0,,,,0.0,1.0,0.0,0.0,0.0,0.0,0.0,1.0,1.0,1.0,0.0,0.0,0.0,1.0,,1.0,1.0,1.0,1.0,,,,,,,1.0,,,1.0,1.0,0.0,1.0,0.0,1.0,0.0,0.0,0.0,0.0,,,,,0.0,0.0,,0.0,1.0,1.0,0.0,0.0,0.0,1.0,0.0,1.0,1.0,1.0,1.0,1.0,,1.0,1.0,,0.0,,0.0,0.0,0.0,1.0,0.0,0.0,0.0,1.0,0.0,,0.0,,0.0,0.0,0.0,1.0,,,0.0,0.0,1.0,0.0,,0.0,0.0,0.0,0.0,,0.0,1.0,1.0,0.0,0.0,1.0,,,,0.0,0.0,0.0,0.0,,,0.0,0.0,,1.0,0.0,1.0,,0.0,0.0,1.0,1.0,1.0,,1.0,1.0,0.0,0.0,1.0,,1.0,0.0,0.0,,1.0,0.0,1.0,0.0,0.0,0.0,0.0,1.0,1.0,,1.0,1.0,,0.0,1.0,,0.0,0.0,1.0,0.0,0.0,,1.0,0.0,1.0,1.0,1.0,1.0,0.0,0.0,1.0,0.0,0.0,0.0,0.0,0.0,,1.0,0.0,0.0
Nilto Tatto,1.0,,1.0,1.0,1.0,1.0,1.0,1.0,1.0,1.0,1.0,,1.0,0.0,1.0,1.0,1.0,0.0,1.0,1.0,1.0,0.0,1.0,1.0,,1.0,1.0,0.0,1.0,0.0,,,,,,,,1.0,,1.0,,1.0,,0.0,,1.0,0.0,1.0,1.0,0.0,0.0,1.0,0.0,1.0,1.0,0.0,0.0,1.0,,1.0,1.0,1.0,0.0,,,0.0,0.0,1.0,,,,,,,,,,,,1.0,,1.0,1.0,0.0,1.0,,1.0,1.0,1.0,1.0,1.0,1.0,0.0,1.0,1.0,1.0,1.0,1.0,,0.0,0.0,1.0,0.0,1.0,1.0,1.0,0.0,0.0,1.0,1.0,1.0,0.0,0.0,0.0,0.0,0.0,,0.0,1.0,1.0,0.0,1.0,1.0,0.0,1.0,0.0,0.0,,1.0,1.0,0.0,1.0,1.0,1.0,1.0,0.0,0.0,0.0,1.0,0.0,1.0,0.0,1.0,1.0,0.0,1.0,0.0,1.0,0.0,,,,,,,,,,,0.0,,0.0,,,,,1.0,0.0,1.0,1.0,1.0,0.0,,,,,0.0,,0.0,0.0,0.0,0.0,0.0,0.0,0.0,0.0,,0.0,0.0,0.0,1.0,0.0,1.0,0.0,1.0,0.0,1.0,1.0,,,0.0,1.0,,,1.0,1.0,1.0,1.0,0.0,1.0,1.0,1.0,0.0,1.0,1.0,0.0,,1.0,1.0,0.0,0.0,0.0,0.0,1.0,0.0,0.0,0.0,0.0,0.0,1.0,1.0,1.0,1.0,0.0,0.0,0.0,1.0,0.0,1.0,1.0,0.0,1.0,1.0,1.0,1.0,0.0,1.0,1.0,1.0,1.0,1.0,1.0,0.0,1.0,1.0,0.0,1.0,1.0,0.0,1.0,0.0,,0.0,1.0,0.0,0.0,1.0,1.0,0.0,1.0,0.0,1.0,1.0,1.0,1.0,0.0,0.0,1.0,0.0,1.0,0.0,0.0,0.0,0.0,1.0,1.0,1.0,1.0,0.0,0.0,0.0,1.0,,1.0,0.0,0.0,0.0,1.0,0.0,1.0,0.0,1.0,1.0,1.0,1.0,1.0,,0.0,0.0,1.0,1.0,0.0,0.0,0.0,0.0,0.0,1.0,1.0,1.0,0.0,1.0,0.0,0.0,0.0,1.0,0.0,0.0,1.0,1.0,0.0,,0.0,1.0,,1.0,1.0,0.0,1.0,0.0,1.0,1.0,1.0,1.0,1.0,0.0,0.0,0.0,1.0,1.0,0.0,1.0,1.0,1.0,,0.0,,,1.0,1.0,0.0,1.0,0.0,0.0,0.0,1.0,0.0,0.0,0.0,1.0,0.0,,,0.0,1.0,0.0,1.0,1.0,1.0,1.0,0.0,,1.0,1.0,1.0,1.0,0.0,1.0,0.0,1.0,1.0,1.0,1.0,1.0,0.0,0.0,0.0,,,,,,,,1.0,,1.0,0.0,1.0,0.0,0.0,0.0,0.0,0.0,,,,1.0,,1.0,0.0,,,,,,,,,0.0,0.0,1.0,,0.0,1.0,0.0,0.0,1.0,,,,,,,,,,,,1.0,0.0,0.0,1.0,1.0,1.0,0.0,0.0,0.0,,1.0,1.0,1.0,1.0,1.0,,1.0,0.0,0.0,0.0,1.0,1.0,0.0,1.0,1.0,0.0,0.0,1.0,1.0,1.0,1.0,1.0,0.0,0.0,1.0,0.0,1.0,0.0,1.0,1.0,0.0,1.0,0.0,0.0,1.0,,1.0,0.0,1.0,0.0,0.0,0.0,0.0,0.0,1.0,0.0,1.0
Nivaldo Albuquerque,,0.0,1.0,0.0,1.0,1.0,1.0,1.0,0.0,1.0,0.0,1.0,1.0,,0.0,1.0,0.0,1.0,0.0,0.0,1.0,,,,,1.0,0.0,1.0,0.0,1.0,0.0,1.0,0.0,0.0,0.0,0.0,1.0,1.0,0.0,1.0,0.0,1.0,0.0,1.0,0.0,1.0,0.0,1.0,,0.0,0.0,1.0,0.0,1.0,1.0,0.0,0.0,1.0,0.0,1.0,1.0,1.0,1.0,0.0,0.0,,1.0,1.0,,,0.0,0.0,0.0,1.0,0.0,1.0,1.0,0.0,1.0,,1.0,1.0,1.0,0.0,0.0,,1.0,1.0,,1.0,,1.0,1.0,0.0,0.0,1.0,1.0,1.0,,,,1.0,1.0,0.0,0.0,0.0,,1.0,1.0,0.0,1.0,1.0,1.0,1.0,1.0,1.0,,0.0,0.0,,1.0,0.0,0.0,0.0,0.0,1.0,1.0,,0.0,,1.0,0.0,0.0,0.0,,1.0,1.0,1.0,0.0,0.0,0.0,0.0,,,,,,,,0.0,0.0,1.0,1.0,0.0,0.0,0.0,1.0,,,,,,,,,,0.0,0.0,1.0,,1.0,1.0,0.0,1.0,0.0,0.0,1.0,1.0,,,,,,,,,,,,1.0,0.0,1.0,0.0,1.0,0.0,0.0,0.0,0.0,1.0,1.0,0.0,1.0,,,0.0,0.0,0.0,0.0,1.0,0.0,0.0,0.0,1.0,1.0,0.0,,1.0,0.0,0.0,1.0,1.0,1.0,1.0,0.0,1.0,,1.0,1.0,1.0,,0.0,0.0,0.0,1.0,1.0,1.0,0.0,1.0,0.0,0.0,,0.0,0.0,0.0,1.0,1.0,1.0,0.0,1.0,,1.0,,1.0,0.0,1.0,1.0,0.0,,,1.0,1.0,1.0,,,1.0,1.0,1.0,,1.0,,1.0,0.0,0.0,0.0,0.0,1.0,0.0,0.0,1.0,0.0,1.0,1.0,1.0,1.0,,0.0,0.0,0.0,1.0,1.0,1.0,0.0,0.0,0.0,1.0,,1.0,0.0,1.0,0.0,0.0,1.0,0.0,0.0,,0.0,0.0,1.0,,0.0,0.0,0.0,1.0,1.0,1.0,1.0,0.0,1.0,0.0,1.0,0.0,1.0,1.0,0.0,1.0,1.0,1.0,,1.0,1.0,1.0,1.0,1.0,1.0,,0.0,1.0,0.0,0.0,0.0,0.0,0.0,1.0,1.0,0.0,1.0,0.0,0.0,1.0,,0.0,1.0,1.0,1.0,1.0,,0.0,,0.0,,,,,1.0,0.0,0.0,1.0,1.0,0.0,1.0,1.0,,,,1.0,0.0,1.0,0.0,0.0,0.0,0.0,1.0,1.0,0.0,0.0,0.0,0.0,0.0,0.0,1.0,1.0,0.0,1.0,0.0,1.0,1.0,,0.0,0.0,,,0.0,1.0,0.0,0.0,0.0,1.0,0.0,1.0,1.0,1.0,1.0,,,1.0,0.0,0.0,0.0,0.0,1.0,0.0,0.0,0.0,0.0,0.0,0.0,1.0,0.0,1.0,1.0,0.0,0.0,,0.0,1.0,1.0,0.0,0.0,0.0,,0.0,,,,,,,1.0,0.0,,,0.0,1.0,,1.0,1.0,1.0,,0.0,1.0,0.0,0.0,0.0,0.0,0.0,,1.0,1.0,0.0,0.0,0.0,0.0,0.0,1.0,,,,0.0,0.0,1.0,,0.0,0.0,1.0,1.0,0.0,1.0,0.0,,1.0,1.0,1.0,1.0,0.0,0.0,1.0,0.0,0.0,,,,0.0,1.0,0.0,0.0
Norma Ayub,0.0,0.0,1.0,0.0,1.0,1.0,1.0,,,1.0,1.0,1.0,0.0,0.0,0.0,1.0,0.0,1.0,0.0,0.0,1.0,,0.0,1.0,0.0,1.0,0.0,1.0,0.0,1.0,0.0,1.0,,,,,1.0,1.0,0.0,0.0,0.0,1.0,0.0,1.0,0.0,1.0,0.0,1.0,,,,,0.0,1.0,1.0,0.0,0.0,1.0,0.0,1.0,1.0,1.0,1.0,,,1.0,1.0,1.0,0.0,0.0,0.0,0.0,0.0,1.0,0.0,1.0,1.0,0.0,1.0,1.0,1.0,1.0,1.0,0.0,0.0,,1.0,1.0,1.0,1.0,1.0,1.0,,0.0,0.0,1.0,,,,0.0,0.0,0.0,1.0,,,,,,,,,,,1.0,1.0,1.0,1.0,0.0,0.0,0.0,1.0,0.0,0.0,1.0,0.0,1.0,0.0,0.0,,1.0,1.0,0.0,1.0,1.0,0.0,1.0,1.0,1.0,1.0,,0.0,0.0,1.0,0.0,0.0,1.0,0.0,1.0,1.0,0.0,0.0,1.0,1.0,0.0,0.0,0.0,1.0,0.0,0.0,1.0,0.0,0.0,1.0,0.0,1.0,0.0,0.0,0.0,1.0,1.0,1.0,0.0,0.0,1.0,0.0,,1.0,1.0,1.0,1.0,1.0,0.0,0.0,1.0,0.0,0.0,0.0,1.0,1.0,1.0,1.0,0.0,0.0,1.0,,0.0,0.0,,1.0,0.0,0.0,1.0,0.0,,0.0,0.0,0.0,0.0,1.0,0.0,0.0,0.0,1.0,0.0,0.0,0.0,1.0,0.0,0.0,1.0,1.0,1.0,0.0,0.0,1.0,1.0,1.0,1.0,1.0,0.0,0.0,,0.0,1.0,1.0,1.0,0.0,1.0,0.0,0.0,1.0,0.0,0.0,0.0,0.0,0.0,1.0,0.0,1.0,1.0,1.0,1.0,1.0,0.0,0.0,1.0,0.0,,,1.0,1.0,1.0,,,1.0,1.0,,,1.0,0.0,1.0,0.0,0.0,0.0,0.0,1.0,1.0,0.0,1.0,0.0,1.0,,1.0,1.0,0.0,0.0,0.0,0.0,1.0,1.0,1.0,0.0,0.0,0.0,1.0,1.0,1.0,0.0,1.0,0.0,0.0,1.0,1.0,1.0,1.0,0.0,0.0,1.0,0.0,0.0,0.0,0.0,1.0,1.0,1.0,1.0,0.0,1.0,0.0,1.0,0.0,1.0,1.0,0.0,0.0,1.0,1.0,,1.0,1.0,1.0,1.0,0.0,,0.0,0.0,1.0,0.0,0.0,0.0,0.0,0.0,1.0,1.0,1.0,1.0,0.0,0.0,1.0,0.0,1.0,1.0,1.0,1.0,1.0,0.0,0.0,1.0,1.0,0.0,0.0,0.0,0.0,1.0,0.0,0.0,1.0,1.0,0.0,1.0,1.0,0.0,0.0,1.0,1.0,0.0,1.0,0.0,0.0,1.0,0.0,1.0,0.0,0.0,0.0,0.0,1.0,0.0,0.0,1.0,1.0,1.0,1.0,0.0,1.0,1.0,1.0,0.0,0.0,0.0,0.0,0.0,1.0,0.0,0.0,0.0,1.0,0.0,1.0,1.0,1.0,0.0,0.0,0.0,1.0,0.0,0.0,0.0,0.0,1.0,0.0,0.0,0.0,0.0,0.0,0.0,1.0,0.0,1.0,0.0,0.0,0.0,1.0,0.0,1.0,1.0,0.0,0.0,0.0,0.0,0.0,0.0,0.0,0.0,1.0,1.0,0.0,1.0,0.0,0.0,0.0,1.0,1.0,1.0,0.0,1.0,0.0,0.0,0.0,1.0,0.0,0.0,0.0,0.0,0.0,1.0,1.0,1.0,0.0,0.0,,0.0,1.0,1.0,0.0,1.0,1.0,0.0,0.0,1.0,0.0,0.0,0.0,1.0,1.0,0.0,1.0,1.0,0.0,1.0,1.0,1.0,1.0,,0.0,1.0,0.0,0.0,0.0,,0.0,0.0,1.0,0.0,0.0
Norma Pereira,,,,,,,,,,,,,,,,,,,,,,,,,,,,,,,,,,,,,,,,,,,,,,,,,,,,,0.0,1.0,1.0,0.0,0.0,,,,,,,,,,,,,,,,,,,,,,,,,,,,,,,,,,,,,,,,,,,,,,,,,,,,,,,,,,,,,,,,,,,,,,,,,,,,,,,,,,,,,,,,,,,,,,,,,,,,,,,,,,,,,,,,,,,,,,,,,,,,,,,,,,,,,,,,,,,,,,,,,,,,,,,,,,,,,,,,,,,,,,,,,,,,,,,,,,,,,,,,,,,,,,,,,,,,,,,,,,,,,,,,,,,,,,,,,,,,,,,,,,,,,,,,,,,,,,,,,,,,,,,,,,,,,,,,,,,,,,,,,,,,,,,,,,,,,,,,,,,,,,,,,,,,,,,,,,,,,,,,,,,,,,,,,,,,,,,,,,,,,,,,,,,,,,,,,,,,,,,,,,,,,,,,,,,,,,,,,,,,,,,,,,,,,,,,,,,,,,,,,,,,,,,,,,,,,,,,,,,,,,,,,,,,,,,,,,,,,,,,,,,,,,,,,,,,,,,,,,,,,,,,
Odair Cunha,1.0,1.0,1.0,1.0,1.0,1.0,1.0,1.0,,1.0,,1.0,,0.0,1.0,1.0,1.0,0.0,1.0,1.0,1.0,0.0,1.0,1.0,,1.0,,0.0,,0.0,,,,,,,,,,1.0,1.0,,,,,1.0,,1.0,1.0,0.0,0.0,1.0,0.0,1.0,1.0,0.0,0.0,1.0,,1.0,1.0,1.0,0.0,,,0.0,,1.0,,,,,,,,1.0,,,,1.0,,1.0,1.0,0.0,1.0,,1.0,1.0,1.0,1.0,,1.0,0.0,1.0,1.0,1.0,1.0,1.0,,,,1.0,1.0,1.0,1.0,1.0,0.0,0.0,1.0,1.0,1.0,0.0,0.0,0.0,0.0,0.0,1.0,0.0,1.0,1.0,0.0,1.0,1.0,0.0,1.0,0.0,0.0,,0.0,1.0,0.0,1.0,1.0,1.0,1.0,0.0,0.0,0.0,1.0,0.0,1.0,0.0,1.0,1.0,0.0,1.0,0.0,1.0,0.0,,,,,,,,0.0,,,0.0,,0.0,,,,,1.0,,1.0,1.0,1.0,0.0,,,,,0.0,,0.0,0.0,0.0,0.0,0.0,0.0,,,0.0,1.0,0.0,0.0,1.0,0.0,1.0,0.0,1.0,0.0,1.0,1.0,1.0,1.0,0.0,1.0,,,,1.0,1.0,1.0,0.0,1.0,1.0,1.0,,1.0,1.0,,0.0,1.0,1.0,0.0,0.0,0.0,0.0,1.0,0.0,0.0,0.0,0.0,0.0,1.0,1.0,1.0,1.0,0.0,0.0,0.0,1.0,0.0,1.0,1.0,0.0,1.0,1.0,1.0,1.0,0.0,1.0,1.0,1.0,1.0,,1.0,0.0,,0.0,0.0,1.0,1.0,0.0,1.0,0.0,1.0,0.0,0.0,0.0,0.0,1.0,1.0,0.0,1.0,0.0,1.0,1.0,,1.0,0.0,0.0,1.0,0.0,1.0,0.0,0.0,0.0,0.0,1.0,1.0,1.0,1.0,0.0,0.0,0.0,1.0,1.0,1.0,0.0,0.0,,1.0,1.0,1.0,0.0,1.0,1.0,1.0,1.0,1.0,,,0.0,1.0,1.0,0.0,0.0,,0.0,0.0,1.0,1.0,1.0,0.0,1.0,0.0,0.0,,1.0,0.0,0.0,1.0,1.0,0.0,0.0,0.0,1.0,,1.0,1.0,0.0,1.0,0.0,1.0,1.0,1.0,1.0,1.0,0.0,0.0,0.0,1.0,1.0,,1.0,1.0,1.0,1.0,0.0,1.0,0.0,1.0,1.0,1.0,1.0,0.0,0.0,0.0,1.0,0.0,0.0,0.0,1.0,0.0,,,0.0,1.0,0.0,1.0,1.0,1.0,,0.0,0.0,1.0,1.0,1.0,,0.0,1.0,0.0,1.0,1.0,1.0,1.0,,0.0,0.0,0.0,,,,,,,1.0,1.0,,1.0,0.0,1.0,0.0,0.0,0.0,,,,,,1.0,1.0,1.0,0.0,,,,,,,,,0.0,0.0,1.0,1.0,0.0,1.0,0.0,0.0,1.0,,,,,,,,,,,,1.0,0.0,0.0,1.0,1.0,1.0,0.0,0.0,0.0,0.0,1.0,,,1.0,0.0,0.0,0.0,0.0,0.0,0.0,1.0,1.0,0.0,1.0,1.0,0.0,0.0,1.0,,1.0,1.0,1.0,0.0,0.0,1.0,0.0,1.0,0.0,,1.0,0.0,1.0,0.0,0.0,1.0,1.0,1.0,0.0,1.0,0.0,,,0.0,0.0,1.0,0.0,
Odorico Monteiro,,,,,,,,,,,,,,,,,,,,,,,,,,,,,,,,,,,,,,,,,,,,,,,,,,,,,0.0,1.0,1.0,0.0,,1.0,,,,,,,,,,,,,,,,,,,,,,1.0,,,,,,,,,,1.0,,1.0,,,,,,,,,,,,,,,,,,,,,,,,,,,,,,,,,,,,,,,,,,,,,,,,,,,,,,,,,,,,,,,,,,,,,,,,,,,,,,,,,,,,,,,,,,,,,,,,,,,,,,,,,,,,,,,,,,,,,,,,,,,,,,,,,,,,,,,,,,,,,,,,,,,,,,,,,,,,,,,,,,,,,,,,,,,,,,,,,,,,,,,,,,,,,,,,,,,,,,,,,,,,,,,,,,,,,,,,,,,,,,,,,,,,,,,,,,,,,,,,,,,,,,,,,,,,,,,,,,,,,,,,,,,,,,,,,,,,,,,,,,,,,,,,,,,,,,,,,,,,,,,,,,,,,,,,,,,,,,,,,,,,,,,,,,,,,,,,,,,,,,,,,,,,,,,,,,,,,,,,,,,,,,,,,,,,,,,,,,,,,,,,,,,,,,,,,,,,,,,,,,,,,,,,,,,,,
Olival Marques,0.0,0.0,1.0,0.0,1.0,1.0,1.0,1.0,0.0,,0.0,1.0,1.0,0.0,,,,,,,,0.0,,,0.0,1.0,0.0,1.0,0.0,1.0,0.0,1.0,0.0,,0.0,0.0,1.0,1.0,0.0,0.0,0.0,0.0,0.0,1.0,0.0,1.0,0.0,1.0,1.0,0.0,0.0,1.0,0.0,1.0,1.0,0.0,0.0,1.0,,1.0,1.0,1.0,,,,1.0,0.0,1.0,0.0,0.0,0.0,0.0,0.0,1.0,0.0,1.0,1.0,0.0,1.0,1.0,,1.0,1.0,0.0,,,1.0,1.0,1.0,1.0,1.0,1.0,1.0,0.0,0.0,1.0,1.0,1.0,,0.0,0.0,1.0,1.0,1.0,1.0,1.0,0.0,0.0,1.0,1.0,1.0,0.0,0.0,1.0,1.0,1.0,0.0,0.0,0.0,0.0,1.0,0.0,0.0,0.0,0.0,1.0,0.0,0.0,0.0,0.0,1.0,0.0,,0.0,,1.0,1.0,1.0,,,,,1.0,0.0,0.0,1.0,0.0,1.0,1.0,0.0,0.0,1.0,1.0,0.0,0.0,0.0,1.0,0.0,1.0,1.0,0.0,,,0.0,1.0,0.0,0.0,,1.0,,,0.0,,1.0,0.0,0.0,1.0,1.0,1.0,1.0,1.0,0.0,0.0,1.0,1.0,1.0,1.0,1.0,1.0,,,1.0,0.0,1.0,0.0,0.0,,0.0,1.0,1.0,,1.0,0.0,,0.0,0.0,0.0,0.0,1.0,0.0,0.0,0.0,1.0,0.0,0.0,0.0,1.0,0.0,0.0,1.0,,1.0,0.0,0.0,1.0,1.0,1.0,1.0,1.0,0.0,0.0,,0.0,1.0,1.0,1.0,0.0,1.0,0.0,0.0,1.0,0.0,0.0,0.0,0.0,0.0,1.0,0.0,1.0,,,,1.0,0.0,1.0,1.0,0.0,1.0,,1.0,,,,,1.0,1.0,,0.0,1.0,,1.0,0.0,0.0,0.0,0.0,1.0,1.0,0.0,1.0,0.0,1.0,1.0,1.0,1.0,0.0,0.0,0.0,0.0,1.0,1.0,1.0,0.0,0.0,0.0,1.0,1.0,0.0,0.0,1.0,0.0,0.0,1.0,1.0,1.0,1.0,0.0,0.0,1.0,0.0,0.0,0.0,0.0,1.0,1.0,1.0,1.0,0.0,1.0,0.0,1.0,0.0,1.0,1.0,0.0,0.0,1.0,1.0,1.0,1.0,1.0,1.0,1.0,,0.0,0.0,0.0,1.0,0.0,0.0,0.0,0.0,0.0,1.0,1.0,1.0,1.0,1.0,0.0,1.0,0.0,1.0,1.0,1.0,1.0,1.0,0.0,0.0,,0.0,,0.0,,0.0,1.0,,0.0,0.0,1.0,0.0,1.0,,,0.0,1.0,1.0,0.0,1.0,0.0,0.0,1.0,0.0,1.0,0.0,0.0,0.0,0.0,1.0,0.0,0.0,1.0,1.0,1.0,1.0,0.0,1.0,,1.0,0.0,0.0,0.0,0.0,0.0,,0.0,0.0,0.0,1.0,0.0,1.0,1.0,1.0,1.0,,,1.0,0.0,0.0,0.0,0.0,1.0,,0.0,0.0,0.0,0.0,0.0,,0.0,1.0,1.0,0.0,0.0,1.0,0.0,1.0,1.0,,0.0,0.0,0.0,0.0,0.0,0.0,0.0,1.0,1.0,0.0,1.0,0.0,0.0,0.0,1.0,1.0,1.0,0.0,1.0,0.0,0.0,0.0,1.0,0.0,0.0,0.0,0.0,0.0,,,,,,,,,1.0,0.0,1.0,0.0,0.0,0.0,1.0,0.0,0.0,0.0,1.0,1.0,0.0,1.0,0.0,0.0,1.0,1.0,1.0,1.0,0.0,0.0,1.0,0.0,0.0,0.0,0.0,0.0,0.0,1.0,0.0,0.0
Onyx Lorenzoni,0.0,0.0,,,,,,1.0,0.0,,,,,,,,,,,,,,,,,,,,,,,,,,,,,,,,,,,,,,0.0,1.0,,0.0,,,,,,,,,,,,,,,,,,,,,,,,1.0,,,,,,,,,,,,,,,,,,,,,0.0,,,,,,,,,0.0,0.0,0.0,0.0,1.0,0.0,0.0,0.0,1.0,1.0,,,,,,,,,,,,,,,,,,,,,,,,,,,,,,,,,,,,,,,,,,,,,,,,,,,,,,,,,,,,,,,,,,,,,,,,,,,,,,,,,,,,,,,,,,,,,,,,,,,,,,,,,,,,,,,,,,,,,,,,,,,,,,,,,,,,,,,,,,,,,,,,,,,,,,,,,,,,,,,,,,,,,,,,,,,,,,,,,,,,,,,,,,,,,,,,,,,,,,,,,,,,,,,,,,,,,,,,,,,,,,,,,,,,,,,,,,,,,,,,,,,,,,,,,,,,,,,,,,,,,,,,,,,,,,,,,,,,,,,,,,,,,,,,,,,,,,,,,,,,,,,,,,,,,,,,,,,,,,,,,,,,,,,,,,,,,,,,,,,,,,,,,,,,,,,,,,,,,,,,,,,,,,,,,,,,,,,,,,,,,,,,,,,,,,,,
Orlando Silva,1.0,1.0,1.0,1.0,1.0,1.0,1.0,,1.0,1.0,1.0,1.0,1.0,0.0,1.0,1.0,,0.0,1.0,1.0,,0.0,1.0,1.0,,1.0,1.0,1.0,1.0,,1.0,0.0,,,1.0,,0.0,,1.0,1.0,1.0,1.0,,0.0,,0.0,0.0,0.0,1.0,0.0,0.0,1.0,,1.0,1.0,0.0,0.0,1.0,0.0,,1.0,1.0,0.0,,,1.0,1.0,1.0,1.0,1.0,0.0,,0.0,,0.0,1.0,,,,1.0,1.0,,,,1.0,,1.0,1.0,1.0,1.0,,1.0,0.0,0.0,1.0,,1.0,1.0,,0.0,,1.0,1.0,1.0,1.0,1.0,0.0,0.0,1.0,1.0,1.0,0.0,0.0,0.0,0.0,0.0,1.0,0.0,,0.0,0.0,1.0,1.0,0.0,1.0,0.0,,1.0,1.0,1.0,0.0,1.0,1.0,1.0,1.0,0.0,0.0,0.0,1.0,,0.0,0.0,1.0,1.0,0.0,1.0,0.0,1.0,,,,,,,,,0.0,,,,,,,,,,,,1.0,,,,1.0,0.0,1.0,1.0,0.0,1.0,0.0,0.0,,0.0,0.0,0.0,0.0,,0.0,0.0,0.0,0.0,1.0,,1.0,1.0,,0.0,1.0,1.0,1.0,1.0,0.0,1.0,,,1.0,1.0,1.0,1.0,0.0,,1.0,1.0,0.0,1.0,1.0,,,1.0,1.0,,0.0,0.0,,1.0,0.0,0.0,0.0,0.0,0.0,,1.0,,,0.0,1.0,0.0,1.0,0.0,1.0,1.0,0.0,1.0,1.0,1.0,1.0,0.0,1.0,1.0,1.0,,,,,,,0.0,1.0,1.0,0.0,1.0,1.0,1.0,1.0,1.0,0.0,0.0,1.0,1.0,0.0,1.0,0.0,1.0,1.0,1.0,1.0,0.0,,1.0,0.0,,,0.0,,,1.0,1.0,,1.0,1.0,1.0,1.0,1.0,0.0,,1.0,0.0,,,1.0,,,1.0,,1.0,,,,1.0,1.0,1.0,1.0,0.0,0.0,,,,1.0,1.0,1.0,0.0,,1.0,1.0,0.0,1.0,0.0,0.0,1.0,1.0,1.0,1.0,0.0,0.0,,1.0,1.0,0.0,1.0,0.0,,,,,1.0,1.0,0.0,0.0,1.0,1.0,0.0,1.0,1.0,,1.0,,1.0,0.0,,1.0,0.0,1.0,0.0,,0.0,0.0,1.0,1.0,0.0,1.0,0.0,0.0,1.0,,1.0,0.0,1.0,0.0,1.0,1.0,0.0,0.0,1.0,,1.0,,0.0,1.0,0.0,0.0,1.0,1.0,1.0,1.0,0.0,0.0,0.0,,,,,,,1.0,1.0,,,0.0,1.0,,,,,,,,,1.0,1.0,1.0,0.0,,,,,,,,,0.0,0.0,,1.0,0.0,,,0.0,1.0,1.0,,,,,,,,,,,,0.0,0.0,1.0,1.0,1.0,0.0,,,0.0,0.0,1.0,1.0,1.0,1.0,,1.0,0.0,0.0,0.0,,1.0,0.0,1.0,1.0,0.0,1.0,1.0,1.0,1.0,,1.0,1.0,1.0,1.0,0.0,1.0,0.0,1.0,1.0,,1.0,,0.0,1.0,,1.0,0.0,1.0,,0.0,0.0,0.0,0.0,1.0,0.0,1.0
Osires Damaso,,,1.0,0.0,1.0,1.0,1.0,,,1.0,1.0,,1.0,0.0,0.0,1.0,0.0,1.0,0.0,0.0,1.0,0.0,0.0,1.0,0.0,,,,,,0.0,1.0,1.0,1.0,0.0,0.0,1.0,1.0,0.0,1.0,1.0,1.0,0.0,1.0,1.0,,,,1.0,0.0,0.0,1.0,0.0,1.0,1.0,1.0,1.0,,0.0,1.0,1.0,1.0,1.0,0.0,,1.0,0.0,1.0,0.0,,,0.0,0.0,1.0,0.0,1.0,1.0,0.0,1.0,1.0,1.0,1.0,1.0,0.0,0.0,,1.0,1.0,1.0,1.0,1.0,1.0,1.0,0.0,0.0,1.0,1.0,1.0,,1.0,,0.0,1.0,1.0,1.0,1.0,1.0,0.0,1.0,1.0,1.0,0.0,0.0,1.0,1.0,1.0,0.0,0.0,0.0,0.0,1.0,,0.0,0.0,0.0,1.0,0.0,,0.0,1.0,1.0,0.0,0.0,0.0,,1.0,1.0,1.0,1.0,0.0,0.0,0.0,,,,,,,1.0,0.0,0.0,1.0,1.0,0.0,0.0,0.0,1.0,,0.0,1.0,0.0,0.0,1.0,,1.0,0.0,0.0,,1.0,1.0,1.0,0.0,0.0,1.0,0.0,0.0,1.0,1.0,1.0,1.0,1.0,1.0,1.0,1.0,1.0,1.0,0.0,,1.0,1.0,,1.0,0.0,,0.0,0.0,0.0,0.0,1.0,0.0,0.0,1.0,0.0,,0.0,0.0,0.0,0.0,1.0,0.0,0.0,0.0,1.0,1.0,0.0,,1.0,0.0,0.0,1.0,1.0,1.0,1.0,0.0,1.0,1.0,1.0,1.0,1.0,0.0,0.0,,,1.0,1.0,1.0,0.0,1.0,0.0,0.0,1.0,0.0,0.0,0.0,1.0,1.0,0.0,0.0,1.0,1.0,1.0,1.0,1.0,0.0,0.0,1.0,1.0,1.0,,1.0,1.0,1.0,1.0,1.0,1.0,1.0,1.0,0.0,1.0,0.0,1.0,0.0,0.0,0.0,0.0,1.0,0.0,0.0,1.0,0.0,1.0,1.0,1.0,1.0,0.0,0.0,0.0,0.0,1.0,1.0,1.0,0.0,0.0,0.0,1.0,1.0,1.0,0.0,,0.0,1.0,0.0,1.0,0.0,1.0,0.0,0.0,1.0,0.0,0.0,0.0,0.0,1.0,1.0,1.0,,1.0,1.0,0.0,1.0,0.0,1.0,1.0,0.0,1.0,1.0,1.0,1.0,1.0,1.0,1.0,1.0,0.0,0.0,0.0,0.0,1.0,0.0,0.0,0.0,0.0,0.0,1.0,1.0,1.0,1.0,0.0,0.0,1.0,0.0,0.0,1.0,1.0,0.0,1.0,0.0,0.0,,0.0,1.0,0.0,0.0,0.0,1.0,0.0,0.0,1.0,1.0,0.0,1.0,1.0,0.0,0.0,1.0,1.0,0.0,1.0,0.0,0.0,1.0,0.0,0.0,0.0,0.0,,0.0,1.0,0.0,1.0,1.0,1.0,1.0,1.0,0.0,1.0,1.0,0.0,0.0,,0.0,0.0,0.0,,0.0,0.0,0.0,1.0,0.0,1.0,1.0,1.0,1.0,1.0,0.0,1.0,0.0,0.0,0.0,0.0,1.0,,,0.0,0.0,0.0,,1.0,,1.0,1.0,,0.0,1.0,0.0,1.0,1.0,0.0,0.0,0.0,,0.0,0.0,,0.0,1.0,1.0,0.0,1.0,0.0,1.0,0.0,0.0,1.0,1.0,1.0,0.0,1.0,1.0,0.0,1.0,0.0,0.0,0.0,,,,1.0,1.0,0.0,0.0,0.0,0.0,0.0,1.0,0.0,1.0,0.0,0.0,0.0,1.0,,0.0,0.0,1.0,1.0,0.0,1.0,0.0,0.0,1.0,1.0,1.0,1.0,0.0,0.0,1.0,0.0,,,0.0,,,,,0.0
Osmar Serraglio,0.0,0.0,,,,,,1.0,0.0,1.0,0.0,1.0,0.0,1.0,0.0,1.0,0.0,1.0,1.0,0.0,1.0,0.0,0.0,,,,,,,,,,,,,,,,,,,,,,,1.0,,1.0,1.0,,,,,,,,,,,1.0,1.0,1.0,,,,1.0,1.0,,0.0,0.0,,,,,,,,,,,,,,,,,,,1.0,,,,1.0,0.0,0.0,,1.0,1.0,,,,,,0.0,1.0,1.0,0.0,0.0,0.0,1.0,1.0,1.0,1.0,,,,,,,,,,,,,,,,,,,,,,,,,,,,,,1.0,0.0,0.0,1.0,0.0,1.0,,,,,,,,,,,,,,,,,,,,,,1.0,1.0,,,,,,,,,,,,,,,,,,,,,,,,,,,,,,,,0.0,,,,,,,,,,,,,,,,,,,,,,,,,,,,,,,,,,,,,,,,,,,,,,,,,,,,,,,,,,,,,,,,,,,,,,,,,,,,,,,,,,,,,,,,,,,,,,,,,,,,,,,,,,,,,,,,,,,,,,,,,,,,,,,,,,,,,,,,,,,,,,,,,,,,,,,,,,,,,,,,,,,,,,,,,,,,,,,,,,,,,,,,,,,,,,,,,,,,,,,,,,,,,,,,,,,,,,,,,,,,,,,,,,,,,,,,,,,,,,,,,,,,,,,,,,,,,,,,,,,,,,,,,,,,,,,,,,,,,,,,,,,,,,,,,,,,,,,,,,,,,,
Osmar Terra,0.0,0.0,1.0,0.0,1.0,1.0,0.0,1.0,0.0,1.0,0.0,1.0,1.0,0.0,,,,,,,,0.0,0.0,1.0,,,,,,,,,,,,,,,,,,,,,,1.0,0.0,1.0,1.0,,0.0,,0.0,,1.0,,0.0,1.0,,,,,,,,1.0,0.0,,0.0,0.0,,,,,,,,,,1.0,,,,,,,,,1.0,1.0,,1.0,1.0,0.0,0.0,1.0,1.0,1.0,,0.0,0.0,0.0,1.0,0.0,0.0,0.0,0.0,1.0,0.0,0.0,0.0,1.0,1.0,1.0,1.0,1.0,0.0,0.0,,0.0,1.0,0.0,1.0,0.0,,1.0,1.0,,0.0,0.0,1.0,0.0,1.0,0.0,0.0,1.0,1.0,,0.0,,0.0,0.0,1.0,0.0,1.0,1.0,0.0,1.0,,,,,,,,,,0.0,1.0,1.0,0.0,,,,,,,0.0,1.0,1.0,1.0,0.0,0.0,1.0,0.0,0.0,,,1.0,1.0,1.0,1.0,1.0,1.0,1.0,1.0,,1.0,1.0,1.0,,1.0,0.0,1.0,,0.0,0.0,0.0,,,0.0,1.0,0.0,,0.0,0.0,0.0,0.0,1.0,0.0,0.0,0.0,1.0,1.0,0.0,0.0,1.0,,0.0,1.0,1.0,1.0,1.0,0.0,1.0,1.0,1.0,1.0,1.0,0.0,0.0,,0.0,,1.0,1.0,0.0,1.0,0.0,0.0,1.0,0.0,,0.0,1.0,1.0,0.0,0.0,0.0,,1.0,1.0,1.0,0.0,0.0,0.0,0.0,0.0,0.0,1.0,1.0,1.0,,1.0,,,1.0,,1.0,0.0,1.0,,0.0,0.0,0.0,1.0,0.0,0.0,1.0,0.0,1.0,1.0,1.0,1.0,0.0,0.0,0.0,0.0,1.0,1.0,1.0,0.0,0.0,0.0,1.0,1.0,1.0,0.0,1.0,0.0,1.0,0.0,0.0,0.0,1.0,0.0,,1.0,,0.0,0.0,0.0,1.0,1.0,1.0,1.0,,1.0,0.0,1.0,0.0,1.0,1.0,0.0,1.0,1.0,1.0,1.0,1.0,1.0,1.0,1.0,0.0,0.0,0.0,0.0,1.0,0.0,0.0,0.0,0.0,0.0,1.0,1.0,1.0,1.0,1.0,0.0,0.0,0.0,0.0,1.0,1.0,0.0,,0.0,,,0.0,,0.0,0.0,0.0,1.0,0.0,0.0,1.0,1.0,0.0,1.0,1.0,0.0,0.0,1.0,1.0,0.0,,0.0,0.0,0.0,0.0,0.0,0.0,,0.0,0.0,1.0,,0.0,1.0,1.0,1.0,1.0,0.0,1.0,,1.0,,,,,,,,,,,,,,,,,,,,,,,,,,,,,,,,,,,,,,,,,,,,,,,,,,,,,,,,1.0,1.0,,,,,0.0,,0.0,0.0,0.0,0.0,0.0,1.0,,1.0,0.0,0.0,0.0,0.0,0.0,1.0,0.0,1.0,0.0,0.0,0.0,,0.0,,0.0,1.0,,0.0,1.0,,0.0,,,1.0,1.0,0.0,0.0,1.0,0.0,0.0,0.0,0.0,0.0,0.0,1.0,,
Ossesio Silva,0.0,0.0,1.0,0.0,1.0,1.0,1.0,1.0,0.0,1.0,0.0,1.0,1.0,0.0,1.0,1.0,1.0,0.0,1.0,0.0,0.0,0.0,1.0,1.0,0.0,1.0,0.0,0.0,1.0,1.0,0.0,0.0,0.0,0.0,0.0,0.0,1.0,0.0,0.0,0.0,0.0,1.0,0.0,1.0,0.0,1.0,0.0,1.0,1.0,0.0,0.0,1.0,0.0,1.0,1.0,0.0,0.0,,0.0,1.0,1.0,1.0,1.0,,0.0,1.0,0.0,1.0,0.0,0.0,0.0,0.0,0.0,1.0,0.0,1.0,1.0,0.0,1.0,1.0,,1.0,1.0,0.0,1.0,,1.0,1.0,1.0,1.0,1.0,1.0,,0.0,1.0,1.0,1.0,1.0,,,,0.0,1.0,0.0,0.0,0.0,0.0,1.0,1.0,0.0,1.0,1.0,1.0,1.0,1.0,1.0,0.0,0.0,0.0,0.0,1.0,0.0,0.0,0.0,0.0,1.0,1.0,0.0,0.0,0.0,1.0,0.0,0.0,1.0,0.0,1.0,1.0,1.0,1.0,0.0,0.0,0.0,1.0,0.0,0.0,1.0,0.0,1.0,1.0,0.0,0.0,1.0,1.0,0.0,0.0,,1.0,0.0,1.0,1.0,0.0,0.0,,0.0,,0.0,0.0,0.0,1.0,1.0,1.0,0.0,0.0,1.0,0.0,0.0,1.0,1.0,1.0,1.0,1.0,0.0,0.0,0.0,1.0,1.0,1.0,1.0,1.0,1.0,0.0,1.0,0.0,0.0,0.0,0.0,0.0,0.0,1.0,1.0,0.0,1.0,0.0,,0.0,0.0,0.0,0.0,1.0,0.0,0.0,0.0,1.0,1.0,0.0,0.0,1.0,0.0,0.0,1.0,1.0,1.0,,0.0,1.0,1.0,1.0,1.0,1.0,,,,0.0,1.0,1.0,1.0,0.0,1.0,,,,,0.0,1.0,1.0,1.0,,0.0,1.0,1.0,1.0,1.0,,0.0,0.0,1.0,0.0,1.0,0.0,1.0,1.0,1.0,1.0,1.0,1.0,1.0,1.0,1.0,1.0,0.0,1.0,0.0,0.0,0.0,0.0,1.0,0.0,0.0,1.0,0.0,1.0,1.0,1.0,1.0,0.0,0.0,0.0,0.0,1.0,1.0,1.0,0.0,0.0,0.0,1.0,1.0,,0.0,1.0,0.0,1.0,0.0,0.0,0.0,1.0,0.0,0.0,1.0,0.0,0.0,0.0,0.0,1.0,1.0,1.0,1.0,0.0,1.0,0.0,1.0,0.0,1.0,1.0,0.0,1.0,1.0,1.0,1.0,1.0,1.0,1.0,1.0,0.0,0.0,0.0,0.0,1.0,0.0,0.0,0.0,0.0,0.0,1.0,1.0,1.0,1.0,1.0,0.0,1.0,0.0,0.0,1.0,1.0,1.0,1.0,0.0,0.0,1.0,0.0,0.0,0.0,0.0,0.0,1.0,0.0,1.0,1.0,1.0,0.0,1.0,1.0,0.0,0.0,1.0,1.0,0.0,1.0,0.0,0.0,1.0,0.0,0.0,0.0,0.0,0.0,0.0,1.0,0.0,0.0,1.0,1.0,1.0,,0.0,1.0,1.0,1.0,0.0,0.0,0.0,0.0,0.0,1.0,0.0,0.0,0.0,1.0,0.0,1.0,1.0,1.0,0.0,1.0,0.0,1.0,0.0,0.0,,0.0,1.0,0.0,0.0,0.0,0.0,0.0,0.0,1.0,0.0,1.0,,,,,,,,,,0.0,0.0,0.0,0.0,0.0,0.0,1.0,1.0,0.0,1.0,,1.0,0.0,1.0,1.0,0.0,0.0,1.0,1.0,0.0,0.0,1.0,0.0,0.0,0.0,0.0,0.0,1.0,1.0,1.0,0.0,0.0,0.0,0.0,1.0,1.0,0.0,1.0,1.0,0.0,0.0,1.0,,0.0,0.0,1.0,1.0,0.0,1.0,0.0,0.0,1.0,1.0,1.0,1.0,0.0,0.0,1.0,0.0,,,,,,,,0.0
Otavio Leite,,,,,,,,,,1.0,,,,,,,,,,,,1.0,,,,,,,,,,,,,,,,,,,,,,,,,,,,,,,0.0,1.0,,0.0,0.0,,,1.0,1.0,1.0,,,,1.0,1.0,,0.0,0.0,,,,,,,,,,,,,,,,,,,1.0,,,,1.0,,,,1.0,1.0,,,,,,,,,,,,,,,,,,,,,,,,,,,,,,,,,,,,,,,,,,,,,,,,,,,,,,,,,,,,,,,,,,,,,,,,1.0,1.0,,,,,,,,,,,,,,,,,,,,,,,,,,,,,,,,0.0,,,,,,,,,,,,,,,,,,,,,,,,,,,,,,,,,,,,,,,,,,,,,,,,,,,,,,,,,,,,,,,,,,,,,,,,,,,,,,,,,,,,,,,,,,,,,,,,,,,,,,,,,,,,,,,,,,,,,,,,,,,,,,,,,,,,,,,,,,,,,,,,,,,,,,,,,,,,,,,,,,,,,,,,,,,,,,,,,,,,,,,,,,,,,,,,,,,,,,,,,,,,,,,,,,,,,,,,,,,,,,,,,,,,,,,,,,,,,,,,,,,,,,,,,,,,,,,,,,,,,,,,,,,,,,,,,,,,,,,,,,,,,,,,,,,,,,,,,,,,,,
Otoni de Paula,,,1.0,,,1.0,,,0.0,1.0,,1.0,1.0,0.0,0.0,,,,,,,,1.0,1.0,0.0,,,,,,0.0,1.0,0.0,0.0,,,1.0,0.0,0.0,0.0,0.0,,,1.0,,1.0,,,,,,,0.0,0.0,0.0,1.0,,1.0,,1.0,1.0,,1.0,,0.0,1.0,0.0,0.0,,,0.0,0.0,0.0,1.0,0.0,1.0,1.0,0.0,,1.0,1.0,1.0,1.0,0.0,0.0,,,1.0,1.0,1.0,1.0,1.0,1.0,0.0,0.0,,1.0,1.0,,,,0.0,1.0,0.0,0.0,1.0,0.0,,1.0,0.0,1.0,1.0,1.0,,,1.0,,,,0.0,1.0,0.0,0.0,,0.0,1.0,1.0,0.0,0.0,0.0,1.0,0.0,0.0,0.0,0.0,1.0,1.0,1.0,0.0,,0.0,0.0,1.0,0.0,,1.0,0.0,1.0,1.0,0.0,0.0,1.0,1.0,0.0,,0.0,1.0,,,,0.0,,1.0,,1.0,0.0,0.0,,,1.0,,0.0,,,0.0,,1.0,1.0,,,1.0,1.0,,1.0,,1.0,,,1.0,1.0,0.0,,0.0,1.0,,,,0.0,1.0,0.0,,1.0,0.0,,0.0,0.0,0.0,0.0,1.0,1.0,,0.0,,,0.0,,1.0,0.0,,,1.0,,1.0,,1.0,1.0,1.0,1.0,1.0,,,,0.0,1.0,1.0,1.0,0.0,,0.0,0.0,1.0,,0.0,,,1.0,0.0,0.0,0.0,,1.0,1.0,,,0.0,,0.0,0.0,,1.0,1.0,,,1.0,1.0,1.0,1.0,1.0,1.0,0.0,1.0,0.0,0.0,0.0,0.0,,,0.0,,,,1.0,1.0,,0.0,,0.0,,1.0,1.0,1.0,,,,1.0,,1.0,,,,1.0,0.0,0.0,,,,1.0,1.0,0.0,,0.0,0.0,1.0,,,,0.0,1.0,0.0,1.0,0.0,1.0,1.0,0.0,1.0,,1.0,1.0,1.0,1.0,1.0,1.0,1.0,0.0,,0.0,,0.0,,0.0,,0.0,,,1.0,1.0,1.0,0.0,0.0,0.0,0.0,,,,1.0,0.0,,,0.0,,0.0,1.0,,1.0,,,1.0,1.0,0.0,,1.0,0.0,,,1.0,0.0,1.0,0.0,0.0,1.0,0.0,0.0,0.0,0.0,0.0,0.0,0.0,,0.0,1.0,,,1.0,0.0,1.0,1.0,1.0,0.0,0.0,,0.0,0.0,1.0,,,0.0,1.0,0.0,1.0,1.0,,1.0,1.0,0.0,1.0,0.0,0.0,,0.0,1.0,,0.0,,,0.0,,1.0,,,1.0,,0.0,1.0,0.0,,1.0,0.0,0.0,0.0,,,,0.0,0.0,1.0,1.0,0.0,1.0,,1.0,,0.0,1.0,0.0,,1.0,1.0,1.0,0.0,1.0,,0.0,0.0,,,0.0,,1.0,0.0,0.0,0.0,0.0,0.0,1.0,0.0,1.0,1.0,0.0,0.0,1.0,,0.0,0.0,,1.0,0.0,1.0,0.0,,1.0,1.0,1.0,1.0,,0.0,1.0,0.0,,,,,0.0,,,
Ottaci Nascimento,,,1.0,1.0,1.0,1.0,1.0,1.0,1.0,1.0,,1.0,0.0,1.0,0.0,1.0,0.0,1.0,,0.0,1.0,,,1.0,0.0,1.0,0.0,0.0,0.0,,0.0,1.0,0.0,0.0,0.0,0.0,1.0,1.0,0.0,0.0,0.0,0.0,0.0,1.0,0.0,1.0,0.0,1.0,1.0,,0.0,,,1.0,,0.0,0.0,1.0,,,,1.0,0.0,,0.0,1.0,1.0,1.0,0.0,0.0,0.0,0.0,0.0,1.0,0.0,1.0,,,,1.0,1.0,1.0,1.0,0.0,1.0,,,,1.0,1.0,1.0,1.0,1.0,0.0,1.0,,1.0,1.0,,,,,,1.0,1.0,1.0,,0.0,1.0,1.0,1.0,0.0,,,,,,,,,,,,,,1.0,0.0,,,,1.0,0.0,0.0,0.0,0.0,1.0,1.0,1.0,1.0,0.0,0.0,,1.0,0.0,1.0,1.0,0.0,1.0,1.0,0.0,0.0,1.0,1.0,0.0,0.0,0.0,1.0,0.0,1.0,1.0,0.0,0.0,1.0,0.0,1.0,0.0,,,1.0,1.0,1.0,0.0,0.0,1.0,,0.0,1.0,1.0,1.0,1.0,1.0,1.0,0.0,1.0,,1.0,1.0,1.0,1.0,,0.0,0.0,0.0,,,0.0,1.0,,,,,1.0,,,0.0,0.0,0.0,0.0,,0.0,,0.0,1.0,1.0,0.0,0.0,1.0,0.0,0.0,1.0,1.0,1.0,1.0,0.0,1.0,1.0,1.0,1.0,1.0,0.0,0.0,,0.0,1.0,,1.0,0.0,1.0,,1.0,0.0,0.0,,,,,1.0,0.0,1.0,1.0,,,0.0,0.0,0.0,1.0,0.0,1.0,,1.0,1.0,1.0,1.0,1.0,0.0,1.0,1.0,0.0,1.0,0.0,0.0,0.0,1.0,,,1.0,0.0,,,,1.0,1.0,1.0,,0.0,0.0,0.0,0.0,1.0,,1.0,,,0.0,1.0,,1.0,0.0,1.0,,1.0,1.0,,1.0,,,,,,,,,,,,,0.0,1.0,0.0,1.0,0.0,1.0,1.0,0.0,1.0,1.0,1.0,1.0,1.0,1.0,1.0,1.0,,,0.0,0.0,1.0,,0.0,0.0,0.0,0.0,,1.0,1.0,1.0,1.0,1.0,1.0,0.0,0.0,1.0,1.0,1.0,1.0,0.0,,1.0,,0.0,,,,,,,,,,,,,,,1.0,0.0,,,,,0.0,0.0,1.0,,0.0,0.0,1.0,0.0,0.0,1.0,1.0,1.0,,,,,1.0,,,,,,,,,,,,,,,,,,,,,,,,,,,,,,,,,,,,,,,,,,,,,,,,,,,,,,,,,,,,,,,,,,,,,,,,,,,,,,,,,,,,,,,,,,,,,,,,,0.0,,1.0,0.0,,,,,,,,
Otto Alencar Filho,0.0,1.0,1.0,1.0,1.0,1.0,1.0,,,,1.0,1.0,0.0,1.0,0.0,1.0,0.0,1.0,0.0,0.0,,0.0,0.0,0.0,0.0,1.0,0.0,1.0,0.0,1.0,0.0,1.0,0.0,0.0,0.0,0.0,1.0,1.0,0.0,1.0,0.0,0.0,0.0,1.0,0.0,,,1.0,1.0,,0.0,1.0,0.0,1.0,1.0,0.0,0.0,1.0,0.0,1.0,1.0,1.0,1.0,0.0,,1.0,1.0,1.0,0.0,0.0,0.0,0.0,0.0,1.0,,1.0,1.0,0.0,1.0,1.0,,1.0,1.0,,1.0,,,1.0,1.0,,1.0,,1.0,0.0,1.0,1.0,1.0,1.0,,,,0.0,1.0,1.0,1.0,1.0,0.0,0.0,1.0,1.0,1.0,0.0,0.0,1.0,1.0,0.0,0.0,0.0,0.0,0.0,1.0,0.0,,0.0,0.0,1.0,0.0,0.0,0.0,,1.0,0.0,0.0,0.0,0.0,,1.0,1.0,1.0,0.0,0.0,0.0,1.0,0.0,0.0,1.0,0.0,1.0,1.0,0.0,0.0,1.0,1.0,,,,,0.0,1.0,1.0,0.0,0.0,1.0,0.0,,0.0,0.0,0.0,1.0,,1.0,0.0,1.0,0.0,1.0,1.0,0.0,0.0,1.0,1.0,0.0,0.0,0.0,0.0,0.0,0.0,0.0,1.0,0.0,1.0,0.0,0.0,0.0,1.0,0.0,0.0,0.0,0.0,1.0,1.0,0.0,1.0,0.0,,0.0,0.0,0.0,0.0,1.0,0.0,0.0,0.0,1.0,1.0,0.0,0.0,1.0,0.0,0.0,1.0,1.0,1.0,0.0,1.0,0.0,0.0,0.0,0.0,0.0,0.0,0.0,0.0,1.0,0.0,1.0,0.0,1.0,0.0,1.0,1.0,0.0,1.0,0.0,0.0,1.0,1.0,1.0,1.0,1.0,,1.0,1.0,1.0,0.0,0.0,0.0,0.0,1.0,,1.0,1.0,1.0,1.0,1.0,1.0,0.0,1.0,1.0,1.0,0.0,,0.0,0.0,0.0,0.0,1.0,0.0,0.0,0.0,1.0,0.0,0.0,0.0,0.0,0.0,0.0,0.0,0.0,0.0,0.0,0.0,1.0,0.0,1.0,1.0,1.0,0.0,1.0,1.0,0.0,1.0,0.0,1.0,1.0,1.0,0.0,0.0,1.0,,0.0,0.0,0.0,1.0,1.0,1.0,1.0,0.0,1.0,0.0,0.0,,1.0,1.0,0.0,1.0,1.0,1.0,1.0,1.0,0.0,1.0,0.0,0.0,0.0,0.0,0.0,1.0,0.0,0.0,0.0,0.0,0.0,1.0,1.0,1.0,1.0,1.0,0.0,1.0,0.0,0.0,1.0,1.0,0.0,0.0,0.0,0.0,1.0,0.0,0.0,0.0,,0.0,1.0,0.0,0.0,1.0,1.0,0.0,1.0,1.0,0.0,,1.0,1.0,0.0,1.0,0.0,0.0,1.0,0.0,1.0,0.0,0.0,,0.0,1.0,0.0,0.0,1.0,1.0,1.0,,0.0,1.0,1.0,1.0,0.0,0.0,0.0,0.0,0.0,1.0,0.0,0.0,0.0,1.0,0.0,1.0,1.0,,0.0,0.0,0.0,1.0,0.0,0.0,0.0,,1.0,0.0,0.0,0.0,0.0,0.0,0.0,1.0,,1.0,1.0,0.0,,,,,,0.0,0.0,0.0,,0.0,0.0,0.0,,,,,,,0.0,0.0,0.0,1.0,1.0,1.0,1.0,1.0,1.0,0.0,1.0,0.0,0.0,0.0,0.0,0.0,1.0,1.0,0.0,0.0,0.0,0.0,1.0,1.0,0.0,0.0,1.0,0.0,0.0,0.0,1.0,0.0,0.0,0.0,1.0,1.0,0.0,1.0,0.0,0.0,,1.0,1.0,1.0,0.0,1.0,0.0,1.0,,,,,,,,0.0
Padre João,,,1.0,1.0,1.0,1.0,1.0,1.0,1.0,1.0,1.0,1.0,1.0,0.0,1.0,1.0,1.0,0.0,1.0,1.0,1.0,0.0,1.0,1.0,,1.0,1.0,0.0,1.0,,,,,,,,,1.0,,1.0,,1.0,,0.0,,1.0,0.0,1.0,1.0,0.0,,1.0,0.0,1.0,1.0,0.0,0.0,1.0,0.0,1.0,1.0,1.0,0.0,,,0.0,0.0,1.0,,,,,,,,,,,,1.0,,1.0,,,1.0,,1.0,1.0,1.0,1.0,1.0,1.0,0.0,1.0,1.0,1.0,1.0,1.0,,0.0,0.0,1.0,0.0,1.0,1.0,1.0,,0.0,1.0,1.0,1.0,0.0,0.0,0.0,0.0,0.0,1.0,,,1.0,0.0,1.0,1.0,0.0,1.0,0.0,0.0,1.0,0.0,1.0,0.0,1.0,1.0,1.0,,0.0,0.0,0.0,1.0,0.0,1.0,0.0,1.0,1.0,0.0,1.0,0.0,1.0,0.0,,,,,,1.0,,0.0,,,0.0,,0.0,,,,,1.0,0.0,1.0,1.0,1.0,0.0,,,,,0.0,,0.0,0.0,0.0,0.0,0.0,,,0.0,0.0,0.0,0.0,0.0,1.0,0.0,1.0,0.0,1.0,,1.0,1.0,1.0,,0.0,1.0,,,1.0,1.0,1.0,1.0,0.0,1.0,1.0,1.0,0.0,1.0,1.0,0.0,0.0,1.0,1.0,0.0,0.0,0.0,0.0,1.0,0.0,0.0,0.0,0.0,0.0,1.0,1.0,1.0,1.0,0.0,0.0,0.0,1.0,0.0,1.0,1.0,0.0,1.0,1.0,1.0,1.0,0.0,1.0,1.0,1.0,1.0,1.0,1.0,0.0,1.0,1.0,0.0,1.0,1.0,0.0,1.0,0.0,1.0,0.0,1.0,0.0,0.0,1.0,1.0,0.0,1.0,0.0,1.0,1.0,1.0,1.0,0.0,,1.0,,,,,0.0,0.0,1.0,1.0,,,,0.0,0.0,1.0,,1.0,1.0,0.0,0.0,1.0,0.0,1.0,0.0,,1.0,1.0,1.0,1.0,1.0,1.0,0.0,1.0,1.0,0.0,0.0,0.0,0.0,0.0,1.0,1.0,1.0,0.0,1.0,0.0,0.0,0.0,1.0,0.0,0.0,1.0,1.0,0.0,0.0,0.0,1.0,1.0,1.0,1.0,0.0,1.0,0.0,1.0,1.0,1.0,1.0,1.0,0.0,0.0,0.0,1.0,1.0,0.0,1.0,1.0,1.0,1.0,0.0,1.0,0.0,,1.0,0.0,1.0,0.0,0.0,0.0,1.0,0.0,0.0,0.0,1.0,0.0,,,,1.0,0.0,1.0,1.0,1.0,1.0,0.0,0.0,1.0,1.0,1.0,1.0,0.0,1.0,0.0,1.0,1.0,1.0,1.0,1.0,0.0,0.0,0.0,,,,,,,,1.0,,1.0,0.0,1.0,0.0,0.0,0.0,0.0,0.0,,,,,1.0,1.0,,,,,,,,,,0.0,0.0,1.0,1.0,0.0,1.0,0.0,,1.0,,,,,,,,,,,,1.0,0.0,0.0,1.0,1.0,1.0,0.0,0.0,0.0,0.0,1.0,1.0,,1.0,0.0,0.0,0.0,0.0,0.0,0.0,1.0,1.0,,1.0,1.0,0.0,0.0,1.0,,1.0,1.0,1.0,,0.0,1.0,0.0,1.0,0.0,1.0,1.0,0.0,1.0,,0.0,1.0,1.0,1.0,0.0,1.0,0.0,0.0,0.0,,0.0,,0.0,1.0
Paes Landim,,,,,,,,1.0,0.0,,,,,,,,,,,,,,,,,1.0,,,,,,,,,,,,,,,,,,,,1.0,0.0,1.0,,,,,,,,,,,0.0,,,,0.0,,,,,,,,0.0,,0.0,,,1.0,,,,,,,0.0,,,,,,,,,,,,,,,,,,,,,,,,,,,,,,,,,,,,,,,,,,,,,,,,,,,,,,,,1.0,,0.0,0.0,,,,,,,1.0,,,1.0,1.0,0.0,0.0,0.0,1.0,0.0,,,,,,,1.0,0.0,,,1.0,,,,,,0.0,0.0,1.0,1.0,1.0,1.0,1.0,1.0,,,,,,,,,0.0,1.0,0.0,,0.0,0.0,0.0,0.0,,1.0,,1.0,,,0.0,0.0,0.0,0.0,1.0,0.0,0.0,0.0,,,,,,,,,,,,,,,,,,,,,,,,,,,,,,,,,,,1.0,0.0,1.0,1.0,1.0,1.0,,,,0.0,0.0,1.0,0.0,1.0,1.0,,1.0,1.0,1.0,1.0,1.0,,,,,,,,,,,,,,,,,,,,,,,,,,,,,,,,,,,1.0,1.0,,,,,,,,,,,,,,0.0,1.0,0.0,1.0,0.0,1.0,,,,1.0,1.0,1.0,1.0,1.0,1.0,1.0,,,,,,,0.0,0.0,0.0,0.0,1.0,1.0,1.0,1.0,1.0,0.0,0.0,0.0,,,,,,,,,,,,,,,,,,,,,,,,,,,,,,,,,,,,,,,,,,,,,,,,,,,,,,,,,,,,,,,,,,,,,,,,,,,,,,,,,,,,,,,,,,,,,,,,,,,,,,,,,,,,,,,,,,,,,,,,,,,,,,,,,,,,,,,,,,,,,,,,,,,,,,,,,,,
Pastor Eurico,0.0,0.0,,,,,,1.0,0.0,1.0,,1.0,1.0,0.0,1.0,1.0,1.0,0.0,0.0,1.0,0.0,0.0,1.0,0.0,,,0.0,0.0,1.0,1.0,,1.0,0.0,0.0,0.0,0.0,1.0,0.0,0.0,,0.0,,0.0,1.0,,,0.0,1.0,1.0,0.0,,1.0,0.0,0.0,0.0,0.0,1.0,,0.0,,1.0,1.0,1.0,,0.0,1.0,0.0,0.0,0.0,,0.0,,,1.0,0.0,1.0,1.0,0.0,1.0,,1.0,1.0,1.0,0.0,0.0,,0.0,0.0,1.0,1.0,1.0,1.0,,0.0,0.0,0.0,1.0,1.0,,,,0.0,1.0,,0.0,0.0,0.0,1.0,0.0,0.0,0.0,1.0,1.0,1.0,1.0,1.0,0.0,0.0,0.0,0.0,1.0,0.0,0.0,0.0,0.0,1.0,1.0,0.0,0.0,0.0,,,0.0,,,1.0,1.0,1.0,,,,,1.0,0.0,0.0,1.0,0.0,1.0,1.0,0.0,0.0,1.0,1.0,0.0,0.0,0.0,1.0,0.0,1.0,1.0,,0.0,,0.0,1.0,0.0,0.0,0.0,,,,0.0,,,,,,,,,,,,,,,,,,1.0,,,0.0,1.0,0.0,,0.0,0.0,0.0,0.0,,,0.0,,0.0,0.0,0.0,0.0,1.0,0.0,0.0,0.0,1.0,1.0,0.0,,,,,,,,1.0,0.0,1.0,1.0,1.0,1.0,1.0,0.0,0.0,,0.0,1.0,1.0,1.0,0.0,1.0,0.0,0.0,1.0,0.0,0.0,0.0,,1.0,0.0,0.0,0.0,,0.0,,1.0,,0.0,0.0,0.0,,,1.0,1.0,1.0,1.0,1.0,1.0,1.0,1.0,0.0,1.0,,1.0,0.0,0.0,,,,0.0,0.0,1.0,0.0,1.0,1.0,1.0,1.0,0.0,0.0,0.0,0.0,1.0,1.0,1.0,0.0,,0.0,,1.0,1.0,0.0,0.0,0.0,1.0,0.0,0.0,,1.0,0.0,0.0,1.0,0.0,,0.0,0.0,1.0,1.0,1.0,1.0,,1.0,0.0,1.0,0.0,1.0,1.0,0.0,1.0,1.0,1.0,1.0,1.0,1.0,1.0,1.0,0.0,0.0,,,,0.0,0.0,0.0,0.0,0.0,1.0,1.0,1.0,1.0,1.0,0.0,0.0,,0.0,1.0,,0.0,,,1.0,1.0,0.0,,0.0,,0.0,1.0,0.0,0.0,1.0,1.0,0.0,1.0,1.0,0.0,,,1.0,0.0,1.0,0.0,0.0,1.0,,0.0,0.0,,0.0,0.0,0.0,0.0,0.0,1.0,,0.0,1.0,0.0,1.0,1.0,,0.0,0.0,0.0,,,,,0.0,0.0,1.0,0.0,1.0,1.0,1.0,1.0,,0.0,1.0,0.0,0.0,0.0,0.0,1.0,0.0,0.0,0.0,0.0,,0.0,1.0,0.0,1.0,1.0,0.0,0.0,1.0,0.0,1.0,1.0,0.0,0.0,,,0.0,0.0,0.0,0.0,1.0,1.0,0.0,1.0,0.0,1.0,,0.0,1.0,0.0,,,1.0,1.0,,1.0,0.0,,0.0,0.0,,1.0,1.0,1.0,0.0,0.0,0.0,0.0,0.0,1.0,0.0,1.0,0.0,0.0,0.0,1.0,0.0,0.0,0.0,1.0,1.0,0.0,1.0,0.0,,1.0,1.0,1.0,1.0,,0.0,1.0,0.0,,,,,,,,
Pastor Gil,,,1.0,0.0,1.0,1.0,1.0,1.0,0.0,1.0,,1.0,1.0,0.0,,1.0,1.0,0.0,1.0,1.0,0.0,,1.0,1.0,,1.0,0.0,0.0,0.0,1.0,0.0,1.0,,,0.0,0.0,1.0,1.0,0.0,0.0,0.0,1.0,0.0,1.0,0.0,,,,,1.0,,,0.0,1.0,1.0,0.0,0.0,1.0,0.0,,,,1.0,0.0,,1.0,,1.0,,,,,,1.0,0.0,1.0,,0.0,1.0,1.0,1.0,1.0,1.0,0.0,0.0,,1.0,1.0,1.0,1.0,,1.0,1.0,,,1.0,1.0,1.0,,,,0.0,,,0.0,0.0,0.0,1.0,1.0,,1.0,1.0,1.0,1.0,,1.0,0.0,,0.0,,1.0,0.0,0.0,,0.0,1.0,1.0,0.0,0.0,0.0,1.0,0.0,,0.0,,1.0,1.0,1.0,1.0,0.0,0.0,0.0,1.0,0.0,0.0,1.0,0.0,1.0,,,0.0,1.0,1.0,0.0,0.0,0.0,1.0,,,,,,,,,,0.0,,1.0,1.0,1.0,0.0,0.0,1.0,,0.0,1.0,1.0,1.0,1.0,1.0,1.0,0.0,1.0,1.0,1.0,1.0,1.0,1.0,1.0,0.0,0.0,,1.0,,,0.0,,1.0,1.0,,,0.0,,,0.0,0.0,0.0,1.0,0.0,0.0,,,1.0,0.0,0.0,1.0,0.0,0.0,1.0,,,,0.0,1.0,1.0,1.0,1.0,1.0,0.0,0.0,,0.0,1.0,1.0,1.0,0.0,1.0,0.0,0.0,,0.0,0.0,0.0,1.0,1.0,0.0,0.0,0.0,1.0,,1.0,,,,1.0,,1.0,,1.0,1.0,,1.0,1.0,,1.0,1.0,0.0,1.0,0.0,1.0,0.0,,0.0,0.0,1.0,0.0,0.0,1.0,0.0,1.0,1.0,1.0,1.0,,0.0,0.0,,1.0,,1.0,,0.0,0.0,1.0,,1.0,0.0,,0.0,1.0,0.0,,,,0.0,,,,,,0.0,1.0,,1.0,1.0,,1.0,0.0,1.0,0.0,1.0,1.0,0.0,1.0,1.0,1.0,1.0,,,,,,0.0,0.0,0.0,1.0,0.0,0.0,,,,,,,,,,,,,,1.0,0.0,1.0,,0.0,,0.0,,0.0,,,1.0,0.0,,0.0,,0.0,1.0,1.0,0.0,0.0,,1.0,0.0,,0.0,0.0,1.0,0.0,0.0,0.0,0.0,0.0,0.0,0.0,0.0,0.0,1.0,1.0,0.0,,0.0,,1.0,1.0,,0.0,0.0,0.0,,1.0,0.0,0.0,0.0,,0.0,,,1.0,1.0,1.0,0.0,1.0,,,0.0,,1.0,,,,,0.0,,1.0,,1.0,,,,,0.0,,1.0,0.0,0.0,0.0,0.0,,,,0.0,,1.0,0.0,1.0,,1.0,,1.0,1.0,0.0,1.0,1.0,1.0,1.0,0.0,1.0,,,0.0,0.0,0.0,0.0,,,,0.0,,,0.0,1.0,,1.0,0.0,,0.0,1.0,,,,,1.0,0.0,1.0,0.0,,1.0,1.0,1.0,,,0.0,,0.0,,,,,,,,0.0
Pastor Sargento Isidório,,1.0,1.0,1.0,,1.0,1.0,1.0,1.0,,1.0,1.0,1.0,0.0,1.0,1.0,1.0,0.0,1.0,1.0,1.0,,0.0,,0.0,,,,,0.0,,0.0,0.0,,,1.0,0.0,1.0,1.0,,1.0,1.0,0.0,0.0,0.0,1.0,0.0,1.0,1.0,0.0,0.0,1.0,0.0,1.0,1.0,0.0,0.0,1.0,,1.0,,,1.0,,,0.0,,0.0,0.0,0.0,0.0,,0.0,1.0,0.0,1.0,1.0,,1.0,1.0,1.0,1.0,1.0,0.0,1.0,,1.0,1.0,1.0,1.0,1.0,1.0,1.0,0.0,1.0,1.0,1.0,1.0,,,,1.0,1.0,1.0,1.0,1.0,0.0,0.0,1.0,1.0,1.0,0.0,0.0,0.0,0.0,0.0,1.0,0.0,0.0,0.0,1.0,1.0,1.0,0.0,1.0,0.0,0.0,1.0,0.0,1.0,0.0,1.0,,1.0,1.0,1.0,1.0,1.0,1.0,,0.0,0.0,1.0,1.0,0.0,1.0,0.0,1.0,0.0,,,,,,,,,0.0,0.0,0.0,1.0,0.0,,0.0,,0.0,0.0,0.0,1.0,1.0,1.0,0.0,1.0,0.0,,0.0,0.0,0.0,0.0,0.0,0.0,0.0,0.0,0.0,0.0,0.0,0.0,0.0,0.0,0.0,0.0,0.0,1.0,1.0,0.0,0.0,,1.0,,,0.0,1.0,0.0,,1.0,1.0,1.0,1.0,0.0,1.0,1.0,1.0,0.0,1.0,1.0,0.0,1.0,0.0,1.0,1.0,0.0,0.0,0.0,1.0,0.0,0.0,0.0,0.0,0.0,1.0,1.0,1.0,1.0,0.0,1.0,0.0,1.0,0.0,1.0,1.0,0.0,1.0,0.0,1.0,1.0,0.0,0.0,1.0,1.0,1.0,1.0,1.0,0.0,1.0,1.0,0.0,1.0,1.0,,1.0,1.0,,1.0,1.0,0.0,0.0,1.0,0.0,1.0,1.0,0.0,1.0,1.0,1.0,1.0,0.0,0.0,1.0,0.0,1.0,0.0,0.0,0.0,0.0,0.0,1.0,1.0,1.0,0.0,,1.0,1.0,0.0,1.0,1.0,1.0,0.0,0.0,0.0,1.0,0.0,0.0,1.0,1.0,1.0,0.0,0.0,1.0,0.0,1.0,0.0,0.0,0.0,1.0,0.0,0.0,,1.0,1.0,0.0,1.0,1.0,1.0,0.0,1.0,0.0,1.0,1.0,1.0,1.0,1.0,0.0,0.0,1.0,0.0,0.0,1.0,1.0,0.0,1.0,1.0,1.0,1.0,1.0,1.0,0.0,0.0,1.0,1.0,,1.0,1.0,,1.0,0.0,1.0,0.0,,1.0,0.0,0.0,0.0,0.0,1.0,0.0,0.0,1.0,1.0,0.0,1.0,1.0,0.0,,1.0,0.0,1.0,1.0,1.0,1.0,0.0,0.0,1.0,1.0,1.0,1.0,0.0,1.0,0.0,0.0,1.0,1.0,1.0,,0.0,1.0,0.0,,0.0,0.0,0.0,0.0,0.0,1.0,1.0,0.0,0.0,0.0,1.0,0.0,0.0,0.0,0.0,1.0,0.0,,0.0,,1.0,0.0,1.0,0.0,,,0.0,0.0,0.0,1.0,0.0,1.0,1.0,0.0,0.0,1.0,0.0,1.0,1.0,0.0,0.0,0.0,0.0,0.0,0.0,0.0,0.0,1.0,1.0,0.0,1.0,0.0,1.0,0.0,1.0,1.0,1.0,1.0,1.0,1.0,1.0,1.0,1.0,1.0,0.0,0.0,0.0,,1.0,0.0,0.0,,1.0,0.0,1.0,1.0,0.0,0.0,1.0,0.0,0.0,0.0,1.0,0.0,0.0,0.0,1.0,1.0,0.0,1.0,0.0,0.0,1.0,1.0,0.0,1.0,0.0,0.0,1.0,0.0,,,,,,,,0.0
Patricia Ferraz,,,,,,,,,,,0.0,,,,,,,,,,,,1.0,,,,,,,,,,,,,,,,,,,,,,,,,,1.0,0.0,0.0,1.0,,,,,,,,,,,,,,,,,,,,,,,,,,,,,,,,,,,,,,,,,,,,,,,,,,,,1.0,1.0,0.0,0.0,0.0,1.0,1.0,0.0,0.0,0.0,,,,,,,,,,,,,,,,,,,,,,,,,,1.0,0.0,0.0,0.0,,,,,,,1.0,0.0,0.0,,1.0,0.0,,0.0,1.0,0.0,1.0,1.0,0.0,0.0,1.0,,1.0,0.0,,,1.0,,,,0.0,1.0,,0.0,1.0,1.0,1.0,1.0,1.0,0.0,0.0,1.0,1.0,1.0,1.0,1.0,1.0,,0.0,1.0,1.0,,0.0,0.0,0.0,0.0,1.0,1.0,,1.0,,,0.0,0.0,0.0,,1.0,0.0,0.0,0.0,,,,,,,,,,,1.0,,1.0,1.0,1.0,1.0,1.0,0.0,,,0.0,1.0,1.0,1.0,0.0,1.0,0.0,0.0,,0.0,,0.0,0.0,1.0,1.0,1.0,1.0,1.0,1.0,1.0,1.0,,,1.0,0.0,1.0,0.0,1.0,1.0,1.0,1.0,1.0,1.0,0.0,1.0,,,0.0,,,,,,,,,,,,,,,,,,,,,,,,,,,,,1.0,,,1.0,0.0,,,,,,,,,,,,,,0.0,1.0,0.0,1.0,1.0,1.0,1.0,1.0,1.0,1.0,0.0,1.0,1.0,1.0,1.0,1.0,,,,,,,0.0,0.0,0.0,0.0,1.0,1.0,1.0,1.0,1.0,1.0,1.0,,1.0,1.0,1.0,,,,,,,,,,,,,,,,,,,,,,,,,,,,,,,,,,,,,,,,,,,,,,,,,,,,,,,,,,,,,,,,,,,,,,,,,,,,,,,,,,,,,,,,,,,,,,,,,,,,,,,,,,,,,,,,,,,,,,,,,,,,,,,,,,,,,,,,,,,,,,,,,,,,,,,,
Patrick Dorneles,,,,,,,,,,,,,0.0,1.0,0.0,1.0,,0.0,1.0,0.0,1.0,,,,,,,,,,,,,,,,,,,,,,,,,,,,,,,,,,,,,,,1.0,,,,,,,,,0.0,0.0,,,,,,,,,,,,,,,,,,,,,,,,,0.0,,,,,,,,,,,,,,,,,,,,,,,,,,,,,,,,,,,,,,,,,,,,,,,,,,,,,,,,,,,,,,,,,,,,,,,,,,,,0.0,,,,,,,,,,,,,,,,,,,,,,,,,,,,,,,,0.0,,,,,,,,,,,,,,,,,,,,,,,,,,,,,,,,,,,,,,,,,,,,,,,,,,,,,,,,,,,,,,,,,,,,,,,,,,,,,,,,,,,,,,,,,,,,,,,,,,,,,,,,,,,,,,,,,,,,,,,,,,,,,,,,,,,,,,,,,,,,,,,,,,,,,,,,,,,,,,,,,,,,,,,,,,,,,,,,,,,,,,,,,,,,,,,,,,,,,,,,,,,,,,,,,,,,,,,,,,,,,,,,,,,,,,,,,,,,,,,,,,,,,,,,,,,,,,,,,,,,,,,,,,,,,,,,,,,,,,,,,,,,,,,,,,,,,,,,,,,,,,
Patrus Ananias,1.0,,1.0,1.0,1.0,1.0,1.0,1.0,1.0,1.0,1.0,1.0,1.0,0.0,1.0,1.0,1.0,0.0,1.0,1.0,1.0,,1.0,1.0,,,,,,0.0,,,,,,,,1.0,1.0,1.0,,1.0,,0.0,,,,1.0,1.0,0.0,0.0,1.0,0.0,1.0,1.0,0.0,0.0,1.0,,1.0,1.0,1.0,0.0,,,0.0,0.0,1.0,,,,,,,,,,,,1.0,,1.0,1.0,0.0,1.0,,1.0,1.0,1.0,1.0,,1.0,0.0,1.0,1.0,1.0,1.0,1.0,,0.0,0.0,1.0,0.0,1.0,1.0,1.0,0.0,0.0,1.0,1.0,1.0,0.0,0.0,0.0,0.0,0.0,,0.0,1.0,1.0,0.0,1.0,1.0,0.0,1.0,0.0,0.0,1.0,1.0,1.0,0.0,1.0,1.0,1.0,1.0,0.0,0.0,0.0,1.0,,1.0,0.0,1.0,1.0,0.0,1.0,0.0,1.0,0.0,,,,,,1.0,,0.0,,,0.0,,0.0,,,,,1.0,,1.0,,1.0,0.0,,,,,0.0,,0.0,0.0,0.0,0.0,0.0,,0.0,0.0,0.0,0.0,0.0,0.0,1.0,0.0,1.0,0.0,1.0,,,,1.0,1.0,0.0,,,,1.0,1.0,,1.0,0.0,1.0,1.0,1.0,0.0,1.0,1.0,,1.0,1.0,1.0,0.0,0.0,0.0,0.0,1.0,0.0,0.0,0.0,0.0,0.0,1.0,1.0,1.0,1.0,0.0,0.0,0.0,1.0,0.0,1.0,1.0,0.0,1.0,1.0,1.0,1.0,0.0,1.0,1.0,1.0,,1.0,,0.0,1.0,1.0,0.0,1.0,1.0,,1.0,0.0,1.0,0.0,1.0,,0.0,1.0,1.0,0.0,1.0,0.0,1.0,1.0,1.0,1.0,0.0,0.0,1.0,0.0,1.0,0.0,0.0,,0.0,1.0,1.0,1.0,1.0,0.0,0.0,0.0,1.0,,,0.0,0.0,0.0,1.0,1.0,1.0,0.0,1.0,1.0,1.0,1.0,1.0,,0.0,0.0,1.0,1.0,0.0,0.0,,,0.0,,1.0,1.0,0.0,1.0,0.0,0.0,0.0,1.0,0.0,0.0,1.0,1.0,0.0,0.0,0.0,1.0,1.0,1.0,1.0,0.0,1.0,0.0,1.0,1.0,,,1.0,0.0,0.0,0.0,1.0,1.0,,1.0,1.0,1.0,1.0,0.0,1.0,0.0,1.0,1.0,0.0,1.0,0.0,0.0,0.0,1.0,0.0,0.0,0.0,1.0,0.0,,,,1.0,0.0,1.0,1.0,1.0,1.0,0.0,0.0,1.0,1.0,1.0,1.0,0.0,1.0,0.0,1.0,1.0,1.0,1.0,1.0,,0.0,0.0,,,,,,,1.0,1.0,,1.0,0.0,1.0,0.0,0.0,0.0,0.0,0.0,,,,1.0,1.0,1.0,0.0,,,,,,,,,0.0,,,1.0,0.0,1.0,0.0,0.0,1.0,,,,,,,,,,,,1.0,0.0,,,1.0,1.0,0.0,0.0,0.0,,1.0,1.0,1.0,1.0,0.0,0.0,,0.0,0.0,0.0,1.0,1.0,0.0,1.0,1.0,0.0,0.0,1.0,1.0,1.0,1.0,1.0,0.0,0.0,1.0,0.0,1.0,0.0,1.0,1.0,,1.0,0.0,0.0,1.0,1.0,,,1.0,0.0,0.0,0.0,0.0,0.0,1.0,0.0,1.0
Paula Belmonte,0.0,0.0,1.0,0.0,1.0,1.0,0.0,1.0,0.0,1.0,0.0,1.0,0.0,1.0,0.0,1.0,0.0,0.0,0.0,0.0,0.0,0.0,0.0,0.0,0.0,,1.0,0.0,1.0,1.0,0.0,1.0,,0.0,0.0,0.0,1.0,0.0,0.0,0.0,0.0,0.0,0.0,1.0,,1.0,0.0,1.0,1.0,0.0,0.0,1.0,0.0,0.0,1.0,0.0,0.0,1.0,,1.0,1.0,1.0,1.0,0.0,0.0,1.0,1.0,0.0,0.0,0.0,1.0,,,1.0,,1.0,1.0,0.0,1.0,1.0,1.0,,1.0,0.0,0.0,,0.0,0.0,1.0,1.0,0.0,0.0,1.0,0.0,0.0,0.0,1.0,0.0,,0.0,,0.0,1.0,0.0,0.0,1.0,0.0,1.0,0.0,0.0,0.0,1.0,1.0,1.0,1.0,1.0,0.0,0.0,,0.0,1.0,0.0,0.0,0.0,0.0,1.0,0.0,0.0,0.0,,1.0,0.0,1.0,1.0,0.0,1.0,1.0,1.0,0.0,0.0,0.0,0.0,1.0,0.0,1.0,1.0,0.0,1.0,1.0,,0.0,1.0,1.0,0.0,,,1.0,0.0,1.0,1.0,0.0,0.0,,0.0,1.0,0.0,0.0,0.0,1.0,1.0,1.0,0.0,,1.0,0.0,0.0,1.0,1.0,1.0,1.0,1.0,1.0,1.0,1.0,1.0,1.0,1.0,1.0,1.0,1.0,0.0,0.0,0.0,1.0,,0.0,0.0,0.0,1.0,0.0,1.0,1.0,,,0.0,0.0,0.0,0.0,1.0,0.0,0.0,1.0,1.0,0.0,0.0,0.0,0.0,0.0,0.0,1.0,0.0,,1.0,0.0,1.0,1.0,1.0,1.0,1.0,0.0,0.0,,0.0,1.0,1.0,1.0,0.0,1.0,0.0,0.0,1.0,0.0,0.0,0.0,0.0,1.0,0.0,0.0,0.0,1.0,1.0,,0.0,0.0,0.0,0.0,0.0,1.0,,1.0,1.0,1.0,1.0,0.0,1.0,0.0,1.0,0.0,1.0,0.0,0.0,1.0,0.0,0.0,0.0,1.0,0.0,0.0,1.0,1.0,1.0,1.0,1.0,1.0,0.0,0.0,0.0,0.0,1.0,,1.0,0.0,0.0,0.0,0.0,1.0,0.0,,1.0,0.0,0.0,1.0,0.0,,0.0,0.0,0.0,1.0,0.0,0.0,0.0,0.0,1.0,1.0,1.0,1.0,0.0,1.0,0.0,1.0,0.0,0.0,1.0,1.0,0.0,1.0,0.0,1.0,1.0,0.0,0.0,1.0,0.0,0.0,0.0,0.0,,,1.0,0.0,0.0,0.0,1.0,1.0,1.0,1.0,1.0,0.0,0.0,1.0,0.0,1.0,1.0,1.0,,0.0,1.0,1.0,0.0,0.0,0.0,0.0,0.0,1.0,0.0,0.0,1.0,0.0,0.0,1.0,1.0,0.0,0.0,1.0,1.0,0.0,1.0,0.0,1.0,0.0,0.0,1.0,,0.0,0.0,0.0,1.0,1.0,1.0,1.0,1.0,1.0,1.0,1.0,1.0,1.0,1.0,0.0,0.0,0.0,0.0,0.0,1.0,0.0,0.0,0.0,1.0,0.0,1.0,1.0,1.0,1.0,0.0,0.0,1.0,0.0,0.0,0.0,0.0,0.0,0.0,0.0,,0.0,0.0,0.0,1.0,0.0,1.0,,0.0,0.0,1.0,1.0,1.0,1.0,0.0,0.0,0.0,0.0,0.0,0.0,0.0,0.0,1.0,1.0,,1.0,0.0,1.0,0.0,1.0,1.0,0.0,1.0,1.0,1.0,1.0,0.0,1.0,0.0,0.0,0.0,,,1.0,,0.0,1.0,0.0,,0.0,0.0,0.0,1.0,1.0,1.0,0.0,0.0,1.0,,0.0,0.0,1.0,1.0,0.0,1.0,0.0,1.0,1.0,1.0,1.0,0.0,,,1.0,0.0,0.0,0.0,0.0,0.0,0.0,1.0,0.0,0.0
Paulinho da Força,,,1.0,0.0,1.0,1.0,1.0,1.0,,,1.0,,0.0,1.0,0.0,,,1.0,0.0,0.0,1.0,,0.0,1.0,,1.0,0.0,0.0,,,,0.0,0.0,,0.0,0.0,1.0,1.0,0.0,0.0,0.0,0.0,0.0,1.0,,1.0,0.0,1.0,1.0,,0.0,,,,,,,1.0,,,,,,,,,,1.0,,,,,0.0,1.0,0.0,,,,,1.0,1.0,,,,0.0,,1.0,1.0,,,,1.0,,,1.0,,1.0,1.0,,,,1.0,1.0,1.0,1.0,1.0,0.0,0.0,1.0,1.0,1.0,0.0,0.0,1.0,1.0,0.0,1.0,0.0,,,1.0,,,,0.0,1.0,0.0,0.0,0.0,,,0.0,0.0,0.0,0.0,1.0,,1.0,1.0,0.0,0.0,0.0,,,,,,,1.0,,0.0,,,0.0,,,,,,,0.0,0.0,,,,0.0,0.0,,1.0,,,0.0,1.0,0.0,1.0,1.0,0.0,,0.0,0.0,0.0,1.0,0.0,,,,,,,,,1.0,0.0,,,,1.0,,1.0,1.0,0.0,1.0,,,0.0,0.0,,0.0,1.0,,0.0,0.0,1.0,1.0,0.0,0.0,,0.0,0.0,,,1.0,,,,0.0,,0.0,0.0,,0.0,,,0.0,0.0,0.0,1.0,0.0,0.0,1.0,0.0,,0.0,,1.0,1.0,,,,,,,0.0,,0.0,,0.0,,,1.0,,1.0,1.0,,0.0,0.0,1.0,1.0,1.0,0.0,,,1.0,0.0,0.0,1.0,,,,,,,,,,,1.0,1.0,0.0,0.0,0.0,1.0,,,1.0,1.0,,,,1.0,1.0,,1.0,1.0,1.0,0.0,,1.0,,0.0,0.0,,,,1.0,,0.0,1.0,0.0,,,1.0,1.0,,,1.0,1.0,,1.0,1.0,1.0,,0.0,,0.0,0.0,1.0,,,,0.0,,,1.0,0.0,1.0,1.0,0.0,0.0,0.0,1.0,,,1.0,1.0,,0.0,,1.0,,1.0,,,1.0,0.0,,1.0,1.0,0.0,,,,,1.0,1.0,0.0,,,0.0,,0.0,0.0,0.0,0.0,0.0,0.0,1.0,,0.0,,1.0,1.0,,,1.0,,1.0,0.0,0.0,,,,,0.0,0.0,0.0,1.0,0.0,0.0,1.0,,,,,,,,0.0,0.0,1.0,,,,0.0,0.0,,,0.0,1.0,,,,,0.0,,0.0,0.0,,0.0,0.0,0.0,,0.0,0.0,,1.0,,,,,,0.0,1.0,,1.0,1.0,1.0,1.0,0.0,1.0,,0.0,,,0.0,1.0,,,,,,,1.0,,,,,0.0,0.0,,,0.0,,1.0,1.0,,,0.0,,1.0,1.0,,1.0,,0.0,1.0,0.0,,,,,,1.0,,0.0
Paulo Abi-Ackel,1.0,,1.0,0.0,,1.0,,,,,,1.0,,,,,,,,,,,,1.0,,,,1.0,1.0,,0.0,1.0,,,0.0,,1.0,,0.0,0.0,0.0,0.0,0.0,1.0,0.0,1.0,0.0,1.0,1.0,,,1.0,0.0,1.0,1.0,0.0,0.0,1.0,0.0,1.0,1.0,1.0,1.0,,,,1.0,1.0,0.0,0.0,0.0,,0.0,1.0,,1.0,1.0,0.0,1.0,1.0,1.0,1.0,,,,,1.0,1.0,,1.0,,1.0,,,1.0,1.0,,,,0.0,,1.0,1.0,1.0,1.0,0.0,0.0,0.0,0.0,1.0,1.0,0.0,0.0,,1.0,1.0,,,0.0,0.0,1.0,0.0,0.0,,0.0,1.0,0.0,,0.0,0.0,1.0,1.0,1.0,0.0,,,1.0,1.0,1.0,,0.0,0.0,1.0,0.0,,1.0,0.0,1.0,1.0,,0.0,1.0,1.0,0.0,0.0,0.0,1.0,0.0,1.0,1.0,,,1.0,,,0.0,0.0,,1.0,,1.0,0.0,0.0,,,,,1.0,,,1.0,1.0,1.0,1.0,1.0,1.0,1.0,1.0,1.0,,0.0,1.0,0.0,,0.0,0.0,,,1.0,1.0,0.0,,,,0.0,0.0,0.0,,1.0,0.0,1.0,0.0,1.0,0.0,0.0,0.0,1.0,0.0,0.0,1.0,0.0,0.0,1.0,0.0,,,,,1.0,,0.0,,0.0,1.0,1.0,1.0,0.0,,0.0,0.0,1.0,0.0,,0.0,,1.0,0.0,0.0,1.0,,1.0,,1.0,,0.0,1.0,0.0,,,1.0,1.0,1.0,,,1.0,1.0,1.0,0.0,1.0,1.0,1.0,1.0,0.0,0.0,,1.0,0.0,,1.0,0.0,1.0,1.0,,1.0,0.0,0.0,0.0,0.0,1.0,1.0,1.0,1.0,0.0,,,1.0,,,1.0,0.0,0.0,,,,,,0.0,1.0,0.0,0.0,0.0,0.0,,0.0,,,0.0,1.0,0.0,1.0,,1.0,1.0,0.0,1.0,1.0,1.0,1.0,1.0,1.0,1.0,1.0,0.0,0.0,0.0,0.0,1.0,0.0,0.0,0.0,0.0,,,1.0,,1.0,0.0,0.0,1.0,,,1.0,1.0,1.0,1.0,0.0,0.0,,1.0,0.0,1.0,,,,1.0,0.0,,,0.0,,0.0,0.0,,1.0,1.0,0.0,1.0,,0.0,1.0,0.0,1.0,1.0,0.0,0.0,0.0,1.0,0.0,1.0,1.0,1.0,1.0,1.0,0.0,1.0,,1.0,0.0,0.0,0.0,0.0,0.0,0.0,0.0,,0.0,1.0,1.0,,,,1.0,,,,,0.0,,,,0.0,,,0.0,0.0,0.0,1.0,0.0,1.0,,0.0,,,,,,,0.0,,,,,0.0,,,1.0,,1.0,0.0,,,1.0,1.0,1.0,1.0,,1.0,,0.0,,,,,,,,0.0,,,0.0,,,1.0,1.0,0.0,,,0.0,0.0,1.0,0.0,,,,,,,0.0,,1.0,1.0,1.0,,0.0,,1.0,0.0,0.0,0.0,0.0,,0.0,1.0,0.0,
Paulo Azi,,0.0,1.0,0.0,,1.0,1.0,,0.0,,0.0,1.0,0.0,1.0,,,0.0,1.0,0.0,,1.0,0.0,,0.0,,,,0.0,0.0,1.0,0.0,1.0,0.0,,,0.0,1.0,1.0,,0.0,0.0,0.0,0.0,1.0,0.0,1.0,0.0,1.0,,,,,0.0,1.0,,,0.0,1.0,0.0,1.0,1.0,1.0,1.0,0.0,0.0,1.0,1.0,1.0,,,,0.0,0.0,1.0,,1.0,1.0,0.0,1.0,,1.0,1.0,1.0,0.0,0.0,,1.0,0.0,1.0,1.0,1.0,1.0,,0.0,0.0,1.0,1.0,1.0,,0.0,,0.0,1.0,1.0,1.0,,0.0,,1.0,1.0,1.0,0.0,0.0,1.0,1.0,1.0,0.0,0.0,0.0,,,0.0,0.0,0.0,,1.0,0.0,,0.0,0.0,1.0,0.0,0.0,0.0,0.0,,1.0,1.0,1.0,0.0,0.0,0.0,,,,1.0,0.0,1.0,1.0,,,,,,,,,0.0,1.0,1.0,,,1.0,,1.0,0.0,0.0,0.0,1.0,1.0,1.0,0.0,,1.0,0.0,0.0,1.0,1.0,1.0,1.0,1.0,0.0,0.0,1.0,1.0,1.0,1.0,,,,0.0,1.0,0.0,1.0,,0.0,,,1.0,1.0,,,0.0,,,0.0,,,,0.0,0.0,0.0,1.0,1.0,0.0,,,0.0,,1.0,1.0,1.0,1.0,0.0,1.0,,1.0,,1.0,,0.0,,0.0,,,1.0,,1.0,,0.0,1.0,0.0,0.0,,,0.0,1.0,0.0,1.0,,1.0,,,0.0,0.0,1.0,0.0,1.0,,1.0,,,,1.0,1.0,1.0,1.0,0.0,1.0,0.0,1.0,,,,,,,0.0,,0.0,1.0,,,,0.0,0.0,,,1.0,,1.0,0.0,0.0,0.0,1.0,1.0,,,,0.0,0.0,1.0,1.0,1.0,1.0,0.0,,1.0,,,,,,,,1.0,,1.0,0.0,1.0,0.0,1.0,1.0,,0.0,1.0,1.0,,,1.0,,1.0,,,,0.0,1.0,0.0,0.0,,,0.0,,,0.0,1.0,0.0,0.0,1.0,,1.0,1.0,,0.0,1.0,0.0,0.0,,0.0,0.0,0.0,0.0,0.0,1.0,0.0,0.0,1.0,1.0,0.0,,,0.0,,,,0.0,1.0,,,,0.0,,,,,0.0,0.0,0.0,0.0,,,0.0,1.0,0.0,1.0,1.0,1.0,0.0,0.0,,,0.0,1.0,0.0,0.0,,1.0,0.0,1.0,1.0,1.0,1.0,1.0,,,0.0,0.0,0.0,,,0.0,0.0,0.0,0.0,0.0,,,0.0,1.0,1.0,,,,0.0,1.0,,0.0,0.0,0.0,,,0.0,0.0,0.0,,1.0,,1.0,,0.0,0.0,0.0,1.0,0.0,1.0,1.0,1.0,1.0,0.0,1.0,0.0,0.0,,,0.0,1.0,1.0,,0.0,,0.0,,0.0,1.0,0.0,1.0,0.0,0.0,0.0,,0.0,,0.0,,1.0,,,,0.0,,1.0,,1.0,,0.0,1.0,,0.0,0.0,,0.0,0.0,1.0,,0.0
Paulo Bengtson,0.0,0.0,1.0,0.0,1.0,1.0,1.0,1.0,,1.0,0.0,1.0,1.0,0.0,1.0,1.0,1.0,0.0,1.0,1.0,1.0,0.0,0.0,0.0,0.0,,0.0,1.0,0.0,,0.0,1.0,0.0,,0.0,0.0,1.0,1.0,0.0,0.0,0.0,1.0,0.0,1.0,0.0,1.0,0.0,,,,,,0.0,,1.0,0.0,0.0,,,1.0,1.0,1.0,1.0,0.0,0.0,,0.0,,,,0.0,0.0,0.0,1.0,0.0,1.0,1.0,1.0,1.0,,,1.0,1.0,0.0,0.0,,,1.0,,1.0,,1.0,,0.0,0.0,,1.0,1.0,,,,1.0,1.0,,0.0,0.0,,,1.0,,1.0,,,1.0,,1.0,0.0,0.0,0.0,0.0,1.0,0.0,0.0,0.0,0.0,1.0,1.0,0.0,,,1.0,0.0,0.0,0.0,0.0,1.0,1.0,1.0,1.0,,0.0,0.0,0.0,0.0,1.0,1.0,,1.0,,,0.0,1.0,1.0,0.0,0.0,,,,,,,,,,,0.0,0.0,0.0,1.0,1.0,,0.0,,,0.0,0.0,,0.0,,,1.0,1.0,0.0,1.0,,1.0,1.0,1.0,0.0,1.0,0.0,1.0,0.0,1.0,,,0.0,0.0,1.0,1.0,0.0,1.0,,,,0.0,0.0,0.0,1.0,0.0,0.0,0.0,1.0,1.0,0.0,,1.0,0.0,0.0,1.0,1.0,,1.0,0.0,1.0,1.0,1.0,1.0,1.0,,,,,1.0,1.0,1.0,,,0.0,0.0,1.0,0.0,0.0,,1.0,1.0,1.0,0.0,1.0,1.0,1.0,,,,,1.0,0.0,,,1.0,1.0,1.0,1.0,,,1.0,,1.0,1.0,1.0,1.0,,0.0,0.0,0.0,1.0,0.0,0.0,1.0,0.0,1.0,1.0,1.0,1.0,0.0,0.0,0.0,0.0,1.0,1.0,1.0,0.0,0.0,0.0,1.0,1.0,1.0,0.0,,,1.0,,,0.0,1.0,0.0,0.0,1.0,,0.0,0.0,0.0,1.0,1.0,1.0,1.0,,,,,,,,,,,,,,,,,,,0.0,0.0,1.0,0.0,,,,,,,,,,,,,,,,1.0,1.0,,,,0.0,1.0,,,,1.0,0.0,,,,,,,0.0,0.0,,1.0,0.0,1.0,0.0,0.0,1.0,0.0,0.0,0.0,1.0,0.0,0.0,1.0,0.0,0.0,1.0,1.0,1.0,1.0,0.0,1.0,1.0,1.0,0.0,0.0,0.0,0.0,0.0,1.0,0.0,0.0,0.0,1.0,0.0,1.0,1.0,1.0,0.0,1.0,,1.0,0.0,0.0,0.0,0.0,1.0,0.0,0.0,0.0,,0.0,0.0,1.0,0.0,0.0,1.0,0.0,0.0,1.0,0.0,1.0,1.0,0.0,0.0,0.0,0.0,0.0,0.0,0.0,,,1.0,0.0,1.0,0.0,1.0,,1.0,1.0,1.0,1.0,1.0,1.0,1.0,0.0,1.0,0.0,0.0,0.0,0.0,0.0,1.0,,1.0,,0.0,0.0,,1.0,1.0,0.0,1.0,,,,1.0,0.0,0.0,0.0,1.0,1.0,0.0,1.0,,,1.0,1.0,,1.0,,,,0.0,0.0,,,,0.0,1.0,0.0,0.0
Paulo Eduardo Martins,0.0,0.0,0.0,0.0,0.0,0.0,0.0,1.0,0.0,0.0,,,1.0,0.0,0.0,0.0,,,0.0,0.0,1.0,1.0,0.0,0.0,0.0,0.0,1.0,,,1.0,0.0,1.0,,0.0,0.0,0.0,1.0,0.0,0.0,0.0,0.0,,0.0,1.0,0.0,1.0,1.0,1.0,0.0,,0.0,0.0,1.0,0.0,0.0,0.0,1.0,,0.0,0.0,1.0,1.0,1.0,0.0,0.0,1.0,0.0,0.0,0.0,0.0,0.0,0.0,0.0,1.0,0.0,1.0,1.0,0.0,1.0,1.0,1.0,,1.0,0.0,0.0,,0.0,0.0,1.0,1.0,1.0,1.0,1.0,0.0,0.0,0.0,1.0,1.0,,1.0,1.0,0.0,1.0,0.0,0.0,0.0,0.0,1.0,0.0,0.0,0.0,1.0,1.0,1.0,1.0,1.0,0.0,0.0,,0.0,1.0,0.0,0.0,0.0,0.0,1.0,0.0,0.0,0.0,0.0,1.0,0.0,1.0,,0.0,1.0,1.0,1.0,0.0,,0.0,0.0,1.0,0.0,1.0,0.0,0.0,,1.0,,0.0,1.0,1.0,0.0,0.0,0.0,1.0,,1.0,1.0,0.0,0.0,1.0,0.0,1.0,0.0,0.0,0.0,1.0,1.0,1.0,1.0,0.0,1.0,0.0,,1.0,1.0,,,1.0,1.0,0.0,,1.0,1.0,1.0,1.0,1.0,1.0,,1.0,0.0,1.0,,0.0,,0.0,1.0,0.0,0.0,1.0,0.0,,0.0,0.0,0.0,0.0,1.0,0.0,0.0,,1.0,0.0,0.0,,0.0,0.0,0.0,1.0,1.0,1.0,1.0,0.0,1.0,1.0,1.0,1.0,,,0.0,,,1.0,1.0,1.0,,1.0,0.0,,1.0,0.0,0.0,0.0,0.0,1.0,0.0,0.0,0.0,0.0,,,0.0,0.0,0.0,1.0,0.0,1.0,0.0,1.0,1.0,1.0,1.0,0.0,1.0,1.0,1.0,0.0,1.0,0.0,1.0,0.0,0.0,0.0,0.0,1.0,,0.0,,0.0,1.0,1.0,1.0,1.0,,,,,1.0,,1.0,,,,1.0,1.0,,,1.0,,1.0,0.0,0.0,0.0,0.0,0.0,0.0,1.0,1.0,0.0,0.0,0.0,1.0,1.0,1.0,1.0,0.0,1.0,0.0,1.0,0.0,1.0,,0.0,1.0,1.0,1.0,1.0,1.0,0.0,0.0,1.0,,0.0,0.0,0.0,,0.0,,0.0,,0.0,,1.0,0.0,1.0,1.0,0.0,0.0,1.0,0.0,1.0,1.0,0.0,1.0,0.0,0.0,,0.0,1.0,0.0,0.0,,1.0,0.0,,,,,,1.0,0.0,0.0,1.0,1.0,0.0,0.0,0.0,0.0,0.0,0.0,1.0,0.0,0.0,0.0,0.0,0.0,0.0,0.0,1.0,1.0,0.0,1.0,1.0,0.0,1.0,1.0,0.0,0.0,0.0,0.0,0.0,1.0,0.0,0.0,0.0,1.0,0.0,1.0,1.0,1.0,1.0,1.0,0.0,0.0,0.0,0.0,0.0,0.0,1.0,0.0,,0.0,0.0,0.0,0.0,,0.0,1.0,1.0,0.0,0.0,1.0,0.0,1.0,1.0,0.0,0.0,0.0,0.0,0.0,0.0,0.0,0.0,1.0,1.0,,1.0,0.0,1.0,,0.0,1.0,0.0,1.0,1.0,1.0,1.0,0.0,1.0,0.0,0.0,0.0,,,1.0,1.0,0.0,1.0,0.0,1.0,0.0,0.0,0.0,1.0,0.0,0.0,0.0,0.0,1.0,,0.0,0.0,1.0,0.0,0.0,1.0,0.0,1.0,,1.0,1.0,0.0,0.0,0.0,1.0,0.0,,,0.0,0.0,0.0,1.0,0.0,0.0
Paulo Foletto,1.0,1.0,,,,,,,,,1.0,1.0,,,,,,,,,,,,,,,,,,,,,,,,,,,,,,,,,,0.0,,1.0,,,,1.0,,,,,,,,,,,,,,,,,,,,,,,,,,,,,,,,,,,,,,,,,,,1.0,,,,,,,,,1.0,1.0,1.0,0.0,0.0,1.0,1.0,1.0,0.0,0.0,,,,,,,,,,,,,,,,,,,,,,,,,,,,,,1.0,1.0,0.0,1.0,0.0,1.0,,,,,,,,,,,,,,,,,,,,,,,,,,,,,,,,,,,,,,,,,,,,,,,,,,,,,,,,,,,,,,,,,,,,,,,,,,,,,,,,,,,,,,,,,,,,,,,,,,,,,,,,,,,,,,,,,,,,,,,,,,,,,,,,,,,,,,,,,,,,,,,,,,,,,,,,,,,,,,,,,,,,,,,,,,,,,,,,,,,,,,,,,,,,,,,,,,,,,,,,,,,,,,,,,,,,,,,,,,,,,,,,,,,,,,,,,,,,,,,,,,,,,,,,,,,,,,,,,,,,,,,,,,,,,,,,,,,,,,,,,,,,,,,,,,,,,,,,,,,,,,,,,,,,,,,,,,,,,,,,,,,,,,,,,,,,,,,,,,,,,,,,,,,,,,,,,,,,,
Paulo Freire Costa,0.0,0.0,1.0,0.0,1.0,1.0,1.0,1.0,0.0,1.0,0.0,1.0,1.0,0.0,1.0,1.0,,0.0,1.0,0.0,0.0,,1.0,,0.0,1.0,0.0,1.0,0.0,1.0,,,,,,,,,,,,,,,,1.0,,1.0,1.0,0.0,0.0,1.0,0.0,1.0,0.0,1.0,1.0,1.0,,1.0,,,,,,1.0,0.0,1.0,0.0,0.0,0.0,0.0,0.0,1.0,0.0,1.0,1.0,0.0,1.0,1.0,1.0,1.0,1.0,0.0,0.0,,1.0,1.0,1.0,1.0,1.0,1.0,1.0,0.0,0.0,1.0,1.0,,,,,0.0,1.0,0.0,0.0,0.0,0.0,1.0,0.0,0.0,0.0,1.0,1.0,1.0,1.0,1.0,0.0,0.0,0.0,0.0,1.0,0.0,0.0,0.0,0.0,1.0,1.0,0.0,0.0,0.0,1.0,0.0,0.0,0.0,0.0,1.0,1.0,1.0,1.0,0.0,0.0,0.0,1.0,0.0,0.0,1.0,0.0,1.0,1.0,,,1.0,1.0,0.0,0.0,0.0,1.0,0.0,1.0,1.0,,0.0,1.0,0.0,,0.0,0.0,0.0,1.0,1.0,1.0,0.0,0.0,1.0,0.0,0.0,1.0,1.0,1.0,1.0,1.0,1.0,1.0,1.0,1.0,1.0,1.0,1.0,1.0,1.0,0.0,1.0,0.0,1.0,0.0,,0.0,0.0,,0.0,0.0,1.0,0.0,,1.0,0.0,0.0,0.0,1.0,0.0,1.0,0.0,1.0,1.0,0.0,0.0,1.0,0.0,0.0,1.0,,1.0,1.0,0.0,1.0,1.0,1.0,1.0,1.0,0.0,0.0,0.0,0.0,1.0,1.0,1.0,0.0,1.0,0.0,0.0,1.0,0.0,0.0,0.0,1.0,,0.0,0.0,0.0,,1.0,1.0,1.0,0.0,0.0,0.0,0.0,1.0,0.0,1.0,1.0,,1.0,1.0,1.0,1.0,1.0,1.0,1.0,0.0,1.0,0.0,0.0,0.0,0.0,1.0,,0.0,1.0,0.0,1.0,1.0,1.0,1.0,,0.0,0.0,0.0,1.0,1.0,1.0,0.0,0.0,0.0,1.0,1.0,1.0,0.0,1.0,0.0,1.0,0.0,,0.0,1.0,0.0,0.0,1.0,0.0,0.0,0.0,0.0,,1.0,1.0,1.0,0.0,1.0,0.0,1.0,0.0,1.0,1.0,0.0,1.0,1.0,1.0,1.0,1.0,1.0,1.0,1.0,0.0,0.0,0.0,0.0,1.0,0.0,0.0,0.0,0.0,0.0,1.0,1.0,1.0,1.0,1.0,0.0,0.0,0.0,0.0,1.0,1.0,0.0,1.0,0.0,0.0,1.0,0.0,,0.0,0.0,0.0,1.0,0.0,0.0,1.0,1.0,0.0,1.0,1.0,0.0,0.0,,1.0,0.0,1.0,0.0,0.0,1.0,0.0,0.0,0.0,0.0,,0.0,0.0,0.0,0.0,1.0,1.0,0.0,,,1.0,1.0,1.0,0.0,0.0,0.0,0.0,0.0,1.0,0.0,0.0,0.0,1.0,0.0,1.0,1.0,1.0,1.0,1.0,0.0,1.0,0.0,0.0,0.0,0.0,1.0,0.0,0.0,0.0,0.0,0.0,0.0,1.0,0.0,1.0,1.0,0.0,0.0,1.0,0.0,1.0,1.0,0.0,0.0,0.0,0.0,0.0,0.0,0.0,0.0,1.0,1.0,,1.0,0.0,1.0,0.0,0.0,1.0,0.0,1.0,1.0,1.0,1.0,0.0,1.0,0.0,0.0,0.0,,,1.0,1.0,1.0,0.0,0.0,0.0,0.0,0.0,1.0,0.0,1.0,0.0,0.0,0.0,1.0,,0.0,0.0,1.0,1.0,0.0,1.0,0.0,0.0,1.0,1.0,1.0,1.0,0.0,0.0,1.0,0.0,,,,,,,,0.0
Paulo Ganime,0.0,0.0,1.0,0.0,0.0,1.0,0.0,1.0,0.0,0.0,0.0,1.0,0.0,1.0,0.0,0.0,0.0,0.0,0.0,0.0,1.0,1.0,0.0,0.0,0.0,0.0,1.0,0.0,1.0,1.0,0.0,1.0,0.0,0.0,0.0,0.0,1.0,0.0,0.0,0.0,0.0,0.0,0.0,1.0,,1.0,1.0,1.0,0.0,0.0,0.0,0.0,1.0,0.0,1.0,0.0,0.0,1.0,0.0,0.0,0.0,0.0,1.0,0.0,0.0,1.0,1.0,0.0,0.0,0.0,0.0,0.0,0.0,1.0,0.0,1.0,1.0,0.0,1.0,0.0,1.0,1.0,0.0,0.0,0.0,,0.0,0.0,0.0,0.0,0.0,0.0,1.0,1.0,0.0,0.0,0.0,0.0,,1.0,1.0,0.0,1.0,0.0,0.0,1.0,0.0,1.0,0.0,0.0,0.0,1.0,1.0,1.0,1.0,1.0,0.0,0.0,0.0,0.0,1.0,0.0,0.0,0.0,0.0,1.0,0.0,0.0,0.0,0.0,1.0,0.0,1.0,1.0,0.0,1.0,1.0,1.0,1.0,0.0,0.0,0.0,0.0,0.0,1.0,0.0,0.0,0.0,1.0,0.0,0.0,1.0,1.0,0.0,0.0,0.0,1.0,0.0,1.0,1.0,0.0,1.0,1.0,1.0,1.0,0.0,,0.0,1.0,1.0,1.0,1.0,0.0,1.0,0.0,0.0,1.0,1.0,0.0,0.0,1.0,1.0,1.0,1.0,1.0,1.0,1.0,1.0,1.0,1.0,0.0,0.0,0.0,1.0,0.0,0.0,0.0,0.0,1.0,0.0,1.0,1.0,,,0.0,0.0,0.0,0.0,1.0,0.0,0.0,1.0,1.0,0.0,0.0,0.0,0.0,0.0,0.0,1.0,0.0,1.0,1.0,0.0,1.0,1.0,1.0,1.0,1.0,0.0,0.0,0.0,0.0,1.0,1.0,1.0,0.0,1.0,0.0,0.0,1.0,0.0,0.0,0.0,0.0,1.0,0.0,0.0,0.0,0.0,0.0,1.0,0.0,0.0,0.0,0.0,0.0,1.0,,1.0,1.0,1.0,1.0,0.0,1.0,0.0,1.0,0.0,1.0,0.0,0.0,1.0,0.0,0.0,0.0,1.0,0.0,0.0,1.0,0.0,1.0,1.0,1.0,1.0,0.0,0.0,0.0,0.0,1.0,1.0,1.0,0.0,0.0,0.0,0.0,0.0,0.0,0.0,1.0,0.0,1.0,0.0,0.0,0.0,0.0,0.0,0.0,1.0,1.0,0.0,0.0,0.0,1.0,1.0,1.0,1.0,0.0,1.0,0.0,1.0,0.0,0.0,1.0,1.0,1.0,1.0,0.0,1.0,1.0,0.0,0.0,1.0,0.0,0.0,0.0,0.0,0.0,0.0,1.0,0.0,0.0,0.0,0.0,1.0,0.0,1.0,1.0,0.0,0.0,1.0,0.0,0.0,1.0,0.0,1.0,0.0,1.0,1.0,0.0,1.0,0.0,0.0,0.0,1.0,,,,,,,,,1.0,1.0,1.0,0.0,0.0,1.0,1.0,0.0,0.0,1.0,0.0,0.0,0.0,0.0,1.0,1.0,1.0,1.0,1.0,1.0,1.0,1.0,0.0,1.0,1.0,0.0,0.0,0.0,0.0,0.0,1.0,0.0,0.0,0.0,1.0,0.0,1.0,1.0,1.0,1.0,1.0,0.0,0.0,0.0,0.0,0.0,0.0,1.0,0.0,0.0,0.0,0.0,0.0,0.0,1.0,0.0,1.0,1.0,0.0,0.0,1.0,0.0,1.0,1.0,0.0,0.0,0.0,0.0,0.0,0.0,0.0,0.0,1.0,1.0,0.0,1.0,0.0,1.0,0.0,0.0,0.0,0.0,1.0,1.0,1.0,1.0,0.0,1.0,0.0,1.0,1.0,1.0,1.0,1.0,1.0,0.0,1.0,0.0,1.0,0.0,0.0,0.0,1.0,0.0,0.0,0.0,0.0,1.0,0.0,0.0,0.0,,0.0,0.0,1.0,,1.0,1.0,1.0,1.0,0.0,0.0,0.0,1.0,0.0,0.0,0.0,0.0,0.0,0.0,1.0,0.0,0.0
Paulo Guedes,1.0,1.0,1.0,1.0,1.0,1.0,1.0,1.0,1.0,1.0,1.0,1.0,1.0,,1.0,1.0,1.0,0.0,1.0,1.0,1.0,0.0,1.0,1.0,,1.0,,0.0,,0.0,,,,,,1.0,,1.0,1.0,1.0,,1.0,,0.0,,1.0,,1.0,1.0,,0.0,1.0,0.0,1.0,1.0,0.0,0.0,1.0,0.0,1.0,1.0,1.0,0.0,,,0.0,1.0,1.0,,1.0,0.0,0.0,0.0,1.0,0.0,1.0,1.0,0.0,,1.0,1.0,1.0,,,1.0,,1.0,1.0,1.0,1.0,,1.0,0.0,1.0,1.0,1.0,1.0,1.0,,0.0,0.0,1.0,0.0,1.0,1.0,1.0,0.0,0.0,1.0,1.0,1.0,0.0,0.0,0.0,0.0,0.0,1.0,0.0,1.0,1.0,0.0,1.0,1.0,0.0,1.0,0.0,0.0,1.0,1.0,1.0,0.0,1.0,1.0,1.0,1.0,0.0,0.0,0.0,1.0,,,0.0,1.0,1.0,0.0,1.0,0.0,0.0,0.0,,,,,,,,0.0,,,0.0,,0.0,,,,,1.0,0.0,1.0,1.0,1.0,0.0,,,,,0.0,,0.0,0.0,0.0,0.0,0.0,0.0,0.0,0.0,0.0,0.0,0.0,0.0,,0.0,1.0,,1.0,,1.0,1.0,1.0,1.0,0.0,1.0,,,1.0,1.0,1.0,1.0,0.0,1.0,1.0,1.0,0.0,1.0,1.0,0.0,0.0,1.0,1.0,0.0,0.0,0.0,0.0,1.0,0.0,0.0,0.0,0.0,0.0,1.0,1.0,,1.0,0.0,0.0,0.0,1.0,0.0,1.0,1.0,0.0,1.0,1.0,1.0,1.0,0.0,1.0,,1.0,,1.0,,0.0,1.0,,0.0,1.0,,,1.0,0.0,1.0,0.0,,0.0,0.0,1.0,1.0,0.0,1.0,0.0,1.0,1.0,1.0,1.0,0.0,0.0,1.0,0.0,1.0,0.0,0.0,0.0,0.0,1.0,1.0,1.0,1.0,0.0,0.0,0.0,1.0,,1.0,0.0,0.0,0.0,1.0,0.0,1.0,0.0,1.0,1.0,1.0,1.0,1.0,0.0,1.0,0.0,1.0,1.0,0.0,0.0,,0.0,0.0,1.0,1.0,1.0,0.0,1.0,0.0,0.0,0.0,1.0,0.0,0.0,1.0,1.0,0.0,0.0,0.0,1.0,1.0,1.0,1.0,0.0,1.0,0.0,1.0,1.0,1.0,1.0,1.0,0.0,0.0,0.0,1.0,1.0,0.0,1.0,1.0,,1.0,0.0,1.0,0.0,,1.0,0.0,1.0,0.0,0.0,0.0,1.0,0.0,0.0,0.0,1.0,0.0,,,0.0,1.0,0.0,1.0,1.0,1.0,1.0,0.0,0.0,1.0,1.0,1.0,1.0,0.0,1.0,0.0,1.0,1.0,1.0,1.0,1.0,0.0,0.0,0.0,,,,,,,1.0,1.0,,1.0,0.0,1.0,0.0,0.0,0.0,0.0,0.0,,,,1.0,1.0,1.0,0.0,,,,,,,,,0.0,0.0,1.0,1.0,0.0,1.0,0.0,0.0,1.0,,,,,,,,,,,,1.0,0.0,0.0,1.0,1.0,1.0,0.0,0.0,0.0,0.0,1.0,1.0,1.0,1.0,0.0,0.0,0.0,0.0,0.0,0.0,1.0,1.0,0.0,1.0,1.0,0.0,0.0,1.0,1.0,1.0,1.0,1.0,0.0,0.0,1.0,0.0,1.0,0.0,1.0,1.0,0.0,1.0,0.0,0.0,1.0,1.0,1.0,0.0,1.0,0.0,0.0,0.0,0.0,0.0,1.0,0.0,1.0
Paulo Magalhães,0.0,0.0,1.0,0.0,,1.0,,,,1.0,0.0,,0.0,1.0,0.0,1.0,0.0,1.0,0.0,0.0,1.0,,,0.0,,1.0,0.0,1.0,0.0,1.0,0.0,1.0,,0.0,,0.0,1.0,1.0,,0.0,0.0,0.0,0.0,0.0,,1.0,0.0,1.0,,,,,,1.0,1.0,0.0,0.0,1.0,,1.0,1.0,1.0,,,,1.0,1.0,1.0,,,,0.0,0.0,1.0,,1.0,1.0,,1.0,1.0,,,,,,,1.0,1.0,1.0,1.0,1.0,1.0,1.0,0.0,,1.0,1.0,1.0,,,,0.0,1.0,,,,,,,,,,,,,1.0,0.0,1.0,0.0,0.0,1.0,0.0,0.0,,0.0,1.0,0.0,,0.0,0.0,1.0,0.0,0.0,0.0,0.0,1.0,1.0,1.0,1.0,0.0,0.0,0.0,1.0,0.0,0.0,1.0,0.0,1.0,1.0,0.0,0.0,1.0,1.0,0.0,,,,0.0,1.0,1.0,0.0,0.0,1.0,0.0,1.0,0.0,0.0,0.0,1.0,,,0.0,,0.0,1.0,,,,0.0,0.0,0.0,0.0,0.0,0.0,0.0,0.0,0.0,,,1.0,0.0,1.0,0.0,1.0,0.0,0.0,,,1.0,1.0,0.0,1.0,0.0,,0.0,0.0,,0.0,0.0,0.0,0.0,,1.0,1.0,0.0,0.0,1.0,0.0,0.0,1.0,1.0,1.0,1.0,0.0,1.0,1.0,1.0,1.0,1.0,,0.0,0.0,0.0,1.0,1.0,1.0,0.0,1.0,0.0,0.0,1.0,0.0,0.0,0.0,1.0,1.0,1.0,1.0,1.0,1.0,1.0,,,0.0,0.0,1.0,0.0,1.0,0.0,1.0,1.0,1.0,1.0,1.0,0.0,1.0,1.0,1.0,1.0,1.0,1.0,0.0,0.0,0.0,,1.0,,0.0,1.0,0.0,1.0,1.0,1.0,1.0,0.0,0.0,0.0,0.0,1.0,1.0,1.0,0.0,0.0,0.0,,1.0,1.0,0.0,1.0,0.0,1.0,0.0,0.0,0.0,1.0,0.0,0.0,1.0,0.0,0.0,0.0,0.0,1.0,1.0,1.0,0.0,1.0,1.0,0.0,1.0,0.0,1.0,1.0,0.0,1.0,0.0,1.0,1.0,1.0,1.0,1.0,1.0,0.0,0.0,,0.0,1.0,0.0,0.0,0.0,0.0,0.0,1.0,1.0,0.0,,0.0,,1.0,,1.0,1.0,1.0,,1.0,0.0,0.0,,0.0,0.0,1.0,0.0,0.0,1.0,0.0,0.0,1.0,1.0,0.0,,,0.0,0.0,1.0,,,1.0,0.0,0.0,1.0,0.0,0.0,,0.0,0.0,0.0,1.0,0.0,0.0,1.0,1.0,1.0,,0.0,,1.0,1.0,0.0,0.0,0.0,0.0,0.0,1.0,0.0,0.0,0.0,1.0,0.0,1.0,1.0,1.0,1.0,1.0,0.0,1.0,,0.0,,,1.0,0.0,0.0,,0.0,0.0,0.0,1.0,0.0,1.0,1.0,0.0,0.0,1.0,0.0,1.0,,0.0,0.0,0.0,0.0,0.0,0.0,0.0,0.0,1.0,1.0,0.0,1.0,0.0,1.0,,0.0,1.0,1.0,,1.0,1.0,1.0,0.0,1.0,0.0,0.0,0.0,,,1.0,1.0,1.0,0.0,0.0,0.0,0.0,1.0,1.0,0.0,1.0,,0.0,0.0,1.0,,0.0,0.0,1.0,1.0,0.0,1.0,1.0,,1.0,1.0,1.0,1.0,,0.0,1.0,0.0,,,,,,,,0.0
Paulo Marinho Jr,,,1.0,0.0,1.0,1.0,1.0,1.0,1.0,,,,,,,,,,,,,,,,,,,,,,,,,,,,,,,,,,,,,1.0,0.0,1.0,,,,,,,,,,,,,,,,,,,,,,,,,,,,,,,,,,,,,,,,,,,,,,,,,,,,,,,,,,,,,,,,,,,,,,,,,,,,,,,,,,,,,,,,1.0,1.0,1.0,1.0,,0.0,0.0,1.0,0.0,0.0,1.0,0.0,,,,,,,,,,,,,,,,,,,,,,1.0,,,1.0,0.0,1.0,0.0,,,1.0,1.0,1.0,1.0,1.0,0.0,1.0,1.0,1.0,,,,1.0,0.0,0.0,0.0,,0.0,1.0,0.0,,,,0.0,1.0,,,0.0,0.0,0.0,0.0,,0.0,0.0,0.0,1.0,,0.0,0.0,1.0,0.0,0.0,1.0,1.0,,,,,,,,,,,,,,,,,,,,,,,,,,0.0,0.0,,1.0,1.0,1.0,,0.0,0.0,1.0,,1.0,0.0,1.0,,1.0,1.0,,1.0,1.0,1.0,,1.0,1.0,1.0,0.0,0.0,0.0,,1.0,0.0,0.0,1.0,0.0,1.0,1.0,1.0,1.0,0.0,0.0,,0.0,1.0,1.0,1.0,0.0,0.0,0.0,1.0,1.0,1.0,,,0.0,1.0,0.0,0.0,0.0,,,,,,,,,,,,,0.0,1.0,0.0,1.0,0.0,0.0,1.0,0.0,1.0,1.0,1.0,1.0,1.0,0.0,0.0,1.0,0.0,0.0,0.0,0.0,,0.0,0.0,0.0,0.0,0.0,,1.0,1.0,1.0,1.0,0.0,0.0,,0.0,,1.0,0.0,1.0,1.0,0.0,1.0,0.0,1.0,,,,,,,,,,,,,0.0,,1.0,0.0,,0.0,0.0,1.0,0.0,0.0,0.0,0.0,0.0,0.0,0.0,0.0,0.0,1.0,1.0,,,0.0,1.0,,1.0,,,,,,,,,,,,,,,,,,,,,,,,,,,,,,,,,,,,,,,,,,,,,,,,,,,,,,,,,,,,,,,,,,,,,,,,,,,,,,,,,,,,,,,,,,,,,,,,,,,1.0,0.0,,,,,,,,
Paulo Pimenta,1.0,1.0,1.0,1.0,1.0,1.0,1.0,1.0,1.0,1.0,1.0,1.0,1.0,,1.0,1.0,1.0,0.0,1.0,1.0,1.0,,1.0,1.0,,,1.0,,,,,,,,,,,,,,,,0.0,0.0,,0.0,0.0,,1.0,0.0,0.0,1.0,0.0,1.0,1.0,0.0,0.0,1.0,0.0,1.0,0.0,0.0,,,,0.0,,1.0,,,,,,,,,,,,1.0,,1.0,,,1.0,,1.0,1.0,1.0,1.0,1.0,1.0,0.0,1.0,1.0,1.0,1.0,1.0,,0.0,0.0,1.0,0.0,1.0,1.0,1.0,0.0,0.0,1.0,1.0,1.0,0.0,0.0,0.0,0.0,0.0,1.0,0.0,1.0,1.0,0.0,1.0,1.0,,1.0,0.0,0.0,,,,0.0,1.0,1.0,1.0,1.0,0.0,,0.0,1.0,0.0,1.0,0.0,1.0,1.0,0.0,1.0,0.0,1.0,0.0,,,,,,1.0,,0.0,,,,,,,,,,1.0,0.0,1.0,,,0.0,,,,,0.0,,0.0,0.0,0.0,0.0,0.0,0.0,0.0,0.0,0.0,0.0,0.0,0.0,,0.0,1.0,0.0,,0.0,1.0,1.0,1.0,1.0,0.0,1.0,,,1.0,1.0,1.0,1.0,0.0,1.0,1.0,1.0,0.0,1.0,1.0,,0.0,1.0,1.0,0.0,,,0.0,,0.0,0.0,0.0,0.0,0.0,1.0,1.0,1.0,,0.0,0.0,0.0,1.0,0.0,1.0,1.0,1.0,1.0,1.0,1.0,1.0,0.0,1.0,1.0,1.0,,1.0,,0.0,1.0,1.0,0.0,1.0,,0.0,1.0,0.0,1.0,0.0,0.0,0.0,0.0,0.0,1.0,0.0,1.0,0.0,1.0,1.0,1.0,1.0,0.0,,1.0,0.0,1.0,0.0,0.0,0.0,0.0,1.0,1.0,1.0,1.0,0.0,0.0,0.0,1.0,,1.0,0.0,0.0,0.0,1.0,0.0,1.0,0.0,1.0,1.0,1.0,1.0,1.0,,0.0,0.0,1.0,1.0,0.0,0.0,0.0,0.0,0.0,1.0,1.0,1.0,0.0,1.0,0.0,0.0,1.0,1.0,0.0,0.0,,1.0,0.0,0.0,0.0,1.0,,1.0,1.0,0.0,1.0,1.0,1.0,1.0,1.0,1.0,0.0,0.0,0.0,0.0,1.0,1.0,0.0,1.0,1.0,1.0,1.0,0.0,1.0,0.0,1.0,1.0,0.0,1.0,0.0,0.0,0.0,1.0,0.0,0.0,0.0,1.0,0.0,,,0.0,1.0,0.0,1.0,1.0,1.0,1.0,0.0,0.0,1.0,1.0,1.0,1.0,0.0,1.0,0.0,1.0,1.0,1.0,1.0,1.0,0.0,0.0,0.0,,,,,,,1.0,,,1.0,0.0,,,0.0,0.0,0.0,0.0,,,,1.0,1.0,1.0,0.0,,,,,,,,,0.0,0.0,1.0,1.0,0.0,1.0,0.0,0.0,1.0,,,,,,,,,,,,1.0,0.0,0.0,1.0,1.0,1.0,0.0,0.0,0.0,,1.0,1.0,1.0,1.0,0.0,0.0,,0.0,,0.0,1.0,1.0,0.0,,,,1.0,1.0,1.0,1.0,1.0,1.0,0.0,0.0,1.0,0.0,1.0,0.0,1.0,1.0,0.0,1.0,0.0,0.0,1.0,,,0.0,1.0,0.0,0.0,0.0,0.0,0.0,1.0,0.0,1.0
Paulo Ramos,,1.0,1.0,1.0,,1.0,1.0,1.0,1.0,1.0,1.0,1.0,1.0,0.0,1.0,1.0,0.0,1.0,,1.0,1.0,0.0,0.0,1.0,,,,,,1.0,0.0,0.0,,0.0,0.0,1.0,0.0,1.0,0.0,1.0,1.0,1.0,0.0,0.0,0.0,1.0,0.0,1.0,,0.0,,1.0,0.0,1.0,1.0,0.0,0.0,1.0,,1.0,1.0,1.0,,0.0,0.0,,1.0,,0.0,0.0,0.0,0.0,,1.0,,1.0,,,,1.0,1.0,1.0,1.0,0.0,1.0,,1.0,1.0,1.0,1.0,1.0,1.0,0.0,1.0,1.0,1.0,1.0,1.0,,0.0,0.0,1.0,0.0,1.0,1.0,1.0,,0.0,1.0,1.0,1.0,0.0,0.0,0.0,0.0,0.0,1.0,1.0,,0.0,1.0,1.0,1.0,0.0,,0.0,,1.0,,1.0,,1.0,,1.0,0.0,0.0,0.0,0.0,1.0,0.0,0.0,,1.0,1.0,0.0,1.0,0.0,1.0,,0.0,0.0,0.0,1.0,0.0,0.0,0.0,1.0,,,,,,,,,,1.0,0.0,,,1.0,0.0,,,,,,,0.0,0.0,,0.0,0.0,0.0,0.0,0.0,0.0,0.0,0.0,0.0,,,1.0,1.0,,0.0,,1.0,1.0,1.0,0.0,1.0,,,,1.0,1.0,1.0,,,1.0,,0.0,1.0,1.0,,,,1.0,,,,0.0,1.0,0.0,0.0,0.0,0.0,0.0,,,,,,1.0,0.0,1.0,0.0,1.0,1.0,0.0,,1.0,,0.0,0.0,1.0,,1.0,1.0,,,0.0,1.0,1.0,0.0,1.0,,,1.0,0.0,1.0,,,0.0,0.0,,0.0,1.0,,,,1.0,,,0.0,1.0,,0.0,1.0,0.0,0.0,0.0,0.0,,1.0,1.0,,0.0,0.0,1.0,1.0,,,0.0,0.0,0.0,,0.0,1.0,0.0,0.0,,1.0,1.0,0.0,,1.0,0.0,0.0,0.0,0.0,,1.0,1.0,1.0,1.0,1.0,1.0,0.0,1.0,,0.0,0.0,0.0,0.0,1.0,,1.0,0.0,0.0,0.0,,0.0,,0.0,,1.0,0.0,1.0,1.0,1.0,1.0,1.0,0.0,0.0,0.0,1.0,1.0,,1.0,1.0,,1.0,0.0,,,1.0,1.0,,1.0,0.0,0.0,1.0,0.0,1.0,0.0,1.0,0.0,1.0,1.0,0.0,0.0,,0.0,1.0,,1.0,,0.0,0.0,1.0,,1.0,1.0,0.0,1.0,0.0,0.0,,1.0,,1.0,0.0,,0.0,,,,,,,1.0,1.0,,1.0,0.0,1.0,0.0,0.0,0.0,0.0,1.0,,,,1.0,1.0,1.0,0.0,,,,,,,,,0.0,0.0,1.0,1.0,0.0,1.0,0.0,0.0,1.0,,,,,,,,,,,,1.0,0.0,0.0,1.0,1.0,1.0,,0.0,0.0,0.0,1.0,1.0,1.0,1.0,1.0,,,0.0,,0.0,,1.0,0.0,1.0,1.0,0.0,1.0,,1.0,,1.0,1.0,,1.0,1.0,,1.0,0.0,1.0,1.0,0.0,1.0,0.0,0.0,1.0,,,0.0,1.0,0.0,0.0,0.0,0.0,0.0,1.0,0.0,
Paulo Teixeira,,1.0,1.0,1.0,1.0,1.0,1.0,1.0,1.0,1.0,1.0,,1.0,,1.0,1.0,1.0,0.0,1.0,1.0,1.0,0.0,1.0,1.0,,1.0,,0.0,1.0,0.0,,,,,,,,1.0,1.0,1.0,,,0.0,,1.0,1.0,,1.0,,,,,0.0,1.0,1.0,0.0,0.0,1.0,0.0,1.0,,,,,,0.0,0.0,1.0,,1.0,,,,,,,,,,1.0,,1.0,1.0,0.0,1.0,,1.0,,1.0,,,1.0,0.0,1.0,1.0,1.0,1.0,1.0,,0.0,0.0,1.0,0.0,1.0,1.0,1.0,0.0,0.0,1.0,1.0,1.0,0.0,0.0,,,,,0.0,,1.0,,1.0,1.0,,1.0,0.0,0.0,,,1.0,,1.0,1.0,1.0,1.0,0.0,,0.0,1.0,,1.0,,1.0,1.0,0.0,1.0,0.0,0.0,0.0,,,,,,1.0,,,,,,,,,,,,1.0,0.0,1.0,1.0,1.0,0.0,,,,,0.0,,0.0,0.0,0.0,,0.0,0.0,0.0,0.0,,0.0,0.0,0.0,1.0,0.0,1.0,,,0.0,1.0,,1.0,1.0,,1.0,,,,,,,,,,,0.0,1.0,1.0,0.0,0.0,1.0,1.0,0.0,0.0,0.0,,1.0,0.0,0.0,0.0,0.0,0.0,1.0,,,1.0,0.0,,,,0.0,1.0,1.0,0.0,,,1.0,1.0,0.0,,1.0,1.0,1.0,1.0,,0.0,1.0,1.0,0.0,1.0,1.0,0.0,1.0,0.0,1.0,0.0,1.0,,,1.0,1.0,0.0,1.0,0.0,1.0,1.0,1.0,1.0,0.0,0.0,,0.0,1.0,0.0,0.0,,0.0,1.0,1.0,1.0,,0.0,0.0,0.0,0.0,,,,0.0,,,0.0,1.0,0.0,,1.0,1.0,1.0,1.0,,0.0,,,1.0,,0.0,0.0,0.0,,,1.0,,0.0,1.0,0.0,,1.0,1.0,0.0,0.0,1.0,1.0,0.0,0.0,,,1.0,1.0,1.0,0.0,1.0,,,1.0,1.0,,1.0,0.0,0.0,0.0,1.0,1.0,,1.0,1.0,,1.0,0.0,1.0,,1.0,1.0,0.0,1.0,,0.0,,,0.0,0.0,0.0,1.0,0.0,,,,1.0,0.0,1.0,1.0,,1.0,0.0,,,,,1.0,0.0,1.0,0.0,1.0,1.0,1.0,1.0,,0.0,0.0,0.0,,,,,,,1.0,1.0,,,,1.0,,,0.0,,0.0,,,,,1.0,1.0,,,,,,,,,,,0.0,,1.0,0.0,,,0.0,1.0,,,,,,,,,,,,1.0,0.0,,1.0,1.0,1.0,0.0,,0.0,0.0,,,1.0,,,0.0,,0.0,0.0,0.0,1.0,1.0,,1.0,,0.0,0.0,1.0,1.0,1.0,1.0,1.0,0.0,0.0,1.0,0.0,1.0,,1.0,1.0,,,,0.0,1.0,,,0.0,1.0,,,,,0.0,1.0,,1.0
Paulo Vicente Caleffi,,,,,,,,,,1.0,,,0.0,1.0,0.0,,0.0,1.0,0.0,0.0,,,,,,,,,,,,,,,,,,,,,,,,,,,,,,,,,,,,,,,,1.0,1.0,1.0,,,,1.0,1.0,,0.0,0.0,,,,,,,,,,1.0,,,,,,,,,1.0,1.0,1.0,1.0,1.0,0.0,,1.0,,,,,,,,,,,,,,,,,,,,,,,,,,,,,,,,,,,,,,,,,,,,,,,,,,,,,,,,,,,,,,,,,,,,,,,,,,1.0,1.0,,,,,,,,,,,,,,,,,,,,,,,,,,,,,,,,0.0,,,,,,,,,,,,,,,,,,,,,,,,,,,,,,,,,,,,,,,,,,,,,,,,,,,,,,,,,,,,,,,,,,,,,,,,,,,,,,,,,,,,,,,,,,,,,,,,,,,,,,,,,,,,,,,,,,,,,,,,,,,,,,,,,,,,,,,,,,,,,,,,,,,,,,,,,,,,,,,,,,,,,,,,,,,,,,,,,,,,,,,,,,,,,,,,,,,,,,,,,,,,,,,,,,,,,,,,,,,,,,,,,,,,,,,,,,,,,,,,,,,,,,,,,,,,,,,,,,,,,,,,,,,,,,,,,,,,,,,,,,,,,,,,,,,,,,,,,,,,,,
Paulão,1.0,1.0,1.0,1.0,1.0,1.0,1.0,,,1.0,,1.0,1.0,0.0,1.0,1.0,1.0,0.0,1.0,1.0,1.0,0.0,1.0,1.0,,1.0,1.0,0.0,1.0,0.0,1.0,,,,,,,1.0,1.0,1.0,,1.0,,0.0,,1.0,0.0,1.0,,0.0,0.0,1.0,0.0,1.0,1.0,0.0,0.0,1.0,0.0,1.0,1.0,1.0,0.0,,,0.0,,1.0,,,,,,,,,,,,1.0,,1.0,1.0,0.0,1.0,,1.0,1.0,1.0,1.0,,1.0,0.0,1.0,1.0,1.0,1.0,1.0,,,0.0,1.0,0.0,1.0,1.0,1.0,0.0,0.0,1.0,1.0,1.0,0.0,0.0,0.0,0.0,0.0,1.0,0.0,1.0,1.0,0.0,1.0,1.0,0.0,1.0,0.0,0.0,1.0,0.0,,0.0,1.0,1.0,1.0,1.0,0.0,0.0,0.0,1.0,0.0,1.0,0.0,1.0,1.0,0.0,1.0,,0.0,0.0,,,,,,1.0,,0.0,,,0.0,,,,,,,1.0,,1.0,1.0,1.0,0.0,,,,,0.0,,0.0,0.0,0.0,0.0,0.0,0.0,0.0,0.0,0.0,0.0,0.0,0.0,1.0,0.0,1.0,0.0,1.0,0.0,1.0,1.0,1.0,1.0,0.0,1.0,,,,1.0,1.0,1.0,0.0,1.0,1.0,1.0,0.0,1.0,1.0,0.0,0.0,1.0,1.0,,0.0,,0.0,1.0,0.0,0.0,0.0,0.0,0.0,1.0,1.0,1.0,1.0,0.0,0.0,0.0,1.0,0.0,1.0,1.0,0.0,1.0,1.0,1.0,0.0,0.0,1.0,1.0,,1.0,1.0,,0.0,1.0,1.0,0.0,1.0,1.0,0.0,1.0,0.0,1.0,0.0,,0.0,0.0,1.0,1.0,0.0,1.0,0.0,1.0,1.0,1.0,1.0,0.0,0.0,1.0,0.0,1.0,0.0,0.0,0.0,0.0,1.0,,1.0,1.0,0.0,0.0,0.0,1.0,,1.0,0.0,0.0,0.0,1.0,0.0,1.0,0.0,1.0,1.0,1.0,1.0,1.0,1.0,0.0,0.0,1.0,1.0,0.0,0.0,0.0,0.0,0.0,1.0,1.0,1.0,,1.0,0.0,0.0,0.0,1.0,0.0,0.0,1.0,1.0,0.0,0.0,0.0,1.0,1.0,1.0,1.0,0.0,1.0,1.0,1.0,1.0,1.0,,0.0,0.0,0.0,0.0,1.0,1.0,0.0,1.0,1.0,,,0.0,1.0,0.0,,1.0,0.0,1.0,0.0,0.0,0.0,1.0,0.0,0.0,0.0,1.0,0.0,,,0.0,1.0,0.0,1.0,1.0,1.0,1.0,0.0,0.0,1.0,1.0,,1.0,0.0,1.0,0.0,1.0,1.0,1.0,1.0,1.0,0.0,0.0,0.0,,,,,,,1.0,1.0,,1.0,0.0,1.0,0.0,0.0,0.0,0.0,0.0,,,,1.0,1.0,1.0,0.0,,,,,,,,,0.0,0.0,1.0,1.0,0.0,1.0,0.0,0.0,1.0,,,,,,,,,,,,1.0,0.0,0.0,1.0,1.0,1.0,0.0,0.0,0.0,,1.0,1.0,1.0,1.0,0.0,0.0,0.0,0.0,0.0,0.0,1.0,1.0,0.0,1.0,1.0,0.0,0.0,1.0,1.0,1.0,1.0,1.0,,0.0,1.0,0.0,,0.0,1.0,1.0,0.0,1.0,0.0,0.0,1.0,1.0,1.0,0.0,1.0,0.0,0.0,0.0,0.0,0.0,1.0,0.0,1.0
Pedro Augusto Bezerra,1.0,,1.0,0.0,1.0,1.0,1.0,1.0,1.0,,1.0,1.0,1.0,0.0,,,,0.0,1.0,1.0,1.0,0.0,0.0,1.0,0.0,1.0,0.0,1.0,0.0,,0.0,1.0,0.0,0.0,0.0,0.0,1.0,1.0,0.0,1.0,1.0,0.0,0.0,1.0,0.0,,,,,0.0,,,0.0,1.0,1.0,0.0,0.0,1.0,,1.0,1.0,1.0,1.0,0.0,0.0,,1.0,1.0,0.0,,0.0,0.0,0.0,1.0,0.0,1.0,1.0,0.0,1.0,1.0,1.0,1.0,,,,,1.0,1.0,1.0,,,1.0,1.0,1.0,1.0,,,1.0,,,,1.0,1.0,1.0,1.0,1.0,0.0,0.0,1.0,1.0,1.0,0.0,0.0,1.0,0.0,1.0,,0.0,0.0,0.0,1.0,0.0,0.0,0.0,0.0,1.0,1.0,0.0,0.0,0.0,1.0,0.0,0.0,0.0,0.0,1.0,1.0,1.0,1.0,0.0,0.0,0.0,1.0,0.0,0.0,1.0,0.0,1.0,1.0,0.0,0.0,1.0,1.0,0.0,,0.0,,0.0,1.0,1.0,0.0,0.0,1.0,0.0,1.0,0.0,,0.0,1.0,1.0,1.0,0.0,0.0,1.0,0.0,,1.0,1.0,1.0,1.0,1.0,1.0,0.0,1.0,1.0,1.0,0.0,0.0,1.0,1.0,0.0,1.0,0.0,1.0,,0.0,1.0,0.0,1.0,1.0,0.0,1.0,1.0,,0.0,0.0,0.0,0.0,1.0,0.0,0.0,0.0,1.0,1.0,0.0,,1.0,0.0,0.0,,1.0,1.0,0.0,1.0,1.0,1.0,1.0,0.0,,,,,1.0,0.0,1.0,0.0,1.0,0.0,,1.0,0.0,1.0,1.0,1.0,1.0,1.0,1.0,0.0,1.0,1.0,1.0,1.0,0.0,0.0,0.0,1.0,0.0,1.0,0.0,1.0,1.0,1.0,1.0,1.0,0.0,1.0,1.0,1.0,1.0,1.0,,0.0,0.0,0.0,0.0,,0.0,0.0,0.0,1.0,,1.0,1.0,1.0,0.0,0.0,0.0,0.0,1.0,1.0,1.0,0.0,0.0,0.0,1.0,1.0,1.0,0.0,1.0,0.0,1.0,1.0,1.0,0.0,1.0,0.0,0.0,1.0,0.0,0.0,0.0,0.0,1.0,1.0,1.0,1.0,0.0,1.0,0.0,1.0,0.0,1.0,1.0,0.0,1.0,1.0,1.0,,1.0,1.0,1.0,1.0,,0.0,0.0,0.0,1.0,0.0,0.0,0.0,0.0,0.0,,1.0,0.0,1.0,1.0,0.0,1.0,,0.0,1.0,1.0,1.0,1.0,0.0,0.0,1.0,,1.0,1.0,0.0,0.0,1.0,1.0,0.0,1.0,1.0,1.0,1.0,1.0,0.0,0.0,,1.0,0.0,1.0,0.0,0.0,0.0,0.0,0.0,0.0,1.0,0.0,0.0,1.0,0.0,0.0,1.0,1.0,1.0,1.0,,,,0.0,0.0,0.0,0.0,0.0,0.0,1.0,0.0,0.0,0.0,1.0,0.0,1.0,1.0,1.0,1.0,1.0,0.0,1.0,0.0,0.0,0.0,,,1.0,0.0,0.0,,0.0,0.0,1.0,0.0,1.0,1.0,,0.0,1.0,0.0,1.0,1.0,0.0,0.0,0.0,0.0,0.0,0.0,0.0,0.0,1.0,,,,,0.0,0.0,1.0,1.0,1.0,1.0,1.0,,,,1.0,0.0,1.0,0.0,,0.0,,,1.0,0.0,0.0,0.0,0.0,1.0,1.0,,1.0,,1.0,0.0,1.0,0.0,0.0,0.0,,1.0,0.0,1.0,1.0,,1.0,1.0,1.0,1.0,,0.0,1.0,0.0,0.0,,0.0,0.0,0.0,1.0,0.0,0.0
Pedro Augusto Palareti,0.0,,,,,,,,,,1.0,,0.0,1.0,0.0,1.0,0.0,1.0,0.0,0.0,1.0,0.0,,0.0,,,,,,,,,,,,,,,,,,,,,,1.0,0.0,1.0,1.0,0.0,0.0,1.0,0.0,1.0,1.0,0.0,0.0,1.0,,1.0,1.0,,,,,,1.0,,0.0,,,,,,,,,,,1.0,,,,,,,,,1.0,1.0,1.0,1.0,,0.0,1.0,1.0,1.0,1.0,,,,,,1.0,1.0,1.0,0.0,0.0,1.0,1.0,1.0,0.0,0.0,,,,,,,,,,,,,,,,,,,,,,,,,,,,,,,,,,,,,,,,,,,,,,,,,,,,,,,,,1.0,1.0,,,,,,,,,,,,,,,,,,,,,,,,,,,,,,,,0.0,,,,,,,,,,,,,,,,,,,,,,,,,,,,,,,,,,,,,,,,,,,,,,,,,,,,,,,,,,,,,,,,,,,,,,,,,,,,,,,,,,,,,,,,,,,,,,,,,,,,,,,,,,,,,,,,,,,,,,,,,,,,,,,,,,,,,,,,,,,,,,,,,,,,,,,,,,,,,,,,,,,,,,,,,,,,,,,,,,,,,,,,,,,,,,,,,,,,,,,,,,,,,,,,,,,,,,,,,,,,,,,,,,,,,,,,,,,,,,,,,,,,,,,,,,,,,,,,,,,,,,,,,,,,,,,,,,,,,,,,,,,,,,,,,,,,,,,,,,,,,,
Pedro Cunha Lima,0.0,,1.0,0.0,1.0,1.0,0.0,,,,,,,,,,,,,,,1.0,0.0,1.0,,,1.0,0.0,1.0,1.0,0.0,1.0,0.0,,0.0,0.0,1.0,0.0,0.0,0.0,0.0,0.0,0.0,1.0,0.0,,,1.0,,0.0,0.0,1.0,,,,,,,,,1.0,1.0,1.0,0.0,1.0,1.0,1.0,1.0,,,0.0,0.0,0.0,1.0,0.0,1.0,1.0,0.0,1.0,,,1.0,1.0,0.0,0.0,,1.0,1.0,1.0,,,,,,,,1.0,1.0,,0.0,0.0,1.0,1.0,1.0,1.0,1.0,0.0,0.0,0.0,1.0,1.0,0.0,0.0,1.0,1.0,1.0,0.0,1.0,0.0,0.0,1.0,0.0,,1.0,0.0,1.0,0.0,0.0,0.0,0.0,1.0,1.0,1.0,1.0,1.0,1.0,1.0,1.0,0.0,0.0,,0.0,1.0,0.0,0.0,1.0,0.0,1.0,1.0,0.0,0.0,1.0,1.0,0.0,0.0,0.0,1.0,,1.0,1.0,0.0,0.0,1.0,0.0,1.0,0.0,0.0,,1.0,,,1.0,0.0,1.0,0.0,0.0,1.0,1.0,1.0,1.0,1.0,1.0,1.0,1.0,1.0,1.0,1.0,1.0,1.0,1.0,0.0,0.0,1.0,1.0,0.0,0.0,0.0,0.0,1.0,0.0,0.0,1.0,,,0.0,0.0,0.0,0.0,,0.0,1.0,0.0,1.0,0.0,0.0,0.0,1.0,0.0,0.0,1.0,0.0,0.0,1.0,0.0,1.0,1.0,0.0,1.0,1.0,0.0,0.0,0.0,0.0,1.0,1.0,1.0,0.0,1.0,,0.0,1.0,0.0,1.0,1.0,0.0,0.0,1.0,0.0,1.0,1.0,1.0,1.0,,1.0,0.0,0.0,,1.0,0.0,1.0,1.0,1.0,1.0,1.0,1.0,1.0,1.0,0.0,1.0,1.0,1.0,1.0,0.0,0.0,0.0,1.0,1.0,0.0,1.0,1.0,1.0,1.0,1.0,1.0,0.0,0.0,0.0,,,1.0,1.0,1.0,,0.0,0.0,1.0,0.0,,1.0,0.0,0.0,1.0,0.0,1.0,1.0,0.0,0.0,1.0,0.0,0.0,0.0,0.0,1.0,1.0,1.0,1.0,0.0,1.0,1.0,1.0,1.0,1.0,1.0,0.0,0.0,1.0,1.0,1.0,1.0,1.0,0.0,1.0,,,0.0,0.0,,,0.0,0.0,0.0,0.0,,1.0,1.0,1.0,0.0,0.0,1.0,,1.0,1.0,1.0,1.0,1.0,0.0,0.0,1.0,1.0,0.0,1.0,0.0,,1.0,1.0,0.0,1.0,0.0,1.0,0.0,0.0,0.0,1.0,1.0,,0.0,1.0,,0.0,1.0,0.0,1.0,1.0,0.0,0.0,0.0,1.0,0.0,1.0,1.0,1.0,1.0,1.0,0.0,1.0,,1.0,0.0,0.0,0.0,0.0,0.0,1.0,0.0,0.0,0.0,1.0,0.0,1.0,0.0,0.0,0.0,0.0,0.0,1.0,0.0,0.0,0.0,0.0,1.0,0.0,0.0,0.0,0.0,0.0,0.0,1.0,0.0,1.0,,0.0,0.0,1.0,0.0,1.0,1.0,0.0,,0.0,,0.0,0.0,0.0,0.0,1.0,1.0,0.0,1.0,0.0,0.0,0.0,1.0,1.0,0.0,1.0,1.0,1.0,0.0,0.0,1.0,0.0,1.0,0.0,,0.0,1.0,,1.0,0.0,0.0,,0.0,1.0,1.0,0.0,1.0,1.0,0.0,0.0,,0.0,0.0,0.0,1.0,,0.0,1.0,1.0,0.0,,1.0,1.0,1.0,,0.0,1.0,0.0,0.0,0.0,0.0,0.0,0.0,1.0,0.0,1.0
Pedro Dalua,,,,,,,,,,,,,1.0,,,,,,,,,0.0,,1.0,,,,,,,,,,,,,,,,,,,,,,,,,,,,,,,,,,,,1.0,,,,,,1.0,,,,0.0,,,,,,,,,,,,,,,,,,,1.0,,,,1.0,0.0,,,,1.0,,,,,,,,,,,,,,,,,,,,,,,,,,,,,,,,,,,,,,,,,,,,,,,,,,,,,,,,,,,,,,,,,,,,,,,,,1.0,,,,,,,,,,,,,,,,,,,,,,,,,,,,,,,,0.0,,,,,,,,,,,,,,,,,,,,,,,,,,,,,,,,,,,,,,,,,,,,,,,,,,,,,,,,,,,,,,,,,,,,,,,,,,,,,,,,,,,,,,,,,,,,,,,,,,,,,,,,,,,,,,,,,,,,,,,,,,,,,,,,,,,,,,,,,,,,,,,,,,,,,,,,,,,,,,,,,,,,,,,,,,,,,,,,,,,,,,,,,,,,,,,,,,,,,,,,,,,,,,,,,,,,,,,,,,,,,,,,,,,,,,,,,,,,,,,,,,,,,,,,,,,,,,,,,,,,,,,,,,,,,,,,,,,,,,,,,,,,,,,,,,,,,,,,,,,,,,
Pedro Lucas Fernandes,0.0,0.0,1.0,,1.0,1.0,1.0,,,,0.0,1.0,0.0,1.0,0.0,1.0,0.0,1.0,0.0,0.0,1.0,0.0,0.0,1.0,0.0,1.0,,1.0,0.0,1.0,0.0,1.0,0.0,,0.0,0.0,1.0,1.0,0.0,1.0,,,,1.0,0.0,1.0,0.0,,1.0,0.0,0.0,1.0,0.0,1.0,1.0,0.0,0.0,1.0,0.0,1.0,1.0,1.0,0.0,0.0,0.0,1.0,1.0,1.0,,0.0,0.0,,,,,1.0,1.0,0.0,1.0,1.0,,1.0,1.0,0.0,0.0,,,1.0,1.0,1.0,1.0,1.0,1.0,0.0,0.0,1.0,1.0,1.0,,,,1.0,1.0,1.0,1.0,1.0,0.0,0.0,1.0,1.0,1.0,0.0,0.0,1.0,,1.0,0.0,0.0,,,1.0,,0.0,0.0,0.0,1.0,1.0,,0.0,0.0,1.0,0.0,0.0,0.0,,1.0,1.0,1.0,1.0,,0.0,0.0,1.0,0.0,0.0,1.0,0.0,1.0,1.0,0.0,0.0,,,0.0,0.0,,,0.0,1.0,1.0,0.0,,,0.0,1.0,,0.0,0.0,1.0,1.0,1.0,0.0,0.0,1.0,0.0,0.0,1.0,1.0,1.0,1.0,1.0,0.0,0.0,1.0,1.0,1.0,0.0,0.0,1.0,1.0,0.0,1.0,0.0,1.0,0.0,0.0,0.0,0.0,1.0,1.0,0.0,1.0,,,0.0,0.0,0.0,0.0,1.0,0.0,0.0,0.0,1.0,,0.0,0.0,1.0,,0.0,,1.0,1.0,1.0,,1.0,1.0,1.0,1.0,1.0,,,,,1.0,1.0,1.0,0.0,1.0,0.0,,1.0,0.0,0.0,0.0,1.0,1.0,1.0,0.0,1.0,,1.0,,1.0,0.0,0.0,1.0,0.0,,0.0,1.0,1.0,1.0,1.0,1.0,1.0,1.0,1.0,1.0,1.0,,,0.0,,0.0,0.0,1.0,0.0,0.0,1.0,0.0,1.0,1.0,1.0,1.0,0.0,0.0,0.0,0.0,1.0,1.0,1.0,0.0,0.0,0.0,1.0,1.0,1.0,,1.0,0.0,1.0,1.0,1.0,0.0,1.0,1.0,,1.0,,0.0,0.0,,1.0,1.0,,0.0,0.0,1.0,0.0,1.0,0.0,1.0,1.0,0.0,,1.0,1.0,1.0,1.0,1.0,1.0,1.0,,,,,,0.0,0.0,0.0,0.0,,1.0,1.0,1.0,1.0,1.0,0.0,1.0,0.0,,1.0,1.0,1.0,1.0,0.0,0.0,,0.0,,0.0,0.0,,,0.0,0.0,1.0,,,,,,0.0,,,0.0,1.0,0.0,0.0,1.0,0.0,0.0,,1.0,0.0,0.0,1.0,0.0,0.0,1.0,1.0,1.0,,0.0,1.0,,1.0,0.0,0.0,,,,1.0,0.0,,,1.0,,,1.0,1.0,1.0,1.0,,1.0,0.0,,0.0,,1.0,0.0,,0.0,0.0,0.0,0.0,1.0,0.0,1.0,,,,1.0,,,,,0.0,0.0,,0.0,,,,,,,,,1.0,,0.0,1.0,,1.0,,1.0,,,,0.0,0.0,0.0,,,1.0,1.0,1.0,0.0,0.0,0.0,0.0,,1.0,,,1.0,0.0,,1.0,0.0,0.0,0.0,1.0,1.0,0.0,1.0,0.0,0.0,1.0,1.0,1.0,1.0,0.0,0.0,1.0,0.0,,,1.0,,,,,
Pedro Lupion,0.0,0.0,1.0,0.0,,1.0,0.0,1.0,0.0,1.0,0.0,1.0,0.0,1.0,,1.0,0.0,1.0,0.0,0.0,,0.0,0.0,0.0,,0.0,0.0,,0.0,1.0,0.0,1.0,0.0,0.0,0.0,0.0,1.0,1.0,0.0,0.0,0.0,0.0,0.0,1.0,0.0,1.0,0.0,1.0,1.0,0.0,,,0.0,0.0,1.0,0.0,0.0,1.0,0.0,1.0,1.0,1.0,1.0,,0.0,1.0,1.0,0.0,0.0,,0.0,0.0,0.0,,0.0,1.0,1.0,0.0,1.0,1.0,1.0,,1.0,0.0,0.0,,0.0,1.0,1.0,1.0,1.0,1.0,,,0.0,,1.0,1.0,,0.0,,0.0,1.0,0.0,0.0,,,,1.0,0.0,1.0,,1.0,1.0,1.0,1.0,0.0,0.0,0.0,,1.0,0.0,0.0,0.0,0.0,1.0,0.0,0.0,0.0,,1.0,,0.0,0.0,0.0,1.0,1.0,1.0,0.0,,0.0,0.0,1.0,0.0,0.0,0.0,1.0,1.0,1.0,,0.0,1.0,1.0,0.0,0.0,0.0,1.0,0.0,1.0,1.0,0.0,,1.0,0.0,1.0,0.0,0.0,0.0,1.0,1.0,1.0,,,1.0,,,1.0,1.0,1.0,1.0,1.0,,0.0,1.0,1.0,,1.0,,1.0,1.0,,,0.0,1.0,,0.0,0.0,0.0,1.0,,,,0.0,,0.0,0.0,0.0,0.0,1.0,0.0,0.0,0.0,1.0,1.0,0.0,0.0,,0.0,0.0,1.0,,1.0,,0.0,1.0,,1.0,1.0,,,,,,1.0,,1.0,0.0,1.0,0.0,,,,0.0,,1.0,1.0,0.0,,0.0,,,1.0,1.0,0.0,0.0,,0.0,1.0,,1.0,1.0,,,1.0,1.0,1.0,,,1.0,0.0,1.0,1.0,0.0,0.0,0.0,1.0,0.0,0.0,1.0,,1.0,1.0,1.0,,0.0,0.0,0.0,0.0,1.0,1.0,1.0,0.0,0.0,0.0,1.0,1.0,1.0,,,0.0,1.0,1.0,0.0,0.0,1.0,0.0,,1.0,0.0,0.0,0.0,0.0,1.0,1.0,1.0,1.0,0.0,,0.0,1.0,0.0,1.0,1.0,0.0,0.0,1.0,1.0,,1.0,1.0,1.0,1.0,,,,0.0,1.0,0.0,,0.0,0.0,0.0,1.0,1.0,0.0,1.0,1.0,0.0,1.0,0.0,1.0,1.0,,0.0,,,0.0,,,1.0,0.0,0.0,,1.0,0.0,0.0,1.0,1.0,0.0,1.0,1.0,0.0,0.0,1.0,1.0,0.0,1.0,0.0,0.0,1.0,,0.0,0.0,0.0,0.0,,0.0,0.0,0.0,,1.0,0.0,,0.0,1.0,,1.0,0.0,0.0,0.0,0.0,,1.0,0.0,,0.0,1.0,0.0,1.0,1.0,1.0,1.0,1.0,0.0,1.0,0.0,0.0,0.0,0.0,1.0,0.0,0.0,0.0,,0.0,0.0,1.0,0.0,1.0,,,,1.0,,,1.0,0.0,0.0,,,0.0,,,0.0,1.0,1.0,0.0,1.0,0.0,,0.0,0.0,0.0,0.0,1.0,,1.0,,0.0,1.0,0.0,0.0,0.0,,0.0,1.0,1.0,1.0,,0.0,0.0,0.0,1.0,1.0,,,0.0,0.0,0.0,1.0,,0.0,0.0,,,,1.0,0.0,,,1.0,1.0,0.0,,0.0,,0.0,0.0,0.0,,,0.0,1.0,0.0,
Pedro Paulo,,,1.0,0.0,1.0,1.0,1.0,1.0,1.0,,0.0,,,,,,,,,,,,0.0,,,1.0,,1.0,0.0,1.0,,1.0,0.0,0.0,0.0,0.0,1.0,0.0,0.0,0.0,0.0,0.0,0.0,1.0,0.0,1.0,,1.0,1.0,,,1.0,,,,,,,0.0,,,,0.0,0.0,,,,1.0,,,0.0,1.0,0.0,0.0,1.0,0.0,0.0,1.0,0.0,,1.0,1.0,1.0,0.0,0.0,,1.0,1.0,,,,,,,1.0,,,,,,0.0,,,1.0,1.0,1.0,0.0,0.0,1.0,1.0,1.0,0.0,0.0,,,1.0,0.0,0.0,0.0,0.0,,0.0,0.0,0.0,0.0,1.0,0.0,0.0,0.0,0.0,1.0,0.0,0.0,,0.0,1.0,1.0,1.0,1.0,0.0,0.0,0.0,1.0,0.0,1.0,,,1.0,1.0,,0.0,1.0,,0.0,0.0,,1.0,,1.0,1.0,,,1.0,0.0,1.0,0.0,0.0,,1.0,,,0.0,0.0,,,,,1.0,1.0,1.0,1.0,0.0,0.0,1.0,1.0,1.0,1.0,,1.0,1.0,0.0,1.0,1.0,,0.0,,,,1.0,1.0,,1.0,,,1.0,1.0,1.0,1.0,0.0,1.0,1.0,1.0,1.0,0.0,0.0,,1.0,0.0,0.0,1.0,1.0,,,0.0,0.0,1.0,,1.0,1.0,0.0,0.0,,0.0,1.0,1.0,1.0,0.0,,0.0,0.0,1.0,0.0,0.0,0.0,0.0,0.0,1.0,0.0,1.0,,,1.0,0.0,,1.0,1.0,0.0,1.0,0.0,1.0,1.0,1.0,1.0,1.0,,1.0,,0.0,1.0,0.0,,0.0,0.0,,,1.0,1.0,0.0,1.0,0.0,1.0,1.0,1.0,1.0,0.0,,0.0,0.0,1.0,,1.0,0.0,,0.0,1.0,1.0,,1.0,1.0,,0.0,0.0,0.0,1.0,,0.0,0.0,1.0,,0.0,0.0,0.0,,1.0,,,0.0,1.0,0.0,1.0,0.0,1.0,1.0,0.0,1.0,1.0,1.0,1.0,1.0,1.0,1.0,1.0,,,0.0,0.0,1.0,,0.0,0.0,0.0,0.0,1.0,,1.0,1.0,1.0,0.0,0.0,1.0,0.0,0.0,1.0,1.0,1.0,0.0,0.0,,1.0,0.0,0.0,,0.0,1.0,,0.0,1.0,,0.0,1.0,1.0,0.0,0.0,1.0,1.0,0.0,1.0,0.0,0.0,1.0,0.0,1.0,,0.0,0.0,0.0,0.0,0.0,0.0,1.0,1.0,0.0,1.0,0.0,1.0,,1.0,0.0,0.0,0.0,0.0,0.0,,0.0,0.0,0.0,,0.0,1.0,1.0,1.0,,,,,0.0,0.0,,0.0,1.0,0.0,,0.0,,0.0,0.0,1.0,0.0,1.0,,,0.0,1.0,,1.0,,0.0,0.0,0.0,,0.0,,0.0,0.0,1.0,1.0,,1.0,0.0,0.0,0.0,1.0,1.0,1.0,0.0,1.0,0.0,0.0,0.0,1.0,,0.0,,,,1.0,,1.0,,,,,,1.0,0.0,,,0.0,,1.0,0.0,,0.0,,,1.0,1.0,,,,1.0,1.0,1.0,,0.0,1.0,0.0,0.0,0.0,,0.0,0.0,1.0,,
Pedro Uczai,1.0,1.0,1.0,1.0,1.0,1.0,1.0,1.0,1.0,1.0,1.0,1.0,1.0,0.0,1.0,1.0,1.0,0.0,1.0,,1.0,,1.0,1.0,,1.0,,0.0,1.0,0.0,,,,,,,,1.0,1.0,,,1.0,,0.0,,1.0,0.0,,1.0,0.0,0.0,1.0,0.0,1.0,1.0,0.0,0.0,1.0,0.0,,1.0,1.0,0.0,,,0.0,1.0,1.0,,1.0,,,,,,,,,,,,1.0,1.0,0.0,1.0,,1.0,1.0,1.0,,,1.0,0.0,1.0,1.0,1.0,1.0,1.0,,0.0,0.0,1.0,,1.0,1.0,1.0,0.0,0.0,1.0,1.0,1.0,0.0,0.0,0.0,0.0,0.0,1.0,0.0,,,0.0,1.0,1.0,0.0,1.0,0.0,0.0,1.0,1.0,1.0,0.0,1.0,1.0,1.0,1.0,0.0,,0.0,1.0,,1.0,0.0,1.0,1.0,0.0,1.0,0.0,1.0,0.0,,,,,,,,0.0,,,,,0.0,,,,,1.0,0.0,1.0,1.0,1.0,0.0,,,,,0.0,,0.0,0.0,0.0,0.0,0.0,0.0,0.0,,0.0,0.0,0.0,0.0,,,1.0,0.0,,0.0,1.0,1.0,,,0.0,1.0,,,,1.0,1.0,1.0,0.0,1.0,1.0,1.0,0.0,1.0,1.0,0.0,0.0,1.0,1.0,0.0,0.0,0.0,0.0,,,0.0,0.0,0.0,0.0,,,1.0,,0.0,0.0,0.0,1.0,0.0,1.0,1.0,0.0,1.0,1.0,1.0,1.0,0.0,,,,1.0,1.0,1.0,,1.0,1.0,,,1.0,0.0,0.0,0.0,1.0,0.0,0.0,0.0,0.0,1.0,1.0,0.0,1.0,,,1.0,1.0,,0.0,,,0.0,1.0,0.0,0.0,0.0,0.0,1.0,,1.0,1.0,,,,,,1.0,0.0,1.0,,,0.0,1.0,0.0,1.0,1.0,1.0,1.0,1.0,1.0,0.0,0.0,,1.0,0.0,0.0,0.0,0.0,0.0,1.0,1.0,1.0,0.0,1.0,0.0,0.0,0.0,1.0,0.0,0.0,1.0,1.0,0.0,0.0,0.0,1.0,1.0,1.0,1.0,0.0,1.0,0.0,1.0,1.0,1.0,,0.0,0.0,0.0,0.0,1.0,1.0,,1.0,1.0,,,0.0,1.0,0.0,1.0,1.0,0.0,1.0,0.0,0.0,0.0,1.0,0.0,0.0,0.0,1.0,0.0,,,0.0,1.0,0.0,1.0,1.0,1.0,1.0,0.0,0.0,1.0,1.0,1.0,,0.0,1.0,0.0,1.0,,1.0,1.0,1.0,,0.0,0.0,,,,,,,1.0,1.0,,1.0,0.0,1.0,0.0,0.0,0.0,0.0,0.0,,,,1.0,1.0,1.0,0.0,,,,,,,,,0.0,,1.0,1.0,0.0,1.0,0.0,0.0,1.0,,,,,,,,,,,,1.0,0.0,0.0,1.0,1.0,1.0,0.0,0.0,0.0,0.0,1.0,1.0,1.0,1.0,1.0,1.0,1.0,0.0,,0.0,1.0,1.0,0.0,1.0,1.0,0.0,0.0,1.0,1.0,1.0,1.0,1.0,,,1.0,0.0,1.0,,,1.0,,0.0,0.0,0.0,1.0,1.0,1.0,0.0,1.0,,0.0,,0.0,,1.0,0.0,1.0
Pedro Vilela,0.0,1.0,,,,,,1.0,,,0.0,1.0,0.0,1.0,0.0,1.0,0.0,0.0,1.0,1.0,,1.0,,1.0,,,,,,,,,,,,,,,,,,,,,,1.0,0.0,1.0,1.0,0.0,,1.0,0.0,1.0,1.0,0.0,0.0,,,1.0,1.0,1.0,,,,1.0,1.0,,,0.0,,,,,,,,,,1.0,,,,,,,,,1.0,1.0,,1.0,1.0,0.0,,,1.0,1.0,,,,,,0.0,1.0,0.0,0.0,0.0,0.0,1.0,1.0,0.0,0.0,,,,,,,,,,,,,,,,,,,,,,,,,,,,,,1.0,0.0,,,,1.0,,,,,,,,,,,,,,,,,,,,,,,1.0,,,,,,,,,,,,,,,,,,,,,,,,,,,,,,,,0.0,,,,,,,,,,,,,,,,,,,,,,,,,,,,,,,,,,,,,,,,,,,,,,,,,,,,,,,,,,,,,,,,,,,,,,,,,,,,,,,,,,,,,,,,,,,,,,,,,,,,,,,,,,,,,,,,,,,,,,,,,,,,,,,,,,,,,,,,,,,,,,,,,,,,,,,,,,,,,,,,,,,,,,,,,,,,,,,,,,,,,,,,,,,,,,,,,,,,,,,,,,,,,,,,,,,,,,,,,,,,,,,,,,,,,,,,,,,,,,,,,,,,,,,,,,,,,,,,,,,,,,,,,,,,,,,,,,,,,,,,,,,,,,,,,,,,,,,,,,,,,,
Pedro Westphalen,0.0,0.0,1.0,0.0,1.0,1.0,1.0,1.0,0.0,1.0,0.0,1.0,0.0,1.0,0.0,1.0,0.0,1.0,0.0,0.0,1.0,,0.0,,0.0,,0.0,1.0,0.0,,0.0,,0.0,0.0,0.0,0.0,1.0,0.0,0.0,0.0,,1.0,0.0,1.0,0.0,,0.0,1.0,1.0,,0.0,1.0,0.0,1.0,1.0,0.0,0.0,1.0,0.0,,1.0,1.0,,,0.0,1.0,1.0,,0.0,0.0,0.0,0.0,0.0,1.0,0.0,1.0,1.0,0.0,1.0,1.0,1.0,1.0,1.0,0.0,0.0,,1.0,1.0,1.0,,,,1.0,0.0,0.0,,1.0,1.0,,,,0.0,1.0,0.0,0.0,0.0,0.0,1.0,0.0,0.0,0.0,1.0,1.0,1.0,1.0,1.0,0.0,0.0,0.0,0.0,1.0,0.0,0.0,0.0,0.0,1.0,1.0,0.0,0.0,0.0,1.0,0.0,0.0,0.0,0.0,1.0,1.0,1.0,1.0,,0.0,1.0,1.0,0.0,0.0,1.0,0.0,,1.0,,0.0,1.0,1.0,0.0,0.0,0.0,1.0,0.0,1.0,1.0,0.0,,,,1.0,0.0,0.0,0.0,1.0,1.0,1.0,0.0,0.0,1.0,0.0,0.0,1.0,1.0,1.0,1.0,1.0,1.0,0.0,1.0,1.0,1.0,1.0,1.0,1.0,1.0,0.0,1.0,0.0,1.0,0.0,0.0,0.0,0.0,,,0.0,1.0,0.0,,0.0,0.0,0.0,0.0,1.0,0.0,0.0,0.0,1.0,1.0,0.0,0.0,1.0,0.0,0.0,1.0,1.0,1.0,1.0,0.0,1.0,1.0,1.0,1.0,1.0,0.0,0.0,0.0,0.0,1.0,1.0,1.0,0.0,1.0,0.0,0.0,1.0,0.0,,0.0,1.0,1.0,0.0,,0.0,1.0,1.0,,1.0,0.0,0.0,1.0,0.0,0.0,,1.0,1.0,1.0,1.0,1.0,1.0,1.0,1.0,,1.0,0.0,1.0,0.0,0.0,0.0,0.0,1.0,0.0,0.0,1.0,,1.0,1.0,1.0,1.0,0.0,0.0,0.0,0.0,1.0,1.0,1.0,0.0,0.0,0.0,1.0,1.0,,0.0,1.0,0.0,1.0,0.0,1.0,0.0,1.0,0.0,0.0,1.0,0.0,0.0,0.0,0.0,1.0,1.0,1.0,1.0,,1.0,0.0,1.0,0.0,1.0,1.0,0.0,1.0,1.0,1.0,1.0,1.0,1.0,1.0,1.0,0.0,0.0,0.0,0.0,1.0,,0.0,0.0,0.0,0.0,1.0,1.0,1.0,1.0,1.0,0.0,0.0,0.0,,1.0,,0.0,1.0,0.0,0.0,1.0,0.0,1.0,0.0,0.0,0.0,1.0,0.0,0.0,1.0,1.0,0.0,1.0,1.0,0.0,,,1.0,0.0,1.0,0.0,0.0,1.0,0.0,0.0,0.0,0.0,0.0,0.0,1.0,0.0,0.0,1.0,1.0,1.0,,0.0,1.0,1.0,,0.0,0.0,0.0,0.0,0.0,,0.0,,0.0,1.0,0.0,1.0,1.0,1.0,1.0,1.0,0.0,1.0,0.0,0.0,0.0,0.0,1.0,0.0,0.0,0.0,0.0,0.0,0.0,1.0,0.0,1.0,,,0.0,1.0,0.0,1.0,1.0,0.0,0.0,,,0.0,,,,1.0,1.0,0.0,,,1.0,0.0,0.0,1.0,1.0,1.0,1.0,1.0,1.0,0.0,1.0,0.0,0.0,0.0,0.0,0.0,1.0,1.0,1.0,0.0,0.0,0.0,0.0,0.0,1.0,0.0,1.0,,0.0,0.0,1.0,0.0,0.0,0.0,1.0,1.0,0.0,1.0,1.0,,1.0,1.0,1.0,1.0,,,1.0,0.0,,,,,,,,0.0
Perpétua Almeida,,,1.0,1.0,1.0,1.0,1.0,1.0,1.0,,1.0,1.0,0.0,1.0,1.0,1.0,1.0,0.0,1.0,1.0,1.0,0.0,1.0,1.0,,1.0,1.0,0.0,1.0,0.0,1.0,0.0,,1.0,,1.0,0.0,1.0,1.0,1.0,1.0,1.0,0.0,0.0,,0.0,0.0,0.0,1.0,,0.0,1.0,0.0,1.0,1.0,1.0,0.0,1.0,0.0,1.0,1.0,1.0,0.0,,0.0,,1.0,1.0,,0.0,0.0,0.0,0.0,1.0,0.0,1.0,1.0,1.0,0.0,1.0,1.0,1.0,1.0,0.0,1.0,,1.0,1.0,1.0,1.0,,1.0,0.0,0.0,1.0,1.0,1.0,1.0,,0.0,0.0,1.0,0.0,1.0,1.0,1.0,0.0,0.0,1.0,1.0,1.0,0.0,0.0,,0.0,0.0,1.0,0.0,,,,,,,1.0,0.0,0.0,1.0,1.0,1.0,0.0,1.0,1.0,1.0,1.0,0.0,0.0,0.0,1.0,0.0,0.0,0.0,1.0,1.0,0.0,1.0,0.0,1.0,,,,,,,,,0.0,,0.0,,,,,,,,1.0,,1.0,1.0,1.0,0.0,,,,,,1.0,0.0,0.0,0.0,0.0,0.0,0.0,0.0,0.0,0.0,0.0,0.0,0.0,1.0,0.0,1.0,1.0,,0.0,1.0,1.0,1.0,1.0,0.0,1.0,,,1.0,1.0,1.0,1.0,0.0,1.0,,,0.0,1.0,1.0,,1.0,1.0,1.0,0.0,0.0,0.0,0.0,1.0,0.0,0.0,0.0,0.0,0.0,1.0,1.0,1.0,1.0,0.0,1.0,0.0,1.0,0.0,1.0,1.0,0.0,1.0,1.0,1.0,1.0,,1.0,1.0,1.0,1.0,1.0,,0.0,1.0,1.0,0.0,1.0,1.0,0.0,1.0,1.0,1.0,1.0,1.0,0.0,0.0,1.0,1.0,0.0,1.0,0.0,1.0,1.0,1.0,1.0,0.0,0.0,1.0,0.0,1.0,0.0,0.0,0.0,0.0,1.0,1.0,1.0,1.0,1.0,1.0,1.0,1.0,0.0,1.0,1.0,0.0,0.0,0.0,1.0,1.0,0.0,1.0,1.0,1.0,1.0,1.0,,0.0,0.0,1.0,1.0,0.0,0.0,0.0,1.0,0.0,1.0,1.0,1.0,0.0,1.0,0.0,1.0,0.0,1.0,0.0,0.0,1.0,1.0,1.0,1.0,0.0,0.0,0.0,1.0,1.0,0.0,1.0,0.0,1.0,1.0,1.0,1.0,1.0,1.0,1.0,0.0,1.0,1.0,0.0,1.0,1.0,1.0,1.0,0.0,1.0,0.0,1.0,1.0,0.0,1.0,0.0,,0.0,0.0,1.0,1.0,0.0,1.0,0.0,0.0,1.0,0.0,1.0,0.0,1.0,0.0,1.0,1.0,0.0,0.0,1.0,1.0,0.0,1.0,0.0,1.0,0.0,0.0,1.0,1.0,1.0,1.0,0.0,0.0,0.0,,,,,,,1.0,1.0,,1.0,0.0,1.0,0.0,0.0,0.0,0.0,,,,1.0,1.0,1.0,1.0,0.0,,,,,,,,,0.0,0.0,,1.0,0.0,,0.0,,1.0,,,,,,,,,,,1.0,1.0,0.0,0.0,1.0,1.0,,1.0,0.0,0.0,0.0,0.0,1.0,1.0,1.0,1.0,1.0,1.0,0.0,,0.0,1.0,1.0,0.0,1.0,1.0,0.0,1.0,1.0,1.0,1.0,1.0,1.0,1.0,1.0,1.0,0.0,1.0,0.0,1.0,1.0,0.0,1.0,0.0,0.0,1.0,1.0,1.0,0.0,1.0,0.0,0.0,0.0,0.0,0.0,1.0,0.0,1.0
Pinheirinho,0.0,,1.0,0.0,1.0,1.0,,1.0,0.0,1.0,,1.0,0.0,1.0,0.0,,,1.0,0.0,0.0,1.0,0.0,,1.0,0.0,,0.0,1.0,0.0,,0.0,1.0,0.0,0.0,0.0,0.0,1.0,1.0,0.0,0.0,0.0,1.0,0.0,1.0,0.0,1.0,,1.0,,,,,0.0,1.0,,0.0,0.0,1.0,0.0,1.0,1.0,1.0,1.0,0.0,0.0,1.0,1.0,1.0,0.0,,0.0,0.0,0.0,1.0,0.0,1.0,1.0,0.0,1.0,1.0,1.0,1.0,1.0,0.0,0.0,,1.0,1.0,1.0,,1.0,,,,0.0,,1.0,1.0,,,,0.0,1.0,1.0,1.0,1.0,0.0,0.0,1.0,1.0,1.0,0.0,0.0,1.0,1.0,1.0,,0.0,0.0,0.0,1.0,0.0,0.0,0.0,0.0,1.0,1.0,0.0,0.0,,1.0,0.0,0.0,0.0,0.0,1.0,1.0,1.0,1.0,0.0,1.0,1.0,,,0.0,1.0,,,1.0,,0.0,,1.0,0.0,,,,0.0,1.0,1.0,0.0,,1.0,0.0,1.0,0.0,,,1.0,1.0,,0.0,,,0.0,0.0,1.0,1.0,1.0,1.0,1.0,1.0,0.0,1.0,1.0,1.0,1.0,1.0,1.0,1.0,,1.0,0.0,1.0,,0.0,,0.0,1.0,1.0,,1.0,0.0,,0.0,0.0,0.0,,,0.0,0.0,,1.0,1.0,0.0,0.0,1.0,0.0,0.0,1.0,1.0,1.0,1.0,0.0,1.0,1.0,,1.0,1.0,,0.0,,0.0,1.0,1.0,,0.0,1.0,0.0,0.0,1.0,0.0,0.0,0.0,1.0,1.0,0.0,0.0,0.0,1.0,1.0,1.0,1.0,0.0,0.0,1.0,0.0,0.0,,1.0,1.0,,1.0,1.0,1.0,1.0,1.0,1.0,1.0,0.0,1.0,0.0,,0.0,0.0,1.0,0.0,0.0,,0.0,1.0,1.0,,1.0,0.0,,,,1.0,,,0.0,0.0,0.0,1.0,,,,1.0,,1.0,0.0,1.0,,,0.0,,1.0,,0.0,0.0,0.0,1.0,,,1.0,0.0,1.0,0.0,1.0,0.0,1.0,1.0,0.0,1.0,1.0,1.0,1.0,1.0,,1.0,1.0,,0.0,0.0,,1.0,0.0,0.0,,0.0,,1.0,1.0,0.0,1.0,1.0,0.0,0.0,,,,1.0,0.0,1.0,0.0,0.0,1.0,0.0,1.0,0.0,,,1.0,0.0,0.0,1.0,,1.0,1.0,,,,,1.0,0.0,1.0,0.0,0.0,1.0,0.0,,,0.0,,0.0,1.0,0.0,0.0,1.0,1.0,,,0.0,1.0,,1.0,,,0.0,0.0,0.0,,,0.0,,1.0,0.0,1.0,,1.0,1.0,1.0,0.0,1.0,0.0,0.0,,,1.0,0.0,,0.0,0.0,0.0,0.0,,,,,,,1.0,0.0,,1.0,0.0,0.0,,0.0,0.0,0.0,0.0,,1.0,,,1.0,,,,,,,1.0,1.0,1.0,,,1.0,0.0,0.0,,,,1.0,,,,0.0,,0.0,,1.0,0.0,,0.0,,0.0,1.0,,0.0,0.0,1.0,,0.0,1.0,0.0,,,1.0,,,0.0,,1.0,0.0,,,,,,,,0.0
Policial Katia Sastre,0.0,0.0,1.0,0.0,,1.0,1.0,1.0,0.0,1.0,0.0,1.0,1.0,0.0,,,0.0,0.0,1.0,1.0,1.0,0.0,1.0,1.0,0.0,0.0,,0.0,0.0,,0.0,1.0,0.0,,0.0,0.0,1.0,1.0,0.0,0.0,0.0,1.0,0.0,1.0,0.0,1.0,0.0,,,,0.0,1.0,0.0,1.0,1.0,0.0,0.0,1.0,0.0,1.0,1.0,1.0,1.0,0.0,0.0,1.0,1.0,0.0,0.0,0.0,0.0,,0.0,1.0,0.0,1.0,1.0,0.0,1.0,1.0,1.0,1.0,1.0,0.0,0.0,,1.0,1.0,1.0,1.0,1.0,1.0,1.0,0.0,,1.0,1.0,1.0,,,,0.0,1.0,0.0,0.0,0.0,0.0,1.0,0.0,0.0,0.0,1.0,1.0,1.0,1.0,1.0,0.0,0.0,0.0,,,0.0,0.0,0.0,,1.0,1.0,,0.0,0.0,1.0,0.0,0.0,0.0,0.0,,1.0,1.0,0.0,0.0,0.0,0.0,1.0,0.0,0.0,1.0,0.0,1.0,1.0,,0.0,1.0,,0.0,0.0,0.0,1.0,0.0,1.0,1.0,0.0,0.0,1.0,,,0.0,0.0,0.0,1.0,1.0,1.0,0.0,,1.0,0.0,,1.0,1.0,1.0,1.0,1.0,0.0,0.0,1.0,1.0,1.0,1.0,1.0,1.0,1.0,0.0,1.0,0.0,1.0,0.0,,0.0,0.0,,,0.0,1.0,0.0,,0.0,0.0,,0.0,,0.0,0.0,0.0,1.0,1.0,0.0,0.0,1.0,0.0,0.0,1.0,1.0,1.0,,0.0,1.0,1.0,1.0,1.0,1.0,0.0,0.0,0.0,0.0,,1.0,1.0,0.0,1.0,0.0,0.0,1.0,0.0,0.0,0.0,1.0,,0.0,0.0,0.0,,1.0,,1.0,0.0,0.0,0.0,,1.0,,1.0,1.0,1.0,1.0,,1.0,1.0,1.0,1.0,1.0,0.0,,0.0,,0.0,0.0,1.0,0.0,,1.0,0.0,1.0,1.0,1.0,1.0,0.0,0.0,0.0,0.0,1.0,1.0,1.0,0.0,0.0,0.0,1.0,1.0,1.0,0.0,1.0,0.0,1.0,0.0,1.0,0.0,1.0,0.0,0.0,1.0,0.0,0.0,0.0,0.0,1.0,1.0,1.0,1.0,0.0,1.0,0.0,1.0,,0.0,1.0,0.0,1.0,1.0,1.0,,1.0,1.0,1.0,1.0,,0.0,0.0,0.0,1.0,0.0,,0.0,0.0,0.0,1.0,1.0,0.0,1.0,1.0,0.0,1.0,0.0,0.0,1.0,1.0,,1.0,0.0,0.0,1.0,0.0,,0.0,0.0,0.0,1.0,0.0,0.0,1.0,1.0,0.0,1.0,1.0,0.0,,,1.0,,1.0,0.0,0.0,1.0,0.0,,,0.0,0.0,0.0,1.0,0.0,0.0,1.0,1.0,1.0,,0.0,1.0,1.0,1.0,0.0,0.0,,0.0,,1.0,,,,,,1.0,,,1.0,,0.0,1.0,0.0,,0.0,0.0,1.0,0.0,,0.0,0.0,0.0,0.0,1.0,0.0,1.0,1.0,0.0,0.0,1.0,,,1.0,,,0.0,0.0,0.0,,0.0,0.0,1.0,1.0,0.0,1.0,0.0,1.0,0.0,0.0,1.0,0.0,1.0,1.0,1.0,1.0,0.0,1.0,0.0,0.0,0.0,,0.0,1.0,1.0,,0.0,0.0,0.0,0.0,0.0,1.0,0.0,1.0,0.0,0.0,0.0,1.0,0.0,0.0,0.0,1.0,1.0,0.0,1.0,0.0,0.0,1.0,1.0,1.0,1.0,0.0,0.0,1.0,,,,,,,,,0.0
Pompeo de Mattos,1.0,1.0,1.0,1.0,1.0,1.0,1.0,1.0,1.0,1.0,1.0,1.0,0.0,1.0,1.0,1.0,0.0,1.0,1.0,0.0,1.0,0.0,0.0,1.0,,1.0,1.0,0.0,1.0,0.0,0.0,1.0,0.0,,,0.0,1.0,1.0,0.0,1.0,1.0,0.0,0.0,1.0,,1.0,0.0,1.0,1.0,0.0,,1.0,,1.0,1.0,0.0,0.0,1.0,,1.0,1.0,1.0,,,,0.0,1.0,1.0,,,0.0,,0.0,1.0,0.0,1.0,1.0,0.0,1.0,1.0,1.0,1.0,1.0,0.0,1.0,,1.0,1.0,1.0,1.0,1.0,1.0,0.0,1.0,1.0,1.0,1.0,1.0,,0.0,0.0,1.0,0.0,1.0,1.0,1.0,,1.0,1.0,1.0,1.0,0.0,0.0,0.0,0.0,0.0,1.0,1.0,0.0,0.0,1.0,1.0,1.0,1.0,,0.0,1.0,1.0,1.0,,1.0,1.0,0.0,1.0,0.0,0.0,0.0,0.0,1.0,,0.0,0.0,1.0,1.0,1.0,1.0,0.0,1.0,0.0,0.0,0.0,1.0,1.0,0.0,0.0,0.0,1.0,,,,,0.0,1.0,0.0,1.0,1.0,1.0,0.0,1.0,1.0,1.0,0.0,1.0,,,,,,0.0,0.0,0.0,0.0,0.0,0.0,0.0,0.0,0.0,0.0,0.0,0.0,1.0,,1.0,1.0,0.0,0.0,1.0,1.0,1.0,1.0,0.0,1.0,,,1.0,0.0,1.0,1.0,1.0,0.0,1.0,1.0,0.0,1.0,1.0,0.0,0.0,1.0,1.0,1.0,0.0,0.0,,,,0.0,,,,1.0,1.0,1.0,1.0,0.0,1.0,0.0,1.0,0.0,1.0,,,,1.0,,,0.0,1.0,1.0,1.0,,1.0,1.0,,1.0,1.0,0.0,1.0,1.0,1.0,1.0,1.0,,1.0,1.0,0.0,0.0,1.0,0.0,1.0,1.0,,1.0,1.0,0.0,0.0,0.0,1.0,,0.0,,0.0,0.0,0.0,0.0,0.0,1.0,1.0,1.0,0.0,0.0,1.0,1.0,1.0,1.0,0.0,0.0,0.0,0.0,1.0,1.0,0.0,1.0,1.0,1.0,1.0,0.0,0.0,1.0,0.0,0.0,0.0,0.0,1.0,1.0,1.0,1.0,,1.0,1.0,0.0,1.0,1.0,1.0,1.0,1.0,0.0,1.0,,1.0,1.0,1.0,0.0,1.0,0.0,0.0,0.0,1.0,1.0,,,1.0,1.0,,1.0,0.0,0.0,0.0,1.0,1.0,,1.0,1.0,,1.0,0.0,1.0,0.0,1.0,1.0,0.0,1.0,,0.0,1.0,0.0,1.0,1.0,1.0,0.0,1.0,1.0,0.0,0.0,1.0,0.0,1.0,,1.0,1.0,0.0,0.0,1.0,1.0,1.0,1.0,0.0,1.0,0.0,0.0,1.0,1.0,1.0,1.0,0.0,1.0,0.0,1.0,,,,,,1.0,1.0,,1.0,0.0,0.0,0.0,0.0,0.0,0.0,1.0,,,1.0,1.0,1.0,1.0,0.0,,,,,,,,,0.0,0.0,1.0,1.0,0.0,,0.0,,1.0,,,,,,,,,,,1.0,1.0,0.0,0.0,1.0,1.0,1.0,0.0,0.0,0.0,0.0,1.0,1.0,1.0,1.0,1.0,1.0,1.0,0.0,,0.0,1.0,1.0,0.0,1.0,1.0,0.0,1.0,1.0,1.0,1.0,1.0,1.0,1.0,0.0,0.0,1.0,1.0,0.0,1.0,1.0,0.0,1.0,0.0,,1.0,1.0,,0.0,1.0,,0.0,0.0,0.0,0.0,1.0,0.0,1.0
Pr. Marco Feliciano,0.0,,1.0,0.0,1.0,1.0,0.0,1.0,0.0,1.0,,1.0,1.0,0.0,1.0,1.0,1.0,0.0,1.0,1.0,0.0,0.0,,1.0,,0.0,0.0,0.0,1.0,,0.0,1.0,,0.0,0.0,0.0,1.0,1.0,1.0,0.0,,0.0,0.0,1.0,0.0,1.0,0.0,1.0,1.0,0.0,0.0,1.0,0.0,,1.0,0.0,0.0,1.0,,,1.0,1.0,1.0,,0.0,1.0,0.0,,0.0,0.0,,,0.0,1.0,0.0,1.0,1.0,0.0,1.0,1.0,1.0,1.0,1.0,0.0,1.0,,1.0,1.0,1.0,,1.0,,1.0,0.0,0.0,0.0,1.0,1.0,,,,0.0,1.0,0.0,0.0,0.0,0.0,1.0,0.0,0.0,0.0,1.0,1.0,1.0,1.0,1.0,0.0,0.0,,0.0,1.0,,0.0,0.0,0.0,1.0,1.0,0.0,0.0,0.0,1.0,0.0,0.0,0.0,,1.0,1.0,1.0,0.0,0.0,0.0,0.0,1.0,0.0,0.0,1.0,0.0,1.0,1.0,,0.0,1.0,1.0,0.0,0.0,0.0,1.0,0.0,1.0,1.0,0.0,0.0,1.0,0.0,1.0,0.0,0.0,0.0,1.0,,,0.0,0.0,1.0,0.0,,1.0,1.0,1.0,1.0,1.0,1.0,1.0,1.0,1.0,1.0,1.0,1.0,1.0,1.0,0.0,1.0,0.0,1.0,0.0,0.0,0.0,0.0,1.0,0.0,,1.0,,,0.0,0.0,0.0,0.0,1.0,0.0,0.0,0.0,1.0,1.0,0.0,,1.0,0.0,0.0,1.0,1.0,1.0,1.0,0.0,1.0,1.0,1.0,1.0,1.0,0.0,0.0,0.0,0.0,1.0,1.0,1.0,0.0,1.0,0.0,0.0,1.0,0.0,0.0,0.0,1.0,1.0,0.0,0.0,0.0,1.0,1.0,1.0,1.0,0.0,0.0,0.0,0.0,0.0,,1.0,1.0,1.0,1.0,1.0,1.0,1.0,1.0,1.0,1.0,0.0,1.0,0.0,0.0,0.0,0.0,1.0,0.0,0.0,1.0,0.0,1.0,1.0,,1.0,0.0,0.0,0.0,0.0,1.0,1.0,1.0,0.0,0.0,0.0,1.0,1.0,1.0,0.0,1.0,0.0,1.0,0.0,0.0,0.0,1.0,0.0,0.0,1.0,,,,0.0,1.0,,,1.0,,1.0,0.0,1.0,0.0,1.0,1.0,0.0,1.0,1.0,1.0,1.0,1.0,1.0,1.0,1.0,0.0,0.0,0.0,0.0,,0.0,0.0,0.0,0.0,0.0,1.0,1.0,1.0,1.0,1.0,0.0,0.0,0.0,0.0,1.0,,0.0,,0.0,0.0,,0.0,1.0,0.0,0.0,0.0,1.0,0.0,0.0,1.0,1.0,0.0,1.0,1.0,0.0,0.0,1.0,1.0,0.0,1.0,0.0,0.0,0.0,0.0,0.0,0.0,0.0,0.0,0.0,1.0,0.0,0.0,1.0,1.0,1.0,1.0,0.0,1.0,1.0,1.0,0.0,0.0,0.0,0.0,0.0,1.0,,0.0,0.0,1.0,0.0,1.0,1.0,1.0,1.0,1.0,0.0,1.0,0.0,0.0,0.0,0.0,1.0,0.0,,0.0,0.0,0.0,0.0,1.0,0.0,1.0,,,,,,,1.0,0.0,,0.0,0.0,0.0,,,,1.0,1.0,,,,1.0,0.0,0.0,1.0,0.0,,,1.0,1.0,0.0,,0.0,0.0,0.0,0.0,1.0,,,,0.0,0.0,,0.0,0.0,1.0,0.0,1.0,0.0,0.0,0.0,1.0,0.0,,0.0,1.0,1.0,0.0,1.0,0.0,,,1.0,1.0,1.0,0.0,0.0,1.0,0.0,,,0.0,0.0,0.0,,,0.0
Professor Alcides,0.0,0.0,1.0,1.0,,1.0,1.0,1.0,0.0,1.0,0.0,1.0,0.0,1.0,,,,,0.0,0.0,1.0,0.0,1.0,1.0,0.0,1.0,0.0,1.0,,1.0,0.0,1.0,,0.0,0.0,0.0,1.0,0.0,0.0,0.0,0.0,1.0,0.0,1.0,0.0,1.0,,,1.0,0.0,0.0,1.0,,1.0,1.0,,0.0,1.0,0.0,1.0,1.0,1.0,0.0,0.0,0.0,1.0,1.0,1.0,,0.0,0.0,0.0,0.0,1.0,0.0,1.0,1.0,0.0,1.0,,1.0,1.0,1.0,0.0,0.0,,1.0,1.0,1.0,1.0,1.0,1.0,,0.0,0.0,1.0,,1.0,,,,0.0,1.0,0.0,0.0,0.0,0.0,,0.0,0.0,0.0,1.0,1.0,,,1.0,0.0,0.0,0.0,0.0,1.0,0.0,0.0,0.0,0.0,1.0,,,,0.0,1.0,0.0,0.0,0.0,0.0,1.0,,1.0,1.0,,,,1.0,,0.0,1.0,,1.0,1.0,0.0,0.0,1.0,,,0.0,0.0,1.0,0.0,1.0,1.0,0.0,0.0,1.0,,1.0,0.0,0.0,,1.0,,1.0,0.0,,,1.0,,,1.0,1.0,1.0,1.0,,,,,,,,,1.0,,,0.0,1.0,,0.0,0.0,0.0,1.0,1.0,0.0,1.0,,,0.0,0.0,0.0,0.0,1.0,0.0,0.0,0.0,1.0,1.0,0.0,0.0,1.0,0.0,0.0,1.0,1.0,,,1.0,1.0,1.0,,1.0,1.0,0.0,0.0,0.0,0.0,1.0,1.0,1.0,0.0,1.0,0.0,0.0,1.0,0.0,0.0,0.0,1.0,1.0,,0.0,0.0,,1.0,,1.0,,0.0,1.0,,,,1.0,,,1.0,1.0,1.0,1.0,1.0,1.0,,0.0,1.0,0.0,0.0,0.0,0.0,1.0,0.0,0.0,1.0,0.0,1.0,1.0,1.0,1.0,,0.0,0.0,0.0,1.0,1.0,1.0,0.0,0.0,0.0,1.0,1.0,1.0,,1.0,0.0,1.0,1.0,1.0,0.0,1.0,,0.0,1.0,0.0,0.0,0.0,0.0,1.0,1.0,1.0,1.0,,,,,0.0,1.0,,,,1.0,1.0,,1.0,1.0,1.0,1.0,,0.0,0.0,0.0,1.0,0.0,0.0,0.0,0.0,0.0,,,1.0,,,,,,0.0,,1.0,0.0,,0.0,0.0,1.0,0.0,1.0,0.0,0.0,,1.0,0.0,0.0,1.0,1.0,0.0,1.0,1.0,0.0,0.0,1.0,1.0,0.0,1.0,0.0,0.0,1.0,0.0,0.0,0.0,0.0,0.0,0.0,1.0,0.0,0.0,1.0,1.0,1.0,,0.0,1.0,1.0,1.0,0.0,,0.0,0.0,0.0,1.0,0.0,,,,0.0,1.0,1.0,1.0,1.0,1.0,1.0,1.0,0.0,0.0,0.0,0.0,1.0,0.0,,0.0,0.0,1.0,,1.0,0.0,1.0,1.0,,,,0.0,1.0,1.0,,0.0,0.0,0.0,0.0,0.0,0.0,,1.0,1.0,,,0.0,1.0,0.0,,1.0,1.0,,1.0,1.0,,0.0,1.0,0.0,0.0,0.0,0.0,0.0,1.0,,1.0,0.0,0.0,,0.0,0.0,1.0,,,0.0,,0.0,,,0.0,0.0,1.0,1.0,0.0,1.0,1.0,0.0,1.0,1.0,1.0,1.0,,0.0,1.0,0.0,,,,,,,,0.0
Professor Israel Batista,1.0,1.0,1.0,1.0,,1.0,1.0,1.0,1.0,1.0,1.0,1.0,1.0,0.0,1.0,1.0,1.0,0.0,1.0,1.0,1.0,0.0,0.0,1.0,0.0,1.0,0.0,0.0,1.0,0.0,0.0,1.0,0.0,1.0,,0.0,1.0,1.0,0.0,1.0,1.0,0.0,0.0,1.0,0.0,0.0,,1.0,1.0,0.0,,1.0,0.0,1.0,1.0,0.0,0.0,1.0,1.0,1.0,1.0,1.0,0.0,,,0.0,0.0,0.0,1.0,1.0,1.0,,1.0,0.0,,0.0,0.0,1.0,0.0,1.0,0.0,1.0,1.0,0.0,1.0,,1.0,1.0,1.0,1.0,1.0,1.0,0.0,1.0,0.0,1.0,1.0,1.0,,0.0,,1.0,0.0,1.0,1.0,1.0,0.0,0.0,1.0,1.0,1.0,0.0,0.0,1.0,0.0,1.0,0.0,0.0,0.0,0.0,1.0,0.0,1.0,0.0,1.0,0.0,0.0,1.0,1.0,1.0,0.0,1.0,1.0,1.0,1.0,0.0,0.0,0.0,1.0,,0.0,0.0,1.0,1.0,0.0,1.0,0.0,1.0,1.0,0.0,0.0,1.0,1.0,0.0,0.0,0.0,,0.0,1.0,1.0,0.0,0.0,1.0,,,0.0,1.0,0.0,1.0,1.0,1.0,0.0,1.0,0.0,,,0.0,1.0,0.0,0.0,1.0,0.0,0.0,0.0,0.0,0.0,0.0,1.0,0.0,0.0,0.0,0.0,1.0,0.0,1.0,0.0,1.0,1.0,1.0,0.0,0.0,1.0,,,0.0,0.0,1.0,1.0,0.0,1.0,1.0,1.0,0.0,1.0,1.0,0.0,1.0,1.0,1.0,1.0,0.0,0.0,0.0,1.0,0.0,0.0,0.0,0.0,0.0,0.0,1.0,1.0,1.0,0.0,1.0,0.0,1.0,0.0,1.0,1.0,0.0,1.0,1.0,1.0,0.0,0.0,1.0,1.0,,1.0,1.0,,0.0,1.0,1.0,,1.0,,0.0,1.0,0.0,,0.0,,0.0,0.0,1.0,0.0,1.0,,0.0,1.0,1.0,0.0,0.0,0.0,0.0,1.0,0.0,1.0,0.0,0.0,0.0,0.0,0.0,0.0,,0.0,0.0,1.0,1.0,1.0,,1.0,0.0,0.0,0.0,,0.0,1.0,0.0,1.0,1.0,1.0,1.0,0.0,0.0,1.0,,0.0,0.0,0.0,0.0,1.0,1.0,0.0,,1.0,1.0,1.0,1.0,1.0,1.0,0.0,0.0,0.0,0.0,0.0,1.0,0.0,1.0,0.0,0.0,0.0,1.0,1.0,0.0,1.0,0.0,1.0,1.0,1.0,1.0,0.0,1.0,0.0,0.0,1.0,1.0,0.0,1.0,1.0,1.0,1.0,0.0,1.0,0.0,1.0,1.0,0.0,1.0,0.0,0.0,1.0,1.0,0.0,0.0,1.0,,1.0,1.0,0.0,0.0,1.0,0.0,1.0,1.0,1.0,1.0,0.0,0.0,1.0,,1.0,1.0,0.0,1.0,1.0,1.0,1.0,1.0,1.0,1.0,0.0,0.0,0.0,1.0,1.0,1.0,1.0,1.0,1.0,,1.0,0.0,1.0,,1.0,0.0,0.0,0.0,0.0,0.0,0.0,1.0,1.0,1.0,1.0,1.0,0.0,0.0,0.0,0.0,,0.0,0.0,1.0,0.0,1.0,,,,0.0,1.0,0.0,,0.0,1.0,1.0,0.0,0.0,1.0,0.0,,0.0,1.0,1.0,1.0,,0.0,0.0,1.0,1.0,1.0,0.0,0.0,0.0,0.0,1.0,1.0,1.0,1.0,1.0,1.0,1.0,0.0,,0.0,1.0,,,1.0,1.0,0.0,1.0,,1.0,1.0,1.0,1.0,0.0,0.0,,0.0,1.0,1.0,1.0,1.0,0.0,1.0,0.0,0.0,,1.0,1.0,,1.0,0.0,0.0,0.0,0.0,0.0,1.0,0.0,1.0
Professor Joziel,,0.0,1.0,0.0,1.0,1.0,1.0,1.0,0.0,1.0,1.0,1.0,,0.0,0.0,1.0,1.0,1.0,1.0,1.0,,,0.0,,0.0,0.0,0.0,0.0,1.0,1.0,0.0,1.0,1.0,0.0,0.0,0.0,1.0,0.0,0.0,0.0,0.0,1.0,0.0,1.0,0.0,,,,1.0,0.0,,1.0,1.0,0.0,0.0,1.0,1.0,,0.0,1.0,1.0,1.0,1.0,0.0,0.0,1.0,0.0,0.0,0.0,0.0,0.0,0.0,0.0,1.0,0.0,1.0,,,1.0,,1.0,1.0,1.0,0.0,0.0,,1.0,1.0,1.0,1.0,1.0,1.0,1.0,0.0,0.0,1.0,1.0,1.0,,0.0,0.0,0.0,1.0,0.0,0.0,0.0,,1.0,0.0,0.0,1.0,1.0,1.0,1.0,1.0,1.0,,0.0,,0.0,0.0,0.0,0.0,0.0,,1.0,,0.0,,0.0,,0.0,0.0,0.0,0.0,1.0,1.0,1.0,0.0,0.0,0.0,0.0,1.0,,0.0,1.0,0.0,1.0,1.0,0.0,0.0,1.0,1.0,0.0,,0.0,1.0,0.0,1.0,1.0,0.0,0.0,1.0,0.0,1.0,0.0,0.0,,1.0,1.0,1.0,,0.0,1.0,0.0,0.0,1.0,1.0,1.0,1.0,1.0,1.0,1.0,1.0,1.0,1.0,1.0,,1.0,1.0,1.0,1.0,0.0,1.0,0.0,0.0,0.0,0.0,1.0,1.0,0.0,,0.0,,0.0,0.0,1.0,,1.0,0.0,0.0,,1.0,1.0,0.0,,1.0,0.0,0.0,,1.0,1.0,1.0,0.0,1.0,1.0,1.0,1.0,1.0,0.0,0.0,0.0,0.0,1.0,1.0,1.0,0.0,1.0,0.0,0.0,1.0,0.0,0.0,0.0,1.0,1.0,0.0,0.0,,1.0,1.0,1.0,1.0,0.0,0.0,0.0,0.0,0.0,,1.0,1.0,1.0,1.0,1.0,1.0,1.0,1.0,0.0,1.0,0.0,1.0,0.0,0.0,0.0,0.0,1.0,0.0,0.0,1.0,0.0,1.0,1.0,1.0,1.0,0.0,0.0,0.0,0.0,1.0,1.0,1.0,0.0,,0.0,1.0,1.0,,,1.0,0.0,1.0,0.0,0.0,0.0,,,0.0,1.0,1.0,0.0,0.0,,1.0,1.0,1.0,1.0,0.0,1.0,0.0,1.0,0.0,1.0,1.0,0.0,,1.0,1.0,1.0,1.0,1.0,1.0,1.0,0.0,0.0,,0.0,1.0,0.0,0.0,0.0,0.0,0.0,1.0,1.0,1.0,1.0,1.0,0.0,1.0,0.0,0.0,1.0,1.0,0.0,1.0,,0.0,1.0,,1.0,0.0,0.0,,1.0,0.0,,1.0,1.0,0.0,1.0,1.0,,,1.0,1.0,,1.0,,,0.0,0.0,0.0,0.0,0.0,0.0,0.0,1.0,0.0,0.0,1.0,1.0,1.0,,,1.0,1.0,1.0,0.0,0.0,,,0.0,,0.0,,0.0,1.0,0.0,,,,,,,,0.0,0.0,0.0,1.0,1.0,0.0,0.0,,,,,,,1.0,1.0,0.0,0.0,1.0,0.0,1.0,,,0.0,0.0,,0.0,,,,1.0,1.0,0.0,1.0,,,0.0,0.0,1.0,0.0,1.0,1.0,1.0,1.0,0.0,1.0,0.0,,,,,,,,,,,,,1.0,0.0,1.0,1.0,0.0,0.0,1.0,,0.0,0.0,1.0,1.0,0.0,1.0,0.0,,1.0,1.0,,1.0,,0.0,,,0.0,0.0,,,0.0,1.0,0.0,
Professora Dayane Pimentel,,,1.0,1.0,1.0,1.0,1.0,1.0,0.0,,,1.0,1.0,0.0,1.0,1.0,1.0,0.0,0.0,1.0,,1.0,,0.0,0.0,0.0,,0.0,1.0,1.0,0.0,1.0,0.0,0.0,0.0,0.0,1.0,0.0,0.0,0.0,0.0,0.0,0.0,1.0,0.0,,,,1.0,,,,0.0,0.0,1.0,0.0,,1.0,0.0,1.0,1.0,,1.0,0.0,0.0,1.0,1.0,0.0,0.0,0.0,0.0,,0.0,1.0,0.0,1.0,,,,1.0,1.0,1.0,1.0,0.0,0.0,,1.0,1.0,1.0,1.0,,0.0,1.0,0.0,,1.0,1.0,1.0,,0.0,0.0,0.0,1.0,1.0,1.0,1.0,,0.0,1.0,1.0,1.0,0.0,0.0,0.0,1.0,1.0,0.0,0.0,0.0,0.0,1.0,0.0,,0.0,0.0,1.0,0.0,0.0,0.0,,1.0,0.0,0.0,0.0,0.0,1.0,1.0,1.0,0.0,0.0,0.0,0.0,,,,,,,1.0,,,,,,,,,,,,,,1.0,1.0,1.0,0.0,0.0,0.0,1.0,,1.0,1.0,0.0,1.0,0.0,0.0,1.0,1.0,1.0,1.0,1.0,1.0,1.0,1.0,1.0,1.0,1.0,1.0,1.0,1.0,0.0,0.0,0.0,1.0,0.0,0.0,0.0,0.0,1.0,0.0,0.0,1.0,1.0,,,0.0,1.0,1.0,0.0,1.0,1.0,1.0,1.0,0.0,0.0,,1.0,0.0,0.0,1.0,1.0,1.0,1.0,0.0,1.0,1.0,1.0,1.0,1.0,0.0,0.0,0.0,0.0,1.0,1.0,1.0,0.0,1.0,0.0,0.0,1.0,0.0,0.0,0.0,0.0,1.0,0.0,0.0,0.0,1.0,1.0,1.0,0.0,0.0,0.0,1.0,0.0,0.0,,1.0,1.0,1.0,1.0,1.0,1.0,1.0,1.0,0.0,1.0,0.0,0.0,1.0,,0.0,0.0,1.0,,,1.0,0.0,1.0,1.0,1.0,1.0,0.0,0.0,0.0,0.0,1.0,1.0,1.0,0.0,0.0,0.0,,1.0,,,1.0,0.0,0.0,1.0,0.0,1.0,1.0,0.0,0.0,1.0,,0.0,,,,1.0,1.0,1.0,0.0,1.0,0.0,1.0,0.0,1.0,1.0,0.0,1.0,1.0,0.0,1.0,1.0,1.0,1.0,1.0,0.0,0.0,0.0,0.0,1.0,,0.0,0.0,0.0,0.0,,1.0,0.0,1.0,1.0,0.0,1.0,0.0,0.0,1.0,1.0,1.0,1.0,0.0,0.0,1.0,0.0,0.0,0.0,0.0,0.0,1.0,0.0,0.0,1.0,1.0,0.0,1.0,1.0,,0.0,1.0,1.0,0.0,1.0,0.0,0.0,1.0,0.0,0.0,0.0,1.0,0.0,0.0,1.0,0.0,0.0,1.0,1.0,1.0,1.0,0.0,1.0,1.0,1.0,,,0.0,0.0,0.0,1.0,0.0,0.0,0.0,1.0,0.0,1.0,1.0,1.0,1.0,1.0,0.0,1.0,0.0,0.0,,,,0.0,0.0,0.0,0.0,0.0,0.0,1.0,0.0,1.0,1.0,0.0,0.0,1.0,0.0,1.0,1.0,0.0,0.0,0.0,0.0,0.0,0.0,0.0,0.0,1.0,1.0,0.0,1.0,0.0,1.0,0.0,1.0,1.0,0.0,1.0,1.0,1.0,1.0,0.0,1.0,0.0,1.0,0.0,0.0,0.0,1.0,1.0,1.0,0.0,0.0,0.0,0.0,0.0,,0.0,1.0,1.0,0.0,0.0,1.0,0.0,0.0,0.0,1.0,,0.0,1.0,0.0,,1.0,1.0,1.0,1.0,,0.0,1.0,0.0,0.0,0.0,0.0,0.0,0.0,1.0,0.0,0.0
Professora Dorinha Seabra Rezende,,,1.0,1.0,1.0,1.0,1.0,1.0,0.0,1.0,,1.0,1.0,0.0,,1.0,1.0,0.0,0.0,1.0,,0.0,0.0,0.0,0.0,1.0,,1.0,,1.0,,,,,,,,,,,,0.0,,1.0,,,,,1.0,,0.0,1.0,0.0,,1.0,0.0,,,0.0,1.0,1.0,1.0,1.0,0.0,,1.0,,1.0,,0.0,0.0,0.0,0.0,1.0,,,,,,1.0,,1.0,1.0,0.0,0.0,,1.0,,1.0,1.0,,1.0,0.0,1.0,1.0,1.0,1.0,,,0.0,0.0,0.0,1.0,1.0,1.0,1.0,0.0,0.0,1.0,1.0,1.0,,0.0,1.0,,1.0,0.0,0.0,0.0,0.0,1.0,0.0,0.0,0.0,0.0,1.0,0.0,,0.0,0.0,,0.0,1.0,,0.0,1.0,0.0,1.0,1.0,0.0,0.0,0.0,,,,,,,,0.0,0.0,,1.0,,,0.0,,,1.0,1.0,0.0,,1.0,,,0.0,0.0,0.0,1.0,1.0,1.0,0.0,0.0,1.0,0.0,,1.0,,1.0,1.0,1.0,0.0,0.0,0.0,0.0,0.0,1.0,1.0,1.0,1.0,0.0,1.0,0.0,1.0,,0.0,0.0,0.0,,,0.0,1.0,0.0,,0.0,0.0,0.0,0.0,1.0,1.0,,1.0,1.0,0.0,0.0,,1.0,,0.0,1.0,,,0.0,,,0.0,,1.0,1.0,0.0,0.0,,,1.0,1.0,1.0,0.0,,1.0,1.0,0.0,1.0,0.0,0.0,,0.0,1.0,0.0,1.0,1.0,1.0,1.0,1.0,0.0,,1.0,0.0,1.0,0.0,1.0,1.0,,1.0,1.0,0.0,0.0,1.0,1.0,1.0,0.0,1.0,0.0,0.0,0.0,0.0,1.0,1.0,0.0,1.0,,1.0,1.0,1.0,1.0,0.0,,0.0,0.0,,1.0,1.0,0.0,0.0,,1.0,,1.0,1.0,1.0,0.0,0.0,1.0,1.0,1.0,,0.0,0.0,1.0,0.0,0.0,0.0,0.0,1.0,,,1.0,0.0,1.0,0.0,1.0,0.0,1.0,1.0,0.0,,1.0,0.0,1.0,1.0,1.0,1.0,1.0,,,0.0,0.0,1.0,0.0,0.0,,,1.0,,,1.0,0.0,0.0,0.0,1.0,0.0,1.0,,,1.0,,0.0,0.0,,1.0,0.0,0.0,,0.0,1.0,0.0,0.0,1.0,,0.0,1.0,1.0,1.0,0.0,,,0.0,,0.0,0.0,1.0,0.0,1.0,0.0,0.0,0.0,0.0,1.0,0.0,0.0,1.0,1.0,1.0,1.0,0.0,1.0,,1.0,0.0,0.0,0.0,0.0,0.0,1.0,,,0.0,1.0,0.0,1.0,1.0,1.0,0.0,1.0,0.0,1.0,0.0,0.0,0.0,0.0,1.0,,0.0,0.0,,0.0,0.0,1.0,0.0,1.0,,0.0,,1.0,,1.0,,0.0,0.0,0.0,0.0,,,0.0,,,1.0,0.0,1.0,,0.0,0.0,1.0,1.0,1.0,0.0,1.0,0.0,0.0,,,0.0,0.0,0.0,0.0,,1.0,,1.0,,0.0,0.0,0.0,,0.0,0.0,1.0,1.0,0.0,0.0,1.0,0.0,0.0,0.0,1.0,1.0,0.0,1.0,1.0,0.0,1.0,1.0,1.0,1.0,0.0,0.0,1.0,0.0,,0.0,0.0,,0.0,1.0,,0.0
Professora Marcivania,1.0,1.0,1.0,1.0,1.0,1.0,1.0,1.0,1.0,1.0,1.0,1.0,,0.0,1.0,,1.0,0.0,1.0,1.0,1.0,0.0,1.0,1.0,,1.0,1.0,0.0,,,0.0,0.0,1.0,,,1.0,0.0,1.0,1.0,1.0,1.0,1.0,0.0,0.0,0.0,,0.0,,1.0,0.0,0.0,1.0,,1.0,1.0,0.0,0.0,1.0,0.0,1.0,1.0,1.0,,,,1.0,1.0,,,,1.0,,,0.0,,0.0,1.0,1.0,0.0,1.0,0.0,1.0,1.0,0.0,1.0,,,1.0,1.0,1.0,1.0,1.0,0.0,1.0,1.0,,1.0,1.0,,0.0,0.0,1.0,0.0,1.0,1.0,1.0,0.0,0.0,1.0,1.0,1.0,0.0,0.0,0.0,0.0,0.0,1.0,0.0,1.0,0.0,0.0,1.0,1.0,0.0,1.0,0.0,,1.0,1.0,1.0,0.0,1.0,1.0,1.0,1.0,0.0,0.0,0.0,1.0,0.0,0.0,0.0,1.0,1.0,0.0,1.0,0.0,1.0,,,,,,,,,0.0,,0.0,,,,,,,,1.0,0.0,1.0,1.0,1.0,,,,,0.0,,1.0,0.0,0.0,0.0,0.0,0.0,0.0,0.0,0.0,,0.0,0.0,,1.0,0.0,1.0,1.0,0.0,0.0,1.0,1.0,1.0,1.0,0.0,1.0,,,1.0,1.0,1.0,1.0,0.0,1.0,1.0,1.0,0.0,1.0,1.0,,1.0,1.0,1.0,0.0,0.0,0.0,0.0,1.0,0.0,0.0,0.0,0.0,0.0,1.0,1.0,1.0,1.0,0.0,1.0,0.0,1.0,0.0,1.0,1.0,0.0,1.0,1.0,1.0,1.0,0.0,1.0,1.0,1.0,1.0,,,0.0,1.0,1.0,0.0,1.0,1.0,0.0,1.0,1.0,1.0,1.0,,0.0,0.0,,1.0,0.0,1.0,0.0,1.0,1.0,1.0,1.0,0.0,0.0,1.0,0.0,1.0,0.0,0.0,0.0,0.0,1.0,,1.0,1.0,1.0,1.0,1.0,1.0,,1.0,1.0,0.0,0.0,0.0,1.0,1.0,0.0,1.0,1.0,1.0,1.0,1.0,0.0,0.0,0.0,1.0,1.0,0.0,0.0,,0.0,0.0,1.0,1.0,,,1.0,1.0,1.0,0.0,1.0,0.0,0.0,,1.0,,1.0,0.0,0.0,0.0,1.0,1.0,0.0,1.0,0.0,1.0,1.0,1.0,1.0,1.0,1.0,0.0,0.0,1.0,1.0,0.0,1.0,1.0,1.0,1.0,0.0,1.0,0.0,,1.0,0.0,1.0,0.0,0.0,0.0,0.0,1.0,1.0,0.0,1.0,0.0,,1.0,0.0,1.0,0.0,1.0,0.0,1.0,1.0,0.0,0.0,1.0,1.0,1.0,1.0,0.0,1.0,0.0,0.0,1.0,1.0,1.0,1.0,0.0,0.0,0.0,,,,,,,,1.0,,1.0,,1.0,0.0,0.0,,0.0,,,,1.0,1.0,1.0,1.0,0.0,,,,,,,,,0.0,0.0,1.0,1.0,0.0,,0.0,0.0,1.0,,,,,,,,,,,1.0,1.0,0.0,0.0,1.0,1.0,1.0,0.0,0.0,0.0,0.0,1.0,1.0,1.0,1.0,1.0,,1.0,0.0,0.0,0.0,1.0,1.0,0.0,1.0,1.0,0.0,1.0,1.0,1.0,,1.0,1.0,1.0,1.0,1.0,0.0,1.0,0.0,1.0,1.0,0.0,1.0,0.0,0.0,1.0,1.0,1.0,0.0,1.0,0.0,0.0,0.0,0.0,0.0,1.0,0.0,1.0
Professora Rosa Neide,1.0,1.0,1.0,1.0,1.0,1.0,1.0,1.0,1.0,,1.0,1.0,1.0,0.0,1.0,1.0,1.0,,1.0,1.0,1.0,0.0,1.0,1.0,,1.0,1.0,0.0,1.0,0.0,,,,,,,,1.0,1.0,1.0,,1.0,0.0,0.0,,,,1.0,,1.0,0.0,1.0,0.0,1.0,1.0,0.0,0.0,1.0,,1.0,1.0,1.0,0.0,,,0.0,0.0,,,,,,,,,,1.0,,,1.0,,,1.0,0.0,1.0,,1.0,1.0,1.0,1.0,1.0,1.0,0.0,1.0,1.0,1.0,1.0,1.0,,0.0,0.0,1.0,0.0,1.0,1.0,1.0,0.0,0.0,1.0,1.0,1.0,0.0,0.0,0.0,0.0,0.0,1.0,0.0,1.0,1.0,0.0,1.0,1.0,0.0,1.0,0.0,0.0,1.0,1.0,1.0,0.0,1.0,1.0,1.0,1.0,0.0,0.0,0.0,1.0,0.0,1.0,0.0,1.0,1.0,0.0,1.0,0.0,1.0,,,,,,,1.0,,0.0,,,0.0,,0.0,,,,,1.0,0.0,1.0,1.0,1.0,0.0,,,,,0.0,,0.0,0.0,0.0,0.0,0.0,0.0,0.0,,0.0,0.0,0.0,0.0,1.0,0.0,1.0,0.0,1.0,0.0,1.0,1.0,1.0,1.0,0.0,1.0,,,1.0,1.0,1.0,1.0,0.0,1.0,1.0,1.0,0.0,1.0,1.0,0.0,0.0,1.0,1.0,0.0,0.0,0.0,0.0,1.0,0.0,0.0,0.0,0.0,0.0,1.0,1.0,,1.0,0.0,0.0,0.0,1.0,0.0,1.0,1.0,0.0,1.0,1.0,1.0,1.0,0.0,1.0,1.0,1.0,,1.0,1.0,0.0,1.0,1.0,0.0,1.0,1.0,0.0,1.0,0.0,1.0,0.0,0.0,0.0,0.0,1.0,1.0,,1.0,0.0,1.0,1.0,1.0,1.0,0.0,0.0,1.0,0.0,1.0,0.0,0.0,0.0,0.0,1.0,1.0,1.0,1.0,0.0,0.0,0.0,1.0,,1.0,0.0,0.0,0.0,1.0,0.0,1.0,0.0,1.0,1.0,1.0,1.0,1.0,0.0,0.0,0.0,1.0,1.0,0.0,0.0,0.0,0.0,0.0,1.0,1.0,1.0,0.0,1.0,0.0,0.0,1.0,1.0,0.0,0.0,1.0,1.0,0.0,0.0,0.0,1.0,1.0,1.0,1.0,0.0,1.0,0.0,,1.0,1.0,1.0,1.0,0.0,0.0,0.0,1.0,1.0,0.0,1.0,1.0,1.0,,0.0,1.0,0.0,1.0,1.0,0.0,1.0,0.0,,0.0,1.0,0.0,0.0,0.0,1.0,0.0,,,0.0,1.0,0.0,1.0,1.0,1.0,1.0,0.0,0.0,1.0,0.0,1.0,1.0,0.0,1.0,0.0,1.0,1.0,1.0,1.0,1.0,0.0,0.0,0.0,,,,,,,1.0,1.0,,1.0,0.0,1.0,0.0,0.0,0.0,0.0,0.0,,,,1.0,1.0,1.0,0.0,,,,,,,,,0.0,,1.0,1.0,0.0,1.0,0.0,0.0,1.0,,,,,,,,,,,,1.0,0.0,0.0,1.0,1.0,1.0,0.0,0.0,0.0,0.0,1.0,1.0,1.0,1.0,0.0,,0.0,0.0,0.0,0.0,1.0,1.0,0.0,1.0,1.0,0.0,0.0,1.0,,1.0,1.0,1.0,,0.0,1.0,0.0,1.0,0.0,1.0,1.0,0.0,1.0,0.0,0.0,1.0,1.0,1.0,0.0,1.0,0.0,0.0,0.0,0.0,0.0,1.0,0.0,1.0
RRenato Queiroz,,,,,,,,1.0,0.0,,,,,,,,,,,,,,,,,,,,,,,,,,,,,,,,,,,,,1.0,0.0,1.0,,,,,,,,,,,,,,,,,,,,,,,,,,,,,,,,,,,,,,,,,,,,,,,,,,,,,,,,,,,,,,,,,,,,,,,,,,,,,,,,,,,,,,,,,,,,,,,,,,,,,,,,,,,,,,,,,,,,,,,,,,,,,,,,,,,,,,,,,,,,,,,,,,,,,,,,,,,,,,,,,,,,,,,,,,,,,,,,,,,,,,,,,,,,,,,,,,,,,,,,,,,,,,,,,,,,,,,,,,,,,,,,,,,,,,,,,,,,,,,,,,,,,,,,,,,,,,,,,,,,,,,,,,,,,,,,,,,,,,,,,,,,,,,,,,,,,,,,,,,,,,,,,,,,,,,,,,,,,,,,,,,,,,,,,,,,,,,,,,,,,,,,,,,,,,,,,,,,,,,,,,,,,,,,,,,,,,,,,,,,,,,,,,,,,,,,,,,,,,,,,,,,,,,,,,,,,,,,,,,,,,,,,,,,,,,,,,,,,,,,,,,,,,,,,,,,,,,,,
Rafael Motta,1.0,1.0,1.0,1.0,1.0,1.0,1.0,1.0,1.0,1.0,,1.0,0.0,1.0,1.0,,0.0,1.0,1.0,1.0,1.0,0.0,,1.0,,,,,,,0.0,1.0,,,,0.0,1.0,1.0,0.0,,1.0,,,0.0,0.0,,1.0,1.0,1.0,,,1.0,,,1.0,0.0,0.0,0.0,0.0,1.0,1.0,1.0,,,0.0,0.0,1.0,0.0,0.0,,0.0,,0.0,,0.0,1.0,1.0,0.0,1.0,,1.0,1.0,1.0,0.0,1.0,,1.0,1.0,1.0,1.0,,1.0,,1.0,1.0,1.0,1.0,,,,,1.0,0.0,1.0,1.0,1.0,0.0,0.0,1.0,1.0,1.0,0.0,0.0,1.0,0.0,0.0,1.0,1.0,0.0,0.0,1.0,0.0,,0.0,1.0,,0.0,,1.0,1.0,0.0,1.0,1.0,1.0,1.0,0.0,0.0,0.0,1.0,0.0,,0.0,,,,,,,0.0,,,,,,,,1.0,,0.0,0.0,,0.0,0.0,0.0,0.0,,1.0,,1.0,,1.0,0.0,,,,,,,0.0,0.0,0.0,0.0,0.0,0.0,0.0,0.0,0.0,0.0,0.0,0.0,1.0,0.0,1.0,1.0,,,1.0,,,,0.0,,,,1.0,1.0,1.0,1.0,0.0,1.0,1.0,,0.0,1.0,1.0,,1.0,1.0,1.0,0.0,0.0,0.0,0.0,1.0,0.0,0.0,0.0,0.0,0.0,,1.0,1.0,1.0,0.0,1.0,0.0,1.0,,1.0,1.0,0.0,1.0,,1.0,1.0,0.0,,1.0,1.0,1.0,1.0,0.0,0.0,1.0,1.0,,,1.0,0.0,1.0,0.0,1.0,1.0,1.0,0.0,0.0,1.0,0.0,1.0,1.0,0.0,1.0,1.0,1.0,,0.0,1.0,1.0,0.0,1.0,0.0,0.0,0.0,0.0,0.0,0.0,0.0,0.0,1.0,1.0,1.0,,,1.0,1.0,0.0,0.0,,0.0,1.0,0.0,1.0,0.0,1.0,1.0,,,1.0,0.0,1.0,1.0,0.0,0.0,0.0,0.0,0.0,1.0,1.0,1.0,0.0,1.0,1.0,1.0,,1.0,0.0,0.0,,1.0,1.0,,0.0,0.0,0.0,1.0,1.0,0.0,,,1.0,1.0,1.0,1.0,1.0,1.0,0.0,0.0,1.0,1.0,,1.0,1.0,1.0,1.0,0.0,1.0,0.0,1.0,1.0,,1.0,1.0,,1.0,1.0,0.0,0.0,1.0,1.0,0.0,0.0,0.0,0.0,1.0,0.0,1.0,,0.0,0.0,0.0,0.0,1.0,1.0,1.0,1.0,0.0,1.0,1.0,1.0,1.0,1.0,1.0,,0.0,0.0,,1.0,,,,,,,1.0,,1.0,0.0,1.0,0.0,,0.0,,0.0,,,,1.0,1.0,1.0,,,,,,,,,,0.0,,,,0.0,1.0,0.0,0.0,1.0,,,,,,,,,,,1.0,1.0,0.0,,,1.0,1.0,0.0,0.0,0.0,0.0,1.0,1.0,,,1.0,,1.0,0.0,,,1.0,1.0,0.0,,1.0,0.0,1.0,1.0,1.0,1.0,,,,,,,,0.0,,1.0,,,0.0,,1.0,1.0,1.0,,1.0,,,0.0,0.0,0.0,1.0,,1.0
Rafafá,,,,,,,,,,,,,,,,,,,,,,,,,,,,,,,,,,,,,,,,,,,,,,,,,,,,,0.0,1.0,,,,1.0,,,,,,,,,,,,,,,,,,,,,,1.0,,,,,,,,,,1.0,1.0,1.0,,,,1.0,,,,,,,,,,,,,,,,,,,,,,,,,,,,,,,,,,,,,,,,,,,,,,,,,,,,,,,,,,,,,,,,,,,,,,,,,,,,,,,,,,,,,,,,,,,,,,,,,,,,,,,,,,,,,,,,,,,,,,,,,,,,,,,,,,,,,,,,,,,,,,,,,,,,,,,,,,,,,,,,,,,,,,,,,,,,,,,,,,,,,,,,,,,,,,,,,,,,,,,,,,,,,,,,,,,,,,,,,,,,,,,,,,,,,,,,,,,,,,,,,,,,,,,,,,,,,,,,,,,,,,,,,,,,,,,,,,,,,,,,,,,,,,,,,,,,,,,,,,,,,,,,,,,,,,,,,,,,,,,,,,,,,,,,,,,,,,,,,,,,,,,,,,,,,,,,,,,,,,,,,,,,,,,,,,,,,,,,,,,,,,,,,,,,,,,,,,,,,,,,,,,,,,,,,
Raimundo Costa,0.0,1.0,1.0,0.0,1.0,1.0,1.0,,,1.0,0.0,1.0,0.0,1.0,,,1.0,1.0,1.0,1.0,,,,1.0,0.0,1.0,0.0,1.0,0.0,,0.0,1.0,0.0,0.0,0.0,0.0,1.0,1.0,0.0,0.0,0.0,0.0,0.0,1.0,0.0,1.0,0.0,1.0,1.0,0.0,0.0,1.0,0.0,,,,0.0,1.0,0.0,1.0,,1.0,1.0,0.0,0.0,1.0,1.0,,,,0.0,0.0,0.0,1.0,0.0,1.0,1.0,0.0,1.0,1.0,,1.0,1.0,0.0,0.0,,1.0,,1.0,,1.0,1.0,1.0,0.0,1.0,1.0,,1.0,,,,,,1.0,1.0,1.0,,0.0,1.0,1.0,1.0,0.0,0.0,,1.0,1.0,,0.0,,,,,,0.0,0.0,1.0,1.0,,,,1.0,0.0,0.0,0.0,0.0,1.0,1.0,1.0,1.0,0.0,0.0,0.0,1.0,0.0,0.0,1.0,,1.0,1.0,0.0,0.0,,,0.0,0.0,0.0,1.0,0.0,1.0,1.0,0.0,0.0,1.0,,1.0,0.0,0.0,0.0,1.0,1.0,1.0,0.0,0.0,1.0,,0.0,1.0,1.0,1.0,1.0,1.0,1.0,0.0,0.0,1.0,1.0,1.0,1.0,1.0,,,0.0,0.0,1.0,0.0,,0.0,0.0,1.0,1.0,,1.0,0.0,,0.0,0.0,0.0,0.0,1.0,0.0,0.0,0.0,,,,0.0,1.0,,0.0,,1.0,1.0,,0.0,1.0,1.0,,,1.0,0.0,,,0.0,1.0,1.0,1.0,0.0,1.0,0.0,,1.0,0.0,0.0,0.0,1.0,1.0,0.0,0.0,0.0,,,1.0,1.0,0.0,,1.0,0.0,1.0,,1.0,1.0,1.0,1.0,1.0,1.0,,1.0,,1.0,1.0,1.0,0.0,,0.0,0.0,1.0,0.0,0.0,,0.0,,,,,,0.0,0.0,0.0,1.0,1.0,1.0,0.0,0.0,,1.0,1.0,,,1.0,0.0,1.0,0.0,1.0,0.0,,,0.0,1.0,0.0,,0.0,,1.0,,,,,1.0,0.0,1.0,0.0,1.0,1.0,0.0,1.0,1.0,1.0,1.0,1.0,1.0,1.0,1.0,,,0.0,,,0.0,0.0,0.0,0.0,0.0,1.0,1.0,1.0,1.0,1.0,0.0,0.0,0.0,1.0,0.0,1.0,0.0,,0.0,0.0,,0.0,1.0,0.0,,,1.0,0.0,0.0,1.0,1.0,0.0,1.0,1.0,0.0,0.0,,1.0,,,0.0,0.0,0.0,0.0,0.0,0.0,0.0,0.0,0.0,0.0,0.0,0.0,1.0,1.0,0.0,,,,1.0,1.0,0.0,0.0,,0.0,,1.0,0.0,0.0,0.0,,0.0,1.0,1.0,,1.0,1.0,0.0,1.0,,,0.0,0.0,1.0,0.0,0.0,0.0,,0.0,0.0,1.0,0.0,1.0,,,,1.0,,1.0,1.0,,,0.0,0.0,0.0,0.0,0.0,,,,,,,1.0,0.0,0.0,1.0,0.0,,1.0,,1.0,0.0,,0.0,0.0,,,,1.0,,1.0,,,0.0,0.0,0.0,1.0,,1.0,0.0,0.0,0.0,1.0,0.0,0.0,,1.0,1.0,,,1.0,,,1.0,1.0,1.0,,,1.0,0.0,,,,,,,,0.0
Raul Henry,1.0,1.0,1.0,0.0,1.0,1.0,0.0,,,1.0,,1.0,,1.0,0.0,1.0,0.0,1.0,0.0,0.0,1.0,0.0,0.0,1.0,0.0,,0.0,0.0,0.0,,0.0,1.0,0.0,0.0,0.0,0.0,1.0,0.0,0.0,1.0,0.0,0.0,0.0,1.0,0.0,1.0,0.0,1.0,1.0,0.0,,1.0,0.0,1.0,1.0,0.0,0.0,1.0,0.0,1.0,1.0,1.0,1.0,0.0,0.0,,0.0,1.0,0.0,0.0,0.0,0.0,0.0,1.0,0.0,1.0,1.0,0.0,1.0,1.0,0.0,1.0,1.0,0.0,0.0,,1.0,1.0,1.0,1.0,,1.0,1.0,0.0,1.0,1.0,1.0,1.0,,0.0,0.0,1.0,1.0,1.0,1.0,1.0,0.0,0.0,1.0,1.0,1.0,0.0,0.0,1.0,1.0,1.0,0.0,1.0,0.0,0.0,1.0,0.0,0.0,,0.0,1.0,0.0,1.0,1.0,0.0,1.0,0.0,1.0,0.0,0.0,1.0,1.0,1.0,1.0,,0.0,1.0,1.0,0.0,0.0,1.0,0.0,1.0,1.0,0.0,0.0,1.0,1.0,0.0,0.0,0.0,1.0,0.0,1.0,1.0,0.0,0.0,1.0,0.0,1.0,0.0,0.0,0.0,1.0,1.0,1.0,1.0,0.0,1.0,0.0,,1.0,1.0,1.0,1.0,1.0,1.0,0.0,1.0,1.0,1.0,1.0,1.0,1.0,1.0,0.0,1.0,1.0,1.0,0.0,0.0,0.0,0.0,1.0,1.0,0.0,1.0,0.0,,0.0,,0.0,0.0,1.0,0.0,0.0,,0.0,1.0,0.0,0.0,1.0,0.0,0.0,1.0,1.0,1.0,1.0,0.0,1.0,,1.0,1.0,1.0,0.0,0.0,0.0,0.0,1.0,1.0,1.0,0.0,1.0,0.0,0.0,0.0,0.0,1.0,1.0,0.0,1.0,0.0,0.0,1.0,1.0,1.0,,0.0,0.0,1.0,1.0,0.0,1.0,0.0,1.0,1.0,1.0,1.0,1.0,1.0,1.0,1.0,0.0,1.0,0.0,1.0,0.0,0.0,0.0,0.0,1.0,1.0,0.0,1.0,0.0,1.0,1.0,1.0,1.0,0.0,0.0,0.0,0.0,1.0,,1.0,0.0,0.0,0.0,1.0,1.0,1.0,1.0,1.0,1.0,1.0,1.0,0.0,1.0,1.0,0.0,0.0,1.0,,,0.0,0.0,1.0,1.0,1.0,1.0,0.0,1.0,0.0,1.0,0.0,1.0,1.0,0.0,0.0,1.0,1.0,1.0,1.0,1.0,1.0,1.0,0.0,0.0,0.0,0.0,1.0,0.0,0.0,0.0,0.0,0.0,1.0,1.0,1.0,1.0,1.0,1.0,0.0,,0.0,,1.0,1.0,1.0,0.0,0.0,,0.0,0.0,0.0,,0.0,1.0,0.0,,1.0,0.0,0.0,0.0,1.0,0.0,1.0,1.0,1.0,0.0,1.0,0.0,0.0,1.0,0.0,0.0,0.0,0.0,0.0,0.0,1.0,1.0,0.0,1.0,1.0,1.0,1.0,0.0,1.0,1.0,1.0,0.0,0.0,0.0,0.0,0.0,1.0,0.0,0.0,0.0,1.0,0.0,1.0,0.0,0.0,,1.0,1.0,1.0,0.0,0.0,1.0,0.0,1.0,0.0,0.0,0.0,0.0,0.0,0.0,1.0,0.0,1.0,1.0,0.0,0.0,1.0,0.0,1.0,1.0,0.0,0.0,0.0,0.0,0.0,0.0,0.0,0.0,1.0,1.0,0.0,1.0,0.0,1.0,0.0,0.0,1.0,1.0,1.0,1.0,1.0,0.0,0.0,1.0,0.0,1.0,0.0,,,,,,,,,,1.0,0.0,0.0,1.0,1.0,0.0,0.0,1.0,0.0,0.0,0.0,1.0,1.0,0.0,1.0,,0.0,1.0,1.0,1.0,1.0,,0.0,1.0,0.0,0.0,0.0,0.0,0.0,,1.0,0.0,0.0
Reginaldo Lopes,,,1.0,1.0,1.0,1.0,1.0,1.0,1.0,1.0,,1.0,1.0,0.0,1.0,,,,1.0,1.0,,0.0,,1.0,,1.0,,0.0,,,,,,,,,,1.0,,,,,0.0,0.0,,1.0,0.0,1.0,1.0,0.0,,,0.0,1.0,1.0,0.0,0.0,,,1.0,1.0,,,,,0.0,1.0,1.0,,,,,,,,,,,,1.0,,1.0,1.0,0.0,1.0,,1.0,1.0,1.0,1.0,,1.0,0.0,1.0,1.0,,,1.0,,0.0,,1.0,,1.0,1.0,1.0,0.0,0.0,1.0,1.0,1.0,0.0,0.0,,0.0,0.0,1.0,0.0,1.0,1.0,0.0,,1.0,,1.0,0.0,,1.0,,1.0,0.0,1.0,1.0,1.0,,0.0,0.0,0.0,1.0,0.0,1.0,0.0,,,1.0,1.0,,,,,,,,,1.0,,0.0,,,,,0.0,,,,,1.0,0.0,1.0,1.0,1.0,0.0,,,,,0.0,,0.0,0.0,0.0,0.0,0.0,0.0,0.0,0.0,0.0,0.0,0.0,0.0,,0.0,1.0,0.0,1.0,0.0,1.0,,1.0,1.0,0.0,1.0,,,1.0,,,,,1.0,1.0,,0.0,1.0,1.0,0.0,0.0,,,0.0,,0.0,0.0,1.0,0.0,0.0,0.0,0.0,0.0,1.0,1.0,1.0,1.0,0.0,0.0,0.0,1.0,0.0,1.0,1.0,0.0,1.0,,1.0,0.0,0.0,1.0,1.0,1.0,1.0,1.0,1.0,0.0,0.0,1.0,0.0,1.0,1.0,,1.0,,,,,0.0,0.0,1.0,0.0,1.0,1.0,0.0,1.0,1.0,1.0,1.0,0.0,0.0,0.0,0.0,1.0,0.0,0.0,0.0,0.0,1.0,1.0,1.0,1.0,,,0.0,1.0,,1.0,0.0,0.0,,,1.0,1.0,0.0,1.0,1.0,1.0,1.0,1.0,0.0,,0.0,1.0,1.0,0.0,0.0,0.0,0.0,0.0,,1.0,1.0,0.0,1.0,0.0,0.0,0.0,1.0,0.0,0.0,,1.0,0.0,,0.0,1.0,0.0,1.0,,0.0,,1.0,1.0,,1.0,1.0,1.0,0.0,0.0,0.0,1.0,1.0,0.0,1.0,1.0,,,0.0,,0.0,,,0.0,1.0,,0.0,0.0,1.0,0.0,,0.0,,0.0,,,0.0,,0.0,1.0,1.0,,1.0,1.0,0.0,,1.0,1.0,,0.0,1.0,0.0,1.0,1.0,1.0,1.0,1.0,0.0,0.0,0.0,,,,,,,1.0,,,1.0,0.0,1.0,0.0,0.0,0.0,0.0,0.0,,,,1.0,1.0,1.0,0.0,,,,,,,,,0.0,,1.0,,0.0,1.0,0.0,0.0,1.0,,,,,,,,,,,,,0.0,0.0,1.0,1.0,1.0,0.0,0.0,0.0,0.0,1.0,1.0,1.0,,0.0,,0.0,0.0,,0.0,,1.0,,1.0,,0.0,0.0,1.0,,1.0,1.0,1.0,0.0,,1.0,0.0,1.0,,,,,1.0,0.0,0.0,1.0,1.0,1.0,0.0,1.0,0.0,0.0,0.0,0.0,0.0,1.0,0.0,1.0
Reinhold Stephanes,,,,,,,,,,,,,,,,,,,,,,,,,,,,,,,,,,,,,,,,,,,,,,,,,,,,,,,,,,,,,,,,,,,,,,,,,,,,,,,,,,,,,,,,,,,,,,,,,,,,,,0.0,1.0,,,,,,,,,,,1.0,1.0,1.0,,0.0,0.0,,1.0,0.0,0.0,0.0,,,,,,,,,,,,,,,1.0,,,,,,,,,,,,,,,,,,,,,,,,,,,,0.0,0.0,1.0,,,,0.0,1.0,,,1.0,1.0,1.0,1.0,1.0,1.0,1.0,1.0,0.0,1.0,1.0,1.0,1.0,,,1.0,0.0,1.0,0.0,,0.0,0.0,,,,,,,0.0,0.0,0.0,0.0,1.0,0.0,0.0,,,,,,,,,,,,,,,,,,,0.0,0.0,,,,,,,,,,,,,,,,,,,,,1.0,1.0,,,,0.0,,,,,,,,1.0,1.0,,,,0.0,,,,,,,,,,,,,,,,,,,,,,,,,,,,,1.0,,,0.0,,,,,0.0,1.0,0.0,,0.0,,,1.0,1.0,,0.0,,,1.0,,,,,1.0,,1.0,1.0,,1.0,1.0,1.0,,,,,,,0.0,0.0,,,,1.0,1.0,1.0,1.0,0.0,0.0,0.0,0.0,1.0,,,,,,,0.0,,0.0,0.0,,1.0,0.0,0.0,1.0,1.0,0.0,1.0,1.0,0.0,,,,,1.0,0.0,0.0,,,,,,,,,,,,,,,0.0,1.0,1.0,,0.0,0.0,0.0,,,,0.0,,,,0.0,1.0,1.0,1.0,1.0,1.0,,,0.0,0.0,0.0,0.0,1.0,,0.0,0.0,0.0,,,,0.0,,,,0.0,,,1.0,,,0.0,0.0,0.0,0.0,0.0,,0.0,,1.0,0.0,1.0,0.0,1.0,,0.0,,0.0,,,,1.0,0.0,1.0,0.0,0.0,,0.0,,1.0,1.0,1.0,,0.0,,0.0,1.0,0.0,0.0,,,0.0,0.0,1.0,0.0,0.0,0.0,1.0,1.0,0.0,,0.0,0.0,1.0,1.0,,0.0,,,,,,,,,,,,0.0
Reinhold Stephanes Junior,,,,,,,,,,0.0,,,0.0,1.0,0.0,1.0,0.0,1.0,0.0,0.0,1.0,,,,0.0,,0.0,1.0,0.0,1.0,0.0,1.0,0.0,0.0,0.0,0.0,1.0,0.0,0.0,,0.0,0.0,0.0,1.0,0.0,,,,,,,,,,0.0,1.0,1.0,1.0,0.0,1.0,1.0,,1.0,0.0,,1.0,,1.0,0.0,0.0,,0.0,,1.0,,,,,,1.0,1.0,1.0,1.0,0.0,,,,,1.0,0.0,,1.0,,0.0,,1.0,,,,,,,,,,,,,,,,,,,,,,,,,,,,,,,,,,,,,,,,,,,,,,,,,,,,,1.0,0.0,0.0,1.0,1.0,0.0,0.0,0.0,1.0,0.0,1.0,1.0,0.0,,1.0,,1.0,,,,,0.0,0.0,,,,,,,,,,,,,,,,,,,,,,,,,,,,1.0,,,,0.0,,,,,,,,,,,,,,,,,,,,,,,,,,,,,,,,,,,,,,,,,,,,,,,,,,,,,,,,,,,,,,,,,,,,,,,,,,,,,,,,,,,,,,,,,,,,,,,,,,,,,,,,,,,,,,,,,,,,,,,,,,,,,,,,,,,,,,,,,,,,,,,,,,,,,,,,,,,,,,,,,,,,,,,,,,,,,,,,,,,,,,,,,,,,,,,,,,,,,,,,,,,,,,,,,,,,,,,,,,,,,,,,,,,,,,,,,,,,,,,,,,,,,,,,,,,,,,,,,,,,,,,,,,,,,,,,,,,,,,,,,,,,,,,,,,,,,,,,,,,,,,
Rejane Dias,0.0,1.0,1.0,1.0,1.0,1.0,1.0,1.0,1.0,1.0,,1.0,1.0,0.0,1.0,1.0,1.0,0.0,1.0,1.0,,0.0,1.0,1.0,,1.0,1.0,0.0,1.0,0.0,,,,,,,,1.0,1.0,1.0,,1.0,0.0,0.0,,1.0,0.0,1.0,1.0,0.0,0.0,1.0,0.0,1.0,1.0,0.0,0.0,1.0,0.0,1.0,1.0,1.0,0.0,,,0.0,0.0,,,,,,,,,,,,,1.0,,1.0,1.0,0.0,1.0,,1.0,1.0,1.0,1.0,1.0,1.0,0.0,1.0,1.0,1.0,1.0,1.0,,0.0,0.0,1.0,0.0,1.0,1.0,1.0,,0.0,1.0,1.0,1.0,0.0,0.0,0.0,0.0,,,,1.0,1.0,0.0,1.0,1.0,0.0,1.0,0.0,0.0,1.0,0.0,1.0,0.0,1.0,1.0,1.0,1.0,0.0,0.0,0.0,1.0,0.0,1.0,0.0,1.0,1.0,0.0,1.0,0.0,0.0,,,,,,,,,0.0,,,0.0,,0.0,,,,,1.0,,1.0,1.0,1.0,0.0,,,,,0.0,,0.0,0.0,0.0,0.0,,0.0,,,,0.0,0.0,0.0,1.0,0.0,1.0,0.0,1.0,0.0,1.0,1.0,,,0.0,1.0,,,1.0,1.0,1.0,1.0,0.0,1.0,1.0,1.0,0.0,1.0,1.0,0.0,0.0,1.0,1.0,0.0,,0.0,0.0,1.0,0.0,0.0,0.0,0.0,0.0,1.0,1.0,1.0,1.0,0.0,0.0,0.0,1.0,0.0,1.0,1.0,0.0,1.0,1.0,1.0,1.0,0.0,1.0,1.0,1.0,1.0,1.0,,0.0,0.0,0.0,0.0,1.0,1.0,0.0,1.0,0.0,1.0,1.0,1.0,0.0,0.0,1.0,1.0,0.0,1.0,0.0,1.0,,1.0,1.0,0.0,0.0,,0.0,,0.0,0.0,0.0,0.0,1.0,1.0,1.0,1.0,0.0,0.0,0.0,,,1.0,1.0,,,1.0,0.0,1.0,0.0,1.0,1.0,1.0,1.0,1.0,0.0,1.0,0.0,1.0,1.0,0.0,0.0,0.0,0.0,0.0,1.0,1.0,1.0,0.0,1.0,0.0,0.0,0.0,1.0,,0.0,,1.0,0.0,0.0,0.0,1.0,1.0,1.0,1.0,0.0,1.0,0.0,1.0,1.0,1.0,1.0,1.0,0.0,0.0,0.0,1.0,1.0,0.0,1.0,,1.0,,0.0,,0.0,1.0,1.0,0.0,1.0,0.0,0.0,0.0,1.0,0.0,0.0,0.0,1.0,0.0,,,0.0,1.0,0.0,1.0,1.0,1.0,1.0,0.0,0.0,1.0,1.0,1.0,1.0,0.0,1.0,0.0,1.0,1.0,1.0,1.0,1.0,0.0,0.0,,,,,,,,1.0,1.0,,1.0,0.0,1.0,0.0,1.0,0.0,0.0,0.0,,,,1.0,1.0,,0.0,,,,,,,,,0.0,,1.0,1.0,0.0,1.0,0.0,0.0,1.0,,,,,,,,,,,,1.0,0.0,0.0,1.0,1.0,1.0,0.0,0.0,0.0,0.0,1.0,1.0,1.0,1.0,0.0,0.0,0.0,0.0,0.0,0.0,,1.0,0.0,1.0,1.0,0.0,0.0,1.0,1.0,1.0,1.0,,0.0,0.0,1.0,0.0,1.0,0.0,1.0,0.0,,,0.0,0.0,1.0,1.0,1.0,0.0,1.0,0.0,0.0,0.0,0.0,0.0,1.0,0.0,0.0
Renata Abreu,,,,,,,,1.0,0.0,1.0,1.0,1.0,0.0,1.0,0.0,0.0,0.0,1.0,0.0,1.0,0.0,,,1.0,,1.0,1.0,,,,0.0,1.0,0.0,,,,1.0,1.0,,0.0,0.0,0.0,0.0,1.0,,,,,1.0,0.0,0.0,1.0,0.0,1.0,1.0,0.0,0.0,1.0,,1.0,,,1.0,0.0,,,,0.0,,1.0,0.0,,0.0,,,,1.0,1.0,,1.0,0.0,,,,0.0,,1.0,1.0,1.0,1.0,,1.0,0.0,1.0,1.0,1.0,1.0,1.0,,,,0.0,1.0,1.0,1.0,1.0,0.0,0.0,1.0,,,0.0,0.0,1.0,1.0,1.0,0.0,0.0,0.0,0.0,1.0,0.0,0.0,1.0,,,,,,,,,,,,,,,,,,,,,,,,,1.0,,,,,,,,1.0,0.0,1.0,1.0,,,,,,,,0.0,,1.0,1.0,,,,,,,,,,,,,,,,,,,,,,,0.0,,,,,1.0,,,,0.0,,,,,,,,,,,,,,,,,,,,,,,,,,,,,,,,,,,,,,,,1.0,,,,,,,,,,,,,,,,,,,,,,,,,,,,,,,,,,,,,,,,,,,,,,,,,,,,,,,,,,,,,,1.0,0.0,0.0,1.0,0.0,0.0,0.0,0.0,1.0,1.0,1.0,0.0,,,,,,,,,,,,,,,,,,,,,,,,,,,,,,,,,,,,,,,,,,,,,1.0,0.0,0.0,1.0,0.0,0.0,1.0,1.0,0.0,1.0,1.0,0.0,,,,,1.0,,,,,,,,,,,,,,,,,,,1.0,,0.0,0.0,0.0,0.0,0.0,1.0,0.0,0.0,0.0,1.0,0.0,1.0,1.0,1.0,1.0,1.0,0.0,1.0,0.0,0.0,0.0,0.0,1.0,0.0,0.0,0.0,0.0,0.0,0.0,1.0,0.0,1.0,1.0,0.0,0.0,1.0,0.0,1.0,1.0,0.0,0.0,0.0,0.0,0.0,0.0,0.0,0.0,1.0,1.0,0.0,1.0,0.0,0.0,0.0,1.0,1.0,1.0,0.0,1.0,1.0,0.0,0.0,1.0,0.0,0.0,0.0,0.0,0.0,1.0,1.0,1.0,0.0,0.0,0.0,0.0,,1.0,0.0,1.0,1.0,0.0,0.0,1.0,0.0,0.0,0.0,1.0,1.0,0.0,1.0,1.0,0.0,1.0,1.0,1.0,1.0,,,,,,,0.0,0.0,0.0,,,1.0
Renildo Calheiros,,,1.0,1.0,1.0,1.0,1.0,1.0,1.0,1.0,,,0.0,1.0,1.0,1.0,1.0,0.0,1.0,,,0.0,,1.0,,1.0,1.0,0.0,1.0,0.0,,0.0,,1.0,1.0,1.0,0.0,1.0,1.0,1.0,1.0,,0.0,0.0,,0.0,0.0,,1.0,0.0,0.0,,0.0,1.0,1.0,0.0,0.0,1.0,0.0,1.0,1.0,1.0,0.0,,,,1.0,1.0,,1.0,0.0,0.0,0.0,1.0,0.0,1.0,1.0,0.0,1.0,1.0,1.0,1.0,1.0,0.0,1.0,,1.0,1.0,1.0,1.0,1.0,1.0,,1.0,1.0,1.0,1.0,1.0,,0.0,0.0,1.0,0.0,1.0,1.0,1.0,,0.0,1.0,1.0,1.0,0.0,0.0,0.0,0.0,0.0,1.0,0.0,,0.0,0.0,,,0.0,1.0,0.0,0.0,1.0,1.0,,0.0,1.0,1.0,1.0,1.0,0.0,0.0,0.0,1.0,0.0,0.0,0.0,1.0,1.0,0.0,1.0,0.0,0.0,0.0,,,0.0,,,,,0.0,,,,,,,,,,1.0,,1.0,1.0,,0.0,,0.0,,,,1.0,0.0,0.0,0.0,0.0,0.0,0.0,0.0,0.0,0.0,0.0,0.0,0.0,1.0,0.0,1.0,1.0,0.0,0.0,1.0,1.0,1.0,,0.0,1.0,,,1.0,1.0,1.0,1.0,0.0,1.0,1.0,1.0,0.0,1.0,1.0,0.0,1.0,1.0,1.0,0.0,0.0,0.0,0.0,1.0,0.0,0.0,0.0,0.0,0.0,1.0,1.0,,1.0,0.0,1.0,0.0,1.0,0.0,1.0,1.0,0.0,,1.0,1.0,1.0,0.0,1.0,1.0,1.0,1.0,1.0,1.0,0.0,1.0,1.0,0.0,1.0,1.0,0.0,1.0,1.0,1.0,1.0,1.0,0.0,0.0,1.0,1.0,0.0,1.0,0.0,1.0,1.0,1.0,1.0,0.0,0.0,1.0,0.0,1.0,0.0,0.0,0.0,0.0,1.0,1.0,1.0,1.0,0.0,1.0,1.0,1.0,0.0,1.0,1.0,0.0,,,1.0,1.0,0.0,1.0,1.0,1.0,1.0,1.0,0.0,0.0,0.0,1.0,1.0,0.0,0.0,0.0,0.0,0.0,1.0,1.0,1.0,0.0,1.0,0.0,1.0,0.0,1.0,0.0,0.0,1.0,1.0,1.0,1.0,0.0,0.0,0.0,1.0,1.0,0.0,1.0,0.0,1.0,1.0,1.0,1.0,1.0,0.0,0.0,0.0,1.0,1.0,0.0,1.0,1.0,,1.0,0.0,1.0,0.0,,1.0,0.0,1.0,0.0,0.0,0.0,0.0,1.0,1.0,0.0,1.0,0.0,,1.0,0.0,1.0,0.0,1.0,0.0,1.0,1.0,0.0,0.0,1.0,1.0,1.0,1.0,0.0,1.0,0.0,0.0,1.0,1.0,1.0,1.0,0.0,0.0,0.0,,,,,,,1.0,1.0,,1.0,0.0,,,,,,,,,1.0,1.0,1.0,1.0,0.0,,,,,,,,,0.0,,1.0,1.0,0.0,1.0,0.0,0.0,1.0,,,,,,,,,,,1.0,1.0,0.0,0.0,1.0,1.0,1.0,0.0,0.0,0.0,0.0,1.0,1.0,0.0,1.0,1.0,1.0,1.0,0.0,,0.0,1.0,1.0,0.0,1.0,1.0,0.0,1.0,1.0,1.0,1.0,1.0,1.0,1.0,1.0,1.0,0.0,1.0,0.0,1.0,1.0,0.0,1.0,0.0,,1.0,1.0,1.0,0.0,1.0,0.0,0.0,0.0,0.0,0.0,1.0,0.0,1.0
Ricardo Barros,0.0,,1.0,0.0,1.0,1.0,1.0,1.0,0.0,1.0,0.0,1.0,0.0,,0.0,1.0,0.0,1.0,0.0,0.0,1.0,0.0,,,,,0.0,1.0,0.0,1.0,,1.0,0.0,,,0.0,1.0,0.0,0.0,0.0,0.0,1.0,0.0,1.0,0.0,1.0,0.0,1.0,1.0,,,1.0,,,,,,1.0,0.0,0.0,1.0,,,,,1.0,1.0,1.0,0.0,0.0,0.0,,,1.0,,,1.0,,1.0,,1.0,,,,,,,,1.0,1.0,1.0,1.0,1.0,0.0,0.0,0.0,1.0,1.0,,,,0.0,1.0,1.0,1.0,1.0,,0.0,1.0,1.0,1.0,0.0,0.0,,1.0,1.0,0.0,0.0,0.0,0.0,1.0,0.0,0.0,,0.0,1.0,0.0,0.0,0.0,,1.0,,0.0,,0.0,1.0,1.0,,1.0,,1.0,1.0,0.0,0.0,1.0,1.0,0.0,1.0,,,0.0,,1.0,0.0,,0.0,1.0,,,,,,,,,,0.0,0.0,,,,,0.0,1.0,0.0,,1.0,1.0,1.0,1.0,1.0,1.0,0.0,,1.0,1.0,1.0,1.0,1.0,1.0,0.0,1.0,0.0,,,0.0,0.0,0.0,1.0,1.0,0.0,1.0,0.0,,0.0,,,0.0,1.0,0.0,0.0,0.0,1.0,1.0,0.0,,1.0,,0.0,1.0,1.0,1.0,1.0,,1.0,,,1.0,1.0,0.0,,0.0,,1.0,1.0,1.0,,,,0.0,1.0,,0.0,0.0,1.0,1.0,,0.0,0.0,1.0,1.0,1.0,0.0,0.0,0.0,,0.0,0.0,,1.0,1.0,,,1.0,1.0,1.0,1.0,1.0,1.0,0.0,1.0,0.0,0.0,0.0,0.0,1.0,0.0,0.0,1.0,,,,,,0.0,0.0,,0.0,1.0,1.0,1.0,0.0,0.0,0.0,1.0,1.0,,,,0.0,1.0,,1.0,0.0,1.0,0.0,0.0,1.0,,0.0,,0.0,1.0,1.0,1.0,1.0,,,0.0,1.0,0.0,1.0,1.0,0.0,1.0,1.0,1.0,1.0,1.0,1.0,1.0,1.0,0.0,0.0,0.0,0.0,,0.0,0.0,0.0,0.0,,,1.0,1.0,1.0,1.0,0.0,0.0,0.0,0.0,1.0,1.0,0.0,,0.0,0.0,,,1.0,0.0,,,1.0,0.0,0.0,1.0,1.0,0.0,1.0,1.0,0.0,0.0,,,0.0,1.0,,0.0,0.0,0.0,0.0,0.0,,0.0,1.0,0.0,0.0,,1.0,1.0,0.0,,0.0,,1.0,1.0,,0.0,0.0,0.0,,,,,0.0,,0.0,1.0,1.0,1.0,1.0,1.0,0.0,1.0,0.0,,0.0,0.0,1.0,0.0,0.0,0.0,0.0,0.0,,1.0,0.0,1.0,,0.0,0.0,1.0,,1.0,,,,0.0,0.0,0.0,0.0,0.0,,1.0,1.0,0.0,1.0,0.0,,0.0,,1.0,0.0,1.0,1.0,1.0,,0.0,1.0,0.0,0.0,0.0,0.0,,1.0,1.0,1.0,0.0,0.0,0.0,0.0,0.0,1.0,,1.0,0.0,,,1.0,,0.0,1.0,0.0,,0.0,1.0,1.0,0.0,,1.0,1.0,1.0,0.0,0.0,1.0,0.0,,,,,,,,
Ricardo Guidi,0.0,0.0,1.0,0.0,,1.0,1.0,1.0,0.0,1.0,0.0,1.0,0.0,1.0,0.0,,,1.0,0.0,0.0,,0.0,0.0,0.0,0.0,1.0,0.0,1.0,0.0,,0.0,1.0,0.0,0.0,0.0,0.0,1.0,1.0,0.0,0.0,0.0,0.0,0.0,1.0,0.0,1.0,0.0,1.0,1.0,0.0,,1.0,,1.0,1.0,0.0,0.0,1.0,,1.0,1.0,1.0,1.0,,,1.0,1.0,0.0,,0.0,0.0,,0.0,1.0,0.0,1.0,1.0,0.0,1.0,,1.0,1.0,1.0,0.0,0.0,,1.0,1.0,,1.0,,,1.0,0.0,0.0,,1.0,1.0,,,,0.0,1.0,0.0,0.0,0.0,0.0,1.0,0.0,0.0,0.0,1.0,1.0,1.0,1.0,1.0,0.0,0.0,0.0,0.0,1.0,0.0,0.0,0.0,0.0,,0.0,0.0,0.0,,,0.0,0.0,0.0,0.0,1.0,1.0,1.0,1.0,0.0,0.0,0.0,1.0,0.0,1.0,1.0,0.0,1.0,1.0,0.0,0.0,1.0,1.0,0.0,0.0,0.0,1.0,0.0,1.0,1.0,0.0,,,0.0,1.0,0.0,0.0,0.0,1.0,1.0,1.0,0.0,0.0,1.0,0.0,,1.0,1.0,1.0,1.0,1.0,1.0,1.0,1.0,1.0,1.0,1.0,1.0,,1.0,0.0,1.0,0.0,1.0,0.0,,0.0,0.0,1.0,0.0,0.0,1.0,0.0,,0.0,0.0,0.0,0.0,1.0,,0.0,0.0,1.0,1.0,0.0,,1.0,,0.0,1.0,1.0,1.0,1.0,0.0,1.0,1.0,1.0,,1.0,0.0,0.0,,0.0,1.0,1.0,1.0,,1.0,0.0,0.0,1.0,0.0,0.0,0.0,1.0,,0.0,0.0,0.0,,1.0,1.0,,0.0,0.0,1.0,0.0,1.0,0.0,1.0,1.0,1.0,1.0,1.0,1.0,1.0,1.0,,1.0,0.0,1.0,,0.0,0.0,0.0,1.0,,0.0,1.0,0.0,1.0,1.0,1.0,1.0,0.0,,,0.0,1.0,1.0,1.0,0.0,0.0,0.0,1.0,1.0,1.0,0.0,1.0,0.0,1.0,0.0,1.0,,1.0,0.0,0.0,1.0,1.0,0.0,0.0,0.0,1.0,1.0,1.0,1.0,,1.0,0.0,1.0,0.0,1.0,1.0,0.0,1.0,1.0,1.0,1.0,1.0,1.0,1.0,1.0,0.0,0.0,0.0,0.0,1.0,,0.0,0.0,0.0,,1.0,1.0,1.0,1.0,1.0,0.0,0.0,,0.0,1.0,,0.0,1.0,0.0,0.0,,0.0,1.0,0.0,,0.0,1.0,0.0,,1.0,1.0,,1.0,1.0,0.0,0.0,,1.0,0.0,1.0,0.0,0.0,,0.0,0.0,0.0,0.0,0.0,,1.0,0.0,,1.0,1.0,1.0,,0.0,1.0,1.0,1.0,,0.0,,0.0,0.0,1.0,,0.0,0.0,,0.0,1.0,1.0,,1.0,1.0,0.0,1.0,,0.0,0.0,,1.0,0.0,0.0,,,0.0,0.0,1.0,0.0,1.0,,,,,0.0,1.0,1.0,0.0,,0.0,,0.0,,,0.0,1.0,1.0,0.0,1.0,,1.0,0.0,0.0,1.0,1.0,1.0,1.0,1.0,1.0,0.0,1.0,0.0,0.0,0.0,,0.0,1.0,1.0,1.0,,0.0,0.0,0.0,1.0,1.0,0.0,1.0,,0.0,0.0,1.0,,0.0,0.0,,1.0,0.0,1.0,0.0,0.0,1.0,1.0,1.0,1.0,,,1.0,0.0,,,,,,,,0.0
Ricardo Izar,0.0,0.0,1.0,0.0,,1.0,1.0,1.0,0.0,1.0,,1.0,0.0,1.0,0.0,1.0,0.0,1.0,0.0,0.0,1.0,,,1.0,0.0,1.0,0.0,0.0,0.0,,,1.0,,,0.0,0.0,1.0,0.0,0.0,0.0,0.0,0.0,0.0,1.0,,,0.0,,,,,,0.0,1.0,1.0,,0.0,1.0,,,1.0,,1.0,0.0,0.0,,1.0,1.0,,,1.0,1.0,1.0,0.0,1.0,0.0,0.0,1.0,0.0,,0.0,1.0,1.0,0.0,0.0,,1.0,,,1.0,,1.0,1.0,0.0,1.0,1.0,1.0,1.0,,,,0.0,1.0,,,,,,,,,,,1.0,1.0,1.0,,0.0,0.0,0.0,1.0,,0.0,0.0,0.0,0.0,1.0,1.0,1.0,1.0,1.0,,,1.0,0.0,,,,1.0,,0.0,0.0,1.0,,0.0,1.0,0.0,1.0,1.0,0.0,0.0,1.0,1.0,0.0,,0.0,1.0,0.0,1.0,1.0,,0.0,1.0,1.0,1.0,0.0,,,1.0,1.0,,,0.0,1.0,0.0,0.0,1.0,1.0,1.0,1.0,1.0,,0.0,1.0,1.0,1.0,1.0,1.0,1.0,,0.0,,1.0,1.0,0.0,0.0,0.0,,1.0,1.0,0.0,,0.0,,0.0,0.0,0.0,0.0,,0.0,0.0,1.0,1.0,0.0,0.0,,0.0,0.0,1.0,1.0,1.0,,1.0,0.0,1.0,0.0,0.0,1.0,1.0,0.0,,,,,,,,,,0.0,1.0,0.0,,,1.0,1.0,0.0,0.0,0.0,,1.0,,,0.0,,1.0,0.0,0.0,0.0,1.0,1.0,1.0,1.0,1.0,1.0,1.0,,1.0,1.0,0.0,1.0,1.0,0.0,0.0,0.0,0.0,,0.0,1.0,1.0,1.0,1.0,1.0,,0.0,0.0,,,1.0,,1.0,0.0,0.0,0.0,1.0,1.0,1.0,,,0.0,1.0,1.0,1.0,0.0,,,0.0,,0.0,0.0,,0.0,1.0,1.0,,1.0,0.0,1.0,0.0,1.0,0.0,1.0,1.0,0.0,1.0,1.0,0.0,1.0,1.0,1.0,1.0,1.0,0.0,0.0,0.0,0.0,1.0,,0.0,,0.0,0.0,1.0,1.0,0.0,1.0,1.0,0.0,0.0,0.0,0.0,1.0,1.0,,1.0,0.0,0.0,1.0,0.0,1.0,0.0,0.0,,1.0,0.0,,1.0,1.0,0.0,1.0,1.0,,,,1.0,0.0,1.0,,,1.0,,0.0,0.0,0.0,0.0,0.0,1.0,0.0,0.0,,1.0,1.0,,0.0,,,1.0,,0.0,0.0,,0.0,1.0,0.0,1.0,0.0,,,1.0,1.0,,1.0,0.0,0.0,1.0,,0.0,,,1.0,0.0,,1.0,1.0,,0.0,,0.0,,,,,,,,,,0.0,0.0,,,,,0.0,,,0.0,1.0,,1.0,,,1.0,0.0,,1.0,,1.0,0.0,1.0,,1.0,1.0,1.0,,0.0,,0.0,1.0,0.0,,,1.0,1.0,,1.0,0.0,0.0,0.0,,,,,,1.0,,,,,,,1.0,,0.0,0.0,1.0,0.0,,,,,,,,0.0
Ricardo Pericar,,,,,,,,,,,,,,,,,,,,,,,,,,0.0,0.0,0.0,1.0,1.0,,,,,,,,,,,,,,,,,,,,,,,,,,,,,,,,,,,,,,0.0,,,,,,,,,,0.0,1.0,,,,,,,,,,,,,,,,,,,,,,,,,,,,,,,,,,,,,,,,,,,,,,,,,,,,,,,,,,,,,,,,,,,,,,,,,,,,,,,,,,,,,,,,,,,,,,,,,,,,,,,,,,,,,,,,,,,,,,,,,,,,,,,,,,,,,,,,,,,,,,,,,,,,,,,,,,,,,,,,,,,,,,,,,,,,,,,,,,,,,,,,,,,,,,,,,,,,,,,,,,,,,,,,,,,,,,,,,,,,,,,,,,,,,,,,,,,,,,,,,,,,,,,,,,,,,,,,,,,,,,,,,,,,,,,,,,,,,,,,,,,,,,,,,,,,,,,,,,,,,,,,,,,,,,,,,,,,,,,,,,,,,,,,,,,,,,,,,,,,,,,,,,,,,,,,,,,,,,,,,,,,,,,,,,,,,,,,,,,,,,,,,,,,,,,,,,,,,,,,,,,,,,,,,,,,,,,,,,,,,,,,,,
Ricardo Silva,,,1.0,1.0,1.0,1.0,1.0,1.0,0.0,1.0,0.0,1.0,,,0.0,,0.0,,0.0,0.0,1.0,,,,,,,,,,,,,,,,,,,,,,,,,,,1.0,,,,,0.0,1.0,1.0,,0.0,1.0,,1.0,,,,,,1.0,,,,,,,,,,,,,,1.0,,,,,,,1.0,1.0,1.0,1.0,1.0,1.0,,,,1.0,1.0,1.0,,,0.0,0.0,1.0,1.0,1.0,1.0,,0.0,1.0,1.0,1.0,0.0,0.0,1.0,1.0,1.0,1.0,0.0,,,,,0.0,0.0,1.0,0.0,0.0,1.0,1.0,1.0,0.0,1.0,1.0,,1.0,0.0,,,1.0,,0.0,0.0,1.0,,1.0,1.0,0.0,1.0,0.0,,,,,,,,,,0.0,0.0,,0.0,0.0,,0.0,0.0,0.0,,1.0,1.0,,0.0,,,,,,,0.0,0.0,0.0,0.0,,,,,,,,0.0,,,,1.0,,,1.0,1.0,,,0.0,1.0,0.0,,1.0,1.0,1.0,1.0,,1.0,1.0,1.0,0.0,1.0,1.0,,1.0,1.0,,0.0,0.0,0.0,0.0,1.0,0.0,0.0,0.0,0.0,0.0,1.0,1.0,1.0,,0.0,,0.0,1.0,0.0,1.0,1.0,0.0,1.0,0.0,1.0,1.0,0.0,,,,,,0.0,0.0,1.0,1.0,,,1.0,,1.0,,,1.0,,0.0,0.0,1.0,0.0,1.0,,0.0,1.0,1.0,1.0,1.0,0.0,0.0,1.0,0.0,1.0,0.0,0.0,0.0,0.0,0.0,0.0,0.0,0.0,1.0,1.0,1.0,0.0,0.0,1.0,1.0,0.0,0.0,,0.0,1.0,1.0,0.0,,1.0,1.0,0.0,0.0,1.0,0.0,0.0,0.0,0.0,1.0,1.0,1.0,1.0,,,,,,,,,,,,,,,,,,0.0,0.0,1.0,1.0,,,,,,,,,,,,,,,,,1.0,1.0,1.0,0.0,,1.0,0.0,1.0,0.0,0.0,1.0,0.0,,,,,0.0,,,0.0,1.0,0.0,1.0,1.0,0.0,0.0,0.0,0.0,0.0,0.0,0.0,0.0,0.0,1.0,1.0,1.0,1.0,1.0,1.0,1.0,0.0,1.0,,1.0,,,0.0,0.0,0.0,1.0,0.0,,,,0.0,1.0,1.0,1.0,,,,,,,,,1.0,0.0,,0.0,,0.0,,1.0,0.0,1.0,1.0,0.0,0.0,1.0,,1.0,1.0,1.0,0.0,0.0,0.0,0.0,0.0,0.0,0.0,1.0,1.0,0.0,1.0,0.0,0.0,0.0,1.0,1.0,1.0,1.0,1.0,1.0,0.0,0.0,1.0,0.0,0.0,0.0,0.0,1.0,1.0,,1.0,0.0,0.0,0.0,0.0,1.0,1.0,0.0,,1.0,0.0,0.0,,0.0,0.0,0.0,1.0,1.0,,1.0,1.0,,,1.0,1.0,1.0,1.0,1.0,1.0,0.0,0.0,0.0,0.0,0.0,0.0,1.0,0.0,0.0
Ricardo Teobaldo,,,1.0,1.0,1.0,1.0,1.0,1.0,0.0,,,,0.0,1.0,1.0,,1.0,0.0,1.0,1.0,1.0,0.0,,,0.0,,0.0,0.0,1.0,1.0,,1.0,0.0,0.0,0.0,0.0,,1.0,0.0,0.0,0.0,0.0,0.0,,,1.0,0.0,1.0,1.0,0.0,,1.0,,1.0,1.0,0.0,0.0,1.0,,1.0,1.0,,1.0,0.0,0.0,1.0,1.0,1.0,0.0,,,,0.0,1.0,,1.0,1.0,1.0,1.0,1.0,,1.0,1.0,0.0,0.0,,,1.0,1.0,1.0,,1.0,0.0,1.0,1.0,1.0,1.0,1.0,,,,0.0,1.0,1.0,1.0,1.0,0.0,0.0,1.0,1.0,1.0,0.0,0.0,,1.0,1.0,0.0,0.0,,0.0,,,,,0.0,1.0,0.0,,,,1.0,,,0.0,0.0,1.0,,1.0,1.0,,0.0,0.0,1.0,0.0,0.0,1.0,,1.0,,,0.0,1.0,1.0,0.0,,0.0,1.0,,,,,,,,,,0.0,0.0,1.0,1.0,1.0,0.0,0.0,1.0,,,1.0,1.0,1.0,1.0,1.0,0.0,1.0,1.0,1.0,1.0,1.0,1.0,1.0,,1.0,1.0,1.0,,,,0.0,0.0,1.0,1.0,0.0,1.0,0.0,,1.0,0.0,0.0,0.0,1.0,0.0,0.0,0.0,1.0,0.0,0.0,0.0,,0.0,0.0,1.0,1.0,1.0,1.0,0.0,,1.0,1.0,,1.0,0.0,,,,1.0,1.0,1.0,0.0,1.0,0.0,0.0,1.0,0.0,,1.0,0.0,1.0,0.0,0.0,1.0,1.0,1.0,,1.0,1.0,0.0,1.0,0.0,1.0,,1.0,1.0,1.0,1.0,1.0,0.0,0.0,1.0,0.0,1.0,1.0,,0.0,0.0,0.0,0.0,,0.0,0.0,,0.0,1.0,1.0,1.0,1.0,0.0,,0.0,0.0,1.0,1.0,1.0,0.0,0.0,,1.0,1.0,1.0,,,0.0,0.0,1.0,,1.0,1.0,0.0,0.0,1.0,0.0,,0.0,0.0,1.0,1.0,,0.0,,1.0,0.0,1.0,0.0,1.0,1.0,1.0,1.0,1.0,1.0,1.0,1.0,1.0,1.0,1.0,0.0,0.0,0.0,0.0,,,0.0,,0.0,0.0,,1.0,1.0,1.0,1.0,1.0,1.0,0.0,0.0,1.0,1.0,1.0,1.0,0.0,0.0,,1.0,0.0,0.0,0.0,0.0,1.0,0.0,0.0,1.0,,,1.0,1.0,1.0,0.0,1.0,1.0,0.0,1.0,1.0,,,0.0,0.0,0.0,0.0,0.0,0.0,0.0,0.0,1.0,,,1.0,,0.0,,1.0,1.0,0.0,0.0,,,,,,0.0,,1.0,0.0,1.0,1.0,1.0,,,,,,,,,1.0,0.0,,0.0,0.0,0.0,0.0,1.0,,1.0,1.0,,,,0.0,,,,0.0,0.0,,0.0,,0.0,0.0,1.0,1.0,0.0,1.0,0.0,,1.0,1.0,1.0,1.0,1.0,1.0,1.0,,0.0,,0.0,0.0,0.0,,,1.0,1.0,1.0,,,,,,,0.0,,1.0,0.0,0.0,1.0,0.0,0.0,0.0,1.0,1.0,0.0,1.0,1.0,,1.0,1.0,1.0,1.0,0.0,0.0,,0.0,,,,,0.0,,,1.0
Ricardo da Karol,1.0,1.0,,,,,,,,1.0,1.0,1.0,1.0,1.0,0.0,1.0,0.0,1.0,0.0,0.0,1.0,,,1.0,,,,,,,,,,,,,,,,,,,,,,0.0,0.0,1.0,1.0,0.0,0.0,1.0,,0.0,1.0,1.0,0.0,1.0,,1.0,1.0,1.0,,,,1.0,0.0,,0.0,0.0,,,,,,,,,,1.0,,,,,,,,,1.0,1.0,1.0,1.0,1.0,0.0,0.0,1.0,,,,,,,,1.0,1.0,1.0,0.0,0.0,1.0,1.0,1.0,0.0,0.0,,,,,,,,,,,,,,,,,,,,,,,,,,,,,,1.0,0.0,0.0,1.0,0.0,1.0,,,,,,,,,,,,,,,,,,,,,,1.0,1.0,,,,,,,,,,,,,,,,,,,,,,,,,,,,,,,,0.0,,,,,,,,,,,,,,,,,,,,,,,,,,,,,,,,,,,,,,,,,,,,,,,,,,,,,,,,,,,,,,,,,,,,,,,,,,,,,,,,,,,,,,,,,,,,,,,,,,,,,,,,,,,,,,,,,,,,,,,,,,,,,,,,,,,,,,,,,,,,,,,,,,,,,,,,,,,,,,,,,,,,,,,,,,,,,,,,,,,,,,,,,,,,,,,,,,,,,,,,,,,,,,,,,,,,,,,,,,,,,,,,,,,,,,,,,,,,,,,,,,,,,,,,,,,,,,,,,,,,,,,,,,,,,,,,,,,,,,,,,,,,,,,,,,,,,,,,,,,,,,
Roberto Alves,,,1.0,0.0,1.0,1.0,1.0,1.0,0.0,,0.0,1.0,,,,,,,,,,,1.0,1.0,0.0,1.0,0.0,0.0,1.0,1.0,0.0,0.0,0.0,0.0,0.0,0.0,1.0,0.0,0.0,0.0,0.0,1.0,0.0,1.0,0.0,1.0,0.0,1.0,1.0,0.0,0.0,1.0,0.0,1.0,1.0,0.0,0.0,1.0,0.0,,,,1.0,,0.0,,,1.0,0.0,0.0,0.0,0.0,0.0,1.0,,1.0,1.0,0.0,1.0,1.0,1.0,1.0,1.0,0.0,1.0,,1.0,,1.0,1.0,1.0,1.0,,,1.0,1.0,,,,,,0.0,1.0,0.0,0.0,0.0,0.0,1.0,1.0,0.0,1.0,1.0,1.0,1.0,1.0,1.0,0.0,0.0,0.0,0.0,1.0,0.0,0.0,0.0,0.0,1.0,1.0,,0.0,0.0,1.0,0.0,0.0,1.0,0.0,1.0,1.0,1.0,1.0,0.0,0.0,0.0,1.0,0.0,0.0,1.0,0.0,1.0,1.0,0.0,0.0,1.0,1.0,0.0,0.0,0.0,1.0,0.0,1.0,1.0,0.0,0.0,1.0,0.0,1.0,0.0,0.0,,1.0,,,0.0,0.0,1.0,0.0,0.0,1.0,1.0,1.0,1.0,1.0,0.0,0.0,0.0,1.0,0.0,1.0,1.0,1.0,1.0,0.0,0.0,0.0,0.0,0.0,0.0,0.0,0.0,1.0,1.0,0.0,1.0,0.0,,0.0,0.0,0.0,0.0,1.0,0.0,0.0,0.0,1.0,1.0,0.0,0.0,1.0,0.0,0.0,1.0,1.0,1.0,1.0,0.0,1.0,1.0,1.0,1.0,1.0,0.0,0.0,0.0,0.0,1.0,1.0,1.0,0.0,1.0,0.0,0.0,1.0,0.0,0.0,1.0,1.0,1.0,0.0,0.0,0.0,1.0,1.0,1.0,1.0,0.0,0.0,1.0,0.0,1.0,0.0,1.0,1.0,1.0,1.0,1.0,1.0,1.0,1.0,1.0,1.0,0.0,1.0,0.0,0.0,0.0,0.0,1.0,0.0,0.0,1.0,0.0,1.0,1.0,1.0,1.0,0.0,,0.0,0.0,1.0,1.0,1.0,1.0,,0.0,1.0,1.0,1.0,0.0,1.0,0.0,1.0,0.0,0.0,0.0,1.0,0.0,0.0,1.0,0.0,0.0,0.0,0.0,1.0,1.0,1.0,1.0,0.0,1.0,0.0,1.0,0.0,1.0,1.0,0.0,1.0,1.0,1.0,1.0,1.0,1.0,1.0,1.0,0.0,0.0,0.0,0.0,1.0,0.0,0.0,0.0,0.0,0.0,,1.0,0.0,1.0,1.0,1.0,1.0,0.0,0.0,1.0,1.0,1.0,1.0,0.0,0.0,1.0,0.0,,0.0,0.0,0.0,1.0,0.0,1.0,1.0,1.0,0.0,1.0,1.0,0.0,0.0,1.0,1.0,0.0,1.0,0.0,0.0,1.0,0.0,0.0,0.0,0.0,0.0,0.0,1.0,0.0,0.0,1.0,1.0,1.0,,0.0,1.0,1.0,1.0,0.0,0.0,0.0,0.0,0.0,1.0,0.0,0.0,0.0,1.0,0.0,1.0,1.0,1.0,0.0,1.0,0.0,1.0,0.0,0.0,0.0,0.0,1.0,0.0,,0.0,0.0,0.0,0.0,1.0,0.0,1.0,,,,1.0,,,,,0.0,0.0,0.0,0.0,0.0,0.0,,1.0,1.0,0.0,1.0,,1.0,0.0,0.0,1.0,0.0,0.0,1.0,1.0,0.0,0.0,1.0,0.0,0.0,0.0,0.0,0.0,1.0,1.0,1.0,0.0,0.0,0.0,0.0,1.0,1.0,0.0,1.0,1.0,0.0,0.0,1.0,0.0,0.0,0.0,1.0,1.0,0.0,1.0,0.0,0.0,1.0,1.0,1.0,1.0,0.0,0.0,1.0,0.0,,,,,,,,0.0
Roberto Pessoa,,,,,,,,,,,,,,,,,,,,,,,,,0.0,1.0,,1.0,1.0,1.0,,,,,0.0,,,1.0,0.0,,,,,,,,,,,,,,,,,,,,0.0,,,,1.0,,0.0,,,1.0,,,0.0,0.0,0.0,1.0,,1.0,,0.0,1.0,,,1.0,1.0,,0.0,,1.0,1.0,,,,,,,,,,,,,,,,,,,,,,,,,,,,,,,,,,,,,,,,,,,,,,,,,,,1.0,0.0,0.0,0.0,,,,,,,,,0.0,,1.0,0.0,0.0,0.0,1.0,0.0,1.0,1.0,,0.0,1.0,1.0,1.0,,,,1.0,,,,,1.0,,0.0,1.0,1.0,1.0,1.0,1.0,1.0,1.0,1.0,1.0,1.0,1.0,1.0,0.0,,0.0,0.0,0.0,,0.0,,0.0,0.0,,,,1.0,,,0.0,0.0,0.0,0.0,1.0,0.0,1.0,,,,,,,,,,,,,,,,,,,,0.0,,0.0,1.0,1.0,,,,,,,,,,,,0.0,0.0,1.0,1.0,1.0,1.0,1.0,,,1.0,0.0,1.0,,1.0,1.0,1.0,1.0,1.0,1.0,1.0,1.0,,,1.0,,,,,,,,,,,,,,,,,,,,,,,,,,,,,,,,1.0,1.0,,,,,,,,,,,,,,0.0,1.0,0.0,,,,,0.0,1.0,1.0,1.0,,1.0,1.0,1.0,1.0,,,,,,,,0.0,,0.0,,1.0,1.0,1.0,0.0,0.0,1.0,,1.0,1.0,,,,,,,,,,,,,,,,,,,,,,,,,,,,,,,,,,,,,,,,,,,,1.0,,0.0,0.0,0.0,0.0,0.0,1.0,0.0,0.0,0.0,1.0,0.0,1.0,0.0,0.0,1.0,0.0,0.0,1.0,,0.0,0.0,0.0,1.0,0.0,0.0,0.0,0.0,0.0,0.0,,0.0,1.0,1.0,,0.0,1.0,,1.0,,0.0,,,,0.0,0.0,0.0,0.0,1.0,1.0,0.0,1.0,0.0,,,,,,,,,,,,,,,,,,,,,,,,,,,,,,,1.0,,,,,0.0,,,,,1.0,1.0,,,,,,,,,,,,,,
Roberto de Lucena,0.0,0.0,1.0,1.0,,1.0,0.0,1.0,0.0,1.0,0.0,1.0,1.0,0.0,0.0,1.0,1.0,1.0,1.0,,,0.0,1.0,,0.0,1.0,,,,,0.0,1.0,0.0,,0.0,0.0,1.0,1.0,0.0,,1.0,1.0,,1.0,0.0,,,1.0,,,0.0,,0.0,1.0,1.0,,0.0,1.0,,,1.0,,,0.0,0.0,1.0,0.0,0.0,0.0,0.0,,,,,,,0.0,1.0,0.0,1.0,,1.0,1.0,0.0,1.0,,1.0,1.0,1.0,1.0,,1.0,1.0,1.0,1.0,1.0,,,,,,0.0,1.0,0.0,0.0,0.0,0.0,,1.0,0.0,,1.0,1.0,1.0,1.0,1.0,0.0,1.0,0.0,0.0,1.0,0.0,0.0,0.0,0.0,1.0,0.0,0.0,0.0,0.0,1.0,0.0,0.0,0.0,0.0,1.0,1.0,1.0,0.0,,0.0,0.0,0.0,0.0,0.0,1.0,0.0,1.0,,0.0,0.0,1.0,,,,,1.0,0.0,1.0,1.0,,0.0,1.0,,,0.0,0.0,,1.0,1.0,,,,1.0,,0.0,1.0,1.0,1.0,1.0,1.0,1.0,0.0,1.0,1.0,1.0,1.0,1.0,1.0,1.0,0.0,1.0,0.0,0.0,0.0,0.0,0.0,,1.0,0.0,0.0,1.0,0.0,,1.0,0.0,0.0,0.0,1.0,0.0,0.0,0.0,1.0,1.0,0.0,0.0,1.0,0.0,0.0,1.0,1.0,1.0,1.0,0.0,1.0,1.0,1.0,1.0,1.0,0.0,0.0,,0.0,1.0,1.0,1.0,0.0,1.0,0.0,0.0,0.0,0.0,,0.0,1.0,1.0,0.0,,1.0,,1.0,,1.0,1.0,,0.0,0.0,1.0,0.0,1.0,0.0,1.0,0.0,1.0,1.0,1.0,1.0,,1.0,0.0,1.0,0.0,0.0,0.0,0.0,1.0,1.0,0.0,1.0,0.0,1.0,1.0,1.0,1.0,0.0,,0.0,0.0,1.0,1.0,1.0,0.0,0.0,0.0,1.0,1.0,,,,0.0,0.0,0.0,0.0,1.0,1.0,0.0,0.0,1.0,0.0,0.0,0.0,0.0,1.0,1.0,1.0,1.0,0.0,1.0,0.0,1.0,0.0,,1.0,0.0,1.0,1.0,1.0,1.0,1.0,1.0,1.0,1.0,0.0,0.0,0.0,0.0,1.0,0.0,,0.0,,0.0,,1.0,1.0,1.0,1.0,1.0,0.0,0.0,0.0,1.0,1.0,,1.0,0.0,0.0,1.0,1.0,1.0,0.0,0.0,0.0,1.0,0.0,0.0,1.0,1.0,0.0,1.0,1.0,0.0,0.0,1.0,1.0,,1.0,0.0,0.0,0.0,0.0,0.0,0.0,0.0,,0.0,1.0,0.0,0.0,1.0,1.0,1.0,,0.0,1.0,1.0,1.0,0.0,0.0,0.0,0.0,0.0,,0.0,0.0,,1.0,0.0,1.0,1.0,1.0,1.0,1.0,0.0,1.0,0.0,,0.0,0.0,1.0,0.0,,,0.0,0.0,0.0,,0.0,1.0,1.0,0.0,0.0,1.0,0.0,1.0,1.0,0.0,,0.0,0.0,0.0,0.0,0.0,0.0,1.0,,0.0,1.0,0.0,1.0,1.0,1.0,1.0,0.0,1.0,1.0,1.0,1.0,0.0,1.0,0.0,,0.0,0.0,0.0,1.0,,1.0,0.0,0.0,0.0,0.0,0.0,1.0,0.0,1.0,1.0,0.0,0.0,1.0,,0.0,0.0,1.0,0.0,0.0,1.0,1.0,0.0,1.0,1.0,1.0,1.0,0.0,0.0,1.0,0.0,,,0.0,0.0,,,,0.0
Robério Monteiro,1.0,1.0,1.0,1.0,,1.0,1.0,1.0,1.0,1.0,1.0,1.0,0.0,1.0,1.0,1.0,0.0,1.0,0.0,0.0,1.0,0.0,0.0,1.0,0.0,1.0,1.0,0.0,1.0,0.0,0.0,0.0,,0.0,0.0,0.0,1.0,1.0,0.0,1.0,1.0,1.0,0.0,1.0,0.0,1.0,0.0,1.0,1.0,0.0,0.0,1.0,0.0,1.0,1.0,0.0,0.0,,,1.0,1.0,1.0,0.0,0.0,0.0,0.0,1.0,1.0,0.0,0.0,0.0,,0.0,1.0,0.0,1.0,1.0,0.0,,,1.0,1.0,,,1.0,,1.0,1.0,1.0,,,,0.0,1.0,1.0,,1.0,1.0,,0.0,0.0,1.0,0.0,1.0,1.0,1.0,,0.0,1.0,1.0,1.0,0.0,0.0,0.0,0.0,0.0,1.0,1.0,0.0,0.0,1.0,1.0,1.0,0.0,,0.0,1.0,1.0,1.0,1.0,0.0,1.0,1.0,1.0,0.0,,,,1.0,,0.0,0.0,1.0,0.0,0.0,1.0,0.0,1.0,0.0,0.0,0.0,1.0,1.0,0.0,0.0,0.0,1.0,0.0,0.0,1.0,0.0,0.0,1.0,0.0,1.0,0.0,1.0,0.0,1.0,1.0,1.0,0.0,,,,,,,0.0,0.0,0.0,0.0,0.0,0.0,0.0,0.0,0.0,0.0,0.0,0.0,1.0,0.0,1.0,1.0,,0.0,1.0,1.0,,,0.0,1.0,,,1.0,0.0,1.0,1.0,0.0,1.0,1.0,,,,1.0,,,,1.0,1.0,0.0,0.0,0.0,1.0,0.0,0.0,,0.0,0.0,1.0,1.0,1.0,1.0,0.0,1.0,0.0,1.0,0.0,1.0,1.0,0.0,1.0,1.0,1.0,0.0,0.0,1.0,1.0,1.0,1.0,1.0,1.0,0.0,,1.0,0.0,1.0,1.0,0.0,1.0,1.0,1.0,1.0,1.0,0.0,0.0,1.0,0.0,1.0,1.0,0.0,1.0,1.0,0.0,0.0,0.0,1.0,1.0,0.0,1.0,0.0,0.0,0.0,,0.0,1.0,1.0,1.0,0.0,0.0,1.0,1.0,,1.0,0.0,0.0,,0.0,0.0,1.0,0.0,1.0,1.0,1.0,1.0,,0.0,1.0,0.0,0.0,0.0,0.0,1.0,1.0,,1.0,,1.0,1.0,0.0,1.0,1.0,1.0,1.0,1.0,0.0,1.0,,1.0,1.0,1.0,0.0,,0.0,0.0,0.0,1.0,1.0,0.0,1.0,1.0,1.0,1.0,1.0,0.0,0.0,0.0,1.0,1.0,0.0,1.0,1.0,1.0,1.0,0.0,,0.0,1.0,1.0,0.0,1.0,0.0,0.0,1.0,0.0,1.0,1.0,1.0,0.0,1.0,1.0,0.0,0.0,1.0,0.0,1.0,1.0,1.0,1.0,0.0,0.0,,1.0,1.0,1.0,0.0,1.0,0.0,0.0,1.0,1.0,1.0,1.0,0.0,1.0,0.0,1.0,,,,,,1.0,1.0,,1.0,0.0,1.0,0.0,0.0,0.0,,1.0,,,1.0,,1.0,,0.0,,,,,,,,,0.0,0.0,1.0,,0.0,1.0,0.0,,1.0,,,,,,,,,,,1.0,1.0,0.0,0.0,1.0,1.0,1.0,0.0,0.0,0.0,0.0,1.0,1.0,1.0,1.0,1.0,1.0,1.0,0.0,0.0,0.0,1.0,1.0,0.0,1.0,1.0,0.0,1.0,1.0,1.0,1.0,1.0,1.0,1.0,0.0,0.0,1.0,1.0,0.0,1.0,1.0,0.0,1.0,0.0,0.0,1.0,1.0,1.0,0.0,1.0,0.0,0.0,0.0,0.0,0.0,1.0,0.0,1.0
Rodrigo Agostinho,1.0,1.0,1.0,,1.0,1.0,1.0,1.0,0.0,1.0,1.0,,1.0,0.0,1.0,1.0,1.0,0.0,1.0,1.0,1.0,1.0,0.0,0.0,0.0,1.0,1.0,0.0,1.0,0.0,1.0,1.0,0.0,,0.0,1.0,1.0,1.0,0.0,1.0,1.0,1.0,0.0,0.0,1.0,1.0,1.0,1.0,1.0,0.0,0.0,1.0,0.0,1.0,1.0,0.0,0.0,1.0,0.0,1.0,1.0,1.0,0.0,0.0,,0.0,0.0,1.0,0.0,0.0,1.0,1.0,0.0,0.0,1.0,0.0,0.0,1.0,0.0,1.0,0.0,1.0,1.0,0.0,1.0,,1.0,1.0,1.0,1.0,1.0,1.0,0.0,1.0,1.0,1.0,1.0,,,0.0,0.0,1.0,0.0,1.0,1.0,1.0,0.0,0.0,1.0,1.0,1.0,0.0,0.0,1.0,0.0,0.0,1.0,1.0,0.0,0.0,1.0,0.0,1.0,0.0,1.0,0.0,0.0,1.0,1.0,1.0,0.0,1.0,1.0,1.0,,0.0,0.0,0.0,1.0,0.0,0.0,0.0,1.0,1.0,0.0,1.0,0.0,0.0,0.0,0.0,0.0,1.0,1.0,0.0,0.0,0.0,1.0,0.0,1.0,0.0,0.0,1.0,0.0,0.0,0.0,0.0,0.0,,1.0,1.0,1.0,0.0,1.0,,,,1.0,,0.0,0.0,0.0,0.0,0.0,0.0,0.0,0.0,0.0,0.0,0.0,0.0,1.0,0.0,1.0,0.0,1.0,0.0,1.0,1.0,1.0,0.0,0.0,1.0,0.0,,1.0,1.0,1.0,1.0,0.0,1.0,1.0,1.0,0.0,1.0,1.0,,,,1.0,0.0,0.0,0.0,0.0,1.0,0.0,0.0,,0.0,0.0,1.0,1.0,,1.0,0.0,1.0,0.0,1.0,0.0,1.0,1.0,0.0,1.0,1.0,1.0,1.0,0.0,1.0,1.0,1.0,1.0,1.0,1.0,0.0,1.0,1.0,0.0,1.0,1.0,0.0,1.0,1.0,1.0,1.0,1.0,0.0,0.0,1.0,0.0,1.0,1.0,0.0,1.0,1.0,1.0,1.0,,0.0,1.0,0.0,1.0,0.0,0.0,0.0,0.0,0.0,0.0,0.0,0.0,1.0,1.0,1.0,0.0,0.0,1.0,1.0,0.0,0.0,1.0,,1.0,0.0,0.0,0.0,1.0,1.0,0.0,0.0,1.0,0.0,1.0,1.0,0.0,0.0,0.0,0.0,0.0,0.0,1.0,1.0,0.0,1.0,1.0,1.0,1.0,0.0,0.0,0.0,1.0,1.0,1.0,1.0,0.0,0.0,0.0,1.0,1.0,0.0,1.0,0.0,1.0,,1.0,1.0,1.0,0.0,,0.0,1.0,1.0,0.0,1.0,1.0,,1.0,,1.0,0.0,1.0,1.0,0.0,1.0,1.0,0.0,1.0,1.0,0.0,0.0,1.0,1.0,0.0,0.0,0.0,0.0,1.0,0.0,1.0,0.0,1.0,1.0,0.0,0.0,1.0,1.0,0.0,1.0,0.0,1.0,1.0,1.0,1.0,1.0,1.0,1.0,0.0,0.0,1.0,,0.0,0.0,0.0,0.0,0.0,1.0,1.0,,1.0,0.0,1.0,0.0,0.0,0.0,0.0,0.0,,,,1.0,1.0,1.0,0.0,0.0,,,0.0,,,1.0,0.0,1.0,0.0,1.0,1.0,0.0,1.0,0.0,0.0,1.0,,,,,,,,,,,1.0,,0.0,0.0,1.0,1.0,1.0,1.0,1.0,0.0,,1.0,1.0,1.0,1.0,1.0,,,0.0,0.0,0.0,1.0,1.0,0.0,1.0,1.0,0.0,1.0,1.0,1.0,1.0,1.0,1.0,0.0,0.0,1.0,0.0,1.0,0.0,1.0,1.0,0.0,1.0,1.0,1.0,1.0,1.0,0.0,1.0,1.0,0.0,0.0,0.0,0.0,0.0,1.0,0.0,1.0
Rodrigo Coelho,0.0,0.0,1.0,0.0,0.0,1.0,0.0,1.0,0.0,,0.0,1.0,0.0,1.0,,,0.0,1.0,0.0,0.0,,0.0,0.0,0.0,0.0,0.0,1.0,0.0,,1.0,0.0,1.0,0.0,,0.0,0.0,1.0,,0.0,0.0,0.0,1.0,0.0,0.0,0.0,1.0,1.0,1.0,1.0,0.0,0.0,1.0,1.0,0.0,1.0,0.0,0.0,1.0,,1.0,1.0,1.0,1.0,,0.0,1.0,1.0,0.0,0.0,,,0.0,0.0,1.0,0.0,1.0,1.0,0.0,1.0,1.0,1.0,1.0,1.0,0.0,,,0.0,0.0,1.0,1.0,1.0,1.0,1.0,1.0,0.0,1.0,1.0,1.0,,1.0,1.0,0.0,1.0,0.0,0.0,0.0,0.0,1.0,0.0,0.0,0.0,1.0,1.0,1.0,1.0,1.0,0.0,0.0,0.0,0.0,1.0,0.0,0.0,0.0,0.0,1.0,0.0,0.0,0.0,0.0,1.0,0.0,1.0,0.0,0.0,1.0,1.0,1.0,0.0,0.0,0.0,0.0,1.0,0.0,0.0,1.0,0.0,1.0,1.0,,0.0,1.0,,0.0,0.0,0.0,1.0,,,,0.0,0.0,1.0,0.0,,0.0,0.0,0.0,1.0,1.0,1.0,1.0,0.0,1.0,0.0,0.0,1.0,1.0,1.0,1.0,1.0,1.0,1.0,1.0,1.0,1.0,1.0,1.0,1.0,1.0,0.0,1.0,1.0,,0.0,0.0,0.0,0.0,1.0,0.0,0.0,1.0,0.0,,0.0,0.0,0.0,0.0,1.0,0.0,0.0,0.0,1.0,0.0,0.0,0.0,1.0,0.0,,1.0,0.0,1.0,1.0,0.0,1.0,1.0,1.0,1.0,1.0,0.0,,0.0,0.0,1.0,1.0,1.0,0.0,1.0,0.0,,1.0,0.0,0.0,0.0,0.0,1.0,0.0,0.0,0.0,1.0,1.0,,0.0,0.0,0.0,0.0,0.0,1.0,1.0,1.0,1.0,1.0,1.0,0.0,1.0,0.0,1.0,0.0,1.0,0.0,1.0,1.0,0.0,0.0,0.0,1.0,,0.0,1.0,0.0,1.0,,1.0,,0.0,0.0,0.0,0.0,1.0,1.0,1.0,0.0,0.0,0.0,1.0,0.0,0.0,,1.0,0.0,1.0,0.0,0.0,0.0,1.0,0.0,,1.0,1.0,0.0,0.0,0.0,1.0,1.0,1.0,1.0,,1.0,0.0,1.0,0.0,1.0,1.0,1.0,1.0,1.0,0.0,1.0,1.0,1.0,1.0,1.0,0.0,0.0,,,,0.0,,0.0,0.0,0.0,1.0,1.0,0.0,1.0,1.0,0.0,0.0,0.0,0.0,1.0,1.0,0.0,1.0,0.0,0.0,1.0,0.0,0.0,0.0,0.0,0.0,1.0,0.0,0.0,1.0,1.0,0.0,1.0,1.0,0.0,1.0,,1.0,0.0,1.0,1.0,1.0,1.0,0.0,1.0,0.0,0.0,0.0,0.0,1.0,1.0,1.0,1.0,1.0,1.0,1.0,0.0,0.0,1.0,1.0,0.0,0.0,0.0,0.0,0.0,1.0,1.0,0.0,0.0,1.0,0.0,1.0,1.0,1.0,1.0,1.0,0.0,1.0,0.0,0.0,0.0,0.0,1.0,0.0,0.0,0.0,0.0,0.0,0.0,1.0,0.0,1.0,1.0,,,1.0,,1.0,1.0,0.0,0.0,0.0,0.0,0.0,0.0,0.0,,,,0.0,1.0,0.0,1.0,0.0,0.0,1.0,0.0,1.0,1.0,1.0,1.0,0.0,1.0,0.0,0.0,0.0,0.0,0.0,1.0,1.0,1.0,0.0,0.0,0.0,0.0,1.0,1.0,0.0,1.0,0.0,0.0,0.0,1.0,0.0,0.0,0.0,1.0,1.0,0.0,1.0,0.0,0.0,1.0,1.0,,1.0,,0.0,1.0,0.0,0.0,0.0,0.0,0.0,0.0,1.0,0.0,0.0
Rodrigo Maia,,,1.0,0.0,,1.0,,,,,1.0,,,,,,,,,,,,,1.0,,,,,,,,,,,,,,,,,,,,,,,,,,,,,0.0,1.0,1.0,0.0,,1.0,,,,,,,,,,,,,,,,,,,,,,1.0,,,,,,,1.0,1.0,,0.0,,0.0,,,,,1.0,1.0,,,0.0,0.0,1.0,1.0,1.0,1.0,0.0,0.0,1.0,1.0,1.0,0.0,0.0,1.0,,,,0.0,,,,,,,,,,,0.0,0.0,,,,,,,,,1.0,0.0,0.0,0.0,,,,,,,,,,,,,,,,,,,,,,,,,0.0,,,,,1.0,,,,,,,,,,,,,,,,,,,,,,,,,,,,,,,,,,,,,,,,,,,,,,,,,,,,,,,,,,,,,,,,,,,,,,,0.0,,,,,,,,,1.0,,,,,,,,1.0,1.0,1.0,1.0,1.0,,,,,1.0,,,,,,0.0,,,,1.0,0.0,,,,,,,,,,,,0.0,0.0,0.0,1.0,,,,,,,,,,,,,,,,,0.0,1.0,1.0,,,,1.0,0.0,1.0,0.0,1.0,1.0,0.0,0.0,1.0,1.0,1.0,1.0,1.0,,1.0,,,,0.0,,,,,,,,,,,,,,,,,,,,,,,,0.0,,,,1.0,0.0,,,,,,,,,,,,,0.0,,,,,,,,,1.0,,,,1.0,1.0,,,,1.0,,,0.0,0.0,0.0,0.0,,,,,,,,,,,,,,,,,,,,,,,,,,,,,,,,,,,,,,,0.0,0.0,,,,,,,,,,,1.0,,0.0,,,,,,0.0,,,,,,,,,,,,1.0,1.0,,,0.0,0.0,,,,,,1.0,,,,,,,,,,,,,,,,,,,,,
Rodrigo de Castro,0.0,0.0,1.0,0.0,1.0,1.0,1.0,1.0,0.0,,0.0,1.0,0.0,1.0,0.0,1.0,,1.0,0.0,0.0,1.0,,0.0,1.0,0.0,1.0,0.0,1.0,1.0,1.0,0.0,1.0,,0.0,0.0,0.0,1.0,1.0,0.0,0.0,0.0,0.0,0.0,1.0,0.0,1.0,0.0,1.0,1.0,,0.0,1.0,0.0,1.0,1.0,,0.0,1.0,,1.0,1.0,1.0,,0.0,,,1.0,1.0,0.0,0.0,0.0,0.0,0.0,1.0,,1.0,1.0,0.0,1.0,1.0,1.0,1.0,1.0,0.0,0.0,,1.0,1.0,1.0,1.0,,1.0,1.0,0.0,0.0,1.0,1.0,1.0,,0.0,0.0,,,1.0,1.0,1.0,0.0,0.0,1.0,1.0,1.0,0.0,0.0,1.0,1.0,1.0,0.0,1.0,0.0,0.0,1.0,0.0,0.0,1.0,0.0,1.0,0.0,0.0,0.0,0.0,1.0,1.0,1.0,0.0,1.0,1.0,,,1.0,,0.0,0.0,1.0,0.0,1.0,1.0,0.0,1.0,1.0,,,,,,,,,0.0,1.0,1.0,0.0,,,,,0.0,0.0,0.0,1.0,1.0,1.0,0.0,0.0,1.0,,0.0,1.0,1.0,1.0,1.0,1.0,1.0,1.0,1.0,1.0,1.0,0.0,1.0,1.0,1.0,0.0,0.0,0.0,1.0,0.0,0.0,0.0,0.0,1.0,1.0,0.0,1.0,0.0,,0.0,0.0,0.0,0.0,1.0,0.0,1.0,0.0,1.0,0.0,0.0,,1.0,1.0,0.0,1.0,1.0,0.0,1.0,0.0,1.0,1.0,,1.0,1.0,0.0,0.0,0.0,0.0,1.0,1.0,1.0,0.0,1.0,0.0,0.0,1.0,,,0.0,1.0,1.0,0.0,0.0,1.0,1.0,1.0,,1.0,1.0,0.0,1.0,0.0,1.0,,1.0,1.0,1.0,1.0,1.0,1.0,1.0,1.0,0.0,1.0,1.0,1.0,1.0,0.0,0.0,0.0,1.0,0.0,0.0,1.0,0.0,1.0,1.0,1.0,1.0,0.0,0.0,0.0,0.0,1.0,1.0,1.0,1.0,0.0,0.0,0.0,1.0,1.0,1.0,,0.0,1.0,1.0,1.0,1.0,1.0,0.0,,0.0,0.0,0.0,0.0,0.0,1.0,1.0,1.0,1.0,,1.0,0.0,,,1.0,1.0,0.0,,1.0,,1.0,1.0,1.0,1.0,1.0,0.0,0.0,0.0,,1.0,0.0,0.0,,0.0,,1.0,1.0,0.0,1.0,0.0,0.0,1.0,,1.0,1.0,,1.0,,0.0,,1.0,1.0,0.0,1.0,0.0,0.0,1.0,1.0,0.0,1.0,0.0,1.0,0.0,0.0,0.0,0.0,1.0,1.0,0.0,1.0,0.0,0.0,1.0,0.0,1.0,1.0,0.0,0.0,0.0,1.0,0.0,1.0,1.0,1.0,1.0,1.0,0.0,1.0,1.0,1.0,0.0,0.0,0.0,0.0,0.0,1.0,0.0,0.0,0.0,1.0,0.0,1.0,0.0,0.0,,,,,0.0,0.0,0.0,,1.0,,0.0,0.0,0.0,0.0,,1.0,,1.0,1.0,0.0,0.0,,,0.0,,,0.0,0.0,,,0.0,,0.0,,,,1.0,0.0,0.0,0.0,1.0,1.0,1.0,1.0,1.0,1.0,0.0,0.0,1.0,0.0,0.0,0.0,,,1.0,1.0,1.0,0.0,0.0,0.0,0.0,0.0,1.0,0.0,1.0,,,,1.0,0.0,0.0,0.0,1.0,0.0,,1.0,1.0,,1.0,,1.0,1.0,,0.0,1.0,0.0,0.0,0.0,0.0,0.0,0.0,1.0,0.0,0.0
Rogério Correia,1.0,1.0,1.0,1.0,1.0,1.0,1.0,1.0,1.0,1.0,1.0,1.0,1.0,0.0,1.0,1.0,1.0,0.0,1.0,1.0,1.0,0.0,1.0,1.0,,1.0,1.0,0.0,1.0,0.0,,,,,,,,1.0,,1.0,,1.0,0.0,,,1.0,0.0,,1.0,0.0,0.0,,0.0,,1.0,0.0,0.0,1.0,0.0,1.0,0.0,0.0,,,,0.0,0.0,1.0,,1.0,,,,,,0.0,0.0,1.0,0.0,1.0,,1.0,1.0,0.0,1.0,,1.0,1.0,1.0,1.0,,1.0,0.0,1.0,1.0,1.0,1.0,1.0,,0.0,0.0,1.0,0.0,1.0,1.0,1.0,0.0,0.0,1.0,1.0,1.0,0.0,0.0,0.0,0.0,0.0,1.0,0.0,,1.0,0.0,1.0,1.0,0.0,1.0,0.0,0.0,1.0,1.0,1.0,0.0,1.0,1.0,1.0,,0.0,0.0,0.0,1.0,,1.0,0.0,1.0,1.0,0.0,1.0,0.0,0.0,0.0,,,,,,1.0,,0.0,,,,,0.0,,,,,1.0,0.0,1.0,1.0,1.0,0.0,,,,,0.0,,0.0,0.0,0.0,0.0,0.0,0.0,0.0,0.0,0.0,0.0,0.0,0.0,,0.0,1.0,0.0,,0.0,1.0,,1.0,1.0,0.0,1.0,,,1.0,1.0,1.0,1.0,0.0,1.0,1.0,1.0,0.0,1.0,1.0,0.0,0.0,1.0,1.0,0.0,0.0,0.0,0.0,1.0,0.0,0.0,0.0,0.0,0.0,1.0,1.0,1.0,1.0,0.0,0.0,0.0,1.0,0.0,1.0,1.0,0.0,1.0,1.0,1.0,1.0,0.0,1.0,1.0,1.0,,1.0,1.0,0.0,1.0,1.0,0.0,1.0,1.0,,1.0,0.0,1.0,0.0,0.0,,0.0,1.0,1.0,0.0,1.0,0.0,1.0,1.0,1.0,1.0,0.0,0.0,1.0,0.0,1.0,0.0,0.0,0.0,0.0,1.0,1.0,1.0,1.0,0.0,0.0,0.0,1.0,,1.0,0.0,0.0,0.0,1.0,0.0,1.0,0.0,1.0,1.0,1.0,1.0,1.0,1.0,0.0,0.0,1.0,1.0,0.0,0.0,0.0,,0.0,1.0,1.0,1.0,0.0,1.0,0.0,0.0,0.0,1.0,0.0,0.0,1.0,1.0,0.0,0.0,0.0,1.0,,1.0,1.0,0.0,,0.0,1.0,1.0,1.0,1.0,0.0,0.0,0.0,0.0,1.0,1.0,,1.0,1.0,0.0,1.0,0.0,1.0,0.0,1.0,1.0,0.0,1.0,0.0,0.0,0.0,1.0,0.0,0.0,0.0,1.0,0.0,,,0.0,1.0,0.0,1.0,1.0,1.0,,0.0,,1.0,1.0,1.0,1.0,0.0,1.0,0.0,1.0,1.0,1.0,1.0,1.0,0.0,0.0,0.0,,,,,,,,,,1.0,0.0,1.0,0.0,0.0,0.0,0.0,0.0,,,,1.0,1.0,,0.0,,,,,,,,,0.0,0.0,1.0,,0.0,1.0,0.0,0.0,1.0,,,,,,,,,,,,1.0,0.0,0.0,1.0,1.0,1.0,0.0,0.0,0.0,0.0,1.0,1.0,1.0,1.0,1.0,1.0,1.0,0.0,,0.0,,,,,1.0,0.0,0.0,,1.0,1.0,1.0,1.0,0.0,0.0,,0.0,1.0,0.0,1.0,1.0,0.0,1.0,0.0,0.0,1.0,1.0,1.0,0.0,1.0,0.0,0.0,,0.0,0.0,1.0,0.0,1.0
Rogério Peninha Mendonça,0.0,0.0,1.0,0.0,,1.0,0.0,1.0,0.0,,0.0,1.0,0.0,1.0,0.0,1.0,0.0,1.0,0.0,0.0,1.0,0.0,0.0,1.0,,0.0,0.0,0.0,1.0,1.0,0.0,1.0,,0.0,0.0,0.0,1.0,1.0,0.0,0.0,0.0,0.0,0.0,1.0,0.0,1.0,0.0,1.0,,,,,1.0,0.0,1.0,0.0,0.0,1.0,0.0,0.0,1.0,1.0,1.0,,0.0,1.0,1.0,1.0,0.0,0.0,0.0,0.0,0.0,1.0,,1.0,,,,,1.0,,,,1.0,,,,1.0,1.0,,1.0,,0.0,0.0,1.0,1.0,1.0,,,,,,0.0,0.0,0.0,0.0,1.0,0.0,0.0,0.0,,1.0,,,,,,,,,,,,0.0,1.0,1.0,0.0,1.0,0.0,1.0,0.0,0.0,0.0,0.0,1.0,1.0,1.0,0.0,0.0,0.0,1.0,1.0,0.0,1.0,,0.0,1.0,1.0,0.0,0.0,1.0,1.0,0.0,0.0,0.0,1.0,0.0,1.0,1.0,0.0,0.0,1.0,0.0,,0.0,,,1.0,1.0,1.0,0.0,,1.0,0.0,0.0,1.0,1.0,1.0,1.0,1.0,1.0,1.0,1.0,1.0,1.0,1.0,1.0,1.0,1.0,0.0,1.0,0.0,,0.0,0.0,0.0,0.0,1.0,1.0,0.0,1.0,0.0,,0.0,0.0,0.0,0.0,,,,,1.0,1.0,0.0,,1.0,0.0,0.0,1.0,1.0,1.0,1.0,0.0,1.0,1.0,1.0,1.0,,0.0,0.0,0.0,0.0,1.0,1.0,1.0,0.0,1.0,0.0,0.0,1.0,0.0,,0.0,1.0,1.0,0.0,0.0,0.0,1.0,1.0,1.0,1.0,0.0,0.0,0.0,0.0,1.0,0.0,1.0,1.0,1.0,1.0,1.0,1.0,1.0,1.0,1.0,1.0,0.0,1.0,0.0,0.0,0.0,0.0,1.0,0.0,0.0,1.0,0.0,1.0,1.0,1.0,1.0,0.0,0.0,0.0,0.0,1.0,1.0,1.0,0.0,0.0,0.0,1.0,1.0,1.0,0.0,1.0,0.0,1.0,0.0,0.0,0.0,,,,,,,,,,,,,0.0,1.0,0.0,1.0,0.0,1.0,1.0,0.0,1.0,1.0,1.0,1.0,1.0,1.0,1.0,1.0,,0.0,0.0,0.0,1.0,0.0,0.0,0.0,0.0,0.0,,1.0,1.0,1.0,1.0,0.0,0.0,,0.0,1.0,,0.0,1.0,0.0,0.0,,0.0,1.0,,,,,,,,,,,,,0.0,1.0,1.0,0.0,,0.0,0.0,0.0,0.0,0.0,0.0,0.0,0.0,0.0,1.0,1.0,1.0,1.0,1.0,1.0,,0.0,1.0,,1.0,,,,,,,,,,,,,,,,,,,,,,,,,,,,,,,,,,,,,,,,,,,,,,,,,,,,,,,,,,,,,,,,,,,,,,,,,,,,,,,,,,,,,,,,,,,,,,,,,,,1.0,0.0,,,,,,,,
Roman,,,1.0,0.0,1.0,1.0,1.0,,,0.0,,,0.0,,0.0,1.0,0.0,1.0,,0.0,1.0,0.0,,1.0,0.0,1.0,0.0,0.0,0.0,1.0,,,,,,,,,,,,,0.0,1.0,,,,,,,,,0.0,1.0,1.0,0.0,0.0,1.0,0.0,1.0,1.0,1.0,1.0,,,1.0,1.0,1.0,0.0,,0.0,,0.0,1.0,0.0,1.0,1.0,0.0,1.0,,1.0,1.0,1.0,0.0,0.0,,0.0,0.0,1.0,1.0,1.0,1.0,1.0,0.0,1.0,1.0,1.0,1.0,,,,0.0,1.0,,,,,,,,,,,1.0,1.0,1.0,0.0,,0.0,0.0,1.0,0.0,0.0,0.0,0.0,1.0,1.0,0.0,0.0,0.0,1.0,,0.0,0.0,0.0,1.0,1.0,1.0,1.0,0.0,0.0,0.0,,,,,,,,,,,,,,,,,,,,,,,,,0.0,,1.0,1.0,1.0,0.0,0.0,1.0,0.0,0.0,1.0,1.0,1.0,1.0,1.0,1.0,0.0,1.0,1.0,1.0,1.0,,1.0,1.0,,1.0,0.0,1.0,0.0,,0.0,0.0,,,,1.0,0.0,,,0.0,,0.0,1.0,0.0,0.0,0.0,1.0,1.0,0.0,,1.0,0.0,0.0,,,,1.0,0.0,,1.0,1.0,1.0,1.0,0.0,0.0,,0.0,,1.0,1.0,0.0,1.0,0.0,,1.0,1.0,0.0,0.0,1.0,1.0,0.0,0.0,0.0,1.0,1.0,1.0,1.0,0.0,0.0,0.0,0.0,1.0,,1.0,1.0,1.0,1.0,1.0,1.0,1.0,1.0,,1.0,0.0,1.0,,0.0,0.0,0.0,1.0,0.0,0.0,1.0,,,,,,,0.0,0.0,,1.0,,1.0,0.0,0.0,0.0,1.0,,,,1.0,0.0,1.0,0.0,0.0,0.0,1.0,,0.0,1.0,0.0,0.0,,,,1.0,1.0,1.0,0.0,1.0,0.0,1.0,0.0,1.0,1.0,0.0,1.0,1.0,1.0,1.0,1.0,1.0,,,0.0,0.0,0.0,0.0,1.0,0.0,0.0,0.0,,0.0,,1.0,1.0,1.0,1.0,0.0,1.0,0.0,1.0,1.0,,0.0,1.0,0.0,0.0,1.0,,0.0,0.0,,0.0,1.0,0.0,0.0,1.0,1.0,0.0,1.0,1.0,0.0,0.0,1.0,1.0,0.0,1.0,0.0,0.0,1.0,0.0,0.0,,,,0.0,1.0,0.0,0.0,1.0,,1.0,1.0,0.0,1.0,1.0,1.0,0.0,0.0,0.0,0.0,0.0,1.0,0.0,0.0,0.0,1.0,0.0,1.0,1.0,1.0,,,0.0,1.0,0.0,,,,,0.0,,0.0,0.0,,0.0,1.0,,1.0,1.0,0.0,0.0,1.0,0.0,1.0,1.0,0.0,,0.0,0.0,0.0,0.0,0.0,0.0,1.0,1.0,0.0,1.0,0.0,1.0,0.0,0.0,1.0,1.0,1.0,1.0,1.0,1.0,0.0,,0.0,1.0,1.0,1.0,,1.0,1.0,1.0,0.0,1.0,1.0,0.0,1.0,1.0,,1.0,0.0,0.0,0.0,1.0,,0.0,0.0,,1.0,0.0,1.0,0.0,,,1.0,1.0,1.0,0.0,,1.0,0.0,,,0.0,,,,0.0,0.0
Ronaldo Carletto,0.0,0.0,1.0,0.0,1.0,1.0,1.0,1.0,0.0,,,1.0,0.0,1.0,0.0,1.0,0.0,1.0,0.0,0.0,1.0,,,1.0,0.0,1.0,0.0,1.0,0.0,,,,,,,,,,,,,,0.0,1.0,,1.0,0.0,1.0,1.0,0.0,0.0,1.0,0.0,1.0,1.0,0.0,0.0,1.0,0.0,1.0,1.0,1.0,1.0,0.0,,,1.0,1.0,0.0,0.0,0.0,0.0,0.0,1.0,,1.0,1.0,0.0,1.0,1.0,1.0,1.0,,,0.0,,1.0,1.0,1.0,1.0,,1.0,1.0,0.0,1.0,1.0,1.0,1.0,,,,0.0,1.0,1.0,1.0,1.0,0.0,,1.0,1.0,1.0,0.0,0.0,1.0,1.0,1.0,0.0,0.0,0.0,0.0,1.0,0.0,0.0,0.0,0.0,1.0,,0.0,0.0,,1.0,0.0,0.0,0.0,0.0,1.0,1.0,1.0,1.0,1.0,1.0,1.0,1.0,0.0,0.0,1.0,0.0,1.0,,,,,,,,,,,,,,,,,,,0.0,0.0,1.0,1.0,1.0,0.0,,1.0,0.0,0.0,1.0,1.0,1.0,1.0,1.0,1.0,0.0,1.0,1.0,1.0,1.0,1.0,1.0,1.0,0.0,1.0,0.0,1.0,,0.0,0.0,0.0,1.0,1.0,0.0,1.0,0.0,,0.0,0.0,0.0,0.0,1.0,0.0,0.0,0.0,1.0,1.0,0.0,0.0,1.0,0.0,0.0,1.0,1.0,1.0,1.0,0.0,1.0,1.0,1.0,1.0,,0.0,0.0,0.0,0.0,1.0,1.0,1.0,0.0,1.0,0.0,0.0,1.0,,0.0,0.0,1.0,1.0,0.0,0.0,0.0,1.0,1.0,1.0,1.0,0.0,0.0,1.0,0.0,0.0,0.0,1.0,1.0,1.0,1.0,1.0,1.0,1.0,1.0,1.0,1.0,0.0,1.0,0.0,0.0,0.0,0.0,1.0,0.0,0.0,1.0,0.0,1.0,1.0,1.0,,0.0,0.0,0.0,0.0,1.0,1.0,1.0,0.0,0.0,0.0,1.0,1.0,,0.0,1.0,0.0,1.0,1.0,1.0,0.0,1.0,0.0,0.0,1.0,0.0,0.0,0.0,0.0,1.0,1.0,1.0,1.0,0.0,1.0,0.0,1.0,0.0,1.0,1.0,0.0,1.0,1.0,1.0,1.0,1.0,1.0,1.0,1.0,0.0,0.0,,0.0,1.0,0.0,0.0,0.0,0.0,0.0,1.0,1.0,1.0,1.0,1.0,0.0,0.0,0.0,0.0,1.0,1.0,0.0,1.0,0.0,0.0,1.0,0.0,1.0,0.0,0.0,0.0,1.0,0.0,,1.0,1.0,0.0,1.0,1.0,0.0,0.0,,1.0,0.0,1.0,0.0,0.0,1.0,0.0,0.0,0.0,0.0,0.0,0.0,1.0,0.0,0.0,1.0,1.0,1.0,,0.0,1.0,1.0,1.0,0.0,0.0,0.0,0.0,0.0,1.0,,0.0,0.0,,0.0,1.0,1.0,1.0,1.0,1.0,0.0,1.0,0.0,0.0,0.0,0.0,1.0,0.0,0.0,0.0,,0.0,0.0,1.0,0.0,1.0,1.0,0.0,0.0,1.0,0.0,1.0,1.0,0.0,,0.0,0.0,0.0,0.0,0.0,0.0,1.0,1.0,0.0,1.0,0.0,1.0,0.0,0.0,1.0,0.0,1.0,1.0,1.0,1.0,0.0,1.0,0.0,0.0,0.0,0.0,0.0,1.0,1.0,1.0,0.0,0.0,0.0,0.0,0.0,1.0,0.0,1.0,0.0,0.0,0.0,1.0,0.0,0.0,0.0,1.0,1.0,0.0,1.0,1.0,0.0,1.0,1.0,1.0,1.0,0.0,0.0,1.0,0.0,,,,,,,,0.0
Ronaldo Martins,0.0,0.0,,,,,,,,,0.0,,,,,,,,,,,,1.0,,,,,,,,,,,,,,,,,,,,,,,,,,,,,,,,,,,,,,,,1.0,,,,,,,,,,,,,,,,,,,1.0,1.0,0.0,,,,1.0,,,,,,,,,,,,,,,,,,,,,,,,,,,,,,,,,,,,,,,,,,,,,,,,,,,,,,,,,,,,,,,,,,,,,,,,,,,,,,,,,,,,0.0,,,,,,,,,,,,,,,,,,,,,,,,,,,1.0,,,,,,,,,,,,,,,,,,,,,,,,,,,,,,,,,,,,,,,,,,,,,,,,,,,,,,,,,,,,,,,,,,,,,1.0,1.0,,,,,,,,,,,,,,,,,,,,,,,,,,,,,,,,,,,,,,,,,,,,,,,,,,,,,,,,,,,,,,,,,,0.0,0.0,1.0,,,,,,,,,,,,,,,,,1.0,1.0,,,,0.0,,,,,,,,,,,,,,0.0,,,,,0.0,0.0,,,,,0.0,0.0,,,,,,,,,0.0,,1.0,1.0,0.0,0.0,0.0,0.0,0.0,1.0,0.0,0.0,0.0,1.0,0.0,1.0,,,,,,,0.0,,0.0,0.0,1.0,0.0,,,0.0,0.0,0.0,1.0,0.0,1.0,,,,,,,,,0.0,0.0,0.0,0.0,,,0.0,1.0,1.0,0.0,1.0,,1.0,,,,,0.0,1.0,1.0,,,,,,,,,,,,,,,,,,,,,,,1.0,,,,,1.0,,,,,1.0,1.0,,,0.0,,1.0,0.0,,,,,,,,0.0
Rosana Valle,0.0,0.0,1.0,1.0,1.0,1.0,1.0,1.0,0.0,,0.0,1.0,0.0,1.0,1.0,1.0,0.0,1.0,0.0,0.0,1.0,0.0,1.0,,0.0,1.0,,,1.0,1.0,0.0,1.0,0.0,0.0,0.0,0.0,1.0,1.0,0.0,1.0,1.0,1.0,0.0,0.0,1.0,1.0,0.0,1.0,1.0,0.0,0.0,,0.0,1.0,1.0,0.0,0.0,1.0,0.0,1.0,1.0,1.0,1.0,0.0,0.0,,1.0,0.0,0.0,0.0,,,0.0,1.0,0.0,1.0,0.0,1.0,0.0,1.0,1.0,1.0,1.0,0.0,1.0,,1.0,1.0,1.0,1.0,1.0,1.0,1.0,1.0,0.0,,1.0,1.0,,0.0,0.0,1.0,1.0,0.0,0.0,0.0,0.0,1.0,0.0,0.0,0.0,1.0,1.0,1.0,1.0,1.0,,0.0,0.0,0.0,1.0,0.0,0.0,0.0,1.0,0.0,0.0,1.0,1.0,1.0,0.0,1.0,1.0,1.0,1.0,0.0,0.0,0.0,1.0,0.0,0.0,0.0,1.0,0.0,0.0,1.0,0.0,1.0,1.0,0.0,0.0,1.0,1.0,0.0,,0.0,1.0,0.0,1.0,1.0,0.0,0.0,0.0,0.0,1.0,0.0,0.0,,1.0,1.0,1.0,0.0,,,,,,,0.0,0.0,0.0,0.0,0.0,,0.0,0.0,0.0,,0.0,0.0,1.0,0.0,1.0,1.0,0.0,0.0,1.0,1.0,1.0,0.0,0.0,1.0,0.0,,1.0,0.0,1.0,1.0,0.0,1.0,1.0,1.0,0.0,1.0,1.0,0.0,1.0,1.0,1.0,1.0,0.0,0.0,0.0,1.0,0.0,0.0,0.0,0.0,0.0,1.0,1.0,1.0,1.0,0.0,1.0,0.0,1.0,0.0,1.0,1.0,0.0,1.0,0.0,1.0,1.0,0.0,1.0,1.0,1.0,1.0,1.0,,0.0,0.0,1.0,0.0,1.0,1.0,0.0,1.0,,1.0,1.0,1.0,0.0,0.0,1.0,0.0,1.0,1.0,0.0,1.0,1.0,1.0,1.0,0.0,1.0,1.0,0.0,1.0,0.0,0.0,0.0,0.0,0.0,0.0,0.0,0.0,1.0,1.0,1.0,0.0,0.0,1.0,1.0,0.0,0.0,1.0,0.0,1.0,0.0,0.0,0.0,,1.0,0.0,,1.0,0.0,0.0,0.0,0.0,1.0,1.0,1.0,1.0,0.0,1.0,1.0,1.0,0.0,1.0,1.0,1.0,1.0,1.0,0.0,1.0,1.0,1.0,1.0,0.0,0.0,0.0,0.0,0.0,1.0,0.0,0.0,1.0,0.0,1.0,,1.0,0.0,0.0,0.0,1.0,1.0,,1.0,1.0,,0.0,1.0,1.0,0.0,1.0,0.0,0.0,0.0,0.0,0.0,1.0,0.0,0.0,1.0,1.0,0.0,1.0,,0.0,0.0,1.0,0.0,1.0,1.0,0.0,0.0,0.0,0.0,1.0,0.0,0.0,0.0,0.0,1.0,1.0,1.0,1.0,1.0,1.0,1.0,0.0,0.0,,0.0,0.0,0.0,0.0,0.0,0.0,1.0,0.0,0.0,0.0,,0.0,,,,1.0,0.0,1.0,1.0,0.0,0.0,0.0,0.0,1.0,0.0,0.0,0.0,,0.0,0.0,,0.0,1.0,1.0,0.0,0.0,1.0,,1.0,1.0,0.0,0.0,0.0,0.0,,0.0,0.0,0.0,1.0,1.0,0.0,1.0,0.0,1.0,,1.0,1.0,1.0,1.0,1.0,1.0,1.0,0.0,1.0,0.0,1.0,1.0,1.0,1.0,1.0,1.0,1.0,1.0,0.0,0.0,0.0,1.0,1.0,1.0,,1.0,0.0,0.0,1.0,0.0,0.0,0.0,1.0,1.0,0.0,1.0,1.0,0.0,1.0,1.0,1.0,1.0,,0.0,1.0,0.0,0.0,0.0,0.0,0.0,0.0,1.0,0.0,0.0
Rosangela Gomes,,0.0,1.0,0.0,1.0,1.0,1.0,,,1.0,,1.0,1.0,0.0,1.0,1.0,1.0,0.0,1.0,0.0,0.0,0.0,,1.0,,,0.0,0.0,1.0,1.0,,,,,,,,,,,,0.0,0.0,1.0,,1.0,0.0,1.0,1.0,0.0,,,0.0,1.0,1.0,0.0,0.0,1.0,0.0,1.0,1.0,1.0,1.0,,,,0.0,1.0,,,0.0,,,0.0,,,0.0,1.0,0.0,1.0,1.0,1.0,1.0,1.0,0.0,,1.0,1.0,1.0,,,,,,1.0,1.0,1.0,1.0,,,,0.0,1.0,0.0,0.0,0.0,0.0,1.0,1.0,0.0,1.0,1.0,1.0,1.0,1.0,1.0,0.0,0.0,0.0,0.0,1.0,0.0,0.0,0.0,0.0,1.0,1.0,0.0,0.0,0.0,1.0,0.0,0.0,1.0,0.0,1.0,1.0,1.0,1.0,0.0,0.0,0.0,,0.0,1.0,,0.0,,1.0,0.0,0.0,1.0,1.0,0.0,0.0,0.0,1.0,0.0,1.0,1.0,0.0,0.0,,0.0,1.0,0.0,0.0,0.0,1.0,1.0,1.0,0.0,0.0,1.0,,0.0,1.0,,1.0,1.0,1.0,0.0,0.0,1.0,1.0,1.0,1.0,1.0,1.0,1.0,0.0,0.0,0.0,0.0,0.0,0.0,0.0,0.0,1.0,1.0,0.0,1.0,0.0,,0.0,0.0,0.0,0.0,1.0,0.0,0.0,0.0,1.0,1.0,0.0,,1.0,0.0,0.0,1.0,1.0,1.0,1.0,0.0,1.0,1.0,1.0,1.0,1.0,0.0,0.0,,0.0,1.0,1.0,1.0,0.0,1.0,0.0,0.0,1.0,0.0,0.0,0.0,1.0,1.0,0.0,0.0,1.0,1.0,1.0,1.0,1.0,0.0,0.0,1.0,0.0,1.0,0.0,1.0,1.0,1.0,1.0,1.0,1.0,1.0,1.0,1.0,1.0,0.0,,0.0,0.0,0.0,0.0,1.0,0.0,0.0,1.0,0.0,1.0,1.0,1.0,1.0,0.0,0.0,0.0,0.0,1.0,1.0,1.0,1.0,0.0,0.0,1.0,1.0,1.0,0.0,1.0,0.0,1.0,0.0,0.0,0.0,1.0,0.0,0.0,1.0,0.0,0.0,0.0,0.0,1.0,1.0,1.0,1.0,0.0,1.0,0.0,1.0,0.0,1.0,1.0,0.0,1.0,1.0,1.0,1.0,1.0,1.0,1.0,1.0,0.0,0.0,0.0,0.0,1.0,0.0,0.0,0.0,0.0,0.0,1.0,1.0,0.0,1.0,1.0,0.0,1.0,0.0,0.0,1.0,1.0,1.0,1.0,0.0,0.0,1.0,0.0,0.0,0.0,0.0,0.0,,,,,,,,,,0.0,1.0,1.0,0.0,1.0,0.0,0.0,1.0,0.0,0.0,,0.0,0.0,0.0,1.0,0.0,0.0,1.0,1.0,1.0,,0.0,1.0,1.0,1.0,,,,,,,,0.0,0.0,1.0,0.0,1.0,1.0,1.0,0.0,1.0,0.0,1.0,0.0,0.0,0.0,0.0,1.0,0.0,0.0,0.0,0.0,0.0,0.0,1.0,0.0,1.0,,,,,,,,,,,,,,,,,,,,,1.0,,0.0,1.0,0.0,0.0,1.0,1.0,0.0,0.0,1.0,0.0,0.0,0.0,0.0,0.0,1.0,1.0,1.0,0.0,0.0,0.0,0.0,1.0,1.0,0.0,1.0,1.0,0.0,0.0,1.0,,0.0,0.0,1.0,1.0,0.0,1.0,0.0,0.0,1.0,1.0,1.0,1.0,0.0,0.0,1.0,,,,,,,,,0.0
Rose Modesto,,1.0,1.0,0.0,,1.0,1.0,,0.0,,,1.0,1.0,0.0,0.0,1.0,0.0,1.0,1.0,1.0,,0.0,0.0,1.0,0.0,1.0,0.0,0.0,1.0,1.0,0.0,1.0,0.0,0.0,0.0,0.0,1.0,1.0,0.0,1.0,0.0,0.0,0.0,1.0,1.0,1.0,0.0,1.0,1.0,0.0,,1.0,0.0,1.0,1.0,0.0,0.0,1.0,0.0,1.0,1.0,1.0,1.0,0.0,0.0,1.0,,0.0,0.0,,0.0,0.0,0.0,1.0,0.0,1.0,1.0,0.0,1.0,1.0,1.0,1.0,1.0,0.0,0.0,,1.0,1.0,1.0,1.0,1.0,1.0,0.0,0.0,0.0,1.0,1.0,1.0,,0.0,,1.0,1.0,1.0,1.0,1.0,0.0,0.0,1.0,1.0,1.0,0.0,0.0,1.0,1.0,1.0,1.0,1.0,0.0,0.0,1.0,0.0,0.0,0.0,0.0,1.0,1.0,0.0,1.0,1.0,1.0,1.0,0.0,0.0,1.0,1.0,1.0,1.0,1.0,0.0,0.0,0.0,1.0,1.0,0.0,1.0,0.0,1.0,1.0,0.0,0.0,1.0,1.0,0.0,,0.0,1.0,0.0,1.0,1.0,0.0,0.0,,0.0,1.0,0.0,0.0,0.0,1.0,1.0,1.0,0.0,0.0,1.0,0.0,,1.0,1.0,1.0,1.0,1.0,1.0,1.0,1.0,1.0,1.0,,1.0,1.0,1.0,0.0,0.0,0.0,1.0,,0.0,0.0,0.0,1.0,0.0,0.0,1.0,0.0,,0.0,0.0,0.0,0.0,1.0,0.0,1.0,0.0,1.0,1.0,0.0,0.0,1.0,0.0,0.0,0.0,0.0,0.0,1.0,0.0,1.0,1.0,1.0,1.0,1.0,0.0,0.0,0.0,0.0,1.0,1.0,1.0,0.0,1.0,0.0,0.0,1.0,0.0,,0.0,,0.0,1.0,0.0,1.0,1.0,1.0,1.0,1.0,1.0,0.0,0.0,0.0,1.0,0.0,1.0,1.0,1.0,1.0,1.0,1.0,0.0,1.0,0.0,1.0,1.0,1.0,1.0,0.0,0.0,0.0,1.0,0.0,0.0,1.0,0.0,1.0,1.0,1.0,1.0,0.0,0.0,0.0,0.0,1.0,1.0,1.0,1.0,0.0,0.0,1.0,0.0,1.0,1.0,1.0,0.0,0.0,1.0,1.0,1.0,1.0,1.0,1.0,1.0,,0.0,1.0,0.0,1.0,0.0,0.0,0.0,0.0,1.0,0.0,1.0,0.0,1.0,1.0,1.0,1.0,1.0,1.0,1.0,1.0,1.0,1.0,1.0,0.0,0.0,0.0,0.0,1.0,0.0,0.0,1.0,0.0,1.0,1.0,1.0,0.0,1.0,0.0,0.0,1.0,,1.0,1.0,1.0,1.0,1.0,0.0,,,1.0,0.0,1.0,0.0,0.0,1.0,0.0,0.0,1.0,0.0,1.0,1.0,0.0,0.0,0.0,1.0,1.0,0.0,1.0,0.0,0.0,1.0,0.0,1.0,1.0,0.0,1.0,0.0,1.0,0.0,1.0,1.0,1.0,1.0,,0.0,0.0,1.0,0.0,0.0,0.0,0.0,0.0,0.0,1.0,1.0,,0.0,1.0,0.0,0.0,0.0,0.0,1.0,0.0,0.0,1.0,0.0,0.0,0.0,1.0,1.0,0.0,0.0,0.0,0.0,0.0,0.0,1.0,,1.0,0.0,1.0,1.0,1.0,0.0,1.0,1.0,0.0,0.0,0.0,0.0,,0.0,0.0,0.0,1.0,1.0,0.0,1.0,0.0,0.0,0.0,1.0,1.0,1.0,0.0,,0.0,0.0,0.0,1.0,0.0,,0.0,0.0,0.0,1.0,0.0,1.0,0.0,1.0,0.0,1.0,0.0,1.0,0.0,1.0,0.0,0.0,0.0,1.0,,0.0,0.0,1.0,1.0,0.0,1.0,0.0,0.0,,1.0,1.0,1.0,0.0,0.0,1.0,0.0,0.0,,,,,1.0,0.0,0.0
Rossoni,,,,,,,,,,,,,1.0,1.0,,,0.0,1.0,0.0,0.0,,1.0,,,,,,,,,,,,,,,,,,,,,,,,,,,,,,,1.0,1.0,1.0,,,1.0,,1.0,1.0,1.0,,,,,1.0,,,,,,,,,,,,,1.0,,,,,,,,,1.0,1.0,1.0,1.0,1.0,0.0,,1.0,,,,,,,,1.0,1.0,,,1.0,0.0,1.0,,1.0,0.0,,,,,,,,,,,,,,,,,,,,,,,,,,,,,,,,,,,,,,,,,,,,,,,,,,,,,,,,,,1.0,,,,,,,,,,,,,,,,,,,,,,,,,,,,,,,,0.0,,,,,,,,,,,,,,,,,,,,,,,,,,,,,,,,,,,,,,,,,,,,,,,,,,,,,,,,,,,,,,,,,,,,,,,,,,,,,,,,,,,,,,,,,,,,,,,,,,,,,,,,,,,,,,,,,,,,,,,,,,,,,,,,,,,,,,,,,,,,,,,,,,,,,,,,,,,,,,,,,,,,,,,,,,,,,,,,,,,,,,,,,,,,,,,,,,,,,,,,,,,,,,,,,,,,,,,,,,,,,,,,,,,,,,,,,,,,,,,,,,,,,,,,,,,,,,,,,,,,,,,,,,,,,,,,,,,,,,,,,,,,,,,,,,,,,,,,,,,,,,
Rrenato Queiroz,,,,,,,,,,,,,,,,,,,,,,,,,,,,,,,,,,,,,,,,,,,,,,,,,,,,,,,,,,,,,,,,,,,,,,,,,,,,,,,,,,,,,,,1.0,1.0,,,,,,,,,,,,0.0,0.0,0.0,1.0,,,,,,,,,,,1.0,1.0,1.0,0.0,0.0,0.0,0.0,1.0,0.0,0.0,0.0,,,,,,,,,,,,,,,,,,,,,,,,,,,,,,,,,,,,,,,,,,,0.0,0.0,,,,,,,,,,,,,,,,,,,,,,,,,,1.0,,,,,,,,,,,,,,,,,,,,,,,,,,,,,,,,,,,,,,,,,,,,,,,,,0.0,,,,,,,,,,,,,,,,,,,,,,,,,,,,,,,,,,,,,,,,,,,,,,,,,,,,,,,,,,,,,,1.0,0.0,0.0,1.0,0.0,0.0,,0.0,1.0,1.0,1.0,1.0,,,,,,,,,,,,,,,,,,,,,,,,,,,,,,,,,,,,,,,,,,,0.0,,0.0,0.0,0.0,1.0,0.0,,1.0,1.0,0.0,1.0,1.0,0.0,0.0,,,,1.0,0.0,0.0,,,,,,,,,,,,,,1.0,0.0,1.0,1.0,,0.0,0.0,0.0,0.0,0.0,,0.0,0.0,0.0,1.0,0.0,1.0,0.0,0.0,0.0,1.0,1.0,,0.0,,0.0,0.0,1.0,,,,0.0,0.0,0.0,1.0,0.0,1.0,1.0,,0.0,1.0,0.0,1.0,1.0,0.0,,0.0,0.0,0.0,0.0,0.0,0.0,1.0,1.0,1.0,,0.0,1.0,,0.0,1.0,1.0,1.0,1.0,1.0,0.0,0.0,1.0,0.0,0.0,0.0,0.0,0.0,1.0,,1.0,0.0,0.0,0.0,,,0.0,0.0,1.0,1.0,0.0,0.0,1.0,0.0,,0.0,1.0,1.0,0.0,1.0,0.0,,1.0,1.0,1.0,1.0,,,,,0.0,0.0,0.0,0.0,0.0,1.0,0.0,1.0
Rubens Bueno,0.0,,1.0,1.0,1.0,1.0,1.0,1.0,0.0,1.0,1.0,1.0,0.0,1.0,0.0,1.0,0.0,1.0,0.0,0.0,1.0,0.0,0.0,1.0,,1.0,1.0,0.0,1.0,1.0,0.0,1.0,0.0,,0.0,0.0,1.0,0.0,0.0,0.0,0.0,0.0,0.0,1.0,0.0,1.0,0.0,1.0,1.0,0.0,0.0,1.0,0.0,1.0,1.0,0.0,0.0,,0.0,1.0,0.0,0.0,1.0,0.0,0.0,1.0,1.0,1.0,0.0,0.0,0.0,0.0,0.0,0.0,0.0,0.0,0.0,1.0,0.0,1.0,0.0,1.0,1.0,0.0,0.0,,1.0,1.0,1.0,1.0,1.0,1.0,0.0,0.0,1.0,1.0,1.0,1.0,,0.0,0.0,0.0,1.0,1.0,1.0,1.0,0.0,0.0,1.0,1.0,1.0,0.0,0.0,1.0,0.0,1.0,1.0,1.0,0.0,0.0,1.0,0.0,0.0,1.0,1.0,1.0,0.0,0.0,1.0,1.0,1.0,1.0,1.0,1.0,1.0,0.0,0.0,0.0,1.0,0.0,0.0,0.0,1.0,0.0,0.0,1.0,0.0,1.0,1.0,,0.0,1.0,1.0,0.0,0.0,0.0,1.0,0.0,1.0,1.0,0.0,0.0,1.0,0.0,1.0,0.0,0.0,0.0,1.0,1.0,1.0,1.0,0.0,1.0,0.0,0.0,1.0,1.0,1.0,1.0,1.0,0.0,0.0,1.0,1.0,1.0,0.0,1.0,1.0,1.0,0.0,0.0,0.0,1.0,0.0,0.0,0.0,0.0,1.0,0.0,0.0,1.0,0.0,,0.0,0.0,0.0,0.0,1.0,1.0,1.0,0.0,0.0,0.0,0.0,,1.0,0.0,0.0,1.0,1.0,1.0,1.0,0.0,1.0,1.0,0.0,1.0,1.0,0.0,0.0,0.0,0.0,1.0,1.0,1.0,0.0,1.0,0.0,1.0,0.0,1.0,1.0,0.0,0.0,1.0,0.0,0.0,0.0,,1.0,1.0,0.0,0.0,1.0,0.0,0.0,1.0,0.0,1.0,1.0,1.0,1.0,1.0,1.0,0.0,1.0,0.0,1.0,0.0,0.0,1.0,1.0,0.0,1.0,0.0,1.0,0.0,1.0,1.0,0.0,1.0,1.0,0.0,0.0,0.0,0.0,0.0,1.0,1.0,1.0,1.0,0.0,0.0,1.0,1.0,0.0,1.0,1.0,1.0,0.0,1.0,1.0,1.0,1.0,0.0,0.0,1.0,0.0,0.0,0.0,0.0,0.0,1.0,0.0,1.0,0.0,1.0,1.0,1.0,1.0,1.0,1.0,0.0,0.0,1.0,1.0,1.0,1.0,1.0,1.0,0.0,0.0,0.0,0.0,0.0,0.0,0.0,0.0,0.0,0.0,0.0,1.0,1.0,0.0,1.0,0.0,0.0,1.0,,1.0,1.0,1.0,1.0,0.0,0.0,0.0,1.0,1.0,0.0,0.0,0.0,0.0,0.0,0.0,0.0,1.0,0.0,1.0,0.0,0.0,0.0,0.0,1.0,0.0,0.0,1.0,0.0,0.0,0.0,0.0,1.0,0.0,0.0,0.0,0.0,1.0,0.0,0.0,1.0,1.0,1.0,1.0,0.0,1.0,1.0,1.0,0.0,0.0,0.0,0.0,0.0,1.0,0.0,0.0,0.0,0.0,0.0,1.0,0.0,0.0,0.0,0.0,1.0,1.0,0.0,0.0,1.0,1.0,0.0,0.0,,0.0,0.0,0.0,0.0,1.0,0.0,1.0,1.0,0.0,0.0,1.0,1.0,1.0,1.0,0.0,0.0,0.0,0.0,0.0,0.0,0.0,0.0,1.0,1.0,0.0,1.0,0.0,0.0,0.0,1.0,1.0,1.0,1.0,1.0,0.0,0.0,0.0,1.0,0.0,0.0,0.0,0.0,0.0,1.0,1.0,1.0,0.0,0.0,0.0,1.0,1.0,1.0,0.0,1.0,1.0,1.0,1.0,1.0,0.0,0.0,0.0,1.0,1.0,0.0,1.0,1.0,0.0,1.0,1.0,1.0,1.0,0.0,,1.0,0.0,0.0,0.0,0.0,0.0,0.0,1.0,0.0,0.0
Rubens Otoni,,,1.0,1.0,1.0,1.0,1.0,,1.0,1.0,1.0,1.0,1.0,,,1.0,1.0,0.0,1.0,1.0,,,1.0,1.0,,1.0,1.0,0.0,1.0,0.0,,,,,,,,1.0,1.0,1.0,,1.0,0.0,0.0,,1.0,0.0,,,,,,,1.0,1.0,0.0,0.0,1.0,,1.0,1.0,1.0,,,,,0.0,1.0,,,,,,,,,,,,,,1.0,,,1.0,,1.0,1.0,1.0,1.0,,1.0,0.0,1.0,,1.0,1.0,1.0,,,,1.0,0.0,1.0,1.0,1.0,,0.0,1.0,1.0,1.0,0.0,0.0,0.0,0.0,0.0,1.0,0.0,,1.0,0.0,1.0,1.0,0.0,,0.0,0.0,,1.0,,0.0,1.0,1.0,1.0,1.0,0.0,0.0,0.0,1.0,0.0,1.0,0.0,,1.0,0.0,1.0,0.0,1.0,0.0,,,,,,1.0,,0.0,,,,,0.0,,,,,1.0,0.0,1.0,1.0,1.0,0.0,,,,,0.0,,0.0,0.0,0.0,0.0,0.0,0.0,0.0,0.0,0.0,0.0,0.0,0.0,,,1.0,0.0,,0.0,1.0,1.0,,,0.0,1.0,,,,1.0,1.0,1.0,0.0,1.0,1.0,1.0,,,1.0,,0.0,1.0,1.0,0.0,0.0,0.0,0.0,1.0,0.0,0.0,0.0,0.0,0.0,1.0,1.0,,1.0,0.0,0.0,0.0,1.0,0.0,1.0,1.0,0.0,1.0,1.0,1.0,1.0,,1.0,1.0,1.0,1.0,,1.0,0.0,,1.0,0.0,1.0,1.0,0.0,1.0,0.0,1.0,0.0,1.0,0.0,0.0,1.0,1.0,0.0,1.0,0.0,1.0,1.0,,1.0,0.0,0.0,1.0,0.0,1.0,0.0,0.0,,,,,1.0,,0.0,0.0,0.0,,,1.0,0.0,0.0,0.0,1.0,,1.0,0.0,1.0,,1.0,1.0,1.0,0.0,1.0,0.0,1.0,1.0,0.0,0.0,0.0,0.0,0.0,1.0,1.0,1.0,0.0,1.0,0.0,0.0,0.0,1.0,0.0,0.0,1.0,1.0,0.0,0.0,0.0,1.0,1.0,1.0,,0.0,,0.0,1.0,1.0,1.0,1.0,1.0,0.0,0.0,0.0,1.0,1.0,0.0,1.0,1.0,1.0,,,,0.0,1.0,,0.0,1.0,0.0,0.0,0.0,1.0,0.0,0.0,0.0,,,,,0.0,,0.0,1.0,1.0,1.0,1.0,0.0,0.0,1.0,1.0,1.0,1.0,0.0,1.0,,1.0,1.0,1.0,1.0,,0.0,0.0,0.0,,,,,,,,,,1.0,0.0,1.0,0.0,0.0,,,,,,,1.0,1.0,1.0,0.0,,,,,,,,,,0.0,1.0,,0.0,1.0,0.0,,,,,,,,,,,,,,,0.0,0.0,1.0,1.0,1.0,0.0,0.0,0.0,0.0,1.0,1.0,1.0,1.0,,,0.0,0.0,,0.0,1.0,1.0,,1.0,1.0,0.0,0.0,,1.0,,,1.0,0.0,0.0,,,1.0,,,1.0,,,0.0,0.0,,1.0,,,1.0,0.0,0.0,,,,1.0,,1.0
Rubens Pereira Júnior,1.0,,,,,,,1.0,1.0,1.0,1.0,1.0,0.0,1.0,1.0,1.0,0.0,0.0,1.0,1.0,1.0,0.0,1.0,1.0,,,,,,,,,,,,,,,,,,,,,,,,,1.0,0.0,,1.0,,,,,,,,1.0,1.0,1.0,,0.0,0.0,1.0,1.0,,,1.0,,,,,,,,,,,,,,,1.0,,1.0,1.0,1.0,,,,0.0,0.0,1.0,,,,,0.0,0.0,1.0,,1.0,1.0,1.0,0.0,0.0,1.0,1.0,1.0,0.0,0.0,0.0,0.0,0.0,1.0,0.0,,0.0,0.0,1.0,1.0,1.0,,,,,,,,,,,,,,,,,,,1.0,1.0,0.0,1.0,0.0,1.0,,,,,,,,,,,,,,,,,,,,,,1.0,1.0,,,,,,,,,,,,,,,,,,,,,,,1.0,,,,,,,,,,,1.0,1.0,1.0,1.0,0.0,1.0,1.0,1.0,,,,,,,,,,,,,,,,,,,,,,,,,,,,,,,1.0,,,,,,,,,,,,,,,,,,,,,,,,,,,,,,,,,,,,,,,,,,,,,,,,,,,,,,,,,,,,,,,1.0,0.0,0.0,0.0,1.0,1.0,0.0,0.0,0.0,0.0,0.0,,,,,,,,,,,,,,,,,,,,,,,,,,,,,,,,,,,,,,,,,,,,,1.0,0.0,,0.0,0.0,,1.0,0.0,1.0,,,,,,,,,,,,,,,,,,,,,,,,1.0,,,0.0,,,,,,,1.0,1.0,,1.0,0.0,,0.0,,,,,,,1.0,1.0,1.0,1.0,0.0,,,,,,,,,0.0,0.0,1.0,,0.0,,0.0,0.0,1.0,,,,,,,,,,,1.0,1.0,,,1.0,1.0,1.0,0.0,0.0,0.0,,1.0,1.0,1.0,1.0,1.0,1.0,1.0,0.0,0.0,0.0,1.0,,0.0,1.0,1.0,,1.0,1.0,1.0,1.0,1.0,1.0,1.0,1.0,1.0,0.0,1.0,0.0,1.0,1.0,,1.0,0.0,0.0,1.0,,,,,0.0,0.0,0.0,,0.0,1.0,0.0,1.0
Rui Falcão,1.0,1.0,1.0,1.0,1.0,1.0,1.0,1.0,1.0,,1.0,1.0,1.0,0.0,1.0,1.0,1.0,0.0,1.0,1.0,1.0,0.0,0.0,1.0,,1.0,,0.0,1.0,0.0,,,,,,,,1.0,1.0,1.0,1.0,1.0,,0.0,,,,,1.0,0.0,0.0,1.0,0.0,1.0,1.0,0.0,0.0,1.0,0.0,1.0,1.0,1.0,0.0,,,,0.0,1.0,,,,,,,,,,,,1.0,,1.0,1.0,0.0,1.0,,1.0,1.0,1.0,,1.0,1.0,,1.0,1.0,1.0,1.0,1.0,,0.0,0.0,1.0,0.0,1.0,1.0,1.0,0.0,0.0,1.0,1.0,1.0,0.0,0.0,0.0,0.0,0.0,1.0,0.0,1.0,1.0,0.0,1.0,1.0,0.0,1.0,0.0,0.0,1.0,1.0,1.0,0.0,1.0,1.0,1.0,1.0,0.0,0.0,0.0,1.0,0.0,0.0,0.0,1.0,1.0,0.0,1.0,0.0,0.0,0.0,,,,,,,,0.0,,,,,0.0,,,,,1.0,,1.0,1.0,1.0,0.0,1.0,,,,0.0,,0.0,0.0,0.0,0.0,0.0,0.0,0.0,,0.0,0.0,0.0,0.0,1.0,0.0,1.0,0.0,1.0,,1.0,1.0,1.0,1.0,0.0,,,,1.0,1.0,1.0,1.0,0.0,1.0,1.0,1.0,0.0,1.0,1.0,0.0,0.0,1.0,1.0,0.0,0.0,0.0,0.0,1.0,0.0,0.0,0.0,0.0,0.0,1.0,1.0,1.0,1.0,0.0,0.0,0.0,1.0,0.0,1.0,1.0,0.0,1.0,1.0,1.0,1.0,0.0,1.0,1.0,1.0,1.0,1.0,1.0,0.0,,1.0,0.0,1.0,1.0,0.0,1.0,0.0,1.0,1.0,1.0,0.0,0.0,1.0,1.0,0.0,1.0,0.0,1.0,1.0,,1.0,0.0,0.0,1.0,0.0,1.0,0.0,0.0,0.0,0.0,1.0,1.0,1.0,1.0,0.0,0.0,0.0,1.0,,1.0,0.0,0.0,0.0,1.0,0.0,1.0,0.0,1.0,1.0,1.0,1.0,1.0,0.0,0.0,0.0,1.0,1.0,,0.0,0.0,0.0,0.0,1.0,1.0,1.0,0.0,1.0,0.0,0.0,0.0,0.0,0.0,0.0,1.0,1.0,0.0,0.0,0.0,1.0,1.0,1.0,1.0,0.0,1.0,1.0,1.0,1.0,1.0,1.0,0.0,0.0,0.0,0.0,1.0,1.0,0.0,1.0,1.0,,1.0,0.0,,0.0,1.0,1.0,0.0,1.0,0.0,0.0,0.0,1.0,0.0,0.0,0.0,1.0,0.0,,,0.0,1.0,0.0,1.0,1.0,1.0,1.0,0.0,0.0,1.0,1.0,1.0,1.0,0.0,1.0,0.0,1.0,1.0,1.0,1.0,1.0,0.0,0.0,0.0,,,,,,,1.0,1.0,,1.0,0.0,1.0,0.0,0.0,0.0,0.0,0.0,,,,1.0,1.0,1.0,0.0,,,,,,,,,0.0,0.0,1.0,1.0,0.0,1.0,0.0,0.0,1.0,,,,,,,,,,,,1.0,0.0,0.0,1.0,1.0,1.0,0.0,0.0,0.0,0.0,1.0,1.0,1.0,1.0,0.0,0.0,0.0,0.0,0.0,0.0,0.0,1.0,0.0,1.0,1.0,0.0,0.0,1.0,1.0,1.0,1.0,1.0,0.0,0.0,1.0,0.0,1.0,0.0,1.0,1.0,0.0,1.0,0.0,0.0,1.0,1.0,1.0,0.0,1.0,1.0,0.0,0.0,0.0,0.0,1.0,0.0,1.0
Ruy Carneiro,1.0,0.0,1.0,1.0,1.0,1.0,1.0,,,1.0,,,0.0,1.0,0.0,1.0,,0.0,1.0,0.0,,1.0,,,0.0,1.0,0.0,1.0,,1.0,1.0,1.0,,,0.0,0.0,1.0,1.0,0.0,1.0,0.0,,0.0,1.0,1.0,,0.0,1.0,1.0,0.0,0.0,,,,,,,,0.0,1.0,1.0,1.0,1.0,,,,1.0,1.0,0.0,,0.0,0.0,0.0,1.0,0.0,,1.0,0.0,1.0,,1.0,1.0,1.0,,0.0,,1.0,1.0,1.0,,,,,,1.0,,1.0,1.0,,0.0,0.0,1.0,1.0,1.0,1.0,0.0,,0.0,1.0,1.0,1.0,0.0,0.0,1.0,1.0,1.0,0.0,1.0,0.0,,,,,1.0,0.0,0.0,,0.0,0.0,0.0,1.0,1.0,1.0,0.0,1.0,1.0,1.0,1.0,1.0,,0.0,0.0,1.0,1.0,0.0,1.0,,,1.0,,,,,,,,,0.0,,1.0,0.0,0.0,,,1.0,0.0,0.0,,1.0,1.0,1.0,0.0,0.0,,0.0,,1.0,1.0,1.0,1.0,1.0,1.0,1.0,,1.0,1.0,1.0,1.0,0.0,1.0,0.0,1.0,1.0,1.0,0.0,,0.0,0.0,1.0,0.0,0.0,1.0,0.0,,0.0,0.0,0.0,0.0,1.0,0.0,1.0,0.0,1.0,0.0,,,1.0,,0.0,1.0,0.0,,0.0,0.0,1.0,1.0,,1.0,,0.0,0.0,,0.0,1.0,1.0,1.0,0.0,1.0,0.0,1.0,0.0,0.0,1.0,0.0,0.0,1.0,1.0,1.0,1.0,1.0,1.0,,1.0,1.0,0.0,1.0,0.0,1.0,,1.0,1.0,1.0,1.0,1.0,0.0,0.0,1.0,0.0,1.0,1.0,1.0,1.0,1.0,0.0,0.0,1.0,,0.0,1.0,0.0,0.0,0.0,1.0,1.0,0.0,,0.0,0.0,1.0,1.0,1.0,1.0,0.0,1.0,1.0,0.0,1.0,1.0,1.0,0.0,0.0,1.0,1.0,1.0,1.0,0.0,0.0,1.0,0.0,0.0,0.0,0.0,,1.0,1.0,1.0,0.0,1.0,0.0,1.0,0.0,1.0,1.0,0.0,1.0,1.0,1.0,1.0,1.0,1.0,1.0,1.0,0.0,0.0,0.0,0.0,1.0,0.0,0.0,0.0,0.0,,,,,,,,,,,,1.0,1.0,,0.0,0.0,1.0,1.0,0.0,1.0,,,1.0,1.0,0.0,1.0,0.0,1.0,0.0,,0.0,0.0,1.0,1.0,0.0,1.0,0.0,0.0,1.0,0.0,1.0,,0.0,1.0,0.0,1.0,0.0,1.0,1.0,1.0,1.0,1.0,0.0,1.0,,1.0,0.0,0.0,0.0,0.0,0.0,1.0,0.0,,,,,1.0,,0.0,,,,,,0.0,,,,0.0,,,,0.0,0.0,,1.0,1.0,,,,,,,1.0,0.0,,,,0.0,,0.0,0.0,,,0.0,1.0,,0.0,0.0,1.0,1.0,1.0,0.0,1.0,0.0,0.0,0.0,1.0,0.0,1.0,,,,,,,,,,,,,1.0,1.0,,,,,,0.0,,1.0,,0.0,1.0,1.0,,,1.0,1.0,1.0,,,1.0,0.0,0.0,0.0,0.0,,0.0,1.0,0.0,1.0
Samuel Moreira,1.0,0.0,1.0,0.0,1.0,1.0,0.0,1.0,0.0,1.0,0.0,1.0,0.0,1.0,0.0,1.0,0.0,0.0,0.0,0.0,1.0,1.0,1.0,0.0,0.0,1.0,0.0,0.0,1.0,1.0,1.0,1.0,0.0,0.0,0.0,0.0,1.0,1.0,0.0,0.0,0.0,0.0,0.0,1.0,1.0,1.0,0.0,1.0,1.0,,0.0,,0.0,1.0,1.0,0.0,0.0,1.0,0.0,0.0,0.0,0.0,1.0,,0.0,1.0,1.0,1.0,0.0,0.0,0.0,0.0,0.0,1.0,0.0,1.0,1.0,0.0,1.0,1.0,1.0,1.0,1.0,1.0,0.0,,1.0,1.0,1.0,0.0,,0.0,0.0,0.0,1.0,1.0,1.0,1.0,,0.0,0.0,1.0,1.0,1.0,1.0,0.0,0.0,0.0,0.0,1.0,0.0,0.0,0.0,1.0,1.0,1.0,0.0,1.0,0.0,0.0,1.0,0.0,0.0,1.0,0.0,1.0,0.0,0.0,0.0,0.0,1.0,1.0,1.0,0.0,1.0,1.0,1.0,1.0,1.0,0.0,0.0,0.0,1.0,0.0,0.0,1.0,0.0,1.0,1.0,0.0,0.0,1.0,1.0,0.0,0.0,0.0,1.0,0.0,1.0,1.0,0.0,0.0,1.0,0.0,1.0,0.0,0.0,0.0,1.0,1.0,1.0,1.0,0.0,1.0,0.0,0.0,1.0,1.0,1.0,1.0,1.0,1.0,1.0,1.0,1.0,1.0,1.0,1.0,1.0,1.0,0.0,1.0,1.0,1.0,0.0,0.0,0.0,0.0,1.0,0.0,0.0,1.0,0.0,,0.0,0.0,0.0,0.0,1.0,0.0,1.0,0.0,1.0,0.0,0.0,0.0,1.0,0.0,0.0,1.0,0.0,0.0,1.0,0.0,1.0,1.0,1.0,1.0,1.0,0.0,0.0,0.0,0.0,1.0,1.0,1.0,0.0,1.0,0.0,0.0,1.0,0.0,1.0,0.0,0.0,1.0,0.0,0.0,1.0,1.0,1.0,1.0,1.0,1.0,0.0,1.0,0.0,1.0,0.0,1.0,1.0,1.0,1.0,1.0,1.0,1.0,1.0,0.0,1.0,1.0,1.0,1.0,0.0,0.0,0.0,1.0,0.0,0.0,1.0,0.0,1.0,1.0,1.0,1.0,0.0,0.0,0.0,0.0,1.0,1.0,1.0,1.0,0.0,0.0,0.0,1.0,1.0,1.0,1.0,0.0,0.0,1.0,1.0,1.0,1.0,0.0,0.0,1.0,0.0,0.0,0.0,0.0,1.0,1.0,1.0,1.0,0.0,1.0,0.0,1.0,0.0,1.0,1.0,0.0,1.0,1.0,1.0,1.0,1.0,1.0,1.0,1.0,0.0,0.0,0.0,0.0,1.0,0.0,0.0,0.0,0.0,0.0,1.0,1.0,0.0,1.0,1.0,0.0,0.0,1.0,0.0,1.0,1.0,1.0,0.0,0.0,0.0,1.0,1.0,0.0,1.0,0.0,0.0,1.0,1.0,0.0,1.0,0.0,1.0,0.0,0.0,0.0,0.0,1.0,1.0,0.0,1.0,0.0,0.0,1.0,0.0,1.0,1.0,0.0,0.0,0.0,1.0,0.0,1.0,1.0,1.0,1.0,1.0,0.0,1.0,1.0,1.0,0.0,0.0,0.0,0.0,0.0,1.0,0.0,0.0,0.0,1.0,0.0,1.0,0.0,0.0,1.0,0.0,0.0,,0.0,0.0,0.0,0.0,1.0,0.0,0.0,0.0,0.0,0.0,0.0,1.0,,1.0,1.0,0.0,0.0,1.0,0.0,1.0,1.0,0.0,0.0,0.0,0.0,0.0,0.0,0.0,0.0,1.0,1.0,0.0,1.0,0.0,0.0,0.0,1.0,1.0,1.0,1.0,1.0,1.0,0.0,0.0,1.0,0.0,1.0,0.0,1.0,1.0,1.0,0.0,1.0,0.0,0.0,0.0,0.0,1.0,1.0,0.0,1.0,1.0,0.0,0.0,1.0,0.0,0.0,0.0,1.0,0.0,0.0,1.0,1.0,0.0,1.0,1.0,1.0,1.0,0.0,0.0,1.0,0.0,0.0,0.0,0.0,0.0,0.0,1.0,0.0,0.0
Sanderson,0.0,0.0,1.0,0.0,1.0,1.0,0.0,1.0,0.0,1.0,0.0,1.0,1.0,0.0,0.0,,0.0,1.0,0.0,,1.0,,0.0,0.0,0.0,,0.0,0.0,1.0,1.0,0.0,1.0,0.0,,,,,0.0,0.0,,0.0,0.0,0.0,1.0,0.0,1.0,,1.0,1.0,0.0,0.0,1.0,1.0,,0.0,1.0,1.0,1.0,0.0,1.0,0.0,1.0,1.0,0.0,0.0,1.0,1.0,0.0,0.0,0.0,,0.0,,1.0,,1.0,,,,1.0,1.0,1.0,1.0,0.0,,,0.0,0.0,1.0,1.0,1.0,1.0,1.0,0.0,0.0,1.0,1.0,,,0.0,0.0,0.0,1.0,0.0,0.0,0.0,0.0,1.0,0.0,0.0,0.0,1.0,1.0,1.0,1.0,1.0,0.0,0.0,0.0,0.0,1.0,0.0,0.0,0.0,0.0,1.0,1.0,0.0,0.0,,1.0,0.0,0.0,0.0,,1.0,1.0,1.0,0.0,,0.0,0.0,1.0,0.0,1.0,,,1.0,1.0,0.0,0.0,1.0,1.0,0.0,0.0,0.0,1.0,0.0,1.0,1.0,0.0,0.0,1.0,,1.0,0.0,0.0,,1.0,,1.0,0.0,0.0,1.0,,0.0,1.0,1.0,1.0,1.0,1.0,1.0,1.0,1.0,1.0,1.0,1.0,1.0,1.0,1.0,0.0,1.0,0.0,1.0,0.0,0.0,0.0,0.0,1.0,0.0,0.0,1.0,,,0.0,0.0,0.0,0.0,1.0,0.0,0.0,,1.0,1.0,0.0,0.0,1.0,0.0,0.0,1.0,1.0,1.0,1.0,0.0,1.0,1.0,1.0,1.0,1.0,,0.0,0.0,0.0,1.0,1.0,1.0,,1.0,0.0,0.0,1.0,,,0.0,1.0,1.0,0.0,0.0,0.0,,1.0,1.0,1.0,0.0,0.0,0.0,0.0,0.0,0.0,1.0,1.0,1.0,1.0,1.0,1.0,1.0,1.0,0.0,1.0,0.0,1.0,0.0,0.0,0.0,0.0,1.0,0.0,0.0,1.0,0.0,1.0,1.0,1.0,1.0,0.0,0.0,0.0,0.0,1.0,1.0,1.0,0.0,0.0,,1.0,1.0,,0.0,1.0,0.0,1.0,0.0,0.0,0.0,1.0,,0.0,1.0,1.0,0.0,0.0,0.0,1.0,1.0,1.0,1.0,0.0,1.0,0.0,1.0,0.0,1.0,1.0,0.0,1.0,0.0,1.0,1.0,1.0,1.0,1.0,1.0,0.0,0.0,,,1.0,,0.0,0.0,0.0,0.0,1.0,1.0,1.0,1.0,1.0,0.0,0.0,0.0,0.0,1.0,1.0,0.0,1.0,,0.0,,,1.0,0.0,,0.0,1.0,0.0,0.0,1.0,1.0,0.0,1.0,1.0,0.0,0.0,1.0,1.0,0.0,1.0,0.0,0.0,1.0,0.0,0.0,0.0,0.0,,0.0,0.0,0.0,0.0,1.0,1.0,1.0,1.0,0.0,1.0,1.0,1.0,0.0,0.0,0.0,0.0,0.0,1.0,0.0,,0.0,1.0,0.0,1.0,1.0,1.0,1.0,1.0,0.0,1.0,0.0,0.0,0.0,0.0,1.0,0.0,0.0,0.0,0.0,0.0,0.0,1.0,0.0,1.0,,0.0,,1.0,0.0,,1.0,0.0,0.0,0.0,0.0,0.0,,0.0,0.0,1.0,,0.0,1.0,0.0,1.0,0.0,0.0,1.0,0.0,1.0,1.0,1.0,1.0,0.0,,0.0,0.0,0.0,,0.0,1.0,,1.0,0.0,0.0,0.0,0.0,0.0,1.0,,,0.0,0.0,0.0,1.0,,,0.0,1.0,1.0,0.0,1.0,0.0,,1.0,,1.0,1.0,0.0,0.0,1.0,,,0.0,0.0,,,,0.0,0.0
Sandro Alex,,,,,,,,1.0,0.0,,0.0,1.0,,,,,,,,,,,0.0,,,,,,,,,,,,,,,,,,,,,,,1.0,0.0,1.0,1.0,,0.0,1.0,,,,,,,,,,,,,,,,,,,,,,,,,,,,,,,,,,,,,,,,,,,,,,,,,,,,0.0,0.0,1.0,0.0,0.0,1.0,0.0,1.0,1.0,1.0,,,,,,,,,,,,,,,,,,,,,,,,,,,,,,1.0,0.0,1.0,1.0,0.0,1.0,,,,,,,,,,,,,,,,,,,,,,,,,,,,,,,,,,,,,,,,,,,,,,,,,,,,,,,,,,,,,,,,,,,,,,,,,,,,,,,,,,,,,,,,,,,,,,,,,,,,,,,,,,,,,,,,,,,,,,,,,,,,,,,,,,,,,,,,,,,,,,,,,,,,,,,,,,,,,,,,,,,,,,,,,,,,,,,,,,,,,,,,,,,,,,,,,,,,,,,,,,,,,,,,,,,,,,,,,,,,,,,,,,,,,,,,,,,,,,,,,,,,,,,,,,,,,,,,,,,,,,,,,,,,,,,,,,,,,,,,,,,,,,,,,,,,,,,,,,,,,,,,,,,,,,,,,,,,,,,,,,,,,,,,,,,,,,,,,,,,,,,,,,,,,,,,,,,,,
Santini,,,1.0,0.0,,1.0,1.0,,,,,,,,,,,,,,,,,,0.0,1.0,0.0,1.0,0.0,1.0,0.0,1.0,0.0,,0.0,0.0,1.0,,0.0,1.0,0.0,1.0,0.0,1.0,,,,,,,,,,,,,,,0.0,,,,1.0,0.0,0.0,,,0.0,,,1.0,,,1.0,0.0,1.0,1.0,0.0,1.0,,1.0,1.0,1.0,0.0,0.0,,1.0,1.0,,,,,,,,,,,,,,1.0,1.0,,,,,,,,,,,1.0,,1.0,0.0,0.0,0.0,0.0,1.0,0.0,0.0,0.0,0.0,1.0,1.0,0.0,0.0,0.0,1.0,0.0,0.0,0.0,0.0,1.0,1.0,1.0,1.0,,0.0,0.0,,,,,,,1.0,0.0,0.0,1.0,1.0,0.0,,,,0.0,1.0,1.0,0.0,0.0,1.0,0.0,1.0,0.0,0.0,,1.0,,,0.0,0.0,,,0.0,,1.0,1.0,1.0,1.0,0.0,0.0,1.0,1.0,1.0,0.0,1.0,1.0,1.0,,1.0,0.0,1.0,0.0,0.0,0.0,0.0,1.0,1.0,0.0,1.0,,,0.0,0.0,0.0,0.0,1.0,0.0,0.0,0.0,1.0,1.0,0.0,0.0,1.0,0.0,0.0,,1.0,1.0,1.0,0.0,1.0,1.0,1.0,1.0,1.0,0.0,0.0,0.0,0.0,1.0,1.0,1.0,0.0,1.0,0.0,0.0,1.0,0.0,0.0,,1.0,1.0,1.0,0.0,1.0,1.0,1.0,,0.0,0.0,0.0,0.0,0.0,1.0,0.0,1.0,1.0,,1.0,1.0,1.0,1.0,1.0,1.0,1.0,1.0,,0.0,0.0,0.0,0.0,0.0,0.0,0.0,1.0,0.0,1.0,1.0,1.0,1.0,0.0,0.0,0.0,0.0,1.0,1.0,1.0,0.0,0.0,0.0,1.0,1.0,1.0,0.0,1.0,0.0,1.0,1.0,1.0,0.0,1.0,0.0,0.0,1.0,0.0,0.0,0.0,0.0,1.0,1.0,1.0,1.0,0.0,1.0,0.0,1.0,0.0,1.0,1.0,0.0,1.0,1.0,1.0,,1.0,1.0,1.0,1.0,0.0,0.0,,0.0,1.0,0.0,0.0,0.0,0.0,,1.0,1.0,0.0,1.0,0.0,0.0,0.0,0.0,1.0,1.0,,1.0,1.0,,0.0,1.0,0.0,1.0,0.0,0.0,0.0,1.0,0.0,0.0,1.0,1.0,0.0,1.0,1.0,0.0,0.0,,1.0,0.0,1.0,0.0,0.0,1.0,0.0,0.0,,1.0,,0.0,1.0,0.0,0.0,,,1.0,1.0,0.0,1.0,,1.0,0.0,0.0,0.0,0.0,0.0,1.0,0.0,,0.0,1.0,0.0,1.0,1.0,1.0,1.0,1.0,0.0,1.0,0.0,0.0,0.0,,1.0,0.0,0.0,0.0,0.0,0.0,0.0,1.0,0.0,1.0,1.0,0.0,,1.0,0.0,1.0,1.0,0.0,0.0,0.0,0.0,0.0,0.0,0.0,,1.0,1.0,0.0,1.0,0.0,1.0,0.0,0.0,1.0,0.0,1.0,1.0,1.0,1.0,0.0,1.0,0.0,0.0,0.0,,,,1.0,1.0,0.0,0.0,0.0,0.0,0.0,1.0,0.0,1.0,0.0,0.0,0.0,1.0,0.0,0.0,0.0,1.0,1.0,0.0,1.0,0.0,0.0,1.0,1.0,,1.0,,,1.0,0.0,0.0,0.0,,0.0,0.0,1.0,0.0,
Sargento Alexandre,,1.0,,,,,,,,,,,,,,,,,,,,,,,,,,,,,,,,,,,,,,,,,,,,1.0,0.0,1.0,,,,,,,,,,,,,,,,,,,,,,,,,,,,,,,,,,,,,,,,,,,,,,,,,,,,,,,,,,,,,,,,,,,,,,,,,,,,,,,,,,,,,,,,,,,,,,,,,0.0,1.0,1.0,1.0,,,,,,,,,,,,,,,,,,,,,,,,,,,,,,,,,,,,,,,,,,,,,,,,,,,,,,,,,,,,,,,,,,,,,,,,,,,,,,,,,,,,,,,,,,,,,,,,,,,,,,,,,,,,,,,,,,,,,,,,,,,,,,,,,,,,,,,,,,,,,,,,,,,,,,,,,,,,,,,,,,,,,,,,,,,,,,,,,,,,,,,,,,,,,,,,,,,,,,,,,,,,,,,,,,,,,,,,,,,,,,,,,,,,,,,,,,,,,,,,,,,,,,,,,,,,,,,,,,,,,,,,,,,,,,,,,,,,,,,,,,,,,,,,,,,,,,,,,,,,,,,,,,,,,,,,,,,,,,,,,,,,,,,,,,,,,,,,,,,,,,,,,,,,,,,,,,,,,
Sargento Fahur,0.0,1.0,1.0,1.0,1.0,1.0,0.0,1.0,0.0,1.0,1.0,1.0,0.0,,0.0,1.0,0.0,1.0,1.0,1.0,1.0,,0.0,0.0,0.0,0.0,0.0,0.0,0.0,1.0,0.0,1.0,0.0,0.0,0.0,0.0,1.0,0.0,0.0,0.0,0.0,0.0,0.0,1.0,0.0,1.0,0.0,1.0,1.0,0.0,0.0,1.0,1.0,0.0,1.0,0.0,0.0,1.0,,0.0,,,1.0,0.0,0.0,1.0,1.0,0.0,0.0,0.0,0.0,0.0,0.0,1.0,0.0,1.0,1.0,0.0,1.0,1.0,1.0,1.0,1.0,0.0,0.0,,,0.0,1.0,1.0,0.0,1.0,1.0,1.0,0.0,0.0,1.0,1.0,,,,0.0,1.0,0.0,0.0,0.0,0.0,1.0,0.0,0.0,0.0,1.0,1.0,1.0,1.0,1.0,0.0,0.0,0.0,0.0,1.0,0.0,0.0,0.0,0.0,1.0,,0.0,0.0,0.0,1.0,0.0,0.0,0.0,0.0,1.0,1.0,1.0,0.0,0.0,,0.0,1.0,0.0,1.0,1.0,0.0,1.0,1.0,0.0,0.0,1.0,,0.0,0.0,0.0,1.0,0.0,1.0,1.0,0.0,0.0,1.0,,,0.0,0.0,,1.0,1.0,1.0,0.0,0.0,1.0,0.0,0.0,1.0,1.0,1.0,1.0,1.0,1.0,1.0,1.0,1.0,1.0,1.0,1.0,1.0,1.0,0.0,1.0,0.0,0.0,,0.0,0.0,0.0,0.0,0.0,0.0,1.0,0.0,,0.0,0.0,0.0,0.0,1.0,0.0,0.0,0.0,1.0,1.0,0.0,,1.0,0.0,0.0,1.0,1.0,1.0,1.0,0.0,1.0,1.0,1.0,1.0,1.0,0.0,,0.0,0.0,1.0,1.0,1.0,0.0,1.0,0.0,0.0,1.0,0.0,0.0,0.0,0.0,1.0,0.0,0.0,,1.0,1.0,1.0,1.0,0.0,0.0,0.0,0.0,1.0,,1.0,1.0,1.0,1.0,1.0,1.0,1.0,1.0,0.0,1.0,0.0,1.0,0.0,0.0,0.0,0.0,1.0,0.0,0.0,1.0,1.0,1.0,1.0,1.0,1.0,0.0,0.0,0.0,0.0,1.0,1.0,1.0,0.0,,0.0,1.0,1.0,0.0,0.0,1.0,0.0,1.0,0.0,0.0,0.0,1.0,0.0,0.0,1.0,1.0,0.0,0.0,0.0,1.0,1.0,1.0,1.0,0.0,1.0,0.0,1.0,0.0,1.0,1.0,0.0,1.0,1.0,1.0,1.0,1.0,1.0,1.0,1.0,0.0,0.0,0.0,0.0,1.0,0.0,0.0,0.0,0.0,1.0,,1.0,1.0,1.0,0.0,0.0,0.0,,0.0,1.0,1.0,0.0,1.0,0.0,0.0,1.0,0.0,1.0,0.0,0.0,0.0,1.0,0.0,0.0,1.0,1.0,0.0,1.0,1.0,0.0,0.0,1.0,1.0,0.0,1.0,0.0,0.0,0.0,0.0,0.0,0.0,0.0,0.0,0.0,1.0,1.0,1.0,1.0,1.0,1.0,1.0,0.0,1.0,1.0,1.0,0.0,0.0,0.0,0.0,0.0,1.0,0.0,0.0,0.0,1.0,0.0,1.0,1.0,1.0,1.0,1.0,0.0,1.0,0.0,0.0,0.0,0.0,1.0,0.0,0.0,0.0,0.0,0.0,0.0,1.0,,1.0,1.0,0.0,0.0,1.0,0.0,1.0,,,0.0,0.0,,0.0,0.0,0.0,,,,0.0,1.0,0.0,1.0,0.0,0.0,1.0,0.0,1.0,1.0,1.0,1.0,0.0,1.0,0.0,0.0,0.0,0.0,0.0,1.0,1.0,1.0,0.0,0.0,0.0,0.0,0.0,1.0,0.0,1.0,0.0,0.0,0.0,1.0,,0.0,0.0,1.0,1.0,0.0,1.0,0.0,0.0,1.0,1.0,1.0,1.0,0.0,0.0,1.0,0.0,,,,,,,,0.0
Schiavinato,,,1.0,0.0,1.0,1.0,1.0,,,,,,,,,,,,,,,,,,0.0,1.0,0.0,1.0,0.0,1.0,0.0,1.0,0.0,0.0,0.0,0.0,1.0,1.0,0.0,0.0,0.0,1.0,0.0,1.0,0.0,,,,,,,,,,,,,,0.0,,,,0.0,0.0,,,,,,,,,0.0,1.0,0.0,1.0,1.0,0.0,1.0,,1.0,1.0,1.0,0.0,0.0,,1.0,1.0,,,,,,,,,,,,,,0.0,1.0,,,,,,,,,,,1.0,1.0,1.0,0.0,0.0,0.0,0.0,1.0,0.0,0.0,,0.0,1.0,0.0,0.0,0.0,0.0,1.0,0.0,0.0,,0.0,1.0,1.0,1.0,1.0,0.0,1.0,0.0,,,,,,,1.0,0.0,0.0,1.0,1.0,0.0,0.0,0.0,1.0,0.0,1.0,1.0,0.0,0.0,1.0,0.0,1.0,0.0,0.0,0.0,1.0,,,0.0,,1.0,0.0,0.0,1.0,1.0,1.0,1.0,1.0,1.0,0.0,1.0,1.0,1.0,0.0,1.0,1.0,1.0,0.0,1.0,0.0,,0.0,0.0,0.0,0.0,1.0,1.0,0.0,,,,0.0,0.0,0.0,,1.0,0.0,0.0,0.0,1.0,1.0,0.0,0.0,1.0,0.0,0.0,1.0,,1.0,1.0,0.0,1.0,1.0,1.0,1.0,1.0,0.0,0.0,0.0,,1.0,1.0,1.0,0.0,1.0,0.0,,,0.0,0.0,0.0,1.0,1.0,0.0,0.0,0.0,1.0,1.0,1.0,1.0,0.0,0.0,1.0,0.0,0.0,0.0,1.0,1.0,1.0,1.0,1.0,1.0,1.0,1.0,0.0,1.0,0.0,1.0,0.0,0.0,0.0,0.0,1.0,0.0,0.0,1.0,0.0,,1.0,1.0,1.0,0.0,0.0,,0.0,1.0,1.0,1.0,0.0,,0.0,1.0,1.0,1.0,0.0,1.0,0.0,1.0,0.0,1.0,0.0,1.0,0.0,0.0,1.0,0.0,0.0,0.0,0.0,,1.0,,1.0,0.0,1.0,0.0,1.0,0.0,1.0,1.0,0.0,1.0,1.0,1.0,1.0,1.0,1.0,1.0,1.0,,0.0,0.0,0.0,1.0,0.0,0.0,0.0,0.0,0.0,1.0,1.0,1.0,1.0,1.0,0.0,0.0,0.0,0.0,1.0,1.0,0.0,1.0,,0.0,1.0,0.0,1.0,0.0,0.0,,1.0,0.0,0.0,1.0,1.0,0.0,1.0,1.0,0.0,0.0,,1.0,0.0,,0.0,,1.0,0.0,0.0,0.0,0.0,,0.0,1.0,0.0,0.0,1.0,1.0,1.0,,0.0,1.0,1.0,1.0,,0.0,0.0,,0.0,,0.0,0.0,0.0,1.0,0.0,1.0,1.0,,1.0,1.0,0.0,1.0,0.0,0.0,0.0,0.0,1.0,0.0,0.0,,0.0,0.0,0.0,1.0,0.0,1.0,1.0,,0.0,1.0,0.0,1.0,1.0,0.0,,0.0,0.0,0.0,0.0,0.0,0.0,1.0,1.0,0.0,1.0,0.0,1.0,0.0,0.0,1.0,1.0,1.0,1.0,1.0,1.0,0.0,1.0,0.0,0.0,0.0,,0.0,1.0,1.0,1.0,0.0,0.0,0.0,0.0,0.0,1.0,0.0,1.0,0.0,,0.0,1.0,0.0,0.0,0.0,1.0,,0.0,1.0,0.0,0.0,,1.0,1.0,1.0,0.0,,1.0,0.0,,,,,,,,0.0
Sebastião Oliveira,0.0,,1.0,0.0,,1.0,1.0,,,1.0,,,0.0,1.0,0.0,1.0,,,,0.0,1.0,,,1.0,,1.0,,1.0,0.0,,,,,,,,,,,,,,,,,,,,,,,,,1.0,,,0.0,1.0,,1.0,,,,0.0,0.0,,,1.0,0.0,0.0,0.0,0.0,0.0,1.0,0.0,1.0,,,,1.0,1.0,1.0,1.0,0.0,0.0,,,,1.0,1.0,1.0,1.0,1.0,0.0,1.0,1.0,1.0,1.0,,,,0.0,1.0,1.0,1.0,1.0,0.0,0.0,1.0,1.0,1.0,0.0,0.0,1.0,1.0,1.0,,0.0,0.0,0.0,1.0,0.0,0.0,0.0,0.0,1.0,,0.0,0.0,0.0,1.0,0.0,0.0,0.0,0.0,1.0,1.0,1.0,1.0,0.0,0.0,0.0,1.0,0.0,,,,,,,,,,,,,,,,,,,,,,,0.0,,1.0,,,0.0,0.0,1.0,0.0,0.0,1.0,1.0,1.0,1.0,1.0,0.0,0.0,0.0,1.0,1.0,1.0,1.0,1.0,1.0,,0.0,0.0,1.0,0.0,,0.0,,,,0.0,1.0,,,,0.0,0.0,0.0,1.0,0.0,0.0,0.0,1.0,1.0,0.0,0.0,1.0,0.0,0.0,1.0,1.0,1.0,1.0,0.0,1.0,,1.0,1.0,1.0,0.0,0.0,0.0,,1.0,1.0,1.0,0.0,1.0,0.0,0.0,1.0,0.0,0.0,,1.0,1.0,0.0,0.0,0.0,1.0,1.0,1.0,1.0,0.0,0.0,1.0,0.0,1.0,0.0,1.0,1.0,1.0,1.0,1.0,1.0,1.0,1.0,1.0,1.0,0.0,1.0,0.0,0.0,,0.0,1.0,0.0,0.0,1.0,0.0,1.0,1.0,1.0,1.0,0.0,0.0,0.0,0.0,1.0,1.0,1.0,0.0,,0.0,1.0,1.0,1.0,0.0,1.0,0.0,1.0,,1.0,0.0,,0.0,0.0,,0.0,0.0,0.0,0.0,1.0,1.0,1.0,1.0,0.0,1.0,0.0,1.0,0.0,1.0,1.0,0.0,1.0,1.0,1.0,1.0,1.0,1.0,1.0,1.0,0.0,0.0,0.0,0.0,,0.0,0.0,0.0,0.0,0.0,1.0,1.0,1.0,0.0,,0.0,,,,,1.0,,1.0,0.0,,1.0,0.0,1.0,0.0,0.0,0.0,1.0,0.0,0.0,1.0,1.0,0.0,1.0,1.0,0.0,0.0,,1.0,0.0,1.0,,0.0,1.0,0.0,0.0,0.0,0.0,0.0,0.0,0.0,0.0,0.0,1.0,1.0,0.0,,0.0,,,,0.0,0.0,0.0,0.0,0.0,1.0,0.0,,,,,,,,,,,,,,,,,,,,,,,,,,,,,,,,,,,,,,,,,,,,,,,,,1.0,0.0,,,,,0.0,1.0,0.0,0.0,0.0,0.0,0.0,1.0,,1.0,0.0,0.0,0.0,0.0,0.0,1.0,0.0,1.0,,0.0,0.0,,0.0,0.0,0.0,1.0,,0.0,1.0,0.0,0.0,,,1.0,1.0,,0.0,1.0,0.0,,,,,,,,
Sergio Souza,,,1.0,0.0,1.0,1.0,1.0,1.0,0.0,1.0,0.0,1.0,0.0,1.0,0.0,1.0,0.0,1.0,0.0,0.0,1.0,0.0,1.0,,,,0.0,1.0,0.0,1.0,0.0,1.0,,0.0,0.0,0.0,1.0,1.0,0.0,0.0,0.0,0.0,0.0,1.0,0.0,1.0,0.0,1.0,1.0,0.0,,1.0,0.0,1.0,1.0,,0.0,1.0,0.0,1.0,1.0,1.0,1.0,0.0,0.0,1.0,1.0,1.0,,,0.0,0.0,0.0,1.0,,1.0,1.0,0.0,1.0,1.0,1.0,1.0,1.0,0.0,0.0,,1.0,1.0,1.0,,,,,,,1.0,1.0,1.0,,0.0,0.0,0.0,,1.0,1.0,1.0,,0.0,1.0,1.0,1.0,0.0,0.0,1.0,1.0,1.0,0.0,0.0,,,1.0,0.0,0.0,0.0,0.0,1.0,0.0,1.0,1.0,0.0,1.0,0.0,0.0,0.0,0.0,1.0,1.0,1.0,1.0,0.0,0.0,0.0,1.0,0.0,0.0,1.0,0.0,1.0,1.0,0.0,0.0,1.0,1.0,0.0,,0.0,1.0,0.0,1.0,,0.0,0.0,1.0,0.0,1.0,,0.0,,1.0,1.0,1.0,0.0,0.0,1.0,0.0,,1.0,1.0,1.0,1.0,1.0,1.0,0.0,1.0,1.0,1.0,1.0,1.0,1.0,1.0,0.0,1.0,0.0,1.0,0.0,0.0,0.0,0.0,,,0.0,1.0,0.0,,0.0,0.0,0.0,0.0,1.0,0.0,0.0,0.0,1.0,1.0,0.0,,,0.0,0.0,1.0,0.0,,1.0,0.0,1.0,1.0,1.0,1.0,1.0,0.0,0.0,,,1.0,1.0,1.0,0.0,1.0,0.0,0.0,1.0,0.0,0.0,0.0,0.0,1.0,0.0,0.0,0.0,,1.0,1.0,1.0,0.0,0.0,,0.0,1.0,0.0,1.0,1.0,1.0,1.0,1.0,1.0,1.0,1.0,1.0,1.0,0.0,1.0,0.0,0.0,0.0,0.0,1.0,1.0,0.0,1.0,0.0,1.0,1.0,1.0,1.0,0.0,0.0,0.0,0.0,1.0,1.0,1.0,0.0,0.0,0.0,1.0,1.0,1.0,0.0,1.0,0.0,0.0,1.0,0.0,1.0,1.0,0.0,,1.0,0.0,0.0,0.0,0.0,1.0,1.0,1.0,1.0,0.0,1.0,0.0,1.0,0.0,1.0,1.0,0.0,0.0,1.0,1.0,,1.0,1.0,1.0,1.0,0.0,0.0,0.0,0.0,1.0,0.0,,0.0,0.0,0.0,,1.0,0.0,1.0,1.0,0.0,0.0,0.0,0.0,1.0,1.0,1.0,,0.0,0.0,1.0,0.0,0.0,0.0,,,1.0,0.0,0.0,1.0,1.0,0.0,1.0,1.0,0.0,0.0,1.0,0.0,0.0,1.0,0.0,0.0,1.0,0.0,0.0,,0.0,0.0,0.0,1.0,0.0,0.0,1.0,1.0,1.0,1.0,0.0,,1.0,1.0,0.0,0.0,0.0,0.0,0.0,1.0,0.0,,,,0.0,1.0,0.0,1.0,1.0,1.0,1.0,1.0,0.0,0.0,0.0,0.0,1.0,0.0,0.0,0.0,0.0,0.0,0.0,1.0,,,,0.0,0.0,1.0,,,,0.0,0.0,0.0,0.0,0.0,0.0,0.0,0.0,1.0,1.0,0.0,1.0,,1.0,0.0,0.0,1.0,1.0,1.0,1.0,,0.0,0.0,1.0,0.0,0.0,0.0,1.0,,,,,,,,,,,0.0,1.0,,0.0,0.0,1.0,0.0,0.0,0.0,,1.0,0.0,1.0,0.0,0.0,1.0,1.0,1.0,1.0,0.0,0.0,1.0,0.0,0.0,0.0,,0.0,,1.0,0.0,
Sergio Toledo,1.0,1.0,1.0,0.0,1.0,1.0,1.0,,,,1.0,,,1.0,0.0,1.0,0.0,1.0,0.0,1.0,1.0,0.0,,1.0,0.0,1.0,0.0,1.0,0.0,1.0,0.0,1.0,0.0,0.0,0.0,0.0,1.0,1.0,0.0,0.0,0.0,1.0,0.0,1.0,0.0,,,,,,,,,1.0,1.0,0.0,0.0,1.0,0.0,1.0,1.0,1.0,1.0,0.0,0.0,1.0,1.0,1.0,,,0.0,0.0,0.0,1.0,0.0,1.0,1.0,0.0,1.0,1.0,1.0,1.0,,,1.0,,1.0,1.0,1.0,1.0,1.0,1.0,1.0,0.0,0.0,1.0,1.0,1.0,,,,,,,,,,,,,,,,1.0,1.0,1.0,0.0,0.0,0.0,,,,0.0,,0.0,1.0,1.0,0.0,0.0,0.0,1.0,0.0,0.0,0.0,0.0,1.0,1.0,1.0,1.0,0.0,0.0,0.0,,,,,,,1.0,0.0,0.0,1.0,1.0,0.0,0.0,0.0,1.0,0.0,1.0,1.0,0.0,0.0,1.0,0.0,1.0,0.0,0.0,,1.0,,1.0,0.0,0.0,1.0,0.0,1.0,1.0,1.0,1.0,1.0,1.0,1.0,0.0,1.0,1.0,1.0,1.0,1.0,1.0,1.0,0.0,0.0,0.0,1.0,0.0,1.0,0.0,0.0,1.0,1.0,0.0,1.0,0.0,,0.0,0.0,0.0,0.0,1.0,0.0,0.0,0.0,1.0,1.0,0.0,0.0,1.0,0.0,0.0,1.0,1.0,1.0,1.0,0.0,1.0,1.0,1.0,1.0,1.0,0.0,0.0,0.0,0.0,1.0,1.0,1.0,0.0,1.0,0.0,0.0,1.0,0.0,,0.0,1.0,1.0,0.0,0.0,0.0,1.0,1.0,1.0,1.0,0.0,0.0,1.0,0.0,1.0,0.0,1.0,1.0,1.0,1.0,1.0,1.0,1.0,1.0,1.0,1.0,0.0,1.0,0.0,,0.0,0.0,1.0,0.0,0.0,1.0,0.0,1.0,1.0,1.0,1.0,0.0,0.0,0.0,0.0,1.0,1.0,1.0,0.0,0.0,0.0,1.0,1.0,1.0,0.0,1.0,0.0,1.0,1.0,1.0,0.0,1.0,,,1.0,0.0,,0.0,0.0,,1.0,1.0,,0.0,1.0,0.0,1.0,0.0,1.0,1.0,0.0,1.0,1.0,1.0,1.0,1.0,1.0,1.0,1.0,0.0,0.0,,,,0.0,0.0,0.0,0.0,0.0,1.0,1.0,1.0,1.0,1.0,0.0,0.0,0.0,0.0,1.0,1.0,0.0,1.0,0.0,0.0,1.0,0.0,,0.0,,,1.0,,0.0,1.0,1.0,0.0,1.0,1.0,0.0,0.0,,1.0,0.0,1.0,0.0,,1.0,0.0,0.0,0.0,0.0,0.0,0.0,0.0,0.0,0.0,1.0,1.0,0.0,,0.0,1.0,1.0,1.0,0.0,0.0,0.0,,0.0,1.0,0.0,0.0,0.0,1.0,0.0,1.0,1.0,1.0,1.0,1.0,0.0,1.0,0.0,0.0,0.0,0.0,1.0,0.0,0.0,0.0,0.0,0.0,0.0,1.0,0.0,1.0,1.0,0.0,0.0,1.0,0.0,1.0,1.0,0.0,0.0,0.0,0.0,0.0,0.0,0.0,0.0,1.0,1.0,0.0,1.0,0.0,1.0,0.0,0.0,1.0,0.0,1.0,1.0,1.0,1.0,0.0,1.0,0.0,0.0,0.0,,0.0,1.0,,1.0,,,0.0,0.0,0.0,1.0,0.0,1.0,0.0,,0.0,1.0,,0.0,0.0,1.0,1.0,0.0,1.0,0.0,,1.0,1.0,,1.0,0.0,,1.0,,,,,,,,,0.0
Sergio Vidigal,,,1.0,1.0,1.0,1.0,1.0,,,,,,,,,,,,,,,,,,,1.0,1.0,0.0,,,0.0,0.0,,1.0,0.0,1.0,1.0,1.0,,,1.0,1.0,0.0,,,,,,,,,,,,,,,,0.0,,,,,,0.0,,,0.0,,,0.0,,,1.0,,1.0,,,,,0.0,1.0,1.0,,0.0,,1.0,1.0,,,,,,,,,,,,0.0,0.0,1.0,,,,,,,,,,,,,0.0,0.0,1.0,1.0,,,1.0,,,,,0.0,1.0,1.0,1.0,,0.0,,1.0,1.0,0.0,0.0,0.0,,1.0,0.0,0.0,0.0,,,,,,,0.0,0.0,0.0,,1.0,0.0,0.0,0.0,1.0,0.0,0.0,,0.0,0.0,1.0,,,0.0,1.0,,1.0,,,0.0,,,,,,,0.0,0.0,0.0,0.0,0.0,0.0,0.0,,,0.0,,0.0,1.0,0.0,1.0,,,0.0,1.0,1.0,1.0,0.0,0.0,1.0,,,1.0,0.0,1.0,1.0,,1.0,1.0,,0.0,,1.0,,,,,,0.0,0.0,0.0,1.0,0.0,0.0,,0.0,0.0,1.0,1.0,1.0,,0.0,1.0,0.0,1.0,0.0,1.0,1.0,0.0,1.0,1.0,1.0,0.0,,1.0,,1.0,,1.0,1.0,,1.0,1.0,0.0,1.0,1.0,0.0,1.0,1.0,1.0,,,0.0,0.0,,0.0,1.0,1.0,0.0,1.0,1.0,,0.0,0.0,1.0,1.0,0.0,1.0,0.0,,,,0.0,0.0,1.0,1.0,0.0,0.0,1.0,1.0,0.0,1.0,0.0,,,,0.0,1.0,,1.0,1.0,1.0,1.0,,,,,,0.0,0.0,1.0,1.0,1.0,1.0,,1.0,1.0,0.0,1.0,1.0,1.0,1.0,1.0,0.0,1.0,1.0,1.0,1.0,1.0,0.0,,,0.0,0.0,1.0,,0.0,,1.0,1.0,,1.0,1.0,0.0,0.0,1.0,1.0,0.0,1.0,1.0,,1.0,0.0,1.0,0.0,,,0.0,1.0,,0.0,1.0,0.0,1.0,,1.0,,1.0,,0.0,0.0,1.0,0.0,1.0,,1.0,1.0,0.0,,1.0,1.0,,,0.0,1.0,0.0,0.0,1.0,1.0,1.0,1.0,,1.0,0.0,1.0,,,,,,1.0,1.0,,1.0,,1.0,0.0,0.0,0.0,0.0,1.0,,,1.0,,1.0,,,,,,,,,,,,,,1.0,0.0,,,,1.0,,,,,,,,,,,1.0,,0.0,0.0,1.0,1.0,,0.0,0.0,0.0,,,,1.0,,1.0,,,0.0,0.0,,,1.0,,,1.0,,1.0,1.0,,1.0,1.0,,,,,,1.0,0.0,,,,,,,1.0,1.0,,1.0,0.0,0.0,,0.0,,0.0,1.0,,0.0
Severino Pessoa,,,1.0,0.0,,1.0,,1.0,0.0,1.0,,1.0,0.0,1.0,0.0,1.0,0.0,1.0,0.0,0.0,1.0,,1.0,1.0,0.0,1.0,0.0,0.0,1.0,,0.0,0.0,0.0,0.0,1.0,0.0,1.0,,0.0,,0.0,0.0,0.0,1.0,0.0,,0.0,,,,,,0.0,1.0,1.0,0.0,0.0,1.0,,,1.0,1.0,,,0.0,,1.0,1.0,0.0,,0.0,0.0,,1.0,0.0,1.0,,,,,1.0,,1.0,0.0,1.0,,,,1.0,1.0,1.0,1.0,,,1.0,,1.0,,,,,,,,1.0,,,0.0,1.0,1.0,1.0,0.0,0.0,1.0,1.0,,,,0.0,0.0,1.0,0.0,0.0,0.0,,,,0.0,0.0,0.0,,,0.0,1.0,,1.0,1.0,1.0,1.0,,0.0,0.0,,,,,,,1.0,0.0,0.0,1.0,,0.0,0.0,0.0,1.0,0.0,1.0,1.0,0.0,0.0,1.0,0.0,1.0,0.0,0.0,,,1.0,1.0,,,1.0,,0.0,1.0,1.0,0.0,0.0,1.0,0.0,0.0,,,,,,,,0.0,0.0,0.0,0.0,,,,,1.0,1.0,,,0.0,,0.0,0.0,0.0,0.0,,,0.0,,1.0,1.0,0.0,,,,,1.0,,,1.0,0.0,1.0,1.0,,1.0,,0.0,,,0.0,,1.0,,,1.0,0.0,0.0,1.0,0.0,,,1.0,,,,,,,,1.0,0.0,,1.0,0.0,1.0,,1.0,1.0,,1.0,1.0,1.0,1.0,1.0,,,0.0,,0.0,0.0,,0.0,1.0,,,1.0,0.0,1.0,,,,0.0,0.0,0.0,0.0,1.0,,1.0,,,,,,,,1.0,0.0,1.0,0.0,,0.0,1.0,,,,,,,0.0,1.0,1.0,1.0,1.0,0.0,1.0,0.0,1.0,0.0,1.0,1.0,,1.0,,,,,1.0,1.0,1.0,,0.0,,,,,,,0.0,0.0,,,1.0,1.0,,,,,0.0,1.0,1.0,,,,,,,0.0,0.0,0.0,0.0,1.0,0.0,0.0,1.0,,,,,,,1.0,,,1.0,0.0,,1.0,,0.0,,0.0,,0.0,1.0,0.0,0.0,1.0,1.0,1.0,,,1.0,1.0,,0.0,0.0,,,,1.0,0.0,0.0,0.0,1.0,0.0,1.0,1.0,,,,,,0.0,0.0,0.0,,1.0,0.0,0.0,,,0.0,0.0,1.0,0.0,,,,0.0,,,1.0,1.0,0.0,0.0,0.0,0.0,,,,,1.0,1.0,0.0,1.0,,,,,1.0,0.0,0.0,1.0,1.0,,0.0,1.0,0.0,0.0,,0.0,,1.0,1.0,,0.0,,1.0,0.0,1.0,1.0,0.0,1.0,,0.0,,1.0,,0.0,0.0,0.0,1.0,0.0,,0.0,,1.0,1.0,,1.0,0.0,,1.0,0.0,,,,,,,,0.0
Shéridan,0.0,,1.0,0.0,1.0,1.0,1.0,,,1.0,0.0,1.0,0.0,0.0,,,0.0,0.0,0.0,,,1.0,,,0.0,1.0,0.0,0.0,,,1.0,1.0,,,,,,,,,,0.0,0.0,1.0,1.0,,,,,,,,0.0,1.0,1.0,0.0,0.0,,,1.0,,,1.0,,,,,1.0,0.0,0.0,0.0,0.0,0.0,1.0,0.0,0.0,,0.0,1.0,,1.0,1.0,1.0,0.0,0.0,,1.0,1.0,1.0,,,,,,1.0,,1.0,1.0,,0.0,0.0,0.0,1.0,1.0,1.0,1.0,,0.0,1.0,1.0,1.0,0.0,,1.0,1.0,1.0,0.0,0.0,0.0,0.0,1.0,0.0,0.0,1.0,0.0,1.0,0.0,1.0,0.0,0.0,1.0,1.0,1.0,1.0,1.0,1.0,1.0,0.0,1.0,0.0,0.0,0.0,,,,,,,1.0,,,1.0,1.0,0.0,0.0,0.0,1.0,,1.0,1.0,0.0,,,,,0.0,0.0,,1.0,,,0.0,0.0,1.0,,,1.0,1.0,1.0,1.0,1.0,0.0,0.0,0.0,0.0,0.0,0.0,1.0,0.0,1.0,0.0,1.0,1.0,1.0,0.0,0.0,1.0,0.0,1.0,1.0,,1.0,0.0,,0.0,0.0,0.0,0.0,1.0,0.0,1.0,0.0,0.0,1.0,0.0,0.0,1.0,0.0,0.0,1.0,,0.0,0.0,0.0,1.0,1.0,1.0,1.0,1.0,0.0,,0.0,0.0,1.0,1.0,1.0,0.0,1.0,0.0,0.0,1.0,0.0,1.0,0.0,0.0,0.0,0.0,1.0,1.0,,1.0,1.0,1.0,1.0,0.0,1.0,0.0,1.0,0.0,1.0,1.0,1.0,1.0,1.0,1.0,1.0,1.0,0.0,1.0,1.0,0.0,1.0,,0.0,0.0,1.0,1.0,0.0,,,,,,,,,0.0,,,,,1.0,0.0,0.0,0.0,0.0,,,1.0,0.0,0.0,1.0,1.0,,1.0,0.0,0.0,1.0,0.0,0.0,0.0,0.0,1.0,1.0,1.0,1.0,0.0,1.0,0.0,1.0,0.0,1.0,1.0,0.0,1.0,1.0,1.0,1.0,1.0,1.0,1.0,0.0,,,,,,,,0.0,0.0,0.0,1.0,1.0,1.0,0.0,0.0,1.0,1.0,0.0,1.0,1.0,1.0,1.0,1.0,0.0,0.0,1.0,0.0,0.0,,,,1.0,0.0,0.0,1.0,0.0,1.0,0.0,0.0,0.0,,1.0,1.0,0.0,1.0,0.0,0.0,,0.0,1.0,1.0,0.0,1.0,1.0,1.0,0.0,1.0,1.0,1.0,1.0,1.0,0.0,1.0,1.0,0.0,0.0,0.0,0.0,0.0,0.0,1.0,0.0,0.0,,,,,,0.0,0.0,0.0,0.0,1.0,,0.0,0.0,0.0,1.0,0.0,,,,,,,,,1.0,,,1.0,1.0,1.0,1.0,1.0,0.0,0.0,0.0,,,0.0,0.0,1.0,,0.0,1.0,0.0,,,,1.0,1.0,1.0,1.0,1.0,0.0,0.0,,0.0,1.0,0.0,,0.0,1.0,0.0,1.0,0.0,,0.0,0.0,1.0,1.0,0.0,1.0,1.0,0.0,0.0,1.0,,0.0,0.0,,0.0,0.0,1.0,0.0,0.0,1.0,1.0,1.0,1.0,0.0,0.0,1.0,,0.0,0.0,0.0,0.0,0.0,1.0,0.0,0.0
Sidney Leite,0.0,,1.0,1.0,1.0,1.0,1.0,1.0,1.0,1.0,1.0,1.0,0.0,1.0,,1.0,,1.0,0.0,0.0,1.0,,1.0,,0.0,,,1.0,,,0.0,1.0,,,,0.0,1.0,1.0,0.0,0.0,0.0,,0.0,1.0,0.0,1.0,,,,0.0,0.0,,,1.0,1.0,,,,0.0,,1.0,1.0,1.0,0.0,0.0,1.0,1.0,1.0,0.0,0.0,,0.0,0.0,1.0,0.0,1.0,,,,1.0,1.0,,1.0,0.0,0.0,,1.0,1.0,1.0,,1.0,,,0.0,1.0,1.0,1.0,1.0,,,,,1.0,1.0,1.0,1.0,0.0,0.0,1.0,1.0,1.0,0.0,0.0,1.0,,1.0,0.0,0.0,0.0,0.0,1.0,0.0,0.0,,0.0,1.0,,0.0,0.0,,1.0,0.0,0.0,0.0,,1.0,1.0,1.0,1.0,0.0,0.0,0.0,1.0,0.0,,1.0,0.0,,1.0,0.0,,,1.0,,,,1.0,,1.0,1.0,0.0,0.0,1.0,0.0,,0.0,0.0,,1.0,,1.0,0.0,0.0,1.0,0.0,0.0,1.0,1.0,1.0,1.0,,1.0,0.0,1.0,,1.0,,1.0,1.0,1.0,0.0,1.0,0.0,1.0,,0.0,0.0,,1.0,,0.0,1.0,0.0,,0.0,0.0,0.0,,,0.0,,0.0,1.0,1.0,0.0,,1.0,,0.0,1.0,1.0,,1.0,,1.0,1.0,,1.0,1.0,0.0,0.0,0.0,0.0,1.0,1.0,1.0,0.0,1.0,0.0,0.0,1.0,0.0,0.0,0.0,1.0,1.0,0.0,,1.0,1.0,,,1.0,0.0,0.0,0.0,0.0,,,1.0,1.0,1.0,1.0,1.0,1.0,1.0,1.0,1.0,1.0,0.0,1.0,0.0,0.0,,0.0,1.0,0.0,0.0,,,,,,,,,0.0,0.0,,,,,0.0,,1.0,1.0,,,1.0,0.0,,0.0,,1.0,1.0,0.0,0.0,1.0,1.0,0.0,0.0,0.0,1.0,,1.0,1.0,0.0,1.0,0.0,1.0,0.0,1.0,,,1.0,1.0,1.0,,1.0,0.0,0.0,1.0,,,0.0,,1.0,0.0,0.0,0.0,0.0,0.0,1.0,1.0,1.0,1.0,1.0,0.0,1.0,1.0,1.0,1.0,1.0,0.0,,0.0,0.0,,0.0,,0.0,0.0,0.0,1.0,0.0,,,,,,,0.0,0.0,1.0,1.0,0.0,,0.0,0.0,1.0,0.0,1.0,0.0,0.0,0.0,0.0,1.0,1.0,1.0,1.0,1.0,1.0,,0.0,1.0,1.0,0.0,0.0,0.0,,,,1.0,0.0,,0.0,1.0,0.0,1.0,1.0,1.0,0.0,1.0,,,0.0,0.0,0.0,0.0,1.0,,0.0,0.0,,0.0,0.0,,,1.0,,0.0,0.0,1.0,0.0,,1.0,0.0,0.0,0.0,0.0,,,0.0,0.0,1.0,1.0,0.0,,,,,0.0,1.0,1.0,,1.0,1.0,1.0,0.0,1.0,0.0,,0.0,0.0,0.0,1.0,1.0,1.0,0.0,0.0,0.0,0.0,,,0.0,1.0,0.0,0.0,0.0,1.0,,,,,1.0,0.0,1.0,,0.0,1.0,1.0,1.0,1.0,,,,0.0,,,,,,,,0.0
Silas Câmara,0.0,,1.0,0.0,1.0,1.0,1.0,1.0,1.0,1.0,0.0,,1.0,0.0,,,,,,,,,,1.0,,,,,,1.0,0.0,1.0,0.0,0.0,0.0,0.0,1.0,1.0,0.0,0.0,0.0,,0.0,,,1.0,0.0,1.0,,0.0,0.0,1.0,0.0,1.0,1.0,0.0,0.0,,,1.0,1.0,,,,,1.0,0.0,1.0,0.0,0.0,,,0.0,1.0,0.0,1.0,,,,,1.0,,1.0,,1.0,,1.0,1.0,1.0,,,1.0,1.0,,0.0,1.0,1.0,1.0,,,,,,0.0,0.0,0.0,0.0,1.0,1.0,0.0,1.0,1.0,1.0,,,,,,0.0,0.0,1.0,0.0,0.0,,0.0,1.0,1.0,0.0,0.0,,0.0,0.0,,1.0,,1.0,1.0,1.0,1.0,0.0,0.0,0.0,1.0,0.0,0.0,1.0,,1.0,1.0,0.0,,1.0,1.0,0.0,0.0,0.0,1.0,,,1.0,,0.0,1.0,0.0,1.0,0.0,0.0,0.0,1.0,,,0.0,0.0,1.0,,0.0,1.0,1.0,,,,,,,,,,,,1.0,,1.0,0.0,0.0,0.0,,0.0,0.0,,,0.0,1.0,0.0,,0.0,0.0,1.0,1.0,1.0,0.0,0.0,0.0,1.0,0.0,0.0,,1.0,0.0,0.0,1.0,1.0,1.0,1.0,0.0,1.0,1.0,1.0,1.0,1.0,0.0,0.0,0.0,0.0,1.0,1.0,1.0,0.0,1.0,0.0,0.0,1.0,,0.0,0.0,1.0,1.0,0.0,0.0,,,1.0,1.0,1.0,0.0,0.0,1.0,0.0,1.0,0.0,1.0,1.0,1.0,1.0,1.0,,1.0,1.0,1.0,1.0,0.0,1.0,0.0,1.0,,,1.0,0.0,,1.0,0.0,1.0,1.0,1.0,1.0,0.0,0.0,0.0,,1.0,1.0,1.0,1.0,0.0,0.0,1.0,,,,1.0,,1.0,0.0,0.0,0.0,1.0,0.0,,,,,,0.0,,1.0,,1.0,,1.0,0.0,1.0,0.0,1.0,1.0,0.0,,1.0,1.0,1.0,1.0,1.0,1.0,1.0,0.0,0.0,0.0,,,,,0.0,0.0,0.0,1.0,1.0,1.0,1.0,1.0,1.0,0.0,0.0,0.0,1.0,,0.0,,0.0,0.0,1.0,0.0,0.0,0.0,,0.0,1.0,0.0,1.0,1.0,1.0,0.0,1.0,,,0.0,1.0,,0.0,1.0,0.0,0.0,1.0,,0.0,0.0,0.0,0.0,,1.0,0.0,0.0,,,1.0,,0.0,1.0,1.0,1.0,,0.0,0.0,0.0,0.0,1.0,0.0,,0.0,1.0,0.0,1.0,1.0,1.0,0.0,,,,0.0,,0.0,0.0,1.0,0.0,0.0,0.0,0.0,0.0,0.0,,0.0,1.0,,0.0,0.0,1.0,0.0,1.0,1.0,0.0,,0.0,0.0,0.0,0.0,0.0,0.0,1.0,1.0,,1.0,,1.0,,,1.0,0.0,0.0,1.0,,0.0,0.0,,0.0,0.0,0.0,,,,,1.0,,,,,1.0,1.0,,1.0,1.0,0.0,0.0,1.0,,,,1.0,,0.0,0.0,0.0,0.0,1.0,1.0,,1.0,0.0,0.0,1.0,0.0,,,,,,,,0.0
Silvia Cristina,0.0,0.0,1.0,1.0,1.0,1.0,1.0,1.0,0.0,,0.0,1.0,0.0,1.0,,,,,0.0,1.0,1.0,0.0,1.0,1.0,,1.0,1.0,0.0,1.0,0.0,0.0,1.0,,0.0,0.0,0.0,0.0,1.0,0.0,1.0,1.0,1.0,0.0,0.0,0.0,1.0,0.0,1.0,1.0,0.0,0.0,1.0,0.0,1.0,1.0,0.0,0.0,1.0,0.0,1.0,1.0,1.0,0.0,,0.0,1.0,1.0,1.0,0.0,0.0,0.0,0.0,0.0,1.0,0.0,1.0,1.0,0.0,1.0,1.0,1.0,1.0,,,1.0,,1.0,1.0,1.0,1.0,1.0,1.0,0.0,1.0,0.0,1.0,1.0,1.0,,0.0,0.0,1.0,0.0,0.0,0.0,0.0,0.0,1.0,0.0,0.0,0.0,1.0,1.0,0.0,0.0,0.0,,1.0,0.0,0.0,1.0,0.0,1.0,0.0,,0.0,0.0,1.0,0.0,1.0,1.0,1.0,1.0,1.0,0.0,0.0,0.0,0.0,1.0,0.0,0.0,0.0,1.0,0.0,0.0,1.0,0.0,1.0,1.0,0.0,0.0,1.0,1.0,0.0,0.0,0.0,1.0,,0.0,1.0,0.0,0.0,1.0,0.0,1.0,0.0,1.0,0.0,1.0,1.0,1.0,0.0,1.0,,,,,,0.0,0.0,0.0,0.0,0.0,0.0,0.0,0.0,0.0,0.0,0.0,1.0,1.0,0.0,0.0,1.0,0.0,0.0,,1.0,1.0,0.0,0.0,1.0,0.0,,1.0,0.0,0.0,0.0,0.0,1.0,0.0,1.0,0.0,1.0,1.0,0.0,0.0,1.0,1.0,1.0,0.0,0.0,0.0,1.0,0.0,0.0,0.0,0.0,0.0,0.0,0.0,,1.0,0.0,1.0,0.0,1.0,0.0,1.0,1.0,,1.0,,1.0,0.0,0.0,1.0,1.0,1.0,1.0,1.0,,0.0,1.0,1.0,0.0,1.0,1.0,,1.0,1.0,1.0,1.0,1.0,0.0,0.0,1.0,0.0,1.0,1.0,0.0,1.0,1.0,0.0,0.0,0.0,1.0,1.0,0.0,1.0,0.0,0.0,0.0,0.0,0.0,0.0,0.0,0.0,1.0,1.0,1.0,1.0,0.0,1.0,1.0,0.0,0.0,0.0,1.0,1.0,0.0,1.0,1.0,1.0,1.0,0.0,0.0,1.0,0.0,0.0,0.0,,0.0,,1.0,1.0,0.0,1.0,1.0,0.0,1.0,1.0,1.0,1.0,1.0,0.0,1.0,1.0,1.0,1.0,1.0,0.0,1.0,0.0,0.0,0.0,1.0,1.0,0.0,1.0,1.0,1.0,1.0,1.0,0.0,0.0,0.0,1.0,1.0,0.0,1.0,1.0,,1.0,0.0,1.0,0.0,1.0,1.0,0.0,1.0,0.0,0.0,1.0,0.0,1.0,1.0,1.0,1.0,1.0,1.0,0.0,0.0,1.0,0.0,1.0,1.0,1.0,1.0,0.0,0.0,1.0,1.0,1.0,1.0,0.0,1.0,0.0,0.0,1.0,1.0,1.0,1.0,0.0,1.0,1.0,1.0,,,,,,1.0,1.0,,1.0,0.0,1.0,0.0,0.0,0.0,0.0,1.0,,,1.0,1.0,1.0,1.0,0.0,,,,,,,,,0.0,0.0,1.0,1.0,0.0,1.0,0.0,0.0,1.0,,,,,,,,,,1.0,1.0,1.0,0.0,0.0,1.0,1.0,1.0,0.0,0.0,0.0,0.0,1.0,1.0,1.0,,,0.0,0.0,1.0,1.0,1.0,0.0,0.0,0.0,0.0,1.0,0.0,0.0,1.0,1.0,1.0,1.0,1.0,0.0,0.0,0.0,0.0,1.0,0.0,1.0,1.0,0.0,1.0,1.0,1.0,1.0,1.0,0.0,1.0,1.0,0.0,0.0,0.0,0.0,0.0,1.0,0.0,0.0
Silvio Costa Filho,0.0,0.0,1.0,0.0,,1.0,1.0,1.0,1.0,1.0,,1.0,0.0,1.0,0.0,1.0,0.0,1.0,0.0,0.0,1.0,1.0,,1.0,,1.0,,0.0,1.0,,0.0,1.0,0.0,0.0,0.0,0.0,,0.0,,0.0,0.0,0.0,0.0,1.0,,1.0,0.0,1.0,1.0,,,1.0,0.0,1.0,1.0,0.0,0.0,,,1.0,1.0,,1.0,1.0,1.0,,1.0,1.0,0.0,0.0,1.0,,,1.0,,1.0,,,,,1.0,1.0,1.0,0.0,0.0,,1.0,1.0,1.0,1.0,,1.0,1.0,0.0,1.0,1.0,1.0,1.0,,,,0.0,1.0,0.0,0.0,0.0,0.0,1.0,1.0,0.0,1.0,1.0,1.0,1.0,1.0,1.0,0.0,0.0,,,1.0,0.0,0.0,0.0,0.0,1.0,1.0,0.0,0.0,0.0,1.0,0.0,0.0,1.0,0.0,1.0,1.0,1.0,1.0,0.0,0.0,0.0,1.0,0.0,0.0,1.0,,1.0,,,0.0,1.0,1.0,0.0,,0.0,1.0,,,,0.0,,,0.0,,,0.0,,1.0,1.0,1.0,0.0,0.0,,0.0,,1.0,,1.0,1.0,,0.0,0.0,0.0,1.0,1.0,1.0,1.0,1.0,1.0,0.0,1.0,0.0,0.0,,0.0,0.0,0.0,1.0,1.0,0.0,1.0,0.0,,0.0,0.0,0.0,0.0,1.0,0.0,0.0,0.0,1.0,1.0,0.0,0.0,1.0,0.0,0.0,,,,,,,1.0,1.0,1.0,1.0,0.0,0.0,0.0,0.0,,,1.0,0.0,1.0,0.0,1.0,1.0,0.0,0.0,1.0,1.0,1.0,0.0,0.0,0.0,1.0,1.0,1.0,,,0.0,1.0,0.0,1.0,0.0,1.0,1.0,1.0,1.0,1.0,1.0,1.0,1.0,1.0,1.0,0.0,1.0,0.0,0.0,0.0,0.0,1.0,0.0,0.0,1.0,0.0,1.0,1.0,1.0,,0.0,0.0,0.0,0.0,1.0,1.0,1.0,,,,1.0,1.0,1.0,0.0,1.0,0.0,1.0,1.0,0.0,,1.0,0.0,,1.0,0.0,0.0,0.0,0.0,,1.0,1.0,1.0,0.0,1.0,0.0,1.0,0.0,1.0,1.0,0.0,1.0,1.0,1.0,1.0,1.0,1.0,1.0,1.0,0.0,0.0,0.0,0.0,,0.0,0.0,0.0,,0.0,1.0,1.0,1.0,1.0,1.0,0.0,0.0,0.0,0.0,1.0,,1.0,,0.0,0.0,,0.0,0.0,0.0,0.0,0.0,1.0,0.0,1.0,,,,,,0.0,0.0,1.0,1.0,1.0,1.0,0.0,,1.0,0.0,,,0.0,0.0,0.0,1.0,0.0,0.0,1.0,1.0,1.0,0.0,,1.0,,1.0,0.0,,0.0,0.0,1.0,1.0,0.0,,0.0,1.0,0.0,1.0,1.0,1.0,0.0,1.0,,,0.0,0.0,0.0,0.0,1.0,0.0,,,0.0,,0.0,1.0,1.0,1.0,,0.0,,,0.0,1.0,1.0,0.0,0.0,0.0,0.0,0.0,,0.0,0.0,1.0,1.0,0.0,1.0,0.0,1.0,0.0,1.0,1.0,1.0,0.0,1.0,1.0,0.0,0.0,1.0,0.0,0.0,0.0,0.0,0.0,1.0,,1.0,0.0,0.0,0.0,0.0,1.0,1.0,0.0,1.0,1.0,0.0,0.0,1.0,,0.0,0.0,1.0,1.0,0.0,1.0,0.0,,,1.0,1.0,1.0,,,1.0,0.0,,,,,,,,0.0
Soraya Santos,0.0,,1.0,0.0,1.0,1.0,1.0,1.0,0.0,1.0,0.0,1.0,0.0,1.0,,,,,,,,0.0,1.0,1.0,,,,,,,,,,,,,,,,,,,,,,,0.0,1.0,1.0,0.0,0.0,1.0,0.0,1.0,1.0,0.0,0.0,1.0,,1.0,1.0,1.0,,,,,1.0,,,,,,,,,,,,,1.0,,1.0,,,,,,1.0,,1.0,,1.0,,,0.0,,,1.0,,,,,,0.0,0.0,0.0,0.0,,0.0,0.0,0.0,1.0,1.0,,1.0,1.0,0.0,,,,1.0,,,0.0,,,,,,,,,,,,,,,1.0,0.0,0.0,0.0,1.0,0.0,0.0,1.0,0.0,1.0,,,,1.0,1.0,,,,,0.0,1.0,,,,1.0,,,,,,1.0,,,,0.0,,0.0,,1.0,1.0,1.0,1.0,1.0,1.0,0.0,1.0,1.0,0.0,1.0,1.0,1.0,1.0,0.0,0.0,0.0,,,1.0,0.0,0.0,1.0,1.0,,1.0,0.0,,,0.0,,,,,,,,,,,1.0,,0.0,1.0,,,,,,,,1.0,,,,,,,,,,,,,,,0.0,,,,0.0,0.0,1.0,1.0,1.0,1.0,,,,1.0,0.0,1.0,,1.0,1.0,1.0,1.0,1.0,1.0,1.0,1.0,,,0.0,,,0.0,,,,,,,,,,,,0.0,0.0,,,1.0,,1.0,,,,1.0,,,,1.0,0.0,,0.0,1.0,,1.0,,,1.0,,0.0,,,1.0,1.0,,1.0,0.0,1.0,0.0,1.0,0.0,1.0,1.0,0.0,1.0,1.0,1.0,1.0,1.0,1.0,1.0,1.0,,,,,,0.0,0.0,0.0,0.0,0.0,,1.0,0.0,1.0,1.0,0.0,1.0,,0.0,1.0,1.0,,,,,1.0,,,,,,1.0,,0.0,1.0,,0.0,,,,,,,0.0,,,,1.0,,,,,,,,,,,,,,0.0,,,,0.0,,0.0,,0.0,1.0,0.0,,0.0,,0.0,1.0,1.0,1.0,1.0,1.0,,,0.0,,0.0,0.0,,,,,0.0,,,,,1.0,,0.0,,,,,,,,,,,0.0,,,,1.0,0.0,1.0,0.0,,,,1.0,0.0,1.0,1.0,1.0,,,1.0,0.0,0.0,0.0,,,,1.0,1.0,0.0,0.0,0.0,0.0,0.0,1.0,0.0,,,,,1.0,,,,,,0.0,,,,1.0,1.0,,,,,1.0,0.0,,,,,,,,
Stefano Aguiar,0.0,0.0,1.0,1.0,,1.0,1.0,1.0,0.0,,1.0,,1.0,0.0,1.0,1.0,0.0,1.0,0.0,0.0,0.0,0.0,0.0,0.0,0.0,1.0,0.0,1.0,0.0,1.0,0.0,1.0,,,,0.0,1.0,1.0,0.0,0.0,0.0,0.0,0.0,1.0,0.0,,,1.0,1.0,,0.0,1.0,0.0,1.0,1.0,0.0,,1.0,0.0,1.0,1.0,,,,,,0.0,0.0,0.0,0.0,0.0,,,1.0,0.0,1.0,1.0,,,1.0,1.0,1.0,1.0,0.0,,,1.0,1.0,1.0,1.0,1.0,1.0,1.0,0.0,0.0,1.0,1.0,1.0,,,,0.0,1.0,0.0,0.0,0.0,,1.0,0.0,0.0,0.0,1.0,1.0,1.0,1.0,1.0,,0.0,0.0,0.0,1.0,0.0,0.0,,0.0,1.0,0.0,,0.0,0.0,1.0,0.0,0.0,0.0,0.0,1.0,1.0,1.0,1.0,,0.0,0.0,1.0,0.0,,1.0,0.0,1.0,1.0,,0.0,,,0.0,0.0,,1.0,,,,,,1.0,0.0,0.0,0.0,,,,1.0,1.0,,,1.0,0.0,,,,,,,,,,,,,,,,,1.0,0.0,,,0.0,0.0,0.0,1.0,1.0,0.0,,0.0,,0.0,0.0,1.0,0.0,1.0,0.0,1.0,0.0,1.0,1.0,0.0,,1.0,,0.0,1.0,1.0,1.0,1.0,0.0,1.0,1.0,1.0,1.0,1.0,0.0,0.0,0.0,0.0,1.0,1.0,1.0,0.0,1.0,0.0,0.0,1.0,,0.0,0.0,1.0,,0.0,0.0,0.0,,1.0,,,0.0,0.0,,,1.0,,1.0,1.0,1.0,1.0,1.0,,1.0,1.0,1.0,1.0,0.0,1.0,0.0,0.0,0.0,0.0,1.0,0.0,0.0,,,,,,,0.0,0.0,0.0,0.0,1.0,0.0,1.0,0.0,,,1.0,,,,,,1.0,0.0,1.0,,1.0,0.0,0.0,1.0,0.0,0.0,0.0,0.0,1.0,1.0,1.0,1.0,,,0.0,1.0,0.0,1.0,1.0,0.0,1.0,1.0,1.0,1.0,1.0,1.0,1.0,1.0,0.0,,0.0,0.0,1.0,0.0,0.0,0.0,,0.0,1.0,1.0,1.0,0.0,1.0,0.0,0.0,,0.0,,,0.0,1.0,0.0,,,0.0,1.0,0.0,,,,,,,,0.0,,,,0.0,1.0,1.0,0.0,,0.0,0.0,1.0,0.0,0.0,0.0,0.0,0.0,0.0,1.0,,0.0,1.0,1.0,1.0,,0.0,1.0,1.0,1.0,,,0.0,,,1.0,0.0,,0.0,1.0,0.0,1.0,1.0,,,,,,0.0,0.0,0.0,0.0,1.0,,,,0.0,0.0,0.0,1.0,0.0,1.0,,0.0,0.0,1.0,0.0,,,,,0.0,0.0,0.0,0.0,0.0,0.0,1.0,1.0,0.0,1.0,0.0,1.0,0.0,0.0,1.0,0.0,1.0,1.0,1.0,1.0,0.0,,0.0,0.0,0.0,0.0,0.0,1.0,1.0,1.0,0.0,0.0,0.0,0.0,1.0,1.0,,,,,,,,,,,,0.0,1.0,,,1.0,1.0,,,0.0,0.0,1.0,0.0,,,,,,,,0.0
Subtenente Gonzaga,,1.0,1.0,1.0,1.0,1.0,1.0,,,1.0,0.0,1.0,0.0,1.0,1.0,1.0,0.0,1.0,1.0,1.0,1.0,0.0,0.0,1.0,0.0,1.0,,,1.0,0.0,0.0,1.0,0.0,0.0,0.0,0.0,0.0,1.0,,,,1.0,0.0,,,1.0,,1.0,1.0,0.0,,1.0,0.0,1.0,1.0,,1.0,1.0,,1.0,1.0,1.0,0.0,0.0,0.0,0.0,,0.0,0.0,0.0,0.0,0.0,,1.0,,1.0,1.0,0.0,1.0,1.0,1.0,1.0,1.0,0.0,1.0,,1.0,1.0,,1.0,1.0,1.0,1.0,1.0,0.0,1.0,1.0,1.0,,0.0,0.0,,0.0,1.0,1.0,1.0,,0.0,1.0,1.0,1.0,0.0,0.0,,0.0,0.0,1.0,1.0,,0.0,1.0,1.0,1.0,0.0,,0.0,1.0,,1.0,1.0,0.0,1.0,1.0,1.0,,0.0,,0.0,1.0,,0.0,0.0,1.0,,1.0,1.0,,1.0,0.0,,0.0,,1.0,0.0,0.0,0.0,1.0,0.0,0.0,1.0,0.0,,1.0,,,0.0,1.0,0.0,1.0,1.0,1.0,0.0,,,,,,,0.0,0.0,0.0,0.0,0.0,0.0,0.0,0.0,0.0,0.0,0.0,0.0,1.0,0.0,1.0,1.0,0.0,,1.0,1.0,1.0,0.0,0.0,1.0,,,1.0,0.0,,1.0,,,1.0,1.0,0.0,1.0,1.0,0.0,0.0,1.0,1.0,1.0,0.0,0.0,0.0,1.0,0.0,0.0,0.0,0.0,0.0,1.0,1.0,1.0,1.0,0.0,1.0,0.0,1.0,0.0,1.0,1.0,0.0,1.0,1.0,1.0,0.0,,1.0,1.0,1.0,1.0,,1.0,0.0,1.0,1.0,0.0,1.0,1.0,,1.0,1.0,1.0,1.0,1.0,0.0,0.0,,0.0,1.0,1.0,,1.0,1.0,0.0,0.0,,1.0,1.0,0.0,1.0,0.0,0.0,0.0,0.0,0.0,1.0,,1.0,0.0,0.0,1.0,1.0,0.0,1.0,0.0,0.0,0.0,0.0,0.0,1.0,0.0,1.0,1.0,1.0,1.0,,1.0,0.0,,1.0,1.0,1.0,0.0,1.0,0.0,,1.0,1.0,1.0,0.0,1.0,1.0,1.0,1.0,1.0,0.0,1.0,1.0,1.0,1.0,1.0,0.0,,0.0,0.0,0.0,0.0,1.0,0.0,,1.0,1.0,1.0,1.0,0.0,0.0,0.0,1.0,1.0,0.0,0.0,1.0,1.0,1.0,0.0,1.0,0.0,,,0.0,1.0,0.0,0.0,1.0,0.0,1.0,1.0,1.0,0.0,1.0,1.0,0.0,0.0,,0.0,1.0,1.0,1.0,1.0,0.0,0.0,1.0,1.0,1.0,,0.0,1.0,0.0,0.0,1.0,1.0,1.0,1.0,0.0,1.0,0.0,1.0,,,,,,1.0,1.0,,1.0,0.0,1.0,0.0,0.0,0.0,0.0,1.0,,,1.0,1.0,1.0,1.0,0.0,,,,,,,,,1.0,0.0,1.0,1.0,0.0,,0.0,0.0,1.0,,,,,,,,,,,1.0,,0.0,0.0,1.0,1.0,1.0,0.0,0.0,0.0,0.0,1.0,1.0,1.0,1.0,1.0,1.0,1.0,0.0,0.0,0.0,1.0,1.0,,1.0,1.0,0.0,1.0,,1.0,1.0,,0.0,,1.0,1.0,0.0,1.0,0.0,1.0,1.0,,1.0,0.0,1.0,,1.0,1.0,,1.0,0.0,0.0,,0.0,0.0,1.0,0.0,1.0
Sâmia Bomfim,1.0,1.0,1.0,1.0,1.0,1.0,1.0,,,1.0,1.0,1.0,1.0,0.0,1.0,,1.0,0.0,1.0,1.0,1.0,0.0,1.0,,,1.0,1.0,0.0,1.0,0.0,,,,,,,,1.0,,1.0,1.0,1.0,0.0,0.0,,0.0,0.0,0.0,,,,,0.0,,1.0,0.0,0.0,,,1.0,0.0,0.0,0.0,,,0.0,1.0,1.0,0.0,0.0,,,,,,,0.0,,,,,,1.0,0.0,1.0,,1.0,1.0,,,,,0.0,1.0,1.0,,1.0,1.0,,0.0,0.0,1.0,0.0,1.0,1.0,0.0,1.0,0.0,1.0,1.0,1.0,0.0,0.0,0.0,0.0,0.0,,,,1.0,0.0,,,0.0,1.0,0.0,0.0,0.0,1.0,1.0,0.0,1.0,1.0,1.0,1.0,0.0,0.0,0.0,1.0,0.0,0.0,0.0,,1.0,0.0,,0.0,0.0,0.0,,,,,,,,0.0,,0.0,,,,,,,,1.0,,1.0,1.0,1.0,,,,,,,,0.0,0.0,0.0,0.0,0.0,0.0,0.0,,0.0,0.0,0.0,0.0,1.0,0.0,1.0,0.0,1.0,,1.0,1.0,,0.0,1.0,1.0,,,1.0,1.0,1.0,1.0,0.0,1.0,,1.0,0.0,1.0,1.0,,,,1.0,0.0,0.0,0.0,0.0,1.0,0.0,0.0,0.0,0.0,0.0,1.0,1.0,1.0,1.0,0.0,,0.0,1.0,0.0,1.0,1.0,0.0,,,1.0,0.0,0.0,1.0,1.0,1.0,1.0,1.0,,0.0,1.0,1.0,0.0,0.0,,,1.0,,1.0,0.0,0.0,0.0,0.0,0.0,1.0,0.0,1.0,0.0,1.0,1.0,1.0,1.0,,0.0,1.0,1.0,1.0,0.0,0.0,,0.0,,,,,,,0.0,,,1.0,0.0,0.0,0.0,,0.0,1.0,0.0,1.0,1.0,1.0,1.0,1.0,1.0,0.0,,,1.0,1.0,0.0,0.0,0.0,0.0,1.0,1.0,1.0,0.0,1.0,0.0,0.0,1.0,1.0,0.0,0.0,1.0,1.0,0.0,0.0,0.0,1.0,1.0,1.0,1.0,0.0,1.0,1.0,1.0,1.0,1.0,,0.0,0.0,0.0,0.0,1.0,1.0,0.0,1.0,1.0,0.0,1.0,0.0,1.0,,0.0,1.0,0.0,1.0,,0.0,0.0,1.0,0.0,,,,,,,0.0,1.0,0.0,1.0,1.0,1.0,1.0,0.0,1.0,1.0,,1.0,1.0,0.0,1.0,1.0,1.0,1.0,1.0,1.0,1.0,1.0,1.0,0.0,,,,,,,1.0,1.0,,1.0,0.0,1.0,0.0,0.0,0.0,,,,,,,1.0,1.0,0.0,,,,,,,,,0.0,0.0,1.0,1.0,0.0,1.0,0.0,0.0,1.0,,,,,,,,,,,,1.0,0.0,0.0,1.0,1.0,1.0,0.0,0.0,,0.0,1.0,0.0,1.0,1.0,1.0,1.0,,,,0.0,1.0,,0.0,1.0,1.0,0.0,1.0,1.0,,1.0,1.0,0.0,1.0,1.0,1.0,,0.0,1.0,0.0,1.0,,0.0,0.0,0.0,1.0,1.0,1.0,0.0,1.0,0.0,0.0,,,0.0,1.0,0.0,1.0
Sérgio Brito,,,1.0,1.0,1.0,1.0,1.0,,,,0.0,1.0,,1.0,,,,,,0.0,1.0,,0.0,,,,,,,,,,,,,,,,,,,,,,,,,,1.0,,0.0,,,1.0,1.0,0.0,,1.0,0.0,,1.0,1.0,1.0,,0.0,1.0,1.0,,0.0,,,,,,,,,,,1.0,,1.0,1.0,0.0,,,1.0,1.0,1.0,1.0,1.0,1.0,1.0,0.0,1.0,,1.0,1.0,,,,0.0,1.0,1.0,1.0,1.0,0.0,0.0,1.0,1.0,1.0,0.0,0.0,,,,,,,0.0,,,,0.0,0.0,1.0,0.0,0.0,0.0,0.0,1.0,,0.0,0.0,0.0,,1.0,1.0,1.0,0.0,0.0,0.0,,,,,,,1.0,,,,,,,,,0.0,1.0,1.0,,,1.0,0.0,1.0,0.0,0.0,,1.0,1.0,1.0,0.0,,1.0,,0.0,1.0,1.0,1.0,1.0,1.0,1.0,0.0,1.0,1.0,1.0,1.0,1.0,1.0,,,1.0,0.0,,0.0,0.0,,0.0,1.0,1.0,0.0,1.0,0.0,,0.0,,,0.0,1.0,0.0,0.0,,,,0.0,,1.0,,0.0,,,,1.0,0.0,1.0,1.0,1.0,1.0,1.0,,0.0,,0.0,1.0,1.0,,0.0,1.0,0.0,0.0,1.0,0.0,,0.0,1.0,,,,0.0,,1.0,1.0,1.0,,0.0,0.0,0.0,1.0,0.0,1.0,1.0,,1.0,1.0,1.0,1.0,1.0,1.0,1.0,0.0,1.0,0.0,0.0,,0.0,,,,1.0,0.0,1.0,1.0,1.0,1.0,0.0,0.0,0.0,0.0,1.0,1.0,1.0,0.0,0.0,0.0,,,,,1.0,,1.0,0.0,1.0,0.0,,,,,,0.0,,0.0,1.0,1.0,1.0,,0.0,1.0,0.0,1.0,0.0,1.0,1.0,0.0,1.0,1.0,1.0,,1.0,1.0,1.0,1.0,,0.0,,,1.0,0.0,0.0,0.0,0.0,0.0,,1.0,1.0,1.0,1.0,0.0,0.0,0.0,0.0,1.0,,0.0,,0.0,0.0,,0.0,1.0,,,,1.0,,0.0,1.0,1.0,0.0,1.0,1.0,0.0,,1.0,,0.0,1.0,,,1.0,0.0,0.0,0.0,0.0,0.0,0.0,1.0,0.0,0.0,1.0,1.0,1.0,,,1.0,,,,,,,,,,0.0,0.0,,0.0,1.0,1.0,1.0,,,,,0.0,0.0,0.0,,,0.0,,,,0.0,0.0,,,1.0,1.0,0.0,0.0,1.0,0.0,1.0,,,,,,,,,0.0,1.0,1.0,0.0,1.0,0.0,,,,1.0,,1.0,1.0,,,0.0,,0.0,0.0,,0.0,0.0,1.0,1.0,1.0,0.0,0.0,0.0,0.0,1.0,1.0,,,,,0.0,,,0.0,0.0,1.0,,,,1.0,0.0,1.0,1.0,1.0,1.0,,,,0.0,,,,,,,,0.0
Sóstenes Cavalcante,0.0,,1.0,0.0,1.0,1.0,0.0,,0.0,1.0,1.0,,1.0,0.0,1.0,,,,,,0.0,,1.0,1.0,0.0,1.0,0.0,1.0,0.0,1.0,0.0,1.0,0.0,,,0.0,,1.0,,1.0,0.0,0.0,,1.0,0.0,1.0,0.0,1.0,1.0,0.0,0.0,1.0,0.0,0.0,0.0,1.0,,1.0,0.0,1.0,1.0,1.0,1.0,0.0,,1.0,0.0,1.0,0.0,,,,0.0,1.0,0.0,,1.0,0.0,1.0,,1.0,1.0,,,1.0,,1.0,,1.0,,1.0,1.0,,,0.0,1.0,1.0,1.0,,1.0,1.0,0.0,1.0,0.0,0.0,0.0,0.0,1.0,1.0,0.0,0.0,1.0,1.0,1.0,,,,0.0,,,1.0,0.0,,0.0,,,,,,,,,,,,,,,0.0,,,,1.0,0.0,,1.0,0.0,1.0,1.0,0.0,,1.0,1.0,0.0,,0.0,1.0,,1.0,,,,,,,,,,1.0,,1.0,,0.0,1.0,,,,,1.0,1.0,,,1.0,,1.0,0.0,1.0,1.0,1.0,,,1.0,0.0,,,0.0,1.0,1.0,1.0,0.0,,,1.0,,,1.0,0.0,,,,0.0,,1.0,1.0,,0.0,1.0,0.0,,1.0,1.0,,,,,1.0,,,,,,,,1.0,1.0,1.0,0.0,1.0,,,1.0,,,,,,,,,1.0,1.0,,,0.0,0.0,1.0,0.0,,,1.0,,1.0,,,1.0,1.0,,1.0,1.0,0.0,1.0,0.0,0.0,,,,0.0,0.0,1.0,0.0,,1.0,1.0,1.0,0.0,,0.0,0.0,,,,,,,1.0,1.0,1.0,0.0,,0.0,,0.0,0.0,1.0,,,0.0,,0.0,,0.0,0.0,1.0,,,1.0,0.0,1.0,0.0,1.0,,1.0,1.0,0.0,1.0,1.0,1.0,1.0,1.0,1.0,,1.0,,0.0,,,1.0,,0.0,,,0.0,,1.0,1.0,1.0,1.0,0.0,0.0,,0.0,0.0,1.0,0.0,,,0.0,,0.0,1.0,0.0,,,1.0,0.0,,,,,1.0,1.0,,,1.0,,,1.0,0.0,0.0,1.0,,,,0.0,0.0,0.0,1.0,0.0,,1.0,,1.0,,0.0,1.0,,,,0.0,,0.0,0.0,,,,,1.0,0.0,1.0,1.0,,1.0,1.0,,,,,,0.0,,0.0,,0.0,0.0,0.0,0.0,,,,,0.0,,,,,,0.0,0.0,0.0,,0.0,,0.0,,1.0,,,1.0,0.0,1.0,0.0,0.0,,0.0,1.0,,1.0,,0.0,,,0.0,,,,,1.0,1.0,0.0,0.0,,,,,0.0,,0.0,,,1.0,,0.0,0.0,,,,1.0,0.0,,,1.0,,0.0,,0.0,1.0,,1.0,,0.0,,,1.0,0.0,
Tabata Amaral,1.0,1.0,1.0,1.0,1.0,1.0,1.0,1.0,1.0,1.0,1.0,1.0,0.0,1.0,1.0,0.0,0.0,1.0,0.0,0.0,0.0,1.0,,1.0,0.0,1.0,1.0,0.0,0.0,0.0,0.0,1.0,0.0,0.0,0.0,0.0,1.0,1.0,,1.0,1.0,0.0,0.0,0.0,0.0,1.0,0.0,1.0,1.0,0.0,0.0,1.0,0.0,1.0,1.0,0.0,0.0,1.0,,1.0,0.0,0.0,0.0,0.0,0.0,1.0,1.0,1.0,1.0,1.0,1.0,,0.0,1.0,0.0,0.0,0.0,1.0,0.0,1.0,0.0,1.0,1.0,0.0,1.0,,1.0,1.0,1.0,0.0,0.0,0.0,0.0,0.0,1.0,,1.0,1.0,,0.0,,0.0,1.0,1.0,1.0,1.0,1.0,0.0,1.0,1.0,1.0,0.0,0.0,1.0,0.0,1.0,,1.0,0.0,0.0,1.0,0.0,0.0,1.0,1.0,0.0,0.0,1.0,0.0,1.0,0.0,1.0,1.0,1.0,0.0,0.0,0.0,0.0,1.0,,0.0,0.0,1.0,1.0,0.0,1.0,0.0,0.0,1.0,0.0,0.0,1.0,1.0,0.0,,0.0,1.0,0.0,1.0,1.0,0.0,0.0,,0.0,0.0,0.0,,0.0,1.0,1.0,1.0,1.0,1.0,0.0,1.0,,0.0,0.0,0.0,0.0,0.0,0.0,0.0,0.0,0.0,0.0,1.0,0.0,0.0,,,0.0,1.0,0.0,0.0,0.0,1.0,1.0,1.0,0.0,0.0,1.0,,,1.0,0.0,1.0,1.0,1.0,0.0,1.0,1.0,0.0,0.0,0.0,,0.0,1.0,1.0,1.0,0.0,0.0,0.0,1.0,0.0,0.0,0.0,0.0,0.0,1.0,1.0,,1.0,1.0,1.0,1.0,1.0,0.0,0.0,1.0,0.0,1.0,1.0,0.0,0.0,0.0,1.0,,1.0,1.0,1.0,,1.0,1.0,1.0,0.0,1.0,1.0,,1.0,1.0,1.0,1.0,1.0,0.0,0.0,1.0,0.0,1.0,1.0,0.0,1.0,1.0,1.0,1.0,1.0,0.0,0.0,0.0,1.0,0.0,1.0,1.0,0.0,0.0,0.0,0.0,0.0,1.0,1.0,1.0,1.0,,1.0,0.0,0.0,0.0,0.0,1.0,,0.0,0.0,1.0,1.0,1.0,0.0,,1.0,0.0,0.0,0.0,0.0,0.0,1.0,1.0,1.0,1.0,1.0,1.0,1.0,1.0,1.0,1.0,1.0,,0.0,0.0,,1.0,1.0,1.0,0.0,0.0,0.0,,,,0.0,0.0,0.0,0.0,,,1.0,1.0,1.0,1.0,0.0,1.0,1.0,0.0,1.0,1.0,1.0,0.0,1.0,0.0,,0.0,0.0,1.0,0.0,0.0,1.0,0.0,0.0,1.0,1.0,0.0,1.0,1.0,1.0,1.0,1.0,0.0,0.0,1.0,0.0,1.0,0.0,0.0,1.0,1.0,0.0,0.0,0.0,1.0,1.0,1.0,1.0,1.0,1.0,1.0,1.0,0.0,,,0.0,0.0,0.0,0.0,0.0,1.0,1.0,0.0,0.0,1.0,0.0,0.0,1.0,1.0,0.0,0.0,0.0,0.0,0.0,0.0,1.0,1.0,0.0,0.0,,0.0,0.0,0.0,0.0,1.0,0.0,1.0,0.0,1.0,1.0,1.0,1.0,0.0,,1.0,0.0,0.0,0.0,0.0,0.0,0.0,0.0,1.0,1.0,0.0,1.0,0.0,0.0,0.0,1.0,,1.0,0.0,0.0,0.0,0.0,1.0,1.0,1.0,0.0,0.0,0.0,0.0,1.0,1.0,1.0,0.0,1.0,0.0,1.0,0.0,0.0,0.0,1.0,,0.0,1.0,,,0.0,0.0,1.0,1.0,0.0,1.0,1.0,0.0,,1.0,0.0,1.0,0.0,,1.0,0.0,0.0,0.0,0.0,0.0,0.0,,0.0,1.0
Tadeu Alencar,1.0,,1.0,1.0,1.0,1.0,1.0,1.0,1.0,1.0,1.0,1.0,1.0,1.0,1.0,1.0,0.0,,0.0,0.0,1.0,0.0,0.0,1.0,,,1.0,0.0,1.0,,,0.0,,1.0,1.0,1.0,0.0,1.0,0.0,,1.0,,0.0,0.0,1.0,0.0,0.0,1.0,1.0,0.0,0.0,1.0,0.0,1.0,1.0,0.0,0.0,1.0,0.0,,1.0,1.0,,,,0.0,1.0,1.0,0.0,0.0,0.0,0.0,0.0,1.0,0.0,1.0,,,,1.0,1.0,1.0,1.0,0.0,1.0,,1.0,1.0,1.0,1.0,,1.0,1.0,1.0,1.0,1.0,1.0,1.0,,,0.0,1.0,,1.0,1.0,1.0,,0.0,1.0,1.0,1.0,,0.0,1.0,0.0,0.0,1.0,0.0,0.0,0.0,1.0,0.0,1.0,0.0,1.0,0.0,0.0,1.0,,1.0,0.0,1.0,1.0,1.0,1.0,0.0,0.0,0.0,1.0,,0.0,0.0,1.0,1.0,0.0,1.0,0.0,1.0,,,,,,,,,,,,,,0.0,0.0,0.0,0.0,,1.0,,1.0,1.0,1.0,0.0,,,,,,,0.0,0.0,0.0,0.0,0.0,0.0,0.0,0.0,0.0,0.0,0.0,0.0,1.0,0.0,1.0,,,0.0,1.0,1.0,1.0,0.0,0.0,1.0,,,1.0,1.0,1.0,,,1.0,1.0,,,1.0,1.0,,1.0,1.0,1.0,0.0,0.0,0.0,0.0,,0.0,0.0,0.0,,0.0,1.0,1.0,,,0.0,1.0,0.0,1.0,0.0,1.0,1.0,0.0,1.0,,1.0,1.0,0.0,,,1.0,1.0,1.0,,0.0,1.0,1.0,,1.0,1.0,,1.0,,1.0,1.0,1.0,0.0,,1.0,0.0,1.0,1.0,0.0,1.0,1.0,1.0,1.0,0.0,,1.0,0.0,1.0,0.0,0.0,0.0,0.0,0.0,0.0,0.0,,1.0,1.0,1.0,0.0,0.0,1.0,0.0,0.0,,1.0,,1.0,0.0,0.0,0.0,1.0,1.0,,,1.0,0.0,1.0,1.0,0.0,,,,0.0,1.0,1.0,1.0,0.0,1.0,1.0,1.0,1.0,1.0,0.0,0.0,1.0,,1.0,1.0,0.0,,,1.0,1.0,,,0.0,1.0,1.0,1.0,1.0,1.0,0.0,0.0,0.0,1.0,1.0,0.0,1.0,1.0,,1.0,0.0,,0.0,,1.0,0.0,1.0,,,1.0,1.0,0.0,0.0,1.0,1.0,0.0,1.0,0.0,,1.0,0.0,1.0,0.0,,,0.0,0.0,1.0,1.0,1.0,1.0,0.0,1.0,1.0,1.0,1.0,1.0,1.0,,0.0,0.0,,,,,,,,1.0,1.0,,,0.0,1.0,0.0,,0.0,,0.0,,,,1.0,1.0,,,,,,,,,,,0.0,,,1.0,,,,,,,,,,,,,,,,,,0.0,0.0,1.0,,1.0,,0.0,0.0,0.0,,1.0,1.0,,,,,,,,,,,,,,1.0,,,1.0,1.0,,,,1.0,,,0.0,1.0,,,,,0.0,1.0,1.0,1.0,0.0,1.0,,,0.0,0.0,0.0,1.0,,1.0
Tadeu Filippelli,,,1.0,0.0,1.0,1.0,1.0,,,,,,,,,,,,,,,,,,,,,,,,,,,,,,,,,,,,,,,,,,,,,,,,,,,,,,,,,,,,,,,,,,,,,,,,,,,,,,,,1.0,1.0,,,,,,,,,,,,,,,,,,,,,,,,,,,,,,,,,,,,,0.0,1.0,1.0,1.0,1.0,0.0,,0.0,0.0,0.0,0.0,1.0,1.0,1.0,,,,,,,,,,,,,,,,,,,,,,,,,,,,,,,,,,0.0,,,,,,,,,,,,,,,,,,1.0,,,,,,,,,,,0.0,1.0,,,0.0,0.0,0.0,0.0,1.0,0.0,0.0,0.0,1.0,1.0,0.0,,1.0,0.0,0.0,1.0,1.0,1.0,1.0,0.0,1.0,1.0,1.0,1.0,1.0,0.0,0.0,0.0,0.0,1.0,1.0,1.0,0.0,1.0,0.0,0.0,1.0,0.0,,0.0,1.0,1.0,,,,,,,1.0,0.0,0.0,,,,,,,,,,1.0,1.0,,1.0,1.0,,1.0,0.0,0.0,0.0,0.0,1.0,1.0,0.0,1.0,0.0,1.0,1.0,1.0,1.0,0.0,0.0,0.0,0.0,1.0,1.0,1.0,0.0,0.0,0.0,1.0,1.0,1.0,0.0,1.0,,0.0,1.0,,1.0,,,,,,,,,,,,,,,,,,,,,,,,,,,,,0.0,0.0,0.0,0.0,1.0,0.0,,,,,,,,,,,,,,,,1.0,1.0,0.0,0.0,1.0,,0.0,,,,,,,,,,,,,0.0,1.0,1.0,0.0,,0.0,0.0,1.0,0.0,0.0,0.0,0.0,0.0,0.0,1.0,0.0,0.0,1.0,1.0,1.0,,0.0,1.0,1.0,1.0,0.0,0.0,0.0,0.0,0.0,1.0,0.0,,,,0.0,1.0,0.0,0.0,1.0,1.0,1.0,1.0,0.0,0.0,1.0,0.0,1.0,0.0,0.0,,0.0,0.0,0.0,1.0,,,1.0,0.0,0.0,1.0,0.0,1.0,1.0,0.0,0.0,0.0,0.0,0.0,0.0,,0.0,1.0,1.0,1.0,1.0,0.0,1.0,0.0,0.0,,,1.0,1.0,1.0,0.0,,,,,,,,,,,,,,,,,,,,,,1.0,,,,,1.0,,,,,1.0,1.0,,,0.0,0.0,1.0,0.0,,,,,,,,0.0
Talíria Petrone,1.0,1.0,,,,,,,,1.0,1.0,1.0,1.0,0.0,1.0,1.0,1.0,,1.0,1.0,,0.0,1.0,1.0,,1.0,1.0,0.0,1.0,0.0,,,,,,,,1.0,,1.0,1.0,1.0,0.0,0.0,,,,0.0,0.0,,,,0.0,,,0.0,0.0,,,1.0,0.0,,,,,0.0,1.0,1.0,0.0,0.0,,,,,,,,,,,,0.0,0.0,0.0,1.0,,1.0,1.0,1.0,,,,,,1.0,,1.0,,,0.0,,1.0,1.0,1.0,1.0,1.0,,0.0,1.0,1.0,1.0,0.0,0.0,0.0,0.0,0.0,,0.0,1.0,1.0,0.0,,,0.0,,,,,,,,,,,,,,,1.0,0.0,0.0,0.0,,,,,,,0.0,,,,,,,,,,0.0,0.0,,,,,,,1.0,,1.0,1.0,1.0,,,,,,,,0.0,0.0,0.0,0.0,0.0,0.0,0.0,0.0,0.0,0.0,0.0,,1.0,0.0,1.0,0.0,,1.0,1.0,1.0,,0.0,,,,,,,,,,,,,,,,,,,,,,,,,,,,,,,,,,,,,,,,,,,1.0,,,,1.0,1.0,1.0,,,,,,,,1.0,1.0,,1.0,0.0,1.0,0.0,0.0,,,0.0,,,1.0,,,,,,,,,,,,,,,,,,,,,,,,,,,,,,,,,1.0,,1.0,1.0,1.0,0.0,,1.0,1.0,1.0,0.0,0.0,0.0,0.0,1.0,1.0,1.0,0.0,1.0,0.0,0.0,1.0,1.0,0.0,0.0,1.0,1.0,0.0,0.0,0.0,,,,,,,,1.0,1.0,1.0,1.0,0.0,0.0,0.0,0.0,1.0,1.0,0.0,1.0,,0.0,,,,,,,,1.0,0.0,0.0,0.0,1.0,0.0,0.0,0.0,1.0,0.0,,,,,,,1.0,,,,,,,,,,,,,,,,1.0,1.0,1.0,0.0,,,,,,,1.0,1.0,,1.0,0.0,1.0,0.0,0.0,0.0,,,,,,,1.0,1.0,0.0,,,,,,,,,0.0,,,,0.0,1.0,0.0,0.0,1.0,,,,,,,,,,,,1.0,0.0,0.0,1.0,1.0,1.0,0.0,0.0,0.0,,1.0,0.0,1.0,1.0,1.0,1.0,,0.0,,0.0,1.0,1.0,,1.0,1.0,0.0,1.0,1.0,1.0,1.0,1.0,0.0,1.0,0.0,,0.0,0.0,1.0,0.0,1.0,,0.0,0.0,,1.0,,,,,0.0,0.0,0.0,0.0,0.0,1.0,0.0,1.0
Ted Conti,,,1.0,1.0,1.0,1.0,1.0,,,1.0,,,0.0,0.0,0.0,1.0,0.0,1.0,0.0,1.0,1.0,0.0,,1.0,,1.0,,0.0,1.0,0.0,1.0,0.0,1.0,,1.0,1.0,1.0,1.0,0.0,1.0,1.0,1.0,0.0,0.0,1.0,,,,,,,,0.0,1.0,1.0,0.0,0.0,1.0,0.0,1.0,,1.0,,0.0,0.0,0.0,1.0,1.0,0.0,0.0,,0.0,0.0,1.0,0.0,1.0,1.0,0.0,0.0,1.0,1.0,1.0,,,1.0,,1.0,1.0,1.0,1.0,1.0,1.0,0.0,1.0,,1.0,1.0,,,0.0,0.0,1.0,0.0,,,,,,,,,,,1.0,0.0,0.0,,0.0,0.0,0.0,1.0,0.0,1.0,0.0,1.0,0.0,0.0,1.0,1.0,1.0,0.0,1.0,1.0,1.0,1.0,0.0,0.0,0.0,1.0,0.0,0.0,0.0,,,,,,,1.0,1.0,0.0,1.0,1.0,0.0,0.0,0.0,1.0,,0.0,1.0,1.0,0.0,1.0,,,0.0,1.0,0.0,1.0,1.0,1.0,0.0,,,,,,,0.0,0.0,0.0,0.0,0.0,0.0,0.0,0.0,0.0,0.0,0.0,0.0,1.0,0.0,1.0,1.0,,0.0,1.0,1.0,1.0,0.0,0.0,1.0,,,1.0,1.0,1.0,1.0,0.0,1.0,1.0,,0.0,1.0,1.0,0.0,,1.0,1.0,0.0,0.0,0.0,0.0,1.0,0.0,0.0,0.0,0.0,0.0,1.0,1.0,,1.0,0.0,1.0,0.0,1.0,0.0,1.0,1.0,0.0,1.0,1.0,1.0,1.0,0.0,,1.0,1.0,1.0,1.0,,0.0,1.0,1.0,0.0,1.0,1.0,0.0,1.0,1.0,1.0,1.0,1.0,0.0,0.0,1.0,0.0,1.0,1.0,0.0,1.0,1.0,1.0,1.0,0.0,0.0,1.0,1.0,1.0,0.0,0.0,0.0,0.0,0.0,0.0,0.0,0.0,1.0,1.0,1.0,0.0,0.0,1.0,1.0,0.0,0.0,1.0,0.0,1.0,0.0,0.0,0.0,1.0,1.0,0.0,0.0,1.0,0.0,1.0,1.0,0.0,0.0,0.0,0.0,0.0,,1.0,1.0,0.0,1.0,1.0,1.0,1.0,1.0,0.0,0.0,1.0,1.0,1.0,1.0,0.0,0.0,0.0,1.0,1.0,0.0,1.0,0.0,1.0,1.0,1.0,1.0,1.0,1.0,0.0,0.0,1.0,1.0,0.0,1.0,1.0,1.0,1.0,0.0,,0.0,1.0,1.0,0.0,1.0,1.0,0.0,1.0,1.0,0.0,0.0,1.0,1.0,0.0,0.0,0.0,0.0,1.0,0.0,1.0,,1.0,1.0,0.0,0.0,1.0,1.0,1.0,1.0,0.0,1.0,1.0,1.0,1.0,1.0,1.0,1.0,0.0,0.0,,,,,,,,1.0,1.0,0.0,0.0,0.0,0.0,0.0,0.0,0.0,0.0,0.0,,,0.0,0.0,1.0,1.0,0.0,0.0,0.0,0.0,0.0,0.0,0.0,1.0,0.0,1.0,0.0,,1.0,0.0,0.0,0.0,0.0,1.0,,,,,,,,,,,,1.0,0.0,0.0,1.0,1.0,1.0,0.0,0.0,0.0,0.0,1.0,1.0,1.0,1.0,1.0,,,,,,,1.0,0.0,1.0,1.0,0.0,1.0,1.0,1.0,1.0,1.0,0.0,0.0,0.0,1.0,0.0,1.0,0.0,1.0,1.0,0.0,1.0,0.0,0.0,1.0,0.0,0.0,1.0,0.0,0.0,0.0,0.0,0.0,0.0,1.0,0.0,1.0
Tereza Cristina,0.0,0.0,,,,,,1.0,0.0,,0.0,1.0,,,,,,,,,,,0.0,,,,,,,,,,,,,,,,,,,,,,,1.0,0.0,1.0,1.0,0.0,0.0,1.0,,,,,,,,,,,,,,,,,,,,,,,,,,,,,,,,,,,,,,,,,,,1.0,,,,,,,,,0.0,0.0,0.0,0.0,1.0,0.0,0.0,0.0,1.0,1.0,,,,,,,,,,,,,,,,,,,,,,,,,,,,,,,0.0,0.0,1.0,0.0,1.0,,,,,,,,,,,,,,,,,,,,,,,,,,,,,,,,,,,,,,,,,,,,,,,,,,,,,,,,,,,,,,,,,,,,,,,,,,,,,,,,,,,,,,,,,,,,,,,,,,,,,,,,,,,,,,,,,,,,,,,,,,,,,,,,,,,,,,,,,,,,,,,,,,,,,,,,,,,,,,,,,,,,,,,,,,,,,,,,,,,,,,,,,,,,,,,,,,,,,,,,,,,,,,,,,,,,,,,,,,,,,,,,,,,,,,,,,,,,,,,,,,,,,,,,,,,,,,,,,,,,,,,,,,,,,,,,,,,,,,,,,,,,,,,,,,,,,,,,,,,,,,,,,,,,,,,,,,,,,,,,,,,,,,,,,,,,,,,,,,,,,,,,,,,,,,,,,,,,,
Tereza Nelma,1.0,,1.0,1.0,,1.0,1.0,1.0,0.0,,0.0,1.0,1.0,0.0,,1.0,1.0,0.0,1.0,0.0,,1.0,0.0,1.0,0.0,,,,,,1.0,1.0,,,0.0,0.0,1.0,1.0,0.0,,0.0,0.0,0.0,1.0,1.0,1.0,0.0,1.0,,0.0,0.0,1.0,0.0,,1.0,0.0,0.0,1.0,,1.0,0.0,0.0,,,0.0,1.0,0.0,1.0,,0.0,0.0,0.0,,1.0,,,,0.0,1.0,1.0,1.0,1.0,,,0.0,,1.0,1.0,,1.0,,1.0,0.0,0.0,1.0,1.0,1.0,1.0,,,,0.0,1.0,1.0,1.0,1.0,,0.0,1.0,1.0,1.0,0.0,0.0,1.0,1.0,1.0,0.0,1.0,0.0,,1.0,,0.0,,0.0,1.0,0.0,,,0.0,1.0,1.0,1.0,0.0,1.0,1.0,1.0,,1.0,0.0,0.0,0.0,,,,,,,,,,,,,,,,,,,,,,,,,,,1.0,1.0,1.0,0.0,0.0,1.0,0.0,,0.0,0.0,0.0,0.0,0.0,1.0,0.0,0.0,0.0,0.0,0.0,0.0,0.0,1.0,0.0,1.0,1.0,1.0,0.0,0.0,0.0,0.0,,,0.0,1.0,1.0,,0.0,0.0,0.0,0.0,1.0,0.0,1.0,0.0,1.0,0.0,0.0,,0.0,0.0,0.0,1.0,,0.0,1.0,0.0,1.0,1.0,1.0,1.0,0.0,0.0,0.0,0.0,0.0,1.0,1.0,1.0,0.0,,0.0,0.0,1.0,0.0,1.0,0.0,0.0,1.0,0.0,0.0,1.0,1.0,1.0,1.0,,1.0,0.0,1.0,0.0,1.0,0.0,1.0,1.0,1.0,1.0,1.0,1.0,1.0,1.0,0.0,1.0,1.0,1.0,1.0,,0.0,,1.0,0.0,0.0,,0.0,1.0,0.0,1.0,1.0,0.0,0.0,1.0,0.0,1.0,1.0,1.0,1.0,,0.0,0.0,1.0,1.0,1.0,1.0,1.0,0.0,1.0,1.0,1.0,1.0,0.0,0.0,1.0,0.0,0.0,0.0,0.0,1.0,1.0,1.0,1.0,0.0,1.0,1.0,1.0,1.0,1.0,,0.0,1.0,1.0,1.0,1.0,1.0,0.0,1.0,1.0,,0.0,0.0,0.0,1.0,,0.0,0.0,0.0,0.0,1.0,1.0,1.0,1.0,0.0,0.0,1.0,,1.0,1.0,1.0,1.0,,0.0,0.0,,1.0,0.0,1.0,0.0,0.0,1.0,1.0,0.0,1.0,1.0,1.0,0.0,0.0,0.0,0.0,1.0,1.0,0.0,,0.0,0.0,1.0,0.0,1.0,1.0,0.0,0.0,0.0,1.0,0.0,1.0,1.0,1.0,1.0,1.0,0.0,1.0,1.0,1.0,0.0,0.0,0.0,0.0,0.0,1.0,0.0,,0.0,1.0,0.0,1.0,0.0,1.0,1.0,,0.0,1.0,0.0,,0.0,0.0,1.0,0.0,,0.0,0.0,0.0,0.0,1.0,,1.0,1.0,,,1.0,,1.0,1.0,1.0,0.0,0.0,0.0,0.0,0.0,0.0,0.0,,1.0,0.0,1.0,,0.0,0.0,,1.0,,1.0,1.0,1.0,0.0,0.0,1.0,0.0,1.0,0.0,,0.0,1.0,,1.0,,1.0,0.0,1.0,0.0,1.0,0.0,1.0,1.0,1.0,1.0,,0.0,,,,0.0,0.0,1.0,,,1.0,1.0,1.0,,,0.0,1.0,0.0,0.0,0.0,0.0,0.0,0.0,1.0,0.0,1.0
Tia Eron,,,,,,,,,,1.0,,,1.0,0.0,1.0,1.0,1.0,0.0,1.0,,0.0,0.0,,1.0,,,,,,,,,,,,,,,,,,,,,,,,,,,,,0.0,1.0,1.0,0.0,0.0,1.0,,1.0,1.0,1.0,,,,1.0,0.0,,,,,,,,,,,,,1.0,,,,,,,,,1.0,1.0,,,1.0,0.0,,1.0,1.0,,,,,,,,,,,,,,,,,,,,,,,,,,,,,,,,,,,,,,,,,,,,,,,,,,,,,,,,,,,,,,,,,,,,,,,,,1.0,1.0,,,,,,,,,,,,,,,,,,,,,,,,,,,,,,,,0.0,,,,,,,,,,,,,,,,,,,,,,,,,,,,,,,,,,,,,,,,,,,,,,,,,,,,,,,,,,,,,,,,,,,,,,,,,,,,,,,,,,,,,,,,,,,,,,,,,,,,,,,,,,,,,,,,,,,,,,,,,,,,,,,,,,,,,,,,,,,,,,,,,,,,,,,,,,,,,,,,,,,,,,,,,,,,,,,,,,,,,,,,,,,,,,,,,,,,,,,,,,,,,,,,,,,,,,,,,,,,,,,,,,,,,,,,,,,,,,,,,,,,,,,,,,,,,,,,,,,,,,,,,,,,,,,,,,,,,,,,,,,,,,,,,,,,,,,,,,,,,,
Tiago Andrino,,,,,,,,1.0,1.0,,,,,,,,,,,,,,,,,,,,,,,,,,,,,,,,,,,,,0.0,0.0,1.0,,,,,,,,,,,,,,,,,,,,,,,,,,,,,,,,,,,,,,,,,,,,,,,,,,,,,,,,,,,,,,,,,,,,,,,,,,,,,,,,,,,,,,,,,,,,,,,1.0,0.0,0.0,0.0,0.0,1.0,,,,,,,,,,,,,,,,,,,,,,,,,,,,,,,,,,,,,,,,,,,,,,,,,,,,,,,,,,,,,,,,,,,,,,,,,,,,,,,,,,,,,,,,,,,,,,,,,,,,,,,,,,,,,,,,,,,,,,,,,,,,,,,,,,,,,,,,,,,,,,,,,,,,,,,,,,,,,,,,,,,,,,,,,,,,,,,,,,,,,,,,,,,,,,,,,,,,,,,,,,,,,,,,,,,,,,,,,,,,,,,,,,,,,,,,,,,,,,,,,,,,,,,,,,,,,,,,,,,,,,,,,,,,,,,,,,,,,,,,,,,,,,,,,,,,,,,,,,,,,,,,,,,,,,,,,,,,,,,,,,,,,,,,,,,,,,,,,,,,,,,,,,,,,,,,,,,,,
Tiago Dimas,0.0,1.0,1.0,0.0,1.0,1.0,1.0,1.0,0.0,1.0,0.0,1.0,,0.0,,,0.0,1.0,0.0,0.0,1.0,0.0,1.0,1.0,,,0.0,0.0,0.0,1.0,0.0,1.0,0.0,0.0,0.0,0.0,1.0,1.0,0.0,1.0,0.0,1.0,0.0,1.0,,1.0,0.0,1.0,1.0,0.0,0.0,1.0,,1.0,1.0,0.0,0.0,1.0,,1.0,1.0,1.0,1.0,0.0,0.0,1.0,1.0,1.0,0.0,0.0,0.0,,0.0,1.0,0.0,1.0,1.0,0.0,1.0,,1.0,1.0,1.0,0.0,1.0,,1.0,1.0,1.0,1.0,1.0,1.0,1.0,,1.0,1.0,,,,,,0.0,1.0,1.0,1.0,1.0,0.0,0.0,1.0,1.0,1.0,0.0,0.0,0.0,1.0,,0.0,,0.0,0.0,1.0,0.0,0.0,0.0,0.0,1.0,0.0,,0.0,0.0,1.0,0.0,0.0,0.0,1.0,1.0,1.0,1.0,1.0,,0.0,0.0,1.0,0.0,0.0,1.0,0.0,1.0,1.0,0.0,0.0,1.0,1.0,0.0,,,,0.0,1.0,1.0,0.0,0.0,,,1.0,0.0,0.0,,1.0,1.0,1.0,0.0,1.0,1.0,,0.0,1.0,1.0,1.0,1.0,1.0,1.0,0.0,1.0,1.0,1.0,1.0,1.0,0.0,1.0,0.0,0.0,0.0,1.0,,0.0,1.0,0.0,,,0.0,1.0,0.0,,0.0,0.0,0.0,0.0,1.0,0.0,1.0,,1.0,1.0,0.0,,1.0,0.0,0.0,,1.0,1.0,1.0,0.0,1.0,1.0,1.0,1.0,1.0,0.0,0.0,0.0,0.0,1.0,1.0,1.0,0.0,1.0,0.0,1.0,0.0,0.0,0.0,0.0,1.0,1.0,1.0,1.0,1.0,1.0,1.0,1.0,0.0,0.0,0.0,1.0,0.0,1.0,,1.0,1.0,,1.0,1.0,0.0,1.0,1.0,0.0,1.0,0.0,0.0,1.0,1.0,0.0,0.0,,1.0,0.0,1.0,0.0,1.0,1.0,1.0,1.0,0.0,0.0,0.0,0.0,1.0,1.0,1.0,,0.0,0.0,1.0,1.0,0.0,0.0,1.0,1.0,,1.0,0.0,1.0,1.0,,0.0,1.0,0.0,,0.0,0.0,1.0,1.0,1.0,1.0,0.0,1.0,0.0,1.0,0.0,1.0,1.0,0.0,1.0,1.0,1.0,1.0,1.0,1.0,1.0,1.0,0.0,0.0,0.0,0.0,1.0,,0.0,0.0,0.0,0.0,1.0,1.0,1.0,1.0,0.0,0.0,1.0,0.0,1.0,1.0,1.0,1.0,1.0,0.0,0.0,1.0,,0.0,0.0,0.0,0.0,1.0,,0.0,1.0,1.0,0.0,1.0,1.0,0.0,0.0,1.0,0.0,0.0,1.0,0.0,0.0,1.0,0.0,0.0,1.0,0.0,0.0,0.0,1.0,0.0,0.0,1.0,1.0,1.0,1.0,,1.0,,1.0,0.0,0.0,0.0,0.0,0.0,1.0,0.0,0.0,0.0,,0.0,1.0,1.0,1.0,0.0,1.0,0.0,1.0,0.0,,,,,0.0,0.0,0.0,0.0,0.0,0.0,,0.0,1.0,1.0,0.0,0.0,1.0,,1.0,,,0.0,0.0,,,0.0,0.0,0.0,1.0,1.0,0.0,1.0,1.0,,0.0,0.0,1.0,0.0,1.0,1.0,1.0,1.0,0.0,,,0.0,0.0,0.0,,1.0,,1.0,0.0,,,0.0,1.0,1.0,,1.0,,0.0,0.0,1.0,0.0,0.0,0.0,1.0,1.0,0.0,1.0,0.0,,,,1.0,1.0,,,1.0,0.0,,,0.0,,,1.0,1.0,
Tiago Mitraud,0.0,0.0,1.0,0.0,0.0,1.0,0.0,1.0,0.0,0.0,0.0,1.0,0.0,1.0,0.0,0.0,0.0,0.0,0.0,0.0,1.0,1.0,0.0,0.0,0.0,0.0,1.0,0.0,1.0,1.0,0.0,1.0,0.0,0.0,0.0,0.0,1.0,0.0,0.0,0.0,0.0,0.0,0.0,1.0,0.0,1.0,1.0,1.0,0.0,0.0,0.0,0.0,1.0,0.0,1.0,0.0,0.0,1.0,,0.0,0.0,0.0,1.0,0.0,0.0,1.0,1.0,0.0,0.0,0.0,0.0,0.0,0.0,1.0,0.0,1.0,1.0,0.0,1.0,0.0,1.0,0.0,0.0,0.0,0.0,,0.0,0.0,0.0,0.0,0.0,0.0,1.0,1.0,0.0,0.0,0.0,0.0,,1.0,1.0,0.0,1.0,0.0,0.0,1.0,0.0,1.0,0.0,0.0,0.0,1.0,1.0,1.0,1.0,1.0,0.0,0.0,0.0,0.0,1.0,0.0,0.0,0.0,0.0,1.0,0.0,0.0,0.0,0.0,1.0,0.0,1.0,1.0,0.0,1.0,1.0,1.0,1.0,0.0,0.0,0.0,0.0,0.0,1.0,0.0,0.0,0.0,,0.0,0.0,1.0,1.0,0.0,0.0,0.0,1.0,,,,,,,,,,0.0,0.0,1.0,1.0,1.0,1.0,0.0,1.0,0.0,0.0,1.0,1.0,0.0,0.0,1.0,1.0,1.0,1.0,1.0,1.0,1.0,1.0,1.0,1.0,0.0,0.0,0.0,1.0,0.0,0.0,0.0,0.0,1.0,0.0,1.0,1.0,,,0.0,0.0,0.0,0.0,1.0,0.0,0.0,1.0,1.0,0.0,0.0,0.0,0.0,0.0,0.0,1.0,0.0,1.0,1.0,0.0,1.0,1.0,1.0,1.0,1.0,0.0,0.0,0.0,0.0,1.0,1.0,1.0,0.0,1.0,0.0,0.0,1.0,0.0,0.0,0.0,0.0,1.0,0.0,0.0,0.0,0.0,0.0,1.0,0.0,0.0,0.0,0.0,0.0,1.0,,1.0,1.0,1.0,1.0,0.0,1.0,0.0,1.0,0.0,1.0,0.0,0.0,1.0,0.0,0.0,0.0,1.0,0.0,0.0,1.0,0.0,1.0,1.0,1.0,1.0,0.0,0.0,0.0,0.0,1.0,1.0,1.0,0.0,0.0,0.0,0.0,0.0,0.0,0.0,1.0,0.0,1.0,0.0,0.0,0.0,0.0,0.0,0.0,1.0,1.0,0.0,0.0,0.0,1.0,1.0,1.0,1.0,0.0,1.0,0.0,1.0,0.0,0.0,1.0,1.0,1.0,1.0,0.0,1.0,1.0,0.0,0.0,1.0,0.0,0.0,0.0,0.0,0.0,0.0,1.0,0.0,0.0,0.0,0.0,1.0,0.0,1.0,1.0,0.0,0.0,1.0,0.0,0.0,1.0,0.0,1.0,0.0,1.0,1.0,0.0,1.0,0.0,0.0,0.0,1.0,0.0,0.0,0.0,1.0,0.0,1.0,1.0,0.0,1.0,1.0,1.0,0.0,0.0,1.0,1.0,0.0,0.0,1.0,0.0,0.0,0.0,0.0,1.0,1.0,1.0,1.0,1.0,1.0,1.0,1.0,0.0,1.0,1.0,0.0,0.0,0.0,0.0,0.0,1.0,0.0,0.0,0.0,1.0,0.0,1.0,1.0,1.0,1.0,1.0,0.0,0.0,0.0,0.0,0.0,0.0,1.0,0.0,0.0,0.0,0.0,0.0,0.0,1.0,0.0,1.0,1.0,0.0,0.0,1.0,0.0,1.0,1.0,0.0,0.0,0.0,0.0,0.0,0.0,0.0,0.0,1.0,1.0,0.0,1.0,0.0,1.0,0.0,0.0,0.0,0.0,1.0,1.0,1.0,1.0,0.0,1.0,0.0,1.0,1.0,1.0,1.0,1.0,1.0,0.0,1.0,0.0,1.0,0.0,0.0,0.0,1.0,0.0,0.0,0.0,0.0,1.0,0.0,0.0,0.0,1.0,0.0,0.0,1.0,0.0,1.0,1.0,1.0,1.0,0.0,0.0,0.0,1.0,0.0,0.0,0.0,0.0,0.0,0.0,1.0,0.0,0.0
Tiririca,1.0,1.0,1.0,1.0,1.0,,1.0,,,,,1.0,1.0,0.0,1.0,1.0,1.0,0.0,1.0,1.0,1.0,0.0,0.0,1.0,0.0,1.0,0.0,1.0,0.0,1.0,0.0,1.0,0.0,0.0,0.0,0.0,1.0,1.0,0.0,1.0,0.0,1.0,0.0,0.0,0.0,,,,1.0,0.0,0.0,1.0,0.0,1.0,1.0,0.0,0.0,1.0,,1.0,1.0,1.0,,0.0,,1.0,1.0,0.0,0.0,0.0,0.0,0.0,0.0,1.0,0.0,1.0,1.0,0.0,1.0,1.0,1.0,1.0,1.0,0.0,0.0,,1.0,1.0,1.0,1.0,1.0,1.0,1.0,0.0,0.0,1.0,1.0,1.0,,0.0,0.0,1.0,1.0,,,,,,,,,,,1.0,1.0,1.0,0.0,0.0,,0.0,1.0,0.0,0.0,0.0,,0.0,0.0,1.0,0.0,1.0,1.0,0.0,0.0,1.0,,0.0,0.0,0.0,1.0,0.0,0.0,0.0,,,,,,,1.0,0.0,0.0,1.0,1.0,0.0,0.0,0.0,1.0,0.0,1.0,1.0,0.0,0.0,1.0,0.0,1.0,0.0,0.0,,1.0,1.0,1.0,0.0,1.0,1.0,1.0,0.0,0.0,0.0,0.0,0.0,0.0,0.0,0.0,0.0,0.0,0.0,0.0,1.0,0.0,0.0,0.0,0.0,0.0,1.0,,0.0,1.0,1.0,1.0,1.0,0.0,1.0,0.0,,1.0,1.0,1.0,1.0,0.0,1.0,1.0,1.0,0.0,1.0,1.0,0.0,1.0,1.0,1.0,1.0,0.0,,0.0,1.0,0.0,0.0,0.0,0.0,0.0,0.0,0.0,0.0,1.0,0.0,0.0,0.0,1.0,0.0,1.0,1.0,0.0,1.0,1.0,1.0,1.0,0.0,1.0,1.0,1.0,1.0,,1.0,0.0,1.0,1.0,1.0,1.0,1.0,0.0,1.0,1.0,,1.0,1.0,0.0,0.0,1.0,1.0,1.0,0.0,0.0,1.0,1.0,1.0,1.0,0.0,0.0,1.0,0.0,1.0,0.0,0.0,0.0,0.0,0.0,0.0,0.0,1.0,0.0,0.0,1.0,1.0,0.0,1.0,1.0,1.0,0.0,1.0,,1.0,0.0,,1.0,1.0,,,,1.0,0.0,0.0,0.0,0.0,1.0,1.0,1.0,0.0,0.0,1.0,1.0,0.0,1.0,1.0,,0.0,1.0,0.0,1.0,1.0,1.0,1.0,1.0,0.0,1.0,0.0,0.0,0.0,0.0,1.0,0.0,1.0,1.0,1.0,1.0,1.0,0.0,0.0,0.0,1.0,1.0,0.0,1.0,1.0,,0.0,0.0,1.0,0.0,,1.0,0.0,1.0,0.0,0.0,1.0,1.0,0.0,0.0,,1.0,0.0,1.0,0.0,0.0,1.0,0.0,1.0,1.0,0.0,0.0,0.0,0.0,1.0,1.0,1.0,1.0,0.0,0.0,0.0,0.0,1.0,1.0,0.0,,0.0,0.0,0.0,1.0,0.0,0.0,0.0,0.0,0.0,,1.0,0.0,,0.0,1.0,,0.0,0.0,0.0,,0.0,1.0,0.0,1.0,1.0,1.0,0.0,0.0,0.0,0.0,,0.0,0.0,1.0,0.0,0.0,,,1.0,0.0,,0.0,0.0,1.0,0.0,0.0,0.0,0.0,0.0,0.0,,,1.0,0.0,1.0,,0.0,0.0,,1.0,1.0,0.0,0.0,0.0,1.0,1.0,1.0,1.0,1.0,0.0,0.0,0.0,0.0,,,0.0,1.0,,1.0,,0.0,0.0,1.0,,1.0,1.0,1.0,0.0,0.0,1.0,0.0,1.0,0.0,1.0,1.0,0.0,1.0,0.0,1.0,1.0,1.0,0.0,0.0,1.0,0.0,,,,,,,
Tito,0.0,0.0,,,,,,1.0,0.0,1.0,1.0,1.0,1.0,1.0,0.0,1.0,0.0,1.0,0.0,1.0,1.0,1.0,0.0,1.0,0.0,0.0,1.0,0.0,1.0,1.0,,1.0,0.0,0.0,0.0,1.0,1.0,1.0,0.0,1.0,1.0,,1.0,0.0,0.0,1.0,0.0,1.0,1.0,0.0,0.0,1.0,1.0,0.0,1.0,1.0,0.0,1.0,0.0,1.0,1.0,1.0,,0.0,1.0,1.0,0.0,0.0,0.0,0.0,0.0,,0.0,1.0,0.0,1.0,1.0,0.0,1.0,1.0,1.0,1.0,1.0,0.0,1.0,,1.0,1.0,1.0,1.0,,1.0,1.0,0.0,0.0,1.0,1.0,1.0,,,,,,1.0,1.0,1.0,0.0,0.0,1.0,1.0,1.0,0.0,0.0,1.0,1.0,1.0,0.0,0.0,0.0,0.0,,,,0.0,,,,,,,,,,,,,,,1.0,0.0,0.0,0.0,1.0,0.0,0.0,1.0,0.0,1.0,1.0,0.0,0.0,1.0,1.0,0.0,0.0,0.0,1.0,0.0,1.0,1.0,0.0,0.0,1.0,0.0,1.0,0.0,0.0,,1.0,1.0,1.0,,0.0,1.0,0.0,0.0,1.0,1.0,1.0,1.0,1.0,1.0,1.0,1.0,1.0,1.0,1.0,1.0,1.0,,0.0,1.0,0.0,1.0,0.0,0.0,0.0,0.0,1.0,0.0,,1.0,0.0,,,,,,,,,,,,,,,,,,,,,,,,,,,,,,,,,,,,,,,,0.0,,,,0.0,0.0,0.0,1.0,,1.0,,,,0.0,0.0,1.0,,1.0,1.0,1.0,1.0,1.0,1.0,1.0,1.0,,,0.0,,,,,,,,,,,,,,,,,,,,,,,,,,,,,,,,,0.0,,1.0,0.0,0.0,1.0,0.0,0.0,0.0,0.0,1.0,1.0,1.0,1.0,,1.0,0.0,1.0,0.0,1.0,1.0,0.0,1.0,1.0,,,1.0,1.0,1.0,1.0,,,,,,,0.0,0.0,0.0,0.0,1.0,1.0,1.0,1.0,1.0,0.0,1.0,0.0,0.0,1.0,1.0,,,,,,,,0.0,,0.0,1.0,0.0,0.0,1.0,1.0,0.0,1.0,1.0,0.0,,,,,1.0,,,,,,,,,,,,,,,,,,1.0,1.0,,0.0,0.0,0.0,0.0,0.0,1.0,0.0,0.0,0.0,1.0,0.0,1.0,1.0,1.0,1.0,1.0,0.0,1.0,0.0,0.0,0.0,0.0,1.0,0.0,0.0,0.0,,0.0,0.0,1.0,0.0,1.0,1.0,0.0,0.0,1.0,0.0,1.0,1.0,0.0,,0.0,0.0,0.0,0.0,0.0,0.0,1.0,1.0,0.0,1.0,0.0,1.0,0.0,0.0,1.0,,1.0,1.0,1.0,1.0,0.0,1.0,0.0,0.0,1.0,0.0,0.0,1.0,1.0,1.0,,0.0,,0.0,0.0,1.0,0.0,,0.0,0.0,0.0,1.0,0.0,0.0,0.0,1.0,1.0,0.0,1.0,0.0,0.0,1.0,1.0,1.0,1.0,,,,,,,,,,,,0.0
Toninho Wandscheer,0.0,0.0,1.0,0.0,,1.0,1.0,1.0,0.0,,,1.0,0.0,1.0,0.0,1.0,0.0,1.0,0.0,0.0,,0.0,,1.0,,1.0,0.0,1.0,0.0,,,1.0,0.0,,0.0,0.0,1.0,0.0,0.0,0.0,0.0,,0.0,1.0,,1.0,0.0,1.0,1.0,0.0,0.0,1.0,0.0,1.0,1.0,0.0,0.0,0.0,0.0,1.0,1.0,1.0,,0.0,0.0,1.0,1.0,1.0,0.0,0.0,0.0,0.0,0.0,1.0,0.0,1.0,,,,1.0,1.0,1.0,,,0.0,,1.0,1.0,,1.0,,1.0,1.0,0.0,0.0,1.0,1.0,1.0,,,0.0,0.0,1.0,1.0,1.0,1.0,0.0,0.0,1.0,1.0,1.0,0.0,0.0,1.0,1.0,1.0,,0.0,0.0,0.0,1.0,0.0,0.0,0.0,0.0,1.0,1.0,,0.0,0.0,1.0,0.0,1.0,0.0,,1.0,,,1.0,0.0,1.0,0.0,1.0,0.0,1.0,1.0,0.0,1.0,1.0,,0.0,1.0,1.0,0.0,0.0,0.0,1.0,0.0,1.0,1.0,0.0,,,0.0,1.0,0.0,0.0,0.0,1.0,1.0,1.0,0.0,,1.0,0.0,,1.0,1.0,1.0,1.0,1.0,1.0,0.0,1.0,1.0,1.0,1.0,1.0,1.0,1.0,0.0,1.0,0.0,1.0,0.0,0.0,0.0,0.0,,,0.0,1.0,,,0.0,0.0,,0.0,1.0,0.0,0.0,0.0,,,,0.0,1.0,0.0,0.0,1.0,1.0,1.0,1.0,0.0,1.0,1.0,1.0,1.0,1.0,0.0,0.0,0.0,0.0,1.0,1.0,1.0,0.0,1.0,0.0,0.0,1.0,0.0,0.0,0.0,1.0,1.0,1.0,0.0,1.0,,1.0,1.0,1.0,,,1.0,0.0,1.0,,1.0,1.0,1.0,1.0,1.0,1.0,1.0,1.0,0.0,1.0,0.0,,,0.0,,,,,,1.0,0.0,1.0,1.0,1.0,1.0,0.0,,0.0,0.0,1.0,1.0,1.0,0.0,0.0,0.0,1.0,1.0,1.0,0.0,1.0,0.0,1.0,1.0,1.0,0.0,1.0,0.0,,1.0,1.0,,0.0,0.0,1.0,1.0,1.0,1.0,0.0,1.0,0.0,1.0,0.0,1.0,1.0,0.0,1.0,1.0,1.0,1.0,1.0,1.0,1.0,1.0,0.0,0.0,0.0,0.0,,0.0,0.0,0.0,0.0,0.0,,1.0,0.0,1.0,1.0,1.0,1.0,0.0,0.0,1.0,1.0,1.0,1.0,0.0,0.0,1.0,1.0,0.0,0.0,0.0,0.0,1.0,0.0,0.0,1.0,1.0,0.0,1.0,1.0,0.0,,,,,1.0,0.0,0.0,1.0,0.0,0.0,0.0,1.0,0.0,,,,,,,,1.0,0.0,1.0,1.0,1.0,0.0,0.0,0.0,0.0,0.0,1.0,0.0,0.0,0.0,1.0,0.0,1.0,1.0,1.0,1.0,1.0,0.0,1.0,0.0,0.0,0.0,0.0,1.0,,0.0,0.0,0.0,0.0,0.0,1.0,0.0,1.0,,,,1.0,0.0,1.0,,0.0,0.0,0.0,0.0,0.0,0.0,0.0,0.0,1.0,1.0,0.0,1.0,0.0,1.0,,0.0,1.0,1.0,1.0,1.0,1.0,1.0,0.0,1.0,0.0,1.0,0.0,,0.0,1.0,1.0,1.0,,0.0,0.0,0.0,0.0,1.0,0.0,1.0,1.0,0.0,0.0,1.0,0.0,0.0,0.0,1.0,1.0,0.0,1.0,0.0,0.0,1.0,1.0,1.0,1.0,0.0,0.0,1.0,0.0,0.0,0.0,0.0,0.0,0.0,1.0,0.0,0.0
Totonho Lopes,,,,,,,,,,,,,,,,,,,,,,,,,,,,,,,,,,,,,,,,,,,,,,,,,,,,,,,,,,1.0,,,,,,,,,,,,,,,,,,,,,,1.0,,,,,,,,,,1.0,1.0,1.0,,,,1.0,,,,,,,,,,,,,,,,,,,,,,,,,,,,,,,,,,,,,,,,,,,,,,,,,,,,,,,,,,,,,,,,,,,,,,,,,,,,,,,,,,,,,,,,,,,,,,,,,,,,,,,,,,,,,,,,,,,,,,,,,,,,,,,,,,,,,,,,,,,,,,,,,,,,,,,,,,,,,,,,,,,,,,,,,,,,,,,,,,,,,,,,,,,,,,,,,,,,,,,,,,,,,,,,,,,,,,,,,,,,,,,,,,,,,,,,,,,,,,,,,,,,,,,,,,,,,,,,,,,,,,,,,,,,,,,,,,,,,,,,,,,,,,,,,,,,,,,,,,,,,,,,,,,,,,,,,,,,,,,,,,,,,,,,,,,,,,,,,,,,,,,,,,,,,,,,,,,,,,,,,,,,,,,,,,,,,,,,,,,,,,,,,,,,,,,,,,,,,,,,,,,,,,,,,
Túlio Gadêlha,1.0,,1.0,1.0,,1.0,1.0,1.0,1.0,1.0,1.0,1.0,1.0,0.0,1.0,,,,1.0,1.0,,0.0,1.0,1.0,,1.0,1.0,0.0,1.0,0.0,0.0,0.0,1.0,,1.0,1.0,0.0,1.0,0.0,1.0,1.0,1.0,0.0,0.0,0.0,0.0,,0.0,0.0,0.0,0.0,0.0,0.0,1.0,1.0,0.0,0.0,0.0,,1.0,0.0,0.0,,0.0,0.0,,1.0,1.0,0.0,0.0,0.0,,0.0,1.0,,,,,,,1.0,1.0,1.0,0.0,1.0,,1.0,1.0,1.0,1.0,,1.0,0.0,1.0,1.0,1.0,1.0,1.0,,,,1.0,0.0,1.0,1.0,1.0,0.0,0.0,1.0,1.0,1.0,0.0,0.0,0.0,,0.0,1.0,0.0,0.0,1.0,1.0,1.0,1.0,0.0,,0.0,0.0,1.0,1.0,1.0,0.0,1.0,1.0,1.0,1.0,0.0,0.0,0.0,1.0,0.0,,0.0,1.0,1.0,0.0,1.0,,1.0,0.0,0.0,0.0,1.0,1.0,0.0,,0.0,0.0,,,0.0,0.0,0.0,1.0,0.0,0.0,0.0,1.0,,1.0,1.0,1.0,0.0,,,,,,,0.0,0.0,0.0,0.0,0.0,0.0,0.0,,0.0,0.0,0.0,,1.0,0.0,1.0,1.0,,0.0,,1.0,1.0,0.0,0.0,1.0,,,1.0,1.0,1.0,,0.0,0.0,1.0,,,1.0,1.0,,0.0,1.0,1.0,1.0,0.0,0.0,0.0,1.0,0.0,0.0,0.0,0.0,0.0,1.0,1.0,1.0,1.0,0.0,,0.0,1.0,0.0,1.0,1.0,0.0,1.0,1.0,1.0,0.0,0.0,1.0,,1.0,1.0,1.0,,0.0,1.0,1.0,0.0,1.0,1.0,0.0,1.0,1.0,1.0,,1.0,0.0,0.0,1.0,,1.0,1.0,,1.0,1.0,,1.0,,0.0,1.0,0.0,1.0,0.0,0.0,0.0,0.0,0.0,1.0,1.0,1.0,,0.0,0.0,1.0,0.0,1.0,0.0,0.0,0.0,,0.0,,0.0,0.0,1.0,1.0,1.0,1.0,1.0,0.0,0.0,1.0,1.0,1.0,,0.0,0.0,0.0,1.0,1.0,1.0,0.0,1.0,0.0,1.0,1.0,,0.0,,,1.0,1.0,1.0,0.0,1.0,0.0,1.0,0.0,1.0,,,0.0,1.0,1.0,1.0,0.0,0.0,0.0,0.0,1.0,1.0,,1.0,1.0,1.0,1.0,,1.0,,1.0,,0.0,1.0,,0.0,0.0,1.0,0.0,0.0,0.0,1.0,0.0,0.0,1.0,0.0,1.0,,,1.0,1.0,1.0,0.0,0.0,1.0,1.0,1.0,1.0,0.0,1.0,0.0,0.0,1.0,1.0,1.0,1.0,0.0,1.0,0.0,0.0,,,,,,1.0,1.0,,1.0,,1.0,0.0,,,0.0,1.0,,,1.0,1.0,1.0,1.0,0.0,,,,,,,,,0.0,,1.0,1.0,,,0.0,,1.0,,,,,,,,,,,0.0,,0.0,0.0,1.0,1.0,1.0,0.0,0.0,0.0,0.0,1.0,1.0,1.0,1.0,1.0,1.0,1.0,0.0,,0.0,1.0,1.0,0.0,1.0,1.0,0.0,1.0,1.0,1.0,1.0,1.0,0.0,1.0,1.0,1.0,0.0,1.0,0.0,1.0,1.0,,1.0,0.0,0.0,1.0,1.0,1.0,0.0,1.0,,,0.0,0.0,0.0,,,1.0
Uldurico Junior,,,1.0,1.0,1.0,1.0,1.0,1.0,0.0,1.0,,,0.0,1.0,,,,,,0.0,,0.0,,,0.0,,,,,,0.0,1.0,,0.0,0.0,0.0,0.0,1.0,0.0,1.0,1.0,,0.0,0.0,1.0,1.0,0.0,1.0,,,,,0.0,0.0,1.0,0.0,,1.0,0.0,1.0,,1.0,0.0,,,1.0,1.0,1.0,,,0.0,0.0,,0.0,,1.0,1.0,,,1.0,1.0,1.0,1.0,0.0,1.0,,1.0,1.0,1.0,1.0,,1.0,1.0,0.0,1.0,1.0,1.0,1.0,,0.0,0.0,1.0,1.0,1.0,1.0,1.0,,0.0,1.0,1.0,1.0,0.0,0.0,0.0,0.0,1.0,,,0.0,,,,,0.0,0.0,1.0,1.0,,,0.0,,,,,,1.0,1.0,1.0,1.0,0.0,1.0,1.0,1.0,0.0,0.0,1.0,0.0,1.0,,0.0,0.0,1.0,1.0,0.0,0.0,0.0,1.0,0.0,1.0,1.0,,,,,,,0.0,0.0,,1.0,1.0,0.0,,1.0,0.0,,1.0,1.0,1.0,1.0,1.0,1.0,,1.0,1.0,1.0,1.0,,,1.0,0.0,,0.0,1.0,0.0,0.0,0.0,0.0,,,0.0,1.0,,,0.0,0.0,0.0,0.0,1.0,0.0,0.0,,1.0,1.0,0.0,0.0,1.0,,0.0,,1.0,1.0,1.0,,1.0,,1.0,1.0,1.0,0.0,0.0,0.0,0.0,1.0,,1.0,0.0,,0.0,0.0,1.0,,1.0,0.0,,,,1.0,1.0,1.0,1.0,1.0,1.0,0.0,0.0,1.0,0.0,,,1.0,1.0,1.0,1.0,1.0,1.0,,1.0,,,1.0,1.0,0.0,0.0,0.0,0.0,1.0,0.0,0.0,1.0,0.0,1.0,,,,0.0,0.0,0.0,0.0,1.0,1.0,1.0,0.0,0.0,0.0,1.0,1.0,,,1.0,0.0,1.0,1.0,1.0,0.0,1.0,0.0,,,,,0.0,0.0,,1.0,1.0,1.0,0.0,1.0,0.0,1.0,0.0,1.0,1.0,0.0,1.0,1.0,1.0,1.0,1.0,1.0,,1.0,0.0,0.0,,0.0,1.0,,0.0,0.0,0.0,1.0,1.0,1.0,1.0,0.0,0.0,1.0,,,0.0,,1.0,,,0.0,0.0,1.0,1.0,,0.0,,0.0,1.0,1.0,0.0,,1.0,,,1.0,0.0,0.0,1.0,1.0,0.0,1.0,0.0,1.0,1.0,0.0,0.0,0.0,1.0,0.0,0.0,1.0,0.0,0.0,1.0,1.0,,,0.0,1.0,1.0,,0.0,,,0.0,,1.0,0.0,0.0,1.0,1.0,0.0,,1.0,1.0,,,,,0.0,0.0,0.0,0.0,1.0,0.0,0.0,0.0,0.0,0.0,0.0,1.0,0.0,1.0,1.0,0.0,,1.0,,0.0,1.0,0.0,,,0.0,0.0,,0.0,0.0,1.0,1.0,0.0,1.0,1.0,0.0,1.0,1.0,1.0,1.0,1.0,0.0,0.0,0.0,0.0,1.0,0.0,1.0,0.0,0.0,0.0,0.0,1.0,1.0,0.0,0.0,,0.0,1.0,1.0,0.0,1.0,1.0,1.0,0.0,,0.0,0.0,0.0,1.0,1.0,0.0,1.0,1.0,,1.0,1.0,1.0,1.0,0.0,0.0,1.0,,,0.0,0.0,0.0,,1.0,0.0,1.0
Vaidon Oliveira,,,,,,,,,,,0.0,1.0,1.0,1.0,,,,,,,,,,1.0,0.0,1.0,0.0,1.0,1.0,1.0,1.0,1.0,0.0,,0.0,0.0,1.0,1.0,0.0,1.0,0.0,0.0,0.0,1.0,0.0,,,,,0.0,,1.0,0.0,1.0,,0.0,0.0,1.0,,1.0,1.0,1.0,1.0,0.0,,1.0,,1.0,0.0,,0.0,0.0,0.0,1.0,0.0,1.0,1.0,0.0,1.0,1.0,1.0,1.0,1.0,0.0,1.0,,1.0,1.0,1.0,,,,1.0,0.0,,1.0,1.0,1.0,,,,0.0,,1.0,1.0,1.0,0.0,0.0,1.0,1.0,1.0,0.0,0.0,1.0,1.0,1.0,0.0,,,0.0,1.0,0.0,0.0,0.0,0.0,1.0,,0.0,0.0,0.0,1.0,0.0,0.0,0.0,,1.0,1.0,1.0,1.0,0.0,1.0,1.0,,,,,,,1.0,0.0,0.0,1.0,1.0,0.0,0.0,0.0,1.0,0.0,1.0,1.0,0.0,,,0.0,1.0,0.0,0.0,,1.0,,1.0,,0.0,1.0,,0.0,1.0,1.0,,,,,,1.0,1.0,,,,,,,1.0,0.0,1.0,0.0,0.0,0.0,0.0,1.0,1.0,,1.0,,,0.0,0.0,0.0,0.0,1.0,0.0,0.0,0.0,,,,,,,,,,,1.0,0.0,1.0,1.0,1.0,1.0,1.0,0.0,0.0,0.0,,1.0,1.0,1.0,0.0,1.0,0.0,0.0,,0.0,,0.0,1.0,1.0,0.0,1.0,,1.0,1.0,,1.0,,,1.0,,1.0,,1.0,1.0,1.0,1.0,1.0,1.0,1.0,1.0,,,0.0,,0.0,,0.0,0.0,1.0,,0.0,,,,,,,,,,,,,,,,,,,,,,,,1.0,,,,0.0,0.0,1.0,,0.0,0.0,0.0,1.0,1.0,1.0,,0.0,1.0,0.0,1.0,0.0,1.0,,0.0,1.0,1.0,1.0,1.0,1.0,,1.0,1.0,,,,,,,,,0.0,,1.0,1.0,1.0,1.0,1.0,,0.0,0.0,,1.0,,,,,,,,,0.0,0.0,0.0,1.0,0.0,,1.0,,,,1.0,,,,,,1.0,,,,,,,,,,,,,,,,,,,,,0.0,0.0,0.0,0.0,0.0,1.0,0.0,,0.0,1.0,0.0,1.0,,,,1.0,0.0,,0.0,0.0,0.0,,1.0,0.0,0.0,0.0,0.0,0.0,0.0,0.0,0.0,1.0,1.0,0.0,0.0,,0.0,,1.0,0.0,,0.0,0.0,0.0,,,,0.0,1.0,0.0,1.0,0.0,,,0.0,1.0,1.0,1.0,1.0,,,0.0,,,0.0,,,,1.0,,,,0.0,0.0,0.0,,1.0,0.0,,0.0,0.0,0.0,,,0.0,,1.0,,,,,0.0,,1.0,1.0,1.0,,,,,0.0,,,,0.0,1.0,0.0,0.0
Valdevan Noventa,,,1.0,1.0,1.0,1.0,1.0,1.0,0.0,1.0,,,1.0,1.0,0.0,1.0,0.0,1.0,,1.0,1.0,0.0,,1.0,,,,,,1.0,0.0,1.0,0.0,,0.0,0.0,1.0,1.0,0.0,1.0,1.0,1.0,0.0,0.0,0.0,,,,,,,,0.0,1.0,1.0,0.0,0.0,,,1.0,1.0,1.0,1.0,1.0,1.0,1.0,1.0,1.0,0.0,0.0,0.0,0.0,0.0,1.0,0.0,1.0,1.0,0.0,1.0,,1.0,1.0,1.0,0.0,0.0,,1.0,1.0,,,,,1.0,,0.0,,1.0,1.0,,,,0.0,1.0,,,,,,,,,,,1.0,1.0,1.0,1.0,0.0,,,1.0,,0.0,0.0,0.0,,,,,0.0,1.0,0.0,0.0,0.0,,,1.0,1.0,1.0,0.0,0.0,0.0,,,,,,,1.0,0.0,0.0,1.0,1.0,0.0,,0.0,1.0,0.0,1.0,1.0,0.0,0.0,1.0,0.0,1.0,0.0,0.0,,1.0,1.0,1.0,0.0,,1.0,1.0,0.0,0.0,1.0,0.0,0.0,0.0,0.0,0.0,0.0,0.0,1.0,0.0,,0.0,,0.0,0.0,1.0,1.0,0.0,0.0,1.0,1.0,1.0,1.0,0.0,1.0,0.0,,0.0,,1.0,1.0,1.0,1.0,0.0,1.0,1.0,1.0,0.0,,1.0,1.0,0.0,,1.0,1.0,0.0,1.0,,0.0,0.0,0.0,0.0,1.0,0.0,1.0,0.0,0.0,1.0,1.0,1.0,0.0,1.0,1.0,0.0,1.0,1.0,1.0,1.0,1.0,0.0,1.0,1.0,1.0,1.0,,1.0,0.0,0.0,1.0,0.0,1.0,0.0,1.0,1.0,1.0,1.0,1.0,0.0,0.0,1.0,1.0,1.0,1.0,1.0,0.0,1.0,1.0,0.0,1.0,0.0,0.0,,,,,1.0,,,0.0,0.0,0.0,1.0,1.0,1.0,0.0,,,1.0,1.0,0.0,0.0,1.0,1.0,1.0,0.0,1.0,0.0,1.0,0.0,1.0,1.0,,1.0,0.0,0.0,1.0,1.0,0.0,1.0,1.0,1.0,0.0,1.0,0.0,1.0,1.0,0.0,1.0,1.0,1.0,1.0,1.0,,1.0,1.0,0.0,0.0,0.0,0.0,0.0,1.0,0.0,0.0,0.0,1.0,,1.0,1.0,1.0,0.0,1.0,1.0,,,1.0,1.0,1.0,1.0,0.0,0.0,1.0,0.0,0.0,1.0,0.0,0.0,1.0,,,1.0,1.0,0.0,1.0,,0.0,0.0,,1.0,0.0,1.0,0.0,,1.0,0.0,0.0,1.0,0.0,1.0,0.0,0.0,0.0,0.0,1.0,1.0,0.0,,0.0,1.0,,,0.0,0.0,0.0,0.0,0.0,1.0,1.0,,0.0,,,,,,,,,,0.0,0.0,0.0,0.0,1.0,0.0,,0.0,0.0,0.0,,,0.0,0.0,1.0,1.0,1.0,1.0,0.0,1.0,1.0,0.0,1.0,0.0,0.0,0.0,,0.0,0.0,1.0,1.0,0.0,1.0,,1.0,0.0,1.0,1.0,0.0,1.0,1.0,1.0,1.0,0.0,1.0,0.0,,0.0,0.0,0.0,1.0,1.0,1.0,,0.0,0.0,1.0,0.0,1.0,0.0,,1.0,0.0,0.0,1.0,0.0,0.0,0.0,1.0,1.0,,1.0,1.0,0.0,1.0,1.0,1.0,1.0,,0.0,1.0,0.0,,,,,,,,0.0
Valmir Assunção,,,1.0,1.0,1.0,1.0,1.0,1.0,1.0,,,,1.0,0.0,1.0,,1.0,0.0,1.0,1.0,1.0,,1.0,1.0,,1.0,1.0,0.0,1.0,0.0,,,,,,,,1.0,1.0,1.0,,1.0,,0.0,,1.0,0.0,1.0,1.0,0.0,,1.0,,1.0,1.0,0.0,0.0,1.0,0.0,1.0,1.0,1.0,0.0,,,0.0,1.0,1.0,,1.0,,,,,,1.0,,,,1.0,,1.0,1.0,0.0,1.0,,1.0,1.0,1.0,1.0,,1.0,0.0,1.0,1.0,1.0,,1.0,,0.0,0.0,1.0,0.0,1.0,1.0,1.0,0.0,0.0,1.0,1.0,1.0,0.0,0.0,0.0,0.0,0.0,1.0,0.0,1.0,1.0,,1.0,,0.0,1.0,0.0,0.0,1.0,1.0,,0.0,1.0,1.0,1.0,,0.0,0.0,0.0,1.0,0.0,1.0,0.0,1.0,1.0,0.0,1.0,0.0,1.0,0.0,,,,,,,,0.0,,,,,0.0,,,,,1.0,,1.0,1.0,1.0,,,,,,0.0,,0.0,0.0,0.0,0.0,0.0,0.0,0.0,,0.0,0.0,0.0,0.0,1.0,0.0,1.0,0.0,1.0,0.0,1.0,1.0,1.0,1.0,,1.0,,,1.0,1.0,1.0,1.0,,1.0,1.0,1.0,0.0,1.0,1.0,0.0,0.0,1.0,1.0,,0.0,,,1.0,0.0,0.0,0.0,,0.0,,1.0,,1.0,0.0,0.0,0.0,1.0,0.0,1.0,1.0,0.0,1.0,1.0,1.0,1.0,0.0,,1.0,1.0,1.0,1.0,1.0,0.0,1.0,1.0,0.0,1.0,1.0,0.0,1.0,0.0,1.0,0.0,0.0,0.0,0.0,1.0,1.0,0.0,1.0,0.0,1.0,1.0,1.0,1.0,0.0,0.0,1.0,,1.0,0.0,0.0,0.0,0.0,1.0,1.0,1.0,1.0,0.0,0.0,0.0,1.0,,1.0,0.0,0.0,,0.0,0.0,1.0,0.0,1.0,1.0,1.0,1.0,1.0,,0.0,0.0,1.0,1.0,0.0,0.0,0.0,0.0,0.0,1.0,1.0,1.0,0.0,1.0,0.0,0.0,0.0,1.0,0.0,0.0,1.0,1.0,0.0,0.0,0.0,1.0,,1.0,1.0,0.0,,0.0,1.0,1.0,,1.0,1.0,0.0,0.0,0.0,1.0,1.0,,1.0,1.0,1.0,1.0,0.0,1.0,0.0,1.0,1.0,0.0,1.0,0.0,0.0,0.0,1.0,0.0,0.0,0.0,1.0,0.0,,,0.0,1.0,0.0,1.0,1.0,1.0,1.0,0.0,0.0,1.0,1.0,1.0,1.0,0.0,1.0,0.0,1.0,1.0,1.0,1.0,1.0,0.0,0.0,,,,,,,,1.0,1.0,,1.0,,1.0,0.0,0.0,0.0,0.0,0.0,,,,1.0,1.0,1.0,0.0,,,,,,1.0,,,0.0,0.0,,1.0,0.0,1.0,0.0,0.0,1.0,,,,,,,,,,,1.0,1.0,0.0,0.0,1.0,1.0,1.0,,0.0,0.0,0.0,1.0,1.0,1.0,1.0,0.0,0.0,0.0,0.0,,0.0,,1.0,0.0,1.0,1.0,0.0,0.0,1.0,1.0,1.0,1.0,0.0,,0.0,1.0,0.0,0.0,0.0,1.0,1.0,0.0,1.0,0.0,0.0,1.0,,1.0,0.0,1.0,0.0,0.0,0.0,,0.0,1.0,0.0,1.0
Valtenir Pereira,,,,,,,,,,,,,,,,,,,,,,,,1.0,0.0,,,,,,0.0,1.0,,0.0,0.0,0.0,,0.0,0.0,0.0,0.0,,0.0,0.0,0.0,,,1.0,,,,,,,,,,1.0,,1.0,,,,,,,,,0.0,,,,,,,,,,,1.0,,,,,,,,,,1.0,1.0,1.0,,,1.0,1.0,,,,,,,,,,,,,,,,,,,,,,,,,,,,,,,,,,,,,,,,,,,,,,,1.0,,0.0,1.0,0.0,1.0,,,,,,,,,,,,,,,,,,,,,,,1.0,,,,,,,,,,,,,,,,,,,,,,,,,,,,,,,,,,,,,,,,,,,,,,,,,,,,,,,,,,,,,,,,,,,,,,,,,,,,,,,,,,,,,,,,,,,,,,,,,,,,,,,,,,,,,,,,,,,,,,,,,,,,,,,,,,,,,,,,,,,,,,,,,,,,,,,,,,,,,,,,,,,,,,,,,,,,,,,,,,,,,,,,,,,,,,,,,,,,,,,,,,,,,,,,,,,,,,,,,,,,,,,,,,,,,,,,,,,,,,,,,,,,,,,,,,,,,,,,,,,,,,,,,,,,,,,,,,,,,,,,,,,,,,,,,,,,,,,,,,,,,,,,,,,,,,,,,,,,,,,,,,,,,,,,,,,,,,
Vander Loubet,1.0,1.0,1.0,1.0,1.0,1.0,1.0,1.0,1.0,,,1.0,1.0,0.0,1.0,1.0,1.0,0.0,1.0,1.0,1.0,0.0,1.0,1.0,,1.0,1.0,0.0,1.0,0.0,,,,,,,,1.0,,,,1.0,0.0,0.0,,1.0,0.0,1.0,,0.0,0.0,1.0,0.0,1.0,1.0,0.0,0.0,1.0,0.0,1.0,1.0,1.0,,,,0.0,1.0,1.0,,,,,,,,1.0,,,,1.0,,1.0,1.0,0.0,1.0,,1.0,1.0,1.0,1.0,1.0,1.0,0.0,1.0,1.0,1.0,1.0,1.0,,0.0,0.0,1.0,0.0,1.0,1.0,1.0,0.0,0.0,1.0,1.0,1.0,0.0,0.0,0.0,0.0,0.0,1.0,0.0,1.0,1.0,0.0,1.0,1.0,0.0,1.0,0.0,0.0,1.0,1.0,1.0,0.0,1.0,1.0,1.0,1.0,0.0,0.0,0.0,1.0,0.0,1.0,0.0,1.0,1.0,0.0,1.0,0.0,1.0,0.0,,,,,,1.0,,0.0,,,,,,,,,,1.0,,1.0,1.0,1.0,,,,,,0.0,,0.0,0.0,0.0,0.0,0.0,0.0,0.0,0.0,,0.0,0.0,0.0,1.0,0.0,1.0,,1.0,0.0,1.0,1.0,1.0,1.0,0.0,1.0,,,1.0,1.0,1.0,1.0,0.0,,1.0,1.0,0.0,1.0,1.0,,0.0,1.0,1.0,0.0,0.0,0.0,,0.0,0.0,0.0,0.0,0.0,0.0,1.0,1.0,,1.0,0.0,,0.0,1.0,0.0,1.0,1.0,0.0,1.0,1.0,1.0,1.0,0.0,1.0,1.0,1.0,1.0,1.0,1.0,0.0,,1.0,0.0,1.0,1.0,0.0,1.0,0.0,1.0,0.0,1.0,0.0,0.0,1.0,1.0,0.0,1.0,0.0,1.0,1.0,1.0,1.0,0.0,0.0,1.0,0.0,1.0,0.0,0.0,0.0,0.0,1.0,1.0,1.0,1.0,0.0,0.0,0.0,1.0,,1.0,0.0,0.0,0.0,1.0,,1.0,0.0,1.0,1.0,1.0,1.0,1.0,,1.0,0.0,1.0,1.0,0.0,0.0,0.0,0.0,0.0,1.0,1.0,1.0,0.0,1.0,,0.0,0.0,1.0,0.0,0.0,1.0,1.0,0.0,0.0,0.0,1.0,1.0,,,,1.0,0.0,1.0,1.0,1.0,,1.0,0.0,0.0,0.0,1.0,1.0,0.0,1.0,1.0,1.0,1.0,0.0,1.0,0.0,1.0,1.0,0.0,1.0,0.0,0.0,0.0,1.0,,,,,0.0,,,0.0,1.0,0.0,,1.0,1.0,1.0,0.0,0.0,1.0,1.0,1.0,1.0,0.0,1.0,0.0,1.0,1.0,,1.0,1.0,0.0,0.0,,,,,,,,1.0,1.0,,1.0,0.0,1.0,0.0,0.0,0.0,0.0,0.0,,,,1.0,1.0,1.0,0.0,,,,,,,,,0.0,0.0,,1.0,0.0,1.0,0.0,0.0,1.0,,,,,,,,,,,,1.0,0.0,0.0,,1.0,1.0,0.0,0.0,0.0,,1.0,1.0,1.0,1.0,0.0,0.0,0.0,0.0,0.0,0.0,1.0,1.0,0.0,1.0,1.0,0.0,0.0,1.0,1.0,1.0,1.0,1.0,0.0,0.0,1.0,0.0,1.0,,,1.0,,1.0,0.0,0.0,1.0,,1.0,0.0,1.0,0.0,0.0,0.0,0.0,0.0,1.0,0.0,1.0
Vanderlei Macris,0.0,,1.0,0.0,1.0,1.0,1.0,1.0,0.0,1.0,0.0,1.0,1.0,0.0,1.0,1.0,0.0,0.0,0.0,0.0,,1.0,,,,1.0,0.0,,0.0,1.0,0.0,1.0,0.0,,0.0,0.0,,1.0,0.0,0.0,0.0,,0.0,1.0,0.0,1.0,0.0,1.0,1.0,,1.0,1.0,0.0,1.0,1.0,0.0,0.0,1.0,0.0,1.0,1.0,1.0,1.0,,,1.0,1.0,1.0,0.0,0.0,0.0,,0.0,1.0,0.0,1.0,1.0,0.0,1.0,,1.0,,1.0,1.0,0.0,,1.0,1.0,1.0,,1.0,1.0,0.0,0.0,1.0,,1.0,1.0,,0.0,0.0,1.0,1.0,0.0,1.0,0.0,,1.0,0.0,0.0,0.0,0.0,1.0,1.0,1.0,1.0,0.0,1.0,0.0,0.0,1.0,0.0,0.0,1.0,0.0,1.0,0.0,0.0,0.0,0.0,1.0,1.0,1.0,0.0,1.0,1.0,1.0,1.0,1.0,0.0,0.0,0.0,1.0,0.0,0.0,1.0,0.0,1.0,1.0,,0.0,1.0,1.0,0.0,0.0,0.0,1.0,,,,0.0,0.0,,0.0,1.0,0.0,0.0,,1.0,1.0,1.0,0.0,0.0,1.0,,1.0,0.0,1.0,1.0,1.0,1.0,1.0,1.0,1.0,1.0,1.0,1.0,1.0,1.0,1.0,0.0,1.0,0.0,1.0,,0.0,0.0,0.0,1.0,0.0,,1.0,0.0,,,0.0,,0.0,1.0,1.0,1.0,0.0,1.0,0.0,0.0,,1.0,0.0,0.0,1.0,0.0,0.0,1.0,0.0,1.0,1.0,1.0,1.0,,,0.0,0.0,0.0,1.0,1.0,1.0,0.0,1.0,0.0,1.0,1.0,0.0,1.0,0.0,0.0,1.0,0.0,0.0,1.0,,,1.0,1.0,1.0,0.0,1.0,0.0,1.0,,1.0,1.0,,1.0,1.0,1.0,1.0,1.0,0.0,1.0,1.0,1.0,1.0,0.0,0.0,0.0,1.0,0.0,0.0,1.0,0.0,1.0,1.0,1.0,1.0,0.0,0.0,0.0,0.0,1.0,,1.0,1.0,0.0,0.0,0.0,1.0,1.0,1.0,,0.0,0.0,,1.0,1.0,1.0,0.0,0.0,1.0,0.0,0.0,0.0,0.0,1.0,1.0,1.0,1.0,,1.0,0.0,1.0,0.0,1.0,1.0,0.0,1.0,1.0,1.0,1.0,1.0,1.0,1.0,1.0,0.0,0.0,0.0,0.0,,0.0,0.0,0.0,0.0,0.0,,1.0,0.0,1.0,1.0,0.0,1.0,,1.0,1.0,1.0,1.0,1.0,0.0,0.0,1.0,1.0,0.0,1.0,0.0,0.0,1.0,,0.0,1.0,0.0,1.0,0.0,0.0,0.0,0.0,1.0,1.0,0.0,1.0,0.0,,1.0,0.0,1.0,,0.0,0.0,0.0,1.0,0.0,1.0,1.0,,1.0,1.0,0.0,1.0,1.0,1.0,0.0,0.0,0.0,0.0,0.0,1.0,0.0,0.0,0.0,1.0,0.0,1.0,0.0,,1.0,0.0,0.0,1.0,0.0,0.0,0.0,0.0,1.0,0.0,,0.0,0.0,0.0,0.0,1.0,0.0,1.0,,0.0,0.0,1.0,0.0,1.0,,0.0,0.0,0.0,,0.0,0.0,0.0,,1.0,1.0,0.0,1.0,0.0,0.0,0.0,1.0,1.0,1.0,1.0,1.0,1.0,0.0,0.0,1.0,0.0,1.0,0.0,0.0,0.0,1.0,0.0,1.0,1.0,0.0,,0.0,1.0,1.0,,1.0,1.0,0.0,0.0,1.0,0.0,0.0,0.0,1.0,0.0,0.0,1.0,1.0,,1.0,1.0,1.0,1.0,,0.0,1.0,0.0,,0.0,,,0.0,1.0,0.0,1.0
Vavá Martins,,0.0,1.0,,1.0,1.0,1.0,1.0,0.0,,0.0,,1.0,0.0,1.0,,0.0,0.0,0.0,,,0.0,,1.0,0.0,,0.0,0.0,1.0,1.0,0.0,0.0,0.0,,0.0,0.0,1.0,0.0,0.0,1.0,0.0,1.0,0.0,1.0,0.0,1.0,,1.0,,,,,,,1.0,0.0,0.0,,0.0,1.0,1.0,1.0,1.0,,,,0.0,1.0,,0.0,,,0.0,0.0,,0.0,0.0,,0.0,1.0,,1.0,1.0,0.0,0.0,,1.0,1.0,1.0,1.0,1.0,1.0,1.0,0.0,1.0,,1.0,1.0,,,,,,0.0,0.0,0.0,0.0,1.0,1.0,0.0,1.0,1.0,1.0,1.0,1.0,1.0,0.0,0.0,0.0,0.0,1.0,0.0,0.0,0.0,0.0,1.0,1.0,,0.0,0.0,1.0,0.0,0.0,1.0,0.0,1.0,1.0,1.0,1.0,,,0.0,1.0,0.0,,1.0,0.0,1.0,1.0,,0.0,1.0,,,,,1.0,,,,0.0,0.0,1.0,0.0,1.0,0.0,0.0,,1.0,,1.0,0.0,0.0,1.0,0.0,0.0,1.0,1.0,1.0,1.0,1.0,0.0,0.0,0.0,1.0,1.0,1.0,1.0,1.0,1.0,,1.0,1.0,,0.0,0.0,,0.0,,,,1.0,0.0,,0.0,0.0,0.0,0.0,,0.0,0.0,0.0,1.0,1.0,0.0,,1.0,0.0,0.0,1.0,1.0,1.0,1.0,0.0,1.0,,1.0,1.0,1.0,0.0,0.0,0.0,,1.0,1.0,1.0,0.0,1.0,0.0,0.0,1.0,0.0,,0.0,1.0,1.0,0.0,0.0,0.0,1.0,1.0,1.0,,0.0,0.0,1.0,0.0,1.0,0.0,1.0,1.0,,1.0,1.0,1.0,1.0,1.0,1.0,1.0,0.0,,0.0,0.0,0.0,0.0,1.0,0.0,0.0,1.0,0.0,1.0,1.0,,1.0,0.0,0.0,0.0,0.0,1.0,1.0,1.0,0.0,0.0,0.0,1.0,1.0,,,,0.0,1.0,,0.0,0.0,1.0,0.0,,1.0,0.0,0.0,0.0,0.0,1.0,1.0,1.0,1.0,0.0,1.0,0.0,,0.0,1.0,1.0,0.0,1.0,1.0,1.0,,1.0,1.0,1.0,1.0,0.0,0.0,,0.0,1.0,0.0,0.0,0.0,0.0,0.0,1.0,1.0,1.0,1.0,1.0,0.0,0.0,0.0,0.0,1.0,1.0,1.0,,0.0,0.0,1.0,0.0,,,0.0,0.0,1.0,,,,,,,1.0,0.0,0.0,1.0,1.0,0.0,1.0,0.0,0.0,1.0,0.0,0.0,,0.0,,0.0,1.0,0.0,0.0,1.0,1.0,1.0,,0.0,1.0,1.0,1.0,0.0,,,,0.0,,0.0,0.0,0.0,1.0,1.0,1.0,1.0,1.0,,,,,0.0,0.0,0.0,0.0,1.0,,0.0,0.0,,0.0,,,0.0,1.0,,,0.0,,,,,,0.0,0.0,0.0,,,0.0,0.0,1.0,1.0,0.0,1.0,,1.0,0.0,1.0,1.0,0.0,0.0,1.0,,0.0,0.0,1.0,0.0,,0.0,0.0,0.0,1.0,1.0,1.0,0.0,0.0,0.0,0.0,1.0,1.0,,1.0,,0.0,0.0,,0.0,,0.0,,,0.0,1.0,0.0,0.0,1.0,1.0,1.0,,0.0,,1.0,0.0,,,,,,,,0.0
Vermelho,,,1.0,,,1.0,,1.0,0.0,1.0,,,,1.0,,1.0,0.0,1.0,0.0,0.0,,0.0,1.0,0.0,0.0,1.0,0.0,1.0,0.0,1.0,0.0,1.0,0.0,,0.0,0.0,1.0,1.0,0.0,,0.0,0.0,,1.0,0.0,,,,,,,,0.0,,1.0,,0.0,1.0,0.0,1.0,1.0,,,,,,1.0,,0.0,0.0,0.0,0.0,,1.0,0.0,1.0,,,,1.0,,,,,0.0,,1.0,1.0,1.0,1.0,,,,0.0,0.0,,,,,,,0.0,1.0,0.0,0.0,0.0,0.0,,,,,1.0,1.0,1.0,1.0,1.0,,,,0.0,1.0,,0.0,,0.0,1.0,0.0,0.0,0.0,,1.0,0.0,0.0,0.0,,1.0,1.0,1.0,1.0,,0.0,0.0,1.0,0.0,,1.0,0.0,1.0,1.0,0.0,,,1.0,0.0,0.0,0.0,1.0,0.0,,1.0,0.0,0.0,1.0,,,0.0,,,1.0,,1.0,0.0,0.0,1.0,,,1.0,1.0,1.0,1.0,1.0,1.0,,1.0,1.0,,,,,,,1.0,0.0,,,,,,1.0,1.0,0.0,1.0,0.0,,0.0,0.0,,0.0,,0.0,0.0,0.0,,1.0,0.0,,1.0,,0.0,1.0,1.0,1.0,1.0,0.0,1.0,1.0,1.0,1.0,1.0,0.0,0.0,,,1.0,1.0,1.0,0.0,1.0,0.0,,1.0,0.0,0.0,0.0,,1.0,,,0.0,,,,1.0,0.0,,0.0,0.0,,0.0,1.0,1.0,1.0,1.0,1.0,1.0,1.0,1.0,1.0,1.0,0.0,1.0,0.0,0.0,0.0,0.0,,0.0,0.0,1.0,,1.0,1.0,,,,0.0,0.0,,,1.0,1.0,0.0,0.0,0.0,1.0,1.0,,,1.0,,1.0,0.0,1.0,1.0,1.0,0.0,0.0,1.0,0.0,0.0,0.0,0.0,1.0,1.0,1.0,1.0,,1.0,0.0,1.0,0.0,1.0,1.0,0.0,1.0,1.0,1.0,1.0,1.0,1.0,1.0,1.0,,0.0,0.0,,,0.0,0.0,0.0,0.0,,1.0,1.0,0.0,1.0,1.0,0.0,0.0,,1.0,1.0,1.0,0.0,1.0,0.0,0.0,1.0,0.0,,0.0,,0.0,1.0,0.0,0.0,,,,,1.0,0.0,,1.0,,0.0,1.0,,0.0,1.0,0.0,0.0,0.0,1.0,0.0,0.0,1.0,0.0,0.0,1.0,1.0,1.0,,0.0,,1.0,1.0,0.0,0.0,0.0,,0.0,,0.0,,0.0,,0.0,,,,,,0.0,1.0,0.0,,0.0,0.0,1.0,0.0,0.0,,,0.0,,1.0,0.0,1.0,1.0,0.0,0.0,1.0,0.0,1.0,1.0,0.0,,,0.0,0.0,0.0,,,,,0.0,1.0,0.0,,,0.0,1.0,0.0,1.0,1.0,1.0,,0.0,1.0,0.0,0.0,0.0,,0.0,1.0,,1.0,,0.0,,0.0,1.0,1.0,0.0,1.0,0.0,0.0,0.0,1.0,0.0,0.0,0.0,1.0,1.0,0.0,1.0,0.0,,1.0,1.0,1.0,1.0,0.0,0.0,,0.0,,,,,,,,0.0
Vicentinho,1.0,1.0,1.0,1.0,1.0,1.0,1.0,1.0,1.0,1.0,,1.0,1.0,0.0,1.0,1.0,1.0,0.0,1.0,1.0,1.0,0.0,1.0,1.0,,1.0,1.0,0.0,1.0,0.0,,,,,,,,1.0,1.0,1.0,,1.0,,0.0,,1.0,0.0,1.0,1.0,0.0,0.0,1.0,0.0,1.0,1.0,0.0,0.0,1.0,,1.0,1.0,1.0,0.0,,,0.0,,,,,,,0.0,1.0,,1.0,1.0,,,1.0,,,1.0,0.0,1.0,,1.0,1.0,1.0,1.0,,1.0,0.0,1.0,1.0,,1.0,1.0,,0.0,0.0,1.0,0.0,1.0,1.0,1.0,0.0,0.0,1.0,1.0,1.0,0.0,0.0,0.0,0.0,0.0,1.0,0.0,1.0,1.0,0.0,1.0,1.0,0.0,1.0,0.0,0.0,1.0,1.0,1.0,0.0,1.0,,1.0,1.0,0.0,0.0,,1.0,0.0,1.0,0.0,1.0,1.0,0.0,1.0,0.0,1.0,0.0,,,,,,,,0.0,,,0.0,,,,,,,1.0,0.0,1.0,1.0,1.0,0.0,,,,,0.0,,0.0,0.0,0.0,0.0,0.0,0.0,0.0,0.0,0.0,0.0,0.0,0.0,1.0,0.0,1.0,0.0,,0.0,1.0,1.0,1.0,1.0,0.0,1.0,,,1.0,1.0,1.0,1.0,0.0,1.0,1.0,1.0,0.0,1.0,1.0,0.0,0.0,1.0,1.0,0.0,0.0,0.0,0.0,1.0,0.0,0.0,0.0,0.0,0.0,1.0,1.0,1.0,1.0,0.0,0.0,0.0,1.0,0.0,1.0,1.0,0.0,1.0,1.0,1.0,1.0,0.0,1.0,1.0,1.0,1.0,1.0,1.0,0.0,1.0,1.0,0.0,1.0,1.0,,1.0,0.0,1.0,0.0,1.0,0.0,0.0,1.0,1.0,0.0,1.0,0.0,1.0,1.0,1.0,1.0,0.0,0.0,1.0,0.0,1.0,0.0,0.0,0.0,0.0,1.0,1.0,1.0,1.0,0.0,0.0,0.0,1.0,,1.0,0.0,0.0,0.0,1.0,0.0,1.0,0.0,1.0,1.0,1.0,1.0,1.0,,,0.0,1.0,1.0,0.0,0.0,0.0,0.0,0.0,1.0,1.0,1.0,0.0,1.0,0.0,0.0,0.0,1.0,0.0,0.0,1.0,1.0,0.0,0.0,0.0,1.0,1.0,,1.0,0.0,1.0,0.0,1.0,1.0,1.0,1.0,1.0,0.0,0.0,0.0,1.0,1.0,0.0,,1.0,1.0,1.0,0.0,1.0,0.0,1.0,1.0,0.0,1.0,0.0,0.0,0.0,1.0,0.0,0.0,0.0,1.0,0.0,,,0.0,1.0,0.0,1.0,1.0,1.0,1.0,0.0,0.0,1.0,1.0,1.0,1.0,0.0,1.0,0.0,1.0,1.0,1.0,1.0,1.0,,0.0,0.0,,,,,,,1.0,1.0,,1.0,0.0,1.0,0.0,0.0,0.0,,,,,,1.0,1.0,,,,,,,,,,,0.0,0.0,1.0,1.0,0.0,1.0,0.0,0.0,1.0,,,,,,,,,,,,,0.0,0.0,1.0,1.0,1.0,0.0,0.0,0.0,0.0,1.0,1.0,1.0,1.0,0.0,0.0,0.0,0.0,,0.0,1.0,1.0,0.0,1.0,1.0,0.0,0.0,1.0,1.0,1.0,1.0,1.0,0.0,0.0,1.0,0.0,1.0,0.0,1.0,1.0,0.0,1.0,0.0,0.0,1.0,,1.0,0.0,1.0,0.0,0.0,0.0,0.0,0.0,1.0,0.0,1.0
Vicentinho Júnior,,0.0,1.0,0.0,1.0,1.0,0.0,1.0,0.0,1.0,0.0,1.0,0.0,1.0,0.0,1.0,0.0,1.0,0.0,1.0,1.0,0.0,0.0,1.0,,,,,,1.0,,1.0,,,0.0,0.0,,1.0,0.0,0.0,0.0,,,,0.0,1.0,0.0,1.0,1.0,0.0,,1.0,0.0,1.0,1.0,0.0,0.0,1.0,0.0,1.0,1.0,1.0,1.0,0.0,,1.0,1.0,,0.0,0.0,0.0,0.0,0.0,1.0,0.0,1.0,1.0,0.0,1.0,1.0,1.0,1.0,1.0,0.0,0.0,,1.0,1.0,1.0,1.0,1.0,1.0,1.0,0.0,0.0,1.0,,1.0,,,,0.0,1.0,1.0,1.0,1.0,0.0,0.0,1.0,1.0,1.0,0.0,0.0,1.0,1.0,1.0,0.0,0.0,,0.0,1.0,0.0,,0.0,0.0,1.0,1.0,0.0,0.0,,1.0,0.0,0.0,0.0,0.0,1.0,1.0,1.0,1.0,0.0,0.0,0.0,,,0.0,1.0,0.0,1.0,1.0,0.0,0.0,1.0,1.0,0.0,0.0,0.0,1.0,,1.0,1.0,0.0,,,0.0,1.0,0.0,0.0,,1.0,1.0,1.0,0.0,0.0,1.0,,0.0,1.0,1.0,1.0,1.0,1.0,1.0,0.0,1.0,1.0,1.0,1.0,1.0,1.0,1.0,,0.0,0.0,1.0,0.0,0.0,0.0,0.0,,,0.0,1.0,0.0,,0.0,0.0,0.0,0.0,1.0,0.0,0.0,0.0,1.0,1.0,0.0,0.0,1.0,0.0,,,,1.0,,0.0,1.0,1.0,1.0,1.0,1.0,0.0,,0.0,0.0,1.0,1.0,1.0,0.0,1.0,0.0,0.0,1.0,0.0,0.0,0.0,,1.0,0.0,0.0,,,1.0,,1.0,0.0,,1.0,0.0,1.0,0.0,1.0,1.0,,1.0,1.0,1.0,1.0,,1.0,1.0,0.0,1.0,0.0,,0.0,0.0,1.0,,0.0,,0.0,,,1.0,,0.0,0.0,,,1.0,1.0,1.0,0.0,,,1.0,1.0,1.0,,1.0,0.0,1.0,0.0,1.0,0.0,1.0,0.0,,,,,0.0,0.0,1.0,,1.0,,0.0,1.0,0.0,1.0,0.0,1.0,1.0,0.0,1.0,1.0,1.0,1.0,1.0,1.0,1.0,1.0,,,0.0,0.0,1.0,0.0,,0.0,0.0,0.0,1.0,1.0,1.0,1.0,1.0,0.0,1.0,0.0,0.0,1.0,1.0,0.0,1.0,0.0,0.0,,0.0,1.0,0.0,0.0,0.0,1.0,0.0,0.0,1.0,1.0,0.0,1.0,1.0,0.0,0.0,,,0.0,1.0,0.0,0.0,1.0,,,0.0,0.0,,0.0,0.0,0.0,0.0,1.0,1.0,0.0,,0.0,1.0,1.0,1.0,0.0,0.0,0.0,,0.0,1.0,0.0,0.0,0.0,1.0,0.0,1.0,1.0,1.0,1.0,1.0,0.0,1.0,0.0,0.0,0.0,0.0,1.0,0.0,0.0,,0.0,0.0,0.0,1.0,0.0,1.0,1.0,0.0,,,,1.0,1.0,0.0,0.0,0.0,,0.0,,,,,1.0,0.0,1.0,0.0,1.0,0.0,0.0,1.0,0.0,1.0,1.0,1.0,1.0,,,0.0,0.0,0.0,0.0,0.0,1.0,,1.0,0.0,0.0,0.0,0.0,0.0,1.0,,1.0,0.0,0.0,,,0.0,0.0,0.0,1.0,1.0,,1.0,1.0,0.0,1.0,1.0,,1.0,0.0,0.0,1.0,0.0,,,,,,,,
Victor Mendes,,,,,,,,1.0,0.0,,,,,,,,,,,,,,,,,,,,,,,,,,,,,,,,,,,,,1.0,,1.0,,,,,,,,,,,,,,,,,,,,,,,,,,,,,,,,,,,,,,,,,,,,,,,1.0,,,,,,,,,,,,,,,,,,,,,,,,,,,,,,,,,,,,,,,,,,,,,,,,1.0,0.0,0.0,1.0,0.0,,,,,,,,,,,,,,,,,,,,,,,,,,,,,,,,,,,,,,,,,,,,,,,,,,,,,,,,,,,,,,,,,,,,,,,,,,,,,,,,,,,,,,,,,,,,,,,,,,,,,,,,,,,,,,,,,,,,,,,,,,,,,,,,,,,,,,,,,,,,,,,,,,,,,,,,,,,,,,,,,,,,,,,,,,,,,,,,,,,,,,,,,,,,,,,,,,,,,,,,,,,,,,,,,,,,,,,,,,,,,,,,,,,,,,,,,,,,,,,,,,,,,,,,,,,,,,,,,,,,,,,,,,,,,,,,,,,,,,,,,,,,,,,,,,,,,,,,,,,,,,,,,,,,,,,,,,,,,,,,,,,,,,,,,,,,,,,,,,,,,,,,,,,,,,,,,,,,,,
Vilson da Fetaemg,,,1.0,1.0,1.0,1.0,1.0,1.0,1.0,1.0,1.0,1.0,0.0,1.0,,1.0,1.0,1.0,1.0,0.0,,0.0,,1.0,,1.0,1.0,0.0,1.0,0.0,1.0,0.0,0.0,1.0,1.0,1.0,0.0,1.0,0.0,1.0,1.0,1.0,0.0,0.0,1.0,1.0,0.0,,1.0,,,1.0,0.0,1.0,1.0,0.0,0.0,1.0,0.0,1.0,1.0,1.0,0.0,0.0,0.0,0.0,1.0,1.0,0.0,,0.0,0.0,0.0,1.0,0.0,1.0,,,,1.0,1.0,1.0,1.0,0.0,1.0,,1.0,1.0,1.0,1.0,1.0,1.0,0.0,1.0,,1.0,1.0,1.0,,0.0,0.0,1.0,0.0,1.0,1.0,1.0,0.0,0.0,1.0,1.0,1.0,0.0,0.0,1.0,0.0,0.0,,,0.0,0.0,1.0,0.0,1.0,0.0,1.0,,0.0,1.0,1.0,1.0,0.0,1.0,1.0,1.0,1.0,0.0,0.0,0.0,1.0,0.0,0.0,0.0,1.0,1.0,0.0,1.0,0.0,1.0,0.0,,,,,0.0,0.0,0.0,1.0,,0.0,0.0,,0.0,0.0,0.0,0.0,0.0,1.0,0.0,1.0,,1.0,0.0,1.0,,,,,,0.0,0.0,0.0,0.0,0.0,0.0,0.0,0.0,0.0,0.0,0.0,0.0,1.0,0.0,1.0,1.0,0.0,0.0,1.0,1.0,1.0,0.0,0.0,1.0,,,1.0,1.0,1.0,1.0,0.0,1.0,1.0,1.0,0.0,1.0,1.0,0.0,1.0,1.0,1.0,0.0,0.0,0.0,0.0,1.0,0.0,0.0,0.0,0.0,0.0,1.0,1.0,1.0,1.0,0.0,1.0,0.0,1.0,0.0,1.0,1.0,0.0,1.0,1.0,1.0,1.0,0.0,1.0,1.0,1.0,1.0,1.0,,0.0,1.0,1.0,0.0,1.0,1.0,0.0,1.0,1.0,1.0,1.0,1.0,0.0,0.0,1.0,0.0,1.0,1.0,0.0,1.0,1.0,1.0,1.0,0.0,0.0,1.0,0.0,1.0,0.0,0.0,0.0,0.0,0.0,0.0,0.0,0.0,1.0,1.0,1.0,0.0,0.0,1.0,1.0,0.0,0.0,1.0,0.0,1.0,0.0,0.0,0.0,1.0,1.0,0.0,0.0,1.0,0.0,1.0,1.0,0.0,0.0,0.0,0.0,0.0,1.0,1.0,1.0,0.0,1.0,1.0,1.0,1.0,1.0,0.0,0.0,1.0,1.0,1.0,1.0,0.0,0.0,0.0,1.0,1.0,0.0,1.0,0.0,1.0,1.0,1.0,1.0,1.0,0.0,0.0,0.0,1.0,1.0,0.0,1.0,1.0,,1.0,0.0,1.0,0.0,1.0,1.0,0.0,1.0,1.0,0.0,1.0,1.0,0.0,0.0,1.0,1.0,0.0,0.0,0.0,0.0,1.0,0.0,1.0,0.0,1.0,1.0,0.0,0.0,1.0,1.0,1.0,1.0,0.0,1.0,1.0,1.0,1.0,1.0,1.0,1.0,0.0,0.0,0.0,,,,,,,1.0,1.0,,1.0,0.0,1.0,0.0,0.0,0.0,0.0,0.0,,,,1.0,1.0,1.0,0.0,,,,,,,,,0.0,0.0,1.0,1.0,0.0,1.0,0.0,0.0,1.0,,,,,,,,,,,,1.0,0.0,0.0,1.0,1.0,1.0,0.0,0.0,0.0,0.0,1.0,1.0,1.0,1.0,1.0,1.0,1.0,0.0,0.0,0.0,1.0,1.0,0.0,1.0,1.0,0.0,1.0,1.0,1.0,1.0,1.0,0.0,0.0,0.0,1.0,0.0,1.0,0.0,1.0,1.0,0.0,1.0,0.0,0.0,1.0,1.0,1.0,0.0,1.0,0.0,0.0,0.0,0.0,0.0,1.0,0.0,1.0
Vinicius Carvalho,0.0,0.0,1.0,0.0,1.0,1.0,1.0,1.0,0.0,1.0,0.0,,1.0,0.0,1.0,1.0,1.0,1.0,0.0,,1.0,0.0,1.0,1.0,0.0,1.0,0.0,,,1.0,0.0,0.0,,,,1.0,1.0,,,,,,,,0.0,1.0,0.0,1.0,,,,,0.0,1.0,1.0,0.0,,1.0,,1.0,,,,,0.0,1.0,,1.0,,0.0,,,,1.0,0.0,1.0,1.0,0.0,1.0,1.0,1.0,1.0,1.0,0.0,1.0,,0.0,0.0,1.0,1.0,1.0,1.0,1.0,0.0,1.0,1.0,1.0,1.0,,,,0.0,1.0,0.0,0.0,,0.0,1.0,1.0,0.0,1.0,1.0,1.0,1.0,1.0,1.0,,0.0,0.0,0.0,1.0,,0.0,0.0,0.0,1.0,1.0,,0.0,,1.0,0.0,0.0,1.0,0.0,1.0,1.0,1.0,1.0,0.0,0.0,0.0,1.0,0.0,0.0,,0.0,,1.0,0.0,0.0,1.0,1.0,0.0,0.0,,1.0,0.0,1.0,1.0,0.0,0.0,1.0,0.0,1.0,0.0,0.0,0.0,1.0,1.0,1.0,0.0,0.0,1.0,0.0,0.0,1.0,,1.0,1.0,1.0,0.0,0.0,0.0,1.0,1.0,1.0,1.0,1.0,1.0,,0.0,0.0,0.0,0.0,0.0,0.0,0.0,1.0,1.0,0.0,1.0,,,0.0,0.0,0.0,0.0,1.0,,0.0,0.0,1.0,1.0,0.0,0.0,1.0,0.0,0.0,1.0,1.0,1.0,1.0,0.0,1.0,,1.0,1.0,1.0,0.0,0.0,,,,,,,1.0,0.0,0.0,1.0,,0.0,1.0,1.0,1.0,0.0,0.0,0.0,1.0,1.0,1.0,1.0,0.0,1.0,1.0,0.0,1.0,,1.0,1.0,1.0,1.0,1.0,1.0,1.0,,1.0,1.0,0.0,1.0,0.0,0.0,0.0,,,0.0,0.0,1.0,0.0,1.0,1.0,1.0,1.0,0.0,0.0,0.0,0.0,1.0,1.0,1.0,1.0,0.0,0.0,1.0,1.0,1.0,0.0,1.0,,1.0,0.0,0.0,0.0,1.0,0.0,0.0,,,0.0,0.0,0.0,,1.0,,1.0,0.0,1.0,0.0,1.0,,1.0,1.0,0.0,,1.0,0.0,,1.0,1.0,,1.0,0.0,,0.0,0.0,1.0,0.0,0.0,0.0,0.0,0.0,1.0,1.0,0.0,1.0,1.0,0.0,1.0,0.0,0.0,1.0,1.0,1.0,,,0.0,1.0,0.0,,0.0,0.0,,,,,,,0.0,,,0.0,0.0,,1.0,0.0,1.0,0.0,0.0,1.0,0.0,0.0,0.0,0.0,0.0,0.0,1.0,0.0,0.0,1.0,1.0,1.0,,0.0,1.0,1.0,1.0,0.0,0.0,0.0,0.0,0.0,1.0,0.0,0.0,0.0,1.0,0.0,1.0,1.0,1.0,0.0,1.0,0.0,1.0,0.0,0.0,,0.0,,0.0,0.0,0.0,0.0,,0.0,1.0,0.0,1.0,,,,,,,,,0.0,0.0,0.0,0.0,0.0,0.0,0.0,1.0,1.0,0.0,1.0,0.0,1.0,0.0,,1.0,0.0,0.0,1.0,1.0,0.0,,,0.0,0.0,0.0,0.0,0.0,1.0,1.0,1.0,,0.0,0.0,0.0,1.0,1.0,0.0,1.0,1.0,0.0,0.0,1.0,0.0,0.0,0.0,,1.0,0.0,1.0,0.0,0.0,1.0,1.0,1.0,1.0,,,1.0,0.0,,,,,,,,0.0
Vinicius Farah,0.0,0.0,1.0,0.0,1.0,1.0,1.0,,,,0.0,,,,,,,,,,,,,,,1.0,,1.0,,1.0,,1.0,0.0,0.0,0.0,0.0,1.0,1.0,0.0,1.0,1.0,0.0,0.0,1.0,0.0,,,1.0,,,,,0.0,1.0,1.0,,0.0,,,,,,,0.0,0.0,,,1.0,,,1.0,,0.0,,,1.0,0.0,1.0,0.0,,1.0,,1.0,0.0,0.0,,1.0,,,,,,,,1.0,,,,,,0.0,0.0,1.0,,1.0,1.0,,0.0,1.0,1.0,1.0,,0.0,1.0,1.0,,0.0,0.0,,0.0,1.0,0.0,0.0,0.0,0.0,1.0,1.0,1.0,1.0,0.0,1.0,0.0,0.0,0.0,0.0,1.0,1.0,1.0,1.0,0.0,0.0,1.0,1.0,0.0,0.0,,,1.0,1.0,,0.0,1.0,1.0,0.0,0.0,0.0,1.0,0.0,1.0,1.0,0.0,0.0,1.0,,1.0,0.0,0.0,0.0,,,,0.0,0.0,1.0,,,,1.0,1.0,1.0,1.0,1.0,0.0,1.0,1.0,1.0,1.0,,1.0,1.0,0.0,0.0,1.0,1.0,0.0,0.0,0.0,0.0,1.0,1.0,0.0,,,,0.0,0.0,0.0,0.0,1.0,0.0,0.0,0.0,1.0,1.0,0.0,,,0.0,0.0,,,,1.0,0.0,1.0,1.0,1.0,1.0,1.0,,0.0,0.0,,1.0,1.0,1.0,0.0,1.0,0.0,0.0,1.0,0.0,1.0,0.0,1.0,1.0,0.0,0.0,0.0,1.0,1.0,,1.0,0.0,0.0,1.0,0.0,1.0,0.0,1.0,1.0,1.0,1.0,1.0,1.0,1.0,1.0,1.0,1.0,0.0,1.0,0.0,0.0,0.0,0.0,1.0,1.0,0.0,,0.0,1.0,1.0,,1.0,0.0,0.0,0.0,0.0,1.0,1.0,1.0,0.0,,,1.0,1.0,1.0,0.0,,0.0,0.0,1.0,0.0,1.0,1.0,0.0,,,0.0,0.0,0.0,0.0,1.0,1.0,1.0,1.0,,1.0,0.0,1.0,0.0,1.0,1.0,0.0,0.0,1.0,1.0,,1.0,1.0,1.0,1.0,,0.0,0.0,0.0,1.0,0.0,,0.0,0.0,0.0,,1.0,0.0,0.0,0.0,0.0,1.0,,0.0,1.0,1.0,1.0,1.0,0.0,0.0,1.0,0.0,,0.0,0.0,0.0,1.0,0.0,0.0,1.0,1.0,0.0,1.0,,0.0,,1.0,1.0,0.0,1.0,0.0,0.0,1.0,0.0,0.0,0.0,0.0,0.0,0.0,1.0,0.0,0.0,1.0,1.0,,,0.0,1.0,,1.0,0.0,0.0,0.0,0.0,0.0,1.0,0.0,0.0,0.0,1.0,0.0,1.0,0.0,0.0,0.0,1.0,1.0,1.0,,,,,,0.0,,1.0,0.0,0.0,0.0,1.0,,1.0,,0.0,,1.0,,,1.0,0.0,0.0,0.0,0.0,0.0,0.0,,0.0,,,0.0,1.0,0.0,1.0,0.0,0.0,1.0,1.0,1.0,1.0,1.0,0.0,0.0,1.0,0.0,0.0,,,,,,,,0.0,0.0,1.0,1.0,0.0,1.0,1.0,1.0,0.0,0.0,1.0,,0.0,0.0,,1.0,,,1.0,0.0,1.0,1.0,0.0,1.0,,0.0,,0.0,0.0,0.0,,0.0,0.0,1.0,0.0,0.0
Vinicius Gurgel,0.0,0.0,1.0,0.0,,1.0,1.0,,,,,,,,,,,,,,,,,1.0,,,,,,,,,,,,,,,,,,,,,,1.0,0.0,1.0,,,,,0.0,1.0,1.0,0.0,0.0,1.0,,,,,,,,,,1.0,,,,,,,,1.0,1.0,0.0,1.0,1.0,,,,,,,1.0,1.0,1.0,1.0,1.0,1.0,,,,1.0,1.0,,,,,,,,,,,,,,,,,1.0,1.0,1.0,,0.0,,,,,,0.0,,,,,,,,,,,,,,,,,,,0.0,0.0,0.0,1.0,0.0,1.0,,,,,,,,,,,,,,,,,,,0.0,,,,,0.0,,,,,,,,,,,,,,,,,,1.0,,,,,,,,,,,0.0,,,,,,,,,,,,1.0,1.0,0.0,0.0,1.0,0.0,0.0,,1.0,1.0,,,,,,,,,,,,,,,,,,,,,0.0,,,,,,,,,,,0.0,0.0,,,,,,,,,,,,,1.0,1.0,,1.0,0.0,0.0,,,,,0.0,1.0,0.0,1.0,,1.0,1.0,0.0,0.0,,0.0,1.0,1.0,1.0,0.0,0.0,0.0,1.0,1.0,1.0,0.0,,0.0,1.0,,,,1.0,0.0,0.0,1.0,0.0,0.0,,0.0,1.0,,1.0,,,,,,,,,,,,,,,,,,0.0,,0.0,0.0,1.0,0.0,,,,,,,,,,,,,,,,0.0,,,0.0,,0.0,,,,,1.0,0.0,0.0,,1.0,0.0,,1.0,,0.0,,1.0,0.0,1.0,0.0,0.0,1.0,0.0,0.0,,0.0,0.0,0.0,0.0,,0.0,1.0,1.0,0.0,,0.0,1.0,,1.0,0.0,0.0,0.0,0.0,0.0,1.0,0.0,,0.0,1.0,,1.0,1.0,,,1.0,,1.0,0.0,0.0,0.0,,1.0,,0.0,0.0,0.0,0.0,0.0,1.0,,1.0,1.0,,,1.0,0.0,1.0,1.0,0.0,0.0,0.0,0.0,0.0,,0.0,0.0,,1.0,,1.0,0.0,,,,1.0,1.0,1.0,1.0,1.0,,0.0,1.0,0.0,0.0,,0.0,,1.0,,1.0,,0.0,0.0,,,,,1.0,0.0,,,,0.0,,0.0,,,,,1.0,,,1.0,1.0,1.0,0.0,,,0.0,,,,,,,,0.0
Vinicius Poit,0.0,0.0,1.0,0.0,0.0,1.0,0.0,1.0,0.0,0.0,0.0,1.0,0.0,1.0,0.0,0.0,0.0,0.0,0.0,0.0,1.0,1.0,0.0,0.0,0.0,0.0,1.0,0.0,1.0,1.0,0.0,1.0,1.0,0.0,0.0,0.0,1.0,0.0,0.0,0.0,0.0,0.0,0.0,1.0,0.0,1.0,1.0,1.0,0.0,0.0,,0.0,1.0,0.0,1.0,0.0,0.0,1.0,0.0,0.0,0.0,0.0,1.0,0.0,0.0,1.0,1.0,0.0,0.0,0.0,0.0,0.0,0.0,1.0,0.0,1.0,1.0,0.0,1.0,0.0,1.0,0.0,0.0,0.0,0.0,,0.0,0.0,1.0,0.0,0.0,0.0,1.0,1.0,0.0,0.0,0.0,0.0,,1.0,1.0,0.0,1.0,0.0,0.0,1.0,,1.0,0.0,0.0,0.0,1.0,1.0,1.0,1.0,1.0,0.0,0.0,0.0,0.0,1.0,0.0,0.0,0.0,0.0,1.0,0.0,0.0,0.0,0.0,1.0,0.0,1.0,1.0,0.0,1.0,1.0,1.0,1.0,0.0,0.0,0.0,0.0,0.0,1.0,0.0,0.0,0.0,1.0,0.0,0.0,1.0,1.0,0.0,0.0,0.0,1.0,,,,0.0,1.0,1.0,1.0,1.0,0.0,0.0,,1.0,1.0,1.0,1.0,0.0,1.0,0.0,0.0,1.0,1.0,0.0,0.0,1.0,1.0,1.0,1.0,1.0,1.0,1.0,1.0,1.0,1.0,0.0,0.0,0.0,1.0,,0.0,0.0,0.0,1.0,0.0,1.0,1.0,,,0.0,0.0,0.0,0.0,1.0,0.0,0.0,1.0,1.0,0.0,0.0,0.0,0.0,0.0,0.0,1.0,0.0,1.0,1.0,0.0,1.0,1.0,1.0,1.0,1.0,0.0,0.0,0.0,0.0,1.0,1.0,1.0,0.0,1.0,0.0,0.0,1.0,0.0,0.0,0.0,0.0,1.0,0.0,0.0,0.0,0.0,0.0,1.0,0.0,0.0,0.0,0.0,0.0,1.0,,1.0,1.0,1.0,1.0,0.0,1.0,0.0,1.0,0.0,1.0,0.0,1.0,1.0,0.0,0.0,0.0,1.0,0.0,0.0,1.0,0.0,1.0,1.0,1.0,1.0,0.0,0.0,0.0,0.0,1.0,1.0,1.0,0.0,0.0,0.0,0.0,0.0,0.0,0.0,1.0,0.0,1.0,0.0,0.0,0.0,0.0,0.0,0.0,1.0,1.0,0.0,0.0,0.0,1.0,1.0,1.0,1.0,0.0,1.0,0.0,1.0,0.0,0.0,1.0,1.0,1.0,1.0,0.0,1.0,1.0,0.0,0.0,1.0,0.0,0.0,0.0,0.0,0.0,0.0,1.0,0.0,0.0,0.0,0.0,1.0,0.0,1.0,1.0,0.0,0.0,1.0,0.0,0.0,1.0,0.0,1.0,0.0,1.0,1.0,0.0,,0.0,0.0,0.0,1.0,0.0,0.0,0.0,1.0,0.0,1.0,1.0,0.0,1.0,1.0,1.0,0.0,0.0,1.0,1.0,0.0,0.0,1.0,0.0,0.0,0.0,0.0,1.0,1.0,1.0,1.0,1.0,1.0,1.0,1.0,0.0,1.0,1.0,0.0,0.0,0.0,0.0,0.0,1.0,0.0,0.0,0.0,1.0,0.0,1.0,1.0,1.0,,1.0,0.0,0.0,0.0,0.0,0.0,0.0,1.0,0.0,0.0,0.0,0.0,0.0,0.0,1.0,0.0,1.0,1.0,0.0,0.0,1.0,0.0,1.0,1.0,0.0,0.0,0.0,0.0,0.0,0.0,0.0,0.0,1.0,1.0,0.0,1.0,0.0,1.0,0.0,0.0,0.0,0.0,1.0,1.0,1.0,1.0,0.0,1.0,0.0,1.0,1.0,1.0,1.0,1.0,1.0,0.0,1.0,0.0,1.0,0.0,0.0,0.0,1.0,0.0,0.0,0.0,0.0,1.0,0.0,0.0,0.0,1.0,0.0,0.0,1.0,0.0,1.0,1.0,1.0,1.0,0.0,0.0,0.0,1.0,0.0,0.0,0.0,,0.0,0.0,1.0,0.0,0.0
Vitor Lippi,1.0,0.0,1.0,0.0,1.0,1.0,0.0,1.0,0.0,1.0,1.0,1.0,1.0,0.0,0.0,1.0,0.0,0.0,1.0,,1.0,0.0,0.0,1.0,0.0,1.0,1.0,0.0,1.0,1.0,,1.0,,,,0.0,1.0,,0.0,0.0,0.0,0.0,0.0,0.0,1.0,1.0,0.0,1.0,1.0,0.0,0.0,1.0,0.0,1.0,1.0,0.0,0.0,1.0,0.0,1.0,1.0,,1.0,,,1.0,0.0,0.0,0.0,0.0,,0.0,0.0,1.0,,1.0,1.0,0.0,1.0,1.0,,0.0,0.0,0.0,0.0,,1.0,1.0,1.0,1.0,1.0,1.0,0.0,0.0,1.0,1.0,1.0,1.0,,1.0,1.0,0.0,1.0,1.0,1.0,,,,0.0,1.0,1.0,,0.0,1.0,1.0,1.0,0.0,1.0,0.0,,1.0,0.0,0.0,1.0,0.0,1.0,0.0,0.0,0.0,0.0,1.0,1.0,1.0,,1.0,1.0,1.0,1.0,1.0,0.0,0.0,0.0,1.0,0.0,0.0,,0.0,1.0,,0.0,0.0,1.0,,0.0,,,,0.0,,1.0,0.0,,1.0,0.0,1.0,0.0,0.0,0.0,1.0,1.0,1.0,0.0,0.0,1.0,0.0,,1.0,1.0,1.0,1.0,1.0,1.0,,1.0,1.0,1.0,0.0,1.0,1.0,1.0,,1.0,0.0,,0.0,,0.0,0.0,1.0,0.0,0.0,1.0,0.0,,,0.0,0.0,0.0,1.0,0.0,1.0,0.0,1.0,0.0,0.0,0.0,1.0,0.0,0.0,1.0,0.0,0.0,1.0,0.0,1.0,1.0,1.0,1.0,1.0,0.0,0.0,0.0,0.0,1.0,1.0,1.0,0.0,1.0,0.0,0.0,1.0,0.0,1.0,0.0,0.0,1.0,0.0,0.0,1.0,1.0,1.0,1.0,1.0,1.0,0.0,1.0,,1.0,,1.0,1.0,1.0,1.0,1.0,1.0,1.0,1.0,0.0,1.0,0.0,1.0,1.0,0.0,0.0,0.0,1.0,,0.0,1.0,0.0,1.0,1.0,1.0,1.0,0.0,0.0,0.0,0.0,1.0,1.0,1.0,1.0,0.0,0.0,1.0,1.0,1.0,1.0,1.0,0.0,0.0,1.0,1.0,1.0,1.0,0.0,0.0,1.0,0.0,0.0,0.0,0.0,1.0,1.0,1.0,,,1.0,0.0,1.0,0.0,1.0,1.0,0.0,1.0,1.0,1.0,1.0,1.0,1.0,1.0,1.0,0.0,0.0,0.0,0.0,1.0,0.0,0.0,0.0,0.0,0.0,1.0,1.0,1.0,1.0,1.0,0.0,1.0,1.0,1.0,1.0,1.0,1.0,1.0,0.0,0.0,1.0,1.0,0.0,1.0,0.0,,1.0,1.0,0.0,1.0,0.0,1.0,0.0,0.0,0.0,,1.0,1.0,0.0,1.0,0.0,0.0,1.0,0.0,1.0,1.0,0.0,0.0,0.0,1.0,0.0,1.0,1.0,1.0,1.0,1.0,0.0,1.0,1.0,1.0,0.0,0.0,0.0,0.0,0.0,1.0,,0.0,0.0,0.0,1.0,1.0,0.0,0.0,,0.0,1.0,1.0,0.0,0.0,0.0,0.0,1.0,0.0,0.0,0.0,0.0,0.0,0.0,1.0,0.0,1.0,1.0,,0.0,1.0,,1.0,1.0,0.0,0.0,0.0,0.0,0.0,0.0,0.0,,1.0,1.0,0.0,1.0,0.0,0.0,0.0,1.0,1.0,0.0,1.0,1.0,1.0,0.0,0.0,1.0,0.0,1.0,0.0,0.0,0.0,1.0,0.0,1.0,0.0,0.0,0.0,,1.0,1.0,0.0,1.0,1.0,0.0,0.0,1.0,0.0,0.0,0.0,1.0,0.0,0.0,1.0,1.0,0.0,1.0,1.0,1.0,1.0,0.0,0.0,,,0.0,0.0,0.0,0.0,0.0,,0.0,0.0
Vivi Reis,1.0,,,,,,,1.0,1.0,1.0,1.0,1.0,1.0,0.0,1.0,1.0,1.0,0.0,1.0,1.0,1.0,,1.0,1.0,,,,,,,,,,,,,,,,,,,,,,0.0,0.0,0.0,0.0,0.0,1.0,0.0,0.0,1.0,1.0,0.0,0.0,0.0,,1.0,0.0,0.0,,,,0.0,1.0,,0.0,0.0,,,,,,,,,,1.0,,,,,,,,,1.0,0.0,0.0,0.0,0.0,1.0,1.0,1.0,,,,,,,,1.0,1.0,0.0,1.0,0.0,1.0,1.0,1.0,0.0,0.0,,,,,,,,,,,,,,,,,,,,,,,,,,,,,,1.0,1.0,0.0,1.0,0.0,0.0,,,,,,,,,,,,,,,,,,,,,,1.0,1.0,,,,,,,,,,,,,,,,,,,,,,,,,,,,,,,,,,,,,,,,,,,,,,,,,,,,,,,,,,,,,,,,,,,,,,,,,,,,,,,,,,,,,,,,,,,,,,,,,,,,,,,,,,,,,,,,,,,,,,,,,,,,,,,,,,,,,,,,,,,,,,,,,,,,,,,,,,,,,,,,,,,,,,,,,,,,,,,,,,,,,,,,,,,,,,,,,,,,,,,,,,,,,,,,,,,,,,,,,,,,,,,,,,,,,,,,,,,,,,,,,,,,,,,,,,,,,,,,,,,,,,,,,,,,,,,,,,,,,,,,,,,,,,,,,,,,,,,,,,,,,,,,,,,,,,,,,,,,,,,,,,,,,,,,,,,,,,
Waldenor Pereira,1.0,,1.0,1.0,1.0,1.0,1.0,,,1.0,,1.0,1.0,0.0,,1.0,1.0,0.0,1.0,,,,1.0,1.0,,1.0,1.0,0.0,1.0,0.0,,,,,,,,1.0,1.0,1.0,,1.0,,0.0,,1.0,,,1.0,,,1.0,0.0,1.0,,0.0,0.0,,,1.0,,,0.0,,,,,,,1.0,,,0.0,1.0,0.0,1.0,,,,1.0,,,1.0,0.0,,,1.0,1.0,1.0,1.0,,1.0,0.0,1.0,1.0,1.0,1.0,1.0,,0.0,0.0,1.0,,1.0,1.0,1.0,0.0,0.0,1.0,1.0,1.0,,0.0,0.0,0.0,0.0,1.0,0.0,1.0,1.0,0.0,1.0,1.0,,1.0,0.0,0.0,1.0,1.0,,0.0,1.0,1.0,1.0,,0.0,0.0,0.0,1.0,,1.0,0.0,1.0,1.0,0.0,1.0,0.0,1.0,,,,,,,1.0,,0.0,,,,,0.0,,0.0,,,1.0,,1.0,1.0,1.0,0.0,1.0,,,,0.0,,0.0,0.0,0.0,0.0,,0.0,,0.0,0.0,0.0,0.0,0.0,1.0,0.0,1.0,0.0,,0.0,1.0,,,0.0,0.0,1.0,,,1.0,,1.0,,0.0,1.0,,,0.0,1.0,1.0,0.0,,,1.0,,0.0,0.0,,1.0,,0.0,,0.0,0.0,,1.0,,,0.0,0.0,0.0,1.0,0.0,,1.0,0.0,1.0,1.0,1.0,1.0,0.0,,1.0,1.0,1.0,,0.0,,1.0,,0.0,1.0,1.0,,1.0,0.0,1.0,0.0,0.0,0.0,0.0,1.0,1.0,0.0,1.0,,1.0,1.0,,1.0,0.0,,1.0,0.0,1.0,,0.0,0.0,0.0,,1.0,1.0,,0.0,0.0,0.0,1.0,,,0.0,0.0,,,,1.0,0.0,1.0,1.0,1.0,1.0,1.0,,0.0,0.0,1.0,1.0,0.0,,0.0,0.0,,1.0,1.0,1.0,0.0,1.0,0.0,0.0,1.0,1.0,0.0,0.0,1.0,1.0,0.0,0.0,0.0,1.0,1.0,1.0,1.0,,1.0,0.0,1.0,1.0,1.0,1.0,1.0,0.0,0.0,0.0,1.0,1.0,0.0,1.0,1.0,1.0,1.0,,1.0,,,1.0,0.0,1.0,0.0,,0.0,1.0,0.0,0.0,0.0,1.0,0.0,,,,1.0,0.0,1.0,1.0,,1.0,0.0,0.0,1.0,1.0,1.0,1.0,0.0,1.0,0.0,1.0,1.0,1.0,1.0,1.0,0.0,,0.0,,,,,,,1.0,1.0,,1.0,0.0,1.0,0.0,0.0,0.0,0.0,0.0,,,,1.0,1.0,1.0,0.0,,,,,,,,,0.0,0.0,,,,,0.0,0.0,1.0,,,,,,,,,,,,,0.0,0.0,1.0,1.0,1.0,0.0,0.0,0.0,0.0,1.0,1.0,,1.0,0.0,0.0,0.0,0.0,0.0,0.0,,1.0,,1.0,1.0,0.0,0.0,,,1.0,1.0,1.0,,1.0,1.0,0.0,1.0,0.0,1.0,1.0,,0.0,0.0,0.0,1.0,,,0.0,1.0,0.0,0.0,0.0,,0.0,1.0,0.0,1.0
Walter Alves,,,1.0,,1.0,1.0,1.0,1.0,0.0,,1.0,1.0,0.0,1.0,0.0,1.0,0.0,1.0,0.0,,1.0,0.0,,,0.0,1.0,0.0,1.0,0.0,1.0,0.0,1.0,,0.0,0.0,0.0,1.0,1.0,0.0,0.0,0.0,0.0,0.0,1.0,0.0,,,,1.0,0.0,0.0,1.0,,1.0,1.0,0.0,0.0,1.0,,,1.0,1.0,1.0,0.0,,1.0,1.0,1.0,0.0,,0.0,,,1.0,0.0,1.0,,,,1.0,1.0,1.0,1.0,0.0,0.0,,1.0,1.0,1.0,1.0,,1.0,1.0,0.0,1.0,1.0,1.0,1.0,,0.0,,0.0,,1.0,1.0,1.0,0.0,0.0,1.0,1.0,1.0,,0.0,1.0,1.0,1.0,,0.0,0.0,0.0,,0.0,0.0,0.0,0.0,1.0,0.0,1.0,0.0,0.0,1.0,0.0,0.0,0.0,0.0,1.0,,1.0,1.0,,0.0,1.0,1.0,0.0,0.0,1.0,0.0,1.0,,,0.0,1.0,1.0,0.0,0.0,0.0,,0.0,1.0,1.0,0.0,,,,,0.0,0.0,,1.0,1.0,1.0,0.0,0.0,1.0,,0.0,1.0,1.0,1.0,1.0,1.0,1.0,0.0,1.0,1.0,1.0,1.0,,,1.0,0.0,0.0,0.0,1.0,,0.0,0.0,,1.0,1.0,0.0,1.0,0.0,,0.0,0.0,0.0,0.0,1.0,0.0,0.0,0.0,1.0,1.0,0.0,,0.0,0.0,0.0,1.0,0.0,1.0,1.0,0.0,1.0,1.0,1.0,1.0,1.0,,0.0,,0.0,,1.0,1.0,,1.0,0.0,0.0,1.0,0.0,0.0,0.0,1.0,1.0,0.0,0.0,0.0,,,,1.0,0.0,,1.0,0.0,1.0,0.0,1.0,1.0,1.0,1.0,1.0,1.0,1.0,1.0,1.0,1.0,0.0,1.0,0.0,0.0,0.0,0.0,1.0,1.0,0.0,1.0,0.0,1.0,,,1.0,0.0,0.0,0.0,0.0,1.0,1.0,1.0,0.0,0.0,0.0,1.0,1.0,,,,0.0,,,0.0,1.0,1.0,,0.0,1.0,,0.0,0.0,0.0,1.0,1.0,,0.0,0.0,1.0,0.0,1.0,0.0,1.0,1.0,1.0,0.0,1.0,1.0,1.0,1.0,1.0,1.0,1.0,0.0,,0.0,0.0,1.0,0.0,0.0,0.0,0.0,0.0,,1.0,0.0,0.0,1.0,0.0,,,0.0,1.0,,1.0,,0.0,0.0,1.0,,0.0,,,,1.0,,,1.0,,0.0,1.0,1.0,0.0,0.0,1.0,1.0,0.0,,0.0,0.0,1.0,0.0,0.0,,0.0,0.0,0.0,1.0,0.0,0.0,1.0,1.0,1.0,,,1.0,1.0,1.0,0.0,0.0,0.0,0.0,0.0,,0.0,,0.0,1.0,0.0,1.0,0.0,0.0,,,,,0.0,0.0,,0.0,,0.0,0.0,,,0.0,0.0,1.0,,1.0,,0.0,,1.0,,1.0,,0.0,,0.0,,0.0,0.0,,0.0,,1.0,0.0,1.0,0.0,1.0,,,1.0,1.0,1.0,1.0,,0.0,0.0,1.0,,1.0,0.0,,,1.0,,1.0,,0.0,,1.0,1.0,1.0,0.0,,,,0.0,1.0,,0.0,,,1.0,0.0,1.0,1.0,,1.0,1.0,1.0,1.0,,,1.0,0.0,0.0,0.0,1.0,,0.0,1.0,,0.0
Weliton Prado,0.0,,1.0,1.0,1.0,1.0,1.0,1.0,1.0,1.0,1.0,,0.0,0.0,0.0,1.0,1.0,0.0,1.0,1.0,0.0,0.0,1.0,,0.0,1.0,0.0,0.0,1.0,0.0,1.0,0.0,,1.0,1.0,1.0,0.0,1.0,1.0,1.0,1.0,1.0,0.0,0.0,1.0,1.0,0.0,1.0,1.0,1.0,0.0,1.0,0.0,1.0,1.0,0.0,0.0,1.0,,1.0,1.0,1.0,0.0,0.0,0.0,1.0,0.0,0.0,0.0,0.0,1.0,,1.0,0.0,1.0,0.0,0.0,1.0,0.0,1.0,,1.0,1.0,0.0,1.0,,1.0,1.0,1.0,1.0,1.0,1.0,0.0,1.0,0.0,1.0,1.0,1.0,,0.0,0.0,1.0,0.0,1.0,1.0,1.0,0.0,0.0,1.0,1.0,1.0,0.0,0.0,1.0,1.0,1.0,0.0,0.0,0.0,0.0,1.0,,0.0,0.0,,1.0,1.0,0.0,0.0,1.0,1.0,0.0,1.0,0.0,0.0,1.0,1.0,1.0,1.0,1.0,1.0,1.0,1.0,0.0,0.0,1.0,0.0,1.0,0.0,,1.0,1.0,1.0,0.0,0.0,1.0,1.0,0.0,0.0,1.0,0.0,0.0,1.0,0.0,1.0,,1.0,0.0,0.0,1.0,1.0,,1.0,0.0,1.0,1.0,0.0,0.0,0.0,0.0,0.0,0.0,0.0,0.0,0.0,,0.0,1.0,0.0,1.0,1.0,0.0,1.0,1.0,0.0,0.0,1.0,1.0,1.0,0.0,0.0,1.0,0.0,,0.0,0.0,0.0,0.0,1.0,0.0,0.0,0.0,0.0,1.0,1.0,0.0,1.0,1.0,1.0,0.0,0.0,0.0,0.0,1.0,0.0,0.0,0.0,0.0,0.0,,0.0,,0.0,0.0,1.0,0.0,1.0,0.0,0.0,1.0,0.0,1.0,1.0,0.0,0.0,0.0,1.0,1.0,1.0,,1.0,1.0,,1.0,1.0,1.0,0.0,1.0,0.0,1.0,0.0,1.0,0.0,0.0,0.0,0.0,1.0,0.0,1.0,1.0,1.0,0.0,1.0,0.0,0.0,1.0,1.0,1.0,0.0,1.0,,0.0,0.0,0.0,0.0,0.0,0.0,0.0,1.0,1.0,1.0,1.0,0.0,1.0,1.0,0.0,0.0,,1.0,1.0,0.0,,1.0,1.0,1.0,0.0,,1.0,1.0,1.0,1.0,0.0,1.0,0.0,0.0,0.0,0.0,1.0,1.0,0.0,1.0,0.0,0.0,1.0,1.0,0.0,0.0,1.0,1.0,0.0,0.0,0.0,0.0,,0.0,0.0,1.0,0.0,0.0,1.0,1.0,1.0,1.0,1.0,0.0,0.0,0.0,1.0,1.0,0.0,1.0,1.0,1.0,1.0,1.0,1.0,0.0,1.0,1.0,0.0,1.0,0.0,0.0,0.0,1.0,0.0,1.0,1.0,0.0,1.0,1.0,0.0,0.0,,1.0,1.0,1.0,0.0,0.0,1.0,0.0,0.0,1.0,1.0,0.0,0.0,1.0,0.0,0.0,1.0,,1.0,1.0,0.0,0.0,1.0,1.0,,0.0,0.0,,0.0,1.0,1.0,0.0,0.0,1.0,0.0,1.0,0.0,1.0,0.0,0.0,0.0,1.0,0.0,0.0,,,1.0,0.0,0.0,0.0,0.0,0.0,0.0,1.0,0.0,1.0,1.0,1.0,1.0,0.0,0.0,1.0,1.0,0.0,0.0,0.0,0.0,0.0,0.0,0.0,0.0,1.0,1.0,0.0,1.0,1.0,0.0,0.0,1.0,1.0,1.0,1.0,1.0,1.0,0.0,1.0,1.0,1.0,1.0,1.0,1.0,1.0,0.0,0.0,0.0,1.0,0.0,0.0,0.0,1.0,0.0,1.0,1.0,1.0,1.0,0.0,1.0,,0.0,0.0,1.0,1.0,1.0,1.0,0.0,0.0,1.0,1.0,1.0,1.0,0.0,0.0,1.0,0.0,0.0,0.0,,0.0,0.0,1.0,0.0,0.0
Wellington Roberto,0.0,0.0,1.0,,1.0,1.0,,,,,0.0,1.0,0.0,1.0,,,,,0.0,,,,1.0,,,,,,,1.0,1.0,,,,0.0,0.0,1.0,1.0,0.0,0.0,0.0,,,1.0,1.0,1.0,0.0,,,,,1.0,,1.0,,0.0,,,,1.0,1.0,1.0,1.0,,,,1.0,1.0,,0.0,,,,,,1.0,,,,,,,,,,,,,1.0,1.0,,,1.0,,0.0,1.0,1.0,1.0,,,,,,,1.0,,,0.0,1.0,1.0,1.0,1.0,,,,,,,,,,,,,,,,,,,,,,,,,,,1.0,,,0.0,1.0,0.0,1.0,1.0,0.0,,,,,,1.0,,,,,,,,0.0,,,,,,,,1.0,1.0,1.0,,,,0.0,,1.0,,,,,,,,,,,,,1.0,0.0,1.0,0.0,,,,,,1.0,1.0,,,0.0,,,,,,,,,,,,,,,,,,,,,0.0,1.0,,,,,,,,,,,,,,,0.0,,,,,,1.0,,,,,1.0,,,,0.0,,0.0,,,1.0,1.0,1.0,1.0,1.0,1.0,,1.0,,,,,,,,,,,,,,,,,,,,,,,,,,,,,,,0.0,1.0,,,,,,,,,,,,,,1.0,,,,0.0,1.0,0.0,1.0,,,1.0,0.0,1.0,1.0,1.0,1.0,1.0,1.0,1.0,1.0,0.0,,,,,,,0.0,0.0,0.0,1.0,1.0,,,1.0,0.0,,0.0,0.0,1.0,1.0,,,,,,,,,,,,,0.0,,,,,,,,,,,,,,1.0,,0.0,,0.0,,,0.0,,,,,0.0,,,,,,,,,,,,,,,,,,,,,,,,,,,,,0.0,,,,,,,,,,,,,,,,,,,,,,,,,,,,,,,,,,,,,,,,,,,,,,,,,,,,,,,,,,,,,,,,,,,,,1.0,,,,,,,0.0,,,,,,,,
Wilson Santiago,,,1.0,1.0,1.0,1.0,1.0,,,,0.0,1.0,,,,,,,,0.0,0.0,,0.0,1.0,0.0,1.0,0.0,1.0,0.0,1.0,0.0,1.0,0.0,0.0,,0.0,1.0,1.0,0.0,0.0,0.0,1.0,0.0,1.0,0.0,1.0,0.0,1.0,1.0,,0.0,,0.0,,1.0,0.0,,1.0,,1.0,1.0,1.0,1.0,0.0,0.0,,1.0,,0.0,0.0,0.0,,,1.0,,1.0,1.0,0.0,1.0,1.0,1.0,1.0,,0.0,0.0,,,1.0,1.0,,,1.0,1.0,0.0,1.0,,,,,,,1.0,1.0,,,,,,1.0,1.0,1.0,,,1.0,1.0,,0.0,,,,,,,0.0,0.0,1.0,1.0,,0.0,0.0,1.0,0.0,0.0,0.0,0.0,1.0,1.0,1.0,1.0,0.0,0.0,0.0,1.0,0.0,0.0,1.0,0.0,1.0,,,,,,,,,,0.0,1.0,1.0,0.0,,,,1.0,0.0,0.0,,1.0,1.0,1.0,0.0,0.0,1.0,0.0,,1.0,1.0,1.0,1.0,1.0,0.0,0.0,1.0,,1.0,0.0,1.0,1.0,,,1.0,0.0,1.0,,0.0,0.0,0.0,,,,1.0,0.0,,0.0,,0.0,0.0,1.0,0.0,0.0,0.0,1.0,1.0,0.0,,1.0,,0.0,,,,1.0,0.0,1.0,1.0,1.0,,1.0,,,,0.0,1.0,1.0,1.0,0.0,1.0,0.0,0.0,1.0,0.0,,,1.0,1.0,1.0,1.0,1.0,1.0,1.0,,1.0,0.0,0.0,1.0,0.0,,0.0,1.0,1.0,1.0,1.0,1.0,1.0,1.0,1.0,1.0,1.0,1.0,1.0,0.0,,,0.0,1.0,0.0,0.0,,,,,,,,0.0,,,,1.0,1.0,0.0,,,1.0,1.0,,,1.0,,1.0,0.0,1.0,0.0,,0.0,0.0,1.0,,0.0,0.0,0.0,1.0,1.0,,,,,,,0.0,1.0,1.0,0.0,,1.0,1.0,,1.0,1.0,1.0,1.0,,,,0.0,,,0.0,0.0,0.0,0.0,1.0,1.0,1.0,1.0,0.0,,1.0,,0.0,1.0,1.0,1.0,1.0,,0.0,,,1.0,0.0,,,,,,,,,,,,0.0,,1.0,0.0,1.0,,0.0,,0.0,1.0,,1.0,,0.0,1.0,0.0,0.0,,,1.0,,,1.0,,,0.0,0.0,0.0,,0.0,,0.0,,,,0.0,1.0,,,,1.0,,,,0.0,0.0,,,,,,,0.0,0.0,1.0,,1.0,1.0,0.0,0.0,1.0,,1.0,,1.0,0.0,0.0,0.0,0.0,0.0,0.0,0.0,1.0,,,1.0,,,,,1.0,1.0,1.0,1.0,1.0,,,1.0,,,,,,,,1.0,0.0,,,,,,,,,0.0,0.0,1.0,,0.0,0.0,1.0,1.0,0.0,,0.0,,,1.0,1.0,,0.0,,1.0,0.0,,,,,,,,0.0
Wladimir Garotinho,,,1.0,1.0,1.0,1.0,1.0,,,,,,,,,,,,,,,,,,0.0,1.0,0.0,1.0,0.0,1.0,0.0,1.0,0.0,,,0.0,1.0,1.0,,0.0,0.0,0.0,0.0,0.0,0.0,,,,,,,,,,,,,,0.0,,,,1.0,0.0,0.0,,,1.0,,,0.0,0.0,0.0,1.0,,1.0,,,,,1.0,1.0,1.0,0.0,0.0,,,,,,,,,,,,,,,,,,,,,,,,,,,,,,,,,,,0.0,1.0,,,,0.0,1.0,0.0,0.0,0.0,0.0,1.0,,,,,,1.0,,1.0,0.0,0.0,0.0,,,,,,,1.0,,0.0,1.0,1.0,0.0,0.0,0.0,1.0,0.0,1.0,1.0,0.0,0.0,1.0,,,0.0,,,,,,,0.0,,,,1.0,1.0,1.0,1.0,1.0,1.0,0.0,1.0,,0.0,0.0,1.0,1.0,1.0,1.0,0.0,0.0,1.0,0.0,0.0,0.0,0.0,1.0,1.0,0.0,1.0,,,0.0,0.0,0.0,0.0,1.0,0.0,0.0,0.0,,,,0.0,1.0,0.0,0.0,1.0,1.0,1.0,0.0,1.0,1.0,0.0,1.0,1.0,1.0,0.0,,,,,,0.0,1.0,0.0,0.0,1.0,0.0,,,0.0,1.0,1.0,0.0,0.0,,1.0,1.0,1.0,1.0,,,0.0,0.0,1.0,,1.0,1.0,1.0,1.0,1.0,1.0,0.0,1.0,1.0,1.0,1.0,,,0.0,,,,,,1.0,0.0,,,1.0,1.0,0.0,0.0,0.0,,1.0,1.0,1.0,0.0,0.0,0.0,,,0.0,0.0,1.0,0.0,0.0,0.0,1.0,1.0,,,,,,,,,,,,,0.0,1.0,0.0,1.0,0.0,1.0,1.0,0.0,1.0,1.0,1.0,,1.0,0.0,1.0,1.0,0.0,,,,1.0,0.0,0.0,0.0,,,,1.0,0.0,1.0,1.0,0.0,0.0,,0.0,1.0,1.0,0.0,,0.0,0.0,1.0,,1.0,0.0,,,,,,,,,,,,1.0,1.0,1.0,0.0,,0.0,0.0,1.0,0.0,1.0,0.0,0.0,0.0,,1.0,,,,,,,0.0,,,1.0,,,,,,,,,,,,,1.0,,,1.0,,,0.0,0.0,0.0,1.0,1.0,,,,,,,,,,,,,,,,,,0.0,,,,0.0,,,,1.0,,,,,,,,,,,,,,,,,,,,,,,,,,,,,0.0,,,,,1.0,0.0,,,,,,,,,1.0,1.0,,,0.0,0.0,,0.0,,,,,,,,
Wolney Queiroz,1.0,,1.0,1.0,1.0,1.0,1.0,1.0,1.0,1.0,1.0,1.0,0.0,1.0,,,,0.0,0.0,0.0,,,,1.0,,,1.0,0.0,1.0,0.0,0.0,0.0,1.0,,,1.0,0.0,1.0,0.0,1.0,1.0,,0.0,0.0,0.0,1.0,0.0,,1.0,0.0,0.0,1.0,0.0,1.0,1.0,0.0,0.0,1.0,,1.0,,,,,0.0,,,1.0,0.0,0.0,0.0,,0.0,1.0,0.0,1.0,1.0,,,,1.0,1.0,1.0,,1.0,,1.0,1.0,1.0,,,1.0,0.0,1.0,1.0,1.0,,1.0,,,0.0,1.0,0.0,1.0,1.0,1.0,0.0,0.0,1.0,1.0,1.0,0.0,0.0,0.0,0.0,0.0,1.0,1.0,,,1.0,1.0,1.0,0.0,,0.0,1.0,1.0,1.0,,,1.0,1.0,1.0,,0.0,0.0,0.0,1.0,0.0,0.0,0.0,,,,1.0,,,0.0,0.0,0.0,1.0,1.0,0.0,0.0,0.0,1.0,0.0,0.0,1.0,0.0,0.0,1.0,0.0,0.0,0.0,,,,,1.0,0.0,,,,,,,0.0,0.0,0.0,0.0,0.0,0.0,0.0,0.0,0.0,0.0,0.0,0.0,1.0,0.0,1.0,,,0.0,1.0,1.0,1.0,1.0,0.0,1.0,,,1.0,0.0,1.0,1.0,0.0,1.0,1.0,1.0,0.0,1.0,1.0,,0.0,1.0,,1.0,0.0,0.0,0.0,,0.0,0.0,0.0,0.0,0.0,1.0,1.0,1.0,,,1.0,0.0,1.0,0.0,1.0,1.0,0.0,1.0,1.0,1.0,0.0,0.0,1.0,1.0,1.0,1.0,1.0,1.0,0.0,1.0,1.0,0.0,1.0,1.0,0.0,1.0,1.0,1.0,1.0,1.0,0.0,0.0,,0.0,1.0,1.0,0.0,1.0,1.0,0.0,0.0,0.0,1.0,,0.0,1.0,0.0,0.0,0.0,0.0,,1.0,1.0,1.0,0.0,0.0,1.0,1.0,0.0,1.0,0.0,0.0,0.0,0.0,0.0,1.0,0.0,1.0,1.0,1.0,,0.0,0.0,1.0,,0.0,0.0,0.0,1.0,1.0,1.0,1.0,,1.0,1.0,0.0,1.0,1.0,1.0,1.0,1.0,0.0,1.0,1.0,1.0,1.0,1.0,0.0,1.0,0.0,0.0,0.0,1.0,1.0,0.0,1.0,1.0,1.0,1.0,1.0,1.0,0.0,0.0,1.0,1.0,,1.0,1.0,,1.0,,1.0,0.0,,1.0,0.0,1.0,0.0,,1.0,0.0,,,,,,1.0,0.0,,,0.0,1.0,1.0,1.0,1.0,0.0,,1.0,1.0,1.0,,0.0,1.0,,0.0,1.0,1.0,1.0,1.0,,,,1.0,,,,,,1.0,1.0,,1.0,,1.0,0.0,0.0,,,,,,1.0,,,,0.0,,,,,,,,,0.0,,,,,,,,,,,,,,,,,,,1.0,,0.0,0.0,1.0,1.0,1.0,0.0,0.0,0.0,0.0,1.0,,1.0,1.0,1.0,1.0,1.0,0.0,0.0,0.0,1.0,1.0,,1.0,1.0,0.0,,,1.0,1.0,1.0,,,1.0,1.0,0.0,,0.0,1.0,1.0,,1.0,0.0,0.0,1.0,,1.0,0.0,1.0,0.0,,0.0,0.0,0.0,1.0,0.0,1.0
Zeca Dirceu,1.0,1.0,1.0,1.0,1.0,1.0,1.0,1.0,1.0,1.0,1.0,1.0,,0.0,1.0,1.0,1.0,0.0,1.0,1.0,1.0,0.0,,1.0,,1.0,1.0,,,0.0,,,,,,,,1.0,,1.0,,1.0,0.0,,,,,,1.0,0.0,0.0,1.0,0.0,1.0,1.0,0.0,0.0,1.0,,1.0,1.0,1.0,0.0,,,0.0,,1.0,,,0.0,0.0,,1.0,,1.0,,,,1.0,1.0,,,,,,1.0,1.0,1.0,1.0,,1.0,0.0,1.0,1.0,1.0,,,,,0.0,1.0,0.0,1.0,1.0,1.0,0.0,0.0,1.0,1.0,1.0,0.0,0.0,0.0,0.0,0.0,1.0,0.0,1.0,1.0,0.0,,,0.0,1.0,,0.0,1.0,,,0.0,1.0,1.0,1.0,1.0,0.0,0.0,0.0,1.0,,1.0,0.0,1.0,1.0,0.0,1.0,,1.0,0.0,,,,,,1.0,,0.0,,,,,,,,,,1.0,0.0,1.0,1.0,1.0,0.0,,,,,0.0,,0.0,0.0,0.0,0.0,,0.0,0.0,0.0,0.0,0.0,0.0,0.0,1.0,0.0,1.0,0.0,1.0,,,1.0,1.0,1.0,0.0,1.0,,,1.0,1.0,1.0,1.0,0.0,1.0,,,0.0,1.0,1.0,,0.0,1.0,1.0,0.0,0.0,0.0,0.0,,0.0,0.0,0.0,0.0,0.0,,1.0,,,0.0,0.0,0.0,,0.0,1.0,,0.0,1.0,1.0,1.0,1.0,0.0,1.0,,1.0,,1.0,1.0,0.0,1.0,1.0,0.0,1.0,1.0,,1.0,0.0,1.0,0.0,1.0,0.0,0.0,1.0,1.0,0.0,1.0,0.0,1.0,1.0,1.0,1.0,0.0,,1.0,0.0,1.0,,0.0,0.0,0.0,1.0,1.0,1.0,1.0,,0.0,0.0,1.0,,1.0,0.0,0.0,0.0,1.0,,1.0,0.0,1.0,1.0,1.0,1.0,1.0,0.0,1.0,,1.0,,0.0,0.0,,,0.0,,1.0,1.0,0.0,,,,0.0,,0.0,0.0,1.0,1.0,,0.0,0.0,1.0,1.0,1.0,1.0,0.0,,,1.0,1.0,1.0,1.0,1.0,0.0,0.0,0.0,1.0,1.0,0.0,1.0,1.0,1.0,,0.0,,0.0,1.0,1.0,0.0,1.0,0.0,0.0,0.0,1.0,0.0,0.0,0.0,1.0,0.0,,,,,0.0,,1.0,1.0,1.0,0.0,0.0,1.0,1.0,1.0,,0.0,1.0,0.0,1.0,1.0,1.0,1.0,1.0,0.0,0.0,0.0,,,,,,,1.0,1.0,,1.0,0.0,1.0,0.0,0.0,0.0,,0.0,,,,,1.0,1.0,0.0,,,,,,,,,0.0,0.0,1.0,1.0,0.0,,0.0,0.0,1.0,,,,,,,,,,,,1.0,0.0,0.0,1.0,1.0,1.0,0.0,0.0,0.0,0.0,1.0,1.0,1.0,1.0,0.0,0.0,0.0,0.0,0.0,0.0,1.0,1.0,0.0,1.0,1.0,0.0,0.0,1.0,1.0,1.0,1.0,1.0,0.0,0.0,1.0,0.0,1.0,0.0,1.0,1.0,0.0,1.0,0.0,0.0,1.0,,1.0,0.0,1.0,0.0,0.0,0.0,0.0,0.0,1.0,0.0,1.0
Zé Augusto Nalin,,,,,,,,,,,,,,,,,,,,,,,,,,,,,,,,,,,,,,,,,,,,,,,,,,,,,,,,,,,,,,,,,,,,,,,,,,,,,,,,,,,,,,,,,1.0,,,,,,,,,,,,,,,,,,,,,,,,,,,,,,,,,,,,,,,,,,,,,,,,,,,,,,,,,,,,,,,,,,,,,,,,,,,,,,,,,,,,,,,,,,,,,,,,,,,,,,,,,,,,,,,,,,,,,,,,,,,,,,,,,,,,,,,,,,,,,,,,,,,,,,,,,,,,,,,,,,,,,,,,,,,,,,,,,,,,,,,,,,,,,,,,,,,,,,,,,,,,,,,,,,,,,,,,,,,,,,,,,,,,,,,,,,,,,,,,,,,,,,,,,,,,,,,,,,,,,,,,,,,,,,,,,,,,,,,,,,,,,,,,,,,,,,,,,,,,,,,,,,,,,,,,,,,,,,,,,,,,,,,,,,,,,,,,,,,,,,,,,,,,,,,,,,,,,,,,,,,,,,,,,,,,,,,,,,,,,,,,,,,,,,,,,,,,,,,,,,,,,,,,,,,,,,,,
Zé Carlos,1.0,1.0,1.0,1.0,1.0,1.0,1.0,1.0,1.0,1.0,1.0,1.0,1.0,0.0,1.0,1.0,1.0,0.0,1.0,1.0,1.0,0.0,,1.0,,1.0,1.0,0.0,1.0,0.0,,,,1.0,,,,1.0,1.0,1.0,,1.0,,0.0,,1.0,0.0,1.0,1.0,0.0,0.0,1.0,,1.0,1.0,0.0,0.0,1.0,0.0,1.0,,1.0,0.0,,,,0.0,1.0,,1.0,0.0,,0.0,1.0,0.0,1.0,,,,1.0,,1.0,1.0,0.0,1.0,,1.0,1.0,1.0,1.0,1.0,1.0,0.0,1.0,1.0,1.0,1.0,1.0,,0.0,0.0,,,1.0,1.0,1.0,0.0,0.0,1.0,1.0,1.0,0.0,0.0,0.0,0.0,0.0,1.0,0.0,,,,,1.0,0.0,1.0,,0.0,1.0,1.0,1.0,0.0,1.0,1.0,1.0,1.0,0.0,0.0,0.0,1.0,0.0,1.0,0.0,,,,,,,0.0,,,,,,1.0,,0.0,,,0.0,,0.0,,,,,1.0,0.0,1.0,1.0,1.0,0.0,,,,,0.0,,0.0,0.0,0.0,0.0,0.0,0.0,0.0,0.0,0.0,0.0,0.0,0.0,1.0,0.0,1.0,0.0,1.0,0.0,1.0,1.0,1.0,,0.0,1.0,,,1.0,1.0,1.0,1.0,0.0,1.0,1.0,1.0,0.0,1.0,1.0,0.0,0.0,1.0,1.0,0.0,0.0,0.0,0.0,1.0,0.0,0.0,0.0,0.0,0.0,1.0,1.0,1.0,1.0,0.0,0.0,0.0,1.0,0.0,1.0,1.0,0.0,1.0,1.0,1.0,1.0,0.0,1.0,1.0,1.0,1.0,1.0,1.0,0.0,1.0,1.0,0.0,1.0,1.0,0.0,1.0,0.0,1.0,0.0,,0.0,0.0,1.0,1.0,0.0,1.0,0.0,1.0,1.0,1.0,1.0,0.0,0.0,1.0,0.0,1.0,0.0,0.0,0.0,0.0,1.0,1.0,1.0,1.0,0.0,0.0,0.0,1.0,,1.0,0.0,0.0,0.0,1.0,0.0,1.0,0.0,1.0,1.0,1.0,1.0,1.0,1.0,0.0,0.0,1.0,1.0,0.0,0.0,0.0,0.0,0.0,1.0,1.0,1.0,0.0,1.0,0.0,0.0,1.0,1.0,0.0,0.0,,1.0,0.0,0.0,0.0,1.0,1.0,1.0,1.0,0.0,1.0,0.0,1.0,1.0,1.0,1.0,0.0,0.0,0.0,0.0,1.0,1.0,0.0,1.0,1.0,1.0,1.0,0.0,1.0,0.0,1.0,1.0,0.0,1.0,0.0,0.0,0.0,1.0,0.0,0.0,0.0,1.0,0.0,,,0.0,1.0,0.0,1.0,1.0,1.0,1.0,0.0,0.0,1.0,1.0,1.0,1.0,0.0,1.0,0.0,1.0,1.0,1.0,1.0,1.0,0.0,0.0,0.0,,,,,,,1.0,1.0,,1.0,0.0,1.0,0.0,0.0,0.0,0.0,0.0,,,,1.0,1.0,1.0,0.0,,,,,,,,,0.0,,1.0,1.0,0.0,1.0,0.0,0.0,1.0,,,,,,,,,,,,1.0,0.0,0.0,1.0,1.0,1.0,0.0,0.0,0.0,0.0,,1.0,,1.0,0.0,0.0,0.0,1.0,0.0,0.0,,1.0,0.0,1.0,1.0,0.0,,1.0,1.0,1.0,1.0,1.0,0.0,0.0,1.0,0.0,1.0,0.0,1.0,1.0,,1.0,0.0,0.0,1.0,1.0,1.0,0.0,1.0,0.0,0.0,0.0,0.0,0.0,1.0,0.0,1.0
Zé Neto,1.0,1.0,1.0,1.0,,1.0,1.0,1.0,1.0,,1.0,1.0,,,,,,,,,,0.0,1.0,1.0,,,,,,0.0,,,,,,,,1.0,,1.0,,,0.0,0.0,,1.0,0.0,1.0,1.0,0.0,0.0,1.0,0.0,1.0,1.0,0.0,0.0,1.0,0.0,1.0,1.0,1.0,,,,0.0,1.0,1.0,,,,,,1.0,0.0,1.0,1.0,0.0,1.0,1.0,,1.0,,,1.0,,1.0,1.0,1.0,1.0,,1.0,0.0,1.0,1.0,1.0,1.0,1.0,,0.0,0.0,1.0,,1.0,1.0,1.0,0.0,0.0,1.0,1.0,1.0,0.0,0.0,,0.0,0.0,,0.0,1.0,1.0,,1.0,1.0,0.0,1.0,0.0,0.0,,1.0,1.0,0.0,1.0,1.0,1.0,1.0,0.0,0.0,0.0,1.0,,1.0,0.0,1.0,1.0,0.0,1.0,0.0,1.0,0.0,,,,,,,,,,,0.0,,,,,,,1.0,,,1.0,,0.0,,0.0,,,0.0,,0.0,0.0,0.0,0.0,0.0,0.0,0.0,0.0,0.0,,0.0,0.0,1.0,0.0,1.0,,1.0,,1.0,1.0,,,0.0,1.0,,,1.0,1.0,1.0,1.0,0.0,1.0,1.0,1.0,0.0,1.0,1.0,0.0,0.0,,1.0,0.0,,0.0,0.0,1.0,0.0,0.0,0.0,0.0,0.0,,,1.0,1.0,0.0,0.0,0.0,1.0,0.0,1.0,1.0,0.0,,1.0,1.0,,,1.0,1.0,1.0,,1.0,,0.0,1.0,,0.0,1.0,1.0,1.0,1.0,0.0,1.0,0.0,1.0,0.0,0.0,1.0,,0.0,1.0,0.0,1.0,1.0,1.0,1.0,0.0,0.0,1.0,0.0,1.0,0.0,,0.0,,1.0,1.0,1.0,1.0,0.0,,0.0,1.0,,1.0,1.0,0.0,,1.0,0.0,1.0,0.0,0.0,1.0,1.0,1.0,,,1.0,0.0,1.0,,0.0,1.0,0.0,0.0,0.0,1.0,1.0,1.0,0.0,1.0,0.0,0.0,0.0,1.0,,0.0,1.0,1.0,0.0,0.0,0.0,1.0,1.0,,,,1.0,0.0,1.0,1.0,1.0,,1.0,0.0,0.0,0.0,1.0,1.0,,1.0,1.0,1.0,,,1.0,,,,0.0,1.0,0.0,0.0,0.0,1.0,0.0,0.0,0.0,,,,,0.0,1.0,0.0,1.0,1.0,1.0,1.0,0.0,,1.0,1.0,1.0,1.0,0.0,1.0,,,,,1.0,1.0,0.0,0.0,0.0,,,,,,,1.0,1.0,,1.0,0.0,1.0,0.0,0.0,,0.0,,,,,1.0,,1.0,0.0,,,,,,,,,0.0,,,1.0,0.0,,,0.0,1.0,,,,,,,,,,,,1.0,0.0,0.0,1.0,1.0,1.0,0.0,0.0,0.0,0.0,,,,1.0,0.0,1.0,1.0,0.0,0.0,0.0,1.0,1.0,,1.0,1.0,0.0,0.0,1.0,1.0,1.0,1.0,1.0,,0.0,1.0,0.0,1.0,0.0,1.0,1.0,,1.0,0.0,,1.0,,,0.0,0.0,0.0,0.0,0.0,,0.0,1.0,0.0,1.0
Zé Silva,,,1.0,0.0,1.0,1.0,,1.0,0.0,1.0,0.0,,0.0,1.0,0.0,1.0,,1.0,0.0,,1.0,,0.0,1.0,0.0,1.0,0.0,0.0,0.0,1.0,0.0,0.0,0.0,,,0.0,0.0,1.0,0.0,1.0,0.0,0.0,0.0,1.0,0.0,1.0,0.0,,1.0,0.0,0.0,1.0,,,1.0,1.0,1.0,1.0,0.0,1.0,1.0,1.0,0.0,,0.0,1.0,0.0,1.0,0.0,,0.0,,0.0,0.0,,1.0,1.0,0.0,1.0,1.0,1.0,1.0,1.0,0.0,0.0,,1.0,1.0,1.0,1.0,1.0,1.0,1.0,0.0,,1.0,1.0,,,,,0.0,1.0,1.0,1.0,1.0,0.0,0.0,1.0,1.0,1.0,0.0,0.0,0.0,1.0,,0.0,0.0,,0.0,1.0,0.0,0.0,,0.0,1.0,,1.0,0.0,,1.0,0.0,0.0,0.0,0.0,1.0,1.0,1.0,1.0,0.0,0.0,0.0,,,,,,,,,,,,,,,,0.0,,,,0.0,,,,0.0,0.0,,1.0,,,0.0,0.0,1.0,0.0,,1.0,1.0,1.0,1.0,1.0,0.0,0.0,1.0,1.0,1.0,1.0,1.0,1.0,1.0,0.0,0.0,0.0,1.0,0.0,0.0,1.0,0.0,1.0,1.0,0.0,1.0,,,,0.0,0.0,0.0,1.0,0.0,0.0,0.0,,1.0,0.0,,1.0,0.0,0.0,1.0,1.0,1.0,1.0,0.0,1.0,1.0,1.0,1.0,1.0,0.0,0.0,0.0,0.0,,1.0,1.0,0.0,1.0,0.0,1.0,0.0,,0.0,1.0,1.0,1.0,1.0,1.0,1.0,1.0,1.0,1.0,0.0,0.0,0.0,1.0,0.0,1.0,,1.0,1.0,1.0,1.0,1.0,0.0,1.0,1.0,1.0,1.0,0.0,0.0,0.0,1.0,0.0,0.0,,0.0,0.0,1.0,0.0,1.0,1.0,1.0,1.0,0.0,0.0,0.0,0.0,1.0,1.0,1.0,1.0,0.0,0.0,1.0,1.0,1.0,0.0,,,1.0,0.0,1.0,,1.0,0.0,,,0.0,,0.0,0.0,1.0,1.0,,,0.0,1.0,0.0,1.0,0.0,1.0,1.0,0.0,1.0,1.0,1.0,1.0,1.0,1.0,1.0,1.0,0.0,0.0,0.0,0.0,1.0,0.0,0.0,0.0,0.0,,1.0,1.0,0.0,1.0,1.0,0.0,0.0,0.0,1.0,1.0,,,1.0,0.0,0.0,1.0,0.0,0.0,0.0,0.0,,1.0,0.0,0.0,1.0,1.0,0.0,,1.0,0.0,,1.0,1.0,0.0,,0.0,0.0,1.0,0.0,0.0,0.0,0.0,0.0,0.0,1.0,,,1.0,1.0,1.0,,0.0,1.0,1.0,1.0,0.0,0.0,0.0,0.0,0.0,1.0,0.0,0.0,0.0,1.0,0.0,1.0,1.0,1.0,0.0,,0.0,1.0,0.0,0.0,,,,0.0,0.0,,,,0.0,1.0,0.0,1.0,,,0.0,1.0,,1.0,,0.0,0.0,,,0.0,,0.0,,1.0,,0.0,0.0,0.0,1.0,0.0,0.0,1.0,0.0,,1.0,1.0,1.0,,1.0,,0.0,0.0,,,1.0,,1.0,,,0.0,0.0,1.0,1.0,0.0,1.0,,0.0,0.0,1.0,0.0,,,1.0,1.0,,,0.0,,,1.0,1.0,1.0,0.0,0.0,1.0,0.0,,,0.0,,,1.0,,0.0
Zé Vitor,,,1.0,0.0,1.0,1.0,1.0,1.0,1.0,,,1.0,0.0,1.0,,0.0,1.0,1.0,0.0,1.0,1.0,,0.0,1.0,0.0,1.0,1.0,0.0,0.0,1.0,,,0.0,0.0,0.0,0.0,1.0,1.0,,0.0,0.0,0.0,0.0,1.0,,1.0,0.0,1.0,1.0,0.0,0.0,1.0,0.0,1.0,1.0,0.0,0.0,1.0,,1.0,1.0,1.0,1.0,0.0,,1.0,1.0,1.0,0.0,0.0,0.0,,0.0,1.0,0.0,1.0,,,,1.0,1.0,1.0,,,0.0,,1.0,1.0,,1.0,1.0,1.0,,0.0,0.0,1.0,1.0,1.0,,,,0.0,1.0,0.0,0.0,0.0,0.0,1.0,1.0,0.0,0.0,1.0,1.0,1.0,1.0,1.0,0.0,0.0,0.0,0.0,1.0,,0.0,0.0,0.0,1.0,,0.0,0.0,0.0,1.0,0.0,,0.0,,1.0,1.0,1.0,1.0,0.0,0.0,1.0,1.0,1.0,0.0,1.0,,1.0,1.0,0.0,0.0,1.0,1.0,0.0,0.0,0.0,1.0,,,,0.0,0.0,1.0,,1.0,0.0,,,1.0,1.0,1.0,0.0,0.0,1.0,,,,1.0,1.0,1.0,1.0,0.0,0.0,1.0,,1.0,,1.0,1.0,1.0,,0.0,0.0,,,,0.0,0.0,1.0,1.0,0.0,1.0,0.0,,0.0,0.0,0.0,0.0,1.0,0.0,0.0,0.0,,,1.0,,1.0,0.0,0.0,1.0,1.0,1.0,,0.0,1.0,1.0,1.0,1.0,1.0,0.0,,,0.0,1.0,1.0,1.0,0.0,1.0,0.0,0.0,1.0,0.0,,0.0,1.0,,0.0,0.0,1.0,1.0,1.0,1.0,1.0,0.0,0.0,,0.0,1.0,0.0,1.0,,1.0,1.0,1.0,0.0,1.0,1.0,,1.0,1.0,1.0,0.0,0.0,0.0,0.0,1.0,0.0,0.0,0.0,0.0,1.0,1.0,,1.0,0.0,0.0,0.0,0.0,1.0,1.0,1.0,0.0,0.0,,,,,,1.0,0.0,1.0,,1.0,,1.0,,0.0,1.0,,,0.0,0.0,1.0,1.0,1.0,1.0,0.0,1.0,0.0,1.0,0.0,1.0,1.0,1.0,1.0,1.0,0.0,1.0,1.0,1.0,1.0,1.0,0.0,,,0.0,1.0,0.0,,0.0,0.0,0.0,1.0,1.0,0.0,1.0,,,,,,1.0,1.0,1.0,1.0,0.0,0.0,1.0,0.0,,0.0,0.0,0.0,1.0,0.0,0.0,1.0,,0.0,1.0,1.0,0.0,,,1.0,0.0,1.0,,0.0,1.0,,0.0,0.0,,0.0,0.0,0.0,0.0,0.0,1.0,1.0,0.0,,0.0,1.0,1.0,1.0,0.0,0.0,0.0,0.0,0.0,1.0,0.0,0.0,0.0,1.0,0.0,1.0,1.0,1.0,,,,,,0.0,0.0,0.0,1.0,0.0,0.0,,0.0,0.0,0.0,1.0,0.0,1.0,1.0,0.0,,1.0,,1.0,,0.0,0.0,0.0,0.0,0.0,,0.0,0.0,1.0,1.0,0.0,1.0,0.0,,,,1.0,,1.0,1.0,1.0,1.0,0.0,1.0,0.0,0.0,0.0,0.0,0.0,1.0,1.0,1.0,,,,,,,0.0,,1.0,,0.0,1.0,,,,1.0,,0.0,1.0,,,1.0,1.0,,1.0,0.0,,1.0,0.0,,,,,,,,
Átila Lins,0.0,,1.0,,1.0,1.0,1.0,,,,,,,1.0,0.0,1.0,0.0,,,0.0,1.0,,0.0,1.0,,,0.0,1.0,0.0,1.0,,,0.0,0.0,,0.0,,0.0,0.0,0.0,0.0,0.0,0.0,1.0,,,,,1.0,,,1.0,0.0,1.0,1.0,0.0,0.0,1.0,0.0,1.0,1.0,1.0,1.0,,,,1.0,0.0,0.0,,,0.0,0.0,,,1.0,1.0,0.0,1.0,1.0,1.0,,1.0,,,,,,1.0,1.0,1.0,1.0,1.0,0.0,1.0,1.0,1.0,1.0,0.0,,,0.0,1.0,1.0,1.0,1.0,0.0,0.0,1.0,1.0,1.0,0.0,0.0,1.0,1.0,1.0,0.0,0.0,,0.0,1.0,0.0,0.0,0.0,0.0,1.0,1.0,,0.0,0.0,,0.0,,,0.0,1.0,1.0,1.0,1.0,,1.0,1.0,1.0,0.0,1.0,1.0,0.0,1.0,,,0.0,1.0,1.0,0.0,0.0,0.0,1.0,0.0,1.0,1.0,,,,,,,0.0,0.0,1.0,,,,0.0,1.0,0.0,0.0,1.0,1.0,1.0,1.0,1.0,1.0,0.0,1.0,1.0,1.0,,,,,0.0,1.0,0.0,1.0,,0.0,0.0,0.0,,,0.0,1.0,0.0,,0.0,0.0,0.0,0.0,1.0,0.0,0.0,0.0,1.0,1.0,0.0,,1.0,0.0,0.0,1.0,1.0,1.0,1.0,,1.0,1.0,1.0,1.0,1.0,0.0,0.0,,0.0,1.0,1.0,1.0,0.0,1.0,0.0,0.0,0.0,0.0,0.0,0.0,1.0,,,0.0,0.0,1.0,1.0,1.0,1.0,0.0,,1.0,0.0,0.0,0.0,1.0,1.0,1.0,1.0,1.0,1.0,1.0,1.0,,1.0,1.0,,0.0,0.0,0.0,0.0,1.0,,0.0,,,1.0,,1.0,1.0,0.0,0.0,,,1.0,1.0,1.0,0.0,0.0,,1.0,1.0,,,,,1.0,0.0,1.0,,1.0,0.0,0.0,1.0,1.0,0.0,0.0,0.0,,1.0,1.0,1.0,,1.0,0.0,1.0,0.0,1.0,1.0,0.0,,1.0,1.0,1.0,1.0,1.0,1.0,1.0,0.0,,0.0,0.0,1.0,,0.0,0.0,0.0,0.0,1.0,1.0,1.0,0.0,1.0,,0.0,0.0,0.0,,1.0,0.0,,,0.0,,0.0,1.0,0.0,,0.0,1.0,,0.0,1.0,1.0,0.0,1.0,1.0,0.0,,,1.0,0.0,1.0,0.0,0.0,0.0,0.0,0.0,0.0,,0.0,0.0,1.0,0.0,0.0,1.0,1.0,1.0,,0.0,1.0,,1.0,,,0.0,0.0,,1.0,0.0,0.0,0.0,,0.0,1.0,1.0,1.0,0.0,,,,,,,,1.0,0.0,0.0,0.0,0.0,0.0,,,,,1.0,,0.0,1.0,0.0,1.0,,0.0,0.0,0.0,0.0,0.0,,0.0,0.0,1.0,,0.0,1.0,,,,,1.0,1.0,,,,,,,0.0,0.0,0.0,0.0,0.0,1.0,1.0,1.0,,0.0,0.0,0.0,0.0,,,1.0,0.0,0.0,0.0,1.0,0.0,,0.0,1.0,,0.0,1.0,1.0,0.0,,,1.0,1.0,0.0,0.0,1.0,0.0,,,,,,,,
Átila Lira,,,1.0,0.0,1.0,1.0,1.0,1.0,0.0,1.0,0.0,1.0,0.0,1.0,0.0,1.0,0.0,1.0,0.0,0.0,1.0,0.0,0.0,1.0,0.0,1.0,0.0,1.0,0.0,,0.0,1.0,0.0,0.0,0.0,0.0,1.0,1.0,0.0,0.0,0.0,0.0,0.0,1.0,0.0,1.0,0.0,1.0,1.0,0.0,0.0,1.0,0.0,1.0,1.0,1.0,0.0,1.0,0.0,,,1.0,1.0,,,1.0,1.0,1.0,0.0,,0.0,0.0,0.0,1.0,0.0,1.0,1.0,0.0,1.0,1.0,1.0,1.0,1.0,0.0,0.0,1.0,1.0,1.0,1.0,1.0,1.0,1.0,,,0.0,1.0,1.0,1.0,0.0,,,1.0,1.0,1.0,1.0,1.0,0.0,0.0,1.0,1.0,1.0,0.0,0.0,1.0,1.0,1.0,0.0,0.0,0.0,0.0,1.0,0.0,0.0,0.0,0.0,1.0,0.0,0.0,0.0,0.0,1.0,0.0,0.0,0.0,0.0,1.0,1.0,1.0,1.0,0.0,0.0,1.0,,,1.0,1.0,,1.0,,0.0,0.0,1.0,1.0,0.0,0.0,0.0,1.0,0.0,1.0,1.0,0.0,0.0,1.0,0.0,1.0,0.0,0.0,0.0,1.0,1.0,1.0,0.0,0.0,1.0,0.0,0.0,1.0,1.0,1.0,1.0,1.0,1.0,0.0,1.0,1.0,1.0,1.0,1.0,1.0,1.0,,1.0,0.0,1.0,0.0,0.0,0.0,0.0,1.0,1.0,0.0,1.0,0.0,0.0,0.0,0.0,0.0,0.0,1.0,0.0,0.0,0.0,1.0,1.0,0.0,0.0,1.0,0.0,0.0,1.0,1.0,1.0,1.0,0.0,1.0,1.0,1.0,1.0,1.0,0.0,0.0,0.0,0.0,1.0,1.0,1.0,0.0,1.0,0.0,0.0,1.0,0.0,0.0,0.0,1.0,1.0,0.0,0.0,0.0,1.0,,,1.0,,0.0,1.0,0.0,0.0,,1.0,1.0,1.0,1.0,1.0,1.0,1.0,1.0,1.0,1.0,0.0,1.0,0.0,0.0,0.0,0.0,1.0,0.0,0.0,1.0,0.0,0.0,1.0,1.0,1.0,0.0,0.0,0.0,0.0,1.0,1.0,1.0,0.0,0.0,0.0,1.0,1.0,,,,0.0,1.0,0.0,1.0,0.0,1.0,0.0,0.0,1.0,0.0,0.0,0.0,0.0,1.0,1.0,1.0,1.0,0.0,0.0,0.0,1.0,0.0,1.0,1.0,0.0,1.0,1.0,1.0,1.0,1.0,1.0,1.0,1.0,0.0,0.0,0.0,0.0,1.0,0.0,0.0,0.0,0.0,0.0,1.0,1.0,1.0,1.0,1.0,0.0,1.0,0.0,0.0,1.0,1.0,0.0,1.0,0.0,0.0,1.0,0.0,1.0,0.0,0.0,0.0,1.0,1.0,0.0,1.0,1.0,0.0,1.0,1.0,0.0,0.0,,1.0,0.0,1.0,,0.0,1.0,0.0,0.0,0.0,0.0,0.0,0.0,1.0,0.0,0.0,1.0,1.0,1.0,,0.0,1.0,1.0,1.0,0.0,0.0,0.0,0.0,0.0,1.0,0.0,0.0,0.0,1.0,0.0,1.0,1.0,1.0,1.0,1.0,0.0,1.0,0.0,0.0,0.0,0.0,1.0,0.0,0.0,0.0,0.0,,0.0,1.0,0.0,1.0,1.0,0.0,0.0,1.0,0.0,1.0,1.0,0.0,0.0,0.0,,0.0,0.0,0.0,0.0,1.0,1.0,0.0,1.0,0.0,1.0,0.0,0.0,1.0,1.0,1.0,1.0,1.0,1.0,0.0,1.0,0.0,0.0,0.0,0.0,0.0,1.0,1.0,1.0,0.0,0.0,0.0,0.0,1.0,1.0,0.0,1.0,0.0,,0.0,1.0,0.0,0.0,0.0,1.0,1.0,0.0,1.0,1.0,,1.0,1.0,1.0,1.0,0.0,0.0,1.0,0.0,,,,,,,,0.0
Áurea Carolina,1.0,,1.0,1.0,,1.0,1.0,1.0,1.0,,1.0,1.0,1.0,0.0,1.0,1.0,1.0,0.0,1.0,1.0,1.0,0.0,1.0,1.0,,,,,,0.0,,,,,,,,1.0,,1.0,1.0,1.0,0.0,0.0,,0.0,0.0,0.0,0.0,0.0,1.0,0.0,,,,,,0.0,,,0.0,0.0,,,,,1.0,1.0,0.0,0.0,,,,,,0.0,0.0,1.0,,1.0,,0.0,0.0,0.0,1.0,,1.0,1.0,1.0,0.0,0.0,0.0,0.0,1.0,1.0,1.0,,,0.0,0.0,0.0,1.0,0.0,1.0,1.0,1.0,0.0,0.0,1.0,1.0,1.0,0.0,0.0,0.0,0.0,0.0,1.0,0.0,1.0,1.0,0.0,1.0,1.0,0.0,,0.0,0.0,0.0,1.0,,0.0,1.0,1.0,,1.0,0.0,0.0,0.0,,,,,1.0,1.0,0.0,,0.0,,,,,,,,,,,,,,,,,,,,1.0,1.0,,,,0.0,,,,,,,,,,,,,,,,,,0.0,,,,0.0,,,,,,,,,,,1.0,1.0,1.0,1.0,,1.0,1.0,1.0,0.0,1.0,1.0,1.0,,1.0,1.0,0.0,0.0,,0.0,1.0,0.0,0.0,0.0,0.0,0.0,,1.0,,1.0,0.0,,0.0,1.0,0.0,1.0,1.0,,1.0,1.0,1.0,0.0,0.0,,,,,1.0,,0.0,1.0,1.0,,,,,,,,,,,,,1.0,0.0,,0.0,1.0,1.0,1.0,1.0,0.0,0.0,1.0,0.0,1.0,0.0,,,,,,,,,,0.0,,,1.0,0.0,0.0,,,0.0,1.0,0.0,1.0,,1.0,1.0,1.0,,0.0,0.0,1.0,1.0,1.0,0.0,0.0,0.0,,,,,,,,,,,,,,,,,,1.0,1.0,1.0,1.0,0.0,,,,,,,,,,,,,,,,,1.0,,1.0,,0.0,1.0,0.0,1.0,0.0,0.0,0.0,1.0,,,0.0,1.0,0.0,,,0.0,1.0,0.0,1.0,,1.0,1.0,0.0,1.0,1.0,1.0,1.0,1.0,0.0,1.0,1.0,1.0,1.0,1.0,1.0,1.0,1.0,1.0,0.0,,,,,,,,1.0,,1.0,0.0,1.0,0.0,0.0,0.0,,,,,,,1.0,1.0,0.0,,,,,,,,,0.0,0.0,,,0.0,1.0,0.0,0.0,,,,,,,,,,,,,1.0,0.0,0.0,1.0,1.0,1.0,0.0,0.0,0.0,0.0,1.0,0.0,1.0,1.0,1.0,1.0,,0.0,,0.0,1.0,1.0,0.0,1.0,1.0,0.0,1.0,1.0,1.0,1.0,1.0,0.0,1.0,1.0,1.0,0.0,0.0,1.0,,1.0,0.0,0.0,,0.0,1.0,1.0,,,1.0,0.0,0.0,1.0,,0.0,1.0,0.0,1.0
